document_title,document_url,study_cycle,study_region,study_phase,document_type,report_date,report_date_source,discovery_method,discovered_at,object_id,filename,extension,process_stage,publish_date_meta,download_eligible,local_path,download_status,source_file,zip_member,issue,pages,project_id,source_page,extraction_confidence,extraction_method,capacity_mw,network_upgrade_cost
GI DPP 2025 ALL SIS Ph1 FINAL v1.0 PUBLIC 20260324 :: GI DPP 2025 Cycle 1 SIS Phase 1 Final Report.pdf,https://cdn.misoenergy.org/GI-DPP-2025-ALL_SIS_Ph1_FINAL_v1.0_PUBLIC_20260324748615.zip,2025 Cycle,General Documents,Phase1,DPP Phase 1 System Impact Study,2026-03-24,regex:%Y%m%d,optics_api_processstage,2026-09-05T05:53:28Z,748615,GI-DPP-2025-ALL_SIS_Ph1_FINAL_v1.0_PUBLIC_20260324.zip,zip,Definitive Planning Phase (DPP),2026-04-01T21:18:55.413181Z,True,/home/kenneth-enow/X-intern_misochallenge/Team-8-XternChallenge-/data/bronze/enrichment/miso_dpp_studies/files/748615_GI-DPP-2025-ALL_SIS_Ph1_FINAL_v1.0_PUBLIC_20260324.zip__GI_DPP_2025_Cycle_1_SIS_Phase_1_Final_Report.pdf.pdf,ok_from_zip,748615_GI-DPP-2025-ALL_SIS_Ph1_FINAL_v1.0_PUBLIC_20260324.zip__GI_DPP_2025_Cycle_1_SIS_Phase_1_Final_Report.pdf.pdf,GI DPP 2025 Cycle 1 SIS Phase 1 Final Report.pdf,no_whitelist_projects_extracted,7,,,,,,
GI DPP 2023 ALL Ph1 SIS Report v1.0 FINAL PUBLIC 20251203 :: GI DPP 2023 Cycle 1 SIS Phase 1 Final Report.pdf,https://cdn.misoenergy.org/GI-DPP-2023-ALL_Ph1_SIS-Report_v1.0_FINAL_PUBLIC_20251203730460.zip,2023 Cycle,General Documents,Phase1,DPP Phase 1 System Impact Study,2025-12-03,regex:%Y%m%d,optics_api_processstage,2026-09-05T05:53:28Z,730460,GI-DPP-2023-ALL_Ph1_SIS-Report_v1.0_FINAL_PUBLIC_20251203.zip,zip,Definitive Planning Phase (DPP),2025-12-04T16:51:48.646673Z,True,/home/kenneth-enow/X-intern_misochallenge/Team-8-XternChallenge-/data/bronze/enrichment/miso_dpp_studies/files/730460_GI-DPP-2023-ALL_Ph1_SIS-Report_v1.0_FINAL_PUBLIC_20251203.zip__GI_DPP_2023_Cycle_1_SIS_Phase_1_Final_Report.pdf.pdf,ok_from_zip,730460_GI-DPP-2023-ALL_Ph1_SIS-Report_v1.0_FINAL_PUBLIC_20251203.zip__GI_DPP_2023_Cycle_1_SIS_Phase_1_Final_Report.pdf.pdf,GI DPP 2023 Cycle 1 SIS Phase 1 Final Report.pdf,no_whitelist_projects_extracted,7,,,,,,
,,2021 Cycle,East-ATC,Unknown,System Impact Study,2025-11-05,,,,,,,,,,,,726302_Final_System_Impact_Study_Report-DPP_2021_Cycle_Phase_3_PUBLIC_20251105.pdf.pdf,,low_extraction_confidence,,J1410,9,0.5,pdfplumber,,
,,2021 Cycle,East-ATC,Unknown,System Impact Study,2025-11-05,,,,,,,,,,,,726302_Final_System_Impact_Study_Report-DPP_2021_Cycle_Phase_3_PUBLIC_20251105.pdf.pdf,,low_extraction_confidence,,J1411,9,0.5,pdfplumber,,
,,2021 Cycle,East-ATC,Unknown,System Impact Study,2025-11-05,,,,,,,,,,,,726302_Final_System_Impact_Study_Report-DPP_2021_Cycle_Phase_3_PUBLIC_20251105.pdf.pdf,,low_extraction_confidence,,J1629,9,0.5,pdfplumber,,
,,2021 Cycle,East-ATC,Unknown,System Impact Study,2025-11-05,,,,,,,,,,,,726302_Final_System_Impact_Study_Report-DPP_2021_Cycle_Phase_3_PUBLIC_20251105.pdf.pdf,,low_extraction_confidence,,J2074,9,0.5,pdfplumber,,
,,2021 Cycle,East-ATC,Unknown,System Impact Study,2025-11-05,,,,,,,,,,,,726302_Final_System_Impact_Study_Report-DPP_2021_Cycle_Phase_3_PUBLIC_20251105.pdf.pdf,,low_extraction_confidence,,J2218,29,0.5,pdfplumber,,
,,2021 Cycle,East-ATC,Unknown,System Impact Study,2025-11-05,,,,,,,,,,,,726302_Final_System_Impact_Study_Report-DPP_2021_Cycle_Phase_3_PUBLIC_20251105.pdf.pdf,,low_extraction_confidence,,J850,32,0.5,pdfplumber,,
,,2021 Cycle,East-ATC,Unknown,System Impact Study,2025-11-05,,,,,,,,,,,,726302_Final_System_Impact_Study_Report-DPP_2021_Cycle_Phase_3_PUBLIC_20251105.pdf.pdf,,low_extraction_confidence,,J878,32,0.5,pdfplumber,,
,,2021 Cycle,East-ATC,Unknown,System Impact Study,2025-11-05,,,,,,,,,,,,726302_Final_System_Impact_Study_Report-DPP_2021_Cycle_Phase_3_PUBLIC_20251105.pdf.pdf,,low_extraction_confidence,,J1316,32,0.5,pdfplumber,,
,,2021 Cycle,East-ATC,Unknown,System Impact Study,2025-11-05,,,,,,,,,,,,726302_Final_System_Impact_Study_Report-DPP_2021_Cycle_Phase_3_PUBLIC_20251105.pdf.pdf,,low_extraction_confidence,,J1778,32,0.5,pdfplumber,,
,,2021 Cycle,East-ATC,Unknown,System Impact Study,2025-11-05,,,,,,,,,,,,726302_Final_System_Impact_Study_Report-DPP_2021_Cycle_Phase_3_PUBLIC_20251105.pdf.pdf,,low_extraction_confidence,,J1483,32,0.5,pdfplumber,,
,,2021 Cycle,East-ATC,Unknown,System Impact Study,2025-11-05,,,,,,,,,,,,726302_Final_System_Impact_Study_Report-DPP_2021_Cycle_Phase_3_PUBLIC_20251105.pdf.pdf,,low_extraction_confidence,,J1781,32,0.5,pdfplumber,,
,,2021 Cycle,East-ATC,Unknown,System Impact Study,2025-11-05,,,,,,,,,,,,726302_Final_System_Impact_Study_Report-DPP_2021_Cycle_Phase_3_PUBLIC_20251105.pdf.pdf,,low_extraction_confidence,,J855,32,0.5,pdfplumber,,
,,2021 Cycle,East-ATC,Unknown,System Impact Study,2025-11-05,,,,,,,,,,,,726302_Final_System_Impact_Study_Report-DPP_2021_Cycle_Phase_3_PUBLIC_20251105.pdf.pdf,,low_extraction_confidence,,J1374,32,0.5,pdfplumber,,
,,2021 Cycle,East-ATC,Unknown,System Impact Study,2025-11-05,,,,,,,,,,,,726302_Final_System_Impact_Study_Report-DPP_2021_Cycle_Phase_3_PUBLIC_20251105.pdf.pdf,,low_extraction_confidence,,J870,32,0.5,pdfplumber,,
,,2021 Cycle,East-ATC,Unknown,System Impact Study,2025-11-05,,,,,,,,,,,,726302_Final_System_Impact_Study_Report-DPP_2021_Cycle_Phase_3_PUBLIC_20251105.pdf.pdf,,low_extraction_confidence,,J871,32,0.5,pdfplumber,,
,,2021 Cycle,East-ATC,Unknown,System Impact Study,2025-11-05,,,,,,,,,,,,726302_Final_System_Impact_Study_Report-DPP_2021_Cycle_Phase_3_PUBLIC_20251105.pdf.pdf,,low_extraction_confidence,,J1773,32,0.5,pdfplumber,,
,,2021 Cycle,East-ATC,Unknown,System Impact Study,2025-11-05,,,,,,,,,,,,726302_Final_System_Impact_Study_Report-DPP_2021_Cycle_Phase_3_PUBLIC_20251105.pdf.pdf,,low_extraction_confidence,,J1000,32,0.5,pdfplumber,,
,,2021 Cycle,East-ATC,Unknown,System Impact Study,2025-11-05,,,,,,,,,,,,726302_Final_System_Impact_Study_Report-DPP_2021_Cycle_Phase_3_PUBLIC_20251105.pdf.pdf,,low_extraction_confidence,,J1746,32,0.5,pdfplumber,,
,,2021 Cycle,East-ATC,Unknown,System Impact Study,2025-11-05,,,,,,,,,,,,726302_Final_System_Impact_Study_Report-DPP_2021_Cycle_Phase_3_PUBLIC_20251105.pdf.pdf,,low_extraction_confidence,,J1732,32,0.5,pdfplumber,,
,,2021 Cycle,East-ATC,Unknown,System Impact Study,2025-11-05,,,,,,,,,,,,726302_Final_System_Impact_Study_Report-DPP_2021_Cycle_Phase_3_PUBLIC_20251105.pdf.pdf,,low_extraction_confidence,,J1814,32,0.5,pdfplumber,,
,,2021 Cycle,East-ATC,Unknown,System Impact Study,2025-11-05,,,,,,,,,,,,726302_Final_System_Impact_Study_Report-DPP_2021_Cycle_Phase_3_PUBLIC_20251105.pdf.pdf,,low_extraction_confidence,,J1573,33,0.5,pdfplumber,,
,,2021 Cycle,East-ATC,Unknown,System Impact Study,2025-11-05,,,,,,,,,,,,726302_Final_System_Impact_Study_Report-DPP_2021_Cycle_Phase_3_PUBLIC_20251105.pdf.pdf,,low_extraction_confidence,,J1513,33,0.5,pdfplumber,,
,,2021 Cycle,East-ATC,Unknown,System Impact Study,2025-11-05,,,,,,,,,,,,726302_Final_System_Impact_Study_Report-DPP_2021_Cycle_Phase_3_PUBLIC_20251105.pdf.pdf,,low_extraction_confidence,,J1002,33,0.5,pdfplumber,,
,,2021 Cycle,East-ATC,Unknown,System Impact Study,2025-11-05,,,,,,,,,,,,726302_Final_System_Impact_Study_Report-DPP_2021_Cycle_Phase_3_PUBLIC_20251105.pdf.pdf,,low_extraction_confidence,,J986,33,0.5,pdfplumber,,
,,2021 Cycle,East-ATC,Unknown,System Impact Study,2025-11-05,,,,,,,,,,,,726302_Final_System_Impact_Study_Report-DPP_2021_Cycle_Phase_3_PUBLIC_20251105.pdf.pdf,,low_extraction_confidence,,J1751,33,0.5,pdfplumber,,
,,2021 Cycle,East-ATC,Unknown,System Impact Study,2025-11-05,,,,,,,,,,,,726302_Final_System_Impact_Study_Report-DPP_2021_Cycle_Phase_3_PUBLIC_20251105.pdf.pdf,,low_extraction_confidence,,J1214,33,0.5,pdfplumber,,
,,2021 Cycle,East-ATC,Unknown,System Impact Study,2025-11-05,,,,,,,,,,,,726302_Final_System_Impact_Study_Report-DPP_2021_Cycle_Phase_3_PUBLIC_20251105.pdf.pdf,,low_extraction_confidence,,J1326,33,0.5,pdfplumber,,
,,2021 Cycle,East-ATC,Unknown,System Impact Study,2025-11-05,,,,,,,,,,,,726302_Final_System_Impact_Study_Report-DPP_2021_Cycle_Phase_3_PUBLIC_20251105.pdf.pdf,,low_extraction_confidence,,J1779,33,0.5,pdfplumber,,
,,2021 Cycle,East-ATC,Unknown,System Impact Study,2025-11-05,,,,,,,,,,,,726302_Final_System_Impact_Study_Report-DPP_2021_Cycle_Phase_3_PUBLIC_20251105.pdf.pdf,,low_extraction_confidence,,J1377,33,0.5,pdfplumber,,
,,2021 Cycle,East-ATC,Unknown,System Impact Study,2025-11-05,,,,,,,,,,,,726302_Final_System_Impact_Study_Report-DPP_2021_Cycle_Phase_3_PUBLIC_20251105.pdf.pdf,,low_extraction_confidence,,J2017,36,0.5,pdfplumber,,
,,2021 Cycle,East-ATC,Unknown,System Impact Study,2025-11-05,,,,,,,,,,,,726302_Final_System_Impact_Study_Report-DPP_2021_Cycle_Phase_3_PUBLIC_20251105.pdf.pdf,,low_extraction_confidence,,J864,45,0.5,pdfplumber,,
,,2021 Cycle,East-ATC,Unknown,System Impact Study,2025-11-05,,,,,,,,,,,,726302_Final_System_Impact_Study_Report-DPP_2021_Cycle_Phase_3_PUBLIC_20251105.pdf.pdf,,low_extraction_confidence,,J947,45,0.5,pdfplumber,,
,,2021 Cycle,East-ATC,Unknown,System Impact Study,2025-11-05,,,,,,,,,,,,726302_Final_System_Impact_Study_Report-DPP_2021_Cycle_Phase_3_PUBLIC_20251105.pdf.pdf,,low_extraction_confidence,,J1188,45,0.5,pdfplumber,,
,,2021 Cycle,East-ATC,Unknown,System Impact Study,2025-11-05,,,,,,,,,,,,726302_Final_System_Impact_Study_Report-DPP_2021_Cycle_Phase_3_PUBLIC_20251105.pdf.pdf,,low_extraction_confidence,,J1304,45,0.5,pdfplumber,,
,,2021 Cycle,East-ATC,Unknown,System Impact Study,2025-11-05,,,,,,,,,,,,726302_Final_System_Impact_Study_Report-DPP_2021_Cycle_Phase_3_PUBLIC_20251105.pdf.pdf,,low_extraction_confidence,,J1305,45,0.5,pdfplumber,,
,,2021 Cycle,East-ATC,Unknown,System Impact Study,2025-11-05,,,,,,,,,,,,726302_Final_System_Impact_Study_Report-DPP_2021_Cycle_Phase_3_PUBLIC_20251105.pdf.pdf,,low_extraction_confidence,,J1706,45,0.5,pdfplumber,,
,,2021 Cycle,East-ATC,Unknown,System Impact Study,2025-11-05,,,,,,,,,,,,726302_Final_System_Impact_Study_Report-DPP_2021_Cycle_Phase_3_PUBLIC_20251105.pdf.pdf,,low_extraction_confidence,,J2117,46,0.5,pdfplumber,,
,,2021 Cycle,East-ATC,Unknown,System Impact Study,2025-11-05,,,,,,,,,,,,726302_Final_System_Impact_Study_Report-DPP_2021_Cycle_Phase_3_PUBLIC_20251105.pdf.pdf,,low_extraction_confidence,,J1567,46,0.5,pdfplumber,,
,,2021 Cycle,East-ATC,Unknown,System Impact Study,2025-11-05,,,,,,,,,,,,726302_Final_System_Impact_Study_Report-DPP_2021_Cycle_Phase_3_PUBLIC_20251105.pdf.pdf,,low_extraction_confidence,,J395,47,0.5,pdfplumber,,
,,2021 Cycle,East-ATC,Unknown,System Impact Study,2025-11-05,,,,,,,,,,,,726302_Final_System_Impact_Study_Report-DPP_2021_Cycle_Phase_3_PUBLIC_20251105.pdf.pdf,,low_extraction_confidence,,J1502,49,0.5,pdfplumber,,
,,2021 Cycle,East-ATC,Unknown,System Impact Study,2025-11-05,,,,,,,,,,,,726302_Final_System_Impact_Study_Report-DPP_2021_Cycle_Phase_3_PUBLIC_20251105.pdf.pdf,,low_extraction_confidence,,J2293,51,0.5,pdfplumber,,
,,2021 Cycle,East-ATC,Unknown,System Impact Study,2025-11-05,,,,,,,,,,,,726302_Final_System_Impact_Study_Report-DPP_2021_Cycle_Phase_3_PUBLIC_20251105.pdf.pdf,,low_extraction_confidence,,J1363,58,0.5,pdfplumber,,
,,2021 Cycle,East-ATC,Unknown,System Impact Study,2025-11-05,,,,,,,,,,,,726302_Final_System_Impact_Study_Report-DPP_2021_Cycle_Phase_3_PUBLIC_20251105.pdf.pdf,,low_extraction_confidence,,J1352,58,0.5,pdfplumber,,
,,2021 Cycle,East-ATC,Unknown,System Impact Study,2025-11-05,,,,,,,,,,,,726302_Final_System_Impact_Study_Report-DPP_2021_Cycle_Phase_3_PUBLIC_20251105.pdf.pdf,,low_extraction_confidence,,J1338,58,0.5,pdfplumber,,
,,2022 Cycle,General Documents,Phase1,DPP Phase 1 System Impact Study,2025-07-15,,,,,,,,,,,,707921_GI-DPP-2022-Ph1-All-Regions_SIS_Report_R1_PUBLIC_20250715.zip__GI_DPP_2022_Cycle_1_SIS_Phase_1_Final_Report_Rev1.pdf.pdf,,low_extraction_confidence,,J3083,1,0.5,pdfplumber,,
,,2022 Cycle,General Documents,Phase1,DPP Phase 1 System Impact Study,2025-07-15,,,,,,,,,,,,707921_GI-DPP-2022-Ph1-All-Regions_SIS_Report_R1_PUBLIC_20250715.zip__GI_DPP_2022_Cycle_1_SIS_Phase_1_Final_Report_Rev1.pdf.pdf,,low_extraction_confidence,,J2350,1,0.5,pdfplumber,,
,,2022 Cycle,General Documents,Phase1,DPP Phase 1 System Impact Study,2025-07-15,,,,,,,,,,,,707921_GI-DPP-2022-Ph1-All-Regions_SIS_Report_R1_PUBLIC_20250715.zip__GI_DPP_2022_Cycle_1_SIS_Phase_1_Final_Report_Rev1.pdf.pdf,,low_extraction_confidence,,J2799,1,0.5,pdfplumber,,
,,2022 Cycle,General Documents,Phase1,DPP Phase 1 System Impact Study,2025-07-15,,,,,,,,,,,,707921_GI-DPP-2022-Ph1-All-Regions_SIS_Report_R1_PUBLIC_20250715.zip__GI_DPP_2022_Cycle_1_SIS_Phase_1_Final_Report_Rev1.pdf.pdf,,low_extraction_confidence,,J2600,5,0.5,pdfplumber,,
,,2022 Cycle,General Documents,Phase1,DPP Phase 1 System Impact Study,2025-07-15,,,,,,,,,,,,707921_GI-DPP-2022-Ph1-All-Regions_SIS_Report_R1_PUBLIC_20250715.zip__GI_DPP_2022_Cycle_1_SIS_Phase_1_Final_Report_Rev1.pdf.pdf,,low_extraction_confidence,,J2861,5,0.5,pdfplumber,,
,,2022 Cycle,General Documents,Phase1,DPP Phase 1 System Impact Study,2025-07-15,,,,,,,,,,,,707921_GI-DPP-2022-Ph1-All-Regions_SIS_Report_R1_PUBLIC_20250715.zip__GI_DPP_2022_Cycle_1_SIS_Phase_1_Final_Report_Rev1.pdf.pdf,,low_extraction_confidence,,J2863,5,0.5,pdfplumber,,
,,2022 Cycle,General Documents,Phase1,DPP Phase 1 System Impact Study,2025-07-15,,,,,,,,,,,,707921_GI-DPP-2022-Ph1-All-Regions_SIS_Report_R1_PUBLIC_20250715.zip__GI_DPP_2022_Cycle_1_SIS_Phase_1_Final_Report_Rev1.pdf.pdf,,low_extraction_confidence,,J3198,5,0.5,pdfplumber,,
,,2022 Cycle,General Documents,Phase1,DPP Phase 1 System Impact Study,2025-07-15,,,,,,,,,,,,707921_GI-DPP-2022-Ph1-All-Regions_SIS_Report_R1_PUBLIC_20250715.zip__GI_DPP_2022_Cycle_1_SIS_Phase_1_Final_Report_Rev1.pdf.pdf,,low_extraction_confidence,,J2495,6,0.5,pdfplumber,,
,,2022 Cycle,General Documents,Phase1,DPP Phase 1 System Impact Study,2025-07-15,,,,,,,,,,,,707921_GI-DPP-2022-Ph1-All-Regions_SIS_Report_R1_PUBLIC_20250715.zip__GI_DPP_2022_Cycle_1_SIS_Phase_1_Final_Report_Rev1.pdf.pdf,,low_extraction_confidence,,J2608,6,0.5,pdfplumber,,
,,2022 Cycle,General Documents,Phase1,DPP Phase 1 System Impact Study,2025-07-15,,,,,,,,,,,,707921_GI-DPP-2022-Ph1-All-Regions_SIS_Report_R1_PUBLIC_20250715.zip__GI_DPP_2022_Cycle_1_SIS_Phase_1_Final_Report_Rev1.pdf.pdf,,low_extraction_confidence,,J3051,6,0.5,pdfplumber,,
,,2022 Cycle,General Documents,Phase1,DPP Phase 1 System Impact Study,2025-07-15,,,,,,,,,,,,707921_GI-DPP-2022-Ph1-All-Regions_SIS_Report_R1_PUBLIC_20250715.zip__GI_DPP_2022_Cycle_1_SIS_Phase_1_Final_Report_Rev1.pdf.pdf,,low_extraction_confidence,,J3172,6,0.5,pdfplumber,,
,,2022 Cycle,General Documents,Phase1,DPP Phase 1 System Impact Study,2025-07-15,,,,,,,,,,,,707921_GI-DPP-2022-Ph1-All-Regions_SIS_Report_R1_PUBLIC_20250715.zip__GI_DPP_2022_Cycle_1_SIS_Phase_1_Final_Report_Rev1.pdf.pdf,,low_extraction_confidence,,J2322,8,0.5,pdfplumber,,
,,2022 Cycle,General Documents,Phase1,DPP Phase 1 System Impact Study,2025-07-15,,,,,,,,,,,,707921_GI-DPP-2022-Ph1-All-Regions_SIS_Report_R1_PUBLIC_20250715.zip__GI_DPP_2022_Cycle_1_SIS_Phase_1_Final_Report_Rev1.pdf.pdf,,low_extraction_confidence,,J2323,8,0.5,pdfplumber,,
,,2022 Cycle,General Documents,Phase1,DPP Phase 1 System Impact Study,2025-07-15,,,,,,,,,,,,707921_GI-DPP-2022-Ph1-All-Regions_SIS_Report_R1_PUBLIC_20250715.zip__GI_DPP_2022_Cycle_1_SIS_Phase_1_Final_Report_Rev1.pdf.pdf,,low_extraction_confidence,,J2324,8,0.5,pdfplumber,,
,,2022 Cycle,General Documents,Phase1,DPP Phase 1 System Impact Study,2025-07-15,,,,,,,,,,,,707921_GI-DPP-2022-Ph1-All-Regions_SIS_Report_R1_PUBLIC_20250715.zip__GI_DPP_2022_Cycle_1_SIS_Phase_1_Final_Report_Rev1.pdf.pdf,,low_extraction_confidence,,J2326,8,0.5,pdfplumber,,
,,2022 Cycle,General Documents,Phase1,DPP Phase 1 System Impact Study,2025-07-15,,,,,,,,,,,,707921_GI-DPP-2022-Ph1-All-Regions_SIS_Report_R1_PUBLIC_20250715.zip__GI_DPP_2022_Cycle_1_SIS_Phase_1_Final_Report_Rev1.pdf.pdf,,low_extraction_confidence,,J2327,8,0.5,pdfplumber,,
,,2022 Cycle,General Documents,Phase1,DPP Phase 1 System Impact Study,2025-07-15,,,,,,,,,,,,707921_GI-DPP-2022-Ph1-All-Regions_SIS_Report_R1_PUBLIC_20250715.zip__GI_DPP_2022_Cycle_1_SIS_Phase_1_Final_Report_Rev1.pdf.pdf,,low_extraction_confidence,,J2328,8,0.5,pdfplumber,,
,,2022 Cycle,General Documents,Phase1,DPP Phase 1 System Impact Study,2025-07-15,,,,,,,,,,,,707921_GI-DPP-2022-Ph1-All-Regions_SIS_Report_R1_PUBLIC_20250715.zip__GI_DPP_2022_Cycle_1_SIS_Phase_1_Final_Report_Rev1.pdf.pdf,,low_extraction_confidence,,J2329,8,0.5,pdfplumber,,
,,2022 Cycle,General Documents,Phase1,DPP Phase 1 System Impact Study,2025-07-15,,,,,,,,,,,,707921_GI-DPP-2022-Ph1-All-Regions_SIS_Report_R1_PUBLIC_20250715.zip__GI_DPP_2022_Cycle_1_SIS_Phase_1_Final_Report_Rev1.pdf.pdf,,low_extraction_confidence,,J2330,8,0.5,pdfplumber,,
,,2022 Cycle,General Documents,Phase1,DPP Phase 1 System Impact Study,2025-07-15,,,,,,,,,,,,707921_GI-DPP-2022-Ph1-All-Regions_SIS_Report_R1_PUBLIC_20250715.zip__GI_DPP_2022_Cycle_1_SIS_Phase_1_Final_Report_Rev1.pdf.pdf,,low_extraction_confidence,,J2332,8,0.5,pdfplumber,,
,,2022 Cycle,General Documents,Phase1,DPP Phase 1 System Impact Study,2025-07-15,,,,,,,,,,,,707921_GI-DPP-2022-Ph1-All-Regions_SIS_Report_R1_PUBLIC_20250715.zip__GI_DPP_2022_Cycle_1_SIS_Phase_1_Final_Report_Rev1.pdf.pdf,,low_extraction_confidence,,J2333,8,0.5,pdfplumber,,
,,2022 Cycle,General Documents,Phase1,DPP Phase 1 System Impact Study,2025-07-15,,,,,,,,,,,,707921_GI-DPP-2022-Ph1-All-Regions_SIS_Report_R1_PUBLIC_20250715.zip__GI_DPP_2022_Cycle_1_SIS_Phase_1_Final_Report_Rev1.pdf.pdf,,low_extraction_confidence,,J2334,8,0.5,pdfplumber,,
,,2022 Cycle,General Documents,Phase1,DPP Phase 1 System Impact Study,2025-07-15,,,,,,,,,,,,707921_GI-DPP-2022-Ph1-All-Regions_SIS_Report_R1_PUBLIC_20250715.zip__GI_DPP_2022_Cycle_1_SIS_Phase_1_Final_Report_Rev1.pdf.pdf,,low_extraction_confidence,,J2335,8,0.5,pdfplumber,,
,,2022 Cycle,General Documents,Phase1,DPP Phase 1 System Impact Study,2025-07-15,,,,,,,,,,,,707921_GI-DPP-2022-Ph1-All-Regions_SIS_Report_R1_PUBLIC_20250715.zip__GI_DPP_2022_Cycle_1_SIS_Phase_1_Final_Report_Rev1.pdf.pdf,,low_extraction_confidence,,J1573,8,0.5,pdfplumber,,
,,2022 Cycle,General Documents,Phase1,DPP Phase 1 System Impact Study,2025-07-15,,,,,,,,,,,,707921_GI-DPP-2022-Ph1-All-Regions_SIS_Report_R1_PUBLIC_20250715.zip__GI_DPP_2022_Cycle_1_SIS_Phase_1_Final_Report_Rev1.pdf.pdf,,low_extraction_confidence,,J2336,8,0.5,pdfplumber,,
,,2022 Cycle,General Documents,Phase1,DPP Phase 1 System Impact Study,2025-07-15,,,,,,,,,,,,707921_GI-DPP-2022-Ph1-All-Regions_SIS_Report_R1_PUBLIC_20250715.zip__GI_DPP_2022_Cycle_1_SIS_Phase_1_Final_Report_Rev1.pdf.pdf,,low_extraction_confidence,,J2337,8,0.5,pdfplumber,,
,,2022 Cycle,General Documents,Phase1,DPP Phase 1 System Impact Study,2025-07-15,,,,,,,,,,,,707921_GI-DPP-2022-Ph1-All-Regions_SIS_Report_R1_PUBLIC_20250715.zip__GI_DPP_2022_Cycle_1_SIS_Phase_1_Final_Report_Rev1.pdf.pdf,,low_extraction_confidence,,J2338,8,0.5,pdfplumber,,
,,2022 Cycle,General Documents,Phase1,DPP Phase 1 System Impact Study,2025-07-15,,,,,,,,,,,,707921_GI-DPP-2022-Ph1-All-Regions_SIS_Report_R1_PUBLIC_20250715.zip__GI_DPP_2022_Cycle_1_SIS_Phase_1_Final_Report_Rev1.pdf.pdf,,low_extraction_confidence,,J2339,8,0.5,pdfplumber,,
,,2022 Cycle,General Documents,Phase1,DPP Phase 1 System Impact Study,2025-07-15,,,,,,,,,,,,707921_GI-DPP-2022-Ph1-All-Regions_SIS_Report_R1_PUBLIC_20250715.zip__GI_DPP_2022_Cycle_1_SIS_Phase_1_Final_Report_Rev1.pdf.pdf,,low_extraction_confidence,,J2340,8,0.5,pdfplumber,,
,,2022 Cycle,General Documents,Phase1,DPP Phase 1 System Impact Study,2025-07-15,,,,,,,,,,,,707921_GI-DPP-2022-Ph1-All-Regions_SIS_Report_R1_PUBLIC_20250715.zip__GI_DPP_2022_Cycle_1_SIS_Phase_1_Final_Report_Rev1.pdf.pdf,,low_extraction_confidence,,J2341,8,0.5,pdfplumber,,
,,2022 Cycle,General Documents,Phase1,DPP Phase 1 System Impact Study,2025-07-15,,,,,,,,,,,,707921_GI-DPP-2022-Ph1-All-Regions_SIS_Report_R1_PUBLIC_20250715.zip__GI_DPP_2022_Cycle_1_SIS_Phase_1_Final_Report_Rev1.pdf.pdf,,low_extraction_confidence,,J2342,8,0.5,pdfplumber,,
,,2022 Cycle,General Documents,Phase1,DPP Phase 1 System Impact Study,2025-07-15,,,,,,,,,,,,707921_GI-DPP-2022-Ph1-All-Regions_SIS_Report_R1_PUBLIC_20250715.zip__GI_DPP_2022_Cycle_1_SIS_Phase_1_Final_Report_Rev1.pdf.pdf,,low_extraction_confidence,,J2343,8,0.5,pdfplumber,,
,,2022 Cycle,General Documents,Phase1,DPP Phase 1 System Impact Study,2025-07-15,,,,,,,,,,,,707921_GI-DPP-2022-Ph1-All-Regions_SIS_Report_R1_PUBLIC_20250715.zip__GI_DPP_2022_Cycle_1_SIS_Phase_1_Final_Report_Rev1.pdf.pdf,,low_extraction_confidence,,J2344,8,0.5,pdfplumber,,
,,2022 Cycle,General Documents,Phase1,DPP Phase 1 System Impact Study,2025-07-15,,,,,,,,,,,,707921_GI-DPP-2022-Ph1-All-Regions_SIS_Report_R1_PUBLIC_20250715.zip__GI_DPP_2022_Cycle_1_SIS_Phase_1_Final_Report_Rev1.pdf.pdf,,low_extraction_confidence,,J2345,8,0.5,pdfplumber,,
,,2022 Cycle,General Documents,Phase1,DPP Phase 1 System Impact Study,2025-07-15,,,,,,,,,,,,707921_GI-DPP-2022-Ph1-All-Regions_SIS_Report_R1_PUBLIC_20250715.zip__GI_DPP_2022_Cycle_1_SIS_Phase_1_Final_Report_Rev1.pdf.pdf,,low_extraction_confidence,,J2346,8,0.5,pdfplumber,,
,,2022 Cycle,General Documents,Phase1,DPP Phase 1 System Impact Study,2025-07-15,,,,,,,,,,,,707921_GI-DPP-2022-Ph1-All-Regions_SIS_Report_R1_PUBLIC_20250715.zip__GI_DPP_2022_Cycle_1_SIS_Phase_1_Final_Report_Rev1.pdf.pdf,,low_extraction_confidence,,J2347,8,0.5,pdfplumber,,
,,2022 Cycle,General Documents,Phase1,DPP Phase 1 System Impact Study,2025-07-15,,,,,,,,,,,,707921_GI-DPP-2022-Ph1-All-Regions_SIS_Report_R1_PUBLIC_20250715.zip__GI_DPP_2022_Cycle_1_SIS_Phase_1_Final_Report_Rev1.pdf.pdf,,low_extraction_confidence,,J2348,8,0.5,pdfplumber,,
,,2022 Cycle,General Documents,Phase1,DPP Phase 1 System Impact Study,2025-07-15,,,,,,,,,,,,707921_GI-DPP-2022-Ph1-All-Regions_SIS_Report_R1_PUBLIC_20250715.zip__GI_DPP_2022_Cycle_1_SIS_Phase_1_Final_Report_Rev1.pdf.pdf,,low_extraction_confidence,,J2349,8,0.5,pdfplumber,,
,,2022 Cycle,General Documents,Phase1,DPP Phase 1 System Impact Study,2025-07-15,,,,,,,,,,,,707921_GI-DPP-2022-Ph1-All-Regions_SIS_Report_R1_PUBLIC_20250715.zip__GI_DPP_2022_Cycle_1_SIS_Phase_1_Final_Report_Rev1.pdf.pdf,,low_extraction_confidence,,J2134,8,0.5,pdfplumber,,
,,2022 Cycle,General Documents,Phase1,DPP Phase 1 System Impact Study,2025-07-15,,,,,,,,,,,,707921_GI-DPP-2022-Ph1-All-Regions_SIS_Report_R1_PUBLIC_20250715.zip__GI_DPP_2022_Cycle_1_SIS_Phase_1_Final_Report_Rev1.pdf.pdf,,low_extraction_confidence,,J2351,8,0.5,pdfplumber,,
,,2022 Cycle,General Documents,Phase1,DPP Phase 1 System Impact Study,2025-07-15,,,,,,,,,,,,707921_GI-DPP-2022-Ph1-All-Regions_SIS_Report_R1_PUBLIC_20250715.zip__GI_DPP_2022_Cycle_1_SIS_Phase_1_Final_Report_Rev1.pdf.pdf,,low_extraction_confidence,,J2352,8,0.5,pdfplumber,,
,,2022 Cycle,General Documents,Phase1,DPP Phase 1 System Impact Study,2025-07-15,,,,,,,,,,,,707921_GI-DPP-2022-Ph1-All-Regions_SIS_Report_R1_PUBLIC_20250715.zip__GI_DPP_2022_Cycle_1_SIS_Phase_1_Final_Report_Rev1.pdf.pdf,,low_extraction_confidence,,J2353,8,0.5,pdfplumber,,
,,2022 Cycle,General Documents,Phase1,DPP Phase 1 System Impact Study,2025-07-15,,,,,,,,,,,,707921_GI-DPP-2022-Ph1-All-Regions_SIS_Report_R1_PUBLIC_20250715.zip__GI_DPP_2022_Cycle_1_SIS_Phase_1_Final_Report_Rev1.pdf.pdf,,low_extraction_confidence,,J2354,8,0.5,pdfplumber,,
,,2022 Cycle,General Documents,Phase1,DPP Phase 1 System Impact Study,2025-07-15,,,,,,,,,,,,707921_GI-DPP-2022-Ph1-All-Regions_SIS_Report_R1_PUBLIC_20250715.zip__GI_DPP_2022_Cycle_1_SIS_Phase_1_Final_Report_Rev1.pdf.pdf,,low_extraction_confidence,,J2355,8,0.5,pdfplumber,,
,,2022 Cycle,General Documents,Phase1,DPP Phase 1 System Impact Study,2025-07-15,,,,,,,,,,,,707921_GI-DPP-2022-Ph1-All-Regions_SIS_Report_R1_PUBLIC_20250715.zip__GI_DPP_2022_Cycle_1_SIS_Phase_1_Final_Report_Rev1.pdf.pdf,,low_extraction_confidence,,J2357,8,0.5,pdfplumber,,
,,2022 Cycle,General Documents,Phase1,DPP Phase 1 System Impact Study,2025-07-15,,,,,,,,,,,,707921_GI-DPP-2022-Ph1-All-Regions_SIS_Report_R1_PUBLIC_20250715.zip__GI_DPP_2022_Cycle_1_SIS_Phase_1_Final_Report_Rev1.pdf.pdf,,low_extraction_confidence,,J2358,8,0.5,pdfplumber,,
,,2022 Cycle,General Documents,Phase1,DPP Phase 1 System Impact Study,2025-07-15,,,,,,,,,,,,707921_GI-DPP-2022-Ph1-All-Regions_SIS_Report_R1_PUBLIC_20250715.zip__GI_DPP_2022_Cycle_1_SIS_Phase_1_Final_Report_Rev1.pdf.pdf,,low_extraction_confidence,,J2359,8,0.5,pdfplumber,,
,,2022 Cycle,General Documents,Phase1,DPP Phase 1 System Impact Study,2025-07-15,,,,,,,,,,,,707921_GI-DPP-2022-Ph1-All-Regions_SIS_Report_R1_PUBLIC_20250715.zip__GI_DPP_2022_Cycle_1_SIS_Phase_1_Final_Report_Rev1.pdf.pdf,,low_extraction_confidence,,J2360,8,0.5,pdfplumber,,
,,2022 Cycle,General Documents,Phase1,DPP Phase 1 System Impact Study,2025-07-15,,,,,,,,,,,,707921_GI-DPP-2022-Ph1-All-Regions_SIS_Report_R1_PUBLIC_20250715.zip__GI_DPP_2022_Cycle_1_SIS_Phase_1_Final_Report_Rev1.pdf.pdf,,low_extraction_confidence,,J2362,8,0.5,pdfplumber,,
,,2022 Cycle,General Documents,Phase1,DPP Phase 1 System Impact Study,2025-07-15,,,,,,,,,,,,707921_GI-DPP-2022-Ph1-All-Regions_SIS_Report_R1_PUBLIC_20250715.zip__GI_DPP_2022_Cycle_1_SIS_Phase_1_Final_Report_Rev1.pdf.pdf,,low_extraction_confidence,,J2363,8,0.5,pdfplumber,,
,,2022 Cycle,General Documents,Phase1,DPP Phase 1 System Impact Study,2025-07-15,,,,,,,,,,,,707921_GI-DPP-2022-Ph1-All-Regions_SIS_Report_R1_PUBLIC_20250715.zip__GI_DPP_2022_Cycle_1_SIS_Phase_1_Final_Report_Rev1.pdf.pdf,,low_extraction_confidence,,J2365,8,0.5,pdfplumber,,
,,2022 Cycle,General Documents,Phase1,DPP Phase 1 System Impact Study,2025-07-15,,,,,,,,,,,,707921_GI-DPP-2022-Ph1-All-Regions_SIS_Report_R1_PUBLIC_20250715.zip__GI_DPP_2022_Cycle_1_SIS_Phase_1_Final_Report_Rev1.pdf.pdf,,low_extraction_confidence,,J2366,8,0.5,pdfplumber,,
,,2022 Cycle,General Documents,Phase1,DPP Phase 1 System Impact Study,2025-07-15,,,,,,,,,,,,707921_GI-DPP-2022-Ph1-All-Regions_SIS_Report_R1_PUBLIC_20250715.zip__GI_DPP_2022_Cycle_1_SIS_Phase_1_Final_Report_Rev1.pdf.pdf,,low_extraction_confidence,,J2367,8,0.5,pdfplumber,,
,,2022 Cycle,General Documents,Phase1,DPP Phase 1 System Impact Study,2025-07-15,,,,,,,,,,,,707921_GI-DPP-2022-Ph1-All-Regions_SIS_Report_R1_PUBLIC_20250715.zip__GI_DPP_2022_Cycle_1_SIS_Phase_1_Final_Report_Rev1.pdf.pdf,,low_extraction_confidence,,J2368,8,0.5,pdfplumber,,
,,2022 Cycle,General Documents,Phase1,DPP Phase 1 System Impact Study,2025-07-15,,,,,,,,,,,,707921_GI-DPP-2022-Ph1-All-Regions_SIS_Report_R1_PUBLIC_20250715.zip__GI_DPP_2022_Cycle_1_SIS_Phase_1_Final_Report_Rev1.pdf.pdf,,low_extraction_confidence,,J2369,8,0.5,pdfplumber,,
,,2022 Cycle,General Documents,Phase1,DPP Phase 1 System Impact Study,2025-07-15,,,,,,,,,,,,707921_GI-DPP-2022-Ph1-All-Regions_SIS_Report_R1_PUBLIC_20250715.zip__GI_DPP_2022_Cycle_1_SIS_Phase_1_Final_Report_Rev1.pdf.pdf,,low_extraction_confidence,,J2370,8,0.5,pdfplumber,,
,,2022 Cycle,General Documents,Phase1,DPP Phase 1 System Impact Study,2025-07-15,,,,,,,,,,,,707921_GI-DPP-2022-Ph1-All-Regions_SIS_Report_R1_PUBLIC_20250715.zip__GI_DPP_2022_Cycle_1_SIS_Phase_1_Final_Report_Rev1.pdf.pdf,,low_extraction_confidence,,J2371,8,0.5,pdfplumber,,
,,2022 Cycle,General Documents,Phase1,DPP Phase 1 System Impact Study,2025-07-15,,,,,,,,,,,,707921_GI-DPP-2022-Ph1-All-Regions_SIS_Report_R1_PUBLIC_20250715.zip__GI_DPP_2022_Cycle_1_SIS_Phase_1_Final_Report_Rev1.pdf.pdf,,low_extraction_confidence,,J2374,8,0.5,pdfplumber,,
,,2022 Cycle,General Documents,Phase1,DPP Phase 1 System Impact Study,2025-07-15,,,,,,,,,,,,707921_GI-DPP-2022-Ph1-All-Regions_SIS_Report_R1_PUBLIC_20250715.zip__GI_DPP_2022_Cycle_1_SIS_Phase_1_Final_Report_Rev1.pdf.pdf,,low_extraction_confidence,,J2375,8,0.5,pdfplumber,,
,,2022 Cycle,General Documents,Phase1,DPP Phase 1 System Impact Study,2025-07-15,,,,,,,,,,,,707921_GI-DPP-2022-Ph1-All-Regions_SIS_Report_R1_PUBLIC_20250715.zip__GI_DPP_2022_Cycle_1_SIS_Phase_1_Final_Report_Rev1.pdf.pdf,,low_extraction_confidence,,J2376,8,0.5,pdfplumber,,
,,2022 Cycle,General Documents,Phase1,DPP Phase 1 System Impact Study,2025-07-15,,,,,,,,,,,,707921_GI-DPP-2022-Ph1-All-Regions_SIS_Report_R1_PUBLIC_20250715.zip__GI_DPP_2022_Cycle_1_SIS_Phase_1_Final_Report_Rev1.pdf.pdf,,low_extraction_confidence,,J2377,8,0.5,pdfplumber,,
,,2022 Cycle,General Documents,Phase1,DPP Phase 1 System Impact Study,2025-07-15,,,,,,,,,,,,707921_GI-DPP-2022-Ph1-All-Regions_SIS_Report_R1_PUBLIC_20250715.zip__GI_DPP_2022_Cycle_1_SIS_Phase_1_Final_Report_Rev1.pdf.pdf,,low_extraction_confidence,,J2378,8,0.5,pdfplumber,,
,,2022 Cycle,General Documents,Phase1,DPP Phase 1 System Impact Study,2025-07-15,,,,,,,,,,,,707921_GI-DPP-2022-Ph1-All-Regions_SIS_Report_R1_PUBLIC_20250715.zip__GI_DPP_2022_Cycle_1_SIS_Phase_1_Final_Report_Rev1.pdf.pdf,,low_extraction_confidence,,J2379,8,0.5,pdfplumber,,
,,2022 Cycle,General Documents,Phase1,DPP Phase 1 System Impact Study,2025-07-15,,,,,,,,,,,,707921_GI-DPP-2022-Ph1-All-Regions_SIS_Report_R1_PUBLIC_20250715.zip__GI_DPP_2022_Cycle_1_SIS_Phase_1_Final_Report_Rev1.pdf.pdf,,low_extraction_confidence,,J2380,8,0.5,pdfplumber,,
,,2022 Cycle,General Documents,Phase1,DPP Phase 1 System Impact Study,2025-07-15,,,,,,,,,,,,707921_GI-DPP-2022-Ph1-All-Regions_SIS_Report_R1_PUBLIC_20250715.zip__GI_DPP_2022_Cycle_1_SIS_Phase_1_Final_Report_Rev1.pdf.pdf,,low_extraction_confidence,,J2381,8,0.5,pdfplumber,,
,,2022 Cycle,General Documents,Phase1,DPP Phase 1 System Impact Study,2025-07-15,,,,,,,,,,,,707921_GI-DPP-2022-Ph1-All-Regions_SIS_Report_R1_PUBLIC_20250715.zip__GI_DPP_2022_Cycle_1_SIS_Phase_1_Final_Report_Rev1.pdf.pdf,,low_extraction_confidence,,J2382,8,0.5,pdfplumber,,
,,2022 Cycle,General Documents,Phase1,DPP Phase 1 System Impact Study,2025-07-15,,,,,,,,,,,,707921_GI-DPP-2022-Ph1-All-Regions_SIS_Report_R1_PUBLIC_20250715.zip__GI_DPP_2022_Cycle_1_SIS_Phase_1_Final_Report_Rev1.pdf.pdf,,low_extraction_confidence,,J2383,8,0.5,pdfplumber,,
,,2022 Cycle,General Documents,Phase1,DPP Phase 1 System Impact Study,2025-07-15,,,,,,,,,,,,707921_GI-DPP-2022-Ph1-All-Regions_SIS_Report_R1_PUBLIC_20250715.zip__GI_DPP_2022_Cycle_1_SIS_Phase_1_Final_Report_Rev1.pdf.pdf,,low_extraction_confidence,,J2384,8,0.5,pdfplumber,,
,,2022 Cycle,General Documents,Phase1,DPP Phase 1 System Impact Study,2025-07-15,,,,,,,,,,,,707921_GI-DPP-2022-Ph1-All-Regions_SIS_Report_R1_PUBLIC_20250715.zip__GI_DPP_2022_Cycle_1_SIS_Phase_1_Final_Report_Rev1.pdf.pdf,,low_extraction_confidence,,J2385,8,0.5,pdfplumber,,
,,2022 Cycle,General Documents,Phase1,DPP Phase 1 System Impact Study,2025-07-15,,,,,,,,,,,,707921_GI-DPP-2022-Ph1-All-Regions_SIS_Report_R1_PUBLIC_20250715.zip__GI_DPP_2022_Cycle_1_SIS_Phase_1_Final_Report_Rev1.pdf.pdf,,low_extraction_confidence,,J2386,8,0.5,pdfplumber,,
,,2022 Cycle,General Documents,Phase1,DPP Phase 1 System Impact Study,2025-07-15,,,,,,,,,,,,707921_GI-DPP-2022-Ph1-All-Regions_SIS_Report_R1_PUBLIC_20250715.zip__GI_DPP_2022_Cycle_1_SIS_Phase_1_Final_Report_Rev1.pdf.pdf,,low_extraction_confidence,,J2387,8,0.5,pdfplumber,,
,,2022 Cycle,General Documents,Phase1,DPP Phase 1 System Impact Study,2025-07-15,,,,,,,,,,,,707921_GI-DPP-2022-Ph1-All-Regions_SIS_Report_R1_PUBLIC_20250715.zip__GI_DPP_2022_Cycle_1_SIS_Phase_1_Final_Report_Rev1.pdf.pdf,,low_extraction_confidence,,J2388,8,0.5,pdfplumber,,
,,2022 Cycle,General Documents,Phase1,DPP Phase 1 System Impact Study,2025-07-15,,,,,,,,,,,,707921_GI-DPP-2022-Ph1-All-Regions_SIS_Report_R1_PUBLIC_20250715.zip__GI_DPP_2022_Cycle_1_SIS_Phase_1_Final_Report_Rev1.pdf.pdf,,low_extraction_confidence,,J2389,8,0.5,pdfplumber,,
,,2022 Cycle,General Documents,Phase1,DPP Phase 1 System Impact Study,2025-07-15,,,,,,,,,,,,707921_GI-DPP-2022-Ph1-All-Regions_SIS_Report_R1_PUBLIC_20250715.zip__GI_DPP_2022_Cycle_1_SIS_Phase_1_Final_Report_Rev1.pdf.pdf,,low_extraction_confidence,,J2390,8,0.5,pdfplumber,,
,,2022 Cycle,General Documents,Phase1,DPP Phase 1 System Impact Study,2025-07-15,,,,,,,,,,,,707921_GI-DPP-2022-Ph1-All-Regions_SIS_Report_R1_PUBLIC_20250715.zip__GI_DPP_2022_Cycle_1_SIS_Phase_1_Final_Report_Rev1.pdf.pdf,,low_extraction_confidence,,J2391,8,0.5,pdfplumber,,
,,2022 Cycle,General Documents,Phase1,DPP Phase 1 System Impact Study,2025-07-15,,,,,,,,,,,,707921_GI-DPP-2022-Ph1-All-Regions_SIS_Report_R1_PUBLIC_20250715.zip__GI_DPP_2022_Cycle_1_SIS_Phase_1_Final_Report_Rev1.pdf.pdf,,low_extraction_confidence,,J2392,8,0.5,pdfplumber,,
,,2022 Cycle,General Documents,Phase1,DPP Phase 1 System Impact Study,2025-07-15,,,,,,,,,,,,707921_GI-DPP-2022-Ph1-All-Regions_SIS_Report_R1_PUBLIC_20250715.zip__GI_DPP_2022_Cycle_1_SIS_Phase_1_Final_Report_Rev1.pdf.pdf,,low_extraction_confidence,,J2393,9,0.5,pdfplumber,,
,,2022 Cycle,General Documents,Phase1,DPP Phase 1 System Impact Study,2025-07-15,,,,,,,,,,,,707921_GI-DPP-2022-Ph1-All-Regions_SIS_Report_R1_PUBLIC_20250715.zip__GI_DPP_2022_Cycle_1_SIS_Phase_1_Final_Report_Rev1.pdf.pdf,,low_extraction_confidence,,J2395,9,0.5,pdfplumber,,
,,2022 Cycle,General Documents,Phase1,DPP Phase 1 System Impact Study,2025-07-15,,,,,,,,,,,,707921_GI-DPP-2022-Ph1-All-Regions_SIS_Report_R1_PUBLIC_20250715.zip__GI_DPP_2022_Cycle_1_SIS_Phase_1_Final_Report_Rev1.pdf.pdf,,low_extraction_confidence,,J2396,9,0.5,pdfplumber,,
,,2022 Cycle,General Documents,Phase1,DPP Phase 1 System Impact Study,2025-07-15,,,,,,,,,,,,707921_GI-DPP-2022-Ph1-All-Regions_SIS_Report_R1_PUBLIC_20250715.zip__GI_DPP_2022_Cycle_1_SIS_Phase_1_Final_Report_Rev1.pdf.pdf,,low_extraction_confidence,,J2397,9,0.5,pdfplumber,,
,,2022 Cycle,General Documents,Phase1,DPP Phase 1 System Impact Study,2025-07-15,,,,,,,,,,,,707921_GI-DPP-2022-Ph1-All-Regions_SIS_Report_R1_PUBLIC_20250715.zip__GI_DPP_2022_Cycle_1_SIS_Phase_1_Final_Report_Rev1.pdf.pdf,,low_extraction_confidence,,J2400,9,0.5,pdfplumber,,
,,2022 Cycle,General Documents,Phase1,DPP Phase 1 System Impact Study,2025-07-15,,,,,,,,,,,,707921_GI-DPP-2022-Ph1-All-Regions_SIS_Report_R1_PUBLIC_20250715.zip__GI_DPP_2022_Cycle_1_SIS_Phase_1_Final_Report_Rev1.pdf.pdf,,low_extraction_confidence,,J2401,9,0.5,pdfplumber,,
,,2022 Cycle,General Documents,Phase1,DPP Phase 1 System Impact Study,2025-07-15,,,,,,,,,,,,707921_GI-DPP-2022-Ph1-All-Regions_SIS_Report_R1_PUBLIC_20250715.zip__GI_DPP_2022_Cycle_1_SIS_Phase_1_Final_Report_Rev1.pdf.pdf,,low_extraction_confidence,,J2402,9,0.5,pdfplumber,,
,,2022 Cycle,General Documents,Phase1,DPP Phase 1 System Impact Study,2025-07-15,,,,,,,,,,,,707921_GI-DPP-2022-Ph1-All-Regions_SIS_Report_R1_PUBLIC_20250715.zip__GI_DPP_2022_Cycle_1_SIS_Phase_1_Final_Report_Rev1.pdf.pdf,,low_extraction_confidence,,J2403,9,0.5,pdfplumber,,
,,2022 Cycle,General Documents,Phase1,DPP Phase 1 System Impact Study,2025-07-15,,,,,,,,,,,,707921_GI-DPP-2022-Ph1-All-Regions_SIS_Report_R1_PUBLIC_20250715.zip__GI_DPP_2022_Cycle_1_SIS_Phase_1_Final_Report_Rev1.pdf.pdf,,low_extraction_confidence,,J2404,9,0.5,pdfplumber,,
,,2022 Cycle,General Documents,Phase1,DPP Phase 1 System Impact Study,2025-07-15,,,,,,,,,,,,707921_GI-DPP-2022-Ph1-All-Regions_SIS_Report_R1_PUBLIC_20250715.zip__GI_DPP_2022_Cycle_1_SIS_Phase_1_Final_Report_Rev1.pdf.pdf,,low_extraction_confidence,,J2405,9,0.5,pdfplumber,,
,,2022 Cycle,General Documents,Phase1,DPP Phase 1 System Impact Study,2025-07-15,,,,,,,,,,,,707921_GI-DPP-2022-Ph1-All-Regions_SIS_Report_R1_PUBLIC_20250715.zip__GI_DPP_2022_Cycle_1_SIS_Phase_1_Final_Report_Rev1.pdf.pdf,,low_extraction_confidence,,J2406,9,0.5,pdfplumber,,
,,2022 Cycle,General Documents,Phase1,DPP Phase 1 System Impact Study,2025-07-15,,,,,,,,,,,,707921_GI-DPP-2022-Ph1-All-Regions_SIS_Report_R1_PUBLIC_20250715.zip__GI_DPP_2022_Cycle_1_SIS_Phase_1_Final_Report_Rev1.pdf.pdf,,low_extraction_confidence,,J2407,9,0.5,pdfplumber,,
,,2022 Cycle,General Documents,Phase1,DPP Phase 1 System Impact Study,2025-07-15,,,,,,,,,,,,707921_GI-DPP-2022-Ph1-All-Regions_SIS_Report_R1_PUBLIC_20250715.zip__GI_DPP_2022_Cycle_1_SIS_Phase_1_Final_Report_Rev1.pdf.pdf,,low_extraction_confidence,,J2409,9,0.5,pdfplumber,,
,,2022 Cycle,General Documents,Phase1,DPP Phase 1 System Impact Study,2025-07-15,,,,,,,,,,,,707921_GI-DPP-2022-Ph1-All-Regions_SIS_Report_R1_PUBLIC_20250715.zip__GI_DPP_2022_Cycle_1_SIS_Phase_1_Final_Report_Rev1.pdf.pdf,,low_extraction_confidence,,J2410,9,0.5,pdfplumber,,
,,2022 Cycle,General Documents,Phase1,DPP Phase 1 System Impact Study,2025-07-15,,,,,,,,,,,,707921_GI-DPP-2022-Ph1-All-Regions_SIS_Report_R1_PUBLIC_20250715.zip__GI_DPP_2022_Cycle_1_SIS_Phase_1_Final_Report_Rev1.pdf.pdf,,low_extraction_confidence,,J2411,9,0.5,pdfplumber,,
,,2022 Cycle,General Documents,Phase1,DPP Phase 1 System Impact Study,2025-07-15,,,,,,,,,,,,707921_GI-DPP-2022-Ph1-All-Regions_SIS_Report_R1_PUBLIC_20250715.zip__GI_DPP_2022_Cycle_1_SIS_Phase_1_Final_Report_Rev1.pdf.pdf,,low_extraction_confidence,,J2413,9,0.5,pdfplumber,,
,,2022 Cycle,General Documents,Phase1,DPP Phase 1 System Impact Study,2025-07-15,,,,,,,,,,,,707921_GI-DPP-2022-Ph1-All-Regions_SIS_Report_R1_PUBLIC_20250715.zip__GI_DPP_2022_Cycle_1_SIS_Phase_1_Final_Report_Rev1.pdf.pdf,,low_extraction_confidence,,J2414,9,0.5,pdfplumber,,
,,2022 Cycle,General Documents,Phase1,DPP Phase 1 System Impact Study,2025-07-15,,,,,,,,,,,,707921_GI-DPP-2022-Ph1-All-Regions_SIS_Report_R1_PUBLIC_20250715.zip__GI_DPP_2022_Cycle_1_SIS_Phase_1_Final_Report_Rev1.pdf.pdf,,low_extraction_confidence,,J2415,9,0.5,pdfplumber,,
,,2022 Cycle,General Documents,Phase1,DPP Phase 1 System Impact Study,2025-07-15,,,,,,,,,,,,707921_GI-DPP-2022-Ph1-All-Regions_SIS_Report_R1_PUBLIC_20250715.zip__GI_DPP_2022_Cycle_1_SIS_Phase_1_Final_Report_Rev1.pdf.pdf,,low_extraction_confidence,,J2416,9,0.5,pdfplumber,,
,,2022 Cycle,General Documents,Phase1,DPP Phase 1 System Impact Study,2025-07-15,,,,,,,,,,,,707921_GI-DPP-2022-Ph1-All-Regions_SIS_Report_R1_PUBLIC_20250715.zip__GI_DPP_2022_Cycle_1_SIS_Phase_1_Final_Report_Rev1.pdf.pdf,,low_extraction_confidence,,J2417,9,0.5,pdfplumber,,
,,2022 Cycle,General Documents,Phase1,DPP Phase 1 System Impact Study,2025-07-15,,,,,,,,,,,,707921_GI-DPP-2022-Ph1-All-Regions_SIS_Report_R1_PUBLIC_20250715.zip__GI_DPP_2022_Cycle_1_SIS_Phase_1_Final_Report_Rev1.pdf.pdf,,low_extraction_confidence,,J2418,9,0.5,pdfplumber,,
,,2022 Cycle,General Documents,Phase1,DPP Phase 1 System Impact Study,2025-07-15,,,,,,,,,,,,707921_GI-DPP-2022-Ph1-All-Regions_SIS_Report_R1_PUBLIC_20250715.zip__GI_DPP_2022_Cycle_1_SIS_Phase_1_Final_Report_Rev1.pdf.pdf,,low_extraction_confidence,,J2419,9,0.5,pdfplumber,,
,,2022 Cycle,General Documents,Phase1,DPP Phase 1 System Impact Study,2025-07-15,,,,,,,,,,,,707921_GI-DPP-2022-Ph1-All-Regions_SIS_Report_R1_PUBLIC_20250715.zip__GI_DPP_2022_Cycle_1_SIS_Phase_1_Final_Report_Rev1.pdf.pdf,,low_extraction_confidence,,J2420,9,0.5,pdfplumber,,
,,2022 Cycle,General Documents,Phase1,DPP Phase 1 System Impact Study,2025-07-15,,,,,,,,,,,,707921_GI-DPP-2022-Ph1-All-Regions_SIS_Report_R1_PUBLIC_20250715.zip__GI_DPP_2022_Cycle_1_SIS_Phase_1_Final_Report_Rev1.pdf.pdf,,low_extraction_confidence,,J2421,9,0.5,pdfplumber,,
,,2022 Cycle,General Documents,Phase1,DPP Phase 1 System Impact Study,2025-07-15,,,,,,,,,,,,707921_GI-DPP-2022-Ph1-All-Regions_SIS_Report_R1_PUBLIC_20250715.zip__GI_DPP_2022_Cycle_1_SIS_Phase_1_Final_Report_Rev1.pdf.pdf,,low_extraction_confidence,,J2423,9,0.5,pdfplumber,,
,,2022 Cycle,General Documents,Phase1,DPP Phase 1 System Impact Study,2025-07-15,,,,,,,,,,,,707921_GI-DPP-2022-Ph1-All-Regions_SIS_Report_R1_PUBLIC_20250715.zip__GI_DPP_2022_Cycle_1_SIS_Phase_1_Final_Report_Rev1.pdf.pdf,,low_extraction_confidence,,J2424,9,0.5,pdfplumber,,
,,2022 Cycle,General Documents,Phase1,DPP Phase 1 System Impact Study,2025-07-15,,,,,,,,,,,,707921_GI-DPP-2022-Ph1-All-Regions_SIS_Report_R1_PUBLIC_20250715.zip__GI_DPP_2022_Cycle_1_SIS_Phase_1_Final_Report_Rev1.pdf.pdf,,low_extraction_confidence,,J2425,9,0.5,pdfplumber,,
,,2022 Cycle,General Documents,Phase1,DPP Phase 1 System Impact Study,2025-07-15,,,,,,,,,,,,707921_GI-DPP-2022-Ph1-All-Regions_SIS_Report_R1_PUBLIC_20250715.zip__GI_DPP_2022_Cycle_1_SIS_Phase_1_Final_Report_Rev1.pdf.pdf,,low_extraction_confidence,,J2426,9,0.5,pdfplumber,,
,,2022 Cycle,General Documents,Phase1,DPP Phase 1 System Impact Study,2025-07-15,,,,,,,,,,,,707921_GI-DPP-2022-Ph1-All-Regions_SIS_Report_R1_PUBLIC_20250715.zip__GI_DPP_2022_Cycle_1_SIS_Phase_1_Final_Report_Rev1.pdf.pdf,,low_extraction_confidence,,J2427,9,0.5,pdfplumber,,
,,2022 Cycle,General Documents,Phase1,DPP Phase 1 System Impact Study,2025-07-15,,,,,,,,,,,,707921_GI-DPP-2022-Ph1-All-Regions_SIS_Report_R1_PUBLIC_20250715.zip__GI_DPP_2022_Cycle_1_SIS_Phase_1_Final_Report_Rev1.pdf.pdf,,low_extraction_confidence,,J2429,9,0.5,pdfplumber,,
,,2022 Cycle,General Documents,Phase1,DPP Phase 1 System Impact Study,2025-07-15,,,,,,,,,,,,707921_GI-DPP-2022-Ph1-All-Regions_SIS_Report_R1_PUBLIC_20250715.zip__GI_DPP_2022_Cycle_1_SIS_Phase_1_Final_Report_Rev1.pdf.pdf,,low_extraction_confidence,,J2431,9,0.5,pdfplumber,,
,,2022 Cycle,General Documents,Phase1,DPP Phase 1 System Impact Study,2025-07-15,,,,,,,,,,,,707921_GI-DPP-2022-Ph1-All-Regions_SIS_Report_R1_PUBLIC_20250715.zip__GI_DPP_2022_Cycle_1_SIS_Phase_1_Final_Report_Rev1.pdf.pdf,,low_extraction_confidence,,J2432,9,0.5,pdfplumber,,
,,2022 Cycle,General Documents,Phase1,DPP Phase 1 System Impact Study,2025-07-15,,,,,,,,,,,,707921_GI-DPP-2022-Ph1-All-Regions_SIS_Report_R1_PUBLIC_20250715.zip__GI_DPP_2022_Cycle_1_SIS_Phase_1_Final_Report_Rev1.pdf.pdf,,low_extraction_confidence,,J2434,9,0.5,pdfplumber,,
,,2022 Cycle,General Documents,Phase1,DPP Phase 1 System Impact Study,2025-07-15,,,,,,,,,,,,707921_GI-DPP-2022-Ph1-All-Regions_SIS_Report_R1_PUBLIC_20250715.zip__GI_DPP_2022_Cycle_1_SIS_Phase_1_Final_Report_Rev1.pdf.pdf,,low_extraction_confidence,,J2435,9,0.5,pdfplumber,,
,,2022 Cycle,General Documents,Phase1,DPP Phase 1 System Impact Study,2025-07-15,,,,,,,,,,,,707921_GI-DPP-2022-Ph1-All-Regions_SIS_Report_R1_PUBLIC_20250715.zip__GI_DPP_2022_Cycle_1_SIS_Phase_1_Final_Report_Rev1.pdf.pdf,,low_extraction_confidence,,J2436,9,0.5,pdfplumber,,
,,2022 Cycle,General Documents,Phase1,DPP Phase 1 System Impact Study,2025-07-15,,,,,,,,,,,,707921_GI-DPP-2022-Ph1-All-Regions_SIS_Report_R1_PUBLIC_20250715.zip__GI_DPP_2022_Cycle_1_SIS_Phase_1_Final_Report_Rev1.pdf.pdf,,low_extraction_confidence,,J2437,9,0.5,pdfplumber,,
,,2022 Cycle,General Documents,Phase1,DPP Phase 1 System Impact Study,2025-07-15,,,,,,,,,,,,707921_GI-DPP-2022-Ph1-All-Regions_SIS_Report_R1_PUBLIC_20250715.zip__GI_DPP_2022_Cycle_1_SIS_Phase_1_Final_Report_Rev1.pdf.pdf,,low_extraction_confidence,,J2439,9,0.5,pdfplumber,,
,,2022 Cycle,General Documents,Phase1,DPP Phase 1 System Impact Study,2025-07-15,,,,,,,,,,,,707921_GI-DPP-2022-Ph1-All-Regions_SIS_Report_R1_PUBLIC_20250715.zip__GI_DPP_2022_Cycle_1_SIS_Phase_1_Final_Report_Rev1.pdf.pdf,,low_extraction_confidence,,J2440,9,0.5,pdfplumber,,
,,2022 Cycle,General Documents,Phase1,DPP Phase 1 System Impact Study,2025-07-15,,,,,,,,,,,,707921_GI-DPP-2022-Ph1-All-Regions_SIS_Report_R1_PUBLIC_20250715.zip__GI_DPP_2022_Cycle_1_SIS_Phase_1_Final_Report_Rev1.pdf.pdf,,low_extraction_confidence,,J2441,9,0.5,pdfplumber,,
,,2022 Cycle,General Documents,Phase1,DPP Phase 1 System Impact Study,2025-07-15,,,,,,,,,,,,707921_GI-DPP-2022-Ph1-All-Regions_SIS_Report_R1_PUBLIC_20250715.zip__GI_DPP_2022_Cycle_1_SIS_Phase_1_Final_Report_Rev1.pdf.pdf,,low_extraction_confidence,,J2442,9,0.5,pdfplumber,,
,,2022 Cycle,General Documents,Phase1,DPP Phase 1 System Impact Study,2025-07-15,,,,,,,,,,,,707921_GI-DPP-2022-Ph1-All-Regions_SIS_Report_R1_PUBLIC_20250715.zip__GI_DPP_2022_Cycle_1_SIS_Phase_1_Final_Report_Rev1.pdf.pdf,,low_extraction_confidence,,J2443,9,0.5,pdfplumber,,
,,2022 Cycle,General Documents,Phase1,DPP Phase 1 System Impact Study,2025-07-15,,,,,,,,,,,,707921_GI-DPP-2022-Ph1-All-Regions_SIS_Report_R1_PUBLIC_20250715.zip__GI_DPP_2022_Cycle_1_SIS_Phase_1_Final_Report_Rev1.pdf.pdf,,low_extraction_confidence,,J2444,9,0.5,pdfplumber,,
,,2022 Cycle,General Documents,Phase1,DPP Phase 1 System Impact Study,2025-07-15,,,,,,,,,,,,707921_GI-DPP-2022-Ph1-All-Regions_SIS_Report_R1_PUBLIC_20250715.zip__GI_DPP_2022_Cycle_1_SIS_Phase_1_Final_Report_Rev1.pdf.pdf,,low_extraction_confidence,,J2446,9,0.5,pdfplumber,,
,,2022 Cycle,General Documents,Phase1,DPP Phase 1 System Impact Study,2025-07-15,,,,,,,,,,,,707921_GI-DPP-2022-Ph1-All-Regions_SIS_Report_R1_PUBLIC_20250715.zip__GI_DPP_2022_Cycle_1_SIS_Phase_1_Final_Report_Rev1.pdf.pdf,,low_extraction_confidence,,J2447,9,0.5,pdfplumber,,
,,2022 Cycle,General Documents,Phase1,DPP Phase 1 System Impact Study,2025-07-15,,,,,,,,,,,,707921_GI-DPP-2022-Ph1-All-Regions_SIS_Report_R1_PUBLIC_20250715.zip__GI_DPP_2022_Cycle_1_SIS_Phase_1_Final_Report_Rev1.pdf.pdf,,low_extraction_confidence,,J2448,9,0.5,pdfplumber,,
,,2022 Cycle,General Documents,Phase1,DPP Phase 1 System Impact Study,2025-07-15,,,,,,,,,,,,707921_GI-DPP-2022-Ph1-All-Regions_SIS_Report_R1_PUBLIC_20250715.zip__GI_DPP_2022_Cycle_1_SIS_Phase_1_Final_Report_Rev1.pdf.pdf,,low_extraction_confidence,,J2449,9,0.5,pdfplumber,,
,,2022 Cycle,General Documents,Phase1,DPP Phase 1 System Impact Study,2025-07-15,,,,,,,,,,,,707921_GI-DPP-2022-Ph1-All-Regions_SIS_Report_R1_PUBLIC_20250715.zip__GI_DPP_2022_Cycle_1_SIS_Phase_1_Final_Report_Rev1.pdf.pdf,,low_extraction_confidence,,J2450,9,0.5,pdfplumber,,
,,2022 Cycle,General Documents,Phase1,DPP Phase 1 System Impact Study,2025-07-15,,,,,,,,,,,,707921_GI-DPP-2022-Ph1-All-Regions_SIS_Report_R1_PUBLIC_20250715.zip__GI_DPP_2022_Cycle_1_SIS_Phase_1_Final_Report_Rev1.pdf.pdf,,low_extraction_confidence,,J2451,9,0.5,pdfplumber,,
,,2022 Cycle,General Documents,Phase1,DPP Phase 1 System Impact Study,2025-07-15,,,,,,,,,,,,707921_GI-DPP-2022-Ph1-All-Regions_SIS_Report_R1_PUBLIC_20250715.zip__GI_DPP_2022_Cycle_1_SIS_Phase_1_Final_Report_Rev1.pdf.pdf,,low_extraction_confidence,,J2452,9,0.5,pdfplumber,,
,,2022 Cycle,General Documents,Phase1,DPP Phase 1 System Impact Study,2025-07-15,,,,,,,,,,,,707921_GI-DPP-2022-Ph1-All-Regions_SIS_Report_R1_PUBLIC_20250715.zip__GI_DPP_2022_Cycle_1_SIS_Phase_1_Final_Report_Rev1.pdf.pdf,,low_extraction_confidence,,J2453,9,0.5,pdfplumber,,
,,2022 Cycle,General Documents,Phase1,DPP Phase 1 System Impact Study,2025-07-15,,,,,,,,,,,,707921_GI-DPP-2022-Ph1-All-Regions_SIS_Report_R1_PUBLIC_20250715.zip__GI_DPP_2022_Cycle_1_SIS_Phase_1_Final_Report_Rev1.pdf.pdf,,low_extraction_confidence,,J2454,9,0.5,pdfplumber,,
,,2022 Cycle,General Documents,Phase1,DPP Phase 1 System Impact Study,2025-07-15,,,,,,,,,,,,707921_GI-DPP-2022-Ph1-All-Regions_SIS_Report_R1_PUBLIC_20250715.zip__GI_DPP_2022_Cycle_1_SIS_Phase_1_Final_Report_Rev1.pdf.pdf,,low_extraction_confidence,,J2455,9,0.5,pdfplumber,,
,,2022 Cycle,General Documents,Phase1,DPP Phase 1 System Impact Study,2025-07-15,,,,,,,,,,,,707921_GI-DPP-2022-Ph1-All-Regions_SIS_Report_R1_PUBLIC_20250715.zip__GI_DPP_2022_Cycle_1_SIS_Phase_1_Final_Report_Rev1.pdf.pdf,,low_extraction_confidence,,J2456,9,0.5,pdfplumber,,
,,2022 Cycle,General Documents,Phase1,DPP Phase 1 System Impact Study,2025-07-15,,,,,,,,,,,,707921_GI-DPP-2022-Ph1-All-Regions_SIS_Report_R1_PUBLIC_20250715.zip__GI_DPP_2022_Cycle_1_SIS_Phase_1_Final_Report_Rev1.pdf.pdf,,low_extraction_confidence,,J2457,9,0.5,pdfplumber,,
,,2022 Cycle,General Documents,Phase1,DPP Phase 1 System Impact Study,2025-07-15,,,,,,,,,,,,707921_GI-DPP-2022-Ph1-All-Regions_SIS_Report_R1_PUBLIC_20250715.zip__GI_DPP_2022_Cycle_1_SIS_Phase_1_Final_Report_Rev1.pdf.pdf,,low_extraction_confidence,,J2458,9,0.5,pdfplumber,,
,,2022 Cycle,General Documents,Phase1,DPP Phase 1 System Impact Study,2025-07-15,,,,,,,,,,,,707921_GI-DPP-2022-Ph1-All-Regions_SIS_Report_R1_PUBLIC_20250715.zip__GI_DPP_2022_Cycle_1_SIS_Phase_1_Final_Report_Rev1.pdf.pdf,,low_extraction_confidence,,J2459,9,0.5,pdfplumber,,
,,2022 Cycle,General Documents,Phase1,DPP Phase 1 System Impact Study,2025-07-15,,,,,,,,,,,,707921_GI-DPP-2022-Ph1-All-Regions_SIS_Report_R1_PUBLIC_20250715.zip__GI_DPP_2022_Cycle_1_SIS_Phase_1_Final_Report_Rev1.pdf.pdf,,low_extraction_confidence,,J2460,9,0.5,pdfplumber,,
,,2022 Cycle,General Documents,Phase1,DPP Phase 1 System Impact Study,2025-07-15,,,,,,,,,,,,707921_GI-DPP-2022-Ph1-All-Regions_SIS_Report_R1_PUBLIC_20250715.zip__GI_DPP_2022_Cycle_1_SIS_Phase_1_Final_Report_Rev1.pdf.pdf,,low_extraction_confidence,,J2462,9,0.5,pdfplumber,,
,,2022 Cycle,General Documents,Phase1,DPP Phase 1 System Impact Study,2025-07-15,,,,,,,,,,,,707921_GI-DPP-2022-Ph1-All-Regions_SIS_Report_R1_PUBLIC_20250715.zip__GI_DPP_2022_Cycle_1_SIS_Phase_1_Final_Report_Rev1.pdf.pdf,,low_extraction_confidence,,J2463,9,0.5,pdfplumber,,
,,2022 Cycle,General Documents,Phase1,DPP Phase 1 System Impact Study,2025-07-15,,,,,,,,,,,,707921_GI-DPP-2022-Ph1-All-Regions_SIS_Report_R1_PUBLIC_20250715.zip__GI_DPP_2022_Cycle_1_SIS_Phase_1_Final_Report_Rev1.pdf.pdf,,low_extraction_confidence,,J2464,9,0.5,pdfplumber,,
,,2022 Cycle,General Documents,Phase1,DPP Phase 1 System Impact Study,2025-07-15,,,,,,,,,,,,707921_GI-DPP-2022-Ph1-All-Regions_SIS_Report_R1_PUBLIC_20250715.zip__GI_DPP_2022_Cycle_1_SIS_Phase_1_Final_Report_Rev1.pdf.pdf,,low_extraction_confidence,,J2465,9,0.5,pdfplumber,,
,,2022 Cycle,General Documents,Phase1,DPP Phase 1 System Impact Study,2025-07-15,,,,,,,,,,,,707921_GI-DPP-2022-Ph1-All-Regions_SIS_Report_R1_PUBLIC_20250715.zip__GI_DPP_2022_Cycle_1_SIS_Phase_1_Final_Report_Rev1.pdf.pdf,,low_extraction_confidence,,J2466,9,0.5,pdfplumber,,
,,2022 Cycle,General Documents,Phase1,DPP Phase 1 System Impact Study,2025-07-15,,,,,,,,,,,,707921_GI-DPP-2022-Ph1-All-Regions_SIS_Report_R1_PUBLIC_20250715.zip__GI_DPP_2022_Cycle_1_SIS_Phase_1_Final_Report_Rev1.pdf.pdf,,low_extraction_confidence,,J2467,9,0.5,pdfplumber,,
,,2022 Cycle,General Documents,Phase1,DPP Phase 1 System Impact Study,2025-07-15,,,,,,,,,,,,707921_GI-DPP-2022-Ph1-All-Regions_SIS_Report_R1_PUBLIC_20250715.zip__GI_DPP_2022_Cycle_1_SIS_Phase_1_Final_Report_Rev1.pdf.pdf,,low_extraction_confidence,,J2469,9,0.5,pdfplumber,,
,,2022 Cycle,General Documents,Phase1,DPP Phase 1 System Impact Study,2025-07-15,,,,,,,,,,,,707921_GI-DPP-2022-Ph1-All-Regions_SIS_Report_R1_PUBLIC_20250715.zip__GI_DPP_2022_Cycle_1_SIS_Phase_1_Final_Report_Rev1.pdf.pdf,,low_extraction_confidence,,J2470,9,0.5,pdfplumber,,
,,2022 Cycle,General Documents,Phase1,DPP Phase 1 System Impact Study,2025-07-15,,,,,,,,,,,,707921_GI-DPP-2022-Ph1-All-Regions_SIS_Report_R1_PUBLIC_20250715.zip__GI_DPP_2022_Cycle_1_SIS_Phase_1_Final_Report_Rev1.pdf.pdf,,low_extraction_confidence,,J2471,10,0.5,pdfplumber,,
,,2022 Cycle,General Documents,Phase1,DPP Phase 1 System Impact Study,2025-07-15,,,,,,,,,,,,707921_GI-DPP-2022-Ph1-All-Regions_SIS_Report_R1_PUBLIC_20250715.zip__GI_DPP_2022_Cycle_1_SIS_Phase_1_Final_Report_Rev1.pdf.pdf,,low_extraction_confidence,,J2472,10,0.5,pdfplumber,,
,,2022 Cycle,General Documents,Phase1,DPP Phase 1 System Impact Study,2025-07-15,,,,,,,,,,,,707921_GI-DPP-2022-Ph1-All-Regions_SIS_Report_R1_PUBLIC_20250715.zip__GI_DPP_2022_Cycle_1_SIS_Phase_1_Final_Report_Rev1.pdf.pdf,,low_extraction_confidence,,J2473,10,0.5,pdfplumber,,
,,2022 Cycle,General Documents,Phase1,DPP Phase 1 System Impact Study,2025-07-15,,,,,,,,,,,,707921_GI-DPP-2022-Ph1-All-Regions_SIS_Report_R1_PUBLIC_20250715.zip__GI_DPP_2022_Cycle_1_SIS_Phase_1_Final_Report_Rev1.pdf.pdf,,low_extraction_confidence,,J2474,10,0.5,pdfplumber,,
,,2022 Cycle,General Documents,Phase1,DPP Phase 1 System Impact Study,2025-07-15,,,,,,,,,,,,707921_GI-DPP-2022-Ph1-All-Regions_SIS_Report_R1_PUBLIC_20250715.zip__GI_DPP_2022_Cycle_1_SIS_Phase_1_Final_Report_Rev1.pdf.pdf,,low_extraction_confidence,,J2475,10,0.5,pdfplumber,,
,,2022 Cycle,General Documents,Phase1,DPP Phase 1 System Impact Study,2025-07-15,,,,,,,,,,,,707921_GI-DPP-2022-Ph1-All-Regions_SIS_Report_R1_PUBLIC_20250715.zip__GI_DPP_2022_Cycle_1_SIS_Phase_1_Final_Report_Rev1.pdf.pdf,,low_extraction_confidence,,J2476,10,0.5,pdfplumber,,
,,2022 Cycle,General Documents,Phase1,DPP Phase 1 System Impact Study,2025-07-15,,,,,,,,,,,,707921_GI-DPP-2022-Ph1-All-Regions_SIS_Report_R1_PUBLIC_20250715.zip__GI_DPP_2022_Cycle_1_SIS_Phase_1_Final_Report_Rev1.pdf.pdf,,low_extraction_confidence,,J2477,10,0.5,pdfplumber,,
,,2022 Cycle,General Documents,Phase1,DPP Phase 1 System Impact Study,2025-07-15,,,,,,,,,,,,707921_GI-DPP-2022-Ph1-All-Regions_SIS_Report_R1_PUBLIC_20250715.zip__GI_DPP_2022_Cycle_1_SIS_Phase_1_Final_Report_Rev1.pdf.pdf,,low_extraction_confidence,,J2478,10,0.5,pdfplumber,,
,,2022 Cycle,General Documents,Phase1,DPP Phase 1 System Impact Study,2025-07-15,,,,,,,,,,,,707921_GI-DPP-2022-Ph1-All-Regions_SIS_Report_R1_PUBLIC_20250715.zip__GI_DPP_2022_Cycle_1_SIS_Phase_1_Final_Report_Rev1.pdf.pdf,,low_extraction_confidence,,J2480,10,0.5,pdfplumber,,
,,2022 Cycle,General Documents,Phase1,DPP Phase 1 System Impact Study,2025-07-15,,,,,,,,,,,,707921_GI-DPP-2022-Ph1-All-Regions_SIS_Report_R1_PUBLIC_20250715.zip__GI_DPP_2022_Cycle_1_SIS_Phase_1_Final_Report_Rev1.pdf.pdf,,low_extraction_confidence,,J2481,10,0.5,pdfplumber,,
,,2022 Cycle,General Documents,Phase1,DPP Phase 1 System Impact Study,2025-07-15,,,,,,,,,,,,707921_GI-DPP-2022-Ph1-All-Regions_SIS_Report_R1_PUBLIC_20250715.zip__GI_DPP_2022_Cycle_1_SIS_Phase_1_Final_Report_Rev1.pdf.pdf,,low_extraction_confidence,,J2482,10,0.5,pdfplumber,,
,,2022 Cycle,General Documents,Phase1,DPP Phase 1 System Impact Study,2025-07-15,,,,,,,,,,,,707921_GI-DPP-2022-Ph1-All-Regions_SIS_Report_R1_PUBLIC_20250715.zip__GI_DPP_2022_Cycle_1_SIS_Phase_1_Final_Report_Rev1.pdf.pdf,,low_extraction_confidence,,J2484,10,0.5,pdfplumber,,
,,2022 Cycle,General Documents,Phase1,DPP Phase 1 System Impact Study,2025-07-15,,,,,,,,,,,,707921_GI-DPP-2022-Ph1-All-Regions_SIS_Report_R1_PUBLIC_20250715.zip__GI_DPP_2022_Cycle_1_SIS_Phase_1_Final_Report_Rev1.pdf.pdf,,low_extraction_confidence,,J2485,10,0.5,pdfplumber,,
,,2022 Cycle,General Documents,Phase1,DPP Phase 1 System Impact Study,2025-07-15,,,,,,,,,,,,707921_GI-DPP-2022-Ph1-All-Regions_SIS_Report_R1_PUBLIC_20250715.zip__GI_DPP_2022_Cycle_1_SIS_Phase_1_Final_Report_Rev1.pdf.pdf,,low_extraction_confidence,,J2486,10,0.5,pdfplumber,,
,,2022 Cycle,General Documents,Phase1,DPP Phase 1 System Impact Study,2025-07-15,,,,,,,,,,,,707921_GI-DPP-2022-Ph1-All-Regions_SIS_Report_R1_PUBLIC_20250715.zip__GI_DPP_2022_Cycle_1_SIS_Phase_1_Final_Report_Rev1.pdf.pdf,,low_extraction_confidence,,J2490,10,0.5,pdfplumber,,
,,2022 Cycle,General Documents,Phase1,DPP Phase 1 System Impact Study,2025-07-15,,,,,,,,,,,,707921_GI-DPP-2022-Ph1-All-Regions_SIS_Report_R1_PUBLIC_20250715.zip__GI_DPP_2022_Cycle_1_SIS_Phase_1_Final_Report_Rev1.pdf.pdf,,low_extraction_confidence,,J2491,10,0.5,pdfplumber,,
,,2022 Cycle,General Documents,Phase1,DPP Phase 1 System Impact Study,2025-07-15,,,,,,,,,,,,707921_GI-DPP-2022-Ph1-All-Regions_SIS_Report_R1_PUBLIC_20250715.zip__GI_DPP_2022_Cycle_1_SIS_Phase_1_Final_Report_Rev1.pdf.pdf,,low_extraction_confidence,,J2492,10,0.5,pdfplumber,,
,,2022 Cycle,General Documents,Phase1,DPP Phase 1 System Impact Study,2025-07-15,,,,,,,,,,,,707921_GI-DPP-2022-Ph1-All-Regions_SIS_Report_R1_PUBLIC_20250715.zip__GI_DPP_2022_Cycle_1_SIS_Phase_1_Final_Report_Rev1.pdf.pdf,,low_extraction_confidence,,J2493,10,0.5,pdfplumber,,
,,2022 Cycle,General Documents,Phase1,DPP Phase 1 System Impact Study,2025-07-15,,,,,,,,,,,,707921_GI-DPP-2022-Ph1-All-Regions_SIS_Report_R1_PUBLIC_20250715.zip__GI_DPP_2022_Cycle_1_SIS_Phase_1_Final_Report_Rev1.pdf.pdf,,low_extraction_confidence,,J2496,10,0.5,pdfplumber,,
,,2022 Cycle,General Documents,Phase1,DPP Phase 1 System Impact Study,2025-07-15,,,,,,,,,,,,707921_GI-DPP-2022-Ph1-All-Regions_SIS_Report_R1_PUBLIC_20250715.zip__GI_DPP_2022_Cycle_1_SIS_Phase_1_Final_Report_Rev1.pdf.pdf,,low_extraction_confidence,,J2497,10,0.5,pdfplumber,,
,,2022 Cycle,General Documents,Phase1,DPP Phase 1 System Impact Study,2025-07-15,,,,,,,,,,,,707921_GI-DPP-2022-Ph1-All-Regions_SIS_Report_R1_PUBLIC_20250715.zip__GI_DPP_2022_Cycle_1_SIS_Phase_1_Final_Report_Rev1.pdf.pdf,,low_extraction_confidence,,J2499,10,0.5,pdfplumber,,
,,2022 Cycle,General Documents,Phase1,DPP Phase 1 System Impact Study,2025-07-15,,,,,,,,,,,,707921_GI-DPP-2022-Ph1-All-Regions_SIS_Report_R1_PUBLIC_20250715.zip__GI_DPP_2022_Cycle_1_SIS_Phase_1_Final_Report_Rev1.pdf.pdf,,low_extraction_confidence,,J2500,10,0.5,pdfplumber,,
,,2022 Cycle,General Documents,Phase1,DPP Phase 1 System Impact Study,2025-07-15,,,,,,,,,,,,707921_GI-DPP-2022-Ph1-All-Regions_SIS_Report_R1_PUBLIC_20250715.zip__GI_DPP_2022_Cycle_1_SIS_Phase_1_Final_Report_Rev1.pdf.pdf,,low_extraction_confidence,,J2501,10,0.5,pdfplumber,,
,,2022 Cycle,General Documents,Phase1,DPP Phase 1 System Impact Study,2025-07-15,,,,,,,,,,,,707921_GI-DPP-2022-Ph1-All-Regions_SIS_Report_R1_PUBLIC_20250715.zip__GI_DPP_2022_Cycle_1_SIS_Phase_1_Final_Report_Rev1.pdf.pdf,,low_extraction_confidence,,J2502,10,0.5,pdfplumber,,
,,2022 Cycle,General Documents,Phase1,DPP Phase 1 System Impact Study,2025-07-15,,,,,,,,,,,,707921_GI-DPP-2022-Ph1-All-Regions_SIS_Report_R1_PUBLIC_20250715.zip__GI_DPP_2022_Cycle_1_SIS_Phase_1_Final_Report_Rev1.pdf.pdf,,low_extraction_confidence,,J2505,10,0.5,pdfplumber,,
,,2022 Cycle,General Documents,Phase1,DPP Phase 1 System Impact Study,2025-07-15,,,,,,,,,,,,707921_GI-DPP-2022-Ph1-All-Regions_SIS_Report_R1_PUBLIC_20250715.zip__GI_DPP_2022_Cycle_1_SIS_Phase_1_Final_Report_Rev1.pdf.pdf,,low_extraction_confidence,,J2506,10,0.5,pdfplumber,,
,,2022 Cycle,General Documents,Phase1,DPP Phase 1 System Impact Study,2025-07-15,,,,,,,,,,,,707921_GI-DPP-2022-Ph1-All-Regions_SIS_Report_R1_PUBLIC_20250715.zip__GI_DPP_2022_Cycle_1_SIS_Phase_1_Final_Report_Rev1.pdf.pdf,,low_extraction_confidence,,J2507,10,0.5,pdfplumber,,
,,2022 Cycle,General Documents,Phase1,DPP Phase 1 System Impact Study,2025-07-15,,,,,,,,,,,,707921_GI-DPP-2022-Ph1-All-Regions_SIS_Report_R1_PUBLIC_20250715.zip__GI_DPP_2022_Cycle_1_SIS_Phase_1_Final_Report_Rev1.pdf.pdf,,low_extraction_confidence,,J2508,10,0.5,pdfplumber,,
,,2022 Cycle,General Documents,Phase1,DPP Phase 1 System Impact Study,2025-07-15,,,,,,,,,,,,707921_GI-DPP-2022-Ph1-All-Regions_SIS_Report_R1_PUBLIC_20250715.zip__GI_DPP_2022_Cycle_1_SIS_Phase_1_Final_Report_Rev1.pdf.pdf,,low_extraction_confidence,,J2509,10,0.5,pdfplumber,,
,,2022 Cycle,General Documents,Phase1,DPP Phase 1 System Impact Study,2025-07-15,,,,,,,,,,,,707921_GI-DPP-2022-Ph1-All-Regions_SIS_Report_R1_PUBLIC_20250715.zip__GI_DPP_2022_Cycle_1_SIS_Phase_1_Final_Report_Rev1.pdf.pdf,,low_extraction_confidence,,J2510,10,0.5,pdfplumber,,
,,2022 Cycle,General Documents,Phase1,DPP Phase 1 System Impact Study,2025-07-15,,,,,,,,,,,,707921_GI-DPP-2022-Ph1-All-Regions_SIS_Report_R1_PUBLIC_20250715.zip__GI_DPP_2022_Cycle_1_SIS_Phase_1_Final_Report_Rev1.pdf.pdf,,low_extraction_confidence,,J2511,10,0.5,pdfplumber,,
,,2022 Cycle,General Documents,Phase1,DPP Phase 1 System Impact Study,2025-07-15,,,,,,,,,,,,707921_GI-DPP-2022-Ph1-All-Regions_SIS_Report_R1_PUBLIC_20250715.zip__GI_DPP_2022_Cycle_1_SIS_Phase_1_Final_Report_Rev1.pdf.pdf,,low_extraction_confidence,,J2512,10,0.5,pdfplumber,,
,,2022 Cycle,General Documents,Phase1,DPP Phase 1 System Impact Study,2025-07-15,,,,,,,,,,,,707921_GI-DPP-2022-Ph1-All-Regions_SIS_Report_R1_PUBLIC_20250715.zip__GI_DPP_2022_Cycle_1_SIS_Phase_1_Final_Report_Rev1.pdf.pdf,,low_extraction_confidence,,J2513,10,0.5,pdfplumber,,
,,2022 Cycle,General Documents,Phase1,DPP Phase 1 System Impact Study,2025-07-15,,,,,,,,,,,,707921_GI-DPP-2022-Ph1-All-Regions_SIS_Report_R1_PUBLIC_20250715.zip__GI_DPP_2022_Cycle_1_SIS_Phase_1_Final_Report_Rev1.pdf.pdf,,low_extraction_confidence,,J2514,10,0.5,pdfplumber,,
,,2022 Cycle,General Documents,Phase1,DPP Phase 1 System Impact Study,2025-07-15,,,,,,,,,,,,707921_GI-DPP-2022-Ph1-All-Regions_SIS_Report_R1_PUBLIC_20250715.zip__GI_DPP_2022_Cycle_1_SIS_Phase_1_Final_Report_Rev1.pdf.pdf,,low_extraction_confidence,,J2515,10,0.5,pdfplumber,,
,,2022 Cycle,General Documents,Phase1,DPP Phase 1 System Impact Study,2025-07-15,,,,,,,,,,,,707921_GI-DPP-2022-Ph1-All-Regions_SIS_Report_R1_PUBLIC_20250715.zip__GI_DPP_2022_Cycle_1_SIS_Phase_1_Final_Report_Rev1.pdf.pdf,,low_extraction_confidence,,J2516,10,0.5,pdfplumber,,
,,2022 Cycle,General Documents,Phase1,DPP Phase 1 System Impact Study,2025-07-15,,,,,,,,,,,,707921_GI-DPP-2022-Ph1-All-Regions_SIS_Report_R1_PUBLIC_20250715.zip__GI_DPP_2022_Cycle_1_SIS_Phase_1_Final_Report_Rev1.pdf.pdf,,low_extraction_confidence,,J2518,10,0.5,pdfplumber,,
,,2022 Cycle,General Documents,Phase1,DPP Phase 1 System Impact Study,2025-07-15,,,,,,,,,,,,707921_GI-DPP-2022-Ph1-All-Regions_SIS_Report_R1_PUBLIC_20250715.zip__GI_DPP_2022_Cycle_1_SIS_Phase_1_Final_Report_Rev1.pdf.pdf,,low_extraction_confidence,,J2519,10,0.5,pdfplumber,,
,,2022 Cycle,General Documents,Phase1,DPP Phase 1 System Impact Study,2025-07-15,,,,,,,,,,,,707921_GI-DPP-2022-Ph1-All-Regions_SIS_Report_R1_PUBLIC_20250715.zip__GI_DPP_2022_Cycle_1_SIS_Phase_1_Final_Report_Rev1.pdf.pdf,,low_extraction_confidence,,J2520,10,0.5,pdfplumber,,
,,2022 Cycle,General Documents,Phase1,DPP Phase 1 System Impact Study,2025-07-15,,,,,,,,,,,,707921_GI-DPP-2022-Ph1-All-Regions_SIS_Report_R1_PUBLIC_20250715.zip__GI_DPP_2022_Cycle_1_SIS_Phase_1_Final_Report_Rev1.pdf.pdf,,low_extraction_confidence,,J2523,10,0.5,pdfplumber,,
,,2022 Cycle,General Documents,Phase1,DPP Phase 1 System Impact Study,2025-07-15,,,,,,,,,,,,707921_GI-DPP-2022-Ph1-All-Regions_SIS_Report_R1_PUBLIC_20250715.zip__GI_DPP_2022_Cycle_1_SIS_Phase_1_Final_Report_Rev1.pdf.pdf,,low_extraction_confidence,,J2524,10,0.5,pdfplumber,,
,,2022 Cycle,General Documents,Phase1,DPP Phase 1 System Impact Study,2025-07-15,,,,,,,,,,,,707921_GI-DPP-2022-Ph1-All-Regions_SIS_Report_R1_PUBLIC_20250715.zip__GI_DPP_2022_Cycle_1_SIS_Phase_1_Final_Report_Rev1.pdf.pdf,,low_extraction_confidence,,J2526,10,0.5,pdfplumber,,
,,2022 Cycle,General Documents,Phase1,DPP Phase 1 System Impact Study,2025-07-15,,,,,,,,,,,,707921_GI-DPP-2022-Ph1-All-Regions_SIS_Report_R1_PUBLIC_20250715.zip__GI_DPP_2022_Cycle_1_SIS_Phase_1_Final_Report_Rev1.pdf.pdf,,low_extraction_confidence,,J2529,10,0.5,pdfplumber,,
,,2022 Cycle,General Documents,Phase1,DPP Phase 1 System Impact Study,2025-07-15,,,,,,,,,,,,707921_GI-DPP-2022-Ph1-All-Regions_SIS_Report_R1_PUBLIC_20250715.zip__GI_DPP_2022_Cycle_1_SIS_Phase_1_Final_Report_Rev1.pdf.pdf,,low_extraction_confidence,,J2530,10,0.5,pdfplumber,,
,,2022 Cycle,General Documents,Phase1,DPP Phase 1 System Impact Study,2025-07-15,,,,,,,,,,,,707921_GI-DPP-2022-Ph1-All-Regions_SIS_Report_R1_PUBLIC_20250715.zip__GI_DPP_2022_Cycle_1_SIS_Phase_1_Final_Report_Rev1.pdf.pdf,,low_extraction_confidence,,J2532,10,0.5,pdfplumber,,
,,2022 Cycle,General Documents,Phase1,DPP Phase 1 System Impact Study,2025-07-15,,,,,,,,,,,,707921_GI-DPP-2022-Ph1-All-Regions_SIS_Report_R1_PUBLIC_20250715.zip__GI_DPP_2022_Cycle_1_SIS_Phase_1_Final_Report_Rev1.pdf.pdf,,low_extraction_confidence,,J2533,10,0.5,pdfplumber,,
,,2022 Cycle,General Documents,Phase1,DPP Phase 1 System Impact Study,2025-07-15,,,,,,,,,,,,707921_GI-DPP-2022-Ph1-All-Regions_SIS_Report_R1_PUBLIC_20250715.zip__GI_DPP_2022_Cycle_1_SIS_Phase_1_Final_Report_Rev1.pdf.pdf,,low_extraction_confidence,,J2534,10,0.5,pdfplumber,,
,,2022 Cycle,General Documents,Phase1,DPP Phase 1 System Impact Study,2025-07-15,,,,,,,,,,,,707921_GI-DPP-2022-Ph1-All-Regions_SIS_Report_R1_PUBLIC_20250715.zip__GI_DPP_2022_Cycle_1_SIS_Phase_1_Final_Report_Rev1.pdf.pdf,,low_extraction_confidence,,J2535,10,0.5,pdfplumber,,
,,2022 Cycle,General Documents,Phase1,DPP Phase 1 System Impact Study,2025-07-15,,,,,,,,,,,,707921_GI-DPP-2022-Ph1-All-Regions_SIS_Report_R1_PUBLIC_20250715.zip__GI_DPP_2022_Cycle_1_SIS_Phase_1_Final_Report_Rev1.pdf.pdf,,low_extraction_confidence,,J2536,10,0.5,pdfplumber,,
,,2022 Cycle,General Documents,Phase1,DPP Phase 1 System Impact Study,2025-07-15,,,,,,,,,,,,707921_GI-DPP-2022-Ph1-All-Regions_SIS_Report_R1_PUBLIC_20250715.zip__GI_DPP_2022_Cycle_1_SIS_Phase_1_Final_Report_Rev1.pdf.pdf,,low_extraction_confidence,,J2537,10,0.5,pdfplumber,,
,,2022 Cycle,General Documents,Phase1,DPP Phase 1 System Impact Study,2025-07-15,,,,,,,,,,,,707921_GI-DPP-2022-Ph1-All-Regions_SIS_Report_R1_PUBLIC_20250715.zip__GI_DPP_2022_Cycle_1_SIS_Phase_1_Final_Report_Rev1.pdf.pdf,,low_extraction_confidence,,J2538,10,0.5,pdfplumber,,
,,2022 Cycle,General Documents,Phase1,DPP Phase 1 System Impact Study,2025-07-15,,,,,,,,,,,,707921_GI-DPP-2022-Ph1-All-Regions_SIS_Report_R1_PUBLIC_20250715.zip__GI_DPP_2022_Cycle_1_SIS_Phase_1_Final_Report_Rev1.pdf.pdf,,low_extraction_confidence,,J2539,10,0.5,pdfplumber,,
,,2022 Cycle,General Documents,Phase1,DPP Phase 1 System Impact Study,2025-07-15,,,,,,,,,,,,707921_GI-DPP-2022-Ph1-All-Regions_SIS_Report_R1_PUBLIC_20250715.zip__GI_DPP_2022_Cycle_1_SIS_Phase_1_Final_Report_Rev1.pdf.pdf,,low_extraction_confidence,,J2540,10,0.5,pdfplumber,,
,,2022 Cycle,General Documents,Phase1,DPP Phase 1 System Impact Study,2025-07-15,,,,,,,,,,,,707921_GI-DPP-2022-Ph1-All-Regions_SIS_Report_R1_PUBLIC_20250715.zip__GI_DPP_2022_Cycle_1_SIS_Phase_1_Final_Report_Rev1.pdf.pdf,,low_extraction_confidence,,J2541,10,0.5,pdfplumber,,
,,2022 Cycle,General Documents,Phase1,DPP Phase 1 System Impact Study,2025-07-15,,,,,,,,,,,,707921_GI-DPP-2022-Ph1-All-Regions_SIS_Report_R1_PUBLIC_20250715.zip__GI_DPP_2022_Cycle_1_SIS_Phase_1_Final_Report_Rev1.pdf.pdf,,low_extraction_confidence,,J2543,10,0.5,pdfplumber,,
,,2022 Cycle,General Documents,Phase1,DPP Phase 1 System Impact Study,2025-07-15,,,,,,,,,,,,707921_GI-DPP-2022-Ph1-All-Regions_SIS_Report_R1_PUBLIC_20250715.zip__GI_DPP_2022_Cycle_1_SIS_Phase_1_Final_Report_Rev1.pdf.pdf,,low_extraction_confidence,,J2544,10,0.5,pdfplumber,,
,,2022 Cycle,General Documents,Phase1,DPP Phase 1 System Impact Study,2025-07-15,,,,,,,,,,,,707921_GI-DPP-2022-Ph1-All-Regions_SIS_Report_R1_PUBLIC_20250715.zip__GI_DPP_2022_Cycle_1_SIS_Phase_1_Final_Report_Rev1.pdf.pdf,,low_extraction_confidence,,J2545,10,0.5,pdfplumber,,
,,2022 Cycle,General Documents,Phase1,DPP Phase 1 System Impact Study,2025-07-15,,,,,,,,,,,,707921_GI-DPP-2022-Ph1-All-Regions_SIS_Report_R1_PUBLIC_20250715.zip__GI_DPP_2022_Cycle_1_SIS_Phase_1_Final_Report_Rev1.pdf.pdf,,low_extraction_confidence,,J2546,10,0.5,pdfplumber,,
,,2022 Cycle,General Documents,Phase1,DPP Phase 1 System Impact Study,2025-07-15,,,,,,,,,,,,707921_GI-DPP-2022-Ph1-All-Regions_SIS_Report_R1_PUBLIC_20250715.zip__GI_DPP_2022_Cycle_1_SIS_Phase_1_Final_Report_Rev1.pdf.pdf,,low_extraction_confidence,,J2547,10,0.5,pdfplumber,,
,,2022 Cycle,General Documents,Phase1,DPP Phase 1 System Impact Study,2025-07-15,,,,,,,,,,,,707921_GI-DPP-2022-Ph1-All-Regions_SIS_Report_R1_PUBLIC_20250715.zip__GI_DPP_2022_Cycle_1_SIS_Phase_1_Final_Report_Rev1.pdf.pdf,,low_extraction_confidence,,J2548,10,0.5,pdfplumber,,
,,2022 Cycle,General Documents,Phase1,DPP Phase 1 System Impact Study,2025-07-15,,,,,,,,,,,,707921_GI-DPP-2022-Ph1-All-Regions_SIS_Report_R1_PUBLIC_20250715.zip__GI_DPP_2022_Cycle_1_SIS_Phase_1_Final_Report_Rev1.pdf.pdf,,low_extraction_confidence,,J2550,10,0.5,pdfplumber,,
,,2022 Cycle,General Documents,Phase1,DPP Phase 1 System Impact Study,2025-07-15,,,,,,,,,,,,707921_GI-DPP-2022-Ph1-All-Regions_SIS_Report_R1_PUBLIC_20250715.zip__GI_DPP_2022_Cycle_1_SIS_Phase_1_Final_Report_Rev1.pdf.pdf,,low_extraction_confidence,,J2551,10,0.5,pdfplumber,,
,,2022 Cycle,General Documents,Phase1,DPP Phase 1 System Impact Study,2025-07-15,,,,,,,,,,,,707921_GI-DPP-2022-Ph1-All-Regions_SIS_Report_R1_PUBLIC_20250715.zip__GI_DPP_2022_Cycle_1_SIS_Phase_1_Final_Report_Rev1.pdf.pdf,,low_extraction_confidence,,J2552,10,0.5,pdfplumber,,
,,2022 Cycle,General Documents,Phase1,DPP Phase 1 System Impact Study,2025-07-15,,,,,,,,,,,,707921_GI-DPP-2022-Ph1-All-Regions_SIS_Report_R1_PUBLIC_20250715.zip__GI_DPP_2022_Cycle_1_SIS_Phase_1_Final_Report_Rev1.pdf.pdf,,low_extraction_confidence,,J2553,10,0.5,pdfplumber,,
,,2022 Cycle,General Documents,Phase1,DPP Phase 1 System Impact Study,2025-07-15,,,,,,,,,,,,707921_GI-DPP-2022-Ph1-All-Regions_SIS_Report_R1_PUBLIC_20250715.zip__GI_DPP_2022_Cycle_1_SIS_Phase_1_Final_Report_Rev1.pdf.pdf,,low_extraction_confidence,,J2554,11,0.5,pdfplumber,,
,,2022 Cycle,General Documents,Phase1,DPP Phase 1 System Impact Study,2025-07-15,,,,,,,,,,,,707921_GI-DPP-2022-Ph1-All-Regions_SIS_Report_R1_PUBLIC_20250715.zip__GI_DPP_2022_Cycle_1_SIS_Phase_1_Final_Report_Rev1.pdf.pdf,,low_extraction_confidence,,J2555,11,0.5,pdfplumber,,
,,2022 Cycle,General Documents,Phase1,DPP Phase 1 System Impact Study,2025-07-15,,,,,,,,,,,,707921_GI-DPP-2022-Ph1-All-Regions_SIS_Report_R1_PUBLIC_20250715.zip__GI_DPP_2022_Cycle_1_SIS_Phase_1_Final_Report_Rev1.pdf.pdf,,low_extraction_confidence,,J2556,11,0.5,pdfplumber,,
,,2022 Cycle,General Documents,Phase1,DPP Phase 1 System Impact Study,2025-07-15,,,,,,,,,,,,707921_GI-DPP-2022-Ph1-All-Regions_SIS_Report_R1_PUBLIC_20250715.zip__GI_DPP_2022_Cycle_1_SIS_Phase_1_Final_Report_Rev1.pdf.pdf,,low_extraction_confidence,,J2557,11,0.5,pdfplumber,,
,,2022 Cycle,General Documents,Phase1,DPP Phase 1 System Impact Study,2025-07-15,,,,,,,,,,,,707921_GI-DPP-2022-Ph1-All-Regions_SIS_Report_R1_PUBLIC_20250715.zip__GI_DPP_2022_Cycle_1_SIS_Phase_1_Final_Report_Rev1.pdf.pdf,,low_extraction_confidence,,J2559,11,0.5,pdfplumber,,
,,2022 Cycle,General Documents,Phase1,DPP Phase 1 System Impact Study,2025-07-15,,,,,,,,,,,,707921_GI-DPP-2022-Ph1-All-Regions_SIS_Report_R1_PUBLIC_20250715.zip__GI_DPP_2022_Cycle_1_SIS_Phase_1_Final_Report_Rev1.pdf.pdf,,low_extraction_confidence,,J2560,11,0.5,pdfplumber,,
,,2022 Cycle,General Documents,Phase1,DPP Phase 1 System Impact Study,2025-07-15,,,,,,,,,,,,707921_GI-DPP-2022-Ph1-All-Regions_SIS_Report_R1_PUBLIC_20250715.zip__GI_DPP_2022_Cycle_1_SIS_Phase_1_Final_Report_Rev1.pdf.pdf,,low_extraction_confidence,,J2561,11,0.5,pdfplumber,,
,,2022 Cycle,General Documents,Phase1,DPP Phase 1 System Impact Study,2025-07-15,,,,,,,,,,,,707921_GI-DPP-2022-Ph1-All-Regions_SIS_Report_R1_PUBLIC_20250715.zip__GI_DPP_2022_Cycle_1_SIS_Phase_1_Final_Report_Rev1.pdf.pdf,,low_extraction_confidence,,J2562,11,0.5,pdfplumber,,
,,2022 Cycle,General Documents,Phase1,DPP Phase 1 System Impact Study,2025-07-15,,,,,,,,,,,,707921_GI-DPP-2022-Ph1-All-Regions_SIS_Report_R1_PUBLIC_20250715.zip__GI_DPP_2022_Cycle_1_SIS_Phase_1_Final_Report_Rev1.pdf.pdf,,low_extraction_confidence,,J2563,11,0.5,pdfplumber,,
,,2022 Cycle,General Documents,Phase1,DPP Phase 1 System Impact Study,2025-07-15,,,,,,,,,,,,707921_GI-DPP-2022-Ph1-All-Regions_SIS_Report_R1_PUBLIC_20250715.zip__GI_DPP_2022_Cycle_1_SIS_Phase_1_Final_Report_Rev1.pdf.pdf,,low_extraction_confidence,,J2564,11,0.5,pdfplumber,,
,,2022 Cycle,General Documents,Phase1,DPP Phase 1 System Impact Study,2025-07-15,,,,,,,,,,,,707921_GI-DPP-2022-Ph1-All-Regions_SIS_Report_R1_PUBLIC_20250715.zip__GI_DPP_2022_Cycle_1_SIS_Phase_1_Final_Report_Rev1.pdf.pdf,,low_extraction_confidence,,J2565,11,0.5,pdfplumber,,
,,2022 Cycle,General Documents,Phase1,DPP Phase 1 System Impact Study,2025-07-15,,,,,,,,,,,,707921_GI-DPP-2022-Ph1-All-Regions_SIS_Report_R1_PUBLIC_20250715.zip__GI_DPP_2022_Cycle_1_SIS_Phase_1_Final_Report_Rev1.pdf.pdf,,low_extraction_confidence,,J2566,11,0.5,pdfplumber,,
,,2022 Cycle,General Documents,Phase1,DPP Phase 1 System Impact Study,2025-07-15,,,,,,,,,,,,707921_GI-DPP-2022-Ph1-All-Regions_SIS_Report_R1_PUBLIC_20250715.zip__GI_DPP_2022_Cycle_1_SIS_Phase_1_Final_Report_Rev1.pdf.pdf,,low_extraction_confidence,,J2567,11,0.5,pdfplumber,,
,,2022 Cycle,General Documents,Phase1,DPP Phase 1 System Impact Study,2025-07-15,,,,,,,,,,,,707921_GI-DPP-2022-Ph1-All-Regions_SIS_Report_R1_PUBLIC_20250715.zip__GI_DPP_2022_Cycle_1_SIS_Phase_1_Final_Report_Rev1.pdf.pdf,,low_extraction_confidence,,J2569,11,0.5,pdfplumber,,
,,2022 Cycle,General Documents,Phase1,DPP Phase 1 System Impact Study,2025-07-15,,,,,,,,,,,,707921_GI-DPP-2022-Ph1-All-Regions_SIS_Report_R1_PUBLIC_20250715.zip__GI_DPP_2022_Cycle_1_SIS_Phase_1_Final_Report_Rev1.pdf.pdf,,low_extraction_confidence,,J2570,11,0.5,pdfplumber,,
,,2022 Cycle,General Documents,Phase1,DPP Phase 1 System Impact Study,2025-07-15,,,,,,,,,,,,707921_GI-DPP-2022-Ph1-All-Regions_SIS_Report_R1_PUBLIC_20250715.zip__GI_DPP_2022_Cycle_1_SIS_Phase_1_Final_Report_Rev1.pdf.pdf,,low_extraction_confidence,,J2571,11,0.5,pdfplumber,,
,,2022 Cycle,General Documents,Phase1,DPP Phase 1 System Impact Study,2025-07-15,,,,,,,,,,,,707921_GI-DPP-2022-Ph1-All-Regions_SIS_Report_R1_PUBLIC_20250715.zip__GI_DPP_2022_Cycle_1_SIS_Phase_1_Final_Report_Rev1.pdf.pdf,,low_extraction_confidence,,J866,11,0.5,pdfplumber,,
,,2022 Cycle,General Documents,Phase1,DPP Phase 1 System Impact Study,2025-07-15,,,,,,,,,,,,707921_GI-DPP-2022-Ph1-All-Regions_SIS_Report_R1_PUBLIC_20250715.zip__GI_DPP_2022_Cycle_1_SIS_Phase_1_Final_Report_Rev1.pdf.pdf,,low_extraction_confidence,,J2572,11,0.5,pdfplumber,,
,,2022 Cycle,General Documents,Phase1,DPP Phase 1 System Impact Study,2025-07-15,,,,,,,,,,,,707921_GI-DPP-2022-Ph1-All-Regions_SIS_Report_R1_PUBLIC_20250715.zip__GI_DPP_2022_Cycle_1_SIS_Phase_1_Final_Report_Rev1.pdf.pdf,,low_extraction_confidence,,J2573,11,0.5,pdfplumber,,
,,2022 Cycle,General Documents,Phase1,DPP Phase 1 System Impact Study,2025-07-15,,,,,,,,,,,,707921_GI-DPP-2022-Ph1-All-Regions_SIS_Report_R1_PUBLIC_20250715.zip__GI_DPP_2022_Cycle_1_SIS_Phase_1_Final_Report_Rev1.pdf.pdf,,low_extraction_confidence,,J2574,11,0.5,pdfplumber,,
,,2022 Cycle,General Documents,Phase1,DPP Phase 1 System Impact Study,2025-07-15,,,,,,,,,,,,707921_GI-DPP-2022-Ph1-All-Regions_SIS_Report_R1_PUBLIC_20250715.zip__GI_DPP_2022_Cycle_1_SIS_Phase_1_Final_Report_Rev1.pdf.pdf,,low_extraction_confidence,,J2575,11,0.5,pdfplumber,,
,,2022 Cycle,General Documents,Phase1,DPP Phase 1 System Impact Study,2025-07-15,,,,,,,,,,,,707921_GI-DPP-2022-Ph1-All-Regions_SIS_Report_R1_PUBLIC_20250715.zip__GI_DPP_2022_Cycle_1_SIS_Phase_1_Final_Report_Rev1.pdf.pdf,,low_extraction_confidence,,J2576,11,0.5,pdfplumber,,
,,2022 Cycle,General Documents,Phase1,DPP Phase 1 System Impact Study,2025-07-15,,,,,,,,,,,,707921_GI-DPP-2022-Ph1-All-Regions_SIS_Report_R1_PUBLIC_20250715.zip__GI_DPP_2022_Cycle_1_SIS_Phase_1_Final_Report_Rev1.pdf.pdf,,low_extraction_confidence,,J2577,11,0.5,pdfplumber,,
,,2022 Cycle,General Documents,Phase1,DPP Phase 1 System Impact Study,2025-07-15,,,,,,,,,,,,707921_GI-DPP-2022-Ph1-All-Regions_SIS_Report_R1_PUBLIC_20250715.zip__GI_DPP_2022_Cycle_1_SIS_Phase_1_Final_Report_Rev1.pdf.pdf,,low_extraction_confidence,,J2578,11,0.5,pdfplumber,,
,,2022 Cycle,General Documents,Phase1,DPP Phase 1 System Impact Study,2025-07-15,,,,,,,,,,,,707921_GI-DPP-2022-Ph1-All-Regions_SIS_Report_R1_PUBLIC_20250715.zip__GI_DPP_2022_Cycle_1_SIS_Phase_1_Final_Report_Rev1.pdf.pdf,,low_extraction_confidence,,J2580,11,0.5,pdfplumber,,
,,2022 Cycle,General Documents,Phase1,DPP Phase 1 System Impact Study,2025-07-15,,,,,,,,,,,,707921_GI-DPP-2022-Ph1-All-Regions_SIS_Report_R1_PUBLIC_20250715.zip__GI_DPP_2022_Cycle_1_SIS_Phase_1_Final_Report_Rev1.pdf.pdf,,low_extraction_confidence,,J2581,11,0.5,pdfplumber,,
,,2022 Cycle,General Documents,Phase1,DPP Phase 1 System Impact Study,2025-07-15,,,,,,,,,,,,707921_GI-DPP-2022-Ph1-All-Regions_SIS_Report_R1_PUBLIC_20250715.zip__GI_DPP_2022_Cycle_1_SIS_Phase_1_Final_Report_Rev1.pdf.pdf,,low_extraction_confidence,,J2582,11,0.5,pdfplumber,,
,,2022 Cycle,General Documents,Phase1,DPP Phase 1 System Impact Study,2025-07-15,,,,,,,,,,,,707921_GI-DPP-2022-Ph1-All-Regions_SIS_Report_R1_PUBLIC_20250715.zip__GI_DPP_2022_Cycle_1_SIS_Phase_1_Final_Report_Rev1.pdf.pdf,,low_extraction_confidence,,J2583,11,0.5,pdfplumber,,
,,2022 Cycle,General Documents,Phase1,DPP Phase 1 System Impact Study,2025-07-15,,,,,,,,,,,,707921_GI-DPP-2022-Ph1-All-Regions_SIS_Report_R1_PUBLIC_20250715.zip__GI_DPP_2022_Cycle_1_SIS_Phase_1_Final_Report_Rev1.pdf.pdf,,low_extraction_confidence,,J2586,11,0.5,pdfplumber,,
,,2022 Cycle,General Documents,Phase1,DPP Phase 1 System Impact Study,2025-07-15,,,,,,,,,,,,707921_GI-DPP-2022-Ph1-All-Regions_SIS_Report_R1_PUBLIC_20250715.zip__GI_DPP_2022_Cycle_1_SIS_Phase_1_Final_Report_Rev1.pdf.pdf,,low_extraction_confidence,,J2587,11,0.5,pdfplumber,,
,,2022 Cycle,General Documents,Phase1,DPP Phase 1 System Impact Study,2025-07-15,,,,,,,,,,,,707921_GI-DPP-2022-Ph1-All-Regions_SIS_Report_R1_PUBLIC_20250715.zip__GI_DPP_2022_Cycle_1_SIS_Phase_1_Final_Report_Rev1.pdf.pdf,,low_extraction_confidence,,J2588,11,0.5,pdfplumber,,
,,2022 Cycle,General Documents,Phase1,DPP Phase 1 System Impact Study,2025-07-15,,,,,,,,,,,,707921_GI-DPP-2022-Ph1-All-Regions_SIS_Report_R1_PUBLIC_20250715.zip__GI_DPP_2022_Cycle_1_SIS_Phase_1_Final_Report_Rev1.pdf.pdf,,low_extraction_confidence,,J2589,11,0.5,pdfplumber,,
,,2022 Cycle,General Documents,Phase1,DPP Phase 1 System Impact Study,2025-07-15,,,,,,,,,,,,707921_GI-DPP-2022-Ph1-All-Regions_SIS_Report_R1_PUBLIC_20250715.zip__GI_DPP_2022_Cycle_1_SIS_Phase_1_Final_Report_Rev1.pdf.pdf,,low_extraction_confidence,,J2590,11,0.5,pdfplumber,,
,,2022 Cycle,General Documents,Phase1,DPP Phase 1 System Impact Study,2025-07-15,,,,,,,,,,,,707921_GI-DPP-2022-Ph1-All-Regions_SIS_Report_R1_PUBLIC_20250715.zip__GI_DPP_2022_Cycle_1_SIS_Phase_1_Final_Report_Rev1.pdf.pdf,,low_extraction_confidence,,J2591,11,0.5,pdfplumber,,
,,2022 Cycle,General Documents,Phase1,DPP Phase 1 System Impact Study,2025-07-15,,,,,,,,,,,,707921_GI-DPP-2022-Ph1-All-Regions_SIS_Report_R1_PUBLIC_20250715.zip__GI_DPP_2022_Cycle_1_SIS_Phase_1_Final_Report_Rev1.pdf.pdf,,low_extraction_confidence,,J2592,11,0.5,pdfplumber,,
,,2022 Cycle,General Documents,Phase1,DPP Phase 1 System Impact Study,2025-07-15,,,,,,,,,,,,707921_GI-DPP-2022-Ph1-All-Regions_SIS_Report_R1_PUBLIC_20250715.zip__GI_DPP_2022_Cycle_1_SIS_Phase_1_Final_Report_Rev1.pdf.pdf,,low_extraction_confidence,,J2593,11,0.5,pdfplumber,,
,,2022 Cycle,General Documents,Phase1,DPP Phase 1 System Impact Study,2025-07-15,,,,,,,,,,,,707921_GI-DPP-2022-Ph1-All-Regions_SIS_Report_R1_PUBLIC_20250715.zip__GI_DPP_2022_Cycle_1_SIS_Phase_1_Final_Report_Rev1.pdf.pdf,,low_extraction_confidence,,J2594,11,0.5,pdfplumber,,
,,2022 Cycle,General Documents,Phase1,DPP Phase 1 System Impact Study,2025-07-15,,,,,,,,,,,,707921_GI-DPP-2022-Ph1-All-Regions_SIS_Report_R1_PUBLIC_20250715.zip__GI_DPP_2022_Cycle_1_SIS_Phase_1_Final_Report_Rev1.pdf.pdf,,low_extraction_confidence,,J2598,11,0.5,pdfplumber,,
,,2022 Cycle,General Documents,Phase1,DPP Phase 1 System Impact Study,2025-07-15,,,,,,,,,,,,707921_GI-DPP-2022-Ph1-All-Regions_SIS_Report_R1_PUBLIC_20250715.zip__GI_DPP_2022_Cycle_1_SIS_Phase_1_Final_Report_Rev1.pdf.pdf,,low_extraction_confidence,,J2599,11,0.5,pdfplumber,,
,,2022 Cycle,General Documents,Phase1,DPP Phase 1 System Impact Study,2025-07-15,,,,,,,,,,,,707921_GI-DPP-2022-Ph1-All-Regions_SIS_Report_R1_PUBLIC_20250715.zip__GI_DPP_2022_Cycle_1_SIS_Phase_1_Final_Report_Rev1.pdf.pdf,,low_extraction_confidence,,J2601,11,0.5,pdfplumber,,
,,2022 Cycle,General Documents,Phase1,DPP Phase 1 System Impact Study,2025-07-15,,,,,,,,,,,,707921_GI-DPP-2022-Ph1-All-Regions_SIS_Report_R1_PUBLIC_20250715.zip__GI_DPP_2022_Cycle_1_SIS_Phase_1_Final_Report_Rev1.pdf.pdf,,low_extraction_confidence,,J2602,11,0.5,pdfplumber,,
,,2022 Cycle,General Documents,Phase1,DPP Phase 1 System Impact Study,2025-07-15,,,,,,,,,,,,707921_GI-DPP-2022-Ph1-All-Regions_SIS_Report_R1_PUBLIC_20250715.zip__GI_DPP_2022_Cycle_1_SIS_Phase_1_Final_Report_Rev1.pdf.pdf,,low_extraction_confidence,,J2603,11,0.5,pdfplumber,,
,,2022 Cycle,General Documents,Phase1,DPP Phase 1 System Impact Study,2025-07-15,,,,,,,,,,,,707921_GI-DPP-2022-Ph1-All-Regions_SIS_Report_R1_PUBLIC_20250715.zip__GI_DPP_2022_Cycle_1_SIS_Phase_1_Final_Report_Rev1.pdf.pdf,,low_extraction_confidence,,J2604,11,0.5,pdfplumber,,
,,2022 Cycle,General Documents,Phase1,DPP Phase 1 System Impact Study,2025-07-15,,,,,,,,,,,,707921_GI-DPP-2022-Ph1-All-Regions_SIS_Report_R1_PUBLIC_20250715.zip__GI_DPP_2022_Cycle_1_SIS_Phase_1_Final_Report_Rev1.pdf.pdf,,low_extraction_confidence,,J2605,11,0.5,pdfplumber,,
,,2022 Cycle,General Documents,Phase1,DPP Phase 1 System Impact Study,2025-07-15,,,,,,,,,,,,707921_GI-DPP-2022-Ph1-All-Regions_SIS_Report_R1_PUBLIC_20250715.zip__GI_DPP_2022_Cycle_1_SIS_Phase_1_Final_Report_Rev1.pdf.pdf,,low_extraction_confidence,,J2606,11,0.5,pdfplumber,,
,,2022 Cycle,General Documents,Phase1,DPP Phase 1 System Impact Study,2025-07-15,,,,,,,,,,,,707921_GI-DPP-2022-Ph1-All-Regions_SIS_Report_R1_PUBLIC_20250715.zip__GI_DPP_2022_Cycle_1_SIS_Phase_1_Final_Report_Rev1.pdf.pdf,,low_extraction_confidence,,J2607,11,0.5,pdfplumber,,
,,2022 Cycle,General Documents,Phase1,DPP Phase 1 System Impact Study,2025-07-15,,,,,,,,,,,,707921_GI-DPP-2022-Ph1-All-Regions_SIS_Report_R1_PUBLIC_20250715.zip__GI_DPP_2022_Cycle_1_SIS_Phase_1_Final_Report_Rev1.pdf.pdf,,low_extraction_confidence,,J2609,11,0.5,pdfplumber,,
,,2022 Cycle,General Documents,Phase1,DPP Phase 1 System Impact Study,2025-07-15,,,,,,,,,,,,707921_GI-DPP-2022-Ph1-All-Regions_SIS_Report_R1_PUBLIC_20250715.zip__GI_DPP_2022_Cycle_1_SIS_Phase_1_Final_Report_Rev1.pdf.pdf,,low_extraction_confidence,,J2610,11,0.5,pdfplumber,,
,,2022 Cycle,General Documents,Phase1,DPP Phase 1 System Impact Study,2025-07-15,,,,,,,,,,,,707921_GI-DPP-2022-Ph1-All-Regions_SIS_Report_R1_PUBLIC_20250715.zip__GI_DPP_2022_Cycle_1_SIS_Phase_1_Final_Report_Rev1.pdf.pdf,,low_extraction_confidence,,J2611,11,0.5,pdfplumber,,
,,2022 Cycle,General Documents,Phase1,DPP Phase 1 System Impact Study,2025-07-15,,,,,,,,,,,,707921_GI-DPP-2022-Ph1-All-Regions_SIS_Report_R1_PUBLIC_20250715.zip__GI_DPP_2022_Cycle_1_SIS_Phase_1_Final_Report_Rev1.pdf.pdf,,low_extraction_confidence,,J2612,11,0.5,pdfplumber,,
,,2022 Cycle,General Documents,Phase1,DPP Phase 1 System Impact Study,2025-07-15,,,,,,,,,,,,707921_GI-DPP-2022-Ph1-All-Regions_SIS_Report_R1_PUBLIC_20250715.zip__GI_DPP_2022_Cycle_1_SIS_Phase_1_Final_Report_Rev1.pdf.pdf,,low_extraction_confidence,,J2613,11,0.5,pdfplumber,,
,,2022 Cycle,General Documents,Phase1,DPP Phase 1 System Impact Study,2025-07-15,,,,,,,,,,,,707921_GI-DPP-2022-Ph1-All-Regions_SIS_Report_R1_PUBLIC_20250715.zip__GI_DPP_2022_Cycle_1_SIS_Phase_1_Final_Report_Rev1.pdf.pdf,,low_extraction_confidence,,J2614,11,0.5,pdfplumber,,
,,2022 Cycle,General Documents,Phase1,DPP Phase 1 System Impact Study,2025-07-15,,,,,,,,,,,,707921_GI-DPP-2022-Ph1-All-Regions_SIS_Report_R1_PUBLIC_20250715.zip__GI_DPP_2022_Cycle_1_SIS_Phase_1_Final_Report_Rev1.pdf.pdf,,low_extraction_confidence,,J2615,11,0.5,pdfplumber,,
,,2022 Cycle,General Documents,Phase1,DPP Phase 1 System Impact Study,2025-07-15,,,,,,,,,,,,707921_GI-DPP-2022-Ph1-All-Regions_SIS_Report_R1_PUBLIC_20250715.zip__GI_DPP_2022_Cycle_1_SIS_Phase_1_Final_Report_Rev1.pdf.pdf,,low_extraction_confidence,,J2616,11,0.5,pdfplumber,,
,,2022 Cycle,General Documents,Phase1,DPP Phase 1 System Impact Study,2025-07-15,,,,,,,,,,,,707921_GI-DPP-2022-Ph1-All-Regions_SIS_Report_R1_PUBLIC_20250715.zip__GI_DPP_2022_Cycle_1_SIS_Phase_1_Final_Report_Rev1.pdf.pdf,,low_extraction_confidence,,J2617,11,0.5,pdfplumber,,
,,2022 Cycle,General Documents,Phase1,DPP Phase 1 System Impact Study,2025-07-15,,,,,,,,,,,,707921_GI-DPP-2022-Ph1-All-Regions_SIS_Report_R1_PUBLIC_20250715.zip__GI_DPP_2022_Cycle_1_SIS_Phase_1_Final_Report_Rev1.pdf.pdf,,low_extraction_confidence,,J2618,11,0.5,pdfplumber,,
,,2022 Cycle,General Documents,Phase1,DPP Phase 1 System Impact Study,2025-07-15,,,,,,,,,,,,707921_GI-DPP-2022-Ph1-All-Regions_SIS_Report_R1_PUBLIC_20250715.zip__GI_DPP_2022_Cycle_1_SIS_Phase_1_Final_Report_Rev1.pdf.pdf,,low_extraction_confidence,,J2619,11,0.5,pdfplumber,,
,,2022 Cycle,General Documents,Phase1,DPP Phase 1 System Impact Study,2025-07-15,,,,,,,,,,,,707921_GI-DPP-2022-Ph1-All-Regions_SIS_Report_R1_PUBLIC_20250715.zip__GI_DPP_2022_Cycle_1_SIS_Phase_1_Final_Report_Rev1.pdf.pdf,,low_extraction_confidence,,J2620,11,0.5,pdfplumber,,
,,2022 Cycle,General Documents,Phase1,DPP Phase 1 System Impact Study,2025-07-15,,,,,,,,,,,,707921_GI-DPP-2022-Ph1-All-Regions_SIS_Report_R1_PUBLIC_20250715.zip__GI_DPP_2022_Cycle_1_SIS_Phase_1_Final_Report_Rev1.pdf.pdf,,low_extraction_confidence,,J2621,11,0.5,pdfplumber,,
,,2022 Cycle,General Documents,Phase1,DPP Phase 1 System Impact Study,2025-07-15,,,,,,,,,,,,707921_GI-DPP-2022-Ph1-All-Regions_SIS_Report_R1_PUBLIC_20250715.zip__GI_DPP_2022_Cycle_1_SIS_Phase_1_Final_Report_Rev1.pdf.pdf,,low_extraction_confidence,,J2622,11,0.5,pdfplumber,,
,,2022 Cycle,General Documents,Phase1,DPP Phase 1 System Impact Study,2025-07-15,,,,,,,,,,,,707921_GI-DPP-2022-Ph1-All-Regions_SIS_Report_R1_PUBLIC_20250715.zip__GI_DPP_2022_Cycle_1_SIS_Phase_1_Final_Report_Rev1.pdf.pdf,,low_extraction_confidence,,J2623,11,0.5,pdfplumber,,
,,2022 Cycle,General Documents,Phase1,DPP Phase 1 System Impact Study,2025-07-15,,,,,,,,,,,,707921_GI-DPP-2022-Ph1-All-Regions_SIS_Report_R1_PUBLIC_20250715.zip__GI_DPP_2022_Cycle_1_SIS_Phase_1_Final_Report_Rev1.pdf.pdf,,low_extraction_confidence,,J2625,11,0.5,pdfplumber,,
,,2022 Cycle,General Documents,Phase1,DPP Phase 1 System Impact Study,2025-07-15,,,,,,,,,,,,707921_GI-DPP-2022-Ph1-All-Regions_SIS_Report_R1_PUBLIC_20250715.zip__GI_DPP_2022_Cycle_1_SIS_Phase_1_Final_Report_Rev1.pdf.pdf,,low_extraction_confidence,,J2626,11,0.5,pdfplumber,,
,,2022 Cycle,General Documents,Phase1,DPP Phase 1 System Impact Study,2025-07-15,,,,,,,,,,,,707921_GI-DPP-2022-Ph1-All-Regions_SIS_Report_R1_PUBLIC_20250715.zip__GI_DPP_2022_Cycle_1_SIS_Phase_1_Final_Report_Rev1.pdf.pdf,,low_extraction_confidence,,J2627,11,0.5,pdfplumber,,
,,2022 Cycle,General Documents,Phase1,DPP Phase 1 System Impact Study,2025-07-15,,,,,,,,,,,,707921_GI-DPP-2022-Ph1-All-Regions_SIS_Report_R1_PUBLIC_20250715.zip__GI_DPP_2022_Cycle_1_SIS_Phase_1_Final_Report_Rev1.pdf.pdf,,low_extraction_confidence,,J2628,12,0.5,pdfplumber,,
,,2022 Cycle,General Documents,Phase1,DPP Phase 1 System Impact Study,2025-07-15,,,,,,,,,,,,707921_GI-DPP-2022-Ph1-All-Regions_SIS_Report_R1_PUBLIC_20250715.zip__GI_DPP_2022_Cycle_1_SIS_Phase_1_Final_Report_Rev1.pdf.pdf,,low_extraction_confidence,,J2629,12,0.5,pdfplumber,,
,,2022 Cycle,General Documents,Phase1,DPP Phase 1 System Impact Study,2025-07-15,,,,,,,,,,,,707921_GI-DPP-2022-Ph1-All-Regions_SIS_Report_R1_PUBLIC_20250715.zip__GI_DPP_2022_Cycle_1_SIS_Phase_1_Final_Report_Rev1.pdf.pdf,,low_extraction_confidence,,J2630,12,0.5,pdfplumber,,
,,2022 Cycle,General Documents,Phase1,DPP Phase 1 System Impact Study,2025-07-15,,,,,,,,,,,,707921_GI-DPP-2022-Ph1-All-Regions_SIS_Report_R1_PUBLIC_20250715.zip__GI_DPP_2022_Cycle_1_SIS_Phase_1_Final_Report_Rev1.pdf.pdf,,low_extraction_confidence,,J2631,12,0.5,pdfplumber,,
,,2022 Cycle,General Documents,Phase1,DPP Phase 1 System Impact Study,2025-07-15,,,,,,,,,,,,707921_GI-DPP-2022-Ph1-All-Regions_SIS_Report_R1_PUBLIC_20250715.zip__GI_DPP_2022_Cycle_1_SIS_Phase_1_Final_Report_Rev1.pdf.pdf,,low_extraction_confidence,,J2632,12,0.5,pdfplumber,,
,,2022 Cycle,General Documents,Phase1,DPP Phase 1 System Impact Study,2025-07-15,,,,,,,,,,,,707921_GI-DPP-2022-Ph1-All-Regions_SIS_Report_R1_PUBLIC_20250715.zip__GI_DPP_2022_Cycle_1_SIS_Phase_1_Final_Report_Rev1.pdf.pdf,,low_extraction_confidence,,J2634,12,0.5,pdfplumber,,
,,2022 Cycle,General Documents,Phase1,DPP Phase 1 System Impact Study,2025-07-15,,,,,,,,,,,,707921_GI-DPP-2022-Ph1-All-Regions_SIS_Report_R1_PUBLIC_20250715.zip__GI_DPP_2022_Cycle_1_SIS_Phase_1_Final_Report_Rev1.pdf.pdf,,low_extraction_confidence,,J2639,12,0.5,pdfplumber,,
,,2022 Cycle,General Documents,Phase1,DPP Phase 1 System Impact Study,2025-07-15,,,,,,,,,,,,707921_GI-DPP-2022-Ph1-All-Regions_SIS_Report_R1_PUBLIC_20250715.zip__GI_DPP_2022_Cycle_1_SIS_Phase_1_Final_Report_Rev1.pdf.pdf,,low_extraction_confidence,,J2640,12,0.5,pdfplumber,,
,,2022 Cycle,General Documents,Phase1,DPP Phase 1 System Impact Study,2025-07-15,,,,,,,,,,,,707921_GI-DPP-2022-Ph1-All-Regions_SIS_Report_R1_PUBLIC_20250715.zip__GI_DPP_2022_Cycle_1_SIS_Phase_1_Final_Report_Rev1.pdf.pdf,,low_extraction_confidence,,J2641,12,0.5,pdfplumber,,
,,2022 Cycle,General Documents,Phase1,DPP Phase 1 System Impact Study,2025-07-15,,,,,,,,,,,,707921_GI-DPP-2022-Ph1-All-Regions_SIS_Report_R1_PUBLIC_20250715.zip__GI_DPP_2022_Cycle_1_SIS_Phase_1_Final_Report_Rev1.pdf.pdf,,low_extraction_confidence,,J2642,12,0.5,pdfplumber,,
,,2022 Cycle,General Documents,Phase1,DPP Phase 1 System Impact Study,2025-07-15,,,,,,,,,,,,707921_GI-DPP-2022-Ph1-All-Regions_SIS_Report_R1_PUBLIC_20250715.zip__GI_DPP_2022_Cycle_1_SIS_Phase_1_Final_Report_Rev1.pdf.pdf,,low_extraction_confidence,,J2643,12,0.5,pdfplumber,,
,,2022 Cycle,General Documents,Phase1,DPP Phase 1 System Impact Study,2025-07-15,,,,,,,,,,,,707921_GI-DPP-2022-Ph1-All-Regions_SIS_Report_R1_PUBLIC_20250715.zip__GI_DPP_2022_Cycle_1_SIS_Phase_1_Final_Report_Rev1.pdf.pdf,,low_extraction_confidence,,J2644,12,0.5,pdfplumber,,
,,2022 Cycle,General Documents,Phase1,DPP Phase 1 System Impact Study,2025-07-15,,,,,,,,,,,,707921_GI-DPP-2022-Ph1-All-Regions_SIS_Report_R1_PUBLIC_20250715.zip__GI_DPP_2022_Cycle_1_SIS_Phase_1_Final_Report_Rev1.pdf.pdf,,low_extraction_confidence,,J2645,12,0.5,pdfplumber,,
,,2022 Cycle,General Documents,Phase1,DPP Phase 1 System Impact Study,2025-07-15,,,,,,,,,,,,707921_GI-DPP-2022-Ph1-All-Regions_SIS_Report_R1_PUBLIC_20250715.zip__GI_DPP_2022_Cycle_1_SIS_Phase_1_Final_Report_Rev1.pdf.pdf,,low_extraction_confidence,,J2646,12,0.5,pdfplumber,,
,,2022 Cycle,General Documents,Phase1,DPP Phase 1 System Impact Study,2025-07-15,,,,,,,,,,,,707921_GI-DPP-2022-Ph1-All-Regions_SIS_Report_R1_PUBLIC_20250715.zip__GI_DPP_2022_Cycle_1_SIS_Phase_1_Final_Report_Rev1.pdf.pdf,,low_extraction_confidence,,J2647,12,0.5,pdfplumber,,
,,2022 Cycle,General Documents,Phase1,DPP Phase 1 System Impact Study,2025-07-15,,,,,,,,,,,,707921_GI-DPP-2022-Ph1-All-Regions_SIS_Report_R1_PUBLIC_20250715.zip__GI_DPP_2022_Cycle_1_SIS_Phase_1_Final_Report_Rev1.pdf.pdf,,low_extraction_confidence,,J2648,12,0.5,pdfplumber,,
,,2022 Cycle,General Documents,Phase1,DPP Phase 1 System Impact Study,2025-07-15,,,,,,,,,,,,707921_GI-DPP-2022-Ph1-All-Regions_SIS_Report_R1_PUBLIC_20250715.zip__GI_DPP_2022_Cycle_1_SIS_Phase_1_Final_Report_Rev1.pdf.pdf,,low_extraction_confidence,,J2651,12,0.5,pdfplumber,,
,,2022 Cycle,General Documents,Phase1,DPP Phase 1 System Impact Study,2025-07-15,,,,,,,,,,,,707921_GI-DPP-2022-Ph1-All-Regions_SIS_Report_R1_PUBLIC_20250715.zip__GI_DPP_2022_Cycle_1_SIS_Phase_1_Final_Report_Rev1.pdf.pdf,,low_extraction_confidence,,J2652,12,0.5,pdfplumber,,
,,2022 Cycle,General Documents,Phase1,DPP Phase 1 System Impact Study,2025-07-15,,,,,,,,,,,,707921_GI-DPP-2022-Ph1-All-Regions_SIS_Report_R1_PUBLIC_20250715.zip__GI_DPP_2022_Cycle_1_SIS_Phase_1_Final_Report_Rev1.pdf.pdf,,low_extraction_confidence,,J2653,12,0.5,pdfplumber,,
,,2022 Cycle,General Documents,Phase1,DPP Phase 1 System Impact Study,2025-07-15,,,,,,,,,,,,707921_GI-DPP-2022-Ph1-All-Regions_SIS_Report_R1_PUBLIC_20250715.zip__GI_DPP_2022_Cycle_1_SIS_Phase_1_Final_Report_Rev1.pdf.pdf,,low_extraction_confidence,,J2654,12,0.5,pdfplumber,,
,,2022 Cycle,General Documents,Phase1,DPP Phase 1 System Impact Study,2025-07-15,,,,,,,,,,,,707921_GI-DPP-2022-Ph1-All-Regions_SIS_Report_R1_PUBLIC_20250715.zip__GI_DPP_2022_Cycle_1_SIS_Phase_1_Final_Report_Rev1.pdf.pdf,,low_extraction_confidence,,J2655,12,0.5,pdfplumber,,
,,2022 Cycle,General Documents,Phase1,DPP Phase 1 System Impact Study,2025-07-15,,,,,,,,,,,,707921_GI-DPP-2022-Ph1-All-Regions_SIS_Report_R1_PUBLIC_20250715.zip__GI_DPP_2022_Cycle_1_SIS_Phase_1_Final_Report_Rev1.pdf.pdf,,low_extraction_confidence,,J2656,12,0.5,pdfplumber,,
,,2022 Cycle,General Documents,Phase1,DPP Phase 1 System Impact Study,2025-07-15,,,,,,,,,,,,707921_GI-DPP-2022-Ph1-All-Regions_SIS_Report_R1_PUBLIC_20250715.zip__GI_DPP_2022_Cycle_1_SIS_Phase_1_Final_Report_Rev1.pdf.pdf,,low_extraction_confidence,,J2657,12,0.5,pdfplumber,,
,,2022 Cycle,General Documents,Phase1,DPP Phase 1 System Impact Study,2025-07-15,,,,,,,,,,,,707921_GI-DPP-2022-Ph1-All-Regions_SIS_Report_R1_PUBLIC_20250715.zip__GI_DPP_2022_Cycle_1_SIS_Phase_1_Final_Report_Rev1.pdf.pdf,,low_extraction_confidence,,J2659,12,0.5,pdfplumber,,
,,2022 Cycle,General Documents,Phase1,DPP Phase 1 System Impact Study,2025-07-15,,,,,,,,,,,,707921_GI-DPP-2022-Ph1-All-Regions_SIS_Report_R1_PUBLIC_20250715.zip__GI_DPP_2022_Cycle_1_SIS_Phase_1_Final_Report_Rev1.pdf.pdf,,low_extraction_confidence,,J2661,12,0.5,pdfplumber,,
,,2022 Cycle,General Documents,Phase1,DPP Phase 1 System Impact Study,2025-07-15,,,,,,,,,,,,707921_GI-DPP-2022-Ph1-All-Regions_SIS_Report_R1_PUBLIC_20250715.zip__GI_DPP_2022_Cycle_1_SIS_Phase_1_Final_Report_Rev1.pdf.pdf,,low_extraction_confidence,,J2662,12,0.5,pdfplumber,,
,,2022 Cycle,General Documents,Phase1,DPP Phase 1 System Impact Study,2025-07-15,,,,,,,,,,,,707921_GI-DPP-2022-Ph1-All-Regions_SIS_Report_R1_PUBLIC_20250715.zip__GI_DPP_2022_Cycle_1_SIS_Phase_1_Final_Report_Rev1.pdf.pdf,,low_extraction_confidence,,J2663,12,0.5,pdfplumber,,
,,2022 Cycle,General Documents,Phase1,DPP Phase 1 System Impact Study,2025-07-15,,,,,,,,,,,,707921_GI-DPP-2022-Ph1-All-Regions_SIS_Report_R1_PUBLIC_20250715.zip__GI_DPP_2022_Cycle_1_SIS_Phase_1_Final_Report_Rev1.pdf.pdf,,low_extraction_confidence,,J2664,12,0.5,pdfplumber,,
,,2022 Cycle,General Documents,Phase1,DPP Phase 1 System Impact Study,2025-07-15,,,,,,,,,,,,707921_GI-DPP-2022-Ph1-All-Regions_SIS_Report_R1_PUBLIC_20250715.zip__GI_DPP_2022_Cycle_1_SIS_Phase_1_Final_Report_Rev1.pdf.pdf,,low_extraction_confidence,,J2665,12,0.5,pdfplumber,,
,,2022 Cycle,General Documents,Phase1,DPP Phase 1 System Impact Study,2025-07-15,,,,,,,,,,,,707921_GI-DPP-2022-Ph1-All-Regions_SIS_Report_R1_PUBLIC_20250715.zip__GI_DPP_2022_Cycle_1_SIS_Phase_1_Final_Report_Rev1.pdf.pdf,,low_extraction_confidence,,J2666,12,0.5,pdfplumber,,
,,2022 Cycle,General Documents,Phase1,DPP Phase 1 System Impact Study,2025-07-15,,,,,,,,,,,,707921_GI-DPP-2022-Ph1-All-Regions_SIS_Report_R1_PUBLIC_20250715.zip__GI_DPP_2022_Cycle_1_SIS_Phase_1_Final_Report_Rev1.pdf.pdf,,low_extraction_confidence,,J2667,12,0.5,pdfplumber,,
,,2022 Cycle,General Documents,Phase1,DPP Phase 1 System Impact Study,2025-07-15,,,,,,,,,,,,707921_GI-DPP-2022-Ph1-All-Regions_SIS_Report_R1_PUBLIC_20250715.zip__GI_DPP_2022_Cycle_1_SIS_Phase_1_Final_Report_Rev1.pdf.pdf,,low_extraction_confidence,,J2668,12,0.5,pdfplumber,,
,,2022 Cycle,General Documents,Phase1,DPP Phase 1 System Impact Study,2025-07-15,,,,,,,,,,,,707921_GI-DPP-2022-Ph1-All-Regions_SIS_Report_R1_PUBLIC_20250715.zip__GI_DPP_2022_Cycle_1_SIS_Phase_1_Final_Report_Rev1.pdf.pdf,,low_extraction_confidence,,J2669,12,0.5,pdfplumber,,
,,2022 Cycle,General Documents,Phase1,DPP Phase 1 System Impact Study,2025-07-15,,,,,,,,,,,,707921_GI-DPP-2022-Ph1-All-Regions_SIS_Report_R1_PUBLIC_20250715.zip__GI_DPP_2022_Cycle_1_SIS_Phase_1_Final_Report_Rev1.pdf.pdf,,low_extraction_confidence,,J2670,12,0.5,pdfplumber,,
,,2022 Cycle,General Documents,Phase1,DPP Phase 1 System Impact Study,2025-07-15,,,,,,,,,,,,707921_GI-DPP-2022-Ph1-All-Regions_SIS_Report_R1_PUBLIC_20250715.zip__GI_DPP_2022_Cycle_1_SIS_Phase_1_Final_Report_Rev1.pdf.pdf,,low_extraction_confidence,,J2671,12,0.5,pdfplumber,,
,,2022 Cycle,General Documents,Phase1,DPP Phase 1 System Impact Study,2025-07-15,,,,,,,,,,,,707921_GI-DPP-2022-Ph1-All-Regions_SIS_Report_R1_PUBLIC_20250715.zip__GI_DPP_2022_Cycle_1_SIS_Phase_1_Final_Report_Rev1.pdf.pdf,,low_extraction_confidence,,J2672,12,0.5,pdfplumber,,
,,2022 Cycle,General Documents,Phase1,DPP Phase 1 System Impact Study,2025-07-15,,,,,,,,,,,,707921_GI-DPP-2022-Ph1-All-Regions_SIS_Report_R1_PUBLIC_20250715.zip__GI_DPP_2022_Cycle_1_SIS_Phase_1_Final_Report_Rev1.pdf.pdf,,low_extraction_confidence,,J2673,12,0.5,pdfplumber,,
,,2022 Cycle,General Documents,Phase1,DPP Phase 1 System Impact Study,2025-07-15,,,,,,,,,,,,707921_GI-DPP-2022-Ph1-All-Regions_SIS_Report_R1_PUBLIC_20250715.zip__GI_DPP_2022_Cycle_1_SIS_Phase_1_Final_Report_Rev1.pdf.pdf,,low_extraction_confidence,,J2674,12,0.5,pdfplumber,,
,,2022 Cycle,General Documents,Phase1,DPP Phase 1 System Impact Study,2025-07-15,,,,,,,,,,,,707921_GI-DPP-2022-Ph1-All-Regions_SIS_Report_R1_PUBLIC_20250715.zip__GI_DPP_2022_Cycle_1_SIS_Phase_1_Final_Report_Rev1.pdf.pdf,,low_extraction_confidence,,J2675,12,0.5,pdfplumber,,
,,2022 Cycle,General Documents,Phase1,DPP Phase 1 System Impact Study,2025-07-15,,,,,,,,,,,,707921_GI-DPP-2022-Ph1-All-Regions_SIS_Report_R1_PUBLIC_20250715.zip__GI_DPP_2022_Cycle_1_SIS_Phase_1_Final_Report_Rev1.pdf.pdf,,low_extraction_confidence,,J2676,12,0.5,pdfplumber,,
,,2022 Cycle,General Documents,Phase1,DPP Phase 1 System Impact Study,2025-07-15,,,,,,,,,,,,707921_GI-DPP-2022-Ph1-All-Regions_SIS_Report_R1_PUBLIC_20250715.zip__GI_DPP_2022_Cycle_1_SIS_Phase_1_Final_Report_Rev1.pdf.pdf,,low_extraction_confidence,,J2677,12,0.5,pdfplumber,,
,,2022 Cycle,General Documents,Phase1,DPP Phase 1 System Impact Study,2025-07-15,,,,,,,,,,,,707921_GI-DPP-2022-Ph1-All-Regions_SIS_Report_R1_PUBLIC_20250715.zip__GI_DPP_2022_Cycle_1_SIS_Phase_1_Final_Report_Rev1.pdf.pdf,,low_extraction_confidence,,J2678,12,0.5,pdfplumber,,
,,2022 Cycle,General Documents,Phase1,DPP Phase 1 System Impact Study,2025-07-15,,,,,,,,,,,,707921_GI-DPP-2022-Ph1-All-Regions_SIS_Report_R1_PUBLIC_20250715.zip__GI_DPP_2022_Cycle_1_SIS_Phase_1_Final_Report_Rev1.pdf.pdf,,low_extraction_confidence,,J2679,12,0.5,pdfplumber,,
,,2022 Cycle,General Documents,Phase1,DPP Phase 1 System Impact Study,2025-07-15,,,,,,,,,,,,707921_GI-DPP-2022-Ph1-All-Regions_SIS_Report_R1_PUBLIC_20250715.zip__GI_DPP_2022_Cycle_1_SIS_Phase_1_Final_Report_Rev1.pdf.pdf,,low_extraction_confidence,,J2683,12,0.5,pdfplumber,,
,,2022 Cycle,General Documents,Phase1,DPP Phase 1 System Impact Study,2025-07-15,,,,,,,,,,,,707921_GI-DPP-2022-Ph1-All-Regions_SIS_Report_R1_PUBLIC_20250715.zip__GI_DPP_2022_Cycle_1_SIS_Phase_1_Final_Report_Rev1.pdf.pdf,,low_extraction_confidence,,J2071,12,0.5,pdfplumber,,
,,2022 Cycle,General Documents,Phase1,DPP Phase 1 System Impact Study,2025-07-15,,,,,,,,,,,,707921_GI-DPP-2022-Ph1-All-Regions_SIS_Report_R1_PUBLIC_20250715.zip__GI_DPP_2022_Cycle_1_SIS_Phase_1_Final_Report_Rev1.pdf.pdf,,low_extraction_confidence,,J2684,12,0.5,pdfplumber,,
,,2022 Cycle,General Documents,Phase1,DPP Phase 1 System Impact Study,2025-07-15,,,,,,,,,,,,707921_GI-DPP-2022-Ph1-All-Regions_SIS_Report_R1_PUBLIC_20250715.zip__GI_DPP_2022_Cycle_1_SIS_Phase_1_Final_Report_Rev1.pdf.pdf,,low_extraction_confidence,,J2685,12,0.5,pdfplumber,,
,,2022 Cycle,General Documents,Phase1,DPP Phase 1 System Impact Study,2025-07-15,,,,,,,,,,,,707921_GI-DPP-2022-Ph1-All-Regions_SIS_Report_R1_PUBLIC_20250715.zip__GI_DPP_2022_Cycle_1_SIS_Phase_1_Final_Report_Rev1.pdf.pdf,,low_extraction_confidence,,J2686,12,0.5,pdfplumber,,
,,2022 Cycle,General Documents,Phase1,DPP Phase 1 System Impact Study,2025-07-15,,,,,,,,,,,,707921_GI-DPP-2022-Ph1-All-Regions_SIS_Report_R1_PUBLIC_20250715.zip__GI_DPP_2022_Cycle_1_SIS_Phase_1_Final_Report_Rev1.pdf.pdf,,low_extraction_confidence,,J2687,12,0.5,pdfplumber,,
,,2022 Cycle,General Documents,Phase1,DPP Phase 1 System Impact Study,2025-07-15,,,,,,,,,,,,707921_GI-DPP-2022-Ph1-All-Regions_SIS_Report_R1_PUBLIC_20250715.zip__GI_DPP_2022_Cycle_1_SIS_Phase_1_Final_Report_Rev1.pdf.pdf,,low_extraction_confidence,,J2688,12,0.5,pdfplumber,,
,,2022 Cycle,General Documents,Phase1,DPP Phase 1 System Impact Study,2025-07-15,,,,,,,,,,,,707921_GI-DPP-2022-Ph1-All-Regions_SIS_Report_R1_PUBLIC_20250715.zip__GI_DPP_2022_Cycle_1_SIS_Phase_1_Final_Report_Rev1.pdf.pdf,,low_extraction_confidence,,J2689,12,0.5,pdfplumber,,
,,2022 Cycle,General Documents,Phase1,DPP Phase 1 System Impact Study,2025-07-15,,,,,,,,,,,,707921_GI-DPP-2022-Ph1-All-Regions_SIS_Report_R1_PUBLIC_20250715.zip__GI_DPP_2022_Cycle_1_SIS_Phase_1_Final_Report_Rev1.pdf.pdf,,low_extraction_confidence,,J2690,12,0.5,pdfplumber,,
,,2022 Cycle,General Documents,Phase1,DPP Phase 1 System Impact Study,2025-07-15,,,,,,,,,,,,707921_GI-DPP-2022-Ph1-All-Regions_SIS_Report_R1_PUBLIC_20250715.zip__GI_DPP_2022_Cycle_1_SIS_Phase_1_Final_Report_Rev1.pdf.pdf,,low_extraction_confidence,,J2691,12,0.5,pdfplumber,,
,,2022 Cycle,General Documents,Phase1,DPP Phase 1 System Impact Study,2025-07-15,,,,,,,,,,,,707921_GI-DPP-2022-Ph1-All-Regions_SIS_Report_R1_PUBLIC_20250715.zip__GI_DPP_2022_Cycle_1_SIS_Phase_1_Final_Report_Rev1.pdf.pdf,,low_extraction_confidence,,J2692,12,0.5,pdfplumber,,
,,2022 Cycle,General Documents,Phase1,DPP Phase 1 System Impact Study,2025-07-15,,,,,,,,,,,,707921_GI-DPP-2022-Ph1-All-Regions_SIS_Report_R1_PUBLIC_20250715.zip__GI_DPP_2022_Cycle_1_SIS_Phase_1_Final_Report_Rev1.pdf.pdf,,low_extraction_confidence,,J2693,12,0.5,pdfplumber,,
,,2022 Cycle,General Documents,Phase1,DPP Phase 1 System Impact Study,2025-07-15,,,,,,,,,,,,707921_GI-DPP-2022-Ph1-All-Regions_SIS_Report_R1_PUBLIC_20250715.zip__GI_DPP_2022_Cycle_1_SIS_Phase_1_Final_Report_Rev1.pdf.pdf,,low_extraction_confidence,,J2694,12,0.5,pdfplumber,,
,,2022 Cycle,General Documents,Phase1,DPP Phase 1 System Impact Study,2025-07-15,,,,,,,,,,,,707921_GI-DPP-2022-Ph1-All-Regions_SIS_Report_R1_PUBLIC_20250715.zip__GI_DPP_2022_Cycle_1_SIS_Phase_1_Final_Report_Rev1.pdf.pdf,,low_extraction_confidence,,J2695,12,0.5,pdfplumber,,
,,2022 Cycle,General Documents,Phase1,DPP Phase 1 System Impact Study,2025-07-15,,,,,,,,,,,,707921_GI-DPP-2022-Ph1-All-Regions_SIS_Report_R1_PUBLIC_20250715.zip__GI_DPP_2022_Cycle_1_SIS_Phase_1_Final_Report_Rev1.pdf.pdf,,low_extraction_confidence,,J2696,12,0.5,pdfplumber,,
,,2022 Cycle,General Documents,Phase1,DPP Phase 1 System Impact Study,2025-07-15,,,,,,,,,,,,707921_GI-DPP-2022-Ph1-All-Regions_SIS_Report_R1_PUBLIC_20250715.zip__GI_DPP_2022_Cycle_1_SIS_Phase_1_Final_Report_Rev1.pdf.pdf,,low_extraction_confidence,,J2697,12,0.5,pdfplumber,,
,,2022 Cycle,General Documents,Phase1,DPP Phase 1 System Impact Study,2025-07-15,,,,,,,,,,,,707921_GI-DPP-2022-Ph1-All-Regions_SIS_Report_R1_PUBLIC_20250715.zip__GI_DPP_2022_Cycle_1_SIS_Phase_1_Final_Report_Rev1.pdf.pdf,,low_extraction_confidence,,J2698,12,0.5,pdfplumber,,
,,2022 Cycle,General Documents,Phase1,DPP Phase 1 System Impact Study,2025-07-15,,,,,,,,,,,,707921_GI-DPP-2022-Ph1-All-Regions_SIS_Report_R1_PUBLIC_20250715.zip__GI_DPP_2022_Cycle_1_SIS_Phase_1_Final_Report_Rev1.pdf.pdf,,low_extraction_confidence,,J2699,12,0.5,pdfplumber,,
,,2022 Cycle,General Documents,Phase1,DPP Phase 1 System Impact Study,2025-07-15,,,,,,,,,,,,707921_GI-DPP-2022-Ph1-All-Regions_SIS_Report_R1_PUBLIC_20250715.zip__GI_DPP_2022_Cycle_1_SIS_Phase_1_Final_Report_Rev1.pdf.pdf,,low_extraction_confidence,,J2700,12,0.5,pdfplumber,,
,,2022 Cycle,General Documents,Phase1,DPP Phase 1 System Impact Study,2025-07-15,,,,,,,,,,,,707921_GI-DPP-2022-Ph1-All-Regions_SIS_Report_R1_PUBLIC_20250715.zip__GI_DPP_2022_Cycle_1_SIS_Phase_1_Final_Report_Rev1.pdf.pdf,,low_extraction_confidence,,J2701,12,0.5,pdfplumber,,
,,2022 Cycle,General Documents,Phase1,DPP Phase 1 System Impact Study,2025-07-15,,,,,,,,,,,,707921_GI-DPP-2022-Ph1-All-Regions_SIS_Report_R1_PUBLIC_20250715.zip__GI_DPP_2022_Cycle_1_SIS_Phase_1_Final_Report_Rev1.pdf.pdf,,low_extraction_confidence,,J2702,12,0.5,pdfplumber,,
,,2022 Cycle,General Documents,Phase1,DPP Phase 1 System Impact Study,2025-07-15,,,,,,,,,,,,707921_GI-DPP-2022-Ph1-All-Regions_SIS_Report_R1_PUBLIC_20250715.zip__GI_DPP_2022_Cycle_1_SIS_Phase_1_Final_Report_Rev1.pdf.pdf,,low_extraction_confidence,,J2703,12,0.5,pdfplumber,,
,,2022 Cycle,General Documents,Phase1,DPP Phase 1 System Impact Study,2025-07-15,,,,,,,,,,,,707921_GI-DPP-2022-Ph1-All-Regions_SIS_Report_R1_PUBLIC_20250715.zip__GI_DPP_2022_Cycle_1_SIS_Phase_1_Final_Report_Rev1.pdf.pdf,,low_extraction_confidence,,J2704,12,0.5,pdfplumber,,
,,2022 Cycle,General Documents,Phase1,DPP Phase 1 System Impact Study,2025-07-15,,,,,,,,,,,,707921_GI-DPP-2022-Ph1-All-Regions_SIS_Report_R1_PUBLIC_20250715.zip__GI_DPP_2022_Cycle_1_SIS_Phase_1_Final_Report_Rev1.pdf.pdf,,low_extraction_confidence,,J2705,13,0.5,pdfplumber,,
,,2022 Cycle,General Documents,Phase1,DPP Phase 1 System Impact Study,2025-07-15,,,,,,,,,,,,707921_GI-DPP-2022-Ph1-All-Regions_SIS_Report_R1_PUBLIC_20250715.zip__GI_DPP_2022_Cycle_1_SIS_Phase_1_Final_Report_Rev1.pdf.pdf,,low_extraction_confidence,,J2706,13,0.5,pdfplumber,,
,,2022 Cycle,General Documents,Phase1,DPP Phase 1 System Impact Study,2025-07-15,,,,,,,,,,,,707921_GI-DPP-2022-Ph1-All-Regions_SIS_Report_R1_PUBLIC_20250715.zip__GI_DPP_2022_Cycle_1_SIS_Phase_1_Final_Report_Rev1.pdf.pdf,,low_extraction_confidence,,J2707,13,0.5,pdfplumber,,
,,2022 Cycle,General Documents,Phase1,DPP Phase 1 System Impact Study,2025-07-15,,,,,,,,,,,,707921_GI-DPP-2022-Ph1-All-Regions_SIS_Report_R1_PUBLIC_20250715.zip__GI_DPP_2022_Cycle_1_SIS_Phase_1_Final_Report_Rev1.pdf.pdf,,low_extraction_confidence,,J2708,13,0.5,pdfplumber,,
,,2022 Cycle,General Documents,Phase1,DPP Phase 1 System Impact Study,2025-07-15,,,,,,,,,,,,707921_GI-DPP-2022-Ph1-All-Regions_SIS_Report_R1_PUBLIC_20250715.zip__GI_DPP_2022_Cycle_1_SIS_Phase_1_Final_Report_Rev1.pdf.pdf,,low_extraction_confidence,,J2710,13,0.5,pdfplumber,,
,,2022 Cycle,General Documents,Phase1,DPP Phase 1 System Impact Study,2025-07-15,,,,,,,,,,,,707921_GI-DPP-2022-Ph1-All-Regions_SIS_Report_R1_PUBLIC_20250715.zip__GI_DPP_2022_Cycle_1_SIS_Phase_1_Final_Report_Rev1.pdf.pdf,,low_extraction_confidence,,J2711,13,0.5,pdfplumber,,
,,2022 Cycle,General Documents,Phase1,DPP Phase 1 System Impact Study,2025-07-15,,,,,,,,,,,,707921_GI-DPP-2022-Ph1-All-Regions_SIS_Report_R1_PUBLIC_20250715.zip__GI_DPP_2022_Cycle_1_SIS_Phase_1_Final_Report_Rev1.pdf.pdf,,low_extraction_confidence,,J2712,13,0.5,pdfplumber,,
,,2022 Cycle,General Documents,Phase1,DPP Phase 1 System Impact Study,2025-07-15,,,,,,,,,,,,707921_GI-DPP-2022-Ph1-All-Regions_SIS_Report_R1_PUBLIC_20250715.zip__GI_DPP_2022_Cycle_1_SIS_Phase_1_Final_Report_Rev1.pdf.pdf,,low_extraction_confidence,,J2713,13,0.5,pdfplumber,,
,,2022 Cycle,General Documents,Phase1,DPP Phase 1 System Impact Study,2025-07-15,,,,,,,,,,,,707921_GI-DPP-2022-Ph1-All-Regions_SIS_Report_R1_PUBLIC_20250715.zip__GI_DPP_2022_Cycle_1_SIS_Phase_1_Final_Report_Rev1.pdf.pdf,,low_extraction_confidence,,J2714,13,0.5,pdfplumber,,
,,2022 Cycle,General Documents,Phase1,DPP Phase 1 System Impact Study,2025-07-15,,,,,,,,,,,,707921_GI-DPP-2022-Ph1-All-Regions_SIS_Report_R1_PUBLIC_20250715.zip__GI_DPP_2022_Cycle_1_SIS_Phase_1_Final_Report_Rev1.pdf.pdf,,low_extraction_confidence,,J2715,13,0.5,pdfplumber,,
,,2022 Cycle,General Documents,Phase1,DPP Phase 1 System Impact Study,2025-07-15,,,,,,,,,,,,707921_GI-DPP-2022-Ph1-All-Regions_SIS_Report_R1_PUBLIC_20250715.zip__GI_DPP_2022_Cycle_1_SIS_Phase_1_Final_Report_Rev1.pdf.pdf,,low_extraction_confidence,,J2716,13,0.5,pdfplumber,,
,,2022 Cycle,General Documents,Phase1,DPP Phase 1 System Impact Study,2025-07-15,,,,,,,,,,,,707921_GI-DPP-2022-Ph1-All-Regions_SIS_Report_R1_PUBLIC_20250715.zip__GI_DPP_2022_Cycle_1_SIS_Phase_1_Final_Report_Rev1.pdf.pdf,,low_extraction_confidence,,J2718,13,0.5,pdfplumber,,
,,2022 Cycle,General Documents,Phase1,DPP Phase 1 System Impact Study,2025-07-15,,,,,,,,,,,,707921_GI-DPP-2022-Ph1-All-Regions_SIS_Report_R1_PUBLIC_20250715.zip__GI_DPP_2022_Cycle_1_SIS_Phase_1_Final_Report_Rev1.pdf.pdf,,low_extraction_confidence,,J2719,13,0.5,pdfplumber,,
,,2022 Cycle,General Documents,Phase1,DPP Phase 1 System Impact Study,2025-07-15,,,,,,,,,,,,707921_GI-DPP-2022-Ph1-All-Regions_SIS_Report_R1_PUBLIC_20250715.zip__GI_DPP_2022_Cycle_1_SIS_Phase_1_Final_Report_Rev1.pdf.pdf,,low_extraction_confidence,,J2720,13,0.5,pdfplumber,,
,,2022 Cycle,General Documents,Phase1,DPP Phase 1 System Impact Study,2025-07-15,,,,,,,,,,,,707921_GI-DPP-2022-Ph1-All-Regions_SIS_Report_R1_PUBLIC_20250715.zip__GI_DPP_2022_Cycle_1_SIS_Phase_1_Final_Report_Rev1.pdf.pdf,,low_extraction_confidence,,J2721,13,0.5,pdfplumber,,
,,2022 Cycle,General Documents,Phase1,DPP Phase 1 System Impact Study,2025-07-15,,,,,,,,,,,,707921_GI-DPP-2022-Ph1-All-Regions_SIS_Report_R1_PUBLIC_20250715.zip__GI_DPP_2022_Cycle_1_SIS_Phase_1_Final_Report_Rev1.pdf.pdf,,low_extraction_confidence,,J2722,13,0.5,pdfplumber,,
,,2022 Cycle,General Documents,Phase1,DPP Phase 1 System Impact Study,2025-07-15,,,,,,,,,,,,707921_GI-DPP-2022-Ph1-All-Regions_SIS_Report_R1_PUBLIC_20250715.zip__GI_DPP_2022_Cycle_1_SIS_Phase_1_Final_Report_Rev1.pdf.pdf,,low_extraction_confidence,,J2723,13,0.5,pdfplumber,,
,,2022 Cycle,General Documents,Phase1,DPP Phase 1 System Impact Study,2025-07-15,,,,,,,,,,,,707921_GI-DPP-2022-Ph1-All-Regions_SIS_Report_R1_PUBLIC_20250715.zip__GI_DPP_2022_Cycle_1_SIS_Phase_1_Final_Report_Rev1.pdf.pdf,,low_extraction_confidence,,J2724,13,0.5,pdfplumber,,
,,2022 Cycle,General Documents,Phase1,DPP Phase 1 System Impact Study,2025-07-15,,,,,,,,,,,,707921_GI-DPP-2022-Ph1-All-Regions_SIS_Report_R1_PUBLIC_20250715.zip__GI_DPP_2022_Cycle_1_SIS_Phase_1_Final_Report_Rev1.pdf.pdf,,low_extraction_confidence,,J2725,13,0.5,pdfplumber,,
,,2022 Cycle,General Documents,Phase1,DPP Phase 1 System Impact Study,2025-07-15,,,,,,,,,,,,707921_GI-DPP-2022-Ph1-All-Regions_SIS_Report_R1_PUBLIC_20250715.zip__GI_DPP_2022_Cycle_1_SIS_Phase_1_Final_Report_Rev1.pdf.pdf,,low_extraction_confidence,,J2726,13,0.5,pdfplumber,,
,,2022 Cycle,General Documents,Phase1,DPP Phase 1 System Impact Study,2025-07-15,,,,,,,,,,,,707921_GI-DPP-2022-Ph1-All-Regions_SIS_Report_R1_PUBLIC_20250715.zip__GI_DPP_2022_Cycle_1_SIS_Phase_1_Final_Report_Rev1.pdf.pdf,,low_extraction_confidence,,J2727,13,0.5,pdfplumber,,
,,2022 Cycle,General Documents,Phase1,DPP Phase 1 System Impact Study,2025-07-15,,,,,,,,,,,,707921_GI-DPP-2022-Ph1-All-Regions_SIS_Report_R1_PUBLIC_20250715.zip__GI_DPP_2022_Cycle_1_SIS_Phase_1_Final_Report_Rev1.pdf.pdf,,low_extraction_confidence,,J2728,13,0.5,pdfplumber,,
,,2022 Cycle,General Documents,Phase1,DPP Phase 1 System Impact Study,2025-07-15,,,,,,,,,,,,707921_GI-DPP-2022-Ph1-All-Regions_SIS_Report_R1_PUBLIC_20250715.zip__GI_DPP_2022_Cycle_1_SIS_Phase_1_Final_Report_Rev1.pdf.pdf,,low_extraction_confidence,,J2729,13,0.5,pdfplumber,,
,,2022 Cycle,General Documents,Phase1,DPP Phase 1 System Impact Study,2025-07-15,,,,,,,,,,,,707921_GI-DPP-2022-Ph1-All-Regions_SIS_Report_R1_PUBLIC_20250715.zip__GI_DPP_2022_Cycle_1_SIS_Phase_1_Final_Report_Rev1.pdf.pdf,,low_extraction_confidence,,J2730,13,0.5,pdfplumber,,
,,2022 Cycle,General Documents,Phase1,DPP Phase 1 System Impact Study,2025-07-15,,,,,,,,,,,,707921_GI-DPP-2022-Ph1-All-Regions_SIS_Report_R1_PUBLIC_20250715.zip__GI_DPP_2022_Cycle_1_SIS_Phase_1_Final_Report_Rev1.pdf.pdf,,low_extraction_confidence,,J2731,13,0.5,pdfplumber,,
,,2022 Cycle,General Documents,Phase1,DPP Phase 1 System Impact Study,2025-07-15,,,,,,,,,,,,707921_GI-DPP-2022-Ph1-All-Regions_SIS_Report_R1_PUBLIC_20250715.zip__GI_DPP_2022_Cycle_1_SIS_Phase_1_Final_Report_Rev1.pdf.pdf,,low_extraction_confidence,,J2732,13,0.5,pdfplumber,,
,,2022 Cycle,General Documents,Phase1,DPP Phase 1 System Impact Study,2025-07-15,,,,,,,,,,,,707921_GI-DPP-2022-Ph1-All-Regions_SIS_Report_R1_PUBLIC_20250715.zip__GI_DPP_2022_Cycle_1_SIS_Phase_1_Final_Report_Rev1.pdf.pdf,,low_extraction_confidence,,J2733,13,0.5,pdfplumber,,
,,2022 Cycle,General Documents,Phase1,DPP Phase 1 System Impact Study,2025-07-15,,,,,,,,,,,,707921_GI-DPP-2022-Ph1-All-Regions_SIS_Report_R1_PUBLIC_20250715.zip__GI_DPP_2022_Cycle_1_SIS_Phase_1_Final_Report_Rev1.pdf.pdf,,low_extraction_confidence,,J2734,13,0.5,pdfplumber,,
,,2022 Cycle,General Documents,Phase1,DPP Phase 1 System Impact Study,2025-07-15,,,,,,,,,,,,707921_GI-DPP-2022-Ph1-All-Regions_SIS_Report_R1_PUBLIC_20250715.zip__GI_DPP_2022_Cycle_1_SIS_Phase_1_Final_Report_Rev1.pdf.pdf,,low_extraction_confidence,,J2736,13,0.5,pdfplumber,,
,,2022 Cycle,General Documents,Phase1,DPP Phase 1 System Impact Study,2025-07-15,,,,,,,,,,,,707921_GI-DPP-2022-Ph1-All-Regions_SIS_Report_R1_PUBLIC_20250715.zip__GI_DPP_2022_Cycle_1_SIS_Phase_1_Final_Report_Rev1.pdf.pdf,,low_extraction_confidence,,J2737,13,0.5,pdfplumber,,
,,2022 Cycle,General Documents,Phase1,DPP Phase 1 System Impact Study,2025-07-15,,,,,,,,,,,,707921_GI-DPP-2022-Ph1-All-Regions_SIS_Report_R1_PUBLIC_20250715.zip__GI_DPP_2022_Cycle_1_SIS_Phase_1_Final_Report_Rev1.pdf.pdf,,low_extraction_confidence,,J2738,13,0.5,pdfplumber,,
,,2022 Cycle,General Documents,Phase1,DPP Phase 1 System Impact Study,2025-07-15,,,,,,,,,,,,707921_GI-DPP-2022-Ph1-All-Regions_SIS_Report_R1_PUBLIC_20250715.zip__GI_DPP_2022_Cycle_1_SIS_Phase_1_Final_Report_Rev1.pdf.pdf,,low_extraction_confidence,,J2739,13,0.5,pdfplumber,,
,,2022 Cycle,General Documents,Phase1,DPP Phase 1 System Impact Study,2025-07-15,,,,,,,,,,,,707921_GI-DPP-2022-Ph1-All-Regions_SIS_Report_R1_PUBLIC_20250715.zip__GI_DPP_2022_Cycle_1_SIS_Phase_1_Final_Report_Rev1.pdf.pdf,,low_extraction_confidence,,J2740,13,0.5,pdfplumber,,
,,2022 Cycle,General Documents,Phase1,DPP Phase 1 System Impact Study,2025-07-15,,,,,,,,,,,,707921_GI-DPP-2022-Ph1-All-Regions_SIS_Report_R1_PUBLIC_20250715.zip__GI_DPP_2022_Cycle_1_SIS_Phase_1_Final_Report_Rev1.pdf.pdf,,low_extraction_confidence,,J2741,13,0.5,pdfplumber,,
,,2022 Cycle,General Documents,Phase1,DPP Phase 1 System Impact Study,2025-07-15,,,,,,,,,,,,707921_GI-DPP-2022-Ph1-All-Regions_SIS_Report_R1_PUBLIC_20250715.zip__GI_DPP_2022_Cycle_1_SIS_Phase_1_Final_Report_Rev1.pdf.pdf,,low_extraction_confidence,,J2742,13,0.5,pdfplumber,,
,,2022 Cycle,General Documents,Phase1,DPP Phase 1 System Impact Study,2025-07-15,,,,,,,,,,,,707921_GI-DPP-2022-Ph1-All-Regions_SIS_Report_R1_PUBLIC_20250715.zip__GI_DPP_2022_Cycle_1_SIS_Phase_1_Final_Report_Rev1.pdf.pdf,,low_extraction_confidence,,J2743,13,0.5,pdfplumber,,
,,2022 Cycle,General Documents,Phase1,DPP Phase 1 System Impact Study,2025-07-15,,,,,,,,,,,,707921_GI-DPP-2022-Ph1-All-Regions_SIS_Report_R1_PUBLIC_20250715.zip__GI_DPP_2022_Cycle_1_SIS_Phase_1_Final_Report_Rev1.pdf.pdf,,low_extraction_confidence,,J2744,13,0.5,pdfplumber,,
,,2022 Cycle,General Documents,Phase1,DPP Phase 1 System Impact Study,2025-07-15,,,,,,,,,,,,707921_GI-DPP-2022-Ph1-All-Regions_SIS_Report_R1_PUBLIC_20250715.zip__GI_DPP_2022_Cycle_1_SIS_Phase_1_Final_Report_Rev1.pdf.pdf,,low_extraction_confidence,,J2745,13,0.5,pdfplumber,,
,,2022 Cycle,General Documents,Phase1,DPP Phase 1 System Impact Study,2025-07-15,,,,,,,,,,,,707921_GI-DPP-2022-Ph1-All-Regions_SIS_Report_R1_PUBLIC_20250715.zip__GI_DPP_2022_Cycle_1_SIS_Phase_1_Final_Report_Rev1.pdf.pdf,,low_extraction_confidence,,J2747,13,0.5,pdfplumber,,
,,2022 Cycle,General Documents,Phase1,DPP Phase 1 System Impact Study,2025-07-15,,,,,,,,,,,,707921_GI-DPP-2022-Ph1-All-Regions_SIS_Report_R1_PUBLIC_20250715.zip__GI_DPP_2022_Cycle_1_SIS_Phase_1_Final_Report_Rev1.pdf.pdf,,low_extraction_confidence,,J2748,13,0.5,pdfplumber,,
,,2022 Cycle,General Documents,Phase1,DPP Phase 1 System Impact Study,2025-07-15,,,,,,,,,,,,707921_GI-DPP-2022-Ph1-All-Regions_SIS_Report_R1_PUBLIC_20250715.zip__GI_DPP_2022_Cycle_1_SIS_Phase_1_Final_Report_Rev1.pdf.pdf,,low_extraction_confidence,,J2749,13,0.5,pdfplumber,,
,,2022 Cycle,General Documents,Phase1,DPP Phase 1 System Impact Study,2025-07-15,,,,,,,,,,,,707921_GI-DPP-2022-Ph1-All-Regions_SIS_Report_R1_PUBLIC_20250715.zip__GI_DPP_2022_Cycle_1_SIS_Phase_1_Final_Report_Rev1.pdf.pdf,,low_extraction_confidence,,J2750,13,0.5,pdfplumber,,
,,2022 Cycle,General Documents,Phase1,DPP Phase 1 System Impact Study,2025-07-15,,,,,,,,,,,,707921_GI-DPP-2022-Ph1-All-Regions_SIS_Report_R1_PUBLIC_20250715.zip__GI_DPP_2022_Cycle_1_SIS_Phase_1_Final_Report_Rev1.pdf.pdf,,low_extraction_confidence,,J2751,13,0.5,pdfplumber,,
,,2022 Cycle,General Documents,Phase1,DPP Phase 1 System Impact Study,2025-07-15,,,,,,,,,,,,707921_GI-DPP-2022-Ph1-All-Regions_SIS_Report_R1_PUBLIC_20250715.zip__GI_DPP_2022_Cycle_1_SIS_Phase_1_Final_Report_Rev1.pdf.pdf,,low_extraction_confidence,,J2752,13,0.5,pdfplumber,,
,,2022 Cycle,General Documents,Phase1,DPP Phase 1 System Impact Study,2025-07-15,,,,,,,,,,,,707921_GI-DPP-2022-Ph1-All-Regions_SIS_Report_R1_PUBLIC_20250715.zip__GI_DPP_2022_Cycle_1_SIS_Phase_1_Final_Report_Rev1.pdf.pdf,,low_extraction_confidence,,J2753,13,0.5,pdfplumber,,
,,2022 Cycle,General Documents,Phase1,DPP Phase 1 System Impact Study,2025-07-15,,,,,,,,,,,,707921_GI-DPP-2022-Ph1-All-Regions_SIS_Report_R1_PUBLIC_20250715.zip__GI_DPP_2022_Cycle_1_SIS_Phase_1_Final_Report_Rev1.pdf.pdf,,low_extraction_confidence,,J2754,13,0.5,pdfplumber,,
,,2022 Cycle,General Documents,Phase1,DPP Phase 1 System Impact Study,2025-07-15,,,,,,,,,,,,707921_GI-DPP-2022-Ph1-All-Regions_SIS_Report_R1_PUBLIC_20250715.zip__GI_DPP_2022_Cycle_1_SIS_Phase_1_Final_Report_Rev1.pdf.pdf,,low_extraction_confidence,,J2755,13,0.5,pdfplumber,,
,,2022 Cycle,General Documents,Phase1,DPP Phase 1 System Impact Study,2025-07-15,,,,,,,,,,,,707921_GI-DPP-2022-Ph1-All-Regions_SIS_Report_R1_PUBLIC_20250715.zip__GI_DPP_2022_Cycle_1_SIS_Phase_1_Final_Report_Rev1.pdf.pdf,,low_extraction_confidence,,J2756,13,0.5,pdfplumber,,
,,2022 Cycle,General Documents,Phase1,DPP Phase 1 System Impact Study,2025-07-15,,,,,,,,,,,,707921_GI-DPP-2022-Ph1-All-Regions_SIS_Report_R1_PUBLIC_20250715.zip__GI_DPP_2022_Cycle_1_SIS_Phase_1_Final_Report_Rev1.pdf.pdf,,low_extraction_confidence,,J2757,13,0.5,pdfplumber,,
,,2022 Cycle,General Documents,Phase1,DPP Phase 1 System Impact Study,2025-07-15,,,,,,,,,,,,707921_GI-DPP-2022-Ph1-All-Regions_SIS_Report_R1_PUBLIC_20250715.zip__GI_DPP_2022_Cycle_1_SIS_Phase_1_Final_Report_Rev1.pdf.pdf,,low_extraction_confidence,,J2759,13,0.5,pdfplumber,,
,,2022 Cycle,General Documents,Phase1,DPP Phase 1 System Impact Study,2025-07-15,,,,,,,,,,,,707921_GI-DPP-2022-Ph1-All-Regions_SIS_Report_R1_PUBLIC_20250715.zip__GI_DPP_2022_Cycle_1_SIS_Phase_1_Final_Report_Rev1.pdf.pdf,,low_extraction_confidence,,J2760,13,0.5,pdfplumber,,
,,2022 Cycle,General Documents,Phase1,DPP Phase 1 System Impact Study,2025-07-15,,,,,,,,,,,,707921_GI-DPP-2022-Ph1-All-Regions_SIS_Report_R1_PUBLIC_20250715.zip__GI_DPP_2022_Cycle_1_SIS_Phase_1_Final_Report_Rev1.pdf.pdf,,low_extraction_confidence,,J2761,13,0.5,pdfplumber,,
,,2022 Cycle,General Documents,Phase1,DPP Phase 1 System Impact Study,2025-07-15,,,,,,,,,,,,707921_GI-DPP-2022-Ph1-All-Regions_SIS_Report_R1_PUBLIC_20250715.zip__GI_DPP_2022_Cycle_1_SIS_Phase_1_Final_Report_Rev1.pdf.pdf,,low_extraction_confidence,,J2763,13,0.5,pdfplumber,,
,,2022 Cycle,General Documents,Phase1,DPP Phase 1 System Impact Study,2025-07-15,,,,,,,,,,,,707921_GI-DPP-2022-Ph1-All-Regions_SIS_Report_R1_PUBLIC_20250715.zip__GI_DPP_2022_Cycle_1_SIS_Phase_1_Final_Report_Rev1.pdf.pdf,,low_extraction_confidence,,J2764,13,0.5,pdfplumber,,
,,2022 Cycle,General Documents,Phase1,DPP Phase 1 System Impact Study,2025-07-15,,,,,,,,,,,,707921_GI-DPP-2022-Ph1-All-Regions_SIS_Report_R1_PUBLIC_20250715.zip__GI_DPP_2022_Cycle_1_SIS_Phase_1_Final_Report_Rev1.pdf.pdf,,low_extraction_confidence,,J2765,13,0.5,pdfplumber,,
,,2022 Cycle,General Documents,Phase1,DPP Phase 1 System Impact Study,2025-07-15,,,,,,,,,,,,707921_GI-DPP-2022-Ph1-All-Regions_SIS_Report_R1_PUBLIC_20250715.zip__GI_DPP_2022_Cycle_1_SIS_Phase_1_Final_Report_Rev1.pdf.pdf,,low_extraction_confidence,,J2766,13,0.5,pdfplumber,,
,,2022 Cycle,General Documents,Phase1,DPP Phase 1 System Impact Study,2025-07-15,,,,,,,,,,,,707921_GI-DPP-2022-Ph1-All-Regions_SIS_Report_R1_PUBLIC_20250715.zip__GI_DPP_2022_Cycle_1_SIS_Phase_1_Final_Report_Rev1.pdf.pdf,,low_extraction_confidence,,J2767,13,0.5,pdfplumber,,
,,2022 Cycle,General Documents,Phase1,DPP Phase 1 System Impact Study,2025-07-15,,,,,,,,,,,,707921_GI-DPP-2022-Ph1-All-Regions_SIS_Report_R1_PUBLIC_20250715.zip__GI_DPP_2022_Cycle_1_SIS_Phase_1_Final_Report_Rev1.pdf.pdf,,low_extraction_confidence,,J2768,13,0.5,pdfplumber,,
,,2022 Cycle,General Documents,Phase1,DPP Phase 1 System Impact Study,2025-07-15,,,,,,,,,,,,707921_GI-DPP-2022-Ph1-All-Regions_SIS_Report_R1_PUBLIC_20250715.zip__GI_DPP_2022_Cycle_1_SIS_Phase_1_Final_Report_Rev1.pdf.pdf,,low_extraction_confidence,,J2769,13,0.5,pdfplumber,,
,,2022 Cycle,General Documents,Phase1,DPP Phase 1 System Impact Study,2025-07-15,,,,,,,,,,,,707921_GI-DPP-2022-Ph1-All-Regions_SIS_Report_R1_PUBLIC_20250715.zip__GI_DPP_2022_Cycle_1_SIS_Phase_1_Final_Report_Rev1.pdf.pdf,,low_extraction_confidence,,J2770,13,0.5,pdfplumber,,
,,2022 Cycle,General Documents,Phase1,DPP Phase 1 System Impact Study,2025-07-15,,,,,,,,,,,,707921_GI-DPP-2022-Ph1-All-Regions_SIS_Report_R1_PUBLIC_20250715.zip__GI_DPP_2022_Cycle_1_SIS_Phase_1_Final_Report_Rev1.pdf.pdf,,low_extraction_confidence,,J2771,13,0.5,pdfplumber,,
,,2022 Cycle,General Documents,Phase1,DPP Phase 1 System Impact Study,2025-07-15,,,,,,,,,,,,707921_GI-DPP-2022-Ph1-All-Regions_SIS_Report_R1_PUBLIC_20250715.zip__GI_DPP_2022_Cycle_1_SIS_Phase_1_Final_Report_Rev1.pdf.pdf,,low_extraction_confidence,,J2772,13,0.5,pdfplumber,,
,,2022 Cycle,General Documents,Phase1,DPP Phase 1 System Impact Study,2025-07-15,,,,,,,,,,,,707921_GI-DPP-2022-Ph1-All-Regions_SIS_Report_R1_PUBLIC_20250715.zip__GI_DPP_2022_Cycle_1_SIS_Phase_1_Final_Report_Rev1.pdf.pdf,,low_extraction_confidence,,J2773,13,0.5,pdfplumber,,
,,2022 Cycle,General Documents,Phase1,DPP Phase 1 System Impact Study,2025-07-15,,,,,,,,,,,,707921_GI-DPP-2022-Ph1-All-Regions_SIS_Report_R1_PUBLIC_20250715.zip__GI_DPP_2022_Cycle_1_SIS_Phase_1_Final_Report_Rev1.pdf.pdf,,low_extraction_confidence,,J2774,13,0.5,pdfplumber,,
,,2022 Cycle,General Documents,Phase1,DPP Phase 1 System Impact Study,2025-07-15,,,,,,,,,,,,707921_GI-DPP-2022-Ph1-All-Regions_SIS_Report_R1_PUBLIC_20250715.zip__GI_DPP_2022_Cycle_1_SIS_Phase_1_Final_Report_Rev1.pdf.pdf,,low_extraction_confidence,,J2775,13,0.5,pdfplumber,,
,,2022 Cycle,General Documents,Phase1,DPP Phase 1 System Impact Study,2025-07-15,,,,,,,,,,,,707921_GI-DPP-2022-Ph1-All-Regions_SIS_Report_R1_PUBLIC_20250715.zip__GI_DPP_2022_Cycle_1_SIS_Phase_1_Final_Report_Rev1.pdf.pdf,,low_extraction_confidence,,J2778,14,0.5,pdfplumber,,
,,2022 Cycle,General Documents,Phase1,DPP Phase 1 System Impact Study,2025-07-15,,,,,,,,,,,,707921_GI-DPP-2022-Ph1-All-Regions_SIS_Report_R1_PUBLIC_20250715.zip__GI_DPP_2022_Cycle_1_SIS_Phase_1_Final_Report_Rev1.pdf.pdf,,low_extraction_confidence,,J2779,14,0.5,pdfplumber,,
,,2022 Cycle,General Documents,Phase1,DPP Phase 1 System Impact Study,2025-07-15,,,,,,,,,,,,707921_GI-DPP-2022-Ph1-All-Regions_SIS_Report_R1_PUBLIC_20250715.zip__GI_DPP_2022_Cycle_1_SIS_Phase_1_Final_Report_Rev1.pdf.pdf,,low_extraction_confidence,,J2780,14,0.5,pdfplumber,,
,,2022 Cycle,General Documents,Phase1,DPP Phase 1 System Impact Study,2025-07-15,,,,,,,,,,,,707921_GI-DPP-2022-Ph1-All-Regions_SIS_Report_R1_PUBLIC_20250715.zip__GI_DPP_2022_Cycle_1_SIS_Phase_1_Final_Report_Rev1.pdf.pdf,,low_extraction_confidence,,J2781,14,0.5,pdfplumber,,
,,2022 Cycle,General Documents,Phase1,DPP Phase 1 System Impact Study,2025-07-15,,,,,,,,,,,,707921_GI-DPP-2022-Ph1-All-Regions_SIS_Report_R1_PUBLIC_20250715.zip__GI_DPP_2022_Cycle_1_SIS_Phase_1_Final_Report_Rev1.pdf.pdf,,low_extraction_confidence,,J2782,14,0.5,pdfplumber,,
,,2022 Cycle,General Documents,Phase1,DPP Phase 1 System Impact Study,2025-07-15,,,,,,,,,,,,707921_GI-DPP-2022-Ph1-All-Regions_SIS_Report_R1_PUBLIC_20250715.zip__GI_DPP_2022_Cycle_1_SIS_Phase_1_Final_Report_Rev1.pdf.pdf,,low_extraction_confidence,,J2783,14,0.5,pdfplumber,,
,,2022 Cycle,General Documents,Phase1,DPP Phase 1 System Impact Study,2025-07-15,,,,,,,,,,,,707921_GI-DPP-2022-Ph1-All-Regions_SIS_Report_R1_PUBLIC_20250715.zip__GI_DPP_2022_Cycle_1_SIS_Phase_1_Final_Report_Rev1.pdf.pdf,,low_extraction_confidence,,J2784,14,0.5,pdfplumber,,
,,2022 Cycle,General Documents,Phase1,DPP Phase 1 System Impact Study,2025-07-15,,,,,,,,,,,,707921_GI-DPP-2022-Ph1-All-Regions_SIS_Report_R1_PUBLIC_20250715.zip__GI_DPP_2022_Cycle_1_SIS_Phase_1_Final_Report_Rev1.pdf.pdf,,low_extraction_confidence,,J2785,14,0.5,pdfplumber,,
,,2022 Cycle,General Documents,Phase1,DPP Phase 1 System Impact Study,2025-07-15,,,,,,,,,,,,707921_GI-DPP-2022-Ph1-All-Regions_SIS_Report_R1_PUBLIC_20250715.zip__GI_DPP_2022_Cycle_1_SIS_Phase_1_Final_Report_Rev1.pdf.pdf,,low_extraction_confidence,,J2786,14,0.5,pdfplumber,,
,,2022 Cycle,General Documents,Phase1,DPP Phase 1 System Impact Study,2025-07-15,,,,,,,,,,,,707921_GI-DPP-2022-Ph1-All-Regions_SIS_Report_R1_PUBLIC_20250715.zip__GI_DPP_2022_Cycle_1_SIS_Phase_1_Final_Report_Rev1.pdf.pdf,,low_extraction_confidence,,J2788,14,0.5,pdfplumber,,
,,2022 Cycle,General Documents,Phase1,DPP Phase 1 System Impact Study,2025-07-15,,,,,,,,,,,,707921_GI-DPP-2022-Ph1-All-Regions_SIS_Report_R1_PUBLIC_20250715.zip__GI_DPP_2022_Cycle_1_SIS_Phase_1_Final_Report_Rev1.pdf.pdf,,low_extraction_confidence,,J2791,14,0.5,pdfplumber,,
,,2022 Cycle,General Documents,Phase1,DPP Phase 1 System Impact Study,2025-07-15,,,,,,,,,,,,707921_GI-DPP-2022-Ph1-All-Regions_SIS_Report_R1_PUBLIC_20250715.zip__GI_DPP_2022_Cycle_1_SIS_Phase_1_Final_Report_Rev1.pdf.pdf,,low_extraction_confidence,,J2793,14,0.5,pdfplumber,,
,,2022 Cycle,General Documents,Phase1,DPP Phase 1 System Impact Study,2025-07-15,,,,,,,,,,,,707921_GI-DPP-2022-Ph1-All-Regions_SIS_Report_R1_PUBLIC_20250715.zip__GI_DPP_2022_Cycle_1_SIS_Phase_1_Final_Report_Rev1.pdf.pdf,,low_extraction_confidence,,J2794,14,0.5,pdfplumber,,
,,2022 Cycle,General Documents,Phase1,DPP Phase 1 System Impact Study,2025-07-15,,,,,,,,,,,,707921_GI-DPP-2022-Ph1-All-Regions_SIS_Report_R1_PUBLIC_20250715.zip__GI_DPP_2022_Cycle_1_SIS_Phase_1_Final_Report_Rev1.pdf.pdf,,low_extraction_confidence,,J2795,14,0.5,pdfplumber,,
,,2022 Cycle,General Documents,Phase1,DPP Phase 1 System Impact Study,2025-07-15,,,,,,,,,,,,707921_GI-DPP-2022-Ph1-All-Regions_SIS_Report_R1_PUBLIC_20250715.zip__GI_DPP_2022_Cycle_1_SIS_Phase_1_Final_Report_Rev1.pdf.pdf,,low_extraction_confidence,,J2796,14,0.5,pdfplumber,,
,,2022 Cycle,General Documents,Phase1,DPP Phase 1 System Impact Study,2025-07-15,,,,,,,,,,,,707921_GI-DPP-2022-Ph1-All-Regions_SIS_Report_R1_PUBLIC_20250715.zip__GI_DPP_2022_Cycle_1_SIS_Phase_1_Final_Report_Rev1.pdf.pdf,,low_extraction_confidence,,J2797,14,0.5,pdfplumber,,
,,2022 Cycle,General Documents,Phase1,DPP Phase 1 System Impact Study,2025-07-15,,,,,,,,,,,,707921_GI-DPP-2022-Ph1-All-Regions_SIS_Report_R1_PUBLIC_20250715.zip__GI_DPP_2022_Cycle_1_SIS_Phase_1_Final_Report_Rev1.pdf.pdf,,low_extraction_confidence,,J2800,14,0.5,pdfplumber,,
,,2022 Cycle,General Documents,Phase1,DPP Phase 1 System Impact Study,2025-07-15,,,,,,,,,,,,707921_GI-DPP-2022-Ph1-All-Regions_SIS_Report_R1_PUBLIC_20250715.zip__GI_DPP_2022_Cycle_1_SIS_Phase_1_Final_Report_Rev1.pdf.pdf,,low_extraction_confidence,,J2801,14,0.5,pdfplumber,,
,,2022 Cycle,General Documents,Phase1,DPP Phase 1 System Impact Study,2025-07-15,,,,,,,,,,,,707921_GI-DPP-2022-Ph1-All-Regions_SIS_Report_R1_PUBLIC_20250715.zip__GI_DPP_2022_Cycle_1_SIS_Phase_1_Final_Report_Rev1.pdf.pdf,,low_extraction_confidence,,J2803,14,0.5,pdfplumber,,
,,2022 Cycle,General Documents,Phase1,DPP Phase 1 System Impact Study,2025-07-15,,,,,,,,,,,,707921_GI-DPP-2022-Ph1-All-Regions_SIS_Report_R1_PUBLIC_20250715.zip__GI_DPP_2022_Cycle_1_SIS_Phase_1_Final_Report_Rev1.pdf.pdf,,low_extraction_confidence,,J2804,14,0.5,pdfplumber,,
,,2022 Cycle,General Documents,Phase1,DPP Phase 1 System Impact Study,2025-07-15,,,,,,,,,,,,707921_GI-DPP-2022-Ph1-All-Regions_SIS_Report_R1_PUBLIC_20250715.zip__GI_DPP_2022_Cycle_1_SIS_Phase_1_Final_Report_Rev1.pdf.pdf,,low_extraction_confidence,,J2805,14,0.5,pdfplumber,,
,,2022 Cycle,General Documents,Phase1,DPP Phase 1 System Impact Study,2025-07-15,,,,,,,,,,,,707921_GI-DPP-2022-Ph1-All-Regions_SIS_Report_R1_PUBLIC_20250715.zip__GI_DPP_2022_Cycle_1_SIS_Phase_1_Final_Report_Rev1.pdf.pdf,,low_extraction_confidence,,J2806,14,0.5,pdfplumber,,
,,2022 Cycle,General Documents,Phase1,DPP Phase 1 System Impact Study,2025-07-15,,,,,,,,,,,,707921_GI-DPP-2022-Ph1-All-Regions_SIS_Report_R1_PUBLIC_20250715.zip__GI_DPP_2022_Cycle_1_SIS_Phase_1_Final_Report_Rev1.pdf.pdf,,low_extraction_confidence,,J2808,14,0.5,pdfplumber,,
,,2022 Cycle,General Documents,Phase1,DPP Phase 1 System Impact Study,2025-07-15,,,,,,,,,,,,707921_GI-DPP-2022-Ph1-All-Regions_SIS_Report_R1_PUBLIC_20250715.zip__GI_DPP_2022_Cycle_1_SIS_Phase_1_Final_Report_Rev1.pdf.pdf,,low_extraction_confidence,,J2809,14,0.5,pdfplumber,,
,,2022 Cycle,General Documents,Phase1,DPP Phase 1 System Impact Study,2025-07-15,,,,,,,,,,,,707921_GI-DPP-2022-Ph1-All-Regions_SIS_Report_R1_PUBLIC_20250715.zip__GI_DPP_2022_Cycle_1_SIS_Phase_1_Final_Report_Rev1.pdf.pdf,,low_extraction_confidence,,J2811,14,0.5,pdfplumber,,
,,2022 Cycle,General Documents,Phase1,DPP Phase 1 System Impact Study,2025-07-15,,,,,,,,,,,,707921_GI-DPP-2022-Ph1-All-Regions_SIS_Report_R1_PUBLIC_20250715.zip__GI_DPP_2022_Cycle_1_SIS_Phase_1_Final_Report_Rev1.pdf.pdf,,low_extraction_confidence,,J2812,14,0.5,pdfplumber,,
,,2022 Cycle,General Documents,Phase1,DPP Phase 1 System Impact Study,2025-07-15,,,,,,,,,,,,707921_GI-DPP-2022-Ph1-All-Regions_SIS_Report_R1_PUBLIC_20250715.zip__GI_DPP_2022_Cycle_1_SIS_Phase_1_Final_Report_Rev1.pdf.pdf,,low_extraction_confidence,,J2814,14,0.5,pdfplumber,,
,,2022 Cycle,General Documents,Phase1,DPP Phase 1 System Impact Study,2025-07-15,,,,,,,,,,,,707921_GI-DPP-2022-Ph1-All-Regions_SIS_Report_R1_PUBLIC_20250715.zip__GI_DPP_2022_Cycle_1_SIS_Phase_1_Final_Report_Rev1.pdf.pdf,,low_extraction_confidence,,J2815,14,0.5,pdfplumber,,
,,2022 Cycle,General Documents,Phase1,DPP Phase 1 System Impact Study,2025-07-15,,,,,,,,,,,,707921_GI-DPP-2022-Ph1-All-Regions_SIS_Report_R1_PUBLIC_20250715.zip__GI_DPP_2022_Cycle_1_SIS_Phase_1_Final_Report_Rev1.pdf.pdf,,low_extraction_confidence,,J2816,14,0.5,pdfplumber,,
,,2022 Cycle,General Documents,Phase1,DPP Phase 1 System Impact Study,2025-07-15,,,,,,,,,,,,707921_GI-DPP-2022-Ph1-All-Regions_SIS_Report_R1_PUBLIC_20250715.zip__GI_DPP_2022_Cycle_1_SIS_Phase_1_Final_Report_Rev1.pdf.pdf,,low_extraction_confidence,,J2817,14,0.5,pdfplumber,,
,,2022 Cycle,General Documents,Phase1,DPP Phase 1 System Impact Study,2025-07-15,,,,,,,,,,,,707921_GI-DPP-2022-Ph1-All-Regions_SIS_Report_R1_PUBLIC_20250715.zip__GI_DPP_2022_Cycle_1_SIS_Phase_1_Final_Report_Rev1.pdf.pdf,,low_extraction_confidence,,J2818,14,0.5,pdfplumber,,
,,2022 Cycle,General Documents,Phase1,DPP Phase 1 System Impact Study,2025-07-15,,,,,,,,,,,,707921_GI-DPP-2022-Ph1-All-Regions_SIS_Report_R1_PUBLIC_20250715.zip__GI_DPP_2022_Cycle_1_SIS_Phase_1_Final_Report_Rev1.pdf.pdf,,low_extraction_confidence,,J2819,14,0.5,pdfplumber,,
,,2022 Cycle,General Documents,Phase1,DPP Phase 1 System Impact Study,2025-07-15,,,,,,,,,,,,707921_GI-DPP-2022-Ph1-All-Regions_SIS_Report_R1_PUBLIC_20250715.zip__GI_DPP_2022_Cycle_1_SIS_Phase_1_Final_Report_Rev1.pdf.pdf,,low_extraction_confidence,,J2820,14,0.5,pdfplumber,,
,,2022 Cycle,General Documents,Phase1,DPP Phase 1 System Impact Study,2025-07-15,,,,,,,,,,,,707921_GI-DPP-2022-Ph1-All-Regions_SIS_Report_R1_PUBLIC_20250715.zip__GI_DPP_2022_Cycle_1_SIS_Phase_1_Final_Report_Rev1.pdf.pdf,,low_extraction_confidence,,J2821,14,0.5,pdfplumber,,
,,2022 Cycle,General Documents,Phase1,DPP Phase 1 System Impact Study,2025-07-15,,,,,,,,,,,,707921_GI-DPP-2022-Ph1-All-Regions_SIS_Report_R1_PUBLIC_20250715.zip__GI_DPP_2022_Cycle_1_SIS_Phase_1_Final_Report_Rev1.pdf.pdf,,low_extraction_confidence,,J2822,14,0.5,pdfplumber,,
,,2022 Cycle,General Documents,Phase1,DPP Phase 1 System Impact Study,2025-07-15,,,,,,,,,,,,707921_GI-DPP-2022-Ph1-All-Regions_SIS_Report_R1_PUBLIC_20250715.zip__GI_DPP_2022_Cycle_1_SIS_Phase_1_Final_Report_Rev1.pdf.pdf,,low_extraction_confidence,,J2823,14,0.5,pdfplumber,,
,,2022 Cycle,General Documents,Phase1,DPP Phase 1 System Impact Study,2025-07-15,,,,,,,,,,,,707921_GI-DPP-2022-Ph1-All-Regions_SIS_Report_R1_PUBLIC_20250715.zip__GI_DPP_2022_Cycle_1_SIS_Phase_1_Final_Report_Rev1.pdf.pdf,,low_extraction_confidence,,J2824,14,0.5,pdfplumber,,
,,2022 Cycle,General Documents,Phase1,DPP Phase 1 System Impact Study,2025-07-15,,,,,,,,,,,,707921_GI-DPP-2022-Ph1-All-Regions_SIS_Report_R1_PUBLIC_20250715.zip__GI_DPP_2022_Cycle_1_SIS_Phase_1_Final_Report_Rev1.pdf.pdf,,low_extraction_confidence,,J2825,14,0.5,pdfplumber,,
,,2022 Cycle,General Documents,Phase1,DPP Phase 1 System Impact Study,2025-07-15,,,,,,,,,,,,707921_GI-DPP-2022-Ph1-All-Regions_SIS_Report_R1_PUBLIC_20250715.zip__GI_DPP_2022_Cycle_1_SIS_Phase_1_Final_Report_Rev1.pdf.pdf,,low_extraction_confidence,,J2826,14,0.5,pdfplumber,,
,,2022 Cycle,General Documents,Phase1,DPP Phase 1 System Impact Study,2025-07-15,,,,,,,,,,,,707921_GI-DPP-2022-Ph1-All-Regions_SIS_Report_R1_PUBLIC_20250715.zip__GI_DPP_2022_Cycle_1_SIS_Phase_1_Final_Report_Rev1.pdf.pdf,,low_extraction_confidence,,J2827,14,0.5,pdfplumber,,
,,2022 Cycle,General Documents,Phase1,DPP Phase 1 System Impact Study,2025-07-15,,,,,,,,,,,,707921_GI-DPP-2022-Ph1-All-Regions_SIS_Report_R1_PUBLIC_20250715.zip__GI_DPP_2022_Cycle_1_SIS_Phase_1_Final_Report_Rev1.pdf.pdf,,low_extraction_confidence,,J2828,14,0.5,pdfplumber,,
,,2022 Cycle,General Documents,Phase1,DPP Phase 1 System Impact Study,2025-07-15,,,,,,,,,,,,707921_GI-DPP-2022-Ph1-All-Regions_SIS_Report_R1_PUBLIC_20250715.zip__GI_DPP_2022_Cycle_1_SIS_Phase_1_Final_Report_Rev1.pdf.pdf,,low_extraction_confidence,,J2829,14,0.5,pdfplumber,,
,,2022 Cycle,General Documents,Phase1,DPP Phase 1 System Impact Study,2025-07-15,,,,,,,,,,,,707921_GI-DPP-2022-Ph1-All-Regions_SIS_Report_R1_PUBLIC_20250715.zip__GI_DPP_2022_Cycle_1_SIS_Phase_1_Final_Report_Rev1.pdf.pdf,,low_extraction_confidence,,J2830,14,0.5,pdfplumber,,
,,2022 Cycle,General Documents,Phase1,DPP Phase 1 System Impact Study,2025-07-15,,,,,,,,,,,,707921_GI-DPP-2022-Ph1-All-Regions_SIS_Report_R1_PUBLIC_20250715.zip__GI_DPP_2022_Cycle_1_SIS_Phase_1_Final_Report_Rev1.pdf.pdf,,low_extraction_confidence,,J2831,14,0.5,pdfplumber,,
,,2022 Cycle,General Documents,Phase1,DPP Phase 1 System Impact Study,2025-07-15,,,,,,,,,,,,707921_GI-DPP-2022-Ph1-All-Regions_SIS_Report_R1_PUBLIC_20250715.zip__GI_DPP_2022_Cycle_1_SIS_Phase_1_Final_Report_Rev1.pdf.pdf,,low_extraction_confidence,,J2832,14,0.5,pdfplumber,,
,,2022 Cycle,General Documents,Phase1,DPP Phase 1 System Impact Study,2025-07-15,,,,,,,,,,,,707921_GI-DPP-2022-Ph1-All-Regions_SIS_Report_R1_PUBLIC_20250715.zip__GI_DPP_2022_Cycle_1_SIS_Phase_1_Final_Report_Rev1.pdf.pdf,,low_extraction_confidence,,J2833,14,0.5,pdfplumber,,
,,2022 Cycle,General Documents,Phase1,DPP Phase 1 System Impact Study,2025-07-15,,,,,,,,,,,,707921_GI-DPP-2022-Ph1-All-Regions_SIS_Report_R1_PUBLIC_20250715.zip__GI_DPP_2022_Cycle_1_SIS_Phase_1_Final_Report_Rev1.pdf.pdf,,low_extraction_confidence,,J2834,14,0.5,pdfplumber,,
,,2022 Cycle,General Documents,Phase1,DPP Phase 1 System Impact Study,2025-07-15,,,,,,,,,,,,707921_GI-DPP-2022-Ph1-All-Regions_SIS_Report_R1_PUBLIC_20250715.zip__GI_DPP_2022_Cycle_1_SIS_Phase_1_Final_Report_Rev1.pdf.pdf,,low_extraction_confidence,,J2835,14,0.5,pdfplumber,,
,,2022 Cycle,General Documents,Phase1,DPP Phase 1 System Impact Study,2025-07-15,,,,,,,,,,,,707921_GI-DPP-2022-Ph1-All-Regions_SIS_Report_R1_PUBLIC_20250715.zip__GI_DPP_2022_Cycle_1_SIS_Phase_1_Final_Report_Rev1.pdf.pdf,,low_extraction_confidence,,J2836,14,0.5,pdfplumber,,
,,2022 Cycle,General Documents,Phase1,DPP Phase 1 System Impact Study,2025-07-15,,,,,,,,,,,,707921_GI-DPP-2022-Ph1-All-Regions_SIS_Report_R1_PUBLIC_20250715.zip__GI_DPP_2022_Cycle_1_SIS_Phase_1_Final_Report_Rev1.pdf.pdf,,low_extraction_confidence,,J2837,14,0.5,pdfplumber,,
,,2022 Cycle,General Documents,Phase1,DPP Phase 1 System Impact Study,2025-07-15,,,,,,,,,,,,707921_GI-DPP-2022-Ph1-All-Regions_SIS_Report_R1_PUBLIC_20250715.zip__GI_DPP_2022_Cycle_1_SIS_Phase_1_Final_Report_Rev1.pdf.pdf,,low_extraction_confidence,,J2838,14,0.5,pdfplumber,,
,,2022 Cycle,General Documents,Phase1,DPP Phase 1 System Impact Study,2025-07-15,,,,,,,,,,,,707921_GI-DPP-2022-Ph1-All-Regions_SIS_Report_R1_PUBLIC_20250715.zip__GI_DPP_2022_Cycle_1_SIS_Phase_1_Final_Report_Rev1.pdf.pdf,,low_extraction_confidence,,J2839,14,0.5,pdfplumber,,
,,2022 Cycle,General Documents,Phase1,DPP Phase 1 System Impact Study,2025-07-15,,,,,,,,,,,,707921_GI-DPP-2022-Ph1-All-Regions_SIS_Report_R1_PUBLIC_20250715.zip__GI_DPP_2022_Cycle_1_SIS_Phase_1_Final_Report_Rev1.pdf.pdf,,low_extraction_confidence,,J2840,14,0.5,pdfplumber,,
,,2022 Cycle,General Documents,Phase1,DPP Phase 1 System Impact Study,2025-07-15,,,,,,,,,,,,707921_GI-DPP-2022-Ph1-All-Regions_SIS_Report_R1_PUBLIC_20250715.zip__GI_DPP_2022_Cycle_1_SIS_Phase_1_Final_Report_Rev1.pdf.pdf,,low_extraction_confidence,,J2841,14,0.5,pdfplumber,,
,,2022 Cycle,General Documents,Phase1,DPP Phase 1 System Impact Study,2025-07-15,,,,,,,,,,,,707921_GI-DPP-2022-Ph1-All-Regions_SIS_Report_R1_PUBLIC_20250715.zip__GI_DPP_2022_Cycle_1_SIS_Phase_1_Final_Report_Rev1.pdf.pdf,,low_extraction_confidence,,J2843,14,0.5,pdfplumber,,
,,2022 Cycle,General Documents,Phase1,DPP Phase 1 System Impact Study,2025-07-15,,,,,,,,,,,,707921_GI-DPP-2022-Ph1-All-Regions_SIS_Report_R1_PUBLIC_20250715.zip__GI_DPP_2022_Cycle_1_SIS_Phase_1_Final_Report_Rev1.pdf.pdf,,low_extraction_confidence,,J2844,14,0.5,pdfplumber,,
,,2022 Cycle,General Documents,Phase1,DPP Phase 1 System Impact Study,2025-07-15,,,,,,,,,,,,707921_GI-DPP-2022-Ph1-All-Regions_SIS_Report_R1_PUBLIC_20250715.zip__GI_DPP_2022_Cycle_1_SIS_Phase_1_Final_Report_Rev1.pdf.pdf,,low_extraction_confidence,,J2845,14,0.5,pdfplumber,,
,,2022 Cycle,General Documents,Phase1,DPP Phase 1 System Impact Study,2025-07-15,,,,,,,,,,,,707921_GI-DPP-2022-Ph1-All-Regions_SIS_Report_R1_PUBLIC_20250715.zip__GI_DPP_2022_Cycle_1_SIS_Phase_1_Final_Report_Rev1.pdf.pdf,,low_extraction_confidence,,J2846,14,0.5,pdfplumber,,
,,2022 Cycle,General Documents,Phase1,DPP Phase 1 System Impact Study,2025-07-15,,,,,,,,,,,,707921_GI-DPP-2022-Ph1-All-Regions_SIS_Report_R1_PUBLIC_20250715.zip__GI_DPP_2022_Cycle_1_SIS_Phase_1_Final_Report_Rev1.pdf.pdf,,low_extraction_confidence,,J2847,14,0.5,pdfplumber,,
,,2022 Cycle,General Documents,Phase1,DPP Phase 1 System Impact Study,2025-07-15,,,,,,,,,,,,707921_GI-DPP-2022-Ph1-All-Regions_SIS_Report_R1_PUBLIC_20250715.zip__GI_DPP_2022_Cycle_1_SIS_Phase_1_Final_Report_Rev1.pdf.pdf,,low_extraction_confidence,,J2848,14,0.5,pdfplumber,,
,,2022 Cycle,General Documents,Phase1,DPP Phase 1 System Impact Study,2025-07-15,,,,,,,,,,,,707921_GI-DPP-2022-Ph1-All-Regions_SIS_Report_R1_PUBLIC_20250715.zip__GI_DPP_2022_Cycle_1_SIS_Phase_1_Final_Report_Rev1.pdf.pdf,,low_extraction_confidence,,J2849,14,0.5,pdfplumber,,
,,2022 Cycle,General Documents,Phase1,DPP Phase 1 System Impact Study,2025-07-15,,,,,,,,,,,,707921_GI-DPP-2022-Ph1-All-Regions_SIS_Report_R1_PUBLIC_20250715.zip__GI_DPP_2022_Cycle_1_SIS_Phase_1_Final_Report_Rev1.pdf.pdf,,low_extraction_confidence,,J2850,14,0.5,pdfplumber,,
,,2022 Cycle,General Documents,Phase1,DPP Phase 1 System Impact Study,2025-07-15,,,,,,,,,,,,707921_GI-DPP-2022-Ph1-All-Regions_SIS_Report_R1_PUBLIC_20250715.zip__GI_DPP_2022_Cycle_1_SIS_Phase_1_Final_Report_Rev1.pdf.pdf,,low_extraction_confidence,,J2852,14,0.5,pdfplumber,,
,,2022 Cycle,General Documents,Phase1,DPP Phase 1 System Impact Study,2025-07-15,,,,,,,,,,,,707921_GI-DPP-2022-Ph1-All-Regions_SIS_Report_R1_PUBLIC_20250715.zip__GI_DPP_2022_Cycle_1_SIS_Phase_1_Final_Report_Rev1.pdf.pdf,,low_extraction_confidence,,J2853,14,0.5,pdfplumber,,
,,2022 Cycle,General Documents,Phase1,DPP Phase 1 System Impact Study,2025-07-15,,,,,,,,,,,,707921_GI-DPP-2022-Ph1-All-Regions_SIS_Report_R1_PUBLIC_20250715.zip__GI_DPP_2022_Cycle_1_SIS_Phase_1_Final_Report_Rev1.pdf.pdf,,low_extraction_confidence,,J2854,15,0.5,pdfplumber,,
,,2022 Cycle,General Documents,Phase1,DPP Phase 1 System Impact Study,2025-07-15,,,,,,,,,,,,707921_GI-DPP-2022-Ph1-All-Regions_SIS_Report_R1_PUBLIC_20250715.zip__GI_DPP_2022_Cycle_1_SIS_Phase_1_Final_Report_Rev1.pdf.pdf,,low_extraction_confidence,,J2855,15,0.5,pdfplumber,,
,,2022 Cycle,General Documents,Phase1,DPP Phase 1 System Impact Study,2025-07-15,,,,,,,,,,,,707921_GI-DPP-2022-Ph1-All-Regions_SIS_Report_R1_PUBLIC_20250715.zip__GI_DPP_2022_Cycle_1_SIS_Phase_1_Final_Report_Rev1.pdf.pdf,,low_extraction_confidence,,J2856,15,0.5,pdfplumber,,
,,2022 Cycle,General Documents,Phase1,DPP Phase 1 System Impact Study,2025-07-15,,,,,,,,,,,,707921_GI-DPP-2022-Ph1-All-Regions_SIS_Report_R1_PUBLIC_20250715.zip__GI_DPP_2022_Cycle_1_SIS_Phase_1_Final_Report_Rev1.pdf.pdf,,low_extraction_confidence,,J2857,15,0.5,pdfplumber,,
,,2022 Cycle,General Documents,Phase1,DPP Phase 1 System Impact Study,2025-07-15,,,,,,,,,,,,707921_GI-DPP-2022-Ph1-All-Regions_SIS_Report_R1_PUBLIC_20250715.zip__GI_DPP_2022_Cycle_1_SIS_Phase_1_Final_Report_Rev1.pdf.pdf,,low_extraction_confidence,,J2858,15,0.5,pdfplumber,,
,,2022 Cycle,General Documents,Phase1,DPP Phase 1 System Impact Study,2025-07-15,,,,,,,,,,,,707921_GI-DPP-2022-Ph1-All-Regions_SIS_Report_R1_PUBLIC_20250715.zip__GI_DPP_2022_Cycle_1_SIS_Phase_1_Final_Report_Rev1.pdf.pdf,,low_extraction_confidence,,J2859,15,0.5,pdfplumber,,
,,2022 Cycle,General Documents,Phase1,DPP Phase 1 System Impact Study,2025-07-15,,,,,,,,,,,,707921_GI-DPP-2022-Ph1-All-Regions_SIS_Report_R1_PUBLIC_20250715.zip__GI_DPP_2022_Cycle_1_SIS_Phase_1_Final_Report_Rev1.pdf.pdf,,low_extraction_confidence,,J2860,15,0.5,pdfplumber,,
,,2022 Cycle,General Documents,Phase1,DPP Phase 1 System Impact Study,2025-07-15,,,,,,,,,,,,707921_GI-DPP-2022-Ph1-All-Regions_SIS_Report_R1_PUBLIC_20250715.zip__GI_DPP_2022_Cycle_1_SIS_Phase_1_Final_Report_Rev1.pdf.pdf,,low_extraction_confidence,,J2864,15,0.5,pdfplumber,,
,,2022 Cycle,General Documents,Phase1,DPP Phase 1 System Impact Study,2025-07-15,,,,,,,,,,,,707921_GI-DPP-2022-Ph1-All-Regions_SIS_Report_R1_PUBLIC_20250715.zip__GI_DPP_2022_Cycle_1_SIS_Phase_1_Final_Report_Rev1.pdf.pdf,,low_extraction_confidence,,J2865,15,0.5,pdfplumber,,
,,2022 Cycle,General Documents,Phase1,DPP Phase 1 System Impact Study,2025-07-15,,,,,,,,,,,,707921_GI-DPP-2022-Ph1-All-Regions_SIS_Report_R1_PUBLIC_20250715.zip__GI_DPP_2022_Cycle_1_SIS_Phase_1_Final_Report_Rev1.pdf.pdf,,low_extraction_confidence,,J2866,15,0.5,pdfplumber,,
,,2022 Cycle,General Documents,Phase1,DPP Phase 1 System Impact Study,2025-07-15,,,,,,,,,,,,707921_GI-DPP-2022-Ph1-All-Regions_SIS_Report_R1_PUBLIC_20250715.zip__GI_DPP_2022_Cycle_1_SIS_Phase_1_Final_Report_Rev1.pdf.pdf,,low_extraction_confidence,,J2867,15,0.5,pdfplumber,,
,,2022 Cycle,General Documents,Phase1,DPP Phase 1 System Impact Study,2025-07-15,,,,,,,,,,,,707921_GI-DPP-2022-Ph1-All-Regions_SIS_Report_R1_PUBLIC_20250715.zip__GI_DPP_2022_Cycle_1_SIS_Phase_1_Final_Report_Rev1.pdf.pdf,,low_extraction_confidence,,J2868,15,0.5,pdfplumber,,
,,2022 Cycle,General Documents,Phase1,DPP Phase 1 System Impact Study,2025-07-15,,,,,,,,,,,,707921_GI-DPP-2022-Ph1-All-Regions_SIS_Report_R1_PUBLIC_20250715.zip__GI_DPP_2022_Cycle_1_SIS_Phase_1_Final_Report_Rev1.pdf.pdf,,low_extraction_confidence,,J2869,15,0.5,pdfplumber,,
,,2022 Cycle,General Documents,Phase1,DPP Phase 1 System Impact Study,2025-07-15,,,,,,,,,,,,707921_GI-DPP-2022-Ph1-All-Regions_SIS_Report_R1_PUBLIC_20250715.zip__GI_DPP_2022_Cycle_1_SIS_Phase_1_Final_Report_Rev1.pdf.pdf,,low_extraction_confidence,,J2870,15,0.5,pdfplumber,,
,,2022 Cycle,General Documents,Phase1,DPP Phase 1 System Impact Study,2025-07-15,,,,,,,,,,,,707921_GI-DPP-2022-Ph1-All-Regions_SIS_Report_R1_PUBLIC_20250715.zip__GI_DPP_2022_Cycle_1_SIS_Phase_1_Final_Report_Rev1.pdf.pdf,,low_extraction_confidence,,J2871,15,0.5,pdfplumber,,
,,2022 Cycle,General Documents,Phase1,DPP Phase 1 System Impact Study,2025-07-15,,,,,,,,,,,,707921_GI-DPP-2022-Ph1-All-Regions_SIS_Report_R1_PUBLIC_20250715.zip__GI_DPP_2022_Cycle_1_SIS_Phase_1_Final_Report_Rev1.pdf.pdf,,low_extraction_confidence,,J2872,15,0.5,pdfplumber,,
,,2022 Cycle,General Documents,Phase1,DPP Phase 1 System Impact Study,2025-07-15,,,,,,,,,,,,707921_GI-DPP-2022-Ph1-All-Regions_SIS_Report_R1_PUBLIC_20250715.zip__GI_DPP_2022_Cycle_1_SIS_Phase_1_Final_Report_Rev1.pdf.pdf,,low_extraction_confidence,,J2873,15,0.5,pdfplumber,,
,,2022 Cycle,General Documents,Phase1,DPP Phase 1 System Impact Study,2025-07-15,,,,,,,,,,,,707921_GI-DPP-2022-Ph1-All-Regions_SIS_Report_R1_PUBLIC_20250715.zip__GI_DPP_2022_Cycle_1_SIS_Phase_1_Final_Report_Rev1.pdf.pdf,,low_extraction_confidence,,J2874,15,0.5,pdfplumber,,
,,2022 Cycle,General Documents,Phase1,DPP Phase 1 System Impact Study,2025-07-15,,,,,,,,,,,,707921_GI-DPP-2022-Ph1-All-Regions_SIS_Report_R1_PUBLIC_20250715.zip__GI_DPP_2022_Cycle_1_SIS_Phase_1_Final_Report_Rev1.pdf.pdf,,low_extraction_confidence,,J2875,15,0.5,pdfplumber,,
,,2022 Cycle,General Documents,Phase1,DPP Phase 1 System Impact Study,2025-07-15,,,,,,,,,,,,707921_GI-DPP-2022-Ph1-All-Regions_SIS_Report_R1_PUBLIC_20250715.zip__GI_DPP_2022_Cycle_1_SIS_Phase_1_Final_Report_Rev1.pdf.pdf,,low_extraction_confidence,,J2876,15,0.5,pdfplumber,,
,,2022 Cycle,General Documents,Phase1,DPP Phase 1 System Impact Study,2025-07-15,,,,,,,,,,,,707921_GI-DPP-2022-Ph1-All-Regions_SIS_Report_R1_PUBLIC_20250715.zip__GI_DPP_2022_Cycle_1_SIS_Phase_1_Final_Report_Rev1.pdf.pdf,,low_extraction_confidence,,J2877,15,0.5,pdfplumber,,
,,2022 Cycle,General Documents,Phase1,DPP Phase 1 System Impact Study,2025-07-15,,,,,,,,,,,,707921_GI-DPP-2022-Ph1-All-Regions_SIS_Report_R1_PUBLIC_20250715.zip__GI_DPP_2022_Cycle_1_SIS_Phase_1_Final_Report_Rev1.pdf.pdf,,low_extraction_confidence,,J2878,15,0.5,pdfplumber,,
,,2022 Cycle,General Documents,Phase1,DPP Phase 1 System Impact Study,2025-07-15,,,,,,,,,,,,707921_GI-DPP-2022-Ph1-All-Regions_SIS_Report_R1_PUBLIC_20250715.zip__GI_DPP_2022_Cycle_1_SIS_Phase_1_Final_Report_Rev1.pdf.pdf,,low_extraction_confidence,,J2879,15,0.5,pdfplumber,,
,,2022 Cycle,General Documents,Phase1,DPP Phase 1 System Impact Study,2025-07-15,,,,,,,,,,,,707921_GI-DPP-2022-Ph1-All-Regions_SIS_Report_R1_PUBLIC_20250715.zip__GI_DPP_2022_Cycle_1_SIS_Phase_1_Final_Report_Rev1.pdf.pdf,,low_extraction_confidence,,J2880,15,0.5,pdfplumber,,
,,2022 Cycle,General Documents,Phase1,DPP Phase 1 System Impact Study,2025-07-15,,,,,,,,,,,,707921_GI-DPP-2022-Ph1-All-Regions_SIS_Report_R1_PUBLIC_20250715.zip__GI_DPP_2022_Cycle_1_SIS_Phase_1_Final_Report_Rev1.pdf.pdf,,low_extraction_confidence,,J2881,15,0.5,pdfplumber,,
,,2022 Cycle,General Documents,Phase1,DPP Phase 1 System Impact Study,2025-07-15,,,,,,,,,,,,707921_GI-DPP-2022-Ph1-All-Regions_SIS_Report_R1_PUBLIC_20250715.zip__GI_DPP_2022_Cycle_1_SIS_Phase_1_Final_Report_Rev1.pdf.pdf,,low_extraction_confidence,,J2882,15,0.5,pdfplumber,,
,,2022 Cycle,General Documents,Phase1,DPP Phase 1 System Impact Study,2025-07-15,,,,,,,,,,,,707921_GI-DPP-2022-Ph1-All-Regions_SIS_Report_R1_PUBLIC_20250715.zip__GI_DPP_2022_Cycle_1_SIS_Phase_1_Final_Report_Rev1.pdf.pdf,,low_extraction_confidence,,J2883,15,0.5,pdfplumber,,
,,2022 Cycle,General Documents,Phase1,DPP Phase 1 System Impact Study,2025-07-15,,,,,,,,,,,,707921_GI-DPP-2022-Ph1-All-Regions_SIS_Report_R1_PUBLIC_20250715.zip__GI_DPP_2022_Cycle_1_SIS_Phase_1_Final_Report_Rev1.pdf.pdf,,low_extraction_confidence,,J2884,15,0.5,pdfplumber,,
,,2022 Cycle,General Documents,Phase1,DPP Phase 1 System Impact Study,2025-07-15,,,,,,,,,,,,707921_GI-DPP-2022-Ph1-All-Regions_SIS_Report_R1_PUBLIC_20250715.zip__GI_DPP_2022_Cycle_1_SIS_Phase_1_Final_Report_Rev1.pdf.pdf,,low_extraction_confidence,,J2885,15,0.5,pdfplumber,,
,,2022 Cycle,General Documents,Phase1,DPP Phase 1 System Impact Study,2025-07-15,,,,,,,,,,,,707921_GI-DPP-2022-Ph1-All-Regions_SIS_Report_R1_PUBLIC_20250715.zip__GI_DPP_2022_Cycle_1_SIS_Phase_1_Final_Report_Rev1.pdf.pdf,,low_extraction_confidence,,J2886,15,0.5,pdfplumber,,
,,2022 Cycle,General Documents,Phase1,DPP Phase 1 System Impact Study,2025-07-15,,,,,,,,,,,,707921_GI-DPP-2022-Ph1-All-Regions_SIS_Report_R1_PUBLIC_20250715.zip__GI_DPP_2022_Cycle_1_SIS_Phase_1_Final_Report_Rev1.pdf.pdf,,low_extraction_confidence,,J2887,15,0.5,pdfplumber,,
,,2022 Cycle,General Documents,Phase1,DPP Phase 1 System Impact Study,2025-07-15,,,,,,,,,,,,707921_GI-DPP-2022-Ph1-All-Regions_SIS_Report_R1_PUBLIC_20250715.zip__GI_DPP_2022_Cycle_1_SIS_Phase_1_Final_Report_Rev1.pdf.pdf,,low_extraction_confidence,,J2888,15,0.5,pdfplumber,,
,,2022 Cycle,General Documents,Phase1,DPP Phase 1 System Impact Study,2025-07-15,,,,,,,,,,,,707921_GI-DPP-2022-Ph1-All-Regions_SIS_Report_R1_PUBLIC_20250715.zip__GI_DPP_2022_Cycle_1_SIS_Phase_1_Final_Report_Rev1.pdf.pdf,,low_extraction_confidence,,J2889,15,0.5,pdfplumber,,
,,2022 Cycle,General Documents,Phase1,DPP Phase 1 System Impact Study,2025-07-15,,,,,,,,,,,,707921_GI-DPP-2022-Ph1-All-Regions_SIS_Report_R1_PUBLIC_20250715.zip__GI_DPP_2022_Cycle_1_SIS_Phase_1_Final_Report_Rev1.pdf.pdf,,low_extraction_confidence,,J2890,15,0.5,pdfplumber,,
,,2022 Cycle,General Documents,Phase1,DPP Phase 1 System Impact Study,2025-07-15,,,,,,,,,,,,707921_GI-DPP-2022-Ph1-All-Regions_SIS_Report_R1_PUBLIC_20250715.zip__GI_DPP_2022_Cycle_1_SIS_Phase_1_Final_Report_Rev1.pdf.pdf,,low_extraction_confidence,,J2891,15,0.5,pdfplumber,,
,,2022 Cycle,General Documents,Phase1,DPP Phase 1 System Impact Study,2025-07-15,,,,,,,,,,,,707921_GI-DPP-2022-Ph1-All-Regions_SIS_Report_R1_PUBLIC_20250715.zip__GI_DPP_2022_Cycle_1_SIS_Phase_1_Final_Report_Rev1.pdf.pdf,,low_extraction_confidence,,J2892,15,0.5,pdfplumber,,
,,2022 Cycle,General Documents,Phase1,DPP Phase 1 System Impact Study,2025-07-15,,,,,,,,,,,,707921_GI-DPP-2022-Ph1-All-Regions_SIS_Report_R1_PUBLIC_20250715.zip__GI_DPP_2022_Cycle_1_SIS_Phase_1_Final_Report_Rev1.pdf.pdf,,low_extraction_confidence,,J2893,15,0.5,pdfplumber,,
,,2022 Cycle,General Documents,Phase1,DPP Phase 1 System Impact Study,2025-07-15,,,,,,,,,,,,707921_GI-DPP-2022-Ph1-All-Regions_SIS_Report_R1_PUBLIC_20250715.zip__GI_DPP_2022_Cycle_1_SIS_Phase_1_Final_Report_Rev1.pdf.pdf,,low_extraction_confidence,,J2894,15,0.5,pdfplumber,,
,,2022 Cycle,General Documents,Phase1,DPP Phase 1 System Impact Study,2025-07-15,,,,,,,,,,,,707921_GI-DPP-2022-Ph1-All-Regions_SIS_Report_R1_PUBLIC_20250715.zip__GI_DPP_2022_Cycle_1_SIS_Phase_1_Final_Report_Rev1.pdf.pdf,,low_extraction_confidence,,J2895,15,0.5,pdfplumber,,
,,2022 Cycle,General Documents,Phase1,DPP Phase 1 System Impact Study,2025-07-15,,,,,,,,,,,,707921_GI-DPP-2022-Ph1-All-Regions_SIS_Report_R1_PUBLIC_20250715.zip__GI_DPP_2022_Cycle_1_SIS_Phase_1_Final_Report_Rev1.pdf.pdf,,low_extraction_confidence,,J2897,15,0.5,pdfplumber,,
,,2022 Cycle,General Documents,Phase1,DPP Phase 1 System Impact Study,2025-07-15,,,,,,,,,,,,707921_GI-DPP-2022-Ph1-All-Regions_SIS_Report_R1_PUBLIC_20250715.zip__GI_DPP_2022_Cycle_1_SIS_Phase_1_Final_Report_Rev1.pdf.pdf,,low_extraction_confidence,,J2898,15,0.5,pdfplumber,,
,,2022 Cycle,General Documents,Phase1,DPP Phase 1 System Impact Study,2025-07-15,,,,,,,,,,,,707921_GI-DPP-2022-Ph1-All-Regions_SIS_Report_R1_PUBLIC_20250715.zip__GI_DPP_2022_Cycle_1_SIS_Phase_1_Final_Report_Rev1.pdf.pdf,,low_extraction_confidence,,J2899,15,0.5,pdfplumber,,
,,2022 Cycle,General Documents,Phase1,DPP Phase 1 System Impact Study,2025-07-15,,,,,,,,,,,,707921_GI-DPP-2022-Ph1-All-Regions_SIS_Report_R1_PUBLIC_20250715.zip__GI_DPP_2022_Cycle_1_SIS_Phase_1_Final_Report_Rev1.pdf.pdf,,low_extraction_confidence,,J2900,15,0.5,pdfplumber,,
,,2022 Cycle,General Documents,Phase1,DPP Phase 1 System Impact Study,2025-07-15,,,,,,,,,,,,707921_GI-DPP-2022-Ph1-All-Regions_SIS_Report_R1_PUBLIC_20250715.zip__GI_DPP_2022_Cycle_1_SIS_Phase_1_Final_Report_Rev1.pdf.pdf,,low_extraction_confidence,,J2901,15,0.5,pdfplumber,,
,,2022 Cycle,General Documents,Phase1,DPP Phase 1 System Impact Study,2025-07-15,,,,,,,,,,,,707921_GI-DPP-2022-Ph1-All-Regions_SIS_Report_R1_PUBLIC_20250715.zip__GI_DPP_2022_Cycle_1_SIS_Phase_1_Final_Report_Rev1.pdf.pdf,,low_extraction_confidence,,J2903,15,0.5,pdfplumber,,
,,2022 Cycle,General Documents,Phase1,DPP Phase 1 System Impact Study,2025-07-15,,,,,,,,,,,,707921_GI-DPP-2022-Ph1-All-Regions_SIS_Report_R1_PUBLIC_20250715.zip__GI_DPP_2022_Cycle_1_SIS_Phase_1_Final_Report_Rev1.pdf.pdf,,low_extraction_confidence,,J2904,15,0.5,pdfplumber,,
,,2022 Cycle,General Documents,Phase1,DPP Phase 1 System Impact Study,2025-07-15,,,,,,,,,,,,707921_GI-DPP-2022-Ph1-All-Regions_SIS_Report_R1_PUBLIC_20250715.zip__GI_DPP_2022_Cycle_1_SIS_Phase_1_Final_Report_Rev1.pdf.pdf,,low_extraction_confidence,,J2905,15,0.5,pdfplumber,,
,,2022 Cycle,General Documents,Phase1,DPP Phase 1 System Impact Study,2025-07-15,,,,,,,,,,,,707921_GI-DPP-2022-Ph1-All-Regions_SIS_Report_R1_PUBLIC_20250715.zip__GI_DPP_2022_Cycle_1_SIS_Phase_1_Final_Report_Rev1.pdf.pdf,,low_extraction_confidence,,J2906,15,0.5,pdfplumber,,
,,2022 Cycle,General Documents,Phase1,DPP Phase 1 System Impact Study,2025-07-15,,,,,,,,,,,,707921_GI-DPP-2022-Ph1-All-Regions_SIS_Report_R1_PUBLIC_20250715.zip__GI_DPP_2022_Cycle_1_SIS_Phase_1_Final_Report_Rev1.pdf.pdf,,low_extraction_confidence,,J2907,15,0.5,pdfplumber,,
,,2022 Cycle,General Documents,Phase1,DPP Phase 1 System Impact Study,2025-07-15,,,,,,,,,,,,707921_GI-DPP-2022-Ph1-All-Regions_SIS_Report_R1_PUBLIC_20250715.zip__GI_DPP_2022_Cycle_1_SIS_Phase_1_Final_Report_Rev1.pdf.pdf,,low_extraction_confidence,,J2908,15,0.5,pdfplumber,,
,,2022 Cycle,General Documents,Phase1,DPP Phase 1 System Impact Study,2025-07-15,,,,,,,,,,,,707921_GI-DPP-2022-Ph1-All-Regions_SIS_Report_R1_PUBLIC_20250715.zip__GI_DPP_2022_Cycle_1_SIS_Phase_1_Final_Report_Rev1.pdf.pdf,,low_extraction_confidence,,J2911,15,0.5,pdfplumber,,
,,2022 Cycle,General Documents,Phase1,DPP Phase 1 System Impact Study,2025-07-15,,,,,,,,,,,,707921_GI-DPP-2022-Ph1-All-Regions_SIS_Report_R1_PUBLIC_20250715.zip__GI_DPP_2022_Cycle_1_SIS_Phase_1_Final_Report_Rev1.pdf.pdf,,low_extraction_confidence,,J2912,15,0.5,pdfplumber,,
,,2022 Cycle,General Documents,Phase1,DPP Phase 1 System Impact Study,2025-07-15,,,,,,,,,,,,707921_GI-DPP-2022-Ph1-All-Regions_SIS_Report_R1_PUBLIC_20250715.zip__GI_DPP_2022_Cycle_1_SIS_Phase_1_Final_Report_Rev1.pdf.pdf,,low_extraction_confidence,,J2913,15,0.5,pdfplumber,,
,,2022 Cycle,General Documents,Phase1,DPP Phase 1 System Impact Study,2025-07-15,,,,,,,,,,,,707921_GI-DPP-2022-Ph1-All-Regions_SIS_Report_R1_PUBLIC_20250715.zip__GI_DPP_2022_Cycle_1_SIS_Phase_1_Final_Report_Rev1.pdf.pdf,,low_extraction_confidence,,J2914,15,0.5,pdfplumber,,
,,2022 Cycle,General Documents,Phase1,DPP Phase 1 System Impact Study,2025-07-15,,,,,,,,,,,,707921_GI-DPP-2022-Ph1-All-Regions_SIS_Report_R1_PUBLIC_20250715.zip__GI_DPP_2022_Cycle_1_SIS_Phase_1_Final_Report_Rev1.pdf.pdf,,low_extraction_confidence,,J2915,15,0.5,pdfplumber,,
,,2022 Cycle,General Documents,Phase1,DPP Phase 1 System Impact Study,2025-07-15,,,,,,,,,,,,707921_GI-DPP-2022-Ph1-All-Regions_SIS_Report_R1_PUBLIC_20250715.zip__GI_DPP_2022_Cycle_1_SIS_Phase_1_Final_Report_Rev1.pdf.pdf,,low_extraction_confidence,,J2916,15,0.5,pdfplumber,,
,,2022 Cycle,General Documents,Phase1,DPP Phase 1 System Impact Study,2025-07-15,,,,,,,,,,,,707921_GI-DPP-2022-Ph1-All-Regions_SIS_Report_R1_PUBLIC_20250715.zip__GI_DPP_2022_Cycle_1_SIS_Phase_1_Final_Report_Rev1.pdf.pdf,,low_extraction_confidence,,J2917,15,0.5,pdfplumber,,
,,2022 Cycle,General Documents,Phase1,DPP Phase 1 System Impact Study,2025-07-15,,,,,,,,,,,,707921_GI-DPP-2022-Ph1-All-Regions_SIS_Report_R1_PUBLIC_20250715.zip__GI_DPP_2022_Cycle_1_SIS_Phase_1_Final_Report_Rev1.pdf.pdf,,low_extraction_confidence,,J2918,15,0.5,pdfplumber,,
,,2022 Cycle,General Documents,Phase1,DPP Phase 1 System Impact Study,2025-07-15,,,,,,,,,,,,707921_GI-DPP-2022-Ph1-All-Regions_SIS_Report_R1_PUBLIC_20250715.zip__GI_DPP_2022_Cycle_1_SIS_Phase_1_Final_Report_Rev1.pdf.pdf,,low_extraction_confidence,,J2919,15,0.5,pdfplumber,,
,,2022 Cycle,General Documents,Phase1,DPP Phase 1 System Impact Study,2025-07-15,,,,,,,,,,,,707921_GI-DPP-2022-Ph1-All-Regions_SIS_Report_R1_PUBLIC_20250715.zip__GI_DPP_2022_Cycle_1_SIS_Phase_1_Final_Report_Rev1.pdf.pdf,,low_extraction_confidence,,J2920,15,0.5,pdfplumber,,
,,2022 Cycle,General Documents,Phase1,DPP Phase 1 System Impact Study,2025-07-15,,,,,,,,,,,,707921_GI-DPP-2022-Ph1-All-Regions_SIS_Report_R1_PUBLIC_20250715.zip__GI_DPP_2022_Cycle_1_SIS_Phase_1_Final_Report_Rev1.pdf.pdf,,low_extraction_confidence,,J1673,15,0.5,pdfplumber,,
,,2022 Cycle,General Documents,Phase1,DPP Phase 1 System Impact Study,2025-07-15,,,,,,,,,,,,707921_GI-DPP-2022-Ph1-All-Regions_SIS_Report_R1_PUBLIC_20250715.zip__GI_DPP_2022_Cycle_1_SIS_Phase_1_Final_Report_Rev1.pdf.pdf,,low_extraction_confidence,,J2921,15,0.5,pdfplumber,,
,,2022 Cycle,General Documents,Phase1,DPP Phase 1 System Impact Study,2025-07-15,,,,,,,,,,,,707921_GI-DPP-2022-Ph1-All-Regions_SIS_Report_R1_PUBLIC_20250715.zip__GI_DPP_2022_Cycle_1_SIS_Phase_1_Final_Report_Rev1.pdf.pdf,,low_extraction_confidence,,J2922,15,0.5,pdfplumber,,
,,2022 Cycle,General Documents,Phase1,DPP Phase 1 System Impact Study,2025-07-15,,,,,,,,,,,,707921_GI-DPP-2022-Ph1-All-Regions_SIS_Report_R1_PUBLIC_20250715.zip__GI_DPP_2022_Cycle_1_SIS_Phase_1_Final_Report_Rev1.pdf.pdf,,low_extraction_confidence,,J2923,15,0.5,pdfplumber,,
,,2022 Cycle,General Documents,Phase1,DPP Phase 1 System Impact Study,2025-07-15,,,,,,,,,,,,707921_GI-DPP-2022-Ph1-All-Regions_SIS_Report_R1_PUBLIC_20250715.zip__GI_DPP_2022_Cycle_1_SIS_Phase_1_Final_Report_Rev1.pdf.pdf,,low_extraction_confidence,,J2924,16,0.5,pdfplumber,,
,,2022 Cycle,General Documents,Phase1,DPP Phase 1 System Impact Study,2025-07-15,,,,,,,,,,,,707921_GI-DPP-2022-Ph1-All-Regions_SIS_Report_R1_PUBLIC_20250715.zip__GI_DPP_2022_Cycle_1_SIS_Phase_1_Final_Report_Rev1.pdf.pdf,,low_extraction_confidence,,J2925,16,0.5,pdfplumber,,
,,2022 Cycle,General Documents,Phase1,DPP Phase 1 System Impact Study,2025-07-15,,,,,,,,,,,,707921_GI-DPP-2022-Ph1-All-Regions_SIS_Report_R1_PUBLIC_20250715.zip__GI_DPP_2022_Cycle_1_SIS_Phase_1_Final_Report_Rev1.pdf.pdf,,low_extraction_confidence,,J2926,16,0.5,pdfplumber,,
,,2022 Cycle,General Documents,Phase1,DPP Phase 1 System Impact Study,2025-07-15,,,,,,,,,,,,707921_GI-DPP-2022-Ph1-All-Regions_SIS_Report_R1_PUBLIC_20250715.zip__GI_DPP_2022_Cycle_1_SIS_Phase_1_Final_Report_Rev1.pdf.pdf,,low_extraction_confidence,,J2927,16,0.5,pdfplumber,,
,,2022 Cycle,General Documents,Phase1,DPP Phase 1 System Impact Study,2025-07-15,,,,,,,,,,,,707921_GI-DPP-2022-Ph1-All-Regions_SIS_Report_R1_PUBLIC_20250715.zip__GI_DPP_2022_Cycle_1_SIS_Phase_1_Final_Report_Rev1.pdf.pdf,,low_extraction_confidence,,J2930,16,0.5,pdfplumber,,
,,2022 Cycle,General Documents,Phase1,DPP Phase 1 System Impact Study,2025-07-15,,,,,,,,,,,,707921_GI-DPP-2022-Ph1-All-Regions_SIS_Report_R1_PUBLIC_20250715.zip__GI_DPP_2022_Cycle_1_SIS_Phase_1_Final_Report_Rev1.pdf.pdf,,low_extraction_confidence,,J2931,16,0.5,pdfplumber,,
,,2022 Cycle,General Documents,Phase1,DPP Phase 1 System Impact Study,2025-07-15,,,,,,,,,,,,707921_GI-DPP-2022-Ph1-All-Regions_SIS_Report_R1_PUBLIC_20250715.zip__GI_DPP_2022_Cycle_1_SIS_Phase_1_Final_Report_Rev1.pdf.pdf,,low_extraction_confidence,,J2934,16,0.5,pdfplumber,,
,,2022 Cycle,General Documents,Phase1,DPP Phase 1 System Impact Study,2025-07-15,,,,,,,,,,,,707921_GI-DPP-2022-Ph1-All-Regions_SIS_Report_R1_PUBLIC_20250715.zip__GI_DPP_2022_Cycle_1_SIS_Phase_1_Final_Report_Rev1.pdf.pdf,,low_extraction_confidence,,J2935,16,0.5,pdfplumber,,
,,2022 Cycle,General Documents,Phase1,DPP Phase 1 System Impact Study,2025-07-15,,,,,,,,,,,,707921_GI-DPP-2022-Ph1-All-Regions_SIS_Report_R1_PUBLIC_20250715.zip__GI_DPP_2022_Cycle_1_SIS_Phase_1_Final_Report_Rev1.pdf.pdf,,low_extraction_confidence,,J2937,16,0.5,pdfplumber,,
,,2022 Cycle,General Documents,Phase1,DPP Phase 1 System Impact Study,2025-07-15,,,,,,,,,,,,707921_GI-DPP-2022-Ph1-All-Regions_SIS_Report_R1_PUBLIC_20250715.zip__GI_DPP_2022_Cycle_1_SIS_Phase_1_Final_Report_Rev1.pdf.pdf,,low_extraction_confidence,,J2938,16,0.5,pdfplumber,,
,,2022 Cycle,General Documents,Phase1,DPP Phase 1 System Impact Study,2025-07-15,,,,,,,,,,,,707921_GI-DPP-2022-Ph1-All-Regions_SIS_Report_R1_PUBLIC_20250715.zip__GI_DPP_2022_Cycle_1_SIS_Phase_1_Final_Report_Rev1.pdf.pdf,,low_extraction_confidence,,J2939,16,0.5,pdfplumber,,
,,2022 Cycle,General Documents,Phase1,DPP Phase 1 System Impact Study,2025-07-15,,,,,,,,,,,,707921_GI-DPP-2022-Ph1-All-Regions_SIS_Report_R1_PUBLIC_20250715.zip__GI_DPP_2022_Cycle_1_SIS_Phase_1_Final_Report_Rev1.pdf.pdf,,low_extraction_confidence,,J2942,16,0.5,pdfplumber,,
,,2022 Cycle,General Documents,Phase1,DPP Phase 1 System Impact Study,2025-07-15,,,,,,,,,,,,707921_GI-DPP-2022-Ph1-All-Regions_SIS_Report_R1_PUBLIC_20250715.zip__GI_DPP_2022_Cycle_1_SIS_Phase_1_Final_Report_Rev1.pdf.pdf,,low_extraction_confidence,,J2944,16,0.5,pdfplumber,,
,,2022 Cycle,General Documents,Phase1,DPP Phase 1 System Impact Study,2025-07-15,,,,,,,,,,,,707921_GI-DPP-2022-Ph1-All-Regions_SIS_Report_R1_PUBLIC_20250715.zip__GI_DPP_2022_Cycle_1_SIS_Phase_1_Final_Report_Rev1.pdf.pdf,,low_extraction_confidence,,J2945,16,0.5,pdfplumber,,
,,2022 Cycle,General Documents,Phase1,DPP Phase 1 System Impact Study,2025-07-15,,,,,,,,,,,,707921_GI-DPP-2022-Ph1-All-Regions_SIS_Report_R1_PUBLIC_20250715.zip__GI_DPP_2022_Cycle_1_SIS_Phase_1_Final_Report_Rev1.pdf.pdf,,low_extraction_confidence,,J2946,16,0.5,pdfplumber,,
,,2022 Cycle,General Documents,Phase1,DPP Phase 1 System Impact Study,2025-07-15,,,,,,,,,,,,707921_GI-DPP-2022-Ph1-All-Regions_SIS_Report_R1_PUBLIC_20250715.zip__GI_DPP_2022_Cycle_1_SIS_Phase_1_Final_Report_Rev1.pdf.pdf,,low_extraction_confidence,,J2947,16,0.5,pdfplumber,,
,,2022 Cycle,General Documents,Phase1,DPP Phase 1 System Impact Study,2025-07-15,,,,,,,,,,,,707921_GI-DPP-2022-Ph1-All-Regions_SIS_Report_R1_PUBLIC_20250715.zip__GI_DPP_2022_Cycle_1_SIS_Phase_1_Final_Report_Rev1.pdf.pdf,,low_extraction_confidence,,J2948,16,0.5,pdfplumber,,
,,2022 Cycle,General Documents,Phase1,DPP Phase 1 System Impact Study,2025-07-15,,,,,,,,,,,,707921_GI-DPP-2022-Ph1-All-Regions_SIS_Report_R1_PUBLIC_20250715.zip__GI_DPP_2022_Cycle_1_SIS_Phase_1_Final_Report_Rev1.pdf.pdf,,low_extraction_confidence,,J2949,16,0.5,pdfplumber,,
,,2022 Cycle,General Documents,Phase1,DPP Phase 1 System Impact Study,2025-07-15,,,,,,,,,,,,707921_GI-DPP-2022-Ph1-All-Regions_SIS_Report_R1_PUBLIC_20250715.zip__GI_DPP_2022_Cycle_1_SIS_Phase_1_Final_Report_Rev1.pdf.pdf,,low_extraction_confidence,,J2950,16,0.5,pdfplumber,,
,,2022 Cycle,General Documents,Phase1,DPP Phase 1 System Impact Study,2025-07-15,,,,,,,,,,,,707921_GI-DPP-2022-Ph1-All-Regions_SIS_Report_R1_PUBLIC_20250715.zip__GI_DPP_2022_Cycle_1_SIS_Phase_1_Final_Report_Rev1.pdf.pdf,,low_extraction_confidence,,J2951,16,0.5,pdfplumber,,
,,2022 Cycle,General Documents,Phase1,DPP Phase 1 System Impact Study,2025-07-15,,,,,,,,,,,,707921_GI-DPP-2022-Ph1-All-Regions_SIS_Report_R1_PUBLIC_20250715.zip__GI_DPP_2022_Cycle_1_SIS_Phase_1_Final_Report_Rev1.pdf.pdf,,low_extraction_confidence,,J2952,16,0.5,pdfplumber,,
,,2022 Cycle,General Documents,Phase1,DPP Phase 1 System Impact Study,2025-07-15,,,,,,,,,,,,707921_GI-DPP-2022-Ph1-All-Regions_SIS_Report_R1_PUBLIC_20250715.zip__GI_DPP_2022_Cycle_1_SIS_Phase_1_Final_Report_Rev1.pdf.pdf,,low_extraction_confidence,,J2953,16,0.5,pdfplumber,,
,,2022 Cycle,General Documents,Phase1,DPP Phase 1 System Impact Study,2025-07-15,,,,,,,,,,,,707921_GI-DPP-2022-Ph1-All-Regions_SIS_Report_R1_PUBLIC_20250715.zip__GI_DPP_2022_Cycle_1_SIS_Phase_1_Final_Report_Rev1.pdf.pdf,,low_extraction_confidence,,J2954,16,0.5,pdfplumber,,
,,2022 Cycle,General Documents,Phase1,DPP Phase 1 System Impact Study,2025-07-15,,,,,,,,,,,,707921_GI-DPP-2022-Ph1-All-Regions_SIS_Report_R1_PUBLIC_20250715.zip__GI_DPP_2022_Cycle_1_SIS_Phase_1_Final_Report_Rev1.pdf.pdf,,low_extraction_confidence,,J2955,16,0.5,pdfplumber,,
,,2022 Cycle,General Documents,Phase1,DPP Phase 1 System Impact Study,2025-07-15,,,,,,,,,,,,707921_GI-DPP-2022-Ph1-All-Regions_SIS_Report_R1_PUBLIC_20250715.zip__GI_DPP_2022_Cycle_1_SIS_Phase_1_Final_Report_Rev1.pdf.pdf,,low_extraction_confidence,,J2956,16,0.5,pdfplumber,,
,,2022 Cycle,General Documents,Phase1,DPP Phase 1 System Impact Study,2025-07-15,,,,,,,,,,,,707921_GI-DPP-2022-Ph1-All-Regions_SIS_Report_R1_PUBLIC_20250715.zip__GI_DPP_2022_Cycle_1_SIS_Phase_1_Final_Report_Rev1.pdf.pdf,,low_extraction_confidence,,J2957,16,0.5,pdfplumber,,
,,2022 Cycle,General Documents,Phase1,DPP Phase 1 System Impact Study,2025-07-15,,,,,,,,,,,,707921_GI-DPP-2022-Ph1-All-Regions_SIS_Report_R1_PUBLIC_20250715.zip__GI_DPP_2022_Cycle_1_SIS_Phase_1_Final_Report_Rev1.pdf.pdf,,low_extraction_confidence,,J2958,16,0.5,pdfplumber,,
,,2022 Cycle,General Documents,Phase1,DPP Phase 1 System Impact Study,2025-07-15,,,,,,,,,,,,707921_GI-DPP-2022-Ph1-All-Regions_SIS_Report_R1_PUBLIC_20250715.zip__GI_DPP_2022_Cycle_1_SIS_Phase_1_Final_Report_Rev1.pdf.pdf,,low_extraction_confidence,,J2959,16,0.5,pdfplumber,,
,,2022 Cycle,General Documents,Phase1,DPP Phase 1 System Impact Study,2025-07-15,,,,,,,,,,,,707921_GI-DPP-2022-Ph1-All-Regions_SIS_Report_R1_PUBLIC_20250715.zip__GI_DPP_2022_Cycle_1_SIS_Phase_1_Final_Report_Rev1.pdf.pdf,,low_extraction_confidence,,J2960,16,0.5,pdfplumber,,
,,2022 Cycle,General Documents,Phase1,DPP Phase 1 System Impact Study,2025-07-15,,,,,,,,,,,,707921_GI-DPP-2022-Ph1-All-Regions_SIS_Report_R1_PUBLIC_20250715.zip__GI_DPP_2022_Cycle_1_SIS_Phase_1_Final_Report_Rev1.pdf.pdf,,low_extraction_confidence,,J2961,16,0.5,pdfplumber,,
,,2022 Cycle,General Documents,Phase1,DPP Phase 1 System Impact Study,2025-07-15,,,,,,,,,,,,707921_GI-DPP-2022-Ph1-All-Regions_SIS_Report_R1_PUBLIC_20250715.zip__GI_DPP_2022_Cycle_1_SIS_Phase_1_Final_Report_Rev1.pdf.pdf,,low_extraction_confidence,,J2962,16,0.5,pdfplumber,,
,,2022 Cycle,General Documents,Phase1,DPP Phase 1 System Impact Study,2025-07-15,,,,,,,,,,,,707921_GI-DPP-2022-Ph1-All-Regions_SIS_Report_R1_PUBLIC_20250715.zip__GI_DPP_2022_Cycle_1_SIS_Phase_1_Final_Report_Rev1.pdf.pdf,,low_extraction_confidence,,J2963,16,0.5,pdfplumber,,
,,2022 Cycle,General Documents,Phase1,DPP Phase 1 System Impact Study,2025-07-15,,,,,,,,,,,,707921_GI-DPP-2022-Ph1-All-Regions_SIS_Report_R1_PUBLIC_20250715.zip__GI_DPP_2022_Cycle_1_SIS_Phase_1_Final_Report_Rev1.pdf.pdf,,low_extraction_confidence,,J2964,16,0.5,pdfplumber,,
,,2022 Cycle,General Documents,Phase1,DPP Phase 1 System Impact Study,2025-07-15,,,,,,,,,,,,707921_GI-DPP-2022-Ph1-All-Regions_SIS_Report_R1_PUBLIC_20250715.zip__GI_DPP_2022_Cycle_1_SIS_Phase_1_Final_Report_Rev1.pdf.pdf,,low_extraction_confidence,,J2965,16,0.5,pdfplumber,,
,,2022 Cycle,General Documents,Phase1,DPP Phase 1 System Impact Study,2025-07-15,,,,,,,,,,,,707921_GI-DPP-2022-Ph1-All-Regions_SIS_Report_R1_PUBLIC_20250715.zip__GI_DPP_2022_Cycle_1_SIS_Phase_1_Final_Report_Rev1.pdf.pdf,,low_extraction_confidence,,J2966,16,0.5,pdfplumber,,
,,2022 Cycle,General Documents,Phase1,DPP Phase 1 System Impact Study,2025-07-15,,,,,,,,,,,,707921_GI-DPP-2022-Ph1-All-Regions_SIS_Report_R1_PUBLIC_20250715.zip__GI_DPP_2022_Cycle_1_SIS_Phase_1_Final_Report_Rev1.pdf.pdf,,low_extraction_confidence,,J2967,16,0.5,pdfplumber,,
,,2022 Cycle,General Documents,Phase1,DPP Phase 1 System Impact Study,2025-07-15,,,,,,,,,,,,707921_GI-DPP-2022-Ph1-All-Regions_SIS_Report_R1_PUBLIC_20250715.zip__GI_DPP_2022_Cycle_1_SIS_Phase_1_Final_Report_Rev1.pdf.pdf,,low_extraction_confidence,,J2968,16,0.5,pdfplumber,,
,,2022 Cycle,General Documents,Phase1,DPP Phase 1 System Impact Study,2025-07-15,,,,,,,,,,,,707921_GI-DPP-2022-Ph1-All-Regions_SIS_Report_R1_PUBLIC_20250715.zip__GI_DPP_2022_Cycle_1_SIS_Phase_1_Final_Report_Rev1.pdf.pdf,,low_extraction_confidence,,J2969,16,0.5,pdfplumber,,
,,2022 Cycle,General Documents,Phase1,DPP Phase 1 System Impact Study,2025-07-15,,,,,,,,,,,,707921_GI-DPP-2022-Ph1-All-Regions_SIS_Report_R1_PUBLIC_20250715.zip__GI_DPP_2022_Cycle_1_SIS_Phase_1_Final_Report_Rev1.pdf.pdf,,low_extraction_confidence,,J2970,16,0.5,pdfplumber,,
,,2022 Cycle,General Documents,Phase1,DPP Phase 1 System Impact Study,2025-07-15,,,,,,,,,,,,707921_GI-DPP-2022-Ph1-All-Regions_SIS_Report_R1_PUBLIC_20250715.zip__GI_DPP_2022_Cycle_1_SIS_Phase_1_Final_Report_Rev1.pdf.pdf,,low_extraction_confidence,,J2972,16,0.5,pdfplumber,,
,,2022 Cycle,General Documents,Phase1,DPP Phase 1 System Impact Study,2025-07-15,,,,,,,,,,,,707921_GI-DPP-2022-Ph1-All-Regions_SIS_Report_R1_PUBLIC_20250715.zip__GI_DPP_2022_Cycle_1_SIS_Phase_1_Final_Report_Rev1.pdf.pdf,,low_extraction_confidence,,J2973,16,0.5,pdfplumber,,
,,2022 Cycle,General Documents,Phase1,DPP Phase 1 System Impact Study,2025-07-15,,,,,,,,,,,,707921_GI-DPP-2022-Ph1-All-Regions_SIS_Report_R1_PUBLIC_20250715.zip__GI_DPP_2022_Cycle_1_SIS_Phase_1_Final_Report_Rev1.pdf.pdf,,low_extraction_confidence,,J2974,16,0.5,pdfplumber,,
,,2022 Cycle,General Documents,Phase1,DPP Phase 1 System Impact Study,2025-07-15,,,,,,,,,,,,707921_GI-DPP-2022-Ph1-All-Regions_SIS_Report_R1_PUBLIC_20250715.zip__GI_DPP_2022_Cycle_1_SIS_Phase_1_Final_Report_Rev1.pdf.pdf,,low_extraction_confidence,,J2975,16,0.5,pdfplumber,,
,,2022 Cycle,General Documents,Phase1,DPP Phase 1 System Impact Study,2025-07-15,,,,,,,,,,,,707921_GI-DPP-2022-Ph1-All-Regions_SIS_Report_R1_PUBLIC_20250715.zip__GI_DPP_2022_Cycle_1_SIS_Phase_1_Final_Report_Rev1.pdf.pdf,,low_extraction_confidence,,J2976,16,0.5,pdfplumber,,
,,2022 Cycle,General Documents,Phase1,DPP Phase 1 System Impact Study,2025-07-15,,,,,,,,,,,,707921_GI-DPP-2022-Ph1-All-Regions_SIS_Report_R1_PUBLIC_20250715.zip__GI_DPP_2022_Cycle_1_SIS_Phase_1_Final_Report_Rev1.pdf.pdf,,low_extraction_confidence,,J2979,16,0.5,pdfplumber,,
,,2022 Cycle,General Documents,Phase1,DPP Phase 1 System Impact Study,2025-07-15,,,,,,,,,,,,707921_GI-DPP-2022-Ph1-All-Regions_SIS_Report_R1_PUBLIC_20250715.zip__GI_DPP_2022_Cycle_1_SIS_Phase_1_Final_Report_Rev1.pdf.pdf,,low_extraction_confidence,,J2980,16,0.5,pdfplumber,,
,,2022 Cycle,General Documents,Phase1,DPP Phase 1 System Impact Study,2025-07-15,,,,,,,,,,,,707921_GI-DPP-2022-Ph1-All-Regions_SIS_Report_R1_PUBLIC_20250715.zip__GI_DPP_2022_Cycle_1_SIS_Phase_1_Final_Report_Rev1.pdf.pdf,,low_extraction_confidence,,J2981,16,0.5,pdfplumber,,
,,2022 Cycle,General Documents,Phase1,DPP Phase 1 System Impact Study,2025-07-15,,,,,,,,,,,,707921_GI-DPP-2022-Ph1-All-Regions_SIS_Report_R1_PUBLIC_20250715.zip__GI_DPP_2022_Cycle_1_SIS_Phase_1_Final_Report_Rev1.pdf.pdf,,low_extraction_confidence,,J2982,16,0.5,pdfplumber,,
,,2022 Cycle,General Documents,Phase1,DPP Phase 1 System Impact Study,2025-07-15,,,,,,,,,,,,707921_GI-DPP-2022-Ph1-All-Regions_SIS_Report_R1_PUBLIC_20250715.zip__GI_DPP_2022_Cycle_1_SIS_Phase_1_Final_Report_Rev1.pdf.pdf,,low_extraction_confidence,,J2983,16,0.5,pdfplumber,,
,,2022 Cycle,General Documents,Phase1,DPP Phase 1 System Impact Study,2025-07-15,,,,,,,,,,,,707921_GI-DPP-2022-Ph1-All-Regions_SIS_Report_R1_PUBLIC_20250715.zip__GI_DPP_2022_Cycle_1_SIS_Phase_1_Final_Report_Rev1.pdf.pdf,,low_extraction_confidence,,J2984,16,0.5,pdfplumber,,
,,2022 Cycle,General Documents,Phase1,DPP Phase 1 System Impact Study,2025-07-15,,,,,,,,,,,,707921_GI-DPP-2022-Ph1-All-Regions_SIS_Report_R1_PUBLIC_20250715.zip__GI_DPP_2022_Cycle_1_SIS_Phase_1_Final_Report_Rev1.pdf.pdf,,low_extraction_confidence,,J2985,16,0.5,pdfplumber,,
,,2022 Cycle,General Documents,Phase1,DPP Phase 1 System Impact Study,2025-07-15,,,,,,,,,,,,707921_GI-DPP-2022-Ph1-All-Regions_SIS_Report_R1_PUBLIC_20250715.zip__GI_DPP_2022_Cycle_1_SIS_Phase_1_Final_Report_Rev1.pdf.pdf,,low_extraction_confidence,,J2986,16,0.5,pdfplumber,,
,,2022 Cycle,General Documents,Phase1,DPP Phase 1 System Impact Study,2025-07-15,,,,,,,,,,,,707921_GI-DPP-2022-Ph1-All-Regions_SIS_Report_R1_PUBLIC_20250715.zip__GI_DPP_2022_Cycle_1_SIS_Phase_1_Final_Report_Rev1.pdf.pdf,,low_extraction_confidence,,J2987,16,0.5,pdfplumber,,
,,2022 Cycle,General Documents,Phase1,DPP Phase 1 System Impact Study,2025-07-15,,,,,,,,,,,,707921_GI-DPP-2022-Ph1-All-Regions_SIS_Report_R1_PUBLIC_20250715.zip__GI_DPP_2022_Cycle_1_SIS_Phase_1_Final_Report_Rev1.pdf.pdf,,low_extraction_confidence,,J2988,16,0.5,pdfplumber,,
,,2022 Cycle,General Documents,Phase1,DPP Phase 1 System Impact Study,2025-07-15,,,,,,,,,,,,707921_GI-DPP-2022-Ph1-All-Regions_SIS_Report_R1_PUBLIC_20250715.zip__GI_DPP_2022_Cycle_1_SIS_Phase_1_Final_Report_Rev1.pdf.pdf,,low_extraction_confidence,,J2256,16,0.5,pdfplumber,,
,,2022 Cycle,General Documents,Phase1,DPP Phase 1 System Impact Study,2025-07-15,,,,,,,,,,,,707921_GI-DPP-2022-Ph1-All-Regions_SIS_Report_R1_PUBLIC_20250715.zip__GI_DPP_2022_Cycle_1_SIS_Phase_1_Final_Report_Rev1.pdf.pdf,,low_extraction_confidence,,J2989,16,0.5,pdfplumber,,
,,2022 Cycle,General Documents,Phase1,DPP Phase 1 System Impact Study,2025-07-15,,,,,,,,,,,,707921_GI-DPP-2022-Ph1-All-Regions_SIS_Report_R1_PUBLIC_20250715.zip__GI_DPP_2022_Cycle_1_SIS_Phase_1_Final_Report_Rev1.pdf.pdf,,low_extraction_confidence,,J2990,16,0.5,pdfplumber,,
,,2022 Cycle,General Documents,Phase1,DPP Phase 1 System Impact Study,2025-07-15,,,,,,,,,,,,707921_GI-DPP-2022-Ph1-All-Regions_SIS_Report_R1_PUBLIC_20250715.zip__GI_DPP_2022_Cycle_1_SIS_Phase_1_Final_Report_Rev1.pdf.pdf,,low_extraction_confidence,,J1859,16,0.5,pdfplumber,,
,,2022 Cycle,General Documents,Phase1,DPP Phase 1 System Impact Study,2025-07-15,,,,,,,,,,,,707921_GI-DPP-2022-Ph1-All-Regions_SIS_Report_R1_PUBLIC_20250715.zip__GI_DPP_2022_Cycle_1_SIS_Phase_1_Final_Report_Rev1.pdf.pdf,,low_extraction_confidence,,J2991,16,0.5,pdfplumber,,
,,2022 Cycle,General Documents,Phase1,DPP Phase 1 System Impact Study,2025-07-15,,,,,,,,,,,,707921_GI-DPP-2022-Ph1-All-Regions_SIS_Report_R1_PUBLIC_20250715.zip__GI_DPP_2022_Cycle_1_SIS_Phase_1_Final_Report_Rev1.pdf.pdf,,low_extraction_confidence,,J2992,16,0.5,pdfplumber,,
,,2022 Cycle,General Documents,Phase1,DPP Phase 1 System Impact Study,2025-07-15,,,,,,,,,,,,707921_GI-DPP-2022-Ph1-All-Regions_SIS_Report_R1_PUBLIC_20250715.zip__GI_DPP_2022_Cycle_1_SIS_Phase_1_Final_Report_Rev1.pdf.pdf,,low_extraction_confidence,,J2996,16,0.5,pdfplumber,,
,,2022 Cycle,General Documents,Phase1,DPP Phase 1 System Impact Study,2025-07-15,,,,,,,,,,,,707921_GI-DPP-2022-Ph1-All-Regions_SIS_Report_R1_PUBLIC_20250715.zip__GI_DPP_2022_Cycle_1_SIS_Phase_1_Final_Report_Rev1.pdf.pdf,,low_extraction_confidence,,J2997,16,0.5,pdfplumber,,
,,2022 Cycle,General Documents,Phase1,DPP Phase 1 System Impact Study,2025-07-15,,,,,,,,,,,,707921_GI-DPP-2022-Ph1-All-Regions_SIS_Report_R1_PUBLIC_20250715.zip__GI_DPP_2022_Cycle_1_SIS_Phase_1_Final_Report_Rev1.pdf.pdf,,low_extraction_confidence,,J2998,16,0.5,pdfplumber,,
,,2022 Cycle,General Documents,Phase1,DPP Phase 1 System Impact Study,2025-07-15,,,,,,,,,,,,707921_GI-DPP-2022-Ph1-All-Regions_SIS_Report_R1_PUBLIC_20250715.zip__GI_DPP_2022_Cycle_1_SIS_Phase_1_Final_Report_Rev1.pdf.pdf,,low_extraction_confidence,,J2999,16,0.5,pdfplumber,,
,,2022 Cycle,General Documents,Phase1,DPP Phase 1 System Impact Study,2025-07-15,,,,,,,,,,,,707921_GI-DPP-2022-Ph1-All-Regions_SIS_Report_R1_PUBLIC_20250715.zip__GI_DPP_2022_Cycle_1_SIS_Phase_1_Final_Report_Rev1.pdf.pdf,,low_extraction_confidence,,J3000,16,0.5,pdfplumber,,
,,2022 Cycle,General Documents,Phase1,DPP Phase 1 System Impact Study,2025-07-15,,,,,,,,,,,,707921_GI-DPP-2022-Ph1-All-Regions_SIS_Report_R1_PUBLIC_20250715.zip__GI_DPP_2022_Cycle_1_SIS_Phase_1_Final_Report_Rev1.pdf.pdf,,low_extraction_confidence,,J3001,16,0.5,pdfplumber,,
,,2022 Cycle,General Documents,Phase1,DPP Phase 1 System Impact Study,2025-07-15,,,,,,,,,,,,707921_GI-DPP-2022-Ph1-All-Regions_SIS_Report_R1_PUBLIC_20250715.zip__GI_DPP_2022_Cycle_1_SIS_Phase_1_Final_Report_Rev1.pdf.pdf,,low_extraction_confidence,,J3002,16,0.5,pdfplumber,,
,,2022 Cycle,General Documents,Phase1,DPP Phase 1 System Impact Study,2025-07-15,,,,,,,,,,,,707921_GI-DPP-2022-Ph1-All-Regions_SIS_Report_R1_PUBLIC_20250715.zip__GI_DPP_2022_Cycle_1_SIS_Phase_1_Final_Report_Rev1.pdf.pdf,,low_extraction_confidence,,J3003,17,0.5,pdfplumber,,
,,2022 Cycle,General Documents,Phase1,DPP Phase 1 System Impact Study,2025-07-15,,,,,,,,,,,,707921_GI-DPP-2022-Ph1-All-Regions_SIS_Report_R1_PUBLIC_20250715.zip__GI_DPP_2022_Cycle_1_SIS_Phase_1_Final_Report_Rev1.pdf.pdf,,low_extraction_confidence,,J3004,17,0.5,pdfplumber,,
,,2022 Cycle,General Documents,Phase1,DPP Phase 1 System Impact Study,2025-07-15,,,,,,,,,,,,707921_GI-DPP-2022-Ph1-All-Regions_SIS_Report_R1_PUBLIC_20250715.zip__GI_DPP_2022_Cycle_1_SIS_Phase_1_Final_Report_Rev1.pdf.pdf,,low_extraction_confidence,,J3005,17,0.5,pdfplumber,,
,,2022 Cycle,General Documents,Phase1,DPP Phase 1 System Impact Study,2025-07-15,,,,,,,,,,,,707921_GI-DPP-2022-Ph1-All-Regions_SIS_Report_R1_PUBLIC_20250715.zip__GI_DPP_2022_Cycle_1_SIS_Phase_1_Final_Report_Rev1.pdf.pdf,,low_extraction_confidence,,J3006,17,0.5,pdfplumber,,
,,2022 Cycle,General Documents,Phase1,DPP Phase 1 System Impact Study,2025-07-15,,,,,,,,,,,,707921_GI-DPP-2022-Ph1-All-Regions_SIS_Report_R1_PUBLIC_20250715.zip__GI_DPP_2022_Cycle_1_SIS_Phase_1_Final_Report_Rev1.pdf.pdf,,low_extraction_confidence,,J3007,17,0.5,pdfplumber,,
,,2022 Cycle,General Documents,Phase1,DPP Phase 1 System Impact Study,2025-07-15,,,,,,,,,,,,707921_GI-DPP-2022-Ph1-All-Regions_SIS_Report_R1_PUBLIC_20250715.zip__GI_DPP_2022_Cycle_1_SIS_Phase_1_Final_Report_Rev1.pdf.pdf,,low_extraction_confidence,,J3009,17,0.5,pdfplumber,,
,,2022 Cycle,General Documents,Phase1,DPP Phase 1 System Impact Study,2025-07-15,,,,,,,,,,,,707921_GI-DPP-2022-Ph1-All-Regions_SIS_Report_R1_PUBLIC_20250715.zip__GI_DPP_2022_Cycle_1_SIS_Phase_1_Final_Report_Rev1.pdf.pdf,,low_extraction_confidence,,J3010,17,0.5,pdfplumber,,
,,2022 Cycle,General Documents,Phase1,DPP Phase 1 System Impact Study,2025-07-15,,,,,,,,,,,,707921_GI-DPP-2022-Ph1-All-Regions_SIS_Report_R1_PUBLIC_20250715.zip__GI_DPP_2022_Cycle_1_SIS_Phase_1_Final_Report_Rev1.pdf.pdf,,low_extraction_confidence,,J3011,17,0.5,pdfplumber,,
,,2022 Cycle,General Documents,Phase1,DPP Phase 1 System Impact Study,2025-07-15,,,,,,,,,,,,707921_GI-DPP-2022-Ph1-All-Regions_SIS_Report_R1_PUBLIC_20250715.zip__GI_DPP_2022_Cycle_1_SIS_Phase_1_Final_Report_Rev1.pdf.pdf,,low_extraction_confidence,,J3012,17,0.5,pdfplumber,,
,,2022 Cycle,General Documents,Phase1,DPP Phase 1 System Impact Study,2025-07-15,,,,,,,,,,,,707921_GI-DPP-2022-Ph1-All-Regions_SIS_Report_R1_PUBLIC_20250715.zip__GI_DPP_2022_Cycle_1_SIS_Phase_1_Final_Report_Rev1.pdf.pdf,,low_extraction_confidence,,J3013,17,0.5,pdfplumber,,
,,2022 Cycle,General Documents,Phase1,DPP Phase 1 System Impact Study,2025-07-15,,,,,,,,,,,,707921_GI-DPP-2022-Ph1-All-Regions_SIS_Report_R1_PUBLIC_20250715.zip__GI_DPP_2022_Cycle_1_SIS_Phase_1_Final_Report_Rev1.pdf.pdf,,low_extraction_confidence,,J3014,17,0.5,pdfplumber,,
,,2022 Cycle,General Documents,Phase1,DPP Phase 1 System Impact Study,2025-07-15,,,,,,,,,,,,707921_GI-DPP-2022-Ph1-All-Regions_SIS_Report_R1_PUBLIC_20250715.zip__GI_DPP_2022_Cycle_1_SIS_Phase_1_Final_Report_Rev1.pdf.pdf,,low_extraction_confidence,,J3015,17,0.5,pdfplumber,,
,,2022 Cycle,General Documents,Phase1,DPP Phase 1 System Impact Study,2025-07-15,,,,,,,,,,,,707921_GI-DPP-2022-Ph1-All-Regions_SIS_Report_R1_PUBLIC_20250715.zip__GI_DPP_2022_Cycle_1_SIS_Phase_1_Final_Report_Rev1.pdf.pdf,,low_extraction_confidence,,J3016,17,0.5,pdfplumber,,
,,2022 Cycle,General Documents,Phase1,DPP Phase 1 System Impact Study,2025-07-15,,,,,,,,,,,,707921_GI-DPP-2022-Ph1-All-Regions_SIS_Report_R1_PUBLIC_20250715.zip__GI_DPP_2022_Cycle_1_SIS_Phase_1_Final_Report_Rev1.pdf.pdf,,low_extraction_confidence,,J3017,17,0.5,pdfplumber,,
,,2022 Cycle,General Documents,Phase1,DPP Phase 1 System Impact Study,2025-07-15,,,,,,,,,,,,707921_GI-DPP-2022-Ph1-All-Regions_SIS_Report_R1_PUBLIC_20250715.zip__GI_DPP_2022_Cycle_1_SIS_Phase_1_Final_Report_Rev1.pdf.pdf,,low_extraction_confidence,,J3019,17,0.5,pdfplumber,,
,,2022 Cycle,General Documents,Phase1,DPP Phase 1 System Impact Study,2025-07-15,,,,,,,,,,,,707921_GI-DPP-2022-Ph1-All-Regions_SIS_Report_R1_PUBLIC_20250715.zip__GI_DPP_2022_Cycle_1_SIS_Phase_1_Final_Report_Rev1.pdf.pdf,,low_extraction_confidence,,J3020,17,0.5,pdfplumber,,
,,2022 Cycle,General Documents,Phase1,DPP Phase 1 System Impact Study,2025-07-15,,,,,,,,,,,,707921_GI-DPP-2022-Ph1-All-Regions_SIS_Report_R1_PUBLIC_20250715.zip__GI_DPP_2022_Cycle_1_SIS_Phase_1_Final_Report_Rev1.pdf.pdf,,low_extraction_confidence,,J3021,17,0.5,pdfplumber,,
,,2022 Cycle,General Documents,Phase1,DPP Phase 1 System Impact Study,2025-07-15,,,,,,,,,,,,707921_GI-DPP-2022-Ph1-All-Regions_SIS_Report_R1_PUBLIC_20250715.zip__GI_DPP_2022_Cycle_1_SIS_Phase_1_Final_Report_Rev1.pdf.pdf,,low_extraction_confidence,,J3025,17,0.5,pdfplumber,,
,,2022 Cycle,General Documents,Phase1,DPP Phase 1 System Impact Study,2025-07-15,,,,,,,,,,,,707921_GI-DPP-2022-Ph1-All-Regions_SIS_Report_R1_PUBLIC_20250715.zip__GI_DPP_2022_Cycle_1_SIS_Phase_1_Final_Report_Rev1.pdf.pdf,,low_extraction_confidence,,J3026,17,0.5,pdfplumber,,
,,2022 Cycle,General Documents,Phase1,DPP Phase 1 System Impact Study,2025-07-15,,,,,,,,,,,,707921_GI-DPP-2022-Ph1-All-Regions_SIS_Report_R1_PUBLIC_20250715.zip__GI_DPP_2022_Cycle_1_SIS_Phase_1_Final_Report_Rev1.pdf.pdf,,low_extraction_confidence,,J3027,17,0.5,pdfplumber,,
,,2022 Cycle,General Documents,Phase1,DPP Phase 1 System Impact Study,2025-07-15,,,,,,,,,,,,707921_GI-DPP-2022-Ph1-All-Regions_SIS_Report_R1_PUBLIC_20250715.zip__GI_DPP_2022_Cycle_1_SIS_Phase_1_Final_Report_Rev1.pdf.pdf,,low_extraction_confidence,,J3028,17,0.5,pdfplumber,,
,,2022 Cycle,General Documents,Phase1,DPP Phase 1 System Impact Study,2025-07-15,,,,,,,,,,,,707921_GI-DPP-2022-Ph1-All-Regions_SIS_Report_R1_PUBLIC_20250715.zip__GI_DPP_2022_Cycle_1_SIS_Phase_1_Final_Report_Rev1.pdf.pdf,,low_extraction_confidence,,J3029,17,0.5,pdfplumber,,
,,2022 Cycle,General Documents,Phase1,DPP Phase 1 System Impact Study,2025-07-15,,,,,,,,,,,,707921_GI-DPP-2022-Ph1-All-Regions_SIS_Report_R1_PUBLIC_20250715.zip__GI_DPP_2022_Cycle_1_SIS_Phase_1_Final_Report_Rev1.pdf.pdf,,low_extraction_confidence,,J3030,17,0.5,pdfplumber,,
,,2022 Cycle,General Documents,Phase1,DPP Phase 1 System Impact Study,2025-07-15,,,,,,,,,,,,707921_GI-DPP-2022-Ph1-All-Regions_SIS_Report_R1_PUBLIC_20250715.zip__GI_DPP_2022_Cycle_1_SIS_Phase_1_Final_Report_Rev1.pdf.pdf,,low_extraction_confidence,,J3031,17,0.5,pdfplumber,,
,,2022 Cycle,General Documents,Phase1,DPP Phase 1 System Impact Study,2025-07-15,,,,,,,,,,,,707921_GI-DPP-2022-Ph1-All-Regions_SIS_Report_R1_PUBLIC_20250715.zip__GI_DPP_2022_Cycle_1_SIS_Phase_1_Final_Report_Rev1.pdf.pdf,,low_extraction_confidence,,J3032,17,0.5,pdfplumber,,
,,2022 Cycle,General Documents,Phase1,DPP Phase 1 System Impact Study,2025-07-15,,,,,,,,,,,,707921_GI-DPP-2022-Ph1-All-Regions_SIS_Report_R1_PUBLIC_20250715.zip__GI_DPP_2022_Cycle_1_SIS_Phase_1_Final_Report_Rev1.pdf.pdf,,low_extraction_confidence,,J3033,17,0.5,pdfplumber,,
,,2022 Cycle,General Documents,Phase1,DPP Phase 1 System Impact Study,2025-07-15,,,,,,,,,,,,707921_GI-DPP-2022-Ph1-All-Regions_SIS_Report_R1_PUBLIC_20250715.zip__GI_DPP_2022_Cycle_1_SIS_Phase_1_Final_Report_Rev1.pdf.pdf,,low_extraction_confidence,,J3034,17,0.5,pdfplumber,,
,,2022 Cycle,General Documents,Phase1,DPP Phase 1 System Impact Study,2025-07-15,,,,,,,,,,,,707921_GI-DPP-2022-Ph1-All-Regions_SIS_Report_R1_PUBLIC_20250715.zip__GI_DPP_2022_Cycle_1_SIS_Phase_1_Final_Report_Rev1.pdf.pdf,,low_extraction_confidence,,J3035,17,0.5,pdfplumber,,
,,2022 Cycle,General Documents,Phase1,DPP Phase 1 System Impact Study,2025-07-15,,,,,,,,,,,,707921_GI-DPP-2022-Ph1-All-Regions_SIS_Report_R1_PUBLIC_20250715.zip__GI_DPP_2022_Cycle_1_SIS_Phase_1_Final_Report_Rev1.pdf.pdf,,low_extraction_confidence,,J3036,17,0.5,pdfplumber,,
,,2022 Cycle,General Documents,Phase1,DPP Phase 1 System Impact Study,2025-07-15,,,,,,,,,,,,707921_GI-DPP-2022-Ph1-All-Regions_SIS_Report_R1_PUBLIC_20250715.zip__GI_DPP_2022_Cycle_1_SIS_Phase_1_Final_Report_Rev1.pdf.pdf,,low_extraction_confidence,,J3037,17,0.5,pdfplumber,,
,,2022 Cycle,General Documents,Phase1,DPP Phase 1 System Impact Study,2025-07-15,,,,,,,,,,,,707921_GI-DPP-2022-Ph1-All-Regions_SIS_Report_R1_PUBLIC_20250715.zip__GI_DPP_2022_Cycle_1_SIS_Phase_1_Final_Report_Rev1.pdf.pdf,,low_extraction_confidence,,J3038,17,0.5,pdfplumber,,
,,2022 Cycle,General Documents,Phase1,DPP Phase 1 System Impact Study,2025-07-15,,,,,,,,,,,,707921_GI-DPP-2022-Ph1-All-Regions_SIS_Report_R1_PUBLIC_20250715.zip__GI_DPP_2022_Cycle_1_SIS_Phase_1_Final_Report_Rev1.pdf.pdf,,low_extraction_confidence,,J3039,17,0.5,pdfplumber,,
,,2022 Cycle,General Documents,Phase1,DPP Phase 1 System Impact Study,2025-07-15,,,,,,,,,,,,707921_GI-DPP-2022-Ph1-All-Regions_SIS_Report_R1_PUBLIC_20250715.zip__GI_DPP_2022_Cycle_1_SIS_Phase_1_Final_Report_Rev1.pdf.pdf,,low_extraction_confidence,,J3040,17,0.5,pdfplumber,,
,,2022 Cycle,General Documents,Phase1,DPP Phase 1 System Impact Study,2025-07-15,,,,,,,,,,,,707921_GI-DPP-2022-Ph1-All-Regions_SIS_Report_R1_PUBLIC_20250715.zip__GI_DPP_2022_Cycle_1_SIS_Phase_1_Final_Report_Rev1.pdf.pdf,,low_extraction_confidence,,J3041,17,0.5,pdfplumber,,
,,2022 Cycle,General Documents,Phase1,DPP Phase 1 System Impact Study,2025-07-15,,,,,,,,,,,,707921_GI-DPP-2022-Ph1-All-Regions_SIS_Report_R1_PUBLIC_20250715.zip__GI_DPP_2022_Cycle_1_SIS_Phase_1_Final_Report_Rev1.pdf.pdf,,low_extraction_confidence,,J3042,17,0.5,pdfplumber,,
,,2022 Cycle,General Documents,Phase1,DPP Phase 1 System Impact Study,2025-07-15,,,,,,,,,,,,707921_GI-DPP-2022-Ph1-All-Regions_SIS_Report_R1_PUBLIC_20250715.zip__GI_DPP_2022_Cycle_1_SIS_Phase_1_Final_Report_Rev1.pdf.pdf,,low_extraction_confidence,,J3043,17,0.5,pdfplumber,,
,,2022 Cycle,General Documents,Phase1,DPP Phase 1 System Impact Study,2025-07-15,,,,,,,,,,,,707921_GI-DPP-2022-Ph1-All-Regions_SIS_Report_R1_PUBLIC_20250715.zip__GI_DPP_2022_Cycle_1_SIS_Phase_1_Final_Report_Rev1.pdf.pdf,,low_extraction_confidence,,J3044,17,0.5,pdfplumber,,
,,2022 Cycle,General Documents,Phase1,DPP Phase 1 System Impact Study,2025-07-15,,,,,,,,,,,,707921_GI-DPP-2022-Ph1-All-Regions_SIS_Report_R1_PUBLIC_20250715.zip__GI_DPP_2022_Cycle_1_SIS_Phase_1_Final_Report_Rev1.pdf.pdf,,low_extraction_confidence,,J3045,17,0.5,pdfplumber,,
,,2022 Cycle,General Documents,Phase1,DPP Phase 1 System Impact Study,2025-07-15,,,,,,,,,,,,707921_GI-DPP-2022-Ph1-All-Regions_SIS_Report_R1_PUBLIC_20250715.zip__GI_DPP_2022_Cycle_1_SIS_Phase_1_Final_Report_Rev1.pdf.pdf,,low_extraction_confidence,,J3047,17,0.5,pdfplumber,,
,,2022 Cycle,General Documents,Phase1,DPP Phase 1 System Impact Study,2025-07-15,,,,,,,,,,,,707921_GI-DPP-2022-Ph1-All-Regions_SIS_Report_R1_PUBLIC_20250715.zip__GI_DPP_2022_Cycle_1_SIS_Phase_1_Final_Report_Rev1.pdf.pdf,,low_extraction_confidence,,J3048,17,0.5,pdfplumber,,
,,2022 Cycle,General Documents,Phase1,DPP Phase 1 System Impact Study,2025-07-15,,,,,,,,,,,,707921_GI-DPP-2022-Ph1-All-Regions_SIS_Report_R1_PUBLIC_20250715.zip__GI_DPP_2022_Cycle_1_SIS_Phase_1_Final_Report_Rev1.pdf.pdf,,low_extraction_confidence,,J3049,17,0.5,pdfplumber,,
,,2022 Cycle,General Documents,Phase1,DPP Phase 1 System Impact Study,2025-07-15,,,,,,,,,,,,707921_GI-DPP-2022-Ph1-All-Regions_SIS_Report_R1_PUBLIC_20250715.zip__GI_DPP_2022_Cycle_1_SIS_Phase_1_Final_Report_Rev1.pdf.pdf,,low_extraction_confidence,,J3050,17,0.5,pdfplumber,,
,,2022 Cycle,General Documents,Phase1,DPP Phase 1 System Impact Study,2025-07-15,,,,,,,,,,,,707921_GI-DPP-2022-Ph1-All-Regions_SIS_Report_R1_PUBLIC_20250715.zip__GI_DPP_2022_Cycle_1_SIS_Phase_1_Final_Report_Rev1.pdf.pdf,,low_extraction_confidence,,J3052,17,0.5,pdfplumber,,
,,2022 Cycle,General Documents,Phase1,DPP Phase 1 System Impact Study,2025-07-15,,,,,,,,,,,,707921_GI-DPP-2022-Ph1-All-Regions_SIS_Report_R1_PUBLIC_20250715.zip__GI_DPP_2022_Cycle_1_SIS_Phase_1_Final_Report_Rev1.pdf.pdf,,low_extraction_confidence,,J3053,17,0.5,pdfplumber,,
,,2022 Cycle,General Documents,Phase1,DPP Phase 1 System Impact Study,2025-07-15,,,,,,,,,,,,707921_GI-DPP-2022-Ph1-All-Regions_SIS_Report_R1_PUBLIC_20250715.zip__GI_DPP_2022_Cycle_1_SIS_Phase_1_Final_Report_Rev1.pdf.pdf,,low_extraction_confidence,,J3055,17,0.5,pdfplumber,,
,,2022 Cycle,General Documents,Phase1,DPP Phase 1 System Impact Study,2025-07-15,,,,,,,,,,,,707921_GI-DPP-2022-Ph1-All-Regions_SIS_Report_R1_PUBLIC_20250715.zip__GI_DPP_2022_Cycle_1_SIS_Phase_1_Final_Report_Rev1.pdf.pdf,,low_extraction_confidence,,J3056,17,0.5,pdfplumber,,
,,2022 Cycle,General Documents,Phase1,DPP Phase 1 System Impact Study,2025-07-15,,,,,,,,,,,,707921_GI-DPP-2022-Ph1-All-Regions_SIS_Report_R1_PUBLIC_20250715.zip__GI_DPP_2022_Cycle_1_SIS_Phase_1_Final_Report_Rev1.pdf.pdf,,low_extraction_confidence,,J3057,17,0.5,pdfplumber,,
,,2022 Cycle,General Documents,Phase1,DPP Phase 1 System Impact Study,2025-07-15,,,,,,,,,,,,707921_GI-DPP-2022-Ph1-All-Regions_SIS_Report_R1_PUBLIC_20250715.zip__GI_DPP_2022_Cycle_1_SIS_Phase_1_Final_Report_Rev1.pdf.pdf,,low_extraction_confidence,,J3058,17,0.5,pdfplumber,,
,,2022 Cycle,General Documents,Phase1,DPP Phase 1 System Impact Study,2025-07-15,,,,,,,,,,,,707921_GI-DPP-2022-Ph1-All-Regions_SIS_Report_R1_PUBLIC_20250715.zip__GI_DPP_2022_Cycle_1_SIS_Phase_1_Final_Report_Rev1.pdf.pdf,,low_extraction_confidence,,J3059,17,0.5,pdfplumber,,
,,2022 Cycle,General Documents,Phase1,DPP Phase 1 System Impact Study,2025-07-15,,,,,,,,,,,,707921_GI-DPP-2022-Ph1-All-Regions_SIS_Report_R1_PUBLIC_20250715.zip__GI_DPP_2022_Cycle_1_SIS_Phase_1_Final_Report_Rev1.pdf.pdf,,low_extraction_confidence,,J3060,17,0.5,pdfplumber,,
,,2022 Cycle,General Documents,Phase1,DPP Phase 1 System Impact Study,2025-07-15,,,,,,,,,,,,707921_GI-DPP-2022-Ph1-All-Regions_SIS_Report_R1_PUBLIC_20250715.zip__GI_DPP_2022_Cycle_1_SIS_Phase_1_Final_Report_Rev1.pdf.pdf,,low_extraction_confidence,,J3061,17,0.5,pdfplumber,,
,,2022 Cycle,General Documents,Phase1,DPP Phase 1 System Impact Study,2025-07-15,,,,,,,,,,,,707921_GI-DPP-2022-Ph1-All-Regions_SIS_Report_R1_PUBLIC_20250715.zip__GI_DPP_2022_Cycle_1_SIS_Phase_1_Final_Report_Rev1.pdf.pdf,,low_extraction_confidence,,J3062,17,0.5,pdfplumber,,
,,2022 Cycle,General Documents,Phase1,DPP Phase 1 System Impact Study,2025-07-15,,,,,,,,,,,,707921_GI-DPP-2022-Ph1-All-Regions_SIS_Report_R1_PUBLIC_20250715.zip__GI_DPP_2022_Cycle_1_SIS_Phase_1_Final_Report_Rev1.pdf.pdf,,low_extraction_confidence,,J3063,17,0.5,pdfplumber,,
,,2022 Cycle,General Documents,Phase1,DPP Phase 1 System Impact Study,2025-07-15,,,,,,,,,,,,707921_GI-DPP-2022-Ph1-All-Regions_SIS_Report_R1_PUBLIC_20250715.zip__GI_DPP_2022_Cycle_1_SIS_Phase_1_Final_Report_Rev1.pdf.pdf,,low_extraction_confidence,,J3064,17,0.5,pdfplumber,,
,,2022 Cycle,General Documents,Phase1,DPP Phase 1 System Impact Study,2025-07-15,,,,,,,,,,,,707921_GI-DPP-2022-Ph1-All-Regions_SIS_Report_R1_PUBLIC_20250715.zip__GI_DPP_2022_Cycle_1_SIS_Phase_1_Final_Report_Rev1.pdf.pdf,,low_extraction_confidence,,J3065,17,0.5,pdfplumber,,
,,2022 Cycle,General Documents,Phase1,DPP Phase 1 System Impact Study,2025-07-15,,,,,,,,,,,,707921_GI-DPP-2022-Ph1-All-Regions_SIS_Report_R1_PUBLIC_20250715.zip__GI_DPP_2022_Cycle_1_SIS_Phase_1_Final_Report_Rev1.pdf.pdf,,low_extraction_confidence,,J3066,17,0.5,pdfplumber,,
,,2022 Cycle,General Documents,Phase1,DPP Phase 1 System Impact Study,2025-07-15,,,,,,,,,,,,707921_GI-DPP-2022-Ph1-All-Regions_SIS_Report_R1_PUBLIC_20250715.zip__GI_DPP_2022_Cycle_1_SIS_Phase_1_Final_Report_Rev1.pdf.pdf,,low_extraction_confidence,,J3067,17,0.5,pdfplumber,,
,,2022 Cycle,General Documents,Phase1,DPP Phase 1 System Impact Study,2025-07-15,,,,,,,,,,,,707921_GI-DPP-2022-Ph1-All-Regions_SIS_Report_R1_PUBLIC_20250715.zip__GI_DPP_2022_Cycle_1_SIS_Phase_1_Final_Report_Rev1.pdf.pdf,,low_extraction_confidence,,J3068,17,0.5,pdfplumber,,
,,2022 Cycle,General Documents,Phase1,DPP Phase 1 System Impact Study,2025-07-15,,,,,,,,,,,,707921_GI-DPP-2022-Ph1-All-Regions_SIS_Report_R1_PUBLIC_20250715.zip__GI_DPP_2022_Cycle_1_SIS_Phase_1_Final_Report_Rev1.pdf.pdf,,low_extraction_confidence,,J3069,17,0.5,pdfplumber,,
,,2022 Cycle,General Documents,Phase1,DPP Phase 1 System Impact Study,2025-07-15,,,,,,,,,,,,707921_GI-DPP-2022-Ph1-All-Regions_SIS_Report_R1_PUBLIC_20250715.zip__GI_DPP_2022_Cycle_1_SIS_Phase_1_Final_Report_Rev1.pdf.pdf,,low_extraction_confidence,,J3070,17,0.5,pdfplumber,,
,,2022 Cycle,General Documents,Phase1,DPP Phase 1 System Impact Study,2025-07-15,,,,,,,,,,,,707921_GI-DPP-2022-Ph1-All-Regions_SIS_Report_R1_PUBLIC_20250715.zip__GI_DPP_2022_Cycle_1_SIS_Phase_1_Final_Report_Rev1.pdf.pdf,,low_extraction_confidence,,J3071,17,0.5,pdfplumber,,
,,2022 Cycle,General Documents,Phase1,DPP Phase 1 System Impact Study,2025-07-15,,,,,,,,,,,,707921_GI-DPP-2022-Ph1-All-Regions_SIS_Report_R1_PUBLIC_20250715.zip__GI_DPP_2022_Cycle_1_SIS_Phase_1_Final_Report_Rev1.pdf.pdf,,low_extraction_confidence,,J3074,17,0.5,pdfplumber,,
,,2022 Cycle,General Documents,Phase1,DPP Phase 1 System Impact Study,2025-07-15,,,,,,,,,,,,707921_GI-DPP-2022-Ph1-All-Regions_SIS_Report_R1_PUBLIC_20250715.zip__GI_DPP_2022_Cycle_1_SIS_Phase_1_Final_Report_Rev1.pdf.pdf,,low_extraction_confidence,,J3075,17,0.5,pdfplumber,,
,,2022 Cycle,General Documents,Phase1,DPP Phase 1 System Impact Study,2025-07-15,,,,,,,,,,,,707921_GI-DPP-2022-Ph1-All-Regions_SIS_Report_R1_PUBLIC_20250715.zip__GI_DPP_2022_Cycle_1_SIS_Phase_1_Final_Report_Rev1.pdf.pdf,,low_extraction_confidence,,J3076,17,0.5,pdfplumber,,
,,2022 Cycle,General Documents,Phase1,DPP Phase 1 System Impact Study,2025-07-15,,,,,,,,,,,,707921_GI-DPP-2022-Ph1-All-Regions_SIS_Report_R1_PUBLIC_20250715.zip__GI_DPP_2022_Cycle_1_SIS_Phase_1_Final_Report_Rev1.pdf.pdf,,low_extraction_confidence,,J3077,18,0.5,pdfplumber,,
,,2022 Cycle,General Documents,Phase1,DPP Phase 1 System Impact Study,2025-07-15,,,,,,,,,,,,707921_GI-DPP-2022-Ph1-All-Regions_SIS_Report_R1_PUBLIC_20250715.zip__GI_DPP_2022_Cycle_1_SIS_Phase_1_Final_Report_Rev1.pdf.pdf,,low_extraction_confidence,,J3078,18,0.5,pdfplumber,,
,,2022 Cycle,General Documents,Phase1,DPP Phase 1 System Impact Study,2025-07-15,,,,,,,,,,,,707921_GI-DPP-2022-Ph1-All-Regions_SIS_Report_R1_PUBLIC_20250715.zip__GI_DPP_2022_Cycle_1_SIS_Phase_1_Final_Report_Rev1.pdf.pdf,,low_extraction_confidence,,J3079,18,0.5,pdfplumber,,
,,2022 Cycle,General Documents,Phase1,DPP Phase 1 System Impact Study,2025-07-15,,,,,,,,,,,,707921_GI-DPP-2022-Ph1-All-Regions_SIS_Report_R1_PUBLIC_20250715.zip__GI_DPP_2022_Cycle_1_SIS_Phase_1_Final_Report_Rev1.pdf.pdf,,low_extraction_confidence,,J3080,18,0.5,pdfplumber,,
,,2022 Cycle,General Documents,Phase1,DPP Phase 1 System Impact Study,2025-07-15,,,,,,,,,,,,707921_GI-DPP-2022-Ph1-All-Regions_SIS_Report_R1_PUBLIC_20250715.zip__GI_DPP_2022_Cycle_1_SIS_Phase_1_Final_Report_Rev1.pdf.pdf,,low_extraction_confidence,,J3081,18,0.5,pdfplumber,,
,,2022 Cycle,General Documents,Phase1,DPP Phase 1 System Impact Study,2025-07-15,,,,,,,,,,,,707921_GI-DPP-2022-Ph1-All-Regions_SIS_Report_R1_PUBLIC_20250715.zip__GI_DPP_2022_Cycle_1_SIS_Phase_1_Final_Report_Rev1.pdf.pdf,,low_extraction_confidence,,J3082,18,0.5,pdfplumber,,
,,2022 Cycle,General Documents,Phase1,DPP Phase 1 System Impact Study,2025-07-15,,,,,,,,,,,,707921_GI-DPP-2022-Ph1-All-Regions_SIS_Report_R1_PUBLIC_20250715.zip__GI_DPP_2022_Cycle_1_SIS_Phase_1_Final_Report_Rev1.pdf.pdf,,low_extraction_confidence,,J3084,18,0.5,pdfplumber,,
,,2022 Cycle,General Documents,Phase1,DPP Phase 1 System Impact Study,2025-07-15,,,,,,,,,,,,707921_GI-DPP-2022-Ph1-All-Regions_SIS_Report_R1_PUBLIC_20250715.zip__GI_DPP_2022_Cycle_1_SIS_Phase_1_Final_Report_Rev1.pdf.pdf,,low_extraction_confidence,,J3085,18,0.5,pdfplumber,,
,,2022 Cycle,General Documents,Phase1,DPP Phase 1 System Impact Study,2025-07-15,,,,,,,,,,,,707921_GI-DPP-2022-Ph1-All-Regions_SIS_Report_R1_PUBLIC_20250715.zip__GI_DPP_2022_Cycle_1_SIS_Phase_1_Final_Report_Rev1.pdf.pdf,,low_extraction_confidence,,J3088,18,0.5,pdfplumber,,
,,2022 Cycle,General Documents,Phase1,DPP Phase 1 System Impact Study,2025-07-15,,,,,,,,,,,,707921_GI-DPP-2022-Ph1-All-Regions_SIS_Report_R1_PUBLIC_20250715.zip__GI_DPP_2022_Cycle_1_SIS_Phase_1_Final_Report_Rev1.pdf.pdf,,low_extraction_confidence,,J3089,18,0.5,pdfplumber,,
,,2022 Cycle,General Documents,Phase1,DPP Phase 1 System Impact Study,2025-07-15,,,,,,,,,,,,707921_GI-DPP-2022-Ph1-All-Regions_SIS_Report_R1_PUBLIC_20250715.zip__GI_DPP_2022_Cycle_1_SIS_Phase_1_Final_Report_Rev1.pdf.pdf,,low_extraction_confidence,,J3090,18,0.5,pdfplumber,,
,,2022 Cycle,General Documents,Phase1,DPP Phase 1 System Impact Study,2025-07-15,,,,,,,,,,,,707921_GI-DPP-2022-Ph1-All-Regions_SIS_Report_R1_PUBLIC_20250715.zip__GI_DPP_2022_Cycle_1_SIS_Phase_1_Final_Report_Rev1.pdf.pdf,,low_extraction_confidence,,J3092,18,0.5,pdfplumber,,
,,2022 Cycle,General Documents,Phase1,DPP Phase 1 System Impact Study,2025-07-15,,,,,,,,,,,,707921_GI-DPP-2022-Ph1-All-Regions_SIS_Report_R1_PUBLIC_20250715.zip__GI_DPP_2022_Cycle_1_SIS_Phase_1_Final_Report_Rev1.pdf.pdf,,low_extraction_confidence,,J3093,18,0.5,pdfplumber,,
,,2022 Cycle,General Documents,Phase1,DPP Phase 1 System Impact Study,2025-07-15,,,,,,,,,,,,707921_GI-DPP-2022-Ph1-All-Regions_SIS_Report_R1_PUBLIC_20250715.zip__GI_DPP_2022_Cycle_1_SIS_Phase_1_Final_Report_Rev1.pdf.pdf,,low_extraction_confidence,,J3094,18,0.5,pdfplumber,,
,,2022 Cycle,General Documents,Phase1,DPP Phase 1 System Impact Study,2025-07-15,,,,,,,,,,,,707921_GI-DPP-2022-Ph1-All-Regions_SIS_Report_R1_PUBLIC_20250715.zip__GI_DPP_2022_Cycle_1_SIS_Phase_1_Final_Report_Rev1.pdf.pdf,,low_extraction_confidence,,J3095,18,0.5,pdfplumber,,
,,2022 Cycle,General Documents,Phase1,DPP Phase 1 System Impact Study,2025-07-15,,,,,,,,,,,,707921_GI-DPP-2022-Ph1-All-Regions_SIS_Report_R1_PUBLIC_20250715.zip__GI_DPP_2022_Cycle_1_SIS_Phase_1_Final_Report_Rev1.pdf.pdf,,low_extraction_confidence,,J3096,18,0.5,pdfplumber,,
,,2022 Cycle,General Documents,Phase1,DPP Phase 1 System Impact Study,2025-07-15,,,,,,,,,,,,707921_GI-DPP-2022-Ph1-All-Regions_SIS_Report_R1_PUBLIC_20250715.zip__GI_DPP_2022_Cycle_1_SIS_Phase_1_Final_Report_Rev1.pdf.pdf,,low_extraction_confidence,,J3097,18,0.5,pdfplumber,,
,,2022 Cycle,General Documents,Phase1,DPP Phase 1 System Impact Study,2025-07-15,,,,,,,,,,,,707921_GI-DPP-2022-Ph1-All-Regions_SIS_Report_R1_PUBLIC_20250715.zip__GI_DPP_2022_Cycle_1_SIS_Phase_1_Final_Report_Rev1.pdf.pdf,,low_extraction_confidence,,J3098,18,0.5,pdfplumber,,
,,2022 Cycle,General Documents,Phase1,DPP Phase 1 System Impact Study,2025-07-15,,,,,,,,,,,,707921_GI-DPP-2022-Ph1-All-Regions_SIS_Report_R1_PUBLIC_20250715.zip__GI_DPP_2022_Cycle_1_SIS_Phase_1_Final_Report_Rev1.pdf.pdf,,low_extraction_confidence,,J3100,18,0.5,pdfplumber,,
,,2022 Cycle,General Documents,Phase1,DPP Phase 1 System Impact Study,2025-07-15,,,,,,,,,,,,707921_GI-DPP-2022-Ph1-All-Regions_SIS_Report_R1_PUBLIC_20250715.zip__GI_DPP_2022_Cycle_1_SIS_Phase_1_Final_Report_Rev1.pdf.pdf,,low_extraction_confidence,,J3103,18,0.5,pdfplumber,,
,,2022 Cycle,General Documents,Phase1,DPP Phase 1 System Impact Study,2025-07-15,,,,,,,,,,,,707921_GI-DPP-2022-Ph1-All-Regions_SIS_Report_R1_PUBLIC_20250715.zip__GI_DPP_2022_Cycle_1_SIS_Phase_1_Final_Report_Rev1.pdf.pdf,,low_extraction_confidence,,J3104,18,0.5,pdfplumber,,
,,2022 Cycle,General Documents,Phase1,DPP Phase 1 System Impact Study,2025-07-15,,,,,,,,,,,,707921_GI-DPP-2022-Ph1-All-Regions_SIS_Report_R1_PUBLIC_20250715.zip__GI_DPP_2022_Cycle_1_SIS_Phase_1_Final_Report_Rev1.pdf.pdf,,low_extraction_confidence,,J3105,18,0.5,pdfplumber,,
,,2022 Cycle,General Documents,Phase1,DPP Phase 1 System Impact Study,2025-07-15,,,,,,,,,,,,707921_GI-DPP-2022-Ph1-All-Regions_SIS_Report_R1_PUBLIC_20250715.zip__GI_DPP_2022_Cycle_1_SIS_Phase_1_Final_Report_Rev1.pdf.pdf,,low_extraction_confidence,,J3107,18,0.5,pdfplumber,,
,,2022 Cycle,General Documents,Phase1,DPP Phase 1 System Impact Study,2025-07-15,,,,,,,,,,,,707921_GI-DPP-2022-Ph1-All-Regions_SIS_Report_R1_PUBLIC_20250715.zip__GI_DPP_2022_Cycle_1_SIS_Phase_1_Final_Report_Rev1.pdf.pdf,,low_extraction_confidence,,J3108,18,0.5,pdfplumber,,
,,2022 Cycle,General Documents,Phase1,DPP Phase 1 System Impact Study,2025-07-15,,,,,,,,,,,,707921_GI-DPP-2022-Ph1-All-Regions_SIS_Report_R1_PUBLIC_20250715.zip__GI_DPP_2022_Cycle_1_SIS_Phase_1_Final_Report_Rev1.pdf.pdf,,low_extraction_confidence,,J3109,18,0.5,pdfplumber,,
,,2022 Cycle,General Documents,Phase1,DPP Phase 1 System Impact Study,2025-07-15,,,,,,,,,,,,707921_GI-DPP-2022-Ph1-All-Regions_SIS_Report_R1_PUBLIC_20250715.zip__GI_DPP_2022_Cycle_1_SIS_Phase_1_Final_Report_Rev1.pdf.pdf,,low_extraction_confidence,,J3110,18,0.5,pdfplumber,,
,,2022 Cycle,General Documents,Phase1,DPP Phase 1 System Impact Study,2025-07-15,,,,,,,,,,,,707921_GI-DPP-2022-Ph1-All-Regions_SIS_Report_R1_PUBLIC_20250715.zip__GI_DPP_2022_Cycle_1_SIS_Phase_1_Final_Report_Rev1.pdf.pdf,,low_extraction_confidence,,J3111,18,0.5,pdfplumber,,
,,2022 Cycle,General Documents,Phase1,DPP Phase 1 System Impact Study,2025-07-15,,,,,,,,,,,,707921_GI-DPP-2022-Ph1-All-Regions_SIS_Report_R1_PUBLIC_20250715.zip__GI_DPP_2022_Cycle_1_SIS_Phase_1_Final_Report_Rev1.pdf.pdf,,low_extraction_confidence,,J3112,18,0.5,pdfplumber,,
,,2022 Cycle,General Documents,Phase1,DPP Phase 1 System Impact Study,2025-07-15,,,,,,,,,,,,707921_GI-DPP-2022-Ph1-All-Regions_SIS_Report_R1_PUBLIC_20250715.zip__GI_DPP_2022_Cycle_1_SIS_Phase_1_Final_Report_Rev1.pdf.pdf,,low_extraction_confidence,,J3114,18,0.5,pdfplumber,,
,,2022 Cycle,General Documents,Phase1,DPP Phase 1 System Impact Study,2025-07-15,,,,,,,,,,,,707921_GI-DPP-2022-Ph1-All-Regions_SIS_Report_R1_PUBLIC_20250715.zip__GI_DPP_2022_Cycle_1_SIS_Phase_1_Final_Report_Rev1.pdf.pdf,,low_extraction_confidence,,J3115,18,0.5,pdfplumber,,
,,2022 Cycle,General Documents,Phase1,DPP Phase 1 System Impact Study,2025-07-15,,,,,,,,,,,,707921_GI-DPP-2022-Ph1-All-Regions_SIS_Report_R1_PUBLIC_20250715.zip__GI_DPP_2022_Cycle_1_SIS_Phase_1_Final_Report_Rev1.pdf.pdf,,low_extraction_confidence,,J3116,18,0.5,pdfplumber,,
,,2022 Cycle,General Documents,Phase1,DPP Phase 1 System Impact Study,2025-07-15,,,,,,,,,,,,707921_GI-DPP-2022-Ph1-All-Regions_SIS_Report_R1_PUBLIC_20250715.zip__GI_DPP_2022_Cycle_1_SIS_Phase_1_Final_Report_Rev1.pdf.pdf,,low_extraction_confidence,,J3117,18,0.5,pdfplumber,,
,,2022 Cycle,General Documents,Phase1,DPP Phase 1 System Impact Study,2025-07-15,,,,,,,,,,,,707921_GI-DPP-2022-Ph1-All-Regions_SIS_Report_R1_PUBLIC_20250715.zip__GI_DPP_2022_Cycle_1_SIS_Phase_1_Final_Report_Rev1.pdf.pdf,,low_extraction_confidence,,J3118,18,0.5,pdfplumber,,
,,2022 Cycle,General Documents,Phase1,DPP Phase 1 System Impact Study,2025-07-15,,,,,,,,,,,,707921_GI-DPP-2022-Ph1-All-Regions_SIS_Report_R1_PUBLIC_20250715.zip__GI_DPP_2022_Cycle_1_SIS_Phase_1_Final_Report_Rev1.pdf.pdf,,low_extraction_confidence,,J3120,18,0.5,pdfplumber,,
,,2022 Cycle,General Documents,Phase1,DPP Phase 1 System Impact Study,2025-07-15,,,,,,,,,,,,707921_GI-DPP-2022-Ph1-All-Regions_SIS_Report_R1_PUBLIC_20250715.zip__GI_DPP_2022_Cycle_1_SIS_Phase_1_Final_Report_Rev1.pdf.pdf,,low_extraction_confidence,,J3122,18,0.5,pdfplumber,,
,,2022 Cycle,General Documents,Phase1,DPP Phase 1 System Impact Study,2025-07-15,,,,,,,,,,,,707921_GI-DPP-2022-Ph1-All-Regions_SIS_Report_R1_PUBLIC_20250715.zip__GI_DPP_2022_Cycle_1_SIS_Phase_1_Final_Report_Rev1.pdf.pdf,,low_extraction_confidence,,J3124,18,0.5,pdfplumber,,
,,2022 Cycle,General Documents,Phase1,DPP Phase 1 System Impact Study,2025-07-15,,,,,,,,,,,,707921_GI-DPP-2022-Ph1-All-Regions_SIS_Report_R1_PUBLIC_20250715.zip__GI_DPP_2022_Cycle_1_SIS_Phase_1_Final_Report_Rev1.pdf.pdf,,low_extraction_confidence,,J3125,18,0.5,pdfplumber,,
,,2022 Cycle,General Documents,Phase1,DPP Phase 1 System Impact Study,2025-07-15,,,,,,,,,,,,707921_GI-DPP-2022-Ph1-All-Regions_SIS_Report_R1_PUBLIC_20250715.zip__GI_DPP_2022_Cycle_1_SIS_Phase_1_Final_Report_Rev1.pdf.pdf,,low_extraction_confidence,,J3126,18,0.5,pdfplumber,,
,,2022 Cycle,General Documents,Phase1,DPP Phase 1 System Impact Study,2025-07-15,,,,,,,,,,,,707921_GI-DPP-2022-Ph1-All-Regions_SIS_Report_R1_PUBLIC_20250715.zip__GI_DPP_2022_Cycle_1_SIS_Phase_1_Final_Report_Rev1.pdf.pdf,,low_extraction_confidence,,J3128,18,0.5,pdfplumber,,
,,2022 Cycle,General Documents,Phase1,DPP Phase 1 System Impact Study,2025-07-15,,,,,,,,,,,,707921_GI-DPP-2022-Ph1-All-Regions_SIS_Report_R1_PUBLIC_20250715.zip__GI_DPP_2022_Cycle_1_SIS_Phase_1_Final_Report_Rev1.pdf.pdf,,low_extraction_confidence,,J3130,18,0.5,pdfplumber,,
,,2022 Cycle,General Documents,Phase1,DPP Phase 1 System Impact Study,2025-07-15,,,,,,,,,,,,707921_GI-DPP-2022-Ph1-All-Regions_SIS_Report_R1_PUBLIC_20250715.zip__GI_DPP_2022_Cycle_1_SIS_Phase_1_Final_Report_Rev1.pdf.pdf,,low_extraction_confidence,,J3131,18,0.5,pdfplumber,,
,,2022 Cycle,General Documents,Phase1,DPP Phase 1 System Impact Study,2025-07-15,,,,,,,,,,,,707921_GI-DPP-2022-Ph1-All-Regions_SIS_Report_R1_PUBLIC_20250715.zip__GI_DPP_2022_Cycle_1_SIS_Phase_1_Final_Report_Rev1.pdf.pdf,,low_extraction_confidence,,J3132,18,0.5,pdfplumber,,
,,2022 Cycle,General Documents,Phase1,DPP Phase 1 System Impact Study,2025-07-15,,,,,,,,,,,,707921_GI-DPP-2022-Ph1-All-Regions_SIS_Report_R1_PUBLIC_20250715.zip__GI_DPP_2022_Cycle_1_SIS_Phase_1_Final_Report_Rev1.pdf.pdf,,low_extraction_confidence,,J3133,18,0.5,pdfplumber,,
,,2022 Cycle,General Documents,Phase1,DPP Phase 1 System Impact Study,2025-07-15,,,,,,,,,,,,707921_GI-DPP-2022-Ph1-All-Regions_SIS_Report_R1_PUBLIC_20250715.zip__GI_DPP_2022_Cycle_1_SIS_Phase_1_Final_Report_Rev1.pdf.pdf,,low_extraction_confidence,,J3134,18,0.5,pdfplumber,,
,,2022 Cycle,General Documents,Phase1,DPP Phase 1 System Impact Study,2025-07-15,,,,,,,,,,,,707921_GI-DPP-2022-Ph1-All-Regions_SIS_Report_R1_PUBLIC_20250715.zip__GI_DPP_2022_Cycle_1_SIS_Phase_1_Final_Report_Rev1.pdf.pdf,,low_extraction_confidence,,J3135,18,0.5,pdfplumber,,
,,2022 Cycle,General Documents,Phase1,DPP Phase 1 System Impact Study,2025-07-15,,,,,,,,,,,,707921_GI-DPP-2022-Ph1-All-Regions_SIS_Report_R1_PUBLIC_20250715.zip__GI_DPP_2022_Cycle_1_SIS_Phase_1_Final_Report_Rev1.pdf.pdf,,low_extraction_confidence,,J3136,18,0.5,pdfplumber,,
,,2022 Cycle,General Documents,Phase1,DPP Phase 1 System Impact Study,2025-07-15,,,,,,,,,,,,707921_GI-DPP-2022-Ph1-All-Regions_SIS_Report_R1_PUBLIC_20250715.zip__GI_DPP_2022_Cycle_1_SIS_Phase_1_Final_Report_Rev1.pdf.pdf,,low_extraction_confidence,,J3137,18,0.5,pdfplumber,,
,,2022 Cycle,General Documents,Phase1,DPP Phase 1 System Impact Study,2025-07-15,,,,,,,,,,,,707921_GI-DPP-2022-Ph1-All-Regions_SIS_Report_R1_PUBLIC_20250715.zip__GI_DPP_2022_Cycle_1_SIS_Phase_1_Final_Report_Rev1.pdf.pdf,,low_extraction_confidence,,J3138,18,0.5,pdfplumber,,
,,2022 Cycle,General Documents,Phase1,DPP Phase 1 System Impact Study,2025-07-15,,,,,,,,,,,,707921_GI-DPP-2022-Ph1-All-Regions_SIS_Report_R1_PUBLIC_20250715.zip__GI_DPP_2022_Cycle_1_SIS_Phase_1_Final_Report_Rev1.pdf.pdf,,low_extraction_confidence,,J3139,18,0.5,pdfplumber,,
,,2022 Cycle,General Documents,Phase1,DPP Phase 1 System Impact Study,2025-07-15,,,,,,,,,,,,707921_GI-DPP-2022-Ph1-All-Regions_SIS_Report_R1_PUBLIC_20250715.zip__GI_DPP_2022_Cycle_1_SIS_Phase_1_Final_Report_Rev1.pdf.pdf,,low_extraction_confidence,,J3140,18,0.5,pdfplumber,,
,,2022 Cycle,General Documents,Phase1,DPP Phase 1 System Impact Study,2025-07-15,,,,,,,,,,,,707921_GI-DPP-2022-Ph1-All-Regions_SIS_Report_R1_PUBLIC_20250715.zip__GI_DPP_2022_Cycle_1_SIS_Phase_1_Final_Report_Rev1.pdf.pdf,,low_extraction_confidence,,J3141,18,0.5,pdfplumber,,
,,2022 Cycle,General Documents,Phase1,DPP Phase 1 System Impact Study,2025-07-15,,,,,,,,,,,,707921_GI-DPP-2022-Ph1-All-Regions_SIS_Report_R1_PUBLIC_20250715.zip__GI_DPP_2022_Cycle_1_SIS_Phase_1_Final_Report_Rev1.pdf.pdf,,low_extraction_confidence,,J3142,18,0.5,pdfplumber,,
,,2022 Cycle,General Documents,Phase1,DPP Phase 1 System Impact Study,2025-07-15,,,,,,,,,,,,707921_GI-DPP-2022-Ph1-All-Regions_SIS_Report_R1_PUBLIC_20250715.zip__GI_DPP_2022_Cycle_1_SIS_Phase_1_Final_Report_Rev1.pdf.pdf,,low_extraction_confidence,,J3143,18,0.5,pdfplumber,,
,,2022 Cycle,General Documents,Phase1,DPP Phase 1 System Impact Study,2025-07-15,,,,,,,,,,,,707921_GI-DPP-2022-Ph1-All-Regions_SIS_Report_R1_PUBLIC_20250715.zip__GI_DPP_2022_Cycle_1_SIS_Phase_1_Final_Report_Rev1.pdf.pdf,,low_extraction_confidence,,J3144,18,0.5,pdfplumber,,
,,2022 Cycle,General Documents,Phase1,DPP Phase 1 System Impact Study,2025-07-15,,,,,,,,,,,,707921_GI-DPP-2022-Ph1-All-Regions_SIS_Report_R1_PUBLIC_20250715.zip__GI_DPP_2022_Cycle_1_SIS_Phase_1_Final_Report_Rev1.pdf.pdf,,low_extraction_confidence,,J3145,18,0.5,pdfplumber,,
,,2022 Cycle,General Documents,Phase1,DPP Phase 1 System Impact Study,2025-07-15,,,,,,,,,,,,707921_GI-DPP-2022-Ph1-All-Regions_SIS_Report_R1_PUBLIC_20250715.zip__GI_DPP_2022_Cycle_1_SIS_Phase_1_Final_Report_Rev1.pdf.pdf,,low_extraction_confidence,,J3146,18,0.5,pdfplumber,,
,,2022 Cycle,General Documents,Phase1,DPP Phase 1 System Impact Study,2025-07-15,,,,,,,,,,,,707921_GI-DPP-2022-Ph1-All-Regions_SIS_Report_R1_PUBLIC_20250715.zip__GI_DPP_2022_Cycle_1_SIS_Phase_1_Final_Report_Rev1.pdf.pdf,,low_extraction_confidence,,J3147,18,0.5,pdfplumber,,
,,2022 Cycle,General Documents,Phase1,DPP Phase 1 System Impact Study,2025-07-15,,,,,,,,,,,,707921_GI-DPP-2022-Ph1-All-Regions_SIS_Report_R1_PUBLIC_20250715.zip__GI_DPP_2022_Cycle_1_SIS_Phase_1_Final_Report_Rev1.pdf.pdf,,low_extraction_confidence,,J3148,18,0.5,pdfplumber,,
,,2022 Cycle,General Documents,Phase1,DPP Phase 1 System Impact Study,2025-07-15,,,,,,,,,,,,707921_GI-DPP-2022-Ph1-All-Regions_SIS_Report_R1_PUBLIC_20250715.zip__GI_DPP_2022_Cycle_1_SIS_Phase_1_Final_Report_Rev1.pdf.pdf,,low_extraction_confidence,,J3149,18,0.5,pdfplumber,,
,,2022 Cycle,General Documents,Phase1,DPP Phase 1 System Impact Study,2025-07-15,,,,,,,,,,,,707921_GI-DPP-2022-Ph1-All-Regions_SIS_Report_R1_PUBLIC_20250715.zip__GI_DPP_2022_Cycle_1_SIS_Phase_1_Final_Report_Rev1.pdf.pdf,,low_extraction_confidence,,J3150,18,0.5,pdfplumber,,
,,2022 Cycle,General Documents,Phase1,DPP Phase 1 System Impact Study,2025-07-15,,,,,,,,,,,,707921_GI-DPP-2022-Ph1-All-Regions_SIS_Report_R1_PUBLIC_20250715.zip__GI_DPP_2022_Cycle_1_SIS_Phase_1_Final_Report_Rev1.pdf.pdf,,low_extraction_confidence,,J3151,18,0.5,pdfplumber,,
,,2022 Cycle,General Documents,Phase1,DPP Phase 1 System Impact Study,2025-07-15,,,,,,,,,,,,707921_GI-DPP-2022-Ph1-All-Regions_SIS_Report_R1_PUBLIC_20250715.zip__GI_DPP_2022_Cycle_1_SIS_Phase_1_Final_Report_Rev1.pdf.pdf,,low_extraction_confidence,,J3152,18,0.5,pdfplumber,,
,,2022 Cycle,General Documents,Phase1,DPP Phase 1 System Impact Study,2025-07-15,,,,,,,,,,,,707921_GI-DPP-2022-Ph1-All-Regions_SIS_Report_R1_PUBLIC_20250715.zip__GI_DPP_2022_Cycle_1_SIS_Phase_1_Final_Report_Rev1.pdf.pdf,,low_extraction_confidence,,J3153,18,0.5,pdfplumber,,
,,2022 Cycle,General Documents,Phase1,DPP Phase 1 System Impact Study,2025-07-15,,,,,,,,,,,,707921_GI-DPP-2022-Ph1-All-Regions_SIS_Report_R1_PUBLIC_20250715.zip__GI_DPP_2022_Cycle_1_SIS_Phase_1_Final_Report_Rev1.pdf.pdf,,low_extraction_confidence,,J3154,18,0.5,pdfplumber,,
,,2022 Cycle,General Documents,Phase1,DPP Phase 1 System Impact Study,2025-07-15,,,,,,,,,,,,707921_GI-DPP-2022-Ph1-All-Regions_SIS_Report_R1_PUBLIC_20250715.zip__GI_DPP_2022_Cycle_1_SIS_Phase_1_Final_Report_Rev1.pdf.pdf,,low_extraction_confidence,,J3155,19,0.5,pdfplumber,,
,,2022 Cycle,General Documents,Phase1,DPP Phase 1 System Impact Study,2025-07-15,,,,,,,,,,,,707921_GI-DPP-2022-Ph1-All-Regions_SIS_Report_R1_PUBLIC_20250715.zip__GI_DPP_2022_Cycle_1_SIS_Phase_1_Final_Report_Rev1.pdf.pdf,,low_extraction_confidence,,J3156,19,0.5,pdfplumber,,
,,2022 Cycle,General Documents,Phase1,DPP Phase 1 System Impact Study,2025-07-15,,,,,,,,,,,,707921_GI-DPP-2022-Ph1-All-Regions_SIS_Report_R1_PUBLIC_20250715.zip__GI_DPP_2022_Cycle_1_SIS_Phase_1_Final_Report_Rev1.pdf.pdf,,low_extraction_confidence,,J3157,19,0.5,pdfplumber,,
,,2022 Cycle,General Documents,Phase1,DPP Phase 1 System Impact Study,2025-07-15,,,,,,,,,,,,707921_GI-DPP-2022-Ph1-All-Regions_SIS_Report_R1_PUBLIC_20250715.zip__GI_DPP_2022_Cycle_1_SIS_Phase_1_Final_Report_Rev1.pdf.pdf,,low_extraction_confidence,,J3158,19,0.5,pdfplumber,,
,,2022 Cycle,General Documents,Phase1,DPP Phase 1 System Impact Study,2025-07-15,,,,,,,,,,,,707921_GI-DPP-2022-Ph1-All-Regions_SIS_Report_R1_PUBLIC_20250715.zip__GI_DPP_2022_Cycle_1_SIS_Phase_1_Final_Report_Rev1.pdf.pdf,,low_extraction_confidence,,J3159,19,0.5,pdfplumber,,
,,2022 Cycle,General Documents,Phase1,DPP Phase 1 System Impact Study,2025-07-15,,,,,,,,,,,,707921_GI-DPP-2022-Ph1-All-Regions_SIS_Report_R1_PUBLIC_20250715.zip__GI_DPP_2022_Cycle_1_SIS_Phase_1_Final_Report_Rev1.pdf.pdf,,low_extraction_confidence,,J3160,19,0.5,pdfplumber,,
,,2022 Cycle,General Documents,Phase1,DPP Phase 1 System Impact Study,2025-07-15,,,,,,,,,,,,707921_GI-DPP-2022-Ph1-All-Regions_SIS_Report_R1_PUBLIC_20250715.zip__GI_DPP_2022_Cycle_1_SIS_Phase_1_Final_Report_Rev1.pdf.pdf,,low_extraction_confidence,,J3161,19,0.5,pdfplumber,,
,,2022 Cycle,General Documents,Phase1,DPP Phase 1 System Impact Study,2025-07-15,,,,,,,,,,,,707921_GI-DPP-2022-Ph1-All-Regions_SIS_Report_R1_PUBLIC_20250715.zip__GI_DPP_2022_Cycle_1_SIS_Phase_1_Final_Report_Rev1.pdf.pdf,,low_extraction_confidence,,J3162,19,0.5,pdfplumber,,
,,2022 Cycle,General Documents,Phase1,DPP Phase 1 System Impact Study,2025-07-15,,,,,,,,,,,,707921_GI-DPP-2022-Ph1-All-Regions_SIS_Report_R1_PUBLIC_20250715.zip__GI_DPP_2022_Cycle_1_SIS_Phase_1_Final_Report_Rev1.pdf.pdf,,low_extraction_confidence,,J3163,19,0.5,pdfplumber,,
,,2022 Cycle,General Documents,Phase1,DPP Phase 1 System Impact Study,2025-07-15,,,,,,,,,,,,707921_GI-DPP-2022-Ph1-All-Regions_SIS_Report_R1_PUBLIC_20250715.zip__GI_DPP_2022_Cycle_1_SIS_Phase_1_Final_Report_Rev1.pdf.pdf,,low_extraction_confidence,,J3164,19,0.5,pdfplumber,,
,,2022 Cycle,General Documents,Phase1,DPP Phase 1 System Impact Study,2025-07-15,,,,,,,,,,,,707921_GI-DPP-2022-Ph1-All-Regions_SIS_Report_R1_PUBLIC_20250715.zip__GI_DPP_2022_Cycle_1_SIS_Phase_1_Final_Report_Rev1.pdf.pdf,,low_extraction_confidence,,J3165,19,0.5,pdfplumber,,
,,2022 Cycle,General Documents,Phase1,DPP Phase 1 System Impact Study,2025-07-15,,,,,,,,,,,,707921_GI-DPP-2022-Ph1-All-Regions_SIS_Report_R1_PUBLIC_20250715.zip__GI_DPP_2022_Cycle_1_SIS_Phase_1_Final_Report_Rev1.pdf.pdf,,low_extraction_confidence,,J3166,19,0.5,pdfplumber,,
,,2022 Cycle,General Documents,Phase1,DPP Phase 1 System Impact Study,2025-07-15,,,,,,,,,,,,707921_GI-DPP-2022-Ph1-All-Regions_SIS_Report_R1_PUBLIC_20250715.zip__GI_DPP_2022_Cycle_1_SIS_Phase_1_Final_Report_Rev1.pdf.pdf,,low_extraction_confidence,,J3167,19,0.5,pdfplumber,,
,,2022 Cycle,General Documents,Phase1,DPP Phase 1 System Impact Study,2025-07-15,,,,,,,,,,,,707921_GI-DPP-2022-Ph1-All-Regions_SIS_Report_R1_PUBLIC_20250715.zip__GI_DPP_2022_Cycle_1_SIS_Phase_1_Final_Report_Rev1.pdf.pdf,,low_extraction_confidence,,J3168,19,0.5,pdfplumber,,
,,2022 Cycle,General Documents,Phase1,DPP Phase 1 System Impact Study,2025-07-15,,,,,,,,,,,,707921_GI-DPP-2022-Ph1-All-Regions_SIS_Report_R1_PUBLIC_20250715.zip__GI_DPP_2022_Cycle_1_SIS_Phase_1_Final_Report_Rev1.pdf.pdf,,low_extraction_confidence,,J3169,19,0.5,pdfplumber,,
,,2022 Cycle,General Documents,Phase1,DPP Phase 1 System Impact Study,2025-07-15,,,,,,,,,,,,707921_GI-DPP-2022-Ph1-All-Regions_SIS_Report_R1_PUBLIC_20250715.zip__GI_DPP_2022_Cycle_1_SIS_Phase_1_Final_Report_Rev1.pdf.pdf,,low_extraction_confidence,,J3170,19,0.5,pdfplumber,,
,,2022 Cycle,General Documents,Phase1,DPP Phase 1 System Impact Study,2025-07-15,,,,,,,,,,,,707921_GI-DPP-2022-Ph1-All-Regions_SIS_Report_R1_PUBLIC_20250715.zip__GI_DPP_2022_Cycle_1_SIS_Phase_1_Final_Report_Rev1.pdf.pdf,,low_extraction_confidence,,J3171,19,0.5,pdfplumber,,
,,2022 Cycle,General Documents,Phase1,DPP Phase 1 System Impact Study,2025-07-15,,,,,,,,,,,,707921_GI-DPP-2022-Ph1-All-Regions_SIS_Report_R1_PUBLIC_20250715.zip__GI_DPP_2022_Cycle_1_SIS_Phase_1_Final_Report_Rev1.pdf.pdf,,low_extraction_confidence,,J3173,19,0.5,pdfplumber,,
,,2022 Cycle,General Documents,Phase1,DPP Phase 1 System Impact Study,2025-07-15,,,,,,,,,,,,707921_GI-DPP-2022-Ph1-All-Regions_SIS_Report_R1_PUBLIC_20250715.zip__GI_DPP_2022_Cycle_1_SIS_Phase_1_Final_Report_Rev1.pdf.pdf,,low_extraction_confidence,,J3174,19,0.5,pdfplumber,,
,,2022 Cycle,General Documents,Phase1,DPP Phase 1 System Impact Study,2025-07-15,,,,,,,,,,,,707921_GI-DPP-2022-Ph1-All-Regions_SIS_Report_R1_PUBLIC_20250715.zip__GI_DPP_2022_Cycle_1_SIS_Phase_1_Final_Report_Rev1.pdf.pdf,,low_extraction_confidence,,J3175,19,0.5,pdfplumber,,
,,2022 Cycle,General Documents,Phase1,DPP Phase 1 System Impact Study,2025-07-15,,,,,,,,,,,,707921_GI-DPP-2022-Ph1-All-Regions_SIS_Report_R1_PUBLIC_20250715.zip__GI_DPP_2022_Cycle_1_SIS_Phase_1_Final_Report_Rev1.pdf.pdf,,low_extraction_confidence,,J3180,19,0.5,pdfplumber,,
,,2022 Cycle,General Documents,Phase1,DPP Phase 1 System Impact Study,2025-07-15,,,,,,,,,,,,707921_GI-DPP-2022-Ph1-All-Regions_SIS_Report_R1_PUBLIC_20250715.zip__GI_DPP_2022_Cycle_1_SIS_Phase_1_Final_Report_Rev1.pdf.pdf,,low_extraction_confidence,,J3181,19,0.5,pdfplumber,,
,,2022 Cycle,General Documents,Phase1,DPP Phase 1 System Impact Study,2025-07-15,,,,,,,,,,,,707921_GI-DPP-2022-Ph1-All-Regions_SIS_Report_R1_PUBLIC_20250715.zip__GI_DPP_2022_Cycle_1_SIS_Phase_1_Final_Report_Rev1.pdf.pdf,,low_extraction_confidence,,J3183,19,0.5,pdfplumber,,
,,2022 Cycle,General Documents,Phase1,DPP Phase 1 System Impact Study,2025-07-15,,,,,,,,,,,,707921_GI-DPP-2022-Ph1-All-Regions_SIS_Report_R1_PUBLIC_20250715.zip__GI_DPP_2022_Cycle_1_SIS_Phase_1_Final_Report_Rev1.pdf.pdf,,low_extraction_confidence,,J3184,19,0.5,pdfplumber,,
,,2022 Cycle,General Documents,Phase1,DPP Phase 1 System Impact Study,2025-07-15,,,,,,,,,,,,707921_GI-DPP-2022-Ph1-All-Regions_SIS_Report_R1_PUBLIC_20250715.zip__GI_DPP_2022_Cycle_1_SIS_Phase_1_Final_Report_Rev1.pdf.pdf,,low_extraction_confidence,,J3185,19,0.5,pdfplumber,,
,,2022 Cycle,General Documents,Phase1,DPP Phase 1 System Impact Study,2025-07-15,,,,,,,,,,,,707921_GI-DPP-2022-Ph1-All-Regions_SIS_Report_R1_PUBLIC_20250715.zip__GI_DPP_2022_Cycle_1_SIS_Phase_1_Final_Report_Rev1.pdf.pdf,,low_extraction_confidence,,J3186,19,0.5,pdfplumber,,
,,2022 Cycle,General Documents,Phase1,DPP Phase 1 System Impact Study,2025-07-15,,,,,,,,,,,,707921_GI-DPP-2022-Ph1-All-Regions_SIS_Report_R1_PUBLIC_20250715.zip__GI_DPP_2022_Cycle_1_SIS_Phase_1_Final_Report_Rev1.pdf.pdf,,low_extraction_confidence,,J3187,19,0.5,pdfplumber,,
,,2022 Cycle,General Documents,Phase1,DPP Phase 1 System Impact Study,2025-07-15,,,,,,,,,,,,707921_GI-DPP-2022-Ph1-All-Regions_SIS_Report_R1_PUBLIC_20250715.zip__GI_DPP_2022_Cycle_1_SIS_Phase_1_Final_Report_Rev1.pdf.pdf,,low_extraction_confidence,,J3188,19,0.5,pdfplumber,,
,,2022 Cycle,General Documents,Phase1,DPP Phase 1 System Impact Study,2025-07-15,,,,,,,,,,,,707921_GI-DPP-2022-Ph1-All-Regions_SIS_Report_R1_PUBLIC_20250715.zip__GI_DPP_2022_Cycle_1_SIS_Phase_1_Final_Report_Rev1.pdf.pdf,,low_extraction_confidence,,J3189,19,0.5,pdfplumber,,
,,2022 Cycle,General Documents,Phase1,DPP Phase 1 System Impact Study,2025-07-15,,,,,,,,,,,,707921_GI-DPP-2022-Ph1-All-Regions_SIS_Report_R1_PUBLIC_20250715.zip__GI_DPP_2022_Cycle_1_SIS_Phase_1_Final_Report_Rev1.pdf.pdf,,low_extraction_confidence,,J3190,19,0.5,pdfplumber,,
,,2022 Cycle,General Documents,Phase1,DPP Phase 1 System Impact Study,2025-07-15,,,,,,,,,,,,707921_GI-DPP-2022-Ph1-All-Regions_SIS_Report_R1_PUBLIC_20250715.zip__GI_DPP_2022_Cycle_1_SIS_Phase_1_Final_Report_Rev1.pdf.pdf,,low_extraction_confidence,,J3191,19,0.5,pdfplumber,,
,,2022 Cycle,General Documents,Phase1,DPP Phase 1 System Impact Study,2025-07-15,,,,,,,,,,,,707921_GI-DPP-2022-Ph1-All-Regions_SIS_Report_R1_PUBLIC_20250715.zip__GI_DPP_2022_Cycle_1_SIS_Phase_1_Final_Report_Rev1.pdf.pdf,,low_extraction_confidence,,J3192,19,0.5,pdfplumber,,
,,2022 Cycle,General Documents,Phase1,DPP Phase 1 System Impact Study,2025-07-15,,,,,,,,,,,,707921_GI-DPP-2022-Ph1-All-Regions_SIS_Report_R1_PUBLIC_20250715.zip__GI_DPP_2022_Cycle_1_SIS_Phase_1_Final_Report_Rev1.pdf.pdf,,low_extraction_confidence,,J3193,19,0.5,pdfplumber,,
,,2022 Cycle,General Documents,Phase1,DPP Phase 1 System Impact Study,2025-07-15,,,,,,,,,,,,707921_GI-DPP-2022-Ph1-All-Regions_SIS_Report_R1_PUBLIC_20250715.zip__GI_DPP_2022_Cycle_1_SIS_Phase_1_Final_Report_Rev1.pdf.pdf,,low_extraction_confidence,,J3199,19,0.5,pdfplumber,,
,,2022 Cycle,General Documents,Phase1,DPP Phase 1 System Impact Study,2025-07-15,,,,,,,,,,,,707921_GI-DPP-2022-Ph1-All-Regions_SIS_Report_R1_PUBLIC_20250715.zip__GI_DPP_2022_Cycle_1_SIS_Phase_1_Final_Report_Rev1.pdf.pdf,,low_extraction_confidence,,J3200,19,0.5,pdfplumber,,
,,2022 Cycle,General Documents,Phase1,DPP Phase 1 System Impact Study,2025-07-15,,,,,,,,,,,,707921_GI-DPP-2022-Ph1-All-Regions_SIS_Report_R1_PUBLIC_20250715.zip__GI_DPP_2022_Cycle_1_SIS_Phase_1_Final_Report_Rev1.pdf.pdf,,low_extraction_confidence,,J3201,19,0.5,pdfplumber,,
,,2022 Cycle,General Documents,Phase1,DPP Phase 1 System Impact Study,2025-07-15,,,,,,,,,,,,707921_GI-DPP-2022-Ph1-All-Regions_SIS_Report_R1_PUBLIC_20250715.zip__GI_DPP_2022_Cycle_1_SIS_Phase_1_Final_Report_Rev1.pdf.pdf,,low_extraction_confidence,,J3202,19,0.5,pdfplumber,,
,,2022 Cycle,General Documents,Phase1,DPP Phase 1 System Impact Study,2025-07-15,,,,,,,,,,,,707921_GI-DPP-2022-Ph1-All-Regions_SIS_Report_R1_PUBLIC_20250715.zip__GI_DPP_2022_Cycle_1_SIS_Phase_1_Final_Report_Rev1.pdf.pdf,,low_extraction_confidence,,J3204,19,0.5,pdfplumber,,
,,2022 Cycle,General Documents,Phase1,DPP Phase 1 System Impact Study,2025-07-15,,,,,,,,,,,,707921_GI-DPP-2022-Ph1-All-Regions_SIS_Report_R1_PUBLIC_20250715.zip__GI_DPP_2022_Cycle_1_SIS_Phase_1_Final_Report_Rev1.pdf.pdf,,low_extraction_confidence,,J3205,19,0.5,pdfplumber,,
,,2022 Cycle,General Documents,Phase1,DPP Phase 1 System Impact Study,2025-07-15,,,,,,,,,,,,707921_GI-DPP-2022-Ph1-All-Regions_SIS_Report_R1_PUBLIC_20250715.zip__GI_DPP_2022_Cycle_1_SIS_Phase_1_Final_Report_Rev1.pdf.pdf,,low_extraction_confidence,,J3206,19,0.5,pdfplumber,,
,,2022 Cycle,General Documents,Phase1,DPP Phase 1 System Impact Study,2025-07-15,,,,,,,,,,,,707921_GI-DPP-2022-Ph1-All-Regions_SIS_Report_R1_PUBLIC_20250715.zip__GI_DPP_2022_Cycle_1_SIS_Phase_1_Final_Report_Rev1.pdf.pdf,,low_extraction_confidence,,J3207,19,0.5,pdfplumber,,
,,2022 Cycle,General Documents,Phase1,DPP Phase 1 System Impact Study,2025-07-15,,,,,,,,,,,,707921_GI-DPP-2022-Ph1-All-Regions_SIS_Report_R1_PUBLIC_20250715.zip__GI_DPP_2022_Cycle_1_SIS_Phase_1_Final_Report_Rev1.pdf.pdf,,low_extraction_confidence,,J3208,19,0.5,pdfplumber,,
,,2022 Cycle,General Documents,Phase1,DPP Phase 1 System Impact Study,2025-07-15,,,,,,,,,,,,707921_GI-DPP-2022-Ph1-All-Regions_SIS_Report_R1_PUBLIC_20250715.zip__GI_DPP_2022_Cycle_1_SIS_Phase_1_Final_Report_Rev1.pdf.pdf,,low_extraction_confidence,,J3209,19,0.5,pdfplumber,,
,,2022 Cycle,General Documents,Phase1,DPP Phase 1 System Impact Study,2025-07-15,,,,,,,,,,,,707921_GI-DPP-2022-Ph1-All-Regions_SIS_Report_R1_PUBLIC_20250715.zip__GI_DPP_2022_Cycle_1_SIS_Phase_1_Final_Report_Rev1.pdf.pdf,,low_extraction_confidence,,J3210,19,0.5,pdfplumber,,
,,2022 Cycle,General Documents,Phase1,DPP Phase 1 System Impact Study,2025-07-15,,,,,,,,,,,,707921_GI-DPP-2022-Ph1-All-Regions_SIS_Report_R1_PUBLIC_20250715.zip__GI_DPP_2022_Cycle_1_SIS_Phase_1_Final_Report_Rev1.pdf.pdf,,low_extraction_confidence,,J2245,19,0.5,pdfplumber,,
,,2022 Cycle,General Documents,Phase1,DPP Phase 1 System Impact Study,2025-07-15,,,,,,,,,,,,707921_GI-DPP-2022-Ph1-All-Regions_SIS_Report_R1_PUBLIC_20250715.zip__GI_DPP_2022_Cycle_1_SIS_Phase_1_Final_Report_Rev1.pdf.pdf,,low_extraction_confidence,,J3211,19,0.5,pdfplumber,,
,,2022 Cycle,General Documents,Phase1,DPP Phase 1 System Impact Study,2025-07-15,,,,,,,,,,,,707921_GI-DPP-2022-Ph1-All-Regions_SIS_Report_R1_PUBLIC_20250715.zip__GI_DPP_2022_Cycle_1_SIS_Phase_1_Final_Report_Rev1.pdf.pdf,,low_extraction_confidence,,J1564,19,0.5,pdfplumber,,
,,2022 Cycle,General Documents,Phase1,DPP Phase 1 System Impact Study,2025-07-15,,,,,,,,,,,,707921_GI-DPP-2022-Ph1-All-Regions_SIS_Report_R1_PUBLIC_20250715.zip__GI_DPP_2022_Cycle_1_SIS_Phase_1_Final_Report_Rev1.pdf.pdf,,low_extraction_confidence,,J3212,19,0.5,pdfplumber,,
,,2022 Cycle,General Documents,Phase1,DPP Phase 1 System Impact Study,2025-07-15,,,,,,,,,,,,707921_GI-DPP-2022-Ph1-All-Regions_SIS_Report_R1_PUBLIC_20250715.zip__GI_DPP_2022_Cycle_1_SIS_Phase_1_Final_Report_Rev1.pdf.pdf,,low_extraction_confidence,,J3213,19,0.5,pdfplumber,,
,,2022 Cycle,General Documents,Phase1,DPP Phase 1 System Impact Study,2025-07-15,,,,,,,,,,,,707921_GI-DPP-2022-Ph1-All-Regions_SIS_Report_R1_PUBLIC_20250715.zip__GI_DPP_2022_Cycle_1_SIS_Phase_1_Final_Report_Rev1.pdf.pdf,,low_extraction_confidence,,J3214,19,0.5,pdfplumber,,
,,2022 Cycle,General Documents,Phase1,DPP Phase 1 System Impact Study,2025-07-15,,,,,,,,,,,,707921_GI-DPP-2022-Ph1-All-Regions_SIS_Report_R1_PUBLIC_20250715.zip__GI_DPP_2022_Cycle_1_SIS_Phase_1_Final_Report_Rev1.pdf.pdf,,low_extraction_confidence,,J1471,19,0.5,pdfplumber,,
,,2022 Cycle,General Documents,Phase1,DPP Phase 1 System Impact Study,2025-07-15,,,,,,,,,,,,707921_GI-DPP-2022-Ph1-All-Regions_SIS_Report_R1_PUBLIC_20250715.zip__GI_DPP_2022_Cycle_1_SIS_Phase_1_Final_Report_Rev1.pdf.pdf,,low_extraction_confidence,,J3216,19,0.5,pdfplumber,,
,,2022 Cycle,General Documents,Phase1,DPP Phase 1 System Impact Study,2025-07-15,,,,,,,,,,,,707921_GI-DPP-2022-Ph1-All-Regions_SIS_Report_R1_PUBLIC_20250715.zip__GI_DPP_2022_Cycle_1_SIS_Phase_1_Final_Report_Rev1.pdf.pdf,,low_extraction_confidence,,J3218,19,0.5,pdfplumber,,
,,2022 Cycle,General Documents,Phase1,DPP Phase 1 System Impact Study,2025-07-15,,,,,,,,,,,,707921_GI-DPP-2022-Ph1-All-Regions_SIS_Report_R1_PUBLIC_20250715.zip__GI_DPP_2022_Cycle_1_SIS_Phase_1_Final_Report_Rev1.pdf.pdf,,low_extraction_confidence,,J3219,19,0.5,pdfplumber,,
,,2022 Cycle,General Documents,Phase1,DPP Phase 1 System Impact Study,2025-07-15,,,,,,,,,,,,707921_GI-DPP-2022-Ph1-All-Regions_SIS_Report_R1_PUBLIC_20250715.zip__GI_DPP_2022_Cycle_1_SIS_Phase_1_Final_Report_Rev1.pdf.pdf,,low_extraction_confidence,,J3220,19,0.5,pdfplumber,,
,,2022 Cycle,General Documents,Phase1,DPP Phase 1 System Impact Study,2025-07-15,,,,,,,,,,,,707921_GI-DPP-2022-Ph1-All-Regions_SIS_Report_R1_PUBLIC_20250715.zip__GI_DPP_2022_Cycle_1_SIS_Phase_1_Final_Report_Rev1.pdf.pdf,,low_extraction_confidence,,J3221,19,0.5,pdfplumber,,
,,2022 Cycle,General Documents,Phase1,DPP Phase 1 System Impact Study,2025-07-15,,,,,,,,,,,,707921_GI-DPP-2022-Ph1-All-Regions_SIS_Report_R1_PUBLIC_20250715.zip__GI_DPP_2022_Cycle_1_SIS_Phase_1_Final_Report_Rev1.pdf.pdf,,low_extraction_confidence,,J3222,19,0.5,pdfplumber,,
,,2022 Cycle,General Documents,Phase1,DPP Phase 1 System Impact Study,2025-07-15,,,,,,,,,,,,707921_GI-DPP-2022-Ph1-All-Regions_SIS_Report_R1_PUBLIC_20250715.zip__GI_DPP_2022_Cycle_1_SIS_Phase_1_Final_Report_Rev1.pdf.pdf,,low_extraction_confidence,,J3223,19,0.5,pdfplumber,,
,,2022 Cycle,General Documents,Phase1,DPP Phase 1 System Impact Study,2025-07-15,,,,,,,,,,,,707921_GI-DPP-2022-Ph1-All-Regions_SIS_Report_R1_PUBLIC_20250715.zip__GI_DPP_2022_Cycle_1_SIS_Phase_1_Final_Report_Rev1.pdf.pdf,,low_extraction_confidence,,J3224,19,0.5,pdfplumber,,
,,2022 Cycle,General Documents,Phase1,DPP Phase 1 System Impact Study,2025-07-15,,,,,,,,,,,,707921_GI-DPP-2022-Ph1-All-Regions_SIS_Report_R1_PUBLIC_20250715.zip__GI_DPP_2022_Cycle_1_SIS_Phase_1_Final_Report_Rev1.pdf.pdf,,low_extraction_confidence,,J3226,19,0.5,pdfplumber,,
,,2022 Cycle,General Documents,Phase1,DPP Phase 1 System Impact Study,2025-07-15,,,,,,,,,,,,707921_GI-DPP-2022-Ph1-All-Regions_SIS_Report_R1_PUBLIC_20250715.zip__GI_DPP_2022_Cycle_1_SIS_Phase_1_Final_Report_Rev1.pdf.pdf,,low_extraction_confidence,,J3227,19,0.5,pdfplumber,,
,,2022 Cycle,General Documents,Phase1,DPP Phase 1 System Impact Study,2025-07-15,,,,,,,,,,,,707921_GI-DPP-2022-Ph1-All-Regions_SIS_Report_R1_PUBLIC_20250715.zip__GI_DPP_2022_Cycle_1_SIS_Phase_1_Final_Report_Rev1.pdf.pdf,,low_extraction_confidence,,J3228,19,0.5,pdfplumber,,
,,2022 Cycle,General Documents,Phase1,DPP Phase 1 System Impact Study,2025-07-15,,,,,,,,,,,,707921_GI-DPP-2022-Ph1-All-Regions_SIS_Report_R1_PUBLIC_20250715.zip__GI_DPP_2022_Cycle_1_SIS_Phase_1_Final_Report_Rev1.pdf.pdf,,low_extraction_confidence,,J3229,19,0.5,pdfplumber,,
,,2022 Cycle,General Documents,Phase1,DPP Phase 1 System Impact Study,2025-07-15,,,,,,,,,,,,707921_GI-DPP-2022-Ph1-All-Regions_SIS_Report_R1_PUBLIC_20250715.zip__GI_DPP_2022_Cycle_1_SIS_Phase_1_Final_Report_Rev1.pdf.pdf,,low_extraction_confidence,,J3230,19,0.5,pdfplumber,,
,,2022 Cycle,General Documents,Phase1,DPP Phase 1 System Impact Study,2025-07-15,,,,,,,,,,,,707921_GI-DPP-2022-Ph1-All-Regions_SIS_Report_R1_PUBLIC_20250715.zip__GI_DPP_2022_Cycle_1_SIS_Phase_1_Final_Report_Rev1.pdf.pdf,,low_extraction_confidence,,J3231,19,0.5,pdfplumber,,
,,2021 Cycle,West,Phase2,DPP Phase 2 System Impact Study,2025-06-23,,,,,,,,,,,,704357_GI-DPP-2021_West_Phase_2_System_Impact_Study_Final_Report_20250623_-_PUBLIC.pdf.pdf,,low_extraction_confidence,,J2065,5,0.5,pdfplumber,,
,,2021 Cycle,West,Phase2,DPP Phase 2 System Impact Study,2025-06-23,,,,,,,,,,,,704357_GI-DPP-2021_West_Phase_2_System_Impact_Study_Final_Report_20250623_-_PUBLIC.pdf.pdf,,low_extraction_confidence,,J436,11,0.5,pdfplumber,,
,,2021 Cycle,West,Phase2,DPP Phase 2 System Impact Study,2025-06-23,,,,,,,,,,,,704357_GI-DPP-2021_West_Phase_2_System_Impact_Study_Final_Report_20250623_-_PUBLIC.pdf.pdf,,low_extraction_confidence,,J437,11,0.5,pdfplumber,,
,,2021 Cycle,West,Phase2,DPP Phase 2 System Impact Study,2025-06-23,,,,,,,,,,,,704357_GI-DPP-2021_West_Phase_2_System_Impact_Study_Final_Report_20250623_-_PUBLIC.pdf.pdf,,low_extraction_confidence,,J488,11,0.5,pdfplumber,,
,,2021 Cycle,West,Phase2,DPP Phase 2 System Impact Study,2025-06-23,,,,,,,,,,,,704357_GI-DPP-2021_West_Phase_2_System_Impact_Study_Final_Report_20250623_-_PUBLIC.pdf.pdf,,low_extraction_confidence,,J1040,11,0.5,pdfplumber,,
,,2020 Cycle,ATC,Unknown,System Impact Study,2021-07-08,,,,,,,,,,,,570063_GI-DPP-2020-Cycle-ATC-Ph1_System_Impact_Study_Final_PUBLIC_07122021.zip__Final_System_Impact_Study_Report-DPP_2020_Cycle_Phase_1_070821_PUBIC.pdf.pdf,,low_extraction_confidence,,J1304,7,0.5,pdfplumber,,
,,2020 Cycle,ATC,Unknown,System Impact Study,2021-07-08,,,,,,,,,,,,570063_GI-DPP-2020-Cycle-ATC-Ph1_System_Impact_Study_Final_PUBLIC_07122021.zip__Final_System_Impact_Study_Report-DPP_2020_Cycle_Phase_1_070821_PUBIC.pdf.pdf,,low_extraction_confidence,,J505,18,0.5,pdfplumber,,
,,2020 Cycle,ATC,Unknown,System Impact Study,2021-07-08,,,,,,,,,,,,570063_GI-DPP-2020-Cycle-ATC-Ph1_System_Impact_Study_Final_PUBLIC_07122021.zip__Final_System_Impact_Study_Report-DPP_2020_Cycle_Phase_1_070821_PUBIC.pdf.pdf,,low_extraction_confidence,,J732,18,0.5,pdfplumber,,
,,2020 Cycle,ATC,Unknown,System Impact Study,2021-07-08,,,,,,,,,,,,570063_GI-DPP-2020-Cycle-ATC-Ph1_System_Impact_Study_Final_PUBLIC_07122021.zip__Final_System_Impact_Study_Report-DPP_2020_Cycle_Phase_1_070821_PUBIC.pdf.pdf,,low_extraction_confidence,,J818,18,0.5,pdfplumber,,
,,2020 Cycle,ATC,Unknown,System Impact Study,2021-07-08,,,,,,,,,,,,570063_GI-DPP-2020-Cycle-ATC-Ph1_System_Impact_Study_Final_PUBLIC_07122021.zip__Final_System_Impact_Study_Report-DPP_2020_Cycle_Phase_1_070821_PUBIC.pdf.pdf,,low_extraction_confidence,,J849,18,0.5,pdfplumber,,
,,2020 Cycle,ATC,Unknown,System Impact Study,2021-07-08,,,,,,,,,,,,570063_GI-DPP-2020-Cycle-ATC-Ph1_System_Impact_Study_Final_PUBLIC_07122021.zip__Final_System_Impact_Study_Report-DPP_2020_Cycle_Phase_1_070821_PUBIC.pdf.pdf,,low_extraction_confidence,,J850,18,0.5,pdfplumber,,
,,2020 Cycle,ATC,Unknown,System Impact Study,2021-07-08,,,,,,,,,,,,570063_GI-DPP-2020-Cycle-ATC-Ph1_System_Impact_Study_Final_PUBLIC_07122021.zip__Final_System_Impact_Study_Report-DPP_2020_Cycle_Phase_1_070821_PUBIC.pdf.pdf,,low_extraction_confidence,,J870,18,0.5,pdfplumber,,
,,2020 Cycle,ATC,Unknown,System Impact Study,2021-07-08,,,,,,,,,,,,570063_GI-DPP-2020-Cycle-ATC-Ph1_System_Impact_Study_Final_PUBLIC_07122021.zip__Final_System_Impact_Study_Report-DPP_2020_Cycle_Phase_1_070821_PUBIC.pdf.pdf,,low_extraction_confidence,,J871,18,0.5,pdfplumber,,
,,2020 Cycle,ATC,Unknown,System Impact Study,2021-07-08,,,,,,,,,,,,570063_GI-DPP-2020-Cycle-ATC-Ph1_System_Impact_Study_Final_PUBLIC_07122021.zip__Final_System_Impact_Study_Report-DPP_2020_Cycle_Phase_1_070821_PUBIC.pdf.pdf,,low_extraction_confidence,,J886,18,0.5,pdfplumber,,
,,2020 Cycle,ATC,Unknown,System Impact Study,2021-07-08,,,,,,,,,,,,570063_GI-DPP-2020-Cycle-ATC-Ph1_System_Impact_Study_Final_PUBLIC_07122021.zip__Final_System_Impact_Study_Report-DPP_2020_Cycle_Phase_1_070821_PUBIC.pdf.pdf,,low_extraction_confidence,,J928,18,0.5,pdfplumber,,
,,2020 Cycle,ATC,Unknown,System Impact Study,2021-07-08,,,,,,,,,,,,570063_GI-DPP-2020-Cycle-ATC-Ph1_System_Impact_Study_Final_PUBLIC_07122021.zip__Final_System_Impact_Study_Report-DPP_2020_Cycle_Phase_1_070821_PUBIC.pdf.pdf,,low_extraction_confidence,,J1000,18,0.5,pdfplumber,,
,,2020 Cycle,ATC,Unknown,System Impact Study,2021-07-08,,,,,,,,,,,,570063_GI-DPP-2020-Cycle-ATC-Ph1_System_Impact_Study_Final_PUBLIC_07122021.zip__Final_System_Impact_Study_Report-DPP_2020_Cycle_Phase_1_070821_PUBIC.pdf.pdf,,low_extraction_confidence,,J1002,18,0.5,pdfplumber,,
,,2020 Cycle,ATC,Unknown,System Impact Study,2021-07-08,,,,,,,,,,,,570063_GI-DPP-2020-Cycle-ATC-Ph1_System_Impact_Study_Final_PUBLIC_07122021.zip__Final_System_Impact_Study_Report-DPP_2020_Cycle_Phase_1_070821_PUBIC.pdf.pdf,,low_extraction_confidence,,J1003,18,0.5,pdfplumber,,
,,2020 Cycle,ATC,Unknown,System Impact Study,2021-07-08,,,,,,,,,,,,570063_GI-DPP-2020-Cycle-ATC-Ph1_System_Impact_Study_Final_PUBLIC_07122021.zip__Final_System_Impact_Study_Report-DPP_2020_Cycle_Phase_1_070821_PUBIC.pdf.pdf,,low_extraction_confidence,,J1042,18,0.5,pdfplumber,,
,,2020 Cycle,ATC,Unknown,System Impact Study,2021-07-08,,,,,,,,,,,,570063_GI-DPP-2020-Cycle-ATC-Ph1_System_Impact_Study_Final_PUBLIC_07122021.zip__Final_System_Impact_Study_Report-DPP_2020_Cycle_Phase_1_070821_PUBIC.pdf.pdf,,low_extraction_confidence,,J1101,18,0.5,pdfplumber,,
,,2020 Cycle,ATC,Unknown,System Impact Study,2021-07-08,,,,,,,,,,,,570063_GI-DPP-2020-Cycle-ATC-Ph1_System_Impact_Study_Final_PUBLIC_07122021.zip__Final_System_Impact_Study_Report-DPP_2020_Cycle_Phase_1_070821_PUBIC.pdf.pdf,,low_extraction_confidence,,J1154,18,0.5,pdfplumber,,
,,2020 Cycle,ATC,Unknown,System Impact Study,2021-07-08,,,,,,,,,,,,570063_GI-DPP-2020-Cycle-ATC-Ph1_System_Impact_Study_Final_PUBLIC_07122021.zip__Final_System_Impact_Study_Report-DPP_2020_Cycle_Phase_1_070821_PUBIC.pdf.pdf,,low_extraction_confidence,,J1171,18,0.5,pdfplumber,,
,,2020 Cycle,ATC,Unknown,System Impact Study,2021-07-08,,,,,,,,,,,,570063_GI-DPP-2020-Cycle-ATC-Ph1_System_Impact_Study_Final_PUBLIC_07122021.zip__Final_System_Impact_Study_Report-DPP_2020_Cycle_Phase_1_070821_PUBIC.pdf.pdf,,low_extraction_confidence,,J1183,18,0.5,pdfplumber,,
,,2020 Cycle,ATC,Unknown,System Impact Study,2021-07-08,,,,,,,,,,,,570063_GI-DPP-2020-Cycle-ATC-Ph1_System_Impact_Study_Final_PUBLIC_07122021.zip__Final_System_Impact_Study_Report-DPP_2020_Cycle_Phase_1_070821_PUBIC.pdf.pdf,,low_extraction_confidence,,J1188,18,0.5,pdfplumber,,
,,2020 Cycle,ATC,Unknown,System Impact Study,2021-07-08,,,,,,,,,,,,570063_GI-DPP-2020-Cycle-ATC-Ph1_System_Impact_Study_Final_PUBLIC_07122021.zip__Final_System_Impact_Study_Report-DPP_2020_Cycle_Phase_1_070821_PUBIC.pdf.pdf,,low_extraction_confidence,,J1251,18,0.5,pdfplumber,,
,,2020 Cycle,ATC,Unknown,System Impact Study,2021-07-08,,,,,,,,,,,,570063_GI-DPP-2020-Cycle-ATC-Ph1_System_Impact_Study_Final_PUBLIC_07122021.zip__Final_System_Impact_Study_Report-DPP_2020_Cycle_Phase_1_070821_PUBIC.pdf.pdf,,low_extraction_confidence,,J1711,39,0.5,pdfplumber,,
,,2020 Cycle,ATC,Unknown,System Impact Study,2021-07-08,,,,,,,,,,,,570063_GI-DPP-2020-Cycle-ATC-Ph1_System_Impact_Study_Final_PUBLIC_07122021.zip__Final_System_Impact_Study_Report-DPP_2020_Cycle_Phase_1_070821_PUBIC.pdf.pdf,,low_extraction_confidence,,J1363,43,0.5,pdfplumber,,
,,2020 Cycle,ATC,Unknown,System Impact Study,2021-07-08,,,,,,,,,,,,570063_GI-DPP-2020-Cycle-ATC-Ph1_System_Impact_Study_Final_PUBLIC_07122021.zip__Final_System_Impact_Study_Report-DPP_2020_Cycle_Phase_1_070821_PUBIC.pdf.pdf,,low_extraction_confidence,,J1352,43,0.5,pdfplumber,,
,,2020 Cycle,ATC,Unknown,System Impact Study,2021-07-08,,,,,,,,,,,,570063_GI-DPP-2020-Cycle-ATC-Ph1_System_Impact_Study_Final_PUBLIC_07122021.zip__Final_System_Impact_Study_Report-DPP_2020_Cycle_Phase_1_070821_PUBIC.pdf.pdf,,low_extraction_confidence,,J1338,43,0.5,pdfplumber,,
,,2020 Cycle,ATC,Unknown,System Impact Study,2021-07-08,,,,,,,,,,,,570063_GI-DPP-2020-Cycle-ATC-Ph1_System_Impact_Study_Final_PUBLIC_07122021.zip__Final_System_Impact_Study_Report-DPP_2020_Cycle_Phase_1_070821_PUBIC.pdf.pdf,,low_extraction_confidence,,J1413,44,0.5,pdfplumber,,
,,2020 Cycle,ATC,Unknown,System Impact Study,2021-07-08,,,,,,,,,,,,570063_GI-DPP-2020-Cycle-ATC-Ph1_System_Impact_Study_Final_PUBLIC_07122021.zip__Final_System_Impact_Study_Report-DPP_2020_Cycle_Phase_1_070821_PUBIC.pdf.pdf,,low_extraction_confidence,,J1181,44,0.5,pdfplumber,,
,,2020 Cycle,ATC,Unknown,System Impact Study,2021-07-08,,,,,,,,,,,,570063_GI-DPP-2020-Cycle-ATC-Ph1_System_Impact_Study_Final_PUBLIC_07122021.zip__Final_System_Impact_Study_Report-DPP_2020_Cycle_Phase_1_070821_PUBIC.pdf.pdf,,low_extraction_confidence,,J1284,44,0.5,pdfplumber,,
,,2020 Cycle,Michigan,Unknown,System Impact Study,2021-12-13,,,,,,,,,,,,611448_GI-DPP-2020-ITC-Ph1_System_Impact_Study_Final_PUBLIC_12142021.zip__GI_DPP_2020_Cycle1_MI_SIS_Phase_1Report-Final_12132021.pdf.pdf,,low_extraction_confidence,,J1556,2,0.5,pdfplumber,,
,,2020 Cycle,Michigan,Unknown,System Impact Study,2021-12-13,,,,,,,,,,,,611448_GI-DPP-2020-ITC-Ph1_System_Impact_Study_Final_PUBLIC_12142021.zip__GI_DPP_2020_Cycle1_MI_SIS_Phase_1Report-Final_12132021.pdf.pdf,,low_extraction_confidence,,J1310,5,0.5,pdfplumber,,
,,2020 Cycle,Michigan,Unknown,System Impact Study,2021-12-13,,,,,,,,,,,,611448_GI-DPP-2020-ITC-Ph1_System_Impact_Study_Final_PUBLIC_12142021.zip__GI_DPP_2020_Cycle1_MI_SIS_Phase_1Report-Final_12132021.pdf.pdf,,low_extraction_confidence,,J1375,5,0.5,pdfplumber,,
,,2020 Cycle,Michigan,Unknown,System Impact Study,2021-12-13,,,,,,,,,,,,611448_GI-DPP-2020-ITC-Ph1_System_Impact_Study_Final_PUBLIC_12142021.zip__GI_DPP_2020_Cycle1_MI_SIS_Phase_1Report-Final_12132021.pdf.pdf,,low_extraction_confidence,,J1307,8,0.5,pdfplumber,,
,,2020 Cycle,Michigan,Unknown,System Impact Study,2021-12-13,,,,,,,,,,,,611448_GI-DPP-2020-ITC-Ph1_System_Impact_Study_Final_PUBLIC_12142021.zip__GI_DPP_2020_Cycle1_MI_SIS_Phase_1Report-Final_12132021.pdf.pdf,,low_extraction_confidence,,J1588,8,0.5,pdfplumber,,
,,2020 Cycle,Michigan,Unknown,System Impact Study,2021-12-13,,,,,,,,,,,,611448_GI-DPP-2020-ITC-Ph1_System_Impact_Study_Final_PUBLIC_12142021.zip__GI_DPP_2020_Cycle1_MI_SIS_Phase_1Report-Final_12132021.pdf.pdf,,low_extraction_confidence,,J1320,9,0.5,pdfplumber,,
,,2020 Cycle,Michigan,Unknown,System Impact Study,2021-12-13,,,,,,,,,,,,611448_GI-DPP-2020-ITC-Ph1_System_Impact_Study_Final_PUBLIC_12142021.zip__GI_DPP_2020_Cycle1_MI_SIS_Phase_1Report-Final_12132021.pdf.pdf,,low_extraction_confidence,,J158,10,0.5,pdfplumber,,
,,2020 Cycle,Michigan,Unknown,System Impact Study,2021-12-13,,,,,,,,,,,,611448_GI-DPP-2020-ITC-Ph1_System_Impact_Study_Final_PUBLIC_12142021.zip__GI_DPP_2020_Cycle1_MI_SIS_Phase_1Report-Final_12132021.pdf.pdf,,low_extraction_confidence,,J1292,10,0.5,pdfplumber,,
,,2020 Cycle,Michigan,Unknown,System Impact Study,2021-12-13,,,,,,,,,,,,611448_GI-DPP-2020-ITC-Ph1_System_Impact_Study_Final_PUBLIC_12142021.zip__GI_DPP_2020_Cycle1_MI_SIS_Phase_1Report-Final_12132021.pdf.pdf,,low_extraction_confidence,,J1430,11,0.5,pdfplumber,,
,,2020 Cycle,Michigan,Unknown,System Impact Study,2021-12-13,,,,,,,,,,,,611448_GI-DPP-2020-ITC-Ph1_System_Impact_Study_Final_PUBLIC_12142021.zip__GI_DPP_2020_Cycle1_MI_SIS_Phase_1Report-Final_12132021.pdf.pdf,,low_extraction_confidence,,J1248,11,0.5,pdfplumber,,
,,2020 Cycle,Michigan,Unknown,System Impact Study,2021-12-13,,,,,,,,,,,,611448_GI-DPP-2020-ITC-Ph1_System_Impact_Study_Final_PUBLIC_12142021.zip__GI_DPP_2020_Cycle1_MI_SIS_Phase_1Report-Final_12132021.pdf.pdf,,low_extraction_confidence,,J1401,11,0.5,pdfplumber,,
,,2020 Cycle,Michigan,Unknown,System Impact Study,2021-12-13,,,,,,,,,,,,611448_GI-DPP-2020-ITC-Ph1_System_Impact_Study_Final_PUBLIC_12142021.zip__GI_DPP_2020_Cycle1_MI_SIS_Phase_1Report-Final_12132021.pdf.pdf,,low_extraction_confidence,,J1297,11,0.5,pdfplumber,,
,,2020 Cycle,Michigan,Unknown,System Impact Study,2021-12-13,,,,,,,,,,,,611448_GI-DPP-2020-ITC-Ph1_System_Impact_Study_Final_PUBLIC_12142021.zip__GI_DPP_2020_Cycle1_MI_SIS_Phase_1Report-Final_12132021.pdf.pdf,,low_extraction_confidence,,J1192,13,0.5,pdfplumber,,
,,2020 Cycle,Michigan,Unknown,System Impact Study,2021-12-13,,,,,,,,,,,,611448_GI-DPP-2020-ITC-Ph1_System_Impact_Study_Final_PUBLIC_12142021.zip__GI_DPP_2020_Cycle1_MI_SIS_Phase_1Report-Final_12132021.pdf.pdf,,low_extraction_confidence,,J1194,13,0.5,pdfplumber,,
,,2020 Cycle,Michigan,Unknown,System Impact Study,2021-12-13,,,,,,,,,,,,611448_GI-DPP-2020-ITC-Ph1_System_Impact_Study_Final_PUBLIC_12142021.zip__GI_DPP_2020_Cycle1_MI_SIS_Phase_1Report-Final_12132021.pdf.pdf,,low_extraction_confidence,,J1196,13,0.5,pdfplumber,,
,,2020 Cycle,Michigan,Unknown,System Impact Study,2021-12-13,,,,,,,,,,,,611448_GI-DPP-2020-ITC-Ph1_System_Impact_Study_Final_PUBLIC_12142021.zip__GI_DPP_2020_Cycle1_MI_SIS_Phase_1Report-Final_12132021.pdf.pdf,,low_extraction_confidence,,J1203,13,0.5,pdfplumber,,
,,2020 Cycle,Michigan,Unknown,System Impact Study,2021-12-13,,,,,,,,,,,,611448_GI-DPP-2020-ITC-Ph1_System_Impact_Study_Final_PUBLIC_12142021.zip__GI_DPP_2020_Cycle1_MI_SIS_Phase_1Report-Final_12132021.pdf.pdf,,low_extraction_confidence,,J1206,13,0.5,pdfplumber,,
,,2020 Cycle,Michigan,Unknown,System Impact Study,2021-12-13,,,,,,,,,,,,611448_GI-DPP-2020-ITC-Ph1_System_Impact_Study_Final_PUBLIC_12142021.zip__GI_DPP_2020_Cycle1_MI_SIS_Phase_1Report-Final_12132021.pdf.pdf,,low_extraction_confidence,,J1207,13,0.5,pdfplumber,,
,,2020 Cycle,Michigan,Unknown,System Impact Study,2021-12-13,,,,,,,,,,,,611448_GI-DPP-2020-ITC-Ph1_System_Impact_Study_Final_PUBLIC_12142021.zip__GI_DPP_2020_Cycle1_MI_SIS_Phase_1Report-Final_12132021.pdf.pdf,,low_extraction_confidence,,J1210,13,0.5,pdfplumber,,
,,2020 Cycle,Michigan,Unknown,System Impact Study,2021-12-13,,,,,,,,,,,,611448_GI-DPP-2020-ITC-Ph1_System_Impact_Study_Final_PUBLIC_12142021.zip__GI_DPP_2020_Cycle1_MI_SIS_Phase_1Report-Final_12132021.pdf.pdf,,low_extraction_confidence,,J1211,13,0.5,pdfplumber,,
,,2020 Cycle,Michigan,Unknown,System Impact Study,2021-12-13,,,,,,,,,,,,611448_GI-DPP-2020-ITC-Ph1_System_Impact_Study_Final_PUBLIC_12142021.zip__GI_DPP_2020_Cycle1_MI_SIS_Phase_1Report-Final_12132021.pdf.pdf,,low_extraction_confidence,,J1224,13,0.5,pdfplumber,,
,,2020 Cycle,Michigan,Unknown,System Impact Study,2021-12-13,,,,,,,,,,,,611448_GI-DPP-2020-ITC-Ph1_System_Impact_Study_Final_PUBLIC_12142021.zip__GI_DPP_2020_Cycle1_MI_SIS_Phase_1Report-Final_12132021.pdf.pdf,,low_extraction_confidence,,J1226,13,0.5,pdfplumber,,
,,2020 Cycle,Michigan,Unknown,System Impact Study,2021-12-13,,,,,,,,,,,,611448_GI-DPP-2020-ITC-Ph1_System_Impact_Study_Final_PUBLIC_12142021.zip__GI_DPP_2020_Cycle1_MI_SIS_Phase_1Report-Final_12132021.pdf.pdf,,low_extraction_confidence,,J1255,13,0.5,pdfplumber,,
,,2020 Cycle,Michigan,Unknown,System Impact Study,2021-12-13,,,,,,,,,,,,611448_GI-DPP-2020-ITC-Ph1_System_Impact_Study_Final_PUBLIC_12142021.zip__GI_DPP_2020_Cycle1_MI_SIS_Phase_1Report-Final_12132021.pdf.pdf,,low_extraction_confidence,,J1262,13,0.5,pdfplumber,,
,,2020 Cycle,Michigan,Unknown,System Impact Study,2021-12-13,,,,,,,,,,,,611448_GI-DPP-2020-ITC-Ph1_System_Impact_Study_Final_PUBLIC_12142021.zip__GI_DPP_2020_Cycle1_MI_SIS_Phase_1Report-Final_12132021.pdf.pdf,,low_extraction_confidence,,J1319,13,0.5,pdfplumber,,
,,2020 Cycle,Michigan,Unknown,System Impact Study,2021-12-13,,,,,,,,,,,,611448_GI-DPP-2020-ITC-Ph1_System_Impact_Study_Final_PUBLIC_12142021.zip__GI_DPP_2020_Cycle1_MI_SIS_Phase_1Report-Final_12132021.pdf.pdf,,low_extraction_confidence,,J1322,13,0.5,pdfplumber,,
,,2020 Cycle,Michigan,Unknown,System Impact Study,2021-12-13,,,,,,,,,,,,611448_GI-DPP-2020-ITC-Ph1_System_Impact_Study_Final_PUBLIC_12142021.zip__GI_DPP_2020_Cycle1_MI_SIS_Phase_1Report-Final_12132021.pdf.pdf,,low_extraction_confidence,,J1327,13,0.5,pdfplumber,,
,,2020 Cycle,Michigan,Unknown,System Impact Study,2021-12-13,,,,,,,,,,,,611448_GI-DPP-2020-ITC-Ph1_System_Impact_Study_Final_PUBLIC_12142021.zip__GI_DPP_2020_Cycle1_MI_SIS_Phase_1Report-Final_12132021.pdf.pdf,,low_extraction_confidence,,J1329,13,0.5,pdfplumber,,
,,2020 Cycle,Michigan,Unknown,System Impact Study,2021-12-13,,,,,,,,,,,,611448_GI-DPP-2020-ITC-Ph1_System_Impact_Study_Final_PUBLIC_12142021.zip__GI_DPP_2020_Cycle1_MI_SIS_Phase_1Report-Final_12132021.pdf.pdf,,low_extraction_confidence,,J1331,13,0.5,pdfplumber,,
,,2020 Cycle,Michigan,Unknown,System Impact Study,2021-12-13,,,,,,,,,,,,611448_GI-DPP-2020-ITC-Ph1_System_Impact_Study_Final_PUBLIC_12142021.zip__GI_DPP_2020_Cycle1_MI_SIS_Phase_1Report-Final_12132021.pdf.pdf,,low_extraction_confidence,,J1350,13,0.5,pdfplumber,,
,,2020 Cycle,Michigan,Unknown,System Impact Study,2021-12-13,,,,,,,,,,,,611448_GI-DPP-2020-ITC-Ph1_System_Impact_Study_Final_PUBLIC_12142021.zip__GI_DPP_2020_Cycle1_MI_SIS_Phase_1Report-Final_12132021.pdf.pdf,,low_extraction_confidence,,J1370,13,0.5,pdfplumber,,
,,2020 Cycle,Michigan,Unknown,System Impact Study,2021-12-13,,,,,,,,,,,,611448_GI-DPP-2020-ITC-Ph1_System_Impact_Study_Final_PUBLIC_12142021.zip__GI_DPP_2020_Cycle1_MI_SIS_Phase_1Report-Final_12132021.pdf.pdf,,low_extraction_confidence,,J1379,13,0.5,pdfplumber,,
,,2020 Cycle,Michigan,Unknown,System Impact Study,2021-12-13,,,,,,,,,,,,611448_GI-DPP-2020-ITC-Ph1_System_Impact_Study_Final_PUBLIC_12142021.zip__GI_DPP_2020_Cycle1_MI_SIS_Phase_1Report-Final_12132021.pdf.pdf,,low_extraction_confidence,,J1389,13,0.5,pdfplumber,,
,,2020 Cycle,Michigan,Unknown,System Impact Study,2021-12-13,,,,,,,,,,,,611448_GI-DPP-2020-ITC-Ph1_System_Impact_Study_Final_PUBLIC_12142021.zip__GI_DPP_2020_Cycle1_MI_SIS_Phase_1Report-Final_12132021.pdf.pdf,,low_extraction_confidence,,J1394,13,0.5,pdfplumber,,
,,2020 Cycle,Michigan,Unknown,System Impact Study,2021-12-13,,,,,,,,,,,,611448_GI-DPP-2020-ITC-Ph1_System_Impact_Study_Final_PUBLIC_12142021.zip__GI_DPP_2020_Cycle1_MI_SIS_Phase_1Report-Final_12132021.pdf.pdf,,low_extraction_confidence,,J1399,13,0.5,pdfplumber,,
,,2020 Cycle,Michigan,Unknown,System Impact Study,2021-12-13,,,,,,,,,,,,611448_GI-DPP-2020-ITC-Ph1_System_Impact_Study_Final_PUBLIC_12142021.zip__GI_DPP_2020_Cycle1_MI_SIS_Phase_1Report-Final_12132021.pdf.pdf,,low_extraction_confidence,,J1403,13,0.5,pdfplumber,,
,,2020 Cycle,Michigan,Unknown,System Impact Study,2021-12-13,,,,,,,,,,,,611448_GI-DPP-2020-ITC-Ph1_System_Impact_Study_Final_PUBLIC_12142021.zip__GI_DPP_2020_Cycle1_MI_SIS_Phase_1Report-Final_12132021.pdf.pdf,,low_extraction_confidence,,J1449,13,0.5,pdfplumber,,
,,2020 Cycle,Michigan,Unknown,System Impact Study,2021-12-13,,,,,,,,,,,,611448_GI-DPP-2020-ITC-Ph1_System_Impact_Study_Final_PUBLIC_12142021.zip__GI_DPP_2020_Cycle1_MI_SIS_Phase_1Report-Final_12132021.pdf.pdf,,low_extraction_confidence,,J1472,13,0.5,pdfplumber,,
,,2020 Cycle,Michigan,Unknown,System Impact Study,2021-12-13,,,,,,,,,,,,611448_GI-DPP-2020-ITC-Ph1_System_Impact_Study_Final_PUBLIC_12142021.zip__GI_DPP_2020_Cycle1_MI_SIS_Phase_1Report-Final_12132021.pdf.pdf,,low_extraction_confidence,,J165,17,0.5,pdfplumber,,
,,2020 Cycle,Michigan,Unknown,System Impact Study,2021-12-13,,,,,,,,,,,,611448_GI-DPP-2020-ITC-Ph1_System_Impact_Study_Final_PUBLIC_12142021.zip__GI_DPP_2020_Cycle1_MI_SIS_Phase_1Report-Final_12132021.pdf.pdf,,low_extraction_confidence,,J152,22,0.5,pdfplumber,,
,,2020 Cycle,Michigan,Unknown,System Impact Study,2021-12-13,,,,,,,,,,,,611448_GI-DPP-2020-ITC-Ph1_System_Impact_Study_Final_PUBLIC_12142021.zip__GI_DPP_2020_Cycle1_MI_SIS_Phase_1Report-Final_12132021.pdf.pdf,,low_extraction_confidence,,J163,22,0.5,pdfplumber,,
,,2020 Cycle,Michigan,Unknown,System Impact Study,2021-12-13,,,,,,,,,,,,611448_GI-DPP-2020-ITC-Ph1_System_Impact_Study_Final_PUBLIC_12142021.zip__GI_DPP_2020_Cycle1_MI_SIS_Phase_1Report-Final_12132021.pdf.pdf,,low_extraction_confidence,,J160,22,0.5,pdfplumber,,
,,2020 Cycle,Michigan,Unknown,System Impact Study,2021-12-13,,,,,,,,,,,,611448_GI-DPP-2020-ITC-Ph1_System_Impact_Study_Final_PUBLIC_12142021.zip__GI_DPP_2020_Cycle1_MI_SIS_Phase_1Report-Final_12132021.pdf.pdf,,low_extraction_confidence,,J166,32,0.5,pdfplumber,,
,,2019 Cycle 1,West,Phase2,DPP Phase 2 System Impact Study,2022-01-31,,,,,,,,,,,,622660_GI-DPP-2019-West-Phase2_System_Impact_Report_PUBLIC_013122.pdf.pdf,,low_extraction_confidence,,J1131,16,0.5,pdfplumber,,
,,2019 Cycle 1,West,Phase2,DPP Phase 2 System Impact Study,2022-01-31,,,,,,,,,,,,622660_GI-DPP-2019-West-Phase2_System_Impact_Report_PUBLIC_013122.pdf.pdf,,low_extraction_confidence,,J1135,16,0.5,pdfplumber,,
,,2019 Cycle 1,West,Phase2,DPP Phase 2 System Impact Study,2022-01-31,,,,,,,,,,,,622660_GI-DPP-2019-West-Phase2_System_Impact_Report_PUBLIC_013122.pdf.pdf,,low_extraction_confidence,,J493,16,0.5,pdfplumber,,
,,2019 Cycle 1,West,Phase2,DPP Phase 2 System Impact Study,2022-01-31,,,,,,,,,,,,622660_GI-DPP-2019-West-Phase2_System_Impact_Report_PUBLIC_013122.pdf.pdf,,low_extraction_confidence,,J510,16,0.5,pdfplumber,,
,,2019 Cycle 1,West,Phase2,DPP Phase 2 System Impact Study,2022-01-31,,,,,,,,,,,,622660_GI-DPP-2019-West-Phase2_System_Impact_Report_PUBLIC_013122.pdf.pdf,,low_extraction_confidence,,J732,46,0.5,pdfplumber,,
,,2019 Cycle 1,West,Phase2,DPP Phase 2 System Impact Study,2022-01-31,,,,,,,,,,,,622660_GI-DPP-2019-West-Phase2_System_Impact_Report_PUBLIC_013122.pdf.pdf,,low_extraction_confidence,,J1145,57,0.5,pdfplumber,,
,,2019 Cycle 1,West,Phase2,DPP Phase 2 System Impact Study,2022-01-31,,,,,,,,,,,,622660_GI-DPP-2019-West-Phase2_System_Impact_Report_PUBLIC_013122.pdf.pdf,,low_extraction_confidence,,J850,78,0.5,pdfplumber,,
,,2019 Cycle 1,West,Phase2,DPP Phase 2 System Impact Study,2022-01-31,,,,,,,,,,,,622660_GI-DPP-2019-West-Phase2_System_Impact_Report_PUBLIC_013122.pdf.pdf,,low_extraction_confidence,,J870,78,0.5,pdfplumber,,
,,2019 Cycle 1,West,Phase2,DPP Phase 2 System Impact Study,2022-01-31,,,,,,,,,,,,622660_GI-DPP-2019-West-Phase2_System_Impact_Report_PUBLIC_013122.pdf.pdf,,low_extraction_confidence,,J1214,78,0.5,pdfplumber,,
,,2019 Cycle 1,West,Phase2,DPP Phase 2 System Impact Study,2022-01-31,,,,,,,,,,,,622660_GI-DPP-2019-West-Phase2_System_Impact_Report_PUBLIC_013122.pdf.pdf,,low_extraction_confidence,,J1377,78,0.5,pdfplumber,,
,,2020 Cycle,South,Phase1,DPP Phase 1 System Impact Study,2021-09-28,,,,,,,,,,,,593369_GI-DPP-2020-South-Ph1_System_Impact_Study_Final_PUBLIC_09282021.zip__GI_DPP_2020_Cycle_1_South_SIS_Phase_I_Report.pdf.pdf,,low_extraction_confidence,,J1505,4,0.5,pdfplumber,,
,,2020 Cycle,South,Phase1,DPP Phase 1 System Impact Study,2021-09-28,,,,,,,,,,,,593369_GI-DPP-2020-South-Ph1_System_Impact_Study_Final_PUBLIC_09282021.zip__GI_DPP_2020_Cycle_1_South_SIS_Phase_I_Report.pdf.pdf,,low_extraction_confidence,,J1506,4,0.5,pdfplumber,,
,,2020 Cycle,South,Phase1,DPP Phase 1 System Impact Study,2021-09-28,,,,,,,,,,,,593369_GI-DPP-2020-South-Ph1_System_Impact_Study_Final_PUBLIC_09282021.zip__GI_DPP_2020_Cycle_1_South_SIS_Phase_I_Report.pdf.pdf,,low_extraction_confidence,,J1507,4,0.5,pdfplumber,,
,,2020 Cycle,South,Phase1,DPP Phase 1 System Impact Study,2021-09-28,,,,,,,,,,,,593369_GI-DPP-2020-South-Ph1_System_Impact_Study_Final_PUBLIC_09282021.zip__GI_DPP_2020_Cycle_1_South_SIS_Phase_I_Report.pdf.pdf,,low_extraction_confidence,,J1538,4,0.5,pdfplumber,,
,,2020 Cycle,South,Phase1,DPP Phase 1 System Impact Study,2021-09-28,,,,,,,,,,,,593369_GI-DPP-2020-South-Ph1_System_Impact_Study_Final_PUBLIC_09282021.zip__GI_DPP_2020_Cycle_1_South_SIS_Phase_I_Report.pdf.pdf,,low_extraction_confidence,,J1541,4,0.5,pdfplumber,,
,,2020 Cycle,South,Phase1,DPP Phase 1 System Impact Study,2021-09-28,,,,,,,,,,,,593369_GI-DPP-2020-South-Ph1_System_Impact_Study_Final_PUBLIC_09282021.zip__GI_DPP_2020_Cycle_1_South_SIS_Phase_I_Report.pdf.pdf,,low_extraction_confidence,,J1545,4,0.5,pdfplumber,,
,,2020 Cycle,South,Phase1,DPP Phase 1 System Impact Study,2021-09-28,,,,,,,,,,,,593369_GI-DPP-2020-South-Ph1_System_Impact_Study_Final_PUBLIC_09282021.zip__GI_DPP_2020_Cycle_1_South_SIS_Phase_I_Report.pdf.pdf,,low_extraction_confidence,,J1551,4,0.5,pdfplumber,,
,,2020 Cycle,South,Phase1,DPP Phase 1 System Impact Study,2021-09-28,,,,,,,,,,,,593369_GI-DPP-2020-South-Ph1_System_Impact_Study_Final_PUBLIC_09282021.zip__GI_DPP_2020_Cycle_1_South_SIS_Phase_I_Report.pdf.pdf,,low_extraction_confidence,,J1574,4,0.5,pdfplumber,,
,,2020 Cycle,South,Phase1,DPP Phase 1 System Impact Study,2021-09-28,,,,,,,,,,,,593369_GI-DPP-2020-South-Ph1_System_Impact_Study_Final_PUBLIC_09282021.zip__GI_DPP_2020_Cycle_1_South_SIS_Phase_I_Report.pdf.pdf,,low_extraction_confidence,,J1584,4,0.5,pdfplumber,,
,,2020 Cycle,South,Phase1,DPP Phase 1 System Impact Study,2021-09-28,,,,,,,,,,,,593369_GI-DPP-2020-South-Ph1_System_Impact_Study_Final_PUBLIC_09282021.zip__GI_DPP_2020_Cycle_1_South_SIS_Phase_I_Report.pdf.pdf,,low_extraction_confidence,,J1595,4,0.5,pdfplumber,,
,,2020 Cycle,South,Phase1,DPP Phase 1 System Impact Study,2021-09-28,,,,,,,,,,,,593369_GI-DPP-2020-South-Ph1_System_Impact_Study_Final_PUBLIC_09282021.zip__GI_DPP_2020_Cycle_1_South_SIS_Phase_I_Report.pdf.pdf,,low_extraction_confidence,,J1640,4,0.5,pdfplumber,,
,,2020 Cycle,South,Phase1,DPP Phase 1 System Impact Study,2021-09-28,,,,,,,,,,,,593369_GI-DPP-2020-South-Ph1_System_Impact_Study_Final_PUBLIC_09282021.zip__GI_DPP_2020_Cycle_1_South_SIS_Phase_I_Report.pdf.pdf,,low_extraction_confidence,,J1648,4,0.5,pdfplumber,,
,,2020 Cycle,South,Phase1,DPP Phase 1 System Impact Study,2021-09-28,,,,,,,,,,,,593369_GI-DPP-2020-South-Ph1_System_Impact_Study_Final_PUBLIC_09282021.zip__GI_DPP_2020_Cycle_1_South_SIS_Phase_I_Report.pdf.pdf,,low_extraction_confidence,,J1674,4,0.5,pdfplumber,,
,,2020 Cycle,South,Phase1,DPP Phase 1 System Impact Study,2021-09-28,,,,,,,,,,,,593369_GI-DPP-2020-South-Ph1_System_Impact_Study_Final_PUBLIC_09282021.zip__GI_DPP_2020_Cycle_1_South_SIS_Phase_I_Report.pdf.pdf,,low_extraction_confidence,,J1685,4,0.5,pdfplumber,,
,,2020 Cycle,South,Phase1,DPP Phase 1 System Impact Study,2021-09-28,,,,,,,,,,,,593369_GI-DPP-2020-South-Ph1_System_Impact_Study_Final_PUBLIC_09282021.zip__GI_DPP_2020_Cycle_1_South_SIS_Phase_I_Report.pdf.pdf,,low_extraction_confidence,,J1698,4,0.5,pdfplumber,,
,,2020 Cycle,South,Phase1,DPP Phase 1 System Impact Study,2021-09-28,,,,,,,,,,,,593369_GI-DPP-2020-South-Ph1_System_Impact_Study_Final_PUBLIC_09282021.zip__GI_DPP_2020_Cycle_1_South_SIS_Phase_I_Report.pdf.pdf,,low_extraction_confidence,,J1787,4,0.5,pdfplumber,,
,,2020 Cycle,South,Phase1,DPP Phase 1 System Impact Study,2021-09-28,,,,,,,,,,,,593369_GI-DPP-2020-South-Ph1_System_Impact_Study_Final_PUBLIC_09282021.zip__GI_DPP_2020_Cycle_1_South_SIS_Phase_I_Report.pdf.pdf,,low_extraction_confidence,,J1788,4,0.5,pdfplumber,,
,,2020 Cycle,South,Phase1,DPP Phase 1 System Impact Study,2021-09-28,,,,,,,,,,,,593369_GI-DPP-2020-South-Ph1_System_Impact_Study_Final_PUBLIC_09282021.zip__GI_DPP_2020_Cycle_1_South_SIS_Phase_I_Report.pdf.pdf,,low_extraction_confidence,,J683,4,0.5,pdfplumber,,
,,2020 Cycle,South,Phase1,DPP Phase 1 System Impact Study,2021-09-28,,,,,,,,,,,,593369_GI-DPP-2020-South-Ph1_System_Impact_Study_Final_PUBLIC_09282021.zip__GI_DPP_2020_Cycle_1_South_SIS_Phase_I_Report.pdf.pdf,,low_extraction_confidence,,J1239,5,0.5,pdfplumber,,
,,2020 Cycle,South,Phase1,DPP Phase 1 System Impact Study,2021-09-28,,,,,,,,,,,,593369_GI-DPP-2020-South-Ph1_System_Impact_Study_Final_PUBLIC_09282021.zip__GI_DPP_2020_Cycle_1_South_SIS_Phase_I_Report.pdf.pdf,,low_extraction_confidence,,J586,5,0.5,pdfplumber,,
,,2020 Cycle,South,Phase1,DPP Phase 1 System Impact Study,2021-09-28,,,,,,,,,,,,593369_GI-DPP-2020-South-Ph1_System_Impact_Study_Final_PUBLIC_09282021.zip__GI_DPP_2020_Cycle_1_South_SIS_Phase_I_Report.pdf.pdf,,low_extraction_confidence,,J1125,5,0.5,pdfplumber,,
,,2020 Cycle,South,Phase1,DPP Phase 1 System Impact Study,2021-09-28,,,,,,,,,,,,593369_GI-DPP-2020-South-Ph1_System_Impact_Study_Final_PUBLIC_09282021.zip__GI_DPP_2020_Cycle_1_South_SIS_Phase_I_Report.pdf.pdf,,low_extraction_confidence,,J830,5,0.5,pdfplumber,,
,,2020 Cycle,South,Phase1,DPP Phase 1 System Impact Study,2021-09-28,,,,,,,,,,,,593369_GI-DPP-2020-South-Ph1_System_Impact_Study_Final_PUBLIC_09282021.zip__GI_DPP_2020_Cycle_1_South_SIS_Phase_I_Report.pdf.pdf,,low_extraction_confidence,,J1440,11,0.5,pdfplumber,,
,,2020 Cycle,South,Phase1,DPP Phase 1 System Impact Study,2021-09-28,,,,,,,,,,,,593369_GI-DPP-2020-South-Ph1_System_Impact_Study_Final_PUBLIC_09282021.zip__GI_DPP_2020_Cycle_1_South_SIS_Phase_I_Report.pdf.pdf,,low_extraction_confidence,,J1368,13,0.5,pdfplumber,,
,,2020 Cycle,South,Phase1,DPP Phase 1 System Impact Study,2021-09-28,,,,,,,,,,,,593369_GI-DPP-2020-South-Ph1_System_Impact_Study_Final_PUBLIC_09282021.zip__GI_DPP_2020_Cycle_1_South_SIS_Phase_I_Report.pdf.pdf,,low_extraction_confidence,,J1491,14,0.5,pdfplumber,,
,,2020 Cycle,South,Phase1,DPP Phase 1 System Impact Study,2021-09-28,,,,,,,,,,,,593369_GI-DPP-2020-South-Ph1_System_Impact_Study_Final_PUBLIC_09282021.zip__GI_DPP_2020_Cycle_1_South_SIS_Phase_I_Report.pdf.pdf,,low_extraction_confidence,,J1492,14,0.5,pdfplumber,,
,,2020 Cycle,South,Phase1,DPP Phase 1 System Impact Study,2021-09-28,,,,,,,,,,,,593369_GI-DPP-2020-South-Ph1_System_Impact_Study_Final_PUBLIC_09282021.zip__GI_DPP_2020_Cycle_1_South_SIS_Phase_I_Report.pdf.pdf,,low_extraction_confidence,,J1497,14,0.5,pdfplumber,,
,,2020 Cycle,South,Phase1,DPP Phase 1 System Impact Study,2021-09-28,,,,,,,,,,,,593369_GI-DPP-2020-South-Ph1_System_Impact_Study_Final_PUBLIC_09282021.zip__GI_DPP_2020_Cycle_1_South_SIS_Phase_I_Report.pdf.pdf,,low_extraction_confidence,,J1515,14,0.5,pdfplumber,,
,,2020 Cycle,South,Phase1,DPP Phase 1 System Impact Study,2021-09-28,,,,,,,,,,,,593369_GI-DPP-2020-South-Ph1_System_Impact_Study_Final_PUBLIC_09282021.zip__GI_DPP_2020_Cycle_1_South_SIS_Phase_I_Report.pdf.pdf,,low_extraction_confidence,,J1516,14,0.5,pdfplumber,,
,,2020 Cycle,South,Phase1,DPP Phase 1 System Impact Study,2021-09-28,,,,,,,,,,,,593369_GI-DPP-2020-South-Ph1_System_Impact_Study_Final_PUBLIC_09282021.zip__GI_DPP_2020_Cycle_1_South_SIS_Phase_I_Report.pdf.pdf,,low_extraction_confidence,,J1517,14,0.5,pdfplumber,,
,,2020 Cycle,South,Phase1,DPP Phase 1 System Impact Study,2021-09-28,,,,,,,,,,,,593369_GI-DPP-2020-South-Ph1_System_Impact_Study_Final_PUBLIC_09282021.zip__GI_DPP_2020_Cycle_1_South_SIS_Phase_I_Report.pdf.pdf,,low_extraction_confidence,,J1518,14,0.5,pdfplumber,,
,,2020 Cycle,South,Phase1,DPP Phase 1 System Impact Study,2021-09-28,,,,,,,,,,,,593369_GI-DPP-2020-South-Ph1_System_Impact_Study_Final_PUBLIC_09282021.zip__GI_DPP_2020_Cycle_1_South_SIS_Phase_I_Report.pdf.pdf,,low_extraction_confidence,,J1525,14,0.5,pdfplumber,,
,,2020 Cycle,South,Phase1,DPP Phase 1 System Impact Study,2021-09-28,,,,,,,,,,,,593369_GI-DPP-2020-South-Ph1_System_Impact_Study_Final_PUBLIC_09282021.zip__GI_DPP_2020_Cycle_1_South_SIS_Phase_I_Report.pdf.pdf,,low_extraction_confidence,,J1526,14,0.5,pdfplumber,,
,,2020 Cycle,South,Phase1,DPP Phase 1 System Impact Study,2021-09-28,,,,,,,,,,,,593369_GI-DPP-2020-South-Ph1_System_Impact_Study_Final_PUBLIC_09282021.zip__GI_DPP_2020_Cycle_1_South_SIS_Phase_I_Report.pdf.pdf,,low_extraction_confidence,,J1527,14,0.5,pdfplumber,,
,,2020 Cycle,South,Phase1,DPP Phase 1 System Impact Study,2021-09-28,,,,,,,,,,,,593369_GI-DPP-2020-South-Ph1_System_Impact_Study_Final_PUBLIC_09282021.zip__GI_DPP_2020_Cycle_1_South_SIS_Phase_I_Report.pdf.pdf,,low_extraction_confidence,,J1535,14,0.5,pdfplumber,,
,,2020 Cycle,South,Phase1,DPP Phase 1 System Impact Study,2021-09-28,,,,,,,,,,,,593369_GI-DPP-2020-South-Ph1_System_Impact_Study_Final_PUBLIC_09282021.zip__GI_DPP_2020_Cycle_1_South_SIS_Phase_I_Report.pdf.pdf,,low_extraction_confidence,,J1537,14,0.5,pdfplumber,,
,,2020 Cycle,South,Phase1,DPP Phase 1 System Impact Study,2021-09-28,,,,,,,,,,,,593369_GI-DPP-2020-South-Ph1_System_Impact_Study_Final_PUBLIC_09282021.zip__GI_DPP_2020_Cycle_1_South_SIS_Phase_I_Report.pdf.pdf,,low_extraction_confidence,,J1550,14,0.5,pdfplumber,,
,,2020 Cycle,South,Phase1,DPP Phase 1 System Impact Study,2021-09-28,,,,,,,,,,,,593369_GI-DPP-2020-South-Ph1_System_Impact_Study_Final_PUBLIC_09282021.zip__GI_DPP_2020_Cycle_1_South_SIS_Phase_I_Report.pdf.pdf,,low_extraction_confidence,,J1552,14,0.5,pdfplumber,,
,,2020 Cycle,South,Phase1,DPP Phase 1 System Impact Study,2021-09-28,,,,,,,,,,,,593369_GI-DPP-2020-South-Ph1_System_Impact_Study_Final_PUBLIC_09282021.zip__GI_DPP_2020_Cycle_1_South_SIS_Phase_I_Report.pdf.pdf,,low_extraction_confidence,,J1553,14,0.5,pdfplumber,,
,,2020 Cycle,South,Phase1,DPP Phase 1 System Impact Study,2021-09-28,,,,,,,,,,,,593369_GI-DPP-2020-South-Ph1_System_Impact_Study_Final_PUBLIC_09282021.zip__GI_DPP_2020_Cycle_1_South_SIS_Phase_I_Report.pdf.pdf,,low_extraction_confidence,,J1557,14,0.5,pdfplumber,,
,,2020 Cycle,South,Phase1,DPP Phase 1 System Impact Study,2021-09-28,,,,,,,,,,,,593369_GI-DPP-2020-South-Ph1_System_Impact_Study_Final_PUBLIC_09282021.zip__GI_DPP_2020_Cycle_1_South_SIS_Phase_I_Report.pdf.pdf,,low_extraction_confidence,,J1563,14,0.5,pdfplumber,,
,,2020 Cycle,South,Phase1,DPP Phase 1 System Impact Study,2021-09-28,,,,,,,,,,,,593369_GI-DPP-2020-South-Ph1_System_Impact_Study_Final_PUBLIC_09282021.zip__GI_DPP_2020_Cycle_1_South_SIS_Phase_I_Report.pdf.pdf,,low_extraction_confidence,,J1565,14,0.5,pdfplumber,,
,,2020 Cycle,South,Phase1,DPP Phase 1 System Impact Study,2021-09-28,,,,,,,,,,,,593369_GI-DPP-2020-South-Ph1_System_Impact_Study_Final_PUBLIC_09282021.zip__GI_DPP_2020_Cycle_1_South_SIS_Phase_I_Report.pdf.pdf,,low_extraction_confidence,,J1571,14,0.5,pdfplumber,,
,,2020 Cycle,South,Phase1,DPP Phase 1 System Impact Study,2021-09-28,,,,,,,,,,,,593369_GI-DPP-2020-South-Ph1_System_Impact_Study_Final_PUBLIC_09282021.zip__GI_DPP_2020_Cycle_1_South_SIS_Phase_I_Report.pdf.pdf,,low_extraction_confidence,,J1578,14,0.5,pdfplumber,,
,,2020 Cycle,South,Phase1,DPP Phase 1 System Impact Study,2021-09-28,,,,,,,,,,,,593369_GI-DPP-2020-South-Ph1_System_Impact_Study_Final_PUBLIC_09282021.zip__GI_DPP_2020_Cycle_1_South_SIS_Phase_I_Report.pdf.pdf,,low_extraction_confidence,,J1579,14,0.5,pdfplumber,,
,,2020 Cycle,South,Phase1,DPP Phase 1 System Impact Study,2021-09-28,,,,,,,,,,,,593369_GI-DPP-2020-South-Ph1_System_Impact_Study_Final_PUBLIC_09282021.zip__GI_DPP_2020_Cycle_1_South_SIS_Phase_I_Report.pdf.pdf,,low_extraction_confidence,,J1586,14,0.5,pdfplumber,,
,,2020 Cycle,South,Phase1,DPP Phase 1 System Impact Study,2021-09-28,,,,,,,,,,,,593369_GI-DPP-2020-South-Ph1_System_Impact_Study_Final_PUBLIC_09282021.zip__GI_DPP_2020_Cycle_1_South_SIS_Phase_I_Report.pdf.pdf,,low_extraction_confidence,,J1587,14,0.5,pdfplumber,,
,,2020 Cycle,South,Phase1,DPP Phase 1 System Impact Study,2021-09-28,,,,,,,,,,,,593369_GI-DPP-2020-South-Ph1_System_Impact_Study_Final_PUBLIC_09282021.zip__GI_DPP_2020_Cycle_1_South_SIS_Phase_I_Report.pdf.pdf,,low_extraction_confidence,,J1589,14,0.5,pdfplumber,,
,,2020 Cycle,South,Phase1,DPP Phase 1 System Impact Study,2021-09-28,,,,,,,,,,,,593369_GI-DPP-2020-South-Ph1_System_Impact_Study_Final_PUBLIC_09282021.zip__GI_DPP_2020_Cycle_1_South_SIS_Phase_I_Report.pdf.pdf,,low_extraction_confidence,,J1591,14,0.5,pdfplumber,,
,,2020 Cycle,South,Phase1,DPP Phase 1 System Impact Study,2021-09-28,,,,,,,,,,,,593369_GI-DPP-2020-South-Ph1_System_Impact_Study_Final_PUBLIC_09282021.zip__GI_DPP_2020_Cycle_1_South_SIS_Phase_I_Report.pdf.pdf,,low_extraction_confidence,,J1593,14,0.5,pdfplumber,,
,,2020 Cycle,South,Phase1,DPP Phase 1 System Impact Study,2021-09-28,,,,,,,,,,,,593369_GI-DPP-2020-South-Ph1_System_Impact_Study_Final_PUBLIC_09282021.zip__GI_DPP_2020_Cycle_1_South_SIS_Phase_I_Report.pdf.pdf,,low_extraction_confidence,,J1600,14,0.5,pdfplumber,,
,,2020 Cycle,South,Phase1,DPP Phase 1 System Impact Study,2021-09-28,,,,,,,,,,,,593369_GI-DPP-2020-South-Ph1_System_Impact_Study_Final_PUBLIC_09282021.zip__GI_DPP_2020_Cycle_1_South_SIS_Phase_I_Report.pdf.pdf,,low_extraction_confidence,,J1601,14,0.5,pdfplumber,,
,,2020 Cycle,South,Phase1,DPP Phase 1 System Impact Study,2021-09-28,,,,,,,,,,,,593369_GI-DPP-2020-South-Ph1_System_Impact_Study_Final_PUBLIC_09282021.zip__GI_DPP_2020_Cycle_1_South_SIS_Phase_I_Report.pdf.pdf,,low_extraction_confidence,,J1603,14,0.5,pdfplumber,,
,,2020 Cycle,South,Phase1,DPP Phase 1 System Impact Study,2021-09-28,,,,,,,,,,,,593369_GI-DPP-2020-South-Ph1_System_Impact_Study_Final_PUBLIC_09282021.zip__GI_DPP_2020_Cycle_1_South_SIS_Phase_I_Report.pdf.pdf,,low_extraction_confidence,,J1604,14,0.5,pdfplumber,,
,,2020 Cycle,South,Phase1,DPP Phase 1 System Impact Study,2021-09-28,,,,,,,,,,,,593369_GI-DPP-2020-South-Ph1_System_Impact_Study_Final_PUBLIC_09282021.zip__GI_DPP_2020_Cycle_1_South_SIS_Phase_I_Report.pdf.pdf,,low_extraction_confidence,,J1609,14,0.5,pdfplumber,,
,,2020 Cycle,South,Phase1,DPP Phase 1 System Impact Study,2021-09-28,,,,,,,,,,,,593369_GI-DPP-2020-South-Ph1_System_Impact_Study_Final_PUBLIC_09282021.zip__GI_DPP_2020_Cycle_1_South_SIS_Phase_I_Report.pdf.pdf,,low_extraction_confidence,,J1610,14,0.5,pdfplumber,,
,,2020 Cycle,South,Phase1,DPP Phase 1 System Impact Study,2021-09-28,,,,,,,,,,,,593369_GI-DPP-2020-South-Ph1_System_Impact_Study_Final_PUBLIC_09282021.zip__GI_DPP_2020_Cycle_1_South_SIS_Phase_I_Report.pdf.pdf,,low_extraction_confidence,,J1614,14,0.5,pdfplumber,,
,,2020 Cycle,South,Phase1,DPP Phase 1 System Impact Study,2021-09-28,,,,,,,,,,,,593369_GI-DPP-2020-South-Ph1_System_Impact_Study_Final_PUBLIC_09282021.zip__GI_DPP_2020_Cycle_1_South_SIS_Phase_I_Report.pdf.pdf,,low_extraction_confidence,,J1616,14,0.5,pdfplumber,,
,,2020 Cycle,South,Phase1,DPP Phase 1 System Impact Study,2021-09-28,,,,,,,,,,,,593369_GI-DPP-2020-South-Ph1_System_Impact_Study_Final_PUBLIC_09282021.zip__GI_DPP_2020_Cycle_1_South_SIS_Phase_I_Report.pdf.pdf,,low_extraction_confidence,,J1619,14,0.5,pdfplumber,,
,,2020 Cycle,South,Phase1,DPP Phase 1 System Impact Study,2021-09-28,,,,,,,,,,,,593369_GI-DPP-2020-South-Ph1_System_Impact_Study_Final_PUBLIC_09282021.zip__GI_DPP_2020_Cycle_1_South_SIS_Phase_I_Report.pdf.pdf,,low_extraction_confidence,,J1624,14,0.5,pdfplumber,,
,,2020 Cycle,South,Phase1,DPP Phase 1 System Impact Study,2021-09-28,,,,,,,,,,,,593369_GI-DPP-2020-South-Ph1_System_Impact_Study_Final_PUBLIC_09282021.zip__GI_DPP_2020_Cycle_1_South_SIS_Phase_I_Report.pdf.pdf,,low_extraction_confidence,,J1625,14,0.5,pdfplumber,,
,,2020 Cycle,South,Phase1,DPP Phase 1 System Impact Study,2021-09-28,,,,,,,,,,,,593369_GI-DPP-2020-South-Ph1_System_Impact_Study_Final_PUBLIC_09282021.zip__GI_DPP_2020_Cycle_1_South_SIS_Phase_I_Report.pdf.pdf,,low_extraction_confidence,,J1626,14,0.5,pdfplumber,,
,,2020 Cycle,South,Phase1,DPP Phase 1 System Impact Study,2021-09-28,,,,,,,,,,,,593369_GI-DPP-2020-South-Ph1_System_Impact_Study_Final_PUBLIC_09282021.zip__GI_DPP_2020_Cycle_1_South_SIS_Phase_I_Report.pdf.pdf,,low_extraction_confidence,,J1629,14,0.5,pdfplumber,,
,,2020 Cycle,South,Phase1,DPP Phase 1 System Impact Study,2021-09-28,,,,,,,,,,,,593369_GI-DPP-2020-South-Ph1_System_Impact_Study_Final_PUBLIC_09282021.zip__GI_DPP_2020_Cycle_1_South_SIS_Phase_I_Report.pdf.pdf,,low_extraction_confidence,,J1632,14,0.5,pdfplumber,,
,,2020 Cycle,South,Phase1,DPP Phase 1 System Impact Study,2021-09-28,,,,,,,,,,,,593369_GI-DPP-2020-South-Ph1_System_Impact_Study_Final_PUBLIC_09282021.zip__GI_DPP_2020_Cycle_1_South_SIS_Phase_I_Report.pdf.pdf,,low_extraction_confidence,,J1635,14,0.5,pdfplumber,,
,,2020 Cycle,South,Phase1,DPP Phase 1 System Impact Study,2021-09-28,,,,,,,,,,,,593369_GI-DPP-2020-South-Ph1_System_Impact_Study_Final_PUBLIC_09282021.zip__GI_DPP_2020_Cycle_1_South_SIS_Phase_I_Report.pdf.pdf,,low_extraction_confidence,,J1637,14,0.5,pdfplumber,,
,,2020 Cycle,South,Phase1,DPP Phase 1 System Impact Study,2021-09-28,,,,,,,,,,,,593369_GI-DPP-2020-South-Ph1_System_Impact_Study_Final_PUBLIC_09282021.zip__GI_DPP_2020_Cycle_1_South_SIS_Phase_I_Report.pdf.pdf,,low_extraction_confidence,,J1638,14,0.5,pdfplumber,,
,,2020 Cycle,South,Phase1,DPP Phase 1 System Impact Study,2021-09-28,,,,,,,,,,,,593369_GI-DPP-2020-South-Ph1_System_Impact_Study_Final_PUBLIC_09282021.zip__GI_DPP_2020_Cycle_1_South_SIS_Phase_I_Report.pdf.pdf,,low_extraction_confidence,,J1639,14,0.5,pdfplumber,,
,,2020 Cycle,South,Phase1,DPP Phase 1 System Impact Study,2021-09-28,,,,,,,,,,,,593369_GI-DPP-2020-South-Ph1_System_Impact_Study_Final_PUBLIC_09282021.zip__GI_DPP_2020_Cycle_1_South_SIS_Phase_I_Report.pdf.pdf,,low_extraction_confidence,,J1641,14,0.5,pdfplumber,,
,,2020 Cycle,South,Phase1,DPP Phase 1 System Impact Study,2021-09-28,,,,,,,,,,,,593369_GI-DPP-2020-South-Ph1_System_Impact_Study_Final_PUBLIC_09282021.zip__GI_DPP_2020_Cycle_1_South_SIS_Phase_I_Report.pdf.pdf,,low_extraction_confidence,,J1642,14,0.5,pdfplumber,,
,,2020 Cycle,South,Phase1,DPP Phase 1 System Impact Study,2021-09-28,,,,,,,,,,,,593369_GI-DPP-2020-South-Ph1_System_Impact_Study_Final_PUBLIC_09282021.zip__GI_DPP_2020_Cycle_1_South_SIS_Phase_I_Report.pdf.pdf,,low_extraction_confidence,,J1646,14,0.5,pdfplumber,,
,,2020 Cycle,South,Phase1,DPP Phase 1 System Impact Study,2021-09-28,,,,,,,,,,,,593369_GI-DPP-2020-South-Ph1_System_Impact_Study_Final_PUBLIC_09282021.zip__GI_DPP_2020_Cycle_1_South_SIS_Phase_I_Report.pdf.pdf,,low_extraction_confidence,,J1649,14,0.5,pdfplumber,,
,,2020 Cycle,South,Phase1,DPP Phase 1 System Impact Study,2021-09-28,,,,,,,,,,,,593369_GI-DPP-2020-South-Ph1_System_Impact_Study_Final_PUBLIC_09282021.zip__GI_DPP_2020_Cycle_1_South_SIS_Phase_I_Report.pdf.pdf,,low_extraction_confidence,,J1651,14,0.5,pdfplumber,,
,,2020 Cycle,South,Phase1,DPP Phase 1 System Impact Study,2021-09-28,,,,,,,,,,,,593369_GI-DPP-2020-South-Ph1_System_Impact_Study_Final_PUBLIC_09282021.zip__GI_DPP_2020_Cycle_1_South_SIS_Phase_I_Report.pdf.pdf,,low_extraction_confidence,,J1652,14,0.5,pdfplumber,,
,,2020 Cycle,South,Phase1,DPP Phase 1 System Impact Study,2021-09-28,,,,,,,,,,,,593369_GI-DPP-2020-South-Ph1_System_Impact_Study_Final_PUBLIC_09282021.zip__GI_DPP_2020_Cycle_1_South_SIS_Phase_I_Report.pdf.pdf,,low_extraction_confidence,,J1653,14,0.5,pdfplumber,,
,,2020 Cycle,South,Phase1,DPP Phase 1 System Impact Study,2021-09-28,,,,,,,,,,,,593369_GI-DPP-2020-South-Ph1_System_Impact_Study_Final_PUBLIC_09282021.zip__GI_DPP_2020_Cycle_1_South_SIS_Phase_I_Report.pdf.pdf,,low_extraction_confidence,,J1654,14,0.5,pdfplumber,,
,,2020 Cycle,South,Phase1,DPP Phase 1 System Impact Study,2021-09-28,,,,,,,,,,,,593369_GI-DPP-2020-South-Ph1_System_Impact_Study_Final_PUBLIC_09282021.zip__GI_DPP_2020_Cycle_1_South_SIS_Phase_I_Report.pdf.pdf,,low_extraction_confidence,,J1655,14,0.5,pdfplumber,,
,,2020 Cycle,South,Phase1,DPP Phase 1 System Impact Study,2021-09-28,,,,,,,,,,,,593369_GI-DPP-2020-South-Ph1_System_Impact_Study_Final_PUBLIC_09282021.zip__GI_DPP_2020_Cycle_1_South_SIS_Phase_I_Report.pdf.pdf,,low_extraction_confidence,,J1656,14,0.5,pdfplumber,,
,,2020 Cycle,South,Phase1,DPP Phase 1 System Impact Study,2021-09-28,,,,,,,,,,,,593369_GI-DPP-2020-South-Ph1_System_Impact_Study_Final_PUBLIC_09282021.zip__GI_DPP_2020_Cycle_1_South_SIS_Phase_I_Report.pdf.pdf,,low_extraction_confidence,,J1658,14,0.5,pdfplumber,,
,,2020 Cycle,South,Phase1,DPP Phase 1 System Impact Study,2021-09-28,,,,,,,,,,,,593369_GI-DPP-2020-South-Ph1_System_Impact_Study_Final_PUBLIC_09282021.zip__GI_DPP_2020_Cycle_1_South_SIS_Phase_I_Report.pdf.pdf,,low_extraction_confidence,,J1659,14,0.5,pdfplumber,,
,,2020 Cycle,South,Phase1,DPP Phase 1 System Impact Study,2021-09-28,,,,,,,,,,,,593369_GI-DPP-2020-South-Ph1_System_Impact_Study_Final_PUBLIC_09282021.zip__GI_DPP_2020_Cycle_1_South_SIS_Phase_I_Report.pdf.pdf,,low_extraction_confidence,,J1660,14,0.5,pdfplumber,,
,,2020 Cycle,South,Phase1,DPP Phase 1 System Impact Study,2021-09-28,,,,,,,,,,,,593369_GI-DPP-2020-South-Ph1_System_Impact_Study_Final_PUBLIC_09282021.zip__GI_DPP_2020_Cycle_1_South_SIS_Phase_I_Report.pdf.pdf,,low_extraction_confidence,,J1663,14,0.5,pdfplumber,,
,,2020 Cycle,South,Phase1,DPP Phase 1 System Impact Study,2021-09-28,,,,,,,,,,,,593369_GI-DPP-2020-South-Ph1_System_Impact_Study_Final_PUBLIC_09282021.zip__GI_DPP_2020_Cycle_1_South_SIS_Phase_I_Report.pdf.pdf,,low_extraction_confidence,,J1664,14,0.5,pdfplumber,,
,,2020 Cycle,South,Phase1,DPP Phase 1 System Impact Study,2021-09-28,,,,,,,,,,,,593369_GI-DPP-2020-South-Ph1_System_Impact_Study_Final_PUBLIC_09282021.zip__GI_DPP_2020_Cycle_1_South_SIS_Phase_I_Report.pdf.pdf,,low_extraction_confidence,,J1665,14,0.5,pdfplumber,,
,,2020 Cycle,South,Phase1,DPP Phase 1 System Impact Study,2021-09-28,,,,,,,,,,,,593369_GI-DPP-2020-South-Ph1_System_Impact_Study_Final_PUBLIC_09282021.zip__GI_DPP_2020_Cycle_1_South_SIS_Phase_I_Report.pdf.pdf,,low_extraction_confidence,,J1666,14,0.5,pdfplumber,,
,,2020 Cycle,South,Phase1,DPP Phase 1 System Impact Study,2021-09-28,,,,,,,,,,,,593369_GI-DPP-2020-South-Ph1_System_Impact_Study_Final_PUBLIC_09282021.zip__GI_DPP_2020_Cycle_1_South_SIS_Phase_I_Report.pdf.pdf,,low_extraction_confidence,,J1667,14,0.5,pdfplumber,,
,,2020 Cycle,South,Phase1,DPP Phase 1 System Impact Study,2021-09-28,,,,,,,,,,,,593369_GI-DPP-2020-South-Ph1_System_Impact_Study_Final_PUBLIC_09282021.zip__GI_DPP_2020_Cycle_1_South_SIS_Phase_I_Report.pdf.pdf,,low_extraction_confidence,,J1675,14,0.5,pdfplumber,,
,,2020 Cycle,South,Phase1,DPP Phase 1 System Impact Study,2021-09-28,,,,,,,,,,,,593369_GI-DPP-2020-South-Ph1_System_Impact_Study_Final_PUBLIC_09282021.zip__GI_DPP_2020_Cycle_1_South_SIS_Phase_I_Report.pdf.pdf,,low_extraction_confidence,,J1676,14,0.5,pdfplumber,,
,,2020 Cycle,South,Phase1,DPP Phase 1 System Impact Study,2021-09-28,,,,,,,,,,,,593369_GI-DPP-2020-South-Ph1_System_Impact_Study_Final_PUBLIC_09282021.zip__GI_DPP_2020_Cycle_1_South_SIS_Phase_I_Report.pdf.pdf,,low_extraction_confidence,,J1677,14,0.5,pdfplumber,,
,,2020 Cycle,South,Phase1,DPP Phase 1 System Impact Study,2021-09-28,,,,,,,,,,,,593369_GI-DPP-2020-South-Ph1_System_Impact_Study_Final_PUBLIC_09282021.zip__GI_DPP_2020_Cycle_1_South_SIS_Phase_I_Report.pdf.pdf,,low_extraction_confidence,,J1678,14,0.5,pdfplumber,,
,,2020 Cycle,South,Phase1,DPP Phase 1 System Impact Study,2021-09-28,,,,,,,,,,,,593369_GI-DPP-2020-South-Ph1_System_Impact_Study_Final_PUBLIC_09282021.zip__GI_DPP_2020_Cycle_1_South_SIS_Phase_I_Report.pdf.pdf,,low_extraction_confidence,,J1679,14,0.5,pdfplumber,,
,,2020 Cycle,South,Phase1,DPP Phase 1 System Impact Study,2021-09-28,,,,,,,,,,,,593369_GI-DPP-2020-South-Ph1_System_Impact_Study_Final_PUBLIC_09282021.zip__GI_DPP_2020_Cycle_1_South_SIS_Phase_I_Report.pdf.pdf,,low_extraction_confidence,,J1680,14,0.5,pdfplumber,,
,,2020 Cycle,South,Phase1,DPP Phase 1 System Impact Study,2021-09-28,,,,,,,,,,,,593369_GI-DPP-2020-South-Ph1_System_Impact_Study_Final_PUBLIC_09282021.zip__GI_DPP_2020_Cycle_1_South_SIS_Phase_I_Report.pdf.pdf,,low_extraction_confidence,,J1684,14,0.5,pdfplumber,,
,,2020 Cycle,South,Phase1,DPP Phase 1 System Impact Study,2021-09-28,,,,,,,,,,,,593369_GI-DPP-2020-South-Ph1_System_Impact_Study_Final_PUBLIC_09282021.zip__GI_DPP_2020_Cycle_1_South_SIS_Phase_I_Report.pdf.pdf,,low_extraction_confidence,,J1687,14,0.5,pdfplumber,,
,,2020 Cycle,South,Phase1,DPP Phase 1 System Impact Study,2021-09-28,,,,,,,,,,,,593369_GI-DPP-2020-South-Ph1_System_Impact_Study_Final_PUBLIC_09282021.zip__GI_DPP_2020_Cycle_1_South_SIS_Phase_I_Report.pdf.pdf,,low_extraction_confidence,,J1690,14,0.5,pdfplumber,,
,,2020 Cycle,South,Phase1,DPP Phase 1 System Impact Study,2021-09-28,,,,,,,,,,,,593369_GI-DPP-2020-South-Ph1_System_Impact_Study_Final_PUBLIC_09282021.zip__GI_DPP_2020_Cycle_1_South_SIS_Phase_I_Report.pdf.pdf,,low_extraction_confidence,,J1691,14,0.5,pdfplumber,,
,,2020 Cycle,South,Phase1,DPP Phase 1 System Impact Study,2021-09-28,,,,,,,,,,,,593369_GI-DPP-2020-South-Ph1_System_Impact_Study_Final_PUBLIC_09282021.zip__GI_DPP_2020_Cycle_1_South_SIS_Phase_I_Report.pdf.pdf,,low_extraction_confidence,,J1695,14,0.5,pdfplumber,,
,,2020 Cycle,South,Phase1,DPP Phase 1 System Impact Study,2021-09-28,,,,,,,,,,,,593369_GI-DPP-2020-South-Ph1_System_Impact_Study_Final_PUBLIC_09282021.zip__GI_DPP_2020_Cycle_1_South_SIS_Phase_I_Report.pdf.pdf,,low_extraction_confidence,,J1696,14,0.5,pdfplumber,,
,,2020 Cycle,South,Phase1,DPP Phase 1 System Impact Study,2021-09-28,,,,,,,,,,,,593369_GI-DPP-2020-South-Ph1_System_Impact_Study_Final_PUBLIC_09282021.zip__GI_DPP_2020_Cycle_1_South_SIS_Phase_I_Report.pdf.pdf,,low_extraction_confidence,,J1697,14,0.5,pdfplumber,,
,,2020 Cycle,South,Phase1,DPP Phase 1 System Impact Study,2021-09-28,,,,,,,,,,,,593369_GI-DPP-2020-South-Ph1_System_Impact_Study_Final_PUBLIC_09282021.zip__GI_DPP_2020_Cycle_1_South_SIS_Phase_I_Report.pdf.pdf,,low_extraction_confidence,,J1699,14,0.5,pdfplumber,,
,,2020 Cycle,South,Phase1,DPP Phase 1 System Impact Study,2021-09-28,,,,,,,,,,,,593369_GI-DPP-2020-South-Ph1_System_Impact_Study_Final_PUBLIC_09282021.zip__GI_DPP_2020_Cycle_1_South_SIS_Phase_I_Report.pdf.pdf,,low_extraction_confidence,,J1701,14,0.5,pdfplumber,,
,,2020 Cycle,South,Phase1,DPP Phase 1 System Impact Study,2021-09-28,,,,,,,,,,,,593369_GI-DPP-2020-South-Ph1_System_Impact_Study_Final_PUBLIC_09282021.zip__GI_DPP_2020_Cycle_1_South_SIS_Phase_I_Report.pdf.pdf,,low_extraction_confidence,,J1703,14,0.5,pdfplumber,,
,,2020 Cycle,South,Phase1,DPP Phase 1 System Impact Study,2021-09-28,,,,,,,,,,,,593369_GI-DPP-2020-South-Ph1_System_Impact_Study_Final_PUBLIC_09282021.zip__GI_DPP_2020_Cycle_1_South_SIS_Phase_I_Report.pdf.pdf,,low_extraction_confidence,,J1704,14,0.5,pdfplumber,,
,,2020 Cycle,South,Phase1,DPP Phase 1 System Impact Study,2021-09-28,,,,,,,,,,,,593369_GI-DPP-2020-South-Ph1_System_Impact_Study_Final_PUBLIC_09282021.zip__GI_DPP_2020_Cycle_1_South_SIS_Phase_I_Report.pdf.pdf,,low_extraction_confidence,,J1706,14,0.5,pdfplumber,,
,,2020 Cycle,South,Phase1,DPP Phase 1 System Impact Study,2021-09-28,,,,,,,,,,,,593369_GI-DPP-2020-South-Ph1_System_Impact_Study_Final_PUBLIC_09282021.zip__GI_DPP_2020_Cycle_1_South_SIS_Phase_I_Report.pdf.pdf,,low_extraction_confidence,,J1707,14,0.5,pdfplumber,,
,,2020 Cycle,South,Phase1,DPP Phase 1 System Impact Study,2021-09-28,,,,,,,,,,,,593369_GI-DPP-2020-South-Ph1_System_Impact_Study_Final_PUBLIC_09282021.zip__GI_DPP_2020_Cycle_1_South_SIS_Phase_I_Report.pdf.pdf,,low_extraction_confidence,,J1712,14,0.5,pdfplumber,,
,,2020 Cycle,South,Phase1,DPP Phase 1 System Impact Study,2021-09-28,,,,,,,,,,,,593369_GI-DPP-2020-South-Ph1_System_Impact_Study_Final_PUBLIC_09282021.zip__GI_DPP_2020_Cycle_1_South_SIS_Phase_I_Report.pdf.pdf,,low_extraction_confidence,,J1713,15,0.5,pdfplumber,,
,,2020 Cycle,South,Phase1,DPP Phase 1 System Impact Study,2021-09-28,,,,,,,,,,,,593369_GI-DPP-2020-South-Ph1_System_Impact_Study_Final_PUBLIC_09282021.zip__GI_DPP_2020_Cycle_1_South_SIS_Phase_I_Report.pdf.pdf,,low_extraction_confidence,,J1714,15,0.5,pdfplumber,,
,,2020 Cycle,South,Phase1,DPP Phase 1 System Impact Study,2021-09-28,,,,,,,,,,,,593369_GI-DPP-2020-South-Ph1_System_Impact_Study_Final_PUBLIC_09282021.zip__GI_DPP_2020_Cycle_1_South_SIS_Phase_I_Report.pdf.pdf,,low_extraction_confidence,,J1716,15,0.5,pdfplumber,,
,,2020 Cycle,South,Phase1,DPP Phase 1 System Impact Study,2021-09-28,,,,,,,,,,,,593369_GI-DPP-2020-South-Ph1_System_Impact_Study_Final_PUBLIC_09282021.zip__GI_DPP_2020_Cycle_1_South_SIS_Phase_I_Report.pdf.pdf,,low_extraction_confidence,,J1720,15,0.5,pdfplumber,,
,,2020 Cycle,South,Phase1,DPP Phase 1 System Impact Study,2021-09-28,,,,,,,,,,,,593369_GI-DPP-2020-South-Ph1_System_Impact_Study_Final_PUBLIC_09282021.zip__GI_DPP_2020_Cycle_1_South_SIS_Phase_I_Report.pdf.pdf,,low_extraction_confidence,,J1721,15,0.5,pdfplumber,,
,,2020 Cycle,South,Phase1,DPP Phase 1 System Impact Study,2021-09-28,,,,,,,,,,,,593369_GI-DPP-2020-South-Ph1_System_Impact_Study_Final_PUBLIC_09282021.zip__GI_DPP_2020_Cycle_1_South_SIS_Phase_I_Report.pdf.pdf,,low_extraction_confidence,,J1724,15,0.5,pdfplumber,,
,,2020 Cycle,South,Phase1,DPP Phase 1 System Impact Study,2021-09-28,,,,,,,,,,,,593369_GI-DPP-2020-South-Ph1_System_Impact_Study_Final_PUBLIC_09282021.zip__GI_DPP_2020_Cycle_1_South_SIS_Phase_I_Report.pdf.pdf,,low_extraction_confidence,,J1725,15,0.5,pdfplumber,,
,,2020 Cycle,South,Phase1,DPP Phase 1 System Impact Study,2021-09-28,,,,,,,,,,,,593369_GI-DPP-2020-South-Ph1_System_Impact_Study_Final_PUBLIC_09282021.zip__GI_DPP_2020_Cycle_1_South_SIS_Phase_I_Report.pdf.pdf,,low_extraction_confidence,,J1726,15,0.5,pdfplumber,,
,,2020 Cycle,South,Phase1,DPP Phase 1 System Impact Study,2021-09-28,,,,,,,,,,,,593369_GI-DPP-2020-South-Ph1_System_Impact_Study_Final_PUBLIC_09282021.zip__GI_DPP_2020_Cycle_1_South_SIS_Phase_I_Report.pdf.pdf,,low_extraction_confidence,,J1731,15,0.5,pdfplumber,,
,,2020 Cycle,South,Phase1,DPP Phase 1 System Impact Study,2021-09-28,,,,,,,,,,,,593369_GI-DPP-2020-South-Ph1_System_Impact_Study_Final_PUBLIC_09282021.zip__GI_DPP_2020_Cycle_1_South_SIS_Phase_I_Report.pdf.pdf,,low_extraction_confidence,,J1735,15,0.5,pdfplumber,,
,,2020 Cycle,South,Phase1,DPP Phase 1 System Impact Study,2021-09-28,,,,,,,,,,,,593369_GI-DPP-2020-South-Ph1_System_Impact_Study_Final_PUBLIC_09282021.zip__GI_DPP_2020_Cycle_1_South_SIS_Phase_I_Report.pdf.pdf,,low_extraction_confidence,,J1736,15,0.5,pdfplumber,,
,,2020 Cycle,South,Phase1,DPP Phase 1 System Impact Study,2021-09-28,,,,,,,,,,,,593369_GI-DPP-2020-South-Ph1_System_Impact_Study_Final_PUBLIC_09282021.zip__GI_DPP_2020_Cycle_1_South_SIS_Phase_I_Report.pdf.pdf,,low_extraction_confidence,,J1737,15,0.5,pdfplumber,,
,,2020 Cycle,South,Phase1,DPP Phase 1 System Impact Study,2021-09-28,,,,,,,,,,,,593369_GI-DPP-2020-South-Ph1_System_Impact_Study_Final_PUBLIC_09282021.zip__GI_DPP_2020_Cycle_1_South_SIS_Phase_I_Report.pdf.pdf,,low_extraction_confidence,,J1740,15,0.5,pdfplumber,,
,,2020 Cycle,South,Phase1,DPP Phase 1 System Impact Study,2021-09-28,,,,,,,,,,,,593369_GI-DPP-2020-South-Ph1_System_Impact_Study_Final_PUBLIC_09282021.zip__GI_DPP_2020_Cycle_1_South_SIS_Phase_I_Report.pdf.pdf,,low_extraction_confidence,,J1743,15,0.5,pdfplumber,,
,,2020 Cycle,South,Phase1,DPP Phase 1 System Impact Study,2021-09-28,,,,,,,,,,,,593369_GI-DPP-2020-South-Ph1_System_Impact_Study_Final_PUBLIC_09282021.zip__GI_DPP_2020_Cycle_1_South_SIS_Phase_I_Report.pdf.pdf,,low_extraction_confidence,,J1744,15,0.5,pdfplumber,,
,,2020 Cycle,South,Phase1,DPP Phase 1 System Impact Study,2021-09-28,,,,,,,,,,,,593369_GI-DPP-2020-South-Ph1_System_Impact_Study_Final_PUBLIC_09282021.zip__GI_DPP_2020_Cycle_1_South_SIS_Phase_I_Report.pdf.pdf,,low_extraction_confidence,,J1745,15,0.5,pdfplumber,,
,,2020 Cycle,South,Phase1,DPP Phase 1 System Impact Study,2021-09-28,,,,,,,,,,,,593369_GI-DPP-2020-South-Ph1_System_Impact_Study_Final_PUBLIC_09282021.zip__GI_DPP_2020_Cycle_1_South_SIS_Phase_I_Report.pdf.pdf,,low_extraction_confidence,,J1746,15,0.5,pdfplumber,,
,,2020 Cycle,South,Phase1,DPP Phase 1 System Impact Study,2021-09-28,,,,,,,,,,,,593369_GI-DPP-2020-South-Ph1_System_Impact_Study_Final_PUBLIC_09282021.zip__GI_DPP_2020_Cycle_1_South_SIS_Phase_I_Report.pdf.pdf,,low_extraction_confidence,,J1755,15,0.5,pdfplumber,,
,,2020 Cycle,South,Phase1,DPP Phase 1 System Impact Study,2021-09-28,,,,,,,,,,,,593369_GI-DPP-2020-South-Ph1_System_Impact_Study_Final_PUBLIC_09282021.zip__GI_DPP_2020_Cycle_1_South_SIS_Phase_I_Report.pdf.pdf,,low_extraction_confidence,,J1756,15,0.5,pdfplumber,,
,,2020 Cycle,South,Phase1,DPP Phase 1 System Impact Study,2021-09-28,,,,,,,,,,,,593369_GI-DPP-2020-South-Ph1_System_Impact_Study_Final_PUBLIC_09282021.zip__GI_DPP_2020_Cycle_1_South_SIS_Phase_I_Report.pdf.pdf,,low_extraction_confidence,,J1765,15,0.5,pdfplumber,,
,,2020 Cycle,South,Phase1,DPP Phase 1 System Impact Study,2021-09-28,,,,,,,,,,,,593369_GI-DPP-2020-South-Ph1_System_Impact_Study_Final_PUBLIC_09282021.zip__GI_DPP_2020_Cycle_1_South_SIS_Phase_I_Report.pdf.pdf,,low_extraction_confidence,,J1770,15,0.5,pdfplumber,,
,,2020 Cycle,South,Phase1,DPP Phase 1 System Impact Study,2021-09-28,,,,,,,,,,,,593369_GI-DPP-2020-South-Ph1_System_Impact_Study_Final_PUBLIC_09282021.zip__GI_DPP_2020_Cycle_1_South_SIS_Phase_I_Report.pdf.pdf,,low_extraction_confidence,,J1771,15,0.5,pdfplumber,,
,,2020 Cycle,South,Phase1,DPP Phase 1 System Impact Study,2021-09-28,,,,,,,,,,,,593369_GI-DPP-2020-South-Ph1_System_Impact_Study_Final_PUBLIC_09282021.zip__GI_DPP_2020_Cycle_1_South_SIS_Phase_I_Report.pdf.pdf,,low_extraction_confidence,,J1772,15,0.5,pdfplumber,,
,,2020 Cycle,South,Phase1,DPP Phase 1 System Impact Study,2021-09-28,,,,,,,,,,,,593369_GI-DPP-2020-South-Ph1_System_Impact_Study_Final_PUBLIC_09282021.zip__GI_DPP_2020_Cycle_1_South_SIS_Phase_I_Report.pdf.pdf,,low_extraction_confidence,,J1777,15,0.5,pdfplumber,,
,,2020 Cycle,South,Phase1,DPP Phase 1 System Impact Study,2021-09-28,,,,,,,,,,,,593369_GI-DPP-2020-South-Ph1_System_Impact_Study_Final_PUBLIC_09282021.zip__GI_DPP_2020_Cycle_1_South_SIS_Phase_I_Report.pdf.pdf,,low_extraction_confidence,,J1778,15,0.5,pdfplumber,,
,,2020 Cycle,South,Phase1,DPP Phase 1 System Impact Study,2021-09-28,,,,,,,,,,,,593369_GI-DPP-2020-South-Ph1_System_Impact_Study_Final_PUBLIC_09282021.zip__GI_DPP_2020_Cycle_1_South_SIS_Phase_I_Report.pdf.pdf,,low_extraction_confidence,,J1779,15,0.5,pdfplumber,,
,,2020 Cycle,South,Phase1,DPP Phase 1 System Impact Study,2021-09-28,,,,,,,,,,,,593369_GI-DPP-2020-South-Ph1_System_Impact_Study_Final_PUBLIC_09282021.zip__GI_DPP_2020_Cycle_1_South_SIS_Phase_I_Report.pdf.pdf,,low_extraction_confidence,,J1780,15,0.5,pdfplumber,,
,,2020 Cycle,South,Phase1,DPP Phase 1 System Impact Study,2021-09-28,,,,,,,,,,,,593369_GI-DPP-2020-South-Ph1_System_Impact_Study_Final_PUBLIC_09282021.zip__GI_DPP_2020_Cycle_1_South_SIS_Phase_I_Report.pdf.pdf,,low_extraction_confidence,,J1782,15,0.5,pdfplumber,,
,,2020 Cycle,South,Phase1,DPP Phase 1 System Impact Study,2021-09-28,,,,,,,,,,,,593369_GI-DPP-2020-South-Ph1_System_Impact_Study_Final_PUBLIC_09282021.zip__GI_DPP_2020_Cycle_1_South_SIS_Phase_I_Report.pdf.pdf,,low_extraction_confidence,,J1783,15,0.5,pdfplumber,,
,,2020 Cycle,South,Phase1,DPP Phase 1 System Impact Study,2021-09-28,,,,,,,,,,,,593369_GI-DPP-2020-South-Ph1_System_Impact_Study_Final_PUBLIC_09282021.zip__GI_DPP_2020_Cycle_1_South_SIS_Phase_I_Report.pdf.pdf,,low_extraction_confidence,,J1784,15,0.5,pdfplumber,,
,,2020 Cycle,South,Phase1,DPP Phase 1 System Impact Study,2021-09-28,,,,,,,,,,,,593369_GI-DPP-2020-South-Ph1_System_Impact_Study_Final_PUBLIC_09282021.zip__GI_DPP_2020_Cycle_1_South_SIS_Phase_I_Report.pdf.pdf,,low_extraction_confidence,,J1785,15,0.5,pdfplumber,,
,,2020 Cycle,South,Phase1,DPP Phase 1 System Impact Study,2021-09-28,,,,,,,,,,,,593369_GI-DPP-2020-South-Ph1_System_Impact_Study_Final_PUBLIC_09282021.zip__GI_DPP_2020_Cycle_1_South_SIS_Phase_I_Report.pdf.pdf,,low_extraction_confidence,,J1786,15,0.5,pdfplumber,,
,,2020 Cycle,South,Phase1,DPP Phase 1 System Impact Study,2021-09-28,,,,,,,,,,,,593369_GI-DPP-2020-South-Ph1_System_Impact_Study_Final_PUBLIC_09282021.zip__GI_DPP_2020_Cycle_1_South_SIS_Phase_I_Report.pdf.pdf,,low_extraction_confidence,,J1793,15,0.5,pdfplumber,,
,,2020 Cycle,South,Phase1,DPP Phase 1 System Impact Study,2021-09-28,,,,,,,,,,,,593369_GI-DPP-2020-South-Ph1_System_Impact_Study_Final_PUBLIC_09282021.zip__GI_DPP_2020_Cycle_1_South_SIS_Phase_I_Report.pdf.pdf,,low_extraction_confidence,,J1802,15,0.5,pdfplumber,,
,,2020 Cycle,South,Phase1,DPP Phase 1 System Impact Study,2021-09-28,,,,,,,,,,,,593369_GI-DPP-2020-South-Ph1_System_Impact_Study_Final_PUBLIC_09282021.zip__GI_DPP_2020_Cycle_1_South_SIS_Phase_I_Report.pdf.pdf,,low_extraction_confidence,,J1806,15,0.5,pdfplumber,,
,,2020 Cycle,South,Phase1,DPP Phase 1 System Impact Study,2021-09-28,,,,,,,,,,,,593369_GI-DPP-2020-South-Ph1_System_Impact_Study_Final_PUBLIC_09282021.zip__GI_DPP_2020_Cycle_1_South_SIS_Phase_I_Report.pdf.pdf,,low_extraction_confidence,,J1810,15,0.5,pdfplumber,,
,,2020 Cycle,South,Phase1,DPP Phase 1 System Impact Study,2021-09-28,,,,,,,,,,,,593369_GI-DPP-2020-South-Ph1_System_Impact_Study_Final_PUBLIC_09282021.zip__GI_DPP_2020_Cycle_1_South_SIS_Phase_I_Report.pdf.pdf,,low_extraction_confidence,,J1815,15,0.5,pdfplumber,,
,,2020 Cycle,South,Phase1,DPP Phase 1 System Impact Study,2021-09-28,,,,,,,,,,,,593369_GI-DPP-2020-South-Ph1_System_Impact_Study_Final_PUBLIC_09282021.zip__GI_DPP_2020_Cycle_1_South_SIS_Phase_I_Report.pdf.pdf,,low_extraction_confidence,,J1824,15,0.5,pdfplumber,,
,,2020 Cycle,South,Phase1,DPP Phase 1 System Impact Study,2021-09-28,,,,,,,,,,,,593369_GI-DPP-2020-South-Ph1_System_Impact_Study_Final_PUBLIC_09282021.zip__GI_DPP_2020_Cycle_1_South_SIS_Phase_I_Report.pdf.pdf,,low_extraction_confidence,,J1829,15,0.5,pdfplumber,,
,,2020 Cycle,South,Phase1,DPP Phase 1 System Impact Study,2021-09-28,,,,,,,,,,,,593369_GI-DPP-2020-South-Ph1_System_Impact_Study_Final_PUBLIC_09282021.zip__GI_DPP_2020_Cycle_1_South_SIS_Phase_I_Report.pdf.pdf,,low_extraction_confidence,,J1830,15,0.5,pdfplumber,,
,,2020 Cycle,South,Phase1,DPP Phase 1 System Impact Study,2021-09-28,,,,,,,,,,,,593369_GI-DPP-2020-South-Ph1_System_Impact_Study_Final_PUBLIC_09282021.zip__GI_DPP_2020_Cycle_1_South_SIS_Phase_I_Report.pdf.pdf,,low_extraction_confidence,,J1831,15,0.5,pdfplumber,,
,,2020 Cycle,South,Phase1,DPP Phase 1 System Impact Study,2021-09-28,,,,,,,,,,,,593369_GI-DPP-2020-South-Ph1_System_Impact_Study_Final_PUBLIC_09282021.zip__GI_DPP_2020_Cycle_1_South_SIS_Phase_I_Report.pdf.pdf,,low_extraction_confidence,,J1839,15,0.5,pdfplumber,,
,,2020 Cycle,South,Phase1,DPP Phase 1 System Impact Study,2021-09-28,,,,,,,,,,,,593369_GI-DPP-2020-South-Ph1_System_Impact_Study_Final_PUBLIC_09282021.zip__GI_DPP_2020_Cycle_1_South_SIS_Phase_I_Report.pdf.pdf,,low_extraction_confidence,,J1840,15,0.5,pdfplumber,,
,,2020 Cycle,South,Phase1,DPP Phase 1 System Impact Study,2021-09-28,,,,,,,,,,,,593369_GI-DPP-2020-South-Ph1_System_Impact_Study_Final_PUBLIC_09282021.zip__GI_DPP_2020_Cycle_1_South_SIS_Phase_I_Report.pdf.pdf,,low_extraction_confidence,,J1843,15,0.5,pdfplumber,,
,,2020 Cycle,South,Phase1,DPP Phase 1 System Impact Study,2021-09-28,,,,,,,,,,,,593369_GI-DPP-2020-South-Ph1_System_Impact_Study_Final_PUBLIC_09282021.zip__GI_DPP_2020_Cycle_1_South_SIS_Phase_I_Report.pdf.pdf,,low_extraction_confidence,,J1472,22,0.5,pdfplumber,,
,,2020 Cycle,South,Phase1,DPP Phase 1 System Impact Study,2021-09-28,,,,,,,,,,,,593369_GI-DPP-2020-South-Ph1_System_Impact_Study_Final_PUBLIC_09282021.zip__GI_DPP_2020_Cycle_1_South_SIS_Phase_I_Report.pdf.pdf,,low_extraction_confidence,,J1281,22,0.5,pdfplumber,,
,,2020 Cycle,South,Phase1,DPP Phase 1 System Impact Study,2021-09-28,,,,,,,,,,,,593369_GI-DPP-2020-South-Ph1_System_Impact_Study_Final_PUBLIC_09282021.zip__GI_DPP_2020_Cycle_1_South_SIS_Phase_I_Report.pdf.pdf,,low_extraction_confidence,,J1294,22,0.5,pdfplumber,,
,,2020 Cycle,South,Phase1,DPP Phase 1 System Impact Study,2021-09-28,,,,,,,,,,,,593369_GI-DPP-2020-South-Ph1_System_Impact_Study_Final_PUBLIC_09282021.zip__GI_DPP_2020_Cycle_1_South_SIS_Phase_I_Report.pdf.pdf,,low_extraction_confidence,,J1458,22,0.5,pdfplumber,,
,,2020 Cycle,South,Phase1,DPP Phase 1 System Impact Study,2021-09-28,,,,,,,,,,,,593369_GI-DPP-2020-South-Ph1_System_Impact_Study_Final_PUBLIC_09282021.zip__GI_DPP_2020_Cycle_1_South_SIS_Phase_I_Report.pdf.pdf,,low_extraction_confidence,,J1246,22,0.5,pdfplumber,,
,,2020 Cycle,South,Phase1,DPP Phase 1 System Impact Study,2021-09-28,,,,,,,,,,,,593369_GI-DPP-2020-South-Ph1_System_Impact_Study_Final_PUBLIC_09282021.zip__GI_DPP_2020_Cycle_1_South_SIS_Phase_I_Report.pdf.pdf,,low_extraction_confidence,,J1367,22,0.5,pdfplumber,,
,,2020 Cycle,South,Phase1,DPP Phase 1 System Impact Study,2021-09-28,,,,,,,,,,,,593369_GI-DPP-2020-South-Ph1_System_Impact_Study_Final_PUBLIC_09282021.zip__GI_DPP_2020_Cycle_1_South_SIS_Phase_I_Report.pdf.pdf,,low_extraction_confidence,,J1455,22,0.5,pdfplumber,,
,,DPP-2018-APR,Central,Phase2,DPP Phase 2 System Impact Study,2021-10-12,,,,,,,,,,,,596538_GI-DPP-2018-APR-Central_SIS_Phase_II_Report_R05_10122021.pdf.pdf,,low_extraction_confidence,,J957,6,0.5,pdfplumber,,
,,DPP-2018-APR,Central,Phase2,DPP Phase 2 System Impact Study,2021-10-12,,,,,,,,,,,,596538_GI-DPP-2018-APR-Central_SIS_Phase_II_Report_R05_10122021.pdf.pdf,,low_extraction_confidence,,J973,6,0.5,pdfplumber,,
,,DPP-2018-APR,Central,Phase2,DPP Phase 2 System Impact Study,2021-10-12,,,,,,,,,,,,596538_GI-DPP-2018-APR-Central_SIS_Phase_II_Report_R05_10122021.pdf.pdf,,low_extraction_confidence,,J983,6,0.5,pdfplumber,,
,,DPP-2018-APR,Central,Phase2,DPP Phase 2 System Impact Study,2021-10-12,,,,,,,,,,,,596538_GI-DPP-2018-APR-Central_SIS_Phase_II_Report_R05_10122021.pdf.pdf,,low_extraction_confidence,,J1012,6,0.5,pdfplumber,,
,,DPP-2018-APR,Central,Phase2,DPP Phase 2 System Impact Study,2021-10-12,,,,,,,,,,,,596538_GI-DPP-2018-APR-Central_SIS_Phase_II_Report_R05_10122021.pdf.pdf,,low_extraction_confidence,,J1017,6,0.5,pdfplumber,,
,,DPP-2018-APR,Central,Phase2,DPP Phase 2 System Impact Study,2021-10-12,,,,,,,,,,,,596538_GI-DPP-2018-APR-Central_SIS_Phase_II_Report_R05_10122021.pdf.pdf,,low_extraction_confidence,,J1018,6,0.5,pdfplumber,,
,,DPP-2018-APR,Central,Phase2,DPP Phase 2 System Impact Study,2021-10-12,,,,,,,,,,,,596538_GI-DPP-2018-APR-Central_SIS_Phase_II_Report_R05_10122021.pdf.pdf,,low_extraction_confidence,,J1019,6,0.5,pdfplumber,,
,,DPP-2018-APR,Central,Phase2,DPP Phase 2 System Impact Study,2021-10-12,,,,,,,,,,,,596538_GI-DPP-2018-APR-Central_SIS_Phase_II_Report_R05_10122021.pdf.pdf,,low_extraction_confidence,,J1035,6,0.5,pdfplumber,,
,,DPP-2018-APR,Central,Phase2,DPP Phase 2 System Impact Study,2021-10-12,,,,,,,,,,,,596538_GI-DPP-2018-APR-Central_SIS_Phase_II_Report_R05_10122021.pdf.pdf,,low_extraction_confidence,,J1066,6,0.5,pdfplumber,,
,,DPP-2018-APR,Central,Phase2,DPP Phase 2 System Impact Study,2021-10-12,,,,,,,,,,,,596538_GI-DPP-2018-APR-Central_SIS_Phase_II_Report_R05_10122021.pdf.pdf,,low_extraction_confidence,,J1080,6,0.5,pdfplumber,,
,,DPP-2018-APR,Central,Phase2,DPP Phase 2 System Impact Study,2021-10-12,,,,,,,,,,,,596538_GI-DPP-2018-APR-Central_SIS_Phase_II_Report_R05_10122021.pdf.pdf,,low_extraction_confidence,,J1116,6,0.5,pdfplumber,,
,,DPP-2018-APR,Central,Phase2,DPP Phase 2 System Impact Study,2021-10-12,,,,,,,,,,,,596538_GI-DPP-2018-APR-Central_SIS_Phase_II_Report_R05_10122021.pdf.pdf,,low_extraction_confidence,,J1118,6,0.5,pdfplumber,,
,,DPP-2018-APR,Central,Phase2,DPP Phase 2 System Impact Study,2021-10-12,,,,,,,,,,,,596538_GI-DPP-2018-APR-Central_SIS_Phase_II_Report_R05_10122021.pdf.pdf,,low_extraction_confidence,,J1150,6,0.5,pdfplumber,,
,,DPP-2018-APR,Central,Phase2,DPP Phase 2 System Impact Study,2021-10-12,,,,,,,,,,,,596538_GI-DPP-2018-APR-Central_SIS_Phase_II_Report_R05_10122021.pdf.pdf,,low_extraction_confidence,,J980,6,0.5,pdfplumber,,
,,DPP-2018-APR,Central,Phase2,DPP Phase 2 System Impact Study,2021-10-12,,,,,,,,,,,,596538_GI-DPP-2018-APR-Central_SIS_Phase_II_Report_R05_10122021.pdf.pdf,,low_extraction_confidence,,J985,6,0.5,pdfplumber,,
,,DPP-2018-APR,Central,Phase2,DPP Phase 2 System Impact Study,2021-10-12,,,,,,,,,,,,596538_GI-DPP-2018-APR-Central_SIS_Phase_II_Report_R05_10122021.pdf.pdf,,low_extraction_confidence,,J995,6,0.5,pdfplumber,,
,,DPP-2018-APR,Central,Phase2,DPP Phase 2 System Impact Study,2021-10-12,,,,,,,,,,,,596538_GI-DPP-2018-APR-Central_SIS_Phase_II_Report_R05_10122021.pdf.pdf,,low_extraction_confidence,,J1016,6,0.5,pdfplumber,,
,,DPP-2018-APR,Central,Phase2,DPP Phase 2 System Impact Study,2021-10-12,,,,,,,,,,,,596538_GI-DPP-2018-APR-Central_SIS_Phase_II_Report_R05_10122021.pdf.pdf,,low_extraction_confidence,,J1021,6,0.5,pdfplumber,,
,,DPP-2018-APR,Central,Phase2,DPP Phase 2 System Impact Study,2021-10-12,,,,,,,,,,,,596538_GI-DPP-2018-APR-Central_SIS_Phase_II_Report_R05_10122021.pdf.pdf,,low_extraction_confidence,,J1031,6,0.5,pdfplumber,,
,,DPP-2018-APR,Central,Phase2,DPP Phase 2 System Impact Study,2021-10-12,,,,,,,,,,,,596538_GI-DPP-2018-APR-Central_SIS_Phase_II_Report_R05_10122021.pdf.pdf,,low_extraction_confidence,,J1059,6,0.5,pdfplumber,,
,,DPP-2018-APR,Central,Phase2,DPP Phase 2 System Impact Study,2021-10-12,,,,,,,,,,,,596538_GI-DPP-2018-APR-Central_SIS_Phase_II_Report_R05_10122021.pdf.pdf,,low_extraction_confidence,,J1123,6,0.5,pdfplumber,,
,,DPP-2018-APR,Central,Phase2,DPP Phase 2 System Impact Study,2021-10-12,,,,,,,,,,,,596538_GI-DPP-2018-APR-Central_SIS_Phase_II_Report_R05_10122021.pdf.pdf,,low_extraction_confidence,,J1148,6,0.5,pdfplumber,,
,,DPP-2018-APR,Central,Phase2,DPP Phase 2 System Impact Study,2021-10-12,,,,,,,,,,,,596538_GI-DPP-2018-APR-Central_SIS_Phase_II_Report_R05_10122021.pdf.pdf,,low_extraction_confidence,,J1161,6,0.5,pdfplumber,,
,,DPP-2018-APR,Central,Phase2,DPP Phase 2 System Impact Study,2021-10-12,,,,,,,,,,,,596538_GI-DPP-2018-APR-Central_SIS_Phase_II_Report_R05_10122021.pdf.pdf,,low_extraction_confidence,,J966,19,0.5,pdfplumber,,
,,DPP-2018-APR,Central,Phase2,DPP Phase 2 System Impact Study,2021-10-12,,,,,,,,,,,,596538_GI-DPP-2018-APR-Central_SIS_Phase_II_Report_R05_10122021.pdf.pdf,,low_extraction_confidence,,J1177,19,0.5,pdfplumber,,
,,2020 Cycle,West,Phase1,DPP Phase 1 System Impact Study,2021-10-27,,,,,,,,,,,,589199_GI_DPP_2020_West_Phase1_System_Impact_Study_Final_Report_Public_10272021.zip__GI_DPP_2020_West_SIS_Phase_1_Final_Report_Public_102721.pdf.pdf,,low_extraction_confidence,,J898,6,0.5,pdfplumber,,
,,,West,Phase2,DPP Phase 2 System Impact Study,2022-11-17,,,,,,,,,,,,628190_GI_DPP_2020_West_SIS_Phase_2_Final_Report_Public_11172022.pdf.pdf,,low_extraction_confidence,,J898,5,0.5,pdfplumber,,
,,,West,Phase2,DPP Phase 2 System Impact Study,2022-11-17,,,,,,,,,,,,628190_GI_DPP_2020_West_SIS_Phase_2_Final_Report_Public_11172022.pdf.pdf,,low_extraction_confidence,,J1181,7,0.5,pdfplumber,,
,,,West,Phase2,DPP Phase 2 System Impact Study,2022-11-17,,,,,,,,,,,,628190_GI_DPP_2020_West_SIS_Phase_2_Final_Report_Public_11172022.pdf.pdf,,low_extraction_confidence,,J1456,15,0.5,pdfplumber,,
,,,West,Phase2,DPP Phase 2 System Impact Study,2022-11-17,,,,,,,,,,,,628190_GI_DPP_2020_West_SIS_Phase_2_Final_Report_Public_11172022.pdf.pdf,,low_extraction_confidence,,J1701,17,0.5,pdfplumber,,
,,,West,Phase2,DPP Phase 2 System Impact Study,2022-11-17,,,,,,,,,,,,628190_GI_DPP_2020_West_SIS_Phase_2_Final_Report_Public_11172022.pdf.pdf,,low_extraction_confidence,,J1766,30,0.5,pdfplumber,,
,,2020 Cycle,West,Phase3,DPP Phase 3 Final Study,2024-04-16,,,,,,,,,,,,684062_GI_DPP_2020_West_Phase_3_System_Impact_Study_Final_Report_Public_04162024.zip__DPP-2020_West_Phase_3_System_Impact_Study_Report.pdf.pdf,,low_extraction_confidence,,J898,4,0.5,pdfplumber,,
,,DPP-2017-FEB,West,Phase3,DPP Phase 3 Final Study,2019-10-11,,,,,,,,,,,,391580_GI-DPP-2017-FEB-West-Phase3_System_Impact_Report_PUBLIC.pdf.pdf,,low_extraction_confidence,,J745,31,0.5,pdfplumber,,
,,DPP-2017-FEB,West,Phase3,DPP Phase 3 Final Study,2019-10-11,,,,,,,,,,,,391580_GI-DPP-2017-FEB-West-Phase3_System_Impact_Report_PUBLIC.pdf.pdf,,low_extraction_confidence,,J584,32,0.5,pdfplumber,,
,,DPP-2017-FEB,West,Phase3,DPP Phase 3 Final Study,2019-10-11,,,,,,,,,,,,391580_GI-DPP-2017-FEB-West-Phase3_System_Impact_Report_PUBLIC.pdf.pdf,,low_extraction_confidence,,J711,32,0.5,pdfplumber,,
,,DPP-2017-FEB,West,Phase3,DPP Phase 3 Final Study,2019-10-11,,,,,,,,,,,,391580_GI-DPP-2017-FEB-West-Phase3_System_Impact_Report_PUBLIC.pdf.pdf,,low_extraction_confidence,,J740,32,0.5,pdfplumber,,
,,DPP-2017-FEB,West,Phase3,DPP Phase 3 Final Study,2019-10-11,,,,,,,,,,,,391580_GI-DPP-2017-FEB-West-Phase3_System_Impact_Report_PUBLIC.pdf.pdf,,low_extraction_confidence,,J756,32,0.5,pdfplumber,,
,,DPP-2017-FEB,West,Phase3,DPP Phase 3 Final Study,2019-10-11,,,,,,,,,,,,391580_GI-DPP-2017-FEB-West-Phase3_System_Impact_Report_PUBLIC.pdf.pdf,,low_extraction_confidence,,J541,33,0.5,pdfplumber,,
,,DPP-2017-FEB,West,Phase3,DPP Phase 3 Final Study,2019-10-11,,,,,,,,,,,,391580_GI-DPP-2017-FEB-West-Phase3_System_Impact_Report_PUBLIC.pdf.pdf,,low_extraction_confidence,,J734,57,0.5,pdfplumber,,
,,DPP-2017-FEB,West,Phase3,DPP Phase 3 Final Study,2019-10-11,,,,,,,,,,,,391580_GI-DPP-2017-FEB-West-Phase3_System_Impact_Report_PUBLIC.pdf.pdf,,low_extraction_confidence,,J753,57,0.5,pdfplumber,,
,,DPP-2017-FEB,West,Phase3,DPP Phase 3 Final Study,2019-10-11,,,,,,,,,,,,391580_GI-DPP-2017-FEB-West-Phase3_System_Impact_Report_PUBLIC.pdf.pdf,,low_extraction_confidence,,J754,57,0.5,pdfplumber,,
,,DPP-2017-FEB,West,Phase3,DPP Phase 3 Final Study,2019-10-11,,,,,,,,,,,,391580_GI-DPP-2017-FEB-West-Phase3_System_Impact_Report_PUBLIC.pdf.pdf,,low_extraction_confidence,,J757,57,0.5,pdfplumber,,
,,DPP-2017-FEB,West,Phase3,DPP Phase 3 Final Study,2019-10-11,,,,,,,,,,,,391580_GI-DPP-2017-FEB-West-Phase3_System_Impact_Report_PUBLIC.pdf.pdf,,low_extraction_confidence,,J759,57,0.5,pdfplumber,,
,,DPP-2017-FEB,West,Phase3,DPP Phase 3 Final Study,2019-10-11,,,,,,,,,,,,391580_GI-DPP-2017-FEB-West-Phase3_System_Impact_Report_PUBLIC.pdf.pdf,,low_extraction_confidence,,J762,57,0.5,pdfplumber,,
,,DPP-2017-FEB,West,Phase3,DPP Phase 3 Final Study,2019-10-11,,,,,,,,,,,,391580_GI-DPP-2017-FEB-West-Phase3_System_Impact_Report_PUBLIC.pdf.pdf,,low_extraction_confidence,,J783,57,0.5,pdfplumber,,
,,DPP-2017-FEB,West,Phase3,DPP Phase 3 Final Study,2019-10-11,,,,,,,,,,,,391580_GI-DPP-2017-FEB-West-Phase3_System_Impact_Report_PUBLIC.pdf.pdf,,low_extraction_confidence,,J646,57,0.5,pdfplumber,,
,,DPP-2017-FEB,West,Phase3,DPP Phase 3 Final Study,2019-10-11,,,,,,,,,,,,391580_GI-DPP-2017-FEB-West-Phase3_System_Impact_Report_PUBLIC.pdf.pdf,,low_extraction_confidence,,J717,57,0.5,pdfplumber,,
,,DPP-2017-FEB,West,Phase3,DPP Phase 3 Final Study,2019-10-11,,,,,,,,,,,,391580_GI-DPP-2017-FEB-West-Phase3_System_Impact_Report_PUBLIC.pdf.pdf,,low_extraction_confidence,,J728,57,0.5,pdfplumber,,
,,DPP-2017-FEB,West,Phase3,DPP Phase 3 Final Study,2019-10-11,,,,,,,,,,,,391580_GI-DPP-2017-FEB-West-Phase3_System_Impact_Report_PUBLIC.pdf.pdf,,low_extraction_confidence,,J752,57,0.5,pdfplumber,,
,,DPP-2017-FEB,West,Phase3,DPP Phase 3 Final Study,2019-10-11,,,,,,,,,,,,391580_GI-DPP-2017-FEB-West-Phase3_System_Impact_Report_PUBLIC.pdf.pdf,,low_extraction_confidence,,J758,57,0.5,pdfplumber,,
,,DPP-2017-FEB,West,Phase3,DPP Phase 3 Final Study,2019-10-11,,,,,,,,,,,,391580_GI-DPP-2017-FEB-West-Phase3_System_Impact_Report_PUBLIC.pdf.pdf,,low_extraction_confidence,,J703,57,0.5,pdfplumber,,
,,DPP-2017-FEB,West,Phase3,DPP Phase 3 Final Study,2019-10-11,,,,,,,,,,,,391580_GI-DPP-2017-FEB-West-Phase3_System_Impact_Report_PUBLIC.pdf.pdf,,low_extraction_confidence,,J704,57,0.5,pdfplumber,,
,,DPP-2017-FEB,West,Phase3,DPP Phase 3 Final Study,2019-10-11,,,,,,,,,,,,391580_GI-DPP-2017-FEB-West-Phase3_System_Impact_Report_PUBLIC.pdf.pdf,,low_extraction_confidence,,J760,58,0.5,pdfplumber,,
,,DPP-2017-FEB,West,Phase3,DPP Phase 3 Final Study,2019-10-11,,,,,,,,,,,,391580_GI-DPP-2017-FEB-West-Phase3_System_Impact_Report_PUBLIC.pdf.pdf,,low_extraction_confidence,,J530,59,0.5,pdfplumber,,
,,DPP-2017-FEB,West,Phase3,DPP Phase 3 Final Study,2019-10-11,,,,,,,,,,,,391580_GI-DPP-2017-FEB-West-Phase3_System_Impact_Report_PUBLIC.pdf.pdf,,low_extraction_confidence,,J302,59,0.5,pdfplumber,,
,,DPP-2017-FEB,West,Phase3,DPP Phase 3 Final Study,2019-10-11,,,,,,,,,,,,391580_GI-DPP-2017-FEB-West-Phase3_System_Impact_Report_PUBLIC.pdf.pdf,,low_extraction_confidence,,J503,59,0.5,pdfplumber,,
,,DPP-2017-FEB,West,Phase3,DPP Phase 3 Final Study,2019-10-11,,,,,,,,,,,,391580_GI-DPP-2017-FEB-West-Phase3_System_Impact_Report_PUBLIC.pdf.pdf,,low_extraction_confidence,,J611,59,0.5,pdfplumber,,
,,DPP-2017-FEB,West,Phase3,DPP Phase 3 Final Study,2019-10-11,,,,,,,,,,,,391580_GI-DPP-2017-FEB-West-Phase3_System_Impact_Report_PUBLIC.pdf.pdf,,low_extraction_confidence,,J438,59,0.5,pdfplumber,,
,,DPP-2017-FEB,West,Phase3,DPP Phase 3 Final Study,2019-10-11,,,,,,,,,,,,391580_GI-DPP-2017-FEB-West-Phase3_System_Impact_Report_PUBLIC.pdf.pdf,,low_extraction_confidence,,J436,61,0.5,pdfplumber,,
,,DPP-2017-FEB,West,Phase3,DPP Phase 3 Final Study,2019-10-11,,,,,,,,,,,,391580_GI-DPP-2017-FEB-West-Phase3_System_Impact_Report_PUBLIC.pdf.pdf,,low_extraction_confidence,,J437,61,0.5,pdfplumber,,
,,DPP-2017-FEB,West,Phase3,DPP Phase 3 Final Study,2019-10-11,,,,,,,,,,,,391580_GI-DPP-2017-FEB-West-Phase3_System_Impact_Report_PUBLIC.pdf.pdf,,low_extraction_confidence,,J736,61,0.5,pdfplumber,,
,,DPP-2017-FEB,West,Phase3,DPP Phase 3 Final Study,2019-10-11,,,,,,,,,,,,391580_GI-DPP-2017-FEB-West-Phase3_System_Impact_Report_PUBLIC.pdf.pdf,,low_extraction_confidence,,J442,61,0.5,pdfplumber,,
,,DPP-2017-FEB,West,Phase3,DPP Phase 3 Final Study,2019-10-11,,,,,,,,,,,,391580_GI-DPP-2017-FEB-West-Phase3_System_Impact_Report_PUBLIC.pdf.pdf,,low_extraction_confidence,,J721,61,0.5,pdfplumber,,
,,DPP-2017-FEB,West,Phase3,DPP Phase 3 Final Study,2019-10-11,,,,,,,,,,,,391580_GI-DPP-2017-FEB-West-Phase3_System_Impact_Report_PUBLIC.pdf.pdf,,low_extraction_confidence,,J414,61,0.5,pdfplumber,,
,,DPP-2017-FEB,West,Phase3,DPP Phase 3 Final Study,2019-10-11,,,,,,,,,,,,391580_GI-DPP-2017-FEB-West-Phase3_System_Impact_Report_PUBLIC.pdf.pdf,,low_extraction_confidence,,J415,61,0.5,pdfplumber,,
,,DPP-2017-FEB,West,Phase3,DPP Phase 3 Final Study,2019-10-11,,,,,,,,,,,,391580_GI-DPP-2017-FEB-West-Phase3_System_Impact_Report_PUBLIC.pdf.pdf,,low_extraction_confidence,,J439,61,0.5,pdfplumber,,
,,DPP-2017-FEB,West,Phase3,DPP Phase 3 Final Study,2019-10-11,,,,,,,,,,,,391580_GI-DPP-2017-FEB-West-Phase3_System_Impact_Report_PUBLIC.pdf.pdf,,low_extraction_confidence,,J459,61,0.5,pdfplumber,,
,,DPP-2017-FEB,West,Phase3,DPP Phase 3 Final Study,2019-10-11,,,,,,,,,,,,391580_GI-DPP-2017-FEB-West-Phase3_System_Impact_Report_PUBLIC.pdf.pdf,,low_extraction_confidence,,J511,61,0.5,pdfplumber,,
,,DPP-2017-FEB,West,Phase3,DPP Phase 3 Final Study,2019-10-11,,,,,,,,,,,,391580_GI-DPP-2017-FEB-West-Phase3_System_Impact_Report_PUBLIC.pdf.pdf,,low_extraction_confidence,,J575,61,0.5,pdfplumber,,
,,DPP-2017-FEB,West,Phase3,DPP Phase 3 Final Study,2019-10-11,,,,,,,,,,,,391580_GI-DPP-2017-FEB-West-Phase3_System_Impact_Report_PUBLIC.pdf.pdf,,low_extraction_confidence,,J577,61,0.5,pdfplumber,,
,,DPP-2017-FEB,West,Phase3,DPP Phase 3 Final Study,2019-10-11,,,,,,,,,,,,391580_GI-DPP-2017-FEB-West-Phase3_System_Impact_Report_PUBLIC.pdf.pdf,,low_extraction_confidence,,J593,61,0.5,pdfplumber,,
,,DPP-2017-FEB,West,Phase3,DPP Phase 3 Final Study,2019-10-11,,,,,,,,,,,,391580_GI-DPP-2017-FEB-West-Phase3_System_Impact_Report_PUBLIC.pdf.pdf,,low_extraction_confidence,,J594,61,0.5,pdfplumber,,
,,DPP-2017-FEB,West,Phase3,DPP Phase 3 Final Study,2019-10-11,,,,,,,,,,,,391580_GI-DPP-2017-FEB-West-Phase3_System_Impact_Report_PUBLIC.pdf.pdf,,low_extraction_confidence,,J596,61,0.5,pdfplumber,,
,,DPP-2017-FEB,West,Phase3,DPP Phase 3 Final Study,2019-10-11,,,,,,,,,,,,391580_GI-DPP-2017-FEB-West-Phase3_System_Impact_Report_PUBLIC.pdf.pdf,,low_extraction_confidence,,J597,62,0.5,pdfplumber,,
,,DPP-2017-FEB,West,Phase3,DPP Phase 3 Final Study,2019-10-11,,,,,,,,,,,,391580_GI-DPP-2017-FEB-West-Phase3_System_Impact_Report_PUBLIC.pdf.pdf,,low_extraction_confidence,,J599,62,0.5,pdfplumber,,
,,DPP-2017-FEB,West,Phase3,DPP Phase 3 Final Study,2019-10-11,,,,,,,,,,,,391580_GI-DPP-2017-FEB-West-Phase3_System_Impact_Report_PUBLIC.pdf.pdf,,low_extraction_confidence,,J607,62,0.5,pdfplumber,,
,,DPP-2017-FEB,West,Phase3,DPP Phase 3 Final Study,2019-10-11,,,,,,,,,,,,391580_GI-DPP-2017-FEB-West-Phase3_System_Impact_Report_PUBLIC.pdf.pdf,,low_extraction_confidence,,J613,62,0.5,pdfplumber,,
,,DPP-2017-FEB,West,Phase3,DPP Phase 3 Final Study,2019-10-11,,,,,,,,,,,,391580_GI-DPP-2017-FEB-West-Phase3_System_Impact_Report_PUBLIC.pdf.pdf,,low_extraction_confidence,,J615,62,0.5,pdfplumber,,
,,DPP-2017-FEB,West,Phase3,DPP Phase 3 Final Study,2019-10-11,,,,,,,,,,,,391580_GI-DPP-2017-FEB-West-Phase3_System_Impact_Report_PUBLIC.pdf.pdf,,low_extraction_confidence,,J638,62,0.5,pdfplumber,,
,,DPP-2017-FEB,West,Phase3,DPP Phase 3 Final Study,2019-10-11,,,,,,,,,,,,391580_GI-DPP-2017-FEB-West-Phase3_System_Impact_Report_PUBLIC.pdf.pdf,,low_extraction_confidence,,J747,62,0.5,pdfplumber,,
,,DPP-2017-FEB,West,Phase3,DPP Phase 3 Final Study,2019-10-11,,,,,,,,,,,,391580_GI-DPP-2017-FEB-West-Phase3_System_Impact_Report_PUBLIC.pdf.pdf,,low_extraction_confidence,,J476,62,0.5,pdfplumber,,
,,DPP-2017-FEB,West,Phase3,DPP Phase 3 Final Study,2019-10-11,,,,,,,,,,,,391580_GI-DPP-2017-FEB-West-Phase3_System_Impact_Report_PUBLIC.pdf.pdf,,low_extraction_confidence,,J455,62,0.5,pdfplumber,,
,,DPP-2017-FEB,West,Phase3,DPP Phase 3 Final Study,2019-10-11,,,,,,,,,,,,391580_GI-DPP-2017-FEB-West-Phase3_System_Impact_Report_PUBLIC.pdf.pdf,,low_extraction_confidence,,J458,62,0.5,pdfplumber,,
,,DPP-2017-FEB,West,Phase3,DPP Phase 3 Final Study,2019-10-11,,,,,,,,,,,,391580_GI-DPP-2017-FEB-West-Phase3_System_Impact_Report_PUBLIC.pdf.pdf,,low_extraction_confidence,,J522,62,0.5,pdfplumber,,
,,DPP-2017-FEB,West,Phase3,DPP Phase 3 Final Study,2019-10-11,,,,,,,,,,,,391580_GI-DPP-2017-FEB-West-Phase3_System_Impact_Report_PUBLIC.pdf.pdf,,low_extraction_confidence,,J556,62,0.5,pdfplumber,,
,,DPP-2017-FEB,West,Phase3,DPP Phase 3 Final Study,2019-10-11,,,,,,,,,,,,391580_GI-DPP-2017-FEB-West-Phase3_System_Impact_Report_PUBLIC.pdf.pdf,,low_extraction_confidence,,J570,62,0.5,pdfplumber,,
,,DPP-2017-FEB,West,Phase3,DPP Phase 3 Final Study,2019-10-11,,,,,,,,,,,,391580_GI-DPP-2017-FEB-West-Phase3_System_Impact_Report_PUBLIC.pdf.pdf,,low_extraction_confidence,,J707,62,0.5,pdfplumber,,
,,DPP-2017-FEB,West,Phase3,DPP Phase 3 Final Study,2019-10-11,,,,,,,,,,,,391580_GI-DPP-2017-FEB-West-Phase3_System_Impact_Report_PUBLIC.pdf.pdf,,low_extraction_confidence,,J739,63,0.5,pdfplumber,,
,,DPP-2017-FEB,West,Phase3,DPP Phase 3 Final Study,2019-10-11,,,,,,,,,,,,391580_GI-DPP-2017-FEB-West-Phase3_System_Impact_Report_PUBLIC.pdf.pdf,,low_extraction_confidence,,J776,63,0.5,pdfplumber,,
,,DPP-2017-FEB,West,Phase3,DPP Phase 3 Final Study,2019-10-11,,,,,,,,,,,,391580_GI-DPP-2017-FEB-West-Phase3_System_Impact_Report_PUBLIC.pdf.pdf,,low_extraction_confidence,,J780,63,0.5,pdfplumber,,
,,DPP-2017-FEB,West,Phase3,DPP Phase 3 Final Study,2019-10-11,,,,,,,,,,,,391580_GI-DPP-2017-FEB-West-Phase3_System_Impact_Report_PUBLIC.pdf.pdf,,low_extraction_confidence,,J441,63,0.5,pdfplumber,,
,,DPP-2017-FEB,West,Phase3,DPP Phase 3 Final Study,2019-10-11,,,,,,,,,,,,391580_GI-DPP-2017-FEB-West-Phase3_System_Impact_Report_PUBLIC.pdf.pdf,,low_extraction_confidence,,J731,63,0.5,pdfplumber,,
,,DPP-2017-FEB,West,Phase3,DPP Phase 3 Final Study,2019-10-11,,,,,,,,,,,,391580_GI-DPP-2017-FEB-West-Phase3_System_Impact_Report_PUBLIC.pdf.pdf,,low_extraction_confidence,,J733,63,0.5,pdfplumber,,
,,DPP-2017-FEB,West,Phase3,DPP Phase 3 Final Study,2019-10-11,,,,,,,,,,,,391580_GI-DPP-2017-FEB-West-Phase3_System_Impact_Report_PUBLIC.pdf.pdf,,low_extraction_confidence,,J761,64,0.5,pdfplumber,,
,,DPP-2017-FEB,West,Phase3,DPP Phase 3 Final Study,2019-10-11,,,,,,,,,,,,391580_GI-DPP-2017-FEB-West-Phase3_System_Impact_Report_PUBLIC.pdf.pdf,,low_extraction_confidence,,J766,64,0.5,pdfplumber,,
,,DPP-2017-FEB,West,Phase3,DPP Phase 3 Final Study,2019-10-11,,,,,,,,,,,,391580_GI-DPP-2017-FEB-West-Phase3_System_Impact_Report_PUBLIC.pdf.pdf,,low_extraction_confidence,,J769,64,0.5,pdfplumber,,
,,DPP-2017-FEB,West,Phase3,DPP Phase 3 Final Study,2019-10-11,,,,,,,,,,,,391580_GI-DPP-2017-FEB-West-Phase3_System_Impact_Report_PUBLIC.pdf.pdf,,low_extraction_confidence,,J770,64,0.5,pdfplumber,,
,,DPP-2017-FEB,West,Phase3,DPP Phase 3 Final Study,2019-10-11,,,,,,,,,,,,391580_GI-DPP-2017-FEB-West-Phase3_System_Impact_Report_PUBLIC.pdf.pdf,,low_extraction_confidence,,J771,64,0.5,pdfplumber,,
,,DPP-2017-FEB,West,Phase3,DPP Phase 3 Final Study,2019-10-11,,,,,,,,,,,,391580_GI-DPP-2017-FEB-West-Phase3_System_Impact_Report_PUBLIC.pdf.pdf,,low_extraction_confidence,,J457,64,0.5,pdfplumber,,
,,DPP-2017-FEB,West,Phase3,DPP Phase 3 Final Study,2019-10-11,,,,,,,,,,,,391580_GI-DPP-2017-FEB-West-Phase3_System_Impact_Report_PUBLIC.pdf.pdf,,low_extraction_confidence,,J637,64,0.5,pdfplumber,,
,,DPP-2017-FEB,West,Phase3,DPP Phase 3 Final Study,2019-10-11,,,,,,,,,,,,391580_GI-DPP-2017-FEB-West-Phase3_System_Impact_Report_PUBLIC.pdf.pdf,,low_extraction_confidence,,J572,64,0.5,pdfplumber,,
,,DPP-2017-FEB,West,Phase3,DPP Phase 3 Final Study,2019-10-11,,,,,,,,,,,,391580_GI-DPP-2017-FEB-West-Phase3_System_Impact_Report_PUBLIC.pdf.pdf,,low_extraction_confidence,,J741,65,0.5,pdfplumber,,
,,DPP-2017-FEB,West,Phase3,DPP Phase 3 Final Study,2019-10-11,,,,,,,,,,,,391580_GI-DPP-2017-FEB-West-Phase3_System_Impact_Report_PUBLIC.pdf.pdf,,low_extraction_confidence,,J746,65,0.5,pdfplumber,,
,,DPP-2017-FEB,West,Phase3,DPP Phase 3 Final Study,2019-10-11,,,,,,,,,,,,391580_GI-DPP-2017-FEB-West-Phase3_System_Impact_Report_PUBLIC.pdf.pdf,,low_extraction_confidence,,J767,66,0.5,pdfplumber,,
,,DPP-2017-FEB,West,Phase3,DPP Phase 3 Final Study,2019-10-11,,,,,,,,,,,,391580_GI-DPP-2017-FEB-West-Phase3_System_Impact_Report_PUBLIC.pdf.pdf,,low_extraction_confidence,,J768,66,0.5,pdfplumber,,
,,DPP-2017-FEB,West,Phase3,DPP Phase 3 Final Study,2019-10-11,,,,,,,,,,,,391580_GI-DPP-2017-FEB-West-Phase3_System_Impact_Report_PUBLIC.pdf.pdf,,low_extraction_confidence,,J777,66,0.5,pdfplumber,,
,,DPP-2017-FEB,West,Phase3,DPP Phase 3 Final Study,2019-10-11,,,,,,,,,,,,391580_GI-DPP-2017-FEB-West-Phase3_System_Impact_Report_PUBLIC.pdf.pdf,,low_extraction_confidence,,J779,66,0.5,pdfplumber,,
,,DPP-2017-FEB,West,Phase3,DPP Phase 3 Final Study,2019-10-11,,,,,,,,,,,,391580_GI-DPP-2017-FEB-West-Phase3_System_Impact_Report_PUBLIC.pdf.pdf,,low_extraction_confidence,,J708,66,0.5,pdfplumber,,
,,DPP-2016-FEB,West,Phase2,DPP Phase 2 System Impact Study,2018-03-05,,,,,,,,,,,,394320_GI-DPP-2016-FEB-West-Phase2-Final-Public.pdf.pdf,,low_extraction_confidence,,J411,12,0.5,pdfplumber,,
,,DPP-2016-FEB,West,Phase2,DPP Phase 2 System Impact Study,2018-03-05,,,,,,,,,,,,394320_GI-DPP-2016-FEB-West-Phase2-Final-Public.pdf.pdf,,low_extraction_confidence,,J274,21,0.5,pdfplumber,,
,,DPP-2016-FEB,West,Phase2,DPP Phase 2 System Impact Study,2018-03-05,,,,,,,,,,,,394320_GI-DPP-2016-FEB-West-Phase2-Final-Public.pdf.pdf,,low_extraction_confidence,,J298,36,0.5,pdfplumber,,
,,DPP-2016-FEB,West,Phase2,DPP Phase 2 System Impact Study,2018-03-05,,,,,,,,,,,,394320_GI-DPP-2016-FEB-West-Phase2-Final-Public.pdf.pdf,,low_extraction_confidence,,J436,40,0.5,pdfplumber,,
,,DPP-2016-FEB,West,Phase2,DPP Phase 2 System Impact Study,2018-03-05,,,,,,,,,,,,394320_GI-DPP-2016-FEB-West-Phase2-Final-Public.pdf.pdf,,low_extraction_confidence,,J437,40,0.5,pdfplumber,,
,,DPP-2016-FEB,West,Phase2,DPP Phase 2 System Impact Study,2018-03-05,,,,,,,,,,,,394320_GI-DPP-2016-FEB-West-Phase2-Final-Public.pdf.pdf,,low_extraction_confidence,,J442,55,0.5,pdfplumber,,
,,DPP-2016-FEB,West,Phase2,DPP Phase 2 System Impact Study,2018-03-05,,,,,,,,,,,,394320_GI-DPP-2016-FEB-West-Phase2-Final-Public.pdf.pdf,,low_extraction_confidence,,J412,60,0.5,pdfplumber,,
,,DPP-2016-FEB,West,Phase2,DPP Phase 2 System Impact Study,2018-03-05,,,,,,,,,,,,394320_GI-DPP-2016-FEB-West-Phase2-Final-Public.pdf.pdf,,low_extraction_confidence,,J515,60,0.5,pdfplumber,,
,,DPP-2016-FEB,West,Phase3,DPP Phase 3 Final Study,2018-06-26,,,,,,,,,,,,394321_GI-DPP-2016-FEB-West-Phase3-Final-Public.pdf.pdf,,low_extraction_confidence,,J489,7,0.5,pdfplumber,,
,,DPP-2016-FEB,West,Phase3,DPP Phase 3 Final Study,2018-06-26,,,,,,,,,,,,394321_GI-DPP-2016-FEB-West-Phase3-Final-Public.pdf.pdf,,low_extraction_confidence,,J411,12,0.5,pdfplumber,,
,,DPP-2016-FEB,West,Phase3,DPP Phase 3 Final Study,2018-06-26,,,,,,,,,,,,394321_GI-DPP-2016-FEB-West-Phase3-Final-Public.pdf.pdf,,low_extraction_confidence,,J298,30,0.5,pdfplumber,,
,,DPP-2016-FEB,West,Phase3,DPP Phase 3 Final Study,2018-06-26,,,,,,,,,,,,394321_GI-DPP-2016-FEB-West-Phase3-Final-Public.pdf.pdf,,low_extraction_confidence,,J436,34,0.5,pdfplumber,,
,,DPP-2016-FEB,West,Phase3,DPP Phase 3 Final Study,2018-06-26,,,,,,,,,,,,394321_GI-DPP-2016-FEB-West-Phase3-Final-Public.pdf.pdf,,low_extraction_confidence,,J437,34,0.5,pdfplumber,,
,,DPP-2016-FEB,West,Phase3,DPP Phase 3 Final Study,2018-06-26,,,,,,,,,,,,394321_GI-DPP-2016-FEB-West-Phase3-Final-Public.pdf.pdf,,low_extraction_confidence,,J442,61,0.5,pdfplumber,,
,,DPP-2016-FEB,West,Phase3,DPP Phase 3 Final Study,2018-06-26,,,,,,,,,,,,394321_GI-DPP-2016-FEB-West-Phase3-Final-Public.pdf.pdf,,low_extraction_confidence,,J515,71,0.5,pdfplumber,,
,,DPP-2016-FEB,West,Phase3,DPP Phase 3 Final Study,2018-06-26,,,,,,,,,,,,394321_GI-DPP-2016-FEB-West-Phase3-Final-Public.pdf.pdf,,low_extraction_confidence,,J505,72,0.5,pdfplumber,,
,,DPP-2016-AUG,West,Phase1,DPP Phase 1 System Impact Study,2018-09-20,,,,,,,,,,,,394322_GI-DPP-2016-AUG-West-Phase1-Final-Public.pdf.pdf,,low_extraction_confidence,,J460,15,0.5,pdfplumber,,
,,DPP-2016-AUG,West,Phase1,DPP Phase 1 System Impact Study,2018-09-20,,,,,,,,,,,,394322_GI-DPP-2016-AUG-West-Phase1-Final-Public.pdf.pdf,,low_extraction_confidence,,J529,16,0.5,pdfplumber,,
,,DPP-2016-AUG,West,Phase2,DPP Phase 2 System Impact Study,2018-12-19,,,,,,,,,,,,394323_GI-DPP-2016-AUG-West-Phase2-Final-Public.pdf.pdf,,low_extraction_confidence,,J460,11,0.5,pdfplumber,,
,,DPP-2016-AUG,West,Phase2,DPP Phase 2 System Impact Study,2018-12-19,,,,,,,,,,,,394323_GI-DPP-2016-AUG-West-Phase2-Final-Public.pdf.pdf,,low_extraction_confidence,,J529,11,0.5,pdfplumber,,
,,DPP-2016-AUG,West,Phase2,DPP Phase 2 System Impact Study,2018-12-19,,,,,,,,,,,,394323_GI-DPP-2016-AUG-West-Phase2-Final-Public.pdf.pdf,,low_extraction_confidence,,J510,11,0.5,pdfplumber,,
,,DPP-2016-AUG,West,Phase2,DPP Phase 2 System Impact Study,2018-12-19,,,,,,,,,,,,394323_GI-DPP-2016-AUG-West-Phase2-Final-Public.pdf.pdf,,low_extraction_confidence,,J513,53,0.5,pdfplumber,,
,,DPP-2016-AUG,West,Phase2,DPP Phase 2 System Impact Study,2018-12-19,,,,,,,,,,,,394323_GI-DPP-2016-AUG-West-Phase2-Final-Public.pdf.pdf,,low_extraction_confidence,,J456,53,0.5,pdfplumber,,
,,DPP-2016-AUG,West,Phase2,DPP Phase 2 System Impact Study,2018-12-19,,,,,,,,,,,,394323_GI-DPP-2016-AUG-West-Phase2-Final-Public.pdf.pdf,,low_extraction_confidence,,J474,53,0.5,pdfplumber,,
,,DPP-2016-AUG,West,Phase2,DPP Phase 2 System Impact Study,2018-12-19,,,,,,,,,,,,394323_GI-DPP-2016-AUG-West-Phase2-Final-Public.pdf.pdf,,low_extraction_confidence,,J446,53,0.5,pdfplumber,,
,,DPP-2016-AUG,West,Phase2,DPP Phase 2 System Impact Study,2018-12-19,,,,,,,,,,,,394323_GI-DPP-2016-AUG-West-Phase2-Final-Public.pdf.pdf,,low_extraction_confidence,,J436,62,0.5,pdfplumber,,
,,DPP-2016-AUG,West,Phase2,DPP Phase 2 System Impact Study,2018-12-19,,,,,,,,,,,,394323_GI-DPP-2016-AUG-West-Phase2-Final-Public.pdf.pdf,,low_extraction_confidence,,J437,62,0.5,pdfplumber,,
,,DPP-2016-AUG,West,Phase2,DPP Phase 2 System Impact Study,2018-12-19,,,,,,,,,,,,394323_GI-DPP-2016-AUG-West-Phase2-Final-Public.pdf.pdf,,low_extraction_confidence,,J488,62,0.5,pdfplumber,,
,,DPP-2016-AUG,West,Phase2,DPP Phase 2 System Impact Study,2018-12-19,,,,,,,,,,,,394323_GI-DPP-2016-AUG-West-Phase2-Final-Public.pdf.pdf,,low_extraction_confidence,,J607,74,0.5,pdfplumber,,
,,DPP-2016-AUG,West,Phase2,DPP Phase 2 System Impact Study,2018-12-19,,,,,,,,,,,,394323_GI-DPP-2016-AUG-West-Phase2-Final-Public.pdf.pdf,,low_extraction_confidence,,J343,79,0.5,pdfplumber,,
,,DPP-2016-AUG,West,Phase2,DPP Phase 2 System Impact Study,2018-12-19,,,,,,,,,,,,394323_GI-DPP-2016-AUG-West-Phase2-Final-Public.pdf.pdf,,low_extraction_confidence,,J489,79,0.5,pdfplumber,,
,,DPP-2016-AUG,West,Phase2,DPP Phase 2 System Impact Study,2018-12-19,,,,,,,,,,,,394323_GI-DPP-2016-AUG-West-Phase2-Final-Public.pdf.pdf,,low_extraction_confidence,,J475,79,0.5,pdfplumber,,
,,DPP-2016-AUG,West,Phase3,DPP Phase 3 Final Study,2019-03-14,,,,,,,,,,,,394324_GI-DPP-2016-AUG-West-Phase3-Final-Public.pdf.pdf,,low_extraction_confidence,,J460,11,0.5,pdfplumber,,
,,DPP-2016-AUG,West,Phase3,DPP Phase 3 Final Study,2019-03-14,,,,,,,,,,,,394324_GI-DPP-2016-AUG-West-Phase3-Final-Public.pdf.pdf,,low_extraction_confidence,,J529,11,0.5,pdfplumber,,
,,DPP-2016-AUG,West,Phase3,DPP Phase 3 Final Study,2019-03-14,,,,,,,,,,,,394324_GI-DPP-2016-AUG-West-Phase3-Final-Public.pdf.pdf,,low_extraction_confidence,,J607,14,0.5,pdfplumber,,
,,DPP-2016-AUG,West,Phase3,DPP Phase 3 Final Study,2019-03-14,,,,,,,,,,,,394324_GI-DPP-2016-AUG-West-Phase3-Final-Public.pdf.pdf,,low_extraction_confidence,,J513,49,0.5,pdfplumber,,
,,DPP-2016-AUG,West,Phase3,DPP Phase 3 Final Study,2019-03-14,,,,,,,,,,,,394324_GI-DPP-2016-AUG-West-Phase3-Final-Public.pdf.pdf,,low_extraction_confidence,,J456,49,0.5,pdfplumber,,
,,DPP-2016-AUG,West,Phase3,DPP Phase 3 Final Study,2019-03-14,,,,,,,,,,,,394324_GI-DPP-2016-AUG-West-Phase3-Final-Public.pdf.pdf,,low_extraction_confidence,,J474,49,0.5,pdfplumber,,
,,DPP-2016-AUG,West,Phase3,DPP Phase 3 Final Study,2019-03-14,,,,,,,,,,,,394324_GI-DPP-2016-AUG-West-Phase3-Final-Public.pdf.pdf,,low_extraction_confidence,,J446,49,0.5,pdfplumber,,
,,DPP-2016-AUG,West,Phase3,DPP Phase 3 Final Study,2019-03-14,,,,,,,,,,,,394324_GI-DPP-2016-AUG-West-Phase3-Final-Public.pdf.pdf,,low_extraction_confidence,,J436,59,0.5,pdfplumber,,
,,DPP-2016-AUG,West,Phase3,DPP Phase 3 Final Study,2019-03-14,,,,,,,,,,,,394324_GI-DPP-2016-AUG-West-Phase3-Final-Public.pdf.pdf,,low_extraction_confidence,,J437,59,0.5,pdfplumber,,
,,DPP-2016-AUG,West,Phase3,DPP Phase 3 Final Study,2019-03-14,,,,,,,,,,,,394324_GI-DPP-2016-AUG-West-Phase3-Final-Public.pdf.pdf,,low_extraction_confidence,,J488,59,0.5,pdfplumber,,
,,DPP-2016-AUG,West,Phase3,DPP Phase 3 Final Study,2019-03-14,,,,,,,,,,,,394324_GI-DPP-2016-AUG-West-Phase3-Final-Public.pdf.pdf,,low_extraction_confidence,,J343,75,0.5,pdfplumber,,
,,DPP-2016-AUG,West,Phase3,DPP Phase 3 Final Study,2019-03-14,,,,,,,,,,,,394324_GI-DPP-2016-AUG-West-Phase3-Final-Public.pdf.pdf,,low_extraction_confidence,,J475,75,0.5,pdfplumber,,
,,DPP-2016-FEB,West,Phase1,DPP Phase 1 System Impact Study,2017-08-11,,,,,,,,,,,,394325_GI-DPP-2016_FEB_West-Phase1-Final-Public.pdf.pdf,,low_extraction_confidence,,J411,14,0.5,pdfplumber,,
,,DPP-2016-FEB,West,Phase1,DPP Phase 1 System Impact Study,2017-08-11,,,,,,,,,,,,394325_GI-DPP-2016_FEB_West-Phase1-Final-Public.pdf.pdf,,low_extraction_confidence,,J438,33,0.5,pdfplumber,,
,,DPP-2018-APR,Michigan,Phase1,DPP Phase 1 System Impact Study,2019-11-07,,,,,,,,,,,,392816_GI-DPP-2018-APR-MI-Ph1_System_Impact_Study_v2_FINAL_PUBLIC.zip__GI_DPP_2018_APRIL_MI_SIS_Phase_1_Report-FinalV2.pdf.pdf,,low_extraction_confidence,,J960,4,0.5,pdfplumber,,
,,DPP-2018-APR,Michigan,Phase1,DPP Phase 1 System Impact Study,2019-11-07,,,,,,,,,,,,392816_GI-DPP-2018-APR-MI-Ph1_System_Impact_Study_v2_FINAL_PUBLIC.zip__GI_DPP_2018_APRIL_MI_SIS_Phase_1_Report-FinalV2.pdf.pdf,,low_extraction_confidence,,J969,4,0.5,pdfplumber,,
,,DPP-2018-APR,Michigan,Phase1,DPP Phase 1 System Impact Study,2019-11-07,,,,,,,,,,,,392816_GI-DPP-2018-APR-MI-Ph1_System_Impact_Study_v2_FINAL_PUBLIC.zip__GI_DPP_2018_APRIL_MI_SIS_Phase_1_Report-FinalV2.pdf.pdf,,low_extraction_confidence,,J970,4,0.5,pdfplumber,,
,,DPP-2018-APR,Michigan,Phase1,DPP Phase 1 System Impact Study,2019-11-07,,,,,,,,,,,,392816_GI-DPP-2018-APR-MI-Ph1_System_Impact_Study_v2_FINAL_PUBLIC.zip__GI_DPP_2018_APRIL_MI_SIS_Phase_1_Report-FinalV2.pdf.pdf,,low_extraction_confidence,,J1004,4,0.5,pdfplumber,,
,,DPP-2018-APR,Michigan,Phase1,DPP Phase 1 System Impact Study,2019-11-07,,,,,,,,,,,,392816_GI-DPP-2018-APR-MI-Ph1_System_Impact_Study_v2_FINAL_PUBLIC.zip__GI_DPP_2018_APRIL_MI_SIS_Phase_1_Report-FinalV2.pdf.pdf,,low_extraction_confidence,,J1015,4,0.5,pdfplumber,,
,,DPP-2018-APR,Michigan,Phase1,DPP Phase 1 System Impact Study,2019-11-07,,,,,,,,,,,,392816_GI-DPP-2018-APR-MI-Ph1_System_Impact_Study_v2_FINAL_PUBLIC.zip__GI_DPP_2018_APRIL_MI_SIS_Phase_1_Report-FinalV2.pdf.pdf,,low_extraction_confidence,,J1048,4,0.5,pdfplumber,,
,,DPP-2018-APR,Michigan,Phase1,DPP Phase 1 System Impact Study,2019-11-07,,,,,,,,,,,,392816_GI-DPP-2018-APR-MI-Ph1_System_Impact_Study_v2_FINAL_PUBLIC.zip__GI_DPP_2018_APRIL_MI_SIS_Phase_1_Report-FinalV2.pdf.pdf,,low_extraction_confidence,,J1052,4,0.5,pdfplumber,,
,,DPP-2018-APR,Michigan,Phase1,DPP Phase 1 System Impact Study,2019-11-07,,,,,,,,,,,,392816_GI-DPP-2018-APR-MI-Ph1_System_Impact_Study_v2_FINAL_PUBLIC.zip__GI_DPP_2018_APRIL_MI_SIS_Phase_1_Report-FinalV2.pdf.pdf,,low_extraction_confidence,,J1075,4,0.5,pdfplumber,,
,,DPP-2018-APR,Michigan,Phase1,DPP Phase 1 System Impact Study,2019-11-07,,,,,,,,,,,,392816_GI-DPP-2018-APR-MI-Ph1_System_Impact_Study_v2_FINAL_PUBLIC.zip__GI_DPP_2018_APRIL_MI_SIS_Phase_1_Report-FinalV2.pdf.pdf,,low_extraction_confidence,,J1077,4,0.5,pdfplumber,,
,,DPP-2018-APR,Michigan,Phase1,DPP Phase 1 System Impact Study,2019-11-07,,,,,,,,,,,,392816_GI-DPP-2018-APR-MI-Ph1_System_Impact_Study_v2_FINAL_PUBLIC.zip__GI_DPP_2018_APRIL_MI_SIS_Phase_1_Report-FinalV2.pdf.pdf,,low_extraction_confidence,,J1126,4,0.5,pdfplumber,,
,,DPP-2018-APR,Michigan,Phase1,DPP Phase 1 System Impact Study,2019-11-07,,,,,,,,,,,,392816_GI-DPP-2018-APR-MI-Ph1_System_Impact_Study_v2_FINAL_PUBLIC.zip__GI_DPP_2018_APRIL_MI_SIS_Phase_1_Report-FinalV2.pdf.pdf,,low_extraction_confidence,,J1141,4,0.5,pdfplumber,,
,,DPP-2018-APR,Michigan,Phase1,DPP Phase 1 System Impact Study,2019-11-07,,,,,,,,,,,,392816_GI-DPP-2018-APR-MI-Ph1_System_Impact_Study_v2_FINAL_PUBLIC.zip__GI_DPP_2018_APRIL_MI_SIS_Phase_1_Report-FinalV2.pdf.pdf,,low_extraction_confidence,,J589,8,0.5,pdfplumber,,
,,DPP-2018-APR,Michigan,Phase1,DPP Phase 1 System Impact Study,2019-11-07,,,,,,,,,,,,392816_GI-DPP-2018-APR-MI-Ph1_System_Impact_Study_v2_FINAL_PUBLIC.zip__GI_DPP_2018_APRIL_MI_SIS_Phase_1_Report-FinalV2.pdf.pdf,,low_extraction_confidence,,J841,8,0.5,pdfplumber,,
,,DPP-2018-APR,Central,Phase1,DPP Phase 1 System Impact Study,2019-11-29,,,,,,,,,,,,404614_GI_DPP_2018_APRIL_Central_SIS_Phase_I_Report_-_FINAL.pdf.pdf,,low_extraction_confidence,,J957,5,0.5,pdfplumber,,
,,DPP-2018-APR,Central,Phase1,DPP Phase 1 System Impact Study,2019-11-29,,,,,,,,,,,,404614_GI_DPP_2018_APRIL_Central_SIS_Phase_I_Report_-_FINAL.pdf.pdf,,low_extraction_confidence,,J973,5,0.5,pdfplumber,,
,,DPP-2018-APR,Central,Phase1,DPP Phase 1 System Impact Study,2019-11-29,,,,,,,,,,,,404614_GI_DPP_2018_APRIL_Central_SIS_Phase_I_Report_-_FINAL.pdf.pdf,,low_extraction_confidence,,J983,5,0.5,pdfplumber,,
,,DPP-2018-APR,Central,Phase1,DPP Phase 1 System Impact Study,2019-11-29,,,,,,,,,,,,404614_GI_DPP_2018_APRIL_Central_SIS_Phase_I_Report_-_FINAL.pdf.pdf,,low_extraction_confidence,,J1012,5,0.5,pdfplumber,,
,,DPP-2018-APR,Central,Phase1,DPP Phase 1 System Impact Study,2019-11-29,,,,,,,,,,,,404614_GI_DPP_2018_APRIL_Central_SIS_Phase_I_Report_-_FINAL.pdf.pdf,,low_extraction_confidence,,J1017,5,0.5,pdfplumber,,
,,DPP-2018-APR,Central,Phase1,DPP Phase 1 System Impact Study,2019-11-29,,,,,,,,,,,,404614_GI_DPP_2018_APRIL_Central_SIS_Phase_I_Report_-_FINAL.pdf.pdf,,low_extraction_confidence,,J1018,5,0.5,pdfplumber,,
,,DPP-2018-APR,Central,Phase1,DPP Phase 1 System Impact Study,2019-11-29,,,,,,,,,,,,404614_GI_DPP_2018_APRIL_Central_SIS_Phase_I_Report_-_FINAL.pdf.pdf,,low_extraction_confidence,,J1019,5,0.5,pdfplumber,,
,,DPP-2018-APR,Central,Phase1,DPP Phase 1 System Impact Study,2019-11-29,,,,,,,,,,,,404614_GI_DPP_2018_APRIL_Central_SIS_Phase_I_Report_-_FINAL.pdf.pdf,,low_extraction_confidence,,J1035,5,0.5,pdfplumber,,
,,DPP-2018-APR,Central,Phase1,DPP Phase 1 System Impact Study,2019-11-29,,,,,,,,,,,,404614_GI_DPP_2018_APRIL_Central_SIS_Phase_I_Report_-_FINAL.pdf.pdf,,low_extraction_confidence,,J1066,5,0.5,pdfplumber,,
,,DPP-2018-APR,Central,Phase1,DPP Phase 1 System Impact Study,2019-11-29,,,,,,,,,,,,404614_GI_DPP_2018_APRIL_Central_SIS_Phase_I_Report_-_FINAL.pdf.pdf,,low_extraction_confidence,,J1080,5,0.5,pdfplumber,,
,,DPP-2018-APR,Central,Phase1,DPP Phase 1 System Impact Study,2019-11-29,,,,,,,,,,,,404614_GI_DPP_2018_APRIL_Central_SIS_Phase_I_Report_-_FINAL.pdf.pdf,,low_extraction_confidence,,J1116,5,0.5,pdfplumber,,
,,DPP-2018-APR,Central,Phase1,DPP Phase 1 System Impact Study,2019-11-29,,,,,,,,,,,,404614_GI_DPP_2018_APRIL_Central_SIS_Phase_I_Report_-_FINAL.pdf.pdf,,low_extraction_confidence,,J1118,5,0.5,pdfplumber,,
,,DPP-2018-APR,Central,Phase1,DPP Phase 1 System Impact Study,2019-11-29,,,,,,,,,,,,404614_GI_DPP_2018_APRIL_Central_SIS_Phase_I_Report_-_FINAL.pdf.pdf,,low_extraction_confidence,,J1150,5,0.5,pdfplumber,,
,,DPP-2018-APR,Central,Phase1,DPP Phase 1 System Impact Study,2019-11-29,,,,,,,,,,,,404614_GI_DPP_2018_APRIL_Central_SIS_Phase_I_Report_-_FINAL.pdf.pdf,,low_extraction_confidence,,J829,10,0.5,pdfplumber,,
,,DPP-2018-APR,Central,Phase1,DPP Phase 1 System Impact Study,2019-11-29,,,,,,,,,,,,404614_GI_DPP_2018_APRIL_Central_SIS_Phase_I_Report_-_FINAL.pdf.pdf,,low_extraction_confidence,,J811,11,0.5,pdfplumber,,
,,DPP-2018-APR,Central,Phase1,DPP Phase 1 System Impact Study,2019-11-29,,,,,,,,,,,,404614_GI_DPP_2018_APRIL_Central_SIS_Phase_I_Report_-_FINAL.pdf.pdf,,low_extraction_confidence,,J815,11,0.5,pdfplumber,,
,,DPP-2018-APR,Central,Phase1,DPP Phase 1 System Impact Study,2019-11-29,,,,,,,,,,,,404614_GI_DPP_2018_APRIL_Central_SIS_Phase_I_Report_-_FINAL.pdf.pdf,,low_extraction_confidence,,J848,11,0.5,pdfplumber,,
,,DPP-2018-APR,Central,Phase1,DPP Phase 1 System Impact Study,2019-11-29,,,,,,,,,,,,404614_GI_DPP_2018_APRIL_Central_SIS_Phase_I_Report_-_FINAL.pdf.pdf,,low_extraction_confidence,,J912,11,0.5,pdfplumber,,
,,DPP-2018-APR,Central,Phase1,DPP Phase 1 System Impact Study,2019-11-29,,,,,,,,,,,,404614_GI_DPP_2018_APRIL_Central_SIS_Phase_I_Report_-_FINAL.pdf.pdf,,low_extraction_confidence,,J800,11,0.5,pdfplumber,,
,,DPP-2018-APR,Central,Phase1,DPP Phase 1 System Impact Study,2019-11-29,,,,,,,,,,,,404614_GI_DPP_2018_APRIL_Central_SIS_Phase_I_Report_-_FINAL.pdf.pdf,,low_extraction_confidence,,J842,11,0.5,pdfplumber,,
,,DPP-2018-APR,Central,Phase1,DPP Phase 1 System Impact Study,2019-11-29,,,,,,,,,,,,404614_GI_DPP_2018_APRIL_Central_SIS_Phase_I_Report_-_FINAL.pdf.pdf,,low_extraction_confidence,,J843,11,0.5,pdfplumber,,
,,DPP-2017-AUG,West,Phase1,DPP Phase 1 System Impact Study,2019-10-03,,,,,,,,,,,,388157_GI-DPP-2017-AUG-West-Phase1_System_Impact_Report_PUBLIC.pdf.pdf,,low_extraction_confidence,,J1155,22,0.5,pdfplumber,,
,,DPP-2017-AUG,West,Phase1,DPP Phase 1 System Impact Study,2019-10-03,,,,,,,,,,,,388157_GI-DPP-2017-AUG-West-Phase1_System_Impact_Report_PUBLIC.pdf.pdf,,low_extraction_confidence,,J437,33,0.5,pdfplumber,,
,,DPP-2017-AUG,West,Phase1,DPP Phase 1 System Impact Study,2019-10-03,,,,,,,,,,,,388157_GI-DPP-2017-AUG-West-Phase1_System_Impact_Report_PUBLIC.pdf.pdf,,low_extraction_confidence,,J503,33,0.5,pdfplumber,,
,,DPP-2017-AUG,West,Phase1,DPP Phase 1 System Impact Study,2019-10-03,,,,,,,,,,,,388157_GI-DPP-2017-AUG-West-Phase1_System_Impact_Report_PUBLIC.pdf.pdf,,low_extraction_confidence,,J493,33,0.5,pdfplumber,,
,,DPP-2017-AUG,West,Phase1,DPP Phase 1 System Impact Study,2019-10-03,,,,,,,,,,,,388157_GI-DPP-2017-AUG-West-Phase1_System_Impact_Report_PUBLIC.pdf.pdf,,low_extraction_confidence,,J526,33,0.5,pdfplumber,,
,,DPP-2017-AUG,West,Phase1,DPP Phase 1 System Impact Study,2019-10-03,,,,,,,,,,,,388157_GI-DPP-2017-AUG-West-Phase1_System_Impact_Report_PUBLIC.pdf.pdf,,low_extraction_confidence,,J732,45,0.5,pdfplumber,,
,,DPP-2017-AUG,West,Phase1,DPP Phase 1 System Impact Study,2019-10-03,,,,,,,,,,,,388157_GI-DPP-2017-AUG-West-Phase1_System_Impact_Report_PUBLIC.pdf.pdf,,low_extraction_confidence,,J741,59,0.5,pdfplumber,,
,,DPP-2016-AUG,West,Restudy,Restudy;Addendum,2019-03-14,,,,,,,,,,,,429301_GI_DPP_2016_AUG_West_Area_Restudy_SIS_Addendum_Public.pdf.pdf,,low_extraction_confidence,,J598,1,0.5,pdfplumber,,
,,DPP-2016-AUG,West,Restudy,Restudy;Addendum,2019-03-14,,,,,,,,,,,,429301_GI_DPP_2016_AUG_West_Area_Restudy_SIS_Addendum_Public.pdf.pdf,,low_extraction_confidence,,J541,2,0.5,pdfplumber,,
,,DPP-2016-AUG,West,Restudy,Restudy;Addendum,2019-03-14,,,,,,,,,,,,429301_GI_DPP_2016_AUG_West_Area_Restudy_SIS_Addendum_Public.pdf.pdf,,low_extraction_confidence,,J555,2,0.5,pdfplumber,,
,,DPP-2016-AUG,West,Restudy,Restudy;Addendum,2019-03-14,,,,,,,,,,,,429301_GI_DPP_2016_AUG_West_Area_Restudy_SIS_Addendum_Public.pdf.pdf,,low_extraction_confidence,,J476,2,0.5,pdfplumber,,
,,DPP-2016-AUG,West,Restudy,Restudy;Addendum,2019-03-14,,,,,,,,,,,,429301_GI_DPP_2016_AUG_West_Area_Restudy_SIS_Addendum_Public.pdf.pdf,,low_extraction_confidence,,J583,2,0.5,pdfplumber,,
,,DPP-2016-AUG,West,Restudy,Restudy;Addendum,2019-03-14,,,,,,,,,,,,429301_GI_DPP_2016_AUG_West_Area_Restudy_SIS_Addendum_Public.pdf.pdf,,low_extraction_confidence,,J611,2,0.5,pdfplumber,,
,,DPP-2016-AUG,West,Restudy,Restudy;Addendum,2019-03-14,,,,,,,,,,,,429301_GI_DPP_2016_AUG_West_Area_Restudy_SIS_Addendum_Public.pdf.pdf,,low_extraction_confidence,,J302,3,0.5,pdfplumber,,
,,DPP-2016-AUG,West,Restudy,Restudy;Addendum,2019-03-14,,,,,,,,,,,,429301_GI_DPP_2016_AUG_West_Area_Restudy_SIS_Addendum_Public.pdf.pdf,,low_extraction_confidence,,J503,3,0.5,pdfplumber,,
,,DPP-2016-AUG,West,Restudy,Restudy;Addendum,2019-03-14,,,,,,,,,,,,429301_GI_DPP_2016_AUG_West_Area_Restudy_SIS_Addendum_Public.pdf.pdf,,low_extraction_confidence,,J512,3,0.5,pdfplumber,,
,,DPP-2016-AUG,West,Restudy,Restudy;Addendum,2019-03-14,,,,,,,,,,,,429301_GI_DPP_2016_AUG_West_Area_Restudy_SIS_Addendum_Public.pdf.pdf,,low_extraction_confidence,,J569,3,0.5,pdfplumber,,
,,DPP-2016-AUG,West,Restudy,Restudy;Addendum,2019-03-14,,,,,,,,,,,,429301_GI_DPP_2016_AUG_West_Area_Restudy_SIS_Addendum_Public.pdf.pdf,,low_extraction_confidence,,J587,3,0.5,pdfplumber,,
,,DPP-2016-AUG,West,Restudy,Restudy;Addendum,2019-03-14,,,,,,,,,,,,429301_GI_DPP_2016_AUG_West_Area_Restudy_SIS_Addendum_Public.pdf.pdf,,low_extraction_confidence,,J590,3,0.5,pdfplumber,,
,,DPP-2016-AUG,West,Restudy,Restudy;Addendum,2019-03-14,,,,,,,,,,,,429301_GI_DPP_2016_AUG_West_Area_Restudy_SIS_Addendum_Public.pdf.pdf,,low_extraction_confidence,,J614,3,0.5,pdfplumber,,
,,DPP-2016-FEB,West,Unknown,Addendum,2018-03-05,,,,,,,,,,,,429588_GI_DPP_2016_FEB_West_Area_SIS_Second_Addendum_Public_Final.pdf.pdf,,low_extraction_confidence,,J528,1,0.5,pdfplumber,,
,,DPP-2016-FEB,West,Unknown,Addendum,2018-03-05,,,,,,,,,,,,429588_GI_DPP_2016_FEB_West_Area_SIS_Second_Addendum_Public_Final.pdf.pdf,,low_extraction_confidence,,J432,1,0.5,pdfplumber,,
,,DPP-2016-FEB,West,Unknown,Addendum,2018-03-05,,,,,,,,,,,,429588_GI_DPP_2016_FEB_West_Area_SIS_Second_Addendum_Public_Final.pdf.pdf,,low_extraction_confidence,,J460,1,0.5,pdfplumber,,
,,DPP-2016-FEB,West,Unknown,Addendum,2018-03-05,,,,,,,,,,,,429588_GI_DPP_2016_FEB_West_Area_SIS_Second_Addendum_Public_Final.pdf.pdf,,low_extraction_confidence,,J488,1,0.5,pdfplumber,,
,,DPP-2016-FEB,West,Unknown,Addendum,2018-03-05,,,,,,,,,,,,429588_GI_DPP_2016_FEB_West_Area_SIS_Second_Addendum_Public_Final.pdf.pdf,,low_extraction_confidence,,J493,1,0.5,pdfplumber,,
,,DPP-2016-FEB,West,Unknown,Addendum,2018-03-05,,,,,,,,,,,,429588_GI_DPP_2016_FEB_West_Area_SIS_Second_Addendum_Public_Final.pdf.pdf,,low_extraction_confidence,,J495,1,0.5,pdfplumber,,
,,DPP-2016-FEB,West,Unknown,Addendum,2018-03-05,,,,,,,,,,,,429588_GI_DPP_2016_FEB_West_Area_SIS_Second_Addendum_Public_Final.pdf.pdf,,low_extraction_confidence,,J498,1,0.5,pdfplumber,,
,,DPP-2016-FEB,West,Unknown,Addendum,2018-03-05,,,,,,,,,,,,429588_GI_DPP_2016_FEB_West_Area_SIS_Second_Addendum_Public_Final.pdf.pdf,,low_extraction_confidence,,J499,1,0.5,pdfplumber,,
,,DPP-2016-FEB,West,Unknown,Addendum,2018-03-05,,,,,,,,,,,,429588_GI_DPP_2016_FEB_West_Area_SIS_Second_Addendum_Public_Final.pdf.pdf,,low_extraction_confidence,,J500,1,0.5,pdfplumber,,
,,DPP-2016-FEB,West,Unknown,Addendum,2018-03-05,,,,,,,,,,,,429588_GI_DPP_2016_FEB_West_Area_SIS_Second_Addendum_Public_Final.pdf.pdf,,low_extraction_confidence,,J506,1,0.5,pdfplumber,,
,,DPP-2016-FEB,West,Unknown,Addendum,2018-03-05,,,,,,,,,,,,429588_GI_DPP_2016_FEB_West_Area_SIS_Second_Addendum_Public_Final.pdf.pdf,,low_extraction_confidence,,J514,1,0.5,pdfplumber,,
,,DPP-2016-FEB,West,Unknown,Addendum,2018-03-05,,,,,,,,,,,,429588_GI_DPP_2016_FEB_West_Area_SIS_Second_Addendum_Public_Final.pdf.pdf,,low_extraction_confidence,,J524,1,0.5,pdfplumber,,
,,DPP-2016-FEB,West,Unknown,Addendum,2018-03-05,,,,,,,,,,,,429588_GI_DPP_2016_FEB_West_Area_SIS_Second_Addendum_Public_Final.pdf.pdf,,low_extraction_confidence,,J526,1,0.5,pdfplumber,,
,,DPP-2016-FEB,West,Unknown,Addendum,2018-03-05,,,,,,,,,,,,429588_GI_DPP_2016_FEB_West_Area_SIS_Second_Addendum_Public_Final.pdf.pdf,,low_extraction_confidence,,J527,1,0.5,pdfplumber,,
,,DPP-2016-FEB,West,Unknown,Addendum,2018-03-05,,,,,,,,,,,,429588_GI_DPP_2016_FEB_West_Area_SIS_Second_Addendum_Public_Final.pdf.pdf,,low_extraction_confidence,,J534,1,0.5,pdfplumber,,
,,DPP-2016-FEB,West,Unknown,Addendum,2018-03-05,,,,,,,,,,,,429588_GI_DPP_2016_FEB_West_Area_SIS_Second_Addendum_Public_Final.pdf.pdf,,low_extraction_confidence,,J535,1,0.5,pdfplumber,,
,,DPP-2016-FEB,West,Unknown,Addendum,2018-03-05,,,,,,,,,,,,429588_GI_DPP_2016_FEB_West_Area_SIS_Second_Addendum_Public_Final.pdf.pdf,,low_extraction_confidence,,J530,2,0.5,pdfplumber,,
,,DPP-2016-FEB,West,Unknown,Addendum,2018-03-05,,,,,,,,,,,,429588_GI_DPP_2016_FEB_West_Area_SIS_Second_Addendum_Public_Final.pdf.pdf,,low_extraction_confidence,,J475,3,0.5,pdfplumber,,
,,DPP-2016-FEB,West,Unknown,Addendum,2018-03-05,,,,,,,,,,,,429588_GI_DPP_2016_FEB_West_Area_SIS_Second_Addendum_Public_Final.pdf.pdf,,low_extraction_confidence,,J485,3,0.5,pdfplumber,,
,,DPP-2016-FEB,West,Unknown,Addendum,2018-03-05,,,,,,,,,,,,429588_GI_DPP_2016_FEB_West_Area_SIS_Second_Addendum_Public_Final.pdf.pdf,,low_extraction_confidence,,J504,3,0.5,pdfplumber,,
,,DPP-2016-FEB,West,Unknown,Addendum,2018-03-05,,,,,,,,,,,,429588_GI_DPP_2016_FEB_West_Area_SIS_Second_Addendum_Public_Final.pdf.pdf,,low_extraction_confidence,,J510,3,0.5,pdfplumber,,
,,DPP-2016-FEB,West,Unknown,Addendum,2018-03-05,,,,,,,,,,,,429588_GI_DPP_2016_FEB_West_Area_SIS_Second_Addendum_Public_Final.pdf.pdf,,low_extraction_confidence,,J523,3,0.5,pdfplumber,,
,,DPP-2016-FEB,West,Unknown,Addendum,2018-03-05,,,,,,,,,,,,429588_GI_DPP_2016_FEB_West_Area_SIS_Second_Addendum_Public_Final.pdf.pdf,,low_extraction_confidence,,J529,3,0.5,pdfplumber,,
,,DPP-2018-APR,West,Phase1,DPP Phase 1 System Impact Study,2020-03-04,,,,,,,,,,,,433420_GI-DPP-2018-APR-West_Phase1_System_Impact_Report_Public.pdf.pdf,,low_extraction_confidence,,J611,14,0.5,pdfplumber,,
,,DPP-2018-APR,West,Phase1,DPP Phase 1 System Impact Study,2020-03-04,,,,,,,,,,,,433420_GI-DPP-2018-APR-West_Phase1_System_Impact_Report_Public.pdf.pdf,,low_extraction_confidence,,J506,15,0.5,pdfplumber,,
,,DPP-2018-APR,West,Phase1,DPP Phase 1 System Impact Study,2020-03-04,,,,,,,,,,,,433420_GI-DPP-2018-APR-West_Phase1_System_Impact_Report_Public.pdf.pdf,,low_extraction_confidence,,J580,26,0.5,pdfplumber,,
,,DPP-2018-APR,West,Phase1,DPP Phase 1 System Impact Study,2020-03-04,,,,,,,,,,,,433420_GI-DPP-2018-APR-West_Phase1_System_Impact_Report_Public.pdf.pdf,,low_extraction_confidence,,J732,46,0.5,pdfplumber,,
,,DPP-2018-APR,West,Phase1,DPP Phase 1 System Impact Study,2020-03-04,,,,,,,,,,,,433420_GI-DPP-2018-APR-West_Phase1_System_Impact_Report_Public.pdf.pdf,,low_extraction_confidence,,J302,70,0.5,pdfplumber,,
,,DPP-2018-APR,Michigan,Phase2,DPP Phase 2 System Impact Study,2020-06-10,,,,,,,,,,,,452097_GI-DPP-2018-APR-MI-Ph2_System_Impact_Study_Final_PUBLIC.zip__GI_DPP_2018_APRIL_MI_SIS_Phase_2_Report-V4-Final.pdf.pdf,,low_extraction_confidence,,J960,4,0.5,pdfplumber,,
,,DPP-2018-APR,Michigan,Phase2,DPP Phase 2 System Impact Study,2020-06-10,,,,,,,,,,,,452097_GI-DPP-2018-APR-MI-Ph2_System_Impact_Study_Final_PUBLIC.zip__GI_DPP_2018_APRIL_MI_SIS_Phase_2_Report-V4-Final.pdf.pdf,,low_extraction_confidence,,J969,4,0.5,pdfplumber,,
,,DPP-2018-APR,Michigan,Phase2,DPP Phase 2 System Impact Study,2020-06-10,,,,,,,,,,,,452097_GI-DPP-2018-APR-MI-Ph2_System_Impact_Study_Final_PUBLIC.zip__GI_DPP_2018_APRIL_MI_SIS_Phase_2_Report-V4-Final.pdf.pdf,,low_extraction_confidence,,J970,4,0.5,pdfplumber,,
,,DPP-2018-APR,Michigan,Phase2,DPP Phase 2 System Impact Study,2020-06-10,,,,,,,,,,,,452097_GI-DPP-2018-APR-MI-Ph2_System_Impact_Study_Final_PUBLIC.zip__GI_DPP_2018_APRIL_MI_SIS_Phase_2_Report-V4-Final.pdf.pdf,,low_extraction_confidence,,J1004,4,0.5,pdfplumber,,
,,DPP-2018-APR,Michigan,Phase2,DPP Phase 2 System Impact Study,2020-06-10,,,,,,,,,,,,452097_GI-DPP-2018-APR-MI-Ph2_System_Impact_Study_Final_PUBLIC.zip__GI_DPP_2018_APRIL_MI_SIS_Phase_2_Report-V4-Final.pdf.pdf,,low_extraction_confidence,,J1015,4,0.5,pdfplumber,,
,,DPP-2018-APR,Michigan,Phase2,DPP Phase 2 System Impact Study,2020-06-10,,,,,,,,,,,,452097_GI-DPP-2018-APR-MI-Ph2_System_Impact_Study_Final_PUBLIC.zip__GI_DPP_2018_APRIL_MI_SIS_Phase_2_Report-V4-Final.pdf.pdf,,low_extraction_confidence,,J1048,4,0.5,pdfplumber,,
,,DPP-2018-APR,Michigan,Phase2,DPP Phase 2 System Impact Study,2020-06-10,,,,,,,,,,,,452097_GI-DPP-2018-APR-MI-Ph2_System_Impact_Study_Final_PUBLIC.zip__GI_DPP_2018_APRIL_MI_SIS_Phase_2_Report-V4-Final.pdf.pdf,,low_extraction_confidence,,J1052,4,0.5,pdfplumber,,
,,DPP-2018-APR,Michigan,Phase2,DPP Phase 2 System Impact Study,2020-06-10,,,,,,,,,,,,452097_GI-DPP-2018-APR-MI-Ph2_System_Impact_Study_Final_PUBLIC.zip__GI_DPP_2018_APRIL_MI_SIS_Phase_2_Report-V4-Final.pdf.pdf,,low_extraction_confidence,,J1075,4,0.5,pdfplumber,,
,,DPP-2018-APR,Michigan,Phase2,DPP Phase 2 System Impact Study,2020-06-10,,,,,,,,,,,,452097_GI-DPP-2018-APR-MI-Ph2_System_Impact_Study_Final_PUBLIC.zip__GI_DPP_2018_APRIL_MI_SIS_Phase_2_Report-V4-Final.pdf.pdf,,low_extraction_confidence,,J1077,4,0.5,pdfplumber,,
,,DPP-2018-APR,Michigan,Phase2,DPP Phase 2 System Impact Study,2020-06-10,,,,,,,,,,,,452097_GI-DPP-2018-APR-MI-Ph2_System_Impact_Study_Final_PUBLIC.zip__GI_DPP_2018_APRIL_MI_SIS_Phase_2_Report-V4-Final.pdf.pdf,,low_extraction_confidence,,J1126,4,0.5,pdfplumber,,
,,DPP-2018-APR,Michigan,Phase2,DPP Phase 2 System Impact Study,2020-06-10,,,,,,,,,,,,452097_GI-DPP-2018-APR-MI-Ph2_System_Impact_Study_Final_PUBLIC.zip__GI_DPP_2018_APRIL_MI_SIS_Phase_2_Report-V4-Final.pdf.pdf,,low_extraction_confidence,,J1141,4,0.5,pdfplumber,,
,,DPP-2018-APR,Michigan,Phase2,DPP Phase 2 System Impact Study,2020-06-10,,,,,,,,,,,,452097_GI-DPP-2018-APR-MI-Ph2_System_Impact_Study_Final_PUBLIC.zip__GI_DPP_2018_APRIL_MI_SIS_Phase_2_Report-V4-Final.pdf.pdf,,low_extraction_confidence,,J978,4,0.5,pdfplumber,,
,,DPP-2018-APR,Michigan,Phase2,DPP Phase 2 System Impact Study,2020-06-10,,,,,,,,,,,,452097_GI-DPP-2018-APR-MI-Ph2_System_Impact_Study_Final_PUBLIC.zip__GI_DPP_2018_APRIL_MI_SIS_Phase_2_Report-V4-Final.pdf.pdf,,low_extraction_confidence,,J1013,4,0.5,pdfplumber,,
,,DPP-2018-APR,Michigan,Phase2,DPP Phase 2 System Impact Study,2020-06-10,,,,,,,,,,,,452097_GI-DPP-2018-APR-MI-Ph2_System_Impact_Study_Final_PUBLIC.zip__GI_DPP_2018_APRIL_MI_SIS_Phase_2_Report-V4-Final.pdf.pdf,,low_extraction_confidence,,J1014,4,0.5,pdfplumber,,
,,DPP-2018-APR,Michigan,Phase2,DPP Phase 2 System Impact Study,2020-06-10,,,,,,,,,,,,452097_GI-DPP-2018-APR-MI-Ph2_System_Impact_Study_Final_PUBLIC.zip__GI_DPP_2018_APRIL_MI_SIS_Phase_2_Report-V4-Final.pdf.pdf,,low_extraction_confidence,,J1046,4,0.5,pdfplumber,,
,,DPP-2018-APR,Michigan,Phase2,DPP Phase 2 System Impact Study,2020-06-10,,,,,,,,,,,,452097_GI-DPP-2018-APR-MI-Ph2_System_Impact_Study_Final_PUBLIC.zip__GI_DPP_2018_APRIL_MI_SIS_Phase_2_Report-V4-Final.pdf.pdf,,low_extraction_confidence,,J1056,4,0.5,pdfplumber,,
,,DPP-2018-APR,Michigan,Phase2,DPP Phase 2 System Impact Study,2020-06-10,,,,,,,,,,,,452097_GI-DPP-2018-APR-MI-Ph2_System_Impact_Study_Final_PUBLIC.zip__GI_DPP_2018_APRIL_MI_SIS_Phase_2_Report-V4-Final.pdf.pdf,,low_extraction_confidence,,J1064,4,0.5,pdfplumber,,
,,DPP-2018-APR,Michigan,Phase2,DPP Phase 2 System Impact Study,2020-06-10,,,,,,,,,,,,452097_GI-DPP-2018-APR-MI-Ph2_System_Impact_Study_Final_PUBLIC.zip__GI_DPP_2018_APRIL_MI_SIS_Phase_2_Report-V4-Final.pdf.pdf,,low_extraction_confidence,,J1065,4,0.5,pdfplumber,,
,,DPP-2018-APR,Michigan,Phase2,DPP Phase 2 System Impact Study,2020-06-10,,,,,,,,,,,,452097_GI-DPP-2018-APR-MI-Ph2_System_Impact_Study_Final_PUBLIC.zip__GI_DPP_2018_APRIL_MI_SIS_Phase_2_Report-V4-Final.pdf.pdf,,low_extraction_confidence,,J1068,4,0.5,pdfplumber,,
,,DPP-2018-APR,Michigan,Phase2,DPP Phase 2 System Impact Study,2020-06-10,,,,,,,,,,,,452097_GI-DPP-2018-APR-MI-Ph2_System_Impact_Study_Final_PUBLIC.zip__GI_DPP_2018_APRIL_MI_SIS_Phase_2_Report-V4-Final.pdf.pdf,,low_extraction_confidence,,J1083,4,0.5,pdfplumber,,
,,DPP-2018-APR,Michigan,Phase2,DPP Phase 2 System Impact Study,2020-06-10,,,,,,,,,,,,452097_GI-DPP-2018-APR-MI-Ph2_System_Impact_Study_Final_PUBLIC.zip__GI_DPP_2018_APRIL_MI_SIS_Phase_2_Report-V4-Final.pdf.pdf,,low_extraction_confidence,,J1117,4,0.5,pdfplumber,,
,,DPP-2018-APR,Michigan,Phase2,DPP Phase 2 System Impact Study,2020-06-10,,,,,,,,,,,,452097_GI-DPP-2018-APR-MI-Ph2_System_Impact_Study_Final_PUBLIC.zip__GI_DPP_2018_APRIL_MI_SIS_Phase_2_Report-V4-Final.pdf.pdf,,low_extraction_confidence,,J1119,4,0.5,pdfplumber,,
,,DPP-2018-APR,Michigan,Phase2,DPP Phase 2 System Impact Study,2020-06-10,,,,,,,,,,,,452097_GI-DPP-2018-APR-MI-Ph2_System_Impact_Study_Final_PUBLIC.zip__GI_DPP_2018_APRIL_MI_SIS_Phase_2_Report-V4-Final.pdf.pdf,,low_extraction_confidence,,J1162,4,0.5,pdfplumber,,
,,DPP-2018-APR,Michigan,Phase2,DPP Phase 2 System Impact Study,2020-06-10,,,,,,,,,,,,452097_GI-DPP-2018-APR-MI-Ph2_System_Impact_Study_Final_PUBLIC.zip__GI_DPP_2018_APRIL_MI_SIS_Phase_2_Report-V4-Final.pdf.pdf,,low_extraction_confidence,,J875,13,0.5,pdfplumber,,
,,DPP-2018-APR,ATC,Unknown,System Impact Study,2019-10-04,,,,,,,,,,,,435259_GI-DPP-2018-APR-ATC-Ph1_System_Impact_Study_Final_PUBLIC.zip__Final_System_Impact_Study_Report-DPP_Apr_18_Phase_1_20191004-PUBLIC.pdf.pdf,,low_extraction_confidence,,J390,15,0.5,pdfplumber,,
,,DPP-2018-APR,ATC,Unknown,System Impact Study,2019-10-04,,,,,,,,,,,,435259_GI-DPP-2018-APR-ATC-Ph1_System_Impact_Study_Final_PUBLIC.zip__Final_System_Impact_Study_Report-DPP_Apr_18_Phase_1_20191004-PUBLIC.pdf.pdf,,low_extraction_confidence,,J505,15,0.5,pdfplumber,,
,,DPP-2018-APR,ATC,Unknown,System Impact Study,2019-10-04,,,,,,,,,,,,435259_GI-DPP-2018-APR-ATC-Ph1_System_Impact_Study_Final_PUBLIC.zip__Final_System_Impact_Study_Report-DPP_Apr_18_Phase_1_20191004-PUBLIC.pdf.pdf,,low_extraction_confidence,,J584,15,0.5,pdfplumber,,
,,DPP-2018-APR,ATC,Unknown,System Impact Study,2019-10-04,,,,,,,,,,,,435259_GI-DPP-2018-APR-ATC-Ph1_System_Impact_Study_Final_PUBLIC.zip__Final_System_Impact_Study_Report-DPP_Apr_18_Phase_1_20191004-PUBLIC.pdf.pdf,,low_extraction_confidence,,J732,15,0.5,pdfplumber,,
,,DPP-2018-APR,ATC,Unknown,System Impact Study,2019-10-04,,,,,,,,,,,,435259_GI-DPP-2018-APR-ATC-Ph1_System_Impact_Study_Final_PUBLIC.zip__Final_System_Impact_Study_Report-DPP_Apr_18_Phase_1_20191004-PUBLIC.pdf.pdf,,low_extraction_confidence,,J760,15,0.5,pdfplumber,,
,,DPP-2018-APR,ATC,Unknown,System Impact Study,2019-10-04,,,,,,,,,,,,435259_GI-DPP-2018-APR-ATC-Ph1_System_Impact_Study_Final_PUBLIC.zip__Final_System_Impact_Study_Report-DPP_Apr_18_Phase_1_20191004-PUBLIC.pdf.pdf,,low_extraction_confidence,,J818,15,0.5,pdfplumber,,
,,DPP-2018-APR,ATC,Unknown,System Impact Study,2019-10-04,,,,,,,,,,,,435259_GI-DPP-2018-APR-ATC-Ph1_System_Impact_Study_Final_PUBLIC.zip__Final_System_Impact_Study_Report-DPP_Apr_18_Phase_1_20191004-PUBLIC.pdf.pdf,,low_extraction_confidence,,J819,15,0.5,pdfplumber,,
,,DPP-2018-APR,ATC,Unknown,System Impact Study,2019-10-04,,,,,,,,,,,,435259_GI-DPP-2018-APR-ATC-Ph1_System_Impact_Study_Final_PUBLIC.zip__Final_System_Impact_Study_Report-DPP_Apr_18_Phase_1_20191004-PUBLIC.pdf.pdf,,low_extraction_confidence,,J821,15,0.5,pdfplumber,,
,,DPP-2018-APR,ATC,Unknown,System Impact Study,2019-10-04,,,,,,,,,,,,435259_GI-DPP-2018-APR-ATC-Ph1_System_Impact_Study_Final_PUBLIC.zip__Final_System_Impact_Study_Report-DPP_Apr_18_Phase_1_20191004-PUBLIC.pdf.pdf,,low_extraction_confidence,,J831,15,0.5,pdfplumber,,
,,DPP-2018-APR,ATC,Unknown,System Impact Study,2019-10-04,,,,,,,,,,,,435259_GI-DPP-2018-APR-ATC-Ph1_System_Impact_Study_Final_PUBLIC.zip__Final_System_Impact_Study_Report-DPP_Apr_18_Phase_1_20191004-PUBLIC.pdf.pdf,,low_extraction_confidence,,J849,15,0.5,pdfplumber,,
,,DPP-2018-APR,ATC,Unknown,System Impact Study,2019-10-04,,,,,,,,,,,,435259_GI-DPP-2018-APR-ATC-Ph1_System_Impact_Study_Final_PUBLIC.zip__Final_System_Impact_Study_Report-DPP_Apr_18_Phase_1_20191004-PUBLIC.pdf.pdf,,low_extraction_confidence,,J850,15,0.5,pdfplumber,,
,,DPP-2018-APR,ATC,Unknown,System Impact Study,2019-10-04,,,,,,,,,,,,435259_GI-DPP-2018-APR-ATC-Ph1_System_Impact_Study_Final_PUBLIC.zip__Final_System_Impact_Study_Report-DPP_Apr_18_Phase_1_20191004-PUBLIC.pdf.pdf,,low_extraction_confidence,,J864,15,0.5,pdfplumber,,
,,DPP-2018-APR,ATC,Unknown,System Impact Study,2019-10-04,,,,,,,,,,,,435259_GI-DPP-2018-APR-ATC-Ph1_System_Impact_Study_Final_PUBLIC.zip__Final_System_Impact_Study_Report-DPP_Apr_18_Phase_1_20191004-PUBLIC.pdf.pdf,,low_extraction_confidence,,J870,15,0.5,pdfplumber,,
,,DPP-2018-APR,ATC,Unknown,System Impact Study,2019-10-04,,,,,,,,,,,,435259_GI-DPP-2018-APR-ATC-Ph1_System_Impact_Study_Final_PUBLIC.zip__Final_System_Impact_Study_Report-DPP_Apr_18_Phase_1_20191004-PUBLIC.pdf.pdf,,low_extraction_confidence,,J871,15,0.5,pdfplumber,,
,,DPP-2018-APR,ATC,Unknown,System Impact Study,2019-10-04,,,,,,,,,,,,435259_GI-DPP-2018-APR-ATC-Ph1_System_Impact_Study_Final_PUBLIC.zip__Final_System_Impact_Study_Report-DPP_Apr_18_Phase_1_20191004-PUBLIC.pdf.pdf,,low_extraction_confidence,,J928,15,0.5,pdfplumber,,
,,DPP-2018-APR,ATC,Unknown,System Impact Study,2019-10-04,,,,,,,,,,,,435259_GI-DPP-2018-APR-ATC-Ph1_System_Impact_Study_Final_PUBLIC.zip__Final_System_Impact_Study_Report-DPP_Apr_18_Phase_1_20191004-PUBLIC.pdf.pdf,,low_extraction_confidence,,J947,15,0.5,pdfplumber,,
,,DPP-2017-AUG,ATC,Restudy,Restudy,2020-10-21,,,,,,,,,,,,470236_GI-DPP-2017-AUG-ATC_Restudy_Final_R1_PUBLIC.zip__Restudy_Addemdum_to_DPP_Aug_17_WI_Phase_3_SIS_20201021_PUBLIC_Final.pdf.pdf,,low_extraction_confidence,,J831,1,0.5,pdfplumber,,
,,DPP-2017-AUG,ATC,Restudy,Restudy,2020-10-21,,,,,,,,,,,,470236_GI-DPP-2017-AUG-ATC_Restudy_Final_R1_PUBLIC.zip__Restudy_Addemdum_to_DPP_Aug_17_WI_Phase_3_SIS_20201021_PUBLIC_Final.pdf.pdf,,low_extraction_confidence,,J871,1,0.5,pdfplumber,,
,,DPP-2017-AUG,ATC,Restudy,Restudy,2020-10-21,,,,,,,,,,,,470236_GI-DPP-2017-AUG-ATC_Restudy_Final_R1_PUBLIC.zip__Restudy_Addemdum_to_DPP_Aug_17_WI_Phase_3_SIS_20201021_PUBLIC_Final.pdf.pdf,,low_extraction_confidence,,J878,1,0.5,pdfplumber,,
,,DPP-2017-AUG,ATC,Restudy,Restudy,2020-10-21,,,,,,,,,,,,470236_GI-DPP-2017-AUG-ATC_Restudy_Final_R1_PUBLIC.zip__Restudy_Addemdum_to_DPP_Aug_17_WI_Phase_3_SIS_20201021_PUBLIC_Final.pdf.pdf,,low_extraction_confidence,,J807,4,0.5,pdfplumber,,
,,DPP-2017-AUG,ATC,Restudy,Restudy,2020-10-21,,,,,,,,,,,,470236_GI-DPP-2017-AUG-ATC_Restudy_Final_R1_PUBLIC.zip__Restudy_Addemdum_to_DPP_Aug_17_WI_Phase_3_SIS_20201021_PUBLIC_Final.pdf.pdf,,low_extraction_confidence,,J819,4,0.5,pdfplumber,,
,,DPP-2017-AUG,ATC,Restudy,Restudy,2020-10-21,,,,,,,,,,,,470236_GI-DPP-2017-AUG-ATC_Restudy_Final_R1_PUBLIC.zip__Restudy_Addemdum_to_DPP_Aug_17_WI_Phase_3_SIS_20201021_PUBLIC_Final.pdf.pdf,,low_extraction_confidence,,J821,4,0.5,pdfplumber,,
,,DPP-2017-AUG,ATC,Restudy,Restudy,2020-10-21,,,,,,,,,,,,470236_GI-DPP-2017-AUG-ATC_Restudy_Final_R1_PUBLIC.zip__Restudy_Addemdum_to_DPP_Aug_17_WI_Phase_3_SIS_20201021_PUBLIC_Final.pdf.pdf,,low_extraction_confidence,,J149,20,0.5,pdfplumber,,
,,DPP-2016-AUG,West,Phase3,DPP Phase 3 Final Study;Addendum,2019-03-14,,,,,,,,,,,,435874_GI-DPP-2016-AUG-West-Phase3-Addendum_Public.pdf.pdf,,low_extraction_confidence,,J503,1,0.5,pdfplumber,,
,,DPP-2016-AUG,West,Phase3,DPP Phase 3 Final Study;Addendum,2019-03-14,,,,,,,,,,,,435874_GI-DPP-2016-AUG-West-Phase3-Addendum_Public.pdf.pdf,,low_extraction_confidence,,J476,2,0.5,pdfplumber,,
,,DPP-2016-AUG,West,Phase3,DPP Phase 3 Final Study;Addendum,2019-03-14,,,,,,,,,,,,435874_GI-DPP-2016-AUG-West-Phase3-Addendum_Public.pdf.pdf,,low_extraction_confidence,,J512,3,0.5,pdfplumber,,
,,DPP-2016-AUG,West,Phase3,DPP Phase 3 Final Study;Addendum,2019-03-14,,,,,,,,,,,,435874_GI-DPP-2016-AUG-West-Phase3-Addendum_Public.pdf.pdf,,low_extraction_confidence,,J541,3,0.5,pdfplumber,,
,,DPP-2016-AUG,West,Phase3,DPP Phase 3 Final Study;Addendum,2019-03-14,,,,,,,,,,,,435874_GI-DPP-2016-AUG-West-Phase3-Addendum_Public.pdf.pdf,,low_extraction_confidence,,J555,3,0.5,pdfplumber,,
,,DPP-2016-AUG,West,Phase3,DPP Phase 3 Final Study;Addendum,2019-03-14,,,,,,,,,,,,435874_GI-DPP-2016-AUG-West-Phase3-Addendum_Public.pdf.pdf,,low_extraction_confidence,,J569,4,0.5,pdfplumber,,
,,DPP-2016-AUG,West,Phase3,DPP Phase 3 Final Study;Addendum,2019-03-14,,,,,,,,,,,,435874_GI-DPP-2016-AUG-West-Phase3-Addendum_Public.pdf.pdf,,low_extraction_confidence,,J583,4,0.5,pdfplumber,,
,,DPP-2016-AUG,West,Phase3,DPP Phase 3 Final Study;Addendum,2019-03-14,,,,,,,,,,,,435874_GI-DPP-2016-AUG-West-Phase3-Addendum_Public.pdf.pdf,,low_extraction_confidence,,J587,5,0.5,pdfplumber,,
,,DPP-2016-AUG,West,Phase3,DPP Phase 3 Final Study;Addendum,2019-03-14,,,,,,,,,,,,435874_GI-DPP-2016-AUG-West-Phase3-Addendum_Public.pdf.pdf,,low_extraction_confidence,,J590,5,0.5,pdfplumber,,
,,DPP-2016-AUG,West,Phase3,DPP Phase 3 Final Study;Addendum,2019-03-14,,,,,,,,,,,,435874_GI-DPP-2016-AUG-West-Phase3-Addendum_Public.pdf.pdf,,low_extraction_confidence,,J598,5,0.5,pdfplumber,,
,,DPP-2016-AUG,West,Phase3,DPP Phase 3 Final Study;Addendum,2019-03-14,,,,,,,,,,,,435874_GI-DPP-2016-AUG-West-Phase3-Addendum_Public.pdf.pdf,,low_extraction_confidence,,J614,6,0.5,pdfplumber,,
,,DPP-2017-AUG,West,Phase2,DPP Phase 2 System Impact Study,2021-01-11,,,,,,,,,,,,511211_GI-DPP-2017-AUG-West-Phase2_System_Impact_Report_PUBLIC.pdf.pdf,,low_extraction_confidence,,J302,10,0.5,pdfplumber,,
,,DPP-2017-AUG,West,Phase2,DPP Phase 2 System Impact Study,2021-01-11,,,,,,,,,,,,511211_GI-DPP-2017-AUG-West-Phase2_System_Impact_Report_PUBLIC.pdf.pdf,,low_extraction_confidence,,J530,11,0.5,pdfplumber,,
,,DPP-2017-AUG,West,Phase2,DPP Phase 2 System Impact Study,2021-01-11,,,,,,,,,,,,511211_GI-DPP-2017-AUG-West-Phase2_System_Impact_Report_PUBLIC.pdf.pdf,,low_extraction_confidence,,J503,47,0.5,pdfplumber,,
,,2019 Cycle 1,Michigan,Unknown,System Impact Study,2021-01-21,,,,,,,,,,,,516686_GI-DPP-2019-Cycle1-MI-Ph1_System_Impact_Study_Final_PUBLIC.zip__GI_DPP_2019_Cycle1_MI_SIS_Phase_1Report-FINAL.pdf.pdf,,low_extraction_confidence,,J1370,5,0.5,pdfplumber,,
,,2019 Cycle 1,Michigan,Unknown,System Impact Study,2021-01-21,,,,,,,,,,,,516686_GI-DPP-2019-Cycle1-MI-Ph1_System_Impact_Study_Final_PUBLIC.zip__GI_DPP_2019_Cycle1_MI_SIS_Phase_1Report-FINAL.pdf.pdf,,low_extraction_confidence,,J1088,9,0.5,pdfplumber,,
,,2019 Cycle 1,Michigan,Unknown,System Impact Study,2021-01-21,,,,,,,,,,,,516686_GI-DPP-2019-Cycle1-MI-Ph1_System_Impact_Study_Final_PUBLIC.zip__GI_DPP_2019_Cycle1_MI_SIS_Phase_1Report-FINAL.pdf.pdf,,low_extraction_confidence,,J758,9,0.5,pdfplumber,,
,,DPP-2018-APR,ATC,Unknown,System Impact Study,2020-04-27,,,,,,,,,,,,444887_GI-DPP-2018-APR-ATC-Ph2_System_Impact_Study_Final_PUBLIC.zip__Final_System_Impact_Study_Report-DPP_Apr_18_Phase_2_PUBLIC.pdf.pdf,,low_extraction_confidence,,J732,16,0.5,pdfplumber,,
,,DPP-2018-APR,ATC,Unknown,System Impact Study,2020-04-27,,,,,,,,,,,,444887_GI-DPP-2018-APR-ATC-Ph2_System_Impact_Study_Final_PUBLIC.zip__Final_System_Impact_Study_Report-DPP_Apr_18_Phase_2_PUBLIC.pdf.pdf,,low_extraction_confidence,,J390,19,0.5,pdfplumber,,
,,DPP-2018-APR,ATC,Unknown,System Impact Study,2020-04-27,,,,,,,,,,,,444887_GI-DPP-2018-APR-ATC-Ph2_System_Impact_Study_Final_PUBLIC.zip__Final_System_Impact_Study_Report-DPP_Apr_18_Phase_2_PUBLIC.pdf.pdf,,low_extraction_confidence,,J505,19,0.5,pdfplumber,,
,,DPP-2018-APR,ATC,Unknown,System Impact Study,2020-04-27,,,,,,,,,,,,444887_GI-DPP-2018-APR-ATC-Ph2_System_Impact_Study_Final_PUBLIC.zip__Final_System_Impact_Study_Report-DPP_Apr_18_Phase_2_PUBLIC.pdf.pdf,,low_extraction_confidence,,J584,19,0.5,pdfplumber,,
,,DPP-2018-APR,ATC,Unknown,System Impact Study,2020-04-27,,,,,,,,,,,,444887_GI-DPP-2018-APR-ATC-Ph2_System_Impact_Study_Final_PUBLIC.zip__Final_System_Impact_Study_Report-DPP_Apr_18_Phase_2_PUBLIC.pdf.pdf,,low_extraction_confidence,,J760,19,0.5,pdfplumber,,
,,DPP-2018-APR,ATC,Unknown,System Impact Study,2020-04-27,,,,,,,,,,,,444887_GI-DPP-2018-APR-ATC-Ph2_System_Impact_Study_Final_PUBLIC.zip__Final_System_Impact_Study_Report-DPP_Apr_18_Phase_2_PUBLIC.pdf.pdf,,low_extraction_confidence,,J807,19,0.5,pdfplumber,,
,,DPP-2018-APR,ATC,Unknown,System Impact Study,2020-04-27,,,,,,,,,,,,444887_GI-DPP-2018-APR-ATC-Ph2_System_Impact_Study_Final_PUBLIC.zip__Final_System_Impact_Study_Report-DPP_Apr_18_Phase_2_PUBLIC.pdf.pdf,,low_extraction_confidence,,J818,19,0.5,pdfplumber,,
,,DPP-2018-APR,ATC,Unknown,System Impact Study,2020-04-27,,,,,,,,,,,,444887_GI-DPP-2018-APR-ATC-Ph2_System_Impact_Study_Final_PUBLIC.zip__Final_System_Impact_Study_Report-DPP_Apr_18_Phase_2_PUBLIC.pdf.pdf,,low_extraction_confidence,,J819,19,0.5,pdfplumber,,
,,DPP-2018-APR,ATC,Unknown,System Impact Study,2020-04-27,,,,,,,,,,,,444887_GI-DPP-2018-APR-ATC-Ph2_System_Impact_Study_Final_PUBLIC.zip__Final_System_Impact_Study_Report-DPP_Apr_18_Phase_2_PUBLIC.pdf.pdf,,low_extraction_confidence,,J821,19,0.5,pdfplumber,,
,,DPP-2018-APR,ATC,Unknown,System Impact Study,2020-04-27,,,,,,,,,,,,444887_GI-DPP-2018-APR-ATC-Ph2_System_Impact_Study_Final_PUBLIC.zip__Final_System_Impact_Study_Report-DPP_Apr_18_Phase_2_PUBLIC.pdf.pdf,,low_extraction_confidence,,J831,19,0.5,pdfplumber,,
,,DPP-2018-APR,ATC,Unknown,System Impact Study,2020-04-27,,,,,,,,,,,,444887_GI-DPP-2018-APR-ATC-Ph2_System_Impact_Study_Final_PUBLIC.zip__Final_System_Impact_Study_Report-DPP_Apr_18_Phase_2_PUBLIC.pdf.pdf,,low_extraction_confidence,,J849,19,0.5,pdfplumber,,
,,DPP-2018-APR,ATC,Unknown,System Impact Study,2020-04-27,,,,,,,,,,,,444887_GI-DPP-2018-APR-ATC-Ph2_System_Impact_Study_Final_PUBLIC.zip__Final_System_Impact_Study_Report-DPP_Apr_18_Phase_2_PUBLIC.pdf.pdf,,low_extraction_confidence,,J850,19,0.5,pdfplumber,,
,,DPP-2018-APR,ATC,Unknown,System Impact Study,2020-04-27,,,,,,,,,,,,444887_GI-DPP-2018-APR-ATC-Ph2_System_Impact_Study_Final_PUBLIC.zip__Final_System_Impact_Study_Report-DPP_Apr_18_Phase_2_PUBLIC.pdf.pdf,,low_extraction_confidence,,J855,19,0.5,pdfplumber,,
,,DPP-2018-APR,ATC,Unknown,System Impact Study,2020-04-27,,,,,,,,,,,,444887_GI-DPP-2018-APR-ATC-Ph2_System_Impact_Study_Final_PUBLIC.zip__Final_System_Impact_Study_Report-DPP_Apr_18_Phase_2_PUBLIC.pdf.pdf,,low_extraction_confidence,,J864,19,0.5,pdfplumber,,
,,DPP-2018-APR,ATC,Unknown,System Impact Study,2020-04-27,,,,,,,,,,,,444887_GI-DPP-2018-APR-ATC-Ph2_System_Impact_Study_Final_PUBLIC.zip__Final_System_Impact_Study_Report-DPP_Apr_18_Phase_2_PUBLIC.pdf.pdf,,low_extraction_confidence,,J870,19,0.5,pdfplumber,,
,,DPP-2018-APR,ATC,Unknown,System Impact Study,2020-04-27,,,,,,,,,,,,444887_GI-DPP-2018-APR-ATC-Ph2_System_Impact_Study_Final_PUBLIC.zip__Final_System_Impact_Study_Report-DPP_Apr_18_Phase_2_PUBLIC.pdf.pdf,,low_extraction_confidence,,J871,19,0.5,pdfplumber,,
,,DPP-2018-APR,ATC,Unknown,System Impact Study,2020-04-27,,,,,,,,,,,,444887_GI-DPP-2018-APR-ATC-Ph2_System_Impact_Study_Final_PUBLIC.zip__Final_System_Impact_Study_Report-DPP_Apr_18_Phase_2_PUBLIC.pdf.pdf,,low_extraction_confidence,,J878,19,0.5,pdfplumber,,
,,DPP-2018-APR,ATC,Unknown,System Impact Study,2020-04-27,,,,,,,,,,,,444887_GI-DPP-2018-APR-ATC-Ph2_System_Impact_Study_Final_PUBLIC.zip__Final_System_Impact_Study_Report-DPP_Apr_18_Phase_2_PUBLIC.pdf.pdf,,low_extraction_confidence,,J886,19,0.5,pdfplumber,,
,,DPP-2018-APR,ATC,Unknown,System Impact Study,2020-04-27,,,,,,,,,,,,444887_GI-DPP-2018-APR-ATC-Ph2_System_Impact_Study_Final_PUBLIC.zip__Final_System_Impact_Study_Report-DPP_Apr_18_Phase_2_PUBLIC.pdf.pdf,,low_extraction_confidence,,J928,19,0.5,pdfplumber,,
,,DPP-2018-APR,ATC,Unknown,System Impact Study,2020-04-27,,,,,,,,,,,,444887_GI-DPP-2018-APR-ATC-Ph2_System_Impact_Study_Final_PUBLIC.zip__Final_System_Impact_Study_Report-DPP_Apr_18_Phase_2_PUBLIC.pdf.pdf,,low_extraction_confidence,,J947,19,0.5,pdfplumber,,
,,DPP-2018-APR,ATC,Unknown,System Impact Study,2020-04-27,,,,,,,,,,,,444887_GI-DPP-2018-APR-ATC-Ph2_System_Impact_Study_Final_PUBLIC.zip__Final_System_Impact_Study_Report-DPP_Apr_18_Phase_2_PUBLIC.pdf.pdf,,low_extraction_confidence,,J105,60,0.5,pdfplumber,,
,,DPP-2018-APR,ATC,Unknown,System Impact Study,2020-04-27,,,,,,,,,,,,444887_GI-DPP-2018-APR-ATC-Ph2_System_Impact_Study_Final_PUBLIC.zip__Final_System_Impact_Study_Report-DPP_Apr_18_Phase_2_PUBLIC.pdf.pdf,,low_extraction_confidence,,J106,60,0.5,pdfplumber,,
,,DPP-2018-APR,ATC,Unknown,System Impact Study,2020-04-27,,,,,,,,,,,,444887_GI-DPP-2018-APR-ATC-Ph2_System_Impact_Study_Final_PUBLIC.zip__Final_System_Impact_Study_Report-DPP_Apr_18_Phase_2_PUBLIC.pdf.pdf,,low_extraction_confidence,,J111,60,0.5,pdfplumber,,
,,DPP-2018-APR,ATC,Unknown,System Impact Study,2020-04-27,,,,,,,,,,,,444887_GI-DPP-2018-APR-ATC-Ph2_System_Impact_Study_Final_PUBLIC.zip__Final_System_Impact_Study_Report-DPP_Apr_18_Phase_2_PUBLIC.pdf.pdf,,low_extraction_confidence,,J395,67,0.5,pdfplumber,,
,,2019 Cycle 1,ATC,Unknown,System Impact Study,2021-01-21,,,,,,,,,,,,516961_GI-DPP-2019-Cycle1-ATC-Ph1_System_Impact_Study_Final_PUBLIC.zip__Final_System_Impact_Study_Report-DPP_2019_Cycle_1_Phase_1_20210121_PUBLIC.pdf.pdf,,low_extraction_confidence,,J1252,1,0.5,pdfplumber,,
,,2019 Cycle 1,ATC,Unknown,System Impact Study,2021-01-21,,,,,,,,,,,,516961_GI-DPP-2019-Cycle1-ATC-Ph1_System_Impact_Study_Final_PUBLIC.zip__Final_System_Impact_Study_Report-DPP_2019_Cycle_1_Phase_1_20210121_PUBLIC.pdf.pdf,,low_extraction_confidence,,J505,15,0.5,pdfplumber,,
,,2019 Cycle 1,ATC,Unknown,System Impact Study,2021-01-21,,,,,,,,,,,,516961_GI-DPP-2019-Cycle1-ATC-Ph1_System_Impact_Study_Final_PUBLIC.zip__Final_System_Impact_Study_Report-DPP_2019_Cycle_1_Phase_1_20210121_PUBLIC.pdf.pdf,,low_extraction_confidence,,J584,15,0.5,pdfplumber,,
,,2019 Cycle 1,ATC,Unknown,System Impact Study,2021-01-21,,,,,,,,,,,,516961_GI-DPP-2019-Cycle1-ATC-Ph1_System_Impact_Study_Final_PUBLIC.zip__Final_System_Impact_Study_Report-DPP_2019_Cycle_1_Phase_1_20210121_PUBLIC.pdf.pdf,,low_extraction_confidence,,J732,15,0.5,pdfplumber,,
,,2019 Cycle 1,ATC,Unknown,System Impact Study,2021-01-21,,,,,,,,,,,,516961_GI-DPP-2019-Cycle1-ATC-Ph1_System_Impact_Study_Final_PUBLIC.zip__Final_System_Impact_Study_Report-DPP_2019_Cycle_1_Phase_1_20210121_PUBLIC.pdf.pdf,,low_extraction_confidence,,J818,15,0.5,pdfplumber,,
,,2019 Cycle 1,ATC,Unknown,System Impact Study,2021-01-21,,,,,,,,,,,,516961_GI-DPP-2019-Cycle1-ATC-Ph1_System_Impact_Study_Final_PUBLIC.zip__Final_System_Impact_Study_Report-DPP_2019_Cycle_1_Phase_1_20210121_PUBLIC.pdf.pdf,,low_extraction_confidence,,J850,15,0.5,pdfplumber,,
,,2019 Cycle 1,ATC,Unknown,System Impact Study,2021-01-21,,,,,,,,,,,,516961_GI-DPP-2019-Cycle1-ATC-Ph1_System_Impact_Study_Final_PUBLIC.zip__Final_System_Impact_Study_Report-DPP_2019_Cycle_1_Phase_1_20210121_PUBLIC.pdf.pdf,,low_extraction_confidence,,J864,15,0.5,pdfplumber,,
,,2019 Cycle 1,ATC,Unknown,System Impact Study,2021-01-21,,,,,,,,,,,,516961_GI-DPP-2019-Cycle1-ATC-Ph1_System_Impact_Study_Final_PUBLIC.zip__Final_System_Impact_Study_Report-DPP_2019_Cycle_1_Phase_1_20210121_PUBLIC.pdf.pdf,,low_extraction_confidence,,J870,15,0.5,pdfplumber,,
,,2019 Cycle 1,ATC,Unknown,System Impact Study,2021-01-21,,,,,,,,,,,,516961_GI-DPP-2019-Cycle1-ATC-Ph1_System_Impact_Study_Final_PUBLIC.zip__Final_System_Impact_Study_Report-DPP_2019_Cycle_1_Phase_1_20210121_PUBLIC.pdf.pdf,,low_extraction_confidence,,J871,15,0.5,pdfplumber,,
,,2019 Cycle 1,ATC,Unknown,System Impact Study,2021-01-21,,,,,,,,,,,,516961_GI-DPP-2019-Cycle1-ATC-Ph1_System_Impact_Study_Final_PUBLIC.zip__Final_System_Impact_Study_Report-DPP_2019_Cycle_1_Phase_1_20210121_PUBLIC.pdf.pdf,,low_extraction_confidence,,J886,15,0.5,pdfplumber,,
,,2019 Cycle 1,ATC,Unknown,System Impact Study,2021-01-21,,,,,,,,,,,,516961_GI-DPP-2019-Cycle1-ATC-Ph1_System_Impact_Study_Final_PUBLIC.zip__Final_System_Impact_Study_Report-DPP_2019_Cycle_1_Phase_1_20210121_PUBLIC.pdf.pdf,,low_extraction_confidence,,J928,15,0.5,pdfplumber,,
,,2019 Cycle 1,ATC,Unknown,System Impact Study,2021-01-21,,,,,,,,,,,,516961_GI-DPP-2019-Cycle1-ATC-Ph1_System_Impact_Study_Final_PUBLIC.zip__Final_System_Impact_Study_Report-DPP_2019_Cycle_1_Phase_1_20210121_PUBLIC.pdf.pdf,,low_extraction_confidence,,J947,15,0.5,pdfplumber,,
,,2019 Cycle 1,ATC,Unknown,System Impact Study,2021-01-21,,,,,,,,,,,,516961_GI-DPP-2019-Cycle1-ATC-Ph1_System_Impact_Study_Final_PUBLIC.zip__Final_System_Impact_Study_Report-DPP_2019_Cycle_1_Phase_1_20210121_PUBLIC.pdf.pdf,,low_extraction_confidence,,J986,15,0.5,pdfplumber,,
,,2019 Cycle 1,ATC,Unknown,System Impact Study,2021-01-21,,,,,,,,,,,,516961_GI-DPP-2019-Cycle1-ATC-Ph1_System_Impact_Study_Final_PUBLIC.zip__Final_System_Impact_Study_Report-DPP_2019_Cycle_1_Phase_1_20210121_PUBLIC.pdf.pdf,,low_extraction_confidence,,J1000,15,0.5,pdfplumber,,
,,2019 Cycle 1,ATC,Unknown,System Impact Study,2021-01-21,,,,,,,,,,,,516961_GI-DPP-2019-Cycle1-ATC-Ph1_System_Impact_Study_Final_PUBLIC.zip__Final_System_Impact_Study_Report-DPP_2019_Cycle_1_Phase_1_20210121_PUBLIC.pdf.pdf,,low_extraction_confidence,,J1002,15,0.5,pdfplumber,,
,,2019 Cycle 1,ATC,Unknown,System Impact Study,2021-01-21,,,,,,,,,,,,516961_GI-DPP-2019-Cycle1-ATC-Ph1_System_Impact_Study_Final_PUBLIC.zip__Final_System_Impact_Study_Report-DPP_2019_Cycle_1_Phase_1_20210121_PUBLIC.pdf.pdf,,low_extraction_confidence,,J1042,15,0.5,pdfplumber,,
,,2019 Cycle 1,ATC,Unknown,System Impact Study,2021-01-21,,,,,,,,,,,,516961_GI-DPP-2019-Cycle1-ATC-Ph1_System_Impact_Study_Final_PUBLIC.zip__Final_System_Impact_Study_Report-DPP_2019_Cycle_1_Phase_1_20210121_PUBLIC.pdf.pdf,,low_extraction_confidence,,J1101,15,0.5,pdfplumber,,
,,2019 Cycle 1,ATC,Unknown,System Impact Study,2021-01-21,,,,,,,,,,,,516961_GI-DPP-2019-Cycle1-ATC-Ph1_System_Impact_Study_Final_PUBLIC.zip__Final_System_Impact_Study_Report-DPP_2019_Cycle_1_Phase_1_20210121_PUBLIC.pdf.pdf,,low_extraction_confidence,,J1153,15,0.5,pdfplumber,,
,,2019 Cycle 1,ATC,Unknown,System Impact Study,2021-01-21,,,,,,,,,,,,516961_GI-DPP-2019-Cycle1-ATC-Ph1_System_Impact_Study_Final_PUBLIC.zip__Final_System_Impact_Study_Report-DPP_2019_Cycle_1_Phase_1_20210121_PUBLIC.pdf.pdf,,low_extraction_confidence,,J1154,15,0.5,pdfplumber,,
,,2019 Cycle 1,ATC,Unknown,System Impact Study,2021-01-21,,,,,,,,,,,,516961_GI-DPP-2019-Cycle1-ATC-Ph1_System_Impact_Study_Final_PUBLIC.zip__Final_System_Impact_Study_Report-DPP_2019_Cycle_1_Phase_1_20210121_PUBLIC.pdf.pdf,,low_extraction_confidence,,J1171,15,0.5,pdfplumber,,
,,2019 Cycle 1,ATC,Unknown,System Impact Study,2021-01-21,,,,,,,,,,,,516961_GI-DPP-2019-Cycle1-ATC-Ph1_System_Impact_Study_Final_PUBLIC.zip__Final_System_Impact_Study_Report-DPP_2019_Cycle_1_Phase_1_20210121_PUBLIC.pdf.pdf,,low_extraction_confidence,,J1183,15,0.5,pdfplumber,,
,,2019 Cycle 1,ATC,Unknown,System Impact Study,2021-01-21,,,,,,,,,,,,516961_GI-DPP-2019-Cycle1-ATC-Ph1_System_Impact_Study_Final_PUBLIC.zip__Final_System_Impact_Study_Report-DPP_2019_Cycle_1_Phase_1_20210121_PUBLIC.pdf.pdf,,low_extraction_confidence,,J1188,15,0.5,pdfplumber,,
,,2019 Cycle 1,ATC,Unknown,System Impact Study,2021-01-21,,,,,,,,,,,,516961_GI-DPP-2019-Cycle1-ATC-Ph1_System_Impact_Study_Final_PUBLIC.zip__Final_System_Impact_Study_Report-DPP_2019_Cycle_1_Phase_1_20210121_PUBLIC.pdf.pdf,,low_extraction_confidence,,J1338,34,0.5,pdfplumber,,
,,DPP-2018-APR,West,Phase2,DPP Phase 2 System Impact Study,2021-02-16,,,,,,,,,,,,523356_GI-DPP-2018-APR-West-Phase2_System_Impact_Report_Public.pdf.pdf,,low_extraction_confidence,,J611,13,0.5,pdfplumber,,
,,DPP-2018-APR,West,Phase2,DPP Phase 2 System Impact Study,2021-02-16,,,,,,,,,,,,523356_GI-DPP-2018-APR-West-Phase2_System_Impact_Report_Public.pdf.pdf,,low_extraction_confidence,,J732,38,0.5,pdfplumber,,
,,DPP-2018-APR,West,Phase2,DPP Phase 2 System Impact Study,2021-02-16,,,,,,,,,,,,523356_GI-DPP-2018-APR-West-Phase2_System_Impact_Report_Public.pdf.pdf,,low_extraction_confidence,,J897,50,0.5,pdfplumber,,
,,DPP-2018-APR,West,Phase2,DPP Phase 2 System Impact Study,2021-02-16,,,,,,,,,,,,523356_GI-DPP-2018-APR-West-Phase2_System_Impact_Report_Public.pdf.pdf,,low_extraction_confidence,,J628,50,0.5,pdfplumber,,
,,DPP-2018-APR,West,Phase2,DPP Phase 2 System Impact Study,2021-02-16,,,,,,,,,,,,523356_GI-DPP-2018-APR-West-Phase2_System_Impact_Report_Public.pdf.pdf,,low_extraction_confidence,,J602,51,0.5,pdfplumber,,
,,DPP-2018-APR,West,Phase2,DPP Phase 2 System Impact Study,2021-02-16,,,,,,,,,,,,523356_GI-DPP-2018-APR-West-Phase2_System_Impact_Report_Public.pdf.pdf,,low_extraction_confidence,,J720,54,0.5,pdfplumber,,
,,DPP-2018-APR,West,Phase2,DPP Phase 2 System Impact Study,2021-02-16,,,,,,,,,,,,523356_GI-DPP-2018-APR-West-Phase2_System_Impact_Report_Public.pdf.pdf,,low_extraction_confidence,,J436,79,0.5,pdfplumber,,
,,DPP-2018-APR,West,Phase2,DPP Phase 2 System Impact Study,2021-02-16,,,,,,,,,,,,523356_GI-DPP-2018-APR-West-Phase2_System_Impact_Report_Public.pdf.pdf,,low_extraction_confidence,,J437,79,0.5,pdfplumber,,
,,DPP-2018-APR,West,Phase2,DPP Phase 2 System Impact Study,2021-02-16,,,,,,,,,,,,523356_GI-DPP-2018-APR-West-Phase2_System_Impact_Report_Public.pdf.pdf,,low_extraction_confidence,,J488,79,0.5,pdfplumber,,
,,DPP-2018-APR,West,Phase2,DPP Phase 2 System Impact Study,2021-02-16,,,,,,,,,,,,523356_GI-DPP-2018-APR-West-Phase2_System_Impact_Report_Public.pdf.pdf,,low_extraction_confidence,,J503,79,0.5,pdfplumber,,
,,DPP-2018-APR,West,Phase2,DPP Phase 2 System Impact Study,2021-02-16,,,,,,,,,,,,523356_GI-DPP-2018-APR-West-Phase2_System_Impact_Report_Public.pdf.pdf,,low_extraction_confidence,,J580,79,0.5,pdfplumber,,
,,DPP-2018-APR,West,Phase2,DPP Phase 2 System Impact Study,2021-02-16,,,,,,,,,,,,523356_GI-DPP-2018-APR-West-Phase2_System_Impact_Report_Public.pdf.pdf,,low_extraction_confidence,,J933,79,0.5,pdfplumber,,
,,2019 Cycle 1,South,Phase2,DPP Phase 2 System Impact Study,2021-02-25,,,,,,,,,,,,526221_GI-DPP-2019-Cycle-South-Ph2_System_Impact_Study_Final_PUBLIC.zip__GI_DPP_2019_Cycle_1_South_SIS_Phase_2_Report_Final.pdf.pdf,,low_extraction_confidence,,J1283,6,0.5,pdfplumber,,
,,2019 Cycle 1,South,Phase2,DPP Phase 2 System Impact Study,2021-02-25,,,,,,,,,,,,526221_GI-DPP-2019-Cycle-South-Ph2_System_Impact_Study_Final_PUBLIC.zip__GI_DPP_2019_Cycle_1_South_SIS_Phase_2_Report_Final.pdf.pdf,,low_extraction_confidence,,J1291,6,0.5,pdfplumber,,
,,2019 Cycle 1,South,Phase2,DPP Phase 2 System Impact Study,2021-02-25,,,,,,,,,,,,526221_GI-DPP-2019-Cycle-South-Ph2_System_Impact_Study_Final_PUBLIC.zip__GI_DPP_2019_Cycle_1_South_SIS_Phase_2_Report_Final.pdf.pdf,,low_extraction_confidence,,J1309,6,0.5,pdfplumber,,
,,2019 Cycle 1,South,Phase2,DPP Phase 2 System Impact Study,2021-02-25,,,,,,,,,,,,526221_GI-DPP-2019-Cycle-South-Ph2_System_Impact_Study_Final_PUBLIC.zip__GI_DPP_2019_Cycle_1_South_SIS_Phase_2_Report_Final.pdf.pdf,,low_extraction_confidence,,J1433,6,0.5,pdfplumber,,
,,2019 Cycle 1,South,Phase2,DPP Phase 2 System Impact Study,2021-02-25,,,,,,,,,,,,526221_GI-DPP-2019-Cycle-South-Ph2_System_Impact_Study_Final_PUBLIC.zip__GI_DPP_2019_Cycle_1_South_SIS_Phase_2_Report_Final.pdf.pdf,,low_extraction_confidence,,J1443,6,0.5,pdfplumber,,
,,2019 Cycle 1,South,Phase2,DPP Phase 2 System Impact Study,2021-02-25,,,,,,,,,,,,526221_GI-DPP-2019-Cycle-South-Ph2_System_Impact_Study_Final_PUBLIC.zip__GI_DPP_2019_Cycle_1_South_SIS_Phase_2_Report_Final.pdf.pdf,,low_extraction_confidence,,J1484,6,0.5,pdfplumber,,
,,2019 Cycle 1,South,Phase2,DPP Phase 2 System Impact Study,2021-02-25,,,,,,,,,,,,526221_GI-DPP-2019-Cycle-South-Ph2_System_Impact_Study_Final_PUBLIC.zip__GI_DPP_2019_Cycle_1_South_SIS_Phase_2_Report_Final.pdf.pdf,,low_extraction_confidence,,J1236,6,0.5,pdfplumber,,
,,2019 Cycle 1,South,Phase2,DPP Phase 2 System Impact Study,2021-02-25,,,,,,,,,,,,526221_GI-DPP-2019-Cycle-South-Ph2_System_Impact_Study_Final_PUBLIC.zip__GI_DPP_2019_Cycle_1_South_SIS_Phase_2_Report_Final.pdf.pdf,,low_extraction_confidence,,J1238,6,0.5,pdfplumber,,
,,2019 Cycle 1,South,Phase2,DPP Phase 2 System Impact Study,2021-02-25,,,,,,,,,,,,526221_GI-DPP-2019-Cycle-South-Ph2_System_Impact_Study_Final_PUBLIC.zip__GI_DPP_2019_Cycle_1_South_SIS_Phase_2_Report_Final.pdf.pdf,,low_extraction_confidence,,J1245,6,0.5,pdfplumber,,
,,2019 Cycle 1,South,Phase2,DPP Phase 2 System Impact Study,2021-02-25,,,,,,,,,,,,526221_GI-DPP-2019-Cycle-South-Ph2_System_Impact_Study_Final_PUBLIC.zip__GI_DPP_2019_Cycle_1_South_SIS_Phase_2_Report_Final.pdf.pdf,,low_extraction_confidence,,J1250,6,0.5,pdfplumber,,
,,2019 Cycle 1,South,Phase2,DPP Phase 2 System Impact Study,2021-02-25,,,,,,,,,,,,526221_GI-DPP-2019-Cycle-South-Ph2_System_Impact_Study_Final_PUBLIC.zip__GI_DPP_2019_Cycle_1_South_SIS_Phase_2_Report_Final.pdf.pdf,,low_extraction_confidence,,J1259,6,0.5,pdfplumber,,
,,2019 Cycle 1,South,Phase2,DPP Phase 2 System Impact Study,2021-02-25,,,,,,,,,,,,526221_GI-DPP-2019-Cycle-South-Ph2_System_Impact_Study_Final_PUBLIC.zip__GI_DPP_2019_Cycle_1_South_SIS_Phase_2_Report_Final.pdf.pdf,,low_extraction_confidence,,J1260,6,0.5,pdfplumber,,
,,2019 Cycle 1,South,Phase2,DPP Phase 2 System Impact Study,2021-02-25,,,,,,,,,,,,526221_GI-DPP-2019-Cycle-South-Ph2_System_Impact_Study_Final_PUBLIC.zip__GI_DPP_2019_Cycle_1_South_SIS_Phase_2_Report_Final.pdf.pdf,,low_extraction_confidence,,J1261,6,0.5,pdfplumber,,
,,2019 Cycle 1,South,Phase2,DPP Phase 2 System Impact Study,2021-02-25,,,,,,,,,,,,526221_GI-DPP-2019-Cycle-South-Ph2_System_Impact_Study_Final_PUBLIC.zip__GI_DPP_2019_Cycle_1_South_SIS_Phase_2_Report_Final.pdf.pdf,,low_extraction_confidence,,J1267,6,0.5,pdfplumber,,
,,2019 Cycle 1,South,Phase2,DPP Phase 2 System Impact Study,2021-02-25,,,,,,,,,,,,526221_GI-DPP-2019-Cycle-South-Ph2_System_Impact_Study_Final_PUBLIC.zip__GI_DPP_2019_Cycle_1_South_SIS_Phase_2_Report_Final.pdf.pdf,,low_extraction_confidence,,J1277,6,0.5,pdfplumber,,
,,2019 Cycle 1,South,Phase2,DPP Phase 2 System Impact Study,2021-02-25,,,,,,,,,,,,526221_GI-DPP-2019-Cycle-South-Ph2_System_Impact_Study_Final_PUBLIC.zip__GI_DPP_2019_Cycle_1_South_SIS_Phase_2_Report_Final.pdf.pdf,,low_extraction_confidence,,J1278,6,0.5,pdfplumber,,
,,2019 Cycle 1,South,Phase2,DPP Phase 2 System Impact Study,2021-02-25,,,,,,,,,,,,526221_GI-DPP-2019-Cycle-South-Ph2_System_Impact_Study_Final_PUBLIC.zip__GI_DPP_2019_Cycle_1_South_SIS_Phase_2_Report_Final.pdf.pdf,,low_extraction_confidence,,J1280,6,0.5,pdfplumber,,
,,2019 Cycle 1,South,Phase2,DPP Phase 2 System Impact Study,2021-02-25,,,,,,,,,,,,526221_GI-DPP-2019-Cycle-South-Ph2_System_Impact_Study_Final_PUBLIC.zip__GI_DPP_2019_Cycle_1_South_SIS_Phase_2_Report_Final.pdf.pdf,,low_extraction_confidence,,J1287,6,0.5,pdfplumber,,
,,2019 Cycle 1,South,Phase2,DPP Phase 2 System Impact Study,2021-02-25,,,,,,,,,,,,526221_GI-DPP-2019-Cycle-South-Ph2_System_Impact_Study_Final_PUBLIC.zip__GI_DPP_2019_Cycle_1_South_SIS_Phase_2_Report_Final.pdf.pdf,,low_extraction_confidence,,J1290,6,0.5,pdfplumber,,
,,2019 Cycle 1,South,Phase2,DPP Phase 2 System Impact Study,2021-02-25,,,,,,,,,,,,526221_GI-DPP-2019-Cycle-South-Ph2_System_Impact_Study_Final_PUBLIC.zip__GI_DPP_2019_Cycle_1_South_SIS_Phase_2_Report_Final.pdf.pdf,,low_extraction_confidence,,J1293,6,0.5,pdfplumber,,
,,2019 Cycle 1,South,Phase2,DPP Phase 2 System Impact Study,2021-02-25,,,,,,,,,,,,526221_GI-DPP-2019-Cycle-South-Ph2_System_Impact_Study_Final_PUBLIC.zip__GI_DPP_2019_Cycle_1_South_SIS_Phase_2_Report_Final.pdf.pdf,,low_extraction_confidence,,J1351,6,0.5,pdfplumber,,
,,2019 Cycle 1,South,Phase2,DPP Phase 2 System Impact Study,2021-02-25,,,,,,,,,,,,526221_GI-DPP-2019-Cycle-South-Ph2_System_Impact_Study_Final_PUBLIC.zip__GI_DPP_2019_Cycle_1_South_SIS_Phase_2_Report_Final.pdf.pdf,,low_extraction_confidence,,J1364,6,0.5,pdfplumber,,
,,2019 Cycle 1,South,Phase2,DPP Phase 2 System Impact Study,2021-02-25,,,,,,,,,,,,526221_GI-DPP-2019-Cycle-South-Ph2_System_Impact_Study_Final_PUBLIC.zip__GI_DPP_2019_Cycle_1_South_SIS_Phase_2_Report_Final.pdf.pdf,,low_extraction_confidence,,J1380,6,0.5,pdfplumber,,
,,2019 Cycle 1,South,Phase2,DPP Phase 2 System Impact Study,2021-02-25,,,,,,,,,,,,526221_GI-DPP-2019-Cycle-South-Ph2_System_Impact_Study_Final_PUBLIC.zip__GI_DPP_2019_Cycle_1_South_SIS_Phase_2_Report_Final.pdf.pdf,,low_extraction_confidence,,J1384,6,0.5,pdfplumber,,
,,2019 Cycle 1,South,Phase2,DPP Phase 2 System Impact Study,2021-02-25,,,,,,,,,,,,526221_GI-DPP-2019-Cycle-South-Ph2_System_Impact_Study_Final_PUBLIC.zip__GI_DPP_2019_Cycle_1_South_SIS_Phase_2_Report_Final.pdf.pdf,,low_extraction_confidence,,J1400,6,0.5,pdfplumber,,
,,2019 Cycle 1,South,Phase2,DPP Phase 2 System Impact Study,2021-02-25,,,,,,,,,,,,526221_GI-DPP-2019-Cycle-South-Ph2_System_Impact_Study_Final_PUBLIC.zip__GI_DPP_2019_Cycle_1_South_SIS_Phase_2_Report_Final.pdf.pdf,,low_extraction_confidence,,J1404,6,0.5,pdfplumber,,
,,2019 Cycle 1,South,Phase2,DPP Phase 2 System Impact Study,2021-02-25,,,,,,,,,,,,526221_GI-DPP-2019-Cycle-South-Ph2_System_Impact_Study_Final_PUBLIC.zip__GI_DPP_2019_Cycle_1_South_SIS_Phase_2_Report_Final.pdf.pdf,,low_extraction_confidence,,J1414,6,0.5,pdfplumber,,
,,2019 Cycle 1,South,Phase2,DPP Phase 2 System Impact Study,2021-02-25,,,,,,,,,,,,526221_GI-DPP-2019-Cycle-South-Ph2_System_Impact_Study_Final_PUBLIC.zip__GI_DPP_2019_Cycle_1_South_SIS_Phase_2_Report_Final.pdf.pdf,,low_extraction_confidence,,J1439,6,0.5,pdfplumber,,
,,2019 Cycle 1,South,Phase2,DPP Phase 2 System Impact Study,2021-02-25,,,,,,,,,,,,526221_GI-DPP-2019-Cycle-South-Ph2_System_Impact_Study_Final_PUBLIC.zip__GI_DPP_2019_Cycle_1_South_SIS_Phase_2_Report_Final.pdf.pdf,,low_extraction_confidence,,J1462,6,0.5,pdfplumber,,
,,2019 Cycle 1,South,Phase2,DPP Phase 2 System Impact Study,2021-02-25,,,,,,,,,,,,526221_GI-DPP-2019-Cycle-South-Ph2_System_Impact_Study_Final_PUBLIC.zip__GI_DPP_2019_Cycle_1_South_SIS_Phase_2_Report_Final.pdf.pdf,,low_extraction_confidence,,J1469,6,0.5,pdfplumber,,
,,2019 Cycle 1,South,Phase2,DPP Phase 2 System Impact Study,2021-02-25,,,,,,,,,,,,526221_GI-DPP-2019-Cycle-South-Ph2_System_Impact_Study_Final_PUBLIC.zip__GI_DPP_2019_Cycle_1_South_SIS_Phase_2_Report_Final.pdf.pdf,,low_extraction_confidence,,J639,10,0.5,pdfplumber,,
,,2019 Cycle 1,South,Phase2,DPP Phase 2 System Impact Study,2021-02-25,,,,,,,,,,,,526221_GI-DPP-2019-Cycle-South-Ph2_System_Impact_Study_Final_PUBLIC.zip__GI_DPP_2019_Cycle_1_South_SIS_Phase_2_Report_Final.pdf.pdf,,low_extraction_confidence,,J919,13,0.5,pdfplumber,,
,,2019 Cycle 1,South,Phase2,DPP Phase 2 System Impact Study,2021-02-25,,,,,,,,,,,,526221_GI-DPP-2019-Cycle-South-Ph2_System_Impact_Study_Final_PUBLIC.zip__GI_DPP_2019_Cycle_1_South_SIS_Phase_2_Report_Final.pdf.pdf,,low_extraction_confidence,,J1026,30,0.5,pdfplumber,,
,,2019 Cycle 1,South,Phase2,DPP Phase 2 System Impact Study,2021-02-25,,,,,,,,,,,,526221_GI-DPP-2019-Cycle-South-Ph2_System_Impact_Study_Final_PUBLIC.zip__GI_DPP_2019_Cycle_1_South_SIS_Phase_2_Report_Final.pdf.pdf,,low_extraction_confidence,,J1039,33,0.5,pdfplumber,,
,,DPP-2018-APR,West,Phase2,DPP Phase 2 System Impact Study,2021-02-16,,,,,,,,,,,,523268_DPP_2018_APR_West-Central_SPP_Phase2_Final_Report_Public.pdf.pdf,,low_extraction_confidence,,J1084,22,0.5,pdfplumber,,
,,DPP-2018-APR,West,Phase2,DPP Phase 2 System Impact Study,2021-02-16,,,,,,,,,,,,523268_DPP_2018_APR_West-Central_SPP_Phase2_Final_Report_Public.pdf.pdf,,low_extraction_confidence,,J1131,23,0.5,pdfplumber,,
,,DPP-2018-APR,West,Phase2,DPP Phase 2 System Impact Study,2021-02-16,,,,,,,,,,,,523268_DPP_2018_APR_West-Central_SPP_Phase2_Final_Report_Public.pdf.pdf,,low_extraction_confidence,,J1135,23,0.5,pdfplumber,,
,,DPP-2018-APR,West,Phase2,DPP Phase 2 System Impact Study,2021-02-16,,,,,,,,,,,,523268_DPP_2018_APR_West-Central_SPP_Phase2_Final_Report_Public.pdf.pdf,,low_extraction_confidence,,J963,24,0.5,pdfplumber,,
,,DPP-2018-APR,West,Phase2,DPP Phase 2 System Impact Study,2021-02-16,,,,,,,,,,,,523268_DPP_2018_APR_West-Central_SPP_Phase2_Final_Report_Public.pdf.pdf,,low_extraction_confidence,,J981,24,0.5,pdfplumber,,
,,DPP-2018-APR,West,Phase2,DPP Phase 2 System Impact Study,2021-02-16,,,,,,,,,,,,523268_DPP_2018_APR_West-Central_SPP_Phase2_Final_Report_Public.pdf.pdf,,low_extraction_confidence,,J460,27,0.5,pdfplumber,,
,,2019 Cycle 1,West,Phase1,DPP Phase 1 System Impact Study,2021-03-02,,,,,,,,,,,,528746_GI-DPP-2019-West-Phase1_System_Impact_Report_PUBLIC.pdf.pdf,,low_extraction_confidence,,J1132,13,0.5,pdfplumber,,
,,2019 Cycle 1,West,Phase1,DPP Phase 1 System Impact Study,2021-03-02,,,,,,,,,,,,528746_GI-DPP-2019-West-Phase1_System_Impact_Report_PUBLIC.pdf.pdf,,low_extraction_confidence,,J1131,13,0.5,pdfplumber,,
,,2019 Cycle 1,West,Phase1,DPP Phase 1 System Impact Study,2021-03-02,,,,,,,,,,,,528746_GI-DPP-2019-West-Phase1_System_Impact_Report_PUBLIC.pdf.pdf,,low_extraction_confidence,,J1135,13,0.5,pdfplumber,,
,,2019 Cycle 1,West,Phase1,DPP Phase 1 System Impact Study,2021-03-02,,,,,,,,,,,,528746_GI-DPP-2019-West-Phase1_System_Impact_Report_PUBLIC.pdf.pdf,,low_extraction_confidence,,J493,13,0.5,pdfplumber,,
,,2019 Cycle 1,West,Phase1,DPP Phase 1 System Impact Study,2021-03-02,,,,,,,,,,,,528746_GI-DPP-2019-West-Phase1_System_Impact_Report_PUBLIC.pdf.pdf,,low_extraction_confidence,,J510,13,0.5,pdfplumber,,
,,2019 Cycle 1,West,Phase1,DPP Phase 1 System Impact Study,2021-03-02,,,,,,,,,,,,528746_GI-DPP-2019-West-Phase1_System_Impact_Report_PUBLIC.pdf.pdf,,low_extraction_confidence,,J1352,18,0.5,pdfplumber,,
,,2019 Cycle 1,West,Phase1,DPP Phase 1 System Impact Study,2021-03-02,,,,,,,,,,,,528746_GI-DPP-2019-West-Phase1_System_Impact_Report_PUBLIC.pdf.pdf,,low_extraction_confidence,,J732,44,0.5,pdfplumber,,
,,2019 Cycle 1,West,Phase1,DPP Phase 1 System Impact Study,2021-03-02,,,,,,,,,,,,528746_GI-DPP-2019-West-Phase1_System_Impact_Report_PUBLIC.pdf.pdf,,low_extraction_confidence,,J1191,77,0.5,pdfplumber,,
,,2019 Cycle 1,West,Phase1,DPP Phase 1 System Impact Study,2021-03-02,,,,,,,,,,,,528746_GI-DPP-2019-West-Phase1_System_Impact_Report_PUBLIC.pdf.pdf,,low_extraction_confidence,,J1376,77,0.5,pdfplumber,,
,,2019 Cycle 1,West,Phase1,DPP Phase 1 System Impact Study,2021-03-02,,,,,,,,,,,,528746_GI-DPP-2019-West-Phase1_System_Impact_Report_PUBLIC.pdf.pdf,,low_extraction_confidence,,J1488,77,0.5,pdfplumber,,
,,2019 Cycle 1,West,Phase1,DPP Phase 1 System Impact Study,2021-03-02,,,,,,,,,,,,528746_GI-DPP-2019-West-Phase1_System_Impact_Report_PUBLIC.pdf.pdf,,low_extraction_confidence,,J1490,77,0.5,pdfplumber,,
,,DPP-2017-FEB,West,Restudy,Restudy,2021-03-10,,,,,,,,,,,,530115_DPP-2017-FEB-West-Phase3-SPP-AFS-SIS-Restudy-Public.pdf.pdf,,low_extraction_confidence,,J460,18,0.5,pdfplumber,,
,,DPP-2018-APR,Central,Phase2,DPP Phase 2 System Impact Study,2021-02-26,,,,,,,,,,,,527785_GI_DPP_2018_APRIL_Central_SIS_Phase_II_Report_-_R04.pdf.pdf,,low_extraction_confidence,,J957,6,0.5,pdfplumber,,
,,DPP-2018-APR,Central,Phase2,DPP Phase 2 System Impact Study,2021-02-26,,,,,,,,,,,,527785_GI_DPP_2018_APRIL_Central_SIS_Phase_II_Report_-_R04.pdf.pdf,,low_extraction_confidence,,J973,6,0.5,pdfplumber,,
,,DPP-2018-APR,Central,Phase2,DPP Phase 2 System Impact Study,2021-02-26,,,,,,,,,,,,527785_GI_DPP_2018_APRIL_Central_SIS_Phase_II_Report_-_R04.pdf.pdf,,low_extraction_confidence,,J983,6,0.5,pdfplumber,,
,,DPP-2018-APR,Central,Phase2,DPP Phase 2 System Impact Study,2021-02-26,,,,,,,,,,,,527785_GI_DPP_2018_APRIL_Central_SIS_Phase_II_Report_-_R04.pdf.pdf,,low_extraction_confidence,,J1012,6,0.5,pdfplumber,,
,,DPP-2018-APR,Central,Phase2,DPP Phase 2 System Impact Study,2021-02-26,,,,,,,,,,,,527785_GI_DPP_2018_APRIL_Central_SIS_Phase_II_Report_-_R04.pdf.pdf,,low_extraction_confidence,,J1017,6,0.5,pdfplumber,,
,,DPP-2018-APR,Central,Phase2,DPP Phase 2 System Impact Study,2021-02-26,,,,,,,,,,,,527785_GI_DPP_2018_APRIL_Central_SIS_Phase_II_Report_-_R04.pdf.pdf,,low_extraction_confidence,,J1018,6,0.5,pdfplumber,,
,,DPP-2018-APR,Central,Phase2,DPP Phase 2 System Impact Study,2021-02-26,,,,,,,,,,,,527785_GI_DPP_2018_APRIL_Central_SIS_Phase_II_Report_-_R04.pdf.pdf,,low_extraction_confidence,,J1019,6,0.5,pdfplumber,,
,,DPP-2018-APR,Central,Phase2,DPP Phase 2 System Impact Study,2021-02-26,,,,,,,,,,,,527785_GI_DPP_2018_APRIL_Central_SIS_Phase_II_Report_-_R04.pdf.pdf,,low_extraction_confidence,,J1035,6,0.5,pdfplumber,,
,,DPP-2018-APR,Central,Phase2,DPP Phase 2 System Impact Study,2021-02-26,,,,,,,,,,,,527785_GI_DPP_2018_APRIL_Central_SIS_Phase_II_Report_-_R04.pdf.pdf,,low_extraction_confidence,,J1066,6,0.5,pdfplumber,,
,,DPP-2018-APR,Central,Phase2,DPP Phase 2 System Impact Study,2021-02-26,,,,,,,,,,,,527785_GI_DPP_2018_APRIL_Central_SIS_Phase_II_Report_-_R04.pdf.pdf,,low_extraction_confidence,,J1080,6,0.5,pdfplumber,,
,,DPP-2018-APR,Central,Phase2,DPP Phase 2 System Impact Study,2021-02-26,,,,,,,,,,,,527785_GI_DPP_2018_APRIL_Central_SIS_Phase_II_Report_-_R04.pdf.pdf,,low_extraction_confidence,,J1116,6,0.5,pdfplumber,,
,,DPP-2018-APR,Central,Phase2,DPP Phase 2 System Impact Study,2021-02-26,,,,,,,,,,,,527785_GI_DPP_2018_APRIL_Central_SIS_Phase_II_Report_-_R04.pdf.pdf,,low_extraction_confidence,,J1118,6,0.5,pdfplumber,,
,,DPP-2018-APR,Central,Phase2,DPP Phase 2 System Impact Study,2021-02-26,,,,,,,,,,,,527785_GI_DPP_2018_APRIL_Central_SIS_Phase_II_Report_-_R04.pdf.pdf,,low_extraction_confidence,,J1150,6,0.5,pdfplumber,,
,,DPP-2018-APR,Central,Phase2,DPP Phase 2 System Impact Study,2021-02-26,,,,,,,,,,,,527785_GI_DPP_2018_APRIL_Central_SIS_Phase_II_Report_-_R04.pdf.pdf,,low_extraction_confidence,,J980,6,0.5,pdfplumber,,
,,DPP-2018-APR,Central,Phase2,DPP Phase 2 System Impact Study,2021-02-26,,,,,,,,,,,,527785_GI_DPP_2018_APRIL_Central_SIS_Phase_II_Report_-_R04.pdf.pdf,,low_extraction_confidence,,J985,6,0.5,pdfplumber,,
,,DPP-2018-APR,Central,Phase2,DPP Phase 2 System Impact Study,2021-02-26,,,,,,,,,,,,527785_GI_DPP_2018_APRIL_Central_SIS_Phase_II_Report_-_R04.pdf.pdf,,low_extraction_confidence,,J995,6,0.5,pdfplumber,,
,,DPP-2018-APR,Central,Phase2,DPP Phase 2 System Impact Study,2021-02-26,,,,,,,,,,,,527785_GI_DPP_2018_APRIL_Central_SIS_Phase_II_Report_-_R04.pdf.pdf,,low_extraction_confidence,,J1016,6,0.5,pdfplumber,,
,,DPP-2018-APR,Central,Phase2,DPP Phase 2 System Impact Study,2021-02-26,,,,,,,,,,,,527785_GI_DPP_2018_APRIL_Central_SIS_Phase_II_Report_-_R04.pdf.pdf,,low_extraction_confidence,,J1021,6,0.5,pdfplumber,,
,,DPP-2018-APR,Central,Phase2,DPP Phase 2 System Impact Study,2021-02-26,,,,,,,,,,,,527785_GI_DPP_2018_APRIL_Central_SIS_Phase_II_Report_-_R04.pdf.pdf,,low_extraction_confidence,,J1031,6,0.5,pdfplumber,,
,,DPP-2018-APR,Central,Phase2,DPP Phase 2 System Impact Study,2021-02-26,,,,,,,,,,,,527785_GI_DPP_2018_APRIL_Central_SIS_Phase_II_Report_-_R04.pdf.pdf,,low_extraction_confidence,,J1059,6,0.5,pdfplumber,,
,,DPP-2018-APR,Central,Phase2,DPP Phase 2 System Impact Study,2021-02-26,,,,,,,,,,,,527785_GI_DPP_2018_APRIL_Central_SIS_Phase_II_Report_-_R04.pdf.pdf,,low_extraction_confidence,,J1123,6,0.5,pdfplumber,,
,,DPP-2018-APR,Central,Phase2,DPP Phase 2 System Impact Study,2021-02-26,,,,,,,,,,,,527785_GI_DPP_2018_APRIL_Central_SIS_Phase_II_Report_-_R04.pdf.pdf,,low_extraction_confidence,,J1148,6,0.5,pdfplumber,,
,,DPP-2018-APR,Central,Phase2,DPP Phase 2 System Impact Study,2021-02-26,,,,,,,,,,,,527785_GI_DPP_2018_APRIL_Central_SIS_Phase_II_Report_-_R04.pdf.pdf,,low_extraction_confidence,,J1161,6,0.5,pdfplumber,,
,,DPP-2018-APR,Central,Phase2,DPP Phase 2 System Impact Study,2021-02-26,,,,,,,,,,,,527785_GI_DPP_2018_APRIL_Central_SIS_Phase_II_Report_-_R04.pdf.pdf,,low_extraction_confidence,,J966,19,0.5,pdfplumber,,
,,DPP-2018-APR,Central,Phase2,DPP Phase 2 System Impact Study,2021-02-26,,,,,,,,,,,,527785_GI_DPP_2018_APRIL_Central_SIS_Phase_II_Report_-_R04.pdf.pdf,,low_extraction_confidence,,J1177,19,0.5,pdfplumber,,
,,DPP-2018-APR,ATC,Unknown,System Impact Study,2021-03-31,,,,,,,,,,,,538962_GI-DPP-2018-APR-ATC-Ph3_System_Impact_Study_Final_PUBLIC.zip__Final_System_Impact_Study_Report-DPP_Apr_18_Phase_3_20210331_PUBLIC.pdf.pdf,,low_extraction_confidence,,J807,15,0.5,pdfplumber,,
,,DPP-2018-APR,ATC,Unknown,System Impact Study,2021-03-31,,,,,,,,,,,,538962_GI-DPP-2018-APR-ATC-Ph3_System_Impact_Study_Final_PUBLIC.zip__Final_System_Impact_Study_Report-DPP_Apr_18_Phase_3_20210331_PUBLIC.pdf.pdf,,low_extraction_confidence,,J819,15,0.5,pdfplumber,,
,,DPP-2018-APR,ATC,Unknown,System Impact Study,2021-03-31,,,,,,,,,,,,538962_GI-DPP-2018-APR-ATC-Ph3_System_Impact_Study_Final_PUBLIC.zip__Final_System_Impact_Study_Report-DPP_Apr_18_Phase_3_20210331_PUBLIC.pdf.pdf,,low_extraction_confidence,,J821,15,0.5,pdfplumber,,
,,DPP-2018-APR,ATC,Unknown,System Impact Study,2021-03-31,,,,,,,,,,,,538962_GI-DPP-2018-APR-ATC-Ph3_System_Impact_Study_Final_PUBLIC.zip__Final_System_Impact_Study_Report-DPP_Apr_18_Phase_3_20210331_PUBLIC.pdf.pdf,,low_extraction_confidence,,J390,15,0.5,pdfplumber,,
,,DPP-2018-APR,ATC,Unknown,System Impact Study,2021-03-31,,,,,,,,,,,,538962_GI-DPP-2018-APR-ATC-Ph3_System_Impact_Study_Final_PUBLIC.zip__Final_System_Impact_Study_Report-DPP_Apr_18_Phase_3_20210331_PUBLIC.pdf.pdf,,low_extraction_confidence,,J505,15,0.5,pdfplumber,,
,,DPP-2018-APR,ATC,Unknown,System Impact Study,2021-03-31,,,,,,,,,,,,538962_GI-DPP-2018-APR-ATC-Ph3_System_Impact_Study_Final_PUBLIC.zip__Final_System_Impact_Study_Report-DPP_Apr_18_Phase_3_20210331_PUBLIC.pdf.pdf,,low_extraction_confidence,,J584,15,0.5,pdfplumber,,
,,DPP-2018-APR,ATC,Unknown,System Impact Study,2021-03-31,,,,,,,,,,,,538962_GI-DPP-2018-APR-ATC-Ph3_System_Impact_Study_Final_PUBLIC.zip__Final_System_Impact_Study_Report-DPP_Apr_18_Phase_3_20210331_PUBLIC.pdf.pdf,,low_extraction_confidence,,J732,15,0.5,pdfplumber,,
,,DPP-2018-APR,ATC,Unknown,System Impact Study,2021-03-31,,,,,,,,,,,,538962_GI-DPP-2018-APR-ATC-Ph3_System_Impact_Study_Final_PUBLIC.zip__Final_System_Impact_Study_Report-DPP_Apr_18_Phase_3_20210331_PUBLIC.pdf.pdf,,low_extraction_confidence,,J760,15,0.5,pdfplumber,,
,,DPP-2018-APR,ATC,Unknown,System Impact Study,2021-03-31,,,,,,,,,,,,538962_GI-DPP-2018-APR-ATC-Ph3_System_Impact_Study_Final_PUBLIC.zip__Final_System_Impact_Study_Report-DPP_Apr_18_Phase_3_20210331_PUBLIC.pdf.pdf,,low_extraction_confidence,,J818,15,0.5,pdfplumber,,
,,DPP-2018-APR,ATC,Unknown,System Impact Study,2021-03-31,,,,,,,,,,,,538962_GI-DPP-2018-APR-ATC-Ph3_System_Impact_Study_Final_PUBLIC.zip__Final_System_Impact_Study_Report-DPP_Apr_18_Phase_3_20210331_PUBLIC.pdf.pdf,,low_extraction_confidence,,J831,15,0.5,pdfplumber,,
,,DPP-2018-APR,ATC,Unknown,System Impact Study,2021-03-31,,,,,,,,,,,,538962_GI-DPP-2018-APR-ATC-Ph3_System_Impact_Study_Final_PUBLIC.zip__Final_System_Impact_Study_Report-DPP_Apr_18_Phase_3_20210331_PUBLIC.pdf.pdf,,low_extraction_confidence,,J849,15,0.5,pdfplumber,,
,,DPP-2018-APR,ATC,Unknown,System Impact Study,2021-03-31,,,,,,,,,,,,538962_GI-DPP-2018-APR-ATC-Ph3_System_Impact_Study_Final_PUBLIC.zip__Final_System_Impact_Study_Report-DPP_Apr_18_Phase_3_20210331_PUBLIC.pdf.pdf,,low_extraction_confidence,,J850,16,0.5,pdfplumber,,
,,DPP-2018-APR,ATC,Unknown,System Impact Study,2021-03-31,,,,,,,,,,,,538962_GI-DPP-2018-APR-ATC-Ph3_System_Impact_Study_Final_PUBLIC.zip__Final_System_Impact_Study_Report-DPP_Apr_18_Phase_3_20210331_PUBLIC.pdf.pdf,,low_extraction_confidence,,J855,16,0.5,pdfplumber,,
,,DPP-2018-APR,ATC,Unknown,System Impact Study,2021-03-31,,,,,,,,,,,,538962_GI-DPP-2018-APR-ATC-Ph3_System_Impact_Study_Final_PUBLIC.zip__Final_System_Impact_Study_Report-DPP_Apr_18_Phase_3_20210331_PUBLIC.pdf.pdf,,low_extraction_confidence,,J864,16,0.5,pdfplumber,,
,,DPP-2018-APR,ATC,Unknown,System Impact Study,2021-03-31,,,,,,,,,,,,538962_GI-DPP-2018-APR-ATC-Ph3_System_Impact_Study_Final_PUBLIC.zip__Final_System_Impact_Study_Report-DPP_Apr_18_Phase_3_20210331_PUBLIC.pdf.pdf,,low_extraction_confidence,,J870,16,0.5,pdfplumber,,
,,DPP-2018-APR,ATC,Unknown,System Impact Study,2021-03-31,,,,,,,,,,,,538962_GI-DPP-2018-APR-ATC-Ph3_System_Impact_Study_Final_PUBLIC.zip__Final_System_Impact_Study_Report-DPP_Apr_18_Phase_3_20210331_PUBLIC.pdf.pdf,,low_extraction_confidence,,J871,16,0.5,pdfplumber,,
,,DPP-2018-APR,ATC,Unknown,System Impact Study,2021-03-31,,,,,,,,,,,,538962_GI-DPP-2018-APR-ATC-Ph3_System_Impact_Study_Final_PUBLIC.zip__Final_System_Impact_Study_Report-DPP_Apr_18_Phase_3_20210331_PUBLIC.pdf.pdf,,low_extraction_confidence,,J878,16,0.5,pdfplumber,,
,,DPP-2018-APR,ATC,Unknown,System Impact Study,2021-03-31,,,,,,,,,,,,538962_GI-DPP-2018-APR-ATC-Ph3_System_Impact_Study_Final_PUBLIC.zip__Final_System_Impact_Study_Report-DPP_Apr_18_Phase_3_20210331_PUBLIC.pdf.pdf,,low_extraction_confidence,,J886,16,0.5,pdfplumber,,
,,DPP-2018-APR,ATC,Unknown,System Impact Study,2021-03-31,,,,,,,,,,,,538962_GI-DPP-2018-APR-ATC-Ph3_System_Impact_Study_Final_PUBLIC.zip__Final_System_Impact_Study_Report-DPP_Apr_18_Phase_3_20210331_PUBLIC.pdf.pdf,,low_extraction_confidence,,J928,16,0.5,pdfplumber,,
,,DPP-2018-APR,ATC,Unknown,System Impact Study,2021-03-31,,,,,,,,,,,,538962_GI-DPP-2018-APR-ATC-Ph3_System_Impact_Study_Final_PUBLIC.zip__Final_System_Impact_Study_Report-DPP_Apr_18_Phase_3_20210331_PUBLIC.pdf.pdf,,low_extraction_confidence,,J947,16,0.5,pdfplumber,,
,,DPP-2018-APR,ATC,Unknown,System Impact Study,2021-03-31,,,,,,,,,,,,538962_GI-DPP-2018-APR-ATC-Ph3_System_Impact_Study_Final_PUBLIC.zip__Final_System_Impact_Study_Report-DPP_Apr_18_Phase_3_20210331_PUBLIC.pdf.pdf,,low_extraction_confidence,,J1044,47,0.5,pdfplumber,,
,,DPP-2018-APR,ATC,Unknown,System Impact Study,2021-03-31,,,,,,,,,,,,538962_GI-DPP-2018-APR-ATC-Ph3_System_Impact_Study_Final_PUBLIC.zip__Final_System_Impact_Study_Report-DPP_Apr_18_Phase_3_20210331_PUBLIC.pdf.pdf,,low_extraction_confidence,,J1047,47,0.5,pdfplumber,,
,,DPP-2018-APR,ATC,Unknown,System Impact Study,2021-03-31,,,,,,,,,,,,538962_GI-DPP-2018-APR-ATC-Ph3_System_Impact_Study_Final_PUBLIC.zip__Final_System_Impact_Study_Report-DPP_Apr_18_Phase_3_20210331_PUBLIC.pdf.pdf,,low_extraction_confidence,,J1010,47,0.5,pdfplumber,,
,,DPP-2018-APR,ATC,Unknown,System Impact Study,2021-03-31,,,,,,,,,,,,538962_GI-DPP-2018-APR-ATC-Ph3_System_Impact_Study_Final_PUBLIC.zip__Final_System_Impact_Study_Report-DPP_Apr_18_Phase_3_20210331_PUBLIC.pdf.pdf,,low_extraction_confidence,,J1011,47,0.5,pdfplumber,,
,,DPP-2018-APR,ATC,Unknown,System Impact Study,2021-03-31,,,,,,,,,,,,538962_GI-DPP-2018-APR-ATC-Ph3_System_Impact_Study_Final_PUBLIC.zip__Final_System_Impact_Study_Report-DPP_Apr_18_Phase_3_20210331_PUBLIC.pdf.pdf,,low_extraction_confidence,,J395,48,0.5,pdfplumber,,
,,DPP-2018-APR,Central,Phase1,DPP Phase 1 System Impact Study,2019-12-11,,,,,,,,,,,,408680_GI_DPP_2018_APRIL_Central_SIS_Phase_I_Report_-_FINAL_Rev2.pdf.pdf,,low_extraction_confidence,,J957,5,0.5,pdfplumber,,
,,DPP-2018-APR,Central,Phase1,DPP Phase 1 System Impact Study,2019-12-11,,,,,,,,,,,,408680_GI_DPP_2018_APRIL_Central_SIS_Phase_I_Report_-_FINAL_Rev2.pdf.pdf,,low_extraction_confidence,,J973,5,0.5,pdfplumber,,
,,DPP-2018-APR,Central,Phase1,DPP Phase 1 System Impact Study,2019-12-11,,,,,,,,,,,,408680_GI_DPP_2018_APRIL_Central_SIS_Phase_I_Report_-_FINAL_Rev2.pdf.pdf,,low_extraction_confidence,,J983,5,0.5,pdfplumber,,
,,DPP-2018-APR,Central,Phase1,DPP Phase 1 System Impact Study,2019-12-11,,,,,,,,,,,,408680_GI_DPP_2018_APRIL_Central_SIS_Phase_I_Report_-_FINAL_Rev2.pdf.pdf,,low_extraction_confidence,,J1012,5,0.5,pdfplumber,,
,,DPP-2018-APR,Central,Phase1,DPP Phase 1 System Impact Study,2019-12-11,,,,,,,,,,,,408680_GI_DPP_2018_APRIL_Central_SIS_Phase_I_Report_-_FINAL_Rev2.pdf.pdf,,low_extraction_confidence,,J1017,5,0.5,pdfplumber,,
,,DPP-2018-APR,Central,Phase1,DPP Phase 1 System Impact Study,2019-12-11,,,,,,,,,,,,408680_GI_DPP_2018_APRIL_Central_SIS_Phase_I_Report_-_FINAL_Rev2.pdf.pdf,,low_extraction_confidence,,J1018,5,0.5,pdfplumber,,
,,DPP-2018-APR,Central,Phase1,DPP Phase 1 System Impact Study,2019-12-11,,,,,,,,,,,,408680_GI_DPP_2018_APRIL_Central_SIS_Phase_I_Report_-_FINAL_Rev2.pdf.pdf,,low_extraction_confidence,,J1019,5,0.5,pdfplumber,,
,,DPP-2018-APR,Central,Phase1,DPP Phase 1 System Impact Study,2019-12-11,,,,,,,,,,,,408680_GI_DPP_2018_APRIL_Central_SIS_Phase_I_Report_-_FINAL_Rev2.pdf.pdf,,low_extraction_confidence,,J1035,5,0.5,pdfplumber,,
,,DPP-2018-APR,Central,Phase1,DPP Phase 1 System Impact Study,2019-12-11,,,,,,,,,,,,408680_GI_DPP_2018_APRIL_Central_SIS_Phase_I_Report_-_FINAL_Rev2.pdf.pdf,,low_extraction_confidence,,J1066,5,0.5,pdfplumber,,
,,DPP-2018-APR,Central,Phase1,DPP Phase 1 System Impact Study,2019-12-11,,,,,,,,,,,,408680_GI_DPP_2018_APRIL_Central_SIS_Phase_I_Report_-_FINAL_Rev2.pdf.pdf,,low_extraction_confidence,,J1080,5,0.5,pdfplumber,,
,,DPP-2018-APR,Central,Phase1,DPP Phase 1 System Impact Study,2019-12-11,,,,,,,,,,,,408680_GI_DPP_2018_APRIL_Central_SIS_Phase_I_Report_-_FINAL_Rev2.pdf.pdf,,low_extraction_confidence,,J1116,5,0.5,pdfplumber,,
,,DPP-2018-APR,Central,Phase1,DPP Phase 1 System Impact Study,2019-12-11,,,,,,,,,,,,408680_GI_DPP_2018_APRIL_Central_SIS_Phase_I_Report_-_FINAL_Rev2.pdf.pdf,,low_extraction_confidence,,J1118,5,0.5,pdfplumber,,
,,DPP-2018-APR,Central,Phase1,DPP Phase 1 System Impact Study,2019-12-11,,,,,,,,,,,,408680_GI_DPP_2018_APRIL_Central_SIS_Phase_I_Report_-_FINAL_Rev2.pdf.pdf,,low_extraction_confidence,,J1150,5,0.5,pdfplumber,,
,,DPP-2018-APR,Central,Phase1,DPP Phase 1 System Impact Study,2019-12-11,,,,,,,,,,,,408680_GI_DPP_2018_APRIL_Central_SIS_Phase_I_Report_-_FINAL_Rev2.pdf.pdf,,low_extraction_confidence,,J829,10,0.5,pdfplumber,,
,,DPP-2018-APR,Central,Phase1,DPP Phase 1 System Impact Study,2019-12-11,,,,,,,,,,,,408680_GI_DPP_2018_APRIL_Central_SIS_Phase_I_Report_-_FINAL_Rev2.pdf.pdf,,low_extraction_confidence,,J811,11,0.5,pdfplumber,,
,,DPP-2018-APR,Central,Phase1,DPP Phase 1 System Impact Study,2019-12-11,,,,,,,,,,,,408680_GI_DPP_2018_APRIL_Central_SIS_Phase_I_Report_-_FINAL_Rev2.pdf.pdf,,low_extraction_confidence,,J815,11,0.5,pdfplumber,,
,,DPP-2018-APR,Central,Phase1,DPP Phase 1 System Impact Study,2019-12-11,,,,,,,,,,,,408680_GI_DPP_2018_APRIL_Central_SIS_Phase_I_Report_-_FINAL_Rev2.pdf.pdf,,low_extraction_confidence,,J848,11,0.5,pdfplumber,,
,,DPP-2018-APR,Central,Phase1,DPP Phase 1 System Impact Study,2019-12-11,,,,,,,,,,,,408680_GI_DPP_2018_APRIL_Central_SIS_Phase_I_Report_-_FINAL_Rev2.pdf.pdf,,low_extraction_confidence,,J912,11,0.5,pdfplumber,,
,,DPP-2018-APR,Central,Phase1,DPP Phase 1 System Impact Study,2019-12-11,,,,,,,,,,,,408680_GI_DPP_2018_APRIL_Central_SIS_Phase_I_Report_-_FINAL_Rev2.pdf.pdf,,low_extraction_confidence,,J800,11,0.5,pdfplumber,,
,,DPP-2018-APR,Central,Phase1,DPP Phase 1 System Impact Study,2019-12-11,,,,,,,,,,,,408680_GI_DPP_2018_APRIL_Central_SIS_Phase_I_Report_-_FINAL_Rev2.pdf.pdf,,low_extraction_confidence,,J842,11,0.5,pdfplumber,,
,,DPP-2018-APR,Central,Phase1,DPP Phase 1 System Impact Study,2019-12-11,,,,,,,,,,,,408680_GI_DPP_2018_APRIL_Central_SIS_Phase_I_Report_-_FINAL_Rev2.pdf.pdf,,low_extraction_confidence,,J843,11,0.5,pdfplumber,,
,,2019 Cycle 1,South,Phase3,DPP Phase 3 Final Study,2021-11-18,,,,,,,,,,,,620153_GI-DPP-2019-Cycle-South-Ph3_System_Impact_Study_Final_PUBLIC.zip__GI_DPP_2019_Cycle_1_South_SIS_Phase_3_Report_Final.pdf.pdf,,low_extraction_confidence,,J1283,5,0.5,pdfplumber,,
,,2019 Cycle 1,South,Phase3,DPP Phase 3 Final Study,2021-11-18,,,,,,,,,,,,620153_GI-DPP-2019-Cycle-South-Ph3_System_Impact_Study_Final_PUBLIC.zip__GI_DPP_2019_Cycle_1_South_SIS_Phase_3_Report_Final.pdf.pdf,,low_extraction_confidence,,J1291,5,0.5,pdfplumber,,
,,2019 Cycle 1,South,Phase3,DPP Phase 3 Final Study,2021-11-18,,,,,,,,,,,,620153_GI-DPP-2019-Cycle-South-Ph3_System_Impact_Study_Final_PUBLIC.zip__GI_DPP_2019_Cycle_1_South_SIS_Phase_3_Report_Final.pdf.pdf,,low_extraction_confidence,,J1309,5,0.5,pdfplumber,,
,,2019 Cycle 1,South,Phase3,DPP Phase 3 Final Study,2021-11-18,,,,,,,,,,,,620153_GI-DPP-2019-Cycle-South-Ph3_System_Impact_Study_Final_PUBLIC.zip__GI_DPP_2019_Cycle_1_South_SIS_Phase_3_Report_Final.pdf.pdf,,low_extraction_confidence,,J1433,5,0.5,pdfplumber,,
,,2019 Cycle 1,South,Phase3,DPP Phase 3 Final Study,2021-11-18,,,,,,,,,,,,620153_GI-DPP-2019-Cycle-South-Ph3_System_Impact_Study_Final_PUBLIC.zip__GI_DPP_2019_Cycle_1_South_SIS_Phase_3_Report_Final.pdf.pdf,,low_extraction_confidence,,J1443,5,0.5,pdfplumber,,
,,2019 Cycle 1,South,Phase3,DPP Phase 3 Final Study,2021-11-18,,,,,,,,,,,,620153_GI-DPP-2019-Cycle-South-Ph3_System_Impact_Study_Final_PUBLIC.zip__GI_DPP_2019_Cycle_1_South_SIS_Phase_3_Report_Final.pdf.pdf,,low_extraction_confidence,,J1484,5,0.5,pdfplumber,,
,,2019 Cycle 1,South,Phase3,DPP Phase 3 Final Study,2021-11-18,,,,,,,,,,,,620153_GI-DPP-2019-Cycle-South-Ph3_System_Impact_Study_Final_PUBLIC.zip__GI_DPP_2019_Cycle_1_South_SIS_Phase_3_Report_Final.pdf.pdf,,low_extraction_confidence,,J1236,5,0.5,pdfplumber,,
,,2019 Cycle 1,South,Phase3,DPP Phase 3 Final Study,2021-11-18,,,,,,,,,,,,620153_GI-DPP-2019-Cycle-South-Ph3_System_Impact_Study_Final_PUBLIC.zip__GI_DPP_2019_Cycle_1_South_SIS_Phase_3_Report_Final.pdf.pdf,,low_extraction_confidence,,J1238,5,0.5,pdfplumber,,
,,2019 Cycle 1,South,Phase3,DPP Phase 3 Final Study,2021-11-18,,,,,,,,,,,,620153_GI-DPP-2019-Cycle-South-Ph3_System_Impact_Study_Final_PUBLIC.zip__GI_DPP_2019_Cycle_1_South_SIS_Phase_3_Report_Final.pdf.pdf,,low_extraction_confidence,,J1245,5,0.5,pdfplumber,,
,,2019 Cycle 1,South,Phase3,DPP Phase 3 Final Study,2021-11-18,,,,,,,,,,,,620153_GI-DPP-2019-Cycle-South-Ph3_System_Impact_Study_Final_PUBLIC.zip__GI_DPP_2019_Cycle_1_South_SIS_Phase_3_Report_Final.pdf.pdf,,low_extraction_confidence,,J1250,5,0.5,pdfplumber,,
,,2019 Cycle 1,South,Phase3,DPP Phase 3 Final Study,2021-11-18,,,,,,,,,,,,620153_GI-DPP-2019-Cycle-South-Ph3_System_Impact_Study_Final_PUBLIC.zip__GI_DPP_2019_Cycle_1_South_SIS_Phase_3_Report_Final.pdf.pdf,,low_extraction_confidence,,J1259,5,0.5,pdfplumber,,
,,2019 Cycle 1,South,Phase3,DPP Phase 3 Final Study,2021-11-18,,,,,,,,,,,,620153_GI-DPP-2019-Cycle-South-Ph3_System_Impact_Study_Final_PUBLIC.zip__GI_DPP_2019_Cycle_1_South_SIS_Phase_3_Report_Final.pdf.pdf,,low_extraction_confidence,,J1260,5,0.5,pdfplumber,,
,,2019 Cycle 1,South,Phase3,DPP Phase 3 Final Study,2021-11-18,,,,,,,,,,,,620153_GI-DPP-2019-Cycle-South-Ph3_System_Impact_Study_Final_PUBLIC.zip__GI_DPP_2019_Cycle_1_South_SIS_Phase_3_Report_Final.pdf.pdf,,low_extraction_confidence,,J1261,5,0.5,pdfplumber,,
,,2019 Cycle 1,South,Phase3,DPP Phase 3 Final Study,2021-11-18,,,,,,,,,,,,620153_GI-DPP-2019-Cycle-South-Ph3_System_Impact_Study_Final_PUBLIC.zip__GI_DPP_2019_Cycle_1_South_SIS_Phase_3_Report_Final.pdf.pdf,,low_extraction_confidence,,J1267,5,0.5,pdfplumber,,
,,2019 Cycle 1,South,Phase3,DPP Phase 3 Final Study,2021-11-18,,,,,,,,,,,,620153_GI-DPP-2019-Cycle-South-Ph3_System_Impact_Study_Final_PUBLIC.zip__GI_DPP_2019_Cycle_1_South_SIS_Phase_3_Report_Final.pdf.pdf,,low_extraction_confidence,,J1277,5,0.5,pdfplumber,,
,,2019 Cycle 1,South,Phase3,DPP Phase 3 Final Study,2021-11-18,,,,,,,,,,,,620153_GI-DPP-2019-Cycle-South-Ph3_System_Impact_Study_Final_PUBLIC.zip__GI_DPP_2019_Cycle_1_South_SIS_Phase_3_Report_Final.pdf.pdf,,low_extraction_confidence,,J1278,5,0.5,pdfplumber,,
,,2019 Cycle 1,South,Phase3,DPP Phase 3 Final Study,2021-11-18,,,,,,,,,,,,620153_GI-DPP-2019-Cycle-South-Ph3_System_Impact_Study_Final_PUBLIC.zip__GI_DPP_2019_Cycle_1_South_SIS_Phase_3_Report_Final.pdf.pdf,,low_extraction_confidence,,J1280,5,0.5,pdfplumber,,
,,2019 Cycle 1,South,Phase3,DPP Phase 3 Final Study,2021-11-18,,,,,,,,,,,,620153_GI-DPP-2019-Cycle-South-Ph3_System_Impact_Study_Final_PUBLIC.zip__GI_DPP_2019_Cycle_1_South_SIS_Phase_3_Report_Final.pdf.pdf,,low_extraction_confidence,,J1287,5,0.5,pdfplumber,,
,,2019 Cycle 1,South,Phase3,DPP Phase 3 Final Study,2021-11-18,,,,,,,,,,,,620153_GI-DPP-2019-Cycle-South-Ph3_System_Impact_Study_Final_PUBLIC.zip__GI_DPP_2019_Cycle_1_South_SIS_Phase_3_Report_Final.pdf.pdf,,low_extraction_confidence,,J1290,5,0.5,pdfplumber,,
,,2019 Cycle 1,South,Phase3,DPP Phase 3 Final Study,2021-11-18,,,,,,,,,,,,620153_GI-DPP-2019-Cycle-South-Ph3_System_Impact_Study_Final_PUBLIC.zip__GI_DPP_2019_Cycle_1_South_SIS_Phase_3_Report_Final.pdf.pdf,,low_extraction_confidence,,J1293,5,0.5,pdfplumber,,
,,2019 Cycle 1,South,Phase3,DPP Phase 3 Final Study,2021-11-18,,,,,,,,,,,,620153_GI-DPP-2019-Cycle-South-Ph3_System_Impact_Study_Final_PUBLIC.zip__GI_DPP_2019_Cycle_1_South_SIS_Phase_3_Report_Final.pdf.pdf,,low_extraction_confidence,,J1351,5,0.5,pdfplumber,,
,,2019 Cycle 1,South,Phase3,DPP Phase 3 Final Study,2021-11-18,,,,,,,,,,,,620153_GI-DPP-2019-Cycle-South-Ph3_System_Impact_Study_Final_PUBLIC.zip__GI_DPP_2019_Cycle_1_South_SIS_Phase_3_Report_Final.pdf.pdf,,low_extraction_confidence,,J1364,5,0.5,pdfplumber,,
,,2019 Cycle 1,South,Phase3,DPP Phase 3 Final Study,2021-11-18,,,,,,,,,,,,620153_GI-DPP-2019-Cycle-South-Ph3_System_Impact_Study_Final_PUBLIC.zip__GI_DPP_2019_Cycle_1_South_SIS_Phase_3_Report_Final.pdf.pdf,,low_extraction_confidence,,J1380,5,0.5,pdfplumber,,
,,2019 Cycle 1,South,Phase3,DPP Phase 3 Final Study,2021-11-18,,,,,,,,,,,,620153_GI-DPP-2019-Cycle-South-Ph3_System_Impact_Study_Final_PUBLIC.zip__GI_DPP_2019_Cycle_1_South_SIS_Phase_3_Report_Final.pdf.pdf,,low_extraction_confidence,,J1384,5,0.5,pdfplumber,,
,,2019 Cycle 1,South,Phase3,DPP Phase 3 Final Study,2021-11-18,,,,,,,,,,,,620153_GI-DPP-2019-Cycle-South-Ph3_System_Impact_Study_Final_PUBLIC.zip__GI_DPP_2019_Cycle_1_South_SIS_Phase_3_Report_Final.pdf.pdf,,low_extraction_confidence,,J1400,5,0.5,pdfplumber,,
,,2019 Cycle 1,South,Phase3,DPP Phase 3 Final Study,2021-11-18,,,,,,,,,,,,620153_GI-DPP-2019-Cycle-South-Ph3_System_Impact_Study_Final_PUBLIC.zip__GI_DPP_2019_Cycle_1_South_SIS_Phase_3_Report_Final.pdf.pdf,,low_extraction_confidence,,J1404,5,0.5,pdfplumber,,
,,2019 Cycle 1,South,Phase3,DPP Phase 3 Final Study,2021-11-18,,,,,,,,,,,,620153_GI-DPP-2019-Cycle-South-Ph3_System_Impact_Study_Final_PUBLIC.zip__GI_DPP_2019_Cycle_1_South_SIS_Phase_3_Report_Final.pdf.pdf,,low_extraction_confidence,,J1414,5,0.5,pdfplumber,,
,,2019 Cycle 1,South,Phase3,DPP Phase 3 Final Study,2021-11-18,,,,,,,,,,,,620153_GI-DPP-2019-Cycle-South-Ph3_System_Impact_Study_Final_PUBLIC.zip__GI_DPP_2019_Cycle_1_South_SIS_Phase_3_Report_Final.pdf.pdf,,low_extraction_confidence,,J1439,5,0.5,pdfplumber,,
,,2019 Cycle 1,South,Phase3,DPP Phase 3 Final Study,2021-11-18,,,,,,,,,,,,620153_GI-DPP-2019-Cycle-South-Ph3_System_Impact_Study_Final_PUBLIC.zip__GI_DPP_2019_Cycle_1_South_SIS_Phase_3_Report_Final.pdf.pdf,,low_extraction_confidence,,J1462,5,0.5,pdfplumber,,
,,2019 Cycle 1,South,Phase3,DPP Phase 3 Final Study,2021-11-18,,,,,,,,,,,,620153_GI-DPP-2019-Cycle-South-Ph3_System_Impact_Study_Final_PUBLIC.zip__GI_DPP_2019_Cycle_1_South_SIS_Phase_3_Report_Final.pdf.pdf,,low_extraction_confidence,,J1469,5,0.5,pdfplumber,,
,,2019 Cycle 1,South,Phase3,DPP Phase 3 Final Study,2021-11-18,,,,,,,,,,,,620153_GI-DPP-2019-Cycle-South-Ph3_System_Impact_Study_Final_PUBLIC.zip__GI_DPP_2019_Cycle_1_South_SIS_Phase_3_Report_Final.pdf.pdf,,low_extraction_confidence,,J1217,5,0.5,pdfplumber,,
,,2019 Cycle 1,South,Phase3,DPP Phase 3 Final Study,2021-11-18,,,,,,,,,,,,620153_GI-DPP-2019-Cycle-South-Ph3_System_Impact_Study_Final_PUBLIC.zip__GI_DPP_2019_Cycle_1_South_SIS_Phase_3_Report_Final.pdf.pdf,,low_extraction_confidence,,J1223,5,0.5,pdfplumber,,
,,2019 Cycle 1,South,Phase3,DPP Phase 3 Final Study,2021-11-18,,,,,,,,,,,,620153_GI-DPP-2019-Cycle-South-Ph3_System_Impact_Study_Final_PUBLIC.zip__GI_DPP_2019_Cycle_1_South_SIS_Phase_3_Report_Final.pdf.pdf,,low_extraction_confidence,,J1279,5,0.5,pdfplumber,,
,,2019 Cycle 1,South,Phase3,DPP Phase 3 Final Study,2021-11-18,,,,,,,,,,,,620153_GI-DPP-2019-Cycle-South-Ph3_System_Impact_Study_Final_PUBLIC.zip__GI_DPP_2019_Cycle_1_South_SIS_Phase_3_Report_Final.pdf.pdf,,low_extraction_confidence,,J1282,5,0.5,pdfplumber,,
,,2019 Cycle 1,South,Phase3,DPP Phase 3 Final Study,2021-11-18,,,,,,,,,,,,620153_GI-DPP-2019-Cycle-South-Ph3_System_Impact_Study_Final_PUBLIC.zip__GI_DPP_2019_Cycle_1_South_SIS_Phase_3_Report_Final.pdf.pdf,,low_extraction_confidence,,J1452,5,0.5,pdfplumber,,
,,2019 Cycle 1,South,Phase3,DPP Phase 3 Final Study,2021-11-18,,,,,,,,,,,,620153_GI-DPP-2019-Cycle-South-Ph3_System_Impact_Study_Final_PUBLIC.zip__GI_DPP_2019_Cycle_1_South_SIS_Phase_3_Report_Final.pdf.pdf,,low_extraction_confidence,,J919,10,0.5,pdfplumber,,
,,2019 Cycle 1,ATC,Unknown,System Impact Study,2022-02-14,,,,,,,,,,,,622921_GI-DPP-2019-ATC-Ph2_System_Impact_Study_Final_PUBLIC.zip__Final_System_Impact_Study_Report-DPP_2019_Cycle_1_Phase_2_PUBLIC.pdf.pdf,,low_extraction_confidence,,J1214,3,0.5,pdfplumber,,
,,2019 Cycle 1,ATC,Unknown,System Impact Study,2022-02-14,,,,,,,,,,,,622921_GI-DPP-2019-ATC-Ph2_System_Impact_Study_Final_PUBLIC.zip__Final_System_Impact_Study_Report-DPP_2019_Cycle_1_Phase_2_PUBLIC.pdf.pdf,,low_extraction_confidence,,J1326,3,0.5,pdfplumber,,
,,2019 Cycle 1,ATC,Unknown,System Impact Study,2022-02-14,,,,,,,,,,,,622921_GI-DPP-2019-ATC-Ph2_System_Impact_Study_Final_PUBLIC.zip__Final_System_Impact_Study_Report-DPP_2019_Cycle_1_Phase_2_PUBLIC.pdf.pdf,,low_extraction_confidence,,J1244,4,0.5,pdfplumber,,
,,2019 Cycle 1,ATC,Unknown,System Impact Study,2022-02-14,,,,,,,,,,,,622921_GI-DPP-2019-ATC-Ph2_System_Impact_Study_Final_PUBLIC.zip__Final_System_Impact_Study_Report-DPP_2019_Cycle_1_Phase_2_PUBLIC.pdf.pdf,,low_extraction_confidence,,J1251,4,0.5,pdfplumber,,
,,2019 Cycle 1,ATC,Unknown,System Impact Study,2022-02-14,,,,,,,,,,,,622921_GI-DPP-2019-ATC-Ph2_System_Impact_Study_Final_PUBLIC.zip__Final_System_Impact_Study_Report-DPP_2019_Cycle_1_Phase_2_PUBLIC.pdf.pdf,,low_extraction_confidence,,J1253,4,0.5,pdfplumber,,
,,2019 Cycle 1,ATC,Unknown,System Impact Study,2022-02-14,,,,,,,,,,,,622921_GI-DPP-2019-ATC-Ph2_System_Impact_Study_Final_PUBLIC.zip__Final_System_Impact_Study_Report-DPP_2019_Cycle_1_Phase_2_PUBLIC.pdf.pdf,,low_extraction_confidence,,J1304,4,0.5,pdfplumber,,
,,2019 Cycle 1,ATC,Unknown,System Impact Study,2022-02-14,,,,,,,,,,,,622921_GI-DPP-2019-ATC-Ph2_System_Impact_Study_Final_PUBLIC.zip__Final_System_Impact_Study_Report-DPP_2019_Cycle_1_Phase_2_PUBLIC.pdf.pdf,,low_extraction_confidence,,J1305,4,0.5,pdfplumber,,
,,2019 Cycle 1,ATC,Unknown,System Impact Study,2022-02-14,,,,,,,,,,,,622921_GI-DPP-2019-ATC-Ph2_System_Impact_Study_Final_PUBLIC.zip__Final_System_Impact_Study_Report-DPP_2019_Cycle_1_Phase_2_PUBLIC.pdf.pdf,,low_extraction_confidence,,J1316,4,0.5,pdfplumber,,
,,2019 Cycle 1,ATC,Unknown,System Impact Study,2022-02-14,,,,,,,,,,,,622921_GI-DPP-2019-ATC-Ph2_System_Impact_Study_Final_PUBLIC.zip__Final_System_Impact_Study_Report-DPP_2019_Cycle_1_Phase_2_PUBLIC.pdf.pdf,,low_extraction_confidence,,J1345,4,0.5,pdfplumber,,
,,2019 Cycle 1,ATC,Unknown,System Impact Study,2022-02-14,,,,,,,,,,,,622921_GI-DPP-2019-ATC-Ph2_System_Impact_Study_Final_PUBLIC.zip__Final_System_Impact_Study_Report-DPP_2019_Cycle_1_Phase_2_PUBLIC.pdf.pdf,,low_extraction_confidence,,J1370,5,0.5,pdfplumber,,
,,2019 Cycle 1,ATC,Unknown,System Impact Study,2022-02-14,,,,,,,,,,,,622921_GI-DPP-2019-ATC-Ph2_System_Impact_Study_Final_PUBLIC.zip__Final_System_Impact_Study_Report-DPP_2019_Cycle_1_Phase_2_PUBLIC.pdf.pdf,,low_extraction_confidence,,J1374,5,0.5,pdfplumber,,
,,2019 Cycle 1,ATC,Unknown,System Impact Study,2022-02-14,,,,,,,,,,,,622921_GI-DPP-2019-ATC-Ph2_System_Impact_Study_Final_PUBLIC.zip__Final_System_Impact_Study_Report-DPP_2019_Cycle_1_Phase_2_PUBLIC.pdf.pdf,,low_extraction_confidence,,J1377,5,0.5,pdfplumber,,
,,2019 Cycle 1,ATC,Unknown,System Impact Study,2022-02-14,,,,,,,,,,,,622921_GI-DPP-2019-ATC-Ph2_System_Impact_Study_Final_PUBLIC.zip__Final_System_Impact_Study_Report-DPP_2019_Cycle_1_Phase_2_PUBLIC.pdf.pdf,,low_extraction_confidence,,J1410,5,0.5,pdfplumber,,
,,2019 Cycle 1,ATC,Unknown,System Impact Study,2022-02-14,,,,,,,,,,,,622921_GI-DPP-2019-ATC-Ph2_System_Impact_Study_Final_PUBLIC.zip__Final_System_Impact_Study_Report-DPP_2019_Cycle_1_Phase_2_PUBLIC.pdf.pdf,,low_extraction_confidence,,J1411,5,0.5,pdfplumber,,
,,2019 Cycle 1,ATC,Unknown,System Impact Study,2022-02-14,,,,,,,,,,,,622921_GI-DPP-2019-ATC-Ph2_System_Impact_Study_Final_PUBLIC.zip__Final_System_Impact_Study_Report-DPP_2019_Cycle_1_Phase_2_PUBLIC.pdf.pdf,,low_extraction_confidence,,J1003,6,0.5,pdfplumber,,
,,2019 Cycle 1,ATC,Unknown,System Impact Study,2022-02-14,,,,,,,,,,,,622921_GI-DPP-2019-ATC-Ph2_System_Impact_Study_Final_PUBLIC.zip__Final_System_Impact_Study_Report-DPP_2019_Cycle_1_Phase_2_PUBLIC.pdf.pdf,,low_extraction_confidence,,J986,64,0.5,pdfplumber,,
,,2019 Cycle 1,Michigan,Unknown,System Impact Study,2022-03-03,,,,,,,,,,,,622899_GI-DPP-2019-ITC-Ph2_System_Impact_Study_Final_PUBLIC.zip__GI_DPP_2019_Cycle2_MI_SIS_Phase_2_Report_03022022.pdf.pdf,,low_extraction_confidence,,J1206,5,0.5,pdfplumber,,
,,2019 Cycle 1,Michigan,Unknown,System Impact Study,2022-03-03,,,,,,,,,,,,622899_GI-DPP-2019-ITC-Ph2_System_Impact_Study_Final_PUBLIC.zip__GI_DPP_2019_Cycle2_MI_SIS_Phase_2_Report_03022022.pdf.pdf,,low_extraction_confidence,,J1211,5,0.5,pdfplumber,,
,,2019 Cycle 1,Michigan,Unknown,System Impact Study,2022-03-03,,,,,,,,,,,,622899_GI-DPP-2019-ITC-Ph2_System_Impact_Study_Final_PUBLIC.zip__GI_DPP_2019_Cycle2_MI_SIS_Phase_2_Report_03022022.pdf.pdf,,low_extraction_confidence,,J1322,5,0.5,pdfplumber,,
,,2019 Cycle 1,Michigan,Unknown,System Impact Study,2022-03-03,,,,,,,,,,,,622899_GI-DPP-2019-ITC-Ph2_System_Impact_Study_Final_PUBLIC.zip__GI_DPP_2019_Cycle2_MI_SIS_Phase_2_Report_03022022.pdf.pdf,,low_extraction_confidence,,J1327,5,0.5,pdfplumber,,
,,2019 Cycle 1,Michigan,Unknown,System Impact Study,2022-03-03,,,,,,,,,,,,622899_GI-DPP-2019-ITC-Ph2_System_Impact_Study_Final_PUBLIC.zip__GI_DPP_2019_Cycle2_MI_SIS_Phase_2_Report_03022022.pdf.pdf,,low_extraction_confidence,,J1370,5,0.5,pdfplumber,,
,,2019 Cycle 1,Michigan,Unknown,System Impact Study,2022-03-03,,,,,,,,,,,,622899_GI-DPP-2019-ITC-Ph2_System_Impact_Study_Final_PUBLIC.zip__GI_DPP_2019_Cycle2_MI_SIS_Phase_2_Report_03022022.pdf.pdf,,low_extraction_confidence,,J1394,5,0.5,pdfplumber,,
,,2019 Cycle 1,Michigan,Unknown,System Impact Study,2022-03-03,,,,,,,,,,,,622899_GI-DPP-2019-ITC-Ph2_System_Impact_Study_Final_PUBLIC.zip__GI_DPP_2019_Cycle2_MI_SIS_Phase_2_Report_03022022.pdf.pdf,,low_extraction_confidence,,J1449,5,0.5,pdfplumber,,
,,2019 Cycle 1,Michigan,Unknown,System Impact Study,2022-03-03,,,,,,,,,,,,622899_GI-DPP-2019-ITC-Ph2_System_Impact_Study_Final_PUBLIC.zip__GI_DPP_2019_Cycle2_MI_SIS_Phase_2_Report_03022022.pdf.pdf,,low_extraction_confidence,,J758,14,0.5,pdfplumber,,
,,2019 Cycle 1,Central,Phase2,DPP Phase 2 System Impact Study,2022-04-29,,,,,,,,,,,,623434_GI_DPP_2019_Central_Phase_II_System_Impact_Study_Report_Final_R03.zip__GI_DPP_2019_Central_Phase_II_System_Impact_Study_Report_Final_R03.pdf.pdf,,low_extraction_confidence,,J1240,3,0.5,pdfplumber,,
,,2019 Cycle 1,Central,Phase2,DPP Phase 2 System Impact Study,2022-04-29,,,,,,,,,,,,623434_GI_DPP_2019_Central_Phase_II_System_Impact_Study_Report_Final_R03.zip__GI_DPP_2019_Central_Phase_II_System_Impact_Study_Report_Final_R03.pdf.pdf,,low_extraction_confidence,,J1273,3,0.5,pdfplumber,,
,,2019 Cycle 1,Central,Phase2,DPP Phase 2 System Impact Study,2022-04-29,,,,,,,,,,,,623434_GI_DPP_2019_Central_Phase_II_System_Impact_Study_Report_Final_R03.zip__GI_DPP_2019_Central_Phase_II_System_Impact_Study_Report_Final_R03.pdf.pdf,,low_extraction_confidence,,J1418,3,0.5,pdfplumber,,
,,2019 Cycle 1,Central,Phase2,DPP Phase 2 System Impact Study,2022-04-29,,,,,,,,,,,,623434_GI_DPP_2019_Central_Phase_II_System_Impact_Study_Report_Final_R03.zip__GI_DPP_2019_Central_Phase_II_System_Impact_Study_Report_Final_R03.pdf.pdf,,low_extraction_confidence,,J1420,3,0.5,pdfplumber,,
,,2019 Cycle 1,Central,Phase2,DPP Phase 2 System Impact Study,2022-04-29,,,,,,,,,,,,623434_GI_DPP_2019_Central_Phase_II_System_Impact_Study_Report_Final_R03.zip__GI_DPP_2019_Central_Phase_II_System_Impact_Study_Report_Final_R03.pdf.pdf,,low_extraction_confidence,,J1412,3,0.5,pdfplumber,,
,,2019 Cycle 1,Central,Phase2,DPP Phase 2 System Impact Study,2022-04-29,,,,,,,,,,,,623434_GI_DPP_2019_Central_Phase_II_System_Impact_Study_Report_Final_R03.zip__GI_DPP_2019_Central_Phase_II_System_Impact_Study_Report_Final_R03.pdf.pdf,,low_extraction_confidence,,J1288,3,0.5,pdfplumber,,
,,2019 Cycle 1,Central,Phase2,DPP Phase 2 System Impact Study,2022-04-29,,,,,,,,,,,,623434_GI_DPP_2019_Central_Phase_II_System_Impact_Study_Report_Final_R03.zip__GI_DPP_2019_Central_Phase_II_System_Impact_Study_Report_Final_R03.pdf.pdf,,low_extraction_confidence,,J1324,3,0.5,pdfplumber,,
,,2019 Cycle 1,Central,Phase2,DPP Phase 2 System Impact Study,2022-04-29,,,,,,,,,,,,623434_GI_DPP_2019_Central_Phase_II_System_Impact_Study_Report_Final_R03.zip__GI_DPP_2019_Central_Phase_II_System_Impact_Study_Report_Final_R03.pdf.pdf,,low_extraction_confidence,,J1489,3,0.5,pdfplumber,,
,,2019 Cycle 1,Central,Phase2,DPP Phase 2 System Impact Study,2022-04-29,,,,,,,,,,,,623434_GI_DPP_2019_Central_Phase_II_System_Impact_Study_Report_Final_R03.zip__GI_DPP_2019_Central_Phase_II_System_Impact_Study_Report_Final_R03.pdf.pdf,,low_extraction_confidence,,J1197,3,0.5,pdfplumber,,
,,2019 Cycle 1,Central,Phase2,DPP Phase 2 System Impact Study,2022-04-29,,,,,,,,,,,,623434_GI_DPP_2019_Central_Phase_II_System_Impact_Study_Report_Final_R03.zip__GI_DPP_2019_Central_Phase_II_System_Impact_Study_Report_Final_R03.pdf.pdf,,low_extraction_confidence,,J1222,3,0.5,pdfplumber,,
,,2019 Cycle 1,Central,Phase2,DPP Phase 2 System Impact Study,2022-04-29,,,,,,,,,,,,623434_GI_DPP_2019_Central_Phase_II_System_Impact_Study_Report_Final_R03.zip__GI_DPP_2019_Central_Phase_II_System_Impact_Study_Report_Final_R03.pdf.pdf,,low_extraction_confidence,,J1225,3,0.5,pdfplumber,,
,,2019 Cycle 1,Central,Phase2,DPP Phase 2 System Impact Study,2022-04-29,,,,,,,,,,,,623434_GI_DPP_2019_Central_Phase_II_System_Impact_Study_Report_Final_R03.zip__GI_DPP_2019_Central_Phase_II_System_Impact_Study_Report_Final_R03.pdf.pdf,,low_extraction_confidence,,J1227,3,0.5,pdfplumber,,
,,2019 Cycle 1,Central,Phase2,DPP Phase 2 System Impact Study,2022-04-29,,,,,,,,,,,,623434_GI_DPP_2019_Central_Phase_II_System_Impact_Study_Report_Final_R03.zip__GI_DPP_2019_Central_Phase_II_System_Impact_Study_Report_Final_R03.pdf.pdf,,low_extraction_confidence,,J1242,3,0.5,pdfplumber,,
,,2019 Cycle 1,Central,Phase2,DPP Phase 2 System Impact Study,2022-04-29,,,,,,,,,,,,623434_GI_DPP_2019_Central_Phase_II_System_Impact_Study_Report_Final_R03.zip__GI_DPP_2019_Central_Phase_II_System_Impact_Study_Report_Final_R03.pdf.pdf,,low_extraction_confidence,,J1243,3,0.5,pdfplumber,,
,,2019 Cycle 1,Central,Phase2,DPP Phase 2 System Impact Study,2022-04-29,,,,,,,,,,,,623434_GI_DPP_2019_Central_Phase_II_System_Impact_Study_Report_Final_R03.zip__GI_DPP_2019_Central_Phase_II_System_Impact_Study_Report_Final_R03.pdf.pdf,,low_extraction_confidence,,J1254,3,0.5,pdfplumber,,
,,2019 Cycle 1,Central,Phase2,DPP Phase 2 System Impact Study,2022-04-29,,,,,,,,,,,,623434_GI_DPP_2019_Central_Phase_II_System_Impact_Study_Report_Final_R03.zip__GI_DPP_2019_Central_Phase_II_System_Impact_Study_Report_Final_R03.pdf.pdf,,low_extraction_confidence,,J1271,3,0.5,pdfplumber,,
,,2019 Cycle 1,Central,Phase2,DPP Phase 2 System Impact Study,2022-04-29,,,,,,,,,,,,623434_GI_DPP_2019_Central_Phase_II_System_Impact_Study_Report_Final_R03.zip__GI_DPP_2019_Central_Phase_II_System_Impact_Study_Report_Final_R03.pdf.pdf,,low_extraction_confidence,,J1274,3,0.5,pdfplumber,,
,,2019 Cycle 1,Central,Phase2,DPP Phase 2 System Impact Study,2022-04-29,,,,,,,,,,,,623434_GI_DPP_2019_Central_Phase_II_System_Impact_Study_Report_Final_R03.zip__GI_DPP_2019_Central_Phase_II_System_Impact_Study_Report_Final_R03.pdf.pdf,,low_extraction_confidence,,J1275,3,0.5,pdfplumber,,
,,2019 Cycle 1,Central,Phase2,DPP Phase 2 System Impact Study,2022-04-29,,,,,,,,,,,,623434_GI_DPP_2019_Central_Phase_II_System_Impact_Study_Report_Final_R03.zip__GI_DPP_2019_Central_Phase_II_System_Impact_Study_Report_Final_R03.pdf.pdf,,low_extraction_confidence,,J1296,3,0.5,pdfplumber,,
,,2019 Cycle 1,Central,Phase2,DPP Phase 2 System Impact Study,2022-04-29,,,,,,,,,,,,623434_GI_DPP_2019_Central_Phase_II_System_Impact_Study_Report_Final_R03.zip__GI_DPP_2019_Central_Phase_II_System_Impact_Study_Report_Final_R03.pdf.pdf,,low_extraction_confidence,,J1301,3,0.5,pdfplumber,,
,,2019 Cycle 1,Central,Phase2,DPP Phase 2 System Impact Study,2022-04-29,,,,,,,,,,,,623434_GI_DPP_2019_Central_Phase_II_System_Impact_Study_Report_Final_R03.zip__GI_DPP_2019_Central_Phase_II_System_Impact_Study_Report_Final_R03.pdf.pdf,,low_extraction_confidence,,J1318,3,0.5,pdfplumber,,
,,2019 Cycle 1,Central,Phase2,DPP Phase 2 System Impact Study,2022-04-29,,,,,,,,,,,,623434_GI_DPP_2019_Central_Phase_II_System_Impact_Study_Report_Final_R03.zip__GI_DPP_2019_Central_Phase_II_System_Impact_Study_Report_Final_R03.pdf.pdf,,low_extraction_confidence,,J1330,3,0.5,pdfplumber,,
,,2019 Cycle 1,Central,Phase2,DPP Phase 2 System Impact Study,2022-04-29,,,,,,,,,,,,623434_GI_DPP_2019_Central_Phase_II_System_Impact_Study_Report_Final_R03.zip__GI_DPP_2019_Central_Phase_II_System_Impact_Study_Report_Final_R03.pdf.pdf,,low_extraction_confidence,,J1338,3,0.5,pdfplumber,,
,,2019 Cycle 1,Central,Phase2,DPP Phase 2 System Impact Study,2022-04-29,,,,,,,,,,,,623434_GI_DPP_2019_Central_Phase_II_System_Impact_Study_Report_Final_R03.zip__GI_DPP_2019_Central_Phase_II_System_Impact_Study_Report_Final_R03.pdf.pdf,,low_extraction_confidence,,J1363,3,0.5,pdfplumber,,
,,2019 Cycle 1,Central,Phase2,DPP Phase 2 System Impact Study,2022-04-29,,,,,,,,,,,,623434_GI_DPP_2019_Central_Phase_II_System_Impact_Study_Report_Final_R03.zip__GI_DPP_2019_Central_Phase_II_System_Impact_Study_Report_Final_R03.pdf.pdf,,low_extraction_confidence,,J1376,3,0.5,pdfplumber,,
,,2019 Cycle 1,Central,Phase2,DPP Phase 2 System Impact Study,2022-04-29,,,,,,,,,,,,623434_GI_DPP_2019_Central_Phase_II_System_Impact_Study_Report_Final_R03.zip__GI_DPP_2019_Central_Phase_II_System_Impact_Study_Report_Final_R03.pdf.pdf,,low_extraction_confidence,,J1385,3,0.5,pdfplumber,,
,,2019 Cycle 1,Central,Phase2,DPP Phase 2 System Impact Study,2022-04-29,,,,,,,,,,,,623434_GI_DPP_2019_Central_Phase_II_System_Impact_Study_Report_Final_R03.zip__GI_DPP_2019_Central_Phase_II_System_Impact_Study_Report_Final_R03.pdf.pdf,,low_extraction_confidence,,J1398,3,0.5,pdfplumber,,
,,2019 Cycle 1,Central,Phase2,DPP Phase 2 System Impact Study,2022-04-29,,,,,,,,,,,,623434_GI_DPP_2019_Central_Phase_II_System_Impact_Study_Report_Final_R03.zip__GI_DPP_2019_Central_Phase_II_System_Impact_Study_Report_Final_R03.pdf.pdf,,low_extraction_confidence,,J1409,3,0.5,pdfplumber,,
,,2019 Cycle 1,Central,Phase2,DPP Phase 2 System Impact Study,2022-04-29,,,,,,,,,,,,623434_GI_DPP_2019_Central_Phase_II_System_Impact_Study_Report_Final_R03.zip__GI_DPP_2019_Central_Phase_II_System_Impact_Study_Report_Final_R03.pdf.pdf,,low_extraction_confidence,,J1457,3,0.5,pdfplumber,,
,,2019 Cycle 1,Central,Phase2,DPP Phase 2 System Impact Study,2022-04-29,,,,,,,,,,,,623434_GI_DPP_2019_Central_Phase_II_System_Impact_Study_Report_Final_R03.zip__GI_DPP_2019_Central_Phase_II_System_Impact_Study_Report_Final_R03.pdf.pdf,,low_extraction_confidence,,J1289,5,0.5,pdfplumber,,
,,2019 Cycle 1,Central,Phase2,DPP Phase 2 System Impact Study,2022-04-29,,,,,,,,,,,,623434_GI_DPP_2019_Central_Phase_II_System_Impact_Study_Report_Final_R03.zip__GI_DPP_2019_Central_Phase_II_System_Impact_Study_Report_Final_R03.pdf.pdf,,low_extraction_confidence,,J1295,5,0.5,pdfplumber,,
,,2019 Cycle 1,Central,Phase2,DPP Phase 2 System Impact Study,2022-04-29,,,,,,,,,,,,623434_GI_DPP_2019_Central_Phase_II_System_Impact_Study_Report_Final_R03.zip__GI_DPP_2019_Central_Phase_II_System_Impact_Study_Report_Final_R03.pdf.pdf,,low_extraction_confidence,,J1352,6,0.5,pdfplumber,,
,,2019 Cycle 1,Central,Phase2,DPP Phase 2 System Impact Study,2022-04-29,,,,,,,,,,,,623434_GI_DPP_2019_Central_Phase_II_System_Impact_Study_Report_Final_R03.zip__GI_DPP_2019_Central_Phase_II_System_Impact_Study_Report_Final_R03.pdf.pdf,,low_extraction_confidence,,J1353,6,0.5,pdfplumber,,
,,2019 Cycle 1,Central,Phase2,DPP Phase 2 System Impact Study,2022-04-29,,,,,,,,,,,,623434_GI_DPP_2019_Central_Phase_II_System_Impact_Study_Report_Final_R03.zip__GI_DPP_2019_Central_Phase_II_System_Impact_Study_Report_Final_R03.pdf.pdf,,low_extraction_confidence,,J1393,7,0.5,pdfplumber,,
,,2019 Cycle 1,Central,Phase2,DPP Phase 2 System Impact Study,2022-04-29,,,,,,,,,,,,623434_GI_DPP_2019_Central_Phase_II_System_Impact_Study_Report_Final_R03.zip__GI_DPP_2019_Central_Phase_II_System_Impact_Study_Report_Final_R03.pdf.pdf,,low_extraction_confidence,,J1490,8,0.5,pdfplumber,,
,,2019 Cycle 1,Central,Phase2,DPP Phase 2 System Impact Study,2022-04-29,,,,,,,,,,,,623434_GI_DPP_2019_Central_Phase_II_System_Impact_Study_Report_Final_R03.zip__GI_DPP_2019_Central_Phase_II_System_Impact_Study_Report_Final_R03.pdf.pdf,,low_extraction_confidence,,J1039,13,0.5,pdfplumber,,
,,2019 Cycle 1,Central,Phase2,DPP Phase 2 System Impact Study,2022-04-29,,,,,,,,,,,,623434_GI_DPP_2019_Central_Phase_II_System_Impact_Study_Report_Final_R03.zip__GI_DPP_2019_Central_Phase_II_System_Impact_Study_Report_Final_R03.pdf.pdf,,low_extraction_confidence,,J1315,25,0.5,pdfplumber,,
,,2019 Cycle 1,Central,Phase2,DPP Phase 2 System Impact Study,2022-04-29,,,,,,,,,,,,623434_GI_DPP_2019_Central_Phase_II_System_Impact_Study_Report_Final_R03.zip__GI_DPP_2019_Central_Phase_II_System_Impact_Study_Report_Final_R03.pdf.pdf,,low_extraction_confidence,,J1456,25,0.5,pdfplumber,,
,,2019 Cycle 1,Central,Phase2,DPP Phase 2 System Impact Study,2022-04-29,,,,,,,,,,,,623434_GI_DPP_2019_Central_Phase_II_System_Impact_Study_Report_Final_R03.zip__GI_DPP_2019_Central_Phase_II_System_Impact_Study_Report_Final_R03.pdf.pdf,,low_extraction_confidence,,J1471,25,0.5,pdfplumber,,
,,2019 Cycle 1,Central,Phase2,DPP Phase 2 System Impact Study,2022-04-29,,,,,,,,,,,,623434_GI_DPP_2019_Central_Phase_II_System_Impact_Study_Report_Final_R03.zip__GI_DPP_2019_Central_Phase_II_System_Impact_Study_Report_Final_R03.pdf.pdf,,low_extraction_confidence,,J1226,25,0.5,pdfplumber,,
,,DPP-2018-APR,West,Phase3,DPP Phase 3 Final Study,2021-06-14,,,,,,,,,,,,589572_GI-DPP-2018-Apr-West-Phase3_System_Impact_Study_Final_210614_Public.pdf.pdf,,low_extraction_confidence,,J732,26,0.5,pdfplumber,,
,,DPP-2018-APR,West,Phase3,DPP Phase 3 Final Study,2021-06-14,,,,,,,,,,,,589572_GI-DPP-2018-Apr-West-Phase3_System_Impact_Study_Final_210614_Public.pdf.pdf,,low_extraction_confidence,,J901,33,0.5,pdfplumber,,
,,DPP-2018-APR,West,Phase3,DPP Phase 3 Final Study,2021-06-14,,,,,,,,,,,,589572_GI-DPP-2018-Apr-West-Phase3_System_Impact_Study_Final_210614_Public.pdf.pdf,,low_extraction_confidence,,J1106,33,0.5,pdfplumber,,
,,DPP-2018-APR,West,Phase3,DPP Phase 3 Final Study,2021-06-14,,,,,,,,,,,,589572_GI-DPP-2018-Apr-West-Phase3_System_Impact_Study_Final_210614_Public.pdf.pdf,,low_extraction_confidence,,J436,42,0.5,pdfplumber,,
,,DPP-2018-APR,West,Phase3,DPP Phase 3 Final Study,2021-06-14,,,,,,,,,,,,589572_GI-DPP-2018-Apr-West-Phase3_System_Impact_Study_Final_210614_Public.pdf.pdf,,low_extraction_confidence,,J437,42,0.5,pdfplumber,,
,,DPP-2018-APR,West,Phase3,DPP Phase 3 Final Study,2021-06-14,,,,,,,,,,,,589572_GI-DPP-2018-Apr-West-Phase3_System_Impact_Study_Final_210614_Public.pdf.pdf,,low_extraction_confidence,,J488,42,0.5,pdfplumber,,
,,DPP-2018-APR,West,Phase3,DPP Phase 3 Final Study,2021-06-14,,,,,,,,,,,,589572_GI-DPP-2018-Apr-West-Phase3_System_Impact_Study_Final_210614_Public.pdf.pdf,,low_extraction_confidence,,J503,42,0.5,pdfplumber,,
,,DPP-2018-APR,West,Phase3,DPP Phase 3 Final Study,2021-06-14,,,,,,,,,,,,589572_GI-DPP-2018-Apr-West-Phase3_System_Impact_Study_Final_210614_Public.pdf.pdf,,low_extraction_confidence,,J1000,45,0.5,pdfplumber,,
,,DPP-2018-APR,West,Phase3,DPP Phase 3 Final Study,2021-06-14,,,,,,,,,,,,589572_GI-DPP-2018-Apr-West-Phase3_System_Impact_Study_Final_210614_Public.pdf.pdf,,low_extraction_confidence,,J1007,46,0.5,pdfplumber,,
,,DPP-2018-APR,West,Phase3,DPP Phase 3 Final Study,2021-06-14,,,,,,,,,,,,589572_GI-DPP-2018-Apr-West-Phase3_System_Impact_Study_Final_210614_Public.pdf.pdf,,low_extraction_confidence,,J1034,46,0.5,pdfplumber,,
,,DPP-2018-APR,West,Phase3,DPP Phase 3 Final Study,2021-06-14,,,,,,,,,,,,589572_GI-DPP-2018-Apr-West-Phase3_System_Impact_Study_Final_210614_Public.pdf.pdf,,low_extraction_confidence,,J1060,46,0.5,pdfplumber,,
,,DPP-2018-APR,West,Phase3,DPP Phase 3 Final Study,2021-06-14,,,,,,,,,,,,589572_GI-DPP-2018-Apr-West-Phase3_System_Impact_Study_Final_210614_Public.pdf.pdf,,low_extraction_confidence,,J1087,46,0.5,pdfplumber,,
,,DPP-2018-APR,West,Phase3,DPP Phase 3 Final Study,2021-06-14,,,,,,,,,,,,589572_GI-DPP-2018-Apr-West-Phase3_System_Impact_Study_Final_210614_Public.pdf.pdf,,low_extraction_confidence,,J1107,46,0.5,pdfplumber,,
,,DPP-2018-APR,West,Phase3,DPP Phase 3 Final Study,2021-06-14,,,,,,,,,,,,589572_GI-DPP-2018-Apr-West-Phase3_System_Impact_Study_Final_210614_Public.pdf.pdf,,low_extraction_confidence,,J1125,46,0.5,pdfplumber,,
,,DPP-2018-APR,West,Phase3,DPP Phase 3 Final Study,2021-06-14,,,,,,,,,,,,589572_GI-DPP-2018-Apr-West-Phase3_System_Impact_Study_Final_210614_Public.pdf.pdf,,low_extraction_confidence,,J1025,48,0.5,pdfplumber,,
,,DPP-2018-APR,West,Phase3,DPP Phase 3 Final Study,2021-06-14,,,,,,,,,,,,589572_GI-DPP-2018-Apr-West-Phase3_System_Impact_Study_Final_210614_Public.pdf.pdf,,low_extraction_confidence,,J1026,48,0.5,pdfplumber,,
,,DPP-2018-APR,West,Phase3,DPP Phase 3 Final Study,2021-06-14,,,,,,,,,,,,589572_GI-DPP-2018-Apr-West-Phase3_System_Impact_Study_Final_210614_Public.pdf.pdf,,low_extraction_confidence,,J1145,48,0.5,pdfplumber,,
,,DPP-2018-APR,West,Phase3,DPP Phase 3 Final Study,2021-06-14,,,,,,,,,,,,589572_GI-DPP-2018-Apr-West-Phase3_System_Impact_Study_Final_210614_Public.pdf.pdf,,low_extraction_confidence,,J1182,48,0.5,pdfplumber,,
,,DPP-2018-APR,West,Phase3,DPP Phase 3 Final Study,2021-06-14,,,,,,,,,,,,589572_GI-DPP-2018-Apr-West-Phase3_System_Impact_Study_Final_210614_Public.pdf.pdf,,low_extraction_confidence,,J956,48,0.5,pdfplumber,,
,,DPP-2018-APR,West,Phase3,DPP Phase 3 Final Study,2021-06-14,,,,,,,,,,,,589572_GI-DPP-2018-Apr-West-Phase3_System_Impact_Study_Final_210614_Public.pdf.pdf,,low_extraction_confidence,,J976,48,0.5,pdfplumber,,
,,DPP-2018-APR,West,Phase3,DPP Phase 3 Final Study,2021-06-14,,,,,,,,,,,,589572_GI-DPP-2018-Apr-West-Phase3_System_Impact_Study_Final_210614_Public.pdf.pdf,,low_extraction_confidence,,J987,48,0.5,pdfplumber,,
,,DPP-2018-APR,West,Phase3,DPP Phase 3 Final Study,2021-06-14,,,,,,,,,,,,589572_GI-DPP-2018-Apr-West-Phase3_System_Impact_Study_Final_210614_Public.pdf.pdf,,low_extraction_confidence,,J994,48,0.5,pdfplumber,,
,,DPP-2018-APR,West,Phase3,DPP Phase 3 Final Study,2021-06-14,,,,,,,,,,,,589572_GI-DPP-2018-Apr-West-Phase3_System_Impact_Study_Final_210614_Public.pdf.pdf,,low_extraction_confidence,,J874,58,0.5,pdfplumber,,
,,DPP-2018-APR,West,Phase3,DPP Phase 3 Final Study,2021-06-14,,,,,,,,,,,,589572_GI-DPP-2018-Apr-West-Phase3_System_Impact_Study_Final_210614_Public.pdf.pdf,,low_extraction_confidence,,J1128,58,0.5,pdfplumber,,
,,DPP-2016-FEB,West,Unknown,Addendum,2018-06-26,,,,,,,,,,,,315940_GI_DPP_2016_FEB_West_Final_SIS_Addendum_Public.pdf.pdf,,low_extraction_confidence,,J498,1,0.5,pdfplumber,,
,,DPP-2016-FEB,West,Unknown,Addendum,2018-06-26,,,,,,,,,,,,315940_GI_DPP_2016_FEB_West_Final_SIS_Addendum_Public.pdf.pdf,,low_extraction_confidence,,J499,1,0.5,pdfplumber,,
,,DPP-2016-FEB,West,Unknown,Addendum,2018-06-26,,,,,,,,,,,,315940_GI_DPP_2016_FEB_West_Final_SIS_Addendum_Public.pdf.pdf,,low_extraction_confidence,,J526,1,0.5,pdfplumber,,
,,DPP-2016-FEB,West,Unknown,Addendum,2018-06-26,,,,,,,,,,,,315940_GI_DPP_2016_FEB_West_Final_SIS_Addendum_Public.pdf.pdf,,low_extraction_confidence,,J528,1,0.5,pdfplumber,,
,,DPP-2016-FEB,West,Unknown,Addendum,2018-06-26,,,,,,,,,,,,315940_GI_DPP_2016_FEB_West_Final_SIS_Addendum_Public.pdf.pdf,,low_extraction_confidence,,J432,1,0.5,pdfplumber,,
,,DPP-2016-FEB,West,Unknown,Addendum,2018-06-26,,,,,,,,,,,,315940_GI_DPP_2016_FEB_West_Final_SIS_Addendum_Public.pdf.pdf,,low_extraction_confidence,,J460,1,0.5,pdfplumber,,
,,DPP-2016-FEB,West,Unknown,Addendum,2018-06-26,,,,,,,,,,,,315940_GI_DPP_2016_FEB_West_Final_SIS_Addendum_Public.pdf.pdf,,low_extraction_confidence,,J475,2,0.5,pdfplumber,,
,,DPP-2016-FEB,West,Unknown,Addendum,2018-06-26,,,,,,,,,,,,315940_GI_DPP_2016_FEB_West_Final_SIS_Addendum_Public.pdf.pdf,,low_extraction_confidence,,J488,2,0.5,pdfplumber,,
,,DPP-2016-FEB,West,Unknown,Addendum,2018-06-26,,,,,,,,,,,,315940_GI_DPP_2016_FEB_West_Final_SIS_Addendum_Public.pdf.pdf,,low_extraction_confidence,,J493,3,0.5,pdfplumber,,
,,DPP-2016-FEB,West,Unknown,Addendum,2018-06-26,,,,,,,,,,,,315940_GI_DPP_2016_FEB_West_Final_SIS_Addendum_Public.pdf.pdf,,low_extraction_confidence,,J495,3,0.5,pdfplumber,,
,,DPP-2016-FEB,West,Unknown,Addendum,2018-06-26,,,,,,,,,,,,315940_GI_DPP_2016_FEB_West_Final_SIS_Addendum_Public.pdf.pdf,,low_extraction_confidence,,J500,4,0.5,pdfplumber,,
,,DPP-2016-FEB,West,Unknown,Addendum,2018-06-26,,,,,,,,,,,,315940_GI_DPP_2016_FEB_West_Final_SIS_Addendum_Public.pdf.pdf,,low_extraction_confidence,,J504,5,0.5,pdfplumber,,
,,DPP-2016-FEB,West,Unknown,Addendum,2018-06-26,,,,,,,,,,,,315940_GI_DPP_2016_FEB_West_Final_SIS_Addendum_Public.pdf.pdf,,low_extraction_confidence,,J506,5,0.5,pdfplumber,,
,,DPP-2016-FEB,West,Unknown,Addendum,2018-06-26,,,,,,,,,,,,315940_GI_DPP_2016_FEB_West_Final_SIS_Addendum_Public.pdf.pdf,,low_extraction_confidence,,J514,5,0.5,pdfplumber,,
,,DPP-2016-FEB,West,Unknown,Addendum,2018-06-26,,,,,,,,,,,,315940_GI_DPP_2016_FEB_West_Final_SIS_Addendum_Public.pdf.pdf,,low_extraction_confidence,,J523,6,0.5,pdfplumber,,
,,DPP-2016-FEB,West,Unknown,Addendum,2018-06-26,,,,,,,,,,,,315940_GI_DPP_2016_FEB_West_Final_SIS_Addendum_Public.pdf.pdf,,low_extraction_confidence,,J524,6,0.5,pdfplumber,,
,,DPP-2016-FEB,West,Unknown,Addendum,2018-06-26,,,,,,,,,,,,315940_GI_DPP_2016_FEB_West_Final_SIS_Addendum_Public.pdf.pdf,,low_extraction_confidence,,J527,7,0.5,pdfplumber,,
,,DPP-2016-FEB,West,Unknown,Addendum,2018-06-26,,,,,,,,,,,,315940_GI_DPP_2016_FEB_West_Final_SIS_Addendum_Public.pdf.pdf,,low_extraction_confidence,,J529,8,0.5,pdfplumber,,
,,DPP-2016-FEB,West,Unknown,Addendum,2018-06-26,,,,,,,,,,,,315940_GI_DPP_2016_FEB_West_Final_SIS_Addendum_Public.pdf.pdf,,low_extraction_confidence,,J534,8,0.5,pdfplumber,,
,,DPP-2016-FEB,West,Unknown,Addendum,2018-06-26,,,,,,,,,,,,315940_GI_DPP_2016_FEB_West_Final_SIS_Addendum_Public.pdf.pdf,,low_extraction_confidence,,J535,9,0.5,pdfplumber,,
,,DPP-2017-FEB,West,Phase2,DPP Phase 2 System Impact Study,2019-07-19,,,,,,,,,,,,366110_GI-DPP_2017-FEB-West_Phase2_System_Impact_Report_Public.pdf.pdf,,low_extraction_confidence,,J436,50,0.5,pdfplumber,,
,,DPP-2017-FEB,West,Phase2,DPP Phase 2 System Impact Study,2019-07-19,,,,,,,,,,,,366110_GI-DPP_2017-FEB-West_Phase2_System_Impact_Report_Public.pdf.pdf,,low_extraction_confidence,,J437,50,0.5,pdfplumber,,
,,DPP-2017-FEB,West,Phase2,DPP Phase 2 System Impact Study,2019-07-19,,,,,,,,,,,,366110_GI-DPP_2017-FEB-West_Phase2_System_Impact_Report_Public.pdf.pdf,,low_extraction_confidence,,J488,50,0.5,pdfplumber,,
,,DPP-2017-FEB,West,Phase2,DPP Phase 2 System Impact Study,2019-07-19,,,,,,,,,,,,366110_GI-DPP_2017-FEB-West_Phase2_System_Impact_Report_Public.pdf.pdf,,low_extraction_confidence,,J458,50,0.5,pdfplumber,,
,,DPP-2017-FEB,West,Phase2,DPP Phase 2 System Impact Study,2019-07-19,,,,,,,,,,,,366110_GI-DPP_2017-FEB-West_Phase2_System_Impact_Report_Public.pdf.pdf,,low_extraction_confidence,,J457,50,0.5,pdfplumber,,
,,DPP-2017-FEB,West,Phase2,DPP Phase 2 System Impact Study,2019-07-19,,,,,,,,,,,,366110_GI-DPP_2017-FEB-West_Phase2_System_Impact_Report_Public.pdf.pdf,,low_extraction_confidence,,J503,50,0.5,pdfplumber,,
,,DPP-2017-FEB,West,Phase2,DPP Phase 2 System Impact Study,2019-07-19,,,,,,,,,,,,366110_GI-DPP_2017-FEB-West_Phase2_System_Impact_Report_Public.pdf.pdf,,low_extraction_confidence,,J607,50,0.5,pdfplumber,,
,,DPP-2017-FEB,West,Phase2,DPP Phase 2 System Impact Study,2019-07-19,,,,,,,,,,,,366110_GI-DPP_2017-FEB-West_Phase2_System_Impact_Report_Public.pdf.pdf,,low_extraction_confidence,,J614,51,0.5,pdfplumber,,
,,DPP-2017-FEB,West,Phase2,DPP Phase 2 System Impact Study,2019-07-19,,,,,,,,,,,,366110_GI-DPP_2017-FEB-West_Phase2_System_Impact_Report_Public.pdf.pdf,,low_extraction_confidence,,J745,56,0.5,pdfplumber,,
,,DPP-2017-FEB,West,Phase2,DPP Phase 2 System Impact Study,2019-07-19,,,,,,,,,,,,366110_GI-DPP_2017-FEB-West_Phase2_System_Impact_Report_Public.pdf.pdf,,low_extraction_confidence,,J584,57,0.5,pdfplumber,,
,,DPP-2017-FEB,West,Phase2,DPP Phase 2 System Impact Study,2019-07-19,,,,,,,,,,,,366110_GI-DPP_2017-FEB-West_Phase2_System_Impact_Report_Public.pdf.pdf,,low_extraction_confidence,,J711,57,0.5,pdfplumber,,
,,DPP-2017-FEB,West,Phase2,DPP Phase 2 System Impact Study,2019-07-19,,,,,,,,,,,,366110_GI-DPP_2017-FEB-West_Phase2_System_Impact_Report_Public.pdf.pdf,,low_extraction_confidence,,J740,57,0.5,pdfplumber,,
,,DPP-2017-FEB,West,Phase2,DPP Phase 2 System Impact Study,2019-07-19,,,,,,,,,,,,366110_GI-DPP_2017-FEB-West_Phase2_System_Impact_Report_Public.pdf.pdf,,low_extraction_confidence,,J756,57,0.5,pdfplumber,,
,,DPP-2017-FEB,West,Phase2,DPP Phase 2 System Impact Study,2019-07-19,,,,,,,,,,,,366110_GI-DPP_2017-FEB-West_Phase2_System_Impact_Report_Public.pdf.pdf,,low_extraction_confidence,,J757,57,0.5,pdfplumber,,
,,DPP-2017-FEB,West,Phase2,DPP Phase 2 System Impact Study,2019-07-19,,,,,,,,,,,,366110_GI-DPP_2017-FEB-West_Phase2_System_Impact_Report_Public.pdf.pdf,,low_extraction_confidence,,J455,62,0.5,pdfplumber,,
