project_key,outcome_type,outcome_date,outcome_date_precision,last_known_active_date,first_known_withdrawn_date,outcome_source,outcome_confidence
P::B::100141,withdrawn,2025-12-31,interval,,2025-12-31,Berkeley,medium
P::B::APP-100016,withdrawn,2025-08-29,day,,2025-12-31,Berkeley,high
P::B::APP-100087,withdrawn,2025-09-08,day,,2025-12-31,Berkeley,high
P::B::APP-100096,withdrawn,2025-08-29,day,,2025-12-31,Berkeley,high
P::B::APP-100103,withdrawn,2025-08-29,day,,2025-12-31,Berkeley,high
P::B::APP-100245,active_censored,2025-12-31,observation,2025-12-31,,Berkeley,high
P::B::APP-100248,active_censored,2025-12-31,observation,2025-12-31,,Berkeley,high
P::B::APP-100259,active_censored,2025-12-31,observation,2025-12-31,,Berkeley,high
P::B::E0002,active_censored,2025-12-31,observation,2025-12-31,,Berkeley,high
P::B::E0003,active_censored,2025-12-31,observation,2025-12-31,,Berkeley,high
P::B::E0004,active_censored,2025-12-31,observation,2025-12-31,,Berkeley,high
P::B::E0005,active_censored,2025-12-31,observation,2025-12-31,,Berkeley,high
P::B::E0006,active_censored,2025-12-31,observation,2025-12-31,,Berkeley,high
P::B::E0007,active_censored,2025-12-31,observation,2025-12-31,,Berkeley,high
P::B::E0008,active_censored,2025-12-31,observation,2025-12-31,,Berkeley,high
P::B::E0009,withdrawn,2025-11-26,day,,2025-12-31,Berkeley,high
P::B::E0010,active_censored,2025-12-31,observation,2025-12-31,,Berkeley,high
P::B::E0011,active_censored,2025-12-31,observation,2025-12-31,,Berkeley,high
P::B::E0012,active_censored,2025-12-31,observation,2025-12-31,,Berkeley,high
P::B::E0013,active_censored,2025-12-31,observation,2025-12-31,,Berkeley,high
P::B::E0014,active_censored,2025-12-31,observation,2025-12-31,,Berkeley,high
P::B::E0015,active_censored,2025-12-31,observation,2025-12-31,,Berkeley,high
P::B::E0016,active_censored,2025-12-31,observation,2025-12-31,,Berkeley,high
P::B::E0017,active_censored,2025-12-31,observation,2025-12-31,,Berkeley,high
P::B::E0018,active_censored,2025-12-31,observation,2025-12-31,,Berkeley,high
P::B::E0019,active_censored,2025-12-31,observation,2025-12-31,,Berkeley,high
P::B::E002,operational,2015-07-13,day,,,Berkeley,high
P::B::E0020,active_censored,2025-12-31,observation,2025-12-31,,Berkeley,high
P::B::E0021,active_censored,2025-12-31,observation,2025-12-31,,Berkeley,high
P::B::E0022,active_censored,2025-12-31,observation,2025-12-31,,Berkeley,high
P::B::E0023,active_censored,2025-12-31,observation,2025-12-31,,Berkeley,high
P::B::E0024,active_censored,2025-12-31,observation,2025-12-31,,Berkeley,high
P::B::E0025,withdrawn,2025-11-12,day,,2025-12-31,Berkeley,high
P::B::E0026,active_censored,2025-12-31,observation,2025-12-31,,Berkeley,high
P::B::E0027,active_censored,2025-12-31,observation,2025-12-31,,Berkeley,high
P::B::E0028,active_censored,2025-12-31,observation,2025-12-31,,Berkeley,high
P::B::E0029,active_censored,2025-12-31,observation,2025-12-31,,Berkeley,high
P::B::E0030,active_censored,2025-12-31,observation,2025-12-31,,Berkeley,high
P::B::E0031,active_censored,2025-12-31,observation,2025-12-31,,Berkeley,high
P::B::E0032,active_censored,2025-12-31,observation,2025-12-31,,Berkeley,high
P::B::E0033,active_censored,2025-12-31,observation,2025-12-31,,Berkeley,high
P::B::E0034,active_censored,2025-12-31,observation,2025-12-31,,Berkeley,high
P::B::E0035,active_censored,2025-12-31,observation,2025-12-31,,Berkeley,high
P::B::E0036,active_censored,2025-12-31,observation,2025-12-31,,Berkeley,high
P::B::E0037,active_censored,2025-12-31,observation,2025-12-31,,Berkeley,high
P::B::E0038,active_censored,2025-12-31,observation,2025-12-31,,Berkeley,high
P::B::E0039,active_censored,2025-12-31,observation,2025-12-31,,Berkeley,high
P::B::E0040,active_censored,2025-12-31,observation,2025-12-31,,Berkeley,high
P::B::E0041,active_censored,2025-12-31,observation,2025-12-31,,Berkeley,high
P::B::E0042,active_censored,2025-12-31,observation,2025-12-31,,Berkeley,high
P::B::E0043,active_censored,2025-12-31,observation,2025-12-31,,Berkeley,high
P::B::E0044,active_censored,2025-12-31,observation,2025-12-31,,Berkeley,high
P::B::E0045,active_censored,2025-12-31,observation,2025-12-31,,Berkeley,high
P::B::E0046,active_censored,2025-12-31,observation,2025-12-31,,Berkeley,high
P::B::E0047,active_censored,2025-12-31,observation,2025-12-31,,Berkeley,high
P::B::E0048,active_censored,2025-12-31,observation,2025-12-31,,Berkeley,high
P::B::E0049,active_censored,2025-12-31,observation,2025-12-31,,Berkeley,high
P::B::E0050,active_censored,2025-12-31,observation,2025-12-31,,Berkeley,high
P::B::E0051,active_censored,2025-12-31,observation,2025-12-31,,Berkeley,high
P::B::E0052,active_censored,2025-12-31,observation,2025-12-31,,Berkeley,high
P::B::E0053,active_censored,2025-12-31,observation,2025-12-31,,Berkeley,high
P::B::E0054,active_censored,2025-12-31,observation,2025-12-31,,Berkeley,high
P::B::E291,operational,2020-07-27,day,2025-12-31,,Berkeley,high
P::B::G001,withdrawn,2020-12-31,interval,,2020-12-31,Berkeley,medium
P::B::G002,active_censored,2025-12-31,observation,2025-12-31,,Berkeley,high
P::B::G003,active_censored,2025-12-31,observation,2025-12-31,,Berkeley,high
P::B::G004,withdrawn,2002-06-21,day,,2020-12-31,Berkeley,high
P::B::G005,active_censored,2025-12-31,observation,2025-12-31,,Berkeley,high
P::B::G006,active_censored,2025-12-31,observation,2025-12-31,,Berkeley,high
P::B::G009,withdrawn,2003-07-16,day,,2020-12-31,Berkeley,high
P::B::G010,operational,2007-08-31,day,,,Berkeley,high
P::B::G011,withdrawn,2003-04-02,day,,2020-12-31,Berkeley,high
P::B::G012,withdrawn,2003-12-03,day,,2020-12-31,Berkeley,high
P::B::G013,withdrawn,2020-12-31,interval,,2020-12-31,Berkeley,medium
P::B::G015,withdrawn,2003-07-09,day,,2020-12-31,Berkeley,high
P::B::G016,active_censored,2025-12-31,observation,2025-12-31,,Berkeley,high
P::B::G017,active_censored,2025-12-31,observation,2025-12-31,,Berkeley,high
P::B::G018,active_censored,2025-12-31,observation,2025-12-31,,Berkeley,high
P::B::G019,operational,2004-06-01,day,,,Berkeley,high
P::B::G020,operational,2005-06-01,day,,,Berkeley,high
P::B::G021,operational,2002-04-01,day,,,Berkeley,high
P::B::G022,operational,2002-04-02,day,,,Berkeley,high
P::B::G023,operational,2003-06-01,day,,,Berkeley,high
P::B::G025,operational,2007-06-01,day,,,Berkeley,high
P::B::G026,operational,2001-05-01,day,,,Berkeley,high
P::B::G027,withdrawn,2020-12-31,interval,,2020-12-31,Berkeley,medium
P::B::G028,withdrawn,2020-12-31,interval,,2020-12-31,Berkeley,medium
P::B::G029,withdrawn,2002-12-30,day,,2020-12-31,Berkeley,high
P::B::G030,withdrawn,2002-12-30,day,,2020-12-31,Berkeley,high
P::B::G032,operational,2001-06-01,day,,,Berkeley,high
P::B::G033,withdrawn,2003-05-22,day,,2020-12-31,Berkeley,high
P::B::G034,operational,2008-06-01,day,,,Berkeley,high
P::B::G035,operational,2003-06-01,day,,,Berkeley,high
P::B::G036,withdrawn,2020-12-31,interval,,2020-12-31,Berkeley,medium
P::B::G037,operational,2002-06-01,day,,,Berkeley,high
P::B::G038,operational,2021-12-31,observation,,,Berkeley,medium
P::B::G039,withdrawn,2020-12-31,interval,,2020-12-31,Berkeley,medium
P::B::G040,withdrawn,2003-12-17,day,,2020-12-31,Berkeley,high
P::B::G041,operational,2004-06-01,day,,,Berkeley,high
P::B::G042,operational,2003-06-01,day,,,Berkeley,high
P::B::G043,operational,2003-06-01,day,,,Berkeley,high
P::B::G044,operational,2021-12-31,observation,,,Berkeley,medium
P::B::G045,withdrawn,2002-12-17,day,,2020-12-31,Berkeley,high
P::B::G046,operational,2002-01-01,day,,,Berkeley,high
P::B::G047,withdrawn,2020-12-31,interval,,2020-12-31,Berkeley,medium
P::B::G048,withdrawn,2004-01-13,day,,2020-12-31,Berkeley,high
P::B::G050,withdrawn,2020-12-31,interval,,2020-12-31,Berkeley,medium
P::B::G051,operational,2003-01-01,day,,,Berkeley,high
P::B::G052,withdrawn,2020-12-31,interval,,2020-12-31,Berkeley,medium
P::B::G053,withdrawn,2003-05-21,day,,2020-12-31,Berkeley,high
P::B::G054,withdrawn,2020-12-31,interval,,2020-12-31,Berkeley,medium
P::B::G055,withdrawn,2020-12-31,interval,,2020-12-31,Berkeley,medium
P::B::G056,operational,2004-06-01,day,,,Berkeley,high
P::B::G057,operational,2005-06-22,day,,,Berkeley,high
P::B::G058,operational,2001-04-01,day,,,Berkeley,high
P::B::G059,operational,2021-12-31,observation,,,Berkeley,medium
P::B::G060,operational,2001-02-01,day,,,Berkeley,high
P::B::G061,withdrawn,2020-12-31,interval,,2020-12-31,Berkeley,medium
P::B::G062,withdrawn,2003-10-08,day,,2020-12-31,Berkeley,high
P::B::G063,withdrawn,2002-03-20,day,,2020-12-31,Berkeley,high
P::B::G064,operational,2005-06-01,day,,,Berkeley,high
P::B::G065,withdrawn,2020-12-31,interval,,2020-12-31,Berkeley,medium
P::B::G066,withdrawn,2020-12-31,interval,,2020-12-31,Berkeley,medium
P::B::G067,operational,2004-05-01,day,,,Berkeley,high
P::B::G068,withdrawn,2020-12-31,interval,,2020-12-31,Berkeley,medium
P::B::G069,active_censored,2025-12-31,observation,2025-12-31,,Berkeley,high
P::B::G070,withdrawn,2020-12-31,interval,,2020-12-31,Berkeley,medium
P::B::G071,withdrawn,2003-03-17,day,,2020-12-31,Berkeley,high
P::B::G072,operational,2009-01-01,day,,,Berkeley,high
P::B::G073,operational,2004-06-01,day,,,Berkeley,high
P::B::G074,operational,2005-03-07,day,,,Berkeley,high
P::B::G075,withdrawn,2003-02-28,day,,2020-12-31,Berkeley,high
P::B::G076,withdrawn,2020-12-31,interval,,2020-12-31,Berkeley,medium
P::B::G077,withdrawn,2020-12-31,interval,,2020-12-31,Berkeley,medium
P::B::G078,withdrawn,2020-12-31,interval,,2020-12-31,Berkeley,medium
P::B::G079,withdrawn,2020-12-31,interval,,2020-12-31,Berkeley,medium
P::B::G080,withdrawn,2020-12-31,interval,,2020-12-31,Berkeley,medium
P::B::G081,active_censored,2025-12-31,observation,2025-12-31,,Berkeley,high
P::B::G082,withdrawn,2003-04-11,day,,2020-12-31,Berkeley,high
P::B::G083,withdrawn,2020-12-31,interval,,2020-12-31,Berkeley,medium
P::B::G084,operational,2005-06-01,day,,,Berkeley,high
P::B::G085,active_censored,2025-12-31,observation,2025-12-31,,Berkeley,high
P::B::G086,withdrawn,2020-12-31,interval,,2020-12-31,Berkeley,medium
P::B::G087,withdrawn,2003-04-14,day,,2020-12-31,Berkeley,high
P::B::G088,withdrawn,2020-12-31,interval,,2020-12-31,Berkeley,medium
P::B::G092,withdrawn,2020-12-31,interval,,2020-12-31,Berkeley,medium
P::B::G093,operational,2004-06-01,day,,,Berkeley,high
P::B::G094,withdrawn,2003-04-17,day,,2020-12-31,Berkeley,high
P::B::G095,withdrawn,2004-05-19,day,,2020-12-31,Berkeley,high
P::B::G096,operational,2002-09-01,day,,,Berkeley,high
P::B::G097,withdrawn,2004-07-26,day,,2020-12-31,Berkeley,high
P::B::G098,withdrawn,2020-12-31,interval,,2020-12-31,Berkeley,medium
P::B::G099,withdrawn,2020-12-31,interval,,2020-12-31,Berkeley,medium
P::B::G100,withdrawn,2020-12-31,interval,,2020-12-31,Berkeley,medium
P::B::G101,withdrawn,2020-12-31,interval,,2020-12-31,Berkeley,medium
P::B::G102,withdrawn,2020-12-31,interval,,2020-12-31,Berkeley,medium
P::B::G103,operational,2004-06-01,day,,,Berkeley,high
P::B::G104,withdrawn,2004-07-21,day,,2020-12-31,Berkeley,high
P::B::G105,withdrawn,2003-09-16,day,,2020-12-31,Berkeley,high
P::B::G106,withdrawn,2003-07-14,day,,2020-12-31,Berkeley,high
P::B::G108,withdrawn,2003-05-27,day,,2020-12-31,Berkeley,high
P::B::G109,withdrawn,2020-12-31,interval,,2020-12-31,Berkeley,medium
P::B::G110,withdrawn,2020-12-31,interval,,2020-12-31,Berkeley,medium
P::B::G111,operational,2011-03-11,day,,,Berkeley,high
P::B::G112,withdrawn,2020-12-31,interval,,2020-12-31,Berkeley,medium
P::B::G113,operational,2005-06-01,day,,,Berkeley,high
P::B::G114,withdrawn,2020-12-31,interval,,2020-12-31,Berkeley,medium
P::B::G115,withdrawn,2020-12-31,interval,,2020-12-31,Berkeley,medium
P::B::G116,withdrawn,2020-12-31,interval,,2020-12-31,Berkeley,medium
P::B::G117,withdrawn,2022-12-31,interval,2021-12-31,2022-12-31,Berkeley,medium
P::B::G118,withdrawn,2003-07-10,day,,2020-12-31,Berkeley,high
P::B::G119,withdrawn,2020-12-31,interval,,2020-12-31,Berkeley,medium
P::B::G120,withdrawn,2020-12-31,interval,,2020-12-31,Berkeley,medium
P::B::G121,withdrawn,2004-07-21,day,,2020-12-31,Berkeley,high
P::B::G122,withdrawn,2020-12-31,interval,,2020-12-31,Berkeley,medium
P::B::G123,withdrawn,2003-03-07,day,,2020-12-31,Berkeley,high
P::B::G124,withdrawn,2003-03-07,day,,2020-12-31,Berkeley,high
P::B::G125,withdrawn,2020-12-31,interval,,2020-12-31,Berkeley,medium
P::B::G126,withdrawn,2020-12-31,interval,,2020-12-31,Berkeley,medium
P::B::G127,withdrawn,2020-12-31,interval,,2020-12-31,Berkeley,medium
P::B::G128,withdrawn,2020-12-31,interval,,2020-12-31,Berkeley,medium
P::B::G129,withdrawn,2020-12-31,interval,,2020-12-31,Berkeley,medium
P::B::G130,withdrawn,2020-12-31,interval,,2020-12-31,Berkeley,medium
P::B::G131,withdrawn,2020-12-31,interval,,2020-12-31,Berkeley,medium
P::B::G132,operational,2003-12-01,day,,,Berkeley,high
P::B::G133,withdrawn,2020-12-31,interval,,2020-12-31,Berkeley,medium
P::B::G134,withdrawn,2003-04-07,day,,2020-12-31,Berkeley,high
P::B::G135,withdrawn,2002-08-02,day,,2020-12-31,Berkeley,high
P::B::G136,withdrawn,2020-12-31,interval,,2020-12-31,Berkeley,medium
P::B::G137,withdrawn,2002-11-04,day,,2020-12-31,Berkeley,high
P::B::G138,withdrawn,2020-12-31,interval,,2020-12-31,Berkeley,medium
P::B::G139,withdrawn,2020-12-31,interval,,2020-12-31,Berkeley,medium
P::B::G140,operational,2021-12-31,observation,,,Berkeley,medium
P::B::G141,withdrawn,2022-12-31,interval,2021-12-31,2022-12-31,Berkeley,medium
P::B::G142,operational,2001-12-20,day,,,Berkeley,high
P::B::G143,withdrawn,2020-12-31,interval,,2020-12-31,Berkeley,medium
P::B::G144,operational,2004-03-01,day,,,Berkeley,high
P::B::G145,withdrawn,2020-12-31,interval,,2020-12-31,Berkeley,medium
P::B::G146,operational,2006-06-01,day,,,Berkeley,high
P::B::G147,withdrawn,2020-12-31,interval,,2020-12-31,Berkeley,medium
P::B::G148,operational,2003-06-01,day,,,Berkeley,high
P::B::G150,active_censored,2025-12-31,observation,2025-12-31,,Berkeley,high
P::B::G151,withdrawn,2020-12-31,interval,,2020-12-31,Berkeley,medium
P::B::G152,withdrawn,2020-12-31,interval,,2020-12-31,Berkeley,medium
P::B::G154,withdrawn,2003-04-03,day,,2020-12-31,Berkeley,high
P::B::G156,withdrawn,2020-12-31,interval,,2020-12-31,Berkeley,medium
P::B::G157,withdrawn,2020-12-31,interval,,2020-12-31,Berkeley,medium
P::B::G158,withdrawn,2020-12-31,interval,,2020-12-31,Berkeley,medium
P::B::G159,withdrawn,2020-12-31,interval,,2020-12-31,Berkeley,medium
P::B::G160,operational,2003-12-01,day,,,Berkeley,high
P::B::G161,withdrawn,2020-12-31,interval,,2020-12-31,Berkeley,medium
P::B::G162,operational,2003-06-04,day,,,Berkeley,high
P::B::G163,withdrawn,2002-08-21,day,,2020-12-31,Berkeley,high
P::B::G164,operational,2006-12-01,day,,,Berkeley,high
P::B::G165,operational,2007-06-01,day,,,Berkeley,high
P::B::G166,withdrawn,2020-12-31,interval,,2020-12-31,Berkeley,medium
P::B::G167,withdrawn,2004-01-06,day,,2020-12-31,Berkeley,high
P::B::G168,withdrawn,2003-09-17,day,,2020-12-31,Berkeley,high
P::B::G169,withdrawn,2003-03-25,day,,2020-12-31,Berkeley,high
P::B::G170,operational,2006-12-31,day,,,Berkeley,high
P::B::G171,operational,2021-12-31,observation,,,Berkeley,medium
P::B::G172,operational,2008-01-01,day,,,Berkeley,high
P::B::G173,operational,2007-06-01,day,,,Berkeley,high
P::B::G174,withdrawn,2002-06-11,day,,2020-12-31,Berkeley,high
P::B::G175,withdrawn,2002-08-21,day,,2020-12-31,Berkeley,high
P::B::G176,operational,2005-11-18,day,,,Berkeley,high
P::B::G177,active_censored,2025-12-31,observation,2025-12-31,,Berkeley,high
P::B::G178,withdrawn,2002-05-24,day,,2020-12-31,Berkeley,high
P::B::G179,withdrawn,2002-05-24,day,,2020-12-31,Berkeley,high
P::B::G180,withdrawn,2002-05-24,day,,2020-12-31,Berkeley,high
P::B::G181,withdrawn,2003-03-13,day,,2020-12-31,Berkeley,high
P::B::G182,withdrawn,2002-05-24,day,,2020-12-31,Berkeley,high
P::B::G183,withdrawn,2002-11-06,day,,2020-12-31,Berkeley,high
P::B::G184,withdrawn,2020-12-31,interval,,2020-12-31,Berkeley,medium
P::B::G185,operational,2004-04-01,day,,,Berkeley,high
P::B::G186,operational,2007-10-01,day,,,Berkeley,high
P::B::G187,withdrawn,2020-12-31,interval,,2020-12-31,Berkeley,medium
P::B::G188,operational,2002-03-06,day,,,Berkeley,high
P::B::G194 CONS 7,withdrawn,2020-12-31,interval,,2020-12-31,Berkeley,medium
P::B::G207 CONS 37,withdrawn,2020-12-31,interval,,2020-12-31,Berkeley,medium
P::B::G210 CONS 103,withdrawn,2020-12-31,interval,,2020-12-31,Berkeley,medium
P::B::G212 CONS 105,withdrawn,2020-12-31,interval,,2020-12-31,Berkeley,medium
P::B::G216 CONS 110,withdrawn,2020-12-31,interval,,2020-12-31,Berkeley,medium
P::B::G216 CONS 90,withdrawn,2020-12-31,interval,,2020-12-31,Berkeley,medium
P::B::G217 CONS 111,withdrawn,2002-10-15,day,,2020-12-31,Berkeley,high
P::B::G217 CONS 94,withdrawn,2020-12-31,interval,,2020-12-31,Berkeley,medium
P::B::G218,operational,2006-06-30,day,,,Berkeley,high
P::B::G219,withdrawn,2003-06-23,day,,2020-12-31,Berkeley,high
P::B::G220,withdrawn,2002-08-09,day,,2020-12-31,Berkeley,high
P::B::G221,withdrawn,2002-11-13,day,,2020-12-31,Berkeley,high
P::B::G222,withdrawn,2002-08-08,day,,2020-12-31,Berkeley,high
P::B::G223,withdrawn,2002-10-28,day,,2020-12-31,Berkeley,high
P::B::G224,withdrawn,2003-03-15,day,,2020-12-31,Berkeley,high
P::B::G225,operational,2004-06-01,day,,,Berkeley,high
P::B::G226,withdrawn,2022-12-31,interval,2021-12-31,2022-12-31,Berkeley,medium
P::B::G226.1,withdrawn,2003-04-09,day,,2020-12-31,Berkeley,high
P::B::G227,withdrawn,2003-04-09,day,,2020-12-31,Berkeley,high
P::B::G228,withdrawn,2002-07-05,day,,2020-12-31,Berkeley,high
P::B::G229,withdrawn,2002-11-13,day,,2020-12-31,Berkeley,high
P::B::G230,operational,2002-09-01,day,,,Berkeley,high
P::B::G231,withdrawn,2002-07-02,day,,2020-12-31,Berkeley,high
P::B::G232,operational,2007-01-01,day,,,Berkeley,high
P::B::G233,withdrawn,2003-07-07,day,,2020-12-31,Berkeley,high
P::B::G234,operational,2005-05-01,day,,,Berkeley,high
P::B::G235,withdrawn,2020-12-31,interval,,2020-12-31,Berkeley,medium
P::B::G236,withdrawn,2002-08-12,day,,2020-12-31,Berkeley,high
P::B::G237,operational,2004-05-01,day,,,Berkeley,high
P::B::G238,operational,2003-12-15,day,,,Berkeley,high
P::B::G239,withdrawn,2022-12-31,interval,2021-12-31,2022-12-31,Berkeley,medium
P::B::G240,operational,2009-05-01,day,,,Berkeley,high
P::B::G241,operational,2002-09-01,day,,,Berkeley,high
P::B::G242,operational,2008-01-01,day,,,Berkeley,high
P::B::G244,withdrawn,2003-07-10,day,,2020-12-31,Berkeley,high
P::B::G245,withdrawn,2003-07-10,day,,2020-12-31,Berkeley,high
P::B::G246,withdrawn,2002-09-05,day,,2020-12-31,Berkeley,high
P::B::G247,withdrawn,2020-12-31,interval,,2020-12-31,Berkeley,medium
P::B::G248,withdrawn,2022-12-31,interval,2021-12-31,2022-12-31,Berkeley,medium
P::B::G249,withdrawn,2003-03-04,day,,2020-12-31,Berkeley,high
P::B::G250,withdrawn,2003-09-17,day,,2020-12-31,Berkeley,high
P::B::G251,operational,2003-06-01,day,,,Berkeley,high
P::B::G252,operational,2005-09-01,day,,,Berkeley,high
P::B::G253,operational,2002-11-01,day,,,Berkeley,high
P::B::G254,withdrawn,2003-06-30,day,,2020-12-31,Berkeley,high
P::B::G255,operational,2006-11-01,day,,,Berkeley,high
P::B::G256,operational,2003-02-01,day,,,Berkeley,high
P::B::G257,withdrawn,2002-12-04,day,,2020-12-31,Berkeley,high
P::B::G258,operational,2003-05-01,day,,,Berkeley,high
P::B::G259,withdrawn,2020-12-31,interval,,2020-12-31,Berkeley,medium
P::B::G260,withdrawn,2003-02-18,day,,2020-12-31,Berkeley,high
P::B::G261,operational,2003-11-01,day,,,Berkeley,high
P::B::G262,withdrawn,2004-09-09,day,,2020-12-31,Berkeley,high
P::B::G263,operational,2007-11-01,day,,,Berkeley,high
P::B::G264,withdrawn,2003-06-25,day,,2020-12-31,Berkeley,high
P::B::G265,withdrawn,2020-12-31,interval,,2020-12-31,Berkeley,medium
P::B::G266,withdrawn,2003-04-03,day,,2020-12-31,Berkeley,high
P::B::G267,withdrawn,2004-12-21,day,,2020-12-31,Berkeley,high
P::B::G268,withdrawn,2003-06-24,day,,2020-12-31,Berkeley,high
P::B::G269,withdrawn,2003-06-16,day,,2020-12-31,Berkeley,high
P::B::G270,operational,2005-03-01,day,,,Berkeley,high
P::B::G271,withdrawn,2003-09-17,day,,2020-12-31,Berkeley,high
P::B::G272,operational,2004-09-01,day,,,Berkeley,high
P::B::G273,withdrawn,2020-12-31,interval,,2020-12-31,Berkeley,medium
P::B::G274,withdrawn,2020-12-31,interval,,2020-12-31,Berkeley,medium
P::B::G275,withdrawn,2003-04-17,day,,2020-12-31,Berkeley,high
P::B::G276,withdrawn,2003-04-28,day,,2020-12-31,Berkeley,high
P::B::G277,withdrawn,2003-04-03,day,,2020-12-31,Berkeley,high
P::B::G278,operational,2007-05-01,day,,,Berkeley,high
P::B::G279,withdrawn,2003-08-08,day,,2020-12-31,Berkeley,high
P::B::G280,withdrawn,2003-08-08,day,,2020-12-31,Berkeley,high
P::B::G281,withdrawn,2004-11-22,day,,2020-12-31,Berkeley,high
P::B::G282,withdrawn,2022-12-31,interval,2021-12-31,2022-12-31,Berkeley,medium
P::B::G283,withdrawn,2003-04-17,day,,2020-12-31,Berkeley,high
P::B::G284,withdrawn,2003-04-17,day,,2020-12-31,Berkeley,high
P::B::G285,operational,2004-12-01,day,,,Berkeley,high
P::B::G286,operational,2003-12-01,day,,,Berkeley,high
P::B::G287,operational,2004-06-30,day,,,Berkeley,high
P::B::G288,withdrawn,2003-06-30,day,,2020-12-31,Berkeley,high
P::B::G289,withdrawn,2003-06-30,day,,2020-12-31,Berkeley,high
P::B::G290,withdrawn,2020-12-31,interval,,2020-12-31,Berkeley,medium
P::B::G291,operational,2006-12-31,day,,,Berkeley,high
P::B::G293,withdrawn,2004-12-28,day,,2020-12-31,Berkeley,high
P::B::G295,withdrawn,2020-12-31,interval,,2020-12-31,Berkeley,medium
P::B::G296,withdrawn,2003-04-01,day,,2020-12-31,Berkeley,high
P::B::G297,withdrawn,2014-05-14,day,,2021-12-31,Berkeley,high
P::B::G298,operational,2010-12-31,day,,,Berkeley,high
P::B::G299,operational,2003-12-31,day,,,Berkeley,high
P::B::G300,operational,2007-05-31,day,,,Berkeley,high
P::B::G301,operational,2003-09-01,day,,,Berkeley,high
P::B::G302,withdrawn,2003-04-28,day,,2020-12-31,Berkeley,high
P::B::G303,withdrawn,2003-04-28,day,,2020-12-31,Berkeley,high
P::B::G304,withdrawn,2003-07-09,day,,2020-12-31,Berkeley,high
P::B::G306,withdrawn,2003-05-01,day,,2020-12-31,Berkeley,high
P::B::G307,withdrawn,2003-06-03,day,,2020-12-31,Berkeley,high
P::B::G308,withdrawn,2003-06-03,day,,2020-12-31,Berkeley,high
P::B::G309,withdrawn,2003-11-20,day,,2020-12-31,Berkeley,high
P::B::G310,operational,2005-12-01,day,,,Berkeley,high
P::B::G311,withdrawn,2022-12-31,interval,2021-12-31,2022-12-31,Berkeley,medium
P::B::G312,withdrawn,2003-06-03,day,,2020-12-31,Berkeley,high
P::B::G313,withdrawn,2003-06-03,day,,2020-12-31,Berkeley,high
P::B::G314,withdrawn,2003-11-11,day,,2020-12-31,Berkeley,high
P::B::G315,withdrawn,2003-04-02,day,,2020-12-31,Berkeley,high
P::B::G316,withdrawn,2003-04-02,day,,2020-12-31,Berkeley,high
P::B::G317,withdrawn,2004-03-05,day,,2020-12-31,Berkeley,high
P::B::G318,withdrawn,2003-04-02,day,,2020-12-31,Berkeley,high
P::B::G319,withdrawn,2004-03-17,day,,,Berkeley,high
P::B::G320,withdrawn,2003-05-01,day,,2020-12-31,Berkeley,high
P::B::G321,withdrawn,2003-05-01,day,,2020-12-31,Berkeley,high
P::B::G322,operational,2010-05-31,day,2024-12-31,,Berkeley,high
P::B::G323,operational,2003-06-01,day,2024-12-31,,Berkeley,high
P::B::G324,operational,2003-06-01,day,2024-12-31,,Berkeley,high
P::B::G325,operational,2003-06-01,day,2024-12-31,,Berkeley,high
P::B::G326,operational,2003-06-01,day,2024-12-31,,Berkeley,high
P::B::G327,operational,2003-06-01,day,2024-12-31,,Berkeley,high
P::B::G328,withdrawn,2003-09-30,day,,2020-12-31,Berkeley,high
P::B::G329,withdrawn,2005-08-11,day,,2020-12-31,Berkeley,high
P::B::G330,operational,2003-12-31,day,,,Berkeley,high
P::B::G331,withdrawn,2004-03-17,day,,2020-12-31,Berkeley,high
P::B::G332,withdrawn,2003-07-14,day,,2020-12-31,Berkeley,high
P::B::G333,withdrawn,2003-07-14,day,,2020-12-31,Berkeley,high
P::B::G334,withdrawn,2003-12-05,day,,2020-12-31,Berkeley,high
P::B::G335,withdrawn,2004-04-08,day,,2020-12-31,Berkeley,high
P::B::G336,withdrawn,2003-09-12,day,,2020-12-31,Berkeley,high
P::B::G337,withdrawn,2004-03-26,day,,2020-12-31,Berkeley,high
P::B::G338,operational,2003-10-01,day,,,Berkeley,high
P::B::G339,withdrawn,2003-10-07,day,,2020-12-31,Berkeley,high
P::B::G340,operational,2006-07-01,day,,,Berkeley,high
P::B::G341,operational,2005-12-01,day,,,Berkeley,high
P::B::G342,operational,2003-07-01,day,2024-12-31,,Berkeley,high
P::B::G343,operational,2002-05-01,day,2024-12-31,,Berkeley,high
P::B::G344,operational,2025-12-31,observation,2024-12-31,,Berkeley,medium
P::B::G345,operational,2025-12-31,observation,2024-12-31,,Berkeley,medium
P::B::G346,operational,2025-12-31,observation,2024-12-31,,Berkeley,medium
P::B::G347,operational,2025-12-31,observation,2024-12-31,,Berkeley,medium
P::B::G348,operational,2021-12-31,observation,,,Berkeley,medium
P::B::G349,operational,2006-12-31,day,,,Berkeley,high
P::B::G350,operational,2021-12-31,observation,,,Berkeley,medium
P::B::G351,withdrawn,2022-12-31,interval,2021-12-31,2022-12-31,Berkeley,medium
P::B::G352,withdrawn,2022-12-31,interval,2021-12-31,2022-12-31,Berkeley,medium
P::B::G353,operational,2007-01-01,day,,,Berkeley,high
P::B::G354,operational,2009-01-01,day,,,Berkeley,high
P::B::G355,operational,2003-05-02,day,,,Berkeley,high
P::B::G357,withdrawn,2004-02-10,day,,2020-12-31,Berkeley,high
P::B::G358,operational,2003-09-01,day,,,Berkeley,high
P::B::G359,withdrawn,2016-04-03,day,,2020-12-31,Berkeley,high
P::B::G359R,operational,2020-02-28,day,,,Berkeley,high
P::B::G361,operational,2006-05-01,day,,,Berkeley,high
P::B::G362,operational,2014-09-01,day,,,Berkeley,high
P::B::G364,withdrawn,2004-08-25,day,,2020-12-31,Berkeley,high
P::B::G365,withdrawn,2005-08-19,day,,2020-12-31,Berkeley,high
P::B::G366,withdrawn,2022-12-31,interval,2021-12-31,2022-12-31,Berkeley,medium
P::B::G367,withdrawn,2005-03-25,day,,2020-12-31,Berkeley,high
P::B::G368,operational,2007-09-01,day,,,Berkeley,high
P::B::G369,operational,2006-06-01,day,,,Berkeley,high
P::B::G370,operational,2007-12-01,day,,,Berkeley,high
P::B::G371,withdrawn,2004-09-29,day,,2020-12-31,Berkeley,high
P::B::G372,withdrawn,2004-04-30,day,,2020-12-31,Berkeley,high
P::B::G373,withdrawn,2004-04-16,day,,2020-12-31,Berkeley,high
P::B::G374,operational,2005-05-01,day,,,Berkeley,high
P::B::G375,operational,2005-05-01,day,,,Berkeley,high
P::B::G376,withdrawn,2022-12-31,interval,2021-12-31,2022-12-31,Berkeley,medium
P::B::G377,withdrawn,2004-03-05,day,,2020-12-31,Berkeley,high
P::B::G378,withdrawn,2004-02-17,day,,2020-12-31,Berkeley,high
P::B::G379,withdrawn,2004-02-17,day,,2020-12-31,Berkeley,high
P::B::G380,operational,2005-12-01,day,,,Berkeley,high
P::B::G382,operational,2007-11-30,day,,,Berkeley,high
P::B::G383,operational,2002-11-01,day,,,Berkeley,high
P::B::G384,withdrawn,2022-12-31,interval,2021-12-31,2022-12-31,Berkeley,medium
P::B::G385,operational,2004-07-01,day,,,Berkeley,high
P::B::G386,operational,2007-10-15,day,,,Berkeley,high
P::B::G387,withdrawn,2004-07-22,day,,2020-12-31,Berkeley,high
P::B::G389,operational,2004-08-01,day,,,Berkeley,high
P::B::G390,withdrawn,2015-06-29,day,,2020-12-31,Berkeley,high
P::B::G391,withdrawn,2006-01-03,day,,2020-12-31,Berkeley,high
P::B::G392,withdrawn,2009-11-02,day,,2020-12-31,Berkeley,high
P::B::G394,withdrawn,2004-08-23,day,,2020-12-31,Berkeley,high
P::B::G395,withdrawn,2004-08-23,day,,2020-12-31,Berkeley,high
P::B::G396,operational,2004-07-01,day,,,Berkeley,high
P::B::G397,operational,2009-01-01,day,,,Berkeley,high
P::B::G398,operational,2010-01-01,day,,,Berkeley,high
P::B::G399,withdrawn,2005-10-27,day,,2020-12-31,Berkeley,high
P::B::G400,withdrawn,2004-06-02,day,,2020-12-31,Berkeley,high
P::B::G402,withdrawn,2004-07-12,day,,2020-12-31,Berkeley,high
P::B::G404,withdrawn,2004-03-17,day,,2020-12-31,Berkeley,high
P::B::G405,operational,2004-07-01,day,,,Berkeley,high
P::B::G407,withdrawn,2006-02-02,day,,2020-12-31,Berkeley,high
P::B::G408,operational,2005-11-01,day,,,Berkeley,high
P::B::G409,operational,2007-12-01,day,,,Berkeley,high
P::B::G410,withdrawn,2005-03-07,day,,2020-12-31,Berkeley,high
P::B::G411,withdrawn,2004-07-22,day,,2020-12-31,Berkeley,high
P::B::G412,operational,2004-03-01,day,,,Berkeley,high
P::B::G413,withdrawn,2005-07-15,day,,2020-12-31,Berkeley,high
P::B::G414,withdrawn,2004-08-02,day,,2020-12-31,Berkeley,high
P::B::G415,withdrawn,2004-04-26,day,,2020-12-31,Berkeley,high
P::B::G416,withdrawn,2005-04-04,day,,2020-12-31,Berkeley,high
P::B::G417,operational,2006-06-01,day,,,Berkeley,high
P::B::G418,withdrawn,2010-12-07,day,,2020-12-31,Berkeley,high
P::B::G419,withdrawn,2004-05-10,day,,2020-12-31,Berkeley,high
P::B::G420,withdrawn,2004-11-08,day,,2020-12-31,Berkeley,high
P::B::G421,withdrawn,2004-12-02,day,,2020-12-31,Berkeley,high
P::B::G423,withdrawn,2004-09-09,day,,2020-12-31,Berkeley,high
P::B::G424,operational,2005-12-31,day,,,Berkeley,high
P::B::G425,withdrawn,2004-05-06,day,,2020-12-31,Berkeley,high
P::B::G426,operational,2007-10-01,day,,,Berkeley,high
P::B::G427,withdrawn,2021-12-31,interval,,2021-12-31,Berkeley,medium
P::B::G428,operational,2005-09-01,day,,,Berkeley,high
P::B::G429,withdrawn,2004-07-13,day,,2020-12-31,Berkeley,high
P::B::G430,withdrawn,2005-08-19,day,,2020-12-31,Berkeley,high
P::B::G431,operational,2007-12-01,day,,,Berkeley,high
P::B::G432,withdrawn,2011-11-16,day,,2020-12-31,Berkeley,high
P::B::G433,operational,2005-11-01,day,,,Berkeley,high
P::B::G434,operational,2006-07-01,day,,,Berkeley,high
P::B::G435,withdrawn,2004-10-13,day,,2020-12-31,Berkeley,high
P::B::G436,operational,2010-07-01,day,,,Berkeley,high
P::B::G438,withdrawn,2009-07-07,day,,2020-12-31,Berkeley,high
P::B::G439,operational,2005-12-01,day,,,Berkeley,high
P::B::G441,withdrawn,2005-06-24,day,,2020-12-31,Berkeley,high
P::B::G442,operational,2010-06-01,day,,,Berkeley,high
P::B::G443,operational,2007-12-01,day,,,Berkeley,high
P::B::G444,operational,2005-09-30,day,,,Berkeley,high
P::B::G445,withdrawn,2005-04-12,day,,2020-12-31,Berkeley,high
P::B::G446,withdrawn,2005-07-13,day,,2020-12-31,Berkeley,high
P::B::G447,withdrawn,2005-08-29,day,,2020-12-31,Berkeley,high
P::B::G448,withdrawn,2005-08-29,day,,2020-12-31,Berkeley,high
P::B::G449,withdrawn,2004-09-29,day,,2020-12-31,Berkeley,high
P::B::G450,withdrawn,2004-09-27,day,,2020-12-31,Berkeley,high
P::B::G474,operational,2005-07-01,day,,,Berkeley,high
P::B::G475,operational,2007-11-30,day,,,Berkeley,high
P::B::G476,withdrawn,2005-08-01,day,,2020-12-31,Berkeley,high
P::B::G477,withdrawn,2021-12-31,interval,,2021-12-31,Berkeley,medium
P::B::G478,operational,2005-11-01,day,,,Berkeley,high
P::B::G479,operational,2008-08-01,day,,,Berkeley,high
P::B::G480,withdrawn,2005-11-01,day,,2020-12-31,Berkeley,high
P::B::G481,operational,2007-03-15,day,,,Berkeley,high
P::B::G482,withdrawn,2006-02-24,day,,2020-12-31,Berkeley,high
P::B::G483,withdrawn,2021-12-31,interval,,2021-12-31,Berkeley,medium
P::B::G484,withdrawn,2006-09-20,day,,2020-12-31,Berkeley,high
P::B::G485,withdrawn,2005-01-04,day,,2020-12-31,Berkeley,high
P::B::G488,withdrawn,2005-12-08,day,,2020-12-31,Berkeley,high
P::B::G489,withdrawn,2009-08-04,day,,2020-12-31,Berkeley,high
P::B::G491,withdrawn,2013-12-04,day,,2020-12-31,Berkeley,high
P::B::G492,operational,2005-12-01,day,,,Berkeley,high
P::B::G493,withdrawn,2005-08-24,day,,2020-12-31,Berkeley,high
P::B::G494,withdrawn,2005-07-01,day,,2020-12-31,Berkeley,high
P::B::G495,operational,2006-10-01,day,,,Berkeley,high
P::B::G496,withdrawn,2005-08-24,day,,2020-12-31,Berkeley,high
P::B::G498,withdrawn,2006-07-19,day,,2020-12-31,Berkeley,high
P::B::G499,withdrawn,2005-06-21,day,,2020-12-31,Berkeley,high
P::B::G500,withdrawn,2005-08-01,day,,2020-12-31,Berkeley,high
P::B::G501,withdrawn,2005-04-29,day,,2020-12-31,Berkeley,high
P::B::G502,operational,2007-05-01,day,,,Berkeley,high
P::B::G503,operational,2008-10-01,day,,,Berkeley,high
P::B::G504,withdrawn,2006-08-07,day,,2020-12-31,Berkeley,high
P::B::G505,withdrawn,2005-08-01,day,,2020-12-31,Berkeley,high
P::B::G506,withdrawn,2005-11-01,day,,2020-12-31,Berkeley,high
P::B::G507,operational,2005-11-01,day,,,Berkeley,high
P::B::G507b,operational,2008-08-01,day,,,Berkeley,high
P::B::G508,withdrawn,2005-10-13,day,,2020-12-31,Berkeley,high
P::B::G509,withdrawn,2006-06-22,day,,2020-12-31,Berkeley,high
P::B::G510,operational,2005-12-31,day,,,Berkeley,high
P::B::G511,withdrawn,2005-05-12,day,,2020-12-31,Berkeley,high
P::B::G512,withdrawn,2006-09-07,day,,2020-12-31,Berkeley,high
P::B::G513,withdrawn,2021-12-31,interval,,2021-12-31,Berkeley,medium
P::B::G514,operational,2006-12-31,day,,,Berkeley,high
P::B::G515,operational,2007-10-01,day,,,Berkeley,high
P::B::G516,withdrawn,2005-06-27,day,,2020-12-31,Berkeley,high
P::B::G517,withdrawn,2019-10-24,day,,2020-12-31,Berkeley,high
P::B::G518,operational,2007-10-01,day,,,Berkeley,high
P::B::G519,withdrawn,2013-05-07,day,,2020-12-31,Berkeley,high
P::B::G520,withdrawn,2015-06-08,day,,2020-12-31,Berkeley,high
P::B::G521,operational,2010-12-01,day,,,Berkeley,high
P::B::G522,withdrawn,2006-04-06,day,,2020-12-31,Berkeley,high
P::B::G523,withdrawn,2006-04-10,day,,2020-12-31,Berkeley,high
P::B::G524,withdrawn,2005-11-01,day,,2020-12-31,Berkeley,high
P::B::G526,operational,2010-05-01,day,,,Berkeley,high
P::B::G527,withdrawn,2021-12-31,interval,,2021-12-31,Berkeley,medium
P::B::G528,withdrawn,2006-05-19,day,,2020-12-31,Berkeley,high
P::B::G529,withdrawn,2005-08-29,day,,2020-12-31,Berkeley,high
P::B::G530,operational,2006-10-15,day,,,Berkeley,high
P::B::G531,withdrawn,2015-06-29,day,,2020-12-31,Berkeley,high
P::B::G532,operational,2006-09-01,day,,,Berkeley,high
P::B::G534,withdrawn,2005-08-30,day,,2020-12-31,Berkeley,high
P::B::G535,operational,2008-08-01,day,,,Berkeley,high
P::B::G536,operational,2009-04-01,day,,,Berkeley,high
P::B::G537,withdrawn,2006-09-29,day,,2020-12-31,Berkeley,high
P::B::G538,operational,2007-04-25,day,,,Berkeley,high
P::B::G539,withdrawn,2005-10-13,day,,2020-12-31,Berkeley,high
P::B::G540,operational,2007-11-01,day,,,Berkeley,high
P::B::G541,operational,2006-10-01,day,,,Berkeley,high
P::B::G542,withdrawn,2021-12-31,interval,,2021-12-31,Berkeley,medium
P::B::G543,operational,2005-12-01,day,,,Berkeley,high
P::B::G544,withdrawn,2009-05-04,day,,2020-12-31,Berkeley,high
P::B::G545,operational,2007-12-31,day,,,Berkeley,high
P::B::G546,withdrawn,2021-12-31,interval,,2021-12-31,Berkeley,medium
P::B::G547,operational,2005-12-01,day,,,Berkeley,high
P::B::G548,operational,2007-12-01,day,,,Berkeley,high
P::B::G549,withdrawn,2018-06-26,day,,2020-12-31,Berkeley,high
P::B::G550,operational,2006-12-31,day,,,Berkeley,high
P::B::G551,operational,2006-12-15,day,,,Berkeley,high
P::B::G552,withdrawn,2010-04-06,day,,2020-12-31,Berkeley,high
P::B::G553,withdrawn,2021-12-31,interval,,2021-12-31,Berkeley,medium
P::B::G554,withdrawn,2006-01-09,day,,2020-12-31,Berkeley,high
P::B::G555,withdrawn,2012-03-08,day,,2020-12-31,Berkeley,high
P::B::G561,withdrawn,2006-03-22,day,,2020-12-31,Berkeley,high
P::B::G562,operational,2007-10-01,day,,,Berkeley,high
P::B::G563,operational,2007-12-31,day,,,Berkeley,high
P::B::G564,operational,2007-06-01,day,,,Berkeley,high
P::B::G565,withdrawn,2006-09-27,day,,2020-12-31,Berkeley,high
P::B::G566,operational,2011-06-01,day,,,Berkeley,high
P::B::G566d,operational,2008-08-01,day,,,Berkeley,high
P::B::G567,withdrawn,2007-03-05,day,,2020-12-31,Berkeley,high
P::B::G568,withdrawn,2007-03-05,day,,2020-12-31,Berkeley,high
P::B::G569,withdrawn,2021-12-31,interval,,2021-12-31,Berkeley,medium
P::B::G570,withdrawn,2006-02-15,day,,2020-12-31,Berkeley,high
P::B::G571,withdrawn,2007-06-04,day,,2020-12-31,Berkeley,high
P::B::G573,operational,2021-12-31,observation,,,Berkeley,medium
P::B::G574,operational,2007-10-31,day,,,Berkeley,high
P::B::G575,operational,2006-10-01,day,,,Berkeley,high
P::B::G576,withdrawn,2010-04-20,day,,2020-12-31,Berkeley,high
P::B::G577,operational,2007-09-30,day,,,Berkeley,high
P::B::G578,withdrawn,2008-09-30,day,,2020-12-31,Berkeley,high
P::B::G579,operational,2006-10-01,day,,,Berkeley,high
P::B::G580,operational,2006-09-30,day,,,Berkeley,high
P::B::G581,withdrawn,2008-07-01,day,,2020-12-31,Berkeley,high
P::B::G582,withdrawn,2006-01-11,day,,2020-12-31,Berkeley,high
P::B::G583,withdrawn,2007-05-03,day,,2020-12-31,Berkeley,high
P::B::G584,withdrawn,2008-08-12,day,,2020-12-31,Berkeley,high
P::B::G585,withdrawn,2006-03-24,day,,2020-12-31,Berkeley,high
P::B::G586,operational,2007-09-01,day,,,Berkeley,high
P::B::G587,withdrawn,2015-12-03,day,,2021-12-31,Berkeley,high
P::B::G588,operational,2007-01-01,day,,,Berkeley,high
P::B::G589,withdrawn,2009-01-05,day,,2020-12-31,Berkeley,high
P::B::G590,withdrawn,2021-12-31,interval,,2021-12-31,Berkeley,medium
P::B::G591,withdrawn,2008-04-16,day,,2020-12-31,Berkeley,high
P::B::G593,withdrawn,2012-09-26,day,,2020-12-31,Berkeley,high
P::B::G594,withdrawn,2012-11-28,day,,2020-12-31,Berkeley,high
P::B::G595,operational,2007-10-01,day,,,Berkeley,high
P::B::G596,withdrawn,2006-04-05,day,,2020-12-31,Berkeley,high
P::B::G597,withdrawn,2010-01-20,day,,2020-12-31,Berkeley,high
P::B::G598,withdrawn,2013-04-03,day,,2021-12-31,Berkeley,high
P::B::G599,withdrawn,2012-01-04,day,,2020-12-31,Berkeley,high
P::B::G600,withdrawn,2006-04-28,day,,2020-12-31,Berkeley,high
P::B::G602,operational,2007-10-01,day,,,Berkeley,high
P::B::G603,withdrawn,2006-10-31,day,,2020-12-31,Berkeley,high
P::B::G604,operational,2007-07-30,day,,,Berkeley,high
P::B::G605,withdrawn,2006-09-29,day,,2020-12-31,Berkeley,high
P::B::G606,operational,2008-06-01,day,,,Berkeley,high
P::B::G607,withdrawn,2010-01-15,day,,2020-12-31,Berkeley,high
P::B::G608,withdrawn,2011-08-18,day,,2020-12-31,Berkeley,high
P::B::G609,operational,2008-10-25,day,,,Berkeley,high
P::B::G611,withdrawn,2021-12-31,interval,,2021-12-31,Berkeley,medium
P::B::G612,operational,2007-05-15,day,,,Berkeley,high
P::B::G613,withdrawn,2008-03-24,day,,2020-12-31,Berkeley,high
P::B::G614,withdrawn,2013-03-20,day,,2020-12-31,Berkeley,high
P::B::G616,withdrawn,2007-07-06,day,,2020-12-31,Berkeley,high
P::B::G617,withdrawn,2012-07-26,day,,2020-12-31,Berkeley,high
P::B::G618,withdrawn,2011-10-24,day,,2020-12-31,Berkeley,high
P::B::G619,operational,2008-12-01,day,,,Berkeley,high
P::B::G620,withdrawn,2018-04-20,day,,2020-12-31,Berkeley,high
P::B::G621,operational,2022-12-01,day,2025-12-31,,Berkeley,high
P::B::G622,withdrawn,2012-01-26,day,,2020-12-31,Berkeley,high
P::B::G623,withdrawn,2007-02-15,day,,2020-12-31,Berkeley,high
P::B::G624,withdrawn,2011-11-21,day,,2020-12-31,Berkeley,high
P::B::G626,withdrawn,2012-10-09,day,,2021-12-31,Berkeley,high
P::B::G627,withdrawn,2006-05-08,day,,2020-12-31,Berkeley,high
P::B::G628,withdrawn,2016-07-25,day,,2020-12-31,Berkeley,high
P::B::G629,withdrawn,2007-04-17,day,,2020-12-31,Berkeley,high
P::B::G630,withdrawn,2008-12-09,day,,2020-12-31,Berkeley,high
P::B::G631,withdrawn,2013-04-29,day,,2020-12-31,Berkeley,high
P::B::G632,withdrawn,2013-04-29,day,,2020-12-31,Berkeley,high
P::B::G633,withdrawn,2013-04-29,day,,2020-12-31,Berkeley,high
P::B::G634,withdrawn,2012-12-27,day,,2020-12-31,Berkeley,high
P::B::G635,withdrawn,2012-12-27,day,,2020-12-31,Berkeley,high
P::B::G636,withdrawn,2014-10-22,day,,2020-12-31,Berkeley,high
P::B::G637,withdrawn,2016-12-13,day,,2020-12-31,Berkeley,high
P::B::G638,withdrawn,2013-11-07,day,,2020-12-31,Berkeley,high
P::B::G639,withdrawn,2006-08-10,day,,2020-12-31,Berkeley,high
P::B::G640,withdrawn,2013-04-03,day,,2020-12-31,Berkeley,high
P::B::G641,operational,2008-10-01,day,,,Berkeley,high
P::B::G642,withdrawn,2007-03-22,day,,2020-12-31,Berkeley,high
P::B::G643,withdrawn,2010-11-30,day,,2020-12-31,Berkeley,high
P::B::G644,withdrawn,2014-08-07,day,,2020-12-31,Berkeley,high
P::B::G645,operational,2008-10-01,day,,,Berkeley,high
P::B::G646,operational,2008-03-01,day,,,Berkeley,high
P::B::G647,withdrawn,2006-08-18,day,,2020-12-31,Berkeley,high
P::B::G648,withdrawn,2009-06-05,day,,2020-12-31,Berkeley,high
P::B::G649,withdrawn,2009-06-05,day,,2020-12-31,Berkeley,high
P::B::G650,withdrawn,2011-05-04,day,,2020-12-31,Berkeley,high
P::B::G651,withdrawn,2008-03-25,day,,2020-12-31,Berkeley,high
P::B::G652,withdrawn,2021-12-31,interval,,2021-12-31,Berkeley,medium
P::B::G653d,withdrawn,2007-03-29,day,,2020-12-31,Berkeley,high
P::B::G654,withdrawn,2010-05-10,day,,2020-12-31,Berkeley,high
P::B::G656,withdrawn,2009-05-26,day,,2020-12-31,Berkeley,high
P::B::G657,withdrawn,2013-10-23,day,,2020-12-31,Berkeley,high
P::B::G658,withdrawn,2013-10-21,day,,2020-12-31,Berkeley,high
P::B::G659,withdrawn,2007-05-24,day,,2020-12-31,Berkeley,high
P::B::G660,withdrawn,2009-02-09,day,,2020-12-31,Berkeley,high
P::B::G661,withdrawn,2010-06-18,day,,2020-12-31,Berkeley,high
P::B::G662,withdrawn,2010-08-05,day,,2020-12-31,Berkeley,high
P::B::G663,withdrawn,2013-10-09,day,,2020-12-31,Berkeley,high
P::B::G666,withdrawn,2009-05-26,day,,2020-12-31,Berkeley,high
P::B::G667,operational,2007-11-01,day,,,Berkeley,high
P::B::G668,withdrawn,2012-07-25,day,,2020-12-31,Berkeley,high
P::B::G669,withdrawn,2006-09-01,day,,2020-12-31,Berkeley,high
P::B::G670,withdrawn,2011-10-04,day,,2020-12-31,Berkeley,high
P::B::G671,withdrawn,2007-03-26,day,,2020-12-31,Berkeley,high
P::B::G674,operational,2008-04-01,day,,,Berkeley,high
P::B::G675,operational,2008-04-01,day,,,Berkeley,high
P::B::G677,withdrawn,2010-08-25,day,,2020-12-31,Berkeley,high
P::B::G678,withdrawn,2006-11-17,day,,2020-12-31,Berkeley,high
P::B::G679,withdrawn,2006-09-28,day,,2020-12-31,Berkeley,high
P::B::G680,withdrawn,2013-06-10,day,,2020-12-31,Berkeley,high
P::B::G681,withdrawn,2013-06-27,day,,2020-12-31,Berkeley,high
P::B::G683,withdrawn,2009-02-06,day,,2020-12-31,Berkeley,high
P::B::G684,withdrawn,2007-01-08,day,,2020-12-31,Berkeley,high
P::B::G685,operational,2008-11-01,day,,,Berkeley,high
P::B::G687,withdrawn,2009-05-04,day,,2020-12-31,Berkeley,high
P::B::G688,withdrawn,2007-01-08,day,,2020-12-31,Berkeley,high
P::B::G689,operational,2008-10-15,day,,,Berkeley,high
P::B::G690,withdrawn,2011-11-01,day,,2020-12-31,Berkeley,high
P::B::G691,withdrawn,2009-11-17,day,,2020-12-31,Berkeley,high
P::B::G694,withdrawn,2009-07-16,day,,2020-12-31,Berkeley,high
P::B::G695,withdrawn,2012-07-30,day,,2020-12-31,Berkeley,high
P::B::G696,withdrawn,2017-04-04,day,,2020-12-31,Berkeley,high
P::B::G697,withdrawn,2014-09-18,day,,2020-12-31,Berkeley,high
P::B::G698,withdrawn,2010-03-26,day,,2020-12-31,Berkeley,high
P::B::G699,withdrawn,2012-07-18,day,,2020-12-31,Berkeley,high
P::B::G700,withdrawn,2007-11-27,day,,2020-12-31,Berkeley,high
P::B::G701,withdrawn,2007-12-26,day,,2020-12-31,Berkeley,high
P::B::G702,withdrawn,2007-01-19,day,,2020-12-31,Berkeley,high
P::B::G703,withdrawn,2012-04-23,day,,2020-12-31,Berkeley,high
P::B::G704,withdrawn,2012-04-23,day,,2020-12-31,Berkeley,high
P::B::G705,withdrawn,2012-04-23,day,,2020-12-31,Berkeley,high
P::B::G706,operational,2008-11-01,day,,,Berkeley,high
P::B::G710,withdrawn,2009-01-05,day,,2020-12-31,Berkeley,high
P::B::G712,withdrawn,2008-12-01,day,,2020-12-31,Berkeley,high
P::B::G713,withdrawn,2011-05-04,day,,2020-12-31,Berkeley,high
P::B::G715,withdrawn,2007-03-26,day,,2020-12-31,Berkeley,high
P::B::G716,withdrawn,2007-05-04,day,,2020-12-31,Berkeley,high
P::B::G718,withdrawn,2007-01-23,day,,2020-12-31,Berkeley,high
P::B::G719,withdrawn,2007-01-23,day,,2020-12-31,Berkeley,high
P::B::G720,withdrawn,2009-03-05,day,,2020-12-31,Berkeley,high
P::B::G721,withdrawn,2012-05-22,day,,2020-12-31,Berkeley,high
P::B::G722,withdrawn,2012-07-30,day,,2020-12-31,Berkeley,high
P::B::G723,operational,2008-08-15,day,,,Berkeley,high
P::B::G724,withdrawn,2009-04-08,day,,2020-12-31,Berkeley,high
P::B::G725,operational,2008-12-31,day,,,Berkeley,high
P::B::G726,operational,2008-06-01,day,,,Berkeley,high
P::B::G727,withdrawn,2010-05-12,day,,2020-12-31,Berkeley,high
P::B::G728,withdrawn,2007-02-28,day,,2020-12-31,Berkeley,high
P::B::G729,withdrawn,2007-03-19,day,,2020-12-31,Berkeley,high
P::B::G730,withdrawn,2007-04-23,day,,2020-12-31,Berkeley,high
P::B::G731,withdrawn,2010-08-26,day,,2020-12-31,Berkeley,high
P::B::G732,withdrawn,2007-02-22,day,,2020-12-31,Berkeley,high
P::B::G733,withdrawn,2010-12-28,day,,2020-12-31,Berkeley,high
P::B::G734,withdrawn,2011-05-04,day,,2020-12-31,Berkeley,high
P::B::G735,operational,2017-12-31,day,,,Berkeley,high
P::B::G736,operational,2019-12-01,day,,,Berkeley,high
P::B::G737,withdrawn,2011-05-04,day,,2020-12-31,Berkeley,high
P::B::G738,withdrawn,2008-11-14,day,,2020-12-31,Berkeley,high
P::B::G739,withdrawn,2007-03-02,day,,2020-12-31,Berkeley,high
P::B::G740,withdrawn,2013-09-03,day,,2020-12-31,Berkeley,high
P::B::G741,operational,2011-03-11,day,,,Berkeley,high
P::B::G742,withdrawn,2011-09-14,day,,2020-12-31,Berkeley,high
P::B::G743,operational,2009-12-01,day,,,Berkeley,high
P::B::G744,withdrawn,2009-03-17,day,,2020-12-31,Berkeley,high
P::B::G745,withdrawn,2008-11-12,day,,2020-12-31,Berkeley,high
P::B::G746,withdrawn,2021-12-31,interval,,2021-12-31,Berkeley,medium
P::B::G747,withdrawn,2009-04-27,day,,2020-12-31,Berkeley,high
P::B::G749,withdrawn,2021-12-31,interval,,2021-12-31,Berkeley,medium
P::B::G750,withdrawn,2009-03-02,day,,2020-12-31,Berkeley,high
P::B::G751,withdrawn,2011-05-04,day,,2020-12-31,Berkeley,high
P::B::G752,operational,2009-09-30,day,,,Berkeley,high
P::B::G753,withdrawn,2010-12-23,day,,2020-12-31,Berkeley,high
P::B::G754,withdrawn,2008-12-08,day,,2020-12-31,Berkeley,high
P::B::G755,withdrawn,2008-12-10,day,,2020-12-31,Berkeley,high
P::B::G756,withdrawn,2007-04-05,day,,2020-12-31,Berkeley,high
P::B::G757,withdrawn,2011-11-15,day,,2020-12-31,Berkeley,high
P::B::G758,withdrawn,2008-12-08,day,,2020-12-31,Berkeley,high
P::B::G759,withdrawn,2015-03-17,day,,2020-12-31,Berkeley,high
P::B::G760,withdrawn,2007-03-22,day,,2020-12-31,Berkeley,high
P::B::G761,operational,2014-12-30,day,,,Berkeley,high
P::B::G762,withdrawn,2013-08-21,day,,2020-12-31,Berkeley,high
P::B::G763,withdrawn,2012-02-03,day,,2020-12-31,Berkeley,high
P::B::G764,withdrawn,2012-07-03,day,,2020-12-31,Berkeley,high
P::B::G765,withdrawn,2012-06-20,day,,2020-12-31,Berkeley,high
P::B::G766,withdrawn,2009-02-18,day,,2020-12-31,Berkeley,high
P::B::G767,operational,2009-12-01,day,,,Berkeley,high
P::B::G768,withdrawn,2012-06-26,day,,2020-12-31,Berkeley,high
P::B::G769,withdrawn,2012-06-26,day,,2020-12-31,Berkeley,high
P::B::G770,withdrawn,2010-08-02,day,,2020-12-31,Berkeley,high
P::B::G771,withdrawn,2013-08-07,day,,2020-12-31,Berkeley,high
P::B::G772,withdrawn,2011-05-04,day,,2020-12-31,Berkeley,high
P::B::G773,withdrawn,2021-12-31,interval,,2021-12-31,Berkeley,medium
P::B::G774,withdrawn,2010-04-09,day,,2020-12-31,Berkeley,high
P::B::G775,withdrawn,2015-02-18,day,,2020-12-31,Berkeley,high
P::B::G776,withdrawn,2011-05-04,day,,2020-12-31,Berkeley,high
P::B::G777,withdrawn,2011-05-04,day,,2020-12-31,Berkeley,high
P::B::G778,withdrawn,2013-01-24,day,,2020-12-31,Berkeley,high
P::B::G779,withdrawn,2012-03-16,day,,2020-12-31,Berkeley,high
P::B::G780,operational,2009-01-01,day,,,Berkeley,high
P::B::G781,withdrawn,2011-05-04,day,,2020-12-31,Berkeley,high
P::B::G782,withdrawn,2010-02-26,day,,2020-12-31,Berkeley,high
P::B::G783,withdrawn,2011-05-04,day,,2020-12-31,Berkeley,high
P::B::G784,withdrawn,2011-05-04,day,,2020-12-31,Berkeley,high
P::B::G788,operational,2011-08-01,day,,,Berkeley,high
P::B::G789,withdrawn,2011-12-30,day,,2020-12-31,Berkeley,high
P::B::G790,withdrawn,2010-12-28,day,,2020-12-31,Berkeley,high
P::B::G792,withdrawn,2012-07-25,day,,2020-12-31,Berkeley,high
P::B::G793,withdrawn,2009-04-08,day,,2020-12-31,Berkeley,high
P::B::G794,active_censored,2023-12-31,observation,2023-12-31,,Berkeley,high
P::B::G795,withdrawn,2007-04-30,day,,2020-12-31,Berkeley,high
P::B::G796,withdrawn,2010-08-09,day,,2020-12-31,Berkeley,high
P::B::G797,withdrawn,2010-12-16,day,,2020-12-31,Berkeley,high
P::B::G798,operational,2008-12-01,day,,,Berkeley,high
P::B::G799,withdrawn,2008-06-02,day,,2020-12-31,Berkeley,high
P::B::G800,withdrawn,2010-04-15,day,,2020-12-31,Berkeley,high
P::B::G801,withdrawn,2010-12-28,day,,2020-12-31,Berkeley,high
P::B::G802,withdrawn,2011-05-04,day,,2020-12-31,Berkeley,high
P::B::G803,withdrawn,2011-05-04,day,,2020-12-31,Berkeley,high
P::B::G804,withdrawn,2011-05-04,day,,2020-12-31,Berkeley,high
P::B::G805,withdrawn,2011-04-12,day,,2020-12-31,Berkeley,high
P::B::G806,operational,2016-09-01,day,,,Berkeley,high
P::B::G807,withdrawn,2021-12-31,interval,,2021-12-31,Berkeley,medium
P::B::G809,operational,2009-12-01,day,,,Berkeley,high
P::B::G810,withdrawn,2011-05-04,day,,2020-12-31,Berkeley,high
P::B::G812,withdrawn,2015-04-23,day,,2020-12-31,Berkeley,high
P::B::G813,withdrawn,2012-07-02,day,,2020-12-31,Berkeley,high
P::B::G814,withdrawn,2010-10-12,day,,2020-12-31,Berkeley,high
P::B::G817,withdrawn,2015-09-23,day,,2020-12-31,Berkeley,high
P::B::G818,withdrawn,2015-11-09,day,,2020-12-31,Berkeley,high
P::B::G820,withdrawn,2012-01-26,day,,2020-12-31,Berkeley,high
P::B::G821,withdrawn,2015-01-08,day,,2020-12-31,Berkeley,high
P::B::G823,withdrawn,2012-06-19,day,,2020-12-31,Berkeley,high
P::B::G824,withdrawn,2011-01-05,day,,2020-12-31,Berkeley,high
P::B::G825,withdrawn,2012-06-26,day,,2020-12-31,Berkeley,high
P::B::G826,operational,2010-08-15,day,,,Berkeley,high
P::B::G827,withdrawn,2011-04-22,day,,2020-12-31,Berkeley,high
P::B::G828,withdrawn,2011-01-05,day,,2020-12-31,Berkeley,high
P::B::G829,withdrawn,2014-10-21,day,,2020-12-31,Berkeley,high
P::B::G830,operational,2010-08-15,day,,,Berkeley,high
P::B::G831,withdrawn,2012-10-09,day,,2020-12-31,Berkeley,high
P::B::G832,withdrawn,2008-10-13,day,,2020-12-31,Berkeley,high
P::B::G833,operational,2009-08-01,day,,,Berkeley,high
P::B::G834,operational,2008-12-31,day,,,Berkeley,high
P::B::G835,withdrawn,2009-03-06,day,,2020-12-31,Berkeley,high
P::B::G836,withdrawn,2009-03-06,day,,2020-12-31,Berkeley,high
P::B::G837,operational,2010-09-15,day,,,Berkeley,high
P::B::G841,withdrawn,2010-08-09,day,,2020-12-31,Berkeley,high
P::B::G842,withdrawn,2010-08-09,day,,2020-12-31,Berkeley,high
P::B::G843,withdrawn,2013-11-07,day,,2020-12-31,Berkeley,high
P::B::G844,withdrawn,2012-06-20,day,,2020-12-31,Berkeley,high
P::B::G845,withdrawn,2008-09-25,day,,2020-12-31,Berkeley,high
P::B::G846,withdrawn,2011-02-17,day,,2020-12-31,Berkeley,high
P::B::G847,withdrawn,2010-04-01,day,,2020-12-31,Berkeley,high
P::B::G848,operational,2007-11-15,day,,,Berkeley,high
P::B::G849,operational,2016-06-07,day,,,Berkeley,high
P::B::G850,withdrawn,2008-06-24,day,,2020-12-31,Berkeley,high
P::B::G851,withdrawn,2008-06-24,day,,2020-12-31,Berkeley,high
P::B::G852,withdrawn,2011-10-10,day,,2020-12-31,Berkeley,high
P::B::G853,withdrawn,2011-05-04,day,,2020-12-31,Berkeley,high
P::B::G854,withdrawn,2009-05-19,day,,2020-12-31,Berkeley,high
P::B::G855,withdrawn,2012-07-18,day,,2020-12-31,Berkeley,high
P::B::G857,withdrawn,2011-05-02,day,,2020-12-31,Berkeley,high
P::B::G858,operational,2009-12-01,day,,,Berkeley,high
P::B::G859,withdrawn,2013-01-30,day,,2020-12-31,Berkeley,high
P::B::G860,withdrawn,2010-04-01,day,,2020-12-31,Berkeley,high
P::B::G861,withdrawn,2011-05-04,day,,2020-12-31,Berkeley,high
P::B::G864,withdrawn,2012-09-05,day,,2020-12-31,Berkeley,high
P::B::G865,withdrawn,2012-09-05,day,,2020-12-31,Berkeley,high
P::B::G867,withdrawn,2016-04-14,day,,2020-12-31,Berkeley,high
P::B::G868,operational,2009-07-01,day,,,Berkeley,high
P::B::G869,withdrawn,2009-03-05,day,,2020-12-31,Berkeley,high
P::B::G870,operational,2009-12-01,day,,,Berkeley,high
P::B::G871,withdrawn,2011-05-27,day,,2020-12-31,Berkeley,high
P::B::G872,withdrawn,2010-05-27,day,,2020-12-31,Berkeley,high
P::B::G873,withdrawn,2013-04-11,day,,2020-12-31,Berkeley,high
P::B::G875,withdrawn,2013-02-11,day,,2020-12-31,Berkeley,high
P::B::G876,operational,2009-12-31,day,,,Berkeley,high
P::B::G877,operational,2010-12-31,day,,,Berkeley,high
P::B::G878,withdrawn,2010-05-12,day,,2020-12-31,Berkeley,high
P::B::G879,withdrawn,2012-10-09,day,,2020-12-31,Berkeley,high
P::B::G882,withdrawn,2009-09-08,day,,2020-12-31,Berkeley,high
P::B::G883,withdrawn,2009-03-31,day,,2020-12-31,Berkeley,high
P::B::G884,withdrawn,2009-05-20,day,,2020-12-31,Berkeley,high
P::B::G885,withdrawn,2011-03-18,day,,2020-12-31,Berkeley,high
P::B::G887,withdrawn,2011-02-07,day,,2020-12-31,Berkeley,high
P::B::G888,withdrawn,2010-12-28,day,,2020-12-31,Berkeley,high
P::B::G889,operational,2008-02-28,day,,,Berkeley,high
P::B::G890,withdrawn,2011-05-04,day,,2020-12-31,Berkeley,high
P::B::G891,withdrawn,2008-11-03,day,,2020-12-31,Berkeley,high
P::B::G893,withdrawn,2010-12-28,day,,2020-12-31,Berkeley,high
P::B::G894,withdrawn,2012-05-07,day,,2020-12-31,Berkeley,high
P::B::G895,withdrawn,2008-12-01,day,,2020-12-31,Berkeley,high
P::B::G896,withdrawn,2008-12-01,day,,2020-12-31,Berkeley,high
P::B::G897,withdrawn,2008-06-11,day,,2020-12-31,Berkeley,high
P::B::G898,withdrawn,2008-06-11,day,,2020-12-31,Berkeley,high
P::B::G899,withdrawn,2008-06-18,day,,2020-12-31,Berkeley,high
P::B::G900,withdrawn,2008-06-18,day,,2020-12-31,Berkeley,high
P::B::G901,withdrawn,2008-12-23,day,,2020-12-31,Berkeley,high
P::B::G902,withdrawn,2008-08-19,day,,2020-12-31,Berkeley,high
P::B::G903,withdrawn,2011-08-22,day,,2020-12-31,Berkeley,high
P::B::G904,withdrawn,2013-08-05,day,,2020-12-31,Berkeley,high
P::B::G905,operational,2011-12-31,day,,,Berkeley,high
P::B::G906,withdrawn,2012-03-06,day,,2020-12-31,Berkeley,high
P::B::G907,withdrawn,2010-11-08,day,,2020-12-31,Berkeley,high
P::B::G908,withdrawn,2011-12-29,day,,2020-12-31,Berkeley,high
P::B::G909,withdrawn,2011-12-29,day,,2020-12-31,Berkeley,high
P::B::G910,withdrawn,2011-05-04,day,,2020-12-31,Berkeley,high
P::B::G911,withdrawn,2011-05-04,day,,2020-12-31,Berkeley,high
P::B::G912,withdrawn,2011-05-04,day,,2020-12-31,Berkeley,high
P::B::G913,withdrawn,2011-05-04,day,,2020-12-31,Berkeley,high
P::B::G914,withdrawn,2008-10-31,day,,2020-12-31,Berkeley,high
P::B::G915,withdrawn,2008-10-31,day,,2020-12-31,Berkeley,high
P::B::G916,withdrawn,2014-05-28,day,,2020-12-31,Berkeley,high
P::B::G918,withdrawn,2009-07-09,day,,2020-12-31,Berkeley,high
P::B::G920,operational,2011-12-31,day,,,Berkeley,high
P::B::G921,operational,2021-12-31,observation,,,Berkeley,medium
P::B::G922,withdrawn,2010-11-15,day,,2020-12-31,Berkeley,high
P::B::G923,withdrawn,2009-05-19,day,,2020-12-31,Berkeley,high
P::B::G924,withdrawn,2009-08-20,day,,2020-12-31,Berkeley,high
P::B::G925,withdrawn,2012-10-08,day,,2020-12-31,Berkeley,high
P::B::G927,withdrawn,2021-12-31,interval,,2021-12-31,Berkeley,medium
P::B::G929,operational,2010-10-01,day,,,Berkeley,high
P::B::G930,operational,2009-05-01,day,,,Berkeley,high
P::B::G931,operational,2009-03-15,day,,,Berkeley,high
P::B::G932,withdrawn,2008-10-31,day,,2020-12-31,Berkeley,high
P::B::G934,operational,2020-12-01,day,,,Berkeley,high
P::B::G935,withdrawn,2012-10-02,day,,2020-12-31,Berkeley,high
P::B::G937,withdrawn,2009-07-07,day,,2020-12-31,Berkeley,high
P::B::G938,operational,2010-10-01,day,,,Berkeley,high
P::B::G939,withdrawn,2015-01-30,day,,2020-12-31,Berkeley,high
P::B::G940,withdrawn,2009-03-06,day,,2020-12-31,Berkeley,high
P::B::G941,operational,2012-06-01,day,,,Berkeley,high
P::B::G942,withdrawn,2010-06-18,day,,2020-12-31,Berkeley,high
P::B::G943,withdrawn,2009-11-17,day,,2020-12-31,Berkeley,high
P::B::G944,withdrawn,2009-11-17,day,,2020-12-31,Berkeley,high
P::B::G947,operational,2011-12-01,day,,,Berkeley,high
P::B::G948,withdrawn,2014-10-15,day,,2020-12-31,Berkeley,high
P::B::G949,withdrawn,2012-03-06,day,,2020-12-31,Berkeley,high
P::B::G950,withdrawn,2009-02-09,day,,2020-12-31,Berkeley,high
P::B::G951,withdrawn,2012-09-18,day,,2020-12-31,Berkeley,high
P::B::G952,withdrawn,2010-12-28,day,,2020-12-31,Berkeley,high
P::B::G953,withdrawn,2009-02-12,day,,2020-12-31,Berkeley,high
P::B::G954,withdrawn,2009-02-12,day,,2020-12-31,Berkeley,high
P::B::G955,withdrawn,2009-02-12,day,,2020-12-31,Berkeley,high
P::B::G956,withdrawn,2009-02-12,day,,2020-12-31,Berkeley,high
P::B::G957,withdrawn,2012-07-26,day,,2020-12-31,Berkeley,high
P::B::G958,withdrawn,2010-08-04,day,,2020-12-31,Berkeley,high
P::B::G959,withdrawn,2011-09-20,day,,2020-12-31,Berkeley,high
P::B::G960,withdrawn,2011-09-20,day,,2020-12-31,Berkeley,high
P::B::G961,withdrawn,2011-09-20,day,,2020-12-31,Berkeley,high
P::B::G962,withdrawn,2013-07-30,day,,2020-12-31,Berkeley,high
P::B::G963,withdrawn,2012-02-15,day,,2020-12-31,Berkeley,high
P::B::G964,withdrawn,2012-12-27,day,,2020-12-31,Berkeley,high
P::B::G965,withdrawn,2011-04-27,day,,2020-12-31,Berkeley,high
P::B::G966,withdrawn,2012-08-28,day,,2020-12-31,Berkeley,high
P::B::G967,withdrawn,2021-12-31,interval,,2021-12-31,Berkeley,medium
P::B::G968,withdrawn,2013-05-13,day,,2020-12-31,Berkeley,high
P::B::G969,withdrawn,2008-05-14,day,,2020-12-31,Berkeley,high
P::B::G970,withdrawn,2011-05-04,day,,2020-12-31,Berkeley,high
P::B::G971,operational,2009-11-01,day,,,Berkeley,high
P::B::G972,withdrawn,2012-07-18,day,,2020-12-31,Berkeley,high
P::B::G973,withdrawn,2010-07-29,day,,2020-12-31,Berkeley,high
P::B::G975,withdrawn,2011-01-18,day,,2020-12-31,Berkeley,high
P::B::G976,withdrawn,2012-07-05,day,,2020-12-31,Berkeley,high
P::B::G977,withdrawn,2009-11-17,day,,2020-12-31,Berkeley,high
P::B::G978,withdrawn,2012-03-21,day,,2020-12-31,Berkeley,high
P::B::G979,withdrawn,2011-06-07,day,,2020-12-31,Berkeley,high
P::B::G980,withdrawn,2010-03-26,day,,2020-12-31,Berkeley,high
P::B::G981,withdrawn,2011-11-15,day,,2020-12-31,Berkeley,high
P::B::G982,withdrawn,2012-05-07,day,,2020-12-31,Berkeley,high
P::B::G983,operational,2010-07-01,day,,,Berkeley,high
P::B::G984,operational,2011-10-01,day,2024-12-31,,Berkeley,high
P::B::G985,withdrawn,2010-12-28,day,,2020-12-31,Berkeley,high
P::B::G986,withdrawn,2008-11-12,day,,2020-12-31,Berkeley,high
P::B::G987,withdrawn,2008-11-12,day,,2020-12-31,Berkeley,high
P::B::G988,withdrawn,2012-01-30,day,,2020-12-31,Berkeley,high
P::B::G989,operational,2010-12-01,day,,,Berkeley,high
P::B::G990,operational,2011-06-01,day,,,Berkeley,high
P::B::G991,withdrawn,2012-09-05,day,,2020-12-31,Berkeley,high
P::B::G992,withdrawn,2008-12-31,day,,2020-12-31,Berkeley,high
P::B::G993,withdrawn,2008-05-15,day,,2020-12-31,Berkeley,high
P::B::G994,withdrawn,2011-11-15,day,,2020-12-31,Berkeley,high
P::B::G995,withdrawn,2008-10-22,day,,2020-12-31,Berkeley,high
P::B::G996,operational,2010-12-05,day,,,Berkeley,high
P::B::G997,operational,2009-06-30,day,,,Berkeley,high
P::B::G998,withdrawn,2008-11-18,day,,2020-12-31,Berkeley,high
P::B::G999,withdrawn,2008-11-18,day,,2020-12-31,Berkeley,high
P::B::H001,withdrawn,2012-03-30,day,,2020-12-31,Berkeley,high
P::B::H002,withdrawn,2012-04-18,day,,2020-12-31,Berkeley,high
P::B::H003,withdrawn,2012-08-03,day,,2020-12-31,Berkeley,high
P::B::H004,withdrawn,2009-05-14,day,,2020-12-31,Berkeley,high
P::B::H005,withdrawn,2009-08-20,day,,2020-12-31,Berkeley,high
P::B::H006,withdrawn,2011-06-07,day,,2020-12-31,Berkeley,high
P::B::H007,operational,2015-10-15,day,,,Berkeley,high
P::B::H008,operational,2011-12-31,day,,,Berkeley,high
P::B::H009,operational,2010-12-31,day,,,Berkeley,high
P::B::H010,withdrawn,2008-06-10,day,,2020-12-31,Berkeley,high
P::B::H011,withdrawn,2012-12-27,day,,2020-12-31,Berkeley,high
P::B::H012,operational,2011-12-31,day,,,Berkeley,high
P::B::H013,withdrawn,2008-11-18,day,,2020-12-31,Berkeley,high
P::B::H014,withdrawn,2008-11-18,day,,2020-12-31,Berkeley,high
P::B::H015,withdrawn,2008-11-18,day,,2020-12-31,Berkeley,high
P::B::H016,withdrawn,2014-10-21,day,,2020-12-31,Berkeley,high
P::B::H017,withdrawn,2012-06-26,day,,2020-12-31,Berkeley,high
P::B::H018,withdrawn,2012-06-26,day,,2020-12-31,Berkeley,high
P::B::H019,withdrawn,2011-01-05,day,,2020-12-31,Berkeley,high
P::B::H020,withdrawn,2012-08-23,day,,2020-12-31,Berkeley,high
P::B::H021,operational,2010-12-31,day,,,Berkeley,high
P::B::H022,withdrawn,2012-11-02,day,,2020-12-31,Berkeley,high
P::B::H023,withdrawn,2008-06-03,day,,2020-12-31,Berkeley,high
P::B::H024,withdrawn,2010-02-10,day,,2020-12-31,Berkeley,high
P::B::H025,withdrawn,2011-09-20,day,,2020-12-31,Berkeley,high
P::B::H026,withdrawn,2012-09-05,day,,2020-12-31,Berkeley,high
P::B::H027,withdrawn,2011-11-03,day,,2020-12-31,Berkeley,high
P::B::H028,withdrawn,2012-02-15,day,,2020-12-31,Berkeley,high
P::B::H029,withdrawn,2010-12-22,day,,2020-12-31,Berkeley,high
P::B::H030,withdrawn,2010-12-01,day,,2020-12-31,Berkeley,high
P::B::H031,withdrawn,2011-09-19,day,,2020-12-31,Berkeley,high
P::B::H032,withdrawn,2008-09-15,day,,2020-12-31,Berkeley,high
P::B::H033,withdrawn,2012-02-22,day,,2020-12-31,Berkeley,high
P::B::H034,withdrawn,2009-11-10,day,,2020-12-31,Berkeley,high
P::B::H035,withdrawn,2008-07-17,day,,2020-12-31,Berkeley,high
P::B::H036,withdrawn,2008-12-23,day,,2020-12-31,Berkeley,high
P::B::H037,active_censored,2025-12-31,observation,2025-12-31,,Berkeley,high
P::B::H038,withdrawn,2010-02-19,day,,2020-12-31,Berkeley,high
P::B::H039,withdrawn,2008-10-09,day,,2020-12-31,Berkeley,high
P::B::H040,withdrawn,2008-08-13,day,,2020-12-31,Berkeley,high
P::B::H041,withdrawn,2013-08-13,day,,2020-12-31,Berkeley,high
P::B::H042,withdrawn,2011-10-12,day,,2020-12-31,Berkeley,high
P::B::H043,withdrawn,2010-03-29,day,,2020-12-31,Berkeley,high
P::B::H044,withdrawn,2011-01-05,day,,2020-12-31,Berkeley,high
P::B::H045,withdrawn,2011-10-12,day,,2020-12-31,Berkeley,high
P::B::H046,withdrawn,2011-01-05,day,,2020-12-31,Berkeley,high
P::B::H047,withdrawn,2012-06-26,day,,2020-12-31,Berkeley,high
P::B::H048,withdrawn,2014-03-19,day,,2020-12-31,Berkeley,high
P::B::H049,withdrawn,2012-06-26,day,,2020-12-31,Berkeley,high
P::B::H050,withdrawn,2012-06-26,day,,2020-12-31,Berkeley,high
P::B::H051,withdrawn,2011-01-05,day,,2020-12-31,Berkeley,high
P::B::H052,withdrawn,2011-10-12,day,,2020-12-31,Berkeley,high
P::B::H053,withdrawn,2010-03-29,day,,2020-12-31,Berkeley,high
P::B::H054,withdrawn,2010-03-29,day,,2020-12-31,Berkeley,high
P::B::H055,withdrawn,2011-10-12,day,,2020-12-31,Berkeley,high
P::B::H056,withdrawn,2011-01-05,day,,2020-12-31,Berkeley,high
P::B::H057,withdrawn,2012-06-26,day,,2020-12-31,Berkeley,high
P::B::H058,withdrawn,2014-03-19,day,,2020-12-31,Berkeley,high
P::B::H059,withdrawn,2012-06-26,day,,2020-12-31,Berkeley,high
P::B::H060,withdrawn,2009-01-20,day,,2020-12-31,Berkeley,high
P::B::H061,withdrawn,2014-06-13,day,,2021-12-31,Berkeley,high
P::B::H062,withdrawn,2014-06-07,day,,2021-12-31,Berkeley,high
P::B::H063,withdrawn,2008-10-23,day,,2020-12-31,Berkeley,high
P::B::H064,withdrawn,2008-10-30,day,,2020-12-31,Berkeley,high
P::B::H065,withdrawn,2012-05-10,day,,2020-12-31,Berkeley,high
P::B::H066,withdrawn,2008-10-30,day,,2020-12-31,Berkeley,high
P::B::H067,withdrawn,2021-12-31,interval,,2021-12-31,Berkeley,medium
P::B::H068,withdrawn,2010-03-01,day,,2020-12-31,Berkeley,high
P::B::H069,withdrawn,2012-06-26,day,,2020-12-31,Berkeley,high
P::B::H070,withdrawn,2011-01-05,day,,2020-12-31,Berkeley,high
P::B::H071,operational,2011-12-31,day,,,Berkeley,high
P::B::H072,withdrawn,2008-07-30,day,,2020-12-31,Berkeley,high
P::B::H073,withdrawn,2012-06-26,day,,2020-12-31,Berkeley,high
P::B::H074,withdrawn,2012-06-26,day,,2020-12-31,Berkeley,high
P::B::H075,withdrawn,2021-12-31,interval,,2021-12-31,Berkeley,medium
P::B::H076,withdrawn,2009-11-17,day,,2020-12-31,Berkeley,high
P::B::H077,withdrawn,2011-05-04,day,,2020-12-31,Berkeley,high
P::B::H078,operational,2011-12-31,day,,,Berkeley,high
P::B::H079,withdrawn,2008-12-01,day,,2020-12-31,Berkeley,high
P::B::H080,withdrawn,2008-10-13,day,,2020-12-31,Berkeley,high
P::B::H081,operational,2011-07-01,day,,,Berkeley,high
P::B::H082,withdrawn,2011-05-04,day,,2020-12-31,Berkeley,high
P::B::H083,withdrawn,2012-07-20,day,,2020-12-31,Berkeley,high
P::B::H084,withdrawn,2011-05-04,day,,2020-12-31,Berkeley,high
P::B::H085,withdrawn,2012-08-23,day,,2020-12-31,Berkeley,high
P::B::H086,withdrawn,2012-07-02,day,,2020-12-31,Berkeley,high
P::B::H087,withdrawn,2010-01-14,day,,2020-12-31,Berkeley,high
P::B::H088,withdrawn,2010-08-12,day,,2020-12-31,Berkeley,high
P::B::H089,withdrawn,2008-12-01,day,,2020-12-31,Berkeley,high
P::B::H090,withdrawn,2010-01-28,day,,2020-12-31,Berkeley,high
P::B::H091,withdrawn,2008-11-07,day,,2020-12-31,Berkeley,high
P::B::H092,operational,2010-12-31,day,,,Berkeley,high
P::B::H093,operational,2011-06-01,day,,,Berkeley,high
P::B::H094,operational,2010-12-31,day,,,Berkeley,high
P::B::H095,withdrawn,2011-05-04,day,,2020-12-31,Berkeley,high
P::B::H096,operational,2008-12-01,day,,,Berkeley,high
P::B::H097,withdrawn,2011-12-01,day,,2020-12-31,Berkeley,high
P::B::H098,withdrawn,2009-06-03,day,,2020-12-31,Berkeley,high
P::B::H099,withdrawn,2012-07-12,day,,2020-12-31,Berkeley,high
P::B::H100,operational,2012-12-31,day,,,Berkeley,high
P::B::H101,withdrawn,2013-11-07,day,,2020-12-31,Berkeley,high
P::B::IP01,withdrawn,2006-09-26,day,,2021-12-31,Berkeley,high
P::B::IP02,withdrawn,2005-05-01,day,,2020-12-31,Berkeley,high
P::B::IP03,withdrawn,2012-01-12,day,,2021-12-31,Berkeley,high
P::B::IP04,operational,2004-12-01,day,,,Berkeley,high
P::B::IP05,withdrawn,2004-10-21,day,,2020-12-31,Berkeley,high
P::B::IP08,withdrawn,2021-12-31,interval,,2021-12-31,Berkeley,medium
P::B::IP11,withdrawn,2004-10-21,day,,2020-12-31,Berkeley,high
P::B::IP12,withdrawn,2004-10-21,day,,2020-12-31,Berkeley,high
P::B::IP14,operational,2006-08-01,day,,,Berkeley,high
P::B::IP17,active_censored,2025-12-31,observation,2025-12-31,,Berkeley,high
P::B::J001,withdrawn,2011-10-12,day,,2020-12-31,Berkeley,high
P::B::J002,withdrawn,2010-12-22,day,,2020-12-31,Berkeley,high
P::B::J003,operational,2005-04-01,day,,,Berkeley,high
P::B::J004,withdrawn,2009-04-19,day,,2020-12-31,Berkeley,high
P::B::J005,withdrawn,2012-08-23,day,,2020-12-31,Berkeley,high
P::B::J006,withdrawn,2011-03-07,day,,2020-12-31,Berkeley,high
P::B::J007,withdrawn,2012-07-25,day,,2020-12-31,Berkeley,high
P::B::J008,withdrawn,2010-03-24,day,,2020-12-31,Berkeley,high
P::B::J009,withdrawn,2012-02-15,day,,2020-12-31,Berkeley,high
P::B::J010,withdrawn,2009-05-20,day,,2020-12-31,Berkeley,high
P::B::J011,withdrawn,2010-03-30,day,,2020-12-31,Berkeley,high
P::B::J012,withdrawn,2010-03-30,day,,2020-12-31,Berkeley,high
P::B::J013,withdrawn,2012-06-26,day,,2020-12-31,Berkeley,high
P::B::J014,withdrawn,2011-01-05,day,,2020-12-31,Berkeley,high
P::B::J015,withdrawn,2009-06-23,day,,2020-12-31,Berkeley,high
P::B::J016,withdrawn,2009-06-23,day,,2020-12-31,Berkeley,high
P::B::J017,withdrawn,2009-06-23,day,,2020-12-31,Berkeley,high
P::B::J018,withdrawn,2009-06-23,day,,2020-12-31,Berkeley,high
P::B::J019,withdrawn,2009-06-23,day,,2020-12-31,Berkeley,high
P::B::J020,operational,2013-12-31,day,,,Berkeley,high
P::B::J021,operational,2013-12-31,day,,,Berkeley,high
P::B::J022,operational,2008-08-01,day,,,Berkeley,high
P::B::J023,operational,2007-10-01,day,,,Berkeley,high
P::B::J024,withdrawn,2010-01-27,day,,2020-12-31,Berkeley,high
P::B::J025,operational,2010-01-01,day,,,Berkeley,high
P::B::J026,withdrawn,2015-06-05,day,,2020-12-31,Berkeley,high
P::B::J027,withdrawn,2013-01-30,day,,2020-12-31,Berkeley,high
P::B::J028,withdrawn,2021-12-31,interval,,2021-12-31,Berkeley,medium
P::B::J029,withdrawn,2010-11-29,day,,2020-12-31,Berkeley,high
P::B::J030,withdrawn,2021-12-31,interval,,2021-12-31,Berkeley,medium
P::B::J031,withdrawn,2010-04-09,day,,2020-12-31,Berkeley,high
P::B::J032,withdrawn,2017-02-28,day,,2020-12-31,Berkeley,high
P::B::J033,withdrawn,2021-12-31,interval,,2021-12-31,Berkeley,medium
P::B::J034,withdrawn,2017-01-25,day,,2020-12-31,Berkeley,high
P::B::J035,withdrawn,2021-12-31,interval,,2021-12-31,Berkeley,medium
P::B::J036,withdrawn,2014-04-22,day,,2020-12-31,Berkeley,high
P::B::J037,withdrawn,2009-11-13,day,,2020-12-31,Berkeley,high
P::B::J038,withdrawn,2011-04-08,day,,2020-12-31,Berkeley,high
P::B::J039,withdrawn,2010-03-26,day,,2020-12-31,Berkeley,high
P::B::J040,withdrawn,2021-12-31,interval,,2021-12-31,Berkeley,medium
P::B::J041,operational,2019-09-01,day,,,Berkeley,high
P::B::J042,withdrawn,2013-01-30,day,,2020-12-31,Berkeley,high
P::B::J043,operational,2010-09-01,day,,,Berkeley,high
P::B::J044,withdrawn,2012-03-19,day,,2020-12-31,Berkeley,high
P::B::J045,withdrawn,2012-12-27,day,,2020-12-31,Berkeley,high
P::B::J046,operational,2011-09-30,day,,,Berkeley,high
P::B::J047,withdrawn,2009-08-04,day,,2020-12-31,Berkeley,high
P::B::J048,withdrawn,2011-09-19,day,,2020-12-31,Berkeley,high
P::B::J049,withdrawn,2009-10-28,day,,2020-12-31,Berkeley,high
P::B::J050,withdrawn,2010-01-13,day,,2020-12-31,Berkeley,high
P::B::J051,withdrawn,2011-05-04,day,,2020-12-31,Berkeley,high
P::B::J052,operational,2011-09-01,day,,,Berkeley,high
P::B::J053,withdrawn,2021-12-31,interval,,2021-12-31,Berkeley,medium
P::B::J054,withdrawn,2014-06-26,day,,2020-12-31,Berkeley,high
P::B::J055,withdrawn,2009-10-01,day,,2020-12-31,Berkeley,high
P::B::J056,withdrawn,2013-06-14,day,,2020-12-31,Berkeley,high
P::B::J057,withdrawn,2011-06-01,day,,2020-12-31,Berkeley,high
P::B::J058,withdrawn,2017-02-28,day,,2020-12-31,Berkeley,high
P::B::J059,withdrawn,2010-10-20,day,,2020-12-31,Berkeley,high
P::B::J060,operational,2011-09-01,day,,,Berkeley,high
P::B::J061,withdrawn,2017-04-20,day,,2020-12-31,Berkeley,high
P::B::J062,withdrawn,2012-07-25,day,,2020-12-31,Berkeley,high
P::B::J063,withdrawn,2009-11-25,day,,2020-12-31,Berkeley,high
P::B::J064,withdrawn,2009-11-25,day,,2020-12-31,Berkeley,high
P::B::J065,withdrawn,2011-03-01,day,,2020-12-31,Berkeley,high
P::B::J066,withdrawn,2021-12-31,interval,,2021-12-31,Berkeley,medium
P::B::J067,withdrawn,2010-08-31,day,,2020-12-31,Berkeley,high
P::B::J068,withdrawn,2015-06-01,day,,2020-12-31,Berkeley,high
P::B::J069,operational,2011-09-30,day,,,Berkeley,high
P::B::J070,withdrawn,2012-06-11,day,,2020-12-31,Berkeley,high
P::B::J071,withdrawn,2011-08-11,day,,2020-12-31,Berkeley,high
P::B::J072,withdrawn,2012-02-15,day,,2020-12-31,Berkeley,high
P::B::J073,withdrawn,2012-08-23,day,,2020-12-31,Berkeley,high
P::B::J074,withdrawn,2012-03-13,day,,2020-12-31,Berkeley,high
P::B::J075,operational,2015-01-01,day,,,Berkeley,high
P::B::J076,withdrawn,2011-03-03,day,,2020-12-31,Berkeley,high
P::B::J077,withdrawn,2013-01-30,day,,2020-12-31,Berkeley,high
P::B::J078,withdrawn,2011-05-03,day,,2020-12-31,Berkeley,high
P::B::J079,withdrawn,2010-05-27,day,,2020-12-31,Berkeley,high
P::B::J080,withdrawn,2011-09-19,day,,2020-12-31,Berkeley,high
P::B::J081,withdrawn,2011-09-19,day,,2020-12-31,Berkeley,high
P::B::J082,withdrawn,2011-09-19,day,,2020-12-31,Berkeley,high
P::B::J083,withdrawn,2011-02-07,day,,2020-12-31,Berkeley,high
P::B::J084,withdrawn,2021-12-31,interval,,2021-12-31,Berkeley,medium
P::B::J085,withdrawn,2012-07-18,day,,2020-12-31,Berkeley,high
P::B::J086,withdrawn,2013-01-24,day,,2020-12-31,Berkeley,high
P::B::J087,withdrawn,2013-01-24,day,,2020-12-31,Berkeley,high
P::B::J088,withdrawn,2012-05-01,day,,2020-12-31,Berkeley,high
P::B::J089,operational,2012-06-01,day,,,Berkeley,high
P::B::J090,withdrawn,2012-08-23,day,,2020-12-31,Berkeley,high
P::B::J091,operational,2011-06-15,day,,,Berkeley,high
P::B::J092,withdrawn,2014-07-18,day,,2020-12-31,Berkeley,high
P::B::J093,withdrawn,2017-01-10,day,,2020-12-31,Berkeley,high
P::B::J094,withdrawn,2013-06-07,day,,2020-12-31,Berkeley,high
P::B::J095,withdrawn,2012-12-27,day,,2020-12-31,Berkeley,high
P::B::J096,withdrawn,2012-08-23,day,,2020-12-31,Berkeley,high
P::B::J097,withdrawn,2015-04-17,day,,2020-12-31,Berkeley,high
P::B::J098,withdrawn,2012-09-05,day,,2020-12-31,Berkeley,high
P::B::J099,withdrawn,2011-04-06,day,,2020-12-31,Berkeley,high
P::B::J100,withdrawn,2012-02-15,day,,2020-12-31,Berkeley,high
P::B::J101,withdrawn,2012-02-15,day,,2020-12-31,Berkeley,high
P::B::J102,operational,2013-09-30,day,,,Berkeley,high
P::B::J103,withdrawn,2012-02-15,day,,2020-12-31,Berkeley,high
P::B::J104,withdrawn,2010-02-25,day,,2020-12-31,Berkeley,high
P::B::J105,withdrawn,2012-10-07,day,,2020-12-31,Berkeley,high
P::B::J106,operational,2011-09-01,day,,,Berkeley,high
P::B::J107,withdrawn,2013-02-28,day,,2020-12-31,Berkeley,high
P::B::J108,withdrawn,2012-02-15,day,,2020-12-31,Berkeley,high
P::B::J109,withdrawn,2013-09-03,day,,2020-12-31,Berkeley,high
P::B::J110,operational,2011-08-15,day,,,Berkeley,high
P::B::J111,withdrawn,2011-05-24,day,,2020-12-31,Berkeley,high
P::B::J112,operational,2009-07-14,day,,,Berkeley,high
P::B::J113,withdrawn,2012-02-15,day,,2020-12-31,Berkeley,high
P::B::J114,withdrawn,2012-02-15,day,,2020-12-31,Berkeley,high
P::B::J115,withdrawn,2012-06-27,day,,2020-12-31,Berkeley,high
P::B::J116,withdrawn,2011-08-18,day,,2020-12-31,Berkeley,high
P::B::J117,withdrawn,2010-09-20,day,,2020-12-31,Berkeley,high
P::B::J118,withdrawn,2014-07-18,day,,2020-12-31,Berkeley,high
P::B::J119,withdrawn,2012-09-13,day,,2020-12-31,Berkeley,high
P::B::J120,withdrawn,2011-12-31,day,,2020-12-31,Berkeley,high
P::B::J121,withdrawn,2011-01-27,day,,2020-12-31,Berkeley,high
P::B::J122,operational,2012-09-30,day,,,Berkeley,high
P::B::J123,withdrawn,2013-03-14,day,,2020-12-31,Berkeley,high
P::B::J124,withdrawn,2011-06-01,day,,2020-12-31,Berkeley,high
P::B::J125,withdrawn,2012-05-11,day,,2020-12-31,Berkeley,high
P::B::J126,withdrawn,2012-07-20,day,,2020-12-31,Berkeley,high
P::B::J127,withdrawn,2011-06-01,day,,2020-12-31,Berkeley,high
P::B::J128,withdrawn,2012-08-28,day,,2020-12-31,Berkeley,high
P::B::J129,withdrawn,2011-04-22,day,,2020-12-31,Berkeley,high
P::B::J130,withdrawn,2011-04-22,day,,2020-12-31,Berkeley,high
P::B::J131,withdrawn,2012-06-26,day,,2020-12-31,Berkeley,high
P::B::J132,operational,2007-04-01,day,,,Berkeley,high
P::B::J133,withdrawn,2012-07-25,day,,2020-12-31,Berkeley,high
P::B::J134,withdrawn,2012-05-14,day,,2020-12-31,Berkeley,high
P::B::J135,withdrawn,2010-09-13,day,,2020-12-31,Berkeley,high
P::B::J136,withdrawn,2010-09-13,day,,2020-12-31,Berkeley,high
P::B::J137,withdrawn,2010-09-13,day,,2020-12-31,Berkeley,high
P::B::J138,withdrawn,2011-01-03,day,,2020-12-31,Berkeley,high
P::B::J139,withdrawn,2012-08-20,day,,2020-12-31,Berkeley,high
P::B::J140,withdrawn,2010-09-13,day,,2020-12-31,Berkeley,high
P::B::J141,withdrawn,2011-03-18,day,,2020-12-31,Berkeley,high
P::B::J142,operational,2021-12-31,observation,,,Berkeley,medium
P::B::J143,operational,2021-12-31,observation,,,Berkeley,medium
P::B::J144,withdrawn,2011-01-06,day,,2020-12-31,Berkeley,high
P::B::J145,operational,2004-06-07,day,,,Berkeley,high
P::B::J146,withdrawn,2011-05-13,day,,2020-12-31,Berkeley,high
P::B::J147,withdrawn,2013-03-18,day,,2020-12-31,Berkeley,high
P::B::J148,withdrawn,2010-07-13,day,,2020-12-31,Berkeley,high
P::B::J149,withdrawn,2011-12-30,day,,2020-12-31,Berkeley,high
P::B::J150,withdrawn,2015-08-10,day,,2020-12-31,Berkeley,high
P::B::J151,withdrawn,2012-12-27,day,,2020-12-31,Berkeley,high
P::B::J152,withdrawn,2011-08-15,day,,2020-12-31,Berkeley,high
P::B::J153,withdrawn,2012-07-05,day,,2020-12-31,Berkeley,high
P::B::J154,withdrawn,2012-05-17,day,,2020-12-31,Berkeley,high
P::B::J155,withdrawn,2014-04-21,day,,2020-12-31,Berkeley,high
P::B::J156,withdrawn,2015-01-08,day,,2020-12-31,Berkeley,high
P::B::J157,withdrawn,2012-03-19,day,,2020-12-31,Berkeley,high
P::B::J158,withdrawn,2013-09-09,day,,2020-12-31,Berkeley,high
P::B::J159,withdrawn,2010-11-03,day,,2020-12-31,Berkeley,high
P::B::J160,withdrawn,2010-10-19,day,,2020-12-31,Berkeley,high
P::B::J161,operational,2012-04-01,day,,,Berkeley,high
P::B::J162,withdrawn,2011-08-01,day,,2020-12-31,Berkeley,high
P::B::J163,withdrawn,2012-08-22,day,,2020-12-31,Berkeley,high
P::B::J164,withdrawn,2011-06-01,day,,2020-12-31,Berkeley,high
P::B::J165,withdrawn,2011-06-01,day,,2020-12-31,Berkeley,high
P::B::J166,withdrawn,2011-05-20,day,,2020-12-31,Berkeley,high
P::B::J167,withdrawn,2013-11-18,day,,2020-12-31,Berkeley,high
P::B::J168,withdrawn,2011-04-21,day,,2020-12-31,Berkeley,high
P::B::J169,withdrawn,2010-10-18,day,,2020-12-31,Berkeley,high
P::B::J170,withdrawn,2012-07-18,day,,2020-12-31,Berkeley,high
P::B::J171,operational,2010-04-01,day,,,Berkeley,high
P::B::J172,withdrawn,2011-06-01,day,,2020-12-31,Berkeley,high
P::B::J173,withdrawn,2011-06-01,day,,2020-12-31,Berkeley,high
P::B::J174,operational,2011-09-30,day,,,Berkeley,high
P::B::J175,withdrawn,2011-09-09,day,,2020-12-31,Berkeley,high
P::B::J176,withdrawn,2012-08-20,day,,2020-12-31,Berkeley,high
P::B::J177,withdrawn,2013-09-09,day,,2020-12-31,Berkeley,high
P::B::J178,withdrawn,2012-02-07,day,,2020-12-31,Berkeley,high
P::B::J179,withdrawn,2011-08-30,day,,2020-12-31,Berkeley,high
P::B::J180,withdrawn,2011-08-30,day,,2020-12-31,Berkeley,high
P::B::J181,withdrawn,2011-06-01,day,,2020-12-31,Berkeley,high
P::B::J182,withdrawn,2013-06-26,day,,2020-12-31,Berkeley,high
P::B::J183,operational,2021-12-31,observation,,,Berkeley,medium
P::B::J184,withdrawn,2014-10-21,day,,2020-12-31,Berkeley,high
P::B::J185,withdrawn,2013-05-29,day,,2020-12-31,Berkeley,high
P::B::J186,withdrawn,2014-03-12,day,,2020-12-31,Berkeley,high
P::B::J187,withdrawn,2012-08-31,day,,2020-12-31,Berkeley,high
P::B::J188,withdrawn,2012-07-10,day,,2020-12-31,Berkeley,high
P::B::J189,withdrawn,2012-07-12,day,,2020-12-31,Berkeley,high
P::B::J190,withdrawn,2017-07-21,day,,2020-12-31,Berkeley,high
P::B::J191,operational,2012-09-01,day,,,Berkeley,high
P::B::J192,withdrawn,2012-05-17,day,,2020-12-31,Berkeley,high
P::B::J193,withdrawn,2013-08-01,day,,2020-12-31,Berkeley,high
P::B::J194,withdrawn,2011-08-03,day,,2020-12-31,Berkeley,high
P::B::J195,withdrawn,2011-11-28,day,,2020-12-31,Berkeley,high
P::B::J196,operational,2013-11-01,day,,,Berkeley,high
P::B::J197,withdrawn,2012-02-02,day,,2020-12-31,Berkeley,high
P::B::J198,withdrawn,2012-02-08,day,,2020-12-31,Berkeley,high
P::B::J199,withdrawn,2013-12-18,day,,2020-12-31,Berkeley,high
P::B::J200,operational,2016-09-01,day,,,Berkeley,high
P::B::J201,operational,2013-09-01,day,,,Berkeley,high
P::B::J202,operational,2014-10-15,day,,,Berkeley,high
P::B::J204,withdrawn,2011-08-30,day,,2020-12-31,Berkeley,high
P::B::J205,withdrawn,2011-11-21,day,,2020-12-31,Berkeley,high
P::B::J206,withdrawn,2012-06-27,day,,2020-12-31,Berkeley,high
P::B::J207,withdrawn,2012-06-27,day,,2020-12-31,Berkeley,high
P::B::J208,withdrawn,2011-06-01,day,,2020-12-31,Berkeley,high
P::B::J209,withdrawn,2012-09-26,day,,2020-12-31,Berkeley,high
P::B::J210,withdrawn,2012-02-22,day,,2020-12-31,Berkeley,high
P::B::J211,withdrawn,2011-06-01,day,,2020-12-31,Berkeley,high
P::B::J212,withdrawn,2013-06-21,day,,2020-12-31,Berkeley,high
P::B::J213,withdrawn,2012-07-06,day,,2020-12-31,Berkeley,high
P::B::J214,withdrawn,2012-12-05,day,,2020-12-31,Berkeley,high
P::B::J215,withdrawn,2013-12-03,day,,2020-12-31,Berkeley,high
P::B::J216,withdrawn,2012-04-20,day,,2020-12-31,Berkeley,high
P::B::J217,withdrawn,2013-11-04,day,,2020-12-31,Berkeley,high
P::B::J218,withdrawn,2012-03-02,day,,2020-12-31,Berkeley,high
P::B::J219,withdrawn,2013-01-22,day,,2020-12-31,Berkeley,high
P::B::J220,withdrawn,2012-06-27,day,,2020-12-31,Berkeley,high
P::B::J221,withdrawn,2014-01-30,day,,2020-12-31,Berkeley,high
P::B::J222,withdrawn,2012-08-13,day,,2020-12-31,Berkeley,high
P::B::J223,withdrawn,2012-02-07,day,,2020-12-31,Berkeley,high
P::B::J224,withdrawn,2013-04-04,day,,2020-12-31,Berkeley,high
P::B::J225,withdrawn,2013-07-02,day,,2020-12-31,Berkeley,high
P::B::J226,operational,2013-01-31,day,,,Berkeley,high
P::B::J227,operational,2015-09-30,day,,,Berkeley,high
P::B::J228,operational,2014-05-24,day,2021-12-31,,Berkeley,high
P::B::J229,operational,2015-05-22,day,,,Berkeley,high
P::B::J230,operational,2019-06-27,day,2025-12-31,,Berkeley,high
P::B::J231,operational,2017-05-26,day,,,Berkeley,high
P::B::J232,operational,2018-05-25,day,,,Berkeley,high
P::B::J233,operational,2018-06-28,day,,,Berkeley,high
P::B::J234,withdrawn,2012-09-27,day,,2020-12-31,Berkeley,high
P::B::J235,operational,2016-05-01,day,,,Berkeley,high
P::B::J236,withdrawn,2016-07-15,day,,2021-12-31,Berkeley,high
P::B::J237,withdrawn,2012-02-13,day,,2020-12-31,Berkeley,high
P::B::J238,operational,2018-08-01,day,,,Berkeley,high
P::B::J239,withdrawn,2021-12-31,interval,,2021-12-31,Berkeley,medium
P::B::J240,withdrawn,2013-11-18,day,,2020-12-31,Berkeley,high
P::B::J241,operational,2016-07-29,day,,,Berkeley,high
P::B::J242,operational,2016-10-01,day,,,Berkeley,high
P::B::J243,withdrawn,2012-09-26,day,,2020-12-31,Berkeley,high
P::B::J244,withdrawn,2013-06-24,day,,2020-12-31,Berkeley,high
P::B::J245,withdrawn,2014-01-09,day,,2020-12-31,Berkeley,high
P::B::J246,operational,2015-06-01,day,,,Berkeley,high
P::B::J247,withdrawn,2013-12-12,day,,2020-12-31,Berkeley,high
P::B::J248,withdrawn,2012-11-02,day,,2020-12-31,Berkeley,high
P::B::J249,operational,2012-10-01,day,,,Berkeley,high
P::B::J250,withdrawn,2014-04-08,day,,2020-12-31,Berkeley,high
P::B::J251,withdrawn,2015-11-09,day,,2020-12-31,Berkeley,high
P::B::J252,withdrawn,2015-07-21,day,,2020-12-31,Berkeley,high
P::B::J253,withdrawn,2015-01-06,day,,2020-12-31,Berkeley,high
P::B::J254,withdrawn,2014-04-22,day,,2020-12-31,Berkeley,high
P::B::J256,operational,2015-10-31,day,,,Berkeley,high
P::B::J257,withdrawn,2013-05-07,day,,2020-12-31,Berkeley,high
P::B::J258,active_censored,2025-12-31,observation,2025-12-31,,Berkeley,high
P::B::J259,withdrawn,2014-07-08,day,,2020-12-31,Berkeley,high
P::B::J260,withdrawn,2015-08-11,day,,2020-12-31,Berkeley,high
P::B::J261,withdrawn,2015-08-10,day,,2020-12-31,Berkeley,high
P::B::J262,operational,2014-10-27,day,,,Berkeley,high
P::B::J263,operational,2014-10-27,day,,,Berkeley,high
P::B::J264,withdrawn,2017-10-02,day,,2020-12-31,Berkeley,high
P::B::J265,withdrawn,2015-06-25,day,,2020-12-31,Berkeley,high
P::B::J266,withdrawn,2014-07-08,day,,2020-12-31,Berkeley,high
P::B::J267,withdrawn,2014-09-09,day,,2020-12-31,Berkeley,high
P::B::J268,withdrawn,2014-07-02,day,,2020-12-31,Berkeley,high
P::B::J269,withdrawn,2013-04-15,day,,2020-12-31,Berkeley,high
P::B::J270,withdrawn,2017-05-23,day,,2020-12-31,Berkeley,high
P::B::J271,withdrawn,2015-02-13,day,,2020-12-31,Berkeley,high
P::B::J272,withdrawn,2014-11-05,day,,2020-12-31,Berkeley,high
P::B::J273,withdrawn,2014-11-05,day,,2020-12-31,Berkeley,high
P::B::J274,operational,2014-10-01,day,,,Berkeley,high
P::B::J275,withdrawn,2017-05-31,day,,2020-12-31,Berkeley,high
P::B::J276,withdrawn,2021-12-31,interval,,2021-12-31,Berkeley,medium
P::B::J277,withdrawn,2016-06-23,day,,2020-12-31,Berkeley,high
P::B::J278,operational,2014-09-01,day,,,Berkeley,high
P::B::J279,operational,2016-11-01,day,,,Berkeley,high
P::B::J280,withdrawn,2014-12-17,day,,2020-12-31,Berkeley,high
P::B::J281,withdrawn,2015-05-21,day,,2020-12-31,Berkeley,high
P::B::J282,withdrawn,2015-05-21,day,,2020-12-31,Berkeley,high
P::B::J283,withdrawn,2014-12-15,day,,2020-12-31,Berkeley,high
P::B::J284,withdrawn,2015-01-08,day,,2020-12-31,Berkeley,high
P::B::J285,operational,2017-12-31,day,,,Berkeley,high
P::B::J286,withdrawn,2015-01-08,day,,2020-12-31,Berkeley,high
P::B::J287,withdrawn,2013-11-14,day,,2020-12-31,Berkeley,high
P::B::J288,withdrawn,2016-01-25,day,,2020-12-31,Berkeley,high
P::B::J289,operational,2013-11-01,day,,,Berkeley,high
P::B::J290,operational,2014-08-01,day,,,Berkeley,high
P::B::J291,operational,2016-09-01,day,,,Berkeley,high
P::B::J292,operational,2016-10-01,day,,,Berkeley,high
P::B::J293,withdrawn,2015-10-19,day,,2020-12-31,Berkeley,high
P::B::J294,withdrawn,2014-09-25,day,,2020-12-31,Berkeley,high
P::B::J295,withdrawn,2015-05-05,day,,2020-12-31,Berkeley,high
P::B::J296,withdrawn,2015-08-11,day,,2020-12-31,Berkeley,high
P::B::J297,withdrawn,2015-07-09,day,,2020-12-31,Berkeley,high
P::B::J298,withdrawn,2017-10-12,day,,2020-12-31,Berkeley,high
P::B::J299,operational,2018-10-10,day,,,Berkeley,high
P::B::J300,withdrawn,2015-06-27,day,,2020-12-31,Berkeley,high
P::B::J301,operational,2017-07-01,day,,,Berkeley,high
P::B::J302,operational,2019-11-15,day,,,Berkeley,high
P::B::J303,withdrawn,2015-12-15,day,,2020-12-31,Berkeley,high
P::B::J304,withdrawn,2017-07-21,day,,2020-12-31,Berkeley,high
P::B::J305,withdrawn,2015-01-20,day,,2020-12-31,Berkeley,high
P::B::J306,withdrawn,2017-07-21,day,,2020-12-31,Berkeley,high
P::B::J307,withdrawn,2015-06-23,day,,2020-12-31,Berkeley,high
P::B::J308,withdrawn,2019-11-20,day,,2020-12-31,Berkeley,high
P::B::J309,withdrawn,2015-11-17,day,,2020-12-31,Berkeley,high
P::B::J311,withdrawn,2013-11-22,day,,2020-12-31,Berkeley,high
P::B::J312,withdrawn,2017-07-21,day,,2020-12-31,Berkeley,high
P::B::J313,withdrawn,2017-07-21,day,,2020-12-31,Berkeley,high
P::B::J314,withdrawn,2014-02-25,day,,2020-12-31,Berkeley,high
P::B::J315,withdrawn,2014-02-25,day,,2020-12-31,Berkeley,high
P::B::J316,operational,2016-10-01,day,,,Berkeley,high
P::B::J317,withdrawn,2015-06-22,day,,2020-12-31,Berkeley,high
P::B::J318,withdrawn,2014-05-15,day,,2020-12-31,Berkeley,high
P::B::J319,withdrawn,2018-01-08,day,,2025-12-31,Berkeley,high
P::B::J320,operational,2016-11-01,day,,,Berkeley,high
P::B::J321,withdrawn,2020-12-31,interval,,2020-12-31,Berkeley,medium
P::B::J322,withdrawn,2014-09-12,day,,2020-12-31,Berkeley,high
P::B::J323,withdrawn,2015-08-10,day,,2020-12-31,Berkeley,high
P::B::J324,withdrawn,2017-05-08,day,,2020-12-31,Berkeley,high
P::B::J325,operational,2016-03-04,day,,,Berkeley,high
P::B::J326,withdrawn,2014-10-21,day,,2020-12-31,Berkeley,high
P::B::J327,operational,2018-12-31,day,,,Berkeley,high
P::B::J328,operational,2016-08-31,day,,,Berkeley,high
P::B::J329,operational,2019-05-31,day,,,Berkeley,high
P::B::J330,withdrawn,2016-05-19,day,,2020-12-31,Berkeley,high
P::B::J331,withdrawn,2016-01-06,day,,2020-12-31,Berkeley,high
P::B::J332,withdrawn,2015-07-23,day,,2020-12-31,Berkeley,high
P::B::J333,operational,2010-12-31,day,2024-12-31,,Berkeley,high
P::B::J334,operational,2010-12-31,day,2024-12-31,,Berkeley,high
P::B::J335,withdrawn,2015-09-03,day,,2020-12-31,Berkeley,high
P::B::J336,withdrawn,2015-09-03,day,,2020-12-31,Berkeley,high
P::B::J337,withdrawn,2015-09-03,day,,2020-12-31,Berkeley,high
P::B::J338,withdrawn,2015-09-03,day,,2020-12-31,Berkeley,high
P::B::J339,operational,2016-10-31,day,,,Berkeley,high
P::B::J340,operational,2016-09-01,day,,,Berkeley,high
P::B::J341,withdrawn,2016-01-06,day,,2020-12-31,Berkeley,high
P::B::J342,withdrawn,2014-08-11,day,,2020-12-31,Berkeley,high
P::B::J343,operational,2016-08-01,day,,,Berkeley,high
P::B::J344,operational,2017-10-28,day,,,Berkeley,high
P::B::J345,withdrawn,2014-09-12,day,,2020-12-31,Berkeley,high
P::B::J346,withdrawn,2015-12-14,day,,2020-12-31,Berkeley,high
P::B::J347,withdrawn,2015-12-14,day,,2020-12-31,Berkeley,high
P::B::J348,operational,2016-09-01,day,,,Berkeley,high
P::B::J349,withdrawn,2014-06-03,day,,2020-12-31,Berkeley,high
P::B::J350,withdrawn,2015-06-05,day,,2020-12-31,Berkeley,high
P::B::J351,active_censored,2025-12-31,observation,2025-12-31,,Berkeley,high
P::B::J352,withdrawn,2016-01-06,day,,2020-12-31,Berkeley,high
P::B::J353,withdrawn,2016-01-06,day,,2020-12-31,Berkeley,high
P::B::J354,operational,2018-04-25,day,,,Berkeley,high
P::B::J355,withdrawn,2014-07-07,day,,2020-12-31,Berkeley,high
P::B::J356,withdrawn,2014-12-15,day,,2020-12-31,Berkeley,high
P::B::J357,withdrawn,2014-07-07,day,,2020-12-31,Berkeley,high
P::B::J358,withdrawn,2014-07-07,day,,2020-12-31,Berkeley,high
P::B::J359,withdrawn,2014-07-07,day,,2020-12-31,Berkeley,high
P::B::J360,withdrawn,2014-12-15,day,,2020-12-31,Berkeley,high
P::B::J361,withdrawn,2014-12-15,day,,2020-12-31,Berkeley,high
P::B::J362,withdrawn,2014-07-07,day,,2020-12-31,Berkeley,high
P::B::J363,withdrawn,2014-07-07,day,,2020-12-31,Berkeley,high
P::B::J364,withdrawn,2014-07-07,day,,2020-12-31,Berkeley,high
P::B::J365,withdrawn,2014-07-07,day,,2020-12-31,Berkeley,high
P::B::J366,withdrawn,2014-07-07,day,,2020-12-31,Berkeley,high
P::B::J367,withdrawn,2014-09-12,day,,2020-12-31,Berkeley,high
P::B::J368,withdrawn,2016-09-16,day,,2020-12-31,Berkeley,high
P::B::J369,withdrawn,2016-09-16,day,,2020-12-31,Berkeley,high
P::B::J370,withdrawn,2015-06-29,day,,2020-12-31,Berkeley,high
P::B::J371,withdrawn,2021-12-31,interval,,2021-12-31,Berkeley,medium
P::B::J372,withdrawn,2017-02-22,day,,2020-12-31,Berkeley,high
P::B::J373,operational,2016-03-31,day,,,Berkeley,high
P::B::J374,operational,2014-11-17,day,,,Berkeley,high
P::B::J375,withdrawn,2016-10-25,day,,2020-12-31,Berkeley,high
P::B::J376,operational,2016-12-15,day,,,Berkeley,high
P::B::J377,withdrawn,2015-02-02,day,,2020-12-31,Berkeley,high
P::B::J378,withdrawn,2016-01-12,day,,2020-12-31,Berkeley,high
P::B::J379,withdrawn,2014-10-22,day,,2020-12-31,Berkeley,high
P::B::J380,withdrawn,2014-10-22,day,,2020-12-31,Berkeley,high
P::B::J381,withdrawn,2014-09-30,day,,2020-12-31,Berkeley,high
P::B::J382,operational,2020-05-01,day,,,Berkeley,high
P::B::J383,withdrawn,2016-03-18,day,,2020-12-31,Berkeley,high
P::B::J384,active_censored,2025-12-31,observation,2025-12-31,,Berkeley,high
P::B::J385,operational,2016-10-01,day,,,Berkeley,high
P::B::J386,withdrawn,2015-06-16,day,,2020-12-31,Berkeley,high
P::B::J387,withdrawn,2017-07-21,day,,2020-12-31,Berkeley,high
P::B::J388,withdrawn,2016-09-15,day,,2020-12-31,Berkeley,high
P::B::J389,withdrawn,2015-06-17,day,,2020-12-31,Berkeley,high
P::B::J390,operational,2017-11-15,day,,,Berkeley,high
P::B::J391,withdrawn,2020-01-23,day,,2020-12-31,Berkeley,high
P::B::J392,operational,2015-09-01,day,,,Berkeley,high
P::B::J393,withdrawn,2014-12-11,day,,2020-12-31,Berkeley,high
P::B::J394,withdrawn,2016-11-21,day,,2020-12-31,Berkeley,high
P::B::J395,operational,2015-09-01,day,,,Berkeley,high
P::B::J396,operational,2019-09-30,day,,,Berkeley,high
P::B::J397,withdrawn,2017-07-21,day,,2020-12-31,Berkeley,high
P::B::J398,withdrawn,2014-12-19,day,,2020-12-31,Berkeley,high
P::B::J399,operational,2018-02-01,day,,,Berkeley,high
P::B::J400,operational,2017-06-01,day,,,Berkeley,high
P::B::J401,operational,2016-01-15,day,,,Berkeley,high
P::B::J402,withdrawn,2016-06-15,day,,2020-12-31,Berkeley,high
P::B::J403,withdrawn,2016-09-14,day,,2020-12-31,Berkeley,high
P::B::J404,withdrawn,2016-03-18,day,,2020-12-31,Berkeley,high
P::B::J405,operational,2017-12-31,day,,,Berkeley,high
P::B::J406,operational,2018-01-01,day,,,Berkeley,high
P::B::J407,operational,2015-12-01,day,,,Berkeley,high
P::B::J408,withdrawn,2016-06-30,day,,2020-12-31,Berkeley,high
P::B::J409,withdrawn,2015-07-17,day,,2020-12-31,Berkeley,high
P::B::J410,withdrawn,2016-09-14,day,,2020-12-31,Berkeley,high
P::B::J411,operational,2014-11-18,day,,,Berkeley,high
P::B::J412,operational,2019-10-01,day,,,Berkeley,high
P::B::J413,withdrawn,2016-09-13,day,,2020-12-31,Berkeley,high
P::B::J414,withdrawn,2018-10-12,day,,2020-12-31,Berkeley,high
P::B::J415,withdrawn,2018-10-12,day,,2020-12-31,Berkeley,high
P::B::J416,operational,2017-09-15,day,,,Berkeley,high
P::B::J417,withdrawn,2015-11-13,day,,2020-12-31,Berkeley,high
P::B::J419,withdrawn,2023-04-20,day,2022-12-31,2023-12-31,Berkeley,high
P::B::J420,withdrawn,2016-08-23,day,,2020-12-31,Berkeley,high
P::B::J421,withdrawn,2015-12-21,day,,2020-12-31,Berkeley,high
P::B::J422,withdrawn,2015-12-21,day,,2020-12-31,Berkeley,high
P::B::J423,withdrawn,2015-06-26,day,,2020-12-31,Berkeley,high
P::B::J424,withdrawn,2015-06-26,day,,2020-12-31,Berkeley,high
P::B::J425,withdrawn,2015-09-23,day,,2020-12-31,Berkeley,high
P::B::J426,operational,2018-09-15,day,,,Berkeley,high
P::B::J427,withdrawn,2015-01-23,day,,2020-12-31,Berkeley,high
P::B::J428,withdrawn,2016-08-30,day,,2020-12-31,Berkeley,high
P::B::J429,withdrawn,2017-03-09,day,,2020-12-31,Berkeley,high
P::B::J430,withdrawn,2016-04-26,day,,2020-12-31,Berkeley,high
P::B::J431,operational,2017-09-01,day,,,Berkeley,high
P::B::J432,operational,2019-09-01,day,,,Berkeley,high
P::B::J433,withdrawn,2015-04-29,day,,2020-12-31,Berkeley,high
P::B::J434,withdrawn,2017-06-08,day,,2020-12-31,Berkeley,high
P::B::J435,withdrawn,2017-04-25,day,,2020-12-31,Berkeley,high
P::B::J436,operational,2020-07-06,day,2021-12-31,,Berkeley,high
P::B::J437,operational,2020-07-06,day,2021-12-31,,Berkeley,high
P::B::J438,operational,2018-12-15,day,,,Berkeley,high
P::B::J439,withdrawn,2018-10-12,day,,2020-12-31,Berkeley,high
P::B::J440,operational,2016-01-10,day,,,Berkeley,high
P::B::J442,operational,2019-10-01,day,,,Berkeley,high
P::B::J443,operational,2018-04-01,day,,,Berkeley,high
P::B::J445,withdrawn,2017-02-01,day,,2021-12-31,Berkeley,high
P::B::J448,withdrawn,2017-07-21,day,,2020-12-31,Berkeley,high
P::B::J449,operational,2018-10-15,day,,,Berkeley,high
P::B::J450,withdrawn,2017-07-21,day,,2020-12-31,Berkeley,high
P::B::J451,withdrawn,2017-02-21,day,,2020-12-31,Berkeley,high
P::B::J452,withdrawn,2015-10-09,day,,2020-12-31,Berkeley,high
P::B::J453,operational,2019-06-01,day,,,Berkeley,high
P::B::J454,withdrawn,2017-01-17,day,,2020-12-31,Berkeley,high
P::B::J455,operational,2018-09-15,day,,,Berkeley,high
P::B::J456,operational,2019-12-01,day,,,Berkeley,high
P::B::J457,withdrawn,2019-01-14,day,,2020-12-31,Berkeley,high
P::B::J459,withdrawn,2018-10-12,day,,2020-12-31,Berkeley,high
P::B::J460,operational,2019-09-13,day,,,Berkeley,high
P::B::J461,withdrawn,2016-11-02,day,,2020-12-31,Berkeley,high
P::B::J462,withdrawn,2016-06-15,day,,2020-12-31,Berkeley,high
P::B::J463,withdrawn,2016-06-15,day,,2020-12-31,Berkeley,high
P::B::J464,withdrawn,2016-06-15,day,,2020-12-31,Berkeley,high
P::B::J465,withdrawn,2016-06-17,day,,2020-12-31,Berkeley,high
P::B::J466,active_censored,2025-12-31,observation,2025-12-31,,Berkeley,high
P::B::J468,operational,2019-05-01,day,,,Berkeley,high
P::B::J469,operational,2017-09-01,day,,,Berkeley,high
P::B::J470,withdrawn,2016-09-13,day,,2020-12-31,Berkeley,high
P::B::J471,withdrawn,2016-07-15,day,,2020-12-31,Berkeley,high
P::B::J472,operational,2020-07-01,day,,,Berkeley,high
P::B::J473,operational,2015-09-01,day,,,Berkeley,high
P::B::J474,withdrawn,2021-07-13,day,,2021-12-31,Berkeley,high
P::B::J475,operational,2018-07-01,day,,,Berkeley,high
P::B::J476,active_censored,2025-12-31,observation,2025-12-31,,Berkeley,high
P::B::J477,operational,2018-11-01,day,,,Berkeley,high
P::B::J479,withdrawn,2017-06-06,day,,2020-12-31,Berkeley,high
P::B::J480,withdrawn,2015-11-05,day,,2020-12-31,Berkeley,high
P::B::J481,operational,2019-07-25,day,,,Berkeley,high
P::B::J482,operational,2018-05-01,day,,,Berkeley,high
P::B::J483,operational,2024-09-26,day,2025-12-31,,Berkeley,high
P::B::J484,operational,2019-07-01,day,,,Berkeley,high
P::B::J485,operational,2018-03-20,day,2025-12-31,,Berkeley,high
P::B::J486,operational,2000-09-19,day,,,Berkeley,high
P::B::J487,withdrawn,2016-09-01,day,,2020-12-31,Berkeley,high
P::B::J488,operational,2020-06-15,day,,,Berkeley,high
P::B::J489,withdrawn,2018-03-26,day,,2020-12-31,Berkeley,high
P::B::J490,withdrawn,2017-09-01,day,,2020-12-31,Berkeley,high
P::B::J491,withdrawn,2017-06-19,day,,2020-12-31,Berkeley,high
P::B::J492,withdrawn,2017-06-19,day,,2020-12-31,Berkeley,high
P::B::J493,operational,2020-04-30,day,,,Berkeley,high
P::B::J494,withdrawn,2017-03-01,day,,2020-12-31,Berkeley,high
P::B::J495,operational,2019-09-28,day,,,Berkeley,high
P::B::J496,withdrawn,2017-07-19,day,,2020-12-31,Berkeley,high
P::B::J497,withdrawn,2016-11-17,day,,2020-12-31,Berkeley,high
P::B::J498,operational,2017-01-31,day,,,Berkeley,high
P::B::J499,operational,2016-03-01,day,,,Berkeley,high
P::B::J500,operational,2017-09-30,day,,,Berkeley,high
P::B::J501,withdrawn,2017-09-01,day,,2020-12-31,Berkeley,high
P::B::J503,operational,2019-11-15,day,,,Berkeley,high
P::B::J504,operational,2024-03-31,day,2025-12-31,,Berkeley,high
P::B::J505,operational,2021-01-28,day,,,Berkeley,high
P::B::J506,operational,2019-09-16,day,,,Berkeley,high
P::B::J507,withdrawn,2017-06-16,day,,2020-12-31,Berkeley,high
P::B::J509,withdrawn,2015-12-30,day,,2020-12-31,Berkeley,high
P::B::J510,operational,2018-09-30,day,,,Berkeley,high
P::B::J511,withdrawn,2018-10-12,day,,2020-12-31,Berkeley,high
P::B::J512,operational,2020-06-30,day,,,Berkeley,high
P::B::J513,operational,2020-08-15,day,,,Berkeley,high
P::B::J514,active_censored,2025-12-31,observation,2025-12-31,,Berkeley,high
P::B::J515,operational,2019-04-01,day,,,Berkeley,high
P::B::J516,withdrawn,2017-05-16,day,,2020-12-31,Berkeley,high
P::B::J517,withdrawn,2017-07-21,day,,2020-12-31,Berkeley,high
P::B::J518,withdrawn,2017-03-01,day,,2020-12-31,Berkeley,high
P::B::J519,withdrawn,2017-07-21,day,,2020-12-31,Berkeley,high
P::B::J520,withdrawn,2017-07-21,day,,2020-12-31,Berkeley,high
P::B::J521,withdrawn,2017-07-21,day,,2020-12-31,Berkeley,high
P::B::J523,operational,2024-12-13,day,2025-12-31,,Berkeley,high
P::B::J524,operational,2022-07-29,day,2025-12-31,,Berkeley,high
P::B::J525,withdrawn,2018-03-26,day,,2020-12-31,Berkeley,high
P::B::J526,operational,2020-06-29,day,,,Berkeley,high
P::B::J527,operational,2020-10-01,day,,,Berkeley,high
P::B::J528,withdrawn,2020-01-29,day,,2020-12-31,Berkeley,high
P::B::J529,operational,2018-07-01,day,,,Berkeley,high
P::B::J530,operational,2020-10-01,day,,,Berkeley,high
P::B::J531,withdrawn,2017-09-01,day,,2020-12-31,Berkeley,high
P::B::J532,withdrawn,2016-02-17,day,,2020-12-31,Berkeley,high
P::B::J533,operational,2019-10-01,day,,,Berkeley,high
P::B::J534,operational,2020-04-01,day,,,Berkeley,high
P::B::J535,operational,2020-04-01,day,,,Berkeley,high
P::B::J536,withdrawn,2017-02-21,day,,2020-12-31,Berkeley,high
P::B::J537,withdrawn,2017-07-27,day,,2020-12-31,Berkeley,high
P::B::J538,operational,2020-10-01,day,,,Berkeley,high
P::B::J539,withdrawn,2017-02-21,day,,2020-12-31,Berkeley,high
P::B::J540,operational,2021-12-31,observation,,,Berkeley,medium
P::B::J541,operational,2020-04-01,day,,,Berkeley,high
P::B::J542,withdrawn,2017-07-21,day,,2020-12-31,Berkeley,high
P::B::J543,withdrawn,2017-07-21,day,,2020-12-31,Berkeley,high
P::B::J546,withdrawn,2017-05-03,day,,2020-12-31,Berkeley,high
P::B::J547,withdrawn,2017-07-21,day,,2020-12-31,Berkeley,high
P::B::J548,withdrawn,2017-07-21,day,,2020-12-31,Berkeley,high
P::B::J549,withdrawn,2017-03-10,day,,2020-12-31,Berkeley,high
P::B::J550,withdrawn,2017-03-10,day,,2020-12-31,Berkeley,high
P::B::J551,withdrawn,2017-03-01,day,,2020-12-31,Berkeley,high
P::B::J552,operational,2024-09-07,day,2025-12-31,,Berkeley,high
P::B::J553,withdrawn,2017-05-16,day,,2020-12-31,Berkeley,high
P::B::J554,operational,2016-10-01,day,,,Berkeley,high
P::B::J555,operational,2017-09-01,day,,,Berkeley,high
P::B::J557,operational,2016-08-31,day,,,Berkeley,high
P::B::J558,operational,2017-09-01,day,,,Berkeley,high
P::B::J559,withdrawn,2017-05-16,day,,2020-12-31,Berkeley,high
P::B::J560,withdrawn,2017-04-25,day,,2020-12-31,Berkeley,high
P::B::J561,withdrawn,2017-07-21,day,,2020-12-31,Berkeley,high
P::B::J562,withdrawn,2017-01-24,day,,2020-12-31,Berkeley,high
P::B::J563,withdrawn,2017-01-24,day,,2020-12-31,Berkeley,high
P::B::J564,withdrawn,2017-07-21,day,,2020-12-31,Berkeley,high
P::B::J565,withdrawn,2016-09-14,day,,2020-12-31,Berkeley,high
P::B::J566,withdrawn,2017-07-21,day,,2020-12-31,Berkeley,high
P::B::J567,withdrawn,2017-07-21,day,,2020-12-31,Berkeley,high
P::B::J568,withdrawn,2016-09-14,day,,2020-12-31,Berkeley,high
P::B::J569,operational,2022-12-28,day,2025-12-31,,Berkeley,high
P::B::J571,active_censored,2025-12-31,observation,2025-12-31,,Berkeley,high
P::B::J572,withdrawn,2018-10-05,day,,2020-12-31,Berkeley,high
P::B::J573,withdrawn,2017-06-29,day,,2020-12-31,Berkeley,high
P::B::J574,withdrawn,2016-11-21,day,,2020-12-31,Berkeley,high
P::B::J575,withdrawn,2018-10-12,day,,2020-12-31,Berkeley,high
P::B::J576,withdrawn,2017-07-21,day,,2020-12-31,Berkeley,high
P::B::J577,withdrawn,2018-10-12,day,,2020-12-31,Berkeley,high
P::B::J578,withdrawn,2017-07-21,day,,2020-12-31,Berkeley,high
P::B::J581,withdrawn,2021-05-27,day,,2021-12-31,Berkeley,high
P::B::J582,withdrawn,2017-07-21,day,,2020-12-31,Berkeley,high
P::B::J583,operational,2021-12-31,day,2021-12-31,,Berkeley,high
P::B::J585,withdrawn,2017-07-21,day,,2020-12-31,Berkeley,high
P::B::J586,operational,2024-04-30,day,2025-12-31,,Berkeley,high
P::B::J587,operational,2020-09-14,day,,,Berkeley,high
P::B::J588,withdrawn,2017-05-16,day,,2020-12-31,Berkeley,high
P::B::J589,operational,2018-12-10,day,,,Berkeley,high
P::B::J590,operational,2019-10-01,day,,,Berkeley,high
P::B::J591,operational,2021-12-31,observation,,,Berkeley,medium
P::B::J592,withdrawn,2017-07-17,day,,2020-12-31,Berkeley,high
P::B::J593,withdrawn,2018-10-12,day,,2020-12-31,Berkeley,high
P::B::J594,withdrawn,2018-10-12,day,,2020-12-31,Berkeley,high
P::B::J595,withdrawn,2017-06-29,day,,2020-12-31,Berkeley,high
P::B::J596,withdrawn,2018-10-12,day,,2020-12-31,Berkeley,high
P::B::J597,withdrawn,2018-10-12,day,,2020-12-31,Berkeley,high
P::B::J598,withdrawn,2020-01-16,day,,2020-12-31,Berkeley,high
P::B::J599,withdrawn,2018-10-12,day,,2020-12-31,Berkeley,high
P::B::J600,withdrawn,2017-06-08,day,,2020-12-31,Berkeley,high
P::B::J601,withdrawn,2018-01-16,day,,2020-12-31,Berkeley,high
P::B::J602,withdrawn,2020-03-09,day,,2020-12-31,Berkeley,high
P::B::J603,operational,2024-09-27,day,2025-12-31,,Berkeley,high
P::B::J604,operational,2022-09-21,day,2025-12-31,,Berkeley,high
P::B::J605,withdrawn,2017-06-08,day,,2020-12-31,Berkeley,high
P::B::J606,withdrawn,2017-03-24,day,,2020-12-31,Berkeley,high
P::B::J607,withdrawn,2018-10-12,day,,2020-12-31,Berkeley,high
P::B::J608,withdrawn,2018-01-16,day,,2020-12-31,Berkeley,high
P::B::J609,withdrawn,2017-08-18,day,,2020-12-31,Berkeley,high
P::B::J610,withdrawn,2017-06-08,day,,2020-12-31,Berkeley,high
P::B::J611,operational,2020-10-01,day,,,Berkeley,high
P::B::J612,withdrawn,2017-06-08,day,,2020-12-31,Berkeley,high
P::B::J613,withdrawn,2018-10-12,day,,2020-12-31,Berkeley,high
P::B::J614,operational,2018-12-17,day,,,Berkeley,high
P::B::J615,withdrawn,2018-10-12,day,,2020-12-31,Berkeley,high
P::B::J616,withdrawn,2017-07-21,day,,2020-12-31,Berkeley,high
P::B::J617,withdrawn,2016-12-27,day,,2020-12-31,Berkeley,high
P::B::J618,withdrawn,2017-05-03,day,,2020-12-31,Berkeley,high
P::B::J619,withdrawn,2019-01-18,day,,2020-12-31,Berkeley,high
P::B::J620,operational,2019-12-19,day,,,Berkeley,high
P::B::J621,withdrawn,2017-07-21,day,,2020-12-31,Berkeley,high
P::B::J622,withdrawn,2017-05-16,day,,2020-12-31,Berkeley,high
P::B::J623,withdrawn,2017-07-21,day,,2020-12-31,Berkeley,high
P::B::J624,withdrawn,2017-07-21,day,,2020-12-31,Berkeley,high
P::B::J626,withdrawn,2017-07-21,day,,2020-12-31,Berkeley,high
P::B::J627,withdrawn,2017-07-21,day,,2020-12-31,Berkeley,high
P::B::J629,withdrawn,2017-07-21,day,,2020-12-31,Berkeley,high
P::B::J630,withdrawn,2017-07-21,day,,2020-12-31,Berkeley,high
P::B::J631,withdrawn,2017-07-21,day,,2020-12-31,Berkeley,high
P::B::J633,withdrawn,2017-07-21,day,,2020-12-31,Berkeley,high
P::B::J634,withdrawn,2018-08-07,day,,2020-12-31,Berkeley,high
P::B::J637,withdrawn,2019-01-14,day,,2020-12-31,Berkeley,high
P::B::J638,withdrawn,2018-10-12,day,,2020-12-31,Berkeley,high
P::B::J641,operational,2024-11-18,day,2025-12-31,,Berkeley,high
P::B::J642,withdrawn,2017-06-29,day,,2020-12-31,Berkeley,high
P::B::J643,operational,2023-06-24,day,2025-12-31,,Berkeley,high
P::B::J644,operational,2024-11-06,day,2025-12-31,,Berkeley,high
P::B::J645,withdrawn,2017-05-03,day,,2020-12-31,Berkeley,high
P::B::J648,withdrawn,2019-01-22,day,,2020-12-31,Berkeley,high
P::B::J649,withdrawn,2017-01-31,day,,2020-12-31,Berkeley,high
P::B::J650,withdrawn,2017-01-24,day,,2020-12-31,Berkeley,high
P::B::J651,withdrawn,2017-01-24,day,,2020-12-31,Berkeley,high
P::B::J652,operational,2017-09-15,day,,,Berkeley,high
P::B::J653,withdrawn,2017-06-12,day,,2020-12-31,Berkeley,high
P::B::J654,withdrawn,2016-12-27,day,,2020-12-31,Berkeley,high
P::B::J655,withdrawn,2017-07-21,day,,2020-12-31,Berkeley,high
P::B::J656,withdrawn,2017-07-21,day,,2020-12-31,Berkeley,high
P::B::J660,withdrawn,2017-07-21,day,,2020-12-31,Berkeley,high
P::B::J661,withdrawn,2017-07-21,day,,2020-12-31,Berkeley,high
P::B::J664,withdrawn,2016-10-27,day,,2020-12-31,Berkeley,high
P::B::J665,withdrawn,2017-07-21,day,,2020-12-31,Berkeley,high
P::B::J666,withdrawn,2017-07-21,day,,2020-12-31,Berkeley,high
P::B::J667,withdrawn,2017-07-21,day,,2020-12-31,Berkeley,high
P::B::J668,withdrawn,2017-07-21,day,,2020-12-31,Berkeley,high
P::B::J669,withdrawn,2017-07-21,day,,2020-12-31,Berkeley,high
P::B::J670,withdrawn,2017-06-21,day,,2020-12-31,Berkeley,high
P::B::J671,withdrawn,2017-06-21,day,,2020-12-31,Berkeley,high
P::B::J672,withdrawn,2016-11-02,day,,2020-12-31,Berkeley,high
P::B::J673,withdrawn,2017-07-21,day,,2020-12-31,Berkeley,high
P::B::J674,withdrawn,2017-07-21,day,,2020-12-31,Berkeley,high
P::B::J675,withdrawn,2016-11-02,day,,2020-12-31,Berkeley,high
P::B::J676,withdrawn,2017-07-21,day,,2020-12-31,Berkeley,high
P::B::J677,withdrawn,2017-07-21,day,,2020-12-31,Berkeley,high
P::B::J678,withdrawn,2017-07-21,day,,2020-12-31,Berkeley,high
P::B::J681,withdrawn,2017-07-21,day,,2020-12-31,Berkeley,high
P::B::J682,withdrawn,2017-06-21,day,,2020-12-31,Berkeley,high
P::B::J684,withdrawn,2016-10-27,day,,2020-12-31,Berkeley,high
P::B::J685,withdrawn,2017-07-21,day,,2020-12-31,Berkeley,high
P::B::J686,withdrawn,2017-06-21,day,,2020-12-31,Berkeley,high
P::B::J688,withdrawn,2017-07-21,day,,2020-12-31,Berkeley,high
P::B::J689,withdrawn,2017-07-21,day,,2020-12-31,Berkeley,high
P::B::J690,withdrawn,2017-07-21,day,,2020-12-31,Berkeley,high
P::B::J691,withdrawn,2017-05-23,day,,2020-12-31,Berkeley,high
P::B::J692,withdrawn,2016-08-30,day,,2020-12-31,Berkeley,high
P::B::J693,withdrawn,2016-08-30,day,,2020-12-31,Berkeley,high
P::B::J694,withdrawn,2016-08-30,day,,2020-12-31,Berkeley,high
P::B::J695,withdrawn,2017-01-03,day,,2020-12-31,Berkeley,high
P::B::J696,withdrawn,2017-07-21,day,,2020-12-31,Berkeley,high
P::B::J699,withdrawn,2017-06-13,day,,2020-12-31,Berkeley,high
P::B::J700,withdrawn,2017-06-15,day,,2020-12-31,Berkeley,high
P::B::J702,withdrawn,2017-07-21,day,,2020-12-31,Berkeley,high
P::B::J716,withdrawn,2017-07-21,day,,2020-12-31,Berkeley,high
P::B::J719,withdrawn,2017-05-23,day,,2020-12-31,Berkeley,high
P::B::J723,withdrawn,2017-07-21,day,,2020-12-31,Berkeley,high
P::B::J724,withdrawn,2017-07-21,day,,2020-12-31,Berkeley,high
P::B::J727,withdrawn,2017-07-21,day,,2020-12-31,Berkeley,high
P::B::J729,withdrawn,2017-07-21,day,,2020-12-31,Berkeley,high
P::B::J730,withdrawn,2017-07-21,day,,2020-12-31,Berkeley,high
P::B::J735,withdrawn,2017-07-21,day,,2020-12-31,Berkeley,high
P::B::J736,withdrawn,2017-07-21,day,,2020-12-31,Berkeley,high
P::B::J737,withdrawn,2017-07-21,day,,2020-12-31,Berkeley,high
P::B::J738,withdrawn,2017-07-21,day,,2020-12-31,Berkeley,high
P::B::J742,withdrawn,2017-07-21,day,,2020-12-31,Berkeley,high
P::B::J744,withdrawn,2017-04-12,day,,2020-12-31,Berkeley,high
P::B::J751,withdrawn,2017-06-06,day,,2020-12-31,Berkeley,high
P::B::J755,withdrawn,2017-06-20,day,,2020-12-31,Berkeley,high
P::B::J763,withdrawn,2017-07-21,day,,2020-12-31,Berkeley,high
P::B::J764,withdrawn,2017-07-21,day,,2020-12-31,Berkeley,high
P::B::J765,withdrawn,2017-07-21,day,,2020-12-31,Berkeley,high
P::B::J772,withdrawn,2017-07-21,day,,2020-12-31,Berkeley,high
P::B::J773,withdrawn,2017-07-21,day,,2020-12-31,Berkeley,high
P::B::J774,withdrawn,2017-07-21,day,,2020-12-31,Berkeley,high
P::B::J775,withdrawn,2017-07-21,day,,2020-12-31,Berkeley,high
P::B::J778,withdrawn,2017-07-21,day,,2020-12-31,Berkeley,high
P::B::J781,withdrawn,2017-06-16,day,,2020-12-31,Berkeley,high
P::B::J784,withdrawn,2017-06-15,day,,2020-12-31,Berkeley,high
P::B::J786,withdrawn,2017-07-21,day,,2020-12-31,Berkeley,high
P::B::J787,operational,2021-12-31,observation,,,Berkeley,medium
P::B::J788,active_censored,2023-12-31,observation,2023-12-31,,Berkeley,high
P::B::J789,operational,2021-12-31,observation,,,Berkeley,medium
P::B::J790,operational,2021-12-31,observation,,,Berkeley,medium
P::B::J791,active_censored,2025-12-31,observation,2025-12-31,,Berkeley,high
P::B::J792,operational,2021-12-31,observation,,,Berkeley,medium
P::B::J919A,withdrawn,2019-03-25,day,,2025-12-31,Berkeley,high
P::B::J919A - Error,withdrawn,2019-03-25,day,,2020-12-31,Berkeley,high
P::B::J950,active_censored,2023-12-31,observation,2023-12-31,,Berkeley,high
P::B::L002,active_censored,2025-12-31,observation,2025-12-31,,Berkeley,high
P::B::L003,active_censored,2025-12-31,observation,2025-12-31,,Berkeley,high
P::B::L004,active_censored,2025-12-31,observation,2025-12-31,,Berkeley,high
P::B::L006,active_censored,2025-12-31,observation,2025-12-31,,Berkeley,high
P::B::L008,active_censored,2025-12-31,observation,2025-12-31,,Berkeley,high
P::B::L009,active_censored,2025-12-31,observation,2025-12-31,,Berkeley,high
P::B::L010,active_censored,2025-12-31,observation,2025-12-31,,Berkeley,high
P::B::N001,operational,2008-10-01,day,,,Berkeley,high
P::B::PQ0002,withdrawn,2018-12-11,day,,2021-12-31,Berkeley,high
P::B::R101,operational,2020-12-11,day,2025-12-31,,Berkeley,high
P::B::R15,operational,2006-07-01,day,,,Berkeley,high
P::B::R23,operational,2021-12-31,observation,,,Berkeley,medium
P::B::R25,withdrawn,2021-12-31,interval,,2021-12-31,Berkeley,medium
P::B::R26,operational,2021-12-31,observation,,,Berkeley,medium
P::B::R29,withdrawn,2021-12-31,interval,,2021-12-31,Berkeley,medium
P::B::R34,operational,2008-12-31,day,,,Berkeley,high
P::B::R35,operational,2008-11-01,day,,,Berkeley,high
P::B::R38,operational,2008-06-01,day,,,Berkeley,high
P::B::R39,operational,2015-12-03,day,,,Berkeley,high
P::B::R41,operational,2009-10-01,day,,,Berkeley,high
P::B::R42,operational,2008-12-01,day,,,Berkeley,high
P::B::R47,withdrawn,2009-11-11,day,,2020-12-31,Berkeley,high
P::B::R48,withdrawn,2009-11-11,day,,2020-12-31,Berkeley,high
P::B::R49,operational,2010-12-01,day,,,Berkeley,high
P::B::R50,withdrawn,2011-05-18,day,,2020-12-31,Berkeley,high
P::B::R51,withdrawn,2011-05-18,day,,2020-12-31,Berkeley,high
P::B::R52,withdrawn,2011-11-01,day,,2020-12-31,Berkeley,high
P::B::R53,withdrawn,2011-11-01,day,,2020-12-31,Berkeley,high
P::B::R56,withdrawn,2012-11-16,day,,2020-12-31,Berkeley,high
P::B::R57,withdrawn,2014-01-06,day,,2020-12-31,Berkeley,high
P::B::R58,withdrawn,2017-01-10,day,,2020-12-31,Berkeley,high
P::B::R59,withdrawn,2017-01-10,day,,2020-12-31,Berkeley,high
P::B::R60,withdrawn,2017-01-10,day,,2020-12-31,Berkeley,high
P::B::R61,withdrawn,2012-02-15,day,,2020-12-31,Berkeley,high
P::B::R62,withdrawn,2017-01-10,day,,2020-12-31,Berkeley,high
P::B::R63,withdrawn,2012-02-15,day,,2020-12-31,Berkeley,high
P::B::R64,withdrawn,2013-07-02,day,,2020-12-31,Berkeley,high
P::B::R65,operational,2009-12-31,day,,,Berkeley,high
P::B::R66,withdrawn,2011-01-14,day,,2020-12-31,Berkeley,high
P::B::R67,withdrawn,2014-10-15,day,,2020-12-31,Berkeley,high
P::B::R68,withdrawn,2014-09-12,day,,2020-12-31,Berkeley,high
P::B::nan,active_censored,2024-12-31,observation,2024-12-31,,Berkeley,high
P::J1000,operational,2023-03-27,day,2023-12-31,,MISO,high
P::J1001,withdrawn,2021-03-09,day,2020-12-31,2021-12-31,Berkeley,high
P::J1002,operational,2023-01-26,day,2023-12-31,,MISO,high
P::J1003,operational,2023-06-06,day,2023-12-31,,MISO,high
P::J1004,withdrawn,2018-11-01,day,,2020-12-31,Berkeley,high
P::J1005,withdrawn,2020-06-30,day,,2020-12-31,Berkeley,high
P::J1006,withdrawn,2020-03-25,day,,2020-12-31,Berkeley,high
P::J1007,operational,2023-12-22,day,2025-12-31,,MISO,high
P::J1008,withdrawn,2020-03-25,day,,2020-12-31,Berkeley,high
P::J1009,withdrawn,2020-05-19,day,,2020-12-31,Berkeley,high
P::J1010,withdrawn,2020-05-19,day,,2020-12-31,Berkeley,high
P::J1011,withdrawn,2020-05-19,day,,2020-12-31,Berkeley,high
P::J1012,withdrawn,2019-03-28,day,,2020-12-31,Berkeley,high
P::J1013,withdrawn,2019-12-02,day,,2020-12-31,Berkeley,high
P::J1014,withdrawn,2019-12-02,day,,2020-12-31,Berkeley,high
P::J1015,withdrawn,2019-03-27,day,,2020-12-31,Berkeley,high
P::J1016,withdrawn,2020-01-06,day,,2020-12-31,Berkeley,high
P::J1017,withdrawn,2018-10-03,day,,2020-12-31,Berkeley,high
P::J1018,withdrawn,2018-10-03,day,,2020-12-31,Berkeley,high
P::J1019,withdrawn,2018-10-03,day,,2020-12-31,Berkeley,high
P::J1020,withdrawn,2020-01-24,day,,2020-12-31,Berkeley,high
P::J1021,withdrawn,2020-01-02,day,,2020-12-31,Berkeley,high
P::J1022,operational,2022-05-27,day,2022-12-31,,MISO,high
P::J1023,withdrawn,2019-08-29,day,,2020-12-31,Berkeley,high
P::J1024,withdrawn,2021-03-09,day,2020-12-31,2021-12-31,Berkeley,high
P::J1025,operational,2023-04-01,day,2025-12-31,,MISO,high
P::J1026,operational,2020-09-30,day,2025-12-31,,MISO,high
P::J1027,withdrawn,2025-09-16,day,2025-12-31,,Berkeley,high
P::J1028,operational,2021-01-02,day,2025-12-31,,MISO,high
P::J1029,withdrawn,2019-03-13,day,,2020-12-31,Berkeley,high
P::J1030,operational,2023-01-23,day,2023-12-31,,MISO,high
P::J1031,withdrawn,2020-01-07,day,,2020-12-31,Berkeley,high
P::J1032,withdrawn,2020-03-25,day,,2020-12-31,Berkeley,high
P::J1033,withdrawn,2021-03-10,day,,2021-12-31,Berkeley,high
P::J1034,operational,2021-10-31,day,2025-12-31,,MISO,high
P::J1035,withdrawn,2018-10-15,day,,2020-12-31,Berkeley,high
P::J1036,withdrawn,2019-02-15,day,,2020-12-31,Berkeley,high
P::J1037,withdrawn,2019-08-15,day,,2020-12-31,Berkeley,high
P::J1038,withdrawn,2020-03-25,day,,2020-12-31,Berkeley,high
P::J1039,withdrawn,2021-03-10,day,,2021-12-31,Berkeley,high
P::J1040,operational,2021-09-01,day,2025-12-31,,MISO,high
P::J1041,withdrawn,2020-03-25,day,,2020-12-31,Berkeley,high
P::J1042,withdrawn,2023-08-09,day,2022-12-31,2023-12-31,Berkeley,high
P::J1043,withdrawn,2023-02-09,day,2020-12-31,2023-12-31,Berkeley,high
P::J1044,withdrawn,2019-10-24,day,,2020-12-31,Berkeley,high
P::J1045,operational,2021-10-31,day,2025-12-31,,MISO,high
P::J1046,withdrawn,2019-11-21,day,,2020-12-31,Berkeley,high
P::J1047,withdrawn,2019-10-24,day,,2020-12-31,Berkeley,high
P::J1048,withdrawn,2019-03-28,day,,2020-12-31,Berkeley,high
P::J1049,withdrawn,2019-08-29,day,,2020-12-31,Berkeley,high
P::J1050,operational,2022-07-01,day,2022-12-31,,MISO,high
P::J1051,withdrawn,2020-05-19,day,,2020-12-31,Berkeley,high
P::J1052,withdrawn,2019-03-27,day,,2020-12-31,Berkeley,high
P::J1053,withdrawn,2020-05-19,day,,2020-12-31,Berkeley,high
P::J1054,withdrawn,2020-03-25,day,,2020-12-31,Berkeley,high
P::J1055,operational,2020-10-15,day,2020-12-31,,MISO,high
P::J1056,withdrawn,2019-11-21,day,,2020-12-31,Berkeley,high
P::J1057,withdrawn,2020-03-25,day,,2020-12-31,Berkeley,high
P::J1058,operational,2021-10-31,day,2025-12-31,,MISO,high
P::J1059,withdrawn,2020-01-07,day,,2020-12-31,Berkeley,high
P::J1060,operational,2021-10-31,day,2025-12-31,,MISO,high
P::J1061,withdrawn,2020-03-25,day,,2020-12-31,Berkeley,high
P::J1062,operational,2021-10-31,day,2025-12-31,,MISO,high
P::J1063,operational,2024-05-01,day,2025-12-31,,MISO,high
P::J1064,withdrawn,2019-11-21,day,,2020-12-31,Berkeley,high
P::J1065,withdrawn,2019-11-21,day,,2020-12-31,Berkeley,high
P::J1066,withdrawn,2018-05-17,day,,2020-12-31,Berkeley,high
P::J1067,operational,2024-05-24,day,2025-12-31,,MISO,high
P::J1068,withdrawn,2019-11-21,day,,2020-12-31,Berkeley,high
P::J1069,operational,2022-09-01,day,2025-12-31,,MISO,high
P::J1070,withdrawn,2019-08-29,day,,2020-12-31,Berkeley,high
P::J1071,operational,2021-01-20,day,2025-12-31,,MISO,high
P::J1072,operational,2020-09-01,day,2025-12-31,,MISO,high
P::J1073,withdrawn,2019-08-29,day,,2020-12-31,Berkeley,high
P::J1074,withdrawn,2023-10-27,day,2023-12-31,2024-12-31,Berkeley,high
P::J1075,withdrawn,2018-11-01,day,,2020-12-31,Berkeley,high
P::J1076,operational,2021-09-15,day,2025-12-31,,MISO,high
P::J1077,withdrawn,2018-11-01,day,,2020-12-31,Berkeley,high
P::J1078,withdrawn,2019-08-29,day,,2020-12-31,Berkeley,high
P::J1079,withdrawn,2019-08-29,day,,2020-12-31,Berkeley,high
P::J1080,withdrawn,2019-03-22,day,,2020-12-31,Berkeley,high
P::J1081,withdrawn,2019-03-28,day,,2020-12-31,Berkeley,high
P::J1082,withdrawn,2019-03-28,day,,2020-12-31,Berkeley,high
P::J1083,withdrawn,2019-12-02,day,,2020-12-31,Berkeley,high
P::J1084,operational,2020-09-01,day,2025-12-31,,MISO,high
P::J1085,withdrawn,2020-05-19,day,,2020-12-31,Berkeley,high
P::J1086,withdrawn,2020-03-25,day,,2020-12-31,Berkeley,high
P::J1087,withdrawn,2025-09-16,day,2025-12-31,,Berkeley,high
P::J1088,withdrawn,2021-02-04,day,2020-12-31,2021-12-31,Berkeley,high
P::J1089,withdrawn,2021-02-04,day,2020-12-31,2021-12-31,Berkeley,high
P::J1090,withdrawn,2021-02-04,day,2020-12-31,2021-12-31,Berkeley,high
P::J1091,withdrawn,2019-08-29,day,,2020-12-31,Berkeley,high
P::J1092,operational,2022-09-30,day,2025-12-31,,MISO,high
P::J1093,withdrawn,2019-08-29,day,,2020-12-31,Berkeley,high
P::J1094,operational,2021-01-02,day,2025-12-31,,MISO,high
P::J1095,withdrawn,2019-08-29,day,,2020-12-31,Berkeley,high
P::J1096,operational,2021-01-02,day,2025-12-31,,MISO,high
P::J1097,withdrawn,2019-08-29,day,,2020-12-31,Berkeley,high
P::J1098,withdrawn,2021-03-09,day,2020-12-31,2021-12-31,Berkeley,high
P::J1099,withdrawn,2019-08-29,day,,2020-12-31,Berkeley,high
P::J1100,withdrawn,2019-08-29,day,,2020-12-31,Berkeley,high
P::J1101,withdrawn,2025-11-20,day,2024-12-31,2025-12-31,Berkeley,high
P::J1102,operational,2022-07-26,day,2025-12-31,,MISO,high
P::J1103,withdrawn,2020-06-30,day,,2020-12-31,Berkeley,high
P::J1104,withdrawn,2019-10-24,day,,2020-12-31,Berkeley,high
P::J1105,withdrawn,2021-03-09,day,2020-12-31,2021-12-31,Berkeley,high
P::J1106,withdrawn,2021-03-09,day,2020-12-31,2021-12-31,Berkeley,high
P::J1107,operational,2021-09-01,day,2025-12-31,,MISO,high
P::J1108,withdrawn,2020-03-25,day,,2020-12-31,Berkeley,high
P::J1109,withdrawn,2020-03-25,day,,2020-12-31,Berkeley,high
P::J1110,withdrawn,2021-06-18,day,2020-12-31,2021-12-31,Berkeley,high
P::J1111,withdrawn,2021-03-10,day,2020-12-31,2021-12-31,Berkeley,high
P::J1112,withdrawn,2021-03-10,day,2020-12-31,2021-12-31,Berkeley,high
P::J1113,withdrawn,2019-08-29,day,,2020-12-31,Berkeley,high
P::J1114,withdrawn,2020-03-25,day,,2020-12-31,Berkeley,high
P::J1115,operational,2021-09-01,day,2025-12-31,,MISO,high
P::J1116,withdrawn,2018-10-03,day,,2020-12-31,Berkeley,high
P::J1117,withdrawn,2019-05-30,day,,2020-12-31,Berkeley,high
P::J1118,withdrawn,2018-10-03,day,,2020-12-31,Berkeley,high
P::J1119,withdrawn,2019-06-10,day,,2020-12-31,Berkeley,high
P::J1120,withdrawn,2019-08-23,day,,2020-12-31,Berkeley,high
P::J1121,withdrawn,2020-05-19,day,,2020-12-31,Berkeley,high
P::J1122,withdrawn,2021-03-09,day,2020-12-31,2021-12-31,Berkeley,high
P::J1123,withdrawn,2020-01-02,day,,2020-12-31,Berkeley,high
P::J1124,operational,2021-09-15,day,2025-12-31,,MISO,high
P::J1125,operational,2021-07-31,day,2025-12-31,,MISO,high
P::J1126,withdrawn,2018-11-01,day,,2020-12-31,Berkeley,high
P::J1127,withdrawn,2019-10-25,day,,2020-12-31,Berkeley,high
P::J1128,withdrawn,2021-03-09,day,2020-12-31,2021-12-31,Berkeley,high
P::J1129,withdrawn,2019-10-25,day,,2020-12-31,Berkeley,high
P::J1130,withdrawn,2019-08-29,day,,2020-12-31,Berkeley,high
P::J1131,operational,2023-10-01,day,2025-12-31,,MISO,high
P::J1132,operational,2024-10-05,day,2025-12-31,,MISO,high
P::J1133,withdrawn,2018-10-01,day,,2020-12-31,Berkeley,high
P::J1134,withdrawn,2018-06-05,day,,2020-12-31,Berkeley,high
P::J1135,operational,2021-10-01,day,2025-12-31,,MISO,high
P::J1136,withdrawn,2018-06-05,day,,2020-12-31,Berkeley,high
P::J1137,withdrawn,2019-08-28,day,,2020-12-31,Berkeley,high
P::J1138,withdrawn,2018-12-07,day,,2020-12-31,Berkeley,high
P::J1139,operational,2020-10-31,day,2025-12-31,,MISO,high
P::J1140,withdrawn,2021-03-09,day,2020-12-31,2021-12-31,Berkeley,high
P::J1141,withdrawn,2018-09-07,day,,2020-12-31,Berkeley,high
P::J1142,operational,2020-07-01,day,2023-12-31,,MISO,high
P::J1143,withdrawn,2020-03-25,day,,2020-12-31,Berkeley,high
P::J1144,operational,2021-09-01,day,2025-12-31,,MISO,high
P::J1145,operational,2021-04-01,day,2025-12-31,,MISO,high
P::J1146,operational,2020-10-10,day,,,MISO,high
P::J1147,withdrawn,2020-01-24,day,,2020-12-31,Berkeley,high
P::J1148,withdrawn,2020-01-07,day,,2020-12-31,Berkeley,high
P::J1149,withdrawn,2020-03-25,day,,2020-12-31,Berkeley,high
P::J1150,withdrawn,2018-08-10,day,,2020-12-31,Berkeley,high
P::J1151,withdrawn,2019-08-29,day,,2020-12-31,Berkeley,high
P::J1152,withdrawn,2022-07-19,day,2021-12-31,2022-12-31,Berkeley,high
P::J1153,operational,2022-06-01,day,2023-12-31,,MISO,high
P::J1154,operational,2024-04-16,day,2025-12-31,,MISO,high
P::J1155,operational,2024-12-13,day,2025-12-31,,MISO,high
P::J1156,withdrawn,2019-08-28,day,,2020-12-31,Berkeley,high
P::J1157,withdrawn,2019-08-28,day,,2020-12-31,Berkeley,high
P::J1158,operational,2020-06-01,day,2025-12-31,,MISO,high
P::J1159,withdrawn,2019-08-28,day,,2020-12-31,Berkeley,high
P::J1160,withdrawn,2019-01-31,day,,2020-12-31,Berkeley,high
P::J1161,withdrawn,2020-01-07,day,,2020-12-31,Berkeley,high
P::J1162,withdrawn,2019-08-28,day,,2020-12-31,Berkeley,high
P::J1163,withdrawn,2019-08-28,day,,2020-12-31,Berkeley,high
P::J1164,operational,2021-08-01,day,2025-12-31,,MISO,high
P::J1165,withdrawn,2019-08-28,day,,2020-12-31,Berkeley,high
P::J1166,withdrawn,2019-08-28,day,,2020-12-31,Berkeley,high
P::J1167,withdrawn,2019-01-14,day,,2020-12-31,Berkeley,high
P::J1168,withdrawn,2019-08-28,day,,2020-12-31,Berkeley,high
P::J1169,operational,2021-08-31,day,2025-12-31,,MISO,high
P::J1170,withdrawn,2020-03-25,day,,2020-12-31,Berkeley,high
P::J1171,operational,2024-03-01,day,2025-12-31,,MISO,high
P::J1172,operational,2021-07-01,day,2025-12-31,,MISO,high
P::J1173,withdrawn,2020-06-30,day,,2020-12-31,Berkeley,high
P::J1174,operational,2021-10-31,day,2025-12-31,,MISO,high
P::J1175,operational,2021-10-31,day,2025-12-31,,MISO,high
P::J1176,withdrawn,2019-08-15,day,,2020-12-31,Berkeley,high
P::J1177,withdrawn,2020-03-25,day,,2020-12-31,Berkeley,high
P::J1178,withdrawn,2021-08-06,day,2020-12-31,2021-12-31,Berkeley,high
P::J1179,withdrawn,2020-03-25,day,,2020-12-31,Berkeley,high
P::J1180,operational,2024-03-05,day,2025-12-31,,MISO,high
P::J1181,operational,2022-10-31,day,2023-12-31,,MISO,high
P::J1182,operational,2024-11-15,day,2024-12-31,,MISO,high
P::J1183,operational,2019-10-15,day,2023-12-31,,MISO,high
P::J1184,operational,2021-08-24,day,2025-12-31,,MISO,high
P::J1185,withdrawn,2019-04-24,day,,2020-12-31,Berkeley,high
P::J1186,withdrawn,2019-08-28,day,,2020-12-31,Berkeley,high
P::J1187,withdrawn,2021-03-09,day,2020-12-31,2021-12-31,Berkeley,high
P::J1188,operational,2022-06-01,day,2023-12-31,,MISO,high
P::J1189,operational,2022-03-04,day,2025-12-31,,MISO,high
P::J1190,operational,2023-10-01,day,2025-12-31,,MISO,high
P::J1191,withdrawn,2025-02-10,day,2023-12-31,2024-12-31,Berkeley,high
P::J1192,withdrawn,2022-10-25,day,2021-12-31,2022-12-31,Berkeley,high
P::J1193,withdrawn,2020-04-28,day,,2020-12-31,Berkeley,high
P::J1194,operational,2021-11-01,day,2023-12-31,,MISO,high
P::J1195,withdrawn,2020-01-03,day,,2020-12-31,Berkeley,high
P::J1196,operational,2022-08-29,day,2025-12-31,,MISO,high
P::J1197,withdrawn,2021-08-05,day,2020-12-31,2021-12-31,Berkeley,high
P::J1198,operational,2021-06-15,day,2025-12-31,,MISO,high
P::J1199,operational,2021-06-15,day,2025-12-31,,MISO,high
P::J1200,operational,2021-06-15,day,2025-12-31,,MISO,high
P::J1201,operational,2021-06-15,day,2025-12-31,,MISO,high
P::J1202,operational,2021-06-15,day,2025-12-31,,MISO,high
P::J1203,operational,2022-06-01,day,2025-12-31,,MISO,high
P::J1204,withdrawn,2024-05-03,day,2023-12-31,2024-12-31,Berkeley,high
P::J1205,operational,2023-09-30,day,2023-12-31,,MISO,high
P::J1206,withdrawn,2021-02-10,day,2020-12-31,2021-12-31,Berkeley,high
P::J1207,withdrawn,2022-12-02,day,2021-12-31,2022-12-31,Berkeley,high
P::J1208,operational,2023-10-31,day,2025-12-31,,MISO,high
P::J1209,operational,2023-10-31,day,2025-12-31,,MISO,high
P::J1210,operational,2023-10-31,day,2025-12-31,,MISO,high
P::J1211,withdrawn,2021-02-11,day,2020-12-31,2021-12-31,Berkeley,high
P::J1212,withdrawn,2021-03-24,day,2020-12-31,2021-12-31,Berkeley,high
P::J1213,operational,2022-12-31,day,2025-12-31,,MISO,high
P::J1214,operational,2022-10-30,day,2025-12-31,,MISO,high
P::J1215,operational,2022-10-30,day,2025-12-31,,MISO,high
P::J1216,operational,2023-10-30,day,2025-12-31,,MISO,high
P::J1217,withdrawn,2021-03-18,day,2020-12-31,2021-12-31,Berkeley,high
P::J1218,operational,2023-10-30,day,2025-12-31,,MISO,high
P::J1219,operational,2022-10-30,day,2025-12-31,,MISO,high
P::J1220,withdrawn,2020-08-04,day,,2020-12-31,Berkeley,high
P::J1221,operational,2023-10-30,day,2025-12-31,,MISO,high
P::J1222,withdrawn,2021-08-05,day,2020-12-31,2021-12-31,Berkeley,high
P::J1223,withdrawn,2021-03-18,day,2020-12-31,2021-12-31,Berkeley,high
P::J1224,operational,2022-10-30,day,2025-12-31,,MISO,high
P::J1225,withdrawn,2021-08-05,day,2020-12-31,2021-12-31,Berkeley,high
P::J1226,operational,2023-09-29,day,2025-12-31,,MISO,high
P::J1227,withdrawn,2021-08-05,day,2020-12-31,2021-12-31,Berkeley,high
P::J1228,withdrawn,2019-11-05,day,,2020-12-31,Berkeley,high
P::J1229,operational,2023-10-30,day,2025-12-31,,MISO,high
P::J1230,withdrawn,2021-03-24,day,,2023-12-31,Berkeley,high
P::J1231,withdrawn,2024-12-13,day,2023-12-31,2024-12-31,Berkeley,high
P::J1232,operational,2022-07-01,day,2025-12-31,,MISO,high
P::J1233,withdrawn,2023-02-06,day,,2023-12-31,Berkeley,high
P::J1234,operational,2023-10-31,day,2025-12-31,,MISO,high
P::J1235,operational,2023-10-31,day,2025-12-31,,MISO,high
P::J1236,withdrawn,2020-08-04,day,,2020-12-31,Berkeley,high
P::J1237,withdrawn,2020-01-03,day,,2020-12-31,Berkeley,high
P::J1238,withdrawn,2020-08-04,day,,2020-12-31,Berkeley,high
P::J1239,operational,2023-04-01,day,2025-12-31,,MISO,high
P::J1240,withdrawn,2019-11-01,day,,2020-12-31,Berkeley,high
P::J1241,operational,2022-09-01,day,2025-12-31,,MISO,high
P::J1242,withdrawn,2021-08-05,day,2020-12-31,2021-12-31,Berkeley,high
P::J1243,withdrawn,2021-08-05,day,2020-12-31,2021-12-31,Berkeley,high
P::J1244,withdrawn,2022-03-08,day,2021-12-31,2022-12-31,Berkeley,high
P::J1245,withdrawn,2020-08-04,day,,2020-12-31,Berkeley,high
P::J1246,operational,2023-10-31,day,2025-12-31,,MISO,high
P::J1247,operational,2023-04-11,day,2025-12-31,,MISO,high
P::J1248,operational,2021-08-01,day,2025-12-31,,MISO,high
P::J1249,operational,2022-07-24,day,2022-12-31,,MISO,high
P::J1250,withdrawn,2020-08-04,day,,2020-12-31,Berkeley,high
P::J1251,operational,2022-10-30,day,2025-12-31,,MISO,high
P::J1252,withdrawn,2021-02-08,day,,2021-12-31,Berkeley,high
P::J1253,withdrawn,2024-10-18,day,2023-12-31,2024-12-31,Berkeley,high
P::J1254,withdrawn,2021-08-05,day,2020-12-31,2021-12-31,Berkeley,high
P::J1255,operational,2022-10-30,day,2025-12-31,,MISO,high
P::J1256,withdrawn,2020-05-06,day,,2020-12-31,Berkeley,high
P::J1257,operational,2022-10-30,day,2025-12-31,,MISO,high
P::J1258,operational,2023-10-30,day,2025-12-31,,MISO,high
P::J1259,withdrawn,2020-08-04,day,,2020-12-31,Berkeley,high
P::J1260,withdrawn,2020-08-05,day,,2020-12-31,Berkeley,high
P::J1261,withdrawn,2020-08-05,day,,2020-12-31,Berkeley,high
P::J1262,operational,2019-06-01,day,2025-12-31,,MISO,high
P::J1263,operational,2022-01-01,day,2025-12-31,,MISO,high
P::J1264,withdrawn,2020-05-11,day,,2020-12-31,Berkeley,high
P::J1265,withdrawn,2023-01-31,day,2022-12-31,2023-12-31,Berkeley,high
P::J1266,operational,2022-07-01,day,2025-12-31,,MISO,high
P::J1267,withdrawn,2020-08-06,day,,2020-12-31,Berkeley,high
P::J1268,operational,2022-11-30,day,2025-12-31,,MISO,high
P::J1269,operational,2022-07-01,day,2025-12-31,,MISO,high
P::J1270,operational,2023-09-29,day,2025-12-31,,MISO,high
P::J1271,withdrawn,2021-08-05,day,2020-12-31,2021-12-31,Berkeley,high
P::J1272,operational,2022-07-01,day,2025-12-31,,MISO,high
P::J1273,withdrawn,2019-11-05,day,,2020-12-31,Berkeley,high
P::J1274,withdrawn,2021-08-05,day,2020-12-31,2021-12-31,Berkeley,high
P::J1275,withdrawn,2021-08-05,day,2020-12-31,2021-12-31,Berkeley,high
P::J1276,withdrawn,2023-03-07,day,2022-12-31,2023-12-31,Berkeley,high
P::J1277,withdrawn,2020-08-04,day,,2020-12-31,Berkeley,high
P::J1278,withdrawn,2020-08-05,day,,2020-12-31,Berkeley,high
P::J1279,withdrawn,2021-03-18,day,2020-12-31,2021-12-31,Berkeley,high
P::J1280,withdrawn,2020-08-05,day,,2020-12-31,Berkeley,high
P::J1281,operational,2022-03-01,day,2025-12-31,,MISO,high
P::J1282,withdrawn,2021-03-18,day,2020-12-31,2021-12-31,Berkeley,high
P::J1283,withdrawn,2019-09-05,day,,2020-12-31,Berkeley,high
P::J1284,withdrawn,2021-03-24,day,2020-12-31,2021-12-31,Berkeley,high
P::J1285,withdrawn,2021-03-24,day,,2023-12-31,Berkeley,high
P::J1286,operational,2022-10-30,day,2025-12-31,,MISO,high
P::J1287,withdrawn,2020-08-05,day,,2020-12-31,Berkeley,high
P::J1288,withdrawn,2020-04-16,day,,2020-12-31,Berkeley,high
P::J1289,operational,2022-04-20,day,2025-12-31,,MISO,high
P::J1290,withdrawn,2020-08-04,day,,2020-12-31,Berkeley,high
P::J1291,withdrawn,2020-01-14,day,,2020-12-31,Berkeley,high
P::J1292,operational,2021-05-01,day,2025-12-31,,MISO,high
P::J1293,withdrawn,2020-08-04,day,,2020-12-31,Berkeley,high
P::J1294,operational,2024-08-02,day,2025-12-31,,MISO,high
P::J1295,operational,2023-12-31,day,2024-12-31,,MISO,high
P::J1296,withdrawn,2021-08-05,day,2020-12-31,2021-12-31,Berkeley,high
P::J1297,withdrawn,2025-09-16,day,2025-12-31,,Berkeley,high
P::J1298,withdrawn,2023-02-02,day,2022-12-31,2023-12-31,Berkeley,high
P::J1299,operational,2021-12-01,day,2025-12-31,,MISO,high
P::J1300,withdrawn,2021-03-24,day,2020-12-31,2021-12-31,Berkeley,high
P::J1301,withdrawn,2021-08-05,day,2020-12-31,2021-12-31,Berkeley,high
P::J1302,operational,2022-12-01,day,2025-12-31,,MISO,high
P::J1303,withdrawn,2025-09-16,day,2025-12-31,,Berkeley,high
P::J1304,operational,2023-08-11,day,2023-12-31,,MISO,high
P::J1305,operational,2023-05-05,day,2023-12-31,,MISO,high
P::J1306,withdrawn,2025-09-24,day,2025-12-31,,Berkeley,high
P::J1307,withdrawn,2022-03-08,day,2021-12-31,2022-12-31,Berkeley,high
P::J1308,operational,2021-12-01,day,2025-12-31,,MISO,high
P::J1309,withdrawn,2019-09-12,day,,2020-12-31,Berkeley,high
P::J1310,operational,2022-06-30,day,2025-12-31,,MISO,high
P::J1311,operational,2026-06-30,day,2025-12-31,,MISO,high
P::J1312,operational,2022-06-30,day,2025-12-31,,MISO,high
P::J1313,operational,2022-06-30,day,2025-12-31,,MISO,high
P::J1314,operational,2022-06-30,day,2025-12-31,,MISO,high
P::J1315,withdrawn,2022-09-01,day,2021-12-31,2022-12-31,Berkeley,high
P::J1316,operational,2024-12-11,day,2025-12-31,,MISO,high
P::J1317,withdrawn,2020-01-03,day,,2020-12-31,Berkeley,high
P::J1318,withdrawn,2021-08-05,day,2020-12-31,2021-12-31,Berkeley,high
P::J1319,operational,2022-08-01,day,2022-12-31,,MISO,high
P::J1320,operational,2019-04-20,day,2025-12-31,,MISO,high
P::J1321,withdrawn,2022-02-21,day,2021-12-31,2022-12-31,Berkeley,high
P::J1322,withdrawn,2021-01-26,day,2020-12-31,2021-12-31,Berkeley,high
P::J1323,operational,2023-10-30,day,2025-12-31,,MISO,high
P::J1324,withdrawn,2020-05-11,day,,2020-12-31,Berkeley,high
P::J1325,operational,2022-06-30,day,2025-12-31,,MISO,high
P::J1326,operational,2022-10-30,day,2025-12-31,,MISO,high
P::J1327,withdrawn,2021-02-08,day,,2021-12-31,Berkeley,high
P::J1328,withdrawn,2022-02-22,day,2021-12-31,2022-12-31,Berkeley,high
P::J1329,operational,2022-10-30,day,2025-12-31,,MISO,high
P::J1330,withdrawn,2021-08-05,day,2020-12-31,2021-12-31,Berkeley,high
P::J1331,operational,2022-06-30,day,2025-12-31,,MISO,high
P::J1332,withdrawn,2024-03-08,day,2023-12-31,2024-12-31,Berkeley,high
P::J1333,operational,2024-06-15,day,2023-12-31,,MISO,high
P::J1334,operational,2024-06-15,day,2023-12-31,,MISO,high
P::J1335,operational,2024-06-24,day,2023-12-31,,MISO,high
P::J1336,operational,2022-07-01,day,2025-12-31,,MISO,high
P::J1337,withdrawn,2021-03-24,day,2020-12-31,2021-12-31,Berkeley,high
P::J1338,withdrawn,2021-08-05,day,,2023-12-31,Berkeley,high
P::J1339,operational,2022-07-01,day,2025-12-31,,MISO,high
P::J1340,operational,2022-07-01,day,2025-12-31,,MISO,high
P::J1341,withdrawn,2021-03-24,day,2020-12-31,2021-12-31,Berkeley,high
P::J1342,withdrawn,2022-05-20,day,2021-12-31,2022-12-31,Berkeley,high
P::J1343,withdrawn,2020-03-05,day,,2020-12-31,Berkeley,high
P::J1344,withdrawn,2020-03-05,day,,2020-12-31,Berkeley,high
P::J1345,withdrawn,2022-03-08,day,,2023-12-31,Berkeley,high
P::J1346,withdrawn,2020-05-29,day,,2020-12-31,Berkeley,high
P::J1347,operational,2023-06-01,day,2023-12-31,,MISO,high
P::J1348,operational,2022-04-20,day,2025-12-31,,MISO,high
P::J1349,withdrawn,2022-02-22,day,2021-12-31,2022-12-31,Berkeley,high
P::J1350,withdrawn,2023-04-07,day,2022-12-31,2023-12-31,Berkeley,high
P::J1351,withdrawn,2020-08-05,day,,2020-12-31,Berkeley,high
P::J1352,operational,2022-04-20,day,2025-12-31,,MISO,high
P::J1353,withdrawn,2023-09-05,day,,2023-12-31,Berkeley,high
P::J1354,operational,2023-05-30,day,2025-12-31,,MISO,high
P::J1355,operational,2023-05-30,day,2025-12-31,,MISO,high
P::J1356,withdrawn,2022-05-20,day,2021-12-31,2022-12-31,Berkeley,high
P::J1357,operational,2023-05-30,day,2025-12-31,,MISO,high
P::J1358,operational,2023-05-30,day,2025-12-31,,MISO,high
P::J1359,operational,2022-03-01,day,2025-12-31,,MISO,high
P::J1360,operational,2022-04-20,day,2025-12-31,,MISO,high
P::J1361,operational,2024-11-06,day,2025-12-31,,MISO,high
P::J1362,withdrawn,2020-02-13,day,,2020-12-31,Berkeley,high
P::J1363,withdrawn,2021-08-05,day,2020-12-31,2021-12-31,Berkeley,high
P::J1364,withdrawn,2020-08-05,day,,2020-12-31,Berkeley,high
P::J1365,operational,2022-07-01,day,2025-12-31,,MISO,high
P::J1366,withdrawn,2020-04-02,day,,2020-12-31,Berkeley,high
P::J1367,operational,2021-07-01,day,2025-12-31,,MISO,high
P::J1368,operational,2023-06-01,day,2023-12-31,,MISO,high
P::J1369,operational,2022-07-01,day,2025-12-31,,MISO,high
P::J1370,withdrawn,2022-03-08,day,2021-12-31,2022-12-31,Berkeley,high
P::J1371,withdrawn,2022-02-07,day,2021-12-31,2022-12-31,Berkeley,high
P::J1372,operational,2023-06-01,day,2023-12-31,,MISO,high
P::J1373,operational,2023-03-15,day,2022-12-31,,MISO,high
P::J1374,operational,2021-08-01,day,2025-12-31,,MISO,high
P::J1375,operational,2023-09-29,day,2025-12-31,,MISO,high
P::J1376,withdrawn,2021-08-05,day,2020-12-31,2021-12-31,Berkeley,high
P::J1377,operational,2022-07-15,day,2025-12-31,,MISO,high
P::J1378,withdrawn,2025-07-16,day,2025-12-31,,Berkeley,high
P::J1379,operational,2023-10-01,day,2025-12-31,,MISO,high
P::J1380,withdrawn,2020-07-17,day,,2020-12-31,Berkeley,high
P::J1381,operational,2023-10-01,day,2025-12-31,,MISO,high
P::J1382,operational,2022-08-01,day,2025-12-31,,MISO,high
P::J1383,operational,2022-08-01,day,2025-12-31,,MISO,high
P::J1384,withdrawn,2020-07-22,day,,2020-12-31,Berkeley,high
P::J1385,withdrawn,2021-08-05,day,2020-12-31,2021-12-31,Berkeley,high
P::J1386,operational,2022-07-01,day,2025-12-31,,MISO,high
P::J1387,operational,2021-12-31,day,2025-12-31,,MISO,high
P::J1388,operational,2021-12-31,day,2025-12-31,,MISO,high
P::J1389,operational,2022-08-01,day,2025-12-31,,MISO,high
P::J1390,operational,2022-08-01,day,2025-12-31,,MISO,high
P::J1391,operational,2022-08-01,day,2025-12-31,,MISO,high
P::J1392,operational,2023-10-30,day,2025-12-31,,MISO,high
P::J1393,operational,2023-10-30,day,2025-12-31,,MISO,high
P::J1394,withdrawn,2021-02-08,day,2020-12-31,2021-12-31,Berkeley,high
P::J1395,withdrawn,2022-09-01,day,2021-12-31,2022-12-31,Berkeley,high
P::J1396,operational,2024-08-20,day,2024-12-31,,MISO,high
P::J1397,withdrawn,2020-05-18,day,,2020-12-31,Berkeley,high
P::J1398,withdrawn,2021-08-05,day,2020-12-31,2021-12-31,Berkeley,high
P::J1399,operational,2021-12-01,day,2025-12-31,,MISO,high
P::J1400,withdrawn,2020-07-30,day,,2020-12-31,Berkeley,high
P::J1401,operational,2024-04-01,day,2023-12-31,,MISO,high
P::J1402,operational,2021-08-01,day,2023-12-31,,MISO,high
P::J1403,withdrawn,2022-03-08,day,2021-12-31,2022-12-31,Berkeley,high
P::J1404,withdrawn,2020-07-23,day,,2020-12-31,Berkeley,high
P::J1405,withdrawn,2022-05-20,day,2021-12-31,2022-12-31,Berkeley,high
P::J1406,withdrawn,2020-02-07,day,,2020-12-31,Berkeley,high
P::J1407,operational,2022-08-01,day,2025-12-31,,MISO,high
P::J1408,withdrawn,2025-08-05,day,2024-12-31,2025-12-31,Berkeley,high
P::J1409,withdrawn,2021-08-05,day,,2023-12-31,Berkeley,high
P::J1410,operational,2022-10-30,day,2025-12-31,,MISO,high
P::J1411,operational,2022-10-30,day,2025-12-31,,MISO,high
P::J1412,withdrawn,2020-04-15,day,,2020-12-31,Berkeley,high
P::J1413,withdrawn,2022-09-01,day,2021-12-31,2022-12-31,Berkeley,high
P::J1414,withdrawn,2020-08-04,day,,2020-12-31,Berkeley,high
P::J1415,operational,2023-10-30,day,2025-12-31,,MISO,high
P::J1416,withdrawn,2022-02-21,day,2021-12-31,2022-12-31,Berkeley,high
P::J1417,withdrawn,2022-02-21,day,,2023-12-31,Berkeley,high
P::J1418,withdrawn,2020-01-02,day,,2020-12-31,Berkeley,high
P::J1419,withdrawn,2022-05-20,day,2021-12-31,2022-12-31,Berkeley,high
P::J1420,withdrawn,2020-03-05,day,,2020-12-31,Berkeley,high
P::J1421,operational,2021-10-20,day,2025-12-31,,MISO,high
P::J1422,operational,2021-10-20,day,2025-12-31,,MISO,high
P::J1423,withdrawn,2020-06-11,day,,2020-12-31,Berkeley,high
P::J1424,operational,2022-08-01,day,2025-12-31,,MISO,high
P::J1425,operational,2022-05-19,day,2021-12-31,,MISO,high
P::J1426,operational,2022-08-01,day,2025-12-31,,MISO,high
P::J1427,withdrawn,2021-03-24,day,2020-12-31,2021-12-31,Berkeley,high
P::J1428,withdrawn,2021-03-24,day,2020-12-31,2021-12-31,Berkeley,high
P::J1429,withdrawn,2020-05-18,day,,2020-12-31,Berkeley,high
P::J1430,operational,2023-12-21,day,2025-12-31,,MISO,high
P::J1431,operational,2021-06-01,day,2025-12-31,,MISO,high
P::J1432,operational,2022-08-01,day,2025-12-31,,MISO,high
P::J1433,withdrawn,2019-10-22,day,,2020-12-31,Berkeley,high
P::J1434,withdrawn,2025-08-21,day,2024-12-31,,Berkeley,high
P::J1435,withdrawn,2021-03-24,day,2020-12-31,2021-12-31,Berkeley,high
P::J1436,operational,2023-07-01,day,2023-12-31,,MISO,high
P::J1437,operational,2021-04-30,day,2025-12-31,,MISO,high
P::J1438,withdrawn,2022-06-28,day,2021-12-31,2022-12-31,Berkeley,high
P::J1439,withdrawn,2020-08-04,day,,2020-12-31,Berkeley,high
P::J1440,operational,2023-10-30,day,2025-12-31,,MISO,high
P::J1441,withdrawn,2022-04-19,day,2021-12-31,2022-12-31,Berkeley,high
P::J1442,operational,2023-10-30,day,2025-12-31,,MISO,high
P::J1443,withdrawn,2020-01-14,day,,2020-12-31,Berkeley,high
P::J1444,operational,2015-08-01,day,2025-12-31,,MISO,high
P::J1445,operational,2022-08-01,day,2025-12-31,,MISO,high
P::J1446,withdrawn,2022-02-21,day,2021-12-31,2022-12-31,Berkeley,high
P::J1447,withdrawn,2024-02-27,day,2023-12-31,2024-12-31,Berkeley,high
P::J1448,withdrawn,2022-05-20,day,2021-12-31,2022-12-31,Berkeley,high
P::J1449,withdrawn,2021-02-10,day,2020-12-31,2021-12-31,Berkeley,high
P::J1450,withdrawn,2025-08-22,day,2025-12-31,,Berkeley,high
P::J1451,withdrawn,2020-05-06,day,,2020-12-31,Berkeley,high
P::J1452,withdrawn,2021-03-18,day,2020-12-31,2021-12-31,Berkeley,high
P::J1453,operational,2022-05-03,day,2023-12-31,,MISO,high
P::J1454,operational,2021-08-18,day,2023-12-31,,MISO,high
P::J1455,withdrawn,2022-09-12,day,2021-12-31,2022-12-31,Berkeley,high
P::J1456,withdrawn,2022-09-01,day,2021-12-31,2022-12-31,Berkeley,high
P::J1457,withdrawn,2021-08-05,day,2020-12-31,2021-12-31,Berkeley,high
P::J1458,operational,2022-08-01,day,2025-12-31,,MISO,high
P::J1459,withdrawn,2020-01-27,day,,2020-12-31,Berkeley,high
P::J1460,operational,2022-06-30,day,2025-12-31,,MISO,high
P::J1461,withdrawn,2021-03-24,day,2020-12-31,2021-12-31,Berkeley,high
P::J1462,withdrawn,2020-08-06,day,,2020-12-31,Berkeley,high
P::J1463,withdrawn,2024-06-04,day,2023-12-31,2024-12-31,Berkeley,high
P::J1464,operational,2024-03-03,day,2024-12-31,,MISO,high
P::J1465,operational,2022-08-01,day,2025-12-31,,MISO,high
P::J1466,operational,2022-08-01,day,2025-12-31,,MISO,high
P::J1467,withdrawn,2021-03-24,day,2020-12-31,2021-12-31,Berkeley,high
P::J1468,withdrawn,2022-02-21,day,2021-12-31,2022-12-31,Berkeley,high
P::J1469,withdrawn,2020-08-06,day,,2020-12-31,Berkeley,high
P::J1470,operational,2020-12-14,day,2025-12-31,,MISO,high
P::J1471,withdrawn,2022-02-21,day,2021-12-31,2022-12-31,Berkeley,high
P::J1472,operational,2022-08-01,day,2025-12-31,,MISO,high
P::J1473,withdrawn,2021-03-24,day,2020-12-31,2021-12-31,Berkeley,high
P::J1474,withdrawn,2023-11-14,day,2023-12-31,2024-12-31,Berkeley,high
P::J1475,operational,2024-03-05,day,2025-12-31,,MISO,high
P::J1476,withdrawn,2021-03-24,day,,2021-12-31,Berkeley,high
P::J1477,operational,2021-10-01,day,2025-12-31,,MISO,high
P::J1478,withdrawn,2022-02-18,day,,2023-12-31,Berkeley,high
P::J1479,withdrawn,2022-02-18,day,2021-12-31,2022-12-31,Berkeley,high
P::J1480,withdrawn,2020-04-14,day,,2020-12-31,Berkeley,high
P::J1481,operational,2022-08-15,day,2025-12-31,,MISO,high
P::J1482,operational,2024-12-17,day,2025-12-31,,MISO,high
P::J1483,operational,2023-10-30,day,2025-12-31,,MISO,high
P::J1484,withdrawn,2020-01-14,day,,2020-12-31,Berkeley,high
P::J1485,operational,2022-10-30,day,2025-12-31,,MISO,high
P::J1486,withdrawn,2020-03-17,day,,2020-12-31,Berkeley,high
P::J1487,withdrawn,2022-02-18,day,2021-12-31,2022-12-31,Berkeley,high
P::J1488,operational,2024-03-31,day,2025-12-31,,MISO,high
P::J1489,withdrawn,2020-05-22,day,,2022-12-31,Berkeley,high
P::J1490,operational,2024-03-31,day,2025-12-31,,MISO,high
P::J1491,withdrawn,2021-02-13,day,2023-12-31,2024-12-31,Berkeley,high
P::J1492,withdrawn,2023-02-22,day,2022-12-31,2023-12-31,Berkeley,high
P::J1493,withdrawn,2021-01-05,day,,2021-12-31,Berkeley,high
P::J1494,withdrawn,2023-01-31,day,2022-12-31,2023-12-31,Berkeley,high
P::J1495,withdrawn,2023-01-31,day,2022-12-31,2023-12-31,Berkeley,high
P::J1496,withdrawn,2021-11-17,day,,2021-12-31,MISO,high
P::J1497,withdrawn,2023-06-29,day,2022-12-31,2023-12-31,Berkeley,high
P::J1498,withdrawn,2023-01-31,day,2022-12-31,2023-12-31,Berkeley,high
P::J1499,withdrawn,2023-02-10,day,,2023-12-31,Berkeley,high
P::J1500,withdrawn,2021-12-08,day,2020-12-31,2021-12-31,Berkeley,high
P::J1501,withdrawn,2021-04-20,day,,2021-12-31,Berkeley,high
P::J1502,operational,2023-03-31,day,2025-12-31,,MISO,high
P::J1503,operational,2024-10-31,day,2025-12-31,,MISO,high
P::J1504,operational,2024-10-31,day,2025-12-31,,MISO,high
P::J1505,withdrawn,2020-12-22,day,,2020-12-31,Berkeley,high
P::J1506,withdrawn,2020-12-22,day,,2020-12-31,Berkeley,high
P::J1507,withdrawn,2020-12-22,day,,2020-12-31,Berkeley,high
P::J1508,operational,2023-09-01,day,2025-12-31,,MISO,high
P::J1509,withdrawn,2024-01-17,day,2023-12-31,2024-12-31,Berkeley,high
P::J1510,withdrawn,2023-11-17,day,2023-12-31,2024-12-31,Berkeley,high
P::J1511,withdrawn,2021-01-06,day,,2021-12-31,Berkeley,high
P::J1512,withdrawn,2021-12-08,day,2020-12-31,2021-12-31,Berkeley,high
P::J1513,operational,2023-10-01,day,2025-12-31,,MISO,high
P::J1514,operational,2024-12-13,day,2025-12-31,,MISO,high
P::J1515,withdrawn,2021-01-23,day,2020-12-31,2021-12-31,Berkeley,high
P::J1516,withdrawn,2025-06-18,day,2024-12-31,2025-12-31,Berkeley,high
P::J1517,withdrawn,2023-07-17,day,,2023-12-31,Berkeley,high
P::J1518,operational,2025-06-20,day,2025-12-31,,MISO,high
P::J1519,withdrawn,2026-09-01,day,2025-12-31,2026-03-01,MISO,high
P::J1520,operational,2024-10-31,day,2025-12-31,,MISO,high
P::J1521,withdrawn,2021-11-16,day,2020-12-31,2021-12-31,MISO,high
P::J1522,withdrawn,2020-11-30,day,,2020-12-31,Berkeley,high
P::J1523,withdrawn,2023-02-10,day,,2023-12-31,Berkeley,high
P::J1524,withdrawn,2021-01-06,day,,2021-12-31,Berkeley,high
P::J1525,operational,2023-10-01,day,2025-12-31,,MISO,high
P::J1526,withdrawn,2024-09-12,day,2023-12-31,2024-12-31,Berkeley,high
P::J1527,withdrawn,2024-09-12,day,2023-12-31,2024-12-31,Berkeley,high
P::J1528,operational,2024-06-06,day,2023-12-31,,MISO,high
P::J1529,operational,2023-09-15,day,2025-12-31,,MISO,high
P::J1530,operational,2023-09-15,day,2025-12-31,,MISO,high
P::J1531,withdrawn,2020-10-08,day,,2020-12-31,Berkeley,high
P::J1532,operational,2023-09-15,day,2025-12-31,,MISO,high
P::J1533,withdrawn,2021-11-17,day,2020-12-31,2021-12-31,MISO,high
P::J1534,operational,2023-06-01,day,2025-12-31,,MISO,high
P::J1535,withdrawn,2021-03-15,day,2020-12-31,2021-12-31,Berkeley,high
P::J1536,withdrawn,2020-11-24,day,,2020-12-31,Berkeley,high
P::J1537,withdrawn,2022-12-01,day,2021-12-31,2022-12-31,Berkeley,high
P::J1538,withdrawn,2020-09-16,day,,2020-12-31,Berkeley,high
P::J1539,withdrawn,2021-12-08,day,2020-12-31,2021-12-31,Berkeley,high
P::J1540,withdrawn,2020-12-02,day,,2020-12-31,Berkeley,high
P::J1541,withdrawn,2020-09-18,day,,2020-12-31,Berkeley,high
P::J1542,operational,2023-10-01,day,2025-12-31,,MISO,high
P::J1543,withdrawn,2020-09-18,day,,2020-12-31,Berkeley,high
P::J1544,withdrawn,2021-11-17,day,2020-12-31,2021-12-31,MISO,high
P::J1545,withdrawn,2020-12-21,day,,2020-12-31,Berkeley,high
P::J1546,withdrawn,2020-11-24,day,,2020-12-31,Berkeley,high
P::J1547,withdrawn,2020-10-01,day,,2020-12-31,Berkeley,high
P::J1548,withdrawn,2020-12-18,day,,2020-12-31,Berkeley,high
P::J1549,withdrawn,2020-10-08,day,,2020-12-31,Berkeley,high
P::J1550,operational,2024-07-04,day,2025-12-31,,MISO,high
P::J1551,withdrawn,2020-12-21,day,,2020-12-31,Berkeley,high
P::J1552,withdrawn,2022-01-06,day,2021-12-31,2022-12-31,MISO,high
P::J1553,operational,2023-09-15,day,2025-12-31,,MISO,high
P::J1554,withdrawn,2020-11-24,day,,2020-12-31,Berkeley,high
P::J1555,withdrawn,2020-11-24,day,,2020-12-31,Berkeley,high
P::J1556,withdrawn,2021-02-23,day,2020-12-31,2021-12-31,Berkeley,high
P::J1557,operational,2023-08-31,day,2025-12-31,,MISO,high
P::J1558,operational,2023-04-01,day,2025-12-31,,MISO,high
P::J1559,operational,2023-04-01,day,2025-12-31,,MISO,high
P::J1560,withdrawn,2021-12-08,day,2020-12-31,2021-12-31,Berkeley,high
P::J1561,operational,2023-10-30,day,2025-12-31,,MISO,high
P::J1562,operational,2023-09-01,day,2025-12-31,,MISO,high
P::J1563,withdrawn,2024-09-03,day,2023-12-31,2024-12-31,Berkeley,high
P::J1564,operational,2023-09-01,day,2025-12-31,,MISO,high
P::J1565,withdrawn,2023-07-17,day,2022-12-31,2023-12-31,Berkeley,high
P::J1566,operational,2023-09-01,day,2025-12-31,,MISO,high
P::J1567,withdrawn,2023-06-22,day,2022-12-31,2023-12-31,Berkeley,high
P::J1568,withdrawn,2021-01-05,day,,2021-12-31,Berkeley,high
P::J1569,withdrawn,2021-01-05,day,,2021-12-31,Berkeley,high
P::J1570,withdrawn,2020-10-08,day,,2020-12-31,Berkeley,high
P::J1571,operational,2023-09-15,day,2025-12-31,,MISO,high
P::J1572,operational,2023-10-15,day,2025-12-31,,MISO,high
P::J1573,operational,2023-09-01,day,2025-12-31,,MISO,high
P::J1574,withdrawn,2021-08-03,day,2020-12-31,2021-12-31,Berkeley,high
P::J1575,operational,2025-12-01,day,2025-12-31,,MISO,high
P::J1576,operational,2026-01-15,day,2025-12-31,,MISO,high
P::J1577,operational,2025-10-15,day,2025-12-31,,MISO,high
P::J1578,withdrawn,2025-08-20,day,2024-12-31,2025-12-31,Berkeley,high
P::J1579,withdrawn,2024-09-03,day,2023-12-31,2024-12-31,Berkeley,high
P::J1580,withdrawn,2020-11-30,day,,2020-12-31,Berkeley,high
P::J1581,operational,2023-09-01,day,2025-12-31,,MISO,high
P::J1582,withdrawn,2023-01-31,day,2022-12-31,2023-12-31,Berkeley,high
P::J1583,operational,2023-10-01,day,2025-12-31,,MISO,high
P::J1584,withdrawn,2020-09-18,day,,2020-12-31,Berkeley,high
P::J1585,withdrawn,2023-07-17,day,2022-12-31,2023-12-31,Berkeley,high
P::J1586,operational,2023-09-30,day,2025-12-31,,MISO,high
P::J1587,operational,2023-09-01,day,2025-12-31,,MISO,high
P::J1588,operational,2023-09-01,day,2025-12-31,,MISO,high
P::J1589,withdrawn,2022-01-04,day,2021-12-31,2022-12-31,MISO,high
P::J1590,withdrawn,2020-12-31,interval,2025-12-31,2020-12-31,Berkeley,medium
P::J1591,withdrawn,2024-09-03,day,2023-12-31,2024-12-31,Berkeley,high
P::J1592,withdrawn,2023-02-10,day,2022-12-31,2023-12-31,Berkeley,high
P::J1593,withdrawn,2024-09-03,day,2023-12-31,2024-12-31,Berkeley,high
P::J1594,withdrawn,2021-11-17,day,2020-12-31,2021-12-31,MISO,high
P::J1595,withdrawn,2021-01-05,day,,2021-12-31,Berkeley,high
P::J1596,withdrawn,2021-02-24,day,2020-12-31,2021-12-31,Berkeley,high
P::J1597,withdrawn,2021-11-17,day,2020-12-31,2021-12-31,MISO,high
P::J1598,operational,2023-09-15,day,2025-12-31,,MISO,high
P::J1599,withdrawn,2026-02-13,day,2025-12-31,2026-03-01,MISO,high
P::J1600,withdrawn,2023-07-17,day,2022-12-31,2023-12-31,Berkeley,high
P::J1601,withdrawn,2021-03-15,day,2020-12-31,2021-12-31,Berkeley,high
P::J1602,operational,2023-04-01,day,2025-12-31,,MISO,high
P::J1603,operational,2023-09-15,day,2025-12-31,,MISO,high
P::J1604,operational,2023-08-31,day,2025-12-31,,MISO,high
P::J1605,operational,2023-09-01,day,2025-12-31,,MISO,high
P::J1606,withdrawn,2020-12-15,day,,2020-12-31,Berkeley,high
P::J1607,operational,2024-01-15,day,2023-12-31,,MISO,high
P::J1608,withdrawn,2020-11-24,day,,2020-12-31,Berkeley,high
P::J1609,withdrawn,2022-01-06,day,2021-12-31,2022-12-31,MISO,high
P::J1610,operational,2023-08-31,day,2025-12-31,,MISO,high
P::J1611,operational,2023-09-01,day,2025-12-31,,MISO,high
P::J1612,operational,2023-09-01,day,2025-12-31,,MISO,high
P::J1613,withdrawn,2021-11-17,day,,2021-12-31,MISO,high
P::J1614,operational,2024-02-15,day,2025-12-31,,MISO,high
P::J1615,operational,2023-10-01,day,2025-12-31,,MISO,high
P::J1616,withdrawn,2020-12-31,interval,2025-12-31,2020-12-31,Berkeley,medium
P::J1617,withdrawn,2020-12-18,day,,2020-12-31,Berkeley,high
P::J1618,withdrawn,2023-02-10,day,2022-12-31,2023-12-31,Berkeley,high
P::J1619,operational,2023-09-01,day,2025-12-31,,MISO,high
P::J1620,operational,2023-09-01,day,2025-12-31,,MISO,high
P::J1621,withdrawn,2021-11-17,day,2020-12-31,2021-12-31,MISO,high
P::J1622,withdrawn,2022-12-13,day,2021-12-31,2022-12-31,Berkeley,high
P::J1623,withdrawn,2020-12-18,day,,2020-12-31,Berkeley,high
P::J1624,withdrawn,2024-09-03,day,2023-12-31,2024-12-31,Berkeley,high
P::J1625,withdrawn,2024-09-03,day,2023-12-31,2024-12-31,Berkeley,high
P::J1626,operational,2024-08-05,day,2025-12-31,,MISO,high
P::J1627,withdrawn,2020-12-18,day,,2020-12-31,Berkeley,high
P::J1628,withdrawn,2020-12-18,day,,2020-12-31,Berkeley,high
P::J1629,operational,2024-07-18,day,2025-12-31,,MISO,high
P::J1630,withdrawn,2021-12-08,day,2020-12-31,2021-12-31,Berkeley,high
P::J1631,withdrawn,2020-11-24,day,,2020-12-31,Berkeley,high
P::J1632,withdrawn,2023-07-17,day,2022-12-31,2023-12-31,Berkeley,high
P::J1633,withdrawn,2021-12-08,day,,2021-12-31,Berkeley,high
P::J1634,withdrawn,2021-12-08,day,2020-12-31,2021-12-31,Berkeley,high
P::J1635,operational,2022-02-01,day,2025-12-31,,MISO,high
P::J1636,withdrawn,2024-09-03,day,2023-12-31,2020-12-31,Berkeley,high
P::J1637,withdrawn,2024-09-03,day,2023-12-31,2024-12-31,Berkeley,high
P::J1638,operational,2023-09-01,day,2025-12-31,,MISO,high
P::J1639,withdrawn,2022-01-06,day,2021-12-31,2022-12-31,MISO,high
P::J1640,withdrawn,2020-09-22,day,,2020-12-31,Berkeley,high
P::J1641,operational,2023-09-01,day,2025-12-31,,MISO,high
P::J1642,operational,2023-10-15,day,2025-12-31,,MISO,high
P::J1643,withdrawn,2020-11-30,day,,2020-12-31,Berkeley,high
P::J1644,operational,2023-10-01,day,2025-12-31,,MISO,high
P::J1645,withdrawn,2020-12-23,day,,2020-12-31,Berkeley,high
P::J1646,operational,2023-10-01,day,2025-12-31,,MISO,high
P::J1647,withdrawn,2020-11-19,day,,2020-12-31,Berkeley,high
P::J1648,withdrawn,2020-12-14,day,,2020-12-31,Berkeley,high
P::J1649,operational,2022-10-31,day,2025-12-31,,MISO,high
P::J1650,withdrawn,2020-12-18,day,,2020-12-31,Berkeley,high
P::J1651,operational,2023-08-31,day,2025-12-31,,MISO,high
P::J1652,withdrawn,2023-07-17,day,2022-12-31,2023-12-31,Berkeley,high
P::J1653,operational,2023-09-15,day,2025-12-31,,MISO,high
P::J1654,withdrawn,2023-02-22,day,2022-12-31,2023-12-31,Berkeley,high
P::J1655,withdrawn,2024-09-03,day,2023-12-31,2024-12-31,Berkeley,high
P::J1656,withdrawn,2023-07-17,day,2022-12-31,2023-12-31,Berkeley,high
P::J1657,operational,2022-08-01,day,2025-12-31,,MISO,high
P::J1658,operational,2023-09-01,day,2025-12-31,,MISO,high
P::J1659,operational,2022-02-01,day,2025-12-31,,MISO,high
P::J1660,withdrawn,2022-01-05,day,,2023-12-31,MISO,high
P::J1661,withdrawn,2021-02-23,day,2020-12-31,2021-12-31,Berkeley,high
P::J1662,withdrawn,2020-12-18,day,,2020-12-31,Berkeley,high
P::J1663,operational,2023-09-15,day,2025-12-31,,MISO,high
P::J1664,operational,2023-09-01,day,2025-12-31,,MISO,high
P::J1665,withdrawn,2022-01-05,day,2020-12-31,2023-12-31,MISO,high
P::J1666,withdrawn,2022-01-06,day,2021-12-31,2022-12-31,MISO,high
P::J1667,withdrawn,2021-12-21,day,2021-12-31,2022-12-31,MISO,high
P::J1668,withdrawn,2021-12-08,day,2020-12-31,2021-12-31,Berkeley,high
P::J1669,operational,2023-09-01,day,2025-12-31,,MISO,high
P::J1670,operational,2023-10-15,day,2025-12-31,,MISO,high
P::J1671,operational,2023-08-31,day,2025-12-31,,MISO,high
P::J1672,operational,2023-08-31,day,2025-12-31,,MISO,high
P::J1673,operational,2024-01-15,day,2025-12-31,,MISO,high
P::J1674,withdrawn,2020-12-21,day,,2020-12-31,Berkeley,high
P::J1675,withdrawn,2021-02-13,day,2020-12-31,2021-12-31,Berkeley,high
P::J1676,withdrawn,2024-09-03,day,2023-12-31,2024-12-31,Berkeley,high
P::J1677,operational,2023-04-20,day,2025-12-31,,MISO,high
P::J1678,withdrawn,2024-09-03,day,2023-12-31,2024-12-31,Berkeley,high
P::J1679,operational,2023-04-20,day,2025-12-31,,MISO,high
P::J1680,withdrawn,2024-09-03,day,2023-12-31,2024-12-31,Berkeley,high
P::J1681,withdrawn,2023-07-17,day,2022-12-31,2023-12-31,Berkeley,high
P::J1682,withdrawn,2020-12-18,day,,2020-12-31,Berkeley,high
P::J1683,withdrawn,2020-12-14,day,,2020-12-31,Berkeley,high
P::J1684,operational,2023-04-20,day,2025-12-31,,MISO,high
P::J1685,withdrawn,2020-09-24,day,,2020-12-31,Berkeley,high
P::J1686,operational,2023-09-04,day,2025-12-31,,MISO,high
P::J1687,withdrawn,2024-09-03,day,2023-12-31,2024-12-31,Berkeley,high
P::J1688,withdrawn,2020-10-02,day,,2020-12-31,Berkeley,high
P::J1689,withdrawn,2020-12-18,day,,2020-12-31,Berkeley,high
P::J1690,withdrawn,2021-03-15,day,2020-12-31,2021-12-31,Berkeley,high
P::J1691,operational,2023-06-01,day,2025-12-31,,MISO,high
P::J1692,withdrawn,2020-12-03,day,,2020-12-31,Berkeley,high
P::J1693,withdrawn,2020-11-19,day,,2020-12-31,Berkeley,high
P::J1694,withdrawn,2020-12-18,day,,2020-12-31,Berkeley,high
P::J1695,withdrawn,2024-09-03,day,2023-12-31,2024-12-31,Berkeley,high
P::J1696,operational,2023-10-01,day,2025-12-31,,MISO,high
P::J1697,withdrawn,2024-09-03,day,2023-12-31,2024-12-31,Berkeley,high
P::J1698,withdrawn,2020-12-21,day,,2020-12-31,Berkeley,high
P::J1699,withdrawn,2023-07-17,day,2022-12-31,2023-12-31,Berkeley,high
P::J1700,withdrawn,2020-10-22,day,,2020-12-31,Berkeley,high
P::J1701,operational,2023-09-15,day,2025-12-31,,MISO,high
P::J1702,withdrawn,2020-12-14,day,,2020-12-31,Berkeley,high
P::J1703,withdrawn,2023-07-17,day,2022-12-31,2023-12-31,Berkeley,high
P::J1704,withdrawn,2023-07-28,day,2022-12-31,2023-12-31,Berkeley,high
P::J1705,withdrawn,2021-02-23,day,2020-12-31,2021-12-31,Berkeley,high
P::J1706,operational,2025-06-01,day,2025-12-31,,MISO,high
P::J1707,withdrawn,2023-07-17,day,2022-12-31,2023-12-31,Berkeley,high
P::J1708,withdrawn,2023-06-22,day,2022-12-31,2023-12-31,Berkeley,high
P::J1709,withdrawn,2024-10-15,day,2023-12-31,2024-12-31,Berkeley,high
P::J1710,operational,2023-09-13,day,2025-12-31,,MISO,high
P::J1711,withdrawn,2020-11-30,day,,2020-12-31,Berkeley,high
P::J1712,withdrawn,2020-12-31,interval,2025-12-31,2020-12-31,Berkeley,medium
P::J1713,withdrawn,2021-02-12,day,2023-12-31,2024-12-31,Berkeley,high
P::J1714,operational,2023-09-01,day,2025-12-31,,MISO,high
P::J1715,withdrawn,2020-12-18,day,,2020-12-31,Berkeley,high
P::J1716,withdrawn,2024-10-21,day,2023-12-31,2024-12-31,Berkeley,high
P::J1717,withdrawn,2020-12-18,day,,2020-12-31,Berkeley,high
P::J1718,withdrawn,2020-09-18,day,,2020-12-31,Berkeley,high
P::J1719,withdrawn,2021-12-08,day,2020-12-31,2021-12-31,Berkeley,high
P::J1720,withdrawn,2021-12-08,day,2020-12-31,2021-12-31,Berkeley,high
P::J1721,withdrawn,2025-11-26,day,2025-12-31,2026-03-01,MISO,high
P::J1722,withdrawn,2021-12-08,day,2020-12-31,2021-12-31,Berkeley,high
P::J1723,withdrawn,2022-08-05,day,2020-12-31,2023-12-31,MISO,high
P::J1724,operational,2023-09-15,day,2025-12-31,,MISO,high
P::J1725,operational,2024-09-01,day,2025-12-31,,MISO,high
P::J1726,withdrawn,2024-09-03,day,2023-12-31,2024-12-31,Berkeley,high
P::J1727,withdrawn,2020-10-08,day,,2020-12-31,Berkeley,high
P::J1728,withdrawn,2020-10-08,day,,2020-12-31,Berkeley,high
P::J1729,withdrawn,2020-10-08,day,,2020-12-31,Berkeley,high
P::J1730,operational,2024-06-06,day,2025-12-31,,MISO,high
P::J1731,withdrawn,2021-03-12,day,2020-12-31,2021-12-31,Berkeley,high
P::J1732,operational,2024-12-31,day,2025-12-31,,MISO,high
P::J1733,withdrawn,2021-11-17,day,2020-12-31,2021-12-31,MISO,high
P::J1734,operational,2024-06-30,day,2024-12-31,,MISO,high
P::J1735,withdrawn,2023-06-22,day,2022-12-31,2023-12-31,Berkeley,high
P::J1736,withdrawn,2020-12-31,interval,2025-12-31,2020-12-31,Berkeley,medium
P::J1737,withdrawn,2023-07-17,day,2022-12-31,2023-12-31,Berkeley,high
P::J1738,withdrawn,2020-12-02,day,,2020-12-31,Berkeley,high
P::J1739,withdrawn,2021-02-23,day,,2021-12-31,Berkeley,high
P::J1740,withdrawn,2021-12-08,day,2020-12-31,2021-12-31,Berkeley,high
P::J1741,withdrawn,2020-12-03,day,,2020-12-31,Berkeley,high
P::J1742,withdrawn,2020-12-14,day,,2020-12-31,Berkeley,high
P::J1743,operational,2023-08-01,day,2025-12-31,,MISO,high
P::J1744,withdrawn,2023-07-17,day,2025-12-31,,Berkeley,high
P::J1745,operational,2025-06-01,day,2025-12-31,,MISO,high
P::J1746,operational,2025-06-01,day,2025-12-31,,MISO,high
P::J1747,operational,2022-02-28,day,2025-12-31,,MISO,high
P::J1748,operational,2023-08-15,day,2025-12-31,,MISO,high
P::J1749,withdrawn,2021-12-08,day,2020-12-31,2021-12-31,Berkeley,high
P::J1750,operational,2023-08-01,day,2025-12-31,,MISO,high
P::J1751,operational,2023-08-01,day,2025-12-31,,MISO,high
P::J1752,operational,2023-08-01,day,2025-12-31,,MISO,high
P::J1753,withdrawn,2020-12-01,day,,2020-12-31,Berkeley,high
P::J1754,withdrawn,2022-12-12,day,2021-12-31,2022-12-31,Berkeley,high
P::J1755,withdrawn,2021-02-12,day,2025-12-31,,Berkeley,high
P::J1756,withdrawn,2023-07-17,day,2022-12-31,2023-12-31,Berkeley,high
P::J1757,withdrawn,2020-12-14,day,,2020-12-31,Berkeley,high
P::J1758,withdrawn,2020-10-08,day,,2020-12-31,Berkeley,high
P::J1759,operational,2024-01-15,day,2023-12-31,,MISO,high
P::J1760,operational,2023-10-01,day,2025-12-31,,MISO,high
P::J1761,withdrawn,2020-10-08,day,,2020-12-31,Berkeley,high
P::J1762,withdrawn,2021-02-19,day,2020-12-31,2021-12-31,Berkeley,high
P::J1763,withdrawn,2020-12-21,day,,2020-12-31,Berkeley,high
P::J1764,withdrawn,2020-12-01,day,,2020-12-31,Berkeley,high
P::J1765,withdrawn,2023-07-17,day,2022-12-31,2023-12-31,Berkeley,high
P::J1766,withdrawn,2021-11-17,day,2020-12-31,2021-12-31,MISO,high
P::J1767,withdrawn,2020-10-08,day,,2020-12-31,Berkeley,high
P::J1768,withdrawn,2020-12-18,day,,2020-12-31,Berkeley,high
P::J1769,operational,2023-10-01,day,2025-12-31,,MISO,high
P::J1770,withdrawn,2024-09-03,day,2023-12-31,2024-12-31,Berkeley,high
P::J1771,withdrawn,2021-03-15,day,2020-12-31,2021-12-31,Berkeley,high
P::J1772,operational,2023-08-31,day,2025-12-31,,MISO,high
P::J1773,operational,2024-04-15,day,2025-12-31,,MISO,high
P::J1774,withdrawn,2023-07-20,day,2022-12-31,2023-12-31,Berkeley,high
P::J1775,withdrawn,2020-11-11,day,,2020-12-31,Berkeley,high
P::J1776,withdrawn,2020-10-08,day,,2020-12-31,Berkeley,high
P::J1777,operational,2023-09-01,day,2025-12-31,,MISO,high
P::J1778,operational,2024-10-31,day,2025-12-31,,MISO,high
P::J1779,operational,2024-10-31,day,2025-12-31,,MISO,high
P::J1780,operational,2023-08-15,day,2025-12-31,,MISO,high
P::J1781,operational,2024-04-15,day,2025-12-31,,MISO,high
P::J1782,withdrawn,2026-08-10,day,2025-12-31,2026-03-01,MISO,high
P::J1783,withdrawn,2026-08-10,day,2025-12-31,2026-03-01,MISO,high
P::J1784,withdrawn,2023-07-17,day,2022-12-31,2023-12-31,Berkeley,high
P::J1785,withdrawn,2026-01-09,day,2025-12-31,2026-03-01,MISO,high
P::J1786,operational,2023-06-01,day,2025-12-31,,MISO,high
P::J1787,withdrawn,2020-09-22,day,,2020-12-31,Berkeley,high
P::J1788,withdrawn,2020-09-24,day,,2020-12-31,Berkeley,high
P::J1789,withdrawn,2021-12-08,day,2020-12-31,2021-12-31,Berkeley,high
P::J1790,withdrawn,2023-02-16,day,,2023-12-31,Berkeley,high
P::J1791,withdrawn,2021-12-08,day,,2023-12-31,Berkeley,high
P::J1792,withdrawn,2021-02-19,day,2020-12-31,2021-12-31,Berkeley,high
P::J1793,operational,2025-06-01,day,2025-12-31,,MISO,high
P::J1794,operational,2023-08-31,day,2025-12-31,,MISO,high
P::J1795,operational,2023-08-31,day,2025-12-31,,MISO,high
P::J1796,withdrawn,2021-12-08,day,2020-12-31,2021-12-31,Berkeley,high
P::J1797,withdrawn,2021-12-08,day,2020-12-31,2021-12-31,Berkeley,high
P::J1798,operational,2021-06-01,day,2025-12-31,,MISO,high
P::J1799,withdrawn,2021-02-13,day,,2020-12-31,Berkeley,high
P::J1800,withdrawn,2020-10-08,day,,2020-12-31,Berkeley,high
P::J1801,withdrawn,2021-11-17,day,2020-12-31,2021-12-31,MISO,high
P::J1802,withdrawn,2026-08-12,day,2025-12-31,2026-03-01,MISO,high
P::J1803,withdrawn,2023-02-28,day,2022-12-31,2023-12-31,Berkeley,high
P::J1804,withdrawn,2023-01-31,day,,2023-12-31,Berkeley,high
P::J1805,withdrawn,2026-01-09,day,2023-12-31,2026-03-01,MISO,high
P::J1806,withdrawn,2023-07-17,day,2022-12-31,2023-12-31,Berkeley,high
P::J1807,withdrawn,2020-12-18,day,,2020-12-31,Berkeley,high
P::J1808,operational,2023-02-28,day,2025-12-31,,MISO,high
P::J1809,withdrawn,2021-02-19,day,2020-12-31,2021-12-31,Berkeley,high
P::J1810,withdrawn,2023-07-17,day,2022-12-31,2023-12-31,Berkeley,high
P::J1811,withdrawn,2021-12-08,day,2020-12-31,2021-12-31,Berkeley,high
P::J1812,withdrawn,2021-12-08,day,2020-12-31,2021-12-31,Berkeley,high
P::J1813,operational,2020-03-20,day,2025-12-31,,MISO,high
P::J1814,operational,2023-09-15,day,2025-12-31,,MISO,high
P::J1815,withdrawn,2024-09-03,day,2023-12-31,2024-12-31,Berkeley,high
P::J1816,operational,2025-10-30,day,2025-12-31,,MISO,high
P::J1817,withdrawn,2023-02-28,day,2022-12-31,2023-12-31,Berkeley,high
P::J1818,operational,2023-10-01,day,2025-12-31,,MISO,high
P::J1819,operational,2023-09-13,day,2023-12-31,,MISO,high
P::J1820,operational,2023-09-13,day,2025-12-31,,MISO,high
P::J1821,operational,2023-09-13,day,2023-12-31,,MISO,high
P::J1822,withdrawn,2021-01-04,day,,2021-12-31,Berkeley,high
P::J1823,withdrawn,2021-02-19,day,2020-12-31,2021-12-31,Berkeley,high
P::J1824,operational,2024-12-31,day,2025-12-31,,MISO,high
P::J1825,withdrawn,2020-12-18,day,,2020-12-31,Berkeley,high
P::J1826,operational,2022-03-01,day,2025-12-31,,MISO,high
P::J1827,operational,2023-10-31,day,2025-12-31,,MISO,high
P::J1828,withdrawn,2021-03-12,day,2020-12-31,2021-12-31,Berkeley,high
P::J1829,withdrawn,2023-07-17,day,2022-12-31,2023-12-31,Berkeley,high
P::J1830,withdrawn,2024-09-03,day,2023-12-31,2024-12-31,Berkeley,high
P::J1831,withdrawn,2020-12-31,interval,2025-12-31,2020-12-31,Berkeley,medium
P::J1832,operational,2024-07-15,day,2023-12-31,,MISO,high
P::J1833,operational,2026-05-01,day,2025-12-31,,MISO,high
P::J1834,operational,2025-04-25,day,2025-12-31,,MISO,high
P::J1835,withdrawn,2024-09-03,day,2023-12-31,2020-12-31,Berkeley,high
P::J1836,operational,2025-08-01,day,2025-12-31,,MISO,high
P::J1837,withdrawn,2021-03-12,day,,2020-12-31,Berkeley,high
P::J1838,withdrawn,2021-02-23,day,2020-12-31,2021-12-31,Berkeley,high
P::J1839,operational,2027-01-01,day,2025-12-31,,MISO,high
P::J1840,operational,2023-08-30,day,2025-12-31,,MISO,high
P::J1841,withdrawn,2021-12-08,day,2020-12-31,2021-12-31,Berkeley,high
P::J1842,operational,2026-02-02,day,2025-12-31,,MISO,high
P::J1843,withdrawn,2023-06-22,day,2022-12-31,2023-12-31,Berkeley,high
P::J1844,operational,2024-10-07,day,2026-03-01,,MISO,high
P::J1845,operational,2025-10-06,day,2026-03-01,,MISO,high
P::J1846,operational,2024-09-01,day,2026-03-01,,MISO,high
P::J1847,withdrawn,2025-10-27,day,2024-12-31,2025-12-31,Berkeley,high
P::J1848,withdrawn,2023-08-15,day,2022-12-31,2023-12-31,Berkeley,high
P::J1849,operational,2025-01-01,day,2025-12-31,,MISO,high
P::J1850,withdrawn,2025-03-07,day,2024-12-31,2025-12-31,Berkeley,high
P::J1851,operational,2025-01-01,day,2025-12-31,,MISO,high
P::J1852,withdrawn,2023-10-09,day,2022-12-31,2023-12-31,Berkeley,high
P::J1853,withdrawn,2023-10-09,day,,2023-12-31,Berkeley,high
P::J1854,withdrawn,2021-12-07,day,,2021-12-31,Berkeley,high
P::J1855,operational,2026-04-15,day,2025-12-31,,MISO,high
P::J1856,operational,2026-04-15,day,2025-12-31,,MISO,high
P::J1857,withdrawn,2025-03-07,day,2024-12-31,2025-12-31,Berkeley,high
P::J1858,operational,2026-04-15,day,2025-12-31,,MISO,high
P::J1859,withdrawn,2021-10-12,day,,2021-12-31,Berkeley,high
P::J1860,withdrawn,2025-03-03,day,2024-12-31,2025-12-31,Berkeley,high
P::J1861,operational,2024-09-15,day,2026-03-01,,MISO,high
P::J1862,withdrawn,2025-03-03,day,2024-12-31,2025-12-31,Berkeley,high
P::J1863,operational,2024-09-15,day,2026-03-01,,MISO,high
P::J1864,withdrawn,2021-10-12,day,,2021-12-31,Berkeley,high
P::J1865,withdrawn,2021-09-17,day,,2021-12-31,Berkeley,high
P::J1866,withdrawn,2023-10-09,day,2022-12-31,2023-12-31,Berkeley,high
P::J1867,operational,2025-09-01,day,2026-03-01,,MISO,high
P::J1868,withdrawn,2023-10-25,day,2023-12-31,2024-12-31,Berkeley,high
P::J1869,withdrawn,2023-10-25,day,2023-12-31,2024-12-31,Berkeley,high
P::J1870,operational,2024-09-15,day,2025-12-31,,MISO,high
P::J1871,withdrawn,2025-03-07,day,2024-12-31,2025-12-31,Berkeley,high
P::J1872,operational,2024-09-15,day,2025-12-31,,MISO,high
P::J1873,operational,2024-09-15,day,2025-12-31,,MISO,high
P::J1874,withdrawn,2025-03-07,day,2024-12-31,2025-12-31,Berkeley,high
P::J1875,withdrawn,2025-03-07,day,2024-12-31,2025-12-31,Berkeley,high
P::J1876,withdrawn,2025-12-18,day,2024-12-31,2025-12-31,Berkeley,high
P::J1877,withdrawn,2024-10-08,day,2023-12-31,2024-12-31,Berkeley,high
P::J1878,withdrawn,2021-11-30,day,,2021-12-31,Berkeley,high
P::J1879,withdrawn,2021-11-30,day,,2021-12-31,Berkeley,high
P::J1880,operational,2024-09-15,day,2026-03-01,,MISO,high
P::J1881,withdrawn,2021-11-30,day,,2021-12-31,Berkeley,high
P::J1882,operational,2024-09-15,day,2025-12-31,,MISO,high
P::J1883,withdrawn,2025-03-07,day,2024-12-31,2025-12-31,Berkeley,high
P::J1884,withdrawn,2024-10-01,day,2023-12-31,2024-12-31,Berkeley,high
P::J1885,withdrawn,2021-12-08,day,2021-12-31,2022-12-31,MISO,high
P::J1886,withdrawn,2022-11-22,day,2021-12-31,2022-12-31,Berkeley,high
P::J1887,withdrawn,2021-10-12,day,,2021-12-31,Berkeley,high
P::J1888,withdrawn,2025-10-27,day,2024-12-31,2025-12-31,Berkeley,high
P::J1889,operational,2025-06-30,day,2026-03-01,,MISO,high
P::J1890,operational,2024-09-30,day,2025-12-31,,MISO,high
P::J1891,operational,2024-10-31,day,2025-12-31,,MISO,high
P::J1892,withdrawn,2021-11-30,day,,2021-12-31,Berkeley,high
P::J1893,withdrawn,2025-10-27,day,2024-12-31,2025-12-31,Berkeley,high
P::J1894,operational,2024-09-30,day,2026-03-01,,MISO,high
P::J1895,operational,2024-09-30,day,2026-03-01,,MISO,high
P::J1896,withdrawn,2022-12-08,day,,2021-12-31,Berkeley,high
P::J1897,operational,2024-08-15,day,2025-12-31,,MISO,high
P::J1898,operational,2024-09-30,day,2026-03-01,,MISO,high
P::J1899,operational,2024-08-15,day,2025-12-31,,MISO,high
P::J1900,operational,2024-09-30,day,2026-03-01,,MISO,high
P::J1901,withdrawn,2025-12-18,day,2024-12-31,2025-12-31,Berkeley,high
P::J1902,operational,2024-09-30,day,2026-03-01,,MISO,high
P::J1903,withdrawn,2025-10-27,day,2024-12-31,2025-12-31,Berkeley,high
P::J1904,operational,2025-11-08,day,2025-12-31,,MISO,high
P::J1905,withdrawn,2023-09-06,day,2022-12-31,2023-12-31,Berkeley,high
P::J1906,withdrawn,2025-03-07,day,2024-12-31,2025-12-31,Berkeley,high
P::J1907,withdrawn,2025-03-07,day,2024-12-31,2025-12-31,Berkeley,high
P::J1908,withdrawn,2025-03-07,day,2024-12-31,2025-12-31,Berkeley,high
P::J1909,withdrawn,2023-09-06,day,2022-12-31,2023-12-31,Berkeley,high
P::J1910,withdrawn,2023-09-06,day,2022-12-31,2023-12-31,Berkeley,high
P::J1911,withdrawn,2023-09-06,day,2022-12-31,2023-12-31,Berkeley,high
P::J1912,withdrawn,2023-09-06,day,2022-12-31,2023-12-31,Berkeley,high
P::J1913,withdrawn,2023-09-06,day,2022-12-31,2023-12-31,Berkeley,high
P::J1914,operational,2023-11-01,day,2026-03-01,,MISO,high
P::J1915,withdrawn,2023-09-06,day,2022-12-31,2023-12-31,Berkeley,high
P::J1916,operational,2023-11-01,day,2026-03-01,,MISO,high
P::J1917,operational,2023-11-01,day,2025-12-31,,MISO,high
P::J1918,operational,2023-11-01,day,2025-12-31,,MISO,high
P::J1919,withdrawn,2021-11-30,day,,2021-12-31,Berkeley,high
P::J1920,withdrawn,2023-09-06,day,2022-12-31,2023-12-31,Berkeley,high
P::J1921,withdrawn,2023-09-06,day,2022-12-31,2023-12-31,Berkeley,high
P::J1922,withdrawn,2023-09-06,day,2022-12-31,2023-12-31,Berkeley,high
P::J1923,withdrawn,2021-12-22,day,,2021-12-31,Berkeley,high
P::J1924,withdrawn,2023-09-06,day,2022-12-31,2023-12-31,Berkeley,high
P::J1925,withdrawn,2023-09-06,day,2022-12-31,2023-12-31,Berkeley,high
P::J1926,operational,2025-10-01,day,2026-03-01,,MISO,high
P::J1927,operational,2027-08-01,day,2026-03-01,,MISO,high
P::J1928,withdrawn,2021-10-19,day,,2021-12-31,Berkeley,high
P::J1929,operational,2025-10-01,day,2026-03-01,,MISO,high
P::J1930,withdrawn,2023-06-05,day,,2023-12-31,Berkeley,high
P::J1931,operational,2025-10-01,day,2026-03-01,,MISO,high
P::J1932,operational,2024-10-01,day,2025-12-31,,MISO,high
P::J1933,withdrawn,2023-10-25,day,2023-12-31,2024-12-31,Berkeley,high
P::J1934,operational,2025-10-01,day,2026-03-01,,MISO,high
P::J1935,operational,2025-10-01,day,2026-03-01,,MISO,high
P::J1936,withdrawn,2023-06-05,day,2022-12-31,2023-12-31,Berkeley,high
P::J1937,withdrawn,2023-06-05,day,2022-12-31,2023-12-31,Berkeley,high
P::J1938,withdrawn,2024-10-01,day,2023-12-31,2024-12-31,Berkeley,high
P::J1939,operational,2023-11-01,day,2026-03-01,,MISO,high
P::J1940,withdrawn,2023-09-06,day,2022-12-31,2023-12-31,Berkeley,high
P::J1941,withdrawn,2021-10-22,day,,2021-12-31,Berkeley,high
P::J1942,withdrawn,2023-09-06,day,2022-12-31,2023-12-31,Berkeley,high
P::J1943,operational,2024-10-01,day,2026-03-01,,MISO,high
P::J1944,operational,2023-11-01,day,2026-03-01,,MISO,high
P::J1945,withdrawn,2024-10-01,day,2023-12-31,2024-12-31,Berkeley,high
P::J1946,operational,2024-10-30,day,2025-12-31,,MISO,high
P::J1947,withdrawn,2025-12-18,day,2024-12-31,2025-12-31,Berkeley,high
P::J1948,operational,2024-09-01,day,2026-03-01,,MISO,high
P::J1949,withdrawn,2023-09-06,day,2022-12-31,2023-12-31,Berkeley,high
P::J1950,withdrawn,2021-10-19,day,,2021-12-31,Berkeley,high
P::J1951,withdrawn,2023-09-06,day,,2023-12-31,Berkeley,high
P::J1952,withdrawn,2025-10-27,day,2024-12-31,2025-12-31,Berkeley,high
P::J1953,withdrawn,2023-10-25,day,2023-12-31,2024-12-31,Berkeley,high
P::J1954,withdrawn,2023-06-05,day,,2023-12-31,Berkeley,high
P::J1955,withdrawn,2023-06-05,day,2022-12-31,2023-12-31,Berkeley,high
P::J1956,withdrawn,2023-10-25,day,2023-12-31,2024-12-31,Berkeley,high
P::J1957,withdrawn,2023-10-25,day,2023-12-31,2024-12-31,Berkeley,high
P::J1958,withdrawn,2023-10-25,day,2023-12-31,2024-12-31,Berkeley,high
P::J1959,withdrawn,2023-10-25,day,2023-12-31,2024-12-31,Berkeley,high
P::J1960,withdrawn,2024-10-08,day,2023-12-31,2024-12-31,Berkeley,high
P::J1961,withdrawn,2025-10-27,day,2024-12-31,2025-12-31,Berkeley,high
P::J1962,withdrawn,2023-10-25,day,2023-12-31,2024-12-31,Berkeley,high
P::J1963,withdrawn,2023-10-25,day,2023-12-31,2024-12-31,Berkeley,high
P::J1964,withdrawn,2024-10-01,day,2023-12-31,2024-12-31,Berkeley,high
P::J1965,withdrawn,2025-12-18,day,2024-12-31,2025-12-31,Berkeley,high
P::J1966,withdrawn,2025-12-18,day,2024-12-31,2025-12-31,Berkeley,high
P::J1967,operational,2025-10-01,day,2026-03-01,,MISO,high
P::J1968,withdrawn,2021-10-22,day,,2021-12-31,Berkeley,high
P::J1969,withdrawn,2023-09-06,day,2022-12-31,2023-12-31,Berkeley,high
P::J1970,withdrawn,2025-12-18,day,2024-12-31,2025-12-31,Berkeley,high
P::J1971,withdrawn,2023-06-05,day,2022-12-31,2023-12-31,Berkeley,high
P::J1972,withdrawn,2023-10-10,day,2022-12-31,2023-12-31,Berkeley,high
P::J1973,withdrawn,2025-12-18,day,2024-12-31,2025-12-31,Berkeley,high
P::J1974,withdrawn,2025-12-18,day,2024-12-31,2025-12-31,Berkeley,high
P::J1975,withdrawn,2025-12-18,day,2024-12-31,2025-12-31,Berkeley,high
P::J1976,withdrawn,2024-10-08,day,2023-12-31,2024-12-31,Berkeley,high
P::J1977,withdrawn,2021-10-19,day,,2021-12-31,Berkeley,high
P::J1978,withdrawn,2025-10-27,day,2024-12-31,2025-12-31,Berkeley,high
P::J1979,withdrawn,2025-10-27,day,2024-12-31,2025-12-31,Berkeley,high
P::J1980,withdrawn,2025-10-27,day,2024-12-31,2025-12-31,Berkeley,high
P::J1981,withdrawn,2021-10-19,day,,2021-12-31,Berkeley,high
P::J1982,operational,2024-10-01,day,2025-12-31,,MISO,high
P::J1983,withdrawn,2024-10-01,day,2023-12-31,2024-12-31,Berkeley,high
P::J1984,withdrawn,2026-01-27,day,2025-12-31,2026-03-01,MISO,high
P::J1985,withdrawn,2023-10-25,day,2023-12-31,2024-12-31,Berkeley,high
P::J1986,withdrawn,2025-12-18,day,2024-12-31,2025-12-31,Berkeley,high
P::J1987,withdrawn,2021-10-19,day,,2021-12-31,Berkeley,high
P::J1988,withdrawn,2023-10-25,day,2023-12-31,2024-12-31,Berkeley,high
P::J1989,withdrawn,2025-10-27,day,2024-12-31,2025-12-31,Berkeley,high
P::J1990,withdrawn,2025-10-27,day,2024-12-31,2025-12-31,Berkeley,high
P::J1991,withdrawn,2025-03-07,day,2024-12-31,2025-12-31,Berkeley,high
P::J1992,withdrawn,2023-10-25,day,2023-12-31,2024-12-31,Berkeley,high
P::J1993,operational,2025-07-23,day,2026-03-01,,MISO,high
P::J1994,withdrawn,2024-10-01,day,2023-12-31,2024-12-31,Berkeley,high
P::J1995,withdrawn,2025-03-07,day,2024-12-31,2025-12-31,Berkeley,high
P::J1996,withdrawn,2024-10-01,day,2023-12-31,2024-12-31,Berkeley,high
P::J1997,withdrawn,2025-03-07,day,2024-12-31,2025-12-31,Berkeley,high
P::J1998,withdrawn,2026-06-22,day,2025-12-31,2026-03-01,MISO,high
P::J1999,withdrawn,2025-03-07,day,2024-12-31,2025-12-31,Berkeley,high
P::J2000,withdrawn,2024-10-08,day,2023-12-31,2024-12-31,Berkeley,high
P::J2001,operational,2025-05-01,day,2026-03-01,,MISO,high
P::J2002,operational,2024-03-13,day,2026-03-01,,MISO,high
P::J2003,withdrawn,2023-10-10,day,2022-12-31,2023-12-31,Berkeley,high
P::J2004,withdrawn,2025-12-18,day,2024-12-31,2025-12-31,Berkeley,high
P::J2005,withdrawn,2023-10-10,day,,2023-12-31,Berkeley,high
P::J2006,withdrawn,2023-10-25,day,2023-12-31,2024-12-31,Berkeley,high
P::J2007,withdrawn,2023-10-25,day,2023-12-31,2024-12-31,Berkeley,high
P::J2008,withdrawn,2025-12-18,day,2024-12-31,2025-12-31,Berkeley,high
P::J2009,withdrawn,2023-10-25,day,2023-12-31,2024-12-31,Berkeley,high
P::J2010,operational,2025-10-01,day,2025-12-31,,MISO,high
P::J2011,withdrawn,2023-10-25,day,2023-12-31,2024-12-31,Berkeley,high
P::J2012,withdrawn,2023-10-25,day,2023-12-31,2024-12-31,Berkeley,high
P::J2013,withdrawn,2023-10-25,day,2023-12-31,2024-12-31,Berkeley,high
P::J2014,withdrawn,2023-10-10,day,,2023-12-31,Berkeley,high
P::J2015,withdrawn,2023-10-25,day,2023-12-31,2024-12-31,Berkeley,high
P::J2016,withdrawn,2024-10-08,day,2023-12-31,2024-12-31,Berkeley,high
P::J2017,withdrawn,2021-10-19,day,,2021-12-31,Berkeley,high
P::J2018,withdrawn,2023-10-10,day,2022-12-31,2023-12-31,Berkeley,high
P::J2019,withdrawn,2021-11-30,day,,2021-12-31,Berkeley,high
P::J2020,withdrawn,2023-10-25,day,2023-12-31,2024-12-31,Berkeley,high
P::J2021,withdrawn,2025-10-27,day,2024-12-31,2025-12-31,Berkeley,high
P::J2022,withdrawn,2025-10-27,day,2024-12-31,2025-12-31,Berkeley,high
P::J2023,withdrawn,2023-10-25,day,2023-12-31,2024-12-31,Berkeley,high
P::J2024,withdrawn,2023-10-25,day,2023-12-31,2026-03-01,MISO,high
P::J2025,withdrawn,2023-10-25,day,2023-12-31,2024-12-31,Berkeley,high
P::J2026,operational,2022-12-02,day,2026-03-01,,MISO,high
P::J2027,operational,2024-10-31,day,2026-03-01,,MISO,high
P::J2028,withdrawn,2025-03-07,day,2024-12-31,2025-12-31,Berkeley,high
P::J2029,operational,2024-09-01,day,2026-03-01,,MISO,high
P::J203,withdrawn,2019-01-09,day,,2020-12-31,Berkeley,high
P::J2030,withdrawn,2025-10-27,day,2024-12-31,2025-12-31,Berkeley,high
P::J2031,operational,2026-12-15,day,2026-03-01,,MISO,high
P::J2032,withdrawn,2025-12-18,day,2024-12-31,2025-12-31,Berkeley,high
P::J2033,operational,2024-04-15,day,2026-03-01,,MISO,high
P::J2034,withdrawn,2023-10-25,day,2023-12-31,2026-03-01,MISO,high
P::J2035,withdrawn,2023-10-25,day,2023-12-31,2024-12-31,Berkeley,high
P::J2036,operational,2023-08-01,day,2026-03-01,,MISO,high
P::J2037,withdrawn,2021-11-23,day,,2021-12-31,Berkeley,high
P::J2038,withdrawn,2025-12-18,day,2024-12-31,2025-12-31,Berkeley,high
P::J2039,withdrawn,2024-10-08,day,2023-12-31,2024-12-31,Berkeley,high
P::J2040,withdrawn,2025-10-15,day,2024-12-31,2025-12-31,Berkeley,high
P::J2041,withdrawn,2025-03-07,day,2024-12-31,2025-12-31,Berkeley,high
P::J2042,withdrawn,2025-03-07,day,2023-12-31,2026-03-01,MISO,high
P::J2043,withdrawn,2025-12-18,day,2024-12-31,2025-12-31,Berkeley,high
P::J2044,operational,2024-09-30,day,2026-03-01,,MISO,high
P::J2045,operational,2024-09-30,day,2026-03-01,,MISO,high
P::J2046,withdrawn,2024-10-08,day,2023-12-31,2024-12-31,Berkeley,high
P::J2047,operational,2024-12-01,day,2025-12-31,,MISO,high
P::J2048,operational,2025-09-01,day,2026-03-01,,MISO,high
P::J2049,operational,2025-09-01,day,2026-03-01,,MISO,high
P::J2050,operational,2024-10-01,day,2026-03-01,,MISO,high
P::J2051,withdrawn,2023-11-10,day,2023-12-31,2024-12-31,Berkeley,high
P::J2052,withdrawn,2025-12-18,day,2023-12-31,2026-03-01,MISO,high
P::J2053,operational,2025-08-01,day,2026-03-01,,MISO,high
P::J2054,withdrawn,2025-10-27,day,2024-12-31,2025-12-31,Berkeley,high
P::J2055,operational,2025-06-30,day,2026-03-01,,MISO,high
P::J2056,withdrawn,2025-03-03,day,2024-12-31,2025-12-31,Berkeley,high
P::J2057,withdrawn,2023-09-06,day,2025-12-31,2026-03-01,Berkeley,high
P::J2058,withdrawn,2021-09-07,day,,2021-12-31,Berkeley,high
P::J2059,withdrawn,2025-12-18,day,2023-12-31,2026-03-01,MISO,high
P::J2060,withdrawn,2025-12-18,day,2024-12-31,2025-12-31,Berkeley,high
P::J2061,operational,2024-10-30,day,2026-03-01,,MISO,high
P::J2062,withdrawn,2023-06-05,day,2022-12-31,2023-12-31,Berkeley,high
P::J2063,withdrawn,2025-12-18,day,2024-12-31,2025-12-31,Berkeley,high
P::J2064,operational,2024-10-07,day,2026-03-01,,MISO,high
P::J2065,withdrawn,2025-10-27,day,2024-12-31,2025-12-31,Berkeley,high
P::J2066,operational,2022-12-02,day,2026-03-01,,MISO,high
P::J2067,withdrawn,2021-10-12,day,,2021-12-31,Berkeley,high
P::J2068,withdrawn,2026-05-20,day,2025-12-31,2026-03-01,MISO,high
P::J2069,operational,2024-09-01,day,2026-03-01,,MISO,high
P::J2070,withdrawn,2025-10-27,day,2024-12-31,2025-12-31,Berkeley,high
P::J2071,operational,2024-10-31,day,2025-12-31,,MISO,high
P::J2072,withdrawn,2025-03-07,day,2024-12-31,2025-12-31,Berkeley,high
P::J2073,withdrawn,2025-12-18,day,2024-12-31,2025-12-31,Berkeley,high
P::J2074,withdrawn,2024-10-01,day,2023-12-31,2024-12-31,Berkeley,high
P::J2075,operational,2024-10-04,day,2025-12-31,,MISO,high
P::J2076,withdrawn,2021-11-30,day,,2021-12-31,Berkeley,high
P::J2077,withdrawn,2023-10-25,day,2023-12-31,2024-12-31,Berkeley,high
P::J2078,operational,2025-06-30,day,2026-03-01,,MISO,high
P::J2079,withdrawn,2025-10-27,day,2024-12-31,2025-12-31,Berkeley,high
P::J2080,withdrawn,2026-06-04,day,2025-12-31,2026-03-01,MISO,high
P::J2081,withdrawn,2025-12-09,day,2025-12-31,2026-03-01,Berkeley,high
P::J2082,withdrawn,2025-03-07,day,2024-12-31,2025-12-31,Berkeley,high
P::J2083,withdrawn,2023-11-10,day,2023-12-31,2024-12-31,Berkeley,high
P::J2084,withdrawn,2025-10-27,day,2024-12-31,2025-12-31,Berkeley,high
P::J2085,withdrawn,2025-10-27,day,2024-12-31,2025-12-31,Berkeley,high
P::J2086,withdrawn,2025-10-27,day,2024-12-31,2025-12-31,Berkeley,high
P::J2087,operational,2024-11-30,day,2026-03-01,,MISO,high
P::J2088,operational,2024-10-31,day,2025-12-31,,MISO,high
P::J2089,operational,2024-10-31,day,2025-12-31,,MISO,high
P::J2090,withdrawn,2023-11-07,day,2023-12-31,2024-12-31,Berkeley,high
P::J2091,operational,2025-02-22,day,2025-12-31,,MISO,high
P::J2092,withdrawn,2023-10-10,day,2022-12-31,2023-12-31,Berkeley,high
P::J2093,withdrawn,2025-03-07,day,2024-12-31,2025-12-31,Berkeley,high
P::J2094,withdrawn,2023-10-10,day,2022-12-31,2023-12-31,Berkeley,high
P::J2095,withdrawn,2023-10-10,day,2022-12-31,2023-12-31,Berkeley,high
P::J2096,withdrawn,2021-11-30,day,,2021-12-31,Berkeley,high
P::J2097,operational,2025-05-01,day,2026-03-01,,MISO,high
P::J2098,operational,2025-03-31,day,2026-03-01,,MISO,high
P::J2099,operational,2024-10-01,day,2026-03-01,,MISO,high
P::J2100,operational,2024-09-30,day,2026-03-01,,MISO,high
P::J2101,withdrawn,2025-10-27,day,2024-12-31,2025-12-31,Berkeley,high
P::J2102,withdrawn,2025-10-27,day,2024-12-31,2025-12-31,Berkeley,high
P::J2103,withdrawn,2021-12-03,day,,2021-12-31,Berkeley,high
P::J2104,operational,2024-09-01,day,2026-03-01,,MISO,high
P::J2105,withdrawn,2023-10-10,day,2022-12-31,2023-12-31,Berkeley,high
P::J2106,withdrawn,2025-10-27,day,2024-12-31,2025-12-31,Berkeley,high
P::J2107,operational,2024-10-01,day,2026-03-01,,MISO,high
P::J2108,withdrawn,2023-10-10,day,2022-12-31,2023-12-31,Berkeley,high
P::J2109,withdrawn,2023-10-25,day,2023-12-31,2024-12-31,Berkeley,high
P::J2110,withdrawn,2021-09-15,day,,2021-12-31,Berkeley,high
P::J2111,withdrawn,2021-09-15,day,,2021-12-31,Berkeley,high
P::J2112,withdrawn,2025-03-07,day,2024-12-31,2025-12-31,Berkeley,high
P::J2113,withdrawn,2025-12-18,day,2024-12-31,2025-12-31,Berkeley,high
P::J2114,withdrawn,2025-03-07,day,2024-12-31,2025-12-31,Berkeley,high
P::J2115,withdrawn,2025-12-18,day,2024-12-31,2025-12-31,Berkeley,high
P::J2116,operational,2022-09-01,day,2026-03-01,,MISO,high
P::J2117,withdrawn,2025-05-05,day,2023-12-31,2026-03-01,MISO,high
P::J2118,withdrawn,2023-09-06,day,2022-12-31,2023-12-31,Berkeley,high
P::J2119,withdrawn,2025-03-03,day,2024-12-31,2025-12-31,Berkeley,high
P::J2120,operational,2025-06-30,day,2026-03-01,,MISO,high
P::J2121,withdrawn,2024-10-08,day,2023-12-31,2024-12-31,Berkeley,high
P::J2122,withdrawn,2026-06-22,day,2025-12-31,2026-03-01,MISO,high
P::J2123,withdrawn,2025-12-18,day,2024-12-31,2025-12-31,Berkeley,high
P::J2124,operational,2022-12-02,day,2026-03-01,,MISO,high
P::J2125,withdrawn,2021-10-12,day,,2021-12-31,Berkeley,high
P::J2126,withdrawn,2021-10-12,day,,2021-12-31,Berkeley,high
P::J2127,operational,2024-04-15,day,2025-12-31,,MISO,high
P::J2128,operational,2024-08-31,day,2026-03-01,,MISO,high
P::J2129,withdrawn,2023-09-06,day,2026-03-01,,Berkeley,high
P::J2130,withdrawn,2024-10-08,day,2023-12-31,2024-12-31,Berkeley,high
P::J2131,operational,2027-04-15,day,2026-03-01,,MISO,high
P::J2132,withdrawn,2021-10-12,day,,2021-12-31,Berkeley,high
P::J2133,operational,2024-04-15,day,2025-12-31,,MISO,high
P::J2134,withdrawn,2026-01-13,day,2025-12-31,2026-03-01,Berkeley,high
P::J2135,withdrawn,2025-03-07,day,2024-12-31,2025-12-31,Berkeley,high
P::J2136,operational,2024-09-01,day,2026-03-01,,MISO,high
P::J2137,withdrawn,2021-11-23,day,,2021-12-31,Berkeley,high
P::J2138,withdrawn,2025-03-07,day,2023-12-31,2026-03-01,MISO,high
P::J2139,operational,2024-09-01,day,2026-03-01,,MISO,high
P::J2140,withdrawn,2023-10-25,day,2023-12-31,2026-03-01,MISO,high
P::J2141,withdrawn,2023-10-25,day,2023-12-31,2024-12-31,Berkeley,high
P::J2142,operational,2024-08-01,day,2025-12-31,,MISO,high
P::J2143,operational,2025-02-15,day,2025-12-31,,MISO,high
P::J2144,withdrawn,2021-11-29,day,,2021-12-31,Berkeley,high
P::J2145,withdrawn,2025-12-18,day,2024-12-31,2025-12-31,Berkeley,high
P::J2146,withdrawn,2025-12-18,day,2024-12-31,2025-12-31,Berkeley,high
P::J2147,withdrawn,2024-10-08,day,2023-12-31,2024-12-31,Berkeley,high
P::J2148,withdrawn,2025-11-12,day,2024-12-31,2025-12-31,Berkeley,high
P::J2149,withdrawn,2026-01-13,day,2025-12-31,2026-03-01,Berkeley,high
P::J2150,withdrawn,2024-10-08,day,2023-12-31,2024-12-31,Berkeley,high
P::J2151,operational,2025-08-01,day,2026-03-01,,MISO,high
P::J2152,operational,2025-09-01,day,2025-12-31,,MISO,high
P::J2153,operational,2025-09-01,day,2025-12-31,,MISO,high
P::J2154,withdrawn,2025-03-07,day,2024-12-31,2025-12-31,Berkeley,high
P::J2155,operational,2024-05-31,day,2026-03-01,,MISO,high
P::J2156,operational,2024-05-31,day,2026-03-01,,MISO,high
P::J2157,operational,2025-05-01,day,2026-03-01,,MISO,high
P::J2158,withdrawn,2025-12-18,day,2024-12-31,2025-12-31,Berkeley,high
P::J2159,operational,2024-08-31,day,2025-12-31,,MISO,high
P::J2160,withdrawn,2025-12-18,day,2024-12-31,2025-12-31,Berkeley,high
P::J2161,withdrawn,2025-12-18,day,2024-12-31,2025-12-31,Berkeley,high
P::J2162,withdrawn,2025-03-07,day,2024-12-31,2025-12-31,Berkeley,high
P::J2163,withdrawn,2025-03-07,day,2024-12-31,2025-12-31,Berkeley,high
P::J2164,withdrawn,2025-12-18,day,2024-12-31,2025-12-31,Berkeley,high
P::J2165,operational,2023-11-01,day,2025-12-31,,MISO,high
P::J2166,withdrawn,2021-12-09,day,2021-12-31,2022-12-31,MISO,high
P::J2167,withdrawn,2023-10-25,day,2023-12-31,2024-12-31,Berkeley,high
P::J2168,withdrawn,2023-10-25,day,2023-12-31,2024-12-31,Berkeley,high
P::J2169,withdrawn,2025-03-07,day,2024-12-31,2025-12-31,Berkeley,high
P::J2170,operational,2024-01-01,day,2025-12-31,,MISO,high
P::J2171,operational,2024-05-01,day,2025-12-31,,MISO,high
P::J2172,withdrawn,2025-12-18,day,2024-12-31,2025-12-31,Berkeley,high
P::J2173,operational,2024-04-15,day,2025-12-31,,MISO,high
P::J2174,withdrawn,2025-01-10,day,2023-12-31,2024-12-31,Berkeley,high
P::J2175,withdrawn,2023-10-25,day,2023-12-31,2024-12-31,Berkeley,high
P::J2176,withdrawn,2023-10-25,day,2023-12-31,2024-12-31,Berkeley,high
P::J2177,operational,2024-10-30,day,2026-03-01,,MISO,high
P::J2178,operational,2024-10-30,day,2026-03-01,,MISO,high
P::J2179,operational,2024-10-30,day,2026-03-01,,MISO,high
P::J2180,operational,2024-10-31,day,2025-12-31,,MISO,high
P::J2181,operational,2024-10-31,day,2025-12-31,,MISO,high
P::J2182,withdrawn,2021-09-17,day,,2021-12-31,Berkeley,high
P::J2183,withdrawn,2023-10-25,day,2023-12-31,2024-12-31,Berkeley,high
P::J2184,withdrawn,2025-03-07,day,2024-12-31,2025-12-31,Berkeley,high
P::J2185,operational,2024-10-01,day,2026-03-01,,MISO,high
P::J2186,operational,2024-10-01,day,2026-03-01,,MISO,high
P::J2187,withdrawn,2026-04-07,day,2025-12-31,2026-03-01,MISO,high
P::J2188,withdrawn,2024-10-18,day,2023-12-31,2024-12-31,Berkeley,high
P::J2189,operational,2019-12-01,day,2026-03-01,,MISO,high
P::J2190,operational,2024-08-15,day,2025-12-31,,MISO,high
P::J2191,withdrawn,2023-10-25,day,2023-12-31,2024-12-31,Berkeley,high
P::J2192,withdrawn,2025-12-18,day,2024-12-31,2025-12-31,Berkeley,high
P::J2193,operational,2024-09-01,day,2026-03-01,,MISO,high
P::J2194,withdrawn,2021-11-29,day,,2021-12-31,Berkeley,high
P::J2195,operational,2024-10-07,day,2026-03-01,,MISO,high
P::J2196,withdrawn,2025-12-18,day,2024-12-31,2025-12-31,Berkeley,high
P::J2197,operational,2024-10-07,day,2026-03-01,,MISO,high
P::J2198,withdrawn,2025-12-18,day,2024-12-31,2025-12-31,Berkeley,high
P::J2199,withdrawn,2025-10-27,day,2024-12-31,2025-12-31,Berkeley,high
P::J2200,withdrawn,2021-11-30,day,,2021-12-31,Berkeley,high
P::J2201,withdrawn,2025-12-18,day,2024-12-31,2025-12-31,Berkeley,high
P::J2202,withdrawn,2023-10-25,day,2023-12-31,2024-12-31,Berkeley,high
P::J2203,operational,2024-09-30,day,2026-03-01,,MISO,high
P::J2204,withdrawn,2021-11-30,day,,2021-12-31,Berkeley,high
P::J2205,withdrawn,2025-12-18,day,2026-03-01,,Berkeley,high
P::J2206,withdrawn,2021-11-29,day,,2021-12-31,Berkeley,high
P::J2207,withdrawn,2022-12-08,day,,2021-12-31,Berkeley,high
P::J2208,withdrawn,2026-02-12,day,2025-12-31,2026-03-01,MISO,high
P::J2209,withdrawn,2025-12-18,day,2024-12-31,2025-12-31,Berkeley,high
P::J2210,withdrawn,2023-10-25,day,2023-12-31,2024-12-31,Berkeley,high
P::J2211,withdrawn,2025-11-13,day,2024-12-31,2025-12-31,Berkeley,high
P::J2212,withdrawn,2025-12-18,day,2024-12-31,2025-12-31,Berkeley,high
P::J2213,operational,2028-09-30,day,2026-03-01,,MISO,high
P::J2214,withdrawn,2025-03-07,day,2024-12-31,2025-12-31,Berkeley,high
P::J2215,operational,2024-09-30,day,2026-03-01,,MISO,high
P::J2216,withdrawn,2025-12-18,day,2024-12-31,2025-12-31,Berkeley,high
P::J2217,withdrawn,2023-11-10,day,2023-12-31,2024-12-31,Berkeley,high
P::J2218,withdrawn,2024-10-01,day,2023-12-31,2024-12-31,Berkeley,high
P::J2219,operational,2024-09-01,day,2026-03-01,,MISO,high
P::J2220,withdrawn,2025-03-07,day,2024-12-31,2025-12-31,Berkeley,high
P::J2221,withdrawn,2024-10-08,day,2023-12-31,2024-12-31,Berkeley,high
P::J2222,withdrawn,2023-11-07,day,2023-12-31,2024-12-31,Berkeley,high
P::J2223,withdrawn,2023-11-07,day,2023-12-31,2024-12-31,Berkeley,high
P::J2224,operational,2028-04-01,day,2025-12-31,,MISO,high
P::J2225,withdrawn,2021-12-08,day,2021-12-31,2022-12-31,MISO,high
P::J2226,withdrawn,2025-12-18,day,2024-12-31,2025-12-31,Berkeley,high
P::J2227,operational,2024-10-31,day,2026-03-01,,MISO,high
P::J2228,operational,2024-10-31,day,2025-12-31,,MISO,high
P::J2229,withdrawn,2024-10-08,day,2023-12-31,2024-12-31,Berkeley,high
P::J2230,operational,2025-04-01,day,2026-03-01,,MISO,high
P::J2231,withdrawn,2025-03-07,day,2024-12-31,2025-12-31,Berkeley,high
P::J2232,operational,2024-10-30,day,2026-03-01,,MISO,high
P::J2233,operational,2024-08-01,day,2026-03-01,,MISO,high
P::J2234,withdrawn,2021-12-08,day,2021-12-31,2022-12-31,MISO,high
P::J2235,withdrawn,2025-03-07,day,2024-12-31,2025-12-31,Berkeley,high
P::J2236,withdrawn,2024-10-08,day,2023-12-31,2024-12-31,Berkeley,high
P::J2237,operational,2024-11-30,day,2025-12-31,,MISO,high
P::J2238,operational,2024-02-15,day,2026-03-01,,MISO,high
P::J2239,withdrawn,2024-10-08,day,2023-12-31,2024-12-31,Berkeley,high
P::J2240,withdrawn,2025-03-07,day,2024-12-31,2025-12-31,Berkeley,high
P::J2241,withdrawn,2024-10-08,day,2023-12-31,2024-12-31,Berkeley,high
P::J2242,withdrawn,2025-03-07,day,2024-12-31,2025-12-31,Berkeley,high
P::J2243,withdrawn,2023-10-25,day,2023-12-31,2024-12-31,Berkeley,high
P::J2244,withdrawn,2025-03-07,day,2023-12-31,2026-03-01,MISO,high
P::J2245,withdrawn,2023-10-25,day,2023-12-31,2024-12-31,Berkeley,high
P::J2246,withdrawn,2021-12-08,day,2021-12-31,2022-12-31,MISO,high
P::J2247,operational,2024-09-01,day,2026-03-01,,MISO,high
P::J2248,withdrawn,2025-03-07,day,2023-12-31,2026-03-01,MISO,high
P::J2249,operational,2024-10-31,day,2025-12-31,,MISO,high
P::J2250,operational,2024-04-01,day,2026-03-01,,MISO,high
P::J2251,withdrawn,2024-10-08,day,2023-12-31,2024-12-31,Berkeley,high
P::J2252,withdrawn,2026-03-16,day,2025-12-31,2026-03-01,MISO,high
P::J2253,withdrawn,2025-03-07,day,2024-12-31,2025-12-31,Berkeley,high
P::J2254,withdrawn,2025-12-18,day,2024-12-31,2025-12-31,Berkeley,high
P::J2255,withdrawn,2024-10-08,day,2023-12-31,2024-12-31,Berkeley,high
P::J2256,withdrawn,2021-09-17,day,,2021-12-31,Berkeley,high
P::J2257,withdrawn,2025-03-07,day,2024-12-31,2025-12-31,Berkeley,high
P::J2258,operational,2024-05-31,day,2026-03-01,,MISO,high
P::J2259,withdrawn,2024-10-08,day,2023-12-31,2024-12-31,Berkeley,high
P::J2260,operational,2023-07-31,day,2026-03-01,,MISO,high
P::J2261,operational,2029-07-20,day,2025-12-31,,MISO,high
P::J2262,operational,2029-07-20,day,2025-12-31,,MISO,high
P::J2263,withdrawn,2024-10-08,day,2023-12-31,2024-12-31,Berkeley,high
P::J2264,withdrawn,2023-10-25,day,2023-12-31,2024-12-31,Berkeley,high
P::J2265,operational,2024-02-15,day,2026-03-01,,MISO,high
P::J2266,operational,2025-03-31,day,2026-03-01,,MISO,high
P::J2267,operational,2025-03-31,day,2026-03-01,,MISO,high
P::J2268,operational,2024-10-30,day,2026-03-01,,MISO,high
P::J2269,withdrawn,2024-10-08,day,2023-12-31,2024-12-31,Berkeley,high
P::J2270,operational,2024-10-30,day,2026-03-01,,MISO,high
P::J2271,withdrawn,2024-10-01,day,2023-12-31,2024-12-31,Berkeley,high
P::J2272,operational,2024-09-01,day,2026-03-01,,MISO,high
P::J2273,operational,2024-03-31,day,2026-03-01,,MISO,high
P::J2274,withdrawn,2025-12-18,day,2024-12-31,2025-12-31,Berkeley,high
P::J2275,operational,2025-10-31,day,2026-03-01,,MISO,high
P::J2276,operational,2022-01-01,day,2026-03-01,,MISO,high
P::J2277,withdrawn,2025-10-08,day,2023-12-31,2026-03-01,MISO,high
P::J2278,withdrawn,2024-10-08,day,2023-12-31,2024-12-31,Berkeley,high
P::J2279,withdrawn,2025-03-03,day,2024-12-31,2025-12-31,Berkeley,high
P::J2280,operational,2023-06-01,day,2025-12-31,,MISO,high
P::J2281,withdrawn,2021-11-29,day,,2021-12-31,Berkeley,high
P::J2282,withdrawn,2024-10-08,day,2023-12-31,2024-12-31,Berkeley,high
P::J2283,operational,2020-10-01,day,2026-03-01,,MISO,high
P::J2284,withdrawn,2021-08-11,day,2023-12-31,2024-12-31,Berkeley,high
P::J2285,withdrawn,2021-09-10,day,,2021-12-31,Berkeley,high
P::J2286,withdrawn,2021-09-10,day,,2021-12-31,Berkeley,high
P::J2287,operational,2024-12-01,day,2025-12-31,,MISO,high
P::J2288,operational,2025-06-01,day,2026-03-01,,MISO,high
P::J2289,withdrawn,2026-02-17,day,2025-12-31,2026-03-01,MISO,high
P::J2290,withdrawn,2023-10-25,day,2023-12-31,2024-12-31,Berkeley,high
P::J2291,withdrawn,2021-12-07,day,,2021-12-31,Berkeley,high
P::J2292,operational,2024-09-01,day,2025-12-31,,MISO,high
P::J2293,withdrawn,2024-10-01,day,2023-12-31,2024-12-31,Berkeley,high
P::J2294,operational,2024-05-01,day,2025-12-31,,MISO,high
P::J2295,withdrawn,2021-11-29,day,,2021-12-31,Berkeley,high
P::J2296,operational,2025-04-01,day,2026-03-01,,MISO,high
P::J2297,withdrawn,2026-03-10,day,2025-12-31,2026-03-01,MISO,high
P::J2298,operational,2025-04-01,day,2025-12-31,,MISO,high
P::J2299,withdrawn,2021-11-29,day,,2021-12-31,Berkeley,high
P::J2300,withdrawn,2025-03-07,day,2024-12-31,2025-12-31,Berkeley,high
P::J2301,operational,2025-11-30,day,2026-03-01,,MISO,high
P::J2302,operational,2024-08-01,day,2025-12-31,,MISO,high
P::J2303,withdrawn,2021-11-29,day,,2021-12-31,Berkeley,high
P::J2304,operational,2024-04-15,day,2026-03-01,,MISO,high
P::J2305,withdrawn,2021-12-08,day,2021-12-31,2022-12-31,MISO,high
P::J2306,withdrawn,2021-09-16,day,,2021-12-31,Berkeley,high
P::J2307,operational,2025-10-01,day,2026-03-01,,MISO,high
P::J2308,withdrawn,2025-12-18,day,2024-12-31,2025-12-31,Berkeley,high
P::J2309,operational,2024-10-30,day,2026-03-01,,MISO,high
P::J2310,withdrawn,2023-10-25,day,2023-12-31,2024-12-31,Berkeley,high
P::J2311,operational,2024-02-09,day,2026-03-01,,MISO,high
P::J2312,operational,2024-02-09,day,2026-03-01,,MISO,high
P::J2313,withdrawn,2025-03-07,day,2024-12-31,2025-12-31,Berkeley,high
P::J2314,operational,2023-12-31,day,2025-12-31,,MISO,high
P::J2315,withdrawn,2023-10-25,day,2023-12-31,2024-12-31,Berkeley,high
P::J2316,operational,2023-09-15,day,2026-03-01,,MISO,high
P::J2317,operational,2024-10-31,day,2025-12-31,,MISO,high
P::J2318,withdrawn,2024-10-08,day,2023-12-31,2024-12-31,Berkeley,high
P::J2319,withdrawn,2021-12-22,day,,2021-12-31,Berkeley,high
P::J2320,withdrawn,2023-10-25,day,2023-12-31,2024-12-31,Berkeley,high
P::J2321,withdrawn,2023-03-25,day,2022-12-31,2023-12-31,Berkeley,high
P::J2322,operational,2025-07-02,day,2026-03-01,,MISO,high
P::J2323,withdrawn,2025-10-27,day,2024-12-31,2025-12-31,Berkeley,high
P::J2324,withdrawn,2025-07-30,day,2024-12-31,2025-12-31,Berkeley,high
P::J2325,withdrawn,2023-03-25,day,2022-12-31,2023-12-31,Berkeley,high
P::J2326,operational,2025-10-28,day,2026-03-01,,MISO,high
P::J2327,withdrawn,2025-10-07,day,2024-12-31,2025-12-31,Berkeley,high
P::J2328,withdrawn,2025-07-30,day,2024-12-31,2025-12-31,Berkeley,high
P::J2329,withdrawn,2025-10-27,day,2024-12-31,2025-12-31,Berkeley,high
P::J2330,operational,2026-10-31,day,2026-03-01,,MISO,high
P::J2331,withdrawn,2023-03-24,day,2022-12-31,2023-12-31,Berkeley,high
P::J2332,operational,2027-09-01,day,2026-03-01,,MISO,high
P::J2333,withdrawn,2025-10-07,day,2024-12-31,2025-12-31,Berkeley,high
P::J2334,operational,2027-09-01,day,2026-03-01,,MISO,high
P::J2335,withdrawn,2025-07-30,day,2024-12-31,2025-12-31,Berkeley,high
P::J2336,withdrawn,2025-07-30,day,2024-12-31,2025-12-31,Berkeley,high
P::J2337,withdrawn,2025-07-28,day,2024-12-31,2025-12-31,Berkeley,high
P::J2338,withdrawn,2025-10-07,day,2024-12-31,2025-12-31,Berkeley,high
P::J2339,withdrawn,2025-07-30,day,2024-12-31,2025-12-31,Berkeley,high
P::J2340,withdrawn,2025-10-27,day,2024-12-31,2025-12-31,Berkeley,high
P::J2341,withdrawn,2025-07-30,day,2024-12-31,2025-12-31,Berkeley,high
P::J2342,operational,2027-05-15,day,2026-03-01,,MISO,high
P::J2343,operational,2026-05-01,day,2026-03-01,,MISO,high
P::J2344,withdrawn,2025-10-07,day,2024-12-31,2025-12-31,Berkeley,high
P::J2345,withdrawn,2025-07-30,day,2024-12-31,2025-12-31,Berkeley,high
P::J2346,operational,2027-09-01,day,2026-03-01,,MISO,high
P::J2347,withdrawn,2025-08-01,day,2024-12-31,2025-12-31,Berkeley,high
P::J2348,withdrawn,2025-07-30,day,2024-12-31,2025-12-31,Berkeley,high
P::J2349,withdrawn,2025-10-27,day,2024-12-31,2025-12-31,Berkeley,high
P::J2350,operational,2025-09-15,day,2026-03-01,,MISO,high
P::J2351,operational,2026-08-01,day,2026-03-01,,MISO,high
P::J2352,withdrawn,2025-10-07,day,2024-12-31,2025-12-31,Berkeley,high
P::J2353,operational,2026-05-01,day,2026-03-01,,MISO,high
P::J2354,withdrawn,2025-07-30,day,2024-12-31,2025-12-31,Berkeley,high
P::J2355,withdrawn,2025-10-27,day,2024-12-31,2025-12-31,Berkeley,high
P::J2356,withdrawn,2023-03-24,day,2022-12-31,2023-12-31,Berkeley,high
P::J2357,withdrawn,2025-07-30,day,2024-12-31,2025-12-31,Berkeley,high
P::J2358,withdrawn,2025-07-30,day,2024-12-31,2025-12-31,Berkeley,high
P::J2359,withdrawn,2025-07-30,day,2024-12-31,2025-12-31,Berkeley,high
P::J2360,withdrawn,2025-10-27,day,2024-12-31,2025-12-31,Berkeley,high
P::J2361,withdrawn,2023-03-22,day,2022-12-31,2023-12-31,Berkeley,high
P::J2362,withdrawn,2025-10-27,day,2024-12-31,2025-12-31,Berkeley,high
P::J2363,withdrawn,2025-10-27,day,2024-12-31,2025-12-31,Berkeley,high
P::J2364,withdrawn,2023-03-24,day,2022-12-31,2023-12-31,Berkeley,high
P::J2365,withdrawn,2025-07-30,day,2024-12-31,2025-12-31,Berkeley,high
P::J2366,withdrawn,2025-07-30,day,2024-12-31,2025-12-31,Berkeley,high
P::J2367,withdrawn,2025-10-27,day,2024-12-31,2025-12-31,Berkeley,high
P::J2368,withdrawn,2025-10-27,day,2024-12-31,2025-12-31,Berkeley,high
P::J2369,operational,2030-10-01,day,2026-03-01,,MISO,high
P::J2370,withdrawn,2025-07-30,day,2024-12-31,2025-12-31,Berkeley,high
P::J2371,operational,2026-10-31,day,2026-03-01,,MISO,high
P::J2372,withdrawn,2023-03-24,day,2022-12-31,2023-12-31,Berkeley,high
P::J2373,withdrawn,2023-01-25,day,2022-12-31,2023-12-31,Berkeley,high
P::J2374,operational,2025-06-30,day,2026-03-01,,MISO,high
P::J2375,operational,2027-05-07,day,2026-03-01,,MISO,high
P::J2376,operational,2024-12-01,day,2026-03-01,,MISO,high
P::J2377,operational,2028-04-01,day,2026-03-01,,MISO,high
P::J2378,operational,2026-05-01,day,2026-03-01,,MISO,high
P::J2379,operational,2026-11-01,day,2026-03-01,,MISO,high
P::J2380,withdrawn,2025-10-27,day,2024-12-31,2025-12-31,Berkeley,high
P::J2381,withdrawn,2025-07-30,day,2024-12-31,2025-12-31,Berkeley,high
P::J2382,operational,2026-04-24,day,2026-03-01,,MISO,high
P::J2383,operational,2027-05-07,day,2026-03-01,,MISO,high
P::J2384,operational,2024-12-01,day,2026-03-01,,MISO,high
P::J2385,withdrawn,2025-07-30,day,2024-12-31,2025-12-31,Berkeley,high
P::J2386,withdrawn,2025-07-30,day,2024-12-31,2025-12-31,Berkeley,high
P::J2387,withdrawn,2025-10-27,day,2024-12-31,2025-12-31,Berkeley,high
P::J2388,operational,2028-09-30,day,2026-03-01,,MISO,high
P::J2389,operational,2028-09-30,day,2026-03-01,,MISO,high
P::J2390,operational,2028-09-30,day,2026-03-01,,MISO,high
P::J2391,withdrawn,2025-07-30,day,2024-12-31,2025-12-31,Berkeley,high
P::J2392,operational,2026-10-31,day,2026-03-01,,MISO,high
P::J2393,withdrawn,2025-10-27,day,2024-12-31,2025-12-31,Berkeley,high
P::J2394,withdrawn,2023-03-24,day,2022-12-31,2023-12-31,Berkeley,high
P::J2395,operational,2025-05-31,day,2026-03-01,,MISO,high
P::J2396,operational,2025-05-31,day,2026-03-01,,MISO,high
P::J2397,operational,2025-05-31,day,2026-03-01,,MISO,high
P::J2398,withdrawn,2023-03-24,day,2022-12-31,2023-12-31,Berkeley,high
P::J2399,withdrawn,2023-03-24,day,2022-12-31,2023-12-31,Berkeley,high
P::J2400,withdrawn,2025-07-30,day,2024-12-31,2025-12-31,Berkeley,high
P::J2401,operational,2025-05-31,day,2026-03-01,,MISO,high
P::J2402,operational,2025-05-31,day,2026-03-01,,MISO,high
P::J2403,operational,2025-05-31,day,2026-03-01,,MISO,high
P::J2404,operational,2025-11-01,day,2026-03-01,,MISO,high
P::J2405,withdrawn,2025-07-14,day,2024-12-31,2025-12-31,Berkeley,high
P::J2406,withdrawn,2025-07-30,day,2024-12-31,2025-12-31,Berkeley,high
P::J2407,withdrawn,2025-10-27,day,2024-12-31,2025-12-31,Berkeley,high
P::J2408,withdrawn,2023-03-24,day,2022-12-31,2023-12-31,Berkeley,high
P::J2409,withdrawn,2025-07-30,day,2024-12-31,2025-12-31,Berkeley,high
P::J2410,withdrawn,2025-10-27,day,2024-12-31,2025-12-31,Berkeley,high
P::J2411,withdrawn,2025-07-30,day,2024-12-31,2025-12-31,Berkeley,high
P::J2412,withdrawn,2023-03-24,day,2022-12-31,2023-12-31,Berkeley,high
P::J2413,withdrawn,2025-10-27,day,2024-12-31,2025-12-31,Berkeley,high
P::J2414,withdrawn,2025-10-27,day,2024-12-31,2025-12-31,Berkeley,high
P::J2415,withdrawn,2025-07-30,day,2024-12-31,2025-12-31,Berkeley,high
P::J2416,withdrawn,2025-10-27,day,2024-12-31,2025-12-31,Berkeley,high
P::J2417,withdrawn,2025-10-27,day,2024-12-31,2025-12-31,Berkeley,high
P::J2418,withdrawn,2025-10-27,day,2024-12-31,2025-12-31,Berkeley,high
P::J2419,withdrawn,2025-10-27,day,2024-12-31,2025-12-31,Berkeley,high
P::J2420,withdrawn,2025-10-27,day,2024-12-31,2025-12-31,Berkeley,high
P::J2421,withdrawn,2025-10-27,day,2024-12-31,2025-12-31,Berkeley,high
P::J2422,withdrawn,2023-03-24,day,2022-12-31,2023-12-31,Berkeley,high
P::J2423,operational,2027-10-01,day,2026-03-01,,MISO,high
P::J2424,withdrawn,2025-07-30,day,2024-12-31,2025-12-31,Berkeley,high
P::J2425,withdrawn,2025-10-27,day,2024-12-31,2025-12-31,Berkeley,high
P::J2426,withdrawn,2025-10-27,day,2024-12-31,2025-12-31,Berkeley,high
P::J2427,withdrawn,2025-10-27,day,2024-12-31,2025-12-31,Berkeley,high
P::J2428,withdrawn,2023-03-24,day,2022-12-31,2023-12-31,Berkeley,high
P::J2429,operational,2027-10-01,day,2026-03-01,,MISO,high
P::J2430,withdrawn,2023-03-24,day,2022-12-31,2023-12-31,Berkeley,high
P::J2431,withdrawn,2025-07-30,day,2024-12-31,2025-12-31,Berkeley,high
P::J2432,withdrawn,2025-07-30,day,2024-12-31,2025-12-31,Berkeley,high
P::J2433,withdrawn,2023-03-24,day,2022-12-31,2023-12-31,Berkeley,high
P::J2434,withdrawn,2025-10-27,day,2024-12-31,2025-12-31,Berkeley,high
P::J2435,withdrawn,2025-10-27,day,2024-12-31,2025-12-31,Berkeley,high
P::J2436,operational,2030-10-01,day,2026-03-01,,MISO,high
P::J2437,operational,2027-09-01,day,2026-03-01,,MISO,high
P::J2438,withdrawn,2023-03-24,day,,2023-12-31,Berkeley,high
P::J2439,withdrawn,2025-07-30,day,2024-12-31,2025-12-31,Berkeley,high
P::J2440,operational,2027-07-31,day,2026-03-01,,MISO,high
P::J2441,withdrawn,2025-07-30,day,2024-12-31,2025-12-31,Berkeley,high
P::J2442,withdrawn,2025-10-27,day,2024-12-31,2025-12-31,Berkeley,high
P::J2443,withdrawn,2025-10-27,day,2024-12-31,2025-12-31,Berkeley,high
P::J2444,operational,2026-08-01,day,2026-03-01,,MISO,high
P::J2445,withdrawn,2023-03-24,day,2022-12-31,2023-12-31,Berkeley,high
P::J2446,operational,2027-09-01,day,2026-03-01,,MISO,high
P::J2447,operational,2027-09-01,day,2026-03-01,,MISO,high
P::J2448,withdrawn,2025-07-30,day,2024-12-31,2025-12-31,Berkeley,high
P::J2449,withdrawn,2025-07-31,day,2024-12-31,2025-12-31,Berkeley,high
P::J2450,operational,2026-10-31,day,2026-03-01,,MISO,high
P::J2451,withdrawn,2025-07-31,day,2024-12-31,2025-12-31,Berkeley,high
P::J2452,withdrawn,2025-07-31,day,2024-12-31,2025-12-31,Berkeley,high
P::J2453,withdrawn,2025-10-27,day,2024-12-31,2025-12-31,Berkeley,high
P::J2454,operational,2025-11-12,day,2026-03-01,,MISO,high
P::J2455,operational,2026-09-15,day,2026-03-01,,MISO,high
P::J2456,operational,2027-03-01,day,2025-12-31,,MISO,high
P::J2457,operational,2025-11-01,day,2026-03-01,,MISO,high
P::J2458,withdrawn,2025-07-31,day,2024-12-31,2025-12-31,Berkeley,high
P::J2459,withdrawn,2025-07-31,day,2024-12-31,2025-12-31,Berkeley,high
P::J2460,withdrawn,2025-07-31,day,2024-12-31,2025-12-31,Berkeley,high
P::J2461,withdrawn,2022-11-30,day,,2022-12-31,Berkeley,high
P::J2462,withdrawn,2025-10-27,day,2024-12-31,2025-12-31,Berkeley,high
P::J2463,withdrawn,2025-10-27,day,2024-12-31,2025-12-31,Berkeley,high
P::J2464,withdrawn,2025-10-27,day,2024-12-31,2025-12-31,Berkeley,high
P::J2465,withdrawn,2025-10-27,day,2024-12-31,2025-12-31,Berkeley,high
P::J2466,withdrawn,2025-10-27,day,2024-12-31,2025-12-31,Berkeley,high
P::J2467,withdrawn,2025-07-31,day,2024-12-31,2025-12-31,Berkeley,high
P::J2468,withdrawn,2023-03-24,day,2022-12-31,2023-12-31,Berkeley,high
P::J2469,operational,2027-10-01,day,2026-03-01,,MISO,high
P::J2470,withdrawn,2025-07-31,day,2024-12-31,2025-12-31,Berkeley,high
P::J2471,withdrawn,2025-08-01,day,2024-12-31,2025-12-31,Berkeley,high
P::J2472,operational,2027-05-07,day,2026-03-01,,MISO,high
P::J2473,operational,2027-09-30,day,2026-03-01,,MISO,high
P::J2474,operational,2028-09-30,day,2026-03-01,,MISO,high
P::J2475,operational,2027-09-30,day,2026-03-01,,MISO,high
P::J2476,withdrawn,2025-10-27,day,2024-12-31,2025-12-31,Berkeley,high
P::J2477,operational,2026-10-31,day,2026-03-01,,MISO,high
P::J2478,operational,2026-10-31,day,2026-03-01,,MISO,high
P::J2479,withdrawn,2023-03-25,day,2022-12-31,2023-12-31,Berkeley,high
P::J2480,withdrawn,2025-10-27,day,2024-12-31,2025-12-31,Berkeley,high
P::J2481,withdrawn,2025-10-27,day,2024-12-31,2025-12-31,Berkeley,high
P::J2482,operational,2026-10-31,day,2026-03-01,,MISO,high
P::J2483,withdrawn,2023-03-21,day,2022-12-31,2023-12-31,Berkeley,high
P::J2484,operational,2025-11-01,day,2025-12-31,,MISO,high
P::J2485,operational,2025-11-01,day,2026-03-01,,MISO,high
P::J2486,operational,2025-11-01,day,2026-03-01,,MISO,high
P::J2487,withdrawn,2023-03-24,day,2022-12-31,2023-12-31,Berkeley,high
P::J2488,withdrawn,2023-03-24,day,2022-12-31,2023-12-31,Berkeley,high
P::J2489,withdrawn,2023-03-25,day,,2023-12-31,Berkeley,high
P::J2490,operational,2025-11-01,day,2026-03-01,,MISO,high
P::J2491,withdrawn,2025-08-01,day,2024-12-31,2025-12-31,Berkeley,high
P::J2492,withdrawn,2025-10-07,day,2024-12-31,2025-12-31,Berkeley,high
P::J2493,withdrawn,2025-08-01,day,2024-12-31,2025-12-31,Berkeley,high
P::J2494,withdrawn,2023-03-24,day,2022-12-31,2023-12-31,Berkeley,high
P::J2495,operational,2026-04-29,day,2025-12-31,,MISO,high
P::J2496,operational,2026-03-07,day,2026-03-01,,MISO,high
P::J2497,withdrawn,2025-10-27,day,2024-12-31,2025-12-31,Berkeley,high
P::J2498,withdrawn,2023-03-24,day,2022-12-31,2023-12-31,Berkeley,high
P::J2499,operational,2026-03-07,day,2026-03-01,,MISO,high
P::J2500,withdrawn,2025-07-31,day,2024-12-31,2025-12-31,Berkeley,high
P::J2501,operational,2024-11-01,day,2026-03-01,,MISO,high
P::J2502,operational,2025-02-27,day,2026-03-01,,MISO,high
P::J2503,withdrawn,2023-03-25,day,2022-12-31,2023-12-31,Berkeley,high
P::J2504,withdrawn,2023-03-25,day,,2023-12-31,Berkeley,high
P::J2505,withdrawn,2025-07-31,day,2024-12-31,2025-12-31,Berkeley,high
P::J2506,withdrawn,2025-10-27,day,2024-12-31,2025-12-31,Berkeley,high
P::J2507,withdrawn,2025-10-27,day,2024-12-31,2025-12-31,Berkeley,high
P::J2508,withdrawn,2025-07-31,day,2024-12-31,2025-12-31,Berkeley,high
P::J2509,operational,2025-10-31,day,2025-12-31,,MISO,high
P::J2510,withdrawn,2025-07-31,day,2024-12-31,2025-12-31,Berkeley,high
P::J2511,withdrawn,2025-07-31,day,2024-12-31,2025-12-31,Berkeley,high
P::J2512,withdrawn,2025-10-27,day,2024-12-31,2025-12-31,Berkeley,high
P::J2513,withdrawn,2025-10-27,day,2024-12-31,2025-12-31,Berkeley,high
P::J2514,withdrawn,2025-10-27,day,2024-12-31,2025-12-31,Berkeley,high
P::J2515,withdrawn,2025-07-31,day,2024-12-31,2025-12-31,Berkeley,high
P::J2516,withdrawn,2025-07-31,day,2024-12-31,2025-12-31,Berkeley,high
P::J2517,withdrawn,2023-03-25,day,2022-12-31,2023-12-31,Berkeley,high
P::J2518,withdrawn,2025-10-07,day,2024-12-31,2025-12-31,Berkeley,high
P::J2519,operational,2026-10-31,day,2026-03-01,,MISO,high
P::J2520,operational,2025-10-31,day,2026-03-01,,MISO,high
P::J2521,withdrawn,2023-03-25,day,,2023-12-31,Berkeley,high
P::J2522,withdrawn,2023-03-25,day,2022-12-31,2023-12-31,Berkeley,high
P::J2523,operational,2026-11-01,day,2026-03-01,,MISO,high
P::J2524,operational,2026-11-01,day,2025-12-31,,MISO,high
P::J2525,withdrawn,2023-03-25,day,,2023-12-31,Berkeley,high
P::J2526,operational,2026-10-31,day,2025-12-31,,MISO,high
P::J2527,withdrawn,2023-03-25,day,2022-12-31,2023-12-31,Berkeley,high
P::J2528,withdrawn,2023-03-25,day,2022-12-31,2023-12-31,Berkeley,high
P::J2529,withdrawn,2025-07-31,day,2024-12-31,2025-12-31,Berkeley,high
P::J2530,withdrawn,2025-10-27,day,2024-12-31,2025-12-31,Berkeley,high
P::J2531,withdrawn,2023-03-25,day,,2023-12-31,Berkeley,high
P::J2532,operational,2026-11-01,day,2025-12-31,,MISO,high
P::J2533,withdrawn,2025-07-31,day,2024-12-31,2025-12-31,Berkeley,high
P::J2534,withdrawn,2025-08-01,day,2024-12-31,2025-12-31,Berkeley,high
P::J2535,withdrawn,2025-07-31,day,2024-12-31,2025-12-31,Berkeley,high
P::J2536,withdrawn,2025-10-27,day,2024-12-31,2025-12-31,Berkeley,high
P::J2537,withdrawn,2025-07-30,day,2024-12-31,2025-12-31,Berkeley,high
P::J2538,operational,2026-03-01,day,2026-03-01,,MISO,high
P::J2539,withdrawn,2025-10-27,day,2024-12-31,2025-12-31,Berkeley,high
P::J2540,operational,2026-03-01,day,2026-03-01,,MISO,high
P::J2541,operational,2026-03-01,day,2026-03-01,,MISO,high
P::J2542,withdrawn,2023-03-24,day,2022-12-31,2023-12-31,Berkeley,high
P::J2543,withdrawn,2025-07-31,day,2024-12-31,2025-12-31,Berkeley,high
P::J2544,withdrawn,2025-07-30,day,2024-12-31,2025-12-31,Berkeley,high
P::J2545,operational,2026-11-01,day,2025-12-31,,MISO,high
P::J2546,withdrawn,2025-10-27,day,2024-12-31,2025-12-31,Berkeley,high
P::J2547,withdrawn,2025-10-27,day,2024-12-31,2025-12-31,Berkeley,high
P::J2548,withdrawn,2025-10-27,day,2024-12-31,2025-12-31,Berkeley,high
P::J2549,withdrawn,2023-03-24,day,2022-12-31,2023-12-31,Berkeley,high
P::J2550,operational,2030-07-18,day,2026-03-01,,MISO,high
P::J2551,operational,2026-06-18,day,2026-03-01,,MISO,high
P::J2552,operational,2026-06-18,day,2026-03-01,,MISO,high
P::J2553,operational,2026-09-01,day,2026-03-01,,MISO,high
P::J2554,operational,2026-06-18,day,2026-03-01,,MISO,high
P::J2555,operational,2026-09-01,day,2026-03-01,,MISO,high
P::J2556,operational,2026-06-18,day,2026-03-01,,MISO,high
P::J2557,withdrawn,2025-07-30,day,2024-12-31,2025-12-31,Berkeley,high
P::J2558,withdrawn,2023-03-24,day,2022-12-31,2023-12-31,Berkeley,high
P::J2559,operational,2029-07-18,day,2026-03-01,,MISO,high
P::J2560,withdrawn,2025-07-31,day,2024-12-31,2025-12-31,Berkeley,high
P::J2561,operational,2030-07-18,day,2026-03-01,,MISO,high
P::J2562,withdrawn,2025-07-31,day,2024-12-31,2025-12-31,Berkeley,high
P::J2563,operational,2026-06-30,day,2026-03-01,,MISO,high
P::J2564,withdrawn,2025-10-27,day,2024-12-31,2025-12-31,Berkeley,high
P::J2565,operational,2026-09-01,day,2026-03-01,,MISO,high
P::J2566,operational,2026-08-01,day,2026-03-01,,MISO,high
P::J2567,operational,2025-04-01,day,2026-03-01,,MISO,high
P::J2568,withdrawn,2023-03-24,day,2022-12-31,2023-12-31,Berkeley,high
P::J2569,withdrawn,2025-10-27,day,2024-12-31,2025-12-31,Berkeley,high
P::J2570,withdrawn,2025-07-31,day,2024-12-31,2025-12-31,Berkeley,high
P::J2571,operational,2024-01-31,day,2026-03-01,,MISO,high
P::J2572,operational,2025-04-01,day,2026-03-01,,MISO,high
P::J2573,withdrawn,2025-10-27,day,2024-12-31,2025-12-31,Berkeley,high
P::J2574,withdrawn,2025-07-31,day,2024-12-31,2025-12-31,Berkeley,high
P::J2575,operational,2027-06-15,day,2026-03-01,,MISO,high
P::J2576,operational,2025-01-31,day,2026-03-01,,MISO,high
P::J2577,operational,2025-10-01,day,2026-03-01,,MISO,high
P::J2578,operational,2026-09-01,day,2026-03-01,,MISO,high
P::J2579,withdrawn,2023-03-10,day,2022-12-31,2023-12-31,Berkeley,high
P::J2580,withdrawn,2025-07-31,day,2024-12-31,2025-12-31,Berkeley,high
P::J2581,operational,2027-09-30,day,2026-03-01,,MISO,high
P::J2582,withdrawn,2025-10-27,day,2024-12-31,2025-12-31,Berkeley,high
P::J2583,withdrawn,2025-08-01,day,2024-12-31,2025-12-31,Berkeley,high
P::J2584,withdrawn,2023-03-24,day,,2023-12-31,Berkeley,high
P::J2585,withdrawn,2023-03-24,day,2022-12-31,2023-12-31,Berkeley,high
P::J2586,operational,2025-04-01,day,2026-03-01,,MISO,high
P::J2587,operational,2025-04-01,day,2026-03-01,,MISO,high
P::J2588,operational,2025-04-01,day,2026-03-01,,MISO,high
P::J2589,operational,2025-04-01,day,2026-03-01,,MISO,high
P::J2590,operational,2025-04-01,day,2026-03-01,,MISO,high
P::J2591,withdrawn,2025-07-31,day,2024-12-31,2025-12-31,Berkeley,high
P::J2592,withdrawn,2025-08-01,day,2024-12-31,2025-12-31,Berkeley,high
P::J2593,operational,2026-04-24,day,2025-12-31,,MISO,high
P::J2594,withdrawn,2025-07-31,day,2024-12-31,2025-12-31,Berkeley,high
P::J2595,withdrawn,2023-03-24,day,2022-12-31,2023-12-31,Berkeley,high
P::J2596,withdrawn,2023-03-24,day,2022-12-31,2023-12-31,Berkeley,high
P::J2597,withdrawn,2023-03-24,day,,2023-12-31,Berkeley,high
P::J2598,withdrawn,2025-10-27,day,2024-12-31,2025-12-31,Berkeley,high
P::J2599,operational,2026-06-30,day,2026-03-01,,MISO,high
P::J2600,withdrawn,2025-10-27,day,2024-12-31,2025-12-31,Berkeley,high
P::J2601,operational,2026-06-30,day,2026-03-01,,MISO,high
P::J2602,operational,2026-06-30,day,2025-12-31,,MISO,high
P::J2603,operational,2026-06-30,day,2026-03-01,,MISO,high
P::J2604,withdrawn,2025-10-27,day,2024-12-31,2025-12-31,Berkeley,high
P::J2605,withdrawn,2025-10-27,day,2024-12-31,2025-12-31,Berkeley,high
P::J2606,withdrawn,2025-10-27,day,2024-12-31,2025-12-31,Berkeley,high
P::J2607,operational,2026-06-30,day,2026-03-01,,MISO,high
P::J2608,operational,2026-09-01,day,2026-03-01,,MISO,high
P::J2609,operational,2026-09-01,day,2026-03-01,,MISO,high
P::J2610,withdrawn,2025-10-27,day,2024-12-31,2025-12-31,Berkeley,high
P::J2611,operational,2028-09-01,day,2026-03-01,,MISO,high
P::J2612,withdrawn,2025-07-31,day,2024-12-31,2025-12-31,Berkeley,high
P::J2613,operational,2025-10-01,day,2026-03-01,,MISO,high
P::J2614,operational,2028-09-30,day,2026-03-01,,MISO,high
P::J2615,withdrawn,2025-10-27,day,2024-12-31,2025-12-31,Berkeley,high
P::J2616,withdrawn,2025-07-31,day,2024-12-31,2025-12-31,Berkeley,high
P::J2617,withdrawn,2025-08-01,day,2024-12-31,2025-12-31,Berkeley,high
P::J2618,operational,2027-09-30,day,2026-03-01,,MISO,high
P::J2619,operational,2028-09-30,day,2026-03-01,,MISO,high
P::J2620,withdrawn,2025-07-31,day,2024-12-31,2025-12-31,Berkeley,high
P::J2621,withdrawn,2025-10-27,day,2024-12-31,2025-12-31,Berkeley,high
P::J2622,withdrawn,2025-07-31,day,2024-12-31,2025-12-31,Berkeley,high
P::J2623,withdrawn,2025-07-31,day,2024-12-31,2025-12-31,Berkeley,high
P::J2624,withdrawn,2023-03-24,day,2022-12-31,2023-12-31,Berkeley,high
P::J2625,withdrawn,2025-10-27,day,2024-12-31,2025-12-31,Berkeley,high
P::J2626,withdrawn,2025-10-27,day,2024-12-31,2025-12-31,Berkeley,high
P::J2627,operational,2025-09-30,day,2025-12-31,,MISO,high
P::J2628,operational,2028-07-01,day,2026-03-01,,MISO,high
P::J2629,operational,2026-09-30,day,2026-03-01,,MISO,high
P::J2630,withdrawn,2025-07-24,day,2024-12-31,2025-12-31,Berkeley,high
P::J2631,withdrawn,2025-07-24,day,2024-12-31,2025-12-31,Berkeley,high
P::J2632,withdrawn,2025-07-24,day,2024-12-31,2025-12-31,Berkeley,high
P::J2633,withdrawn,2023-03-24,day,2022-12-31,2023-12-31,Berkeley,high
P::J2634,operational,2025-06-01,day,2026-03-01,,MISO,high
P::J2635,withdrawn,2023-03-24,day,2022-12-31,2023-12-31,Berkeley,high
P::J2636,withdrawn,2023-03-24,day,2022-12-31,2023-12-31,Berkeley,high
P::J2637,withdrawn,2023-03-24,day,2022-12-31,2023-12-31,Berkeley,high
P::J2638,withdrawn,2023-03-24,day,2022-12-31,2023-12-31,Berkeley,high
P::J2639,operational,2025-06-01,day,2026-03-01,,MISO,high
P::J2640,withdrawn,2025-07-30,day,2024-12-31,2025-12-31,Berkeley,high
P::J2641,operational,2025-10-01,day,2026-03-01,,MISO,high
P::J2642,withdrawn,2025-07-31,day,2024-12-31,2025-12-31,Berkeley,high
P::J2643,operational,2027-10-01,day,2026-03-01,,MISO,high
P::J2644,withdrawn,2025-07-30,day,2024-12-31,2025-12-31,Berkeley,high
P::J2645,withdrawn,2025-08-18,day,2024-12-31,2025-12-31,Berkeley,high
P::J2646,withdrawn,2025-07-31,day,2024-12-31,2025-12-31,Berkeley,high
P::J2647,operational,2028-02-01,day,2026-03-01,,MISO,high
P::J2648,operational,2027-09-02,day,2026-03-01,,MISO,high
P::J2649,withdrawn,2023-03-24,day,2022-12-31,2023-12-31,Berkeley,high
P::J2650,withdrawn,2024-02-05,day,2023-12-31,2024-12-31,Berkeley,high
P::J2651,operational,2026-05-01,day,2026-03-01,,MISO,high
P::J2652,withdrawn,2025-10-27,day,2024-12-31,2025-12-31,Berkeley,high
P::J2653,operational,2027-05-01,day,2026-03-01,,MISO,high
P::J2654,operational,2026-07-01,day,2026-03-01,,MISO,high
P::J2655,operational,2026-05-01,day,2026-03-01,,MISO,high
P::J2656,operational,2026-05-01,day,2026-03-01,,MISO,high
P::J2657,operational,2027-05-01,day,2026-03-01,,MISO,high
P::J2658,withdrawn,2023-03-23,day,,2023-12-31,Berkeley,high
P::J2659,operational,2026-07-20,day,2026-03-01,,MISO,high
P::J2660,withdrawn,2023-03-23,day,2022-12-31,2023-12-31,Berkeley,high
P::J2661,withdrawn,2025-10-27,day,2024-12-31,2025-12-31,Berkeley,high
P::J2662,operational,2026-05-01,day,2026-03-01,,MISO,high
P::J2663,operational,2026-05-01,day,2026-03-01,,MISO,high
P::J2664,withdrawn,2025-10-27,day,2024-12-31,2025-12-31,Berkeley,high
P::J2665,withdrawn,2025-07-29,day,2024-12-31,2025-12-31,Berkeley,high
P::J2666,operational,2026-06-30,day,2026-03-01,,MISO,high
P::J2667,operational,2025-11-01,day,2025-12-31,,MISO,high
P::J2668,operational,2025-11-01,day,2025-12-31,,MISO,high
P::J2669,operational,2025-11-01,day,2025-12-31,,MISO,high
P::J2670,operational,2025-11-01,day,2025-12-31,,MISO,high
P::J2671,withdrawn,2025-08-01,day,2024-12-31,2025-12-31,Berkeley,high
P::J2672,operational,2025-11-01,day,2026-03-01,,MISO,high
P::J2673,operational,2025-11-01,day,2025-12-31,,MISO,high
P::J2674,withdrawn,2025-08-01,day,2024-12-31,2025-12-31,Berkeley,high
P::J2675,operational,2025-11-01,day,2025-12-31,,MISO,high
P::J2676,operational,2025-11-01,day,2025-12-31,,MISO,high
P::J2677,operational,2025-11-01,day,2025-12-31,,MISO,high
P::J2678,operational,2025-11-01,day,2025-12-31,,MISO,high
P::J2679,operational,2027-04-15,day,2026-03-01,,MISO,high
P::J2680,withdrawn,2023-03-24,day,2022-12-31,2023-12-31,Berkeley,high
P::J2681,withdrawn,2023-03-24,day,2022-12-31,2023-12-31,Berkeley,high
P::J2682,withdrawn,2023-03-02,day,2022-12-31,2023-12-31,Berkeley,high
P::J2683,withdrawn,2025-07-31,day,2024-12-31,2025-12-31,Berkeley,high
P::J2684,operational,2025-01-01,day,2025-12-31,,MISO,high
P::J2685,operational,2026-01-01,day,2026-03-01,,MISO,high
P::J2686,operational,2028-09-30,day,2026-03-01,,MISO,high
P::J2687,withdrawn,2025-10-27,day,2024-12-31,2025-12-31,Berkeley,high
P::J2688,withdrawn,2025-07-31,day,2024-12-31,2025-12-31,Berkeley,high
P::J2689,operational,2026-05-26,day,2026-03-01,,MISO,high
P::J2690,operational,2027-04-15,day,2026-03-01,,MISO,high
P::J2691,operational,2027-04-15,day,2026-03-01,,MISO,high
P::J2692,withdrawn,2025-07-31,day,2024-12-31,2025-12-31,Berkeley,high
P::J2693,operational,2027-04-15,day,2026-03-01,,MISO,high
P::J2694,operational,2027-04-15,day,2026-03-01,,MISO,high
P::J2695,withdrawn,2025-10-27,day,2024-12-31,2025-12-31,Berkeley,high
P::J2696,operational,2027-04-15,day,2026-03-01,,MISO,high
P::J2697,withdrawn,2025-10-27,day,2024-12-31,2025-12-31,Berkeley,high
P::J2698,withdrawn,2025-07-31,day,2024-12-31,2025-12-31,Berkeley,high
P::J2699,withdrawn,2025-07-31,day,2024-12-31,2025-12-31,Berkeley,high
P::J2700,withdrawn,2025-07-31,day,2024-12-31,2025-12-31,Berkeley,high
P::J2701,operational,2027-04-15,day,2026-03-01,,MISO,high
P::J2702,withdrawn,2025-10-27,day,2024-12-31,2025-12-31,Berkeley,high
P::J2703,withdrawn,2025-10-27,day,2024-12-31,2025-12-31,Berkeley,high
P::J2704,operational,2027-04-15,day,2026-03-01,,MISO,high
P::J2705,withdrawn,2025-07-31,day,2024-12-31,2025-12-31,Berkeley,high
P::J2706,withdrawn,2025-07-31,day,2024-12-31,2025-12-31,Berkeley,high
P::J2707,withdrawn,2025-07-31,day,2024-12-31,2025-12-31,Berkeley,high
P::J2708,operational,2027-04-15,day,2026-03-01,,MISO,high
P::J2709,withdrawn,2023-03-24,day,2022-12-31,2023-12-31,Berkeley,high
P::J2710,withdrawn,2025-08-01,day,2024-12-31,2025-12-31,Berkeley,high
P::J2711,withdrawn,2025-10-27,day,2024-12-31,2025-12-31,Berkeley,high
P::J2712,withdrawn,2025-10-27,day,2024-12-31,2025-12-31,Berkeley,high
P::J2713,withdrawn,2025-10-27,day,2024-12-31,2025-12-31,Berkeley,high
P::J2714,operational,2027-04-15,day,2026-03-01,,MISO,high
P::J2715,operational,2027-04-15,day,2026-03-01,,MISO,high
P::J2716,operational,2027-04-15,day,2026-03-01,,MISO,high
P::J2717,withdrawn,2023-03-24,day,2022-12-31,2023-12-31,Berkeley,high
P::J2718,withdrawn,2025-10-27,day,2024-12-31,2025-12-31,Berkeley,high
P::J2719,withdrawn,2025-08-01,day,2024-12-31,2025-12-31,Berkeley,high
P::J2720,operational,2025-04-25,day,2026-03-01,,MISO,high
P::J2721,withdrawn,2025-07-31,day,2024-12-31,2025-12-31,Berkeley,high
P::J2722,withdrawn,2025-08-14,day,2024-12-31,2025-12-31,Berkeley,high
P::J2723,withdrawn,2025-10-27,day,2024-12-31,2025-12-31,Berkeley,high
P::J2724,withdrawn,2025-10-27,day,2024-12-31,2025-12-31,Berkeley,high
P::J2725,withdrawn,2025-08-01,day,2024-12-31,2025-12-31,Berkeley,high
P::J2726,withdrawn,2025-10-27,day,2024-12-31,2025-12-31,Berkeley,high
P::J2727,withdrawn,2025-07-31,day,2024-12-31,2025-12-31,Berkeley,high
P::J2728,operational,2025-07-24,day,2026-03-01,,MISO,high
P::J2729,operational,2025-02-01,day,2025-12-31,,MISO,high
P::J2730,operational,2025-07-24,day,2026-03-01,,MISO,high
P::J2731,operational,2025-07-24,day,2026-03-01,,MISO,high
P::J2732,withdrawn,2025-08-01,day,2024-12-31,2025-12-31,Berkeley,high
P::J2733,withdrawn,2025-11-03,day,2024-12-31,2025-12-31,Berkeley,high
P::J2734,operational,2025-12-06,day,2026-03-01,,MISO,high
P::J2735,withdrawn,2022-12-06,day,,2022-12-31,Berkeley,high
P::J2736,withdrawn,2025-07-31,day,2024-12-31,2025-12-31,Berkeley,high
P::J2737,operational,2026-09-30,day,2026-03-01,,MISO,high
P::J2738,operational,2025-02-01,day,2026-03-01,,MISO,high
P::J2739,operational,2026-09-01,day,2026-03-01,,MISO,high
P::J2740,operational,2029-02-15,day,2026-03-01,,MISO,high
P::J2741,withdrawn,2025-07-31,day,2024-12-31,2025-12-31,Berkeley,high
P::J2742,operational,2026-09-01,day,2026-03-01,,MISO,high
P::J2743,withdrawn,2025-07-31,day,2024-12-31,2025-12-31,Berkeley,high
P::J2744,withdrawn,2025-07-31,day,2024-12-31,2025-12-31,Berkeley,high
P::J2745,withdrawn,2025-07-31,day,2024-12-31,2025-12-31,Berkeley,high
P::J2746,withdrawn,2023-03-24,day,2022-12-31,2023-12-31,Berkeley,high
P::J2747,operational,2026-08-04,day,2026-03-01,,MISO,high
P::J2748,withdrawn,2025-10-07,day,2024-12-31,2025-12-31,Berkeley,high
P::J2749,operational,2026-08-04,day,2026-03-01,,MISO,high
P::J2750,operational,2026-01-01,day,2026-03-01,,MISO,high
P::J2751,operational,2026-01-01,day,2026-03-01,,MISO,high
P::J2752,operational,2026-01-01,day,2026-03-01,,MISO,high
P::J2753,operational,2026-01-01,day,2026-03-01,,MISO,high
P::J2754,operational,2026-01-01,day,2026-03-01,,MISO,high
P::J2755,withdrawn,2025-07-24,day,2024-12-31,2025-12-31,Berkeley,high
P::J2756,operational,2025-11-01,day,2026-03-01,,MISO,high
P::J2757,operational,2026-05-01,day,2026-03-01,,MISO,high
P::J2758,withdrawn,2023-02-27,day,2022-12-31,2023-12-31,Berkeley,high
P::J2759,operational,2029-02-15,day,2025-12-31,,MISO,high
P::J2760,withdrawn,2025-10-27,day,2024-12-31,2025-12-31,Berkeley,high
P::J2761,operational,2029-09-28,day,2026-03-01,,MISO,high
P::J2762,withdrawn,2023-03-13,day,2022-12-31,2023-12-31,Berkeley,high
P::J2763,operational,2025-12-06,day,2026-03-01,,MISO,high
P::J2764,operational,2025-12-06,day,2026-03-01,,MISO,high
P::J2765,withdrawn,2025-07-31,day,2024-12-31,2025-12-31,Berkeley,high
P::J2766,withdrawn,2025-12-18,day,2024-12-31,2025-12-31,Berkeley,high
P::J2767,withdrawn,2025-07-31,day,2024-12-31,2025-12-31,Berkeley,high
P::J2768,withdrawn,2025-07-31,day,2024-12-31,2025-12-31,Berkeley,high
P::J2769,withdrawn,2025-07-31,day,2024-12-31,2025-12-31,Berkeley,high
P::J2770,withdrawn,2025-07-31,day,2024-12-31,2025-12-31,Berkeley,high
P::J2771,withdrawn,2025-07-31,day,2024-12-31,2025-12-31,Berkeley,high
P::J2772,withdrawn,2025-10-27,day,2024-12-31,2025-12-31,Berkeley,high
P::J2773,operational,2027-06-01,day,2026-03-01,,MISO,high
P::J2774,withdrawn,2025-08-01,day,2024-12-31,2025-12-31,Berkeley,high
P::J2775,withdrawn,2025-08-07,day,2024-12-31,2025-12-31,Berkeley,high
P::J2776,withdrawn,2023-03-22,day,2022-12-31,2023-12-31,Berkeley,high
P::J2777,withdrawn,2023-03-22,day,2022-12-31,2023-12-31,Berkeley,high
P::J2778,withdrawn,2025-10-27,day,2024-12-31,2025-12-31,Berkeley,high
P::J2779,withdrawn,2025-10-27,day,2024-12-31,2025-12-31,Berkeley,high
P::J2780,withdrawn,2025-10-27,day,2024-12-31,2025-12-31,Berkeley,high
P::J2781,withdrawn,2025-10-27,day,2024-12-31,2025-12-31,Berkeley,high
P::J2782,withdrawn,2023-03-24,day,2024-12-31,2025-12-31,Berkeley,high
P::J2783,withdrawn,2025-10-27,day,2024-12-31,2025-12-31,Berkeley,high
P::J2784,withdrawn,2025-11-03,day,2024-12-31,2025-12-31,Berkeley,high
P::J2785,withdrawn,2025-07-31,day,2024-12-31,2025-12-31,Berkeley,high
P::J2786,operational,2024-07-01,day,2026-03-01,,MISO,high
P::J2787,withdrawn,2023-03-27,day,2022-12-31,2023-12-31,Berkeley,high
P::J2788,withdrawn,2025-08-01,day,2024-12-31,2025-12-31,Berkeley,high
P::J2789,withdrawn,2023-03-08,day,2022-12-31,2023-12-31,Berkeley,high
P::J2790,withdrawn,2023-03-13,day,2022-12-31,2023-12-31,Berkeley,high
P::J2791,withdrawn,2023-03-24,day,2026-03-01,,Berkeley,high
P::J2792,withdrawn,2023-03-24,day,2022-12-31,2023-12-31,Berkeley,high
P::J2793,operational,2026-06-30,day,2026-03-01,,MISO,high
P::J2794,operational,2029-12-27,day,2025-12-31,,MISO,high
P::J2795,withdrawn,2025-07-31,day,2024-12-31,2025-12-31,Berkeley,high
P::J2796,withdrawn,2025-07-31,day,2024-12-31,2025-12-31,Berkeley,high
P::J2797,operational,2026-09-15,day,2025-12-31,,MISO,high
P::J2798,withdrawn,2023-03-24,day,2022-12-31,2023-12-31,Berkeley,high
P::J2799,operational,2025-09-01,day,2026-03-01,,MISO,high
P::J2800,withdrawn,2025-07-31,day,2024-12-31,2025-12-31,Berkeley,high
P::J2801,operational,2026-09-01,day,2025-12-31,,MISO,high
P::J2802,withdrawn,2023-04-06,day,2022-12-31,2023-12-31,Berkeley,high
P::J2803,withdrawn,2025-07-31,day,2024-12-31,2025-12-31,Berkeley,high
P::J2804,withdrawn,2025-07-31,day,2024-12-31,2025-12-31,Berkeley,high
P::J2805,withdrawn,2025-10-27,day,2024-12-31,2025-12-31,Berkeley,high
P::J2806,operational,2026-09-01,day,2026-03-01,,MISO,high
P::J2807,withdrawn,2023-03-24,day,2022-12-31,2023-12-31,Berkeley,high
P::J2808,operational,2026-09-01,day,2026-03-01,,MISO,high
P::J2809,operational,2026-09-01,day,2026-03-01,,MISO,high
P::J2810,withdrawn,2023-03-24,day,,2023-12-31,Berkeley,high
P::J2811,operational,2026-09-01,day,2026-03-01,,MISO,high
P::J2812,operational,2026-09-01,day,2026-03-01,,MISO,high
P::J2813,withdrawn,2023-03-24,day,2022-12-31,2023-12-31,Berkeley,high
P::J2814,operational,2026-02-15,day,2026-03-01,,MISO,high
P::J2815,operational,2025-02-15,day,2025-12-31,,MISO,high
P::J2816,operational,2028-10-31,day,2026-03-01,,MISO,high
P::J2817,withdrawn,2025-07-31,day,2024-12-31,2025-12-31,Berkeley,high
P::J2818,operational,2025-03-01,day,2026-03-01,,MISO,high
P::J2819,operational,2025-02-01,day,2026-03-01,,MISO,high
P::J2820,withdrawn,2025-10-27,day,2024-12-31,2025-12-31,Berkeley,high
P::J2821,withdrawn,2025-10-27,day,2024-12-31,2025-12-31,Berkeley,high
P::J2822,operational,2025-03-01,day,2026-03-01,,MISO,high
P::J2823,withdrawn,2025-10-27,day,2024-12-31,2025-12-31,Berkeley,high
P::J2824,withdrawn,2025-07-31,day,2024-12-31,2025-12-31,Berkeley,high
P::J2825,withdrawn,2025-07-31,day,2024-12-31,2025-12-31,Berkeley,high
P::J2826,operational,2027-06-01,day,2026-03-01,,MISO,high
P::J2827,withdrawn,2025-07-31,day,2024-12-31,2025-12-31,Berkeley,high
P::J2828,withdrawn,2025-07-31,day,2024-12-31,2025-12-31,Berkeley,high
P::J2829,withdrawn,2025-10-27,day,2024-12-31,2025-12-31,Berkeley,high
P::J2830,withdrawn,2025-10-27,day,2024-12-31,2025-12-31,Berkeley,high
P::J2831,withdrawn,2025-07-31,day,2024-12-31,2025-12-31,Berkeley,high
P::J2832,withdrawn,2025-07-31,day,2024-12-31,2025-12-31,Berkeley,high
P::J2833,withdrawn,2025-07-30,day,2024-12-31,2025-12-31,Berkeley,high
P::J2834,withdrawn,2025-07-30,day,2024-12-31,2025-12-31,Berkeley,high
P::J2835,withdrawn,2025-10-27,day,2024-12-31,2025-12-31,Berkeley,high
P::J2836,withdrawn,2025-10-27,day,2024-12-31,2025-12-31,Berkeley,high
P::J2837,withdrawn,2025-10-27,day,2024-12-31,2025-12-31,Berkeley,high
P::J2838,operational,2025-03-01,day,2026-03-01,,MISO,high
P::J2839,withdrawn,2025-07-31,day,2024-12-31,2025-12-31,Berkeley,high
P::J2840,operational,2025-09-30,day,2025-12-31,,MISO,high
P::J2841,operational,2025-10-01,day,2026-03-01,,MISO,high
P::J2842,withdrawn,2023-03-24,day,2022-12-31,2023-12-31,Berkeley,high
P::J2843,withdrawn,2025-10-27,day,2024-12-31,2025-12-31,Berkeley,high
P::J2844,operational,2025-10-01,day,2026-03-01,,MISO,high
P::J2845,operational,2025-10-15,day,2026-03-01,,MISO,high
P::J2846,operational,2025-12-01,day,2026-03-01,,MISO,high
P::J2847,operational,2026-08-01,day,2026-03-01,,MISO,high
P::J2848,operational,2025-08-01,day,2026-03-01,,MISO,high
P::J2849,operational,2025-12-01,day,2026-03-01,,MISO,high
P::J2850,withdrawn,2025-07-09,day,2024-12-31,2025-12-31,Berkeley,high
P::J2851,withdrawn,2022-12-09,day,,2022-12-31,Berkeley,high
P::J2852,operational,2025-04-30,day,2026-03-01,,MISO,high
P::J2853,withdrawn,2025-10-27,day,2024-12-31,2025-12-31,Berkeley,high
P::J2854,withdrawn,2025-07-31,day,2024-12-31,2025-12-31,Berkeley,high
P::J2855,withdrawn,2025-10-27,day,2024-12-31,2025-12-31,Berkeley,high
P::J2856,withdrawn,2025-07-31,day,2024-12-31,2025-12-31,Berkeley,high
P::J2857,withdrawn,2025-07-31,day,2024-12-31,2025-12-31,Berkeley,high
P::J2858,withdrawn,2025-07-31,day,2024-12-31,2025-12-31,Berkeley,high
P::J2859,withdrawn,2025-07-31,day,2024-12-31,2025-12-31,Berkeley,high
P::J2860,withdrawn,2025-07-31,day,2024-12-31,2025-12-31,Berkeley,high
P::J2861,operational,2029-08-31,day,2026-03-01,,MISO,high
P::J2862,withdrawn,2023-03-24,day,2022-12-31,2023-12-31,Berkeley,high
P::J2863,withdrawn,2025-10-20,day,2024-12-31,2025-12-31,Berkeley,high
P::J2864,operational,2027-10-31,day,2026-03-01,,MISO,high
P::J2865,operational,2027-08-31,day,2026-03-01,,MISO,high
P::J2866,operational,2027-08-31,day,2026-03-01,,MISO,high
P::J2867,operational,2029-08-31,day,2026-03-01,,MISO,high
P::J2868,withdrawn,2025-08-04,day,2025-12-31,2026-03-01,MISO,high
P::J2869,operational,2027-06-01,day,2026-03-01,,MISO,high
P::J2870,operational,2026-12-01,day,2026-03-01,,MISO,high
P::J2871,operational,2025-03-01,day,2026-03-01,,MISO,high
P::J2872,withdrawn,2025-07-30,day,2024-12-31,2025-12-31,Berkeley,high
P::J2873,operational,2027-10-01,day,2026-03-01,,MISO,high
P::J2874,operational,2025-11-15,day,2026-03-01,,MISO,high
P::J2875,operational,2025-11-01,day,2026-03-01,,MISO,high
P::J2876,withdrawn,2026-03-12,day,2025-12-31,2026-03-01,MISO,high
P::J2877,operational,2025-11-01,day,2026-03-01,,MISO,high
P::J2878,withdrawn,2026-03-12,day,2025-12-31,2026-03-01,MISO,high
P::J2879,operational,2025-10-01,day,2026-03-01,,MISO,high
P::J2880,operational,2026-07-31,day,2026-03-01,,MISO,high
P::J2881,operational,2026-07-31,day,2026-03-01,,MISO,high
P::J2882,withdrawn,2025-07-31,day,2024-12-31,2025-12-31,Berkeley,high
P::J2883,withdrawn,2025-10-27,day,2024-12-31,2025-12-31,Berkeley,high
P::J2884,withdrawn,2025-07-31,day,2024-12-31,2025-12-31,Berkeley,high
P::J2885,operational,2025-01-10,day,2026-03-01,,MISO,high
P::J2886,operational,2029-09-17,day,2026-03-01,,MISO,high
P::J2887,withdrawn,2025-07-31,day,2024-12-31,2025-12-31,Berkeley,high
P::J2888,withdrawn,2025-07-31,day,2024-12-31,2025-12-31,Berkeley,high
P::J2889,operational,2025-08-01,day,2025-12-31,,MISO,high
P::J2890,withdrawn,2025-07-31,day,2024-12-31,2025-12-31,Berkeley,high
P::J2891,operational,2026-06-30,day,2026-03-01,,MISO,high
P::J2892,withdrawn,2025-09-11,day,2024-12-31,2025-12-31,Berkeley,high
P::J2893,operational,2027-08-18,day,2025-12-31,,MISO,high
P::J2894,withdrawn,2025-10-27,day,2024-12-31,2025-12-31,Berkeley,high
P::J2895,withdrawn,2025-08-19,day,2024-12-31,2025-12-31,Berkeley,high
P::J2896,withdrawn,2023-03-24,day,2022-12-31,2023-12-31,Berkeley,high
P::J2897,operational,2025-04-30,day,2026-03-01,,MISO,high
P::J2898,withdrawn,2025-07-31,day,2024-12-31,2025-12-31,Berkeley,high
P::J2899,operational,2026-04-30,day,2026-03-01,,MISO,high
P::J2900,withdrawn,2025-07-31,day,2024-12-31,2025-12-31,Berkeley,high
P::J2901,operational,2027-10-01,day,2026-03-01,,MISO,high
P::J2902,withdrawn,2023-03-24,day,2022-12-31,2023-12-31,Berkeley,high
P::J2903,withdrawn,2025-07-31,day,2024-12-31,2025-12-31,Berkeley,high
P::J2904,withdrawn,2025-07-31,day,2024-12-31,2025-12-31,Berkeley,high
P::J2905,withdrawn,2025-07-31,day,2024-12-31,2025-12-31,Berkeley,high
P::J2906,operational,2024-09-30,day,2025-12-31,,MISO,high
P::J2907,operational,2026-05-26,day,2026-03-01,,MISO,high
P::J2908,operational,2023-11-01,day,2026-03-01,,MISO,high
P::J2909,withdrawn,2023-03-27,day,2022-12-31,2023-12-31,Berkeley,high
P::J2910,withdrawn,2023-03-22,day,2022-12-31,2023-12-31,Berkeley,high
P::J2911,withdrawn,2025-07-31,day,2024-12-31,2025-12-31,Berkeley,high
P::J2912,withdrawn,2025-10-27,day,2024-12-31,2025-12-31,Berkeley,high
P::J2913,operational,2025-04-30,day,2026-03-01,,MISO,high
P::J2914,operational,2026-04-30,day,2026-03-01,,MISO,high
P::J2915,withdrawn,2025-10-27,day,2024-12-31,2025-12-31,Berkeley,high
P::J2916,withdrawn,2025-07-31,day,2024-12-31,2025-12-31,Berkeley,high
P::J2917,operational,2026-03-01,day,2026-03-01,,MISO,high
P::J2918,operational,2025-03-01,day,2026-03-01,,MISO,high
P::J2919,withdrawn,2025-10-27,day,2024-12-31,2025-12-31,Berkeley,high
P::J2920,operational,2024-12-01,day,2026-03-01,,MISO,high
P::J2921,operational,2026-08-31,day,2026-03-01,,MISO,high
P::J2922,operational,2028-04-01,day,2026-03-01,,MISO,high
P::J2923,withdrawn,2025-07-31,day,2024-12-31,2025-12-31,Berkeley,high
P::J2924,operational,2027-10-31,day,2026-03-01,,MISO,high
P::J2925,withdrawn,2025-10-27,day,2024-12-31,2025-12-31,Berkeley,high
P::J2926,withdrawn,2025-10-27,day,2024-12-31,2025-12-31,Berkeley,high
P::J2927,withdrawn,2025-10-27,day,2024-12-31,2025-12-31,Berkeley,high
P::J2928,withdrawn,2023-03-24,day,2022-12-31,2023-12-31,Berkeley,high
P::J2929,withdrawn,2023-03-24,day,2022-12-31,2023-12-31,Berkeley,high
P::J2930,operational,2025-10-01,day,2026-03-01,,MISO,high
P::J2931,operational,2025-10-01,day,2026-03-01,,MISO,high
P::J2932,withdrawn,2023-03-24,day,,2023-12-31,Berkeley,high
P::J2933,withdrawn,2023-03-24,day,2022-12-31,2023-12-31,Berkeley,high
P::J2934,withdrawn,2025-08-01,day,2024-12-31,2025-12-31,Berkeley,high
P::J2935,withdrawn,2025-08-01,day,2024-12-31,2025-12-31,Berkeley,high
P::J2936,withdrawn,2023-03-02,day,2022-12-31,2023-12-31,Berkeley,high
P::J2937,operational,2025-06-30,day,2026-03-01,,MISO,high
P::J2938,operational,2025-06-30,day,2026-03-01,,MISO,high
P::J2939,withdrawn,2025-07-31,day,2024-12-31,2025-12-31,Berkeley,high
P::J2940,withdrawn,2023-03-24,day,2022-12-31,2023-12-31,Berkeley,high
P::J2941,withdrawn,2023-03-24,day,2022-12-31,2023-12-31,Berkeley,high
P::J2942,withdrawn,2025-07-31,day,2024-12-31,2025-12-31,Berkeley,high
P::J2943,withdrawn,2023-03-25,day,,2023-12-31,Berkeley,high
P::J2944,operational,2027-04-01,day,2026-03-01,,MISO,high
P::J2945,operational,2027-04-01,day,2026-03-01,,MISO,high
P::J2946,operational,2027-04-01,day,2026-03-01,,MISO,high
P::J2947,operational,2026-04-01,day,2026-03-01,,MISO,high
P::J2948,operational,2024-09-01,day,2026-03-01,,MISO,high
P::J2949,operational,2027-06-30,day,2026-03-01,,MISO,high
P::J2950,withdrawn,2025-10-27,day,2024-12-31,2025-12-31,Berkeley,high
P::J2951,operational,2024-06-01,day,2026-03-01,,MISO,high
P::J2952,operational,2026-09-30,day,2026-03-01,,MISO,high
P::J2953,withdrawn,2025-07-31,day,2024-12-31,2025-12-31,Berkeley,high
P::J2954,operational,2026-09-30,day,2026-03-01,,MISO,high
P::J2955,operational,2026-09-30,day,2026-03-01,,MISO,high
P::J2956,operational,2027-03-01,day,2026-03-01,,MISO,high
P::J2957,operational,2027-01-01,day,2026-03-01,,MISO,high
P::J2958,withdrawn,2025-07-31,day,2024-12-31,2025-12-31,Berkeley,high
P::J2959,withdrawn,2025-10-27,day,2024-12-31,2025-12-31,Berkeley,high
P::J2960,withdrawn,2025-10-27,day,2024-12-31,2025-12-31,Berkeley,high
P::J2961,withdrawn,2025-10-27,day,2024-12-31,2025-12-31,Berkeley,high
P::J2962,withdrawn,2025-10-27,day,2024-12-31,2025-12-31,Berkeley,high
P::J2963,operational,2025-10-01,day,2026-03-01,,MISO,high
P::J2964,withdrawn,2025-07-31,day,2024-12-31,2025-12-31,Berkeley,high
P::J2965,operational,2025-10-01,day,2026-03-01,,MISO,high
P::J2966,operational,2025-10-15,day,2026-03-01,,MISO,high
P::J2967,operational,2025-10-15,day,2026-03-01,,MISO,high
P::J2968,withdrawn,2025-07-31,day,2024-12-31,2025-12-31,Berkeley,high
P::J2969,operational,2002-11-01,day,2026-03-01,,MISO,high
P::J2970,operational,2026-08-15,day,2025-12-31,,MISO,high
P::J2971,withdrawn,2023-03-24,day,2022-12-31,2023-12-31,Berkeley,high
P::J2972,operational,2026-08-15,day,2026-03-01,,MISO,high
P::J2973,operational,2026-08-15,day,2026-03-01,,MISO,high
P::J2974,operational,2026-08-15,day,2026-03-01,,MISO,high
P::J2975,withdrawn,2025-07-31,day,2024-12-31,2025-12-31,Berkeley,high
P::J2976,withdrawn,2025-07-31,day,2024-12-31,2025-12-31,Berkeley,high
P::J2977,withdrawn,2023-03-24,day,2022-12-31,2023-12-31,Berkeley,high
P::J2978,withdrawn,2023-03-25,day,,2023-12-31,Berkeley,high
P::J2979,withdrawn,2025-10-27,day,2024-12-31,2025-12-31,Berkeley,high
P::J2980,withdrawn,2025-07-31,day,2024-12-31,2025-12-31,Berkeley,high
P::J2981,withdrawn,2025-10-27,day,2024-12-31,2025-12-31,Berkeley,high
P::J2982,operational,2023-09-30,day,2026-03-01,,MISO,high
P::J2983,operational,2025-09-15,day,2026-03-01,,MISO,high
P::J2984,withdrawn,2025-07-31,day,2024-12-31,2025-12-31,Berkeley,high
P::J2985,operational,2025-09-15,day,2026-03-01,,MISO,high
P::J2986,operational,2025-09-15,day,2026-03-01,,MISO,high
P::J2987,operational,2025-09-15,day,2026-03-01,,MISO,high
P::J2988,operational,2025-03-15,day,2026-03-01,,MISO,high
P::J2989,operational,2025-06-15,day,2026-03-01,,MISO,high
P::J2990,operational,2025-06-15,day,2026-03-01,,MISO,high
P::J2991,operational,2025-09-15,day,2026-03-01,,MISO,high
P::J2992,withdrawn,2025-07-31,day,2024-12-31,2025-12-31,Berkeley,high
P::J2993,withdrawn,2023-03-24,day,,2023-12-31,Berkeley,high
P::J2994,withdrawn,2023-03-24,day,,2023-12-31,Berkeley,high
P::J2995,withdrawn,2023-03-24,day,,2023-12-31,Berkeley,high
P::J2996,withdrawn,2025-07-31,day,2024-12-31,2025-12-31,Berkeley,high
P::J2997,operational,2025-09-15,day,2026-03-01,,MISO,high
P::J2998,operational,2025-09-15,day,2026-03-01,,MISO,high
P::J2999,operational,2025-09-15,day,2026-03-01,,MISO,high
P::J3000,withdrawn,2025-10-27,day,2024-12-31,2025-12-31,Berkeley,high
P::J3001,withdrawn,2025-07-31,day,2024-12-31,2025-12-31,Berkeley,high
P::J3002,operational,2025-08-30,day,2026-03-01,,MISO,high
P::J3003,operational,2025-08-30,day,2026-03-01,,MISO,high
P::J3004,operational,2025-08-30,day,2026-03-01,,MISO,high
P::J3005,withdrawn,2025-10-27,day,2024-12-31,2025-12-31,Berkeley,high
P::J3006,operational,2028-03-01,day,2026-03-01,,MISO,high
P::J3007,operational,2025-05-15,day,2026-03-01,,MISO,high
P::J3008,withdrawn,2023-03-24,day,2022-12-31,2023-12-31,Berkeley,high
P::J3009,operational,2025-05-15,day,2026-03-01,,MISO,high
P::J3010,withdrawn,2025-10-27,day,2024-12-31,2025-12-31,Berkeley,high
P::J3011,withdrawn,2025-10-27,day,2024-12-31,2025-12-31,Berkeley,high
P::J3012,operational,2026-11-01,day,2025-12-31,,MISO,high
P::J3013,withdrawn,2025-10-27,day,2024-12-31,2025-12-31,Berkeley,high
P::J3014,operational,2026-10-31,day,2025-12-31,,MISO,high
P::J3015,operational,2027-06-01,day,2026-03-01,,MISO,high
P::J3016,withdrawn,2025-10-27,day,2024-12-31,2025-12-31,Berkeley,high
P::J3017,withdrawn,2025-10-27,day,2024-12-31,2025-12-31,Berkeley,high
P::J3018,withdrawn,2023-03-24,day,2022-12-31,2023-12-31,Berkeley,high
P::J3019,withdrawn,2025-07-31,day,2024-12-31,2025-12-31,Berkeley,high
P::J3020,withdrawn,2025-10-27,day,2024-12-31,2025-12-31,Berkeley,high
P::J3021,operational,2027-06-01,day,2026-03-01,,MISO,high
P::J3022,withdrawn,2023-03-24,day,2022-12-31,2023-12-31,Berkeley,high
P::J3023,withdrawn,2023-03-24,day,2022-12-31,2023-12-31,Berkeley,high
P::J3024,withdrawn,2023-03-27,day,2022-12-31,2023-12-31,Berkeley,high
P::J3025,withdrawn,2025-10-27,day,2024-12-31,2025-12-31,Berkeley,high
P::J3026,withdrawn,2025-07-31,day,2024-12-31,2025-12-31,Berkeley,high
P::J3027,operational,2027-06-01,day,2026-03-01,,MISO,high
P::J3028,operational,2027-06-01,day,2026-03-01,,MISO,high
P::J3029,withdrawn,2025-12-05,day,2024-12-31,2025-12-31,Berkeley,high
P::J3030,operational,2027-06-01,day,2026-03-01,,MISO,high
P::J3031,operational,2026-10-31,day,2026-03-01,,MISO,high
P::J3032,withdrawn,2025-07-31,day,2024-12-31,2025-12-31,Berkeley,high
P::J3033,withdrawn,2025-10-27,day,2024-12-31,2025-12-31,Berkeley,high
P::J3034,withdrawn,2025-07-31,day,2024-12-31,2025-12-31,Berkeley,high
P::J3035,operational,2026-08-04,day,2026-03-01,,MISO,high
P::J3036,withdrawn,2025-07-31,day,2024-12-31,2025-12-31,Berkeley,high
P::J3037,withdrawn,2025-07-31,day,2024-12-31,2025-12-31,Berkeley,high
P::J3038,withdrawn,2025-07-30,day,2024-12-31,2025-12-31,Berkeley,high
P::J3039,operational,2029-08-31,day,2026-03-01,,MISO,high
P::J3040,operational,2027-10-31,day,2026-03-01,,MISO,high
P::J3041,operational,2029-08-31,day,2026-03-01,,MISO,high
P::J3042,operational,2026-01-01,day,2026-03-01,,MISO,high
P::J3043,withdrawn,2025-10-27,day,2024-12-31,2025-12-31,Berkeley,high
P::J3044,withdrawn,2025-10-27,day,2024-12-31,2025-12-31,Berkeley,high
P::J3045,operational,2026-10-01,day,2026-03-01,,MISO,high
P::J3046,withdrawn,2023-03-25,day,2022-12-31,2023-12-31,Berkeley,high
P::J3047,operational,2027-09-01,day,2026-03-01,,MISO,high
P::J3048,withdrawn,2025-07-30,day,2024-12-31,2025-12-31,Berkeley,high
P::J3049,operational,2024-12-01,day,2026-03-01,,MISO,high
P::J3050,operational,2027-04-01,day,2026-03-01,,MISO,high
P::J3051,operational,2026-06-30,day,2026-03-01,,MISO,high
P::J3052,withdrawn,2025-08-01,day,2024-12-31,2025-12-31,Berkeley,high
P::J3053,operational,2024-12-01,day,2026-03-01,,MISO,high
P::J3054,withdrawn,2023-03-24,day,2022-12-31,2023-12-31,Berkeley,high
P::J3055,withdrawn,2025-07-30,day,2024-12-31,2025-12-31,Berkeley,high
P::J3056,withdrawn,2025-07-30,day,2024-12-31,2025-12-31,Berkeley,high
P::J3057,withdrawn,2025-07-30,day,2024-12-31,2025-12-31,Berkeley,high
P::J3058,operational,2025-12-06,day,2026-03-01,,MISO,high
P::J3059,operational,2026-07-20,day,2025-12-31,,MISO,high
P::J3060,withdrawn,2025-10-27,day,2024-12-31,2025-12-31,Berkeley,high
P::J3061,withdrawn,2025-07-30,day,2024-12-31,2025-12-31,Berkeley,high
P::J3062,withdrawn,2025-07-30,day,2024-12-31,2025-12-31,Berkeley,high
P::J3063,operational,2026-10-20,day,2026-03-01,,MISO,high
P::J3064,operational,2026-10-20,day,2026-03-01,,MISO,high
P::J3065,operational,2025-03-30,day,2026-03-01,,MISO,high
P::J3066,operational,2026-06-30,day,2026-03-01,,MISO,high
P::J3067,withdrawn,2025-07-30,day,2024-12-31,2025-12-31,Berkeley,high
P::J3068,withdrawn,2025-07-30,day,2024-12-31,2025-12-31,Berkeley,high
P::J3069,withdrawn,2025-10-27,day,2024-12-31,2025-12-31,Berkeley,high
P::J3070,operational,2025-02-27,day,2026-03-01,,MISO,high
P::J3071,withdrawn,2025-07-30,day,2024-12-31,2025-12-31,Berkeley,high
P::J3072,withdrawn,2023-03-27,day,2022-12-31,2023-12-31,Berkeley,high
P::J3073,withdrawn,2023-03-25,day,,2023-12-31,Berkeley,high
P::J3074,operational,2025-08-31,day,2026-03-01,,MISO,high
P::J3075,operational,2025-11-30,day,2025-12-31,,MISO,high
P::J3076,operational,2025-11-30,day,2025-12-31,,MISO,high
P::J3077,operational,2026-11-30,day,2026-03-01,,MISO,high
P::J3078,operational,2029-10-01,day,2026-03-01,,MISO,high
P::J3079,withdrawn,2025-07-30,day,2024-12-31,2025-12-31,Berkeley,high
P::J3080,operational,2025-08-29,day,2025-12-31,,MISO,high
P::J3081,operational,2026-09-30,day,2026-03-01,,MISO,high
P::J3082,operational,2026-06-30,day,2026-03-01,,MISO,high
P::J3083,withdrawn,2025-07-30,day,2024-12-31,2025-12-31,Berkeley,high
P::J3084,operational,2026-01-01,day,2025-12-31,,MISO,high
P::J3085,withdrawn,2025-10-27,day,2024-12-31,2025-12-31,Berkeley,high
P::J3086,withdrawn,2023-03-24,day,2022-12-31,2023-12-31,Berkeley,high
P::J3087,withdrawn,2023-03-24,day,2022-12-31,2023-12-31,Berkeley,high
P::J3088,withdrawn,2025-10-27,day,2024-12-31,2025-12-31,Berkeley,high
P::J3089,withdrawn,2025-10-27,day,2024-12-31,2025-12-31,Berkeley,high
P::J3090,operational,2025-10-15,day,2026-03-01,,MISO,high
P::J3091,withdrawn,2023-03-24,day,2022-12-31,2023-12-31,Berkeley,high
P::J3092,withdrawn,2025-07-30,day,2024-12-31,2025-12-31,Berkeley,high
P::J3093,operational,2024-12-01,day,2026-03-01,,MISO,high
P::J3094,withdrawn,2025-10-27,day,2024-12-31,2025-12-31,Berkeley,high
P::J3095,operational,2025-09-01,day,2026-03-01,,MISO,high
P::J3096,withdrawn,2025-10-27,day,2024-12-31,2025-12-31,Berkeley,high
P::J3097,withdrawn,2025-07-30,day,2024-12-31,2025-12-31,Berkeley,high
P::J3098,withdrawn,2025-07-30,day,2024-12-31,2025-12-31,Berkeley,high
P::J3099,withdrawn,2023-03-27,day,2022-12-31,2023-12-31,Berkeley,high
P::J310,withdrawn,2019-02-11,day,,2020-12-31,Berkeley,high
P::J3100,withdrawn,2025-08-01,day,2024-12-31,2025-12-31,Berkeley,high
P::J3101,withdrawn,2023-06-13,day,2022-12-31,2023-12-31,Berkeley,high
P::J3102,withdrawn,2023-03-24,day,2022-12-31,2023-12-31,Berkeley,high
P::J3103,withdrawn,2025-10-27,day,2024-12-31,2025-12-31,Berkeley,high
P::J3104,withdrawn,2025-07-30,day,2024-12-31,2025-12-31,Berkeley,high
P::J3105,withdrawn,2025-07-30,day,2024-12-31,2025-12-31,Berkeley,high
P::J3106,withdrawn,2023-03-24,day,2022-12-31,2023-12-31,Berkeley,high
P::J3107,operational,2025-08-01,day,2026-03-01,,MISO,high
P::J3108,withdrawn,2025-07-30,day,2024-12-31,2025-12-31,Berkeley,high
P::J3109,operational,2026-06-30,day,2026-03-01,,MISO,high
P::J3110,withdrawn,2025-07-30,day,2024-12-31,2025-12-31,Berkeley,high
P::J3111,operational,2026-06-30,day,2026-03-01,,MISO,high
P::J3112,operational,2026-06-30,day,2026-03-01,,MISO,high
P::J3113,withdrawn,2022-12-06,day,,2022-12-31,Berkeley,high
P::J3114,operational,2026-06-30,day,2026-03-01,,MISO,high
P::J3115,withdrawn,2025-07-30,day,2024-12-31,2025-12-31,Berkeley,high
P::J3116,withdrawn,2025-07-30,day,2024-12-31,2025-12-31,Berkeley,high
P::J3117,withdrawn,2025-07-30,day,2024-12-31,2025-12-31,Berkeley,high
P::J3118,operational,2026-06-30,day,2026-03-01,,MISO,high
P::J3119,withdrawn,2022-12-06,day,,2022-12-31,Berkeley,high
P::J3120,operational,2026-06-30,day,2026-03-01,,MISO,high
P::J3121,withdrawn,2023-03-24,day,2022-12-31,2023-12-31,Berkeley,high
P::J3122,operational,2029-10-01,day,2026-03-01,,MISO,high
P::J3123,withdrawn,2023-03-24,day,,2023-12-31,Berkeley,high
P::J3124,operational,2026-08-31,day,2026-03-01,,MISO,high
P::J3125,withdrawn,2025-10-27,day,2024-12-31,2025-12-31,Berkeley,high
P::J3126,withdrawn,2025-07-30,day,2024-12-31,2025-12-31,Berkeley,high
P::J3127,withdrawn,2023-03-24,day,2022-12-31,2023-12-31,Berkeley,high
P::J3128,operational,2026-10-01,day,2026-03-01,,MISO,high
P::J3129,withdrawn,2023-03-24,day,,2023-12-31,Berkeley,high
P::J3130,operational,2026-06-30,day,2026-03-01,,MISO,high
P::J3131,operational,2026-06-30,day,2026-03-01,,MISO,high
P::J3132,withdrawn,2025-07-30,day,2024-12-31,2025-12-31,Berkeley,high
P::J3133,operational,2026-08-31,day,2026-03-01,,MISO,high
P::J3134,operational,2025-06-30,day,2026-03-01,,MISO,high
P::J3135,withdrawn,2025-10-27,day,2024-12-31,2025-12-31,Berkeley,high
P::J3136,withdrawn,2025-10-27,day,2024-12-31,2025-12-31,Berkeley,high
P::J3137,operational,2026-05-01,day,2026-03-01,,MISO,high
P::J3138,withdrawn,2025-07-30,day,2024-12-31,2025-12-31,Berkeley,high
P::J3139,operational,2026-06-30,day,2025-12-31,,MISO,high
P::J3140,operational,2026-08-31,day,2026-03-01,,MISO,high
P::J3141,operational,2026-10-01,day,2026-03-01,,MISO,high
P::J3142,withdrawn,2025-10-27,day,2024-12-31,2025-12-31,Berkeley,high
P::J3143,withdrawn,2025-10-27,day,2024-12-31,2025-12-31,Berkeley,high
P::J3144,operational,2027-07-01,day,2026-03-01,,MISO,high
P::J3145,operational,2027-07-01,day,2026-03-01,,MISO,high
P::J3146,withdrawn,2025-10-27,day,2024-12-31,2025-12-31,Berkeley,high
P::J3147,withdrawn,2025-10-27,day,2024-12-31,2025-12-31,Berkeley,high
P::J3148,withdrawn,2025-10-27,day,2024-12-31,2025-12-31,Berkeley,high
P::J3149,withdrawn,2025-10-27,day,2024-12-31,2025-12-31,Berkeley,high
P::J3150,withdrawn,2025-07-30,day,2024-12-31,2025-12-31,Berkeley,high
P::J3151,operational,2025-09-01,day,2026-03-01,,MISO,high
P::J3152,operational,2027-04-01,day,2026-03-01,,MISO,high
P::J3153,operational,2027-04-01,day,2026-03-01,,MISO,high
P::J3154,operational,2027-04-01,day,2026-03-01,,MISO,high
P::J3155,operational,2025-09-01,day,2026-03-01,,MISO,high
P::J3156,operational,2026-08-01,day,2026-03-01,,MISO,high
P::J3157,operational,2024-12-31,day,2026-03-01,,MISO,high
P::J3158,operational,2027-06-30,day,2026-03-01,,MISO,high
P::J3159,operational,2027-06-30,day,2026-03-01,,MISO,high
P::J3160,operational,2027-06-30,day,2026-03-01,,MISO,high
P::J3161,withdrawn,2025-07-30,day,2024-12-31,2025-12-31,Berkeley,high
P::J3162,operational,2027-06-30,day,2026-03-01,,MISO,high
P::J3163,operational,2028-03-30,day,2026-03-01,,MISO,high
P::J3164,withdrawn,2025-07-30,day,2024-12-31,2025-12-31,Berkeley,high
P::J3165,operational,2025-08-31,day,2025-12-31,,MISO,high
P::J3166,operational,2026-06-30,day,2026-03-01,,MISO,high
P::J3167,operational,2026-06-30,day,2026-03-01,,MISO,high
P::J3168,operational,2026-06-30,day,2026-03-01,,MISO,high
P::J3169,operational,2026-06-30,day,2026-03-01,,MISO,high
P::J3170,operational,2026-06-30,day,2026-03-01,,MISO,high
P::J3171,withdrawn,2025-07-30,day,2024-12-31,2025-12-31,Berkeley,high
P::J3172,operational,2026-06-30,day,2026-03-01,,MISO,high
P::J3173,withdrawn,2025-07-30,day,2024-12-31,2025-12-31,Berkeley,high
P::J3174,withdrawn,2025-10-27,day,2024-12-31,2025-12-31,Berkeley,high
P::J3175,operational,2026-10-01,day,2026-03-01,,MISO,high
P::J3176,withdrawn,2023-03-24,day,,2023-12-31,Berkeley,high
P::J3177,withdrawn,2023-03-24,day,,2023-12-31,Berkeley,high
P::J3178,withdrawn,2023-03-24,day,,2023-12-31,Berkeley,high
P::J3179,withdrawn,2023-03-24,day,2022-12-31,2023-12-31,Berkeley,high
P::J3180,withdrawn,2025-07-30,day,2024-12-31,2025-12-31,Berkeley,high
P::J3181,operational,2027-01-01,day,2025-12-31,,MISO,high
P::J3182,withdrawn,2023-02-16,day,2022-12-31,2023-12-31,Berkeley,high
P::J3183,withdrawn,2025-10-27,day,2024-12-31,2025-12-31,Berkeley,high
P::J3184,operational,2027-06-01,day,2025-12-31,,MISO,high
P::J3185,operational,2027-02-01,day,2025-12-31,,MISO,high
P::J3186,operational,2027-01-01,day,2026-03-01,,MISO,high
P::J3187,withdrawn,2025-10-27,day,2024-12-31,2025-12-31,Berkeley,high
P::J3188,operational,2023-09-30,day,2026-03-01,,MISO,high
P::J3189,withdrawn,2025-10-27,day,2024-12-31,2025-12-31,Berkeley,high
P::J3190,withdrawn,2025-10-27,day,2024-12-31,2025-12-31,Berkeley,high
P::J3191,withdrawn,2025-07-30,day,2024-12-31,2025-12-31,Berkeley,high
P::J3192,operational,2025-10-31,day,2025-12-31,,MISO,high
P::J3193,withdrawn,2025-07-30,day,2024-12-31,2025-12-31,Berkeley,high
P::J3194,withdrawn,2023-02-27,day,2022-12-31,2023-12-31,Berkeley,high
P::J3195,withdrawn,2023-02-27,day,2022-12-31,2023-12-31,Berkeley,high
P::J3196,withdrawn,2023-02-27,day,2022-12-31,2023-12-31,Berkeley,high
P::J3197,withdrawn,2023-03-24,day,2022-12-31,2023-12-31,Berkeley,high
P::J3198,operational,2027-07-29,day,2026-03-01,,MISO,high
P::J3199,operational,2026-12-22,day,2026-03-01,,MISO,high
P::J3200,withdrawn,2025-10-27,day,2024-12-31,2025-12-31,Berkeley,high
P::J3201,withdrawn,2025-07-30,day,2024-12-31,2025-12-31,Berkeley,high
P::J3202,withdrawn,2025-10-27,day,2024-12-31,2025-12-31,Berkeley,high
P::J3203,withdrawn,2023-03-24,day,2022-12-31,2023-12-31,Berkeley,high
P::J3204,operational,2025-09-15,day,2026-03-01,,MISO,high
P::J3205,withdrawn,2025-07-30,day,2024-12-31,2025-12-31,Berkeley,high
P::J3206,withdrawn,2025-10-27,day,2024-12-31,2025-12-31,Berkeley,high
P::J3207,operational,2024-05-06,day,2026-03-01,,MISO,high
P::J3208,operational,2023-09-22,day,2026-03-01,,MISO,high
P::J3209,operational,2026-03-01,day,2026-03-01,,MISO,high
P::J3210,withdrawn,2025-07-30,day,2024-12-31,2025-12-31,Berkeley,high
P::J3211,withdrawn,2025-07-30,day,2024-12-31,2025-12-31,Berkeley,high
P::J3212,withdrawn,2025-10-27,day,2024-12-31,2025-12-31,Berkeley,high
P::J3213,operational,2026-12-31,day,2026-03-01,,MISO,high
P::J3214,withdrawn,2025-10-27,day,2024-12-31,2025-12-31,Berkeley,high
P::J3215,withdrawn,2023-03-24,day,2022-12-31,2023-12-31,Berkeley,high
P::J3216,operational,2027-04-01,day,2026-03-01,,MISO,high
P::J3217,withdrawn,2023-03-24,day,2022-12-31,2023-12-31,Berkeley,high
P::J3218,withdrawn,2025-07-30,day,2024-12-31,2025-12-31,Berkeley,high
P::J3219,operational,2023-04-01,day,2026-03-01,,MISO,high
P::J3220,withdrawn,2025-08-01,day,2024-12-31,2025-12-31,Berkeley,high
P::J3221,withdrawn,2025-07-30,day,2024-12-31,2025-12-31,Berkeley,high
P::J3222,withdrawn,2025-10-27,day,2024-12-31,2025-12-31,Berkeley,high
P::J3223,operational,2027-03-01,day,2026-03-01,,MISO,high
P::J3224,operational,2026-08-01,day,2026-03-01,,MISO,high
P::J3225,withdrawn,2022-12-05,day,,2022-12-31,Berkeley,high
P::J3226,withdrawn,2025-10-27,day,2024-12-31,2025-12-31,Berkeley,high
P::J3227,withdrawn,2025-08-01,day,2024-12-31,2025-12-31,Berkeley,high
P::J3228,withdrawn,2025-08-01,day,2024-12-31,2025-12-31,Berkeley,high
P::J3229,operational,2026-04-24,day,2026-03-01,,MISO,high
P::J3230,operational,2029-10-01,day,2026-03-01,,MISO,high
P::J3231,operational,2024-11-29,day,2026-03-01,,MISO,high
P::J3232,operational,2028-08-31,day,2026-03-01,,MISO,high
P::J3233,operational,2028-01-15,day,2026-03-01,,MISO,high
P::J3234,withdrawn,2025-09-30,day,2024-12-31,2025-12-31,Berkeley,high
P::J3235,operational,2028-01-15,day,2026-03-01,,MISO,high
P::J3236,operational,2028-01-15,day,2026-03-01,,MISO,high
P::J3237,withdrawn,2025-07-30,day,2024-12-31,2025-12-31,Berkeley,high
P::J3238,withdrawn,2025-09-30,day,2024-12-31,2025-12-31,Berkeley,high
P::J3239,withdrawn,2025-09-30,day,2024-12-31,2025-12-31,Berkeley,high
P::J3240,withdrawn,2025-09-30,day,2024-12-31,2025-12-31,Berkeley,high
P::J3241,withdrawn,2025-09-25,day,2024-12-31,2025-12-31,Berkeley,high
P::J3242,withdrawn,2025-05-05,day,2024-12-31,2025-12-31,Berkeley,high
P::J3243,withdrawn,2025-12-23,day,2024-12-31,2025-12-31,Berkeley,high
P::J3244,withdrawn,2025-09-05,day,2024-12-31,2025-12-31,Berkeley,high
P::J3245,withdrawn,2025-09-05,day,2024-12-31,2025-12-31,Berkeley,high
P::J3246,withdrawn,2025-09-30,day,2024-12-31,2025-12-31,Berkeley,high
P::J3247,withdrawn,2025-07-30,day,2024-12-31,2025-12-31,Berkeley,high
P::J3248,withdrawn,2025-09-30,day,2024-12-31,2025-12-31,Berkeley,high
P::J3249,operational,2028-09-01,day,2026-03-01,,MISO,high
P::J3250,withdrawn,2025-09-02,day,2024-12-31,2025-12-31,Berkeley,high
P::J3251,operational,2028-06-01,day,2026-03-01,,MISO,high
P::J3252,withdrawn,2025-05-23,day,2024-12-31,2025-12-31,Berkeley,high
P::J3253,withdrawn,2025-09-30,day,2024-12-31,2025-12-31,Berkeley,high
P::J3254,operational,2026-12-30,day,2026-03-01,,MISO,high
P::J3255,withdrawn,2025-12-23,day,2024-12-31,2025-12-31,Berkeley,high
P::J3256,operational,2028-09-01,day,2026-03-01,,MISO,high
P::J3257,withdrawn,2025-09-30,day,2024-12-31,2025-12-31,Berkeley,high
P::J3258,withdrawn,2025-12-22,day,2024-12-31,2025-12-31,MISO,high
P::J3259,withdrawn,2025-09-30,day,2024-12-31,2025-12-31,Berkeley,high
P::J3260,withdrawn,2025-09-30,day,2024-12-31,2025-12-31,Berkeley,high
P::J3261,withdrawn,2025-09-30,day,2024-12-31,2025-12-31,Berkeley,high
P::J3262,withdrawn,2025-12-23,day,2024-12-31,2025-12-31,Berkeley,high
P::J3263,withdrawn,2025-09-25,day,2024-12-31,2025-12-31,Berkeley,high
P::J3264,withdrawn,2025-12-23,day,2024-12-31,2025-12-31,Berkeley,high
P::J3265,withdrawn,2025-12-23,day,2024-12-31,2025-12-31,Berkeley,high
P::J3266,withdrawn,2025-12-23,day,2024-12-31,2025-12-31,Berkeley,high
P::J3267,withdrawn,2025-05-23,day,2024-12-31,2025-12-31,Berkeley,high
P::J3268,operational,2027-09-10,day,2026-03-01,,MISO,high
P::J3269,withdrawn,2025-09-29,day,2024-12-31,2025-12-31,Berkeley,high
P::J3270,withdrawn,2025-12-23,day,2024-12-31,2025-12-31,Berkeley,high
P::J3271,withdrawn,2025-09-03,day,2024-12-31,2025-12-31,Berkeley,high
P::J3272,withdrawn,2025-08-18,day,2024-12-31,2025-12-31,Berkeley,high
P::J3273,withdrawn,2025-12-23,day,2024-12-31,2025-12-31,Berkeley,high
P::J3274,operational,2028-11-01,day,2026-03-01,,MISO,high
P::J3275,operational,2028-09-04,day,2026-03-01,,MISO,high
P::J3276,withdrawn,2025-08-27,day,2024-12-31,2025-12-31,Berkeley,high
P::J3277,withdrawn,2025-09-30,day,2024-12-31,2025-12-31,Berkeley,high
P::J3278,withdrawn,2025-12-23,day,2024-12-31,2025-12-31,Berkeley,high
P::J3279,withdrawn,2025-09-30,day,2024-12-31,2025-12-31,Berkeley,high
P::J3280,operational,2028-09-01,day,2026-03-01,,MISO,high
P::J3281,withdrawn,2025-12-23,day,2024-12-31,2025-12-31,Berkeley,high
P::J3282,operational,2028-11-01,day,2025-12-31,,MISO,high
P::J3283,operational,2028-11-01,day,2025-12-31,,MISO,high
P::J3284,withdrawn,2025-05-05,day,2024-12-31,2025-12-31,Berkeley,high
P::J3285,withdrawn,2024-08-30,day,,2024-12-31,Berkeley,high
P::J3286,operational,2028-11-01,day,2025-12-31,,MISO,high
P::J3287,operational,2028-11-01,day,2025-12-31,,MISO,high
P::J3288,withdrawn,2025-09-15,day,2024-12-31,2025-12-31,Berkeley,high
P::J3289,operational,2026-06-01,day,2026-03-01,,MISO,high
P::J3290,withdrawn,2025-12-23,day,2024-12-31,2025-12-31,Berkeley,high
P::J3291,operational,2028-09-15,day,2026-03-01,,MISO,high
P::J3292,operational,2028-03-01,day,2026-03-01,,MISO,high
P::J3293,withdrawn,2025-12-23,day,2024-12-31,2025-12-31,Berkeley,high
P::J3294,withdrawn,2025-09-16,day,2024-12-31,2025-12-31,Berkeley,high
P::J3295,withdrawn,2025-12-23,day,2024-12-31,2025-12-31,Berkeley,high
P::J3296,operational,2027-01-31,day,2026-03-01,,MISO,high
P::J3297,withdrawn,2025-12-23,day,2024-12-31,2025-12-31,Berkeley,high
P::J3298,operational,2027-01-31,day,2026-03-01,,MISO,high
P::J3299,withdrawn,2025-07-30,day,2024-12-31,2025-12-31,Berkeley,high
P::J3300,withdrawn,2025-12-23,day,2024-12-31,2025-12-31,Berkeley,high
P::J3301,withdrawn,2025-12-23,day,2024-12-31,2025-12-31,Berkeley,high
P::J3302,withdrawn,2025-12-23,day,2024-12-31,2025-12-31,Berkeley,high
P::J3303,withdrawn,2025-12-23,day,2024-12-31,2025-12-31,Berkeley,high
P::J3304,withdrawn,2025-12-23,day,2024-12-31,2025-12-31,Berkeley,high
P::J3305,withdrawn,2025-01-17,day,,2024-12-31,Berkeley,high
P::J3306,operational,2028-09-30,day,2026-03-01,,MISO,high
P::J3307,withdrawn,2025-08-05,day,2024-12-31,2025-12-31,Berkeley,high
P::J3308,withdrawn,2025-12-23,day,2024-12-31,2025-12-31,Berkeley,high
P::J3309,withdrawn,2025-05-23,day,2024-12-31,2025-12-31,Berkeley,high
P::J3310,withdrawn,2025-05-23,day,2024-12-31,2025-12-31,Berkeley,high
P::J3311,withdrawn,2025-12-23,day,2024-12-31,2025-12-31,Berkeley,high
P::J3312,withdrawn,2025-09-04,day,2024-12-31,2025-12-31,Berkeley,high
P::J3313,operational,2028-09-01,day,2026-03-01,,MISO,high
P::J3314,withdrawn,2025-05-23,day,2024-12-31,2025-12-31,Berkeley,high
P::J3315,withdrawn,2025-07-09,day,2024-12-31,2025-12-31,Berkeley,high
P::J3316,operational,2028-09-01,day,2026-03-01,,MISO,high
P::J3317,withdrawn,2025-12-23,day,2024-12-31,2025-12-31,Berkeley,high
P::J3318,withdrawn,2025-09-25,day,2024-12-31,2025-12-31,Berkeley,high
P::J3319,withdrawn,2025-05-23,day,2024-12-31,2025-12-31,Berkeley,high
P::J3320,withdrawn,2025-05-05,day,2024-12-31,2025-12-31,Berkeley,high
P::J3321,withdrawn,2025-12-23,day,2024-12-31,2025-12-31,Berkeley,high
P::J3322,withdrawn,2025-06-03,day,2024-12-31,2025-12-31,Berkeley,high
P::J3323,withdrawn,2025-08-18,day,2024-12-31,2025-12-31,Berkeley,high
P::J3324,operational,2029-09-01,day,2026-03-01,,MISO,high
P::J3325,withdrawn,2025-09-30,day,2024-12-31,2025-12-31,Berkeley,high
P::J3326,operational,2028-05-01,day,2026-03-01,,MISO,high
P::J3327,withdrawn,2025-09-30,day,2024-12-31,2025-12-31,Berkeley,high
P::J3328,withdrawn,2025-09-30,day,2024-12-31,2025-12-31,Berkeley,high
P::J3329,withdrawn,2025-09-30,day,2024-12-31,2025-12-31,Berkeley,high
P::J3330,withdrawn,2025-09-11,day,2024-12-31,2025-12-31,Berkeley,high
P::J3331,operational,2028-05-01,day,2026-03-01,,MISO,high
P::J3332,withdrawn,2025-09-30,day,2024-12-31,2025-12-31,Berkeley,high
P::J3333,withdrawn,2025-09-30,day,2024-12-31,2025-12-31,Berkeley,high
P::J3334,withdrawn,2025-09-24,day,2024-12-31,2025-12-31,Berkeley,high
P::J3335,withdrawn,2025-09-30,day,2024-12-31,2025-12-31,Berkeley,high
P::J3336,operational,2027-04-01,day,2026-03-01,,MISO,high
P::J3337,withdrawn,2025-12-23,day,2024-12-31,2025-12-31,Berkeley,high
P::J3338,operational,2028-10-28,day,2026-03-01,,MISO,high
P::J3339,withdrawn,2025-12-23,day,2024-12-31,2025-12-31,Berkeley,high
P::J3340,operational,2028-09-01,day,2026-03-01,,MISO,high
P::J3341,operational,2028-08-31,day,2026-03-01,,MISO,high
P::J3342,operational,2028-08-31,day,2026-03-01,,MISO,high
P::J3343,withdrawn,2025-09-29,day,2024-12-31,2025-12-31,Berkeley,high
P::J3344,operational,2028-09-01,day,2026-03-01,,MISO,high
P::J3345,withdrawn,2025-09-29,day,2024-12-31,2025-12-31,Berkeley,high
P::J3346,withdrawn,2025-09-30,day,2024-12-31,2025-12-31,Berkeley,high
P::J3347,withdrawn,2025-09-29,day,2024-12-31,2025-12-31,Berkeley,high
P::J3348,withdrawn,2025-09-29,day,2024-12-31,2025-12-31,Berkeley,high
P::J3349,withdrawn,2025-12-23,day,2024-12-31,2025-12-31,Berkeley,high
P::J3350,withdrawn,2025-09-30,day,2024-12-31,2025-12-31,Berkeley,high
P::J3351,withdrawn,2025-03-13,day,2024-12-31,2025-12-31,Berkeley,high
P::J3352,operational,2027-12-17,day,2026-03-01,,MISO,high
P::J3353,operational,2028-08-01,day,2026-03-01,,MISO,high
P::J3354,withdrawn,2025-09-05,day,2024-12-31,2025-12-31,Berkeley,high
P::J3355,withdrawn,2025-12-23,day,2024-12-31,2025-12-31,Berkeley,high
P::J3356,withdrawn,2025-09-26,day,2024-12-31,2025-12-31,Berkeley,high
P::J3357,operational,2028-12-31,day,2026-03-01,,MISO,high
P::J3358,withdrawn,2025-12-23,day,2024-12-31,2025-12-31,Berkeley,high
P::J3359,withdrawn,2025-09-30,day,2024-12-31,2025-12-31,Berkeley,high
P::J3360,withdrawn,2025-12-23,day,2024-12-31,2025-12-31,Berkeley,high
P::J3361,operational,2027-12-03,day,2026-03-01,,MISO,high
P::J3362,withdrawn,2025-12-23,day,2024-12-31,2025-12-31,Berkeley,high
P::J3363,withdrawn,2025-12-23,day,2024-12-31,2025-12-31,Berkeley,high
P::J3364,withdrawn,2025-09-30,day,2024-12-31,2025-12-31,Berkeley,high
P::J3365,withdrawn,2025-09-05,day,2024-12-31,2025-12-31,Berkeley,high
P::J3366,withdrawn,2025-08-18,day,2024-12-31,2025-12-31,Berkeley,high
P::J3367,withdrawn,2025-01-10,day,,2024-12-31,Berkeley,high
P::J3368,operational,2028-10-30,day,2026-03-01,,MISO,high
P::J3369,withdrawn,2025-12-23,day,2024-12-31,2025-12-31,Berkeley,high
P::J3370,withdrawn,2025-08-28,day,2024-12-31,2025-12-31,Berkeley,high
P::J3371,withdrawn,2025-12-23,day,2024-12-31,2025-12-31,Berkeley,high
P::J3372,withdrawn,2025-12-23,day,2024-12-31,2025-12-31,Berkeley,high
P::J3373,withdrawn,2025-09-24,day,2024-12-31,2025-12-31,Berkeley,high
P::J3374,withdrawn,2025-09-24,day,2024-12-31,2025-12-31,Berkeley,high
P::J3375,withdrawn,2025-09-24,day,2024-12-31,2025-12-31,Berkeley,high
P::J3376,withdrawn,2025-09-24,day,2024-12-31,2025-12-31,Berkeley,high
P::J3377,withdrawn,2025-12-23,day,2024-12-31,2025-12-31,Berkeley,high
P::J3378,withdrawn,2025-12-23,day,2024-12-31,2025-12-31,Berkeley,high
P::J3379,operational,2028-02-18,day,2026-03-01,,MISO,high
P::J3380,withdrawn,2025-09-26,day,2024-12-31,2025-12-31,Berkeley,high
P::J3381,withdrawn,2026-01-07,day,2025-12-31,2026-03-01,Berkeley,high
P::J3382,operational,2028-09-30,day,2026-03-01,,MISO,high
P::J3383,withdrawn,2025-12-19,day,2024-12-31,2025-12-31,Berkeley,high
P::J3384,operational,2028-10-31,day,2026-03-01,,MISO,high
P::J3385,withdrawn,2025-07-31,day,2024-12-31,2025-12-31,Berkeley,high
P::J3386,withdrawn,2025-09-26,day,2024-12-31,2025-12-31,Berkeley,high
P::J3387,operational,2026-10-01,day,2026-03-01,,MISO,high
P::J3388,withdrawn,2025-09-26,day,2024-12-31,2025-12-31,Berkeley,high
P::J3389,withdrawn,2025-09-29,day,2024-12-31,2025-12-31,Berkeley,high
P::J3390,withdrawn,2025-07-31,day,2024-12-31,2025-12-31,Berkeley,high
P::J3391,operational,2027-09-15,day,2026-03-01,,MISO,high
P::J3392,withdrawn,2025-07-31,day,2024-12-31,2025-12-31,Berkeley,high
P::J3393,withdrawn,2025-09-29,day,2024-12-31,2025-12-31,Berkeley,high
P::J3394,operational,2027-03-01,day,2026-03-01,,MISO,high
P::J3395,withdrawn,2025-07-31,day,2024-12-31,2025-12-31,Berkeley,high
P::J3396,withdrawn,2025-07-31,day,2024-12-31,2025-12-31,Berkeley,high
P::J3397,withdrawn,2025-12-23,day,2024-12-31,2025-12-31,Berkeley,high
P::J3398,withdrawn,2025-07-31,day,2024-12-31,2025-12-31,Berkeley,high
P::J3399,operational,2028-08-01,day,2026-03-01,,MISO,high
P::J3400,operational,2028-04-19,day,2026-03-01,,MISO,high
P::J3401,operational,2028-09-02,day,2026-03-01,,MISO,high
P::J3402,operational,2028-05-31,day,2026-03-01,,MISO,high
P::J3403,withdrawn,2025-09-30,day,2024-12-31,2025-12-31,Berkeley,high
P::J3404,withdrawn,2025-09-30,day,2024-12-31,2025-12-31,Berkeley,high
P::J3405,withdrawn,2025-09-26,day,2024-12-31,2025-12-31,Berkeley,high
P::J3406,withdrawn,2025-07-30,day,2024-12-31,2025-12-31,Berkeley,high
P::J3407,withdrawn,2026-01-05,day,2024-12-31,2025-12-31,Berkeley,high
P::J3408,withdrawn,2025-05-23,day,2024-12-31,2025-12-31,Berkeley,high
P::J3409,withdrawn,2025-09-29,day,2024-12-31,2025-12-31,Berkeley,high
P::J3410,withdrawn,2025-08-15,day,2024-12-31,2025-12-31,Berkeley,high
P::J3411,withdrawn,2025-12-23,day,2024-12-31,2025-12-31,Berkeley,high
P::J3412,operational,2028-09-01,day,2026-03-01,,MISO,high
P::J3413,withdrawn,2025-12-23,day,2024-12-31,2025-12-31,Berkeley,high
P::J3414,withdrawn,2025-09-24,day,2024-12-31,2025-12-31,Berkeley,high
P::J3415,withdrawn,2025-07-24,day,2024-12-31,2025-12-31,Berkeley,high
P::J3416,withdrawn,2025-12-23,day,2024-12-31,2025-12-31,Berkeley,high
P::J3417,operational,2028-09-06,day,2026-03-01,,MISO,high
P::J3418,operational,2028-09-15,day,2026-03-01,,MISO,high
P::J3419,operational,2028-09-01,day,2026-03-01,,MISO,high
P::J3420,operational,2028-08-01,day,2026-03-01,,MISO,high
P::J3421,operational,2028-06-30,day,2026-03-01,,MISO,high
P::J3422,withdrawn,2025-09-30,day,2024-12-31,2025-12-31,Berkeley,high
P::J3423,withdrawn,2025-09-30,day,2024-12-31,2025-12-31,Berkeley,high
P::J3424,withdrawn,2025-12-23,day,2024-12-31,2025-12-31,Berkeley,high
P::J3425,withdrawn,2025-09-29,day,2024-12-31,2025-12-31,Berkeley,high
P::J3426,withdrawn,2025-07-01,day,2024-12-31,2025-12-31,Berkeley,high
P::J3427,withdrawn,2025-12-23,day,2024-12-31,2025-12-31,Berkeley,high
P::J3428,operational,2028-08-01,day,2026-03-01,,MISO,high
P::J3429,withdrawn,2025-12-23,day,2024-12-31,2025-12-31,Berkeley,high
P::J3430,withdrawn,2025-12-23,day,2024-12-31,2025-12-31,Berkeley,high
P::J3431,withdrawn,2025-08-25,day,2024-12-31,2025-12-31,Berkeley,high
P::J3432,withdrawn,2025-12-23,day,2024-12-31,2025-12-31,Berkeley,high
P::J3433,withdrawn,2025-09-24,day,2024-12-31,2025-12-31,Berkeley,high
P::J3434,operational,2028-09-01,day,2026-03-01,,MISO,high
P::J3435,withdrawn,2025-09-29,day,2024-12-31,2025-12-31,Berkeley,high
P::J3436,operational,2028-09-30,day,2026-03-01,,MISO,high
P::J3437,withdrawn,2025-12-23,day,2024-12-31,2025-12-31,Berkeley,high
P::J3438,operational,2028-06-30,day,2025-12-31,,MISO,high
P::J3439,operational,2026-10-31,day,2026-03-01,,MISO,high
P::J3440,operational,2028-09-30,day,2026-03-01,,MISO,high
P::J3441,withdrawn,2025-09-30,day,2024-12-31,2025-12-31,Berkeley,high
P::J3442,operational,2028-09-30,day,2026-03-01,,MISO,high
P::J3443,operational,2028-06-01,day,2026-03-01,,MISO,high
P::J3444,withdrawn,2025-09-30,day,2024-12-31,2025-12-31,Berkeley,high
P::J3445,withdrawn,2025-09-24,day,2024-12-31,2025-12-31,Berkeley,high
P::J3446,withdrawn,2025-09-12,day,2024-12-31,2025-12-31,Berkeley,high
P::J3447,withdrawn,2025-09-30,day,2024-12-31,2025-12-31,Berkeley,high
P::J3448,operational,2028-08-31,day,2026-03-01,,MISO,high
P::J3449,operational,2028-06-30,day,2025-12-31,,MISO,high
P::J3450,withdrawn,2025-09-23,day,2024-12-31,2025-12-31,Berkeley,high
P::J3451,operational,2027-04-01,day,2026-03-01,,MISO,high
P::J3452,withdrawn,2025-12-23,day,2024-12-31,2025-12-31,Berkeley,high
P::J3453,withdrawn,2025-09-29,day,2024-12-31,2025-12-31,Berkeley,high
P::J3454,operational,2028-09-01,day,2026-03-01,,MISO,high
P::J3455,withdrawn,2025-09-30,day,2024-12-31,2025-12-31,Berkeley,high
P::J3456,operational,2028-05-31,day,2026-03-01,,MISO,high
P::J3457,operational,2027-02-28,day,2026-03-01,,MISO,high
P::J3458,withdrawn,2025-09-25,day,2024-12-31,2025-12-31,Berkeley,high
P::J3459,withdrawn,2025-09-29,day,2024-12-31,2025-12-31,Berkeley,high
P::J3460,withdrawn,2025-12-23,day,2024-12-31,2025-12-31,Berkeley,high
P::J3461,operational,2028-05-01,day,2026-03-01,,MISO,high
P::J3462,withdrawn,2025-06-04,day,2024-12-31,2025-12-31,Berkeley,high
P::J3463,withdrawn,2025-06-09,day,2024-12-31,2025-12-31,Berkeley,high
P::J3464,operational,2028-06-30,day,2026-03-01,,MISO,high
P::J3465,operational,2026-06-01,day,2026-03-01,,MISO,high
P::J3466,operational,2028-06-30,day,2026-03-01,,MISO,high
P::J3467,withdrawn,2025-09-30,day,2024-12-31,2025-12-31,Berkeley,high
P::J3468,operational,2028-06-30,day,2026-03-01,,MISO,high
P::J3469,operational,2026-06-30,day,2025-12-31,,MISO,high
P::J3470,operational,2027-06-01,day,2025-12-31,,MISO,high
P::J3471,operational,2028-11-01,day,2025-12-31,,MISO,high
P::J3472,operational,2028-11-01,day,2025-12-31,,MISO,high
P::J3473,operational,2028-11-01,day,2025-12-31,,MISO,high
P::J3474,withdrawn,2025-12-23,day,2024-12-31,2025-12-31,Berkeley,high
P::J3475,withdrawn,2025-07-31,day,2024-12-31,2025-12-31,Berkeley,high
P::J3476,withdrawn,2025-09-29,day,2024-12-31,2025-12-31,Berkeley,high
P::J3477,operational,2028-04-28,day,2026-03-01,,MISO,high
P::J3478,withdrawn,2025-07-31,day,2024-12-31,2025-12-31,Berkeley,high
P::J3479,operational,2027-02-28,day,2026-03-01,,MISO,high
P::J3480,operational,2026-05-25,day,2026-03-01,,MISO,high
P::J3481,operational,2027-02-28,day,2026-03-01,,MISO,high
P::J3482,withdrawn,2025-12-23,day,2024-12-31,2025-12-31,Berkeley,high
P::J3483,withdrawn,2024-09-03,day,,2024-12-31,Berkeley,high
P::J3484,withdrawn,2025-12-23,day,2024-12-31,2025-12-31,Berkeley,high
P::J3485,operational,2028-09-15,day,2026-03-01,,MISO,high
P::J3486,withdrawn,2025-09-25,day,2024-12-31,2025-12-31,Berkeley,high
P::J3487,withdrawn,2025-12-23,day,2024-12-31,2025-12-31,Berkeley,high
P::J3488,withdrawn,2025-09-24,day,2024-12-31,2025-12-31,Berkeley,high
P::J3489,withdrawn,2025-09-30,day,2024-12-31,2025-12-31,Berkeley,high
P::J3490,withdrawn,2025-12-23,day,2024-12-31,2025-12-31,Berkeley,high
P::J3491,withdrawn,2025-04-11,day,2024-12-31,2025-12-31,Berkeley,high
P::J3492,withdrawn,2025-04-11,day,2024-12-31,2025-12-31,Berkeley,high
P::J3493,operational,2028-09-15,day,2026-03-01,,MISO,high
P::J3494,withdrawn,2025-09-30,day,2024-12-31,2025-12-31,Berkeley,high
P::J3495,operational,2028-09-15,day,2026-03-01,,MISO,high
P::J3496,operational,2027-12-03,day,2026-03-01,,MISO,high
P::J3497,operational,2028-09-30,day,2026-03-01,,MISO,high
P::J3498,operational,2028-09-15,day,2026-03-01,,MISO,high
P::J3499,withdrawn,2025-07-30,day,2024-12-31,2025-12-31,Berkeley,high
P::J3500,withdrawn,2025-12-23,day,2024-12-31,2025-12-31,Berkeley,high
P::J3501,withdrawn,2025-12-23,day,2024-12-31,2025-12-31,Berkeley,high
P::J3502,withdrawn,2025-09-29,day,2024-12-31,2025-12-31,Berkeley,high
P::J3503,withdrawn,2025-09-30,day,2024-12-31,2025-12-31,Berkeley,high
P::J3504,withdrawn,2025-12-23,day,2024-12-31,2025-12-31,Berkeley,high
P::J3505,operational,2028-09-30,day,2026-03-01,,MISO,high
P::J3506,withdrawn,2024-08-13,day,,2024-12-31,Berkeley,high
P::J3507,withdrawn,2025-12-23,day,2024-12-31,2025-12-31,Berkeley,high
P::J3508,withdrawn,2025-12-23,day,2024-12-31,2025-12-31,Berkeley,high
P::J3509,withdrawn,2025-12-23,day,2024-12-31,2025-12-31,Berkeley,high
P::J3510,withdrawn,2025-12-23,day,2024-12-31,2025-12-31,Berkeley,high
P::J3511,withdrawn,2025-09-29,day,2024-12-31,2025-12-31,Berkeley,high
P::J3512,withdrawn,2025-09-24,day,2024-12-31,2025-12-31,Berkeley,high
P::J3513,withdrawn,2025-09-29,day,2024-12-31,2025-12-31,Berkeley,high
P::J3514,withdrawn,2025-04-17,day,2024-12-31,2025-12-31,Berkeley,high
P::J3515,operational,2026-05-25,day,2026-03-01,,MISO,high
P::J3516,withdrawn,2025-08-14,day,2024-12-31,2025-12-31,Berkeley,high
P::J3517,operational,2028-10-31,day,2025-12-31,,MISO,high
P::J3518,operational,2028-10-31,day,2025-12-31,,MISO,high
P::J3519,operational,2028-10-30,day,2026-03-01,,MISO,high
P::J3520,withdrawn,2025-09-30,day,2024-12-31,2025-12-31,Berkeley,high
P::J3521,operational,2028-09-15,day,2026-03-01,,MISO,high
P::J3522,operational,2028-08-01,day,2026-03-01,,MISO,high
P::J3523,operational,2028-09-30,day,2026-03-01,,MISO,high
P::J3524,withdrawn,2025-09-29,day,2024-12-31,2025-12-31,Berkeley,high
P::J3525,operational,2028-09-06,day,2026-03-01,,MISO,high
P::J3526,withdrawn,2025-09-30,day,2024-12-31,2025-12-31,Berkeley,high
P::J3527,withdrawn,2025-12-23,day,2024-12-31,2025-12-31,Berkeley,high
P::J3528,operational,2026-12-30,day,2026-03-01,,MISO,high
P::J3529,operational,2028-05-30,day,2026-03-01,,MISO,high
P::J3530,withdrawn,2025-12-23,day,2024-12-31,2025-12-31,Berkeley,high
P::J3531,withdrawn,2025-09-24,day,2024-12-31,2025-12-31,Berkeley,high
P::J3532,operational,2028-09-30,day,2026-03-01,,MISO,high
P::J3533,withdrawn,2025-09-29,day,2024-12-31,2025-12-31,Berkeley,high
P::J3534,withdrawn,2025-12-23,day,2024-12-31,2025-12-31,Berkeley,high
P::J3535,withdrawn,2025-12-23,day,2024-12-31,2025-12-31,Berkeley,high
P::J3536,withdrawn,2025-12-23,day,2024-12-31,2025-12-31,Berkeley,high
P::J3537,withdrawn,2025-09-30,day,2024-12-31,2025-12-31,Berkeley,high
P::J3538,withdrawn,2025-09-24,day,2024-12-31,2025-12-31,Berkeley,high
P::J3539,operational,2027-04-01,day,2026-03-01,,MISO,high
P::J3540,withdrawn,2025-07-31,day,2024-12-31,2025-12-31,Berkeley,high
P::J3541,withdrawn,2025-07-31,day,2024-12-31,2025-12-31,Berkeley,high
P::J3542,withdrawn,2025-12-23,day,2024-12-31,2025-12-31,Berkeley,high
P::J3543,operational,2028-06-30,day,2026-03-01,,MISO,high
P::J3544,withdrawn,2025-07-09,day,2024-12-31,2025-12-31,Berkeley,high
P::J3545,operational,2028-09-15,day,2026-03-01,,MISO,high
P::J3546,operational,2028-08-01,day,2026-03-01,,MISO,high
P::J3547,withdrawn,2025-12-23,day,2024-12-31,2025-12-31,Berkeley,high
P::J3548,withdrawn,2025-07-09,day,2024-12-31,2025-12-31,Berkeley,high
P::J3549,withdrawn,2025-12-23,day,2024-12-31,2025-12-31,Berkeley,high
P::J3550,operational,2027-09-10,day,2026-03-01,,MISO,high
P::J3551,operational,2027-09-10,day,2026-03-01,,MISO,high
P::J3552,operational,2028-10-31,day,2026-03-01,,MISO,high
P::J3553,withdrawn,2025-12-23,day,2024-12-31,2025-12-31,Berkeley,high
P::J3554,withdrawn,2025-07-09,day,2024-12-31,2025-12-31,Berkeley,high
P::J3555,withdrawn,2025-07-09,day,2024-12-31,2025-12-31,Berkeley,high
P::J3556,operational,2028-08-31,day,2026-03-01,,MISO,high
P::J3557,withdrawn,2025-09-29,day,2024-12-31,2025-12-31,Berkeley,high
P::J3558,operational,2027-09-10,day,2026-03-01,,MISO,high
P::J3559,withdrawn,2025-12-23,day,2024-12-31,2025-12-31,Berkeley,high
P::J3560,withdrawn,2025-12-23,day,2024-12-31,2025-12-31,Berkeley,high
P::J3561,withdrawn,2025-12-23,day,2024-12-31,2025-12-31,Berkeley,high
P::J3562,withdrawn,2025-09-26,day,2024-12-31,2025-12-31,Berkeley,high
P::J3563,withdrawn,2025-09-26,day,2024-12-31,2025-12-31,Berkeley,high
P::J3564,operational,2028-08-01,day,2026-03-01,,MISO,high
P::J3565,operational,2028-08-01,day,2026-03-01,,MISO,high
P::J3566,operational,2028-08-01,day,2026-03-01,,MISO,high
P::J3567,withdrawn,2025-05-09,day,2024-12-31,2025-12-31,Berkeley,high
P::J3568,withdrawn,2025-07-31,day,2024-12-31,2025-12-31,Berkeley,high
P::J3569,withdrawn,2025-12-23,day,2024-12-31,2025-12-31,Berkeley,high
P::J3570,withdrawn,2025-12-23,day,2024-12-31,2025-12-31,Berkeley,high
P::J3571,withdrawn,2025-08-28,day,2024-12-31,2025-12-31,Berkeley,high
P::J3572,withdrawn,2025-09-02,day,2024-12-31,2025-12-31,Berkeley,high
P::J3573,withdrawn,2025-09-30,day,2024-12-31,2025-12-31,Berkeley,high
P::J3574,withdrawn,2025-07-31,day,2024-12-31,2025-12-31,Berkeley,high
P::J3575,withdrawn,2025-12-23,day,2024-12-31,2025-12-31,Berkeley,high
P::J3576,withdrawn,2025-12-23,day,2024-12-31,2025-12-31,Berkeley,high
P::J3577,withdrawn,2025-12-23,day,2024-12-31,2025-12-31,Berkeley,high
P::J3578,withdrawn,2025-12-23,day,2024-12-31,2025-12-31,Berkeley,high
P::J3579,withdrawn,2025-12-23,day,2024-12-31,2025-12-31,Berkeley,high
P::J3580,withdrawn,2025-05-23,day,2024-12-31,2025-12-31,Berkeley,high
P::J3581,withdrawn,2025-05-23,day,2024-12-31,2025-12-31,Berkeley,high
P::J3582,withdrawn,2024-10-17,day,,2024-12-31,Berkeley,high
P::J3583,withdrawn,2025-12-23,day,2024-12-31,2025-12-31,Berkeley,high
P::J3584,withdrawn,2025-03-28,day,2024-12-31,2025-12-31,Berkeley,high
P::J3585,withdrawn,2025-09-24,day,2024-12-31,2025-12-31,Berkeley,high
P::J3586,operational,2028-01-01,day,2026-03-01,,MISO,high
P::J3587,withdrawn,2025-09-26,day,2024-12-31,2025-12-31,Berkeley,high
P::J3588,withdrawn,2025-09-30,day,2024-12-31,2025-12-31,Berkeley,high
P::J3589,withdrawn,2025-09-30,day,2024-12-31,2025-12-31,Berkeley,high
P::J3590,operational,2028-12-31,day,2026-03-01,,MISO,high
P::J3591,withdrawn,2025-12-29,day,2025-12-31,2026-03-01,MISO,high
P::J3592,operational,2028-04-01,day,2026-03-01,,MISO,high
P::J3593,withdrawn,2025-10-01,day,2024-12-31,2025-12-31,Berkeley,high
P::J3594,withdrawn,2024-09-10,day,,2024-12-31,Berkeley,high
P::J3595,withdrawn,2025-12-23,day,2024-12-31,2025-12-31,Berkeley,high
P::J3596,withdrawn,2025-04-17,day,2024-12-31,2025-12-31,Berkeley,high
P::J3597,operational,2028-04-01,day,2026-03-01,,MISO,high
P::J3598,withdrawn,2025-02-19,day,2024-12-31,2025-12-31,Berkeley,high
P::J3599,withdrawn,2025-09-29,day,2024-12-31,2025-12-31,Berkeley,high
P::J3600,withdrawn,2025-09-29,day,2024-12-31,2025-12-31,Berkeley,high
P::J3601,operational,2028-09-01,day,2026-03-01,,MISO,high
P::J3602,operational,2028-04-01,day,2025-12-31,,MISO,high
P::J3603,withdrawn,2025-12-23,day,2024-12-31,2025-12-31,Berkeley,high
P::J3604,operational,2027-09-01,day,2026-03-01,,MISO,high
P::J3605,withdrawn,2025-09-24,day,2024-12-31,2025-12-31,Berkeley,high
P::J3606,withdrawn,2025-12-23,day,2024-12-31,2025-12-31,Berkeley,high
P::J3607,withdrawn,2025-09-26,day,2024-12-31,2025-12-31,Berkeley,high
P::J3608,withdrawn,2025-09-26,day,2024-12-31,2025-12-31,Berkeley,high
P::J3609,withdrawn,2025-09-30,day,2024-12-31,2025-12-31,Berkeley,high
P::J3610,withdrawn,2025-03-25,day,2024-12-31,2025-12-31,Berkeley,high
P::J3611,operational,2026-12-30,day,2026-03-01,,MISO,high
P::J3612,withdrawn,2025-09-24,day,2024-12-31,2025-12-31,Berkeley,high
P::J3613,withdrawn,2025-12-23,day,2024-12-31,2025-12-31,Berkeley,high
P::J3614,withdrawn,2025-12-23,day,2024-12-31,2025-12-31,Berkeley,high
P::J3615,withdrawn,2025-12-23,day,2024-12-31,2025-12-31,Berkeley,high
P::J3616,withdrawn,2025-12-23,day,2024-12-31,2025-12-31,Berkeley,high
P::J3617,withdrawn,2025-12-23,day,2024-12-31,2025-12-31,Berkeley,high
P::J3618,withdrawn,2025-12-23,day,2024-12-31,2025-12-31,Berkeley,high
P::J3619,operational,2028-09-30,day,2026-03-01,,MISO,high
P::J3620,withdrawn,2025-12-23,day,2024-12-31,2025-12-31,Berkeley,high
P::J3621,withdrawn,2025-09-24,day,2024-12-31,2025-12-31,Berkeley,high
P::J3622,withdrawn,2025-09-24,day,2024-12-31,2025-12-31,Berkeley,high
P::J3623,operational,2028-09-01,day,2026-03-01,,MISO,high
P::J3624,withdrawn,2025-09-26,day,2024-12-31,2025-12-31,Berkeley,high
P::J3625,withdrawn,2025-09-26,day,2024-12-31,2025-12-31,Berkeley,high
P::J3626,withdrawn,2025-09-30,day,2024-12-31,2025-12-31,Berkeley,high
P::J3627,withdrawn,2025-12-23,day,2024-12-31,2025-12-31,Berkeley,high
P::J3628,withdrawn,2025-09-26,day,2024-12-31,2025-12-31,Berkeley,high
P::J3629,withdrawn,2025-09-30,day,2024-12-31,2025-12-31,Berkeley,high
P::J3630,operational,2028-06-15,day,2026-03-01,,MISO,high
P::J3631,withdrawn,2025-10-27,day,2024-12-31,2025-12-31,Berkeley,high
P::J3632,withdrawn,2025-12-23,day,2024-12-31,2025-12-31,Berkeley,high
P::J3633,operational,2028-09-15,day,2026-03-01,,MISO,high
P::J3634,withdrawn,2025-12-23,day,2024-12-31,2025-12-31,Berkeley,high
P::J3635,withdrawn,2025-09-30,day,2024-12-31,2025-12-31,Berkeley,high
P::J3636,operational,2028-08-31,day,2026-03-01,,MISO,high
P::J3637,withdrawn,2025-12-23,day,2024-12-31,2025-12-31,Berkeley,high
P::J3638,withdrawn,2025-09-30,day,2024-12-31,2025-12-31,Berkeley,high
P::J3639,operational,2028-04-01,day,2026-03-01,,MISO,high
P::J3640,withdrawn,2025-12-23,day,2024-12-31,2025-12-31,Berkeley,high
P::J3641,withdrawn,2025-09-30,day,2024-12-31,2025-12-31,Berkeley,high
P::J3642,withdrawn,2025-09-30,day,2024-12-31,2025-12-31,Berkeley,high
P::J3643,withdrawn,2024-11-04,day,,2024-12-31,Berkeley,high
P::J3644,operational,2028-11-01,day,2026-03-01,,MISO,high
P::J3645,operational,2028-09-01,day,2026-03-01,,MISO,high
P::J3646,operational,2028-11-01,day,2026-03-01,,MISO,high
P::J3647,withdrawn,2025-09-29,day,2024-12-31,2025-12-31,Berkeley,high
P::J3648,withdrawn,2025-02-13,day,,2024-12-31,Berkeley,high
P::J3649,withdrawn,2025-03-28,day,2024-12-31,2025-12-31,Berkeley,high
P::J3650,operational,2028-11-15,day,2026-03-01,,MISO,high
P::J3651,operational,2028-09-30,day,2026-03-01,,MISO,high
P::J3652,withdrawn,2025-12-23,day,2024-12-31,2025-12-31,Berkeley,high
P::J3653,operational,2028-06-01,day,2026-03-01,,MISO,high
P::J3654,operational,2028-06-01,day,2026-03-01,,MISO,high
P::J3655,operational,2028-04-01,day,2026-03-01,,MISO,high
P::J3656,operational,2028-06-30,day,2025-12-31,,MISO,high
P::J3657,withdrawn,2025-10-06,day,2024-12-31,2025-12-31,Berkeley,high
P::J3658,withdrawn,2025-12-23,day,2024-12-31,2025-12-31,Berkeley,high
P::J3659,withdrawn,2025-12-23,day,2024-12-31,2025-12-31,Berkeley,high
P::J3660,operational,2028-06-30,day,2026-03-01,,MISO,high
P::J3661,withdrawn,2025-09-02,day,2024-12-31,2025-12-31,Berkeley,high
P::J3662,withdrawn,2025-09-26,day,2024-12-31,2025-12-31,Berkeley,high
P::J3663,withdrawn,2025-09-29,day,2024-12-31,2025-12-31,Berkeley,high
P::J3664,withdrawn,2025-09-30,day,2024-12-31,2025-12-31,Berkeley,high
P::J3665,withdrawn,2025-09-30,day,2024-12-31,2025-12-31,Berkeley,high
P::J3666,operational,2028-09-30,day,2026-03-01,,MISO,high
P::J3667,withdrawn,2025-04-17,day,2024-12-31,2025-12-31,Berkeley,high
P::J3668,withdrawn,2025-09-29,day,2024-12-31,2025-12-31,Berkeley,high
P::J3669,operational,2028-02-01,day,2026-03-01,,MISO,high
P::J3670,withdrawn,2025-03-13,day,2024-12-31,2025-12-31,Berkeley,high
P::J3671,withdrawn,2025-12-23,day,2024-12-31,2025-12-31,Berkeley,high
P::J3672,operational,2028-10-30,day,2026-03-01,,MISO,high
P::J3673,withdrawn,2025-12-23,day,2024-12-31,2025-12-31,Berkeley,high
P::J3674,operational,2028-09-01,day,2026-03-01,,MISO,high
P::J3675,withdrawn,2025-09-29,day,2024-12-31,2025-12-31,Berkeley,high
P::J3676,withdrawn,2025-12-23,day,2024-12-31,2025-12-31,Berkeley,high
P::J3677,withdrawn,2025-09-16,day,2024-12-31,2025-12-31,Berkeley,high
P::J3678,withdrawn,2025-12-23,day,2024-12-31,2025-12-31,Berkeley,high
P::J3679,operational,2028-01-31,day,2026-03-01,,MISO,high
P::J3680,withdrawn,2025-12-23,day,2024-12-31,2025-12-31,Berkeley,high
P::J3681,operational,2028-04-01,day,2026-03-01,,MISO,high
P::J3682,operational,2028-04-01,day,2026-03-01,,MISO,high
P::J3683,withdrawn,2025-12-23,day,2024-12-31,2025-12-31,Berkeley,high
P::J3684,withdrawn,2025-04-22,day,2024-12-31,2025-12-31,Berkeley,high
P::J3685,operational,2028-09-01,day,2026-03-01,,MISO,high
P::J3686,operational,2028-09-01,day,2026-03-01,,MISO,high
P::J3687,operational,2027-07-23,day,2026-03-01,,MISO,high
P::J3688,operational,2028-09-30,day,2026-03-01,,MISO,high
P::J3689,withdrawn,2025-12-23,day,2024-12-31,2025-12-31,Berkeley,high
P::J3690,withdrawn,2025-12-23,day,2024-12-31,2025-12-31,Berkeley,high
P::J3691,operational,2028-05-31,day,2026-03-01,,MISO,high
P::J3692,withdrawn,2025-09-29,day,2024-12-31,2025-12-31,Berkeley,high
P::J3693,withdrawn,2025-09-29,day,2024-12-31,2025-12-31,Berkeley,high
P::J3694,withdrawn,2025-09-29,day,2024-12-31,2025-12-31,Berkeley,high
P::J3695,operational,2028-09-30,day,2026-03-01,,MISO,high
P::J3696,operational,2026-12-30,day,2026-03-01,,MISO,high
P::J3697,withdrawn,2025-12-23,day,2024-12-31,2025-12-31,Berkeley,high
P::J3698,withdrawn,2025-09-30,day,2024-12-31,2025-12-31,Berkeley,high
P::J3699,operational,2028-04-01,day,2026-03-01,,MISO,high
P::J3700,withdrawn,2025-12-23,day,2024-12-31,2025-12-31,Berkeley,high
P::J3701,operational,2028-04-01,day,2026-03-01,,MISO,high
P::J3702,operational,2028-06-30,day,2026-03-01,,MISO,high
P::J3703,operational,2028-06-15,day,2026-03-01,,MISO,high
P::J3704,operational,2028-09-30,day,2026-03-01,,MISO,high
P::J3705,withdrawn,2025-09-24,day,2024-12-31,2025-12-31,Berkeley,high
P::J3706,withdrawn,2025-12-23,day,2024-12-31,2025-12-31,Berkeley,high
P::J3707,withdrawn,2025-07-01,day,2024-12-31,2025-12-31,Berkeley,high
P::J3708,withdrawn,2025-09-24,day,2024-12-31,2025-12-31,Berkeley,high
P::J3709,withdrawn,2025-12-23,day,2024-12-31,2025-12-31,Berkeley,high
P::J3710,withdrawn,2025-12-23,day,2024-12-31,2025-12-31,Berkeley,high
P::J3711,withdrawn,2025-12-23,day,2024-12-31,2025-12-31,Berkeley,high
P::J3712,operational,2028-04-01,day,2026-03-01,,MISO,high
P::J3713,operational,2028-04-01,day,2026-03-01,,MISO,high
P::J3714,withdrawn,2025-07-15,day,2024-12-31,2025-12-31,Berkeley,high
P::J3715,withdrawn,2025-12-23,day,2024-12-31,2025-12-31,Berkeley,high
P::J3716,withdrawn,2025-09-24,day,2024-12-31,2025-12-31,Berkeley,high
P::J3717,withdrawn,2025-09-24,day,2024-12-31,2025-12-31,Berkeley,high
P::J3718,withdrawn,2025-12-24,day,2025-12-31,2026-03-01,MISO,high
P::J3719,operational,2028-09-01,day,2026-03-01,,MISO,high
P::J3720,withdrawn,2025-12-23,day,2024-12-31,2025-12-31,Berkeley,high
P::J3721,withdrawn,2025-12-23,day,2024-12-31,2025-12-31,Berkeley,high
P::J3722,operational,2028-09-01,day,2026-03-01,,MISO,high
P::J3723,operational,2028-09-01,day,2026-03-01,,MISO,high
P::J3724,operational,2028-09-01,day,2026-03-01,,MISO,high
P::J3725,operational,2028-09-01,day,2026-03-01,,MISO,high
P::J3726,withdrawn,2025-12-23,day,2024-12-31,2025-12-31,Berkeley,high
P::J3727,operational,2028-06-30,day,2026-03-01,,MISO,high
P::J3728,withdrawn,2025-09-30,day,2024-12-31,2025-12-31,Berkeley,high
P::J3729,operational,2028-02-01,day,2025-12-31,,MISO,high
P::J3730,operational,2028-08-01,day,2026-03-01,,MISO,high
P::J3731,operational,2027-01-31,day,2026-03-01,,MISO,high
P::J3732,operational,2026-12-30,day,2026-03-01,,MISO,high
P::J3733,operational,2028-04-17,day,2025-12-31,,MISO,high
P::J3734,withdrawn,2025-09-24,day,2024-12-31,2025-12-31,Berkeley,high
P::J3735,operational,2028-06-01,day,2026-03-01,,MISO,high
P::J3736,operational,2027-12-03,day,2026-03-01,,MISO,high
P::J3737,withdrawn,2025-10-24,day,2024-12-31,2025-12-31,Berkeley,high
P::J3738,withdrawn,2025-04-22,day,2024-12-31,2025-12-31,Berkeley,high
P::J3739,withdrawn,2025-12-23,day,2024-12-31,2025-12-31,Berkeley,high
P::J3740,withdrawn,2025-07-01,day,2024-12-31,2025-12-31,Berkeley,high
P::J3741,withdrawn,2025-09-26,day,2024-12-31,2025-12-31,Berkeley,high
P::J3742,operational,2028-12-15,day,2026-03-01,,MISO,high
P::J3743,operational,2027-05-01,day,2026-03-01,,MISO,high
P::J3744,withdrawn,2025-12-23,day,2024-12-31,2025-12-31,Berkeley,high
P::J3745,operational,2028-07-01,day,2026-03-01,,MISO,high
P::J3746,withdrawn,2025-12-23,day,2024-12-31,2025-12-31,Berkeley,high
P::J3747,withdrawn,2025-12-23,day,2024-12-31,2025-12-31,Berkeley,high
P::J3748,withdrawn,2025-12-23,day,2024-12-31,2025-12-31,Berkeley,high
P::J3749,operational,2028-06-30,day,2026-03-01,,MISO,high
P::J3750,operational,2028-10-30,day,2026-03-01,,MISO,high
P::J3751,withdrawn,2025-12-23,day,2024-12-31,2025-12-31,Berkeley,high
P::J3752,withdrawn,2025-12-23,day,2024-12-31,2025-12-31,Berkeley,high
P::J3753,operational,2028-09-15,day,2026-03-01,,MISO,high
P::J3754,operational,2028-09-15,day,2026-03-01,,MISO,high
P::J3755,operational,2028-09-15,day,2026-03-01,,MISO,high
P::J3756,operational,2019-01-21,day,2026-03-01,,MISO,high
P::J3757,withdrawn,2025-03-13,day,2024-12-31,2025-12-31,Berkeley,high
P::J3758,operational,2028-09-15,day,2026-03-01,,MISO,high
P::J3759,withdrawn,2025-12-23,day,2024-12-31,2025-12-31,Berkeley,high
P::J3760,withdrawn,2025-12-23,day,2024-12-31,2025-12-31,Berkeley,high
P::J3761,operational,2027-11-01,day,2026-03-01,,MISO,high
P::J3762,operational,2028-08-01,day,2026-03-01,,MISO,high
P::J3763,operational,2026-06-01,day,2026-03-01,,MISO,high
P::J3764,operational,2028-03-01,day,2026-03-01,,MISO,high
P::J3765,withdrawn,2025-09-26,day,2024-12-31,2025-12-31,Berkeley,high
P::J3766,withdrawn,2025-04-09,day,2024-12-31,2025-12-31,Berkeley,high
P::J3767,withdrawn,2025-09-23,day,2024-12-31,2025-12-31,Berkeley,high
P::J3768,withdrawn,2025-10-01,day,2024-12-31,2025-12-31,Berkeley,high
P::J3769,withdrawn,2025-12-23,day,2024-12-31,2025-12-31,Berkeley,high
P::J3770,withdrawn,2025-12-23,day,2024-12-31,2025-12-31,Berkeley,high
P::J3771,withdrawn,2025-09-24,day,2024-12-31,2025-12-31,Berkeley,high
P::J3772,withdrawn,2025-12-23,day,2024-12-31,2025-12-31,Berkeley,high
P::J3773,withdrawn,2025-12-23,day,2024-12-31,2025-12-31,Berkeley,high
P::J3774,withdrawn,2025-12-23,day,2024-12-31,2025-12-31,Berkeley,high
P::J3775,withdrawn,2025-09-30,day,2024-12-31,2025-12-31,Berkeley,high
P::J3776,operational,2028-09-30,day,2026-03-01,,MISO,high
P::J3777,operational,2028-04-01,day,2026-03-01,,MISO,high
P::J3778,withdrawn,2025-09-30,day,2024-12-31,2025-12-31,Berkeley,high
P::J3779,withdrawn,2025-08-13,day,2024-12-31,2025-12-31,Berkeley,high
P::J3780,operational,2028-06-30,day,2026-03-01,,MISO,high
P::J3781,operational,2027-07-27,day,2026-03-01,,MISO,high
P::J3782,operational,2027-07-26,day,2026-03-01,,MISO,high
P::J3783,withdrawn,2025-12-23,day,2024-12-31,2025-12-31,Berkeley,high
P::J3784,operational,2028-06-30,day,2025-12-31,,MISO,high
P::J3785,operational,2028-06-30,day,2025-12-31,,MISO,high
P::J3786,withdrawn,2025-03-13,day,2024-12-31,2025-12-31,Berkeley,high
P::J3787,operational,2028-06-30,day,2026-03-01,,MISO,high
P::J3788,withdrawn,2025-12-23,day,2024-12-31,2025-12-31,Berkeley,high
P::J3789,withdrawn,2025-02-13,day,,2024-12-31,Berkeley,high
P::J3790,withdrawn,2025-12-23,day,2024-12-31,2025-12-31,Berkeley,high
P::J3791,withdrawn,2025-09-16,day,2024-12-31,2025-12-31,Berkeley,high
P::J3792,operational,2028-04-01,day,2026-03-01,,MISO,high
P::J3793,withdrawn,2025-12-23,day,2024-12-31,2025-12-31,Berkeley,high
P::J3794,withdrawn,2025-09-25,day,2024-12-31,2025-12-31,Berkeley,high
P::J3795,withdrawn,2025-09-25,day,2024-12-31,2025-12-31,Berkeley,high
P::J3796,withdrawn,2025-09-24,day,2024-12-31,2025-12-31,Berkeley,high
P::J3797,operational,2028-03-31,day,2026-03-01,,MISO,high
P::J3798,operational,2028-06-30,day,2026-03-01,,MISO,high
P::J3799,operational,2030-04-01,day,2025-12-31,,MISO,high
P::J3800,operational,2019-01-21,day,2026-03-01,,MISO,high
P::J3801,operational,2028-03-31,day,2026-03-01,,MISO,high
P::J3802,withdrawn,2025-09-30,day,2024-12-31,2025-12-31,Berkeley,high
P::J3803,operational,2028-04-01,day,2026-03-01,,MISO,high
P::J3804,withdrawn,2025-09-29,day,2024-12-31,2025-12-31,Berkeley,high
P::J3805,operational,2027-09-01,day,2026-03-01,,MISO,high
P::J3806,withdrawn,2025-12-23,day,2024-12-31,2025-12-31,Berkeley,high
P::J3807,withdrawn,2025-12-23,day,2024-12-31,2025-12-31,Berkeley,high
P::J3808,withdrawn,2025-09-30,day,2024-12-31,2025-12-31,Berkeley,high
P::J3809,withdrawn,2025-12-23,day,2024-12-31,2025-12-31,Berkeley,high
P::J3810,withdrawn,2025-09-29,day,2024-12-31,2025-12-31,Berkeley,high
P::J3811,operational,2028-09-30,day,2026-03-01,,MISO,high
P::J3812,withdrawn,2025-12-23,day,2024-12-31,2025-12-31,Berkeley,high
P::J3813,withdrawn,2025-09-29,day,2024-12-31,2025-12-31,Berkeley,high
P::J3814,withdrawn,2025-12-23,day,2024-12-31,2025-12-31,Berkeley,high
P::J3815,operational,2026-10-22,day,2026-03-01,,MISO,high
P::J3816,withdrawn,2025-12-23,day,2024-12-31,2025-12-31,Berkeley,high
P::J3817,withdrawn,2025-09-30,day,2024-12-31,2025-12-31,Berkeley,high
P::J3818,operational,2028-03-01,day,2026-03-01,,MISO,high
P::J3819,withdrawn,2025-08-15,day,2024-12-31,2025-12-31,Berkeley,high
P::J3820,operational,2028-06-01,day,2026-03-01,,MISO,high
P::J3821,withdrawn,2025-12-23,day,2024-12-31,2025-12-31,Berkeley,high
P::J3822,withdrawn,2025-12-23,day,2024-12-31,2025-12-31,Berkeley,high
P::J3823,withdrawn,2025-09-26,day,2024-12-31,2025-12-31,Berkeley,high
P::J3824,withdrawn,2024-06-28,day,,2024-12-31,Berkeley,high
P::J3825,withdrawn,2025-09-24,day,2024-12-31,2025-12-31,Berkeley,high
P::J3826,withdrawn,2025-12-23,day,2024-12-31,2025-12-31,Berkeley,high
P::J3827,operational,2028-11-01,day,2026-03-01,,MISO,high
P::J3828,operational,2028-11-01,day,2026-03-01,,MISO,high
P::J3829,operational,2028-12-01,day,2026-03-01,,MISO,high
P::J3830,operational,2028-06-01,day,2026-03-01,,MISO,high
P::J3831,withdrawn,2025-12-22,day,2024-12-31,2025-12-31,Berkeley,high
P::J3832,withdrawn,2025-12-22,day,2024-12-31,2025-12-31,Berkeley,high
P::J3833,operational,2028-09-01,day,2026-03-01,,MISO,high
P::J3834,withdrawn,2026-04-14,day,2025-12-31,2026-03-01,MISO,high
P::J3835,operational,2028-11-01,day,2026-03-01,,MISO,high
P::J3836,operational,2028-10-06,day,2026-03-01,,MISO,high
P::J3837,operational,2029-06-01,day,2026-03-01,,MISO,high
P::J3838,operational,2028-11-01,day,2026-03-01,,MISO,high
P::J3839,withdrawn,2026-01-04,day,2024-12-31,2025-12-31,Berkeley,high
P::J3840,operational,2030-06-30,day,2026-03-01,,MISO,high
P::J3841,withdrawn,2025-09-11,day,2024-12-31,2025-12-31,Berkeley,high
P::J3842,withdrawn,2025-09-11,day,2024-12-31,2025-12-31,Berkeley,high
P::J3843,operational,2027-11-01,day,2026-03-01,,MISO,high
P::J3844,operational,2029-04-01,day,2026-03-01,,MISO,high
P::J3845,withdrawn,2026-04-16,day,2025-12-31,2026-03-01,MISO,high
P::J3846,withdrawn,2026-04-14,day,2025-12-31,2026-03-01,MISO,high
P::J3847,withdrawn,2026-04-14,day,2025-12-31,2026-03-01,MISO,high
P::J3848,operational,2030-06-30,day,2026-03-01,,MISO,high
P::J3849,operational,2030-06-30,day,2025-12-31,,MISO,high
P::J3850,withdrawn,2026-04-15,day,2025-12-31,2026-03-01,MISO,high
P::J3851,withdrawn,2025-12-19,day,2024-12-31,2025-12-31,Berkeley,high
P::J3852,withdrawn,2026-04-15,day,2025-12-31,2026-03-01,MISO,high
P::J3853,operational,2029-06-01,day,2026-03-01,,MISO,high
P::J3854,withdrawn,2025-04-09,day,2024-12-31,2025-12-31,Berkeley,high
P::J3855,withdrawn,2025-12-31,day,2024-12-31,2025-12-31,Berkeley,high
P::J3856,operational,2030-04-01,day,2026-03-01,,MISO,high
P::J3857,withdrawn,2026-04-16,day,2025-12-31,2026-03-01,MISO,high
P::J3858,withdrawn,2026-07-22,day,2025-12-31,2026-03-01,MISO,high
P::J3859,operational,2028-10-01,day,2025-12-31,,MISO,high
P::J3860,operational,2030-04-02,day,2026-03-01,,MISO,high
P::J3861,withdrawn,2026-04-15,day,2025-12-31,2026-03-01,MISO,high
P::J3862,withdrawn,2025-08-20,day,2024-12-31,2025-12-31,Berkeley,high
P::J3863,withdrawn,2025-07-07,day,2024-12-31,2025-12-31,Berkeley,high
P::J3864,operational,2028-11-01,day,2025-12-31,,MISO,high
P::J3865,operational,2028-11-01,day,2025-12-31,,MISO,high
P::J3866,operational,2028-11-01,day,2025-12-31,,MISO,high
P::J3867,withdrawn,2025-12-29,day,2024-12-31,2025-12-31,Berkeley,high
P::J3868,withdrawn,2025-09-11,day,2024-12-31,2025-12-31,Berkeley,high
P::J3869,withdrawn,2025-09-11,day,2024-12-31,2025-12-31,Berkeley,high
P::J3870,operational,2024-01-26,day,2026-03-01,,MISO,high
P::J3871,withdrawn,2025-09-24,day,,2025-12-31,Berkeley,high
P::J3872,operational,2029-01-05,day,2026-03-01,,MISO,high
P::J3873,operational,2029-06-01,day,2025-12-31,,MISO,high
P::J3874,operational,2028-11-01,day,2026-03-01,,MISO,high
P::J3875,withdrawn,2025-12-31,day,,2025-12-31,Berkeley,high
P::J3876,withdrawn,2025-12-31,day,,2025-12-31,Berkeley,high
P::J3877,withdrawn,2026-01-05,day,,2025-12-31,Berkeley,high
P::J3878,withdrawn,2026-01-05,day,,2025-12-31,Berkeley,high
P::J3879,operational,2030-08-01,day,2026-03-01,,MISO,high
P::J3880,withdrawn,2026-04-14,day,2025-12-31,2026-03-01,MISO,high
P::J3881,withdrawn,2026-04-14,day,2025-12-31,2026-03-01,MISO,high
P::J3882,operational,2030-09-30,day,2026-03-01,,MISO,high
P::J3883,withdrawn,2026-04-14,day,2025-12-31,2026-03-01,MISO,high
P::J3884,withdrawn,2026-04-15,day,2025-12-31,2026-03-01,MISO,high
P::J3885,withdrawn,2026-01-05,day,,2025-12-31,Berkeley,high
P::J3886,withdrawn,2026-04-15,day,2025-12-31,2026-03-01,MISO,high
P::J3887,withdrawn,2026-02-20,day,2025-12-31,2026-03-01,MISO,high
P::J3888,withdrawn,2026-04-15,day,2025-12-31,2026-03-01,MISO,high
P::J3889,withdrawn,2026-04-15,day,2025-12-31,2026-03-01,MISO,high
P::J3891,withdrawn,2026-04-16,day,2025-12-31,2026-03-01,MISO,high
P::J3892,withdrawn,2026-04-14,day,2025-12-31,2026-03-01,MISO,high
P::J3893,withdrawn,2026-01-05,day,,2025-12-31,Berkeley,high
P::J3894,operational,2030-05-01,day,2026-03-01,,MISO,high
P::J3895,withdrawn,2026-04-15,day,2025-12-31,2026-03-01,MISO,high
P::J3896,operational,2030-09-01,day,2026-03-01,,MISO,high
P::J3897,withdrawn,2026-04-14,day,2025-12-31,2026-03-01,MISO,high
P::J3898,operational,2030-05-01,day,2026-03-01,,MISO,high
P::J3899,operational,2027-11-07,day,2026-03-01,,MISO,high
P::J3900,withdrawn,2026-04-16,day,2025-12-31,2026-03-01,MISO,high
P::J3901,withdrawn,2026-04-14,day,2025-12-31,2026-03-01,MISO,high
P::J3902,operational,2028-06-01,day,2026-03-01,,MISO,high
P::J3903,operational,2029-03-30,day,2026-03-01,,MISO,high
P::J3904,operational,2030-05-01,day,2026-03-01,,MISO,high
P::J3905,operational,2030-05-01,day,2026-03-01,,MISO,high
P::J3906,withdrawn,2026-01-05,day,,2025-12-31,Berkeley,high
P::J3907,operational,2030-05-01,day,2026-03-01,,MISO,high
P::J3908,operational,2025-04-30,day,2026-03-01,,MISO,high
P::J3909,withdrawn,2026-04-17,day,2025-12-31,2026-03-01,MISO,high
P::J3910,operational,2030-05-01,day,2026-03-01,,MISO,high
P::J3911,operational,2030-06-01,day,2026-03-01,,MISO,high
P::J3912,withdrawn,2026-01-02,day,,2025-12-31,Berkeley,high
P::J3913,withdrawn,2026-04-15,day,2025-12-31,2026-03-01,MISO,high
P::J3914,withdrawn,2026-04-15,day,2025-12-31,2026-03-01,MISO,high
P::J3915,withdrawn,2025-10-28,day,,2025-12-31,Berkeley,high
P::J3916,operational,2030-09-02,day,2026-03-01,,MISO,high
P::J3917,withdrawn,2026-04-15,day,2025-12-31,2026-03-01,MISO,high
P::J3918,operational,2028-06-01,day,2026-03-01,,MISO,high
P::J3919,withdrawn,2026-04-14,day,2025-12-31,2026-03-01,MISO,high
P::J3920,withdrawn,2026-01-05,day,,2025-12-31,Berkeley,high
P::J3921,withdrawn,2025-12-23,day,,2025-12-31,Berkeley,high
P::J3922,operational,2030-03-01,day,2025-12-31,,MISO,high
P::J3923,operational,2030-03-01,day,2026-03-01,,MISO,high
P::J3924,operational,2030-10-01,day,2026-03-01,,MISO,high
P::J3925,operational,2030-09-01,day,2026-03-01,,MISO,high
P::J3926,operational,2030-05-01,day,2026-03-01,,MISO,high
P::J3927,withdrawn,2025-12-23,day,,2025-12-31,Berkeley,high
P::J3928,withdrawn,2026-04-15,day,2025-12-31,2026-03-01,MISO,high
P::J3929,withdrawn,2026-04-14,day,2025-12-31,2026-03-01,MISO,high
P::J3930,withdrawn,2026-04-17,day,2025-12-31,2026-03-01,MISO,high
P::J3931,operational,2030-09-30,day,2026-03-01,,MISO,high
P::J3932,operational,2029-06-29,day,2026-03-01,,MISO,high
P::J3933,withdrawn,2025-12-23,day,,2025-12-31,Berkeley,high
P::J3934,withdrawn,2026-01-02,day,,2025-12-31,Berkeley,high
P::J3935,operational,2030-03-01,day,2026-03-01,,MISO,high
P::J3936,operational,2027-01-01,day,2026-03-01,,MISO,high
P::J3937,withdrawn,2026-01-05,day,,2025-12-31,Berkeley,high
P::J3938,withdrawn,2026-01-05,day,,2025-12-31,Berkeley,high
P::J3939,withdrawn,2026-04-15,day,2025-12-31,2026-03-01,MISO,high
P::J3940,withdrawn,2026-04-15,day,2025-12-31,2026-03-01,MISO,high
P::J3941,operational,2030-05-01,day,2026-03-01,,MISO,high
P::J3942,operational,2030-06-01,day,2026-03-01,,MISO,high
P::J3943,withdrawn,2026-04-14,day,2025-12-31,2026-03-01,MISO,high
P::J3944,withdrawn,2026-04-14,day,2025-12-31,2026-03-01,MISO,high
P::J3945,operational,2030-01-31,day,2026-03-01,,MISO,high
P::J3946,operational,2030-06-01,day,2026-03-01,,MISO,high
P::J3947,operational,2030-09-30,day,2026-03-01,,MISO,high
P::J3948,withdrawn,2026-04-14,day,2025-12-31,2026-03-01,MISO,high
P::J3949,operational,2030-01-31,day,2026-03-01,,MISO,high
P::J3950,withdrawn,2026-04-14,day,2025-12-31,2026-03-01,MISO,high
P::J3951,withdrawn,2026-01-02,day,,2025-12-31,Berkeley,high
P::J3952,withdrawn,2026-01-02,day,,2025-12-31,Berkeley,high
P::J3953,withdrawn,2026-04-15,day,2025-12-31,2026-03-01,MISO,high
P::J3954,operational,2030-10-01,day,2026-03-01,,MISO,high
P::J3955,operational,2030-06-30,day,2026-03-01,,MISO,high
P::J3956,withdrawn,2025-12-19,day,,2025-12-31,Berkeley,high
P::J3957,operational,2029-11-01,day,2026-03-01,,MISO,high
P::J3958,withdrawn,2025-10-22,day,,2025-12-31,Berkeley,high
P::J3959,operational,2029-11-01,day,2026-03-01,,MISO,high
P::J3960,operational,2030-06-30,day,2026-03-01,,MISO,high
P::J3961,withdrawn,2026-04-15,day,2025-12-31,2026-03-01,MISO,high
P::J3962,operational,2030-05-01,day,2026-03-01,,MISO,high
P::J3963,operational,2030-01-31,day,2026-03-01,,MISO,high
P::J3964,operational,2030-01-31,day,2026-03-01,,MISO,high
P::J3965,withdrawn,2025-12-22,day,,2025-12-31,Berkeley,high
P::J3966,operational,2029-12-01,day,2026-03-01,,MISO,high
P::J3967,operational,2029-12-01,day,2026-03-01,,MISO,high
P::J3968,operational,2028-09-15,day,2026-03-01,,MISO,high
P::J3969,withdrawn,2026-01-02,day,,2025-12-31,Berkeley,high
P::J3970,operational,2029-12-01,day,2026-03-01,,MISO,high
P::J3971,operational,2029-12-01,day,2026-03-01,,MISO,high
P::J3972,withdrawn,2025-09-24,day,,2025-12-31,Berkeley,high
P::J3973,operational,2030-10-01,day,2026-03-01,,MISO,high
P::J3974,withdrawn,2026-04-15,day,2025-12-31,2026-03-01,MISO,high
P::J3975,operational,2030-02-20,day,2026-03-01,,MISO,high
P::J3976,operational,2028-12-15,day,2026-03-01,,MISO,high
P::J3977,operational,2029-06-01,day,2026-03-01,,MISO,high
P::J3978,operational,2029-10-01,day,2026-03-01,,MISO,high
P::J3979,operational,2029-10-01,day,2026-03-01,,MISO,high
P::J3980,operational,2029-10-01,day,2026-03-01,,MISO,high
P::J3981,operational,2029-10-01,day,2026-03-01,,MISO,high
P::J3982,operational,2030-04-01,day,2026-03-01,,MISO,high
P::J3983,withdrawn,2026-04-14,day,2025-12-31,2026-03-01,MISO,high
P::J3984,withdrawn,2026-04-15,day,2025-12-31,2026-03-01,MISO,high
P::J3985,withdrawn,2026-04-15,day,2025-12-31,2026-03-01,MISO,high
P::J3986,withdrawn,2026-04-15,day,2025-12-31,2026-03-01,MISO,high
P::J3987,withdrawn,2026-04-15,day,2025-12-31,2026-03-01,MISO,high
P::J3988,withdrawn,2026-04-15,day,2025-12-31,2026-03-01,MISO,high
P::J3989,withdrawn,2026-01-05,day,,2025-12-31,Berkeley,high
P::J3990,operational,2029-04-01,day,2026-03-01,,MISO,high
P::J3991,operational,2029-04-01,day,2026-03-01,,MISO,high
P::J3992,operational,2028-04-01,day,2026-03-01,,MISO,high
P::J3993,withdrawn,2026-04-14,day,2025-12-31,2026-03-01,MISO,high
P::J3994,operational,2028-04-01,day,2026-03-01,,MISO,high
P::J3995,withdrawn,2026-01-05,day,,2025-12-31,Berkeley,high
P::J3996,operational,2030-01-01,day,2026-03-01,,MISO,high
P::J3997,withdrawn,2026-01-05,day,,2025-12-31,Berkeley,high
P::J3998,withdrawn,2025-11-14,day,,2025-12-31,Berkeley,high
P::J3999,operational,2030-01-02,day,2026-03-01,,MISO,high
P::J4000,operational,2030-01-28,day,2026-03-01,,MISO,high
P::J4001,operational,2030-01-31,day,2026-03-01,,MISO,high
P::J4002,operational,2030-09-30,day,2026-03-01,,MISO,high
P::J4003,operational,2030-09-30,day,2026-03-01,,MISO,high
P::J4004,withdrawn,2026-01-07,day,,2025-12-31,Berkeley,high
P::J4005,operational,2028-02-29,day,2026-03-01,,MISO,high
P::J4006,operational,2030-09-02,day,2026-03-01,,MISO,high
P::J4007,operational,2027-11-01,day,2026-03-01,,MISO,high
P::J4008,withdrawn,2026-01-05,day,,2025-12-31,Berkeley,high
P::J4009,operational,2030-08-30,day,2026-03-01,,MISO,high
P::J4010,operational,2027-09-30,day,2026-03-01,,MISO,high
P::J4011,withdrawn,2026-04-15,day,2025-12-31,2026-03-01,MISO,high
P::J4012,withdrawn,2026-04-15,day,2025-12-31,2026-03-01,MISO,high
P::J4014,operational,2030-05-01,day,2026-03-01,,MISO,high
P::J4015,withdrawn,2026-01-02,day,,2025-12-31,Berkeley,high
P::J4016,operational,2029-12-30,day,2026-03-01,,MISO,high
P::J4017,operational,2030-05-01,day,2026-03-01,,MISO,high
P::J4018,operational,2029-06-01,day,2026-03-01,,MISO,high
P::J4019,operational,2030-07-01,day,2026-03-01,,MISO,high
P::J4020,withdrawn,2025-09-11,day,,2025-12-31,Berkeley,high
P::J4021,operational,2028-12-31,day,2026-03-01,,MISO,high
P::J4022,withdrawn,2026-01-05,day,,2025-12-31,Berkeley,high
P::J4023,withdrawn,2026-04-14,day,2025-12-31,2026-03-01,MISO,high
P::J4024,operational,2030-09-30,day,2026-03-01,,MISO,high
P::J4025,operational,2030-09-30,day,2026-03-01,,MISO,high
P::J4026,operational,2029-01-01,day,2026-03-01,,MISO,high
P::J4027,withdrawn,2026-01-07,day,,2025-12-31,Berkeley,high
P::J4028,operational,2027-05-01,day,2026-03-01,,MISO,high
P::J4029,operational,2025-08-31,day,2026-03-01,,MISO,high
P::J4030,withdrawn,2026-04-15,day,2025-12-31,2026-03-01,MISO,high
P::J4031,operational,2030-01-31,day,2026-03-01,,MISO,high
P::J4032,withdrawn,2025-12-26,day,,2025-12-31,Berkeley,high
P::J4033,withdrawn,2025-12-22,day,,2025-12-31,Berkeley,high
P::J4034,operational,2030-06-01,day,2026-03-01,,MISO,high
P::J4035,withdrawn,2026-01-05,day,,2025-12-31,Berkeley,high
P::J4036,withdrawn,2025-12-31,day,,2025-12-31,Berkeley,high
P::J4037,withdrawn,2026-04-15,day,2025-12-31,2026-03-01,MISO,high
P::J4038,operational,2030-01-01,day,2026-03-01,,MISO,high
P::J4039,withdrawn,2026-07-22,day,2025-12-31,2026-03-01,MISO,high
P::J4040,operational,2029-10-01,day,2026-03-01,,MISO,high
P::J4041,operational,2030-11-01,day,2025-12-31,,MISO,high
P::J4043,operational,2028-04-01,day,2026-03-01,,MISO,high
P::J4044,operational,2028-04-01,day,2026-03-01,,MISO,high
P::J4046,withdrawn,2026-04-16,day,2025-12-31,2026-03-01,MISO,high
P::J4047,operational,2028-04-01,day,2026-03-01,,MISO,high
P::J4048,operational,2028-04-01,day,2026-03-01,,MISO,high
P::J4049,withdrawn,2026-04-17,day,2025-12-31,2026-03-01,MISO,high
P::J4050,operational,2030-06-01,day,2025-12-31,,MISO,high
P::J4051,operational,2030-06-01,day,2025-12-31,,MISO,high
P::J4052,withdrawn,2026-04-17,day,2025-12-31,2026-03-01,MISO,high
P::J4053,operational,2028-06-01,day,2026-03-01,,MISO,high
P::J4054,operational,2030-10-30,day,2026-03-01,,MISO,high
P::J4055,operational,2027-09-01,day,2026-03-01,,MISO,high
P::J4056,operational,2030-08-01,day,2026-03-01,,MISO,high
P::J4057,withdrawn,2026-04-15,day,2025-12-31,2026-03-01,MISO,high
P::J4058,operational,2028-06-01,day,2026-03-01,,MISO,high
P::J4059,operational,2030-12-01,day,2026-03-01,,MISO,high
P::J4060,withdrawn,2026-01-02,day,,2025-12-31,Berkeley,high
P::J4061,operational,2028-11-01,day,2026-03-01,,MISO,high
P::J4063,operational,2030-08-01,day,2026-03-01,,MISO,high
P::J4064,withdrawn,2025-12-22,day,,2025-12-31,Berkeley,high
P::J4065,operational,2030-06-28,day,2026-03-01,,MISO,high
P::J4066,withdrawn,2026-02-19,day,2025-12-31,2026-03-01,MISO,high
P::J4067,withdrawn,2026-01-02,day,,2025-12-31,Berkeley,high
P::J4068,operational,2030-08-01,day,2026-03-01,,MISO,high
P::J4069,operational,2030-01-31,day,2026-03-01,,MISO,high
P::J4070,operational,2030-06-28,day,2026-03-01,,MISO,high
P::J4071,withdrawn,2026-01-20,day,2025-12-31,2026-03-01,MISO,high
P::J4072,operational,2030-09-30,day,2026-03-01,,MISO,high
P::J4073,withdrawn,2026-04-15,day,2025-12-31,2026-03-01,MISO,high
P::J4074,withdrawn,2026-04-15,day,2025-12-31,2026-03-01,MISO,high
P::J4075,withdrawn,2026-04-15,day,2025-12-31,2026-03-01,MISO,high
P::J4076,withdrawn,2026-04-15,day,2025-12-31,2026-03-01,MISO,high
P::J4077,operational,2030-06-28,day,2026-03-01,,MISO,high
P::J4078,operational,2030-06-28,day,2026-03-01,,MISO,high
P::J4079,operational,2030-06-30,day,2026-03-01,,MISO,high
P::J4080,withdrawn,2026-05-19,day,2025-12-31,2026-03-01,MISO,high
P::J4081,operational,2031-06-28,day,2026-03-01,,MISO,high
P::J4082,operational,2030-06-30,day,2026-03-01,,MISO,high
P::J4083,operational,2030-06-30,day,2026-03-01,,MISO,high
P::J4085,operational,2027-10-15,day,2026-03-01,,MISO,high
P::J4086,operational,2029-06-01,day,2026-03-01,,MISO,high
P::J4087,withdrawn,2026-06-11,day,2025-12-31,2026-03-01,MISO,high
P::J4088,operational,2028-03-01,day,2026-03-01,,MISO,high
P::J4089,withdrawn,2026-06-11,day,2025-12-31,2026-03-01,MISO,high
P::J4090,withdrawn,2026-03-17,day,2025-12-31,2026-03-01,MISO,high
P::J4091,withdrawn,2026-04-15,day,2025-12-31,2026-03-01,MISO,high
P::J4092,operational,2030-01-01,day,2026-03-01,,MISO,high
P::J4093,operational,2030-06-30,day,2026-03-01,,MISO,high
P::J4094,operational,2030-06-30,day,2026-03-01,,MISO,high
P::J4095,operational,2030-06-30,day,2026-03-01,,MISO,high
P::J4096,operational,2030-01-30,day,2026-03-01,,MISO,high
P::J4097,operational,2030-01-01,day,2026-03-01,,MISO,high
P::J4098,operational,2030-06-30,day,2026-03-01,,MISO,high
P::J4099,operational,2031-06-30,day,2026-03-01,,MISO,high
P::J4100,withdrawn,2026-04-15,day,2025-12-31,2026-03-01,MISO,high
P::J4101,operational,2028-03-31,day,2026-03-01,,MISO,high
P::J4102,operational,2029-08-31,day,2026-03-01,,MISO,high
P::J4103,operational,2029-06-30,day,2025-12-31,,MISO,high
P::J4104,withdrawn,2025-12-19,day,,2025-12-31,Berkeley,high
P::J4105,withdrawn,2026-04-16,day,2025-12-31,2026-03-01,MISO,high
P::J4106,withdrawn,2026-04-16,day,2025-12-31,2026-03-01,MISO,high
P::J4107,withdrawn,2025-12-26,day,,2025-12-31,Berkeley,high
P::J4108,withdrawn,2025-12-26,day,,2025-12-31,Berkeley,high
P::J4109,withdrawn,2025-12-19,day,,2025-12-31,Berkeley,high
P::J4110,operational,2030-06-30,day,2026-03-01,,MISO,high
P::J4111,withdrawn,2025-12-19,day,,2025-12-31,Berkeley,high
P::J4112,withdrawn,2026-08-25,day,2025-12-31,2026-03-01,MISO,high
P::J4113,operational,2028-06-30,day,2026-03-01,,MISO,high
P::J4114,operational,2030-07-31,day,2026-03-01,,MISO,high
P::J4115,operational,2028-06-30,day,2026-03-01,,MISO,high
P::J4116,operational,2030-12-31,day,2026-03-01,,MISO,high
P::J4117,operational,2030-09-01,day,2026-03-01,,MISO,high
P::J4118,operational,2030-09-30,day,2026-03-01,,MISO,high
P::J4119,withdrawn,2026-04-15,day,2025-12-31,2026-03-01,MISO,high
P::J4120,operational,2030-10-30,day,2026-03-01,,MISO,high
P::J4121,withdrawn,2026-04-17,day,2025-12-31,2026-03-01,MISO,high
P::J4122,operational,2030-08-15,day,2026-03-01,,MISO,high
P::J4123,operational,2030-08-15,day,2026-03-01,,MISO,high
P::J4124,operational,2029-06-01,day,2026-03-01,,MISO,high
P::J4125,operational,2030-10-30,day,2026-03-01,,MISO,high
P::J4126,operational,2030-10-30,day,2026-03-01,,MISO,high
P::J4127,operational,2029-01-19,day,2026-03-01,,MISO,high
P::J4128,operational,2030-02-28,day,2026-03-01,,MISO,high
P::J4129,operational,2029-04-12,day,2026-03-01,,MISO,high
P::J4130,operational,2030-12-01,day,2026-03-01,,MISO,high
P::J4131,operational,2030-06-01,day,2026-03-01,,MISO,high
P::J4132,withdrawn,2026-04-15,day,2025-12-31,2026-03-01,MISO,high
P::J4133,withdrawn,2026-04-15,day,2025-12-31,2026-03-01,MISO,high
P::J4134,withdrawn,2026-04-15,day,2025-12-31,2026-03-01,MISO,high
P::J4135,withdrawn,2025-12-26,day,,2025-12-31,Berkeley,high
P::J4136,withdrawn,2025-12-23,day,,2025-12-31,Berkeley,high
P::J4137,operational,2030-08-30,day,2026-03-01,,MISO,high
P::J4138,operational,2030-01-02,day,2026-03-01,,MISO,high
P::J4139,withdrawn,2026-04-15,day,2025-12-31,2026-03-01,MISO,high
P::J4140,withdrawn,2026-04-16,day,2025-12-31,2026-03-01,MISO,high
P::J4141,withdrawn,2025-12-19,day,,2025-12-31,Berkeley,high
P::J4142,withdrawn,2026-03-11,day,2025-12-31,2026-03-01,MISO,high
P::J4143,withdrawn,2026-04-15,day,2025-12-31,2026-03-01,MISO,high
P::J4144,withdrawn,2026-04-15,day,2025-12-31,2026-03-01,MISO,high
P::J4145,operational,2028-06-30,day,2026-03-01,,MISO,high
P::J4147,operational,2030-01-31,day,2026-03-01,,MISO,high
P::J4148,operational,2030-01-31,day,2026-03-01,,MISO,high
P::J4149,withdrawn,2025-12-24,day,,2025-12-31,Berkeley,high
P::J4150,operational,2027-09-01,day,2026-03-01,,MISO,high
P::J4151,operational,2030-05-01,day,2026-03-01,,MISO,high
P::J4152,operational,2030-09-30,day,2026-03-01,,MISO,high
P::J4153,operational,2031-06-28,day,2026-03-01,,MISO,high
P::J4154,operational,2028-08-01,day,2026-03-01,,MISO,high
P::J4155,operational,2029-09-03,day,2026-03-01,,MISO,high
P::J4156,withdrawn,2026-01-05,day,,2025-12-31,Berkeley,high
P::J4157,operational,2030-09-02,day,2026-03-01,,MISO,high
P::J4158,operational,2030-01-01,day,2026-03-01,,MISO,high
P::J4159,operational,2028-06-30,day,2026-03-01,,MISO,high
P::J4160,operational,2026-05-31,day,2026-03-01,,MISO,high
P::J4161,withdrawn,2026-04-15,day,2025-12-31,2026-03-01,MISO,high
P::J4162,withdrawn,2026-01-05,day,,2025-12-31,Berkeley,high
P::J4164,operational,2030-05-01,day,2026-03-01,,MISO,high
P::J4165,operational,2030-05-01,day,2026-03-01,,MISO,high
P::J4166,withdrawn,2026-01-05,day,,2025-12-31,Berkeley,high
P::J4167,operational,2030-10-31,day,2026-03-01,,MISO,high
P::J4168,operational,2028-04-03,day,2026-03-01,,MISO,high
P::J4169,operational,2025-09-15,day,2026-03-01,,MISO,high
P::J4170,operational,2029-08-31,day,2026-03-01,,MISO,high
P::J4171,withdrawn,2026-01-05,day,,2025-12-31,Berkeley,high
P::J4172,operational,2028-12-31,day,2026-03-01,,MISO,high
P::J4173,operational,2028-12-31,day,2026-03-01,,MISO,high
P::J4174,operational,2030-06-30,day,2026-03-01,,MISO,high
P::J4176,withdrawn,2026-01-02,day,,2025-12-31,Berkeley,high
P::J418,withdrawn,2019-01-07,day,,2020-12-31,Berkeley,high
P::J4183,operational,2027-04-28,day,2026-03-01,,MISO,high
P::J4188,operational,2029-09-06,day,2026-03-01,,MISO,high
P::J4189,withdrawn,2026-04-16,day,2025-12-31,2026-03-01,MISO,high
P::J4190,withdrawn,2026-04-14,day,2025-12-31,2026-03-01,MISO,high
P::J4191,operational,2030-01-02,day,2026-03-01,,MISO,high
P::J4192,withdrawn,2026-01-05,day,,2025-12-31,Berkeley,high
P::J4193,operational,2030-12-31,day,2026-03-01,,MISO,high
P::J4194,withdrawn,2026-06-11,day,2026-03-01,,MISO,high
P::J4195,operational,2030-04-02,day,2025-12-31,,MISO,high
P::J4196,withdrawn,2026-04-15,day,2025-12-31,2026-03-01,MISO,high
P::J4197,withdrawn,2026-01-07,day,,2025-12-31,Berkeley,high
P::J4198,operational,2030-01-01,day,2026-03-01,,MISO,high
P::J4199,operational,2029-06-30,day,2026-03-01,,MISO,high
P::J4200,withdrawn,2026-04-14,day,2025-12-31,2026-03-01,MISO,high
P::J4201,withdrawn,2026-04-16,day,2025-12-31,2026-03-01,MISO,high
P::J4203,operational,2028-11-01,day,2026-03-01,,MISO,high
P::J4204,operational,2031-06-01,day,2026-03-01,,MISO,high
P::J441,withdrawn,2019-08-09,day,,2020-12-31,Berkeley,high
P::J444,withdrawn,2018-04-12,day,,2020-12-31,Berkeley,high
P::J446,withdrawn,2023-02-21,day,2022-12-31,2023-12-31,Berkeley,high
P::J447,withdrawn,2019-10-24,day,,2020-12-31,Berkeley,high
P::J458,withdrawn,2019-04-09,day,,2020-12-31,Berkeley,high
P::J467,withdrawn,2019-01-08,day,,2020-12-31,Berkeley,high
P::J478,withdrawn,2019-04-17,day,,2020-12-31,Berkeley,high
P::J502,withdrawn,2019-01-07,day,,2020-12-31,Berkeley,high
P::J508,withdrawn,2017-07-17,day,,2020-12-31,Berkeley,high
P::J522,withdrawn,2019-04-09,day,,2020-12-31,Berkeley,high
P::J544,operational,2018-09-01,day,2024-12-31,,MISO,high
P::J545,operational,2022-12-15,day,,,MISO,high
P::J556,withdrawn,2019-04-09,day,,2020-12-31,Berkeley,high
P::J570,withdrawn,2019-08-05,day,,2020-12-31,Berkeley,high
P::J579,withdrawn,2019-01-09,day,,2020-12-31,Berkeley,high
P::J580,withdrawn,2021-01-29,day,2020-12-31,2021-12-31,Berkeley,high
P::J584,withdrawn,2020-09-29,day,,2020-12-31,Berkeley,high
P::J625,withdrawn,2019-02-04,day,,2020-12-31,Berkeley,high
P::J628,withdrawn,2021-11-09,day,2020-12-31,2021-12-31,Berkeley,high
P::J632,withdrawn,2019-01-09,day,,2020-12-31,Berkeley,high
P::J635,withdrawn,2017-06-15,day,,2020-12-31,Berkeley,high
P::J636,withdrawn,2017-06-20,day,,2020-12-31,Berkeley,high
P::J639,withdrawn,2022-10-31,day,2021-12-31,2022-12-31,Berkeley,high
P::J640,withdrawn,2019-01-07,day,,2020-12-31,Berkeley,high
P::J646,operational,2010-07-01,day,2025-12-31,,MISO,high
P::J647,withdrawn,2018-09-06,day,,2020-12-31,Berkeley,high
P::J657,withdrawn,2018-04-10,day,,2020-12-31,Berkeley,high
P::J658,withdrawn,2017-06-21,day,,2020-12-31,Berkeley,high
P::J659,withdrawn,2019-01-07,day,,2020-12-31,Berkeley,high
P::J662,withdrawn,2019-01-03,day,,2020-12-31,Berkeley,high
P::J663,operational,2022-05-01,day,2023-12-31,,MISO,high
P::J679,operational,2021-04-15,day,2022-12-31,,MISO,high
P::J680,operational,2024-07-09,day,2025-12-31,,MISO,high
P::J683,operational,2020-01-31,day,,,MISO,high
P::J687,withdrawn,2017-02-17,day,,2020-12-31,Berkeley,high
P::J697,operational,2022-10-15,day,2023-12-31,,MISO,high
P::J698,withdrawn,2019-01-07,day,,2020-12-31,Berkeley,high
P::J701,operational,2018-10-01,day,,,MISO,high
P::J703,operational,2018-12-01,day,,,MISO,high
P::J704,operational,2018-12-01,day,,,MISO,high
P::J705,withdrawn,2021-01-29,day,2020-12-31,2021-12-31,Berkeley,high
P::J706,withdrawn,2021-01-29,day,2020-12-31,2021-12-31,Berkeley,high
P::J707,withdrawn,2019-04-09,day,,2020-12-31,Berkeley,high
P::J708,withdrawn,2019-05-02,day,,2020-12-31,Berkeley,high
P::J709,withdrawn,2019-01-11,day,,2020-12-31,Berkeley,high
P::J710,withdrawn,2018-01-24,day,,2020-12-31,Berkeley,high
P::J711,withdrawn,2018-12-10,day,,2020-12-31,Berkeley,high
P::J712,withdrawn,2018-04-10,day,,2020-12-31,Berkeley,high
P::J713,withdrawn,2021-01-29,day,2020-12-31,2021-12-31,Berkeley,high
P::J714,withdrawn,2019-04-17,day,,2020-12-31,Berkeley,high
P::J715,operational,2021-05-01,day,,,MISO,high
P::J717,operational,2020-06-30,day,,,MISO,high
P::J718,operational,2024-12-13,day,2025-12-31,,MISO,high
P::J720,withdrawn,2021-01-29,day,2020-12-31,2021-12-31,Berkeley,high
P::J721,withdrawn,2019-08-09,day,,2020-12-31,Berkeley,high
P::J722,withdrawn,2026-08-28,day,2025-12-31,2026-03-01,MISO,high
P::J725,withdrawn,2019-02-15,day,,2020-12-31,Berkeley,high
P::J726,withdrawn,2018-11-19,day,,2020-12-31,Berkeley,high
P::J728,operational,2020-06-30,day,,,MISO,high
P::J731,withdrawn,2019-04-09,day,,2020-12-31,Berkeley,high
P::J732,operational,2021-06-08,day,2025-12-31,,MISO,high
P::J733,withdrawn,2019-04-09,day,,2020-12-31,Berkeley,high
P::J734,operational,2017-09-01,day,,,MISO,high
P::J739,withdrawn,2019-08-09,day,,2020-12-31,Berkeley,high
P::J740,withdrawn,2020-08-10,day,,2020-12-31,Berkeley,high
P::J741,withdrawn,2019-08-09,day,,2020-12-31,Berkeley,high
P::J743,withdrawn,2019-10-24,day,,2020-12-31,Berkeley,high
P::J745,withdrawn,2019-04-09,day,,2020-12-31,Berkeley,high
P::J746,withdrawn,2019-08-09,day,,2020-12-31,Berkeley,high
P::J747,withdrawn,2019-04-09,day,,2020-12-31,Berkeley,high
P::J748,operational,2021-10-01,day,2021-12-31,,MISO,high
P::J749,withdrawn,2018-05-01,day,,2020-12-31,Berkeley,high
P::J750,withdrawn,2025-07-07,day,2025-12-31,2026-03-01,MISO,high
P::J752,operational,2019-10-04,day,,,MISO,high
P::J753,withdrawn,2025-10-31,day,2024-12-31,2025-12-31,Berkeley,high
P::J754,withdrawn,2020-09-30,day,,2020-12-31,Berkeley,high
P::J756,operational,2020-04-23,day,,,MISO,high
P::J757,operational,2021-10-31,day,,,MISO,high
P::J758,operational,2022-04-08,day,2021-12-31,,MISO,high
P::J759,operational,2020-07-02,day,,,MISO,high
P::J760,operational,2019-04-15,day,,,MISO,high
P::J761,withdrawn,2019-04-09,day,,2020-12-31,Berkeley,high
P::J762,operational,2021-04-01,day,2025-12-31,,MISO,high
P::J766,withdrawn,2019-04-09,day,,2020-12-31,Berkeley,high
P::J767,withdrawn,2019-08-09,day,,2020-12-31,Berkeley,high
P::J768,withdrawn,2019-08-09,day,,2020-12-31,Berkeley,high
P::J769,withdrawn,2019-04-09,day,,2020-12-31,Berkeley,high
P::J770,withdrawn,2019-04-09,day,,2020-12-31,Berkeley,high
P::J771,withdrawn,2019-04-09,day,,2020-12-31,Berkeley,high
P::J776,withdrawn,2019-04-09,day,,2020-12-31,Berkeley,high
P::J777,withdrawn,2019-08-09,day,,2020-12-31,Berkeley,high
P::J779,withdrawn,2019-08-09,day,,2020-12-31,Berkeley,high
P::J780,withdrawn,2019-04-09,day,,2020-12-31,Berkeley,high
P::J782,withdrawn,2018-05-31,day,,2020-12-31,Berkeley,high
P::J783,operational,2021-04-01,day,2025-12-31,,MISO,high
P::J785,withdrawn,2021-01-29,day,2020-12-31,2021-12-31,Berkeley,high
P::J793,operational,2021-05-14,day,2021-12-31,,MISO,high
P::J794,operational,2018-10-26,day,,,MISO,high
P::J795,withdrawn,2019-01-08,day,,2020-12-31,Berkeley,high
P::J796,operational,2020-11-20,day,2021-12-31,,MISO,high
P::J797,withdrawn,2018-05-30,day,,2020-12-31,Berkeley,high
P::J798,withdrawn,2019-01-08,day,,2020-12-31,Berkeley,high
P::J799,operational,2019-09-01,day,2025-12-31,,MISO,high
P::J800,operational,2024-12-19,day,2025-12-31,,MISO,high
P::J801,withdrawn,2024-07-22,day,2023-12-31,2024-12-31,Berkeley,high
P::J802,withdrawn,2018-05-22,day,,2020-12-31,Berkeley,high
P::J803,withdrawn,2023-04-25,day,2022-12-31,2023-12-31,Berkeley,high
P::J804,withdrawn,2018-04-16,day,,2020-12-31,Berkeley,high
P::J805,operational,2019-09-01,day,2025-12-31,,MISO,high
P::J806,operational,2021-06-01,day,2023-12-31,,MISO,high
P::J807,withdrawn,2020-05-26,day,,2020-12-31,Berkeley,high
P::J808,operational,2020-07-01,day,,,MISO,high
P::J809,withdrawn,2019-01-09,day,,2020-12-31,Berkeley,high
P::J810,withdrawn,2018-08-31,day,,2020-12-31,Berkeley,high
P::J811,operational,2021-05-28,day,,,MISO,high
P::J812,withdrawn,2017-10-26,day,,2020-12-31,Berkeley,high
P::J813,operational,2024-11-21,day,2025-12-31,,MISO,high
P::J814,withdrawn,2019-02-04,day,,2020-12-31,Berkeley,high
P::J815,withdrawn,2026-03-02,day,2025-12-31,2026-03-01,MISO,high
P::J816,withdrawn,2021-01-29,day,2020-12-31,2021-12-31,Berkeley,high
P::J817,operational,2021-10-29,day,2023-12-31,,MISO,high
P::J818,operational,2019-09-01,day,2025-12-31,,MISO,high
P::J819,withdrawn,2020-05-26,day,,2020-12-31,Berkeley,high
P::J820,withdrawn,2017-08-03,day,,2020-12-31,Berkeley,high
P::J821,withdrawn,2020-05-26,day,,2020-12-31,Berkeley,high
P::J822,withdrawn,2019-01-08,day,,2020-12-31,Berkeley,high
P::J823,withdrawn,2019-02-06,day,,2020-12-31,Berkeley,high
P::J824,withdrawn,2019-04-17,day,,2020-12-31,Berkeley,high
P::J825,withdrawn,2019-01-08,day,,2020-12-31,Berkeley,high
P::J826,operational,2021-05-28,day,2022-12-31,,MISO,high
P::J827,withdrawn,2019-01-08,day,,2020-12-31,Berkeley,high
P::J828,withdrawn,2018-02-07,day,,2020-12-31,Berkeley,high
P::J829,operational,2020-09-30,day,2025-12-31,,MISO,high
P::J830,operational,2021-11-15,day,2023-12-31,,MISO,high
P::J831,operational,2019-10-28,day,,,MISO,high
P::J832,withdrawn,2021-06-02,day,,2021-12-31,Berkeley,high
P::J833,withdrawn,2021-10-22,day,,2021-12-31,Berkeley,high
P::J834,operational,2021-11-15,day,2023-12-31,,MISO,high
P::J835,withdrawn,2019-04-17,day,,2020-12-31,Berkeley,high
P::J836,operational,2022-09-30,day,2021-12-31,,MISO,high
P::J837,operational,2021-08-15,day,,,MISO,high
P::J838,operational,2021-08-15,day,,,MISO,high
P::J839,withdrawn,2020-05-27,day,,2020-12-31,Berkeley,high
P::J840,withdrawn,2021-01-29,day,2020-12-31,2021-12-31,Berkeley,high
P::J841,withdrawn,2020-01-24,day,,2020-12-31,Berkeley,high
P::J842,withdrawn,2020-02-10,day,,2020-12-31,Berkeley,high
P::J843,withdrawn,2020-02-10,day,,2020-12-31,Berkeley,high
P::J844,operational,2020-09-01,day,2025-12-31,,MISO,high
P::J845,operational,2021-06-01,day,2021-12-31,,MISO,high
P::J846,withdrawn,2019-01-09,day,,2020-12-31,Berkeley,high
P::J847,operational,2023-06-24,day,2025-12-31,,MISO,high
P::J848,withdrawn,2026-01-20,day,2025-12-31,2026-03-01,MISO,high
P::J849,withdrawn,2022-04-19,day,2021-12-31,2022-12-31,Berkeley,high
P::J850,operational,2022-09-24,day,2024-12-31,,MISO,high
P::J851,withdrawn,2019-01-08,day,,2020-12-31,Berkeley,high
P::J852,withdrawn,2019-01-07,day,,2020-12-31,Berkeley,high
P::J853,operational,2021-05-28,day,2022-12-31,,MISO,high
P::J854,withdrawn,2017-08-08,day,,2020-12-31,Berkeley,high
P::J855,operational,2023-04-04,day,2025-12-31,,MISO,high
P::J856,withdrawn,2023-03-07,day,2022-12-31,2023-12-31,Berkeley,high
P::J857,operational,2019-09-01,day,2025-12-31,,MISO,high
P::J858,withdrawn,2017-09-01,day,,2020-12-31,Berkeley,high
P::J859,operational,2019-09-01,day,2025-12-31,,MISO,high
P::J860,withdrawn,2019-01-07,day,,2020-12-31,Berkeley,high
P::J861,withdrawn,2018-05-22,day,,2020-12-31,Berkeley,high
P::J862,withdrawn,2019-03-25,day,,2020-12-31,Berkeley,high
P::J863,withdrawn,2018-12-18,day,,2020-12-31,Berkeley,high
P::J864,operational,2022-09-01,day,2021-12-31,,MISO,high
P::J865,withdrawn,2019-01-09,day,,2020-12-31,Berkeley,high
P::J866,operational,2024-04-19,day,2025-12-31,,MISO,high
P::J867,withdrawn,2019-01-07,day,,2020-12-31,Berkeley,high
P::J868,completed,2020-03-05,day,2025-12-31,,MISO,medium
P::J869,withdrawn,2019-10-24,day,,2020-12-31,Berkeley,high
P::J870,operational,2020-08-01,day,,,MISO,high
P::J871,operational,2023-12-23,day,2025-12-31,,MISO,high
P::J872,withdrawn,2019-01-08,day,,2020-12-31,Berkeley,high
P::J873,withdrawn,2021-01-29,day,2020-12-31,2021-12-31,Berkeley,high
P::J874,operational,2021-09-30,day,2025-12-31,,MISO,high
P::J875,operational,2020-09-10,day,2025-12-31,,MISO,high
P::J876,withdrawn,2019-07-23,day,,2020-12-31,Berkeley,high
P::J877,operational,2021-09-30,day,2025-12-31,,MISO,high
P::J878,operational,2024-12-11,day,2025-12-31,,MISO,high
P::J879,withdrawn,2018-05-11,day,,2020-12-31,Berkeley,high
P::J880,withdrawn,2019-10-24,day,,2020-12-31,Berkeley,high
P::J881,withdrawn,2017-07-17,day,,2020-12-31,Berkeley,high
P::J882,withdrawn,2017-08-08,day,,2020-12-31,Berkeley,high
P::J883,withdrawn,2020-12-04,day,,2020-12-31,Berkeley,high
P::J884,withdrawn,2019-12-18,day,,2020-12-31,Berkeley,high
P::J885,withdrawn,2021-01-29,day,2020-12-31,2021-12-31,Berkeley,high
P::J886,operational,2020-08-01,day,,,MISO,high
P::J887,withdrawn,2019-01-08,day,,2020-12-31,Berkeley,high
P::J888,operational,2019-07-22,day,,,MISO,high
P::J889,withdrawn,2019-10-24,day,,2020-12-31,Berkeley,high
P::J890,withdrawn,2019-01-09,day,,2020-12-31,Berkeley,high
P::J891,withdrawn,2019-07-23,day,,2020-12-31,Berkeley,high
P::J892,withdrawn,2018-03-12,day,,2020-12-31,Berkeley,high
P::J893,operational,2021-08-01,day,2021-12-31,,MISO,high
P::J894,withdrawn,2019-01-07,day,,2020-12-31,Berkeley,high
P::J895,withdrawn,2019-01-07,day,,2020-12-31,Berkeley,high
P::J896,withdrawn,2018-06-18,day,,2020-12-31,Berkeley,high
P::J897,withdrawn,2023-07-17,day,2022-12-31,2023-12-31,Berkeley,high
P::J898,operational,2021-10-01,day,2025-12-31,,MISO,high
P::J899,withdrawn,2019-03-25,day,,2020-12-31,Berkeley,high
P::J900,withdrawn,2019-01-07,day,,2020-12-31,Berkeley,high
P::J901,withdrawn,2021-05-26,day,2020-12-31,2021-12-31,Berkeley,high
P::J902,withdrawn,2019-01-07,day,,2020-12-31,Berkeley,high
P::J903,operational,2020-09-15,day,2025-12-31,,MISO,high
P::J904,withdrawn,2019-01-07,day,,2020-12-31,Berkeley,high
P::J905,withdrawn,2021-01-29,day,2020-12-31,2021-12-31,Berkeley,high
P::J906,withdrawn,2020-02-07,day,,2020-12-31,Berkeley,high
P::J907,withdrawn,2025-08-15,day,2024-12-31,,Berkeley,high
P::J908,operational,2021-09-01,day,2025-12-31,,MISO,high
P::J909,operational,2021-09-01,day,2025-12-31,,MISO,high
P::J910,withdrawn,2019-01-07,day,,2020-12-31,Berkeley,high
P::J911,withdrawn,2019-01-07,day,,2020-12-31,Berkeley,high
P::J912,operational,2020-09-15,day,2025-12-31,,MISO,high
P::J913,operational,2022-08-15,day,2022-12-31,,MISO,high
P::J914,withdrawn,2019-01-09,day,,2020-12-31,Berkeley,high
P::J915,withdrawn,2019-01-07,day,,2020-12-31,Berkeley,high
P::J916,withdrawn,2021-01-29,day,2020-12-31,2021-12-31,Berkeley,high
P::J917,withdrawn,2019-01-07,day,,2020-12-31,Berkeley,high
P::J919,operational,2023-10-06,day,2025-12-31,,MISO,high
P::J920,withdrawn,2017-08-29,day,,2020-12-31,Berkeley,high
P::J921,withdrawn,2019-04-23,day,,2020-12-31,Berkeley,high
P::J922,withdrawn,2019-01-07,day,,2020-12-31,Berkeley,high
P::J923,withdrawn,2019-01-08,day,,2020-12-31,Berkeley,high
P::J924,withdrawn,2019-01-08,day,,2020-12-31,Berkeley,high
P::J925,withdrawn,2018-04-24,day,,2020-12-31,Berkeley,high
P::J926,operational,2021-09-01,day,2025-12-31,,MISO,high
P::J927,withdrawn,2021-01-29,day,2020-12-31,2021-12-31,Berkeley,high
P::J928,operational,2019-10-01,day,2021-12-31,,MISO,high
P::J929,withdrawn,2019-10-24,day,,2020-12-31,Berkeley,high
P::J930,withdrawn,2017-11-16,day,,2020-12-31,Berkeley,high
P::J931,withdrawn,2019-04-23,day,,2020-12-31,Berkeley,high
P::J932,withdrawn,2019-01-07,day,,2020-12-31,Berkeley,high
P::J933,withdrawn,2021-01-29,day,2020-12-31,2021-12-31,Berkeley,high
P::J934,operational,2024-12-03,day,2025-12-31,,MISO,high
P::J935,withdrawn,2019-02-04,day,,2020-12-31,Berkeley,high
P::J936,withdrawn,2019-01-09,day,,2020-12-31,Berkeley,high
P::J937,withdrawn,2020-10-21,day,,2020-12-31,Berkeley,high
P::J938,withdrawn,2017-10-09,day,,2020-12-31,Berkeley,high
P::J939,withdrawn,2018-10-12,day,,2020-12-31,Berkeley,high
P::J940,withdrawn,2019-02-06,day,,2020-12-31,Berkeley,high
P::J941,withdrawn,2018-11-01,day,,2020-12-31,Berkeley,high
P::J942,withdrawn,2019-03-25,day,,2020-12-31,Berkeley,high
P::J943,withdrawn,2019-03-12,day,,2020-12-31,Berkeley,high
P::J944,operational,2022-10-01,day,2024-12-31,,MISO,high
P::J945,withdrawn,2019-01-07,day,,2020-12-31,Berkeley,high
P::J946,withdrawn,2021-05-26,day,2020-12-31,2021-12-31,Berkeley,high
P::J947,operational,2023-07-01,day,2023-12-31,,MISO,high
P::J948,withdrawn,2019-01-07,day,,2020-12-31,Berkeley,high
P::J949,operational,2020-10-31,day,,,MISO,high
P::J951,withdrawn,2020-03-25,day,,2020-12-31,Berkeley,high
P::J952,withdrawn,2021-03-09,day,2020-12-31,2021-12-31,Berkeley,high
P::J953,operational,2006-01-01,day,2025-12-31,,MISO,high
P::J954,operational,2016-10-30,day,2025-12-31,,MISO,high
P::J955,operational,2021-11-01,day,2025-12-31,,MISO,high
P::J956,operational,2024-12-19,day,2025-12-31,,MISO,high
P::J957,withdrawn,2019-03-19,day,,2020-12-31,Berkeley,high
P::J958,withdrawn,2020-03-25,day,,2020-12-31,Berkeley,high
P::J959,withdrawn,2021-03-09,day,2020-12-31,2021-12-31,Berkeley,high
P::J960,withdrawn,2019-03-21,day,,2020-12-31,Berkeley,high
P::J961,withdrawn,2019-08-29,day,,2020-12-31,Berkeley,high
P::J962,operational,2024-06-15,day,2025-12-31,,MISO,high
P::J963,operational,2017-01-01,day,2025-12-31,,MISO,high
P::J964,withdrawn,2019-08-29,day,,2020-12-31,Berkeley,high
P::J965,withdrawn,2018-11-19,day,,2020-12-31,Berkeley,high
P::J966,withdrawn,2020-03-25,day,,2020-12-31,Berkeley,high
P::J967,operational,2020-09-01,day,2025-12-31,,MISO,high
P::J968,operational,2023-04-20,day,2023-12-31,,MISO,high
P::J969,withdrawn,2018-11-01,day,,2020-12-31,Berkeley,high
P::J970,withdrawn,2018-10-17,day,,2020-12-31,Berkeley,high
P::J971,withdrawn,2020-03-25,day,,2020-12-31,Berkeley,high
P::J972,withdrawn,2019-08-29,day,,2020-12-31,Berkeley,high
P::J973,withdrawn,2019-03-19,day,,2020-12-31,Berkeley,high
P::J974,withdrawn,2025-06-25,day,2024-12-31,2025-12-31,Berkeley,high
P::J975,withdrawn,2021-07-28,day,2020-12-31,2021-12-31,Berkeley,high
P::J976,operational,2021-10-31,day,2025-12-31,,MISO,high
P::J977,withdrawn,2020-03-25,day,,2020-12-31,Berkeley,high
P::J978,withdrawn,2019-11-21,day,,2020-12-31,Berkeley,high
P::J979,withdrawn,2021-10-18,day,2020-12-31,2021-12-31,Berkeley,high
P::J980,withdrawn,2020-01-06,day,,2020-12-31,Berkeley,high
P::J981,withdrawn,2021-03-09,day,2020-12-31,2021-12-31,Berkeley,high
P::J982,operational,2021-06-01,day,2025-12-31,,MISO,high
P::J983,withdrawn,2018-11-01,day,,2020-12-31,Berkeley,high
P::J984,operational,2023-12-29,day,2025-12-31,,MISO,high
P::J985,withdrawn,2020-01-06,day,,2020-12-31,Berkeley,high
P::J986,operational,2023-01-20,day,2025-12-31,,MISO,high
P::J987,withdrawn,2025-10-20,day,2024-12-31,2025-12-31,Berkeley,high
P::J988,withdrawn,2019-08-29,day,,2020-12-31,Berkeley,high
P::J989,withdrawn,2020-06-30,day,,2020-12-31,Berkeley,high
P::J990,withdrawn,2019-02-15,day,,2020-12-31,Berkeley,high
P::J991,withdrawn,2025-12-18,day,2024-12-31,2025-12-31,Berkeley,high
P::J992,operational,2021-09-01,day,2025-12-31,,MISO,high
P::J993,operational,2021-09-01,day,2025-12-31,,MISO,high
P::J994,withdrawn,2025-10-20,day,2024-12-31,2025-12-31,Berkeley,high
P::J995,withdrawn,2020-01-06,day,,2020-12-31,Berkeley,high
P::J996,operational,2021-09-01,day,2025-12-31,,MISO,high
P::J997,withdrawn,2020-03-25,day,,2020-12-31,Berkeley,high
P::J998,withdrawn,2020-03-25,day,,2020-12-31,Berkeley,high
P::J999,withdrawn,2020-03-25,day,,2020-12-31,Berkeley,high
P::M::J4062,withdrawn,2026-07-13,day,,2026-03-01,MISO,high
P::M::J4084,operational,2025-11-01,day,2026-03-01,,MISO,high
P::M::J4146,operational,2028-08-04,day,2026-03-01,,MISO,high
P::M::J4163,operational,2026-08-03,day,2026-03-01,,MISO,high
P::M::J4175,operational,2029-09-01,day,2026-03-01,,MISO,high
P::M::J4177,operational,2030-01-02,day,2026-03-01,,MISO,high
P::M::J4178,operational,2030-01-02,day,2026-03-01,,MISO,high
P::M::J4179,operational,2030-01-02,day,2026-03-01,,MISO,high
P::M::J4180,operational,2030-01-02,day,2026-03-01,,MISO,high
P::M::J4181,withdrawn,2026-04-28,day,,2026-03-01,MISO,high
P::M::J4182,operational,2028-11-01,day,2026-03-01,,MISO,high
P::M::J4184,operational,2030-02-01,day,2026-03-01,,MISO,high
P::M::J4185,operational,2030-01-02,day,2026-03-01,,MISO,high
P::M::J4186,withdrawn,2026-07-01,day,,2026-03-01,MISO,high
P::M::J4187,operational,2030-01-02,day,2026-03-01,,MISO,high
P::M::J4205,operational,2025-06-16,day,2026-03-01,,MISO,high
P::M::J4206,operational,2030-06-30,day,2026-03-01,,MISO,high
P::M::J4207,operational,2030-06-30,day,2026-03-01,,MISO,high
P::M::J4208,operational,2029-05-01,day,2026-03-01,,MISO,high
P::M::J4209,operational,2030-06-30,day,2026-03-01,,MISO,high
P::M::J4210,operational,2030-01-06,day,2026-03-01,,MISO,high
P::M::J4211,operational,2027-08-01,day,2026-03-01,,MISO,high
P::M::J4212,operational,2030-01-06,day,2026-03-01,,MISO,high
P::M::J4213,operational,2031-06-30,day,2026-03-01,,MISO,high
P::M::J4214,operational,2031-06-30,day,2026-03-01,,MISO,high
P::M::J4215,operational,2031-06-30,day,2026-03-01,,MISO,high
P::M::J4216,operational,2031-06-30,day,2026-03-01,,MISO,high
P::M::J4217,operational,2031-06-01,day,2026-03-01,,MISO,high
P::M::J4218,operational,2031-06-01,day,2026-03-01,,MISO,high
P::M::J4219,operational,2031-06-30,day,2026-03-01,,MISO,high
P::M::J4220,withdrawn,2026-05-28,day,,2026-03-01,MISO,high
P::M::J4221,operational,2031-06-30,day,2026-03-01,,MISO,high
P::M::J4222,operational,2029-04-03,day,2026-03-01,,MISO,high
P::M::J4223,operational,2029-04-03,day,2026-03-01,,MISO,high
P::M::J4224,operational,2031-06-30,day,2026-03-01,,MISO,high
P::M::J4225,operational,2031-06-30,day,2026-03-01,,MISO,high
P::M::J4226,operational,2031-06-30,day,2026-03-01,,MISO,high
P::M::J4227,operational,2031-06-30,day,2026-03-01,,MISO,high
P::M::J4228,operational,2032-04-20,day,2026-03-01,,MISO,high
P::M::J4229,operational,2031-06-30,day,2026-03-01,,MISO,high
P::M::J4230,operational,2031-06-30,day,2026-03-01,,MISO,high
P::M::J4231,operational,2031-06-30,day,2026-03-01,,MISO,high
P::M::J4232,operational,2031-06-30,day,2026-03-01,,MISO,high
P::M::J4233,operational,2031-06-30,day,2026-03-01,,MISO,high
P::M::J4234,operational,2031-06-30,day,2026-03-01,,MISO,high
P::M::J4235,operational,2031-06-30,day,2026-03-01,,MISO,high
P::M::J4236,operational,2031-06-30,day,2026-03-01,,MISO,high
P::M::J4237,operational,2031-06-30,day,2026-03-01,,MISO,high
P::M::J4238,operational,2029-12-30,day,2026-03-01,,MISO,high
P::M::J4239,operational,2029-09-01,day,2026-03-01,,MISO,high
P::M::J4240,operational,2031-06-28,day,2026-03-01,,MISO,high
P::M::J4241,operational,2030-12-01,day,2026-03-01,,MISO,high
P::M::J4242,operational,2031-05-01,day,2026-03-01,,MISO,high
P::M::J4243,operational,2031-10-01,day,2026-03-01,,MISO,high
P::M::J4244,operational,2031-10-01,day,2026-03-01,,MISO,high
P::M::J4245,operational,2031-07-31,day,2026-03-01,,MISO,high
P::M::J4246,operational,2030-05-01,day,2026-03-01,,MISO,high
P::M::J4247,operational,2031-10-01,day,2026-03-01,,MISO,high
P::M::J4248,operational,2031-11-30,day,2026-03-01,,MISO,high
P::M::J4249,operational,2031-05-01,day,2026-03-01,,MISO,high
P::M::J4250,operational,2029-12-31,day,2026-03-01,,MISO,high
P::M::J4251,operational,2029-12-31,day,2026-03-01,,MISO,high
P::M::J4252,operational,2029-12-31,day,2026-03-01,,MISO,high
P::M::J4253,operational,2029-04-01,day,2026-03-01,,MISO,high
P::M::J4254,operational,2031-04-01,day,2026-03-01,,MISO,high
P::M::J4255,operational,2031-01-14,day,2026-03-01,,MISO,high
P::M::J4256,operational,2031-06-30,day,2026-03-01,,MISO,high
P::M::J4257,operational,2031-10-01,day,2026-03-01,,MISO,high
P::M::J4258,operational,2031-02-22,day,2026-03-01,,MISO,high
P::M::J4259,operational,2030-12-01,day,2026-03-01,,MISO,high
P::M::J4260,operational,2031-06-01,day,2026-03-01,,MISO,high
P::M::J4261,operational,2029-12-31,day,2026-03-01,,MISO,high
P::M::J4262,operational,2030-12-01,day,2026-03-01,,MISO,high
P::M::R1008,completed,2026-03-01,observation,,,MISO,medium
P::M::R1009,withdrawn,2025-07-30,day,,,MISO,high
P::M::R1010,completed,2026-03-01,observation,,,MISO,medium
P::M::R1013,withdrawn,2026-03-01,interval,,2026-03-01,MISO,medium
P::M::R1014,withdrawn,2025-07-30,day,,,MISO,high
P::M::R1017,withdrawn,2026-03-01,interval,,2026-03-01,MISO,medium
P::M::R1020,operational,2024-10-30,day,,,MISO,high
P::M::R1021,completed,2026-03-01,observation,,,MISO,medium
P::M::R1022,operational,2025-01-15,day,,,MISO,high
P::M::R1023,withdrawn,2026-03-01,interval,,2026-03-01,MISO,medium
P::M::R1024,operational,2024-09-15,day,,,MISO,high
P::M::R1025,operational,2025-09-01,day,,,MISO,high
P::M::R1026,completed,2026-03-01,observation,,,MISO,medium
P::M::R1027,completed,2026-03-01,observation,,,MISO,medium
P::M::R1028,completed,2026-03-01,observation,,,MISO,medium
P::M::R1030,operational,2024-10-01,day,,,MISO,high
P::M::R1031,operational,2024-12-01,day,,,MISO,high
P::M::R1032,operational,2025-03-30,day,,,MISO,high
P::M::R1034,withdrawn,2026-03-01,interval,,2026-03-01,MISO,medium
P::M::R1035,operational,2023-03-31,day,,,MISO,high
P::M::R1057,operational,2025-09-01,day,,,MISO,high
P::M::R1058,operational,2025-09-25,day,,,MISO,high
P::M::R1060,withdrawn,2025-10-31,day,,2026-03-01,MISO,high
P::M::R5061,operational,2025-06-01,day,,,MISO,high
P::M::R5068,operational,2023-11-27,day,2026-03-01,,MISO,high
P::M::R5073,operational,2027-04-28,day,2026-03-01,,MISO,high
P::M::R5074,operational,2025-08-01,day,2026-03-01,,MISO,high
P::M::R5075,operational,2024-07-31,day,2026-03-01,,MISO,high
P::M::R5076,operational,2024-06-01,day,2026-03-01,,MISO,high
P::M::R5077,operational,2026-08-03,day,2026-03-01,,MISO,high
P::M::R5078,operational,2023-12-01,day,2026-03-01,,MISO,high
P::M::R5079,operational,2027-04-01,day,2026-03-01,,MISO,high
P::M::R5080,operational,2025-03-15,day,2026-03-01,,MISO,high
P::M::R5081,operational,2025-08-01,day,2026-03-01,,MISO,high
P::M::R5082,operational,2028-01-02,day,2026-03-01,,MISO,high
P::M::R5083,operational,2026-06-01,day,2026-03-01,,MISO,high
P::M::R5084,operational,2025-06-01,day,2026-03-01,,MISO,high
P::M::R5085,operational,2026-09-30,day,2026-03-01,,MISO,high
P::M::R5086,operational,2028-02-29,day,2026-03-01,,MISO,high
P::M::R5087,operational,2027-06-01,day,2026-03-01,,MISO,high
P::M::R5088,operational,2027-09-01,day,2026-03-01,,MISO,high
P::M::R5089,operational,2027-08-15,day,2026-03-01,,MISO,high
P::M::R5090,operational,2028-12-31,day,2026-03-01,,MISO,high
P::M::R5091,operational,2027-11-14,day,2026-03-01,,MISO,high
P::M::R5092,operational,2024-06-30,day,2026-03-01,,MISO,high
P::M::R5093,operational,2023-04-01,day,2026-03-01,,MISO,high
P::M::R5094,operational,2023-01-03,day,2026-03-01,,MISO,high
P::M::R5095,operational,2024-05-01,day,2026-03-01,,MISO,high
P::M::R5096,operational,2027-07-30,day,2026-03-01,,MISO,high
P::M::R5097,operational,2027-12-01,day,2026-03-01,,MISO,high
P::M::R5098,operational,2028-06-30,day,2026-03-01,,MISO,high
P::M::R5099,operational,2029-03-30,day,2026-03-01,,MISO,high
P::M::R5100,operational,2028-04-15,day,2026-03-01,,MISO,high
P::M::S1034,operational,2023-06-06,day,2026-03-01,,MISO,high
P::M::S1045,operational,2024-03-02,day,,,MISO,high
P::M::S1055,operational,2026-08-01,day,2026-03-01,,MISO,high
P::M::S1056,withdrawn,2025-04-09,day,,2026-03-01,MISO,high
P::M::S1060,operational,2026-02-01,day,,,MISO,high
P::M::S1069,operational,2027-01-01,day,,,MISO,high
P::M::S1072,operational,2025-08-15,day,2026-03-01,,MISO,high
P::M::S1075,operational,2027-12-27,day,2026-03-01,,MISO,high
P::M::S1086,operational,2026-12-01,day,2026-03-01,,MISO,high
P::M::S1087,operational,2026-06-01,day,2026-03-01,,MISO,high
P::M::S1091,operational,2026-06-01,day,2026-03-01,,MISO,high
P::M::S1128,operational,2030-05-10,day,2026-03-01,,MISO,high
P::M::S1129,operational,2026-03-21,day,2026-03-01,,MISO,high
P::M::S1130,operational,2027-03-15,day,2026-03-01,,MISO,high
P::M::S1131,operational,2027-12-01,day,2026-03-01,,MISO,high
P::M::S1132,operational,2027-05-01,day,2026-03-01,,MISO,high
P::M::S1133,operational,2029-01-09,day,2026-03-01,,MISO,high
P::M::S1134,operational,2028-01-03,day,2026-03-01,,MISO,high
P::M::S1135,operational,2028-04-30,day,2026-03-01,,MISO,high
P::M::S1136,operational,2026-12-04,day,2026-03-01,,MISO,high
P::M::S1137,operational,2028-06-01,day,2026-03-01,,MISO,high
P::M::S1138,operational,2027-03-27,day,2026-03-01,,MISO,high
P::M::S1139,operational,2027-09-01,day,2026-03-01,,MISO,high
P::M::S1140,operational,2028-06-01,day,2026-03-01,,MISO,high
P::M::S1141,operational,2028-09-01,day,2026-03-01,,MISO,high
P::M::S1142,operational,2027-08-20,day,2026-03-01,,MISO,high
P::M::S1143,operational,2027-12-31,day,2026-03-01,,MISO,high
P::M::S1144,operational,2028-03-31,day,2026-03-01,,MISO,high
P::M::S1145,operational,2029-07-31,day,2026-03-01,,MISO,high
P::M::S1146,operational,2029-06-01,day,2026-03-01,,MISO,high
P::M::S1147,operational,2027-01-07,day,2026-03-01,,MISO,high
P::M::S1148,operational,2027-10-01,day,2026-03-01,,MISO,high
P::M::S1149,operational,2028-08-01,day,2026-03-01,,MISO,high
P::M::S1150,operational,2028-08-01,day,2026-03-01,,MISO,high
P::M::S1151,operational,2028-03-31,day,2026-03-01,,MISO,high
P::M::S1152,operational,2028-07-03,day,2026-03-01,,MISO,high
P::M::S1153,operational,2026-06-01,day,2026-03-01,,MISO,high
P::M::S1154,operational,2029-12-01,day,2026-03-01,,MISO,high
P::M::S1155,operational,2028-05-31,day,2026-03-01,,MISO,high
P::M::S1156,operational,2026-08-29,day,2026-03-01,,MISO,high
P::M::S1157,operational,2026-08-29,day,2026-03-01,,MISO,high
P::M::S1158,operational,2028-06-01,day,2026-03-01,,MISO,high
P::M::S1159,operational,2028-08-01,day,2026-03-01,,MISO,high
P::M::S1160,operational,2028-09-30,day,2026-03-01,,MISO,high
P::M::S1161,operational,2025-08-01,day,2026-03-01,,MISO,high
P::M::S1162,operational,2029-03-01,day,2026-03-01,,MISO,high
P::M::S1163,operational,2028-05-01,day,2026-03-01,,MISO,high
P::M::S1164,operational,2028-08-03,day,2026-03-01,,MISO,high
P::M::S1165,operational,2027-08-31,day,2026-03-01,,MISO,high
P::M::S1166,operational,2029-05-01,day,2026-03-01,,MISO,high
P::M::S1167,operational,2030-06-01,day,2026-03-01,,MISO,high
P::M::S1168,operational,2030-06-01,day,2026-03-01,,MISO,high
P::M::S1169,operational,2027-09-15,day,2026-03-01,,MISO,high
P::M::S1170,operational,2028-03-01,day,2026-03-01,,MISO,high
P::M::S1171,operational,2028-06-30,day,2026-03-01,,MISO,high
P::M::S1172,operational,2027-12-01,day,2026-03-01,,MISO,high
P::M::S1173,operational,2028-09-15,day,2026-03-01,,MISO,high
P::M::S1174,operational,2028-06-01,day,2026-03-01,,MISO,high
P::M::S1175,operational,2028-06-01,day,2026-03-01,,MISO,high
P::M::S1176,operational,2028-06-30,day,2026-03-01,,MISO,high
P::M::S1177,operational,2028-01-10,day,2026-03-01,,MISO,high
P::R1000,operational,2024-07-08,day,2025-12-31,,MISO,high
P::R1001,operational,2023-08-08,day,2025-12-31,,MISO,high
P::R1002,withdrawn,2025-12-31,interval,,2025-12-31,Berkeley,medium
P::R1003,operational,2026-05-31,day,2025-12-31,,MISO,high
P::R1004,operational,2024-12-31,day,2025-12-31,,MISO,high
P::R1005,withdrawn,2025-12-31,interval,,2025-12-31,Berkeley,medium
P::R1006,withdrawn,2025-12-31,interval,,2025-12-31,Berkeley,medium
P::R1007,withdrawn,2025-12-31,interval,,2025-12-31,Berkeley,medium
P::R1011,operational,2024-01-15,day,2025-12-31,,MISO,high
P::R1012,withdrawn,2025-12-31,interval,2024-12-31,2025-12-31,Berkeley,medium
P::R1015,operational,2025-05-01,day,2025-12-31,,MISO,high
P::R1016,operational,2024-10-04,day,2025-12-31,,MISO,high
P::R1018,withdrawn,2024-03-11,day,2024-12-31,2025-12-31,Berkeley,high
P::R1019,operational,2024-12-31,day,2025-12-31,,MISO,high
P::R1029,operational,2024-12-01,day,2025-12-31,,MISO,high
P::R1033,withdrawn,2025-12-31,interval,,2025-12-31,Berkeley,medium
P::R1036,operational,2024-10-31,day,2025-12-31,,MISO,high
P::R1037,withdrawn,2025-12-31,interval,2024-12-31,2025-12-31,Berkeley,medium
P::R1038,operational,2025-11-01,day,2025-12-31,,MISO,high
P::R1039,operational,2025-01-31,day,2025-12-31,,MISO,high
P::R1040,operational,2028-03-31,day,2025-12-31,,MISO,high
P::R1041,operational,2025-05-31,day,2025-12-31,,MISO,high
P::R1042,withdrawn,2025-05-13,day,2024-12-31,2025-12-31,Berkeley,high
P::R1043,withdrawn,2024-12-09,day,2024-12-31,2025-12-31,Berkeley,high
P::R1044,operational,2028-03-31,day,2025-12-31,,MISO,high
P::R1045,operational,2025-06-03,day,2025-12-31,,MISO,high
P::R1046,withdrawn,2025-12-31,interval,2024-12-31,2025-12-31,Berkeley,medium
P::R1047,operational,2025-12-31,day,2025-12-31,,MISO,high
P::R1048,operational,2025-05-13,day,2026-03-01,,MISO,high
P::R1049,operational,2025-06-01,day,2025-12-31,,MISO,high
P::R1050,operational,2027-04-01,day,2025-12-31,,MISO,high
P::R1051,operational,2025-04-01,day,2025-12-31,,MISO,high
P::R1052,operational,2028-03-31,day,2026-03-01,,MISO,high
P::R1053,completed,2026-03-01,observation,2025-12-31,,MISO,medium
P::R1054,withdrawn,2025-12-31,day,2024-12-31,2025-12-31,Berkeley,high
P::R1055,operational,2025-09-30,day,2025-12-31,,MISO,high
P::R1056,withdrawn,2025-12-31,day,2024-12-31,2025-12-31,Berkeley,high
P::R1059,operational,2025-12-31,day,2025-12-31,,MISO,high
P::R5062,withdrawn,2026-04-13,day,2025-12-31,2026-03-01,MISO,high
P::R5063,active_censored,2026-03-01,observation,2026-03-01,,MISO,high
P::R5064,completed,2026-03-01,observation,2025-12-31,,MISO,medium
P::R5065,completed,2026-03-01,observation,2025-12-31,,MISO,medium
P::R5066,active_censored,2026-03-01,observation,2026-03-01,,MISO,high
P::R5067,active_censored,2026-03-01,observation,2026-03-01,,MISO,high
P::R5069,active_censored,2026-03-01,observation,2026-03-01,,MISO,high
P::R5070,active_censored,2026-03-01,observation,2026-03-01,,MISO,high
P::R5071,active_censored,2026-03-01,observation,2026-03-01,,MISO,high
P::R5072,active_censored,2026-03-01,observation,2026-03-01,,MISO,high
P::S1000,operational,2022-01-21,day,2025-12-31,,MISO,high
P::S1001,withdrawn,2024-06-07,day,2025-12-31,,Berkeley,high
P::S1002,withdrawn,2024-12-31,interval,,2024-12-31,Berkeley,medium
P::S1003,withdrawn,2021-02-10,day,,2025-12-31,Berkeley,high
P::S1004,completed,2026-03-01,observation,2025-12-31,,MISO,medium
P::S1005,operational,2024-12-11,day,2025-12-31,,MISO,high
P::S1006,withdrawn,2025-12-31,interval,2024-12-31,2025-12-31,Berkeley,medium
P::S1007,withdrawn,2024-08-15,day,,2024-12-31,Berkeley,high
P::S1008,withdrawn,2025-04-25,day,2024-12-31,2025-12-31,Berkeley,high
P::S1009,operational,2023-10-01,day,2025-12-31,,MISO,high
P::S1010,withdrawn,2024-12-31,interval,,2024-12-31,Berkeley,medium
P::S1011,withdrawn,2024-12-31,interval,,2024-12-31,Berkeley,medium
P::S1012,withdrawn,2024-12-31,interval,,2024-12-31,Berkeley,medium
P::S1013,operational,2023-10-01,day,2025-12-31,,MISO,high
P::S1014,operational,2025-10-31,day,2025-12-31,,MISO,high
P::S1015,operational,2025-11-01,day,2026-03-01,,MISO,high
P::S1016,operational,2022-06-01,day,2025-12-31,,MISO,high
P::S1017,operational,2023-06-01,day,2025-12-31,,MISO,high
P::S1018,operational,2022-06-01,day,2025-12-31,,MISO,high
P::S1019,operational,2023-09-01,day,2025-12-31,,MISO,high
P::S1020,operational,2023-09-01,day,2025-12-31,,MISO,high
P::S1021,operational,2023-09-01,day,2025-12-31,,MISO,high
P::S1022,operational,2023-10-11,day,2025-12-31,,MISO,high
P::S1023,operational,2023-03-27,day,2026-03-01,,MISO,high
P::S1024,operational,2023-01-26,day,2026-03-01,,MISO,high
P::S1025,operational,2022-06-01,day,2025-12-31,,MISO,high
P::S1026,operational,2022-07-01,day,2026-03-01,,MISO,high
P::S1027,completed,2026-03-01,observation,2025-12-31,,MISO,medium
P::S1028,operational,2024-05-24,day,2025-12-31,,MISO,high
P::S1029,withdrawn,2025-12-31,interval,2024-12-31,2025-12-31,Berkeley,medium
P::S1030,withdrawn,2025-12-31,interval,2024-12-31,2025-12-31,Berkeley,medium
P::S1031,operational,2025-07-30,day,2026-03-01,,MISO,high
P::S1032,operational,2025-07-30,day,2026-03-01,,MISO,high
P::S1033,operational,2023-07-05,day,2026-03-01,,MISO,high
P::S1035,operational,2023-07-01,day,2026-03-01,,MISO,high
P::S1036,operational,2025-05-31,day,2025-12-31,,MISO,high
P::S1037,withdrawn,2023-03-22,day,,2024-12-31,Berkeley,high
P::S1038,withdrawn,2025-12-31,interval,2024-12-31,2025-12-31,Berkeley,medium
P::S1039,operational,2025-06-30,day,2025-12-31,,MISO,high
P::S1040,operational,2026-04-23,day,2025-12-31,,MISO,high
P::S1041,operational,2026-04-23,day,2025-12-31,,MISO,high
P::S1042,withdrawn,2025-12-31,interval,2024-12-31,2025-12-31,Berkeley,medium
P::S1043,operational,2024-04-07,day,2025-12-31,,MISO,high
P::S1044,operational,2024-04-07,day,2026-03-01,,MISO,high
P::S1046,operational,2026-11-01,day,2025-12-31,,MISO,high
P::S1047,operational,2026-11-01,day,2026-03-01,,MISO,high
P::S1048,operational,2025-05-01,day,2025-12-31,,MISO,high
P::S1049,withdrawn,2025-12-31,interval,2024-12-31,2025-12-31,Berkeley,medium
P::S1050,withdrawn,2024-07-12,day,2024-12-31,2025-12-31,Berkeley,high
P::S1051,operational,2029-03-15,day,2025-12-31,,MISO,high
P::S1052,operational,2026-09-22,day,2026-03-01,,MISO,high
P::S1053,operational,2026-10-01,day,2026-03-01,,MISO,high
P::S1054,operational,2027-10-30,day,2026-03-01,,MISO,high
P::S1057,operational,2027-07-11,day,2026-03-01,,MISO,high
P::S1058,operational,2026-08-01,day,2025-12-31,,MISO,high
P::S1059,operational,2027-01-30,day,2025-12-31,,MISO,high
P::S1061,operational,2026-09-30,day,2026-03-01,,MISO,high
P::S1062,operational,2026-10-15,day,2025-12-31,,MISO,high
P::S1063,operational,2027-09-30,day,2025-12-31,,MISO,high
P::S1064,withdrawn,2026-06-23,day,2025-12-31,2026-03-01,MISO,high
P::S1065,operational,2028-09-30,day,2026-03-01,,MISO,high
P::S1066,operational,2027-09-30,day,2026-03-01,,MISO,high
P::S1067,operational,2027-09-30,day,2025-12-31,,MISO,high
P::S1068,operational,2027-01-01,day,2026-03-01,,MISO,high
P::S1070,operational,2025-08-01,day,2025-12-31,,MISO,high
P::S1071,operational,2025-11-07,day,2025-12-31,,MISO,high
P::S1073,operational,2026-08-31,day,2026-03-01,,MISO,high
P::S1074,operational,2027-09-30,day,2026-03-01,,MISO,high
P::S1076,operational,2027-08-31,day,2026-03-01,,MISO,high
P::S1077,operational,2029-09-01,day,2026-03-01,,MISO,high
P::S1078,operational,2027-06-15,day,2026-03-01,,MISO,high
P::S1079,operational,2028-07-30,day,2026-03-01,,MISO,high
P::S1080,operational,2028-07-30,day,2026-03-01,,MISO,high
P::S1081,operational,2028-04-30,day,2026-03-01,,MISO,high
P::S1082,operational,2028-04-30,day,2026-03-01,,MISO,high
P::S1083,withdrawn,2026-03-24,day,2025-12-31,2026-03-01,MISO,high
P::S1084,operational,2029-09-01,day,2026-03-01,,MISO,high
P::S1085,operational,2028-07-01,day,2026-03-01,,MISO,high
P::S1088,operational,2027-06-30,day,2026-03-01,,MISO,high
P::S1090,operational,2026-09-24,day,2026-03-01,,MISO,high
P::S1092,operational,2027-09-01,day,2025-12-31,,MISO,high
P::S1093,withdrawn,2026-06-18,day,2025-12-31,2026-03-01,MISO,high
P::S1094,operational,2026-10-31,day,2026-03-01,,MISO,high
P::S1095,operational,2027-05-28,day,2025-12-31,,MISO,high
P::S1096,operational,2028-02-01,day,2026-03-01,,MISO,high
P::S1097,operational,2027-06-30,day,2026-03-01,,MISO,high
P::S1098,withdrawn,2025-12-18,day,,2025-12-31,Berkeley,high
P::S1100,operational,2027-10-31,day,2026-03-01,,MISO,high
P::S1101,operational,2027-10-31,day,2026-03-01,,MISO,high
P::S1102,operational,2026-06-30,day,2025-12-31,,MISO,high
P::S1103,operational,2026-06-01,day,2026-03-01,,MISO,high
P::S1104,operational,2026-06-30,day,2026-03-01,,MISO,high
P::S1105,withdrawn,2025-10-27,day,2025-12-31,2026-03-01,MISO,high
P::S1107,operational,2026-06-01,day,2026-03-01,,MISO,high
P::S1108,operational,2027-06-30,day,2026-03-01,,MISO,high
P::S1109,operational,2026-09-30,day,2026-03-01,,MISO,high
P::S1110,operational,2027-02-01,day,2026-03-01,,MISO,high
P::S1111,operational,2027-09-01,day,2026-03-01,,MISO,high
P::S1112,operational,2027-09-30,day,2026-03-01,,MISO,high
P::S1113,operational,2026-08-30,day,2026-03-01,,MISO,high
P::S1114,operational,2028-09-30,day,2026-03-01,,MISO,high
P::S1116,operational,2027-06-01,day,2026-03-01,,MISO,high
P::S1117,operational,2028-06-01,day,2026-03-01,,MISO,high
P::S1120,operational,2027-07-15,day,2026-03-01,,MISO,high
P::S1123,operational,2027-03-29,day,2026-03-01,,MISO,high
P::S1125,operational,2028-03-31,day,2026-03-01,,MISO,high
P::S1126,operational,2029-05-31,day,2026-03-01,,MISO,high
P::S1127,operational,2027-06-01,day,2026-03-01,,MISO,high
