queue_project_id,project_key,eia_plant_id,developer_id,facility_name,match_method,match_score,manual_review_status
G627,P::B::G627,,,,unmatched_missing_name,0.0,unmatched
G921,P::B::G921,,,,unmatched_missing_name,0.0,unmatched
G992,P::B::G992,,,,unmatched_missing_name,0.0,unmatched
G794,P::B::G794,,,,unmatched_missing_name,0.0,unmatched
G795,P::B::G795,,,,unmatched_missing_name,0.0,unmatched
J591,P::B::J591,,,,unmatched_missing_name,0.0,unmatched
J787,P::B::J787,,,,unmatched_missing_name,0.0,unmatched
J788,P::B::J788,,,,unmatched_missing_name,0.0,unmatched
J789,P::B::J789,,,,unmatched_missing_name,0.0,unmatched
J950,P::B::J950,,,,unmatched_missing_name,0.0,unmatched
J919A - Error,P::B::J919A - Error,,,,unmatched_missing_name,0.0,unmatched
J790,P::B::J790,,,,unmatched_missing_name,0.0,unmatched
J792,P::B::J792,,,,unmatched_missing_name,0.0,unmatched
,P::B::nan,,,,unmatched_missing_name,0.0,unmatched
100141,P::B::100141,,,Surplus,unmatched_missing_name,0.0,unmatched
J401,P::B::J401,,,,unmatched_missing_name,0.0,unmatched
J400,P::B::J400,,,,unmatched_missing_name,0.0,unmatched
J399,P::B::J399,,,,unmatched_missing_name,0.0,unmatched
J398,P::B::J398,,,,unmatched_missing_name,0.0,unmatched
J397,P::B::J397,,,,unmatched_missing_name,0.0,unmatched
J396,P::B::J396,,,,unmatched_missing_name,0.0,unmatched
J395,P::B::J395,,,,unmatched_missing_name,0.0,unmatched
J394,P::B::J394,,,,unmatched_missing_name,0.0,unmatched
J393,P::B::J393,,,,unmatched_missing_name,0.0,unmatched
J392,P::B::J392,,,,unmatched_missing_name,0.0,unmatched
J391,P::B::J391,,,,unmatched_missing_name,0.0,unmatched
J390,P::B::J390,,,,unmatched_missing_name,0.0,unmatched
J389,P::B::J389,,,,unmatched_missing_name,0.0,unmatched
J388,P::B::J388,,,,unmatched_missing_name,0.0,unmatched
J387,P::B::J387,,,,unmatched_missing_name,0.0,unmatched
J386,P::B::J386,,,,unmatched_missing_name,0.0,unmatched
J385,P::B::J385,,,,unmatched_missing_name,0.0,unmatched
J384,P::B::J384,,,,unmatched_missing_name,0.0,unmatched
J383,P::B::J383,,,,unmatched_missing_name,0.0,unmatched
J382,P::B::J382,,,,unmatched_missing_name,0.0,unmatched
J381,P::B::J381,,,,unmatched_missing_name,0.0,unmatched
J380,P::B::J380,,,,unmatched_missing_name,0.0,unmatched
J379,P::B::J379,,,,unmatched_missing_name,0.0,unmatched
J378,P::B::J378,,,,unmatched_missing_name,0.0,unmatched
J377,P::B::J377,,,,unmatched_missing_name,0.0,unmatched
J376,P::B::J376,,,,unmatched_missing_name,0.0,unmatched
J375,P::B::J375,,,,unmatched_missing_name,0.0,unmatched
J374,P::B::J374,,,,unmatched_missing_name,0.0,unmatched
J373,P::B::J373,,,,unmatched_missing_name,0.0,unmatched
J402,P::B::J402,,,,unmatched_missing_name,0.0,unmatched
J372,P::B::J372,,,,unmatched_missing_name,0.0,unmatched
J403,P::B::J403,,,,unmatched_missing_name,0.0,unmatched
J405,P::B::J405,,,,unmatched_missing_name,0.0,unmatched
J435,P::B::J435,,,,unmatched_missing_name,0.0,unmatched
J434,P::B::J434,,,,unmatched_missing_name,0.0,unmatched
J433,P::B::J433,,,,unmatched_missing_name,0.0,unmatched
J432,P::B::J432,,,,unmatched_missing_name,0.0,unmatched
J431,P::B::J431,,,,unmatched_missing_name,0.0,unmatched
J430,P::B::J430,,,,unmatched_missing_name,0.0,unmatched
J429,P::B::J429,,,,unmatched_missing_name,0.0,unmatched
J428,P::B::J428,,,,unmatched_missing_name,0.0,unmatched
J427,P::B::J427,,,,unmatched_missing_name,0.0,unmatched
J426,P::B::J426,,,,unmatched_missing_name,0.0,unmatched
J425,P::B::J425,,,,unmatched_missing_name,0.0,unmatched
J424,P::B::J424,,,,unmatched_missing_name,0.0,unmatched
J423,P::B::J423,,,,unmatched_missing_name,0.0,unmatched
J422,P::B::J422,,,,unmatched_missing_name,0.0,unmatched
J421,P::B::J421,,,,unmatched_missing_name,0.0,unmatched
J420,P::B::J420,,,,unmatched_missing_name,0.0,unmatched
J419,P::B::J419,,,,unmatched_missing_name,0.0,unmatched
J417,P::B::J417,,,,unmatched_missing_name,0.0,unmatched
J416,P::B::J416,,,,unmatched_missing_name,0.0,unmatched
J415,P::B::J415,,,,unmatched_missing_name,0.0,unmatched
J414,P::B::J414,,,,unmatched_missing_name,0.0,unmatched
J413,P::B::J413,,,,unmatched_missing_name,0.0,unmatched
J412,P::B::J412,,,,unmatched_missing_name,0.0,unmatched
J411,P::B::J411,,,,unmatched_missing_name,0.0,unmatched
J410,P::B::J410,,,,unmatched_missing_name,0.0,unmatched
J409,P::B::J409,,,,unmatched_missing_name,0.0,unmatched
J408,P::B::J408,,,,unmatched_missing_name,0.0,unmatched
J407,P::B::J407,,,,unmatched_missing_name,0.0,unmatched
J406,P::B::J406,,,,unmatched_missing_name,0.0,unmatched
J404,P::B::J404,,,,unmatched_missing_name,0.0,unmatched
J371,P::B::J371,,,,unmatched_missing_name,0.0,unmatched
J370,P::B::J370,,,,unmatched_missing_name,0.0,unmatched
J369,P::B::J369,,,,unmatched_missing_name,0.0,unmatched
J334,P::B::J334,,,,unmatched_missing_name,0.0,unmatched
J333,P::B::J333,,,,unmatched_missing_name,0.0,unmatched
J332,P::B::J332,,,,unmatched_missing_name,0.0,unmatched
J331,P::B::J331,,,,unmatched_missing_name,0.0,unmatched
J330,P::B::J330,,,,unmatched_missing_name,0.0,unmatched
J329,P::B::J329,,,,unmatched_missing_name,0.0,unmatched
J328,P::B::J328,,,,unmatched_missing_name,0.0,unmatched
J327,P::B::J327,,,,unmatched_missing_name,0.0,unmatched
J326,P::B::J326,,,,unmatched_missing_name,0.0,unmatched
J325,P::B::J325,,,,unmatched_missing_name,0.0,unmatched
J324,P::B::J324,,,,unmatched_missing_name,0.0,unmatched
J323,P::B::J323,,,,unmatched_missing_name,0.0,unmatched
J322,P::B::J322,,,,unmatched_missing_name,0.0,unmatched
J321,P::B::J321,,,,unmatched_missing_name,0.0,unmatched
J320,P::B::J320,,,,unmatched_missing_name,0.0,unmatched
J319,P::B::J319,,,,unmatched_missing_name,0.0,unmatched
J318,P::B::J318,,,,unmatched_missing_name,0.0,unmatched
J317,P::B::J317,,,,unmatched_missing_name,0.0,unmatched
J316,P::B::J316,,,,unmatched_missing_name,0.0,unmatched
J315,P::B::J315,,,,unmatched_missing_name,0.0,unmatched
J314,P::B::J314,,,,unmatched_missing_name,0.0,unmatched
J313,P::B::J313,,,,unmatched_missing_name,0.0,unmatched
J312,P::B::J312,,,,unmatched_missing_name,0.0,unmatched
J311,P::B::J311,,,,unmatched_missing_name,0.0,unmatched
J309,P::B::J309,,,,unmatched_missing_name,0.0,unmatched
J308,P::B::J308,,,,unmatched_missing_name,0.0,unmatched
J307,P::B::J307,,,,unmatched_missing_name,0.0,unmatched
J306,P::B::J306,,,,unmatched_missing_name,0.0,unmatched
J305,P::B::J305,,,,unmatched_missing_name,0.0,unmatched
J335,P::B::J335,,,,unmatched_missing_name,0.0,unmatched
J336,P::B::J336,,,,unmatched_missing_name,0.0,unmatched
J337,P::B::J337,,,,unmatched_missing_name,0.0,unmatched
J338,P::B::J338,,,,unmatched_missing_name,0.0,unmatched
J368,P::B::J368,,,,unmatched_missing_name,0.0,unmatched
J367,P::B::J367,,,,unmatched_missing_name,0.0,unmatched
J366,P::B::J366,,,,unmatched_missing_name,0.0,unmatched
J365,P::B::J365,,,,unmatched_missing_name,0.0,unmatched
J364,P::B::J364,,,,unmatched_missing_name,0.0,unmatched
J363,P::B::J363,,,,unmatched_missing_name,0.0,unmatched
J362,P::B::J362,,,,unmatched_missing_name,0.0,unmatched
J361,P::B::J361,,,,unmatched_missing_name,0.0,unmatched
J360,P::B::J360,,,,unmatched_missing_name,0.0,unmatched
J359,P::B::J359,,,,unmatched_missing_name,0.0,unmatched
J358,P::B::J358,,,,unmatched_missing_name,0.0,unmatched
J357,P::B::J357,,,,unmatched_missing_name,0.0,unmatched
J356,P::B::J356,,,,unmatched_missing_name,0.0,unmatched
J355,P::B::J355,,,,unmatched_missing_name,0.0,unmatched
J436,P::B::J436,,,,unmatched_missing_name,0.0,unmatched
J354,P::B::J354,,,,unmatched_missing_name,0.0,unmatched
J352,P::B::J352,,,,unmatched_missing_name,0.0,unmatched
J351,P::B::J351,,,,unmatched_missing_name,0.0,unmatched
J350,P::B::J350,,,,unmatched_missing_name,0.0,unmatched
J349,P::B::J349,,,,unmatched_missing_name,0.0,unmatched
J348,P::B::J348,,,,unmatched_missing_name,0.0,unmatched
J347,P::B::J347,,,,unmatched_missing_name,0.0,unmatched
J346,P::B::J346,,,,unmatched_missing_name,0.0,unmatched
J345,P::B::J345,,,,unmatched_missing_name,0.0,unmatched
J344,P::B::J344,,,,unmatched_missing_name,0.0,unmatched
J343,P::B::J343,,,,unmatched_missing_name,0.0,unmatched
J342,P::B::J342,,,,unmatched_missing_name,0.0,unmatched
J341,P::B::J341,,,,unmatched_missing_name,0.0,unmatched
J340,P::B::J340,,,,unmatched_missing_name,0.0,unmatched
J339,P::B::J339,,,,unmatched_missing_name,0.0,unmatched
J353,P::B::J353,,,,unmatched_missing_name,0.0,unmatched
J437,P::B::J437,,,,unmatched_missing_name,0.0,unmatched
J438,P::B::J438,,,,unmatched_missing_name,0.0,unmatched
J439,P::B::J439,,,,unmatched_missing_name,0.0,unmatched
J547,P::B::J547,,,,unmatched_missing_name,0.0,unmatched
J546,P::B::J546,,,,unmatched_missing_name,0.0,unmatched
J543,P::B::J543,,,,unmatched_missing_name,0.0,unmatched
J542,P::B::J542,,,,unmatched_missing_name,0.0,unmatched
J541,P::B::J541,,,,unmatched_missing_name,0.0,unmatched
J540,P::B::J540,,,,unmatched_missing_name,0.0,unmatched
J539,P::B::J539,,,,unmatched_missing_name,0.0,unmatched
J538,P::B::J538,,,,unmatched_missing_name,0.0,unmatched
J537,P::B::J537,,,,unmatched_missing_name,0.0,unmatched
J536,P::B::J536,,,,unmatched_missing_name,0.0,unmatched
J535,P::B::J535,,,,unmatched_missing_name,0.0,unmatched
J534,P::B::J534,,,,unmatched_missing_name,0.0,unmatched
J533,P::B::J533,,,,unmatched_missing_name,0.0,unmatched
J532,P::B::J532,,,,unmatched_missing_name,0.0,unmatched
J531,P::B::J531,,,,unmatched_missing_name,0.0,unmatched
J530,P::B::J530,,,,unmatched_missing_name,0.0,unmatched
J529,P::B::J529,,,,unmatched_missing_name,0.0,unmatched
J528,P::B::J528,,,,unmatched_missing_name,0.0,unmatched
J527,P::B::J527,,,,unmatched_missing_name,0.0,unmatched
J526,P::B::J526,,,,unmatched_missing_name,0.0,unmatched
J525,P::B::J525,,,,unmatched_missing_name,0.0,unmatched
J524,P::B::J524,,,,unmatched_missing_name,0.0,unmatched
J523,P::B::J523,,,,unmatched_missing_name,0.0,unmatched
J521,P::B::J521,,,,unmatched_missing_name,0.0,unmatched
J520,P::B::J520,,,,unmatched_missing_name,0.0,unmatched
J519,P::B::J519,,,,unmatched_missing_name,0.0,unmatched
J518,P::B::J518,,,,unmatched_missing_name,0.0,unmatched
J517,P::B::J517,,,,unmatched_missing_name,0.0,unmatched
J516,P::B::J516,,,,unmatched_missing_name,0.0,unmatched
J548,P::B::J548,,,,unmatched_missing_name,0.0,unmatched
J549,P::B::J549,,,,unmatched_missing_name,0.0,unmatched
J550,P::B::J550,,,,unmatched_missing_name,0.0,unmatched
J551,P::B::J551,,,,unmatched_missing_name,0.0,unmatched
J586,P::B::J586,,,,unmatched_missing_name,0.0,unmatched
J585,P::B::J585,,,,unmatched_missing_name,0.0,unmatched
J583,P::B::J583,,,,unmatched_missing_name,0.0,unmatched
J582,P::B::J582,,,,unmatched_missing_name,0.0,unmatched
J581,P::B::J581,,,,unmatched_missing_name,0.0,unmatched
J578,P::B::J578,,,,unmatched_missing_name,0.0,unmatched
J577,P::B::J577,,,,unmatched_missing_name,0.0,unmatched
J576,P::B::J576,,,,unmatched_missing_name,0.0,unmatched
J575,P::B::J575,,,,unmatched_missing_name,0.0,unmatched
J574,P::B::J574,,,,unmatched_missing_name,0.0,unmatched
J573,P::B::J573,,,,unmatched_missing_name,0.0,unmatched
J572,P::B::J572,,,,unmatched_missing_name,0.0,unmatched
J571,P::B::J571,,,,unmatched_missing_name,0.0,unmatched
J569,P::B::J569,,,,unmatched_missing_name,0.0,unmatched
J515,P::B::J515,,,,unmatched_missing_name,0.0,unmatched
J568,P::B::J568,,,,unmatched_missing_name,0.0,unmatched
J566,P::B::J566,,,,unmatched_missing_name,0.0,unmatched
J565,P::B::J565,,,,unmatched_missing_name,0.0,unmatched
J564,P::B::J564,,,,unmatched_missing_name,0.0,unmatched
J563,P::B::J563,,,,unmatched_missing_name,0.0,unmatched
J562,P::B::J562,,,,unmatched_missing_name,0.0,unmatched
J561,P::B::J561,,,,unmatched_missing_name,0.0,unmatched
J560,P::B::J560,,,,unmatched_missing_name,0.0,unmatched
J559,P::B::J559,,,,unmatched_missing_name,0.0,unmatched
J558,P::B::J558,,,,unmatched_missing_name,0.0,unmatched
J557,P::B::J557,,,,unmatched_missing_name,0.0,unmatched
J555,P::B::J555,,,,unmatched_missing_name,0.0,unmatched
J554,P::B::J554,,,,unmatched_missing_name,0.0,unmatched
J553,P::B::J553,,,,unmatched_missing_name,0.0,unmatched
J552,P::B::J552,,,,unmatched_missing_name,0.0,unmatched
J567,P::B::J567,,,,unmatched_missing_name,0.0,unmatched
J304,P::B::J304,,,,unmatched_missing_name,0.0,unmatched
J514,P::B::J514,,,,unmatched_missing_name,0.0,unmatched
J512,P::B::J512,,,,unmatched_missing_name,0.0,unmatched
J474,P::B::J474,,,,unmatched_missing_name,0.0,unmatched
J473,P::B::J473,,,,unmatched_missing_name,0.0,unmatched
J472,P::B::J472,,,,unmatched_missing_name,0.0,unmatched
J471,P::B::J471,,,,unmatched_missing_name,0.0,unmatched
J470,P::B::J470,,,,unmatched_missing_name,0.0,unmatched
J469,P::B::J469,,,,unmatched_missing_name,0.0,unmatched
J468,P::B::J468,,,,unmatched_missing_name,0.0,unmatched
J466,P::B::J466,,,,unmatched_missing_name,0.0,unmatched
J465,P::B::J465,,,,unmatched_missing_name,0.0,unmatched
J464,P::B::J464,,,,unmatched_missing_name,0.0,unmatched
J463,P::B::J463,,,,unmatched_missing_name,0.0,unmatched
J462,P::B::J462,,,,unmatched_missing_name,0.0,unmatched
J461,P::B::J461,,,,unmatched_missing_name,0.0,unmatched
J460,P::B::J460,,,,unmatched_missing_name,0.0,unmatched
J459,P::B::J459,,,,unmatched_missing_name,0.0,unmatched
J457,P::B::J457,,,,unmatched_missing_name,0.0,unmatched
J456,P::B::J456,,,,unmatched_missing_name,0.0,unmatched
J455,P::B::J455,,,,unmatched_missing_name,0.0,unmatched
J454,P::B::J454,,,,unmatched_missing_name,0.0,unmatched
J453,P::B::J453,,,,unmatched_missing_name,0.0,unmatched
J452,P::B::J452,,,,unmatched_missing_name,0.0,unmatched
J451,P::B::J451,,,,unmatched_missing_name,0.0,unmatched
J450,P::B::J450,,,,unmatched_missing_name,0.0,unmatched
J449,P::B::J449,,,,unmatched_missing_name,0.0,unmatched
J448,P::B::J448,,,,unmatched_missing_name,0.0,unmatched
J445,P::B::J445,,,,unmatched_missing_name,0.0,unmatched
J443,P::B::J443,,,,unmatched_missing_name,0.0,unmatched
J442,P::B::J442,,,,unmatched_missing_name,0.0,unmatched
J440,P::B::J440,,,,unmatched_missing_name,0.0,unmatched
J475,P::B::J475,,,,unmatched_missing_name,0.0,unmatched
J476,P::B::J476,,,,unmatched_missing_name,0.0,unmatched
J477,P::B::J477,,,,unmatched_missing_name,0.0,unmatched
J479,P::B::J479,,,,unmatched_missing_name,0.0,unmatched
J511,P::B::J511,,,,unmatched_missing_name,0.0,unmatched
J510,P::B::J510,,,,unmatched_missing_name,0.0,unmatched
J509,P::B::J509,,,,unmatched_missing_name,0.0,unmatched
J507,P::B::J507,,,,unmatched_missing_name,0.0,unmatched
J506,P::B::J506,,,,unmatched_missing_name,0.0,unmatched
J505,P::B::J505,,,,unmatched_missing_name,0.0,unmatched
J504,P::B::J504,,,,unmatched_missing_name,0.0,unmatched
J503,P::B::J503,,,,unmatched_missing_name,0.0,unmatched
J501,P::B::J501,,,,unmatched_missing_name,0.0,unmatched
J500,P::B::J500,,,,unmatched_missing_name,0.0,unmatched
J499,P::B::J499,,,,unmatched_missing_name,0.0,unmatched
J498,P::B::J498,,,,unmatched_missing_name,0.0,unmatched
J497,P::B::J497,,,,unmatched_missing_name,0.0,unmatched
J496,P::B::J496,,,,unmatched_missing_name,0.0,unmatched
J513,P::B::J513,,,,unmatched_missing_name,0.0,unmatched
J495,P::B::J495,,,,unmatched_missing_name,0.0,unmatched
J493,P::B::J493,,,,unmatched_missing_name,0.0,unmatched
J492,P::B::J492,,,,unmatched_missing_name,0.0,unmatched
J491,P::B::J491,,,,unmatched_missing_name,0.0,unmatched
J490,P::B::J490,,,,unmatched_missing_name,0.0,unmatched
J489,P::B::J489,,,,unmatched_missing_name,0.0,unmatched
J488,P::B::J488,,,,unmatched_missing_name,0.0,unmatched
J487,P::B::J487,,,,unmatched_missing_name,0.0,unmatched
J486,P::B::J486,,,,unmatched_missing_name,0.0,unmatched
J485,P::B::J485,,,,unmatched_missing_name,0.0,unmatched
J484,P::B::J484,,,,unmatched_missing_name,0.0,unmatched
J483,P::B::J483,,,,unmatched_missing_name,0.0,unmatched
J482,P::B::J482,,,,unmatched_missing_name,0.0,unmatched
J481,P::B::J481,,,,unmatched_missing_name,0.0,unmatched
J480,P::B::J480,,,,unmatched_missing_name,0.0,unmatched
J494,P::B::J494,,,,unmatched_missing_name,0.0,unmatched
J587,P::B::J587,,,,unmatched_missing_name,0.0,unmatched
J303,P::B::J303,,,,unmatched_missing_name,0.0,unmatched
J301,P::B::J301,,,,unmatched_missing_name,0.0,unmatched
J131,P::B::J131,,,,unmatched_missing_name,0.0,unmatched
J130,P::B::J130,,,,unmatched_missing_name,0.0,unmatched
J129,P::B::J129,,,,unmatched_missing_name,0.0,unmatched
J128,P::B::J128,,,,unmatched_missing_name,0.0,unmatched
J127,P::B::J127,,,,unmatched_missing_name,0.0,unmatched
J126,P::B::J126,,,,unmatched_missing_name,0.0,unmatched
J125,P::B::J125,,,,unmatched_missing_name,0.0,unmatched
J124,P::B::J124,,,,unmatched_missing_name,0.0,unmatched
J123,P::B::J123,,,,unmatched_missing_name,0.0,unmatched
J122,P::B::J122,,,,unmatched_missing_name,0.0,unmatched
J121,P::B::J121,,,,unmatched_missing_name,0.0,unmatched
J120,P::B::J120,,,,unmatched_missing_name,0.0,unmatched
J119,P::B::J119,,,,unmatched_missing_name,0.0,unmatched
J118,P::B::J118,,,,unmatched_missing_name,0.0,unmatched
J117,P::B::J117,,,,unmatched_missing_name,0.0,unmatched
J116,P::B::J116,,,,unmatched_missing_name,0.0,unmatched
J115,P::B::J115,,,,unmatched_missing_name,0.0,unmatched
J114,P::B::J114,,,,unmatched_missing_name,0.0,unmatched
J113,P::B::J113,,,,unmatched_missing_name,0.0,unmatched
J112,P::B::J112,,,,unmatched_missing_name,0.0,unmatched
J111,P::B::J111,,,,unmatched_missing_name,0.0,unmatched
J110,P::B::J110,,,,unmatched_missing_name,0.0,unmatched
J109,P::B::J109,,,,unmatched_missing_name,0.0,unmatched
J108,P::B::J108,,,,unmatched_missing_name,0.0,unmatched
J107,P::B::J107,,,,unmatched_missing_name,0.0,unmatched
J106,P::B::J106,,,,unmatched_missing_name,0.0,unmatched
J105,P::B::J105,,,,unmatched_missing_name,0.0,unmatched
J104,P::B::J104,,,,unmatched_missing_name,0.0,unmatched
J103,P::B::J103,,,,unmatched_missing_name,0.0,unmatched
J132,P::B::J132,,,,unmatched_missing_name,0.0,unmatched
J102,P::B::J102,,,,unmatched_missing_name,0.0,unmatched
J133,P::B::J133,,,,unmatched_missing_name,0.0,unmatched
J135,P::B::J135,,,,unmatched_missing_name,0.0,unmatched
J164,P::B::J164,,,,unmatched_missing_name,0.0,unmatched
J163,P::B::J163,,,,unmatched_missing_name,0.0,unmatched
J162,P::B::J162,,,,unmatched_missing_name,0.0,unmatched
J161,P::B::J161,,,,unmatched_missing_name,0.0,unmatched
J160,P::B::J160,,,,unmatched_missing_name,0.0,unmatched
J159,P::B::J159,,,,unmatched_missing_name,0.0,unmatched
J158,P::B::J158,,,,unmatched_missing_name,0.0,unmatched
J157,P::B::J157,,,,unmatched_missing_name,0.0,unmatched
J156,P::B::J156,,,,unmatched_missing_name,0.0,unmatched
J155,P::B::J155,,,,unmatched_missing_name,0.0,unmatched
J154,P::B::J154,,,,unmatched_missing_name,0.0,unmatched
J153,P::B::J153,,,,unmatched_missing_name,0.0,unmatched
J152,P::B::J152,,,,unmatched_missing_name,0.0,unmatched
J151,P::B::J151,,,,unmatched_missing_name,0.0,unmatched
J150,P::B::J150,,,,unmatched_missing_name,0.0,unmatched
J149,P::B::J149,,,,unmatched_missing_name,0.0,unmatched
J148,P::B::J148,,,,unmatched_missing_name,0.0,unmatched
J147,P::B::J147,,,,unmatched_missing_name,0.0,unmatched
J146,P::B::J146,,,,unmatched_missing_name,0.0,unmatched
J145,P::B::J145,,,,unmatched_missing_name,0.0,unmatched
J144,P::B::J144,,,,unmatched_missing_name,0.0,unmatched
J143,P::B::J143,,,,unmatched_missing_name,0.0,unmatched
J142,P::B::J142,,,,unmatched_missing_name,0.0,unmatched
J141,P::B::J141,,,,unmatched_missing_name,0.0,unmatched
J140,P::B::J140,,,,unmatched_missing_name,0.0,unmatched
J139,P::B::J139,,,,unmatched_missing_name,0.0,unmatched
J138,P::B::J138,,,,unmatched_missing_name,0.0,unmatched
J137,P::B::J137,,,,unmatched_missing_name,0.0,unmatched
J136,P::B::J136,,,,unmatched_missing_name,0.0,unmatched
J134,P::B::J134,,,,unmatched_missing_name,0.0,unmatched
J101,P::B::J101,,,,unmatched_missing_name,0.0,unmatched
J100,P::B::J100,,,,unmatched_missing_name,0.0,unmatched
J099,P::B::J099,,,,unmatched_missing_name,0.0,unmatched
J064,P::B::J064,,,,unmatched_missing_name,0.0,unmatched
J063,P::B::J063,,,,unmatched_missing_name,0.0,unmatched
J062,P::B::J062,,,,unmatched_missing_name,0.0,unmatched
J061,P::B::J061,,,,unmatched_missing_name,0.0,unmatched
J060,P::B::J060,,,,unmatched_missing_name,0.0,unmatched
J059,P::B::J059,,,,unmatched_missing_name,0.0,unmatched
J058,P::B::J058,,,,unmatched_missing_name,0.0,unmatched
J057,P::B::J057,,,,unmatched_missing_name,0.0,unmatched
J056,P::B::J056,,,,unmatched_missing_name,0.0,unmatched
J055,P::B::J055,,,,unmatched_missing_name,0.0,unmatched
J054,P::B::J054,,,,unmatched_missing_name,0.0,unmatched
J053,P::B::J053,,,,unmatched_missing_name,0.0,unmatched
J052,P::B::J052,,,,unmatched_missing_name,0.0,unmatched
J051,P::B::J051,,,,unmatched_missing_name,0.0,unmatched
J050,P::B::J050,,,,unmatched_missing_name,0.0,unmatched
J049,P::B::J049,,,,unmatched_missing_name,0.0,unmatched
J048,P::B::J048,,,,unmatched_missing_name,0.0,unmatched
J047,P::B::J047,,,,unmatched_missing_name,0.0,unmatched
J046,P::B::J046,,,,unmatched_missing_name,0.0,unmatched
J045,P::B::J045,,,,unmatched_missing_name,0.0,unmatched
J044,P::B::J044,,,,unmatched_missing_name,0.0,unmatched
J043,P::B::J043,,,,unmatched_missing_name,0.0,unmatched
J042,P::B::J042,,,,unmatched_missing_name,0.0,unmatched
J041,P::B::J041,,,,unmatched_missing_name,0.0,unmatched
J040,P::B::J040,,,,unmatched_missing_name,0.0,unmatched
J039,P::B::J039,,,,unmatched_missing_name,0.0,unmatched
J038,P::B::J038,,,,unmatched_missing_name,0.0,unmatched
J037,P::B::J037,,,,unmatched_missing_name,0.0,unmatched
J036,P::B::J036,,,,unmatched_missing_name,0.0,unmatched
J065,P::B::J065,,,,unmatched_missing_name,0.0,unmatched
J066,P::B::J066,,,,unmatched_missing_name,0.0,unmatched
J067,P::B::J067,,,,unmatched_missing_name,0.0,unmatched
J068,P::B::J068,,,,unmatched_missing_name,0.0,unmatched
J098,P::B::J098,,,,unmatched_missing_name,0.0,unmatched
J097,P::B::J097,,,,unmatched_missing_name,0.0,unmatched
J096,P::B::J096,,,,unmatched_missing_name,0.0,unmatched
J095,P::B::J095,,,,unmatched_missing_name,0.0,unmatched
J094,P::B::J094,,,,unmatched_missing_name,0.0,unmatched
J093,P::B::J093,,,,unmatched_missing_name,0.0,unmatched
J092,P::B::J092,,,,unmatched_missing_name,0.0,unmatched
J091,P::B::J091,,,,unmatched_missing_name,0.0,unmatched
J090,P::B::J090,,,,unmatched_missing_name,0.0,unmatched
J089,P::B::J089,,,,unmatched_missing_name,0.0,unmatched
J088,P::B::J088,,,,unmatched_missing_name,0.0,unmatched
J087,P::B::J087,,,,unmatched_missing_name,0.0,unmatched
J086,P::B::J086,,,,unmatched_missing_name,0.0,unmatched
J085,P::B::J085,,,,unmatched_missing_name,0.0,unmatched
J165,P::B::J165,,,,unmatched_missing_name,0.0,unmatched
J084,P::B::J084,,,,unmatched_missing_name,0.0,unmatched
J082,P::B::J082,,,,unmatched_missing_name,0.0,unmatched
J081,P::B::J081,,,,unmatched_missing_name,0.0,unmatched
J080,P::B::J080,,,,unmatched_missing_name,0.0,unmatched
J079,P::B::J079,,,,unmatched_missing_name,0.0,unmatched
J078,P::B::J078,,,,unmatched_missing_name,0.0,unmatched
J077,P::B::J077,,,,unmatched_missing_name,0.0,unmatched
J076,P::B::J076,,,,unmatched_missing_name,0.0,unmatched
J075,P::B::J075,,,,unmatched_missing_name,0.0,unmatched
J074,P::B::J074,,,,unmatched_missing_name,0.0,unmatched
J073,P::B::J073,,,,unmatched_missing_name,0.0,unmatched
J072,P::B::J072,,,,unmatched_missing_name,0.0,unmatched
J071,P::B::J071,,,,unmatched_missing_name,0.0,unmatched
J070,P::B::J070,,,,unmatched_missing_name,0.0,unmatched
J069,P::B::J069,,,,unmatched_missing_name,0.0,unmatched
J083,P::B::J083,,,,unmatched_missing_name,0.0,unmatched
J166,P::B::J166,,,,unmatched_missing_name,0.0,unmatched
J167,P::B::J167,,,,unmatched_missing_name,0.0,unmatched
J168,P::B::J168,,,,unmatched_missing_name,0.0,unmatched
J266,P::B::J266,,,,unmatched_missing_name,0.0,unmatched
J265,P::B::J265,,,,unmatched_missing_name,0.0,unmatched
J264,P::B::J264,,,,unmatched_missing_name,0.0,unmatched
J263,P::B::J263,,,,unmatched_missing_name,0.0,unmatched
J262,P::B::J262,,,,unmatched_missing_name,0.0,unmatched
J261,P::B::J261,,,,unmatched_missing_name,0.0,unmatched
J260,P::B::J260,,,,unmatched_missing_name,0.0,unmatched
J259,P::B::J259,,,,unmatched_missing_name,0.0,unmatched
J258,P::B::J258,,,,unmatched_missing_name,0.0,unmatched
J257,P::B::J257,,,,unmatched_missing_name,0.0,unmatched
J256,P::B::J256,,,,unmatched_missing_name,0.0,unmatched
J254,P::B::J254,,,,unmatched_missing_name,0.0,unmatched
J253,P::B::J253,,,,unmatched_missing_name,0.0,unmatched
J252,P::B::J252,,,,unmatched_missing_name,0.0,unmatched
J251,P::B::J251,,,,unmatched_missing_name,0.0,unmatched
J250,P::B::J250,,,,unmatched_missing_name,0.0,unmatched
J249,P::B::J249,,,,unmatched_missing_name,0.0,unmatched
J248,P::B::J248,,,,unmatched_missing_name,0.0,unmatched
J247,P::B::J247,,,,unmatched_missing_name,0.0,unmatched
J246,P::B::J246,,,,unmatched_missing_name,0.0,unmatched
J245,P::B::J245,,,,unmatched_missing_name,0.0,unmatched
J244,P::B::J244,,,,unmatched_missing_name,0.0,unmatched
J243,P::B::J243,,,,unmatched_missing_name,0.0,unmatched
J242,P::B::J242,,,,unmatched_missing_name,0.0,unmatched
J241,P::B::J241,,,,unmatched_missing_name,0.0,unmatched
J240,P::B::J240,,,,unmatched_missing_name,0.0,unmatched
J239,P::B::J239,,,,unmatched_missing_name,0.0,unmatched
J238,P::B::J238,,,,unmatched_missing_name,0.0,unmatched
J237,P::B::J237,,,,unmatched_missing_name,0.0,unmatched
J267,P::B::J267,,,,unmatched_missing_name,0.0,unmatched
J268,P::B::J268,,,,unmatched_missing_name,0.0,unmatched
J269,P::B::J269,,,,unmatched_missing_name,0.0,unmatched
J270,P::B::J270,,,,unmatched_missing_name,0.0,unmatched
J300,P::B::J300,,,,unmatched_missing_name,0.0,unmatched
J299,P::B::J299,,,,unmatched_missing_name,0.0,unmatched
J298,P::B::J298,,,,unmatched_missing_name,0.0,unmatched
J297,P::B::J297,,,,unmatched_missing_name,0.0,unmatched
J296,P::B::J296,,,,unmatched_missing_name,0.0,unmatched
J295,P::B::J295,,,,unmatched_missing_name,0.0,unmatched
J294,P::B::J294,,,,unmatched_missing_name,0.0,unmatched
J293,P::B::J293,,,,unmatched_missing_name,0.0,unmatched
J292,P::B::J292,,,,unmatched_missing_name,0.0,unmatched
J291,P::B::J291,,,,unmatched_missing_name,0.0,unmatched
J290,P::B::J290,,,,unmatched_missing_name,0.0,unmatched
J289,P::B::J289,,,,unmatched_missing_name,0.0,unmatched
J288,P::B::J288,,,,unmatched_missing_name,0.0,unmatched
J287,P::B::J287,,,,unmatched_missing_name,0.0,unmatched
J236,P::B::J236,,,,unmatched_missing_name,0.0,unmatched
J286,P::B::J286,,,,unmatched_missing_name,0.0,unmatched
J284,P::B::J284,,,,unmatched_missing_name,0.0,unmatched
J283,P::B::J283,,,,unmatched_missing_name,0.0,unmatched
J282,P::B::J282,,,,unmatched_missing_name,0.0,unmatched
J281,P::B::J281,,,,unmatched_missing_name,0.0,unmatched
J280,P::B::J280,,,,unmatched_missing_name,0.0,unmatched
J279,P::B::J279,,,,unmatched_missing_name,0.0,unmatched
J278,P::B::J278,,,,unmatched_missing_name,0.0,unmatched
J277,P::B::J277,,,,unmatched_missing_name,0.0,unmatched
J276,P::B::J276,,,,unmatched_missing_name,0.0,unmatched
J275,P::B::J275,,,,unmatched_missing_name,0.0,unmatched
J274,P::B::J274,,,,unmatched_missing_name,0.0,unmatched
J273,P::B::J273,,,,unmatched_missing_name,0.0,unmatched
J272,P::B::J272,,,,unmatched_missing_name,0.0,unmatched
J271,P::B::J271,,,,unmatched_missing_name,0.0,unmatched
J285,P::B::J285,,,,unmatched_missing_name,0.0,unmatched
J302,P::B::J302,,,,unmatched_missing_name,0.0,unmatched
J235,P::B::J235,,,,unmatched_missing_name,0.0,unmatched
J233,P::B::J233,,,,unmatched_missing_name,0.0,unmatched
J197,P::B::J197,,,,unmatched_missing_name,0.0,unmatched
J196,P::B::J196,,,,unmatched_missing_name,0.0,unmatched
J195,P::B::J195,,,,unmatched_missing_name,0.0,unmatched
J194,P::B::J194,,,,unmatched_missing_name,0.0,unmatched
J193,P::B::J193,,,,unmatched_missing_name,0.0,unmatched
J192,P::B::J192,,,,unmatched_missing_name,0.0,unmatched
J191,P::B::J191,,,,unmatched_missing_name,0.0,unmatched
J190,P::B::J190,,,,unmatched_missing_name,0.0,unmatched
J189,P::B::J189,,,,unmatched_missing_name,0.0,unmatched
J188,P::B::J188,,,,unmatched_missing_name,0.0,unmatched
J187,P::B::J187,,,,unmatched_missing_name,0.0,unmatched
J186,P::B::J186,,,,unmatched_missing_name,0.0,unmatched
J185,P::B::J185,,,,unmatched_missing_name,0.0,unmatched
J184,P::B::J184,,,,unmatched_missing_name,0.0,unmatched
J183,P::B::J183,,,,unmatched_missing_name,0.0,unmatched
J182,P::B::J182,,,,unmatched_missing_name,0.0,unmatched
J181,P::B::J181,,,,unmatched_missing_name,0.0,unmatched
J180,P::B::J180,,,,unmatched_missing_name,0.0,unmatched
J179,P::B::J179,,,,unmatched_missing_name,0.0,unmatched
J178,P::B::J178,,,,unmatched_missing_name,0.0,unmatched
J177,P::B::J177,,,,unmatched_missing_name,0.0,unmatched
J176,P::B::J176,,,,unmatched_missing_name,0.0,unmatched
J175,P::B::J175,,,,unmatched_missing_name,0.0,unmatched
J174,P::B::J174,,,,unmatched_missing_name,0.0,unmatched
J173,P::B::J173,,,,unmatched_missing_name,0.0,unmatched
J172,P::B::J172,,,,unmatched_missing_name,0.0,unmatched
J171,P::B::J171,,,,unmatched_missing_name,0.0,unmatched
J170,P::B::J170,,,,unmatched_missing_name,0.0,unmatched
J169,P::B::J169,,,,unmatched_missing_name,0.0,unmatched
J198,P::B::J198,,,,unmatched_missing_name,0.0,unmatched
J199,P::B::J199,,,,unmatched_missing_name,0.0,unmatched
J200,P::B::J200,,,,unmatched_missing_name,0.0,unmatched
J201,P::B::J201,,,,unmatched_missing_name,0.0,unmatched
J232,P::B::J232,,,,unmatched_missing_name,0.0,unmatched
J231,P::B::J231,,,,unmatched_missing_name,0.0,unmatched
J230,P::B::J230,,,,unmatched_missing_name,0.0,unmatched
J229,P::B::J229,,,,unmatched_missing_name,0.0,unmatched
J228,P::B::J228,,,,unmatched_missing_name,0.0,unmatched
J227,P::B::J227,,,,unmatched_missing_name,0.0,unmatched
J226,P::B::J226,,,,unmatched_missing_name,0.0,unmatched
J225,P::B::J225,,,,unmatched_missing_name,0.0,unmatched
J224,P::B::J224,,,,unmatched_missing_name,0.0,unmatched
J223,P::B::J223,,,,unmatched_missing_name,0.0,unmatched
J222,P::B::J222,,,,unmatched_missing_name,0.0,unmatched
J221,P::B::J221,,,,unmatched_missing_name,0.0,unmatched
J220,P::B::J220,,,,unmatched_missing_name,0.0,unmatched
J219,P::B::J219,,,,unmatched_missing_name,0.0,unmatched
J234,P::B::J234,,,,unmatched_missing_name,0.0,unmatched
J218,P::B::J218,,,,unmatched_missing_name,0.0,unmatched
J216,P::B::J216,,,,unmatched_missing_name,0.0,unmatched
J215,P::B::J215,,,,unmatched_missing_name,0.0,unmatched
J214,P::B::J214,,,,unmatched_missing_name,0.0,unmatched
J213,P::B::J213,,,,unmatched_missing_name,0.0,unmatched
J212,P::B::J212,,,,unmatched_missing_name,0.0,unmatched
J211,P::B::J211,,,,unmatched_missing_name,0.0,unmatched
J210,P::B::J210,,,,unmatched_missing_name,0.0,unmatched
J209,P::B::J209,,,,unmatched_missing_name,0.0,unmatched
J208,P::B::J208,,,,unmatched_missing_name,0.0,unmatched
J207,P::B::J207,,,,unmatched_missing_name,0.0,unmatched
J206,P::B::J206,,,,unmatched_missing_name,0.0,unmatched
J205,P::B::J205,,,,unmatched_missing_name,0.0,unmatched
J204,P::B::J204,,,,unmatched_missing_name,0.0,unmatched
J202,P::B::J202,,,,unmatched_missing_name,0.0,unmatched
J217,P::B::J217,,,,unmatched_missing_name,0.0,unmatched
J035,P::B::J035,,,,unmatched_missing_name,0.0,unmatched
J588,P::B::J588,,,,unmatched_missing_name,0.0,unmatched
J590,P::B::J590,,,,unmatched_missing_name,0.0,unmatched
J589,P::B::J589,,,,unmatched_missing_name,0.0,unmatched
J729,P::B::J729,,,,unmatched_missing_name,0.0,unmatched
J727,P::B::J727,,,,unmatched_missing_name,0.0,unmatched
J724,P::B::J724,,,,unmatched_missing_name,0.0,unmatched
J723,P::B::J723,,,,unmatched_missing_name,0.0,unmatched
J719,P::B::J719,,,,unmatched_missing_name,0.0,unmatched
J716,P::B::J716,,,,unmatched_missing_name,0.0,unmatched
J702,P::B::J702,,,,unmatched_missing_name,0.0,unmatched
J700,P::B::J700,,,,unmatched_missing_name,0.0,unmatched
J699,P::B::J699,,,,unmatched_missing_name,0.0,unmatched
J696,P::B::J696,,,,unmatched_missing_name,0.0,unmatched
J695,P::B::J695,,,,unmatched_missing_name,0.0,unmatched
J694,P::B::J694,,,,unmatched_missing_name,0.0,unmatched
J693,P::B::J693,,,,unmatched_missing_name,0.0,unmatched
J692,P::B::J692,,,,unmatched_missing_name,0.0,unmatched
J691,P::B::J691,,,,unmatched_missing_name,0.0,unmatched
J690,P::B::J690,,,,unmatched_missing_name,0.0,unmatched
J689,P::B::J689,,,,unmatched_missing_name,0.0,unmatched
J688,P::B::J688,,,,unmatched_missing_name,0.0,unmatched
J686,P::B::J686,,,,unmatched_missing_name,0.0,unmatched
J685,P::B::J685,,,,unmatched_missing_name,0.0,unmatched
J684,P::B::J684,,,,unmatched_missing_name,0.0,unmatched
J682,P::B::J682,,,,unmatched_missing_name,0.0,unmatched
J681,P::B::J681,,,,unmatched_missing_name,0.0,unmatched
J678,P::B::J678,,,,unmatched_missing_name,0.0,unmatched
J677,P::B::J677,,,,unmatched_missing_name,0.0,unmatched
J676,P::B::J676,,,,unmatched_missing_name,0.0,unmatched
J675,P::B::J675,,,,unmatched_missing_name,0.0,unmatched
J674,P::B::J674,,,,unmatched_missing_name,0.0,unmatched
J673,P::B::J673,,,,unmatched_missing_name,0.0,unmatched
J730,P::B::J730,,,,unmatched_missing_name,0.0,unmatched
J672,P::B::J672,,,,unmatched_missing_name,0.0,unmatched
J735,P::B::J735,,,,unmatched_missing_name,0.0,unmatched
J737,P::B::J737,,,,unmatched_missing_name,0.0,unmatched
R15,P::B::R15,,,,unmatched_missing_name,0.0,unmatched
R101,P::B::R101,,,,unmatched_missing_name,0.0,unmatched
PQ0002,P::B::PQ0002,,,,unmatched_missing_name,0.0,unmatched
N001,P::B::N001,,,,unmatched_missing_name,0.0,unmatched
L010,P::B::L010,,,,unmatched_missing_name,0.0,unmatched
L009,P::B::L009,,,,unmatched_missing_name,0.0,unmatched
L008,P::B::L008,,,,unmatched_missing_name,0.0,unmatched
L006,P::B::L006,,,,unmatched_missing_name,0.0,unmatched
L004,P::B::L004,,,,unmatched_missing_name,0.0,unmatched
L003,P::B::L003,,,,unmatched_missing_name,0.0,unmatched
L002,P::B::L002,,,,unmatched_missing_name,0.0,unmatched
J919A,P::B::J919A,,,,unmatched_missing_name,0.0,unmatched
J791,P::B::J791,,,,unmatched_missing_name,0.0,unmatched
J786,P::B::J786,,,,unmatched_missing_name,0.0,unmatched
J784,P::B::J784,,,,unmatched_missing_name,0.0,unmatched
J781,P::B::J781,,,,unmatched_missing_name,0.0,unmatched
J778,P::B::J778,,,,unmatched_missing_name,0.0,unmatched
J775,P::B::J775,,,,unmatched_missing_name,0.0,unmatched
J774,P::B::J774,,,,unmatched_missing_name,0.0,unmatched
J773,P::B::J773,,,,unmatched_missing_name,0.0,unmatched
J772,P::B::J772,,,,unmatched_missing_name,0.0,unmatched
J765,P::B::J765,,,,unmatched_missing_name,0.0,unmatched
J764,P::B::J764,,,,unmatched_missing_name,0.0,unmatched
J763,P::B::J763,,,,unmatched_missing_name,0.0,unmatched
J755,P::B::J755,,,,unmatched_missing_name,0.0,unmatched
J751,P::B::J751,,,,unmatched_missing_name,0.0,unmatched
J744,P::B::J744,,,,unmatched_missing_name,0.0,unmatched
J742,P::B::J742,,,,unmatched_missing_name,0.0,unmatched
J738,P::B::J738,,,,unmatched_missing_name,0.0,unmatched
J736,P::B::J736,,,,unmatched_missing_name,0.0,unmatched
J671,P::B::J671,,,,unmatched_missing_name,0.0,unmatched
J670,P::B::J670,,,,unmatched_missing_name,0.0,unmatched
J669,P::B::J669,,,,unmatched_missing_name,0.0,unmatched
J620,P::B::J620,,,,unmatched_missing_name,0.0,unmatched
J619,P::B::J619,,,,unmatched_missing_name,0.0,unmatched
J618,P::B::J618,,,,unmatched_missing_name,0.0,unmatched
J617,P::B::J617,,,,unmatched_missing_name,0.0,unmatched
J616,P::B::J616,,,,unmatched_missing_name,0.0,unmatched
J615,P::B::J615,,,,unmatched_missing_name,0.0,unmatched
J614,P::B::J614,,,,unmatched_missing_name,0.0,unmatched
J613,P::B::J613,,,,unmatched_missing_name,0.0,unmatched
J612,P::B::J612,,,,unmatched_missing_name,0.0,unmatched
J611,P::B::J611,,,,unmatched_missing_name,0.0,unmatched
J610,P::B::J610,,,,unmatched_missing_name,0.0,unmatched
J609,P::B::J609,,,,unmatched_missing_name,0.0,unmatched
J608,P::B::J608,,,,unmatched_missing_name,0.0,unmatched
J607,P::B::J607,,,,unmatched_missing_name,0.0,unmatched
J606,P::B::J606,,,,unmatched_missing_name,0.0,unmatched
J605,P::B::J605,,,,unmatched_missing_name,0.0,unmatched
J604,P::B::J604,,,,unmatched_missing_name,0.0,unmatched
J603,P::B::J603,,,,unmatched_missing_name,0.0,unmatched
J602,P::B::J602,,,,unmatched_missing_name,0.0,unmatched
J601,P::B::J601,,,,unmatched_missing_name,0.0,unmatched
J600,P::B::J600,,,,unmatched_missing_name,0.0,unmatched
J599,P::B::J599,,,,unmatched_missing_name,0.0,unmatched
J598,P::B::J598,,,,unmatched_missing_name,0.0,unmatched
J597,P::B::J597,,,,unmatched_missing_name,0.0,unmatched
J596,P::B::J596,,,,unmatched_missing_name,0.0,unmatched
J595,P::B::J595,,,,unmatched_missing_name,0.0,unmatched
J594,P::B::J594,,,,unmatched_missing_name,0.0,unmatched
J593,P::B::J593,,,,unmatched_missing_name,0.0,unmatched
J592,P::B::J592,,,,unmatched_missing_name,0.0,unmatched
J621,P::B::J621,,,,unmatched_missing_name,0.0,unmatched
J622,P::B::J622,,,,unmatched_missing_name,0.0,unmatched
J623,P::B::J623,,,,unmatched_missing_name,0.0,unmatched
J624,P::B::J624,,,,unmatched_missing_name,0.0,unmatched
J668,P::B::J668,,,,unmatched_missing_name,0.0,unmatched
J667,P::B::J667,,,,unmatched_missing_name,0.0,unmatched
J666,P::B::J666,,,,unmatched_missing_name,0.0,unmatched
J665,P::B::J665,,,,unmatched_missing_name,0.0,unmatched
J664,P::B::J664,,,,unmatched_missing_name,0.0,unmatched
J661,P::B::J661,,,,unmatched_missing_name,0.0,unmatched
J660,P::B::J660,,,,unmatched_missing_name,0.0,unmatched
J656,P::B::J656,,,,unmatched_missing_name,0.0,unmatched
J655,P::B::J655,,,,unmatched_missing_name,0.0,unmatched
J654,P::B::J654,,,,unmatched_missing_name,0.0,unmatched
J653,P::B::J653,,,,unmatched_missing_name,0.0,unmatched
J652,P::B::J652,,,,unmatched_missing_name,0.0,unmatched
J651,P::B::J651,,,,unmatched_missing_name,0.0,unmatched
J650,P::B::J650,,,,unmatched_missing_name,0.0,unmatched
R23,P::B::R23,,,,unmatched_missing_name,0.0,unmatched
J649,P::B::J649,,,,unmatched_missing_name,0.0,unmatched
J645,P::B::J645,,,,unmatched_missing_name,0.0,unmatched
J644,P::B::J644,,,,unmatched_missing_name,0.0,unmatched
J643,P::B::J643,,,,unmatched_missing_name,0.0,unmatched
J642,P::B::J642,,,,unmatched_missing_name,0.0,unmatched
J641,P::B::J641,,,,unmatched_missing_name,0.0,unmatched
J638,P::B::J638,,,,unmatched_missing_name,0.0,unmatched
J637,P::B::J637,,,,unmatched_missing_name,0.0,unmatched
J634,P::B::J634,,,,unmatched_missing_name,0.0,unmatched
J633,P::B::J633,,,,unmatched_missing_name,0.0,unmatched
J631,P::B::J631,,,,unmatched_missing_name,0.0,unmatched
J630,P::B::J630,,,,unmatched_missing_name,0.0,unmatched
J629,P::B::J629,,,,unmatched_missing_name,0.0,unmatched
J627,P::B::J627,,,,unmatched_missing_name,0.0,unmatched
J626,P::B::J626,,,,unmatched_missing_name,0.0,unmatched
J648,P::B::J648,,,,unmatched_missing_name,0.0,unmatched
R25,P::B::R25,,,,unmatched_missing_name,0.0,unmatched
R26,P::B::R26,,,,unmatched_missing_name,0.0,unmatched
R29,P::B::R29,,,,unmatched_missing_name,0.0,unmatched
R68,P::B::R68,,,,unmatched_missing_name,0.0,unmatched
R67,P::B::R67,,,,unmatched_missing_name,0.0,unmatched
R66,P::B::R66,,,,unmatched_missing_name,0.0,unmatched
R65,P::B::R65,,,,unmatched_missing_name,0.0,unmatched
R64,P::B::R64,,,,unmatched_missing_name,0.0,unmatched
R63,P::B::R63,,,,unmatched_missing_name,0.0,unmatched
R62,P::B::R62,,,,unmatched_missing_name,0.0,unmatched
R61,P::B::R61,,,,unmatched_missing_name,0.0,unmatched
R60,P::B::R60,,,,unmatched_missing_name,0.0,unmatched
R59,P::B::R59,,,,unmatched_missing_name,0.0,unmatched
R58,P::B::R58,,,,unmatched_missing_name,0.0,unmatched
R57,P::B::R57,,,,unmatched_missing_name,0.0,unmatched
R56,P::B::R56,,,,unmatched_missing_name,0.0,unmatched
R53,P::B::R53,,,,unmatched_missing_name,0.0,unmatched
R52,P::B::R52,,,,unmatched_missing_name,0.0,unmatched
R51,P::B::R51,,,,unmatched_missing_name,0.0,unmatched
R50,P::B::R50,,,,unmatched_missing_name,0.0,unmatched
R49,P::B::R49,,,,unmatched_missing_name,0.0,unmatched
R48,P::B::R48,,,,unmatched_missing_name,0.0,unmatched
R47,P::B::R47,,,,unmatched_missing_name,0.0,unmatched
R42,P::B::R42,,,,unmatched_missing_name,0.0,unmatched
R41,P::B::R41,,,,unmatched_missing_name,0.0,unmatched
R39,P::B::R39,,,,unmatched_missing_name,0.0,unmatched
R38,P::B::R38,,,,unmatched_missing_name,0.0,unmatched
R35,P::B::R35,,,,unmatched_missing_name,0.0,unmatched
R34,P::B::R34,,,,unmatched_missing_name,0.0,unmatched
J034,P::B::J034,,,,unmatched_missing_name,0.0,unmatched
J032,P::B::J032,,,,unmatched_missing_name,0.0,unmatched
G338,P::B::G338,,,,unmatched_missing_name,0.0,unmatched
G337,P::B::G337,,,,unmatched_missing_name,0.0,unmatched
G336,P::B::G336,,,,unmatched_missing_name,0.0,unmatched
G335,P::B::G335,,,,unmatched_missing_name,0.0,unmatched
G334,P::B::G334,,,,unmatched_missing_name,0.0,unmatched
G333,P::B::G333,,,,unmatched_missing_name,0.0,unmatched
G332,P::B::G332,,,,unmatched_missing_name,0.0,unmatched
G331,P::B::G331,,,,unmatched_missing_name,0.0,unmatched
G330,P::B::G330,,,,unmatched_missing_name,0.0,unmatched
G329,P::B::G329,,,,unmatched_missing_name,0.0,unmatched
G328,P::B::G328,,,,unmatched_missing_name,0.0,unmatched
G327,P::B::G327,,,,unmatched_missing_name,0.0,unmatched
G326,P::B::G326,,,,unmatched_missing_name,0.0,unmatched
G325,P::B::G325,,,,unmatched_missing_name,0.0,unmatched
G324,P::B::G324,,,,unmatched_missing_name,0.0,unmatched
G323,P::B::G323,,,,unmatched_missing_name,0.0,unmatched
G322,P::B::G322,,,,unmatched_missing_name,0.0,unmatched
G321,P::B::G321,,,,unmatched_missing_name,0.0,unmatched
G320,P::B::G320,,,,unmatched_missing_name,0.0,unmatched
G319,P::B::G319,,,,unmatched_missing_name,0.0,unmatched
G318,P::B::G318,,,,unmatched_missing_name,0.0,unmatched
G317,P::B::G317,,,,unmatched_missing_name,0.0,unmatched
G316,P::B::G316,,,,unmatched_missing_name,0.0,unmatched
G315,P::B::G315,,,,unmatched_missing_name,0.0,unmatched
G314,P::B::G314,,,,unmatched_missing_name,0.0,unmatched
G313,P::B::G313,,,,unmatched_missing_name,0.0,unmatched
G312,P::B::G312,,,,unmatched_missing_name,0.0,unmatched
G311,P::B::G311,,,,unmatched_missing_name,0.0,unmatched
G310,P::B::G310,,,,unmatched_missing_name,0.0,unmatched
G339,P::B::G339,,,,unmatched_missing_name,0.0,unmatched
G309,P::B::G309,,,,unmatched_missing_name,0.0,unmatched
G340,P::B::G340,,,,unmatched_missing_name,0.0,unmatched
G342,P::B::G342,,,,unmatched_missing_name,0.0,unmatched
G373,P::B::G373,,,,unmatched_missing_name,0.0,unmatched
G372,P::B::G372,,,,unmatched_missing_name,0.0,unmatched
G371,P::B::G371,,,,unmatched_missing_name,0.0,unmatched
G370,P::B::G370,,,,unmatched_missing_name,0.0,unmatched
G369,P::B::G369,,,,unmatched_missing_name,0.0,unmatched
G368,P::B::G368,,,,unmatched_missing_name,0.0,unmatched
G367,P::B::G367,,,,unmatched_missing_name,0.0,unmatched
G366,P::B::G366,,,,unmatched_missing_name,0.0,unmatched
G365,P::B::G365,,,,unmatched_missing_name,0.0,unmatched
G364,P::B::G364,,,,unmatched_missing_name,0.0,unmatched
G362,P::B::G362,,,,unmatched_missing_name,0.0,unmatched
G361,P::B::G361,,,,unmatched_missing_name,0.0,unmatched
G359R,P::B::G359R,,,,unmatched_missing_name,0.0,unmatched
G359,P::B::G359,,,,unmatched_missing_name,0.0,unmatched
G358,P::B::G358,,,,unmatched_missing_name,0.0,unmatched
G357,P::B::G357,,,,unmatched_missing_name,0.0,unmatched
G355,P::B::G355,,,,unmatched_missing_name,0.0,unmatched
G354,P::B::G354,,,,unmatched_missing_name,0.0,unmatched
G353,P::B::G353,,,,unmatched_missing_name,0.0,unmatched
G352,P::B::G352,,,,unmatched_missing_name,0.0,unmatched
G351,P::B::G351,,,,unmatched_missing_name,0.0,unmatched
G350,P::B::G350,,,,unmatched_missing_name,0.0,unmatched
G349,P::B::G349,,,,unmatched_missing_name,0.0,unmatched
G348,P::B::G348,,,,unmatched_missing_name,0.0,unmatched
G347,P::B::G347,,,,unmatched_missing_name,0.0,unmatched
G346,P::B::G346,,,,unmatched_missing_name,0.0,unmatched
G345,P::B::G345,,,,unmatched_missing_name,0.0,unmatched
G344,P::B::G344,,,,unmatched_missing_name,0.0,unmatched
G343,P::B::G343,,,,unmatched_missing_name,0.0,unmatched
G341,P::B::G341,,,,unmatched_missing_name,0.0,unmatched
G308,P::B::G308,,,,unmatched_missing_name,0.0,unmatched
G307,P::B::G307,,,,unmatched_missing_name,0.0,unmatched
G306,P::B::G306,,,,unmatched_missing_name,0.0,unmatched
G268,P::B::G268,,,,unmatched_missing_name,0.0,unmatched
G267,P::B::G267,,,,unmatched_missing_name,0.0,unmatched
G266,P::B::G266,,,,unmatched_missing_name,0.0,unmatched
G265,P::B::G265,,,,unmatched_missing_name,0.0,unmatched
G264,P::B::G264,,,,unmatched_missing_name,0.0,unmatched
G263,P::B::G263,,,,unmatched_missing_name,0.0,unmatched
G262,P::B::G262,,,,unmatched_missing_name,0.0,unmatched
G261,P::B::G261,,,,unmatched_missing_name,0.0,unmatched
G260,P::B::G260,,,,unmatched_missing_name,0.0,unmatched
G259,P::B::G259,,,,unmatched_missing_name,0.0,unmatched
G258,P::B::G258,,,,unmatched_missing_name,0.0,unmatched
G257,P::B::G257,,,,unmatched_missing_name,0.0,unmatched
G256,P::B::G256,,,,unmatched_missing_name,0.0,unmatched
G255,P::B::G255,,,,unmatched_missing_name,0.0,unmatched
G254,P::B::G254,,,,unmatched_missing_name,0.0,unmatched
G253,P::B::G253,,,,unmatched_missing_name,0.0,unmatched
G252,P::B::G252,,,,unmatched_missing_name,0.0,unmatched
G251,P::B::G251,,,,unmatched_missing_name,0.0,unmatched
G250,P::B::G250,,,,unmatched_missing_name,0.0,unmatched
G249,P::B::G249,,,,unmatched_missing_name,0.0,unmatched
G248,P::B::G248,,,,unmatched_missing_name,0.0,unmatched
G247,P::B::G247,,,,unmatched_missing_name,0.0,unmatched
G246,P::B::G246,,,,unmatched_missing_name,0.0,unmatched
G245,P::B::G245,,,,unmatched_missing_name,0.0,unmatched
G244,P::B::G244,,,,unmatched_missing_name,0.0,unmatched
G242,P::B::G242,,,,unmatched_missing_name,0.0,unmatched
G241,P::B::G241,,,,unmatched_missing_name,0.0,unmatched
G240,P::B::G240,,,,unmatched_missing_name,0.0,unmatched
G239,P::B::G239,,,,unmatched_missing_name,0.0,unmatched
G269,P::B::G269,,,,unmatched_missing_name,0.0,unmatched
G270,P::B::G270,,,,unmatched_missing_name,0.0,unmatched
G271,P::B::G271,,,,unmatched_missing_name,0.0,unmatched
G272,P::B::G272,,,,unmatched_missing_name,0.0,unmatched
G304,P::B::G304,,,,unmatched_missing_name,0.0,unmatched
G303,P::B::G303,,,,unmatched_missing_name,0.0,unmatched
G302,P::B::G302,,,,unmatched_missing_name,0.0,unmatched
G301,P::B::G301,,,,unmatched_missing_name,0.0,unmatched
G300,P::B::G300,,,,unmatched_missing_name,0.0,unmatched
G299,P::B::G299,,,,unmatched_missing_name,0.0,unmatched
G298,P::B::G298,,,,unmatched_missing_name,0.0,unmatched
G297,P::B::G297,,,,unmatched_missing_name,0.0,unmatched
G296,P::B::G296,,,,unmatched_missing_name,0.0,unmatched
G295,P::B::G295,,,,unmatched_missing_name,0.0,unmatched
G293,P::B::G293,,,,unmatched_missing_name,0.0,unmatched
G291,P::B::G291,,,,unmatched_missing_name,0.0,unmatched
G290,P::B::G290,,,,unmatched_missing_name,0.0,unmatched
G289,P::B::G289,,,,unmatched_missing_name,0.0,unmatched
G374,P::B::G374,,,,unmatched_missing_name,0.0,unmatched
G288,P::B::G288,,,,unmatched_missing_name,0.0,unmatched
G286,P::B::G286,,,,unmatched_missing_name,0.0,unmatched
G285,P::B::G285,,,,unmatched_missing_name,0.0,unmatched
G284,P::B::G284,,,,unmatched_missing_name,0.0,unmatched
G283,P::B::G283,,,,unmatched_missing_name,0.0,unmatched
G282,P::B::G282,,,,unmatched_missing_name,0.0,unmatched
G281,P::B::G281,,,,unmatched_missing_name,0.0,unmatched
G280,P::B::G280,,,,unmatched_missing_name,0.0,unmatched
G279,P::B::G279,,,,unmatched_missing_name,0.0,unmatched
G278,P::B::G278,,,,unmatched_missing_name,0.0,unmatched
G277,P::B::G277,,,,unmatched_missing_name,0.0,unmatched
G276,P::B::G276,,,,unmatched_missing_name,0.0,unmatched
G275,P::B::G275,,,,unmatched_missing_name,0.0,unmatched
G274,P::B::G274,,,,unmatched_missing_name,0.0,unmatched
G273,P::B::G273,,,,unmatched_missing_name,0.0,unmatched
G287,P::B::G287,,,,unmatched_missing_name,0.0,unmatched
G375,P::B::G375,,,,unmatched_missing_name,0.0,unmatched
G376,P::B::G376,,,,unmatched_missing_name,0.0,unmatched
G377,P::B::G377,,,,unmatched_missing_name,0.0,unmatched
G508,P::B::G508,,,,unmatched_missing_name,0.0,unmatched
G507b,P::B::G507b,,,,unmatched_missing_name,0.0,unmatched
G507,P::B::G507,,,,unmatched_missing_name,0.0,unmatched
G506,P::B::G506,,,,unmatched_missing_name,0.0,unmatched
G505,P::B::G505,,,,unmatched_missing_name,0.0,unmatched
G504,P::B::G504,,,,unmatched_missing_name,0.0,unmatched
G503,P::B::G503,,,,unmatched_missing_name,0.0,unmatched
G502,P::B::G502,,,,unmatched_missing_name,0.0,unmatched
G501,P::B::G501,,,,unmatched_missing_name,0.0,unmatched
G500,P::B::G500,,,,unmatched_missing_name,0.0,unmatched
G499,P::B::G499,,,,unmatched_missing_name,0.0,unmatched
G498,P::B::G498,,,,unmatched_missing_name,0.0,unmatched
G496,P::B::G496,,,,unmatched_missing_name,0.0,unmatched
G495,P::B::G495,,,,unmatched_missing_name,0.0,unmatched
G494,P::B::G494,,,,unmatched_missing_name,0.0,unmatched
G493,P::B::G493,,,,unmatched_missing_name,0.0,unmatched
G492,P::B::G492,,,,unmatched_missing_name,0.0,unmatched
G491,P::B::G491,,,,unmatched_missing_name,0.0,unmatched
G489,P::B::G489,,,,unmatched_missing_name,0.0,unmatched
G488,P::B::G488,,,,unmatched_missing_name,0.0,unmatched
G485,P::B::G485,,,,unmatched_missing_name,0.0,unmatched
G484,P::B::G484,,,,unmatched_missing_name,0.0,unmatched
G483,P::B::G483,,,,unmatched_missing_name,0.0,unmatched
G482,P::B::G482,,,,unmatched_missing_name,0.0,unmatched
G481,P::B::G481,,,,unmatched_missing_name,0.0,unmatched
G480,P::B::G480,,,,unmatched_missing_name,0.0,unmatched
G479,P::B::G479,,,,unmatched_missing_name,0.0,unmatched
G478,P::B::G478,,,,unmatched_missing_name,0.0,unmatched
G477,P::B::G477,,,,unmatched_missing_name,0.0,unmatched
G509,P::B::G509,,,,unmatched_missing_name,0.0,unmatched
G510,P::B::G510,,,,unmatched_missing_name,0.0,unmatched
G511,P::B::G511,,,,unmatched_missing_name,0.0,unmatched
G512,P::B::G512,,,,unmatched_missing_name,0.0,unmatched
G544,P::B::G544,,,,unmatched_missing_name,0.0,unmatched
G543,P::B::G543,,,,unmatched_missing_name,0.0,unmatched
G542,P::B::G542,,,,unmatched_missing_name,0.0,unmatched
G541,P::B::G541,,,,unmatched_missing_name,0.0,unmatched
G540,P::B::G540,,,,unmatched_missing_name,0.0,unmatched
G539,P::B::G539,,,,unmatched_missing_name,0.0,unmatched
G538,P::B::G538,,,,unmatched_missing_name,0.0,unmatched
G537,P::B::G537,,,,unmatched_missing_name,0.0,unmatched
G536,P::B::G536,,,,unmatched_missing_name,0.0,unmatched
G535,P::B::G535,,,,unmatched_missing_name,0.0,unmatched
G534,P::B::G534,,,,unmatched_missing_name,0.0,unmatched
G532,P::B::G532,,,,unmatched_missing_name,0.0,unmatched
G531,P::B::G531,,,,unmatched_missing_name,0.0,unmatched
G530,P::B::G530,,,,unmatched_missing_name,0.0,unmatched
G476,P::B::G476,,,,unmatched_missing_name,0.0,unmatched
G529,P::B::G529,,,,unmatched_missing_name,0.0,unmatched
G527,P::B::G527,,,,unmatched_missing_name,0.0,unmatched
G526,P::B::G526,,,,unmatched_missing_name,0.0,unmatched
G524,P::B::G524,,,,unmatched_missing_name,0.0,unmatched
G523,P::B::G523,,,,unmatched_missing_name,0.0,unmatched
G522,P::B::G522,,,,unmatched_missing_name,0.0,unmatched
G521,P::B::G521,,,,unmatched_missing_name,0.0,unmatched
G520,P::B::G520,,,,unmatched_missing_name,0.0,unmatched
G519,P::B::G519,,,,unmatched_missing_name,0.0,unmatched
G518,P::B::G518,,,,unmatched_missing_name,0.0,unmatched
G517,P::B::G517,,,,unmatched_missing_name,0.0,unmatched
G516,P::B::G516,,,,unmatched_missing_name,0.0,unmatched
G515,P::B::G515,,,,unmatched_missing_name,0.0,unmatched
G514,P::B::G514,,,,unmatched_missing_name,0.0,unmatched
G513,P::B::G513,,,,unmatched_missing_name,0.0,unmatched
G528,P::B::G528,,,,unmatched_missing_name,0.0,unmatched
G238,P::B::G238,,,,unmatched_missing_name,0.0,unmatched
G475,P::B::G475,,,,unmatched_missing_name,0.0,unmatched
G450,P::B::G450,,,,unmatched_missing_name,0.0,unmatched
G412,P::B::G412,,,,unmatched_missing_name,0.0,unmatched
G411,P::B::G411,,,,unmatched_missing_name,0.0,unmatched
G410,P::B::G410,,,,unmatched_missing_name,0.0,unmatched
G409,P::B::G409,,,,unmatched_missing_name,0.0,unmatched
G408,P::B::G408,,,,unmatched_missing_name,0.0,unmatched
G407,P::B::G407,,,,unmatched_missing_name,0.0,unmatched
G405,P::B::G405,,,,unmatched_missing_name,0.0,unmatched
G404,P::B::G404,,,,unmatched_missing_name,0.0,unmatched
G402,P::B::G402,,,,unmatched_missing_name,0.0,unmatched
G400,P::B::G400,,,,unmatched_missing_name,0.0,unmatched
G399,P::B::G399,,,,unmatched_missing_name,0.0,unmatched
G398,P::B::G398,,,,unmatched_missing_name,0.0,unmatched
G397,P::B::G397,,,,unmatched_missing_name,0.0,unmatched
G396,P::B::G396,,,,unmatched_missing_name,0.0,unmatched
G395,P::B::G395,,,,unmatched_missing_name,0.0,unmatched
G394,P::B::G394,,,,unmatched_missing_name,0.0,unmatched
G392,P::B::G392,,,,unmatched_missing_name,0.0,unmatched
G391,P::B::G391,,,,unmatched_missing_name,0.0,unmatched
G390,P::B::G390,,,,unmatched_missing_name,0.0,unmatched
G389,P::B::G389,,,,unmatched_missing_name,0.0,unmatched
G387,P::B::G387,,,,unmatched_missing_name,0.0,unmatched
G386,P::B::G386,,,,unmatched_missing_name,0.0,unmatched
G385,P::B::G385,,,,unmatched_missing_name,0.0,unmatched
G384,P::B::G384,,,,unmatched_missing_name,0.0,unmatched
G383,P::B::G383,,,,unmatched_missing_name,0.0,unmatched
G382,P::B::G382,,,,unmatched_missing_name,0.0,unmatched
G380,P::B::G380,,,,unmatched_missing_name,0.0,unmatched
G379,P::B::G379,,,,unmatched_missing_name,0.0,unmatched
G378,P::B::G378,,,,unmatched_missing_name,0.0,unmatched
G413,P::B::G413,,,,unmatched_missing_name,0.0,unmatched
G414,P::B::G414,,,,unmatched_missing_name,0.0,unmatched
G415,P::B::G415,,,,unmatched_missing_name,0.0,unmatched
G416,P::B::G416,,,,unmatched_missing_name,0.0,unmatched
G449,P::B::G449,,,,unmatched_missing_name,0.0,unmatched
G448,P::B::G448,,,,unmatched_missing_name,0.0,unmatched
G447,P::B::G447,,,,unmatched_missing_name,0.0,unmatched
G446,P::B::G446,,,,unmatched_missing_name,0.0,unmatched
G445,P::B::G445,,,,unmatched_missing_name,0.0,unmatched
G444,P::B::G444,,,,unmatched_missing_name,0.0,unmatched
G443,P::B::G443,,,,unmatched_missing_name,0.0,unmatched
G442,P::B::G442,,,,unmatched_missing_name,0.0,unmatched
G441,P::B::G441,,,,unmatched_missing_name,0.0,unmatched
G439,P::B::G439,,,,unmatched_missing_name,0.0,unmatched
G438,P::B::G438,,,,unmatched_missing_name,0.0,unmatched
G436,P::B::G436,,,,unmatched_missing_name,0.0,unmatched
G435,P::B::G435,,,,unmatched_missing_name,0.0,unmatched
G434,P::B::G434,,,,unmatched_missing_name,0.0,unmatched
G474,P::B::G474,,,,unmatched_missing_name,0.0,unmatched
G433,P::B::G433,,,,unmatched_missing_name,0.0,unmatched
G431,P::B::G431,,,,unmatched_missing_name,0.0,unmatched
G430,P::B::G430,,,,unmatched_missing_name,0.0,unmatched
G429,P::B::G429,,,,unmatched_missing_name,0.0,unmatched
G428,P::B::G428,,,,unmatched_missing_name,0.0,unmatched
G427,P::B::G427,,,,unmatched_missing_name,0.0,unmatched
G426,P::B::G426,,,,unmatched_missing_name,0.0,unmatched
G425,P::B::G425,,,,unmatched_missing_name,0.0,unmatched
G424,P::B::G424,,,,unmatched_missing_name,0.0,unmatched
G423,P::B::G423,,,,unmatched_missing_name,0.0,unmatched
G421,P::B::G421,,,,unmatched_missing_name,0.0,unmatched
G420,P::B::G420,,,,unmatched_missing_name,0.0,unmatched
G419,P::B::G419,,,,unmatched_missing_name,0.0,unmatched
G418,P::B::G418,,,,unmatched_missing_name,0.0,unmatched
G417,P::B::G417,,,,unmatched_missing_name,0.0,unmatched
G432,P::B::G432,,,,unmatched_missing_name,0.0,unmatched
G545,P::B::G545,,,,unmatched_missing_name,0.0,unmatched
G237,P::B::G237,,,,unmatched_missing_name,0.0,unmatched
G235,P::B::G235,,,,unmatched_missing_name,0.0,unmatched
G039,P::B::G039,,,,unmatched_missing_name,0.0,unmatched
G038,P::B::G038,,,,unmatched_missing_name,0.0,unmatched
G037,P::B::G037,,,,unmatched_missing_name,0.0,unmatched
G036,P::B::G036,,,,unmatched_missing_name,0.0,unmatched
G035,P::B::G035,,,,unmatched_missing_name,0.0,unmatched
G034,P::B::G034,,,,unmatched_missing_name,0.0,unmatched
G033,P::B::G033,,,,unmatched_missing_name,0.0,unmatched
G032,P::B::G032,,,,unmatched_missing_name,0.0,unmatched
G030,P::B::G030,,,,unmatched_missing_name,0.0,unmatched
G029,P::B::G029,,,,unmatched_missing_name,0.0,unmatched
G028,P::B::G028,,,,unmatched_missing_name,0.0,unmatched
G027,P::B::G027,,,,unmatched_missing_name,0.0,unmatched
G026,P::B::G026,,,,unmatched_missing_name,0.0,unmatched
G025,P::B::G025,,,,unmatched_missing_name,0.0,unmatched
G023,P::B::G023,,,,unmatched_missing_name,0.0,unmatched
G022,P::B::G022,,,,unmatched_missing_name,0.0,unmatched
G021,P::B::G021,,,,unmatched_missing_name,0.0,unmatched
G020,P::B::G020,,,,unmatched_missing_name,0.0,unmatched
G019,P::B::G019,,,,unmatched_missing_name,0.0,unmatched
G018,P::B::G018,,,,unmatched_missing_name,0.0,unmatched
G017,P::B::G017,,,,unmatched_missing_name,0.0,unmatched
G016,P::B::G016,,,,unmatched_missing_name,0.0,unmatched
G015,P::B::G015,,,,unmatched_missing_name,0.0,unmatched
G013,P::B::G013,,,,unmatched_missing_name,0.0,unmatched
G012,P::B::G012,,,,unmatched_missing_name,0.0,unmatched
G011,P::B::G011,,,,unmatched_missing_name,0.0,unmatched
G010,P::B::G010,,,,unmatched_missing_name,0.0,unmatched
G009,P::B::G009,,,,unmatched_missing_name,0.0,unmatched
G006,P::B::G006,,,,unmatched_missing_name,0.0,unmatched
G040,P::B::G040,,,,unmatched_missing_name,0.0,unmatched
G005,P::B::G005,,,,unmatched_missing_name,0.0,unmatched
G041,P::B::G041,,,,unmatched_missing_name,0.0,unmatched
G043,P::B::G043,,,,unmatched_missing_name,0.0,unmatched
G073,P::B::G073,,,,unmatched_missing_name,0.0,unmatched
G072,P::B::G072,,,,unmatched_missing_name,0.0,unmatched
G071,P::B::G071,,,,unmatched_missing_name,0.0,unmatched
G070,P::B::G070,,,,unmatched_missing_name,0.0,unmatched
G069,P::B::G069,,,,unmatched_missing_name,0.0,unmatched
G068,P::B::G068,,,,unmatched_missing_name,0.0,unmatched
G067,P::B::G067,,,,unmatched_missing_name,0.0,unmatched
G066,P::B::G066,,,,unmatched_missing_name,0.0,unmatched
G065,P::B::G065,,,,unmatched_missing_name,0.0,unmatched
G064,P::B::G064,,,,unmatched_missing_name,0.0,unmatched
G063,P::B::G063,,,,unmatched_missing_name,0.0,unmatched
G062,P::B::G062,,,,unmatched_missing_name,0.0,unmatched
G061,P::B::G061,,,,unmatched_missing_name,0.0,unmatched
G060,P::B::G060,,,,unmatched_missing_name,0.0,unmatched
G059,P::B::G059,,,,unmatched_missing_name,0.0,unmatched
G058,P::B::G058,,,,unmatched_missing_name,0.0,unmatched
G057,P::B::G057,,,,unmatched_missing_name,0.0,unmatched
G056,P::B::G056,,,,unmatched_missing_name,0.0,unmatched
G055,P::B::G055,,,,unmatched_missing_name,0.0,unmatched
G054,P::B::G054,,,,unmatched_missing_name,0.0,unmatched
G053,P::B::G053,,,,unmatched_missing_name,0.0,unmatched
G052,P::B::G052,,,,unmatched_missing_name,0.0,unmatched
G051,P::B::G051,,,,unmatched_missing_name,0.0,unmatched
G050,P::B::G050,,,,unmatched_missing_name,0.0,unmatched
G048,P::B::G048,,,,unmatched_missing_name,0.0,unmatched
G047,P::B::G047,,,,unmatched_missing_name,0.0,unmatched
G046,P::B::G046,,,,unmatched_missing_name,0.0,unmatched
G045,P::B::G045,,,,unmatched_missing_name,0.0,unmatched
G044,P::B::G044,,,,unmatched_missing_name,0.0,unmatched
G042,P::B::G042,,,,unmatched_missing_name,0.0,unmatched
G004,P::B::G004,,,,unmatched_missing_name,0.0,unmatched
G003,P::B::G003,,,,unmatched_missing_name,0.0,unmatched
G002,P::B::G002,,,,unmatched_missing_name,0.0,unmatched
E0022,P::B::E0022,,,Benton Energy Storage II,unmatched,0.0,unmatched
E0021,P::B::E0021,,,Brickyard Energy Storage,unmatched,0.0,unmatched
E0020,P::B::E0020,,,Benton Solar II,unmatched,0.0,unmatched
E002,P::B::E002,,,,unmatched_missing_name,0.0,unmatched
E0019,P::B::E0019,,,Deckerville Solar Park Project,unmatched,0.0,unmatched
E0018,P::B::E0018,,,Monroe ERAS,unmatched,0.0,unmatched
E0017,P::B::E0017,,,,unmatched_missing_name,0.0,unmatched
E0016,P::B::E0016,,,,unmatched_missing_name,0.0,unmatched
E0015,P::B::E0015,,,,unmatched_missing_name,0.0,unmatched
E0014,P::B::E0014,,,Franklin Farms,unmatched,0.0,unmatched
E0013,P::B::E0013,,,,unmatched_missing_name,0.0,unmatched
E0012,P::B::E0012,,,Red Oak Ridge Energy Center,unmatched,0.0,unmatched
E0011,P::B::E0011,,,Boswell Solar Project,unmatched,0.0,unmatched
E0010,P::B::E0010,,,,unmatched_missing_name,0.0,unmatched
E0009,P::B::E0009,,,Linn County Generating Facility,unmatched,0.0,unmatched
E0008,P::B::E0008,,,FERMI Storage Project,unmatched,0.0,unmatched
E0007,P::B::E0007,,,Au Gres Solar Project,unmatched,0.0,unmatched
E0006,P::B::E0006,,,Sandhill Energy Storage,unmatched,0.0,unmatched
E0005,P::B::E0005,,,Hoot Lake Battery Energy Storage System,unmatched,0.0,unmatched
E0004,P::B::E0004,,,,unmatched_missing_name,0.0,unmatched
E0003,P::B::E0003,,,Lincoln Capital Land LLC Solar Project,unmatched,0.0,unmatched
E0002,P::B::E0002,,,Orient Energy Center,unmatched,0.0,unmatched
APP-100259,P::B::APP-100259,,,,unmatched_missing_name,0.0,unmatched
APP-100248,P::B::APP-100248,,,Sandcut Storage,unmatched,0.0,unmatched
APP-100245,P::B::APP-100245,,,Merom Storage,unmatched,0.0,unmatched
APP-100103,P::B::APP-100103,,,,unmatched_missing_name,0.0,unmatched
APP-100096,P::B::APP-100096,,,,unmatched_missing_name,0.0,unmatched
APP-100087,P::B::APP-100087,,,,unmatched_missing_name,0.0,unmatched
APP-100016,P::B::APP-100016,,,,unmatched_missing_name,0.0,unmatched
E0023,P::B::E0023,,,Faribault Energy Park,ambiguous,0.0,needs_review
E0024,P::B::E0024,,,Amite Energy Storage II,unmatched,0.0,unmatched
E0025,P::B::E0025,,,,unmatched_missing_name,0.0,unmatched
E0026,P::B::E0026,,,Cannon Falls Uprate,unmatched,0.0,unmatched
G001,P::B::G001,,,,unmatched_missing_name,0.0,unmatched
E291,P::B::E291,,,,unmatched_missing_name,0.0,unmatched
E0054,P::B::E0054,,,Merom Station,unmatched,0.0,unmatched
E0053,P::B::E0053,,,Bluejacket Solar,unmatched,0.0,unmatched
E0052,P::B::E0052,,,Pumpkin Patch,unmatched,0.0,unmatched
E0051,P::B::E0051,,,Point Coupee,unmatched,0.0,unmatched
E0050,P::B::E0050,,,,unmatched_missing_name,0.0,unmatched
E0049,P::B::E0049,,,,unmatched_missing_name,0.0,unmatched
E0048,P::B::E0048,,,,unmatched_missing_name,0.0,unmatched
E0047,P::B::E0047,,,Lakeover CCCT,unmatched,0.0,unmatched
E0046,P::B::E0046,,,Madison County Combustion Turbine,unmatched,0.0,unmatched
E0045,P::B::E0045,,,Entergy Louisiana LRZ 9 Generation Resource,unmatched,0.0,unmatched
E0044,P::B::E0044,,,Richland Parish generators,unmatched,0.0,unmatched
E0043,P::B::E0043,,,Richland Parish generators,unmatched,0.0,unmatched
G074,P::B::G074,,,,unmatched_missing_name,0.0,unmatched
E0042,P::B::E0042,,,Schahfer CCGTs,unmatched,0.0,unmatched
E0040,P::B::E0040,,,Nobles BESS,unmatched,0.0,unmatched
E0039,P::B::E0039,,,Malden BESS,unmatched,0.0,unmatched
E0038,P::B::E0038,,,,unmatched_missing_name,0.0,unmatched
E0037,P::B::E0037,,,,unmatched_missing_name,0.0,unmatched
E0036,P::B::E0036,,,,unmatched_missing_name,0.0,unmatched
E0035,P::B::E0035,,,Malden CCGT,unmatched,0.0,unmatched
E0034,P::B::E0034,,,,unmatched_missing_name,0.0,unmatched
E0033,P::B::E0033,,,Mitchell BESS,unmatched,0.0,unmatched
E0032,P::B::E0032,,,,unmatched_missing_name,0.0,unmatched
E0031,P::B::E0031,,,Vicksburg CCCT,unmatched,0.0,unmatched
E0030,P::B::E0030,,,,unmatched_missing_name,0.0,unmatched
E0029,P::B::E0029,,,Waterford 5,unmatched,0.0,unmatched
E0028,P::B::E0028,,,Mount Simon Station,unmatched,0.0,unmatched
E0027,P::B::E0027,,,Red Butte Wind,unmatched,0.0,unmatched
E0041,P::B::E0041,,,Sherco South BESS,unmatched,0.0,unmatched
G075,P::B::G075,,,,unmatched_missing_name,0.0,unmatched
G076,P::B::G076,,,,unmatched_missing_name,0.0,unmatched
G077,P::B::G077,,,,unmatched_missing_name,0.0,unmatched
G180,P::B::G180,,,,unmatched_missing_name,0.0,unmatched
G179,P::B::G179,,,,unmatched_missing_name,0.0,unmatched
G178,P::B::G178,,,,unmatched_missing_name,0.0,unmatched
G177,P::B::G177,,,,unmatched_missing_name,0.0,unmatched
G176,P::B::G176,,,,unmatched_missing_name,0.0,unmatched
G175,P::B::G175,,,,unmatched_missing_name,0.0,unmatched
G174,P::B::G174,,,,unmatched_missing_name,0.0,unmatched
G173,P::B::G173,,,,unmatched_missing_name,0.0,unmatched
G172,P::B::G172,,,,unmatched_missing_name,0.0,unmatched
G171,P::B::G171,,,,unmatched_missing_name,0.0,unmatched
G170,P::B::G170,,,,unmatched_missing_name,0.0,unmatched
G169,P::B::G169,,,,unmatched_missing_name,0.0,unmatched
G168,P::B::G168,,,,unmatched_missing_name,0.0,unmatched
G167,P::B::G167,,,,unmatched_missing_name,0.0,unmatched
G166,P::B::G166,,,,unmatched_missing_name,0.0,unmatched
G165,P::B::G165,,,,unmatched_missing_name,0.0,unmatched
G164,P::B::G164,,,,unmatched_missing_name,0.0,unmatched
G163,P::B::G163,,,,unmatched_missing_name,0.0,unmatched
G162,P::B::G162,,,,unmatched_missing_name,0.0,unmatched
G161,P::B::G161,,,,unmatched_missing_name,0.0,unmatched
G160,P::B::G160,,,,unmatched_missing_name,0.0,unmatched
G159,P::B::G159,,,,unmatched_missing_name,0.0,unmatched
G158,P::B::G158,,,,unmatched_missing_name,0.0,unmatched
G157,P::B::G157,,,,unmatched_missing_name,0.0,unmatched
G156,P::B::G156,,,,unmatched_missing_name,0.0,unmatched
G154,P::B::G154,,,,unmatched_missing_name,0.0,unmatched
G152,P::B::G152,,,,unmatched_missing_name,0.0,unmatched
G151,P::B::G151,,,,unmatched_missing_name,0.0,unmatched
G150,P::B::G150,,,,unmatched_missing_name,0.0,unmatched
G181,P::B::G181,,,,unmatched_missing_name,0.0,unmatched
G182,P::B::G182,,,,unmatched_missing_name,0.0,unmatched
G183,P::B::G183,,,,unmatched_missing_name,0.0,unmatched
G184,P::B::G184,,,,unmatched_missing_name,0.0,unmatched
G234,P::B::G234,,,,unmatched_missing_name,0.0,unmatched
G233,P::B::G233,,,,unmatched_missing_name,0.0,unmatched
G232,P::B::G232,,,,unmatched_missing_name,0.0,unmatched
G231,P::B::G231,,,,unmatched_missing_name,0.0,unmatched
G230,P::B::G230,,,,unmatched_missing_name,0.0,unmatched
G229,P::B::G229,,,,unmatched_missing_name,0.0,unmatched
G228,P::B::G228,,,,unmatched_missing_name,0.0,unmatched
G227,P::B::G227,,,,unmatched_missing_name,0.0,unmatched
G226.1,P::B::G226.1,,,,unmatched_missing_name,0.0,unmatched
G226,P::B::G226,,,,unmatched_missing_name,0.0,unmatched
G225,P::B::G225,,,,unmatched_missing_name,0.0,unmatched
G224,P::B::G224,,,,unmatched_missing_name,0.0,unmatched
G223,P::B::G223,,,,unmatched_missing_name,0.0,unmatched
G222,P::B::G222,,,,unmatched_missing_name,0.0,unmatched
G148,P::B::G148,,,,unmatched_missing_name,0.0,unmatched
G221,P::B::G221,,,,unmatched_missing_name,0.0,unmatched
G219,P::B::G219,,,,unmatched_missing_name,0.0,unmatched
G218,P::B::G218,,,,unmatched_missing_name,0.0,unmatched
G217 CONS 94,P::B::G217 CONS 94,,,,unmatched_missing_name,0.0,unmatched
G217 CONS 111,P::B::G217 CONS 111,,,,unmatched_missing_name,0.0,unmatched
G216 CONS 90,P::B::G216 CONS 90,,,,unmatched_missing_name,0.0,unmatched
G216 CONS 110,P::B::G216 CONS 110,,,,unmatched_missing_name,0.0,unmatched
G212 CONS 105,P::B::G212 CONS 105,,,,unmatched_missing_name,0.0,unmatched
G210 CONS 103,P::B::G210 CONS 103,,,,unmatched_missing_name,0.0,unmatched
G207 CONS 37,P::B::G207 CONS 37,,,,unmatched_missing_name,0.0,unmatched
G194 CONS 7,P::B::G194 CONS 7,,,,unmatched_missing_name,0.0,unmatched
G188,P::B::G188,,,,unmatched_missing_name,0.0,unmatched
G187,P::B::G187,,,,unmatched_missing_name,0.0,unmatched
G186,P::B::G186,,,,unmatched_missing_name,0.0,unmatched
G185,P::B::G185,,,,unmatched_missing_name,0.0,unmatched
G220,P::B::G220,,,,unmatched_missing_name,0.0,unmatched
G236,P::B::G236,,,,unmatched_missing_name,0.0,unmatched
G147,P::B::G147,,,,unmatched_missing_name,0.0,unmatched
G145,P::B::G145,,,,unmatched_missing_name,0.0,unmatched
G110,P::B::G110,,,,unmatched_missing_name,0.0,unmatched
G109,P::B::G109,,,,unmatched_missing_name,0.0,unmatched
G108,P::B::G108,,,,unmatched_missing_name,0.0,unmatched
G106,P::B::G106,,,,unmatched_missing_name,0.0,unmatched
G105,P::B::G105,,,,unmatched_missing_name,0.0,unmatched
G104,P::B::G104,,,,unmatched_missing_name,0.0,unmatched
G103,P::B::G103,,,,unmatched_missing_name,0.0,unmatched
G102,P::B::G102,,,,unmatched_missing_name,0.0,unmatched
G101,P::B::G101,,,,unmatched_missing_name,0.0,unmatched
G100,P::B::G100,,,,unmatched_missing_name,0.0,unmatched
G099,P::B::G099,,,,unmatched_missing_name,0.0,unmatched
G098,P::B::G098,,,,unmatched_missing_name,0.0,unmatched
G097,P::B::G097,,,,unmatched_missing_name,0.0,unmatched
G096,P::B::G096,,,,unmatched_missing_name,0.0,unmatched
G095,P::B::G095,,,,unmatched_missing_name,0.0,unmatched
G094,P::B::G094,,,,unmatched_missing_name,0.0,unmatched
G093,P::B::G093,,,,unmatched_missing_name,0.0,unmatched
G092,P::B::G092,,,,unmatched_missing_name,0.0,unmatched
G088,P::B::G088,,,,unmatched_missing_name,0.0,unmatched
G087,P::B::G087,,,,unmatched_missing_name,0.0,unmatched
G086,P::B::G086,,,,unmatched_missing_name,0.0,unmatched
G085,P::B::G085,,,,unmatched_missing_name,0.0,unmatched
G084,P::B::G084,,,,unmatched_missing_name,0.0,unmatched
G083,P::B::G083,,,,unmatched_missing_name,0.0,unmatched
G082,P::B::G082,,,,unmatched_missing_name,0.0,unmatched
G081,P::B::G081,,,,unmatched_missing_name,0.0,unmatched
G080,P::B::G080,,,,unmatched_missing_name,0.0,unmatched
G079,P::B::G079,,,,unmatched_missing_name,0.0,unmatched
G078,P::B::G078,,,,unmatched_missing_name,0.0,unmatched
G111,P::B::G111,,,,unmatched_missing_name,0.0,unmatched
G112,P::B::G112,,,,unmatched_missing_name,0.0,unmatched
G113,P::B::G113,,,,unmatched_missing_name,0.0,unmatched
G114,P::B::G114,,,,unmatched_missing_name,0.0,unmatched
G144,P::B::G144,,,,unmatched_missing_name,0.0,unmatched
G143,P::B::G143,,,,unmatched_missing_name,0.0,unmatched
G142,P::B::G142,,,,unmatched_missing_name,0.0,unmatched
G141,P::B::G141,,,,unmatched_missing_name,0.0,unmatched
G140,P::B::G140,,,,unmatched_missing_name,0.0,unmatched
G139,P::B::G139,,,,unmatched_missing_name,0.0,unmatched
G138,P::B::G138,,,,unmatched_missing_name,0.0,unmatched
G137,P::B::G137,,,,unmatched_missing_name,0.0,unmatched
G136,P::B::G136,,,,unmatched_missing_name,0.0,unmatched
G135,P::B::G135,,,,unmatched_missing_name,0.0,unmatched
G134,P::B::G134,,,,unmatched_missing_name,0.0,unmatched
G133,P::B::G133,,,,unmatched_missing_name,0.0,unmatched
G132,P::B::G132,,,,unmatched_missing_name,0.0,unmatched
G131,P::B::G131,,,,unmatched_missing_name,0.0,unmatched
G146,P::B::G146,,,,unmatched_missing_name,0.0,unmatched
G130,P::B::G130,,,,unmatched_missing_name,0.0,unmatched
G128,P::B::G128,,,,unmatched_missing_name,0.0,unmatched
G127,P::B::G127,,,,unmatched_missing_name,0.0,unmatched
G126,P::B::G126,,,,unmatched_missing_name,0.0,unmatched
G125,P::B::G125,,,,unmatched_missing_name,0.0,unmatched
G124,P::B::G124,,,,unmatched_missing_name,0.0,unmatched
G123,P::B::G123,,,,unmatched_missing_name,0.0,unmatched
G122,P::B::G122,,,,unmatched_missing_name,0.0,unmatched
G121,P::B::G121,,,,unmatched_missing_name,0.0,unmatched
G120,P::B::G120,,,,unmatched_missing_name,0.0,unmatched
G119,P::B::G119,,,,unmatched_missing_name,0.0,unmatched
G118,P::B::G118,,,,unmatched_missing_name,0.0,unmatched
G117,P::B::G117,,,,unmatched_missing_name,0.0,unmatched
G116,P::B::G116,,,,unmatched_missing_name,0.0,unmatched
G115,P::B::G115,,,,unmatched_missing_name,0.0,unmatched
G129,P::B::G129,,,,unmatched_missing_name,0.0,unmatched
J033,P::B::J033,,,,unmatched_missing_name,0.0,unmatched
G546,P::B::G546,,,,unmatched_missing_name,0.0,unmatched
G548,P::B::G548,,,,unmatched_missing_name,0.0,unmatched
G972,P::B::G972,,,,unmatched_missing_name,0.0,unmatched
G971,P::B::G971,,,,unmatched_missing_name,0.0,unmatched
G970,P::B::G970,,,,unmatched_missing_name,0.0,unmatched
G969,P::B::G969,,,,unmatched_missing_name,0.0,unmatched
G968,P::B::G968,,,,unmatched_missing_name,0.0,unmatched
G967,P::B::G967,,,,unmatched_missing_name,0.0,unmatched
G966,P::B::G966,,,,unmatched_missing_name,0.0,unmatched
G965,P::B::G965,,,,unmatched_missing_name,0.0,unmatched
G964,P::B::G964,,,,unmatched_missing_name,0.0,unmatched
G963,P::B::G963,,,,unmatched_missing_name,0.0,unmatched
G962,P::B::G962,,,,unmatched_missing_name,0.0,unmatched
G961,P::B::G961,,,,unmatched_missing_name,0.0,unmatched
G960,P::B::G960,,,,unmatched_missing_name,0.0,unmatched
G959,P::B::G959,,,,unmatched_missing_name,0.0,unmatched
G958,P::B::G958,,,,unmatched_missing_name,0.0,unmatched
G957,P::B::G957,,,,unmatched_missing_name,0.0,unmatched
G956,P::B::G956,,,,unmatched_missing_name,0.0,unmatched
G955,P::B::G955,,,,unmatched_missing_name,0.0,unmatched
G954,P::B::G954,,,,unmatched_missing_name,0.0,unmatched
G953,P::B::G953,,,,unmatched_missing_name,0.0,unmatched
G952,P::B::G952,,,,unmatched_missing_name,0.0,unmatched
G951,P::B::G951,,,,unmatched_missing_name,0.0,unmatched
G950,P::B::G950,,,,unmatched_missing_name,0.0,unmatched
G949,P::B::G949,,,,unmatched_missing_name,0.0,unmatched
G948,P::B::G948,,,,unmatched_missing_name,0.0,unmatched
G947,P::B::G947,,,,unmatched_missing_name,0.0,unmatched
G944,P::B::G944,,,,unmatched_missing_name,0.0,unmatched
G943,P::B::G943,,,,unmatched_missing_name,0.0,unmatched
G942,P::B::G942,,,,unmatched_missing_name,0.0,unmatched
G973,P::B::G973,,,,unmatched_missing_name,0.0,unmatched
G941,P::B::G941,,,,unmatched_missing_name,0.0,unmatched
G975,P::B::G975,,,,unmatched_missing_name,0.0,unmatched
G977,P::B::G977,,,,unmatched_missing_name,0.0,unmatched
H008,P::B::H008,,,,unmatched_missing_name,0.0,unmatched
H007,P::B::H007,,,,unmatched_missing_name,0.0,unmatched
H006,P::B::H006,,,,unmatched_missing_name,0.0,unmatched
H005,P::B::H005,,,,unmatched_missing_name,0.0,unmatched
H004,P::B::H004,,,,unmatched_missing_name,0.0,unmatched
H003,P::B::H003,,,,unmatched_missing_name,0.0,unmatched
H002,P::B::H002,,,,unmatched_missing_name,0.0,unmatched
H001,P::B::H001,,,,unmatched_missing_name,0.0,unmatched
G999,P::B::G999,,,,unmatched_missing_name,0.0,unmatched
G998,P::B::G998,,,,unmatched_missing_name,0.0,unmatched
G997,P::B::G997,,,,unmatched_missing_name,0.0,unmatched
G996,P::B::G996,,,,unmatched_missing_name,0.0,unmatched
G995,P::B::G995,,,,unmatched_missing_name,0.0,unmatched
G994,P::B::G994,,,,unmatched_missing_name,0.0,unmatched
G993,P::B::G993,,,,unmatched_missing_name,0.0,unmatched
G991,P::B::G991,,,,unmatched_missing_name,0.0,unmatched
G990,P::B::G990,,,,unmatched_missing_name,0.0,unmatched
G989,P::B::G989,,,,unmatched_missing_name,0.0,unmatched
G988,P::B::G988,,,,unmatched_missing_name,0.0,unmatched
G987,P::B::G987,,,,unmatched_missing_name,0.0,unmatched
G986,P::B::G986,,,,unmatched_missing_name,0.0,unmatched
G985,P::B::G985,,,,unmatched_missing_name,0.0,unmatched
G984,P::B::G984,,,,unmatched_missing_name,0.0,unmatched
G983,P::B::G983,,,,unmatched_missing_name,0.0,unmatched
G982,P::B::G982,,,,unmatched_missing_name,0.0,unmatched
G981,P::B::G981,,,,unmatched_missing_name,0.0,unmatched
G980,P::B::G980,,,,unmatched_missing_name,0.0,unmatched
G979,P::B::G979,,,,unmatched_missing_name,0.0,unmatched
G978,P::B::G978,,,,unmatched_missing_name,0.0,unmatched
G976,P::B::G976,,,,unmatched_missing_name,0.0,unmatched
G940,P::B::G940,,,,unmatched_missing_name,0.0,unmatched
G939,P::B::G939,,,,unmatched_missing_name,0.0,unmatched
G938,P::B::G938,,,,unmatched_missing_name,0.0,unmatched
G896,P::B::G896,,,,unmatched_missing_name,0.0,unmatched
G895,P::B::G895,,,,unmatched_missing_name,0.0,unmatched
G894,P::B::G894,,,,unmatched_missing_name,0.0,unmatched
G893,P::B::G893,,,,unmatched_missing_name,0.0,unmatched
G891,P::B::G891,,,,unmatched_missing_name,0.0,unmatched
G890,P::B::G890,,,,unmatched_missing_name,0.0,unmatched
G889,P::B::G889,,,,unmatched_missing_name,0.0,unmatched
G888,P::B::G888,,,,unmatched_missing_name,0.0,unmatched
G887,P::B::G887,,,,unmatched_missing_name,0.0,unmatched
G885,P::B::G885,,,,unmatched_missing_name,0.0,unmatched
G884,P::B::G884,,,,unmatched_missing_name,0.0,unmatched
G883,P::B::G883,,,,unmatched_missing_name,0.0,unmatched
G882,P::B::G882,,,,unmatched_missing_name,0.0,unmatched
G879,P::B::G879,,,,unmatched_missing_name,0.0,unmatched
G878,P::B::G878,,,,unmatched_missing_name,0.0,unmatched
G877,P::B::G877,,,,unmatched_missing_name,0.0,unmatched
G876,P::B::G876,,,,unmatched_missing_name,0.0,unmatched
G875,P::B::G875,,,,unmatched_missing_name,0.0,unmatched
G873,P::B::G873,,,,unmatched_missing_name,0.0,unmatched
G872,P::B::G872,,,,unmatched_missing_name,0.0,unmatched
G871,P::B::G871,,,,unmatched_missing_name,0.0,unmatched
G870,P::B::G870,,,,unmatched_missing_name,0.0,unmatched
G869,P::B::G869,,,,unmatched_missing_name,0.0,unmatched
G868,P::B::G868,,,,unmatched_missing_name,0.0,unmatched
G867,P::B::G867,,,,unmatched_missing_name,0.0,unmatched
G865,P::B::G865,,,,unmatched_missing_name,0.0,unmatched
G864,P::B::G864,,,,unmatched_missing_name,0.0,unmatched
G861,P::B::G861,,,,unmatched_missing_name,0.0,unmatched
G860,P::B::G860,,,,unmatched_missing_name,0.0,unmatched
G897,P::B::G897,,,,unmatched_missing_name,0.0,unmatched
G898,P::B::G898,,,,unmatched_missing_name,0.0,unmatched
G899,P::B::G899,,,,unmatched_missing_name,0.0,unmatched
G900,P::B::G900,,,,unmatched_missing_name,0.0,unmatched
G937,P::B::G937,,,,unmatched_missing_name,0.0,unmatched
G935,P::B::G935,,,,unmatched_missing_name,0.0,unmatched
G934,P::B::G934,,,,unmatched_missing_name,0.0,unmatched
G932,P::B::G932,,,,unmatched_missing_name,0.0,unmatched
G931,P::B::G931,,,,unmatched_missing_name,0.0,unmatched
G930,P::B::G930,,,,unmatched_missing_name,0.0,unmatched
G929,P::B::G929,,,,unmatched_missing_name,0.0,unmatched
G927,P::B::G927,,,,unmatched_missing_name,0.0,unmatched
G925,P::B::G925,,,,unmatched_missing_name,0.0,unmatched
G924,P::B::G924,,,,unmatched_missing_name,0.0,unmatched
G923,P::B::G923,,,,unmatched_missing_name,0.0,unmatched
G922,P::B::G922,,,,unmatched_missing_name,0.0,unmatched
G920,P::B::G920,,,,unmatched_missing_name,0.0,unmatched
G918,P::B::G918,,,,unmatched_missing_name,0.0,unmatched
H009,P::B::H009,,,,unmatched_missing_name,0.0,unmatched
G916,P::B::G916,,,,unmatched_missing_name,0.0,unmatched
G914,P::B::G914,,,,unmatched_missing_name,0.0,unmatched
G913,P::B::G913,,,,unmatched_missing_name,0.0,unmatched
G912,P::B::G912,,,,unmatched_missing_name,0.0,unmatched
G911,P::B::G911,,,,unmatched_missing_name,0.0,unmatched
G910,P::B::G910,,,,unmatched_missing_name,0.0,unmatched
G909,P::B::G909,,,,unmatched_missing_name,0.0,unmatched
G908,P::B::G908,,,,unmatched_missing_name,0.0,unmatched
G907,P::B::G907,,,,unmatched_missing_name,0.0,unmatched
G906,P::B::G906,,,,unmatched_missing_name,0.0,unmatched
G905,P::B::G905,,,,unmatched_missing_name,0.0,unmatched
G904,P::B::G904,,,,unmatched_missing_name,0.0,unmatched
G903,P::B::G903,,,,unmatched_missing_name,0.0,unmatched
G902,P::B::G902,,,,unmatched_missing_name,0.0,unmatched
G901,P::B::G901,,,,unmatched_missing_name,0.0,unmatched
G915,P::B::G915,,,,unmatched_missing_name,0.0,unmatched
H010,P::B::H010,,,,unmatched_missing_name,0.0,unmatched
H011,P::B::H011,,,,unmatched_missing_name,0.0,unmatched
H012,P::B::H012,,,,unmatched_missing_name,0.0,unmatched
IP11,P::B::IP11,,,,unmatched_missing_name,0.0,unmatched
IP08,P::B::IP08,,,,unmatched_missing_name,0.0,unmatched
IP05,P::B::IP05,,,,unmatched_missing_name,0.0,unmatched
IP04,P::B::IP04,,,,unmatched_missing_name,0.0,unmatched
IP03,P::B::IP03,,,,unmatched_missing_name,0.0,unmatched
IP02,P::B::IP02,,,,unmatched_missing_name,0.0,unmatched
IP01,P::B::IP01,,,,unmatched_missing_name,0.0,unmatched
H101,P::B::H101,,,,unmatched_missing_name,0.0,unmatched
H100,P::B::H100,,,,unmatched_missing_name,0.0,unmatched
H099,P::B::H099,,,,unmatched_missing_name,0.0,unmatched
H098,P::B::H098,,,,unmatched_missing_name,0.0,unmatched
H097,P::B::H097,,,,unmatched_missing_name,0.0,unmatched
H096,P::B::H096,,,,unmatched_missing_name,0.0,unmatched
H095,P::B::H095,,,,unmatched_missing_name,0.0,unmatched
H094,P::B::H094,,,,unmatched_missing_name,0.0,unmatched
H093,P::B::H093,,,,unmatched_missing_name,0.0,unmatched
H092,P::B::H092,,,,unmatched_missing_name,0.0,unmatched
H091,P::B::H091,,,,unmatched_missing_name,0.0,unmatched
H090,P::B::H090,,,,unmatched_missing_name,0.0,unmatched
H089,P::B::H089,,,,unmatched_missing_name,0.0,unmatched
H088,P::B::H088,,,,unmatched_missing_name,0.0,unmatched
H087,P::B::H087,,,,unmatched_missing_name,0.0,unmatched
H086,P::B::H086,,,,unmatched_missing_name,0.0,unmatched
H085,P::B::H085,,,,unmatched_missing_name,0.0,unmatched
H084,P::B::H084,,,,unmatched_missing_name,0.0,unmatched
H083,P::B::H083,,,,unmatched_missing_name,0.0,unmatched
H082,P::B::H082,,,,unmatched_missing_name,0.0,unmatched
H081,P::B::H081,,,,unmatched_missing_name,0.0,unmatched
H080,P::B::H080,,,,unmatched_missing_name,0.0,unmatched
IP12,P::B::IP12,,,,unmatched_missing_name,0.0,unmatched
IP14,P::B::IP14,,,,unmatched_missing_name,0.0,unmatched
IP17,P::B::IP17,,,,unmatched_missing_name,0.0,unmatched
J001,P::B::J001,,,,unmatched_missing_name,0.0,unmatched
J031,P::B::J031,,,,unmatched_missing_name,0.0,unmatched
J030,P::B::J030,,,,unmatched_missing_name,0.0,unmatched
J029,P::B::J029,,,,unmatched_missing_name,0.0,unmatched
J028,P::B::J028,,,,unmatched_missing_name,0.0,unmatched
J027,P::B::J027,,,,unmatched_missing_name,0.0,unmatched
J026,P::B::J026,,,,unmatched_missing_name,0.0,unmatched
J025,P::B::J025,,,,unmatched_missing_name,0.0,unmatched
J024,P::B::J024,,,,unmatched_missing_name,0.0,unmatched
J023,P::B::J023,,,,unmatched_missing_name,0.0,unmatched
J022,P::B::J022,,,,unmatched_missing_name,0.0,unmatched
J021,P::B::J021,,,,unmatched_missing_name,0.0,unmatched
J020,P::B::J020,,,,unmatched_missing_name,0.0,unmatched
J019,P::B::J019,,,,unmatched_missing_name,0.0,unmatched
J018,P::B::J018,,,,unmatched_missing_name,0.0,unmatched
H079,P::B::H079,,,,unmatched_missing_name,0.0,unmatched
J017,P::B::J017,,,,unmatched_missing_name,0.0,unmatched
J015,P::B::J015,,,,unmatched_missing_name,0.0,unmatched
J014,P::B::J014,,,,unmatched_missing_name,0.0,unmatched
J013,P::B::J013,,,,unmatched_missing_name,0.0,unmatched
J012,P::B::J012,,,,unmatched_missing_name,0.0,unmatched
J011,P::B::J011,,,,unmatched_missing_name,0.0,unmatched
J010,P::B::J010,,,,unmatched_missing_name,0.0,unmatched
J009,P::B::J009,,,,unmatched_missing_name,0.0,unmatched
J008,P::B::J008,,,,unmatched_missing_name,0.0,unmatched
J007,P::B::J007,,,,unmatched_missing_name,0.0,unmatched
J006,P::B::J006,,,,unmatched_missing_name,0.0,unmatched
J005,P::B::J005,,,,unmatched_missing_name,0.0,unmatched
J004,P::B::J004,,,,unmatched_missing_name,0.0,unmatched
J003,P::B::J003,,,,unmatched_missing_name,0.0,unmatched
J002,P::B::J002,,,,unmatched_missing_name,0.0,unmatched
J016,P::B::J016,,,,unmatched_missing_name,0.0,unmatched
G859,P::B::G859,,,,unmatched_missing_name,0.0,unmatched
H078,P::B::H078,,,,unmatched_missing_name,0.0,unmatched
H076,P::B::H076,,,,unmatched_missing_name,0.0,unmatched
H041,P::B::H041,,,,unmatched_missing_name,0.0,unmatched
H040,P::B::H040,,,,unmatched_missing_name,0.0,unmatched
H039,P::B::H039,,,,unmatched_missing_name,0.0,unmatched
H038,P::B::H038,,,,unmatched_missing_name,0.0,unmatched
H037,P::B::H037,,,,unmatched_missing_name,0.0,unmatched
H036,P::B::H036,,,,unmatched_missing_name,0.0,unmatched
H035,P::B::H035,,,,unmatched_missing_name,0.0,unmatched
H034,P::B::H034,,,,unmatched_missing_name,0.0,unmatched
H033,P::B::H033,,,,unmatched_missing_name,0.0,unmatched
H032,P::B::H032,,,,unmatched_missing_name,0.0,unmatched
H031,P::B::H031,,,,unmatched_missing_name,0.0,unmatched
H030,P::B::H030,,,,unmatched_missing_name,0.0,unmatched
H029,P::B::H029,,,,unmatched_missing_name,0.0,unmatched
H028,P::B::H028,,,,unmatched_missing_name,0.0,unmatched
H027,P::B::H027,,,,unmatched_missing_name,0.0,unmatched
H026,P::B::H026,,,,unmatched_missing_name,0.0,unmatched
H025,P::B::H025,,,,unmatched_missing_name,0.0,unmatched
H024,P::B::H024,,,,unmatched_missing_name,0.0,unmatched
H023,P::B::H023,,,,unmatched_missing_name,0.0,unmatched
H022,P::B::H022,,,,unmatched_missing_name,0.0,unmatched
H021,P::B::H021,,,,unmatched_missing_name,0.0,unmatched
H020,P::B::H020,,,,unmatched_missing_name,0.0,unmatched
H019,P::B::H019,,,,unmatched_missing_name,0.0,unmatched
H018,P::B::H018,,,,unmatched_missing_name,0.0,unmatched
H017,P::B::H017,,,,unmatched_missing_name,0.0,unmatched
H016,P::B::H016,,,,unmatched_missing_name,0.0,unmatched
H015,P::B::H015,,,,unmatched_missing_name,0.0,unmatched
H014,P::B::H014,,,,unmatched_missing_name,0.0,unmatched
H013,P::B::H013,,,,unmatched_missing_name,0.0,unmatched
H042,P::B::H042,,,,unmatched_missing_name,0.0,unmatched
H043,P::B::H043,,,,unmatched_missing_name,0.0,unmatched
H044,P::B::H044,,,,unmatched_missing_name,0.0,unmatched
H045,P::B::H045,,,,unmatched_missing_name,0.0,unmatched
H075,P::B::H075,,,,unmatched_missing_name,0.0,unmatched
H074,P::B::H074,,,,unmatched_missing_name,0.0,unmatched
H073,P::B::H073,,,,unmatched_missing_name,0.0,unmatched
H072,P::B::H072,,,,unmatched_missing_name,0.0,unmatched
H071,P::B::H071,,,,unmatched_missing_name,0.0,unmatched
H070,P::B::H070,,,,unmatched_missing_name,0.0,unmatched
H069,P::B::H069,,,,unmatched_missing_name,0.0,unmatched
H068,P::B::H068,,,,unmatched_missing_name,0.0,unmatched
H067,P::B::H067,,,,unmatched_missing_name,0.0,unmatched
H066,P::B::H066,,,,unmatched_missing_name,0.0,unmatched
H065,P::B::H065,,,,unmatched_missing_name,0.0,unmatched
H064,P::B::H064,,,,unmatched_missing_name,0.0,unmatched
H063,P::B::H063,,,,unmatched_missing_name,0.0,unmatched
H062,P::B::H062,,,,unmatched_missing_name,0.0,unmatched
H077,P::B::H077,,,,unmatched_missing_name,0.0,unmatched
H061,P::B::H061,,,,unmatched_missing_name,0.0,unmatched
H059,P::B::H059,,,,unmatched_missing_name,0.0,unmatched
H058,P::B::H058,,,,unmatched_missing_name,0.0,unmatched
H057,P::B::H057,,,,unmatched_missing_name,0.0,unmatched
H056,P::B::H056,,,,unmatched_missing_name,0.0,unmatched
H055,P::B::H055,,,,unmatched_missing_name,0.0,unmatched
H054,P::B::H054,,,,unmatched_missing_name,0.0,unmatched
H053,P::B::H053,,,,unmatched_missing_name,0.0,unmatched
H052,P::B::H052,,,,unmatched_missing_name,0.0,unmatched
H051,P::B::H051,,,,unmatched_missing_name,0.0,unmatched
H050,P::B::H050,,,,unmatched_missing_name,0.0,unmatched
H049,P::B::H049,,,,unmatched_missing_name,0.0,unmatched
H048,P::B::H048,,,,unmatched_missing_name,0.0,unmatched
H047,P::B::H047,,,,unmatched_missing_name,0.0,unmatched
H046,P::B::H046,,,,unmatched_missing_name,0.0,unmatched
H060,P::B::H060,,,,unmatched_missing_name,0.0,unmatched
G547,P::B::G547,,,,unmatched_missing_name,0.0,unmatched
G858,P::B::G858,,,,unmatched_missing_name,0.0,unmatched
G855,P::B::G855,,,,unmatched_missing_name,0.0,unmatched
G656,P::B::G656,,,,unmatched_missing_name,0.0,unmatched
G654,P::B::G654,,,,unmatched_missing_name,0.0,unmatched
G653d,P::B::G653d,,,,unmatched_missing_name,0.0,unmatched
G652,P::B::G652,,,,unmatched_missing_name,0.0,unmatched
G651,P::B::G651,,,,unmatched_missing_name,0.0,unmatched
G650,P::B::G650,,,,unmatched_missing_name,0.0,unmatched
G649,P::B::G649,,,,unmatched_missing_name,0.0,unmatched
G648,P::B::G648,,,,unmatched_missing_name,0.0,unmatched
G647,P::B::G647,,,,unmatched_missing_name,0.0,unmatched
G646,P::B::G646,,,,unmatched_missing_name,0.0,unmatched
G645,P::B::G645,,,,unmatched_missing_name,0.0,unmatched
G644,P::B::G644,,,,unmatched_missing_name,0.0,unmatched
G643,P::B::G643,,,,unmatched_missing_name,0.0,unmatched
G642,P::B::G642,,,,unmatched_missing_name,0.0,unmatched
G641,P::B::G641,,,,unmatched_missing_name,0.0,unmatched
G640,P::B::G640,,,,unmatched_missing_name,0.0,unmatched
G639,P::B::G639,,,,unmatched_missing_name,0.0,unmatched
G638,P::B::G638,,,,unmatched_missing_name,0.0,unmatched
G637,P::B::G637,,,,unmatched_missing_name,0.0,unmatched
G636,P::B::G636,,,,unmatched_missing_name,0.0,unmatched
G635,P::B::G635,,,,unmatched_missing_name,0.0,unmatched
G634,P::B::G634,,,,unmatched_missing_name,0.0,unmatched
G633,P::B::G633,,,,unmatched_missing_name,0.0,unmatched
G632,P::B::G632,,,,unmatched_missing_name,0.0,unmatched
G631,P::B::G631,,,,unmatched_missing_name,0.0,unmatched
G630,P::B::G630,,,,unmatched_missing_name,0.0,unmatched
G629,P::B::G629,,,,unmatched_missing_name,0.0,unmatched
G628,P::B::G628,,,,unmatched_missing_name,0.0,unmatched
G626,P::B::G626,,,,unmatched_missing_name,0.0,unmatched
G657,P::B::G657,,,,unmatched_missing_name,0.0,unmatched
G624,P::B::G624,,,,unmatched_missing_name,0.0,unmatched
G658,P::B::G658,,,,unmatched_missing_name,0.0,unmatched
G660,P::B::G660,,,,unmatched_missing_name,0.0,unmatched
G698,P::B::G698,,,,unmatched_missing_name,0.0,unmatched
G697,P::B::G697,,,,unmatched_missing_name,0.0,unmatched
G696,P::B::G696,,,,unmatched_missing_name,0.0,unmatched
G695,P::B::G695,,,,unmatched_missing_name,0.0,unmatched
G694,P::B::G694,,,,unmatched_missing_name,0.0,unmatched
G691,P::B::G691,,,,unmatched_missing_name,0.0,unmatched
G690,P::B::G690,,,,unmatched_missing_name,0.0,unmatched
G689,P::B::G689,,,,unmatched_missing_name,0.0,unmatched
G688,P::B::G688,,,,unmatched_missing_name,0.0,unmatched
G687,P::B::G687,,,,unmatched_missing_name,0.0,unmatched
G685,P::B::G685,,,,unmatched_missing_name,0.0,unmatched
G684,P::B::G684,,,,unmatched_missing_name,0.0,unmatched
G683,P::B::G683,,,,unmatched_missing_name,0.0,unmatched
G681,P::B::G681,,,,unmatched_missing_name,0.0,unmatched
G680,P::B::G680,,,,unmatched_missing_name,0.0,unmatched
G679,P::B::G679,,,,unmatched_missing_name,0.0,unmatched
G678,P::B::G678,,,,unmatched_missing_name,0.0,unmatched
G677,P::B::G677,,,,unmatched_missing_name,0.0,unmatched
G675,P::B::G675,,,,unmatched_missing_name,0.0,unmatched
G674,P::B::G674,,,,unmatched_missing_name,0.0,unmatched
G671,P::B::G671,,,,unmatched_missing_name,0.0,unmatched
G670,P::B::G670,,,,unmatched_missing_name,0.0,unmatched
G669,P::B::G669,,,,unmatched_missing_name,0.0,unmatched
G668,P::B::G668,,,,unmatched_missing_name,0.0,unmatched
G667,P::B::G667,,,,unmatched_missing_name,0.0,unmatched
G666,P::B::G666,,,,unmatched_missing_name,0.0,unmatched
G663,P::B::G663,,,,unmatched_missing_name,0.0,unmatched
G662,P::B::G662,,,,unmatched_missing_name,0.0,unmatched
G661,P::B::G661,,,,unmatched_missing_name,0.0,unmatched
G659,P::B::G659,,,,unmatched_missing_name,0.0,unmatched
G623,P::B::G623,,,,unmatched_missing_name,0.0,unmatched
G622,P::B::G622,,,,unmatched_missing_name,0.0,unmatched
G621,P::B::G621,,,,unmatched_missing_name,0.0,unmatched
G582,P::B::G582,,,,unmatched_missing_name,0.0,unmatched
G581,P::B::G581,,,,unmatched_missing_name,0.0,unmatched
G580,P::B::G580,,,,unmatched_missing_name,0.0,unmatched
G579,P::B::G579,,,,unmatched_missing_name,0.0,unmatched
G578,P::B::G578,,,,unmatched_missing_name,0.0,unmatched
G577,P::B::G577,,,,unmatched_missing_name,0.0,unmatched
G576,P::B::G576,,,,unmatched_missing_name,0.0,unmatched
G575,P::B::G575,,,,unmatched_missing_name,0.0,unmatched
G574,P::B::G574,,,,unmatched_missing_name,0.0,unmatched
G573,P::B::G573,,,,unmatched_missing_name,0.0,unmatched
G571,P::B::G571,,,,unmatched_missing_name,0.0,unmatched
G570,P::B::G570,,,,unmatched_missing_name,0.0,unmatched
G569,P::B::G569,,,,unmatched_missing_name,0.0,unmatched
G568,P::B::G568,,,,unmatched_missing_name,0.0,unmatched
G567,P::B::G567,,,,unmatched_missing_name,0.0,unmatched
G566d,P::B::G566d,,,,unmatched_missing_name,0.0,unmatched
G566,P::B::G566,,,,unmatched_missing_name,0.0,unmatched
G565,P::B::G565,,,,unmatched_missing_name,0.0,unmatched
G564,P::B::G564,,,,unmatched_missing_name,0.0,unmatched
G563,P::B::G563,,,,unmatched_missing_name,0.0,unmatched
G562,P::B::G562,,,,unmatched_missing_name,0.0,unmatched
G561,P::B::G561,,,,unmatched_missing_name,0.0,unmatched
G555,P::B::G555,,,,unmatched_missing_name,0.0,unmatched
G554,P::B::G554,,,,unmatched_missing_name,0.0,unmatched
G553,P::B::G553,,,,unmatched_missing_name,0.0,unmatched
G552,P::B::G552,,,,unmatched_missing_name,0.0,unmatched
G551,P::B::G551,,,,unmatched_missing_name,0.0,unmatched
G550,P::B::G550,,,,unmatched_missing_name,0.0,unmatched
G549,P::B::G549,,,,unmatched_missing_name,0.0,unmatched
G583,P::B::G583,,,,unmatched_missing_name,0.0,unmatched
G584,P::B::G584,,,,unmatched_missing_name,0.0,unmatched
G585,P::B::G585,,,,unmatched_missing_name,0.0,unmatched
G586,P::B::G586,,,,unmatched_missing_name,0.0,unmatched
G620,P::B::G620,,,,unmatched_missing_name,0.0,unmatched
G619,P::B::G619,,,,unmatched_missing_name,0.0,unmatched
G618,P::B::G618,,,,unmatched_missing_name,0.0,unmatched
G617,P::B::G617,,,,unmatched_missing_name,0.0,unmatched
G616,P::B::G616,,,,unmatched_missing_name,0.0,unmatched
G614,P::B::G614,,,,unmatched_missing_name,0.0,unmatched
G613,P::B::G613,,,,unmatched_missing_name,0.0,unmatched
G612,P::B::G612,,,,unmatched_missing_name,0.0,unmatched
G611,P::B::G611,,,,unmatched_missing_name,0.0,unmatched
G609,P::B::G609,,,,unmatched_missing_name,0.0,unmatched
G608,P::B::G608,,,,unmatched_missing_name,0.0,unmatched
G607,P::B::G607,,,,unmatched_missing_name,0.0,unmatched
G606,P::B::G606,,,,unmatched_missing_name,0.0,unmatched
G605,P::B::G605,,,,unmatched_missing_name,0.0,unmatched
G699,P::B::G699,,,,unmatched_missing_name,0.0,unmatched
G604,P::B::G604,,,,unmatched_missing_name,0.0,unmatched
G602,P::B::G602,,,,unmatched_missing_name,0.0,unmatched
G600,P::B::G600,,,,unmatched_missing_name,0.0,unmatched
G599,P::B::G599,,,,unmatched_missing_name,0.0,unmatched
G598,P::B::G598,,,,unmatched_missing_name,0.0,unmatched
G597,P::B::G597,,,,unmatched_missing_name,0.0,unmatched
G596,P::B::G596,,,,unmatched_missing_name,0.0,unmatched
G595,P::B::G595,,,,unmatched_missing_name,0.0,unmatched
G594,P::B::G594,,,,unmatched_missing_name,0.0,unmatched
G593,P::B::G593,,,,unmatched_missing_name,0.0,unmatched
G591,P::B::G591,,,,unmatched_missing_name,0.0,unmatched
G590,P::B::G590,,,,unmatched_missing_name,0.0,unmatched
G589,P::B::G589,,,,unmatched_missing_name,0.0,unmatched
G588,P::B::G588,,,,unmatched_missing_name,0.0,unmatched
G587,P::B::G587,,,,unmatched_missing_name,0.0,unmatched
G603,P::B::G603,,,,unmatched_missing_name,0.0,unmatched
G700,P::B::G700,,,,unmatched_missing_name,0.0,unmatched
G701,P::B::G701,,,,unmatched_missing_name,0.0,unmatched
G702,P::B::G702,,,,unmatched_missing_name,0.0,unmatched
G813,P::B::G813,,,,unmatched_missing_name,0.0,unmatched
G812,P::B::G812,,,,unmatched_missing_name,0.0,unmatched
G810,P::B::G810,,,,unmatched_missing_name,0.0,unmatched
G809,P::B::G809,,,,unmatched_missing_name,0.0,unmatched
G807,P::B::G807,,,,unmatched_missing_name,0.0,unmatched
G806,P::B::G806,,,,unmatched_missing_name,0.0,unmatched
G805,P::B::G805,,,,unmatched_missing_name,0.0,unmatched
G804,P::B::G804,,,,unmatched_missing_name,0.0,unmatched
G803,P::B::G803,,,,unmatched_missing_name,0.0,unmatched
G802,P::B::G802,,,,unmatched_missing_name,0.0,unmatched
G801,P::B::G801,,,,unmatched_missing_name,0.0,unmatched
G800,P::B::G800,,,,unmatched_missing_name,0.0,unmatched
G799,P::B::G799,,,,unmatched_missing_name,0.0,unmatched
G798,P::B::G798,,,,unmatched_missing_name,0.0,unmatched
G797,P::B::G797,,,,unmatched_missing_name,0.0,unmatched
G796,P::B::G796,,,,unmatched_missing_name,0.0,unmatched
G793,P::B::G793,,,,unmatched_missing_name,0.0,unmatched
G792,P::B::G792,,,,unmatched_missing_name,0.0,unmatched
G790,P::B::G790,,,,unmatched_missing_name,0.0,unmatched
G789,P::B::G789,,,,unmatched_missing_name,0.0,unmatched
G788,P::B::G788,,,,unmatched_missing_name,0.0,unmatched
G784,P::B::G784,,,,unmatched_missing_name,0.0,unmatched
G783,P::B::G783,,,,unmatched_missing_name,0.0,unmatched
G782,P::B::G782,,,,unmatched_missing_name,0.0,unmatched
G781,P::B::G781,,,,unmatched_missing_name,0.0,unmatched
G780,P::B::G780,,,,unmatched_missing_name,0.0,unmatched
G779,P::B::G779,,,,unmatched_missing_name,0.0,unmatched
G778,P::B::G778,,,,unmatched_missing_name,0.0,unmatched
G777,P::B::G777,,,,unmatched_missing_name,0.0,unmatched
G814,P::B::G814,,,,unmatched_missing_name,0.0,unmatched
G817,P::B::G817,,,,unmatched_missing_name,0.0,unmatched
G818,P::B::G818,,,,unmatched_missing_name,0.0,unmatched
G820,P::B::G820,,,,unmatched_missing_name,0.0,unmatched
G854,P::B::G854,,,,unmatched_missing_name,0.0,unmatched
G853,P::B::G853,,,,unmatched_missing_name,0.0,unmatched
G852,P::B::G852,,,,unmatched_missing_name,0.0,unmatched
G851,P::B::G851,,,,unmatched_missing_name,0.0,unmatched
G850,P::B::G850,,,,unmatched_missing_name,0.0,unmatched
G849,P::B::G849,,,,unmatched_missing_name,0.0,unmatched
G848,P::B::G848,,,,unmatched_missing_name,0.0,unmatched
G847,P::B::G847,,,,unmatched_missing_name,0.0,unmatched
G846,P::B::G846,,,,unmatched_missing_name,0.0,unmatched
G845,P::B::G845,,,,unmatched_missing_name,0.0,unmatched
G844,P::B::G844,,,,unmatched_missing_name,0.0,unmatched
G843,P::B::G843,,,,unmatched_missing_name,0.0,unmatched
G842,P::B::G842,,,,unmatched_missing_name,0.0,unmatched
G841,P::B::G841,,,,unmatched_missing_name,0.0,unmatched
G776,P::B::G776,,,,unmatched_missing_name,0.0,unmatched
G837,P::B::G837,,,,unmatched_missing_name,0.0,unmatched
G835,P::B::G835,,,,unmatched_missing_name,0.0,unmatched
G834,P::B::G834,,,,unmatched_missing_name,0.0,unmatched
G833,P::B::G833,,,,unmatched_missing_name,0.0,unmatched
G832,P::B::G832,,,,unmatched_missing_name,0.0,unmatched
G831,P::B::G831,,,,unmatched_missing_name,0.0,unmatched
G830,P::B::G830,,,,unmatched_missing_name,0.0,unmatched
G829,P::B::G829,,,,unmatched_missing_name,0.0,unmatched
G828,P::B::G828,,,,unmatched_missing_name,0.0,unmatched
G827,P::B::G827,,,,unmatched_missing_name,0.0,unmatched
G826,P::B::G826,,,,unmatched_missing_name,0.0,unmatched
G825,P::B::G825,,,,unmatched_missing_name,0.0,unmatched
G824,P::B::G824,,,,unmatched_missing_name,0.0,unmatched
G823,P::B::G823,,,,unmatched_missing_name,0.0,unmatched
G821,P::B::G821,,,,unmatched_missing_name,0.0,unmatched
G836,P::B::G836,,,,unmatched_missing_name,0.0,unmatched
G857,P::B::G857,,,,unmatched_missing_name,0.0,unmatched
G775,P::B::G775,,,,unmatched_missing_name,0.0,unmatched
G773,P::B::G773,,,,unmatched_missing_name,0.0,unmatched
G737,P::B::G737,,,,unmatched_missing_name,0.0,unmatched
G736,P::B::G736,,,,unmatched_missing_name,0.0,unmatched
G735,P::B::G735,,,,unmatched_missing_name,0.0,unmatched
G734,P::B::G734,,,,unmatched_missing_name,0.0,unmatched
G733,P::B::G733,,,,unmatched_missing_name,0.0,unmatched
G732,P::B::G732,,,,unmatched_missing_name,0.0,unmatched
G731,P::B::G731,,,,unmatched_missing_name,0.0,unmatched
G730,P::B::G730,,,,unmatched_missing_name,0.0,unmatched
G729,P::B::G729,,,,unmatched_missing_name,0.0,unmatched
G728,P::B::G728,,,,unmatched_missing_name,0.0,unmatched
G727,P::B::G727,,,,unmatched_missing_name,0.0,unmatched
G726,P::B::G726,,,,unmatched_missing_name,0.0,unmatched
G725,P::B::G725,,,,unmatched_missing_name,0.0,unmatched
G724,P::B::G724,,,,unmatched_missing_name,0.0,unmatched
G723,P::B::G723,,,,unmatched_missing_name,0.0,unmatched
G722,P::B::G722,,,,unmatched_missing_name,0.0,unmatched
G721,P::B::G721,,,,unmatched_missing_name,0.0,unmatched
G720,P::B::G720,,,,unmatched_missing_name,0.0,unmatched
G719,P::B::G719,,,,unmatched_missing_name,0.0,unmatched
G718,P::B::G718,,,,unmatched_missing_name,0.0,unmatched
G716,P::B::G716,,,,unmatched_missing_name,0.0,unmatched
G715,P::B::G715,,,,unmatched_missing_name,0.0,unmatched
G713,P::B::G713,,,,unmatched_missing_name,0.0,unmatched
G712,P::B::G712,,,,unmatched_missing_name,0.0,unmatched
G710,P::B::G710,,,,unmatched_missing_name,0.0,unmatched
G706,P::B::G706,,,,unmatched_missing_name,0.0,unmatched
G705,P::B::G705,,,,unmatched_missing_name,0.0,unmatched
G704,P::B::G704,,,,unmatched_missing_name,0.0,unmatched
G703,P::B::G703,,,,unmatched_missing_name,0.0,unmatched
G738,P::B::G738,,,,unmatched_missing_name,0.0,unmatched
G739,P::B::G739,,,,unmatched_missing_name,0.0,unmatched
G740,P::B::G740,,,,unmatched_missing_name,0.0,unmatched
G741,P::B::G741,,,,unmatched_missing_name,0.0,unmatched
G772,P::B::G772,,,,unmatched_missing_name,0.0,unmatched
G771,P::B::G771,,,,unmatched_missing_name,0.0,unmatched
G770,P::B::G770,,,,unmatched_missing_name,0.0,unmatched
G769,P::B::G769,,,,unmatched_missing_name,0.0,unmatched
G768,P::B::G768,,,,unmatched_missing_name,0.0,unmatched
G767,P::B::G767,,,,unmatched_missing_name,0.0,unmatched
G766,P::B::G766,,,,unmatched_missing_name,0.0,unmatched
G765,P::B::G765,,,,unmatched_missing_name,0.0,unmatched
G764,P::B::G764,,,,unmatched_missing_name,0.0,unmatched
G763,P::B::G763,,,,unmatched_missing_name,0.0,unmatched
G762,P::B::G762,,,,unmatched_missing_name,0.0,unmatched
G761,P::B::G761,,,,unmatched_missing_name,0.0,unmatched
G760,P::B::G760,,,,unmatched_missing_name,0.0,unmatched
G759,P::B::G759,,,,unmatched_missing_name,0.0,unmatched
G774,P::B::G774,,,,unmatched_missing_name,0.0,unmatched
G758,P::B::G758,,,,unmatched_missing_name,0.0,unmatched
G756,P::B::G756,,,,unmatched_missing_name,0.0,unmatched
G755,P::B::G755,,,,unmatched_missing_name,0.0,unmatched
G754,P::B::G754,,,,unmatched_missing_name,0.0,unmatched
G753,P::B::G753,,,,unmatched_missing_name,0.0,unmatched
G752,P::B::G752,,,,unmatched_missing_name,0.0,unmatched
G751,P::B::G751,,,,unmatched_missing_name,0.0,unmatched
G750,P::B::G750,,,,unmatched_missing_name,0.0,unmatched
G749,P::B::G749,,,,unmatched_missing_name,0.0,unmatched
G747,P::B::G747,,,,unmatched_missing_name,0.0,unmatched
G746,P::B::G746,,,,unmatched_missing_name,0.0,unmatched
G745,P::B::G745,,,,unmatched_missing_name,0.0,unmatched
G744,P::B::G744,,,,unmatched_missing_name,0.0,unmatched
G743,P::B::G743,,,,unmatched_missing_name,0.0,unmatched
G742,P::B::G742,,,,unmatched_missing_name,0.0,unmatched
G757,P::B::G757,,,,unmatched_missing_name,0.0,unmatched
S1052,P::S1052,,,Surplus; Shelby,unmatched,0.0,unmatched
J4099,P::J4099,,,,unmatched_missing_name,0.0,unmatched
J873,P::J873,,,,unmatched_missing_name,0.0,unmatched
S1078,P::S1078,,,Surplus; J1325,unmatched,0.0,unmatched
J868,P::J868,,,,unmatched_missing_name,0.0,unmatched
J726,P::J726,,,,unmatched_missing_name,0.0,unmatched
J4108,P::J4108,,,,unmatched_missing_name,0.0,unmatched
J4109,P::J4109,,,,unmatched_missing_name,0.0,unmatched
J4082,P::J4082,,,,unmatched_missing_name,0.0,unmatched
S1050,P::S1050,,,Surplus; J1669,unmatched,0.0,unmatched
J749,P::J749,,,,unmatched_missing_name,0.0,unmatched
S1068,P::S1068,,,Surplus; J1658,unmatched,0.0,unmatched
S1165,P::M::S1165,,,,unmatched_missing_name,0.0,unmatched
J819,P::J819,,,,unmatched_missing_name,0.0,unmatched
S1177,P::M::S1177,,,,unmatched_missing_name,0.0,unmatched
S1079,P::S1079,,,Surplus; J1588,unmatched,0.0,unmatched
J4101,P::J4101,,,,unmatched_missing_name,0.0,unmatched
S1070,P::S1070,,,Surplus; J1132,unmatched,0.0,unmatched
J4100,P::J4100,,,,unmatched_missing_name,0.0,unmatched
R1000,P::R1000,,,Replace 103.1 MW of Heskett Units 1 & 2 with One (1) General Electric synchronous combustion turbine; Heskett 1 & 2,unmatched,0.0,unmatched
J4083,P::J4083,,,,unmatched_missing_name,0.0,unmatched
R1001,P::R1001,,,Replace Hoot Lake units 2 and 3 (144.8 MW) with Seventeen (17) Sungrow 3 MW solar inverters and PV panels at 49.9 MW; Hoot Lake 2 & 3,unmatched,0.0,unmatched
S1051,P::S1051,,,Surplus; Old Gold,unmatched,0.0,unmatched
R1018,P::R1018,,,Replacing 100 MW of existing coal generation with 28 Power Electronic 4.01 MVA at Lansing Generation Station; Lansing 4,unmatched,0.0,unmatched
S1067,P::S1067,,,Surplus; J1062,unmatched,0.0,unmatched
J860,P::J860,,,,unmatched_missing_name,0.0,unmatched
S1176,P::M::S1176,,,,unmatched_missing_name,0.0,unmatched
R1016,P::R1016,,,Replacing 124 MW of existing gas generation with solar at Woodruff County (formerly Bailey); Woodruff Co Solar,unmatched_missing_name,0.0,unmatched
J4085,P::J4085,,,,unmatched_missing_name,0.0,unmatched
S1166,P::M::S1166,,,,unmatched_missing_name,0.0,unmatched
J725,P::J725,,,,unmatched_missing_name,0.0,unmatched
S1054,P::S1054,,,Surplus; Big Bend,unmatched,0.0,unmatched
S1066,P::S1066,,,Surplus; J875,unmatched,0.0,unmatched
J4090,P::J4090,,,,unmatched_missing_name,0.0,unmatched
J863,P::J863,,,,unmatched_missing_name,0.0,unmatched
S1058,P::S1058,,,Surplus; J806,unmatched,0.0,unmatched
S1174,P::M::S1174,,,,unmatched_missing_name,0.0,unmatched
J818,P::J818,,,,unmatched_missing_name,0.0,unmatched
S1170,P::M::S1170,,,HUTTIG SS - STRONG SS 115.0kV,unmatched,0.0,unmatched
J866,P::J866,,,,unmatched_missing_name,0.0,unmatched
S1171,P::M::S1171,,,White Bluff EHV 500MW,unmatched_missing_name,0.0,unmatched
R1007,P::R1007,,,Replace 60 MW of ALTW.FPL_DAEC Unit with Battery; Duane Arnold,unmatched,0.0,unmatched
J4091,P::J4091,,,,unmatched_missing_name,0.0,unmatched
J4095,P::J4095,,,,unmatched_missing_name,0.0,unmatched
S1063,P::S1063,,,Surplus; J758,unmatched,0.0,unmatched
R1004,P::R1004,,,Replace 330 MW of CLECO.DPS Unit with solar; Dolet Hills,unmatched,0.0,unmatched
J4105,P::J4105,,,,unmatched_missing_name,0.0,unmatched
S1059,P::S1059,,,Surplus; J199/J202,unmatched,0.0,unmatched
S1173,P::M::S1173,,,HUTTIG SS - STRONG SS 115.0kV,unmatched_missing_name,0.0,unmatched
S1073,P::S1073,,,Surplus; J1450,unmatched,0.0,unmatched
J871,P::J871,,,,unmatched_missing_name,0.0,unmatched
J4093,P::J4093,,,,unmatched_missing_name,0.0,unmatched
R1005,P::R1005,,,Replace 49 MW of GRE.ELKRI1 Unit with Gas/Oil; Elk River 1,unmatched,0.0,unmatched
J865,P::J865,,,,unmatched_missing_name,0.0,unmatched
S1062,P::S1062,,,Surplus; J1320,unmatched,0.0,unmatched
J4104,P::J4104,,,,unmatched_missing_name,0.0,unmatched
S1076,P::S1076,,,Surplus; J909,unmatched,0.0,unmatched
S1061,P::S1061,,,Surplus; G905,unmatched,0.0,unmatched
J4094,P::J4094,,,,unmatched_missing_name,0.0,unmatched
R1006,P::R1006,,,Replace 350 MW of ALTW.FPL_DAEC Unit with Solar; Duane Arnold,unmatched,0.0,unmatched
J750,P::J750,,,,unmatched_missing_name,0.0,unmatched
J4092,P::J4092,,,,unmatched_missing_name,0.0,unmatched
S1074,P::S1074,,,Surplus; J834,unmatched,0.0,unmatched
J864,P::J864,,,,unmatched_missing_name,0.0,unmatched
S1172,P::M::S1172,,,Calamus East,unmatched_missing_name,0.0,unmatched
R1003,P::R1003,,,"Replace 1163.3 MW of Sabine Units 3, 4 & 1 with 2 on 1 Combined Cycle Gas Turbine facility; Sabine 1",unmatched,0.0,unmatched
S1071,P::S1071,,,Surplus; J1734,unmatched,0.0,unmatched
J4096,P::J4096,,,,unmatched_missing_name,0.0,unmatched
R1012,P::R1012,,,Replace 15 MW of ALTW.FPL_DAEC Unit with Battery; Duane Arnold,unmatched,0.0,unmatched
R1002,P::R1002,,,Replace 11.4 of WPS.LAKEFRN96 Unit with natural gas (with diesel as a backup); Lakefront 9,unmatched,0.0,unmatched
S1077,P::S1077,,,Surplus,unmatched,0.0,unmatched
S1168,P::M::S1168,,,Finks 138 kV,unmatched,0.0,unmatched
J4087,P::J4087,,,,unmatched_missing_name,0.0,unmatched
J4107,P::J4107,,,,unmatched_missing_name,0.0,unmatched
S1065,P::S1065,,,Surplus; J1224/J1329,unmatched,0.0,unmatched
J4098,P::J4098,,,,unmatched_missing_name,0.0,unmatched
J4102,P::J4102,,,,unmatched_missing_name,0.0,unmatched
S1167,P::M::S1167,,,Greenway 138 kV,unmatched,0.0,unmatched
J861,P::J861,,,,unmatched_missing_name,0.0,unmatched
R1015,P::R1015,,,Replacing 300 MW of existing coal generation with BESS; Edgewater 5,unmatched_missing_name,0.0,unmatched
J728,P::J728,,,,unmatched_missing_name,0.0,unmatched
J4086,P::J4086,,,,unmatched_missing_name,0.0,unmatched
S1053,P::S1053,,,Surplus; J385,unmatched,0.0,unmatched
J722,P::J722,,,,unmatched_missing_name,0.0,unmatched
S1175,P::M::S1175,,,,unmatched_missing_name,0.0,unmatched
J867,P::J867,,,,unmatched_missing_name,0.0,unmatched
J4103,P::J4103,,,,unmatched_missing_name,0.0,unmatched
R1011,P::R1011,,,Replace 250MW of the existing Petersburg coal unit with PV and DC-coupled battery storage; Petersburg 2,unmatched,0.0,unmatched
J872,P::J872,,,,unmatched_missing_name,0.0,unmatched
S1057,P::S1057,,,Surplus; Glacier Moraine,unmatched,0.0,unmatched
S1064,P::S1064,,,Surplus; G291,unmatched,0.0,unmatched
J4089,P::J4089,,,,unmatched_missing_name,0.0,unmatched
J870,P::J870,,,,unmatched_missing_name,0.0,unmatched
J752,P::J752,,,,unmatched_missing_name,0.0,unmatched
J4106,P::J4106,,,,unmatched_missing_name,0.0,unmatched
S1169,P::M::S1169,,,BOGALUSA - TALISHEEK (LAGEN) 230.0kV,unmatched,0.0,unmatched
J862,P::J862,,,,unmatched_missing_name,0.0,unmatched
J4097,P::J4097,,,,unmatched_missing_name,0.0,unmatched
J4088,P::J4088,,,,unmatched_missing_name,0.0,unmatched
J816,P::J816,,,,unmatched_missing_name,0.0,unmatched
J817,P::J817,,,,unmatched_missing_name,0.0,unmatched
J869,P::J869,,,,unmatched_missing_name,0.0,unmatched
R1050,P::R1050,,,Replacing 135.5 MW with 135.5 MW BESS; Blue Lake Units 1 2 4,unmatched,0.0,unmatched
J4081,P::J4081,,,,unmatched_missing_name,0.0,unmatched
R1056,P::R1056,,,Replacing 179 MW Coal with 179 MW Solar; Edwards Unit 3 - 179PV,unmatched,0.0,unmatched
J4028,P::J4028,,,,unmatched_missing_name,0.0,unmatched
S1017,P::S1017,,,Surplus; J947,unmatched,0.0,unmatched
J4027,P::J4027,,,,unmatched_missing_name,0.0,unmatched
R1059,P::R1059,,,,unmatched_missing_name,0.0,unmatched
J837,P::J837,,,,unmatched_missing_name,0.0,unmatched
J4026,P::J4026,,,,unmatched_missing_name,0.0,unmatched
S1016,P::S1016,,,Surplus; J864,unmatched,0.0,unmatched
J4025,P::J4025,,,,unmatched_missing_name,0.0,unmatched
J745,P::J745,,,,unmatched_missing_name,0.0,unmatched
J4029,P::J4029,,,,unmatched_missing_name,0.0,unmatched
R5062,P::R5062,,,Replacing 722 MW Coal with 285 MW of Battery and 437MW of Gas; Schahfer,unmatched,0.0,unmatched
J4024,P::J4024,,,,unmatched_missing_name,0.0,unmatched
J836,P::J836,,,,unmatched_missing_name,0.0,unmatched
J4023,P::J4023,,,,unmatched_missing_name,0.0,unmatched
R5063,P::R5063,,,Replacing 160 MW of Solar with 80 MW of Solar and 90 MW of BESS; Bell Solar,unmatched,0.0,unmatched
S1014,P::S1014,,,Surplus; Merricourt Solar,unmatched,0.0,unmatched
J4022,P::J4022,,,,unmatched_missing_name,0.0,unmatched
J4021,P::J4021,,,,unmatched_missing_name,0.0,unmatched
J825,P::J825,,,,unmatched_missing_name,0.0,unmatched
J835,P::J835,,,,unmatched_missing_name,0.0,unmatched
R5064,P::R5064,,,Replacing 150 MW of coal generation with BESS at Lansing; Lansing 4,unmatched,0.0,unmatched
S1015,P::S1015,,,Surplus; J928,unmatched,0.0,unmatched
J838,P::J838,,,,unmatched_missing_name,0.0,unmatched
S1018,P::S1018,,,Surplus; J986,unmatched,0.0,unmatched
J4030,P::J4030,,,,unmatched_missing_name,0.0,unmatched
S1023,P::S1023,,,Surplus; J1000,unmatched,0.0,unmatched
R1052,P::R1052,,,Replacing 615 MW Coal with 615 MW BESS; Campbell Units 1 & 2,unmatched_missing_name,0.0,unmatched
J4039,P::J4039,,,,unmatched_missing_name,0.0,unmatched
J841,P::J841,,,,unmatched_missing_name,0.0,unmatched
J4038,P::J4038,,,,unmatched_missing_name,0.0,unmatched
S1022,P::S1022,,,Surplus; Petersburg,unmatched,0.0,unmatched
J4037,P::J4037,,,,unmatched_missing_name,0.0,unmatched
R1053,P::R1053,,,Replacing 1138 MW Coal with 1138 MW GAS; Oak Creek Units 5-8,unmatched,0.0,unmatched
S1021,P::S1021,,,Surplus; Pine River Solar,unmatched,0.0,unmatched
J4036,P::J4036,,,,unmatched_missing_name,0.0,unmatched
J840,P::J840,,,,unmatched_missing_name,0.0,unmatched
J4035,P::J4035,,,,unmatched_missing_name,0.0,unmatched
R1054,P::R1054,,,Replacing 261 MW Coal with 615 MW Solar; Edwards Unit 2,unmatched,0.0,unmatched
S1020,P::S1020,,,Surplus; Polaris Solar,unmatched,0.0,unmatched
J4034,P::J4034,,,,unmatched_missing_name,0.0,unmatched
J4033,P::J4033,,,,unmatched_missing_name,0.0,unmatched
J824,P::J824,,,,unmatched_missing_name,0.0,unmatched
J839,P::J839,,,,unmatched_missing_name,0.0,unmatched
J4032,P::J4032,,,,unmatched_missing_name,0.0,unmatched
S1019,P::S1019,,,Surplus; Gratiot Solar,unmatched,0.0,unmatched
R1055,P::R1055,,,Replacing 106 MW Coal with 106 MW BESS; Edwards Unit 3 - 106MWBESS,unmatched,0.0,unmatched
J4031,P::J4031,,,,unmatched_missing_name,0.0,unmatched
J739,P::J739,,,,unmatched_missing_name,0.0,unmatched
J4020,P::J4020,,,,unmatched_missing_name,0.0,unmatched
S1013,P::S1013,,,Surplus; Three Waters Wind,unmatched,0.0,unmatched
J4019,P::J4019,,,,unmatched_missing_name,0.0,unmatched
J740,P::J740,,,,unmatched_missing_name,0.0,unmatched
S1007,P::S1007,,,Surplus; J202,unmatched,0.0,unmatched
J743,P::J743,,,,unmatched_missing_name,0.0,unmatched
J4006,P::J4006,,,,unmatched_missing_name,0.0,unmatched
J830,P::J830,,,,unmatched_missing_name,0.0,unmatched
J4005,P::J4005,,,,unmatched_missing_name,0.0,unmatched
S1006,P::S1006,,,Surplus; J850,unmatched,0.0,unmatched
R5072,P::R5072,,,Replacing 100 MW of Solar with Nuclear; Duane Arnold,unmatched,0.0,unmatched
J4004,P::J4004,,,,unmatched_missing_name,0.0,unmatched
J741,P::J741,,,,unmatched_missing_name,0.0,unmatched
J4003,P::J4003,,,,unmatched_missing_name,0.0,unmatched
S1005,P::S1005,,,Surplus; J878,unmatched,0.0,unmatched
J829,P::J829,,,,unmatched_missing_name,0.0,unmatched
J4002,P::J4002,,,,unmatched_missing_name,0.0,unmatched
S1000,P::S1000,,,Surplus; J893,unmatched,0.0,unmatched
J4001,P::J4001,,,,unmatched_missing_name,0.0,unmatched
S1004,P::S1004,,,Surplus; J903,unmatched,0.0,unmatched
J4000,P::J4000,,,,unmatched_missing_name,0.0,unmatched
J828,P::J828,,,,unmatched_missing_name,0.0,unmatched
S1001,P::S1001,,,Surplus; Gibson Generating Station,unmatched,0.0,unmatched
J3999,P::J3999,,,,unmatched_missing_name,0.0,unmatched
S1003,P::S1003,,,Surplus; J913,unmatched,0.0,unmatched
J827,P::J827,,,,unmatched_missing_name,0.0,unmatched
J3998,P::J3998,,,,unmatched_missing_name,0.0,unmatched
J4007,P::J4007,,,,unmatched_missing_name,0.0,unmatched
J4040,P::J4040,,,,unmatched_missing_name,0.0,unmatched
R5071,P::R5071,,,Replacing 244 MW of Solar with Nuclear; Duane Arnold,unmatched,0.0,unmatched
J831,P::J831,,,,unmatched_missing_name,0.0,unmatched
R5065,P::R5065,,,Replacing 130 MW of coal generation with BESS at Lansing; Lansing 4,unmatched,0.0,unmatched
J4018,P::J4018,,,,unmatched_missing_name,0.0,unmatched
S1012,P::S1012,,,Surplus; Pine River Solar,unmatched_missing_name,0.0,unmatched
J834,P::J834,,,,unmatched_missing_name,0.0,unmatched
J4017,P::J4017,,,,unmatched_missing_name,0.0,unmatched
R5066,P::R5066,,,Replacing 20 MW of solar with storage; J1746,unmatched,0.0,unmatched
J4016,P::J4016,,,,unmatched_missing_name,0.0,unmatched
S1011,P::S1011,,,Surplus; Polaris Solar,unmatched,0.0,unmatched
J4015,P::J4015,,,,unmatched_missing_name,0.0,unmatched
J833,P::J833,,,,unmatched_missing_name,0.0,unmatched
R5067,P::R5067,,,Replacing 100 MW of Solar with storage; J1386,unmatched,0.0,unmatched
J4014,P::J4014,,,,unmatched_missing_name,0.0,unmatched
S1010,P::S1010,,,Surplus; Gratiot Solar,unmatched,0.0,unmatched
J4012,P::J4012,,,,unmatched_missing_name,0.0,unmatched
R5069,P::R5069,,,Replacing 200 MW of Solar with Nuclear; J1444,unmatched,0.0,unmatched
J832,P::J832,,,,unmatched_missing_name,0.0,unmatched
J4011,P::J4011,,,,unmatched_missing_name,0.0,unmatched
S1009,P::S1009,,,Surplus; Pleasant Valley Peaker,unmatched,0.0,unmatched
J4010,P::J4010,,,,unmatched_missing_name,0.0,unmatched
J826,P::J826,,,,unmatched_missing_name,0.0,unmatched
R5070,P::R5070,,,Replacing 50 MW of Solar with Nuclear; Duane Arnold,unmatched,0.0,unmatched
J4009,P::J4009,,,,unmatched_missing_name,0.0,unmatched
S1008,P::S1008,,,Surplus; J1419,unmatched,0.0,unmatched
J4008,P::J4008,,,,unmatched_missing_name,0.0,unmatched
J859,P::J859,,,,unmatched_missing_name,0.0,unmatched
J4041,P::J4041,,,,unmatched_missing_name,0.0,unmatched
J842,P::J842,,,,unmatched_missing_name,0.0,unmatched
R1038,P::R1038,,,Replacing 100 MW of solar generation with BESS; Mayhew,unmatched,0.0,unmatched
J748,P::J748,,,,unmatched_missing_name,0.0,unmatched
S1041,P::S1041,,,Surplus; J33/J734,unmatched,0.0,unmatched
J4072,P::J4072,,,,unmatched_missing_name,0.0,unmatched
J853,P::J853,,,,unmatched_missing_name,0.0,unmatched
J4071,P::J4071,,,,unmatched_missing_name,0.0,unmatched
S1040,P::S1040,,,Surplus; J734,unmatched,0.0,unmatched
R1039,P::R1039,,,Replacing 49 MW of gas generation with BESS; Sterlington,unmatched,0.0,unmatched
J4070,P::J4070,,,,unmatched_missing_name,0.0,unmatched
S1039,P::S1039,,,Surplus; J1314,unmatched,0.0,unmatched
J854,P::J854,,,,unmatched_missing_name,0.0,unmatched
J732,P::J732,,,,unmatched_missing_name,0.0,unmatched
J4069,P::J4069,,,,unmatched_missing_name,0.0,unmatched
R1040,P::R1040,,,Replacing 749 MW of coal generation with BESS; Campbell 3,unmatched,0.0,unmatched
J4068,P::J4068,,,,unmatched_missing_name,0.0,unmatched
J821,P::J821,,,,unmatched_missing_name,0.0,unmatched
R1041,P::R1041,,,Replacing 220 MW of coal generation with BESS; Trenton Channel 9,unmatched,0.0,unmatched
J851,P::J851,,,,unmatched_missing_name,0.0,unmatched
J4067,P::J4067,,,,unmatched_missing_name,0.0,unmatched
S1037,P::S1037,,,Surplus; J1842,unmatched_missing_name,0.0,unmatched
R1042,P::R1042,,,Replacing 50 MW of solar generation with BESS; Duane Arnold,unmatched,0.0,unmatched
J4066,P::J4066,,,,unmatched_missing_name,0.0,unmatched
J852,P::J852,,,,unmatched_missing_name,0.0,unmatched
J4073,P::J4073,,,,unmatched_missing_name,0.0,unmatched
S1042,P::S1042,,,Surplus; J806,unmatched_missing_name,0.0,unmatched
R1037,P::R1037,,,Replacing 180 MW of coal generation with BESS at Lansing; LANSING 4,unmatched,0.0,unmatched
S1049,P::S1049,,,Surplus; J1294,unmatched,0.0,unmatched
R1019,P::R1019,,,Replacing 30 MW of existing coal generation with BESS at Burlington Generation Station; Burlington 5,unmatched,0.0,unmatched
J858,P::J858,,,,unmatched_missing_name,0.0,unmatched
J4080,P::J4080,,,,unmatched_missing_name,0.0,unmatched
S1048,P::S1048,,,Surplus; J1102,unmatched,0.0,unmatched
R1029,P::R1029,,,Replacing 37 MW of natural gas generation with BESS at Joppa; Joppa,unmatched_missing_name,0.0,unmatched
J4079,P::J4079,,,,unmatched_missing_name,0.0,unmatched
S1047,P::S1047,,,Surplus; J442,unmatched,0.0,unmatched
J857,P::J857,,,,unmatched_missing_name,0.0,unmatched
J4078,P::J4078,,,,unmatched_missing_name,0.0,unmatched
R1033,P::R1033,,,Replacing 100 MW of gas generation with solar generation; Tidelands,unmatched_missing_name,0.0,unmatched
S1046,P::S1046,,,Surplus; G736,unmatched,0.0,unmatched
J731,P::J731,,,,unmatched_missing_name,0.0,unmatched
J4077,P::J4077,,,,unmatched_missing_name,0.0,unmatched
J856,P::J856,,,,unmatched_missing_name,0.0,unmatched
J4076,P::J4076,,,,unmatched_missing_name,0.0,unmatched
S1044,P::S1044,,,Surplus; J1386,unmatched,0.0,unmatched
R1036,P::R1036,,,Replacing 710 MW of coal generation with solar at Sherco Unit 2; Sherco Unit 2,unmatched,0.0,unmatched
J820,P::J820,,,,unmatched_missing_name,0.0,unmatched
J4075,P::J4075,,,,unmatched_missing_name,0.0,unmatched
J855,P::J855,,,,unmatched_missing_name,0.0,unmatched
S1043,P::S1043,,,Surplus; J1369,unmatched,0.0,unmatched
J4074,P::J4074,,,,unmatched_missing_name,0.0,unmatched
S1036,P::S1036,,,Surplus; G876/G877,unmatched,0.0,unmatched
J850,P::J850,,,,unmatched_missing_name,0.0,unmatched
J4065,P::J4065,,,,unmatched_missing_name,0.0,unmatched
R1043,P::R1043,,,Replacing 31 MW of generation with linear generators powered by natural gas; Burlington 3,unmatched,0.0,unmatched
J4053,P::J4053,,,,unmatched_missing_name,0.0,unmatched
J845,P::J845,,,,unmatched_missing_name,0.0,unmatched
J4052,P::J4052,,,,unmatched_missing_name,0.0,unmatched
S1028,P::S1028,,,Surplus; J1067,unmatched,0.0,unmatched
R1048,P::R1048,,,Replacing 464.5 MW Steam/Gas with 97.8 MW Steam; DOW Chem,unmatched,0.0,unmatched
J4051,P::J4051,,,,unmatched_missing_name,0.0,unmatched
S1027,P::S1027,,,Surplus; J1386,unmatched,0.0,unmatched
J4050,P::J4050,,,,unmatched_missing_name,0.0,unmatched
J844,P::J844,,,,unmatched_missing_name,0.0,unmatched
R1049,P::R1049,,,Replacing 423.1 MW BESS with 423.1 MW COAL; Edgewater Unit 5,unmatched,0.0,unmatched
J4049,P::J4049,,,,unmatched_missing_name,0.0,unmatched
S1026,P::S1026,,,Surplus; J1369,unmatched,0.0,unmatched
J4048,P::J4048,,,,unmatched_missing_name,0.0,unmatched
J4047,P::J4047,,,,unmatched_missing_name,0.0,unmatched
J843,P::J843,,,,unmatched_missing_name,0.0,unmatched
J734,P::J734,,,,unmatched_missing_name,0.0,unmatched
J823,P::J823,,,,unmatched_missing_name,0.0,unmatched
J4046,P::J4046,,,,unmatched_missing_name,0.0,unmatched
S1025,P::S1025,,,Surplus; J1188,unmatched,0.0,unmatched
J4044,P::J4044,,,,unmatched_missing_name,0.0,unmatched
J746,P::J746,,,,unmatched_missing_name,0.0,unmatched
J4043,P::J4043,,,,unmatched_missing_name,0.0,unmatched
S1024,P::S1024,,,Surplus; J1002,unmatched,0.0,unmatched
R1047,P::R1047,,,Replacing 864 MW of coal with Natural Gas Generators; Castle Bluff,unmatched,0.0,unmatched
R1051,P::R1051,,,Replacing 55 MW with 29 MW Natural Gas/Fuel Oil; Blue Lake Unit 3,unmatched,0.0,unmatched
S1029,P::S1029,,,Surplus; J808,unmatched,0.0,unmatched
J4055,P::J4055,,,,unmatched_missing_name,0.0,unmatched
S1035,P::S1035,,,Surplus; J1304,unmatched,0.0,unmatched
J4064,P::J4064,,,,unmatched_missing_name,0.0,unmatched
J849,P::J849,,,,unmatched_missing_name,0.0,unmatched
S1033,P::S1033,,,Surplus; J1305,unmatched,0.0,unmatched
J4063,P::J4063,,,,unmatched_missing_name,0.0,unmatched
J747,P::J747,,,,unmatched_missing_name,0.0,unmatched
R1044,P::R1044,,,Replacing 1014.7 MW of coal generation with Gas/Steam; Cayuga CC1 CC2,unmatched,0.0,unmatched
J4061,P::J4061,,,,unmatched_missing_name,0.0,unmatched
S1032,P::S1032,,,Surplus; J728,unmatched,0.0,unmatched
J848,P::J848,,,,unmatched_missing_name,0.0,unmatched
J4060,P::J4060,,,,unmatched_missing_name,0.0,unmatched
R1045,P::R1045,,,Replacing 258MW ERIS gas/oil with 237MW ERIS Natural Gas/oil; Wheaton 1-4,unmatched,0.0,unmatched
J4059,P::J4059,,,,unmatched_missing_name,0.0,unmatched
J733,P::J733,,,,unmatched_missing_name,0.0,unmatched
J847,P::J847,,,,unmatched_missing_name,0.0,unmatched
J4058,P::J4058,,,,unmatched_missing_name,0.0,unmatched
J822,P::J822,,,,unmatched_missing_name,0.0,unmatched
S1031,P::S1031,,,Surplus; J717,unmatched,0.0,unmatched
J4057,P::J4057,,,,unmatched_missing_name,0.0,unmatched
R1046,P::R1046,,,Replacing 150 MW of storage with solar/storage hybrid; Williams Solar,unmatched,0.0,unmatched
J4056,P::J4056,,,,unmatched_missing_name,0.0,unmatched
S1030,P::S1030,,,Surplus; J811,unmatched,0.0,unmatched
J846,P::J846,,,,unmatched_missing_name,0.0,unmatched
J4054,P::J4054,,,,unmatched_missing_name,0.0,unmatched
J815,P::J815,,,,unmatched_missing_name,0.0,unmatched
R5097,P::M::R5097,,,Sterlington - Bastrop 115 kV,unmatched_missing_name,0.0,unmatched
J874,P::J874,,,,unmatched_missing_name,0.0,unmatched
J922,P::J922,,,,unmatched_missing_name,0.0,unmatched
J4213,P::M::J4213,,,,unmatched_missing_name,0.0,unmatched
J4203,P::J4203,,,,unmatched_missing_name,0.0,unmatched
J4214,P::M::J4214,,,,unmatched_missing_name,0.0,unmatched
J766,P::J766,,,,unmatched_missing_name,0.0,unmatched
J4215,P::M::J4215,,,,unmatched_missing_name,0.0,unmatched
J4201,P::J4201,,,,unmatched_missing_name,0.0,unmatched
J921,P::J921,,,,unmatched_missing_name,0.0,unmatched
J4216,P::M::J4216,,,,unmatched_missing_name,0.0,unmatched
J4217,P::M::J4217,,,,unmatched_missing_name,0.0,unmatched
J4200,P::J4200,,,,unmatched_missing_name,0.0,unmatched
J4218,P::M::J4218,,,,unmatched_missing_name,0.0,unmatched
J4219,P::M::J4219,,,,unmatched_missing_name,0.0,unmatched
J701,P::J701,,,,unmatched_missing_name,0.0,unmatched
J920,P::J920,,,,unmatched_missing_name,0.0,unmatched
J4220,P::M::J4220,,,,unmatched_missing_name,0.0,unmatched
J4221,P::M::J4221,,,,unmatched_missing_name,0.0,unmatched
J4198,P::J4198,,,,unmatched_missing_name,0.0,unmatched
J703,P::J703,,,,unmatched_missing_name,0.0,unmatched
J4222,P::M::J4222,,,,unmatched_missing_name,0.0,unmatched
J919,P::J919,,,,unmatched_missing_name,0.0,unmatched
J4223,P::M::J4223,,,,unmatched_missing_name,0.0,unmatched
J4197,P::J4197,,,,unmatched_missing_name,0.0,unmatched
J4224,P::M::J4224,,,,unmatched_missing_name,0.0,unmatched
J4225,P::M::J4225,,,,unmatched_missing_name,0.0,unmatched
J803,P::J803,,,,unmatched_missing_name,0.0,unmatched
J4196,P::J4196,,,,unmatched_missing_name,0.0,unmatched
J917,P::J917,,,,unmatched_missing_name,0.0,unmatched
J4199,P::J4199,,,,unmatched_missing_name,0.0,unmatched
J4226,P::M::J4226,,,Story County,unmatched_missing_name,0.0,unmatched
J4212,P::M::J4212,,,,unmatched_missing_name,0.0,unmatched
J802,P::J802,,,,unmatched_missing_name,0.0,unmatched
J4175,P::M::J4175,,,,unmatched_missing_name,0.0,unmatched
J927,P::J927,,,,unmatched_missing_name,0.0,unmatched
J4177,P::M::J4177,,,,unmatched_missing_name,0.0,unmatched
J4178,P::M::J4178,,,,unmatched_missing_name,0.0,unmatched
J444,P::J444,,,,unmatched_missing_name,0.0,unmatched
J4179,P::M::J4179,,,,unmatched_missing_name,0.0,unmatched
J801,P::J801,,,,unmatched_missing_name,0.0,unmatched
J926,P::J926,,,,unmatched_missing_name,0.0,unmatched
J767,P::J767,,,,unmatched_missing_name,0.0,unmatched
J4180,P::M::J4180,,,,unmatched_missing_name,0.0,unmatched
J4181,P::M::J4181,,,,unmatched_missing_name,0.0,unmatched
J4182,P::M::J4182,,,,unmatched_missing_name,0.0,unmatched
J4184,P::M::J4184,,,,unmatched_missing_name,0.0,unmatched
J4204,P::J4204,,,,unmatched_missing_name,0.0,unmatched
J925,P::J925,,,,unmatched_missing_name,0.0,unmatched
J698,P::J698,,,,unmatched_missing_name,0.0,unmatched
J4186,P::M::J4186,,,,unmatched_missing_name,0.0,unmatched
J441,P::J441,,,,unmatched_missing_name,0.0,unmatched
J4187,P::M::J4187,,,,unmatched_missing_name,0.0,unmatched
J924,P::J924,,,,unmatched_missing_name,0.0,unmatched
J4205,P::M::J4205,,,Suillivan Station (Entergy0,unmatched,0.0,unmatched
J4206,P::M::J4206,,,,unmatched_missing_name,0.0,unmatched
J4207,P::M::J4207,,,,unmatched_missing_name,0.0,unmatched
J4208,P::M::J4208,,,,unmatched_missing_name,0.0,unmatched
J923,P::J923,,,,unmatched_missing_name,0.0,unmatched
J4209,P::M::J4209,,,,unmatched_missing_name,0.0,unmatched
J4210,P::M::J4210,,,,unmatched_missing_name,0.0,unmatched
J4211,P::M::J4211,,,,unmatched_missing_name,0.0,unmatched
J4185,P::M::J4185,,,,unmatched_missing_name,0.0,unmatched
J4227,P::M::J4227,,,Story County,unmatched_missing_name,0.0,unmatched
J4195,P::J4195,,,,unmatched_missing_name,0.0,unmatched
J4228,P::M::J4228,,,,unmatched_missing_name,0.0,unmatched
J4245,P::M::J4245,,,,unmatched_missing_name,0.0,unmatched
J418,P::J418,,,,unmatched_missing_name,0.0,unmatched
J4246,P::M::J4246,,,,unmatched_missing_name,0.0,unmatched
J761,P::J761,,,,unmatched_missing_name,0.0,unmatched
J911,P::J911,,,,unmatched_missing_name,0.0,unmatched
J4247,P::M::J4247,,,,unmatched_missing_name,0.0,unmatched
J4248,P::M::J4248,,,,unmatched_missing_name,0.0,unmatched
J4249,P::M::J4249,,,,unmatched_missing_name,0.0,unmatched
J4250,P::M::J4250,,,,unmatched_missing_name,0.0,unmatched
J4251,P::M::J4251,,,,unmatched_missing_name,0.0,unmatched
J910,P::J910,,,,unmatched_missing_name,0.0,unmatched
J805,P::J805,,,,unmatched_missing_name,0.0,unmatched
J706,P::J706,,,,unmatched_missing_name,0.0,unmatched
J4244,P::M::J4244,,,,unmatched_missing_name,0.0,unmatched
J4252,P::M::J4252,,,,unmatched_missing_name,0.0,unmatched
J4176,P::J4176,,,,unmatched_missing_name,0.0,unmatched
J4254,P::M::J4254,,,,unmatched_missing_name,0.0,unmatched
J909,P::J909,,,,unmatched_missing_name,0.0,unmatched
J4255,P::M::J4255,,,,unmatched_missing_name,0.0,unmatched
J4174,P::J4174,,,,unmatched_missing_name,0.0,unmatched
J4256,P::M::J4256,,,,unmatched_missing_name,0.0,unmatched
J4257,P::M::J4257,,,,unmatched_missing_name,0.0,unmatched
J4258,P::M::J4258,,,,unmatched_missing_name,0.0,unmatched
J4173,P::J4173,,,,unmatched_missing_name,0.0,unmatched
J908,P::J908,,,,unmatched_missing_name,0.0,unmatched
J4259,P::M::J4259,,,,unmatched_missing_name,0.0,unmatched
J4260,P::M::J4260,,,Plover,unmatched_missing_name,0.0,unmatched
J4172,P::J4172,,,,unmatched_missing_name,0.0,unmatched
J4253,P::M::J4253,,,,unmatched_missing_name,0.0,unmatched
J912,P::J912,,,,unmatched_missing_name,0.0,unmatched
J4183,P::J4183,,,,unmatched_missing_name,0.0,unmatched
J4243,P::M::J4243,,,,unmatched_missing_name,0.0,unmatched
J4229,P::M::J4229,,,,unmatched_missing_name,0.0,unmatched
J916,P::J916,,,,unmatched_missing_name,0.0,unmatched
J4194,P::J4194,,,,unmatched_missing_name,0.0,unmatched
J4230,P::M::J4230,,,,unmatched_missing_name,0.0,unmatched
J4231,P::M::J4231,,,,unmatched_missing_name,0.0,unmatched
J4193,P::J4193,,,,unmatched_missing_name,0.0,unmatched
J704,P::J704,,,,unmatched_missing_name,0.0,unmatched
J762,P::J762,,,,unmatched_missing_name,0.0,unmatched
J4232,P::M::J4232,,,,unmatched_missing_name,0.0,unmatched
J915,P::J915,,,,unmatched_missing_name,0.0,unmatched
J4192,P::J4192,,,,unmatched_missing_name,0.0,unmatched
J4233,P::M::J4233,,,,unmatched_missing_name,0.0,unmatched
J4234,P::M::J4234,,,,unmatched_missing_name,0.0,unmatched
J4235,P::M::J4235,,,Duane Arnold,unmatched_missing_name,0.0,unmatched
J4191,P::J4191,,,,unmatched_missing_name,0.0,unmatched
J4236,P::M::J4236,,,,unmatched_missing_name,0.0,unmatched
J914,P::J914,,,,unmatched_missing_name,0.0,unmatched
J4237,P::M::J4237,,,,unmatched_missing_name,0.0,unmatched
J4190,P::J4190,,,,unmatched_missing_name,0.0,unmatched
J4238,P::M::J4238,,,,unmatched_missing_name,0.0,unmatched
J4239,P::M::J4239,,,,unmatched_missing_name,0.0,unmatched
J804,P::J804,,,,unmatched_missing_name,0.0,unmatched
J4189,P::J4189,,,,unmatched_missing_name,0.0,unmatched
J4240,P::M::J4240,,,Big Stone South 345 kV substation,unmatched_missing_name,0.0,unmatched
J913,P::J913,,,,unmatched_missing_name,0.0,unmatched
J4241,P::M::J4241,,,SIOUX,unmatched_missing_name,0.0,unmatched
J4188,P::J4188,,,,unmatched_missing_name,0.0,unmatched
J705,P::J705,,,,unmatched_missing_name,0.0,unmatched
J4242,P::M::J4242,,,,unmatched_missing_name,0.0,unmatched
J697,P::J697,,,,unmatched_missing_name,0.0,unmatched
J4261,P::M::J4261,,,,unmatched_missing_name,0.0,unmatched
J4163,P::M::J4163,,,Wilmar East,unmatched,0.0,unmatched
J928,P::J928,,,,unmatched_missing_name,0.0,unmatched
J977,P::J977,,,,unmatched_missing_name,0.0,unmatched
J580,P::J580,,,,unmatched_missing_name,0.0,unmatched
J646,P::J646,,,,unmatched_missing_name,0.0,unmatched
J957,P::J957,,,,unmatched_missing_name,0.0,unmatched
J793,P::J793,,,,unmatched_missing_name,0.0,unmatched
J978,P::J978,,,,unmatched_missing_name,0.0,unmatched
J956,P::J956,,,,unmatched_missing_name,0.0,unmatched
J777,P::J777,,,,unmatched_missing_name,0.0,unmatched
J979,P::J979,,,,unmatched_missing_name,0.0,unmatched
J579,P::J579,,,,unmatched_missing_name,0.0,unmatched
J955,P::J955,,,,unmatched_missing_name,0.0,unmatched
J647,P::J647,,,,unmatched_missing_name,0.0,unmatched
J954,P::J954,,,,unmatched_missing_name,0.0,unmatched
J958,P::J958,,,,unmatched_missing_name,0.0,unmatched
J980,P::J980,,,,unmatched_missing_name,0.0,unmatched
J570,P::J570,,,,unmatched_missing_name,0.0,unmatched
J794,P::J794,,,,unmatched_missing_name,0.0,unmatched
J981,P::J981,,,,unmatched_missing_name,0.0,unmatched
J952,P::J952,,,,unmatched_missing_name,0.0,unmatched
J657,P::J657,,,,unmatched_missing_name,0.0,unmatched
J982,P::J982,,,,unmatched_missing_name,0.0,unmatched
J776,P::J776,,,,unmatched_missing_name,0.0,unmatched
J951,P::J951,,,,unmatched_missing_name,0.0,unmatched
J556,P::J556,,,,unmatched_missing_name,0.0,unmatched
J983,P::J983,,,,unmatched_missing_name,0.0,unmatched
J949,P::J949,,,,unmatched_missing_name,0.0,unmatched
J658,P::J658,,,,unmatched_missing_name,0.0,unmatched
J948,P::J948,,,,unmatched_missing_name,0.0,unmatched
J953,P::J953,,,,unmatched_missing_name,0.0,unmatched
J795,P::J795,,,,unmatched_missing_name,0.0,unmatched
J976,P::J976,,,,unmatched_missing_name,0.0,unmatched
J640,P::J640,,,,unmatched_missing_name,0.0,unmatched
J968,P::J968,,,,unmatched_missing_name,0.0,unmatched
J635,P::J635,,,,unmatched_missing_name,0.0,unmatched
J969,P::J969,,,,unmatched_missing_name,0.0,unmatched
J782,P::J782,,,,unmatched_missing_name,0.0,unmatched
J967,P::J967,,,,unmatched_missing_name,0.0,unmatched
J632,P::J632,,,,unmatched_missing_name,0.0,unmatched
J970,P::J970,,,,unmatched_missing_name,0.0,unmatched
J966,P::J966,,,,unmatched_missing_name,0.0,unmatched
J971,P::J971,,,,unmatched_missing_name,0.0,unmatched
J965,P::J965,,,,unmatched_missing_name,0.0,unmatched
J636,P::J636,,,,unmatched_missing_name,0.0,unmatched
J780,P::J780,,,,unmatched_missing_name,0.0,unmatched
J964,P::J964,,,,unmatched_missing_name,0.0,unmatched
J959,P::J959,,,,unmatched_missing_name,0.0,unmatched
J628,P::J628,,,,unmatched_missing_name,0.0,unmatched
J783,P::J783,,,,unmatched_missing_name,0.0,unmatched
J963,P::J963,,,,unmatched_missing_name,0.0,unmatched
J973,P::J973,,,,unmatched_missing_name,0.0,unmatched
J639,P::J639,,,,unmatched_missing_name,0.0,unmatched
J962,P::J962,,,,unmatched_missing_name,0.0,unmatched
J625,P::J625,,,,unmatched_missing_name,0.0,unmatched
J974,P::J974,,,,unmatched_missing_name,0.0,unmatched
J961,P::J961,,,,unmatched_missing_name,0.0,unmatched
J975,P::J975,,,,unmatched_missing_name,0.0,unmatched
J960,P::J960,,,,unmatched_missing_name,0.0,unmatched
J779,P::J779,,,,unmatched_missing_name,0.0,unmatched
J785,P::J785,,,,unmatched_missing_name,0.0,unmatched
J584,P::J584,,,,unmatched_missing_name,0.0,unmatched
J972,P::J972,,,,unmatched_missing_name,0.0,unmatched
J984,P::J984,,,,unmatched_missing_name,0.0,unmatched
J545,P::J545,,,,unmatched_missing_name,0.0,unmatched
J947,P::J947,,,,unmatched_missing_name,0.0,unmatched
J993,P::J993,,,,unmatched_missing_name,0.0,unmatched
J769,P::J769,,,,unmatched_missing_name,0.0,unmatched
J936,P::J936,,,,unmatched_missing_name,0.0,unmatched
J680,P::J680,,,,unmatched_missing_name,0.0,unmatched
J994,P::J994,,,,unmatched_missing_name,0.0,unmatched
J467,P::J467,,,,unmatched_missing_name,0.0,unmatched
J935,P::J935,,,,unmatched_missing_name,0.0,unmatched
J995,P::J995,,,,unmatched_missing_name,0.0,unmatched
J934,P::J934,,,,unmatched_missing_name,0.0,unmatched
J799,P::J799,,,,unmatched_missing_name,0.0,unmatched
J933,P::J933,,,,unmatched_missing_name,0.0,unmatched
J458,P::J458,,,,unmatched_missing_name,0.0,unmatched
J683,P::J683,,,,unmatched_missing_name,0.0,unmatched
J937,P::J937,,,,unmatched_missing_name,0.0,unmatched
J996,P::J996,,,,unmatched_missing_name,0.0,unmatched
J997,P::J997,,,,unmatched_missing_name,0.0,unmatched
J931,P::J931,,,,unmatched_missing_name,0.0,unmatched
J768,P::J768,,,,unmatched_missing_name,0.0,unmatched
J447,P::J447,,,,unmatched_missing_name,0.0,unmatched
J998,P::J998,,,,unmatched_missing_name,0.0,unmatched
J800,P::J800,,,,unmatched_missing_name,0.0,unmatched
J930,P::J930,,,,unmatched_missing_name,0.0,unmatched
J687,P::J687,,,,unmatched_missing_name,0.0,unmatched
J929,P::J929,,,,unmatched_missing_name,0.0,unmatched
J999,P::J999,,,,unmatched_missing_name,0.0,unmatched
J4062,P::M::J4062,,,Rhodair,unmatched,0.0,unmatched
J4084,P::M::J4084,,,Rhodair,unmatched,0.0,unmatched
J446,P::J446,,,,unmatched_missing_name,0.0,unmatched
J932,P::J932,,,,unmatched_missing_name,0.0,unmatched
J798,P::J798,,,,unmatched_missing_name,0.0,unmatched
J478,P::J478,,,,unmatched_missing_name,0.0,unmatched
J992,P::J992,,,,unmatched_missing_name,0.0,unmatched
J985,P::J985,,,,unmatched_missing_name,0.0,unmatched
S1002,P::S1002,,,Surplus; J201,unmatched,0.0,unmatched
J946,P::J946,,,,unmatched_missing_name,0.0,unmatched
J544,P::J544,,,,unmatched_missing_name,0.0,unmatched
J986,P::J986,,,,unmatched_missing_name,0.0,unmatched
J659,P::J659,,,,unmatched_missing_name,0.0,unmatched
J771,P::J771,,,,unmatched_missing_name,0.0,unmatched
J945,P::J945,,,,unmatched_missing_name,0.0,unmatched
J796,P::J796,,,,unmatched_missing_name,0.0,unmatched
J522,P::J522,,,,unmatched_missing_name,0.0,unmatched
J987,P::J987,,,,unmatched_missing_name,0.0,unmatched
J944,P::J944,,,,unmatched_missing_name,0.0,unmatched
J943,P::J943,,,,unmatched_missing_name,0.0,unmatched
J988,P::J988,,,,unmatched_missing_name,0.0,unmatched
J662,P::J662,,,,unmatched_missing_name,0.0,unmatched
J942,P::J942,,,,unmatched_missing_name,0.0,unmatched
J508,P::J508,,,,unmatched_missing_name,0.0,unmatched
J989,P::J989,,,,unmatched_missing_name,0.0,unmatched
J941,P::J941,,,,unmatched_missing_name,0.0,unmatched
J797,P::J797,,,,unmatched_missing_name,0.0,unmatched
J770,P::J770,,,,unmatched_missing_name,0.0,unmatched
J663,P::J663,,,,unmatched_missing_name,0.0,unmatched
J990,P::J990,,,,unmatched_missing_name,0.0,unmatched
J940,P::J940,,,,unmatched_missing_name,0.0,unmatched
J502,P::J502,,,,unmatched_missing_name,0.0,unmatched
J991,P::J991,,,,unmatched_missing_name,0.0,unmatched
J939,P::J939,,,,unmatched_missing_name,0.0,unmatched
J679,P::J679,,,,unmatched_missing_name,0.0,unmatched
J938,P::J938,,,,unmatched_missing_name,0.0,unmatched
J4146,P::M::J4146,,,,unmatched_missing_name,0.0,unmatched
S1164,P::M::S1164,,,Dell - Manila 161 kV,unmatched,0.0,unmatched
J907,P::J907,,,,unmatched_missing_name,0.0,unmatched
J4171,P::J4171,,,,unmatched_missing_name,0.0,unmatched
S1107,P::S1107,,,Surplus; J1190,unmatched,0.0,unmatched
J4130,P::J4130,,,,unmatched_missing_name,0.0,unmatched
S1134,P::M::S1134,,,TWINKLETOWN,unmatched,0.0,unmatched
J885,P::J885,,,,unmatched_missing_name,0.0,unmatched
S1105,P::S1105,,,Surplus; EAI.AECCO SWCT1,unmatched,0.0,unmatched
S1135,P::M::S1135,,,Adams,ambiguous,0.0,needs_review
J4129,P::J4129,,,,unmatched_missing_name,0.0,unmatched
S1136,P::M::S1136,,,,unmatched_missing_name,0.0,unmatched
S1104,P::S1104,,,Surplus,unmatched,0.0,unmatched
J812,P::J812,,,,unmatched_missing_name,0.0,unmatched
J4128,P::J4128,,,,unmatched_missing_name,0.0,unmatched
S1137,P::M::S1137,,,,unmatched_missing_name,0.0,unmatched
J884,P::J884,,,,unmatched_missing_name,0.0,unmatched
S1133,P::M::S1133,,,343515 Chatham Main - 346555 North Aurburn (Ameren) 138.0kV,unmatched,0.0,unmatched
S1103,P::S1103,,,Surplus,unmatched,0.0,unmatched
J4127,P::J4127,,,,unmatched_missing_name,0.0,unmatched
S1139,P::M::S1139,,,,unmatched_missing_name,0.0,unmatched
J717,P::J717,,,,unmatched_missing_name,0.0,unmatched
S1102,P::S1102,,,Surplus; J992,unmatched,0.0,unmatched
J4126,P::J4126,,,,unmatched_missing_name,0.0,unmatched
J883,P::J883,,,,unmatched_missing_name,0.0,unmatched
S1140,P::M::S1140,,,Calamus East,unmatched,0.0,unmatched
S1101,P::S1101,,,Surplus; J1434,unmatched,0.0,unmatched
S1141,P::M::S1141,,,TINNIN ROAD,unmatched,0.0,unmatched
J4125,P::J4125,,,,unmatched_missing_name,0.0,unmatched
S1142,P::M::S1142,,,MOLER - COLFEL 230.0kV,unmatched,0.0,unmatched
S1100,P::S1100,,,Surplus; J1562,unmatched,0.0,unmatched
J882,P::J882,,,,unmatched_missing_name,0.0,unmatched
S1138,P::M::S1138,,,,unmatched_missing_name,0.0,unmatched
J4124,P::J4124,,,,unmatched_missing_name,0.0,unmatched
J715,P::J715,,,,unmatched_missing_name,0.0,unmatched
S1132,P::M::S1132,,,North Creek 138kV Station,unmatched,0.0,unmatched
S1114,P::S1114,,,Surplus; J291,unmatched,0.0,unmatched
J889,P::J889,,,,unmatched_missing_name,0.0,unmatched
J4137,P::J4137,,,,unmatched_missing_name,0.0,unmatched
S1075,P::M::S1075,,,Hinshaw 345 kV,unmatched,0.0,unmatched
S1113,P::S1113,,,Surplus; J416,unmatched,0.0,unmatched
J756,P::J756,,,,unmatched_missing_name,0.0,unmatched
J4136,P::J4136,,,,unmatched_missing_name,0.0,unmatched
S1086,P::M::S1086,,,Stoddard - Morley 161kV,unmatched,0.0,unmatched
S1112,P::S1112,,,,unmatched_missing_name,0.0,unmatched
J811,P::J811,,,,unmatched_missing_name,0.0,unmatched
J888,P::J888,,,,unmatched_missing_name,0.0,unmatched
J4135,P::J4135,,,,unmatched_missing_name,0.0,unmatched
S1087,P::M::S1087,,,Rock Creek 345 kV,unmatched_missing_name,0.0,unmatched
J4131,P::J4131,,,,unmatched_missing_name,0.0,unmatched
J714,P::J714,,,,unmatched_missing_name,0.0,unmatched
S1111,P::S1111,,,Surplus; J500,unmatched,0.0,unmatched
J4134,P::J4134,,,,unmatched_missing_name,0.0,unmatched
S1128,P::M::S1128,,,343515 Chatham Main - 346555 North Aurburn (Ameren) 138.0kV,unmatched,0.0,unmatched
J887,P::J887,,,,unmatched_missing_name,0.0,unmatched
S1110,P::S1110,,,Surplus; J385,unmatched,0.0,unmatched
J4133,P::J4133,,,,unmatched_missing_name,0.0,unmatched
S1129,P::M::S1129,,,Arnott - Golden Sands 138.0kV,unmatched,0.0,unmatched
S1130,P::M::S1130,,,,unmatched_missing_name,0.0,unmatched
S1109,P::S1109,,,Surplus; J495,unmatched,0.0,unmatched
J4132,P::J4132,,,,unmatched_missing_name,0.0,unmatched
S1131,P::M::S1131,,,7JORD - 7CMDR 345.0kV,unmatched,0.0,unmatched
J886,P::J886,,,,unmatched_missing_name,0.0,unmatched
S1108,P::S1108,,,Surplus; J1190,unmatched,0.0,unmatched
S1091,P::M::S1091,,,Adna 345 kV,unmatched,0.0,unmatched
J754,P::J754,,,,unmatched_missing_name,0.0,unmatched
S1143,P::M::S1143,,,,unmatched_missing_name,0.0,unmatched
S1098,P::S1098,,,Surplus; J1058,unmatched,0.0,unmatched
S1155,P::M::S1155,,,,unmatched_missing_name,0.0,unmatched
S1088,P::S1088,,,Surplus; J1426,unmatched,0.0,unmatched
J814,P::J814,,,,unmatched_missing_name,0.0,unmatched
S1156,P::M::S1156,,,,unmatched_missing_name,0.0,unmatched
J4115,P::J4115,,,,unmatched_missing_name,0.0,unmatched
J877,P::J877,,,,unmatched_missing_name,0.0,unmatched
S1085,P::S1085,,,Surplus,unmatched,0.0,unmatched
S1157,P::M::S1157,,,,unmatched_missing_name,0.0,unmatched
J4114,P::J4114,,,,unmatched_missing_name,0.0,unmatched
S1158,P::M::S1158,,,Story County,unmatched,0.0,unmatched
S1084,P::S1084,,,Surplus,unmatched,0.0,unmatched
S1159,P::M::S1159,,,,unmatched_missing_name,0.0,unmatched
J876,P::J876,,,,unmatched_missing_name,0.0,unmatched
J4116,P::J4116,,,,unmatched_missing_name,0.0,unmatched
J4113,P::J4113,,,,unmatched_missing_name,0.0,unmatched
J721,P::J721,,,,unmatched_missing_name,0.0,unmatched
J753,P::J753,,,,unmatched_missing_name,0.0,unmatched
S1160,P::M::S1160,,,,unmatched_missing_name,0.0,unmatched
J4112,P::J4112,,,,unmatched_missing_name,0.0,unmatched
S1082,P::S1082,,,Surplus; J1587,unmatched,0.0,unmatched
S1161,P::M::S1161,,,,unmatched_missing_name,0.0,unmatched
J875,P::J875,,,,unmatched_missing_name,0.0,unmatched
J4111,P::J4111,,,,unmatched_missing_name,0.0,unmatched
S1162,P::M::S1162,,,,unmatched_missing_name,0.0,unmatched
S1081,P::S1081,,,Surplus; J1375,unmatched,0.0,unmatched
S1163,P::M::S1163,,,MORRISON DITCH,unmatched,0.0,unmatched
J4110,P::J4110,,,,unmatched_missing_name,0.0,unmatched
S1080,P::S1080,,,Surplus; J1566,unmatched,0.0,unmatched
S1083,P::S1083,,,Surplus; J1638,unmatched,0.0,unmatched
S1154,P::M::S1154,,,,unmatched_missing_name,0.0,unmatched
S1090,P::S1090,,,Surplus; J1316,unmatched,0.0,unmatched
J878,P::J878,,,,unmatched_missing_name,0.0,unmatched
S1144,P::M::S1144,,,,unmatched_missing_name,0.0,unmatched
J4123,P::J4123,,,,unmatched_missing_name,0.0,unmatched
S1097,P::S1097,,,Surplus; AMIL.TILT1-4,unmatched,0.0,unmatched
J718,P::J718,,,,unmatched_missing_name,0.0,unmatched
J813,P::J813,,,,unmatched_missing_name,0.0,unmatched
J881,P::J881,,,,unmatched_missing_name,0.0,unmatched
J4122,P::J4122,,,,unmatched_missing_name,0.0,unmatched
S1145,P::M::S1145,,,Harvest Wind Point Tap 120 kV,unmatched,0.0,unmatched
S1146,P::M::S1146,,,DU PONT - WHITE LAKE 138.0kV,unmatched,0.0,unmatched
S1096,P::S1096,,,Surplus; J1751,unmatched,0.0,unmatched
J4121,P::J4121,,,,unmatched_missing_name,0.0,unmatched
S1147,P::M::S1147,,,,unmatched_missing_name,0.0,unmatched
S1095,P::S1095,,,Surplus; J1712,unmatched,0.0,unmatched
J880,P::J880,,,,unmatched_missing_name,0.0,unmatched
S1148,P::M::S1148,,,Magnolia,unmatched,0.0,unmatched
J4120,P::J4120,,,,unmatched_missing_name,0.0,unmatched
S1149,P::M::S1149,,,,unmatched_missing_name,0.0,unmatched
S1094,P::S1094,,,Surplus; J1007,unmatched,0.0,unmatched
S1150,P::M::S1150,,,,unmatched_missing_name,0.0,unmatched
J4119,P::J4119,,,,unmatched_missing_name,0.0,unmatched
S1093,P::S1093,,,Surplus; J449,unmatched,0.0,unmatched
J879,P::J879,,,,unmatched_missing_name,0.0,unmatched
S1151,P::M::S1151,,,University (UWW),unmatched,0.0,unmatched
J4118,P::J4118,,,,unmatched_missing_name,0.0,unmatched
S1152,P::M::S1152,,,,unmatched_missing_name,0.0,unmatched
S1092,P::S1092,,,Surplus; ALTE.QUILTBLCK,unmatched,0.0,unmatched
J720,P::J720,,,,unmatched_missing_name,0.0,unmatched
S1153,P::M::S1153,,,Sand Lake 138kV,unmatched,0.0,unmatched
J4117,P::J4117,,,,unmatched_missing_name,0.0,unmatched
S1072,P::M::S1072,,,Sherburne 345kV,unmatched,0.0,unmatched
J707,P::J707,,,,unmatched_missing_name,0.0,unmatched
S1069,P::M::S1069,,,Eureka to Vestaburg 138kV,unmatched,0.0,unmatched
S1116,P::S1116,,,Surplus; J908,unmatched,0.0,unmatched
J4162,P::J4162,,,,unmatched_missing_name,0.0,unmatched
R1031,P::M::R1031,,,Edwards 138 kV,unmatched_missing_name,0.0,unmatched
J902,P::J902,,,,unmatched_missing_name,0.0,unmatched
R1032,P::M::R1032,,,Wheaton Substation,unmatched_missing_name,0.0,unmatched
J4161,P::J4161,,,,unmatched_missing_name,0.0,unmatched
J759,P::J759,,,,unmatched_missing_name,0.0,unmatched
R1034,P::M::R1034,,,ITCM Lansing,unmatched_missing_name,0.0,unmatched
J709,P::J709,,,,unmatched_missing_name,0.0,unmatched
J4160,P::J4160,,,,unmatched_missing_name,0.0,unmatched
R1035,P::M::R1035,,,JOPPA 161 kV,unmatched_missing_name,0.0,unmatched
J901,P::J901,,,,unmatched_missing_name,0.0,unmatched
R1057,P::M::R1057,,,Rush Island Plant – 345KV Switchyard (Existing),unmatched_missing_name,0.0,unmatched
J4159,P::J4159,,,,unmatched_missing_name,0.0,unmatched
R1030,P::M::R1030,,,Slocum (PSSE Bus #264511),unmatched_missing_name,0.0,unmatched
R1058,P::M::R1058,,,Rush Island Plant – 345kV Switchyard (Existing) Bus Number in Power Flow,unmatched_missing_name,0.0,unmatched
J900,P::J900,,,,unmatched_missing_name,0.0,unmatched
J4158,P::J4158,,,,unmatched_missing_name,0.0,unmatched
R5061,P::M::R5061,,,Edgewater 5 - 345kV,unmatched_missing_name,0.0,unmatched
R5068,P::M::R5068,,,,unmatched_missing_name,0.0,unmatched
R5073,P::M::R5073,,,,unmatched_missing_name,0.0,unmatched
J4157,P::J4157,,,,unmatched_missing_name,0.0,unmatched
R5074,P::M::R5074,,,,unmatched_missing_name,0.0,unmatched
J808,P::J808,,,,unmatched_missing_name,0.0,unmatched
J899,P::J899,,,,unmatched_missing_name,0.0,unmatched
J4156,P::J4156,,,,unmatched_missing_name,0.0,unmatched
R5075,P::M::R5075,,,,unmatched_missing_name,0.0,unmatched
R5076,P::M::R5076,,,SCHAHFER GEN STA - ST. JOHN 345.0kV,unmatched,0.0,unmatched
J710,P::J710,,,,unmatched_missing_name,0.0,unmatched
R1060,P::M::R1060,,,North Monroe 138 kV,unmatched_missing_name,0.0,unmatched
J4155,P::J4155,,,,unmatched_missing_name,0.0,unmatched
J807,P::J807,,,,unmatched_missing_name,0.0,unmatched
R1027,P::M::R1027,,,ITC DAEC Substation 161kV,unmatched_missing_name,0.0,unmatched
J4262,P::M::J4262,,,Tazewell,unmatched_missing_name,0.0,unmatched
R1008,P::M::R1008,,,J499 Arbor Hills,unmatched_missing_name,0.0,unmatched
J806,P::J806,,,,unmatched_missing_name,0.0,unmatched
J4170,P::J4170,,,,unmatched_missing_name,0.0,unmatched
J760,P::J760,,,,unmatched_missing_name,0.0,unmatched
R1009,P::M::R1009,,,Consumers Energy 138kV Progress St. Substation,unmatched_missing_name,0.0,unmatched
J906,P::J906,,,,unmatched_missing_name,0.0,unmatched
R1010,P::M::R1010,,,,unmatched_missing_name,0.0,unmatched
J4169,P::J4169,,,,unmatched_missing_name,0.0,unmatched
R1013,P::M::R1013,,,AB Brown 138kV Substation,unmatched_missing_name,0.0,unmatched
R1014,P::M::R1014,,,Edgewater 345kV,unmatched_missing_name,0.0,unmatched
J4168,P::J4168,,,,unmatched_missing_name,0.0,unmatched
R1017,P::M::R1017,,,Burlington 161kV,unmatched_missing_name,0.0,unmatched
R1028,P::M::R1028,,,,unmatched_missing_name,0.0,unmatched
J905,P::J905,,,,unmatched_missing_name,0.0,unmatched
J4167,P::J4167,,,,unmatched_missing_name,0.0,unmatched
R1021,P::M::R1021,,,Petersburg 345kV Substation,unmatched_missing_name,0.0,unmatched
R1022,P::M::R1022,,,Petersburg 345kV Substation,unmatched_missing_name,0.0,unmatched
J708,P::J708,,,,unmatched_missing_name,0.0,unmatched
J4166,P::J4166,,,,unmatched_missing_name,0.0,unmatched
J904,P::J904,,,,unmatched_missing_name,0.0,unmatched
R1023,P::M::R1023,,,,unmatched_missing_name,0.0,unmatched
R1024,P::M::R1024,,,A.B. Brown 138kV Substation,unmatched_missing_name,0.0,unmatched
J4165,P::J4165,,,,unmatched_missing_name,0.0,unmatched
R1025,P::M::R1025,,,Marion Unit 4 -Main Bus,unmatched_missing_name,0.0,unmatched
R1026,P::M::R1026,,,ITC DAEC Substation 161kV,unmatched_missing_name,0.0,unmatched
J903,P::J903,,,,unmatched_missing_name,0.0,unmatched
J4164,P::J4164,,,,unmatched_missing_name,0.0,unmatched
R1020,P::M::R1020,,,ITC DAEC Substation 161kV,unmatched_missing_name,0.0,unmatched
R5077,P::M::R5077,,,,unmatched_missing_name,0.0,unmatched
R5078,P::M::R5078,,,,unmatched_missing_name,0.0,unmatched
J898,P::J898,,,,unmatched_missing_name,0.0,unmatched
R5095,P::M::R5095,,,,unmatched_missing_name,0.0,unmatched
J712,P::J712,,,,unmatched_missing_name,0.0,unmatched
J893,P::J893,,,,unmatched_missing_name,0.0,unmatched
R5096,P::M::R5096,,,AECC Dell East - Blytheville Elm St 161 kV,unmatched_missing_name,0.0,unmatched
J4144,P::J4144,,,,unmatched_missing_name,0.0,unmatched
R5098,P::M::R5098,,,,unmatched_missing_name,0.0,unmatched
S1126,P::S1126,,,,unmatched_missing_name,0.0,unmatched
J4143,P::J4143,,,,unmatched_missing_name,0.0,unmatched
J892,P::J892,,,,unmatched_missing_name,0.0,unmatched
R5099,P::M::R5099,,,Colony - Plum Grove 230 kV,unmatched_missing_name,0.0,unmatched
S1125,P::S1125,,,,unmatched_missing_name,0.0,unmatched
J4142,P::J4142,,,,unmatched_missing_name,0.0,unmatched
R5100,P::M::R5100,,,Arklahoma 115 kV,unmatched_missing_name,0.0,unmatched
J4145,P::J4145,,,,unmatched_missing_name,0.0,unmatched
S1034,P::M::S1034,,,North Beaver Dam 69kV - Bus 698222,unmatched,0.0,unmatched
S1123,P::S1123,,,,unmatched_missing_name,0.0,unmatched
J4141,P::J4141,,,,unmatched_missing_name,0.0,unmatched
J891,P::J891,,,,unmatched_missing_name,0.0,unmatched
S1045,P::M::S1045,,,Napoleon SW 230 kV (661091),unmatched,0.0,unmatched
S1120,P::S1120,,,,unmatched_missing_name,0.0,unmatched
J4140,P::J4140,,,,unmatched_missing_name,0.0,unmatched
S1055,P::M::S1055,,,Wilton (endpoint 1) to Bagley (endpoint 2) 115kV,unmatched,0.0,unmatched
J713,P::J713,,,,unmatched_missing_name,0.0,unmatched
S1056,P::M::S1056,,,Columbia 345kV,unmatched,0.0,unmatched
S1117,P::S1117,,,Surplus; J944,unmatched,0.0,unmatched
J4139,P::J4139,,,,unmatched_missing_name,0.0,unmatched
J890,P::J890,,,,unmatched_missing_name,0.0,unmatched
S1060,P::M::S1060,,,Gross 138kV - Bus #256155,unmatched,0.0,unmatched
J810,P::J810,,,,unmatched_missing_name,0.0,unmatched
J757,P::J757,,,,unmatched_missing_name,0.0,unmatched
R5094,P::M::R5094,,,,unmatched_missing_name,0.0,unmatched
R5093,P::M::R5093,,,VACHERIE,unmatched,0.0,unmatched
J4154,P::J4154,,,,unmatched_missing_name,0.0,unmatched
R5079,P::M::R5079,,,,unmatched_missing_name,0.0,unmatched
R5080,P::M::R5080,,,Crooked Lake,unmatched_missing_name,0.0,unmatched
J758,P::J758,,,,unmatched_missing_name,0.0,unmatched
J4153,P::J4153,,,,unmatched_missing_name,0.0,unmatched
R5081,P::M::R5081,,,Adams,ambiguous,0.0,needs_review
J897,P::J897,,,,unmatched_missing_name,0.0,unmatched
R5082,P::M::R5082,,,,unmatched_missing_name,0.0,unmatched
J4152,P::J4152,,,,unmatched_missing_name,0.0,unmatched
R5083,P::M::R5083,,,CHACKBAY - VACHERIE 230.0kV,unmatched,0.0,unmatched
R5084,P::M::R5084,,,DONALDSONVILLE - EVERGREEN 230.0kV,unmatched,0.0,unmatched
R5085,P::M::R5085,,,,unmatched_missing_name,0.0,unmatched
J4151,P::J4151,,,,unmatched_missing_name,0.0,unmatched
J896,P::J896,,,,unmatched_missing_name,0.0,unmatched
J711,P::J711,,,,unmatched_missing_name,0.0,unmatched
R5086,P::M::R5086,,,Big Cajun II 500kV Substation,unmatched,0.0,unmatched
J4150,P::J4150,,,,unmatched_missing_name,0.0,unmatched
R5087,P::M::R5087,,,4JORD - 4ASHLEY 138.0kV,unmatched,0.0,unmatched
R5088,P::M::R5088,,,GOOS FERRY,unmatched,0.0,unmatched
J809,P::J809,,,,unmatched_missing_name,0.0,unmatched
J4149,P::J4149,,,,unmatched_missing_name,0.0,unmatched
J895,P::J895,,,,unmatched_missing_name,0.0,unmatched
R5089,P::M::R5089,,,,unmatched_missing_name,0.0,unmatched
R5090,P::M::R5090,,,,unmatched_missing_name,0.0,unmatched
J4148,P::J4148,,,,unmatched_missing_name,0.0,unmatched
R5091,P::M::R5091,,,,unmatched_missing_name,0.0,unmatched
R5092,P::M::R5092,,,4JORD - 4ASHLEY 138.0kV,unmatched_missing_name,0.0,unmatched
J894,P::J894,,,,unmatched_missing_name,0.0,unmatched
J4147,P::J4147,,,,unmatched_missing_name,0.0,unmatched
J4138,P::J4138,,,,unmatched_missing_name,0.0,unmatched
S1038,P::S1038,,,Surplus; J796,unmatched,0.0,unmatched
J1582,P::J1582,,,,unmatched_missing_name,0.0,unmatched
J3996,P::J3996,,,,unmatched_missing_name,0.0,unmatched
J2004,P::J2004,,,,unmatched_missing_name,0.0,unmatched
J2003,P::J2003,,,,unmatched_missing_name,0.0,unmatched
J2002,P::J2002,,,,unmatched_missing_name,0.0,unmatched
J2001,P::J2001,,,,unmatched_missing_name,0.0,unmatched
J2000,P::J2000,,,,unmatched_missing_name,0.0,unmatched
J1999,P::J1999,,,,unmatched_missing_name,0.0,unmatched
J1998,P::J1998,,,,unmatched_missing_name,0.0,unmatched
J1997,P::J1997,,,,unmatched_missing_name,0.0,unmatched
J1996,P::J1996,,,,unmatched_missing_name,0.0,unmatched
J1995,P::J1995,,,,unmatched_missing_name,0.0,unmatched
J1994,P::J1994,,,,unmatched_missing_name,0.0,unmatched
J1993,P::J1993,,,,unmatched_missing_name,0.0,unmatched
J1992,P::J1992,,,,unmatched_missing_name,0.0,unmatched
J1991,P::J1991,,,,unmatched_missing_name,0.0,unmatched
J1990,P::J1990,,,,unmatched_missing_name,0.0,unmatched
J1989,P::J1989,,,,unmatched_missing_name,0.0,unmatched
J1988,P::J1988,,,,unmatched_missing_name,0.0,unmatched
J1987,P::J1987,,,,unmatched_missing_name,0.0,unmatched
J1986,P::J1986,,,,unmatched_missing_name,0.0,unmatched
J2005,P::J2005,,,,unmatched_missing_name,0.0,unmatched
J1985,P::J1985,,,,unmatched_missing_name,0.0,unmatched
J2006,P::J2006,,,,unmatched_missing_name,0.0,unmatched
J2008,P::J2008,,,,unmatched_missing_name,0.0,unmatched
J2027,P::J2027,,,,unmatched_missing_name,0.0,unmatched
J2026,P::J2026,,,,unmatched_missing_name,0.0,unmatched
J2025,P::J2025,,,,unmatched_missing_name,0.0,unmatched
J2024,P::J2024,,,,unmatched_missing_name,0.0,unmatched
J2023,P::J2023,,,,unmatched_missing_name,0.0,unmatched
J2022,P::J2022,,,,unmatched_missing_name,0.0,unmatched
J2021,P::J2021,,,,unmatched_missing_name,0.0,unmatched
J2020,P::J2020,,,,unmatched_missing_name,0.0,unmatched
J2019,P::J2019,,,,unmatched_missing_name,0.0,unmatched
J2018,P::J2018,,,,unmatched_missing_name,0.0,unmatched
J2017,P::J2017,,,,unmatched_missing_name,0.0,unmatched
J2016,P::J2016,,,,unmatched_missing_name,0.0,unmatched
J2015,P::J2015,,,,unmatched_missing_name,0.0,unmatched
J2014,P::J2014,,,,unmatched_missing_name,0.0,unmatched
J2013,P::J2013,,,,unmatched_missing_name,0.0,unmatched
J2012,P::J2012,,,,unmatched_missing_name,0.0,unmatched
J2011,P::J2011,,,,unmatched_missing_name,0.0,unmatched
J2010,P::J2010,,,,unmatched_missing_name,0.0,unmatched
J2009,P::J2009,,,,unmatched_missing_name,0.0,unmatched
J2007,P::J2007,,,,unmatched_missing_name,0.0,unmatched
J1984,P::J1984,,,,unmatched_missing_name,0.0,unmatched
J1983,P::J1983,,,,unmatched_missing_name,0.0,unmatched
J1982,P::J1982,,,,unmatched_missing_name,0.0,unmatched
J1957,P::J1957,,,,unmatched_missing_name,0.0,unmatched
J1956,P::J1956,,,,unmatched_missing_name,0.0,unmatched
J1955,P::J1955,,,,unmatched_missing_name,0.0,unmatched
J1954,P::J1954,,,,unmatched_missing_name,0.0,unmatched
J1953,P::J1953,,,,unmatched_missing_name,0.0,unmatched
J1952,P::J1952,,,,unmatched_missing_name,0.0,unmatched
J1951,P::J1951,,,,unmatched_missing_name,0.0,unmatched
J1950,P::J1950,,,,unmatched_missing_name,0.0,unmatched
J1949,P::J1949,,,,unmatched_missing_name,0.0,unmatched
J1948,P::J1948,,,,unmatched_missing_name,0.0,unmatched
J1947,P::J1947,,,,unmatched_missing_name,0.0,unmatched
J1946,P::J1946,,,,unmatched_missing_name,0.0,unmatched
J1945,P::J1945,,,,unmatched_missing_name,0.0,unmatched
J1944,P::J1944,,,,unmatched_missing_name,0.0,unmatched
J1943,P::J1943,,,,unmatched_missing_name,0.0,unmatched
J1942,P::J1942,,,,unmatched_missing_name,0.0,unmatched
J1941,P::J1941,,,,unmatched_missing_name,0.0,unmatched
J1940,P::J1940,,,,unmatched_missing_name,0.0,unmatched
J1939,P::J1939,,,,unmatched_missing_name,0.0,unmatched
J1958,P::J1958,,,,unmatched_missing_name,0.0,unmatched
J1959,P::J1959,,,,unmatched_missing_name,0.0,unmatched
J1960,P::J1960,,,,unmatched_missing_name,0.0,unmatched
J1961,P::J1961,,,,unmatched_missing_name,0.0,unmatched
J1981,P::J1981,,,,unmatched_missing_name,0.0,unmatched
J1980,P::J1980,,,,unmatched_missing_name,0.0,unmatched
J1979,P::J1979,,,,unmatched_missing_name,0.0,unmatched
J1978,P::J1978,,,,unmatched_missing_name,0.0,unmatched
J1977,P::J1977,,,,unmatched_missing_name,0.0,unmatched
J1976,P::J1976,,,,unmatched_missing_name,0.0,unmatched
J1975,P::J1975,,,,unmatched_missing_name,0.0,unmatched
J1974,P::J1974,,,,unmatched_missing_name,0.0,unmatched
J1973,P::J1973,,,,unmatched_missing_name,0.0,unmatched
J2028,P::J2028,,,,unmatched_missing_name,0.0,unmatched
J1972,P::J1972,,,,unmatched_missing_name,0.0,unmatched
J1970,P::J1970,,,,unmatched_missing_name,0.0,unmatched
J1969,P::J1969,,,,unmatched_missing_name,0.0,unmatched
J1968,P::J1968,,,,unmatched_missing_name,0.0,unmatched
J1967,P::J1967,,,,unmatched_missing_name,0.0,unmatched
J1966,P::J1966,,,,unmatched_missing_name,0.0,unmatched
J1965,P::J1965,,,,unmatched_missing_name,0.0,unmatched
J1964,P::J1964,,,,unmatched_missing_name,0.0,unmatched
J1963,P::J1963,,,,unmatched_missing_name,0.0,unmatched
J1962,P::J1962,,,,unmatched_missing_name,0.0,unmatched
J1971,P::J1971,,,,unmatched_missing_name,0.0,unmatched
J2029,P::J2029,,,,unmatched_missing_name,0.0,unmatched
J203,P::J203,,,,unmatched_missing_name,0.0,unmatched
J2030,P::J2030,,,,unmatched_missing_name,0.0,unmatched
J2096,P::J2096,,,,unmatched_missing_name,0.0,unmatched
J2095,P::J2095,,,,unmatched_missing_name,0.0,unmatched
J2094,P::J2094,,,,unmatched_missing_name,0.0,unmatched
J2093,P::J2093,,,,unmatched_missing_name,0.0,unmatched
J2092,P::J2092,,,,unmatched_missing_name,0.0,unmatched
J2091,P::J2091,,,,unmatched_missing_name,0.0,unmatched
J2090,P::J2090,,,,unmatched_missing_name,0.0,unmatched
J2089,P::J2089,,,,unmatched_missing_name,0.0,unmatched
J2088,P::J2088,,,,unmatched_missing_name,0.0,unmatched
J2087,P::J2087,,,,unmatched_missing_name,0.0,unmatched
J2086,P::J2086,,,,unmatched_missing_name,0.0,unmatched
J2085,P::J2085,,,,unmatched_missing_name,0.0,unmatched
J2084,P::J2084,,,,unmatched_missing_name,0.0,unmatched
J2083,P::J2083,,,,unmatched_missing_name,0.0,unmatched
J2082,P::J2082,,,,unmatched_missing_name,0.0,unmatched
J2081,P::J2081,,,,unmatched_missing_name,0.0,unmatched
J2080,P::J2080,,,,unmatched_missing_name,0.0,unmatched
J2079,P::J2079,,,,unmatched_missing_name,0.0,unmatched
J2078,P::J2078,,,,unmatched_missing_name,0.0,unmatched
J2097,P::J2097,,,,unmatched_missing_name,0.0,unmatched
J2098,P::J2098,,,,unmatched_missing_name,0.0,unmatched
J2099,P::J2099,,,,unmatched_missing_name,0.0,unmatched
J2100,P::J2100,,,,unmatched_missing_name,0.0,unmatched
J2120,P::J2120,,,,unmatched_missing_name,0.0,unmatched
J2119,P::J2119,,,,unmatched_missing_name,0.0,unmatched
J2118,P::J2118,,,,unmatched_missing_name,0.0,unmatched
J2117,P::J2117,,,,unmatched_missing_name,0.0,unmatched
J2116,P::J2116,,,,unmatched_missing_name,0.0,unmatched
J2115,P::J2115,,,,unmatched_missing_name,0.0,unmatched
J2114,P::J2114,,,,unmatched_missing_name,0.0,unmatched
J2113,P::J2113,,,,unmatched_missing_name,0.0,unmatched
J2112,P::J2112,,,,unmatched_missing_name,0.0,unmatched
J2077,P::J2077,,,,unmatched_missing_name,0.0,unmatched
J2111,P::J2111,,,,unmatched_missing_name,0.0,unmatched
J2109,P::J2109,,,,unmatched_missing_name,0.0,unmatched
J2108,P::J2108,,,,unmatched_missing_name,0.0,unmatched
J2107,P::J2107,,,,unmatched_missing_name,0.0,unmatched
J2106,P::J2106,,,,unmatched_missing_name,0.0,unmatched
J2105,P::J2105,,,,unmatched_missing_name,0.0,unmatched
J2104,P::J2104,,,,unmatched_missing_name,0.0,unmatched
J2103,P::J2103,,,,unmatched_missing_name,0.0,unmatched
J2102,P::J2102,,,,unmatched_missing_name,0.0,unmatched
J2101,P::J2101,,,,unmatched_missing_name,0.0,unmatched
J2110,P::J2110,,,,unmatched_missing_name,0.0,unmatched
J1938,P::J1938,,,,unmatched_missing_name,0.0,unmatched
J2076,P::J2076,,,,unmatched_missing_name,0.0,unmatched
J2074,P::J2074,,,,unmatched_missing_name,0.0,unmatched
J2049,P::J2049,,,,unmatched_missing_name,0.0,unmatched
J2048,P::J2048,,,,unmatched_missing_name,0.0,unmatched
J2047,P::J2047,,,,unmatched_missing_name,0.0,unmatched
J2046,P::J2046,,,,unmatched_missing_name,0.0,unmatched
J2045,P::J2045,,,,unmatched_missing_name,0.0,unmatched
J2044,P::J2044,,,,unmatched_missing_name,0.0,unmatched
J2043,P::J2043,,,,unmatched_missing_name,0.0,unmatched
J2042,P::J2042,,,,unmatched_missing_name,0.0,unmatched
J2041,P::J2041,,,,unmatched_missing_name,0.0,unmatched
J2040,P::J2040,,,,unmatched_missing_name,0.0,unmatched
J2039,P::J2039,,,,unmatched_missing_name,0.0,unmatched
J2038,P::J2038,,,,unmatched_missing_name,0.0,unmatched
J2037,P::J2037,,,,unmatched_missing_name,0.0,unmatched
J2036,P::J2036,,,,unmatched_missing_name,0.0,unmatched
J2035,P::J2035,,,,unmatched_missing_name,0.0,unmatched
J2034,P::J2034,,,,unmatched_missing_name,0.0,unmatched
J2033,P::J2033,,,,unmatched_missing_name,0.0,unmatched
J2032,P::J2032,,,,unmatched_missing_name,0.0,unmatched
J2031,P::J2031,,,,unmatched_missing_name,0.0,unmatched
J2050,P::J2050,,,,unmatched_missing_name,0.0,unmatched
J2051,P::J2051,,,,unmatched_missing_name,0.0,unmatched
J2052,P::J2052,,,,unmatched_missing_name,0.0,unmatched
J2053,P::J2053,,,,unmatched_missing_name,0.0,unmatched
J2073,P::J2073,,,,unmatched_missing_name,0.0,unmatched
J2072,P::J2072,,,,unmatched_missing_name,0.0,unmatched
J2071,P::J2071,,,,unmatched_missing_name,0.0,unmatched
J2070,P::J2070,,,,unmatched_missing_name,0.0,unmatched
J2069,P::J2069,,,,unmatched_missing_name,0.0,unmatched
J2068,P::J2068,,,,unmatched_missing_name,0.0,unmatched
J2067,P::J2067,,,,unmatched_missing_name,0.0,unmatched
J2066,P::J2066,,,,unmatched_missing_name,0.0,unmatched
J2065,P::J2065,,,,unmatched_missing_name,0.0,unmatched
J2075,P::J2075,,,,unmatched_missing_name,0.0,unmatched
J2064,P::J2064,,,,unmatched_missing_name,0.0,unmatched
J2062,P::J2062,,,,unmatched_missing_name,0.0,unmatched
J2061,P::J2061,,,,unmatched_missing_name,0.0,unmatched
J2060,P::J2060,,,,unmatched_missing_name,0.0,unmatched
J2059,P::J2059,,,,unmatched_missing_name,0.0,unmatched
J2058,P::J2058,,,,unmatched_missing_name,0.0,unmatched
J2057,P::J2057,,,,unmatched_missing_name,0.0,unmatched
J2056,P::J2056,,,,unmatched_missing_name,0.0,unmatched
J2055,P::J2055,,,,unmatched_missing_name,0.0,unmatched
J2054,P::J2054,,,,unmatched_missing_name,0.0,unmatched
J2063,P::J2063,,,,unmatched_missing_name,0.0,unmatched
J1937,P::J1937,,,,unmatched_missing_name,0.0,unmatched
J1936,P::J1936,,,,unmatched_missing_name,0.0,unmatched
J1935,P::J1935,,,,unmatched_missing_name,0.0,unmatched
J1816,P::J1816,,,,unmatched_missing_name,0.0,unmatched
J1815,P::J1815,,,,unmatched_missing_name,0.0,unmatched
J1814,P::J1814,,,,unmatched_missing_name,0.0,unmatched
J1813,P::J1813,,,,unmatched_missing_name,0.0,unmatched
J1812,P::J1812,,,,unmatched_missing_name,0.0,unmatched
J1811,P::J1811,,,,unmatched_missing_name,0.0,unmatched
J1810,P::J1810,,,,unmatched_missing_name,0.0,unmatched
J1809,P::J1809,,,,unmatched_missing_name,0.0,unmatched
J1808,P::J1808,,,,unmatched_missing_name,0.0,unmatched
J1807,P::J1807,,,,unmatched_missing_name,0.0,unmatched
J1806,P::J1806,,,,unmatched_missing_name,0.0,unmatched
J1805,P::J1805,,,,unmatched_missing_name,0.0,unmatched
J1804,P::J1804,,,,unmatched_missing_name,0.0,unmatched
J1803,P::J1803,,,,unmatched_missing_name,0.0,unmatched
J1802,P::J1802,,,,unmatched_missing_name,0.0,unmatched
J1801,P::J1801,,,,unmatched_missing_name,0.0,unmatched
J1800,P::J1800,,,,unmatched_missing_name,0.0,unmatched
J1799,P::J1799,,,,unmatched_missing_name,0.0,unmatched
J1798,P::J1798,,,,unmatched_missing_name,0.0,unmatched
J1817,P::J1817,,,,unmatched_missing_name,0.0,unmatched
J1818,P::J1818,,,,unmatched_missing_name,0.0,unmatched
J1819,P::J1819,,,,unmatched_missing_name,0.0,unmatched
J1820,P::J1820,,,,unmatched_missing_name,0.0,unmatched
J1840,P::J1840,,,,unmatched_missing_name,0.0,unmatched
J1839,P::J1839,,,,unmatched_missing_name,0.0,unmatched
J1838,P::J1838,,,,unmatched_missing_name,0.0,unmatched
J1837,P::J1837,,,,unmatched_missing_name,0.0,unmatched
J1836,P::J1836,,,,unmatched_missing_name,0.0,unmatched
J1835,P::J1835,,,,unmatched_missing_name,0.0,unmatched
J1834,P::J1834,,,,unmatched_missing_name,0.0,unmatched
J1833,P::J1833,,,,unmatched_missing_name,0.0,unmatched
J1832,P::J1832,,,,unmatched_missing_name,0.0,unmatched
J1797,P::J1797,,,,unmatched_missing_name,0.0,unmatched
J1831,P::J1831,,,,unmatched_missing_name,0.0,unmatched
J1829,P::J1829,,,,unmatched_missing_name,0.0,unmatched
J1828,P::J1828,,,,unmatched_missing_name,0.0,unmatched
J1827,P::J1827,,,,unmatched_missing_name,0.0,unmatched
J1826,P::J1826,,,,unmatched_missing_name,0.0,unmatched
J1825,P::J1825,,,,unmatched_missing_name,0.0,unmatched
J1824,P::J1824,,,,unmatched_missing_name,0.0,unmatched
J1823,P::J1823,,,,unmatched_missing_name,0.0,unmatched
J1822,P::J1822,,,,unmatched_missing_name,0.0,unmatched
J1821,P::J1821,,,,unmatched_missing_name,0.0,unmatched
J1830,P::J1830,,,,unmatched_missing_name,0.0,unmatched
J1841,P::J1841,,,,unmatched_missing_name,0.0,unmatched
J1796,P::J1796,,,,unmatched_missing_name,0.0,unmatched
J1794,P::J1794,,,,unmatched_missing_name,0.0,unmatched
J1769,P::J1769,,,,unmatched_missing_name,0.0,unmatched
J1768,P::J1768,,,,unmatched_missing_name,0.0,unmatched
J1767,P::J1767,,,,unmatched_missing_name,0.0,unmatched
J1766,P::J1766,,,,unmatched_missing_name,0.0,unmatched
J1765,P::J1765,,,,unmatched_missing_name,0.0,unmatched
J1764,P::J1764,,,,unmatched_missing_name,0.0,unmatched
J1763,P::J1763,,,,unmatched_missing_name,0.0,unmatched
J1762,P::J1762,,,,unmatched_missing_name,0.0,unmatched
J1761,P::J1761,,,,unmatched_missing_name,0.0,unmatched
J1760,P::J1760,,,,unmatched_missing_name,0.0,unmatched
J1759,P::J1759,,,,unmatched_missing_name,0.0,unmatched
J1758,P::J1758,,,,unmatched_missing_name,0.0,unmatched
J1757,P::J1757,,,,unmatched_missing_name,0.0,unmatched
J1756,P::J1756,,,,unmatched_missing_name,0.0,unmatched
J1755,P::J1755,,,,unmatched_missing_name,0.0,unmatched
J1754,P::J1754,,,,unmatched_missing_name,0.0,unmatched
J1753,P::J1753,,,,unmatched_missing_name,0.0,unmatched
J1752,P::J1752,,,,unmatched_missing_name,0.0,unmatched
J1751,P::J1751,,,,unmatched_missing_name,0.0,unmatched
J1770,P::J1770,,,,unmatched_missing_name,0.0,unmatched
J1771,P::J1771,,,,unmatched_missing_name,0.0,unmatched
J1772,P::J1772,,,,unmatched_missing_name,0.0,unmatched
J1773,P::J1773,,,,unmatched_missing_name,0.0,unmatched
J1793,P::J1793,,,,unmatched_missing_name,0.0,unmatched
J1792,P::J1792,,,,unmatched_missing_name,0.0,unmatched
J1791,P::J1791,,,,unmatched_missing_name,0.0,unmatched
J1790,P::J1790,,,,unmatched_missing_name,0.0,unmatched
J1789,P::J1789,,,,unmatched_missing_name,0.0,unmatched
J1788,P::J1788,,,,unmatched_missing_name,0.0,unmatched
J1787,P::J1787,,,,unmatched_missing_name,0.0,unmatched
J1786,P::J1786,,,,unmatched_missing_name,0.0,unmatched
J1785,P::J1785,,,,unmatched_missing_name,0.0,unmatched
J1795,P::J1795,,,,unmatched_missing_name,0.0,unmatched
J1784,P::J1784,,,,unmatched_missing_name,0.0,unmatched
J1782,P::J1782,,,,unmatched_missing_name,0.0,unmatched
J1781,P::J1781,,,,unmatched_missing_name,0.0,unmatched
J1780,P::J1780,,,,unmatched_missing_name,0.0,unmatched
J1779,P::J1779,,,,unmatched_missing_name,0.0,unmatched
J1778,P::J1778,,,,unmatched_missing_name,0.0,unmatched
J1777,P::J1777,,,,unmatched_missing_name,0.0,unmatched
J1776,P::J1776,,,,unmatched_missing_name,0.0,unmatched
J1775,P::J1775,,,,unmatched_missing_name,0.0,unmatched
J1774,P::J1774,,,,unmatched_missing_name,0.0,unmatched
J1783,P::J1783,,,,unmatched_missing_name,0.0,unmatched
J2121,P::J2121,,,,unmatched_missing_name,0.0,unmatched
J1842,P::J1842,,,,unmatched_missing_name,0.0,unmatched
J1844,P::J1844,,,,unmatched_missing_name,0.0,unmatched
J1910,P::J1910,,,,unmatched_missing_name,0.0,unmatched
J1909,P::J1909,,,,unmatched_missing_name,0.0,unmatched
J1908,P::J1908,,,,unmatched_missing_name,0.0,unmatched
J1907,P::J1907,,,,unmatched_missing_name,0.0,unmatched
J1906,P::J1906,,,,unmatched_missing_name,0.0,unmatched
J1905,P::J1905,,,,unmatched_missing_name,0.0,unmatched
J1904,P::J1904,,,,unmatched_missing_name,0.0,unmatched
J1903,P::J1903,,,,unmatched_missing_name,0.0,unmatched
J1902,P::J1902,,,,unmatched_missing_name,0.0,unmatched
J1901,P::J1901,,,,unmatched_missing_name,0.0,unmatched
J1900,P::J1900,,,,unmatched_missing_name,0.0,unmatched
J1899,P::J1899,,,,unmatched_missing_name,0.0,unmatched
J1898,P::J1898,,,,unmatched_missing_name,0.0,unmatched
J1897,P::J1897,,,,unmatched_missing_name,0.0,unmatched
J1896,P::J1896,,,,unmatched_missing_name,0.0,unmatched
J1895,P::J1895,,,,unmatched_missing_name,0.0,unmatched
J1894,P::J1894,,,,unmatched_missing_name,0.0,unmatched
J1893,P::J1893,,,,unmatched_missing_name,0.0,unmatched
J1892,P::J1892,,,,unmatched_missing_name,0.0,unmatched
J1911,P::J1911,,,,unmatched_missing_name,0.0,unmatched
J1912,P::J1912,,,,unmatched_missing_name,0.0,unmatched
J1913,P::J1913,,,,unmatched_missing_name,0.0,unmatched
J1914,P::J1914,,,,unmatched_missing_name,0.0,unmatched
J1934,P::J1934,,,,unmatched_missing_name,0.0,unmatched
J1933,P::J1933,,,,unmatched_missing_name,0.0,unmatched
J1932,P::J1932,,,,unmatched_missing_name,0.0,unmatched
J1931,P::J1931,,,,unmatched_missing_name,0.0,unmatched
J1930,P::J1930,,,,unmatched_missing_name,0.0,unmatched
J1929,P::J1929,,,,unmatched_missing_name,0.0,unmatched
J1928,P::J1928,,,,unmatched_missing_name,0.0,unmatched
J1927,P::J1927,,,,unmatched_missing_name,0.0,unmatched
J1926,P::J1926,,,,unmatched_missing_name,0.0,unmatched
J1891,P::J1891,,,,unmatched_missing_name,0.0,unmatched
J1925,P::J1925,,,,unmatched_missing_name,0.0,unmatched
J1923,P::J1923,,,,unmatched_missing_name,0.0,unmatched
J1922,P::J1922,,,,unmatched_missing_name,0.0,unmatched
J1921,P::J1921,,,,unmatched_missing_name,0.0,unmatched
J1920,P::J1920,,,,unmatched_missing_name,0.0,unmatched
J1919,P::J1919,,,,unmatched_missing_name,0.0,unmatched
J1918,P::J1918,,,,unmatched_missing_name,0.0,unmatched
J1917,P::J1917,,,,unmatched_missing_name,0.0,unmatched
J1916,P::J1916,,,,unmatched_missing_name,0.0,unmatched
J1915,P::J1915,,,,unmatched_missing_name,0.0,unmatched
J1924,P::J1924,,,,unmatched_missing_name,0.0,unmatched
J1843,P::J1843,,,,unmatched_missing_name,0.0,unmatched
J1890,P::J1890,,,,unmatched_missing_name,0.0,unmatched
J1888,P::J1888,,,,unmatched_missing_name,0.0,unmatched
J1863,P::J1863,,,,unmatched_missing_name,0.0,unmatched
J1862,P::J1862,,,,unmatched_missing_name,0.0,unmatched
J1861,P::J1861,,,,unmatched_missing_name,0.0,unmatched
J1860,P::J1860,,,,unmatched_missing_name,0.0,unmatched
J1859,P::J1859,,,,unmatched_missing_name,0.0,unmatched
J1858,P::J1858,,,,unmatched_missing_name,0.0,unmatched
J1857,P::J1857,,,,unmatched_missing_name,0.0,unmatched
J1856,P::J1856,,,,unmatched_missing_name,0.0,unmatched
J1855,P::J1855,,,,unmatched_missing_name,0.0,unmatched
J1854,P::J1854,,,,unmatched_missing_name,0.0,unmatched
J1853,P::J1853,,,,unmatched_missing_name,0.0,unmatched
J1852,P::J1852,,,,unmatched_missing_name,0.0,unmatched
J1851,P::J1851,,,,unmatched_missing_name,0.0,unmatched
J1850,P::J1850,,,,unmatched_missing_name,0.0,unmatched
J1849,P::J1849,,,,unmatched_missing_name,0.0,unmatched
J1848,P::J1848,,,,unmatched_missing_name,0.0,unmatched
J1847,P::J1847,,,,unmatched_missing_name,0.0,unmatched
J1846,P::J1846,,,,unmatched_missing_name,0.0,unmatched
J1845,P::J1845,,,,unmatched_missing_name,0.0,unmatched
J1864,P::J1864,,,,unmatched_missing_name,0.0,unmatched
J1865,P::J1865,,,,unmatched_missing_name,0.0,unmatched
J1866,P::J1866,,,,unmatched_missing_name,0.0,unmatched
J1867,P::J1867,,,,unmatched_missing_name,0.0,unmatched
J1887,P::J1887,,,,unmatched_missing_name,0.0,unmatched
J1886,P::J1886,,,,unmatched_missing_name,0.0,unmatched
J1885,P::J1885,,,,unmatched_missing_name,0.0,unmatched
J1884,P::J1884,,,,unmatched_missing_name,0.0,unmatched
J1883,P::J1883,,,,unmatched_missing_name,0.0,unmatched
J1882,P::J1882,,,,unmatched_missing_name,0.0,unmatched
J1881,P::J1881,,,,unmatched_missing_name,0.0,unmatched
J1880,P::J1880,,,,unmatched_missing_name,0.0,unmatched
J1879,P::J1879,,,,unmatched_missing_name,0.0,unmatched
J1889,P::J1889,,,,unmatched_missing_name,0.0,unmatched
J1878,P::J1878,,,,unmatched_missing_name,0.0,unmatched
J1876,P::J1876,,,,unmatched_missing_name,0.0,unmatched
J1875,P::J1875,,,,unmatched_missing_name,0.0,unmatched
J1874,P::J1874,,,,unmatched_missing_name,0.0,unmatched
J1873,P::J1873,,,,unmatched_missing_name,0.0,unmatched
J1872,P::J1872,,,,unmatched_missing_name,0.0,unmatched
J1871,P::J1871,,,,unmatched_missing_name,0.0,unmatched
J1870,P::J1870,,,,unmatched_missing_name,0.0,unmatched
J1869,P::J1869,,,,unmatched_missing_name,0.0,unmatched
J1868,P::J1868,,,,unmatched_missing_name,0.0,unmatched
J1877,P::J1877,,,,unmatched_missing_name,0.0,unmatched
J1750,P::J1750,,,,unmatched_missing_name,0.0,unmatched
J2122,P::J2122,,,,unmatched_missing_name,0.0,unmatched
J2124,P::J2124,,,,unmatched_missing_name,0.0,unmatched
J2378,P::J2378,,,,unmatched_missing_name,0.0,unmatched
J2377,P::J2377,,,,unmatched_missing_name,0.0,unmatched
J2376,P::J2376,,,,unmatched_missing_name,0.0,unmatched
J2375,P::J2375,,,,unmatched_missing_name,0.0,unmatched
J2374,P::J2374,,,,unmatched_missing_name,0.0,unmatched
J2373,P::J2373,,,,unmatched_missing_name,0.0,unmatched
J2372,P::J2372,,,,unmatched_missing_name,0.0,unmatched
J2371,P::J2371,,,,unmatched_missing_name,0.0,unmatched
J2370,P::J2370,,,,unmatched_missing_name,0.0,unmatched
J2369,P::J2369,,,,unmatched_missing_name,0.0,unmatched
J2368,P::J2368,,,,unmatched_missing_name,0.0,unmatched
J2367,P::J2367,,,,unmatched_missing_name,0.0,unmatched
J2366,P::J2366,,,,unmatched_missing_name,0.0,unmatched
J2365,P::J2365,,,,unmatched_missing_name,0.0,unmatched
J2364,P::J2364,,,,unmatched_missing_name,0.0,unmatched
J2363,P::J2363,,,,unmatched_missing_name,0.0,unmatched
J2362,P::J2362,,,,unmatched_missing_name,0.0,unmatched
J2361,P::J2361,,,,unmatched_missing_name,0.0,unmatched
J2360,P::J2360,,,,unmatched_missing_name,0.0,unmatched
J2379,P::J2379,,,,unmatched_missing_name,0.0,unmatched
J2359,P::J2359,,,,unmatched_missing_name,0.0,unmatched
J2380,P::J2380,,,,unmatched_missing_name,0.0,unmatched
J2382,P::J2382,,,,unmatched_missing_name,0.0,unmatched
J2401,P::J2401,,,,unmatched_missing_name,0.0,unmatched
J2400,P::J2400,,,,unmatched_missing_name,0.0,unmatched
J2399,P::J2399,,,,unmatched_missing_name,0.0,unmatched
J2398,P::J2398,,,,unmatched_missing_name,0.0,unmatched
J2397,P::J2397,,,,unmatched_missing_name,0.0,unmatched
J2396,P::J2396,,,,unmatched_missing_name,0.0,unmatched
J2395,P::J2395,,,,unmatched_missing_name,0.0,unmatched
J2394,P::J2394,,,,unmatched_missing_name,0.0,unmatched
J2393,P::J2393,,,,unmatched_missing_name,0.0,unmatched
J2392,P::J2392,,,,unmatched_missing_name,0.0,unmatched
J2391,P::J2391,,,,unmatched_missing_name,0.0,unmatched
J2390,P::J2390,,,,unmatched_missing_name,0.0,unmatched
J2389,P::J2389,,,,unmatched_missing_name,0.0,unmatched
J2388,P::J2388,,,,unmatched_missing_name,0.0,unmatched
J2387,P::J2387,,,,unmatched_missing_name,0.0,unmatched
J2386,P::J2386,,,,unmatched_missing_name,0.0,unmatched
J2385,P::J2385,,,,unmatched_missing_name,0.0,unmatched
J2384,P::J2384,,,,unmatched_missing_name,0.0,unmatched
J2383,P::J2383,,,,unmatched_missing_name,0.0,unmatched
J2381,P::J2381,,,,unmatched_missing_name,0.0,unmatched
J2358,P::J2358,,,,unmatched_missing_name,0.0,unmatched
J2357,P::J2357,,,,unmatched_missing_name,0.0,unmatched
J2356,P::J2356,,,,unmatched_missing_name,0.0,unmatched
J2331,P::J2331,,,,unmatched_missing_name,0.0,unmatched
J2330,P::J2330,,,,unmatched_missing_name,0.0,unmatched
J2329,P::J2329,,,,unmatched_missing_name,0.0,unmatched
J2328,P::J2328,,,,unmatched_missing_name,0.0,unmatched
J2327,P::J2327,,,,unmatched_missing_name,0.0,unmatched
J2326,P::J2326,,,,unmatched_missing_name,0.0,unmatched
J2325,P::J2325,,,,unmatched_missing_name,0.0,unmatched
J2324,P::J2324,,,,unmatched_missing_name,0.0,unmatched
J2323,P::J2323,,,,unmatched_missing_name,0.0,unmatched
J2322,P::J2322,,,,unmatched_missing_name,0.0,unmatched
J2321,P::J2321,,,,unmatched_missing_name,0.0,unmatched
J2320,P::J2320,,,,unmatched_missing_name,0.0,unmatched
J2319,P::J2319,,,,unmatched_missing_name,0.0,unmatched
J2318,P::J2318,,,,unmatched_missing_name,0.0,unmatched
J2317,P::J2317,,,,unmatched_missing_name,0.0,unmatched
J2316,P::J2316,,,,unmatched_missing_name,0.0,unmatched
J2315,P::J2315,,,,unmatched_missing_name,0.0,unmatched
J2314,P::J2314,,,,unmatched_missing_name,0.0,unmatched
J2313,P::J2313,,,,unmatched_missing_name,0.0,unmatched
J2332,P::J2332,,,,unmatched_missing_name,0.0,unmatched
J2333,P::J2333,,,,unmatched_missing_name,0.0,unmatched
J2334,P::J2334,,,,unmatched_missing_name,0.0,unmatched
J2335,P::J2335,,,,unmatched_missing_name,0.0,unmatched
J2355,P::J2355,,,,unmatched_missing_name,0.0,unmatched
J2354,P::J2354,,,,unmatched_missing_name,0.0,unmatched
J2353,P::J2353,,,,unmatched_missing_name,0.0,unmatched
J2352,P::J2352,,,,unmatched_missing_name,0.0,unmatched
J2351,P::J2351,,,,unmatched_missing_name,0.0,unmatched
J2350,P::J2350,,,,unmatched_missing_name,0.0,unmatched
J2349,P::J2349,,,,unmatched_missing_name,0.0,unmatched
J2348,P::J2348,,,,unmatched_missing_name,0.0,unmatched
J2347,P::J2347,,,,unmatched_missing_name,0.0,unmatched
J2402,P::J2402,,,,unmatched_missing_name,0.0,unmatched
J2346,P::J2346,,,,unmatched_missing_name,0.0,unmatched
J2344,P::J2344,,,,unmatched_missing_name,0.0,unmatched
J2343,P::J2343,,,,unmatched_missing_name,0.0,unmatched
J2342,P::J2342,,,,unmatched_missing_name,0.0,unmatched
J2341,P::J2341,,,,unmatched_missing_name,0.0,unmatched
J2340,P::J2340,,,,unmatched_missing_name,0.0,unmatched
J2339,P::J2339,,,,unmatched_missing_name,0.0,unmatched
J2338,P::J2338,,,,unmatched_missing_name,0.0,unmatched
J2337,P::J2337,,,,unmatched_missing_name,0.0,unmatched
J2336,P::J2336,,,,unmatched_missing_name,0.0,unmatched
J2345,P::J2345,,,,unmatched_missing_name,0.0,unmatched
J2403,P::J2403,,,,unmatched_missing_name,0.0,unmatched
J2404,P::J2404,,,,unmatched_missing_name,0.0,unmatched
J2405,P::J2405,,,,unmatched_missing_name,0.0,unmatched
J2471,P::J2471,,,,unmatched_missing_name,0.0,unmatched
J2470,P::J2470,,,,unmatched_missing_name,0.0,unmatched
J2469,P::J2469,,,,unmatched_missing_name,0.0,unmatched
J2468,P::J2468,,,,unmatched_missing_name,0.0,unmatched
J2467,P::J2467,,,,unmatched_missing_name,0.0,unmatched
J2466,P::J2466,,,,unmatched_missing_name,0.0,unmatched
J2465,P::J2465,,,,unmatched_missing_name,0.0,unmatched
J2464,P::J2464,,,,unmatched_missing_name,0.0,unmatched
J2463,P::J2463,,,,unmatched_missing_name,0.0,unmatched
J2462,P::J2462,,,,unmatched_missing_name,0.0,unmatched
J2461,P::J2461,,,,unmatched_missing_name,0.0,unmatched
J2460,P::J2460,,,,unmatched_missing_name,0.0,unmatched
J2459,P::J2459,,,,unmatched_missing_name,0.0,unmatched
J2458,P::J2458,,,,unmatched_missing_name,0.0,unmatched
J2457,P::J2457,,,,unmatched_missing_name,0.0,unmatched
J2456,P::J2456,,,,unmatched_missing_name,0.0,unmatched
J2455,P::J2455,,,,unmatched_missing_name,0.0,unmatched
J2454,P::J2454,,,,unmatched_missing_name,0.0,unmatched
J2453,P::J2453,,,,unmatched_missing_name,0.0,unmatched
J2472,P::J2472,,,,unmatched_missing_name,0.0,unmatched
J2473,P::J2473,,,,unmatched_missing_name,0.0,unmatched
J2474,P::J2474,,,,unmatched_missing_name,0.0,unmatched
J2475,P::J2475,,,,unmatched_missing_name,0.0,unmatched
J2495,P::J2495,,,,unmatched_missing_name,0.0,unmatched
J2494,P::J2494,,,,unmatched_missing_name,0.0,unmatched
J2493,P::J2493,,,,unmatched_missing_name,0.0,unmatched
J2492,P::J2492,,,,unmatched_missing_name,0.0,unmatched
J2491,P::J2491,,,,unmatched_missing_name,0.0,unmatched
J2490,P::J2490,,,,unmatched_missing_name,0.0,unmatched
J2489,P::J2489,,,,unmatched_missing_name,0.0,unmatched
J2488,P::J2488,,,,unmatched_missing_name,0.0,unmatched
J2487,P::J2487,,,,unmatched_missing_name,0.0,unmatched
J2452,P::J2452,,,,unmatched_missing_name,0.0,unmatched
J2486,P::J2486,,,,unmatched_missing_name,0.0,unmatched
J2484,P::J2484,,,,unmatched_missing_name,0.0,unmatched
J2483,P::J2483,,,,unmatched_missing_name,0.0,unmatched
J2482,P::J2482,,,,unmatched_missing_name,0.0,unmatched
J2481,P::J2481,,,,unmatched_missing_name,0.0,unmatched
J2480,P::J2480,,,,unmatched_missing_name,0.0,unmatched
J2479,P::J2479,,,,unmatched_missing_name,0.0,unmatched
J2478,P::J2478,,,,unmatched_missing_name,0.0,unmatched
J2477,P::J2477,,,,unmatched_missing_name,0.0,unmatched
J2476,P::J2476,,,,unmatched_missing_name,0.0,unmatched
J2485,P::J2485,,,,unmatched_missing_name,0.0,unmatched
J2312,P::J2312,,,,unmatched_missing_name,0.0,unmatched
J2451,P::J2451,,,,unmatched_missing_name,0.0,unmatched
J2449,P::J2449,,,,unmatched_missing_name,0.0,unmatched
J2424,P::J2424,,,,unmatched_missing_name,0.0,unmatched
J2423,P::J2423,,,,unmatched_missing_name,0.0,unmatched
J2422,P::J2422,,,,unmatched_missing_name,0.0,unmatched
J2421,P::J2421,,,,unmatched_missing_name,0.0,unmatched
J2420,P::J2420,,,,unmatched_missing_name,0.0,unmatched
J2419,P::J2419,,,,unmatched_missing_name,0.0,unmatched
J2418,P::J2418,,,,unmatched_missing_name,0.0,unmatched
J2417,P::J2417,,,,unmatched_missing_name,0.0,unmatched
J2416,P::J2416,,,,unmatched_missing_name,0.0,unmatched
J2415,P::J2415,,,,unmatched_missing_name,0.0,unmatched
J2414,P::J2414,,,,unmatched_missing_name,0.0,unmatched
J2413,P::J2413,,,,unmatched_missing_name,0.0,unmatched
J2412,P::J2412,,,,unmatched_missing_name,0.0,unmatched
J2411,P::J2411,,,,unmatched_missing_name,0.0,unmatched
J2410,P::J2410,,,,unmatched_missing_name,0.0,unmatched
J2409,P::J2409,,,,unmatched_missing_name,0.0,unmatched
J2408,P::J2408,,,,unmatched_missing_name,0.0,unmatched
J2407,P::J2407,,,,unmatched_missing_name,0.0,unmatched
J2406,P::J2406,,,,unmatched_missing_name,0.0,unmatched
J2425,P::J2425,,,,unmatched_missing_name,0.0,unmatched
J2426,P::J2426,,,,unmatched_missing_name,0.0,unmatched
J2427,P::J2427,,,,unmatched_missing_name,0.0,unmatched
J2428,P::J2428,,,,unmatched_missing_name,0.0,unmatched
J2448,P::J2448,,,,unmatched_missing_name,0.0,unmatched
J2447,P::J2447,,,,unmatched_missing_name,0.0,unmatched
J2446,P::J2446,,,,unmatched_missing_name,0.0,unmatched
J2445,P::J2445,,,,unmatched_missing_name,0.0,unmatched
J2444,P::J2444,,,,unmatched_missing_name,0.0,unmatched
J2443,P::J2443,,,,unmatched_missing_name,0.0,unmatched
J2442,P::J2442,,,,unmatched_missing_name,0.0,unmatched
J2441,P::J2441,,,,unmatched_missing_name,0.0,unmatched
J2440,P::J2440,,,,unmatched_missing_name,0.0,unmatched
J2450,P::J2450,,,,unmatched_missing_name,0.0,unmatched
J2439,P::J2439,,,,unmatched_missing_name,0.0,unmatched
J2437,P::J2437,,,,unmatched_missing_name,0.0,unmatched
J2436,P::J2436,,,,unmatched_missing_name,0.0,unmatched
J2435,P::J2435,,,,unmatched_missing_name,0.0,unmatched
J2434,P::J2434,,,,unmatched_missing_name,0.0,unmatched
J2433,P::J2433,,,,unmatched_missing_name,0.0,unmatched
J2432,P::J2432,,,,unmatched_missing_name,0.0,unmatched
J2431,P::J2431,,,,unmatched_missing_name,0.0,unmatched
J2430,P::J2430,,,,unmatched_missing_name,0.0,unmatched
J2429,P::J2429,,,,unmatched_missing_name,0.0,unmatched
J2438,P::J2438,,,,unmatched_missing_name,0.0,unmatched
J2311,P::J2311,,,,unmatched_missing_name,0.0,unmatched
J2310,P::J2310,,,,unmatched_missing_name,0.0,unmatched
J2309,P::J2309,,,,unmatched_missing_name,0.0,unmatched
J2190,P::J2190,,,,unmatched_missing_name,0.0,unmatched
J2189,P::J2189,,,,unmatched_missing_name,0.0,unmatched
J2188,P::J2188,,,,unmatched_missing_name,0.0,unmatched
J2187,P::J2187,,,,unmatched_missing_name,0.0,unmatched
J2186,P::J2186,,,,unmatched_missing_name,0.0,unmatched
J2185,P::J2185,,,,unmatched_missing_name,0.0,unmatched
J2184,P::J2184,,,,unmatched_missing_name,0.0,unmatched
J2183,P::J2183,,,,unmatched_missing_name,0.0,unmatched
J2182,P::J2182,,,,unmatched_missing_name,0.0,unmatched
J2181,P::J2181,,,,unmatched_missing_name,0.0,unmatched
J2180,P::J2180,,,,unmatched_missing_name,0.0,unmatched
J2179,P::J2179,,,,unmatched_missing_name,0.0,unmatched
J2178,P::J2178,,,,unmatched_missing_name,0.0,unmatched
J2177,P::J2177,,,,unmatched_missing_name,0.0,unmatched
J2176,P::J2176,,,,unmatched_missing_name,0.0,unmatched
J2175,P::J2175,,,,unmatched_missing_name,0.0,unmatched
J2174,P::J2174,,,,unmatched_missing_name,0.0,unmatched
J2173,P::J2173,,,,unmatched_missing_name,0.0,unmatched
J2172,P::J2172,,,,unmatched_missing_name,0.0,unmatched
J2191,P::J2191,,,,unmatched_missing_name,0.0,unmatched
J2192,P::J2192,,,,unmatched_missing_name,0.0,unmatched
J2193,P::J2193,,,,unmatched_missing_name,0.0,unmatched
J2194,P::J2194,,,,unmatched_missing_name,0.0,unmatched
J2214,P::J2214,,,,unmatched_missing_name,0.0,unmatched
J2213,P::J2213,,,,unmatched_missing_name,0.0,unmatched
J2212,P::J2212,,,,unmatched_missing_name,0.0,unmatched
J2211,P::J2211,,,,unmatched_missing_name,0.0,unmatched
J2210,P::J2210,,,,unmatched_missing_name,0.0,unmatched
J2209,P::J2209,,,,unmatched_missing_name,0.0,unmatched
J2208,P::J2208,,,,unmatched_missing_name,0.0,unmatched
J2207,P::J2207,,,,unmatched_missing_name,0.0,unmatched
J2206,P::J2206,,,,unmatched_missing_name,0.0,unmatched
J2171,P::J2171,,,,unmatched_missing_name,0.0,unmatched
J2205,P::J2205,,,,unmatched_missing_name,0.0,unmatched
J2203,P::J2203,,,,unmatched_missing_name,0.0,unmatched
J2202,P::J2202,,,,unmatched_missing_name,0.0,unmatched
J2201,P::J2201,,,,unmatched_missing_name,0.0,unmatched
J2200,P::J2200,,,,unmatched_missing_name,0.0,unmatched
J2199,P::J2199,,,,unmatched_missing_name,0.0,unmatched
J2198,P::J2198,,,,unmatched_missing_name,0.0,unmatched
J2197,P::J2197,,,,unmatched_missing_name,0.0,unmatched
J2196,P::J2196,,,,unmatched_missing_name,0.0,unmatched
J2195,P::J2195,,,,unmatched_missing_name,0.0,unmatched
J2204,P::J2204,,,,unmatched_missing_name,0.0,unmatched
J2215,P::J2215,,,,unmatched_missing_name,0.0,unmatched
J2170,P::J2170,,,,unmatched_missing_name,0.0,unmatched
J2168,P::J2168,,,,unmatched_missing_name,0.0,unmatched
J2143,P::J2143,,,,unmatched_missing_name,0.0,unmatched
J2142,P::J2142,,,,unmatched_missing_name,0.0,unmatched
J2141,P::J2141,,,,unmatched_missing_name,0.0,unmatched
J2140,P::J2140,,,,unmatched_missing_name,0.0,unmatched
J2139,P::J2139,,,,unmatched_missing_name,0.0,unmatched
J2138,P::J2138,,,,unmatched_missing_name,0.0,unmatched
J2137,P::J2137,,,,unmatched_missing_name,0.0,unmatched
J2136,P::J2136,,,,unmatched_missing_name,0.0,unmatched
J2135,P::J2135,,,,unmatched_missing_name,0.0,unmatched
J2134,P::J2134,,,,unmatched_missing_name,0.0,unmatched
J2133,P::J2133,,,,unmatched_missing_name,0.0,unmatched
J2132,P::J2132,,,,unmatched_missing_name,0.0,unmatched
J2131,P::J2131,,,,unmatched_missing_name,0.0,unmatched
J2130,P::J2130,,,,unmatched_missing_name,0.0,unmatched
J2129,P::J2129,,,,unmatched_missing_name,0.0,unmatched
J2128,P::J2128,,,,unmatched_missing_name,0.0,unmatched
J2127,P::J2127,,,,unmatched_missing_name,0.0,unmatched
J2126,P::J2126,,,,unmatched_missing_name,0.0,unmatched
J2125,P::J2125,,,,unmatched_missing_name,0.0,unmatched
J2144,P::J2144,,,,unmatched_missing_name,0.0,unmatched
J2145,P::J2145,,,,unmatched_missing_name,0.0,unmatched
J2146,P::J2146,,,,unmatched_missing_name,0.0,unmatched
J2147,P::J2147,,,,unmatched_missing_name,0.0,unmatched
J2167,P::J2167,,,,unmatched_missing_name,0.0,unmatched
J2166,P::J2166,,,,unmatched_missing_name,0.0,unmatched
J2165,P::J2165,,,,unmatched_missing_name,0.0,unmatched
J2164,P::J2164,,,,unmatched_missing_name,0.0,unmatched
J2163,P::J2163,,,,unmatched_missing_name,0.0,unmatched
J2162,P::J2162,,,,unmatched_missing_name,0.0,unmatched
J2161,P::J2161,,,,unmatched_missing_name,0.0,unmatched
J2160,P::J2160,,,,unmatched_missing_name,0.0,unmatched
J2159,P::J2159,,,,unmatched_missing_name,0.0,unmatched
J2169,P::J2169,,,,unmatched_missing_name,0.0,unmatched
J2158,P::J2158,,,,unmatched_missing_name,0.0,unmatched
J2156,P::J2156,,,,unmatched_missing_name,0.0,unmatched
J2155,P::J2155,,,,unmatched_missing_name,0.0,unmatched
J2154,P::J2154,,,,unmatched_missing_name,0.0,unmatched
J2153,P::J2153,,,,unmatched_missing_name,0.0,unmatched
J2152,P::J2152,,,,unmatched_missing_name,0.0,unmatched
J2151,P::J2151,,,,unmatched_missing_name,0.0,unmatched
J2150,P::J2150,,,,unmatched_missing_name,0.0,unmatched
J2149,P::J2149,,,,unmatched_missing_name,0.0,unmatched
J2148,P::J2148,,,,unmatched_missing_name,0.0,unmatched
J2157,P::J2157,,,,unmatched_missing_name,0.0,unmatched
J2123,P::J2123,,,,unmatched_missing_name,0.0,unmatched
J2216,P::J2216,,,,unmatched_missing_name,0.0,unmatched
J2218,P::J2218,,,,unmatched_missing_name,0.0,unmatched
J2284,P::J2284,,,,unmatched_missing_name,0.0,unmatched
J2283,P::J2283,,,,unmatched_missing_name,0.0,unmatched
J2282,P::J2282,,,,unmatched_missing_name,0.0,unmatched
J2281,P::J2281,,,,unmatched_missing_name,0.0,unmatched
J2280,P::J2280,,,,unmatched_missing_name,0.0,unmatched
J2279,P::J2279,,,,unmatched_missing_name,0.0,unmatched
J2278,P::J2278,,,,unmatched_missing_name,0.0,unmatched
J2277,P::J2277,,,,unmatched_missing_name,0.0,unmatched
J2276,P::J2276,,,,unmatched_missing_name,0.0,unmatched
J2275,P::J2275,,,,unmatched_missing_name,0.0,unmatched
J2274,P::J2274,,,,unmatched_missing_name,0.0,unmatched
J2273,P::J2273,,,,unmatched_missing_name,0.0,unmatched
J2272,P::J2272,,,,unmatched_missing_name,0.0,unmatched
J2271,P::J2271,,,,unmatched_missing_name,0.0,unmatched
J2270,P::J2270,,,,unmatched_missing_name,0.0,unmatched
J2269,P::J2269,,,,unmatched_missing_name,0.0,unmatched
J2268,P::J2268,,,,unmatched_missing_name,0.0,unmatched
J2267,P::J2267,,,,unmatched_missing_name,0.0,unmatched
J2266,P::J2266,,,,unmatched_missing_name,0.0,unmatched
J2285,P::J2285,,,,unmatched_missing_name,0.0,unmatched
J2286,P::J2286,,,,unmatched_missing_name,0.0,unmatched
J2287,P::J2287,,,,unmatched_missing_name,0.0,unmatched
J2288,P::J2288,,,,unmatched_missing_name,0.0,unmatched
J2308,P::J2308,,,,unmatched_missing_name,0.0,unmatched
J2307,P::J2307,,,,unmatched_missing_name,0.0,unmatched
J2306,P::J2306,,,,unmatched_missing_name,0.0,unmatched
J2305,P::J2305,,,,unmatched_missing_name,0.0,unmatched
J2304,P::J2304,,,,unmatched_missing_name,0.0,unmatched
J2303,P::J2303,,,,unmatched_missing_name,0.0,unmatched
J2302,P::J2302,,,,unmatched_missing_name,0.0,unmatched
J2301,P::J2301,,,,unmatched_missing_name,0.0,unmatched
J2300,P::J2300,,,,unmatched_missing_name,0.0,unmatched
J2265,P::J2265,,,,unmatched_missing_name,0.0,unmatched
J2299,P::J2299,,,,unmatched_missing_name,0.0,unmatched
J2297,P::J2297,,,,unmatched_missing_name,0.0,unmatched
J2296,P::J2296,,,,unmatched_missing_name,0.0,unmatched
J2295,P::J2295,,,,unmatched_missing_name,0.0,unmatched
J2294,P::J2294,,,,unmatched_missing_name,0.0,unmatched
J2293,P::J2293,,,,unmatched_missing_name,0.0,unmatched
J2292,P::J2292,,,,unmatched_missing_name,0.0,unmatched
J2291,P::J2291,,,,unmatched_missing_name,0.0,unmatched
J2290,P::J2290,,,,unmatched_missing_name,0.0,unmatched
J2289,P::J2289,,,,unmatched_missing_name,0.0,unmatched
J2298,P::J2298,,,,unmatched_missing_name,0.0,unmatched
J2217,P::J2217,,,,unmatched_missing_name,0.0,unmatched
J2264,P::J2264,,,,unmatched_missing_name,0.0,unmatched
J2262,P::J2262,,,,unmatched_missing_name,0.0,unmatched
J2237,P::J2237,,,,unmatched_missing_name,0.0,unmatched
J2236,P::J2236,,,,unmatched_missing_name,0.0,unmatched
J2235,P::J2235,,,,unmatched_missing_name,0.0,unmatched
J2234,P::J2234,,,,unmatched_missing_name,0.0,unmatched
J2233,P::J2233,,,,unmatched_missing_name,0.0,unmatched
J2232,P::J2232,,,,unmatched_missing_name,0.0,unmatched
J2231,P::J2231,,,,unmatched_missing_name,0.0,unmatched
J2230,P::J2230,,,,unmatched_missing_name,0.0,unmatched
J2229,P::J2229,,,,unmatched_missing_name,0.0,unmatched
J2228,P::J2228,,,,unmatched_missing_name,0.0,unmatched
J2227,P::J2227,,,,unmatched_missing_name,0.0,unmatched
J2226,P::J2226,,,,unmatched_missing_name,0.0,unmatched
J2225,P::J2225,,,,unmatched_missing_name,0.0,unmatched
J2224,P::J2224,,,,unmatched_missing_name,0.0,unmatched
J2223,P::J2223,,,,unmatched_missing_name,0.0,unmatched
J2222,P::J2222,,,,unmatched_missing_name,0.0,unmatched
J2221,P::J2221,,,,unmatched_missing_name,0.0,unmatched
J2220,P::J2220,,,,unmatched_missing_name,0.0,unmatched
J2219,P::J2219,,,,unmatched_missing_name,0.0,unmatched
J2238,P::J2238,,,,unmatched_missing_name,0.0,unmatched
J2239,P::J2239,,,,unmatched_missing_name,0.0,unmatched
J2240,P::J2240,,,,unmatched_missing_name,0.0,unmatched
J2241,P::J2241,,,,unmatched_missing_name,0.0,unmatched
J2261,P::J2261,,,,unmatched_missing_name,0.0,unmatched
J2260,P::J2260,,,,unmatched_missing_name,0.0,unmatched
J2259,P::J2259,,,,unmatched_missing_name,0.0,unmatched
J2258,P::J2258,,,,unmatched_missing_name,0.0,unmatched
J2257,P::J2257,,,,unmatched_missing_name,0.0,unmatched
J2256,P::J2256,,,,unmatched_missing_name,0.0,unmatched
J2255,P::J2255,,,,unmatched_missing_name,0.0,unmatched
J2254,P::J2254,,,,unmatched_missing_name,0.0,unmatched
J2253,P::J2253,,,,unmatched_missing_name,0.0,unmatched
J2263,P::J2263,,,,unmatched_missing_name,0.0,unmatched
J2252,P::J2252,,,,unmatched_missing_name,0.0,unmatched
J2250,P::J2250,,,,unmatched_missing_name,0.0,unmatched
J2249,P::J2249,,,,unmatched_missing_name,0.0,unmatched
J2248,P::J2248,,,,unmatched_missing_name,0.0,unmatched
J2247,P::J2247,,,,unmatched_missing_name,0.0,unmatched
J2246,P::J2246,,,,unmatched_missing_name,0.0,unmatched
J2245,P::J2245,,,,unmatched_missing_name,0.0,unmatched
J2244,P::J2244,,,,unmatched_missing_name,0.0,unmatched
J2243,P::J2243,,,,unmatched_missing_name,0.0,unmatched
J2242,P::J2242,,,,unmatched_missing_name,0.0,unmatched
J2251,P::J2251,,,,unmatched_missing_name,0.0,unmatched
J2496,P::J2496,,,,unmatched_missing_name,0.0,unmatched
J1749,P::J1749,,,,unmatched_missing_name,0.0,unmatched
J1747,P::J1747,,,,unmatched_missing_name,0.0,unmatched
J1253,P::J1253,,,,unmatched_missing_name,0.0,unmatched
J1252,P::J1252,,,,unmatched_missing_name,0.0,unmatched
J1251,P::J1251,,,,unmatched_missing_name,0.0,unmatched
J1250,P::J1250,,,,unmatched_missing_name,0.0,unmatched
J1249,P::J1249,,,,unmatched_missing_name,0.0,unmatched
J1248,P::J1248,,,,unmatched_missing_name,0.0,unmatched
J1247,P::J1247,,,,unmatched_missing_name,0.0,unmatched
J1246,P::J1246,,,,unmatched_missing_name,0.0,unmatched
J1245,P::J1245,,,,unmatched_missing_name,0.0,unmatched
J1244,P::J1244,,,,unmatched_missing_name,0.0,unmatched
J1243,P::J1243,,,,unmatched_missing_name,0.0,unmatched
J1242,P::J1242,,,,unmatched_missing_name,0.0,unmatched
J1241,P::J1241,,,,unmatched_missing_name,0.0,unmatched
J1240,P::J1240,,,,unmatched_missing_name,0.0,unmatched
J1239,P::J1239,,,,unmatched_missing_name,0.0,unmatched
J1238,P::J1238,,,,unmatched_missing_name,0.0,unmatched
J1237,P::J1237,,,,unmatched_missing_name,0.0,unmatched
J1236,P::J1236,,,,unmatched_missing_name,0.0,unmatched
J1235,P::J1235,,,,unmatched_missing_name,0.0,unmatched
J1254,P::J1254,,,,unmatched_missing_name,0.0,unmatched
J1234,P::J1234,,,,unmatched_missing_name,0.0,unmatched
J1255,P::J1255,,,,unmatched_missing_name,0.0,unmatched
J1257,P::J1257,,,,unmatched_missing_name,0.0,unmatched
J1276,P::J1276,,,,unmatched_missing_name,0.0,unmatched
J1275,P::J1275,,,,unmatched_missing_name,0.0,unmatched
J1274,P::J1274,,,,unmatched_missing_name,0.0,unmatched
J1273,P::J1273,,,,unmatched_missing_name,0.0,unmatched
J1272,P::J1272,,,,unmatched_missing_name,0.0,unmatched
J1271,P::J1271,,,,unmatched_missing_name,0.0,unmatched
J1270,P::J1270,,,,unmatched_missing_name,0.0,unmatched
J1269,P::J1269,,,,unmatched_missing_name,0.0,unmatched
J1268,P::J1268,,,,unmatched_missing_name,0.0,unmatched
J1267,P::J1267,,,,unmatched_missing_name,0.0,unmatched
J1266,P::J1266,,,,unmatched_missing_name,0.0,unmatched
J1265,P::J1265,,,,unmatched_missing_name,0.0,unmatched
J1264,P::J1264,,,,unmatched_missing_name,0.0,unmatched
J1263,P::J1263,,,,unmatched_missing_name,0.0,unmatched
J1262,P::J1262,,,,unmatched_missing_name,0.0,unmatched
J1261,P::J1261,,,,unmatched_missing_name,0.0,unmatched
J1260,P::J1260,,,,unmatched_missing_name,0.0,unmatched
J1259,P::J1259,,,,unmatched_missing_name,0.0,unmatched
J1258,P::J1258,,,,unmatched_missing_name,0.0,unmatched
J1256,P::J1256,,,,unmatched_missing_name,0.0,unmatched
J1233,P::J1233,,,,unmatched_missing_name,0.0,unmatched
J1232,P::J1232,,,,unmatched_missing_name,0.0,unmatched
J1231,P::J1231,,,,unmatched_missing_name,0.0,unmatched
J1206,P::J1206,,,,unmatched_missing_name,0.0,unmatched
J1205,P::J1205,,,,unmatched_missing_name,0.0,unmatched
J1204,P::J1204,,,,unmatched_missing_name,0.0,unmatched
J1203,P::J1203,,,,unmatched_missing_name,0.0,unmatched
J1202,P::J1202,,,,unmatched_missing_name,0.0,unmatched
J1201,P::J1201,,,,unmatched_missing_name,0.0,unmatched
J1200,P::J1200,,,,unmatched_missing_name,0.0,unmatched
J1199,P::J1199,,,,unmatched_missing_name,0.0,unmatched
J1198,P::J1198,,,,unmatched_missing_name,0.0,unmatched
J1197,P::J1197,,,,unmatched_missing_name,0.0,unmatched
J1196,P::J1196,,,,unmatched_missing_name,0.0,unmatched
J1195,P::J1195,,,,unmatched_missing_name,0.0,unmatched
J1194,P::J1194,,,,unmatched_missing_name,0.0,unmatched
J1193,P::J1193,,,,unmatched_missing_name,0.0,unmatched
J1192,P::J1192,,,,unmatched_missing_name,0.0,unmatched
J1191,P::J1191,,,,unmatched_missing_name,0.0,unmatched
J1190,P::J1190,,,,unmatched_missing_name,0.0,unmatched
J1189,P::J1189,,,,unmatched_missing_name,0.0,unmatched
J1188,P::J1188,,,,unmatched_missing_name,0.0,unmatched
J1207,P::J1207,,,,unmatched_missing_name,0.0,unmatched
J1208,P::J1208,,,,unmatched_missing_name,0.0,unmatched
J1209,P::J1209,,,,unmatched_missing_name,0.0,unmatched
J1210,P::J1210,,,,unmatched_missing_name,0.0,unmatched
J1230,P::J1230,,,,unmatched_missing_name,0.0,unmatched
J1229,P::J1229,,,,unmatched_missing_name,0.0,unmatched
J1228,P::J1228,,,,unmatched_missing_name,0.0,unmatched
J1227,P::J1227,,,,unmatched_missing_name,0.0,unmatched
J1226,P::J1226,,,,unmatched_missing_name,0.0,unmatched
J1225,P::J1225,,,,unmatched_missing_name,0.0,unmatched
J1224,P::J1224,,,,unmatched_missing_name,0.0,unmatched
J1223,P::J1223,,,,unmatched_missing_name,0.0,unmatched
J1222,P::J1222,,,,unmatched_missing_name,0.0,unmatched
J1277,P::J1277,,,,unmatched_missing_name,0.0,unmatched
J1221,P::J1221,,,,unmatched_missing_name,0.0,unmatched
J1219,P::J1219,,,,unmatched_missing_name,0.0,unmatched
J1218,P::J1218,,,,unmatched_missing_name,0.0,unmatched
J1217,P::J1217,,,,unmatched_missing_name,0.0,unmatched
J1216,P::J1216,,,,unmatched_missing_name,0.0,unmatched
J1215,P::J1215,,,,unmatched_missing_name,0.0,unmatched
J1214,P::J1214,,,,unmatched_missing_name,0.0,unmatched
J1213,P::J1213,,,,unmatched_missing_name,0.0,unmatched
J1212,P::J1212,,,,unmatched_missing_name,0.0,unmatched
J1211,P::J1211,,,,unmatched_missing_name,0.0,unmatched
J1220,P::J1220,,,,unmatched_missing_name,0.0,unmatched
J1278,P::J1278,,,,unmatched_missing_name,0.0,unmatched
J1279,P::J1279,,,,unmatched_missing_name,0.0,unmatched
J1280,P::J1280,,,,unmatched_missing_name,0.0,unmatched
J1346,P::J1346,,,,unmatched_missing_name,0.0,unmatched
J1345,P::J1345,,,,unmatched_missing_name,0.0,unmatched
J1344,P::J1344,,,,unmatched_missing_name,0.0,unmatched
J1343,P::J1343,,,,unmatched_missing_name,0.0,unmatched
J1342,P::J1342,,,,unmatched_missing_name,0.0,unmatched
J1341,P::J1341,,,,unmatched_missing_name,0.0,unmatched
J1340,P::J1340,,,,unmatched_missing_name,0.0,unmatched
J1339,P::J1339,,,,unmatched_missing_name,0.0,unmatched
J1338,P::J1338,,,,unmatched_missing_name,0.0,unmatched
J1337,P::J1337,,,,unmatched_missing_name,0.0,unmatched
J1336,P::J1336,,,,unmatched_missing_name,0.0,unmatched
J1335,P::J1335,,,,unmatched_missing_name,0.0,unmatched
J1334,P::J1334,,,,unmatched_missing_name,0.0,unmatched
J1333,P::J1333,,,,unmatched_missing_name,0.0,unmatched
J1332,P::J1332,,,,unmatched_missing_name,0.0,unmatched
J1331,P::J1331,,,,unmatched_missing_name,0.0,unmatched
J1330,P::J1330,,,,unmatched_missing_name,0.0,unmatched
J1329,P::J1329,,,,unmatched_missing_name,0.0,unmatched
J1328,P::J1328,,,,unmatched_missing_name,0.0,unmatched
J1347,P::J1347,,,,unmatched_missing_name,0.0,unmatched
J1348,P::J1348,,,,unmatched_missing_name,0.0,unmatched
J1349,P::J1349,,,,unmatched_missing_name,0.0,unmatched
J1350,P::J1350,,,,unmatched_missing_name,0.0,unmatched
J1370,P::J1370,,,,unmatched_missing_name,0.0,unmatched
J1369,P::J1369,,,,unmatched_missing_name,0.0,unmatched
J1368,P::J1368,,,,unmatched_missing_name,0.0,unmatched
J1367,P::J1367,,,,unmatched_missing_name,0.0,unmatched
J1366,P::J1366,,,,unmatched_missing_name,0.0,unmatched
J1365,P::J1365,,,,unmatched_missing_name,0.0,unmatched
J1364,P::J1364,,,,unmatched_missing_name,0.0,unmatched
J1363,P::J1363,,,,unmatched_missing_name,0.0,unmatched
J1362,P::J1362,,,,unmatched_missing_name,0.0,unmatched
J1327,P::J1327,,,,unmatched_missing_name,0.0,unmatched
J1361,P::J1361,,,,unmatched_missing_name,0.0,unmatched
J1359,P::J1359,,,,unmatched_missing_name,0.0,unmatched
J1358,P::J1358,,,,unmatched_missing_name,0.0,unmatched
J1357,P::J1357,,,,unmatched_missing_name,0.0,unmatched
J1356,P::J1356,,,,unmatched_missing_name,0.0,unmatched
J1355,P::J1355,,,,unmatched_missing_name,0.0,unmatched
J1354,P::J1354,,,,unmatched_missing_name,0.0,unmatched
J1353,P::J1353,,,,unmatched_missing_name,0.0,unmatched
J1352,P::J1352,,,,unmatched_missing_name,0.0,unmatched
J1351,P::J1351,,,,unmatched_missing_name,0.0,unmatched
J1360,P::J1360,,,,unmatched_missing_name,0.0,unmatched
J1187,P::J1187,,,,unmatched_missing_name,0.0,unmatched
J1326,P::J1326,,,,unmatched_missing_name,0.0,unmatched
J1324,P::J1324,,,,unmatched_missing_name,0.0,unmatched
J1299,P::J1299,,,,unmatched_missing_name,0.0,unmatched
J1298,P::J1298,,,,unmatched_missing_name,0.0,unmatched
J1297,P::J1297,,,,unmatched_missing_name,0.0,unmatched
J1296,P::J1296,,,,unmatched_missing_name,0.0,unmatched
J1295,P::J1295,,,,unmatched_missing_name,0.0,unmatched
J1294,P::J1294,,,,unmatched_missing_name,0.0,unmatched
J1293,P::J1293,,,,unmatched_missing_name,0.0,unmatched
J1292,P::J1292,,,,unmatched_missing_name,0.0,unmatched
J1291,P::J1291,,,,unmatched_missing_name,0.0,unmatched
J1290,P::J1290,,,,unmatched_missing_name,0.0,unmatched
J1289,P::J1289,,,,unmatched_missing_name,0.0,unmatched
J1288,P::J1288,,,,unmatched_missing_name,0.0,unmatched
J1287,P::J1287,,,,unmatched_missing_name,0.0,unmatched
J1286,P::J1286,,,,unmatched_missing_name,0.0,unmatched
J1285,P::J1285,,,,unmatched_missing_name,0.0,unmatched
J1284,P::J1284,,,,unmatched_missing_name,0.0,unmatched
J1283,P::J1283,,,,unmatched_missing_name,0.0,unmatched
J1282,P::J1282,,,,unmatched_missing_name,0.0,unmatched
J1281,P::J1281,,,,unmatched_missing_name,0.0,unmatched
J1300,P::J1300,,,,unmatched_missing_name,0.0,unmatched
J1301,P::J1301,,,,unmatched_missing_name,0.0,unmatched
J1302,P::J1302,,,,unmatched_missing_name,0.0,unmatched
J1303,P::J1303,,,,unmatched_missing_name,0.0,unmatched
J1323,P::J1323,,,,unmatched_missing_name,0.0,unmatched
J1322,P::J1322,,,,unmatched_missing_name,0.0,unmatched
J1321,P::J1321,,,,unmatched_missing_name,0.0,unmatched
J1320,P::J1320,,,,unmatched_missing_name,0.0,unmatched
J1319,P::J1319,,,,unmatched_missing_name,0.0,unmatched
J1318,P::J1318,,,,unmatched_missing_name,0.0,unmatched
J1317,P::J1317,,,,unmatched_missing_name,0.0,unmatched
J1316,P::J1316,,,,unmatched_missing_name,0.0,unmatched
J1315,P::J1315,,,,unmatched_missing_name,0.0,unmatched
J1325,P::J1325,,,,unmatched_missing_name,0.0,unmatched
J1314,P::J1314,,,,unmatched_missing_name,0.0,unmatched
J1312,P::J1312,,,,unmatched_missing_name,0.0,unmatched
J1311,P::J1311,,,,unmatched_missing_name,0.0,unmatched
J1310,P::J1310,,,,unmatched_missing_name,0.0,unmatched
J1309,P::J1309,,,,unmatched_missing_name,0.0,unmatched
J1308,P::J1308,,,,unmatched_missing_name,0.0,unmatched
J1307,P::J1307,,,,unmatched_missing_name,0.0,unmatched
J1306,P::J1306,,,,unmatched_missing_name,0.0,unmatched
J1305,P::J1305,,,,unmatched_missing_name,0.0,unmatched
J1304,P::J1304,,,,unmatched_missing_name,0.0,unmatched
J1313,P::J1313,,,,unmatched_missing_name,0.0,unmatched
J1186,P::J1186,,,,unmatched_missing_name,0.0,unmatched
J1185,P::J1185,,,,unmatched_missing_name,0.0,unmatched
J1184,P::J1184,,,,unmatched_missing_name,0.0,unmatched
J1065,P::J1065,,,,unmatched_missing_name,0.0,unmatched
J1064,P::J1064,,,,unmatched_missing_name,0.0,unmatched
J1063,P::J1063,,,,unmatched_missing_name,0.0,unmatched
J1062,P::J1062,,,,unmatched_missing_name,0.0,unmatched
J1061,P::J1061,,,,unmatched_missing_name,0.0,unmatched
J1060,P::J1060,,,,unmatched_missing_name,0.0,unmatched
J1059,P::J1059,,,,unmatched_missing_name,0.0,unmatched
J1058,P::J1058,,,,unmatched_missing_name,0.0,unmatched
J1057,P::J1057,,,,unmatched_missing_name,0.0,unmatched
J1056,P::J1056,,,,unmatched_missing_name,0.0,unmatched
J1055,P::J1055,,,,unmatched_missing_name,0.0,unmatched
J1054,P::J1054,,,,unmatched_missing_name,0.0,unmatched
J1053,P::J1053,,,,unmatched_missing_name,0.0,unmatched
J1052,P::J1052,,,,unmatched_missing_name,0.0,unmatched
J1051,P::J1051,,,,unmatched_missing_name,0.0,unmatched
J1050,P::J1050,,,,unmatched_missing_name,0.0,unmatched
J1049,P::J1049,,,,unmatched_missing_name,0.0,unmatched
J1048,P::J1048,,,,unmatched_missing_name,0.0,unmatched
J1047,P::J1047,,,,unmatched_missing_name,0.0,unmatched
J1066,P::J1066,,,,unmatched_missing_name,0.0,unmatched
J1067,P::J1067,,,,unmatched_missing_name,0.0,unmatched
J1068,P::J1068,,,,unmatched_missing_name,0.0,unmatched
J1069,P::J1069,,,,unmatched_missing_name,0.0,unmatched
J1089,P::J1089,,,,unmatched_missing_name,0.0,unmatched
J1088,P::J1088,,,,unmatched_missing_name,0.0,unmatched
J1087,P::J1087,,,,unmatched_missing_name,0.0,unmatched
J1086,P::J1086,,,,unmatched_missing_name,0.0,unmatched
J1085,P::J1085,,,,unmatched_missing_name,0.0,unmatched
J1084,P::J1084,,,,unmatched_missing_name,0.0,unmatched
J1083,P::J1083,,,,unmatched_missing_name,0.0,unmatched
J1082,P::J1082,,,,unmatched_missing_name,0.0,unmatched
J1081,P::J1081,,,,unmatched_missing_name,0.0,unmatched
J1046,P::J1046,,,,unmatched_missing_name,0.0,unmatched
J1080,P::J1080,,,,unmatched_missing_name,0.0,unmatched
J1078,P::J1078,,,,unmatched_missing_name,0.0,unmatched
J1077,P::J1077,,,,unmatched_missing_name,0.0,unmatched
J1076,P::J1076,,,,unmatched_missing_name,0.0,unmatched
J1075,P::J1075,,,,unmatched_missing_name,0.0,unmatched
J1074,P::J1074,,,,unmatched_missing_name,0.0,unmatched
J1073,P::J1073,,,,unmatched_missing_name,0.0,unmatched
J1072,P::J1072,,,,unmatched_missing_name,0.0,unmatched
J1071,P::J1071,,,,unmatched_missing_name,0.0,unmatched
J1070,P::J1070,,,,unmatched_missing_name,0.0,unmatched
J1079,P::J1079,,,,unmatched_missing_name,0.0,unmatched
J1090,P::J1090,,,,unmatched_missing_name,0.0,unmatched
J1045,P::J1045,,,,unmatched_missing_name,0.0,unmatched
J1043,P::J1043,,,,unmatched_missing_name,0.0,unmatched
J1018,P::J1018,,,,unmatched_missing_name,0.0,unmatched
J1017,P::J1017,,,,unmatched_missing_name,0.0,unmatched
J1016,P::J1016,,,,unmatched_missing_name,0.0,unmatched
J1015,P::J1015,,,,unmatched_missing_name,0.0,unmatched
J1014,P::J1014,,,,unmatched_missing_name,0.0,unmatched
J1013,P::J1013,,,,unmatched_missing_name,0.0,unmatched
J1012,P::J1012,,,,unmatched_missing_name,0.0,unmatched
J1011,P::J1011,,,,unmatched_missing_name,0.0,unmatched
J1010,P::J1010,,,,unmatched_missing_name,0.0,unmatched
J1009,P::J1009,,,,unmatched_missing_name,0.0,unmatched
J1008,P::J1008,,,,unmatched_missing_name,0.0,unmatched
J1007,P::J1007,,,,unmatched_missing_name,0.0,unmatched
J1006,P::J1006,,,,unmatched_missing_name,0.0,unmatched
J1005,P::J1005,,,,unmatched_missing_name,0.0,unmatched
J1004,P::J1004,,,,unmatched_missing_name,0.0,unmatched
J1003,P::J1003,,,,unmatched_missing_name,0.0,unmatched
J1002,P::J1002,,,,unmatched_missing_name,0.0,unmatched
J1001,P::J1001,,,,unmatched_missing_name,0.0,unmatched
J1000,P::J1000,,,,unmatched_missing_name,0.0,unmatched
J1019,P::J1019,,,,unmatched_missing_name,0.0,unmatched
J1020,P::J1020,,,,unmatched_missing_name,0.0,unmatched
J1021,P::J1021,,,,unmatched_missing_name,0.0,unmatched
J1022,P::J1022,,,,unmatched_missing_name,0.0,unmatched
J1042,P::J1042,,,,unmatched_missing_name,0.0,unmatched
J1041,P::J1041,,,,unmatched_missing_name,0.0,unmatched
J1040,P::J1040,,,,unmatched_missing_name,0.0,unmatched
J1039,P::J1039,,,,unmatched_missing_name,0.0,unmatched
J1038,P::J1038,,,,unmatched_missing_name,0.0,unmatched
J1037,P::J1037,,,,unmatched_missing_name,0.0,unmatched
J1036,P::J1036,,,,unmatched_missing_name,0.0,unmatched
J1035,P::J1035,,,,unmatched_missing_name,0.0,unmatched
J1034,P::J1034,,,,unmatched_missing_name,0.0,unmatched
J1044,P::J1044,,,,unmatched_missing_name,0.0,unmatched
J1033,P::J1033,,,,unmatched_missing_name,0.0,unmatched
J1031,P::J1031,,,,unmatched_missing_name,0.0,unmatched
J1030,P::J1030,,,,unmatched_missing_name,0.0,unmatched
J1029,P::J1029,,,,unmatched_missing_name,0.0,unmatched
J1028,P::J1028,,,,unmatched_missing_name,0.0,unmatched
J1027,P::J1027,,,,unmatched_missing_name,0.0,unmatched
J1026,P::J1026,,,,unmatched_missing_name,0.0,unmatched
J1025,P::J1025,,,,unmatched_missing_name,0.0,unmatched
J1024,P::J1024,,,,unmatched_missing_name,0.0,unmatched
J1023,P::J1023,,,,unmatched_missing_name,0.0,unmatched
J1032,P::J1032,,,,unmatched_missing_name,0.0,unmatched
J1371,P::J1371,,,,unmatched_missing_name,0.0,unmatched
J1091,P::J1091,,,,unmatched_missing_name,0.0,unmatched
J1093,P::J1093,,,,unmatched_missing_name,0.0,unmatched
J1159,P::J1159,,,,unmatched_missing_name,0.0,unmatched
J1158,P::J1158,,,,unmatched_missing_name,0.0,unmatched
J1157,P::J1157,,,,unmatched_missing_name,0.0,unmatched
J1156,P::J1156,,,,unmatched_missing_name,0.0,unmatched
J1155,P::J1155,,,,unmatched_missing_name,0.0,unmatched
J1154,P::J1154,,,,unmatched_missing_name,0.0,unmatched
J1153,P::J1153,,,,unmatched_missing_name,0.0,unmatched
J1152,P::J1152,,,,unmatched_missing_name,0.0,unmatched
J1151,P::J1151,,,,unmatched_missing_name,0.0,unmatched
J1150,P::J1150,,,,unmatched_missing_name,0.0,unmatched
J1149,P::J1149,,,,unmatched_missing_name,0.0,unmatched
J1148,P::J1148,,,,unmatched_missing_name,0.0,unmatched
J1147,P::J1147,,,,unmatched_missing_name,0.0,unmatched
J1146,P::J1146,,,,unmatched_missing_name,0.0,unmatched
J1145,P::J1145,,,,unmatched_missing_name,0.0,unmatched
J1144,P::J1144,,,,unmatched_missing_name,0.0,unmatched
J1143,P::J1143,,,,unmatched_missing_name,0.0,unmatched
J1142,P::J1142,,,,unmatched_missing_name,0.0,unmatched
J1141,P::J1141,,,,unmatched_missing_name,0.0,unmatched
J1160,P::J1160,,,,unmatched_missing_name,0.0,unmatched
J1161,P::J1161,,,,unmatched_missing_name,0.0,unmatched
J1162,P::J1162,,,,unmatched_missing_name,0.0,unmatched
J1163,P::J1163,,,,unmatched_missing_name,0.0,unmatched
J1183,P::J1183,,,,unmatched_missing_name,0.0,unmatched
J1182,P::J1182,,,,unmatched_missing_name,0.0,unmatched
J1181,P::J1181,,,,unmatched_missing_name,0.0,unmatched
J1180,P::J1180,,,,unmatched_missing_name,0.0,unmatched
J1179,P::J1179,,,,unmatched_missing_name,0.0,unmatched
J1178,P::J1178,,,,unmatched_missing_name,0.0,unmatched
J1177,P::J1177,,,,unmatched_missing_name,0.0,unmatched
J1176,P::J1176,,,,unmatched_missing_name,0.0,unmatched
J1175,P::J1175,,,,unmatched_missing_name,0.0,unmatched
J1140,P::J1140,,,,unmatched_missing_name,0.0,unmatched
J1174,P::J1174,,,,unmatched_missing_name,0.0,unmatched
J1172,P::J1172,,,,unmatched_missing_name,0.0,unmatched
J1171,P::J1171,,,,unmatched_missing_name,0.0,unmatched
J1170,P::J1170,,,,unmatched_missing_name,0.0,unmatched
J1169,P::J1169,,,,unmatched_missing_name,0.0,unmatched
J1168,P::J1168,,,,unmatched_missing_name,0.0,unmatched
J1167,P::J1167,,,,unmatched_missing_name,0.0,unmatched
J1166,P::J1166,,,,unmatched_missing_name,0.0,unmatched
J1165,P::J1165,,,,unmatched_missing_name,0.0,unmatched
J1164,P::J1164,,,,unmatched_missing_name,0.0,unmatched
J1173,P::J1173,,,,unmatched_missing_name,0.0,unmatched
J1092,P::J1092,,,,unmatched_missing_name,0.0,unmatched
J1139,P::J1139,,,,unmatched_missing_name,0.0,unmatched
J1137,P::J1137,,,,unmatched_missing_name,0.0,unmatched
J1112,P::J1112,,,,unmatched_missing_name,0.0,unmatched
J1111,P::J1111,,,,unmatched_missing_name,0.0,unmatched
J1110,P::J1110,,,,unmatched_missing_name,0.0,unmatched
J1109,P::J1109,,,,unmatched_missing_name,0.0,unmatched
J1108,P::J1108,,,,unmatched_missing_name,0.0,unmatched
J1107,P::J1107,,,,unmatched_missing_name,0.0,unmatched
J1106,P::J1106,,,,unmatched_missing_name,0.0,unmatched
J1105,P::J1105,,,,unmatched_missing_name,0.0,unmatched
J1104,P::J1104,,,,unmatched_missing_name,0.0,unmatched
J1103,P::J1103,,,,unmatched_missing_name,0.0,unmatched
J1102,P::J1102,,,,unmatched_missing_name,0.0,unmatched
J1101,P::J1101,,,,unmatched_missing_name,0.0,unmatched
J1100,P::J1100,,,,unmatched_missing_name,0.0,unmatched
J1099,P::J1099,,,,unmatched_missing_name,0.0,unmatched
J1098,P::J1098,,,,unmatched_missing_name,0.0,unmatched
J1097,P::J1097,,,,unmatched_missing_name,0.0,unmatched
J1096,P::J1096,,,,unmatched_missing_name,0.0,unmatched
J1095,P::J1095,,,,unmatched_missing_name,0.0,unmatched
J1094,P::J1094,,,,unmatched_missing_name,0.0,unmatched
J1113,P::J1113,,,,unmatched_missing_name,0.0,unmatched
J1114,P::J1114,,,,unmatched_missing_name,0.0,unmatched
J1115,P::J1115,,,,unmatched_missing_name,0.0,unmatched
J1116,P::J1116,,,,unmatched_missing_name,0.0,unmatched
J1136,P::J1136,,,,unmatched_missing_name,0.0,unmatched
J1135,P::J1135,,,,unmatched_missing_name,0.0,unmatched
J1134,P::J1134,,,,unmatched_missing_name,0.0,unmatched
J1133,P::J1133,,,,unmatched_missing_name,0.0,unmatched
J1132,P::J1132,,,,unmatched_missing_name,0.0,unmatched
J1131,P::J1131,,,,unmatched_missing_name,0.0,unmatched
J1130,P::J1130,,,,unmatched_missing_name,0.0,unmatched
J1129,P::J1129,,,,unmatched_missing_name,0.0,unmatched
J1128,P::J1128,,,,unmatched_missing_name,0.0,unmatched
J1138,P::J1138,,,,unmatched_missing_name,0.0,unmatched
J1127,P::J1127,,,,unmatched_missing_name,0.0,unmatched
J1125,P::J1125,,,,unmatched_missing_name,0.0,unmatched
J1124,P::J1124,,,,unmatched_missing_name,0.0,unmatched
J1123,P::J1123,,,,unmatched_missing_name,0.0,unmatched
J1122,P::J1122,,,,unmatched_missing_name,0.0,unmatched
J1121,P::J1121,,,,unmatched_missing_name,0.0,unmatched
J1120,P::J1120,,,,unmatched_missing_name,0.0,unmatched
J1119,P::J1119,,,,unmatched_missing_name,0.0,unmatched
J1118,P::J1118,,,,unmatched_missing_name,0.0,unmatched
J1117,P::J1117,,,,unmatched_missing_name,0.0,unmatched
J1126,P::J1126,,,,unmatched_missing_name,0.0,unmatched
J1748,P::J1748,,,,unmatched_missing_name,0.0,unmatched
J1372,P::J1372,,,,unmatched_missing_name,0.0,unmatched
J1374,P::J1374,,,,unmatched_missing_name,0.0,unmatched
J1629,P::J1629,,,,unmatched_missing_name,0.0,unmatched
J1628,P::J1628,,,,unmatched_missing_name,0.0,unmatched
J1627,P::J1627,,,,unmatched_missing_name,0.0,unmatched
J1626,P::J1626,,,,unmatched_missing_name,0.0,unmatched
J1625,P::J1625,,,,unmatched_missing_name,0.0,unmatched
J1624,P::J1624,,,,unmatched_missing_name,0.0,unmatched
J1623,P::J1623,,,,unmatched_missing_name,0.0,unmatched
J1622,P::J1622,,,,unmatched_missing_name,0.0,unmatched
J1621,P::J1621,,,,unmatched_missing_name,0.0,unmatched
J1620,P::J1620,,,,unmatched_missing_name,0.0,unmatched
J1619,P::J1619,,,,unmatched_missing_name,0.0,unmatched
J1618,P::J1618,,,,unmatched_missing_name,0.0,unmatched
J1617,P::J1617,,,,unmatched_missing_name,0.0,unmatched
J1616,P::J1616,,,,unmatched_missing_name,0.0,unmatched
J1615,P::J1615,,,,unmatched_missing_name,0.0,unmatched
J1614,P::J1614,,,,unmatched_missing_name,0.0,unmatched
J1613,P::J1613,,,,unmatched_missing_name,0.0,unmatched
J1612,P::J1612,,,,unmatched_missing_name,0.0,unmatched
J1611,P::J1611,,,,unmatched_missing_name,0.0,unmatched
J1630,P::J1630,,,,unmatched_missing_name,0.0,unmatched
J1610,P::J1610,,,,unmatched_missing_name,0.0,unmatched
J1631,P::J1631,,,,unmatched_missing_name,0.0,unmatched
J1633,P::J1633,,,,unmatched_missing_name,0.0,unmatched
J1652,P::J1652,,,,unmatched_missing_name,0.0,unmatched
J1651,P::J1651,,,,unmatched_missing_name,0.0,unmatched
J1650,P::J1650,,,,unmatched_missing_name,0.0,unmatched
J1649,P::J1649,,,,unmatched_missing_name,0.0,unmatched
J1648,P::J1648,,,,unmatched_missing_name,0.0,unmatched
J1647,P::J1647,,,,unmatched_missing_name,0.0,unmatched
J1646,P::J1646,,,,unmatched_missing_name,0.0,unmatched
J1645,P::J1645,,,,unmatched_missing_name,0.0,unmatched
J1644,P::J1644,,,,unmatched_missing_name,0.0,unmatched
J1643,P::J1643,,,,unmatched_missing_name,0.0,unmatched
J1642,P::J1642,,,,unmatched_missing_name,0.0,unmatched
J1641,P::J1641,,,,unmatched_missing_name,0.0,unmatched
J1640,P::J1640,,,,unmatched_missing_name,0.0,unmatched
J1639,P::J1639,,,,unmatched_missing_name,0.0,unmatched
J1638,P::J1638,,,,unmatched_missing_name,0.0,unmatched
J1637,P::J1637,,,,unmatched_missing_name,0.0,unmatched
J1636,P::J1636,,,,unmatched_missing_name,0.0,unmatched
J1635,P::J1635,,,,unmatched_missing_name,0.0,unmatched
J1634,P::J1634,,,,unmatched_missing_name,0.0,unmatched
J1632,P::J1632,,,,unmatched_missing_name,0.0,unmatched
J1609,P::J1609,,,,unmatched_missing_name,0.0,unmatched
J1608,P::J1608,,,,unmatched_missing_name,0.0,unmatched
J1607,P::J1607,,,,unmatched_missing_name,0.0,unmatched
J1581,P::J1581,,,,unmatched_missing_name,0.0,unmatched
J1580,P::J1580,,,,unmatched_missing_name,0.0,unmatched
J1579,P::J1579,,,,unmatched_missing_name,0.0,unmatched
J1578,P::J1578,,,,unmatched_missing_name,0.0,unmatched
J1577,P::J1577,,,,unmatched_missing_name,0.0,unmatched
J1576,P::J1576,,,,unmatched_missing_name,0.0,unmatched
J1575,P::J1575,,,,unmatched_missing_name,0.0,unmatched
J1574,P::J1574,,,,unmatched_missing_name,0.0,unmatched
J1573,P::J1573,,,,unmatched_missing_name,0.0,unmatched
J1572,P::J1572,,,,unmatched_missing_name,0.0,unmatched
J1571,P::J1571,,,,unmatched_missing_name,0.0,unmatched
J1570,P::J1570,,,,unmatched_missing_name,0.0,unmatched
J1569,P::J1569,,,,unmatched_missing_name,0.0,unmatched
J1568,P::J1568,,,,unmatched_missing_name,0.0,unmatched
J1567,P::J1567,,,,unmatched_missing_name,0.0,unmatched
J1566,P::J1566,,,,unmatched_missing_name,0.0,unmatched
J1565,P::J1565,,,,unmatched_missing_name,0.0,unmatched
J1564,P::J1564,,,,unmatched_missing_name,0.0,unmatched
J1563,P::J1563,,,,unmatched_missing_name,0.0,unmatched
J1583,P::J1583,,,,unmatched_missing_name,0.0,unmatched
J1584,P::J1584,,,,unmatched_missing_name,0.0,unmatched
J1585,P::J1585,,,,unmatched_missing_name,0.0,unmatched
J1586,P::J1586,,,,unmatched_missing_name,0.0,unmatched
J1606,P::J1606,,,,unmatched_missing_name,0.0,unmatched
J1605,P::J1605,,,,unmatched_missing_name,0.0,unmatched
J1604,P::J1604,,,,unmatched_missing_name,0.0,unmatched
J1603,P::J1603,,,,unmatched_missing_name,0.0,unmatched
J1602,P::J1602,,,,unmatched_missing_name,0.0,unmatched
J1601,P::J1601,,,,unmatched_missing_name,0.0,unmatched
J1600,P::J1600,,,,unmatched_missing_name,0.0,unmatched
J1599,P::J1599,,,,unmatched_missing_name,0.0,unmatched
J1598,P::J1598,,,,unmatched_missing_name,0.0,unmatched
J1653,P::J1653,,,,unmatched_missing_name,0.0,unmatched
J1597,P::J1597,,,,unmatched_missing_name,0.0,unmatched
J1595,P::J1595,,,,unmatched_missing_name,0.0,unmatched
J1594,P::J1594,,,,unmatched_missing_name,0.0,unmatched
J1593,P::J1593,,,,unmatched_missing_name,0.0,unmatched
J1592,P::J1592,,,,unmatched_missing_name,0.0,unmatched
J1591,P::J1591,,,,unmatched_missing_name,0.0,unmatched
J1590,P::J1590,,,,unmatched_missing_name,0.0,unmatched
J1589,P::J1589,,,,unmatched_missing_name,0.0,unmatched
J1588,P::J1588,,,,unmatched_missing_name,0.0,unmatched
J1587,P::J1587,,,,unmatched_missing_name,0.0,unmatched
J1596,P::J1596,,,,unmatched_missing_name,0.0,unmatched
J1654,P::J1654,,,,unmatched_missing_name,0.0,unmatched
J1655,P::J1655,,,,unmatched_missing_name,0.0,unmatched
J1656,P::J1656,,,,unmatched_missing_name,0.0,unmatched
J1722,P::J1722,,,,unmatched_missing_name,0.0,unmatched
J1721,P::J1721,,,,unmatched_missing_name,0.0,unmatched
J1720,P::J1720,,,,unmatched_missing_name,0.0,unmatched
J1719,P::J1719,,,,unmatched_missing_name,0.0,unmatched
J1718,P::J1718,,,,unmatched_missing_name,0.0,unmatched
J1717,P::J1717,,,,unmatched_missing_name,0.0,unmatched
J1716,P::J1716,,,,unmatched_missing_name,0.0,unmatched
J1715,P::J1715,,,,unmatched_missing_name,0.0,unmatched
J1714,P::J1714,,,,unmatched_missing_name,0.0,unmatched
J1713,P::J1713,,,,unmatched_missing_name,0.0,unmatched
J1712,P::J1712,,,,unmatched_missing_name,0.0,unmatched
J1711,P::J1711,,,,unmatched_missing_name,0.0,unmatched
J1710,P::J1710,,,,unmatched_missing_name,0.0,unmatched
J1709,P::J1709,,,,unmatched_missing_name,0.0,unmatched
J1708,P::J1708,,,,unmatched_missing_name,0.0,unmatched
J1707,P::J1707,,,,unmatched_missing_name,0.0,unmatched
J1706,P::J1706,,,,unmatched_missing_name,0.0,unmatched
J1705,P::J1705,,,,unmatched_missing_name,0.0,unmatched
J1704,P::J1704,,,,unmatched_missing_name,0.0,unmatched
J1723,P::J1723,,,,unmatched_missing_name,0.0,unmatched
J1724,P::J1724,,,,unmatched_missing_name,0.0,unmatched
J1725,P::J1725,,,,unmatched_missing_name,0.0,unmatched
J1726,P::J1726,,,,unmatched_missing_name,0.0,unmatched
J1746,P::J1746,,,,unmatched_missing_name,0.0,unmatched
J1745,P::J1745,,,,unmatched_missing_name,0.0,unmatched
J1744,P::J1744,,,,unmatched_missing_name,0.0,unmatched
J1743,P::J1743,,,,unmatched_missing_name,0.0,unmatched
J1742,P::J1742,,,,unmatched_missing_name,0.0,unmatched
J1741,P::J1741,,,,unmatched_missing_name,0.0,unmatched
J1740,P::J1740,,,,unmatched_missing_name,0.0,unmatched
J1739,P::J1739,,,,unmatched_missing_name,0.0,unmatched
J1738,P::J1738,,,,unmatched_missing_name,0.0,unmatched
J1703,P::J1703,,,,unmatched_missing_name,0.0,unmatched
J1737,P::J1737,,,,unmatched_missing_name,0.0,unmatched
J1735,P::J1735,,,,unmatched_missing_name,0.0,unmatched
J1734,P::J1734,,,,unmatched_missing_name,0.0,unmatched
J1733,P::J1733,,,,unmatched_missing_name,0.0,unmatched
J1732,P::J1732,,,,unmatched_missing_name,0.0,unmatched
J1731,P::J1731,,,,unmatched_missing_name,0.0,unmatched
J1730,P::J1730,,,,unmatched_missing_name,0.0,unmatched
J1729,P::J1729,,,,unmatched_missing_name,0.0,unmatched
J1728,P::J1728,,,,unmatched_missing_name,0.0,unmatched
J1727,P::J1727,,,,unmatched_missing_name,0.0,unmatched
J1736,P::J1736,,,,unmatched_missing_name,0.0,unmatched
J1562,P::J1562,,,,unmatched_missing_name,0.0,unmatched
J1702,P::J1702,,,,unmatched_missing_name,0.0,unmatched
J1700,P::J1700,,,,unmatched_missing_name,0.0,unmatched
J1675,P::J1675,,,,unmatched_missing_name,0.0,unmatched
J1674,P::J1674,,,,unmatched_missing_name,0.0,unmatched
J1673,P::J1673,,,,unmatched_missing_name,0.0,unmatched
J1672,P::J1672,,,,unmatched_missing_name,0.0,unmatched
J1671,P::J1671,,,,unmatched_missing_name,0.0,unmatched
J1670,P::J1670,,,,unmatched_missing_name,0.0,unmatched
J1669,P::J1669,,,,unmatched_missing_name,0.0,unmatched
J1668,P::J1668,,,,unmatched_missing_name,0.0,unmatched
J1667,P::J1667,,,,unmatched_missing_name,0.0,unmatched
J1666,P::J1666,,,,unmatched_missing_name,0.0,unmatched
J1665,P::J1665,,,,unmatched_missing_name,0.0,unmatched
J1664,P::J1664,,,,unmatched_missing_name,0.0,unmatched
J1663,P::J1663,,,,unmatched_missing_name,0.0,unmatched
J1662,P::J1662,,,,unmatched_missing_name,0.0,unmatched
J1661,P::J1661,,,,unmatched_missing_name,0.0,unmatched
J1660,P::J1660,,,,unmatched_missing_name,0.0,unmatched
J1659,P::J1659,,,,unmatched_missing_name,0.0,unmatched
J1658,P::J1658,,,,unmatched_missing_name,0.0,unmatched
J1657,P::J1657,,,,unmatched_missing_name,0.0,unmatched
J1676,P::J1676,,,,unmatched_missing_name,0.0,unmatched
J1677,P::J1677,,,,unmatched_missing_name,0.0,unmatched
J1678,P::J1678,,,,unmatched_missing_name,0.0,unmatched
J1679,P::J1679,,,,unmatched_missing_name,0.0,unmatched
J1699,P::J1699,,,,unmatched_missing_name,0.0,unmatched
J1698,P::J1698,,,,unmatched_missing_name,0.0,unmatched
J1697,P::J1697,,,,unmatched_missing_name,0.0,unmatched
J1696,P::J1696,,,,unmatched_missing_name,0.0,unmatched
J1695,P::J1695,,,,unmatched_missing_name,0.0,unmatched
J1694,P::J1694,,,,unmatched_missing_name,0.0,unmatched
J1693,P::J1693,,,,unmatched_missing_name,0.0,unmatched
J1692,P::J1692,,,,unmatched_missing_name,0.0,unmatched
J1691,P::J1691,,,,unmatched_missing_name,0.0,unmatched
J1701,P::J1701,,,,unmatched_missing_name,0.0,unmatched
J1690,P::J1690,,,,unmatched_missing_name,0.0,unmatched
J1688,P::J1688,,,,unmatched_missing_name,0.0,unmatched
J1687,P::J1687,,,,unmatched_missing_name,0.0,unmatched
J1686,P::J1686,,,,unmatched_missing_name,0.0,unmatched
J1685,P::J1685,,,,unmatched_missing_name,0.0,unmatched
J1684,P::J1684,,,,unmatched_missing_name,0.0,unmatched
J1683,P::J1683,,,,unmatched_missing_name,0.0,unmatched
J1682,P::J1682,,,,unmatched_missing_name,0.0,unmatched
J1681,P::J1681,,,,unmatched_missing_name,0.0,unmatched
J1680,P::J1680,,,,unmatched_missing_name,0.0,unmatched
J1689,P::J1689,,,,unmatched_missing_name,0.0,unmatched
J1561,P::J1561,,,,unmatched_missing_name,0.0,unmatched
J1560,P::J1560,,,,unmatched_missing_name,0.0,unmatched
J1559,P::J1559,,,,unmatched_missing_name,0.0,unmatched
J1440,P::J1440,,,,unmatched_missing_name,0.0,unmatched
J1439,P::J1439,,,,unmatched_missing_name,0.0,unmatched
J1438,P::J1438,,,,unmatched_missing_name,0.0,unmatched
J1437,P::J1437,,,,unmatched_missing_name,0.0,unmatched
J1436,P::J1436,,,,unmatched_missing_name,0.0,unmatched
J1435,P::J1435,,,,unmatched_missing_name,0.0,unmatched
J1434,P::J1434,,,,unmatched_missing_name,0.0,unmatched
J1433,P::J1433,,,,unmatched_missing_name,0.0,unmatched
J1432,P::J1432,,,,unmatched_missing_name,0.0,unmatched
J1431,P::J1431,,,,unmatched_missing_name,0.0,unmatched
J1430,P::J1430,,,,unmatched_missing_name,0.0,unmatched
J1429,P::J1429,,,,unmatched_missing_name,0.0,unmatched
J1428,P::J1428,,,,unmatched_missing_name,0.0,unmatched
J1427,P::J1427,,,,unmatched_missing_name,0.0,unmatched
J1426,P::J1426,,,,unmatched_missing_name,0.0,unmatched
J1425,P::J1425,,,,unmatched_missing_name,0.0,unmatched
J1424,P::J1424,,,,unmatched_missing_name,0.0,unmatched
J1423,P::J1423,,,,unmatched_missing_name,0.0,unmatched
J1422,P::J1422,,,,unmatched_missing_name,0.0,unmatched
J1441,P::J1441,,,,unmatched_missing_name,0.0,unmatched
J1442,P::J1442,,,,unmatched_missing_name,0.0,unmatched
J1443,P::J1443,,,,unmatched_missing_name,0.0,unmatched
J1444,P::J1444,,,,unmatched_missing_name,0.0,unmatched
J1464,P::J1464,,,,unmatched_missing_name,0.0,unmatched
J1463,P::J1463,,,,unmatched_missing_name,0.0,unmatched
J1462,P::J1462,,,,unmatched_missing_name,0.0,unmatched
J1461,P::J1461,,,,unmatched_missing_name,0.0,unmatched
J1460,P::J1460,,,,unmatched_missing_name,0.0,unmatched
J1459,P::J1459,,,,unmatched_missing_name,0.0,unmatched
J1458,P::J1458,,,,unmatched_missing_name,0.0,unmatched
J1457,P::J1457,,,,unmatched_missing_name,0.0,unmatched
J1456,P::J1456,,,,unmatched_missing_name,0.0,unmatched
J1421,P::J1421,,,,unmatched_missing_name,0.0,unmatched
J1455,P::J1455,,,,unmatched_missing_name,0.0,unmatched
J1453,P::J1453,,,,unmatched_missing_name,0.0,unmatched
J1452,P::J1452,,,,unmatched_missing_name,0.0,unmatched
J1451,P::J1451,,,,unmatched_missing_name,0.0,unmatched
J1450,P::J1450,,,,unmatched_missing_name,0.0,unmatched
J1449,P::J1449,,,,unmatched_missing_name,0.0,unmatched
J1448,P::J1448,,,,unmatched_missing_name,0.0,unmatched
J1447,P::J1447,,,,unmatched_missing_name,0.0,unmatched
J1446,P::J1446,,,,unmatched_missing_name,0.0,unmatched
J1445,P::J1445,,,,unmatched_missing_name,0.0,unmatched
J1454,P::J1454,,,,unmatched_missing_name,0.0,unmatched
J1465,P::J1465,,,,unmatched_missing_name,0.0,unmatched
J1420,P::J1420,,,,unmatched_missing_name,0.0,unmatched
J1418,P::J1418,,,,unmatched_missing_name,0.0,unmatched
J1393,P::J1393,,,,unmatched_missing_name,0.0,unmatched
J1392,P::J1392,,,,unmatched_missing_name,0.0,unmatched
J1391,P::J1391,,,,unmatched_missing_name,0.0,unmatched
J1390,P::J1390,,,,unmatched_missing_name,0.0,unmatched
J1389,P::J1389,,,,unmatched_missing_name,0.0,unmatched
J1388,P::J1388,,,,unmatched_missing_name,0.0,unmatched
J1387,P::J1387,,,,unmatched_missing_name,0.0,unmatched
J1386,P::J1386,,,,unmatched_missing_name,0.0,unmatched
J1385,P::J1385,,,,unmatched_missing_name,0.0,unmatched
J1384,P::J1384,,,,unmatched_missing_name,0.0,unmatched
J1383,P::J1383,,,,unmatched_missing_name,0.0,unmatched
J1382,P::J1382,,,,unmatched_missing_name,0.0,unmatched
J1381,P::J1381,,,,unmatched_missing_name,0.0,unmatched
J1380,P::J1380,,,,unmatched_missing_name,0.0,unmatched
J1379,P::J1379,,,,unmatched_missing_name,0.0,unmatched
J1378,P::J1378,,,,unmatched_missing_name,0.0,unmatched
J1377,P::J1377,,,,unmatched_missing_name,0.0,unmatched
J1376,P::J1376,,,,unmatched_missing_name,0.0,unmatched
J1375,P::J1375,,,,unmatched_missing_name,0.0,unmatched
J1394,P::J1394,,,,unmatched_missing_name,0.0,unmatched
J1395,P::J1395,,,,unmatched_missing_name,0.0,unmatched
J1396,P::J1396,,,,unmatched_missing_name,0.0,unmatched
J1397,P::J1397,,,,unmatched_missing_name,0.0,unmatched
J1417,P::J1417,,,,unmatched_missing_name,0.0,unmatched
J1416,P::J1416,,,,unmatched_missing_name,0.0,unmatched
J1415,P::J1415,,,,unmatched_missing_name,0.0,unmatched
J1414,P::J1414,,,,unmatched_missing_name,0.0,unmatched
J1413,P::J1413,,,,unmatched_missing_name,0.0,unmatched
J1412,P::J1412,,,,unmatched_missing_name,0.0,unmatched
J1411,P::J1411,,,,unmatched_missing_name,0.0,unmatched
J1410,P::J1410,,,,unmatched_missing_name,0.0,unmatched
J1409,P::J1409,,,,unmatched_missing_name,0.0,unmatched
J1419,P::J1419,,,,unmatched_missing_name,0.0,unmatched
J1408,P::J1408,,,,unmatched_missing_name,0.0,unmatched
J1406,P::J1406,,,,unmatched_missing_name,0.0,unmatched
J1405,P::J1405,,,,unmatched_missing_name,0.0,unmatched
J1404,P::J1404,,,,unmatched_missing_name,0.0,unmatched
J1403,P::J1403,,,,unmatched_missing_name,0.0,unmatched
J1402,P::J1402,,,,unmatched_missing_name,0.0,unmatched
J1401,P::J1401,,,,unmatched_missing_name,0.0,unmatched
J1400,P::J1400,,,,unmatched_missing_name,0.0,unmatched
J1399,P::J1399,,,,unmatched_missing_name,0.0,unmatched
J1398,P::J1398,,,,unmatched_missing_name,0.0,unmatched
J1407,P::J1407,,,,unmatched_missing_name,0.0,unmatched
J1373,P::J1373,,,,unmatched_missing_name,0.0,unmatched
J1466,P::J1466,,,,unmatched_missing_name,0.0,unmatched
J1468,P::J1468,,,,unmatched_missing_name,0.0,unmatched
J1534,P::J1534,,,,unmatched_missing_name,0.0,unmatched
J1533,P::J1533,,,,unmatched_missing_name,0.0,unmatched
J1532,P::J1532,,,,unmatched_missing_name,0.0,unmatched
J1531,P::J1531,,,,unmatched_missing_name,0.0,unmatched
J1530,P::J1530,,,,unmatched_missing_name,0.0,unmatched
J1529,P::J1529,,,,unmatched_missing_name,0.0,unmatched
J1528,P::J1528,,,,unmatched_missing_name,0.0,unmatched
J1527,P::J1527,,,,unmatched_missing_name,0.0,unmatched
J1526,P::J1526,,,,unmatched_missing_name,0.0,unmatched
J1525,P::J1525,,,,unmatched_missing_name,0.0,unmatched
J1524,P::J1524,,,,unmatched_missing_name,0.0,unmatched
J1523,P::J1523,,,,unmatched_missing_name,0.0,unmatched
J1522,P::J1522,,,,unmatched_missing_name,0.0,unmatched
J1521,P::J1521,,,,unmatched_missing_name,0.0,unmatched
J1520,P::J1520,,,,unmatched_missing_name,0.0,unmatched
J1519,P::J1519,,,,unmatched_missing_name,0.0,unmatched
J1518,P::J1518,,,,unmatched_missing_name,0.0,unmatched
J1517,P::J1517,,,,unmatched_missing_name,0.0,unmatched
J1516,P::J1516,,,,unmatched_missing_name,0.0,unmatched
J1535,P::J1535,,,,unmatched_missing_name,0.0,unmatched
J1536,P::J1536,,,,unmatched_missing_name,0.0,unmatched
J1537,P::J1537,,,,unmatched_missing_name,0.0,unmatched
J1538,P::J1538,,,,unmatched_missing_name,0.0,unmatched
J1558,P::J1558,,,,unmatched_missing_name,0.0,unmatched
J1557,P::J1557,,,,unmatched_missing_name,0.0,unmatched
J1556,P::J1556,,,,unmatched_missing_name,0.0,unmatched
J1555,P::J1555,,,,unmatched_missing_name,0.0,unmatched
J1554,P::J1554,,,,unmatched_missing_name,0.0,unmatched
J1553,P::J1553,,,,unmatched_missing_name,0.0,unmatched
J1552,P::J1552,,,,unmatched_missing_name,0.0,unmatched
J1551,P::J1551,,,,unmatched_missing_name,0.0,unmatched
J1550,P::J1550,,,,unmatched_missing_name,0.0,unmatched
J1515,P::J1515,,,,unmatched_missing_name,0.0,unmatched
J1549,P::J1549,,,,unmatched_missing_name,0.0,unmatched
J1547,P::J1547,,,,unmatched_missing_name,0.0,unmatched
J1546,P::J1546,,,,unmatched_missing_name,0.0,unmatched
J1545,P::J1545,,,,unmatched_missing_name,0.0,unmatched
J1544,P::J1544,,,,unmatched_missing_name,0.0,unmatched
J1543,P::J1543,,,,unmatched_missing_name,0.0,unmatched
J1542,P::J1542,,,,unmatched_missing_name,0.0,unmatched
J1541,P::J1541,,,,unmatched_missing_name,0.0,unmatched
J1540,P::J1540,,,,unmatched_missing_name,0.0,unmatched
J1539,P::J1539,,,,unmatched_missing_name,0.0,unmatched
J1548,P::J1548,,,,unmatched_missing_name,0.0,unmatched
J1467,P::J1467,,,,unmatched_missing_name,0.0,unmatched
J1514,P::J1514,,,,unmatched_missing_name,0.0,unmatched
J1512,P::J1512,,,,unmatched_missing_name,0.0,unmatched
J1487,P::J1487,,,,unmatched_missing_name,0.0,unmatched
J1486,P::J1486,,,,unmatched_missing_name,0.0,unmatched
J1485,P::J1485,,,,unmatched_missing_name,0.0,unmatched
J1484,P::J1484,,,,unmatched_missing_name,0.0,unmatched
J1483,P::J1483,,,,unmatched_missing_name,0.0,unmatched
J1482,P::J1482,,,,unmatched_missing_name,0.0,unmatched
J1481,P::J1481,,,,unmatched_missing_name,0.0,unmatched
J1480,P::J1480,,,,unmatched_missing_name,0.0,unmatched
J1479,P::J1479,,,,unmatched_missing_name,0.0,unmatched
J1478,P::J1478,,,,unmatched_missing_name,0.0,unmatched
J1477,P::J1477,,,,unmatched_missing_name,0.0,unmatched
J1476,P::J1476,,,,unmatched_missing_name,0.0,unmatched
J1475,P::J1475,,,,unmatched_missing_name,0.0,unmatched
J1474,P::J1474,,,,unmatched_missing_name,0.0,unmatched
J1473,P::J1473,,,,unmatched_missing_name,0.0,unmatched
J1472,P::J1472,,,,unmatched_missing_name,0.0,unmatched
J1471,P::J1471,,,,unmatched_missing_name,0.0,unmatched
J1470,P::J1470,,,,unmatched_missing_name,0.0,unmatched
J1469,P::J1469,,,,unmatched_missing_name,0.0,unmatched
J1488,P::J1488,,,,unmatched_missing_name,0.0,unmatched
J1489,P::J1489,,,,unmatched_missing_name,0.0,unmatched
J1490,P::J1490,,,,unmatched_missing_name,0.0,unmatched
J1491,P::J1491,,,,unmatched_missing_name,0.0,unmatched
J1511,P::J1511,,,,unmatched_missing_name,0.0,unmatched
J1510,P::J1510,,,,unmatched_missing_name,0.0,unmatched
J1509,P::J1509,,,,unmatched_missing_name,0.0,unmatched
J1508,P::J1508,,,,unmatched_missing_name,0.0,unmatched
J1507,P::J1507,,,,unmatched_missing_name,0.0,unmatched
J1506,P::J1506,,,,unmatched_missing_name,0.0,unmatched
J1505,P::J1505,,,,unmatched_missing_name,0.0,unmatched
J1504,P::J1504,,,,unmatched_missing_name,0.0,unmatched
J1503,P::J1503,,,,unmatched_missing_name,0.0,unmatched
J1513,P::J1513,,,,unmatched_missing_name,0.0,unmatched
J1502,P::J1502,,,,unmatched_missing_name,0.0,unmatched
J1500,P::J1500,,,,unmatched_missing_name,0.0,unmatched
J1499,P::J1499,,,,unmatched_missing_name,0.0,unmatched
J1498,P::J1498,,,,unmatched_missing_name,0.0,unmatched
J1497,P::J1497,,,,unmatched_missing_name,0.0,unmatched
J1496,P::J1496,,,,unmatched_missing_name,0.0,unmatched
J1495,P::J1495,,,,unmatched_missing_name,0.0,unmatched
J1494,P::J1494,,,,unmatched_missing_name,0.0,unmatched
J1493,P::J1493,,,,unmatched_missing_name,0.0,unmatched
J1492,P::J1492,,,,unmatched_missing_name,0.0,unmatched
J1501,P::J1501,,,,unmatched_missing_name,0.0,unmatched
J3997,P::J3997,,,,unmatched_missing_name,0.0,unmatched
J2497,P::J2497,,,,unmatched_missing_name,0.0,unmatched
J2499,P::J2499,,,,unmatched_missing_name,0.0,unmatched
J3502,P::J3502,,,,unmatched_missing_name,0.0,unmatched
J3501,P::J3501,,,,unmatched_missing_name,0.0,unmatched
J3500,P::J3500,,,,unmatched_missing_name,0.0,unmatched
J3499,P::J3499,,,,unmatched_missing_name,0.0,unmatched
J3498,P::J3498,,,,unmatched_missing_name,0.0,unmatched
J3497,P::J3497,,,,unmatched_missing_name,0.0,unmatched
J3496,P::J3496,,,,unmatched_missing_name,0.0,unmatched
J3495,P::J3495,,,,unmatched_missing_name,0.0,unmatched
J3494,P::J3494,,,,unmatched_missing_name,0.0,unmatched
J3493,P::J3493,,,,unmatched_missing_name,0.0,unmatched
J3492,P::J3492,,,,unmatched_missing_name,0.0,unmatched
J3491,P::J3491,,,,unmatched_missing_name,0.0,unmatched
J3490,P::J3490,,,,unmatched_missing_name,0.0,unmatched
J3489,P::J3489,,,,unmatched_missing_name,0.0,unmatched
J3488,P::J3488,,,,unmatched_missing_name,0.0,unmatched
J3487,P::J3487,,,,unmatched_missing_name,0.0,unmatched
J3486,P::J3486,,,,unmatched_missing_name,0.0,unmatched
J3485,P::J3485,,,,unmatched_missing_name,0.0,unmatched
J3484,P::J3484,,,,unmatched_missing_name,0.0,unmatched
J3503,P::J3503,,,,unmatched_missing_name,0.0,unmatched
J3483,P::J3483,,,,unmatched_missing_name,0.0,unmatched
J3504,P::J3504,,,,unmatched_missing_name,0.0,unmatched
J3506,P::J3506,,,,unmatched_missing_name,0.0,unmatched
J3525,P::J3525,,,,unmatched_missing_name,0.0,unmatched
J3524,P::J3524,,,,unmatched_missing_name,0.0,unmatched
J3523,P::J3523,,,,unmatched_missing_name,0.0,unmatched
J3522,P::J3522,,,,unmatched_missing_name,0.0,unmatched
J3521,P::J3521,,,,unmatched_missing_name,0.0,unmatched
J3520,P::J3520,,,,unmatched_missing_name,0.0,unmatched
J3519,P::J3519,,,,unmatched_missing_name,0.0,unmatched
J3518,P::J3518,,,,unmatched_missing_name,0.0,unmatched
J3517,P::J3517,,,,unmatched_missing_name,0.0,unmatched
J3516,P::J3516,,,,unmatched_missing_name,0.0,unmatched
J3515,P::J3515,,,,unmatched_missing_name,0.0,unmatched
J3514,P::J3514,,,,unmatched_missing_name,0.0,unmatched
J3513,P::J3513,,,,unmatched_missing_name,0.0,unmatched
J3512,P::J3512,,,,unmatched_missing_name,0.0,unmatched
J3511,P::J3511,,,,unmatched_missing_name,0.0,unmatched
J3510,P::J3510,,,,unmatched_missing_name,0.0,unmatched
J3509,P::J3509,,,,unmatched_missing_name,0.0,unmatched
J3508,P::J3508,,,,unmatched_missing_name,0.0,unmatched
J3507,P::J3507,,,,unmatched_missing_name,0.0,unmatched
J3505,P::J3505,,,,unmatched_missing_name,0.0,unmatched
J3482,P::J3482,,,,unmatched_missing_name,0.0,unmatched
J3481,P::J3481,,,,unmatched_missing_name,0.0,unmatched
J3480,P::J3480,,,,unmatched_missing_name,0.0,unmatched
J3455,P::J3455,,,,unmatched_missing_name,0.0,unmatched
J3454,P::J3454,,,,unmatched_missing_name,0.0,unmatched
J3453,P::J3453,,,,unmatched_missing_name,0.0,unmatched
J3452,P::J3452,,,,unmatched_missing_name,0.0,unmatched
J3451,P::J3451,,,,unmatched_missing_name,0.0,unmatched
J3450,P::J3450,,,,unmatched_missing_name,0.0,unmatched
J3449,P::J3449,,,,unmatched_missing_name,0.0,unmatched
J3448,P::J3448,,,,unmatched_missing_name,0.0,unmatched
J3447,P::J3447,,,,unmatched_missing_name,0.0,unmatched
J3446,P::J3446,,,,unmatched_missing_name,0.0,unmatched
J3445,P::J3445,,,,unmatched_missing_name,0.0,unmatched
J3444,P::J3444,,,,unmatched_missing_name,0.0,unmatched
J3443,P::J3443,,,,unmatched_missing_name,0.0,unmatched
J3442,P::J3442,,,,unmatched_missing_name,0.0,unmatched
J3441,P::J3441,,,,unmatched_missing_name,0.0,unmatched
J3440,P::J3440,,,,unmatched_missing_name,0.0,unmatched
J3439,P::J3439,,,,unmatched_missing_name,0.0,unmatched
J3438,P::J3438,,,,unmatched_missing_name,0.0,unmatched
J3437,P::J3437,,,,unmatched_missing_name,0.0,unmatched
J3456,P::J3456,,,,unmatched_missing_name,0.0,unmatched
J3457,P::J3457,,,,unmatched_missing_name,0.0,unmatched
J3458,P::J3458,,,,unmatched_missing_name,0.0,unmatched
J3459,P::J3459,,,,unmatched_missing_name,0.0,unmatched
J3479,P::J3479,,,,unmatched_missing_name,0.0,unmatched
J3478,P::J3478,,,,unmatched_missing_name,0.0,unmatched
J3477,P::J3477,,,,unmatched_missing_name,0.0,unmatched
J3476,P::J3476,,,,unmatched_missing_name,0.0,unmatched
J3475,P::J3475,,,,unmatched_missing_name,0.0,unmatched
J3474,P::J3474,,,,unmatched_missing_name,0.0,unmatched
J3473,P::J3473,,,,unmatched_missing_name,0.0,unmatched
J3472,P::J3472,,,,unmatched_missing_name,0.0,unmatched
J3471,P::J3471,,,,unmatched_missing_name,0.0,unmatched
J3526,P::J3526,,,,unmatched_missing_name,0.0,unmatched
J3470,P::J3470,,,,unmatched_missing_name,0.0,unmatched
J3468,P::J3468,,,,unmatched_missing_name,0.0,unmatched
J3467,P::J3467,,,,unmatched_missing_name,0.0,unmatched
J3466,P::J3466,,,,unmatched_missing_name,0.0,unmatched
J3465,P::J3465,,,,unmatched_missing_name,0.0,unmatched
J3464,P::J3464,,,,unmatched_missing_name,0.0,unmatched
J3463,P::J3463,,,,unmatched_missing_name,0.0,unmatched
J3462,P::J3462,,,,unmatched_missing_name,0.0,unmatched
J3461,P::J3461,,,,unmatched_missing_name,0.0,unmatched
J3460,P::J3460,,,,unmatched_missing_name,0.0,unmatched
J3469,P::J3469,,,,unmatched_missing_name,0.0,unmatched
J3527,P::J3527,,,,unmatched_missing_name,0.0,unmatched
J3528,P::J3528,,,,unmatched_missing_name,0.0,unmatched
J3529,P::J3529,,,,unmatched_missing_name,0.0,unmatched
J3595,P::J3595,,,,unmatched_missing_name,0.0,unmatched
J3594,P::J3594,,,,unmatched_missing_name,0.0,unmatched
J3593,P::J3593,,,,unmatched_missing_name,0.0,unmatched
J3592,P::J3592,,,,unmatched_missing_name,0.0,unmatched
J3591,P::J3591,,,,unmatched_missing_name,0.0,unmatched
J3590,P::J3590,,,,unmatched_missing_name,0.0,unmatched
J3589,P::J3589,,,,unmatched_missing_name,0.0,unmatched
J3588,P::J3588,,,,unmatched_missing_name,0.0,unmatched
J3587,P::J3587,,,,unmatched_missing_name,0.0,unmatched
J3586,P::J3586,,,,unmatched_missing_name,0.0,unmatched
J3585,P::J3585,,,,unmatched_missing_name,0.0,unmatched
J3584,P::J3584,,,,unmatched_missing_name,0.0,unmatched
J3583,P::J3583,,,,unmatched_missing_name,0.0,unmatched
J3582,P::J3582,,,,unmatched_missing_name,0.0,unmatched
J3581,P::J3581,,,,unmatched_missing_name,0.0,unmatched
J3580,P::J3580,,,,unmatched_missing_name,0.0,unmatched
J3579,P::J3579,,,,unmatched_missing_name,0.0,unmatched
J3578,P::J3578,,,,unmatched_missing_name,0.0,unmatched
J3577,P::J3577,,,,unmatched_missing_name,0.0,unmatched
J3596,P::J3596,,,,unmatched_missing_name,0.0,unmatched
J3597,P::J3597,,,,unmatched_missing_name,0.0,unmatched
J3598,P::J3598,,,,unmatched_missing_name,0.0,unmatched
J3599,P::J3599,,,,unmatched_missing_name,0.0,unmatched
J3619,P::J3619,,,,unmatched_missing_name,0.0,unmatched
J3618,P::J3618,,,,unmatched_missing_name,0.0,unmatched
J3617,P::J3617,,,,unmatched_missing_name,0.0,unmatched
J3616,P::J3616,,,,unmatched_missing_name,0.0,unmatched
J3615,P::J3615,,,,unmatched_missing_name,0.0,unmatched
J3614,P::J3614,,,,unmatched_missing_name,0.0,unmatched
J3613,P::J3613,,,,unmatched_missing_name,0.0,unmatched
J3612,P::J3612,,,,unmatched_missing_name,0.0,unmatched
J3611,P::J3611,,,,unmatched_missing_name,0.0,unmatched
J3576,P::J3576,,,,unmatched_missing_name,0.0,unmatched
J3610,P::J3610,,,,unmatched_missing_name,0.0,unmatched
J3608,P::J3608,,,,unmatched_missing_name,0.0,unmatched
J3607,P::J3607,,,,unmatched_missing_name,0.0,unmatched
J3606,P::J3606,,,,unmatched_missing_name,0.0,unmatched
J3605,P::J3605,,,,unmatched_missing_name,0.0,unmatched
J3604,P::J3604,,,,unmatched_missing_name,0.0,unmatched
J3603,P::J3603,,,,unmatched_missing_name,0.0,unmatched
J3602,P::J3602,,,,unmatched_missing_name,0.0,unmatched
J3601,P::J3601,,,,unmatched_missing_name,0.0,unmatched
J3600,P::J3600,,,,unmatched_missing_name,0.0,unmatched
J3609,P::J3609,,,,unmatched_missing_name,0.0,unmatched
J3436,P::J3436,,,,unmatched_missing_name,0.0,unmatched
J3575,P::J3575,,,,unmatched_missing_name,0.0,unmatched
J3573,P::J3573,,,,unmatched_missing_name,0.0,unmatched
J3548,P::J3548,,,,unmatched_missing_name,0.0,unmatched
J3547,P::J3547,,,,unmatched_missing_name,0.0,unmatched
J3546,P::J3546,,,,unmatched_missing_name,0.0,unmatched
J3545,P::J3545,,,,unmatched_missing_name,0.0,unmatched
J3544,P::J3544,,,,unmatched_missing_name,0.0,unmatched
J3543,P::J3543,,,,unmatched_missing_name,0.0,unmatched
J3542,P::J3542,,,,unmatched_missing_name,0.0,unmatched
J3541,P::J3541,,,,unmatched_missing_name,0.0,unmatched
J3540,P::J3540,,,,unmatched_missing_name,0.0,unmatched
J3539,P::J3539,,,,unmatched_missing_name,0.0,unmatched
J3538,P::J3538,,,,unmatched_missing_name,0.0,unmatched
J3537,P::J3537,,,,unmatched_missing_name,0.0,unmatched
J3536,P::J3536,,,,unmatched_missing_name,0.0,unmatched
J3535,P::J3535,,,,unmatched_missing_name,0.0,unmatched
J3534,P::J3534,,,,unmatched_missing_name,0.0,unmatched
J3533,P::J3533,,,,unmatched_missing_name,0.0,unmatched
J3532,P::J3532,,,,unmatched_missing_name,0.0,unmatched
J3531,P::J3531,,,,unmatched_missing_name,0.0,unmatched
J3530,P::J3530,,,,unmatched_missing_name,0.0,unmatched
J3549,P::J3549,,,,unmatched_missing_name,0.0,unmatched
J3550,P::J3550,,,,unmatched_missing_name,0.0,unmatched
J3551,P::J3551,,,,unmatched_missing_name,0.0,unmatched
J3552,P::J3552,,,,unmatched_missing_name,0.0,unmatched
J3572,P::J3572,,,,unmatched_missing_name,0.0,unmatched
J3571,P::J3571,,,,unmatched_missing_name,0.0,unmatched
J3570,P::J3570,,,,unmatched_missing_name,0.0,unmatched
J3569,P::J3569,,,,unmatched_missing_name,0.0,unmatched
J3568,P::J3568,,,,unmatched_missing_name,0.0,unmatched
J3567,P::J3567,,,,unmatched_missing_name,0.0,unmatched
J3566,P::J3566,,,,unmatched_missing_name,0.0,unmatched
J3565,P::J3565,,,,unmatched_missing_name,0.0,unmatched
J3564,P::J3564,,,,unmatched_missing_name,0.0,unmatched
J3574,P::J3574,,,,unmatched_missing_name,0.0,unmatched
J3563,P::J3563,,,,unmatched_missing_name,0.0,unmatched
J3561,P::J3561,,,,unmatched_missing_name,0.0,unmatched
J3560,P::J3560,,,,unmatched_missing_name,0.0,unmatched
J3559,P::J3559,,,,unmatched_missing_name,0.0,unmatched
J3558,P::J3558,,,,unmatched_missing_name,0.0,unmatched
J3557,P::J3557,,,,unmatched_missing_name,0.0,unmatched
J3556,P::J3556,,,,unmatched_missing_name,0.0,unmatched
J3555,P::J3555,,,,unmatched_missing_name,0.0,unmatched
J3554,P::J3554,,,,unmatched_missing_name,0.0,unmatched
J3553,P::J3553,,,,unmatched_missing_name,0.0,unmatched
J3562,P::J3562,,,,unmatched_missing_name,0.0,unmatched
J3435,P::J3435,,,,unmatched_missing_name,0.0,unmatched
J3434,P::J3434,,,,unmatched_missing_name,0.0,unmatched
J3433,P::J3433,,,,unmatched_missing_name,0.0,unmatched
J3314,P::J3314,,,,unmatched_missing_name,0.0,unmatched
J3313,P::J3313,,,,unmatched_missing_name,0.0,unmatched
J3312,P::J3312,,,,unmatched_missing_name,0.0,unmatched
J3311,P::J3311,,,,unmatched_missing_name,0.0,unmatched
J3310,P::J3310,,,,unmatched_missing_name,0.0,unmatched
J3309,P::J3309,,,,unmatched_missing_name,0.0,unmatched
J3308,P::J3308,,,,unmatched_missing_name,0.0,unmatched
J3307,P::J3307,,,,unmatched_missing_name,0.0,unmatched
J3306,P::J3306,,,,unmatched_missing_name,0.0,unmatched
J3305,P::J3305,,,,unmatched_missing_name,0.0,unmatched
J3304,P::J3304,,,,unmatched_missing_name,0.0,unmatched
J3303,P::J3303,,,,unmatched_missing_name,0.0,unmatched
J3302,P::J3302,,,,unmatched_missing_name,0.0,unmatched
J3301,P::J3301,,,,unmatched_missing_name,0.0,unmatched
J3300,P::J3300,,,,unmatched_missing_name,0.0,unmatched
J3299,P::J3299,,,,unmatched_missing_name,0.0,unmatched
J3298,P::J3298,,,,unmatched_missing_name,0.0,unmatched
J3297,P::J3297,,,,unmatched_missing_name,0.0,unmatched
J3296,P::J3296,,,,unmatched_missing_name,0.0,unmatched
J3315,P::J3315,,,,unmatched_missing_name,0.0,unmatched
J3316,P::J3316,,,,unmatched_missing_name,0.0,unmatched
J3317,P::J3317,,,,unmatched_missing_name,0.0,unmatched
J3318,P::J3318,,,,unmatched_missing_name,0.0,unmatched
J3338,P::J3338,,,,unmatched_missing_name,0.0,unmatched
J3337,P::J3337,,,,unmatched_missing_name,0.0,unmatched
J3336,P::J3336,,,,unmatched_missing_name,0.0,unmatched
J3335,P::J3335,,,,unmatched_missing_name,0.0,unmatched
J3334,P::J3334,,,,unmatched_missing_name,0.0,unmatched
J3333,P::J3333,,,,unmatched_missing_name,0.0,unmatched
J3332,P::J3332,,,,unmatched_missing_name,0.0,unmatched
J3331,P::J3331,,,,unmatched_missing_name,0.0,unmatched
J3330,P::J3330,,,,unmatched_missing_name,0.0,unmatched
J3295,P::J3295,,,,unmatched_missing_name,0.0,unmatched
J3329,P::J3329,,,,unmatched_missing_name,0.0,unmatched
J3327,P::J3327,,,,unmatched_missing_name,0.0,unmatched
J3326,P::J3326,,,,unmatched_missing_name,0.0,unmatched
J3325,P::J3325,,,,unmatched_missing_name,0.0,unmatched
J3324,P::J3324,,,,unmatched_missing_name,0.0,unmatched
J3323,P::J3323,,,,unmatched_missing_name,0.0,unmatched
J3322,P::J3322,,,,unmatched_missing_name,0.0,unmatched
J3321,P::J3321,,,,unmatched_missing_name,0.0,unmatched
J3320,P::J3320,,,,unmatched_missing_name,0.0,unmatched
J3319,P::J3319,,,,unmatched_missing_name,0.0,unmatched
J3328,P::J3328,,,,unmatched_missing_name,0.0,unmatched
J3339,P::J3339,,,,unmatched_missing_name,0.0,unmatched
J3294,P::J3294,,,,unmatched_missing_name,0.0,unmatched
J3292,P::J3292,,,,unmatched_missing_name,0.0,unmatched
J3267,P::J3267,,,,unmatched_missing_name,0.0,unmatched
J3266,P::J3266,,,,unmatched_missing_name,0.0,unmatched
J3265,P::J3265,,,,unmatched_missing_name,0.0,unmatched
J3264,P::J3264,,,,unmatched_missing_name,0.0,unmatched
J3263,P::J3263,,,,unmatched_missing_name,0.0,unmatched
J3262,P::J3262,,,,unmatched_missing_name,0.0,unmatched
J3261,P::J3261,,,,unmatched_missing_name,0.0,unmatched
J3260,P::J3260,,,,unmatched_missing_name,0.0,unmatched
J3259,P::J3259,,,,unmatched_missing_name,0.0,unmatched
J3258,P::J3258,,,,unmatched_missing_name,0.0,unmatched
J3257,P::J3257,,,,unmatched_missing_name,0.0,unmatched
J3256,P::J3256,,,,unmatched_missing_name,0.0,unmatched
J3255,P::J3255,,,,unmatched_missing_name,0.0,unmatched
J3254,P::J3254,,,,unmatched_missing_name,0.0,unmatched
J3253,P::J3253,,,,unmatched_missing_name,0.0,unmatched
J3252,P::J3252,,,,unmatched_missing_name,0.0,unmatched
J3251,P::J3251,,,,unmatched_missing_name,0.0,unmatched
J3250,P::J3250,,,,unmatched_missing_name,0.0,unmatched
J3249,P::J3249,,,,unmatched_missing_name,0.0,unmatched
J3268,P::J3268,,,,unmatched_missing_name,0.0,unmatched
J3269,P::J3269,,,,unmatched_missing_name,0.0,unmatched
J3270,P::J3270,,,,unmatched_missing_name,0.0,unmatched
J3271,P::J3271,,,,unmatched_missing_name,0.0,unmatched
J3291,P::J3291,,,,unmatched_missing_name,0.0,unmatched
J3290,P::J3290,,,,unmatched_missing_name,0.0,unmatched
J3289,P::J3289,,,,unmatched_missing_name,0.0,unmatched
J3288,P::J3288,,,,unmatched_missing_name,0.0,unmatched
J3287,P::J3287,,,,unmatched_missing_name,0.0,unmatched
J3286,P::J3286,,,,unmatched_missing_name,0.0,unmatched
J3285,P::J3285,,,,unmatched_missing_name,0.0,unmatched
J3284,P::J3284,,,,unmatched_missing_name,0.0,unmatched
J3283,P::J3283,,,,unmatched_missing_name,0.0,unmatched
J3293,P::J3293,,,,unmatched_missing_name,0.0,unmatched
J3282,P::J3282,,,,unmatched_missing_name,0.0,unmatched
J3280,P::J3280,,,,unmatched_missing_name,0.0,unmatched
J3279,P::J3279,,,,unmatched_missing_name,0.0,unmatched
J3278,P::J3278,,,,unmatched_missing_name,0.0,unmatched
J3277,P::J3277,,,,unmatched_missing_name,0.0,unmatched
J3276,P::J3276,,,,unmatched_missing_name,0.0,unmatched
J3275,P::J3275,,,,unmatched_missing_name,0.0,unmatched
J3274,P::J3274,,,,unmatched_missing_name,0.0,unmatched
J3273,P::J3273,,,,unmatched_missing_name,0.0,unmatched
J3272,P::J3272,,,,unmatched_missing_name,0.0,unmatched
J3281,P::J3281,,,,unmatched_missing_name,0.0,unmatched
J3620,P::J3620,,,,unmatched_missing_name,0.0,unmatched
J3340,P::J3340,,,,unmatched_missing_name,0.0,unmatched
J3342,P::J3342,,,,unmatched_missing_name,0.0,unmatched
J3408,P::J3408,,,,unmatched_missing_name,0.0,unmatched
J3407,P::J3407,,,,unmatched_missing_name,0.0,unmatched
J3406,P::J3406,,,,unmatched_missing_name,0.0,unmatched
J3405,P::J3405,,,,unmatched_missing_name,0.0,unmatched
J3404,P::J3404,,,,unmatched_missing_name,0.0,unmatched
J3403,P::J3403,,,,unmatched_missing_name,0.0,unmatched
J3402,P::J3402,,,,unmatched_missing_name,0.0,unmatched
J3401,P::J3401,,,,unmatched_missing_name,0.0,unmatched
J3400,P::J3400,,,,unmatched_missing_name,0.0,unmatched
J3399,P::J3399,,,,unmatched_missing_name,0.0,unmatched
J3398,P::J3398,,,,unmatched_missing_name,0.0,unmatched
J3397,P::J3397,,,,unmatched_missing_name,0.0,unmatched
J3396,P::J3396,,,,unmatched_missing_name,0.0,unmatched
J3395,P::J3395,,,,unmatched_missing_name,0.0,unmatched
J3394,P::J3394,,,,unmatched_missing_name,0.0,unmatched
J3393,P::J3393,,,,unmatched_missing_name,0.0,unmatched
J3392,P::J3392,,,,unmatched_missing_name,0.0,unmatched
J3391,P::J3391,,,,unmatched_missing_name,0.0,unmatched
J3390,P::J3390,,,,unmatched_missing_name,0.0,unmatched
J3409,P::J3409,,,,unmatched_missing_name,0.0,unmatched
J3410,P::J3410,,,,unmatched_missing_name,0.0,unmatched
J3411,P::J3411,,,,unmatched_missing_name,0.0,unmatched
J3412,P::J3412,,,,unmatched_missing_name,0.0,unmatched
J3432,P::J3432,,,,unmatched_missing_name,0.0,unmatched
J3431,P::J3431,,,,unmatched_missing_name,0.0,unmatched
J3430,P::J3430,,,,unmatched_missing_name,0.0,unmatched
J3429,P::J3429,,,,unmatched_missing_name,0.0,unmatched
J3428,P::J3428,,,,unmatched_missing_name,0.0,unmatched
J3427,P::J3427,,,,unmatched_missing_name,0.0,unmatched
J3426,P::J3426,,,,unmatched_missing_name,0.0,unmatched
J3425,P::J3425,,,,unmatched_missing_name,0.0,unmatched
J3424,P::J3424,,,,unmatched_missing_name,0.0,unmatched
J3389,P::J3389,,,,unmatched_missing_name,0.0,unmatched
J3423,P::J3423,,,,unmatched_missing_name,0.0,unmatched
J3421,P::J3421,,,,unmatched_missing_name,0.0,unmatched
J3420,P::J3420,,,,unmatched_missing_name,0.0,unmatched
J3419,P::J3419,,,,unmatched_missing_name,0.0,unmatched
J3418,P::J3418,,,,unmatched_missing_name,0.0,unmatched
J3417,P::J3417,,,,unmatched_missing_name,0.0,unmatched
J3416,P::J3416,,,,unmatched_missing_name,0.0,unmatched
J3415,P::J3415,,,,unmatched_missing_name,0.0,unmatched
J3414,P::J3414,,,,unmatched_missing_name,0.0,unmatched
J3413,P::J3413,,,,unmatched_missing_name,0.0,unmatched
J3422,P::J3422,,,,unmatched_missing_name,0.0,unmatched
J3341,P::J3341,,,,unmatched_missing_name,0.0,unmatched
J3388,P::J3388,,,,unmatched_missing_name,0.0,unmatched
J3386,P::J3386,,,,unmatched_missing_name,0.0,unmatched
J3361,P::J3361,,,,unmatched_missing_name,0.0,unmatched
J3360,P::J3360,,,,unmatched_missing_name,0.0,unmatched
J3359,P::J3359,,,,unmatched_missing_name,0.0,unmatched
J3358,P::J3358,,,,unmatched_missing_name,0.0,unmatched
J3357,P::J3357,,,,unmatched_missing_name,0.0,unmatched
J3356,P::J3356,,,,unmatched_missing_name,0.0,unmatched
J3355,P::J3355,,,,unmatched_missing_name,0.0,unmatched
J3354,P::J3354,,,,unmatched_missing_name,0.0,unmatched
J3353,P::J3353,,,,unmatched_missing_name,0.0,unmatched
J3352,P::J3352,,,,unmatched_missing_name,0.0,unmatched
J3351,P::J3351,,,,unmatched_missing_name,0.0,unmatched
J3350,P::J3350,,,,unmatched_missing_name,0.0,unmatched
J3349,P::J3349,,,,unmatched_missing_name,0.0,unmatched
J3348,P::J3348,,,,unmatched_missing_name,0.0,unmatched
J3347,P::J3347,,,,unmatched_missing_name,0.0,unmatched
J3346,P::J3346,,,,unmatched_missing_name,0.0,unmatched
J3345,P::J3345,,,,unmatched_missing_name,0.0,unmatched
J3344,P::J3344,,,,unmatched_missing_name,0.0,unmatched
J3343,P::J3343,,,,unmatched_missing_name,0.0,unmatched
J3362,P::J3362,,,,unmatched_missing_name,0.0,unmatched
J3363,P::J3363,,,,unmatched_missing_name,0.0,unmatched
J3364,P::J3364,,,,unmatched_missing_name,0.0,unmatched
J3365,P::J3365,,,,unmatched_missing_name,0.0,unmatched
J3385,P::J3385,,,,unmatched_missing_name,0.0,unmatched
J3384,P::J3384,,,,unmatched_missing_name,0.0,unmatched
J3383,P::J3383,,,,unmatched_missing_name,0.0,unmatched
J3382,P::J3382,,,,unmatched_missing_name,0.0,unmatched
J3381,P::J3381,,,,unmatched_missing_name,0.0,unmatched
J3380,P::J3380,,,,unmatched_missing_name,0.0,unmatched
J3379,P::J3379,,,,unmatched_missing_name,0.0,unmatched
J3378,P::J3378,,,,unmatched_missing_name,0.0,unmatched
J3377,P::J3377,,,,unmatched_missing_name,0.0,unmatched
J3387,P::J3387,,,,unmatched_missing_name,0.0,unmatched
J3376,P::J3376,,,,unmatched_missing_name,0.0,unmatched
J3374,P::J3374,,,,unmatched_missing_name,0.0,unmatched
J3373,P::J3373,,,,unmatched_missing_name,0.0,unmatched
J3372,P::J3372,,,,unmatched_missing_name,0.0,unmatched
J3371,P::J3371,,,,unmatched_missing_name,0.0,unmatched
J3370,P::J3370,,,,unmatched_missing_name,0.0,unmatched
J3369,P::J3369,,,,unmatched_missing_name,0.0,unmatched
J3368,P::J3368,,,,unmatched_missing_name,0.0,unmatched
J3367,P::J3367,,,,unmatched_missing_name,0.0,unmatched
J3366,P::J3366,,,,unmatched_missing_name,0.0,unmatched
J3375,P::J3375,,,,unmatched_missing_name,0.0,unmatched
J3248,P::J3248,,,,unmatched_missing_name,0.0,unmatched
J3621,P::J3621,,,,unmatched_missing_name,0.0,unmatched
J3623,P::J3623,,,,unmatched_missing_name,0.0,unmatched
J3877,P::J3877,,,,unmatched_missing_name,0.0,unmatched
J3876,P::J3876,,,,unmatched_missing_name,0.0,unmatched
J3875,P::J3875,,,,unmatched_missing_name,0.0,unmatched
J3874,P::J3874,,,,unmatched_missing_name,0.0,unmatched
J3873,P::J3873,,,,unmatched_missing_name,0.0,unmatched
J3872,P::J3872,,,,unmatched_missing_name,0.0,unmatched
J3871,P::J3871,,,,unmatched_missing_name,0.0,unmatched
J3870,P::J3870,,,,unmatched_missing_name,0.0,unmatched
J3869,P::J3869,,,,unmatched_missing_name,0.0,unmatched
J3868,P::J3868,,,,unmatched_missing_name,0.0,unmatched
J3867,P::J3867,,,,unmatched_missing_name,0.0,unmatched
J3866,P::J3866,,,,unmatched_missing_name,0.0,unmatched
J3865,P::J3865,,,,unmatched_missing_name,0.0,unmatched
J3864,P::J3864,,,,unmatched_missing_name,0.0,unmatched
J3863,P::J3863,,,,unmatched_missing_name,0.0,unmatched
J3862,P::J3862,,,,unmatched_missing_name,0.0,unmatched
J3861,P::J3861,,,,unmatched_missing_name,0.0,unmatched
J3860,P::J3860,,,,unmatched_missing_name,0.0,unmatched
J3859,P::J3859,,,,unmatched_missing_name,0.0,unmatched
J3878,P::J3878,,,,unmatched_missing_name,0.0,unmatched
J3858,P::J3858,,,,unmatched_missing_name,0.0,unmatched
J3879,P::J3879,,,,unmatched_missing_name,0.0,unmatched
J3881,P::J3881,,,,unmatched_missing_name,0.0,unmatched
J3901,P::J3901,,,,unmatched_missing_name,0.0,unmatched
J3900,P::J3900,,,,unmatched_missing_name,0.0,unmatched
J3899,P::J3899,,,,unmatched_missing_name,0.0,unmatched
J3898,P::J3898,,,,unmatched_missing_name,0.0,unmatched
J3897,P::J3897,,,,unmatched_missing_name,0.0,unmatched
J3896,P::J3896,,,,unmatched_missing_name,0.0,unmatched
J3895,P::J3895,,,,unmatched_missing_name,0.0,unmatched
J3894,P::J3894,,,,unmatched_missing_name,0.0,unmatched
J3893,P::J3893,,,,unmatched_missing_name,0.0,unmatched
J3892,P::J3892,,,,unmatched_missing_name,0.0,unmatched
J3891,P::J3891,,,,unmatched_missing_name,0.0,unmatched
J3889,P::J3889,,,,unmatched_missing_name,0.0,unmatched
J3888,P::J3888,,,,unmatched_missing_name,0.0,unmatched
J3887,P::J3887,,,,unmatched_missing_name,0.0,unmatched
J3886,P::J3886,,,,unmatched_missing_name,0.0,unmatched
J3885,P::J3885,,,,unmatched_missing_name,0.0,unmatched
J3884,P::J3884,,,,unmatched_missing_name,0.0,unmatched
J3883,P::J3883,,,,unmatched_missing_name,0.0,unmatched
J3882,P::J3882,,,,unmatched_missing_name,0.0,unmatched
J3880,P::J3880,,,,unmatched_missing_name,0.0,unmatched
J3857,P::J3857,,,,unmatched_missing_name,0.0,unmatched
J3856,P::J3856,,,,unmatched_missing_name,0.0,unmatched
J3855,P::J3855,,,,unmatched_missing_name,0.0,unmatched
J3830,P::J3830,,,,unmatched_missing_name,0.0,unmatched
J3829,P::J3829,,,,unmatched_missing_name,0.0,unmatched
J3828,P::J3828,,,,unmatched_missing_name,0.0,unmatched
J3827,P::J3827,,,,unmatched_missing_name,0.0,unmatched
J3826,P::J3826,,,,unmatched_missing_name,0.0,unmatched
J3825,P::J3825,,,,unmatched_missing_name,0.0,unmatched
J3824,P::J3824,,,,unmatched_missing_name,0.0,unmatched
J3823,P::J3823,,,,unmatched_missing_name,0.0,unmatched
J3822,P::J3822,,,,unmatched_missing_name,0.0,unmatched
J3821,P::J3821,,,,unmatched_missing_name,0.0,unmatched
J3820,P::J3820,,,,unmatched_missing_name,0.0,unmatched
J3819,P::J3819,,,,unmatched_missing_name,0.0,unmatched
J3818,P::J3818,,,,unmatched_missing_name,0.0,unmatched
J3817,P::J3817,,,,unmatched_missing_name,0.0,unmatched
J3816,P::J3816,,,,unmatched_missing_name,0.0,unmatched
J3815,P::J3815,,,,unmatched_missing_name,0.0,unmatched
J3814,P::J3814,,,,unmatched_missing_name,0.0,unmatched
J3813,P::J3813,,,,unmatched_missing_name,0.0,unmatched
J3812,P::J3812,,,,unmatched_missing_name,0.0,unmatched
J3831,P::J3831,,,,unmatched_missing_name,0.0,unmatched
J3832,P::J3832,,,,unmatched_missing_name,0.0,unmatched
J3833,P::J3833,,,,unmatched_missing_name,0.0,unmatched
J3834,P::J3834,,,,unmatched_missing_name,0.0,unmatched
J3854,P::J3854,,,,unmatched_missing_name,0.0,unmatched
J3853,P::J3853,,,,unmatched_missing_name,0.0,unmatched
J3852,P::J3852,,,,unmatched_missing_name,0.0,unmatched
J3851,P::J3851,,,,unmatched_missing_name,0.0,unmatched
J3850,P::J3850,,,,unmatched_missing_name,0.0,unmatched
J3849,P::J3849,,,,unmatched_missing_name,0.0,unmatched
J3848,P::J3848,,,,unmatched_missing_name,0.0,unmatched
J3847,P::J3847,,,,unmatched_missing_name,0.0,unmatched
J3846,P::J3846,,,,unmatched_missing_name,0.0,unmatched
J3902,P::J3902,,,,unmatched_missing_name,0.0,unmatched
J3845,P::J3845,,,,unmatched_missing_name,0.0,unmatched
J3843,P::J3843,,,,unmatched_missing_name,0.0,unmatched
J3842,P::J3842,,,,unmatched_missing_name,0.0,unmatched
J3841,P::J3841,,,,unmatched_missing_name,0.0,unmatched
J3840,P::J3840,,,,unmatched_missing_name,0.0,unmatched
J3839,P::J3839,,,,unmatched_missing_name,0.0,unmatched
J3838,P::J3838,,,,unmatched_missing_name,0.0,unmatched
J3837,P::J3837,,,,unmatched_missing_name,0.0,unmatched
J3836,P::J3836,,,,unmatched_missing_name,0.0,unmatched
J3835,P::J3835,,,,unmatched_missing_name,0.0,unmatched
J3844,P::J3844,,,,unmatched_missing_name,0.0,unmatched
J3903,P::J3903,,,,unmatched_missing_name,0.0,unmatched
J3904,P::J3904,,,,unmatched_missing_name,0.0,unmatched
J3905,P::J3905,,,,unmatched_missing_name,0.0,unmatched
J3971,P::J3971,,,,unmatched_missing_name,0.0,unmatched
J3970,P::J3970,,,,unmatched_missing_name,0.0,unmatched
J3969,P::J3969,,,,unmatched_missing_name,0.0,unmatched
J3968,P::J3968,,,,unmatched_missing_name,0.0,unmatched
J3967,P::J3967,,,,unmatched_missing_name,0.0,unmatched
J3966,P::J3966,,,,unmatched_missing_name,0.0,unmatched
J3965,P::J3965,,,,unmatched_missing_name,0.0,unmatched
J3964,P::J3964,,,,unmatched_missing_name,0.0,unmatched
J3963,P::J3963,,,,unmatched_missing_name,0.0,unmatched
J3962,P::J3962,,,,unmatched_missing_name,0.0,unmatched
J3961,P::J3961,,,,unmatched_missing_name,0.0,unmatched
J3960,P::J3960,,,,unmatched_missing_name,0.0,unmatched
J3959,P::J3959,,,,unmatched_missing_name,0.0,unmatched
J3958,P::J3958,,,,unmatched_missing_name,0.0,unmatched
J3957,P::J3957,,,,unmatched_missing_name,0.0,unmatched
J3956,P::J3956,,,,unmatched_missing_name,0.0,unmatched
J3955,P::J3955,,,,unmatched_missing_name,0.0,unmatched
J3954,P::J3954,,,,unmatched_missing_name,0.0,unmatched
J3953,P::J3953,,,,unmatched_missing_name,0.0,unmatched
J3972,P::J3972,,,,unmatched_missing_name,0.0,unmatched
J3973,P::J3973,,,,unmatched_missing_name,0.0,unmatched
J3974,P::J3974,,,,unmatched_missing_name,0.0,unmatched
J3975,P::J3975,,,,unmatched_missing_name,0.0,unmatched
J3995,P::J3995,,,,unmatched_missing_name,0.0,unmatched
J3994,P::J3994,,,,unmatched_missing_name,0.0,unmatched
J3993,P::J3993,,,,unmatched_missing_name,0.0,unmatched
J3992,P::J3992,,,,unmatched_missing_name,0.0,unmatched
J3991,P::J3991,,,,unmatched_missing_name,0.0,unmatched
J3990,P::J3990,,,,unmatched_missing_name,0.0,unmatched
J3989,P::J3989,,,,unmatched_missing_name,0.0,unmatched
J3988,P::J3988,,,,unmatched_missing_name,0.0,unmatched
J3987,P::J3987,,,,unmatched_missing_name,0.0,unmatched
J3952,P::J3952,,,,unmatched_missing_name,0.0,unmatched
J3986,P::J3986,,,,unmatched_missing_name,0.0,unmatched
J3984,P::J3984,,,,unmatched_missing_name,0.0,unmatched
J3983,P::J3983,,,,unmatched_missing_name,0.0,unmatched
J3982,P::J3982,,,,unmatched_missing_name,0.0,unmatched
J3981,P::J3981,,,,unmatched_missing_name,0.0,unmatched
J3980,P::J3980,,,,unmatched_missing_name,0.0,unmatched
J3979,P::J3979,,,,unmatched_missing_name,0.0,unmatched
J3978,P::J3978,,,,unmatched_missing_name,0.0,unmatched
J3977,P::J3977,,,,unmatched_missing_name,0.0,unmatched
J3976,P::J3976,,,,unmatched_missing_name,0.0,unmatched
J3985,P::J3985,,,,unmatched_missing_name,0.0,unmatched
J3811,P::J3811,,,,unmatched_missing_name,0.0,unmatched
J3951,P::J3951,,,,unmatched_missing_name,0.0,unmatched
J3949,P::J3949,,,,unmatched_missing_name,0.0,unmatched
J3924,P::J3924,,,,unmatched_missing_name,0.0,unmatched
J3923,P::J3923,,,,unmatched_missing_name,0.0,unmatched
J3922,P::J3922,,,,unmatched_missing_name,0.0,unmatched
J3921,P::J3921,,,,unmatched_missing_name,0.0,unmatched
J3920,P::J3920,,,,unmatched_missing_name,0.0,unmatched
J3919,P::J3919,,,,unmatched_missing_name,0.0,unmatched
J3918,P::J3918,,,,unmatched_missing_name,0.0,unmatched
J3917,P::J3917,,,,unmatched_missing_name,0.0,unmatched
J3916,P::J3916,,,,unmatched_missing_name,0.0,unmatched
J3915,P::J3915,,,,unmatched_missing_name,0.0,unmatched
J3914,P::J3914,,,,unmatched_missing_name,0.0,unmatched
J3913,P::J3913,,,,unmatched_missing_name,0.0,unmatched
J3912,P::J3912,,,,unmatched_missing_name,0.0,unmatched
J3911,P::J3911,,,,unmatched_missing_name,0.0,unmatched
J3910,P::J3910,,,,unmatched_missing_name,0.0,unmatched
J3909,P::J3909,,,,unmatched_missing_name,0.0,unmatched
J3908,P::J3908,,,,unmatched_missing_name,0.0,unmatched
J3907,P::J3907,,,,unmatched_missing_name,0.0,unmatched
J3906,P::J3906,,,,unmatched_missing_name,0.0,unmatched
J3925,P::J3925,,,,unmatched_missing_name,0.0,unmatched
J3926,P::J3926,,,,unmatched_missing_name,0.0,unmatched
J3927,P::J3927,,,,unmatched_missing_name,0.0,unmatched
J3928,P::J3928,,,,unmatched_missing_name,0.0,unmatched
J3948,P::J3948,,,,unmatched_missing_name,0.0,unmatched
J3947,P::J3947,,,,unmatched_missing_name,0.0,unmatched
J3946,P::J3946,,,,unmatched_missing_name,0.0,unmatched
J3945,P::J3945,,,,unmatched_missing_name,0.0,unmatched
J3944,P::J3944,,,,unmatched_missing_name,0.0,unmatched
J3943,P::J3943,,,,unmatched_missing_name,0.0,unmatched
J3942,P::J3942,,,,unmatched_missing_name,0.0,unmatched
J3941,P::J3941,,,,unmatched_missing_name,0.0,unmatched
J3940,P::J3940,,,,unmatched_missing_name,0.0,unmatched
J3950,P::J3950,,,,unmatched_missing_name,0.0,unmatched
J3939,P::J3939,,,,unmatched_missing_name,0.0,unmatched
J3937,P::J3937,,,,unmatched_missing_name,0.0,unmatched
J3936,P::J3936,,,,unmatched_missing_name,0.0,unmatched
J3935,P::J3935,,,,unmatched_missing_name,0.0,unmatched
J3934,P::J3934,,,,unmatched_missing_name,0.0,unmatched
J3933,P::J3933,,,,unmatched_missing_name,0.0,unmatched
J3932,P::J3932,,,,unmatched_missing_name,0.0,unmatched
J3931,P::J3931,,,,unmatched_missing_name,0.0,unmatched
J3930,P::J3930,,,,unmatched_missing_name,0.0,unmatched
J3929,P::J3929,,,,unmatched_missing_name,0.0,unmatched
J3938,P::J3938,,,,unmatched_missing_name,0.0,unmatched
J3810,P::J3810,,,,unmatched_missing_name,0.0,unmatched
J3809,P::J3809,,,,unmatched_missing_name,0.0,unmatched
J3808,P::J3808,,,,unmatched_missing_name,0.0,unmatched
J3689,P::J3689,,,,unmatched_missing_name,0.0,unmatched
J3688,P::J3688,,,,unmatched_missing_name,0.0,unmatched
J3687,P::J3687,,,,unmatched_missing_name,0.0,unmatched
J3686,P::J3686,,,,unmatched_missing_name,0.0,unmatched
J3685,P::J3685,,,,unmatched_missing_name,0.0,unmatched
J3684,P::J3684,,,,unmatched_missing_name,0.0,unmatched
J3683,P::J3683,,,,unmatched_missing_name,0.0,unmatched
J3682,P::J3682,,,,unmatched_missing_name,0.0,unmatched
J3681,P::J3681,,,,unmatched_missing_name,0.0,unmatched
J3680,P::J3680,,,,unmatched_missing_name,0.0,unmatched
J3679,P::J3679,,,,unmatched_missing_name,0.0,unmatched
J3678,P::J3678,,,,unmatched_missing_name,0.0,unmatched
J3677,P::J3677,,,,unmatched_missing_name,0.0,unmatched
J3676,P::J3676,,,,unmatched_missing_name,0.0,unmatched
J3675,P::J3675,,,,unmatched_missing_name,0.0,unmatched
J3674,P::J3674,,,,unmatched_missing_name,0.0,unmatched
J3673,P::J3673,,,,unmatched_missing_name,0.0,unmatched
J3672,P::J3672,,,,unmatched_missing_name,0.0,unmatched
J3671,P::J3671,,,,unmatched_missing_name,0.0,unmatched
J3690,P::J3690,,,,unmatched_missing_name,0.0,unmatched
J3691,P::J3691,,,,unmatched_missing_name,0.0,unmatched
J3692,P::J3692,,,,unmatched_missing_name,0.0,unmatched
J3693,P::J3693,,,,unmatched_missing_name,0.0,unmatched
J3713,P::J3713,,,,unmatched_missing_name,0.0,unmatched
J3712,P::J3712,,,,unmatched_missing_name,0.0,unmatched
J3711,P::J3711,,,,unmatched_missing_name,0.0,unmatched
J3710,P::J3710,,,,unmatched_missing_name,0.0,unmatched
J3709,P::J3709,,,,unmatched_missing_name,0.0,unmatched
J3708,P::J3708,,,,unmatched_missing_name,0.0,unmatched
J3707,P::J3707,,,,unmatched_missing_name,0.0,unmatched
J3706,P::J3706,,,,unmatched_missing_name,0.0,unmatched
J3705,P::J3705,,,,unmatched_missing_name,0.0,unmatched
J3670,P::J3670,,,,unmatched_missing_name,0.0,unmatched
J3704,P::J3704,,,,unmatched_missing_name,0.0,unmatched
J3702,P::J3702,,,,unmatched_missing_name,0.0,unmatched
J3701,P::J3701,,,,unmatched_missing_name,0.0,unmatched
J3700,P::J3700,,,,unmatched_missing_name,0.0,unmatched
J3699,P::J3699,,,,unmatched_missing_name,0.0,unmatched
J3698,P::J3698,,,,unmatched_missing_name,0.0,unmatched
J3697,P::J3697,,,,unmatched_missing_name,0.0,unmatched
J3696,P::J3696,,,,unmatched_missing_name,0.0,unmatched
J3695,P::J3695,,,,unmatched_missing_name,0.0,unmatched
J3694,P::J3694,,,,unmatched_missing_name,0.0,unmatched
J3703,P::J3703,,,,unmatched_missing_name,0.0,unmatched
J3714,P::J3714,,,,unmatched_missing_name,0.0,unmatched
J3669,P::J3669,,,,unmatched_missing_name,0.0,unmatched
J3667,P::J3667,,,,unmatched_missing_name,0.0,unmatched
J3642,P::J3642,,,,unmatched_missing_name,0.0,unmatched
J3641,P::J3641,,,,unmatched_missing_name,0.0,unmatched
J3640,P::J3640,,,,unmatched_missing_name,0.0,unmatched
J3639,P::J3639,,,,unmatched_missing_name,0.0,unmatched
J3638,P::J3638,,,,unmatched_missing_name,0.0,unmatched
J3637,P::J3637,,,,unmatched_missing_name,0.0,unmatched
J3636,P::J3636,,,,unmatched_missing_name,0.0,unmatched
J3635,P::J3635,,,,unmatched_missing_name,0.0,unmatched
J3634,P::J3634,,,,unmatched_missing_name,0.0,unmatched
J3633,P::J3633,,,,unmatched_missing_name,0.0,unmatched
J3632,P::J3632,,,,unmatched_missing_name,0.0,unmatched
J3631,P::J3631,,,,unmatched_missing_name,0.0,unmatched
J3630,P::J3630,,,,unmatched_missing_name,0.0,unmatched
J3629,P::J3629,,,,unmatched_missing_name,0.0,unmatched
J3628,P::J3628,,,,unmatched_missing_name,0.0,unmatched
J3627,P::J3627,,,,unmatched_missing_name,0.0,unmatched
J3626,P::J3626,,,,unmatched_missing_name,0.0,unmatched
J3625,P::J3625,,,,unmatched_missing_name,0.0,unmatched
J3624,P::J3624,,,,unmatched_missing_name,0.0,unmatched
J3643,P::J3643,,,,unmatched_missing_name,0.0,unmatched
J3644,P::J3644,,,,unmatched_missing_name,0.0,unmatched
J3645,P::J3645,,,,unmatched_missing_name,0.0,unmatched
J3646,P::J3646,,,,unmatched_missing_name,0.0,unmatched
J3666,P::J3666,,,,unmatched_missing_name,0.0,unmatched
J3665,P::J3665,,,,unmatched_missing_name,0.0,unmatched
J3664,P::J3664,,,,unmatched_missing_name,0.0,unmatched
J3663,P::J3663,,,,unmatched_missing_name,0.0,unmatched
J3662,P::J3662,,,,unmatched_missing_name,0.0,unmatched
J3661,P::J3661,,,,unmatched_missing_name,0.0,unmatched
J3660,P::J3660,,,,unmatched_missing_name,0.0,unmatched
J3659,P::J3659,,,,unmatched_missing_name,0.0,unmatched
J3658,P::J3658,,,,unmatched_missing_name,0.0,unmatched
J3668,P::J3668,,,,unmatched_missing_name,0.0,unmatched
J3657,P::J3657,,,,unmatched_missing_name,0.0,unmatched
J3655,P::J3655,,,,unmatched_missing_name,0.0,unmatched
J3654,P::J3654,,,,unmatched_missing_name,0.0,unmatched
J3653,P::J3653,,,,unmatched_missing_name,0.0,unmatched
J3652,P::J3652,,,,unmatched_missing_name,0.0,unmatched
J3651,P::J3651,,,,unmatched_missing_name,0.0,unmatched
J3650,P::J3650,,,,unmatched_missing_name,0.0,unmatched
J3649,P::J3649,,,,unmatched_missing_name,0.0,unmatched
J3648,P::J3648,,,,unmatched_missing_name,0.0,unmatched
J3647,P::J3647,,,,unmatched_missing_name,0.0,unmatched
J3656,P::J3656,,,,unmatched_missing_name,0.0,unmatched
J3622,P::J3622,,,,unmatched_missing_name,0.0,unmatched
J3715,P::J3715,,,,unmatched_missing_name,0.0,unmatched
J3717,P::J3717,,,,unmatched_missing_name,0.0,unmatched
J3783,P::J3783,,,,unmatched_missing_name,0.0,unmatched
J3782,P::J3782,,,,unmatched_missing_name,0.0,unmatched
J3781,P::J3781,,,,unmatched_missing_name,0.0,unmatched
J3780,P::J3780,,,,unmatched_missing_name,0.0,unmatched
J3779,P::J3779,,,,unmatched_missing_name,0.0,unmatched
J3778,P::J3778,,,,unmatched_missing_name,0.0,unmatched
J3777,P::J3777,,,,unmatched_missing_name,0.0,unmatched
J3776,P::J3776,,,,unmatched_missing_name,0.0,unmatched
J3775,P::J3775,,,,unmatched_missing_name,0.0,unmatched
J3774,P::J3774,,,,unmatched_missing_name,0.0,unmatched
J3773,P::J3773,,,,unmatched_missing_name,0.0,unmatched
J3772,P::J3772,,,,unmatched_missing_name,0.0,unmatched
J3771,P::J3771,,,,unmatched_missing_name,0.0,unmatched
J3770,P::J3770,,,,unmatched_missing_name,0.0,unmatched
J3769,P::J3769,,,,unmatched_missing_name,0.0,unmatched
J3768,P::J3768,,,,unmatched_missing_name,0.0,unmatched
J3767,P::J3767,,,,unmatched_missing_name,0.0,unmatched
J3766,P::J3766,,,,unmatched_missing_name,0.0,unmatched
J3765,P::J3765,,,,unmatched_missing_name,0.0,unmatched
J3784,P::J3784,,,,unmatched_missing_name,0.0,unmatched
J3785,P::J3785,,,,unmatched_missing_name,0.0,unmatched
J3786,P::J3786,,,,unmatched_missing_name,0.0,unmatched
J3787,P::J3787,,,,unmatched_missing_name,0.0,unmatched
J3807,P::J3807,,,,unmatched_missing_name,0.0,unmatched
J3806,P::J3806,,,,unmatched_missing_name,0.0,unmatched
J3805,P::J3805,,,,unmatched_missing_name,0.0,unmatched
J3804,P::J3804,,,,unmatched_missing_name,0.0,unmatched
J3803,P::J3803,,,,unmatched_missing_name,0.0,unmatched
J3802,P::J3802,,,,unmatched_missing_name,0.0,unmatched
J3801,P::J3801,,,,unmatched_missing_name,0.0,unmatched
J3800,P::J3800,,,,unmatched_missing_name,0.0,unmatched
J3799,P::J3799,,,,unmatched_missing_name,0.0,unmatched
J3764,P::J3764,,,,unmatched_missing_name,0.0,unmatched
J3798,P::J3798,,,,unmatched_missing_name,0.0,unmatched
J3796,P::J3796,,,,unmatched_missing_name,0.0,unmatched
J3795,P::J3795,,,,unmatched_missing_name,0.0,unmatched
J3794,P::J3794,,,,unmatched_missing_name,0.0,unmatched
J3793,P::J3793,,,,unmatched_missing_name,0.0,unmatched
J3792,P::J3792,,,,unmatched_missing_name,0.0,unmatched
J3791,P::J3791,,,,unmatched_missing_name,0.0,unmatched
J3790,P::J3790,,,,unmatched_missing_name,0.0,unmatched
J3789,P::J3789,,,,unmatched_missing_name,0.0,unmatched
J3788,P::J3788,,,,unmatched_missing_name,0.0,unmatched
J3797,P::J3797,,,,unmatched_missing_name,0.0,unmatched
J3716,P::J3716,,,,unmatched_missing_name,0.0,unmatched
J3763,P::J3763,,,,unmatched_missing_name,0.0,unmatched
J3761,P::J3761,,,,unmatched_missing_name,0.0,unmatched
J3736,P::J3736,,,,unmatched_missing_name,0.0,unmatched
J3735,P::J3735,,,,unmatched_missing_name,0.0,unmatched
J3734,P::J3734,,,,unmatched_missing_name,0.0,unmatched
J3733,P::J3733,,,,unmatched_missing_name,0.0,unmatched
J3732,P::J3732,,,,unmatched_missing_name,0.0,unmatched
J3731,P::J3731,,,,unmatched_missing_name,0.0,unmatched
J3730,P::J3730,,,,unmatched_missing_name,0.0,unmatched
J3729,P::J3729,,,,unmatched_missing_name,0.0,unmatched
J3728,P::J3728,,,,unmatched_missing_name,0.0,unmatched
J3727,P::J3727,,,,unmatched_missing_name,0.0,unmatched
J3726,P::J3726,,,,unmatched_missing_name,0.0,unmatched
J3725,P::J3725,,,,unmatched_missing_name,0.0,unmatched
J3724,P::J3724,,,,unmatched_missing_name,0.0,unmatched
J3723,P::J3723,,,,unmatched_missing_name,0.0,unmatched
J3722,P::J3722,,,,unmatched_missing_name,0.0,unmatched
J3721,P::J3721,,,,unmatched_missing_name,0.0,unmatched
J3720,P::J3720,,,,unmatched_missing_name,0.0,unmatched
J3719,P::J3719,,,,unmatched_missing_name,0.0,unmatched
J3718,P::J3718,,,,unmatched_missing_name,0.0,unmatched
J3737,P::J3737,,,,unmatched_missing_name,0.0,unmatched
J3738,P::J3738,,,,unmatched_missing_name,0.0,unmatched
J3739,P::J3739,,,,unmatched_missing_name,0.0,unmatched
J3740,P::J3740,,,,unmatched_missing_name,0.0,unmatched
J3760,P::J3760,,,,unmatched_missing_name,0.0,unmatched
J3759,P::J3759,,,,unmatched_missing_name,0.0,unmatched
J3758,P::J3758,,,,unmatched_missing_name,0.0,unmatched
J3757,P::J3757,,,,unmatched_missing_name,0.0,unmatched
J3756,P::J3756,,,,unmatched_missing_name,0.0,unmatched
J3755,P::J3755,,,,unmatched_missing_name,0.0,unmatched
J3754,P::J3754,,,,unmatched_missing_name,0.0,unmatched
J3753,P::J3753,,,,unmatched_missing_name,0.0,unmatched
J3752,P::J3752,,,,unmatched_missing_name,0.0,unmatched
J3762,P::J3762,,,,unmatched_missing_name,0.0,unmatched
J3751,P::J3751,,,,unmatched_missing_name,0.0,unmatched
J3749,P::J3749,,,,unmatched_missing_name,0.0,unmatched
J3748,P::J3748,,,,unmatched_missing_name,0.0,unmatched
J3747,P::J3747,,,,unmatched_missing_name,0.0,unmatched
J3746,P::J3746,,,,unmatched_missing_name,0.0,unmatched
J3745,P::J3745,,,,unmatched_missing_name,0.0,unmatched
J3744,P::J3744,,,,unmatched_missing_name,0.0,unmatched
J3743,P::J3743,,,,unmatched_missing_name,0.0,unmatched
J3742,P::J3742,,,,unmatched_missing_name,0.0,unmatched
J3741,P::J3741,,,,unmatched_missing_name,0.0,unmatched
J3750,P::J3750,,,,unmatched_missing_name,0.0,unmatched
J2498,P::J2498,,,,unmatched_missing_name,0.0,unmatched
J3247,P::J3247,,,,unmatched_missing_name,0.0,unmatched
J3245,P::J3245,,,,unmatched_missing_name,0.0,unmatched
J2753,P::J2753,,,,unmatched_missing_name,0.0,unmatched
J2752,P::J2752,,,,unmatched_missing_name,0.0,unmatched
J2751,P::J2751,,,,unmatched_missing_name,0.0,unmatched
J2750,P::J2750,,,,unmatched_missing_name,0.0,unmatched
J2749,P::J2749,,,,unmatched_missing_name,0.0,unmatched
J2748,P::J2748,,,,unmatched_missing_name,0.0,unmatched
J2747,P::J2747,,,,unmatched_missing_name,0.0,unmatched
J2746,P::J2746,,,,unmatched_missing_name,0.0,unmatched
J2745,P::J2745,,,,unmatched_missing_name,0.0,unmatched
J2744,P::J2744,,,,unmatched_missing_name,0.0,unmatched
J2743,P::J2743,,,,unmatched_missing_name,0.0,unmatched
J2742,P::J2742,,,,unmatched_missing_name,0.0,unmatched
J2741,P::J2741,,,,unmatched_missing_name,0.0,unmatched
J2740,P::J2740,,,,unmatched_missing_name,0.0,unmatched
J2739,P::J2739,,,,unmatched_missing_name,0.0,unmatched
J2738,P::J2738,,,,unmatched_missing_name,0.0,unmatched
J2737,P::J2737,,,,unmatched_missing_name,0.0,unmatched
J2736,P::J2736,,,,unmatched_missing_name,0.0,unmatched
J2735,P::J2735,,,,unmatched_missing_name,0.0,unmatched
J2754,P::J2754,,,,unmatched_missing_name,0.0,unmatched
J2734,P::J2734,,,,unmatched_missing_name,0.0,unmatched
J2755,P::J2755,,,,unmatched_missing_name,0.0,unmatched
J2757,P::J2757,,,,unmatched_missing_name,0.0,unmatched
J2776,P::J2776,,,,unmatched_missing_name,0.0,unmatched
J2775,P::J2775,,,,unmatched_missing_name,0.0,unmatched
J2774,P::J2774,,,,unmatched_missing_name,0.0,unmatched
J2773,P::J2773,,,,unmatched_missing_name,0.0,unmatched
J2772,P::J2772,,,,unmatched_missing_name,0.0,unmatched
J2771,P::J2771,,,,unmatched_missing_name,0.0,unmatched
J2770,P::J2770,,,,unmatched_missing_name,0.0,unmatched
J2769,P::J2769,,,,unmatched_missing_name,0.0,unmatched
J2768,P::J2768,,,,unmatched_missing_name,0.0,unmatched
J2767,P::J2767,,,,unmatched_missing_name,0.0,unmatched
J2766,P::J2766,,,,unmatched_missing_name,0.0,unmatched
J2765,P::J2765,,,,unmatched_missing_name,0.0,unmatched
J2764,P::J2764,,,,unmatched_missing_name,0.0,unmatched
J2763,P::J2763,,,,unmatched_missing_name,0.0,unmatched
J2762,P::J2762,,,,unmatched_missing_name,0.0,unmatched
J2761,P::J2761,,,,unmatched_missing_name,0.0,unmatched
J2760,P::J2760,,,,unmatched_missing_name,0.0,unmatched
J2759,P::J2759,,,,unmatched_missing_name,0.0,unmatched
J2758,P::J2758,,,,unmatched_missing_name,0.0,unmatched
J2756,P::J2756,,,,unmatched_missing_name,0.0,unmatched
J2733,P::J2733,,,,unmatched_missing_name,0.0,unmatched
J2732,P::J2732,,,,unmatched_missing_name,0.0,unmatched
J2731,P::J2731,,,,unmatched_missing_name,0.0,unmatched
J2706,P::J2706,,,,unmatched_missing_name,0.0,unmatched
J2705,P::J2705,,,,unmatched_missing_name,0.0,unmatched
J2704,P::J2704,,,,unmatched_missing_name,0.0,unmatched
J2703,P::J2703,,,,unmatched_missing_name,0.0,unmatched
J2702,P::J2702,,,,unmatched_missing_name,0.0,unmatched
J2701,P::J2701,,,,unmatched_missing_name,0.0,unmatched
J2700,P::J2700,,,,unmatched_missing_name,0.0,unmatched
J2699,P::J2699,,,,unmatched_missing_name,0.0,unmatched
J2698,P::J2698,,,,unmatched_missing_name,0.0,unmatched
J2697,P::J2697,,,,unmatched_missing_name,0.0,unmatched
J2696,P::J2696,,,,unmatched_missing_name,0.0,unmatched
J2695,P::J2695,,,,unmatched_missing_name,0.0,unmatched
J2694,P::J2694,,,,unmatched_missing_name,0.0,unmatched
J2693,P::J2693,,,,unmatched_missing_name,0.0,unmatched
J2692,P::J2692,,,,unmatched_missing_name,0.0,unmatched
J2691,P::J2691,,,,unmatched_missing_name,0.0,unmatched
J2690,P::J2690,,,,unmatched_missing_name,0.0,unmatched
J2689,P::J2689,,,,unmatched_missing_name,0.0,unmatched
J2688,P::J2688,,,,unmatched_missing_name,0.0,unmatched
J2707,P::J2707,,,,unmatched_missing_name,0.0,unmatched
J2708,P::J2708,,,,unmatched_missing_name,0.0,unmatched
J2709,P::J2709,,,,unmatched_missing_name,0.0,unmatched
J2710,P::J2710,,,,unmatched_missing_name,0.0,unmatched
J2730,P::J2730,,,,unmatched_missing_name,0.0,unmatched
J2729,P::J2729,,,,unmatched_missing_name,0.0,unmatched
J2728,P::J2728,,,,unmatched_missing_name,0.0,unmatched
J2727,P::J2727,,,,unmatched_missing_name,0.0,unmatched
J2726,P::J2726,,,,unmatched_missing_name,0.0,unmatched
J2725,P::J2725,,,,unmatched_missing_name,0.0,unmatched
J2724,P::J2724,,,,unmatched_missing_name,0.0,unmatched
J2723,P::J2723,,,,unmatched_missing_name,0.0,unmatched
J2722,P::J2722,,,,unmatched_missing_name,0.0,unmatched
J2777,P::J2777,,,,unmatched_missing_name,0.0,unmatched
J2721,P::J2721,,,,unmatched_missing_name,0.0,unmatched
J2719,P::J2719,,,,unmatched_missing_name,0.0,unmatched
J2718,P::J2718,,,,unmatched_missing_name,0.0,unmatched
J2717,P::J2717,,,,unmatched_missing_name,0.0,unmatched
J2716,P::J2716,,,,unmatched_missing_name,0.0,unmatched
J2715,P::J2715,,,,unmatched_missing_name,0.0,unmatched
J2714,P::J2714,,,,unmatched_missing_name,0.0,unmatched
J2713,P::J2713,,,,unmatched_missing_name,0.0,unmatched
J2712,P::J2712,,,,unmatched_missing_name,0.0,unmatched
J2711,P::J2711,,,,unmatched_missing_name,0.0,unmatched
J2720,P::J2720,,,,unmatched_missing_name,0.0,unmatched
J2778,P::J2778,,,,unmatched_missing_name,0.0,unmatched
J2779,P::J2779,,,,unmatched_missing_name,0.0,unmatched
J2780,P::J2780,,,,unmatched_missing_name,0.0,unmatched
J2846,P::J2846,,,,unmatched_missing_name,0.0,unmatched
J2845,P::J2845,,,,unmatched_missing_name,0.0,unmatched
J2844,P::J2844,,,,unmatched_missing_name,0.0,unmatched
J2843,P::J2843,,,,unmatched_missing_name,0.0,unmatched
J2842,P::J2842,,,,unmatched_missing_name,0.0,unmatched
J2841,P::J2841,,,,unmatched_missing_name,0.0,unmatched
J2840,P::J2840,,,,unmatched_missing_name,0.0,unmatched
J2839,P::J2839,,,,unmatched_missing_name,0.0,unmatched
J2838,P::J2838,,,,unmatched_missing_name,0.0,unmatched
J2837,P::J2837,,,,unmatched_missing_name,0.0,unmatched
J2836,P::J2836,,,,unmatched_missing_name,0.0,unmatched
J2835,P::J2835,,,,unmatched_missing_name,0.0,unmatched
J2834,P::J2834,,,,unmatched_missing_name,0.0,unmatched
J2833,P::J2833,,,,unmatched_missing_name,0.0,unmatched
J2832,P::J2832,,,,unmatched_missing_name,0.0,unmatched
J2831,P::J2831,,,,unmatched_missing_name,0.0,unmatched
J2830,P::J2830,,,,unmatched_missing_name,0.0,unmatched
J2829,P::J2829,,,,unmatched_missing_name,0.0,unmatched
J2828,P::J2828,,,,unmatched_missing_name,0.0,unmatched
J2847,P::J2847,,,,unmatched_missing_name,0.0,unmatched
J2848,P::J2848,,,,unmatched_missing_name,0.0,unmatched
J2849,P::J2849,,,,unmatched_missing_name,0.0,unmatched
J2850,P::J2850,,,,unmatched_missing_name,0.0,unmatched
J2870,P::J2870,,,,unmatched_missing_name,0.0,unmatched
J2869,P::J2869,,,,unmatched_missing_name,0.0,unmatched
J2868,P::J2868,,,,unmatched_missing_name,0.0,unmatched
J2867,P::J2867,,,,unmatched_missing_name,0.0,unmatched
J2866,P::J2866,,,,unmatched_missing_name,0.0,unmatched
J2865,P::J2865,,,,unmatched_missing_name,0.0,unmatched
J2864,P::J2864,,,,unmatched_missing_name,0.0,unmatched
J2863,P::J2863,,,,unmatched_missing_name,0.0,unmatched
J2862,P::J2862,,,,unmatched_missing_name,0.0,unmatched
J2827,P::J2827,,,,unmatched_missing_name,0.0,unmatched
J2861,P::J2861,,,,unmatched_missing_name,0.0,unmatched
J2859,P::J2859,,,,unmatched_missing_name,0.0,unmatched
J2858,P::J2858,,,,unmatched_missing_name,0.0,unmatched
J2857,P::J2857,,,,unmatched_missing_name,0.0,unmatched
J2856,P::J2856,,,,unmatched_missing_name,0.0,unmatched
J2855,P::J2855,,,,unmatched_missing_name,0.0,unmatched
J2854,P::J2854,,,,unmatched_missing_name,0.0,unmatched
J2853,P::J2853,,,,unmatched_missing_name,0.0,unmatched
J2852,P::J2852,,,,unmatched_missing_name,0.0,unmatched
J2851,P::J2851,,,,unmatched_missing_name,0.0,unmatched
J2860,P::J2860,,,,unmatched_missing_name,0.0,unmatched
J2687,P::J2687,,,,unmatched_missing_name,0.0,unmatched
J2826,P::J2826,,,,unmatched_missing_name,0.0,unmatched
J2824,P::J2824,,,,unmatched_missing_name,0.0,unmatched
J2799,P::J2799,,,,unmatched_missing_name,0.0,unmatched
J2798,P::J2798,,,,unmatched_missing_name,0.0,unmatched
J2797,P::J2797,,,,unmatched_missing_name,0.0,unmatched
J2796,P::J2796,,,,unmatched_missing_name,0.0,unmatched
J2795,P::J2795,,,,unmatched_missing_name,0.0,unmatched
J2794,P::J2794,,,,unmatched_missing_name,0.0,unmatched
J2793,P::J2793,,,,unmatched_missing_name,0.0,unmatched
J2792,P::J2792,,,,unmatched_missing_name,0.0,unmatched
J2791,P::J2791,,,,unmatched_missing_name,0.0,unmatched
J2790,P::J2790,,,,unmatched_missing_name,0.0,unmatched
J2789,P::J2789,,,,unmatched_missing_name,0.0,unmatched
J2788,P::J2788,,,,unmatched_missing_name,0.0,unmatched
J2787,P::J2787,,,,unmatched_missing_name,0.0,unmatched
J2786,P::J2786,,,,unmatched_missing_name,0.0,unmatched
J2785,P::J2785,,,,unmatched_missing_name,0.0,unmatched
J2784,P::J2784,,,,unmatched_missing_name,0.0,unmatched
J2783,P::J2783,,,,unmatched_missing_name,0.0,unmatched
J2782,P::J2782,,,,unmatched_missing_name,0.0,unmatched
J2781,P::J2781,,,,unmatched_missing_name,0.0,unmatched
J2800,P::J2800,,,,unmatched_missing_name,0.0,unmatched
J2801,P::J2801,,,,unmatched_missing_name,0.0,unmatched
J2802,P::J2802,,,,unmatched_missing_name,0.0,unmatched
J2803,P::J2803,,,,unmatched_missing_name,0.0,unmatched
J2823,P::J2823,,,,unmatched_missing_name,0.0,unmatched
J2822,P::J2822,,,,unmatched_missing_name,0.0,unmatched
J2821,P::J2821,,,,unmatched_missing_name,0.0,unmatched
J2820,P::J2820,,,,unmatched_missing_name,0.0,unmatched
J2819,P::J2819,,,,unmatched_missing_name,0.0,unmatched
J2818,P::J2818,,,,unmatched_missing_name,0.0,unmatched
J2817,P::J2817,,,,unmatched_missing_name,0.0,unmatched
J2816,P::J2816,,,,unmatched_missing_name,0.0,unmatched
J2815,P::J2815,,,,unmatched_missing_name,0.0,unmatched
J2825,P::J2825,,,,unmatched_missing_name,0.0,unmatched
J2814,P::J2814,,,,unmatched_missing_name,0.0,unmatched
J2812,P::J2812,,,,unmatched_missing_name,0.0,unmatched
J2811,P::J2811,,,,unmatched_missing_name,0.0,unmatched
J2810,P::J2810,,,,unmatched_missing_name,0.0,unmatched
J2809,P::J2809,,,,unmatched_missing_name,0.0,unmatched
J2808,P::J2808,,,,unmatched_missing_name,0.0,unmatched
J2807,P::J2807,,,,unmatched_missing_name,0.0,unmatched
J2806,P::J2806,,,,unmatched_missing_name,0.0,unmatched
J2805,P::J2805,,,,unmatched_missing_name,0.0,unmatched
J2804,P::J2804,,,,unmatched_missing_name,0.0,unmatched
J2813,P::J2813,,,,unmatched_missing_name,0.0,unmatched
J2686,P::J2686,,,,unmatched_missing_name,0.0,unmatched
J2685,P::J2685,,,,unmatched_missing_name,0.0,unmatched
J2684,P::J2684,,,,unmatched_missing_name,0.0,unmatched
J2565,P::J2565,,,,unmatched_missing_name,0.0,unmatched
J2564,P::J2564,,,,unmatched_missing_name,0.0,unmatched
J2563,P::J2563,,,,unmatched_missing_name,0.0,unmatched
J2562,P::J2562,,,,unmatched_missing_name,0.0,unmatched
J2561,P::J2561,,,,unmatched_missing_name,0.0,unmatched
J2560,P::J2560,,,,unmatched_missing_name,0.0,unmatched
J2559,P::J2559,,,,unmatched_missing_name,0.0,unmatched
J2558,P::J2558,,,,unmatched_missing_name,0.0,unmatched
J2557,P::J2557,,,,unmatched_missing_name,0.0,unmatched
J2556,P::J2556,,,,unmatched_missing_name,0.0,unmatched
J2555,P::J2555,,,,unmatched_missing_name,0.0,unmatched
J2554,P::J2554,,,,unmatched_missing_name,0.0,unmatched
J2553,P::J2553,,,,unmatched_missing_name,0.0,unmatched
J2552,P::J2552,,,,unmatched_missing_name,0.0,unmatched
J2551,P::J2551,,,,unmatched_missing_name,0.0,unmatched
J2550,P::J2550,,,,unmatched_missing_name,0.0,unmatched
J2549,P::J2549,,,,unmatched_missing_name,0.0,unmatched
J2548,P::J2548,,,,unmatched_missing_name,0.0,unmatched
J2547,P::J2547,,,,unmatched_missing_name,0.0,unmatched
J2566,P::J2566,,,,unmatched_missing_name,0.0,unmatched
J2567,P::J2567,,,,unmatched_missing_name,0.0,unmatched
J2568,P::J2568,,,,unmatched_missing_name,0.0,unmatched
J2569,P::J2569,,,,unmatched_missing_name,0.0,unmatched
J2589,P::J2589,,,,unmatched_missing_name,0.0,unmatched
J2588,P::J2588,,,,unmatched_missing_name,0.0,unmatched
J2587,P::J2587,,,,unmatched_missing_name,0.0,unmatched
J2586,P::J2586,,,,unmatched_missing_name,0.0,unmatched
J2585,P::J2585,,,,unmatched_missing_name,0.0,unmatched
J2584,P::J2584,,,,unmatched_missing_name,0.0,unmatched
J2583,P::J2583,,,,unmatched_missing_name,0.0,unmatched
J2582,P::J2582,,,,unmatched_missing_name,0.0,unmatched
J2581,P::J2581,,,,unmatched_missing_name,0.0,unmatched
J2546,P::J2546,,,,unmatched_missing_name,0.0,unmatched
J2580,P::J2580,,,,unmatched_missing_name,0.0,unmatched
J2578,P::J2578,,,,unmatched_missing_name,0.0,unmatched
J2577,P::J2577,,,,unmatched_missing_name,0.0,unmatched
J2576,P::J2576,,,,unmatched_missing_name,0.0,unmatched
J2575,P::J2575,,,,unmatched_missing_name,0.0,unmatched
J2574,P::J2574,,,,unmatched_missing_name,0.0,unmatched
J2573,P::J2573,,,,unmatched_missing_name,0.0,unmatched
J2572,P::J2572,,,,unmatched_missing_name,0.0,unmatched
J2571,P::J2571,,,,unmatched_missing_name,0.0,unmatched
J2570,P::J2570,,,,unmatched_missing_name,0.0,unmatched
J2579,P::J2579,,,,unmatched_missing_name,0.0,unmatched
J2590,P::J2590,,,,unmatched_missing_name,0.0,unmatched
J2545,P::J2545,,,,unmatched_missing_name,0.0,unmatched
J2543,P::J2543,,,,unmatched_missing_name,0.0,unmatched
J2518,P::J2518,,,,unmatched_missing_name,0.0,unmatched
J2517,P::J2517,,,,unmatched_missing_name,0.0,unmatched
J2516,P::J2516,,,,unmatched_missing_name,0.0,unmatched
J2515,P::J2515,,,,unmatched_missing_name,0.0,unmatched
J2514,P::J2514,,,,unmatched_missing_name,0.0,unmatched
J2513,P::J2513,,,,unmatched_missing_name,0.0,unmatched
J2512,P::J2512,,,,unmatched_missing_name,0.0,unmatched
J2511,P::J2511,,,,unmatched_missing_name,0.0,unmatched
J2510,P::J2510,,,,unmatched_missing_name,0.0,unmatched
J2509,P::J2509,,,,unmatched_missing_name,0.0,unmatched
J2508,P::J2508,,,,unmatched_missing_name,0.0,unmatched
J2507,P::J2507,,,,unmatched_missing_name,0.0,unmatched
J2506,P::J2506,,,,unmatched_missing_name,0.0,unmatched
J2505,P::J2505,,,,unmatched_missing_name,0.0,unmatched
J2504,P::J2504,,,,unmatched_missing_name,0.0,unmatched
J2503,P::J2503,,,,unmatched_missing_name,0.0,unmatched
J2502,P::J2502,,,,unmatched_missing_name,0.0,unmatched
J2501,P::J2501,,,,unmatched_missing_name,0.0,unmatched
J2500,P::J2500,,,,unmatched_missing_name,0.0,unmatched
J2519,P::J2519,,,,unmatched_missing_name,0.0,unmatched
J2520,P::J2520,,,,unmatched_missing_name,0.0,unmatched
J2521,P::J2521,,,,unmatched_missing_name,0.0,unmatched
J2522,P::J2522,,,,unmatched_missing_name,0.0,unmatched
J2542,P::J2542,,,,unmatched_missing_name,0.0,unmatched
J2541,P::J2541,,,,unmatched_missing_name,0.0,unmatched
J2540,P::J2540,,,,unmatched_missing_name,0.0,unmatched
J2539,P::J2539,,,,unmatched_missing_name,0.0,unmatched
J2538,P::J2538,,,,unmatched_missing_name,0.0,unmatched
J2537,P::J2537,,,,unmatched_missing_name,0.0,unmatched
J2536,P::J2536,,,,unmatched_missing_name,0.0,unmatched
J2535,P::J2535,,,,unmatched_missing_name,0.0,unmatched
J2534,P::J2534,,,,unmatched_missing_name,0.0,unmatched
J2544,P::J2544,,,,unmatched_missing_name,0.0,unmatched
J2533,P::J2533,,,,unmatched_missing_name,0.0,unmatched
J2531,P::J2531,,,,unmatched_missing_name,0.0,unmatched
J2530,P::J2530,,,,unmatched_missing_name,0.0,unmatched
J2529,P::J2529,,,,unmatched_missing_name,0.0,unmatched
J2528,P::J2528,,,,unmatched_missing_name,0.0,unmatched
J2527,P::J2527,,,,unmatched_missing_name,0.0,unmatched
J2526,P::J2526,,,,unmatched_missing_name,0.0,unmatched
J2525,P::J2525,,,,unmatched_missing_name,0.0,unmatched
J2524,P::J2524,,,,unmatched_missing_name,0.0,unmatched
J2523,P::J2523,,,,unmatched_missing_name,0.0,unmatched
J2532,P::J2532,,,,unmatched_missing_name,0.0,unmatched
J2871,P::J2871,,,,unmatched_missing_name,0.0,unmatched
J2591,P::J2591,,,,unmatched_missing_name,0.0,unmatched
J2593,P::J2593,,,,unmatched_missing_name,0.0,unmatched
J2659,P::J2659,,,,unmatched_missing_name,0.0,unmatched
J2658,P::J2658,,,,unmatched_missing_name,0.0,unmatched
J2657,P::J2657,,,,unmatched_missing_name,0.0,unmatched
J2656,P::J2656,,,,unmatched_missing_name,0.0,unmatched
J2655,P::J2655,,,,unmatched_missing_name,0.0,unmatched
J2654,P::J2654,,,,unmatched_missing_name,0.0,unmatched
J2653,P::J2653,,,,unmatched_missing_name,0.0,unmatched
J2652,P::J2652,,,,unmatched_missing_name,0.0,unmatched
J2651,P::J2651,,,,unmatched_missing_name,0.0,unmatched
J2650,P::J2650,,,,unmatched_missing_name,0.0,unmatched
J2649,P::J2649,,,,unmatched_missing_name,0.0,unmatched
J2648,P::J2648,,,,unmatched_missing_name,0.0,unmatched
J2647,P::J2647,,,,unmatched_missing_name,0.0,unmatched
J2646,P::J2646,,,,unmatched_missing_name,0.0,unmatched
J2645,P::J2645,,,,unmatched_missing_name,0.0,unmatched
J2644,P::J2644,,,,unmatched_missing_name,0.0,unmatched
J2643,P::J2643,,,,unmatched_missing_name,0.0,unmatched
J2642,P::J2642,,,,unmatched_missing_name,0.0,unmatched
J2641,P::J2641,,,,unmatched_missing_name,0.0,unmatched
J2660,P::J2660,,,,unmatched_missing_name,0.0,unmatched
J2661,P::J2661,,,,unmatched_missing_name,0.0,unmatched
J2662,P::J2662,,,,unmatched_missing_name,0.0,unmatched
J2663,P::J2663,,,,unmatched_missing_name,0.0,unmatched
J2683,P::J2683,,,,unmatched_missing_name,0.0,unmatched
J2682,P::J2682,,,,unmatched_missing_name,0.0,unmatched
J2681,P::J2681,,,,unmatched_missing_name,0.0,unmatched
J2680,P::J2680,,,,unmatched_missing_name,0.0,unmatched
J2679,P::J2679,,,,unmatched_missing_name,0.0,unmatched
J2678,P::J2678,,,,unmatched_missing_name,0.0,unmatched
J2677,P::J2677,,,,unmatched_missing_name,0.0,unmatched
J2676,P::J2676,,,,unmatched_missing_name,0.0,unmatched
J2675,P::J2675,,,,unmatched_missing_name,0.0,unmatched
J2640,P::J2640,,,,unmatched_missing_name,0.0,unmatched
J2674,P::J2674,,,,unmatched_missing_name,0.0,unmatched
J2672,P::J2672,,,,unmatched_missing_name,0.0,unmatched
J2671,P::J2671,,,,unmatched_missing_name,0.0,unmatched
J2670,P::J2670,,,,unmatched_missing_name,0.0,unmatched
J2669,P::J2669,,,,unmatched_missing_name,0.0,unmatched
J2668,P::J2668,,,,unmatched_missing_name,0.0,unmatched
J2667,P::J2667,,,,unmatched_missing_name,0.0,unmatched
J2666,P::J2666,,,,unmatched_missing_name,0.0,unmatched
J2665,P::J2665,,,,unmatched_missing_name,0.0,unmatched
J2664,P::J2664,,,,unmatched_missing_name,0.0,unmatched
J2673,P::J2673,,,,unmatched_missing_name,0.0,unmatched
J2592,P::J2592,,,,unmatched_missing_name,0.0,unmatched
J2639,P::J2639,,,,unmatched_missing_name,0.0,unmatched
J2637,P::J2637,,,,unmatched_missing_name,0.0,unmatched
J2612,P::J2612,,,,unmatched_missing_name,0.0,unmatched
J2611,P::J2611,,,,unmatched_missing_name,0.0,unmatched
J2610,P::J2610,,,,unmatched_missing_name,0.0,unmatched
J2609,P::J2609,,,,unmatched_missing_name,0.0,unmatched
J2608,P::J2608,,,,unmatched_missing_name,0.0,unmatched
J2607,P::J2607,,,,unmatched_missing_name,0.0,unmatched
J2606,P::J2606,,,,unmatched_missing_name,0.0,unmatched
J2605,P::J2605,,,,unmatched_missing_name,0.0,unmatched
J2604,P::J2604,,,,unmatched_missing_name,0.0,unmatched
J2603,P::J2603,,,,unmatched_missing_name,0.0,unmatched
J2602,P::J2602,,,,unmatched_missing_name,0.0,unmatched
J2601,P::J2601,,,,unmatched_missing_name,0.0,unmatched
J2600,P::J2600,,,,unmatched_missing_name,0.0,unmatched
J2599,P::J2599,,,,unmatched_missing_name,0.0,unmatched
J2598,P::J2598,,,,unmatched_missing_name,0.0,unmatched
J2597,P::J2597,,,,unmatched_missing_name,0.0,unmatched
J2596,P::J2596,,,,unmatched_missing_name,0.0,unmatched
J2595,P::J2595,,,,unmatched_missing_name,0.0,unmatched
J2594,P::J2594,,,,unmatched_missing_name,0.0,unmatched
J2613,P::J2613,,,,unmatched_missing_name,0.0,unmatched
J2614,P::J2614,,,,unmatched_missing_name,0.0,unmatched
J2615,P::J2615,,,,unmatched_missing_name,0.0,unmatched
J2616,P::J2616,,,,unmatched_missing_name,0.0,unmatched
J2636,P::J2636,,,,unmatched_missing_name,0.0,unmatched
J2635,P::J2635,,,,unmatched_missing_name,0.0,unmatched
J2634,P::J2634,,,,unmatched_missing_name,0.0,unmatched
J2633,P::J2633,,,,unmatched_missing_name,0.0,unmatched
J2632,P::J2632,,,,unmatched_missing_name,0.0,unmatched
J2631,P::J2631,,,,unmatched_missing_name,0.0,unmatched
J2630,P::J2630,,,,unmatched_missing_name,0.0,unmatched
J2629,P::J2629,,,,unmatched_missing_name,0.0,unmatched
J2628,P::J2628,,,,unmatched_missing_name,0.0,unmatched
J2638,P::J2638,,,,unmatched_missing_name,0.0,unmatched
J2627,P::J2627,,,,unmatched_missing_name,0.0,unmatched
J2625,P::J2625,,,,unmatched_missing_name,0.0,unmatched
J2624,P::J2624,,,,unmatched_missing_name,0.0,unmatched
J2623,P::J2623,,,,unmatched_missing_name,0.0,unmatched
J2622,P::J2622,,,,unmatched_missing_name,0.0,unmatched
J2621,P::J2621,,,,unmatched_missing_name,0.0,unmatched
J2620,P::J2620,,,,unmatched_missing_name,0.0,unmatched
J2619,P::J2619,,,,unmatched_missing_name,0.0,unmatched
J2618,P::J2618,,,,unmatched_missing_name,0.0,unmatched
J2617,P::J2617,,,,unmatched_missing_name,0.0,unmatched
J2626,P::J2626,,,,unmatched_missing_name,0.0,unmatched
J3246,P::J3246,,,,unmatched_missing_name,0.0,unmatched
J2872,P::J2872,,,,unmatched_missing_name,0.0,unmatched
J2874,P::J2874,,,,unmatched_missing_name,0.0,unmatched
J3127,P::J3127,,,,unmatched_missing_name,0.0,unmatched
J3126,P::J3126,,,,unmatched_missing_name,0.0,unmatched
J3125,P::J3125,,,,unmatched_missing_name,0.0,unmatched
J3124,P::J3124,,,,unmatched_missing_name,0.0,unmatched
J3123,P::J3123,,,,unmatched_missing_name,0.0,unmatched
J3122,P::J3122,,,,unmatched_missing_name,0.0,unmatched
J3121,P::J3121,,,,unmatched_missing_name,0.0,unmatched
J3120,P::J3120,,,,unmatched_missing_name,0.0,unmatched
J3119,P::J3119,,,,unmatched_missing_name,0.0,unmatched
J3118,P::J3118,,,,unmatched_missing_name,0.0,unmatched
J3117,P::J3117,,,,unmatched_missing_name,0.0,unmatched
J3116,P::J3116,,,,unmatched_missing_name,0.0,unmatched
J3115,P::J3115,,,,unmatched_missing_name,0.0,unmatched
J3114,P::J3114,,,,unmatched_missing_name,0.0,unmatched
J3113,P::J3113,,,,unmatched_missing_name,0.0,unmatched
J3112,P::J3112,,,,unmatched_missing_name,0.0,unmatched
J3111,P::J3111,,,,unmatched_missing_name,0.0,unmatched
J3110,P::J3110,,,,unmatched_missing_name,0.0,unmatched
J3109,P::J3109,,,,unmatched_missing_name,0.0,unmatched
J3128,P::J3128,,,,unmatched_missing_name,0.0,unmatched
J3108,P::J3108,,,,unmatched_missing_name,0.0,unmatched
J3129,P::J3129,,,,unmatched_missing_name,0.0,unmatched
J3131,P::J3131,,,,unmatched_missing_name,0.0,unmatched
J3150,P::J3150,,,,unmatched_missing_name,0.0,unmatched
J3149,P::J3149,,,,unmatched_missing_name,0.0,unmatched
J3148,P::J3148,,,,unmatched_missing_name,0.0,unmatched
J3147,P::J3147,,,,unmatched_missing_name,0.0,unmatched
J3146,P::J3146,,,,unmatched_missing_name,0.0,unmatched
J3145,P::J3145,,,,unmatched_missing_name,0.0,unmatched
J3144,P::J3144,,,,unmatched_missing_name,0.0,unmatched
J3143,P::J3143,,,,unmatched_missing_name,0.0,unmatched
J3142,P::J3142,,,,unmatched_missing_name,0.0,unmatched
J3141,P::J3141,,,,unmatched_missing_name,0.0,unmatched
J3140,P::J3140,,,,unmatched_missing_name,0.0,unmatched
J3139,P::J3139,,,,unmatched_missing_name,0.0,unmatched
J3138,P::J3138,,,,unmatched_missing_name,0.0,unmatched
J3137,P::J3137,,,,unmatched_missing_name,0.0,unmatched
J3136,P::J3136,,,,unmatched_missing_name,0.0,unmatched
J3135,P::J3135,,,,unmatched_missing_name,0.0,unmatched
J3134,P::J3134,,,,unmatched_missing_name,0.0,unmatched
J3133,P::J3133,,,,unmatched_missing_name,0.0,unmatched
J3132,P::J3132,,,,unmatched_missing_name,0.0,unmatched
J3130,P::J3130,,,,unmatched_missing_name,0.0,unmatched
J3107,P::J3107,,,,unmatched_missing_name,0.0,unmatched
J3106,P::J3106,,,,unmatched_missing_name,0.0,unmatched
J3105,P::J3105,,,,unmatched_missing_name,0.0,unmatched
J3081,P::J3081,,,,unmatched_missing_name,0.0,unmatched
J3080,P::J3080,,,,unmatched_missing_name,0.0,unmatched
J3079,P::J3079,,,,unmatched_missing_name,0.0,unmatched
J3078,P::J3078,,,,unmatched_missing_name,0.0,unmatched
J3077,P::J3077,,,,unmatched_missing_name,0.0,unmatched
J3076,P::J3076,,,,unmatched_missing_name,0.0,unmatched
J3075,P::J3075,,,,unmatched_missing_name,0.0,unmatched
J3074,P::J3074,,,,unmatched_missing_name,0.0,unmatched
J3073,P::J3073,,,,unmatched_missing_name,0.0,unmatched
J3072,P::J3072,,,,unmatched_missing_name,0.0,unmatched
J3071,P::J3071,,,,unmatched_missing_name,0.0,unmatched
J3070,P::J3070,,,,unmatched_missing_name,0.0,unmatched
J3069,P::J3069,,,,unmatched_missing_name,0.0,unmatched
J3068,P::J3068,,,,unmatched_missing_name,0.0,unmatched
J3067,P::J3067,,,,unmatched_missing_name,0.0,unmatched
J3066,P::J3066,,,,unmatched_missing_name,0.0,unmatched
J3065,P::J3065,,,,unmatched_missing_name,0.0,unmatched
J3064,P::J3064,,,,unmatched_missing_name,0.0,unmatched
J3063,P::J3063,,,,unmatched_missing_name,0.0,unmatched
J3082,P::J3082,,,,unmatched_missing_name,0.0,unmatched
J3083,P::J3083,,,,unmatched_missing_name,0.0,unmatched
J3084,P::J3084,,,,unmatched_missing_name,0.0,unmatched
J3085,P::J3085,,,,unmatched_missing_name,0.0,unmatched
J3104,P::J3104,,,,unmatched_missing_name,0.0,unmatched
J3103,P::J3103,,,,unmatched_missing_name,0.0,unmatched
J3102,P::J3102,,,,unmatched_missing_name,0.0,unmatched
J3101,P::J3101,,,,unmatched_missing_name,0.0,unmatched
J3100,P::J3100,,,,unmatched_missing_name,0.0,unmatched
J310,P::J310,,,,unmatched_missing_name,0.0,unmatched
J3099,P::J3099,,,,unmatched_missing_name,0.0,unmatched
J3098,P::J3098,,,,unmatched_missing_name,0.0,unmatched
J3097,P::J3097,,,,unmatched_missing_name,0.0,unmatched
J3151,P::J3151,,,,unmatched_missing_name,0.0,unmatched
J3096,P::J3096,,,,unmatched_missing_name,0.0,unmatched
J3094,P::J3094,,,,unmatched_missing_name,0.0,unmatched
J3093,P::J3093,,,,unmatched_missing_name,0.0,unmatched
J3092,P::J3092,,,,unmatched_missing_name,0.0,unmatched
J3091,P::J3091,,,,unmatched_missing_name,0.0,unmatched
J3090,P::J3090,,,,unmatched_missing_name,0.0,unmatched
J3089,P::J3089,,,,unmatched_missing_name,0.0,unmatched
J3088,P::J3088,,,,unmatched_missing_name,0.0,unmatched
J3087,P::J3087,,,,unmatched_missing_name,0.0,unmatched
J3086,P::J3086,,,,unmatched_missing_name,0.0,unmatched
J3095,P::J3095,,,,unmatched_missing_name,0.0,unmatched
J3152,P::J3152,,,,unmatched_missing_name,0.0,unmatched
J3153,P::J3153,,,,unmatched_missing_name,0.0,unmatched
J3154,P::J3154,,,,unmatched_missing_name,0.0,unmatched
J3220,P::J3220,,,,unmatched_missing_name,0.0,unmatched
J3219,P::J3219,,,,unmatched_missing_name,0.0,unmatched
J3218,P::J3218,,,,unmatched_missing_name,0.0,unmatched
J3217,P::J3217,,,,unmatched_missing_name,0.0,unmatched
J3216,P::J3216,,,,unmatched_missing_name,0.0,unmatched
J3215,P::J3215,,,,unmatched_missing_name,0.0,unmatched
J3214,P::J3214,,,,unmatched_missing_name,0.0,unmatched
J3213,P::J3213,,,,unmatched_missing_name,0.0,unmatched
J3212,P::J3212,,,,unmatched_missing_name,0.0,unmatched
J3211,P::J3211,,,,unmatched_missing_name,0.0,unmatched
J3210,P::J3210,,,,unmatched_missing_name,0.0,unmatched
J3209,P::J3209,,,,unmatched_missing_name,0.0,unmatched
J3208,P::J3208,,,,unmatched_missing_name,0.0,unmatched
J3207,P::J3207,,,,unmatched_missing_name,0.0,unmatched
J3206,P::J3206,,,,unmatched_missing_name,0.0,unmatched
J3205,P::J3205,,,,unmatched_missing_name,0.0,unmatched
J3204,P::J3204,,,,unmatched_missing_name,0.0,unmatched
J3203,P::J3203,,,,unmatched_missing_name,0.0,unmatched
J3202,P::J3202,,,,unmatched_missing_name,0.0,unmatched
J3221,P::J3221,,,,unmatched_missing_name,0.0,unmatched
J3222,P::J3222,,,,unmatched_missing_name,0.0,unmatched
J3223,P::J3223,,,,unmatched_missing_name,0.0,unmatched
J3224,P::J3224,,,,unmatched_missing_name,0.0,unmatched
J3244,P::J3244,,,,unmatched_missing_name,0.0,unmatched
J3243,P::J3243,,,,unmatched_missing_name,0.0,unmatched
J3242,P::J3242,,,,unmatched_missing_name,0.0,unmatched
J3241,P::J3241,,,,unmatched_missing_name,0.0,unmatched
J3240,P::J3240,,,,unmatched_missing_name,0.0,unmatched
J3239,P::J3239,,,,unmatched_missing_name,0.0,unmatched
J3238,P::J3238,,,,unmatched_missing_name,0.0,unmatched
J3237,P::J3237,,,,unmatched_missing_name,0.0,unmatched
J3236,P::J3236,,,,unmatched_missing_name,0.0,unmatched
J3201,P::J3201,,,,unmatched_missing_name,0.0,unmatched
J3235,P::J3235,,,,unmatched_missing_name,0.0,unmatched
J3233,P::J3233,,,,unmatched_missing_name,0.0,unmatched
J3232,P::J3232,,,,unmatched_missing_name,0.0,unmatched
J3231,P::J3231,,,,unmatched_missing_name,0.0,unmatched
J3230,P::J3230,,,,unmatched_missing_name,0.0,unmatched
J3229,P::J3229,,,,unmatched_missing_name,0.0,unmatched
J3228,P::J3228,,,,unmatched_missing_name,0.0,unmatched
J3227,P::J3227,,,,unmatched_missing_name,0.0,unmatched
J3226,P::J3226,,,,unmatched_missing_name,0.0,unmatched
J3225,P::J3225,,,,unmatched_missing_name,0.0,unmatched
J3234,P::J3234,,,,unmatched_missing_name,0.0,unmatched
J3062,P::J3062,,,,unmatched_missing_name,0.0,unmatched
J3200,P::J3200,,,,unmatched_missing_name,0.0,unmatched
J3198,P::J3198,,,,unmatched_missing_name,0.0,unmatched
J3173,P::J3173,,,,unmatched_missing_name,0.0,unmatched
J3172,P::J3172,,,,unmatched_missing_name,0.0,unmatched
J3171,P::J3171,,,,unmatched_missing_name,0.0,unmatched
J3170,P::J3170,,,,unmatched_missing_name,0.0,unmatched
J3169,P::J3169,,,,unmatched_missing_name,0.0,unmatched
J3168,P::J3168,,,,unmatched_missing_name,0.0,unmatched
J3167,P::J3167,,,,unmatched_missing_name,0.0,unmatched
J3166,P::J3166,,,,unmatched_missing_name,0.0,unmatched
J3165,P::J3165,,,,unmatched_missing_name,0.0,unmatched
J3164,P::J3164,,,,unmatched_missing_name,0.0,unmatched
J3163,P::J3163,,,,unmatched_missing_name,0.0,unmatched
J3162,P::J3162,,,,unmatched_missing_name,0.0,unmatched
J3161,P::J3161,,,,unmatched_missing_name,0.0,unmatched
J3160,P::J3160,,,,unmatched_missing_name,0.0,unmatched
J3159,P::J3159,,,,unmatched_missing_name,0.0,unmatched
J3158,P::J3158,,,,unmatched_missing_name,0.0,unmatched
J3157,P::J3157,,,,unmatched_missing_name,0.0,unmatched
J3156,P::J3156,,,,unmatched_missing_name,0.0,unmatched
J3155,P::J3155,,,,unmatched_missing_name,0.0,unmatched
J3174,P::J3174,,,,unmatched_missing_name,0.0,unmatched
J3175,P::J3175,,,,unmatched_missing_name,0.0,unmatched
J3176,P::J3176,,,,unmatched_missing_name,0.0,unmatched
J3177,P::J3177,,,,unmatched_missing_name,0.0,unmatched
J3197,P::J3197,,,,unmatched_missing_name,0.0,unmatched
J3196,P::J3196,,,,unmatched_missing_name,0.0,unmatched
J3195,P::J3195,,,,unmatched_missing_name,0.0,unmatched
J3194,P::J3194,,,,unmatched_missing_name,0.0,unmatched
J3193,P::J3193,,,,unmatched_missing_name,0.0,unmatched
J3192,P::J3192,,,,unmatched_missing_name,0.0,unmatched
J3191,P::J3191,,,,unmatched_missing_name,0.0,unmatched
J3190,P::J3190,,,,unmatched_missing_name,0.0,unmatched
J3189,P::J3189,,,,unmatched_missing_name,0.0,unmatched
J3199,P::J3199,,,,unmatched_missing_name,0.0,unmatched
J3188,P::J3188,,,,unmatched_missing_name,0.0,unmatched
J3186,P::J3186,,,,unmatched_missing_name,0.0,unmatched
J3185,P::J3185,,,,unmatched_missing_name,0.0,unmatched
J3184,P::J3184,,,,unmatched_missing_name,0.0,unmatched
J3183,P::J3183,,,,unmatched_missing_name,0.0,unmatched
J3182,P::J3182,,,,unmatched_missing_name,0.0,unmatched
J3181,P::J3181,,,,unmatched_missing_name,0.0,unmatched
J3180,P::J3180,,,,unmatched_missing_name,0.0,unmatched
J3179,P::J3179,,,,unmatched_missing_name,0.0,unmatched
J3178,P::J3178,,,,unmatched_missing_name,0.0,unmatched
J3187,P::J3187,,,,unmatched_missing_name,0.0,unmatched
J3061,P::J3061,,,,unmatched_missing_name,0.0,unmatched
J3060,P::J3060,,,,unmatched_missing_name,0.0,unmatched
J3059,P::J3059,,,,unmatched_missing_name,0.0,unmatched
J2940,P::J2940,,,,unmatched_missing_name,0.0,unmatched
J2939,P::J2939,,,,unmatched_missing_name,0.0,unmatched
J2938,P::J2938,,,,unmatched_missing_name,0.0,unmatched
J2937,P::J2937,,,,unmatched_missing_name,0.0,unmatched
J2936,P::J2936,,,,unmatched_missing_name,0.0,unmatched
J2935,P::J2935,,,,unmatched_missing_name,0.0,unmatched
J2934,P::J2934,,,,unmatched_missing_name,0.0,unmatched
J2933,P::J2933,,,,unmatched_missing_name,0.0,unmatched
J2932,P::J2932,,,,unmatched_missing_name,0.0,unmatched
J2931,P::J2931,,,,unmatched_missing_name,0.0,unmatched
J2930,P::J2930,,,,unmatched_missing_name,0.0,unmatched
J2929,P::J2929,,,,unmatched_missing_name,0.0,unmatched
J2928,P::J2928,,,,unmatched_missing_name,0.0,unmatched
J2927,P::J2927,,,,unmatched_missing_name,0.0,unmatched
J2926,P::J2926,,,,unmatched_missing_name,0.0,unmatched
J2925,P::J2925,,,,unmatched_missing_name,0.0,unmatched
J2924,P::J2924,,,,unmatched_missing_name,0.0,unmatched
J2923,P::J2923,,,,unmatched_missing_name,0.0,unmatched
J2922,P::J2922,,,,unmatched_missing_name,0.0,unmatched
J2941,P::J2941,,,,unmatched_missing_name,0.0,unmatched
J2942,P::J2942,,,,unmatched_missing_name,0.0,unmatched
J2943,P::J2943,,,,unmatched_missing_name,0.0,unmatched
J2944,P::J2944,,,,unmatched_missing_name,0.0,unmatched
J2964,P::J2964,,,,unmatched_missing_name,0.0,unmatched
J2963,P::J2963,,,,unmatched_missing_name,0.0,unmatched
J2962,P::J2962,,,,unmatched_missing_name,0.0,unmatched
J2961,P::J2961,,,,unmatched_missing_name,0.0,unmatched
J2960,P::J2960,,,,unmatched_missing_name,0.0,unmatched
J2959,P::J2959,,,,unmatched_missing_name,0.0,unmatched
J2958,P::J2958,,,,unmatched_missing_name,0.0,unmatched
J2957,P::J2957,,,,unmatched_missing_name,0.0,unmatched
J2956,P::J2956,,,,unmatched_missing_name,0.0,unmatched
J2921,P::J2921,,,,unmatched_missing_name,0.0,unmatched
J2955,P::J2955,,,,unmatched_missing_name,0.0,unmatched
J2953,P::J2953,,,,unmatched_missing_name,0.0,unmatched
J2952,P::J2952,,,,unmatched_missing_name,0.0,unmatched
J2951,P::J2951,,,,unmatched_missing_name,0.0,unmatched
J2950,P::J2950,,,,unmatched_missing_name,0.0,unmatched
J2949,P::J2949,,,,unmatched_missing_name,0.0,unmatched
J2948,P::J2948,,,,unmatched_missing_name,0.0,unmatched
J2947,P::J2947,,,,unmatched_missing_name,0.0,unmatched
J2946,P::J2946,,,,unmatched_missing_name,0.0,unmatched
J2945,P::J2945,,,,unmatched_missing_name,0.0,unmatched
J2954,P::J2954,,,,unmatched_missing_name,0.0,unmatched
J2965,P::J2965,,,,unmatched_missing_name,0.0,unmatched
J2920,P::J2920,,,,unmatched_missing_name,0.0,unmatched
J2918,P::J2918,,,,unmatched_missing_name,0.0,unmatched
J2893,P::J2893,,,,unmatched_missing_name,0.0,unmatched
J2892,P::J2892,,,,unmatched_missing_name,0.0,unmatched
J2891,P::J2891,,,,unmatched_missing_name,0.0,unmatched
J2890,P::J2890,,,,unmatched_missing_name,0.0,unmatched
J2889,P::J2889,,,,unmatched_missing_name,0.0,unmatched
J2888,P::J2888,,,,unmatched_missing_name,0.0,unmatched
J2887,P::J2887,,,,unmatched_missing_name,0.0,unmatched
J2886,P::J2886,,,,unmatched_missing_name,0.0,unmatched
J2885,P::J2885,,,,unmatched_missing_name,0.0,unmatched
J2884,P::J2884,,,,unmatched_missing_name,0.0,unmatched
J2883,P::J2883,,,,unmatched_missing_name,0.0,unmatched
J2882,P::J2882,,,,unmatched_missing_name,0.0,unmatched
J2881,P::J2881,,,,unmatched_missing_name,0.0,unmatched
J2880,P::J2880,,,,unmatched_missing_name,0.0,unmatched
J2879,P::J2879,,,,unmatched_missing_name,0.0,unmatched
J2878,P::J2878,,,,unmatched_missing_name,0.0,unmatched
J2877,P::J2877,,,,unmatched_missing_name,0.0,unmatched
J2876,P::J2876,,,,unmatched_missing_name,0.0,unmatched
J2875,P::J2875,,,,unmatched_missing_name,0.0,unmatched
J2894,P::J2894,,,,unmatched_missing_name,0.0,unmatched
J2895,P::J2895,,,,unmatched_missing_name,0.0,unmatched
J2896,P::J2896,,,,unmatched_missing_name,0.0,unmatched
J2897,P::J2897,,,,unmatched_missing_name,0.0,unmatched
J2917,P::J2917,,,,unmatched_missing_name,0.0,unmatched
J2916,P::J2916,,,,unmatched_missing_name,0.0,unmatched
J2915,P::J2915,,,,unmatched_missing_name,0.0,unmatched
J2914,P::J2914,,,,unmatched_missing_name,0.0,unmatched
J2913,P::J2913,,,,unmatched_missing_name,0.0,unmatched
J2912,P::J2912,,,,unmatched_missing_name,0.0,unmatched
J2911,P::J2911,,,,unmatched_missing_name,0.0,unmatched
J2910,P::J2910,,,,unmatched_missing_name,0.0,unmatched
J2909,P::J2909,,,,unmatched_missing_name,0.0,unmatched
J2919,P::J2919,,,,unmatched_missing_name,0.0,unmatched
J2908,P::J2908,,,,unmatched_missing_name,0.0,unmatched
J2906,P::J2906,,,,unmatched_missing_name,0.0,unmatched
J2905,P::J2905,,,,unmatched_missing_name,0.0,unmatched
J2904,P::J2904,,,,unmatched_missing_name,0.0,unmatched
J2903,P::J2903,,,,unmatched_missing_name,0.0,unmatched
J2902,P::J2902,,,,unmatched_missing_name,0.0,unmatched
J2901,P::J2901,,,,unmatched_missing_name,0.0,unmatched
J2900,P::J2900,,,,unmatched_missing_name,0.0,unmatched
J2899,P::J2899,,,,unmatched_missing_name,0.0,unmatched
J2898,P::J2898,,,,unmatched_missing_name,0.0,unmatched
J2907,P::J2907,,,,unmatched_missing_name,0.0,unmatched
J2873,P::J2873,,,,unmatched_missing_name,0.0,unmatched
J2966,P::J2966,,,,unmatched_missing_name,0.0,unmatched
J2968,P::J2968,,,,unmatched_missing_name,0.0,unmatched
J3034,P::J3034,,,,unmatched_missing_name,0.0,unmatched
J3033,P::J3033,,,,unmatched_missing_name,0.0,unmatched
J3032,P::J3032,,,,unmatched_missing_name,0.0,unmatched
J3031,P::J3031,,,,unmatched_missing_name,0.0,unmatched
J3030,P::J3030,,,,unmatched_missing_name,0.0,unmatched
J3029,P::J3029,,,,unmatched_missing_name,0.0,unmatched
J3028,P::J3028,,,,unmatched_missing_name,0.0,unmatched
J3027,P::J3027,,,,unmatched_missing_name,0.0,unmatched
J3026,P::J3026,,,,unmatched_missing_name,0.0,unmatched
J3025,P::J3025,,,,unmatched_missing_name,0.0,unmatched
J3024,P::J3024,,,,unmatched_missing_name,0.0,unmatched
J3023,P::J3023,,,,unmatched_missing_name,0.0,unmatched
J3022,P::J3022,,,,unmatched_missing_name,0.0,unmatched
J3021,P::J3021,,,,unmatched_missing_name,0.0,unmatched
J3020,P::J3020,,,,unmatched_missing_name,0.0,unmatched
J3019,P::J3019,,,,unmatched_missing_name,0.0,unmatched
J3018,P::J3018,,,,unmatched_missing_name,0.0,unmatched
J3017,P::J3017,,,,unmatched_missing_name,0.0,unmatched
J3016,P::J3016,,,,unmatched_missing_name,0.0,unmatched
J3035,P::J3035,,,,unmatched_missing_name,0.0,unmatched
J3036,P::J3036,,,,unmatched_missing_name,0.0,unmatched
J3037,P::J3037,,,,unmatched_missing_name,0.0,unmatched
J3038,P::J3038,,,,unmatched_missing_name,0.0,unmatched
J3058,P::J3058,,,,unmatched_missing_name,0.0,unmatched
J3057,P::J3057,,,,unmatched_missing_name,0.0,unmatched
J3056,P::J3056,,,,unmatched_missing_name,0.0,unmatched
J3055,P::J3055,,,,unmatched_missing_name,0.0,unmatched
J3054,P::J3054,,,,unmatched_missing_name,0.0,unmatched
J3053,P::J3053,,,,unmatched_missing_name,0.0,unmatched
J3052,P::J3052,,,,unmatched_missing_name,0.0,unmatched
J3051,P::J3051,,,,unmatched_missing_name,0.0,unmatched
J3050,P::J3050,,,,unmatched_missing_name,0.0,unmatched
J3015,P::J3015,,,,unmatched_missing_name,0.0,unmatched
J3049,P::J3049,,,,unmatched_missing_name,0.0,unmatched
J3047,P::J3047,,,,unmatched_missing_name,0.0,unmatched
J3046,P::J3046,,,,unmatched_missing_name,0.0,unmatched
J3045,P::J3045,,,,unmatched_missing_name,0.0,unmatched
J3044,P::J3044,,,,unmatched_missing_name,0.0,unmatched
J3043,P::J3043,,,,unmatched_missing_name,0.0,unmatched
J3042,P::J3042,,,,unmatched_missing_name,0.0,unmatched
J3041,P::J3041,,,,unmatched_missing_name,0.0,unmatched
J3040,P::J3040,,,,unmatched_missing_name,0.0,unmatched
J3039,P::J3039,,,,unmatched_missing_name,0.0,unmatched
J3048,P::J3048,,,,unmatched_missing_name,0.0,unmatched
J2967,P::J2967,,,,unmatched_missing_name,0.0,unmatched
J3014,P::J3014,,,,unmatched_missing_name,0.0,unmatched
J3012,P::J3012,,,,unmatched_missing_name,0.0,unmatched
J2987,P::J2987,,,,unmatched_missing_name,0.0,unmatched
J2986,P::J2986,,,,unmatched_missing_name,0.0,unmatched
J2985,P::J2985,,,,unmatched_missing_name,0.0,unmatched
J2984,P::J2984,,,,unmatched_missing_name,0.0,unmatched
J2983,P::J2983,,,,unmatched_missing_name,0.0,unmatched
J2982,P::J2982,,,,unmatched_missing_name,0.0,unmatched
J2981,P::J2981,,,,unmatched_missing_name,0.0,unmatched
J2980,P::J2980,,,,unmatched_missing_name,0.0,unmatched
J2979,P::J2979,,,,unmatched_missing_name,0.0,unmatched
J2978,P::J2978,,,,unmatched_missing_name,0.0,unmatched
J2977,P::J2977,,,,unmatched_missing_name,0.0,unmatched
J2976,P::J2976,,,,unmatched_missing_name,0.0,unmatched
J2975,P::J2975,,,,unmatched_missing_name,0.0,unmatched
J2974,P::J2974,,,,unmatched_missing_name,0.0,unmatched
J2973,P::J2973,,,,unmatched_missing_name,0.0,unmatched
J2972,P::J2972,,,,unmatched_missing_name,0.0,unmatched
J2971,P::J2971,,,,unmatched_missing_name,0.0,unmatched
J2970,P::J2970,,,,unmatched_missing_name,0.0,unmatched
J2969,P::J2969,,,,unmatched_missing_name,0.0,unmatched
J2988,P::J2988,,,,unmatched_missing_name,0.0,unmatched
J2989,P::J2989,,,,unmatched_missing_name,0.0,unmatched
J2990,P::J2990,,,,unmatched_missing_name,0.0,unmatched
J2991,P::J2991,,,,unmatched_missing_name,0.0,unmatched
J3011,P::J3011,,,,unmatched_missing_name,0.0,unmatched
J3010,P::J3010,,,,unmatched_missing_name,0.0,unmatched
J3009,P::J3009,,,,unmatched_missing_name,0.0,unmatched
J3008,P::J3008,,,,unmatched_missing_name,0.0,unmatched
J3007,P::J3007,,,,unmatched_missing_name,0.0,unmatched
J3006,P::J3006,,,,unmatched_missing_name,0.0,unmatched
J3005,P::J3005,,,,unmatched_missing_name,0.0,unmatched
J3004,P::J3004,,,,unmatched_missing_name,0.0,unmatched
J3003,P::J3003,,,,unmatched_missing_name,0.0,unmatched
J3013,P::J3013,,,,unmatched_missing_name,0.0,unmatched
J3002,P::J3002,,,,unmatched_missing_name,0.0,unmatched
J3000,P::J3000,,,,unmatched_missing_name,0.0,unmatched
J2999,P::J2999,,,,unmatched_missing_name,0.0,unmatched
J2998,P::J2998,,,,unmatched_missing_name,0.0,unmatched
J2997,P::J2997,,,,unmatched_missing_name,0.0,unmatched
J2996,P::J2996,,,,unmatched_missing_name,0.0,unmatched
J2995,P::J2995,,,,unmatched_missing_name,0.0,unmatched
J2994,P::J2994,,,,unmatched_missing_name,0.0,unmatched
J2993,P::J2993,,,,unmatched_missing_name,0.0,unmatched
J2992,P::J2992,,,,unmatched_missing_name,0.0,unmatched
J3001,P::J3001,,,,unmatched_missing_name,0.0,unmatched
S1127,P::S1127,,,,unmatched_missing_name,0.0,unmatched
