project_key,source_project_id,state_code,county_name,county_name_norm,multi_county,county_fips,poi_key,study_group,miso_zone,latitude,longitude,geographic_key,entity_key,match_method,match_score,match_confidence
P::B::G627,G627,MI,,,0,,UNKNOWN,,,,,,P::B::G627,unmatched,0.0,0.0
P::B::G921,G921,IL,montgomery,MONTGOMERY,0,17135,AMEREN COFFEEN PLANT 345KV,,,,,17135,P::B::G921,exact_state_county,100.0,1.0
P::B::G992,G992,IL,jasper,JASPER,0,17079,AEG NEWTON PLANT 345KV,,,,,17079,P::B::G992,exact_state_county,100.0,1.0
P::B::G794,G794,IL,jasper,JASPER,0,17079,AEG NEWTON PLANT 345KV,,,,,17079,P::B::G794,exact_state_county,100.0,1.0
P::B::G795,G795,IL,jasper,JASPER,0,17079,AEG NEWTON PLANT,,,,,17079,P::B::G795,exact_state_county,100.0,1.0
P::B::J591,J591,TX,newton,NEWTON,0,48351,COTTON WOOD,,,,,48351,P::B::J591,exact_state_county,100.0,1.0
P::B::J787,J787,MI,manistee,MANISTEE,0,26101,FILER CITY SUBSTATION,,,,,26101,P::B::J787,exact_state_county,100.0,1.0
P::B::J788,J788,MN,lincoln,LINCOLN,0,27081,BROOKINGS COUNTY LYON COUNTY,,,,,27081,P::B::J788,exact_state_county,100.0,1.0
P::B::J789,J789,MN,nobles,NOBLES,0,27105,FENTON SUBSTATION,,,,,27105,P::B::J789,exact_state_county,100.0,1.0
P::B::J950,J950,MN,murray,MURRAY,0,27101,XCEL CHANARAMBIE SUBSTATION,,,,,27101,P::B::J950,exact_state_county,100.0,1.0
P::B::J919A - Error,J919A - Error,LA,richland parish,RICHLAND,0,22083,OAK RIDGE DUNN 115KV LINE,,,,,22083,P::B::J919A - Error,exact_state_county,100.0,1.0
P::B::J790,J790,MN,pipestone,PIPESTONE,0,27117,4 MILES NORTH OF HOLLAND MN56139,,,,,27117,P::B::J790,exact_state_county,100.0,1.0
P::B::J792,J792,LA,washington parish,WASHINGTON,0,22117,230KV ADAMS CREEK SWITCHYARD,,,,,22117,P::B::J792,exact_state_county,100.0,1.0
P::B::nan,,MS,Lawrence,LAWRENCE,0,28077,GP MONTICELLO,,,,,28077,P::B::nan,existing_fips,100.0,1.0
P::B::100141,100141,,,,0,,,,,,,,P::B::100141,unmatched,0.0,0.0
P::B::J401,J401,IN,marion,MARION,0,18097,STOUT SOUTH SUBSTATION 138,,,,,18097,P::B::J401,existing_fips,100.0,1.0
P::B::J400,J400,MN,lyon,LYON,0,27083,LYON COUNTY 115KV SUBSTATION,,,,,27083,P::B::J400,existing_fips,100.0,1.0
P::B::J399,J399,MN,dakota,DAKOTA,0,27037,BLACK DOG 115KV SUBSTATION,,,,,27037,P::B::J399,existing_fips,100.0,1.0
P::B::J398,J398,MI,marquette,MARQUETTE,0,26103,NATIONAL 138KV SUBSTATION,,,,,26103,P::B::J398,existing_fips,100.0,1.0
P::B::J397,J397,MI,marquette,MARQUETTE,0,26103,ARNOLD 138KV SUBSTATION,,,,,26103,P::B::J397,existing_fips,100.0,1.0
P::B::J396,J396,LA,st. charles parish,SAINT CHARLES,0,22089,ENTERGY LITTLE GYPSY POWER STATION,,,,,22089,P::B::J396,existing_fips,100.0,1.0
P::B::J395,J395,WI,lafayette,LAFAYETTE,0,55065,HILLMAN DARLINGTON 138KV LINE,,,,,55065,P::B::J395,existing_fips,100.0,1.0
P::B::J394,J394,MI,marquette,MARQUETTE,0,26103,NATIONAL 138KV SUBSTATION,,,,,26103,P::B::J394,existing_fips,100.0,1.0
P::B::J393,J393,AR,arkansas,ARKANSAS,0,05001,UNKNOWN,,,,,05001,P::B::J393,existing_fips,100.0,1.0
P::B::J392,J392,MI,otsego,OTSEGO,0,26137,ITC METC 138KV LIVINGSTON TO STOVER LINE,,,,,26137,P::B::J392,existing_fips,100.0,1.0
P::B::J391,J391,MN,lyon,LYON,0,27083,MMU S N 7TH STREET SUBSTATION,,,,,27083,P::B::J391,existing_fips,100.0,1.0
P::B::J390,J390,WI,rock,ROCK,0,55105,PADDOCK ROCKDALE 345KV LINE,,,,,55105,P::B::J390,existing_fips,100.0,1.0
P::B::J389,J389,WI,rock,ROCK,0,55105,UNKNOWN,,,,,55105,P::B::J389,existing_fips,100.0,1.0
P::B::J388,J388,IL,vermilion,VERMILION,0,17183,345KV AMEREN LINE AT VERMILION POWER PLANT,,,,,17183,P::B::J388,existing_fips,100.0,1.0
P::B::J387,J387,AR,independence,INDEPENDENCE,0,05063,161KV INDEPENDENCE SUBSTATION,,,,,05063,P::B::J387,existing_fips,100.0,1.0
P::B::J386,J386,AR,lonoke,LONOKE,0,05085,115KV ENGLAND SUBSTATION,,,,,05085,P::B::J386,existing_fips,100.0,1.0
P::B::J385,J385,MN,chisago,CHISAGO,0,27025,CHISAGO 115KV SUBSTATION,,,,,27025,P::B::J385,existing_fips,100.0,1.0
P::B::J384,J384,WI,cambridge,CAMBRIDGE,0,55025,2346 CLEARVIEW ROAD CAMBRIDGE WI,,,,,55025,P::B::J384,existing_fips,100.0,1.0
P::B::J383,J383,WI,manitowoc,MANITOWOC,0,55071,UNKNOWN,,,,,55071,P::B::J383,existing_fips,100.0,1.0
P::B::J382,J382,WI,cambridge,CAMBRIDGE,0,55025,2346 CLEARVIEW ROAD CAMBRIDGE WI,,,,,55025,P::B::J382,existing_fips,100.0,1.0
P::B::J381,J381,MS,desoto,DESOTO,0,28033,UNKNOWN,,,,,28033,P::B::J381,existing_fips,100.0,1.0
P::B::J380,J380,AR,lee,LEE,0,05077,UNKNOWN,,,,,05077,P::B::J380,existing_fips,100.0,1.0
P::B::J379,J379,AR,lee,LEE,0,05077,115KV LINE TAP IN LEE COUNTY,,,,,05077,P::B::J379,existing_fips,100.0,1.0
P::B::J378,J378,AR,lonoke,LONOKE,0,05085,LONOKE EAST 115KV SUBSTATION,,,,,05085,P::B::J378,existing_fips,100.0,1.0
P::B::J377,J377,AR,bradley,BRADLEY,0,05011,MISO 115KV LINE IN ZONE 8 SERVING EAI ARKANSAS,,,,,05011,P::B::J377,existing_fips,100.0,1.0
P::B::J376,J376,AR,union,UNION,0,05139,EL DORADO SUBSTATION,,,,,05139,P::B::J376,existing_fips,100.0,1.0
P::B::J375,J375,IL,ford,FORD,0,17053,GIBSON CITY SOUTH SUBSTATION 138KV,,,,,17053,P::B::J375,existing_fips,100.0,1.0
P::B::J374,J374,PA,bucks,BUCKS,0,42017,FAIRLESS HILLS POWER PLANT,,,,,42017,P::B::J374,existing_fips,100.0,1.0
P::B::J373,J373,LA,st. mary,SAINT MARY,0,22101,NEAR MORGAN CITY SUBSTATION ON 138KV SIDE,,,,,22101,P::B::J373,existing_fips,100.0,1.0
P::B::J402,J402,LA,orleans parish,ORLEANS,0,22071,UNKNOWN,,,,,22071,P::B::J402,existing_fips,100.0,1.0
P::B::J372,J372,IL,rock island,ROCK ISLAND,0,17161,QUAD CITIES SUBSTATION,,,,,17161,P::B::J372,existing_fips,100.0,1.0
P::B::J403,J403,MN,dakota,DAKOTA,0,27037,UNKNOWN,,,,,27037,P::B::J403,existing_fips,100.0,1.0
P::B::J405,J405,MT,richland,RICHLAND,0,30083,MDUS EXISTING LEWIS CLARK JCT SUBSTATION,,,,,30083,P::B::J405,existing_fips,100.0,1.0
P::B::J435,J435,WI,eau claire,EAU CLAIRE,0,55035,EAU CLAIR SUBSTATION AT ARPIN EAU CLAIR 345 LINE,,,,,55035,P::B::J435,existing_fips,100.0,1.0
P::B::J434,J434,IN,vermillion,VERMILLION,0,18165,CAYUGA 345 SUBSTATION 345KV BUS,,,,,18165,P::B::J434,existing_fips,100.0,1.0
P::B::J433,J433,AR,union,UNION,0,05139,500KV BUS AT EL DORADO SUBSTATION,,,,,05139,P::B::J433,existing_fips,100.0,1.0
P::B::J432,J432,SD,brookings,BROOKINGS,0,46011,BROOKINGS 345KV SUBSTATION,,,,,46011,P::B::J432,existing_fips,100.0,1.0
P::B::J431,J431,IN,benton,BENTON,0,18007,GOODLAND 138 69KV SUBSTATION,,,,,18007,P::B::J431,existing_fips,100.0,1.0
P::B::J430,J430,MI,marquette,MARQUETTE,0,26103,ATC 69KV SAWYER LINE,,,,,26103,P::B::J430,existing_fips,100.0,1.0
P::B::J429,J429,TX,jefferson,JEFFERSON,0,48245,TAP ON BIG HILL Ç ÄÚBAYOU FARM 138KV LINE,,,,,48245,P::B::J429,existing_fips,100.0,1.0
P::B::J428,J428,TX,jefferson,JEFFERSON,0,48245,BILL HILL 138KV SUBSTATION,,,,,48245,P::B::J428,existing_fips,100.0,1.0
P::B::J427,J427,MI,livingston,LIVINGSTON,0,26093,155 TOWN LINE ROAD GAYLORD MI,,,,,26093,P::B::J427,existing_fips,100.0,1.0
P::B::J426,J426,MN,pipestone,PIPESTONE,0,27117,CHANARAMBIE SUBSTATION 35 4KV,,,,,27117,P::B::J426,existing_fips,100.0,1.0
P::B::J425,J425,LA,st. charles parish,SAINT CHARLES,0,22089,WATERFORD 230KV SUBSTATION,,,,,22089,P::B::J425,existing_fips,100.0,1.0
P::B::J424,J424,MI,wayne,WAYNE,0,26163,TRENTON CHANNEL POWER PLANT,,,,,26163,P::B::J424,existing_fips,100.0,1.0
P::B::J423,J423,MI,wayne,WAYNE,0,26163,TRENTON CHANNEL POWER PLANT,,,,,26163,P::B::J423,existing_fips,100.0,1.0
P::B::J422,J422,MI,st. clair,SAINT CLAIR,0,26147,GREENWOOD ENERGY CENTER,,,,,26147,P::B::J422,existing_fips,100.0,1.0
P::B::J421,J421,MI,monroe,MONROE,0,26115,ENRICO FERMI ENERGY CENTER,,,,,26115,P::B::J421,existing_fips,100.0,1.0
P::B::J420,J420,MI,washtenaw,WASHTENAW,0,26161,EIGHT MILES NORTHEAST OF ANN ARBOR MI,,,,,26161,P::B::J420,existing_fips,100.0,1.0
P::B::J419,J419,MI,washtenaw,WASHTENAW,0,26161,MILAN 120KV SUBSTATION,,,,,26161,P::B::J419,existing_fips,100.0,1.0
P::B::J417,J417,LA,calcasieu,CALCASIEU,0,22019,ENTERGY 230KV GRAYWOOD SUBSTATION BIG LAKE ROAD,,,,,22019,P::B::J417,existing_fips,100.0,1.0
P::B::J416,J416,IA,franklin,FRANKLIN,0,19069,EMERY BLACKHAWK 345KV SECTION OF MVP4,,,,,19069,P::B::J416,existing_fips,100.0,1.0
P::B::J415,J415,IA,franklin,FRANKLIN,0,19069,NEW 345KV SWITCHYARD ON THE ROW OF THE PROPOSED 345KV EMERY BLACKHAWK LINE MVP4,,,,,19069,P::B::J415,existing_fips,100.0,1.0
P::B::J414,J414,MN,freeborn,FREEBORN,0,27047,FREEBORN 161KV SUBSTATION ON THE HAYWORD FREEBORN WINNEBAGO 161KV LINE,,,,,27047,P::B::J414,existing_fips,100.0,1.0
P::B::J413,J413,MI,marquette,MARQUETTE,0,26103,UNKNOWN,,,,,26103,P::B::J413,existing_fips,100.0,1.0
P::B::J412,J412,IA,ida,IDA,0,19093,LEHIGH RAUN 345KV LINE,,,,,19093,P::B::J412,existing_fips,100.0,1.0
P::B::J411,J411,IA,ida,IDA,0,19093,LEHIGH RAUN 345KV LINE,,,,,19093,P::B::J411,existing_fips,100.0,1.0
P::B::J410,J410,IA,fayette,FAYETTE,0,19065,HAZELTON 345KV SUBSTATION,,,,,19065,P::B::J410,existing_fips,100.0,1.0
P::B::J409,J409,IA,fayette,FAYETTE,0,19065,HAZELTON TO WINDSOR 161KV LINE,,,,,19065,P::B::J409,existing_fips,100.0,1.0
P::B::J408,J408,MI,sanilac,SANILAC,0,26151,BANNER 345KV SUBSTATION,,,,,26151,P::B::J408,existing_fips,100.0,1.0
P::B::J407,J407,MN,freeborn,FREEBORN,0,27047,GLENWORTH 161KV,,,,,27047,P::B::J407,existing_fips,100.0,1.0
P::B::J406,J406,MI,wexford,WEXFORD,0,26165,WEXFORD SUBSTATION,,,,,26165,P::B::J406,existing_fips,100.0,1.0
P::B::J404,J404,LA,jefferson parish,JEFFERSON,0,22051,ONE MILES SOUTH OF EES NINE MILE POINT SUBSTATION IN BRIDGE CITY,,,,,22051,P::B::J404,existing_fips,100.0,1.0
P::B::J371,J371,IL,ogle,OGLE,0,17141,BYRON SUBSTATION,,,,,17141,P::B::J371,existing_fips,100.0,1.0
P::B::J370,J370,AR,jackson,JACKSON,0,05067,CASH NEWPORT AB 161KV LINE,,,,,05067,P::B::J370,existing_fips,100.0,1.0
P::B::J369,J369,TX,newton,NEWTON,0,48351,UNKNOWN,,,,,48351,P::B::J369,existing_fips,100.0,1.0
P::B::J334,J334,IN,vigo,VIGO,0,18167,WABASH RIVER 138KV BUS,,,,,18167,P::B::J334,existing_fips,100.0,1.0
P::B::J333,J333,IN,vigo,VIGO,0,18167,WABASH RIVER 230KV BUS,,,,,18167,P::B::J333,existing_fips,100.0,1.0
P::B::J332,J332,IN,posey,POSEY,0,18129,POINT SUBSTATION,,,,,18129,P::B::J332,existing_fips,100.0,1.0
P::B::J331,J331,LA,calcasieu,CALCASIEU,0,22019,NEW ENTERGY MICHIGAN SUBSTATION,,,,,22019,P::B::J331,existing_fips,100.0,1.0
P::B::J330,J330,MN,lyon,LYON,0,27083,TRACY WALNUT GROVE 69KV,,,,,27083,P::B::J330,existing_fips,100.0,1.0
P::B::J329,J329,IA,marion,MARION,0,19125,PELLA WEST SUBSTATION,,,,,19125,P::B::J329,existing_fips,100.0,1.0
P::B::J328,J328,AR,jefferson,JEFFERSON,0,05069,5301 FAIRFIELD RD PINE BLUFF AR,,,,,05069,P::B::J328,existing_fips,100.0,1.0
P::B::J327,J327,MI,huron,HURON,0,26063,RAPHSON 120KV SUBSTATION,,,,,26063,P::B::J327,existing_fips,100.0,1.0
P::B::J326,J326,MN,chisago,CHISAGO,0,27025,UNKNOWN,,,,,27025,P::B::J326,existing_fips,100.0,1.0
P::B::J325,J325,MI,huron,HURON,0,26063,ITC MINDEN STATION,,,,,26063,P::B::J325,existing_fips,100.0,1.0
P::B::J324,J324,LA,grant parish,GRANT,0,22043,CENTRAL LA ELECTRIC CO 230KV LINE,,,,,22043,P::B::J324,existing_fips,100.0,1.0
P::B::J323,J323,LA,st. mary,SAINT MARY,0,22101,IVANHOE SUBSTATION,,,,,22101,P::B::J323,existing_fips,100.0,1.0
P::B::J322,J322,MN,renville,RENVILLE,0,27129,69KV BUS AT SACRED HEART SUBSTATION,,,,,27129,P::B::J322,existing_fips,100.0,1.0
P::B::J321,J321,MI,sanilac,SANILAC,0,26151,345KV RAPSON TO BANNER,,,,,26151,P::B::J321,existing_fips,100.0,1.0
P::B::J320,J320,MN,ramsey,RAMSEY,0,27123,XCEL S EXISTING HIGH BRIDGE 115KV SUBSTATION,,,,,27123,P::B::J320,existing_fips,100.0,1.0
P::B::J319,J319,AR,Pope,POPE,0,05115,ENTERGY AR ANO PLEASANT HILL 500KV LINE,,,,,05115,P::B::J319,existing_fips,100.0,1.0
P::B::J318,J318,IL,morgan,MORGAN,0,17137,SW CORNER OF BERLIN TOWER RD HUFF ROAD,,,,,17137,P::B::J318,existing_fips,100.0,1.0
P::B::J317,J317,MI,marquette,MARQUETTE,0,26103,EMPIRE SUBSTATION,,,,,26103,P::B::J317,existing_fips,100.0,1.0
P::B::J316,J316,ND,dickey,DICKEY,0,38021,MDU 230KV TATANKA ELLENDALE LINE,,,,,38021,P::B::J316,existing_fips,100.0,1.0
P::B::J315,J315,WI,rock,ROCK,0,55105,ATC 138KV SUNRISE LAKEHEAD TAP,,,,,55105,P::B::J315,existing_fips,100.0,1.0
P::B::J314,J314,WI,columbia,COLUMBIA,0,55021,UNKNOWN,,,,,55021,P::B::J314,existing_fips,100.0,1.0
P::B::J313,J313,IN,montgomery,MONTGOMERY,0,18107,UNKNOWN,,,,,18107,P::B::J313,existing_fips,100.0,1.0
P::B::J312,J312,IN,clinton,CLINTON,0,18023,DUKE ENERGY 230KV THORNTOWN KOKOMO,,,,,18023,P::B::J312,existing_fips,100.0,1.0
P::B::J311,J311,MO,nodaway,NODAWAY,0,29147,161KV MARYVILLE CRESTON,,,,,29147,P::B::J311,existing_fips,100.0,1.0
P::B::J309,J309,MN,yellow medicine,YELLOW MEDICINE,0,27173,XCEL YELLOW MEDICINE MINNESOTA VALLEY 69KV LINE,,,,,27173,P::B::J309,existing_fips,100.0,1.0
P::B::J308,J308,MI,sanilac,SANILAC,0,26151,ITC RAPSON BANNER 345KV LINE,,,,,26151,P::B::J308,existing_fips,100.0,1.0
P::B::J307,J307,MI,osceola,OSCEOLA,0,26133,UNKNOWN,,,,,26133,P::B::J307,existing_fips,100.0,1.0
P::B::J306,J306,MN,traverse,TRAVERSE,0,27155,UNKNOWN,,,,,27155,P::B::J306,existing_fips,100.0,1.0
P::B::J305,J305,MN,lyon,LYON,0,27083,UNKNOWN,,,,,27083,P::B::J305,existing_fips,100.0,1.0
P::B::J335,J335,WI,calumet,CALUMET,0,55015,WPS FOREST JUNCTION 345KV SUBSTATION,,,,,55015,P::B::J335,existing_fips,100.0,1.0
P::B::J336,J336,WI,calumet,CALUMET,0,55015,WPS FOREST JUNCITON 345KV SUBSTATION,,,,,55015,P::B::J336,existing_fips,100.0,1.0
P::B::J337,J337,WI,winnebago,WINNEBAGO,0,55139,NORTH APPLETON FITZGERALD 345KV LINE,,,,,55139,P::B::J337,existing_fips,100.0,1.0
P::B::J338,J338,WI,winnebago,WINNEBAGO,0,55139,NORTH APPLETON FITZGERALD 345KV LIN E,,,,,55139,P::B::J338,existing_fips,100.0,1.0
P::B::J368,J368,AR,lee,LEE,0,05077,UNKNOWN,,,,,05077,P::B::J368,existing_fips,100.0,1.0
P::B::J367,J367,MN,goodhue,GOODHUE,0,27049,3 MI TO 69KV LINE XCEL SWITING AND VASA SUB,,,,,27049,P::B::J367,existing_fips,100.0,1.0
P::B::J366,J366,IA,pottawattamie,POTTAWATTAMIE,0,19155,OVERLAND TRAIL 161KV BUS,,,,,19155,P::B::J366,existing_fips,100.0,1.0
P::B::J365,J365,IA,pottawattamie,POTTAWATTAMIE,0,19155,CBPS FALLOW AV 345KV NEAR PONY CREEK 345KV SWITCHING STATION,,,,,19155,P::B::J365,existing_fips,100.0,1.0
P::B::J364,J364,IA,adair,ADAIR,0,19001,COOPER ATCHISON CO BOONEVILLE 345KV CROSSES CBPS PONY CREEK ROLLING HILLS MADISON CO 345KV LINE,,,,,19001,P::B::J364,existing_fips,100.0,1.0
P::B::J363,J363,IA,pottawattamie,POTTAWATTAMIE,0,19155,CBPS FALLOW AVE 345KV LINE NEAR PONY CREEK 345KV STATION,,,,,19155,P::B::J363,existing_fips,100.0,1.0
P::B::J362,J362,IA,polk,POLK,0,19153,DPS 161KV BUS,,,,,19153,P::B::J362,existing_fips,100.0,1.0
P::B::J361,J361,IA,pottawattamie,POTTAWATTAMIE,0,19155,CBPS 69KV BUS,,,,,19155,P::B::J361,existing_fips,100.0,1.0
P::B::J360,J360,IA,scott,SCOTT,0,19163,RIVERSIDE GENERATING STATION 69KV BUS,,,,,19163,P::B::J360,existing_fips,100.0,1.0
P::B::J359,J359,IA,woodbury,WOODBURY,0,19193,NEAL NORTH PLANT,,,,,19193,P::B::J359,existing_fips,100.0,1.0
P::B::J358,J358,IA,woodbury,WOODBURY,0,19193,NEAL NORTH PLANT,,,,,19193,P::B::J358,existing_fips,100.0,1.0
P::B::J357,J357,IA,woodbury,WOODBURY,0,19193,NEAL NORTH PLANT,,,,,19193,P::B::J357,existing_fips,100.0,1.0
P::B::J356,J356,IA,polk,POLK,0,19153,BONDURANT 161KV BUS,,,,,19153,P::B::J356,existing_fips,100.0,1.0
P::B::J355,J355,IA,adair,ADAIR,0,19001,COOPER ATCHISON CO BOONEVILLE 345KV CROSSES PONY CREEK ROLLING HILLS 345KV,,,,,19001,P::B::J355,existing_fips,100.0,1.0
P::B::J436,J436,SD,codington,CODINGTON,0,46029,BIG STONE SOUTH ELLENDALE 345KV LINE,,,,,46029,P::B::J436,existing_fips,100.0,1.0
P::B::J354,J354,MI,huron,HURON,0,26063,ITC GRASSMERE,,,,,26063,P::B::J354,existing_fips,100.0,1.0
P::B::J352,J352,MI,dickinson,DICKINSON,0,26043,UNKNOWN,,,,,26043,P::B::J352,existing_fips,100.0,1.0
P::B::J351,J351,IN,st. joseph,SAINT JOSEPH,0,18141,STILLWELL 345KV,,,,,18141,P::B::J351,existing_fips,100.0,1.0
P::B::J350,J350,AR,chicot,CHICOT,0,05017,LAKE VILLAGE BAGBY 115KV SUBSTATION,,,,,05017,P::B::J350,existing_fips,100.0,1.0
P::B::J349,J349,MN,sherburne,SHERBURNE,0,27141,SE CORNER OF 137TH ST 140TH AV BECKER MN,,,,,27141,P::B::J349,existing_fips,100.0,1.0
P::B::J348,J348,AR,arkansas,ARKANSAS,0,05001,ENTERGY STUTTGART RCUSKEY ALMYRA115KV LINE,,,,,05001,P::B::J348,existing_fips,100.0,1.0
P::B::J347,J347,AR,craighead,CRAIGHEAD,0,05031,UNKNOWN,,,,,05031,P::B::J347,existing_fips,100.0,1.0
P::B::J346,J346,MO,nodaway,NODAWAY,0,29147,161 MARYVILLE CLARINDA LINE,,,,,29147,P::B::J346,existing_fips,100.0,1.0
P::B::J345,J345,MN,waseca,WASECA,0,27161,69KV BUS AT MERIDEN SUBSTATION,,,,,27161,P::B::J345,existing_fips,100.0,1.0
P::B::J344,J344,IA,mahaska,MAHASKA,0,19123,161KV SUBSTATION ON POWESHIEK OSKALOOSA LINE,,,,,19123,P::B::J344,existing_fips,100.0,1.0
P::B::J343,J343,IA,adams,ADAMS,0,19003,161KV SUBSTATION ON CRESTON CLARINDA LINE,,,,,19003,P::B::J343,existing_fips,100.0,1.0
P::B::J342,J342,IA,buchanan,BUCHANAN,0,19019,345KV SUBSTIOIN ON HAZLETON ARNOLD LINE,,,,,19019,P::B::J342,existing_fips,100.0,1.0
P::B::J341,J341,MN,chisago,CHISAGO,0,27025,UNKNOWN,,,,,27025,P::B::J341,existing_fips,100.0,1.0
P::B::J340,J340,MI,huron,HURON,0,26063,HARVEST WIND TAP ON COSMO BAD AXE 120KV LINE,,,,,26063,P::B::J340,existing_fips,100.0,1.0
P::B::J339,J339,IL,ford,FORD,0,17053,GIBSON CITY SOUTH SUBSTATION,,,,,17053,P::B::J339,existing_fips,100.0,1.0
P::B::J353,J353,MI,dickinson,DICKINSON,0,26043,UNKNOWN,,,,,26043,P::B::J353,existing_fips,100.0,1.0
P::B::J437,J437,SD,codington,CODINGTON,0,46029,BIG STONE SOUTH ELLENDALE 345KV LINE,,,,,46029,P::B::J437,existing_fips,100.0,1.0
P::B::J438,J438,IA,poweshiek,POWESHIEK,0,19157,POWESHIEK PARNELL 161KV LINE,,,,,19157,P::B::J438,existing_fips,100.0,1.0
P::B::J439,J439,IA,emmet,EMMET,0,19063,DICKENS IA 51333 AT O BRIEN TO KOSSUTH 345KV,,,,,19063,P::B::J439,existing_fips,100.0,1.0
P::B::J547,J547,MN,sherburne,SHERBURNE,0,27141,UNKNOWN,,,,,27141,P::B::J547,existing_fips,100.0,1.0
P::B::J546,J546,MI,huron,HURON,0,26063,RAPSON 120KV SUBSTATION,,,,,26063,P::B::J546,existing_fips,100.0,1.0
P::B::J543,J543,MI,houghton,HOUGHTON,0,26061,UNKNOWN,,,,,26061,P::B::J543,existing_fips,100.0,1.0
P::B::J542,J542,IN,vigo,VIGO,0,18167,UNKNOWN,,,,,18167,P::B::J542,existing_fips,100.0,1.0
P::B::J541,J541,MO,schuyler,SCHUYLER,0,29197,ZACHARY OTTUMWA 345KV LINE,,,,,29197,P::B::J541,existing_fips,100.0,1.0
P::B::J540,J540,MI,kalkaska,KALKASKA,0,26079,KALKASKA COUNTY MI CP NODE CONS KALK,,,,,26079,P::B::J540,existing_fips,100.0,1.0
P::B::J539,J539,TX,newton,NEWTON,0,48351,UNKNOWN,,,,,48351,P::B::J539,existing_fips,100.0,1.0
P::B::J538,J538,MI,hillsdale,HILLSDALE,0,26059,MOORE RD TO DOWLING 138KV LINE,,,,,26059,P::B::J538,existing_fips,100.0,1.0
P::B::J537,J537,MI,sanilac,SANILAC,0,26151,1 5 MILES SOUTH OF BANNER 345KV SUBSTATION,,,,,26151,P::B::J537,existing_fips,100.0,1.0
P::B::J536,J536,IA,pottawattamie,POTTAWATTAMIE,0,19155,UNKNOWN,,,,,19155,P::B::J536,existing_fips,100.0,1.0
P::B::J535,J535,IA,sac,SAC,0,19161,J411 Ç ÄÚ LEHIGH 345KV LINE,,,,,19161,P::B::J535,existing_fips,100.0,1.0
P::B::J534,J534,IA,humboldt,HUMBOLDT,0,19091,KOSSUTH Ç ÄÚ WEBSTER 345KV LINE,,,,,19091,P::B::J534,existing_fips,100.0,1.0
P::B::J533,J533,MI,gratiot,GRATIOT,0,26057,SLATE 345KV SUBSTATION,,,,,26057,P::B::J533,existing_fips,100.0,1.0
P::B::J532,J532,IA,cass,CASS,0,19029,RED OAK Ç ÄÚ COBURG 69KV LINE,,,,,19029,P::B::J532,existing_fips,100.0,1.0
P::B::J531,J531,IA,chickasaw,CHICKASAW,0,19037,HAZLETON ADAMS 345KV LINE,,,,,19037,P::B::J531,existing_fips,100.0,1.0
P::B::J530,J530,IA,iowa,IOWA,0,19095,MONTEZUMA HILLS 345KV LINE,,,,,19095,P::B::J530,existing_fips,100.0,1.0
P::B::J529,J529,IA,palo alto,PALO ALTO,0,19147,OBRIEN KOSSUTH 345KV LINE,,,,,19147,P::B::J529,existing_fips,100.0,1.0
P::B::J528,J528,IA,adair,ADAIR,0,19001,ROLLING HILLS MADISON 345KV LINE,,,,,19001,P::B::J528,existing_fips,100.0,1.0
P::B::J527,J527,IA,adair,ADAIR,0,19001,BOONEVILLE COOPER 345KV LINE,,,,,19001,P::B::J527,existing_fips,100.0,1.0
P::B::J526,J526,SD,deuel,DEUEL,0,46039,BROOKING COUNTY TO BIG STONE SOUTH 345KV LINE,,,,,46039,P::B::J526,existing_fips,100.0,1.0
P::B::J525,J525,MN,murray,MURRAY,0,27101,LAKE WILSON HADLEY 69KV LINE,,,,,27101,P::B::J525,existing_fips,100.0,1.0
P::B::J524,J524,IA,webster,WEBSTER,0,19187,WEBSTER SUBSTATION 161KV BUS,,,,,19187,P::B::J524,existing_fips,100.0,1.0
P::B::J523,J523,MN,mower,MOWER,0,27099,ITCM ADAMS 161KV SUBSTATION,,,,,27099,P::B::J523,existing_fips,100.0,1.0
P::B::J521,J521,MI,huron,HURON,0,26063,HARVEST WIND TAP ON COSMO BAD AXE 120KV LINE,,,,,26063,P::B::J521,existing_fips,100.0,1.0
P::B::J520,J520,MN,pipestone,PIPESTONE,0,27117,UNKNOWN,,,,,27117,P::B::J520,existing_fips,100.0,1.0
P::B::J519,J519,IA,audubon,AUDUBON,0,19009,MEC ATLANTIC SUBSTATION 161KV BUS,,,,,19009,P::B::J519,existing_fips,100.0,1.0
P::B::J518,J518,LA,calcasieu,CALCASIEU,0,22019,TAPPING ON LAKE CHARLES JENNINGS 138KV LINE,,,,,22019,P::B::J518,existing_fips,100.0,1.0
P::B::J517,J517,TX,jefferson,JEFFERSON,0,48245,UNKNOWN,,,,,48245,P::B::J517,existing_fips,100.0,1.0
P::B::J516,J516,LA,st. james parish,SAINT JAMES,0,22093,VACHERIE SUBSTATION 230KV,,,,,22093,P::B::J516,existing_fips,100.0,1.0
P::B::J548,J548,MN,yellow medicine,YELLOW MEDICINE,0,27173,UNKNOWN,,,,,27173,P::B::J548,existing_fips,100.0,1.0
P::B::J549,J549,LA,acadia parish,ACADIA,0,22001,UNKNOWN,,,,,22001,P::B::J549,existing_fips,100.0,1.0
P::B::J550,J550,LA,acadia parish,ACADIA,0,22001,UNKNOWN,,,,,22001,P::B::J550,existing_fips,100.0,1.0
P::B::J551,J551,LA,concordia parish,CONCORDIA,0,22029,UNKNOWN,,,,,22029,P::B::J551,existing_fips,100.0,1.0
P::B::J586,J586,AR,mississippi,MISSISSIPPI,0,05093,EAI CROOKED LAKE 161KV SUBSTATION,,,,,05093,P::B::J586,existing_fips,100.0,1.0
P::B::J585,J585,MS,madison,MADISON,0,28089,UNKNOWN,,,,,28089,P::B::J585,existing_fips,100.0,1.0
P::B::J583,J583,IA,audubon,AUDUBON,0,19009,FALLOW AVENUE 345KV SUBSTATION ZIP CODE 50002,,,,,19009,P::B::J583,existing_fips,100.0,1.0
P::B::J582,J582,LA,madison parish,MADISON,0,22065,UNKNOWN,,,,,22065,P::B::J582,existing_fips,100.0,1.0
P::B::J581,J581,LA,morehouse parish,MOREHOUSE,0,22067,BASTROP STERLINGTON 115KV LINE,,,,,22067,P::B::J581,existing_fips,100.0,1.0
P::B::J578,J578,IA,audubon,AUDUBON,0,19009,UNKNOWN,,,,,19009,P::B::J578,existing_fips,100.0,1.0
P::B::J577,J577,MN,pipestone,PIPESTONE,0,27117,345KV BROOKINGS COUNTY SUB,,,,,27117,P::B::J577,existing_fips,100.0,1.0
P::B::J576,J576,MI,allegan,ALLEGAN,0,26005,UNKNOWN,,,,,26005,P::B::J576,existing_fips,100.0,1.0
P::B::J575,J575,MN,lincoln,LINCOLN,0,27081,BROOKINGS COUNTY SUBSTATION 345KV,,,,,27081,P::B::J575,existing_fips,100.0,1.0
P::B::J574,J574,MN,kandiyohi,KANDIYOHI,0,27067,UNKNOWN,,,,,27067,P::B::J574,existing_fips,100.0,1.0
P::B::J573,J573,MO,washington,WASHINGTON,0,29221,BELGRADE 161KV,,,,,29221,P::B::J573,existing_fips,100.0,1.0
P::B::J572,J572,MI,manistee,MANISTEE,0,26101,FILLER CITY JCT 138KV,,,,,26101,P::B::J572,existing_fips,100.0,1.0
P::B::J571,J571,MI,kalamazoo,KALAMAZOO,0,26077,TOWNSHIP OF COMSTOCK COUNTY OF KALMAZOO MORROW 138KV,,,,,26077,P::B::J571,existing_fips,100.0,1.0
P::B::J569,J569,MN,rock,ROCK,0,27133,NSP ROCK COUNTY SUBSTATION,,,,,27133,P::B::J569,existing_fips,100.0,1.0
P::B::J515,J515,IN,benton,BENTON,0,18007,345KV BUS IN CAYUGA SUBSTATION ON NORTH SIDE OF PLANT,,,,,18007,P::B::J515,existing_fips,100.0,1.0
P::B::J568,J568,LA,calcasieu parish,CALCASIEU,0,22019,UNKNOWN,,,,,22019,P::B::J568,existing_fips,100.0,1.0
P::B::J566,J566,LA,acadia parish,ACADIA,0,22001,UNKNOWN,,,,,22001,P::B::J566,existing_fips,100.0,1.0
P::B::J565,J565,LA,concordia parish,CONCORDIA,0,22029,UNKNOWN,,,,,22029,P::B::J565,existing_fips,100.0,1.0
P::B::J564,J564,IN,fayette,FAYETTE,0,18041,UNKNOWN,,,,,18041,P::B::J564,existing_fips,100.0,1.0
P::B::J563,J563,IA,marshall,MARSHALL,0,19127,ABBOTT SWITCHING STATION Ç Ñ S 161KV STRAIGHT BUS,,,,,19127,P::B::J563,existing_fips,100.0,1.0
P::B::J562,J562,IA,marshall,MARSHALL,0,19127,LAUREL 161KV SWITCHING STATION S 161KV BUS,,,,,19127,P::B::J562,existing_fips,100.0,1.0
P::B::J561,J561,MI,kalamazoo,KALAMAZOO,0,26077,UNKNOWN,,,,,26077,P::B::J561,existing_fips,100.0,1.0
P::B::J560,J560,WI,douglas,DOUGLAS,0,55031,UNKNOWN,,,,,55031,P::B::J560,existing_fips,100.0,1.0
P::B::J559,J559,LA,washington parish,WASHINGTON,0,22117,EEL HOLTON FRANKLINTON 115KV,,,,,22117,P::B::J559,existing_fips,100.0,1.0
P::B::J558,J558,MN,pipestone,PIPESTONE,0,27117,WOODSTOCK TAP 69KV,,,,,27117,P::B::J558,existing_fips,100.0,1.0
P::B::J557,J557,MI,delta,DELTA,0,26041,GARDEN CORNERS SUBSTATION 138KV,,,,,26041,P::B::J557,existing_fips,100.0,1.0
P::B::J555,J555,IA,poweshiek,POWESHIEK,0,19157,MONTEZUMA IA 50171 345KV SUBSTATION,,,,,19157,P::B::J555,existing_fips,100.0,1.0
P::B::J554,J554,MN,dodge,DODGE,0,27039,KASSON DODGE CENTER 69KV,,,,,27039,P::B::J554,existing_fips,100.0,1.0
P::B::J553,J553,LA,east feliciana parish,EAST FELICIANA,0,22037,SANDY CREEK JACKSON 69KV LINE ENTERGY,,,,,22037,P::B::J553,existing_fips,100.0,1.0
P::B::J552,J552,AR,lee,LEE,0,05077,BRINKLEY EAST MORO 115KV LINE,,,,,05077,P::B::J552,existing_fips,100.0,1.0
P::B::J567,J567,LA,iberville parish,IBERVILLE,0,22047,UNKNOWN,,,,,22047,P::B::J567,existing_fips,100.0,1.0
P::B::J304,J304,MN,dakota,DAKOTA,0,27037,NSP 69KV MIESVILLE TAP BYLLESBY,,,,,27037,P::B::J304,existing_fips,100.0,1.0
P::B::J514,J514,IA,marshall,MARSHALL,0,19127,EXISTING ITC MIDWEST MARSHALLTOWN SUBSTATION,,,,,19127,P::B::J514,existing_fips,100.0,1.0
P::B::J512,J512,MN,nobles,NOBLES,0,27105,NOBLES FENTON 115KV LINE,,,,,27105,P::B::J512,existing_fips,100.0,1.0
P::B::J474,J474,IL,dewitt,DEWITT,0,17039,NEW 138KV TABOR SUBSTATION,,,,,17039,P::B::J474,existing_fips,100.0,1.0
P::B::J473,J473,MS,lamar,LAMAR,0,28073,SUMRALL II SUBSTATION,,,,,28073,P::B::J473,existing_fips,100.0,1.0
P::B::J472,J472,TX,montgomery,MONTGOMERY,0,48339,ENTERGY Ç Ñ S 138KV AND 230KV LEWIS CREEK SUBSTATIONS,,,,,48339,P::B::J472,existing_fips,100.0,1.0
P::B::J471,J471,MI,wayne,WAYNE,0,26163,ITC 120KV DAYTON SUBSTATION,,,,,26163,P::B::J471,existing_fips,100.0,1.0
P::B::J470,J470,MI,marquette,MARQUETTE,0,26103,UNKNOWN,,,,,26103,P::B::J470,existing_fips,100.0,1.0
P::B::J469,J469,MI,crawford,CRAWFORD,0,26039,CONSUMERS GRAYLING GENERATION 46KV SUBSTATION,,,,,26039,P::B::J469,existing_fips,100.0,1.0
P::B::J468,J468,IL,douglas,DOUGLAS,0,17041,ALONG EXISTING SIDNEY KANSAS WEST 345KV LINE,,,,,17041,P::B::J468,existing_fips,100.0,1.0
P::B::J466,J466,MI,huron,HURON,0,26063,STEIN 345KV SUBSTATION,,,,,26063,P::B::J466,existing_fips,100.0,1.0
P::B::J465,J465,LA,st. mary parish,SAINT MARY,0,22101,NORTH BEND 138KV SUBSTATION,,,,,22101,P::B::J465,existing_fips,100.0,1.0
P::B::J464,J464,LA,st. tammany parish,SAINT TAMMANY,0,22103,UNKNOWN,,,,,22103,P::B::J464,existing_fips,100.0,1.0
P::B::J463,J463,IL,montgomery,MONTGOMERY,0,17135,UNKNOWN,,,,,17135,P::B::J463,existing_fips,100.0,1.0
P::B::J462,J462,IA,emmet,EMMET,0,19063,UNKNOWN,,,,,19063,P::B::J462,existing_fips,100.0,1.0
P::B::J461,J461,IA,tama,TAMA,0,19171,UNKNOWN,,,,,19171,P::B::J461,existing_fips,100.0,1.0
P::B::J460,J460,MN,lincoln,LINCOLN,0,27081,ON BROOKINGS H081 345KV LINE APPROX 10 MILES WEST OF PROPOSED SUBSTATION,,,,,27081,P::B::J460,existing_fips,100.0,1.0
P::B::J459,J459,SD,grant,GRANT,0,46051,BIG STONE BROOKINGS 345KV,,,,,46051,P::B::J459,existing_fips,100.0,1.0
P::B::J457,J457,ND,dickey,DICKEY,0,38021,MERRICOURT SUBSTATION,,,,,38021,P::B::J457,existing_fips,100.0,1.0
P::B::J456,J456,IL,mcdonough,MCDONOUGH,0,17109,138KV NIOTA MACOMB NORTHEAST LINE JUST SOUTH OF SCIOTA IL,,,,,17109,P::B::J456,existing_fips,100.0,1.0
P::B::J455,J455,IA,clay,CLAY,0,19041,KOSSUTH Ç ÄÚ OBRIEN 345KV LINE,,,,,19041,P::B::J455,existing_fips,100.0,1.0
P::B::J454,J454,MN,lyon,LYON,0,27083,MMU SOUTHWEST SUBSTATION,,,,,27083,P::B::J454,existing_fips,100.0,1.0
P::B::J453,J453,IN,martin,MARTIN,0,18101,DUKE CRANE SOUTH Ç ÄÚ CRANE JUNCTION 69KV,,,,,18101,P::B::J453,existing_fips,100.0,1.0
P::B::J452,J452,MI,sanilac,SANILAC,0,26151,SANDUSKY 120KV SUBSTATION,,,,,26151,P::B::J452,existing_fips,100.0,1.0
P::B::J451,J451,MI,oakland,OAKLAND,0,26125,UNKNOWN,,,,,26125,P::B::J451,existing_fips,100.0,1.0
P::B::J450,J450,MI,huron,HURON,0,26063,ITC RAPSON BANNER 345KV LINE,,,,,26063,P::B::J450,existing_fips,100.0,1.0
P::B::J449,J449,IA,mitchell,MITCHELL,0,19131,PIONEER PRAIRIE I SUBSTATION,,,,,19131,P::B::J449,existing_fips,100.0,1.0
P::B::J448,J448,IA,mitchell,MITCHELL,0,19131,NEW SUBSTATION ADJACENT TO ITC S BARTON WIND ADAMS 161KV LINE,,,,,19131,P::B::J448,existing_fips,100.0,1.0
P::B::J445,J445,MI,gratiot,GRATIOT,0,26057,NELSON ROAD GOSS 345KV,,,,,26057,P::B::J445,existing_fips,100.0,1.0
P::B::J443,J443,IA,delaware,DELAWARE,0,19055,GREELY TAP,,,,,19055,P::B::J443,existing_fips,100.0,1.0
P::B::J442,J442,SD,deuel,DEUEL,0,46039,BIG STONE SUBSTATION VIA A RADIAL 230KV LINE,,,,,46039,P::B::J442,existing_fips,100.0,1.0
P::B::J440,J440,MI,wayne,WAYNE,0,26163,CONSUMERS DIGG 230KV SUBSTATION,,,,,26163,P::B::J440,existing_fips,100.0,1.0
P::B::J475,J475,IA,poweshiek,POWESHIEK,0,19157,EXISTING 345KV MONTEZUMA SUBSTATION,,,,,19157,P::B::J475,existing_fips,100.0,1.0
P::B::J476,J476,MO,atchison,ATCHISON,0,29005,ATCHISON COUNTY TO BOONEVILLE 345KV LINE TAP,,,,,29005,P::B::J476,existing_fips,100.0,1.0
P::B::J477,J477,MS,hinds,HINDS,0,28049,CLOSE TO ENTERGY HINDS POWER STATION,,,,,28049,P::B::J477,existing_fips,100.0,1.0
P::B::J479,J479,TX,grimes,GRIMES,0,48185,GRIMES SUBSTATION 345KV BUS,,,,,48185,P::B::J479,existing_fips,100.0,1.0
P::B::J511,J511,ND,oliver,OLIVER,0,38065,GRE STANTON SUBSTATION 230KV BUS STANTON ND,,,,,38065,P::B::J511,existing_fips,100.0,1.0
P::B::J510,J510,SD,deuel,DEUEL,0,46039,SCANDINAVIA TOWNSHIP 113N RANGE 48W,,,,,46039,P::B::J510,existing_fips,100.0,1.0
P::B::J509,J509,ND,dickey,DICKEY,0,38021,ELLENDALE TOWNSHIP 129N RANGE 63W,,,,,38021,P::B::J509,existing_fips,100.0,1.0
P::B::J507,J507,AR,pulaski,PULASKI,0,05119,UNKNOWN,,,,,05119,P::B::J507,existing_fips,100.0,1.0
P::B::J506,J506,IA,plymouth,PLYMOUTH,0,19149,RAUN LAKEFIELD JCT 345KV LINE TAP T 19N R 43W,,,,,19149,P::B::J506,existing_fips,100.0,1.0
P::B::J505,J505,WI,manitowoc,MANITOWOC,0,55071,APOLLO 138KV SUBSTATION MISHICOT KEWAUNEE LINE,,,,,55071,P::B::J505,existing_fips,100.0,1.0
P::B::J504,J504,IA,linn,LINN,0,19113,161KV BERTRAM DUANE ARNOLD LINE,,,,,19113,P::B::J504,existing_fips,100.0,1.0
P::B::J503,J503,ND,emmons,EMMONS,0,38029,230KV HESKETT WISHEK 20 MILES NW OF WISHEK,,,,,38029,P::B::J503,existing_fips,100.0,1.0
P::B::J501,J501,IA,hancock,HANCOCK,0,19081,MEC 345KV KOSSUTH COUNTY SUBSTATION,,,,,19081,P::B::J501,existing_fips,100.0,1.0
P::B::J500,J500,IA,adair,ADAIR,0,19001,NEW SUBSTATION AT INTERSECTION OF MEC 345KV BOONE ATCHISON AND MEC 345KV ROLLING HILLS MADISON COUNTY SUBSTATION,,,,,19001,P::B::J500,existing_fips,100.0,1.0
P::B::J499,J499,IA,adair,ADAIR,0,19001,MEC 345KV FALLOW GRIMES LINE 18 MILES EAST OF FALLOW SUBSTATION,,,,,19001,P::B::J499,existing_fips,100.0,1.0
P::B::J498,J498,IA,boone,BOONE,0,19015,MEC 345KV GRIMES LEHIGH LINE 18 MILES SOUTH OF LEIGH SUBSTATION,,,,,19015,P::B::J498,existing_fips,100.0,1.0
P::B::J497,J497,IA,benton,BENTON,0,19011,ITC 161KV DYSART SUBSTATION,,,,,19011,P::B::J497,existing_fips,100.0,1.0
P::B::J496,J496,MI,sanilac,SANILAC,0,26151,J321 SUBSTATION NEW BREAKER POSITION OR THE J321 GEN TIE,,,,,26151,P::B::J496,existing_fips,100.0,1.0
P::B::J513,J513,IN,white,WHITE,0,18181,255173 17REYNOLDS,,,,,18181,P::B::J513,existing_fips,100.0,1.0
P::B::J495,J495,IA,winnebago,WINNEBAGO,0,19189,LEDYARD COLBY 345KV LINE,,,,,19189,P::B::J495,existing_fips,100.0,1.0
P::B::J493,J493,MN,yellow medicine,YELLOW MEDICINE,0,27173,BIG STONE BROOKINGS 345KV SUBSTATION,,,,,27173,P::B::J493,existing_fips,100.0,1.0
P::B::J492,J492,IN,montgomery,MONTGOMERY,0,18107,CONNECTION TO 69KV DUKE LINE FEEDING CHERRY GROVE SUBSTATION,,,,,18107,P::B::J492,existing_fips,100.0,1.0
P::B::J491,J491,IN,bartholomew,BARTHOLOMEW,0,18005,CONNECTION TO 69KV DUKE LINE FEEDING FLAT ROCK SUBSTATION,,,,,18005,P::B::J491,existing_fips,100.0,1.0
P::B::J490,J490,SD,,,0,,THE MCINTOSH SUBSTATION LOCATED 0 5 MILES DUE NORTH OF THE INTERSECTION OF ROUTE 31 AND ROUTE 12 LOCATED JUST OFF ROUTE 31 THE REFERENCED INTERSECTION IS 0 73 MILES NE OF THE CITY CENTER OF MCINTOSH SD,,,,,,P::B::J490,unmatched,0.0,0.0
P::B::J489,J489,SD,grant,GRANT,0,46051,345KV AT NEW TAP ON PROPOSED MVP BIG STONE TO ELLENDALE LINE,,,,,46051,P::B::J489,existing_fips,100.0,1.0
P::B::J488,J488,SD,grant,GRANT,0,46051,345KV AT NEW TAP ON PROPOSED MVP BIG STONE TO ELLENDALE LINE,,,,,46051,P::B::J488,existing_fips,100.0,1.0
P::B::J487,J487,TX,san jacinto,SAN JACINTO,0,48407,SAN JACINTO 230KV SUBSTATION,,,,,48407,P::B::J487,existing_fips,100.0,1.0
P::B::J486,J486,TX,grimes,GRIMES,0,48185,GRIMES 345KV SUBSTATION,,,,,48185,P::B::J486,existing_fips,100.0,1.0
P::B::J485,J485,MN,olmsted,OLMSTED,0,27109,WEST SIDE SUBSTATION 5846 19TH STREET NW ROCHESTER MN,,,,,27109,P::B::J485,existing_fips,100.0,1.0
P::B::J484,J484,LA,calcasieu,CALCASIEU,0,22019,EXISTING ENTERGY NELSON POWER STATION,,,,,22019,P::B::J484,existing_fips,100.0,1.0
P::B::J483,J483,TX,liberty,LIBERTY,0,48291,LINE TAP AT 138KV LINE APPROXIMATELY 6 000 FT SW OF GORDON SUB,,,,,48291,P::B::J483,existing_fips,100.0,1.0
P::B::J482,J482,LA,st. charles parish,SAINT CHARLES,0,22089,LITTLE GYPSY POWER STATION,,,,,22089,P::B::J482,existing_fips,100.0,1.0
P::B::J481,J481,LA,orleans parish,ORLEANS,0,22071,EXISTING MICHOUD POWER STATION,,,,,22071,P::B::J481,existing_fips,100.0,1.0
P::B::J480,J480,TX,cherokee,CHEROKEE,0,48073,ENTERGY GRIMES 345KV SUBSTATION BUSNUMBER 334028,,,,,48073,P::B::J480,existing_fips,100.0,1.0
P::B::J494,J494,ND,cass,CASS,0,38017,XCEL S BISON 345KV SUBSTATION,,,,,38017,P::B::J494,existing_fips,100.0,1.0
P::B::J587,J587,MN,lincoln,LINCOLN,0,27081,J460 SUBSTATION ON THE BROOKINGS H081 345KV LINE,,,,,27081,P::B::J587,existing_fips,100.0,1.0
P::B::J303,J303,MN,murray,MURRAY,0,27101,XCEL HADLEY 69KV SUBSTATION,,,,,27101,P::B::J303,existing_fips,100.0,1.0
P::B::J301,J301,MI,tuscola,TUSCOLA,0,26157,ITCS BAUER RAPSON 345KV LINE,,,,,26157,P::B::J301,existing_fips,100.0,1.0
P::B::J131,J131,MN,lyon,LYON,0,27083,LAKE YANKTON SUBSTATION,,,,,27083,P::B::J131,existing_fips,100.0,1.0
P::B::J130,J130,IA,hancock,HANCOCK,0,19081,HANCOCK SUBSTATION,,,,,19081,P::B::J130,existing_fips,100.0,1.0
P::B::J129,J129,WI,polk,POLK,0,55095,APPLE RIVER STUBSTATION,,,,,55095,P::B::J129,existing_fips,100.0,1.0
P::B::J128,J128,IL,marshall,MARSHALL,0,17123,OGLESBY EL PASO 138KV,,,,,17123,P::B::J128,existing_fips,100.0,1.0
P::B::J127,J127,OH,wood,WOOD,0,39173,ATSI LEMOYNE SUBSTATION,,,,,39173,P::B::J127,existing_fips,100.0,1.0
P::B::J126,J126,MN,winona,WINONA,0,27169,ITC MIDWEST RUSHFORD WILSON 69KV,,,,,27169,P::B::J126,existing_fips,100.0,1.0
P::B::J125,J125,IL,macon,MACON,0,17115,LATHAM MAROA WEST 345KV,,,,,17115,P::B::J125,existing_fips,100.0,1.0
P::B::J124,J124,OH,ashtabula,ASHTABULA,0,39007,ASHTABULA 138KV SUBSTATION,,,,,39007,P::B::J124,existing_fips,100.0,1.0
P::B::J123,J123,MN,goodhue,GOODHUE,0,27049,PRAIRIE ISLAND 345KV,,,,,27049,P::B::J123,existing_fips,100.0,1.0
P::B::J122,J122,MI,huron,HURON,0,26063,ADJACENT TO RAPSON RD N FINKEL RD AND LECTION LINE RD,,,,,26063,P::B::J122,existing_fips,100.0,1.0
P::B::J121,J121,IL,ford,FORD,0,17053,AMEREN GIBSON CITY SOUTH SUBSTATION,,,,,17053,P::B::J121,existing_fips,100.0,1.0
P::B::J120,J120,OH,butler,BUTLER,0,39017,AK STEEL MIDDLETOWN AK STEEL 1C SUBSTATION 138KV,,,,,39017,P::B::J120,existing_fips,100.0,1.0
P::B::J119,J119,MI,chippewa,CHIPPEWA,0,26033,PINE RIVER 69KV SUBSTATION,,,,,26033,P::B::J119,existing_fips,100.0,1.0
P::B::J118,J118,IA,greene,GREENE,0,19073,MEC DRAGER GRAND JUNCTION 161KV,,,,,19073,P::B::J118,existing_fips,100.0,1.0
P::B::J117,J117,MN,brown,BROWN,0,27015,SUBSTATION AT 625 E LINCOLN STREET SPRINGFIELD MN,,,,,27015,P::B::J117,existing_fips,100.0,1.0
P::B::J116,J116,IA,hancock,HANCOCK,0,19081,WEST MIDDLETON 345KV SUBSTATION,,,,,19081,P::B::J116,existing_fips,100.0,1.0
P::B::J115,J115,MO,saint francois,SAINT FRANCOIS,0,29187,PALMYRA TAP 345KV SUBSTATION,,,,,29187,P::B::J115,existing_fips,100.0,1.0
P::B::J114,J114,IA,tama,TAMA,0,19171,ITC MIDWEST TRAER SUBSTATION,,,,,19171,P::B::J114,existing_fips,100.0,1.0
P::B::J113,J113,MO,atchison,ATCHISON,0,29005,MEC COOPER ATCHISON 345KV,,,,,29005,P::B::J113,existing_fips,100.0,1.0
P::B::J112,J112,MN,winona,WINONA,0,27169,UTICA LEWISTON 69KV,,,,,27169,P::B::J112,existing_fips,100.0,1.0
P::B::J111,J111,MN,mower,MOWER,0,27099,PLEASANT VALLEY 345KV SUBSTATION,,,,,27099,P::B::J111,existing_fips,100.0,1.0
P::B::J110,J110,ND,morton,MORTON,0,38059,MDU 41 6KV TRANSMISSION LINE AT GLEN ULLIN BETWEEN SWITCHES 6315 AND 6071,,,,,38059,P::B::J110,existing_fips,100.0,1.0
P::B::J109,J109,WI,lafayette,LAFAYETTE,0,55065,ATC DARLINGTON HILLMAN 138KV,,,,,55065,P::B::J109,existing_fips,100.0,1.0
P::B::J108,J108,IL,ford,FORD,0,17053,PAXTON EAST 138KV SUBSTATION,,,,,17053,P::B::J108,existing_fips,100.0,1.0
P::B::J107,J107,IL,logan,LOGAN,0,17107,CWLP INTERSTATE SUBSTATION,,,,,17107,P::B::J107,existing_fips,100.0,1.0
P::B::J106,J106,OH,sandusky,SANDUSKY,0,39143,FREEMONT 138KV SUBSTATION,,,,,39143,P::B::J106,existing_fips,100.0,1.0
P::B::J105,J105,IL,ford,FORD,0,17053,EAST PAXTON 138KV SUBSTATION,,,,,17053,P::B::J105,existing_fips,100.0,1.0
P::B::J104,J104,MI,alger,ALGER,0,26003,ATC MUNISING 69KV SUBSTATION,,,,,26003,P::B::J104,existing_fips,100.0,1.0
P::B::J103,J103,IA,story,STORY,0,19169,ITC 161KV STORY COUNTY ENERGY CENTER,,,,,19169,P::B::J103,existing_fips,100.0,1.0
P::B::J132,J132,MI,gratiot,GRATIOT,0,26057,METC NELSON ROAD GOSS 345KV,,,,,26057,P::B::J132,existing_fips,100.0,1.0
P::B::J102,J102,MI,van buren,VAN BUREN,0,26159,PALISADES NUCLEAR POWER PLANT SWITCHYARD,,,,,26159,P::B::J102,existing_fips,100.0,1.0
P::B::J133,J133,SD,codington,CODINGTON,0,46029,BIG STONE SUBSTATION 230KV,,,,,46029,P::B::J133,existing_fips,100.0,1.0
P::B::J135,J135,WI,buffalo,BUFFALO,0,55011,ALMA TREMVAL 161KV,,,,,55011,P::B::J135,existing_fips,100.0,1.0
P::B::J164,J164,OH,erie,ERIE,0,39043,FE BEAVER GREENFIELD 138KV,,,,,39043,P::B::J164,existing_fips,100.0,1.0
P::B::J163,J163,IN,tippecanoe,TIPPECANOE,0,18157,KLONDIKE 138KV SUBSTATION,,,,,18157,P::B::J163,existing_fips,100.0,1.0
P::B::J162,J162,IA,dallas,DALLAS,0,19049,GRIMES 161KV SUBSTATION,,,,,19049,P::B::J162,existing_fips,100.0,1.0
P::B::J161,J161,MI,tuscola,TUSCOLA,0,26157,BAUER RAPSON 345KV,,,,,26157,P::B::J161,existing_fips,100.0,1.0
P::B::J160,J160,IL,macon,MACON,0,17115,AMEREN LATHAM DECATUR NORTH 138KV,,,,,17115,P::B::J160,existing_fips,100.0,1.0
P::B::J159,J159,IL,macon,MACON,0,17115,AMEREN LATHAM DECATUR NORTH 138KV,,,,,17115,P::B::J159,existing_fips,100.0,1.0
P::B::J158,J158,IL,piatt,PIATT,0,17147,AMEREN BROKAW CHAMPAIGN 138KV,,,,,17147,P::B::J158,existing_fips,100.0,1.0
P::B::J157,J157,ND,ramsey,RAMSEY,0,38071,230KV LINE NEAR RAMSEY SUBSTATION,,,,,38071,P::B::J157,existing_fips,100.0,1.0
P::B::J156,J156,IN,marshall,MARSHALL,0,18099,NIPSCO BURR OAK 138KV SUBSTATION,,,,,18099,P::B::J156,existing_fips,100.0,1.0
P::B::J155,J155,MN,lyon,LYON,0,27083,XCEL MILROY YELLOW MEDICINE 69KV,,,,,27083,P::B::J155,existing_fips,100.0,1.0
P::B::J154,J154,IA,washington,WASHINGTON,0,19183,GRIMES 161KV SUBSTATION,,,,,19183,P::B::J154,existing_fips,100.0,1.0
P::B::J153,J153,IA,johnson,JOHNSON,0,19103,BERTRAM HILLS 161KV,,,,,19103,P::B::J153,existing_fips,100.0,1.0
P::B::J152,J152,IN,white,WHITE,0,18181,NIPSCO MONTICELLO HONEY CREEK 69KV,,,,,18181,P::B::J152,existing_fips,100.0,1.0
P::B::J151,J151,SD,moody,MOODY,0,46101,SPLIT ROCK SUBSTATION,,,,,46101,P::B::J151,existing_fips,100.0,1.0
P::B::J150,J150,ND,mountrail,MOUNTRAIL,0,38061,MDU STANELY 115KV,,,,,38061,P::B::J150,existing_fips,100.0,1.0
P::B::J149,J149,MI,wayne,WAYNE,0,26163,VISTEON 120KV,,,,,26163,P::B::J149,existing_fips,100.0,1.0
P::B::J148,J148,MN,olmsted,OLMSTED,0,27109,DPC 69KV LINE EAST SIDE OF NW QUARTER OF SEC 3 HAVEHILL TOWNSHIP,,,,,27109,P::B::J148,existing_fips,100.0,1.0
P::B::J147,J147,MI,chippewa,CHIPPEWA,0,26033,ATC 9 MILE SWITCHING,,,,,26033,P::B::J147,existing_fips,100.0,1.0
P::B::J146,J146,WI,fond du lac,FOND DU LAC,0,55039,ATC GREEN LAKE N FOND DU LAC 138KV,,,,,55039,P::B::J146,existing_fips,100.0,1.0
P::B::J145,J145,MO,miller,MILLER,0,29131,OSAGE POWER PLANT,,,,,29131,P::B::J145,existing_fips,100.0,1.0
P::B::J144,J144,MI,alger,ALGER,0,26003,ATC 69KV MUNISING SUBSTATION,,,,,26003,P::B::J144,existing_fips,100.0,1.0
P::B::J143,J143,MI,ontonagon,ONTONAGON,0,26131,ATC WHITE PINE 69KV SUBSTATION,,,,,26131,P::B::J143,existing_fips,100.0,1.0
P::B::J142,J142,WI,wood,WOOD,0,55141,ARPIN HUME 115KV,,,,,55141,P::B::J142,existing_fips,100.0,1.0
P::B::J141,J141,MN,fillmore,FILLMORE,0,27045,ADAMS HARMONY 161KV,,,,,27045,P::B::J141,existing_fips,100.0,1.0
P::B::J140,J140,MN,fillmore,FILLMORE,0,27045,ADAMS HARMONY 161KV,,,,,27045,P::B::J140,existing_fips,100.0,1.0
P::B::J139,J139,WI,grant,GRANT,0,55043,GRAN GREA NELSON DEWEY 161KV,,,,,55043,P::B::J139,existing_fips,100.0,1.0
P::B::J138,J138,MN,olmsted,OLMSTED,0,27109,DAIRYLAND 69KV LINE,,,,,27109,P::B::J138,existing_fips,100.0,1.0
P::B::J137,J137,MN,mower,MOWER,0,27099,EAST AUSTIN SWITCHING STATION,,,,,27099,P::B::J137,existing_fips,100.0,1.0
P::B::J136,J136,MN,fillmore,FILLMORE,0,27045,HARMONY 69KV LINE,,,,,27045,P::B::J136,existing_fips,100.0,1.0
P::B::J134,J134,WI,dane,DANE,0,55025,CARDINAL NORTH MADISON 138KV,,,,,55025,P::B::J134,existing_fips,100.0,1.0
P::B::J101,J101,IL,henry,HENRY,0,17073,MEC BARSTOW LOUISA 345KV,,,,,17073,P::B::J101,existing_fips,100.0,1.0
P::B::J100,J100,IL,henry,HENRY,0,17073,MEC BARSTOW LOUISA 345KV,,,,,17073,P::B::J100,existing_fips,100.0,1.0
P::B::J099,J099,MI,hillsdale,HILLSDALE,0,26059,METC BATAVIA BEECHER 138KV,,,,,26059,P::B::J099,existing_fips,100.0,1.0
P::B::J064,J064,MN,beltrami,BELTRAMI,0,27007,SOLWAY 115KV SUBSTATION,,,,,27007,P::B::J064,existing_fips,100.0,1.0
P::B::J063,J063,MN,clearwater,CLEARWATER,0,27029,SHEVLIN JCT SUBSTATION,,,,,27029,P::B::J063,existing_fips,100.0,1.0
P::B::J062,J062,MN,polk,POLK,0,27119,WINGER SUBSTATION 115KV FACILITY,,,,,27119,P::B::J062,existing_fips,100.0,1.0
P::B::J061,J061,MI,delta,DELTA,0,26041,ATC LINE WEST OF INDIAN LAKE,,,,,26041,P::B::J061,existing_fips,100.0,1.0
P::B::J060,J060,MI,delta,DELTA,0,26041,ATC LINE WEST OF INDIAN LAKE,,,,,26041,P::B::J060,existing_fips,100.0,1.0
P::B::J059,J059,MI,allegan,ALLEGAN,0,26005,ITC BEALS RD HAZELWOOD 138KV,,,,,26005,P::B::J059,existing_fips,100.0,1.0
P::B::J058,J058,MN,cottonwood,COTTONWOOD,0,27033,BINGHAM LAKE MOUTAIN LAKE 69KV,,,,,27033,P::B::J058,existing_fips,100.0,1.0
P::B::J057,J057,OH,morrow,MORROW,0,39117,GALION 138KV,,,,,39117,P::B::J057,existing_fips,100.0,1.0
P::B::J056,J056,MI,hillsdale,HILLSDALE,0,26059,LITCHFIELD COLDWATER 138KV,,,,,26059,P::B::J056,existing_fips,100.0,1.0
P::B::J055,J055,SD,deuel,DEUEL,0,46039,BROOKINGS COUNTY SUBSTATION,,,,,46039,P::B::J055,existing_fips,100.0,1.0
P::B::J054,J054,IN,tipton,TIPTON,0,18159,DEM KOKOMO NOBLESVILLE 230KV,,,,,18159,P::B::J054,existing_fips,100.0,1.0
P::B::J053,J053,IN,boone,BOONE,0,18011,345KV 230KV NEAR WHITESTOWN SUBSTATION,,,,,18011,P::B::J053,existing_fips,100.0,1.0
P::B::J052,J052,MI,bay,BAY,0,26017,MANNING SUBSTATION 138KV,,,,,26017,P::B::J052,existing_fips,100.0,1.0
P::B::J051,J051,MN,jackson,JACKSON,0,27063,LAKEFIELD 345KV SUBSTATION,,,,,27063,P::B::J051,existing_fips,100.0,1.0
P::B::J050,J050,ND,stark,STARK,0,38089,MDU DICKINSON BEULAH 115KV,,,,,38089,P::B::J050,existing_fips,100.0,1.0
P::B::J049,J049,IA,hancock,HANCOCK,0,19081,LIME CREEK SUBSTATION,,,,,19081,P::B::J049,existing_fips,100.0,1.0
P::B::J048,J048,ND,nelson,NELSON,0,38063,GRE RAMSEY PRAIRIE 230KV,,,,,38063,P::B::J048,existing_fips,100.0,1.0
P::B::J047,J047,MO,perry,PERRY,0,29157,CITIZENS ELECTRIC COOP 138KV 1 2 MILE EAST OF SEMINARY SUB,,,,,29157,P::B::J047,existing_fips,100.0,1.0
P::B::J046,J046,IL,fulton,FULTON,0,17057,AERG DUCK CREEK PLANT,,,,,17057,P::B::J046,existing_fips,100.0,1.0
P::B::J045,J045,MN,pipestone,PIPESTONE,0,27117,ROCKRIVER SOUTH RIDGE 69KV,,,,,27117,P::B::J045,existing_fips,100.0,1.0
P::B::J044,J044,IL,edgar,EDGAR,0,17045,KANSAS SUBSTATION 138KV,,,,,17045,P::B::J044,existing_fips,100.0,1.0
P::B::J043,J043,MI,macomb,MACOMB,0,26099,CARBON TAP 120KV CONNECTING TO ITC AT JEWEL ST CLAIR SPOKANE SUBSTATIONS,,,,,26099,P::B::J043,existing_fips,100.0,1.0
P::B::J042,J042,MN,morrison,MORRISON,0,27097,GRE BENTON BRAINERD 230KV,,,,,27097,P::B::J042,existing_fips,100.0,1.0
P::B::J041,J041,IA,grundy,GRUNDY,0,19075,WELLSBURG 161KV SUBSTATION,,,,,19075,P::B::J041,existing_fips,100.0,1.0
P::B::J040,J040,WI,marathon,MARATHON,0,55073,115KV T LINE WEST OF I39 SOUTH OF S HWY 29,,,,,55073,P::B::J040,existing_fips,100.0,1.0
P::B::J039,J039,MI,delta,DELTA,0,26041,MEAD SS 69KV,,,,,26041,P::B::J039,existing_fips,100.0,1.0
P::B::J038,J038,IL,sangamon,SANGAMON,0,17167,N JACKSONVILLE N AUBURN 138KV,,,,,17167,P::B::J038,existing_fips,100.0,1.0
P::B::J037,J037,MI,allegan,ALLEGAN,0,26005,BLACK RIVER SCOTT LAKE 138KV,,,,,26005,P::B::J037,existing_fips,100.0,1.0
P::B::J036,J036,MN,jackson,JACKSON,0,27063,WINDOM HERON LAKE 69KV,,,,,27063,P::B::J036,existing_fips,100.0,1.0
P::B::J065,J065,IN,scott,SCOTT,0,18143,DUKE INDIANA S 69KV BETWEEN SCOTTSBURG SPEED,,,,,18143,P::B::J065,existing_fips,100.0,1.0
P::B::J066,J066,MI,chippewa,CHIPPEWA,0,26033,PINE RIVER 69KV SUBSTATION,,,,,26033,P::B::J066,existing_fips,100.0,1.0
P::B::J067,J067,MN,olmsted,OLMSTED,0,27109,BYRON SUBSTATION,,,,,27109,P::B::J067,existing_fips,100.0,1.0
P::B::J068,J068,IA,dickinson,DICKINSON,0,19059,ITCM TRIBOJI WISDOM 161KV,,,,,19059,P::B::J068,existing_fips,100.0,1.0
P::B::J098,J098,ND,dickey,DICKEY,0,38021,MDU ELLENDALE TATANKA 230KV,,,,,38021,P::B::J098,existing_fips,100.0,1.0
P::B::J097,J097,IA,des moines,DES MOINES,0,19057,ITC MIDWEST DENMARK NEWPORT 161KV,,,,,19057,P::B::J097,existing_fips,100.0,1.0
P::B::J096,J096,IA,tama,TAMA,0,19171,TOLEDO 115KV SUBSTATION,,,,,19171,P::B::J096,existing_fips,100.0,1.0
P::B::J095,J095,IA,cerro gordo,CERRO GORDO,0,19033,HANCOCK EMERY 161KV,,,,,19033,P::B::J095,existing_fips,100.0,1.0
P::B::J094,J094,WI,manitowoc,MANITOWOC,0,55071,KEWAUNEE SHOTO 138KV,,,,,55071,P::B::J094,existing_fips,100.0,1.0
P::B::J093,J093,IA,greene,GREENE,0,19073,MEC DRAGER GRAND JUNCTION 161KV,,,,,19073,P::B::J093,existing_fips,100.0,1.0
P::B::J092,J092,IA,greene,GREENE,0,19073,SCRANTON SUBSTATION,,,,,19073,P::B::J092,existing_fips,100.0,1.0
P::B::J091,J091,IA,hancock,HANCOCK,0,19081,ITCM LIME CREEK 161KV SUBSTATION,,,,,19081,P::B::J091,existing_fips,100.0,1.0
P::B::J090,J090,ND,mercer,MERCER,0,38057,GRE STANTON 230KV SUBSTATION,,,,,38057,P::B::J090,existing_fips,100.0,1.0
P::B::J089,J089,IN,warrick,WARRICK,0,18173,VECTREN CULLEY 138KV SUBSTATION,,,,,18173,P::B::J089,existing_fips,100.0,1.0
P::B::J088,J088,MI,lenawee,LENAWEE,0,26091,ITC BEACH SAMARIA WHITING 138KV,,,,,26091,P::B::J088,existing_fips,100.0,1.0
P::B::J087,J087,MN,kandiyohi,KANDIYOHI,0,27067,KANDIYOHI 69KV SUBSTATION,,,,,27067,P::B::J087,existing_fips,100.0,1.0
P::B::J086,J086,MN,kandiyohi,KANDIYOHI,0,27067,WILLMAR KERKHOVEN 115KV,,,,,27067,P::B::J086,existing_fips,100.0,1.0
P::B::J085,J085,MI,hillsdale,HILLSDALE,0,26059,MOORE ROAD DOWLING 138KV SUBSTATION,,,,,26059,P::B::J085,existing_fips,100.0,1.0
P::B::J165,J165,OH,fulton,FULTON,0,39051,FE ALLEN JUNCTION LYONS 138KV,,,,,39051,P::B::J165,existing_fips,100.0,1.0
P::B::J084,J084,WI,grant,GRANT,0,55043,BLOOMINGTON 69KV SUBSTATION,,,,,55043,P::B::J084,existing_fips,100.0,1.0
P::B::J082,J082,ND,mercer,MERCER,0,38057,COYOTE GREEN RIVER 100 161KV,,,,,38057,P::B::J082,existing_fips,100.0,1.0
P::B::J081,J081,ND,mercer,MERCER,0,38057,COYOTE GREEN RIVER 100 161KV,,,,,38057,P::B::J081,existing_fips,100.0,1.0
P::B::J080,J080,SD,brookings,BROOKINGS,0,46011,BROOKINGS COUNTY 345KV SUBSTATION,,,,,46011,P::B::J080,existing_fips,100.0,1.0
P::B::J079,J079,WI,columbia,COLUMBIA,0,55021,SUBSTATION 138KV LINE ADJACENT TO UWGP ETHANOL PLANT,,,,,55021,P::B::J079,existing_fips,100.0,1.0
P::B::J078,J078,MI,marquette,MARQUETTE,0,26103,ATC 69KV SAWYER LINE NEAR UPPCO SAWYER SUBSTATION,,,,,26103,P::B::J078,existing_fips,100.0,1.0
P::B::J077,J077,MN,polk,POLK,0,27119,OTP WINGER 115KV SUBSTATION,,,,,27119,P::B::J077,existing_fips,100.0,1.0
P::B::J076,J076,IN,howard,HOWARD,0,18067,DEM GREENTOWN MIER 138KV,,,,,18067,P::B::J076,existing_fips,100.0,1.0
P::B::J075,J075,MI,huron,HURON,0,26063,BAUER RAPSON 345KV,,,,,26063,P::B::J075,existing_fips,100.0,1.0
P::B::J074,J074,MI,huron,HURON,0,26063,HARBOR BEACH WYATT 120KV,,,,,26063,P::B::J074,existing_fips,100.0,1.0
P::B::J073,J073,MN,blue earth,BLUE EARTH,0,27013,MANKATO ENERGY CENTER SUBSTATION,,,,,27013,P::B::J073,existing_fips,100.0,1.0
P::B::J072,J072,IA,o'brien,O BRIEN,0,19141,ITC MIDWEST LAKEFIELD JUNCTION RAUN 345KV,,,,,19141,P::B::J072,existing_fips,100.0,1.0
P::B::J071,J071,KY,bracken,BRACKEN,0,21023,DEM ZIMMER SILVER GROVE 345KV,,,,,21023,P::B::J071,existing_fips,100.0,1.0
P::B::J070,J070,MI,clinton,CLINTON,0,26037,METC BINGHAM DAVID 138KV,,,,,26037,P::B::J070,existing_fips,100.0,1.0
P::B::J069,J069,IN,perry,PERRY,0,18123,TELL CITY CLOVERPOINT 138KV,,,,,18123,P::B::J069,existing_fips,100.0,1.0
P::B::J083,J083,IN,warren,WARREN,0,18171,SOUTH PRAIRIE WESTWOOD 138KV,,,,,18171,P::B::J083,existing_fips,100.0,1.0
P::B::J166,J166,OH,fulton,FULTON,0,39051,FE ALLEN JUNCTION SUBSTATION 138KV,,,,,39051,P::B::J166,existing_fips,100.0,1.0
P::B::J167,J167,MN,dakota,DAKOTA,0,27037,BLACK DOG 115KV,,,,,27037,P::B::J167,existing_fips,100.0,1.0
P::B::J168,J168,MO,dekalb,DEKALB,0,29063,AMEREN EXCELSIOR SPRINGS SUBSTATION,,,,,29063,P::B::J168,existing_fips,100.0,1.0
P::B::J266,J266,SD,roberts,ROBERTS,0,46109,OTP BIG STONE SUBSTATION 345KV,,,,,46109,P::B::J266,existing_fips,100.0,1.0
P::B::J265,J265,IL,marshall,MARSHALL,0,17123,3 MILES SE OF TOLUCA IL,,,,,17123,P::B::J265,existing_fips,100.0,1.0
P::B::J264,J264,MI,shiawassee,SHIAWASSEE,0,26155,BINGHAM CORNELL 138KV,,,,,26155,P::B::J264,existing_fips,100.0,1.0
P::B::J263,J263,ND,stutsman,STUTSMAN,0,38093,OTP JAMESTOWN 345 115KV SUBSTATION,,,,,38093,P::B::J263,existing_fips,100.0,1.0
P::B::J262,J262,ND,stutsman,STUTSMAN,0,38093,OTP JAMESTOWN 345 115KV SUBSTATION,,,,,38093,P::B::J262,existing_fips,100.0,1.0
P::B::J261,J261,IN,montgomery,MONTGOMERY,0,18107,LINDEN CRAWFORDSVILLE 138KV,,,,,18107,P::B::J261,existing_fips,100.0,1.0
P::B::J260,J260,IL,ford,FORD,0,17053,PAXTON EAST 138KV SUBSTATION,,,,,17053,P::B::J260,existing_fips,100.0,1.0
P::B::J259,J259,IN,shelby,SHELBY,0,18145,GWYNNEVILLE 345KV SUBSTATION,,,,,18145,P::B::J259,existing_fips,100.0,1.0
P::B::J258,J258,MN,stearns,STEARNS,0,27145,MELROSE EAST 69KV SUBSTATION,,,,,27145,P::B::J258,existing_fips,100.0,1.0
P::B::J257,J257,IN,newton,NEWTON,0,18111,NIPSCO THAYER SCHAFER 138KV LINE,,,,,18111,P::B::J257,existing_fips,100.0,1.0
P::B::J256,J256,IN,marshall,MARSHALL,0,18099,NIPSCO PLYMOUTH 69KV,,,,,18099,P::B::J256,existing_fips,100.0,1.0
P::B::J254,J254,MN,lyon,LYON,0,27083,BROOKINGS COUNTY LYON COUNTY 345KV,,,,,27083,P::B::J254,existing_fips,100.0,1.0
P::B::J253,J253,IA,woodbury,WOODBURY,0,19193,J4 SIOUX CITY 69KV,,,,,19193,P::B::J253,existing_fips,100.0,1.0
P::B::J252,J252,IA,audubon,AUDUBON,0,19009,AUDOBON 69KV SUBSTATION,,,,,19009,P::B::J252,existing_fips,100.0,1.0
P::B::J251,J251,ND,ramsey,RAMSEY,0,38071,OTP 41 6KV OBERON SUBSTATION,,,,,38071,P::B::J251,existing_fips,100.0,1.0
P::B::J250,J250,IN,shelby,SHELBY,0,18145,PRESCOTT 345KV SUBSTATION,,,,,18145,P::B::J250,existing_fips,100.0,1.0
P::B::J249,J249,ND,dickey,DICKEY,0,38021,MDU TATANKA SUBSTATION,,,,,38021,P::B::J249,existing_fips,100.0,1.0
P::B::J248,J248,WI,outagamie,OUTAGAMIE,0,55087,FOX PLANT 345KV SUBSTATION,,,,,55087,P::B::J248,existing_fips,100.0,1.0
P::B::J247,J247,MI,sanilac,SANILAC,0,26151,SANDUSKY 120KV SUBSTATION,,,,,26151,P::B::J247,existing_fips,100.0,1.0
P::B::J246,J246,MI,gratiot,GRATIOT,0,26057,NELSON ROAD GOSS 345KV,,,,,26057,P::B::J246,existing_fips,100.0,1.0
P::B::J245,J245,MI,tuscola,TUSCOLA,0,26157,ITC THUMB LOOP,,,,,26157,P::B::J245,existing_fips,100.0,1.0
P::B::J244,J244,IL,christian,CHRISTIAN,0,17021,AMIL PAWNEE 345KV SUBSTATION,,,,,17021,P::B::J244,existing_fips,100.0,1.0
P::B::J243,J243,MN,jackson,JACKSON,0,27063,LAKEFIELD TRIBOJI 161KV,,,,,27063,P::B::J243,existing_fips,100.0,1.0
P::B::J242,J242,MI,macomb,MACOMB,0,26099,JEWELL SPOKANE ST CLAIRE 120KV,,,,,26099,P::B::J242,existing_fips,100.0,1.0
P::B::J241,J241,WI,florence,FLORENCE,0,55037,TWIN FALLS SUBSTATION,,,,,55037,P::B::J241,existing_fips,100.0,1.0
P::B::J240,J240,IN,vermillion,VERMILLION,0,18165,DEM CLINTON CAYUGA 230KV,,,,,18165,P::B::J240,existing_fips,100.0,1.0
P::B::J239,J239,IL,morgan,MORGAN,0,17137,MERDOSIA UNIT 4,,,,,17137,P::B::J239,existing_fips,100.0,1.0
P::B::J238,J238,IN,morgan,MORGAN,0,18109,EAGLE VALLEY 138KV SUBSTATION,,,,,18109,P::B::J238,existing_fips,100.0,1.0
P::B::J237,J237,KY,henderson,HENDERSON,0,21101,REID 345KV SUBSTATION,,,,,21101,P::B::J237,existing_fips,100.0,1.0
P::B::J267,J267,MI,tuscola,TUSCOLA,0,26157,KARN GARFIELD 138KV LINE,,,,,26157,P::B::J267,existing_fips,100.0,1.0
P::B::J268,J268,MI,genesee,GENESEE,0,26049,THELFORD 345KV SUBSTATION,,,,,26049,P::B::J268,existing_fips,100.0,1.0
P::B::J269,J269,WI,columbia,COLUMBIA,0,55021,ATC COLUMBIA 345KV SUBSTATION,,,,,55021,P::B::J269,existing_fips,100.0,1.0
P::B::J270,J270,IN,newton,NEWTON,0,18111,NIPSCO THAYER SCHAFER 138KV,,,,,18111,P::B::J270,existing_fips,100.0,1.0
P::B::J300,J300,MI,mackinac,MACKINAC,0,26097,EXISTING PINE RIVER SUBSTATION,,,,,26097,P::B::J300,existing_fips,100.0,1.0
P::B::J299,J299,MN,blue earth,BLUE EARTH,0,27013,WILMARTH SUBSTATION,,,,,27013,P::B::J299,existing_fips,100.0,1.0
P::B::J298,J298,IA,tama,TAMA,0,19171,ITCM DYSART 161KV SUBSTATION,,,,,19171,P::B::J298,existing_fips,100.0,1.0
P::B::J297,J297,IA,o'brien,O BRIEN,0,19141,ON 345KV O BRIEN TO WEBSTER LINE,,,,,19141,P::B::J297,existing_fips,100.0,1.0
P::B::J296,J296,MI,presque isle,PRESQUE ISLE,0,26141,UNKNOWN,,,,,26141,P::B::J296,existing_fips,100.0,1.0
P::B::J295,J295,MN,lyon,LYON,0,27083,XCEL S 69KV LYON COUNTY SUBSTATION,,,,,27083,P::B::J295,existing_fips,100.0,1.0
P::B::J294,J294,WI,brown,BROWN,0,55009,PULLIAM 138KV SUBSTATION,,,,,55009,P::B::J294,existing_fips,100.0,1.0
P::B::J293,J293,WI,outagamie,OUTAGAMIE,0,55087,FOX RIVER 345KV SUBSTATION,,,,,55087,P::B::J293,existing_fips,100.0,1.0
P::B::J292,J292,MB,churchill,CHURCHILL,0,,LIMESTONE LONG SPRUCE AND KETTLE GENERATING STATIOSN,,,,,,P::B::J292,unmatched,0.0,0.0
P::B::J291,J291,IL,scott,SCOTT,0,17171,PPI ALSEY 138KV SUBSTATION,,,,,17171,P::B::J291,existing_fips,100.0,1.0
P::B::J290,J290,ND,rolette,ROLETTE,0,38079,230KV RUGBY TO GLENBORO,,,,,38079,P::B::J290,existing_fips,100.0,1.0
P::B::J289,J289,IA,madison,MADISON,0,19121,161KV SYBSTATION ON WINTERSET JUNCTION TO CRESTON 161KV LINE,,,,,19121,P::B::J289,existing_fips,100.0,1.0
P::B::J288,J288,MN,kandiyohi,KANDIYOHI,0,27067,ATWATER GROVE CITY 69KV LINE 0 8 MILES NO OF GRE ATWATER SUB,,,,,27067,P::B::J288,existing_fips,100.0,1.0
P::B::J287,J287,MN,nobles,NOBLES,0,27105,APPROX 12 EAST OF ITC MIDWEST 161KV MAGNOLIA SUBSTATION,,,,,27105,P::B::J287,existing_fips,100.0,1.0
P::B::J236,J236,IN,white,WHITE,0,18181,NIPSCO REYNOLDS 345 765KV SUBSTATION,,,,,18181,P::B::J236,existing_fips,100.0,1.0
P::B::J286,J286,IA,audubon,AUDUBON,0,19009,MEC ECLIPSE 345KV SUBSTATION,,,,,19009,P::B::J286,existing_fips,100.0,1.0
P::B::J284,J284,MN,dakota,DAKOTA,0,27037,PROPOSED HAMPTON CORNER 345KV SUBSTATION,,,,,27037,P::B::J284,existing_fips,100.0,1.0
P::B::J283,J283,MN,cottonwood,COTTONWOOD,0,27033,HERON LAKE STORDEN 69KV,,,,,27033,P::B::J283,existing_fips,100.0,1.0
P::B::J282,J282,MI,huron,HURON,0,26063,COSMO HARVEST WIND 120KV CIRCUIT NEAR COSMO SUB,,,,,26063,P::B::J282,existing_fips,100.0,1.0
P::B::J281,J281,MI,huron,HURON,0,26063,COSMO HARVEST WIND 120KV CIRCUIT NEAR COSMO SUBST,,,,,26063,P::B::J281,existing_fips,100.0,1.0
P::B::J280,J280,MN,goodhue,GOODHUE,0,27049,HAMPTON CORNER 345KV SUBSTATION,,,,,27049,P::B::J280,existing_fips,100.0,1.0
P::B::J279,J279,IA,woodbury,WOODBURY,0,19193,RAUN 345KV SUBSTATION,,,,,19193,P::B::J279,existing_fips,100.0,1.0
P::B::J278,J278,MN,mower,MOWER,0,27099,161KV BUS AT THE PLEASANT VALLEY STATION,,,,,27099,P::B::J278,existing_fips,100.0,1.0
P::B::J277,J277,IL,iroquois,IROQUOIS,0,17075,SCHAFFER SUBSTATION,,,,,17075,P::B::J277,existing_fips,100.0,1.0
P::B::J276,J276,IL,iroquois,IROQUOIS,0,17075,SHELDON SOUTH,,,,,17075,P::B::J276,existing_fips,100.0,1.0
P::B::J275,J275,MI,midland,MIDLAND,0,26111,METC TITTABAWASSE 345KV SUBSTATION,,,,,26111,P::B::J275,existing_fips,100.0,1.0
P::B::J274,J274,IA,madison,MADISON,0,19121,WINTERSET CRESTON 161KV,,,,,19121,P::B::J274,existing_fips,100.0,1.0
P::B::J273,J273,IL,dewitt,DEWITT,0,17039,BLOOMINGTON DECATUR 138KV LINE,,,,,17039,P::B::J273,existing_fips,100.0,1.0
P::B::J272,J272,IA,poweshiek,POWESHIEK,0,19157,PARNELL POWESHIEK 161KV,,,,,19157,P::B::J272,existing_fips,100.0,1.0
P::B::J271,J271,MI,montcalm,MONTCALM,0,26117,RENAISSANCE ENERGY FACILITY,,,,,26117,P::B::J271,existing_fips,100.0,1.0
P::B::J285,J285,IA,o'brien,O BRIEN,0,19141,PROPOSED O BRIEN COUNTY 345KV SUBSTATION,,,,,19141,P::B::J285,existing_fips,100.0,1.0
P::B::J302,J302,ND,emmons,EMMONS,0,38029,230KV HESKETT WISHEK,,,,,38029,P::B::J302,existing_fips,100.0,1.0
P::B::J235,J235,MI,huron,HURON,0,26063,BAUER RAPSON 345KV,,,,,26063,P::B::J235,existing_fips,100.0,1.0
P::B::J233,J233,IA,marshall,MARSHALL,0,19127,ITC MIDWEST MARSHALLTOWN 161 SUTHERLAND SUBSTATION,,,,,19127,P::B::J233,existing_fips,100.0,1.0
P::B::J197,J197,MI,lenawee,LENAWEE,0,26091,METC MOORE RD BEECHER 138KV,,,,,26091,P::B::J197,existing_fips,100.0,1.0
P::B::J196,J196,IL,vermilion,VERMILION,0,17183,VERMILLION 138KV SUBSTATION,,,,,17183,P::B::J196,existing_fips,100.0,1.0
P::B::J195,J195,MI,shiawassee,SHIAWASSEE,0,26155,BELL ROAD NORTH CORUNNA 138KV,,,,,26155,P::B::J195,existing_fips,100.0,1.0
P::B::J194,J194,MI,manistee,MANISTEE,0,26101,KEYSTONE LUDINGTON 345KV,,,,,26101,P::B::J194,existing_fips,100.0,1.0
P::B::J193,J193,MN,otter tail,OTTER TAIL,0,27111,TAMARAC 115KV SUB,,,,,27111,P::B::J193,existing_fips,100.0,1.0
P::B::J192,J192,IA,washington,WASHINGTON,0,19183,HILLS SUB T 345KV,,,,,19183,P::B::J192,existing_fips,100.0,1.0
P::B::J191,J191,IA,cass,CASS,0,19029,ROLLING HILLS 345KV SUBSTATION,,,,,19029,P::B::J191,existing_fips,100.0,1.0
P::B::J190,J190,MI,ottawa,OTTAWA,0,26139,KENOWA 345KV SUBSTATION,,,,,26139,P::B::J190,existing_fips,100.0,1.0
P::B::J189,J189,SD,minnehaha,MINNEHAHA,0,46099,ANSON SUBSTATION,,,,,46099,P::B::J189,existing_fips,100.0,1.0
P::B::J188,J188,MI,lenawee,LENAWEE,0,26091,MOORE RD BEECHER 138KV LINE,,,,,26091,P::B::J188,existing_fips,100.0,1.0
P::B::J187,J187,MI,shiawassee,SHIAWASSEE,0,26155,ST JOHNS CORNELL 138KV,,,,,26155,P::B::J187,existing_fips,100.0,1.0
P::B::J186,J186,MI,huron,HURON,0,26063,BAKER RAPSON 345KV SUBSTATION NEAR SLATE,,,,,26063,P::B::J186,existing_fips,100.0,1.0
P::B::J185,J185,MI,huron,HURON,0,26063,BAUER RAPSON 345KV,,,,,26063,P::B::J185,existing_fips,100.0,1.0
P::B::J184,J184,MN,rock,ROCK,0,27133,SPLIT ROCK SUBSTATION 115KV,,,,,27133,P::B::J184,existing_fips,100.0,1.0
P::B::J183,J183,MN,rock,ROCK,0,27133,SPLIT ROCK SUBSTATION,,,,,27133,P::B::J183,existing_fips,100.0,1.0
P::B::J182,J182,MN,dodge,DODGE,0,27039,PLEASANT VALLEY SUBSTATION,,,,,27039,P::B::J182,existing_fips,100.0,1.0
P::B::J181,J181,OH,lake,LAKE,0,39085,PERRY 345KV SUBSTATION,,,,,39085,P::B::J181,existing_fips,100.0,1.0
P::B::J180,J180,MN,goodhue,GOODHUE,0,27049,XCEL GOODHUE 69KV SUBSTATION,,,,,27049,P::B::J180,existing_fips,100.0,1.0
P::B::J179,J179,MN,goodhue,GOODHUE,0,27049,XCEL GOODHUE 69KV SUBSTATION,,,,,27049,P::B::J179,existing_fips,100.0,1.0
P::B::J178,J178,ND,burleigh,BURLEIGH,0,38015,MDU BISMARCK LINTON 115KV,,,,,38015,P::B::J178,existing_fips,100.0,1.0
P::B::J177,J177,WI,saint croix,SAINT CROIX,0,55109,PINE LAKE APPLE RIVER 161KV,,,,,55109,P::B::J177,existing_fips,100.0,1.0
P::B::J176,J176,MI,gratiot,GRATIOT,0,26057,METC NELSON GOSS 345KV,,,,,26057,P::B::J176,existing_fips,100.0,1.0
P::B::J175,J175,MN,st. louis,SAINT LOUIS,0,27137,MP VIRGINIA 115KV SUBSTATION,,,,,27137,P::B::J175,existing_fips,100.0,1.0
P::B::J174,J174,WI,jefferson,JEFFERSON,0,55055,ATC UNIVERSITY SUBSTATION,,,,,55055,P::B::J174,existing_fips,100.0,1.0
P::B::J173,J173,OH,lorain,LORAIN,0,39093,OBERLIN ROAD 69KV,,,,,39093,P::B::J173,existing_fips,100.0,1.0
P::B::J172,J172,OH,mahoning,MAHONING,0,39099,ATSI LOWEVILLE 69KV,,,,,39099,P::B::J172,existing_fips,100.0,1.0
P::B::J171,J171,MN,swift,SWIFT,0,27151,BENSON 115KV SUBSTATION,,,,,27151,P::B::J171,existing_fips,100.0,1.0
P::B::J170,J170,MI,tuscola,TUSCOLA,0,26157,KARN MANNING 138KV,,,,,26157,P::B::J170,existing_fips,100.0,1.0
P::B::J169,J169,IL,jersey,JERSEY,0,17083,AMEREN JERSEYVILLE N W 138KV SUBSTATION,,,,,17083,P::B::J169,existing_fips,100.0,1.0
P::B::J198,J198,MN,lyon,LYON,0,27083,BUFFALO RIDGE LAKE YANKTON 115KV,,,,,27083,P::B::J198,existing_fips,100.0,1.0
P::B::J199,J199,MI,gratiot,GRATIOT,0,26057,SLATE SUBSTATION VIA J132 INTERCONNECTION FACILITIES,,,,,26057,P::B::J199,existing_fips,100.0,1.0
P::B::J200,J200,ND,morton,MORTON,0,38059,RM HESKETT STATION 115KV 41 6KV,,,,,38059,P::B::J200,existing_fips,100.0,1.0
P::B::J201,J201,MI,bay,BAY,0,26017,METC MANNING 138KV SUBSTATION,,,,,26017,P::B::J201,existing_fips,100.0,1.0
P::B::J232,J232,IL,randolph,RANDOLPH,0,17157,BALDWIN STATION,,,,,17157,P::B::J232,existing_fips,100.0,1.0
P::B::J231,J231,MI,mason,MASON,0,26105,LUDINGTON SUBSTATION,,,,,26105,P::B::J231,existing_fips,100.0,1.0
P::B::J230,J230,MI,mason,MASON,0,26105,LUDINGTON SUBSTATION,,,,,26105,P::B::J230,existing_fips,100.0,1.0
P::B::J229,J229,MI,mason,MASON,0,26105,LUDINGTON SUBSTATION,,,,,26105,P::B::J229,existing_fips,100.0,1.0
P::B::J228,J228,MI,mason,MASON,0,26105,LUDINGTON SUBSTATION,,,,,26105,P::B::J228,existing_fips,100.0,1.0
P::B::J227,J227,MI,mason,MASON,0,26105,LUDINGTON SUBSTATION,,,,,26105,P::B::J227,existing_fips,100.0,1.0
P::B::J226,J226,MI,mason,MASON,0,26105,LUDINGTON SUBSTATION,,,,,26105,P::B::J226,existing_fips,100.0,1.0
P::B::J225,J225,MI,eaton,EATON,0,26045,CHARLOTTE DELHI 115KV,,,,,26045,P::B::J225,existing_fips,100.0,1.0
P::B::J224,J224,IN,clay,CLAY,0,18021,STAUTON KELLER 69KV,,,,,18021,P::B::J224,existing_fips,100.0,1.0
P::B::J223,J223,MN,mower,MOWER,0,27099,AUSTIN NORTHEAST PLANT 69KV,,,,,27099,P::B::J223,existing_fips,100.0,1.0
P::B::J222,J222,MI,gratiot,GRATIOT,0,26057,METC NELSON ROAD GOSS 345KV,,,,,26057,P::B::J222,existing_fips,100.0,1.0
P::B::J221,J221,WI,saint croix,SAINT CROIX,0,55109,PINE LAKE APPLE RIVER 161KV,,,,,55109,P::B::J221,existing_fips,100.0,1.0
P::B::J220,J220,MI,monroe,MONROE,0,26115,BEECHER WHITING 138KV,,,,,26115,P::B::J220,existing_fips,100.0,1.0
P::B::J219,J219,MI,washtenaw,WASHTENAW,0,26161,DAYTON JUDD 120KV,,,,,26161,P::B::J219,existing_fips,100.0,1.0
P::B::J234,J234,MI,midland,MIDLAND,0,26111,TITTABAWASSEE SUBSTATION,,,,,26111,P::B::J234,existing_fips,100.0,1.0
P::B::J218,J218,ND,adams,ADAMS,0,38001,HETTINGER 230KV,,,,,38001,P::B::J218,existing_fips,100.0,1.0
P::B::J216,J216,MN,mower,MOWER,0,27099,AUSTIN NORTHEAST 69KV SUBSTATION,,,,,27099,P::B::J216,existing_fips,100.0,1.0
P::B::J215,J215,IN,st. joseph,SAINT JOSEPH,0,18141,STILLWELL 345KV,,,,,18141,P::B::J215,existing_fips,100.0,1.0
P::B::J214,J214,IN,marshall,MARSHALL,0,18099,PLMOUTH LESSBURG 138KV,,,,,18099,P::B::J214,existing_fips,100.0,1.0
P::B::J213,J213,IL,sangamon,SANGAMON,0,17167,N AUBURN 138KV,,,,,17167,P::B::J213,existing_fips,100.0,1.0
P::B::J212,J212,ND,ward,WARD,0,38101,GRE COAL CREEK 230KV SUBSTATION,,,,,38101,P::B::J212,existing_fips,100.0,1.0
P::B::J211,J211,OH,summit,SUMMIT,0,39153,FE MARTIN 69KV SUBSTATION,,,,,39153,P::B::J211,existing_fips,100.0,1.0
P::B::J210,J210,OH,butler,BUTLER,0,39017,TODD HUNTER 69KV SUBSTATION,,,,,39017,P::B::J210,existing_fips,100.0,1.0
P::B::J209,J209,ND,mcintosh,MCINTOSH,0,38051,WISHEK TATANKA 230KV,,,,,38051,P::B::J209,existing_fips,100.0,1.0
P::B::J208,J208,OH,huron,HURON,0,39077,FE DAVIS BESSE BEAVER 345KV,,,,,39077,P::B::J208,existing_fips,100.0,1.0
P::B::J207,J207,MI,washtenaw,WASHTENAW,0,26161,LUZON KENTUCKY 120KV,,,,,26161,P::B::J207,existing_fips,100.0,1.0
P::B::J206,J206,MI,wayne,WAYNE,0,26163,DAYTON 120KV SUBSTATION,,,,,26163,P::B::J206,existing_fips,100.0,1.0
P::B::J205,J205,IL,montgomery,MONTGOMERY,0,17135,PANA MIDWAY 138KV,,,,,17135,P::B::J205,existing_fips,100.0,1.0
P::B::J204,J204,MI,calhoun,CALHOUN,0,26025,ITC RICE CREEK DENSO 138KV,,,,,26025,P::B::J204,existing_fips,100.0,1.0
P::B::J202,J202,MI,tuscola,TUSCOLA,0,26157,ITC ATLANTA TUSCOLA 115KV,,,,,26157,P::B::J202,existing_fips,100.0,1.0
P::B::J217,J217,WI,columbia,COLUMBIA,0,55021,NORTH RANDOLPH 69KV SUBSTATION,,,,,55021,P::B::J217,existing_fips,100.0,1.0
P::B::J035,J035,MN,wilkin,WILKIN,0,27167,OTP WAHPETON 41 6KV,,,,,27167,P::B::J035,existing_fips,100.0,1.0
P::B::J588,J588,MS,panola,PANOLA,0,28107,TAPPING ON TUNICA TO CRENSHAW 115KV LINE,,,,,28107,P::B::J588,existing_fips,100.0,1.0
P::B::J590,J590,IA,palo alto,PALO ALTO,0,19147,OBRIEN KOSSUTH 345KV LINE,,,,,19147,P::B::J590,existing_fips,100.0,1.0
P::B::J589,J589,MI,gratiot,GRATIOT,0,26057,REGAL SUMMERTON 138KV LINE,,,,,26057,P::B::J589,existing_fips,100.0,1.0
P::B::J729,J729,SD,clark,CLARK,0,46025,UNKNOWN,,,,,46025,P::B::J729,existing_fips,100.0,1.0
P::B::J727,J727,ND,barnes,BARNES,0,38003,UNKNOWN,,,,,38003,P::B::J727,existing_fips,100.0,1.0
P::B::J724,J724,SD,grant,GRANT,0,46051,UNKNOWN,,,,,46051,P::B::J724,existing_fips,100.0,1.0
P::B::J723,J723,SD,grant,GRANT,0,46051,UNKNOWN,,,,,46051,P::B::J723,existing_fips,100.0,1.0
P::B::J719,J719,SD,codington,CODINGTON,0,46029,UNKNOWN,,,,,46029,P::B::J719,existing_fips,100.0,1.0
P::B::J716,J716,LA,jefferson davis parish,JEFFERSON DAVIS,0,22053,UNKNOWN,,,,,22053,P::B::J716,existing_fips,100.0,1.0
P::B::J702,J702,MN,wadena,WADENA,0,27159,UNKNOWN,,,,,27159,P::B::J702,existing_fips,100.0,1.0
P::B::J700,J700,LA,acadia parish,ACADIA,0,22001,UNKNOWN,,,,,22001,P::B::J700,existing_fips,100.0,1.0
P::B::J699,J699,LA,st. mary parish,SAINT MARY,0,22101,UNKNOWN,,,,,22101,P::B::J699,existing_fips,100.0,1.0
P::B::J696,J696,AR,st. francis,SAINT FRANCIS,0,05123,UNKNOWN,,,,,05123,P::B::J696,existing_fips,100.0,1.0
P::B::J695,J695,AR,prairie,PRAIRIE,0,05117,UNKNOWN,,,,,05117,P::B::J695,existing_fips,100.0,1.0
P::B::J694,J694,LA,iberia parish,IBERIA,0,22045,UNKNOWN,,,,,22045,P::B::J694,existing_fips,100.0,1.0
P::B::J693,J693,LA,jefferson davis parish,JEFFERSON DAVIS,0,22053,UNKNOWN,,,,,22053,P::B::J693,existing_fips,100.0,1.0
P::B::J692,J692,LA,allen parish,ALLEN,0,22003,UNKNOWN,,,,,22003,P::B::J692,existing_fips,100.0,1.0
P::B::J691,J691,IA,boone,BOONE,0,19015,UNKNOWN,,,,,19015,P::B::J691,existing_fips,100.0,1.0
P::B::J690,J690,AR,lonoke,LONOKE,0,05085,UNKNOWN,,,,,05085,P::B::J690,existing_fips,100.0,1.0
P::B::J689,J689,AR,cross,CROSS,0,05037,UNKNOWN,,,,,05037,P::B::J689,existing_fips,100.0,1.0
P::B::J688,J688,AR,clark,CLARK,0,05019,UNKNOWN,,,,,05019,P::B::J688,existing_fips,100.0,1.0
P::B::J686,J686,MS,sunflower,SUNFLOWER,0,28133,UNKNOWN,,,,,28133,P::B::J686,existing_fips,100.0,1.0
P::B::J685,J685,AR,clark,CLARK,0,05019,UNKNOWN,,,,,05019,P::B::J685,existing_fips,100.0,1.0
P::B::J684,J684,AR,pulaski,PULASKI,0,05119,UNKNOWN,,,,,05119,P::B::J684,existing_fips,100.0,1.0
P::B::J682,J682,MO,schuyler,SCHUYLER,0,29197,UNKNOWN,,,,,29197,P::B::J682,existing_fips,100.0,1.0
P::B::J681,J681,AR,jackson,JACKSON,0,05067,UNKNOWN,,,,,05067,P::B::J681,existing_fips,100.0,1.0
P::B::J678,J678,AR,st. francis,SAINT FRANCIS,0,05123,UNKNOWN,,,,,05123,P::B::J678,existing_fips,100.0,1.0
P::B::J677,J677,AR,cross,CROSS,0,05037,UNKNOWN,,,,,05037,P::B::J677,existing_fips,100.0,1.0
P::B::J676,J676,LA,west baton rouge parish,WEST BATON ROUGE,0,22121,UNKNOWN,,,,,22121,P::B::J676,existing_fips,100.0,1.0
P::B::J675,J675,LA,acadia parish,ACADIA,0,22001,UNKNOWN,,,,,22001,P::B::J675,existing_fips,100.0,1.0
P::B::J674,J674,LA,morehouse parish,MOREHOUSE,0,22067,UNKNOWN,,,,,22067,P::B::J674,existing_fips,100.0,1.0
P::B::J673,J673,LA,ouachita parish,OUACHITA,0,22073,UNKNOWN,,,,,22073,P::B::J673,existing_fips,100.0,1.0
P::B::J730,J730,SD,clark,CLARK,0,46025,UNKNOWN,,,,,46025,P::B::J730,existing_fips,100.0,1.0
P::B::J672,J672,LA,jefferson davis parish,JEFFERSON DAVIS,0,22053,UNKNOWN,,,,,22053,P::B::J672,existing_fips,100.0,1.0
P::B::J735,J735,MN,morrison,MORRISON,0,27097,UNKNOWN,,,,,27097,P::B::J735,existing_fips,100.0,1.0
P::B::J737,J737,ND,cass,CASS,0,38017,UNKNOWN,,,,,38017,P::B::J737,existing_fips,100.0,1.0
P::B::R15,R15,IA,pocahontas,POCAHONTAS,0,19151,POMEROY 161KV SUBSTATION,,,,,19151,P::B::R15,existing_fips,100.0,1.0
P::B::R101,R101,MN,red lake,RED LAKE,0,27125,1 5 MILES SW OF RED LAKE FALLS MN,,,,,27125,P::B::R101,existing_fips,100.0,1.0
P::B::PQ0002,PQ0002,IA,cerro gordo,CERRO GORDO,0,19033,KILLDEER 345KV SUBSTATION,,,,,19033,P::B::PQ0002,existing_fips,100.0,1.0
P::B::N001,N001,IN,benton,BENTON,0,18007,GOODLAND 138 69KV SUBSTATION,,,,,18007,P::B::N001,existing_fips,100.0,1.0
P::B::L010,L010,MI,,,0,,UNKNOWN,,,,,,P::B::L010,unmatched,0.0,0.0
P::B::L009,L009,MN,jackson,JACKSON,0,27063,UNKNOWN,,,,,27063,P::B::L009,existing_fips,100.0,1.0
P::B::L008,L008,OH,delaware,DELAWARE,0,39041,UNKNOWN,,,,,39041,P::B::L008,existing_fips,100.0,1.0
P::B::L006,L006,MI,otsego,OTSEGO,0,26137,UNKNOWN,,,,,26137,P::B::L006,existing_fips,100.0,1.0
P::B::L004,L004,OH,williams,WILLIAMS,0,39171,UNKNOWN,,,,,39171,P::B::L004,existing_fips,100.0,1.0
P::B::L003,L003,MI,lenawee,LENAWEE,0,26091,UNKNOWN,,,,,26091,P::B::L003,existing_fips,100.0,1.0
P::B::L002,L002,MN,scott,SCOTT,0,27139,UNKNOWN,,,,,27139,P::B::L002,existing_fips,100.0,1.0
P::B::J919A,J919A,LA,Richland Parish,RICHLAND,0,22083,OAK RIDGE DUNN 115KV LINE,,,,,22083,P::B::J919A,existing_fips,100.0,1.0
P::B::J791,J791,MS,lamar,LAMAR,0,28073,SUMRALL II SUBSTATION,,,,,28073,P::B::J791,existing_fips,100.0,1.0
P::B::J786,J786,MI,tuscola,TUSCOLA,0,26157,UNKNOWN,,,,,26157,P::B::J786,existing_fips,100.0,1.0
P::B::J784,J784,MN,renville,RENVILLE,0,27129,UNKNOWN,,,,,27129,P::B::J784,existing_fips,100.0,1.0
P::B::J781,J781,MN,kandiyohi,KANDIYOHI,0,27067,WILLMAR PAYNESVILLE 230KV,,,,,27067,P::B::J781,existing_fips,100.0,1.0
P::B::J778,J778,IL,mclean,MCLEAN,0,17113,UNKNOWN,,,,,17113,P::B::J778,existing_fips,100.0,1.0
P::B::J775,J775,SD,codington,CODINGTON,0,46029,UNKNOWN,,,,,46029,P::B::J775,existing_fips,100.0,1.0
P::B::J774,J774,SD,codington,CODINGTON,0,46029,UNKNOWN,,,,,46029,P::B::J774,existing_fips,100.0,1.0
P::B::J773,J773,SD,codington,CODINGTON,0,46029,UNKNOWN,,,,,46029,P::B::J773,existing_fips,100.0,1.0
P::B::J772,J772,IA,cerro gordo,CERRO GORDO,0,19033,UNKNOWN,,,,,19033,P::B::J772,existing_fips,100.0,1.0
P::B::J765,J765,WI,dodge,DODGE,0,55027,UNKNOWN,,,,,55027,P::B::J765,existing_fips,100.0,1.0
P::B::J764,J764,IA,story,STORY,0,19169,UNKNOWN,,,,,19169,P::B::J764,existing_fips,100.0,1.0
P::B::J763,J763,IA,hancock,HANCOCK,0,19081,UNKNOWN,,,,,19081,P::B::J763,existing_fips,100.0,1.0
P::B::J755,J755,ND,bowman,BOWMAN,0,38011,UNKNOWN,,,,,38011,P::B::J755,existing_fips,100.0,1.0
P::B::J751,J751,IL,adams,ADAMS,0,17001,UNKNOWN,,,,,17001,P::B::J751,existing_fips,100.0,1.0
P::B::J744,J744,SD,lincoln,LINCOLN,0,46083,UNKNOWN,,,,,46083,P::B::J744,existing_fips,100.0,1.0
P::B::J742,J742,MN,cottonwood,COTTONWOOD,0,27033,UNKNOWN,,,,,27033,P::B::J742,existing_fips,100.0,1.0
P::B::J738,J738,WI,green,GREEN,0,55045,UNKNOWN,,,,,55045,P::B::J738,existing_fips,100.0,1.0
P::B::J736,J736,ND,cass,CASS,0,38017,UNKNOWN,,,,,38017,P::B::J736,existing_fips,100.0,1.0
P::B::J671,J671,MN,martin,MARTIN,0,27091,UNKNOWN,,,,,27091,P::B::J671,existing_fips,100.0,1.0
P::B::J670,J670,MS,panola,PANOLA,0,28107,UNKNOWN,,,,,28107,P::B::J670,existing_fips,100.0,1.0
P::B::J669,J669,WI,portage,PORTAGE,0,55097,UNKNOWN,,,,,55097,P::B::J669,existing_fips,100.0,1.0
P::B::J620,J620,AR,chicot,CHICOT,0,05017,TAP 1396 TAP 1398 115KV,,,,,05017,P::B::J620,existing_fips,100.0,1.0
P::B::J619,J619,LA,st. landry parish,SAINT LANDRY,0,22097,CHAMPAGNE 69KV SUBSTATION,,,,,22097,P::B::J619,existing_fips,100.0,1.0
P::B::J618,J618,LA,franklin parish,FRANKLIN,0,22041,UNKNOWN,,,,,22041,P::B::J618,existing_fips,100.0,1.0
P::B::J617,J617,AR,lincoln,LINCOLN,0,05079,UNKNOWN,,,,,05079,P::B::J617,existing_fips,100.0,1.0
P::B::J616,J616,LA,ouachita parish,OUACHITA,0,22073,UNKNOWN,,,,,22073,P::B::J616,existing_fips,100.0,1.0
P::B::J615,J615,IA,black hawk,BLACK HAWK,0,19013,ELECTRIC FARMS SHAULIS 161KV,,,,,19013,P::B::J615,existing_fips,100.0,1.0
P::B::J614,J614,IA,howard,HOWARD,0,19089,RICE 161KV SUBSTATION,,,,,19089,P::B::J614,existing_fips,100.0,1.0
P::B::J613,J613,ND,stutsman,STUTSMAN,0,38093,JAMESTOWN SUBSTATION 115KV,,,,,38093,P::B::J613,existing_fips,100.0,1.0
P::B::J612,J612,MN,kittson,KITTSON,0,27069,UNKNOWN,,,,,27069,P::B::J612,existing_fips,100.0,1.0
P::B::J611,J611,MO,nodaway,NODAWAY,0,29147,CLARINDA MERRYVILLE 161KV TAP,,,,,29147,P::B::J611,existing_fips,100.0,1.0
P::B::J610,J610,IA,benton,BENTON,0,19011,UNKNOWN,,,,,19011,P::B::J610,existing_fips,100.0,1.0
P::B::J609,J609,MI,muskegon,MUSKEGON,0,26121,WHITE ROAD 115KV SUBSTATION,,,,,26121,P::B::J609,existing_fips,100.0,1.0
P::B::J608,J608,MI,montcalm,MONTCALM,0,26117,DEJA 138KV SUBSTATION,,,,,26117,P::B::J608,existing_fips,100.0,1.0
P::B::J607,J607,ND,logan,LOGAN,0,38047,WISHEK HESKETT 230KV LINE,,,,,38047,P::B::J607,existing_fips,100.0,1.0
P::B::J606,J606,WI,monroe,MONROE,0,55081,LA CROSSE TO NORTH MADISON 345KV LINE TAP ATC,,,,,55081,P::B::J606,existing_fips,100.0,1.0
P::B::J605,J605,LA,morehouse parish,MOREHOUSE,0,22067,UNKNOWN,,,,,22067,P::B::J605,existing_fips,100.0,1.0
P::B::J604,J604,MS,sunflower,SUNFLOWER,0,28133,RULEVILLE 115KV SUB,,,,,28133,P::B::J604,existing_fips,100.0,1.0
P::B::J603,J603,AR,ashley,ASHLEY,0,05003,TAP ON MONTROSE Ç ÄÚ MIST 115KV LINE,,,,,05003,P::B::J603,existing_fips,100.0,1.0
P::B::J602,J602,MI,shiawassee,SHIAWASSEE,0,26155,GOSS 138KV SUBSTATION,,,,,26155,P::B::J602,existing_fips,100.0,1.0
P::B::J601,J601,MI,lapeer,LAPEER,0,26087,KILGORE MICAH 120KV WITH THE LINE DISTANCE 1 MILE FROM KILGORE,,,,,26087,P::B::J601,existing_fips,100.0,1.0
P::B::J600,J600,WI,rock,ROCK,0,55105,UNKNOWN,,,,,55105,P::B::J600,existing_fips,100.0,1.0
P::B::J599,J599,SD,walworth,WALWORTH,0,46129,GLENHAM 230KV SUBSTATION,,,,,46129,P::B::J599,existing_fips,100.0,1.0
P::B::J598,J598,MO,adair,ADAIR,0,29001,ZACHARY TO OTTUMWA 345KV TAP,,,,,29001,P::B::J598,existing_fips,100.0,1.0
P::B::J597,J597,SD,deuel,DEUEL,0,46039,BROOKINGS COUNTY SUBSTATION 345,,,,,46039,P::B::J597,existing_fips,100.0,1.0
P::B::J596,J596,MN,big stone,BIG STONE,0,27011,MORRIS MORO 115KV TAP,,,,,27011,P::B::J596,existing_fips,100.0,1.0
P::B::J595,J595,IN,clinton,CLINTON,0,18023,FRANKFORT TO NEW LONDON 230KV LINE TAP,,,,,18023,P::B::J595,existing_fips,100.0,1.0
P::B::J594,J594,MN,jackson,JACKSON,0,27063,JACKSON NORTH 161KV ITCM,,,,,27063,P::B::J594,existing_fips,100.0,1.0
P::B::J593,J593,ND,williams,WILLIAMS,0,38105,TIOGA 4 230KV SUBSTATION MDU,,,,,38105,P::B::J593,existing_fips,100.0,1.0
P::B::J592,J592,MI,delta,DELTA,0,26041,GARDEN CORNERS 138KV SUBSTATION,,,,,26041,P::B::J592,existing_fips,100.0,1.0
P::B::J621,J621,AR,lincoln,LINCOLN,0,05079,UNKNOWN,,,,,05079,P::B::J621,existing_fips,100.0,1.0
P::B::J622,J622,AR,lonoke,LONOKE,0,05085,TAP ON REMINGTON LONOKE EAST 115KV LINE,,,,,05085,P::B::J622,existing_fips,100.0,1.0
P::B::J623,J623,MN,yellow medicine,YELLOW MEDICINE,0,27173,UNKNOWN,,,,,27173,P::B::J623,existing_fips,100.0,1.0
P::B::J624,J624,MN,yellow medicine,YELLOW MEDICINE,0,27173,UNKNOWN,,,,,27173,P::B::J624,existing_fips,100.0,1.0
P::B::J668,J668,WI,waushara,WAUSHARA,0,55137,UNKNOWN,,,,,55137,P::B::J668,existing_fips,100.0,1.0
P::B::J667,J667,IL,massac,MASSAC,0,17127,UNKNOWN,,,,,17127,P::B::J667,existing_fips,100.0,1.0
P::B::J666,J666,AR,crittenden,CRITTENDEN,0,05035,UNKNOWN,,,,,05035,P::B::J666,existing_fips,100.0,1.0
P::B::J665,J665,LA,morehouse parish,MOREHOUSE,0,22067,UNKNOWN,,,,,22067,P::B::J665,existing_fips,100.0,1.0
P::B::J664,J664,LA,avoyelles parish,AVOYELLES,0,22009,UNKNOWN,,,,,22009,P::B::J664,existing_fips,100.0,1.0
P::B::J661,J661,AR,bradley,BRADLEY,0,05011,UNKNOWN,,,,,05011,P::B::J661,existing_fips,100.0,1.0
P::B::J660,J660,LA,richland parish,RICHLAND,0,22083,UNKNOWN,,,,,22083,P::B::J660,existing_fips,100.0,1.0
P::B::J656,J656,AR,craighead,CRAIGHEAD,0,05031,UNKNOWN,,,,,05031,P::B::J656,existing_fips,100.0,1.0
P::B::J655,J655,AR,jackson,JACKSON,0,05067,UNKNOWN,,,,,05067,P::B::J655,existing_fips,100.0,1.0
P::B::J654,J654,AR,arkansas,ARKANSAS,0,05001,UNKNOWN,,,,,05001,P::B::J654,existing_fips,100.0,1.0
P::B::J653,J653,AR,white,WHITE,0,05145,UNKNOWN,,,,,05145,P::B::J653,existing_fips,100.0,1.0
P::B::J652,J652,WI,lafayette,LAFAYETTE,0,55065,DARLINGTON HILLMAN 138KV,,,,,55065,P::B::J652,existing_fips,100.0,1.0
P::B::J651,J651,SD,grant,GRANT,0,46051,345KV INTERCONNECT AT NEW TAP ON PROPOSED MVP BIG STONE TO ELLENDALE LINE,,,,,46051,P::B::J651,existing_fips,100.0,1.0
P::B::J650,J650,SD,grant,GRANT,0,46051,345KV INTERCONNECT AT NEW TAP ON PROPOSED MVP BIG STONE TO ELLENDALE LINE,,,,,46051,P::B::J650,existing_fips,100.0,1.0
P::B::R23,R23,IA,crawford,CRAWFORD,0,19047,MONONA CARROLL 161KV,,,,,19047,P::B::R23,existing_fips,100.0,1.0
P::B::J649,J649,PA,dauphin,DAUPHIN,0,42043,EXISITING INTERCONNECTION IN TMI SWITCHYARD AT 220KV,,,,,42043,P::B::J649,existing_fips,100.0,1.0
P::B::J645,J645,LA,lafayette parish,LAFAYETTE,0,22055,UNKNOWN,,,,,22055,P::B::J645,existing_fips,100.0,1.0
P::B::J644,J644,IL,greene,GREENE,0,17061,JERSEYVILLE 138KV,,,,,17061,P::B::J644,existing_fips,100.0,1.0
P::B::J643,J643,IN,jasper,JASPER,0,18073,SCHAHFER TAP 17 SCHAFR_TAP 138KV,,,,,18073,P::B::J643,existing_fips,100.0,1.0
P::B::J642,J642,IN,montgomery,MONTGOMERY,0,18107,WHITESVILLE SUB 230KV,,,,,18107,P::B::J642,existing_fips,100.0,1.0
P::B::J641,J641,IL,morgan,MORGAN,0,17137,LINE TAP OF MEREDOISA SUB TO JACKSONVILLE INDUSTRIAL PARK 138KV,,,,,17137,P::B::J641,existing_fips,100.0,1.0
P::B::J638,J638,SD,deuel,DEUEL,0,46039,BIG STONE BROOKINGS 345KV,,,,,46039,P::B::J638,existing_fips,100.0,1.0
P::B::J637,J637,SD,deuel,DEUEL,0,46039,BIG STONE BROOKINGS 345KV,,,,,46039,P::B::J637,existing_fips,100.0,1.0
P::B::J634,J634,LA,calcasieu,CALCASIEU,0,22019,MOSSVILE TOOMEY 138KV LINE,,,,,22019,P::B::J634,existing_fips,100.0,1.0
P::B::J633,J633,LA,jefferson davis parish,JEFFERSON DAVIS,0,22053,UNKNOWN,,,,,22053,P::B::J633,existing_fips,100.0,1.0
P::B::J631,J631,MI,allegan,ALLEGAN,0,26005,UNKNOWN,,,,,26005,P::B::J631,existing_fips,100.0,1.0
P::B::J630,J630,SD,deuel,DEUEL,0,46039,UNKNOWN,,,,,46039,P::B::J630,existing_fips,100.0,1.0
P::B::J629,J629,SD,deuel,DEUEL,0,46039,UNKNOWN,,,,,46039,P::B::J629,existing_fips,100.0,1.0
P::B::J627,J627,MN,meeker,MEEKER,0,27093,UNKNOWN,,,,,27093,P::B::J627,existing_fips,100.0,1.0
P::B::J626,J626,MN,meeker,MEEKER,0,27093,UNKNOWN,,,,,27093,P::B::J626,existing_fips,100.0,1.0
P::B::J648,J648,IL,cook,COOK,0,17031,EXISITING INTERCONNECTION IN SCEP SWITCHYARD AT 138KV,,,,,17031,P::B::J648,existing_fips,100.0,1.0
P::B::R25,R25,IA,crawford,CRAWFORD,0,19047,MONONA CARROLL 161KV,,,,,19047,P::B::R25,existing_fips,100.0,1.0
P::B::R26,R26,MO,atchison,ATCHISON,0,29005,MEC COOPER BOONEVILLE 345KV,,,,,29005,P::B::R26,existing_fips,100.0,1.0
P::B::R29,R29,IA,crawford,CRAWFORD,0,19047,SCHLESWIG SUBSTATION,,,,,19047,P::B::R29,existing_fips,100.0,1.0
P::B::R68,R68,IA,hancock,HANCOCK,0,19081,MEC WEBSTER 345KV SUBSTATION,,,,,19081,P::B::R68,existing_fips,100.0,1.0
P::B::R67,R67,IA,clay,CLAY,0,19041,SHELDON OBRIEN COUNTY SUB 345KV,,,,,19041,P::B::R67,existing_fips,100.0,1.0
P::B::R66,R66,IA,adams,ADAMS,0,19003,CRESTON CLARINDA 161KV,,,,,19003,P::B::R66,existing_fips,100.0,1.0
P::B::R65,R65,IA,cass,CASS,0,19029,R34 EXPANSION,,,,,19029,P::B::R65,existing_fips,100.0,1.0
P::B::R64,R64,IA,carroll,CARROLL,0,19027,VICTORY SUBSTATION,,,,,19027,P::B::R64,existing_fips,100.0,1.0
P::B::R63,R63,IA,calhoun,CALHOUN,0,19025,RAUN LEHIGH 345KV,,,,,19025,P::B::R63,existing_fips,100.0,1.0
P::B::R62,R62,IA,greene,GREENE,0,19073,GRIMES LEHIGH 345KV,,,,,19073,P::B::R62,existing_fips,100.0,1.0
P::B::R61,R61,IA,greene,GREENE,0,19073,CARROLL GRAND JUNCTION 161KV,,,,,19073,P::B::R61,existing_fips,100.0,1.0
P::B::R60,R60,IA,sac,SAC,0,19161,CLIPPER INTREPID EXPANSION,,,,,19161,P::B::R60,existing_fips,100.0,1.0
P::B::R59,R59,IA,wright,WRIGHT,0,19197,WALL LAKE CENTURY EXPANSION,,,,,19197,P::B::R59,existing_fips,100.0,1.0
P::B::R58,R58,IA,pottawattamie,POTTAWATTAMIE,0,19155,MEC TEAKWOOD WALNUT 161KV SUBSTATION,,,,,19155,P::B::R58,existing_fips,100.0,1.0
P::B::R57,R57,IA,carroll,CARROLL,0,19027,VICTORY 161KV SUBSTATION,,,,,19027,P::B::R57,existing_fips,100.0,1.0
P::B::R56,R56,IA,audubon,AUDUBON,0,19009,COUNCIL BLUFFS GRIMES 345KV,,,,,19009,P::B::R56,existing_fips,100.0,1.0
P::B::R53,R53,IA,adair,ADAIR,0,19001,ATLANTIC EARLHAM 161KV,,,,,19001,P::B::R53,existing_fips,100.0,1.0
P::B::R52,R52,IA,adair,ADAIR,0,19001,MEC COUNCIL BLUFFS MADISON 345KV,,,,,19001,P::B::R52,existing_fips,100.0,1.0
P::B::R51,R51,IA,poweshiek,POWESHIEK,0,19157,MONTEZUMA 345KV,,,,,19157,P::B::R51,existing_fips,100.0,1.0
P::B::R50,R50,IA,washington,WASHINGTON,0,19183,MEC SUB T 345KV,,,,,19183,P::B::R50,existing_fips,100.0,1.0
P::B::R49,R49,IA,calhoun,CALHOUN,0,19025,POMEROY GENERATING STATION,,,,,19025,P::B::R49,existing_fips,100.0,1.0
P::B::R48,R48,IA,cherokee,CHEROKEE,0,19035,LAKEFIELD RAUN 345KV,,,,,19035,P::B::R48,existing_fips,100.0,1.0
P::B::R47,R47,IA,cherokee,CHEROKEE,0,19035,LAKEFIELD RAUN 345KV,,,,,19035,P::B::R47,existing_fips,100.0,1.0
P::B::R42,R42,IA,webster,WEBSTER,0,19187,LEHIGH 345KV SUBSTATION,,,,,19187,P::B::R42,existing_fips,100.0,1.0
P::B::R41,R41,IA,adair,ADAIR,0,19001,MEC COUNCIL BLUFFS GRIMES 345KV,,,,,19001,P::B::R41,existing_fips,100.0,1.0
P::B::R39,R39,IA,o'brien,O BRIEN,0,19141,RAUN LAKEFIELD JUNCTION,,,,,19141,P::B::R39,existing_fips,100.0,1.0
P::B::R38,R38,IA,adair,ADAIR,0,19001,MEC COUNCIL BLUFFS GRIMES 345KV,,,,,19001,P::B::R38,existing_fips,100.0,1.0
P::B::R35,R35,IA,calhoun,CALHOUN,0,19025,POMEROY WIND FARM SITE,,,,,19025,P::B::R35,existing_fips,100.0,1.0
P::B::R34,R34,IA,madison,MADISON,0,19121,COUNCIL BLUFFS MADISON COUNTY 345KV,,,,,19121,P::B::R34,existing_fips,100.0,1.0
P::B::J034,J034,IL,logan,LOGAN,0,17107,FOGARTY 138KV SUBSTATION,,,,,17107,P::B::J034,existing_fips,100.0,1.0
P::B::J032,J032,MN,watonwan,WATONWAN,0,27165,SVEADAHL BUTTERFIELD 69KV,,,,,27165,P::B::J032,existing_fips,100.0,1.0
P::B::G338,G338,WI,dodge,DODGE,0,55027,RUBICON HARTFORD 138KV,,,,,55027,P::B::G338,existing_fips,100.0,1.0
P::B::G337,G337,MN,waseca,WASECA,0,27161,UNKNOWN,,,,,27161,P::B::G337,existing_fips,100.0,1.0
P::B::G336,G336,MN,rice,RICE,0,27131,UNKNOWN,,,,,27131,P::B::G336,existing_fips,100.0,1.0
P::B::G335,G335,WI,fond du lac,FOND DU LAC,0,55039,FOREST JUNCTION ARCADIAN 345KV,,,,,55039,P::B::G335,existing_fips,100.0,1.0
P::B::G334,G334,WI,calumet,CALUMET,0,55015,UNKNOWN,,,,,55015,P::B::G334,existing_fips,100.0,1.0
P::B::G333,G333,WI,shawano,SHAWANO,0,55115,UNKNOWN,,,,,55115,P::B::G333,existing_fips,100.0,1.0
P::B::G332,G332,WI,shawano,SHAWANO,0,55115,UNKNOWN,,,,,55115,P::B::G332,existing_fips,100.0,1.0
P::B::G331,G331,IA,worth,WORTH,0,19195,ADAMS LIME CREEK 161KV,,,,,19195,P::B::G331,existing_fips,100.0,1.0
P::B::G330,G330,MN,mower,MOWER,0,27099,ADAMS ST ANGSGAR 69KV,,,,,27099,P::B::G330,existing_fips,100.0,1.0
P::B::G329,G329,MN,st. louis,SAINT LOUIS,0,27137,LTV STEEL HOYT LAKES 138KV,,,,,27137,P::B::G329,existing_fips,100.0,1.0
P::B::G328,G328,ND,mchenry,MCHENRY,0,38049,UNKNOWN,,,,,38049,P::B::G328,existing_fips,100.0,1.0
P::B::G327,G327,WI,marinette,MARINETTE,0,55075,CRIVITZ 138KV,,,,,55075,P::B::G327,existing_fips,100.0,1.0
P::B::G326,G326,WI,marinette,MARINETTE,0,55075,CRIVITZ 138KV,,,,,55075,P::B::G326,existing_fips,100.0,1.0
P::B::G325,G325,WI,oneida,ONEIDA,0,55085,VENUS 115KV,,,,,55085,P::B::G325,existing_fips,100.0,1.0
P::B::G324,G324,WI,oneida,ONEIDA,0,55085,PIEHL 115KV,,,,,55085,P::B::G324,existing_fips,100.0,1.0
P::B::G323,G323,WI,oneida,ONEIDA,0,55085,PIEHL 115KV,,,,,55085,P::B::G323,existing_fips,100.0,1.0
P::B::G322,G322,WI,brown,BROWN,0,55009,JAMES ST SUBSTATION,,,,,55009,P::B::G322,existing_fips,100.0,1.0
P::B::G321,G321,WI,marathon,MARATHON,0,55073,UNKNOWN,,,,,55073,P::B::G321,existing_fips,100.0,1.0
P::B::G320,G320,WI,marinette,MARINETTE,0,55075,UNKNOWN,,,,,55075,P::B::G320,existing_fips,100.0,1.0
P::B::G319,G319,MN,martin,MARTIN,0,27091,TRUMAN MUNI 69KV SUBSTATION,,,,,27091,P::B::G319,existing_fips,100.0,1.0
P::B::G318,G318,IA,sioux,SIOUX,0,19167,UNKNOWN,,,,,19167,P::B::G318,existing_fips,100.0,1.0
P::B::G317,G317,IA,palo alto,PALO ALTO,0,19147,UNKNOWN,,,,,19147,P::B::G317,existing_fips,100.0,1.0
P::B::G316,G316,IA,o'brien,O BRIEN,0,19141,UNKNOWN,,,,,19141,P::B::G316,existing_fips,100.0,1.0
P::B::G315,G315,IA,pocahontas,POCAHONTAS,0,19151,UNKNOWN,,,,,19151,P::B::G315,existing_fips,100.0,1.0
P::B::G314,G314,ND,cavalier,CAVALIER,0,38019,UNKNOWN,,,,,38019,P::B::G314,existing_fips,100.0,1.0
P::B::G313,G313,ND,dickey,DICKEY,0,38021,UNKNOWN,,,,,38021,P::B::G313,existing_fips,100.0,1.0
P::B::G312,G312,ND,dickey,DICKEY,0,38021,UNKNOWN,,,,,38021,P::B::G312,existing_fips,100.0,1.0
P::B::G311,G311,ND,bowman,BOWMAN,0,38011,GASCOYNE JCT 34 5KV SUBSTATION,,,,,38011,P::B::G311,existing_fips,100.0,1.0
P::B::G310,G310,IA,cerro gordo,CERRO GORDO,0,19033,CERRO GORDO SUBSTATION,,,,,19033,P::B::G310,existing_fips,100.0,1.0
P::B::G339,G339,ND,dickey,DICKEY,0,38021,UNKNOWN,,,,,38021,P::B::G339,existing_fips,100.0,1.0
P::B::G309,G309,ON,windsor,WINDSOR,0,,UNKNOWN,,,,,,P::B::G309,unmatched,0.0,0.0
P::B::G340,G340,MN,lincoln,LINCOLN,0,27081,TORONTO 41 6KV,,,,,27081,P::B::G340,existing_fips,100.0,1.0
P::B::G342,G342,MI,baraga,BARAGA,0,26013,WARDEN GEN STATION,,,,,26013,P::B::G342,existing_fips,100.0,1.0
P::B::G373,G373,MN,murray,MURRAY,0,27101,UNKNOWN,,,,,27101,P::B::G373,existing_fips,100.0,1.0
P::B::G372,G372,MN,pope,POPE,0,27121,UNKNOWN,,,,,27121,P::B::G372,existing_fips,100.0,1.0
P::B::G371,G371,WI,columbia,COLUMBIA,0,55021,FRIESLAND 138KV,,,,,55021,P::B::G371,existing_fips,100.0,1.0
P::B::G370,G370,SD,minnehaha,MINNEHAHA,0,46099,ANSON 4,,,,,46099,P::B::G370,existing_fips,100.0,1.0
P::B::G369,G369,MN,scott,SCOTT,0,27139,BLUE LAKE 115KV,,,,,27139,P::B::G369,existing_fips,100.0,1.0
P::B::G368,G368,WI,dodge,DODGE,0,55027,SOUTH FOND DU LAC BUTTERNUT 138KV,,,,,55027,P::B::G368,existing_fips,100.0,1.0
P::B::G367,G367,IL,fulton,FULTON,0,17057,AEGR DUCK CREEK GEN PLANT,,,,,17057,P::B::G367,existing_fips,100.0,1.0
P::B::G366,G366,WI,columbia,COLUMBIA,0,55021,FRIESLAND SUBSTATION,,,,,55021,P::B::G366,existing_fips,100.0,1.0
P::B::G365,G365,MN,pope,POPE,0,27121,WILLIAMS SUBSTATION,,,,,27121,P::B::G365,existing_fips,100.0,1.0
P::B::G364,G364,MI,manistee,MANISTEE,0,26101,UNKNOWN,,,,,26101,P::B::G364,existing_fips,100.0,1.0
P::B::G362,G362,MN,mower,MOWER,0,27099,PLEASANT VALLEY SUBSTATION,,,,,27099,P::B::G362,existing_fips,100.0,1.0
P::B::G361,G361,MN,isanti,ISANTI,0,27059,CAMBRIDGE 69KV,,,,,27059,P::B::G361,existing_fips,100.0,1.0
P::B::G359R,G359R,ND,dickey,DICKEY,0,38021,MERRICOURT SUBSTATION,,,,,38021,P::B::G359R,existing_fips,100.0,1.0
P::B::G359,G359,ND,dickey,DICKEY,0,38021,MDU 230KV SYSTEM NEAR ELLENDALE,,,,,38021,P::B::G359,existing_fips,100.0,1.0
P::B::G358,G358,MN,faribault,FARIBAULT,0,27043,WINCO WINNEBAGO 161KV,,,,,27043,P::B::G358,existing_fips,100.0,1.0
P::B::G357,G357,MN,sibley,SIBLEY,0,27143,UNKNOWN,,,,,27143,P::B::G357,existing_fips,100.0,1.0
P::B::G355,G355,IA,muscatine,MUSCATINE,0,19139,WEST LIBERTY MUNI SUB 69KV,,,,,19139,P::B::G355,existing_fips,100.0,1.0
P::B::G354,G354,WI,fond du lac,FOND DU LAC,0,55039,ACADIAN FOREST JUNCTION 345KV,,,,,55039,P::B::G354,existing_fips,100.0,1.0
P::B::G353,G353,WI,fond du lac,FOND DU LAC,0,55039,ACADIAN FOREST JUNCTION 345KV,,,,,55039,P::B::G353,existing_fips,100.0,1.0
P::B::G352,G352,MN,dakota,DAKOTA,0,27037,DAKOTA COUNTY 345KV SUBSTATION,,,,,27037,P::B::G352,existing_fips,100.0,1.0
P::B::G351,G351,MN,dakota,DAKOTA,0,27037,DAKOTA COUNTY 345KV SUBSTATION,,,,,27037,P::B::G351,existing_fips,100.0,1.0
P::B::G350,G350,MI,monroe,MONROE,0,26115,FERMI 345KV SUBSTATION,,,,,26115,P::B::G350,existing_fips,100.0,1.0
P::B::G349,G349,MN,lincoln,LINCOLN,0,27081,BROOKINGS COUNTY SUBSTATION,,,,,27081,P::B::G349,existing_fips,100.0,1.0
P::B::G348,G348,IA,cass,CASS,0,19029,ITC MIDWEST ANITA 34 5KV,,,,,19029,P::B::G348,existing_fips,100.0,1.0
P::B::G347,G347,MI,,,0,,ARMORY SUBSTATION,,,,,,P::B::G347,unmatched,0.0,0.0
P::B::G346,G346,MI,schoolcraft,SCHOOLCRAFT,0,26153,GLEN JENKS SUBSTATION,,,,,26153,P::B::G346,existing_fips,100.0,1.0
P::B::G345,G345,MI,schoolcraft,SCHOOLCRAFT,0,26153,MANISTIQUE SUBSTATION,,,,,26153,P::B::G345,existing_fips,100.0,1.0
P::B::G344,G344,MI,dickinson,DICKINSON,0,26043,PLAINS SUBSTATION,,,,,26043,P::B::G344,existing_fips,100.0,1.0
P::B::G343,G343,MI,baraga,BARAGA,0,26013,WARDEN GEN STATION,,,,,26013,P::B::G343,existing_fips,100.0,1.0
P::B::G341,G341,MN,cottonwood,COTTONWOOD,0,27033,UNKNOWN,,,,,27033,P::B::G341,existing_fips,100.0,1.0
P::B::G308,G308,ND,mcintosh,MCINTOSH,0,38051,UNKNOWN,,,,,38051,P::B::G308,existing_fips,100.0,1.0
P::B::G307,G307,ND,mcintosh,MCINTOSH,0,38051,UNKNOWN,,,,,38051,P::B::G307,existing_fips,100.0,1.0
P::B::G306,G306,WI,dodge,DODGE,0,55027,UNKNOWN,,,,,55027,P::B::G306,existing_fips,100.0,1.0
P::B::G268,G268,WI,wood,WOOD,0,55141,UNKNOWN,,,,,55141,P::B::G268,existing_fips,100.0,1.0
P::B::G267,G267,MN,mcleod,MCLEOD,0,27085,UNKNOWN,,,,,27085,P::B::G267,existing_fips,100.0,1.0
P::B::G266,G266,MN,scott,SCOTT,0,27139,UNKNOWN,,,,,27139,P::B::G266,existing_fips,100.0,1.0
P::B::G265,G265,WY,campbell,CAMPBELL,0,56005,UNKNOWN,,,,,56005,P::B::G265,existing_fips,100.0,1.0
P::B::G264,G264,MN,chisago,CHISAGO,0,27025,UNKNOWN,,,,,27025,P::B::G264,existing_fips,100.0,1.0
P::B::G263,G263,MN,martin,MARTIN,0,27091,LAKEFIELD GENERATING SUBSTATION,,,,,27091,P::B::G263,existing_fips,100.0,1.0
P::B::G262,G262,MN,jackson,JACKSON,0,27063,UNKNOWN,,,,,27063,P::B::G262,existing_fips,100.0,1.0
P::B::G261,G261,MN,blue earth,BLUE EARTH,0,27013,MANKATO SUBSTATION,,,,,27013,P::B::G261,existing_fips,100.0,1.0
P::B::G260,G260,MN,goodhue,GOODHUE,0,27049,UNKNOWN,,,,,27049,P::B::G260,existing_fips,100.0,1.0
P::B::G259,G259,MN,dakota,DAKOTA,0,27037,UNKNOWN,,,,,27037,P::B::G259,existing_fips,100.0,1.0
P::B::G258,G258,IA,lee,LEE,0,19111,ROQUETTE SUBSTATION,,,,,19111,P::B::G258,existing_fips,100.0,1.0
P::B::G257,G257,IN,gibson,GIBSON,0,18051,UNKNOWN,,,,,18051,P::B::G257,existing_fips,100.0,1.0
P::B::G256,G256,MT,dawson,DAWSON,0,30021,GLENDIVE TURBINE JCT SUBSTATION,,,,,30021,P::B::G256,existing_fips,100.0,1.0
P::B::G255,G255,SD,brookings,BROOKINGS,0,46011,YANKEE SUBSTATION,,,,,46011,P::B::G255,existing_fips,100.0,1.0
P::B::G254,G254,WI,portage,PORTAGE,0,55097,UNKNOWN,,,,,55097,P::B::G254,existing_fips,100.0,1.0
P::B::G253,G253,MN,rock,ROCK,0,27133,SPLIT ROCK MAGNOLIA 161KV,,,,,27133,P::B::G253,existing_fips,100.0,1.0
P::B::G252,G252,MN,murray,MURRAY,0,27101,GRE ROCK RIVER CHANDLER TAP 69KV,,,,,27101,P::B::G252,existing_fips,100.0,1.0
P::B::G251,G251,MN,jackson,JACKSON,0,27063,HERON LAKE FOX LAKE 69KV,,,,,27063,P::B::G251,existing_fips,100.0,1.0
P::B::G250,G250,MI,shiawassee,SHIAWASSEE,0,26155,UNKNOWN,,,,,26155,P::B::G250,existing_fips,100.0,1.0
P::B::G249,G249,WI,shawano,SHAWANO,0,55115,UNKNOWN,,,,,55115,P::B::G249,existing_fips,100.0,1.0
P::B::G248,G248,ND,dickey,DICKEY,0,38021,WISHEK ASHLEY ELLENDALE 41 6KV,,,,,38021,P::B::G248,existing_fips,100.0,1.0
P::B::G247,G247,MN,mower,MOWER,0,27099,UNKNOWN,,,,,27099,P::B::G247,existing_fips,100.0,1.0
P::B::G246,G246,MN,mower,MOWER,0,27099,UNKNOWN,,,,,27099,P::B::G246,existing_fips,100.0,1.0
P::B::G245,G245,MN,mower,MOWER,0,27099,UNKNOWN,,,,,27099,P::B::G245,existing_fips,100.0,1.0
P::B::G244,G244,MN,mower,MOWER,0,27099,UNKNOWN,,,,,27099,P::B::G244,existing_fips,100.0,1.0
P::B::G242,G242,MN,dodge,DODGE,0,27039,DODGE CENTER SUBSTATION,,,,,27039,P::B::G242,existing_fips,100.0,1.0
P::B::G241,G241,MN,lincoln,LINCOLN,0,27081,BUFFALO RIDGE BRAVO 34 5KV,,,,,27081,P::B::G241,existing_fips,100.0,1.0
P::B::G240,G240,WI,manitowoc,MANITOWOC,0,55071,LAKEFRONT SUBSTATION,,,,,55071,P::B::G240,existing_fips,100.0,1.0
P::B::G239,G239,MN,dodge,DODGE,0,27039,KASSON DODGE CENTER 69KV,,,,,27039,P::B::G239,existing_fips,100.0,1.0
P::B::G269,G269,MN,mower,MOWER,0,27099,UNKNOWN,,,,,27099,P::B::G269,existing_fips,100.0,1.0
P::B::G270,G270,MN,nobles,NOBLES,0,27105,ADRIAN MUNICIPAL UTILITIES STATION,,,,,27105,P::B::G270,existing_fips,100.0,1.0
P::B::G271,G271,MN,dakota,DAKOTA,0,27037,UNKNOWN,,,,,27037,P::B::G271,existing_fips,100.0,1.0
P::B::G272,G272,MN,murray,MURRAY,0,27101,CHANDLER SWITCHING STATION CHANDLER TAP 69KV,,,,,27101,P::B::G272,existing_fips,100.0,1.0
P::B::G304,G304,IN,putnam,PUTNAM,0,18133,UNKNOWN,,,,,18133,P::B::G304,existing_fips,100.0,1.0
P::B::G303,G303,WI,columbia,COLUMBIA,0,55021,UNKNOWN,,,,,55021,P::B::G303,existing_fips,100.0,1.0
P::B::G302,G302,WI,green lake,GREEN LAKE,0,55047,UNKNOWN,,,,,55047,P::B::G302,existing_fips,100.0,1.0
P::B::G301,G301,IA,osceola,OSCEOLA,0,19143,SIBLEY TRIBOJI 69KV,,,,,19143,P::B::G301,existing_fips,100.0,1.0
P::B::G300,G300,IA,jackson,JACKSON,0,19097,MAQUOKETA MUNICIPAL 34 5KV,,,,,19097,P::B::G300,existing_fips,100.0,1.0
P::B::G299,G299,IN,cass,CASS,0,18017,CINERGY WALTON SUBSTATION,,,,,18017,P::B::G299,existing_fips,100.0,1.0
P::B::G298,G298,IA,dickinson,DICKINSON,0,19059,WISDOM TRIBOJI 161KV,,,,,19059,P::B::G298,existing_fips,100.0,1.0
P::B::G297,G297,SD,edmunds,EDMUNDS,0,46045,GLENHAM JCT SUBSTATION,,,,,46045,P::B::G297,existing_fips,100.0,1.0
P::B::G296,G296,SD,mcpherson,MCPHERSON,0,46089,UNKNOWN,,,,,46089,P::B::G296,existing_fips,100.0,1.0
P::B::G295,G295,WI,portage,PORTAGE,0,55097,UNKNOWN,,,,,55097,P::B::G295,existing_fips,100.0,1.0
P::B::G293,G293,WI,buffalo,BUFFALO,0,55011,UNKNOWN,,,,,55011,P::B::G293,existing_fips,100.0,1.0
P::B::G291,G291,ND,lamoure,LAMOURE,0,38045,JAMESTOWN OAKES 41 6KV,,,,,38045,P::B::G291,existing_fips,100.0,1.0
P::B::G290,G290,IN,lawrence,LAWRENCE,0,18093,UNKNOWN,,,,,18093,P::B::G290,existing_fips,100.0,1.0
P::B::G289,G289,WI,rock,ROCK,0,55105,UNKNOWN,,,,,55105,P::B::G289,existing_fips,100.0,1.0
P::B::G374,G374,MN,nobles,NOBLES,0,27105,RUSHMORE 69KV SUBSTATION,,,,,27105,P::B::G374,existing_fips,100.0,1.0
P::B::G288,G288,WI,walworth,WALWORTH,0,55127,UNKNOWN,,,,,55127,P::B::G288,existing_fips,100.0,1.0
P::B::G286,G286,IA,tama,TAMA,0,19171,TRAER DYSART 34 5KV,,,,,19171,P::B::G286,existing_fips,100.0,1.0
P::B::G285,G285,MN,pipestone,PIPESTONE,0,27117,PIPESTONE LAKE WILSON 69KV,,,,,27117,P::B::G285,existing_fips,100.0,1.0
P::B::G284,G284,ND,dickey,DICKEY,0,38021,UNKNOWN,,,,,38021,P::B::G284,existing_fips,100.0,1.0
P::B::G283,G283,ND,mcintosh,MCINTOSH,0,38051,UNKNOWN,,,,,38051,P::B::G283,existing_fips,100.0,1.0
P::B::G282,G282,WI,lafayette,LAFAYETTE,0,55065,HILLMAN 138KV,,,,,55065,P::B::G282,existing_fips,100.0,1.0
P::B::G281,G281,WI,green,GREEN,0,55045,UNKNOWN,,,,,55045,P::B::G281,existing_fips,100.0,1.0
P::B::G280,G280,MN,lincoln,LINCOLN,0,27081,UNKNOWN,,,,,27081,P::B::G280,existing_fips,100.0,1.0
P::B::G279,G279,MN,lincoln,LINCOLN,0,27081,UNKNOWN,,,,,27081,P::B::G279,existing_fips,100.0,1.0
P::B::G278,G278,MN,pipestone,PIPESTONE,0,27117,PIPESTONE DELL RAPIDS 69KV,,,,,27117,P::B::G278,existing_fips,100.0,1.0
P::B::G277,G277,ND,dickey,DICKEY,0,38021,UNKNOWN,,,,,38021,P::B::G277,existing_fips,100.0,1.0
P::B::G276,G276,ND,stutsman,STUTSMAN,0,38093,UNKNOWN,,,,,38093,P::B::G276,existing_fips,100.0,1.0
P::B::G275,G275,SD,mcpherson,MCPHERSON,0,46089,UNKNOWN,,,,,46089,P::B::G275,existing_fips,100.0,1.0
P::B::G274,G274,IA,franklin,FRANKLIN,0,19069,UNKNOWN,,,,,19069,P::B::G274,existing_fips,100.0,1.0
P::B::G273,G273,IA,franklin,FRANKLIN,0,19069,UNKNOWN,,,,,19069,P::B::G273,existing_fips,100.0,1.0
P::B::G287,G287,MN,nobles,NOBLES,0,27105,NOBLES COUNTY SUBSTATION,,,,,27105,P::B::G287,existing_fips,100.0,1.0
P::B::G375,G375,MN,cottonwood,COTTONWOOD,0,27033,BAT LAKE MT LAKE 69KV,,,,,27033,P::B::G375,existing_fips,100.0,1.0
P::B::G376,G376,WI,green lake,GREEN LAKE,0,55047,GREEN LAKE NORTH FOND DU LAC 138KV,,,,,55047,P::B::G376,existing_fips,100.0,1.0
P::B::G377,G377,MN,st. louis,SAINT LOUIS,0,27137,UNKNOWN,,,,,27137,P::B::G377,existing_fips,100.0,1.0
P::B::G508,G508,KY,ballard,BALLARD,0,21007,UNKNOWN,,,,,21007,P::B::G508,existing_fips,100.0,1.0
P::B::G507b,G507b,WI,fond du lac,FOND DU LAC,0,55039,OHMSTEAD KETTLE MORAINE 138KV,,,,,55039,P::B::G507b,existing_fips,100.0,1.0
P::B::G507,G507,WI,fond du lac,FOND DU LAC,0,55039,NEAR INTERSECTION OF 138KV LINE X 2 OHM MUR 345KV LINE W 1 SFL EDG AND 345KV LINE 971L51 FJT ADN,,,,,55039,P::B::G507,existing_fips,100.0,1.0
P::B::G506,G506,WI,monroe,MONROE,0,55081,SPARTA OAKDALE 138KV,,,,,55081,P::B::G506,existing_fips,100.0,1.0
P::B::G505,G505,IL,williamson,WILLIAMSON,0,17199,EAST WEST FRANKFORT SUBSTATION,,,,,17199,P::B::G505,existing_fips,100.0,1.0
P::B::G504,G504,MI,sanilac,SANILAC,0,26151,ITCT SANDUSKY LEE 120KV,,,,,26151,P::B::G504,existing_fips,100.0,1.0
P::B::G503,G503,MI,huron,HURON,0,26063,SANDUSKEY WYATT 120KV,,,,,26063,P::B::G503,existing_fips,100.0,1.0
P::B::G502,G502,ND,oliver,OLIVER,0,38065,MILTON S YOUNG STATION 2 SWITCHYARD CENTER BUS SUBSTATION,,,,,38065,P::B::G502,existing_fips,100.0,1.0
P::B::G501,G501,IL,mclean,MCLEAN,0,17113,UNKNOWN,,,,,17113,P::B::G501,existing_fips,100.0,1.0
P::B::G500,G500,IL,shelby,SHELBY,0,17173,HOLLAND PLANT,,,,,17173,P::B::G500,existing_fips,100.0,1.0
P::B::G499,G499,IA,story,STORY,0,19169,FERNALD MARSHALLTOWN 115KV,,,,,19169,P::B::G499,existing_fips,100.0,1.0
P::B::G498,G498,OH,richland,RICHLAND,0,39139,UNKNOWN,,,,,39139,P::B::G498,existing_fips,100.0,1.0
P::B::G496,G496,MN,goodhue,GOODHUE,0,27049,UNKNOWN,,,,,27049,P::B::G496,existing_fips,100.0,1.0
P::B::G495,G495,IL,washington,WASHINGTON,0,17189,PRAIRIE STATE,,,,,17189,P::B::G495,existing_fips,100.0,1.0
P::B::G494,G494,MN,martin,MARTIN,0,27091,UNKNOWN,,,,,27091,P::B::G494,existing_fips,100.0,1.0
P::B::G493,G493,MI,van buren,VAN BUREN,0,26159,UNKNOWN,,,,,26159,P::B::G493,existing_fips,100.0,1.0
P::B::G492,G492,MN,murray,MURRAY,0,27101,SOUTHRIDGE SUBSTATION SRD 211,,,,,27101,P::B::G492,existing_fips,100.0,1.0
P::B::G491,G491,MN,pipestone,PIPESTONE,0,27117,CHANARAMBIE SUBSTATION,,,,,27117,P::B::G491,existing_fips,100.0,1.0
P::B::G489,G489,MN,lyon,LYON,0,27083,LAKE YANKTON LYON COUNTY 115KV,,,,,27083,P::B::G489,existing_fips,100.0,1.0
P::B::G488,G488,MN,cottonwood,COTTONWOOD,0,27033,UNKNOWN,,,,,27033,P::B::G488,existing_fips,100.0,1.0
P::B::G485,G485,WI,dodge,DODGE,0,55027,S FOND DU LAC BUTTERNUT,,,,,55027,P::B::G485,existing_fips,100.0,1.0
P::B::G484,G484,IN,switzerland,SWITZERLAND,0,18155,EGYPT BOTTOM 345KV SUBSTATION,,,,,18155,P::B::G484,existing_fips,100.0,1.0
P::B::G483,G483,WI,green,GREEN,0,55045,69KV LINE S E OF MONROE,,,,,55045,P::B::G483,existing_fips,100.0,1.0
P::B::G482,G482,OH,ashtabula,ASHTABULA,0,39007,ATSI PERRY ASHTABULA,,,,,39007,P::B::G482,existing_fips,100.0,1.0
P::B::G481,G481,ND,rolette,ROLETTE,0,38079,BELCOURT 69KV SUBSTATION,,,,,38079,P::B::G481,existing_fips,100.0,1.0
P::B::G480,G480,OH,madison,MADISON,0,39097,EAST SPRINGFIELD TANGY 138KV,,,,,39097,P::B::G480,existing_fips,100.0,1.0
P::B::G479,G479,MI,ottawa,OTTAWA,0,26139,CAMPBELL 345KV SUBSTATION,,,,,26139,P::B::G479,existing_fips,100.0,1.0
P::B::G478,G478,IL,madison,MADISON,0,17119,VENICE SWITCHYARD AT BREAKER POSITION 32H,,,,,17119,P::B::G478,existing_fips,100.0,1.0
P::B::G477,G477,MN,st. louis,SAINT LOUIS,0,27137,FORBES SUBSTATION,,,,,27137,P::B::G477,existing_fips,100.0,1.0
P::B::G509,G509,MN,st. louis,SAINT LOUIS,0,27137,MP S 34 115KV LINE APPROX 2 4 MILES NW OF PROJECT SITE,,,,,27137,P::B::G509,existing_fips,100.0,1.0
P::B::G510,G510,WI,ozaukee,OZAUKEE,0,55089,PORT WASHINGTON WI,,,,,55089,P::B::G510,existing_fips,100.0,1.0
P::B::G511,G511,MI,huron,HURON,0,26063,UNKNOWN,,,,,26063,P::B::G511,existing_fips,100.0,1.0
P::B::G512,G512,IL,ford,FORD,0,17053,GIBSON CITY SOUTH 138KV SUBSTATION,,,,,17053,P::B::G512,existing_fips,100.0,1.0
P::B::G544,G544,IL,henry,HENRY,0,17073,EAST KEWANEE 138KV SUBSTATION,,,,,17073,P::B::G544,existing_fips,100.0,1.0
P::B::G543,G543,PA,beaver,BEAVER,0,42007,FE MANSFIELD THREE,,,,,42007,P::B::G543,existing_fips,100.0,1.0
P::B::G542,G542,PA,beaver,BEAVER,0,42007,FE MANSFIELD TWO,,,,,42007,P::B::G542,existing_fips,100.0,1.0
P::B::G541,G541,PA,beaver,BEAVER,0,42007,FE MANSFIELD UNIT ONE,,,,,42007,P::B::G541,existing_fips,100.0,1.0
P::B::G540,G540,IA,worth,WORTH,0,19195,ADAMS LIME CREEK 161KV,,,,,19195,P::B::G540,existing_fips,100.0,1.0
P::B::G539,G539,KY,bracken,BRACKEN,0,21023,2 MILES SOUTH OF MELDAHL DAM AT EXISTING 138KV KU LINE,,,,,21023,P::B::G539,existing_fips,100.0,1.0
P::B::G538,G538,IA,dickinson,DICKINSON,0,19059,LAKEFIELD JUNCTION TRIBOJI 161KV,,,,,19059,P::B::G538,existing_fips,100.0,1.0
P::B::G537,G537,IL,iroquois,IROQUOIS,0,17075,WATSEKA GOODLAND 138KV,,,,,17075,P::B::G537,existing_fips,100.0,1.0
P::B::G536,G536,MN,jackson,JACKSON,0,27063,W LAKEFIELD TAP 69KV BUS,,,,,27063,P::B::G536,existing_fips,100.0,1.0
P::B::G535,G535,IL,fulton,FULTON,0,17057,DUCK CREEK POWER STATION,,,,,17057,P::B::G535,existing_fips,100.0,1.0
P::B::G534,G534,IA,hancock,HANCOCK,0,19081,UNKNOWN,,,,,19081,P::B::G534,existing_fips,100.0,1.0
P::B::G532,G532,MN,cottonwood,COTTONWOOD,0,27033,ODIN 69KV,,,,,27033,P::B::G532,existing_fips,100.0,1.0
P::B::G531,G531,ND,mercer,MERCER,0,38057,GRE STANTON STATION,,,,,38057,P::B::G531,existing_fips,100.0,1.0
P::B::G530,G530,IA,greene,GREENE,0,19073,JEFFERSON GRAND JUNCTION 34 5KV,,,,,19073,P::B::G530,existing_fips,100.0,1.0
P::B::G476,G476,IL,williamson,WILLIAMSON,0,17199,EAST WEST FRANKFORT 345KV SUBSTATION,,,,,17199,P::B::G476,existing_fips,100.0,1.0
P::B::G529,G529,IL,williamson,WILLIAMSON,0,17199,EAST WEST FRANKFORT SUBSTATION,,,,,17199,P::B::G529,existing_fips,100.0,1.0
P::B::G527,G527,WI,grant,GRANT,0,55043,NELSON DEWEY GENERATING STATION SUB,,,,,55043,P::B::G527,existing_fips,100.0,1.0
P::B::G526,G526,MI,huron,HURON,0,26063,COSMO TAP BAD AXE ARROWHEAD 120KV,,,,,26063,P::B::G526,existing_fips,100.0,1.0
P::B::G524,G524,WI,brown,BROWN,0,55009,PULLIAM GENERATING STATION,,,,,55009,P::B::G524,existing_fips,100.0,1.0
P::B::G523,G523,WI,marathon,MARATHON,0,55073,WESTON GENERATING STATION,,,,,55073,P::B::G523,existing_fips,100.0,1.0
P::B::G522,G522,WI,portage,PORTAGE,0,55097,UNKNOWN,,,,,55097,P::B::G522,existing_fips,100.0,1.0
P::B::G521,G521,OH,ottawa,OTTAWA,0,39123,FE DAVIS BESSE 345 SUBSTATION,,,,,39123,P::B::G521,existing_fips,100.0,1.0
P::B::G520,G520,MN,lyon,LYON,0,27083,LAKE YANKTON LYON COUNTY 115KV,,,,,27083,P::B::G520,existing_fips,100.0,1.0
P::B::G519,G519,MN,itasca,ITASCA,0,27061,BLACKBERRY 230 115KV SUBSTATION,,,,,27061,P::B::G519,existing_fips,100.0,1.0
P::B::G518,G518,MN,jackson,JACKSON,0,27063,MILOMA ROUND LAKE 69KV,,,,,27063,P::B::G518,existing_fips,100.0,1.0
P::B::G517,G517,MN,cottonwood,COTTONWOOD,0,27033,SUMMIT SWITCH STATION SOUTH STORDEN 69KV LINE,,,,,27033,P::B::G517,existing_fips,100.0,1.0
P::B::G516,G516,MN,nobles,NOBLES,0,27105,UNKNOWN,,,,,27105,P::B::G516,existing_fips,100.0,1.0
P::B::G515,G515,IL,tazewell,TAZEWELL,0,17179,AMEREN MASON TAZEWELL 138KV,,,,,17179,P::B::G515,existing_fips,100.0,1.0
P::B::G514,G514,MN,jackson,JACKSON,0,27063,LAKEFIELD STATION VIA TRIMONT G263 INTERCONNECT,,,,,27063,P::B::G514,existing_fips,100.0,1.0
P::B::G513,G513,MI,oceana,OCEANA,0,26127,METC WHITE LAKE 138KV SUBSTATION,,,,,26127,P::B::G513,existing_fips,100.0,1.0
P::B::G528,G528,WI,columbia,COLUMBIA,0,55021,COLUMBIA ENERGY CENTER SUBSTATION,,,,,55021,P::B::G528,existing_fips,100.0,1.0
P::B::G238,G238,MN,hennepin,HENNEPIN,0,27053,UNKNOWN,,,,,27053,P::B::G238,existing_fips,100.0,1.0
P::B::G475,G475,MO,callaway,CALLAWAY,0,29027,CALLAWAY NUCLEAR STATION,,,,,29027,P::B::G475,existing_fips,100.0,1.0
P::B::G450,G450,ND,rolette,ROLETTE,0,38079,UNKNOWN,,,,,38079,P::B::G450,existing_fips,100.0,1.0
P::B::G412,G412,IL,sangamon,SANGAMON,0,17167,DALLMAN SUBSTATION 138KV,,,,,17167,P::B::G412,existing_fips,100.0,1.0
P::B::G411,G411,MN,watonwan,WATONWAN,0,27165,UNKNOWN,,,,,27165,P::B::G411,existing_fips,100.0,1.0
P::B::G410,G410,WI,kewaunee,KEWAUNEE,0,55061,KEWAUNEE EAST KROK 138KV,,,,,55061,P::B::G410,existing_fips,100.0,1.0
P::B::G409,G409,MT,dawson,DAWSON,0,30021,GLENDIVE,,,,,30021,P::B::G409,existing_fips,100.0,1.0
P::B::G408,G408,ND,mchenry,MCHENRY,0,38049,MCHENRY SOURIS 115KV,,,,,38049,P::B::G408,existing_fips,100.0,1.0
P::B::G407,G407,MN,blue earth,BLUE EARTH,0,27013,UNKNOWN,,,,,27013,P::B::G407,existing_fips,100.0,1.0
P::B::G405,G405,MN,goodhue,GOODHUE,0,27049,CANNON FALLS SUB,,,,,27049,P::B::G405,existing_fips,100.0,1.0
P::B::G404,G404,SD,deuel,DEUEL,0,46039,UNKNOWN,,,,,46039,P::B::G404,existing_fips,100.0,1.0
P::B::G402,G402,MN,lincoln,LINCOLN,0,27081,UNKNOWN,,,,,27081,P::B::G402,existing_fips,100.0,1.0
P::B::G400,G400,MN,mcleod,MCLEOD,0,27085,UNKNOWN,,,,,27085,P::B::G400,existing_fips,100.0,1.0
P::B::G399,G399,IN,vigo,VIGO,0,18167,WABASH RIVER,,,,,18167,P::B::G399,existing_fips,100.0,1.0
P::B::G398,G398,MN,pipestone,PIPESTONE,0,27117,CHANARAMBIE 115KV,,,,,27117,P::B::G398,existing_fips,100.0,1.0
P::B::G397,G397,MN,pipestone,PIPESTONE,0,27117,CHANARAMBIE 115KV,,,,,27117,P::B::G397,existing_fips,100.0,1.0
P::B::G396,G396,SD,grant,GRANT,0,46051,MILBANK 41 6KV,,,,,46051,P::B::G396,existing_fips,100.0,1.0
P::B::G395,G395,MN,lincoln,LINCOLN,0,27081,UNKNOWN,,,,,27081,P::B::G395,existing_fips,100.0,1.0
P::B::G394,G394,MN,lincoln,LINCOLN,0,27081,UNKNOWN,,,,,27081,P::B::G394,existing_fips,100.0,1.0
P::B::G392,G392,SD,grant,GRANT,0,46051,BIGSTONE 230KV SUBSTATION,,,,,46051,P::B::G392,existing_fips,100.0,1.0
P::B::G391,G391,WI,kewaunee,KEWAUNEE,0,55061,UNKNOWN,,,,,55061,P::B::G391,existing_fips,100.0,1.0
P::B::G390,G390,MN,sherburne,SHERBURNE,0,27141,ELK RIVER 230KV SUBSTATION,,,,,27141,P::B::G390,existing_fips,100.0,1.0
P::B::G389,G389,MN,sherburne,SHERBURNE,0,27141,ELK RIVER 230KV SUBSTATION,,,,,27141,P::B::G389,existing_fips,100.0,1.0
P::B::G387,G387,MN,nobles,NOBLES,0,27105,UNKNOWN,,,,,27105,P::B::G387,existing_fips,100.0,1.0
P::B::G386,G386,MN,martin,MARTIN,0,27091,LAKEFIELD SUBSTATION 345KV,,,,,27091,P::B::G386,existing_fips,100.0,1.0
P::B::G385,G385,MN,nobles,NOBLES,0,27105,LARKIN 24KV,,,,,27105,P::B::G385,existing_fips,100.0,1.0
P::B::G384,G384,WI,manitowoc,MANITOWOC,0,55071,MISHICOT 138KV SUBSTATION,,,,,55071,P::B::G384,existing_fips,100.0,1.0
P::B::G383,G383,WI,kewaunee,KEWAUNEE,0,55061,KEWAUNEE SUBSTATION,,,,,55061,P::B::G383,existing_fips,100.0,1.0
P::B::G382,G382,MN,pipestone,PIPESTONE,0,27117,CHANARAMBIE 115KV,,,,,27117,P::B::G382,existing_fips,100.0,1.0
P::B::G380,G380,ND,pierce,PIERCE,0,38069,RUGBY 115KV SUBSTATION,,,,,38069,P::B::G380,existing_fips,100.0,1.0
P::B::G379,G379,WI,walworth,WALWORTH,0,55127,UNKNOWN,,,,,55127,P::B::G379,existing_fips,100.0,1.0
P::B::G378,G378,WI,rock,ROCK,0,55105,UNKNOWN,,,,,55105,P::B::G378,existing_fips,100.0,1.0
P::B::G413,G413,IL,mclean,MCLEAN,0,17113,UNKNOWN,,,,,17113,P::B::G413,existing_fips,100.0,1.0
P::B::G414,G414,MN,clay,CLAY,0,27027,UNKNOWN,,,,,27027,P::B::G414,existing_fips,100.0,1.0
P::B::G415,G415,WI,waupaca,WAUPACA,0,55135,UNKNOWN,,,,,55135,P::B::G415,existing_fips,100.0,1.0
P::B::G416,G416,MN,washington,WASHINGTON,0,27163,UNKNOWN,,,,,27163,P::B::G416,existing_fips,100.0,1.0
P::B::G449,G449,MO,nodaway,NODAWAY,0,29147,MARYVILLE CRESTON 161KV,,,,,29147,P::B::G449,existing_fips,100.0,1.0
P::B::G448,G448,MO,schuyler,SCHUYLER,0,29197,ADAIR APPANOOSE 161KV,,,,,29197,P::B::G448,existing_fips,100.0,1.0
P::B::G447,G447,IN,clinton,CLINTON,0,18023,KOKOMO THORNTOWN 230KV,,,,,18023,P::B::G447,existing_fips,100.0,1.0
P::B::G446,G446,ND,lamoure,LAMOURE,0,38045,UNKNOWN,,,,,38045,P::B::G446,existing_fips,100.0,1.0
P::B::G445,G445,IA,howard,HOWARD,0,19089,UNKNOWN,,,,,19089,P::B::G445,existing_fips,100.0,1.0
P::B::G444,G444,MN,lincoln,LINCOLN,0,27081,BUFFALO RIDGE 115KV,,,,,27081,P::B::G444,existing_fips,100.0,1.0
P::B::G443,G443,MN,lincoln,LINCOLN,0,27081,BUFFALO RIDGE 115KV,,,,,27081,P::B::G443,existing_fips,100.0,1.0
P::B::G442,G442,MN,cottonwood,COTTONWOOD,0,27033,STORDEN 69KV,,,,,27033,P::B::G442,existing_fips,100.0,1.0
P::B::G441,G441,ON,sarnia,SARNIA,0,,BUNCE CREEK SUBSTATION,,,,,,P::B::G441,unmatched,0.0,0.0
P::B::G439,G439,IN,benton,BENTON,0,18007,MORRISON DITCH 138KV,,,,,18007,P::B::G439,existing_fips,100.0,1.0
P::B::G438,G438,SD,marshall,MARSHALL,0,46091,41 6KV LINE SERVED OUT OF BROWNS VALLEY 230KV SOURCE,,,,,46091,P::B::G438,existing_fips,100.0,1.0
P::B::G436,G436,IL,jasper,JASPER,0,17079,NEWTON 345KV,,,,,17079,P::B::G436,existing_fips,100.0,1.0
P::B::G435,G435,IL,williamson,WILLIAMSON,0,17199,AMEREN E WEST FRANKFORT,,,,,17199,P::B::G435,existing_fips,100.0,1.0
P::B::G434,G434,MN,goodhue,GOODHUE,0,27049,PRAIRIE ISLAND NUCLEAR GENERATING PLANT UNIT 2,,,,,27049,P::B::G434,existing_fips,100.0,1.0
P::B::G474,G474,MN,grant,GRANT,0,27051,OTP CYRUS HOFFMAN 41 6KV,,,,,27051,P::B::G474,existing_fips,100.0,1.0
P::B::G433,G433,MN,goodhue,GOODHUE,0,27049,PRAIRIE ISLAND NUCLEAR GENERATING PLANT UNIT 1,,,,,27049,P::B::G433,existing_fips,100.0,1.0
P::B::G431,G431,IN,knox,KNOX,0,18083,EDWARDSPORT GEN STATION,,,,,18083,P::B::G431,existing_fips,100.0,1.0
P::B::G430,G430,MN,pope,POPE,0,27121,UNKNOWN,,,,,27121,P::B::G430,existing_fips,100.0,1.0
P::B::G429,G429,MN,jackson,JACKSON,0,27063,LAKEFIELD GEN STATION 345KV,,,,,27063,P::B::G429,existing_fips,100.0,1.0
P::B::G428,G428,MN,wright,WRIGHT,0,27171,MONTICELLO NUCLEAR GENERATING STATION,,,,,27171,P::B::G428,existing_fips,100.0,1.0
P::B::G427,G427,WI,fond du lac,FOND DU LAC,0,55039,ACADIAN FOREST JUNCTION 345KV,,,,,55039,P::B::G427,existing_fips,100.0,1.0
P::B::G426,G426,MN,jackson,JACKSON,0,27063,LAKEFIELD JUNCTION TRIBOJI 161KV,,,,,27063,P::B::G426,existing_fips,100.0,1.0
P::B::G425,G425,MN,jackson,JACKSON,0,27063,UNKNOWN,,,,,27063,P::B::G425,existing_fips,100.0,1.0
P::B::G424,G424,MN,st. louis,SAINT LOUIS,0,27137,MINNTAC SUBSTATION,,,,,27137,P::B::G424,existing_fips,100.0,1.0
P::B::G423,G423,WI,columbia,COLUMBIA,0,55021,UNKNOWN,,,,,55021,P::B::G423,existing_fips,100.0,1.0
P::B::G421,G421,WI,brown,BROWN,0,55009,WESMARK FINGER ROAD 69KV,,,,,55009,P::B::G421,existing_fips,100.0,1.0
P::B::G420,G420,WI,marathon,MARATHON,0,55073,WIEN 115KV,,,,,55073,P::B::G420,existing_fips,100.0,1.0
P::B::G419,G419,IA,lyon,LYON,0,19119,UNKNOWN,,,,,19119,P::B::G419,existing_fips,100.0,1.0
P::B::G418,G418,MI,oceana,OCEANA,0,26127,DONALDSON CREEK 138KV SUBSTATION,,,,,26127,P::B::G418,existing_fips,100.0,1.0
P::B::G417,G417,MN,scott,SCOTT,0,27139,SHAKOPEE SCOTT 69KV,,,,,27139,P::B::G417,existing_fips,100.0,1.0
P::B::G432,G432,IL,ford,FORD,0,17053,GIBSON CITY,,,,,17053,P::B::G432,existing_fips,100.0,1.0
P::B::G545,G545,IL,henry,HENRY,0,17073,EAST KEWANEE 138KV SUBSTATION,,,,,17073,P::B::G545,existing_fips,100.0,1.0
P::B::G237,G237,MN,ramsey,RAMSEY,0,27123,HIGHBRIDGE SUBSTATION,,,,,27123,P::B::G237,existing_fips,100.0,1.0
P::B::G235,G235,MN,washington,WASHINGTON,0,27163,UNKNOWN,,,,,27163,P::B::G235,existing_fips,100.0,1.0
P::B::G039,G039,IN,sullivan,SULLIVAN,0,18153,UNKNOWN,,,,,18153,P::B::G039,existing_fips,100.0,1.0
P::B::G038,G038,MI,wayne,WAYNE,0,26163,UNKNOWN,,,,,26163,P::B::G038,existing_fips,100.0,1.0
P::B::G037,G037,MN,murray,MURRAY,0,27101,CHANARAMBIE SUBSTATION,,,,,27101,P::B::G037,existing_fips,100.0,1.0
P::B::G036,G036,WI,wood,WOOD,0,55141,UNKNOWN,,,,,55141,P::B::G036,existing_fips,100.0,1.0
P::B::G035,G035,WI,rock,ROCK,0,55105,ROCK RIVER 138KV SUBSTATION,,,,,55105,P::B::G035,existing_fips,100.0,1.0
P::B::G034,G034,MN,swift,SWIFT,0,27151,BENSON 115KV SUBSTATION S046,,,,,27151,P::B::G034,existing_fips,100.0,1.0
P::B::G033,G033,IA,monroe,MONROE,0,19135,UNKNOWN,,,,,19135,P::B::G033,existing_fips,100.0,1.0
P::B::G032,G032,KY,hancock,HANCOCK,0,21091,CLOVERPORT 138KV SUBSTATION,,,,,21091,P::B::G032,existing_fips,100.0,1.0
P::B::G030,G030,IN,switzerland,SWITZERLAND,0,18155,UNKNOWN,,,,,18155,P::B::G030,existing_fips,100.0,1.0
P::B::G029,G029,IN,lawrence,LAWRENCE,0,18093,UNKNOWN,,,,,18093,P::B::G029,existing_fips,100.0,1.0
P::B::G028,G028,IN,jefferson,JEFFERSON,0,18077,UNKNOWN,,,,,18077,P::B::G028,existing_fips,100.0,1.0
P::B::G027,G027,IN,jefferson,JEFFERSON,0,18077,UNKNOWN,,,,,18077,P::B::G027,existing_fips,100.0,1.0
P::B::G026,G026,MI,wayne,WAYNE,0,26163,UNKNOWN,,,,,26163,P::B::G026,existing_fips,100.0,1.0
P::B::G025,G025,IN,marion,MARION,0,18097,UNKNOWN,,,,,18097,P::B::G025,existing_fips,100.0,1.0
P::B::G023,G023,MI,wayne,WAYNE,0,26163,UNKNOWN,,,,,26163,P::B::G023,existing_fips,100.0,1.0
P::B::G022,G022,IL,williamson,WILLIAMSON,0,17199,UNKNOWN,,,,,17199,P::B::G022,existing_fips,100.0,1.0
P::B::G021,G021,IL,williamson,WILLIAMSON,0,17199,UNKNOWN,,,,,17199,P::B::G021,existing_fips,100.0,1.0
P::B::G020,G020,MN,dakota,DAKOTA,0,27037,UNKNOWN,,,,,27037,P::B::G020,existing_fips,100.0,1.0
P::B::G019,G019,KY,oldham,OLDHAM,0,21185,UNKNOWN,,,,,21185,P::B::G019,existing_fips,100.0,1.0
P::B::G018,G018,KY,trimble,TRIMBLE,0,21223,UNKNOWN,,,,,21223,P::B::G018,existing_fips,100.0,1.0
P::B::G017,G017,KY,trimble,TRIMBLE,0,21223,UNKNOWN,,,,,21223,P::B::G017,existing_fips,100.0,1.0
P::B::G016,G016,KY,trimble,TRIMBLE,0,21223,UNKNOWN,,,,,21223,P::B::G016,existing_fips,100.0,1.0
P::B::G015,G015,IN,lawrence,LAWRENCE,0,18093,UNKNOWN,,,,,18093,P::B::G015,existing_fips,100.0,1.0
P::B::G013,G013,WI,manitowoc,MANITOWOC,0,55071,UNKNOWN,,,,,55071,P::B::G013,existing_fips,100.0,1.0
P::B::G012,G012,MI,st. clair,SAINT CLAIR,0,26147,UNKNOWN,,,,,26147,P::B::G012,existing_fips,100.0,1.0
P::B::G011,G011,IN,pike,PIKE,0,18125,UNKNOWN,,,,,18125,P::B::G011,existing_fips,100.0,1.0
P::B::G010,G010,IN,vigo,VIGO,0,18167,DRESSER CAYUGA CT 345KV,,,,,18167,P::B::G010,existing_fips,100.0,1.0
P::B::G009,G009,IN,vigo,VIGO,0,18167,UNKNOWN,,,,,18167,P::B::G009,existing_fips,100.0,1.0
P::B::G006,G006,MN,clay,CLAY,0,27027,UNKNOWN,,,,,27027,P::B::G006,existing_fips,100.0,1.0
P::B::G040,G040,MN,nobles,NOBLES,0,27105,UNKNOWN,,,,,27105,P::B::G040,existing_fips,100.0,1.0
P::B::G005,G005,MN,lincoln,LINCOLN,0,27081,UNKNOWN,,,,,27081,P::B::G005,existing_fips,100.0,1.0
P::B::G041,G041,MN,pipestone,PIPESTONE,0,27117,UNKNOWN,,,,,27117,P::B::G041,existing_fips,100.0,1.0
P::B::G043,G043,MN,ramsey,RAMSEY,0,27123,HIGH BRIDGE SUBSTATION,,,,,27123,P::B::G043,existing_fips,100.0,1.0
P::B::G073,G073,MN,lincoln,LINCOLN,0,27081,UNKNOWN,,,,,27081,P::B::G073,existing_fips,100.0,1.0
P::B::G072,G072,WI,rock,ROCK,0,55105,ROCK RIVER SUBSTATION,,,,,55105,P::B::G072,existing_fips,100.0,1.0
P::B::G071,G071,OH,greene,GREENE,0,39057,UNKNOWN,,,,,39057,P::B::G071,existing_fips,100.0,1.0
P::B::G070,G070,KY,mccracken,MCCRACKEN,0,21145,UNKNOWN,,,,,21145,P::B::G070,existing_fips,100.0,1.0
P::B::G069,G069,KY,trimble,TRIMBLE,0,21223,UNKNOWN,,,,,21223,P::B::G069,existing_fips,100.0,1.0
P::B::G068,G068,WI,racine,RACINE,0,55101,UNKNOWN,,,,,55101,P::B::G068,existing_fips,100.0,1.0
P::B::G067,G067,ND,cass,CASS,0,38017,UNKNOWN,,,,,38017,P::B::G067,existing_fips,100.0,1.0
P::B::G066,G066,MI,monroe,MONROE,0,26115,UNKNOWN,,,,,26115,P::B::G066,existing_fips,100.0,1.0
P::B::G065,G065,MI,st. clair,SAINT CLAIR,0,26147,UNKNOWN,,,,,26147,P::B::G065,existing_fips,100.0,1.0
P::B::G064,G064,IN,hamilton,HAMILTON,0,18057,NOBLESVILLE,,,,,18057,P::B::G064,existing_fips,100.0,1.0
P::B::G063,G063,WI,manitowoc,MANITOWOC,0,55071,UNKNOWN,,,,,55071,P::B::G063,existing_fips,100.0,1.0
P::B::G062,G062,WI,wood,WOOD,0,55141,UNKNOWN,,,,,55141,P::B::G062,existing_fips,100.0,1.0
P::B::G061,G061,IL,jackson,JACKSON,0,17077,UNKNOWN,,,,,17077,P::B::G061,existing_fips,100.0,1.0
P::B::G060,G060,MN,murray,MURRAY,0,27101,CHANARAMBIE SUBSTATION,,,,,27101,P::B::G060,existing_fips,100.0,1.0
P::B::G059,G059,MN,beltrami,BELTRAMI,0,27007,SOLWAY CT SUBSTATION,,,,,27007,P::B::G059,existing_fips,100.0,1.0
P::B::G058,G058,SD,grant,GRANT,0,46051,VALLEY QUEEN 12 5KV,,,,,46051,P::B::G058,existing_fips,100.0,1.0
P::B::G057,G057,MN,murray,MURRAY,0,27101,UNKNOWN,,,,,27101,P::B::G057,existing_fips,100.0,1.0
P::B::G056,G056,IA,hancock,HANCOCK,0,19081,SIOUX AVENUE SUBSTATION,,,,,19081,P::B::G056,existing_fips,100.0,1.0
P::B::G055,G055,IA,dubuque,DUBUQUE,0,19061,UNKNOWN,,,,,19061,P::B::G055,existing_fips,100.0,1.0
P::B::G054,G054,WI,waukesha,WAUKESHA,0,55133,UNKNOWN,,,,,55133,P::B::G054,existing_fips,100.0,1.0
P::B::G053,G053,IN,posey,POSEY,0,18129,UNKNOWN,,,,,18129,P::B::G053,existing_fips,100.0,1.0
P::B::G052,G052,WI,sheboygan,SHEBOYGAN,0,55117,UNKNOWN,,,,,55117,P::B::G052,existing_fips,100.0,1.0
P::B::G051,G051,WI,milwaukee,MILWAUKEE,0,55079,OAK CREEK SUBSTATION,,,,,55079,P::B::G051,existing_fips,100.0,1.0
P::B::G050,G050,WI,portage,PORTAGE,0,55097,UNKNOWN,,,,,55097,P::B::G050,existing_fips,100.0,1.0
P::B::G048,G048,WI,fond du lac,FOND DU LAC,0,55039,UNKNOWN,,,,,55039,P::B::G048,existing_fips,100.0,1.0
P::B::G047,G047,MI,washtenaw,WASHTENAW,0,26161,UNKNOWN,,,,,26161,P::B::G047,existing_fips,100.0,1.0
P::B::G046,G046,IA,worth,WORTH,0,19195,WORTH COUNTY SWITCHING STATION,,,,,19195,P::B::G046,existing_fips,100.0,1.0
P::B::G045,G045,WI,rock,ROCK,0,55105,UNKNOWN,,,,,55105,P::B::G045,existing_fips,100.0,1.0
P::B::G044,G044,WI,outagamie,OUTAGAMIE,0,55087,POINT BEACH NORTH APPLETON 345KV,,,,,55087,P::B::G044,existing_fips,100.0,1.0
P::B::G042,G042,MI,st. clair,SAINT CLAIR,0,26147,UNKNOWN,,,,,26147,P::B::G042,existing_fips,100.0,1.0
P::B::G004,G004,KY,mercer,MERCER,0,21167,UNKNOWN,,,,,21167,P::B::G004,existing_fips,100.0,1.0
P::B::G003,G003,KY,trimble,TRIMBLE,0,21223,UNKNOWN,,,,,21223,P::B::G003,existing_fips,100.0,1.0
P::B::G002,G002,KY,trimble,TRIMBLE,0,21223,UNKNOWN,,,,,21223,P::B::G002,existing_fips,100.0,1.0
P::B::E0022,E0022,MN,Benton,BENTON,0,27009,BENTON COUNTY 115KV SUBSTATION,,,,,27009,P::B::E0022,existing_fips,100.0,1.0
P::B::E0021,E0021,IN,Boone,BOONE,0,18011,HORTONVILLE WHITESTOWN 345KV,,,,,18011,P::B::E0021,existing_fips,100.0,1.0
P::B::E0020,E0020,MN,Benton,BENTON,0,27009,BENTON COUNTY 115KV SUBSTATION,,,,,27009,P::B::E0020,existing_fips,100.0,1.0
P::B::E002,E002,LA,pointe coupee,POINTE COUPEE,0,22077,500KV SWITCHYARD AT BIG CAJON II,,,,,22077,P::B::E002,existing_fips,100.0,1.0
P::B::E0019,E0019,MI,Sanilac,SANILAC,0,26151,GREENWOOD RAPSON 345KV,,,,,26151,P::B::E0019,existing_fips,100.0,1.0
P::B::E0018,E0018,MI,Monroe,MONROE,0,26115,MONROE BAYSHORE 315KV,,,,,26115,P::B::E0018,existing_fips,100.0,1.0
P::B::E0017,E0017,MO,Lincoln,LINCOLN,0,29113,HARLEY PIKE 161KV,,,,,29113,P::B::E0017,existing_fips,100.0,1.0
P::B::E0016,E0016,WI,Calumet,CALUMET,0,55015,FORREST JUNCTION,,,,,55015,P::B::E0016,existing_fips,100.0,1.0
P::B::E0015,E0015,IA,Franklin,FRANKLIN,0,19069,QUINN BLACKHAWK 345KV,,,,,19069,P::B::E0015,existing_fips,100.0,1.0
P::B::E0014,E0014,LA,Richland Parish,RICHLAND,0,22083,SMALLING 230KV SUBSTATION NEW,,,,,22083,P::B::E0014,existing_fips,100.0,1.0
P::B::E0013,E0013,MO,Sullivan,SULLIVAN,0,29211,ZACHARY DENNY 345KV,,,,,29211,P::B::E0013,existing_fips,100.0,1.0
P::B::E0012,E0012,WI,Kenosha,KENOSHA,0,55059,PARIS LAKEVIEW 345KV DOUBLE CIRCUIT,,,,,55059,P::B::E0012,existing_fips,100.0,1.0
P::B::E0011,E0011,MN,Itasca,ITASCA,0,27061,BOSWELL 230KV,,,,,27061,P::B::E0011,existing_fips,100.0,1.0
P::B::E0010,E0010,IA,Marshall,MARSHALL,0,19127,TWINKLE 345KV SUBSTATION,,,,,19127,P::B::E0010,existing_fips,100.0,1.0
P::B::E0009,E0009,IA,Linn,LINN,0,19113,ARNOLD 161KV SUBSTATION,,,,,19113,P::B::E0009,existing_fips,100.0,1.0
P::B::E0008,E0008,MI,Monroe,MONROE,0,26115,ENRICO BROWNSTOWN 345KV,,,,,26115,P::B::E0008,existing_fips,100.0,1.0
P::B::E0007,E0007,MI,Arenac,ARENAC,0,26011,TWINING WHITTEMORE 138KV,,,,,26011,P::B::E0007,existing_fips,100.0,1.0
P::B::E0006,E0006,MN,Olmsted,OLMSTED,0,27109,BYRON 345KV SUBSTATION,,,,,27109,P::B::E0006,existing_fips,100.0,1.0
P::B::E0005,E0005,MN,Otter Tail,OTTER TAIL,0,27111,HOOT LAKE 115KV SUBSTATION,,,,,27111,P::B::E0005,existing_fips,100.0,1.0
P::B::E0004,E0004,MI,Saginaw,SAGINAW,0,26145,BULLOCK SIGNAW RIVER 138KV,,,,,26145,P::B::E0004,existing_fips,100.0,1.0
P::B::E0003,E0003,IL,Sangamon,SANGAMON,0,17167,PALOMINO 138KV SUBSTATION,,,,,17167,P::B::E0003,existing_fips,100.0,1.0
P::B::E0002,E0002,IA,Adair,ADAIR,0,19001,NORTHBORO ORIENT 345KV,,,,,19001,P::B::E0002,existing_fips,100.0,1.0
P::B::APP-100259,APP-100259,LA,Livingston Parish,LIVINGSTON,0,22063,WILLIOW GLENN TO COLY 500KV,,,,,22063,P::B::APP-100259,existing_fips,100.0,1.0
P::B::APP-100248,APP-100248,IN,Vigo,VIGO,0,18167,WABASH RIVER WHITESVILLE SOUTH 230KV,,,,,18167,P::B::APP-100248,existing_fips,100.0,1.0
P::B::APP-100245,APP-100245,IN,Sullivan,SULLIVAN,0,18153,MEROM STORAGE COLLECTOR SUB 345KV,,,,,18153,P::B::APP-100245,existing_fips,100.0,1.0
P::B::APP-100103,APP-100103,LA,,,0,,,,,,,,P::B::APP-100103,unmatched,0.0,0.0
P::B::APP-100096,APP-100096,LA,,,0,,,,,,,,P::B::APP-100096,unmatched,0.0,0.0
P::B::APP-100087,APP-100087,ND,,,0,,,,,,,,P::B::APP-100087,unmatched,0.0,0.0
P::B::APP-100016,APP-100016,LA,,,0,,,,,,,,P::B::APP-100016,unmatched,0.0,0.0
P::B::E0023,E0023,MN,Rice,RICE,0,27131,FAIRBAULT ENERGY PARK,,,,,27131,P::B::E0023,existing_fips,100.0,1.0
P::B::E0024,E0024,LA,Tangipahoa Parish,TANGIPAHOA,0,22105,AMITE 115KV SUBSTATION,,,,,22105,P::B::E0024,existing_fips,100.0,1.0
P::B::E0025,E0025,IA,Linn,LINN,0,19113,MORGANN VALLEY BEVERLY 345KV,,,,,19113,P::B::E0025,existing_fips,100.0,1.0
P::B::E0026,E0026,MN,Goodhue,GOODHUE,0,27049,COLVILL 115KV SUBSTATION,,,,,27049,P::B::E0026,existing_fips,100.0,1.0
P::B::G001,G001,WI,brown,BROWN,0,55009,UNKNOWN,,,,,55009,P::B::G001,existing_fips,100.0,1.0
P::B::E291,E291,TX,,,0,,RICH 138KV SUBSTATION,,,,,,P::B::E291,unmatched,0.0,0.0
P::B::E0054,E0054,IN,Sullivan,SULLIVAN,0,18153,MEROM SUBSTATION,,,,,18153,P::B::E0054,existing_fips,100.0,1.0
P::B::E0053,E0053,IL,Bureau,BUREAU,0,17011,BUREAU PRINCETON 138KV,,,,,17011,P::B::E0053,existing_fips,100.0,1.0
P::B::E0052,E0052,IL,Greene,GREENE,0,17061,ROADHOUSE WEST SUBSTATION,,,,,17061,P::B::E0052,existing_fips,100.0,1.0
P::B::E0051,E0051,LA,Pointe Coupee Parish,POINTE COUPEE,0,22077,BIG CAJUN 500KV,,,,,22077,P::B::E0051,existing_fips,100.0,1.0
P::B::E0050,E0050,IA,Linn,LINN,0,19113,MORGAN VALLEY DUANE ARNOLD 345KV,,,,,19113,P::B::E0050,existing_fips,100.0,1.0
P::B::E0049,E0049,IA,Cerro Gordo,CERRO GORDO,0,19033,KILLDEER,,,,,19033,P::B::E0049,existing_fips,100.0,1.0
P::B::E0048,E0048,LA,Rapides Parish,RAPIDES,0,22079,RODEMACHER,,,,,22079,P::B::E0048,existing_fips,100.0,1.0
P::B::E0047,E0047,MS,Hinds,HINDS,0,28049,GREEN ACRES 230KV NEW,,,,,28049,P::B::E0047,existing_fips,100.0,1.0
P::B::E0046,E0046,IN,Anderson,ANDERSON,0,,NOBLESVILLE FALL CREEK 345KV,,,,,,P::B::E0046,unmatched,0.0,0.0
P::B::E0045,E0045,LA,Calcasieu Parish,CALCASIEU,0,22019,NELSON 230KV SUBSTATION NEW,,,,,22019,P::B::E0045,existing_fips,100.0,1.0
P::B::E0044,E0044,LA,Richland Parish,RICHLAND,0,22083,WEST FORK CREEK 230KV SUBSTATION NEW,,,,,22083,P::B::E0044,existing_fips,100.0,1.0
P::B::E0043,E0043,LA,Richland Parish,RICHLAND,0,22083,WEST FORK CREEK 230KV SUBSTATION NEW,,,,,22083,P::B::E0043,existing_fips,100.0,1.0
P::B::G074,G074,WI,outagamie,OUTAGAMIE,0,55087,UNKNOWN,,,,,55087,P::B::G074,existing_fips,100.0,1.0
P::B::E0042,E0042,IN,Jasper,JASPER,0,18073,SCHAHFER GEN STA,,,,,18073,P::B::E0042,existing_fips,100.0,1.0
P::B::E0040,E0040,MN,Nobles,NOBLES,0,27105,NOBLES COUNTY 345KV SUBSTATION,,,,,27105,P::B::E0040,existing_fips,100.0,1.0
P::B::E0039,E0039,IN,Porter,PORTER,0,18127,MALDEN 345KV SUBSTATION NEW,,,,,18127,P::B::E0039,existing_fips,100.0,1.0
P::B::E0038,E0038,WI,Winnebago,WINNEBAGO,0,55139,NEEVIN 138KV SUBSTATION,,,,,55139,P::B::E0038,existing_fips,100.0,1.0
P::B::E0037,E0037,WI,Sheboygan,SHEBOYGAN,0,55117,SHEBOYGAN ENERGY CENTER 345KV,,,,,55117,P::B::E0037,existing_fips,100.0,1.0
P::B::E0036,E0036,MN,Freeborn,FREEBORN,0,27047,FREEBORN 161KV SUBSTATION,,,,,27047,P::B::E0036,existing_fips,100.0,1.0
P::B::E0035,E0035,IN,Porter,PORTER,0,18127,MALDEN 345KV SUBSTATION NEW,,,,,18127,P::B::E0035,existing_fips,100.0,1.0
P::B::E0034,E0034,SD,Brookings,BROOKINGS,0,46011,BROOKINGS COUNTY,,,,,46011,P::B::E0034,existing_fips,100.0,1.0
P::B::E0033,E0033,IN,Lake,LAKE,0,18089,MITCHELL GEN STATION,,,,,18089,P::B::E0033,existing_fips,100.0,1.0
P::B::E0032,E0032,TX,San Jacinto,SAN JACINTO,0,48407,JANCINTO 230KV SUBSTATION,,,,,48407,P::B::E0032,existing_fips,100.0,1.0
P::B::E0031,E0031,MS,Warren,WARREN,0,28149,BAXTER WILSON 115KV SUBSTATION,,,,,28149,P::B::E0031,existing_fips,100.0,1.0
P::B::E0030,E0030,TX,Jefferson,JEFFERSON,0,48245,LEGEND 230KV SUBSTATION,,,,,48245,P::B::E0030,existing_fips,100.0,1.0
P::B::E0029,E0029,LA,St. Charles Parish,SAINT CHARLES,0,22089,WATERFORD 500KV SUBSTATION,,,,,22089,P::B::E0029,existing_fips,100.0,1.0
P::B::E0028,E0028,MN,Olmsted,OLMSTED,0,27109,WESTSIDE 161KV SUBSTATION,,,,,27109,P::B::E0028,existing_fips,100.0,1.0
P::B::E0027,E0027,ND,Morton,MORTON,0,38059,NELSON LAKE 230KV SUBSTATION,,,,,38059,P::B::E0027,existing_fips,100.0,1.0
P::B::E0041,E0041,MN,Sherburne,SHERBURNE,0,27141,SHERBURNE CO 345KV SUBTATION,,,,,27141,P::B::E0041,existing_fips,100.0,1.0
P::B::G075,G075,IN,putnam,PUTNAM,0,18133,UNKNOWN,,,,,18133,P::B::G075,existing_fips,100.0,1.0
P::B::G076,G076,WI,grant,GRANT,0,55043,UNKNOWN,,,,,55043,P::B::G076,existing_fips,100.0,1.0
P::B::G077,G077,MI,washtenaw,WASHTENAW,0,26161,UNKNOWN,,,,,26161,P::B::G077,existing_fips,100.0,1.0
P::B::G180,G180,IA,marshall,MARSHALL,0,19127,UNKNOWN,,,,,19127,P::B::G180,existing_fips,100.0,1.0
P::B::G179,G179,IA,clinton,CLINTON,0,19045,UNKNOWN,,,,,19045,P::B::G179,existing_fips,100.0,1.0
P::B::G178,G178,IA,clinton,CLINTON,0,19045,UNKNOWN,,,,,19045,P::B::G178,existing_fips,100.0,1.0
P::B::G177,G177,MN,lyon,LYON,0,27083,UNKNOWN,,,,,27083,P::B::G177,existing_fips,100.0,1.0
P::B::G176,G176,MN,lincoln,LINCOLN,0,27081,YANKEE SUBSTATION,,,,,27081,P::B::G176,existing_fips,100.0,1.0
P::B::G175,G175,MN,ramsey,RAMSEY,0,27123,UNKNOWN,,,,,27123,P::B::G175,existing_fips,100.0,1.0
P::B::G174,G174,IA,cerro gordo,CERRO GORDO,0,19033,UNKNOWN,,,,,19033,P::B::G174,existing_fips,100.0,1.0
P::B::G173,G173,MN,rice,RICE,0,27131,LAKE MARION WEST FARIBAULT 115KV,,,,,27131,P::B::G173,existing_fips,100.0,1.0
P::B::G172,G172,MN,mower,MOWER,0,27099,ADAMS SUBSTATION,,,,,27099,P::B::G172,existing_fips,100.0,1.0
P::B::G171,G171,MN,dodge,DODGE,0,27039,DODGE CENTER SUBSTATION,,,,,27039,P::B::G171,existing_fips,100.0,1.0
P::B::G170,G170,MN,washington,WASHINGTON,0,27163,KING SUBSTATION,,,,,27163,P::B::G170,existing_fips,100.0,1.0
P::B::G169,G169,MN,sherburne,SHERBURNE,0,27141,UNKNOWN,,,,,27141,P::B::G169,existing_fips,100.0,1.0
P::B::G168,G168,MN,dakota,DAKOTA,0,27037,UNKNOWN,,,,,27037,P::B::G168,existing_fips,100.0,1.0
P::B::G167,G167,WI,kenosha,KENOSHA,0,55059,UNKNOWN,,,,,55059,P::B::G167,existing_fips,100.0,1.0
P::B::G166,G166,WI,sheboygan,SHEBOYGAN,0,55117,UNKNOWN,,,,,55117,P::B::G166,existing_fips,100.0,1.0
P::B::G165,G165,WI,kewaunee,KEWAUNEE,0,55061,KEWAUNEE SUBSTATION,,,,,55061,P::B::G165,existing_fips,100.0,1.0
P::B::G164,G164,MN,martin,MARTIN,0,27091,LAKEFIELD JUNCTION 345KV SUBSTATION,,,,,27091,P::B::G164,existing_fips,100.0,1.0
P::B::G163,G163,MN,murray,MURRAY,0,27101,UNKNOWN,,,,,27101,P::B::G163,existing_fips,100.0,1.0
P::B::G162,G162,MN,nobles,NOBLES,0,27105,FENTON SUBSTATION,,,,,27105,P::B::G162,existing_fips,100.0,1.0
P::B::G161,G161,WI,iron,IRON,0,55051,UNKNOWN,,,,,55051,P::B::G161,existing_fips,100.0,1.0
P::B::G160,G160,WI,dane,DANE,0,55025,WALNUT 69KV SUBSTATION,,,,,55025,P::B::G160,existing_fips,100.0,1.0
P::B::G159,G159,IA,buchanan,BUCHANAN,0,19019,UNKNOWN,,,,,19019,P::B::G159,existing_fips,100.0,1.0
P::B::G158,G158,IA,linn,LINN,0,19113,UNKNOWN,,,,,19113,P::B::G158,existing_fips,100.0,1.0
P::B::G157,G157,IA,linn,LINN,0,19113,UNKNOWN,,,,,19113,P::B::G157,existing_fips,100.0,1.0
P::B::G156,G156,IA,cerro gordo,CERRO GORDO,0,19033,UNKNOWN,,,,,19033,P::B::G156,existing_fips,100.0,1.0
P::B::G154,G154,SD,deuel,DEUEL,0,46039,UNKNOWN,,,,,46039,P::B::G154,existing_fips,100.0,1.0
P::B::G152,G152,WI,calumet,CALUMET,0,55015,UNKNOWN,,,,,55015,P::B::G152,existing_fips,100.0,1.0
P::B::G151,G151,ND,mcintosh,MCINTOSH,0,38051,UNKNOWN,,,,,38051,P::B::G151,existing_fips,100.0,1.0
P::B::G150,G150,ND,mcintosh,MCINTOSH,0,38051,UNKNOWN,,,,,38051,P::B::G150,existing_fips,100.0,1.0
P::B::G181,G181,IA,buchanan,BUCHANAN,0,19019,UNKNOWN,,,,,19019,P::B::G181,existing_fips,100.0,1.0
P::B::G182,G182,IA,buchanan,BUCHANAN,0,19019,UNKNOWN,,,,,19019,P::B::G182,existing_fips,100.0,1.0
P::B::G183,G183,MN,murray,MURRAY,0,27101,UNKNOWN,,,,,27101,P::B::G183,existing_fips,100.0,1.0
P::B::G184,G184,MN,pipestone,PIPESTONE,0,27117,UNKNOWN,,,,,27117,P::B::G184,existing_fips,100.0,1.0
P::B::G234,G234,MI,jackson,JACKSON,0,26075,UNKNOWN,,,,,26075,P::B::G234,existing_fips,100.0,1.0
P::B::G233,G233,MN,murray,MURRAY,0,27101,UNKNOWN,,,,,27101,P::B::G233,existing_fips,100.0,1.0
P::B::G232,G232,IA,dickinson,DICKINSON,0,19059,UNKNOWN,,,,,19059,P::B::G232,existing_fips,100.0,1.0
P::B::G231,G231,WI,outagamie,OUTAGAMIE,0,55087,UNKNOWN,,,,,55087,P::B::G231,existing_fips,100.0,1.0
P::B::G230,G230,IA,linn,LINN,0,19113,COGGON MUNICIPAL SUBSTATIONS,,,,,19113,P::B::G230,existing_fips,100.0,1.0
P::B::G229,G229,MI,oceana,OCEANA,0,26127,UNKNOWN,,,,,26127,P::B::G229,existing_fips,100.0,1.0
P::B::G228,G228,MI,oceana,OCEANA,0,26127,UNKNOWN,,,,,26127,P::B::G228,existing_fips,100.0,1.0
P::B::G227,G227,MI,ingham,INGHAM,0,26065,UNKNOWN,,,,,26065,P::B::G227,existing_fips,100.0,1.0
P::B::G226.1,G226.1,MI,ingham,INGHAM,0,26065,UNKNOWN,,,,,26065,P::B::G226.1,existing_fips,100.0,1.0
P::B::G226,G226,MN,pipestone,PIPESTONE,0,27117,UNKNOWN,,,,,27117,P::B::G226,existing_fips,100.0,1.0
P::B::G225,G225,WI,outagamie,OUTAGAMIE,0,55087,KAUKAUNA CENTRAL SUBSTATION,,,,,55087,P::B::G225,existing_fips,100.0,1.0
P::B::G224,G224,WI,outagamie,OUTAGAMIE,0,55087,UNKNOWN,,,,,55087,P::B::G224,existing_fips,100.0,1.0
P::B::G223,G223,MN,dakota,DAKOTA,0,27037,UNKNOWN,,,,,27037,P::B::G223,existing_fips,100.0,1.0
P::B::G222,G222,WI,burnett,BURNETT,0,55013,UNKNOWN,,,,,55013,P::B::G222,existing_fips,100.0,1.0
P::B::G148,G148,WI,juneau,JUNEAU,0,55057,UNKNOWN,,,,,55057,P::B::G148,existing_fips,100.0,1.0
P::B::G221,G221,ND,dickey,DICKEY,0,38021,UNKNOWN,,,,,38021,P::B::G221,existing_fips,100.0,1.0
P::B::G219,G219,IA,johnson,JOHNSON,0,19103,UNKNOWN,,,,,19103,P::B::G219,existing_fips,100.0,1.0
P::B::G218,G218,KY,trimble,TRIMBLE,0,21223,TRIMBLE SUBSTATION,,,,,21223,P::B::G218,existing_fips,100.0,1.0
P::B::G217 CONS 94,G217 CONS 94,MI,livingston,LIVINGSTON,0,26093,UNKNOWN,,,,,26093,P::B::G217 CONS 94,existing_fips,100.0,1.0
P::B::G217 CONS 111,G217 CONS 111,MI,kent,KENT,0,26081,UNKNOWN,,,,,26081,P::B::G217 CONS 111,existing_fips,100.0,1.0
P::B::G216 CONS 90,G216 CONS 90,MI,ionia,IONIA,0,26067,UNKNOWN,,,,,26067,P::B::G216 CONS 90,existing_fips,100.0,1.0
P::B::G216 CONS 110,G216 CONS 110,MI,livingston,LIVINGSTON,0,26093,UNKNOWN,,,,,26093,P::B::G216 CONS 110,existing_fips,100.0,1.0
P::B::G212 CONS 105,G212 CONS 105,MI,cheboygan,CHEBOYGAN,0,26031,UNKNOWN,,,,,26031,P::B::G212 CONS 105,existing_fips,100.0,1.0
P::B::G210 CONS 103,G210 CONS 103,MI,saginaw,SAGINAW,0,26145,UNKNOWN,,,,,26145,P::B::G210 CONS 103,existing_fips,100.0,1.0
P::B::G207 CONS 37,G207 CONS 37,MI,saginaw,SAGINAW,0,26145,UNKNOWN,,,,,26145,P::B::G207 CONS 37,existing_fips,100.0,1.0
P::B::G194 CONS 7,G194 CONS 7,MI,saginaw,SAGINAW,0,26145,UNKNOWN,,,,,26145,P::B::G194 CONS 7,existing_fips,100.0,1.0
P::B::G188,G188,IA,henry,HENRY,0,19087,NEW LONDON SUBSTATION,,,,,19087,P::B::G188,existing_fips,100.0,1.0
P::B::G187,G187,IA,muscatine,MUSCATINE,0,19139,UNKNOWN,,,,,19139,P::B::G187,existing_fips,100.0,1.0
P::B::G186,G186,IA,cerro gordo,CERRO GORDO,0,19033,EMERY SUBSTATION,,,,,19033,P::B::G186,existing_fips,100.0,1.0
P::B::G185,G185,MN,pipestone,PIPESTONE,0,27117,PIPESTONE DELL RAPIDS 69KV,,,,,27117,P::B::G185,existing_fips,100.0,1.0
P::B::G220,G220,IA,buchanan,BUCHANAN,0,19019,UNKNOWN,,,,,19019,P::B::G220,existing_fips,100.0,1.0
P::B::G236,G236,MN,chisago,CHISAGO,0,27025,UNKNOWN,,,,,27025,P::B::G236,existing_fips,100.0,1.0
P::B::G147,G147,WI,iowa,IOWA,0,55049,UNKNOWN,,,,,55049,P::B::G147,existing_fips,100.0,1.0
P::B::G145,G145,WI,wood,WOOD,0,55141,UNKNOWN,,,,,55141,P::B::G145,existing_fips,100.0,1.0
P::B::G110,G110,ND,bowman,BOWMAN,0,38011,UNKNOWN,,,,,38011,P::B::G110,existing_fips,100.0,1.0
P::B::G109,G109,MN,faribault,FARIBAULT,0,27043,UNKNOWN,,,,,27043,P::B::G109,existing_fips,100.0,1.0
P::B::G108,G108,KY,henderson,HENDERSON,0,21101,UNKNOWN,,,,,21101,P::B::G108,existing_fips,100.0,1.0
P::B::G106,G106,MI,wayne,WAYNE,0,26163,UNKNOWN,,,,,26163,P::B::G106,existing_fips,100.0,1.0
P::B::G105,G105,MI,wayne,WAYNE,0,26163,UNKNOWN,,,,,26163,P::B::G105,existing_fips,100.0,1.0
P::B::G104,G104,IA,winnebago,WINNEBAGO,0,19189,UNKNOWN,,,,,19189,P::B::G104,existing_fips,100.0,1.0
P::B::G103,G103,WI,sheboygan,SHEBOYGAN,0,55117,POINT BEACH SHEBOYGAN SWITCHING STATION,,,,,55117,P::B::G103,existing_fips,100.0,1.0
P::B::G102,G102,WI,calumet,CALUMET,0,55015,UNKNOWN,,,,,55015,P::B::G102,existing_fips,100.0,1.0
P::B::G101,G101,WI,outagamie,OUTAGAMIE,0,55087,UNKNOWN,,,,,55087,P::B::G101,existing_fips,100.0,1.0
P::B::G100,G100,WI,winnebago,WINNEBAGO,0,55139,UNKNOWN,,,,,55139,P::B::G100,existing_fips,100.0,1.0
P::B::G099,G099,IL,jackson,JACKSON,0,17077,UNKNOWN,,,,,17077,P::B::G099,existing_fips,100.0,1.0
P::B::G098,G098,OH,butler,BUTLER,0,39017,UNKNOWN,,,,,39017,P::B::G098,existing_fips,100.0,1.0
P::B::G097,G097,MN,murray,MURRAY,0,27101,UNKNOWN,,,,,27101,P::B::G097,existing_fips,100.0,1.0
P::B::G096,G096,WI,dane,DANE,0,55025,WALNUT 69KV SUBSTATION,,,,,55025,P::B::G096,existing_fips,100.0,1.0
P::B::G095,G095,MI,wayne,WAYNE,0,26163,UNKNOWN,,,,,26163,P::B::G095,existing_fips,100.0,1.0
P::B::G094,G094,OH,butler,BUTLER,0,39017,UNKNOWN,,,,,39017,P::B::G094,existing_fips,100.0,1.0
P::B::G093,G093,WI,ozaukee,OZAUKEE,0,55089,PORT WASHINGTON SUBSTATION,,,,,55089,P::B::G093,existing_fips,100.0,1.0
P::B::G092,G092,NE,lancaster,LANCASTER,0,31109,UNKNOWN,,,,,31109,P::B::G092,existing_fips,100.0,1.0
P::B::G088,G088,IN,shelby,SHELBY,0,18145,UNKNOWN,,,,,18145,P::B::G088,existing_fips,100.0,1.0
P::B::G087,G087,WI,grant,GRANT,0,55043,UNKNOWN,,,,,55043,P::B::G087,existing_fips,100.0,1.0
P::B::G086,G086,WI,brown,BROWN,0,55009,UNKNOWN,,,,,55009,P::B::G086,existing_fips,100.0,1.0
P::B::G085,G085,WI,jackson,JACKSON,0,55053,UNKNOWN,,,,,55053,P::B::G085,existing_fips,100.0,1.0
P::B::G084,G084,IN,lawrence,LAWRENCE,0,18093,NAPOLEON TASWELL 161KV,,,,,18093,P::B::G084,existing_fips,100.0,1.0
P::B::G083,G083,OH,hamilton,HAMILTON,0,39061,UNKNOWN,,,,,39061,P::B::G083,existing_fips,100.0,1.0
P::B::G082,G082,OH,hamilton,HAMILTON,0,39061,UNKNOWN,,,,,39061,P::B::G082,existing_fips,100.0,1.0
P::B::G081,G081,MN,pipestone,PIPESTONE,0,27117,UNKNOWN,,,,,27117,P::B::G081,existing_fips,100.0,1.0
P::B::G080,G080,IN,vermillion,VERMILLION,0,18165,UNKNOWN,,,,,18165,P::B::G080,existing_fips,100.0,1.0
P::B::G079,G079,IN,vermillion,VERMILLION,0,18165,UNKNOWN,,,,,18165,P::B::G079,existing_fips,100.0,1.0
P::B::G078,G078,WI,wood,WOOD,0,55141,UNKNOWN,,,,,55141,P::B::G078,existing_fips,100.0,1.0
P::B::G111,G111,WI,brown,BROWN,0,55009,UNKNOWN,,,,,55009,P::B::G111,existing_fips,100.0,1.0
P::B::G112,G112,WI,marathon,MARATHON,0,55073,UNKNOWN,,,,,55073,P::B::G112,existing_fips,100.0,1.0
P::B::G113,G113,MN,mower,MOWER,0,27099,ADAMS SUBSTATION,,,,,27099,P::B::G113,existing_fips,100.0,1.0
P::B::G114,G114,WI,juneau,JUNEAU,0,55057,UNKNOWN,,,,,55057,P::B::G114,existing_fips,100.0,1.0
P::B::G144,G144,WI,marathon,MARATHON,0,55073,WPS WESTON 345KV SUBSTATION,,,,,55073,P::B::G144,existing_fips,100.0,1.0
P::B::G143,G143,IA,monroe,MONROE,0,19135,UNKNOWN,,,,,19135,P::B::G143,existing_fips,100.0,1.0
P::B::G142,G142,MN,nobles,NOBLES,0,27105,UNKNOWN,,,,,27105,P::B::G142,existing_fips,100.0,1.0
P::B::G141,G141,MN,le sueur,LE SUEUR,0,27079,LOON LAKE LOON TAP 115KV,,,,,27079,P::B::G141,existing_fips,100.0,1.0
P::B::G140,G140,MN,nobles,NOBLES,0,27105,UNKNOWN,,,,,27105,P::B::G140,existing_fips,100.0,1.0
P::B::G139,G139,WI,grant,GRANT,0,55043,UNKNOWN,,,,,55043,P::B::G139,existing_fips,100.0,1.0
P::B::G138,G138,WI,walworth,WALWORTH,0,55127,UNKNOWN,,,,,55127,P::B::G138,existing_fips,100.0,1.0
P::B::G137,G137,MI,st. clair,SAINT CLAIR,0,26147,UNKNOWN,,,,,26147,P::B::G137,existing_fips,100.0,1.0
P::B::G136,G136,IL,logan,LOGAN,0,17107,UNKNOWN,,,,,17107,P::B::G136,existing_fips,100.0,1.0
P::B::G135,G135,MN,chisago,CHISAGO,0,27025,UNKNOWN,,,,,27025,P::B::G135,existing_fips,100.0,1.0
P::B::G134,G134,MI,washtenaw,WASHTENAW,0,26161,UNKNOWN,,,,,26161,P::B::G134,existing_fips,100.0,1.0
P::B::G133,G133,MI,monroe,MONROE,0,26115,UNKNOWN,,,,,26115,P::B::G133,existing_fips,100.0,1.0
P::B::G132,G132,ND,dickey,DICKEY,0,38021,ELLENDALE SUB 230KV,,,,,38021,P::B::G132,existing_fips,100.0,1.0
P::B::G131,G131,WI,brown,BROWN,0,55009,UNKNOWN,,,,,55009,P::B::G131,existing_fips,100.0,1.0
P::B::G146,G146,MN,otter tail,OTTER TAIL,0,27111,PRRF SUBSTATION,,,,,27111,P::B::G146,existing_fips,100.0,1.0
P::B::G130,G130,MN,murray,MURRAY,0,27101,UNKNOWN,,,,,27101,P::B::G130,existing_fips,100.0,1.0
P::B::G128,G128,IA,marshall,MARSHALL,0,19127,UNKNOWN,,,,,19127,P::B::G128,existing_fips,100.0,1.0
P::B::G127,G127,IA,des moines,DES MOINES,0,19057,UNKNOWN,,,,,19057,P::B::G127,existing_fips,100.0,1.0
P::B::G126,G126,IA,des moines,DES MOINES,0,19057,UNKNOWN,,,,,19057,P::B::G126,existing_fips,100.0,1.0
P::B::G125,G125,IA,clinton,CLINTON,0,19045,UNKNOWN,,,,,19045,P::B::G125,existing_fips,100.0,1.0
P::B::G124,G124,MN,murray,MURRAY,0,27101,UNKNOWN,,,,,27101,P::B::G124,existing_fips,100.0,1.0
P::B::G123,G123,MN,murray,MURRAY,0,27101,UNKNOWN,,,,,27101,P::B::G123,existing_fips,100.0,1.0
P::B::G122,G122,IN,knox,KNOX,0,18083,UNKNOWN,,,,,18083,P::B::G122,existing_fips,100.0,1.0
P::B::G121,G121,IA,winnebago,WINNEBAGO,0,19189,UNKNOWN,,,,,19189,P::B::G121,existing_fips,100.0,1.0
P::B::G120,G120,MN,itasca,ITASCA,0,27061,UNKNOWN,,,,,27061,P::B::G120,existing_fips,100.0,1.0
P::B::G119,G119,ND,mclean,MCLEAN,0,38055,UNKNOWN,,,,,38055,P::B::G119,existing_fips,100.0,1.0
P::B::G118,G118,SD,grant,GRANT,0,46051,UNKNOWN,,,,,46051,P::B::G118,existing_fips,100.0,1.0
P::B::G117,G117,WI,douglas,DOUGLAS,0,55031,STINSON 115KV SUBSTATION,,,,,55031,P::B::G117,existing_fips,100.0,1.0
P::B::G116,G116,IN,knox,KNOX,0,18083,UNKNOWN,,,,,18083,P::B::G116,existing_fips,100.0,1.0
P::B::G115,G115,WI,juneau,JUNEAU,0,55057,UNKNOWN,,,,,55057,P::B::G115,existing_fips,100.0,1.0
P::B::G129,G129,IA,wapello,WAPELLO,0,19179,UNKNOWN,,,,,19179,P::B::G129,existing_fips,100.0,1.0
P::B::J033,J033,MN,cottonwood,COTTONWOOD,0,27033,1 POLE NORTH OF SUB ALLIANT 69KV LINE,,,,,27033,P::B::J033,existing_fips,100.0,1.0
P::B::G546,G546,WI,walworth,WALWORTH,0,55127,SUGAR CREEK 138KV SUBSTATION,,,,,55127,P::B::G546,existing_fips,100.0,1.0
P::B::G548,G548,IA,worth,WORTH,0,19195,BARTON 161KV SUBSTATION,,,,,19195,P::B::G548,existing_fips,100.0,1.0
P::B::G972,G972,IA,fayette,FAYETTE,0,19065,HAZELTON 345KV SUBSTATION,,,,,19065,P::B::G972,existing_fips,100.0,1.0
P::B::G971,G971,MN,meeker,MEEKER,0,27093,69KV LINE IN SE 1 4 OF SEC 17 IN COSMOS TWP,,,,,27093,P::B::G971,existing_fips,100.0,1.0
P::B::G970,G970,IA,howard,HOWARD,0,19089,ITC MIDWEST HAZLETON ADAMS 345KV,,,,,19089,P::B::G970,existing_fips,100.0,1.0
P::B::G969,G969,IN,benton,BENTON,0,18007,NIPSCO 69KV TRANSMISSION LINE INTERSECT 300N 100W,,,,,18007,P::B::G969,existing_fips,100.0,1.0
P::B::G968,G968,MN,marshall,MARSHALL,0,27089,STRANDQUIST VIKING 115KV,,,,,27089,P::B::G968,existing_fips,100.0,1.0
P::B::G967,G967,IN,newton,NEWTON,0,18111,THAYER SCHAHFER 138KV,,,,,18111,P::B::G967,existing_fips,100.0,1.0
P::B::G966,G966,IL,ford,FORD,0,17053,EAST PAXTON 138KV SUBSTATION,,,,,17053,P::B::G966,existing_fips,100.0,1.0
P::B::G965,G965,IA,mitchell,MITCHELL,0,19131,MITCHELL COUNTY SUBSTATION,,,,,19131,P::B::G965,existing_fips,100.0,1.0
P::B::G964,G964,IA,mitchell,MITCHELL,0,19131,MITCHELL COUNTY SUBSTATION,,,,,19131,P::B::G964,existing_fips,100.0,1.0
P::B::G963,G963,IA,mitchell,MITCHELL,0,19131,MITCHELL COUNTY SUBSTATION,,,,,19131,P::B::G963,existing_fips,100.0,1.0
P::B::G962,G962,IA,mitchell,MITCHELL,0,19131,MITCHELL COUNTY SUBSTATION,,,,,19131,P::B::G962,existing_fips,100.0,1.0
P::B::G961,G961,MN,goodhue,GOODHUE,0,27049,TWIN CITIES LACROSSE 345KV,,,,,27049,P::B::G961,existing_fips,100.0,1.0
P::B::G960,G960,MN,goodhue,GOODHUE,0,27049,TWIN CITIES LACROSS 345KV,,,,,27049,P::B::G960,existing_fips,100.0,1.0
P::B::G959,G959,MN,goodhue,GOODHUE,0,27049,TWIN CITIES LACROSSE 345KV,,,,,27049,P::B::G959,existing_fips,100.0,1.0
P::B::G958,G958,MI,kent,KENT,0,26081,KENOWA 345KV SUBSTATION,,,,,26081,P::B::G958,existing_fips,100.0,1.0
P::B::G957,G957,IA,emmet,EMMET,0,19063,WINNCO CORNER 161 SUBSTATION,,,,,19063,P::B::G957,existing_fips,100.0,1.0
P::B::G956,G956,WI,walworth,WALWORTH,0,55127,SCOT FORGE BRICK CHURCH 69KV,,,,,55127,P::B::G956,existing_fips,100.0,1.0
P::B::G955,G955,WI,rock,ROCK,0,55105,COLLEY RD BRICK CHURCH 138KV,,,,,55105,P::B::G955,existing_fips,100.0,1.0
P::B::G954,G954,WI,grant,GRANT,0,55043,PLATTEVILLE CUBA CITY 69KV,,,,,55043,P::B::G954,existing_fips,100.0,1.0
P::B::G953,G953,WI,grant,GRANT,0,55043,PLATTEVILLE CUBA CITY 69KV,,,,,55043,P::B::G953,existing_fips,100.0,1.0
P::B::G952,G952,IN,tipton,TIPTON,0,18159,KOKOMO NOBLESVILLE 230KV,,,,,18159,P::B::G952,existing_fips,100.0,1.0
P::B::G951,G951,ND,sheridan,SHERIDAN,0,38083,OTP COAL CREEK HARVEY 230KV,,,,,38083,P::B::G951,existing_fips,100.0,1.0
P::B::G950,G950,MN,st. louis,SAINT LOUIS,0,27137,EXISTING SUBSTATION AT THE LASKIN SITE,,,,,27137,P::B::G950,existing_fips,100.0,1.0
P::B::G949,G949,IN,montgomery,MONTGOMERY,0,18107,DEM TIPPICANOE JUNCTION CRAWFORDSVILLE 138KV,,,,,18107,P::B::G949,existing_fips,100.0,1.0
P::B::G948,G948,IA,clay,CLAY,0,19041,SHELDON OBRIEN COUNTY SUB 345KV,,,,,19041,P::B::G948,existing_fips,100.0,1.0
P::B::G947,G947,IA,franklin,FRANKLIN,0,19069,ITCM WHISPERING WILOWS 161KV SUBSTATION,,,,,19069,P::B::G947,existing_fips,100.0,1.0
P::B::G944,G944,MI,kent,KENT,0,26081,KENOWA 345KV SUBSTATION,,,,,26081,P::B::G944,existing_fips,100.0,1.0
P::B::G943,G943,MI,kent,KENT,0,26081,KENOWA 345KV SUBSTATION,,,,,26081,P::B::G943,existing_fips,100.0,1.0
P::B::G942,G942,OH,lorain,LORAIN,0,39093,AVON LAKE 345KV SUBSTATION,,,,,39093,P::B::G942,existing_fips,100.0,1.0
P::B::G973,G973,IA,washington,WASHINGTON,0,19183,HILLS SUB T 345KV,,,,,19183,P::B::G973,existing_fips,100.0,1.0
P::B::G941,G941,OH,butler,BUTLER,0,39017,TODHUNTER 69KV,,,,,39017,P::B::G941,existing_fips,100.0,1.0
P::B::G975,G975,MN,chisago,CHISAGO,0,27025,CHISAGO CTY SBSTN 345KV OWNED BY NSP,,,,,27025,P::B::G975,existing_fips,100.0,1.0
P::B::G977,G977,WI,calumet,CALUMET,0,55015,FOREST JUNCTION 138KV SUBSTATION,,,,,55015,P::B::G977,existing_fips,100.0,1.0
P::B::H008,H008,IA,fayette,FAYETTE,0,19065,ITC MIDWEST RICHFIELD 69KV SUBSTATION,,,,,19065,P::B::H008,existing_fips,100.0,1.0
P::B::H007,H007,IA,delaware,DELAWARE,0,19055,EDGEWOOD 69KV SUBSTATION,,,,,19055,P::B::H007,existing_fips,100.0,1.0
P::B::H006,H006,IL,douglas,DOUGLAS,0,17041,SYDNEY KANSAS 345KV,,,,,17041,P::B::H006,existing_fips,100.0,1.0
P::B::H005,H005,MN,martin,MARTIN,0,27091,XEL LAKEFIELD GEN SUBSTATION,,,,,27091,P::B::H005,existing_fips,100.0,1.0
P::B::H004,H004,WI,eau claire,EAU CLAIRE,0,55035,EAU CLAIRE 345KV SUBSTATION,,,,,55035,P::B::H004,existing_fips,100.0,1.0
P::B::H003,H003,IL,mcdonough,MCDONOUGH,0,17109,138KV LINE 5 MILES NORTH OF MACOMB,,,,,17109,P::B::H003,existing_fips,100.0,1.0
P::B::H002,H002,IN,clinton,CLINTON,0,18023,CARMEL KOKOMO 230KV,,,,,18023,P::B::H002,existing_fips,100.0,1.0
P::B::H001,H001,IN,clinton,CLINTON,0,18023,WABASH KOKOMO 230KV,,,,,18023,P::B::H001,existing_fips,100.0,1.0
P::B::G999,G999,IN,clinton,CLINTON,0,18023,CAYUGA NEW LONDON 230KV,,,,,18023,P::B::G999,existing_fips,100.0,1.0
P::B::G998,G998,IN,clinton,CLINTON,0,18023,LAFAYETTE NEW LONDON 230KV,,,,,18023,P::B::G998,existing_fips,100.0,1.0
P::B::G997,G997,MI,huron,HURON,0,26063,ITCT MINDEN SUBSTATION,,,,,26063,P::B::G997,existing_fips,100.0,1.0
P::B::G996,G996,IL,ford,FORD,0,17053,PAXTON EAST 138KV SUBSTATION,,,,,17053,P::B::G996,existing_fips,100.0,1.0
P::B::G995,G995,WI,lafayette,LAFAYETTE,0,55065,HILLMAN DARLINGTON 138KV,,,,,55065,P::B::G995,existing_fips,100.0,1.0
P::B::G994,G994,MT,wibaux,WIBAUX,0,30109,PROPOSED NEW 57KV WIND FARM SUBSTATION AT N47 0 05 W 104 14 22,,,,,30109,P::B::G994,existing_fips,100.0,1.0
P::B::G993,G993,ND,kidder,KIDDER,0,38043,PROPOSED NEW SBSTN OR UPGRDED KEM 41 6KV SBSTN AT N46 50 06 W104 14 22,,,,,38043,P::B::G993,existing_fips,100.0,1.0
P::B::G991,G991,MN,fillmore,FILLMORE,0,27045,HARMONY LANSING 161KV,,,,,27045,P::B::G991,existing_fips,100.0,1.0
P::B::G990,G990,OH,clermont,CLERMONT,0,39025,PIERCE 345KV SUBSTATION,,,,,39025,P::B::G990,existing_fips,100.0,1.0
P::B::G989,G989,OH,clermont,CLERMONT,0,39025,ZIMMER 345KV STATION,,,,,39025,P::B::G989,existing_fips,100.0,1.0
P::B::G988,G988,ND,mcintosh,MCINTOSH,0,38051,MDU WISHEK TATAKANA 230KV,,,,,38051,P::B::G988,existing_fips,100.0,1.0
P::B::G987,G987,WI,brown,BROWN,0,55009,KEWAUNEE NORTH APPLETON 345KV,,,,,55009,P::B::G987,existing_fips,100.0,1.0
P::B::G986,G986,IL,woodford,WOODFORD,0,17203,MINONK EL PASO SUBSTATIONS 138KV,,,,,17203,P::B::G986,existing_fips,100.0,1.0
P::B::G985,G985,IA,fayette,FAYETTE,0,19065,HAZELTON WINDSOR 161KV,,,,,19065,P::B::G985,existing_fips,100.0,1.0
P::B::G984,G984,IL,jasper,JASPER,0,17079,AEG NEWTON UNIT 1 345KV,,,,,17079,P::B::G984,existing_fips,100.0,1.0
P::B::G983,G983,IL,jasper,JASPER,0,17079,AEG NEWTON UNIT 2 345KV,,,,,17079,P::B::G983,existing_fips,100.0,1.0
P::B::G982,G982,SD,roberts,ROBERTS,0,46109,BROWNS VALLEY BIG STONE 230KV,,,,,46109,P::B::G982,existing_fips,100.0,1.0
P::B::G981,G981,ND,grant,GRANT,0,38037,NEW IC OWNED SBSTN TAPPING INTO A 69KV MDU LINE AT N46 19 8 W101 54 45,,,,,38037,P::B::G981,existing_fips,100.0,1.0
P::B::G980,G980,ND,hettinger,HETTINGER,0,38041,NEW SUBSTATION TAPPED INTO MDU 115KV LINE AT N46 36 53 W102 46 12,,,,,38041,P::B::G980,existing_fips,100.0,1.0
P::B::G979,G979,IL,edgar,EDGAR,0,17045,SYDNEY KANSAS 345KV,,,,,17045,P::B::G979,existing_fips,100.0,1.0
P::B::G978,G978,IL,douglas,DOUGLAS,0,17041,SYDNEY MURDOCK 138KV,,,,,17041,P::B::G978,existing_fips,100.0,1.0
P::B::G976,G976,IA,johnson,JOHNSON,0,19103,TAP ON 34 5KV LINE APPROXIMATELY 2 MILES NORTH OF ALLIANT SUB WEST BRANCH 115KV ALONG OASIS RD,,,,,19103,P::B::G976,existing_fips,100.0,1.0
P::B::G940,G940,IN,gibson,GIBSON,0,18051,NEAR INTERSECTION OF COUNTY ROADS 550E AND 450N,,,,,18051,P::B::G940,existing_fips,100.0,1.0
P::B::G939,G939,SD,grant,GRANT,0,46051,OTP BIG STONE 230KV SUBSTATION,,,,,46051,P::B::G939,existing_fips,100.0,1.0
P::B::G938,G938,MI,newaygo,NEWAYGO,0,26123,HARDY CROTON 138KV,,,,,26123,P::B::G938,existing_fips,100.0,1.0
P::B::G896,G896,MN,scott,SCOTT,0,27139,SCOTT JUNCTION 345KV SUBSTATION,,,,,27139,P::B::G896,existing_fips,100.0,1.0
P::B::G895,G895,MN,scott,SCOTT,0,27139,SCOTT JUNCTION 345 115KV SUBSTATION,,,,,27139,P::B::G895,existing_fips,100.0,1.0
P::B::G894,G894,MN,big stone,BIG STONE,0,27011,ORTONVILLE AND JOHNSON JUNCTION 115KV,,,,,27011,P::B::G894,existing_fips,100.0,1.0
P::B::G893,G893,MN,rock,ROCK,0,27133,SPLIT ROCK MAGNOLIA 161KV,,,,,27133,P::B::G893,existing_fips,100.0,1.0
P::B::G891,G891,MT,fallon,FALLON,0,30025,BAKER JUNCTION 115KV SUBSTATION,,,,,30025,P::B::G891,existing_fips,100.0,1.0
P::B::G890,G890,MN,fillmore,FILLMORE,0,27045,ITC MIDWEST LANSING HARMONY 161KV,,,,,27045,P::B::G890,existing_fips,100.0,1.0
P::B::G889,G889,MI,huron,HURON,0,26063,ITC COSMO TAP BAD AXE ARROWHEAD 120KV,,,,,26063,P::B::G889,existing_fips,100.0,1.0
P::B::G888,G888,IN,benton,BENTON,0,18007,WATSEKA GOODLAND 138KV,,,,,18007,P::B::G888,existing_fips,100.0,1.0
P::B::G887,G887,IN,benton,BENTON,0,18007,WATSEKA GOODLAND 138KV,,,,,18007,P::B::G887,existing_fips,100.0,1.0
P::B::G885,G885,ND,barnes,BARNES,0,38003,BUFFALO 345KV,,,,,38003,P::B::G885,existing_fips,100.0,1.0
P::B::G884,G884,SD,roberts,ROBERTS,0,46109,MONTICELLO SUBSTATION,,,,,46109,P::B::G884,existing_fips,100.0,1.0
P::B::G883,G883,MN,olmsted,OLMSTED,0,27109,HAMPTON CORNER 345KV SUBSTATION,,,,,27109,P::B::G883,existing_fips,100.0,1.0
P::B::G882,G882,MN,dodge,DODGE,0,27039,N ROCHESTER 345KV SUBSTATION,,,,,27039,P::B::G882,existing_fips,100.0,1.0
P::B::G879,G879,MN,murray,MURRAY,0,27101,LAKE YANKTON ELLSBOROUGH 115KV,,,,,27101,P::B::G879,existing_fips,100.0,1.0
P::B::G878,G878,SD,turner,TURNER,0,46125,XCEL GRANT 115KV SUBSTATION,,,,,46125,P::B::G878,existing_fips,100.0,1.0
P::B::G877,G877,ND,mclean,MCLEAN,0,38055,GRE COAL CREEK 230KV SUBSTATION,,,,,38055,P::B::G877,existing_fips,100.0,1.0
P::B::G876,G876,ND,mclean,MCLEAN,0,38055,GRE COAL CREEK 230KV SUBSTATION,,,,,38055,P::B::G876,existing_fips,100.0,1.0
P::B::G875,G875,MN,kittson,KITTSON,0,27069,DONALDSON WARSAW 115KV,,,,,27069,P::B::G875,existing_fips,100.0,1.0
P::B::G873,G873,MN,kittson,KITTSON,0,27069,KENNEDY DONALDSON 41 6KV,,,,,27069,P::B::G873,existing_fips,100.0,1.0
P::B::G872,G872,MI,bay,BAY,0,26017,HAMPTON 345KV SUBSTATION,,,,,26017,P::B::G872,existing_fips,100.0,1.0
P::B::G871,G871,MN,freeborn,FREEBORN,0,27047,ITC MIDWEST HAYWARD SUBSTATION,,,,,27047,P::B::G871,existing_fips,100.0,1.0
P::B::G870,G870,MN,freeborn,FREEBORN,0,27047,HAYWARD WINNEBAGO 161KV,,,,,27047,P::B::G870,existing_fips,100.0,1.0
P::B::G869,G869,IA,allamakee,ALLAMAKEE,0,19005,ITC MIDWEST DECORAH LANSING 161KV,,,,,19005,P::B::G869,existing_fips,100.0,1.0
P::B::G868,G868,IL,fulton,FULTON,0,17057,AMEREN AERG DUCK CREEK PLANT,,,,,17057,P::B::G868,existing_fips,100.0,1.0
P::B::G867,G867,MI,monroe,MONROE,0,26115,FERMI NUCLEAR PLANT,,,,,26115,P::B::G867,existing_fips,100.0,1.0
P::B::G865,G865,IN,benton,BENTON,0,18007,GOODLAND SUB,,,,,18007,P::B::G865,existing_fips,100.0,1.0
P::B::G864,G864,IN,white,WHITE,0,18181,REYNOLDS SUBSTATION,,,,,18181,P::B::G864,existing_fips,100.0,1.0
P::B::G861,G861,ND,burleigh,BURLEIGH,0,38015,NEAR BISMARCK ND,,,,,38015,P::B::G861,existing_fips,100.0,1.0
P::B::G860,G860,ND,burleigh,BURLEIGH,0,38015,MILTON YOUNG,,,,,38015,P::B::G860,existing_fips,100.0,1.0
P::B::G897,G897,MN,benton,BENTON,0,27009,BENTON COUNTY 345KV SUBSTATION,,,,,27009,P::B::G897,existing_fips,100.0,1.0
P::B::G898,G898,MN,benton,BENTON,0,27009,BENTON COUNTY 345KV SUBSTATION,,,,,27009,P::B::G898,existing_fips,100.0,1.0
P::B::G899,G899,MN,wright,WRIGHT,0,27171,MONTICELLO 345KV SUBSTATION,,,,,27171,P::B::G899,existing_fips,100.0,1.0
P::B::G900,G900,MN,wright,WRIGHT,0,27171,MONTICELLO 345KV SUBSTATION,,,,,27171,P::B::G900,existing_fips,100.0,1.0
P::B::G937,G937,MI,delta,DELTA,0,26041,INDIAN LAKE PERKINS 138KV,,,,,26041,P::B::G937,existing_fips,100.0,1.0
P::B::G935,G935,IN,clinton,CLINTON,0,18023,DEM NEW LONDON FRANKFORT 230KV,,,,,18023,P::B::G935,existing_fips,100.0,1.0
P::B::G934,G934,MI,gratiot,GRATIOT,0,26057,METC NELSON ROAD 345KV SUBSTATION,,,,,26057,P::B::G934,existing_fips,100.0,1.0
P::B::G932,G932,MN,swift,SWIFT,0,27151,GRE TRANSMISSION LINE AT THE 69KV RATING,,,,,27151,P::B::G932,existing_fips,100.0,1.0
P::B::G931,G931,IL,iroquois,IROQUOIS,0,17075,WATSEKA GOODLAND 138KV,,,,,17075,P::B::G931,existing_fips,100.0,1.0
P::B::G930,G930,MN,sherburne,SHERBURNE,0,27141,SHERCO SUBSTATION,,,,,27141,P::B::G930,existing_fips,100.0,1.0
P::B::G929,G929,MN,wright,WRIGHT,0,27171,MONTICELLO SUBSTATION,,,,,27171,P::B::G929,existing_fips,100.0,1.0
P::B::G927,G927,WI,calumet,CALUMET,0,55015,FOREST JUNCTION ELKHART LAKE 138KV,,,,,55015,P::B::G927,existing_fips,100.0,1.0
P::B::G925,G925,IL,dewitt,DEWITT,0,17039,CLINTON BROKAW 345KV,,,,,17039,P::B::G925,existing_fips,100.0,1.0
P::B::G924,G924,MN,rice,RICE,0,27131,FARIBAULT ENERGY PARK,,,,,27131,P::B::G924,existing_fips,100.0,1.0
P::B::G923,G923,IN,tipton,TIPTON,0,18159,KOKOMO NOBELSVILLE 230KV,,,,,18159,P::B::G923,existing_fips,100.0,1.0
P::B::G922,G922,IL,carroll,CARROLL,0,17015,SAVANA YORK 161KV,,,,,17015,P::B::G922,existing_fips,100.0,1.0
P::B::G920,G920,MO,saint charles,SAINT CHARLES,0,29183,SIOUX MALINE 138KV,,,,,29183,P::B::G920,existing_fips,100.0,1.0
P::B::G918,G918,MI,gratiot,GRATIOT,0,26057,BEGOLE TITTABAWASSEE 138KV,,,,,26057,P::B::G918,existing_fips,100.0,1.0
P::B::H009,H009,IA,tama,TAMA,0,19171,ITC MIDWEST TRAER MARSHALLTOWN 161KV,,,,,19171,P::B::H009,existing_fips,100.0,1.0
P::B::G916,G916,ND,sheridan,SHERIDAN,0,38083,OTP HARVEY 230KV SUBSTATION,,,,,38083,P::B::G916,existing_fips,100.0,1.0
P::B::G914,G914,IL,putnam,PUTNAM,0,17155,HENNEPIN TAP RICHLAND 138KV,,,,,17155,P::B::G914,existing_fips,100.0,1.0
P::B::G913,G913,MN,wilkin,WILKIN,0,27167,230KV OTP LINE,,,,,27167,P::B::G913,existing_fips,100.0,1.0
P::B::G912,G912,MN,mower,MOWER,0,27099,PLEASANT VALLEY 345KV SUBSTATION,,,,,27099,P::B::G912,existing_fips,100.0,1.0
P::B::G911,G911,MN,mower,MOWER,0,27099,PLEASANT VALLEY 345KV SUBSTATION,,,,,27099,P::B::G911,existing_fips,100.0,1.0
P::B::G910,G910,MN,mower,MOWER,0,27099,PLEASANT VALLEY 345KV SUBSTATION,,,,,27099,P::B::G910,existing_fips,100.0,1.0
P::B::G909,G909,IL,cass,CASS,0,17017,JACKSONVILLE AUBURN 138KV,,,,,17017,P::B::G909,existing_fips,100.0,1.0
P::B::G908,G908,IL,morgan,MORGAN,0,17137,HAVANA E SPRINGFIELD 138KV,,,,,17137,P::B::G908,existing_fips,100.0,1.0
P::B::G907,G907,MN,mower,MOWER,0,27099,PLEASANT VALLEY PEAKING PLANT,,,,,27099,P::B::G907,existing_fips,100.0,1.0
P::B::G906,G906,IN,montgomery,MONTGOMERY,0,18107,DUKE 230KV LINE,,,,,18107,P::B::G906,existing_fips,100.0,1.0
P::B::G905,G905,MI,gratiot,GRATIOT,0,26057,BEGOLE TITTABAWASSEE 138KV,,,,,26057,P::B::G905,existing_fips,100.0,1.0
P::B::G904,G904,ND,rolette,ROLETTE,0,38079,RUGBY GLENBORO 230KV,,,,,38079,P::B::G904,existing_fips,100.0,1.0
P::B::G903,G903,MN,wright,WRIGHT,0,27171,XEL CROW RIVER SUBSTATION,,,,,27171,P::B::G903,existing_fips,100.0,1.0
P::B::G902,G902,IL,winnebago,WINNEBAGO,0,17201,PADDTOWN 345KV SUBSTATION,,,,,17201,P::B::G902,existing_fips,100.0,1.0
P::B::G901,G901,IL,winnebago,WINNEBAGO,0,17201,PADDTOWN 345KV SUBSTATION,,,,,17201,P::B::G901,existing_fips,100.0,1.0
P::B::G915,G915,IL,montgomery,MONTGOMERY,0,17135,NORTH PANA COFFEEN 345KV,,,,,17135,P::B::G915,existing_fips,100.0,1.0
P::B::H010,H010,IA,madison,MADISON,0,19121,WINTERSET JCT CRESTON 161KV,,,,,19121,P::B::H010,existing_fips,100.0,1.0
P::B::H011,H011,MN,mower,MOWER,0,27099,FRANKFORT CORNER 161KV SUBSTATION,,,,,27099,P::B::H011,existing_fips,100.0,1.0
P::B::H012,H012,WI,columbia,COLUMBIA,0,55021,HAMILTON ST N RANDOLPH 138KV,,,,,55021,P::B::H012,existing_fips,100.0,1.0
P::B::IP11,IP11,IL,washington,WASHINGTON,0,17189,UNKNOWN,,,,,17189,P::B::IP11,existing_fips,100.0,1.0
P::B::IP08,IP08,IL,woodford,WOODFORD,0,17203,IP LINE 1382 138KV,,,,,17203,P::B::IP08,existing_fips,100.0,1.0
P::B::IP05,IP05,IL,randolph,RANDOLPH,0,17157,UNKNOWN,,,,,17157,P::B::IP05,existing_fips,100.0,1.0
P::B::IP04,IP04,IL,mclean,MCLEAN,0,17113,MCEAN COUNTY 9 138KV LINE 1382,,,,,17113,P::B::IP04,existing_fips,100.0,1.0
P::B::IP03,IP03,IL,mclean,MCLEAN,0,17113,MCLEAN COUNTY 8 LINE 1376,,,,,17113,P::B::IP03,existing_fips,100.0,1.0
P::B::IP02,IP02,IL,mclean,MCLEAN,0,17113,MCLEAN COUNTY 7 LINE 1582,,,,,17113,P::B::IP02,existing_fips,100.0,1.0
P::B::IP01,IP01,IL,mclean,MCLEAN,0,17113,MCLEAN COUNTY 6 69KV LINE 6612,,,,,17113,P::B::IP01,existing_fips,100.0,1.0
P::B::H101,H101,MN,beltrami,BELTRAMI,0,27007,OTP SOLWAY 115KV SUBSTATION,,,,,27007,P::B::H101,existing_fips,100.0,1.0
P::B::H100,H100,IL,vermilion,VERMILION,0,17183,VERMILLION 138KV SUBSTATION,,,,,17183,P::B::H100,existing_fips,100.0,1.0
P::B::H099,H099,MN,clay,CLAY,0,27027,OTP SHEYENNE AUDUBON 230KV,,,,,27027,P::B::H099,existing_fips,100.0,1.0
P::B::H098,H098,IA,jackson,JACKSON,0,19097,ITC MIDWEST DUBUQUE QUAD CITIES 345KV,,,,,19097,P::B::H098,existing_fips,100.0,1.0
P::B::H097,H097,IA,boone,BOONE,0,19015,NE ANKENY PERRY 161KV,,,,,19015,P::B::H097,existing_fips,100.0,1.0
P::B::H096,H096,IA,greene,GREENE,0,19073,GRAND JUNCTION PERRY 161KV,,,,,19073,P::B::H096,existing_fips,100.0,1.0
P::B::H095,H095,SD,roberts,ROBERTS,0,46109,INVENERGY S HURRICANE LAKE WIND ENERGY CENTER MISO G699 PROPOSED SUBSTATION WHICH WILL TAP BIG STONE HANKINSON 230KV,,,,,46109,P::B::H095,existing_fips,100.0,1.0
P::B::H094,H094,IL,vermilion,VERMILION,0,17183,22 N RANGE 12 WEST 1 50 MILES WEST OF ROSSVILLE IL 138KV LINE,,,,,17183,P::B::H094,existing_fips,100.0,1.0
P::B::H093,H093,OH,mahoning,MAHONING,0,39099,BOARDMAN COLUMBIA 69KV,,,,,39099,P::B::H093,existing_fips,100.0,1.0
P::B::H092,H092,MN,itasca,ITASCA,0,27061,MP BOSWELL SUBSTATION,,,,,27061,P::B::H092,existing_fips,100.0,1.0
P::B::H091,H091,OH,trumbull,TRUMBULL,0,39155,OHIO EDISON 138KV CORTLAND SUBSTATION,,,,,39155,P::B::H091,existing_fips,100.0,1.0
P::B::H090,H090,WI,calumet,CALUMET,0,55015,FOREST JUNCTION TECUMSEH RD 138KV,,,,,55015,P::B::H090,existing_fips,100.0,1.0
P::B::H089,H089,IL,carroll,CARROLL,0,17015,161 KVLINE APPROX 9 MILES SOUTH OF SAVANNA,,,,,17015,P::B::H089,existing_fips,100.0,1.0
P::B::H088,H088,ND,sargent,SARGENT,0,38081,OTP FORMAN 230KV SUBSTATION,,,,,38081,P::B::H088,existing_fips,100.0,1.0
P::B::H087,H087,IN,porter,PORTER,0,18127,SCHAFER GEN TOWER RD 345KV,,,,,18127,P::B::H087,existing_fips,100.0,1.0
P::B::H086,H086,MO,monroe,MONROE,0,29137,10 MILES N OF SPENCER CREEK SUB,,,,,29137,P::B::H086,existing_fips,100.0,1.0
P::B::H085,H085,IA,marshall,MARSHALL,0,19127,ITC 161KV APPROX 8 MILES SOUTH OF MARSHALLTOWN SUB,,,,,19127,P::B::H085,existing_fips,100.0,1.0
P::B::H084,H084,ND,mclean,MCLEAN,0,38055,GRE MCHENRY STANTON LINE 230KV,,,,,38055,P::B::H084,existing_fips,100.0,1.0
P::B::H083,H083,MN,lyon,LYON,0,27083,LYON COUNTY 345KV SUBSTATION,,,,,27083,P::B::H083,existing_fips,100.0,1.0
P::B::H082,H082,ND,oliver,OLIVER,0,38065,OTP CENTER 345KV SUBSTATION,,,,,38065,P::B::H082,existing_fips,100.0,1.0
P::B::H081,H081,MN,lyon,LYON,0,27083,BROOKINGS COUNTY LYON COUNTY 345KV,,,,,27083,P::B::H081,existing_fips,100.0,1.0
P::B::H080,H080,IL,carroll,CARROLL,0,17015,161KV LINE APPROX 4 MILES SOUTH OF SAVANNA,,,,,17015,P::B::H080,existing_fips,100.0,1.0
P::B::IP12,IP12,IL,piatt,PIATT,0,17147,UNKNOWN,,,,,17147,P::B::IP12,existing_fips,100.0,1.0
P::B::IP14,IP14,IL,washington,WASHINGTON,0,17189,PRAIRIE STATE,,,,,17189,P::B::IP14,existing_fips,100.0,1.0
P::B::IP17,IP17,IL,franklin,FRANKLIN,0,17055,UNKNOWN,,,,,17055,P::B::IP17,existing_fips,100.0,1.0
P::B::J001,J001,MN,clay,CLAY,0,27027,SHEYENNE AUDUBON 230KV,,,,,27027,P::B::J001,existing_fips,100.0,1.0
P::B::J031,J031,ND,stutsman,STUTSMAN,0,38093,OTP JAMESTOWN 345KV SUBSTATION,,,,,38093,P::B::J031,existing_fips,100.0,1.0
P::B::J030,J030,IA,howard,HOWARD,0,19089,ADAMS SUBSTATION,,,,,19089,P::B::J030,existing_fips,100.0,1.0
P::B::J029,J029,IA,howard,HOWARD,0,19089,ADAMS SUBSTATION,,,,,19089,P::B::J029,existing_fips,100.0,1.0
P::B::J028,J028,IN,tippecanoe,TIPPECANOE,0,18157,ATTICA LAFAYETTE 230KV,,,,,18157,P::B::J028,existing_fips,100.0,1.0
P::B::J027,J027,MN,kandiyohi,KANDIYOHI,0,27067,WILLMAR SUNBURG 69KV,,,,,27067,P::B::J027,existing_fips,100.0,1.0
P::B::J026,J026,MN,mower,MOWER,0,27099,ADAMS 161KV SUBSTATION,,,,,27099,P::B::J026,existing_fips,100.0,1.0
P::B::J025,J025,MI,macomb,MACOMB,0,26099,JEWELL SPOKANE ST CLAIRE 120KV,,,,,26099,P::B::J025,existing_fips,100.0,1.0
P::B::J024,J024,MN,freeborn,FREEBORN,0,27047,ITC MIDWEST HAYWARD SUBSTATION,,,,,27047,P::B::J024,existing_fips,100.0,1.0
P::B::J023,J023,WI,manitowoc,MANITOWOC,0,55071,POINT BEACH NUCLEAR PLANT UNIT 2,,,,,55071,P::B::J023,existing_fips,100.0,1.0
P::B::J022,J022,WI,manitowoc,MANITOWOC,0,55071,POINT BEACH NUCLEAR PLANT UNIT 1,,,,,55071,P::B::J022,existing_fips,100.0,1.0
P::B::J021,J021,MN,mcleod,MCLEOD,0,27085,305 11TH ST E 1019 ARMSTRONGS AVE N,,,,,27085,P::B::J021,existing_fips,100.0,1.0
P::B::J020,J020,MN,wright,WRIGHT,0,27171,SE CORNER OF HWY 12 CR 17 E OF CROW RIVER,,,,,27171,P::B::J020,existing_fips,100.0,1.0
P::B::J019,J019,MN,douglas,DOUGLAS,0,27041,OTP 115KV DOUGLAS CO SUBSTATION,,,,,27041,P::B::J019,existing_fips,100.0,1.0
P::B::J018,J018,ND,bowman,BOWMAN,0,38011,MDU RHAME BOWMAN 230KV,,,,,38011,P::B::J018,existing_fips,100.0,1.0
P::B::H079,H079,IL,adams,ADAMS,0,17001,138KV LINE APPROX 4 MILES SW OF LIBERTY IL,,,,,17001,P::B::H079,existing_fips,100.0,1.0
P::B::J017,J017,MN,stearns,STEARNS,0,27145,XCEL WAKEFIELD 115KV SUBSTATION,,,,,27145,P::B::J017,existing_fips,100.0,1.0
P::B::J015,J015,MN,goodhue,GOODHUE,0,27049,XCEL ENERGY ZUMBROTA 69KV SUBSTATION,,,,,27049,P::B::J015,existing_fips,100.0,1.0
P::B::J014,J014,MN,stearns,STEARNS,0,27145,XCEL ENERGY S PAYNESVILLE 115KV SUBSTATION,,,,,27145,P::B::J014,existing_fips,100.0,1.0
P::B::J013,J013,ND,stutsman,STUTSMAN,0,38093,OTP JAMESTOWN 115KV SUBSTATION,,,,,38093,P::B::J013,existing_fips,100.0,1.0
P::B::J012,J012,IN,crawford,CRAWFORD,0,18025,CRAWFORD CO NW QTR OF SECT 10 TNSP 2 SO RNG 2 W,,,,,18025,P::B::J012,existing_fips,100.0,1.0
P::B::J011,J011,IN,laporte,LAPORTE,0,18091,NIPSCO BURR OAK SCHAHFER 345KV,,,,,18091,P::B::J011,existing_fips,100.0,1.0
P::B::J010,J010,MI,oakland,OAKLAND,0,26125,MONTCALM SUBSTATION,,,,,26125,P::B::J010,existing_fips,100.0,1.0
P::B::J009,J009,IA,clinton,CLINTON,0,19045,ROCK CREEK SALEM 345KV,,,,,19045,P::B::J009,existing_fips,100.0,1.0
P::B::J008,J008,IL,knox,KNOX,0,17095,AMEREN GALESBURG SUBSTATION,,,,,17095,P::B::J008,existing_fips,100.0,1.0
P::B::J007,J007,IA,osceola,OSCEOLA,0,19143,ITC MIDWEST LAKEFIELD JUNCTION RAUN 345KV,,,,,19143,P::B::J007,existing_fips,100.0,1.0
P::B::J006,J006,MN,nicollet,NICOLLET,0,27103,FT RIDGELY LAFAYETTE 69KV,,,,,27103,P::B::J006,existing_fips,100.0,1.0
P::B::J005,J005,MN,todd,TODD,0,27153,R34WT133N SECTION 7 BARTLETT TWP,,,,,27153,P::B::J005,existing_fips,100.0,1.0
P::B::J004,J004,IN,montgomery,MONTGOMERY,0,18107,230KV LINE APPROX 3 MILES SOUTH OF WHITESVILLE,,,,,18107,P::B::J004,existing_fips,100.0,1.0
P::B::J003,J003,ND,bowman,BOWMAN,0,38011,132N 105W SECTION 23 NE 1 4,,,,,38011,P::B::J003,existing_fips,100.0,1.0
P::B::J002,J002,IL,ford,FORD,0,17053,T23N R7E APPROXIMATELY TWO MILES EAST OF THE GIBSON CITY SOUTH SUBSTATION ON THE GIBSON CITY PAXTON 138KV LINE,,,,,17053,P::B::J002,existing_fips,100.0,1.0
P::B::J016,J016,MN,steele,STEELE,0,27147,SMMPA W FARIBAULT OWATONNA 115KV,,,,,27147,P::B::J016,existing_fips,100.0,1.0
P::B::G859,G859,MN,clay,CLAY,0,27027,MAPLE RIVER 345KV,,,,,27027,P::B::G859,existing_fips,100.0,1.0
P::B::H078,H078,IA,marshall,MARSHALL,0,19127,NEW 161KV SUBSTATION NEAR LAUREL IA APPROX B T MARSHALLTOWN JASPER,,,,,19127,P::B::H078,existing_fips,100.0,1.0
P::B::H076,H076,MI,allegan,ALLEGAN,0,26005,NEAR CONSUMERS 138KV SUB 20 MI WEST OF AGRENTA SUB ON 138KV LINE,,,,,26005,P::B::H076,existing_fips,100.0,1.0
P::B::H041,H041,MN,lincoln,LINCOLN,0,27081,BUFFALO RIDGE 115KV SUBSTATION,,,,,27081,P::B::H041,existing_fips,100.0,1.0
P::B::H040,H040,IA,o'brien,O BRIEN,0,19141,PRIMGHAR SUBSTATION,,,,,19141,P::B::H040,existing_fips,100.0,1.0
P::B::H039,H039,IA,tama,TAMA,0,19171,TOLEDO MARSHALLTOWN 115KV,,,,,19171,P::B::H039,existing_fips,100.0,1.0
P::B::H038,H038,MO,putnam,PUTNAM,0,29171,APPROX 20 MILES N OF ADAIR SBSTN ON AMEREN S 161KV TRANSM SYSTEM IN SCHUYLER CTY MO,,,,,29171,P::B::H038,existing_fips,100.0,1.0
P::B::H037,H037,OH,lucas,LUCAS,0,39095,MILLARD ROAD AND TIFFIN DRIVE IRONVILLE SUBSTATION,,,,,39095,P::B::H037,existing_fips,100.0,1.0
P::B::H036,H036,WI,columbia,COLUMBIA,0,55021,FRIESLAND SUBSTATION 138KV BUS,,,,,55021,P::B::H036,existing_fips,100.0,1.0
P::B::H035,H035,ND,bowman,BOWMAN,0,38011,41 6 K V LINE NEAR GASCOYNE JUNCT SBSTN SECTION 34 131 99,,,,,38011,P::B::H035,existing_fips,100.0,1.0
P::B::H034,H034,MI,kalkaska,KALKASKA,0,26079,CLEARWATER 138KV SUBSTATION,,,,,26079,P::B::H034,existing_fips,100.0,1.0
P::B::H033,H033,MN,kandiyohi,KANDIYOHI,0,27067,WILMAR PAYNESVILLE 230KV,,,,,27067,P::B::H033,existing_fips,100.0,1.0
P::B::H032,H032,MN,polk,POLK,0,27119,WINGER MAPLE RIVER 230KV,,,,,27119,P::B::H032,existing_fips,100.0,1.0
P::B::H031,H031,MN,wilkin,WILKIN,0,27167,OTP FERGUS FALL WAHPETON 230KV,,,,,27167,P::B::H031,existing_fips,100.0,1.0
P::B::H030,H030,MI,tuscola,TUSCOLA,0,26157,ATLANTA 120KV SUBSTATION,,,,,26157,P::B::H030,existing_fips,100.0,1.0
P::B::H029,H029,OH,summit,SUMMIT,0,39153,NORTON OH IN VICINITY OF FE MARTIN 69KV SUBSTATION,,,,,39153,P::B::H029,existing_fips,100.0,1.0
P::B::H028,H028,MN,olmsted,OLMSTED,0,27109,EYOTA TWP MN SECTION 106 RANGE 12,,,,,27109,P::B::H028,existing_fips,100.0,1.0
P::B::H027,H027,IN,boone,BOONE,0,18011,CAYUGA NUCOR 345KV,,,,,18011,P::B::H027,existing_fips,100.0,1.0
P::B::H026,H026,IN,tippecanoe,TIPPECANOE,0,18157,CAYUGA FRANKFORT 230KV,,,,,18157,P::B::H026,existing_fips,100.0,1.0
P::B::H025,H025,SD,minnehaha,MINNEHAHA,0,46099,ANSON SUBSTATION,,,,,46099,P::B::H025,existing_fips,100.0,1.0
P::B::H024,H024,WI,columbia,COLUMBIA,0,55021,POYNETTE DEFOREST 69KV,,,,,55021,P::B::H024,existing_fips,100.0,1.0
P::B::H023,H023,OH,lucas,LUCAS,0,39095,IRONVILLE SUBSTATION,,,,,39095,P::B::H023,existing_fips,100.0,1.0
P::B::H022,H022,ND,barnes,BARNES,0,38003,OTP SANBORN 41 6KV SUBSTATION,,,,,38003,P::B::H022,existing_fips,100.0,1.0
P::B::H021,H021,IA,grundy,GRUNDY,0,19075,WELLSBURG 115KV SUBSTATION,,,,,19075,P::B::H021,existing_fips,100.0,1.0
P::B::H020,H020,IA,webster,WEBSTER,0,19187,BOONE SUBSTATION,,,,,19187,P::B::H020,existing_fips,100.0,1.0
P::B::H019,H019,MN,watonwan,WATONWAN,0,27165,1 5 MILES NORTH CONNECTED ON THE HIGH SIDE OF THE WATONWAN SWITCHING STATION,,,,,27165,P::B::H019,existing_fips,100.0,1.0
P::B::H018,H018,MN,cottonwood,COTTONWOOD,0,27033,STORDEN HERON LAKE 161KV,,,,,27033,P::B::H018,existing_fips,100.0,1.0
P::B::H017,H017,MN,cottonwood,COTTONWOOD,0,27033,LAKEFIELD JUNCTION 345KV SUBSTATION,,,,,27033,P::B::H017,existing_fips,100.0,1.0
P::B::H016,H016,SD,minnehaha,MINNEHAHA,0,46099,SPLIT ROCK 115KV SUBSTATION,,,,,46099,P::B::H016,existing_fips,100.0,1.0
P::B::H015,H015,IN,boone,BOONE,0,18011,WHITESTOWN NUCOR 345KV,,,,,18011,P::B::H015,existing_fips,100.0,1.0
P::B::H014,H014,IN,rush,RUSH,0,18139,FIVE POINTS BATESVILLE 138KV,,,,,18139,P::B::H014,existing_fips,100.0,1.0
P::B::H013,H013,IN,henry,HENRY,0,18065,NEW CASTLE BATESVILLE 138KV,,,,,18065,P::B::H013,existing_fips,100.0,1.0
P::B::H042,H042,MN,waseca,WASECA,0,27161,ST OLAF LAKE 69KV 3 WAY JUNCTION,,,,,27161,P::B::H042,existing_fips,100.0,1.0
P::B::H043,H043,MN,martin,MARTIN,0,27091,ITC MIDWEST TRUMAN 69KV SUBSTATION,,,,,27091,P::B::H043,existing_fips,100.0,1.0
P::B::H044,H044,MN,watonwan,WATONWAN,0,27165,ITC MIDWEST MADELIA 69KV SUBSATION,,,,,27165,P::B::H044,existing_fips,100.0,1.0
P::B::H045,H045,MN,cottonwood,COTTONWOOD,0,27033,ITC MIDWEST MOUNTAIN LAKE 69KV SUBSTATION,,,,,27033,P::B::H045,existing_fips,100.0,1.0
P::B::H075,H075,MI,oceana,OCEANA,0,26127,METC REDWOOD SUBSTATION,,,,,26127,P::B::H075,existing_fips,100.0,1.0
P::B::H074,H074,MN,goodhue,GOODHUE,0,27049,GOODHUE 69KV SUBSTATION,,,,,27049,P::B::H074,existing_fips,100.0,1.0
P::B::H073,H073,MN,douglas,DOUGLAS,0,27041,ALEXANDRIA 115KV SUBSTATION,,,,,27041,P::B::H073,existing_fips,100.0,1.0
P::B::H072,H072,MN,mcleod,MCLEOD,0,27085,GLENCOE MUNICIPAL SUBSTATION 115KV,,,,,27085,P::B::H072,existing_fips,100.0,1.0
P::B::H071,H071,MN,stearns,STEARNS,0,27145,XCEL BLACK OAK 69KV SUBSTATION,,,,,27145,P::B::H071,existing_fips,100.0,1.0
P::B::H070,H070,MN,renville,RENVILLE,0,27129,XCEL BIRD ISLAND 69KV SUBSTATION,,,,,27129,P::B::H070,existing_fips,100.0,1.0
P::B::H069,H069,MN,waseca,WASECA,0,27161,WASECA 69KV SUB,,,,,27161,P::B::H069,existing_fips,100.0,1.0
P::B::H068,H068,MN,rice,RICE,0,27131,FRENCH LAKE SUBSTATION SHIELDSVILLE TWP,,,,,27131,P::B::H068,existing_fips,100.0,1.0
P::B::H067,H067,MN,kandiyohi,KANDIYOHI,0,27067,GRE ATWATER 69KV SUBSTATION,,,,,27067,P::B::H067,existing_fips,100.0,1.0
P::B::H066,H066,MN,rice,RICE,0,27131,MONTGOMERY WASECA JUNCTION 69KV,,,,,27131,P::B::H066,existing_fips,100.0,1.0
P::B::H065,H065,MN,renville,RENVILLE,0,27129,XEL BIRD ISLAND 69KV SUBSTATION,,,,,27129,P::B::H065,existing_fips,100.0,1.0
P::B::H064,H064,MN,sibley,SIBLEY,0,27143,CRYSTAL FOODS SUBSTATION 69KV,,,,,27143,P::B::H064,existing_fips,100.0,1.0
P::B::H063,H063,MN,mcleod,MCLEOD,0,27085,GRE GLENCO HELEN 69KV,,,,,27085,P::B::H063,existing_fips,100.0,1.0
P::B::H062,H062,MN,goodhue,GOODHUE,0,27049,GOODHUE 69KV SUBSTATION,,,,,27049,P::B::H062,existing_fips,100.0,1.0
P::B::H077,H077,IA,kossuth,KOSSUTH,0,19109,WINNEBAGO WINCO 161KV,,,,,19109,P::B::H077,existing_fips,100.0,1.0
P::B::H061,H061,MN,goodhue,GOODHUE,0,27049,VASA 69KV SUBSTATION,,,,,27049,P::B::H061,existing_fips,100.0,1.0
P::B::H059,H059,MN,nobles,NOBLES,0,27105,69KV 3 WAY SWITCH AT THE WORTHINGTON 2 5 MILES SOUTH OF ELK SUBSTATION,,,,,27105,P::B::H059,existing_fips,100.0,1.0
P::B::H058,H058,MN,stearns,STEARNS,0,27145,XCEL PAYNESVILLE 69KV SUBSTATION,,,,,27145,P::B::H058,existing_fips,100.0,1.0
P::B::H057,H057,MN,jackson,JACKSON,0,27063,ITC MIDWEST WILDER JUNCTION 69KV SUBSTATION,,,,,27063,P::B::H057,existing_fips,100.0,1.0
P::B::H056,H056,MN,rice,RICE,0,27131,WALCOTT 69KV SUBSTATION,,,,,27131,P::B::H056,existing_fips,100.0,1.0
P::B::H055,H055,MN,redwood,REDWOOD,0,27127,SHERIDAN 69KV SUBSTATION,,,,,27127,P::B::H055,existing_fips,100.0,1.0
P::B::H054,H054,MN,redwood,REDWOOD,0,27127,XCEL MORGAN 69KV SUBSTATION,,,,,27127,P::B::H054,existing_fips,100.0,1.0
P::B::H053,H053,MN,waseca,WASECA,0,27161,SMMPA 69KV LOON LAKE SUBSTATION,,,,,27161,P::B::H053,existing_fips,100.0,1.0
P::B::H052,H052,MN,brown,BROWN,0,27015,DOTSON MN 69KV SUBSTATION,,,,,27015,P::B::H052,existing_fips,100.0,1.0
P::B::H051,H051,MN,redwood,REDWOOD,0,27127,ITC MIDWEST LAMBERTON 69KV SUBSTATION,,,,,27127,P::B::H051,existing_fips,100.0,1.0
P::B::H050,H050,MN,meeker,MEEKER,0,27093,GRE BIG SWAN 115KV SUBSTATION,,,,,27093,P::B::H050,existing_fips,100.0,1.0
P::B::H049,H049,MN,stearns,STEARNS,0,27145,GRE ALBANY 69KV SUBSTATION,,,,,27145,P::B::H049,existing_fips,100.0,1.0
P::B::H048,H048,MN,stearns,STEARNS,0,27145,XCEL PAYNESVILLE 69KV SUBSTATION,,,,,27145,P::B::H048,existing_fips,100.0,1.0
P::B::H047,H047,MN,steele,STEELE,0,27147,ITC MIDWEST MEDFORD JUNCTION 69KV SUBSTATION,,,,,27147,P::B::H047,existing_fips,100.0,1.0
P::B::H046,H046,MN,jackson,JACKSON,0,27063,HERON LAKE MN 161KV SUBSTATION,,,,,27063,P::B::H046,existing_fips,100.0,1.0
P::B::H060,H060,MN,jackson,JACKSON,0,27063,JACKSON MINOWA 161KV,,,,,27063,P::B::H060,existing_fips,100.0,1.0
P::B::G547,G547,MO,miller,MILLER,0,29131,OSAGE SWITCHYARD,,,,,29131,P::B::G547,existing_fips,100.0,1.0
P::B::G858,G858,MN,stearns,STEARNS,0,27145,XEL BLACK OAK 69KV SUBSTATION,,,,,27145,P::B::G858,existing_fips,100.0,1.0
P::B::G855,G855,MN,freeborn,FREEBORN,0,27047,HAYWARD 161KV SUBSTATION,,,,,27047,P::B::G855,existing_fips,100.0,1.0
P::B::G656,G656,IN,benton,BENTON,0,18007,DEM DEQUINE WESTWOOD 345KV,,,,,18007,P::B::G656,existing_fips,100.0,1.0
P::B::G654,G654,IL,pike,PIKE,0,17149,HULL 138KV SUBSTATION,,,,,17149,P::B::G654,existing_fips,100.0,1.0
P::B::G653d,G653d,IA,buchanan,BUCHANAN,0,19019,CENTRAL INDY SUBSTATION ALTW INDY DELIVERABILITY,,,,,19019,P::B::G653d,existing_fips,100.0,1.0
P::B::G652,G652,OH,erie,ERIE,0,39043,BELLEVUE CASTALIA 69KV,,,,,39043,P::B::G652,existing_fips,100.0,1.0
P::B::G651,G651,ND,cavalier,CAVALIER,0,38019,OTP HANK S CORNER WALHALLA 69KV,,,,,38019,P::B::G651,existing_fips,100.0,1.0
P::B::G650,G650,ND,mountrail,MOUNTRAIL,0,38061,TIOGA KENMYER 115KV,,,,,38061,P::B::G650,existing_fips,100.0,1.0
P::B::G649,G649,IL,edgar,EDGAR,0,17045,AMEREN KANSAS SUBSTATION,,,,,17045,P::B::G649,existing_fips,100.0,1.0
P::B::G648,G648,IL,edgar,EDGAR,0,17045,AMEREN KANSAS SUBSTATION,,,,,17045,P::B::G648,existing_fips,100.0,1.0
P::B::G647,G647,MI,allegan,ALLEGAN,0,26005,ARGENTA TALLMADGE 345KV,,,,,26005,P::B::G647,existing_fips,100.0,1.0
P::B::G646,G646,IN,pike,PIKE,0,18125,PETERSBURG GENERATION PLANT,,,,,18125,P::B::G646,existing_fips,100.0,1.0
P::B::G645,G645,ND,stutsman,STUTSMAN,0,38093,LADISH 115KV SUBSTATION,,,,,38093,P::B::G645,existing_fips,100.0,1.0
P::B::G644,G644,MN,stevens,STEVENS,0,27149,GRE MORRIS TAP WALDEN 115KV,,,,,27149,P::B::G644,existing_fips,100.0,1.0
P::B::G643,G643,IA,mitchell,MITCHELL,0,19131,OSAGE SWITCH STATION 69KV,,,,,19131,P::B::G643,existing_fips,100.0,1.0
P::B::G642,G642,OH,ottawa,OTTAWA,0,39123,FE DAVIS BESSE 345 SUBSTATION,,,,,39123,P::B::G642,existing_fips,100.0,1.0
P::B::G641,G641,MN,cook,COOK,0,27031,COLVILLE SUB,,,,,27031,P::B::G641,existing_fips,100.0,1.0
P::B::G640,G640,MN,todd,TODD,0,27153,MP LONG PRAIRIE WING RIVE 115KV,,,,,27153,P::B::G640,existing_fips,100.0,1.0
P::B::G639,G639,MN,jackson,JACKSON,0,27063,GRE FERH LINE 2MILES SOUTH OF G536,,,,,27063,P::B::G639,existing_fips,100.0,1.0
P::B::G638,G638,MN,stevens,STEVENS,0,27149,OTP GRACEVILLE MORRIS 41KV,,,,,27149,P::B::G638,existing_fips,100.0,1.0
P::B::G637,G637,MN,traverse,TRAVERSE,0,27155,OTP GRACEVILLE WAPTON 115KV,,,,,27155,P::B::G637,existing_fips,100.0,1.0
P::B::G636,G636,MN,swift,SWIFT,0,27151,GRE BENSON SWIFT FALLS 69KV,,,,,27151,P::B::G636,existing_fips,100.0,1.0
P::B::G635,G635,SD,deuel,DEUEL,0,46039,OTP TORONTO SUBSTATION,,,,,46039,P::B::G635,existing_fips,100.0,1.0
P::B::G634,G634,SD,brookings,BROOKINGS,0,46011,BROOKINGS SUBSTATION 115KV,,,,,46011,P::B::G634,existing_fips,100.0,1.0
P::B::G633,G633,MN,nobles,NOBLES,0,27105,ITC MIDWEST ELK MAGNOLIA 161KV,,,,,27105,P::B::G633,existing_fips,100.0,1.0
P::B::G632,G632,MN,nobles,NOBLES,0,27105,MAGNOLIA WORTHINGTON 69KV,,,,,27105,P::B::G632,existing_fips,100.0,1.0
P::B::G631,G631,MN,nobles,NOBLES,0,27105,ADRIAN ADRIAN TAP 69KV,,,,,27105,P::B::G631,existing_fips,100.0,1.0
P::B::G630,G630,MN,big stone,BIG STONE,0,27011,OTP ARTICHOKE 41 6KV SUBSTATION,,,,,27011,P::B::G630,existing_fips,100.0,1.0
P::B::G629,G629,IL,henry,HENRY,0,17073,69KV LINE AT GENESEO SUB,,,,,17073,P::B::G629,existing_fips,100.0,1.0
P::B::G628,G628,MN,brown,BROWN,0,27015,ITC MIDWEST COMFREY MOUNTAIN LAKE 69KV,,,,,27015,P::B::G628,existing_fips,100.0,1.0
P::B::G626,G626,MN,brown,BROWN,0,27015,MORGAN SLEEPY EYE 69KV,,,,,27015,P::B::G626,existing_fips,100.0,1.0
P::B::G657,G657,MN,pope,POPE,0,27121,GLENWOOD 69KV SUB,,,,,27121,P::B::G657,existing_fips,100.0,1.0
P::B::G624,G624,ND,mcintosh,MCINTOSH,0,38051,WISHEK SUBSTATION 115KV,,,,,38051,P::B::G624,existing_fips,100.0,1.0
P::B::G658,G658,MN,pope,POPE,0,27121,XEL WESTPORT 69KV SUBSTATION,,,,,27121,P::B::G658,existing_fips,100.0,1.0
P::B::G660,G660,MN,st. louis,SAINT LOUIS,0,27137,MINNTAC 115KV SUBSTATION,,,,,27137,P::B::G660,existing_fips,100.0,1.0
P::B::G698,G698,MO,putnam,PUTNAM,0,29171,ADAIR APPANOOSE 161KV,,,,,29171,P::B::G698,existing_fips,100.0,1.0
P::B::G697,G697,MN,otter tail,OTTER TAIL,0,27111,OTP PELICAN RAPID EDGE TAP 115KV,,,,,27111,P::B::G697,existing_fips,100.0,1.0
P::B::G696,G696,ND,cass,CASS,0,38017,OTP BUFFALO 115KV SUBSTATION,,,,,38017,P::B::G696,existing_fips,100.0,1.0
P::B::G695,G695,IA,winnebago,WINNEBAGO,0,19189,WINCO WINNEBAGO 161KV,,,,,19189,P::B::G695,existing_fips,100.0,1.0
P::B::G694,G694,IL,knox,KNOX,0,17095,GALESBURG KEWAUNEE 138KV,,,,,17095,P::B::G694,existing_fips,100.0,1.0
P::B::G691,G691,WI,vernon,VERNON,0,55123,WESTBY CASHTON TAP 69KV,,,,,55123,P::B::G691,existing_fips,100.0,1.0
P::B::G690,G690,ND,dickey,DICKEY,0,38021,TATAKANA 230KV,,,,,38021,P::B::G690,existing_fips,100.0,1.0
P::B::G689,G689,OH,columbiana,COLUMBIANA,0,39029,345KV LINE NEAR SAMMIS PLANT NEAR WELLSVILLE OH,,,,,39029,P::B::G689,existing_fips,100.0,1.0
P::B::G688,G688,MN,murray,MURRAY,0,27101,CHANARAMBIE SUBSTATION,,,,,27101,P::B::G688,existing_fips,100.0,1.0
P::B::G687,G687,MI,midland,MIDLAND,0,26111,TITTABAWASSEE 345KV SUBSTATION,,,,,26111,P::B::G687,existing_fips,100.0,1.0
P::B::G685,G685,MN,meeker,MEEKER,0,27093,LAKE LILLIAN ATWATER 69KV,,,,,27093,P::B::G685,existing_fips,100.0,1.0
P::B::G684,G684,MN,cottonwood,COTTONWOOD,0,27033,MT LAKE BAT LAKE 69KV,,,,,27033,P::B::G684,existing_fips,100.0,1.0
P::B::G683,G683,MN,hennepin,HENNEPIN,0,27053,NEAR SOUTHTOWN SUBSTATION 13 8KV,,,,,27053,P::B::G683,existing_fips,100.0,1.0
P::B::G681,G681,MN,freeborn,FREEBORN,0,27047,WALTERS ALBERT LEA 69KV,,,,,27047,P::B::G681,existing_fips,100.0,1.0
P::B::G680,G680,MN,yellow medicine,YELLOW MEDICINE,0,27173,OTP BURR JCT TORONTO 115KV,,,,,27173,P::B::G680,existing_fips,100.0,1.0
P::B::G679,G679,IL,mclean,MCLEAN,0,17113,AMEREN 34 5KV LINE NEAR LEXINGTON IL,,,,,17113,P::B::G679,existing_fips,100.0,1.0
P::B::G678,G678,WI,dane,DANE,0,55025,NORTH MADISON SUBSTATION 138KV,,,,,55025,P::B::G678,existing_fips,100.0,1.0
P::B::G677,G677,IL,moultrie,MOULTRIE,0,17139,MATTOON WEST 138KV SUBSTATION,,,,,17139,P::B::G677,existing_fips,100.0,1.0
P::B::G675,G675,IN,knox,KNOX,0,18083,WHEATLAND AMO 345KV,,,,,18083,P::B::G675,existing_fips,100.0,1.0
P::B::G674,G674,IN,knox,KNOX,0,18083,WHEATLAND AMO 345KV,,,,,18083,P::B::G674,existing_fips,100.0,1.0
P::B::G671,G671,MN,freeborn,FREEBORN,0,27047,WINNEBAGO HAYWARD 161KV,,,,,27047,P::B::G671,existing_fips,100.0,1.0
P::B::G670,G670,MN,faribault,FARIBAULT,0,27043,WINNEBAGO HAYWARD 161KV,,,,,27043,P::B::G670,existing_fips,100.0,1.0
P::B::G669,G669,MN,mower,MOWER,0,27099,ADAMS ROCHESTER 161KV,,,,,27099,P::B::G669,existing_fips,100.0,1.0
P::B::G668,G668,MN,big stone,BIG STONE,0,27011,GRACEVILLE JOHNSON FACILITIES IN BIG STONE COUNTY MN,,,,,27011,P::B::G668,existing_fips,100.0,1.0
P::B::G667,G667,MN,jackson,JACKSON,0,27063,ROUND LAKE TAP 69KV SUBSTATION,,,,,27063,P::B::G667,existing_fips,100.0,1.0
P::B::G666,G666,IN,benton,BENTON,0,18007,DEQUINE TO WESTWOOD 345KV,,,,,18007,P::B::G666,existing_fips,100.0,1.0
P::B::G663,G663,MN,lincoln,LINCOLN,0,27081,YANKEE 34 5KV SUBSTATION,,,,,27081,P::B::G663,existing_fips,100.0,1.0
P::B::G662,G662,SD,corson,CORSON,0,46031,MCLAUGHLIN 115KV SUBSTATION,,,,,46031,P::B::G662,existing_fips,100.0,1.0
P::B::G661,G661,IL,coles,COLES,0,17029,NE TAYLORVILLE 138KV SUBSTATION,,,,,17029,P::B::G661,existing_fips,100.0,1.0
P::B::G659,G659,ND,oliver,OLIVER,0,38065,CENTER 230KV SUBSTATION,,,,,38065,P::B::G659,existing_fips,100.0,1.0
P::B::G623,G623,IL,shelby,SHELBY,0,17173,MATTOON WEST SHELBYVILLE,,,,,17173,P::B::G623,existing_fips,100.0,1.0
P::B::G622,G622,ND,dickey,DICKEY,0,38021,MDU ELLENDALE WISHEK 230KV,,,,,38021,P::B::G622,existing_fips,100.0,1.0
P::B::G621,G621,MN,pipestone,PIPESTONE,0,27117,GOLF WOOKSTOCK 34 5KV,,,,,27117,P::B::G621,existing_fips,100.0,1.0
P::B::G582,G582,WI,eau claire,EAU CLAIRE,0,55035,UNKNOWN,,,,,55035,P::B::G582,existing_fips,100.0,1.0
P::B::G581,G581,ND,oliver,OLIVER,0,38065,CENTER 345KV BUS AT THE MILTON R YOUNG PLANT,,,,,38065,P::B::G581,existing_fips,100.0,1.0
P::B::G580,G580,OH,jefferson,JEFFERSON,0,39081,WH SAMMIS PLANT UNIT 7,,,,,39081,P::B::G580,existing_fips,100.0,1.0
P::B::G579,G579,OH,jefferson,JEFFERSON,0,39081,WH SAMMIS UNIT 6,,,,,39081,P::B::G579,existing_fips,100.0,1.0
P::B::G578,G578,MO,adair,ADAIR,0,29001,ADAIR 161KV SUBSTATION,,,,,29001,P::B::G578,existing_fips,100.0,1.0
P::B::G577,G577,IA,clinton,CLINTON,0,19045,ITC MIDWEST LIBERTY AVENUE 69KV SUBSTATION,,,,,19045,P::B::G577,existing_fips,100.0,1.0
P::B::G576,G576,MN,rock,ROCK,0,27133,SPLIT ROCK MAGNOLIA 161KV,,,,,27133,P::B::G576,existing_fips,100.0,1.0
P::B::G575,G575,IA,franklin,FRANKLIN,0,19069,FRANKLIN 161KV SUBSTATION,,,,,19069,P::B::G575,existing_fips,100.0,1.0
P::B::G574,G574,IA,franklin,FRANKLIN,0,19069,FRANKLIN 161KV SUBSTATION,,,,,19069,P::B::G574,existing_fips,100.0,1.0
P::B::G573,G573,IA,franklin,FRANKLIN,0,19069,FRANKLIN 161KV SUBSTATION,,,,,19069,P::B::G573,existing_fips,100.0,1.0
P::B::G571,G571,IN,clinton,CLINTON,0,18023,KOKOMO THORNTOWN 230KV,,,,,18023,P::B::G571,existing_fips,100.0,1.0
P::B::G570,G570,WI,kewaunee,KEWAUNEE,0,55061,UNKNOWN,,,,,55061,P::B::G570,existing_fips,100.0,1.0
P::B::G569,G569,IL,mercer,MERCER,0,17131,GALESBURG SUBSTATION KNOX COUNTY,,,,,17131,P::B::G569,existing_fips,100.0,1.0
P::B::G568,G568,MI,delta,DELTA,0,26041,ESCANABA GENERATING STATION SUB,,,,,26041,P::B::G568,existing_fips,100.0,1.0
P::B::G567,G567,MI,delta,DELTA,0,26041,ESCANABA GENERATING 138KV SUBSTATION,,,,,26041,P::B::G567,existing_fips,100.0,1.0
P::B::G566d,G566d,MI,missaukee,MISSAUKEE,0,26113,CADILLAC LEROY 69KV,,,,,26113,P::B::G566d,existing_fips,100.0,1.0
P::B::G566,G566,MI,missaukee,MISSAUKEE,0,26113,CADILLAC LEROY 69KV,,,,,26113,P::B::G566,existing_fips,100.0,1.0
P::B::G565,G565,MI,huron,HURON,0,26063,EXISTING 120KV LINE NEAR RAPSON RD AND MINDEN RD,,,,,26063,P::B::G565,existing_fips,100.0,1.0
P::B::G564,G564,WI,eau claire,EAU CLAIRE,0,55035,DELLS HYDRO PLANT,,,,,55035,P::B::G564,existing_fips,100.0,1.0
P::B::G563,G563,WI,eau claire,EAU CLAIRE,0,55035,DELLS HYDRO PLANT,,,,,55035,P::B::G563,existing_fips,100.0,1.0
P::B::G562,G562,WI,eau claire,EAU CLAIRE,0,55035,DELLS HYDRO PLANT,,,,,55035,P::B::G562,existing_fips,100.0,1.0
P::B::G561,G561,IL,bureau,BUREAU,0,17011,PRINCETON 138KV SUBSTATION,,,,,17011,P::B::G561,existing_fips,100.0,1.0
P::B::G555,G555,MN,stevens,STEVENS,0,27149,MORRIS GRAND COUNTY 115KV,,,,,27149,P::B::G555,existing_fips,100.0,1.0
P::B::G554,G554,IA,palo alto,PALO ALTO,0,19147,TBD LIKELY ALTW LINE,,,,,19147,P::B::G554,existing_fips,100.0,1.0
P::B::G553,G553,WI,columbia,COLUMBIA,0,55021,COLUMBIA ENERGY CENTER SUB,,,,,55021,P::B::G553,existing_fips,100.0,1.0
P::B::G552,G552,IA,emmet,EMMET,0,19063,MAPLE HILL SUBSTATION 69KV,,,,,19063,P::B::G552,existing_fips,100.0,1.0
P::B::G551,G551,IA,howard,HOWARD,0,19089,RICE 161KV,,,,,19089,P::B::G551,existing_fips,100.0,1.0
P::B::G550,G550,WI,jefferson,JEFFERSON,0,55055,CONCORD GENERATING STATION,,,,,55055,P::B::G550,existing_fips,100.0,1.0
P::B::G549,G549,MN,pope,POPE,0,27121,NEXT TO WILLIAMS SUBSTATION 69KV,,,,,27121,P::B::G549,existing_fips,100.0,1.0
P::B::G583,G583,MI,ontonagon,ONTONAGON,0,26131,WHITE PINE 69KV SUBSTATION,,,,,26131,P::B::G583,existing_fips,100.0,1.0
P::B::G584,G584,MN,pipestone,PIPESTONE,0,27117,CHANARAMBIE BUFFALO RIDGE 34 5KV,,,,,27117,P::B::G584,existing_fips,100.0,1.0
P::B::G585,G585,MN,redwood,REDWOOD,0,27127,UNKNOWN,,,,,27127,P::B::G585,existing_fips,100.0,1.0
P::B::G586,G586,MN,lincoln,LINCOLN,0,27081,XCEL NEW YANKEE SUB 34 5KV,,,,,27081,P::B::G586,existing_fips,100.0,1.0
P::B::G620,G620,MN,goodhue,GOODHUE,0,27049,KENYON DODGE 69KV,,,,,27049,P::B::G620,existing_fips,100.0,1.0
P::B::G619,G619,MN,otter tail,OTTER TAIL,0,27111,GRE TAMARAC 41KV SUBSTATION,,,,,27111,P::B::G619,existing_fips,100.0,1.0
P::B::G618,G618,MN,yellow medicine,YELLOW MEDICINE,0,27173,BURR JCT TORONTO 115KV,,,,,27173,P::B::G618,existing_fips,100.0,1.0
P::B::G617,G617,MN,blue earth,BLUE EARTH,0,27013,GRE AMBOY WILLOW 69KV,,,,,27013,P::B::G617,existing_fips,100.0,1.0
P::B::G616,G616,IN,benton,BENTON,0,18007,GOODLAND WATSEKA 138KV,,,,,18007,P::B::G616,existing_fips,100.0,1.0
P::B::G614,G614,IA,emmet,EMMET,0,19063,LAKEFIELD JUNCTION FOX LAKE 161KV,,,,,19063,P::B::G614,existing_fips,100.0,1.0
P::B::G613,G613,MN,redwood,REDWOOD,0,27127,REDWOOD ELECTRIC SUBSTATION 6 69KV,,,,,27127,P::B::G613,existing_fips,100.0,1.0
P::B::G612,G612,IA,story,STORY,0,19169,ITC MIDWEST FERNALD 115KV SUBSTATION,,,,,19169,P::B::G612,existing_fips,100.0,1.0
P::B::G611,G611,WI,calumet,CALUMET,0,55015,FOREST JUNCTION ELKHART LAKE 138KV,,,,,55015,P::B::G611,existing_fips,100.0,1.0
P::B::G609,G609,WI,price,PRICE,0,55099,FLAMBOLT HYDRO PARK FALLS PLANT,,,,,55099,P::B::G609,existing_fips,100.0,1.0
P::B::G608,G608,MN,pope,POPE,0,27121,GRE LAKE JOHANNA BROOTEN 69KV,,,,,27121,P::B::G608,existing_fips,100.0,1.0
P::B::G607,G607,ND,mercer,MERCER,0,38057,COYOTE STATION,,,,,38057,P::B::G607,existing_fips,100.0,1.0
P::B::G606,G606,IN,benton,BENTON,0,18007,BENTON COUNTY WIND FARM POI,,,,,18007,P::B::G606,existing_fips,100.0,1.0
P::B::G605,G605,IN,montgomery,MONTGOMERY,0,18107,CRAWFORDSVILLE LAFAYETTE SE SWITCHING STATION 138KV,,,,,18107,P::B::G605,existing_fips,100.0,1.0
P::B::G699,G699,SD,roberts,ROBERTS,0,46109,BIG STONE HANKINSON 230KV,,,,,46109,P::B::G699,existing_fips,100.0,1.0
P::B::G604,G604,MN,steele,STEELE,0,27147,OWATONNA COUNTY LINE 69KV,,,,,27147,P::B::G604,existing_fips,100.0,1.0
P::B::G602,G602,MN,nobles,NOBLES,0,27105,NOBLES COUNTY 115KV SUBSTATION,,,,,27105,P::B::G602,existing_fips,100.0,1.0
P::B::G600,G600,MN,marshall,MARSHALL,0,27089,VIKING SUBSTATION CONNECTING TO UNNAMED 115KV OTP LINE,,,,,27089,P::B::G600,existing_fips,100.0,1.0
P::B::G599,G599,IL,adams,ADAMS,0,17001,S QUINCY MEREDOSIA 120KV,,,,,17001,P::B::G599,existing_fips,100.0,1.0
P::B::G598,G598,IL,adams,ADAMS,0,17001,120KV SUB AT E QUINCY CLAYTON MEREDOSIA 115 138KV LINE,,,,,17001,P::B::G598,existing_fips,100.0,1.0
P::B::G597,G597,MN,itasca,ITASCA,0,27061,MP BLACKBERRY 230 115KV SUB,,,,,27061,P::B::G597,existing_fips,100.0,1.0
P::B::G596,G596,MN,morrison,MORRISON,0,27097,UNKNOWN,,,,,27097,P::B::G596,existing_fips,100.0,1.0
P::B::G595,G595,IA,hancock,HANCOCK,0,19081,LIME CREEK 161KV SUBSTATION,,,,,19081,P::B::G595,existing_fips,100.0,1.0
P::B::G594,G594,MN,jackson,JACKSON,0,27063,LAKEFIELD JUNCTION TRIBOJI 161KV,,,,,27063,P::B::G594,existing_fips,100.0,1.0
P::B::G593,G593,MN,jackson,JACKSON,0,27063,LAKEFIELD JUNCTION TRIBOJI 161KV,,,,,27063,P::B::G593,existing_fips,100.0,1.0
P::B::G591,G591,MN,st. louis,SAINT LOUIS,0,27137,MINNTAC 230KV SUBSTATION,,,,,27137,P::B::G591,existing_fips,100.0,1.0
P::B::G590,G590,WI,calumet,CALUMET,0,55015,TECUMSEH ROAD 138KV SUBSATION,,,,,55015,P::B::G590,existing_fips,100.0,1.0
P::B::G589,G589,IA,black hawk,BLACK HAWK,0,19013,HAZELTON 345KV SUBSTATION,,,,,19013,P::B::G589,existing_fips,100.0,1.0
P::B::G588,G588,WI,wood,WOOD,0,55141,HUME ARPIN 115KV,,,,,55141,P::B::G588,existing_fips,100.0,1.0
P::B::G587,G587,MN,sibley,SIBLEY,0,27143,69KV TO WINTHROP SUB,,,,,27143,P::B::G587,existing_fips,100.0,1.0
P::B::G603,G603,MN,lincoln,LINCOLN,0,27081,321 XCEL 34 5KV LINE 12 15 MILES FROM BUFFALO RIDGE SUB,,,,,27081,P::B::G603,existing_fips,100.0,1.0
P::B::G700,G700,MN,goodhue,GOODHUE,0,27049,KENYON DODGE CENTER 69KV,,,,,27049,P::B::G700,existing_fips,100.0,1.0
P::B::G701,G701,IL,henry,HENRY,0,17073,EAST KEWANEE,,,,,17073,P::B::G701,existing_fips,100.0,1.0
P::B::G702,G702,IA,worth,WORTH,0,19195,161KV NIW SUBSTATION,,,,,19195,P::B::G702,existing_fips,100.0,1.0
P::B::G813,G813,IA,boone,BOONE,0,19015,DODGE TWP NORTH CENTRAL SECTION OF BOONE CO IA,,,,,19015,P::B::G813,existing_fips,100.0,1.0
P::B::G812,G812,MN,pope,POPE,0,27121,GRE SWIFT FALLS GILCHREST 69KV,,,,,27121,P::B::G812,existing_fips,100.0,1.0
P::B::G810,G810,ND,bowman,BOWMAN,0,38011,HETTINGER 115KV SUBSTATION,,,,,38011,P::B::G810,existing_fips,100.0,1.0
P::B::G809,G809,MI,midland,MIDLAND,0,26111,TITTABAWASSEE 345KV SUBSTATION,,,,,26111,P::B::G809,existing_fips,100.0,1.0
P::B::G807,G807,MO,franklin,FRANKLIN,0,29071,AMEREN LABADIE PLANT,,,,,29071,P::B::G807,existing_fips,100.0,1.0
P::B::G806,G806,IL,montgomery,MONTGOMERY,0,17135,AMEREN COFFEEN UNIT 2,,,,,17135,P::B::G806,existing_fips,100.0,1.0
P::B::G805,G805,MN,stevens,STEVENS,0,27149,JOHNSON JUNCTION MORRIS 115KV,,,,,27149,P::B::G805,existing_fips,100.0,1.0
P::B::G804,G804,SD,deuel,DEUEL,0,46039,BLAIR BIG STONE 230KV,,,,,46039,P::B::G804,existing_fips,100.0,1.0
P::B::G803,G803,SD,deuel,DEUEL,0,46039,TORONTO 115KV,,,,,46039,P::B::G803,existing_fips,100.0,1.0
P::B::G802,G802,SD,grant,GRANT,0,46051,BIG STONE BUS,,,,,46051,P::B::G802,existing_fips,100.0,1.0
P::B::G801,G801,MN,mower,MOWER,0,27099,161KV GRE LINE IN SOUTHWEST 1 4 OF SECTION 26 WALTHAM TWP,,,,,27099,P::B::G801,existing_fips,100.0,1.0
P::B::G800,G800,MN,itasca,ITASCA,0,27061,MN STEEL 230KV SUBSTATION,,,,,27061,P::B::G800,existing_fips,100.0,1.0
P::B::G799,G799,MI,houghton,HOUGHTON,0,26061,ATLANTIC 69KV SUBSTATION,,,,,26061,P::B::G799,existing_fips,100.0,1.0
P::B::G798,G798,IA,story,STORY,0,19169,ITC MIDWEST FERNALD 115KV SUBSTATION,,,,,19169,P::B::G798,existing_fips,100.0,1.0
P::B::G797,G797,MN,martin,MARTIN,0,27091,N 43 34 851 W 094 48 876,,,,,27091,P::B::G797,existing_fips,100.0,1.0
P::B::G796,G796,MN,dodge,DODGE,0,27039,SMMPA BYRON 345 161KV SUBSTATION,,,,,27039,P::B::G796,existing_fips,100.0,1.0
P::B::G793,G793,WI,rock,ROCK,0,55105,ROCK RIVER SW DELAVAN 138KV,,,,,55105,P::B::G793,existing_fips,100.0,1.0
P::B::G792,G792,MN,big stone,BIG STONE,0,27011,JOHNSON STATION FACILITIES,,,,,27011,P::B::G792,existing_fips,100.0,1.0
P::B::G790,G790,IA,franklin,FRANKLIN,0,19069,ITC MIDWEST FRANKLIN SUBSTATION,,,,,19069,P::B::G790,existing_fips,100.0,1.0
P::B::G789,G789,MN,pope,POPE,0,27121,T 126 N R 36 W,,,,,27121,P::B::G789,existing_fips,100.0,1.0
P::B::G788,G788,ND,stutsman,STUTSMAN,0,38093,LADISH 115KV SUBSTATION,,,,,38093,P::B::G788,existing_fips,100.0,1.0
P::B::G784,G784,ND,ward,WARD,0,38101,JUST NORTH AND WEST OF THE TOWN OF RUSO,,,,,38101,P::B::G784,existing_fips,100.0,1.0
P::B::G783,G783,ND,ward,WARD,0,38101,JUST NORTH AND WEST OF THE TOWN OF RUSO,,,,,38101,P::B::G783,existing_fips,100.0,1.0
P::B::G782,G782,MN,swift,SWIFT,0,27151,GRE WILLMAR 115KV SUBSTATION,,,,,27151,P::B::G782,existing_fips,100.0,1.0
P::B::G781,G781,ND,adams,ADAMS,0,38001,HETTINGER 115KV SUBSTATION,,,,,38001,P::B::G781,existing_fips,100.0,1.0
P::B::G780,G780,IN,vigo,VIGO,0,18167,SUGAR CREEK SUBSTATION,,,,,18167,P::B::G780,existing_fips,100.0,1.0
P::B::G779,G779,MN,dodge,DODGE,0,27039,BYRON ALCORNS 161KV,,,,,27039,P::B::G779,existing_fips,100.0,1.0
P::B::G778,G778,MN,grant,GRANT,0,27051,OTP NASHUA TINTAH WENDELL 41 6KV,,,,,27051,P::B::G778,existing_fips,100.0,1.0
P::B::G777,G777,MN,stevens,STEVENS,0,27149,SEC9 T123N R43W,,,,,27149,P::B::G777,existing_fips,100.0,1.0
P::B::G814,G814,MI,antrim,ANTRIM,0,26009,WPSC WESTWOOD MANCELONA 69KV,,,,,26009,P::B::G814,existing_fips,100.0,1.0
P::B::G817,G817,MN,grant,GRANT,0,27051,MRES ELBOW LAKE BRANDON 115KV,,,,,27051,P::B::G817,existing_fips,100.0,1.0
P::B::G818,G818,MN,grant,GRANT,0,27051,MRES GRANT CO MORRIS 115KV,,,,,27051,P::B::G818,existing_fips,100.0,1.0
P::B::G820,G820,MI,presque isle,PRESQUE ISLE,0,26141,PORT CALCITE ROCKPORT 138KV,,,,,26141,P::B::G820,existing_fips,100.0,1.0
P::B::G854,G854,MI,mason,MASON,0,26105,PERE MARQUETTE STRONACH 138KV,,,,,26105,P::B::G854,existing_fips,100.0,1.0
P::B::G853,G853,ND,dickey,DICKEY,0,38021,OAKES ELLENDALE 230KV,,,,,38021,P::B::G853,existing_fips,100.0,1.0
P::B::G852,G852,MN,dodge,DODGE,0,27039,PLEASANT VALLEY BYRON 161KV,,,,,27039,P::B::G852,existing_fips,100.0,1.0
P::B::G851,G851,MN,murray,MURRAY,0,27101,GRE LAKE SARAH 115KV SUBSTATION,,,,,27101,P::B::G851,existing_fips,100.0,1.0
P::B::G850,G850,MN,murray,MURRAY,0,27101,LAKE SARAH TAP SUBSTATION,,,,,27101,P::B::G850,existing_fips,100.0,1.0
P::B::G849,G849,IN,perry,PERRY,0,18123,CLOVERPORT 138KV SUBSTATION,,,,,18123,P::B::G849,existing_fips,100.0,1.0
P::B::G848,G848,KY,livingston,LIVINGSTON,0,21139,RENSHAW LIVINGSTON 161KV,,,,,21139,P::B::G848,existing_fips,100.0,1.0
P::B::G847,G847,MO,audrain,AUDRAIN,0,29007,SPENCER CREEK 345KV SUBSTATION,,,,,29007,P::B::G847,existing_fips,100.0,1.0
P::B::G846,G846,MN,clay,CLAY,0,27027,GRE PELICAN LAKE TANSEM 41 6KV,,,,,27027,P::B::G846,existing_fips,100.0,1.0
P::B::G845,G845,ND,cavalier,CAVALIER,0,38019,LANGDON 115KV SUBSTATION,,,,,38019,P::B::G845,existing_fips,100.0,1.0
P::B::G844,G844,SD,brookings,BROOKINGS,0,46011,BROOKINGS COUNTY 345KV SUBSTATION,,,,,46011,P::B::G844,existing_fips,100.0,1.0
P::B::G843,G843,MN,otter tail,OTTER TAIL,0,27111,GRE ELMO MILTONA 115KV,,,,,27111,P::B::G843,existing_fips,100.0,1.0
P::B::G842,G842,MN,lyon,LYON,0,27083,LAKE YANKTON ELLSBORO 115KV,,,,,27083,P::B::G842,existing_fips,100.0,1.0
P::B::G841,G841,MN,lyon,LYON,0,27083,NORTH TRACY SUBSTATION,,,,,27083,P::B::G841,existing_fips,100.0,1.0
P::B::G776,G776,SD,brookings,BROOKINGS,0,46011,XCEL BROOKINGS COUNTY 115KV,,,,,46011,P::B::G776,existing_fips,100.0,1.0
P::B::G837,G837,OH,butler,BUTLER,0,39017,601 N B STREET EXISTING CO GENERATION SYSTEMS,,,,,39017,P::B::G837,existing_fips,100.0,1.0
P::B::G835,G835,IN,clinton,CLINTON,0,18023,WABASH RIVER KOKOMO 230KV,,,,,18023,P::B::G835,existing_fips,100.0,1.0
P::B::G834,G834,WI,manitowoc,MANITOWOC,0,55071,POINT BEACH UNIT 1,,,,,55071,P::B::G834,existing_fips,100.0,1.0
P::B::G833,G833,WI,manitowoc,MANITOWOC,0,55071,POINT BEACH UNIT 2,,,,,55071,P::B::G833,existing_fips,100.0,1.0
P::B::G832,G832,WI,chippewa,CHIPPEWA,0,55017,JIM FALLS HOLCOMBE 115KV,,,,,55017,P::B::G832,existing_fips,100.0,1.0
P::B::G831,G831,MN,murray,MURRAY,0,27101,ELLSBORO LAKE YANKTON 115KV,,,,,27101,P::B::G831,existing_fips,100.0,1.0
P::B::G830,G830,ND,mchenry,MCHENRY,0,38049,GRE MCHENRY SUBSTATION,,,,,38049,P::B::G830,existing_fips,100.0,1.0
P::B::G829,G829,SD,minnehaha,MINNEHAHA,0,46099,SPLIT ROCK 115KV SUBSTATION,,,,,46099,P::B::G829,existing_fips,100.0,1.0
P::B::G828,G828,MN,blue earth,BLUE EARTH,0,27013,345KV LINE NEAR WILMARTH SUBSTATION,,,,,27013,P::B::G828,existing_fips,100.0,1.0
P::B::G827,G827,SD,minnehaha,MINNEHAHA,0,46099,115KV LINE NEAR GRANT SUBSTATION,,,,,46099,P::B::G827,existing_fips,100.0,1.0
P::B::G826,G826,MN,jackson,JACKSON,0,27063,XCEL LAKEFIELD GENERATION SW LAKEFIELD JUNCTION 345KV,,,,,27063,P::B::G826,existing_fips,100.0,1.0
P::B::G825,G825,SD,brookings,BROOKINGS,0,46011,TORONTO BRUCE 115KV,,,,,46011,P::B::G825,existing_fips,100.0,1.0
P::B::G824,G824,MN,mower,MOWER,0,27099,T 103 N R 16 W,,,,,27099,P::B::G824,existing_fips,100.0,1.0
P::B::G823,G823,MN,yellow medicine,YELLOW MEDICINE,0,27173,BURR TORONTO 115KV,,,,,27173,P::B::G823,existing_fips,100.0,1.0
P::B::G821,G821,MN,clay,CLAY,0,27027,OTP SHEYENNE AUDUBON 230KV,,,,,27027,P::B::G821,existing_fips,100.0,1.0
P::B::G836,G836,IN,clinton,CLINTON,0,18023,WABASH RIVER KOKOMO 230KV,,,,,18023,P::B::G836,existing_fips,100.0,1.0
P::B::G857,G857,MN,mower,MOWER,0,27099,ADAMS 345KV SUBSTATION,,,,,27099,P::B::G857,existing_fips,100.0,1.0
P::B::G775,G775,IL,hancock,HANCOCK,0,17067,NIOTA MACOMB 138KV,,,,,17067,P::B::G775,existing_fips,100.0,1.0
P::B::G773,G773,WI,brown,BROWN,0,55009,FOREST JUNCTION LOST DAUPHIN 138KV,,,,,55009,P::B::G773,existing_fips,100.0,1.0
P::B::G737,G737,MN,stevens,STEVENS,0,27149,GRE JOHNSON JNCT MORRIS 115KV,,,,,27149,P::B::G737,existing_fips,100.0,1.0
P::B::G736,G736,SD,grant,GRANT,0,46051,BIG STONE SOUTH 230KV SUBSTATION,,,,,46051,P::B::G736,existing_fips,100.0,1.0
P::B::G735,G735,IA,hancock,HANCOCK,0,19081,LIME CREEK SUBSTATION,,,,,19081,P::B::G735,existing_fips,100.0,1.0
P::B::G734,G734,SD,brookings,BROOKINGS,0,46011,XCEL BROOKINGS COUNTY 115KV SUBSTATION,,,,,46011,P::B::G734,existing_fips,100.0,1.0
P::B::G733,G733,MO,callaway,CALLAWAY,0,29027,CALLAWAY PLANT SWITCHYARD,,,,,29027,P::B::G733,existing_fips,100.0,1.0
P::B::G732,G732,IA,lee,LEE,0,19111,13 2KV FEEDING INTO EXISTING ROQUETTE AMERICA ELECTRICAL INFRASTRUCTURE,,,,,19111,P::B::G732,existing_fips,100.0,1.0
P::B::G731,G731,SD,jerauld,JERAULD,0,46073,SPLIT ROCK SUBSTATION,,,,,46073,P::B::G731,existing_fips,100.0,1.0
P::B::G730,G730,IA,emmet,EMMET,0,19063,MAPLE SWTICH STATION,,,,,19063,P::B::G730,existing_fips,100.0,1.0
P::B::G729,G729,MN,otter tail,OTTER TAIL,0,27111,PELICAN RAPIDS NW JCT 41 6KV SUBSTATION,,,,,27111,P::B::G729,existing_fips,100.0,1.0
P::B::G728,G728,MN,steele,STEELE,0,27147,BYRON W OWATONNA 161KV,,,,,27147,P::B::G728,existing_fips,100.0,1.0
P::B::G727,G727,SD,turner,TURNER,0,46125,GRANT SUBSTATION 115KV,,,,,46125,P::B::G727,existing_fips,100.0,1.0
P::B::G726,G726,IA,linn,LINN,0,19113,DUANE ARNOLD ENERGY CENTER,,,,,19113,P::B::G726,existing_fips,100.0,1.0
P::B::G725,G725,MN,wright,WRIGHT,0,27171,MONTICELLO NUCLEAR GENERATING STATION,,,,,27171,P::B::G725,existing_fips,100.0,1.0
P::B::G724,G724,WI,dane,DANE,0,55025,NORTH MADISON WEST MIDDLETON 138KV,,,,,55025,P::B::G724,existing_fips,100.0,1.0
P::B::G723,G723,ND,morton,MORTON,0,38059,GLEN ULLIN,,,,,38059,P::B::G723,existing_fips,100.0,1.0
P::B::G722,G722,SD,grant,GRANT,0,46051,BIG STONE 230KV SUBSTATION,,,,,46051,P::B::G722,existing_fips,100.0,1.0
P::B::G721,G721,MN,otter tail,OTTER TAIL,0,27111,BISON ALEXANDRIA S S 345KV,,,,,27111,P::B::G721,existing_fips,100.0,1.0
P::B::G720,G720,IA,marshall,MARSHALL,0,19127,SUTHERLAND GENERATING STATION,,,,,19127,P::B::G720,existing_fips,100.0,1.0
P::B::G719,G719,IA,wapello,WAPELLO,0,19179,OTTUMWA GENERATING STATION,,,,,19179,P::B::G719,existing_fips,100.0,1.0
P::B::G718,G718,IA,wapello,WAPELLO,0,19179,OTTUMWA GENERATING STATION,,,,,19179,P::B::G718,existing_fips,100.0,1.0
P::B::G716,G716,IA,howard,HOWARD,0,19089,ITC MIDWEST ADAMS TOP DECK HOLSTEIN 345KV,,,,,19089,P::B::G716,existing_fips,100.0,1.0
P::B::G715,G715,IA,howard,HOWARD,0,19089,RICE BEAVER CREEK 115KV,,,,,19089,P::B::G715,existing_fips,100.0,1.0
P::B::G713,G713,ND,dickey,DICKEY,0,38021,WISHEK FOREMAN 230KV,,,,,38021,P::B::G713,existing_fips,100.0,1.0
P::B::G712,G712,ND,bowman,BOWMAN,0,38011,EXISTING UNNAMED 230KV TRANSMISSION LINE 2 MILES SOUTH OF PLANT,,,,,38011,P::B::G712,existing_fips,100.0,1.0
P::B::G710,G710,ND,mcintosh,MCINTOSH,0,38051,NEAR WISHEK SUB,,,,,38051,P::B::G710,existing_fips,100.0,1.0
P::B::G706,G706,WI,columbia,COLUMBIA,0,55021,HAMILTON ST N RANDOLPH 138KV,,,,,55021,P::B::G706,existing_fips,100.0,1.0
P::B::G705,G705,SD,hand,HAND,0,46059,SIOUX FALLS OR BROOKINGS SUB,,,,,46059,P::B::G705,existing_fips,100.0,1.0
P::B::G704,G704,SD,hand,HAND,0,46059,SIOUX FALLS OR BROOKINGS SUB,,,,,46059,P::B::G704,existing_fips,100.0,1.0
P::B::G703,G703,SD,hand,HAND,0,46059,SIOUX FALLS OR BROOKINGS SUBSTATION,,,,,46059,P::B::G703,existing_fips,100.0,1.0
P::B::G738,G738,MN,lincoln,LINCOLN,0,27081,XCEL ZULU SUBSTATION,,,,,27081,P::B::G738,existing_fips,100.0,1.0
P::B::G739,G739,IN,white,WHITE,0,18181,OLIVE DEQUINE 345KV,,,,,18181,P::B::G739,existing_fips,100.0,1.0
P::B::G740,G740,IA,howard,HOWARD,0,19089,ADAMS HAZLETON 345KV,,,,,19089,P::B::G740,existing_fips,100.0,1.0
P::B::G741,G741,MN,martin,MARTIN,0,27091,NEAR ALLIANT 69KV LINE,,,,,27091,P::B::G741,existing_fips,100.0,1.0
P::B::G772,G772,MN,nobles,NOBLES,0,27105,XEL SPLIT ROCK LAKEFIELD 345KV,,,,,27105,P::B::G772,existing_fips,100.0,1.0
P::B::G771,G771,IA,howard,HOWARD,0,19089,ITCM ADAMS HAZLETON 345KV,,,,,19089,P::B::G771,existing_fips,100.0,1.0
P::B::G770,G770,MN,martin,MARTIN,0,27091,LAKEFIELD JUNCTION FOX LAKE 161KV,,,,,27091,P::B::G770,existing_fips,100.0,1.0
P::B::G769,G769,MN,cottonwood,COTTONWOOD,0,27033,STORDEN HERON LAKE 161KV,,,,,27033,P::B::G769,existing_fips,100.0,1.0
P::B::G768,G768,MN,watonwan,WATONWAN,0,27165,WATONWAN 69KV,,,,,27165,P::B::G768,existing_fips,100.0,1.0
P::B::G767,G767,MT,fallon,FALLON,0,30025,EXISTING 57KV LINE,,,,,30025,P::B::G767,existing_fips,100.0,1.0
P::B::G766,G766,MI,hillsdale,HILLSDALE,0,26059,MOORE DOWLING 138KV,,,,,26059,P::B::G766,existing_fips,100.0,1.0
P::B::G765,G765,SD,brookings,BROOKINGS,0,46011,BROOKINGS COUNTY 345KV SUBSTATION,,,,,46011,P::B::G765,existing_fips,100.0,1.0
P::B::G764,G764,SD,minnehaha,MINNEHAHA,0,46099,ANSON 115KV STATION,,,,,46099,P::B::G764,existing_fips,100.0,1.0
P::B::G763,G763,SD,minnehaha,MINNEHAHA,0,46099,ANSON 115KV STATION,,,,,46099,P::B::G763,existing_fips,100.0,1.0
P::B::G762,G762,MN,mower,MOWER,0,27099,PLEASANT VALLEY 345KV SUBSTATION,,,,,27099,P::B::G762,existing_fips,100.0,1.0
P::B::G761,G761,IA,lee,LEE,0,19111,ITC MIDWEST KEOKUK WEST KEOKUK HYDRO 69KV,,,,,19111,P::B::G761,existing_fips,100.0,1.0
P::B::G760,G760,KS,hamilton,HAMILTON,0,20075,UNKNOWN,,,,,20075,P::B::G760,existing_fips,100.0,1.0
P::B::G759,G759,MN,cottonwood,COTTONWOOD,0,27033,DOTSON 69KV SUBSTATION,,,,,27033,P::B::G759,existing_fips,100.0,1.0
P::B::G774,G774,MI,mason,MASON,0,26105,PERE MARQUETTE STRONACH 138KV,,,,,26105,P::B::G774,existing_fips,100.0,1.0
P::B::G758,G758,IN,lake,LAKE,0,18089,1 MARKTOWN 138KV SUB OR 2 SHEFFIELD 345KV SUB,,,,,18089,P::B::G758,existing_fips,100.0,1.0
P::B::G756,G756,OH,logan,LOGAN,0,39091,BLUE JACKET EAST LIBERTY COOP 138KV,,,,,39091,P::B::G756,existing_fips,100.0,1.0
P::B::G755,G755,MI,osceola,OSCEOLA,0,26133,WPSC LEROY CADILLAC 69KV,,,,,26133,P::B::G755,existing_fips,100.0,1.0
P::B::G754,G754,OH,lucas,LUCAS,0,39095,138KV TRANSMISSION LINE THAT SERVES CITY OF TOLEDO PUMP STATION,,,,,39095,P::B::G754,existing_fips,100.0,1.0
P::B::G753,G753,MT,fallon,FALLON,0,30025,BAKER 230KV SUBSTATION,,,,,30025,P::B::G753,existing_fips,100.0,1.0
P::B::G752,G752,ND,adams,ADAMS,0,38001,BISON HETTINGER 230KV,,,,,38001,P::B::G752,existing_fips,100.0,1.0
P::B::G751,G751,ND,adams,ADAMS,0,38001,BISON HETTINGER 230KV,,,,,38001,P::B::G751,existing_fips,100.0,1.0
P::B::G750,G750,MI,marquette,MARQUETTE,0,26103,PRESQUE ISLE NATIONAL 138KV,,,,,26103,P::B::G750,existing_fips,100.0,1.0
P::B::G749,G749,WI,lafayette,LAFAYETTE,0,55065,HILLMAN EDEN 69KV,,,,,55065,P::B::G749,existing_fips,100.0,1.0
P::B::G747,G747,WI,rock,ROCK,0,55105,TOWN LINE RD NORTH MONROE 138KV,,,,,55105,P::B::G747,existing_fips,100.0,1.0
P::B::G746,G746,MN,fillmore,FILLMORE,0,27045,ITC MIDWEST LANSING HARMONY 161KV,,,,,27045,P::B::G746,existing_fips,100.0,1.0
P::B::G745,G745,IN,white,WHITE,0,18181,NIPSCO WESTWOOD S PRAIRIE 138KV,,,,,18181,P::B::G745,existing_fips,100.0,1.0
P::B::G744,G744,MO,schuyler,SCHUYLER,0,29197,ADAIR APPANOOSE 161KV,,,,,29197,P::B::G744,existing_fips,100.0,1.0
P::B::G743,G743,MI,missaukee,MISSAUKEE,0,26113,WPSC CADILLAC LEROY 69KV,,,,,26113,P::B::G743,existing_fips,100.0,1.0
P::B::G742,G742,MI,missaukee,MISSAUKEE,0,26113,METC WEXFORD KEYSTONE 138KV,,,,,26113,P::B::G742,existing_fips,100.0,1.0
P::B::G757,G757,ND,adams,ADAMS,0,38001,GASCOYNE GENERATING STATION SUBSTATION,,,,,38001,P::B::G757,existing_fips,100.0,1.0
P::S1052,S1052,IL,Cumberland,CUMBERLAND,0,17035,NEOGA SOUTH 138KV,,,,,17035,P::S1052,existing_fips,100.0,1.0
P::J4099,J4099,MN,Jackson,JACKSON,0,27063,FOX LAKE JACKSON NORTH 161KV,,,,,27063,P::J4099,existing_fips,100.0,1.0
P::J873,J873,IA,hardin,HARDIN,0,19083,KILLDEER BLACKHAWK 345KV LINE,,,,,19083,P::J873,exact_state_county,100.0,1.0
P::S1078,S1078,MN,Rock,ROCK,0,27133,MAGNOLIA,,,,,27133,P::S1078,existing_fips,100.0,1.0
P::J868,J868,LA,concordia parish,CONCORDIA,0,22029,PLANTATION 115KV SUBSTATION,,,,,22029,P::J868,exact_state_county,100.0,1.0
P::J726,J726,MN,cottonwood,COTTONWOOD,0,27033,CEDAR MOUNTAIN 345KV SUBSTATION,,,,,27033,P::J726,exact_state_county,100.0,1.0
P::J4108,J4108,LA,Webster Parish,WEBSTER,0,22119,SAREPTA,,,,,22119,P::J4108,existing_fips,100.0,1.0
P::J4109,J4109,LA,Iberville Parish,IBERVILLE,0,22047,DONALDSONVILLE EVERGREEN 230 0KV,,,,,22047,P::J4109,existing_fips,100.0,1.0
P::J4082,J4082,AR,Jefferson,JEFFERSON,0,05069,OTHER_,,,,,05069,P::J4082,existing_fips,100.0,1.0
P::S1050,S1050,LA,Jefferson Davies,JEFFERSON DAVIES,0,22053,LAKE CHARLES BULK 38KV TAP,,,,,22053,P::S1050,existing_fips,100.0,1.0
P::J749,J749,MI,gratiot,GRATIOT,0,26057,REDSTONE 138KV SUBSTATION,,,,,26057,P::J749,exact_state_county,100.0,1.0
P::S1068,S1068,MI,Hillsdale,HILLSDALE,0,26059,CRONK ROAD,,,,,26059,P::S1068,exact_state_county,100.0,1.0
P::M::S1165,S1165,WI,,,0,,,NO_GROUP,NO_GROUP,,,,P::M::S1165,unmatched,0.0,0.0
P::J819,J819,WI,lafayette,LAFAYETTE,0,55065,DARLINGTON 138KV SUBSTATION,,,,,55065,P::J819,exact_state_county,100.0,1.0
P::M::S1177,S1177,,,,0,,,NO_GROUP,NO_GROUP,,,,P::M::S1177,unmatched,0.0,0.0
P::S1079,S1079,ND,Cass,CASS,0,38017,BISON,,,,,38017,P::S1079,existing_fips,100.0,1.0
P::J4101,J4101,WI,Jefferson,JEFFERSON,0,55055,UNIVERSITY UWW,,,,,55055,P::J4101,existing_fips,100.0,1.0
P::S1070,S1070,IA,Union,UNION,0,19175,ROUNDHOUSEJ1,,,,,19175,P::S1070,existing_fips,100.0,1.0
P::J4100,J4100,LA,Livingston Parish,LIVINGSTON,0,22063,COLY WILLOW GLEN 500 SWYD 500 0KV,,,,,22063,P::J4100,existing_fips,100.0,1.0
P::R1000,R1000,ND,Morton,MORTON,0,38059,R M HESKETT STATION,,,,,38059,P::R1000,existing_fips,100.0,1.0
P::J4083,J4083,MS,Perry,PERRY,0,28111,PURVIS BULK 161 HINTONVILLE 161 161 0KV,,,,,28111,P::J4083,existing_fips,100.0,1.0
P::R1001,R1001,MN,Otter Tail,OTTER TAIL,0,27111,HOOT LAKE 115KV,,,,,27111,P::R1001,existing_fips,100.0,1.0
P::S1051,S1051,IA,Worth,WORTH,0,19195,WORTH COUNTY SUBSTATION 161KV,,,,,19195,P::S1051,existing_fips,100.0,1.0
P::R1018,R1018,IA,Allamakee,ALLAMAKEE,0,19005,LANSING 161KV SUBSTATION,,,,,19005,P::R1018,existing_fips,100.0,1.0
P::S1067,S1067,MI,Washtenaw,WASHTENAW,0,26161,MAJESTIC LEMOYNE 345KV,,,,,26161,P::S1067,existing_fips,100.0,1.0
P::J860,J860,LA,jefferson davis parish,JEFFERSON DAVIS,0,22053,NEW JEFFERSON DAVIS 138KV SUBSTATION,,,,,22053,P::J860,exact_state_county,100.0,1.0
P::M::S1176,S1176,,,,0,,,NO_GROUP,NO_GROUP,,,,P::M::S1176,unmatched,0.0,0.0
P::R1016,R1016,,,,0,,BAILEY 161KV SUBSTATION 338879,,,,,,P::R1016,unmatched,0.0,0.0
P::J4085,J4085,MI,Dickinson,DICKINSON,0,26043,NORDIC,,,,,26043,P::J4085,existing_fips,100.0,1.0
P::M::S1166,S1166,MN,,,0,,,NO_GROUP,NO_GROUP,,,,P::M::S1166,unmatched,0.0,0.0
P::J725,J725,MN,murray,MURRAY,0,27101,CEDAR MOUNTAIN 345KV SUBSTATION,,,,,27101,P::J725,exact_state_county,100.0,1.0
P::S1054,S1054,MN,Cottonwood,COTTONWOOD,0,27033,LAKEFIELD JUNCTION 345KV,,,,,27033,P::S1054,existing_fips,100.0,1.0
P::S1066,S1066,MI,Lenawee,LENAWEE,0,26091,,,,,,26091,P::S1066,existing_fips,100.0,1.0
P::J4090,J4090,MO,Schuyler,SCHUYLER,0,29197,OTHER_,,,,,29197,P::J4090,existing_fips,100.0,1.0
P::J863,J863,MN,dakota,DAKOTA,0,27037,ROSEMOUNT NININGER 115KV LINE,,,,,27037,P::J863,exact_state_county,100.0,1.0
P::S1058,S1058,MI,Calhoun,CALHOUN,0,26025,STONEHILL SUBSTATION 138KV,,,,,26025,P::S1058,existing_fips,100.0,1.0
P::M::S1174,S1174,,,,0,,,NO_GROUP,NO_GROUP,,,,P::M::S1174,unmatched,0.0,0.0
P::J818,J818,WI,jefferson,JEFFERSON,0,55055,JEFFERSON 138KV SUBSTATION,,,,,55055,P::J818,exact_state_county,100.0,1.0
P::M::S1170,S1170,AR,Union,UNION,0,05139,HUTTIG SS STRONG SS 115 0KV,,,,,05139,P::M::S1170,exact_state_county,100.0,1.0
P::J866,J866,MS,tunica,TUNICA,0,28143,BATESVILLE ROBERT E RITCHIE 230KV LINE,,,,,28143,P::J866,exact_state_county,100.0,1.0
P::M::S1171,S1171,,,,0,,WHITE BLUFF EHV 500MW,NO_GROUP,NO_GROUP,,,,P::M::S1171,unmatched,0.0,0.0
P::R1007,R1007,IA,Linn,LINN,0,19113,ITC DAEC SUBSTATION 161KV,,,,,19113,P::R1007,existing_fips,100.0,1.0
P::J4091,J4091,MN,Otter Tail,OTTER TAIL,0,27111,ALEXANDRIA BISON 345 0KV,,,,,27111,P::J4091,existing_fips,100.0,1.0
P::J4095,J4095,MI,Huron,HURON,0,26063,GRASSMERE,,,,,26063,P::J4095,existing_fips,100.0,1.0
P::S1063,S1063,MI,Calhoun,CALHOUN,0,26025,VERONA FOUNDRY 138KV,,,,,26025,P::S1063,existing_fips,100.0,1.0
P::R1004,R1004,LA,De Soto Parish,DE SOTO,0,22031,DOLET HILLS 345KV BUS 500260,,,,,22031,P::R1004,existing_fips,100.0,1.0
P::J4105,J4105,ND,Cass,CASS,0,38017,BUFFALO 345KV SUBSTATION,,,,,38017,P::J4105,existing_fips,100.0,1.0
P::S1059,S1059,MI,Tuscola,TUSCOLA,0,26157,DIXON 120KV BUS 265182,,,,,26157,P::S1059,existing_fips,100.0,1.0
P::M::S1173,S1173,,Union,UNION,0,,HUTTIG SS STRONG SS 115 0KV,NO_GROUP,NO_GROUP,,,,P::M::S1173,unmatched,0.0,0.0
P::S1073,S1073,KY,Webster,WEBSTER,0,21233,HOPKINS TO REID EVH 161KV,,,,,21233,P::S1073,existing_fips,100.0,1.0
P::J871,J871,WI,grant,GRANT,0,55043,EDEN WYOMING VALLEY 138KV LINE TAP,,,,,55043,P::J871,exact_state_county,100.0,1.0
P::J4093,J4093,MI,Mason,MASON,0,26105,PERE MARQUETTE,,,,,26105,P::J4093,existing_fips,100.0,1.0
P::R1005,R1005,MN,Sherburne,SHERBURNE,0,27141,ELK RIVER STATION S6 69KV,,,,,27141,P::R1005,existing_fips,100.0,1.0
P::J865,J865,MI,st. clair,SAINT CLAIR,0,26147,LEE MENLO 120KV LINE,,,,,26147,P::J865,exact_state_county,100.0,1.0
P::S1062,S1062,MI,Branch,BRANCH,0,26023,NEW BYERS 138KV,,,,,26023,P::S1062,existing_fips,100.0,1.0
P::J4104,J4104,TX,Houston,HOUSTON,0,48225,ROCKY CREEK CROCKETT SWEPCO 345 0KV,,,,,48225,P::J4104,existing_fips,100.0,1.0
P::S1076,S1076,LA,Tangipahoa Parish,TANGIPAHOA,0,22105,AMITE 115KV,,,,,22105,P::S1076,existing_fips,100.0,1.0
P::S1061,S1061,MI,Midland,MIDLAND,0,26111,REDSTONE 138KV BUS 256543,,,,,26111,P::S1061,existing_fips,100.0,1.0
P::J4094,J4094,MI,Huron,HURON,0,26063,GRASSMERE,,,,,26063,P::J4094,existing_fips,100.0,1.0
P::R1006,R1006,MN,Otter Tail,OTTER TAIL,0,27111,HOOT LAKE 115KV,,,,,27111,P::R1006,existing_fips,100.0,1.0
P::J750,J750,IL,morgan,MORGAN,0,17137,WESTCHESTER 138KV SUBSTATION,,,,,17137,P::J750,exact_state_county,100.0,1.0
P::J4092,J4092,LA,Beauregard Parish,BEAUREGARD,0,22011,DERIDDER LONGVILLE 138 0KV,,,,,22011,P::J4092,existing_fips,100.0,1.0
P::S1074,S1074,AR,Phillips,PHILLIPS,0,05107,RITCHIE PLANT 230KV SUBSTATION,,,,,05107,P::S1074,existing_fips,100.0,1.0
P::J864,J864,WI,richland,RICHLAND,0,55103,LONE ROCK 69KV SUBSTATION,,,,,55103,P::J864,exact_state_county,100.0,1.0
P::M::S1172,S1172,,Clinton,CLINTON,0,,CALAMUS EAST,NO_GROUP,NO_GROUP,,,,P::M::S1172,unmatched,0.0,0.0
P::R1003,R1003,TX,Orange,ORANGE,0,48361,SABINE 138 230KV BUS 334440 334431 334433,,,,,48361,P::R1003,existing_fips,100.0,1.0
P::S1071,S1071,IA,Lee,LEE,0,19111,WEVER BURLINGTON 161KV,,,,,19111,P::S1071,existing_fips,100.0,1.0
P::J4096,J4096,MN,Goodhue,GOODHUE,0,27049,OTHER_,,,,,27049,P::J4096,existing_fips,100.0,1.0
P::R1012,R1012,IA,Linn,LINN,0,19113,DUANE ARNOLD 161KV,,,,,19113,P::R1012,existing_fips,100.0,1.0
P::R1002,R1002,WI,Manitowoc,MANITOWOC,0,55071,LAKE FRONT 69KV,,,,,55071,P::R1002,existing_fips,100.0,1.0
P::S1077,S1077,IL,St. Clair,SAINT CLAIR,0,17163,FAYETTEVILLE BEE HOLLOW ROAD,,,,,17163,P::S1077,existing_fips,100.0,1.0
P::M::S1168,S1168,IL,Marion,MARION,0,17121,FINKS 138KV,NO_GROUP,NO_GROUP,,,17121,P::M::S1168,exact_state_county,100.0,1.0
P::J4087,J4087,MN,Blue Earth,BLUE EARTH,0,27013,SOUTH BEND,,,,,27013,P::J4087,existing_fips,100.0,1.0
P::J4107,J4107,MS,Covington,COVINGTON,0,28031,SOUTHWEST LONE STAR 161 MISSISSIPPI HUB 161 0KV,,,,,28031,P::J4107,existing_fips,100.0,1.0
P::S1065,S1065,MI,Washtenaw,WASHTENAW,0,26161,MAJESTIC 345KV TO MILAN 345KV,,,,,26161,P::S1065,existing_fips,100.0,1.0
P::J4098,J4098,LA,Lafayette Parish,LAFAYETTE,0,22055,RORK SELLERS ROAD 230 0KV,,,,,22055,P::J4098,existing_fips,100.0,1.0
P::J4102,J4102,MI,Cass,CASS,0,26027,WEEDS LAKE HIPLE 345 0KV,,,,,26027,P::J4102,existing_fips,100.0,1.0
P::M::S1167,S1167,IL,Coles,COLES,0,17029,GREENWAY 138KV,NO_GROUP,NO_GROUP,,,17029,P::M::S1167,exact_state_county,100.0,1.0
P::J861,J861,MI,marquette,MARQUETTE,0,26103,DEAD RIVER ARNOLD 345KV LINE,,,,,26103,P::J861,exact_state_county,100.0,1.0
P::R1015,R1015,,,,0,,EDGEWATER 345KV,,,,,,P::R1015,unmatched,0.0,0.0
P::J728,J728,MI,isabella,ISABELLA,0,26073,EDENVILLE JUNCTION TO WARREN 138KV LINE,,,,,26073,P::J728,exact_state_county,100.0,1.0
P::J4086,J4086,IA,Wapello,WAPELLO,0,19179,OTTUMWA GENERATION TRI COUNTY 161KV,,,,,19179,P::J4086,existing_fips,100.0,1.0
P::S1053,S1053,MN,Chisago,CHISAGO,0,27025,CHISAGO COUNTY SUBSTATION,,,,,27025,P::S1053,existing_fips,100.0,1.0
P::J722,J722,SD,codington,CODINGTON,0,46029,BIG STONE SOUTH 230KV SUBSTATION,,,,,46029,P::J722,exact_state_county,100.0,1.0
P::M::S1175,S1175,,,,0,,,NO_GROUP,NO_GROUP,,,,P::M::S1175,unmatched,0.0,0.0
P::J867,J867,TX,polk,POLK,0,48373,GULF LIVINGSTON SHECO MENARD,,,,,48373,P::J867,exact_state_county,100.0,1.0
P::J4103,J4103,TX,Trinity,TRINITY,0,48455,ONALASKA,,,,,48455,P::J4103,existing_fips,100.0,1.0
P::R1011,R1011,IN,Pike,PIKE,0,18125,PETERSBURG 345KV SUBSTATION,,,,,18125,P::R1011,existing_fips,100.0,1.0
P::J872,J872,IL,macon,MACON,0,17115,BLUE MOUNT TAP ON THE PANA ROUTE 51D 1462 138KV LINE,,,,,17115,P::J872,exact_state_county,100.0,1.0
P::S1057,S1057,IL,Cumberland,CUMBERLAND,0,1703517029,NEOGA SOUTH,,,,,1703517029,P::S1057,existing_fips,100.0,1.0
P::S1064,S1064,ND,,,0,,EDGE SS9 41 6KV,,,,,,P::S1064,unmatched,0.0,0.0
P::J4089,J4089,MN,Freeborn,FREEBORN,0,27047,HAYWARD,,,,,27047,P::J4089,existing_fips,100.0,1.0
P::J870,J870,WI,grant,GRANT,0,55043,EDEN WYOMING VALLEY 138KV LINE TAP,,,,,55043,P::J870,exact_state_county,100.0,1.0
P::J752,J752,MI,tuscola,TUSCOLA,0,26157,RINGLE 345KV SWITCHYARD,,,,,26157,P::J752,exact_state_county,100.0,1.0
P::J4106,J4106,ND,Cass,CASS,0,38017,BUFFALO 345KV SUBSTATION,,,,,38017,P::J4106,existing_fips,100.0,1.0
P::M::S1169,S1169,LA,Washington,WASHINGTON,0,22117,BOGALUSA TALISHEEK LAGEN 230 0KV,NO_GROUP,NO_GROUP,,,22117,P::M::S1169,exact_state_county,100.0,1.0
P::J862,J862,LA,orleans parish,ORLEANS,0,22071,NASA MICHOUD 115KV LINE,,,,,22071,P::J862,exact_state_county,100.0,1.0
P::J4097,J4097,WI,Rock,ROCK,0,55105,NEW J1377 ATC SWITCHING STATION,,,,,55105,P::J4097,existing_fips,100.0,1.0
P::J4088,J4088,AR,Lee,LEE,0,05077,WHEATLEY 500KV SWITCHING STATION BEING BUILT BY J1710 J1820,,,,,05077,P::J4088,existing_fips,100.0,1.0
P::J816,J816,ND,cass,CASS,0,38017,BUFFALO 115KV SUBSTATION,,,,,38017,P::J816,exact_state_county,100.0,1.0
P::J817,J817,MO,warren,WARREN,0,29219,WARRENTON 161KV SUBSTATION,,,,,29219,P::J817,exact_state_county,100.0,1.0
P::J869,J869,MN,sherburne,SHERBURNE,0,27141,CABLE CABLE TAP 69KV SUBSTATION,,,,,27141,P::J869,exact_state_county,100.0,1.0
P::R1050,R1050,MN,Scott,SCOTT,0,27139,BLUE LAKE 115KV,,,,,27139,P::R1050,existing_fips,100.0,1.0
P::J4081,J4081,SD,Grant,GRANT,0,46051,BIG STONE SOUTH 345KV SUBSTATION,,,,,46051,P::J4081,existing_fips,100.0,1.0
P::R1056,R1056,IL,Tazewell,TAZEWELL,0,17179,E D EDWARDS 138KV,,,,,17179,P::R1056,existing_fips,100.0,1.0
P::J4028,J4028,WI,Walworth,WALWORTH,0,55127,NORTH CREEK 138KV,,,,,55127,P::J4028,existing_fips,100.0,1.0
P::S1017,S1017,WI,,,0,,TENNYSON 138KV,,,,,,P::S1017,unmatched,0.0,0.0
P::J4027,J4027,AR,Clay,CLAY,0,05021,AECC MCDOUGAL TEXAS EASTERN STA 8 161 0KV,,,,,05021,P::J4027,existing_fips,100.0,1.0
P::R1059,R1059,MO,St. Louis,SAINT LOUIS,0,29189,MERAMEC PLANT 138KV SWITCHYARD,,,,,29189,P::R1059,existing_fips,100.0,1.0
P::J837,J837,IN,white,WHITE,0,18181,REYNOLDS 345KV SUBSTATION,,,,,18181,P::J837,exact_state_county,100.0,1.0
P::J4026,J4026,MI,Lenawee,LENAWEE,0,26091,BEECHER KNOWLES 138 0KV,,,,,26091,P::J4026,existing_fips,100.0,1.0
P::S1016,S1016,WI,,,0,,LONE ROCK 69KV,,,,,,P::S1016,unmatched,0.0,0.0
P::J4025,J4025,MI,Monroe,MONROE,0,26115,OTHER_,,,,,26115,P::J4025,existing_fips,100.0,1.0
P::J745,J745,MN,nobles,NOBLES,0,27105,NOBLES FENTON 115KV,,,,,27105,P::J745,exact_state_county,100.0,1.0
P::J4029,J4029,AR,Mississippi,MISSISSIPPI,0,05093,HYBAR 230KV,,,,,05093,P::J4029,existing_fips,100.0,1.0
P::R5062,R5062,IN,Jasper,JASPER,0,18073,SCHAHFER GEN STA,,,,,18073,P::R5062,existing_fips,100.0,1.0
P::J4024,J4024,MI,Monroe,MONROE,0,26115,OTHER_,,,,,26115,P::J4024,existing_fips,100.0,1.0
P::J836,J836,IA,kossuth,KOSSUTH,0,19109,LEDYARD 345KV SUBSTATION,,,,,19109,P::J836,exact_state_county,100.0,1.0
P::J4023,J4023,IN,Clay,CLAY,0,18021,WABASH RIVER STAUNTON 230 0KV,,,,,18021,P::J4023,existing_fips,100.0,1.0
P::R5063,R5063,MI,Shiawassee,SHIAWASSEE,0,26155,BELL ROAD CORNELL 138 0KV,,,,,26155,P::R5063,existing_fips,100.0,1.0
P::S1014,S1014,ND,,,0,,MERRICOURT WIND 230KV,,,,,,P::S1014,unmatched,0.0,0.0
P::J4022,J4022,LA,Ouachita Parish,OUACHITA,0,22073,STERLINGTON 500 SWYD,,,,,22073,P::J4022,existing_fips,100.0,1.0
P::J4021,J4021,IN,Sullivan,SULLIVAN,0,18153,PETERSBURG SULLIVAN AEP PJM 345 0KV,,,,,18153,P::J4021,existing_fips,100.0,1.0
P::J825,J825,WI,green,GREEN,0,55045,NORTH MONROE ALBANY 138KV LINE,,,,,55045,P::J825,exact_state_county,100.0,1.0
P::J835,J835,IL,morgan,MORGAN,0,17137,MEREDOSIA AUSTIN 345KV LINE,,,,,17137,P::J835,exact_state_county,100.0,1.0
P::R5064,R5064,IA,Allamakee,ALLAMAKEE,0,19005,LANSING,,,,,19005,P::R5064,existing_fips,100.0,1.0
P::S1015,S1015,MI,Delta,DELTA,0,26041,GARDEN CORNERS 138KV,,,,,26041,P::S1015,existing_fips,100.0,1.0
P::J838,J838,IN,white,WHITE,0,18181,REYNOLDS 345KV SUBSTATION,,,,,18181,P::J838,exact_state_county,100.0,1.0
P::S1018,S1018,MI,,,0,,7 MILE CREEK 138KV,,,,,,P::S1018,unmatched,0.0,0.0
P::J4030,J4030,AR,Faulkner,FAULKNER,0,05045,MAYFLOWER115KV,,,,,05045,P::J4030,existing_fips,100.0,1.0
P::S1023,S1023,WI,Grant,GRANT,0,55043,NELSON DEWEY LANCASTER 138KV,,,,,55043,P::S1023,existing_fips,100.0,1.0
P::R1052,R1052,,,,0,,18CAMPBELLW 18CAMPBELLB,,,,,,P::R1052,unmatched,0.0,0.0
P::J4039,J4039,IN,Montgomery,MONTGOMERY,0,18107,CAYUGA FRANKFORT 230 0KV,,,,,18107,P::J4039,existing_fips,100.0,1.0
P::J841,J841,MI,saginaw,SAGINAW,0,26145,ORR RD 138KV SUBSTATION,,,,,26145,P::J841,exact_state_county,100.0,1.0
P::J4038,J4038,AR,St. Francis,SAINT FRANCIS,0,05123,BRINKLEY EAST AECC PALESTINE 161 0KV,,,,,05123,P::J4038,existing_fips,100.0,1.0
P::S1022,S1022,IN,Pike,PIKE,0,18125,PETEUA31 4 14KV,,,,,18125,P::S1022,existing_fips,100.0,1.0
P::J4037,J4037,IA,Franklin,FRANKLIN,0,19069,FRANKLIN WALL LAKE 161 0KV,,,,,19069,P::J4037,existing_fips,100.0,1.0
P::R1053,R1053,WI,Milwaukee,MILWAUKEE,0,55079,ELM ROAD,,,,,55079,P::R1053,existing_fips,100.0,1.0
P::S1021,S1021,MI,Gratiot,GRATIOT,0,26057,LUCE SUBSTATION,,,,,26057,P::S1021,existing_fips,100.0,1.0
P::J4036,J4036,AR,Cross,CROSS,0,05037,WYNNE INDUSTRIAL,,,,,05037,P::J4036,existing_fips,100.0,1.0
P::J840,J840,IA,humboldt,HUMBOLDT,0,19091,KOSSUTH WEBSTER 345KV LINE,,,,,19091,P::J840,exact_state_county,100.0,1.0
P::J4035,J4035,AR,Greene,GREENE,0,05055,SEDGEWICK SS AECC LIGHT 115 0KV,,,,,05055,P::J4035,existing_fips,100.0,1.0
P::R1054,R1054,IL,Tazewell,TAZEWELL,0,17179,E D EDWARDS 69KV,,,,,17179,P::R1054,existing_fips,100.0,1.0
P::S1020,S1020,MI,Gratiot,GRATIOT,0,26057,SLATE SUBSTATION 345KV,,,,,26057,P::S1020,existing_fips,100.0,1.0
P::J4034,J4034,IN,Vigo,VIGO,0,18167,SANDFORD 345KV,,,,,18167,P::J4034,existing_fips,100.0,1.0
P::J4033,J4033,IL,Christian,CHRISTIAN,0,17021,7LATHAM KINCAID B 345 0KV,,,,,17021,P::J4033,existing_fips,100.0,1.0
P::J824,J824,IN,sullivan,SULLIVAN,0,18153,VIGO FARMERSBURG JUNCTION 138KV LINE,,,,,18153,P::J824,exact_state_county,100.0,1.0
P::J839,J839,MI,lapeer,LAPEER,0,26087,OTSEGO TAP OTSEGO 120KV LINE TAP,,,,,26087,P::J839,exact_state_county,100.0,1.0
P::J4032,J4032,SD,Deuel,DEUEL,0,46039,ASTORIA BROOKINGS COUNTY 345 0KV,,,,,46039,P::J4032,existing_fips,100.0,1.0
P::S1019,S1019,MI,,,0,,REDSTONE 138KV,,,,,,P::S1019,unmatched,0.0,0.0
P::R1055,R1055,IL,Peoria,PEORIA,0,17143,E D EDWARDS 138KV,,,,,17143,P::R1055,existing_fips,100.0,1.0
P::J4031,J4031,IL,Scott,SCOTT,0,17171,7MEREDOSIA 7TURNER 345 0KV,,,,,17171,P::J4031,existing_fips,100.0,1.0
P::J739,J739,MN,lyon,LYON,0,27083,LYON COUNTY 345KV SUBSTATION,,,,,27083,P::J739,exact_state_county,100.0,1.0
P::J4020,J4020,WI,Kenosha,KENOSHA,0,55059,PLEASANT PRAIRIE ARCADIAN 345 0KV,,,,,55059,P::J4020,existing_fips,100.0,1.0
P::S1013,S1013,MN,,,0,,LAKEFIELD JUNCTION 345KV,,,,,,P::S1013,unmatched,0.0,0.0
P::J4019,J4019,MI,Calhoun,CALHOUN,0,26025,BATTLE CREEK ONEIDA 345 0KV,,,,,26025,P::J4019,existing_fips,100.0,1.0
P::J740,J740,IN,jasper,JASPER,0,18073,REYNOLD 345KV SUBSTATION,,,,,18073,P::J740,exact_state_county,100.0,1.0
P::S1007,S1007,MI,Tuscola,TUSCOLA,0,26157,ATLANTA TUSCOLA 120KV LINE 265183,,,,,26157,P::S1007,existing_fips,100.0,1.0
P::J743,J743,ND,cass,CASS,0,38017,BISON 345KV SUBSTATION,,,,,38017,P::J743,exact_state_county,100.0,1.0
P::J4006,J4006,IA,Ringgold,RINGGOLD,0,19159,ORIENT DENNY 345KV,,,,,19159,P::J4006,existing_fips,100.0,1.0
P::J830,J830,MS,madison,MADISON,0,28089,CANTON SOUTH TO HOY ROAD 230KV LINE,,,,,28089,P::J830,exact_state_county,100.0,1.0
P::J4005,J4005,IN,Sullivan,SULLIVAN,0,18153,PETERSBURG SULLIVAN AEP PJM 345 0KV,,,,,18153,P::J4005,existing_fips,100.0,1.0
P::S1006,S1006,WI,,,0,,REC BRADFORD W DARIEN 138KV LINE,,,,,,P::S1006,unmatched,0.0,0.0
P::R5072,R5072,IA,Linn,LINN,0,19113,DUANE ARNOLD ARNOLD 5,,,,,19113,P::R5072,existing_fips,100.0,1.0
P::J4004,J4004,IL,Peoria,PEORIA,0,17143,OTHER_,,,,,17143,P::J4004,existing_fips,100.0,1.0
P::J741,J741,ND,emmons,EMMONS,0,38029,WISHEK LINTON 115KV,,,,,38029,P::J741,exact_state_county,100.0,1.0
P::J4003,J4003,IL,Edgar,EDGAR,0,17045,7KANSAS 08SUGCRK 345 0KV,,,,,17045,P::J4003,existing_fips,100.0,1.0
P::S1005,S1005,WI,,,0,,,,,,,,P::S1005,unmatched,0.0,0.0
P::J829,J829,IN,sullivan,SULLIVAN,0,18153,DRESSER MEROM 345KV LINE,,,,,18153,P::J829,exact_state_county,100.0,1.0
P::J4002,J4002,IL,Edgar,EDGAR,0,17045,7KANSAS 08SUGCRK 345 0KV,,,,,17045,P::J4002,existing_fips,100.0,1.0
P::S1000,S1000,AR,,,0,,,,,,,,P::S1000,unmatched,0.0,0.0
P::J4001,J4001,MO,Marion,MARION,0,29127,7MAYWOOD 7PALMYRA 345 0KV,,,,,29127,P::J4001,existing_fips,100.0,1.0
P::S1004,S1004,IN,,,0,,,,,,,,P::S1004,unmatched,0.0,0.0
P::J4000,J4000,IL,Scott,SCOTT,0,17171,7MEREDOSIA 7TURNER 345 0KV,,,,,17171,P::J4000,existing_fips,100.0,1.0
P::J828,J828,IN,montgomery,MONTGOMERY,0,18107,CRAWFORDSVILLE LINDEN TAP 138KV LINE,,,,,18107,P::J828,exact_state_county,100.0,1.0
P::S1001,S1001,IN,,,0,,,,,,,,P::S1001,unmatched,0.0,0.0
P::J3999,J3999,IN,Vermillion,VERMILLION,0,18165,SUGAR CREEK CAYUGA CT 345 0KV,,,,,18165,P::J3999,existing_fips,100.0,1.0
P::S1003,S1003,IN,White,WHITE,0,18181,REYNOLDS 345KV SUBSTATION,,,,,18181,P::S1003,existing_fips,100.0,1.0
P::J827,J827,IN,fountain,FOUNTAIN,0,18045,LAFAYETTE VEEDSBURG WEST ATTICA 230KV LINE,,,,,18045,P::J827,exact_state_county,100.0,1.0
P::J3998,J3998,IA,Cerro Gordo,CERRO GORDO,0,19033,KILLDEER QUINN 345KV,,,,,19033,P::J3998,existing_fips,100.0,1.0
P::J4007,J4007,IL,Peoria,PEORIA,0,17143,7FARGO 7SANDBURG 345 0KV,,,,,17143,P::J4007,existing_fips,100.0,1.0
P::J4040,J4040,MI,Van Buren,VAN BUREN,0,26159,PALISADES SWITCHYARD,,,,,26159,P::J4040,existing_fips,100.0,1.0
P::R5071,R5071,IA,Linn,LINN,0,19113,DUANE ARNOLD ARNOLD 5,,,,,19113,P::R5071,existing_fips,100.0,1.0
P::J831,J831,WI,ozaukee,OZAUKEE,0,55089,PORT WASHINGTON GENERATING SWITCHYARD 138KV,,,,,55089,P::J831,exact_state_county,100.0,1.0
P::R5065,R5065,IA,Allamakee,ALLAMAKEE,0,19005,LANSING,,,,,19005,P::R5065,existing_fips,100.0,1.0
P::J4018,J4018,IL,Ford,FORD,0,17053,OTHER_,,,,,17053,P::J4018,existing_fips,100.0,1.0
P::S1012,S1012,,,,0,,LUCE 138KV SUB 256594,,,,,,P::S1012,unmatched,0.0,0.0
P::J834,J834,AR,phillips,PHILLIPS,0,05107,ROBERT E RITCHIE 230KV SUBSTATION,,,,,05107,P::J834,exact_state_county,100.0,1.0
P::J4017,J4017,MN,Blue Earth,BLUE EARTH,0,27013,WILMARTH FIELDON 345 0KV,,,,,27013,P::J4017,existing_fips,100.0,1.0
P::R5066,R5066,WI,Columbia,COLUMBIA,0,55021,COLUMBIA,,,,,55021,P::R5066,existing_fips,100.0,1.0
P::J4016,J4016,MI,Tuscola,TUSCOLA,0,26157,ATLANTA THETFORD KARN 138 0KV,,,,,26157,P::J4016,existing_fips,100.0,1.0
P::S1011,S1011,MI,Gratiot,GRATIOT,0,26057,SLATE 345KV SUB 256573,,,,,26057,P::S1011,existing_fips,100.0,1.0
P::J4015,J4015,IL,Mason,MASON,0,17125,QUIVER,,,,,17125,P::J4015,existing_fips,100.0,1.0
P::J833,J833,MI,washtenaw,WASHTENAW,0,26161,MILAN PIONEER 120KV LINE TAP,,,,,26161,P::J833,exact_state_county,100.0,1.0
P::R5067,R5067,IN,Lake,LAKE,0,18089,NIPSCO GREEN ACRES 138KV SUB,,,,,18089,P::R5067,existing_fips,100.0,1.0
P::J4014,J4014,WI,Calumet,CALUMET,0,55015,FOREST JUNCTION,,,,,55015,P::J4014,existing_fips,100.0,1.0
P::S1010,S1010,MI,Gratiot,GRATIOT,0,26057,REDSTONE138KV SUB 256542,,,,,26057,P::S1010,existing_fips,100.0,1.0
P::J4012,J4012,AR,Crittenden,CRITTENDEN,0,05035,TWIST PARKIN 161 0KV,,,,,05035,P::J4012,existing_fips,100.0,1.0
P::R5069,R5069,IA,Linn,LINN,0,19113,DUANE ARNOLD ARNOLD 5,,,,,19113,P::R5069,existing_fips,100.0,1.0
P::J832,J832,MI,cheboygan,CHEBOYGAN,0,26031,PORT CALCITE RIGGSVILLE 138KV LINE,,,,,26031,P::J832,exact_state_county,100.0,1.0
P::J4011,J4011,AR,Miller,MILLER,0,05091,AECC LEWISVILLE WEST,,,,,05091,P::J4011,existing_fips,100.0,1.0
P::S1009,S1009,MN,,,0,,PLEASANT VALLEY 161KV SUBSTATION,,,,,,P::S1009,unmatched,0.0,0.0
P::J4010,J4010,IL,Dewitt,DEWITT,0,17039,CLINTON 345KV SUBSTATION,,,,,17039,P::J4010,existing_fips,100.0,1.0
P::J826,J826,IL,mclean,MCLEAN,0,17113,WEEDMAN SUBSTATION 138KV BUS,,,,,17113,P::J826,exact_state_county,100.0,1.0
P::R5070,R5070,IA,Linn,LINN,0,19113,DUANE ARNOLD ARNOLD 5,,,,,19113,P::R5070,existing_fips,100.0,1.0
P::J4009,J4009,MN,Marshall,MARSHALL,0,27089,VIKING KARLSTAD 115 0KV,,,,,27089,P::J4009,existing_fips,100.0,1.0
P::S1008,S1008,IN,,,0,,LINE TAP BETWEEN EDWARDSPORT AND AMO 345KV,,,,,,P::S1008,unmatched,0.0,0.0
P::J4008,J4008,IN,Henry,HENRY,0,18065,GREENSBORO NEW CASTLE 138 138 0KV,,,,,18065,P::J4008,existing_fips,100.0,1.0
P::J859,J859,IL,cass,CASS,0,17017,FREDERICK NORTH MEREDOSIA EAST 138KV LINE,,,,,17017,P::J859,exact_state_county,100.0,1.0
P::J4041,J4041,IL,Menard,MENARD,0,17129,SHOCKEY,,,,,17129,P::J4041,existing_fips,100.0,1.0
P::J842,J842,IN,gibson,GIBSON,0,18051,GIBSON BROWN 345KV LINE,,,,,18051,P::J842,exact_state_county,100.0,1.0
P::R1038,R1038,MN,Benton,BENTON,0,27009,MAYHEW LAKE 115KV,,,,,27009,P::R1038,existing_fips,100.0,1.0
P::J748,J748,IA,plymouth,PLYMOUTH,0,19149,HIGHLAND RAUN 345KV LINE TAP,,,,,19149,P::J748,exact_state_county,100.0,1.0
P::S1041,S1041,IL,Ford,FORD,0,17053,GIBSON CITY SOUTH 347114,,,,,17053,P::S1041,existing_fips,100.0,1.0
P::J4072,J4072,MN,Redwood,REDWOOD,0,27127,CEDAR MOUNTAIN LYON COUNTY 345 0KV,,,,,27127,P::J4072,existing_fips,100.0,1.0
P::J853,J853,IL,white,WHITE,0,17193,NORRIS CITY NORTH SUBSTATION 138KV BUS,,,,,17193,P::J853,exact_state_county,100.0,1.0
P::J4071,J4071,LA,Livingston Parish,LIVINGSTON,0,22063,COLY,,,,,22063,P::J4071,existing_fips,100.0,1.0
P::S1040,S1040,IL,Mclean,MCLEAN,0,17113,GIBSON CITY SOUTH 347114,,,,,17113,P::S1040,existing_fips,100.0,1.0
P::R1039,R1039,LA,Ouachita,OUACHITA,0,22073,STERLINGTON 115KV,,,,,22073,P::R1039,existing_fips,100.0,1.0
P::J4070,J4070,ND,Emmons,EMMONS,0,38029,LINTON NW,,,,,38029,P::J4070,existing_fips,100.0,1.0
P::S1039,S1039,WI,Polk,POLK,0,55095,APPLE RIVER 161KV,,,,,55095,P::S1039,existing_fips,100.0,1.0
P::J854,J854,IL,randolph,RANDOLPH,0,17157,BALDWIN 138KV SUBSTATION,,,,,17157,P::J854,exact_state_county,100.0,1.0
P::J732,J732,WI,douglas,DOUGLAS,0,55031,ARROWHEAD STONE LAKE 345KV LINE,,,,,55031,P::J732,exact_state_county,100.0,1.0
P::J4069,J4069,WI,Marathon,MARATHON,0,55073,KELLY ACKLEY 115 0KV,,,,,55073,P::J4069,existing_fips,100.0,1.0
P::R1040,R1040,MI,Ottawa,OTTAWA,0,26139,CAMPBELL SUBSTATION 345KV,,,,,26139,P::R1040,existing_fips,100.0,1.0
P::J4068,J4068,IA,Marshall,MARSHALL,0,19127,LEHIGH MARSHALLTOWN TWINKLE 345KV,,,,,19127,P::J4068,existing_fips,100.0,1.0
P::J821,J821,WI,marathon,MARATHON,0,55073,WEIN STRATFORD 115KV LINE TAP,,,,,55073,P::J821,exact_state_county,100.0,1.0
P::R1041,R1041,MI,Wayne,WAYNE,0,26163,TCHPP POSITION JC 120KV,,,,,26163,P::R1041,existing_fips,100.0,1.0
P::J851,J851,IN,henry,HENRY,0,18065,FALL CREEK NEW CASTLE 138KV LINE,,,,,18065,P::J851,exact_state_county,100.0,1.0
P::J4067,J4067,MS,Panola,PANOLA,0,28107,BATESVILLE,,,,,28107,P::J4067,existing_fips,100.0,1.0
P::S1037,S1037,,,,0,,,,,,,,P::S1037,unmatched,0.0,0.0
P::R1042,R1042,IA,Linn,LINN,0,19113,DUANE ARNOLD 161KV,,,,,19113,P::R1042,existing_fips,100.0,1.0
P::J4066,J4066,MI,Isabella,ISABELLA,0,26073,WEIDMAN DEERFIELD 69 0KV,,,,,26073,P::J4066,existing_fips,100.0,1.0
P::J852,J852,LA,ouachita parish,OUACHITA,0,22073,RILLA RIVERTON 115KV LINE TAP,,,,,22073,P::J852,exact_state_county,100.0,1.0
P::J4073,J4073,MS,Coahoma,COAHOMA,0,28027,LULA JONESTOWN SS 115 0KV,,,,,28027,P::J4073,existing_fips,100.0,1.0
P::S1042,S1042,,,,0,,,,,,,,P::S1042,unmatched,0.0,0.0
P::R1037,R1037,IA,Allamakee,ALLAMAKEE,0,19005,ITCM LANSING 161KV,,,,,19005,P::R1037,existing_fips,100.0,1.0
P::S1049,S1049,MS,Sunflower,SUNFLOWER,0,28133,SHAW TO INDIANOLA 115KV LINE TAP,,,,,28133,P::S1049,existing_fips,100.0,1.0
P::R1019,R1019,IA,Des Moines,DES MOINES,0,19057,BURLINGTON 161KV,,,,,19057,P::R1019,existing_fips,100.0,1.0
P::J858,J858,AR,bradley,BRADLEY,0,05011,HILO 115KV SWITCH,,,,,05011,P::J858,exact_state_county,100.0,1.0
P::J4080,J4080,AR,Jefferson,JEFFERSON,0,05069,STUTTGART RICUSKEY WOODWARD 230 SUB 230 0KV,,,,,05069,P::J4080,existing_fips,100.0,1.0
P::S1048,S1048,IL,Logan,LOGAN,0,17107,FOGARTY SUBSTATION 138KV,,,,,17107,P::S1048,existing_fips,100.0,1.0
P::R1029,R1029,,,,0,,JOPPA 161KV SWITCHYARD,,,,,,P::R1029,unmatched,0.0,0.0
P::J4079,J4079,LA,Calcasieu Parish,CALCASIEU,0,22019,NELSON 230 SWYD PENTON ROAD CLECO 230 0KV,,,,,22019,P::J4079,existing_fips,100.0,1.0
P::S1047,S1047,SD,Codington,CODINGTON,0,46029,BIG STONE SOUTH 230KV,,,,,46029,P::S1047,existing_fips,100.0,1.0
P::J857,J857,MI,calhoun,CALHOUN,0,26025,VERONA FOUNDRY 138KV LINE TAP,,,,,26025,P::J857,exact_state_county,100.0,1.0
P::J4078,J4078,MN,Mower,MOWER,0,27099,ADAMS,,,,,27099,P::J4078,existing_fips,100.0,1.0
P::R1033,R1033,,,,0,,WATERFORD 230KV,,,,,,P::R1033,unmatched,0.0,0.0
P::S1046,S1046,SD,Codington,CODINGTON,0,46029,BIG STONE SOUTH 230KV,,,,,46029,P::S1046,existing_fips,100.0,1.0
P::J731,J731,IA,palo alto,PALO ALTO,0,19147,KOSSUTH O BRIEN 345KV,,,,,19147,P::J731,exact_state_county,100.0,1.0
P::J4077,J4077,ND,Emmons,EMMONS,0,38029,LINTON NW,,,,,38029,P::J4077,existing_fips,100.0,1.0
P::J856,J856,IN,vanderburgh,VANDERBURGH,0,18163,SCOTT TWP 138 69 138KV SUBSTATION,,,,,18163,P::J856,exact_state_county,100.0,1.0
P::J4076,J4076,LA,Jefferson Davis Parish,JEFFERSON DAVIS,0,22053,NELSON 500 SWYD RICHARD 500 0KV,,,,,22053,P::J4076,existing_fips,100.0,1.0
P::S1044,S1044,IN,Lake,LAKE,0,18089,GREEN ACRES 138KV SUBSTATION 43684,,,,,18089,P::S1044,existing_fips,100.0,1.0
P::R1036,R1036,MN,Sherburne,SHERBURNE,0,27141,SHERBURNE COUNTY 345KV SUBSTATION,,,,,27141,P::R1036,existing_fips,100.0,1.0
P::J820,J820,MI,eaton,EATON,0,26045,ONEIDA 345KV SUBSTATION,,,,,26045,P::J820,exact_state_county,100.0,1.0
P::J4075,J4075,LA,St. Landry Parish,SAINT LANDRY,0,22097,VILLE PLATTE WEST FORK 230 0KV,,,,,22097,P::J4075,existing_fips,100.0,1.0
P::J855,J855,WI,grant,GRANT,0,55043,LANCASTER EDEN 138KV LINE TAP,,,,,55043,P::J855,exact_state_county,100.0,1.0
P::S1043,S1043,IN,Dubois,DUBOIS,0,18037,CULLEY TO DUBOIS 138KV TAP,,,,,18037,P::S1043,existing_fips,100.0,1.0
P::J4074,J4074,AR,Crittenden,CRITTENDEN,0,05035,TWIST,,,,,05035,P::J4074,existing_fips,100.0,1.0
P::S1036,S1036,ND,Mclean,MCLEAN,0,,DICKINSON 345KV BUFFALO MN,,,,,,P::S1036,rejected_cross_state,0.0,0.0
P::J850,J850,WI,rock,ROCK,0,55105,RCEC BRADFORD W DARIEN 138KV LINE,,,,,55105,P::J850,exact_state_county,100.0,1.0
P::J4065,J4065,MN,Dakota,DAKOTA,0,27037,NININGER 115KV,,,,,27037,P::J4065,existing_fips,100.0,1.0
P::R1043,R1043,IA,Des Moines,DES MOINES,0,19057,ITCM BURLINGTON 161KV,,,,,19057,P::R1043,existing_fips,100.0,1.0
P::J4053,J4053,MI,Grand Traverse,GRAND TRAVERSE,0,26055,KEYSTONE WEXFORD 138 0KV,,,,,26055,P::J4053,existing_fips,100.0,1.0
P::J845,J845,IL,ford,FORD,0,17053,GIBSON CITY SOUTH PAXTON EAST 138KV LINE,,,,,17053,P::J845,exact_state_county,100.0,1.0
P::J4052,J4052,LA,Jefferson Davis Parish,JEFFERSON DAVIS,0,22053,NELSON 500 SWYD RICHARD 500 0KV,,,,,22053,P::J4052,existing_fips,100.0,1.0
P::S1028,S1028,IN,White,WHITE,0,18181,REYNOLDS BURR OAK 345KV LINE,,,,,18181,P::S1028,existing_fips,100.0,1.0
P::R1048,R1048,LA,Iberville,IBERVILLE,0,22047,DOW METER POINT,,,,,22047,P::R1048,existing_fips,100.0,1.0
P::J4051,J4051,LA,Jefferson Davis Parish,JEFFERSON DAVIS,0,22053,NELSON 500 SWYD RICHARD 500 0KV,,,,,22053,P::J4051,existing_fips,100.0,1.0
P::S1027,S1027,IN,Lake,LAKE,0,18089,,,,,,18089,P::S1027,existing_fips,100.0,1.0
P::J4050,J4050,LA,Jefferson Davis Parish,JEFFERSON DAVIS,0,22053,NELSON 500 SWYD RICHARD 500 0KV,,,,,22053,P::J4050,existing_fips,100.0,1.0
P::J844,J844,IL,knox,KNOX,0,17095,SANDBURG SUBSTATION 138KV BUS,,,,,17095,P::J844,exact_state_county,100.0,1.0
P::R1049,R1049,WI,Sheboygan,SHEBOYGAN,0,55117,EDGEWATER 345KV,,,,,55117,P::R1049,existing_fips,100.0,1.0
P::J4049,J4049,LA,Ouachita Parish,OUACHITA,0,22073,RILLA,,,,,22073,P::J4049,existing_fips,100.0,1.0
P::S1026,S1026,IN,Dubois,DUBOIS,0,18037,DUBOIS CULLEY 138KV LINE,,,,,18037,P::S1026,existing_fips,100.0,1.0
P::J4048,J4048,MI,Oceana,OCEANA,0,26127,MEYER LUDINGTON 345 0KV,,,,,26127,P::J4048,existing_fips,100.0,1.0
P::J4047,J4047,MI,Tuscola,TUSCOLA,0,26157,KARN THETFORD ATLANTA 138 0KV,,,,,26157,P::J4047,existing_fips,100.0,1.0
P::J843,J843,IN,gibson,GIBSON,0,18051,GIBSON FRANCISCO 345KV LINE,,,,,18051,P::J843,exact_state_county,100.0,1.0
P::J734,J734,IL,ford,FORD,0,17053,GIBSON CITY SOUTH SUBSTATION,,,,,17053,P::J734,exact_state_county,100.0,1.0
P::J823,J823,MO,clark,CLARK,0,29045,TWIN RIVERS TWIN RIVERS TAP PALMYRA 161KV LINE,,,,,29045,P::J823,exact_state_county,100.0,1.0
P::J4046,J4046,MS,Attala,ATTALA,0,28007,CONEHOMA CREEK CARTHAGE MS 115 0KV,,,,,28007,P::J4046,existing_fips,100.0,1.0
P::S1025,S1025,WI,Rock,ROCK,0,55105,SHEEPSKIN 69KV,,,,,55105,P::S1025,existing_fips,100.0,1.0
P::J4044,J4044,MI,Lenawee,LENAWEE,0,26091,BEECHER SEEMLESS EAST 138 0KV,,,,,26091,P::J4044,existing_fips,100.0,1.0
P::J746,J746,ND,mchenry,MCHENRY,0,38049,STANTON MCHENRY 230KV,,,,,38049,P::J746,exact_state_county,100.0,1.0
P::J4043,J4043,MI,Eaton,EATON,0,26045,ONEIDA,,,,,26045,P::J4043,existing_fips,100.0,1.0
P::S1024,S1024,WI,Waushara,WAUSHARA,0,55137,WAUTOMA 138KV,,,,,55137,P::S1024,existing_fips,100.0,1.0
P::R1047,R1047,MO,St. Louis,SAINT LOUIS,0,29189,MERAMEC SUBSTATION 138KV,,,,,29189,P::R1047,existing_fips,100.0,1.0
P::R1051,R1051,MN,Scott,SCOTT,0,27139,BLUE LAKE 115KV,,,,,27139,P::R1051,existing_fips,100.0,1.0
P::S1029,S1029,IL,Mclean,MCLEAN,0,17113,ASTER SUBSTATION,,,,,17113,P::S1029,existing_fips,100.0,1.0
P::J4055,J4055,MI,Ionia,IONIA,0,26067,PEDDLER,,,,,26067,P::J4055,existing_fips,100.0,1.0
P::S1035,S1035,WI,Rock,ROCK,0,55105,TOWNLINE RD PADDOCK 138KV,,,,,55105,P::S1035,existing_fips,100.0,1.0
P::J4064,J4064,MS,Tallahatchie,TALLAHATCHIE,0,28135,WEBB,,,,,28135,P::J4064,existing_fips,100.0,1.0
P::J849,J849,MI,delta,DELTA,0,26041,CHANDLER 138KV SUBSTATION,,,,,26041,P::J849,exact_state_county,100.0,1.0
P::S1033,S1033,WI,Green,GREEN,0,55045,BASS CREEK ALBANY NORTH MONROE 138KV,,,,,55045,P::S1033,existing_fips,100.0,1.0
P::J4063,J4063,IN,Knox,KNOX,0,18083,GIBSON STA BEDFORD 345 345 0KV,,,,,18083,P::J4063,existing_fips,100.0,1.0
P::J747,J747,SD,deuel,DEUEL,0,46039,BROOKING COUNTY BIG STONE SOUTH J510 TAP J630 TAP 345KV LINE,,,,,46039,P::J747,exact_state_county,100.0,1.0
P::R1044,R1044,IN,Vermillion,VERMILLION,0,18165,CAYUGA STEAM STATION SWITCHYARDS 230KV AND 345KV,,,,,18165,P::R1044,existing_fips,100.0,1.0
P::J4061,J4061,MI,Lenawee,LENAWEE,0,26091,KNOWLES MOORE ROAD 138 0KV,,,,,26091,P::J4061,existing_fips,100.0,1.0
P::S1032,S1032,MI,Isabella,ISABELLA,0,26073,SALT RIVER SUBSTATION 138KV,,,,,26073,P::S1032,existing_fips,100.0,1.0
P::J848,J848,IL,christian,CHRISTIAN,0,17021,PANA SUBSTATION 138KV BUS,,,,,17021,P::J848,exact_state_county,100.0,1.0
P::J4060,J4060,MN,Mcleod,MCLEOD,0,27085,BLUE LAKE MCLEOD GRE 230 0KV,,,,,27085,P::J4060,existing_fips,100.0,1.0
P::R1045,R1045,MN,Chippewa,CHIPPEWA,0,27023,WHEATON 161KV,,,,,27023,P::R1045,existing_fips,100.0,1.0
P::J4059,J4059,MN,Mcleod,MCLEOD,0,27085,BLUE LAKE MCLEOD GRE 230 0KV,,,,,27085,P::J4059,existing_fips,100.0,1.0
P::J733,J733,IA,franklin,FRANKLIN,0,19069,J416 345KV INTERCONNECTION FACILITITIES TO BE OWNED BY ITCM,,,,,19069,P::J733,exact_state_county,100.0,1.0
P::J847,J847,IN,jasper,JASPER,0,18073,SCHAHFER TAP 138KV SUBSTATION,,,,,18073,P::J847,exact_state_county,100.0,1.0
P::J4058,J4058,MI,Huron,HURON,0,26063,WYATT,,,,,26063,P::J4058,existing_fips,100.0,1.0
P::J822,J822,AR,lonoke,LONOKE,0,05085,LYNCH SES SWITCHYARD CARLISLE 115KV LINE,,,,,05085,P::J822,exact_state_county,100.0,1.0
P::S1031,S1031,MI,Isabella,ISABELLA,0,26073,SALT RIVER SUBSTATION 138KV,,,,,26073,P::S1031,existing_fips,100.0,1.0
P::J4057,J4057,MN,Mower,MOWER,0,27099,YANKEE,,,,,27099,P::J4057,existing_fips,100.0,1.0
P::R1046,R1046,IN,Jefferson,JEFFERSON,0,18077,MADISON SUBSTATION 138KV,,,,,18077,P::R1046,existing_fips,100.0,1.0
P::J4056,J4056,IA,Marshall,MARSHALL,0,19127,LEHIGH MARSHALLTOWN TWINKLE 345KV,,,,,19127,P::J4056,existing_fips,100.0,1.0
P::S1030,S1030,IL,Fayette,FAYETTE,0,17051,,,,,,17051,P::S1030,existing_fips,100.0,1.0
P::J846,J846,MI,hillsdale,HILLSDALE,0,26059,MOORE ROADTYD COLDWATER CREEK 138KV LINE TAP,,,,,26059,P::J846,exact_state_county,100.0,1.0
P::J4054,J4054,MI,Saginaw,SAGINAW,0,26145,CLAREMONT LAYTON 138 0KV,,,,,26145,P::J4054,existing_fips,100.0,1.0
P::J815,J815,IL,christian,CHRISTIAN,0,17021,TAYLORVILLE SOUTH AUSTIN FORMERLY PAWNEE 138KV LINE,,,,,17021,P::J815,exact_state_county,100.0,1.0
P::M::R5097,R5097,,Morehouse Parish,MOREHOUSE,0,,STERLINGTON BASTROP 115KV,NO_GROUP,NO_GROUP,,,,P::M::R5097,unmatched,0.0,0.0
P::J874,J874,MN,murray,MURRAY,0,27101,FENTON CHANARAMBIE 115KV LINE,,,,,27101,P::J874,exact_state_county,100.0,1.0
P::J922,J922,AR,chicot,CHICOT,0,05017,LAKE VILLAGE BAGBY CHICOT 115KV LINE,,,,,05017,P::J922,exact_state_county,100.0,1.0
P::M::J4213,J4213,,,,0,,,South,South,,,,P::M::J4213,unmatched,0.0,0.0
P::J4203,J4203,MI,Huron,HURON,0,26063,RAPSON STEIN 345 0KV,,,,,26063,P::J4203,existing_fips,100.0,1.0
P::M::J4214,J4214,,,,0,,,South,South,,,,P::M::J4214,unmatched,0.0,0.0
P::J766,J766,ND,oliver,OLIVER,0,38065,SQUARE BUTTE 230KV SUBSTATION,,,,,38065,P::J766,exact_state_county,100.0,1.0
P::M::J4215,J4215,,,,0,,,South,South,,,,P::M::J4215,unmatched,0.0,0.0
P::J4201,J4201,LA,Beauregard Parish,BEAUREGARD,0,22011,COLE,,,,,22011,P::J4201,existing_fips,100.0,1.0
P::J921,J921,MI,ionia,IONIA,0,26067,THOMPSON ROAD 138KV SUBSTATION,,,,,26067,P::J921,exact_state_county,100.0,1.0
P::M::J4216,J4216,,,,0,,,South,South,,,,P::M::J4216,unmatched,0.0,0.0
P::M::J4217,J4217,,,,0,,,South,South,,,,P::M::J4217,unmatched,0.0,0.0
P::J4200,J4200,MN,Ramsey,RAMSEY,0,27123,MERRIAM PARK,,,,,27123,P::J4200,existing_fips,100.0,1.0
P::M::J4218,J4218,,,,0,,,South,South,,,,P::M::J4218,unmatched,0.0,0.0
P::M::J4219,J4219,,,,0,,,South,South,,,,P::M::J4219,unmatched,0.0,0.0
P::J701,J701,MI,tuscola,TUSCOLA,0,26157,RAPSON GRASSSMERE BAUER 345KV LINE TAP KIRK 345KV SUB,,,,,26157,P::J701,exact_state_county,100.0,1.0
P::J920,J920,IL,pulaski,PULASKI,0,17153,JOPPA 161KV SUBSTATION,,,,,17153,P::J920,exact_state_county,100.0,1.0
P::M::J4220,J4220,,,,0,,,South,South,,,,P::M::J4220,unmatched,0.0,0.0
P::M::J4221,J4221,,,,0,,,South,South,,,,P::M::J4221,unmatched,0.0,0.0
P::J4198,J4198,IL,Christian,CHRISTIAN,0,17021,PANA 138KV,,,,,17021,P::J4198,existing_fips,100.0,1.0
P::J703,J703,MI,marquette,MARQUETTE,0,26103,HURON 138KV SUBSTATION LOOPING LINES FREG11 NATIONAL TO FREEMAN GOOSE LAKE PI TO EMPIRE,,,,,26103,P::J703,exact_state_county,100.0,1.0
P::M::J4222,J4222,,,,0,,,Central,Central,,,,P::M::J4222,unmatched,0.0,0.0
P::J919,J919,AR,jackson,JACKSON,0,05067,CASH NEWPORT AB 161KV LINE TAP,,,,,05067,P::J919,exact_state_county,100.0,1.0
P::M::J4223,J4223,,,,0,,,East (ITC),East (ITC),,,,P::M::J4223,unmatched,0.0,0.0
P::J4197,J4197,AR,Drew,DREW,0,05043,MONTICELLO EAST REED SS 115 0KV,,,,,05043,P::J4197,existing_fips,100.0,1.0
P::M::J4224,J4224,,,,0,,,West,West,,,,P::M::J4224,unmatched,0.0,0.0
P::M::J4225,J4225,,,,0,,,West,West,,,,P::M::J4225,unmatched,0.0,0.0
P::J803,J803,MN,lyon,LYON,0,27083,TRACY 69KV LINE,,,,,27083,P::J803,exact_state_county,100.0,1.0
P::J4196,J4196,AR,Phillips,PHILLIPS,0,05107,GILLETT ELAINE 115 0KV,,,,,05107,P::J4196,existing_fips,100.0,1.0
P::J917,J917,TX,liberty,LIBERTY,0,48291,TARKINGTON NEW LONG JOHN 138KV LINE TAP,,,,,48291,P::J917,exact_state_county,100.0,1.0
P::J4199,J4199,IL,Fulton,FULTON,0,17057,CANTON SOUTH,,,,,17057,P::J4199,existing_fips,100.0,1.0
P::M::J4226,J4226,,Story,STORY,0,,STORY COUNTY,East (ATC),East,,,,P::M::J4226,unmatched,0.0,0.0
P::M::J4212,J4212,,,,0,,,East (ITC),East (ITC),,,,P::M::J4212,unmatched,0.0,0.0
P::J802,J802,IN,vermillion,VERMILLION,0,18165,CAYUGA 345KV SUBSTATION,,,,,18165,P::J802,exact_state_county,100.0,1.0
P::M::J4175,J4175,,,,0,,,South,South,,,,P::M::J4175,unmatched,0.0,0.0
P::J927,J927,MN,faribault,FARIBAULT,0,27043,WALTERS 69KV SUBSTATION,,,,,27043,P::J927,exact_state_county,100.0,1.0
P::M::J4177,J4177,,,,0,,,East (ATC),East,,,,P::M::J4177,unmatched,0.0,0.0
P::M::J4178,J4178,,,,0,,,South,South,,,,P::M::J4178,unmatched,0.0,0.0
P::J444,J444,MI,wayne,WAYNE,0,26163,WATERMAN NAVARRE 230KV,,,,,26163,P::J444,exact_state_county,100.0,1.0
P::M::J4179,J4179,,,,0,,,East (ATC),East,,,,P::M::J4179,unmatched,0.0,0.0
P::J801,J801,WI,pierce,PIERCE,0,55093,CRYSTAL CAVE ROCK ELM 161KV LINE TAP,,,,,55093,P::J801,exact_state_county,100.0,1.0
P::J926,J926,WI,saint croix,SAINT CROIX,0,55109,PINE LAKE APPLE RIVER 161KV LINE,,,,,55109,P::J926,exact_state_county,100.0,1.0
P::J767,J767,IA,hancock,HANCOCK,0,19081,LIME CREEK 161KV SUBSTATION,,,,,19081,P::J767,exact_state_county,100.0,1.0
P::M::J4180,J4180,,,,0,,,West,West,,,,P::M::J4180,unmatched,0.0,0.0
P::M::J4181,J4181,,,,0,,,West,West,,,,P::M::J4181,unmatched,0.0,0.0
P::M::J4182,J4182,,,,0,,,South,South,,,,P::M::J4182,unmatched,0.0,0.0
P::M::J4184,J4184,,,,0,,,East (ATC),East,,,,P::M::J4184,unmatched,0.0,0.0
P::J4204,J4204,IL,Marion,MARION,0,17121,SOUTH BELLEVILLE,,,,,17121,P::J4204,existing_fips,100.0,1.0
P::J925,J925,MI,shiawassee,SHIAWASSEE,0,26155,NORTH COURNNA BELL ROAD 138KV LINE,,,,,26155,P::J925,exact_state_county,100.0,1.0
P::J698,J698,AR,chicot,CHICOT,0,05017,LAKE VILLAGE BAGBY 115KV SUBSTATION,,,,,05017,P::J698,exact_state_county,100.0,1.0
P::M::J4186,J4186,,,,0,,,South,South,,,,P::M::J4186,unmatched,0.0,0.0
P::J441,J441,MN,dodge,DODGE,0,27039,BYRON 345KV SUBSTATION,,,,,27039,P::J441,exact_state_county,100.0,1.0
P::M::J4187,J4187,,,,0,,,West,West,,,,P::M::J4187,unmatched,0.0,0.0
P::J924,J924,AR,monroe,MONROE,0,05095,BRINKLEY EAST AUBREY 230KV LINE,,,,,05095,P::J924,exact_state_county,100.0,1.0
P::M::J4205,J4205,LA,Orleans,ORLEANS,0,22071,SUILLIVAN STATION ENTERGY0,,,,,22071,P::M::J4205,exact_state_county,100.0,1.0
P::M::J4206,J4206,,,,0,,,East (ITC),East (ITC),,,,P::M::J4206,unmatched,0.0,0.0
P::M::J4207,J4207,,,,0,,,East (ITC),East (ITC),,,,P::M::J4207,unmatched,0.0,0.0
P::M::J4208,J4208,,,,0,,,East (ITC),East (ITC),,,,P::M::J4208,unmatched,0.0,0.0
P::J923,J923,TX,montgomery,MONTGOMERY,0,48339,PORTER 230KV SUBSTATION,,,,,48339,P::J923,exact_state_county,100.0,1.0
P::M::J4209,J4209,,,,0,,,East (ITC),East (ITC),,,,P::M::J4209,unmatched,0.0,0.0
P::M::J4210,J4210,,,,0,,,East (ITC),East (ITC),,,,P::M::J4210,unmatched,0.0,0.0
P::M::J4211,J4211,,,,0,,,,,,,,P::M::J4211,unmatched,0.0,0.0
P::M::J4185,J4185,,,,0,,,South,South,,,,P::M::J4185,unmatched,0.0,0.0
P::M::J4227,J4227,,Story,STORY,0,,STORY COUNTY,East (ATC),East,,,,P::M::J4227,unmatched,0.0,0.0
P::J4195,J4195,MI,Clinton,CLINTON,0,26037,GREENWOOD RAPSON 345 0KV,,,,,26037,P::J4195,existing_fips,100.0,1.0
P::M::J4228,J4228,,,,0,,,East (ITC),East (ITC),,,,P::M::J4228,unmatched,0.0,0.0
P::M::J4245,J4245,,,,0,,,South,South,,,,P::M::J4245,unmatched,0.0,0.0
P::J418,J418,TX,polk,POLK,0,48373,RICH LIVINGSTON 138KV LINE,,,,,48373,P::J418,exact_state_county,100.0,1.0
P::M::J4246,J4246,,,,0,,,South,South,,,,P::M::J4246,unmatched,0.0,0.0
P::J761,J761,MN,faribault,FARIBAULT,0,27043,HUNTLEY 345KV SUB,,,,,27043,P::J761,exact_state_county,100.0,1.0
P::J911,J911,TX,montgomery,MONTGOMERY,0,48339,PORTER 230KV SUBSTATION,,,,,48339,P::J911,exact_state_county,100.0,1.0
P::M::J4247,J4247,,,,0,,,Central,Central,,,,P::M::J4247,unmatched,0.0,0.0
P::M::J4248,J4248,,,,0,,,South,South,,,,P::M::J4248,unmatched,0.0,0.0
P::M::J4249,J4249,,,,0,,,East (ATC),East,,,,P::M::J4249,unmatched,0.0,0.0
P::M::J4250,J4250,,,,0,,,West,West,,,,P::M::J4250,unmatched,0.0,0.0
P::M::J4251,J4251,,,,0,,,West,West,,,,P::M::J4251,unmatched,0.0,0.0
P::J910,J910,MS,hinds,HINDS,0,28049,CLINTON INDUSTRIAL 230KV SUBSTATION,,,,,28049,P::J910,exact_state_county,100.0,1.0
P::J805,J805,IN,shelby,SHELBY,0,18145,GWYNNEVILLE 345KV SUBSTATION,,,,,18145,P::J805,exact_state_county,100.0,1.0
P::J706,J706,ND,morton,MORTON,0,38059,TRI COUNTY 230KV SUB,,,,,38059,P::J706,exact_state_county,100.0,1.0
P::M::J4244,J4244,,,,0,,,South,South,,,,P::M::J4244,unmatched,0.0,0.0
P::M::J4252,J4252,,,,0,,,West,West,,,,P::M::J4252,unmatched,0.0,0.0
P::J4176,J4176,,,,0,,,,,,,,P::J4176,unmatched,0.0,0.0
P::M::J4254,J4254,,,,0,,,Central,Central,,,,P::M::J4254,unmatched,0.0,0.0
P::J909,J909,LA,tangipahoa parish,TANGIPAHOA,0,22105,AMITE 115KV SUBSTATION,,,,,22105,P::J909,exact_state_county,100.0,1.0
P::M::J4255,J4255,,,,0,,,Central,Central,,,,P::M::J4255,unmatched,0.0,0.0
P::J4174,J4174,AR,Poinsett,POINSETT,0,05111,MARKED TREE,,,,,05111,P::J4174,existing_fips,100.0,1.0
P::M::J4256,J4256,,,,0,,,Central,Central,,,,P::M::J4256,unmatched,0.0,0.0
P::M::J4257,J4257,,,,0,,,Central,Central,,,,P::M::J4257,unmatched,0.0,0.0
P::M::J4258,J4258,,,,0,,,South,South,,,,P::M::J4258,unmatched,0.0,0.0
P::J4173,J4173,IA,Wapello,WAPELLO,0,19179,OTTUMWA GENERATING ST 161KV,,,,,19179,P::J4173,existing_fips,100.0,1.0
P::J908,J908,MS,tallahatchie,TALLAHATCHIE,0,28135,WEBB 115KV SUBSTATION,,,,,28135,P::J908,exact_state_county,100.0,1.0
P::M::J4259,J4259,,,,0,,,Central,Central,,,,P::M::J4259,unmatched,0.0,0.0
P::M::J4260,J4260,,Portage,PORTAGE,0,,PLOVER,Central,Central,,,,P::M::J4260,unmatched,0.0,0.0
P::J4172,J4172,IA,Wapello,WAPELLO,0,19179,OTTUMWA GENERATING ST 161KV,,,,,19179,P::J4172,existing_fips,100.0,1.0
P::M::J4253,J4253,,,,0,,,Central,Central,,,,P::M::J4253,unmatched,0.0,0.0
P::J912,J912,IL,christian,CHRISTIAN,0,17021,PANA SUBSTATION 138KV BUS,,,,,17021,P::J912,exact_state_county,100.0,1.0
P::J4183,J4183,,,,0,,,,,,,,P::J4183,unmatched,0.0,0.0
P::M::J4243,J4243,,,,0,,,South,South,,,,P::M::J4243,unmatched,0.0,0.0
P::M::J4229,J4229,,,,0,,,West,West,,,,P::M::J4229,unmatched,0.0,0.0
P::J916,J916,MN,cottonwood,COTTONWOOD,0,27033,MOUNTAIN LAKE 69KV SUBSTATION,,,,,27033,P::J916,exact_state_county,100.0,1.0
P::J4194,J4194,MN,Meeker,MEEKER,0,27093,SHERBURNE CO,,,,,27093,P::J4194,existing_fips,100.0,1.0
P::M::J4230,J4230,,,,0,,,West,West,,,,P::M::J4230,unmatched,0.0,0.0
P::M::J4231,J4231,,Pike,PIKE,0,,,Central,Central,,,,P::M::J4231,unmatched,0.0,0.0
P::J4193,J4193,MN,Meeker,MEEKER,0,27093,SHERBURNE CO,,,,,27093,P::J4193,existing_fips,100.0,1.0
P::J704,J704,MI,baraga,BARAGA,0,26013,M38 SUBSTATION 138KV,,,,,26013,P::J704,exact_state_county,100.0,1.0
P::J762,J762,KY,meade,MEADE,0,21163,MEADE SUB 161KV,,,,,21163,P::J762,exact_state_county,100.0,1.0
P::M::J4232,J4232,,,,0,,,Central,Central,,,,P::M::J4232,unmatched,0.0,0.0
P::J915,J915,TX,liberty,LIBERTY,0,48291,PARKWAY EAST GATE 138KV LINE,,,,,48291,P::J915,exact_state_county,100.0,1.0
P::J4192,J4192,WI,Racine,RACINE,0,55101,BAIN STATE LINE 138 0KV,,,,,55101,P::J4192,existing_fips,100.0,1.0
P::M::J4233,J4233,,,,0,,,East (ITC),East (ITC),,,,P::M::J4233,unmatched,0.0,0.0
P::M::J4234,J4234,,,,0,,,East (ITC),East (ITC),,,,P::M::J4234,unmatched,0.0,0.0
P::M::J4235,J4235,,Linn,LINN,0,,DUANE ARNOLD,West,West,,,,P::M::J4235,unmatched,0.0,0.0
P::J4191,J4191,LA,Iberville Parish,IBERVILLE,0,22047,WEBRE,,,,,22047,P::J4191,existing_fips,100.0,1.0
P::M::J4236,J4236,,,,0,,,South,South,,,,P::M::J4236,unmatched,0.0,0.0
P::J914,J914,MI,manistee,MANISTEE,0,26101,FILER CITY 138KV SUBSTATION,,,,,26101,P::J914,exact_state_county,100.0,1.0
P::M::J4237,J4237,,,,0,,,East (ITC),East (ITC),,,,P::M::J4237,unmatched,0.0,0.0
P::J4190,J4190,LA,Iberville Parish,IBERVILLE,0,22047,WILLOW GLEN 230 SWYD,,,,,22047,P::J4190,existing_fips,100.0,1.0
P::M::J4238,J4238,,,,0,,,Central,Central,,,,P::M::J4238,unmatched,0.0,0.0
P::M::J4239,J4239,,,,0,,,South,South,,,,P::M::J4239,unmatched,0.0,0.0
P::J804,J804,IN,decatur,DECATUR,0,18031,DECATUR 138KV SUBSTATION,,,,,18031,P::J804,exact_state_county,100.0,1.0
P::J4189,J4189,MS,Sunflower,SUNFLOWER,0,28133,ROUNDAWAY SS CE CLARKSDALE 115 0KV,,,,,28133,P::J4189,existing_fips,100.0,1.0
P::M::J4240,J4240,,Grant,GRANT,0,,BIG STONE SOUTH 345KV SUBSTATION,West,West,,,,P::M::J4240,unmatched,0.0,0.0
P::J913,J913,IN,white,WHITE,0,18181,REYNOLDS 345KV SUBSTATION,,,,,18181,P::J913,exact_state_county,100.0,1.0
P::M::J4241,J4241,,St. Charles,SAINT CHARLES,0,,SIOUX,Central,Central,,,,P::M::J4241,unmatched,0.0,0.0
P::J4188,J4188,LA,Beauregard Parish,BEAUREGARD,0,22011,COLE COOPER 230 0KV,,,,,22011,P::J4188,existing_fips,100.0,1.0
P::J705,J705,ND,morton,MORTON,0,38059,TRI COUNTY 230KV SUBSTATION,,,,,38059,P::J705,exact_state_county,100.0,1.0
P::M::J4242,J4242,,,,0,,,South,South,,,,P::M::J4242,unmatched,0.0,0.0
P::J697,J697,LA,morehouse parish,MOREHOUSE,0,22067,OAK RIDGE 115KV SUBSTATION,,,,,22067,P::J697,exact_state_county,100.0,1.0
P::M::J4261,J4261,,,,0,,,East (ATC),East,,,,P::M::J4261,unmatched,0.0,0.0
P::M::J4163,J4163,AR,Drew,DREW,0,05043,WILMAR EAST,,,,,05043,P::M::J4163,exact_state_county,100.0,1.0
P::J928,J928,MI,delta,DELTA,0,26041,GARDEN CORNERS 138KV SUBSTATION,,,,,26041,P::J928,exact_state_county,100.0,1.0
P::J977,J977,MN,jackson,JACKSON,0,27063,JACKSON NORTH 161KV SUBSTATION,,,,,27063,P::J977,exact_state_county,100.0,1.0
P::J580,J580,ND,burleigh,BURLEIGH,0,38015,NEPOLEON SUB 230KV,,,,,38015,P::J580,exact_state_county,100.0,1.0
P::J646,J646,MI,macomb,MACOMB,0,26099,CARBON CONNECTING TO ITC AT JEWEL ST CLAIR AND SPOKANE SUBSTATIONS,,,,,26099,P::J646,exact_state_county,100.0,1.0
P::J957,J957,MO,mercer,MERCER,0,29129,MAYWOOD 345KV SUBSTATION,,,,,29129,P::J957,exact_state_county,100.0,1.0
P::J793,J793,MI,st. clair,SAINT CLAIR,0,26147,BELLE RIVER FITZ 2 345KV LINE TAP,,,,,26147,P::J793,exact_state_county,100.0,1.0
P::J978,J978,MI,montcalm,MONTCALM,0,26117,EUREKA VESTABURG 138KV LINE TAP,,,,,26117,P::J978,exact_state_county,100.0,1.0
P::J956,J956,MO,ralls,RALLS,0,29173,SPENCER CREEK 345KV SUBSTATION,,,,,29173,P::J956,exact_state_county,100.0,1.0
P::J777,J777,IA,franklin,FRANKLIN,0,19069,WHISPERING WILLOW 161KV SUBSTATION,,,,,19069,P::J777,exact_state_county,100.0,1.0
P::J979,J979,IL,christian,CHRISTIAN,0,17021,PANA SUBSTATION 345KV BUS,,,,,17021,P::J979,exact_state_county,100.0,1.0
P::J579,J579,MI,allegan,ALLEGAN,0,26005,ARGENTA 345KV SUBSTATION,,,,,26005,P::J579,exact_state_county,100.0,1.0
P::J955,J955,IL,sangamon,SANGAMON,0,17167,AUSTIN SUBSTATION 345KV BUS,,,,,17167,P::J955,exact_state_county,100.0,1.0
P::J647,J647,MI,muskegon,MUSKEGON,0,26121,BC COBB FOUR MILE 138KV LINE,,,,,26121,P::J647,exact_state_county,100.0,1.0
P::J954,J954,IA,johnson,JOHNSON,0,19103,AMIL IOW_AFRYT,,,,,19103,P::J954,exact_state_county,100.0,1.0
P::J958,J958,MN,lincoln,LINCOLN,0,27081,BUFFALO RIDGE 115KV SUBSTATION,,,,,27081,P::J958,exact_state_county,100.0,1.0
P::J980,J980,IL,christian,CHRISTIAN,0,17021,PANA SUBSTATION 345KV BUS,,,,,17021,P::J980,exact_state_county,100.0,1.0
P::J570,J570,MO,atchison,ATCHISON,0,29005,COOPER ATCHISON 345KV LINE,,,,,29005,P::J570,exact_state_county,100.0,1.0
P::J794,J794,MI,gratiot,GRATIOT,0,26057,J589 138KV SUBSTATION REGAL SUMMERTON 138KV LINE,,,,,26057,P::J794,exact_state_county,100.0,1.0
P::J981,J981,IA,washington,WASHINGTON,0,19183,SUB T 345KV SUBSTATION,,,,,19183,P::J981,exact_state_county,100.0,1.0
P::J952,J952,SD,corson,CORSON,0,46031,MCLAUGHLIN MCINTOSH JUNCTION 115KV LINE TAP,,,,,46031,P::J952,exact_state_county,100.0,1.0
P::J657,J657,WI,manitowoc,MANITOWOC,0,55071,KEWAUNEE SHOTO 138KV LINE AT THE EXISTING MISHICOT TAP,,,,,55071,P::J657,exact_state_county,100.0,1.0
P::J982,J982,IA,dickinson,DICKINSON,0,19059,OBRIEN COUNTY KOSSUTH 345KV LINE TAP,,,,,19059,P::J982,exact_state_county,100.0,1.0
P::J776,J776,IA,franklin,FRANKLIN,0,19069,BLACK HAWK KILLDEER 345KV,,,,,19069,P::J776,exact_state_county,100.0,1.0
P::J951,J951,MN,kittson,KITTSON,0,27069,DONALDSON WARSAW 115KV LINE TAP,,,,,27069,P::J951,exact_state_county,100.0,1.0
P::J556,J556,MN,renville,RENVILLE,0,27129,PANTHER 230KV SUBSTATION,,,,,27129,P::J556,exact_state_county,100.0,1.0
P::J983,J983,IL,brown,BROWN,0,17009,OGLESBY MINONK TAP 138KV LINE TAP,,,,,17009,P::J983,exact_state_county,100.0,1.0
P::J949,J949,IL,coles,COLES,0,17029,KANSAS SUBSTATION 138KV BUS 3,,,,,17029,P::J949,exact_state_county,100.0,1.0
P::J658,J658,MO,audrain,AUDRAIN,0,29007,SPENCER CREEK 345KV SUBSTATION,,,,,29007,P::J658,exact_state_county,100.0,1.0
P::J948,J948,AR,poinsett,POINSETT,0,05111,HARRISBURG TAP HARRISBURG 161KV LINE,,,,,05111,P::J948,exact_state_county,100.0,1.0
P::J953,J953,IA,johnson,JOHNSON,0,19103,AMIL IOW_AFRYT,,,,,19103,P::J953,exact_state_county,100.0,1.0
P::J795,J795,IL,gallatin,GALLATIN,0,17059,GALLATIN JUNCTION 161KV SUBSTATION,,,,,17059,P::J795,exact_state_county,100.0,1.0
P::J976,J976,MO,warren,WARREN,0,29219,MONTGOMERY ENON 345KV LINE TAP,,,,,29219,P::J976,exact_state_county,100.0,1.0
P::J640,J640,LA,st. helena parish,SAINT HELENA,0,22091,AMITE LIBERTY 115KV LINE,,,,,22091,P::J640,exact_state_county,100.0,1.0
P::J968,J968,IN,jasper,JASPER,0,18073,REYNOLDS 345KV SUBSTATION,,,,,18073,P::J968,exact_state_county,100.0,1.0
P::J635,J635,LA,concordia parish,CONCORDIA,0,22029,TAP ENTERGY 115KV T LINE NATCHEZ SOUTH PLANTATION ID 668 1MILE FROM PLANTATION SUB,,,,,22029,P::J635,exact_state_county,100.0,1.0
P::J969,J969,MI,tuscola,TUSCOLA,0,26157,KIRK 345KV SUBSTATION,,,,,26157,P::J969,exact_state_county,100.0,1.0
P::J782,J782,MO,stoddard,STODDARD,0,29207,STODDART SUB 161KV,,,,,29207,P::J782,exact_state_county,100.0,1.0
P::J967,J967,MN,mower,MOWER,0,27099,ADAMS 345KV SUBSTATION,,,,,27099,P::J967,exact_state_county,100.0,1.0
P::J632,J632,MI,berrien,BERRIEN,0,26021,ARGENTA PLAISADES 345KV LINE,,,,,26021,P::J632,exact_state_county,100.0,1.0
P::J970,J970,MI,oscoda,OSCODA,0,26135,MIO DAM GAYLORD 138KV LINE TAP,,,,,26135,P::J970,exact_state_county,100.0,1.0
P::J966,J966,MO,putnam,PUTNAM,0,29171,ZACHARY 345KV SUBSTATION,,,,,29171,P::J966,exact_state_county,100.0,1.0
P::J971,J971,MN,nobles,NOBLES,0,27105,NOBLES CO FENTON 115KV LINE TAP,,,,,27105,P::J971,exact_state_county,100.0,1.0
P::J965,J965,MN,cottonwood,COTTONWOOD,0,27033,LAKEFIELD GENERATION SW 345KV SUBSTATION,,,,,27033,P::J965,exact_state_county,100.0,1.0
P::J636,J636,LA,rapides parish,RAPIDES,0,22079,SHADY OAKS COUGHLIN 138KV LINE,,,,,22079,P::J636,exact_state_county,100.0,1.0
P::J780,J780,ND,sheridan,SHERIDAN,0,38083,HARVEY UNDERWOOD 230KV LINE,,,,,38083,P::J780,exact_state_county,100.0,1.0
P::J964,J964,MS,hinds,HINDS,0,28049,EDWARDS BOLTON 115KV LINE TAP,,,,,28049,P::J964,exact_state_county,100.0,1.0
P::J959,J959,IA,fayette,FAYETTE,0,19065,WINDSOR 161KV SUBSTATION,,,,,19065,P::J959,exact_state_county,100.0,1.0
P::J628,J628,ND,grand forks,GRAND FORKS,0,38035,RAMSEY PRAIRIE 230KV LINE TAP,,,,,38035,P::J628,exact_state_county,100.0,1.0
P::J783,J783,IN,spencer,SPENCER,0,18147,GRANDVIEW SUB,,,,,18147,P::J783,exact_state_county,100.0,1.0
P::J963,J963,IA,cedar,CEDAR,0,19031,BENNETT CIPCO GRAHAM 69KV LINE TAP,,,,,19031,P::J963,exact_state_county,100.0,1.0
P::J973,J973,IL,coles,COLES,0,17029,KANSAS WEST 345KV SUBSTATION,,,,,17029,P::J973,exact_state_county,100.0,1.0
P::J639,J639,LA,west baton rouge parish,WEST BATON ROUGE,0,22121,ADDIS BIG CAJUN 230KV LINE,,,,,22121,P::J639,exact_state_county,100.0,1.0
P::J962,J962,MS,desoto,DESOTO,0,28033,TWINKLETOWN 230KV SUBSTATION,,,,,28033,P::J962,exact_state_county,100.0,1.0
P::J625,J625,MN,meeker,MEEKER,0,27093,BLUE LAKE 345KV SUBSTATION,,,,,27093,P::J625,exact_state_county,100.0,1.0
P::J974,J974,IL,fulton,FULTON,0,17057,MAPLERIDGE 345KV SWITCHING STATION,,,,,17057,P::J974,exact_state_county,100.0,1.0
P::J961,J961,LA,west baton rouge parish,WEST BATON ROUGE,0,22121,LIVONIA WILBERT 138KV LINE TAP,,,,,22121,P::J961,exact_state_county,100.0,1.0
P::J975,J975,ND,cass,CASS,0,38017,BUFFALO 115KV SUBSTATION,,,,,38017,P::J975,exact_state_county,100.0,1.0
P::J960,J960,MI,presque isle,PRESQUE ISLE,0,26141,LIVINGSTON 345KV SUBSTATION,,,,,26141,P::J960,exact_state_county,100.0,1.0
P::J779,J779,ND,emmons,EMMONS,0,38029,BISMARCK LINTON 115KV,,,,,38029,P::J779,exact_state_county,100.0,1.0
P::J785,J785,MN,jackson,JACKSON,0,27063,LAKEFIELD JUNCTION HUNTLEY 345KV LINE TAP,,,,,27063,P::J785,exact_state_county,100.0,1.0
P::J584,J584,WI,green,GREEN,0,55045,BLACKSMITH TAP SPRING GROVE 69KV LINE,,,,,55045,P::J584,exact_state_county,100.0,1.0
P::J972,J972,AR,st. francis,SAINT FRANCIS,0,05123,HUGHES FOREST CITY SOUTH 161KV LINE,,,,,05123,P::J972,exact_state_county,100.0,1.0
P::J984,J984,MI,gratiot,GRATIOT,0,26057,NELSON ROAD MURPHY 345KV LINE,,,,,26057,P::J984,exact_state_county,100.0,1.0
P::J545,J545,MN,lincoln,LINCOLN,0,27081,BUFFALO 115KV SUBSTATION,,,,,27081,P::J545,exact_state_county,100.0,1.0
P::J947,J947,WI,grant,GRANT,0,55043,POTOSIS HILLMAN 138KV LINE,,,,,55043,P::J947,exact_state_county,100.0,1.0
P::J993,J993,IN,boone,BOONE,0,18011,HORTONVILLE WHITESTOWN 345KV LINE TAP,,,,,18011,P::J993,exact_state_county,100.0,1.0
P::J769,J769,MN,renville,RENVILLE,0,27129,KINGMAN RUN BIRD ISLAND 69KV,,,,,27129,P::J769,exact_state_county,100.0,1.0
P::J936,J936,MI,calhoun,CALHOUN,0,26025,ARGENTA TOMPKINS 345KV LINE TAP,,,,,26025,P::J936,exact_state_county,100.0,1.0
P::J680,J680,AR,ashley,ASHLEY,0,05003,CROSSET WEST 115KV SUBSTATION,,,,,05003,P::J680,exact_state_county,100.0,1.0
P::J994,J994,MO,callaway,CALLAWAY,0,29027,GUTHRIE 161KV SUBSTATION,,,,,29027,P::J994,exact_state_county,100.0,1.0
P::J467,J467,IL,douglas,DOUGLAS,0,17041,SIDNAY KANSAS 345KV LINE,,,,,17041,P::J467,exact_state_county,100.0,1.0
P::J935,J935,MN,hubbard,HUBBARD,0,27057,HUBBARD BADOURA 230KV LINE,,,,,27057,P::J935,exact_state_county,100.0,1.0
P::J995,J995,IL,brown,BROWN,0,17009,NW JERSEYVILLE NORTHWEST SUBSTATION 138KV BUS,,,,,17009,P::J995,exact_state_county,100.0,1.0
P::J934,J934,AR,crittenden,CRITTENDEN,0,05035,KUHN 161KV SUBSTATION,,,,,05035,P::J934,exact_state_county,100.0,1.0
P::J799,J799,MI,washtenaw,WASHTENAW,0,26161,MILAN PIONEER 120KV LINE TAP,,,,,26161,P::J799,exact_state_county,100.0,1.0
P::J933,J933,SD,day,DAY,0,46037,ELLENDALE BIG STONE SOUTH 345KV LINE,,,,,46037,P::J933,exact_state_county,100.0,1.0
P::J458,J458,SD,clark,CLARK,0,46025,ON PROPOSED BIG STONE ELLENDALE 345KV LINE APPROX 76 MILES WEST OF BIG STONE,,,,,46025,P::J458,exact_state_county,100.0,1.0
P::J683,J683,LA,west baton rouge parish,WEST BATON ROUGE,0,22121,WILBERT LIVONIA 138KV SUBSTATION 1 5 MI FROM WILBERT,,,,,22121,P::J683,exact_state_county,100.0,1.0
P::J937,J937,MI,calhoun,CALHOUN,0,26025,ARGENTA TOMPKINS 345KV LINE TAP,,,,,26025,P::J937,exact_state_county,100.0,1.0
P::J996,J996,MI,lenawee,LENAWEE,0,26091,BEECHER MORACO 138KV LINE,,,,,26091,P::J996,exact_state_county,100.0,1.0
P::J997,J997,ND,lamoure,LAMOURE,0,38045,ELLENDALE 345KV SUB 230KV BUS 661098,,,,,38045,P::J997,exact_state_county,100.0,1.0
P::J931,J931,MI,ottawa,OTTAWA,0,26139,KENOWA 345KV SUBSTATION,,,,,26139,P::J931,exact_state_county,100.0,1.0
P::J768,J768,IA,story,STORY,0,19169,STORY COUNTY SUBSTATION,,,,,19169,P::J768,exact_state_county,100.0,1.0
P::J447,J447,IA,cerro gordo,CERRO GORDO,0,19033,EMERY 161KV SUBSTATION,,,,,19033,P::J447,exact_state_county,100.0,1.0
P::J998,J998,IA,dallas,DALLAS,0,19049,ADEL WAUKEE 69KV LINE TAP,,,,,19049,P::J998,exact_state_county,100.0,1.0
P::J800,J800,IL,white,WHITE,0,17193,CROSSVILLE WEST SUBSTATION 138KV BUS ALBION SOUTH NORRIS CITY 138KV LINE,,,,,17193,P::J800,exact_state_county,100.0,1.0
P::J930,J930,IA,sioux,SIOUX,0,19167,BOYDEN SHELDON 69KV LINE,,,,,19167,P::J930,exact_state_county,100.0,1.0
P::J687,J687,LA,orleans parish,ORLEANS,0,22071,NASA 115KV SUBSTATION,,,,,22071,P::J687,exact_state_county,100.0,1.0
P::J929,J929,ND,mcintosh,MCINTOSH,0,38051,WISHEK 41 6KV SUBSTATION,,,,,38051,P::J929,exact_state_county,100.0,1.0
P::J999,J999,IA,linn,LINN,0,19113,FAIRFAX 161KV SUBSTATION,,,,,19113,P::J999,exact_state_county,100.0,1.0
P::M::J4062,J4062,TX,Jefferson,JEFFERSON,0,48245,RHODAIR,,,,,48245,P::M::J4062,exact_state_county,100.0,1.0
P::M::J4084,J4084,TX,Jefferson,JEFFERSON,0,48245,RHODAIR,,,,,48245,P::M::J4084,exact_state_county,100.0,1.0
P::J446,J446,IN,clinton,CLINTON,0,18023,FRANKFORT NEW LONDON 230KV,,,,,18023,P::J446,exact_state_county,100.0,1.0
P::J932,J932,TX,liberty,LIBERTY,0,48291,PORTER CHINA 230KV LINE,,,,,48291,P::J932,exact_state_county,100.0,1.0
P::J798,J798,WI,walworth,WALWORTH,0,55127,UNIVERSITY MUKWANAGO UNIG52 LINE TAP,,,,,55127,P::J798,exact_state_county,100.0,1.0
P::J478,J478,IN,clinton,CLINTON,0,18023,THORNTOWN NEW LONDON KOKOMO 230KV LINE,,,,,18023,P::J478,exact_state_county,100.0,1.0
P::J992,J992,IN,cass,CASS,0,18017,WALTON 230KV SUBSTATION,,,,,18017,P::J992,exact_state_county,100.0,1.0
P::J985,J985,MO,scott,SCOTT,0,29201,MINER KELSO 161KV LINE TAP,,,,,29201,P::J985,exact_state_county,100.0,1.0
P::S1002,S1002,MI,,,0,,,,,,,,P::S1002,unmatched,0.0,0.0
P::J946,J946,ND,cass,CASS,0,38017,BISON 345KV SUBSTATION,,,,,38017,P::J946,exact_state_county,100.0,1.0
P::J544,J544,LA,morehouse parish,MOREHOUSE,0,22067,GALION 115KV SUBSTATION,,,,,22067,P::J544,exact_state_county,100.0,1.0
P::J986,J986,WI,wood,WOOD,0,55141,PORT EDWARDS SAND LAKE 138KV,,,,,55141,P::J986,exact_state_county,100.0,1.0
P::J659,J659,LA,franklin parish,FRANKLIN,0,22041,WINNSBORO TO GILBERT 115KV LINE,,,,,22041,P::J659,exact_state_county,100.0,1.0
P::J771,J771,MN,stearns,STEARNS,0,27145,LAKE KORONIS PAYNESVILLE 69KV,,,,,27145,P::J771,exact_state_county,100.0,1.0
P::J945,J945,MS,washington,WASHINGTON,0,28151,GERALD ANDRUS CLINTON INDUSTRIAL 230KV LINE,,,,,28151,P::J945,exact_state_county,100.0,1.0
P::J796,J796,MI,shiawassee,SHIAWASSEE,0,26155,GOSS 138KV SUBSTATION,,,,,26155,P::J796,exact_state_county,100.0,1.0
P::J522,J522,MN,mower,MOWER,0,27099,ADAMS SUBSTATION AT 69KV,,,,,27099,P::J522,exact_state_county,100.0,1.0
P::J987,J987,MO,montgomery,MONTGOMERY,0,29139,MONTGOMERY 161KV SUBSTATION,,,,,29139,P::J987,exact_state_county,100.0,1.0
P::J944,J944,MO,new madrid,NEW MADRID,0,29143,PORTAGEVILLE NEW MADRID 161KV LINE,,,,,29143,P::J944,exact_state_county,100.0,1.0
P::J943,J943,MN,lincoln,LINCOLN,0,27081,J460 SUBSTATION ON THE BROOKINGS H081 345KV LINE,,,,,27081,P::J943,exact_state_county,100.0,1.0
P::J988,J988,MS,wayne,WAYNE,0,28153,W WAYNESBORO 230KV SUBSTATION,,,,,28153,P::J988,exact_state_county,100.0,1.0
P::J662,J662,AR,crittenden,CRITTENDEN,0,05035,MARKED TREE MARION 161KV LINE,,,,,05035,P::J662,exact_state_county,100.0,1.0
P::J942,J942,AR,craighead,CRAIGHEAD,0,05031,CASH NEWPORT AB 161KV LINE TAP,,,,,05031,P::J942,exact_state_county,100.0,1.0
P::J508,J508,AR,clark,CLARK,0,05019,TAP 115KV LINE BETWWEN W ARKADELPHIA SUB AND DELARC SUB AT 3 85 MILES FROM WEST ARKADELPHIA SUBSTAT,,,,,05019,P::J508,exact_state_county,100.0,1.0
P::J989,J989,MI,oakland,OAKLAND,0,26125,HALSEY 138KV SUBSTATION,,,,,26125,P::J989,exact_state_county,100.0,1.0
P::J941,J941,SD,grant,GRANT,0,46051,BIG STONE BROOKINGS COUNTY 345KV LINE,,,,,46051,P::J941,exact_state_county,100.0,1.0
P::J797,J797,IL,washington,WASHINGTON,0,17189,ASHLEY 138KV SUBSTATION,,,,,17189,P::J797,exact_state_county,100.0,1.0
P::J770,J770,MN,renville,RENVILLE,0,27129,BIRD ISLAND TO HENRYVILLE TAP 69KV LINE,,,,,27129,P::J770,exact_state_county,100.0,1.0
P::J663,J663,AR,phillips,PHILLIPS,0,05107,ROBERT E RITCHIE 230KV SUBSTATION,,,,,05107,P::J663,exact_state_county,100.0,1.0
P::J990,J990,IA,dubuque,DUBUQUE,0,19061,SALEM 345KV SUBSTATION,,,,,19061,P::J990,exact_state_county,100.0,1.0
P::J940,J940,ND,burleigh,BURLEIGH,0,38015,JAMESTOWN CENTER 345KV LINE,,,,,38015,P::J940,exact_state_county,100.0,1.0
P::J502,J502,TX,orange,ORANGE,0,48361,MCLEWIS 230KV SUBSTATION,,,,,48361,P::J502,exact_state_county,100.0,1.0
P::J991,J991,IL,clay,CLAY,0,17025,XENIA 345KV SWITCHING STATION,,,,,17025,P::J991,exact_state_county,100.0,1.0
P::J939,J939,IA,wright,WRIGHT,0,19197,CLARION EAGLE GROVE 69KV LINE,,,,,19197,P::J939,exact_state_county,100.0,1.0
P::J679,J679,MS,carroll,CARROLL,0,28015,GREENWOOD WINONA 115KV,,,,,28015,P::J679,exact_state_county,100.0,1.0
P::J938,J938,IA,palo alto,PALO ALTO,0,19147,EMMESTBURG FREEDOM 69KV LINE,,,,,19147,P::J938,exact_state_county,100.0,1.0
P::M::J4146,J4146,,,,0,,,,,,,,P::M::J4146,unmatched,0.0,0.0
P::M::S1164,S1164,AR,MIssissippi,MISSISSIPPI,0,05093,DELL MANILA 161KV,NO_GROUP,NO_GROUP,,,05093,P::M::S1164,exact_state_county,100.0,1.0
P::J907,J907,AR,monroe,MONROE,0,05095,BRINKLEY EAST AUBREY 230KV LINE,,,,,05095,P::J907,exact_state_county,100.0,1.0
P::J4171,J4171,WI,Racine,RACINE,0,55101,138KV JUPITER SUBSTATION 50167,,,,,55101,P::J4171,existing_fips,100.0,1.0
P::S1107,S1107,IA,Clinton,CLINTON,0,19045,CALAMUS EAST,,,,,19045,P::S1107,existing_fips,100.0,1.0
P::J4130,J4130,WI,Pepin,PEPIN,0,55091,ALMA ROCK ELM 161 0KV,,,,,55091,P::J4130,existing_fips,100.0,1.0
P::M::S1134,S1134,MS,DeSoto,DESOTO,0,28033,TWINKLETOWN,South,South,,,28033,P::M::S1134,exact_state_county,100.0,1.0
P::J885,J885,IA,worth,WORTH,0,19195,J407 GLENWORTH 161KV SUBSTATION,,,,,19195,P::J885,exact_state_county,100.0,1.0
P::S1105,S1105,AR,Lonoke,LONOKE,0,05085,KEO EHV,,,,,05085,P::S1105,existing_fips,100.0,1.0
P::M::S1135,S1135,MN,Mower,MOWER,0,27099,ADAMS,West,West,,,27099,P::M::S1135,exact_state_county,100.0,1.0
P::J4129,J4129,MN,Otter Tail,OTTER TAIL,0,27111,ALEXANDRIA BISON 345 0KV,,,,,27111,P::J4129,existing_fips,100.0,1.0
P::M::S1136,S1136,MI,,,0,,,,,,,,P::M::S1136,unmatched,0.0,0.0
P::S1104,S1104,IL,Fayette,FAYETTE,0,17051,RAMSEY,,,,,17051,P::S1104,existing_fips,100.0,1.0
P::J812,J812,MI,van buren,VAN BUREN,0,26159,COVERT PALISADES 345KV LINE,,,,,26159,P::J812,exact_state_county,100.0,1.0
P::J4128,J4128,MI,Eaton,EATON,0,26045,CLINTON INTERCONNECTION,,,,,26045,P::J4128,existing_fips,100.0,1.0
P::M::S1137,S1137,LA,,,0,,,,,,,,P::M::S1137,unmatched,0.0,0.0
P::J884,J884,IL,mclean,MCLEAN,0,17113,BROKAW GIBSON CITY SOUTH 138KV LINE,,,,,17113,P::J884,exact_state_county,100.0,1.0
P::M::S1133,S1133,LA,Sangamon,SANGAMON,0,,343515 CHATHAM MAIN 346555 NORTH AURBURN AMEREN 138 0KV,,,,,,P::M::S1133,unmatched,0.0,0.0
P::S1103,S1103,IL,Perry,PERRY,0,17145,ASTER 138KV STATION,,,,,17145,P::S1103,existing_fips,100.0,1.0
P::J4127,J4127,WI,Barron,BARRON,0,55005,RIDGELAND,,,,,55005,P::J4127,existing_fips,100.0,1.0
P::M::S1139,S1139,MS,,,0,,,,,,,,P::M::S1139,unmatched,0.0,0.0
P::J717,J717,MI,isabella,ISABELLA,0,26073,EDENVILLE JUNCTION TO WARREN 138KV LINE,,,,,26073,P::J717,exact_state_county,100.0,1.0
P::S1102,S1102,IN,Cass,CASS,0,18017,WALTON 230,,,,,18017,P::S1102,existing_fips,100.0,1.0
P::J4126,J4126,MI,Lenawee,LENAWEE,0,26091,MOROCCO ALLEN JUNCTION 345 0KV,,,,,26091,P::J4126,existing_fips,100.0,1.0
P::J883,J883,IN,pulaski,PULASKI,0,18131,MONTICELLO EAST WINAMAC,,,,,18131,P::J883,exact_state_county,100.0,1.0
P::M::S1140,S1140,MN,Clinton,CLINTON,0,,CALAMUS EAST,,,,,,P::M::S1140,unmatched,0.0,0.0
P::S1101,S1101,AR,St. Francis,SAINT FRANCIS,0,05123,BRINKLEY EAST AECC AUBREY 230 0KV,,,,,05123,P::S1101,existing_fips,100.0,1.0
P::M::S1141,S1141,MS,Hinds,HINDS,0,28049,TINNIN ROAD,,,,,28049,P::M::S1141,exact_state_county,100.0,1.0
P::J4125,J4125,MI,Bay,BAY,0,26017,OTHER_,,,,,26017,P::J4125,existing_fips,100.0,1.0
P::M::S1142,S1142,LA,East Feliciana,EAST FELICIANA,0,22037,MOLER COLFEL 230 0KV,South,South,,,22037,P::M::S1142,exact_state_county,100.0,1.0
P::S1100,S1100,AR,Mississippi,MISSISSIPPI,0,05093,BLYTHEVILLE I 55 AECC BLYTHEVILLE NORTH 161 0KV,,,,,05093,P::S1100,existing_fips,100.0,1.0
P::J882,J882,IL,montgomery,MONTGOMERY,0,17135,COFFEEN NORTH 138KV SUBSTATION,,,,,17135,P::J882,exact_state_county,100.0,1.0
P::M::S1138,S1138,MI,,,0,,,,,,,,P::M::S1138,unmatched,0.0,0.0
P::J4124,J4124,TX,Trinity,TRINITY,0,48455,MAGNOLIA GROVETON KICKAPOO L 111 TAP 138 0KV,,,,,48455,P::J4124,existing_fips,100.0,1.0
P::J715,J715,IL,marshall,MARSHALL,0,17123,MCLEAN COUNTY OGLESBY 138KV LINE 1382,,,,,17123,P::J715,exact_state_county,100.0,1.0
P::M::S1132,S1132,WI,Walworth,WALWORTH,0,55127,NORTH CREEK 138KV STATION,,,,,55127,P::M::S1132,exact_state_county,100.0,1.0
P::S1114,S1114,IL,Scott,SCOTT,0,17171,ALSEY GENERATION STATION,,,,,17171,P::S1114,existing_fips,100.0,1.0
P::J889,J889,ND,nelson,NELSON,0,38063,RAMSEY PRAIRIE 230KV LINE TAP,,,,,38063,P::J889,exact_state_county,100.0,1.0
P::J4137,J4137,IL,Pulaski,PULASKI,0,17153,OTHER_,,,,,17153,P::J4137,existing_fips,100.0,1.0
P::M::S1075,S1075,IN,Jasper and Starke,JASPER,1,18073,HINSHAW 345KV,,,,,18073,P::M::S1075,exact_state_county,100.0,1.0
P::S1113,S1113,IA,Franklin,FRANKLIN,0,19069,QUINN,,,,,19069,P::S1113,existing_fips,100.0,1.0
P::J756,J756,IL,logan,LOGAN,0,17107,MASON CITY TO FOGARTY 138KV,,,,,17107,P::J756,exact_state_county,100.0,1.0
P::J4136,J4136,SD,Grant,GRANT,0,46051,BIG STONE SOUTH 345KV,,,,,46051,P::J4136,existing_fips,100.0,1.0
P::M::S1086,S1086,MO,Stoddard,STODDARD,0,29207,STODDARD MORLEY 161KV,,,,,29207,P::M::S1086,exact_state_county,100.0,1.0
P::S1112,S1112,IN,Pike,PIKE,0,18125,CATO 138 69KV FACILITIES ABOVE 100KV,,,,,18125,P::S1112,existing_fips,100.0,1.0
P::J811,J811,IL,fayette,FAYETTE,0,17051,RAMSEY EAST 138KV SUBSTATION,,,,,17051,P::J811,exact_state_county,100.0,1.0
P::J888,J888,MS,george,GEORGE,0,28039,BENNDALE 69KV SUBSTATION,,,,,28039,P::J888,exact_state_county,100.0,1.0
P::J4135,J4135,SD,Grant,GRANT,0,46051,BIG STONE SOUTH 345KV SUBSTATION,,,,,46051,P::J4135,existing_fips,100.0,1.0
P::M::S1087,S1087,,Clinton,CLINTON,0,,ROCK CREEK 345KV,,,,,,P::M::S1087,unmatched,0.0,0.0
P::J4131,J4131,MS,Scott,SCOTT,0,28123,J1347 TO SWITCHYARD 115KV ENTERGY MS SWITCHYARD,,,,,28123,P::J4131,existing_fips,100.0,1.0
P::J714,J714,IN,montgomery,MONTGOMERY,0,18107,FRANKFURT CAYUGA 230KV LINE,,,,,18107,P::J714,exact_state_county,100.0,1.0
P::S1111,S1111,IA,Adair,ADAIR,0,19001,ORIENT,,,,,19001,P::S1111,existing_fips,100.0,1.0
P::J4134,J4134,AR,Ouachita,OUACHITA,0,05103,AECC CAMDEN SOUTH STEPHENS 115 0KV,,,,,05103,P::J4134,existing_fips,100.0,1.0
P::M::S1128,S1128,IL,Sangamon,SANGAMON,0,17167,343515 CHATHAM MAIN 346555 NORTH AURBURN AMEREN 138 0KV,,,,,17167,P::M::S1128,exact_state_county,100.0,1.0
P::J887,J887,IL,knox,KNOX,0,17095,G545 138KV SUBSTATION,,,,,17095,P::J887,exact_state_county,100.0,1.0
P::S1110,S1110,MN,Chisago,CHISAGO,0,27025,CHISAGO COUNTY,,,,,27025,P::S1110,existing_fips,100.0,1.0
P::J4133,J4133,LA,De Soto Parish,DE SOTO,0,22031,DOLET HILLS SUBSTATION,,,,,22031,P::J4133,existing_fips,100.0,1.0
P::M::S1129,S1129,WI,Portage,PORTAGE,0,55097,ARNOTT GOLDEN SANDS 138 0KV,,,,,55097,P::M::S1129,exact_state_county,100.0,1.0
P::M::S1130,S1130,MI,,,0,,,,,,,,P::M::S1130,unmatched,0.0,0.0
P::S1109,S1109,IA,Kossuth,KOSSUTH,0,19109,BISON,,,,,19109,P::S1109,existing_fips,100.0,1.0
P::J4132,J4132,MN,Benton,BENTON,0,27009,MUD LAKE BENTON COUNTY GRE 230KV,,,,,27009,P::J4132,existing_fips,100.0,1.0
P::M::S1131,S1131,IL,Perry,PERRY,0,17145,7JORD 7CMDR 345 0KV,,,,,17145,P::M::S1131,exact_state_county,100.0,1.0
P::J886,J886,WI,manitowoc,MANITOWOC,0,55071,KEWAUNEE 138KV SUBSTATION,,,,,55071,P::J886,exact_state_county,100.0,1.0
P::S1108,S1108,IN,Lagrange,LAGRANGE,0,18087,LAGRANGE,,,,,18087,P::S1108,existing_fips,100.0,1.0
P::M::S1091,S1091,MO,Cape Girardeau,CAPE GIRARDEAU,0,29031,ADNA 345KV,,,,,29031,P::M::S1091,exact_state_county,100.0,1.0
P::J754,J754,IN,montgomery,MONTGOMERY,0,18107,CAYUGA NUCOR 345KV,,,,,18107,P::J754,exact_state_county,100.0,1.0
P::M::S1143,S1143,IL,,,0,,,NO_GROUP,NO_GROUP,,,,P::M::S1143,unmatched,0.0,0.0
P::S1098,S1098,MN,Itasca,ITASCA,0,27061,BOSWELL 230KV,,,,,27061,P::S1098,existing_fips,100.0,1.0
P::M::S1155,S1155,MO,,,0,,,,,,,,P::M::S1155,unmatched,0.0,0.0
P::S1088,S1088,MN,Benton,BENTON,0,27009,GRE BENTON 7 115KV,,,,,27009,P::S1088,existing_fips,100.0,1.0
P::J814,J814,WI,clark,CLARK,0,55019,EAU CLAIRE ARPIN 345KV LINE,,,,,55019,P::J814,exact_state_county,100.0,1.0
P::M::S1156,S1156,TX,,,0,,,,,,,,P::M::S1156,unmatched,0.0,0.0
P::J4115,J4115,WI,Fond Du Lac,FOND DU LAC,0,55039,SOUTH FOND DU LAC FITZGERALD 345 0KV,,,,,55039,P::J4115,existing_fips,100.0,1.0
P::J877,J877,IA,palo alto,PALO ALTO,0,19147,OBRIEN KOSSUTH 345KV LINE J529 J590 NEW SUBSTATION,,,,,19147,P::J877,exact_state_county,100.0,1.0
P::S1085,S1085,MN,Nobles,NOBLES,0,27105,NOBLES COUNTY,,,,,27105,P::S1085,existing_fips,100.0,1.0
P::M::S1157,S1157,TX,,,0,,,,,,,,P::M::S1157,unmatched,0.0,0.0
P::J4114,J4114,IA,Washington,WASHINGTON,0,19183,SUB T HASKINS,,,,,19183,P::J4114,existing_fips,100.0,1.0
P::M::S1158,S1158,WI,Story,STORY,0,,STORY COUNTY,,,,,,P::M::S1158,unmatched,0.0,0.0
P::S1084,S1084,IN,Greene,GREENE,0,18055,WORTHINGTON,,,,,18055,P::S1084,existing_fips,100.0,1.0
P::M::S1159,S1159,WI,,,0,,,NO_GROUP,NO_GROUP,,,,P::M::S1159,unmatched,0.0,0.0
P::J876,J876,MN,faribault,FARIBAULT,0,27043,HUNTLEY 345KV SUB,,,,,27043,P::J876,exact_state_county,100.0,1.0
P::J4116,J4116,WI,Walworth,WALWORTH,0,55127,SUGAR CREEK 345KV,,,,,55127,P::J4116,existing_fips,100.0,1.0
P::J4113,J4113,IA,Cerro Gordo,CERRO GORDO,0,19033,KILLDEER,,,,,19033,P::J4113,existing_fips,100.0,1.0
P::J721,J721,SD,codington,CODINGTON,0,46029,BIG STONE SOUTH SUBSTATION BIG STONE CITY,,,,,46029,P::J721,exact_state_county,100.0,1.0
P::J753,J753,KY,breckinridge,BRECKINRIDGE,0,21027,HARDINSBURG SUB 161KV,,,,,21027,P::J753,exact_state_county,100.0,1.0
P::M::S1160,S1160,SD,,,0,,,NO_GROUP,NO_GROUP,,,,P::M::S1160,unmatched,0.0,0.0
P::J4112,J4112,IL,Rock Island,ROCK ISLAND,0,17161,OAK GROVE SUB 93 LOUISA 345 0KV,,,,,17161,P::J4112,existing_fips,100.0,1.0
P::S1082,S1082,MI,Muskegon,MUSKEGON,0,26121,DU PONT WHITE LAKE 138 0KV,,,,,26121,P::S1082,existing_fips,100.0,1.0
P::M::S1161,S1161,AR,,,0,,,NO_GROUP,NO_GROUP,,,,P::M::S1161,unmatched,0.0,0.0
P::J875,J875,MI,lenawee,LENAWEE,0,26091,PAR RAISIN ROAD 138KV LINE,,,,,26091,P::J875,exact_state_county,100.0,1.0
P::J4111,J4111,AR,Hot Spring,HOT SPRING,0,05059,SHERIDAN EHV MAGNET COVE 500 0KV,,,,,05059,P::J4111,existing_fips,100.0,1.0
P::M::S1162,S1162,AR,,,0,,,NO_GROUP,NO_GROUP,,,,P::M::S1162,unmatched,0.0,0.0
P::S1081,S1081,MI,Muskegon,MUSKEGON,0,26121,DU PONT WHITE LAKE 138 0KV,,,,,26121,P::S1081,existing_fips,100.0,1.0
P::M::S1163,S1163,IN,Newton,NEWTON,0,18111,MORRISON DITCH,Central,Central,,,18111,P::M::S1163,exact_state_county,100.0,1.0
P::J4110,J4110,LA,Lafayette Parish,LAFAYETTE,0,22055,RORK SELLERS ROAD 230 0KV,,,,,22055,P::J4110,existing_fips,100.0,1.0
P::S1080,S1080,MN,Martin,MARTIN,0,27091,RUTLAND,,,,,27091,P::S1080,existing_fips,100.0,1.0
P::S1083,S1083,KY,Hancock,HANCOCK,0,21091,SKILLMAN,,,,,21091,P::S1083,existing_fips,100.0,1.0
P::M::S1154,S1154,MN,,,0,,,NO_GROUP,NO_GROUP,,,,P::M::S1154,unmatched,0.0,0.0
P::S1090,S1090,WI,Kenosha,KENOSHA,0,55059,EAST PARIS,,,,,55059,P::S1090,existing_fips,100.0,1.0
P::J878,J878,WI,kenosha,KENOSHA,0,55059,PARIS 138KV SUBSTATION,,,,,55059,P::J878,exact_state_county,100.0,1.0
P::M::S1144,S1144,MI,,,0,,,,,,,,P::M::S1144,unmatched,0.0,0.0
P::J4123,J4123,MI,Branch,BRANCH,0,26023,WAGNER,,,,,26023,P::J4123,existing_fips,100.0,1.0
P::S1097,S1097,IL,Vermilion,VERMILION,0,17183,TILTON SWITCHYARD,,,,,17183,P::S1097,existing_fips,100.0,1.0
P::J718,J718,MN,fillmore,FILLMORE,0,27045,CHERRY GROVE 69KV SUBSTATION,,,,,27045,P::J718,exact_state_county,100.0,1.0
P::J813,J813,IL,clay,CLAY,0,17025,LOUISVILLE SOUTH SUBSTATION 138KV LINE,,,,,17025,P::J813,exact_state_county,100.0,1.0
P::J881,J881,IL,jasper,JASPER,0,17079,NEWTON 138KV SUBSTATION,,,,,17079,P::J881,exact_state_county,100.0,1.0
P::J4122,J4122,MI,Shiawassee,SHIAWASSEE,0,26155,GOSS,,,,,26155,P::J4122,existing_fips,100.0,1.0
P::M::S1145,S1145,MI,Huron,HURON,0,26063,HARVEST WIND POINT TAP 120KV,NO_GROUP,NO_GROUP,,,26063,P::M::S1145,exact_state_county,100.0,1.0
P::M::S1146,S1146,MI,Muskegon,MUSKEGON,0,26121,DU PONT WHITE LAKE 138 0KV,,,,,26121,P::M::S1146,exact_state_county,100.0,1.0
P::S1096,S1096,WI,Wood,WOOD,0,55141,SARATOGA BADGER WEST 138 0KV,,,,,55141,P::S1096,existing_fips,100.0,1.0
P::J4121,J4121,MS,Washington,WASHINGTON,0,28151,GERALD ANDRUS SES SWYD INDIANOLA 230 115 SUB 230 0KV,,,,,28151,P::J4121,existing_fips,100.0,1.0
P::M::S1147,S1147,MI,,,0,,,NO_GROUP,NO_GROUP,,,,P::M::S1147,unmatched,0.0,0.0
P::S1095,S1095,IL,Perry,PERRY,0,17145,7ASTER 7CMDR 345 0KV,,,,,17145,P::S1095,existing_fips,100.0,1.0
P::J880,J880,ND,ward,WARD,0,38101,MAGIC CITY 230KV SUB,,,,,38101,P::J880,exact_state_county,100.0,1.0
P::M::S1148,S1148,MN,Rock,ROCK,0,27133,MAGNOLIA,NO_GROUP,NO_GROUP,,,27133,P::M::S1148,exact_state_county,100.0,1.0
P::J4120,J4120,MI,Lenawee,LENAWEE,0,26091,OTHER_,,,,,26091,P::J4120,existing_fips,100.0,1.0
P::M::S1149,S1149,IL,,,0,,,NO_GROUP,NO_GROUP,,,,P::M::S1149,unmatched,0.0,0.0
P::S1094,S1094,AR,Crittenden,CRITTENDEN,0,05035,BOB WHITE,,,,,05035,P::S1094,existing_fips,100.0,1.0
P::M::S1150,S1150,IL,,,0,,,NO_GROUP,NO_GROUP,,,,P::M::S1150,unmatched,0.0,0.0
P::J4119,J4119,MS,Rankin,RANKIN,0,28121,RANKIN,,,,,28121,P::J4119,existing_fips,100.0,1.0
P::S1093,S1093,IA,Mitchell,MITCHELL,0,19131,MITCHELL COUNTY,,,,,19131,P::S1093,existing_fips,100.0,1.0
P::J879,J879,MI,baraga,BARAGA,0,26013,NORTH LAKE 138KV SUBSTATION,,,,,26013,P::J879,exact_state_county,100.0,1.0
P::M::S1151,S1151,WI,Jefferson,JEFFERSON,0,55055,UNIVERSITY UWW,,,,,55055,P::M::S1151,exact_state_county,100.0,1.0
P::J4118,J4118,IL,Mclean,MCLEAN,0,17113,RADBOURN 345KV LRTP 41,,,,,17113,P::J4118,existing_fips,100.0,1.0
P::M::S1152,S1152,MO,,,0,,,,,,,,P::M::S1152,unmatched,0.0,0.0
P::S1092,S1092,WI,Lafayette,LAFAYETTE,0,55065,FALCON,,,,,55065,P::S1092,existing_fips,100.0,1.0
P::J720,J720,MN,jackson,JACKSON,0,27063,LAKEFIELD RAUN 345KV LINE,,,,,27063,P::J720,exact_state_county,100.0,1.0
P::M::S1153,S1153,WI,Waushara,WAUSHARA,0,55137,SAND LAKE 138KV,,,,,55137,P::M::S1153,exact_state_county,100.0,1.0
P::J4117,J4117,MN,Goodhue,GOODHUE,0,27049,NORTH ROCHESTER PRAIRIE ISLAND 345 0KV,,,,,27049,P::J4117,existing_fips,100.0,1.0
P::M::S1072,S1072,MN,Sherburne,SHERBURNE,0,27141,SHERBURNE 345KV,,,,,27141,P::M::S1072,exact_state_county,100.0,1.0
P::J707,J707,ND,barnes,BARNES,0,38003,BUFFALO 345KV,,,,,38003,P::J707,exact_state_county,100.0,1.0
P::M::S1069,S1069,MI,Montcalm,MONTCALM,0,26117,EUREKA TO VESTABURG 138KV,,,,,26117,P::M::S1069,exact_state_county,100.0,1.0
P::S1116,S1116,MS,Tallahatchie,TALLAHATCHIE,0,28135,WEBB,,,,,28135,P::S1116,existing_fips,100.0,1.0
P::J4162,J4162,MN,Stearns,STEARNS,0,27145,QUARRY ALEXANDRIA 345 0KV,,,,,27145,P::J4162,existing_fips,100.0,1.0
P::M::R1031,R1031,,,,0,,EDWARDS 138KV,,,,,,P::M::R1031,unmatched,0.0,0.0
P::J902,J902,AR,ashley,ASHLEY,0,05003,AECC MIST TO MONTROSE 115KV LINE,,,,,05003,P::J902,exact_state_county,100.0,1.0
P::M::R1032,R1032,,,,0,,WHEATON SUBSTATION,,,,,,P::M::R1032,unmatched,0.0,0.0
P::J4161,J4161,MN,Watonwan,WATONWAN,0,27165,LAKEFIELD GENERATION SW LAKEFIELD JCT 345 0KV,,,,,27165,P::J4161,existing_fips,100.0,1.0
P::J759,J759,IN,spencer,SPENCER,0,18147,TROY 161KV SUB,,,,,18147,P::J759,exact_state_county,100.0,1.0
P::M::R1034,R1034,,,,0,,ITCM LANSING,,,,,,P::M::R1034,unmatched,0.0,0.0
P::J709,J709,MS,greene,GREENE,0,28041,GREEN SUBSTATION 230KV,,,,,28041,P::J709,exact_state_county,100.0,1.0
P::J4160,J4160,MI,Ottawa,OTTAWA,0,26139,ROOSEVELT,,,,,26139,P::J4160,existing_fips,100.0,1.0
P::M::R1035,R1035,,Massac,MASSAC,0,,JOPPA 161KV,,,,,,P::M::R1035,unmatched,0.0,0.0
P::J901,J901,MN,redwood,REDWOOD,0,27127,LYON COUNTY CEDAR MOUNTAIN LINE,,,,,27127,P::J901,exact_state_county,100.0,1.0
P::M::R1057,R1057,,Jefferson,JEFFERSON,0,,RUSH ISLAND PLANT 345KV SWITCHYARD EXISTING,,,,,,P::M::R1057,unmatched,0.0,0.0
P::J4159,J4159,MI,Ottawa,OTTAWA,0,26139,ROOSEVELT,,,,,26139,P::J4159,existing_fips,100.0,1.0
P::M::R1030,R1030,,,,0,,SLOCUM PSSE BUS 264511,,,,,,P::M::R1030,unmatched,0.0,0.0
P::M::R1058,R1058,,Jefferson,JEFFERSON,0,,RUSH ISLAND PLANT 345KV SWITCHYARD EXISTING BUS NUMBER IN POWER FLOW,,,,,,P::M::R1058,unmatched,0.0,0.0
P::J900,J900,LA,livingston parish,LIVINGSTON,0,22063,COLY VIGNES 230KV LINE,,,,,22063,P::J900,exact_state_county,100.0,1.0
P::J4158,J4158,IL,Dewitt,DEWITT,0,17039,4TABOR 4SCLINTON TP 138 0KV,,,,,17039,P::J4158,existing_fips,100.0,1.0
P::M::R5061,R5061,,Sheboygan,SHEBOYGAN,0,,EDGEWATER 5 345KV,,,,,,P::M::R5061,unmatched,0.0,0.0
P::M::R5068,R5068,,,,0,,,,,,,,P::M::R5068,unmatched,0.0,0.0
P::M::R5073,R5073,,,,0,,,,,,,,P::M::R5073,unmatched,0.0,0.0
P::J4157,J4157,MN,Morrison,MORRISON,0,27097,IRON RIDGE BENTON 345KV,,,,,27097,P::J4157,existing_fips,100.0,1.0
P::M::R5074,R5074,,,,0,,,,,,,,P::M::R5074,unmatched,0.0,0.0
P::J808,J808,IL,randolph,RANDOLPH,0,17157,ASTER SUBSTATION 138KV BUS,,,,,17157,P::J808,exact_state_county,100.0,1.0
P::J899,J899,AR,carroll,CARROLL,0,05015,GREEN FOREST SOUTH HARRISON WEST 161KV,,,,,05015,P::J899,exact_state_county,100.0,1.0
P::J4156,J4156,LA,Ouachita Parish,OUACHITA,0,22073,RILLA RIVERTON 115 0KV,,,,,22073,P::J4156,existing_fips,100.0,1.0
P::M::R5075,R5075,,,,0,,,,,,,,P::M::R5075,unmatched,0.0,0.0
P::M::R5076,R5076,IN,Lake,LAKE,0,18089,SCHAHFER GEN STA ST JOHN 345 0KV,,,,,18089,P::M::R5076,exact_state_county,100.0,1.0
P::J710,J710,LA,lafayette parish,LAFAYETTE,0,22055,DUSON SCOTT LINE 69KV,,,,,22055,P::J710,exact_state_county,100.0,1.0
P::M::R1060,R1060,,Green,GREEN,0,,NORTH MONROE 138KV,,,,,,P::M::R1060,unmatched,0.0,0.0
P::J4155,J4155,IA,Linn,LINN,0,19113,PRAIRIE CREEK STONY POINT 115KV,,,,,19113,P::J4155,existing_fips,100.0,1.0
P::J807,J807,WI,lafayette,LAFAYETTE,0,55065,DARLINGTON HILLMAN 138KV LINE FALCON SUBSTATION J395,,,,,55065,P::J807,exact_state_county,100.0,1.0
P::M::R1027,R1027,,Linn County,LINN,0,,ITC DAEC SUBSTATION 161KV,,,,,,P::M::R1027,unmatched,0.0,0.0
P::M::J4262,J4262,,Tazewell,TAZEWELL,0,,TAZEWELL,Central,Central,,,,P::M::J4262,unmatched,0.0,0.0
P::M::R1008,R1008,,Adair,ADAIR,0,,J499 ARBOR HILLS,,,,,,P::M::R1008,unmatched,0.0,0.0
P::J806,J806,MI,calhoun,CALHOUN,0,26025,RICE CREEK VROOMAN 138KV LINE TAP,,,,,26025,P::J806,exact_state_county,100.0,1.0
P::J4170,J4170,ND,Richland,RICHLAND,0,38077,HANKINSON WAHPETON 230 0KV,,,,,38077,P::J4170,existing_fips,100.0,1.0
P::J760,J760,WI,rock,ROCK,0,55105,NEW KITTY HAWK 345KV SUBSTATION,,,,,55105,P::J760,exact_state_county,100.0,1.0
P::M::R1009,R1009,,Montmorency,MONTMORENCY,0,,CONSUMERS ENERGY 138KV PROGRESS ST SUBSTATION,,,,,,P::M::R1009,unmatched,0.0,0.0
P::J906,J906,MI,muskegon,MUSKEGON,0,26121,KENOWA LUDINGTON 345KV LINE TAP,,,,,26121,P::J906,exact_state_county,100.0,1.0
P::M::R1010,R1010,,Marathon,MARATHON,0,,,,,,,,P::M::R1010,unmatched,0.0,0.0
P::J4169,J4169,MI,Dickinson,DICKINSON,0,26043,NORDIC,,,,,26043,P::J4169,existing_fips,100.0,1.0
P::M::R1013,R1013,,Posey,POSEY,0,,AB BROWN 138KV SUBSTATION,,,,,,P::M::R1013,unmatched,0.0,0.0
P::M::R1014,R1014,,,,0,,EDGEWATER 345KV,,,,,,P::M::R1014,unmatched,0.0,0.0
P::J4168,J4168,MN,Goodhue,GOODHUE,0,27049,NROC 3 601039 TO PR ISLD3 601003 345KV LINE,,,,,27049,P::J4168,existing_fips,100.0,1.0
P::M::R1017,R1017,,Des Moines,DES MOINES,0,,BURLINGTON 161KV,,,,,,P::M::R1017,unmatched,0.0,0.0
P::M::R1028,R1028,,,,0,,,,,,,,P::M::R1028,unmatched,0.0,0.0
P::J905,J905,MN,pipestone,PIPESTONE,0,27117,BUFFALO RIDGE 115KV SUBSTATION,,,,,27117,P::J905,exact_state_county,100.0,1.0
P::J4167,J4167,MI,Allegan,ALLEGAN,0,26005,ARGENTA,,,,,26005,P::J4167,existing_fips,100.0,1.0
P::M::R1021,R1021,,Pike,PIKE,0,,PETERSBURG 345KV SUBSTATION,,,,,,P::M::R1021,unmatched,0.0,0.0
P::M::R1022,R1022,,Pike,PIKE,0,,PETERSBURG 345KV SUBSTATION,,,,,,P::M::R1022,unmatched,0.0,0.0
P::J708,J708,IN,posey,POSEY,0,18129,AB BROWN 138KV SUB,,,,,18129,P::J708,exact_state_county,100.0,1.0
P::J4166,J4166,LA,Iberville Parish,IBERVILLE,0,22047,COMMODORE 500KV SUBSTATION,,,,,22047,P::J4166,existing_fips,100.0,1.0
P::J904,J904,AR,ashley,ASHLEY,0,05003,HAMBURG MIST 115KV LINE,,,,,05003,P::J904,exact_state_county,100.0,1.0
P::M::R1023,R1023,,Jackson,JACKSON,0,,,,,,,,P::M::R1023,unmatched,0.0,0.0
P::M::R1024,R1024,,Posey,POSEY,0,,A B BROWN 138KV SUBSTATION,,,,,,P::M::R1024,unmatched,0.0,0.0
P::J4165,J4165,WI,Kenosha,KENOSHA,0,55059,OTHER_,,,,,55059,P::J4165,existing_fips,100.0,1.0
P::M::R1025,R1025,,Williamson,WILLIAMSON,0,,MARION UNIT 4 MAIN BUS,,,,,,P::M::R1025,unmatched,0.0,0.0
P::M::R1026,R1026,,Linn County,LINN,0,,ITC DAEC SUBSTATION 161KV,,,,,,P::M::R1026,unmatched,0.0,0.0
P::J903,J903,IN,henry,HENRY,0,18065,GREENSBORO 138KV SUBSTATION,,,,,18065,P::J903,exact_state_county,100.0,1.0
P::J4164,J4164,WI,Dane,DANE,0,55025,NORTH MADISON 345 138KV,,,,,55025,P::J4164,existing_fips,100.0,1.0
P::M::R1020,R1020,,Linn,LINN,0,,ITC DAEC SUBSTATION 161KV,,,,,,P::M::R1020,unmatched,0.0,0.0
P::M::R5077,R5077,,,,0,,,,,,,,P::M::R5077,unmatched,0.0,0.0
P::M::R5078,R5078,,,,0,,,,,,,,P::M::R5078,unmatched,0.0,0.0
P::J898,J898,IA,howard,HOWARD,0,19089,RICE BEAVER CREEK 161KV LINE TAP,,,,,19089,P::J898,exact_state_county,100.0,1.0
P::M::R5095,R5095,,,,0,,,NO_GROUP,NO_GROUP,,,,P::M::R5095,unmatched,0.0,0.0
P::J712,J712,WI,iowa,IOWA,0,55049,HILL VALLEY 138KV SUBSTATION,,,,,55049,P::J712,exact_state_county,100.0,1.0
P::J893,J893,AR,white,WHITE,0,05145,SEARCY PRICE SUB 161KV,,,,,05145,P::J893,exact_state_county,100.0,1.0
P::M::R5096,R5096,,Mississippi,MISSISSIPPI,0,,AECC DELL EAST BLYTHEVILLE ELM ST 161KV,NO_GROUP,NO_GROUP,,,,P::M::R5096,unmatched,0.0,0.0
P::J4144,J4144,WI,Columbia,COLUMBIA,0,55021,COLUMBIA,,,,,55021,P::J4144,existing_fips,100.0,1.0
P::M::R5098,R5098,,,,0,,,NO_GROUP,NO_GROUP,,,,P::M::R5098,unmatched,0.0,0.0
P::S1126,S1126,IN,Knox,KNOX,0,18083,EDWARDSPORT STATION IGCC,,,,,18083,P::S1126,existing_fips,100.0,1.0
P::J4143,J4143,LA,West Carroll Parish,WEST CARROLL,0,22123,DARNELL,,,,,22123,P::J4143,existing_fips,100.0,1.0
P::J892,J892,WI,walworth,WALWORTH,0,55127,BLUFF CREEK TAP TO SUGAR CREEK 138KV LINE TAP,,,,,55127,P::J892,exact_state_county,100.0,1.0
P::M::R5099,R5099,,Liberty,LIBERTY,0,,COLONY PLUM GROVE 230KV,NO_GROUP,NO_GROUP,,,,P::M::R5099,unmatched,0.0,0.0
P::S1125,S1125,AR,St. Francis,SAINT FRANCIS,0,05123,WEST MEMPHIS EHV KEO EHV 500 0KV,,,,,05123,P::S1125,existing_fips,100.0,1.0
P::J4142,J4142,LA,Franklin Parish,FRANKLIN,0,22041,GILBERT 115KV,,,,,22041,P::J4142,existing_fips,100.0,1.0
P::M::R5100,R5100,,Hot Spring,HOT SPRING,0,,ARKLAHOMA 115KV,NO_GROUP,NO_GROUP,,,,P::M::R5100,unmatched,0.0,0.0
P::J4145,J4145,IA,Cerro Gordo,CERRO GORDO,0,19033,EMERY,,,,,19033,P::J4145,existing_fips,100.0,1.0
P::M::S1034,S1034,WI,Dodge,DODGE,0,55027,NORTH BEAVER DAM 69KV BUS 698222,,,,,55027,P::M::S1034,exact_state_county,100.0,1.0
P::S1123,S1123,LA,Beauregard Parish,BEAUREGARD,0,22011,COLE PENTON ROAD 230 0KV,,,,,22011,P::S1123,existing_fips,100.0,1.0
P::J4141,J4141,LA,Morehouse Parish,MOREHOUSE,0,22067,BAXTER WILSON SES SWYD PERRYVILLE 500 SWYD 500 0KV,,,,,22067,P::J4141,existing_fips,100.0,1.0
P::J891,J891,MN,pipestone,PIPESTONE,0,27117,BUFFALO RIDGE PIPESTONE 115KV LINE TAP,,,,,27117,P::J891,exact_state_county,100.0,1.0
P::M::S1045,S1045,ND,Emmons,EMMONS,0,38029,NAPOLEON SW 230KV 661091,,,,,38029,P::M::S1045,exact_state_county,100.0,1.0
P::S1120,S1120,IN,Knox,KNOX,0,18083,EDWARDSPORT WASHINGTON MUN,,,,,18083,P::S1120,existing_fips,100.0,1.0
P::J4140,J4140,LA,Ouachita Parish,OUACHITA,0,22073,COTTON,,,,,22073,P::J4140,existing_fips,100.0,1.0
P::M::S1055,S1055,MN,Beltrami,BELTRAMI,0,27007,WILTON ENDPOINT 1 TO BAGLEY ENDPOINT 2 115KV,,,,,27007,P::M::S1055,exact_state_county,100.0,1.0
P::J713,J713,ND,oliver,OLIVER,0,38065,SQUARE BUTTE EAST 230KV SUBSTATION,,,,,38065,P::J713,exact_state_county,100.0,1.0
P::M::S1056,S1056,WI,Columbia,COLUMBIA,0,55021,COLUMBIA 345KV,,,,,55021,P::M::S1056,exact_state_county,100.0,1.0
P::S1117,S1117,MO,New Madrid,NEW MADRID,0,29143,MARSTON 161KV,,,,,29143,P::S1117,existing_fips,100.0,1.0
P::J4139,J4139,AR,Nevada,NEVADA,0,05099,EMMET SS HOPE EAST SS 115 0KV,,,,,05099,P::J4139,existing_fips,100.0,1.0
P::J890,J890,MI,presque isle,PRESQUE ISLE,0,26141,PORT CALCITE RIGGSVILLE 138KV LINE,,,,,26141,P::J890,exact_state_county,100.0,1.0
P::M::S1060,S1060,MI,Shiawasse,SHIAWASSE,0,26155,GROSS 138KV BUS 256155,,,,,26155,P::M::S1060,fuzzy_same_state,94.73684210526316,0.9473684210526316
P::J810,J810,IA,audubon,AUDUBON,0,19009,ATLANTIC TO ADAIR 161KV LINE,,,,,19009,P::J810,exact_state_county,100.0,1.0
P::J757,J757,IL,morgan,MORGAN,0,17137,AUSTIN MEREDOSIA 345KV LINE,,,,,17137,P::J757,exact_state_county,100.0,1.0
P::M::R5094,R5094,,,,0,,,NO_GROUP,NO_GROUP,,,,P::M::R5094,unmatched,0.0,0.0
P::M::R5093,R5093,LA,St. James,SAINT JAMES,0,22093,VACHERIE,NO_GROUP,NO_GROUP,,,22093,P::M::R5093,exact_state_county,100.0,1.0
P::J4154,J4154,MS,Madison,MADISON,0,28089,ANDES SUBSTATION,,,,,28089,P::J4154,existing_fips,100.0,1.0
P::M::R5079,R5079,,,,0,,,,,,,,P::M::R5079,unmatched,0.0,0.0
P::M::R5080,R5080,,,,0,,CROOKED LAKE,,,,,,P::M::R5080,unmatched,0.0,0.0
P::J758,J758,MI,calhoun,CALHOUN,0,26025,VERONA FOUNDRY 138KV,,,,,26025,P::J758,exact_state_county,100.0,1.0
P::J4153,J4153,SD,Grant,GRANT,0,46051,BIG STONE SOUTH 345KV SUBSTATION,,,,,46051,P::J4153,existing_fips,100.0,1.0
P::M::R5081,R5081,MN,Mower,MOWER,0,27099,ADAMS,,,,,27099,P::M::R5081,exact_state_county,100.0,1.0
P::J897,J897,ND,grand forks,GRAND FORKS,0,38035,PRAIRIE RAMSEY 230KV LINE,,,,,38035,P::J897,exact_state_county,100.0,1.0
P::M::R5082,R5082,,,,0,,,,,,,,P::M::R5082,unmatched,0.0,0.0
P::J4152,J4152,MN,Redwood,REDWOOD,0,27127,CEDAR MOUNTAIN LYON COUNTY 345 0KV,,,,,27127,P::J4152,existing_fips,100.0,1.0
P::M::R5083,R5083,LA,St. James,SAINT JAMES,0,22093,CHACKBAY VACHERIE 230 0KV,,,,,22093,P::M::R5083,exact_state_county,100.0,1.0
P::M::R5084,R5084,LA,Iberville,IBERVILLE,0,22047,DONALDSONVILLE EVERGREEN 230 0KV,,,,,22047,P::M::R5084,exact_state_county,100.0,1.0
P::M::R5085,R5085,,,,0,,,,,,,,P::M::R5085,unmatched,0.0,0.0
P::J4151,J4151,MN,Redwood,REDWOOD,0,27127,CEDAR MOUNTAIN LYON COUNTY 345 0KV,,,,,27127,P::J4151,existing_fips,100.0,1.0
P::J896,J896,IA,crawford,CRAWFORD,0,19047,VICTORY 161KV SUBSTATION,,,,,19047,P::J896,exact_state_county,100.0,1.0
P::J711,J711,MI,baraga,BARAGA,0,26013,SILVER RIVER 138KV,,,,,26013,P::J711,exact_state_county,100.0,1.0
P::M::R5086,R5086,LA,Pointe Coupee,POINTE COUPEE,0,22077,BIG CAJUN II 500KV SUBSTATION,,,,,22077,P::M::R5086,exact_state_county,100.0,1.0
P::J4150,J4150,IA,Cass,CASS,0,19029,ATLANTIC ADAIR 161 0KV,,,,,19029,P::J4150,existing_fips,100.0,1.0
P::M::R5087,R5087,IL,Washington,WASHINGTON,0,17189,4JORD 4ASHLEY 138 0KV,,,,,17189,P::M::R5087,exact_state_county,100.0,1.0
P::M::R5088,R5088,LA,Calcasieu,CALCASIEU,0,22019,GOOS FERRY,,,,,22019,P::M::R5088,exact_state_county,100.0,1.0
P::J809,J809,MI,ottawa,OTTAWA,0,26139,BASS CREEK BLACK RIVER 138KV LINE TAP,,,,,26139,P::J809,exact_state_county,100.0,1.0
P::J4149,J4149,SD,Grant,GRANT,0,46051,BIG STONE SOUTH 345KV SUBSTATION,,,,,46051,P::J4149,existing_fips,100.0,1.0
P::J895,J895,AR,lonoke,LONOKE,0,05085,CARLISLE LONOKE EAST 115KV LINE TAP,,,,,05085,P::J895,exact_state_county,100.0,1.0
P::M::R5089,R5089,,,,0,,,,,,,,P::M::R5089,unmatched,0.0,0.0
P::M::R5090,R5090,,,,0,,,,,,,,P::M::R5090,unmatched,0.0,0.0
P::J4148,J4148,MN,Clay,CLAY,0,27027,ALEXANDRIA BISON 345 0KV,,,,,27027,P::J4148,existing_fips,100.0,1.0
P::M::R5091,R5091,,,,0,,,,,,,,P::M::R5091,unmatched,0.0,0.0
P::M::R5092,R5092,,Washington,WASHINGTON,0,,4JORD 4ASHLEY 138 0KV,NO_GROUP,NO_GROUP,,,,P::M::R5092,unmatched,0.0,0.0
P::J894,J894,AR,woodruff,WOODRUFF,0,05147,MCCRORY MOSES 161KV SUBSTATION,,,,,05147,P::J894,exact_state_county,100.0,1.0
P::J4147,J4147,MN,Clay,CLAY,0,27027,ALEXANDRIA BISON 345 0KV,,,,,27027,P::J4147,existing_fips,100.0,1.0
P::J4138,J4138,LA,Iberville Parish,IBERVILLE,0,22047,WEBRE,,,,,22047,P::J4138,existing_fips,100.0,1.0
P::S1038,S1038,MI,Shiawassee,SHIAWASSEE,0,26155,GROSS 138KV,,,,,26155,P::S1038,existing_fips,100.0,1.0
P::J1582,J1582,WI,st. croix,SAINT CROIX,0,55109,PINE LAKE TO THREE LAKES 115KV,,,,,55109,P::J1582,exact_state_county,100.0,1.0
P::J3996,J3996,MO,St. Charles,SAINT CHARLES,0,29183,SIOUX,,,,,29183,P::J3996,existing_fips,100.0,1.0
P::J2004,J2004,IN,fountain,FOUNTAIN,0,18045,OTHER_,,,,,18045,P::J2004,exact_state_county,100.0,1.0
P::J2003,J2003,SD,deuel,DEUEL,0,46039,ASTORIA 345KV,,,,,46039,P::J2003,exact_state_county,100.0,1.0
P::J2002,J2002,IA,washington,WASHINGTON,0,19183,SUB T HASKINS,,,,,19183,P::J2002,exact_state_county,100.0,1.0
P::J2001,J2001,MI,newaygo,NEWAYGO,0,26123,KENOWA LUDINGTON 345 0KV,,,,,26123,P::J2001,exact_state_county,100.0,1.0
P::J2000,J2000,IN,montgomery,MONTGOMERY,0,18107,FRANKFORT TO CAYUGA 230KV,,,,,18107,P::J2000,exact_state_county,100.0,1.0
P::J1999,J1999,LA,rapides,RAPIDES,0,22079,RODEMACHER,,,,,22079,P::J1999,exact_state_county,100.0,1.0
P::J1998,J1998,IA,franklin,FRANKLIN,0,19069,NUTHATCH SWITCHING STATION,,,,,19069,P::J1998,exact_state_county,100.0,1.0
P::J1997,J1997,LA,beauregard,BEAUREGARD,0,22011,NELSON EES LONGVILLE 138KV,,,,,22011,P::J1997,exact_state_county,100.0,1.0
P::J1996,J1996,WI,shawano,SHAWANO,0,55115,WEST SHAWANO 138KV BADGER 138KV,,,,,55115,P::J1996,exact_state_county,100.0,1.0
P::J1995,J1995,LA,richland,RICHLAND,0,22083,DUNN OAK RIDGE LA 115 0KV,,,,,22083,P::J1995,exact_state_county,100.0,1.0
P::J1994,J1994,WI,fond du lac,FOND DU LAC,0,55039,METOMEN 138KV,,,,,55039,P::J1994,exact_state_county,100.0,1.0
P::J1993,J1993,WI,columbia,COLUMBIA,0,55021,COLUMBIA SOUTH FOND DU LAC 345 0KV,,,,,55021,P::J1993,exact_state_county,100.0,1.0
P::J1992,J1992,AR,lonoke,LONOKE,0,05085,GENPOWER KEO 500KV,,,,,05085,P::J1992,exact_state_county,100.0,1.0
P::J1991,J1991,AR,lonoke,LONOKE,0,05085,GENPOWER KEO 500KV,,,,,05085,P::J1991,exact_state_county,100.0,1.0
P::J1990,J1990,ND,stutsman,STUTSMAN,0,38093,ELLENDALE 345KV,,,,,38093,P::J1990,exact_state_county,100.0,1.0
P::J1989,J1989,SD,brown,BROWN,0,46013,ELLENDALE 345 TWIN BROOKS 345 0KV,,,,,46013,P::J1989,exact_state_county,100.0,1.0
P::J1988,J1988,MS,coahoma,COAHOMA,0,28027,ROUNDAWAY CEPA 115KV,,,,,28027,P::J1988,exact_state_county,100.0,1.0
P::J1987,J1987,MI,washtenaw,WASHTENAW,0,26161,COVENTRY,,,,,26161,P::J1987,exact_state_county,100.0,1.0
P::J1986,J1986,MO,st. charles,SAINT CHARLES,0,29183,MONTGOMERY 161KV,,,,,29183,P::J1986,exact_state_county,100.0,1.0
P::J2005,J2005,SD,deuel,DEUEL,0,46039,ASTORIA 345KV,,,,,46039,P::J2005,exact_state_county,100.0,1.0
P::J1985,J1985,LA,tangipahoa,TANGIPAHOA,0,22105,CHICKEN FARM AMITE,,,,,22105,P::J1985,exact_state_county,100.0,1.0
P::J2006,J2006,AR,arkansas,ARKANSAS,0,05001,ROBERT E RITCHIE STUTTGART RCUSKEY 230KV,,,,,05001,P::J2006,exact_state_county,100.0,1.0
P::J2008,J2008,MO,callaway,CALLAWAY,0,29027,7MCCREDIE 7MONTGMRY 345 0KV,,,,,29027,P::J2008,exact_state_county,100.0,1.0
P::J2027,J2027,MN,dakota,DAKOTA,0,27037,CHUB LAKE 304JB21 22 HAMPTON 8S50 51 345 0KV,,,,,27037,P::J2027,exact_state_county,100.0,1.0
P::J2026,J2026,MI,gratiot,GRATIOT,0,26057,REGAL,,,,,26057,P::J2026,exact_state_county,100.0,1.0
P::J2025,J2025,LA,st. james,SAINT JAMES,0,22093,VACHERIE 230KV,,,,,22093,P::J2025,exact_state_county,100.0,1.0
P::J2024,J2024,TX,hardin,HARDIN,0,48199,CYPRESS 230KV,,,,,48199,P::J2024,exact_state_county,100.0,1.0
P::J2023,J2023,MS,amite,AMITE,0,28005,GLOSTER TO LIBERTY 138KV,,,,,28005,P::J2023,exact_state_county,100.0,1.0
P::J2022,J2022,MN,mower,MOWER,0,27099,PLEASANT VALLEY 345KV SUBSTATION,,,,,27099,P::J2022,exact_state_county,100.0,1.0
P::J2021,J2021,WI,trempealeau,TREMPEALEAU,0,55121,TREMVAL 69KV,,,,,55121,P::J2021,exact_state_county,100.0,1.0
P::J2020,J2020,LA,beauregard,BEAUREGARD,0,22011,CLECO COOPER PENTON ROAD 230KV LINE,,,,,22011,P::J2020,exact_state_county,100.0,1.0
P::J2019,J2019,ND,rolette,ROLETTE,0,38079,RUGBY GLENBOROUGH 230KV LINE,,,,,38079,P::J2019,exact_state_county,100.0,1.0
P::J2018,J2018,WI,clark,CLARK,0,55019,EAU CLAIRE ARPIN 345KV,,,,,55019,P::J2018,exact_state_county,100.0,1.0
P::J2017,J2017,KY,daviess,DAVIESS,0,21059,F B CULLEY NORTHEAST 138KV,,,,,21059,P::J2017,exact_state_county,100.0,1.0
P::J2016,J2016,KY,daviess,DAVIESS,0,21059,F B CULLEY TO NORTHEAST,,,,,21059,P::J2016,exact_state_county,100.0,1.0
P::J2015,J2015,MS,tunica,TUNICA,0,28143,LULA TUNICA SAME POI AS J1440,,,,,28143,P::J2015,exact_state_county,100.0,1.0
P::J2014,J2014,WI,clark,CLARK,0,55019,EAU CLAIRE ARPIN 345KV,,,,,55019,P::J2014,exact_state_county,100.0,1.0
P::J2013,J2013,LA,tangipahoa,TANGIPAHOA,0,22105,CHICKEN FARM AMITE,,,,,22105,P::J2013,exact_state_county,100.0,1.0
P::J2012,J2012,LA,tangipahoa,TANGIPAHOA,0,22105,CHICKEN FARM AMITE,,,,,22105,P::J2012,exact_state_county,100.0,1.0
P::J2011,J2011,LA,morehouse,MOREHOUSE,0,22067,BASTROP TAP 115KV,,,,,22067,P::J2011,exact_state_county,100.0,1.0
P::J2010,J2010,AR,arkansas,ARKANSAS,0,05001,STUTTGART RICUSKEY WOODWARD 230 SUB 230 0KV,,,,,05001,P::J2010,exact_state_county,100.0,1.0
P::J2009,J2009,AR,arkansas,ARKANSAS,0,05001,ROBERT E RITCHIE STUTTGART RCUSKEY 230KV,,,,,05001,P::J2009,exact_state_county,100.0,1.0
P::J2007,J2007,AR,lonoke,LONOKE,0,05085,GENPOWER KEO 500KV,,,,,05085,P::J2007,exact_state_county,100.0,1.0
P::J1984,J1984,MI,ottawa,OTTAWA,0,26139,TALLMADGE 138KV,,,,,26139,P::J1984,exact_state_county,100.0,1.0
P::J1983,J1983,WI,dane,DANE,0,55025,N MADISON 69KV,,,,,55025,P::J1983,exact_state_county,100.0,1.0
P::J1982,J1982,MI,gladwin,GLADWIN,0,26051,OTHER_,,,,,26051,P::J1982,exact_state_county,100.0,1.0
P::J1957,J1957,MS,coahoma,COAHOMA,0,28027,CLARKSDALE ROUNDAWAY 115KV CO LOCATED WITH J2284,,,,,28027,P::J1957,exact_state_county,100.0,1.0
P::J1956,J1956,LA,st. john the baptist,SAINT JOHN THE BAPTIST,0,22095,WATERFORD 230KV,,,,,22095,P::J1956,exact_state_county,100.0,1.0
P::J1955,J1955,WI,walworth,WALWORTH,0,55127,SW DELAVAN 138KV,,,,,55127,P::J1955,exact_state_county,100.0,1.0
P::J1954,J1954,WI,walworth,WALWORTH,0,55127,SW DELAVAN 138KV,,,,,55127,P::J1954,exact_state_county,100.0,1.0
P::J1953,J1953,LA,concordia,CONCORDIA,0,22029,RED GUM 115KV,,,,,22029,P::J1953,exact_state_county,100.0,1.0
P::J1952,J1952,IA,cerro gordo,CERRO GORDO,0,19033,EMERY FLOYD 161KV,,,,,19033,P::J1952,exact_state_county,100.0,1.0
P::J1951,J1951,MI,monroe,MONROE,0,26115,LEMOYNE MAJESTIC 345KV,,,,,26115,P::J1951,exact_state_county,100.0,1.0
P::J1950,J1950,IN,gibson,GIBSON,0,18051,FRANCISCO TOYOTA 138KV,,,,,18051,P::J1950,exact_state_county,100.0,1.0
P::J1949,J1949,MI,antrim,ANTRIM,0,26009,MANCELONA WESTWOOD 69KV,,,,,26009,P::J1949,exact_state_county,100.0,1.0
P::J1948,J1948,MO,marion,MARION,0,29127,HANNIBAL WEST,,,,,29127,P::J1948,exact_state_county,100.0,1.0
P::J1947,J1947,IN,fountain,FOUNTAIN,0,18045,OTHER_,,,,,18045,P::J1947,exact_state_county,100.0,1.0
P::J1946,J1946,MS,jasper,JASPER,0,28061,230KV MISSIONARY SUBSTATION,,,,,28061,P::J1946,exact_state_county,100.0,1.0
P::J1945,J1945,WI,portage,PORTAGE,0,55097,WERNER WEST ROCKY RUN 345KV,,,,,55097,P::J1945,exact_state_county,100.0,1.0
P::J1944,J1944,MI,sanilac,SANILAC,0,26151,GREENWOOD RAPSON BANNER 345 0KV,,,,,26151,P::J1944,exact_state_county,100.0,1.0
P::J1943,J1943,WI,columbia,COLUMBIA,0,55021,COLUMBIA NORTH MADISON 345 138KV 345 0KV,,,,,55021,P::J1943,exact_state_county,100.0,1.0
P::J1942,J1942,MI,monroe,MONROE,0,26115,SEVILLE TP NILES TP 120KV,,,,,26115,P::J1942,exact_state_county,100.0,1.0
P::J1941,J1941,MN,polk,POLK,0,27119,CROOKSTON,,,,,27119,P::J1941,exact_state_county,100.0,1.0
P::J1940,J1940,MI,monroe,MONROE,0,26115,MONROE LALLENDORF 345KV TRANSMISSION LINE,,,,,26115,P::J1940,exact_state_county,100.0,1.0
P::J1939,J1939,MI,saginaw,SAGINAW,0,26145,CORNELL LAYTON 138 0KV,,,,,26145,P::J1939,exact_state_county,100.0,1.0
P::J1958,J1958,LA,st. john the baptist,SAINT JOHN THE BAPTIST,0,22095,WATERFORD 230KV,,,,,22095,P::J1958,exact_state_county,100.0,1.0
P::J1959,J1959,LA,st. john the baptist,SAINT JOHN THE BAPTIST,0,22095,WATERFORD VACHERIE 230KV,,,,,22095,P::J1959,exact_state_county,100.0,1.0
P::J1960,J1960,IN,porter,PORTER,0,18127,STARKE FLINT LAKE 138KV,,,,,18127,P::J1960,exact_state_county,100.0,1.0
P::J1961,J1961,ND,cass,CASS,0,38017,BUFFALO 115KV,,,,,38017,P::J1961,exact_state_county,100.0,1.0
P::J1981,J1981,IN,gibson,GIBSON,0,18051,FRANCISCO TOYOTA 138KV,,,,,18051,P::J1981,exact_state_county,100.0,1.0
P::J1980,J1980,MI,kent,KENT,0,26081,VERGENNES 138KV,,,,,26081,P::J1980,exact_state_county,100.0,1.0
P::J1979,J1979,IA,chickasaw,CHICKASAW,0,19037,HAZLETON MITCHELL COUNTY 345KV LINE,,,,,19037,P::J1979,exact_state_county,100.0,1.0
P::J1978,J1978,IA,pocahontas,POCAHONTAS,0,19151,LEMARS TAP LITTLE SIOUX 161KV,,,,,19151,P::J1978,exact_state_county,100.0,1.0
P::J1977,J1977,MI,washtenaw,WASHTENAW,0,26161,TRENTON 120KV,,,,,26161,P::J1977,exact_state_county,100.0,1.0
P::J1976,J1976,IN,porter,PORTER,0,18127,STARKE FLINT LAKE 138KV,,,,,18127,P::J1976,exact_state_county,100.0,1.0
P::J1975,J1975,IL,coles,COLES,0,17029,MATTOON WEST,,,,,17029,P::J1975,exact_state_county,100.0,1.0
P::J1974,J1974,IL,coles,COLES,0,17029,MATTOON WEST,,,,,17029,P::J1974,exact_state_county,100.0,1.0
P::J1973,J1973,IL,champaign,CHAMPAIGN,0,17019,4SIDNEY 1 4MIRA TAP 138 0KV,,,,,17019,P::J1973,exact_state_county,100.0,1.0
P::J2028,J2028,AR,crittenden,CRITTENDEN,0,05035,KUHN RD TO PARKIN,,,,,05035,P::J2028,exact_state_county,100.0,1.0
P::J1972,J1972,IA,des moines,DES MOINES,0,19057,DENMARK NEWPORT,,,,,19057,P::J1972,exact_state_county,100.0,1.0
P::J1970,J1970,IL,champaign,CHAMPAIGN,0,17019,4SIDNEY 1 4MIRA TAP 138 0KV,,,,,17019,P::J1970,exact_state_county,100.0,1.0
P::J1969,J1969,MI,monroe,MONROE,0,26115,LEMOYNE MAJESTIC 345KV,,,,,26115,P::J1969,exact_state_county,100.0,1.0
P::J1968,J1968,MN,polk,POLK,0,27119,CROOKSTON,,,,,27119,P::J1968,exact_state_county,100.0,1.0
P::J1967,J1967,IL,champaign,CHAMPAIGN,0,17019,RANTOUL EAST 138KV,,,,,17019,P::J1967,exact_state_county,100.0,1.0
P::J1966,J1966,IN,clinton,CLINTON,0,18023,CAYUGA FRANKFORT 230 0KV,,,,,18023,P::J1966,exact_state_county,100.0,1.0
P::J1965,J1965,MO,callaway,CALLAWAY,0,29027,7MCCREDIE 7MONTGMRY 345 0KV,,,,,29027,P::J1965,exact_state_county,100.0,1.0
P::J1964,J1964,WI,columbia,COLUMBIA,0,55021,N MADISON COLUMBIA,,,,,55021,P::J1964,exact_state_county,100.0,1.0
P::J1963,J1963,TX,polk,POLK,0,48373,LIVINGSTON RICH 138KV,,,,,48373,P::J1963,exact_state_county,100.0,1.0
P::J1962,J1962,TX,polk,POLK,0,48373,LIVINGSTON RICH 138KV,,,,,48373,P::J1962,exact_state_county,100.0,1.0
P::J1971,J1971,WI,dane,DANE,0,55025,CARDINAL,,,,,55025,P::J1971,exact_state_county,100.0,1.0
P::J2029,J2029,MI,marquette,MARQUETTE,0,26103,PERCH LAKE,,,,,26103,P::J2029,exact_state_county,100.0,1.0
P::J203,J203,MI,sanilac,SANILAC,0,26151,GREENWOOD BANNER 345KV LINE TAP,,,,,26151,P::J203,exact_state_county,100.0,1.0
P::J2030,J2030,MN,isanti,ISANTI,0,27059,ISANTTI TAP TO ATHNSSW 69KV,,,,,27059,P::J2030,exact_state_county,100.0,1.0
P::J2096,J2096,LA,terrebonne,TERREBONNE,0,22109,SCHRIEVER 230KV SUBSTATION,,,,,22109,P::J2096,exact_state_county,100.0,1.0
P::J2095,J2095,IA,tama,TAMA,0,19171,BELLE PLAINE JUNCTION TO TOLEDO TRANSMISSION,,,,,19171,P::J2095,exact_state_county,100.0,1.0
P::J2094,J2094,ND,sargent,SARGENT,0,38081,FORMAN 230KV SUBSTATION,,,,,38081,P::J2094,exact_state_county,100.0,1.0
P::J2093,J2093,AR,crittenden,CRITTENDEN,0,05035,WEST MEMPHIS TO HUGHES 161KV LINE TAP,,,,,05035,P::J2093,exact_state_county,100.0,1.0
P::J2092,J2092,MN,wright,WRIGHT,0,27171,DICKINSON SUB,,,,,27171,P::J2092,exact_state_county,100.0,1.0
P::J2091,J2091,MS,desoto,DESOTO,0,28033,TWINKLETOWN 230KV,,,,,28033,P::J2091,exact_state_county,100.0,1.0
P::J2090,J2090,AR,crittenden,CRITTENDEN,0,05035,161KV PARKIN TO KUHN ROADLINE TAP,,,,,05035,P::J2090,exact_state_county,100.0,1.0
P::J2089,J2089,AR,mississippi,MISSISSIPPI,0,05093,LINE TAP DELL TO MANILLA AECC 161KV,,,,,05093,P::J2089,exact_state_county,100.0,1.0
P::J2088,J2088,AR,lee,LEE,0,05077,WEST MEMPHIS EHV KEO EHV 500KV 854 0,,,,,05077,P::J2088,exact_state_county,100.0,1.0
P::J2087,J2087,MN,renville,RENVILLE,0,27129,FRANKLIN,,,,,27129,P::J2087,exact_state_county,100.0,1.0
P::J2086,J2086,ND,barnes,BARNES,0,38003,BUFFALO 345KV,,,,,38003,P::J2086,exact_state_county,100.0,1.0
P::J2085,J2085,ND,emmons,EMMONS,0,38029,LINTON NW 115KV RADIAL TO WISHEK 115KV,,,,,38029,P::J2085,exact_state_county,100.0,1.0
P::J2084,J2084,ND,emmons,EMMONS,0,38029,LINTON NW NOT IN POWER FLOW CASE YET,,,,,38029,P::J2084,exact_state_county,100.0,1.0
P::J2083,J2083,LA,allen,ALLEN,0,22003,CANEY,,,,,22003,P::J2083,exact_state_county,100.0,1.0
P::J2082,J2082,LA,rapides,RAPIDES,0,22079,SHADY OAKS BUS 500780 TO COUGHLIN BUS 500230,,,,,22079,P::J2082,exact_state_county,100.0,1.0
P::J2081,J2081,AR,mississippi,MISSISSIPPI,0,05093,SANS SOUCI 500KV,,,,,05093,P::J2081,exact_state_county,100.0,1.0
P::J2080,J2080,ND,oliver,OLIVER,0,38065,SQUARE BUTTE 230KV SUBSTATION EAST,,,,,38065,P::J2080,exact_state_county,100.0,1.0
P::J2079,J2079,IA,hancock,HANCOCK,0,19081,LIME CREEK 161KV,,,,,19081,P::J2079,exact_state_county,100.0,1.0
P::J2078,J2078,IA,story,STORY,0,19169,FERNALD,,,,,19169,P::J2078,exact_state_county,100.0,1.0
P::J2097,J2097,ND,morton,MORTON,0,38059,TRI COUNTY 230KV SUBSTATION,,,,,38059,P::J2097,exact_state_county,100.0,1.0
P::J2098,J2098,MI,calhoun,CALHOUN,0,26025,BATTLE CREEK ONEIDA 345 0KV,,,,,26025,P::J2098,exact_state_county,100.0,1.0
P::J2099,J2099,WI,portage,PORTAGE,0,55097,ROCKY RUN TO WERNER WEST 345KV,,,,,55097,P::J2099,exact_state_county,100.0,1.0
P::J2100,J2100,MI,van buren,VAN BUREN,0,26159,ARGENTA PALISADES 345 0KV,,,,,26159,P::J2100,exact_state_county,100.0,1.0
P::J2120,J2120,IA,linn,LINN,0,19113,FAIRFAX,,,,,19113,P::J2120,exact_state_county,100.0,1.0
P::J2119,J2119,MI,hillsdale,HILLSDALE,0,26059,OTHER_,,,,,26059,P::J2119,exact_state_county,100.0,1.0
P::J2118,J2118,MI,monroe,MONROE,0,26115,WHITING MOROCCO 138KV,,,,,26115,P::J2118,exact_state_county,100.0,1.0
P::J2117,J2117,WI,wood,WOOD,0,55141,SARATOGA BADGER WEST 138 0KV,,,,,55141,P::J2117,exact_state_county,100.0,1.0
P::J2116,J2116,MN,cook,COOK,0,27031,COVIL,,,,,27031,P::J2116,exact_state_county,100.0,1.0
P::J2115,J2115,IL,macon,MACON,0,17115,FARADAY 138KV,,,,,17115,P::J2115,exact_state_county,100.0,1.0
P::J2114,J2114,TX,tyler,TYLER,0,48457,DOUCETTE TO DEER 138KV,,,,,48457,P::J2114,exact_state_county,100.0,1.0
P::J2113,J2113,KY,daviess,DAVIESS,0,21059,REID DAVIESS CO 161KV,,,,,21059,P::J2113,exact_state_county,100.0,1.0
P::J2112,J2112,TX,hardin,HARDIN,0,48199,WARREN TO KOUNTZE 138KV,,,,,48199,P::J2112,exact_state_county,100.0,1.0
P::J2077,J2077,LA,livingston,LIVINGSTON,0,22063,INDEPENDENCE 6INDEPD,,,,,22063,P::J2077,exact_state_county,100.0,1.0
P::J2111,J2111,AR,crittenden,CRITTENDEN,0,05035,MARION TO MARKED TREE 161KV,,,,,05035,P::J2111,exact_state_county,100.0,1.0
P::J2109,J2109,LA,st. james,SAINT JAMES,0,22093,VACHERIE 230KV,,,,,22093,P::J2109,exact_state_county,100.0,1.0
P::J2108,J2108,IA,johnson,JOHNSON,0,19103,IC ENRON SUB JIC 161KV,,,,,19103,P::J2108,exact_state_county,100.0,1.0
P::J2107,J2107,WI,portage,PORTAGE,0,55097,ROCKY RUN TO WERNER WEST 345KV LINE,,,,,55097,P::J2107,exact_state_county,100.0,1.0
P::J2106,J2106,IA,story,STORY,0,19169,STORY COUNTY 161KV,,,,,19169,P::J2106,exact_state_county,100.0,1.0
P::J2105,J2105,IA,franklin,FRANKLIN,0,19069,KILLDEER 345KV SUBSTATION,,,,,19069,P::J2105,exact_state_county,100.0,1.0
P::J2104,J2104,MN,murray,MURRAY,0,27101,CEDAR MOUNTAIN LYON COUNTY 345 0KV,,,,,27101,P::J2104,exact_state_county,100.0,1.0
P::J2103,J2103,TX,jasper,JASPER,0,48241,BUNA SW TO CALL TRANSMISSION LINE,,,,,48241,P::J2103,exact_state_county,100.0,1.0
P::J2102,J2102,WI,buffalo,BUFFALO,0,55011,ALMA,,,,,55011,P::J2102,exact_state_county,100.0,1.0
P::J2101,J2101,ND,morton,MORTON,0,38059,MANDAN 230KV,,,,,38059,P::J2101,exact_state_county,100.0,1.0
P::J2110,J2110,AR,crittenden,CRITTENDEN,0,05035,GILMORE 161KV,,,,,05035,P::J2110,exact_state_county,100.0,1.0
P::J1938,J1938,WI,portage,PORTAGE,0,55097,WERNER WEST ROCKY RUN 345KV,,,,,55097,P::J1938,exact_state_county,100.0,1.0
P::J2076,J2076,TX,san jacinto,SAN JACINTO,0,48407,COLEY CREEK TO PELICAN ROAD 138KV,,,,,48407,P::J2076,exact_state_county,100.0,1.0
P::J2074,J2074,WI,outagamie,OUTAGAMIE,0,55087,WERNER WEST 138KV,,,,,55087,P::J2074,exact_state_county,100.0,1.0
P::J2049,J2049,IL,shelby,SHELBY,0,17173,OTHER_,,,,,17173,P::J2049,exact_state_county,100.0,1.0
P::J2048,J2048,IN,benton,BENTON,0,18007,GOODLAND MORRISON DITCH 138 0KV,,,,,18007,P::J2048,exact_state_county,100.0,1.0
P::J2047,J2047,MS,desoto,DESOTO,0,28033,ROBINSONVILLE 230KV,,,,,28033,P::J2047,exact_state_county,100.0,1.0
P::J2046,J2046,IN,wabash,WABASH,0,18169,MIAMI WABASH MIER 138KV 40 723889 85 812019,,,,,18169,P::J2046,exact_state_county,100.0,1.0
P::J2045,J2045,IN,newton,NEWTON,0,18111,GOODLAND 138KV,,,,,18111,P::J2045,exact_state_county,100.0,1.0
P::J2044,J2044,IN,newton,NEWTON,0,18111,GOODLAND 138KV SUBSTATION,,,,,18111,P::J2044,exact_state_county,100.0,1.0
P::J2043,J2043,MO,callaway,CALLAWAY,0,29027,OVERTON MCCREDIE 345KV,,,,,29027,P::J2043,exact_state_county,100.0,1.0
P::J2042,J2042,LA,morehouse,MOREHOUSE,0,22067,CROSSETT NORTH BEEKMAN 115 0KV,,,,,22067,P::J2042,exact_state_county,100.0,1.0
P::J2041,J2041,TX,jefferson,JEFFERSON,0,48245,AMELIA NORTH SUBSTATION,,,,,48245,P::J2041,exact_state_county,100.0,1.0
P::J2040,J2040,IA,dickinson,DICKINSON,0,19059,LAKEFIELD OBRIEN CO 345KV 43 497803 95 318336,,,,,19059,P::J2040,exact_state_county,100.0,1.0
P::J2039,J2039,IL,sangamon,SANGAMON,0,17167,MEREDOSIA TO IPAVA 345KV,,,,,17167,P::J2039,exact_state_county,100.0,1.0
P::J2038,J2038,IN,montgomery,MONTGOMERY,0,18107,KOKOMO WEBSTER ST WALTON 230 0KV,,,,,18107,P::J2038,exact_state_county,100.0,1.0
P::J2037,J2037,MN,olmsted,OLMSTED,0,27109,BYRON 345KV SUBSTATION,,,,,27109,P::J2037,exact_state_county,100.0,1.0
P::J2036,J2036,IL,cumberland,CUMBERLAND,0,17035,HUTSONVILLE NEOGA 138KV,,,,,17035,P::J2036,exact_state_county,100.0,1.0
P::J2035,J2035,LA,lafourche,LAFOURCHE,0,22057,THIBODAUX,,,,,22057,P::J2035,exact_state_county,100.0,1.0
P::J2034,J2034,LA,lafourche,LAFOURCHE,0,22057,THIBODAUX,,,,,22057,P::J2034,exact_state_county,100.0,1.0
P::J2033,J2033,IL,clay,CLAY,0,17025,7XENIA 7MTVERNW 345 0KV,,,,,17025,P::J2033,exact_state_county,100.0,1.0
P::J2032,J2032,IN,marion,MARION,0,18097,HANNA,,,,,18097,P::J2032,exact_state_county,100.0,1.0
P::J2031,J2031,IA,tama,TAMA,0,19171,TOLEDO,,,,,19171,P::J2031,exact_state_county,100.0,1.0
P::J2050,J2050,MO,macon,MACON,0,29121,THOMAS HILL ADAIR 1 161KV,,,,,29121,P::J2050,exact_state_county,100.0,1.0
P::J2051,J2051,AR,mississippi,MISSISSIPPI,0,05093,161KV LINE TAP OF DELL EAST TO BLYTHEVILLE,,,,,05093,P::J2051,exact_state_county,100.0,1.0
P::J2052,J2052,MO,callaway,CALLAWAY,0,29027,OVERTON MCCREDIE 345KV,,,,,29027,P::J2052,exact_state_county,100.0,1.0
P::J2053,J2053,MN,redwood,REDWOOD,0,27127,CEDAR MOUNTAIN LYON COUNTY 345 0KV,,,,,27127,P::J2053,exact_state_county,100.0,1.0
P::J2073,J2073,KY,ohio,OHIO,0,21183,345KV WILSON SUBSTATION,,,,,21183,P::J2073,exact_state_county,100.0,1.0
P::J2072,J2072,AR,grant,GRANT,0,05053,WOODWARD 115KV H S EHV 115KV,,,,,05053,P::J2072,exact_state_county,100.0,1.0
P::J2071,J2071,TX,hardin,HARDIN,0,48199,RYE CO CYPRESS 138 0KV,,,,,48199,P::J2071,exact_state_county,100.0,1.0
P::J2070,J2070,WI,st. croix,SAINT CROIX,0,55109,THREE LAKES PINE LAKE 115KV,,,,,55109,P::J2070,exact_state_county,100.0,1.0
P::J2069,J2069,MI,montcalm,MONTCALM,0,26117,EUREKA VESTABURG 138 0KV,,,,,26117,P::J2069,exact_state_county,100.0,1.0
P::J2068,J2068,WI,pierce,PIERCE,0,55093,HERBERT 69KV SUBSTATION,,,,,55093,P::J2068,exact_state_county,100.0,1.0
P::J2067,J2067,MN,clay,CLAY,0,27027,TAMARAC,,,,,27027,P::J2067,exact_state_county,100.0,1.0
P::J2066,J2066,IA,henry,HENRY,0,19087,DENMARK,,,,,19087,P::J2066,exact_state_county,100.0,1.0
P::J2065,J2065,MN,pipestone,PIPESTONE,0,27117,BUFFALO RIDGE TO PIPESTONE 115KV,,,,,27117,P::J2065,exact_state_county,100.0,1.0
P::J2075,J2075,TX,liberty,LIBERTY,0,48291,CHINA BUS 334204 TO SHECO BATISTE CREEK BUS 334240,,,,,48291,P::J2075,exact_state_county,100.0,1.0
P::J2064,J2064,MI,jackson,JACKSON,0,26075,TOMPKINS 138KV,,,,,26075,P::J2064,exact_state_county,100.0,1.0
P::J2062,J2062,WI,columbia,COLUMBIA,0,55021,COLUMBIA 345KV,,,,,55021,P::J2062,exact_state_county,100.0,1.0
P::J2061,J2061,MI,saginaw,SAGINAW,0,26145,MURPHY,,,,,26145,P::J2061,exact_state_county,100.0,1.0
P::J2060,J2060,IN,tippecanoe,TIPPECANOE,0,18157,SPRINGBORO LAFAYETTE 138KV,,,,,18157,P::J2060,exact_state_county,100.0,1.0
P::J2059,J2059,IN,tippecanoe,TIPPECANOE,0,18157,SPRINGBORO LAFAYETTE 138KV,,,,,18157,P::J2059,exact_state_county,100.0,1.0
P::J2058,J2058,MI,monroe,MONROE,0,26115,MONROE TO WAYNE,,,,,26115,P::J2058,exact_state_county,100.0,1.0
P::J2057,J2057,MI,montcalm,MONTCALM,0,26117,NELSON ROAD TO KENOWA 345KV LINE,,,,,26117,P::J2057,exact_state_county,100.0,1.0
P::J2056,J2056,MI,lenawee,LENAWEE,0,26091,MOROCCO TO BEECHER 138KV LINE,,,,,26091,P::J2056,exact_state_county,100.0,1.0
P::J2055,J2055,WI,sheboygan,SHEBOYGAN,0,55117,EDGEWATER,,,,,55117,P::J2055,exact_state_county,100.0,1.0
P::J2054,J2054,MN,freeborn,FREEBORN,0,27047,FREEBORN,,,,,27047,P::J2054,exact_state_county,100.0,1.0
P::J2063,J2063,IN,knox,KNOX,0,18083,WHEATLAND 345KV SUBSTATION,,,,,18083,P::J2063,exact_state_county,100.0,1.0
P::J1937,J1937,WI,portage,PORTAGE,0,55097,WERNER WEST ROCKY RUN 345KV,,,,,55097,P::J1937,exact_state_county,100.0,1.0
P::J1936,J1936,WI,portage,PORTAGE,0,55097,WERNER WEST ROCKY RUN 345KV,,,,,55097,P::J1936,exact_state_county,100.0,1.0
P::J1935,J1935,WI,dane,DANE,0,55025,N MADISON 69KV,,,,,55025,P::J1935,exact_state_county,100.0,1.0
P::J1816,J1816,AR,cross,CROSS,0,05037,FISHER CHERRY VALLEY 161 0KV,,,,,05037,P::J1816,exact_state_county,100.0,1.0
P::J1815,J1815,IN,montgomery,MONTGOMERY,0,18107,LINDEN JUNCTION CRAWFORDSVILLE 138KV,,,,,18107,P::J1815,exact_state_county,100.0,1.0
P::J1814,J1814,MI,dickinson,DICKINSON,0,26043,NORDIC,,,,,26043,P::J1814,exact_state_county,100.0,1.0
P::J1813,J1813,MS,desoto,DESOTO,0,28033,ENTERGY FREEPORT 230KV SUBSTATION,,,,,28033,P::J1813,exact_state_county,100.0,1.0
P::J1812,J1812,TX,chambers,CHAMBERS,0,48071,STOWELL 230KV,,,,,48071,P::J1812,exact_state_county,100.0,1.0
P::J1811,J1811,AR,independence,INDEPENDENCE,0,05063,INDEPENDENCE 161KV,,,,,05063,P::J1811,exact_state_county,100.0,1.0
P::J1810,J1810,IN,white,WHITE,0,18181,REYNOLDS 345KV TO BURR OAKS 345KV,,,,,18181,P::J1810,exact_state_county,100.0,1.0
P::J1809,J1809,MI,houghton,HOUGHTON,0,26061,ATLANTIC SILVER RIVER 138KV,,,,,26061,P::J1809,exact_state_county,100.0,1.0
P::J1808,J1808,WI,barron,BARRON,0,55005,BARRON 161KV,,,,,55005,P::J1808,exact_state_county,100.0,1.0
P::J1807,J1807,IN,washington,WASHINGTON,0,18175,MOUNT TABOR 138KV,,,,,18175,P::J1807,exact_state_county,100.0,1.0
P::J1806,J1806,IN,henry,HENRY,0,18065,GREENSBORO SUBSTATION 345KV,,,,,18065,P::J1806,exact_state_county,100.0,1.0
P::J1805,J1805,IN,laporte,LAPORTE,0,18091,MAPLE 69KV,,,,,18091,P::J1805,exact_state_county,100.0,1.0
P::J1804,J1804,WI,st. croix,SAINT CROIX,0,55109,PINE LAKE TO THREE LAKES 115KV,,,,,55109,P::J1804,exact_state_county,100.0,1.0
P::J1803,J1803,MI,houghton,HOUGHTON,0,26061,WINONA ATLANTIC 69KV,,,,,26061,P::J1803,exact_state_county,100.0,1.0
P::J1802,J1802,IN,marshall,MARSHALL,0,18099,BURR OAK 138KV,,,,,18099,P::J1802,exact_state_county,100.0,1.0
P::J1801,J1801,IA,story,STORY,0,19169,STORY COUNTY SUBSTATION 161KV,,,,,19169,P::J1801,exact_state_county,100.0,1.0
P::J1800,J1800,MN,mower,MOWER,0,27099,ADAMS SWITCH YARD 161KV,,,,,27099,P::J1800,exact_state_county,100.0,1.0
P::J1799,J1799,IL,pulaski,PULASKI,0,17153,JOPPA 345KV,,,,,17153,P::J1799,exact_state_county,100.0,1.0
P::J1798,J1798,MI,wayne,WAYNE,0,26163,WATERMAN 120KV,,,,,26163,P::J1798,exact_state_county,100.0,1.0
P::J1817,J1817,MI,houghton,HOUGHTON,0,26061,ATC WINONA ATLANTIC MINW 69KV TAP J1244,,,,,26061,P::J1817,exact_state_county,100.0,1.0
P::J1818,J1818,LA,lafayette,LAFAYETTE,0,22055,NORTHEAST MOSS 69KV,,,,,22055,P::J1818,exact_state_county,100.0,1.0
P::J1819,J1819,AR,lee,LEE,0,05077,WEST MEMPHIS EHV KEO EHV 500 0KV,,,,,05077,P::J1819,exact_state_county,100.0,1.0
P::J1820,J1820,AR,lee,LEE,0,05077,WEST MEMPHIS EHV KEO EHV 500 0KV,,,,,05077,P::J1820,exact_state_county,100.0,1.0
P::J1840,J1840,IL,de witt,DE WITT,0,17039,CLINTON TO GOOSE CREEK 4545 345KV LINE,,,,,17039,P::J1840,exact_state_county,100.0,1.0
P::J1839,J1839,IL,macon,MACON,0,17115,DECATUR ADM NORTH 138KV,,,,,17115,P::J1839,exact_state_county,100.0,1.0
P::J1838,J1838,WI,dane,DANE,0,55025,CHRISTIANA 138KV,,,,,55025,P::J1838,exact_state_county,100.0,1.0
P::J1837,J1837,IL,shelby,SHELBY,0,17173,PANA ROUTE 51 138KV,,,,,17173,P::J1837,exact_state_county,100.0,1.0
P::J1836,J1836,MO,callaway,CALLAWAY,0,29027,MONTGOMERY CALLAWAY 7,,,,,29027,P::J1836,exact_state_county,100.0,1.0
P::J1835,J1835,IN,spencer,SPENCER,0,18147,CULLEY TO GRANDVIEW 138KV LINE TAP,,,,,18147,P::J1835,exact_state_county,100.0,1.0
P::J1834,J1834,TX,orange,ORANGE,0,48361,SABINE 138 230KV SUBSTATION,,,,,48361,P::J1834,exact_state_county,100.0,1.0
P::J1833,J1833,LA,lafourche,LAFOURCHE,0,22057,LEEVILLE 115KV,,,,,22057,P::J1833,exact_state_county,100.0,1.0
P::J1832,J1832,LA,st. landry,SAINT LANDRY,0,22097,PLAISANCE 138KV,,,,,22097,P::J1832,exact_state_county,100.0,1.0
P::J1797,J1797,LA,st. john the baptist,SAINT JOHN THE BAPTIST,0,22095,WATERFORD 230KV,,,,,22095,P::J1797,exact_state_county,100.0,1.0
P::J1831,J1831,IL,logan,LOGAN,0,17107,SHOCKEY 138KV,,,,,17107,P::J1831,exact_state_county,100.0,1.0
P::J1829,J1829,IN,shelby,SHELBY,0,18145,DEI S COLUMBUS TO CLARK TWP 230KV ONE OF THE TWO 230KV CIRCUITS GOING FROM COLUMBUS TO FIVE POIN,,,,,18145,P::J1829,exact_state_county,100.0,1.0
P::J1828,J1828,IL,sangamon,SANGAMON,0,17167,AUSTIN 1 138KV SUBSTATION,,,,,17167,P::J1828,exact_state_county,100.0,1.0
P::J1827,J1827,LA,morehouse,MOREHOUSE,0,22067,BASTROP TAP POINT,,,,,22067,P::J1827,exact_state_county,100.0,1.0
P::J1826,J1826,MN,dakota,DAKOTA,0,27037,CANNON FALLS TRANSMISSION 69KV,,,,,27037,P::J1826,exact_state_county,100.0,1.0
P::J1825,J1825,IN,decatur,DECATUR,0,18031,WESTPORT,,,,,18031,P::J1825,exact_state_county,100.0,1.0
P::J1824,J1824,WI,columbia,COLUMBIA,0,55021,ACADEMY 138KV,,,,,55021,P::J1824,exact_state_county,100.0,1.0
P::J1823,J1823,MI,houghton,HOUGHTON,0,26061,PORTAGE UPPCO ATLANTIC 69KV,,,,,26061,P::J1823,exact_state_county,100.0,1.0
P::J1822,J1822,IA,franklin,FRANKLIN,0,19069,KILLDEER3 631199 345KV TO BLACKHAWK 636199 345KV LINE TAP,,,,,19069,P::J1822,exact_state_county,100.0,1.0
P::J1821,J1821,AR,lee,LEE,0,05077,WEST MEMPHIS EHV KEO EHV 500 0KV,,,,,05077,P::J1821,exact_state_county,100.0,1.0
P::J1830,J1830,IL,pulaski,PULASKI,0,17153,KELSO JOPPA MASSAC 345KV LINE,,,,,17153,P::J1830,exact_state_county,100.0,1.0
P::J1841,J1841,AR,cross,CROSS,0,05037,FORREST CITY TO WYNNE S 161KV LINE,,,,,05037,P::J1841,exact_state_county,100.0,1.0
P::J1796,J1796,LA,evangeline,EVANGELINE,0,22039,PINE PRAIRIE TO COUGHLIN 138KV,,,,,22039,P::J1796,exact_state_county,100.0,1.0
P::J1794,J1794,LA,acadia,ACADIA,0,22001,RICHARD SCOTT 138 0KV,,,,,22001,P::J1794,exact_state_county,100.0,1.0
P::J1769,J1769,IA,howard,HOWARD,0,19089,BEAVER CREEK TO RICE 161KV LINE TAP SAME POI AS J898,,,,,19089,P::J1769,exact_state_county,100.0,1.0
P::J1768,J1768,IN,orange,ORANGE,0,18117,LOST RIVER SUBSTATION 345,,,,,18117,P::J1768,exact_state_county,100.0,1.0
P::J1767,J1767,IA,hancock,HANCOCK,0,19081,BURT TO EMERY 161KV,,,,,19081,P::J1767,exact_state_county,100.0,1.0
P::J1766,J1766,MT,fallon,FALLON,0,30025,KEYSTONE XL PUMPING STATION 14 115KV,,,,,30025,P::J1766,exact_state_county,100.0,1.0
P::J1765,J1765,IN,tipton,TIPTON,0,18159,TIPTON WEST SUBSTATION 230KV,,,,,18159,P::J1765,exact_state_county,100.0,1.0
P::J1764,J1764,MO,perry,PERRY,0,29157,SEMINARY PERRYVILLE 138KV,,,,,29157,P::J1764,exact_state_county,100.0,1.0
P::J1763,J1763,ND,cavalier,CAVALIER,0,38019,LANGDON SUBSTATION 115KV,,,,,38019,P::J1763,exact_state_county,100.0,1.0
P::J1762,J1762,MI,iron,IRON,0,26071,CRYSTAL FALLS ASPEN 69KV,,,,,26071,P::J1762,exact_state_county,100.0,1.0
P::J1761,J1761,ND,barnes,BARNES,0,38003,MAPLE RIVER 230KV,,,,,38003,P::J1761,exact_state_county,100.0,1.0
P::J1760,J1760,TX,liberty,LIBERTY,0,48291,TIMBERLAND 230KV,,,,,48291,P::J1760,exact_state_county,100.0,1.0
P::J1759,J1759,LA,sabine,SABINE,0,22085,FISHER TO MANSFIELD COMPRESSOR 230KV,,,,,22085,P::J1759,exact_state_county,100.0,1.0
P::J1758,J1758,ND,barnes,BARNES,0,38003,PILLSBURRY SUBSTATION 230KV,,,,,38003,P::J1758,exact_state_county,100.0,1.0
P::J1757,J1757,IL,coles,COLES,0,17029,KANSAS FARADAY 345KV,,,,,17029,P::J1757,exact_state_county,100.0,1.0
P::J1756,J1756,IN,shelby,SHELBY,0,18145,GWYNNEVILLE TO SUNNYSIDE 345KV,,,,,18145,P::J1756,exact_state_county,100.0,1.0
P::J1755,J1755,IL,bureau,BUREAU,0,17011,BUREAU COUNTY 138KV,,,,,17011,P::J1755,exact_state_county,100.0,1.0
P::J1754,J1754,ND,mchenry,MCHENRY,0,38049,MCHENRY ND,,,,,38049,P::J1754,exact_state_county,100.0,1.0
P::J1753,J1753,WI,green,GREEN,0,55045,COLUMBIA SOUTH FOND DU LAC 345KV,,,,,55045,P::J1753,exact_state_county,100.0,1.0
P::J1752,J1752,WI,portage,PORTAGE,0,55097,GOLDEN SANDS ARNOTT O 119,,,,,55097,P::J1752,exact_state_county,100.0,1.0
P::J1751,J1751,WI,wood,WOOD,0,55141,SARATOGA BADGER WEST 138 0KV,,,,,55141,P::J1751,exact_state_county,100.0,1.0
P::J1770,J1770,IL,vermilion,VERMILION,0,17183,HOOPSTON 138KV,,,,,17183,P::J1770,exact_state_county,100.0,1.0
P::J1771,J1771,IL,cumberland,CUMBERLAND,0,17035,CASEY SULLIVAN 345KV,,,,,17035,P::J1771,exact_state_county,100.0,1.0
P::J1772,J1772,IN,white,WHITE,0,18181,REYNOLDS 345KV,,,,,18181,P::J1772,exact_state_county,100.0,1.0
P::J1773,J1773,WI,iowa,IOWA,0,55049,HILL VALLEY TO CARDINAL 345KV,,,,,55049,P::J1773,exact_state_county,100.0,1.0
P::J1793,J1793,WI,sheboygan,SHEBOYGAN,0,55117,HOLLAND 138KV,,,,,55117,P::J1793,exact_state_county,100.0,1.0
P::J1792,J1792,MI,houghton,HOUGHTON,0,26061,NEW TAP OF THE ONTONAGAN TO ROCKLAND JCT 69KV LINE APPROX 2 2 MI NORTH OF ROCKLAND JCT,,,,,26061,P::J1792,exact_state_county,100.0,1.0
P::J1791,J1791,MS,madison,MADISON,0,28089,GERALD ANDRUS TINNIN ROAD 230KV,,,,,28089,P::J1791,exact_state_county,100.0,1.0
P::J1790,J1790,AR,ashley,ASHLEY,0,05003,CROSSETT MONTICELLO EAST 115KV LINE,,,,,05003,P::J1790,exact_state_county,100.0,1.0
P::J1789,J1789,AR,monroe,MONROE,0,05095,BRINKLEY EAST TO CLARENDON 115KV,,,,,05095,P::J1789,exact_state_county,100.0,1.0
P::J1788,J1788,LA,st. mary,SAINT MARY,0,22101,CANELAND 230KV,,,,,22101,P::J1788,exact_state_county,100.0,1.0
P::J1787,J1787,MS,hinds,HINDS,0,28049,BEECH GROVE RAY BRASWELL 115KV,,,,,28049,P::J1787,exact_state_county,100.0,1.0
P::J1786,J1786,IN,sullivan,SULLIVAN,0,18153,GIBSON STA MEROM HED 345 0KV,,,,,18153,P::J1786,exact_state_county,100.0,1.0
P::J1785,J1785,IN,laporte,LAPORTE,0,18091,MAPLE 69KV,,,,,18091,P::J1785,exact_state_county,100.0,1.0
P::J1795,J1795,LA,acadia,ACADIA,0,22001,BAYOU COVE TO RICHARD 138KV CIRCUIT 258,,,,,22001,P::J1795,exact_state_county,100.0,1.0
P::J1784,J1784,IN,henry,HENRY,0,18065,NEW CASTLE TO HAGERSTOWN 69KV,,,,,18065,P::J1784,exact_state_county,100.0,1.0
P::J1782,J1782,IN,montgomery,MONTGOMERY,0,18107,WABASH RIVER GEN STA TO WHITESVILLE SOUTH SUB 230KV,,,,,18107,P::J1782,exact_state_county,100.0,1.0
P::J1781,J1781,WI,iowa,IOWA,0,55049,HILL VALLEY 345KV,,,,,55049,P::J1781,exact_state_county,100.0,1.0
P::J1780,J1780,IN,montgomery,MONTGOMERY,0,18107,OTHER_,,,,,18107,P::J1780,exact_state_county,100.0,1.0
P::J1779,J1779,WI,dane,DANE,0,55025,ROCKDALE,,,,,55025,P::J1779,exact_state_county,100.0,1.0
P::J1778,J1778,WI,kenosha,KENOSHA,0,55059,PARIS 138KV,,,,,55059,P::J1778,exact_state_county,100.0,1.0
P::J1777,J1777,IL,perry,PERRY,0,17145,ASTER 138KV SUBSTATION,,,,,17145,P::J1777,exact_state_county,100.0,1.0
P::J1776,J1776,IA,osceola,OSCEOLA,0,19143,DICKINSON COUNTY SWITCH YARD 161KV,,,,,19143,P::J1776,exact_state_county,100.0,1.0
P::J1775,J1775,WI,calumet,CALUMET,0,55015,FOREST JUNCTION SUBSTATION 345KV,,,,,55015,P::J1775,exact_state_county,100.0,1.0
P::J1774,J1774,IN,warren,WARREN,0,18171,CAYUGA 345KV,,,,,18171,P::J1774,exact_state_county,100.0,1.0
P::J1783,J1783,IN,montgomery,MONTGOMERY,0,18107,WABASH RIVER GEN STA TO WHITESVILLE SOUTH SUB 230KV,,,,,18107,P::J1783,exact_state_county,100.0,1.0
P::J2121,J2121,MO,callaway,CALLAWAY,0,29027,MCCREDIE OVERTON 345KV,,,,,29027,P::J2121,exact_state_county,100.0,1.0
P::J1842,J1842,AR,cross,CROSS,0,05037,FORREST CITY N SS WYNNE SOUTH 161 0KV,,,,,05037,P::J1842,exact_state_county,100.0,1.0
P::J1844,J1844,MI,washtenaw,WASHTENAW,0,26161,19CVTRY,,,,,26161,P::J1844,exact_state_county,100.0,1.0
P::J1910,J1910,MI,bay,BAY,0,26017,GALLAGHER TITTABAWASSEE 345KV TRANSMISSION LINE,,,,,26017,P::J1910,exact_state_county,100.0,1.0
P::J1909,J1909,MI,bay,BAY,0,26017,GALLAGHER TITTABAWASSEE 345KV TRANSMISSION LINE,,,,,26017,P::J1909,exact_state_county,100.0,1.0
P::J1908,J1908,LA,evangeline,EVANGELINE,0,22039,COCODRIE,,,,,22039,P::J1908,exact_state_county,100.0,1.0
P::J1907,J1907,TX,newton,NEWTON,0,48351,OTHER,,,,,48351,P::J1907,exact_state_county,100.0,1.0
P::J1906,J1906,LA,washington,WASHINGTON,0,22117,BOGALUSA,,,,,22117,P::J1906,exact_state_county,100.0,1.0
P::J1905,J1905,MI,sanilac,SANILAC,0,26151,BANNER RAPSON 345KV TRANSMISSION LINE,,,,,26151,P::J1905,exact_state_county,100.0,1.0
P::J1904,J1904,LA,acadia,ACADIA,0,22001,RICHARD 138KV,,,,,22001,P::J1904,exact_state_county,100.0,1.0
P::J1903,J1903,IA,osceola,OSCEOLA,0,19143,OSCEOLA 43 431167 95 416667,,,,,19143,P::J1903,exact_state_county,100.0,1.0
P::J1902,J1902,MI,wayne,WAYNE,0,26163,IRONTON,,,,,26163,P::J1902,exact_state_county,100.0,1.0
P::J1901,J1901,KY,webster,WEBSTER,0,21233,SOUTH HENDERSON,,,,,21233,P::J1901,exact_state_county,100.0,1.0
P::J1900,J1900,MI,wayne,WAYNE,0,26163,BROWNSTOWN 12 120KV,,,,,26163,P::J1900,exact_state_county,100.0,1.0
P::J1899,J1899,AR,mississippi,MISSISSIPPI,0,05093,DELL EHV SAN SOUCI 500 0KV,,,,,05093,P::J1899,exact_state_county,100.0,1.0
P::J1898,J1898,MN,olmsted,OLMSTED,0,27109,BYRON 161KV,,,,,27109,P::J1898,exact_state_county,100.0,1.0
P::J1897,J1897,AR,mississippi,MISSISSIPPI,0,05093,DELL EHV SAN SOUCI 500 0KV,,,,,05093,P::J1897,exact_state_county,100.0,1.0
P::J1896,J1896,KY,henderson,HENDERSON,0,21101,HENDERSON TO AB BROWN 138KV,,,,,21101,P::J1896,exact_state_county,100.0,1.0
P::J1895,J1895,WI,kenosha,KENOSHA,0,55059,BALSAM,,,,,55059,P::J1895,exact_state_county,100.0,1.0
P::J1894,J1894,MI,kalamazoo,KALAMAZOO,0,26077,JAGUAR 138KV,,,,,26077,P::J1894,exact_state_county,100.0,1.0
P::J1893,J1893,ND,morton,MORTON,0,38059,MANDAN 230KV,,,,,38059,P::J1893,exact_state_county,100.0,1.0
P::J1892,J1892,MI,otsego,OTSEGO,0,26137,LIVINGSTON KEYSTONE 345KV,,,,,26137,P::J1892,exact_state_county,100.0,1.0
P::J1911,J1911,MI,livingston,LIVINGSTON,0,26093,MADRID BLACKFOOT 345KV,,,,,26093,P::J1911,exact_state_county,100.0,1.0
P::J1912,J1912,MI,sanilac,SANILAC,0,26151,GREENWOOD RAPSON 345KV TRANSMISSION LINE,,,,,26151,P::J1912,exact_state_county,100.0,1.0
P::J1913,J1913,MI,midland,MIDLAND,0,26111,MURPHY TITTABAWASSEE 345KV TRANSMISSION LINE,,,,,26111,P::J1913,exact_state_county,100.0,1.0
P::J1914,J1914,MI,presque isle,PRESQUE ISLE,0,26141,PORT CALCITE ROCKPORT 138 0KV,,,,,26141,P::J1914,exact_state_county,100.0,1.0
P::J1934,J1934,WI,kenosha,KENOSHA,0,55059,LAKEVIEW 138KV,,,,,55059,P::J1934,exact_state_county,100.0,1.0
P::J1933,J1933,LA,morehouse,MOREHOUSE,0,22067,BASTROP TAP 115KV,,,,,22067,P::J1933,exact_state_county,100.0,1.0
P::J1932,J1932,MI,gladwin,GLADWIN,0,26051,OTHER_,,,,,26051,P::J1932,exact_state_county,100.0,1.0
P::J1931,J1931,WI,iowa,IOWA,0,55049,HILL VALLEY 345KV,,,,,55049,P::J1931,exact_state_county,100.0,1.0
P::J1930,J1930,WI,columbia,COLUMBIA,0,55021,N MADISON COLUMBIA,,,,,55021,P::J1930,exact_state_county,100.0,1.0
P::J1929,J1929,MI,cheboygan,CHEBOYGAN,0,26031,OTHER_,,,,,26031,P::J1929,exact_state_county,100.0,1.0
P::J1928,J1928,WI,grant,GRANT,0,55043,HILL VALLEY 345KV,,,,,55043,P::J1928,exact_state_county,100.0,1.0
P::J1927,J1927,IA,muscatine,MUSCATINE,0,19139,GRANDVIEW SUBSTATION 69KV,,,,,19139,P::J1927,exact_state_county,100.0,1.0
P::J1926,J1926,IL,tazewell,TAZEWELL,0,17179,MACKINAW,,,,,17179,P::J1926,exact_state_county,100.0,1.0
P::J1891,J1891,MS,attala,ATTALA,0,28007,230KV MCADAMS SUBSTATION,,,,,28007,P::J1891,exact_state_county,100.0,1.0
P::J1925,J1925,MI,livingston,LIVINGSTON,0,26093,TIHART LATSON 138KV,,,,,26093,P::J1925,exact_state_county,100.0,1.0
P::J1923,J1923,MI,huron,HURON,0,26063,RAPSON 120KV SUBSTATION,,,,,26063,P::J1923,exact_state_county,100.0,1.0
P::J1922,J1922,MI,bay,BAY,0,26017,COTTAGE GROVE KARN 138KV,,,,,26017,P::J1922,exact_state_county,100.0,1.0
P::J1921,J1921,MI,montcalm,MONTCALM,0,26117,DEJA DERBY JCT 138KV TRANSMISSION LINE,,,,,26117,P::J1921,exact_state_county,100.0,1.0
P::J1920,J1920,MI,leelanau,LEELANAU,0,26089,TUSCOLA ARROWHEAD 120KV TRANSMISSION LINE,,,,,26089,P::J1920,exact_state_county,100.0,1.0
P::J1919,J1919,MI,ingham,INGHAM,0,26065,ONEIDA MAJESTIC 345KV,,,,,26065,P::J1919,exact_state_county,100.0,1.0
P::J1918,J1918,MI,montcalm,MONTCALM,0,26117,KENOWA NELSON ROAD 345 0KV,,,,,26117,P::J1918,exact_state_county,100.0,1.0
P::J1917,J1917,MI,livingston,LIVINGSTON,0,26093,MADRID MAJESTIC 345 0KV,,,,,26093,P::J1917,exact_state_county,100.0,1.0
P::J1916,J1916,MI,branch,BRANCH,0,26023,NEWTON,,,,,26023,P::J1916,exact_state_county,100.0,1.0
P::J1915,J1915,MI,bay,BAY,0,26017,ALMEDA JUNCTION SHALE 138KV TRANSMISSION LINE,,,,,26017,P::J1915,exact_state_county,100.0,1.0
P::J1924,J1924,MI,bay,BAY,0,26017,COTTAGE GROVE SEVEN MILE 138KV,,,,,26017,P::J1924,exact_state_county,100.0,1.0
P::J1843,J1843,WI,dane,DANE,0,55025,CHRISTIANA 138KV,,,,,55025,P::J1843,exact_state_county,100.0,1.0
P::J1890,J1890,LA,sabine,SABINE,0,22085,HARTBURG AEP LAYFIELD 500 0KV,,,,,22085,P::J1890,exact_state_county,100.0,1.0
P::J1888,J1888,ND,oliver,OLIVER,0,38065,SQUARE BUTTE 230KV SUBSTATION EAST,,,,,38065,P::J1888,exact_state_county,100.0,1.0
P::J1863,J1863,MI,otsego,OTSEGO,0,26137,VANTYLE 138KV,,,,,26137,P::J1863,exact_state_county,100.0,1.0
P::J1862,J1862,MI,clinton,CLINTON,0,26037,BINGHAM WEST 138KV,,,,,26037,P::J1862,exact_state_county,100.0,1.0
P::J1861,J1861,IN,laporte,LAPORTE,0,18091,STILLWELL L N G PLANT 138 0KV,,,,,18091,P::J1861,exact_state_county,100.0,1.0
P::J1860,J1860,MI,lenawee,LENAWEE,0,26091,MOROCCO TO BEECHER 138KV 8 36 MILES FROM MOROCCO,,,,,26091,P::J1860,exact_state_county,100.0,1.0
P::J1859,J1859,IA,pottawattamie,POTTAWATTAMIE,0,19155,COUNCIL BLUFFS FALLOW AVENUE 345KV LINE TAP,,,,,19155,P::J1859,exact_state_county,100.0,1.0
P::J1858,J1858,AR,mississippi,MISSISSIPPI,0,05093,SANDY BAYOU,,,,,05093,P::J1858,exact_state_county,100.0,1.0
P::J1857,J1857,AR,cross,CROSS,0,05037,EBONY SS 5WM LEHI W,,,,,05037,P::J1857,exact_state_county,100.0,1.0
P::J1856,J1856,AR,jackson,JACKSON,0,05067,SHOFFNER NEWPORT,,,,,05067,P::J1856,exact_state_county,100.0,1.0
P::J1855,J1855,AR,jackson,JACKSON,0,05067,MALLORY 161,,,,,05067,P::J1855,exact_state_county,100.0,1.0
P::J1854,J1854,IN,wabash,WABASH,0,18169,WABASH GREENTOWN 138KV,,,,,18169,P::J1854,exact_state_county,100.0,1.0
P::J1853,J1853,IA,des moines,DES MOINES,0,19057,DENMARK NEWPORT,,,,,19057,P::J1853,exact_state_county,100.0,1.0
P::J1852,J1852,ND,cass,CASS,0,38017,BISON 345KV,,,,,38017,P::J1852,exact_state_county,100.0,1.0
P::J1851,J1851,LA,morehouse,MOREHOUSE,0,22067,CROSSETT NORTH BEEKMAN 115 0KV,,,,,22067,P::J1851,exact_state_county,100.0,1.0
P::J1850,J1850,LA,st. martin,SAINT MARTIN,0,22099,KIRK CECELIA 138KV LINE,,,,,22099,P::J1850,exact_state_county,100.0,1.0
P::J1849,J1849,TX,hardin,HARDIN,0,48199,CYPRESS 230KV,,,,,48199,P::J1849,exact_state_county,100.0,1.0
P::J1848,J1848,MI,van buren,VAN BUREN,0,26159,COVERT,,,,,26159,P::J1848,exact_state_county,100.0,1.0
P::J1847,J1847,MN,mower,MOWER,0,27099,MURPHY CREEK 161KV SUBSTATION,,,,,27099,P::J1847,exact_state_county,100.0,1.0
P::J1846,J1846,MN,renville,RENVILLE,0,27129,PANTHER,,,,,27129,P::J1846,exact_state_county,100.0,1.0
P::J1845,J1845,MI,calhoun,CALHOUN,0,26025,18BATTLC,,,,,26025,P::J1845,exact_state_county,100.0,1.0
P::J1864,J1864,IA,cerro gordo,CERRO GORDO,0,19033,EMERY 161KV,,,,,19033,P::J1864,exact_state_county,100.0,1.0
P::J1865,J1865,IA,hardin,HARDIN,0,19083,QUINN BLACKHAWK 345KV,,,,,19083,P::J1865,exact_state_county,100.0,1.0
P::J1866,J1866,WI,clark,CLARK,0,55019,T CORNERS 115KV SUB,,,,,55019,P::J1866,exact_state_county,100.0,1.0
P::J1867,J1867,IA,franklin,FRANKLIN,0,19069,QUINN,,,,,19069,P::J1867,exact_state_county,100.0,1.0
P::J1887,J1887,LA,st. martin,SAINT MARTIN,0,22099,ST JOHN 69KV,,,,,22099,P::J1887,exact_state_county,100.0,1.0
P::J1886,J1886,KY,henderson,HENDERSON,0,21101,REID EHV 345KV SUBSTATION,,,,,21101,P::J1886,exact_state_county,100.0,1.0
P::J1885,J1885,KY,henderson,HENDERSON,0,21101,REID EHV 345KV SUBSTATION,,,,,21101,P::J1885,exact_state_county,100.0,1.0
P::J1884,J1884,WI,columbia,COLUMBIA,0,55021,COLUMBIA 345KV,,,,,55021,P::J1884,exact_state_county,100.0,1.0
P::J1883,J1883,LA,ouachita,OUACHITA,0,22073,RILLA 115KV,,,,,22073,P::J1883,exact_state_county,100.0,1.0
P::J1882,J1882,IL,tazewell,TAZEWELL,0,17179,SAN JOSE RAIL 138KV,,,,,17179,P::J1882,exact_state_county,100.0,1.0
P::J1881,J1881,IN,decatur,DECATUR,0,18031,DECATUR SWITCHING STATION 161KV,,,,,18031,P::J1881,exact_state_county,100.0,1.0
P::J1880,J1880,MI,ottawa,OTTAWA,0,26139,ARGENTA TO TALLMADGE 345KV 33 MILES FROM ARGENTA,,,,,26139,P::J1880,exact_state_county,100.0,1.0
P::J1879,J1879,IN,decatur,DECATUR,0,18031,HE WESTPORT 138KV,,,,,18031,P::J1879,exact_state_county,100.0,1.0
P::J1889,J1889,IA,linn,LINN,0,19113,MOUNT VERNON,,,,,19113,P::J1889,exact_state_county,100.0,1.0
P::J1878,J1878,IN,decatur,DECATUR,0,18031,HE WESTPORT 138KV,,,,,18031,P::J1878,exact_state_county,100.0,1.0
P::J1876,J1876,IN,decatur,DECATUR,0,18031,GREENSBURG,,,,,18031,P::J1876,exact_state_county,100.0,1.0
P::J1875,J1875,AR,union,UNION,0,05139,EL DORADO 500KV SUBSTATION,,,,,05139,P::J1875,exact_state_county,100.0,1.0
P::J1874,J1874,AR,union,UNION,0,05139,EL DORADO 500KV SUBSTATION,,,,,05139,P::J1874,exact_state_county,100.0,1.0
P::J1873,J1873,AR,union,UNION,0,05139,EL DORADO 500KV SUBSTATION,,,,,05139,P::J1873,exact_state_county,100.0,1.0
P::J1872,J1872,AR,union,UNION,0,05139,EL DORADO 500KV SUBSTATION,,,,,05139,P::J1872,exact_state_county,100.0,1.0
P::J1871,J1871,LA,tangipahoa,TANGIPAHOA,0,22105,INDEPENDENCE SUBSTATION 230KV,,,,,22105,P::J1871,exact_state_county,100.0,1.0
P::J1870,J1870,LA,tangipahoa,TANGIPAHOA,0,22105,INDEPENDENCE SUBSTATION 230KV,,,,,22105,P::J1870,exact_state_county,100.0,1.0
P::J1869,J1869,LA,winn,WINN,0,22127,WINNFIELD TO STANDARD 115KV,,,,,22127,P::J1869,exact_state_county,100.0,1.0
P::J1868,J1868,LA,winn,WINN,0,22127,WINNFIELD TO STANDARD 115KV,,,,,22127,P::J1868,exact_state_county,100.0,1.0
P::J1877,J1877,IN,decatur,DECATUR,0,18031,GREENSBURG 138KV,,,,,18031,P::J1877,exact_state_county,100.0,1.0
P::J1750,J1750,MI,marquette,MARQUETTE,0,26103,OTHER_,,,,,26103,P::J1750,exact_state_county,100.0,1.0
P::J2122,J2122,IA,franklin,FRANKLIN,0,19069,NUTHATCH SWITCHING SUBSTATION,,,,,19069,P::J2122,exact_state_county,100.0,1.0
P::J2124,J2124,IL,champaign,CHAMPAIGN,0,17019,RISING,,,,,17019,P::J2124,exact_state_county,100.0,1.0
P::J2378,J2378,MI,macomb,MACOMB,0,26099,LENOX ST CLAIR 120 0KV,,,,,26099,P::J2378,exact_state_county,100.0,1.0
P::J2377,J2377,IL,peoria,PEORIA,0,17143,7CLINTON 7BROKAW 345 0KV,,,,,17143,P::J2377,exact_state_county,100.0,1.0
P::J2376,J2376,IL,shelby,SHELBY,0,17173,4PANA 1 4SHELBYVL E 138 0KV,,,,,17173,P::J2376,exact_state_county,100.0,1.0
P::J2375,J2375,IL,macon,MACON,0,17115,FARADAY,,,,,17115,P::J2375,exact_state_county,100.0,1.0
P::J2374,J2374,MI,sanilac,SANILAC,0,26151,J1557 SUB,,,,,26151,P::J2374,exact_state_county,100.0,1.0
P::J2373,J2373,LA,calcasieu,CALCASIEU,0,22019,230KV GRAYWOOD OR NEW BIG LAKE,,,,,22019,P::J2373,exact_state_county,100.0,1.0
P::J2372,J2372,IL,mclean,MCLEAN,0,17113,BLOOMINGTON BROKAW 138KV SUBSTATION,,,,,17113,P::J2372,exact_state_county,100.0,1.0
P::J2371,J2371,LA,morehouse,MOREHOUSE,0,22067,DUNN OAK RIDGE LA 115 0KV,,,,,22067,P::J2371,exact_state_county,100.0,1.0
P::J2370,J2370,MS,hinds,HINDS,0,28049,BOLTON RAYMOND CAPLINE 115 0KV,,,,,28049,P::J2370,exact_state_county,100.0,1.0
P::J2369,J2369,IA,taylor,TAYLOR,0,19173,MADISON ORIENT 345KV,,,,,19173,P::J2369,exact_state_county,100.0,1.0
P::J2368,J2368,ND,lamoure,LAMOURE,0,38045,ELLENDALE 345KV SS,,,,,38045,P::J2368,exact_state_county,100.0,1.0
P::J2367,J2367,ND,lamoure,LAMOURE,0,38045,ELLENDALE 345KV SS,,,,,38045,P::J2367,exact_state_county,100.0,1.0
P::J2366,J2366,WI,portage,PORTAGE,0,55097,WERNER WEST ROCKY RUN 345KV,,,,,55097,P::J2366,exact_state_county,100.0,1.0
P::J2365,J2365,WI,portage,PORTAGE,0,55097,WERNER WEST ROCKY RUN 345KV,,,,,55097,P::J2365,exact_state_county,100.0,1.0
P::J2364,J2364,IA,page,PAGE,0,19145,MADISON ORIENT 345KV,,,,,19145,P::J2364,exact_state_county,100.0,1.0
P::J2363,J2363,IA,washington,WASHINGTON,0,19183,MARSHALLTOWN LAUREL 161KV,,,,,19183,P::J2363,exact_state_county,100.0,1.0
P::J2362,J2362,IN,fountain,FOUNTAIN,0,18045,VEEDERSBURG WEST 230KV SUBSTATION,,,,,18045,P::J2362,exact_state_county,100.0,1.0
P::J2361,J2361,AR,conway,CONWAY,0,05029,AECC OPPELO 161KV SUBSTATION,,,,,05029,P::J2361,exact_state_county,100.0,1.0
P::J2360,J2360,IN,vigo,VIGO,0,18167,TH PFIZER JCT WORTHINGTON HED,,,,,18167,P::J2360,exact_state_county,100.0,1.0
P::J2379,J2379,IL,clay,CLAY,0,17025,XENIA,,,,,17025,P::J2379,exact_state_county,100.0,1.0
P::J2359,J2359,MS,madison,MADISON,0,28089,OTHER_,,,,,28089,P::J2359,exact_state_county,100.0,1.0
P::J2380,J2380,KY,meade,MEADE,0,21163,MEADE COUNTY 161KV SUBSTATION,,,,,21163,P::J2380,exact_state_county,100.0,1.0
P::J2382,J2382,MO,randolph,RANDOLPH,0,29175,5ADAIR 5THMHIL AECI 161 0KV,,,,,29175,P::J2382,exact_state_county,100.0,1.0
P::J2401,J2401,IL,johnson,JOHNSON,0,17087,7W_FRFT_E 7SHAWNEE FP 345 0KV,,,,,17087,P::J2401,exact_state_county,100.0,1.0
P::J2400,J2400,LA,bienville,BIENVILLE,0,22013,SAILES SUBSTATION 115KV,,,,,22013,P::J2400,exact_state_county,100.0,1.0
P::J2399,J2399,AR,craighead,CRAIGHEAD,0,05031,INDEPENDENCE ISES POWERLINE ROAD 500KV,,,,,05031,P::J2399,exact_state_county,100.0,1.0
P::J2398,J2398,AR,craighead,CRAIGHEAD,0,05031,INDEPENDENCE ISES POWERLINE ROAD 500KV,,,,,05031,P::J2398,exact_state_county,100.0,1.0
P::J2397,J2397,AR,calhoun,CALHOUN,0,05013,SHERIDAN EHV EL DORADO EHV 500 0KV,,,,,05013,P::J2397,exact_state_county,100.0,1.0
P::J2396,J2396,AR,calhoun,CALHOUN,0,05013,SHERIDAN EHV EL DORADO EHV 500 0KV,,,,,05013,P::J2396,exact_state_county,100.0,1.0
P::J2395,J2395,AR,calhoun,CALHOUN,0,05013,SHERIDAN EHV EL DORADO EHV 500 0KV,,,,,05013,P::J2395,exact_state_county,100.0,1.0
P::J2394,J2394,AR,craighead,CRAIGHEAD,0,05031,INDEPENDENCE ISES POWERLINE ROAD 500KV,,,,,05031,P::J2394,exact_state_county,100.0,1.0
P::J2393,J2393,IL,coles,COLES,0,17029,KANSAS WEST SUBSTATION 138KV,,,,,17029,P::J2393,exact_state_county,100.0,1.0
P::J2392,J2392,MI,mason,MASON,0,26105,PERE MARQUETTE 138KV,,,,,26105,P::J2392,exact_state_county,100.0,1.0
P::J2391,J2391,MS,tallahatchie,TALLAHATCHIE,0,28135,WEBB 115KV,,,,,28135,P::J2391,exact_state_county,100.0,1.0
P::J2390,J2390,IL,fulton,FULTON,0,17057,IPAVA 138KV,,,,,17057,P::J2390,exact_state_county,100.0,1.0
P::J2389,J2389,IL,adams,ADAMS,0,17001,MONUMENT,,,,,17001,P::J2389,exact_state_county,100.0,1.0
P::J2388,J2388,IL,macon,MACON,0,17115,FARADAY,,,,,17115,P::J2388,exact_state_county,100.0,1.0
P::J2387,J2387,MO,stoddard,STODDARD,0,29207,STODDARD 161KV SUBSTATION,,,,,29207,P::J2387,exact_state_county,100.0,1.0
P::J2386,J2386,AR,poinsett,POINSETT,0,05111,MARKED TREE 161KV,,,,,05111,P::J2386,exact_state_county,100.0,1.0
P::J2385,J2385,LA,franklin,FRANKLIN,0,22041,SWARTZ 115KV,,,,,22041,P::J2385,exact_state_county,100.0,1.0
P::J2384,J2384,IL,shelby,SHELBY,0,17173,4PANA 1 4SHELBYVL E 138 0KV,,,,,17173,P::J2384,exact_state_county,100.0,1.0
P::J2383,J2383,IL,macon,MACON,0,17115,FARADAY,,,,,17115,P::J2383,exact_state_county,100.0,1.0
P::J2381,J2381,LA,union,UNION,0,22111,DOWNSVILLE RUSTON EAST LAGEN 115KV,,,,,22111,P::J2381,exact_state_county,100.0,1.0
P::J2358,J2358,MS,madison,MADISON,0,28089,OTHER_,,,,,28089,P::J2358,exact_state_county,100.0,1.0
P::J2357,J2357,LA,lafourche,LAFOURCHE,0,22057,THIBODAUX 230KV SUBSTATION,,,,,22057,P::J2357,exact_state_county,100.0,1.0
P::J2356,J2356,AR,craighead,CRAIGHEAD,0,05031,CASH NEWPORT AB 161KV LINE,,,,,05031,P::J2356,exact_state_county,100.0,1.0
P::J2331,J2331,IL,franklin,FRANKLIN,0,17055,WEST FRANKFORT EAST SUBSTATION 345KV,,,,,17055,P::J2331,exact_state_county,100.0,1.0
P::J2330,J2330,MS,leflore,LEFLORE,0,28083,GREENWOOD,,,,,28083,P::J2330,exact_state_county,100.0,1.0
P::J2329,J2329,IN,vigo,VIGO,0,18167,WABASH RIVER WHITESVILLE SOUTH 230KV,,,,,18167,P::J2329,exact_state_county,100.0,1.0
P::J2328,J2328,AR,lonoke,LONOKE,0,05085,KEO 500KV,,,,,05085,P::J2328,exact_state_county,100.0,1.0
P::J2327,J2327,ND,lamoure,LAMOURE,0,38045,ELLENDALE 345KV,,,,,38045,P::J2327,exact_state_county,100.0,1.0
P::J2326,J2326,WI,outagamie,OUTAGAMIE,0,55087,WERNER WEST,,,,,55087,P::J2326,exact_state_county,100.0,1.0
P::J2325,J2325,LA,morehouse,MOREHOUSE,0,22067,BASTROP TO STERLINGTON 115KV,,,,,22067,P::J2325,exact_state_county,100.0,1.0
P::J2324,J2324,IL,winnebago,WINNEBAGO,0,17201,SHIRLAND AVE TAP Y 54 TO SHAW 69KV,,,,,17201,P::J2324,exact_state_county,100.0,1.0
P::J2323,J2323,IA,webster,WEBSTER,0,19187,WEBSTER LEHIGH 345KV,,,,,19187,P::J2323,exact_state_county,100.0,1.0
P::J2322,J2322,LA,evangeline,EVANGELINE,0,22039,COUGHLIN PINE PRAIRIE 138 0KV,,,,,22039,P::J2322,exact_state_county,100.0,1.0
P::J2321,J2321,MS,lamar,LAMAR,0,28073,COLUMBIA TO PLANT MORROW 161KV,,,,,28073,P::J2321,exact_state_county,100.0,1.0
P::J2320,J2320,MS,sunflower,SUNFLOWER,0,28133,INVERNESS,,,,,28133,P::J2320,exact_state_county,100.0,1.0
P::J2319,J2319,MI,huron,HURON,0,26063,STEIN 345KV SUBSTATION,,,,,26063,P::J2319,exact_state_county,100.0,1.0
P::J2318,J2318,IN,warren,WARREN,0,18171,NORTH EAST CASTLE CULLEY 138KV J1642 POI,,,,,18171,P::J2318,exact_state_county,100.0,1.0
P::J2317,J2317,LA,ouachita,OUACHITA,0,22073,BASTROP CAHOON STERLINGTON 115 SWYD 115 0KV,,,,,22073,P::J2317,exact_state_county,100.0,1.0
P::J2316,J2316,MI,dickinson,DICKINSON,0,26043,NORDIC 138KV SUBSTATION,,,,,26043,P::J2316,exact_state_county,100.0,1.0
P::J2315,J2315,TX,liberty,LIBERTY,0,48291,PETRY WOODS,,,,,48291,P::J2315,exact_state_county,100.0,1.0
P::J2314,J2314,TX,liberty,LIBERTY,0,48291,PETRY WOODS SS,,,,,48291,P::J2314,exact_state_county,100.0,1.0
P::J2313,J2313,MS,sunflower,SUNFLOWER,0,28133,OTHER_,,,,,28133,P::J2313,exact_state_county,100.0,1.0
P::J2332,J2332,MN,redwood,REDWOOD,0,27127,LYON COUNTY CEDAR MOUNTAIN 345KV,,,,,27127,P::J2332,exact_state_county,100.0,1.0
P::J2333,J2333,SD,mcpherson,MCPHERSON,0,46089,ELLENDALE TWIN BROOKS 345KV,,,,,46089,P::J2333,exact_state_county,100.0,1.0
P::J2334,J2334,IL,montgomery,MONTGOMERY,0,17135,REDHAWK,,,,,17135,P::J2334,exact_state_county,100.0,1.0
P::J2335,J2335,WI,portage,PORTAGE,0,55097,PLOVER 115KV SUBSTATION J1573 SUBSTATION,,,,,55097,P::J2335,exact_state_county,100.0,1.0
P::J2355,J2355,IL,greene,GREENE,0,17061,A TAP ON 4JERSEYVL 4ROODHSE,,,,,17061,P::J2355,exact_state_county,100.0,1.0
P::J2354,J2354,WI,marinette,MARINETTE,0,55075,CRIVITZ,,,,,55075,P::J2354,exact_state_county,100.0,1.0
P::J2353,J2353,IN,white,WHITE,0,18181,REYNOLDS BURR OAK 345 0KV,,,,,18181,P::J2353,exact_state_county,100.0,1.0
P::J2352,J2352,IA,woodbury,WOODBURY,0,19193,RAUN LEHIGH 345KV,,,,,19193,P::J2352,exact_state_county,100.0,1.0
P::J2351,J2351,AR,clay,CLAY,0,05021,AECC RECTOR NORTH RECTOR 161KV LINE,,,,,05021,P::J2351,exact_state_county,100.0,1.0
P::J2350,J2350,AR,pulaski,PULASKI,0,05119,WHITE BLUFF EHV WRIGHTSVILLE 115 0KV,,,,,05119,P::J2350,exact_state_county,100.0,1.0
P::J2349,J2349,IL,jackson,JACKSON,0,17077,JACKSON TO CAMPBELL HILL 161KV,,,,,17077,P::J2349,exact_state_county,100.0,1.0
P::J2348,J2348,LA,webster,WEBSTER,0,22119,MINDEN TO SAREPTA 115KV,,,,,22119,P::J2348,exact_state_county,100.0,1.0
P::J2347,J2347,MI,roscommon,ROSCOMMON,0,26143,HIGGINS MIO DAM 138KV LINE,,,,,26143,P::J2347,exact_state_county,100.0,1.0
P::J2402,J2402,IL,johnson,JOHNSON,0,17087,7W_FRFT_E 7SHAWNEE FP 345 0KV,,,,,17087,P::J2402,exact_state_county,100.0,1.0
P::J2346,J2346,MN,redwood,REDWOOD,0,27127,LYON COUNTY CEDAR MOUNTAIN 345KV,,,,,27127,P::J2346,exact_state_county,100.0,1.0
P::J2344,J2344,ND,stutsman,STUTSMAN,0,38093,JAMESTOWN 345KV,,,,,38093,P::J2344,exact_state_county,100.0,1.0
P::J2343,J2343,IN,marion,MARION,0,18097,GEORGETOWN NORTH 138 0KV,,,,,18097,P::J2343,exact_state_county,100.0,1.0
P::J2342,J2342,IA,worth,WORTH,0,19195,WORTH COUNTY,,,,,19195,P::J2342,exact_state_county,100.0,1.0
P::J2341,J2341,AR,arkansas,ARKANSAS,0,05001,RICUSKEY WOODWARD 230KV,,,,,05001,P::J2341,exact_state_county,100.0,1.0
P::J2340,J2340,IN,rush,RUSH,0,18139,RUSHVILLE 69KV HEMILROY 69KV,,,,,18139,P::J2340,exact_state_county,100.0,1.0
P::J2339,J2339,LA,rapides,RAPIDES,0,22079,COCODRIE FOREST HILL 230KV,,,,,22079,P::J2339,exact_state_county,100.0,1.0
P::J2338,J2338,SD,mcpherson,MCPHERSON,0,46089,ELLENDALE TWIN BROOKS 345KV,,,,,46089,P::J2338,exact_state_county,100.0,1.0
P::J2337,J2337,MO,st. francois,SAINT FRANCOIS,0,29187,ST FRANCOIS 138KV 4ST FRANC 1 BUS 345774,,,,,29187,P::J2337,exact_state_county,100.0,1.0
P::J2336,J2336,LA,union,UNION,0,22111,STERLINGTON DOWNSVILLE 115KV LINE,,,,,22111,P::J2336,exact_state_county,100.0,1.0
P::J2345,J2345,WI,marathon,MARATHON,0,55073,GARDNER PARK STONE LAKE 345KV,,,,,55073,P::J2345,exact_state_county,100.0,1.0
P::J2403,J2403,IL,massac,MASSAC,0,17127,7JORD 7MASS 345 0KV,,,,,17127,P::J2403,exact_state_county,100.0,1.0
P::J2404,J2404,LA,east baton rouge,EAST BATON ROUGE,0,22033,EAST,,,,,22033,P::J2404,exact_state_county,100.0,1.0
P::J2405,J2405,LA,jefferson,JEFFERSON,0,22051,PETERS ROAD 230KV SUBSTATION,,,,,22051,P::J2405,exact_state_county,100.0,1.0
P::J2471,J2471,MI,lenawee,LENAWEE,0,26091,BEECHER CEMENT CITY 138KV,,,,,26091,P::J2471,exact_state_county,100.0,1.0
P::J2470,J2470,LA,rapides,RAPIDES,0,22079,DONAHUE MARKSVILLE 138KV,,,,,22079,P::J2470,exact_state_county,100.0,1.0
P::J2469,J2469,IA,linn,LINN,0,19113,SUB K TIFFIN DUANE ARNOLD 345KV,,,,,19113,P::J2469,exact_state_county,100.0,1.0
P::J2468,J2468,AR,union,UNION,0,05139,EL DORADO EAST 115KV,,,,,05139,P::J2468,exact_state_county,100.0,1.0
P::J2467,J2467,LA,evangeline,EVANGELINE,0,22039,MANUEL 138KV,,,,,22039,P::J2467,exact_state_county,100.0,1.0
P::J2466,J2466,IA,chickasaw,CHICKASAW,0,19037,HAZLETON MITCHELL COUNTY 345KV LINE,,,,,19037,P::J2466,exact_state_county,100.0,1.0
P::J2465,J2465,IL,logan,LOGAN,0,17107,GOOSE CREEK ENERGY CENTER TO MAROA EAST 345KV,,,,,17107,P::J2465,exact_state_county,100.0,1.0
P::J2464,J2464,IA,worth,WORTH,0,19195,LEDYARD COLBY 345KV,,,,,19195,P::J2464,exact_state_county,100.0,1.0
P::J2463,J2463,IL,randolph,RANDOLPH,0,17157,BALDWIN,,,,,17157,P::J2463,exact_state_county,100.0,1.0
P::J2462,J2462,IA,worth,WORTH,0,19195,LEDYARD COLBY 345KV,,,,,19195,P::J2462,exact_state_county,100.0,1.0
P::J2461,J2461,IL,christian,CHRISTIAN,0,17021,PANA 138KV,,,,,17021,P::J2461,exact_state_county,100.0,1.0
P::J2460,J2460,AR,jefferson,JEFFERSON,0,05069,WHITE BLUFF EHV 500KV,,,,,05069,P::J2460,exact_state_county,100.0,1.0
P::J2459,J2459,AR,jefferson,JEFFERSON,0,05069,WHITE BLUFF EHV 500KV,,,,,05069,P::J2459,exact_state_county,100.0,1.0
P::J2458,J2458,AR,conway,CONWAY,0,05029,PLEASANT HILL 500KV SUBSTATION,,,,,05029,P::J2458,exact_state_county,100.0,1.0
P::J2457,J2457,LA,orleans,ORLEANS,0,22071,PATERSON,,,,,22071,P::J2457,exact_state_county,100.0,1.0
P::J2456,J2456,AR,phillips,PHILLIPS,0,05107,AECC AUBREY RITCHIE SES SWITCHYARD 230KV,,,,,05107,P::J2456,exact_state_county,100.0,1.0
P::J2455,J2455,WI,la crosse,LA CROSSE,0,55063,FRENCH ISLAND,,,,,55063,P::J2455,exact_state_county,100.0,1.0
P::J2454,J2454,MI,montcalm,MONTCALM,0,26117,EUREKA VESTABURG 138KV,,,,,26117,P::J2454,exact_state_county,100.0,1.0
P::J2453,J2453,IL,cumberland,CUMBERLAND,0,17035,CASEY WEST 345KV,,,,,17035,P::J2453,exact_state_county,100.0,1.0
P::J2472,J2472,IN,sullivan,SULLIVAN,0,18153,GIBSON STA MEROM HED 345 0KV,,,,,18153,P::J2472,exact_state_county,100.0,1.0
P::J2473,J2473,IN,marion,MARION,0,18097,HANNA 138KV,,,,,18097,P::J2473,exact_state_county,100.0,1.0
P::J2474,J2474,IL,sangamon,SANGAMON,0,17167,4AUSTIN 4VIRDEN 138 0KV,,,,,17167,P::J2474,exact_state_county,100.0,1.0
P::J2475,J2475,MI,monroe,MONROE,0,26115,TOLL RD 120KV,,,,,26115,P::J2475,exact_state_county,100.0,1.0
P::J2495,J2495,MN,benton,BENTON,0,27009,BENTON COUNTY 115KV,,,,,27009,P::J2495,exact_state_county,100.0,1.0
P::J2494,J2494,MI,isabella,ISABELLA,0,26073,CLARE JCT TO VERNON JCT 138KV,,,,,26073,P::J2494,exact_state_county,100.0,1.0
P::J2493,J2493,MI,arenac,ARENAC,0,26011,GALLAGHER TITTABAWASSEE 345KV,,,,,26011,P::J2493,exact_state_county,100.0,1.0
P::J2492,J2492,MN,wilkin,WILKIN,0,27167,WAHPETON 230KV,,,,,27167,P::J2492,exact_state_county,100.0,1.0
P::J2491,J2491,MI,midland,MIDLAND,0,26111,EDENVILLE PRICE RD JCT 138KV,,,,,26111,P::J2491,exact_state_county,100.0,1.0
P::J2490,J2490,MI,tuscola,TUSCOLA,0,26157,TUSCOLA ARROWHEAD 120KV TRANSMISSION LINE,,,,,26157,P::J2490,exact_state_county,100.0,1.0
P::J2489,J2489,LA,red river,RED RIVER,0,22081,WESTERN KRAFT LAYFIELD 230KV,,,,,22081,P::J2489,exact_state_county,100.0,1.0
P::J2488,J2488,MI,bay,BAY,0,26017,ALMEDA JUNCTION SHALE 138KV,,,,,26017,P::J2488,exact_state_county,100.0,1.0
P::J2487,J2487,MI,bay,BAY,0,26017,GALLAGHER TITTABAWASSEE 345KV TRANSMISSION LINE,,,,,26017,P::J2487,exact_state_county,100.0,1.0
P::J2452,J2452,AR,cleveland,CLEVELAND,0,05025,SHERIDAN EHV EL DORADO EHV 500KV,,,,,05025,P::J2452,exact_state_county,100.0,1.0
P::J2486,J2486,MI,monroe,MONROE,0,26115,LALLENDORF MONROE 345 0KV,,,,,26115,P::J2486,exact_state_county,100.0,1.0
P::J2484,J2484,MI,monroe,MONROE,0,26115,OTHER_,,,,,26115,P::J2484,exact_state_county,100.0,1.0
P::J2483,J2483,MS,amite,AMITE,0,28005,GILLSBURG SS CE LIBERTY115KV,,,,,28005,P::J2483,exact_state_county,100.0,1.0
P::J2482,J2482,AR,crittenden,CRITTENDEN,0,05035,WEST MEMPHIS EHV KEO EHV 500 0KV,,,,,05035,P::J2482,exact_state_county,100.0,1.0
P::J2481,J2481,IA,pocahontas,POCAHONTAS,0,19151,WEBSTER IRVINGTON 345KV,,,,,19151,P::J2481,exact_state_county,100.0,1.0
P::J2480,J2480,KY,daviess,DAVIESS,0,21059,REID TO DAVIESS COUNTY 161KV,,,,,21059,P::J2480,exact_state_county,100.0,1.0
P::J2479,J2479,LA,concordia,CONCORDIA,0,22029,RED GUM TO METROPOLIS 115KV,,,,,22029,P::J2479,exact_state_county,100.0,1.0
P::J2478,J2478,AR,jackson,JACKSON,0,05067,INDEPENDENCE ISES POWERLINE ROAD 500 0KV,,,,,05067,P::J2478,exact_state_county,100.0,1.0
P::J2477,J2477,AR,crittenden,CRITTENDEN,0,05035,WEST MEMPHIS EHV KEO EHV 500 0KV,,,,,05035,P::J2477,exact_state_county,100.0,1.0
P::J2476,J2476,IL,fayette,FAYETTE,0,17051,OTEGO 138KV,,,,,17051,P::J2476,exact_state_county,100.0,1.0
P::J2485,J2485,MI,livingston,LIVINGSTON,0,26093,BLACKFOOT MADRID 345 0KV,,,,,26093,P::J2485,exact_state_county,100.0,1.0
P::J2312,J2312,IL,lasalle,LASALLE,0,17099,PUTNAM,,,,,17099,P::J2312,exact_state_county,100.0,1.0
P::J2451,J2451,AR,chicot,CHICOT,0,05017,GERALD ANDRUS SES SWITCHYARD LAKE VILLAGE BAGBY 230KV,,,,,05017,P::J2451,exact_state_county,100.0,1.0
P::J2449,J2449,AR,faulkner,FAULKNER,0,05045,MAYFLOWER EHV 500KV,,,,,05045,P::J2449,exact_state_county,100.0,1.0
P::J2424,J2424,LA,evangeline,EVANGELINE,0,22039,MANUEL 138KV,,,,,22039,P::J2424,exact_state_county,100.0,1.0
P::J2423,J2423,WI,columbia,COLUMBIA,0,55021,COLUMBIA NORTH MADISON 345KV,,,,,55021,P::J2423,exact_state_county,100.0,1.0
P::J2422,J2422,IL,randolph,RANDOLPH,0,17157,BALDWIN,,,,,17157,P::J2422,exact_state_county,100.0,1.0
P::J2421,J2421,IN,rush,RUSH,0,18139,GREENSBORO GWYNNEVILLE 345KV,,,,,18139,P::J2421,exact_state_county,100.0,1.0
P::J2420,J2420,MN,faribault,FARIBAULT,0,27043,HUNTLEY 345KV,,,,,27043,P::J2420,exact_state_county,100.0,1.0
P::J2419,J2419,MN,faribault,FARIBAULT,0,27043,HUNTLEY 345KV,,,,,27043,P::J2419,exact_state_county,100.0,1.0
P::J2418,J2418,IN,marshall,MARSHALL,0,18099,BURR OAK 138KV,,,,,18099,P::J2418,exact_state_county,100.0,1.0
P::J2417,J2417,WI,trempealeau,TREMPEALEAU,0,55121,NORTH ROCHESTER BRIGGS ROAD 345KV,,,,,55121,P::J2417,exact_state_county,100.0,1.0
P::J2416,J2416,WI,trempealeau,TREMPEALEAU,0,55121,NORTH ROCHESTER BRIGGS ROAD 345KV,,,,,55121,P::J2416,exact_state_county,100.0,1.0
P::J2415,J2415,LA,acadia,ACADIA,0,22001,RICHARD 138KV,,,,,22001,P::J2415,exact_state_county,100.0,1.0
P::J2414,J2414,IL,vermilion,VERMILION,0,17183,HOOPESTON 138KV,,,,,17183,P::J2414,exact_state_county,100.0,1.0
P::J2413,J2413,IL,mclean,MCLEAN,0,17113,HOOPESTON WEST 138KV,,,,,17113,P::J2413,exact_state_county,100.0,1.0
P::J2412,J2412,AR,pulaski,PULASKI,0,05119,LR ALEXANDER 115KV,,,,,05119,P::J2412,exact_state_county,100.0,1.0
P::J2411,J2411,LA,de soto,DE SOTO,0,22031,RED RIVER MANSFIELD 138KV,,,,,22031,P::J2411,exact_state_county,100.0,1.0
P::J2410,J2410,IA,pottawattamie,POTTAWATTAMIE,0,19155,PONY CREEK ROLLING HILLS WIND 345KV,,,,,19155,P::J2410,exact_state_county,100.0,1.0
P::J2409,J2409,AR,independence,INDEPENDENCE,0,05063,INDEPENDENCE ISES 500KV SUBSTATION,,,,,05063,P::J2409,exact_state_county,100.0,1.0
P::J2408,J2408,IN,switzerland,SWITZERLAND,0,18155,FAIRVIEW 138KV SUBSTATION,,,,,18155,P::J2408,exact_state_county,100.0,1.0
P::J2407,J2407,IN,sullivan,SULLIVAN,0,18153,DRESSER MEROM HED 345KV LINE BREAK,,,,,18153,P::J2407,exact_state_county,100.0,1.0
P::J2406,J2406,MS,madison,MADISON,0,28089,PICKENS CANTON 230KV,,,,,28089,P::J2406,exact_state_county,100.0,1.0
P::J2425,J2425,MO,montgomery,MONTGOMERY,0,29139,7ENON 7MONTGMRY 345KV,,,,,29139,P::J2425,exact_state_county,100.0,1.0
P::J2426,J2426,IL,marion,MARION,0,17121,KINMUNDY 138KV,,,,,17121,P::J2426,exact_state_county,100.0,1.0
P::J2427,J2427,IL,marion,MARION,0,17121,KINMUNDY 138KV,,,,,17121,P::J2427,exact_state_county,100.0,1.0
P::J2428,J2428,MS,coahoma,COAHOMA,0,28027,CLARKSDALE 115KV,,,,,28027,P::J2428,exact_state_county,100.0,1.0
P::J2448,J2448,LA,webster,WEBSTER,0,22119,HAYNESVILLE SOUTH TO SAREPTA 115KV,,,,,22119,P::J2448,exact_state_county,100.0,1.0
P::J2447,J2447,MN,murray,MURRAY,0,27101,CEDAR MOUNTAIN LYON COUNTY 345 0KV,,,,,27101,P::J2447,exact_state_county,100.0,1.0
P::J2446,J2446,WI,dunn,DUNN,0,55033,ALLEN S KING EAU CLAIRE 345 0KV,,,,,55033,P::J2446,exact_state_county,100.0,1.0
P::J2445,J2445,IA,greene,GREENE,0,19073,KARMA 161KV,,,,,19073,P::J2445,exact_state_county,100.0,1.0
P::J2444,J2444,MI,van buren,VAN BUREN,0,26159,ARGENTA TWIN BRANCH 345 0KV,,,,,26159,P::J2444,exact_state_county,100.0,1.0
P::J2443,J2443,IN,kosciusko,KOSCIUSKO,0,18085,LEESBURG 345KV,,,,,18085,P::J2443,exact_state_county,100.0,1.0
P::J2442,J2442,IN,ripley,RIPLEY,0,18137,BATESVILLE 138KV,,,,,18137,P::J2442,exact_state_county,100.0,1.0
P::J2441,J2441,LA,beauregard,BEAUREGARD,0,22011,WEST BAY CENTENNIAL 138KV,,,,,22011,P::J2441,exact_state_county,100.0,1.0
P::J2440,J2440,IN,benton,BENTON,0,18007,GOODLAND MORRISON DITCH 138 0KV,,,,,18007,P::J2440,exact_state_county,100.0,1.0
P::J2450,J2450,IN,tippecanoe,TIPPECANOE,0,18157,WESTWOOD 345KV,,,,,18157,P::J2450,exact_state_county,100.0,1.0
P::J2439,J2439,WI,marathon,MARATHON,0,55073,GARDNER PARK STONE LAKE 345KV,,,,,55073,P::J2439,exact_state_county,100.0,1.0
P::J2437,J2437,AR,lee,LEE,0,05077,BRINKLEY EAST AECC AUBREY 230 0KV,,,,,05077,P::J2437,exact_state_county,100.0,1.0
P::J2436,J2436,IA,webster,WEBSTER,0,19187,WEBSTER LEHIGH 345KV,,,,,19187,P::J2436,exact_state_county,100.0,1.0
P::J2435,J2435,IA,webster,WEBSTER,0,19187,WEBSTER WRIGHT 161KV,,,,,19187,P::J2435,exact_state_county,100.0,1.0
P::J2434,J2434,IL,vermilion,VERMILION,0,17183,HOOPESTON WEST 138KV,,,,,17183,P::J2434,exact_state_county,100.0,1.0
P::J2433,J2433,MN,wadena,WADENA,0,27159,WING RIVER RIVERTON 230KV,,,,,27159,P::J2433,exact_state_county,100.0,1.0
P::J2432,J2432,MS,tunica,TUNICA,0,28143,LULA TUNICA 115KV,,,,,28143,P::J2432,exact_state_county,100.0,1.0
P::J2431,J2431,AR,st. francis,SAINT FRANCIS,0,05123,WEST MEMPHIS GENPOWER KEO 500KV LINE BREAK LOCATED AT CHALKBLUFFPV 500KV POI SS CO LOCATED WITH,,,,,05123,P::J2431,exact_state_county,100.0,1.0
P::J2430,J2430,LA,concordia,CONCORDIA,0,22029,RED GUM 115KV,,,,,22029,P::J2430,exact_state_county,100.0,1.0
P::J2429,J2429,WI,dane,DANE,0,55025,NORTH MADISON 69KV SUBSTATION,,,,,55025,P::J2429,exact_state_county,100.0,1.0
P::J2438,J2438,MO,montgomery,MONTGOMERY,0,29139,7MONTGMRY 7ENON 345KV,,,,,29139,P::J2438,exact_state_county,100.0,1.0
P::J2311,J2311,IL,putnam,PUTNAM,0,17155,PUTNAM,,,,,17155,P::J2311,exact_state_county,100.0,1.0
P::J2310,J2310,LA,beauregard,BEAUREGARD,0,22011,RHODES,,,,,22011,P::J2310,exact_state_county,100.0,1.0
P::J2309,J2309,MN,murray,MURRAY,0,27101,CHANARAMBIE ELLSBOROUGH GRE 115 0KV,,,,,27101,P::J2309,exact_state_county,100.0,1.0
P::J2190,J2190,AR,mississippi,MISSISSIPPI,0,05093,DELL EHV SAN SOUCI 500 0KV,,,,,05093,P::J2190,exact_state_county,100.0,1.0
P::J2189,J2189,IL,mcdonough,MCDONOUGH,0,17109,HORNSBY SWITCHING STATION,,,,,17109,P::J2189,exact_state_county,100.0,1.0
P::J2188,J2188,WI,columbia,COLUMBIA,0,55021,COLUMBIA SOUTH FOND DU LAC 345 0KV,,,,,55021,P::J2188,exact_state_county,100.0,1.0
P::J2187,J2187,IN,laporte,LAPORTE,0,18091,STILLWELL 138KV,,,,,18091,P::J2187,exact_state_county,100.0,1.0
P::J2186,J2186,IL,fulton,FULTON,0,17057,IPAVA MAPLE RIDGE 345KV 4573,,,,,17057,P::J2186,exact_state_county,100.0,1.0
P::J2185,J2185,WI,portage,PORTAGE,0,55097,ROCKY RUN TO WERNER WEST 345KV LINE,,,,,55097,P::J2185,exact_state_county,100.0,1.0
P::J2184,J2184,AR,monroe,MONROE,0,05095,BRINKLEY WEST SUBSTATION 115KV,,,,,05095,P::J2184,exact_state_county,100.0,1.0
P::J2183,J2183,LA,pointe coupee,POINTE COUPEE,0,22077,FANCY POINT WATERLOO,,,,,22077,P::J2183,exact_state_county,100.0,1.0
P::J2182,J2182,MS,tallahatchie,TALLAHATCHIE,0,28135,WEBB 115KV,,,,,28135,P::J2182,exact_state_county,100.0,1.0
P::J2181,J2181,AR,mississippi,MISSISSIPPI,0,05093,161KV LINE TAP OF DELL EAST TO BLYTHEVILLE,,,,,05093,P::J2181,exact_state_county,100.0,1.0
P::J2180,J2180,LA,sabine,SABINE,0,22085,FISHER,,,,,22085,P::J2180,exact_state_county,100.0,1.0
P::J2179,J2179,MO,montgomery,MONTGOMERY,0,29139,MONTGOMERY,,,,,29139,P::J2179,exact_state_county,100.0,1.0
P::J2178,J2178,IN,sullivan,SULLIVAN,0,18153,MEROM 345KV,,,,,18153,P::J2178,exact_state_county,100.0,1.0
P::J2177,J2177,IN,tipton,TIPTON,0,18159,TIPTON WEST 230KV,,,,,18159,P::J2177,exact_state_county,100.0,1.0
P::J2176,J2176,LA,calcasieu,CALCASIEU,0,22019,HARTBURG RHODES 500KV,,,,,22019,P::J2176,exact_state_county,100.0,1.0
P::J2175,J2175,MS,washington,WASHINGTON,0,28151,INDIANOLA TO GERALD ANDRUS 230KV,,,,,28151,P::J2175,exact_state_county,100.0,1.0
P::J2174,J2174,MS,tunica,TUNICA,0,28143,ROBINSONVILLE TUNICA 230 115 SUB 230 0KV,,,,,28143,P::J2174,exact_state_county,100.0,1.0
P::J2173,J2173,MS,hinds,HINDS,0,28049,BOLTON,,,,,28049,P::J2173,exact_state_county,100.0,1.0
P::J2172,J2172,IL,mcdonough,MCDONOUGH,0,17109,MACOMB NORTHEAST,,,,,17109,P::J2172,exact_state_county,100.0,1.0
P::J2191,J2191,LA,st. mary,SAINT MARY,0,22101,CANELAND 230KV SUBSTATION,,,,,22101,P::J2191,exact_state_county,100.0,1.0
P::J2192,J2192,IL,vermilion,VERMILION,0,17183,7BUNSONVILLE 7SIDNEY 345 0KV,,,,,17183,P::J2192,exact_state_county,100.0,1.0
P::J2193,J2193,WI,waushara,WAUSHARA,0,55137,SAND LAKE,,,,,55137,P::J2193,exact_state_county,100.0,1.0
P::J2194,J2194,IN,sullivan,SULLIVAN,0,18153,MEROM GIBSON 345KV LINE,,,,,18153,P::J2194,exact_state_county,100.0,1.0
P::J2214,J2214,LA,sabine,SABINE,0,22085,FISHER 230KV,,,,,22085,P::J2214,exact_state_county,100.0,1.0
P::J2213,J2213,IN,union,UNION,0,18161,HIPLE,,,,,18161,P::J2213,exact_state_county,100.0,1.0
P::J2212,J2212,IN,jefferson,JEFFERSON,0,18077,MADISON MICHIGAN AVE,,,,,18077,P::J2212,exact_state_county,100.0,1.0
P::J2211,J2211,WI,brown,BROWN,0,55009,TOWER DR,,,,,55009,P::J2211,exact_state_county,100.0,1.0
P::J2210,J2210,LA,iberville,IBERVILLE,0,22047,DERRICK 230KV,,,,,22047,P::J2210,exact_state_county,100.0,1.0
P::J2209,J2209,MO,scott,SCOTT,0,29201,ORAN 161KV SUBSTATION,,,,,29201,P::J2209,exact_state_county,100.0,1.0
P::J2208,J2208,LA,de soto,DE SOTO,0,22031,MANSFIELD BUS 500530 TO RED RIVER TAP BUS 500762 138KV,,,,,22031,P::J2208,exact_state_county,100.0,1.0
P::J2207,J2207,KY,henderson,HENDERSON,0,21101,HENDERSON TO AB BROWN 138KV,,,,,21101,P::J2207,exact_state_county,100.0,1.0
P::J2206,J2206,IN,fountain,FOUNTAIN,0,18045,ATTICA SUBSTATION 230KV,,,,,18045,P::J2206,exact_state_county,100.0,1.0
P::J2171,J2171,IL,perry,PERRY,0,17145,ASTER TO COMMODORE,,,,,17145,P::J2171,exact_state_county,100.0,1.0
P::J2205,J2205,MO,callaway,CALLAWAY,0,29027,J1145 NEW 345KV POI SUBSTATION AMEREN OVERTON MONTGOMERY 345KV LINE,,,,,29027,P::J2205,exact_state_county,100.0,1.0
P::J2203,J2203,IL,adams,ADAMS,0,17001,EAST QUINCY,,,,,17001,P::J2203,exact_state_county,100.0,1.0
P::J2202,J2202,LA,jefferson davis,JEFFERSON DAVIS,0,22053,LACASSINE 69KV,,,,,22053,P::J2202,exact_state_county,100.0,1.0
P::J2201,J2201,IN,harrison,HARRISON,0,18061,KENZIG ROAD HE RAMSEY 345 0KV,,,,,18061,P::J2201,exact_state_county,100.0,1.0
P::J2200,J2200,MN,scott,SCOTT,0,27139,BLUE LAKE,,,,,27139,P::J2200,exact_state_county,100.0,1.0
P::J2199,J2199,MN,anoka,ANOKA,0,27003,COON CREEK,,,,,27003,P::J2199,exact_state_county,100.0,1.0
P::J2198,J2198,MO,jefferson,JEFFERSON,0,29099,JOACHIM 138KV,,,,,29099,P::J2198,exact_state_county,100.0,1.0
P::J2197,J2197,IL,clay,CLAY,0,17025,XENIA,,,,,17025,P::J2197,exact_state_county,100.0,1.0
P::J2196,J2196,IL,montgomery,MONTGOMERY,0,17135,AUSTIN 138KV,,,,,17135,P::J2196,exact_state_county,100.0,1.0
P::J2195,J2195,IL,fayette,FAYETTE,0,17051,RAMSEY EAST 138KV,,,,,17051,P::J2195,exact_state_county,100.0,1.0
P::J2204,J2204,IL,st. clair,SAINT CLAIR,0,17163,DUPO FERRY,,,,,17163,P::J2204,exact_state_county,100.0,1.0
P::J2215,J2215,IN,lake,LAKE,0,18089,SCHAHFER GEN STA ST JOHN 345 0KV,,,,,18089,P::J2215,exact_state_county,100.0,1.0
P::J2170,J2170,IL,clark,CLARK,0,17023,SNYDER 345KV J1180 J1475 POI,,,,,17023,P::J2170,exact_state_county,100.0,1.0
P::J2168,J2168,TX,jefferson,JEFFERSON,0,48245,CHINA SUBSTATION,,,,,48245,P::J2168,exact_state_county,100.0,1.0
P::J2143,J2143,AR,chicot,CHICOT,0,05017,LAKE VILLAGE BAGBY 115KV,,,,,05017,P::J2143,exact_state_county,100.0,1.0
P::J2142,J2142,MO,adair,ADAIR,0,29001,MAYWOOD ZACHARY 345KV LINE,,,,,29001,P::J2142,exact_state_county,100.0,1.0
P::J2141,J2141,AR,monroe,MONROE,0,05095,BRINKLEY EAST TO CLARENDON 115KV,,,,,05095,P::J2141,exact_state_county,100.0,1.0
P::J2140,J2140,AR,monroe,MONROE,0,05095,BRINKLEY EAST TO CLARENDON 115KV,,,,,05095,P::J2140,exact_state_county,100.0,1.0
P::J2139,J2139,MI,livingston,LIVINGSTON,0,26093,BLACKFOOT MADRID 345 0KV,,,,,26093,P::J2139,exact_state_county,100.0,1.0
P::J2138,J2138,TX,hardin,HARDIN,0,48199,RYE CO CYPRESS 138KV,,,,,48199,P::J2138,exact_state_county,100.0,1.0
P::J2137,J2137,KY,ohio,OHIO,0,21183,345KV WILSON SUBSTATION,,,,,21183,P::J2137,exact_state_county,100.0,1.0
P::J2136,J2136,IL,iroquois,IROQUOIS,0,17075,GILMAN SOUTH,,,,,17075,P::J2136,exact_state_county,100.0,1.0
P::J2135,J2135,LA,evangeline,EVANGELINE,0,22039,VILLE PLATTE WEST FORK 230KV,,,,,22039,P::J2135,exact_state_county,100.0,1.0
P::J2134,J2134,AR,pulaski,PULASKI,0,05119,WHITE BLUFF EHV WRIGHTSVILLE 115 0KV,,,,,05119,P::J2134,exact_state_county,100.0,1.0
P::J2133,J2133,AR,white,WHITE,0,05145,GARNER 115KV SUBSTATION,,,,,05145,P::J2133,exact_state_county,100.0,1.0
P::J2132,J2132,IN,vermillion,VERMILLION,0,18165,CAYUGA 230KV,,,,,18165,P::J2132,exact_state_county,100.0,1.0
P::J2131,J2131,IL,jasper,JASPER,0,17079,7CASEY 7NEWTON 345 0KV,,,,,17079,P::J2131,exact_state_county,100.0,1.0
P::J2130,J2130,IN,vermillion,VERMILLION,0,18165,CLINTON 230KV,,,,,18165,P::J2130,exact_state_county,100.0,1.0
P::J2129,J2129,MI,allegan,ALLEGAN,0,26005,BRADLEY 138KV SUBSTATION,,,,,26005,P::J2129,exact_state_county,100.0,1.0
P::J2128,J2128,IL,coles,COLES,0,17029,7ARLAND 7FARADAY 345 0KV,,,,,17029,P::J2128,exact_state_county,100.0,1.0
P::J2127,J2127,MS,jefferson davis,JEFFERSON DAVIS,0,28065,SILVER CREEK 115KV,,,,,28065,P::J2127,exact_state_county,100.0,1.0
P::J2126,J2126,AR,lonoke,LONOKE,0,05085,GARNER SS TO SERACY PRICE 115KV LINE,,,,,05085,P::J2126,exact_state_county,100.0,1.0
P::J2125,J2125,IL,clay,CLAY,0,17025,XENIA TO W MT VERNON 345KV,,,,,17025,P::J2125,exact_state_county,100.0,1.0
P::J2144,J2144,IN,jasper,JASPER,0,18073,SCHAHFER 345KV SUB,,,,,18073,P::J2144,exact_state_county,100.0,1.0
P::J2145,J2145,KY,ohio,OHIO,0,21183,WILSON EHV,,,,,21183,P::J2145,exact_state_county,100.0,1.0
P::J2146,J2146,KY,hopkins,HOPKINS,0,21107,HOPKINS COUNTY 161KV SUBSTATION,,,,,21107,P::J2146,exact_state_county,100.0,1.0
P::J2147,J2147,KY,daviess,DAVIESS,0,21059,DAVIESS COUNTY UTICA 69KV,,,,,21059,P::J2147,exact_state_county,100.0,1.0
P::J2167,J2167,LA,calcasieu,CALCASIEU,0,22019,CHALKLEY SOLAC 230KV,,,,,22019,P::J2167,exact_state_county,100.0,1.0
P::J2166,J2166,IA,taylor,TAYLOR,0,19173,CLARINDA BRADDYVILLE 161KV LINE,,,,,19173,P::J2166,exact_state_county,100.0,1.0
P::J2165,J2165,TX,liberty,LIBERTY,0,48291,JACINTO SHECO BATISTE CREEK 230 0KV,,,,,48291,P::J2165,exact_state_county,100.0,1.0
P::J2164,J2164,IN,pike,PIKE,0,18125,PETERSBURG 345KV,,,,,18125,P::J2164,exact_state_county,100.0,1.0
P::J2163,J2163,LA,calcasieu,CALCASIEU,0,22019,230KV PENTON ROAD TO ROY S NELSON 230KV,,,,,22019,P::J2163,exact_state_county,100.0,1.0
P::J2162,J2162,MS,leflore,LEFLORE,0,28083,ITTA BENNA MOORHEAD 115KV,,,,,28083,P::J2162,exact_state_county,100.0,1.0
P::J2161,J2161,IL,fulton,FULTON,0,17057,IPAVA 138KV,,,,,17057,P::J2161,exact_state_county,100.0,1.0
P::J2160,J2160,IN,bartholomew,BARTHOLOMEW,0,18005,GALLAGHER TO COLUMBUS 230KV,,,,,18005,P::J2160,exact_state_county,100.0,1.0
P::J2159,J2159,IL,clark,CLARK,0,17023,HUTSONVILLE NEOGA 138KV,,,,,17023,P::J2159,exact_state_county,100.0,1.0
P::J2169,J2169,LA,beauregard,BEAUREGARD,0,22011,DERIDDER CENTENNIAL 138 KV,,,,,22011,P::J2169,exact_state_county,100.0,1.0
P::J2158,J2158,IL,clark,CLARK,0,17023,HUTSONVILLE NEOGA 138KV,,,,,17023,P::J2158,exact_state_county,100.0,1.0
P::J2156,J2156,IL,johnson,JOHNSON,0,17087,MASSAC JORDAN 345KV,,,,,17087,P::J2156,exact_state_county,100.0,1.0
P::J2155,J2155,MO,new madrid,NEW MADRID,0,29143,OTHER_,,,,,29143,P::J2155,exact_state_county,100.0,1.0
P::J2154,J2154,LA,calcasieu,CALCASIEU,0,22019,CARLYSS NELSON 230KV,,,,,22019,P::J2154,exact_state_county,100.0,1.0
P::J2153,J2153,AR,ashley,ASHLEY,0,05003,ASHLEY SWITCHYARD,,,,,05003,P::J2153,exact_state_county,100.0,1.0
P::J2152,J2152,LA,tangipahoa,TANGIPAHOA,0,22105,INDEPENDENCE LA HAMMOND 230 0KV,,,,,22105,P::J2152,exact_state_county,100.0,1.0
P::J2151,J2151,IL,saline,SALINE,0,17165,MUDDY TO WEST FRANKFORT 138KV LINE,,,,,17165,P::J2151,exact_state_county,100.0,1.0
P::J2150,J2150,IN,jefferson,JEFFERSON,0,18077,MADISON 138KV,,,,,18077,P::J2150,exact_state_county,100.0,1.0
P::J2149,J2149,AR,pulaski,PULASKI,0,05119,WHITE BLUFF EHV HENSLEY 115 0KV,,,,,05119,P::J2149,exact_state_county,100.0,1.0
P::J2148,J2148,WI,outagamie,OUTAGAMIE,0,55087,WERNER WEST 138KV,,,,,55087,P::J2148,exact_state_county,100.0,1.0
P::J2157,J2157,ND,morton,MORTON,0,38059,TRI COUNTY 230KV SUBSTATION,,,,,38059,P::J2157,exact_state_county,100.0,1.0
P::J2123,J2123,IN,dubois,DUBOIS,0,18037,DUFF 138KV,,,,,18037,P::J2123,exact_state_county,100.0,1.0
P::J2216,J2216,IN,vigo,VIGO,0,18167,SANDCUT ROCKVILLE 138KV,,,,,18167,P::J2216,exact_state_county,100.0,1.0
P::J2218,J2218,WI,manitowoc,MANITOWOC,0,55071,SHOTO,,,,,55071,P::J2218,exact_state_county,100.0,1.0
P::J2284,J2284,MS,coahoma,COAHOMA,0,28027,CLARKSDALE DELTA 115KV LINE,,,,,28027,P::J2284,exact_state_county,100.0,1.0
P::J2283,J2283,MI,hillsdale,HILLSDALE,0,26059,18KNOWLES MISO NODE 256632,,,,,26059,P::J2283,exact_state_county,100.0,1.0
P::J2282,J2282,KY,ohio,OHIO,0,21183,BR TAP NEW HARDINSBURG 161KV,,,,,21183,P::J2282,exact_state_county,100.0,1.0
P::J2281,J2281,IN,white,WHITE,0,18181,REYNOLDS 138KV,,,,,18181,P::J2281,exact_state_county,100.0,1.0
P::J2280,J2280,IN,hancock,HANCOCK,0,18059,GREENWOOD CLARK TOWNSHIP,,,,,18059,P::J2280,exact_state_county,100.0,1.0
P::J2279,J2279,MI,ionia,IONIA,0,26067,BURNIPS TO TREMAINE 138KV LINE,,,,,26067,P::J2279,exact_state_county,100.0,1.0
P::J2278,J2278,IL,edgar,EDGAR,0,17045,OTHER_,,,,,17045,P::J2278,exact_state_county,100.0,1.0
P::J2277,J2277,WI,portage,PORTAGE,0,55097,ARNOTT GOLDEN SANDS 138 0KV,,,,,55097,P::J2277,exact_state_county,100.0,1.0
P::J2276,J2276,MN,douglas,DOUGLAS,0,27041,ALEXANDRIA,,,,,27041,P::J2276,exact_state_county,100.0,1.0
P::J2275,J2275,IL,peoria,PEORIA,0,17143,FARGO TO SANDBURG 345KV,,,,,17143,P::J2275,exact_state_county,100.0,1.0
P::J2274,J2274,MO,lincoln,LINCOLN,0,29113,PIKE TROY 161KV,,,,,29113,P::J2274,exact_state_county,100.0,1.0
P::J2273,J2273,IL,clinton,CLINTON,0,17027,TABOR,,,,,17027,P::J2273,exact_state_county,100.0,1.0
P::J2272,J2272,IA,clinton,CLINTON,0,19045,CALAMUS EAST,,,,,19045,P::J2272,exact_state_county,100.0,1.0
P::J2271,J2271,WI,columbia,COLUMBIA,0,55021,SOUTH FOND DU LAC TO COLUMBIA 345KV,,,,,55021,P::J2271,exact_state_county,100.0,1.0
P::J2270,J2270,IN,sullivan,SULLIVAN,0,18153,MEROM 345KV,,,,,18153,P::J2270,exact_state_county,100.0,1.0
P::J2269,J2269,IN,fountain,FOUNTAIN,0,18045,VEEDERSBURG WEST LAFAYETTE 230KV,,,,,18045,P::J2269,exact_state_county,100.0,1.0
P::J2268,J2268,IA,linn,LINN,0,19113,DUANE ARNOLD,,,,,19113,P::J2268,exact_state_county,100.0,1.0
P::J2267,J2267,IL,williamson,WILLIAMSON,0,17199,345KV CRAB ORCHARD SUBSTATION,,,,,17199,P::J2267,exact_state_county,100.0,1.0
P::J2266,J2266,IL,edgar,EDGAR,0,17045,7KANSAS 08SUGCRK 345 0KV,,,,,17045,P::J2266,exact_state_county,100.0,1.0
P::J2285,J2285,MN,polk,POLK,0,27119,PRAIRE WINGER,,,,,27119,P::J2285,exact_state_county,100.0,1.0
P::J2286,J2286,MN,polk,POLK,0,27119,PRAIRE WINGER 230KV,,,,,27119,P::J2286,exact_state_county,100.0,1.0
P::J2287,J2287,MS,bolivar,BOLIVAR,0,28011,DELTA SES SWITCHYARD 115KV,,,,,28011,P::J2287,exact_state_county,100.0,1.0
P::J2288,J2288,MO,audrain,AUDRAIN,0,29007,SPENCER CREEK,,,,,29007,P::J2288,exact_state_county,100.0,1.0
P::J2308,J2308,IN,miami,MIAMI,0,18103,GREENTOWN WALTON 230 0KV,,,,,18103,P::J2308,exact_state_county,100.0,1.0
P::J2307,J2307,IN,miami,MIAMI,0,18103,GREENTOWN WALTON 230 0KV,,,,,18103,P::J2307,exact_state_county,100.0,1.0
P::J2306,J2306,IL,perry,PERRY,0,17145,COMMODORE JORDAN,,,,,17145,P::J2306,exact_state_county,100.0,1.0
P::J2305,J2305,KY,henderson,HENDERSON,0,21101,HENDERSON AB BROWN 138KV,,,,,21101,P::J2305,exact_state_county,100.0,1.0
P::J2304,J2304,WI,columbia,COLUMBIA,0,55021,COLUMBIA ROCKDALE 345 0KV,,,,,55021,P::J2304,exact_state_county,100.0,1.0
P::J2303,J2303,WI,waushara,WAUSHARA,0,55137,SAND LAKE 138KV SUBSTATION,,,,,55137,P::J2303,exact_state_county,100.0,1.0
P::J2302,J2302,LA,st. helena,SAINT HELENA,0,22091,MCKNIGHT PLANT DANIEL 500 0KV,,,,,22091,P::J2302,exact_state_county,100.0,1.0
P::J2301,J2301,IN,vigo,VIGO,0,18167,OTHER_,,,,,18167,P::J2301,exact_state_county,100.0,1.0
P::J2300,J2300,AR,greene,GREENE,0,05055,GAINESVILLE SWITCHING STATION,,,,,05055,P::J2300,exact_state_county,100.0,1.0
P::J2265,J2265,MO,bollinger,BOLLINGER,0,29017,ST FRANCOIS BUS 345773 LUTESVILLE BUS 344974 345KV LINE,,,,,29017,P::J2265,exact_state_county,100.0,1.0
P::J2299,J2299,AR,greene,GREENE,0,05055,MARMADUKE,,,,,05055,P::J2299,exact_state_county,100.0,1.0
P::J2297,J2297,MS,sunflower,SUNFLOWER,0,28133,INDIANOLA 230KV SUBSTATION,,,,,28133,P::J2297,exact_state_county,100.0,1.0
P::J2296,J2296,IN,sullivan,SULLIVAN,0,18153,MEROM GIBSON 345KV LINE TAP,,,,,18153,P::J2296,exact_state_county,100.0,1.0
P::J2295,J2295,IN,sullivan,SULLIVAN,0,18153,MEROM SUBSTATION 345KV,,,,,18153,P::J2295,exact_state_county,100.0,1.0
P::J2294,J2294,AR,mississippi,MISSISSIPPI,0,05093,DELL TO NUCOR 161KV,,,,,05093,P::J2294,exact_state_county,100.0,1.0
P::J2293,J2293,WI,adams,ADAMS,0,55001,OTHER_,,,,,55001,P::J2293,exact_state_county,100.0,1.0
P::J2292,J2292,LA,calcasieu,CALCASIEU,0,22019,GOOS FERRY,,,,,22019,P::J2292,exact_state_county,100.0,1.0
P::J2291,J2291,MN,polk,POLK,0,27119,WINGER,,,,,27119,P::J2291,exact_state_county,100.0,1.0
P::J2290,J2290,LA,avoyelles,AVOYELLES,0,22009,CLECO YELLOW BAYOU 138KV SUBSTATION,,,,,22009,P::J2290,exact_state_county,100.0,1.0
P::J2289,J2289,MS,sunflower,SUNFLOWER,0,28133,INDIANOLA 230 130 SUB,,,,,28133,P::J2289,exact_state_county,100.0,1.0
P::J2298,J2298,AR,greene,GREENE,0,05055,GAINESVILLE SWITCHING STATION,,,,,05055,P::J2298,exact_state_county,100.0,1.0
P::J2217,J2217,AR,lee,LEE,0,05077,BRINKLEY EAST AUBREY 230KV LINE,,,,,05077,P::J2217,exact_state_county,100.0,1.0
P::J2264,J2264,AR,prairie,PRAIRIE,0,05117,DESARC A 500KV GRIFFITHVILLE B 500KV,,,,,05117,P::J2264,exact_state_county,100.0,1.0
P::J2262,J2262,AR,jackson,JACKSON,0,05067,INDEPENDENCE ISES POWERLINE ROAD 500 0KV,,,,,05067,P::J2262,exact_state_county,100.0,1.0
P::J2237,J2237,AR,lee,LEE,0,05077,BRINKLEY EAST AUBREY 230KV LINE,,,,,05077,P::J2237,exact_state_county,100.0,1.0
P::J2236,J2236,IN,howard,HOWARD,0,18067,GREENTOWN 230KV,,,,,18067,P::J2236,exact_state_county,100.0,1.0
P::J2235,J2235,TX,san jacinto,SAN JACINTO,0,48407,SHEPHERD SUBSTATION,,,,,48407,P::J2235,exact_state_county,100.0,1.0
P::J2234,J2234,KY,henderson,HENDERSON,0,21101,HENDERSON TO AB BROWN 138KV,,,,,21101,P::J2234,exact_state_county,100.0,1.0
P::J2233,J2233,IL,vermilion,VERMILION,0,17183,7BUNSONVILLE 7SIDNEY 345 0KV,,,,,17183,P::J2233,exact_state_county,100.0,1.0
P::J2232,J2232,IN,tipton,TIPTON,0,18159,TIPTON WEST 230KV,,,,,18159,P::J2232,exact_state_county,100.0,1.0
P::J2231,J2231,AR,jefferson,JEFFERSON,0,05069,SHERRILL 115KV,,,,,05069,P::J2231,exact_state_county,100.0,1.0
P::J2230,J2230,IN,sullivan,SULLIVAN,0,18153,GIBSON STA MEROM HED 345 0KV,,,,,18153,P::J2230,exact_state_county,100.0,1.0
P::J2229,J2229,IN,wabash,WABASH,0,18169,MIAMI WABASH MIER 138KV,,,,,18169,P::J2229,exact_state_county,100.0,1.0
P::J2228,J2228,LA,concordia,CONCORDIA,0,22029,RED GUM,,,,,22029,P::J2228,exact_state_county,100.0,1.0
P::J2227,J2227,WI,trempealeau,TREMPEALEAU,0,55121,INDEPENDENCE BRIDGE CREEK 69 0KV,,,,,55121,P::J2227,exact_state_county,100.0,1.0
P::J2226,J2226,IN,newton,NEWTON,0,18111,GOODLAND MORRISON DITCH 138 0KV,,,,,18111,P::J2226,exact_state_county,100.0,1.0
P::J2225,J2225,KY,henderson,HENDERSON,0,21101,REID EHV 345KV SUBSTATION,,,,,21101,P::J2225,exact_state_county,100.0,1.0
P::J2224,J2224,LA,iberville,IBERVILLE,0,22047,DERRICK 230KV,,,,,22047,P::J2224,exact_state_county,100.0,1.0
P::J2223,J2223,AR,jackson,JACKSON,0,05067,CASH NEWPORT AB 161KV,,,,,05067,P::J2223,exact_state_county,100.0,1.0
P::J2222,J2222,LA,calcasieu,CALCASIEU,0,22019,PENTON ROAD TO NELSON 230KV,,,,,22019,P::J2222,exact_state_county,100.0,1.0
P::J2221,J2221,IN,clark,CLARK,0,18019,SPEED,,,,,18019,P::J2221,exact_state_county,100.0,1.0
P::J2220,J2220,LA,iberville,IBERVILLE,0,22047,DONALDSONVILLE EVERGREEN 230KV,,,,,22047,P::J2220,exact_state_county,100.0,1.0
P::J2219,J2219,MN,olmsted,OLMSTED,0,27109,ROCHESTER WABACO 161 0KV,,,,,27109,P::J2219,exact_state_county,100.0,1.0
P::J2238,J2238,MO,maries,MARIES,0,29125,THE FRANKS BUS 300041 BLAND BUS 344154 345KV LINE,,,,,29125,P::J2238,exact_state_county,100.0,1.0
P::J2239,J2239,MO,washington,WASHINGTON,0,29221,BELGRADE PILOT KNOB 161KV,,,,,29221,P::J2239,exact_state_county,100.0,1.0
P::J2240,J2240,AR,nevada,NEVADA,0,05099,PRESCOTT 337507 TO EMMETT 337505,,,,,05099,P::J2240,exact_state_county,100.0,1.0
P::J2241,J2241,IN,benton,BENTON,0,18007,CAYUGA SUB JORDAN CREEK WIND J515 POI 345KV,,,,,18007,P::J2241,exact_state_county,100.0,1.0
P::J2261,J2261,AR,jackson,JACKSON,0,05067,INDEPENDENCE ISES POWERLINE ROAD 500 0KV,,,,,05067,P::J2261,exact_state_county,100.0,1.0
P::J2260,J2260,MI,presque isle,PRESQUE ISLE,0,26141,PORT CALCITE RIGGSVILLE 138 0KV,,,,,26141,P::J2260,exact_state_county,100.0,1.0
P::J2259,J2259,IN,hendricks,HENDRICKS,0,18063,AMO 345KV,,,,,18063,P::J2259,exact_state_county,100.0,1.0
P::J2258,J2258,IL,adams,ADAMS,0,17001,EAST QUINCY FISHHOOK 138KV,,,,,17001,P::J2258,exact_state_county,100.0,1.0
P::J2257,J2257,LA,evangeline,EVANGELINE,0,22039,VILLE PLATTE WESTFORK 230KV,,,,,22039,P::J2257,exact_state_county,100.0,1.0
P::J2256,J2256,IA,humboldt,HUMBOLDT,0,19091,IRVINGTON WEBSTER 345KV LINE,,,,,19091,P::J2256,exact_state_county,100.0,1.0
P::J2255,J2255,IN,ripley,RIPLEY,0,18137,BATESVILLE 345KV,,,,,18137,P::J2255,exact_state_county,100.0,1.0
P::J2254,J2254,IN,pike,PIKE,0,18125,PETERSBURG 345KV,,,,,18125,P::J2254,exact_state_county,100.0,1.0
P::J2253,J2253,TX,tyler,TYLER,0,48457,FORK CREEK SUBSTATION,,,,,48457,P::J2253,exact_state_county,100.0,1.0
P::J2263,J2263,IN,knox,KNOX,0,18083,EDWARDSPORT 345KV,,,,,18083,P::J2263,exact_state_county,100.0,1.0
P::J2252,J2252,AR,jackson,JACKSON,0,05067,CASH NEWPORT AB,,,,,05067,P::J2252,exact_state_county,100.0,1.0
P::J2250,J2250,ND,stutsman,STUTSMAN,0,38093,ELLENDALE 345,,,,,38093,P::J2250,exact_state_county,100.0,1.0
P::J2249,J2249,LA,acadia,ACADIA,0,22001,BAYOU COVE,,,,,22001,P::J2249,exact_state_county,100.0,1.0
P::J2248,J2248,AR,grant,GRANT,0,05053,WHITE BLUFF EHV TO WRIGHTSVILLE 115KV,,,,,05053,P::J2248,exact_state_county,100.0,1.0
P::J2247,J2247,IL,marshall,MARSHALL,0,17123,WOODHALL,,,,,17123,P::J2247,exact_state_county,100.0,1.0
P::J2246,J2246,KY,henderson,HENDERSON,0,21101,REID EHV 345KV SUBSTATION,,,,,21101,P::J2246,exact_state_county,100.0,1.0
P::J2245,J2245,LA,st. tammany,SAINT TAMMANY,0,22103,MANDEVILLE NORTH SLIDELL 230KV LINE NOT LISTED ON TTF BUT BOTH SUBSTATIONS SEEM TO HAVE BREAKERS,,,,,22103,P::J2245,exact_state_county,100.0,1.0
P::J2244,J2244,AR,pulaski,PULASKI,0,05119,MABELVALE EHV TO WHITE BLUFF EHV 115KV,,,,,05119,P::J2244,exact_state_county,100.0,1.0
P::J2243,J2243,TX,tyler,TYLER,0,48457,WARREN 138KV,,,,,48457,P::J2243,exact_state_county,100.0,1.0
P::J2242,J2242,TX,polk,POLK,0,48373,SHECO,,,,,48373,P::J2242,exact_state_county,100.0,1.0
P::J2251,J2251,IN,grant,GRANT,0,18053,GREENTOWN 230KV,,,,,18053,P::J2251,exact_state_county,100.0,1.0
P::J2496,J2496,IN,white,WHITE,0,18181,REYNOLDS 345KV SUBSTATION,,,,,18181,P::J2496,exact_state_county,100.0,1.0
P::J1749,J1749,LA,west baton rouge,WEST BATON ROUGE,0,22121,ADDIS BIG CAJUN 230KV,,,,,22121,P::J1749,exact_state_county,100.0,1.0
P::J1747,J1747,MS,madison,MADISON,0,28089,J830 POI,,,,,28089,P::J1747,exact_state_county,100.0,1.0
P::J1253,J1253,WI,fond du lac,FOND DU LAC,0,55039,SOUTH FOND DU LAC TO FITZGERALD 345KV LINE,,,,,55039,P::J1253,exact_state_county,100.0,1.0
P::J1252,J1252,MI,marquette,MARQUETTE,0,26103,ARNOLD PERKINS 138KV LINE TAP,,,,,26103,P::J1252,exact_state_county,100.0,1.0
P::J1251,J1251,MI,marquette,MARQUETTE,0,26103,ARNOLD PERKINS 138KV LINE TAP,,,,,26103,P::J1251,exact_state_county,100.0,1.0
P::J1250,J1250,AR,clay,CLAY,0,05021,DATTO CORNING NORTH 161KV LINE,,,,,05021,P::J1250,exact_state_county,100.0,1.0
P::J1249,J1249,MS,lamar,LAMAR,0,28073,MORROW 161KV SUBSTATION,,,,,28073,P::J1249,exact_state_county,100.0,1.0
P::J1248,J1248,MI,calhoun,CALHOUN,0,26025,MARSHALL BLACK STONE 138KV LINE,,,,,26025,P::J1248,exact_state_county,100.0,1.0
P::J1247,J1247,LA,st. mary,SAINT MARY,0,22101,IVANHOE 138KV SUBSTATION,,,,,22101,P::J1247,exact_state_county,100.0,1.0
P::J1246,J1246,LA,iberville parish,IBERVILLE,0,22047,BAYOU LABUTTE 500KV SUBSTATION,,,,,22047,P::J1246,exact_state_county,100.0,1.0
P::J1245,J1245,AR,arkansas,ARKANSAS,0,05001,STUTTGART RICUSKEY WOODWARD 230KV,,,,,05001,P::J1245,exact_state_county,100.0,1.0
P::J1244,J1244,MI,houghton,HOUGHTON,0,26061,WINONA TOIVOLA PORTAGE TAP ATLANTIC MINE 69KV LINE,,,,,26061,P::J1244,exact_state_county,100.0,1.0
P::J1243,J1243,IL,mcdonough,MCDONOUGH,0,17109,MACOMB WEST 2 BLANDLNSVILLE TAP 69KV LINE,,,,,17109,P::J1243,exact_state_county,100.0,1.0
P::J1242,J1242,IL,hancock,HANCOCK,0,17067,HAMILTON LINE 796 TAP TO AUDRIAN 69KV LINE,,,,,17067,P::J1242,exact_state_county,100.0,1.0
P::J1241,J1241,IL,jefferson,JEFFERSON,0,17081,WEST MT VERNON XENIA 345KV LINE,,,,,17081,P::J1241,exact_state_county,100.0,1.0
P::J1240,J1240,MO,audrain,AUDRAIN,0,29007,SPENCER CREEK 345KV SUBSTATION,,,,,29007,P::J1240,exact_state_county,100.0,1.0
P::J1239,J1239,LA,ouachita parish,OUACHITA,0,22073,RILLA 115KV SUBSTATION,,,,,22073,P::J1239,exact_state_county,100.0,1.0
P::J1238,J1238,LA,rapides parish,RAPIDES,0,22079,RAPIDES RODEMACHER 230KV LINE TAP,,,,,22079,P::J1238,exact_state_county,100.0,1.0
P::J1237,J1237,MI,washtenaw,WASHTENAW,0,26161,MAJESTIC MILAN 345KV LINE,,,,,26161,P::J1237,exact_state_county,100.0,1.0
P::J1236,J1236,LA,st. landry parish,SAINT LANDRY,0,22097,VILLE PLATTE WEST FORM 230KV LINE TAP,,,,,22097,P::J1236,exact_state_county,100.0,1.0
P::J1235,J1235,IN,knox,KNOX,0,18083,EDWARDSPORT WASHINGTON MUN LINTON 138KV LINE,,,,,18083,P::J1235,exact_state_county,100.0,1.0
P::J1254,J1254,IN,knox,KNOX,0,18083,MEROM GIBSON WHEATLAND 345KV LINE,,,,,18083,P::J1254,exact_state_county,100.0,1.0
P::J1234,J1234,IN,knox,KNOX,0,18083,EDWARDSPORT WASHINGTON MUN LINTON 138KV LINE,,,,,18083,P::J1234,exact_state_county,100.0,1.0
P::J1255,J1255,MI,ionia,IONIA,0,26067,MARQUETTE VERGENNES 138KV LINE TAP,,,,,26067,P::J1255,exact_state_county,100.0,1.0
P::J1257,J1257,LA,tangipahoa parish,TANGIPAHOA,0,22105,CHICKEN FARM AMITE 115KV LINE,,,,,22105,P::J1257,exact_state_county,100.0,1.0
P::J1276,J1276,IN,posey,POSEY,0,18129,POINT 69KV SUBSTATION,,,,,18129,P::J1276,exact_state_county,100.0,1.0
P::J1275,J1275,KY,henderson,HENDERSON,0,21101,HENDERSON 161KV SUBSTATION,,,,,21101,P::J1275,exact_state_county,100.0,1.0
P::J1274,J1274,IN,posey,POSEY,0,18129,POINT 69KV SUBSTATION,,,,,18129,P::J1274,exact_state_county,100.0,1.0
P::J1273,J1273,IN,marshall,MARSHALL,0,18099,BURR OAK EAST WINNAMAC 138KV LINE TAP,,,,,18099,P::J1273,exact_state_county,100.0,1.0
P::J1272,J1272,IN,vanderburgh,VANDERBURGH,0,18163,ANGEL MOUND 138KV SUBSTATION,,,,,18163,P::J1272,exact_state_county,100.0,1.0
P::J1271,J1271,IN,vanderburgh,VANDERBURGH,0,18163,OAK GROVE 138KV SUBSTATION,,,,,18163,P::J1271,exact_state_county,100.0,1.0
P::J1270,J1270,IA,palo alto,PALO ALTO,0,19147,KOSSUTH O BRIEN 345KV LINE TAP,,,,,19147,P::J1270,exact_state_county,100.0,1.0
P::J1269,J1269,IN,warrick,WARRICK,0,18173,ELLIOTT 69KV SUBSTATION,,,,,18173,P::J1269,exact_state_county,100.0,1.0
P::J1268,J1268,MO,lincoln,LINCOLN,0,29113,PIKE TROY 161KV LINE,,,,,29113,P::J1268,exact_state_county,100.0,1.0
P::J1267,J1267,AR,cross,CROSS,0,05037,FISHER CHERRY VALLEY 161KV LINE,,,,,05037,P::J1267,exact_state_county,100.0,1.0
P::J1266,J1266,IL,marion,MARION,0,17121,KINMUNDY SALEM 138KV LINE,,,,,17121,P::J1266,exact_state_county,100.0,1.0
P::J1265,J1265,IN,lagrange,LAGRANGE,0,18087,WOLCOTTVILLE SOUTH MILFORD 69KV LINE,,,,,18087,P::J1265,exact_state_county,100.0,1.0
P::J1264,J1264,MI,schoolcraft,SCHOOLCRAFT,0,26153,BLANEY PARK ENGADINE HIAWATHA ALGER MUNISING 69KV LINE,,,,,26153,P::J1264,exact_state_county,100.0,1.0
P::J1263,J1263,IL,clark,CLARK,0,17023,CASEY KANSAS WEST 345KV LINE,,,,,17023,P::J1263,exact_state_county,100.0,1.0
P::J1262,J1262,MI,wayne,WAYNE,0,26163,WATERMAN 120KV SUBSTATION,,,,,26163,P::J1262,exact_state_county,100.0,1.0
P::J1261,J1261,AR,monroe,MONROE,0,05095,CLARENDON BRINKLEY EAST 115KV LINE,,,,,05095,P::J1261,exact_state_county,100.0,1.0
P::J1260,J1260,AR,desha,DESHA,0,05041,DUMAS REED 115KV LINE,,,,,05041,P::J1260,exact_state_county,100.0,1.0
P::J1259,J1259,MS,pike,PIKE,0,28113,COLONIAL PIPELINE KENTWOOD 115KV LINE,,,,,28113,P::J1259,exact_state_county,100.0,1.0
P::J1258,J1258,AR,lonoke,LONOKE,0,05085,KEO EHV 500KV SUBSTATION,,,,,05085,P::J1258,exact_state_county,100.0,1.0
P::J1256,J1256,MI,washtenaw,WASHTENAW,0,26161,DORSET 120KV SUBSTATION,,,,,26161,P::J1256,exact_state_county,100.0,1.0
P::J1233,J1233,IN,pike,PIKE,0,18125,CATO 138KV SUBSTATION,,,,,18125,P::J1233,exact_state_county,100.0,1.0
P::J1232,J1232,IL,coles,COLES,0,17029,CHESTERVILLE MATTOON WEST 138KV LINE,,,,,17029,P::J1232,exact_state_county,100.0,1.0
P::J1231,J1231,KY,lyon,LYON,0,21143,BARKLEY CALDWELL 161KV LINE,,,,,21143,P::J1231,exact_state_county,100.0,1.0
P::J1206,J1206,MI,branch,BRANCH,0,26023,NEWTON 138KV SUBSTATION,,,,,26023,P::J1206,exact_state_county,100.0,1.0
P::J1205,J1205,LA,allen parish,ALLEN,0,22003,CENTENNIAL WEST BAY 138KV LINE,,,,,22003,P::J1205,exact_state_county,100.0,1.0
P::J1204,J1204,IL,cumberland,CUMBERLAND,0,17035,CASEY WEST 345KV SUBSTATION,,,,,17035,P::J1204,exact_state_county,100.0,1.0
P::J1203,J1203,MI,genesee,GENESEE,0,26049,THETFORD 345KV SUBSTATION,,,,,26049,P::J1203,exact_state_county,100.0,1.0
P::J1202,J1202,IL,randolph,RANDOLPH,0,17157,BALDWIN PLANT 345KV SWITCHYARD BALDWIN UNIT 2,,,,,17157,P::J1202,exact_state_county,100.0,1.0
P::J1201,J1201,IL,montgomery,MONTGOMERY,0,17135,NORTH COFFEEN 138KV SUBSTATION,,,,,17135,P::J1201,exact_state_county,100.0,1.0
P::J1200,J1200,IL,putnam,PUTNAM,0,17155,PUTNAM 138KV SUBSTATION,,,,,17155,P::J1200,exact_state_county,100.0,1.0
P::J1199,J1199,IL,fulton,FULTON,0,17057,DUCK CREEK 345KV SUBSTATION,,,,,17057,P::J1199,exact_state_county,100.0,1.0
P::J1198,J1198,IL,jasper,JASPER,0,17079,NEWTON 345KV SUBSTATION,,,,,17079,P::J1198,exact_state_county,100.0,1.0
P::J1197,J1197,IL,lasalle,LASALLE,0,17099,CORBIN 138KV SUBSTATION,,,,,17099,P::J1197,exact_state_county,100.0,1.0
P::J1196,J1196,MI,sanilac,SANILAC,0,26151,GREENWOOD RAPSON BANNER 345KV LINE TAP,,,,,26151,P::J1196,exact_state_county,100.0,1.0
P::J1195,J1195,MI,branch,BRANCH,0,26023,WAGNER 138KV SUBSTATION,,,,,26023,P::J1195,exact_state_county,100.0,1.0
P::J1194,J1194,MI,midland,MIDLAND,0,26111,MURPHY 138KV SUBSTATION,,,,,26111,P::J1194,exact_state_county,100.0,1.0
P::J1193,J1193,ND,morton,MORTON,0,38059,HESKITT 115KV SWITCHYARD,,,,,38059,P::J1193,exact_state_county,100.0,1.0
P::J1192,J1192,MI,eaton,EATON,0,26045,ONEIDA 138KV SUBSTATION,,,,,26045,P::J1192,exact_state_county,100.0,1.0
P::J1191,J1191,MO,boone,BOONE,0,29019,BOLSTAD 69KV SUBSTATION,,,,,29019,P::J1191,exact_state_county,100.0,1.0
P::J1190,J1190,IA,clinton,CLINTON,0,19045,CALAMUS EAST 161KV SUBSTATION,,,,,19045,P::J1190,exact_state_county,100.0,1.0
P::J1189,J1189,IN,brown,BROWN,0,18013,CRANE SOLAR 69KV SUBSTATION,,,,,18013,P::J1189,exact_state_county,100.0,1.0
P::J1188,J1188,WI,rock,ROCK,0,55105,SHEEPSKIN 69KV SUBSTATION,,,,,55105,P::J1188,exact_state_county,100.0,1.0
P::J1207,J1207,MI,branch,BRANCH,0,26023,NEWTON 138KV SUBSTATION,,,,,26023,P::J1207,exact_state_county,100.0,1.0
P::J1208,J1208,IL,saline,SALINE,0,17165,MUDDY CRAB ORCHARD 138KV LINE,,,,,17165,P::J1208,exact_state_county,100.0,1.0
P::J1209,J1209,IL,saline,SALINE,0,17165,MUDDY CRAB ORCHARD 138KV LINE,,,,,17165,P::J1209,exact_state_county,100.0,1.0
P::J1210,J1210,MI,iosco,IOSCO,0,26069,WHITTEMORE TWINING 138KV LINE,,,,,26069,P::J1210,exact_state_county,100.0,1.0
P::J1230,J1230,MN,wadena,WADENA,0,27159,WING RIVER RIVERTON 230KV LINE,,,,,27159,P::J1230,exact_state_county,100.0,1.0
P::J1229,J1229,IA,muscatine,MUSCATINE,0,19139,SUB 92 345KV SUBSTATION,,,,,19139,P::J1229,exact_state_county,100.0,1.0
P::J1228,J1228,MN,faribault,FARIBAULT,0,27043,HUNTLEY 161KV SUBSTATION,,,,,27043,P::J1228,exact_state_county,100.0,1.0
P::J1227,J1227,IN,spencer,SPENCER,0,18147,DUBOIS FB CULLEY 138KV LINE TAP,,,,,18147,P::J1227,exact_state_county,100.0,1.0
P::J1226,J1226,MI,lenawee,LENAWEE,0,26091,MOROCCO 345KV SUBSTATION,,,,,26091,P::J1226,exact_state_county,100.0,1.0
P::J1225,J1225,IL,washington,WASHINGTON,0,17189,ASHLEY TURKEY HILL LINE 1482 BETWEEN THE OKAWVILLE AND NORTH NASHVILLE SUBSTATIONS,,,,,17189,P::J1225,exact_state_county,100.0,1.0
P::J1224,J1224,MI,washtenaw,WASHTENAW,0,26161,MAJESTIC MILAN 345KV LINE TAP,,,,,26161,P::J1224,exact_state_county,100.0,1.0
P::J1223,J1223,MS,pike,PIKE,0,28113,COLONIAL PIPELINE KENTWOOD 115KV LINE,,,,,28113,P::J1223,exact_state_county,100.0,1.0
P::J1222,J1222,MO,ralls,RALLS,0,29173,SPENCER CREEK 345KV SUBSTATION,,,,,29173,P::J1222,exact_state_county,100.0,1.0
P::J1277,J1277,TX,liberty,LIBERTY,0,48291,PINTAIL 138KV SUBSTATION,,,,,48291,P::J1277,exact_state_county,100.0,1.0
P::J1221,J1221,MN,wadena,WADENA,0,27159,WING RIVER RIVERTON 230KV LINE,,,,,27159,P::J1221,exact_state_county,100.0,1.0
P::J1219,J1219,LA,tangipahoa parish,TANGIPAHOA,0,22105,CHICKEN FARM AMITE 115KV LINE,,,,,22105,P::J1219,exact_state_county,100.0,1.0
P::J1218,J1218,IA,muscatine,MUSCATINE,0,19139,SUB 92 345KV,,,,,19139,P::J1218,exact_state_county,100.0,1.0
P::J1217,J1217,LA,st. landry parish,SAINT LANDRY,0,22097,VILLE PLATTE WEST FORK 230KV LINE TAP,,,,,22097,P::J1217,exact_state_county,100.0,1.0
P::J1216,J1216,IL,washington,WASHINGTON,0,17189,ASHLEY 138KV SUBSTATION,,,,,17189,P::J1216,exact_state_county,100.0,1.0
P::J1215,J1215,AR,arkansas,ARKANSAS,0,05001,STUTTGART RICUSKEY WOODWARD 230KV,,,,,05001,P::J1215,exact_state_county,100.0,1.0
P::J1214,J1214,WI,dane,DANE,0,55025,ROCKDALE 345KV SUBSTATION,,,,,55025,P::J1214,exact_state_county,100.0,1.0
P::J1213,J1213,MO,iron,IRON,0,29093,TAUM SAUK 138KV SWITCHYARD BUS 1 2,,,,,29093,P::J1213,exact_state_county,100.0,1.0
P::J1212,J1212,MN,murray,MURRAY,0,27101,CHANARAMBIE ELLSBOROUGH 115KV LINE,,,,,27101,P::J1212,exact_state_county,100.0,1.0
P::J1211,J1211,MI,isabella,ISABELLA,0,26073,VERNON METC TAP 138KV LINE,,,,,26073,P::J1211,exact_state_county,100.0,1.0
P::J1220,J1220,LA,rapides parish,RAPIDES,0,22079,RAPIDES RODEMACHER 230KV LINE TAP,,,,,22079,P::J1220,exact_state_county,100.0,1.0
P::J1278,J1278,TX,polk,POLK,0,48373,CORRIGAN BULK STALEY 138KV LINE,,,,,48373,P::J1278,exact_state_county,100.0,1.0
P::J1279,J1279,TX,hardin,HARDIN,0,48199,RYE CYPRESS 138KV LINE,,,,,48199,P::J1279,exact_state_county,100.0,1.0
P::J1280,J1280,AR,monroe,MONROE,0,05095,BRINKLEY EAST CLARENDON 115KV LINE,,,,,05095,P::J1280,exact_state_county,100.0,1.0
P::J1346,J1346,MI,wayne,WAYNE,0,26163,BROWNSTOWN 345KV SUBSTATION,,,,,26163,P::J1346,exact_state_county,100.0,1.0
P::J1345,J1345,WI,dodge,DODGE,0,55027,NORTH BEAVER DAM 69KV SUBSTATION,,,,,55027,P::J1345,exact_state_county,100.0,1.0
P::J1344,J1344,IA,mills,MILLS,0,19129,HASTINGS 69KV SUBSTATION,,,,,19129,P::J1344,exact_state_county,100.0,1.0
P::J1343,J1343,IA,cerro gordo,CERRO GORDO,0,19033,EMERY LIME CREEK 161KV LINE TAP,,,,,19033,P::J1343,exact_state_county,100.0,1.0
P::J1342,J1342,IN,starke,STARKE,0,18149,STARKE 138KV SUBSTATION,,,,,18149,P::J1342,exact_state_county,100.0,1.0
P::J1341,J1341,IA,buchanan,BUCHANAN,0,19019,HAZLETON 345KV SUBSTATION,,,,,19019,P::J1341,exact_state_county,100.0,1.0
P::J1340,J1340,IN,jasper,JASPER,0,18073,SCHAHFER BURR OAK 345KV LINE,,,,,18073,P::J1340,exact_state_county,100.0,1.0
P::J1339,J1339,IN,jasper,JASPER,0,18073,SCHAHFER BURR OAK 345KV LINE,,,,,18073,P::J1339,exact_state_county,100.0,1.0
P::J1338,J1338,MO,audrain,AUDRAIN,0,29007,SPENCER CREEK MONTGOMERY 345KV LINE TAP,,,,,29007,P::J1338,exact_state_county,100.0,1.0
P::J1337,J1337,MN,sherburne,SHERBURNE,0,27141,SHERBURNE COUNTY 345KV SUBSTATION,,,,,27141,P::J1337,exact_state_county,100.0,1.0
P::J1336,J1336,IN,jasper,JASPER,0,18073,SCHAHFER BURR OAK 345KV LINE,,,,,18073,P::J1336,exact_state_county,100.0,1.0
P::J1335,J1335,IN,jasper,JASPER,0,18073,SCHAHFER BURR OAK 345KV LINE,,,,,18073,P::J1335,exact_state_county,100.0,1.0
P::J1334,J1334,IN,jasper,JASPER,0,18073,SCHAHFER BURR OAK 345KV LINE,,,,,18073,P::J1334,exact_state_county,100.0,1.0
P::J1333,J1333,IN,jasper,JASPER,0,18073,SCHAHFER BURR OAK 345KV LINE,,,,,18073,P::J1333,exact_state_county,100.0,1.0
P::J1332,J1332,IN,jasper,JASPER,0,18073,ROLLIN SCHAHFER LAKE GEORGE 345KV LINE,,,,,18073,P::J1332,exact_state_county,100.0,1.0
P::J1331,J1331,MI,st. clair,SAINT CLAIR,0,26147,GREENWOOD 120KV SUBSTATION,,,,,26147,P::J1331,exact_state_county,100.0,1.0
P::J1330,J1330,IL,randolph,RANDOLPH,0,17157,BALDWIN 345KV SUBSTATION,,,,,17157,P::J1330,exact_state_county,100.0,1.0
P::J1329,J1329,MI,washtenaw,WASHTENAW,0,26161,MAJESTIC MILAN 345KV LINE TAP,,,,,26161,P::J1329,exact_state_county,100.0,1.0
P::J1328,J1328,SD,grant,GRANT,0,46051,BIG STONE SOUTH 345KV SUB,,,,,46051,P::J1328,exact_state_county,100.0,1.0
P::J1347,J1347,MS,scott,SCOTT,0,28123,PELAHATCHIE SCOTT 115KV LINE TAP,,,,,28123,P::J1347,exact_state_county,100.0,1.0
P::J1348,J1348,IN,vermillion,VERMILLION,0,18165,CAYUGA SUGAR CREEK 345KV LINE,,,,,18165,P::J1348,exact_state_county,100.0,1.0
P::J1349,J1349,MN,cottonwood,COTTONWOOD,0,27033,CRANDALL 345KV SUBSTATION,,,,,27033,P::J1349,exact_state_county,100.0,1.0
P::J1350,J1350,MI,monroe,MONROE,0,26115,MILAN MONROE MOROCCO 345KV POINT,,,,,26115,P::J1350,exact_state_county,100.0,1.0
P::J1370,J1370,MI,chippewa,CHIPPEWA,0,26033,9 MILE SW STA DAFTER 69KV LINE,,,,,26033,P::J1370,exact_state_county,100.0,1.0
P::J1369,J1369,IN,dubois,DUBOIS,0,18037,DUBOIS CULLEY 138KV LINE,,,,,18037,P::J1369,exact_state_county,100.0,1.0
P::J1368,J1368,LA,pointe coupee,POINTE COUPEE,0,22077,FANCY POINT WATERLOO 230KV LINE,,,,,22077,P::J1368,exact_state_county,100.0,1.0
P::J1367,J1367,LA,st. mary,SAINT MARY,0,22101,CANELAND 230KV SUBSTATION,,,,,22101,P::J1367,exact_state_county,100.0,1.0
P::J1366,J1366,WI,eau claire,EAU CLAIRE,0,55035,TREMVAL SEVEN MILE 161KV LINE TAP,,,,,55035,P::J1366,exact_state_county,100.0,1.0
P::J1365,J1365,IA,tama,TAMA,0,19171,TRAER 161 KV SUBSTATION,,,,,19171,P::J1365,exact_state_county,100.0,1.0
P::J1364,J1364,AR,crittenden,CRITTENDEN,0,05035,MARKED TREE MARION 161KV LINE TAP,,,,,05035,P::J1364,exact_state_county,100.0,1.0
P::J1363,J1363,MO,audrain,AUDRAIN,0,29007,SPENCER CREEK MONTGOMERY 345KV LINE TAP,,,,,29007,P::J1363,exact_state_county,100.0,1.0
P::J1362,J1362,MI,muskegon,MUSKEGON,0,26121,KENOWA LUDINGTON 345KV LINE TAP,,,,,26121,P::J1362,exact_state_county,100.0,1.0
P::J1327,J1327,MI,ionia,IONIA,0,26067,MARQUETTE VERGENNES 138KV LINE TAP,,,,,26067,P::J1327,exact_state_county,100.0,1.0
P::J1361,J1361,LA,washington parish,WASHINGTON,0,22117,LAGEN HOLTON FRANKLINTON 115KV LINE J1184,,,,,22117,P::J1361,exact_state_county,100.0,1.0
P::J1359,J1359,IA,linn,LINN,0,19113,OAKRIDGE 69KV SUBSTATION,,,,,19113,P::J1359,exact_state_county,100.0,1.0
P::J1358,J1358,IN,laporte,LAPORTE,0,18091,LUCHTMAN MICHIGAN CITY138KV LINE,,,,,18091,P::J1358,exact_state_county,100.0,1.0
P::J1357,J1357,IN,madison,MADISON,0,18095,MADISON 138KV SUBSTATION,,,,,18095,P::J1357,exact_state_county,100.0,1.0
P::J1356,J1356,IN,martin,MARTIN,0,18101,WHITFIELD 138KV SUBSTATION,,,,,18101,P::J1356,exact_state_county,100.0,1.0
P::J1355,J1355,IN,laporte,LAPORTE,0,18091,STILLWELL 138KV SUBTATION,,,,,18091,P::J1355,exact_state_county,100.0,1.0
P::J1354,J1354,IN,decatur,DECATUR,0,18031,DECATUR COUNTY 138KV SWITCHING STATION,,,,,18031,P::J1354,exact_state_county,100.0,1.0
P::J1353,J1353,IN,lake,LAKE,0,18089,GREEN ACRES138KV SUBTATION,,,,,18089,P::J1353,exact_state_county,100.0,1.0
P::J1352,J1352,MO,montgomery,MONTGOMERY,0,29139,SPENCER CREEK MONTGOMERY 345KV LINE,,,,,29139,P::J1352,exact_state_county,100.0,1.0
P::J1351,J1351,LA,madison parish,MADISON,0,22065,TALLULAH DELHI 115KV LINE TAP,,,,,22065,P::J1351,exact_state_county,100.0,1.0
P::J1360,J1360,IL,piatt,PIATT,0,17147,GOOSE CREEK 345KV SWITCHYARD,,,,,17147,P::J1360,exact_state_county,100.0,1.0
P::J1187,J1187,ND,mercer,MERCER,0,38057,STANTON 230KV SUBSTATION,,,,,38057,P::J1187,exact_state_county,100.0,1.0
P::J1326,J1326,WI,dane,DANE,0,55025,ROCKDALE 345KV SUBSTATION,,,,,55025,P::J1326,exact_state_county,100.0,1.0
P::J1324,J1324,IL,montgomery,MONTGOMERY,0,17135,MIDWAY 138KV SUBSTATION,,,,,17135,P::J1324,exact_state_county,100.0,1.0
P::J1299,J1299,MO,scott,SCOTT,0,29201,MINER KELSO 161KV LINE,,,,,29201,P::J1299,exact_state_county,100.0,1.0
P::J1298,J1298,MN,freeborn,FREEBORN,0,27047,HAYWARD MURPHY CREEK 161KV LINE,,,,,27047,P::J1298,exact_state_county,100.0,1.0
P::J1297,J1297,MI,shiawassee,SHIAWASSEE,0,26155,CORNELL BELL ROAD 138KV LINE,,,,,26155,P::J1297,exact_state_county,100.0,1.0
P::J1296,J1296,IN,gibson,GIBSON,0,18051,FRANCISCO 138KV SUBSTATION,,,,,18051,P::J1296,exact_state_county,100.0,1.0
P::J1295,J1295,IN,gibson,GIBSON,0,18051,GIBSON FRANCISCO 345KV LINE,,,,,18051,P::J1295,exact_state_county,100.0,1.0
P::J1294,J1294,MS,sunflower,SUNFLOWER,0,28133,INDIANOLA CLEVELAND 115KV LINE,,,,,28133,P::J1294,exact_state_county,100.0,1.0
P::J1293,J1293,AR,lee,LEE,0,05077,BRINKLEY EAST MORO 115KV LINE TAP,,,,,05077,P::J1293,exact_state_county,100.0,1.0
P::J1292,J1292,MI,ionia,IONIA,0,26067,THOMPSON ROAD 138KV SUBSTATION,,,,,26067,P::J1292,exact_state_county,100.0,1.0
P::J1291,J1291,LA,catahoula parish,CATAHOULA,0,22025,STANDARD RED GUM 115KV LINE TAP,,,,,22025,P::J1291,exact_state_county,100.0,1.0
P::J1290,J1290,LA,evangeline parish,EVANGELINE,0,22039,MANUEL 138KV SUBSTATION,,,,,22039,P::J1290,exact_state_county,100.0,1.0
P::J1289,J1289,IL,morgan,MORGAN,0,17137,TURNER AUSTIN 345KV LINE,,,,,17137,P::J1289,exact_state_county,100.0,1.0
P::J1288,J1288,IN,vermillion,VERMILLION,0,18165,CAYUGA SUGAR CREEK 345KVLINE,,,,,18165,P::J1288,exact_state_county,100.0,1.0
P::J1287,J1287,MS,tunica,TUNICA,0,28143,TUNICA CRENSHAW 115KV LINE,,,,,28143,P::J1287,exact_state_county,100.0,1.0
P::J1286,J1286,LA,evangeline parish,EVANGELINE,0,22039,MANUEL 138KV SUBSTATION,,,,,22039,P::J1286,exact_state_county,100.0,1.0
P::J1285,J1285,IA,linn,LINN,0,19113,DUANE ARNOLD TIFFIN MEC 345KV LINE TAP,,,,,19113,P::J1285,exact_state_county,100.0,1.0
P::J1284,J1284,IA,linn,LINN,0,19113,DUANE ARNOLD TIFFIN MEC 345KV LINE TAP,,,,,19113,P::J1284,exact_state_county,100.0,1.0
P::J1283,J1283,AR,jefferson,JEFFERSON,0,05069,WHITE BLUFF ARSENAL C AND WHITE BLUFF ARSENAL D 115KV LINE,,,,,05069,P::J1283,exact_state_county,100.0,1.0
P::J1282,J1282,LA,beauregard parish,BEAUREGARD,0,22011,COOPER PENTON ROAD 230KV LINE,,,,,22011,P::J1282,exact_state_county,100.0,1.0
P::J1281,J1281,AR,ashley,ASHLEY,0,05003,CROSSETT MONTICELLO EAST 115KV LINE,,,,,05003,P::J1281,exact_state_county,100.0,1.0
P::J1300,J1300,MN,nobles,NOBLES,0,27105,BREWSTER ELK 161KV LINE,,,,,27105,P::J1300,exact_state_county,100.0,1.0
P::J1301,J1301,IL,washington,WASHINGTON,0,17189,PREST 138KV SWITCHING STATION,,,,,17189,P::J1301,exact_state_county,100.0,1.0
P::J1302,J1302,IL,saline,SALINE,0,17165,MUDDY NORRIS CITY 138KV LINE,,,,,17165,P::J1302,exact_state_county,100.0,1.0
P::J1303,J1303,IL,jackson,JACKSON,0,17077,CAMPBELL HILL JACKSON 161KV LINE,,,,,17077,P::J1303,exact_state_county,100.0,1.0
P::J1323,J1323,IN,lagrange,LAGRANGE,0,18087,LAGRANGE 138KV SUBSTATION,,,,,18087,P::J1323,exact_state_county,100.0,1.0
P::J1322,J1322,MI,eaton,EATON,0,26045,BATTLE CREEK ONEIDA 345KV TAP,,,,,26045,P::J1322,exact_state_county,100.0,1.0
P::J1321,J1321,IA,story,STORY,0,19169,O BRIEN KOSSUTH 345KV LINE TAP,,,,,19169,P::J1321,exact_state_county,100.0,1.0
P::J1320,J1320,MI,branch,BRANCH,0,26023,COLDWATER BATAVIA 138KV LINE,,,,,26023,P::J1320,exact_state_county,100.0,1.0
P::J1319,J1319,MI,huron,HURON,0,26063,RAPSON 120KV SUBSTATION,,,,,26063,P::J1319,exact_state_county,100.0,1.0
P::J1318,J1318,IN,rush,RUSH,0,18139,RUSHVILLE 69KV SUBSTATION,,,,,18139,P::J1318,exact_state_county,100.0,1.0
P::J1317,J1317,MI,sanilac,SANILAC,0,26151,BENNET 120KV SUBSTATION,,,,,26151,P::J1317,exact_state_county,100.0,1.0
P::J1316,J1316,WI,kenosha,KENOSHA,0,55059,PARIS 138KV SUBSTATION,,,,,55059,P::J1316,exact_state_county,100.0,1.0
P::J1315,J1315,MN,cottonwood,COTTONWOOD,0,27033,LYON COUNTY CEDAR MOUNTAIN 345KV LINE TAP,,,,,27033,P::J1315,exact_state_county,100.0,1.0
P::J1325,J1325,MN,rock,ROCK,0,27133,MAGNOLIA 161KV SUBSTATION,,,,,27133,P::J1325,exact_state_county,100.0,1.0
P::J1314,J1314,WI,polk,POLK,0,55095,APPLE RIVER 161KV SUBSTATION,,,,,55095,P::J1314,exact_state_county,100.0,1.0
P::J1312,J1312,SD,mccook,MCCOOK,0,46087,GRANT 115KV SUBSTATION,,,,,46087,P::J1312,exact_state_county,100.0,1.0
P::J1311,J1311,IL,st. clair,SAINT CLAIR,0,17163,FAYETTEVILLE BEE HOLLOW ROAD 138KV SUBSTATION,,,,,17163,P::J1311,exact_state_county,100.0,1.0
P::J1310,J1310,MI,jackson,JACKSON,0,26075,BLACKSTONE MARSHALL 138KV LINE,,,,,26075,P::J1310,exact_state_county,100.0,1.0
P::J1309,J1309,AR,arkansas,ARKANSAS,0,05001,GILLETT 115KV SUBSTATION,,,,,05001,P::J1309,exact_state_county,100.0,1.0
P::J1308,J1308,IN,posey,POSEY,0,18129,AB BROWN GIBSON 345KV LINE,,,,,18129,P::J1308,exact_state_county,100.0,1.0
P::J1307,J1307,MI,eaton,EATON,0,26045,ONEIDA BATTLE CREEK 345KV LINE,,,,,26045,P::J1307,exact_state_county,100.0,1.0
P::J1306,J1306,IL,perry,PERRY,0,17145,COMMODORE JORDAN 345KV LINE,,,,,17145,P::J1306,exact_state_county,100.0,1.0
P::J1305,J1305,WI,green,GREEN,0,55045,ALBANY BASS CREEK 138KV LINE,,,,,55045,P::J1305,exact_state_county,100.0,1.0
P::J1304,J1304,WI,rock,ROCK,0,55105,PADDOCK TOWNLINE ROAD 138KV LINE,,,,,55105,P::J1304,exact_state_county,100.0,1.0
P::J1313,J1313,IA,greene,GREENE,0,19073,161KV BUS AT KARMA SUBSTATION,,,,,19073,P::J1313,exact_state_county,100.0,1.0
P::J1186,J1186,TX,san jacinto,SAN JACINTO,0,48407,PELICAN ROAD SHEPARD 138KV LINE TAP,,,,,48407,P::J1186,exact_state_county,100.0,1.0
P::J1185,J1185,MO,putnam,PUTNAM,0,29171,ADAIR APPANOOSE 161KV LINE TAP,,,,,29171,P::J1185,exact_state_county,100.0,1.0
P::J1184,J1184,LA,washington parish,WASHINGTON,0,22117,LAGEN HOLTON FRANKLINTON 115KV LINE TAP,,,,,22117,P::J1184,exact_state_county,100.0,1.0
P::J1065,J1065,MI,gratiot,GRATIOT,0,26057,ALMA VESTABURG 138KV LINE TAP,,,,,26057,P::J1065,exact_state_county,100.0,1.0
P::J1064,J1064,MI,ionia,IONIA,0,26067,MARQUETTE VERGENNES 138KV LINE TAP,,,,,26067,P::J1064,exact_state_county,100.0,1.0
P::J1063,J1063,IN,clinton,CLINTON,0,18023,NEW LONDON FRANKFORT 230KV LINE TAP,,,,,18023,P::J1063,exact_state_county,100.0,1.0
P::J1062,J1062,MI,washtenaw,WASHTENAW,0,26161,MAJESTIC LEMOYNE 345KV LINE TAP,,,,,26161,P::J1062,exact_state_county,100.0,1.0
P::J1061,J1061,MN,wabasha,WABASHA,0,27157,BRIGGS RD N ROCHESTER 345KV LINE TAP,,,,,27157,P::J1061,exact_state_county,100.0,1.0
P::J1060,J1060,AR,st. francis,SAINT FRANCIS,0,05123,WEST MEMPHIS KEO 500KV LINE TAP,,,,,05123,P::J1060,exact_state_county,100.0,1.0
P::J1059,J1059,MO,cape girardeau,CAPE GIRARDEAU,0,29031,KELSO LUTESVILLE 345KV LINE TAP,,,,,29031,P::J1059,exact_state_county,100.0,1.0
P::J1058,J1058,IN,lake,LAKE,0,18089,SCHAHFER ST JOHN 345KV LINE TAP,,,,,18089,P::J1058,exact_state_county,100.0,1.0
P::J1057,J1057,MN,jackson,JACKSON,0,27063,BREWSTER HERON LAKE 161KV LINE,,,,,27063,P::J1057,exact_state_county,100.0,1.0
P::J1056,J1056,MI,monroe,MONROE,0,26115,LULU MONROE 345KV LINE TAP,,,,,26115,P::J1056,exact_state_county,100.0,1.0
P::J1055,J1055,IL,mason,MASON,0,17125,MASON SUBSTATION 138KV BUS,,,,,17125,P::J1055,exact_state_county,100.0,1.0
P::J1054,J1054,MN,goodhue,GOODHUE,0,27049,CANNON FALLS 115KV SUBSTATION,,,,,27049,P::J1054,exact_state_county,100.0,1.0
P::J1053,J1053,WI,jefferson,JEFFERSON,0,55055,CONCORD SW YD 138KV SUBSTATION,,,,,55055,P::J1053,exact_state_county,100.0,1.0
P::J1052,J1052,MI,jackson,JACKSON,0,26075,BEECHER SEAMLESS EAST 138KV LINE TAP,,,,,26075,P::J1052,exact_state_county,100.0,1.0
P::J1051,J1051,WI,jefferson,JEFFERSON,0,55055,CONCORD 138KV SUBSTATION,,,,,55055,P::J1051,exact_state_county,100.0,1.0
P::J1050,J1050,IA,boone,BOONE,0,19015,DOUD TAP 161KV SUBSTATION,,,,,19015,P::J1050,exact_state_county,100.0,1.0
P::J1049,J1049,MS,forrest,FORREST,0,28035,PURVIS 161KV SUBSTATION,,,,,28035,P::J1049,exact_state_county,100.0,1.0
P::J1048,J1048,MI,mecosta,MECOSTA,0,26107,VERGENNES NELSON ROAD 345KV LINE TAP,,,,,26107,P::J1048,exact_state_county,100.0,1.0
P::J1047,J1047,WI,walworth,WALWORTH,0,55127,NORTH LAKE GENEVA SUGAR CREEK BURLINGTON 138KV LINE TAP,,,,,55127,P::J1047,exact_state_county,100.0,1.0
P::J1066,J1066,IL,pike,PIKE,0,17149,EL DARA JUNCTION PITTSFIELD 69KV LINE TAP,,,,,17149,P::J1066,exact_state_county,100.0,1.0
P::J1067,J1067,IN,jasper,JASPER,0,18073,REYNOLDS BURR OAK 345KV LINE,,,,,18073,P::J1067,exact_state_county,100.0,1.0
P::J1068,J1068,MI,washtenaw,WASHTENAW,0,26161,DORSET 120KV SUBSTATION,,,,,26161,P::J1068,exact_state_county,100.0,1.0
P::J1069,J1069,IN,jasper,JASPER,0,18073,REYNOLDS 345KV SUBSTATION,,,,,18073,P::J1069,exact_state_county,100.0,1.0
P::J1089,J1089,MI,shiawassee,SHIAWASSEE,0,26155,CORNELL BELL RD 138KV LINE TAP,,,,,26155,P::J1089,exact_state_county,100.0,1.0
P::J1088,J1088,MI,shiawassee,SHIAWASSEE,0,26155,CORNELL LAYTON 138KV LINE TAP,,,,,26155,P::J1088,exact_state_county,100.0,1.0
P::J1087,J1087,MO,scott,SCOTT,0,29201,MINER KELSO 161KV LINE TAP,,,,,29201,P::J1087,exact_state_county,100.0,1.0
P::J1086,J1086,MN,nobles,NOBLES,0,27105,ELK BREWSTER 161KV LINE TAP,,,,,27105,P::J1086,exact_state_county,100.0,1.0
P::J1085,J1085,WI,marathon,MARATHON,0,55073,GARDNER PARK J821 POI STONE LAKE 345KV LINE TAP,,,,,55073,P::J1085,exact_state_county,100.0,1.0
P::J1084,J1084,IA,clinton,CLINTON,0,19045,ROCK CREEK 345KV SUBSTATION,,,,,19045,P::J1084,exact_state_county,100.0,1.0
P::J1083,J1083,MI,eaton,EATON,0,26045,ONEIDA138KV SUBSTATION,,,,,26045,P::J1083,exact_state_county,100.0,1.0
P::J1082,J1082,MO,grundy,GRUNDY,0,29079,ZACHARY 345KV SUBSTATION,,,,,29079,P::J1082,exact_state_county,100.0,1.0
P::J1081,J1081,MN,polk,POLK,0,27119,WINGER 115KV SUBSTATION,,,,,27119,P::J1081,exact_state_county,100.0,1.0
P::J1046,J1046,MI,washtenaw,WASHTENAW,0,26161,MAJESTIC LEMOYNE 345KV LINE TAP,,,,,26161,P::J1046,exact_state_county,100.0,1.0
P::J1080,J1080,IL,dewitt,DEWITT,0,17039,BROKAW CLINTON 345KV LINE TAP,,,,,17039,P::J1080,fuzzy_same_state,92.3076923076923,0.923076923076923
P::J1078,J1078,AR,mississippi,MISSISSIPPI,0,05093,SAN SOUCI 500KV SUBSTATION,,,,,05093,P::J1078,exact_state_county,100.0,1.0
P::J1077,J1077,MI,cass,CASS,0,26027,ARGENTA WEEDS LAKE HIPLE 345KV LINE TAP,,,,,26027,P::J1077,exact_state_county,100.0,1.0
P::J1076,J1076,LA,st. james parish,SAINT JAMES,0,22093,VACHERIE SUB 230KV SUBSTATION,,,,,22093,P::J1076,exact_state_county,100.0,1.0
P::J1075,J1075,MI,cass,CASS,0,26027,ARGENTA WEEDS LAKE HIPLE 345KV LINE TAP,,,,,26027,P::J1075,exact_state_county,100.0,1.0
P::J1074,J1074,IN,gibson,GIBSON,0,18051,FRANCISCO 138KV SUB,,,,,18051,P::J1074,exact_state_county,100.0,1.0
P::J1073,J1073,LA,iberville parish,IBERVILLE,0,22047,WEBRE 500KV SUBSTATION,,,,,22047,P::J1073,exact_state_county,100.0,1.0
P::J1072,J1072,MN,mower,MOWER,0,27099,ADAMS 345KV SUBSTATION,,,,,27099,P::J1072,exact_state_county,100.0,1.0
P::J1071,J1071,MI,oceana,OCEANA,0,26127,DONALDSON 138KV SUBSTATION,,,,,26127,P::J1071,exact_state_county,100.0,1.0
P::J1070,J1070,MS,washington,WASHINGTON,0,28151,SE GREENVILLE 115KV SUBSTATION,,,,,28151,P::J1070,exact_state_county,100.0,1.0
P::J1079,J1079,LA,st. charles parish,SAINT CHARLES,0,22089,WATERFORD 1 2 230KV SUBSTATION,,,,,22089,P::J1079,exact_state_county,100.0,1.0
P::J1090,J1090,MI,ingham,INGHAM,0,26065,TOMPKINS CHURCHILL JCT 138KV LINE TAP,,,,,26065,P::J1090,exact_state_county,100.0,1.0
P::J1045,J1045,MN,murray,MURRAY,0,27101,FENTON CHANARAMBIE 115KV LINE TAP,,,,,27101,P::J1045,exact_state_county,100.0,1.0
P::J1043,J1043,MI,montcalm,MONTCALM,0,26117,VERGENNES NELSON RD 345KV LINE TAP,,,,,26117,P::J1043,exact_state_county,100.0,1.0
P::J1018,J1018,IN,miami,MIAMI,0,18103,PERU SOUTH EAST GREENTOWN 230KV LINE TAP,,,,,18103,P::J1018,exact_state_county,100.0,1.0
P::J1017,J1017,IN,carroll,CARROLL,0,18015,SPRINGBORO 138KV SUBSTATION,,,,,18015,P::J1017,exact_state_county,100.0,1.0
P::J1016,J1016,IN,gibson,GIBSON,0,18051,FRANCISCO TOYOTA Z75 138KV LINE TAP,,,,,18051,P::J1016,exact_state_county,100.0,1.0
P::J1015,J1015,MI,otsego,OTSEGO,0,26137,GAYLORD 138KV SUBSTATION,,,,,26137,P::J1015,exact_state_county,100.0,1.0
P::J1014,J1014,MI,jackson,JACKSON,0,26075,TOMPKINS BLACKSTONE 138KV LINE,,,,,26075,P::J1014,exact_state_county,100.0,1.0
P::J1013,J1013,MI,branch,BRANCH,0,26023,BATAVIA 138KV SUBSTATION,,,,,26023,P::J1013,exact_state_county,100.0,1.0
P::J1012,J1012,IL,scott,SCOTT,0,17171,JACKSONVILLE IND PARK WINCHESTER 138KV LINE TAP,,,,,17171,P::J1012,exact_state_county,100.0,1.0
P::J1011,J1011,WI,kenosha,KENOSHA,0,55059,ARCADIAN ZION 345KV LINE TAP,,,,,55059,P::J1011,exact_state_county,100.0,1.0
P::J1010,J1010,WI,kenosha,KENOSHA,0,55059,ARCADIAN ZION 345KV LINE TAP,,,,,55059,P::J1010,exact_state_county,100.0,1.0
P::J1009,J1009,WI,kenosha,KENOSHA,0,55059,PLEASANT PRAIRIE RACINE 345KV LINE TAP,,,,,55059,P::J1009,exact_state_county,100.0,1.0
P::J1008,J1008,MN,faribault,FARIBAULT,0,27043,BLUE EARTH IPL BLUE EARTH 69KV LINE TAP,,,,,27043,P::J1008,exact_state_county,100.0,1.0
P::J1007,J1007,AR,crittenden,CRITTENDEN,0,05035,MARION MARKED TREE 161KV LINE TAP,,,,,05035,P::J1007,exact_state_county,100.0,1.0
P::J1006,J1006,SD,brookings,BROOKINGS,0,46011,BROOKINGS YANKEE 115KV LINE TAP,,,,,46011,P::J1006,exact_state_county,100.0,1.0
P::J1005,J1005,MI,midland,MIDLAND,0,26111,MURPHY 345KV SUBSTATION,,,,,26111,P::J1005,exact_state_county,100.0,1.0
P::J1004,J1004,MI,mecosta,MECOSTA,0,26107,KENOWA NELSON ROAD 345KV LINE TAP,,,,,26107,P::J1004,exact_state_county,100.0,1.0
P::J1003,J1003,WI,dodge,DODGE,0,55027,NORTH BEAVER DAM 69KV SUBSTATION,,,,,55027,P::J1003,exact_state_county,100.0,1.0
P::J1002,J1002,WI,waushara,WAUSHARA,0,55137,WAUTOMA 138KV SWITCHYARD,,,,,55137,P::J1002,exact_state_county,100.0,1.0
P::J1001,J1001,MN,lincoln,LINCOLN,0,27081,BUFFALO RIDGE 115KV SUBSTATION,,,,,27081,P::J1001,exact_state_county,100.0,1.0
P::J1000,J1000,WI,grant,GRANT,0,55043,NELSON DEWEY LANCASTER 138KV LINE,,,,,55043,P::J1000,exact_state_county,100.0,1.0
P::J1019,J1019,MO,boone,BOONE,0,29019,OVERTON MCCREDIE 345KV LINE TAP,,,,,29019,P::J1019,exact_state_county,100.0,1.0
P::J1020,J1020,MS,jasper,JASPER,0,28061,MISSIONARY 230KV SUBSTATION,,,,,28061,P::J1020,exact_state_county,100.0,1.0
P::J1021,J1021,IL,piatt,PIATT,0,17147,GOOSE CREEK 345KV SWITCHYARD,,,,,17147,P::J1021,exact_state_county,100.0,1.0
P::J1022,J1022,IL,mclean,MCLEAN,0,17113,WEEDMAN SUBSTATION 138KV BUS,,,,,17113,P::J1022,exact_state_county,100.0,1.0
P::J1042,J1042,WI,walworth,WALWORTH,0,55127,NORTH LAKE GENEVA 138KV SUBSTATION,,,,,55127,P::J1042,exact_state_county,100.0,1.0
P::J1041,J1041,MN,jackson,JACKSON,0,27063,BREWSTER HERON LAKE 161KV LINE,,,,,27063,P::J1041,exact_state_county,100.0,1.0
P::J1040,J1040,ND,mcintosh,MCINTOSH,0,38051,WISHEK JUNCTION 230KV SUBSTATION,,,,,38051,P::J1040,exact_state_county,100.0,1.0
P::J1039,J1039,MO,warren,WARREN,0,29219,ENON MONTOGOMERY 345KV LINE TAP,,,,,29219,P::J1039,exact_state_county,100.0,1.0
P::J1038,J1038,MN,grant,GRANT,0,27051,GRANT CO E FERGUS FALLS HOOT LAKE 115KV LINE TAP,,,,,27051,P::J1038,exact_state_county,100.0,1.0
P::J1037,J1037,MN,murray,MURRAY,0,27101,MOON LAKE 69KV SUBSTATION,,,,,27101,P::J1037,exact_state_county,100.0,1.0
P::J1036,J1036,MN,cottonwood,COTTONWOOD,0,27033,LAKEFIELD GENERATION SW 345KV SUBSTATION,,,,,27033,P::J1036,exact_state_county,100.0,1.0
P::J1035,J1035,IL,washington,WASHINGTON,0,17189,FAYETTEVILLE MARIGOLD 138KV LINE TAP,,,,,17189,P::J1035,exact_state_county,100.0,1.0
P::J1034,J1034,MO,stoddard,STODDARD,0,29207,STODDARD MORLEY 161KV LINE TAP,,,,,29207,P::J1034,exact_state_county,100.0,1.0
P::J1044,J1044,WI,walworth,WALWORTH,0,55127,NORTH LAKE GENEVA SUGAR CREEK BURLINGTON 138KV LINE TAP,,,,,55127,P::J1044,exact_state_county,100.0,1.0
P::J1033,J1033,MO,stoddard,STODDARD,0,29207,STODDARD MORELY 161KV LINE TAP,,,,,29207,P::J1033,exact_state_county,100.0,1.0
P::J1031,J1031,IN,henry,HENRY,0,18065,FALL CREEK NEW CASTLE 138KV LINE TAP,,,,,18065,P::J1031,exact_state_county,100.0,1.0
P::J1030,J1030,TX,polk,POLK,0,48373,POCO MENARD 138KV LINE TAO,,,,,48373,P::J1030,exact_state_county,100.0,1.0
P::J1029,J1029,LA,east feliciana parish,EAST FELICIANA,0,22037,FANCY POINT 230KV SUBSTATION,,,,,22037,P::J1029,exact_state_county,100.0,1.0
P::J1028,J1028,IN,pike,PIKE,0,18125,RATTS VICTORY 161KV LINE TAP,,,,,18125,P::J1028,exact_state_county,100.0,1.0
P::J1027,J1027,IN,pike,PIKE,0,18125,RATTS 161KV SUBSTATION,,,,,18125,P::J1027,exact_state_county,100.0,1.0
P::J1026,J1026,MO,audrain,AUDRAIN,0,29007,SPENCER CREEK 345KV SUBSTATION,,,,,29007,P::J1026,exact_state_county,100.0,1.0
P::J1025,J1025,MO,knox,KNOX,0,29103,ZACHARY MAYWOOD 345KV LINE TAP,,,,,29103,P::J1025,exact_state_county,100.0,1.0
P::J1024,J1024,MO,nodaway,NODAWAY,0,29147,MARYVILLE CLARINDA 161KV LINE TAP,,,,,29147,P::J1024,exact_state_county,100.0,1.0
P::J1023,J1023,AR,mississippi,MISSISSIPPI,0,05093,OSCEOLA WILSON 161KV LINE TAP,,,,,05093,P::J1023,exact_state_county,100.0,1.0
P::J1032,J1032,MN,wabasha,WABASHA,0,27157,BRIGGS RD N ROCHESTER 345KV LINE TAP,,,,,27157,P::J1032,exact_state_county,100.0,1.0
P::J1371,J1371,MN,yellow medicine,YELLOW MEDICINE,0,27173,ASTORIA 345KV SUBSTATION,,,,,27173,P::J1371,exact_state_county,100.0,1.0
P::J1091,J1091,AR,craighead,CRAIGHEAD,0,05031,POWER LINE ROAD 161KV SUBSTATION,,,,,05031,P::J1091,exact_state_county,100.0,1.0
P::J1093,J1093,AR,desha,DESHA,0,05041,REED SWITCH 115KV SUBSTATION,,,,,05041,P::J1093,exact_state_county,100.0,1.0
P::J1159,J1159,TX,walker,WALKER,0,48471,MOUNT ZION 138KV SUBSTATION,,,,,48471,P::J1159,exact_state_county,100.0,1.0
P::J1158,J1158,LA,st. james parish,SAINT JAMES,0,22093,VACHERIE 230KV SUBSTATION,,,,,22093,P::J1158,exact_state_county,100.0,1.0
P::J1157,J1157,MS,hinds,HINDS,0,28049,TINNIN ROAD 230KV SUBSTATION,,,,,28049,P::J1157,exact_state_county,100.0,1.0
P::J1156,J1156,AR,crittenden,CRITTENDEN,0,05035,KUHN RD PARKIN 161KV LINE TAP,,,,,05035,P::J1156,exact_state_county,100.0,1.0
P::J1155,J1155,AR,mississippi,MISSISSIPPI,0,05093,DRIVER 230KV SUBSTATION,,,,,05093,P::J1155,exact_state_county,100.0,1.0
P::J1154,J1154,WI,jefferson,JEFFERSON,0,55055,JEFFERSON 138KV SUBSTATION,,,,,55055,P::J1154,exact_state_county,100.0,1.0
P::J1153,J1153,WI,sheboygan,SHEBOYGAN,0,55117,HOLLAND 138KV SUBSTATION,,,,,55117,P::J1153,exact_state_county,100.0,1.0
P::J1152,J1152,IN,hancock,HANCOCK,0,18059,GWYNNEVILLE 345KV SUBSTATION,,,,,18059,P::J1152,exact_state_county,100.0,1.0
P::J1151,J1151,LA,ascension parish,ASCENSION,0,22005,BRITTANY 230KV SUBSTATION,,,,,22005,P::J1151,exact_state_county,100.0,1.0
P::J1150,J1150,IN,miami,MIAMI,0,18103,DEEDSVILLE 345KV SUBSTATION,,,,,18103,P::J1150,exact_state_county,100.0,1.0
P::J1149,J1149,MN,yellow medicine,YELLOW MEDICINE,0,27173,HAZEL CREEK 230KV SUBSTATION,,,,,27173,P::J1149,exact_state_county,100.0,1.0
P::J1148,J1148,IN,posey,POSEY,0,18129,AB BROWN 138KV SUBSTATION,,,,,18129,P::J1148,exact_state_county,100.0,1.0
P::J1147,J1147,AR,st. francis,SAINT FRANCIS,0,05123,MOSES MCCRORY 161KV LINE TAP,,,,,05123,P::J1147,exact_state_county,100.0,1.0
P::J1146,J1146,AR,mississippi,MISSISSIPPI,0,05093,SAN SOUCI 500KV SUBSTATION,,,,,05093,P::J1146,exact_state_county,100.0,1.0
P::J1145,J1145,MO,callaway,CALLAWAY,0,29027,OVERTON MCCREDE MONTGOMERY 345KV LINE TAP,,,,,29027,P::J1145,exact_state_county,100.0,1.0
P::J1144,J1144,MS,covington,COVINGTON,0,28031,MOSELLE COLUMBIA 161KV LINE TAP,,,,,28031,P::J1144,exact_state_county,100.0,1.0
P::J1143,J1143,MN,morrison,MORRISON,0,27097,BLANCHARD LITTLE FALLS 115KV LINE,,,,,27097,P::J1143,exact_state_county,100.0,1.0
P::J1142,J1142,LA,st. james parish,SAINT JAMES,0,22093,VACHERIE 230KV SUBSTATION,,,,,22093,P::J1142,exact_state_county,100.0,1.0
P::J1141,J1141,MI,manistee,MANISTEE,0,26101,FILER BOXBDJ STRONACH 138KV LINE TAP,,,,,26101,P::J1141,exact_state_county,100.0,1.0
P::J1160,J1160,WI,adams,ADAMS,0,55001,SAND LAKE PORT EDWARDS 138KV LINE TAP,,,,,55001,P::J1160,exact_state_county,100.0,1.0
P::J1161,J1161,MO,scott,SCOTT,0,29201,MINER KELSO 161KV LINE TAP,,,,,29201,P::J1161,exact_state_county,100.0,1.0
P::J1162,J1162,TX,jefferson,JEFFERSON,0,48245,JACINTO CHINA 230KV LINE TAP,,,,,48245,P::J1162,exact_state_county,100.0,1.0
P::J1163,J1163,MS,quitman,QUITMAN,0,28119,CRENSHAW TUNICA 115KV LINE TAP,,,,,28119,P::J1163,exact_state_county,100.0,1.0
P::J1183,J1183,MI,delta,DELTA,0,26041,HERITAGE GARDEN SUBSTATION,,,,,26041,P::J1183,exact_state_county,100.0,1.0
P::J1182,J1182,MO,adair,ADAIR,0,29001,ZACHARY SUBSTATION 345KV BUS,,,,,29001,P::J1182,exact_state_county,100.0,1.0
P::J1181,J1181,IA,chickasaw,CHICKASAW,0,19037,HAZLETON MITCHELL COUNTY 345KV LINE,,,,,19037,P::J1181,exact_state_county,100.0,1.0
P::J1180,J1180,IL,clark,CLARK,0,17023,CASEY WEST SULLIVAN 345KV LINE,,,,,17023,P::J1180,exact_state_county,100.0,1.0
P::J1179,J1179,MN,chisago,CHISAGO,0,27025,RUSH CITY RED ROCK 230KV LINE TAP,,,,,27025,P::J1179,exact_state_county,100.0,1.0
P::J1178,J1178,MI,eaton,EATON,0,26045,ONEIDA 138KV SUBSTATION,,,,,26045,P::J1178,exact_state_county,100.0,1.0
P::J1177,J1177,MO,schuyler,SCHUYLER,0,29197,HUGHES 345KV SWITCHING STATION J541 POI,,,,,29197,P::J1177,exact_state_county,100.0,1.0
P::J1176,J1176,IA,cerro gordo,CERRO GORDO,0,19033,LIME CREEK 161KV SUBSTATION,,,,,19033,P::J1176,exact_state_county,100.0,1.0
P::J1175,J1175,IA,worth,WORTH,0,19195,LEDYARD COLBY 345KV LINE TAP,,,,,19195,P::J1175,exact_state_county,100.0,1.0
P::J1140,J1140,MN,benton,BENTON,0,27009,PLATTE RIVER 115KV SUBSTATION,,,,,27009,P::J1140,exact_state_county,100.0,1.0
P::J1174,J1174,IA,worth,WORTH,0,19195,LEDYARD COLBY 345KV LINE TAP,,,,,19195,P::J1174,exact_state_county,100.0,1.0
P::J1172,J1172,MI,genesee,GENESEE,0,26049,DORT GARFIELD 138KV LINE TAP,,,,,26049,P::J1172,exact_state_county,100.0,1.0
P::J1171,J1171,WI,dodge,DODGE,0,55027,BUTTERNUT 138KV SUBSTATION,,,,,55027,P::J1171,exact_state_county,100.0,1.0
P::J1170,J1170,ND,cass,CASS,0,38017,BISON 345KV SUBSTATION,,,,,38017,P::J1170,exact_state_county,100.0,1.0
P::J1169,J1169,SD,mccook,MCCOOK,0,46087,GRANT 115KV SUBSTATION,,,,,46087,P::J1169,exact_state_county,100.0,1.0
P::J1168,J1168,TX,liberty,LIBERTY,0,48291,PINTAIL 138KV SUBSTATION,,,,,48291,P::J1168,exact_state_county,100.0,1.0
P::J1167,J1167,AR,st. francis,SAINT FRANCIS,0,05123,AECC FORREST CITY WEST 161KV SUBSTATION,,,,,05123,P::J1167,exact_state_county,100.0,1.0
P::J1166,J1166,LA,acadia parish,ACADIA,0,22001,BAYOU COVE RICHARD 138KV LINE TAP,,,,,22001,P::J1166,exact_state_county,100.0,1.0
P::J1165,J1165,LA,jefferson davis parish,JEFFERSON DAVIS,0,22053,LC BULK HENNING 138KV LINE TAP,,,,,22053,P::J1165,exact_state_county,100.0,1.0
P::J1164,J1164,MN,rock,ROCK,0,27133,MAGNOLIA 161KV SUBSTATION,,,,,27133,P::J1164,exact_state_county,100.0,1.0
P::J1173,J1173,MI,lenawee,LENAWEE,0,26091,RAISIN METC TAP 138KV LINE TAP,,,,,26091,P::J1173,exact_state_county,100.0,1.0
P::J1092,J1092,WI,saint croix,SAINT CROIX,0,55109,THREE LAKES 115KV SUBSTATION,,,,,55109,P::J1092,exact_state_county,100.0,1.0
P::J1139,J1139,IL,champaign,CHAMPAIGN,0,17019,SIDNEY SUBSTATION 138KV BUS,,,,,17019,P::J1139,exact_state_county,100.0,1.0
P::J1137,J1137,AR,jackson,JACKSON,0,05067,SWIFTON HOXIE SOUTH 161KV LINE TAP,,,,,05067,P::J1137,exact_state_county,100.0,1.0
P::J1112,J1112,IN,kosciusko,KOSCIUSKO,0,18085,LEESBURG 138KV SUBSTATION,,,,,18085,P::J1112,exact_state_county,100.0,1.0
P::J1111,J1111,IL,jackson,JACKSON,0,17077,CAMPBELL HILL JACKSON 161KV LINE TAP,,,,,17077,P::J1111,exact_state_county,100.0,1.0
P::J1110,J1110,MN,mower,MOWER,0,27099,NORTH AUSTIN 161KV SUBSTATION,,,,,27099,P::J1110,exact_state_county,100.0,1.0
P::J1109,J1109,ND,cass,CASS,0,38017,BISON 345KV SUBSTATION,,,,,38017,P::J1109,exact_state_county,100.0,1.0
P::J1108,J1108,MN,douglas,DOUGLAS,0,27041,ALEXANDRIA 345KV SUBSTATION,,,,,27041,P::J1108,exact_state_county,100.0,1.0
P::J1107,J1107,MO,cape girardeau,CAPE GIRARDEAU,0,29031,KELSO LUTESVILLE 345KV LINE TAP,,,,,29031,P::J1107,exact_state_county,100.0,1.0
P::J1106,J1106,MN,redwood,REDWOOD,0,27127,LYON COUNTY CEDAR MOUNTAIN 345KV CIRCUIT 2 LINE,,,,,27127,P::J1106,exact_state_county,100.0,1.0
P::J1105,J1105,MN,dakota,DAKOTA,0,27037,HAMPTON CORNERS 345KV SUBSTATION,,,,,27037,P::J1105,exact_state_county,100.0,1.0
P::J1104,J1104,WI,washington,WASHINGTON,0,55131,GERMANTOWN BARK RIVER 138KV LINE,,,,,55131,P::J1104,exact_state_county,100.0,1.0
P::J1103,J1103,MI,tuscola,TUSCOLA,0,26157,BAUER KIRK RINGLE 345KV LINE TAP,,,,,26157,P::J1103,exact_state_county,100.0,1.0
P::J1102,J1102,IL,logan,LOGAN,0,17107,FOGARTY 138KV SUBSTATION,,,,,17107,P::J1102,exact_state_county,100.0,1.0
P::J1101,J1101,WI,manitowoc,MANITOWOC,0,55071,KEWAUNEE 138KV SUBSTATION,,,,,55071,P::J1101,exact_state_county,100.0,1.0
P::J1100,J1100,TX,grimes,GRIMES,0,48185,GRIMES 345KV SUBSTATION,,,,,48185,P::J1100,exact_state_county,100.0,1.0
P::J1099,J1099,LA,iberville parish,IBERVILLE,0,22047,DERRICK 230KV SUBSTATION,,,,,22047,P::J1099,exact_state_county,100.0,1.0
P::J1098,J1098,MN,jackson,JACKSON,0,27063,LAKEFIELD 345KV SUBSTATION,,,,,27063,P::J1098,exact_state_county,100.0,1.0
P::J1097,J1097,AR,lonoke,LONOKE,0,05085,KEO EHV 500KV SUBSTATION,,,,,05085,P::J1097,exact_state_county,100.0,1.0
P::J1096,J1096,IL,saline,SALINE,0,17165,NORRIS CITY NORTH MUDDY 138KV LINE,,,,,17165,P::J1096,exact_state_county,100.0,1.0
P::J1095,J1095,MS,desoto,DESOTO,0,28033,TWINKLETOWN 230KV SUBSTATION,,,,,28033,P::J1095,exact_state_county,100.0,1.0
P::J1094,J1094,IL,washington,WASHINGTON,0,17189,PREST 138KV SWITCHING STATION,,,,,17189,P::J1094,exact_state_county,100.0,1.0
P::J1113,J1113,MS,sunflower,SUNFLOWER,0,28133,DELTA RULEVILLE 115KV LINE TAP,,,,,28133,P::J1113,exact_state_county,100.0,1.0
P::J1114,J1114,IA,plymouth,PLYMOUTH,0,19149,J506 SUBSTATION ON RAUN HIGHLAND 345KV LINE,,,,,19149,P::J1114,exact_state_county,100.0,1.0
P::J1115,J1115,IL,macon,MACON,0,17115,LATHAM OREANA 345KV LINE,,,,,17115,P::J1115,exact_state_county,100.0,1.0
P::J1116,J1116,IN,hancock,HANCOCK,0,18059,GREENSBORO GREENFIELD 138KV LINE TAP,,,,,18059,P::J1116,exact_state_county,100.0,1.0
P::J1136,J1136,MS,hinds,HINDS,0,28049,TINNIN ROAD 230KV SUBSTATION,,,,,28049,P::J1136,exact_state_county,100.0,1.0
P::J1135,J1135,IA,des moines,DES MOINES,0,19057,HUNTWOODS 69KV SUBSTATION,,,,,19057,P::J1135,exact_state_county,100.0,1.0
P::J1134,J1134,AR,white,WHITE,0,05145,GRIFFITHVILLE SEARCY PRICE 115KV LINE TAP,,,,,05145,P::J1134,exact_state_county,100.0,1.0
P::J1133,J1133,LA,richland parish,RICHLAND,0,22083,DUNN OAKRIDGE 115KV LINE TAP,,,,,22083,P::J1133,exact_state_county,100.0,1.0
P::J1132,J1132,IA,union,UNION,0,19175,CRESTON EAST 69KV SUBSTATION,,,,,19175,P::J1132,exact_state_county,100.0,1.0
P::J1131,J1131,IA,scott,SCOTT,0,19163,SUB 56 DAVENPORT 161KV SUBSTATION,,,,,19163,P::J1131,exact_state_county,100.0,1.0
P::J1130,J1130,MS,warren,WARREN,0,28149,BAXTER WILSON SES 115 500KV SW YD,,,,,28149,P::J1130,exact_state_county,100.0,1.0
P::J1129,J1129,WI,rock,ROCK,0,55105,PADDOCK TOWNLINE RD 138KV LINE TAP,,,,,55105,P::J1129,exact_state_county,100.0,1.0
P::J1128,J1128,MN,freeborn,FREEBORN,0,27047,HAYWARD MURPHY CREEK 161KV LINE TAP,,,,,27047,P::J1128,exact_state_county,100.0,1.0
P::J1138,J1138,MI,baraga,BARAGA,0,26013,M38 138KV SUBSTATION,,,,,26013,P::J1138,exact_state_county,100.0,1.0
P::J1127,J1127,WI,green,GREEN,0,55045,ALBANY BASS CREEK 138KV LINE TAP,,,,,55045,P::J1127,exact_state_county,100.0,1.0
P::J1125,J1125,AR,cross,CROSS,0,05037,WYNNE SOUTH WYNNE EAST AECC 161KV LINE TAP,,,,,05037,P::J1125,exact_state_county,100.0,1.0
P::J1124,J1124,MN,olmsted,OLMSTED,0,27109,BYRON 345KV SUBSTATION,,,,,27109,P::J1124,exact_state_county,100.0,1.0
P::J1123,J1123,MO,audrain,AUDRAIN,0,29007,SPENCER CREEK 345KV SUBSTATION,,,,,29007,P::J1123,exact_state_county,100.0,1.0
P::J1122,J1122,IA,pottawattamie,POTTAWATTAMIE,0,19155,COUNCIL BLUFFS FALLOW AVENUE 345KV LINE TAP,,,,,19155,P::J1122,exact_state_county,100.0,1.0
P::J1121,J1121,WI,marathon,MARATHON,0,55073,STONE LAKE PERSHING GARDNER PARK 345KV LINE TAP,,,,,55073,P::J1121,exact_state_county,100.0,1.0
P::J1120,J1120,TX,jefferson,JEFFERSON,0,48245,BIG HILL CO BAYOU FARMS CO 138KV LINE TAP,,,,,48245,P::J1120,exact_state_county,100.0,1.0
P::J1119,J1119,MI,jackson,JACKSON,0,26075,TOMPKINS 345KV SUBSTATION,,,,,26075,P::J1119,exact_state_county,100.0,1.0
P::J1118,J1118,IL,piatt,PIATT,0,17147,MAHOMET WEEDMAN 138KV LINE TAP,,,,,17147,P::J1118,exact_state_county,100.0,1.0
P::J1117,J1117,MI,ingham,INGHAM,0,26065,GREEN 138KV SUBSTATION,,,,,26065,P::J1117,exact_state_county,100.0,1.0
P::J1126,J1126,MI,tuscola,TUSCOLA,0,26157,ITC BAUER GRASSMERE RAPSON KIRK SUB 345KV SUBSTATION,,,,,26157,P::J1126,exact_state_county,100.0,1.0
P::J1748,J1748,MS,desoto,DESOTO,0,28033,TWINKLETOWN 230KV,,,,,28033,P::J1748,exact_state_county,100.0,1.0
P::J1372,J1372,LA,pointe coupee,POINTE COUPEE,0,22077,FANCY POINT WATERLOO 230KV LINE J1368 POI,,,,,22077,P::J1372,exact_state_county,100.0,1.0
P::J1374,J1374,WI,grant,GRANT,0,55043,ATC EBENEZER SUB ON LANCASTER EDEN 138KV LINE,,,,,55043,P::J1374,exact_state_county,100.0,1.0
P::J1629,J1629,WI,columbia,COLUMBIA,0,55021,COLUMBIA SW YD ALTE SOUTH FOND DU LAC SW YD 345KV T LINE,,,,,55021,P::J1629,exact_state_county,100.0,1.0
P::J1628,J1628,IN,white,WHITE,0,18181,GOODLAND TO REYNOLDS 138KV,,,,,18181,P::J1628,exact_state_county,100.0,1.0
P::J1627,J1627,IN,white,WHITE,0,18181,REYNOLDS 345KV,,,,,18181,P::J1627,exact_state_county,100.0,1.0
P::J1626,J1626,IL,fayette,FAYETTE,0,17051,RAMSEY EAST 138KV BUS,,,,,17051,P::J1626,exact_state_county,100.0,1.0
P::J1625,J1625,IN,tipton,TIPTON,0,18159,KOKOMO TIPTON 230KV TRANSMISSION LINE,,,,,18159,P::J1625,exact_state_county,100.0,1.0
P::J1624,J1624,IN,bartholomew,BARTHOLOMEW,0,18005,COLUMBUS DENOIS CR COLUMBUS 345 230KV TRANSMISSION LINE,,,,,18005,P::J1624,exact_state_county,100.0,1.0
P::J1623,J1623,IN,orange,ORANGE,0,18117,MITCHELL LOST RIVER 345KV,,,,,18117,P::J1623,exact_state_county,100.0,1.0
P::J1622,J1622,ND,sheridan,SHERIDAN,0,38083,HARVEY UNDERWOOD 230KV,,,,,38083,P::J1622,exact_state_county,100.0,1.0
P::J1621,J1621,SD,mcpherson,MCPHERSON,0,46089,BIG STONE SOUTH TO ELLENDALE 345KV,,,,,46089,P::J1621,exact_state_county,100.0,1.0
P::J1620,J1620,MN,pipestone,PIPESTONE,0,27117,SPLIT ROCK PIPESTONE 115 0KV,,,,,27117,P::J1620,exact_state_county,100.0,1.0
P::J1619,J1619,KY,henderson,HENDERSON,0,21101,REID SWITCHYARD 161KV,,,,,21101,P::J1619,exact_state_county,100.0,1.0
P::J1618,J1618,LA,ascension,ASCENSION,0,22005,ST JAMES WELCOME 230KV,,,,,22005,P::J1618,exact_state_county,100.0,1.0
P::J1617,J1617,IL,vermilion,VERMILION,0,17183,BUNSONVILLE 138KV,,,,,17183,P::J1617,exact_state_county,100.0,1.0
P::J1616,J1616,IN,knox,KNOX,0,18083,EDWARDSPORT,,,,,18083,P::J1616,exact_state_county,100.0,1.0
P::J1615,J1615,WI,oconto,OCONTO,0,55083,MORGAN,,,,,55083,P::J1615,exact_state_county,100.0,1.0
P::J1614,J1614,MI,muskegon,MUSKEGON,0,26121,WHITE ROAD FOUR MILE 138KV LINE,,,,,26121,P::J1614,exact_state_county,100.0,1.0
P::J1613,J1613,ND,cass,CASS,0,38017,BISON SUBSTATION 345KV,,,,,38017,P::J1613,exact_state_county,100.0,1.0
P::J1612,J1612,AR,union,UNION,0,05139,EL DORADO EAST STERLINGTON 115KV,,,,,05139,P::J1612,exact_state_county,100.0,1.0
P::J1611,J1611,MN,morrison,MORRISON,0,27097,LANGDON 115KV SUB,,,,,27097,P::J1611,exact_state_county,100.0,1.0
P::J1630,J1630,MS,madison,MADISON,0,28089,GERALD ANDRUS TINNIN ROAD 230KV,,,,,28089,P::J1630,exact_state_county,100.0,1.0
P::J1610,J1610,IL,sangamon,SANGAMON,0,17167,AUBURN NORTH TO CHATHAM MAIN 138KV,,,,,17167,P::J1610,exact_state_county,100.0,1.0
P::J1631,J1631,WI,clark,CLARK,0,55019,STONELAKE TO GARDNER PARK 345KV,,,,,55019,P::J1631,exact_state_county,100.0,1.0
P::J1633,J1633,LA,beauregard,BEAUREGARD,0,22011,COOPER SWITCHING PENTON ROAD 230KV,,,,,22011,P::J1633,exact_state_county,100.0,1.0
P::J1652,J1652,IL,champaign,CHAMPAIGN,0,17019,SIDNEY 138KV,,,,,17019,P::J1652,exact_state_county,100.0,1.0
P::J1651,J1651,IL,logan,LOGAN,0,17107,HOWLETT,,,,,17107,P::J1651,exact_state_county,100.0,1.0
P::J1650,J1650,IL,logan,LOGAN,0,17107,LATHAM 345KV,,,,,17107,P::J1650,exact_state_county,100.0,1.0
P::J1649,J1649,KY,mccracken,MCCRACKEN,0,21145,SHELL MCCRACKEN COUNTY 69 0KV,,,,,21145,P::J1649,exact_state_county,100.0,1.0
P::J1648,J1648,AR,searcy,SEARCY,0,05129,SEARCY PRICE 161KV,,,,,05129,P::J1648,exact_state_county,100.0,1.0
P::J1647,J1647,MN,chippewa,CHIPPEWA,0,27023,MAYNARD XMSN 115KV SUBSTATION,,,,,27023,P::J1647,exact_state_county,100.0,1.0
P::J1646,J1646,IN,newton,NEWTON,0,18111,MORRISON DITCH,,,,,18111,P::J1646,exact_state_county,100.0,1.0
P::J1645,J1645,MN,renville,RENVILLE,0,27129,PANTHER 230KV SUBSTATION,,,,,27129,P::J1645,exact_state_county,100.0,1.0
P::J1644,J1644,LA,st. landry,SAINT LANDRY,0,22097,CHAMPANGE PLAISANCE,,,,,22097,P::J1644,exact_state_county,100.0,1.0
P::J1643,J1643,MI,genesee,GENESEE,0,26049,DELANEY 138KV,,,,,26049,P::J1643,exact_state_county,100.0,1.0
P::J1642,J1642,IN,spencer,SPENCER,0,18147,NORTH EAST CASTLE CULLEY 138KV,,,,,18147,P::J1642,exact_state_county,100.0,1.0
P::J1641,J1641,IN,greene,GREENE,0,18055,WORTHINGTON SUBSTATION 138KV,,,,,18055,P::J1641,exact_state_county,100.0,1.0
P::J1640,J1640,MS,hinds,HINDS,0,28049,BEECH GROVE RAY BRASWELL 115KV,,,,,28049,P::J1640,exact_state_county,100.0,1.0
P::J1639,J1639,MI,lenawee,LENAWEE,0,26091,345KV ALLEN JUNCTION TO MOROCCO,,,,,26091,P::J1639,exact_state_county,100.0,1.0
P::J1638,J1638,KY,hancock,HANCOCK,0,21091,SKILLMAN SUBSTATION 161KV,,,,,21091,P::J1638,exact_state_county,100.0,1.0
P::J1637,J1637,IN,knox,KNOX,0,18083,WHEATLAND SUBSTATION 345KV,,,,,18083,P::J1637,exact_state_county,100.0,1.0
P::J1636,J1636,MO,pike,PIKE,0,29163,PENO CREEK SUBSTATION 161KV,,,,,29163,P::J1636,exact_state_county,100.0,1.0
P::J1635,J1635,MI,branch,BRANCH,0,26023,BUTTERS NEWTON MI AVE 138 0KV,,,,,26023,P::J1635,exact_state_county,100.0,1.0
P::J1634,J1634,LA,beauregard,BEAUREGARD,0,22011,COOPER SWITCHING PENTON ROAD 230KV,,,,,22011,P::J1634,exact_state_county,100.0,1.0
P::J1632,J1632,KY,caldwell,CALDWELL,0,21033,CALDWELL COUNTY BARKLEY 161KV,,,,,21033,P::J1632,exact_state_county,100.0,1.0
P::J1609,J1609,MI,st. joseph,SAINT JOSEPH,0,26149,SIMPSON 138KV,,,,,26149,P::J1609,exact_state_county,100.0,1.0
P::J1608,J1608,MI,ingham,INGHAM,0,26065,TIHART TO LOVEJOY JUNCTION 138KV,,,,,26065,P::J1608,exact_state_county,100.0,1.0
P::J1607,J1607,AR,grant,GRANT,0,05053,HARDIN WEST SS TO SHERIDAN 115KV,,,,,05053,P::J1607,exact_state_county,100.0,1.0
P::J1581,J1581,MN,nobles,NOBLES,0,27105,NOBLES COUNTY,,,,,27105,P::J1581,exact_state_county,100.0,1.0
P::J1580,J1580,MI,ottawa,OTTAWA,0,26139,COBB ARCHER JUNCTION 138KV 2,,,,,26139,P::J1580,exact_state_county,100.0,1.0
P::J1579,J1579,IL,edwards,EDWARDS,0,17047,ALBION CROSSVILLE 138KV LINE,,,,,17047,P::J1579,exact_state_county,100.0,1.0
P::J1578,J1578,IN,johnson,JOHNSON,0,18081,COLUMBUS GREENWOOD CLARK TWP 230KV LINE CIRCUIT ID 23019,,,,,18081,P::J1578,exact_state_county,100.0,1.0
P::J1577,J1577,AR,grant,GRANT,0,05053,HARDIN WEST SS SHERIDAN 115 0KV,,,,,05053,P::J1577,exact_state_county,100.0,1.0
P::J1576,J1576,LA,washington,WASHINGTON,0,22117,ANGIE TO ADAMS CREEK 230KV,,,,,22117,P::J1576,exact_state_county,100.0,1.0
P::J1575,J1575,MN,kittson,KITTSON,0,27069,115KV TRANSMISSION LINE FROM WARSAW TO DONALDSON OWNED BY OTTER TAIL POWER COMPANY,,,,,27069,P::J1575,exact_state_county,100.0,1.0
P::J1574,J1574,LA,west carroll,WEST CARROLL,0,22123,DARNELL 115KV,,,,,22123,P::J1574,exact_state_county,100.0,1.0
P::J1573,J1573,WI,portage,PORTAGE,0,55097,PLOVER,,,,,55097,P::J1573,exact_state_county,100.0,1.0
P::J1572,J1572,MN,faribault,FARIBAULT,0,27043,HUNTLEY TO BLUE EARTH 161KV,,,,,27043,P::J1572,exact_state_county,100.0,1.0
P::J1571,J1571,MI,lenawee,LENAWEE,0,26091,MOROCCO,,,,,26091,P::J1571,exact_state_county,100.0,1.0
P::J1570,J1570,MN,rock,ROCK,0,27133,MAGNOLIA 161KV,,,,,27133,P::J1570,exact_state_county,100.0,1.0
P::J1569,J1569,WI,pierce,PIERCE,0,55093,RED WING TO HERBERT 69KV REDWING BAY CITY ESDAILE HERBERT,,,,,55093,P::J1569,exact_state_county,100.0,1.0
P::J1568,J1568,MN,renville,RENVILLE,0,27129,FRANKLIN 115KV,,,,,27129,P::J1568,exact_state_county,100.0,1.0
P::J1567,J1567,WI,outagamie,OUTAGAMIE,0,55087,WERBER W HIWAY 22 345KV LINE,,,,,55087,P::J1567,exact_state_county,100.0,1.0
P::J1566,J1566,MN,martin,MARTIN,0,27091,RUTLAND,,,,,27091,P::J1566,exact_state_county,100.0,1.0
P::J1565,J1565,IN,lawrence,LAWRENCE,0,18093,BEDFORD COLUMBUS 345KV LINE LINE 34517,,,,,18093,P::J1565,exact_state_county,100.0,1.0
P::J1564,J1564,LA,washington,WASHINGTON,0,22117,TALISHEEK BOGALUSA 230KV LINE,,,,,22117,P::J1564,exact_state_county,100.0,1.0
P::J1563,J1563,IN,montgomery,MONTGOMERY,0,18107,WHITESVILLE WABASH RIVER 230KV LINE,,,,,18107,P::J1563,exact_state_county,100.0,1.0
P::J1583,J1583,LA,iberville,IBERVILLE,0,22047,DONALDSONVILLE EVERGREEN 230KV,,,,,22047,P::J1583,exact_state_county,100.0,1.0
P::J1584,J1584,LA,calcasieu,CALCASIEU,0,22019,TOOMEY 138KV,,,,,22019,P::J1584,exact_state_county,100.0,1.0
P::J1585,J1585,MO,moniteau,MONITEAU,0,29135,APACHE TAP BARNETT 161KV LINE,,,,,29135,P::J1585,exact_state_county,100.0,1.0
P::J1586,J1586,MI,calhoun,CALHOUN,0,26025,ARGENTA TO TOMPKINS 345KV LINE,,,,,26025,P::J1586,exact_state_county,100.0,1.0
P::J1606,J1606,IN,fountain,FOUNTAIN,0,18045,ATTICA 230KV SUBSTATION,,,,,18045,P::J1606,exact_state_county,100.0,1.0
P::J1605,J1605,MN,sherburne,SHERBURNE,0,27141,SHERBURNE CO,,,,,27141,P::J1605,exact_state_county,100.0,1.0
P::J1604,J1604,KY,henderson,HENDERSON,0,21101,HMPL SUB NO 7,,,,,21101,P::J1604,exact_state_county,100.0,1.0
P::J1603,J1603,MI,otsego,OTSEGO,0,26137,VANTYLE 138KV,,,,,26137,P::J1603,exact_state_county,100.0,1.0
P::J1602,J1602,LA,ouachita,OUACHITA,0,22073,RILLA 115KV SUBSTATION SAME AS J1239,,,,,22073,P::J1602,exact_state_county,100.0,1.0
P::J1601,J1601,IN,marion,MARION,0,18097,MEROM GIBSON STATION TAP 345KV LINE,,,,,18097,P::J1601,exact_state_county,100.0,1.0
P::J1600,J1600,KY,meade,MEADE,0,21163,FLAHERTY TAP TO CUSTER 69KV,,,,,21163,P::J1600,exact_state_county,100.0,1.0
P::J1599,J1599,LA,iberia,IBERIA,0,22045,MORBIHAN HOPKINS 138KV,,,,,22045,P::J1599,exact_state_county,100.0,1.0
P::J1598,J1598,LA,calcasieu,CALCASIEU,0,22019,GOOS FERRY,,,,,22019,P::J1598,exact_state_county,100.0,1.0
P::J1653,J1653,IL,tazewell,TAZEWELL,0,17179,SAN JOSE RAIL 138KV,,,,,17179,P::J1653,exact_state_county,100.0,1.0
P::J1597,J1597,MN,wadena,WADENA,0,27159,WING RIVER SUBSTATION 230KV,,,,,27159,P::J1597,exact_state_county,100.0,1.0
P::J1595,J1595,LA,st. martin,SAINT MARTIN,0,22099,KIRK 138KV,,,,,22099,P::J1595,exact_state_county,100.0,1.0
P::J1594,J1594,SD,clark,CLARK,0,46025,BIG STONE TO ELLENDALE 345KV,,,,,46025,P::J1594,exact_state_county,100.0,1.0
P::J1593,J1593,IN,rush,RUSH,0,18139,GREENSBORO GWYNNEVILLE 345KV,,,,,18139,P::J1593,exact_state_county,100.0,1.0
P::J1592,J1592,AR,pope,POPE,0,05115,MORRILTON EAST ATKINS 161KV,,,,,05115,P::J1592,exact_state_county,100.0,1.0
P::J1591,J1591,IN,clay,CLAY,0,18021,STAUNTON 138KV,,,,,18021,P::J1591,exact_state_county,100.0,1.0
P::J1590,J1590,IA,plymouth,PLYMOUTH,0,19149,REMSEN TOWNSHIP,,,,,19149,P::J1590,exact_state_county,100.0,1.0
P::J1589,J1589,MI,clinton,CLINTON,0,26037,HUBBARDSTON TECH DRIVE 138KV,,,,,26037,P::J1589,exact_state_county,100.0,1.0
P::J1588,J1588,ND,cass,CASS,0,38017,BISON,,,,,38017,P::J1588,exact_state_county,100.0,1.0
P::J1587,J1587,MI,muskegon,MUSKEGON,0,26121,DU PONT TO COBB 138KV J1375 POI,,,,,26121,P::J1587,exact_state_county,100.0,1.0
P::J1596,J1596,WI,waushara,WAUSHARA,0,55137,SAND LAKE 138KV,,,,,55137,P::J1596,exact_state_county,100.0,1.0
P::J1654,J1654,MI,genesee,GENESEE,0,26049,GOSS THETFORD 345KV LINE,,,,,26049,P::J1654,exact_state_county,100.0,1.0
P::J1655,J1655,IL,jefferson,JEFFERSON,0,17081,WEST MT VERNON XENIA 345KV LINE J1241,,,,,17081,P::J1655,exact_state_county,100.0,1.0
P::J1656,J1656,IL,vermilion,VERMILION,0,17183,SYDNEY TO BUNSONVILLE 345KV LINE,,,,,17183,P::J1656,exact_state_county,100.0,1.0
P::J1722,J1722,AR,lonoke,LONOKE,0,05085,GALLOWAY REMIGTON 115KV TRANSMISSION LINE,,,,,05085,P::J1722,exact_state_county,100.0,1.0
P::J1721,J1721,IN,vigo,VIGO,0,18167,TH PFIZER JCT WORTHINGTON HED,,,,,18167,P::J1721,exact_state_county,100.0,1.0
P::J1720,J1720,WI,columbia,COLUMBIA,0,55021,FOUNTAIN PRAIRIE NORTH RANDOLPH 138KV TRANSMISSION LINE,,,,,55021,P::J1720,exact_state_county,100.0,1.0
P::J1719,J1719,WI,waushara,WAUSHARA,0,55137,SAND LAKE 138KV SUBSTATION,,,,,55137,P::J1719,exact_state_county,100.0,1.0
P::J1718,J1718,IL,vermilion,VERMILION,0,17183,BUNSONVILLE 345KV,,,,,17183,P::J1718,exact_state_county,100.0,1.0
P::J1717,J1717,IN,decatur,DECATUR,0,18031,GREENSBURG 138KV,,,,,18031,P::J1717,exact_state_county,100.0,1.0
P::J1716,J1716,WI,fond du lac,FOND DU LAC,0,55039,SOUTH FOND DU LAC FITZGERALD 345 0KV,,,,,55039,P::J1716,exact_state_county,100.0,1.0
P::J1715,J1715,IN,decatur,DECATUR,0,18031,HE WESTPORT 138KV,,,,,18031,P::J1715,exact_state_county,100.0,1.0
P::J1714,J1714,IL,fayette,FAYETTE,0,17051,RAMSEY EAST 138KV SUBSTATION,,,,,17051,P::J1714,exact_state_county,100.0,1.0
P::J1713,J1713,IL,macon,MACON,0,17115,FARADAY 138KV,,,,,17115,P::J1713,exact_state_county,100.0,1.0
P::J1712,J1712,IL,perry,PERRY,0,17145,NORTH COULTERVILLE COMM 345KV,,,,,17145,P::J1712,exact_state_county,100.0,1.0
P::J1711,J1711,WI,green,GREEN,0,55045,NORTH MONROE 138KV SUBSTATION,,,,,55045,P::J1711,exact_state_county,100.0,1.0
P::J1710,J1710,AR,lee,LEE,0,05077,KEO EHV,,,,,05077,P::J1710,exact_state_county,100.0,1.0
P::J1709,J1709,TX,grimes,GRIMES,0,48185,138KV GRIMES,,,,,48185,P::J1709,exact_state_county,100.0,1.0
P::J1708,J1708,WI,grant,GRANT,0,55043,J947 INTERCONNECTION SUBSTATION,,,,,55043,P::J1708,exact_state_county,100.0,1.0
P::J1707,J1707,IN,dubois,DUBOIS,0,18037,DUFF 345KV,,,,,18037,P::J1707,exact_state_county,100.0,1.0
P::J1706,J1706,WI,green,GREEN,0,55045,NORTH MONROE 138KV,,,,,55045,P::J1706,exact_state_county,100.0,1.0
P::J1705,J1705,WI,columbia,COLUMBIA,0,55021,SOUTH FOND DU LAC ENDPOINT A TO COLUMBIA ENDPOINT B 345KV,,,,,55021,P::J1705,exact_state_county,100.0,1.0
P::J1704,J1704,IN,shelby,SHELBY,0,18145,GWYNNEVILLE 345KV SUBSTATION,,,,,18145,P::J1704,exact_state_county,100.0,1.0
P::J1723,J1723,AR,cross,CROSS,0,05037,WYNNE EAST TO WYNNE SOUTH 161KV LINE J1125 SUB,,,,,05037,P::J1723,exact_state_county,100.0,1.0
P::J1724,J1724,IN,laporte,LAPORTE,0,18091,LNG STILLWELL 138KV LINE,,,,,18091,P::J1724,exact_state_county,100.0,1.0
P::J1725,J1725,IL,tazewell,TAZEWELL,0,17179,SAN JOSE RAIL SPLITTER 138KV G515,,,,,17179,P::J1725,exact_state_county,100.0,1.0
P::J1726,J1726,IN,pulaski,PULASKI,0,18131,REYNOLDS BURR 345KV,,,,,18131,P::J1726,exact_state_county,100.0,1.0
P::J1746,J1746,WI,columbia,COLUMBIA,0,55021,COLUMBIA 138KV,,,,,55021,P::J1746,exact_state_county,100.0,1.0
P::J1745,J1745,WI,winnebago,WINNEBAGO,0,55139,FITZGERALD 138KV,,,,,55139,P::J1745,exact_state_county,100.0,1.0
P::J1744,J1744,IL,cumberland,CUMBERLAND,0,17035,HUTSONVILLE NEOGA 138KV,,,,,17035,P::J1744,exact_state_county,100.0,1.0
P::J1743,J1743,IN,miami,MIAMI,0,18103,DEEDSVILLE 345KV SUBSTATION,,,,,18103,P::J1743,exact_state_county,100.0,1.0
P::J1742,J1742,IN,porter,PORTER,0,18127,BABCOCK LAKE GEORGE 345KV,,,,,18127,P::J1742,exact_state_county,100.0,1.0
P::J1741,J1741,IN,cass,CASS,0,18017,WALTON 345KV SUBSTATION,,,,,18017,P::J1741,exact_state_county,100.0,1.0
P::J1740,J1740,WI,walworth,WALWORTH,0,55127,UNIVERSITY TO MUKWANAGO 138KV LINE,,,,,55127,P::J1740,exact_state_county,100.0,1.0
P::J1739,J1739,WI,waushara,WAUSHARA,0,55137,SAND LAKE 138KV SUBSTATION,,,,,55137,P::J1739,exact_state_county,100.0,1.0
P::J1738,J1738,SD,mcpherson,MCPHERSON,0,46089,LEOLA SUBSTATION 41 6KV,,,,,46089,P::J1738,exact_state_county,100.0,1.0
P::J1703,J1703,KY,webster,WEBSTER,0,21233,REID TO HOPKINS COUNTY 161KV,,,,,21233,P::J1703,exact_state_county,100.0,1.0
P::J1737,J1737,IN,rush,RUSH,0,18139,GWYNVILLE 345KV,,,,,18139,P::J1737,exact_state_county,100.0,1.0
P::J1735,J1735,WI,rock,ROCK,0,55105,J1304 POI 138KV SUBSTATION,,,,,55105,P::J1735,exact_state_county,100.0,1.0
P::J1734,J1734,IA,lee,LEE,0,19111,BURLINGTON GENERATION WEVER 161KV,,,,,19111,P::J1734,exact_state_county,100.0,1.0
P::J1733,J1733,IA,allamakee,ALLAMAKEE,0,19005,LANSING 161KV,,,,,19005,P::J1733,exact_state_county,100.0,1.0
P::J1732,J1732,WI,columbia,COLUMBIA,0,55021,ACEC LEWISTON TAP X 68 ACEC LEWISTON 138 0KV,,,,,55021,P::J1732,exact_state_county,100.0,1.0
P::J1731,J1731,IN,madison,MADISON,0,18095,NOBLESVILLE TO FALL CREEK 345KV,,,,,18095,P::J1731,exact_state_county,100.0,1.0
P::J1730,J1730,WI,dunn,DUNN,0,55033,EAU CLAIRE TO AS KING 345KV,,,,,55033,P::J1730,exact_state_county,100.0,1.0
P::J1729,J1729,IA,hancock,HANCOCK,0,19081,LIME CREEK 161KV,,,,,19081,P::J1729,exact_state_county,100.0,1.0
P::J1728,J1728,IA,story,STORY,0,19169,STORY COUNTY SUBSTATION 161KV,,,,,19169,P::J1728,exact_state_county,100.0,1.0
P::J1727,J1727,IA,hancock,HANCOCK,0,19081,LIME CREEK 161KV,,,,,19081,P::J1727,exact_state_county,100.0,1.0
P::J1736,J1736,IN,dubois,DUBOIS,0,18037,DUFF 138KV,,,,,18037,P::J1736,exact_state_county,100.0,1.0
P::J1562,J1562,AR,mississippi,MISSISSIPPI,0,05093,BLYTHEVILLE I 55 AECC BLYTHEVILLE NORTH 161 0KV,,,,,05093,P::J1562,exact_state_county,100.0,1.0
P::J1702,J1702,IL,macon,MACON,0,17115,FARADAY 345KV,,,,,17115,P::J1702,exact_state_county,100.0,1.0
P::J1700,J1700,IN,johnson,JOHNSON,0,18081,FRANKLIN 230KV,,,,,18081,P::J1700,exact_state_county,100.0,1.0
P::J1675,J1675,IL,edgar,EDGAR,0,17045,KANSAS 345KV,,,,,17045,P::J1675,exact_state_county,100.0,1.0
P::J1674,J1674,LA,st. tammany,SAINT TAMMANY,0,22103,TALISHEEK NORTH SLIDELL 230KV LINE,,,,,22103,P::J1674,exact_state_county,100.0,1.0
P::J1673,J1673,LA,sabine,SABINE,0,22085,FISHER MARTHAVILLE 230 0KV,,,,,22085,P::J1673,exact_state_county,100.0,1.0
P::J1672,J1672,MS,hinds,HINDS,0,28049,TINNIN ROAD 230KV,,,,,28049,P::J1672,exact_state_county,100.0,1.0
P::J1671,J1671,TX,walker,WALKER,0,48471,ROCKY CREEK TO LEWIS CREEK 230KV,,,,,48471,P::J1671,exact_state_county,100.0,1.0
P::J1670,J1670,AR,mississippi,MISSISSIPPI,0,05093,CROOKED LAKE 161KV AT J586 POI,,,,,05093,P::J1670,exact_state_county,100.0,1.0
P::J1669,J1669,LA,jefferson davis,JEFFERSON DAVIS,0,22053,LAKE CHARLES BULK,,,,,22053,P::J1669,exact_state_county,100.0,1.0
P::J1668,J1668,LA,iberville,IBERVILLE,0,22047,DONALDSONVILLE EVERGREEN 230KV,,,,,22047,P::J1668,exact_state_county,100.0,1.0
P::J1667,J1667,MI,isabella,ISABELLA,0,26073,BARD RD TO CLARE JUNCTION 138KV,,,,,26073,P::J1667,exact_state_county,100.0,1.0
P::J1666,J1666,MI,ingham,INGHAM,0,26065,ONEIDA MAJESTIC 345KV,,,,,26065,P::J1666,exact_state_county,100.0,1.0
P::J1665,J1665,MI,st. clair,SAINT CLAIR,0,26147,CARRIGAN 120KV SUBSTATION,,,,,26147,P::J1665,exact_state_county,100.0,1.0
P::J1664,J1664,MI,st. clair,SAINT CLAIR,0,26147,CARRIGAN 120KV SUBSTATION,,,,,26147,P::J1664,exact_state_county,100.0,1.0
P::J1663,J1663,MI,ottawa,OTTAWA,0,26139,ARGENTA TALLMADGE 345 0KV,,,,,26139,P::J1663,exact_state_county,100.0,1.0
P::J1662,J1662,IN,newton,NEWTON,0,18111,GOODLAND SUBSTATION 138KV BUS NAME 17GOODLAND,,,,,18111,P::J1662,exact_state_county,100.0,1.0
P::J1661,J1661,MI,lapeer,LAPEER,0,26087,IMLAY PUMP 120KV SUBSTATION,,,,,26087,P::J1661,exact_state_county,100.0,1.0
P::J1660,J1660,MI,genesee,GENESEE,0,26049,GOSS THETFORD 345KV LINE,,,,,26049,P::J1660,exact_state_county,100.0,1.0
P::J1659,J1659,MI,washtenaw,WASHTENAW,0,26161,DORSET,,,,,26161,P::J1659,exact_state_county,100.0,1.0
P::J1658,J1658,MI,hillsdale,HILLSDALE,0,26059,COLDWATER MOORE ROAD 138 0KV,,,,,26059,P::J1658,exact_state_county,100.0,1.0
P::J1657,J1657,WI,st. croix,SAINT CROIX,0,55109,PINE LAKE TO APPLE RIVER 161KV,,,,,55109,P::J1657,exact_state_county,100.0,1.0
P::J1676,J1676,IL,mclean,MCLEAN,0,17113,BROKAW CLINTON 345KV LINE,,,,,17113,P::J1676,exact_state_county,100.0,1.0
P::J1677,J1677,IL,macon,MACON,0,17115,LEGHORN 345KV,,,,,17115,P::J1677,exact_state_county,100.0,1.0
P::J1678,J1678,IN,miami,MIAMI,0,18103,DEEDSVILLE 345KV,,,,,18103,P::J1678,exact_state_county,100.0,1.0
P::J1679,J1679,IL,clay,CLAY,0,17025,7XENIA 7MTVERNW 345 0KV,,,,,17025,P::J1679,exact_state_county,100.0,1.0
P::J1699,J1699,IN,shelby,SHELBY,0,18145,HE LEWIS CREEK 69KV,,,,,18145,P::J1699,exact_state_county,100.0,1.0
P::J1698,J1698,LA,st. tammany,SAINT TAMMANY,0,22103,TALISHEEK NORTH SLIDELL 230KV LINE,,,,,22103,P::J1698,exact_state_county,100.0,1.0
P::J1697,J1697,IN,jackson,JACKSON,0,18071,SHAWSWICK TO PLEASANT GROVE 138KV,,,,,18071,P::J1697,exact_state_county,100.0,1.0
P::J1696,J1696,KY,henderson,HENDERSON,0,21101,REID EHV 161KV,,,,,21101,P::J1696,exact_state_county,100.0,1.0
P::J1695,J1695,IL,perry,PERRY,0,17145,ASTER 138KV SUBSTATION REBUILD OF NORTH COULTERVILLE 138KV,,,,,17145,P::J1695,exact_state_county,100.0,1.0
P::J1694,J1694,IN,lawrence,LAWRENCE,0,18093,LOST RIVER 345KV,,,,,18093,P::J1694,exact_state_county,100.0,1.0
P::J1693,J1693,MN,chippewa,CHIPPEWA,0,27023,MAYNARD XMSN 115KV SUBSTATION,,,,,27023,P::J1693,exact_state_county,100.0,1.0
P::J1692,J1692,IN,cass,CASS,0,18017,WALTON 345KV SUBSTATION,,,,,18017,P::J1692,exact_state_county,100.0,1.0
P::J1691,J1691,IN,sullivan,SULLIVAN,0,18153,GIBSON STA MEROM HED 345 0KV,,,,,18153,P::J1691,exact_state_county,100.0,1.0
P::J1701,J1701,IL,mcdonough,MCDONOUGH,0,17109,MACOMB TO IPAVA 138KV LINE,,,,,17109,P::J1701,exact_state_county,100.0,1.0
P::J1690,J1690,IN,henry,HENRY,0,18065,LEWISVILLE 138KV,,,,,18065,P::J1690,exact_state_county,100.0,1.0
P::J1688,J1688,IL,champaign,CHAMPAIGN,0,17019,RISING 345KV,,,,,17019,P::J1688,exact_state_county,100.0,1.0
P::J1687,J1687,IN,decatur,DECATUR,0,18031,DECATUR SWITCHING STATION 161KV,,,,,18031,P::J1687,exact_state_county,100.0,1.0
P::J1686,J1686,LA,evangeline,EVANGELINE,0,22039,COUGHLIN PLAISANCE 138KV,,,,,22039,P::J1686,exact_state_county,100.0,1.0
P::J1685,J1685,LA,ascension,ASCENSION,0,22005,DONALDSONVILLE TO EVERGREEN 230KV LINE,,,,,22005,P::J1685,exact_state_county,100.0,1.0
P::J1684,J1684,IN,starke,STARKE,0,18149,SCHAHFER GEN STA BURR OAK 345 0KV,,,,,18149,P::J1684,exact_state_county,100.0,1.0
P::J1683,J1683,IN,porter,PORTER,0,18127,BABCOCK LAKE GEORGE 345KV,,,,,18127,P::J1683,exact_state_county,100.0,1.0
P::J1682,J1682,IN,boone,BOONE,0,18011,HORTONVILLE TO WHITESTOWN 345KV,,,,,18011,P::J1682,exact_state_county,100.0,1.0
P::J1681,J1681,MO,maries,MARIES,0,29125,BLAND TO FRANKS 345KV LINE,,,,,29125,P::J1681,exact_state_county,100.0,1.0
P::J1680,J1680,IN,cass,CASS,0,18017,345KV WALTON SUBSTATION,,,,,18017,P::J1680,exact_state_county,100.0,1.0
P::J1689,J1689,IN,henry,HENRY,0,18065,CADIZ 138KV,,,,,18065,P::J1689,exact_state_county,100.0,1.0
P::J1561,J1561,LA,acadia,ACADIA,0,22001,RICHARD 138KV,,,,,22001,P::J1561,exact_state_county,100.0,1.0
P::J1560,J1560,LA,iberia,IBERIA,0,22045,PATOUTVILLE SUBSTATION 138KV BUS,,,,,22045,P::J1560,exact_state_county,100.0,1.0
P::J1559,J1559,AR,conway,CONWAY,0,05029,MORRILTON EAST SUBSTATION 161KV BUS,,,,,05029,P::J1559,exact_state_county,100.0,1.0
P::J1440,J1440,MS,tunica,TUNICA,0,28143,LULA TUNICA 115KV LINE,,,,,28143,P::J1440,exact_state_county,100.0,1.0
P::J1439,J1439,MS,tunica,TUNICA,0,28143,LULA TUNICA 115KV LINE,,,,,28143,P::J1439,exact_state_county,100.0,1.0
P::J1438,J1438,IA,fayette,FAYETTE,0,19065,WINDSOR HAZELTON 161KV LINE,,,,,19065,P::J1438,exact_state_county,100.0,1.0
P::J1437,J1437,AR,carroll,CARROLL,0,05015,AECC DRY CREEK 161KV SWITCHYARD STATION,,,,,05015,P::J1437,exact_state_county,100.0,1.0
P::J1436,J1436,LA,morehouse parish,MOREHOUSE,0,22067,OAK RIDGE 115KV SUBSTATION,,,,,22067,P::J1436,exact_state_county,100.0,1.0
P::J1435,J1435,IA,dubuque,DUBUQUE,0,19061,CENTER GROVE 161KV SUBSTATION,,,,,19061,P::J1435,exact_state_county,100.0,1.0
P::J1434,J1434,AR,monroe,MONROE,0,05095,J907 230KV SUB BRINKLEY EAST AUBREY 230KV LINE,,,,,05095,P::J1434,exact_state_county,100.0,1.0
P::J1433,J1433,LA,washington parish,WASHINGTON,0,22117,LAGEN HOLTON FRANKLINTON 115KV J1184,,,,,22117,P::J1433,exact_state_county,100.0,1.0
P::J1432,J1432,IA,clinton,CLINTON,0,19045,SALEM ROCK CREEK 345KV LINE,,,,,19045,P::J1432,exact_state_county,100.0,1.0
P::J1431,J1431,LA,st. james parish,SAINT JAMES,0,22093,VACHERIE 230KV SUBSTATION,,,,,22093,P::J1431,exact_state_county,100.0,1.0
P::J1430,J1430,MI,calhoun,CALHOUN,0,26025,VERONA FOUNDARY 138KV LINE,,,,,26025,P::J1430,exact_state_county,100.0,1.0
P::J1429,J1429,WI,juneau,JUNEAU,0,55057,WHISTILING WINGS 69KV SUBSTATION,,,,,55057,P::J1429,exact_state_county,100.0,1.0
P::J1428,J1428,ND,cass,CASS,0,38017,BUFFALO 345KV SUBSTATION,,,,,38017,P::J1428,exact_state_county,100.0,1.0
P::J1427,J1427,IA,benton,BENTON,0,19011,DUANE ARNOLD 345KV SUBSTATION,,,,,19011,P::J1427,exact_state_county,100.0,1.0
P::J1426,J1426,MN,benton,BENTON,0,27009,BENTON COUNTY 115KV SUBSTATION,,,,,27009,P::J1426,exact_state_county,100.0,1.0
P::J1425,J1425,AR,jefferson,JEFFERSON,0,05069,PINE BLUFF INTERNATIONAL PAPER 115KV SUBSTATION,,,,,05069,P::J1425,exact_state_county,100.0,1.0
P::J1424,J1424,LA,beauregard parish,BEAUREGARD,0,22011,COOPER PENTON ROAD 230KV LINE,,,,,22011,P::J1424,exact_state_county,100.0,1.0
P::J1423,J1423,MI,ottawa,OTTAWA,0,26139,CAMPBELL BLENDON 138KV LINE,,,,,26139,P::J1423,exact_state_county,100.0,1.0
P::J1422,J1422,IL,edwards,EDWARDS,0,17047,ALBION OLNEY 138KV LINE TAP,,,,,17047,P::J1422,exact_state_county,100.0,1.0
P::J1441,J1441,LA,terrebonne parish,TERREBONNE,0,22109,SCHRIEVER 230KV SUBSTATION,,,,,22109,P::J1441,exact_state_county,100.0,1.0
P::J1442,J1442,TX,polk,POLK,0,48373,RICH SHECO LIVINGSTON 138KV LINE TAP,,,,,48373,P::J1442,exact_state_county,100.0,1.0
P::J1443,J1443,AR,union,UNION,0,05139,TEXAS EASTERN F SS STRONG SS 115KV LINE TAP,,,,,05139,P::J1443,exact_state_county,100.0,1.0
P::J1444,J1444,IA,linn,LINN,0,19113,DUANE ARNOLD 345KV SUBSTATION,,,,,19113,P::J1444,exact_state_county,100.0,1.0
P::J1464,J1464,IL,macoupin,MACOUPIN,0,17117,MEREDOSIA AUSTIN 345KV LINE TAP,,,,,17117,P::J1464,exact_state_county,100.0,1.0
P::J1463,J1463,LA,west baton rouge parish,WEST BATON ROUGE,0,22121,ADDIS BIG CAJUN 230KV LINE TAP J639,,,,,22121,P::J1463,exact_state_county,100.0,1.0
P::J1462,J1462,LA,acadia parish,ACADIA,0,22001,ACADIA SCANLAN 138KV LINE,,,,,22001,P::J1462,exact_state_county,100.0,1.0
P::J1461,J1461,MN,carver,CARVER,0,27019,MCLEOD BLUE LAKE 230KV LINE,,,,,27019,P::J1461,exact_state_county,100.0,1.0
P::J1460,J1460,WI,rock,ROCK,0,55105,SUNRISE 138KV SUBSTATION,,,,,55105,P::J1460,exact_state_county,100.0,1.0
P::J1459,J1459,MI,calhoun,CALHOUN,0,26025,ARGENTA TOMPKINS 345KV LINE TAP,,,,,26025,P::J1459,exact_state_county,100.0,1.0
P::J1458,J1458,MS,washington,WASHINGTON,0,28151,RAY BRASWELL TINNIN GERALD ANDRUS 230KV LINE,,,,,28151,P::J1458,exact_state_county,100.0,1.0
P::J1457,J1457,IN,vermillion,VERMILLION,0,18165,SUGAR CREEK CAYUGA 345KV LINE TAP,,,,,18165,P::J1457,exact_state_county,100.0,1.0
P::J1456,J1456,ND,sheridan,SHERIDAN,0,38083,HARVEY UNDERWOOD 230KV LINE TAP,,,,,38083,P::J1456,exact_state_county,100.0,1.0
P::J1421,J1421,LA,east feliciana parish,EAST FELICIANA,0,22037,MOLER 230KV SUBSTATION,,,,,22037,P::J1421,exact_state_county,100.0,1.0
P::J1455,J1455,LA,st. mary,SAINT MARY,0,22101,TECHE MORBIHAN 138KV LINE,,,,,22101,P::J1455,exact_state_county,100.0,1.0
P::J1453,J1453,IL,mason,MASON,0,17125,HAVANA SHOCKEY 138KV LINE TAP,,,,,17125,P::J1453,exact_state_county,100.0,1.0
P::J1452,J1452,LA,red river parish,RED RIVER,0,22081,CARROLL MANSFIELD 138KV LINE TAP,,,,,22081,P::J1452,exact_state_county,100.0,1.0
P::J1451,J1451,MI,washtenaw,WASHTENAW,0,26161,DORSET 120KV SUBSTATION,,,,,26161,P::J1451,exact_state_county,100.0,1.0
P::J1450,J1450,KY,webster,WEBSTER,0,21233,HOPKINS REID161KV LINE,,,,,21233,P::J1450,exact_state_county,100.0,1.0
P::J1449,J1449,MI,monroe,MONROE,0,26115,MOROCCO 138KV SUBSTATION,,,,,26115,P::J1449,exact_state_county,100.0,1.0
P::J1448,J1448,KY,caldwell,CALDWELL,0,21033,HOPKINS CALDWELL COUNTY BARKELY 161KV LINE,,,,,21033,P::J1448,exact_state_county,100.0,1.0
P::J1447,J1447,IN,porter,PORTER,0,18127,SCHAHFER GREEN ACRES 345KV LINE,,,,,18127,P::J1447,exact_state_county,100.0,1.0
P::J1446,J1446,MN,wright,WRIGHT,0,27171,LAKE PULASKI 115KV SUBSTATION,,,,,27171,P::J1446,exact_state_county,100.0,1.0
P::J1445,J1445,MN,benton,BENTON,0,27009,MAYHEW LAKE 115KV SUBSTATION,,,,,27009,P::J1445,exact_state_county,100.0,1.0
P::J1454,J1454,IL,mason,MASON,0,17125,MASON 138KV SUBSTATION,,,,,17125,P::J1454,exact_state_county,100.0,1.0
P::J1465,J1465,LA,pointe coupee parish,POINTE COUPEE,0,22077,LIVONIA COLONIAL SPRINGS 138KV LINE,,,,,22077,P::J1465,exact_state_county,100.0,1.0
P::J1420,J1420,IL,rock island,ROCK ISLAND,0,17161,SUB 107 69KV SUBSTATION,,,,,17161,P::J1420,exact_state_county,100.0,1.0
P::J1418,J1418,IL,pulaski,PULASKI,0,17153,JOPPA JOPPA NORTH BUS 161KV SUBSTATION,,,,,17153,P::J1418,exact_state_county,100.0,1.0
P::J1393,J1393,IN,pike,PIKE,0,18125,CATO 138KV SUBSTATION,,,,,18125,P::J1393,exact_state_county,100.0,1.0
P::J1392,J1392,IN,lagrange,LAGRANGE,0,18087,LAGRANGE 138KV SUBSTATION,,,,,18087,P::J1392,exact_state_county,100.0,1.0
P::J1391,J1391,IN,dubois,DUBOIS,0,18037,DUFF 138KV SUBSTATION,,,,,18037,P::J1391,exact_state_county,100.0,1.0
P::J1390,J1390,IN,bartholomew,BARTHOLOMEW,0,18005,GALLAGHER STATION COLUMBUS 230KV LINE TAP,,,,,18005,P::J1390,exact_state_county,100.0,1.0
P::J1389,J1389,MI,saginaw,SAGINAW,0,26145,MURPHY STATION NELSON ROAD 345KV LINE TAP,,,,,26145,P::J1389,exact_state_county,100.0,1.0
P::J1388,J1388,IN,gibson,GIBSON,0,18051,OAKLAND CITY OLD BEN COAL 138KV LINE TAP,,,,,18051,P::J1388,exact_state_county,100.0,1.0
P::J1387,J1387,IN,jasper,JASPER,0,18073,CIRCUIT 6958 69KV LINE TAP,,,,,18073,P::J1387,exact_state_county,100.0,1.0
P::J1386,J1386,IN,lake,LAKE,0,18089,GREEN ACRES 138KV SUBSTATION,,,,,18089,P::J1386,exact_state_county,100.0,1.0
P::J1385,J1385,IN,hendricks,HENDRICKS,0,18063,STILESVILLE 138KV SUBSTATION,,,,,18063,P::J1385,exact_state_county,100.0,1.0
P::J1384,J1384,LA,evangeline parish,EVANGELINE,0,22039,VILLE PLATTE WEST FORK 230KV LINE,,,,,22039,P::J1384,exact_state_county,100.0,1.0
P::J1383,J1383,IL,fulton,FULTON,0,17057,IPAVA 138KV SUBSTATION,,,,,17057,P::J1383,exact_state_county,100.0,1.0
P::J1382,J1382,IL,clark,CLARK,0,17023,HUTSONVILLE NEOGA 138KV LINE TAP,,,,,17023,P::J1382,exact_state_county,100.0,1.0
P::J1381,J1381,IN,howard,HOWARD,0,18067,GREENTOWN 230KV SUBSTATION,,,,,18067,P::J1381,exact_state_county,100.0,1.0
P::J1380,J1380,LA,beauregard parish,BEAUREGARD,0,22011,COOPER PENTON 230KV LINE,,,,,22011,P::J1380,exact_state_county,100.0,1.0
P::J1379,J1379,MI,montcalm,MONTCALM,0,26117,EUREKA VESTABURG 138KV LINE TAP,,,,,26117,P::J1379,exact_state_county,100.0,1.0
P::J1378,J1378,IN,fountain,FOUNTAIN,0,18045,VEEDERSBURG WEST 230KV SUBSTATION,,,,,18045,P::J1378,exact_state_county,100.0,1.0
P::J1377,J1377,WI,rock,ROCK,0,55105,WEMPLETOWN ROCKDALE 345KV LINE TAP,,,,,55105,P::J1377,exact_state_county,100.0,1.0
P::J1376,J1376,MO,cooper,COOPER,0,29053,BARNETT GEORGETOWN OVERTON 161KV LINE TAP,,,,,29053,P::J1376,exact_state_county,100.0,1.0
P::J1375,J1375,MI,muskegon,MUSKEGON,0,26121,DU PONT COBB WHITE LAKE 138KV,,,,,26121,P::J1375,exact_state_county,100.0,1.0
P::J1394,J1394,MI,shiawassee,SHIAWASSEE,0,26155,CORNELL LAYTON138KV LINE,,,,,26155,P::J1394,exact_state_county,100.0,1.0
P::J1395,J1395,MN,lyon,LYON,0,27083,HAWKS NEST LAKE LYON COUNTY 345KV LINE TAP,,,,,27083,P::J1395,exact_state_county,100.0,1.0
P::J1396,J1396,IN,pike,PIKE,0,18125,RATTS VICTORY 161KV LINE,,,,,18125,P::J1396,exact_state_county,100.0,1.0
P::J1397,J1397,WI,juneau,JUNEAU,0,55057,WHISTLING WINGS 69KV SUBSTATION,,,,,55057,P::J1397,exact_state_county,100.0,1.0
P::J1417,J1417,IA,worth,WORTH,0,19195,LEDYARD COLBY 345KV LINE TAP,,,,,19195,P::J1417,exact_state_county,100.0,1.0
P::J1416,J1416,IA,worth,WORTH,0,19195,WORTH COUNTY GLENWORTH 161KV LINE TAP,,,,,19195,P::J1416,exact_state_county,100.0,1.0
P::J1415,J1415,AR,lonoke,LONOKE,0,05085,KEO EHV 500KV SUBSTATION,,,,,05085,P::J1415,exact_state_county,100.0,1.0
P::J1414,J1414,AR,clay,CLAY,0,05021,DATTO CORNING NORTH 161KV LINE,,,,,05021,P::J1414,exact_state_county,100.0,1.0
P::J1413,J1413,IA,howard,HOWARD,0,19089,HAZLETON MITCHELL COUNTY 345KV LINE TAP,,,,,19089,P::J1413,exact_state_county,100.0,1.0
P::J1412,J1412,IN,porter,PORTER,0,18127,LAKE GEORGE SCHAHFER GEN STA 345KV LINE TAP,,,,,18127,P::J1412,exact_state_county,100.0,1.0
P::J1411,J1411,WI,dane,DANE,0,55025,N MADISON 345KV SUBSTATION,,,,,55025,P::J1411,exact_state_county,100.0,1.0
P::J1410,J1410,WI,dane,DANE,0,55025,N MADISON 345KV SUBSTATION,,,,,55025,P::J1410,exact_state_county,100.0,1.0
P::J1409,J1409,KY,henderson,HENDERSON,0,21101,HENDERSON 161KV SUBSTATION,,,,,21101,P::J1409,exact_state_county,100.0,1.0
P::J1419,J1419,IN,greene,GREENE,0,18055,EDWARDSPORT AMO 345KV LINE TAP,,,,,18055,P::J1419,exact_state_county,100.0,1.0
P::J1408,J1408,IL,macoupin,MACOUPIN,0,17117,VIRDEN 138KV SUBSTATION,,,,,17117,P::J1408,exact_state_county,100.0,1.0
P::J1406,J1406,MI,muskegon,MUSKEGON,0,26121,KENOWA LUDINGTON 345KV LINE TAP,,,,,26121,P::J1406,exact_state_county,100.0,1.0
P::J1405,J1405,IN,greene,GREENE,0,18055,SANBORN LINTON 138KV LINE TAP,,,,,18055,P::J1405,exact_state_county,100.0,1.0
P::J1404,J1404,MS,sunflower,SUNFLOWER,0,28133,DREW 115KV SUBSTATION,,,,,28133,P::J1404,exact_state_county,100.0,1.0
P::J1403,J1403,MI,ionia,IONIA,0,26067,MARQUETTE 138KV SUBSTATION,,,,,26067,P::J1403,exact_state_county,100.0,1.0
P::J1402,J1402,AR,jackson,JACKSON,0,05067,CASH NEWPORT AB161KV LINE,,,,,05067,P::J1402,exact_state_county,100.0,1.0
P::J1401,J1401,MI,branch,BRANCH,0,26023,BATAVIA WAGNER 138KV LINE,,,,,26023,P::J1401,exact_state_county,100.0,1.0
P::J1400,J1400,AR,crittenden,CRITTENDEN,0,05035,MARKED TREE MARION 161KV LINE TAP,,,,,05035,P::J1400,exact_state_county,100.0,1.0
P::J1399,J1399,MI,ingham,INGHAM,0,26065,DELHI CHURCHILL TOMPKINS 138KV LINE,,,,,26065,P::J1399,exact_state_county,100.0,1.0
P::J1398,J1398,IN,pike,PIKE,0,18125,RATTS 161KV SUBSTATION,,,,,18125,P::J1398,exact_state_county,100.0,1.0
P::J1407,J1407,IN,porter,PORTER,0,18127,SOUTH VALPARAISO 138KV SUBSTATION,,,,,18127,P::J1407,exact_state_county,100.0,1.0
P::J1373,J1373,AR,white,WHITE,0,05145,GRIFFITHVILLE SEARCY PRICE 115KV LINE TAP,,,,,05145,P::J1373,exact_state_county,100.0,1.0
P::J1466,J1466,KY,henderson,HENDERSON,0,21101,REID EHV 161KV SUBSTATION,,,,,21101,P::J1466,exact_state_county,100.0,1.0
P::J1468,J1468,MN,dakota,DAKOTA,0,27037,WEST HASTINGS 115KV SUBSTATION,,,,,27037,P::J1468,exact_state_county,100.0,1.0
P::J1534,J1534,MN,olmsted,OLMSTED,0,27109,BYRON,,,,,27109,P::J1534,exact_state_county,100.0,1.0
P::J1533,J1533,IA,adams,ADAMS,0,19003,CRESTON ADAMS COUNTY 161KV,,,,,19003,P::J1533,exact_state_county,100.0,1.0
P::J1532,J1532,IA,page,PAGE,0,19145,CLARINDA COBURG 69KV,,,,,19145,P::J1532,exact_state_county,100.0,1.0
P::J1531,J1531,MN,sherburne,SHERBURNE,0,27141,SHEROC SUBSTATION 345KV,,,,,27141,P::J1531,exact_state_county,100.0,1.0
P::J1530,J1530,IA,mills,MILLS,0,19129,TAP HASTINGS 635033 MACEDONIA 635069 69KV LINE AT ABOUT MIDPOINT,,,,,19129,P::J1530,exact_state_county,100.0,1.0
P::J1529,J1529,IA,carroll,CARROLL,0,19027,TAP CARROLL 635320 AUBURN 635328 69KV LINE AT ABOUT MIDPOINT,,,,,19027,P::J1529,exact_state_county,100.0,1.0
P::J1528,J1528,WI,dunn,DUNN,0,55033,EAU CLAIRE ENDPOINT A TO AS KING ENDPOINT B 345KV,,,,,55033,P::J1528,exact_state_county,100.0,1.0
P::J1527,J1527,MI,ottawa,OTTAWA,0,26139,KENOWA 345KV,,,,,26139,P::J1527,exact_state_county,100.0,1.0
P::J1526,J1526,MI,st. clair,SAINT CLAIR,0,26147,GREENWOOD 345KV,,,,,26147,P::J1526,exact_state_county,100.0,1.0
P::J1525,J1525,MI,huron,HURON,0,26063,GRASSMERE,,,,,26063,P::J1525,exact_state_county,100.0,1.0
P::J1524,J1524,MN,pipestone,PIPESTONE,0,27117,BUFFALO RIDGE TO PIPESTONE 115KV,,,,,27117,P::J1524,exact_state_county,100.0,1.0
P::J1523,J1523,MS,leflore,LEFLORE,0,28083,GREENWOOD PICKENS 115KV,,,,,28083,P::J1523,exact_state_county,100.0,1.0
P::J1522,J1522,MI,muskegon,MUSKEGON,0,26121,GRASSMERE 345KV,,,,,26121,P::J1522,exact_state_county,100.0,1.0
P::J1521,J1521,SD,day,DAY,0,46037,BIG STONE TO ELLENDALE BS3ELR 345KV J933,,,,,46037,P::J1521,exact_state_county,100.0,1.0
P::J1520,J1520,IA,worth,WORTH,0,19195,OTHER_,,,,,19195,P::J1520,exact_state_county,100.0,1.0
P::J1519,J1519,MO,bollinger,BOLLINGER,0,29017,ST FRANCOIS TO LUTESVILLE 345KV,,,,,29017,P::J1519,exact_state_county,100.0,1.0
P::J1518,J1518,IN,vermillion,VERMILLION,0,18165,HILLSDALE NORTH,,,,,18165,P::J1518,exact_state_county,100.0,1.0
P::J1517,J1517,IN,vermillion,VERMILLION,0,18165,HILLSDALE NORTH 230KV,,,,,18165,P::J1517,exact_state_county,100.0,1.0
P::J1516,J1516,MI,st. clair,SAINT CLAIR,0,26147,FITZ 120KV,,,,,26147,P::J1516,exact_state_county,100.0,1.0
P::J1535,J1535,IN,knox,KNOX,0,18083,EDWARDSPORT PEABODY TAP 138KV LINE,,,,,18083,P::J1535,exact_state_county,100.0,1.0
P::J1536,J1536,MI,isabella,ISABELLA,0,26073,SUMMERTON 1 138KV,,,,,26073,P::J1536,exact_state_county,100.0,1.0
P::J1537,J1537,MI,genesee,GENESEE,0,26049,THETFORD 1 DORT 138KV T LINE,,,,,26049,P::J1537,exact_state_county,100.0,1.0
P::J1538,J1538,LA,livingston,LIVINGSTON,0,22063,HAMMOND COLY 230KV,,,,,22063,P::J1538,exact_state_county,100.0,1.0
P::J1558,J1558,AR,pope,POPE,0,05115,MORELAND,,,,,05115,P::J1558,exact_state_county,100.0,1.0
P::J1557,J1557,MI,sanilac,SANILAC,0,26151,GREENWOOD RAPSON BANNER 345 0KV,,,,,26151,P::J1557,exact_state_county,100.0,1.0
P::J1556,J1556,MI,ottawa,OTTAWA,0,26139,NORTHERN FIBRE 138KV,,,,,26139,P::J1556,exact_state_county,100.0,1.0
P::J1555,J1555,MI,hillsdale,HILLSDALE,0,26059,MOORE ROAD SUBSTATION 138KV,,,,,26059,P::J1555,exact_state_county,100.0,1.0
P::J1554,J1554,MI,ionia,IONIA,0,26067,AMERICAN BUMPER JUNCTION TO DAVID JUNCTION 138KV,,,,,26067,P::J1554,exact_state_county,100.0,1.0
P::J1553,J1553,MI,clinton,CLINTON,0,26037,BINGHAM,,,,,26037,P::J1553,exact_state_county,100.0,1.0
P::J1552,J1552,MI,jackson,JACKSON,0,26075,BLACKSTONE TO MARSHALL 138KV J1310 POI,,,,,26075,P::J1552,exact_state_county,100.0,1.0
P::J1551,J1551,LA,morehouse,MOREHOUSE,0,22067,CROSSETT NORTH TO NORTH BASTROP 115KV,,,,,22067,P::J1551,exact_state_county,100.0,1.0
P::J1550,J1550,MI,branch,BRANCH,0,26023,BARTON LAKE BATAVIA 138 0KV,,,,,26023,P::J1550,exact_state_county,100.0,1.0
P::J1515,J1515,MI,midland,MIDLAND,0,26111,TITTABAWASSEE TO MURPHY 345KV,,,,,26111,P::J1515,exact_state_county,100.0,1.0
P::J1549,J1549,IA,clinton,CLINTON,0,19045,ROCK CREEK DEWITT 161KV LINE,,,,,19045,P::J1549,exact_state_county,100.0,1.0
P::J1547,J1547,IA,franklin,FRANKLIN,0,19069,KILLDEER TO BLACKHAWK 345KV LINE TAP,,,,,19069,P::J1547,exact_state_county,100.0,1.0
P::J1546,J1546,MI,monroe,MONROE,0,26115,MILAN MONROE 345KV,,,,,26115,P::J1546,exact_state_county,100.0,1.0
P::J1545,J1545,LA,morehouse,MOREHOUSE,0,22067,CROSSETT NORTH TO NORTH BASTROP 115KV,,,,,22067,P::J1545,exact_state_county,100.0,1.0
P::J1544,J1544,ND,morton,MORTON,0,38059,MANDAN BN NORTHWEST MANDAN 115KV LINE,,,,,38059,P::J1544,exact_state_county,100.0,1.0
P::J1543,J1543,MI,grand traverse,GRAND TRAVERSE,0,26055,LUDINGTON TO KEYSTONE 345KV,,,,,26055,P::J1543,exact_state_county,100.0,1.0
P::J1542,J1542,LA,st. james,SAINT JAMES,0,22093,THIBODAUX VACHERIE 230KV,,,,,22093,P::J1542,exact_state_county,100.0,1.0
P::J1541,J1541,LA,calcasieu,CALCASIEU,0,22019,DONALDSONVILLE 230KV,,,,,22019,P::J1541,exact_state_county,100.0,1.0
P::J1540,J1540,ND,cass,CASS,0,38017,BISON ALEXANDRIA 345KV,,,,,38017,P::J1540,exact_state_county,100.0,1.0
P::J1539,J1539,LA,west baton rouge,WEST BATON ROUGE,0,22121,J683 POI 138KV,,,,,22121,P::J1539,exact_state_county,100.0,1.0
P::J1548,J1548,IN,putnam,PUTNAM,0,18133,AMO EDWARDSPORT IGCC 345KV,,,,,18133,P::J1548,exact_state_county,100.0,1.0
P::J1467,J1467,IA,fayette,FAYETTE,0,19065,ITC 161KV WINDSOR HAZLETON 161KV LINE,,,,,19065,P::J1467,exact_state_county,100.0,1.0
P::J1514,J1514,AR,mississippi,MISSISSIPPI,0,05093,DRIVER 203KV SUBSTATION,,,,,05093,P::J1514,exact_state_county,100.0,1.0
P::J1512,J1512,WI,lafayette,LAFAYETTE,0,55065,DARLINGTON 138KV,,,,,55065,P::J1512,exact_state_county,100.0,1.0
P::J1487,J1487,MN,freeborn,FREEBORN,0,27047,FREEBORN 161KV SUBSTATION,,,,,27047,P::J1487,exact_state_county,100.0,1.0
P::J1486,J1486,WI,waupaca,WAUPACA,0,55135,HARRISON NORTH 138KV SUBSTATION,,,,,55135,P::J1486,exact_state_county,100.0,1.0
P::J1485,J1485,SD,deuel,DEUEL,0,46039,ASTORIA 345KV SUBSTATION J493 J510,,,,,46039,P::J1485,exact_state_county,100.0,1.0
P::J1484,J1484,AR,union,UNION,0,05139,TEXAS EASTERN F SS STRONG SS 115KV LINE TAP,,,,,05139,P::J1484,exact_state_county,100.0,1.0
P::J1483,J1483,WI,iowa,IOWA,0,55049,HILL VALLEY 345KV SUBSTATION,,,,,55049,P::J1483,exact_state_county,100.0,1.0
P::J1482,J1482,IN,white,WHITE,0,18181,MONTICELLO SPRINGBORO 138KV LINE TAP,,,,,18181,P::J1482,exact_state_county,100.0,1.0
P::J1481,J1481,IN,howard,HOWARD,0,18067,GREENTOWN 230KV SUBSTATION,,,,,18067,P::J1481,exact_state_county,100.0,1.0
P::J1480,J1480,IA,black hawk,BLACK HAWK,0,19013,SHAWLIS ELECTRIC FARMS 161KV LINE,,,,,19013,P::J1480,exact_state_county,100.0,1.0
P::J1479,J1479,IA,des moines,DES MOINES,0,19057,BURLINGTON 161KV SUBSTATION,,,,,19057,P::J1479,exact_state_county,100.0,1.0
P::J1478,J1478,IA,des moines,DES MOINES,0,19057,HUNTWOODS 69KV SUBSTATION J1135,,,,,19057,P::J1478,exact_state_county,100.0,1.0
P::J1477,J1477,IA,scott,SCOTT,0,19163,SUB 56 161KV SUBSTATION J1131,,,,,19163,P::J1477,exact_state_county,100.0,1.0
P::J1476,J1476,IA,union,UNION,0,19175,CRESTON EAST 69KV SUBSTATION J1132,,,,,19175,P::J1476,exact_state_county,100.0,1.0
P::J1475,J1475,IL,clark,CLARK,0,17023,CASEY WEST SULLIVAN 345KV LINE TAP,,,,,17023,P::J1475,exact_state_county,100.0,1.0
P::J1474,J1474,WI,chippewa,CHIPPEWA,0,55017,PINE LAKE EAGLE POINT 115KV LINE,,,,,55017,P::J1474,exact_state_county,100.0,1.0
P::J1473,J1473,MN,chisago,CHISAGO,0,27025,LAWRENCE CREEK SHAFER 115KV LINE,,,,,27025,P::J1473,exact_state_county,100.0,1.0
P::J1472,J1472,MI,jackson,JACKSON,0,26075,LEONI PARR RAOD 138KV LINE,,,,,26075,P::J1472,exact_state_county,100.0,1.0
P::J1471,J1471,IA,lee,LEE,0,19111,ITC 161KV WEVER SUBSTATION,,,,,19111,P::J1471,exact_state_county,100.0,1.0
P::J1470,J1470,IN,benton,BENTON,0,18007,CAYUGA CT 345KV SUBSTATION,,,,,18007,P::J1470,exact_state_county,100.0,1.0
P::J1469,J1469,AR,crittenden,CRITTENDEN,0,05035,MARION MARKED TREE 161KV LINE,,,,,05035,P::J1469,exact_state_county,100.0,1.0
P::J1488,J1488,MO,randolph,RANDOLPH,0,29175,MCCREDIE MONTGOMERY 345KV LINE TAP,,,,,29175,P::J1488,exact_state_county,100.0,1.0
P::J1489,J1489,MO,ralls,RALLS,0,29173,MAYWOOD SPENCER CREEK 345KV LINE TAP,,,,,29173,P::J1489,exact_state_county,100.0,1.0
P::J1490,J1490,MO,randolph,RANDOLPH,0,29175,MCCREDIE MONTGOMERY 345KV LINE TAP,,,,,29175,P::J1490,exact_state_county,100.0,1.0
P::J1491,J1491,IN,marion,MARION,0,18097,IPL EW STOUT NORTH YARD 138KV SUBSTATION,,,,,18097,P::J1491,exact_state_county,100.0,1.0
P::J1511,J1511,MN,chisago,CHISAGO,0,27025,SCANDIA TO LAWRENCE CREEK 69KV,,,,,27025,P::J1511,exact_state_county,100.0,1.0
P::J1510,J1510,WI,wood,WOOD,0,55141,ARPIN 345KV,,,,,55141,P::J1510,exact_state_county,100.0,1.0
P::J1509,J1509,MS,leflore,LEFLORE,0,28083,GREENWOOD PICKENS 115KV,,,,,28083,P::J1509,exact_state_county,100.0,1.0
P::J1508,J1508,WI,marathon,MARATHON,0,55073,B 54 WIEN TO MCMILLAN 115KV,,,,,55073,P::J1508,exact_state_county,100.0,1.0
P::J1507,J1507,LA,washington,WASHINGTON,0,22117,BARKERS CORNER BOGALUSA 230KV LINE,,,,,22117,P::J1507,exact_state_county,100.0,1.0
P::J1506,J1506,LA,washington,WASHINGTON,0,22117,BARKERS CORNER BOGALUSA 230KV LINE,,,,,22117,P::J1506,exact_state_county,100.0,1.0
P::J1505,J1505,LA,washington,WASHINGTON,0,22117,TALISHEEK BOGALUSA 230KV LINE,,,,,22117,P::J1505,exact_state_county,100.0,1.0
P::J1504,J1504,MN,faribault,FARIBAULT,0,27043,HUNTLEY,,,,,27043,P::J1504,exact_state_county,100.0,1.0
P::J1503,J1503,MN,faribault,FARIBAULT,0,27043,HUNTLEY,,,,,27043,P::J1503,exact_state_county,100.0,1.0
P::J1513,J1513,WI,waupaca,WAUPACA,0,55135,CLINTONVILLE,,,,,55135,P::J1513,exact_state_county,100.0,1.0
P::J1502,J1502,WI,juneau,JUNEAU,0,55057,BRIGGS ROAD NORTH MADISON 345 0KV,,,,,55057,P::J1502,exact_state_county,100.0,1.0
P::J1500,J1500,MS,george,GEORGE,0,28039,SE GREENE CO 230KV SUBSTATION,,,,,28039,P::J1500,exact_state_county,100.0,1.0
P::J1499,J1499,AR,union,UNION,0,05139,EL DORADO EAST STERLINGTON 115KV,,,,,05139,P::J1499,exact_state_county,100.0,1.0
P::J1498,J1498,MN,murray,MURRAY,0,27101,CHANARAMBIE 115KV SUBSTATION,,,,,27101,P::J1498,exact_state_county,100.0,1.0
P::J1497,J1497,WI,jefferson,JEFFERSON,0,55055,CONCORD 138KV,,,,,55055,P::J1497,exact_state_county,100.0,1.0
P::J1496,J1496,MN,olmsted,OLMSTED,0,27109,BYRON 161KV,,,,,27109,P::J1496,exact_state_county,100.0,1.0
P::J1495,J1495,MN,goodhue,GOODHUE,0,27049,NORTH ROCHESTER 161KV,,,,,27049,P::J1495,exact_state_county,100.0,1.0
P::J1494,J1494,MN,chisago,CHISAGO,0,27025,CHISAGO 115KV,,,,,27025,P::J1494,exact_state_county,100.0,1.0
P::J1493,J1493,MN,hubbard,HUBBARD,0,27057,HUBBARD 115KV,,,,,27057,P::J1493,exact_state_county,100.0,1.0
P::J1492,J1492,MI,kent,KENT,0,26081,GAINES 138KV,,,,,26081,P::J1492,exact_state_county,100.0,1.0
P::J1501,J1501,IL,sangamon,SANGAMON,0,17167,AUBURN NORTH 138KV,,,,,17167,P::J1501,exact_state_county,100.0,1.0
P::J3997,J3997,IN,Pike,PIKE,0,18125,GIBSON STA PETERSBURG IP L 345 0KV,,,,,18125,P::J3997,existing_fips,100.0,1.0
P::J2497,J2497,IL,jefferson,JEFFERSON,0,17081,WEST MT VERNON,,,,,17081,P::J2497,exact_state_county,100.0,1.0
P::J2499,J2499,MI,ottawa,OTTAWA,0,26139,BLENDON 138KV,,,,,26139,P::J2499,exact_state_county,100.0,1.0
P::J3502,J3502,MI,Van Buren,VAN BUREN,0,26159,ARGENTA PALISADES 345 0KV,,,,,26159,P::J3502,existing_fips,100.0,1.0
P::J3501,J3501,MI,Wexford,WEXFORD,0,26165,KEYSTONE TIPPY 138 0KV,,,,,26165,P::J3501,existing_fips,100.0,1.0
P::J3500,J3500,MN,Chisago,CHISAGO,0,27025,CHISAGO COUNTY,,,,,27025,P::J3500,existing_fips,100.0,1.0
P::J3499,J3499,IN,Kosciusko,KOSCIUSKO,0,18085,LEESBURG DEEDSVILLE DUKE 345 0KV,,,,,18085,P::J3499,existing_fips,100.0,1.0
P::J3498,J3498,IL,Knox,KNOX,0,17095,7FARGO 7SANDBURG 345 0KV,,,,,17095,P::J3498,existing_fips,100.0,1.0
P::J3497,J3497,IL,Pulaski,PULASKI,0,17153,OTHER_,,,,,17153,P::J3497,existing_fips,100.0,1.0
P::J3496,J3496,MI,Sanilac,SANILAC,0,26151,GREENWOOD RAPSON 345 0KV,,,,,26151,P::J3496,existing_fips,100.0,1.0
P::J3495,J3495,IN,Greene,GREENE,0,18055,MEROM PRIMARY WORTHINGTON PRIMARY 345 0KV,,,,,18055,P::J3495,existing_fips,100.0,1.0
P::J3494,J3494,IN,Greene,GREENE,0,18055,TH PFIZER JCT WORTHINGTON HED,,,,,18055,P::J3494,existing_fips,100.0,1.0
P::J3493,J3493,IL,Mcdonough,MCDONOUGH,0,17109,OTHER_,,,,,17109,P::J3493,existing_fips,100.0,1.0
P::J3492,J3492,IN,Posey,POSEY,0,18129,AB BROWN 345 GIBSON DUKE TERMINAL 345 0KV,,,,,18129,P::J3492,existing_fips,100.0,1.0
P::J3491,J3491,IN,Posey,POSEY,0,18129,AB BROWN 345 GIBSON DUKE TERMINAL 345 0KV,,,,,18129,P::J3491,existing_fips,100.0,1.0
P::J3490,J3490,KY,Caldwell,CALDWELL,0,21033,CALDWELL COUNTY,,,,,21033,P::J3490,existing_fips,100.0,1.0
P::J3489,J3489,IL,Mcdonough,MCDONOUGH,0,17109,OTHER_,,,,,17109,P::J3489,existing_fips,100.0,1.0
P::J3488,J3488,IN,Vermillion,VERMILLION,0,18165,CAYUGA 345,,,,,18165,P::J3488,existing_fips,100.0,1.0
P::J3487,J3487,IN,Vermillion,VERMILLION,0,18165,CAYUGA 345,,,,,18165,P::J3487,existing_fips,100.0,1.0
P::J3486,J3486,MI,Muskegon,MUSKEGON,0,26121,ROGERS 138KV SUBSTATION,,,,,26121,P::J3486,existing_fips,100.0,1.0
P::J3485,J3485,MI,Wayne,WAYNE,0,26163,RAPSON,,,,,26163,P::J3485,existing_fips,100.0,1.0
P::J3484,J3484,AR,Union,UNION,0,05139,EL DORADO EHV SAREPTA 345 115 SS 345 0KV,,,,,05139,P::J3484,existing_fips,100.0,1.0
P::J3503,J3503,IN,Newton,NEWTON,0,18111,MORRISON DITCH 345KV SUBSTATION LRTP PROJECTS 15 16 BUS 255210,,,,,18111,P::J3503,existing_fips,100.0,1.0
P::J3483,J3483,IL,Champaign,CHAMPAIGN,0,17019,4RANTOUL 4RISING 138 0KV,,,,,17019,P::J3483,existing_fips,100.0,1.0
P::J3504,J3504,MO,Bollinger,BOLLINGER,0,29017,5HERITAGE 5FREDTN 161 0KV,,,,,29017,P::J3504,existing_fips,100.0,1.0
P::J3506,J3506,IL,Pike,PIKE,0,17149,HULL 138KV,,,,,17149,P::J3506,existing_fips,100.0,1.0
P::J3525,J3525,IL,Rock Island,ROCK ISLAND,0,17161,SUB 47,,,,,17161,P::J3525,existing_fips,100.0,1.0
P::J3524,J3524,MN,Watonwan,WATONWAN,0,27165,CRANDALL FIELDON 345 0KV,,,,,27165,P::J3524,existing_fips,100.0,1.0
P::J3523,J3523,WI,Barron,BARRON,0,55005,BARRON WASHCO 161 0KV,,,,,55005,P::J3523,existing_fips,100.0,1.0
P::J3522,J3522,ND,Cass,CASS,0,38017,BISON,,,,,38017,P::J3522,existing_fips,100.0,1.0
P::J3521,J3521,IL,Shelby,SHELBY,0,17173,NEOGA,,,,,17173,P::J3521,existing_fips,100.0,1.0
P::J3520,J3520,IL,Champaign,CHAMPAIGN,0,17019,4WEEDMAN 4MAHOMET 1 138 0KV,,,,,17019,P::J3520,existing_fips,100.0,1.0
P::J3519,J3519,IL,Mason,MASON,0,17125,QUIVER,,,,,17125,P::J3519,existing_fips,100.0,1.0
P::J3518,J3518,MO,Gasconade,GASCONADE,0,29073,BLAND,,,,,29073,P::J3518,existing_fips,100.0,1.0
P::J3517,J3517,IL,Williamson,WILLIAMSON,0,17199,ORDILL,,,,,17199,P::J3517,existing_fips,100.0,1.0
P::J3516,J3516,IL,Jackson,JACKSON,0,17077,MAKANDA NORTH,,,,,17077,P::J3516,existing_fips,100.0,1.0
P::J3515,J3515,IL,Sangamon,SANGAMON,0,17167,343505 INTERSTATE,,,,,17167,P::J3515,existing_fips,100.0,1.0
P::J3514,J3514,MI,Chippewa,CHIPPEWA,0,26033,PINE RIVER 69KV,,,,,26033,P::J3514,existing_fips,100.0,1.0
P::J3513,J3513,LA,Acadia Parish,ACADIA,0,22001,RICHARD WELLS 500 0KV,,,,,22001,P::J3513,existing_fips,100.0,1.0
P::J3512,J3512,MI,Bay,BAY,0,26017,MONITOR,,,,,26017,P::J3512,existing_fips,100.0,1.0
P::J3511,J3511,AR,Arkansas,ARKANSAS,0,05001,STUTTGART RICUSKEY WOODWARD 230 SUB 230 0KV,,,,,05001,P::J3511,existing_fips,100.0,1.0
P::J3510,J3510,AR,Cross,CROSS,0,05037,FISHER CHERRY VALLEY 161 0KV,,,,,05037,P::J3510,existing_fips,100.0,1.0
P::J3509,J3509,IL,Sangamon,SANGAMON,0,17167,343505 INTERSTATE,,,,,17167,P::J3509,existing_fips,100.0,1.0
P::J3508,J3508,IL,Fulton,FULTON,0,17057,DUCK CREEK 345KV,,,,,17057,P::J3508,existing_fips,100.0,1.0
P::J3507,J3507,IL,Montgomery,MONTGOMERY,0,17135,COFFEEN NORTH 138KV,,,,,17135,P::J3507,existing_fips,100.0,1.0
P::J3505,J3505,MO,Bollinger,BOLLINGER,0,29017,5HERITAGE 5FREDTN 161 0KV,,,,,29017,P::J3505,existing_fips,100.0,1.0
P::J3482,J3482,IL,Mclean,MCLEAN,0,17113,OTHER_,,,,,17113,P::J3482,existing_fips,100.0,1.0
P::J3481,J3481,AR,Grant,GRANT,0,05053,J1577 SUB 337689,,,,,05053,P::J3481,existing_fips,100.0,1.0
P::J3480,J3480,MI,Allegan,ALLEGAN,0,26005,SCOTT LAKE,,,,,26005,P::J3480,existing_fips,100.0,1.0
P::J3455,J3455,TX,Trinity,TRINITY,0,48455,ONALASKA,,,,,48455,P::J3455,existing_fips,100.0,1.0
P::J3454,J3454,LA,Morehouse Parish,MOREHOUSE,0,22067,BAXTER WILSON SES SWYD PERRYVILLE 500 SWYD 500 0KV,,,,,22067,P::J3454,existing_fips,100.0,1.0
P::J3453,J3453,MS,Holmes,HOLMES,0,28051,INDIANOLA 230 115 SUB MCADAMS EHV 230 0KV,,,,,28051,P::J3453,existing_fips,100.0,1.0
P::J3452,J3452,LA,Morehouse Parish,MOREHOUSE,0,22067,BAXTER WILSON SES SWYD PERRYVILLE 500 SWYD 500 0KV,,,,,22067,P::J3452,existing_fips,100.0,1.0
P::J3451,J3451,MI,Alcona,ALCONA,0,26001,IOSCO SPRUCE ROAD 138 0KV,,,,,26001,P::J3451,existing_fips,100.0,1.0
P::J3450,J3450,MS,Panola,PANOLA,0,28107,BATESVILLE MS MOON LAKE SS 230 0KV,,,,,28107,P::J3450,existing_fips,100.0,1.0
P::J3449,J3449,AR,Pope,POPE,0,05115,MORRILTON EAST ATKINS 161 0KV,,,,,05115,P::J3449,existing_fips,100.0,1.0
P::J3448,J3448,WI,Grant,GRANT,0,55043,NELSON DEWEY ATC GRAN GRAE ATC 161 0KV,,,,,55043,P::J3448,existing_fips,100.0,1.0
P::J3447,J3447,MS,Perry,PERRY,0,28111,PURVIS BULK 161 HINTONVILLE 161 161 0KV,,,,,28111,P::J3447,existing_fips,100.0,1.0
P::J3446,J3446,MI,Kent,KENT,0,26081,GAINES SUBSTATION 138KV,,,,,26081,P::J3446,existing_fips,100.0,1.0
P::J3445,J3445,MN,Olmsted,OLMSTED,0,27109,WESTSIDE,,,,,27109,P::J3445,existing_fips,100.0,1.0
P::J3444,J3444,AR,Jefferson,JEFFERSON,0,05069,AECC PINEBERGEN,,,,,05069,P::J3444,existing_fips,100.0,1.0
P::J3443,J3443,MN,Big Stone,BIG STONE,0,27011,BIG STONE SOUTH ALEXANDIRA 345KV,,,,,27011,P::J3443,existing_fips,100.0,1.0
P::J3442,J3442,MO,Scott,SCOTT,0,29201,5STODDARD 5MORLEY AECI 161 0KV,,,,,29201,P::J3442,existing_fips,100.0,1.0
P::J3441,J3441,TX,Houston,HOUSTON,0,48225,ROCKY CREEK CROCKETT SWEPCO 345 0KV,,,,,48225,P::J3441,existing_fips,100.0,1.0
P::J3440,J3440,MO,Daviess,DAVIESS,0,29061,OTHER_,,,,,29061,P::J3440,existing_fips,100.0,1.0
P::J3439,J3439,MN,Sherburne,SHERBURNE,0,27141,RICE LAKE SWITCH ELSM11 ZIMMERMAN TAP SS2858 ELS1 69 0KV,,,,,27141,P::J3439,existing_fips,100.0,1.0
P::J3438,J3438,MI,Saginaw,SAGINAW,0,26145,MURPHY,,,,,26145,P::J3438,existing_fips,100.0,1.0
P::J3437,J3437,MI,Ogemaw,OGEMAW,0,26129,LIVINGSTON TITTABAWASSEE 345 0KV,,,,,26129,P::J3437,existing_fips,100.0,1.0
P::J3456,J3456,IL,Tazewell,TAZEWELL,0,17179,SAN JOSE RAIL SWITCHING STATION,,,,,17179,P::J3456,existing_fips,100.0,1.0
P::J3457,J3457,AR,Arkansas,ARKANSAS,0,05001,STUTTGART RICUSKEY WOODWARD 230 SUB 230 0KV,,,,,05001,P::J3457,existing_fips,100.0,1.0
P::J3458,J3458,AR,Cross,CROSS,0,05037,TWIST PARKIN 161 0KV,,,,,05037,P::J3458,existing_fips,100.0,1.0
P::J3459,J3459,AR,Craighead,CRAIGHEAD,0,05031,CASH NEWPORT AB 161 0KV,,,,,05031,P::J3459,existing_fips,100.0,1.0
P::J3479,J3479,LA,Rapides Parish,RAPIDES,0,22079,HINESTON,,,,,22079,P::J3479,existing_fips,100.0,1.0
P::J3478,J3478,IN,Vigo,VIGO,0,18167,OTHER_,,,,,18167,P::J3478,existing_fips,100.0,1.0
P::J3477,J3477,IA,Carroll,CARROLL,0,19027,OTHER_,,,,,19027,P::J3477,existing_fips,100.0,1.0
P::J3476,J3476,WI,St. Croix,SAINT CROIX,0,55109,PINE LAKE TAP APPLE RIVER DPC 161 0KV,,,,,55109,P::J3476,existing_fips,100.0,1.0
P::J3475,J3475,IL,Mason,MASON,0,17125,INDIAN CREEK,,,,,17125,P::J3475,existing_fips,100.0,1.0
P::J3474,J3474,MI,Allegan,ALLEGAN,0,26005,BUCK CREEK HAZELWOOD 138 0KV,,,,,26005,P::J3474,existing_fips,100.0,1.0
P::J3473,J3473,MI,Bay,BAY,0,26017,OTHER_,,,,,26017,P::J3473,existing_fips,100.0,1.0
P::J3472,J3472,MI,Lapeer,LAPEER,0,26087,OTHER_,,,,,26087,P::J3472,existing_fips,100.0,1.0
P::J3471,J3471,MI,Branch,BRANCH,0,26023,WAGNER BATAVIA 138 0KV,,,,,26023,P::J3471,existing_fips,100.0,1.0
P::J3526,J3526,MN,Goodhue,GOODHUE,0,27049,NORTH ROCHESTER,,,,,27049,P::J3526,existing_fips,100.0,1.0
P::J3470,J3470,MI,Tuscola,TUSCOLA,0,26157,OTHER_,,,,,26157,P::J3470,existing_fips,100.0,1.0
P::J3468,J3468,SD,Day,DAY,0,46037,ELLENDALE TWIN BROOKS 345 0KV,,,,,46037,P::J3468,existing_fips,100.0,1.0
P::J3467,J3467,IL,Mclean,MCLEAN,0,17113,BLOOMINGTON BROKAW,,,,,17113,P::J3467,existing_fips,100.0,1.0
P::J3466,J3466,WI,Winnebago,WINNEBAGO,0,55139,FTZGERLD,,,,,55139,P::J3466,existing_fips,100.0,1.0
P::J3465,J3465,MN,Isanti,ISANTI,0,27059,CAMBRIDGE,,,,,27059,P::J3465,existing_fips,100.0,1.0
P::J3464,J3464,IA,Story,STORY,0,19169,FERNALD,,,,,19169,P::J3464,existing_fips,100.0,1.0
P::J3463,J3463,MS,Jefferson,JEFFERSON,0,28063,LORMAN SS CE FAYETTE 115 0KV,,,,,28063,P::J3463,existing_fips,100.0,1.0
P::J3462,J3462,IA,Tama,TAMA,0,19171,DYSART TRAER 161KV,,,,,19171,P::J3462,existing_fips,100.0,1.0
P::J3461,J3461,IA,Muscatine,MUSCATINE,0,19139,SUB 56 SUB 89 161 0KV,,,,,19139,P::J3461,existing_fips,100.0,1.0
P::J3460,J3460,MI,St. Clair,SAINT CLAIR,0,26147,FITZ,,,,,26147,P::J3460,existing_fips,100.0,1.0
P::J3469,J3469,WI,Marathon,MARATHON,0,55073,STRATFORD MCMILLAN 115 0KV,,,,,55073,P::J3469,existing_fips,100.0,1.0
P::J3527,J3527,IA,Allamakee,ALLAMAKEE,0,19005,LANSING POSTVILLE DPC 161KV,,,,,19005,P::J3527,existing_fips,100.0,1.0
P::J3528,J3528,IL,Jasper,JASPER,0,17079,7CASEY 7NEWTON 345 0KV,,,,,17079,P::J3528,existing_fips,100.0,1.0
P::J3529,J3529,MN,Mahnomen,MAHNOMEN,0,27087,MAHNOMEN WINGER 115 0KV,,,,,27087,P::J3529,existing_fips,100.0,1.0
P::J3595,J3595,MS,Sunflower,SUNFLOWER,0,28133,INDIANOLA 230 115 SUB TILLATOBA 230 0KV,,,,,28133,P::J3595,existing_fips,100.0,1.0
P::J3594,J3594,LA,Jefferson Davis Parish,JEFFERSON DAVIS,0,22053,ELTON COMPTON TAP 69 0KV,,,,,22053,P::J3594,existing_fips,100.0,1.0
P::J3593,J3593,IN,Clay,CLAY,0,18021,WABASH RIVER STAUNTON 230 0KV,,,,,18021,P::J3593,existing_fips,100.0,1.0
P::J3592,J3592,MS,Sunflower,SUNFLOWER,0,28133,INDIANOLA 230 115 SUB TILLATOBA 230 0KV,,,,,28133,P::J3592,existing_fips,100.0,1.0
P::J3591,J3591,LA,St. Helena Parish,SAINT HELENA,0,22091,MCKNIGHT PLANT DANIEL 500 0KV,,,,,22091,P::J3591,existing_fips,100.0,1.0
P::J3590,J3590,MS,Humphreys,HUMPHREYS,0,28053,BELZONI BELZONI TAP SS 115 0KV,,,,,28053,P::J3590,existing_fips,100.0,1.0
P::J3589,J3589,MS,Lincoln,LINCOLN,0,28085,FRANKLIN EHV MCCOMB 115 0KV,,,,,28085,P::J3589,existing_fips,100.0,1.0
P::J3588,J3588,AR,Lawrence,LAWRENCE,0,05075,J2733 SUB,,,,,05075,P::J3588,existing_fips,100.0,1.0
P::J3587,J3587,TX,Jefferson,JEFFERSON,0,48245,PORT ACRES BULK,,,,,48245,P::J3587,existing_fips,100.0,1.0
P::J3586,J3586,TX,Grenada,GRENADA,0,,JACINTO PEACH CREEK 230 0KV,,,,,,P::J3586,rejected_cross_state,0.0,0.0
P::J3585,J3585,LA,Sabine Parish,SABINE,0,22085,HARTBURG AEP LAYFIELD 500 0KV,,,,,22085,P::J3585,existing_fips,100.0,1.0
P::J3584,J3584,AR,Lee,LEE,0,05077,BRINKLEY EAST AECC AUBREY 230 0KV,,,,,05077,P::J3584,existing_fips,100.0,1.0
P::J3583,J3583,AR,Lonoke,LONOKE,0,05085,HOLLAND BOTTOM KEO EHV 500 0KV,,,,,05085,P::J3583,existing_fips,100.0,1.0
P::J3582,J3582,LA,Beauregard Parish,BEAUREGARD,0,22011,LONGVILLE NELSON EES 138 0KV,,,,,22011,P::J3582,existing_fips,100.0,1.0
P::J3581,J3581,LA,Avoyelles Parish,AVOYELLES,0,22009,EOLA MARKSVILLE 138 0KV,,,,,22009,P::J3581,existing_fips,100.0,1.0
P::J3580,J3580,AR,Mississippi,MISSISSIPPI,0,05093,AECC DELL 161KV NUCOR YAMATO 161KV SWITCHING STATION 161 0KV,,,,,05093,P::J3580,existing_fips,100.0,1.0
P::J3579,J3579,AR,Lee,LEE,0,05077,MARIANNA WEST SS MARIANNA 115 0KV,,,,,05077,P::J3579,existing_fips,100.0,1.0
P::J3578,J3578,AR,Greene,GREENE,0,05055,GAINESVILLE SWITCHING STATION,,,,,05055,P::J3578,existing_fips,100.0,1.0
P::J3577,J3577,MS,Simpson,SIMPSON,0,28127,MAGEE NEW HEBRON 115 0KV,,,,,28127,P::J3577,existing_fips,100.0,1.0
P::J3596,J3596,TX,Harris,HARRIS,0,48201,BEVIL CYPRESS 230 0KV,,,,,48201,P::J3596,existing_fips,100.0,1.0
P::J3597,J3597,AR,Lonoke,LONOKE,0,05085,WEST MEMPHIS EHV KEO EHV 500 0KV,,,,,05085,P::J3597,existing_fips,100.0,1.0
P::J3598,J3598,IL,Mclean,MCLEAN,0,17113,OTHER_,,,,,17113,P::J3598,existing_fips,100.0,1.0
P::J3599,J3599,AR,Craighead,CRAIGHEAD,0,05031,LUNSFORD,,,,,05031,P::J3599,existing_fips,100.0,1.0
P::J3619,J3619,AR,Mississippi,MISSISSIPPI,0,05093,MONETTE JUNCTION PARAGOULD 161 0KV,,,,,05093,P::J3619,existing_fips,100.0,1.0
P::J3618,J3618,AR,Clay,CLAY,0,05021,DATTO,,,,,05021,P::J3618,existing_fips,100.0,1.0
P::J3617,J3617,AR,Clay,CLAY,0,05021,DATTO,,,,,05021,P::J3617,existing_fips,100.0,1.0
P::J3616,J3616,AR,Arkansas,ARKANSAS,0,05001,STUTTGART NORTH SS STUTTGART RICUSKEY 115 0KV,,,,,05001,P::J3616,existing_fips,100.0,1.0
P::J3615,J3615,AR,Arkansas,ARKANSAS,0,05001,STUTTGART NORTH SS STUTTGART RICUSKEY 115 0KV,,,,,05001,P::J3615,existing_fips,100.0,1.0
P::J3614,J3614,AR,Ashley,ASHLEY,0,05003,CROSSETT NORTH HAMBURG 115 0KV,,,,,05003,P::J3614,existing_fips,100.0,1.0
P::J3613,J3613,AR,Ashley,ASHLEY,0,05003,CROSSETT NORTH HAMBURG 115 0KV,,,,,05003,P::J3613,existing_fips,100.0,1.0
P::J3612,J3612,LA,Sabine Parish,SABINE,0,22085,FISHER MANY 138 0KV,,,,,22085,P::J3612,existing_fips,100.0,1.0
P::J3611,J3611,IL,Hamilton,HAMILTON,0,17065,7W_FRFT_E 7NORRIS 345 0KV,,,,,17065,P::J3611,existing_fips,100.0,1.0
P::J3576,J3576,MS,Walthall,WALTHALL,0,28147,BOGALUSA 500 SS FRANKLIN EHV 500 0KV,,,,,28147,P::J3576,existing_fips,100.0,1.0
P::J3610,J3610,TX,Tyler,TYLER,0,48457,DOUCETTE,,,,,48457,P::J3610,existing_fips,100.0,1.0
P::J3608,J3608,IN,Henry,HENRY,0,18065,NEW CASTLE I AVENUE,,,,,18065,P::J3608,existing_fips,100.0,1.0
P::J3607,J3607,IN,Henry,HENRY,0,18065,NEW CASTLE I AVENUE,,,,,18065,P::J3607,existing_fips,100.0,1.0
P::J3606,J3606,AR,Cross,CROSS,0,05037,PARKIN KUHN ROAD 161 0KV,,,,,05037,P::J3606,existing_fips,100.0,1.0
P::J3605,J3605,TX,Liberty,LIBERTY,0,48291,JACINTO,,,,,48291,P::J3605,existing_fips,100.0,1.0
P::J3604,J3604,IN,Sullivan,SULLIVAN,0,18153,MEROM HED DRESSER 345 0KV,,,,,18153,P::J3604,existing_fips,100.0,1.0
P::J3603,J3603,LA,Morehouse Parish,MOREHOUSE,0,22067,OAK RIDGE LA STERLINGTON 115 SWYD 115 0KV,,,,,22067,P::J3603,existing_fips,100.0,1.0
P::J3602,J3602,IL,Mclean,MCLEAN,0,17113,OTHER_,,,,,17113,P::J3602,existing_fips,100.0,1.0
P::J3601,J3601,LA,Morehouse Parish,MOREHOUSE,0,22067,OAK RIDGE LA SWARTZ 115 0KV,,,,,22067,P::J3601,existing_fips,100.0,1.0
P::J3600,J3600,LA,Morehouse Parish,MOREHOUSE,0,22067,OAK RIDGE LA SWARTZ 115 0KV,,,,,22067,P::J3600,existing_fips,100.0,1.0
P::J3609,J3609,LA,Beauregard Parish,BEAUREGARD,0,22011,NELSON 138 SWYD LONGVILLE CLECO 138 0KV,,,,,22011,P::J3609,existing_fips,100.0,1.0
P::J3436,J3436,MO,Daviess,DAVIESS,0,29061,OTHER_,,,,,29061,P::J3436,existing_fips,100.0,1.0
P::J3575,J3575,AR,Mississippi,MISSISSIPPI,0,05093,GILMORE WILSON 161 0KV,,,,,05093,P::J3575,existing_fips,100.0,1.0
P::J3573,J3573,LA,Morehouse Parish,MOREHOUSE,0,22067,GALION OAK GROVE 115 SUB 115 0KV,,,,,22067,P::J3573,existing_fips,100.0,1.0
P::J3548,J3548,IA,Marshall,MARSHALL,0,19127,LAUREL,,,,,19127,P::J3548,existing_fips,100.0,1.0
P::J3547,J3547,MN,Martin,MARTIN,0,27091,LAKEFIELD,,,,,27091,P::J3547,existing_fips,100.0,1.0
P::J3546,J3546,SD,Lincoln,LINCOLN,0,46083,YANKEE BROOKINGS CO 115 0KV,,,,,46083,P::J3546,existing_fips,100.0,1.0
P::J3545,J3545,MI,Ionia,IONIA,0,26067,BINGHAM MARQUETTE 138 0KV,,,,,26067,P::J3545,existing_fips,100.0,1.0
P::J3544,J3544,IA,Tama,TAMA,0,19171,ABBOTT,,,,,19171,P::J3544,existing_fips,100.0,1.0
P::J3543,J3543,MN,Dakota,DAKOTA,0,27037,CHUB LAKE 115KV,,,,,27037,P::J3543,existing_fips,100.0,1.0
P::J3542,J3542,MS,Lincoln,LINCOLN,0,28085,BROOKHAVEN BROOKHAVEN SOUTH 115 0KV,,,,,28085,P::J3542,existing_fips,100.0,1.0
P::J3541,J3541,MS,Bolivar,BOLIVAR,0,28011,CLEVELAND SOUTH,,,,,28011,P::J3541,existing_fips,100.0,1.0
P::J3540,J3540,AR,Monroe,MONROE,0,05095,RITCHIE SWYD TARLETON 230 0KV,,,,,05095,P::J3540,existing_fips,100.0,1.0
P::J3539,J3539,MI,Alcona,ALCONA,0,26001,ALPENA SPRUCE ROAD 138 0KV,,,,,26001,P::J3539,existing_fips,100.0,1.0
P::J3538,J3538,MS,Warren,WARREN,0,28149,BAXTER 115 34KV,,,,,28149,P::J3538,existing_fips,100.0,1.0
P::J3537,J3537,MI,Kalamazoo,KALAMAZOO,0,26077,WEEDS LAKE 138KV SUBSTATION BUS NUMBER 256510,,,,,26077,P::J3537,existing_fips,100.0,1.0
P::J3536,J3536,AR,Poinsett,POINSETT,0,05111,AECC TRUMANN WEST TRUMANN 161 0KV,,,,,05111,P::J3536,existing_fips,100.0,1.0
P::J3535,J3535,MO,Dunklin,DUNKLIN,0,29069,JIM HILL HAYTI SOUTH 161 0KV,,,,,29069,P::J3535,existing_fips,100.0,1.0
P::J3534,J3534,LA,Madison Parish,MADISON,0,22065,DELHI TALLULAH 115 0KV,,,,,22065,P::J3534,existing_fips,100.0,1.0
P::J3533,J3533,MO,Randolph,RANDOLPH,0,29175,5MOBERLY SALSBRY5 KCPL 161 0KV,,,,,29175,P::J3533,existing_fips,100.0,1.0
P::J3532,J3532,MN,Roseau,ROSEAU,0,27135,RIEL MH ROSEAU COUNTY NORTH 500 0KV,,,,,27135,P::J3532,existing_fips,100.0,1.0
P::J3531,J3531,AR,White,WHITE,0,05145,OTHER_,,,,,05145,P::J3531,existing_fips,100.0,1.0
P::J3530,J3530,AR,Saline,SALINE,0,05125,SHERIDAN EHV MAGNET COVE 500 0KV,,,,,05125,P::J3530,existing_fips,100.0,1.0
P::J3549,J3549,MN,Mower,MOWER,0,27099,NOT IN DROPDOWN MENU,,,,,27099,P::J3549,existing_fips,100.0,1.0
P::J3550,J3550,IN,Dubois,DUBOIS,0,18037,DUFF DUBOIS 138 0KV,,,,,18037,P::J3550,existing_fips,100.0,1.0
P::J3551,J3551,IA,Mahaska,MAHASKA,0,19123,BEACON,,,,,19123,P::J3551,existing_fips,100.0,1.0
P::J3552,J3552,MN,Mcleod,MCLEOD,0,27085,HUTCHINSON MUNICIPAL GRE BIG SWAN 115 0KV,,,,,27085,P::J3552,existing_fips,100.0,1.0
P::J3572,J3572,LA,Catahoula Parish,CATAHOULA,0,22025,METROPOLIS RED GUM 115 0KV,,,,,22025,P::J3572,existing_fips,100.0,1.0
P::J3571,J3571,AR,Poinsett,POINSETT,0,05111,MARKED TREE TWIST 161 0KV,,,,,05111,P::J3571,existing_fips,100.0,1.0
P::J3570,J3570,AR,Cross,CROSS,0,05037,AECC WYNNE EAST PARKIN 161 0KV,,,,,05037,P::J3570,existing_fips,100.0,1.0
P::J3569,J3569,AR,Poinsett,POINSETT,0,05111,TRUMANN HARRISBURG SS 161 0KV,,,,,05111,P::J3569,existing_fips,100.0,1.0
P::J3568,J3568,MS,Leflore,LEFLORE,0,28083,SCHLATER,,,,,28083,P::J3568,existing_fips,100.0,1.0
P::J3567,J3567,AR,Calhoun,CALHOUN,0,05013,SHERIDAN EHV EL DORADO EHV 500 0KV,,,,,05013,P::J3567,existing_fips,100.0,1.0
P::J3566,J3566,IL,Mclean,MCLEAN,0,17113,OTHER_,,,,,17113,P::J3566,existing_fips,100.0,1.0
P::J3565,J3565,IL,Champaign,CHAMPAIGN,0,17019,RISING,,,,,17019,P::J3565,existing_fips,100.0,1.0
P::J3564,J3564,IN,Newton,NEWTON,0,18111,OTHER_,,,,,18111,P::J3564,existing_fips,100.0,1.0
P::J3574,J3574,IN,Wayne,WAYNE,0,18177,OTHER_,,,,,18177,P::J3574,existing_fips,100.0,1.0
P::J3563,J3563,IL,Franklin,FRANKLIN,0,17055,7W_FRFT_E 7MTVERNW 345 0KV,,,,,17055,P::J3563,existing_fips,100.0,1.0
P::J3561,J3561,IL,Jo Daviess,JO DAVIESS,0,17085,GALENA DPC SAVANNA 161KV,,,,,17085,P::J3561,existing_fips,100.0,1.0
P::J3560,J3560,IL,Putnam,PUTNAM,0,17155,PUTNAM 138KV,,,,,17155,P::J3560,existing_fips,100.0,1.0
P::J3559,J3559,KY,Hancock,HANCOCK,0,21091,COLEMAN EHV,,,,,21091,P::J3559,existing_fips,100.0,1.0
P::J3558,J3558,IL,Champaign,CHAMPAIGN,0,17019,RISING,,,,,17019,P::J3558,existing_fips,100.0,1.0
P::J3557,J3557,IN,Morgan,MORGAN,0,18109,HEARTLAND CROSSING TAP EAGLE VALLEY 138 0KV,,,,,18109,P::J3557,existing_fips,100.0,1.0
P::J3556,J3556,IL,Montgomery,MONTGOMERY,0,17135,7COFFEEN 7PANA 345 0KV,,,,,17135,P::J3556,existing_fips,100.0,1.0
P::J3555,J3555,IA,Boone,BOONE,0,19015,BEAVER CREEK,,,,,19015,P::J3555,existing_fips,100.0,1.0
P::J3554,J3554,IA,Adair,ADAIR,0,19001,SOUTHERN HILLS,,,,,19001,P::J3554,existing_fips,100.0,1.0
P::J3553,J3553,IA,Adair,ADAIR,0,19001,ORIENT ENERGY CENTER SUBSTATION,,,,,19001,P::J3553,existing_fips,100.0,1.0
P::J3562,J3562,IL,Vermilion,VERMILION,0,17183,4VERMILION 4NCHAMPGN W 138 0KV,,,,,17183,P::J3562,existing_fips,100.0,1.0
P::J3435,J3435,AR,Arkansas,ARKANSAS,0,05001,STUTTGART RICUSKEY WOODWARD 230 SUB 230 0KV,,,,,05001,P::J3435,existing_fips,100.0,1.0
P::J3434,J3434,MN,Kandiyohi,KANDIYOHI,0,27067,WILLMAR,,,,,27067,P::J3434,existing_fips,100.0,1.0
P::J3433,J3433,WI,Barron,BARRON,0,55005,BARRON WASHCO 161 0KV,,,,,55005,P::J3433,existing_fips,100.0,1.0
P::J3314,J3314,IA,Clayton,CLAYTON,0,19043,POSTVILLE,,,,,19043,P::J3314,existing_fips,100.0,1.0
P::J3313,J3313,MI,Lenawee,LENAWEE,0,26091,MOROCCO ALLEN JUNCTION 345 0KV,,,,,26091,P::J3313,existing_fips,100.0,1.0
P::J3312,J3312,MN,Washington,WASHINGTON,0,27163,RAPTOR,,,,,27163,P::J3312,existing_fips,100.0,1.0
P::J3311,J3311,LA,St. Landry Parish,SAINT LANDRY,0,22097,WELLS,,,,,22097,P::J3311,existing_fips,100.0,1.0
P::J3310,J3310,MS,Lincoln,LINCOLN,0,28085,BROOKHAVEN,,,,,28085,P::J3310,existing_fips,100.0,1.0
P::J3309,J3309,MS,Copiah,COPIAH,0,28029,FRANKLIN EHV RAY BRASWELL EHV 500 0KV,,,,,28029,P::J3309,existing_fips,100.0,1.0
P::J3308,J3308,AR,Woodruff,WOODRUFF,0,05147,MOSES SWYD AECC HUNTER NORTH 161 0KV,,,,,05147,P::J3308,existing_fips,100.0,1.0
P::J3307,J3307,MO,Callaway,CALLAWAY,0,29027,CALLAWAY,,,,,29027,P::J3307,existing_fips,100.0,1.0
P::J3306,J3306,IL,Perry,PERRY,0,17145,J3064,,,,,17145,P::J3306,existing_fips,100.0,1.0
P::J3305,J3305,IA,Adams,ADAMS,0,19003,OTHER_,,,,,19003,P::J3305,existing_fips,100.0,1.0
P::J3304,J3304,AR,Clark,CLARK,0,05019,ETTA MCNEIL EHV 500 0KV,,,,,05019,P::J3304,existing_fips,100.0,1.0
P::J3303,J3303,AR,Prairie,PRAIRIE,0,05117,WEST MEMPHIS EHV KEO EHV 500 0KV,,,,,05117,P::J3303,existing_fips,100.0,1.0
P::J3302,J3302,AR,Jefferson,JEFFERSON,0,05069,P B SOUTH VARNER 115 0KV,,,,,05069,P::J3302,existing_fips,100.0,1.0
P::J3301,J3301,AR,Prairie,PRAIRIE,0,05117,DES ARC COTTON PLANT 115 0KV,,,,,05117,P::J3301,existing_fips,100.0,1.0
P::J3300,J3300,AR,Craighead,CRAIGHEAD,0,05031,CASH NEWPORT AB 161 0KV,,,,,05031,P::J3300,existing_fips,100.0,1.0
P::J3299,J3299,TX,Jefferson,JEFFERSON,0,48245,BEVIL,,,,,48245,P::J3299,existing_fips,100.0,1.0
P::J3298,J3298,IL,Tazewell,TAZEWELL,0,17179,TOWERLINE,,,,,17179,P::J3298,existing_fips,100.0,1.0
P::J3297,J3297,IL,St. Clair,SAINT CLAIR,0,17163,HERZOG,,,,,17163,P::J3297,existing_fips,100.0,1.0
P::J3296,J3296,IL,Hamilton,HAMILTON,0,17065,HAMILTON,,,,,17065,P::J3296,existing_fips,100.0,1.0
P::J3315,J3315,MS,Pike,PIKE,0,28113,COLONIAL PIPELINE FERNWOOD 115 0KV,,,,,28113,P::J3315,existing_fips,100.0,1.0
P::J3316,J3316,IL,Washington,WASHINGTON,0,17189,OKAWVILLE 138KV,,,,,17189,P::J3316,existing_fips,100.0,1.0
P::J3317,J3317,IN,Vigo,VIGO,0,18167,OTHER_,,,,,18167,P::J3317,existing_fips,100.0,1.0
P::J3318,J3318,IN,Sullivan,SULLIVAN,0,18153,MEROM 345KV SUBSTATION,,,,,18153,P::J3318,existing_fips,100.0,1.0
P::J3338,J3338,IL,Hamilton,HAMILTON,0,17065,7W_FRFT_E 7NORRIS 345 0KV,,,,,17065,P::J3338,existing_fips,100.0,1.0
P::J3337,J3337,MO,Stoddard,STODDARD,0,29207,5VANDUSER,,,,,29207,P::J3337,existing_fips,100.0,1.0
P::J3336,J3336,MI,Tuscola,TUSCOLA,0,26157,RINGLE,,,,,26157,P::J3336,existing_fips,100.0,1.0
P::J3335,J3335,IL,Mclean,MCLEAN,0,17113,OTHER_,,,,,17113,P::J3335,existing_fips,100.0,1.0
P::J3334,J3334,IN,Laporte,LAPORTE,0,18091,MAPLE,,,,,18091,P::J3334,existing_fips,100.0,1.0
P::J3333,J3333,MI,Washtenaw,WASHTENAW,0,26161,MAJESTIC MILAN 345 0KV,,,,,26161,P::J3333,existing_fips,100.0,1.0
P::J3332,J3332,WI,Calumet,CALUMET,0,55015,FOREST JUNCTION CYPRESS 345 0KV,,,,,55015,P::J3332,existing_fips,100.0,1.0
P::J3331,J3331,IN,Sullivan,SULLIVAN,0,18153,PETERSBURG SULLIVAN AEP PJM 345 0KV,,,,,18153,P::J3331,existing_fips,100.0,1.0
P::J3330,J3330,WI,Kenosha,KENOSHA,0,55059,PLEASANT PRAIRIE ARCADIAN 345 0KV,,,,,55059,P::J3330,existing_fips,100.0,1.0
P::J3295,J3295,LA,Beauregard Parish,BEAUREGARD,0,22011,COLE PENTON ROAD 230 0KV,,,,,22011,P::J3295,existing_fips,100.0,1.0
P::J3329,J3329,IN,Sullivan,SULLIVAN,0,18153,MEROM HED DRESSER 345 0KV,,,,,18153,P::J3329,existing_fips,100.0,1.0
P::J3327,J3327,IN,Pike,PIKE,0,18125,CATO 138 69KV FACILITIES ABOVE 100KV,,,,,18125,P::J3327,existing_fips,100.0,1.0
P::J3326,J3326,MN,Lyon,LYON,0,27083,OTHER_,,,,,27083,P::J3326,existing_fips,100.0,1.0
P::J3325,J3325,IA,Cherokee,CHEROKEE,0,19035,LITTLE SIOUX LEMARS TAP 161 0KV,,,,,19035,P::J3325,existing_fips,100.0,1.0
P::J3324,J3324,IA,Palo Alto,PALO ALTO,0,19147,PALO ALTO KOSSUTH COUNTY 345 0KV,,,,,19147,P::J3324,existing_fips,100.0,1.0
P::J3323,J3323,IL,Knox,KNOX,0,17095,OTHER_,,,,,17095,P::J3323,existing_fips,100.0,1.0
P::J3322,J3322,LA,Jefferson Davis Parish,JEFFERSON DAVIS,0,22053,NELSON 500 SWYD RICHARD 500 0KV,,,,,22053,P::J3322,existing_fips,100.0,1.0
P::J3321,J3321,IL,Wayne,WAYNE,0,17191,OTHER_,,,,,17191,P::J3321,existing_fips,100.0,1.0
P::J3320,J3320,MI,Ottawa,OTTAWA,0,26139,ROOSEVELT,,,,,26139,P::J3320,existing_fips,100.0,1.0
P::J3319,J3319,LA,Webster Parish,WEBSTER,0,22119,SAREPTA 345 115 SS,,,,,22119,P::J3319,existing_fips,100.0,1.0
P::J3328,J3328,IL,Vermilion,VERMILION,0,17183,HOOPESTON WEST,,,,,17183,P::J3328,existing_fips,100.0,1.0
P::J3339,J3339,IN,Hendricks,HENDRICKS,0,18063,AMO,,,,,18063,P::J3339,existing_fips,100.0,1.0
P::J3294,J3294,IN,Daviess,DAVIESS,0,18027,GPC PRIMARY SANDBORN PRIMARY 161 0KV,,,,,18027,P::J3294,existing_fips,100.0,1.0
P::J3292,J3292,AR,Phillips,PHILLIPS,0,05107,RITCHIE SWYD TARLETON 230 0KV,,,,,05107,P::J3292,existing_fips,100.0,1.0
P::J3267,J3267,MI,Genesee,GENESEE,0,26049,THETFORD,,,,,26049,P::J3267,existing_fips,100.0,1.0
P::J3266,J3266,ND,Sargent,SARGENT,0,38081,FORMAN 230KV SUBSTATION,,,,,38081,P::J3266,existing_fips,100.0,1.0
P::J3265,J3265,SD,Brookings,BROOKINGS,0,46011,BROOKINGS COUNTY,,,,,46011,P::J3265,existing_fips,100.0,1.0
P::J3264,J3264,MI,Otsego,OTSEGO,0,26137,LIVINGSTON CO,,,,,26137,P::J3264,existing_fips,100.0,1.0
P::J3263,J3263,AK,Desha,DESHA,0,,DUMAS REED SS 115 0KV,,,,,,P::J3263,rejected_cross_state,0.0,0.0
P::J3262,J3262,TX,Jefferson,JEFFERSON,0,48245,STOWELL,,,,,48245,P::J3262,existing_fips,100.0,1.0
P::J3261,J3261,MS,Tunica,TUNICA,0,28143,TUNICA 230KV 337160,,,,,28143,P::J3261,existing_fips,100.0,1.0
P::J3260,J3260,IL,Lasalle,LASALLE,0,17099,4NLASALLE RB 4WED_FOXR 138 0KV,,,,,17099,P::J3260,existing_fips,100.0,1.0
P::J3259,J3259,MN,Renville,RENVILLE,0,27129,CEDAR MOUNTAIN,,,,,27129,P::J3259,existing_fips,100.0,1.0
P::J3258,J3258,MI,Ottawa,OTTAWA,0,26139,TYLER,,,,,26139,P::J3258,existing_fips,100.0,1.0
P::J3257,J3257,IN,White,WHITE,0,18181,EAST WINAMAC MONTICELLO 138 0KV,,,,,18181,P::J3257,existing_fips,100.0,1.0
P::J3256,J3256,IL,Clark,CLARK,0,17023,4GALLATIN 4KANSAS 138 0KV,,,,,17023,P::J3256,existing_fips,100.0,1.0
P::J3255,J3255,MS,Holmes,HOLMES,0,28051,INDIANOLA 230 115 SUB MCADAMS EHV 230 0KV,,,,,28051,P::J3255,existing_fips,100.0,1.0
P::J3254,J3254,IL,Pulaski,PULASKI,0,17153,5CAPE GIR3 5JOPPA SR 161 0KV,,,,,17153,P::J3254,existing_fips,100.0,1.0
P::J3253,J3253,AR,Woodruff,WOODRUFF,0,05147,BAILEY,,,,,05147,P::J3253,existing_fips,100.0,1.0
P::J3252,J3252,MI,St. Clair,SAINT CLAIR,0,26147,FITZ,,,,,26147,P::J3252,existing_fips,100.0,1.0
P::J3251,J3251,MI,Genesee,GENESEE,0,26049,THETFORD,,,,,26049,P::J3251,existing_fips,100.0,1.0
P::J3250,J3250,IA,Cerro Gordo,CERRO GORDO,0,19033,FLOYD EMERY ITCM 161 0KV,,,,,19033,P::J3250,existing_fips,100.0,1.0
P::J3249,J3249,IN,Vanderburgh,VANDERBURGH,0,18163,ELLIOTT FRANCISCO 138 0KV,,,,,18163,P::J3249,existing_fips,100.0,1.0
P::J3268,J3268,MI,Gratiot,GRATIOT,0,26057,REGAL,,,,,26057,P::J3268,existing_fips,100.0,1.0
P::J3269,J3269,IL,Hamilton,HAMILTON,0,17065,7W_FRFT_E 7NORRIS 345 0KV,,,,,17065,P::J3269,existing_fips,100.0,1.0
P::J3270,J3270,AR,Phillips,PHILLIPS,0,05107,AECC AUBREY RITCHIE SWYD 230 0KV,,,,,05107,P::J3270,existing_fips,100.0,1.0
P::J3271,J3271,AR,Mississippi,MISSISSIPPI,0,05093,AECC DELL 161KV NUCOR YAMATO 161KV SWITCHING STATION 161 0KV,,,,,05093,P::J3271,existing_fips,100.0,1.0
P::J3291,J3291,IN,Lagrange,LAGRANGE,0,18087,HIPLE,,,,,18087,P::J3291,existing_fips,100.0,1.0
P::J3290,J3290,IN,White,WHITE,0,18181,MAGNETATION,,,,,18181,P::J3290,existing_fips,100.0,1.0
P::J3289,J3289,MN,Sherburne,SHERBURNE,0,27141,ELK RIVER 14,,,,,27141,P::J3289,existing_fips,100.0,1.0
P::J3288,J3288,IN,Carroll,CARROLL,0,18015,KOKOMO WEBSTER ST WALTON 230 0KV,,,,,18015,P::J3288,existing_fips,100.0,1.0
P::J3287,J3287,MI,Osceola,OSCEOLA,0,26133,HERSEY INTERCONNECTION,,,,,26133,P::J3287,existing_fips,100.0,1.0
P::J3286,J3286,MI,Sanilac,SANILAC,0,26151,KILGORE MICAH 120 0KV,,,,,26151,P::J3286,existing_fips,100.0,1.0
P::J3285,J3285,IN,Vigo,VIGO,0,18167,TH PFIZER JCT WORTHINGTON HED,,,,,18167,P::J3285,existing_fips,100.0,1.0
P::J3284,J3284,IL,Woodford,WOODFORD,0,17203,SPRING BAY,,,,,17203,P::J3284,existing_fips,100.0,1.0
P::J3283,J3283,MI,Grand Traverse,GRAND TRAVERSE,0,26055,KEYSTONE WEXFORD 138 0KV,,,,,26055,P::J3283,existing_fips,100.0,1.0
P::J3293,J3293,IN,Knox,KNOX,0,18083,EDWARDSPORT IGCC AMO 345 0KV,,,,,18083,P::J3293,existing_fips,100.0,1.0
P::J3282,J3282,MI,Mason,MASON,0,26105,KEYSTONE LUDINGTON 345 0KV,,,,,26105,P::J3282,existing_fips,100.0,1.0
P::J3280,J3280,ND,Dickey,DICKEY,0,38021,ELLENDALE,,,,,38021,P::J3280,existing_fips,100.0,1.0
P::J3279,J3279,SD,Day,DAY,0,46037,ELLENDALE 345 TWIN BROOKS 345 0KV,,,,,46037,P::J3279,existing_fips,100.0,1.0
P::J3278,J3278,MN,Swift,SWIFT,0,27151,SWENODA TAP DUBLIN TAP SS360 360WSM1 115 0KV,,,,,27151,P::J3278,existing_fips,100.0,1.0
P::J3277,J3277,MI,Bay,BAY,0,26017,OTHER_,,,,,26017,P::J3277,existing_fips,100.0,1.0
P::J3276,J3276,IL,Pulaski,PULASKI,0,17153,MOUND CITY,,,,,17153,P::J3276,existing_fips,100.0,1.0
P::J3275,J3275,MN,Benton,BENTON,0,27009,MUD LAKE BENTON COUNTY GRE 230KV,,,,,27009,P::J3275,existing_fips,100.0,1.0
P::J3274,J3274,MI,Ogemaw,OGEMAW,0,26129,GALLAGHER TWINING 138 0KV,,,,,26129,P::J3274,existing_fips,100.0,1.0
P::J3273,J3273,LA,Madison Parish,MADISON,0,22065,BAXTER WILSON SES SWYD PERRYVILLE 500 SWYD 500 0KV,,,,,22065,P::J3273,existing_fips,100.0,1.0
P::J3272,J3272,LA,Concordia Parish,CONCORDIA,0,22029,VIDALIA,,,,,22029,P::J3272,existing_fips,100.0,1.0
P::J3281,J3281,MI,Marquette,MARQUETTE,0,26103,PRESQUE ISLE NORTH LAKE 138 0KV,,,,,26103,P::J3281,existing_fips,100.0,1.0
P::J3620,J3620,AR,Mississippi,MISSISSIPPI,0,05093,MONETTE JUNCTION PARAGOULD 161 0KV,,,,,05093,P::J3620,existing_fips,100.0,1.0
P::J3340,J3340,IL,Vermilion,VERMILION,0,17183,ROSSVILLE 138KV ON THE HOOPESTON TO VERMILION 138KV LINE,,,,,17183,P::J3340,existing_fips,100.0,1.0
P::J3342,J3342,IL,Vermilion,VERMILION,0,17183,J2192 POI,,,,,17183,P::J3342,existing_fips,100.0,1.0
P::J3408,J3408,LA,Sabine Parish,SABINE,0,22085,HARTBURG AEP LAYFIELD 500 0KV,,,,,22085,P::J3408,existing_fips,100.0,1.0
P::J3407,J3407,MI,Manistee,MANISTEE,0,26101,LINDEMAN TIPPY 138 0KV,,,,,26101,P::J3407,existing_fips,100.0,1.0
P::J3406,J3406,LA,Calcasieu Parish,CALCASIEU,0,22019,NELSON CARLYSS J2154 POI,,,,,22019,P::J3406,existing_fips,100.0,1.0
P::J3405,J3405,MN,St. Louis,SAINT LOUIS,0,27137,SHANNON MINNTAC 230KV,,,,,27137,P::J3405,existing_fips,100.0,1.0
P::J3404,J3404,MO,Macon,MACON,0,29121,OTHER_,,,,,29121,P::J3404,existing_fips,100.0,1.0
P::J3403,J3403,MO,Macon,MACON,0,29121,OTHER_,,,,,29121,P::J3403,existing_fips,100.0,1.0
P::J3402,J3402,WI,Juneau,JUNEAU,0,55057,NEW J1502 TO SWITCHING STATION EMERSON,,,,,55057,P::J3402,existing_fips,100.0,1.0
P::J3401,J3401,AR,Mississippi,MISSISSIPPI,0,05093,DELL EHV SAN SOUCI 500 0KV,,,,,05093,P::J3401,existing_fips,100.0,1.0
P::J3400,J3400,SD,Deuel,DEUEL,0,46039,ASTORIA 345KV SUBSTATION,,,,,46039,P::J3400,existing_fips,100.0,1.0
P::J3399,J3399,MN,Goodhue,GOODHUE,0,27049,HAMPTON PRAIRIE ISLAND 345 0KV,,,,,27049,P::J3399,existing_fips,100.0,1.0
P::J3398,J3398,IL,Greene,GREENE,0,17061,WALKERVILLE ELDRED 69 0KV,,,,,17061,P::J3398,existing_fips,100.0,1.0
P::J3397,J3397,MN,Rock,ROCK,0,27133,MAGNOLIA,,,,,27133,P::J3397,existing_fips,100.0,1.0
P::J3396,J3396,IL,Scott,SCOTT,0,17171,WINCHESTER HILLVIEW TAP 69 0KV,,,,,17171,P::J3396,existing_fips,100.0,1.0
P::J3395,J3395,IL,Sangamon,SANGAMON,0,17167,ANDREW BKR FANCY CREEK 69 0KV,,,,,17167,P::J3395,existing_fips,100.0,1.0
P::J3394,J3394,LA,St. Landry Parish,SAINT LANDRY,0,22097,VILLE PLATTE WEST FORK 230 0KV,,,,,22097,P::J3394,existing_fips,100.0,1.0
P::J3393,J3393,KY,Henderson,HENDERSON,0,21101,HMPL SUB NO 4,,,,,21101,P::J3393,existing_fips,100.0,1.0
P::J3392,J3392,IL,Scott,SCOTT,0,17171,MURRAYVILLE JCT W ROODHOUSE 69 0KV,,,,,17171,P::J3392,existing_fips,100.0,1.0
P::J3391,J3391,IL,Coles,COLES,0,17029,7CASEY 7KANSAS 345 0KV,,,,,17029,P::J3391,existing_fips,100.0,1.0
P::J3390,J3390,IN,Miami,MIAMI,0,18103,KOKOMO EAST CONVERSE 69 0KV,,,,,18103,P::J3390,existing_fips,100.0,1.0
P::J3409,J3409,TX,Newton,NEWTON,0,48351,HARTBURG CYPRESS 500 0KV,,,,,48351,P::J3409,existing_fips,100.0,1.0
P::J3410,J3410,IL,Washington,WASHINGTON,0,17189,7PR STATE 7MTVERNW 345 0KV,,,,,17189,P::J3410,existing_fips,100.0,1.0
P::J3411,J3411,MO,Randolph,RANDOLPH,0,29175,5ADAIR 5THMHIL AECI 161 0KV,,,,,29175,P::J3411,existing_fips,100.0,1.0
P::J3412,J3412,IL,Ford,FORD,0,17053,OTHER_,,,,,17053,P::J3412,existing_fips,100.0,1.0
P::J3432,J3432,IL,Lawrence,LAWRENCE,0,17101,4LAWRNCVL 4JASPER 138 0KV,,,,,17101,P::J3432,existing_fips,100.0,1.0
P::J3431,J3431,MS,Holmes,HOLMES,0,28051,INDIANOLA 230 115 SUB MCADAMS EHV 230 0KV,,,,,28051,P::J3431,existing_fips,100.0,1.0
P::J3430,J3430,IL,Lawrence,LAWRENCE,0,17101,4LAWRNCVL 4JASPER 138 0KV,,,,,17101,P::J3430,existing_fips,100.0,1.0
P::J3429,J3429,MO,Pemiscot,PEMISCOT,0,29155,JIM HILL HAYTI SOUTH 161 0KV,,,,,29155,P::J3429,existing_fips,100.0,1.0
P::J3428,J3428,SD,Mcpherson,MCPHERSON,0,46089,ELLENDALE 345 TWIN BROOKS 345 0KV,,,,,46089,P::J3428,existing_fips,100.0,1.0
P::J3427,J3427,AR,Mississippi,MISSISSIPPI,0,05093,DELL EHV NEW MADRID AECI 500 0KV,,,,,05093,P::J3427,existing_fips,100.0,1.0
P::J3426,J3426,AR,Chicot,CHICOT,0,05017,MACON LAKE SS,,,,,05017,P::J3426,existing_fips,100.0,1.0
P::J3425,J3425,TX,Jasper,JASPER,0,48241,PEACHTREE SUBSTATION,,,,,48241,P::J3425,existing_fips,100.0,1.0
P::J3424,J3424,IN,Posey,POSEY,0,18129,AB BROWN 345 GIBSON DUKE TERMINAL 345 0KV,,,,,18129,P::J3424,existing_fips,100.0,1.0
P::J3389,J3389,IL,Clay,CLAY,0,17025,4KINMUNDY S 4TANNER 138 0KV,,,,,17025,P::J3389,existing_fips,100.0,1.0
P::J3423,J3423,AR,Jackson,JACKSON,0,05067,PECAN ST AECC BALCH 161 0KV,,,,,05067,P::J3423,existing_fips,100.0,1.0
P::J3421,J3421,MI,Huron,HURON,0,26063,SEASIDE,,,,,26063,P::J3421,existing_fips,100.0,1.0
P::J3420,J3420,SD,Mcpherson,MCPHERSON,0,46089,ELLENDALE 345 TWIN BROOKS 345 0KV,,,,,46089,P::J3420,existing_fips,100.0,1.0
P::J3419,J3419,MI,Huron,HURON,0,26063,SEASIDE,,,,,26063,P::J3419,existing_fips,100.0,1.0
P::J3418,J3418,IL,Sangamon,SANGAMON,0,17167,7AUSTIN 7TURNER 345 0KV,,,,,17167,P::J3418,existing_fips,100.0,1.0
P::J3417,J3417,IL,Macon,MACON,0,17115,OREANA,,,,,17115,P::J3417,existing_fips,100.0,1.0
P::J3416,J3416,MI,Otsego,OTSEGO,0,26137,VAN TYLE,,,,,26137,P::J3416,existing_fips,100.0,1.0
P::J3415,J3415,ND,Mercer,MERCER,0,38057,COYOTE SWITCHYARD,,,,,38057,P::J3415,existing_fips,100.0,1.0
P::J3414,J3414,IN,Posey,POSEY,0,18129,AB BROWN 345 GIBSON DUKE TERMINAL 345 0KV,,,,,18129,P::J3414,existing_fips,100.0,1.0
P::J3413,J3413,AR,Pulaski,PULASKI,0,05119,L R 145TH ST L R PORT 115 0KV,,,,,05119,P::J3413,existing_fips,100.0,1.0
P::J3422,J3422,AR,Lawrence,LAWRENCE,0,05075,SWIFTON AECC HOXIE SOUTH 161 0KV,,,,,05075,P::J3422,existing_fips,100.0,1.0
P::J3341,J3341,IL,Vermilion,VERMILION,0,17183,J2192 POI,,,,,17183,P::J3341,existing_fips,100.0,1.0
P::J3388,J3388,AR,Calhoun,CALHOUN,0,05013,SHERIDAN EHV EL DORADO EHV 500 0KV,,,,,05013,P::J3388,existing_fips,100.0,1.0
P::J3386,J3386,AR,Calhoun,CALHOUN,0,05013,SHERIDAN EHV EL DORADO EHV 500 0KV,,,,,05013,P::J3386,existing_fips,100.0,1.0
P::J3361,J3361,MI,Bay,BAY,0,26017,OTHER_,,,,,26017,P::J3361,existing_fips,100.0,1.0
P::J3360,J3360,IL,Morgan,MORGAN,0,17137,MEREDOSIA,,,,,17137,P::J3360,existing_fips,100.0,1.0
P::J3359,J3359,IL,Tazewell,TAZEWELL,0,17179,EASTERN SUBSTATION 138KV,,,,,17179,P::J3359,existing_fips,100.0,1.0
P::J3358,J3358,IL,Dewitt,DEWITT,0,17039,TABOR,,,,,17039,P::J3358,existing_fips,100.0,1.0
P::J3357,J3357,IN,Kosciusko,KOSCIUSKO,0,18085,LEESBURG,,,,,18085,P::J3357,existing_fips,100.0,1.0
P::J3356,J3356,IN,Pike,PIKE,0,18125,RATTS ALGIERS 69 0KV,,,,,18125,P::J3356,existing_fips,100.0,1.0
P::J3355,J3355,IL,Fulton,FULTON,0,17057,4IPAVA 3 4HAVANA2 138 0KV,,,,,17057,P::J3355,existing_fips,100.0,1.0
P::J3354,J3354,IN,Clinton,CLINTON,0,18023,HANOVER,,,,,18023,P::J3354,existing_fips,100.0,1.0
P::J3353,J3353,IL,Champaign,CHAMPAIGN,0,17019,RISING,,,,,17019,P::J3353,existing_fips,100.0,1.0
P::J3352,J3352,MO,Cape Girardeau,CAPE GIRARDEAU,0,29031,LUTESVILLE,,,,,29031,P::J3352,existing_fips,100.0,1.0
P::J3351,J3351,IL,Putnam,PUTNAM,0,17155,HICKOK,,,,,17155,P::J3351,existing_fips,100.0,1.0
P::J3350,J3350,MO,Randolph,RANDOLPH,0,29175,5MOBERLY 5OVERTON 161 0KV,,,,,29175,P::J3350,existing_fips,100.0,1.0
P::J3349,J3349,IL,Fulton,FULTON,0,17057,IPAVA,,,,,17057,P::J3349,existing_fips,100.0,1.0
P::J3348,J3348,IN,Marshall,MARSHALL,0,18099,PLYMOUTH KOSCIUSKO LEESBURG KOSCIUSKO CO REMC NORTHWEST 138 0KV,,,,,18099,P::J3348,existing_fips,100.0,1.0
P::J3347,J3347,IN,Hancock,HANCOCK,0,18059,GREENFIELD HASTINGS PARK GREENSBORO 138 0KV,,,,,18059,P::J3347,existing_fips,100.0,1.0
P::J3346,J3346,MN,Lyon,LYON,0,27083,OTHER_,,,,,27083,P::J3346,existing_fips,100.0,1.0
P::J3345,J3345,IL,Moultrie,MOULTRIE,0,17139,FARADAY,,,,,17139,P::J3345,existing_fips,100.0,1.0
P::J3344,J3344,IL,Knox,KNOX,0,17095,7FARGO 7SANDBURG 345 0KV,,,,,17095,P::J3344,existing_fips,100.0,1.0
P::J3343,J3343,IL,Knox,KNOX,0,17095,4MONM BLVD W 4CASTRO_JCT 138 0KV,,,,,17095,P::J3343,existing_fips,100.0,1.0
P::J3362,J3362,MI,Oakland,OAKLAND,0,26125,BLACKFOOT MADRID 345 0KV,,,,,26125,P::J3362,existing_fips,100.0,1.0
P::J3363,J3363,LA,Tensas Parish,TENSAS,0,22107,RED GUM,,,,,22107,P::J3363,existing_fips,100.0,1.0
P::J3364,J3364,LA,St. Martin Parish,SAINT MARTIN,0,22099,ST MARTINVILLE L 625A TAP CADE SS 69 0KV,,,,,22099,P::J3364,existing_fips,100.0,1.0
P::J3365,J3365,LA,Tangipahoa Parish,TANGIPAHOA,0,22105,AMITE KENTWOOD 115 0KV,,,,,22105,P::J3365,existing_fips,100.0,1.0
P::J3385,J3385,IL,Pike,PIKE,0,17149,PITTSFIELD TRANS LIBERTY 138 0KV,,,,,17149,P::J3385,existing_fips,100.0,1.0
P::J3384,J3384,MN,Stevens,STEVENS,0,27149,BIG STONE SOUTH ALEXANDRIA 345KV,,,,,27149,P::J3384,existing_fips,100.0,1.0
P::J3383,J3383,IN,Boone,BOONE,0,18011,NUCOR WHITESTOWN 345 0KV,,,,,18011,P::J3383,existing_fips,100.0,1.0
P::J3382,J3382,IL,Piatt,PIATT,0,17147,4WEEDMAN 4MAHOMET 1 138 0KV,,,,,17147,P::J3382,existing_fips,100.0,1.0
P::J3381,J3381,AR,St. Francis,SAINT FRANCIS,0,05123,FORREST CITY SOUTH HUGHES 161 0KV,,,,,05123,P::J3381,existing_fips,100.0,1.0
P::J3380,J3380,AR,Cleveland,CLEVELAND,0,05025,AECC PINEBERGEN AECC GLENDALE 115 0KV,,,,,05025,P::J3380,existing_fips,100.0,1.0
P::J3379,J3379,IL,Johnson,JOHNSON,0,17087,7JORD 7MASS 345 0KV,,,,,17087,P::J3379,existing_fips,100.0,1.0
P::J3378,J3378,LA,Jackson Parish,JACKSON,0,22049,DANVILLE LA,,,,,22049,P::J3378,existing_fips,100.0,1.0
P::J3377,J3377,LA,Madison Parish,MADISON,0,22065,DELHI TALLULAH 115 0KV,,,,,22065,P::J3377,existing_fips,100.0,1.0
P::J3387,J3387,IN,Henry,HENRY,0,18065,CONNERSVILLE NEW CASTLE 138 0KV,,,,,18065,P::J3387,existing_fips,100.0,1.0
P::J3376,J3376,AR,Mississippi,MISSISSIPPI,0,05093,BLYTHEVILLE NORTH,,,,,05093,P::J3376,existing_fips,100.0,1.0
P::J3374,J3374,AR,Phillips,PHILLIPS,0,05107,RITCHIE SWYD TARLETON 230 0KV,,,,,05107,P::J3374,existing_fips,100.0,1.0
P::J3373,J3373,AR,Poinsett,POINSETT,0,05111,HARRISBURG SS HARRISBURG 161 0KV,,,,,05111,P::J3373,existing_fips,100.0,1.0
P::J3372,J3372,IL,Macoupin,MACOUPIN,0,17117,REZZY,,,,,17117,P::J3372,existing_fips,100.0,1.0
P::J3371,J3371,IL,Vermilion,VERMILION,0,17183,OTHER_,,,,,17183,P::J3371,existing_fips,100.0,1.0
P::J3370,J3370,MN,Kittson,KITTSON,0,27069,OTHER_,,,,,27069,P::J3370,existing_fips,100.0,1.0
P::J3369,J3369,MN,Scott,SCOTT,0,27139,BLUE LAKE,,,,,27139,P::J3369,existing_fips,100.0,1.0
P::J3368,J3368,LA,St. Landry Parish,SAINT LANDRY,0,22097,VILLE PLATTE WEST FORK 230 0KV,,,,,22097,P::J3368,existing_fips,100.0,1.0
P::J3367,J3367,LA,Avoyelles Parish,AVOYELLES,0,22009,MARKSVILLE YELLOW BAYOU 138 0KV,,,,,22009,P::J3367,existing_fips,100.0,1.0
P::J3366,J3366,MS,Sunflower,SUNFLOWER,0,28133,INDIANOLA 230 115 SUB TILLATOBA 230 0KV,,,,,28133,P::J3366,existing_fips,100.0,1.0
P::J3375,J3375,MS,Washington,WASHINGTON,0,28151,GERALD ANDRUS 230KV SUBSTATION,,,,,28151,P::J3375,existing_fips,100.0,1.0
P::J3248,J3248,IN,Posey,POSEY,0,18129,AB BROWN FARM BUREAU 138 0KV,,,,,18129,P::J3248,existing_fips,100.0,1.0
P::J3621,J3621,AR,Craighead,CRAIGHEAD,0,05031,HERGETT POWERLINE ROAD 161 0KV,,,,,05031,P::J3621,existing_fips,100.0,1.0
P::J3623,J3623,MS,Sunflower,SUNFLOWER,0,28133,INDIANOLA 230 115 SUB TILLATOBA 230 0KV,,,,,28133,P::J3623,existing_fips,100.0,1.0
P::J3877,J3877,IN,Pike,PIKE,0,18125,OTHER_,,,,,18125,P::J3877,existing_fips,100.0,1.0
P::J3876,J3876,MI,Lapeer,LAPEER,0,26087,OTHER_,,,,,26087,P::J3876,existing_fips,100.0,1.0
P::J3875,J3875,MI,Lapeer,LAPEER,0,26087,OTHER_,,,,,26087,P::J3875,existing_fips,100.0,1.0
P::J3874,J3874,AR,Union,UNION,0,05139,WHITE BLUFF EHV,,,,,05139,P::J3874,existing_fips,100.0,1.0
P::J3873,J3873,IN,Gibson,GIBSON,0,18051,OWENSVILLE PRIMARY,,,,,18051,P::J3873,existing_fips,100.0,1.0
P::J3872,J3872,MI,Wayne,WAYNE,0,26163,RIVER ROUGE,,,,,26163,P::J3872,existing_fips,100.0,1.0
P::J3871,J3871,LA,St. Charles Parish,SAINT CHARLES,0,22089,WATERFORD 500 SS,,,,,22089,P::J3871,existing_fips,100.0,1.0
P::J3870,J3870,IN,Vigo,VIGO,0,18167,SUGAR CREEK,,,,,18167,P::J3870,existing_fips,100.0,1.0
P::J3869,J3869,MO,Pike,PIKE,0,29163,5PIKE 1 5CALUMET 161 0KV,,,,,29163,P::J3869,existing_fips,100.0,1.0
P::J3868,J3868,AR,Sharp,SHARP,0,05135,CAVE CITY,,,,,05135,P::J3868,existing_fips,100.0,1.0
P::J3867,J3867,IL,Iroquois,IROQUOIS,0,17075,WATSEKA,,,,,17075,P::J3867,existing_fips,100.0,1.0
P::J3866,J3866,MI,Lapeer,LAPEER,0,26087,BENNET GREENWOOD 120 0KV,,,,,26087,P::J3866,existing_fips,100.0,1.0
P::J3865,J3865,MI,Shiawassee,SHIAWASSEE,0,26155,CORNELL LAYTON 138 0KV,,,,,26155,P::J3865,existing_fips,100.0,1.0
P::J3864,J3864,MI,Shiawassee,SHIAWASSEE,0,26155,GOSS THETFORD 345 0KV,,,,,26155,P::J3864,existing_fips,100.0,1.0
P::J3863,J3863,MN,Itasca,ITASCA,0,27061,BOSWELL 230 BLACKBERRY 230KV,,,,,27061,P::J3863,existing_fips,100.0,1.0
P::J3862,J3862,SD,Deuel,DEUEL,0,46039,ASTORIA DEUEL COUNTY 345 0KV,,,,,46039,P::J3862,existing_fips,100.0,1.0
P::J3861,J3861,MI,Branch,BRANCH,0,26023,WAGNER,,,,,26023,P::J3861,existing_fips,100.0,1.0
P::J3860,J3860,IL,Peoria,PEORIA,0,17143,7FARGO 7SANDBURG 345 0KV,,,,,17143,P::J3860,existing_fips,100.0,1.0
P::J3859,J3859,MI,Branch,BRANCH,0,26023,OTHER_,,,,,26023,P::J3859,existing_fips,100.0,1.0
P::J3878,J3878,IL,Jefferson,JEFFERSON,0,17081,7PR STATE 7MTVERNW 345 0KV,,,,,17081,P::J3878,existing_fips,100.0,1.0
P::J3858,J3858,MI,Livingston,LIVINGSTON,0,26093,MADRID SUBSTATION 120KV BUS NUMBER 265650,,,,,26093,P::J3858,existing_fips,100.0,1.0
P::J3879,J3879,IN,Jackson,JACKSON,0,18071,CAYUGA HILLSDALE NORTH 230 0KV,,,,,18071,P::J3879,existing_fips,100.0,1.0
P::J3881,J3881,IL,Clay,CLAY,0,17025,7NEWTON 7TANNER 345 0KV,,,,,17025,P::J3881,existing_fips,100.0,1.0
P::J3901,J3901,IL,Shelby,SHELBY,0,17173,4MATOONW S 4NEOGA 3 138 0KV,,,,,17173,P::J3901,existing_fips,100.0,1.0
P::J3900,J3900,MS,Sunflower,SUNFLOWER,0,28133,INDIANOLA 230 115 SUB TILLATOBA 230 0KV,,,,,28133,P::J3900,existing_fips,100.0,1.0
P::J3899,J3899,IL,Putnam,PUTNAM,0,17155,OTHER_,,,,,17155,P::J3899,existing_fips,100.0,1.0
P::J3898,J3898,IA,Howard,HOWARD,0,19089,MITCHELL COUNTY ITCM HAZLETON ITCM 345 0KV,,,,,19089,P::J3898,existing_fips,100.0,1.0
P::J3897,J3897,IN,Knox,KNOX,0,18083,GIBSON STA BEDFORD 345 345 0KV,,,,,18083,P::J3897,existing_fips,100.0,1.0
P::J3896,J3896,IN,Knox,KNOX,0,18083,GIBSON STA BEDFORD 345 345 0KV,,,,,18083,P::J3896,existing_fips,100.0,1.0
P::J3895,J3895,MI,Muskegon,MUSKEGON,0,26121,KENOWA LUDINGTON 345 0KV,,,,,26121,P::J3895,existing_fips,100.0,1.0
P::J3894,J3894,MN,Lyon,LYON,0,27083,LYON COUNTY BROOKINGS COUNTY 345 0KV,,,,,27083,P::J3894,existing_fips,100.0,1.0
P::J3893,J3893,AR,Phillips,PHILLIPS,0,05107,AECC AUBREY RITCHIE SWYD 230 0KV,,,,,05107,P::J3893,existing_fips,100.0,1.0
P::J3892,J3892,IL,Sangamon,SANGAMON,0,17167,343506 EASTDALE,,,,,17167,P::J3892,existing_fips,100.0,1.0
P::J3891,J3891,AR,Pope,POPE,0,05115,ATKINS,,,,,05115,P::J3891,existing_fips,100.0,1.0
P::J3889,J3889,AR,Union,UNION,0,05139,EL DORADO EHV SAREPTA 345 115 SS 345 0KV,,,,,05139,P::J3889,existing_fips,100.0,1.0
P::J3888,J3888,AR,Union,UNION,0,05139,EL DORADO EHV SAREPTA 345 115 SS 345 0KV,,,,,05139,P::J3888,existing_fips,100.0,1.0
P::J3887,J3887,MI,Montcalm,MONTCALM,0,26117,KENOWA NELSON ROAD 345 0KV,,,,,26117,P::J3887,existing_fips,100.0,1.0
P::J3886,J3886,MN,Swift,SWIFT,0,27151,BIG STONE SOUTH ALEXANDRIA 345KV,,,,,27151,P::J3886,existing_fips,100.0,1.0
P::J3885,J3885,LA,Morehouse Parish,MOREHOUSE,0,22067,STERLINGTON 115 SWYD AECC MERIDIAN 115 0KV,,,,,22067,P::J3885,existing_fips,100.0,1.0
P::J3884,J3884,MN,Benton,BENTON,0,27009,BENTON COUNTY 345 START DBL CKT W EW LINE 345 0KV,,,,,27009,P::J3884,existing_fips,100.0,1.0
P::J3883,J3883,IL,Crawford,CRAWFORD,0,17033,4HUTSONVL 4HEATH 138 0KV,,,,,17033,P::J3883,existing_fips,100.0,1.0
P::J3882,J3882,IL,Crawford,CRAWFORD,0,17033,4HUTSONVL 4HEATH 138 0KV,,,,,17033,P::J3882,existing_fips,100.0,1.0
P::J3880,J3880,IL,Clay,CLAY,0,17025,7NEWTON 7TANNER 345 0KV,,,,,17025,P::J3880,existing_fips,100.0,1.0
P::J3857,J3857,MI,Iosco,IOSCO,0,26069,ALCONA WHITTEMORE 138 0KV,,,,,26069,P::J3857,existing_fips,100.0,1.0
P::J3856,J3856,IL,Wabash,WABASH,0,17185,08GIBSON PSI 7ALBION 345 0KV,,,,,17185,P::J3856,existing_fips,100.0,1.0
P::J3855,J3855,MS,Madison,MADISON,0,28089,CANTON PICKENS 230 0KV,,,,,28089,P::J3855,existing_fips,100.0,1.0
P::J3830,J3830,IL,,,0,,OTHER_,,,,,,P::J3830,unmatched,0.0,0.0
P::J3829,J3829,AR,Hot Spring,HOT SPRING,0,05059,ETTA,,,,,05059,P::J3829,existing_fips,100.0,1.0
P::J3828,J3828,MI,Lapeer,LAPEER,0,26087,OTHER_,,,,,26087,P::J3828,existing_fips,100.0,1.0
P::J3827,J3827,MI,Mackinac,MACKINAC,0,26097,INDIAN LAKE HIAWATHA 138 0KV,,,,,26097,P::J3827,existing_fips,100.0,1.0
P::J3826,J3826,MS,Holmes,HOLMES,0,28051,3PICKENS,,,,,28051,P::J3826,existing_fips,100.0,1.0
P::J3825,J3825,MS,Hinds,HINDS,0,28049,230KV GREENACRES SUBSTATION,,,,,28049,P::J3825,existing_fips,100.0,1.0
P::J3824,J3824,SD,Roberts,ROBERTS,0,46109,TWIN BROOKS 345KV SUBSTATION,,,,,46109,P::J3824,existing_fips,100.0,1.0
P::J3823,J3823,MN,Watonwan,WATONWAN,0,27165,CRANDALL FIELDON 345 0KV,,,,,27165,P::J3823,existing_fips,100.0,1.0
P::J3822,J3822,LA,Pointe Coupee Parish,POINTE COUPEE,0,22077,DEVIN LIVONIA 138 0KV,,,,,22077,P::J3822,existing_fips,100.0,1.0
P::J3821,J3821,TX,Walker,WALKER,0,48471,RIVTRIN,,,,,48471,P::J3821,existing_fips,100.0,1.0
P::J3820,J3820,IL,Hancock,HANCOCK,0,17067,LRTP LINE,,,,,17067,P::J3820,existing_fips,100.0,1.0
P::J3819,J3819,MS,Madison,MADISON,0,28089,CATLETT TINNIN ROAD 230 0KV,,,,,28089,P::J3819,existing_fips,100.0,1.0
P::J3818,J3818,IL,Shelby,SHELBY,0,17173,4PANA 1 4SHELBYVL E 138 0KV,,,,,17173,P::J3818,existing_fips,100.0,1.0
P::J3817,J3817,MI,Allegan,ALLEGAN,0,26005,OTHER_,,,,,26005,P::J3817,existing_fips,100.0,1.0
P::J3816,J3816,MI,Saginaw,SAGINAW,0,26145,BULLOCK SAGINAW RIVER 138 0KV,,,,,26145,P::J3816,existing_fips,100.0,1.0
P::J3815,J3815,LA,St. Charles Parish,SAINT CHARLES,0,22089,WATERFORD 3 SWYD,,,,,22089,P::J3815,existing_fips,100.0,1.0
P::J3814,J3814,AR,Cross,CROSS,0,05037,FORREST CITY N SS WYNNE SOUTH 161 0KV,,,,,05037,P::J3814,existing_fips,100.0,1.0
P::J3813,J3813,IN,Putnam,PUTNAM,0,18133,EDWARDSPORT IGCC AMO 345 0KV,,,,,18133,P::J3813,existing_fips,100.0,1.0
P::J3812,J3812,AR,Phillips,PHILLIPS,0,05107,BALD KNOB T E T C P S 6 SS AECC COFFEEVILLE 161 0KV,,,,,05107,P::J3812,existing_fips,100.0,1.0
P::J3831,J3831,IN,Madison,MADISON,0,18095,NOBLESVILLE DUKE FALL CREEK AEP PJM 345 0KV,,,,,18095,P::J3831,existing_fips,100.0,1.0
P::J3832,J3832,MI,Macomb,MACOMB,0,26099,LENOX 120KV SUBSTATION BUS 264749,,,,,26099,P::J3832,existing_fips,100.0,1.0
P::J3833,J3833,ND,Cass,CASS,0,38017,BUFFALO 115KV,,,,,38017,P::J3833,existing_fips,100.0,1.0
P::J3834,J3834,IN,Gibson,GIBSON,0,18051,GIBSON STA FRANCISCO 345 0KV,,,,,18051,P::J3834,existing_fips,100.0,1.0
P::J3854,J3854,IL,Mason,MASON,0,17125,4PURO 4HAVANA3 138 0KV,,,,,17125,P::J3854,existing_fips,100.0,1.0
P::J3853,J3853,IL,Iroquois,IROQUOIS,0,17075,OTHER_,,,,,17075,P::J3853,existing_fips,100.0,1.0
P::J3852,J3852,MI,Tuscola,TUSCOLA,0,26157,KIRK,,,,,26157,P::J3852,existing_fips,100.0,1.0
P::J3851,J3851,IL,Mcdonough,MCDONOUGH,0,17109,MACOMB WEST,,,,,17109,P::J3851,existing_fips,100.0,1.0
P::J3850,J3850,MN,Pine,PINE,0,27115,ROCK CREEK,,,,,27115,P::J3850,existing_fips,100.0,1.0
P::J3849,J3849,IA,Winnebago,WINNEBAGO,0,19189,BISON COLBY 345KV,,,,,19189,P::J3849,existing_fips,100.0,1.0
P::J3848,J3848,MN,Wabasha,WABASHA,0,27157,WABACO,,,,,27157,P::J3848,existing_fips,100.0,1.0
P::J3847,J3847,IL,Jefferson,JEFFERSON,0,17081,WALTON SHELL SUBSTATION 138KV,,,,,17081,P::J3847,existing_fips,100.0,1.0
P::J3846,J3846,IN,Newton,NEWTON,0,18111,OTHER_,,,,,18111,P::J3846,existing_fips,100.0,1.0
P::J3902,J3902,TX,Jefferson,JEFFERSON,0,48245,STOWELL,,,,,48245,P::J3902,existing_fips,100.0,1.0
P::J3845,J3845,MI,Monroe,MONROE,0,26115,BROWNSTOWN ENRICO FERMI 3 345 0KV,,,,,26115,P::J3845,existing_fips,100.0,1.0
P::J3843,J3843,MI,Saginaw,SAGINAW,0,26145,GOSS SLATE 345 0KV,,,,,26145,P::J3843,existing_fips,100.0,1.0
P::J3842,J3842,LA,Richland Parish,RICHLAND,0,22083,SMALLING 230KV SUBSTATION,,,,,22083,P::J3842,existing_fips,100.0,1.0
P::J3841,J3841,LA,Richland Parish,RICHLAND,0,22083,SMALLING 230KV SUBSTATION,,,,,22083,P::J3841,existing_fips,100.0,1.0
P::J3840,J3840,LA,St. Landry Parish,SAINT LANDRY,0,22097,WELLS,,,,,22097,P::J3840,existing_fips,100.0,1.0
P::J3839,J3839,LA,Union Parish,UNION,0,22111,MARION SS LAGEN HUTTIG SS 115 0KV,,,,,22111,P::J3839,existing_fips,100.0,1.0
P::J3838,J3838,MI,Ingham,INGHAM,0,26065,DELHI TOMPKINS 138 0KV,,,,,26065,P::J3838,existing_fips,100.0,1.0
P::J3837,J3837,MI,Van Buren,VAN BUREN,0,26159,ARGENTA PALISADES 345 0KV,,,,,26159,P::J3837,existing_fips,100.0,1.0
P::J3836,J3836,MI,Eaton,EATON,0,26045,ONEIDA,,,,,26045,P::J3836,existing_fips,100.0,1.0
P::J3835,J3835,MI,Saginaw,SAGINAW,0,26145,OTHER_,,,,,26145,P::J3835,existing_fips,100.0,1.0
P::J3844,J3844,MI,St. Joseph,SAINT JOSEPH,0,26149,BATAVIA MORROW 138 0KV,,,,,26149,P::J3844,existing_fips,100.0,1.0
P::J3903,J3903,MN,Mower,MOWER,0,27099,NORTH AUSTIN ADAMS ITC 161 0KV,,,,,27099,P::J3903,existing_fips,100.0,1.0
P::J3904,J3904,IL,Tazewell,TAZEWELL,0,17179,OTHER_,,,,,17179,P::J3904,existing_fips,100.0,1.0
P::J3905,J3905,IL,Tazewell,TAZEWELL,0,17179,OTHER_,,,,,17179,P::J3905,existing_fips,100.0,1.0
P::J3971,J3971,MI,Huron,HURON,0,26063,STEIN,,,,,26063,P::J3971,existing_fips,100.0,1.0
P::J3970,J3970,MI,Huron,HURON,0,26063,MINDEN,,,,,26063,P::J3970,existing_fips,100.0,1.0
P::J3969,J3969,AR,Poinsett,POINSETT,0,05111,HARRISBURG,,,,,05111,P::J3969,existing_fips,100.0,1.0
P::J3968,J3968,IL,Coles,COLES,0,17029,MATTOON WEST,,,,,17029,P::J3968,existing_fips,100.0,1.0
P::J3967,J3967,MI,Huron,HURON,0,26063,MINDEN,,,,,26063,P::J3967,existing_fips,100.0,1.0
P::J3966,J3966,MI,Huron,HURON,0,26063,GRASSMERE,,,,,26063,P::J3966,existing_fips,100.0,1.0
P::J3965,J3965,IL,Christian,CHRISTIAN,0,17021,7LATHAM KINCAID B 345 0KV,,,,,17021,P::J3965,existing_fips,100.0,1.0
P::J3964,J3964,SD,Brookings,BROOKINGS,0,46011,SPLIT ROCK WHITE WAPA 345 0KV,,,,,46011,P::J3964,existing_fips,100.0,1.0
P::J3963,J3963,SD,Brookings,BROOKINGS,0,46011,BROOKINGS COUNTY,,,,,46011,P::J3963,existing_fips,100.0,1.0
P::J3962,J3962,MI,Bay,BAY,0,26017,BAUER HAMPTON 1 345 0KV,,,,,26017,P::J3962,existing_fips,100.0,1.0
P::J3961,J3961,MN,Lincoln,LINCOLN,0,27081,YANKEE,,,,,27081,P::J3961,existing_fips,100.0,1.0
P::J3960,J3960,MN,Lac Qui Parle,LAC QUI PARLE,0,27073,BIG STONE SOUTH DEUEL COUNTY 345 0KV,,,,,27073,P::J3960,existing_fips,100.0,1.0
P::J3959,J3959,MO,Grundy,GRUNDY,0,29079,OTHER_,,,,,29079,P::J3959,existing_fips,100.0,1.0
P::J3958,J3958,MO,Sullivan,SULLIVAN,0,29211,OTHER_,,,,,29211,P::J3958,existing_fips,100.0,1.0
P::J3957,J3957,MO,Sullivan,SULLIVAN,0,29211,OTHER_,,,,,29211,P::J3957,existing_fips,100.0,1.0
P::J3956,J3956,MN,Wilkin,WILKIN,0,27167,HANKINSON 230KV SUBSTATION,,,,,27167,P::J3956,existing_fips,100.0,1.0
P::J3955,J3955,MN,Lac Qui Parle,LAC QUI PARLE,0,27073,BIG STONE SOUTH DEUEL COUNTY 345 0KV,,,,,27073,P::J3955,existing_fips,100.0,1.0
P::J3954,J3954,IL,Christian,CHRISTIAN,0,17021,7AUSTIN 7PANA 345 0KV,,,,,17021,P::J3954,existing_fips,100.0,1.0
P::J3953,J3953,AR,Faulkner,FAULKNER,0,05045,BONO GREENBRIER 161 0KV,,,,,05045,P::J3953,existing_fips,100.0,1.0
P::J3972,J3972,TX,Liberty,LIBERTY,0,48291,CHINA STOWELL 230 0KV,,,,,48291,P::J3972,existing_fips,100.0,1.0
P::J3973,J3973,MI,Branch,BRANCH,0,26023,COLDWATER MOORE ROAD 138 0KV,,,,,26023,P::J3973,existing_fips,100.0,1.0
P::J3974,J3974,AR,Jefferson,JEFFERSON,0,05069,STUTTGART RICUSKEY WOODWARD 230 SUB 230 0KV,,,,,05069,P::J3974,existing_fips,100.0,1.0
P::J3975,J3975,WI,Rusk,RUSK,0,55107,STONE LAKE GARDNER PARK 345 0KV,,,,,55107,P::J3975,existing_fips,100.0,1.0
P::J3995,J3995,IL,Jasper,JASPER,0,17079,7CASEY 7NEWTON 345 0KV,,,,,17079,P::J3995,existing_fips,100.0,1.0
P::J3994,J3994,MI,Monroe,MONROE,0,26115,18MOROCCO 256583,,,,,26115,P::J3994,existing_fips,100.0,1.0
P::J3993,J3993,IL,Wayne,WAYNE,0,17191,GEFF,,,,,17191,P::J3993,existing_fips,100.0,1.0
P::J3992,J3992,MI,Eaton,EATON,0,26045,MAJESTIC ONEIDA 345 0KV,,,,,26045,P::J3992,existing_fips,100.0,1.0
P::J3991,J3991,IL,Mclean,MCLEAN,0,17113,OTHER_,,,,,17113,P::J3991,existing_fips,100.0,1.0
P::J3990,J3990,IL,Mclean,MCLEAN,0,17113,OTHER_,,,,,17113,P::J3990,existing_fips,100.0,1.0
P::J3989,J3989,IL,Williamson,WILLIAMSON,0,17199,MARION NORTH,,,,,17199,P::J3989,existing_fips,100.0,1.0
P::J3988,J3988,LA,Morehouse Parish,MOREHOUSE,0,22067,NORTH BASTROP TAP LOG CABIN LAGEN 115 0KV,,,,,22067,P::J3988,existing_fips,100.0,1.0
P::J3987,J3987,MS,Amite,AMITE,0,28005,SMITHDALE SS CE LIBERTY 115 0KV,,,,,28005,P::J3987,existing_fips,100.0,1.0
P::J3952,J3952,MN,Polk,POLK,0,27119,OTHER_,,,,,27119,P::J3952,existing_fips,100.0,1.0
P::J3986,J3986,TX,Liberty,LIBERTY,0,48291,JACINTO PEACH CREEK 230 0KV,,,,,48291,P::J3986,existing_fips,100.0,1.0
P::J3984,J3984,AR,Jefferson,JEFFERSON,0,05069,STUTTGART RICUSKEY WOODWARD 230 SUB 230 0KV,,,,,05069,P::J3984,existing_fips,100.0,1.0
P::J3983,J3983,IN,Gibson,GIBSON,0,18051,MACKEY,,,,,18051,P::J3983,existing_fips,100.0,1.0
P::J3982,J3982,AR,Lonoke,LONOKE,0,05085,WEST MEMPHIS EHV KEO EHV 500 0KV,,,,,05085,P::J3982,existing_fips,100.0,1.0
P::J3981,J3981,IN,Sullivan,SULLIVAN,0,18153,GIBSON STA MEROM HED 345 0KV,,,,,18153,P::J3981,existing_fips,100.0,1.0
P::J3980,J3980,IN,Sullivan,SULLIVAN,0,18153,GIBSON STA MEROM HED 345 0KV,,,,,18153,P::J3980,existing_fips,100.0,1.0
P::J3979,J3979,IN,Sullivan,SULLIVAN,0,18153,PETERSBURG SULLIVAN AEP PJM 345 0KV,,,,,18153,P::J3979,existing_fips,100.0,1.0
P::J3978,J3978,IN,Sullivan,SULLIVAN,0,18153,PETERSBURG SULLIVAN AEP PJM 345 0KV,,,,,18153,P::J3978,existing_fips,100.0,1.0
P::J3977,J3977,MI,Sanilac,SANILAC,0,26151,GREENWOOD RAPSON 345 0KV,,,,,26151,P::J3977,existing_fips,100.0,1.0
P::J3976,J3976,IL,Fayette,FAYETTE,0,17051,7COFFEN N 7RAMSEY 345 0KV,,,,,17051,P::J3976,existing_fips,100.0,1.0
P::J3985,J3985,TX,Polk,POLK,0,48373,SHECO ETEC BUS 334130,,,,,48373,P::J3985,existing_fips,100.0,1.0
P::J3811,J3811,IL,Clay,CLAY,0,17025,4KINMUNDY S 4TANNER 138 0KV,,,,,17025,P::J3811,existing_fips,100.0,1.0
P::J3951,J3951,MN,Polk,POLK,0,27119,OTHER_,,,,,27119,P::J3951,existing_fips,100.0,1.0
P::J3949,J3949,IL,Scott,SCOTT,0,17171,7MEREDOSIA 7TURNER 345 0KV,,,,,17171,P::J3949,existing_fips,100.0,1.0
P::J3924,J3924,MI,Branch,BRANCH,0,26023,COLDWATER MOORE ROAD 138 0KV,,,,,26023,P::J3924,existing_fips,100.0,1.0
P::J3923,J3923,MI,Washtenaw,WASHTENAW,0,26161,MAJESTIC MILAN 345KV LINE,,,,,26161,P::J3923,existing_fips,100.0,1.0
P::J3922,J3922,MI,Branch,BRANCH,0,26023,HIPLE,,,,,26023,P::J3922,existing_fips,100.0,1.0
P::J3921,J3921,IA,Jasper,JASPER,0,19099,BONDURANT MONTEZUMA 345 0KV,,,,,19099,P::J3921,existing_fips,100.0,1.0
P::J3920,J3920,IA,Clay,CLAY,0,19041,OTHER_,,,,,19041,P::J3920,existing_fips,100.0,1.0
P::J3919,J3919,MO,Lincoln,LINCOLN,0,29113,OTHER_,,,,,29113,P::J3919,existing_fips,100.0,1.0
P::J3918,J3918,IL,Champaign,CHAMPAIGN,0,17019,4RANTOUL 4RISING 138 0KV,,,,,17019,P::J3918,existing_fips,100.0,1.0
P::J3917,J3917,AR,Columbia,COLUMBIA,0,05027,SPRINGHILL TAYLOR 115 0KV,,,,,05027,P::J3917,existing_fips,100.0,1.0
P::J3916,J3916,IL,Saline,SALINE,0,17165,4HARCO 4MUDDY 138 0KV,,,,,17165,P::J3916,existing_fips,100.0,1.0
P::J3915,J3915,MS,Perry,PERRY,0,28111,PURVIS BULK 161 HINTONVILLE 161 161 0KV,,,,,28111,P::J3915,existing_fips,100.0,1.0
P::J3914,J3914,LA,Jefferson Davis Parish,JEFFERSON DAVIS,0,22053,COMPTON CO,,,,,22053,P::J3914,existing_fips,100.0,1.0
P::J3913,J3913,MS,Amite,AMITE,0,28005,GLOSTER LIBERTY 115 0KV,,,,,28005,P::J3913,existing_fips,100.0,1.0
P::J3912,J3912,WI,Chippewa,CHIPPEWA,0,55017,RED CEDAR WHEATON 56 161 0KV,,,,,55017,P::J3912,existing_fips,100.0,1.0
P::J3911,J3911,IA,Louisa,LOUISA,0,19115,SUB 93 LOUISA SUB T HASKINS 345 0KV,,,,,19115,P::J3911,existing_fips,100.0,1.0
P::J3910,J3910,IN,Newton,NEWTON,0,18111,OTHER_,,,,,18111,P::J3910,existing_fips,100.0,1.0
P::J3909,J3909,MI,Gratiot,GRATIOT,0,26057,ALMA VESTABURG 138 0KV,,,,,26057,P::J3909,existing_fips,100.0,1.0
P::J3908,J3908,MI,St. Joseph,SAINT JOSEPH,0,26149,BATAVIA MORROW 138 0KV,,,,,26149,P::J3908,existing_fips,100.0,1.0
P::J3907,J3907,IL,Stark,STARK,0,17175,4BUREAU 4EKEWANEE N 138 0KV,,,,,17175,P::J3907,existing_fips,100.0,1.0
P::J3906,J3906,MO,Stoddard,STODDARD,0,29207,5STODDARD 5MORLEY AECI 161 0KV,,,,,29207,P::J3906,existing_fips,100.0,1.0
P::J3925,J3925,IN,Knox,KNOX,0,18083,GIBSON STA BEDFORD 345 345 0KV,,,,,18083,P::J3925,existing_fips,100.0,1.0
P::J3926,J3926,IA,Webster,WEBSTER,0,19187,GRIMES LEHIGH 345KV,,,,,19187,P::J3926,existing_fips,100.0,1.0
P::J3927,J3927,WI,Sheboygan,SHEBOYGAN,0,55117,SHEBOYGAN FALLS STATION 138KV,,,,,55117,P::J3927,existing_fips,100.0,1.0
P::J3928,J3928,MI,Bay,BAY,0,26017,TITTABAWASSEE 345KV GALLEGHER 345KV,,,,,26017,P::J3928,existing_fips,100.0,1.0
P::J3948,J3948,IN,Posey,POSEY,0,18129,AB BROWN 345 GIBSON DUKE TERMINAL 345 0KV,,,,,18129,P::J3948,existing_fips,100.0,1.0
P::J3947,J3947,IL,Shelby,SHELBY,0,17173,7FARADAY 7PANA 345 0KV,,,,,17173,P::J3947,existing_fips,100.0,1.0
P::J3946,J3946,IL,Tazewell,TAZEWELL,0,17179,TAZEWELL,,,,,17179,P::J3946,existing_fips,100.0,1.0
P::J3945,J3945,MI,Washtenaw,WASHTENAW,0,26161,MAJESTIC MILAN 345 0KV,,,,,26161,P::J3945,existing_fips,100.0,1.0
P::J3944,J3944,IL,Bureau,BUREAU,0,17011,4BUREAU 4PRN_MUNI TP 138 0KV,,,,,17011,P::J3944,existing_fips,100.0,1.0
P::J3943,J3943,IN,Vigo,VIGO,0,18167,SANDFORD,,,,,18167,P::J3943,existing_fips,100.0,1.0
P::J3942,J3942,IN,Vigo,VIGO,0,18167,SANDFORD,,,,,18167,P::J3942,existing_fips,100.0,1.0
P::J3941,J3941,SD,Deuel,DEUEL,0,46039,ASTORIA 345KV SUBSTATION,,,,,46039,P::J3941,existing_fips,100.0,1.0
P::J3940,J3940,MI,Isabella,ISABELLA,0,26073,SALT RIVER WARREN 138 0KV,,,,,26073,P::J3940,existing_fips,100.0,1.0
P::J3950,J3950,IL,Clark,CLARK,0,17023,7CASEY 7SNYDER 345 0KV,,,,,17023,P::J3950,existing_fips,100.0,1.0
P::J3939,J3939,LA,Beauregard Parish,BEAUREGARD,0,22011,COLE TO PENTON 230 0KV,,,,,22011,P::J3939,existing_fips,100.0,1.0
P::J3937,J3937,AR,Dallas,DALLAS,0,05039,SHERIDAN EHV EL DORADO EHV 500 0KV,,,,,05039,P::J3937,existing_fips,100.0,1.0
P::J3936,J3936,WI,Kenosha,KENOSHA,0,55059,PARIS 345KV SUBSTATION,,,,,55059,P::J3936,existing_fips,100.0,1.0
P::J3935,J3935,MI,Genesee,GENESEE,0,26049,THETFORD,,,,,26049,P::J3935,existing_fips,100.0,1.0
P::J3934,J3934,MN,Mcleod,MCLEOD,0,27085,BLUE LAKE MCLEOD GRE 230 0KV,,,,,27085,P::J3934,existing_fips,100.0,1.0
P::J3933,J3933,IA,Franklin,FRANKLIN,0,19069,KILLDEER QUINN 345KV,,,,,19069,P::J3933,existing_fips,100.0,1.0
P::J3932,J3932,IA,Linn,LINN,0,19113,DUANE ARNOLD 161KV,,,,,19113,P::J3932,existing_fips,100.0,1.0
P::J3931,J3931,IN,Jasper,JASPER,0,18073,OTHER_,,,,,18073,P::J3931,existing_fips,100.0,1.0
P::J3930,J3930,LA,Iberia Parish,IBERIA,0,22045,MORBIHAN,,,,,22045,P::J3930,existing_fips,100.0,1.0
P::J3929,J3929,MO,Audrain,AUDRAIN,0,29007,SPENCER CREEK,,,,,29007,P::J3929,existing_fips,100.0,1.0
P::J3938,J3938,IN,Marshall,MARSHALL,0,18099,BURR OAK EAST WINAMAC 138 0KV,,,,,18099,P::J3938,existing_fips,100.0,1.0
P::J3810,J3810,IN,Knox,KNOX,0,18083,EDWARDSPORT IGCC AMO 345 0KV,,,,,18083,P::J3810,existing_fips,100.0,1.0
P::J3809,J3809,IL,Mason,MASON,0,17125,WINNEBAGO,,,,,17125,P::J3809,existing_fips,100.0,1.0
P::J3808,J3808,IA,Webster,WEBSTER,0,19187,IRVINGTON WEBSTER 345 0KV,,,,,19187,P::J3808,existing_fips,100.0,1.0
P::J3689,J3689,IN,Montgomery,MONTGOMERY,0,18107,OTHER_,,,,,18107,P::J3689,existing_fips,100.0,1.0
P::J3688,J3688,IN,White,WHITE,0,18181,LUSE ROAD SUBSTATION,,,,,18181,P::J3688,existing_fips,100.0,1.0
P::J3687,J3687,IL,Fayette,FAYETTE,0,17051,4OTEGO 4KINMUNDY 138 0KV,,,,,17051,P::J3687,existing_fips,100.0,1.0
P::J3686,J3686,IL,Christian,CHRISTIAN,0,17021,4AUSTIN 4TAYLORVL 138 0KV,,,,,17021,P::J3686,existing_fips,100.0,1.0
P::J3685,J3685,IL,Pike,PIKE,0,17149,4HULL 4MEPPEN T 138 0KV,,,,,17149,P::J3685,existing_fips,100.0,1.0
P::J3684,J3684,IL,Morgan,MORGAN,0,17137,4JACK_IND N 4YATES 138 0KV,,,,,17137,P::J3684,existing_fips,100.0,1.0
P::J3683,J3683,IL,Scott,SCOTT,0,17171,4BALLARD 4MEREDOSA 138 0KV,,,,,17171,P::J3683,existing_fips,100.0,1.0
P::J3682,J3682,MI,Muskegon,MUSKEGON,0,26121,FOUR MILE WHITE ROAD 138 0KV,,,,,26121,P::J3682,existing_fips,100.0,1.0
P::J3681,J3681,IL,Mclean,MCLEAN,0,17113,7CLINTON 7BROKAW 345 0KV,,,,,17113,P::J3681,existing_fips,100.0,1.0
P::J3680,J3680,MS,Scott,SCOTT,0,28123,PELAHATCHIE,,,,,28123,P::J3680,existing_fips,100.0,1.0
P::J3679,J3679,IN,Laporte,LAPORTE,0,18091,BABCOCK STILLWELL 345 0KV,,,,,18091,P::J3679,existing_fips,100.0,1.0
P::J3678,J3678,IN,Vermillion,VERMILLION,0,18165,CAYUGA 345,,,,,18165,P::J3678,existing_fips,100.0,1.0
P::J3677,J3677,IN,Daviess,DAVIESS,0,18027,OTHER_,,,,,18027,P::J3677,existing_fips,100.0,1.0
P::J3676,J3676,MI,Otsego,OTSEGO,0,26137,GAYLORD ATLANTA 138 0KV,,,,,26137,P::J3676,existing_fips,100.0,1.0
P::J3675,J3675,AR,Roseau,ROSEAU,0,,SEDGEWICK SS AECC LIGHT 115 0KV,,,,,,P::J3675,rejected_cross_state,0.0,0.0
P::J3674,J3674,IL,Jasper,JASPER,0,17079,4NEWTON 4WISEMAN 138 0KV,,,,,17079,P::J3674,existing_fips,100.0,1.0
P::J3673,J3673,IN,Newton,NEWTON,0,18111,GOODLAND MORRISON DITCH 138 0KV,,,,,18111,P::J3673,existing_fips,100.0,1.0
P::J3672,J3672,MN,Traverse,TRAVERSE,0,27155,BIG STONE SOUTH ALEXANDIRA 345KV,,,,,27155,P::J3672,existing_fips,100.0,1.0
P::J3671,J3671,IL,Shelby,SHELBY,0,17173,4NEOGA 2 4SHELBYVL E 138 0KV,,,,,17173,P::J3671,existing_fips,100.0,1.0
P::J3690,J3690,MO,Scott,SCOTT,0,29201,5STODDARD 5MORLEY AECI 161 0KV,,,,,29201,P::J3690,existing_fips,100.0,1.0
P::J3691,J3691,IN,White,WHITE,0,18181,REYNOLDS,,,,,18181,P::J3691,existing_fips,100.0,1.0
P::J3692,J3692,MI,Cheboygan,CHEBOYGAN,0,26031,PORT CALCITE RIGGSVILLE 138 0KV,,,,,26031,P::J3692,existing_fips,100.0,1.0
P::J3693,J3693,IN,Marshall,MARSHALL,0,18099,BURR OAK LEESBURG 345 0KV,,,,,18099,P::J3693,existing_fips,100.0,1.0
P::J3713,J3713,IA,Wapello,WAPELLO,0,19179,OTTUMWA GENERATION WOODY 161KV,,,,,19179,P::J3713,existing_fips,100.0,1.0
P::J3712,J3712,IL,Peoria,PEORIA,0,17143,7FARGO 7SANDBURG 345 0KV,,,,,17143,P::J3712,existing_fips,100.0,1.0
P::J3711,J3711,AR,Calhoun,CALHOUN,0,05013,SHERIDAN EHV EL DORADO EHV 500 0KV,,,,,05013,P::J3711,existing_fips,100.0,1.0
P::J3710,J3710,IL,Jersey,JERSEY,0,17083,JERSEYVILLE NORTHWEST,,,,,17083,P::J3710,existing_fips,100.0,1.0
P::J3709,J3709,IN,Marion,MARION,0,18097,GEORGETOWN,,,,,18097,P::J3709,existing_fips,100.0,1.0
P::J3708,J3708,TX,Jefferson,JEFFERSON,0,48245,LEGEND,,,,,48245,P::J3708,existing_fips,100.0,1.0
P::J3707,J3707,IN,Putnam,PUTNAM,0,18133,OTHER_,,,,,18133,P::J3707,existing_fips,100.0,1.0
P::J3706,J3706,AR,Mississippi,MISSISSIPPI,0,05093,GILMORE WILSON 161 0KV,,,,,05093,P::J3706,existing_fips,100.0,1.0
P::J3705,J3705,MN,Redwood,REDWOOD,0,27127,CEDAR MOUNTAIN LYON COUNTY 345 0KV,,,,,27127,P::J3705,existing_fips,100.0,1.0
P::J3670,J3670,IL,Lasalle,LASALLE,0,17099,CORBIN 138KV,,,,,17099,P::J3670,existing_fips,100.0,1.0
P::J3704,J3704,MN,Redwood,REDWOOD,0,27127,CEDAR MOUNTAIN LYON COUNTY 345 0KV,,,,,27127,P::J3704,existing_fips,100.0,1.0
P::J3702,J3702,IA,Mitchell,MITCHELL,0,19131,ADAMS,,,,,19131,P::J3702,existing_fips,100.0,1.0
P::J3701,J3701,IA,Taylor,TAYLOR,0,19173,ORIENT NORTHBORO 345 0KV,,,,,19173,P::J3701,existing_fips,100.0,1.0
P::J3700,J3700,IL,Champaign,CHAMPAIGN,0,17019,7BUNSONVILLE 7SIDNEY 345 0KV,,,,,17019,P::J3700,existing_fips,100.0,1.0
P::J3699,J3699,IL,Henry,HENRY,0,17073,SUB 39 OAK GROVE 345 0KV,,,,,17073,P::J3699,existing_fips,100.0,1.0
P::J3698,J3698,MI,Roscommon,ROSCOMMON,0,26143,HIGGINS MIO DAM 138 0KV,,,,,26143,P::J3698,existing_fips,100.0,1.0
P::J3697,J3697,IN,Jennings,JENNINGS,0,18079,OTHER_,,,,,18079,P::J3697,existing_fips,100.0,1.0
P::J3696,J3696,MI,Montcalm,MONTCALM,0,26117,NELSON ROAD VERGENNES 345 0KV,,,,,26117,P::J3696,existing_fips,100.0,1.0
P::J3695,J3695,IL,Clark,CLARK,0,17023,7CASEY 7SNYDER 345 0KV,,,,,17023,P::J3695,existing_fips,100.0,1.0
P::J3694,J3694,IN,Vermillion,VERMILLION,0,18165,SUGAR CREEK CAYUGA CT 345 0KV,,,,,18165,P::J3694,existing_fips,100.0,1.0
P::J3703,J3703,MN,Itasca,ITASCA,0,27061,BLACKBERRY 230 115KV,,,,,27061,P::J3703,existing_fips,100.0,1.0
P::J3714,J3714,MS,Scott,SCOTT,0,28123,HOMEWOOD 69 LAKE 69 0KV,,,,,28123,P::J3714,existing_fips,100.0,1.0
P::J3669,J3669,MN,Stevens,STEVENS,0,27149,BIG STONE SOUTH ALEXANDRIA 345 0KV,,,,,27149,P::J3669,existing_fips,100.0,1.0
P::J3667,J3667,ND,Dickey,DICKEY,0,38021,OTHER_,,,,,38021,P::J3667,existing_fips,100.0,1.0
P::J3642,J3642,MI,Dickinson,DICKINSON,0,26043,NORDIC,,,,,26043,P::J3642,existing_fips,100.0,1.0
P::J3641,J3641,MI,Dickinson,DICKINSON,0,26043,AMBERG PLAINS 138 0KV,,,,,26043,P::J3641,existing_fips,100.0,1.0
P::J3640,J3640,MI,Shiawassee,SHIAWASSEE,0,26155,NELSON ROAD STYX 345 0KV,,,,,26155,P::J3640,existing_fips,100.0,1.0
P::J3639,J3639,WI,Columbia,COLUMBIA,0,55021,COLUMBIA ROCKDALE 345 0KV,,,,,55021,P::J3639,existing_fips,100.0,1.0
P::J3638,J3638,MI,Dickinson,DICKINSON,0,26043,AMBERG PLAINS 138 0KV,,,,,26043,P::J3638,existing_fips,100.0,1.0
P::J3637,J3637,MI,Otsego,OTSEGO,0,26137,LIVINGSTON TITTABAWASSEE 345 0KV,,,,,26137,P::J3637,existing_fips,100.0,1.0
P::J3636,J3636,MI,Tuscola,TUSCOLA,0,26157,BAUER,,,,,26157,P::J3636,existing_fips,100.0,1.0
P::J3635,J3635,MI,Kent,KENT,0,26081,GAINES,,,,,26081,P::J3635,existing_fips,100.0,1.0
P::J3634,J3634,MI,Gratiot,GRATIOT,0,26057,NELSON ROAD,,,,,26057,P::J3634,existing_fips,100.0,1.0
P::J3633,J3633,MI,Sanilac,SANILAC,0,26151,GREENWOOD RAPSON BANNER 345 0KV,,,,,26151,P::J3633,existing_fips,100.0,1.0
P::J3632,J3632,AR,Cleveland,CLEVELAND,0,05025,TEXAS EASTERN P S G SS FORDYCE ORIENT SS 115 0KV,,,,,05025,P::J3632,existing_fips,100.0,1.0
P::J3631,J3631,LA,Vermilion Parish,VERMILION,0,22113,GUEYDAN TAP MORSE 69 0KV,,,,,22113,P::J3631,existing_fips,100.0,1.0
P::J3630,J3630,LA,East Feliciana Parish,EAST FELICIANA,0,22037,MOLER COLFEL 230 0KV,,,,,22037,P::J3630,existing_fips,100.0,1.0
P::J3629,J3629,MS,Bolivar,BOLIVAR,0,28011,DELTA SWYD DREW MS 115 0KV,,,,,28011,P::J3629,existing_fips,100.0,1.0
P::J3628,J3628,MS,Jefferson,JEFFERSON,0,28063,FRANKLIN EHV GRAND GULF TRANSMISSION 500 0KV,,,,,28063,P::J3628,existing_fips,100.0,1.0
P::J3627,J3627,AR,Craighead,CRAIGHEAD,0,05031,JONESBORO APL CASH 161 0KV,,,,,05031,P::J3627,existing_fips,100.0,1.0
P::J3626,J3626,AR,Craighead,CRAIGHEAD,0,05031,INDEPENDENCE ISES POWERLINE ROAD 500 0KV,,,,,05031,P::J3626,existing_fips,100.0,1.0
P::J3625,J3625,LA,Winn Parish,WINN,0,22127,JELD WEN WINNFIELD 115 SUB 115 0KV,,,,,22127,P::J3625,existing_fips,100.0,1.0
P::J3624,J3624,AR,Columbia,COLUMBIA,0,05027,MAGNOLIA SOUTH SHULER 115 0KV,,,,,05027,P::J3624,existing_fips,100.0,1.0
P::J3643,J3643,MI,Midland,MIDLAND,0,26111,REDSTONE TITTABAWASSEE 138 0KV,,,,,26111,P::J3643,existing_fips,100.0,1.0
P::J3644,J3644,MI,Bay,BAY,0,26017,OTHER_,,,,,26017,P::J3644,existing_fips,100.0,1.0
P::J3645,J3645,MI,Huron,HURON,0,26063,RAPSON,,,,,26063,P::J3645,existing_fips,100.0,1.0
P::J3646,J3646,MI,St. Clair,SAINT CLAIR,0,26147,ST CLAIR,,,,,26147,P::J3646,existing_fips,100.0,1.0
P::J3666,J3666,IN,Morgan,MORGAN,0,18109,PETERSBURG THOMPSON 345 0KV,,,,,18109,P::J3666,existing_fips,100.0,1.0
P::J3665,J3665,MN,Redwood,REDWOOD,0,27127,REDWOOD FALLS TAP REDWOOD FALLS WEST 115 0KV,,,,,27127,P::J3665,existing_fips,100.0,1.0
P::J3664,J3664,IN,Lagrange,LAGRANGE,0,18087,OTHER_,,,,,18087,P::J3664,existing_fips,100.0,1.0
P::J3663,J3663,LA,Morehouse Parish,MOREHOUSE,0,22067,OAK RIDGE LA STERLINGTON 115 SWYD 115 0KV,,,,,22067,P::J3663,existing_fips,100.0,1.0
P::J3662,J3662,IL,Monroe,MONROE,0,17133,VALMEYER 138KV,,,,,17133,P::J3662,existing_fips,100.0,1.0
P::J3661,J3661,IA,Henry,HENRY,0,19087,7MAYWOOD 7SUB T 3 345 0KV,,,,,19087,P::J3661,existing_fips,100.0,1.0
P::J3660,J3660,IL,Rock Island,ROCK ISLAND,0,17161,OAK GROVE 161KV SUB,,,,,17161,P::J3660,existing_fips,100.0,1.0
P::J3659,J3659,LA,Avoyelles Parish,AVOYELLES,0,22009,YELLOW BAYOU,,,,,22009,P::J3659,existing_fips,100.0,1.0
P::J3658,J3658,AR,Clark,CLARK,0,05019,GURDON BEIRNE 115 0KV,,,,,05019,P::J3658,existing_fips,100.0,1.0
P::J3668,J3668,MI,Cheboygan,CHEBOYGAN,0,26031,PORT CALCITE RIGGSVILLE 138 0KV,,,,,26031,P::J3668,existing_fips,100.0,1.0
P::J3657,J3657,MS,Washington,WASHINGTON,0,28151,GREER SOLAR SUBSTATION J1458,,,,,28151,P::J3657,existing_fips,100.0,1.0
P::J3655,J3655,IA,Dallas,DALLAS,0,19049,OVERLAND TRAIL FALLOW AVENUE 345 0KV,,,,,19049,P::J3655,existing_fips,100.0,1.0
P::J3654,J3654,MI,Washtenaw,WASHTENAW,0,26161,LINE TAP ON SUPERIOR WAYNE 120KV LINE AT 42 275480 83 628250,,,,,26161,P::J3654,existing_fips,100.0,1.0
P::J3653,J3653,MI,Washtenaw,WASHTENAW,0,26161,LINE TAP ON SUPERIOR WAYNE 120KV LINE AT 42 275480 83 628250,,,,,26161,P::J3653,existing_fips,100.0,1.0
P::J3652,J3652,MI,Lenawee,LENAWEE,0,26091,BEECHER KNOWLES 138 0KV,,,,,26091,P::J3652,existing_fips,100.0,1.0
P::J3651,J3651,MI,Lenawee,LENAWEE,0,26091,BEECHER KNOWLES 138 0KV,,,,,26091,P::J3651,existing_fips,100.0,1.0
P::J3650,J3650,MI,Genesee,GENESEE,0,26049,BEVERIDGE,,,,,26049,P::J3650,existing_fips,100.0,1.0
P::J3649,J3649,MI,Houghton,HOUGHTON,0,26061,WINONA,,,,,26061,P::J3649,existing_fips,100.0,1.0
P::J3648,J3648,MI,Baraga,BARAGA,0,26013,SILVER RIVER PERCH LAKE 138 0KV,,,,,26013,P::J3648,existing_fips,100.0,1.0
P::J3647,J3647,MI,Gratiot,GRATIOT,0,26057,NELSON ROAD,,,,,26057,P::J3647,existing_fips,100.0,1.0
P::J3656,J3656,MI,Saginaw,SAGINAW,0,26145,BAUER,,,,,26145,P::J3656,existing_fips,100.0,1.0
P::J3622,J3622,AR,Craighead,CRAIGHEAD,0,05031,HERGETT POWERLINE ROAD 161 0KV,,,,,05031,P::J3622,existing_fips,100.0,1.0
P::J3715,J3715,IN,Jackson,JACKSON,0,18071,OTHER_,,,,,18071,P::J3715,existing_fips,100.0,1.0
P::J3717,J3717,MS,Yalobusha,YALOBUSHA,0,28161,ENID TILLATOBA 230 0KV,,,,,28161,P::J3717,existing_fips,100.0,1.0
P::J3783,J3783,AR,Cross,CROSS,0,05037,AECC WYNNE EAST PARKIN 161 0KV,,,,,05037,P::J3783,existing_fips,100.0,1.0
P::J3782,J3782,MI,Saginaw,SAGINAW,0,26145,18MURPHY,,,,,26145,P::J3782,existing_fips,100.0,1.0
P::J3781,J3781,LA,Jefferson Davis Parish,JEFFERSON DAVIS,0,22053,HEBERT SLEMCO HENNING 138 0KV,,,,,22053,P::J3781,existing_fips,100.0,1.0
P::J3780,J3780,IA,Buchanan,BUCHANAN,0,19019,HAZLETON,,,,,19019,P::J3780,existing_fips,100.0,1.0
P::J3779,J3779,KY,Henderson,HENDERSON,0,21101,AB BROWN 345 REID EHV BREC TERMINAL 345 0KV,,,,,21101,P::J3779,existing_fips,100.0,1.0
P::J3778,J3778,MN,Otter Tail,OTTER TAIL,0,27111,FERGUS FALLS MRES WMMPA,,,,,27111,P::J3778,existing_fips,100.0,1.0
P::J3777,J3777,MI,Cheboygan,CHEBOYGAN,0,26031,MC GULPIN RIGGSVILLE MILL CREEK 138 0KV,,,,,26031,P::J3777,existing_fips,100.0,1.0
P::J3776,J3776,MI,Midland,MIDLAND,0,26111,TITTABAWASSEE,,,,,26111,P::J3776,existing_fips,100.0,1.0
P::J3775,J3775,AR,Desha,DESHA,0,05041,DUMAS REED SS 115 0KV,,,,,05041,P::J3775,existing_fips,100.0,1.0
P::J3774,J3774,MS,Sunflower,SUNFLOWER,0,28133,INDIANOLA 230 115 SUB TILLATOBA 230 0KV,,,,,28133,P::J3774,existing_fips,100.0,1.0
P::J3773,J3773,AR,Drew,DREW,0,05043,MONTICELLO EAST REED SS 115 0KV,,,,,05043,P::J3773,existing_fips,100.0,1.0
P::J3772,J3772,MS,Panola,PANOLA,0,28107,BATESVILLE MS MARKS 115 0KV,,,,,28107,P::J3772,existing_fips,100.0,1.0
P::J3771,J3771,LA,Sabine Parish,SABINE,0,22085,FISHER MANY 138 0KV,,,,,22085,P::J3771,existing_fips,100.0,1.0
P::J3770,J3770,IL,Randolph,RANDOLPH,0,17157,THE BALDWIN 345KV SUBSTATION FOUND IN THE DROP DOWN BUT PLEASE NOTE THE POI IS SAME AS J1202 THE P,,,,,17157,P::J3770,existing_fips,100.0,1.0
P::J3769,J3769,MI,Saginaw,SAGINAW,0,26145,MURPHY NELSON ROAD 345 0KV,,,,,26145,P::J3769,existing_fips,100.0,1.0
P::J3768,J3768,TX,Walker,WALKER,0,48471,ROCKY CREEK,,,,,48471,P::J3768,existing_fips,100.0,1.0
P::J3767,J3767,IN,Crawford,CRAWFORD,0,18025,ECKERTY BUECHLER 69 0KV,,,,,18025,P::J3767,existing_fips,100.0,1.0
P::J3766,J3766,IA,Pottawattamie,POTTAWATTAMIE,0,19155,ROLLING HILLS PONY CREEK 345 0KV,,,,,19155,P::J3766,existing_fips,100.0,1.0
P::J3765,J3765,LA,St. James Parish,SAINT JAMES,0,22093,ST JAMES,,,,,22093,P::J3765,existing_fips,100.0,1.0
P::J3784,J3784,WI,Ozaukee,OZAUKEE,0,55089,SAUKVILLE CEDARSAUK,,,,,55089,P::J3784,existing_fips,100.0,1.0
P::J3785,J3785,MI,Kenosha,KENOSHA,0,,PLEASANT PRAIRIE,,,,,,P::J3785,rejected_cross_state,0.0,0.0
P::J3786,J3786,MI,Washtenaw,WASHTENAW,0,26161,COVENTRY 230KV,,,,,26161,P::J3786,existing_fips,100.0,1.0
P::J3787,J3787,ND,Stutsman,STUTSMAN,0,38093,JAMESTOWN 345KV SUBSTATION,,,,,38093,P::J3787,existing_fips,100.0,1.0
P::J3807,J3807,MN,Goodhue,GOODHUE,0,27049,HAMPTON PRAIRIE ISLAND 345 0KV,,,,,27049,P::J3807,existing_fips,100.0,1.0
P::J3806,J3806,MS,Sunflower,SUNFLOWER,0,28133,STEINER CE SHAW SS CE 115 0KV,,,,,28133,P::J3806,existing_fips,100.0,1.0
P::J3805,J3805,IL,Fayette,FAYETTE,0,17051,COFFEEN NORTH RAMSEY EAST 4557,,,,,17051,P::J3805,existing_fips,100.0,1.0
P::J3804,J3804,IN,Putnam,PUTNAM,0,18133,EDWARDSPORT IGCC AMO 345 0KV,,,,,18133,P::J3804,existing_fips,100.0,1.0
P::J3803,J3803,MI,Monroe,MONROE,0,26115,LEMOYNE MAJESTIC 345 0KV,,,,,26115,P::J3803,existing_fips,100.0,1.0
P::J3802,J3802,AR,Phillips,PHILLIPS,0,05107,RITCHIE SWYD TARLETON 230 0KV,,,,,05107,P::J3802,existing_fips,100.0,1.0
P::J3801,J3801,IL,Mercer,MERCER,0,17131,OAK GROVE SANDBURG AMRN 345 0KV,,,,,17131,P::J3801,existing_fips,100.0,1.0
P::J3800,J3800,MI,Baraga,BARAGA,0,26013,SILVER RIVER,,,,,26013,P::J3800,existing_fips,100.0,1.0
P::J3799,J3799,MI,Livingston,LIVINGSTON,0,26093,BLACKFOOT MADRID 345 0KV,,,,,26093,P::J3799,existing_fips,100.0,1.0
P::J3764,J3764,MS,Madison,MADISON,0,28089,ANDES SUBSTATION 230KV,,,,,28089,P::J3764,existing_fips,100.0,1.0
P::J3798,J3798,IA,Winnebago,WINNEBAGO,0,19189,BISON COLBY 345KV,,,,,19189,P::J3798,existing_fips,100.0,1.0
P::J3796,J3796,LA,Calcasieu Parish,CALCASIEU,0,22019,NELSON 230 SWYD,,,,,22019,P::J3796,existing_fips,100.0,1.0
P::J3795,J3795,MO,Knox,KNOX,0,29103,7FABIUS 7MAYWOOD 345 0KV,,,,,29103,P::J3795,existing_fips,100.0,1.0
P::J3794,J3794,KY,Daviess,DAVIESS,0,21059,DAVIESS COUNTY UTICA 69 0KV,,,,,21059,P::J3794,existing_fips,100.0,1.0
P::J3793,J3793,LA,Rapides Parish,RAPIDES,0,22079,EAST LEESVILLE RODEMACHER 230 0KV,,,,,22079,P::J3793,existing_fips,100.0,1.0
P::J3792,J3792,MI,Gratiot,GRATIOT,0,26057,ALMA VESTABURG 138 0KV,,,,,26057,P::J3792,existing_fips,100.0,1.0
P::J3791,J3791,MN,Houston,HOUSTON,0,27055,CALEDONIA,,,,,27055,P::J3791,existing_fips,100.0,1.0
P::J3790,J3790,AR,Lee,LEE,0,05077,MARIANNA WEST HELENA 115 0KV,,,,,05077,P::J3790,existing_fips,100.0,1.0
P::J3789,J3789,IN,Hancock,HANCOCK,0,18059,FOUNTAINTOWN,,,,,18059,P::J3789,existing_fips,100.0,1.0
P::J3788,J3788,AR,Grant,GRANT,0,05053,AECC GRAPEVINE CARTHAGE AR 115 0KV,,,,,05053,P::J3788,existing_fips,100.0,1.0
P::J3797,J3797,IL,Edgar,EDGAR,0,17045,7KANSAS 08SUGCRK 345 0KV,,,,,17045,P::J3797,existing_fips,100.0,1.0
P::J3716,J3716,MS,Holmes,HOLMES,0,28051,INDIANOLA 230 115 SUB MCADAMS EHV 230 0KV,,,,,28051,P::J3716,existing_fips,100.0,1.0
P::J3763,J3763,MI,Wayne,WAYNE,0,26163,DBGEN GIS,,,,,26163,P::J3763,existing_fips,100.0,1.0
P::J3761,J3761,MI,Ogemaw,OGEMAW,0,26129,GALLAGHER TWINING 138 0KV,,,,,26129,P::J3761,existing_fips,100.0,1.0
P::J3736,J3736,MO,Osage,OSAGE,0,29151,LOOSE CREEK,,,,,29151,P::J3736,existing_fips,100.0,1.0
P::J3735,J3735,MI,Genesee,GENESEE,0,26049,BEVERIDGE 138KV,,,,,26049,P::J3735,existing_fips,100.0,1.0
P::J3734,J3734,MI,Oakland,OAKLAND,0,26125,STRATFORD,,,,,26125,P::J3734,existing_fips,100.0,1.0
P::J3733,J3733,IN,Gibson,GIBSON,0,18051,OAKLAND CITY OLD BEN COAL 138 0KV,,,,,18051,P::J3733,existing_fips,100.0,1.0
P::J3732,J3732,IL,Saline,SALINE,0,17165,NILES 138KV J1208 J1209 TO BE BUILT NEAR EXISTING HARCO TAP,,,,,17165,P::J3732,existing_fips,100.0,1.0
P::J3731,J3731,IN,Knox,KNOX,0,18083,EDWARDSPORT VINCENNES 138 0KV,,,,,18083,P::J3731,existing_fips,100.0,1.0
P::J3730,J3730,IL,Macoupin,MACOUPIN,0,17117,MORO 345KV SUBSTATION,,,,,17117,P::J3730,existing_fips,100.0,1.0
P::J3729,J3729,IL,Franklin,FRANKLIN,0,17055,BENTON NORTHWEST,,,,,17055,P::J3729,existing_fips,100.0,1.0
P::J3728,J3728,IL,Franklin,FRANKLIN,0,17055,AMEREN E WEST FRANKFORT FRANKLIN 138 0KV,,,,,17055,P::J3728,existing_fips,100.0,1.0
P::J3727,J3727,IL,Madison,MADISON,0,17119,MISSISSIPPI,,,,,17119,P::J3727,existing_fips,100.0,1.0
P::J3726,J3726,KY,Hancock,HANCOCK,0,21091,SKILLMAN,,,,,21091,P::J3726,existing_fips,100.0,1.0
P::J3725,J3725,IA,Louisa,LOUISA,0,19115,SUB 93 LOUISA SUB T HASKINS 345 0KV,,,,,19115,P::J3725,existing_fips,100.0,1.0
P::J3724,J3724,IN,Vigo,VIGO,0,18167,SANDFORD,,,,,18167,P::J3724,existing_fips,100.0,1.0
P::J3723,J3723,MI,Wexford,WEXFORD,0,26165,KEYSTONE LUDINGTON 345 0KV,,,,,26165,P::J3723,existing_fips,100.0,1.0
P::J3722,J3722,MI,Hillsdale,HILLSDALE,0,26059,COLDWATER MOORE ROAD 138 0KV,,,,,26059,P::J3722,existing_fips,100.0,1.0
P::J3721,J3721,IN,Spencer,SPENCER,0,18147,CULLEY DUBOIS 138 0KV,,,,,18147,P::J3721,existing_fips,100.0,1.0
P::J3720,J3720,MO,Ralls,RALLS,0,29173,5SPALDNG AECI 5PENOCRK 161 0KV,,,,,29173,P::J3720,existing_fips,100.0,1.0
P::J3719,J3719,IN,Miami,MIAMI,0,18103,GREENTOWN WALTON 230 0KV,,,,,18103,P::J3719,existing_fips,100.0,1.0
P::J3718,J3718,IL,Greene,GREENE,0,17061,ROODHOUSE WEST,,,,,17061,P::J3718,existing_fips,100.0,1.0
P::J3737,J3737,IA,Mills,MILLS,0,19129,HASTINGS,,,,,19129,P::J3737,existing_fips,100.0,1.0
P::J3738,J3738,LA,Vermilion Parish,VERMILION,0,22113,GUEYDAN ENTERGY POWER STATION 69KV,,,,,22113,P::J3738,existing_fips,100.0,1.0
P::J3739,J3739,IL,Warren,WARREN,0,17187,138KV LINE TAP BETWEEN GALESBURG MONMOUTH BOULEVARD BUS 348956 AND CASTRO JCT BUS 348917 DISTAN,,,,,17187,P::J3739,existing_fips,100.0,1.0
P::J3740,J3740,IN,Putnam,PUTNAM,0,18133,OTHER_,,,,,18133,P::J3740,existing_fips,100.0,1.0
P::J3760,J3760,LA,Richland Parish,RICHLAND,0,22083,BAXTER WILSON SES SWYD PERRYVILLE 500 SWYD 500 0KV,,,,,22083,P::J3760,existing_fips,100.0,1.0
P::J3759,J3759,IL,Jasper,JASPER,0,17079,NEWTON SWITCHYARD,,,,,17079,P::J3759,existing_fips,100.0,1.0
P::J3758,J3758,MO,Macon,MACON,0,29121,OTHER_,,,,,29121,P::J3758,existing_fips,100.0,1.0
P::J3757,J3757,IA,Dubuque,DUBUQUE,0,19061,SALEM 161KV,,,,,19061,P::J3757,existing_fips,100.0,1.0
P::J3756,J3756,MI,Marquette,MARQUETTE,0,26103,HURON,,,,,26103,P::J3756,existing_fips,100.0,1.0
P::J3755,J3755,IL,Iroquois,IROQUOIS,0,17075,OTHER_,,,,,17075,P::J3755,existing_fips,100.0,1.0
P::J3754,J3754,IL,Iroquois,IROQUOIS,0,17075,OTHER_,,,,,17075,P::J3754,existing_fips,100.0,1.0
P::J3753,J3753,IL,Iroquois,IROQUOIS,0,17075,OTHER_,,,,,17075,P::J3753,existing_fips,100.0,1.0
P::J3752,J3752,MN,Aitkin,AITKIN,0,27001,CROMWELL GRE RIVERTON 115KV,,,,,27001,P::J3752,existing_fips,100.0,1.0
P::J3762,J3762,MN,Clay,CLAY,0,27027,ALEXANDRIA BISON 345 0KV,,,,,27027,P::J3762,existing_fips,100.0,1.0
P::J3751,J3751,IL,Madison,MADISON,0,17119,7COFFEEN 7ROXFORD 345 0KV,,,,,17119,P::J3751,existing_fips,100.0,1.0
P::J3749,J3749,MN,Lyon,LYON,0,27083,LYON COUNTY,,,,,27083,P::J3749,existing_fips,100.0,1.0
P::J3748,J3748,MS,Washington,WASHINGTON,0,28151,GERALD ANDRUS 230KV,,,,,28151,P::J3748,existing_fips,100.0,1.0
P::J3747,J3747,AR,Lonoke,LONOKE,0,05085,WHITE BLUFF EHV KEO EHV 500 0KV,,,,,05085,P::J3747,existing_fips,100.0,1.0
P::J3746,J3746,LA,Grant Parish,GRANT,0,22043,RODEMACHER SHERWOOD 230 0KV,,,,,22043,P::J3746,existing_fips,100.0,1.0
P::J3745,J3745,IN,Dearborn,DEARBORN,0,18029,SUNMAN WEISBURG,,,,,18029,P::J3745,existing_fips,100.0,1.0
P::J3744,J3744,MI,Mason,MASON,0,26105,MICHIGAN POWER PEREMARQUETTE 138 0KV,,,,,26105,P::J3744,existing_fips,100.0,1.0
P::J3743,J3743,MI,Tuscola,TUSCOLA,0,26157,ARROWHEAD,,,,,26157,P::J3743,existing_fips,100.0,1.0
P::J3742,J3742,MN,Otter Tail,OTTER TAIL,0,27111,WAHPETON FERGUS FALLS 230 0KV,,,,,27111,P::J3742,existing_fips,100.0,1.0
P::J3741,J3741,AR,Cleveland,CLEVELAND,0,05025,WOODWARD 115 SUB RISON 115 0KV,,,,,05025,P::J3741,existing_fips,100.0,1.0
P::J3750,J3750,IL,Mercer,MERCER,0,17131,OAK GROVE SANDBURG AMRN 345 0KV,,,,,17131,P::J3750,existing_fips,100.0,1.0
P::J2498,J2498,IN,hamilton,HAMILTON,0,18057,HORTONVILLE NOBLESVILLE LINE 345KV,,,,,18057,P::J2498,exact_state_county,100.0,1.0
P::J3247,J3247,IN,Vigo,VIGO,0,18167,SPELTERVILLE,,,,,18167,P::J3247,existing_fips,100.0,1.0
P::J3245,J3245,KY,Breckinridge,BRECKINRIDGE,0,21027,MEADE COUNTY NEW HARDINSBURG 161 0KV,,,,,21027,P::J3245,existing_fips,100.0,1.0
P::J2753,J2753,LA,east carroll,EAST CARROLL,0,22035,DARNELL TALLULAH 115 0KV,,,,,22035,P::J2753,exact_state_county,100.0,1.0
P::J2752,J2752,MS,montgomery,MONTGOMERY,0,28097,ELLIOTT SS SAWYER SS CE 115 0KV,,,,,28097,P::J2752,exact_state_county,100.0,1.0
P::J2751,J2751,MS,bolivar,BOLIVAR,0,28011,STRINGTOWN,,,,,28011,P::J2751,exact_state_county,100.0,1.0
P::J2750,J2750,AR,phillips,PHILLIPS,0,05107,RITCHIE SWYD TARLETON 230 0KV,,,,,05107,P::J2750,exact_state_county,100.0,1.0
P::J2749,J2749,MN,polk,POLK,0,27119,WINGER 115KV,,,,,27119,P::J2749,exact_state_county,100.0,1.0
P::J2748,J2748,MN,clearwater,CLEARWATER,0,27029,WILTON WINGER 230 0KV,,,,,27029,P::J2748,exact_state_county,100.0,1.0
P::J2747,J2747,IN,greene,GREENE,0,18055,EDWARDSPORT IGCC AMO 345 0KV,,,,,18055,P::J2747,exact_state_county,100.0,1.0
P::J2746,J2746,IN,rush,RUSH,0,18139,BOYD SEXTON,,,,,18139,P::J2746,exact_state_county,100.0,1.0
P::J2745,J2745,MS,humphreys,HUMPHREYS,0,28053,BELZONI BELZONI TAP SS 115 0KV,,,,,28053,P::J2745,exact_state_county,100.0,1.0
P::J2744,J2744,MS,wilkinson,WILKINSON,0,28157,CENTREVILLE,,,,,28157,P::J2744,exact_state_county,100.0,1.0
P::J2743,J2743,LA,washington,WASHINGTON,0,22117,BOGALUSA,,,,,22117,P::J2743,exact_state_county,100.0,1.0
P::J2742,J2742,AR,white,WHITE,0,05145,BEEBE GARNER SS 115 0KV,,,,,05145,P::J2742,exact_state_county,100.0,1.0
P::J2741,J2741,MS,sunflower,SUNFLOWER,0,28133,DELTA SWYD DREW MS 115 0KV,,,,,28133,P::J2741,exact_state_county,100.0,1.0
P::J2740,J2740,MS,bolivar,BOLIVAR,0,28011,DELTA SWYD SHELBY SS 115 0KV,,,,,28011,P::J2740,exact_state_county,100.0,1.0
P::J2739,J2739,KY,ohio,OHIO,0,21183,WILSON,,,,,21183,P::J2739,exact_state_county,100.0,1.0
P::J2738,J2738,IL,rock island,ROCK ISLAND,0,17161,SUB 17,,,,,17161,P::J2738,exact_state_county,100.0,1.0
P::J2737,J2737,LA,sabine,SABINE,0,22085,SHARING SUBSTATION FOR J1890 POI FOR J1890 IS NOT IN THE MTEP22 MODEL YET REFERENCE BUS A 48904,,,,,22085,P::J2737,exact_state_county,100.0,1.0
P::J2736,J2736,MS,bolivar,BOLIVAR,0,28011,ROSEDALE TO STRINGTOWN 115KV,,,,,28011,P::J2736,exact_state_county,100.0,1.0
P::J2735,J2735,LA,ouachita,OUACHITA,0,22073,SELMAN FIELD 69KV SUBSTATION,,,,,22073,P::J2735,exact_state_county,100.0,1.0
P::J2754,J2754,TX,polk,POLK,0,48373,138KV BRAGG SHECO MENARD LINE,,,,,48373,P::J2754,exact_state_county,100.0,1.0
P::J2734,J2734,AR,crittenden,CRITTENDEN,0,05035,GILMORE WILSON 161 0KV,,,,,05035,P::J2734,exact_state_county,100.0,1.0
P::J2755,J2755,AR,pike,PIKE,0,05109,AMITY SS AECC MURFREESBORO EAST 115KV,,,,,05109,P::J2755,exact_state_county,100.0,1.0
P::J2757,J2757,IA,cherokee,CHEROKEE,0,19035,LITTLE SIOUX CLIPPER 161 0KV,,,,,19035,P::J2757,exact_state_county,100.0,1.0
P::J2776,J2776,IN,fulton,FULTON,0,18049,WINAMAC TO BRUCE LAKE 69KV CIRCUIT ID 6913 NIPSCO AREA,,,,,18049,P::J2776,exact_state_county,100.0,1.0
P::J2775,J2775,IN,white,WHITE,0,18181,OTHER_,,,,,18181,P::J2775,exact_state_county,100.0,1.0
P::J2774,J2774,MI,ionia,IONIA,0,26067,OTHER_,,,,,26067,P::J2774,exact_state_county,100.0,1.0
P::J2773,J2773,AR,poinsett,POINSETT,0,05111,NEWPORT FISHER 161KV LINE,,,,,05111,P::J2773,exact_state_county,100.0,1.0
P::J2772,J2772,ND,mercer,MERCER,0,38057,COYOTE SWITCHYARD 345KV SUBSTATION,,,,,38057,P::J2772,exact_state_county,100.0,1.0
P::J2771,J2771,MS,coahoma,COAHOMA,0,28027,6CROSSROADS 337100 6MOONLAKE 337107 230KV,,,,,28027,P::J2771,exact_state_county,100.0,1.0
P::J2770,J2770,LA,grant,GRANT,0,22043,COLFAX MONTGOMERY EES 230KV LINE,,,,,22043,P::J2770,exact_state_county,100.0,1.0
P::J2769,J2769,LA,st. helena,SAINT HELENA,0,22091,AMITE GILLSBURG TAP 115KV,,,,,22091,P::J2769,exact_state_county,100.0,1.0
P::J2768,J2768,MS,bolivar,BOLIVAR,0,28011,SHELBY SS ROUNDAWAY SS CE 115KV LINE,,,,,28011,P::J2768,exact_state_county,100.0,1.0
P::J2767,J2767,TX,liberty,LIBERTY,0,48291,HIGHTOWER RYE 138KV,,,,,48291,P::J2767,exact_state_county,100.0,1.0
P::J2766,J2766,IN,howard,HOWARD,0,18067,OTHER_,,,,,18067,P::J2766,exact_state_county,100.0,1.0
P::J2765,J2765,LA,west carroll,WEST CARROLL,0,22123,DARNELL 115KV,,,,,22123,P::J2765,exact_state_county,100.0,1.0
P::J2764,J2764,AR,craighead,CRAIGHEAD,0,05031,JONESBORO APL CASH 161 0KV,,,,,05031,P::J2764,exact_state_county,100.0,1.0
P::J2763,J2763,MS,bolivar,BOLIVAR,0,28011,CLEVELAND SOUTH STEINER CE 115 0KV,,,,,28011,P::J2763,exact_state_county,100.0,1.0
P::J2762,J2762,IL,tazewell,TAZEWELL,0,17179,4TAZEWELL 4FLINT 138KV,,,,,17179,P::J2762,exact_state_county,100.0,1.0
P::J2761,J2761,MS,marion,MARION,0,28091,COLUMBIA,,,,,28091,P::J2761,exact_state_county,100.0,1.0
P::J2760,J2760,MN,hubbard,HUBBARD,0,27057,BADOURA4 608610 230KV SUBSTATION,,,,,27057,P::J2760,exact_state_county,100.0,1.0
P::J2759,J2759,AR,arkansas,ARKANSAS,0,05001,STUTTGART RICUSKEY WOODWARD 230 SUB 230 0KV,,,,,05001,P::J2759,exact_state_county,100.0,1.0
P::J2758,J2758,AR,jefferson,JEFFERSON,0,05069,STUTTGART RICUSKEY TO WOODWARD 230KV,,,,,05069,P::J2758,exact_state_county,100.0,1.0
P::J2756,J2756,KY,livingston,LIVINGSTON,0,21139,BURNA TAP JOY 69 0KV,,,,,21139,P::J2756,exact_state_county,100.0,1.0
P::J2733,J2733,AR,lawrence,LAWRENCE,0,05075,SWIFTON AECC HOXIE SOUTH 161 0KV,,,,,05075,P::J2733,exact_state_county,100.0,1.0
P::J2732,J2732,MI,ogemaw,OGEMAW,0,26129,GALLAGHER TO TWINNING 138KV,,,,,26129,P::J2732,exact_state_county,100.0,1.0
P::J2731,J2731,MN,olmsted,OLMSTED,0,27109,MAPLE LEAF,,,,,27109,P::J2731,exact_state_county,100.0,1.0
P::J2706,J2706,LA,morehouse,MOREHOUSE,0,22067,BAXTER WILSON SES SWYD PERRYVILLE 500 500KV 181 1 503 0,,,,,22067,P::J2706,exact_state_county,100.0,1.0
P::J2705,J2705,LA,jefferson,JEFFERSON,0,22051,NAPOLEONVILLE 115KV,,,,,22051,P::J2705,exact_state_county,100.0,1.0
P::J2704,J2704,LA,ouachita,OUACHITA,0,22073,CARGAS,,,,,22073,P::J2704,exact_state_county,100.0,1.0
P::J2703,J2703,IL,scott,SCOTT,0,17171,MEREDOSIA 345KV,,,,,17171,P::J2703,exact_state_county,100.0,1.0
P::J2702,J2702,IL,fulton,FULTON,0,17057,IPAVA MACOMB WEST 1429 138KV,,,,,17057,P::J2702,exact_state_county,100.0,1.0
P::J2701,J2701,LA,jefferson davis,JEFFERSON DAVIS,0,22053,COLONIAL WELSH 138,,,,,22053,P::J2701,exact_state_county,100.0,1.0
P::J2700,J2700,LA,calcasieu,CALCASIEU,0,22019,138KV LAKE CHARLES BULK,,,,,22019,P::J2700,exact_state_county,100.0,1.0
P::J2699,J2699,LA,east carroll,EAST CARROLL,0,22035,115KV DARNELL,,,,,22035,P::J2699,exact_state_county,100.0,1.0
P::J2698,J2698,MS,Choctaw,CHOCTAW,0,28019,WOLF CREEK 500KV,,,,,28019,P::J2698,existing_fips,100.0,1.0
P::J2697,J2697,IL,st. clair,SAINT CLAIR,0,17163,7ASTER 7CMDR 345 0KV,,,,,17163,P::J2697,exact_state_county,100.0,1.0
P::J2696,J2696,AR,mississippi,MISSISSIPPI,0,05093,SANDY BAYOU,,,,,05093,P::J2696,exact_state_county,100.0,1.0
P::J2695,J2695,IN,carroll,CARROLL,0,18015,OTHER_,,,,,18015,P::J2695,exact_state_county,100.0,1.0
P::J2694,J2694,IL,christian,CHRISTIAN,0,17021,7COFFEEN 7PANA 345 0KV,,,,,17021,P::J2694,exact_state_county,100.0,1.0
P::J2693,J2693,LA,franklin,FRANKLIN,0,22041,WISNER,,,,,22041,P::J2693,exact_state_county,100.0,1.0
P::J2692,J2692,MS,Choctaw,CHOCTAW,0,28019,WOLF CREEK 500KV,,,,,28019,P::J2692,existing_fips,100.0,1.0
P::J2691,J2691,MO,bollinger,BOLLINGER,0,29017,7RUSH 7BALDWIN 345 0KV,,,,,29017,P::J2691,exact_state_county,100.0,1.0
P::J2690,J2690,IL,washington,WASHINGTON,0,17189,OTHER_,,,,,17189,P::J2690,exact_state_county,100.0,1.0
P::J2689,J2689,TX,liberty,LIBERTY,0,48291,JACINTO 230KV,,,,,48291,P::J2689,exact_state_county,100.0,1.0
P::J2688,J2688,TX,newton,NEWTON,0,48351,NEWTON 138KV,,,,,48351,P::J2688,exact_state_county,100.0,1.0
P::J2707,J2707,LA,assumption,ASSUMPTION,0,22007,PAINCOURTVILLE 115KV,,,,,22007,P::J2707,exact_state_county,100.0,1.0
P::J2708,J2708,LA,ouachita,OUACHITA,0,22073,CARGAS,,,,,22073,P::J2708,exact_state_county,100.0,1.0
P::J2709,J2709,IN,miami,MIAMI,0,18103,DEEDSVILLE 345,,,,,18103,P::J2709,exact_state_county,100.0,1.0
P::J2710,J2710,MI,clinton,CLINTON,0,26037,MULLIKEN JCT CHESTER 69KV,,,,,26037,P::J2710,exact_state_county,100.0,1.0
P::J2730,J2730,MN,jackson,JACKSON,0,27063,JACKSON NORTH 161KV SUBSTATION,,,,,27063,P::J2730,exact_state_county,100.0,1.0
P::J2729,J2729,LA,west baton rouge,WEST BATON ROUGE,0,22121,ADDIS BIG CAJUN 1 230 0KV,,,,,22121,P::J2729,exact_state_county,100.0,1.0
P::J2728,J2728,MN,freeborn,FREEBORN,0,27047,GLENWORTH,,,,,27047,P::J2728,exact_state_county,100.0,1.0
P::J2727,J2727,MS,holmes,HOLMES,0,28051,PICKENS MIDWAY SS CE 115KV,,,,,28051,P::J2727,exact_state_county,100.0,1.0
P::J2726,J2726,MO,montgomery,MONTGOMERY,0,29139,7ENON 7MONTGMRY 345KV,,,,,29139,P::J2726,exact_state_county,100.0,1.0
P::J2725,J2725,MI,ionia,IONIA,0,26067,MARQUETTE NORTH BELDING 138KV,,,,,26067,P::J2725,exact_state_county,100.0,1.0
P::J2724,J2724,IL,shelby,SHELBY,0,17173,7NEOGA 7HOLLAND 345KV,,,,,17173,P::J2724,exact_state_county,100.0,1.0
P::J2723,J2723,IN,vermillion,VERMILLION,0,18165,EAST WINAMAC MONTICELLO 138KV,,,,,18165,P::J2723,exact_state_county,100.0,1.0
P::J2722,J2722,IN,clinton,CLINTON,0,18023,TAP ON FRANKFORT NEW LONDON 230KV LINE,,,,,18023,P::J2722,exact_state_county,100.0,1.0
P::J2777,J2777,IN,madison,MADISON,0,18095,CADIZ LAPEL BROCKWAY GLASS 69KV,,,,,18095,P::J2777,exact_state_county,100.0,1.0
P::J2721,J2721,MS,panola,PANOLA,0,28107,SENATOBIA SARDIS 115KV LINE,,,,,28107,P::J2721,exact_state_county,100.0,1.0
P::J2719,J2719,MI,gladwin,GLADWIN,0,26051,BARD ROAD 138KV SUBSTATION,,,,,26051,P::J2719,exact_state_county,100.0,1.0
P::J2718,J2718,MO,new madrid,NEW MADRID,0,29143,OTHER_,,,,,29143,P::J2718,exact_state_county,100.0,1.0
P::J2717,J2717,AR,hot spring,HOT SPRING,0,05059,ETTA 500KV SUBSTATION,,,,,05059,P::J2717,exact_state_county,100.0,1.0
P::J2716,J2716,MN,dakota,DAKOTA,0,27037,HAMPTON 345KV,,,,,27037,P::J2716,exact_state_county,100.0,1.0
P::J2715,J2715,LA,acadia,ACADIA,0,22001,ACADIA COLONIAL ACADEMY CO 138 0KV,,,,,22001,P::J2715,exact_state_county,100.0,1.0
P::J2714,J2714,LA,st. landry,SAINT LANDRY,0,22097,EUNICE,,,,,22097,P::J2714,exact_state_county,100.0,1.0
P::J2713,J2713,IL,mercer,MERCER,0,17131,OAK GROVE MERCER CO AMRN,,,,,17131,P::J2713,exact_state_county,100.0,1.0
P::J2712,J2712,IN,vermillion,VERMILLION,0,18165,CLINTON 230,,,,,18165,P::J2712,exact_state_county,100.0,1.0
P::J2711,J2711,IN,porter,PORTER,0,18127,FLINT LAKE SOUTH VALPARAISO 138KV,,,,,18127,P::J2711,exact_state_county,100.0,1.0
P::J2720,J2720,MS,yazoo,YAZOO,0,28163,MIDWAY SS CE YAZOO CITY SS 115 0KV,,,,,28163,P::J2720,exact_state_county,100.0,1.0
P::J2778,J2778,IN,miami,MIAMI,0,18103,DEEDSVILLE NORTH MANCHESTER SWITCHING STA 69KV CIRCUIT NUMBER 6974,,,,,18103,P::J2778,exact_state_county,100.0,1.0
P::J2779,J2779,IN,clinton,CLINTON,0,18023,LAFAYETTE TO MIDDLEFORK 69KV LINE CIRCUIT 6909,,,,,18023,P::J2779,exact_state_county,100.0,1.0
P::J2780,J2780,IN,pulaski,PULASKI,0,18131,STARKE ACTUAL POI IS ON ASPHALTUM TO MEDARYVILLE 69KV CIRCUIT 6919 AN APPENDIX G FACILITY,,,,,18131,P::J2780,exact_state_county,100.0,1.0
P::J2846,J2846,IN,pulaski,PULASKI,0,18131,REYNOLDS BURR OAK 345KV LINE,,,,,18131,P::J2846,exact_state_county,100.0,1.0
P::J2845,J2845,MN,freeborn,FREEBORN,0,27047,ADAMS HAYWARD 161KV,,,,,27047,P::J2845,exact_state_county,100.0,1.0
P::J2844,J2844,KY,henderson,HENDERSON,0,21101,AB BROWN 345 REID EHV BREC TERMINAL 345 0KV,,,,,21101,P::J2844,exact_state_county,100.0,1.0
P::J2843,J2843,IN,hendricks,HENDRICKS,0,18063,QUALITECH 345KV AMO 345KV,,,,,18063,P::J2843,exact_state_county,100.0,1.0
P::J2842,J2842,IL,mason,MASON,0,17125,MASON 138KV,,,,,17125,P::J2842,exact_state_county,100.0,1.0
P::J2841,J2841,AR,independence,INDEPENDENCE,0,05063,INDEPENDENT HOLLAND BOTTOM 500KV,,,,,05063,P::J2841,exact_state_county,100.0,1.0
P::J2840,J2840,MN,olmsted,OLMSTED,0,27109,BYRON 161KV,,,,,27109,P::J2840,exact_state_county,100.0,1.0
P::J2839,J2839,LA,ascension,ASCENSION,0,22005,DONALDSONVILLE TO EVERGREEN 230KV LINE,,,,,22005,P::J2839,exact_state_county,100.0,1.0
P::J2838,J2838,LA,richland,RICHLAND,0,22083,DUNN OAK RIDGE LA 115 0KV,,,,,22083,P::J2838,exact_state_county,100.0,1.0
P::J2837,J2837,IN,jennings,JENNINGS,0,18079,NORTH VERNON MADISON 138KV,,,,,18079,P::J2837,exact_state_county,100.0,1.0
P::J2836,J2836,KY,livingston,LIVINGSTON,0,21139,TAP CUMBERLAND 69 0KV,,,,,21139,P::J2836,exact_state_county,100.0,1.0
P::J2835,J2835,IN,jefferson,JEFFERSON,0,18077,MADISON SCOTTSBURG 138KV,,,,,18077,P::J2835,exact_state_county,100.0,1.0
P::J2834,J2834,WI,fond du lac,FOND DU LAC,0,55039,SOUTH FOND DU LAC NORTH FOND DU LAC 69KV,,,,,55039,P::J2834,exact_state_county,100.0,1.0
P::J2833,J2833,WI,wood,WOOD,0,55141,SIGEL AUBURNDALE TAP Y 107 69KV,,,,,55141,P::J2833,exact_state_county,100.0,1.0
P::J2832,J2832,LA,east carroll,EAST CARROLL,0,22035,DARNELL TALLULAH 115KV,,,,,22035,P::J2832,exact_state_county,100.0,1.0
P::J2831,J2831,LA,natchitoches,NATCHITOCHES,0,22069,COLFAX RODEMACHER 230KV,,,,,22069,P::J2831,exact_state_county,100.0,1.0
P::J2830,J2830,IN,jennings,JENNINGS,0,18079,BREWERSVILLE DABNEY 69KV,,,,,18079,P::J2830,exact_state_county,100.0,1.0
P::J2829,J2829,IN,scott,SCOTT,0,18143,SCOTTSBURG SPEED 69KV,,,,,18143,P::J2829,exact_state_county,100.0,1.0
P::J2828,J2828,AR,pulaski,PULASKI,0,05119,L R 145TH ST WRIGHTSVILLE 115KV,,,,,05119,P::J2828,exact_state_county,100.0,1.0
P::J2847,J2847,IN,starke,STARKE,0,18149,REYNOLDS BURR OAK 345KV LINE,,,,,18149,P::J2847,exact_state_county,100.0,1.0
P::J2848,J2848,IN,hamilton,HAMILTON,0,18057,NOBLESVILLE FALL CREEK AEP 345 0KV,,,,,18057,P::J2848,exact_state_county,100.0,1.0
P::J2849,J2849,IN,pulaski,PULASKI,0,18131,REYNOLDS BURR OAK 345KV LINE,,,,,18131,P::J2849,exact_state_county,100.0,1.0
P::J2850,J2850,AR,chicot,CHICOT,0,05017,BAGBY TO GERALD ANDRUS 230KV,,,,,05017,P::J2850,exact_state_county,100.0,1.0
P::J2870,J2870,WI,sawyer,SAWYER,0,55113,STONE LAKE,,,,,55113,P::J2870,exact_state_county,100.0,1.0
P::J2869,J2869,MS,sunflower,SUNFLOWER,0,28133,GERALDANDRUS SES SWITCHYARD INDIANOLA 230KV,,,,,28133,P::J2869,exact_state_county,100.0,1.0
P::J2868,J2868,WI,jackson,JACKSON,0,55053,ALMA CENTER MERRILLAN DCP 69KV,,,,,55053,P::J2868,exact_state_county,100.0,1.0
P::J2867,J2867,MN,wabasha,WABASHA,0,27157,LAKE CITY A TO ZUMBRO FALLS B,,,,,27157,P::J2867,exact_state_county,100.0,1.0
P::J2866,J2866,AR,nevada,NEVADA,0,05099,MCNEIL 500KV A TO ETTA 500KV B,,,,,05099,P::J2866,exact_state_county,100.0,1.0
P::J2865,J2865,AR,ouachita,OUACHITA,0,05103,EL DORADO EHV MCNEIL EHV 500KV,,,,,05103,P::J2865,exact_state_county,100.0,1.0
P::J2864,J2864,AR,nevada,NEVADA,0,05099,MCNEIL EHV TO ETTA EHV 500KV,,,,,05099,P::J2864,exact_state_county,100.0,1.0
P::J2863,J2863,MN,fillmore,FILLMORE,0,27045,OTHER_,,,,,27045,P::J2863,exact_state_county,100.0,1.0
P::J2862,J2862,AR,bradley,BRADLEY,0,05011,AECC HERMITAGE SOUTH HILO 115KV,,,,,05011,P::J2862,exact_state_county,100.0,1.0
P::J2827,J2827,MS,hinds,HINDS,0,28049,NORRELL 230KV SUBSTATION,,,,,28049,P::J2827,exact_state_county,100.0,1.0
P::J2861,J2861,MN,mower,MOWER,0,27099,ROCHESTER 161KV A TO ADAMS 161KV B,,,,,27099,P::J2861,exact_state_county,100.0,1.0
P::J2859,J2859,AR,lonoke,LONOKE,0,05085,AECC KEO BAUCUM 115KV,,,,,05085,P::J2859,exact_state_county,100.0,1.0
P::J2858,J2858,LA,acadia,ACADIA,0,22001,BAYOU COVE RICHARD 138KV CIRCUIT 2,,,,,22001,P::J2858,exact_state_county,100.0,1.0
P::J2857,J2857,MS,tunica,TUNICA,0,28143,BANKS SS CE HAMBRICK SS CE 115KV,,,,,28143,P::J2857,exact_state_county,100.0,1.0
P::J2856,J2856,MS,jefferson,JEFFERSON,0,28063,FRANKLIN EHV GRAND GULF TRANSMISSION 500KV,,,,,28063,P::J2856,exact_state_county,100.0,1.0
P::J2855,J2855,IN,lawrence,LAWRENCE,0,18093,BEDFORD EDWARDSPORT 138KV LINE,,,,,18093,P::J2855,exact_state_county,100.0,1.0
P::J2854,J2854,AR,white,WHITE,0,05145,GRIFFITHVILLE SERCY PRICE 115KV,,,,,05145,P::J2854,exact_state_county,100.0,1.0
P::J2853,J2853,IL,sangamon,SANGAMON,0,17167,WESTCHESTER 138KV STATION PSSE BUS 343513,,,,,17167,P::J2853,exact_state_county,100.0,1.0
P::J2852,J2852,SD,roberts,ROBERTS,0,46109,BROWNS VALLEY 230KV SUBSTATION,,,,,46109,P::J2852,exact_state_county,100.0,1.0
P::J2851,J2851,TX,walker,WALKER,0,48471,ROCKY CREEK,,,,,48471,P::J2851,exact_state_county,100.0,1.0
P::J2860,J2860,LA,beauregard,BEAUREGARD,0,22011,ROY S NELSON DERIDDER MILL 138KV,,,,,22011,P::J2860,exact_state_county,100.0,1.0
P::J2687,J2687,IN,hancock,HANCOCK,0,18059,SUNNYSIDE TO GWYNNEVILLE 345KV LINE,,,,,18059,P::J2687,exact_state_county,100.0,1.0
P::J2826,J2826,IN,greene,GREENE,0,18055,SANDBORN PRIMARY WORTHINGTON PRIMARY 161 0KV,,,,,18055,P::J2826,exact_state_county,100.0,1.0
P::J2824,J2824,MS,yazoo,YAZOO,0,28163,PICKEN MIDWAY SS CE 115KV,,,,,28163,P::J2824,exact_state_county,100.0,1.0
P::J2799,J2799,MI,van buren,VAN BUREN,0,26159,ARGENTA PALISADES 345 0KV,,,,,26159,P::J2799,exact_state_county,100.0,1.0
P::J2798,J2798,IN,white,WHITE,0,18181,E WINAMAC MONTICELLO 138KV LINE,,,,,18181,P::J2798,exact_state_county,100.0,1.0
P::J2797,J2797,IL,white,WHITE,0,17193,NORRIS CITY NORTH,,,,,17193,P::J2797,exact_state_county,100.0,1.0
P::J2796,J2796,AR,jackson,JACKSON,0,05067,NEWPORT AB CASH 161KV,,,,,05067,P::J2796,exact_state_county,100.0,1.0
P::J2795,J2795,LA,lincoln,LINCOLN,0,22061,DOWNSVILLE,,,,,22061,P::J2795,exact_state_county,100.0,1.0
P::J2794,J2794,IL,fayette,FAYETTE,0,17051,A TAP ON KINMUNDY OTEGO 138KV LINE,,,,,17051,P::J2794,exact_state_county,100.0,1.0
P::J2793,J2793,IL,saline,SALINE,0,17165,MUDDY,,,,,17165,P::J2793,exact_state_county,100.0,1.0
P::J2792,J2792,LA,concordia,CONCORDIA,0,22029,PERSIMMON MILL RED GUM 115KV LINE,,,,,22029,P::J2792,exact_state_county,100.0,1.0
P::J2791,J2791,LA,lafayette,LAFAYETTE,0,22055,DOC BONIN 69KV,,,,,22055,P::J2791,exact_state_county,100.0,1.0
P::J2790,J2790,IL,christian,CHRISTIAN,0,17021,7PANA 7AUSTIN 345KV,,,,,17021,P::J2790,exact_state_county,100.0,1.0
P::J2789,J2789,IL,jasper,JASPER,0,17079,4NEWTON 4ROBNSNAM 138KV,,,,,17079,P::J2789,exact_state_county,100.0,1.0
P::J2788,J2788,MI,wayne,WAYNE,0,26163,DAYTON 120KV SUBSTATION,,,,,26163,P::J2788,exact_state_county,100.0,1.0
P::J2787,J2787,AR,lee,LEE,0,05077,BRINKLEY EAST AECC AUBREY 230KV,,,,,05077,P::J2787,exact_state_county,100.0,1.0
P::J2786,J2786,MI,allegan,ALLEGAN,0,26005,ARGENTA TALLMADGE 345 0KV,,,,,26005,P::J2786,exact_state_county,100.0,1.0
P::J2785,J2785,AR,calhoun,CALHOUN,0,05013,EL DORADO SHERIDAN 500KV,,,,,05013,P::J2785,exact_state_county,100.0,1.0
P::J2784,J2784,IL,sangamon,SANGAMON,0,17167,TURNER 345KV SUBSTATION,,,,,17167,P::J2784,exact_state_county,100.0,1.0
P::J2783,J2783,IN,white,WHITE,0,18181,MONTICELLO 69KV ACUTAL POI IS A TAP ON GUERNSEY MONON CIRCUIT 6907 AN APPENDIX G FACILITY,,,,,18181,P::J2783,exact_state_county,100.0,1.0
P::J2782,J2782,IN,newton,NEWTON,0,18111,KENTLAND MOROCCO 69KV,,,,,18111,P::J2782,exact_state_county,100.0,1.0
P::J2781,J2781,IN,jasper,JASPER,0,18073,OTHER_,,,,,18073,P::J2781,exact_state_county,100.0,1.0
P::J2800,J2800,AR,columbia,COLUMBIA,0,05027,EL DORADO EHV SAREPTA 345 115KV SW STA 345KV,,,,,05027,P::J2800,exact_state_county,100.0,1.0
P::J2801,J2801,AR,woodruff,WOODRUFF,0,05147,AECC HUNTER NORTH MCCRORY 161 0KV,,,,,05147,P::J2801,exact_state_county,100.0,1.0
P::J2802,J2802,LA,beauregard,BEAUREGARD,0,22011,SINGER J1424 TO PENTON 230KV LINE,,,,,22011,P::J2802,exact_state_county,100.0,1.0
P::J2803,J2803,MS,carroll,CARROLL,0,28015,WINONA 3WINONA 337060 CARROLLTON 3CARROLLTON 337056 115KV,,,,,28015,P::J2803,exact_state_county,100.0,1.0
P::J2823,J2823,IN,jefferson,JEFFERSON,0,18077,MADISON WEST 138KV SUBSTATION,,,,,18077,P::J2823,exact_state_county,100.0,1.0
P::J2822,J2822,MI,van buren,VAN BUREN,0,26159,PALISADES VERGENNES 345 0KV,,,,,26159,P::J2822,exact_state_county,100.0,1.0
P::J2821,J2821,KY,crittenden,CRITTENDEN,0,21055,SULLIVAN MARION JCT 69KV,,,,,21055,P::J2821,exact_state_county,100.0,1.0
P::J2820,J2820,KY,daviess,DAVIESS,0,21059,BON HARBOR TAP STANLEY TAP 69KV,,,,,21059,P::J2820,exact_state_county,100.0,1.0
P::J2819,J2819,LA,red river,RED RIVER,0,22081,RINGGOLD CARROLL CLECO 115 0KV,,,,,22081,P::J2819,exact_state_county,100.0,1.0
P::J2818,J2818,AR,ouachita,OUACHITA,0,05103,AECC CAMDEN SOUTH STEPHENS 115 0KV,,,,,05103,P::J2818,exact_state_county,100.0,1.0
P::J2817,J2817,TX,liberty,LIBERTY,0,48291,BATISTE CREEK 230KV SUBSTATION,,,,,48291,P::J2817,exact_state_county,100.0,1.0
P::J2816,J2816,LA,ouachita,OUACHITA,0,22073,RILLA RIVERTON 115 0KV,,,,,22073,P::J2816,exact_state_county,100.0,1.0
P::J2815,J2815,MI,calhoun,CALHOUN,0,26025,ARGENTA VERONA 138 0KV,,,,,26025,P::J2815,exact_state_county,100.0,1.0
P::J2825,J2825,MS,panola,PANOLA,0,28107,COMO CRENSHAW 115KV,,,,,28107,P::J2825,exact_state_county,100.0,1.0
P::J2814,J2814,MI,kalamazoo,KALAMAZOO,0,26077,ARGENTA MORROW 138 0KV,,,,,26077,P::J2814,exact_state_county,100.0,1.0
P::J2812,J2812,MI,hillsdale,HILLSDALE,0,26059,MOORE ROAD,,,,,26059,P::J2812,exact_state_county,100.0,1.0
P::J2811,J2811,IA,cerro gordo,CERRO GORDO,0,19033,KILLDEER,,,,,19033,P::J2811,exact_state_county,100.0,1.0
P::J2810,J2810,IA,cerro gordo,CERRO GORDO,0,19033,KILLDEER 345 161 SUB EMERY STATION 161 OUTLET,,,,,19033,P::J2810,exact_state_county,100.0,1.0
P::J2809,J2809,IL,iroquois,IROQUOIS,0,17075,4GILMAN 4PAXTON E 138KV,,,,,17075,P::J2809,exact_state_county,100.0,1.0
P::J2808,J2808,IL,fayette,FAYETTE,0,17051,RAMSEY EAST 138 SUB CO LOCATED WITH DRESSOR AND SWITCHGRASS,,,,,17051,P::J2808,exact_state_county,100.0,1.0
P::J2807,J2807,MI,ingham,INGHAM,0,26065,DELHI TO TOMPKINS 138KV,,,,,26065,P::J2807,exact_state_county,100.0,1.0
P::J2806,J2806,MO,warren,WARREN,0,29219,WARRENTON 161KV SUBSTATION,,,,,29219,P::J2806,exact_state_county,100.0,1.0
P::J2805,J2805,IN,fountain,FOUNTAIN,0,18045,VEEDERSBURG WEST 230 SUBSTATION,,,,,18045,P::J2805,exact_state_county,100.0,1.0
P::J2804,J2804,LA,west carroll,WEST CARROLL,0,22123,OAK GROVE GALION 115KV TAP,,,,,22123,P::J2804,exact_state_county,100.0,1.0
P::J2813,J2813,MI,saginaw,SAGINAW,0,26145,SLATE GOSS 345KV LINE,,,,,26145,P::J2813,exact_state_county,100.0,1.0
P::J2686,J2686,IA,muscatine,MUSCATINE,0,19139,WALCOTT 345KV,,,,,19139,P::J2686,exact_state_county,100.0,1.0
P::J2685,J2685,MS,sharkey,SHARKEY,0,28125,ROLLING FORK,,,,,28125,P::J2685,exact_state_county,100.0,1.0
P::J2684,J2684,MI,st. clair,SAINT CLAIR,0,26147,BUNCE,,,,,26147,P::J2684,exact_state_county,100.0,1.0
P::J2565,J2565,IL,iroquois,IROQUOIS,0,17075,4GILMAN 4PAXTON E 138KV,,,,,17075,P::J2565,exact_state_county,100.0,1.0
P::J2564,J2564,IN,montgomery,MONTGOMERY,0,18107,138KV CRAWFORDSVILLE,,,,,18107,P::J2564,exact_state_county,100.0,1.0
P::J2563,J2563,MN,cottonwood,COTTONWOOD,0,27033,CRANDAL,,,,,27033,P::J2563,exact_state_county,100.0,1.0
P::J2562,J2562,AR,arkansas,ARKANSAS,0,05001,DEWITT DELUCE,,,,,05001,P::J2562,exact_state_county,100.0,1.0
P::J2561,J2561,MN,yellow medicine,YELLOW MEDICINE,0,27173,HAZEL CREEK,,,,,27173,P::J2561,exact_state_county,100.0,1.0
P::J2560,J2560,MS,sunflower,SUNFLOWER,0,28133,CLEVELAND SOUTH STEINER CE 115 0KV,,,,,28133,P::J2560,exact_state_county,100.0,1.0
P::J2559,J2559,WI,wood,WOOD,0,55141,ARPIN,,,,,55141,P::J2559,exact_state_county,100.0,1.0
P::J2558,J2558,MS,sunflower,SUNFLOWER,0,28133,DELTA MS RULEVILLE 115KV LINE,,,,,28133,P::J2558,exact_state_county,100.0,1.0
P::J2557,J2557,WI,wood,WOOD,0,55141,ARPIN,,,,,55141,P::J2557,exact_state_county,100.0,1.0
P::J2556,J2556,IL,whiteside,WHITESIDE,0,17195,SUB 39 CORDOVA 345 0KV,,,,,17195,P::J2556,exact_state_county,100.0,1.0
P::J2555,J2555,MI,ingham,INGHAM,0,26065,DELHI TO TOMPKINS 138KV,,,,,26065,P::J2555,exact_state_county,100.0,1.0
P::J2554,J2554,IL,putnam,PUTNAM,0,17155,PUTNAM,,,,,17155,P::J2554,exact_state_county,100.0,1.0
P::J2553,J2553,IA,cerro gordo,CERRO GORDO,0,19033,KILLDEER,,,,,19033,P::J2553,exact_state_county,100.0,1.0
P::J2552,J2552,IL,whiteside,WHITESIDE,0,17195,SUB 39 CORDOVA 345 0KV,,,,,17195,P::J2552,exact_state_county,100.0,1.0
P::J2551,J2551,IL,putnam,PUTNAM,0,17155,PUTNAM,,,,,17155,P::J2551,exact_state_county,100.0,1.0
P::J2550,J2550,MN,yellow medicine,YELLOW MEDICINE,0,27173,HAZEL CREEK,,,,,27173,P::J2550,exact_state_county,100.0,1.0
P::J2549,J2549,MO,clark,CLARK,0,29045,SUB T TO MAYWOOD 345KV LINE,,,,,29045,P::J2549,exact_state_county,100.0,1.0
P::J2548,J2548,KY,mccracken,MCCRACKEN,0,21145,BRYAN ROAD MCCRACKEN COUNTY 161 0KV,,,,,21145,P::J2548,exact_state_county,100.0,1.0
P::J2547,J2547,KY,mccracken,MCCRACKEN,0,21145,BRYAN ROAD MCCRACKEN COUNTY 161 0KV,,,,,21145,P::J2547,exact_state_county,100.0,1.0
P::J2566,J2566,IN,daviess,DAVIESS,0,18027,GIBSON STA BEDFORD 345 345 0KV,,,,,18027,P::J2566,exact_state_county,100.0,1.0
P::J2567,J2567,MI,saginaw,SAGINAW,0,26145,KENOWA LUDINGTON 345 0KV,,,,,26145,P::J2567,exact_state_county,100.0,1.0
P::J2568,J2568,LA,acadia,ACADIA,0,22001,HABETZ SELLERS ROAD 138KV LINE,,,,,22001,P::J2568,exact_state_county,100.0,1.0
P::J2569,J2569,MN,st. louis,SAINT LOUIS,0,27137,ARROWHEAD 115KV SUBSTATION,,,,,27137,P::J2569,exact_state_county,100.0,1.0
P::J2589,J2589,MI,eaton,EATON,0,26045,TOMPKINS VROOMAN 138 0KV,,,,,26045,P::J2589,exact_state_county,100.0,1.0
P::J2588,J2588,MI,jackson,JACKSON,0,26075,TOMPKINS VROOMAN 138 0KV,,,,,26075,P::J2588,exact_state_county,100.0,1.0
P::J2587,J2587,IL,jefferson,JEFFERSON,0,17081,SUGAR CREEK CAYUGA CT 345 0KV,,,,,17081,P::J2587,exact_state_county,100.0,1.0
P::J2586,J2586,IN,clark,CLARK,0,18019,SPEED 345,,,,,18019,P::J2586,exact_state_county,100.0,1.0
P::J2585,J2585,IN,greene,GREENE,0,18055,WORTHINGTON PRIMARY MEROM PRIMARY 345KV LINE,,,,,18055,P::J2585,exact_state_county,100.0,1.0
P::J2584,J2584,MO,warren,WARREN,0,29219,WARRENTON 161KV SUBSTATION,,,,,29219,P::J2584,exact_state_county,100.0,1.0
P::J2583,J2583,MI,eaton,EATON,0,26045,BATTLE CREEK ISLAND ROAD 138KV LINE,,,,,26045,P::J2583,exact_state_county,100.0,1.0
P::J2582,J2582,IN,clark,CLARK,0,18019,SPEED 138KV SUBSTATION,,,,,18019,P::J2582,exact_state_county,100.0,1.0
P::J2581,J2581,IN,ripley,RIPLEY,0,18137,BATESVILLE 138KV SUBSTATION,,,,,18137,P::J2581,exact_state_county,100.0,1.0
P::J2546,J2546,SD,deuel,DEUEL,0,46039,ASTORIA 345KV,,,,,46039,P::J2546,exact_state_county,100.0,1.0
P::J2580,J2580,LA,winn,WINN,0,22127,MONTGOMERY TO WINNFIELD 230KV,,,,,22127,P::J2580,exact_state_county,100.0,1.0
P::J2578,J2578,MI,tuscola,TUSCOLA,0,26157,KARN THETFORD ATLANTA 138 0KV,,,,,26157,P::J2578,exact_state_county,100.0,1.0
P::J2577,J2577,AR,cross,CROSS,0,05037,PARKIN,,,,,05037,P::J2577,exact_state_county,100.0,1.0
P::J2576,J2576,IA,henry,HENRY,0,19087,DENMARK NEWPORT 161KV,,,,,19087,P::J2576,exact_state_county,100.0,1.0
P::J2575,J2575,IL,tazewell,TAZEWELL,0,17179,CINCINNATI 138KV SUBSTATION,,,,,17179,P::J2575,exact_state_county,100.0,1.0
P::J2574,J2574,AR,arkansas,ARKANSAS,0,05001,STUTTGART RICUSKEY WOODWARD 230 SUB 230 0KV,,,,,05001,P::J2574,exact_state_county,100.0,1.0
P::J2573,J2573,IN,washington,WASHINGTON,0,18175,GALLAGHER TO BEDFORD 138KV LINE,,,,,18175,P::J2573,exact_state_county,100.0,1.0
P::J2572,J2572,IN,hamilton,HAMILTON,0,18057,NOBLESVILLE DUKE HORTONVILLE DUKE 345 0KV,,,,,18057,P::J2572,exact_state_county,100.0,1.0
P::J2571,J2571,MS,tunica,TUNICA,0,28143,J866 SIX MILE LAKE SUBSTATION,,,,,28143,P::J2571,exact_state_county,100.0,1.0
P::J2570,J2570,LA,lafourche,LAFOURCHE,0,22057,THIBODAUX 230KV SUBSTATION,,,,,22057,P::J2570,exact_state_county,100.0,1.0
P::J2579,J2579,IL,tazewell,TAZEWELL,0,17179,CINCINNATI 138KV SUBSTATION,,,,,17179,P::J2579,exact_state_county,100.0,1.0
P::J2590,J2590,MI,huron,HURON,0,26063,STEIN RAPSON 345KV LINE,,,,,26063,P::J2590,exact_state_county,100.0,1.0
P::J2545,J2545,IA,buchanan,BUCHANAN,0,19019,DUANE ARNOLD,,,,,19019,P::J2545,exact_state_county,100.0,1.0
P::J2543,J2543,LA,beauregard,BEAUREGARD,0,22011,WEST BAY CENTENNIAL 138KV,,,,,22011,P::J2543,exact_state_county,100.0,1.0
P::J2518,J2518,ND,lamoure,LAMOURE,0,38045,JAMESTOWN 345KV,,,,,38045,P::J2518,exact_state_county,100.0,1.0
P::J2517,J2517,AR,lee,LEE,0,05077,AECC AUBREY TO BRINKLEY EAST 230KV,,,,,05077,P::J2517,exact_state_county,100.0,1.0
P::J2516,J2516,AR,jefferson,JEFFERSON,0,05069,WHITE BLUFF EHV 500KV,,,,,05069,P::J2516,exact_state_county,100.0,1.0
P::J2515,J2515,AR,jefferson,JEFFERSON,0,05069,WHITE BLUFF EHV 500KV,,,,,05069,P::J2515,exact_state_county,100.0,1.0
P::J2514,J2514,IN,pike,PIKE,0,18125,GIBSON STA TO PETERSBURG IP L 345KV,,,,,18125,P::J2514,exact_state_county,100.0,1.0
P::J2513,J2513,IN,vigo,VIGO,0,18167,WABASH RIVER WHITESVILLE SOUTH 230KV,,,,,18167,P::J2513,exact_state_county,100.0,1.0
P::J2512,J2512,IN,kosciusko,KOSCIUSKO,0,18085,LEESBURG 345KV,,,,,18085,P::J2512,exact_state_county,100.0,1.0
P::J2511,J2511,AR,conway,CONWAY,0,05029,PLEASANT HILL 500KV SUBSTATION,,,,,05029,P::J2511,exact_state_county,100.0,1.0
P::J2510,J2510,AR,jefferson,JEFFERSON,0,05069,STUTTGART RCUSKEY WOODWARD 230KV,,,,,05069,P::J2510,exact_state_county,100.0,1.0
P::J2509,J2509,IN,tippecanoe,TIPPECANOE,0,18157,WESTWOOD 345KV,,,,,18157,P::J2509,exact_state_county,100.0,1.0
P::J2508,J2508,LA,webster,WEBSTER,0,22119,EL DORADO EHV SAREPTA 345KV,,,,,22119,P::J2508,exact_state_county,100.0,1.0
P::J2507,J2507,IN,pike,PIKE,0,18125,GIBSON STA TO PETERSBURG IP L 345KV,,,,,18125,P::J2507,exact_state_county,100.0,1.0
P::J2506,J2506,MO,boone,BOONE,0,29019,5BOLSTAD 161KV SUBSTATION,,,,,29019,P::J2506,exact_state_county,100.0,1.0
P::J2505,J2505,LA,beauregard,BEAUREGARD,0,22011,BON WIER TO COOPER 138KV,,,,,22011,P::J2505,exact_state_county,100.0,1.0
P::J2504,J2504,IL,coles,COLES,0,17029,MATTOON EAST 138KV,,,,,17029,P::J2504,exact_state_county,100.0,1.0
P::J2503,J2503,LA,lincoln,LINCOLN,0,22061,DOWNSVILLE RUSTON EAST 115KV,,,,,22061,P::J2503,exact_state_county,100.0,1.0
P::J2502,J2502,ND,morton,MORTON,0,38059,SQUARE BUTTE 230KV SUBSTATION EAST,,,,,38059,P::J2502,exact_state_county,100.0,1.0
P::J2501,J2501,MN,goodhue,GOODHUE,0,27049,NORTH ROCHESTER,,,,,27049,P::J2501,exact_state_county,100.0,1.0
P::J2500,J2500,LA,beauregard,BEAUREGARD,0,22011,BON WIER TO COOPER 138KV,,,,,22011,P::J2500,exact_state_county,100.0,1.0
P::J2519,J2519,LA,richland,RICHLAND,0,22083,SMALLING,,,,,22083,P::J2519,exact_state_county,100.0,1.0
P::J2520,J2520,WI,adams,ADAMS,0,55001,SARATOGA ACEC BADGER WEST 138KV,,,,,55001,P::J2520,exact_state_county,100.0,1.0
P::J2521,J2521,AR,poinsett,POINSETT,0,05111,MARKED TREE 161KV,,,,,05111,P::J2521,exact_state_county,100.0,1.0
P::J2522,J2522,AR,mississippi,MISSISSIPPI,0,05093,AECC MANILA DELL EHV 161KV J2089 POI,,,,,05093,P::J2522,exact_state_county,100.0,1.0
P::J2542,J2542,IN,clark,CLARK,0,18019,VESTA RD 138KV,,,,,18019,P::J2542,exact_state_county,100.0,1.0
P::J2541,J2541,KY,graves,GRAVES,0,21083,BRYAN ROAD,,,,,21083,P::J2541,exact_state_county,100.0,1.0
P::J2540,J2540,KY,graves,GRAVES,0,21083,BRYAN ROAD,,,,,21083,P::J2540,exact_state_county,100.0,1.0
P::J2539,J2539,IN,clark,CLARK,0,18019,TRIMBLE LGEE SPEED 345KV,,,,,18019,P::J2539,exact_state_county,100.0,1.0
P::J2538,J2538,IN,clark,CLARK,0,18019,SPEED TRIMBLE LGEE 345 0KV,,,,,18019,P::J2538,exact_state_county,100.0,1.0
P::J2537,J2537,WI,shawano,SHAWANO,0,55115,HIGHWAY 22 345KV SUBSTATION,,,,,55115,P::J2537,exact_state_county,100.0,1.0
P::J2536,J2536,IL,lasalle,LASALLE,0,17099,FOX RIVER OTTAWA 138KV,,,,,17099,P::J2536,exact_state_county,100.0,1.0
P::J2535,J2535,LA,vermilion,VERMILION,0,22113,COOPER LEESVILLE 138KV,,,,,22113,P::J2535,exact_state_county,100.0,1.0
P::J2534,J2534,MI,mason,MASON,0,26105,PERE MARQUETTE 138KV,,,,,26105,P::J2534,exact_state_county,100.0,1.0
P::J2544,J2544,WI,shawano,SHAWANO,0,55115,HIGHWAY 22 345KV SUBSTATION,,,,,55115,P::J2544,exact_state_county,100.0,1.0
P::J2533,J2533,LA,union,UNION,0,22111,BERNICE VIENNA 115KV,,,,,22111,P::J2533,exact_state_county,100.0,1.0
P::J2531,J2531,LA,union,UNION,0,22111,BERNICE VIENNA 115KV,,,,,22111,P::J2531,exact_state_county,100.0,1.0
P::J2530,J2530,IN,clinton,CLINTON,0,18023,THORNTOWN TO KOKOMO HP 230KV,,,,,18023,P::J2530,exact_state_county,100.0,1.0
P::J2529,J2529,LA,rapides,RAPIDES,0,22079,COCODRIE HINESTON 230KV LINE,,,,,22079,P::J2529,exact_state_county,100.0,1.0
P::J2528,J2528,AR,crittenden,CRITTENDEN,0,05035,PARKIN TO KUHN ROAD 161KV,,,,,05035,P::J2528,exact_state_county,100.0,1.0
P::J2527,J2527,LA,allen,ALLEN,0,22003,CANEY 138KV,,,,,22003,P::J2527,exact_state_county,100.0,1.0
P::J2526,J2526,LA,red river,RED RIVER,0,22081,LAYFIELD WESTERN KRAFT 230 0KV,,,,,22081,P::J2526,exact_state_county,100.0,1.0
P::J2525,J2525,LA,morehouse,MOREHOUSE,0,22067,DUNN OAK RIDGE 115KV,,,,,22067,P::J2525,exact_state_county,100.0,1.0
P::J2524,J2524,MO,stoddard,STODDARD,0,29207,5STODDARD 5MORLEY AECI 161KV,,,,,29207,P::J2524,exact_state_county,100.0,1.0
P::J2523,J2523,AR,independence,INDEPENDENCE,0,05063,INDEPENDENCE ISES,,,,,05063,P::J2523,exact_state_county,100.0,1.0
P::J2532,J2532,IL,sangamon,SANGAMON,0,17167,LATHAM,,,,,17167,P::J2532,exact_state_county,100.0,1.0
P::J2871,J2871,AR,mississippi,MISSISSIPPI,0,05093,AECC DELL 161KV NUCOR YAMATO 161KV SWITCHING STATION 161 0KV,,,,,05093,P::J2871,exact_state_county,100.0,1.0
P::J2591,J2591,MS,Choctaw,CHOCTAW,0,28019,WOLF CREEK 500KV,,,,,28019,P::J2591,existing_fips,100.0,1.0
P::J2593,J2593,MO,gasconade,GASCONADE,0,29073,BLAND 138KV SUBSTATION,,,,,29073,P::J2593,exact_state_county,100.0,1.0
P::J2659,J2659,IL,morgan,MORGAN,0,17137,TURNER,,,,,17137,P::J2659,exact_state_county,100.0,1.0
P::J2658,J2658,IL,cumberland,CUMBERLAND,0,17035,7CASEY 7NEWTON 345KV,,,,,17035,P::J2658,exact_state_county,100.0,1.0
P::J2657,J2657,IN,white,WHITE,0,18181,REYNOLDS BURR OAK 345 0KV,,,,,18181,P::J2657,exact_state_county,100.0,1.0
P::J2656,J2656,IL,macon,MACON,0,17115,4LATHAM 4N DEC E 138KV,,,,,17115,P::J2656,exact_state_county,100.0,1.0
P::J2655,J2655,IA,polk,POLK,0,19153,ARMY POST 161KV SUBSTATION,,,,,19153,P::J2655,exact_state_county,100.0,1.0
P::J2654,J2654,IN,clinton,CLINTON,0,18023,FRANKFORT NEW LONDON 230 0KV,,,,,18023,P::J2654,exact_state_county,100.0,1.0
P::J2653,J2653,IA,polk,POLK,0,19153,ARMY POST 161KV SUBSTATION,,,,,19153,P::J2653,exact_state_county,100.0,1.0
P::J2652,J2652,MN,dakota,DAKOTA,0,27037,ROSEMOUNT NININGER GRE 115KV LINE,,,,,27037,P::J2652,exact_state_county,100.0,1.0
P::J2651,J2651,LA,east baton rouge,EAST BATON ROUGE,0,22033,MOLER COLFEL 230 0KV,,,,,22033,P::J2651,exact_state_county,100.0,1.0
P::J2650,J2650,IN,hancock,HANCOCK,0,18059,SUNNYSIDE TO HANNA 345KV,,,,,18059,P::J2650,exact_state_county,100.0,1.0
P::J2649,J2649,AR,lee,LEE,0,05077,WEST MEMPHIS EHV KEO EHV 500KV,,,,,05077,P::J2649,exact_state_county,100.0,1.0
P::J2648,J2648,IL,champaign,CHAMPAIGN,0,17019,SIDNEY 138KV,,,,,17019,P::J2648,exact_state_county,100.0,1.0
P::J2647,J2647,IL,franklin,FRANKLIN,0,17055,WEST FRANKFORT EAST 345KV 7E W FKFT,,,,,17055,P::J2647,exact_state_county,100.0,1.0
P::J2646,J2646,LA,lincoln,LINCOLN,0,22061,REESE 115 TRUSSELS CROSSING LAGEN,,,,,22061,P::J2646,exact_state_county,100.0,1.0
P::J2645,J2645,IL,st. clair,SAINT CLAIR,0,17163,4PREST 4BALDWIN 138 0KV,,,,,17163,P::J2645,exact_state_county,100.0,1.0
P::J2644,J2644,AR,chicot,CHICOT,0,05017,EUDORA CHICKASAW LAGEN 115 0KV,,,,,05017,P::J2644,exact_state_county,100.0,1.0
P::J2643,J2643,LA,washington,WASHINGTON,0,22117,BOGALUSA DEXTER SS CE 115 0KV,,,,,22117,P::J2643,exact_state_county,100.0,1.0
P::J2642,J2642,LA,washington,WASHINGTON,0,22117,BOGALUSA DEXTER SS CE 115 0KV,,,,,22117,P::J2642,exact_state_county,100.0,1.0
P::J2641,J2641,AR,jackson,JACKSON,0,05067,NEWPORT,,,,,05067,P::J2641,exact_state_county,100.0,1.0
P::J2660,J2660,IL,cumberland,CUMBERLAND,0,17035,7CASEY 7NEWTON 345KV,,,,,17035,P::J2660,exact_state_county,100.0,1.0
P::J2661,J2661,IL,marion,MARION,0,17121,7XENIA 7MT VRNON 345KV,,,,,17121,P::J2661,exact_state_county,100.0,1.0
P::J2662,J2662,IL,cumberland,CUMBERLAND,0,17035,7CASEY 7NEWTON 345 0KV,,,,,17035,P::J2662,exact_state_county,100.0,1.0
P::J2663,J2663,IN,white,WHITE,0,18181,REYNOLDS BURR OAK 345KV LINE,,,,,18181,P::J2663,exact_state_county,100.0,1.0
P::J2683,J2683,TX,hardin,HARDIN,0,48199,NEW SUBSTATION ON RYE CO CYPRESS 138KV SAME POI AS J2071,,,,,48199,P::J2683,exact_state_county,100.0,1.0
P::J2682,J2682,AR,jackson,JACKSON,0,05067,INDEPENDENCE ISES NEWPORT 161KV,,,,,05067,P::J2682,exact_state_county,100.0,1.0
P::J2681,J2681,AR,columbia,COLUMBIA,0,05027,SPRINGHILL 115KV A TO TAYLOR 115KV B,,,,,05027,P::J2681,exact_state_county,100.0,1.0
P::J2680,J2680,MO,dunklin,DUNKLIN,0,29069,JIM HILL HAYTI SOUTH 161KV LINE,,,,,29069,P::J2680,exact_state_county,100.0,1.0
P::J2679,J2679,MI,shiawassee,SHIAWASSEE,0,26155,COLFAX TO MADRID 120KV,,,,,26155,P::J2679,exact_state_county,100.0,1.0
P::J2678,J2678,MI,delta,DELTA,0,26041,CHANDLER 138KV,,,,,26041,P::J2678,exact_state_county,100.0,1.0
P::J2677,J2677,MI,st. clair,SAINT CLAIR,0,26147,GREENWOOD 120KV,,,,,26147,P::J2677,exact_state_county,100.0,1.0
P::J2676,J2676,MI,huron,HURON,0,26063,RAPSON STEIN 345 0KV,,,,,26063,P::J2676,exact_state_county,100.0,1.0
P::J2675,J2675,MI,gladwin,GLADWIN,0,26051,BARD ROAD GALLAGHER 138 0KV,,,,,26051,P::J2675,exact_state_county,100.0,1.0
P::J2640,J2640,AR,calhoun,CALHOUN,0,05013,SHERIDAN EHV EL DORADO EHV 500 0KV,,,,,05013,P::J2640,exact_state_county,100.0,1.0
P::J2674,J2674,MI,clinton,CLINTON,0,26037,BINGHAM TO MARQUETTE 138KV,,,,,26037,P::J2674,exact_state_county,100.0,1.0
P::J2672,J2672,MI,shiawassee,SHIAWASSEE,0,26155,BINGHAM CORNELL 138 0KV,,,,,26155,P::J2672,exact_state_county,100.0,1.0
P::J2671,J2671,MI,arenac,ARENAC,0,26011,WHITTEMORE TO TWINING 138KV,,,,,26011,P::J2671,exact_state_county,100.0,1.0
P::J2670,J2670,MI,mason,MASON,0,26105,LUDINGTON TO KEYSTONE 345KV,,,,,26105,P::J2670,exact_state_county,100.0,1.0
P::J2669,J2669,MI,mason,MASON,0,26105,LAKE COUNTY PERE MARQUETTE METC 138 0KV,,,,,26105,P::J2669,exact_state_county,100.0,1.0
P::J2668,J2668,MI,mason,MASON,0,26105,LAKE COUNTY PERE MARQUETTE METC 138 0KV,,,,,26105,P::J2668,exact_state_county,100.0,1.0
P::J2667,J2667,MI,sanilac,SANILAC,0,26151,GREENWOOD RAPSON 345 0KV,,,,,26151,P::J2667,exact_state_county,100.0,1.0
P::J2666,J2666,WI,walworth,WALWORTH,0,55127,BRICK CHURCH 138KV,,,,,55127,P::J2666,exact_state_county,100.0,1.0
P::J2665,J2665,ND,mercer,MERCER,0,38057,COYOTE SWITCHYARD 345KV SUBSTATION,,,,,38057,P::J2665,exact_state_county,100.0,1.0
P::J2664,J2664,IN,montgomery,MONTGOMERY,0,18107,CAYUGA STA NUCOR 345KV LINE,,,,,18107,P::J2664,exact_state_county,100.0,1.0
P::J2673,J2673,MI,clare,CLARE,0,26035,BARD ROAD WARREN 138 0KV,,,,,26035,P::J2673,exact_state_county,100.0,1.0
P::J2592,J2592,MI,tuscola,TUSCOLA,0,26157,THETFORD ATLANTA KARN 138KV LINE,,,,,26157,P::J2592,exact_state_county,100.0,1.0
P::J2639,J2639,AR,bradley,BRADLEY,0,05011,AECC HERMITAGE SOUTH HILO 115 0KV,,,,,05011,P::J2639,exact_state_county,100.0,1.0
P::J2637,J2637,AR,monroe,MONROE,0,05095,COTTON PLANT BRINKLEY WEST 115KV,,,,,05095,P::J2637,exact_state_county,100.0,1.0
P::J2612,J2612,MS,madison,MADISON,0,28089,FLORA 115KV SUBSTATION,,,,,28089,P::J2612,exact_state_county,100.0,1.0
P::J2611,J2611,MI,alcona,ALCONA,0,26001,IOSCO SPRUCE ROAD 138 0KV,,,,,26001,P::J2611,exact_state_county,100.0,1.0
P::J2610,J2610,IL,bond,BOND,0,17005,4GREENVIL TO 4HOOKDALE 138KV,,,,,17005,P::J2610,exact_state_county,100.0,1.0
P::J2609,J2609,WI,waushara,WAUSHARA,0,55137,SAND LAKE,,,,,55137,P::J2609,exact_state_county,100.0,1.0
P::J2608,J2608,MN,stevens,STEVENS,0,27149,HANCOCK 115KV SUBSTATION,,,,,27149,P::J2608,exact_state_county,100.0,1.0
P::J2607,J2607,IL,montgomery,MONTGOMERY,0,17135,REDHAWK 138KV MTEP PROJECT 17976,,,,,17135,P::J2607,exact_state_county,100.0,1.0
P::J2606,J2606,ND,steele,STEELE,0,38091,ALEXANDRIA 345KV,,,,,38091,P::J2606,exact_state_county,100.0,1.0
P::J2605,J2605,ND,steele,STEELE,0,38091,ALEXANDRIA 345KV,,,,,38091,P::J2605,exact_state_county,100.0,1.0
P::J2604,J2604,IL,clinton,CLINTON,0,17027,SOUTH CENTRALIA 138KV,,,,,17027,P::J2604,exact_state_county,100.0,1.0
P::J2603,J2603,IL,mason,MASON,0,17125,4PURO 4HAVANA3 138 0KV,,,,,17125,P::J2603,exact_state_county,100.0,1.0
P::J2602,J2602,MS,desoto,DESOTO,0,28033,TWINKLETOWN 230KV,,,,,28033,P::J2602,exact_state_county,100.0,1.0
P::J2601,J2601,MN,wabasha,WABASHA,0,27157,NORTH ROCHESTER BRIGGS ROAD 345 0KV,,,,,27157,P::J2601,exact_state_county,100.0,1.0
P::J2600,J2600,MN,wabasha,WABASHA,0,27157,WABACO TO ALMA 161KV TAP,,,,,27157,P::J2600,exact_state_county,100.0,1.0
P::J2599,J2599,MN,redwood,REDWOOD,0,27127,LYON COUNTY 345KV SUBSTATION,,,,,27127,P::J2599,exact_state_county,100.0,1.0
P::J2598,J2598,MN,mower,MOWER,0,27099,ADAMS TO HAYWARD 161KV TAP,,,,,27099,P::J2598,exact_state_county,100.0,1.0
P::J2597,J2597,AR,crittenden,CRITTENDEN,0,05035,WEST MEMPHIS 500KV,,,,,05035,P::J2597,exact_state_county,100.0,1.0
P::J2596,J2596,AR,crittenden,CRITTENDEN,0,05035,WEST MEMPHIS 500KV,,,,,05035,P::J2596,exact_state_county,100.0,1.0
P::J2595,J2595,MS,hinds,HINDS,0,28049,LAKEOVER EHV RAY BRASWELL EHV 500KV,,,,,28049,P::J2595,exact_state_county,100.0,1.0
P::J2594,J2594,MS,hinds,HINDS,0,28049,RAY BRASWELL 230KV,,,,,28049,P::J2594,exact_state_county,100.0,1.0
P::J2613,J2613,AR,jackson,JACKSON,0,05067,HOLLAND BOTTOM INDEPENDENCE ISES 500 0KV,,,,,05067,P::J2613,exact_state_county,100.0,1.0
P::J2614,J2614,IL,henry,HENRY,0,17073,MERCER 161KV,,,,,17073,P::J2614,exact_state_county,100.0,1.0
P::J2615,J2615,IN,warren,WARREN,0,18171,FB CULLEY TO DUBOIS TRANSMISSION LINE,,,,,18171,P::J2615,exact_state_county,100.0,1.0
P::J2616,J2616,LA,acadia,ACADIA,0,22001,SCANLAN CAJUN TO BOSCO SS 138KV LINE,,,,,22001,P::J2616,exact_state_county,100.0,1.0
P::J2636,J2636,AR,clark,CLARK,0,05019,BISMARCK AECC ALPINE 115KV,,,,,05019,P::J2636,exact_state_county,100.0,1.0
P::J2635,J2635,IL,mason,MASON,0,17125,CANE 138KV,,,,,17125,P::J2635,exact_state_county,100.0,1.0
P::J2634,J2634,AR,ouachita,OUACHITA,0,05103,CAMDEN MAGUIRE SMACKOVER 115 0KV,,,,,05103,P::J2634,exact_state_county,100.0,1.0
P::J2633,J2633,AR,van buren,VAN BUREN,0,05141,AECC CLINTON INDUSTRIAL AECC CLINTON WEST 161KV,,,,,05141,P::J2633,exact_state_county,100.0,1.0
P::J2632,J2632,LA,webster,WEBSTER,0,22119,SARPETA TO MINDEN 115KV,,,,,22119,P::J2632,exact_state_county,100.0,1.0
P::J2631,J2631,AR,arkansas,ARKANSAS,0,05001,STUTTGART RICUSKEY TARLETON 230KV,,,,,05001,P::J2631,exact_state_county,100.0,1.0
P::J2630,J2630,AR,woodruff,WOODRUFF,0,05147,DES ARC TO COTTON PLANT 115KV,,,,,05147,P::J2630,exact_state_county,100.0,1.0
P::J2629,J2629,TX,newton,NEWTON,0,48351,LEACH TO NEWTON BULK 138KV LINE,,,,,48351,P::J2629,exact_state_county,100.0,1.0
P::J2628,J2628,MI,huron,HURON,0,26063,RAPSON,,,,,26063,P::J2628,exact_state_county,100.0,1.0
P::J2638,J2638,AR,nevada,NEVADA,0,05099,EMMET SS HOPE EAST SS 115KV,,,,,05099,P::J2638,exact_state_county,100.0,1.0
P::J2627,J2627,IL,adams,ADAMS,0,17001,EAST QUINCY,,,,,17001,P::J2627,exact_state_county,100.0,1.0
P::J2625,J2625,MO,marion,MARION,0,29127,MAYWOOD 345KV,,,,,29127,P::J2625,exact_state_county,100.0,1.0
P::J2624,J2624,MN,stevens,STEVENS,0,27149,BIG STONE SOUTH 345KV SUBSTATION,,,,,27149,P::J2624,exact_state_county,100.0,1.0
P::J2623,J2623,AR,hot spring,HOT SPRING,0,05059,H S EHV TO FRIENDSHIP 115KV,,,,,05059,P::J2623,exact_state_county,100.0,1.0
P::J2622,J2622,AR,drew,DREW,0,05043,WILMAR TO MONTICELLO SOUTH 115KV,,,,,05043,P::J2622,exact_state_county,100.0,1.0
P::J2621,J2621,WI,st. croix,SAINT CROIX,0,55109,PINE LAKE 161KV SUBSTATION,,,,,55109,P::J2621,exact_state_county,100.0,1.0
P::J2620,J2620,AR,ouachita,OUACHITA,0,05103,BEARDEN TO CAMDEN NORTH 115KV,,,,,05103,P::J2620,exact_state_county,100.0,1.0
P::J2619,J2619,MI,montcalm,MONTCALM,0,26117,KENOWA TO NELSON RD 345KV,,,,,26117,P::J2619,exact_state_county,100.0,1.0
P::J2618,J2618,MI,macomb,MACOMB,0,26099,LENOX 120KV,,,,,26099,P::J2618,exact_state_county,100.0,1.0
P::J2617,J2617,MI,van buren,VAN BUREN,0,26159,PALISADES TO ARGENTA 345KV,,,,,26159,P::J2617,exact_state_county,100.0,1.0
P::J2626,J2626,IL,perry,PERRY,0,17145,345KV COMMODORE TO JORDAN,,,,,17145,P::J2626,exact_state_county,100.0,1.0
P::J3246,J3246,IL,Sangamon,SANGAMON,0,17167,FANCY CREEK 138KV SUBSTATION,,,,,17167,P::J3246,existing_fips,100.0,1.0
P::J2872,J2872,MN,dakota,DAKOTA,0,27037,HAMPTON 345KV,,,,,27037,P::J2872,exact_state_county,100.0,1.0
P::J2874,J2874,MI,bay,BAY,0,26017,HAMPTON,,,,,26017,P::J2874,exact_state_county,100.0,1.0
P::J3127,J3127,AR,monroe,MONROE,0,05095,BRINKLEY EAST CLARENDON 115KV,,,,,05095,P::J3127,exact_state_county,100.0,1.0
P::J3126,J3126,MS,washington,WASHINGTON,0,28151,STRINGTOWN GREENVILLE NORTH 115KV TRANSMISSION LINE,,,,,28151,P::J3126,exact_state_county,100.0,1.0
P::J3125,J3125,MN,jackson,JACKSON,0,27063,CRANDALL 345KV SUBSTATION,,,,,27063,P::J3125,exact_state_county,100.0,1.0
P::J3124,J3124,MI,saginaw,SAGINAW,0,26145,MURPHY 345KV SUBSTATION,,,,,26145,P::J3124,exact_state_county,100.0,1.0
P::J3123,J3123,TX,orange,ORANGE,0,48361,CHISHOLM RD HARTBURG 230KV,,,,,48361,P::J3123,exact_state_county,100.0,1.0
P::J3122,J3122,AR,crittenden,CRITTENDEN,0,05035,MARKED TREE Â MARION 161KV TAP AT 35 3902 90 3372,,,,,05035,P::J3122,exact_state_county,100.0,1.0
P::J3121,J3121,IN,wayne,WAYNE,0,18177,CENTERVILLE 69KV SUBSTATION,,,,,18177,P::J3121,exact_state_county,100.0,1.0
P::J3120,J3120,AR,jackson,JACKSON,0,05067,TAPING NEWPORT AB NEWPORTSOLAR 338177 TO CASH 5CASH 338171 161KV LINE,,,,,05067,P::J3120,exact_state_county,100.0,1.0
P::J3119,J3119,IN,pulaski,PULASKI,0,18131,TAPING REYNOLDS 17REYNOLDS 255205 TO BURR OAK 17BURR_OAK 255101 22 4MI FROM REYNOLDS 345,,,,,18131,P::J3119,exact_state_county,100.0,1.0
P::J3118,J3118,LA,morehouse,MOREHOUSE,0,22067,TAPING THE GALION 3GALION 337444 TO OAK GROVE 3OAK_GROVE 337445 115KV LINE,,,,,22067,P::J3118,exact_state_county,100.0,1.0
P::J3117,J3117,AR,clay,CLAY,0,05021,TAPING THE TEXAS EASTERN STATION 8 ST E P S 8 338229 TO MCDOUGAL 5MCDOUGAL 338695 161K,,,,,05021,P::J3117,exact_state_county,100.0,1.0
P::J3116,J3116,AR,phillips,PHILLIPS,0,05107,TAPING AECC AUBREY 6AUBREY 338885 TO RITCHIE SES SWITCHYARD 6RITCHIE 2 337991 230KV LI,,,,,05107,P::J3116,exact_state_county,100.0,1.0
P::J3115,J3115,MS,sharkey,SHARKEY,0,28125,TAPING THE ONWARD 3ONWARD 336967 TO ROLLING FORK 3ROLING FRK 336968 115KV LINE,,,,,28125,P::J3115,exact_state_county,100.0,1.0
P::J3114,J3114,IN,greene,GREENE,0,18055,SANDBORN PRIMARY WORTHINGTON PRIMARY 161 0KV,,,,,18055,P::J3114,exact_state_county,100.0,1.0
P::J3113,J3113,IN,greene,GREENE,0,18055,EDWARDSPORT IGCC AMO 345KV,,,,,18055,P::J3113,exact_state_county,100.0,1.0
P::J3112,J3112,AR,phillips,PHILLIPS,0,05107,BARTON WEST HELENA 115KV,,,,,05107,P::J3112,exact_state_county,100.0,1.0
P::J3111,J3111,AR,craighead,CRAIGHEAD,0,05031,AECC TRUMANN WEST POWERLINE ROAD 161KV,,,,,05031,P::J3111,exact_state_county,100.0,1.0
P::J3110,J3110,AR,craighead,CRAIGHEAD,0,05031,POWERLINE ROAD 8POWERLN_RD 338156 500KV SUBSTATION,,,,,05031,P::J3110,exact_state_county,100.0,1.0
P::J3109,J3109,AR,lonoke,LONOKE,0,05085,TAPING THE CARLISLE 3CARISLE 338003 TO SCREETON 3SCREETON 338005 115KV LINE,,,,,05085,P::J3109,exact_state_county,100.0,1.0
P::J3128,J3128,LA,east feliciana,EAST FELICIANA,0,22037,STARHILL SUBSTATION 138KV,,,,,22037,P::J3128,exact_state_county,100.0,1.0
P::J3108,J3108,MS,jasper,JASPER,0,28061,MISSIONARY 161KV SUBSTATION,,,,,28061,P::J3108,exact_state_county,100.0,1.0
P::J3129,J3129,LA,east feliciana,EAST FELICIANA,0,22037,STARHILL 138KV SUBSTATION,,,,,22037,P::J3129,exact_state_county,100.0,1.0
P::J3131,J3131,AR,columbia,COLUMBIA,0,05027,EL DORADO EHV SAREPTA 345 115KV SW STA 345KV,,,,,05027,P::J3131,exact_state_county,100.0,1.0
P::J3150,J3150,MS,panola,PANOLA,0,28107,CRENSHAW TO COMO,,,,,28107,P::J3150,exact_state_county,100.0,1.0
P::J3149,J3149,IA,mills,MILLS,0,19129,HASTINGS TO BUNGE,,,,,19129,P::J3149,exact_state_county,100.0,1.0
P::J3148,J3148,IA,greene,GREENE,0,19073,DRAGER TO GRAND JUNCTION,,,,,19073,P::J3148,exact_state_county,100.0,1.0
P::J3147,J3147,IN,johnson,JOHNSON,0,18081,TRAFALGAR SWITCHYARD 08TRFLGJ,,,,,18081,P::J3147,exact_state_county,100.0,1.0
P::J3146,J3146,IN,putnam,PUTNAM,0,18133,AMO WHEATLAND LINE,,,,,18133,P::J3146,exact_state_county,100.0,1.0
P::J3145,J3145,IN,putnam,PUTNAM,0,18133,EDWARDSPORT IGCC AMO 345 0KV,,,,,18133,P::J3145,exact_state_county,100.0,1.0
P::J3144,J3144,IN,putnam,PUTNAM,0,18133,EDWARDSPORT IGCC AMO 345 0KV,,,,,18133,P::J3144,exact_state_county,100.0,1.0
P::J3143,J3143,IN,putnam,PUTNAM,0,18133,JACKSON TOWNSHIP 08JCKSN_TWNS HERITAGE LAKE 08HERITL,,,,,18133,P::J3143,exact_state_county,100.0,1.0
P::J3142,J3142,IN,johnson,JOHNSON,0,18081,CIRCUIT ID 6950 COLUMBUS NORTH 08COLNRT FRANKLIN FORSYTHE ST 08FRSYTH,,,,,18081,P::J3142,exact_state_county,100.0,1.0
P::J3141,J3141,AR,phillips,PHILLIPS,0,05107,RITCHIE PLANT SUBSTATION 230KV,,,,,05107,P::J3141,exact_state_county,100.0,1.0
P::J3140,J3140,IN,porter,PORTER,0,18127,SOUTH VALPARAISO 138KV SUBSTATION,,,,,18127,P::J3140,exact_state_county,100.0,1.0
P::J3139,J3139,MS,holmes,HOLMES,0,28051,PICKENS 230KV SUBSTATION,,,,,28051,P::J3139,exact_state_county,100.0,1.0
P::J3138,J3138,LA,rapides,RAPIDES,0,22079,RAPIDES 230KV SUBSTATION,,,,,22079,P::J3138,exact_state_county,100.0,1.0
P::J3137,J3137,IA,pocahontas,POCAHONTAS,0,19151,SAC POCAHONTAS 161KV,,,,,19151,P::J3137,exact_state_county,100.0,1.0
P::J3136,J3136,IN,daviess,DAVIESS,0,18027,HOOSIER S SANDBORN GRAIN PROCESSING CENTER 161KV GPC PRIMARY SANDBORN PRIMARY,,,,,18027,P::J3136,exact_state_county,100.0,1.0
P::J3135,J3135,IL,perry,PERRY,0,17145,COMMODORE ASTER 4513,,,,,17145,P::J3135,exact_state_county,100.0,1.0
P::J3134,J3134,MI,otsego,OTSEGO,0,26137,GAYLORD INTERCONNECTION,,,,,26137,P::J3134,exact_state_county,100.0,1.0
P::J3133,J3133,MI,saginaw,SAGINAW,0,26145,MURPHY TO NELSON ROAD 345KV,,,,,26145,P::J3133,exact_state_county,100.0,1.0
P::J3132,J3132,AR,union,UNION,0,05139,EL DORADO EHV SAREPTA 345 115KV SW STA 345KV,,,,,05139,P::J3132,exact_state_county,100.0,1.0
P::J3130,J3130,IL,marion,MARION,0,17121,KINMUNDY TO SALEM 138KV,,,,,17121,P::J3130,exact_state_county,100.0,1.0
P::J3107,J3107,IA,johnson,JOHNSON,0,19103,ENRON SUBSTATION,,,,,19103,P::J3107,exact_state_county,100.0,1.0
P::J3106,J3106,MO,pemiscot,PEMISCOT,0,29155,DELL TO NEW MADRID 500KV LINE,,,,,29155,P::J3106,exact_state_county,100.0,1.0
P::J3105,J3105,MS,amite,AMITE,0,28005,FRANKLIN EHV MCKNIGHT 500KV,,,,,28005,P::J3105,exact_state_county,100.0,1.0
P::J3081,J3081,AR,hot spring,HOT SPRING,0,05059,DEGRAY DAM H S EHV 115 0KV,,,,,05059,P::J3081,exact_state_county,100.0,1.0
P::J3080,J3080,IL,pulaski,PULASKI,0,17153,AMEREN OWNED KELSO JOPPA MASSAC 345KV TIE LINE,,,,,17153,P::J3080,exact_state_county,100.0,1.0
P::J3079,J3079,TX,jasper,JASPER,0,48241,JASPER HOLLY SPRINGS 138KV LINE TAP,,,,,48241,P::J3079,exact_state_county,100.0,1.0
P::J3078,J3078,IL,peoria,PEORIA,0,17143,FARGO TO SANDBURG 345KV,,,,,17143,P::J3078,exact_state_county,100.0,1.0
P::J3077,J3077,IN,gibson,GIBSON,0,18051,FRANCISCO 345 138KV,,,,,18051,P::J3077,exact_state_county,100.0,1.0
P::J3076,J3076,IL,wabash,WABASH,0,17185,08GIBSON PSI 7ALBION 345 0KV,,,,,17185,P::J3076,exact_state_county,100.0,1.0
P::J3075,J3075,IN,sullivan,SULLIVAN,0,18153,MEROM PRIMARY WORTHINGTON PRIMARY 345 0KV,,,,,18153,P::J3075,exact_state_county,100.0,1.0
P::J3074,J3074,IL,randolph,RANDOLPH,0,17157,4TIBBS 4STEELEVLE N 138 0KV,,,,,17157,P::J3074,exact_state_county,100.0,1.0
P::J3073,J3073,AR,jackson,JACKSON,0,05067,INDEPENDENCE ISES POWERLINE ROAD 500KV,,,,,05067,P::J3073,exact_state_county,100.0,1.0
P::J3072,J3072,MS,wilkinson,WILKINSON,0,28157,WOODVIILLE CENTREVILLE 115KV,,,,,28157,P::J3072,exact_state_county,100.0,1.0
P::J3071,J3071,AR,st. francis,SAINT FRANCIS,0,05123,ENTERGY HUGHES FOREST CITY SOUTH 161KV,,,,,05123,P::J3071,exact_state_county,100.0,1.0
P::J3070,J3070,ND,morton,MORTON,0,38059,SQUARE BUTTE 230KV SUBSTATION EAST,,,,,38059,P::J3070,exact_state_county,100.0,1.0
P::J3069,J3069,IL,st. clair,SAINT CLAIR,0,17163,TAP ON LINE FAYETTEVILLE 138KV ENDPOINT A TO HERZOG 138KV ENDPOINT B,,,,,17163,P::J3069,exact_state_county,100.0,1.0
P::J3068,J3068,LA,st. helena,SAINT HELENA,0,22091,AMITE A GILLSBURG B 115KV TL,,,,,22091,P::J3068,exact_state_county,100.0,1.0
P::J3067,J3067,LA,morehouse,MOREHOUSE,0,22067,BEEKMAN NORTH BASTROP 115 0KV,,,,,22067,P::J3067,exact_state_county,100.0,1.0
P::J3066,J3066,MI,osceola,OSCEOLA,0,26133,HERSEY INTERCONNECTION,,,,,26133,P::J3066,exact_state_county,100.0,1.0
P::J3065,J3065,MI,oceana,OCEANA,0,26127,DONALDSON CREEK,,,,,26127,P::J3065,exact_state_county,100.0,1.0
P::J3064,J3064,IL,perry,PERRY,0,17145,7JORD 7CMDR 345 0KV,,,,,17145,P::J3064,exact_state_county,100.0,1.0
P::J3063,J3063,IL,perry,PERRY,0,17145,7JORD 7CMDR 345 0KV,,,,,17145,P::J3063,exact_state_county,100.0,1.0
P::J3082,J3082,LA,franklin,FRANKLIN,0,22041,TAPING THE GILBERT 3GILBERT_LA 303322 TO WINNSBORO 3WINNSBORO 337330 115KV LINE,,,,,22041,P::J3082,exact_state_county,100.0,1.0
P::J3083,J3083,LA,pointe coupee,POINTE COUPEE,0,22077,WATERLOO FANCY POINT 230 0KV,,,,,22077,P::J3083,exact_state_county,100.0,1.0
P::J3084,J3084,IN,sullivan,SULLIVAN,0,18153,MEROM HED DRESSER 345 0KV,,,,,18153,P::J3084,exact_state_county,100.0,1.0
P::J3085,J3085,MO,madison,MADISON,0,29123,FREDERICKTOWN 138KV SUBSTATION,,,,,29123,P::J3085,exact_state_county,100.0,1.0
P::J3104,J3104,MS,hinds,HINDS,0,28049,TINNIN ROAD 230KV SUBSTATION,,,,,28049,P::J3104,exact_state_county,100.0,1.0
P::J3103,J3103,IN,fountain,FOUNTAIN,0,18045,LAFAYETTE VEEDERSBURG WEST 230KV,,,,,18045,P::J3103,exact_state_county,100.0,1.0
P::J3102,J3102,MO,pemiscot,PEMISCOT,0,29155,DELL TO NEW MADRID 500KV LINE,,,,,29155,P::J3102,exact_state_county,100.0,1.0
P::J3101,J3101,MS,sunflower,SUNFLOWER,0,28133,SHAW INDIANOLA 115KV,,,,,28133,P::J3101,exact_state_county,100.0,1.0
P::J3100,J3100,MI,roscommon,ROSCOMMON,0,26143,HIGGINS MIO DAM 138KV LINE,,,,,26143,P::J3100,exact_state_county,100.0,1.0
P::J310,J310,MN,dodge,DODGE,0,27039,WEST OWATONNA AL CORN DIST BYRON 161KV LINE,,,,,27039,P::J310,exact_state_county,100.0,1.0
P::J3099,J3099,AR,faulkner,FAULKNER,0,05045,HAMLET TO GRAVEL RIDGE 161KV,,,,,05045,P::J3099,exact_state_county,100.0,1.0
P::J3098,J3098,LA,franklin,FRANKLIN,0,22041,RED GUM WINNSBORO 115KV 122 5 122 6 122 7,,,,,22041,P::J3098,exact_state_county,100.0,1.0
P::J3097,J3097,MS,amite,AMITE,0,28005,ENTERGY MISSISSIPPI GILLSBURG TAP GILLSBURG ON THE AMITE GILLSBURG115KV LINE,,,,,28005,P::J3097,exact_state_county,100.0,1.0
P::J3151,J3151,WI,sheboygan,SHEBOYGAN,0,55117,SHEBOYGAN FALLS,,,,,55117,P::J3151,exact_state_county,100.0,1.0
P::J3096,J3096,KY,henderson,HENDERSON,0,21101,REID 161KV TO HENDERSON 161KV,,,,,21101,P::J3096,exact_state_county,100.0,1.0
P::J3094,J3094,IN,washington,WASHINGTON,0,18175,PUMPKIN CENTER 230KV,,,,,18175,P::J3094,exact_state_county,100.0,1.0
P::J3093,J3093,MS,madison,MADISON,0,28089,LAKEOVER EHV MCADAMS EHV 500 0KV,,,,,28089,P::J3093,exact_state_county,100.0,1.0
P::J3092,J3092,MS,bolivar,BOLIVAR,0,28011,SHELBY SS,,,,,28011,P::J3092,exact_state_county,100.0,1.0
P::J3091,J3091,ND,mcintosh,MCINTOSH,0,38051,EAST BISMARCK JUNCTION TO WISHEK JUNCTION,,,,,38051,P::J3091,exact_state_county,100.0,1.0
P::J3090,J3090,AR,crittenden,CRITTENDEN,0,05035,WEST MEMPHIS EHV,,,,,05035,P::J3090,exact_state_county,100.0,1.0
P::J3089,J3089,KY,webster,WEBSTER,0,21233,REID EHV,,,,,21233,P::J3089,exact_state_county,100.0,1.0
P::J3088,J3088,IA,woodbury,WOODBURY,0,19193,RAUN TO SIOUX CITY,,,,,19193,P::J3088,exact_state_county,100.0,1.0
P::J3087,J3087,TX,logan,LOGAN,0,,SHOCKEY,,,,,,P::J3087,unmatched,0.0,0.0
P::J3086,J3086,TX,peoria,PEORIA,0,,NEW 345KV SWITCHYARD LOOPING IN THE FARGO SANDBURG 345KV,,,,,,P::J3086,unmatched,0.0,0.0
P::J3095,J3095,IL,ford,FORD,0,17053,4PAXTON 4J845POI 138 0KV,,,,,17053,P::J3095,exact_state_county,100.0,1.0
P::J3152,J3152,WI,iowa,IOWA,0,55049,NORTH MONROE,,,,,55049,P::J3152,exact_state_county,100.0,1.0
P::J3153,J3153,IA,clinton,CLINTON,0,19045,BEAVER CHANNEL 161KV SUBSTATION,,,,,19045,P::J3153,exact_state_county,100.0,1.0
P::J3154,J3154,IA,franklin,FRANKLIN,0,19069,BLACKHAWK MEC QUINN 345 SHARED POI WITH J2892,,,,,19069,P::J3154,exact_state_county,100.0,1.0
P::J3220,J3220,MI,ionia,IONIA,0,26067,PEDDLER,,,,,26067,P::J3220,exact_state_county,100.0,1.0
P::J3219,J3219,MN,dakota,DAKOTA,0,27037,CANNON FALLS TRANSM,,,,,27037,P::J3219,exact_state_county,100.0,1.0
P::J3218,J3218,AR,nevada,NEVADA,0,05099,PRESCOTT 337507 TO EMMETT 337505,,,,,05099,P::J3218,exact_state_county,100.0,1.0
P::J3217,J3217,MN,martin,MARTIN,0,27091,CRANDALL 345KV SUBSTATION,,,,,27091,P::J3217,exact_state_county,100.0,1.0
P::J3216,J3216,IL,peoria,PEORIA,0,17143,BLOOMINGTON BROKAW,,,,,17143,P::J3216,exact_state_county,100.0,1.0
P::J3215,J3215,IN,laporte,LAPORTE,0,18091,STILLWELL TO BABCOCK 345KV TRANSMISSION LINE,,,,,18091,P::J3215,exact_state_county,100.0,1.0
P::J3214,J3214,IA,lee,LEE,0,19111,WEVER,,,,,19111,P::J3214,exact_state_county,100.0,1.0
P::J3213,J3213,MN,hennepin,HENNEPIN,0,27053,RIVERSIDE 115KV SUBSTATION,,,,,27053,P::J3213,exact_state_county,100.0,1.0
P::J3212,J3212,IA,mills,MILLS,0,19129,GLENWOOD,,,,,19129,P::J3212,exact_state_county,100.0,1.0
P::J3211,J3211,LA,washington,WASHINGTON,0,22117,J1564 SUBSTATION,,,,,22117,P::J3211,exact_state_county,100.0,1.0
P::J3210,J3210,LA,st. tammany,SAINT TAMMANY,0,22103,J2245 SUBSTATION,,,,,22103,P::J3210,exact_state_county,100.0,1.0
P::J3209,J3209,LA,rapides,RAPIDES,0,22079,HINESTON,,,,,22079,P::J3209,exact_state_county,100.0,1.0
P::J3208,J3208,IN,dubois,DUBOIS,0,18037,PATOKA VALLEY,,,,,18037,P::J3208,exact_state_county,100.0,1.0
P::J3207,J3207,IN,starke,STARKE,0,18149,J3578,,,,,18149,P::J3207,exact_state_county,100.0,1.0
P::J3206,J3206,IA,cerro gordo,CERRO GORDO,0,19033,KILLDEER 345KV SUBSTATION,,,,,19033,P::J3206,exact_state_county,100.0,1.0
P::J3205,J3205,MS,franklin,FRANKLIN,0,28037,ARLINGTON TO SMITHDALE 115KV,,,,,28037,P::J3205,exact_state_county,100.0,1.0
P::J3204,J3204,WI,clark,CLARK,0,55019,STONE LAKE GARDNER PARK 345 0KV,,,,,55019,P::J3204,exact_state_county,100.0,1.0
P::J3203,J3203,MI,clinton,CLINTON,0,26037,BINGHAM LOOKNG GL J 138KV,,,,,26037,P::J3203,exact_state_county,100.0,1.0
P::J3202,J3202,MO,iron,IRON,0,29093,5CLARK 5PILTMA 161 0KV,,,,,29093,P::J3202,exact_state_county,100.0,1.0
P::J3221,J3221,LA,webster,WEBSTER,0,22119,LA_ORD_115,,,,,22119,P::J3221,exact_state_county,100.0,1.0
P::J3222,J3222,IL,moultrie,MOULTRIE,0,17139,ARLAND TO FARADAY 345KV LINE TAP,,,,,17139,P::J3222,exact_state_county,100.0,1.0
P::J3223,J3223,IL,edwards,EDWARDS,0,17047,OLNEY 4JASPER 347868 ALBION 4ALBION N 346510 138KV,,,,,17047,P::J3223,exact_state_county,100.0,1.0
P::J3224,J3224,IL,marion,MARION,0,17121,4KINMUNDY 4TANNER 138KV,,,,,17121,P::J3224,exact_state_county,100.0,1.0
P::J3244,J3244,IN,Parke,PARKE,0,18121,PARKE COUNTY REMC,,,,,18121,P::J3244,existing_fips,100.0,1.0
P::J3243,J3243,IN,Parke,PARKE,0,18121,OTHER_,,,,,18121,P::J3243,existing_fips,100.0,1.0
P::J3242,J3242,IL,Tazewell,TAZEWELL,0,17179,FLINT 138KV,,,,,17179,P::J3242,existing_fips,100.0,1.0
P::J3241,J3241,MS,Lincoln,LINCOLN,0,28085,ARLINGTON GOAB,,,,,28085,P::J3241,existing_fips,100.0,1.0
P::J3240,J3240,IL,Fulton,FULTON,0,17057,OTHER_,,,,,17057,P::J3240,existing_fips,100.0,1.0
P::J3239,J3239,IL,Christian,CHRISTIAN,0,17021,PANA 138KV,,,,,17021,P::J3239,existing_fips,100.0,1.0
P::J3238,J3238,LA,Evangeline Parish,EVANGELINE,0,22039,COCODRIE VILLE PLATTE 230 0KV,,,,,22039,P::J3238,existing_fips,100.0,1.0
P::J3237,J3237,MN,Itasca,ITASCA,0,27061,NATIONAL TAC PLANT 115KV CUSTOMER OWNED,,,,,27061,P::J3237,existing_fips,100.0,1.0
P::J3236,J3236,MN,Chisago,CHISAGO,0,27025,CHISAGO COUNTY 115KV SUBSTATION,,,,,27025,P::J3236,existing_fips,100.0,1.0
P::J3201,J3201,MS,walthall,WALTHALL,0,28147,TYLERTOWN BOGALUSA 115KV,,,,,28147,P::J3201,exact_state_county,100.0,1.0
P::J3235,J3235,MN,Benton,BENTON,0,27009,CHERRY PARK SUBSTATION,,,,,27009,P::J3235,existing_fips,100.0,1.0
P::J3233,J3233,MN,Yellow Medicine,YELLOW MEDICINE,0,27173,CANBY 115KV SUBSTATION,,,,,27173,P::J3233,existing_fips,100.0,1.0
P::J3232,J3232,IN,Vermillion,VERMILLION,0,18165,CAYUGA STATION,,,,,18165,P::J3232,existing_fips,100.0,1.0
P::J3231,J3231,MS,amite,AMITE,0,28005,GLOSTER LIBERTY 115 0KV,,,,,28005,P::J3231,exact_state_county,100.0,1.0
P::J3230,J3230,AR,crittenden,CRITTENDEN,0,05035,PARKIN GILMORE 161 0KV,,,,,05035,P::J3230,exact_state_county,100.0,1.0
P::J3229,J3229,MO,maries,MARIES,0,29125,4DILLON 4LKSIDE TP2 138 0KV,,,,,29125,P::J3229,exact_state_county,100.0,1.0
P::J3228,J3228,MI,midland,MIDLAND,0,26111,REDSTONE TITTABAWASSEE 138KV LINE,,,,,26111,P::J3228,exact_state_county,100.0,1.0
P::J3227,J3227,MI,ogemaw,OGEMAW,0,26129,GALLAGHER TO LIVINGSTON 345KV SEGMENT ON THE LIVINGSTON Â TITTABAWASSEE 345KV LINE,,,,,26129,P::J3227,exact_state_county,100.0,1.0
P::J3226,J3226,IN,marshall,MARSHALL,0,18099,BURR OAK PLYMOUTH 138 0KV,,,,,18099,P::J3226,exact_state_county,100.0,1.0
P::J3225,J3225,IN,laporte,LAPORTE,0,18091,BABCOCK STILLWELL 345KV,,,,,18091,P::J3225,exact_state_county,100.0,1.0
P::J3234,J3234,MN,Carver,CARVER,0,27019,ST BONIFACIUS,,,,,27019,P::J3234,existing_fips,100.0,1.0
P::J3062,J3062,MS,hinds,HINDS,0,28049,EDWARDS TO BOLTON 115KV,,,,,28049,P::J3062,exact_state_county,100.0,1.0
P::J3200,J3200,IL,st. clair,SAINT CLAIR,0,17163,TURKEY HILL 345KV,,,,,17163,P::J3200,exact_state_county,100.0,1.0
P::J3198,J3198,WI,barron,BARRON,0,55005,BARRON,,,,,55005,P::J3198,exact_state_county,100.0,1.0
P::J3173,J3173,AR,jackson,JACKSON,0,05067,SWIFTON TO HOXIE 161KV,,,,,05067,P::J3173,exact_state_county,100.0,1.0
P::J3172,J3172,MN,dakota,DAKOTA,0,27037,GRE NININGR7 115KV,,,,,27037,P::J3172,exact_state_county,100.0,1.0
P::J3171,J3171,AR,drew,DREW,0,05043,MONTICELLO EAST REED SS 115KV,,,,,05043,P::J3171,exact_state_county,100.0,1.0
P::J3170,J3170,LA,avoyelles,AVOYELLES,0,22009,EOLA MARKSVILLE 138KV,,,,,22009,P::J3170,exact_state_county,100.0,1.0
P::J3169,J3169,TX,hardin,HARDIN,0,48199,CYPRESS 138KV SUBSTATION,,,,,48199,P::J3169,exact_state_county,100.0,1.0
P::J3168,J3168,IN,white,WHITE,0,18181,REYNOLDS,,,,,18181,P::J3168,exact_state_county,100.0,1.0
P::J3167,J3167,IL,fulton,FULTON,0,17057,IPAVA 138KV SUBSTATION,,,,,17057,P::J3167,exact_state_county,100.0,1.0
P::J3166,J3166,IN,knox,KNOX,0,18083,EDWARDSPORT STATION IGCC,,,,,18083,P::J3166,exact_state_county,100.0,1.0
P::J3165,J3165,KY,breckinridge,BRECKINRIDGE,0,21027,NEW HARDINSBURG,,,,,21027,P::J3165,exact_state_county,100.0,1.0
P::J3164,J3164,AR,ouachita,OUACHITA,0,05103,MCCLELLAN 138KV SUBSTATION,,,,,05103,P::J3164,exact_state_county,100.0,1.0
P::J3163,J3163,ND,cass,CASS,0,38017,BISON,,,,,38017,P::J3163,exact_state_county,100.0,1.0
P::J3162,J3162,WI,rock,ROCK,0,55105,BELOIT GATEWAY,,,,,55105,P::J3162,exact_state_county,100.0,1.0
P::J3161,J3161,WI,sheboygan,SHEBOYGAN,0,55117,HUEBNER 138KV,,,,,55117,P::J3161,exact_state_county,100.0,1.0
P::J3160,J3160,WI,fond du lac,FOND DU LAC,0,55039,SOUTH FOND DU LAC 345KV,,,,,55039,P::J3160,exact_state_county,100.0,1.0
P::J3159,J3159,IA,dubuque,DUBUQUE,0,19061,GARDNER 69KV SUBSTATION,,,,,19061,P::J3159,exact_state_county,100.0,1.0
P::J3158,J3158,IA,cerro gordo,CERRO GORDO,0,19033,COLBY 345KV SUBSTATION,,,,,19033,P::J3158,exact_state_county,100.0,1.0
P::J3157,J3157,IA,winnebago,WINNEBAGO,0,19189,BISON,,,,,19189,P::J3157,exact_state_county,100.0,1.0
P::J3156,J3156,WI,rock,ROCK,0,55105,TOWNLINE ROAD,,,,,55105,P::J3156,exact_state_county,100.0,1.0
P::J3155,J3155,WI,winnebago,WINNEBAGO,0,55139,NEEVIN,,,,,55139,P::J3155,exact_state_county,100.0,1.0
P::J3174,J3174,IL,scott,SCOTT,0,17171,JACKSONVILLE INDUSTRIAL PK WINCHESTER SWITCHING STATION 138KV,,,,,17171,P::J3174,exact_state_county,100.0,1.0
P::J3175,J3175,MS,tunica,TUNICA,0,28143,ROBINSONVILLE 230KV,,,,,28143,P::J3175,exact_state_county,100.0,1.0
P::J3176,J3176,LA,plaquemines,PLAQUEMINES,0,22075,DERRICK,,,,,22075,P::J3176,exact_state_county,100.0,1.0
P::J3177,J3177,MS,tunica,TUNICA,0,28143,ROBINSONVILLE 230KV SUBSTATION,,,,,28143,P::J3177,exact_state_county,100.0,1.0
P::J3197,J3197,LA,rapides,RAPIDES,0,22079,EAST LEESVILLE RODEMACHER 230,,,,,22079,P::J3197,exact_state_county,100.0,1.0
P::J3196,J3196,IN,starke,STARKE,0,18149,BURR OAK TO EAST WINAMAC 138KV,,,,,18149,P::J3196,exact_state_county,100.0,1.0
P::J3195,J3195,AR,pulaski,PULASKI,0,05119,WHITE BLUFF EHV WRIGHTSVILLE 115KV,,,,,05119,P::J3195,exact_state_county,100.0,1.0
P::J3194,J3194,TX,hardin,HARDIN,0,48199,RYE CO CYPRESS 138KV,,,,,48199,P::J3194,exact_state_county,100.0,1.0
P::J3193,J3193,AR,hot spring,HOT SPRING,0,05059,POYEN GIFFORD 115KV,,,,,05059,P::J3193,exact_state_county,100.0,1.0
P::J3192,J3192,AR,jackson,JACKSON,0,05067,MALLORY 161KV SUBSTATION,,,,,05067,P::J3192,exact_state_county,100.0,1.0
P::J3191,J3191,AR,jackson,JACKSON,0,05067,AECC BALCH FISHER 161KV,,,,,05067,P::J3191,exact_state_county,100.0,1.0
P::J3190,J3190,MO,audrain,AUDRAIN,0,29007,PIKE 161KV SUBSTATION,,,,,29007,P::J3190,exact_state_county,100.0,1.0
P::J3189,J3189,IL,perry,PERRY,0,17145,ST JOHNS 138KV SUBSTATION,,,,,17145,P::J3189,exact_state_county,100.0,1.0
P::J3199,J3199,MO,adair,ADAIR,0,29001,ZACHARY 345KV,,,,,29001,P::J3199,exact_state_county,100.0,1.0
P::J3188,J3188,IL,marshall,MARSHALL,0,17123,HALLOCK 138KV,,,,,17123,P::J3188,exact_state_county,100.0,1.0
P::J3186,J3186,MS,bolivar,BOLIVAR,0,28011,ROSEDALE DELTA 115KV,,,,,28011,P::J3186,exact_state_county,100.0,1.0
P::J3185,J3185,IL,effingham,EFFINGHAM,0,17049,EFFINGHAM NEWTON 138KV 4EFFINGHM 347025 4NEWTON 347831,,,,,17049,P::J3185,exact_state_county,100.0,1.0
P::J3184,J3184,IL,st. clair,SAINT CLAIR,0,17163,TURKEY HILL 138KV,,,,,17163,P::J3184,exact_state_county,100.0,1.0
P::J3183,J3183,SD,grant,GRANT,0,46051,BIG STONE SOUTH 230KV SUBSTATION,,,,,46051,P::J3183,exact_state_county,100.0,1.0
P::J3182,J3182,ND,mercer,MERCER,0,38057,COYOTE,,,,,38057,P::J3182,exact_state_county,100.0,1.0
P::J3181,J3181,IL,logan,LOGAN,0,17107,4FOGARTY 4LIMIT 138 0KV,,,,,17107,P::J3181,exact_state_county,100.0,1.0
P::J3180,J3180,LA,de soto,DE SOTO,0,22031,DOLET HILLS,,,,,22031,P::J3180,exact_state_county,100.0,1.0
P::J3179,J3179,LA,plaquemines,PLAQUEMINES,0,22075,DERRICK,,,,,22075,P::J3179,exact_state_county,100.0,1.0
P::J3178,J3178,LA,de soto,DE SOTO,0,22031,DOLET HILLS,,,,,22031,P::J3178,exact_state_county,100.0,1.0
P::J3187,J3187,IL,mason,MASON,0,17125,HAVANA 138KV SUB,,,,,17125,P::J3187,exact_state_county,100.0,1.0
P::J3061,J3061,AR,lawrence,LAWRENCE,0,05075,WALNUT RIDGE BUS 338208 TO SEDGEWICK BUS 338206 115KV,,,,,05075,P::J3061,exact_state_county,100.0,1.0
P::J3060,J3060,IL,perry,PERRY,0,17145,7CMDR 7ASTER 345KV,,,,,17145,P::J3060,exact_state_county,100.0,1.0
P::J3059,J3059,MI,midland,MIDLAND,0,26111,OTHER_,,,,,26111,P::J3059,exact_state_county,100.0,1.0
P::J2940,J2940,MS,sharkey,SHARKEY,0,28125,NITTA YUMA SS CE ROLLING FORK 115KV,,,,,28125,P::J2940,exact_state_county,100.0,1.0
P::J2939,J2939,MS,tunica,TUNICA,0,28143,HAMBRICK SWITCHING STATION 115KV,,,,,28143,P::J2939,exact_state_county,100.0,1.0
P::J2938,J2938,IL,knox,KNOX,0,17095,4MONM BLVD W 4CASTRO_JCT 138 0KV,,,,,17095,P::J2938,exact_state_county,100.0,1.0
P::J2937,J2937,IL,montgomery,MONTGOMERY,0,17135,4PANA 4OAKLEY 138 0KV,,,,,17135,P::J2937,exact_state_county,100.0,1.0
P::J2936,J2936,AR,jackson,JACKSON,0,05067,INDEPENDENCE A 500KV TO POWERLINE B 500KV,,,,,05067,P::J2936,exact_state_county,100.0,1.0
P::J2935,J2935,MI,saginaw,SAGINAW,0,26145,THETFORD TO MURPHY 345KV,,,,,26145,P::J2935,exact_state_county,100.0,1.0
P::J2934,J2934,MI,saginaw,SAGINAW,0,26145,THETFORD TO MURPHY 345KV,,,,,26145,P::J2934,exact_state_county,100.0,1.0
P::J2933,J2933,MI,bay,BAY,0,26017,GALLAGHER TITTABAWASSEE 345KV TRANSMISSION LINE,,,,,26017,P::J2933,exact_state_county,100.0,1.0
P::J2932,J2932,KY,henderson,HENDERSON,0,21101,HENDERSON 161KV,,,,,21101,P::J2932,exact_state_county,100.0,1.0
P::J2931,J2931,KY,henderson,HENDERSON,0,21101,AB BROWN 345 REID EHV BREC TERMINAL 345 0KV,,,,,21101,P::J2931,exact_state_county,100.0,1.0
P::J2930,J2930,KY,henderson,HENDERSON,0,21101,AB BROWN 345 REID EHV BREC TERMINAL 345 0KV,,,,,21101,P::J2930,exact_state_county,100.0,1.0
P::J2929,J2929,KY,henderson,HENDERSON,0,21101,HENDERSON 161KV,,,,,21101,P::J2929,exact_state_county,100.0,1.0
P::J2928,J2928,AR,poinsett,POINSETT,0,05111,HARRISBURG 161KV SUBSTATION,,,,,05111,P::J2928,exact_state_county,100.0,1.0
P::J2927,J2927,IL,randolph,RANDOLPH,0,17157,TIBBS,,,,,17157,P::J2927,exact_state_county,100.0,1.0
P::J2926,J2926,IL,franklin,FRANKLIN,0,17055,ASHLEY TO WEST FRANKFORT 1536,,,,,17055,P::J2926,exact_state_county,100.0,1.0
P::J2925,J2925,IL,logan,LOGAN,0,17107,GILLETT,,,,,17107,P::J2925,exact_state_county,100.0,1.0
P::J2924,J2924,AR,columbia,COLUMBIA,0,05027,EL DORADO EHV SAREPTA 345 115 SS 345 0KV,,,,,05027,P::J2924,exact_state_county,100.0,1.0
P::J2923,J2923,AR,columbia,COLUMBIA,0,05027,EL DORADO EHV SARPETA 345 115KV SW STA 345KV,,,,,05027,P::J2923,exact_state_county,100.0,1.0
P::J2922,J2922,IL,jasper,JASPER,0,17079,7CASEY 7NEWTON 345 0KV,,,,,17079,P::J2922,exact_state_county,100.0,1.0
P::J2941,J2941,AR,chicot,CHICOT,0,05017,MACON LAKE SS LAKE CHICOT PUMP STA 115KV,,,,,05017,P::J2941,exact_state_county,100.0,1.0
P::J2942,J2942,LA,beauregard,BEAUREGARD,0,22011,COOPER TO PENTON ROAD 230KV,,,,,22011,P::J2942,exact_state_county,100.0,1.0
P::J2943,J2943,LA,webster,WEBSTER,0,22119,MINDEN TO SAREPTA 115KV,,,,,22119,P::J2943,exact_state_county,100.0,1.0
P::J2944,J2944,WI,wood,WOOD,0,55141,ROCKY RUN GARDNER PARK 345 0KV,,,,,55141,P::J2944,exact_state_county,100.0,1.0
P::J2964,J2964,MS,tallahatchie,TALLAHATCHIE,0,28135,WEBB 115KV,,,,,28135,P::J2964,exact_state_county,100.0,1.0
P::J2963,J2963,IL,mason,MASON,0,17125,PURO,,,,,17125,P::J2963,exact_state_county,100.0,1.0
P::J2962,J2962,IL,hamilton,HAMILTON,0,17065,AKIN HAMILTON 138KV,,,,,17065,P::J2962,exact_state_county,100.0,1.0
P::J2961,J2961,IN,daviess,DAVIESS,0,18027,EDWARDSPORT STATION 08EDWRDS 249722 WHITEFIELD 08WHTFLD 249876 138KV,,,,,18027,P::J2961,exact_state_county,100.0,1.0
P::J2960,J2960,IN,spencer,SPENCER,0,18147,10CULY13 253500 F B CULLEY 10AEP_T 353586 TAP BETWEEN CULLEY 10CULY13 253500 GRANDVIEW,,,,,18147,P::J2960,exact_state_county,100.0,1.0
P::J2959,J2959,IN,starke,STARKE,0,18149,ROLLIN SCHAHFER 17SCHAHFER 255110 345KV,,,,,18149,P::J2959,exact_state_county,100.0,1.0
P::J2958,J2958,LA,claiborne,CLAIBORNE,0,22027,HAYNESVILLE SOUTH 115KV SUBSTATION,,,,,22027,P::J2958,exact_state_county,100.0,1.0
P::J2957,J2957,MS,panola,PANOLA,0,28107,COMO CRENSHAW 115KV LINE,,,,,28107,P::J2957,exact_state_county,100.0,1.0
P::J2956,J2956,LA,morehouse,MOREHOUSE,0,22067,GALION 115KV SUBSTATION,,,,,22067,P::J2956,exact_state_county,100.0,1.0
P::J2921,J2921,MI,calhoun,CALHOUN,0,26025,OTHER_,,,,,26025,P::J2921,exact_state_county,100.0,1.0
P::J2955,J2955,AR,saline,SALINE,0,05125,WRIGHTSVILLE Ã WHITE BLUFF EHV 115KV,,,,,05125,P::J2955,exact_state_county,100.0,1.0
P::J2953,J2953,TX,orange,ORANGE,0,48361,CHISHOLM RD SABINE 230KV,,,,,48361,P::J2953,exact_state_county,100.0,1.0
P::J2952,J2952,TX,chambers,CHAMBERS,0,48071,CROOKED BAYOU TO STOWELL 138KV LINE,,,,,48071,P::J2952,exact_state_county,100.0,1.0
P::J2951,J2951,IA,union,UNION,0,19175,CRESTON ROADHOUSE,,,,,19175,P::J2951,exact_state_county,100.0,1.0
P::J2950,J2950,IA,clay,CLAY,0,19041,CLAY COUNTY,,,,,19041,P::J2950,exact_state_county,100.0,1.0
P::J2949,J2949,IA,marshall,MARSHALL,0,19127,MARSHALLTOWN 161KV SUBSTATION,,,,,19127,P::J2949,exact_state_county,100.0,1.0
P::J2948,J2948,IA,marshall,MARSHALL,0,19127,MARSHALLTOWN,,,,,19127,P::J2948,exact_state_county,100.0,1.0
P::J2947,J2947,WI,rock,ROCK,0,55105,ROCK RIVER 138KV SUBSTATIONS 1 6 RICE AND 2 5 RICE,,,,,55105,P::J2947,exact_state_county,100.0,1.0
P::J2946,J2946,IA,dubuque,DUBUQUE,0,19061,SALEM HICKORY CREEK 345KV LINE,,,,,19061,P::J2946,exact_state_county,100.0,1.0
P::J2945,J2945,IA,washington,WASHINGTON,0,19183,SUB T 3 HILLS 3 345 0KV,,,,,19183,P::J2945,exact_state_county,100.0,1.0
P::J2954,J2954,AR,clay,CLAY,0,05021,AECC CORNING NORTH Ã DATTO 161KV,,,,,05021,P::J2954,exact_state_county,100.0,1.0
P::J2965,J2965,LA,ashley,ASHLEY,0,,OAK GROVE 115 SUB,,,,,,P::J2965,unmatched,0.0,0.0
P::J2920,J2920,LA,sabine,SABINE,0,22085,1673 INTERCONNECTION SUBSTATION,,,,,22085,P::J2920,exact_state_county,100.0,1.0
P::J2918,J2918,IL,jasper,JASPER,0,17079,4EFFINGHM N 4NEWTON 138KV,,,,,17079,P::J2918,exact_state_county,100.0,1.0
P::J2893,J2893,MS,holmes,HOLMES,0,28051,DURANT BOWLING GREEN SS 115 0KV,,,,,28051,P::J2893,exact_state_county,100.0,1.0
P::J2892,J2892,IA,franklin,FRANKLIN,0,19069,BLACKHAWK MEC QUINN 345KV,,,,,19069,P::J2892,exact_state_county,100.0,1.0
P::J2891,J2891,WI,kenosha,KENOSHA,0,55059,OTHER_,,,,,55059,P::J2891,exact_state_county,100.0,1.0
P::J2890,J2890,LA,calcasieu,CALCASIEU,0,22019,LAKE CHARLES BULK 138KV SUBSTATION,,,,,22019,P::J2890,exact_state_county,100.0,1.0
P::J2889,J2889,MI,allegan,ALLEGAN,0,26005,ARGENTA 138KV,,,,,26005,P::J2889,exact_state_county,100.0,1.0
P::J2888,J2888,LA,lafayette,LAFAYETTE,0,22055,BAXTER WILSON SES SWYD 500KV,,,,,22055,P::J2888,exact_state_county,100.0,1.0
P::J2887,J2887,MS,simpson,SIMPSON,0,28127,MAGEE 161 WHITE OAK 161 0KV,,,,,28127,P::J2887,exact_state_county,100.0,1.0
P::J2886,J2886,IL,sangamon,SANGAMON,0,17167,4AUBURN N 4JACKSNVL 138KV,,,,,17167,P::J2886,exact_state_county,100.0,1.0
P::J2885,J2885,MN,red lake,RED LAKE,0,27125,PLUMMER PIPE,,,,,27125,P::J2885,exact_state_county,100.0,1.0
P::J2884,J2884,LA,beauregard,BEAUREGARD,0,22011,COOPER TO PENTON ROAD 230KV,,,,,22011,P::J2884,exact_state_county,100.0,1.0
P::J2883,J2883,ND,mercer,MERCER,0,38057,COYOTE SWITCHYARD 345KV SUBSTATION,,,,,38057,P::J2883,exact_state_county,100.0,1.0
P::J2882,J2882,LA,beauregard,BEAUREGARD,0,22011,COOPER PENTON ROAD 230KV,,,,,22011,P::J2882,exact_state_county,100.0,1.0
P::J2881,J2881,AR,jefferson,JEFFERSON,0,05069,AECC PINEBERGEN AECC GLENDALE 115 0KV,,,,,05069,P::J2881,exact_state_county,100.0,1.0
P::J2880,J2880,AR,jefferson,JEFFERSON,0,05069,STUTTGART RICUSKEY WOODWARD 230 SUB 230 0KV,,,,,05069,P::J2880,exact_state_county,100.0,1.0
P::J2879,J2879,MN,washington,WASHINGTON,0,27163,CHEMOLITE,,,,,27163,P::J2879,exact_state_county,100.0,1.0
P::J2878,J2878,MI,sanilac,SANILAC,0,26151,GREENWOOD RAPSON 345 0KV,,,,,26151,P::J2878,exact_state_county,100.0,1.0
P::J2877,J2877,MI,midland,MIDLAND,0,26111,MURPHY TITTABAWASSEE 345 0KV,,,,,26111,P::J2877,exact_state_county,100.0,1.0
P::J2876,J2876,MI,iosco,IOSCO,0,26069,WHITTEMORE TO TWINING 138KV,,,,,26069,P::J2876,exact_state_county,100.0,1.0
P::J2875,J2875,MI,presque isle,PRESQUE ISLE,0,26141,HAGENSVILLE 138KV SUBSTATION,,,,,26141,P::J2875,exact_state_county,100.0,1.0
P::J2894,J2894,IN,hendricks,HENDRICKS,0,18063,WESTLAND JCT WESTLINE 69KV LINE,,,,,18063,P::J2894,exact_state_county,100.0,1.0
P::J2895,J2895,IN,clark,CLARK,0,18019,BETHLEHEM 138KV SUBSTATION,,,,,18019,P::J2895,exact_state_county,100.0,1.0
P::J2896,J2896,ND,sargent,SARGENT,0,38081,GWINNER 115KV SUBSTATION,,,,,38081,P::J2896,exact_state_county,100.0,1.0
P::J2897,J2897,TX,san jacinto,SAN JACINTO,0,48407,RIVTRIN SHECO CALVIN 138 0KV,,,,,48407,P::J2897,exact_state_county,100.0,1.0
P::J2917,J2917,LA,ouachita,OUACHITA,0,22073,PRAIRIE ROAD,,,,,22073,P::J2917,exact_state_county,100.0,1.0
P::J2916,J2916,LA,rapides,RAPIDES,0,22079,EAST LEESVILLE RODEMACHER 230KV,,,,,22079,P::J2916,exact_state_county,100.0,1.0
P::J2915,J2915,MO,clark,CLARK,0,29045,OTHER_,,,,,29045,P::J2915,exact_state_county,100.0,1.0
P::J2914,J2914,LA,st. tammany,SAINT TAMMANY,0,22103,MCKNIGHT PLANT DANIEL 500 0KV,,,,,22103,P::J2914,exact_state_county,100.0,1.0
P::J2913,J2913,ND,sargent,SARGENT,0,38081,FORMAN 115KV SUBSTATION,,,,,38081,P::J2913,exact_state_county,100.0,1.0
P::J2912,J2912,ND,mercer,MERCER,0,38057,COYOTE SWITCHYARD 345KV SUBSTATION,,,,,38057,P::J2912,exact_state_county,100.0,1.0
P::J2911,J2911,LA,calcasieu,CALCASIEU,0,22019,PENTON 230KV SUBSTATION,,,,,22019,P::J2911,exact_state_county,100.0,1.0
P::J2910,J2910,TX,chambers,CHAMBERS,0,48071,STOWELL 230KV,,,,,48071,P::J2910,exact_state_county,100.0,1.0
P::J2909,J2909,AR,lonoke,LONOKE,0,05085,REMINGTON AECC TO LONOKE E 115KV,,,,,05085,P::J2909,exact_state_county,100.0,1.0
P::J2919,J2919,IN,montgomery,MONTGOMERY,0,18107,KOKOMO WEBSTER ST TO WALTON 230KV,,,,,18107,P::J2919,exact_state_county,100.0,1.0
P::J2908,J2908,IL,morgan,MORGAN,0,17137,JACKSONVILLE NORTH,,,,,17137,P::J2908,exact_state_county,100.0,1.0
P::J2906,J2906,MI,kalamazoo,KALAMAZOO,0,26077,JAGUAR 138KV SUBSTATION,,,,,26077,P::J2906,exact_state_county,100.0,1.0
P::J2905,J2905,MS,washington,WASHINGTON,0,28151,HOLLANDALE NITTA YUMA SS CE 115 0KV,,,,,28151,P::J2905,exact_state_county,100.0,1.0
P::J2904,J2904,LA,concordia,CONCORDIA,0,22029,PLANTATION,,,,,22029,P::J2904,exact_state_county,100.0,1.0
P::J2903,J2903,MS,lincoln,LINCOLN,0,28085,BROOKHAVEN BROOKHAVEN SOUTH 115 0KV,,,,,28085,P::J2903,exact_state_county,100.0,1.0
P::J2902,J2902,MS,warren,WARREN,0,28149,BEECH GROVE SS 115KV SUBSTATION,,,,,28149,P::J2902,exact_state_county,100.0,1.0
P::J2901,J2901,AR,columbia,COLUMBIA,0,05027,MACEDONIA TAYLOR 115 0KV,,,,,05027,P::J2901,exact_state_county,100.0,1.0
P::J2900,J2900,MS,amite,AMITE,0,28005,FRANKLIN EHV MCKNIGHT 500 0KV,,,,,28005,P::J2900,exact_state_county,100.0,1.0
P::J2899,J2899,LA,calcasieu,CALCASIEU,0,22019,GOOS FERRY CHALKLEY CO 230 0KV,,,,,22019,P::J2899,exact_state_county,100.0,1.0
P::J2898,J2898,MS,amite,AMITE,0,28005,FRANKLIN EHV MCKNIGHT 500 0KV,,,,,28005,P::J2898,exact_state_county,100.0,1.0
P::J2907,J2907,AR,grant,GRANT,0,05053,SHERIDAN 500KV,,,,,05053,P::J2907,exact_state_county,100.0,1.0
P::J2873,J2873,MS,simpson,SIMPSON,0,28127,MAGEE 161 WHITE OAK 161 0KV,,,,,28127,P::J2873,exact_state_county,100.0,1.0
P::J2966,J2966,MS,quitman,QUITMAN,0,28119,BATESVILLE TO MOON LAKE SS 230KV LINE,,,,,28119,P::J2966,exact_state_county,100.0,1.0
P::J2968,J2968,LA,jefferson davis,JEFFERSON DAVIS,0,22053,LC BULK TO HENNING 138KV LINE CIRCUIT 28,,,,,22053,P::J2968,exact_state_county,100.0,1.0
P::J3034,J3034,AR,monroe,MONROE,0,05095,BRINKLEY WEST BRINKLEY EAST 115KV LINE,,,,,05095,P::J3034,exact_state_county,100.0,1.0
P::J3033,J3033,KY,webster,WEBSTER,0,21233,REID EHV 345KV,,,,,21233,P::J3033,exact_state_county,100.0,1.0
P::J3032,J3032,LA,webster,WEBSTER,0,22119,SAREPTA,,,,,22119,P::J3032,exact_state_county,100.0,1.0
P::J3031,J3031,IL,jefferson,JEFFERSON,0,17081,4WLTNVL TP 138KV,,,,,17081,P::J3031,exact_state_county,100.0,1.0
P::J3030,J3030,AR,jefferson,JEFFERSON,0,05069,WHITE BLUFF TO SHERIDAN 500KV,,,,,05069,P::J3030,exact_state_county,100.0,1.0
P::J3029,J3029,MN,freeborn,FREEBORN,0,27047,FREEBORN,,,,,27047,P::J3029,exact_state_county,100.0,1.0
P::J3028,J3028,MS,perry,PERRY,0,28111,WAYNESBORO 161 HINTONVILLE 161 161 0KV,,,,,28111,P::J3028,exact_state_county,100.0,1.0
P::J3027,J3027,IL,mclean,MCLEAN,0,17113,7FARGO 7SANDBURG 345 0KV,,,,,17113,P::J3027,exact_state_county,100.0,1.0
P::J3026,J3026,LA,beauregard,BEAUREGARD,0,22011,DERIDDER MILL ROY S NELSON 138KV,,,,,22011,P::J3026,exact_state_county,100.0,1.0
P::J3025,J3025,MN,douglas,DOUGLAS,0,27041,ALEXANDRIA TO HUDSON 115KV,,,,,27041,P::J3025,exact_state_county,100.0,1.0
P::J3024,J3024,IA,louisa,LOUISA,0,19115,NEWPORT 161KV BUS HIGH SIDE OF T91 XFRMR 161 69KV,,,,,19115,P::J3024,exact_state_county,100.0,1.0
P::J3023,J3023,AR,hot spring,HOT SPRING,0,05059,H S EHV 500KV SUBSTATION,,,,,05059,P::J3023,exact_state_county,100.0,1.0
P::J3022,J3022,IA,taylor,TAYLOR,0,19173,ORIENT TO ATCHISON COUNTY 345KV,,,,,19173,P::J3022,exact_state_county,100.0,1.0
P::J3021,J3021,MN,lyon,LYON,0,27083,LAKE YANKTON TO LYON COUNTY 115KV,,,,,27083,P::J3021,exact_state_county,100.0,1.0
P::J3020,J3020,MN,lyon,LYON,0,27083,LAKE YANKTON TO BUFFALO RIDGE 115KV,,,,,27083,P::J3020,exact_state_county,100.0,1.0
P::J3019,J3019,LA,east feliciana,EAST FELICIANA,0,22037,FANCY POINT TO PORT HUDSON 230KV,,,,,22037,P::J3019,exact_state_county,100.0,1.0
P::J3018,J3018,IA,pottawattamie,POTTAWATTAMIE,0,19155,OVERLAND TRAIL FALLOW AVENUE 345KV,,,,,19155,P::J3018,exact_state_county,100.0,1.0
P::J3017,J3017,SD,grant,GRANT,0,46051,BIG STONE SOUTH 345KV SUBSTATION,,,,,46051,P::J3017,exact_state_county,100.0,1.0
P::J3016,J3016,IN,cass,CASS,0,18017,WALTON,,,,,18017,P::J3016,exact_state_county,100.0,1.0
P::J3035,J3035,AR,desha,DESHA,0,05041,REED SS ROHWER 115 0KV,,,,,05041,P::J3035,exact_state_county,100.0,1.0
P::J3036,J3036,AR,lonoke,LONOKE,0,05085,REMINGTON SS LONOKE EAST 115 0KV,,,,,05085,P::J3036,exact_state_county,100.0,1.0
P::J3037,J3037,AR,union,UNION,0,05139,ELDORADO UPLAND SS 115KV,,,,,05139,P::J3037,exact_state_county,100.0,1.0
P::J3038,J3038,AR,union,UNION,0,05139,EL DORADO UPLAND SS 115KV,,,,,05139,P::J3038,exact_state_county,100.0,1.0
P::J3058,J3058,AR,arkansas,ARKANSAS,0,05001,TARLETON,,,,,05001,P::J3058,exact_state_county,100.0,1.0
P::J3057,J3057,LA,acadia,ACADIA,0,22001,RICHARD BUS 335366 TO COLONIAL ACADEMY BUS 335375 138KV,,,,,22001,P::J3057,exact_state_county,100.0,1.0
P::J3056,J3056,LA,washington,WASHINGTON,0,22117,BOGALUSA 500 SS FRANKLIN EHV 500 0KV,,,,,22117,P::J3056,exact_state_county,100.0,1.0
P::J3055,J3055,LA,washington,WASHINGTON,0,22117,BOGALUSA 500 SS FRANKLIN EHV 500 0KV,,,,,22117,P::J3055,exact_state_county,100.0,1.0
P::J3054,J3054,LA,washington,WASHINGTON,0,22117,BOGSLUSA 500KV FRANKLIN EHV 500KV,,,,,22117,P::J3054,exact_state_county,100.0,1.0
P::J3053,J3053,MS,madison,MADISON,0,28089,LAKEOVER EHV MCADAMS EHV 500 0KV,,,,,28089,P::J3053,exact_state_county,100.0,1.0
P::J3052,J3052,MI,midland,MIDLAND,0,26111,MCV,,,,,26111,P::J3052,exact_state_county,100.0,1.0
P::J3051,J3051,MN,chisago,CHISAGO,0,27025,RUSH CITY 230KV,,,,,27025,P::J3051,exact_state_county,100.0,1.0
P::J3050,J3050,MI,calhoun,CALHOUN,0,26025,MAJESTIC ONEIDA 345 0KV,,,,,26025,P::J3050,exact_state_county,100.0,1.0
P::J3015,J3015,IL,iroquois,IROQUOIS,0,17075,GILMAN WATSEKA 138KV,,,,,17075,P::J3015,exact_state_county,100.0,1.0
P::J3049,J3049,MS,madison,MADISON,0,28089,LAKEOVER EHV MCADAMS EHV 500 0KV,,,,,28089,P::J3049,exact_state_county,100.0,1.0
P::J3047,J3047,IA,adair,ADAIR,0,19001,ORIENT NORTHBORO 345 0KV,,,,,19001,P::J3047,exact_state_county,100.0,1.0
P::J3046,J3046,LA,concordia,CONCORDIA,0,22029,RED GUM TO METROPOLIS 115KV,,,,,22029,P::J3046,exact_state_county,100.0,1.0
P::J3045,J3045,TX,orange,ORANGE,0,48361,CHISHOLM RD HARTBURG 230KV,,,,,48361,P::J3045,exact_state_county,100.0,1.0
P::J3044,J3044,IL,tazewell,TAZEWELL,0,17179,EDWARDS,,,,,17179,P::J3044,exact_state_county,100.0,1.0
P::J3043,J3043,IL,tazewell,TAZEWELL,0,17179,EDWARDS,,,,,17179,P::J3043,exact_state_county,100.0,1.0
P::J3042,J3042,LA,st. john the baptist,SAINT JOHN THE BAPTIST,0,22095,WATERFORD 230 SWYD VACHERIE 230 0KV,,,,,22095,P::J3042,exact_state_county,100.0,1.0
P::J3041,J3041,MN,olmsted,OLMSTED,0,27109,BYRON 161KV,,,,,27109,P::J3041,exact_state_county,100.0,1.0
P::J3040,J3040,AR,ouachita,OUACHITA,0,05103,EL DORADO EHV MCNEIL EHV 500 0KV,,,,,05103,P::J3040,exact_state_county,100.0,1.0
P::J3039,J3039,MN,olmsted,OLMSTED,0,27109,BYRON 161KV,,,,,27109,P::J3039,exact_state_county,100.0,1.0
P::J3048,J3048,AR,crawford,CRAWFORD,0,05033,MOSES SES TO AECC HUNTER NORTH,,,,,05033,P::J3048,exact_state_county,100.0,1.0
P::J2967,J2967,LA,jefferson davis,JEFFERSON DAVIS,0,22053,LOWE GROUT RD TO JENNINGS 138KV LINE,,,,,22053,P::J2967,exact_state_county,100.0,1.0
P::J3014,J3014,LA,rapides,RAPIDES,0,22079,COOPER LEESVILLE 138 0KV,,,,,22079,P::J3014,exact_state_county,100.0,1.0
P::J3012,J3012,IL,coles,COLES,0,17029,MATTOON EAST,,,,,17029,P::J3012,exact_state_county,100.0,1.0
P::J2987,J2987,IN,greene,GREENE,0,18055,MEROM PRIMARY WORTHINGTON PRIMARY 345 0KV,,,,,18055,P::J2987,exact_state_county,100.0,1.0
P::J2986,J2986,AR,arkansas,ARKANSAS,0,05001,AECC DELUCE GILLETT 115 0KV,,,,,05001,P::J2986,exact_state_county,100.0,1.0
P::J2985,J2985,AR,chicot,CHICOT,0,05017,AECC CHICOT EUDORA 115 0KV,,,,,05017,P::J2985,exact_state_county,100.0,1.0
P::J2984,J2984,AR,clay,CLAY,0,05021,CORNING NORTH TO DATTO 161KV LINE,,,,,05021,P::J2984,exact_state_county,100.0,1.0
P::J2983,J2983,AR,grant,GRANT,0,05053,WOODWARD 115 SUB AECC GRAPEVINE 115 0KV,,,,,05053,P::J2983,exact_state_county,100.0,1.0
P::J2982,J2982,IL,warren,WARREN,0,17187,LINE 6629 MONMOUTH 69KV SWITCHING STATION,,,,,17187,P::J2982,exact_state_county,100.0,1.0
P::J2981,J2981,MO,audrain,AUDRAIN,0,29007,AMEREN CENTRALIA 69KV SUBSTATION,,,,,29007,P::J2981,exact_state_county,100.0,1.0
P::J2980,J2980,MS,perry,PERRY,0,28111,HINTONVILLE 161 69KV SUBSTATION,,,,,28111,P::J2980,exact_state_county,100.0,1.0
P::J2979,J2979,IL,mason,MASON,0,17125,MASON CITY WEST 69KV SUBSTATION,,,,,17125,P::J2979,exact_state_county,100.0,1.0
P::J2978,J2978,AR,crittenden,CRITTENDEN,0,05035,WEST MEMPHIS EHV TO KEO 500KV,,,,,05035,P::J2978,exact_state_county,100.0,1.0
P::J2977,J2977,AR,bradley,BRADLEY,0,05011,AECC HERMITAGE SOUTH HILO 115KV,,,,,05011,P::J2977,exact_state_county,100.0,1.0
P::J2976,J2976,TX,jasper,JASPER,0,48241,MILL CREEK SW STATION 138KV,,,,,48241,P::J2976,exact_state_county,100.0,1.0
P::J2975,J2975,TX,jefferson,JEFFERSON,0,48245,BEVIL SUBSTATION 230KV,,,,,48245,P::J2975,exact_state_county,100.0,1.0
P::J2974,J2974,IL,adams,ADAMS,0,17001,4HULL 4HERLEMAN 138 0KV,,,,,17001,P::J2974,exact_state_county,100.0,1.0
P::J2973,J2973,IL,christian,CHRISTIAN,0,17021,7FARADAY 7PANA 345 0KV,,,,,17021,P::J2973,exact_state_county,100.0,1.0
P::J2972,J2972,IL,adams,ADAMS,0,17001,4HULL 4HERLEMAN 138 0KV,,,,,17001,P::J2972,exact_state_county,100.0,1.0
P::J2971,J2971,MS,covington,COVINGTON,0,28031,SOUTHWEST LONE STAR 161KV MISSISSIPPI HUB 161KV,,,,,28031,P::J2971,exact_state_county,100.0,1.0
P::J2970,J2970,IN,posey,POSEY,0,18129,AB BROWN 345 GIBSON DUKE TERMINAL 345 0KV,,,,,18129,P::J2970,exact_state_county,100.0,1.0
P::J2969,J2969,MI,kalkaska,KALKASKA,0,26079,KALKASKA GEN,,,,,26079,P::J2969,exact_state_county,100.0,1.0
P::J2988,J2988,IA,humboldt,HUMBOLDT,0,19091,J2256 POI IRVINGTON 345KV LINE,,,,,19091,P::J2988,exact_state_county,100.0,1.0
P::J2989,J2989,IA,hardin,HARDIN,0,19083,BLACKHAWK MEC QUINN 345KV,,,,,19083,P::J2989,exact_state_county,100.0,1.0
P::J2990,J2990,IA,pottawattamie,POTTAWATTAMIE,0,19155,OVERLAND J1859 POI 345KV LINE TAP,,,,,19155,P::J2990,exact_state_county,100.0,1.0
P::J2991,J2991,MI,wayne,WAYNE,0,26163,DAYTON 120KV SUBSTATION,,,,,26163,P::J2991,exact_state_county,100.0,1.0
P::J3011,J3011,IL,st. clair,SAINT CLAIR,0,17163,PRAIRIE STATE PLANT SWITCHYARD 345KV,,,,,17163,P::J3011,exact_state_county,100.0,1.0
P::J3010,J3010,IN,clay,CLAY,0,18021,TAP ON THE CARBON TO BRAZIL 69KV LINE,,,,,18021,P::J3010,exact_state_county,100.0,1.0
P::J3009,J3009,MI,washtenaw,WASHTENAW,0,26161,VOYAGER,,,,,26161,P::J3009,exact_state_county,100.0,1.0
P::J3008,J3008,IL,cook,COOK,0,17031,SHEFFIELD BURNHAM 345 TIE LINE BETWEEN CE AND NIPS NIPS OWNS 1 87 MILES,,,,,17031,P::J3008,exact_state_county,100.0,1.0
P::J3007,J3007,MI,mason,MASON,0,26105,PERE MARQUETTE LINDEMAN 138 0KV,,,,,26105,P::J3007,exact_state_county,100.0,1.0
P::J3006,J3006,WI,milwaukee,MILWAUKEE,0,55079,GRANVILLE345KV SUBSTATION,,,,,55079,P::J3006,exact_state_county,100.0,1.0
P::J3005,J3005,IL,mason,MASON,0,17125,HAVANA SHOCKEY 138KV,,,,,17125,P::J3005,exact_state_county,100.0,1.0
P::J3004,J3004,IL,mason,MASON,0,17125,CANE,,,,,17125,P::J3004,exact_state_county,100.0,1.0
P::J3003,J3003,IL,mason,MASON,0,17125,4HAVANA2 4CINCINATTI 138 0KV,,,,,17125,P::J3003,exact_state_county,100.0,1.0
P::J3013,J3013,IL,washington,WASHINGTON,0,17189,ASHLEY,,,,,17189,P::J3013,exact_state_county,100.0,1.0
P::J3002,J3002,MN,pine,PINE,0,27115,ARROWHEAD BEAR CREEK GRE 230KV,,,,,27115,P::J3002,exact_state_county,100.0,1.0
P::J3000,J3000,IN,greene,GREENE,0,18055,WORTHINGTON MEROM 345KV LINE,,,,,18055,P::J3000,exact_state_county,100.0,1.0
P::J2999,J2999,MS,perry,PERRY,0,28111,HINTONVILLE,,,,,28111,P::J2999,exact_state_county,100.0,1.0
P::J2998,J2998,IL,st. clair,SAINT CLAIR,0,17163,FAYETTEVILLE BEE HOLLOW ROAD 138KV SUBSTATION,,,,,17163,P::J2998,exact_state_county,100.0,1.0
P::J2997,J2997,MI,livingston,LIVINGSTON,0,26093,COLFAX MADRID 120 0KV,,,,,26093,P::J2997,exact_state_county,100.0,1.0
P::J2996,J2996,AR,clay,CLAY,0,05021,CORNING NORTH TO DATTO 161KV LINE,,,,,05021,P::J2996,exact_state_county,100.0,1.0
P::J2995,J2995,AR,chicot,CHICOT,0,05017,CHICOT115KV SUBSTATION,,,,,05017,P::J2995,exact_state_county,100.0,1.0
P::J2994,J2994,AR,arkansas,ARKANSAS,0,05001,DELUCE 115KV,,,,,05001,P::J2994,exact_state_county,100.0,1.0
P::J2993,J2993,AR,grant,GRANT,0,05053,WOODWARD GRAPEVINE 115KV LINE,,,,,05053,P::J2993,exact_state_county,100.0,1.0
P::J2992,J2992,MS,perry,PERRY,0,28111,HINTONVILLE 161KV SUBSTATION,,,,,28111,P::J2992,exact_state_county,100.0,1.0
P::J3001,J3001,AR,pulaski,PULASKI,0,05119,J2134 POI TO WHITE BLUFF 115KV LINE,,,,,05119,P::J3001,exact_state_county,100.0,1.0
P::S1127,S1127,MS,Washington,WASHINGTON,0,28151,GERALD ANDRUS SES SWYD TINNIN ROAD 230 0KV,,,,,28151,P::S1127,existing_fips,100.0,1.0
