project_key,berkeley_project_id,miso_project_id,match_method,match_confidence,review_status,berkeley_capacity_mw,miso_capacity_mw,capacity_difference_mw,capacity_conflict_flag
P::J1000,J1000,J1000,exact_normalized_queue_id,1.0,accepted,50.0,50.0,0.0,False
P::J1001,J1001,J1001,exact_normalized_queue_id,1.0,accepted,40.0,40.0,0.0,False
P::J1002,J1002,J1002,exact_normalized_queue_id,1.0,accepted,99.0,99.0,0.0,False
P::J1003,J1003,J1003,exact_normalized_queue_id,1.0,accepted,50.0,50.0,0.0,False
P::J1004,J1004,J1004,exact_normalized_queue_id,1.0,accepted,800.0,800.0,0.0,False
P::J1005,J1005,J1005,exact_normalized_queue_id,1.0,accepted,200.0,200.0,0.0,False
P::J1006,J1006,J1006,exact_normalized_queue_id,1.0,accepted,100.0,100.0,0.0,False
P::J1007,J1007,J1007,exact_normalized_queue_id,1.0,accepted,200.0,200.0,0.0,False
P::J1008,J1008,J1008,exact_normalized_queue_id,1.0,accepted,50.0,50.0,0.0,False
P::J1009,J1009,J1009,exact_normalized_queue_id,1.0,accepted,400.0,400.0,0.0,False
P::J1010,J1010,J1010,exact_normalized_queue_id,1.0,accepted,400.0,400.0,0.0,False
P::J1011,J1011,J1011,exact_normalized_queue_id,1.0,accepted,400.0,400.0,0.0,False
P::J1012,J1012,J1012,exact_normalized_queue_id,1.0,accepted,100.0,100.0,0.0,False
P::J1013,J1013,J1013,exact_normalized_queue_id,1.0,accepted,80.0,80.0,0.0,False
P::J1014,J1014,J1014,exact_normalized_queue_id,1.0,accepted,80.0,80.0,0.0,False
P::J1015,J1015,J1015,exact_normalized_queue_id,1.0,accepted,80.0,80.0,0.0,False
P::J1016,J1016,J1016,exact_normalized_queue_id,1.0,accepted,50.0,50.0,0.0,False
P::J1017,J1017,J1017,exact_normalized_queue_id,1.0,accepted,125.0,125.0,0.0,False
P::J1018,J1018,J1018,exact_normalized_queue_id,1.0,accepted,150.0,150.0,0.0,False
P::J1019,J1019,J1019,exact_normalized_queue_id,1.0,accepted,150.0,150.0,0.0,False
P::J1020,J1020,J1020,exact_normalized_queue_id,1.0,accepted,250.0,250.0,0.0,False
P::J1021,J1021,J1021,exact_normalized_queue_id,1.0,accepted,200.0,200.0,0.0,False
P::J1022,J1022,J1022,exact_normalized_queue_id,1.0,accepted,150.0,150.0,0.0,False
P::J1023,J1023,J1023,exact_normalized_queue_id,1.0,accepted,82.0,82.0,0.0,False
P::J1024,J1024,J1024,exact_normalized_queue_id,1.0,accepted,200.0,200.0,0.0,False
P::J1025,J1025,J1025,exact_normalized_queue_id,1.0,accepted,300.0,300.0,0.0,False
P::J1026,J1026,J1026,exact_normalized_queue_id,1.0,accepted,400.0,400.0,0.0,False
P::J1027,J1027,J1027,exact_normalized_queue_id,1.0,accepted,150.0,150.0,0.0,False
P::J1028,J1028,J1028,exact_normalized_queue_id,1.0,accepted,150.0,150.0,0.0,False
P::J1029,J1029,J1029,exact_normalized_queue_id,1.0,accepted,200.0,200.0,0.0,False
P::J1030,J1030,J1030,exact_normalized_queue_id,1.0,accepted,150.0,150.0,0.0,False
P::J1031,J1031,J1031,exact_normalized_queue_id,1.0,accepted,150.0,150.0,0.0,False
P::J1032,J1032,J1032,exact_normalized_queue_id,1.0,accepted,50.0,50.0,0.0,False
P::J1033,J1033,J1033,exact_normalized_queue_id,1.0,accepted,50.0,50.0,0.0,False
P::J1034,J1034,J1034,exact_normalized_queue_id,1.0,accepted,225.0,225.0,0.0,False
P::J1035,J1035,J1035,exact_normalized_queue_id,1.0,accepted,75.0,75.0,0.0,False
P::J1036,J1036,J1036,exact_normalized_queue_id,1.0,accepted,130.0,130.0,0.0,False
P::J1037,J1037,J1037,exact_normalized_queue_id,1.0,accepted,15.0,15.0,0.0,False
P::J1038,J1038,J1038,exact_normalized_queue_id,1.0,accepted,32.5,32.5,0.0,False
P::J1039,J1039,J1039,exact_normalized_queue_id,1.0,accepted,50.0,50.0,0.0,False
P::J1040,J1040,J1040,exact_normalized_queue_id,1.0,accepted,250.0,250.0,0.0,False
P::J1041,J1041,J1041,exact_normalized_queue_id,1.0,accepted,20.0,20.0,0.0,False
P::J1042,J1042,J1042,exact_normalized_queue_id,1.0,accepted,200.0,200.0,0.0,False
P::J1043,J1043,J1043,exact_normalized_queue_id,1.0,accepted,374.4,374.4,0.0,False
P::J1044,J1044,J1044,exact_normalized_queue_id,1.0,accepted,200.0,200.0,0.0,False
P::J1045,J1045,J1045,exact_normalized_queue_id,1.0,accepted,20.0,20.0,0.0,False
P::J1046,J1046,J1046,exact_normalized_queue_id,1.0,accepted,50.0,50.0,0.0,False
P::J1047,J1047,J1047,exact_normalized_queue_id,1.0,accepted,200.0,200.0,0.0,False
P::J1048,J1048,J1048,exact_normalized_queue_id,1.0,accepted,250.0,250.0,0.0,False
P::J1049,J1049,J1049,exact_normalized_queue_id,1.0,accepted,250.0,250.0,0.0,False
P::J1050,J1050,J1050,exact_normalized_queue_id,1.0,accepted,225.0,225.0,0.0,False
P::J1051,J1051,J1051,exact_normalized_queue_id,1.0,accepted,50.0,50.0,0.0,False
P::J1052,J1052,J1052,exact_normalized_queue_id,1.0,accepted,100.0,100.0,0.0,False
P::J1053,J1053,J1053,exact_normalized_queue_id,1.0,accepted,300.0,300.0,0.0,False
P::J1054,J1054,J1054,exact_normalized_queue_id,1.0,accepted,30.0,30.0,0.0,False
P::J1055,J1055,J1055,exact_normalized_queue_id,1.0,accepted,144.0,144.0,0.0,False
P::J1056,J1056,J1056,exact_normalized_queue_id,1.0,accepted,200.0,200.0,0.0,False
P::J1057,J1057,J1057,exact_normalized_queue_id,1.0,accepted,125.0,125.0,0.0,False
P::J1058,J1058,J1058,exact_normalized_queue_id,1.0,accepted,300.0,300.0,0.0,False
P::J1059,J1059,J1059,exact_normalized_queue_id,1.0,accepted,300.0,300.0,0.0,False
P::J1060,J1060,J1060,exact_normalized_queue_id,1.0,accepted,500.0,500.0,0.0,False
P::J1061,J1061,J1061,exact_normalized_queue_id,1.0,accepted,300.0,300.0,0.0,False
P::J1062,J1062,J1062,exact_normalized_queue_id,1.0,accepted,200.0,200.0,0.0,False
P::J1063,J1063,J1063,exact_normalized_queue_id,1.0,accepted,195.0,195.0,0.0,False
P::J1064,J1064,J1064,exact_normalized_queue_id,1.0,accepted,200.0,200.0,0.0,False
P::J1065,J1065,J1065,exact_normalized_queue_id,1.0,accepted,200.0,200.0,0.0,False
P::J1066,J1066,J1066,exact_normalized_queue_id,1.0,accepted,44.0,44.0,0.0,False
P::J1067,J1067,J1067,exact_normalized_queue_id,1.0,accepted,240.0,240.0,0.0,False
P::J1068,J1068,J1068,exact_normalized_queue_id,1.0,accepted,200.0,200.0,0.0,False
P::J1069,J1069,J1069,exact_normalized_queue_id,1.0,accepted,200.0,200.0,0.0,False
P::J1070,J1070,J1070,exact_normalized_queue_id,1.0,accepted,100.0,100.0,0.0,False
P::J1071,J1071,J1071,exact_normalized_queue_id,1.0,accepted,100.0,100.0,0.0,False
P::J1072,J1072,J1072,exact_normalized_queue_id,1.0,accepted,150.0,150.0,0.0,False
P::J1073,J1073,J1073,exact_normalized_queue_id,1.0,accepted,300.0,300.0,0.0,False
P::J1074,J1074,J1074,exact_normalized_queue_id,1.0,accepted,200.0,200.0,0.0,False
P::J1075,J1075,J1075,exact_normalized_queue_id,1.0,accepted,350.0,350.0,0.0,False
P::J1076,J1076,J1076,exact_normalized_queue_id,1.0,accepted,200.0,200.0,0.0,False
P::J1077,J1077,J1077,exact_normalized_queue_id,1.0,accepted,250.0,250.0,0.0,False
P::J1078,J1078,J1078,exact_normalized_queue_id,1.0,accepted,300.0,300.0,0.0,False
P::J1079,J1079,J1079,exact_normalized_queue_id,1.0,accepted,200.0,200.0,0.0,False
P::J1080,J1080,J1080,exact_normalized_queue_id,1.0,accepted,99.0,99.0,0.0,False
P::J1081,J1081,J1081,exact_normalized_queue_id,1.0,accepted,300.0,300.0,0.0,False
P::J1082,J1082,J1082,exact_normalized_queue_id,1.0,accepted,400.0,400.0,0.0,False
P::J1083,J1083,J1083,exact_normalized_queue_id,1.0,accepted,70.0,70.0,0.0,False
P::J1084,J1084,J1084,exact_normalized_queue_id,1.0,accepted,150.0,150.0,0.0,False
P::J1085,J1085,J1085,exact_normalized_queue_id,1.0,accepted,300.0,300.0,0.0,False
P::J1086,J1086,J1086,exact_normalized_queue_id,1.0,accepted,120.0,120.0,0.0,False
P::J1087,J1087,J1087,exact_normalized_queue_id,1.0,accepted,200.0,200.0,0.0,False
P::J1088,J1088,J1088,exact_normalized_queue_id,1.0,accepted,150.0,150.0,0.0,False
P::J1089,J1089,J1089,exact_normalized_queue_id,1.0,accepted,170.0,170.0,0.0,False
P::J1090,J1090,J1090,exact_normalized_queue_id,1.0,accepted,90.0,90.0,0.0,False
P::J1091,J1091,J1091,exact_normalized_queue_id,1.0,accepted,150.0,150.0,0.0,False
P::J1092,J1092,J1092,exact_normalized_queue_id,1.0,accepted,100.0,100.0,0.0,False
P::J1093,J1093,J1093,exact_normalized_queue_id,1.0,accepted,200.0,200.0,0.0,False
P::J1094,J1094,J1094,exact_normalized_queue_id,1.0,accepted,150.0,150.0,0.0,False
P::J1095,J1095,J1095,exact_normalized_queue_id,1.0,accepted,300.0,300.0,0.0,False
P::J1096,J1096,J1096,exact_normalized_queue_id,1.0,accepted,150.0,150.0,0.0,False
P::J1097,J1097,J1097,exact_normalized_queue_id,1.0,accepted,500.0,500.0,0.0,False
P::J1098,J1098,J1098,exact_normalized_queue_id,1.0,accepted,40.0,40.0,0.0,False
P::J1099,J1099,J1099,exact_normalized_queue_id,1.0,accepted,200.0,200.0,0.0,False
P::J1100,J1100,J1100,exact_normalized_queue_id,1.0,accepted,200.0,200.0,0.0,False
P::J1101,J1101,J1101,exact_normalized_queue_id,1.0,accepted,20.0,20.0,0.0,False
P::J1102,J1102,J1102,exact_normalized_queue_id,1.0,accepted,70.0,70.0,0.0,False
P::J1103,J1103,J1103,exact_normalized_queue_id,1.0,accepted,20.0,20.0,0.0,False
P::J1104,J1104,J1104,exact_normalized_queue_id,1.0,accepted,100.0,100.0,0.0,False
P::J1105,J1105,J1105,exact_normalized_queue_id,1.0,accepted,200.0,200.0,0.0,False
P::J1106,J1106,J1106,exact_normalized_queue_id,1.0,accepted,414.0,414.0,0.0,False
P::J1107,J1107,J1107,exact_normalized_queue_id,1.0,accepted,200.0,200.0,0.0,False
P::J1108,J1108,J1108,exact_normalized_queue_id,1.0,accepted,150.0,150.0,0.0,False
P::J1109,J1109,J1109,exact_normalized_queue_id,1.0,accepted,207.0,207.0,0.0,False
P::J1110,J1110,J1110,exact_normalized_queue_id,1.0,accepted,100.0,100.0,0.0,False
P::J1111,J1111,J1111,exact_normalized_queue_id,1.0,accepted,150.0,150.0,0.0,False
P::J1112,J1112,J1112,exact_normalized_queue_id,1.0,accepted,150.0,150.0,0.0,False
P::J1113,J1113,J1113,exact_normalized_queue_id,1.0,accepted,85.0,85.0,0.0,False
P::J1114,J1114,J1114,exact_normalized_queue_id,1.0,accepted,200.0,200.0,0.0,False
P::J1115,J1115,J1115,exact_normalized_queue_id,1.0,accepted,200.0,200.0,0.0,False
P::J1116,J1116,J1116,exact_normalized_queue_id,1.0,accepted,100.0,100.0,0.0,False
P::J1117,J1117,J1117,exact_normalized_queue_id,1.0,accepted,80.0,80.0,0.0,False
P::J1118,J1118,J1118,exact_normalized_queue_id,1.0,accepted,150.0,150.0,0.0,False
P::J1119,J1119,J1119,exact_normalized_queue_id,1.0,accepted,600.0,600.0,0.0,False
P::J1120,J1120,J1120,exact_normalized_queue_id,1.0,accepted,145.0,145.0,0.0,False
P::J1121,J1121,J1121,exact_normalized_queue_id,1.0,accepted,200.0,200.0,0.0,False
P::J1122,J1122,J1122,exact_normalized_queue_id,1.0,accepted,200.0,200.0,0.0,False
P::J1123,J1123,J1123,exact_normalized_queue_id,1.0,accepted,150.0,150.0,0.0,False
P::J1124,J1124,J1124,exact_normalized_queue_id,1.0,accepted,100.0,100.0,0.0,False
P::J1125,J1125,J1125,exact_normalized_queue_id,1.0,accepted,135.0,135.0,0.0,False
P::J1126,J1126,J1126,exact_normalized_queue_id,1.0,accepted,1.1,1.1,0.0,False
P::J1127,J1127,J1127,exact_normalized_queue_id,1.0,accepted,49.9,49.9,0.0,False
P::J1128,J1128,J1128,exact_normalized_queue_id,1.0,accepted,150.0,150.0,0.0,False
P::J1129,J1129,J1129,exact_normalized_queue_id,1.0,accepted,65.0,65.0,0.0,False
P::J1130,J1130,J1130,exact_normalized_queue_id,1.0,accepted,1110.0,1110.0,0.0,False
P::J1131,J1131,J1131,exact_normalized_queue_id,1.0,accepted,100.0,100.0,0.0,False
P::J1132,J1132,J1132,exact_normalized_queue_id,1.0,accepted,50.0,50.0,0.0,False
P::J1133,J1133,J1133,exact_normalized_queue_id,1.0,accepted,100.0,100.0,0.0,False
P::J1134,J1134,J1134,exact_normalized_queue_id,1.0,accepted,100.0,100.0,0.0,False
P::J1135,J1135,J1135,exact_normalized_queue_id,1.0,accepted,50.0,50.0,0.0,False
P::J1136,J1136,J1136,exact_normalized_queue_id,1.0,accepted,100.0,100.0,0.0,False
P::J1137,J1137,J1137,exact_normalized_queue_id,1.0,accepted,100.0,100.0,0.0,False
P::J1138,J1138,J1138,exact_normalized_queue_id,1.0,accepted,70.0,70.0,0.0,False
P::J1139,J1139,J1139,exact_normalized_queue_id,1.0,accepted,150.0,150.0,0.0,False
P::J1140,J1140,J1140,exact_normalized_queue_id,1.0,accepted,80.0,80.0,0.0,False
P::J1141,J1141,J1141,exact_normalized_queue_id,1.0,accepted,17.0,17.0,0.0,False
P::J1142,J1142,J1142,exact_normalized_queue_id,1.0,accepted,20.0,20.0,0.0,False
P::J1143,J1143,J1143,exact_normalized_queue_id,1.0,accepted,100.0,100.0,0.0,False
P::J1144,J1144,J1144,exact_normalized_queue_id,1.0,accepted,96.0,96.0,0.0,False
P::J1145,J1145,J1145,exact_normalized_queue_id,1.0,accepted,250.0,250.0,0.0,False
P::J1146,J1146,J1146,exact_normalized_queue_id,1.0,accepted,10.0,10.0,0.0,False
P::J1147,J1147,J1147,exact_normalized_queue_id,1.0,accepted,100.0,100.0,0.0,False
P::J1148,J1148,J1148,exact_normalized_queue_id,1.0,accepted,54.0,54.0,0.0,False
P::J1149,J1149,J1149,exact_normalized_queue_id,1.0,accepted,200.0,200.0,0.0,False
P::J1150,J1150,J1150,exact_normalized_queue_id,1.0,accepted,30.0,30.0,0.0,False
P::J1151,J1151,J1151,exact_normalized_queue_id,1.0,accepted,252.0,252.0,0.0,False
P::J1152,J1152,J1152,exact_normalized_queue_id,1.0,accepted,200.0,200.0,0.0,False
P::J1153,J1153,J1153,exact_normalized_queue_id,1.0,accepted,150.0,150.0,0.0,False
P::J1154,J1154,J1154,exact_normalized_queue_id,1.0,accepted,75.0,75.0,0.0,False
P::J1155,J1155,J1155,exact_normalized_queue_id,1.0,accepted,150.0,150.0,0.0,False
P::J1156,J1156,J1156,exact_normalized_queue_id,1.0,accepted,150.0,150.0,0.0,False
P::J1157,J1157,J1157,exact_normalized_queue_id,1.0,accepted,100.0,100.0,0.0,False
P::J1158,J1158,J1158,exact_normalized_queue_id,1.0,accepted,70.0,70.0,0.0,False
P::J1159,J1159,J1159,exact_normalized_queue_id,1.0,accepted,100.0,100.0,0.0,False
P::J1160,J1160,J1160,exact_normalized_queue_id,1.0,accepted,100.23,100.23,0.0,False
P::J1161,J1161,J1161,exact_normalized_queue_id,1.0,accepted,100.23,100.23,0.0,False
P::J1162,J1162,J1162,exact_normalized_queue_id,1.0,accepted,80.0,80.0,0.0,False
P::J1163,J1163,J1163,exact_normalized_queue_id,1.0,accepted,120.0,120.0,0.0,False
P::J1164,J1164,J1164,exact_normalized_queue_id,1.0,accepted,80.0,80.0,0.0,False
P::J1165,J1165,J1165,exact_normalized_queue_id,1.0,accepted,150.0,150.0,0.0,False
P::J1166,J1166,J1166,exact_normalized_queue_id,1.0,accepted,50.0,50.0,0.0,False
P::J1167,J1167,J1167,exact_normalized_queue_id,1.0,accepted,50.0,50.0,0.0,False
P::J1168,J1168,J1168,exact_normalized_queue_id,1.0,accepted,80.0,80.0,0.0,False
P::J1169,J1169,J1169,exact_normalized_queue_id,1.0,accepted,50.0,50.0,0.0,False
P::J1170,J1170,J1170,exact_normalized_queue_id,1.0,accepted,200.0,200.0,0.0,False
P::J1171,J1171,J1171,exact_normalized_queue_id,1.0,accepted,100.0,100.0,0.0,False
P::J1172,J1172,J1172,exact_normalized_queue_id,1.0,accepted,50.0,50.0,0.0,False
P::J1173,J1173,J1173,exact_normalized_queue_id,1.0,accepted,80.0,80.0,0.0,False
P::J1174,J1174,J1174,exact_normalized_queue_id,1.0,accepted,165.0,165.0,0.0,False
P::J1175,J1175,J1175,exact_normalized_queue_id,1.0,accepted,165.0,165.0,0.0,False
P::J1176,J1176,J1176,exact_normalized_queue_id,1.0,accepted,145.0,145.0,0.0,False
P::J1177,J1177,J1177,exact_normalized_queue_id,1.0,accepted,300.0,300.0,0.0,False
P::J1178,J1178,J1178,exact_normalized_queue_id,1.0,accepted,65.0,65.0,0.0,False
P::J1179,J1179,J1179,exact_normalized_queue_id,1.0,accepted,300.0,300.0,0.0,False
P::J1180,J1180,J1180,exact_normalized_queue_id,1.0,accepted,75.0,75.0,0.0,False
P::J1181,J1181,J1181,exact_normalized_queue_id,1.0,accepted,200.0,200.0,0.0,False
P::J1182,J1182,J1182,exact_normalized_queue_id,1.0,accepted,250.0,250.0,0.0,False
P::J1183,J1183,J1183,exact_normalized_queue_id,1.0,accepted,1.35,1.35,0.0,False
P::J1184,J1184,J1184,exact_normalized_queue_id,1.0,accepted,50.0,50.0,0.0,False
P::J1185,J1185,J1185,exact_normalized_queue_id,1.0,accepted,200.0,200.0,0.0,False
P::J1186,J1186,J1186,exact_normalized_queue_id,1.0,accepted,100.0,100.0,0.0,False
P::J1187,J1187,J1187,exact_normalized_queue_id,1.0,accepted,151.8,151.8,0.0,False
P::J1188,J1188,J1188,exact_normalized_queue_id,1.0,accepted,50.0,50.0,0.0,False
P::J1189,J1189,J1189,exact_normalized_queue_id,1.0,accepted,5.0,5.0,0.0,False
P::J1190,J1190,J1190,exact_normalized_queue_id,1.0,accepted,200.0,200.0,0.0,False
P::J1191,J1191,J1191,exact_normalized_queue_id,1.0,accepted,64.0,64.0,0.0,False
P::J1192,J1192,J1192,exact_normalized_queue_id,1.0,accepted,35.0,35.0,0.0,False
P::J1193,J1193,J1193,exact_normalized_queue_id,1.0,accepted,103.1,103.1,0.0,False
P::J1194,J1194,J1194,exact_normalized_queue_id,1.0,accepted,225.2,225.2,0.0,False
P::J1195,J1195,J1195,exact_normalized_queue_id,1.0,accepted,150.4,150.4,0.0,False
P::J1196,J1196,J1196,exact_normalized_queue_id,1.0,accepted,200.0,200.0,0.0,False
P::J1197,J1197,J1197,exact_normalized_queue_id,1.0,accepted,75.0,75.0,0.0,False
P::J1198,J1198,J1198,exact_normalized_queue_id,0.9,accepted,51.8,51.8,0.0,False
P::J1199,J1199,J1199,exact_normalized_queue_id,0.9,accepted,20.0,20.0,0.0,False
P::J1200,J1200,J1200,exact_normalized_queue_id,0.9,accepted,24.2,24.2,0.0,False
P::J1201,J1201,J1201,exact_normalized_queue_id,0.9,accepted,44.2,44.2,0.0,False
P::J1202,J1202,J1202,exact_normalized_queue_id,0.9,accepted,68.4,68.4,0.0,False
P::J1203,J1203,J1203,exact_normalized_queue_id,1.0,accepted,125.0,125.0,0.0,False
P::J1204,J1204,J1204,exact_normalized_queue_id,1.0,accepted,199.3,199.3,0.0,False
P::J1205,J1205,J1205,exact_normalized_queue_id,1.0,accepted,125.0,125.0,0.0,False
P::J1206,J1206,J1206,exact_normalized_queue_id,1.0,accepted,50.0,50.0,0.0,False
P::J1207,J1207,J1207,exact_normalized_queue_id,1.0,accepted,50.0,50.0,0.0,False
P::J1208,J1208,J1208,exact_normalized_queue_id,1.0,accepted,80.0,80.0,0.0,False
P::J1209,J1209,J1209,exact_normalized_queue_id,1.0,accepted,80.0,80.0,0.0,False
P::J1210,J1210,J1210,exact_normalized_queue_id,1.0,accepted,50.0,50.0,0.0,False
P::J1211,J1211,J1211,exact_normalized_queue_id,1.0,accepted,50.0,50.0,0.0,False
P::J1212,J1212,J1212,exact_normalized_queue_id,1.0,accepted,60.0,60.0,0.0,False
P::J1213,J1213,J1213,exact_normalized_queue_id,1.0,accepted,60.0,60.0,0.0,False
P::J1214,J1214,J1214,exact_normalized_queue_id,1.0,accepted,300.0,300.0,0.0,False
P::J1215,J1215,J1215,exact_normalized_queue_id,1.0,accepted,200.0,200.0,0.0,False
P::J1216,J1216,J1216,exact_normalized_queue_id,1.0,accepted,250.0,250.0,0.0,False
P::J1217,J1217,J1217,exact_normalized_queue_id,1.0,accepted,200.0,200.0,0.0,False
P::J1218,J1218,J1218,exact_normalized_queue_id,1.0,accepted,200.0,200.0,0.0,False
P::J1219,J1219,J1219,exact_normalized_queue_id,1.0,accepted,100.0,100.0,0.0,False
P::J1220,J1220,J1220,exact_normalized_queue_id,1.0,accepted,200.0,200.0,0.0,False
P::J1221,J1221,J1221,exact_normalized_queue_id,1.0,accepted,150.0,150.0,0.0,False
P::J1222,J1222,J1222,exact_normalized_queue_id,1.0,accepted,200.0,200.0,0.0,False
P::J1223,J1223,J1223,exact_normalized_queue_id,1.0,accepted,150.0,150.0,0.0,False
P::J1224,J1224,J1224,exact_normalized_queue_id,1.0,accepted,170.0,170.0,0.0,False
P::J1225,J1225,J1225,exact_normalized_queue_id,1.0,accepted,160.0,160.0,0.0,False
P::J1226,J1226,J1226,exact_normalized_queue_id,1.0,accepted,200.0,200.0,0.0,False
P::J1227,J1227,J1227,exact_normalized_queue_id,1.0,accepted,125.0,125.0,0.0,False
P::J1228,J1228,J1228,exact_normalized_queue_id,1.0,accepted,100.0,100.0,0.0,False
P::J1229,J1229,J1229,exact_normalized_queue_id,1.0,accepted,50.0,50.0,0.0,False
P::J1230,J1230,J1230,exact_normalized_queue_id,1.0,accepted,40.0,40.0,0.0,False
P::J1231,J1231,J1231,exact_normalized_queue_id,1.0,accepted,125.0,125.0,0.0,False
P::J1232,J1232,J1232,exact_normalized_queue_id,1.0,accepted,99.0,99.0,0.0,False
P::J1233,J1233,J1233,exact_normalized_queue_id,1.0,accepted,32.5,32.5,0.0,False
P::J1234,J1234,J1234,exact_normalized_queue_id,1.0,accepted,100.0,100.0,0.0,False
P::J1235,J1235,J1235,exact_normalized_queue_id,1.0,accepted,50.0,50.0,0.0,False
P::J1236,J1236,J1236,exact_normalized_queue_id,1.0,accepted,50.0,50.0,0.0,False
P::J1237,J1237,J1237,exact_normalized_queue_id,1.0,accepted,175.0,175.0,0.0,False
P::J1238,J1238,J1238,exact_normalized_queue_id,1.0,accepted,50.0,50.0,0.0,False
P::J1239,J1239,J1239,exact_normalized_queue_id,1.0,accepted,100.0,100.0,0.0,False
P::J1240,J1240,J1240,exact_normalized_queue_id,1.0,accepted,135.0,135.0,0.0,False
P::J1241,J1241,J1241,exact_normalized_queue_id,1.0,accepted,200.0,200.0,0.0,False
P::J1242,J1242,J1242,exact_normalized_queue_id,1.0,accepted,25.0,25.0,0.0,False
P::J1243,J1243,J1243,exact_normalized_queue_id,1.0,accepted,25.0,25.0,0.0,False
P::J1244,J1244,J1244,exact_normalized_queue_id,1.0,accepted,38.4,38.4,0.0,False
P::J1245,J1245,J1245,exact_normalized_queue_id,1.0,accepted,50.0,50.0,0.0,False
P::J1246,J1246,J1246,exact_normalized_queue_id,1.0,accepted,725.2,725.2,0.0,False
P::J1247,J1247,J1247,exact_normalized_queue_id,1.0,accepted,16.98,16.98,0.0,False
P::J1248,J1248,J1248,exact_normalized_queue_id,1.0,accepted,100.0,100.0,0.0,False
P::J1249,J1249,J1249,exact_normalized_queue_id,1.0,accepted,600.0,600.0,0.0,False
P::J1250,J1250,J1250,exact_normalized_queue_id,1.0,accepted,35.0,35.0,0.0,False
P::J1251,J1251,J1251,exact_normalized_queue_id,1.0,accepted,100.0,100.0,0.0,False
P::J1252,J1252,J1252,exact_normalized_queue_id,1.0,accepted,20.0,20.0,0.0,False
P::J1253,J1253,J1253,exact_normalized_queue_id,1.0,accepted,100.0,100.0,0.0,False
P::J1254,J1254,J1254,exact_normalized_queue_id,1.0,accepted,150.0,150.0,0.0,False
P::J1255,J1255,J1255,exact_normalized_queue_id,1.0,accepted,200.0,200.0,0.0,False
P::J1256,J1256,J1256,exact_normalized_queue_id,1.0,accepted,150.0,150.0,0.0,False
P::J1257,J1257,J1257,exact_normalized_queue_id,1.0,accepted,20.0,20.0,0.0,False
P::J1258,J1258,J1258,exact_normalized_queue_id,1.0,accepted,50.0,50.0,0.0,False
P::J1259,J1259,J1259,exact_normalized_queue_id,1.0,accepted,50.0,50.0,0.0,False
P::J1260,J1260,J1260,exact_normalized_queue_id,1.0,accepted,164.0,164.0,0.0,False
P::J1261,J1261,J1261,exact_normalized_queue_id,1.0,accepted,90.0,90.0,0.0,False
P::J1262,J1262,J1262,exact_normalized_queue_id,1.0,accepted,25.0,25.0,0.0,False
P::J1263,J1263,J1263,exact_normalized_queue_id,0.9,accepted,408.6,408.6,0.0,False
P::J1264,J1264,J1264,exact_normalized_queue_id,1.0,accepted,20.0,20.0,0.0,False
P::J1265,J1265,J1265,exact_normalized_queue_id,1.0,accepted,43.0,43.0,0.0,False
P::J1266,J1266,J1266,exact_normalized_queue_id,1.0,accepted,99.0,99.0,0.0,False
P::J1267,J1267,J1267,exact_normalized_queue_id,1.0,accepted,135.0,135.0,0.0,False
P::J1268,J1268,J1268,exact_normalized_queue_id,1.0,accepted,150.0,150.0,0.0,False
P::J1269,J1269,J1269,exact_normalized_queue_id,0.9,accepted,100.0,100.0,0.0,False
P::J1270,J1270,J1270,exact_normalized_queue_id,1.0,accepted,200.0,200.0,0.0,False
P::J1271,J1271,J1271,exact_normalized_queue_id,1.0,accepted,100.0,100.0,0.0,False
P::J1272,J1272,J1272,exact_normalized_queue_id,1.0,accepted,50.0,50.0,0.0,False
P::J1273,J1273,J1273,exact_normalized_queue_id,1.0,accepted,100.0,100.0,0.0,False
P::J1274,J1274,J1274,exact_normalized_queue_id,0.9,accepted,100.0,100.0,0.0,False
P::J1275,J1275,J1275,exact_normalized_queue_id,1.0,accepted,100.0,100.0,0.0,False
P::J1276,J1276,J1276,exact_normalized_queue_id,0.9,accepted,100.0,100.0,0.0,False
P::J1277,J1277,J1277,exact_normalized_queue_id,1.0,accepted,130.0,130.0,0.0,False
P::J1278,J1278,J1278,exact_normalized_queue_id,1.0,accepted,100.0,100.0,0.0,False
P::J1279,J1279,J1279,exact_normalized_queue_id,1.0,accepted,100.0,100.0,0.0,False
P::J1280,J1280,J1280,exact_normalized_queue_id,1.0,accepted,100.0,100.0,0.0,False
P::J1281,J1281,J1281,exact_normalized_queue_id,1.0,accepted,75.0,75.0,0.0,False
P::J1282,J1282,J1282,exact_normalized_queue_id,1.0,accepted,200.0,200.0,0.0,False
P::J1283,J1283,J1283,exact_normalized_queue_id,1.0,accepted,269.99,269.99,0.0,False
P::J1284,J1284,J1284,exact_normalized_queue_id,1.0,accepted,250.0,250.0,0.0,False
P::J1285,J1285,J1285,exact_normalized_queue_id,1.0,accepted,50.0,50.0,0.0,False
P::J1286,J1286,J1286,exact_normalized_queue_id,1.0,accepted,150.0,150.0,0.0,False
P::J1287,J1287,J1287,exact_normalized_queue_id,1.0,accepted,50.0,50.0,0.0,False
P::J1288,J1288,J1288,exact_normalized_queue_id,1.0,accepted,667.2,667.2,0.0,False
P::J1289,J1289,J1289,exact_normalized_queue_id,1.0,accepted,200.0,200.0,0.0,False
P::J1290,J1290,J1290,exact_normalized_queue_id,1.0,accepted,25.0,25.0,0.0,False
P::J1291,J1291,J1291,exact_normalized_queue_id,1.0,accepted,100.0,100.0,0.0,False
P::J1292,J1292,J1292,exact_normalized_queue_id,1.0,accepted,198.0,198.0,0.0,False
P::J1293,J1293,J1293,exact_normalized_queue_id,1.0,accepted,25.0,25.0,0.0,False
P::J1294,J1294,J1294,exact_normalized_queue_id,1.0,accepted,99.0,99.0,0.0,False
P::J1295,J1295,J1295,exact_normalized_queue_id,1.0,accepted,280.0,280.0,0.0,False
P::J1296,J1296,J1296,exact_normalized_queue_id,1.0,accepted,200.0,200.0,0.0,False
P::J1297,J1297,J1297,exact_normalized_queue_id,1.0,accepted,170.0,170.0,0.0,False
P::J1298,J1298,J1298,exact_normalized_queue_id,1.0,accepted,150.0,150.0,0.0,False
P::J1299,J1299,J1299,exact_normalized_queue_id,1.0,accepted,200.0,200.0,0.0,False
P::J1300,J1300,J1300,exact_normalized_queue_id,1.0,accepted,120.0,120.0,0.0,False
P::J1301,J1301,J1301,exact_normalized_queue_id,1.0,accepted,150.0,150.0,0.0,False
P::J1302,J1302,J1302,exact_normalized_queue_id,1.0,accepted,150.0,150.0,0.0,False
P::J1303,J1303,J1303,exact_normalized_queue_id,1.0,accepted,150.0,150.0,0.0,False
P::J1304,J1304,J1304,exact_normalized_queue_id,1.0,accepted,65.0,65.0,0.0,False
P::J1305,J1305,J1305,exact_normalized_queue_id,1.0,accepted,49.9,49.9,0.0,False
P::J1306,J1306,J1306,exact_normalized_queue_id,1.0,accepted,200.0,200.0,0.0,False
P::J1307,J1307,J1307,exact_normalized_queue_id,1.0,accepted,150.0,150.0,0.0,False
P::J1308,J1308,J1308,exact_normalized_queue_id,1.0,accepted,300.0,300.0,0.0,False
P::J1309,J1309,J1309,exact_normalized_queue_id,1.0,accepted,129.9,129.9,0.0,False
P::J1310,J1310,J1310,exact_normalized_queue_id,1.0,accepted,125.0,125.0,0.0,False
P::J1311,J1311,J1311,exact_normalized_queue_id,1.0,accepted,150.0,150.0,0.0,False
P::J1312,J1312,J1312,exact_normalized_queue_id,1.0,accepted,50.0,50.0,0.0,False
P::J1313,J1313,J1313,exact_normalized_queue_id,1.0,accepted,100.0,100.0,0.0,False
P::J1314,J1314,J1314,exact_normalized_queue_id,1.0,accepted,100.0,100.0,0.0,False
P::J1315,J1315,J1315,exact_normalized_queue_id,1.0,accepted,600.0,600.0,0.0,False
P::J1316,J1316,J1316,exact_normalized_queue_id,1.0,accepted,50.0,50.0,0.0,False
P::J1317,J1317,J1317,exact_normalized_queue_id,1.0,accepted,150.0,150.0,0.0,False
P::J1318,J1318,J1318,exact_normalized_queue_id,1.0,accepted,25.0,25.0,0.0,False
P::J1319,J1319,J1319,exact_normalized_queue_id,1.0,accepted,117.5,117.5,0.0,False
P::J1320,J1320,J1320,exact_normalized_queue_id,1.0,accepted,150.0,150.0,0.0,False
P::J1321,J1321,J1321,exact_normalized_queue_id,1.0,accepted,65.0,65.0,0.0,False
P::J1322,J1322,J1322,exact_normalized_queue_id,1.0,accepted,200.0,200.0,0.0,False
P::J1323,J1323,J1323,exact_normalized_queue_id,1.0,accepted,25.0,25.0,0.0,False
P::J1324,J1324,J1324,exact_normalized_queue_id,1.0,accepted,150.0,150.0,0.0,False
P::J1325,J1325,J1325,exact_normalized_queue_id,1.0,accepted,200.0,200.0,0.0,False
P::J1326,J1326,J1326,exact_normalized_queue_id,1.0,accepted,75.0,75.0,0.0,False
P::J1327,J1327,J1327,exact_normalized_queue_id,1.0,accepted,20.0,20.0,0.0,False
P::J1328,J1328,J1328,exact_normalized_queue_id,1.0,accepted,100.0,100.0,0.0,False
P::J1329,J1329,J1329,exact_normalized_queue_id,1.0,accepted,20.0,20.0,0.0,False
P::J1330,J1330,J1330,exact_normalized_queue_id,1.0,accepted,200.0,200.0,0.0,False
P::J1331,J1331,J1331,exact_normalized_queue_id,1.0,accepted,100.0,100.0,0.0,False
P::J1332,J1332,J1332,exact_normalized_queue_id,1.0,accepted,200.0,200.0,0.0,False
P::J1333,J1333,J1333,exact_normalized_queue_id,0.9,accepted,199.5,199.5,0.0,False
P::J1334,J1334,J1334,exact_normalized_queue_id,0.9,accepted,199.5,199.5,0.0,False
P::J1335,J1335,J1335,exact_normalized_queue_id,0.9,accepted,199.5,199.5,0.0,False
P::J1336,J1336,J1336,exact_normalized_queue_id,0.9,accepted,199.5,199.5,0.0,False
P::J1337,J1337,J1337,exact_normalized_queue_id,1.0,accepted,300.0,300.0,0.0,False
P::J1338,J1338,J1338,exact_normalized_queue_id,1.0,accepted,150.0,150.0,0.0,False
P::J1339,J1339,J1339,exact_normalized_queue_id,0.9,accepted,199.5,199.5,0.0,False
P::J1340,J1340,J1340,exact_normalized_queue_id,0.9,accepted,199.5,199.5,0.0,False
P::J1341,J1341,J1341,exact_normalized_queue_id,1.0,accepted,398.0,398.0,0.0,False
P::J1342,J1342,J1342,exact_normalized_queue_id,1.0,accepted,99.0,99.0,0.0,False
P::J1343,J1343,J1343,exact_normalized_queue_id,1.0,accepted,96.0,96.0,0.0,False
P::J1344,J1344,J1344,exact_normalized_queue_id,1.0,accepted,48.0,48.0,0.0,False
P::J1345,J1345,J1345,exact_normalized_queue_id,1.0,accepted,25.0,25.0,0.0,False
P::J1346,J1346,J1346,exact_normalized_queue_id,1.0,accepted,382.0,382.0,0.0,False
P::J1347,J1347,J1347,exact_normalized_queue_id,1.0,accepted,175.0,175.0,0.0,False
P::J1348,J1348,J1348,exact_normalized_queue_id,1.0,accepted,200.0,200.0,0.0,False
P::J1349,J1349,J1349,exact_normalized_queue_id,0.9,accepted,335.0,335.0,0.0,False
P::J1350,J1350,J1350,exact_normalized_queue_id,0.95,accepted,150.0,150.0,0.0,False
P::J1351,J1351,J1351,exact_normalized_queue_id,1.0,accepted,120.0,120.0,0.0,False
P::J1352,J1352,J1352,exact_normalized_queue_id,1.0,accepted,100.0,100.0,0.0,False
P::J1353,J1353,J1353,exact_normalized_queue_id,1.0,accepted,150.0,150.0,0.0,False
P::J1354,J1354,J1354,exact_normalized_queue_id,1.0,accepted,146.0,146.0,0.0,False
P::J1355,J1355,J1355,exact_normalized_queue_id,1.0,accepted,160.0,160.0,0.0,False
P::J1356,J1356,J1356,exact_normalized_queue_id,1.0,accepted,160.0,160.0,0.0,False
P::J1357,J1357,J1357,exact_normalized_queue_id,1.0,accepted,150.0,150.0,0.0,False
P::J1358,J1358,J1358,exact_normalized_queue_id,1.0,accepted,125.0,125.0,0.0,False
P::J1359,J1359,J1359,exact_normalized_queue_id,1.0,accepted,95.0,95.0,0.0,False
P::J1360,J1360,J1360,exact_normalized_queue_id,1.0,accepted,300.0,300.0,0.0,False
P::J1361,J1361,J1361,exact_normalized_queue_id,1.0,accepted,50.0,50.0,0.0,False
P::J1362,J1362,J1362,exact_normalized_queue_id,1.0,accepted,150.0,150.0,0.0,False
P::J1363,J1363,J1363,exact_normalized_queue_id,1.0,accepted,150.0,150.0,0.0,False
P::J1364,J1364,J1364,exact_normalized_queue_id,1.0,accepted,150.0,150.0,0.0,False
P::J1365,J1365,J1365,exact_normalized_queue_id,1.0,accepted,169.4,169.4,0.0,False
P::J1366,J1366,J1366,exact_normalized_queue_id,1.0,accepted,200.0,200.0,0.0,False
P::J1367,J1367,J1367,exact_normalized_queue_id,1.0,accepted,95.0,95.0,0.0,False
P::J1368,J1368,J1368,exact_normalized_queue_id,1.0,accepted,200.0,200.0,0.0,False
P::J1369,J1369,J1369,exact_normalized_queue_id,1.0,accepted,100.0,100.0,0.0,False
P::J1370,J1370,J1370,exact_normalized_queue_id,1.0,accepted,50.0,50.0,0.0,False
P::J1371,J1371,J1371,exact_normalized_queue_id,1.0,accepted,150.0,150.0,0.0,False
P::J1372,J1372,J1372,exact_normalized_queue_id,1.0,accepted,100.0,100.0,0.0,False
P::J1373,J1373,J1373,exact_normalized_queue_id,1.0,accepted,95.0,95.0,0.0,False
P::J1374,J1374,J1374,exact_normalized_queue_id,1.0,accepted,95.0,95.0,0.0,False
P::J1375,J1375,J1375,exact_normalized_queue_id,1.0,accepted,100.0,100.0,0.0,False
P::J1376,J1376,J1376,exact_normalized_queue_id,1.0,accepted,100.0,100.0,0.0,False
P::J1377,J1377,J1377,exact_normalized_queue_id,1.0,accepted,98.56,98.56,0.0,False
P::J1378,J1378,J1378,exact_normalized_queue_id,1.0,accepted,200.0,200.0,0.0,False
P::J1379,J1379,J1379,exact_normalized_queue_id,1.0,accepted,200.0,200.0,0.0,False
P::J1380,J1380,J1380,exact_normalized_queue_id,1.0,accepted,200.0,200.0,0.0,False
P::J1381,J1381,J1381,exact_normalized_queue_id,1.0,accepted,200.0,200.0,0.0,False
P::J1382,J1382,J1382,exact_normalized_queue_id,1.0,accepted,150.0,150.0,0.0,False
P::J1383,J1383,J1383,exact_normalized_queue_id,1.0,accepted,150.0,150.0,0.0,False
P::J1384,J1384,J1384,exact_normalized_queue_id,1.0,accepted,200.0,200.0,0.0,False
P::J1385,J1385,J1385,exact_normalized_queue_id,1.0,accepted,100.0,100.0,0.0,False
P::J1386,J1386,J1386,exact_normalized_queue_id,1.0,accepted,100.0,100.0,0.0,False
P::J1387,J1387,J1387,exact_normalized_queue_id,1.0,accepted,60.0,60.0,0.0,False
P::J1388,J1388,J1388,exact_normalized_queue_id,1.0,accepted,150.0,150.0,0.0,False
P::J1389,J1389,J1389,exact_normalized_queue_id,1.0,accepted,120.0,120.0,0.0,False
P::J1390,J1390,J1390,exact_normalized_queue_id,1.0,accepted,150.0,150.0,0.0,False
P::J1391,J1391,J1391,exact_normalized_queue_id,1.0,accepted,100.0,100.0,0.0,False
P::J1392,J1392,J1392,exact_normalized_queue_id,1.0,accepted,100.0,100.0,0.0,False
P::J1393,J1393,J1393,exact_normalized_queue_id,1.0,accepted,130.0,130.0,0.0,False
P::J1394,J1394,J1394,exact_normalized_queue_id,1.0,accepted,150.0,150.0,0.0,False
P::J1395,J1395,J1395,exact_normalized_queue_id,1.0,accepted,200.0,200.0,0.0,False
P::J1396,J1396,J1396,exact_normalized_queue_id,1.0,accepted,150.0,150.0,0.0,False
P::J1397,J1397,J1397,exact_normalized_queue_id,1.0,accepted,25.0,25.0,0.0,False
P::J1398,J1398,J1398,exact_normalized_queue_id,1.0,accepted,150.0,150.0,0.0,False
P::J1399,J1399,J1399,exact_normalized_queue_id,1.0,accepted,90.0,90.0,0.0,False
P::J1400,J1400,J1400,exact_normalized_queue_id,1.0,accepted,150.0,150.0,0.0,False
P::J1401,J1401,J1401,exact_normalized_queue_id,1.0,accepted,150.0,150.0,0.0,False
P::J1402,J1402,J1402,exact_normalized_queue_id,1.0,accepted,0.0,0.0,0.0,False
P::J1403,J1403,J1403,exact_normalized_queue_id,1.0,accepted,200.0,200.0,0.0,False
P::J1404,J1404,J1404,exact_normalized_queue_id,1.0,accepted,167.0,167.0,0.0,False
P::J1405,J1405,J1405,exact_normalized_queue_id,1.0,accepted,140.0,140.0,0.0,False
P::J1406,J1406,J1406,exact_normalized_queue_id,1.0,accepted,25.2,25.2,0.0,False
P::J1407,J1407,J1407,exact_normalized_queue_id,1.0,accepted,100.0,100.0,0.0,False
P::J1408,J1408,J1408,exact_normalized_queue_id,0.9,accepted,100.0,100.0,0.0,False
P::J1409,J1409,J1409,exact_normalized_queue_id,1.0,accepted,25.0,25.0,0.0,False
P::J1410,J1410,J1410,exact_normalized_queue_id,1.0,accepted,300.0,300.0,0.0,False
P::J1411,J1411,J1411,exact_normalized_queue_id,1.0,accepted,75.0,75.0,0.0,False
P::J1412,J1412,J1412,exact_normalized_queue_id,1.0,accepted,250.0,250.0,0.0,False
P::J1413,J1413,J1413,exact_normalized_queue_id,1.0,accepted,300.0,300.0,0.0,False
P::J1414,J1414,J1414,exact_normalized_queue_id,1.0,accepted,150.0,150.0,0.0,False
P::J1415,J1415,J1415,exact_normalized_queue_id,1.0,accepted,250.0,250.0,0.0,False
P::J1416,J1416,J1416,exact_normalized_queue_id,1.0,accepted,149.0,149.0,0.0,False
P::J1417,J1417,J1417,exact_normalized_queue_id,1.0,accepted,75.0,75.0,0.0,False
P::J1418,J1418,J1418,exact_normalized_queue_id,1.0,accepted,100.0,100.0,0.0,False
P::J1419,J1419,J1419,exact_normalized_queue_id,1.0,accepted,250.0,250.0,0.0,False
P::J1420,J1420,J1420,exact_normalized_queue_id,1.0,accepted,48.0,48.0,0.0,False
P::J1421,J1421,J1421,exact_normalized_queue_id,1.0,accepted,300.0,300.0,0.0,False
P::J1422,J1422,J1422,exact_normalized_queue_id,0.9,accepted,150.0,150.0,0.0,False
P::J1423,J1423,J1423,exact_normalized_queue_id,1.0,accepted,100.0,100.0,0.0,False
P::J1424,J1424,J1424,exact_normalized_queue_id,1.0,accepted,200.0,200.0,0.0,False
P::J1425,J1425,J1425,exact_normalized_queue_id,1.0,accepted,114.0,114.0,0.0,False
P::J1426,J1426,J1426,exact_normalized_queue_id,1.0,accepted,100.0,100.0,0.0,False
P::J1427,J1427,J1427,exact_normalized_queue_id,1.0,accepted,400.0,400.0,0.0,False
P::J1428,J1428,J1428,exact_normalized_queue_id,1.0,accepted,200.0,200.0,0.0,False
P::J1429,J1429,J1429,exact_normalized_queue_id,1.0,accepted,24.0,24.0,0.0,False
P::J1430,J1430,J1430,exact_normalized_queue_id,1.0,accepted,100.0,100.0,0.0,False
P::J1431,J1431,J1431,exact_normalized_queue_id,1.0,accepted,200.0,200.0,0.0,False
P::J1432,J1432,J1432,exact_normalized_queue_id,1.0,accepted,250.0,250.0,0.0,False
P::J1433,J1433,J1433,exact_normalized_queue_id,1.0,accepted,50.0,50.0,0.0,False
P::J1434,J1434,J1434,exact_normalized_queue_id,1.0,accepted,100.0,100.0,0.0,False
P::J1435,J1435,J1435,exact_normalized_queue_id,1.0,accepted,100.0,100.0,0.0,False
P::J1436,J1436,J1436,exact_normalized_queue_id,1.0,accepted,50.0,50.0,0.0,False
P::J1437,J1437,J1437,exact_normalized_queue_id,1.0,accepted,180.0,180.0,0.0,False
P::J1438,J1438,J1438,exact_normalized_queue_id,1.0,accepted,100.0,100.0,0.0,False
P::J1439,J1439,J1439,exact_normalized_queue_id,1.0,accepted,40.0,40.0,0.0,False
P::J1440,J1440,J1440,exact_normalized_queue_id,1.0,accepted,160.0,160.0,0.0,False
P::J1441,J1441,J1441,exact_normalized_queue_id,1.0,accepted,200.0,200.0,0.0,False
P::J1442,J1442,J1442,exact_normalized_queue_id,1.0,accepted,165.0,165.0,0.0,False
P::J1443,J1443,J1443,exact_normalized_queue_id,1.0,accepted,100.0,100.0,0.0,False
P::J1444,J1444,J1444,exact_normalized_queue_id,1.0,accepted,200.0,200.0,0.0,False
P::J1445,J1445,J1445,exact_normalized_queue_id,1.0,accepted,100.0,100.0,0.0,False
P::J1446,J1446,J1446,exact_normalized_queue_id,1.0,accepted,150.0,150.0,0.0,False
P::J1447,J1447,J1447,exact_normalized_queue_id,1.0,accepted,250.0,250.0,0.0,False
P::J1448,J1448,J1448,exact_normalized_queue_id,1.0,accepted,150.0,150.0,0.0,False
P::J1449,J1449,J1449,exact_normalized_queue_id,1.0,accepted,100.0,100.0,0.0,False
P::J1450,J1450,J1450,exact_normalized_queue_id,1.0,accepted,150.0,150.0,0.0,False
P::J1451,J1451,J1451,exact_normalized_queue_id,1.0,accepted,25.0,25.0,0.0,False
P::J1452,J1452,J1452,exact_normalized_queue_id,1.0,accepted,200.0,200.0,0.0,False
P::J1453,J1453,J1453,exact_normalized_queue_id,1.0,accepted,188.3,188.3,0.0,False
P::J1454,J1454,J1454,exact_normalized_queue_id,1.0,accepted,58.5,58.5,0.0,False
P::J1455,J1455,J1455,exact_normalized_queue_id,1.0,accepted,150.0,150.0,0.0,False
P::J1456,J1456,J1456,exact_normalized_queue_id,1.0,accepted,300.0,300.0,0.0,False
P::J1457,J1457,J1457,exact_normalized_queue_id,1.0,accepted,200.0,200.0,0.0,False
P::J1458,J1458,J1458,exact_normalized_queue_id,1.0,accepted,200.0,200.0,0.0,False
P::J1459,J1459,J1459,exact_normalized_queue_id,1.0,accepted,670.0,670.0,0.0,False
P::J1460,J1460,J1460,exact_normalized_queue_id,1.0,accepted,200.0,200.0,0.0,False
P::J1461,J1461,J1461,exact_normalized_queue_id,1.0,accepted,50.0,50.0,0.0,False
P::J1462,J1462,J1462,exact_normalized_queue_id,1.0,accepted,150.0,150.0,0.0,False
P::J1463,J1463,J1463,exact_normalized_queue_id,1.0,accepted,150.0,150.0,0.0,False
P::J1464,J1464,J1464,exact_normalized_queue_id,1.0,accepted,592.8,592.8,0.0,False
P::J1465,J1465,J1465,exact_normalized_queue_id,1.0,accepted,150.0,150.0,0.0,False
P::J1466,J1466,J1466,exact_normalized_queue_id,1.0,accepted,250.0,250.0,0.0,False
P::J1467,J1467,J1467,exact_normalized_queue_id,1.0,accepted,150.0,150.0,0.0,False
P::J1468,J1468,J1468,exact_normalized_queue_id,1.0,accepted,100.0,100.0,0.0,False
P::J1469,J1469,J1469,exact_normalized_queue_id,1.0,accepted,200.0,200.0,0.0,False
P::J1470,J1470,J1470,exact_normalized_queue_id,1.0,accepted,30.0,30.0,0.0,False
P::J1471,J1471,J1471,exact_normalized_queue_id,1.0,accepted,200.0,200.0,0.0,False
P::J1472,J1472,J1472,exact_normalized_queue_id,1.0,accepted,100.0,100.0,0.0,False
P::J1473,J1473,J1473,exact_normalized_queue_id,1.0,accepted,100.0,100.0,0.0,False
P::J1474,J1474,J1474,exact_normalized_queue_id,1.0,accepted,200.0,200.0,0.0,False
P::J1475,J1475,J1475,exact_normalized_queue_id,1.0,accepted,75.0,75.0,0.0,False
P::J1476,J1476,J1476,exact_normalized_queue_id,1.0,accepted,25.0,25.0,0.0,False
P::J1477,J1477,J1477,exact_normalized_queue_id,1.0,accepted,50.0,50.0,0.0,False
P::J1478,J1478,J1478,exact_normalized_queue_id,1.0,accepted,25.0,25.0,0.0,False
P::J1479,J1479,J1479,exact_normalized_queue_id,1.0,accepted,100.0,100.0,0.0,False
P::J1480,J1480,J1480,exact_normalized_queue_id,1.0,accepted,70.0,70.0,0.0,False
P::J1481,J1481,J1481,exact_normalized_queue_id,1.0,accepted,200.0,200.0,0.0,False
P::J1482,J1482,J1482,exact_normalized_queue_id,1.0,accepted,150.0,150.0,0.0,False
P::J1483,J1483,J1483,exact_normalized_queue_id,1.0,accepted,99.0,99.0,0.0,False
P::J1484,J1484,J1484,exact_normalized_queue_id,1.0,accepted,25.0,25.0,0.0,False
P::J1485,J1485,J1485,exact_normalized_queue_id,1.0,accepted,250.0,250.0,0.0,False
P::J1486,J1486,J1486,exact_normalized_queue_id,1.0,accepted,2.5,2.5,0.0,False
P::J1487,J1487,J1487,exact_normalized_queue_id,1.0,accepted,120.0,120.0,0.0,False
P::J1488,J1488,J1488,exact_normalized_queue_id,0.9,accepted,500.0,500.0,0.0,False
P::J1489,J1489,J1489,exact_normalized_queue_id,0.9,accepted,500.0,500.0,0.0,False
P::J1490,J1490,J1490,exact_normalized_queue_id,0.9,accepted,1000.0,1000.0,0.0,False
P::J1491,J1491,J1491,exact_normalized_queue_id,1.0,accepted,200.0,200.0,0.0,False
P::J1492,J1492,J1492,exact_normalized_queue_id,1.0,accepted,150.0,150.0,0.0,False
P::J1493,J1493,J1493,exact_normalized_queue_id,1.0,accepted,50.0,50.0,0.0,False
P::J1494,J1494,J1494,exact_normalized_queue_id,1.0,accepted,50.0,50.0,0.0,False
P::J1495,J1495,J1495,exact_normalized_queue_id,1.0,accepted,50.0,50.0,0.0,False
P::J1496,J1496,J1496,exact_normalized_queue_id,1.0,accepted,50.0,50.0,0.0,False
P::J1497,J1497,J1497,exact_normalized_queue_id,1.0,accepted,125.0,125.0,0.0,False
P::J1498,J1498,J1498,exact_normalized_queue_id,1.0,accepted,50.0,50.0,0.0,False
P::J1499,J1499,J1499,exact_normalized_queue_id,1.0,accepted,50.0,50.0,0.0,False
P::J1500,J1500,J1500,exact_normalized_queue_id,1.0,accepted,150.0,150.0,0.0,False
P::J1501,J1501,J1501,exact_normalized_queue_id,1.0,accepted,0.0,0.0,0.0,False
P::J1502,J1502,J1502,exact_normalized_queue_id,1.0,accepted,225.0,225.0,0.0,False
P::J1503,J1503,J1503,exact_normalized_queue_id,1.0,accepted,150.0,150.0,0.0,False
P::J1504,J1504,J1504,exact_normalized_queue_id,1.0,accepted,150.0,150.0,0.0,False
P::J1505,J1505,J1505,exact_normalized_queue_id,1.0,accepted,50.0,50.0,0.0,False
P::J1506,J1506,J1506,exact_normalized_queue_id,1.0,accepted,100.0,100.0,0.0,False
P::J1507,J1507,J1507,exact_normalized_queue_id,1.0,accepted,50.0,50.0,0.0,False
P::J1508,J1508,J1508,exact_normalized_queue_id,1.0,accepted,98.9,98.9,0.0,False
P::J1509,J1509,J1509,exact_normalized_queue_id,1.0,accepted,100.0,100.0,0.0,False
P::J1510,J1510,J1510,exact_normalized_queue_id,1.0,accepted,100.0,100.0,0.0,False
P::J1511,J1511,J1511,exact_normalized_queue_id,1.0,accepted,26.0,26.0,0.0,False
P::J1512,J1512,J1512,exact_normalized_queue_id,1.0,accepted,98.9,98.9,0.0,False
P::J1513,J1513,J1513,exact_normalized_queue_id,1.0,accepted,300.0,300.0,0.0,False
P::J1514,J1514,J1514,exact_normalized_queue_id,1.0,accepted,100.0,100.0,0.0,False
P::J1515,J1515,J1515,exact_normalized_queue_id,1.0,accepted,200.0,200.0,0.0,False
P::J1516,J1516,J1516,exact_normalized_queue_id,1.0,accepted,100.0,100.0,0.0,False
P::J1517,J1517,J1517,exact_normalized_queue_id,1.0,accepted,40.0,40.0,0.0,False
P::J1518,J1518,J1518,exact_normalized_queue_id,1.0,accepted,185.0,185.0,0.0,False
P::J1519,J1519,J1519,exact_normalized_queue_id,1.0,accepted,200.0,200.0,0.0,False
P::J1520,J1520,J1520,exact_normalized_queue_id,1.0,accepted,135.0,135.0,0.0,False
P::J1521,J1521,J1521,exact_normalized_queue_id,1.0,accepted,199.5,199.5,0.0,False
P::J1522,J1522,J1522,exact_normalized_queue_id,1.0,accepted,200.0,200.0,0.0,False
P::J1523,J1523,J1523,exact_normalized_queue_id,1.0,accepted,50.0,50.0,0.0,False
P::J1524,J1524,J1524,exact_normalized_queue_id,1.0,accepted,200.0,200.0,0.0,False
P::J1525,J1525,J1525,exact_normalized_queue_id,0.9,accepted,200.0,200.0,0.0,False
P::J1526,J1526,J1526,exact_normalized_queue_id,0.9,accepted,200.0,200.0,0.0,False
P::J1527,J1527,J1527,exact_normalized_queue_id,1.0,accepted,200.0,200.0,0.0,False
P::J1528,J1528,J1528,exact_normalized_queue_id,1.0,accepted,0.0,0.0,0.0,False
P::J1529,J1529,J1529,exact_normalized_queue_id,1.0,accepted,50.0,50.0,0.0,False
P::J1530,J1530,J1530,exact_normalized_queue_id,1.0,accepted,50.0,50.0,0.0,False
P::J1531,J1531,J1531,exact_normalized_queue_id,1.0,accepted,200.0,200.0,0.0,False
P::J1532,J1532,J1532,exact_normalized_queue_id,1.0,accepted,50.0,50.0,0.0,False
P::J1533,J1533,J1533,exact_normalized_queue_id,1.0,accepted,200.0,200.0,0.0,False
P::J1534,J1534,J1534,exact_normalized_queue_id,1.0,accepted,100.0,100.0,0.0,False
P::J1535,J1535,J1535,exact_normalized_queue_id,1.0,accepted,50.0,50.0,0.0,False
P::J1536,J1536,J1536,exact_normalized_queue_id,1.0,accepted,150.0,150.0,0.0,False
P::J1537,J1537,J1537,exact_normalized_queue_id,1.0,accepted,150.0,150.0,0.0,False
P::J1538,J1538,J1538,exact_normalized_queue_id,1.0,accepted,268.0,268.0,0.0,False
P::J1539,J1539,J1539,exact_normalized_queue_id,1.0,accepted,146.0,146.0,0.0,False
P::J1540,J1540,J1540,exact_normalized_queue_id,1.0,accepted,200.0,200.0,0.0,False
P::J1541,J1541,J1541,exact_normalized_queue_id,1.0,accepted,200.0,200.0,0.0,False
P::J1542,J1542,J1542,exact_normalized_queue_id,1.0,accepted,135.0,135.0,0.0,False
P::J1543,J1543,J1543,exact_normalized_queue_id,1.0,accepted,200.0,200.0,0.0,False
P::J1544,J1544,J1544,exact_normalized_queue_id,1.0,accepted,200.0,200.0,0.0,False
P::J1545,J1545,J1545,exact_normalized_queue_id,1.0,accepted,0.0,0.0,0.0,False
P::J1546,J1546,J1546,exact_normalized_queue_id,1.0,accepted,150.0,150.0,0.0,False
P::J1547,J1547,J1547,exact_normalized_queue_id,1.0,accepted,250.0,250.0,0.0,False
P::J1548,J1548,J1548,exact_normalized_queue_id,1.0,accepted,200.0,200.0,0.0,False
P::J1549,J1549,J1549,exact_normalized_queue_id,1.0,accepted,125.0,125.0,0.0,False
P::J1550,J1550,J1550,exact_normalized_queue_id,1.0,accepted,200.0,200.0,0.0,False
P::J1551,J1551,J1551,exact_normalized_queue_id,1.0,accepted,195.0,195.0,0.0,False
P::J1552,J1552,J1552,exact_normalized_queue_id,1.0,accepted,100.0,100.0,0.0,False
P::J1553,J1553,J1553,exact_normalized_queue_id,1.0,accepted,150.0,150.0,0.0,False
P::J1554,J1554,J1554,exact_normalized_queue_id,1.0,accepted,150.0,150.0,0.0,False
P::J1555,J1555,J1555,exact_normalized_queue_id,1.0,accepted,100.0,100.0,0.0,False
P::J1556,J1556,J1556,exact_normalized_queue_id,1.0,accepted,200.0,200.0,0.0,False
P::J1557,J1557,J1557,exact_normalized_queue_id,1.0,accepted,293.0,293.0,0.0,False
P::J1558,J1558,J1558,exact_normalized_queue_id,1.0,accepted,200.0,200.0,0.0,False
P::J1559,J1559,J1559,exact_normalized_queue_id,1.0,accepted,200.0,200.0,0.0,False
P::J1560,J1560,J1560,exact_normalized_queue_id,1.0,accepted,200.0,200.0,0.0,False
P::J1561,J1561,J1561,exact_normalized_queue_id,1.0,accepted,75.0,75.0,0.0,False
P::J1562,J1562,J1562,exact_normalized_queue_id,1.0,accepted,200.0,200.0,0.0,False
P::J1563,J1563,J1563,exact_normalized_queue_id,1.0,accepted,200.0,200.0,0.0,False
P::J1564,J1564,J1564,exact_normalized_queue_id,1.0,accepted,100.0,100.0,0.0,False
P::J1565,J1565,J1565,exact_normalized_queue_id,1.0,accepted,200.0,200.0,0.0,False
P::J1566,J1566,J1566,exact_normalized_queue_id,1.0,accepted,150.0,150.0,0.0,False
P::J1567,J1567,J1567,exact_normalized_queue_id,1.0,accepted,150.0,150.0,0.0,False
P::J1568,J1568,J1568,exact_normalized_queue_id,1.0,accepted,100.0,100.0,0.0,False
P::J1569,J1569,J1569,exact_normalized_queue_id,1.0,accepted,44.0,44.0,0.0,False
P::J1570,J1570,J1570,exact_normalized_queue_id,1.0,accepted,200.0,200.0,0.0,False
P::J1571,J1571,J1571,exact_normalized_queue_id,1.0,accepted,200.0,200.0,0.0,False
P::J1572,J1572,J1572,exact_normalized_queue_id,0.9,accepted,150.0,150.0,0.0,False
P::J1573,J1573,J1573,exact_normalized_queue_id,1.0,accepted,250.0,250.0,0.0,False
P::J1574,J1574,J1574,exact_normalized_queue_id,0.9,accepted,99.0,99.0,0.0,False
P::J1575,J1575,J1575,exact_normalized_queue_id,1.0,accepted,70.0,70.0,0.0,False
P::J1576,J1576,J1576,exact_normalized_queue_id,1.0,accepted,200.0,200.0,0.0,False
P::J1577,J1577,J1577,exact_normalized_queue_id,1.0,accepted,100.0,100.0,0.0,False
P::J1578,J1578,J1578,exact_normalized_queue_id,1.0,accepted,200.0,200.0,0.0,False
P::J1579,J1579,J1579,exact_normalized_queue_id,1.0,accepted,200.0,200.0,0.0,False
P::J1580,J1580,J1580,exact_normalized_queue_id,1.0,accepted,100.0,100.0,0.0,False
P::J1581,J1581,J1581,exact_normalized_queue_id,1.0,accepted,200.0,200.0,0.0,False
P::J1582,J1582,J1582,exact_normalized_queue_id,1.0,accepted,160.0,160.0,0.0,False
P::J1583,J1583,J1583,exact_normalized_queue_id,1.0,accepted,175.0,175.0,0.0,False
P::J1584,J1584,J1584,exact_normalized_queue_id,1.0,accepted,150.0,150.0,0.0,False
P::J1585,J1585,J1585,exact_normalized_queue_id,1.0,accepted,200.0,200.0,0.0,False
P::J1586,J1586,J1586,exact_normalized_queue_id,0.9,accepted,499.0,499.0,0.0,False
P::J1587,J1587,J1587,exact_normalized_queue_id,1.0,accepted,100.0,100.0,0.0,False
P::J1588,J1588,J1588,exact_normalized_queue_id,1.0,accepted,200.0,200.0,0.0,False
P::J1589,J1589,J1589,exact_normalized_queue_id,1.0,accepted,150.0,150.0,0.0,False
P::J1590,J1590,J1590,exact_normalized_queue_id,1.0,accepted,200.0,200.0,0.0,False
P::J1591,J1591,J1591,exact_normalized_queue_id,1.0,accepted,150.0,150.0,0.0,False
P::J1592,J1592,J1592,exact_normalized_queue_id,1.0,accepted,200.0,200.0,0.0,False
P::J1593,J1593,J1593,exact_normalized_queue_id,1.0,accepted,200.0,200.0,0.0,False
P::J1594,J1594,J1594,exact_normalized_queue_id,1.0,accepted,200.0,200.0,0.0,False
P::J1595,J1595,J1595,exact_normalized_queue_id,1.0,accepted,100.0,100.0,0.0,False
P::J1596,J1596,J1596,exact_normalized_queue_id,1.0,accepted,100.0,100.0,0.0,False
P::J1597,J1597,J1597,exact_normalized_queue_id,1.0,accepted,75.0,75.0,0.0,False
P::J1598,J1598,J1598,exact_normalized_queue_id,1.0,accepted,325.0,325.0,0.0,False
P::J1599,J1599,J1599,exact_normalized_queue_id,0.9,accepted,100.0,100.0,0.0,False
P::J1600,J1600,J1600,exact_normalized_queue_id,1.0,accepted,40.0,40.0,0.0,False
P::J1601,J1601,J1601,exact_normalized_queue_id,1.0,accepted,50.0,50.0,0.0,False
P::J1602,J1602,J1602,exact_normalized_queue_id,1.0,accepted,25.0,25.0,0.0,False
P::J1603,J1603,J1603,exact_normalized_queue_id,1.0,accepted,200.0,200.0,0.0,False
P::J1604,J1604,J1604,exact_normalized_queue_id,1.0,accepted,50.0,50.0,0.0,False
P::J1605,J1605,J1605,exact_normalized_queue_id,1.0,accepted,200.0,200.0,0.0,False
P::J1606,J1606,J1606,exact_normalized_queue_id,1.0,accepted,200.0,200.0,0.0,False
P::J1607,J1607,J1607,exact_normalized_queue_id,1.0,accepted,0.0,0.0,0.0,False
P::J1608,J1608,J1608,exact_normalized_queue_id,1.0,accepted,100.0,100.0,0.0,False
P::J1609,J1609,J1609,exact_normalized_queue_id,1.0,accepted,125.0,125.0,0.0,False
P::J1610,J1610,J1610,exact_normalized_queue_id,1.0,accepted,100.0,100.0,0.0,False
P::J1611,J1611,J1611,exact_normalized_queue_id,1.0,accepted,174.0,174.0,0.0,False
P::J1612,J1612,J1612,exact_normalized_queue_id,1.0,accepted,100.0,100.0,0.0,False
P::J1613,J1613,J1613,exact_normalized_queue_id,1.0,accepted,400.0,400.0,0.0,False
P::J1614,J1614,J1614,exact_normalized_queue_id,1.0,accepted,250.0,250.0,0.0,False
P::J1615,J1615,J1615,exact_normalized_queue_id,1.0,accepted,150.0,150.0,0.0,False
P::J1616,J1616,J1616,exact_normalized_queue_id,1.0,accepted,200.0,200.0,0.0,False
P::J1617,J1617,J1617,exact_normalized_queue_id,1.0,accepted,200.0,200.0,0.0,False
P::J1618,J1618,J1618,exact_normalized_queue_id,1.0,accepted,200.0,200.0,0.0,False
P::J1619,J1619,J1619,exact_normalized_queue_id,1.0,accepted,160.0,160.0,0.0,False
P::J1620,J1620,J1620,exact_normalized_queue_id,1.0,accepted,125.0,125.0,0.0,False
P::J1621,J1621,J1621,exact_normalized_queue_id,1.0,accepted,400.0,400.0,0.0,False
P::J1622,J1622,J1622,exact_normalized_queue_id,1.0,accepted,100.0,100.0,0.0,False
P::J1623,J1623,J1623,exact_normalized_queue_id,1.0,accepted,200.0,200.0,0.0,False
P::J1624,J1624,J1624,exact_normalized_queue_id,1.0,accepted,100.0,100.0,0.0,False
P::J1625,J1625,J1625,exact_normalized_queue_id,1.0,accepted,150.0,150.0,0.0,False
P::J1626,J1626,J1626,exact_normalized_queue_id,1.0,accepted,150.0,150.0,0.0,False
P::J1627,J1627,J1627,exact_normalized_queue_id,1.0,accepted,200.0,200.0,0.0,False
P::J1628,J1628,J1628,exact_normalized_queue_id,1.0,accepted,200.0,200.0,0.0,False
P::J1629,J1629,J1629,exact_normalized_queue_id,1.0,accepted,200.0,200.0,0.0,False
P::J1630,J1630,J1630,exact_normalized_queue_id,1.0,accepted,150.0,150.0,0.0,False
P::J1631,J1631,J1631,exact_normalized_queue_id,1.0,accepted,200.0,200.0,0.0,False
P::J1632,J1632,J1632,exact_normalized_queue_id,1.0,accepted,200.0,200.0,0.0,False
P::J1633,J1633,J1633,exact_normalized_queue_id,1.0,accepted,0.0,0.0,0.0,False
P::J1634,J1634,J1634,exact_normalized_queue_id,1.0,accepted,100.0,100.0,0.0,False
P::J1635,J1635,J1635,exact_normalized_queue_id,1.0,accepted,100.0,100.0,0.0,False
P::J1636,J1636,J1636,exact_normalized_queue_id,1.0,accepted,44.0,44.0,0.0,False
P::J1637,J1637,J1637,exact_normalized_queue_id,1.0,accepted,150.0,150.0,0.0,False
P::J1638,J1638,J1638,exact_normalized_queue_id,1.0,accepted,150.0,150.0,0.0,False
P::J1639,J1639,J1639,exact_normalized_queue_id,1.0,accepted,100.0,100.0,0.0,False
P::J1640,J1640,J1640,exact_normalized_queue_id,1.0,accepted,200.0,200.0,0.0,False
P::J1641,J1641,J1641,exact_normalized_queue_id,1.0,accepted,150.0,150.0,0.0,False
P::J1642,J1642,J1642,exact_normalized_queue_id,0.9,accepted,200.0,200.0,0.0,False
P::J1643,J1643,J1643,exact_normalized_queue_id,1.0,accepted,50.0,50.0,0.0,False
P::J1644,J1644,J1644,exact_normalized_queue_id,1.0,accepted,150.0,150.0,0.0,False
P::J1645,J1645,J1645,exact_normalized_queue_id,1.0,accepted,80.0,80.0,0.0,False
P::J1646,J1646,J1646,exact_normalized_queue_id,1.0,accepted,150.0,150.0,0.0,False
P::J1647,J1647,J1647,exact_normalized_queue_id,1.0,accepted,150.0,150.0,0.0,False
P::J1648,J1648,J1648,exact_normalized_queue_id,0.9,accepted,10.0,10.0,0.0,False
P::J1649,J1649,J1649,exact_normalized_queue_id,1.0,accepted,60.0,60.0,0.0,False
P::J1650,J1650,J1650,exact_normalized_queue_id,1.0,accepted,200.0,200.0,0.0,False
P::J1651,J1651,J1651,exact_normalized_queue_id,1.0,accepted,149.5,149.5,0.0,False
P::J1652,J1652,J1652,exact_normalized_queue_id,1.0,accepted,116.0,116.0,0.0,False
P::J1653,J1653,J1653,exact_normalized_queue_id,1.0,accepted,150.0,150.0,0.0,False
P::J1654,J1654,J1654,exact_normalized_queue_id,1.0,accepted,200.0,200.0,0.0,False
P::J1655,J1655,J1655,exact_normalized_queue_id,1.0,accepted,50.0,50.0,0.0,False
P::J1656,J1656,J1656,exact_normalized_queue_id,0.9,accepted,412.0,412.0,0.0,False
P::J1657,J1657,J1657,exact_normalized_queue_id,1.0,accepted,100.0,100.0,0.0,False
P::J1658,J1658,J1658,exact_normalized_queue_id,1.0,accepted,180.0,180.0,0.0,False
P::J1659,J1659,J1659,exact_normalized_queue_id,1.0,accepted,100.0,100.0,0.0,False
P::J1660,J1660,J1660,exact_normalized_queue_id,1.0,accepted,50.0,50.0,0.0,False
P::J1661,J1661,J1661,exact_normalized_queue_id,1.0,accepted,200.0,200.0,0.0,False
P::J1662,J1662,J1662,exact_normalized_queue_id,1.0,accepted,200.0,200.0,0.0,False
P::J1663,J1663,J1663,exact_normalized_queue_id,1.0,accepted,200.0,200.0,0.0,False
P::J1664,J1664,J1664,exact_normalized_queue_id,1.0,accepted,200.0,200.0,0.0,False
P::J1665,J1665,J1665,exact_normalized_queue_id,1.0,accepted,50.0,50.0,0.0,False
P::J1666,J1666,J1666,exact_normalized_queue_id,1.0,accepted,300.0,300.0,0.0,False
P::J1667,J1667,J1667,exact_normalized_queue_id,1.0,accepted,200.0,200.0,0.0,False
P::J1668,J1668,J1668,exact_normalized_queue_id,1.0,accepted,194.0,194.0,0.0,False
P::J1669,J1669,J1669,exact_normalized_queue_id,1.0,accepted,165.0,165.0,0.0,False
P::J1670,J1670,J1670,exact_normalized_queue_id,1.0,accepted,50.0,50.0,0.0,False
P::J1671,J1671,J1671,exact_normalized_queue_id,1.0,accepted,150.0,150.0,0.0,False
P::J1672,J1672,J1672,exact_normalized_queue_id,1.0,accepted,150.0,150.0,0.0,False
P::J1673,J1673,J1673,exact_normalized_queue_id,1.0,accepted,200.0,200.0,0.0,False
P::J1674,J1674,J1674,exact_normalized_queue_id,0.9,accepted,250.0,250.0,0.0,False
P::J1675,J1675,J1675,exact_normalized_queue_id,1.0,accepted,250.0,250.0,0.0,False
P::J1676,J1676,J1676,exact_normalized_queue_id,1.0,accepted,300.0,300.0,0.0,False
P::J1677,J1677,J1677,exact_normalized_queue_id,1.0,accepted,180.0,180.0,0.0,False
P::J1678,J1678,J1678,exact_normalized_queue_id,1.0,accepted,74.7,74.7,0.0,False
P::J1679,J1679,J1679,exact_normalized_queue_id,1.0,accepted,125.0,125.0,0.0,False
P::J1680,J1680,J1680,exact_normalized_queue_id,1.0,accepted,100.0,100.0,0.0,False
P::J1681,J1681,J1681,exact_normalized_queue_id,1.0,accepted,200.0,200.0,0.0,False
P::J1682,J1682,J1682,exact_normalized_queue_id,1.0,accepted,300.0,300.0,0.0,False
P::J1683,J1683,J1683,exact_normalized_queue_id,1.0,accepted,75.0,75.0,0.0,False
P::J1684,J1684,J1684,exact_normalized_queue_id,1.0,accepted,200.0,200.0,0.0,False
P::J1685,J1685,J1685,exact_normalized_queue_id,0.9,accepted,250.0,250.0,0.0,False
P::J1686,J1686,J1686,exact_normalized_queue_id,0.9,accepted,100.0,100.0,0.0,False
P::J1687,J1687,J1687,exact_normalized_queue_id,1.0,accepted,160.0,160.0,0.0,False
P::J1688,J1688,J1688,exact_normalized_queue_id,1.0,accepted,200.0,200.0,0.0,False
P::J1689,J1689,J1689,exact_normalized_queue_id,1.0,accepted,150.0,150.0,0.0,False
P::J1690,J1690,J1690,exact_normalized_queue_id,1.0,accepted,125.0,125.0,0.0,False
P::J1691,J1691,J1691,exact_normalized_queue_id,1.0,accepted,200.0,200.0,0.0,False
P::J1692,J1692,J1692,exact_normalized_queue_id,1.0,accepted,65.0,65.0,0.0,False
P::J1693,J1693,J1693,exact_normalized_queue_id,1.0,accepted,50.0,50.0,0.0,False
P::J1694,J1694,J1694,exact_normalized_queue_id,1.0,accepted,100.0,100.0,0.0,False
P::J1695,J1695,J1695,exact_normalized_queue_id,1.0,accepted,50.0,50.0,0.0,False
P::J1696,J1696,J1696,exact_normalized_queue_id,1.0,accepted,150.0,150.0,0.0,False
P::J1697,J1697,J1697,exact_normalized_queue_id,1.0,accepted,200.0,200.0,0.0,False
P::J1698,J1698,J1698,exact_normalized_queue_id,0.9,accepted,150.0,150.0,0.0,False
P::J1699,J1699,J1699,exact_normalized_queue_id,1.0,accepted,43.0,43.0,0.0,False
P::J1700,J1700,J1700,exact_normalized_queue_id,1.0,accepted,288.0,288.0,0.0,False
P::J1701,J1701,J1701,exact_normalized_queue_id,1.0,accepted,200.0,200.0,0.0,False
P::J1702,J1702,J1702,exact_normalized_queue_id,1.0,accepted,300.0,300.0,0.0,False
P::J1703,J1703,J1703,exact_normalized_queue_id,1.0,accepted,74.0,74.0,0.0,False
P::J1704,J1704,J1704,exact_normalized_queue_id,1.0,accepted,50.0,50.0,0.0,False
P::J1705,J1705,J1705,exact_normalized_queue_id,1.0,accepted,200.0,200.0,0.0,False
P::J1706,J1706,J1706,exact_normalized_queue_id,1.0,accepted,100.0,100.0,0.0,False
P::J1707,J1707,J1707,exact_normalized_queue_id,1.0,accepted,72.0,72.0,0.0,False
P::J1708,J1708,J1708,exact_normalized_queue_id,1.0,accepted,75.0,75.0,0.0,False
P::J1709,J1709,J1709,exact_normalized_queue_id,1.0,accepted,100.0,100.0,0.0,False
P::J1710,J1710,J1710,exact_normalized_queue_id,1.0,accepted,300.0,300.0,0.0,False
P::J1711,J1711,J1711,exact_normalized_queue_id,1.0,accepted,100.0,100.0,0.0,False
P::J1712,J1712,J1712,exact_normalized_queue_id,1.0,accepted,300.0,300.0,0.0,False
P::J1713,J1713,J1713,exact_normalized_queue_id,1.0,accepted,147.2,147.2,0.0,False
P::J1714,J1714,J1714,exact_normalized_queue_id,1.0,accepted,100.0,100.0,0.0,False
P::J1715,J1715,J1715,exact_normalized_queue_id,1.0,accepted,145.0,145.0,0.0,False
P::J1716,J1716,J1716,exact_normalized_queue_id,1.0,accepted,100.0,100.0,0.0,False
P::J1717,J1717,J1717,exact_normalized_queue_id,1.0,accepted,150.0,150.0,0.0,False
P::J1718,J1718,J1718,exact_normalized_queue_id,1.0,accepted,200.0,200.0,0.0,False
P::J1719,J1719,J1719,exact_normalized_queue_id,1.0,accepted,100.0,100.0,0.0,False
P::J1720,J1720,J1720,exact_normalized_queue_id,1.0,accepted,99.0,99.0,0.0,False
P::J1721,J1721,J1721,exact_normalized_queue_id,1.0,accepted,175.12,175.12,0.0,False
P::J1722,J1722,J1722,exact_normalized_queue_id,1.0,accepted,100.0,100.0,0.0,False
P::J1723,J1723,J1723,exact_normalized_queue_id,1.0,accepted,10.0,10.0,0.0,False
P::J1724,J1724,J1724,exact_normalized_queue_id,1.0,accepted,150.0,150.0,0.0,False
P::J1725,J1725,J1725,exact_normalized_queue_id,1.0,accepted,100.0,100.0,0.0,False
P::J1726,J1726,J1726,exact_normalized_queue_id,1.0,accepted,200.0,200.0,0.0,False
P::J1727,J1727,J1727,exact_normalized_queue_id,1.0,accepted,33.75,33.75,0.0,False
P::J1728,J1728,J1728,exact_normalized_queue_id,1.0,accepted,39.0,39.0,0.0,False
P::J1729,J1729,J1729,exact_normalized_queue_id,1.0,accepted,43.0,43.0,0.0,False
P::J1730,J1730,J1730,exact_normalized_queue_id,1.0,accepted,300.0,300.0,0.0,False
P::J1731,J1731,J1731,exact_normalized_queue_id,1.0,accepted,100.0,100.0,0.0,False
P::J1732,J1732,J1732,exact_normalized_queue_id,1.0,accepted,98.4,98.4,0.0,False
P::J1733,J1733,J1733,exact_normalized_queue_id,1.0,accepted,50.0,50.0,0.0,False
P::J1734,J1734,J1734,exact_normalized_queue_id,1.0,accepted,150.0,150.0,0.0,False
P::J1735,J1735,J1735,exact_normalized_queue_id,1.0,accepted,75.0,75.0,0.0,False
P::J1736,J1736,J1736,exact_normalized_queue_id,1.0,accepted,100.0,100.0,0.0,False
P::J1737,J1737,J1737,exact_normalized_queue_id,1.0,accepted,210.0,210.0,0.0,False
P::J1738,J1738,J1738,exact_normalized_queue_id,0.9,accepted,20.0,20.0,0.0,False
P::J1739,J1739,J1739,exact_normalized_queue_id,1.0,accepted,50.0,50.0,0.0,False
P::J1740,J1740,J1740,exact_normalized_queue_id,1.0,accepted,100.0,100.0,0.0,False
P::J1741,J1741,J1741,exact_normalized_queue_id,1.0,accepted,270.0,270.0,0.0,False
P::J1742,J1742,J1742,exact_normalized_queue_id,1.0,accepted,294.1,294.1,0.0,False
P::J1743,J1743,J1743,exact_normalized_queue_id,1.0,accepted,292.9,292.9,0.0,False
P::J1744,J1744,J1744,exact_normalized_queue_id,1.0,accepted,149.5,149.5,0.0,False
P::J1745,J1745,J1745,exact_normalized_queue_id,1.0,accepted,100.0,100.0,0.0,False
P::J1746,J1746,J1746,exact_normalized_queue_id,1.0,accepted,150.0,150.0,0.0,False
P::J1747,J1747,J1747,exact_normalized_queue_id,1.0,accepted,50.0,50.0,0.0,False
P::J1748,J1748,J1748,exact_normalized_queue_id,1.0,accepted,100.0,100.0,0.0,False
P::J1749,J1749,J1749,exact_normalized_queue_id,0.9,accepted,50.0,50.0,0.0,False
P::J1750,J1750,J1750,exact_normalized_queue_id,1.0,accepted,149.7,149.7,0.0,False
P::J1751,J1751,J1751,exact_normalized_queue_id,1.0,accepted,150.5,150.5,0.0,False
P::J1752,J1752,J1752,exact_normalized_queue_id,1.0,accepted,148.1,148.1,0.0,False
P::J1753,J1753,J1753,exact_normalized_queue_id,1.0,accepted,300.0,300.0,0.0,False
P::J1754,J1754,J1754,exact_normalized_queue_id,1.0,accepted,200.0,200.0,0.0,False
P::J1755,J1755,J1755,exact_normalized_queue_id,1.0,accepted,147.2,147.2,0.0,False
P::J1756,J1756,J1756,exact_normalized_queue_id,0.9,accepted,309.0,309.0,0.0,False
P::J1757,J1757,J1757,exact_normalized_queue_id,1.0,accepted,300.0,300.0,0.0,False
P::J1758,J1758,J1758,exact_normalized_queue_id,1.0,accepted,42.0,42.0,0.0,False
P::J1759,J1759,J1759,exact_normalized_queue_id,1.0,accepted,0.0,0.0,0.0,False
P::J1760,J1760,J1760,exact_normalized_queue_id,1.0,accepted,205.0,205.0,0.0,False
P::J1761,J1761,J1761,exact_normalized_queue_id,1.0,accepted,39.0,39.0,0.0,False
P::J1762,J1762,J1762,exact_normalized_queue_id,1.0,accepted,22.5,22.5,0.0,False
P::J1763,J1763,J1763,exact_normalized_queue_id,1.0,accepted,33.0,33.0,0.0,False
P::J1764,J1764,J1764,exact_normalized_queue_id,1.0,accepted,125.0,125.0,0.0,False
P::J1765,J1765,J1765,exact_normalized_queue_id,1.0,accepted,93.2,93.2,0.0,False
P::J1766,J1766,J1766,exact_normalized_queue_id,0.9,accepted,20.0,20.0,0.0,False
P::J1767,J1767,J1767,exact_normalized_queue_id,1.0,accepted,37.0,37.0,0.0,False
P::J1768,J1768,J1768,exact_normalized_queue_id,1.0,accepted,200.0,200.0,0.0,False
P::J1769,J1769,J1769,exact_normalized_queue_id,1.0,accepted,120.0,120.0,0.0,False
P::J1770,J1770,J1770,exact_normalized_queue_id,1.0,accepted,150.0,150.0,0.0,False
P::J1771,J1771,J1771,exact_normalized_queue_id,1.0,accepted,197.3,197.3,0.0,False
P::J1772,J1772,J1772,exact_normalized_queue_id,1.0,accepted,200.0,200.0,0.0,False
P::J1773,J1773,J1773,exact_normalized_queue_id,1.0,accepted,300.0,300.0,0.0,False
P::J1774,J1774,J1774,exact_normalized_queue_id,1.0,accepted,50.0,50.0,0.0,False
P::J1775,J1775,J1775,exact_normalized_queue_id,1.0,accepted,150.0,150.0,0.0,False
P::J1776,J1776,J1776,exact_normalized_queue_id,1.0,accepted,34.0,34.0,0.0,False
P::J1777,J1777,J1777,exact_normalized_queue_id,1.0,accepted,100.0,100.0,0.0,False
P::J1778,J1778,J1778,exact_normalized_queue_id,1.0,accepted,100.0,100.0,0.0,False
P::J1779,J1779,J1779,exact_normalized_queue_id,0.9,accepted,200.0,200.0,0.0,False
P::J1780,J1780,J1780,exact_normalized_queue_id,1.0,accepted,200.0,200.0,0.0,False
P::J1781,J1781,J1781,exact_normalized_queue_id,1.0,accepted,300.0,300.0,0.0,False
P::J1782,J1782,J1782,exact_normalized_queue_id,1.0,accepted,150.0,150.0,0.0,False
P::J1783,J1783,J1783,exact_normalized_queue_id,1.0,accepted,150.0,150.0,0.0,False
P::J1784,J1784,J1784,exact_normalized_queue_id,1.0,accepted,39.0,39.0,0.0,False
P::J1785,J1785,J1785,exact_normalized_queue_id,1.0,accepted,100.0,100.0,0.0,False
P::J1786,J1786,J1786,exact_normalized_queue_id,1.0,accepted,200.0,200.0,0.0,False
P::J1787,J1787,J1787,exact_normalized_queue_id,1.0,accepted,0.0,0.0,0.0,False
P::J1788,J1788,J1788,exact_normalized_queue_id,1.0,accepted,120.0,120.0,0.0,False
P::J1789,J1789,J1789,exact_normalized_queue_id,1.0,accepted,5.99,5.99,0.0,False
P::J1790,J1790,J1790,exact_normalized_queue_id,1.0,accepted,0.0,0.0,0.0,False
P::J1791,J1791,J1791,exact_normalized_queue_id,1.0,accepted,0.0,0.0,0.0,False
P::J1792,J1792,J1792,exact_normalized_queue_id,1.0,accepted,22.5,22.5,0.0,False
P::J1793,J1793,J1793,exact_normalized_queue_id,1.0,accepted,75.0,75.0,0.0,False
P::J1794,J1794,J1794,exact_normalized_queue_id,1.0,accepted,150.0,150.0,0.0,False
P::J1795,J1795,J1795,exact_normalized_queue_id,1.0,accepted,100.0,100.0,0.0,False
P::J1796,J1796,J1796,exact_normalized_queue_id,1.0,accepted,150.0,150.0,0.0,False
P::J1797,J1797,J1797,exact_normalized_queue_id,1.0,accepted,100.0,100.0,0.0,False
P::J1798,J1798,J1798,exact_normalized_queue_id,1.0,accepted,25.0,25.0,0.0,False
P::J1799,J1799,J1799,exact_normalized_queue_id,1.0,accepted,100.0,100.0,0.0,False
P::J1800,J1800,J1800,exact_normalized_queue_id,1.0,accepted,25.0,25.0,0.0,False
P::J1801,J1801,J1801,exact_normalized_queue_id,1.0,accepted,39.0,39.0,0.0,False
P::J1802,J1802,J1802,exact_normalized_queue_id,1.0,accepted,150.0,150.0,0.0,False
P::J1803,J1803,J1803,exact_normalized_queue_id,1.0,accepted,1.6,1.6,0.0,False
P::J1804,J1804,J1804,exact_normalized_queue_id,1.0,accepted,0.0,0.0,0.0,False
P::J1805,J1805,J1805,exact_normalized_queue_id,1.0,accepted,0.0,0.0,0.0,False
P::J1806,J1806,J1806,exact_normalized_queue_id,1.0,accepted,30.0,30.0,0.0,False
P::J1807,J1807,J1807,exact_normalized_queue_id,1.0,accepted,150.0,150.0,0.0,False
P::J1808,J1808,J1808,exact_normalized_queue_id,1.0,accepted,200.0,200.0,0.0,False
P::J1809,J1809,J1809,exact_normalized_queue_id,1.0,accepted,62.5,62.5,0.0,False
P::J1810,J1810,J1810,exact_normalized_queue_id,0.9,accepted,60.0,60.0,0.0,False
P::J1811,J1811,J1811,exact_normalized_queue_id,1.0,accepted,150.0,150.0,0.0,False
P::J1812,J1812,J1812,exact_normalized_queue_id,1.0,accepted,294.25,294.25,0.0,False
P::J1813,J1813,J1813,exact_normalized_queue_id,1.0,accepted,1005.0,1005.0,0.0,False
P::J1814,J1814,J1814,exact_normalized_queue_id,1.0,accepted,22.5,22.5,0.0,False
P::J1815,J1815,J1815,exact_normalized_queue_id,1.0,accepted,180.0,180.0,0.0,False
P::J1816,J1816,J1816,exact_normalized_queue_id,1.0,accepted,135.0,135.0,0.0,False
P::J1817,J1817,J1817,exact_normalized_queue_id,1.0,accepted,20.0,20.0,0.0,False
P::J1818,J1818,J1818,exact_normalized_queue_id,1.0,accepted,80.0,80.0,0.0,False
P::J1819,J1819,J1819,exact_normalized_queue_id,0.95,accepted,0.0,0.0,0.0,False
P::J1820,J1820,J1820,exact_normalized_queue_id,1.0,accepted,100.0,100.0,0.0,False
P::J1821,J1821,J1821,exact_normalized_queue_id,0.95,accepted,0.0,0.0,0.0,False
P::J1822,J1822,J1822,exact_normalized_queue_id,1.0,accepted,200.0,200.0,0.0,False
P::J1823,J1823,J1823,exact_normalized_queue_id,1.0,accepted,62.5,62.5,0.0,False
P::J1824,J1824,J1824,exact_normalized_queue_id,1.0,accepted,73.8,73.8,0.0,False
P::J1825,J1825,J1825,exact_normalized_queue_id,1.0,accepted,100.0,100.0,0.0,False
P::J1826,J1826,J1826,exact_normalized_queue_id,1.0,accepted,4.0,4.0,0.0,False
P::J1827,J1827,J1827,exact_normalized_queue_id,1.0,accepted,90.0,90.0,0.0,False
P::J1828,J1828,J1828,exact_normalized_queue_id,0.9,accepted,99.2,99.2,0.0,False
P::J1829,J1829,J1829,exact_normalized_queue_id,1.0,accepted,180.0,180.0,0.0,False
P::J1830,J1830,J1830,exact_normalized_queue_id,0.9,accepted,200.0,200.0,0.0,False
P::J1831,J1831,J1831,exact_normalized_queue_id,1.0,accepted,200.0,200.0,0.0,False
P::J1832,J1832,J1832,exact_normalized_queue_id,1.0,accepted,145.09,145.09,0.0,False
P::J1833,J1833,J1833,exact_normalized_queue_id,1.0,accepted,115.1,115.1,0.0,False
P::J1834,J1834,J1834,exact_normalized_queue_id,1.0,accepted,126.0,126.0,0.0,False
P::J1835,J1835,J1835,exact_normalized_queue_id,1.0,accepted,200.0,200.0,0.0,False
P::J1836,J1836,J1836,exact_normalized_queue_id,1.0,accepted,300.0,300.0,0.0,False
P::J1837,J1837,J1837,exact_normalized_queue_id,1.0,accepted,200.0,200.0,0.0,False
P::J1838,J1838,J1838,exact_normalized_queue_id,1.0,accepted,320.0,320.0,0.0,False
P::J1839,J1839,J1839,exact_normalized_queue_id,1.0,accepted,340.3,340.3,0.0,False
P::J1840,J1840,J1840,exact_normalized_queue_id,1.0,accepted,250.0,250.0,0.0,False
P::J1841,J1841,J1841,exact_normalized_queue_id,1.0,accepted,52.0,52.0,0.0,False
P::J1842,J1842,J1842,exact_normalized_queue_id,1.0,accepted,135.0,135.0,0.0,False
P::J1843,J1843,J1843,exact_normalized_queue_id,1.0,accepted,12.0,12.0,0.0,False
P::J1844,J1844,J1844,exact_normalized_queue_id,1.0,accepted,100.0,100.0,0.0,False
P::J1845,J1845,J1845,exact_normalized_queue_id,1.0,accepted,100.0,100.0,0.0,False
P::J1846,J1846,J1846,exact_normalized_queue_id,0.9,accepted,200.0,200.0,0.0,False
P::J1847,J1847,J1847,exact_normalized_queue_id,1.0,accepted,200.0,200.0,0.0,False
P::J1848,J1848,J1848,exact_normalized_queue_id,1.0,accepted,1235.0,1235.0,0.0,False
P::J1849,J1849,J1849,exact_normalized_queue_id,1.0,accepted,200.0,200.0,0.0,False
P::J1850,J1850,J1850,exact_normalized_queue_id,1.0,accepted,100.0,100.0,0.0,False
P::J1851,J1851,J1851,exact_normalized_queue_id,1.0,accepted,185.0,185.0,0.0,False
P::J1852,J1852,J1852,exact_normalized_queue_id,1.0,accepted,200.0,200.0,0.0,False
P::J1853,J1853,J1853,exact_normalized_queue_id,1.0,accepted,50.0,50.0,0.0,False
P::J1854,J1854,J1854,exact_normalized_queue_id,1.0,accepted,150.0,150.0,0.0,False
P::J1855,J1855,J1855,exact_normalized_queue_id,1.0,accepted,500.0,500.0,0.0,False
P::J1856,J1856,J1856,exact_normalized_queue_id,1.0,accepted,150.0,150.0,0.0,False
P::J1857,J1857,J1857,exact_normalized_queue_id,1.0,accepted,250.0,250.0,0.0,False
P::J1858,J1858,J1858,exact_normalized_queue_id,1.0,accepted,440.0,440.0,0.0,False
P::J1859,J1859,J1859,exact_normalized_queue_id,1.0,accepted,200.0,200.0,0.0,False
P::J1860,J1860,J1860,exact_normalized_queue_id,1.0,accepted,60.0,60.0,0.0,False
P::J1861,J1861,J1861,exact_normalized_queue_id,1.0,accepted,45.0,45.0,0.0,False
P::J1862,J1862,J1862,exact_normalized_queue_id,1.0,accepted,45.0,45.0,0.0,False
P::J1863,J1863,J1863,exact_normalized_queue_id,1.0,accepted,60.0,60.0,0.0,False
P::J1864,J1864,J1864,exact_normalized_queue_id,1.0,accepted,250.0,250.0,0.0,False
P::J1865,J1865,J1865,exact_normalized_queue_id,1.0,accepted,250.0,250.0,0.0,False
P::J1866,J1866,J1866,exact_normalized_queue_id,1.0,accepted,125.0,125.0,0.0,False
P::J1867,J1867,J1867,exact_normalized_queue_id,1.0,accepted,200.0,200.0,0.0,False
P::J1868,J1868,J1868,exact_normalized_queue_id,1.0,accepted,260.0,260.0,0.0,False
P::J1869,J1869,J1869,exact_normalized_queue_id,1.0,accepted,78.0,78.0,0.0,False
P::J1870,J1870,J1870,exact_normalized_queue_id,1.0,accepted,200.0,200.0,0.0,False
P::J1871,J1871,J1871,exact_normalized_queue_id,1.0,accepted,60.0,60.0,0.0,False
P::J1872,J1872,J1872,exact_normalized_queue_id,1.0,accepted,250.0,250.0,0.0,False
P::J1873,J1873,J1873,exact_normalized_queue_id,1.0,accepted,250.0,250.0,0.0,False
P::J1874,J1874,J1874,exact_normalized_queue_id,1.0,accepted,75.0,75.0,0.0,False
P::J1875,J1875,J1875,exact_normalized_queue_id,1.0,accepted,75.0,75.0,0.0,False
P::J1876,J1876,J1876,exact_normalized_queue_id,1.0,accepted,140.0,140.0,0.0,False
P::J1877,J1877,J1877,exact_normalized_queue_id,1.0,accepted,45.0,45.0,0.0,False
P::J1878,J1878,J1878,exact_normalized_queue_id,1.0,accepted,145.0,145.0,0.0,False
P::J1879,J1879,J1879,exact_normalized_queue_id,1.0,accepted,43.5,43.5,0.0,False
P::J1880,J1880,J1880,exact_normalized_queue_id,1.0,accepted,60.0,60.0,0.0,False
P::J1881,J1881,J1881,exact_normalized_queue_id,1.0,accepted,48.0,48.0,0.0,False
P::J1882,J1882,J1882,exact_normalized_queue_id,1.0,accepted,45.0,45.0,0.0,False
P::J1883,J1883,J1883,exact_normalized_queue_id,1.0,accepted,100.0,100.0,0.0,False
P::J1884,J1884,J1884,exact_normalized_queue_id,1.0,accepted,200.0,200.0,0.0,False
P::J1885,J1885,J1885,exact_normalized_queue_id,1.0,accepted,300.0,300.0,0.0,False
P::J1886,J1886,J1886,exact_normalized_queue_id,1.0,accepted,300.0,300.0,0.0,False
P::J1887,J1887,J1887,exact_normalized_queue_id,1.0,accepted,90.0,90.0,0.0,False
P::J1888,J1888,J1888,exact_normalized_queue_id,1.0,accepted,175.0,175.0,0.0,False
P::J1889,J1889,J1889,exact_normalized_queue_id,1.0,accepted,60.0,60.0,0.0,False
P::J1890,J1890,J1890,exact_normalized_queue_id,1.0,accepted,270.0,270.0,0.0,False
P::J1891,J1891,J1891,exact_normalized_queue_id,0.9,accepted,200.0,200.0,0.0,False
P::J1892,J1892,J1892,exact_normalized_queue_id,1.0,accepted,64.8,64.8,0.0,False
P::J1893,J1893,J1893,exact_normalized_queue_id,1.0,accepted,500.0,500.0,0.0,False
P::J1894,J1894,J1894,exact_normalized_queue_id,1.0,accepted,200.0,200.0,0.0,False
P::J1895,J1895,J1895,exact_normalized_queue_id,1.0,accepted,200.0,200.0,0.0,False
P::J1896,J1896,J1896,exact_normalized_queue_id,1.0,accepted,100.0,100.0,0.0,False
P::J1897,J1897,J1897,exact_normalized_queue_id,0.9,accepted,500.0,500.0,0.0,False
P::J1898,J1898,J1898,exact_normalized_queue_id,1.0,accepted,200.0,200.0,0.0,False
P::J1899,J1899,J1899,exact_normalized_queue_id,0.9,accepted,500.0,500.0,0.0,False
P::J1900,J1900,J1900,exact_normalized_queue_id,1.0,accepted,200.0,200.0,0.0,False
P::J1901,J1901,J1901,exact_normalized_queue_id,1.0,accepted,200.0,200.0,0.0,False
P::J1902,J1902,J1902,exact_normalized_queue_id,1.0,accepted,200.0,200.0,0.0,False
P::J1903,J1903,J1903,exact_normalized_queue_id,1.0,accepted,140.0,140.0,0.0,False
P::J1904,J1904,J1904,exact_normalized_queue_id,1.0,accepted,100.0,100.0,0.0,False
P::J1905,J1905,J1905,exact_normalized_queue_id,1.0,accepted,200.0,200.0,0.0,False
P::J1906,J1906,J1906,exact_normalized_queue_id,1.0,accepted,100.0,100.0,0.0,False
P::J1907,J1907,J1907,exact_normalized_queue_id,1.0,accepted,100.0,100.0,0.0,False
P::J1908,J1908,J1908,exact_normalized_queue_id,1.0,accepted,100.0,100.0,0.0,False
P::J1909,J1909,J1909,exact_normalized_queue_id,1.0,accepted,200.0,200.0,0.0,False
P::J1910,J1910,J1910,exact_normalized_queue_id,1.0,accepted,200.0,200.0,0.0,False
P::J1911,J1911,J1911,exact_normalized_queue_id,1.0,accepted,200.0,200.0,0.0,False
P::J1912,J1912,J1912,exact_normalized_queue_id,1.0,accepted,200.0,200.0,0.0,False
P::J1913,J1913,J1913,exact_normalized_queue_id,1.0,accepted,200.0,200.0,0.0,False
P::J1914,J1914,J1914,exact_normalized_queue_id,1.0,accepted,150.0,150.0,0.0,False
P::J1915,J1915,J1915,exact_normalized_queue_id,1.0,accepted,150.0,150.0,0.0,False
P::J1916,J1916,J1916,exact_normalized_queue_id,1.0,accepted,100.0,100.0,0.0,False
P::J1917,J1917,J1917,exact_normalized_queue_id,1.0,accepted,165.0,165.0,0.0,False
P::J1918,J1918,J1918,exact_normalized_queue_id,1.0,accepted,132.0,132.0,0.0,False
P::J1919,J1919,J1919,exact_normalized_queue_id,1.0,accepted,132.0,132.0,0.0,False
P::J1920,J1920,J1920,exact_normalized_queue_id,1.0,accepted,125.0,125.0,0.0,False
P::J1921,J1921,J1921,exact_normalized_queue_id,1.0,accepted,125.0,125.0,0.0,False
P::J1922,J1922,J1922,exact_normalized_queue_id,1.0,accepted,150.0,150.0,0.0,False
P::J1923,J1923,J1923,exact_normalized_queue_id,1.0,accepted,200.0,200.0,0.0,False
P::J1924,J1924,J1924,exact_normalized_queue_id,1.0,accepted,150.0,150.0,0.0,False
P::J1925,J1925,J1925,exact_normalized_queue_id,1.0,accepted,100.0,100.0,0.0,False
P::J1926,J1926,J1926,exact_normalized_queue_id,1.0,accepted,200.0,200.0,0.0,False
P::J1927,J1927,J1927,exact_normalized_queue_id,1.0,accepted,23.4,23.4,0.0,False
P::J1928,J1928,J1928,exact_normalized_queue_id,1.0,accepted,100.0,100.0,0.0,False
P::J1929,J1929,J1929,exact_normalized_queue_id,1.0,accepted,110.0,110.0,0.0,False
P::J1930,J1930,J1930,exact_normalized_queue_id,1.0,accepted,100.0,100.0,0.0,False
P::J1931,J1931,J1931,exact_normalized_queue_id,1.0,accepted,40.0,40.0,0.0,False
P::J1932,J1932,J1932,exact_normalized_queue_id,1.0,accepted,100.0,100.0,0.0,False
P::J1933,J1933,J1933,exact_normalized_queue_id,1.0,accepted,100.0,100.0,0.0,False
P::J1934,J1934,J1934,exact_normalized_queue_id,1.0,accepted,150.0,150.0,0.0,False
P::J1935,J1935,J1935,exact_normalized_queue_id,1.0,accepted,50.0,50.0,0.0,False
P::J1936,J1936,J1936,exact_normalized_queue_id,1.0,accepted,75.0,75.0,0.0,False
P::J1937,J1937,J1937,exact_normalized_queue_id,1.0,accepted,75.0,75.0,0.0,False
P::J1938,J1938,J1938,exact_normalized_queue_id,1.0,accepted,150.0,150.0,0.0,False
P::J1939,J1939,J1939,exact_normalized_queue_id,1.0,accepted,125.0,125.0,0.0,False
P::J1940,J1940,J1940,exact_normalized_queue_id,1.0,accepted,200.0,200.0,0.0,False
P::J1941,J1941,J1941,exact_normalized_queue_id,1.0,accepted,60.0,60.0,0.0,False
P::J1942,J1942,J1942,exact_normalized_queue_id,1.0,accepted,100.0,100.0,0.0,False
P::J1943,J1943,J1943,exact_normalized_queue_id,1.0,accepted,200.0,200.0,0.0,False
P::J1944,J1944,J1944,exact_normalized_queue_id,1.0,accepted,185.0,185.0,0.0,False
P::J1945,J1945,J1945,exact_normalized_queue_id,1.0,accepted,150.0,150.0,0.0,False
P::J1946,J1946,J1946,exact_normalized_queue_id,0.9,accepted,350.0,350.0,0.0,False
P::J1947,J1947,J1947,exact_normalized_queue_id,1.0,accepted,110.0,110.0,0.0,False
P::J1948,J1948,J1948,exact_normalized_queue_id,1.0,accepted,195.0,195.0,0.0,False
P::J1949,J1949,J1949,exact_normalized_queue_id,1.0,accepted,99.6,99.6,0.0,False
P::J1950,J1950,J1950,exact_normalized_queue_id,1.0,accepted,83.16,83.16,0.0,False
P::J1951,J1951,J1951,exact_normalized_queue_id,1.0,accepted,50.0,50.0,0.0,False
P::J1952,J1952,J1952,exact_normalized_queue_id,1.0,accepted,180.0,180.0,0.0,False
P::J1953,J1953,J1953,exact_normalized_queue_id,1.0,accepted,264.6,264.6,0.0,False
P::J1954,J1954,J1954,exact_normalized_queue_id,1.0,accepted,35.0,35.0,0.0,False
P::J1955,J1955,J1955,exact_normalized_queue_id,1.0,accepted,100.0,100.0,0.0,False
P::J1956,J1956,J1956,exact_normalized_queue_id,1.0,accepted,60.0,60.0,0.0,False
P::J1957,J1957,J1957,exact_normalized_queue_id,1.0,accepted,90.0,90.0,0.0,False
P::J1958,J1958,J1958,exact_normalized_queue_id,1.0,accepted,60.0,60.0,0.0,False
P::J1959,J1959,J1959,exact_normalized_queue_id,1.0,accepted,100.0,100.0,0.0,False
P::J1960,J1960,J1960,exact_normalized_queue_id,1.0,accepted,100.0,100.0,0.0,False
P::J1961,J1961,J1961,exact_normalized_queue_id,1.0,accepted,190.0,190.0,0.0,False
P::J1962,J1962,J1962,exact_normalized_queue_id,1.0,accepted,75.0,75.0,0.0,False
P::J1963,J1963,J1963,exact_normalized_queue_id,1.0,accepted,25.0,25.0,0.0,False
P::J1964,J1964,J1964,exact_normalized_queue_id,1.0,accepted,90.0,90.0,0.0,False
P::J1965,J1965,J1965,exact_normalized_queue_id,1.0,accepted,150.0,150.0,0.0,False
P::J1966,J1966,J1966,exact_normalized_queue_id,1.0,accepted,200.0,200.0,0.0,False
P::J1967,J1967,J1967,exact_normalized_queue_id,1.0,accepted,150.0,150.0,0.0,False
P::J1968,J1968,J1968,exact_normalized_queue_id,1.0,accepted,30.0,30.0,0.0,False
P::J1969,J1969,J1969,exact_normalized_queue_id,1.0,accepted,150.0,150.0,0.0,False
P::J1970,J1970,J1970,exact_normalized_queue_id,1.0,accepted,160.0,160.0,0.0,False
P::J1971,J1971,J1971,exact_normalized_queue_id,1.0,accepted,45.0,45.0,0.0,False
P::J1972,J1972,J1972,exact_normalized_queue_id,1.0,accepted,115.0,115.0,0.0,False
P::J1973,J1973,J1973,exact_normalized_queue_id,1.0,accepted,40.0,40.0,0.0,False
P::J1974,J1974,J1974,exact_normalized_queue_id,1.0,accepted,160.0,160.0,0.0,False
P::J1975,J1975,J1975,exact_normalized_queue_id,1.0,accepted,40.0,40.0,0.0,False
P::J1976,J1976,J1976,exact_normalized_queue_id,1.0,accepted,25.0,25.0,0.0,False
P::J1977,J1977,J1977,exact_normalized_queue_id,1.0,accepted,50.0,50.0,0.0,False
P::J1978,J1978,J1978,exact_normalized_queue_id,1.0,accepted,175.0,175.0,0.0,False
P::J1979,J1979,J1979,exact_normalized_queue_id,1.0,accepted,200.0,200.0,0.0,False
P::J1980,J1980,J1980,exact_normalized_queue_id,1.0,accepted,50.0,50.0,0.0,False
P::J1981,J1981,J1981,exact_normalized_queue_id,1.0,accepted,15.0,15.0,0.0,False
P::J1982,J1982,J1982,exact_normalized_queue_id,1.0,accepted,25.0,25.0,0.0,False
P::J1983,J1983,J1983,exact_normalized_queue_id,1.0,accepted,25.0,25.0,0.0,False
P::J1984,J1984,J1984,exact_normalized_queue_id,1.0,accepted,50.0,50.0,0.0,False
P::J1985,J1985,J1985,exact_normalized_queue_id,1.0,accepted,50.0,50.0,0.0,False
P::J1986,J1986,J1986,exact_normalized_queue_id,1.0,accepted,100.0,100.0,0.0,False
P::J1987,J1987,J1987,exact_normalized_queue_id,1.0,accepted,50.0,50.0,0.0,False
P::J1988,J1988,J1988,exact_normalized_queue_id,1.0,accepted,120.96,120.96,0.0,False
P::J1989,J1989,J1989,exact_normalized_queue_id,1.0,accepted,250.0,250.0,0.0,False
P::J1990,J1990,J1990,exact_normalized_queue_id,1.0,accepted,250.0,250.0,0.0,False
P::J1991,J1991,J1991,exact_normalized_queue_id,1.0,accepted,200.0,200.0,0.0,False
P::J1992,J1992,J1992,exact_normalized_queue_id,1.0,accepted,110.0,110.0,0.0,False
P::J1993,J1993,J1993,exact_normalized_queue_id,1.0,accepted,99.0,99.0,0.0,False
P::J1994,J1994,J1994,exact_normalized_queue_id,1.0,accepted,97.08,97.09,-0.010000000000005116,False
P::J1995,J1995,J1995,exact_normalized_queue_id,1.0,accepted,180.0,180.0,0.0,False
P::J1996,J1996,J1996,exact_normalized_queue_id,0.9,accepted,99.0,99.0,0.0,False
P::J1997,J1997,J1997,exact_normalized_queue_id,1.0,accepted,80.0,80.0,0.0,False
P::J1998,J1998,J1998,exact_normalized_queue_id,1.0,accepted,66.0,66.0,0.0,False
P::J1999,J1999,J1999,exact_normalized_queue_id,1.0,accepted,100.0,100.0,0.0,False
P::J2000,J2000,J2000,exact_normalized_queue_id,1.0,accepted,150.0,150.0,0.0,False
P::J2001,J2001,J2001,exact_normalized_queue_id,1.0,accepted,220.0,220.0,0.0,False
P::J2002,J2002,J2002,exact_normalized_queue_id,1.0,accepted,200.0,200.0,0.0,False
P::J2003,J2003,J2003,exact_normalized_queue_id,1.0,accepted,150.0,150.0,0.0,False
P::J2004,J2004,J2004,exact_normalized_queue_id,1.0,accepted,40.0,40.0,0.0,False
P::J2005,J2005,J2005,exact_normalized_queue_id,1.0,accepted,75.0,75.0,0.0,False
P::J2006,J2006,J2006,exact_normalized_queue_id,1.0,accepted,40.0,40.0,0.0,False
P::J2007,J2007,J2007,exact_normalized_queue_id,1.0,accepted,150.0,150.0,0.0,False
P::J2008,J2008,J2008,exact_normalized_queue_id,1.0,accepted,65.0,65.0,0.0,False
P::J2009,J2009,J2009,exact_normalized_queue_id,1.0,accepted,80.0,80.0,0.0,False
P::J2010,J2010,J2010,exact_normalized_queue_id,1.0,accepted,75.0,75.0,0.0,False
P::J2011,J2011,J2011,exact_normalized_queue_id,1.0,accepted,50.0,50.0,0.0,False
P::J2012,J2012,J2012,exact_normalized_queue_id,1.0,accepted,20.0,20.0,0.0,False
P::J2013,J2013,J2013,exact_normalized_queue_id,1.0,accepted,52.92,52.92,0.0,False
P::J2014,J2014,J2014,exact_normalized_queue_id,1.0,accepted,100.0,100.0,0.0,False
P::J2015,J2015,J2015,exact_normalized_queue_id,1.0,accepted,90.0,90.0,0.0,False
P::J2016,J2016,J2016,exact_normalized_queue_id,1.0,accepted,100.0,100.0,0.0,False
P::J2017,J2017,J2017,exact_normalized_queue_id,1.0,accepted,100.0,100.0,0.0,False
P::J2018,J2018,J2018,exact_normalized_queue_id,1.0,accepted,190.0,190.0,0.0,False
P::J2019,J2019,J2019,exact_normalized_queue_id,1.0,accepted,150.0,150.0,0.0,False
P::J2020,J2020,J2020,exact_normalized_queue_id,0.9,accepted,260.0,260.0,0.0,False
P::J2021,J2021,J2021,exact_normalized_queue_id,1.0,accepted,48.43,48.43,0.0,False
P::J2022,J2022,J2022,exact_normalized_queue_id,1.0,accepted,200.0,200.0,0.0,False
P::J2023,J2023,J2023,exact_normalized_queue_id,1.0,accepted,94.1,94.1,0.0,False
P::J2024,J2024,J2024,exact_normalized_queue_id,1.0,accepted,0.0,0.0,0.0,False
P::J2025,J2025,J2025,exact_normalized_queue_id,1.0,accepted,95.0,95.0,0.0,False
P::J2026,J2026,J2026,exact_normalized_queue_id,1.0,accepted,100.0,100.0,0.0,False
P::J2027,J2027,J2027,exact_normalized_queue_id,1.0,accepted,150.0,150.0,0.0,False
P::J2028,J2028,J2028,exact_normalized_queue_id,1.0,accepted,250.0,250.0,0.0,False
P::J2029,J2029,J2029,exact_normalized_queue_id,1.0,accepted,62.5,62.5,0.0,False
P::J203,J203,J203,exact_normalized_queue_id,1.0,accepted,200.0,200.0,0.0,False
P::J2030,J2030,J2030,exact_normalized_queue_id,1.0,accepted,120.0,120.0,0.0,False
P::J2031,J2031,J2031,exact_normalized_queue_id,1.0,accepted,100.0,100.0,0.0,False
P::J2032,J2032,J2032,exact_normalized_queue_id,1.0,accepted,70.0,70.0,0.0,False
P::J2033,J2033,J2033,exact_normalized_queue_id,1.0,accepted,200.0,200.0,0.0,False
P::J2034,J2034,J2034,exact_normalized_queue_id,1.0,accepted,0.0,0.0,0.0,False
P::J2035,J2035,J2035,exact_normalized_queue_id,1.0,accepted,200.0,200.0,0.0,False
P::J2036,J2036,J2036,exact_normalized_queue_id,1.0,accepted,0.0,0.0,0.0,False
P::J2037,J2037,J2037,exact_normalized_queue_id,1.0,accepted,200.0,200.0,0.0,False
P::J2038,J2038,J2038,exact_normalized_queue_id,1.0,accepted,300.0,300.0,0.0,False
P::J2039,J2039,J2039,exact_normalized_queue_id,0.9,accepted,400.0,400.0,0.0,False
P::J2040,J2040,J2040,exact_normalized_queue_id,1.0,accepted,150.0,150.0,0.0,False
P::J2041,J2041,J2041,exact_normalized_queue_id,0.9,accepted,200.0,200.0,0.0,False
P::J2042,J2042,J2042,exact_normalized_queue_id,0.95,accepted,0.0,0.0,0.0,False
P::J2043,J2043,J2043,exact_normalized_queue_id,1.0,accepted,300.0,300.0,0.0,False
P::J2044,J2044,J2044,exact_normalized_queue_id,1.0,accepted,100.0,100.0,0.0,False
P::J2045,J2045,J2045,exact_normalized_queue_id,1.0,accepted,50.0,50.0,0.0,False
P::J2046,J2046,J2046,exact_normalized_queue_id,1.0,accepted,200.0,200.0,0.0,False
P::J2047,J2047,J2047,exact_normalized_queue_id,1.0,accepted,199.0,199.0,0.0,False
P::J2048,J2048,J2048,exact_normalized_queue_id,1.0,accepted,100.0,100.0,0.0,False
P::J2049,J2049,J2049,exact_normalized_queue_id,1.0,accepted,200.0,200.0,0.0,False
P::J2050,J2050,J2050,exact_normalized_queue_id,1.0,accepted,208.43,208.43,0.0,False
P::J2051,J2051,J2051,exact_normalized_queue_id,1.0,accepted,50.0,50.0,0.0,False
P::J2052,J2052,J2052,exact_normalized_queue_id,1.0,accepted,0.0,0.0,0.0,False
P::J2053,J2053,J2053,exact_normalized_queue_id,1.0,accepted,151.47,151.47,0.0,False
P::J2054,J2054,J2054,exact_normalized_queue_id,1.0,accepted,67.0,67.0,0.0,False
P::J2055,J2055,J2055,exact_normalized_queue_id,1.0,accepted,100.0,100.0,0.0,False
P::J2056,J2056,J2056,exact_normalized_queue_id,0.9,accepted,200.0,200.0,0.0,False
P::J2057,J2057,J2057,exact_normalized_queue_id,0.9,accepted,100.0,100.0,0.0,False
P::J2058,J2058,J2058,exact_normalized_queue_id,1.0,accepted,100.0,100.0,0.0,False
P::J2059,J2059,J2059,exact_normalized_queue_id,1.0,accepted,0.0,0.0,0.0,False
P::J2060,J2060,J2060,exact_normalized_queue_id,1.0,accepted,170.0,170.0,0.0,False
P::J2061,J2061,J2061,exact_normalized_queue_id,1.0,accepted,200.0,200.0,0.0,False
P::J2062,J2062,J2062,exact_normalized_queue_id,1.0,accepted,100.0,100.0,0.0,False
P::J2063,J2063,J2063,exact_normalized_queue_id,1.0,accepted,100.0,100.0,0.0,False
P::J2064,J2064,J2064,exact_normalized_queue_id,1.0,accepted,100.0,100.0,0.0,False
P::J2065,J2065,J2065,exact_normalized_queue_id,1.0,accepted,200.0,200.0,0.0,False
P::J2066,J2066,J2066,exact_normalized_queue_id,1.0,accepted,100.0,100.0,0.0,False
P::J2067,J2067,J2067,exact_normalized_queue_id,1.0,accepted,39.4,39.4,0.0,False
P::J2068,J2068,J2068,exact_normalized_queue_id,1.0,accepted,75.0,75.0,0.0,False
P::J2069,J2069,J2069,exact_normalized_queue_id,0.9,accepted,100.0,100.0,0.0,False
P::J2070,J2070,J2070,exact_normalized_queue_id,1.0,accepted,100.0,100.0,0.0,False
P::J2071,J2071,J2071,exact_normalized_queue_id,1.0,accepted,198.0,198.0,0.0,False
P::J2072,J2072,J2072,exact_normalized_queue_id,0.9,accepted,100.0,100.0,0.0,False
P::J2073,J2073,J2073,exact_normalized_queue_id,0.9,accepted,91.53,91.53,0.0,False
P::J2074,J2074,J2074,exact_normalized_queue_id,1.0,accepted,100.0,100.0,0.0,False
P::J2075,J2075,J2075,exact_normalized_queue_id,1.0,accepted,200.0,200.0,0.0,False
P::J2076,J2076,J2076,exact_normalized_queue_id,0.9,accepted,225.0,225.0,0.0,False
P::J2077,J2077,J2077,exact_normalized_queue_id,1.0,accepted,150.0,150.0,0.0,False
P::J2078,J2078,J2078,exact_normalized_queue_id,1.0,accepted,200.0,200.0,0.0,False
P::J2079,J2079,J2079,exact_normalized_queue_id,1.0,accepted,150.0,150.0,0.0,False
P::J2080,J2080,J2080,exact_normalized_queue_id,1.0,accepted,200.0,200.0,0.0,False
P::J2081,J2081,J2081,exact_normalized_queue_id,1.0,accepted,20.0,20.0,0.0,False
P::J2082,J2082,J2082,exact_normalized_queue_id,1.0,accepted,50.0,50.0,0.0,False
P::J2083,J2083,J2083,exact_normalized_queue_id,1.0,accepted,200.0,200.0,0.0,False
P::J2084,J2084,J2084,exact_normalized_queue_id,1.0,accepted,45.0,45.0,0.0,False
P::J2085,J2085,J2085,exact_normalized_queue_id,1.0,accepted,40.0,40.0,0.0,False
P::J2086,J2086,J2086,exact_normalized_queue_id,1.0,accepted,500.0,500.0,0.0,False
P::J2087,J2087,J2087,exact_normalized_queue_id,1.0,accepted,125.0,125.0,0.0,False
P::J2088,J2088,J2088,exact_normalized_queue_id,1.0,accepted,400.0,400.0,0.0,False
P::J2089,J2089,J2089,exact_normalized_queue_id,1.0,accepted,200.0,200.0,0.0,False
P::J2090,J2090,J2090,exact_normalized_queue_id,1.0,accepted,300.0,300.0,0.0,False
P::J2091,J2091,J2091,exact_normalized_queue_id,1.0,accepted,250.0,250.0,0.0,False
P::J2092,J2092,J2092,exact_normalized_queue_id,1.0,accepted,100.0,100.0,0.0,False
P::J2093,J2093,J2093,exact_normalized_queue_id,1.0,accepted,144.0,144.0,0.0,False
P::J2094,J2094,J2094,exact_normalized_queue_id,1.0,accepted,100.0,100.0,0.0,False
P::J2095,J2095,J2095,exact_normalized_queue_id,1.0,accepted,212.0,212.0,0.0,False
P::J2096,J2096,J2096,exact_normalized_queue_id,1.0,accepted,180.0,180.0,0.0,False
P::J2097,J2097,J2097,exact_normalized_queue_id,1.0,accepted,100.0,100.0,0.0,False
P::J2098,J2098,J2098,exact_normalized_queue_id,1.0,accepted,309.0,309.0,0.0,False
P::J2099,J2099,J2099,exact_normalized_queue_id,1.0,accepted,399.03,399.04,-0.010000000000047748,False
P::J2100,J2100,J2100,exact_normalized_queue_id,1.0,accepted,250.0,250.0,0.0,False
P::J2101,J2101,J2101,exact_normalized_queue_id,1.0,accepted,100.0,100.0,0.0,False
P::J2102,J2102,J2102,exact_normalized_queue_id,1.0,accepted,150.0,150.0,0.0,False
P::J2103,J2103,J2103,exact_normalized_queue_id,1.0,accepted,100.0,100.0,0.0,False
P::J2104,J2104,J2104,exact_normalized_queue_id,1.0,accepted,230.0,230.0,0.0,False
P::J2105,J2105,J2105,exact_normalized_queue_id,1.0,accepted,200.0,200.0,0.0,False
P::J2106,J2106,J2106,exact_normalized_queue_id,1.0,accepted,150.0,150.0,0.0,False
P::J2107,J2107,J2107,exact_normalized_queue_id,1.0,accepted,399.03,399.04,-0.010000000000047748,False
P::J2108,J2108,J2108,exact_normalized_queue_id,1.0,accepted,150.0,150.0,0.0,False
P::J2109,J2109,J2109,exact_normalized_queue_id,1.0,accepted,25.0,25.0,0.0,False
P::J2110,J2110,J2110,exact_normalized_queue_id,1.0,accepted,100.0,100.0,0.0,False
P::J2111,J2111,J2111,exact_normalized_queue_id,1.0,accepted,100.0,100.0,0.0,False
P::J2112,J2112,J2112,exact_normalized_queue_id,1.0,accepted,115.0,115.0,0.0,False
P::J2113,J2113,J2113,exact_normalized_queue_id,1.0,accepted,200.0,200.0,0.0,False
P::J2114,J2114,J2114,exact_normalized_queue_id,0.9,accepted,140.0,140.0,0.0,False
P::J2115,J2115,J2115,exact_normalized_queue_id,1.0,accepted,98.3,98.3,0.0,False
P::J2116,J2116,J2116,exact_normalized_queue_id,1.0,accepted,18.0,18.0,0.0,False
P::J2117,J2117,J2117,exact_normalized_queue_id,0.95,accepted,0.0,0.0,0.0,False
P::J2118,J2118,J2118,exact_normalized_queue_id,0.9,accepted,125.0,125.0,0.0,False
P::J2119,J2119,J2119,exact_normalized_queue_id,1.0,accepted,50.0,50.0,0.0,False
P::J2120,J2120,J2120,exact_normalized_queue_id,1.0,accepted,100.0,100.0,0.0,False
P::J2121,J2121,J2121,exact_normalized_queue_id,1.0,accepted,100.0,100.0,0.0,False
P::J2122,J2122,J2122,exact_normalized_queue_id,1.0,accepted,33.0,33.0,0.0,False
P::J2123,J2123,J2123,exact_normalized_queue_id,1.0,accepted,50.0,50.0,0.0,False
P::J2124,J2124,J2124,exact_normalized_queue_id,1.0,accepted,100.0,100.0,0.0,False
P::J2125,J2125,J2125,exact_normalized_queue_id,1.0,accepted,100.0,100.0,0.0,False
P::J2126,J2126,J2126,exact_normalized_queue_id,0.9,accepted,100.0,100.0,0.0,False
P::J2127,J2127,J2127,exact_normalized_queue_id,0.9,accepted,172.5,172.5,0.0,False
P::J2128,J2128,J2128,exact_normalized_queue_id,0.9,accepted,300.0,300.0,0.0,False
P::J2129,J2129,J2129,exact_normalized_queue_id,0.9,accepted,150.0,150.0,0.0,False
P::J2130,J2130,J2130,exact_normalized_queue_id,1.0,accepted,180.0,180.0,0.0,False
P::J2131,J2131,J2131,exact_normalized_queue_id,1.0,accepted,150.0,150.0,0.0,False
P::J2132,J2132,J2132,exact_normalized_queue_id,1.0,accepted,300.0,300.0,0.0,False
P::J2133,J2133,J2133,exact_normalized_queue_id,0.9,accepted,100.0,100.0,0.0,False
P::J2134,J2134,J2134,exact_normalized_queue_id,1.0,accepted,200.0,200.0,0.0,False
P::J2135,J2135,J2135,exact_normalized_queue_id,1.0,accepted,200.0,200.0,0.0,False
P::J2136,J2136,J2136,exact_normalized_queue_id,1.0,accepted,190.9,190.9,0.0,False
P::J2137,J2137,J2137,exact_normalized_queue_id,0.9,accepted,78.23,78.23,0.0,False
P::J2138,J2138,J2138,exact_normalized_queue_id,1.0,accepted,0.0,0.0,0.0,False
P::J2139,J2139,J2139,exact_normalized_queue_id,0.9,accepted,250.0,250.0,0.0,False
P::J2140,J2140,J2140,exact_normalized_queue_id,1.0,accepted,0.0,0.0,0.0,False
P::J2141,J2141,J2141,exact_normalized_queue_id,1.0,accepted,100.0,100.0,0.0,False
P::J2142,J2142,J2142,exact_normalized_queue_id,0.9,accepted,150.0,150.0,0.0,False
P::J2143,J2143,J2143,exact_normalized_queue_id,1.0,accepted,250.0,250.0,0.0,False
P::J2144,J2144,J2144,exact_normalized_queue_id,0.9,accepted,195.0,195.0,0.0,False
P::J2145,J2145,J2145,exact_normalized_queue_id,0.9,accepted,50.0,50.0,0.0,False
P::J2146,J2146,J2146,exact_normalized_queue_id,1.0,accepted,45.0,45.0,0.0,False
P::J2147,J2147,J2147,exact_normalized_queue_id,1.0,accepted,56.0,56.0,0.0,False
P::J2148,J2148,J2148,exact_normalized_queue_id,1.0,accepted,200.0,200.0,0.0,False
P::J2149,J2149,J2149,exact_normalized_queue_id,1.0,accepted,240.0,240.0,0.0,False
P::J2150,J2150,J2150,exact_normalized_queue_id,1.0,accepted,100.0,100.0,0.0,False
P::J2151,J2151,J2151,exact_normalized_queue_id,0.9,accepted,150.0,150.0,0.0,False
P::J2152,J2152,J2152,exact_normalized_queue_id,0.9,accepted,120.0,120.0,0.0,False
P::J2153,J2153,J2153,exact_normalized_queue_id,0.9,accepted,200.0,200.0,0.0,False
P::J2154,J2154,J2154,exact_normalized_queue_id,0.9,accepted,150.0,150.0,0.0,False
P::J2155,J2155,J2155,exact_normalized_queue_id,1.0,accepted,150.0,150.0,0.0,False
P::J2156,J2156,J2156,exact_normalized_queue_id,1.0,accepted,150.0,150.0,0.0,False
P::J2157,J2157,J2157,exact_normalized_queue_id,1.0,accepted,100.0,100.0,0.0,False
P::J2158,J2158,J2158,exact_normalized_queue_id,1.0,accepted,50.0,50.0,0.0,False
P::J2159,J2159,J2159,exact_normalized_queue_id,1.0,accepted,50.0,50.0,0.0,False
P::J2160,J2160,J2160,exact_normalized_queue_id,1.0,accepted,50.0,50.0,0.0,False
P::J2161,J2161,J2161,exact_normalized_queue_id,1.0,accepted,50.0,50.0,0.0,False
P::J2162,J2162,J2162,exact_normalized_queue_id,1.0,accepted,100.0,100.0,0.0,False
P::J2163,J2163,J2163,exact_normalized_queue_id,1.0,accepted,200.0,200.0,0.0,False
P::J2164,J2164,J2164,exact_normalized_queue_id,1.0,accepted,250.0,250.0,0.0,False
P::J2165,J2165,J2165,exact_normalized_queue_id,1.0,accepted,145.0,145.0,0.0,False
P::J2166,J2166,J2166,exact_normalized_queue_id,1.0,accepted,200.0,200.0,0.0,False
P::J2167,J2167,J2167,exact_normalized_queue_id,1.0,accepted,198.0,198.0,0.0,False
P::J2168,J2168,J2168,exact_normalized_queue_id,1.0,accepted,693.0,693.0,0.0,False
P::J2169,J2169,J2169,exact_normalized_queue_id,1.0,accepted,98.9,98.9,0.0,False
P::J2170,J2170,J2170,exact_normalized_queue_id,1.0,accepted,150.0,150.0,0.0,False
P::J2171,J2171,J2171,exact_normalized_queue_id,1.0,accepted,500.0,500.0,0.0,False
P::J2172,J2172,J2172,exact_normalized_queue_id,0.9,accepted,100.0,100.0,0.0,False
P::J2173,J2173,J2173,exact_normalized_queue_id,0.9,accepted,396.0,396.0,0.0,False
P::J2174,J2174,J2174,exact_normalized_queue_id,1.0,accepted,390.0,390.0,0.0,False
P::J2175,J2175,J2175,exact_normalized_queue_id,1.0,accepted,350.0,350.0,0.0,False
P::J2176,J2176,J2176,exact_normalized_queue_id,1.0,accepted,680.0,680.0,0.0,False
P::J2177,J2177,J2177,exact_normalized_queue_id,1.0,accepted,67.0,67.0,0.0,False
P::J2178,J2178,J2178,exact_normalized_queue_id,1.0,accepted,100.0,100.0,0.0,False
P::J2179,J2179,J2179,exact_normalized_queue_id,0.9,accepted,100.0,100.0,0.0,False
P::J2180,J2180,J2180,exact_normalized_queue_id,1.0,accepted,250.0,250.0,0.0,False
P::J2181,J2181,J2181,exact_normalized_queue_id,1.0,accepted,200.0,200.0,0.0,False
P::J2182,J2182,J2182,exact_normalized_queue_id,1.0,accepted,100.0,100.0,0.0,False
P::J2183,J2183,J2183,exact_normalized_queue_id,1.0,accepted,200.0,200.0,0.0,False
P::J2184,J2184,J2184,exact_normalized_queue_id,0.9,accepted,100.0,100.0,0.0,False
P::J2185,J2185,J2185,exact_normalized_queue_id,1.0,accepted,399.03,399.04,-0.010000000000047748,False
P::J2186,J2186,J2186,exact_normalized_queue_id,1.0,accepted,820.6,820.6,0.0,False
P::J2187,J2187,J2187,exact_normalized_queue_id,1.0,accepted,124.0,124.0,0.0,False
P::J2188,J2188,J2188,exact_normalized_queue_id,1.0,accepted,99.0,99.0,0.0,False
P::J2189,J2189,J2189,exact_normalized_queue_id,1.0,accepted,15.6,15.6,0.0,False
P::J2190,J2190,J2190,exact_normalized_queue_id,0.9,accepted,500.0,500.0,0.0,False
P::J2191,J2191,J2191,exact_normalized_queue_id,1.0,accepted,100.0,100.0,0.0,False
P::J2192,J2192,J2192,exact_normalized_queue_id,1.0,accepted,99.9,99.9,0.0,False
P::J2193,J2193,J2193,exact_normalized_queue_id,0.9,accepted,100.0,100.0,0.0,False
P::J2194,J2194,J2194,exact_normalized_queue_id,1.0,accepted,350.0,350.0,0.0,False
P::J2195,J2195,J2195,exact_normalized_queue_id,1.0,accepted,100.0,100.0,0.0,False
P::J2196,J2196,J2196,exact_normalized_queue_id,0.9,accepted,100.0,100.0,0.0,False
P::J2197,J2197,J2197,exact_normalized_queue_id,1.0,accepted,100.0,100.0,0.0,False
P::J2198,J2198,J2198,exact_normalized_queue_id,1.0,accepted,250.0,250.0,0.0,False
P::J2199,J2199,J2199,exact_normalized_queue_id,1.0,accepted,200.0,200.0,0.0,False
P::J2200,J2200,J2200,exact_normalized_queue_id,1.0,accepted,200.0,200.0,0.0,False
P::J2201,J2201,J2201,exact_normalized_queue_id,0.9,accepted,200.0,200.0,0.0,False
P::J2202,J2202,J2202,exact_normalized_queue_id,1.0,accepted,100.0,100.0,0.0,False
P::J2203,J2203,J2203,exact_normalized_queue_id,1.0,accepted,150.0,150.0,0.0,False
P::J2204,J2204,J2204,exact_normalized_queue_id,1.0,accepted,200.0,200.0,0.0,False
P::J2205,J2205,J2205,exact_normalized_queue_id,0.9,accepted,300.0,300.0,0.0,False
P::J2206,J2206,J2206,exact_normalized_queue_id,1.0,accepted,100.0,100.0,0.0,False
P::J2207,J2207,J2207,exact_normalized_queue_id,1.0,accepted,300.0,300.0,0.0,False
P::J2208,J2208,J2208,exact_normalized_queue_id,1.0,accepted,99.0,99.0,0.0,False
P::J2209,J2209,J2209,exact_normalized_queue_id,1.0,accepted,100.0,100.0,0.0,False
P::J2210,J2210,J2210,exact_normalized_queue_id,1.0,accepted,100.0,100.0,0.0,False
P::J2211,J2211,J2211,exact_normalized_queue_id,1.0,accepted,200.0,200.0,0.0,False
P::J2212,J2212,J2212,exact_normalized_queue_id,1.0,accepted,150.0,150.0,0.0,False
P::J2213,J2213,J2213,exact_normalized_queue_id,1.0,accepted,200.0,200.0,0.0,False
P::J2214,J2214,J2214,exact_normalized_queue_id,1.0,accepted,62.0,62.0,0.0,False
P::J2215,J2215,J2215,exact_normalized_queue_id,1.0,accepted,300.0,300.0,0.0,False
P::J2216,J2216,J2216,exact_normalized_queue_id,1.0,accepted,100.0,100.0,0.0,False
P::J2217,J2217,J2217,exact_normalized_queue_id,1.0,accepted,50.0,50.0,0.0,False
P::J2218,J2218,J2218,exact_normalized_queue_id,1.0,accepted,150.0,150.0,0.0,False
P::J2219,J2219,J2219,exact_normalized_queue_id,0.9,accepted,180.0,180.0,0.0,False
P::J2220,J2220,J2220,exact_normalized_queue_id,1.0,accepted,50.0,50.0,0.0,False
P::J2221,J2221,J2221,exact_normalized_queue_id,1.0,accepted,100.0,100.0,0.0,False
P::J2222,J2222,J2222,exact_normalized_queue_id,1.0,accepted,100.0,100.0,0.0,False
P::J2223,J2223,J2223,exact_normalized_queue_id,1.0,accepted,100.0,100.0,0.0,False
P::J2224,J2224,J2224,exact_normalized_queue_id,1.0,accepted,200.0,200.0,0.0,False
P::J2225,J2225,J2225,exact_normalized_queue_id,1.0,accepted,300.0,300.0,0.0,False
P::J2226,J2226,J2226,exact_normalized_queue_id,1.0,accepted,200.0,200.0,0.0,False
P::J2227,J2227,J2227,exact_normalized_queue_id,1.0,accepted,89.0,89.0,0.0,False
P::J2228,J2228,J2228,exact_normalized_queue_id,1.0,accepted,200.0,200.0,0.0,False
P::J2229,J2229,J2229,exact_normalized_queue_id,1.0,accepted,100.0,100.0,0.0,False
P::J2230,J2230,J2230,exact_normalized_queue_id,1.0,accepted,200.0,200.0,0.0,False
P::J2231,J2231,J2231,exact_normalized_queue_id,1.0,accepted,97.49,97.5,-0.010000000000005116,False
P::J2232,J2232,J2232,exact_normalized_queue_id,1.0,accepted,100.0,100.0,0.0,False
P::J2233,J2233,J2233,exact_normalized_queue_id,1.0,accepted,100.0,100.0,0.0,False
P::J2234,J2234,J2234,exact_normalized_queue_id,1.0,accepted,300.0,300.0,0.0,False
P::J2235,J2235,J2235,exact_normalized_queue_id,1.0,accepted,100.0,100.0,0.0,False
P::J2236,J2236,J2236,exact_normalized_queue_id,1.0,accepted,100.0,100.0,0.0,False
P::J2237,J2237,J2237,exact_normalized_queue_id,1.0,accepted,185.0,185.0,0.0,False
P::J2238,J2238,J2238,exact_normalized_queue_id,0.9,accepted,200.0,200.0,0.0,False
P::J2239,J2239,J2239,exact_normalized_queue_id,1.0,accepted,100.0,100.0,0.0,False
P::J2240,J2240,J2240,exact_normalized_queue_id,1.0,accepted,120.0,120.0,0.0,False
P::J2241,J2241,J2241,exact_normalized_queue_id,1.0,accepted,320.0,320.0,0.0,False
P::J2242,J2242,J2242,exact_normalized_queue_id,0.9,accepted,100.0,100.0,0.0,False
P::J2243,J2243,J2243,exact_normalized_queue_id,1.0,accepted,100.0,100.0,0.0,False
P::J2244,J2244,J2244,exact_normalized_queue_id,1.0,accepted,0.0,0.0,0.0,False
P::J2245,J2245,J2245,exact_normalized_queue_id,0.9,accepted,100.0,100.0,0.0,False
P::J2246,J2246,J2246,exact_normalized_queue_id,1.0,accepted,300.0,300.0,0.0,False
P::J2247,J2247,J2247,exact_normalized_queue_id,1.0,accepted,178.0,178.0,0.0,False
P::J2248,J2248,J2248,exact_normalized_queue_id,1.0,accepted,0.0,0.0,0.0,False
P::J2249,J2249,J2249,exact_normalized_queue_id,1.0,accepted,144.0,144.0,0.0,False
P::J2250,J2250,J2250,exact_normalized_queue_id,1.0,accepted,200.0,200.0,0.0,False
P::J2251,J2251,J2251,exact_normalized_queue_id,1.0,accepted,200.0,200.0,0.0,False
P::J2252,J2252,J2252,exact_normalized_queue_id,1.0,accepted,300.0,300.0,0.0,False
P::J2253,J2253,J2253,exact_normalized_queue_id,1.0,accepted,100.0,100.0,0.0,False
P::J2254,J2254,J2254,exact_normalized_queue_id,1.0,accepted,100.0,100.0,0.0,False
P::J2255,J2255,J2255,exact_normalized_queue_id,1.0,accepted,100.0,100.0,0.0,False
P::J2256,J2256,J2256,exact_normalized_queue_id,1.0,accepted,150.0,150.0,0.0,False
P::J2257,J2257,J2257,exact_normalized_queue_id,1.0,accepted,80.0,80.0,0.0,False
P::J2258,J2258,J2258,exact_normalized_queue_id,1.0,accepted,175.0,175.0,0.0,False
P::J2259,J2259,J2259,exact_normalized_queue_id,1.0,accepted,199.99,199.99,0.0,False
P::J2260,J2260,J2260,exact_normalized_queue_id,1.0,accepted,251.5,251.5,0.0,False
P::J2261,J2261,J2261,exact_normalized_queue_id,1.0,accepted,625.0,625.0,0.0,False
P::J2262,J2262,J2262,exact_normalized_queue_id,1.0,accepted,625.0,625.0,0.0,False
P::J2263,J2263,J2263,exact_normalized_queue_id,1.0,accepted,100.0,100.0,0.0,False
P::J2264,J2264,J2264,exact_normalized_queue_id,1.0,accepted,88.0,88.0,0.0,False
P::J2265,J2265,J2265,exact_normalized_queue_id,0.9,accepted,200.0,200.0,0.0,False
P::J2266,J2266,J2266,exact_normalized_queue_id,0.9,accepted,175.0,175.0,0.0,False
P::J2267,J2267,J2267,exact_normalized_queue_id,0.9,accepted,250.0,250.0,0.0,False
P::J2268,J2268,J2268,exact_normalized_queue_id,1.0,accepted,400.0,400.0,0.0,False
P::J2269,J2269,J2269,exact_normalized_queue_id,1.0,accepted,300.0,300.0,0.0,False
P::J2270,J2270,J2270,exact_normalized_queue_id,1.0,accepted,300.0,300.0,0.0,False
P::J2271,J2271,J2271,exact_normalized_queue_id,1.0,accepted,200.0,200.0,0.0,False
P::J2272,J2272,J2272,exact_normalized_queue_id,0.9,accepted,250.0,250.0,0.0,False
P::J2273,J2273,J2273,exact_normalized_queue_id,0.9,accepted,175.0,175.0,0.0,False
P::J2274,J2274,J2274,exact_normalized_queue_id,0.9,accepted,170.0,170.0,0.0,False
P::J2275,J2275,J2275,exact_normalized_queue_id,1.0,accepted,250.0,250.0,0.0,False
P::J2276,J2276,J2276,exact_normalized_queue_id,1.0,accepted,39.5,39.5,0.0,False
P::J2277,J2277,J2277,exact_normalized_queue_id,0.95,accepted,0.0,0.0,0.0,False
P::J2278,J2278,J2278,exact_normalized_queue_id,0.9,accepted,60.0,60.0,0.0,False
P::J2279,J2279,J2279,exact_normalized_queue_id,0.9,accepted,150.0,150.0,0.0,False
P::J2280,J2280,J2280,exact_normalized_queue_id,1.0,accepted,198.0,198.0,0.0,False
P::J2281,J2281,J2281,exact_normalized_queue_id,1.0,accepted,100.0,100.0,0.0,False
P::J2282,J2282,J2282,exact_normalized_queue_id,0.9,accepted,100.0,100.0,0.0,False
P::J2283,J2283,J2283,exact_normalized_queue_id,1.0,accepted,16.1,16.1,0.0,False
P::J2284,J2284,J2284,exact_normalized_queue_id,1.0,accepted,65.96,65.97,-0.010000000000005116,False
P::J2285,J2285,J2285,exact_normalized_queue_id,1.0,accepted,45.0,45.0,0.0,False
P::J2286,J2286,J2286,exact_normalized_queue_id,1.0,accepted,90.0,90.0,0.0,False
P::J2287,J2287,J2287,exact_normalized_queue_id,1.0,accepted,135.0,135.0,0.0,False
P::J2288,J2288,J2288,exact_normalized_queue_id,1.0,accepted,175.0,175.0,0.0,False
P::J2289,J2289,J2289,exact_normalized_queue_id,1.0,accepted,200.0,200.0,0.0,False
P::J2290,J2290,J2290,exact_normalized_queue_id,0.9,accepted,130.0,130.0,0.0,False
P::J2291,J2291,J2291,exact_normalized_queue_id,1.0,accepted,150.0,150.0,0.0,False
P::J2292,J2292,J2292,exact_normalized_queue_id,1.0,accepted,50.0,50.0,0.0,False
P::J2293,J2293,J2293,exact_normalized_queue_id,0.9,accepted,50.0,50.0,0.0,False
P::J2294,J2294,J2294,exact_normalized_queue_id,1.0,accepted,250.0,250.0,0.0,False
P::J2295,J2295,J2295,exact_normalized_queue_id,1.0,accepted,200.0,200.0,0.0,False
P::J2296,J2296,J2296,exact_normalized_queue_id,1.0,accepted,100.0,100.0,0.0,False
P::J2297,J2297,J2297,exact_normalized_queue_id,1.0,accepted,100.0,100.0,0.0,False
P::J2298,J2298,J2298,exact_normalized_queue_id,1.0,accepted,200.0,200.0,0.0,False
P::J2299,J2299,J2299,exact_normalized_queue_id,1.0,accepted,100.0,100.0,0.0,False
P::J2300,J2300,J2300,exact_normalized_queue_id,1.0,accepted,50.0,50.0,0.0,False
P::J2301,J2301,J2301,exact_normalized_queue_id,0.9,accepted,100.0,100.0,0.0,False
P::J2302,J2302,J2302,exact_normalized_queue_id,0.9,accepted,400.0,400.0,0.0,False
P::J2303,J2303,J2303,exact_normalized_queue_id,1.0,accepted,100.0,100.0,0.0,False
P::J2304,J2304,J2304,exact_normalized_queue_id,1.0,accepted,400.0,400.0,0.0,False
P::J2305,J2305,J2305,exact_normalized_queue_id,1.0,accepted,139.0,139.0,0.0,False
P::J2306,J2306,J2306,exact_normalized_queue_id,0.9,accepted,150.0,150.0,0.0,False
P::J2307,J2307,J2307,exact_normalized_queue_id,1.0,accepted,130.0,130.0,0.0,False
P::J2308,J2308,J2308,exact_normalized_queue_id,1.0,accepted,35.0,35.0,0.0,False
P::J2309,J2309,J2309,exact_normalized_queue_id,1.0,accepted,100.0,100.0,0.0,False
P::J2310,J2310,J2310,exact_normalized_queue_id,1.0,accepted,300.0,300.0,0.0,False
P::J2311,J2311,J2311,exact_normalized_queue_id,1.0,accepted,145.0,145.0,0.0,False
P::J2312,J2312,J2312,exact_normalized_queue_id,1.0,accepted,47.9,47.9,0.0,False
P::J2313,J2313,J2313,exact_normalized_queue_id,1.0,accepted,80.0,80.0,0.0,False
P::J2314,J2314,J2314,exact_normalized_queue_id,1.0,accepted,150.0,150.0,0.0,False
P::J2315,J2315,J2315,exact_normalized_queue_id,1.0,accepted,75.3,75.3,0.0,False
P::J2316,J2316,J2316,exact_normalized_queue_id,1.0,accepted,77.5,77.5,0.0,False
P::J2317,J2317,J2317,exact_normalized_queue_id,1.0,accepted,225.0,225.0,0.0,False
P::J2318,J2318,J2318,exact_normalized_queue_id,0.9,accepted,75.0,75.0,0.0,False
P::J2319,J2319,J2319,exact_normalized_queue_id,1.0,accepted,200.0,200.0,0.0,False
P::J2320,J2320,J2320,exact_normalized_queue_id,1.0,accepted,40.0,40.0,0.0,False
P::J2321,J2321,J2321,exact_normalized_queue_id,0.9,accepted,180.0,180.0,0.0,False
P::J2322,J2322,J2322,exact_normalized_queue_id,1.0,accepted,200.0,200.0,0.0,False
P::J2323,J2323,J2323,exact_normalized_queue_id,1.0,accepted,145.0,145.0,0.0,False
P::J2324,J2324,J2324,exact_normalized_queue_id,0.9,accepted,35.0,35.0,0.0,False
P::J2325,J2325,J2325,exact_normalized_queue_id,1.0,accepted,175.0,175.0,0.0,False
P::J2326,J2326,J2326,exact_normalized_queue_id,1.0,accepted,150.0,150.0,0.0,False
P::J2327,J2327,J2327,exact_normalized_queue_id,1.0,accepted,300.0,300.0,0.0,False
P::J2328,J2328,J2328,exact_normalized_queue_id,1.0,accepted,150.0,150.0,0.0,False
P::J2329,J2329,J2329,exact_normalized_queue_id,1.0,accepted,100.0,100.0,0.0,False
P::J2330,J2330,J2330,exact_normalized_queue_id,1.0,accepted,200.0,200.0,0.0,False
P::J2331,J2331,J2331,exact_normalized_queue_id,1.0,accepted,127.0,127.0,0.0,False
P::J2332,J2332,J2332,exact_normalized_queue_id,1.0,accepted,200.0,200.0,0.0,False
P::J2333,J2333,J2333,exact_normalized_queue_id,1.0,accepted,200.0,200.0,0.0,False
P::J2334,J2334,J2334,exact_normalized_queue_id,1.0,accepted,195.0,195.0,0.0,False
P::J2335,J2335,J2335,exact_normalized_queue_id,1.0,accepted,200.0,200.0,0.0,False
P::J2336,J2336,J2336,exact_normalized_queue_id,0.9,accepted,125.0,125.0,0.0,False
P::J2337,J2337,J2337,exact_normalized_queue_id,1.0,accepted,100.0,100.0,0.0,False
P::J2338,J2338,J2338,exact_normalized_queue_id,1.0,accepted,200.0,200.0,0.0,False
P::J2339,J2339,J2339,exact_normalized_queue_id,1.0,accepted,125.0,125.0,0.0,False
P::J2340,J2340,J2340,exact_normalized_queue_id,1.0,accepted,43.0,43.0,0.0,False
P::J2341,J2341,J2341,exact_normalized_queue_id,1.0,accepted,75.0,75.0,0.0,False
P::J2342,J2342,J2342,exact_normalized_queue_id,1.0,accepted,230.0,230.0,0.0,False
P::J2343,J2343,J2343,exact_normalized_queue_id,1.0,accepted,130.0,130.0,0.0,False
P::J2344,J2344,J2344,exact_normalized_queue_id,1.0,accepted,200.0,200.0,0.0,False
P::J2345,J2345,J2345,exact_normalized_queue_id,1.0,accepted,150.0,150.0,0.0,False
P::J2346,J2346,J2346,exact_normalized_queue_id,1.0,accepted,200.0,200.0,0.0,False
P::J2347,J2347,J2347,exact_normalized_queue_id,1.0,accepted,40.0,40.0,0.0,False
P::J2348,J2348,J2348,exact_normalized_queue_id,1.0,accepted,225.0,225.0,0.0,False
P::J2349,J2349,J2349,exact_normalized_queue_id,1.0,accepted,200.0,200.0,0.0,False
P::J2350,J2350,J2350,exact_normalized_queue_id,1.0,accepted,115.5,115.5,0.0,False
P::J2351,J2351,J2351,exact_normalized_queue_id,1.0,accepted,200.0,200.0,0.0,False
P::J2352,J2352,J2352,exact_normalized_queue_id,1.0,accepted,118.0,118.0,0.0,False
P::J2353,J2353,J2353,exact_normalized_queue_id,1.0,accepted,190.0,190.0,0.0,False
P::J2354,J2354,J2354,exact_normalized_queue_id,1.0,accepted,65.0,65.0,0.0,False
P::J2355,J2355,J2355,exact_normalized_queue_id,1.0,accepted,70.0,70.0,0.0,False
P::J2356,J2356,J2356,exact_normalized_queue_id,0.9,accepted,200.0,200.0,0.0,False
P::J2357,J2357,J2357,exact_normalized_queue_id,1.0,accepted,200.0,200.0,0.0,False
P::J2358,J2358,J2358,exact_normalized_queue_id,1.0,accepted,113.98,113.98,0.0,False
P::J2359,J2359,J2359,exact_normalized_queue_id,1.0,accepted,58.5,58.5,0.0,False
P::J2360,J2360,J2360,exact_normalized_queue_id,1.0,accepted,90.0,90.0,0.0,False
P::J2361,J2361,J2361,exact_normalized_queue_id,1.0,accepted,105.0,105.0,0.0,False
P::J2362,J2362,J2362,exact_normalized_queue_id,1.0,accepted,100.0,100.0,0.0,False
P::J2363,J2363,J2363,exact_normalized_queue_id,1.0,accepted,226.0,226.0,0.0,False
P::J2364,J2364,J2364,exact_normalized_queue_id,1.0,accepted,175.0,175.0,0.0,False
P::J2365,J2365,J2365,exact_normalized_queue_id,1.0,accepted,115.0,115.0,0.0,False
P::J2366,J2366,J2366,exact_normalized_queue_id,1.0,accepted,160.0,160.0,0.0,False
P::J2367,J2367,J2367,exact_normalized_queue_id,1.0,accepted,250.0,250.0,0.0,False
P::J2368,J2368,J2368,exact_normalized_queue_id,1.0,accepted,250.0,250.0,0.0,False
P::J2369,J2369,J2369,exact_normalized_queue_id,1.0,accepted,300.0,300.0,0.0,False
P::J2370,J2370,J2370,exact_normalized_queue_id,1.0,accepted,100.0,100.0,0.0,False
P::J2371,J2371,J2371,exact_normalized_queue_id,1.0,accepted,250.0,250.0,0.0,False
P::J2372,J2372,J2372,exact_normalized_queue_id,1.0,accepted,200.0,200.0,0.0,False
P::J2373,J2373,J2373,exact_normalized_queue_id,1.0,accepted,40.0,40.0,0.0,False
P::J2374,J2374,J2374,exact_normalized_queue_id,1.0,accepted,200.0,200.0,0.0,False
P::J2375,J2375,J2375,exact_normalized_queue_id,1.0,accepted,100.0,100.0,0.0,False
P::J2376,J2376,J2376,exact_normalized_queue_id,1.0,accepted,60.0,60.0,0.0,False
P::J2377,J2377,J2377,exact_normalized_queue_id,1.0,accepted,300.0,300.0,0.0,False
P::J2378,J2378,J2378,exact_normalized_queue_id,1.0,accepted,152.0,152.0,0.0,False
P::J2379,J2379,J2379,exact_normalized_queue_id,1.0,accepted,200.0,200.0,0.0,False
P::J2380,J2380,J2380,exact_normalized_queue_id,1.0,accepted,100.0,100.0,0.0,False
P::J2381,J2381,J2381,exact_normalized_queue_id,1.0,accepted,200.0,200.0,0.0,False
P::J2382,J2382,J2382,exact_normalized_queue_id,0.9,accepted,115.0,115.0,0.0,False
P::J2383,J2383,J2383,exact_normalized_queue_id,1.0,accepted,100.0,100.0,0.0,False
P::J2384,J2384,J2384,exact_normalized_queue_id,1.0,accepted,125.0,125.0,0.0,False
P::J2385,J2385,J2385,exact_normalized_queue_id,1.0,accepted,179.0,179.0,0.0,False
P::J2386,J2386,J2386,exact_normalized_queue_id,1.0,accepted,300.0,300.0,0.0,False
P::J2387,J2387,J2387,exact_normalized_queue_id,1.0,accepted,50.0,50.0,0.0,False
P::J2388,J2388,J2388,exact_normalized_queue_id,0.9,accepted,200.0,200.0,0.0,False
P::J2389,J2389,J2389,exact_normalized_queue_id,0.9,accepted,150.0,150.0,0.0,False
P::J2390,J2390,J2390,exact_normalized_queue_id,0.9,accepted,350.0,350.0,0.0,False
P::J2391,J2391,J2391,exact_normalized_queue_id,1.0,accepted,100.0,100.0,0.0,False
P::J2392,J2392,J2392,exact_normalized_queue_id,1.0,accepted,100.0,100.0,0.0,False
P::J2393,J2393,J2393,exact_normalized_queue_id,1.0,accepted,164.0,164.0,0.0,False
P::J2394,J2394,J2394,exact_normalized_queue_id,0.9,accepted,200.0,200.0,0.0,False
P::J2395,J2395,J2395,exact_normalized_queue_id,1.0,accepted,500.0,500.0,0.0,False
P::J2396,J2396,J2396,exact_normalized_queue_id,1.0,accepted,400.0,400.0,0.0,False
P::J2397,J2397,J2397,exact_normalized_queue_id,0.9,accepted,160.0,160.0,0.0,False
P::J2398,J2398,J2398,exact_normalized_queue_id,0.9,accepted,160.0,160.0,0.0,False
P::J2399,J2399,J2399,exact_normalized_queue_id,1.0,accepted,500.0,500.0,0.0,False
P::J2400,J2400,J2400,exact_normalized_queue_id,1.0,accepted,120.0,120.0,0.0,False
P::J2401,J2401,J2401,exact_normalized_queue_id,1.0,accepted,150.0,150.0,0.0,False
P::J2402,J2402,J2402,exact_normalized_queue_id,1.0,accepted,200.0,200.0,0.0,False
P::J2403,J2403,J2403,exact_normalized_queue_id,1.0,accepted,200.0,200.0,0.0,False
P::J2404,J2404,J2404,exact_normalized_queue_id,1.0,accepted,38.8,38.81,-0.010000000000005116,False
P::J2405,J2405,J2405,exact_normalized_queue_id,1.0,accepted,200.0,200.0,0.0,False
P::J2406,J2406,J2406,exact_normalized_queue_id,1.0,accepted,200.0,200.0,0.0,False
P::J2407,J2407,J2407,exact_normalized_queue_id,1.0,accepted,198.0,198.0,0.0,False
P::J2408,J2408,J2408,exact_normalized_queue_id,1.0,accepted,100.0,100.0,0.0,False
P::J2409,J2409,J2409,exact_normalized_queue_id,1.0,accepted,150.0,150.0,0.0,False
P::J2410,J2410,J2410,exact_normalized_queue_id,1.0,accepted,300.0,300.0,0.0,False
P::J2411,J2411,J2411,exact_normalized_queue_id,1.0,accepted,80.0,80.0,0.0,False
P::J2412,J2412,J2412,exact_normalized_queue_id,1.0,accepted,100.0,100.0,0.0,False
P::J2413,J2413,J2413,exact_normalized_queue_id,1.0,accepted,150.0,150.0,0.0,False
P::J2414,J2414,J2414,exact_normalized_queue_id,1.0,accepted,150.0,150.0,0.0,False
P::J2415,J2415,J2415,exact_normalized_queue_id,1.0,accepted,75.0,75.0,0.0,False
P::J2416,J2416,J2416,exact_normalized_queue_id,1.0,accepted,125.0,125.0,0.0,False
P::J2417,J2417,J2417,exact_normalized_queue_id,1.0,accepted,300.0,300.0,0.0,False
P::J2418,J2418,J2418,exact_normalized_queue_id,1.0,accepted,140.0,140.0,0.0,False
P::J2419,J2419,J2419,exact_normalized_queue_id,1.0,accepted,300.0,300.0,0.0,False
P::J2420,J2420,J2420,exact_normalized_queue_id,1.0,accepted,95.0,95.0,0.0,False
P::J2421,J2421,J2421,exact_normalized_queue_id,1.0,accepted,200.0,200.0,0.0,False
P::J2422,J2422,J2422,exact_normalized_queue_id,1.0,accepted,200.0,200.0,0.0,False
P::J2423,J2423,J2423,exact_normalized_queue_id,1.0,accepted,300.0,300.0,0.0,False
P::J2424,J2424,J2424,exact_normalized_queue_id,1.0,accepted,100.0,100.0,0.0,False
P::J2425,J2425,J2425,exact_normalized_queue_id,1.0,accepted,150.0,150.0,0.0,False
P::J2426,J2426,J2426,exact_normalized_queue_id,1.0,accepted,200.0,200.0,0.0,False
P::J2427,J2427,J2427,exact_normalized_queue_id,1.0,accepted,200.0,200.0,0.0,False
P::J2428,J2428,J2428,exact_normalized_queue_id,1.0,accepted,100.0,100.0,0.0,False
P::J2429,J2429,J2429,exact_normalized_queue_id,1.0,accepted,50.0,50.0,0.0,False
P::J2430,J2430,J2430,exact_normalized_queue_id,1.0,accepted,80.0,80.0,0.0,False
P::J2431,J2431,J2431,exact_normalized_queue_id,1.0,accepted,150.0,150.0,0.0,False
P::J2432,J2432,J2432,exact_normalized_queue_id,1.0,accepted,150.0,150.0,0.0,False
P::J2433,J2433,J2433,exact_normalized_queue_id,1.0,accepted,150.0,150.0,0.0,False
P::J2434,J2434,J2434,exact_normalized_queue_id,1.0,accepted,150.0,150.0,0.0,False
P::J2435,J2435,J2435,exact_normalized_queue_id,1.0,accepted,150.0,150.0,0.0,False
P::J2436,J2436,J2436,exact_normalized_queue_id,1.0,accepted,300.0,300.0,0.0,False
P::J2437,J2437,J2437,exact_normalized_queue_id,1.0,accepted,175.0,175.0,0.0,False
P::J2438,J2438,J2438,exact_normalized_queue_id,1.0,accepted,150.0,150.0,0.0,False
P::J2439,J2439,J2439,exact_normalized_queue_id,1.0,accepted,50.0,50.0,0.0,False
P::J2440,J2440,J2440,exact_normalized_queue_id,1.0,accepted,100.0,100.0,0.0,False
P::J2441,J2441,J2441,exact_normalized_queue_id,1.0,accepted,250.0,250.0,0.0,False
P::J2442,J2442,J2442,exact_normalized_queue_id,1.0,accepted,84.0,84.0,0.0,False
P::J2443,J2443,J2443,exact_normalized_queue_id,1.0,accepted,500.0,500.0,0.0,False
P::J2444,J2444,J2444,exact_normalized_queue_id,1.0,accepted,220.0,220.0,0.0,False
P::J2445,J2445,J2445,exact_normalized_queue_id,1.0,accepted,50.0,50.0,0.0,False
P::J2446,J2446,J2446,exact_normalized_queue_id,1.0,accepted,300.0,300.0,0.0,False
P::J2447,J2447,J2447,exact_normalized_queue_id,1.0,accepted,200.0,200.0,0.0,False
P::J2448,J2448,J2448,exact_normalized_queue_id,1.0,accepted,100.0,100.0,0.0,False
P::J2449,J2449,J2449,exact_normalized_queue_id,1.0,accepted,200.0,200.0,0.0,False
P::J2450,J2450,J2450,exact_normalized_queue_id,1.0,accepted,100.0,100.0,0.0,False
P::J2451,J2451,J2451,exact_normalized_queue_id,1.0,accepted,200.0,200.0,0.0,False
P::J2452,J2452,J2452,exact_normalized_queue_id,1.0,accepted,500.0,500.0,0.0,False
P::J2453,J2453,J2453,exact_normalized_queue_id,1.0,accepted,100.0,100.0,0.0,False
P::J2454,J2454,J2454,exact_normalized_queue_id,1.0,accepted,150.0,150.0,0.0,False
P::J2455,J2455,J2455,exact_normalized_queue_id,1.0,accepted,92.0,92.0,0.0,False
P::J2456,J2456,J2456,exact_normalized_queue_id,0.9,accepted,100.0,100.0,0.0,False
P::J2457,J2457,J2457,exact_normalized_queue_id,1.0,accepted,40.0,40.0,0.0,False
P::J2458,J2458,J2458,exact_normalized_queue_id,1.0,accepted,100.0,100.0,0.0,False
P::J2459,J2459,J2459,exact_normalized_queue_id,1.0,accepted,100.0,100.0,0.0,False
P::J2460,J2460,J2460,exact_normalized_queue_id,1.0,accepted,100.0,100.0,0.0,False
P::J2461,J2461,J2461,exact_normalized_queue_id,1.0,accepted,100.0,100.0,0.0,False
P::J2462,J2462,J2462,exact_normalized_queue_id,1.0,accepted,200.0,200.0,0.0,False
P::J2463,J2463,J2463,exact_normalized_queue_id,1.0,accepted,200.0,200.0,0.0,False
P::J2464,J2464,J2464,exact_normalized_queue_id,1.0,accepted,200.0,200.0,0.0,False
P::J2465,J2465,J2465,exact_normalized_queue_id,1.0,accepted,200.0,200.0,0.0,False
P::J2466,J2466,J2466,exact_normalized_queue_id,1.0,accepted,130.0,130.0,0.0,False
P::J2467,J2467,J2467,exact_normalized_queue_id,1.0,accepted,105.0,105.0,0.0,False
P::J2468,J2468,J2468,exact_normalized_queue_id,1.0,accepted,130.0,130.0,0.0,False
P::J2469,J2469,J2469,exact_normalized_queue_id,1.0,accepted,300.0,300.0,0.0,False
P::J2470,J2470,J2470,exact_normalized_queue_id,1.0,accepted,100.0,100.0,0.0,False
P::J2471,J2471,J2471,exact_normalized_queue_id,1.0,accepted,100.0,100.0,0.0,False
P::J2472,J2472,J2472,exact_normalized_queue_id,1.0,accepted,200.0,200.0,0.0,False
P::J2473,J2473,J2473,exact_normalized_queue_id,1.0,accepted,150.0,150.0,0.0,False
P::J2474,J2474,J2474,exact_normalized_queue_id,0.9,accepted,100.0,100.0,0.0,False
P::J2475,J2475,J2475,exact_normalized_queue_id,1.0,accepted,200.0,200.0,0.0,False
P::J2476,J2476,J2476,exact_normalized_queue_id,0.9,accepted,150.0,150.0,0.0,False
P::J2477,J2477,J2477,exact_normalized_queue_id,1.0,accepted,600.0,600.0,0.0,False
P::J2478,J2478,J2478,exact_normalized_queue_id,1.0,accepted,550.0,550.0,0.0,False
P::J2479,J2479,J2479,exact_normalized_queue_id,1.0,accepted,140.0,140.0,0.0,False
P::J2480,J2480,J2480,exact_normalized_queue_id,1.0,accepted,75.0,75.0,0.0,False
P::J2481,J2481,J2481,exact_normalized_queue_id,1.0,accepted,300.0,300.0,0.0,False
P::J2482,J2482,J2482,exact_normalized_queue_id,1.0,accepted,300.0,300.0,0.0,False
P::J2483,J2483,J2483,exact_normalized_queue_id,1.0,accepted,105.0,105.0,0.0,False
P::J2484,J2484,J2484,exact_normalized_queue_id,1.0,accepted,100.0,100.0,0.0,False
P::J2485,J2485,J2485,exact_normalized_queue_id,0.99,accepted,200.0,180.0,20.0,True
P::J2486,J2486,J2486,exact_normalized_queue_id,0.9425,accepted,200.0,85.0,115.0,True
P::J2487,J2487,J2487,exact_normalized_queue_id,1.0,accepted,200.0,200.0,0.0,False
P::J2488,J2488,J2488,exact_normalized_queue_id,1.0,accepted,150.0,150.0,0.0,False
P::J2489,J2489,J2489,exact_normalized_queue_id,1.0,accepted,140.0,140.0,0.0,False
P::J2490,J2490,J2490,exact_normalized_queue_id,1.0,accepted,125.0,125.0,0.0,False
P::J2491,J2491,J2491,exact_normalized_queue_id,1.0,accepted,100.0,100.0,0.0,False
P::J2492,J2492,J2492,exact_normalized_queue_id,1.0,accepted,300.0,300.0,0.0,False
P::J2493,J2493,J2493,exact_normalized_queue_id,1.0,accepted,184.0,184.0,0.0,False
P::J2494,J2494,J2494,exact_normalized_queue_id,1.0,accepted,178.0,178.0,0.0,False
P::J2495,J2495,J2495,exact_normalized_queue_id,1.0,accepted,100.0,100.0,0.0,False
P::J2496,J2496,J2496,exact_normalized_queue_id,1.0,accepted,400.0,400.0,0.0,False
P::J2497,J2497,J2497,exact_normalized_queue_id,1.0,accepted,300.0,300.0,0.0,False
P::J2498,J2498,J2498,exact_normalized_queue_id,1.0,accepted,250.0,250.0,0.0,False
P::J2499,J2499,J2499,exact_normalized_queue_id,1.0,accepted,100.0,100.0,0.0,False
P::J2500,J2500,J2500,exact_normalized_queue_id,1.0,accepted,175.0,175.0,0.0,False
P::J2501,J2501,J2501,exact_normalized_queue_id,1.0,accepted,150.0,150.0,0.0,False
P::J2502,J2502,J2502,exact_normalized_queue_id,1.0,accepted,150.0,150.0,0.0,False
P::J2503,J2503,J2503,exact_normalized_queue_id,1.0,accepted,100.0,100.0,0.0,False
P::J2504,J2504,J2504,exact_normalized_queue_id,1.0,accepted,300.0,300.0,0.0,False
P::J2505,J2505,J2505,exact_normalized_queue_id,1.0,accepted,250.0,250.0,0.0,False
P::J2506,J2506,J2506,exact_normalized_queue_id,1.0,accepted,100.0,100.0,0.0,False
P::J2507,J2507,J2507,exact_normalized_queue_id,1.0,accepted,250.0,250.0,0.0,False
P::J2508,J2508,J2508,exact_normalized_queue_id,1.0,accepted,300.0,300.0,0.0,False
P::J2509,J2509,J2509,exact_normalized_queue_id,1.0,accepted,200.0,200.0,0.0,False
P::J2510,J2510,J2510,exact_normalized_queue_id,1.0,accepted,350.0,350.0,0.0,False
P::J2511,J2511,J2511,exact_normalized_queue_id,1.0,accepted,85.0,85.0,0.0,False
P::J2512,J2512,J2512,exact_normalized_queue_id,1.0,accepted,173.0,173.0,0.0,False
P::J2513,J2513,J2513,exact_normalized_queue_id,1.0,accepted,220.0,220.0,0.0,False
P::J2514,J2514,J2514,exact_normalized_queue_id,1.0,accepted,100.0,100.0,0.0,False
P::J2515,J2515,J2515,exact_normalized_queue_id,1.0,accepted,300.0,300.0,0.0,False
P::J2516,J2516,J2516,exact_normalized_queue_id,1.0,accepted,300.0,300.0,0.0,False
P::J2517,J2517,J2517,exact_normalized_queue_id,1.0,accepted,100.0,100.0,0.0,False
P::J2518,J2518,J2518,exact_normalized_queue_id,1.0,accepted,200.0,200.0,0.0,False
P::J2519,J2519,J2519,exact_normalized_queue_id,1.0,accepted,600.0,600.0,0.0,False
P::J2520,J2520,J2520,exact_normalized_queue_id,1.0,accepted,200.0,200.0,0.0,False
P::J2521,J2521,J2521,exact_normalized_queue_id,1.0,accepted,50.0,50.0,0.0,False
P::J2522,J2522,J2522,exact_normalized_queue_id,1.0,accepted,100.0,100.0,0.0,False
P::J2523,J2523,J2523,exact_normalized_queue_id,1.0,accepted,250.0,250.0,0.0,False
P::J2524,J2524,J2524,exact_normalized_queue_id,1.0,accepted,200.0,200.0,0.0,False
P::J2525,J2525,J2525,exact_normalized_queue_id,0.9,accepted,175.0,175.0,0.0,False
P::J2526,J2526,J2526,exact_normalized_queue_id,1.0,accepted,200.0,200.0,0.0,False
P::J2527,J2527,J2527,exact_normalized_queue_id,1.0,accepted,140.0,140.0,0.0,False
P::J2528,J2528,J2528,exact_normalized_queue_id,1.0,accepted,100.0,100.0,0.0,False
P::J2529,J2529,J2529,exact_normalized_queue_id,1.0,accepted,200.0,200.0,0.0,False
P::J2530,J2530,J2530,exact_normalized_queue_id,1.0,accepted,170.0,170.0,0.0,False
P::J2531,J2531,J2531,exact_normalized_queue_id,1.0,accepted,140.0,140.0,0.0,False
P::J2532,J2532,J2532,exact_normalized_queue_id,1.0,accepted,200.0,200.0,0.0,False
P::J2533,J2533,J2533,exact_normalized_queue_id,1.0,accepted,100.0,100.0,0.0,False
P::J2534,J2534,J2534,exact_normalized_queue_id,1.0,accepted,100.0,100.0,0.0,False
P::J2535,J2535,J2535,exact_normalized_queue_id,1.0,accepted,210.0,210.0,0.0,False
P::J2536,J2536,J2536,exact_normalized_queue_id,1.0,accepted,200.0,200.0,0.0,False
P::J2537,J2537,J2537,exact_normalized_queue_id,1.0,accepted,100.0,100.0,0.0,False
P::J2538,J2538,J2538,exact_normalized_queue_id,1.0,accepted,200.0,200.0,0.0,False
P::J2539,J2539,J2539,exact_normalized_queue_id,1.0,accepted,150.0,150.0,0.0,False
P::J2540,J2540,J2540,exact_normalized_queue_id,1.0,accepted,150.0,150.0,0.0,False
P::J2541,J2541,J2541,exact_normalized_queue_id,1.0,accepted,50.0,50.0,0.0,False
P::J2542,J2542,J2542,exact_normalized_queue_id,1.0,accepted,100.0,100.0,0.0,False
P::J2543,J2543,J2543,exact_normalized_queue_id,1.0,accepted,175.0,175.0,0.0,False
P::J2544,J2544,J2544,exact_normalized_queue_id,1.0,accepted,95.0,95.0,0.0,False
P::J2545,J2545,J2545,exact_normalized_queue_id,1.0,accepted,200.0,200.0,0.0,False
P::J2546,J2546,J2546,exact_normalized_queue_id,1.0,accepted,185.0,185.0,0.0,False
P::J2547,J2547,J2547,exact_normalized_queue_id,1.0,accepted,150.0,150.0,0.0,False
P::J2548,J2548,J2548,exact_normalized_queue_id,1.0,accepted,75.0,75.0,0.0,False
P::J2549,J2549,J2549,exact_normalized_queue_id,1.0,accepted,75.0,75.0,0.0,False
P::J2550,J2550,J2550,exact_normalized_queue_id,1.0,accepted,75.0,75.0,0.0,False
P::J2551,J2551,J2551,exact_normalized_queue_id,1.0,accepted,110.0,110.0,0.0,False
P::J2552,J2552,J2552,exact_normalized_queue_id,1.0,accepted,80.0,80.0,0.0,False
P::J2553,J2553,J2553,exact_normalized_queue_id,1.0,accepted,210.0,210.0,0.0,False
P::J2554,J2554,J2554,exact_normalized_queue_id,1.0,accepted,220.0,220.0,0.0,False
P::J2555,J2555,J2555,exact_normalized_queue_id,1.0,accepted,100.0,100.0,0.0,False
P::J2556,J2556,J2556,exact_normalized_queue_id,1.0,accepted,300.0,300.0,0.0,False
P::J2557,J2557,J2557,exact_normalized_queue_id,1.0,accepted,100.0,100.0,0.0,False
P::J2558,J2558,J2558,exact_normalized_queue_id,1.0,accepted,150.0,150.0,0.0,False
P::J2559,J2559,J2559,exact_normalized_queue_id,1.0,accepted,200.0,200.0,0.0,False
P::J2560,J2560,J2560,exact_normalized_queue_id,1.0,accepted,130.0,130.0,0.0,False
P::J2561,J2561,J2561,exact_normalized_queue_id,1.0,accepted,153.0,153.0,0.0,False
P::J2562,J2562,J2562,exact_normalized_queue_id,1.0,accepted,80.0,80.0,0.0,False
P::J2563,J2563,J2563,exact_normalized_queue_id,1.0,accepted,200.0,200.0,0.0,False
P::J2564,J2564,J2564,exact_normalized_queue_id,0.9,accepted,18.9,18.9,0.0,False
P::J2565,J2565,J2565,exact_normalized_queue_id,1.0,accepted,265.0,265.0,0.0,False
P::J2566,J2566,J2566,exact_normalized_queue_id,1.0,accepted,200.0,200.0,0.0,False
P::J2567,J2567,J2567,exact_normalized_queue_id,1.0,accepted,240.0,240.0,0.0,False
P::J2568,J2568,J2568,exact_normalized_queue_id,1.0,accepted,120.0,120.0,0.0,False
P::J2569,J2569,J2569,exact_normalized_queue_id,1.0,accepted,300.0,300.0,0.0,False
P::J2570,J2570,J2570,exact_normalized_queue_id,1.0,accepted,200.0,200.0,0.0,False
P::J2571,J2571,J2571,exact_normalized_queue_id,1.0,accepted,176.6,176.6,0.0,False
P::J2572,J2572,J2572,exact_normalized_queue_id,1.0,accepted,200.0,200.0,0.0,False
P::J2573,J2573,J2573,exact_normalized_queue_id,1.0,accepted,200.0,200.0,0.0,False
P::J2574,J2574,J2574,exact_normalized_queue_id,0.9,accepted,172.0,172.0,0.0,False
P::J2575,J2575,J2575,exact_normalized_queue_id,1.0,accepted,198.0,198.0,0.0,False
P::J2576,J2576,J2576,exact_normalized_queue_id,1.0,accepted,164.1,164.1,0.0,False
P::J2577,J2577,J2577,exact_normalized_queue_id,1.0,accepted,200.0,200.0,0.0,False
P::J2578,J2578,J2578,exact_normalized_queue_id,1.0,accepted,180.0,180.0,0.0,False
P::J2579,J2579,J2579,exact_normalized_queue_id,1.0,accepted,362.0,362.0,0.0,False
P::J2580,J2580,J2580,exact_normalized_queue_id,1.0,accepted,100.0,100.0,0.0,False
P::J2581,J2581,J2581,exact_normalized_queue_id,1.0,accepted,250.0,250.0,0.0,False
P::J2582,J2582,J2582,exact_normalized_queue_id,1.0,accepted,100.0,100.0,0.0,False
P::J2583,J2583,J2583,exact_normalized_queue_id,1.0,accepted,50.0,50.0,0.0,False
P::J2584,J2584,J2584,exact_normalized_queue_id,1.0,accepted,100.0,100.0,0.0,False
P::J2585,J2585,J2585,exact_normalized_queue_id,1.0,accepted,240.0,240.0,0.0,False
P::J2586,J2586,J2586,exact_normalized_queue_id,1.0,accepted,200.0,200.0,0.0,False
P::J2587,J2587,J2587,exact_normalized_queue_id,1.0,accepted,200.0,200.0,0.0,False
P::J2588,J2588,J2588,exact_normalized_queue_id,1.0,accepted,120.0,120.0,0.0,False
P::J2589,J2589,J2589,exact_normalized_queue_id,1.0,accepted,150.0,150.0,0.0,False
P::J2590,J2590,J2590,exact_normalized_queue_id,1.0,accepted,500.0,500.0,0.0,False
P::J2591,J2591,J2591,exact_normalized_queue_id,0.9,accepted,500.0,500.0,0.0,False
P::J2592,J2592,J2592,exact_normalized_queue_id,1.0,accepted,50.0,50.0,0.0,False
P::J2593,J2593,J2593,exact_normalized_queue_id,0.9,accepted,140.0,140.0,0.0,False
P::J2594,J2594,J2594,exact_normalized_queue_id,1.0,accepted,650.0,650.0,0.0,False
P::J2595,J2595,J2595,exact_normalized_queue_id,1.0,accepted,650.0,650.0,0.0,False
P::J2596,J2596,J2596,exact_normalized_queue_id,1.0,accepted,200.0,200.0,0.0,False
P::J2597,J2597,J2597,exact_normalized_queue_id,1.0,accepted,100.0,100.0,0.0,False
P::J2598,J2598,J2598,exact_normalized_queue_id,1.0,accepted,198.0,198.0,0.0,False
P::J2599,J2599,J2599,exact_normalized_queue_id,1.0,accepted,216.0,216.0,0.0,False
P::J2600,J2600,J2600,exact_normalized_queue_id,1.0,accepted,245.0,245.0,0.0,False
P::J2601,J2601,J2601,exact_normalized_queue_id,1.0,accepted,200.0,200.0,0.0,False
P::J2602,J2602,J2602,exact_normalized_queue_id,1.0,accepted,250.0,250.0,0.0,False
P::J2603,J2603,J2603,exact_normalized_queue_id,1.0,accepted,320.0,320.0,0.0,False
P::J2604,J2604,J2604,exact_normalized_queue_id,1.0,accepted,100.0,100.0,0.0,False
P::J2605,J2605,J2605,exact_normalized_queue_id,1.0,accepted,339.0,339.0,0.0,False
P::J2606,J2606,J2606,exact_normalized_queue_id,1.0,accepted,361.0,361.0,0.0,False
P::J2607,J2607,J2607,exact_normalized_queue_id,1.0,accepted,200.0,200.0,0.0,False
P::J2608,J2608,J2608,exact_normalized_queue_id,1.0,accepted,160.0,160.0,0.0,False
P::J2609,J2609,J2609,exact_normalized_queue_id,1.0,accepted,80.0,80.0,0.0,False
P::J2610,J2610,J2610,exact_normalized_queue_id,1.0,accepted,150.0,150.0,0.0,False
P::J2611,J2611,J2611,exact_normalized_queue_id,1.0,accepted,215.0,215.0,0.0,False
P::J2612,J2612,J2612,exact_normalized_queue_id,1.0,accepted,150.0,150.0,0.0,False
P::J2613,J2613,J2613,exact_normalized_queue_id,1.0,accepted,300.0,300.0,0.0,False
P::J2614,J2614,J2614,exact_normalized_queue_id,1.0,accepted,200.0,200.0,0.0,False
P::J2615,J2615,J2615,exact_normalized_queue_id,0.9,accepted,145.0,145.0,0.0,False
P::J2616,J2616,J2616,exact_normalized_queue_id,0.9,accepted,100.0,100.0,0.0,False
P::J2617,J2617,J2617,exact_normalized_queue_id,0.9,accepted,240.0,240.0,0.0,False
P::J2618,J2618,J2618,exact_normalized_queue_id,1.0,accepted,100.0,100.0,0.0,False
P::J2619,J2619,J2619,exact_normalized_queue_id,0.9,accepted,140.0,140.0,0.0,False
P::J2620,J2620,J2620,exact_normalized_queue_id,1.0,accepted,164.0,164.0,0.0,False
P::J2621,J2621,J2621,exact_normalized_queue_id,1.0,accepted,115.0,115.0,0.0,False
P::J2622,J2622,J2622,exact_normalized_queue_id,1.0,accepted,107.0,107.0,0.0,False
P::J2623,J2623,J2623,exact_normalized_queue_id,1.0,accepted,125.0,125.0,0.0,False
P::J2624,J2624,J2624,exact_normalized_queue_id,1.0,accepted,450.0,450.0,0.0,False
P::J2625,J2625,J2625,exact_normalized_queue_id,0.9,accepted,100.0,100.0,0.0,False
P::J2626,J2626,J2626,exact_normalized_queue_id,1.0,accepted,300.0,300.0,0.0,False
P::J2627,J2627,J2627,exact_normalized_queue_id,1.0,accepted,150.0,150.0,0.0,False
P::J2628,J2628,J2628,exact_normalized_queue_id,1.0,accepted,250.0,250.0,0.0,False
P::J2629,J2629,J2629,exact_normalized_queue_id,1.0,accepted,175.0,175.0,0.0,False
P::J2630,J2630,J2630,exact_normalized_queue_id,1.0,accepted,100.0,100.0,0.0,False
P::J2631,J2631,J2631,exact_normalized_queue_id,1.0,accepted,250.0,250.0,0.0,False
P::J2632,J2632,J2632,exact_normalized_queue_id,1.0,accepted,100.0,100.0,0.0,False
P::J2633,J2633,J2633,exact_normalized_queue_id,1.0,accepted,61.0,61.0,0.0,False
P::J2634,J2634,J2634,exact_normalized_queue_id,1.0,accepted,105.8,105.8,0.0,False
P::J2635,J2635,J2635,exact_normalized_queue_id,1.0,accepted,52.0,52.0,0.0,False
P::J2636,J2636,J2636,exact_normalized_queue_id,1.0,accepted,78.5,78.5,0.0,False
P::J2637,J2637,J2637,exact_normalized_queue_id,1.0,accepted,64.5,64.5,0.0,False
P::J2638,J2638,J2638,exact_normalized_queue_id,1.0,accepted,58.0,58.0,0.0,False
P::J2639,J2639,J2639,exact_normalized_queue_id,1.0,accepted,105.8,105.8,0.0,False
P::J2640,J2640,J2640,exact_normalized_queue_id,1.0,accepted,394.5,394.5,0.0,False
P::J2641,J2641,J2641,exact_normalized_queue_id,1.0,accepted,200.0,200.0,0.0,False
P::J2642,J2642,J2642,exact_normalized_queue_id,1.0,accepted,50.0,50.0,0.0,False
P::J2643,J2643,J2643,exact_normalized_queue_id,1.0,accepted,150.0,150.0,0.0,False
P::J2644,J2644,J2644,exact_normalized_queue_id,1.0,accepted,90.0,90.0,0.0,False
P::J2645,J2645,J2645,exact_normalized_queue_id,1.0,accepted,199.0,199.0,0.0,False
P::J2646,J2646,J2646,exact_normalized_queue_id,1.0,accepted,130.0,130.0,0.0,False
P::J2647,J2647,J2647,exact_normalized_queue_id,1.0,accepted,300.0,300.0,0.0,False
P::J2648,J2648,J2648,exact_normalized_queue_id,0.9,accepted,135.0,135.0,0.0,False
P::J2649,J2649,J2649,exact_normalized_queue_id,0.9,accepted,250.0,250.0,0.0,False
P::J2650,J2650,J2650,exact_normalized_queue_id,0.9,accepted,236.0,236.0,0.0,False
P::J2651,J2651,J2651,exact_normalized_queue_id,1.0,accepted,160.0,160.0,0.0,False
P::J2652,J2652,J2652,exact_normalized_queue_id,1.0,accepted,197.0,197.0,0.0,False
P::J2653,J2653,J2653,exact_normalized_queue_id,1.0,accepted,170.0,170.0,0.0,False
P::J2654,J2654,J2654,exact_normalized_queue_id,1.0,accepted,180.0,180.0,0.0,False
P::J2655,J2655,J2655,exact_normalized_queue_id,1.0,accepted,170.0,170.0,0.0,False
P::J2656,J2656,J2656,exact_normalized_queue_id,0.7,accepted,180.0,0.0,180.0,True
P::J2657,J2657,J2657,exact_normalized_queue_id,1.0,accepted,138.0,138.0,0.0,False
P::J2658,J2658,J2658,exact_normalized_queue_id,1.0,accepted,150.0,150.0,0.0,False
P::J2659,J2659,J2659,exact_normalized_queue_id,1.0,accepted,150.0,150.0,0.0,False
P::J2660,J2660,J2660,exact_normalized_queue_id,1.0,accepted,150.0,150.0,0.0,False
P::J2661,J2661,J2661,exact_normalized_queue_id,1.0,accepted,200.0,200.0,0.0,False
P::J2662,J2662,J2662,exact_normalized_queue_id,1.0,accepted,250.0,250.0,0.0,False
P::J2663,J2663,J2663,exact_normalized_queue_id,1.0,accepted,200.0,200.0,0.0,False
P::J2664,J2664,J2664,exact_normalized_queue_id,1.0,accepted,200.0,200.0,0.0,False
P::J2665,J2665,J2665,exact_normalized_queue_id,0.9,accepted,347.0,347.0,0.0,False
P::J2666,J2666,J2666,exact_normalized_queue_id,1.0,accepted,100.0,100.0,0.0,False
P::J2667,J2667,J2667,exact_normalized_queue_id,0.9675,accepted,200.0,135.0,65.0,True
P::J2668,J2668,J2668,exact_normalized_queue_id,0.9956,accepted,225.0,215.0,10.0,True
P::J2669,J2669,J2669,exact_normalized_queue_id,0.9857,accepted,140.0,120.0,20.0,True
P::J2670,J2670,J2670,exact_normalized_queue_id,1.0,accepted,223.0,223.0,0.0,False
P::J2671,J2671,J2671,exact_normalized_queue_id,1.0,accepted,150.0,150.0,0.0,False
P::J2672,J2672,J2672,exact_normalized_queue_id,0.96,accepted,200.0,120.0,80.0,True
P::J2673,J2673,J2673,exact_normalized_queue_id,0.9644,accepted,225.0,145.0,80.0,True
P::J2674,J2674,J2674,exact_normalized_queue_id,1.0,accepted,200.0,200.0,0.0,False
P::J2675,J2675,J2675,exact_normalized_queue_id,0.9529,accepted,170.0,90.0,80.0,True
P::J2676,J2676,J2676,exact_normalized_queue_id,1.0,accepted,200.0,200.0,0.0,False
P::J2677,J2677,J2677,exact_normalized_queue_id,0.9975,accepted,200.0,195.0,5.0,False
P::J2678,J2678,J2678,exact_normalized_queue_id,1.0,accepted,150.0,150.0,0.0,False
P::J2679,J2679,J2679,exact_normalized_queue_id,1.0,accepted,100.0,100.0,0.0,False
P::J2680,J2680,J2680,exact_normalized_queue_id,1.0,accepted,150.0,150.0,0.0,False
P::J2681,J2681,J2681,exact_normalized_queue_id,1.0,accepted,170.0,170.0,0.0,False
P::J2682,J2682,J2682,exact_normalized_queue_id,1.0,accepted,500.0,500.0,0.0,False
P::J2683,J2683,J2683,exact_normalized_queue_id,1.0,accepted,120.0,120.0,0.0,False
P::J2684,J2684,J2684,exact_normalized_queue_id,0.97,accepted,200.0,140.0,60.0,True
P::J2685,J2685,J2685,exact_normalized_queue_id,1.0,accepted,120.0,120.0,0.0,False
P::J2686,J2686,J2686,exact_normalized_queue_id,1.0,accepted,150.0,150.0,0.0,False
P::J2687,J2687,J2687,exact_normalized_queue_id,0.9,accepted,300.0,300.0,0.0,False
P::J2688,J2688,J2688,exact_normalized_queue_id,0.9,accepted,130.0,130.0,0.0,False
P::J2689,J2689,J2689,exact_normalized_queue_id,0.9,accepted,180.0,180.0,0.0,False
P::J2690,J2690,J2690,exact_normalized_queue_id,0.9,accepted,500.0,500.0,0.0,False
P::J2691,J2691,J2691,exact_normalized_queue_id,0.9,accepted,250.0,250.0,0.0,False
P::J2692,J2692,J2692,exact_normalized_queue_id,0.9,accepted,500.0,500.0,0.0,False
P::J2693,J2693,J2693,exact_normalized_queue_id,1.0,accepted,105.0,105.0,0.0,False
P::J2694,J2694,J2694,exact_normalized_queue_id,0.9,accepted,500.0,500.0,0.0,False
P::J2695,J2695,J2695,exact_normalized_queue_id,1.0,accepted,234.0,234.0,0.0,False
P::J2696,J2696,J2696,exact_normalized_queue_id,1.0,accepted,500.0,500.0,0.0,False
P::J2697,J2697,J2697,exact_normalized_queue_id,0.9,accepted,500.0,500.0,0.0,False
P::J2698,J2698,J2698,exact_normalized_queue_id,0.9,accepted,500.0,500.0,0.0,False
P::J2699,J2699,J2699,exact_normalized_queue_id,1.0,accepted,58.1,58.1,0.0,False
P::J2700,J2700,J2700,exact_normalized_queue_id,1.0,accepted,170.0,170.0,0.0,False
P::J2701,J2701,J2701,exact_normalized_queue_id,1.0,accepted,100.0,100.0,0.0,False
P::J2702,J2702,J2702,exact_normalized_queue_id,1.0,accepted,100.8,100.8,0.0,False
P::J2703,J2703,J2703,exact_normalized_queue_id,1.0,accepted,398.0,398.0,0.0,False
P::J2704,J2704,J2704,exact_normalized_queue_id,1.0,accepted,500.0,500.0,0.0,False
P::J2705,J2705,J2705,exact_normalized_queue_id,1.0,accepted,220.0,220.0,0.0,False
P::J2706,J2706,J2706,exact_normalized_queue_id,1.0,accepted,500.0,500.0,0.0,False
P::J2707,J2707,J2707,exact_normalized_queue_id,1.0,accepted,165.0,165.0,0.0,False
P::J2708,J2708,J2708,exact_normalized_queue_id,1.0,accepted,500.0,500.0,0.0,False
P::J2709,J2709,J2709,exact_normalized_queue_id,1.0,accepted,228.0,228.0,0.0,False
P::J2710,J2710,J2710,exact_normalized_queue_id,1.0,accepted,100.0,100.0,0.0,False
P::J2711,J2711,J2711,exact_normalized_queue_id,1.0,accepted,122.0,122.0,0.0,False
P::J2712,J2712,J2712,exact_normalized_queue_id,1.0,accepted,75.0,75.0,0.0,False
P::J2713,J2713,J2713,exact_normalized_queue_id,1.0,accepted,47.6,47.6,0.0,False
P::J2714,J2714,J2714,exact_normalized_queue_id,1.0,accepted,162.0,162.0,0.0,False
P::J2715,J2715,J2715,exact_normalized_queue_id,1.0,accepted,120.0,120.0,0.0,False
P::J2716,J2716,J2716,exact_normalized_queue_id,1.0,accepted,300.0,300.0,0.0,False
P::J2717,J2717,J2717,exact_normalized_queue_id,0.9,accepted,600.0,600.0,0.0,False
P::J2718,J2718,J2718,exact_normalized_queue_id,1.0,accepted,50.0,50.0,0.0,False
P::J2719,J2719,J2719,exact_normalized_queue_id,1.0,accepted,200.0,200.0,0.0,False
P::J2720,J2720,J2720,exact_normalized_queue_id,1.0,accepted,150.0,150.0,0.0,False
P::J2721,J2721,J2721,exact_normalized_queue_id,1.0,accepted,120.0,120.0,0.0,False
P::J2722,J2722,J2722,exact_normalized_queue_id,1.0,accepted,100.0,100.0,0.0,False
P::J2723,J2723,J2723,exact_normalized_queue_id,1.0,accepted,249.0,249.0,0.0,False
P::J2724,J2724,J2724,exact_normalized_queue_id,1.0,accepted,300.0,300.0,0.0,False
P::J2725,J2725,J2725,exact_normalized_queue_id,1.0,accepted,100.0,100.0,0.0,False
P::J2726,J2726,J2726,exact_normalized_queue_id,1.0,accepted,248.0,248.0,0.0,False
P::J2727,J2727,J2727,exact_normalized_queue_id,0.9,accepted,140.0,140.0,0.0,False
P::J2728,J2728,J2728,exact_normalized_queue_id,1.0,accepted,150.0,150.0,0.0,False
P::J2729,J2729,J2729,exact_normalized_queue_id,1.0,accepted,200.0,200.0,0.0,False
P::J2730,J2730,J2730,exact_normalized_queue_id,1.0,accepted,150.0,150.0,0.0,False
P::J2731,J2731,J2731,exact_normalized_queue_id,1.0,accepted,150.0,150.0,0.0,False
P::J2732,J2732,J2732,exact_normalized_queue_id,0.9,accepted,250.0,250.0,0.0,False
P::J2733,J2733,J2733,exact_normalized_queue_id,1.0,accepted,126.0,126.0,0.0,False
P::J2734,J2734,J2734,exact_normalized_queue_id,0.9,accepted,150.0,150.0,0.0,False
P::J2735,J2735,J2735,exact_normalized_queue_id,1.0,accepted,80.0,80.0,0.0,False
P::J2736,J2736,J2736,exact_normalized_queue_id,0.9,accepted,100.0,100.0,0.0,False
P::J2737,J2737,J2737,exact_normalized_queue_id,1.0,accepted,180.0,180.0,0.0,False
P::J2738,J2738,J2738,exact_normalized_queue_id,0.9,accepted,128.0,128.0,0.0,False
P::J2739,J2739,J2739,exact_normalized_queue_id,1.0,accepted,100.0,100.0,0.0,False
P::J2740,J2740,J2740,exact_normalized_queue_id,1.0,accepted,150.0,150.0,0.0,False
P::J2741,J2741,J2741,exact_normalized_queue_id,1.0,accepted,100.0,100.0,0.0,False
P::J2742,J2742,J2742,exact_normalized_queue_id,1.0,accepted,100.0,100.0,0.0,False
P::J2743,J2743,J2743,exact_normalized_queue_id,1.0,accepted,175.0,175.0,0.0,False
P::J2744,J2744,J2744,exact_normalized_queue_id,1.0,accepted,50.0,50.0,0.0,False
P::J2745,J2745,J2745,exact_normalized_queue_id,1.0,accepted,90.0,90.0,0.0,False
P::J2746,J2746,J2746,exact_normalized_queue_id,1.0,accepted,70.0,70.0,0.0,False
P::J2747,J2747,J2747,exact_normalized_queue_id,1.0,accepted,160.0,160.0,0.0,False
P::J2748,J2748,J2748,exact_normalized_queue_id,1.0,accepted,150.0,150.0,0.0,False
P::J2749,J2749,J2749,exact_normalized_queue_id,1.0,accepted,150.0,150.0,0.0,False
P::J2750,J2750,J2750,exact_normalized_queue_id,1.0,accepted,197.5,197.5,0.0,False
P::J2751,J2751,J2751,exact_normalized_queue_id,1.0,accepted,125.0,125.0,0.0,False
P::J2752,J2752,J2752,exact_normalized_queue_id,1.0,accepted,110.0,110.0,0.0,False
P::J2753,J2753,J2753,exact_normalized_queue_id,1.0,accepted,200.0,200.0,0.0,False
P::J2754,J2754,J2754,exact_normalized_queue_id,1.0,accepted,170.0,170.0,0.0,False
P::J2755,J2755,J2755,exact_normalized_queue_id,1.0,accepted,100.0,100.0,0.0,False
P::J2756,J2756,J2756,exact_normalized_queue_id,1.0,accepted,42.0,42.0,0.0,False
P::J2757,J2757,J2757,exact_normalized_queue_id,1.0,accepted,160.3,160.3,0.0,False
P::J2758,J2758,J2758,exact_normalized_queue_id,1.0,accepted,500.0,500.0,0.0,False
P::J2759,J2759,J2759,exact_normalized_queue_id,1.0,accepted,170.0,170.0,0.0,False
P::J2760,J2760,J2760,exact_normalized_queue_id,0.9,accepted,68.0,68.0,0.0,False
P::J2761,J2761,J2761,exact_normalized_queue_id,1.0,accepted,100.0,100.0,0.0,False
P::J2762,J2762,J2762,exact_normalized_queue_id,1.0,accepted,200.0,200.0,0.0,False
P::J2763,J2763,J2763,exact_normalized_queue_id,0.9,accepted,100.0,100.0,0.0,False
P::J2764,J2764,J2764,exact_normalized_queue_id,0.9,accepted,150.0,150.0,0.0,False
P::J2765,J2765,J2765,exact_normalized_queue_id,0.9,accepted,100.0,100.0,0.0,False
P::J2766,J2766,J2766,exact_normalized_queue_id,1.0,accepted,190.0,190.0,0.0,False
P::J2767,J2767,J2767,exact_normalized_queue_id,1.0,accepted,200.0,200.0,0.0,False
P::J2768,J2768,J2768,exact_normalized_queue_id,1.0,accepted,120.0,120.0,0.0,False
P::J2769,J2769,J2769,exact_normalized_queue_id,1.0,accepted,200.0,200.0,0.0,False
P::J2770,J2770,J2770,exact_normalized_queue_id,1.0,accepted,125.0,125.0,0.0,False
P::J2771,J2771,J2771,exact_normalized_queue_id,0.9,accepted,100.0,100.0,0.0,False
P::J2772,J2772,J2772,exact_normalized_queue_id,0.9,accepted,200.0,200.0,0.0,False
P::J2773,J2773,J2773,exact_normalized_queue_id,0.9,accepted,100.0,100.0,0.0,False
P::J2774,J2774,J2774,exact_normalized_queue_id,1.0,accepted,200.0,200.0,0.0,False
P::J2775,J2775,J2775,exact_normalized_queue_id,1.0,accepted,125.0,125.0,0.0,False
P::J2776,J2776,J2776,exact_normalized_queue_id,0.9,accepted,10.0,10.0,0.0,False
P::J2777,J2777,J2777,exact_normalized_queue_id,0.9,accepted,35.0,35.0,0.0,False
P::J2778,J2778,J2778,exact_normalized_queue_id,0.9,accepted,15.0,15.0,0.0,False
P::J2779,J2779,J2779,exact_normalized_queue_id,0.9,accepted,40.0,40.0,0.0,False
P::J2780,J2780,J2780,exact_normalized_queue_id,0.9,accepted,33.0,33.0,0.0,False
P::J2781,J2781,J2781,exact_normalized_queue_id,0.9,accepted,35.0,35.0,0.0,False
P::J2782,J2782,J2782,exact_normalized_queue_id,0.9,accepted,38.0,38.0,0.0,False
P::J2783,J2783,J2783,exact_normalized_queue_id,0.9,accepted,33.0,33.0,0.0,False
P::J2784,J2784,J2784,exact_normalized_queue_id,1.0,accepted,200.0,200.0,0.0,False
P::J2785,J2785,J2785,exact_normalized_queue_id,1.0,accepted,500.0,500.0,0.0,False
P::J2786,J2786,J2786,exact_normalized_queue_id,0.9,accepted,170.0,170.0,0.0,False
P::J2787,J2787,J2787,exact_normalized_queue_id,1.0,accepted,200.0,200.0,0.0,False
P::J2788,J2788,J2788,exact_normalized_queue_id,1.0,accepted,100.0,100.0,0.0,False
P::J2789,J2789,J2789,exact_normalized_queue_id,1.0,accepted,250.0,250.0,0.0,False
P::J2790,J2790,J2790,exact_normalized_queue_id,1.0,accepted,300.0,300.0,0.0,False
P::J2791,J2791,J2791,exact_normalized_queue_id,0.9925,accepted,262.71,243.1,19.609999999999985,True
P::J2792,J2792,J2792,exact_normalized_queue_id,1.0,accepted,150.0,150.0,0.0,False
P::J2793,J2793,J2793,exact_normalized_queue_id,1.0,accepted,250.0,250.0,0.0,False
P::J2794,J2794,J2794,exact_normalized_queue_id,1.0,accepted,90.0,90.0,0.0,False
P::J2795,J2795,J2795,exact_normalized_queue_id,1.0,accepted,100.0,100.0,0.0,False
P::J2796,J2796,J2796,exact_normalized_queue_id,1.0,accepted,250.0,250.0,0.0,False
P::J2797,J2797,J2797,exact_normalized_queue_id,0.9,accepted,150.0,150.0,0.0,False
P::J2798,J2798,J2798,exact_normalized_queue_id,1.0,accepted,250.0,250.0,0.0,False
P::J2799,J2799,J2799,exact_normalized_queue_id,1.0,accepted,200.0,200.0,0.0,False
P::J2800,J2800,J2800,exact_normalized_queue_id,1.0,accepted,200.0,200.0,0.0,False
P::J2801,J2801,J2801,exact_normalized_queue_id,1.0,accepted,130.0,130.0,0.0,False
P::J2802,J2802,J2802,exact_normalized_queue_id,1.0,accepted,100.0,100.0,0.0,False
P::J2803,J2803,J2803,exact_normalized_queue_id,0.9,accepted,150.0,150.0,0.0,False
P::J2804,J2804,J2804,exact_normalized_queue_id,0.9,accepted,100.0,100.0,0.0,False
P::J2805,J2805,J2805,exact_normalized_queue_id,1.0,accepted,200.0,200.0,0.0,False
P::J2806,J2806,J2806,exact_normalized_queue_id,1.0,accepted,200.0,200.0,0.0,False
P::J2807,J2807,J2807,exact_normalized_queue_id,1.0,accepted,100.0,100.0,0.0,False
P::J2808,J2808,J2808,exact_normalized_queue_id,1.0,accepted,100.0,100.0,0.0,False
P::J2809,J2809,J2809,exact_normalized_queue_id,1.0,accepted,133.0,133.0,0.0,False
P::J2810,J2810,J2810,exact_normalized_queue_id,1.0,accepted,100.0,100.0,0.0,False
P::J2811,J2811,J2811,exact_normalized_queue_id,1.0,accepted,210.0,210.0,0.0,False
P::J2812,J2812,J2812,exact_normalized_queue_id,1.0,accepted,140.0,140.0,0.0,False
P::J2813,J2813,J2813,exact_normalized_queue_id,1.0,accepted,195.0,195.0,0.0,False
P::J2814,J2814,J2814,exact_normalized_queue_id,1.0,accepted,220.0,220.0,0.0,False
P::J2815,J2815,J2815,exact_normalized_queue_id,1.0,accepted,140.0,140.0,0.0,False
P::J2816,J2816,J2816,exact_normalized_queue_id,1.0,accepted,100.0,100.0,0.0,False
P::J2817,J2817,J2817,exact_normalized_queue_id,1.0,accepted,120.0,120.0,0.0,False
P::J2818,J2818,J2818,exact_normalized_queue_id,0.9,accepted,130.0,130.0,0.0,False
P::J2819,J2819,J2819,exact_normalized_queue_id,0.9,accepted,80.0,80.0,0.0,False
P::J2820,J2820,J2820,exact_normalized_queue_id,0.9,accepted,35.0,35.0,0.0,False
P::J2821,J2821,J2821,exact_normalized_queue_id,0.9,accepted,30.0,30.0,0.0,False
P::J2822,J2822,J2822,exact_normalized_queue_id,1.0,accepted,200.0,200.0,0.0,False
P::J2823,J2823,J2823,exact_normalized_queue_id,1.0,accepted,200.0,200.0,0.0,False
P::J2824,J2824,J2824,exact_normalized_queue_id,0.9,accepted,70.0,70.0,0.0,False
P::J2825,J2825,J2825,exact_normalized_queue_id,0.9,accepted,100.0,100.0,0.0,False
P::J2826,J2826,J2826,exact_normalized_queue_id,0.9,accepted,125.0,125.0,0.0,False
P::J2827,J2827,J2827,exact_normalized_queue_id,0.9,accepted,200.0,200.0,0.0,False
P::J2828,J2828,J2828,exact_normalized_queue_id,0.9,accepted,50.0,50.0,0.0,False
P::J2829,J2829,J2829,exact_normalized_queue_id,0.9,accepted,30.0,30.0,0.0,False
P::J2830,J2830,J2830,exact_normalized_queue_id,0.9,accepted,50.0,50.0,0.0,False
P::J2831,J2831,J2831,exact_normalized_queue_id,1.0,accepted,36.0,36.0,0.0,False
P::J2832,J2832,J2832,exact_normalized_queue_id,0.9,accepted,110.0,110.0,0.0,False
P::J2833,J2833,J2833,exact_normalized_queue_id,0.9,accepted,40.0,40.0,0.0,False
P::J2834,J2834,J2834,exact_normalized_queue_id,0.9,accepted,50.0,50.0,0.0,False
P::J2835,J2835,J2835,exact_normalized_queue_id,0.9,accepted,50.0,50.0,0.0,False
P::J2836,J2836,J2836,exact_normalized_queue_id,0.9,accepted,45.0,45.0,0.0,False
P::J2837,J2837,J2837,exact_normalized_queue_id,0.9,accepted,50.0,50.0,0.0,False
P::J2838,J2838,J2838,exact_normalized_queue_id,0.9,accepted,150.0,150.0,0.0,False
P::J2839,J2839,J2839,exact_normalized_queue_id,1.0,accepted,200.0,200.0,0.0,False
P::J2840,J2840,J2840,exact_normalized_queue_id,1.0,accepted,200.0,200.0,0.0,False
P::J2841,J2841,J2841,exact_normalized_queue_id,1.0,accepted,500.0,500.0,0.0,False
P::J2842,J2842,J2842,exact_normalized_queue_id,1.0,accepted,200.0,200.0,0.0,False
P::J2843,J2843,J2843,exact_normalized_queue_id,1.0,accepted,110.0,110.0,0.0,False
P::J2844,J2844,J2844,exact_normalized_queue_id,1.0,accepted,200.0,200.0,0.0,False
P::J2845,J2845,J2845,exact_normalized_queue_id,1.0,accepted,200.0,200.0,0.0,False
P::J2846,J2846,J2846,exact_normalized_queue_id,1.0,accepted,700.0,700.0,0.0,False
P::J2847,J2847,J2847,exact_normalized_queue_id,1.0,accepted,180.0,180.0,0.0,False
P::J2848,J2848,J2848,exact_normalized_queue_id,1.0,accepted,200.0,200.0,0.0,False
P::J2849,J2849,J2849,exact_normalized_queue_id,1.0,accepted,245.0,245.0,0.0,False
P::J2850,J2850,J2850,exact_normalized_queue_id,1.0,accepted,250.0,250.0,0.0,False
P::J2851,J2851,J2851,exact_normalized_queue_id,1.0,accepted,250.0,250.0,0.0,False
P::J2852,J2852,J2852,exact_normalized_queue_id,1.0,accepted,200.0,200.0,0.0,False
P::J2853,J2853,J2853,exact_normalized_queue_id,1.0,accepted,100.0,100.0,0.0,False
P::J2854,J2854,J2854,exact_normalized_queue_id,0.9,accepted,150.0,150.0,0.0,False
P::J2855,J2855,J2855,exact_normalized_queue_id,0.9,accepted,100.0,100.0,0.0,False
P::J2856,J2856,J2856,exact_normalized_queue_id,0.9,accepted,500.0,500.0,0.0,False
P::J2857,J2857,J2857,exact_normalized_queue_id,0.9,accepted,150.0,150.0,0.0,False
P::J2858,J2858,J2858,exact_normalized_queue_id,1.0,accepted,110.0,110.0,0.0,False
P::J2859,J2859,J2859,exact_normalized_queue_id,1.0,accepted,125.0,125.0,0.0,False
P::J2860,J2860,J2860,exact_normalized_queue_id,1.0,accepted,200.0,200.0,0.0,False
P::J2861,J2861,J2861,exact_normalized_queue_id,1.0,accepted,147.0,147.0,0.0,False
P::J2862,J2862,J2862,exact_normalized_queue_id,1.0,accepted,150.0,150.0,0.0,False
P::J2863,J2863,J2863,exact_normalized_queue_id,1.0,accepted,125.0,125.0,0.0,False
P::J2864,J2864,J2864,exact_normalized_queue_id,1.0,accepted,375.0,375.0,0.0,False
P::J2865,J2865,J2865,exact_normalized_queue_id,1.0,accepted,375.0,375.0,0.0,False
P::J2866,J2866,J2866,exact_normalized_queue_id,1.0,accepted,375.0,375.0,0.0,False
P::J2867,J2867,J2867,exact_normalized_queue_id,1.0,accepted,50.0,50.0,0.0,False
P::J2868,J2868,J2868,exact_normalized_queue_id,1.0,accepted,46.2,46.2,0.0,False
P::J2869,J2869,J2869,exact_normalized_queue_id,0.9,accepted,150.0,150.0,0.0,False
P::J2870,J2870,J2870,exact_normalized_queue_id,1.0,accepted,243.6,243.6,0.0,False
P::J2871,J2871,J2871,exact_normalized_queue_id,0.9,accepted,70.0,70.0,0.0,False
P::J2872,J2872,J2872,exact_normalized_queue_id,1.0,accepted,150.0,150.0,0.0,False
P::J2873,J2873,J2873,exact_normalized_queue_id,1.0,accepted,165.0,165.0,0.0,False
P::J2874,J2874,J2874,exact_normalized_queue_id,1.0,accepted,85.0,85.0,0.0,False
P::J2875,J2875,J2875,exact_normalized_queue_id,1.0,accepted,150.0,150.0,0.0,False
P::J2876,J2876,J2876,exact_normalized_queue_id,1.0,accepted,175.0,175.0,0.0,False
P::J2877,J2877,J2877,exact_normalized_queue_id,0.9645,accepted,200.0,129.0,71.0,True
P::J2878,J2878,J2878,exact_normalized_queue_id,1.0,accepted,200.0,200.0,0.0,False
P::J2879,J2879,J2879,exact_normalized_queue_id,1.0,accepted,80.0,80.0,0.0,False
P::J2880,J2880,J2880,exact_normalized_queue_id,0.9,accepted,150.0,150.0,0.0,False
P::J2881,J2881,J2881,exact_normalized_queue_id,1.0,accepted,125.0,125.0,0.0,False
P::J2882,J2882,J2882,exact_normalized_queue_id,0.9,accepted,410.0,410.0,0.0,False
P::J2883,J2883,J2883,exact_normalized_queue_id,0.9,accepted,347.0,347.0,0.0,False
P::J2884,J2884,J2884,exact_normalized_queue_id,0.9,accepted,276.0,276.0,0.0,False
P::J2885,J2885,J2885,exact_normalized_queue_id,1.0,accepted,130.0,130.0,0.0,False
P::J2886,J2886,J2886,exact_normalized_queue_id,0.9,accepted,115.0,115.0,0.0,False
P::J2887,J2887,J2887,exact_normalized_queue_id,1.0,accepted,50.0,50.0,0.0,False
P::J2888,J2888,J2888,exact_normalized_queue_id,1.0,accepted,500.0,500.0,0.0,False
P::J2889,J2889,J2889,exact_normalized_queue_id,1.0,accepted,200.0,200.0,0.0,False
P::J2890,J2890,J2890,exact_normalized_queue_id,0.9,accepted,440.0,440.0,0.0,False
P::J2891,J2891,J2891,exact_normalized_queue_id,1.0,accepted,50.0,50.0,0.0,False
P::J2892,J2892,J2892,exact_normalized_queue_id,1.0,accepted,200.0,200.0,0.0,False
P::J2893,J2893,J2893,exact_normalized_queue_id,0.9,accepted,200.0,200.0,0.0,False
P::J2894,J2894,J2894,exact_normalized_queue_id,1.0,accepted,22.77,22.77,0.0,False
P::J2895,J2895,J2895,exact_normalized_queue_id,0.9,accepted,120.0,120.0,0.0,False
P::J2896,J2896,J2896,exact_normalized_queue_id,1.0,accepted,80.0,80.0,0.0,False
P::J2897,J2897,J2897,exact_normalized_queue_id,0.9,accepted,150.0,150.0,0.0,False
P::J2898,J2898,J2898,exact_normalized_queue_id,0.9,accepted,200.0,200.0,0.0,False
P::J2899,J2899,J2899,exact_normalized_queue_id,0.9,accepted,250.0,250.0,0.0,False
P::J2900,J2900,J2900,exact_normalized_queue_id,0.9,accepted,400.0,400.0,0.0,False
P::J2901,J2901,J2901,exact_normalized_queue_id,1.0,accepted,140.0,140.0,0.0,False
P::J2902,J2902,J2902,exact_normalized_queue_id,1.0,accepted,70.0,70.0,0.0,False
P::J2903,J2903,J2903,exact_normalized_queue_id,0.9,accepted,130.0,130.0,0.0,False
P::J2904,J2904,J2904,exact_normalized_queue_id,0.9,accepted,150.0,150.0,0.0,False
P::J2905,J2905,J2905,exact_normalized_queue_id,0.9,accepted,100.0,100.0,0.0,False
P::J2906,J2906,J2906,exact_normalized_queue_id,1.0,accepted,200.0,200.0,0.0,False
P::J2907,J2907,J2907,exact_normalized_queue_id,0.9,accepted,400.0,400.0,0.0,False
P::J2908,J2908,J2908,exact_normalized_queue_id,1.0,accepted,30.0,30.0,0.0,False
P::J2909,J2909,J2909,exact_normalized_queue_id,1.0,accepted,200.0,200.0,0.0,False
P::J2910,J2910,J2910,exact_normalized_queue_id,1.0,accepted,303.0,303.0,0.0,False
P::J2911,J2911,J2911,exact_normalized_queue_id,0.9,accepted,810.0,810.0,0.0,False
P::J2912,J2912,J2912,exact_normalized_queue_id,0.9,accepted,347.0,347.0,0.0,False
P::J2913,J2913,J2913,exact_normalized_queue_id,1.0,accepted,90.0,90.0,0.0,False
P::J2914,J2914,J2914,exact_normalized_queue_id,0.9,accepted,450.0,450.0,0.0,False
P::J2915,J2915,J2915,exact_normalized_queue_id,1.0,accepted,223.0,223.0,0.0,False
P::J2916,J2916,J2916,exact_normalized_queue_id,1.0,accepted,400.0,400.0,0.0,False
P::J2917,J2917,J2917,exact_normalized_queue_id,1.0,accepted,80.0,80.0,0.0,False
P::J2918,J2918,J2918,exact_normalized_queue_id,1.0,accepted,97.0,97.0,0.0,False
P::J2919,J2919,J2919,exact_normalized_queue_id,1.0,accepted,142.59,142.59,0.0,False
P::J2920,J2920,J2920,exact_normalized_queue_id,1.0,accepted,92.0,92.0,0.0,False
P::J2921,J2921,J2921,exact_normalized_queue_id,1.0,accepted,250.0,250.0,0.0,False
P::J2922,J2922,J2922,exact_normalized_queue_id,1.0,accepted,250.0,250.0,0.0,False
P::J2923,J2923,J2923,exact_normalized_queue_id,0.9,accepted,240.0,240.0,0.0,False
P::J2924,J2924,J2924,exact_normalized_queue_id,0.9,accepted,222.0,222.0,0.0,False
P::J2925,J2925,J2925,exact_normalized_queue_id,1.0,accepted,150.0,150.0,0.0,False
P::J2926,J2926,J2926,exact_normalized_queue_id,1.0,accepted,100.0,100.0,0.0,False
P::J2927,J2927,J2927,exact_normalized_queue_id,1.0,accepted,100.0,100.0,0.0,False
P::J2928,J2928,J2928,exact_normalized_queue_id,1.0,accepted,160.0,160.0,0.0,False
P::J2929,J2929,J2929,exact_normalized_queue_id,1.0,accepted,200.0,200.0,0.0,False
P::J2930,J2930,J2930,exact_normalized_queue_id,1.0,accepted,200.0,200.0,0.0,False
P::J2931,J2931,J2931,exact_normalized_queue_id,1.0,accepted,400.0,400.0,0.0,False
P::J2932,J2932,J2932,exact_normalized_queue_id,1.0,accepted,100.0,100.0,0.0,False
P::J2933,J2933,J2933,exact_normalized_queue_id,1.0,accepted,200.0,200.0,0.0,False
P::J2934,J2934,J2934,exact_normalized_queue_id,1.0,accepted,200.0,200.0,0.0,False
P::J2935,J2935,J2935,exact_normalized_queue_id,1.0,accepted,200.0,200.0,0.0,False
P::J2936,J2936,J2936,exact_normalized_queue_id,1.0,accepted,500.0,500.0,0.0,False
P::J2937,J2937,J2937,exact_normalized_queue_id,1.0,accepted,186.0,186.0,0.0,False
P::J2938,J2938,J2938,exact_normalized_queue_id,1.0,accepted,200.0,200.0,0.0,False
P::J2939,J2939,J2939,exact_normalized_queue_id,1.0,accepted,150.0,150.0,0.0,False
P::J2940,J2940,J2940,exact_normalized_queue_id,1.0,accepted,100.0,100.0,0.0,False
P::J2941,J2941,J2941,exact_normalized_queue_id,1.0,accepted,100.0,100.0,0.0,False
P::J2942,J2942,J2942,exact_normalized_queue_id,1.0,accepted,200.0,200.0,0.0,False
P::J2943,J2943,J2943,exact_normalized_queue_id,1.0,accepted,140.0,140.0,0.0,False
P::J2944,J2944,J2944,exact_normalized_queue_id,1.0,accepted,350.0,350.0,0.0,False
P::J2945,J2945,J2945,exact_normalized_queue_id,1.0,accepted,350.0,350.0,0.0,False
P::J2946,J2946,J2946,exact_normalized_queue_id,1.0,accepted,160.0,160.0,0.0,False
P::J2947,J2947,J2947,exact_normalized_queue_id,1.0,accepted,205.0,205.0,0.0,False
P::J2948,J2948,J2948,exact_normalized_queue_id,1.0,accepted,75.0,75.0,0.0,False
P::J2949,J2949,J2949,exact_normalized_queue_id,1.0,accepted,100.0,100.0,0.0,False
P::J2950,J2950,J2950,exact_normalized_queue_id,1.0,accepted,299.3,299.3,0.0,False
P::J2951,J2951,J2951,exact_normalized_queue_id,1.0,accepted,50.0,50.0,0.0,False
P::J2952,J2952,J2952,exact_normalized_queue_id,1.0,accepted,100.0,100.0,0.0,False
P::J2953,J2953,J2953,exact_normalized_queue_id,0.9,accepted,400.0,400.0,0.0,False
P::J2954,J2954,J2954,exact_normalized_queue_id,0.95,accepted,100.0,100.0,0.0,False
P::J2955,J2955,J2955,exact_normalized_queue_id,0.95,accepted,150.0,150.0,0.0,False
P::J2956,J2956,J2956,exact_normalized_queue_id,0.9,accepted,100.0,100.0,0.0,False
P::J2957,J2957,J2957,exact_normalized_queue_id,0.9,accepted,100.0,100.0,0.0,False
P::J2958,J2958,J2958,exact_normalized_queue_id,0.9,accepted,100.0,100.0,0.0,False
P::J2959,J2959,J2959,exact_normalized_queue_id,0.9,accepted,200.0,200.0,0.0,False
P::J2960,J2960,J2960,exact_normalized_queue_id,0.9,accepted,150.0,150.0,0.0,False
P::J2961,J2961,J2961,exact_normalized_queue_id,0.9,accepted,100.0,100.0,0.0,False
P::J2962,J2962,J2962,exact_normalized_queue_id,0.9,accepted,150.0,150.0,0.0,False
P::J2963,J2963,J2963,exact_normalized_queue_id,1.0,accepted,200.0,200.0,0.0,False
P::J2964,J2964,J2964,exact_normalized_queue_id,1.0,accepted,220.0,220.0,0.0,False
P::J2965,J2965,J2965,exact_normalized_queue_id,1.0,accepted,180.0,180.0,0.0,False
P::J2966,J2966,J2966,exact_normalized_queue_id,1.0,accepted,450.0,450.0,0.0,False
P::J2967,J2967,J2967,exact_normalized_queue_id,1.0,accepted,200.0,200.0,0.0,False
P::J2968,J2968,J2968,exact_normalized_queue_id,1.0,accepted,165.0,165.0,0.0,False
P::J2969,J2969,J2969,exact_normalized_queue_id,1.0,accepted,13.4,13.4,0.0,False
P::J2970,J2970,J2970,exact_normalized_queue_id,1.0,accepted,250.0,250.0,0.0,False
P::J2971,J2971,J2971,exact_normalized_queue_id,1.0,accepted,280.0,280.0,0.0,False
P::J2972,J2972,J2972,exact_normalized_queue_id,1.0,accepted,140.0,140.0,0.0,False
P::J2973,J2973,J2973,exact_normalized_queue_id,1.0,accepted,250.0,250.0,0.0,False
P::J2974,J2974,J2974,exact_normalized_queue_id,1.0,accepted,50.0,50.0,0.0,False
P::J2975,J2975,J2975,exact_normalized_queue_id,0.9,accepted,44.1,44.1,0.0,False
P::J2976,J2976,J2976,exact_normalized_queue_id,0.9,accepted,50.0,50.0,0.0,False
P::J2977,J2977,J2977,exact_normalized_queue_id,1.0,accepted,150.0,150.0,0.0,False
P::J2978,J2978,J2978,exact_normalized_queue_id,1.0,accepted,100.0,100.0,0.0,False
P::J2979,J2979,J2979,exact_normalized_queue_id,1.0,accepted,50.0,50.0,0.0,False
P::J2980,J2980,J2980,exact_normalized_queue_id,1.0,accepted,100.0,100.0,0.0,False
P::J2981,J2981,J2981,exact_normalized_queue_id,1.0,accepted,30.0,30.0,0.0,False
P::J2982,J2982,J2982,exact_normalized_queue_id,1.0,accepted,35.0,35.0,0.0,False
P::J2983,J2983,J2983,exact_normalized_queue_id,1.0,accepted,140.0,140.0,0.0,False
P::J2984,J2984,J2984,exact_normalized_queue_id,1.0,accepted,150.0,150.0,0.0,False
P::J2985,J2985,J2985,exact_normalized_queue_id,1.0,accepted,135.0,135.0,0.0,False
P::J2986,J2986,J2986,exact_normalized_queue_id,1.0,accepted,80.0,80.0,0.0,False
P::J2987,J2987,J2987,exact_normalized_queue_id,1.0,accepted,200.0,200.0,0.0,False
P::J2988,J2988,J2988,exact_normalized_queue_id,1.0,accepted,175.0,175.0,0.0,False
P::J2989,J2989,J2989,exact_normalized_queue_id,1.0,accepted,200.0,200.0,0.0,False
P::J2990,J2990,J2990,exact_normalized_queue_id,1.0,accepted,200.0,200.0,0.0,False
P::J2991,J2991,J2991,exact_normalized_queue_id,1.0,accepted,200.0,200.0,0.0,False
P::J2992,J2992,J2992,exact_normalized_queue_id,1.0,accepted,160.0,160.0,0.0,False
P::J2993,J2993,J2993,exact_normalized_queue_id,1.0,accepted,80.0,80.0,0.0,False
P::J2994,J2994,J2994,exact_normalized_queue_id,1.0,accepted,40.0,40.0,0.0,False
P::J2995,J2995,J2995,exact_normalized_queue_id,1.0,accepted,80.0,80.0,0.0,False
P::J2996,J2996,J2996,exact_normalized_queue_id,1.0,accepted,50.0,50.0,0.0,False
P::J2997,J2997,J2997,exact_normalized_queue_id,1.0,accepted,160.0,160.0,0.0,False
P::J2998,J2998,J2998,exact_normalized_queue_id,1.0,accepted,200.0,200.0,0.0,False
P::J2999,J2999,J2999,exact_normalized_queue_id,1.0,accepted,250.0,250.0,0.0,False
P::J3000,J3000,J3000,exact_normalized_queue_id,1.0,accepted,80.0,80.0,0.0,False
P::J3001,J3001,J3001,exact_normalized_queue_id,1.0,accepted,50.0,50.0,0.0,False
P::J3002,J3002,J3002,exact_normalized_queue_id,0.9,accepted,288.0,288.0,0.0,False
P::J3003,J3003,J3003,exact_normalized_queue_id,0.9,accepted,180.0,180.0,0.0,False
P::J3004,J3004,J3004,exact_normalized_queue_id,0.9,accepted,142.0,142.0,0.0,False
P::J3005,J3005,J3005,exact_normalized_queue_id,0.9,accepted,150.0,150.0,0.0,False
P::J3006,J3006,J3006,exact_normalized_queue_id,1.0,accepted,300.0,300.0,0.0,False
P::J3007,J3007,J3007,exact_normalized_queue_id,1.0,accepted,100.0,100.0,0.0,False
P::J3008,J3008,J3008,exact_normalized_queue_id,1.0,accepted,270.0,270.0,0.0,False
P::J3009,J3009,J3009,exact_normalized_queue_id,1.0,accepted,150.0,150.0,0.0,False
P::J3010,J3010,J3010,exact_normalized_queue_id,1.0,accepted,60.0,60.0,0.0,False
P::J3011,J3011,J3011,exact_normalized_queue_id,1.0,accepted,100.0,100.0,0.0,False
P::J3012,J3012,J3012,exact_normalized_queue_id,1.0,accepted,287.0,287.0,0.0,False
P::J3013,J3013,J3013,exact_normalized_queue_id,0.9,accepted,100.0,100.0,0.0,False
P::J3014,J3014,J3014,exact_normalized_queue_id,1.0,accepted,280.0,280.0,0.0,False
P::J3015,J3015,J3015,exact_normalized_queue_id,0.9,accepted,400.0,400.0,0.0,False
P::J3016,J3016,J3016,exact_normalized_queue_id,0.9,accepted,150.0,150.0,0.0,False
P::J3017,J3017,J3017,exact_normalized_queue_id,1.0,accepted,150.0,150.0,0.0,False
P::J3018,J3018,J3018,exact_normalized_queue_id,1.0,accepted,300.0,300.0,0.0,False
P::J3019,J3019,J3019,exact_normalized_queue_id,0.9,accepted,180.0,180.0,0.0,False
P::J3020,J3020,J3020,exact_normalized_queue_id,1.0,accepted,165.0,165.0,0.0,False
P::J3021,J3021,J3021,exact_normalized_queue_id,1.0,accepted,235.0,235.0,0.0,False
P::J3022,J3022,J3022,exact_normalized_queue_id,1.0,accepted,400.0,400.0,0.0,False
P::J3023,J3023,J3023,exact_normalized_queue_id,1.0,accepted,400.0,400.0,0.0,False
P::J3024,J3024,J3024,exact_normalized_queue_id,1.0,accepted,100.0,100.0,0.0,False
P::J3025,J3025,J3025,exact_normalized_queue_id,1.0,accepted,188.0,188.0,0.0,False
P::J3026,J3026,J3026,exact_normalized_queue_id,1.0,accepted,175.0,175.0,0.0,False
P::J3027,J3027,J3027,exact_normalized_queue_id,0.9,accepted,300.0,300.0,0.0,False
P::J3028,J3028,J3028,exact_normalized_queue_id,0.9,accepted,100.0,100.0,0.0,False
P::J3029,J3029,J3029,exact_normalized_queue_id,1.0,accepted,153.0,153.0,0.0,False
P::J3030,J3030,J3030,exact_normalized_queue_id,0.9,accepted,450.0,450.0,0.0,False
P::J3031,J3031,J3031,exact_normalized_queue_id,1.0,accepted,200.0,200.0,0.0,False
P::J3032,J3032,J3032,exact_normalized_queue_id,1.0,accepted,500.0,500.0,0.0,False
P::J3033,J3033,J3033,exact_normalized_queue_id,1.0,accepted,75.0,75.0,0.0,False
P::J3034,J3034,J3034,exact_normalized_queue_id,1.0,accepted,100.0,100.0,0.0,False
P::J3035,J3035,J3035,exact_normalized_queue_id,1.0,accepted,100.0,100.0,0.0,False
P::J3036,J3036,J3036,exact_normalized_queue_id,1.0,accepted,105.0,105.0,0.0,False
P::J3037,J3037,J3037,exact_normalized_queue_id,1.0,accepted,150.0,150.0,0.0,False
P::J3038,J3038,J3038,exact_normalized_queue_id,1.0,accepted,150.0,150.0,0.0,False
P::J3039,J3039,J3039,exact_normalized_queue_id,1.0,accepted,200.0,200.0,0.0,False
P::J3040,J3040,J3040,exact_normalized_queue_id,0.9795,accepted,365.0,290.0,75.0,True
P::J3041,J3041,J3041,exact_normalized_queue_id,1.0,accepted,200.0,200.0,0.0,False
P::J3042,J3042,J3042,exact_normalized_queue_id,1.0,accepted,150.0,150.0,0.0,False
P::J3043,J3043,J3043,exact_normalized_queue_id,1.0,accepted,200.0,200.0,0.0,False
P::J3044,J3044,J3044,exact_normalized_queue_id,1.0,accepted,200.0,200.0,0.0,False
P::J3045,J3045,J3045,exact_normalized_queue_id,1.0,accepted,300.0,300.0,0.0,False
P::J3046,J3046,J3046,exact_normalized_queue_id,1.0,accepted,140.0,140.0,0.0,False
P::J3047,J3047,J3047,exact_normalized_queue_id,1.0,accepted,263.0,263.0,0.0,False
P::J3048,J3048,J3048,exact_normalized_queue_id,1.0,accepted,300.0,300.0,0.0,False
P::J3049,J3049,J3049,exact_normalized_queue_id,1.0,accepted,188.0,188.0,0.0,False
P::J3050,J3050,J3050,exact_normalized_queue_id,1.0,accepted,255.0,255.0,0.0,False
P::J3051,J3051,J3051,exact_normalized_queue_id,1.0,accepted,150.0,150.0,0.0,False
P::J3052,J3052,J3052,exact_normalized_queue_id,1.0,accepted,300.0,300.0,0.0,False
P::J3053,J3053,J3053,exact_normalized_queue_id,1.0,accepted,169.0,169.0,0.0,False
P::J3054,J3054,J3054,exact_normalized_queue_id,1.0,accepted,200.0,200.0,0.0,False
P::J3055,J3055,J3055,exact_normalized_queue_id,1.0,accepted,250.0,250.0,0.0,False
P::J3056,J3056,J3056,exact_normalized_queue_id,0.9,accepted,200.0,200.0,0.0,False
P::J3057,J3057,J3057,exact_normalized_queue_id,0.9,accepted,75.0,75.0,0.0,False
P::J3058,J3058,J3058,exact_normalized_queue_id,0.9,accepted,200.0,200.0,0.0,False
P::J3059,J3059,J3059,exact_normalized_queue_id,1.0,accepted,175.0,175.0,0.0,False
P::J3060,J3060,J3060,exact_normalized_queue_id,1.0,accepted,200.0,200.0,0.0,False
P::J3061,J3061,J3061,exact_normalized_queue_id,0.9,accepted,100.0,100.0,0.0,False
P::J3062,J3062,J3062,exact_normalized_queue_id,0.9,accepted,100.0,100.0,0.0,False
P::J3063,J3063,J3063,exact_normalized_queue_id,1.0,accepted,143.0,143.0,0.0,False
P::J3064,J3064,J3064,exact_normalized_queue_id,1.0,accepted,157.0,157.0,0.0,False
P::J3065,J3065,J3065,exact_normalized_queue_id,1.0,accepted,20.0,20.0,0.0,False
P::J3066,J3066,J3066,exact_normalized_queue_id,1.0,accepted,50.0,50.0,0.0,False
P::J3067,J3067,J3067,exact_normalized_queue_id,1.0,accepted,200.0,200.0,0.0,False
P::J3068,J3068,J3068,exact_normalized_queue_id,0.9,accepted,110.0,110.0,0.0,False
P::J3069,J3069,J3069,exact_normalized_queue_id,1.0,accepted,70.0,70.0,0.0,False
P::J3070,J3070,J3070,exact_normalized_queue_id,1.0,accepted,100.0,100.0,0.0,False
P::J3071,J3071,J3071,exact_normalized_queue_id,0.9,accepted,140.0,140.0,0.0,False
P::J3072,J3072,J3072,exact_normalized_queue_id,0.9,accepted,120.0,120.0,0.0,False
P::J3073,J3073,J3073,exact_normalized_queue_id,1.0,accepted,200.0,200.0,0.0,False
P::J3074,J3074,J3074,exact_normalized_queue_id,0.9,accepted,250.0,250.0,0.0,False
P::J3075,J3075,J3075,exact_normalized_queue_id,0.9,accepted,560.0,560.0,0.0,False
P::J3076,J3076,J3076,exact_normalized_queue_id,0.9,accepted,500.0,500.0,0.0,False
P::J3077,J3077,J3077,exact_normalized_queue_id,0.9,accepted,250.0,250.0,0.0,False
P::J3078,J3078,J3078,exact_normalized_queue_id,0.9992,accepted,252.0,250.0,2.0,False
P::J3079,J3079,J3079,exact_normalized_queue_id,1.0,accepted,200.0,200.0,0.0,False
P::J3080,J3080,J3080,exact_normalized_queue_id,0.9,accepted,200.0,200.0,0.0,False
P::J3081,J3081,J3081,exact_normalized_queue_id,1.0,accepted,105.0,105.0,0.0,False
P::J3082,J3082,J3082,exact_normalized_queue_id,0.9,accepted,135.0,135.0,0.0,False
P::J3083,J3083,J3083,exact_normalized_queue_id,1.0,accepted,100.0,100.0,0.0,False
P::J3084,J3084,J3084,exact_normalized_queue_id,1.0,accepted,641.8,641.8,0.0,False
P::J3085,J3085,J3085,exact_normalized_queue_id,1.0,accepted,75.0,75.0,0.0,False
P::J3086,J3086,J3086,exact_normalized_queue_id,1.0,accepted,252.96,252.96,0.0,False
P::J3087,J3087,J3087,exact_normalized_queue_id,1.0,accepted,204.6,204.6,0.0,False
P::J3088,J3088,J3088,exact_normalized_queue_id,0.9,accepted,300.0,300.0,0.0,False
P::J3089,J3089,J3089,exact_normalized_queue_id,1.0,accepted,696.0,696.0,0.0,False
P::J3090,J3090,J3090,exact_normalized_queue_id,1.0,accepted,200.0,200.0,0.0,False
P::J3091,J3091,J3091,exact_normalized_queue_id,1.0,accepted,145.0,145.0,0.0,False
P::J3092,J3092,J3092,exact_normalized_queue_id,0.9,accepted,115.0,115.0,0.0,False
P::J3093,J3093,J3093,exact_normalized_queue_id,1.0,accepted,100.0,100.0,0.0,False
P::J3094,J3094,J3094,exact_normalized_queue_id,0.9,accepted,115.0,115.0,0.0,False
P::J3095,J3095,J3095,exact_normalized_queue_id,1.0,accepted,200.0,200.0,0.0,False
P::J3096,J3096,J3096,exact_normalized_queue_id,1.0,accepted,200.0,200.0,0.0,False
P::J3097,J3097,J3097,exact_normalized_queue_id,0.9,accepted,150.0,150.0,0.0,False
P::J3098,J3098,J3098,exact_normalized_queue_id,1.0,accepted,75.0,75.0,0.0,False
P::J3099,J3099,J3099,exact_normalized_queue_id,1.0,accepted,100.0,100.0,0.0,False
P::J310,J310,J310,exact_normalized_queue_id,1.0,accepted,200.0,200.0,0.0,False
P::J3100,J3100,J3100,exact_normalized_queue_id,1.0,accepted,75.0,75.0,0.0,False
P::J3101,J3101,J3101,exact_normalized_queue_id,1.0,accepted,20.0,20.0,0.0,False
P::J3102,J3102,J3102,exact_normalized_queue_id,0.9,accepted,500.0,500.0,0.0,False
P::J3103,J3103,J3103,exact_normalized_queue_id,1.0,accepted,145.0,145.0,0.0,False
P::J3104,J3104,J3104,exact_normalized_queue_id,1.0,accepted,85.0,85.0,0.0,False
P::J3105,J3105,J3105,exact_normalized_queue_id,0.9,accepted,400.0,400.0,0.0,False
P::J3106,J3106,J3106,exact_normalized_queue_id,1.0,accepted,500.0,500.0,0.0,False
P::J3107,J3107,J3107,exact_normalized_queue_id,1.0,accepted,150.0,150.0,0.0,False
P::J3108,J3108,J3108,exact_normalized_queue_id,0.9,accepted,180.0,180.0,0.0,False
P::J3109,J3109,J3109,exact_normalized_queue_id,0.9,accepted,120.0,120.0,0.0,False
P::J3110,J3110,J3110,exact_normalized_queue_id,0.9,accepted,400.0,400.0,0.0,False
P::J3111,J3111,J3111,exact_normalized_queue_id,0.9,accepted,100.0,100.0,0.0,False
P::J3112,J3112,J3112,exact_normalized_queue_id,0.9,accepted,100.0,100.0,0.0,False
P::J3113,J3113,J3113,exact_normalized_queue_id,0.9,accepted,300.0,300.0,0.0,False
P::J3114,J3114,J3114,exact_normalized_queue_id,0.9,accepted,300.0,300.0,0.0,False
P::J3115,J3115,J3115,exact_normalized_queue_id,0.9,accepted,216.0,216.0,0.0,False
P::J3116,J3116,J3116,exact_normalized_queue_id,0.9,accepted,200.0,200.0,0.0,False
P::J3117,J3117,J3117,exact_normalized_queue_id,0.9,accepted,200.0,200.0,0.0,False
P::J3118,J3118,J3118,exact_normalized_queue_id,0.9,accepted,160.0,160.0,0.0,False
P::J3119,J3119,J3119,exact_normalized_queue_id,0.9,accepted,350.0,350.0,0.0,False
P::J3120,J3120,J3120,exact_normalized_queue_id,0.9,accepted,200.0,200.0,0.0,False
P::J3121,J3121,J3121,exact_normalized_queue_id,0.9,accepted,50.0,50.0,0.0,False
P::J3122,J3122,J3122,exact_normalized_queue_id,0.85,accepted,200.0,200.0,0.0,False
P::J3123,J3123,J3123,exact_normalized_queue_id,1.0,accepted,150.0,150.0,0.0,False
P::J3124,J3124,J3124,exact_normalized_queue_id,1.0,accepted,120.0,120.0,0.0,False
P::J3125,J3125,J3125,exact_normalized_queue_id,0.9,accepted,289.0,289.0,0.0,False
P::J3126,J3126,J3126,exact_normalized_queue_id,1.0,accepted,200.0,200.0,0.0,False
P::J3127,J3127,J3127,exact_normalized_queue_id,1.0,accepted,160.0,160.0,0.0,False
P::J3128,J3128,J3128,exact_normalized_queue_id,1.0,accepted,100.0,100.0,0.0,False
P::J3129,J3129,J3129,exact_normalized_queue_id,1.0,accepted,50.0,50.0,0.0,False
P::J3130,J3130,J3130,exact_normalized_queue_id,1.0,accepted,100.0,100.0,0.0,False
P::J3131,J3131,J3131,exact_normalized_queue_id,1.0,accepted,300.0,300.0,0.0,False
P::J3132,J3132,J3132,exact_normalized_queue_id,1.0,accepted,150.0,150.0,0.0,False
P::J3133,J3133,J3133,exact_normalized_queue_id,1.0,accepted,120.0,120.0,0.0,False
P::J3134,J3134,J3134,exact_normalized_queue_id,1.0,accepted,150.0,150.0,0.0,False
P::J3135,J3135,J3135,exact_normalized_queue_id,1.0,accepted,200.0,200.0,0.0,False
P::J3136,J3136,J3136,exact_normalized_queue_id,0.9,accepted,100.0,100.0,0.0,False
P::J3137,J3137,J3137,exact_normalized_queue_id,1.0,accepted,156.3,156.3,0.0,False
P::J3138,J3138,J3138,exact_normalized_queue_id,1.0,accepted,49.3,49.3,0.0,False
P::J3139,J3139,J3139,exact_normalized_queue_id,1.0,accepted,225.0,225.0,0.0,False
P::J3140,J3140,J3140,exact_normalized_queue_id,1.0,accepted,50.0,50.0,0.0,False
P::J3141,J3141,J3141,exact_normalized_queue_id,1.0,accepted,100.0,100.0,0.0,False
P::J3142,J3142,J3142,exact_normalized_queue_id,1.0,accepted,50.0,50.0,0.0,False
P::J3143,J3143,J3143,exact_normalized_queue_id,1.0,accepted,50.0,50.0,0.0,False
P::J3144,J3144,J3144,exact_normalized_queue_id,1.0,accepted,150.0,150.0,0.0,False
P::J3145,J3145,J3145,exact_normalized_queue_id,1.0,accepted,150.0,150.0,0.0,False
P::J3146,J3146,J3146,exact_normalized_queue_id,1.0,accepted,200.0,200.0,0.0,False
P::J3147,J3147,J3147,exact_normalized_queue_id,1.0,accepted,50.0,50.0,0.0,False
P::J3148,J3148,J3148,exact_normalized_queue_id,1.0,accepted,131.0,131.0,0.0,False
P::J3149,J3149,J3149,exact_normalized_queue_id,1.0,accepted,80.0,80.0,0.0,False
P::J3150,J3150,J3150,exact_normalized_queue_id,1.0,accepted,100.0,100.0,0.0,False
P::J3151,J3151,J3151,exact_normalized_queue_id,1.0,accepted,150.0,150.0,0.0,False
P::J3152,J3152,J3152,exact_normalized_queue_id,1.0,accepted,160.0,160.0,0.0,False
P::J3153,J3153,J3153,exact_normalized_queue_id,1.0,accepted,160.0,160.0,0.0,False
P::J3154,J3154,J3154,exact_normalized_queue_id,1.0,accepted,160.0,160.0,0.0,False
P::J3155,J3155,J3155,exact_normalized_queue_id,1.0,accepted,150.0,150.0,0.0,False
P::J3156,J3156,J3156,exact_normalized_queue_id,1.0,accepted,100.0,100.0,0.0,False
P::J3157,J3157,J3157,exact_normalized_queue_id,0.9501,accepted,199.8,100.0,99.80000000000001,True
P::J3158,J3158,J3158,exact_normalized_queue_id,1.0,accepted,100.0,100.0,0.0,False
P::J3159,J3159,J3159,exact_normalized_queue_id,1.0,accepted,100.0,100.0,0.0,False
P::J3160,J3160,J3160,exact_normalized_queue_id,1.0,accepted,100.0,100.0,0.0,False
P::J3161,J3161,J3161,exact_normalized_queue_id,1.0,accepted,100.0,100.0,0.0,False
P::J3162,J3162,J3162,exact_normalized_queue_id,1.0,accepted,100.0,100.0,0.0,False
P::J3163,J3163,J3163,exact_normalized_queue_id,0.9996,accepted,479.0,481.0,-2.0,False
P::J3164,J3164,J3164,exact_normalized_queue_id,1.0,accepted,100.0,100.0,0.0,False
P::J3165,J3165,J3165,exact_normalized_queue_id,1.0,accepted,100.0,100.0,0.0,False
P::J3166,J3166,J3166,exact_normalized_queue_id,1.0,accepted,100.0,100.0,0.0,False
P::J3167,J3167,J3167,exact_normalized_queue_id,1.0,accepted,180.0,180.0,0.0,False
P::J3168,J3168,J3168,exact_normalized_queue_id,1.0,accepted,120.0,120.0,0.0,False
P::J3169,J3169,J3169,exact_normalized_queue_id,1.0,accepted,200.0,200.0,0.0,False
P::J3170,J3170,J3170,exact_normalized_queue_id,1.0,accepted,200.0,200.0,0.0,False
P::J3171,J3171,J3171,exact_normalized_queue_id,1.0,accepted,300.0,300.0,0.0,False
P::J3172,J3172,J3172,exact_normalized_queue_id,1.0,accepted,100.0,100.0,0.0,False
P::J3173,J3173,J3173,exact_normalized_queue_id,1.0,accepted,220.0,220.0,0.0,False
P::J3174,J3174,J3174,exact_normalized_queue_id,1.0,accepted,180.0,180.0,0.0,False
P::J3175,J3175,J3175,exact_normalized_queue_id,1.0,accepted,160.0,160.0,0.0,False
P::J3176,J3176,J3176,exact_normalized_queue_id,1.0,accepted,50.0,50.0,0.0,False
P::J3177,J3177,J3177,exact_normalized_queue_id,1.0,accepted,80.0,80.0,0.0,False
P::J3178,J3178,J3178,exact_normalized_queue_id,1.0,accepted,50.0,50.0,0.0,False
P::J3179,J3179,J3179,exact_normalized_queue_id,1.0,accepted,100.0,100.0,0.0,False
P::J3180,J3180,J3180,exact_normalized_queue_id,1.0,accepted,110.0,110.0,0.0,False
P::J3181,J3181,J3181,exact_normalized_queue_id,0.9,accepted,100.0,100.0,0.0,False
P::J3182,J3182,J3182,exact_normalized_queue_id,0.9,accepted,200.0,200.0,0.0,False
P::J3183,J3183,J3183,exact_normalized_queue_id,0.9,accepted,125.0,125.0,0.0,False
P::J3184,J3184,J3184,exact_normalized_queue_id,0.9,accepted,145.0,145.0,0.0,False
P::J3185,J3185,J3185,exact_normalized_queue_id,0.9,accepted,150.0,150.0,0.0,False
P::J3186,J3186,J3186,exact_normalized_queue_id,0.9,accepted,100.0,100.0,0.0,False
P::J3187,J3187,J3187,exact_normalized_queue_id,1.0,accepted,37.0,37.0,0.0,False
P::J3188,J3188,J3188,exact_normalized_queue_id,1.0,accepted,35.0,35.0,0.0,False
P::J3189,J3189,J3189,exact_normalized_queue_id,1.0,accepted,50.0,50.0,0.0,False
P::J3190,J3190,J3190,exact_normalized_queue_id,1.0,accepted,50.0,50.0,0.0,False
P::J3191,J3191,J3191,exact_normalized_queue_id,1.0,accepted,100.0,100.0,0.0,False
P::J3192,J3192,J3192,exact_normalized_queue_id,1.0,accepted,500.0,500.0,0.0,False
P::J3193,J3193,J3193,exact_normalized_queue_id,1.0,accepted,100.0,100.0,0.0,False
P::J3194,J3194,J3194,exact_normalized_queue_id,1.0,accepted,198.0,198.0,0.0,False
P::J3195,J3195,J3195,exact_normalized_queue_id,1.0,accepted,200.0,200.0,0.0,False
P::J3196,J3196,J3196,exact_normalized_queue_id,1.0,accepted,100.0,100.0,0.0,False
P::J3197,J3197,J3197,exact_normalized_queue_id,1.0,accepted,250.0,250.0,0.0,False
P::J3198,J3198,J3198,exact_normalized_queue_id,0.9,accepted,80.0,80.0,0.0,False
P::J3199,J3199,J3199,exact_normalized_queue_id,0.9,accepted,300.0,300.0,0.0,False
P::J3200,J3200,J3200,exact_normalized_queue_id,1.0,accepted,250.0,250.0,0.0,False
P::J3201,J3201,J3201,exact_normalized_queue_id,1.0,accepted,148.0,148.0,0.0,False
P::J3202,J3202,J3202,exact_normalized_queue_id,1.0,accepted,120.0,120.0,0.0,False
P::J3203,J3203,J3203,exact_normalized_queue_id,1.0,accepted,150.0,150.0,0.0,False
P::J3204,J3204,J3204,exact_normalized_queue_id,1.0,accepted,190.0,190.0,0.0,False
P::J3205,J3205,J3205,exact_normalized_queue_id,1.0,accepted,80.0,80.0,0.0,False
P::J3206,J3206,J3206,exact_normalized_queue_id,1.0,accepted,194.0,194.0,0.0,False
P::J3207,J3207,J3207,exact_normalized_queue_id,0.95,accepted,100.0,100.0,0.0,False
P::J3208,J3208,J3208,exact_normalized_queue_id,1.0,accepted,10.0,10.0,0.0,False
P::J3209,J3209,J3209,exact_normalized_queue_id,1.0,accepted,350.0,350.0,0.0,False
P::J3210,J3210,J3210,exact_normalized_queue_id,1.0,accepted,100.0,100.0,0.0,False
P::J3211,J3211,J3211,exact_normalized_queue_id,1.0,accepted,100.0,100.0,0.0,False
P::J3212,J3212,J3212,exact_normalized_queue_id,1.0,accepted,50.0,50.0,0.0,False
P::J3213,J3213,J3213,exact_normalized_queue_id,0.9927,accepted,51.0,55.0,-4.0,False
P::J3214,J3214,J3214,exact_normalized_queue_id,0.9,accepted,185.0,185.0,0.0,False
P::J3215,J3215,J3215,exact_normalized_queue_id,1.0,accepted,594.0,594.0,0.0,False
P::J3216,J3216,J3216,exact_normalized_queue_id,1.0,accepted,300.0,300.0,0.0,False
P::J3217,J3217,J3217,exact_normalized_queue_id,1.0,accepted,60.0,60.0,0.0,False
P::J3218,J3218,J3218,exact_normalized_queue_id,1.0,accepted,50.0,50.0,0.0,False
P::J3219,J3219,J3219,exact_normalized_queue_id,1.0,accepted,3.0,3.0,0.0,False
P::J3220,J3220,J3220,exact_normalized_queue_id,1.0,accepted,200.0,200.0,0.0,False
P::J3221,J3221,J3221,exact_normalized_queue_id,1.0,accepted,49.0,49.0,0.0,False
P::J3222,J3222,J3222,exact_normalized_queue_id,1.0,accepted,109.0,109.0,0.0,False
P::J3223,J3223,J3223,exact_normalized_queue_id,0.9,accepted,88.0,88.0,0.0,False
P::J3224,J3224,J3224,exact_normalized_queue_id,0.9,accepted,150.0,150.0,0.0,False
P::J3225,J3225,J3225,exact_normalized_queue_id,0.9,accepted,150.0,150.0,0.0,False
P::J3226,J3226,J3226,exact_normalized_queue_id,0.9,accepted,130.0,130.0,0.0,False
P::J3227,J3227,J3227,exact_normalized_queue_id,0.95,accepted,80.0,80.0,0.0,False
P::J3228,J3228,J3228,exact_normalized_queue_id,1.0,accepted,26.0,26.0,0.0,False
P::J3229,J3229,J3229,exact_normalized_queue_id,0.9,accepted,140.0,140.0,0.0,False
P::J3230,J3230,J3230,exact_normalized_queue_id,0.9,accepted,200.0,200.0,0.0,False
P::J3231,J3231,J3231,exact_normalized_queue_id,0.9,accepted,100.0,100.0,0.0,False
P::J3232,J3232,J3232,exact_normalized_queue_id,1.0,accepted,500.0,500.0,0.0,False
P::J3233,J3233,J3233,exact_normalized_queue_id,1.0,accepted,140.0,140.0,0.0,False
P::J3234,J3234,J3234,exact_normalized_queue_id,1.0,accepted,130.0,130.0,0.0,False
P::J3235,J3235,J3235,exact_normalized_queue_id,1.0,accepted,250.0,250.0,0.0,False
P::J3236,J3236,J3236,exact_normalized_queue_id,1.0,accepted,200.0,200.0,0.0,False
P::J3237,J3237,J3237,exact_normalized_queue_id,1.0,accepted,86.0,86.0,0.0,False
P::J3238,J3238,J3238,exact_normalized_queue_id,1.0,accepted,155.0,155.0,0.0,False
P::J3239,J3239,J3239,exact_normalized_queue_id,1.0,accepted,175.0,175.0,0.0,False
P::J3240,J3240,J3240,exact_normalized_queue_id,1.0,accepted,150.0,150.0,0.0,False
P::J3241,J3241,J3241,exact_normalized_queue_id,1.0,accepted,200.0,200.0,0.0,False
P::J3242,J3242,J3242,exact_normalized_queue_id,1.0,accepted,150.0,150.0,0.0,False
P::J3243,J3243,J3243,exact_normalized_queue_id,1.0,accepted,150.0,150.0,0.0,False
P::J3244,J3244,J3244,exact_normalized_queue_id,1.0,accepted,100.0,100.0,0.0,False
P::J3245,J3245,J3245,exact_normalized_queue_id,1.0,accepted,150.0,150.0,0.0,False
P::J3246,J3246,J3246,exact_normalized_queue_id,1.0,accepted,120.0,120.0,0.0,False
P::J3247,J3247,J3247,exact_normalized_queue_id,1.0,accepted,200.0,200.0,0.0,False
P::J3248,J3248,J3248,exact_normalized_queue_id,1.0,accepted,250.0,250.0,0.0,False
P::J3249,J3249,J3249,exact_normalized_queue_id,1.0,accepted,200.0,200.0,0.0,False
P::J3250,J3250,J3250,exact_normalized_queue_id,1.0,accepted,150.0,150.0,0.0,False
P::J3251,J3251,J3251,exact_normalized_queue_id,1.0,accepted,200.0,200.0,0.0,False
P::J3252,J3252,J3252,exact_normalized_queue_id,1.0,accepted,200.0,200.0,0.0,False
P::J3253,J3253,J3253,exact_normalized_queue_id,1.0,accepted,150.0,150.0,0.0,False
P::J3254,J3254,J3254,exact_normalized_queue_id,0.9,accepted,175.0,175.0,0.0,False
P::J3255,J3255,J3255,exact_normalized_queue_id,1.0,accepted,350.0,350.0,0.0,False
P::J3256,J3256,J3256,exact_normalized_queue_id,1.0,accepted,200.0,200.0,0.0,False
P::J3257,J3257,J3257,exact_normalized_queue_id,1.0,accepted,190.0,190.0,0.0,False
P::J3258,J3258,J3258,exact_normalized_queue_id,1.0,accepted,200.0,200.0,0.0,False
P::J3259,J3259,J3259,exact_normalized_queue_id,1.0,accepted,250.0,250.0,0.0,False
P::J3260,J3260,J3260,exact_normalized_queue_id,1.0,accepted,97.0,97.0,0.0,False
P::J3261,J3261,J3261,exact_normalized_queue_id,1.0,accepted,200.0,200.0,0.0,False
P::J3262,J3262,J3262,exact_normalized_queue_id,1.0,accepted,300.0,300.0,0.0,False
P::J3263,J3263,J3263,exact_normalized_queue_id,0.9,accepted,150.0,150.0,0.0,False
P::J3264,J3264,J3264,exact_normalized_queue_id,1.0,accepted,300.0,300.0,0.0,False
P::J3265,J3265,J3265,exact_normalized_queue_id,1.0,accepted,175.0,175.0,0.0,False
P::J3266,J3266,J3266,exact_normalized_queue_id,1.0,accepted,175.0,175.0,0.0,False
P::J3267,J3267,J3267,exact_normalized_queue_id,1.0,accepted,50.0,50.0,0.0,False
P::J3268,J3268,J3268,exact_normalized_queue_id,1.0,accepted,100.0,100.0,0.0,False
P::J3269,J3269,J3269,exact_normalized_queue_id,1.0,accepted,300.0,300.0,0.0,False
P::J3270,J3270,J3270,exact_normalized_queue_id,1.0,accepted,250.0,250.0,0.0,False
P::J3271,J3271,J3271,exact_normalized_queue_id,1.0,accepted,230.0,230.0,0.0,False
P::J3272,J3272,J3272,exact_normalized_queue_id,1.0,accepted,85.0,85.0,0.0,False
P::J3273,J3273,J3273,exact_normalized_queue_id,1.0,accepted,473.8,473.8,0.0,False
P::J3274,J3274,J3274,exact_normalized_queue_id,1.0,accepted,290.0,290.0,0.0,False
P::J3275,J3275,J3275,exact_normalized_queue_id,1.0,accepted,249.0,249.0,0.0,False
P::J3276,J3276,J3276,exact_normalized_queue_id,1.0,accepted,200.0,200.0,0.0,False
P::J3277,J3277,J3277,exact_normalized_queue_id,1.0,accepted,175.0,175.0,0.0,False
P::J3278,J3278,J3278,exact_normalized_queue_id,1.0,accepted,90.0,90.0,0.0,False
P::J3279,J3279,J3279,exact_normalized_queue_id,1.0,accepted,300.0,300.0,0.0,False
P::J3280,J3280,J3280,exact_normalized_queue_id,1.0,accepted,300.0,300.0,0.0,False
P::J3281,J3281,J3281,exact_normalized_queue_id,1.0,accepted,170.0,170.0,0.0,False
P::J3282,J3282,J3282,exact_normalized_queue_id,0.9337,accepted,297.0,100.0,197.0,True
P::J3283,J3283,J3283,exact_normalized_queue_id,0.9741,accepted,135.0,100.0,35.0,True
P::J3284,J3284,J3284,exact_normalized_queue_id,1.0,accepted,100.0,100.0,0.0,False
P::J3285,J3285,J3285,exact_normalized_queue_id,1.0,accepted,150.0,150.0,0.0,False
P::J3286,J3286,J3286,exact_normalized_queue_id,1.0,accepted,200.0,200.0,0.0,False
P::J3287,J3287,J3287,exact_normalized_queue_id,0.955,accepted,200.0,110.0,90.0,True
P::J3288,J3288,J3288,exact_normalized_queue_id,0.9,accepted,125.0,125.0,0.0,False
P::J3289,J3289,J3289,exact_normalized_queue_id,0.8255,accepted,235.0,60.0,175.0,True
P::J3290,J3290,J3290,exact_normalized_queue_id,1.0,accepted,100.0,100.0,0.0,False
P::J3291,J3291,J3291,exact_normalized_queue_id,1.0,accepted,200.0,200.0,0.0,False
P::J3292,J3292,J3292,exact_normalized_queue_id,1.0,accepted,193.0,193.0,0.0,False
P::J3293,J3293,J3293,exact_normalized_queue_id,1.0,accepted,250.0,250.0,0.0,False
P::J3294,J3294,J3294,exact_normalized_queue_id,1.0,accepted,200.0,200.0,0.0,False
P::J3295,J3295,J3295,exact_normalized_queue_id,1.0,accepted,250.0,250.0,0.0,False
P::J3296,J3296,J3296,exact_normalized_queue_id,1.0,accepted,200.0,200.0,0.0,False
P::J3297,J3297,J3297,exact_normalized_queue_id,1.0,accepted,150.0,150.0,0.0,False
P::J3298,J3298,J3298,exact_normalized_queue_id,1.0,accepted,200.0,200.0,0.0,False
P::J3299,J3299,J3299,exact_normalized_queue_id,1.0,accepted,150.0,150.0,0.0,False
P::J3300,J3300,J3300,exact_normalized_queue_id,1.0,accepted,200.0,200.0,0.0,False
P::J3301,J3301,J3301,exact_normalized_queue_id,1.0,accepted,180.0,180.0,0.0,False
P::J3302,J3302,J3302,exact_normalized_queue_id,1.0,accepted,105.0,105.0,0.0,False
P::J3303,J3303,J3303,exact_normalized_queue_id,1.0,accepted,400.0,400.0,0.0,False
P::J3304,J3304,J3304,exact_normalized_queue_id,1.0,accepted,350.0,350.0,0.0,False
P::J3305,J3305,J3305,exact_normalized_queue_id,1.0,accepted,150.0,150.0,0.0,False
P::J3306,J3306,J3306,exact_normalized_queue_id,1.0,accepted,150.0,150.0,0.0,False
P::J3307,J3307,J3307,exact_normalized_queue_id,1.0,accepted,300.0,300.0,0.0,False
P::J3308,J3308,J3308,exact_normalized_queue_id,1.0,accepted,180.0,180.0,0.0,False
P::J3309,J3309,J3309,exact_normalized_queue_id,0.9,accepted,200.0,200.0,0.0,False
P::J3310,J3310,J3310,exact_normalized_queue_id,0.9,accepted,150.0,150.0,0.0,False
P::J3311,J3311,J3311,exact_normalized_queue_id,1.0,accepted,400.0,400.0,0.0,False
P::J3312,J3312,J3312,exact_normalized_queue_id,1.0,accepted,100.0,100.0,0.0,False
P::J3313,J3313,J3313,exact_normalized_queue_id,1.0,accepted,263.0,263.0,0.0,False
P::J3314,J3314,J3314,exact_normalized_queue_id,0.9,accepted,200.0,200.0,0.0,False
P::J3315,J3315,J3315,exact_normalized_queue_id,1.0,accepted,150.0,150.0,0.0,False
P::J3316,J3316,J3316,exact_normalized_queue_id,1.0,accepted,150.0,150.0,0.0,False
P::J3317,J3317,J3317,exact_normalized_queue_id,0.9,accepted,150.0,150.0,0.0,False
P::J3318,J3318,J3318,exact_normalized_queue_id,0.9,accepted,300.0,300.0,0.0,False
P::J3319,J3319,J3319,exact_normalized_queue_id,0.9,accepted,150.0,150.0,0.0,False
P::J3320,J3320,J3320,exact_normalized_queue_id,1.0,accepted,200.0,200.0,0.0,False
P::J3321,J3321,J3321,exact_normalized_queue_id,1.0,accepted,200.0,200.0,0.0,False
P::J3322,J3322,J3322,exact_normalized_queue_id,1.0,accepted,325.0,325.0,0.0,False
P::J3323,J3323,J3323,exact_normalized_queue_id,1.0,accepted,200.0,200.0,0.0,False
P::J3324,J3324,J3324,exact_normalized_queue_id,1.0,accepted,200.0,200.0,0.0,False
P::J3325,J3325,J3325,exact_normalized_queue_id,1.0,accepted,140.0,140.0,0.0,False
P::J3326,J3326,J3326,exact_normalized_queue_id,1.0,accepted,250.0,250.0,0.0,False
P::J3327,J3327,J3327,exact_normalized_queue_id,1.0,accepted,130.0,130.0,0.0,False
P::J3328,J3328,J3328,exact_normalized_queue_id,1.0,accepted,150.0,150.0,0.0,False
P::J3329,J3329,J3329,exact_normalized_queue_id,1.0,accepted,145.0,145.0,0.0,False
P::J3330,J3330,J3330,exact_normalized_queue_id,1.0,accepted,705.0,705.0,0.0,False
P::J3331,J3331,J3331,exact_normalized_queue_id,1.0,accepted,470.0,470.0,0.0,False
P::J3332,J3332,J3332,exact_normalized_queue_id,1.0,accepted,150.0,150.0,0.0,False
P::J3333,J3333,J3333,exact_normalized_queue_id,1.0,accepted,150.0,150.0,0.0,False
P::J3334,J3334,J3334,exact_normalized_queue_id,1.0,accepted,100.0,100.0,0.0,False
P::J3335,J3335,J3335,exact_normalized_queue_id,1.0,accepted,222.0,222.0,0.0,False
P::J3336,J3336,J3336,exact_normalized_queue_id,1.0,accepted,41.8,41.8,0.0,False
P::J3337,J3337,J3337,exact_normalized_queue_id,1.0,accepted,230.0,230.0,0.0,False
P::J3338,J3338,J3338,exact_normalized_queue_id,1.0,accepted,199.99,199.99,0.0,False
P::J3339,J3339,J3339,exact_normalized_queue_id,1.0,accepted,100.0,100.0,0.0,False
P::J3340,J3340,J3340,exact_normalized_queue_id,1.0,accepted,175.0,175.0,0.0,False
P::J3341,J3341,J3341,exact_normalized_queue_id,1.0,accepted,100.0,100.0,0.0,False
P::J3342,J3342,J3342,exact_normalized_queue_id,1.0,accepted,180.0,180.0,0.0,False
P::J3343,J3343,J3343,exact_normalized_queue_id,1.0,accepted,100.0,100.0,0.0,False
P::J3344,J3344,J3344,exact_normalized_queue_id,1.0,accepted,100.0,100.0,0.0,False
P::J3345,J3345,J3345,exact_normalized_queue_id,1.0,accepted,200.0,200.0,0.0,False
P::J3346,J3346,J3346,exact_normalized_queue_id,1.0,accepted,250.0,250.0,0.0,False
P::J3347,J3347,J3347,exact_normalized_queue_id,1.0,accepted,140.0,140.0,0.0,False
P::J3348,J3348,J3348,exact_normalized_queue_id,1.0,accepted,110.0,110.0,0.0,False
P::J3349,J3349,J3349,exact_normalized_queue_id,1.0,accepted,400.0,400.0,0.0,False
P::J3350,J3350,J3350,exact_normalized_queue_id,1.0,accepted,200.0,200.0,0.0,False
P::J3351,J3351,J3351,exact_normalized_queue_id,1.0,accepted,100.0,100.0,0.0,False
P::J3352,J3352,J3352,exact_normalized_queue_id,1.0,accepted,250.0,250.0,0.0,False
P::J3353,J3353,J3353,exact_normalized_queue_id,1.0,accepted,191.3,191.3,0.0,False
P::J3354,J3354,J3354,exact_normalized_queue_id,1.0,accepted,250.0,250.0,0.0,False
P::J3355,J3355,J3355,exact_normalized_queue_id,1.0,accepted,100.6,100.6,0.0,False
P::J3356,J3356,J3356,exact_normalized_queue_id,0.9,accepted,65.0,65.0,0.0,False
P::J3357,J3357,J3357,exact_normalized_queue_id,1.0,accepted,200.0,200.0,0.0,False
P::J3358,J3358,J3358,exact_normalized_queue_id,1.0,accepted,100.0,100.0,0.0,False
P::J3359,J3359,J3359,exact_normalized_queue_id,1.0,accepted,80.0,80.0,0.0,False
P::J3360,J3360,J3360,exact_normalized_queue_id,1.0,accepted,250.0,250.0,0.0,False
P::J3361,J3361,J3361,exact_normalized_queue_id,1.0,accepted,254.0,254.0,0.0,False
P::J3362,J3362,J3362,exact_normalized_queue_id,1.0,accepted,300.0,300.0,0.0,False
P::J3363,J3363,J3363,exact_normalized_queue_id,1.0,accepted,150.0,150.0,0.0,False
P::J3364,J3364,J3364,exact_normalized_queue_id,1.0,accepted,50.0,50.0,0.0,False
P::J3365,J3365,J3365,exact_normalized_queue_id,1.0,accepted,100.0,100.0,0.0,False
P::J3366,J3366,J3366,exact_normalized_queue_id,1.0,accepted,150.0,150.0,0.0,False
P::J3367,J3367,J3367,exact_normalized_queue_id,1.0,accepted,88.0,88.0,0.0,False
P::J3368,J3368,J3368,exact_normalized_queue_id,1.0,accepted,199.9,199.9,0.0,False
P::J3369,J3369,J3369,exact_normalized_queue_id,1.0,accepted,200.0,200.0,0.0,False
P::J3370,J3370,J3370,exact_normalized_queue_id,1.0,accepted,150.0,150.0,0.0,False
P::J3371,J3371,J3371,exact_normalized_queue_id,1.0,accepted,200.0,200.0,0.0,False
P::J3372,J3372,J3372,exact_normalized_queue_id,1.0,accepted,100.0,100.0,0.0,False
P::J3373,J3373,J3373,exact_normalized_queue_id,1.0,accepted,200.0,200.0,0.0,False
P::J3374,J3374,J3374,exact_normalized_queue_id,1.0,accepted,65.0,65.0,0.0,False
P::J3375,J3375,J3375,exact_normalized_queue_id,1.0,accepted,200.0,200.0,0.0,False
P::J3376,J3376,J3376,exact_normalized_queue_id,1.0,accepted,130.0,130.0,0.0,False
P::J3377,J3377,J3377,exact_normalized_queue_id,1.0,accepted,150.0,150.0,0.0,False
P::J3378,J3378,J3378,exact_normalized_queue_id,1.0,accepted,140.0,140.0,0.0,False
P::J3379,J3379,J3379,exact_normalized_queue_id,1.0,accepted,100.0,100.0,0.0,False
P::J3380,J3380,J3380,exact_normalized_queue_id,1.0,accepted,155.0,155.0,0.0,False
P::J3381,J3381,J3381,exact_normalized_queue_id,1.0,accepted,150.92,150.92,0.0,False
P::J3382,J3382,J3382,exact_normalized_queue_id,1.0,accepted,171.0,171.0,0.0,False
P::J3383,J3383,J3383,exact_normalized_queue_id,1.0,accepted,300.0,300.0,0.0,False
P::J3384,J3384,J3384,exact_normalized_queue_id,1.0,accepted,300.0,300.0,0.0,False
P::J3385,J3385,J3385,exact_normalized_queue_id,1.0,accepted,50.0,50.0,0.0,False
P::J3386,J3386,J3386,exact_normalized_queue_id,1.0,accepted,500.0,500.0,0.0,False
P::J3387,J3387,J3387,exact_normalized_queue_id,1.0,accepted,150.0,150.0,0.0,False
P::J3388,J3388,J3388,exact_normalized_queue_id,1.0,accepted,400.0,400.0,0.0,False
P::J3389,J3389,J3389,exact_normalized_queue_id,1.0,accepted,150.0,150.0,0.0,False
P::J3390,J3390,J3390,exact_normalized_queue_id,1.0,accepted,37.0,37.0,0.0,False
P::J3391,J3391,J3391,exact_normalized_queue_id,1.0,accepted,200.3,200.3,0.0,False
P::J3392,J3392,J3392,exact_normalized_queue_id,1.0,accepted,25.0,25.0,0.0,False
P::J3393,J3393,J3393,exact_normalized_queue_id,1.0,accepted,150.0,150.0,0.0,False
P::J3394,J3394,J3394,exact_normalized_queue_id,1.0,accepted,155.6,155.6,0.0,False
P::J3395,J3395,J3395,exact_normalized_queue_id,1.0,accepted,30.0,30.0,0.0,False
P::J3396,J3396,J3396,exact_normalized_queue_id,1.0,accepted,30.0,30.0,0.0,False
P::J3397,J3397,J3397,exact_normalized_queue_id,1.0,accepted,80.0,80.0,0.0,False
P::J3398,J3398,J3398,exact_normalized_queue_id,1.0,accepted,30.0,30.0,0.0,False
P::J3399,J3399,J3399,exact_normalized_queue_id,1.0,accepted,300.0,300.0,0.0,False
P::J3400,J3400,J3400,exact_normalized_queue_id,1.0,accepted,142.2,142.2,0.0,False
P::J3401,J3401,J3401,exact_normalized_queue_id,1.0,accepted,500.0,500.0,0.0,False
P::J3402,J3402,J3402,exact_normalized_queue_id,1.0,accepted,200.0,200.0,0.0,False
P::J3403,J3403,J3403,exact_normalized_queue_id,1.0,accepted,200.0,200.0,0.0,False
P::J3404,J3404,J3404,exact_normalized_queue_id,1.0,accepted,300.0,300.0,0.0,False
P::J3405,J3405,J3405,exact_normalized_queue_id,1.0,accepted,144.0,144.0,0.0,False
P::J3406,J3406,J3406,exact_normalized_queue_id,1.0,accepted,100.0,100.0,0.0,False
P::J3407,J3407,J3407,exact_normalized_queue_id,1.0,accepted,300.0,300.0,0.0,False
P::J3408,J3408,J3408,exact_normalized_queue_id,1.0,accepted,450.0,450.0,0.0,False
P::J3409,J3409,J3409,exact_normalized_queue_id,1.0,accepted,400.0,400.0,0.0,False
P::J3410,J3410,J3410,exact_normalized_queue_id,1.0,accepted,120.0,120.0,0.0,False
P::J3411,J3411,J3411,exact_normalized_queue_id,1.0,accepted,120.0,120.0,0.0,False
P::J3412,J3412,J3412,exact_normalized_queue_id,1.0,accepted,300.0,300.0,0.0,False
P::J3413,J3413,J3413,exact_normalized_queue_id,0.9,accepted,150.0,150.0,0.0,False
P::J3414,J3414,J3414,exact_normalized_queue_id,1.0,accepted,200.0,200.0,0.0,False
P::J3415,J3415,J3415,exact_normalized_queue_id,1.0,accepted,250.0,250.0,0.0,False
P::J3416,J3416,J3416,exact_normalized_queue_id,1.0,accepted,200.0,200.0,0.0,False
P::J3417,J3417,J3417,exact_normalized_queue_id,1.0,accepted,300.0,300.0,0.0,False
P::J3418,J3418,J3418,exact_normalized_queue_id,1.0,accepted,220.0,220.0,0.0,False
P::J3419,J3419,J3419,exact_normalized_queue_id,1.0,accepted,150.0,150.0,0.0,False
P::J3420,J3420,J3420,exact_normalized_queue_id,1.0,accepted,200.0,200.0,0.0,False
P::J3421,J3421,J3421,exact_normalized_queue_id,1.0,accepted,100.0,100.0,0.0,False
P::J3422,J3422,J3422,exact_normalized_queue_id,1.0,accepted,145.0,145.0,0.0,False
P::J3423,J3423,J3423,exact_normalized_queue_id,1.0,accepted,200.0,200.0,0.0,False
P::J3424,J3424,J3424,exact_normalized_queue_id,1.0,accepted,300.0,300.0,0.0,False
P::J3425,J3425,J3425,exact_normalized_queue_id,1.0,accepted,59.2,59.2,0.0,False
P::J3426,J3426,J3426,exact_normalized_queue_id,1.0,accepted,500.0,500.0,0.0,False
P::J3427,J3427,J3427,exact_normalized_queue_id,1.0,accepted,500.0,500.0,0.0,False
P::J3428,J3428,J3428,exact_normalized_queue_id,1.0,accepted,200.0,200.0,0.0,False
P::J3429,J3429,J3429,exact_normalized_queue_id,1.0,accepted,160.0,160.0,0.0,False
P::J3430,J3430,J3430,exact_normalized_queue_id,1.0,accepted,150.0,150.0,0.0,False
P::J3431,J3431,J3431,exact_normalized_queue_id,1.0,accepted,300.0,300.0,0.0,False
P::J3432,J3432,J3432,exact_normalized_queue_id,1.0,accepted,150.0,150.0,0.0,False
P::J3433,J3433,J3433,exact_normalized_queue_id,1.0,accepted,115.0,115.0,0.0,False
P::J3434,J3434,J3434,exact_normalized_queue_id,1.0,accepted,200.0,200.0,0.0,False
P::J3435,J3435,J3435,exact_normalized_queue_id,1.0,accepted,210.0,210.0,0.0,False
P::J3436,J3436,J3436,exact_normalized_queue_id,1.0,accepted,200.0,200.0,0.0,False
P::J3437,J3437,J3437,exact_normalized_queue_id,0.9,accepted,160.0,160.0,0.0,False
P::J3438,J3438,J3438,exact_normalized_queue_id,1.0,accepted,250.0,250.0,0.0,False
P::J3439,J3439,J3439,exact_normalized_queue_id,0.972,accepted,100.0,72.0,28.0,True
P::J3440,J3440,J3440,exact_normalized_queue_id,1.0,accepted,200.0,200.0,0.0,False
P::J3441,J3441,J3441,exact_normalized_queue_id,1.0,accepted,500.0,500.0,0.0,False
P::J3442,J3442,J3442,exact_normalized_queue_id,1.0,accepted,156.0,156.0,0.0,False
P::J3443,J3443,J3443,exact_normalized_queue_id,0.85,accepted,250.0,250.0,0.0,False
P::J3444,J3444,J3444,exact_normalized_queue_id,1.0,accepted,125.0,125.0,0.0,False
P::J3445,J3445,J3445,exact_normalized_queue_id,1.0,accepted,49.0,49.0,0.0,False
P::J3446,J3446,J3446,exact_normalized_queue_id,1.0,accepted,200.0,200.0,0.0,False
P::J3447,J3447,J3447,exact_normalized_queue_id,1.0,accepted,125.0,125.0,0.0,False
P::J3448,J3448,J3448,exact_normalized_queue_id,1.0,accepted,180.0,180.0,0.0,False
P::J3449,J3449,J3449,exact_normalized_queue_id,1.0,accepted,200.0,200.0,0.0,False
P::J3450,J3450,J3450,exact_normalized_queue_id,1.0,accepted,200.0,200.0,0.0,False
P::J3451,J3451,J3451,exact_normalized_queue_id,1.0,accepted,120.0,120.0,0.0,False
P::J3452,J3452,J3452,exact_normalized_queue_id,1.0,accepted,50.0,50.0,0.0,False
P::J3453,J3453,J3453,exact_normalized_queue_id,1.0,accepted,100.0,100.0,0.0,False
P::J3454,J3454,J3454,exact_normalized_queue_id,1.0,accepted,300.0,300.0,0.0,False
P::J3455,J3455,J3455,exact_normalized_queue_id,1.0,accepted,250.0,250.0,0.0,False
P::J3456,J3456,J3456,exact_normalized_queue_id,1.0,accepted,100.0,100.0,0.0,False
P::J3457,J3457,J3457,exact_normalized_queue_id,1.0,accepted,215.0,215.0,0.0,False
P::J3458,J3458,J3458,exact_normalized_queue_id,1.0,accepted,170.0,170.0,0.0,False
P::J3459,J3459,J3459,exact_normalized_queue_id,1.0,accepted,200.0,200.0,0.0,False
P::J3460,J3460,J3460,exact_normalized_queue_id,1.0,accepted,290.0,290.0,0.0,False
P::J3461,J3461,J3461,exact_normalized_queue_id,1.0,accepted,156.0,156.0,0.0,False
P::J3462,J3462,J3462,exact_normalized_queue_id,1.0,accepted,187.0,187.0,0.0,False
P::J3463,J3463,J3463,exact_normalized_queue_id,1.0,accepted,100.0,100.0,0.0,False
P::J3464,J3464,J3464,exact_normalized_queue_id,1.0,accepted,200.0,200.0,0.0,False
P::J3465,J3465,J3465,exact_normalized_queue_id,0.819,accepted,211.0,40.0,171.0,True
P::J3466,J3466,J3466,exact_normalized_queue_id,1.0,accepted,100.0,100.0,0.0,False
P::J3467,J3467,J3467,exact_normalized_queue_id,0.9,accepted,200.0,200.0,0.0,False
P::J3468,J3468,J3468,exact_normalized_queue_id,0.9,accepted,300.0,300.0,0.0,False
P::J3469,J3469,J3469,exact_normalized_queue_id,1.0,accepted,100.0,100.0,0.0,False
P::J3470,J3470,J3470,exact_normalized_queue_id,1.0,accepted,100.0,100.0,0.0,False
P::J3471,J3471,J3471,exact_normalized_queue_id,1.0,accepted,150.0,150.0,0.0,False
P::J3472,J3472,J3472,exact_normalized_queue_id,1.0,accepted,200.0,200.0,0.0,False
P::J3473,J3473,J3473,exact_normalized_queue_id,1.0,accepted,150.0,150.0,0.0,False
P::J3474,J3474,J3474,exact_normalized_queue_id,1.0,accepted,128.0,128.0,0.0,False
P::J3475,J3475,J3475,exact_normalized_queue_id,1.0,accepted,200.0,200.0,0.0,False
P::J3476,J3476,J3476,exact_normalized_queue_id,1.0,accepted,150.0,150.0,0.0,False
P::J3477,J3477,J3477,exact_normalized_queue_id,1.0,accepted,200.0,200.0,0.0,False
P::J3478,J3478,J3478,exact_normalized_queue_id,1.0,accepted,35.0,35.0,0.0,False
P::J3479,J3479,J3479,exact_normalized_queue_id,0.9889,accepted,225.0,200.0,25.0,True
P::J3480,J3480,J3480,exact_normalized_queue_id,1.0,accepted,199.9,199.9,0.0,False
P::J3481,J3481,J3481,exact_normalized_queue_id,1.0,accepted,100.0,100.0,0.0,False
P::J3482,J3482,J3482,exact_normalized_queue_id,1.0,accepted,350.0,350.0,0.0,False
P::J3483,J3483,J3483,exact_normalized_queue_id,1.0,accepted,137.4,137.4,0.0,False
P::J3484,J3484,J3484,exact_normalized_queue_id,1.0,accepted,200.0,200.0,0.0,False
P::J3485,J3485,J3485,exact_normalized_queue_id,1.0,accepted,100.0,100.0,0.0,False
P::J3486,J3486,J3486,exact_normalized_queue_id,1.0,accepted,200.0,200.0,0.0,False
P::J3487,J3487,J3487,exact_normalized_queue_id,1.0,accepted,400.0,400.0,0.0,False
P::J3488,J3488,J3488,exact_normalized_queue_id,1.0,accepted,400.0,400.0,0.0,False
P::J3489,J3489,J3489,exact_normalized_queue_id,1.0,accepted,105.0,105.0,0.0,False
P::J3490,J3490,J3490,exact_normalized_queue_id,1.0,accepted,200.0,200.0,0.0,False
P::J3491,J3491,J3491,exact_normalized_queue_id,1.0,accepted,45.0,45.0,0.0,False
P::J3492,J3492,J3492,exact_normalized_queue_id,1.0,accepted,45.0,45.0,0.0,False
P::J3493,J3493,J3493,exact_normalized_queue_id,1.0,accepted,200.0,200.0,0.0,False
P::J3494,J3494,J3494,exact_normalized_queue_id,1.0,accepted,175.0,175.0,0.0,False
P::J3495,J3495,J3495,exact_normalized_queue_id,1.0,accepted,220.0,220.0,0.0,False
P::J3496,J3496,J3496,exact_normalized_queue_id,1.0,accepted,220.0,220.0,0.0,False
P::J3497,J3497,J3497,exact_normalized_queue_id,1.0,accepted,200.0,200.0,0.0,False
P::J3498,J3498,J3498,exact_normalized_queue_id,0.9833,accepted,300.0,250.0,50.0,True
P::J3499,J3499,J3499,exact_normalized_queue_id,1.0,accepted,300.0,300.0,0.0,False
P::J3500,J3500,J3500,exact_normalized_queue_id,1.0,accepted,150.0,150.0,0.0,False
P::J3501,J3501,J3501,exact_normalized_queue_id,1.0,accepted,200.0,200.0,0.0,False
P::J3502,J3502,J3502,exact_normalized_queue_id,1.0,accepted,200.0,200.0,0.0,False
P::J3503,J3503,J3503,exact_normalized_queue_id,1.0,accepted,200.0,200.0,0.0,False
P::J3504,J3504,J3504,exact_normalized_queue_id,1.0,accepted,150.0,150.0,0.0,False
P::J3505,J3505,J3505,exact_normalized_queue_id,1.0,accepted,150.0,150.0,0.0,False
P::J3506,J3506,J3506,exact_normalized_queue_id,1.0,accepted,100.0,100.0,0.0,False
P::J3507,J3507,J3507,exact_normalized_queue_id,1.0,accepted,17.0,17.0,0.0,False
P::J3508,J3508,J3508,exact_normalized_queue_id,1.0,accepted,16.3,16.3,0.0,False
P::J3509,J3509,J3509,exact_normalized_queue_id,1.0,accepted,380.0,380.0,0.0,False
P::J3510,J3510,J3510,exact_normalized_queue_id,0.9,accepted,175.0,175.0,0.0,False
P::J3511,J3511,J3511,exact_normalized_queue_id,1.0,accepted,250.0,250.0,0.0,False
P::J3512,J3512,J3512,exact_normalized_queue_id,1.0,accepted,150.0,150.0,0.0,False
P::J3513,J3513,J3513,exact_normalized_queue_id,1.0,accepted,550.0,550.0,0.0,False
P::J3514,J3514,J3514,exact_normalized_queue_id,1.0,accepted,100.0,100.0,0.0,False
P::J3515,J3515,J3515,exact_normalized_queue_id,1.0,accepted,199.9,199.9,0.0,False
P::J3516,J3516,J3516,exact_normalized_queue_id,1.0,accepted,83.4,83.4,0.0,False
P::J3517,J3517,J3517,exact_normalized_queue_id,1.0,accepted,190.0,190.0,0.0,False
P::J3518,J3518,J3518,exact_normalized_queue_id,1.0,accepted,300.0,300.0,0.0,False
P::J3519,J3519,J3519,exact_normalized_queue_id,1.0,accepted,199.9,199.9,0.0,False
P::J3520,J3520,J3520,exact_normalized_queue_id,0.9,accepted,215.0,215.0,0.0,False
P::J3521,J3521,J3521,exact_normalized_queue_id,1.0,accepted,350.0,350.0,0.0,False
P::J3522,J3522,J3522,exact_normalized_queue_id,1.0,accepted,200.0,200.0,0.0,False
P::J3523,J3523,J3523,exact_normalized_queue_id,1.0,accepted,115.0,115.0,0.0,False
P::J3524,J3524,J3524,exact_normalized_queue_id,1.0,accepted,300.0,300.0,0.0,False
P::J3525,J3525,J3525,exact_normalized_queue_id,1.0,accepted,300.0,300.0,0.0,False
P::J3526,J3526,J3526,exact_normalized_queue_id,1.0,accepted,200.0,200.0,0.0,False
P::J3527,J3527,J3527,exact_normalized_queue_id,1.0,accepted,136.0,136.0,0.0,False
P::J3528,J3528,J3528,exact_normalized_queue_id,0.9,accepted,225.0,225.0,0.0,False
P::J3529,J3529,J3529,exact_normalized_queue_id,1.0,accepted,64.0,64.0,0.0,False
P::J3530,J3530,J3530,exact_normalized_queue_id,1.0,accepted,500.0,500.0,0.0,False
P::J3531,J3531,J3531,exact_normalized_queue_id,1.0,accepted,100.0,100.0,0.0,False
P::J3532,J3532,J3532,exact_normalized_queue_id,1.0,accepted,500.0,500.0,0.0,False
P::J3533,J3533,J3533,exact_normalized_queue_id,1.0,accepted,200.0,200.0,0.0,False
P::J3534,J3534,J3534,exact_normalized_queue_id,0.9,accepted,125.0,125.0,0.0,False
P::J3535,J3535,J3535,exact_normalized_queue_id,0.9,accepted,200.0,200.0,0.0,False
P::J3536,J3536,J3536,exact_normalized_queue_id,0.9,accepted,190.0,190.0,0.0,False
P::J3537,J3537,J3537,exact_normalized_queue_id,1.0,accepted,265.0,265.0,0.0,False
P::J3538,J3538,J3538,exact_normalized_queue_id,1.0,accepted,770.0,770.0,0.0,False
P::J3539,J3539,J3539,exact_normalized_queue_id,1.0,accepted,116.9,116.9,0.0,False
P::J3540,J3540,J3540,exact_normalized_queue_id,1.0,accepted,400.0,400.0,0.0,False
P::J3541,J3541,J3541,exact_normalized_queue_id,1.0,accepted,150.0,150.0,0.0,False
P::J3542,J3542,J3542,exact_normalized_queue_id,1.0,accepted,80.0,80.0,0.0,False
P::J3543,J3543,J3543,exact_normalized_queue_id,0.99,accepted,150.0,135.0,15.0,True
P::J3544,J3544,J3544,exact_normalized_queue_id,1.0,accepted,62.0,62.0,0.0,False
P::J3545,J3545,J3545,exact_normalized_queue_id,1.0,accepted,200.0,200.0,0.0,False
P::J3546,J3546,J3546,exact_normalized_queue_id,1.0,accepted,120.0,120.0,0.0,False
P::J3547,J3547,J3547,exact_normalized_queue_id,0.9,accepted,630.0,630.0,0.0,False
P::J3548,J3548,J3548,exact_normalized_queue_id,1.0,accepted,62.0,62.0,0.0,False
P::J3549,J3549,J3549,exact_normalized_queue_id,1.0,accepted,515.0,515.0,0.0,False
P::J3550,J3550,J3550,exact_normalized_queue_id,1.0,accepted,200.0,200.0,0.0,False
P::J3551,J3551,J3551,exact_normalized_queue_id,1.0,accepted,200.0,200.0,0.0,False
P::J3552,J3552,J3552,exact_normalized_queue_id,1.0,accepted,112.0,112.0,0.0,False
P::J3553,J3553,J3553,exact_normalized_queue_id,1.0,accepted,263.0,263.0,0.0,False
P::J3554,J3554,J3554,exact_normalized_queue_id,1.0,accepted,96.0,96.0,0.0,False
P::J3555,J3555,J3555,exact_normalized_queue_id,1.0,accepted,84.0,84.0,0.0,False
P::J3556,J3556,J3556,exact_normalized_queue_id,1.0,accepted,250.0,250.0,0.0,False
P::J3557,J3557,J3557,exact_normalized_queue_id,1.0,accepted,200.0,200.0,0.0,False
P::J3558,J3558,J3558,exact_normalized_queue_id,1.0,accepted,300.0,300.0,0.0,False
P::J3559,J3559,J3559,exact_normalized_queue_id,1.0,accepted,250.0,250.0,0.0,False
P::J3560,J3560,J3560,exact_normalized_queue_id,1.0,accepted,20.0,20.0,0.0,False
P::J3561,J3561,J3561,exact_normalized_queue_id,1.0,accepted,135.0,135.0,0.0,False
P::J3562,J3562,J3562,exact_normalized_queue_id,1.0,accepted,300.0,300.0,0.0,False
P::J3563,J3563,J3563,exact_normalized_queue_id,1.0,accepted,200.0,200.0,0.0,False
P::J3564,J3564,J3564,exact_normalized_queue_id,1.0,accepted,275.0,275.0,0.0,False
P::J3565,J3565,J3565,exact_normalized_queue_id,1.0,accepted,100.0,100.0,0.0,False
P::J3566,J3566,J3566,exact_normalized_queue_id,1.0,accepted,198.0,198.0,0.0,False
P::J3567,J3567,J3567,exact_normalized_queue_id,1.0,accepted,200.0,200.0,0.0,False
P::J3568,J3568,J3568,exact_normalized_queue_id,1.0,accepted,250.0,250.0,0.0,False
P::J3569,J3569,J3569,exact_normalized_queue_id,0.9,accepted,300.0,300.0,0.0,False
P::J3570,J3570,J3570,exact_normalized_queue_id,0.9,accepted,300.0,300.0,0.0,False
P::J3571,J3571,J3571,exact_normalized_queue_id,0.9,accepted,250.0,250.0,0.0,False
P::J3572,J3572,J3572,exact_normalized_queue_id,0.9,accepted,200.0,200.0,0.0,False
P::J3573,J3573,J3573,exact_normalized_queue_id,0.9,accepted,200.0,200.0,0.0,False
P::J3574,J3574,J3574,exact_normalized_queue_id,1.0,accepted,60.0,60.0,0.0,False
P::J3575,J3575,J3575,exact_normalized_queue_id,0.9,accepted,300.0,300.0,0.0,False
P::J3576,J3576,J3576,exact_normalized_queue_id,1.0,accepted,300.0,300.0,0.0,False
P::J3577,J3577,J3577,exact_normalized_queue_id,1.0,accepted,120.0,120.0,0.0,False
P::J3578,J3578,J3578,exact_normalized_queue_id,1.0,accepted,100.0,100.0,0.0,False
P::J3579,J3579,J3579,exact_normalized_queue_id,1.0,accepted,135.0,135.0,0.0,False
P::J3580,J3580,J3580,exact_normalized_queue_id,1.0,accepted,250.0,250.0,0.0,False
P::J3581,J3581,J3581,exact_normalized_queue_id,1.0,accepted,200.0,200.0,0.0,False
P::J3582,J3582,J3582,exact_normalized_queue_id,0.9,accepted,150.0,150.0,0.0,False
P::J3583,J3583,J3583,exact_normalized_queue_id,0.9,accepted,300.0,300.0,0.0,False
P::J3584,J3584,J3584,exact_normalized_queue_id,0.9,accepted,215.0,215.0,0.0,False
P::J3585,J3585,J3585,exact_normalized_queue_id,1.0,accepted,150.0,150.0,0.0,False
P::J3586,J3586,J3586,exact_normalized_queue_id,1.0,accepted,205.8,205.8,0.0,False
P::J3587,J3587,J3587,exact_normalized_queue_id,1.0,accepted,110.0,110.0,0.0,False
P::J3588,J3588,J3588,exact_normalized_queue_id,1.0,accepted,100.0,100.0,0.0,False
P::J3589,J3589,J3589,exact_normalized_queue_id,1.0,accepted,160.0,160.0,0.0,False
P::J3590,J3590,J3590,exact_normalized_queue_id,1.0,accepted,75.0,75.0,0.0,False
P::J3591,J3591,J3591,exact_normalized_queue_id,0.9,accepted,400.0,400.0,0.0,False
P::J3592,J3592,J3592,exact_normalized_queue_id,1.0,accepted,57.0,57.0,0.0,False
P::J3593,J3593,J3593,exact_normalized_queue_id,0.9,accepted,250.0,250.0,0.0,False
P::J3594,J3594,J3594,exact_normalized_queue_id,1.0,accepted,100.0,100.0,0.0,False
P::J3595,J3595,J3595,exact_normalized_queue_id,1.0,accepted,230.0,230.0,0.0,False
P::J3596,J3596,J3596,exact_normalized_queue_id,1.0,accepted,460.0,460.0,0.0,False
P::J3597,J3597,J3597,exact_normalized_queue_id,1.0,accepted,348.0,348.0,0.0,False
P::J3598,J3598,J3598,exact_normalized_queue_id,1.0,accepted,9.0,9.0,0.0,False
P::J3599,J3599,J3599,exact_normalized_queue_id,1.0,accepted,60.0,60.0,0.0,False
P::J3600,J3600,J3600,exact_normalized_queue_id,1.0,accepted,50.0,50.0,0.0,False
P::J3601,J3601,J3601,exact_normalized_queue_id,1.0,accepted,200.0,200.0,0.0,False
P::J3602,J3602,J3602,exact_normalized_queue_id,1.0,accepted,110.0,110.0,0.0,False
P::J3603,J3603,J3603,exact_normalized_queue_id,1.0,accepted,175.0,175.0,0.0,False
P::J3604,J3604,J3604,exact_normalized_queue_id,1.0,accepted,650.0,650.0,0.0,False
P::J3605,J3605,J3605,exact_normalized_queue_id,1.0,accepted,465.0,465.0,0.0,False
P::J3606,J3606,J3606,exact_normalized_queue_id,0.9,accepted,197.7,197.7,0.0,False
P::J3607,J3607,J3607,exact_normalized_queue_id,1.0,accepted,47.4,47.4,0.0,False
P::J3608,J3608,J3608,exact_normalized_queue_id,1.0,accepted,77.6,77.6,0.0,False
P::J3609,J3609,J3609,exact_normalized_queue_id,1.0,accepted,93.1,93.1,0.0,False
P::J3610,J3610,J3610,exact_normalized_queue_id,1.0,accepted,150.0,150.0,0.0,False
P::J3611,J3611,J3611,exact_normalized_queue_id,1.0,accepted,140.0,140.0,0.0,False
P::J3612,J3612,J3612,exact_normalized_queue_id,1.0,accepted,200.0,200.0,0.0,False
P::J3613,J3613,J3613,exact_normalized_queue_id,1.0,accepted,180.0,180.0,0.0,False
P::J3614,J3614,J3614,exact_normalized_queue_id,1.0,accepted,180.0,180.0,0.0,False
P::J3615,J3615,J3615,exact_normalized_queue_id,1.0,accepted,125.0,125.0,0.0,False
P::J3616,J3616,J3616,exact_normalized_queue_id,1.0,accepted,125.0,125.0,0.0,False
P::J3617,J3617,J3617,exact_normalized_queue_id,1.0,accepted,150.0,150.0,0.0,False
P::J3618,J3618,J3618,exact_normalized_queue_id,1.0,accepted,150.0,150.0,0.0,False
P::J3619,J3619,J3619,exact_normalized_queue_id,1.0,accepted,150.0,150.0,0.0,False
P::J3620,J3620,J3620,exact_normalized_queue_id,1.0,accepted,150.0,150.0,0.0,False
P::J3621,J3621,J3621,exact_normalized_queue_id,1.0,accepted,150.0,150.0,0.0,False
P::J3622,J3622,J3622,exact_normalized_queue_id,1.0,accepted,150.0,150.0,0.0,False
P::J3623,J3623,J3623,exact_normalized_queue_id,1.0,accepted,350.0,350.0,0.0,False
P::J3624,J3624,J3624,exact_normalized_queue_id,1.0,accepted,155.0,155.0,0.0,False
P::J3625,J3625,J3625,exact_normalized_queue_id,0.9,accepted,82.0,82.0,0.0,False
P::J3626,J3626,J3626,exact_normalized_queue_id,1.0,accepted,500.0,500.0,0.0,False
P::J3627,J3627,J3627,exact_normalized_queue_id,1.0,accepted,200.0,200.0,0.0,False
P::J3628,J3628,J3628,exact_normalized_queue_id,1.0,accepted,200.0,200.0,0.0,False
P::J3629,J3629,J3629,exact_normalized_queue_id,0.9,accepted,210.0,210.0,0.0,False
P::J3630,J3630,J3630,exact_normalized_queue_id,0.9,accepted,77.0,77.0,0.0,False
P::J3631,J3631,J3631,exact_normalized_queue_id,1.0,accepted,60.0,60.0,0.0,False
P::J3632,J3632,J3632,exact_normalized_queue_id,0.9,accepted,85.0,85.0,0.0,False
P::J3633,J3633,J3633,exact_normalized_queue_id,1.0,accepted,200.0,200.0,0.0,False
P::J3634,J3634,J3634,exact_normalized_queue_id,1.0,accepted,200.0,200.0,0.0,False
P::J3635,J3635,J3635,exact_normalized_queue_id,1.0,accepted,200.0,200.0,0.0,False
P::J3636,J3636,J3636,exact_normalized_queue_id,1.0,accepted,150.0,150.0,0.0,False
P::J3637,J3637,J3637,exact_normalized_queue_id,1.0,accepted,90.0,90.0,0.0,False
P::J3638,J3638,J3638,exact_normalized_queue_id,1.0,accepted,50.0,50.0,0.0,False
P::J3639,J3639,J3639,exact_normalized_queue_id,1.0,accepted,250.0,250.0,0.0,False
P::J3640,J3640,J3640,exact_normalized_queue_id,1.0,accepted,300.0,300.0,0.0,False
P::J3641,J3641,J3641,exact_normalized_queue_id,1.0,accepted,100.0,100.0,0.0,False
P::J3642,J3642,J3642,exact_normalized_queue_id,1.0,accepted,60.0,60.0,0.0,False
P::J3643,J3643,J3643,exact_normalized_queue_id,1.0,accepted,50.0,50.0,0.0,False
P::J3644,J3644,J3644,exact_normalized_queue_id,1.0,accepted,150.0,150.0,0.0,False
P::J3645,J3645,J3645,exact_normalized_queue_id,1.0,accepted,150.0,150.0,0.0,False
P::J3646,J3646,J3646,exact_normalized_queue_id,1.0,accepted,220.0,220.0,0.0,False
P::J3647,J3647,J3647,exact_normalized_queue_id,1.0,accepted,220.0,220.0,0.0,False
P::J3648,J3648,J3648,exact_normalized_queue_id,0.9,accepted,120.0,120.0,0.0,False
P::J3649,J3649,J3649,exact_normalized_queue_id,0.9,accepted,200.0,200.0,0.0,False
P::J3650,J3650,J3650,exact_normalized_queue_id,1.0,accepted,150.0,150.0,0.0,False
P::J3651,J3651,J3651,exact_normalized_queue_id,1.0,accepted,150.0,150.0,0.0,False
P::J3652,J3652,J3652,exact_normalized_queue_id,1.0,accepted,150.0,150.0,0.0,False
P::J3653,J3653,J3653,exact_normalized_queue_id,1.0,accepted,80.0,80.0,0.0,False
P::J3654,J3654,J3654,exact_normalized_queue_id,1.0,accepted,150.0,150.0,0.0,False
P::J3655,J3655,J3655,exact_normalized_queue_id,1.0,accepted,200.0,200.0,0.0,False
P::J3656,J3656,J3656,exact_normalized_queue_id,1.0,accepted,250.0,250.0,0.0,False
P::J3657,J3657,J3657,exact_normalized_queue_id,1.0,accepted,50.0,50.0,0.0,False
P::J3658,J3658,J3658,exact_normalized_queue_id,0.9,accepted,150.0,150.0,0.0,False
P::J3659,J3659,J3659,exact_normalized_queue_id,0.9,accepted,90.25,90.25,0.0,False
P::J3660,J3660,J3660,exact_normalized_queue_id,1.0,accepted,200.0,200.0,0.0,False
P::J3661,J3661,J3661,exact_normalized_queue_id,1.0,accepted,300.0,300.0,0.0,False
P::J3662,J3662,J3662,exact_normalized_queue_id,1.0,accepted,200.0,200.0,0.0,False
P::J3663,J3663,J3663,exact_normalized_queue_id,1.0,accepted,150.0,150.0,0.0,False
P::J3664,J3664,J3664,exact_normalized_queue_id,0.9,accepted,80.0,80.0,0.0,False
P::J3665,J3665,J3665,exact_normalized_queue_id,1.0,accepted,100.0,100.0,0.0,False
P::J3666,J3666,J3666,exact_normalized_queue_id,0.9696,accepted,378.82,263.7,115.12,True
P::J3667,J3667,J3667,exact_normalized_queue_id,1.0,accepted,200.0,200.0,0.0,False
P::J3668,J3668,J3668,exact_normalized_queue_id,1.0,accepted,100.0,100.0,0.0,False
P::J3669,J3669,J3669,exact_normalized_queue_id,0.945,accepted,300.0,135.0,165.0,True
P::J3670,J3670,J3670,exact_normalized_queue_id,1.0,accepted,100.0,100.0,0.0,False
P::J3671,J3671,J3671,exact_normalized_queue_id,1.0,accepted,120.0,120.0,0.0,False
P::J3672,J3672,J3672,exact_normalized_queue_id,1.0,accepted,300.0,300.0,0.0,False
P::J3673,J3673,J3673,exact_normalized_queue_id,1.0,accepted,150.0,150.0,0.0,False
P::J3674,J3674,J3674,exact_normalized_queue_id,1.0,accepted,100.0,100.0,0.0,False
P::J3675,J3675,J3675,exact_normalized_queue_id,1.0,accepted,100.0,100.0,0.0,False
P::J3676,J3676,J3676,exact_normalized_queue_id,0.9,accepted,93.0,93.0,0.0,False
P::J3677,J3677,J3677,exact_normalized_queue_id,1.0,accepted,148.0,148.0,0.0,False
P::J3678,J3678,J3678,exact_normalized_queue_id,1.0,accepted,300.0,300.0,0.0,False
P::J3679,J3679,J3679,exact_normalized_queue_id,1.0,accepted,149.0,149.0,0.0,False
P::J3680,J3680,J3680,exact_normalized_queue_id,0.9,accepted,189.0,189.0,0.0,False
P::J3681,J3681,J3681,exact_normalized_queue_id,1.0,accepted,300.0,300.0,0.0,False
P::J3682,J3682,J3682,exact_normalized_queue_id,1.0,accepted,150.0,150.0,0.0,False
P::J3683,J3683,J3683,exact_normalized_queue_id,1.0,accepted,100.0,100.0,0.0,False
P::J3684,J3684,J3684,exact_normalized_queue_id,1.0,accepted,100.0,100.0,0.0,False
P::J3685,J3685,J3685,exact_normalized_queue_id,1.0,accepted,100.0,100.0,0.0,False
P::J3686,J3686,J3686,exact_normalized_queue_id,1.0,accepted,190.0,190.0,0.0,False
P::J3687,J3687,J3687,exact_normalized_queue_id,1.0,accepted,113.0,113.0,0.0,False
P::J3688,J3688,J3688,exact_normalized_queue_id,0.9667,accepted,150.0,100.0,50.0,True
P::J3689,J3689,J3689,exact_normalized_queue_id,1.0,accepted,200.0,200.0,0.0,False
P::J3690,J3690,J3690,exact_normalized_queue_id,1.0,accepted,300.0,300.0,0.0,False
P::J3691,J3691,J3691,exact_normalized_queue_id,1.0,accepted,200.0,200.0,0.0,False
P::J3692,J3692,J3692,exact_normalized_queue_id,1.0,accepted,100.0,100.0,0.0,False
P::J3693,J3693,J3693,exact_normalized_queue_id,1.0,accepted,300.0,300.0,0.0,False
P::J3694,J3694,J3694,exact_normalized_queue_id,1.0,accepted,300.0,300.0,0.0,False
P::J3695,J3695,J3695,exact_normalized_queue_id,1.0,accepted,150.0,150.0,0.0,False
P::J3696,J3696,J3696,exact_normalized_queue_id,1.0,accepted,225.0,225.0,0.0,False
P::J3697,J3697,J3697,exact_normalized_queue_id,1.0,accepted,44.0,44.0,0.0,False
P::J3698,J3698,J3698,exact_normalized_queue_id,1.0,accepted,100.0,100.0,0.0,False
P::J3699,J3699,J3699,exact_normalized_queue_id,1.0,accepted,300.0,300.0,0.0,False
P::J3700,J3700,J3700,exact_normalized_queue_id,1.0,accepted,300.0,300.0,0.0,False
P::J3701,J3701,J3701,exact_normalized_queue_id,1.0,accepted,400.0,400.0,0.0,False
P::J3702,J3702,J3702,exact_normalized_queue_id,1.0,accepted,180.0,180.0,0.0,False
P::J3703,J3703,J3703,exact_normalized_queue_id,1.0,accepted,200.0,200.0,0.0,False
P::J3704,J3704,J3704,exact_normalized_queue_id,1.0,accepted,200.0,200.0,0.0,False
P::J3705,J3705,J3705,exact_normalized_queue_id,1.0,accepted,200.0,200.0,0.0,False
P::J3706,J3706,J3706,exact_normalized_queue_id,1.0,accepted,150.0,150.0,0.0,False
P::J3707,J3707,J3707,exact_normalized_queue_id,1.0,accepted,40.0,40.0,0.0,False
P::J3708,J3708,J3708,exact_normalized_queue_id,1.0,accepted,770.0,770.0,0.0,False
P::J3709,J3709,J3709,exact_normalized_queue_id,1.0,accepted,47.0,47.0,0.0,False
P::J3710,J3710,J3710,exact_normalized_queue_id,1.0,accepted,50.0,50.0,0.0,False
P::J3711,J3711,J3711,exact_normalized_queue_id,1.0,accepted,400.0,400.0,0.0,False
P::J3712,J3712,J3712,exact_normalized_queue_id,0.9875,accepted,400.0,350.0,50.0,True
P::J3713,J3713,J3713,exact_normalized_queue_id,1.0,accepted,200.0,200.0,0.0,False
P::J3714,J3714,J3714,exact_normalized_queue_id,1.0,accepted,95.0,95.0,0.0,False
P::J3715,J3715,J3715,exact_normalized_queue_id,0.9,accepted,150.0,150.0,0.0,False
P::J3716,J3716,J3716,exact_normalized_queue_id,1.0,accepted,199.0,199.0,0.0,False
P::J3717,J3717,J3717,exact_normalized_queue_id,1.0,accepted,199.0,199.0,0.0,False
P::J3718,J3718,J3718,exact_normalized_queue_id,1.0,accepted,200.0,200.0,0.0,False
P::J3719,J3719,J3719,exact_normalized_queue_id,1.0,accepted,200.0,200.0,0.0,False
P::J3720,J3720,J3720,exact_normalized_queue_id,1.0,accepted,200.0,200.0,0.0,False
P::J3721,J3721,J3721,exact_normalized_queue_id,1.0,accepted,200.0,200.0,0.0,False
P::J3722,J3722,J3722,exact_normalized_queue_id,1.0,accepted,150.0,150.0,0.0,False
P::J3723,J3723,J3723,exact_normalized_queue_id,1.0,accepted,300.0,300.0,0.0,False
P::J3724,J3724,J3724,exact_normalized_queue_id,1.0,accepted,132.0,132.0,0.0,False
P::J3725,J3725,J3725,exact_normalized_queue_id,1.0,accepted,200.0,200.0,0.0,False
P::J3726,J3726,J3726,exact_normalized_queue_id,1.0,accepted,200.0,200.0,0.0,False
P::J3727,J3727,J3727,exact_normalized_queue_id,1.0,accepted,225.0,225.0,0.0,False
P::J3728,J3728,J3728,exact_normalized_queue_id,1.0,accepted,400.0,400.0,0.0,False
P::J3729,J3729,J3729,exact_normalized_queue_id,1.0,accepted,200.0,200.0,0.0,False
P::J3730,J3730,J3730,exact_normalized_queue_id,0.9687,accepted,444.0,305.0,139.0,True
P::J3731,J3731,J3731,exact_normalized_queue_id,1.0,accepted,160.0,160.0,0.0,False
P::J3732,J3732,J3732,exact_normalized_queue_id,0.9,accepted,175.0,175.0,0.0,False
P::J3733,J3733,J3733,exact_normalized_queue_id,0.9,accepted,150.0,150.0,0.0,False
P::J3734,J3734,J3734,exact_normalized_queue_id,1.0,accepted,150.0,150.0,0.0,False
P::J3735,J3735,J3735,exact_normalized_queue_id,1.0,accepted,100.0,100.0,0.0,False
P::J3736,J3736,J3736,exact_normalized_queue_id,1.0,accepted,100.0,100.0,0.0,False
P::J3737,J3737,J3737,exact_normalized_queue_id,1.0,accepted,100.0,100.0,0.0,False
P::J3738,J3738,J3738,exact_normalized_queue_id,1.0,accepted,65.0,65.0,0.0,False
P::J3739,J3739,J3739,exact_normalized_queue_id,1.0,accepted,200.0,200.0,0.0,False
P::J3740,J3740,J3740,exact_normalized_queue_id,1.0,accepted,40.0,40.0,0.0,False
P::J3741,J3741,J3741,exact_normalized_queue_id,1.0,accepted,155.0,155.0,0.0,False
P::J3742,J3742,J3742,exact_normalized_queue_id,0.9,accepted,160.0,160.0,0.0,False
P::J3743,J3743,J3743,exact_normalized_queue_id,1.0,accepted,175.5,175.5,0.0,False
P::J3744,J3744,J3744,exact_normalized_queue_id,1.0,accepted,15.0,15.0,0.0,False
P::J3745,J3745,J3745,exact_normalized_queue_id,0.9,accepted,150.0,150.0,0.0,False
P::J3746,J3746,J3746,exact_normalized_queue_id,0.9,accepted,250.0,250.0,0.0,False
P::J3747,J3747,J3747,exact_normalized_queue_id,0.9,accepted,300.0,300.0,0.0,False
P::J3748,J3748,J3748,exact_normalized_queue_id,0.9,accepted,200.0,200.0,0.0,False
P::J3749,J3749,J3749,exact_normalized_queue_id,1.0,accepted,200.0,200.0,0.0,False
P::J3750,J3750,J3750,exact_normalized_queue_id,1.0,accepted,250.0,250.0,0.0,False
P::J3751,J3751,J3751,exact_normalized_queue_id,1.0,accepted,236.0,236.0,0.0,False
P::J3752,J3752,J3752,exact_normalized_queue_id,1.0,accepted,220.0,220.0,0.0,False
P::J3753,J3753,J3753,exact_normalized_queue_id,1.0,accepted,195.55,195.55,0.0,False
P::J3754,J3754,J3754,exact_normalized_queue_id,1.0,accepted,146.66,146.66,0.0,False
P::J3755,J3755,J3755,exact_normalized_queue_id,1.0,accepted,146.66,146.66,0.0,False
P::J3756,J3756,J3756,exact_normalized_queue_id,1.0,accepted,4.2,4.2,0.0,False
P::J3757,J3757,J3757,exact_normalized_queue_id,1.0,accepted,100.0,100.0,0.0,False
P::J3758,J3758,J3758,exact_normalized_queue_id,1.0,accepted,300.0,300.0,0.0,False
P::J3759,J3759,J3759,exact_normalized_queue_id,1.0,accepted,15.0,15.0,0.0,False
P::J3760,J3760,J3760,exact_normalized_queue_id,1.0,accepted,405.0,405.0,0.0,False
P::J3761,J3761,J3761,exact_normalized_queue_id,1.0,accepted,145.8,145.8,0.0,False
P::J3762,J3762,J3762,exact_normalized_queue_id,1.0,accepted,430.0,430.0,0.0,False
P::J3763,J3763,J3763,exact_normalized_queue_id,1.0,accepted,7.5,7.5,0.0,False
P::J3764,J3764,J3764,exact_normalized_queue_id,0.9,accepted,170.0,170.0,0.0,False
P::J3765,J3765,J3765,exact_normalized_queue_id,1.0,accepted,8.0,8.0,0.0,False
P::J3766,J3766,J3766,exact_normalized_queue_id,1.0,accepted,235.0,235.0,0.0,False
P::J3767,J3767,J3767,exact_normalized_queue_id,1.0,accepted,38.0,38.0,0.0,False
P::J3768,J3768,J3768,exact_normalized_queue_id,1.0,accepted,250.0,250.0,0.0,False
P::J3769,J3769,J3769,exact_normalized_queue_id,0.9,accepted,250.0,250.0,0.0,False
P::J3770,J3770,J3770,exact_normalized_queue_id,1.0,accepted,45.8,45.8,0.0,False
P::J3771,J3771,J3771,exact_normalized_queue_id,1.0,accepted,200.0,200.0,0.0,False
P::J3772,J3772,J3772,exact_normalized_queue_id,1.0,accepted,100.0,100.0,0.0,False
P::J3773,J3773,J3773,exact_normalized_queue_id,1.0,accepted,265.0,265.0,0.0,False
P::J3774,J3774,J3774,exact_normalized_queue_id,1.0,accepted,303.0,303.0,0.0,False
P::J3775,J3775,J3775,exact_normalized_queue_id,0.9,accepted,160.0,160.0,0.0,False
P::J3776,J3776,J3776,exact_normalized_queue_id,1.0,accepted,150.0,150.0,0.0,False
P::J3777,J3777,J3777,exact_normalized_queue_id,1.0,accepted,91.8,91.8,0.0,False
P::J3778,J3778,J3778,exact_normalized_queue_id,1.0,accepted,100.0,100.0,0.0,False
P::J3779,J3779,J3779,exact_normalized_queue_id,1.0,accepted,100.0,100.0,0.0,False
P::J3780,J3780,J3780,exact_normalized_queue_id,0.9976,accepted,200.0,205.0,-5.0,False
P::J3781,J3781,J3781,exact_normalized_queue_id,1.0,accepted,150.0,150.0,0.0,False
P::J3782,J3782,J3782,exact_normalized_queue_id,1.0,accepted,180.0,180.0,0.0,False
P::J3783,J3783,J3783,exact_normalized_queue_id,0.9,accepted,200.0,200.0,0.0,False
P::J3784,J3784,J3784,exact_normalized_queue_id,1.0,accepted,200.0,200.0,0.0,False
P::J3785,J3785,J3785,exact_normalized_queue_id,1.0,accepted,200.0,200.0,0.0,False
P::J3786,J3786,J3786,exact_normalized_queue_id,1.0,accepted,200.0,200.0,0.0,False
P::J3787,J3787,J3787,exact_normalized_queue_id,1.0,accepted,247.0,247.0,0.0,False
P::J3788,J3788,J3788,exact_normalized_queue_id,1.0,accepted,100.0,100.0,0.0,False
P::J3789,J3789,J3789,exact_normalized_queue_id,0.9,accepted,77.0,77.0,0.0,False
P::J3790,J3790,J3790,exact_normalized_queue_id,1.0,accepted,120.0,120.0,0.0,False
P::J3791,J3791,J3791,exact_normalized_queue_id,1.0,accepted,50.0,50.0,0.0,False
P::J3792,J3792,J3792,exact_normalized_queue_id,1.0,accepted,125.0,125.0,0.0,False
P::J3793,J3793,J3793,exact_normalized_queue_id,1.0,accepted,100.0,100.0,0.0,False
P::J3794,J3794,J3794,exact_normalized_queue_id,0.9,accepted,50.0,50.0,0.0,False
P::J3795,J3795,J3795,exact_normalized_queue_id,0.9,accepted,91.0,91.0,0.0,False
P::J3796,J3796,J3796,exact_normalized_queue_id,1.0,accepted,770.0,770.0,0.0,False
P::J3797,J3797,J3797,exact_normalized_queue_id,1.0,accepted,141.23,141.23,0.0,False
P::J3798,J3798,J3798,exact_normalized_queue_id,1.0,accepted,320.0,320.0,0.0,False
P::J3799,J3799,J3799,exact_normalized_queue_id,1.0,accepted,1452.0,1452.0,0.0,False
P::J3800,J3800,J3800,exact_normalized_queue_id,1.0,accepted,1.8,1.8,0.0,False
P::J3801,J3801,J3801,exact_normalized_queue_id,1.0,accepted,195.64,195.64,0.0,False
P::J3802,J3802,J3802,exact_normalized_queue_id,1.0,accepted,300.0,300.0,0.0,False
P::J3803,J3803,J3803,exact_normalized_queue_id,1.0,accepted,200.0,200.0,0.0,False
P::J3804,J3804,J3804,exact_normalized_queue_id,1.0,accepted,100.0,100.0,0.0,False
P::J3805,J3805,J3805,exact_normalized_queue_id,1.0,accepted,250.0,250.0,0.0,False
P::J3806,J3806,J3806,exact_normalized_queue_id,1.0,accepted,100.0,100.0,0.0,False
P::J3807,J3807,J3807,exact_normalized_queue_id,1.0,accepted,100.0,100.0,0.0,False
P::J3808,J3808,J3808,exact_normalized_queue_id,1.0,accepted,300.0,300.0,0.0,False
P::J3809,J3809,J3809,exact_normalized_queue_id,1.0,accepted,199.99,199.99,0.0,False
P::J3810,J3810,J3810,exact_normalized_queue_id,1.0,accepted,300.0,300.0,0.0,False
P::J3811,J3811,J3811,exact_normalized_queue_id,1.0,accepted,200.0,200.0,0.0,False
P::J3812,J3812,J3812,exact_normalized_queue_id,1.0,accepted,158.59,158.59,0.0,False
P::J3813,J3813,J3813,exact_normalized_queue_id,1.0,accepted,100.0,100.0,0.0,False
P::J3814,J3814,J3814,exact_normalized_queue_id,1.0,accepted,135.0,135.0,0.0,False
P::J3815,J3815,J3815,exact_normalized_queue_id,1.0,accepted,153.1,153.1,0.0,False
P::J3816,J3816,J3816,exact_normalized_queue_id,1.0,accepted,100.0,100.0,0.0,False
P::J3817,J3817,J3817,exact_normalized_queue_id,1.0,accepted,175.0,175.0,0.0,False
P::J3818,J3818,J3818,exact_normalized_queue_id,1.0,accepted,40.0,40.0,0.0,False
P::J3819,J3819,J3819,exact_normalized_queue_id,1.0,accepted,36.1,36.1,0.0,False
P::J3820,J3820,J3820,exact_normalized_queue_id,1.0,accepted,127.0,127.0,0.0,False
P::J3821,J3821,J3821,exact_normalized_queue_id,0.9,accepted,175.0,175.0,0.0,False
P::J3822,J3822,J3822,exact_normalized_queue_id,1.0,accepted,139.58,139.58,0.0,False
P::J3823,J3823,J3823,exact_normalized_queue_id,1.0,accepted,300.0,300.0,0.0,False
P::J3824,J3824,J3824,exact_normalized_queue_id,1.0,accepted,250.0,250.0,0.0,False
P::J3825,J3825,J3825,exact_normalized_queue_id,1.0,accepted,770.0,770.0,0.0,False
P::J3826,J3826,J3826,exact_normalized_queue_id,1.0,accepted,198.0,198.0,0.0,False
P::J3827,J3827,J3827,exact_normalized_queue_id,1.0,accepted,160.0,160.0,0.0,False
P::J3828,J3828,J3828,exact_normalized_queue_id,1.0,accepted,100.0,100.0,0.0,False
P::J3829,J3829,J3829,exact_normalized_queue_id,1.0,accepted,770.0,770.0,0.0,False
P::J3830,J3830,J3830,exact_normalized_queue_id,1.0,accepted,225.0,225.0,0.0,False
P::J3831,J3831,J3831,exact_normalized_queue_id,0.9,accepted,240.0,240.0,0.0,False
P::J3832,J3832,J3832,exact_normalized_queue_id,1.0,accepted,200.0,200.0,0.0,False
P::J3833,J3833,J3833,exact_normalized_queue_id,1.0,accepted,200.0,200.0,0.0,False
P::J3834,J3834,J3834,exact_normalized_queue_id,1.0,accepted,300.0,300.0,0.0,False
P::J3835,J3835,J3835,exact_normalized_queue_id,1.0,accepted,130.0,130.0,0.0,False
P::J3836,J3836,J3836,exact_normalized_queue_id,1.0,accepted,250.0,250.0,0.0,False
P::J3837,J3837,J3837,exact_normalized_queue_id,1.0,accepted,200.0,200.0,0.0,False
P::J3838,J3838,J3838,exact_normalized_queue_id,1.0,accepted,225.0,225.0,0.0,False
P::J3839,J3839,J3839,exact_normalized_queue_id,0.9,accepted,50.0,50.0,0.0,False
P::J3840,J3840,J3840,exact_normalized_queue_id,1.0,accepted,300.0,300.0,0.0,False
P::J3841,J3841,J3841,exact_normalized_queue_id,1.0,accepted,770.0,770.0,0.0,False
P::J3842,J3842,J3842,exact_normalized_queue_id,1.0,accepted,770.0,770.0,0.0,False
P::J3843,J3843,J3843,exact_normalized_queue_id,1.0,accepted,300.0,300.0,0.0,False
P::J3844,J3844,J3844,exact_normalized_queue_id,1.0,accepted,150.0,150.0,0.0,False
P::J3845,J3845,J3845,exact_normalized_queue_id,1.0,accepted,250.0,250.0,0.0,False
P::J3846,J3846,J3846,exact_normalized_queue_id,0.98,accepted,275.0,220.0,55.0,True
P::J3847,J3847,J3847,exact_normalized_queue_id,1.0,accepted,200.0,200.0,0.0,False
P::J3848,J3848,J3848,exact_normalized_queue_id,1.0,accepted,250.0,250.0,0.0,False
P::J3849,J3849,J3849,exact_normalized_queue_id,1.0,accepted,200.0,200.0,0.0,False
P::J3850,J3850,J3850,exact_normalized_queue_id,1.0,accepted,150.0,150.0,0.0,False
P::J3851,J3851,J3851,exact_normalized_queue_id,1.0,accepted,200.0,200.0,0.0,False
P::J3852,J3852,J3852,exact_normalized_queue_id,1.0,accepted,200.0,200.0,0.0,False
P::J3853,J3853,J3853,exact_normalized_queue_id,1.0,accepted,300.0,300.0,0.0,False
P::J3854,J3854,J3854,exact_normalized_queue_id,1.0,accepted,44.33,44.33,0.0,False
P::J3855,J3855,J3855,exact_normalized_queue_id,1.0,accepted,197.5,197.5,0.0,False
P::J3856,J3856,J3856,exact_normalized_queue_id,1.0,accepted,235.0,235.0,0.0,False
P::J3857,J3857,J3857,exact_normalized_queue_id,1.0,accepted,105.0,105.0,0.0,False
P::J3858,J3858,J3858,exact_normalized_queue_id,1.0,accepted,110.0,110.0,0.0,False
P::J3859,J3859,J3859,exact_normalized_queue_id,1.0,accepted,200.0,200.0,0.0,False
P::J3860,J3860,J3860,exact_normalized_queue_id,1.0,accepted,500.0,500.0,0.0,False
P::J3861,J3861,J3861,exact_normalized_queue_id,1.0,accepted,100.0,100.0,0.0,False
P::J3862,J3862,J3862,exact_normalized_queue_id,1.0,accepted,250.0,250.0,0.0,False
P::J3863,J3863,J3863,exact_normalized_queue_id,1.0,accepted,200.0,200.0,0.0,False
P::J3864,J3864,J3864,exact_normalized_queue_id,1.0,accepted,230.0,230.0,0.0,False
P::J3865,J3865,J3865,exact_normalized_queue_id,1.0,accepted,250.0,250.0,0.0,False
P::J3866,J3866,J3866,exact_normalized_queue_id,1.0,accepted,300.0,300.0,0.0,False
P::J3867,J3867,J3867,exact_normalized_queue_id,1.0,accepted,200.0,200.0,0.0,False
P::J3868,J3868,J3868,exact_normalized_queue_id,1.0,accepted,100.0,100.0,0.0,False
P::J3869,J3869,J3869,exact_normalized_queue_id,1.0,accepted,150.0,150.0,0.0,False
P::J3870,J3870,J3870,exact_normalized_queue_id,1.0,accepted,87.0,87.0,0.0,False
P::J3871,J3871,J3871,exact_normalized_queue_id,1.0,accepted,770.0,770.0,0.0,False
P::J3872,J3872,J3872,exact_normalized_queue_id,1.0,accepted,350.0,350.0,0.0,False
P::J3873,J3873,J3873,exact_normalized_queue_id,1.0,accepted,200.0,200.0,0.0,False
P::J3874,J3874,J3874,exact_normalized_queue_id,0.95,accepted,770.0,770.0,0.0,False
P::J3875,J3875,J3875,exact_normalized_queue_id,1.0,accepted,50.0,50.0,0.0,False
P::J3876,J3876,J3876,exact_normalized_queue_id,1.0,accepted,150.0,150.0,0.0,False
P::J3877,J3877,J3877,exact_normalized_queue_id,1.0,accepted,160.0,160.0,0.0,False
P::J3878,J3878,J3878,exact_normalized_queue_id,1.0,accepted,300.0,300.0,0.0,False
P::J3879,J3879,J3879,exact_normalized_queue_id,0.9,accepted,200.0,200.0,0.0,False
P::J3880,J3880,J3880,exact_normalized_queue_id,1.0,accepted,200.0,200.0,0.0,False
P::J3881,J3881,J3881,exact_normalized_queue_id,1.0,accepted,200.0,200.0,0.0,False
P::J3882,J3882,J3882,exact_normalized_queue_id,1.0,accepted,250.0,250.0,0.0,False
P::J3883,J3883,J3883,exact_normalized_queue_id,1.0,accepted,250.0,250.0,0.0,False
P::J3884,J3884,J3884,exact_normalized_queue_id,1.0,accepted,300.0,300.0,0.0,False
P::J3885,J3885,J3885,exact_normalized_queue_id,1.0,accepted,200.0,200.0,0.0,False
P::J3886,J3886,J3886,exact_normalized_queue_id,1.0,accepted,300.0,300.0,0.0,False
P::J3887,J3887,J3887,exact_normalized_queue_id,1.0,accepted,300.0,300.0,0.0,False
P::J3888,J3888,J3888,exact_normalized_queue_id,1.0,accepted,150.0,150.0,0.0,False
P::J3889,J3889,J3889,exact_normalized_queue_id,1.0,accepted,350.0,350.0,0.0,False
P::J3891,J3891,J3891,exact_normalized_queue_id,1.0,accepted,200.0,200.0,0.0,False
P::J3892,J3892,J3892,exact_normalized_queue_id,1.0,accepted,50.0,50.0,0.0,False
P::J3893,J3893,J3893,exact_normalized_queue_id,1.0,accepted,214.0,214.0,0.0,False
P::J3894,J3894,J3894,exact_normalized_queue_id,1.0,accepted,250.0,250.0,0.0,False
P::J3895,J3895,J3895,exact_normalized_queue_id,1.0,accepted,199.72,199.72,0.0,False
P::J3896,J3896,J3896,exact_normalized_queue_id,1.0,accepted,70.0,70.0,0.0,False
P::J3897,J3897,J3897,exact_normalized_queue_id,1.0,accepted,60.0,60.0,0.0,False
P::J3898,J3898,J3898,exact_normalized_queue_id,1.0,accepted,155.0,155.0,0.0,False
P::J3899,J3899,J3899,exact_normalized_queue_id,1.0,accepted,100.0,100.0,0.0,False
P::J3900,J3900,J3900,exact_normalized_queue_id,1.0,accepted,163.0,163.0,0.0,False
P::J3901,J3901,J3901,exact_normalized_queue_id,1.0,accepted,300.0,300.0,0.0,False
P::J3902,J3902,J3902,exact_normalized_queue_id,1.0,accepted,288.5,288.5,0.0,False
P::J3903,J3903,J3903,exact_normalized_queue_id,1.0,accepted,185.0,185.0,0.0,False
P::J3904,J3904,J3904,exact_normalized_queue_id,1.0,accepted,175.0,175.0,0.0,False
P::J3905,J3905,J3905,exact_normalized_queue_id,1.0,accepted,175.0,175.0,0.0,False
P::J3906,J3906,J3906,exact_normalized_queue_id,0.9,accepted,140.0,140.0,0.0,False
P::J3907,J3907,J3907,exact_normalized_queue_id,0.9,accepted,200.0,200.0,0.0,False
P::J3908,J3908,J3908,exact_normalized_queue_id,1.0,accepted,196.0,196.0,0.0,False
P::J3909,J3909,J3909,exact_normalized_queue_id,0.9,accepted,175.0,175.0,0.0,False
P::J3910,J3910,J3910,exact_normalized_queue_id,0.9,accepted,300.0,300.0,0.0,False
P::J3911,J3911,J3911,exact_normalized_queue_id,1.0,accepted,250.0,250.0,0.0,False
P::J3912,J3912,J3912,exact_normalized_queue_id,1.0,accepted,150.0,150.0,0.0,False
P::J3913,J3913,J3913,exact_normalized_queue_id,1.0,accepted,140.0,140.0,0.0,False
P::J3914,J3914,J3914,exact_normalized_queue_id,1.0,accepted,85.0,85.0,0.0,False
P::J3915,J3915,J3915,exact_normalized_queue_id,1.0,accepted,125.0,125.0,0.0,False
P::J3916,J3916,J3916,exact_normalized_queue_id,1.0,accepted,100.0,100.0,0.0,False
P::J3917,J3917,J3917,exact_normalized_queue_id,1.0,accepted,100.0,100.0,0.0,False
P::J3918,J3918,J3918,exact_normalized_queue_id,1.0,accepted,138.38,138.38,0.0,False
P::J3919,J3919,J3919,exact_normalized_queue_id,1.0,accepted,200.0,200.0,0.0,False
P::J3920,J3920,J3920,exact_normalized_queue_id,1.0,accepted,300.0,300.0,0.0,False
P::J3921,J3921,J3921,exact_normalized_queue_id,1.0,accepted,150.0,150.0,0.0,False
P::J3922,J3922,J3922,exact_normalized_queue_id,1.0,accepted,1445.0,1445.0,0.0,False
P::J3923,J3923,J3923,exact_normalized_queue_id,1.0,accepted,1414.0,1414.0,0.0,False
P::J3924,J3924,J3924,exact_normalized_queue_id,1.0,accepted,80.0,80.0,0.0,False
P::J3925,J3925,J3925,exact_normalized_queue_id,1.0,accepted,70.0,70.0,0.0,False
P::J3926,J3926,J3926,exact_normalized_queue_id,1.0,accepted,170.0,170.0,0.0,False
P::J3927,J3927,J3927,exact_normalized_queue_id,1.0,accepted,150.0,150.0,0.0,False
P::J3928,J3928,J3928,exact_normalized_queue_id,1.0,accepted,200.0,200.0,0.0,False
P::J3929,J3929,J3929,exact_normalized_queue_id,1.0,accepted,250.0,250.0,0.0,False
P::J3930,J3930,J3930,exact_normalized_queue_id,1.0,accepted,120.0,120.0,0.0,False
P::J3931,J3931,J3931,exact_normalized_queue_id,1.0,accepted,500.0,500.0,0.0,False
P::J3932,J3932,J3932,exact_normalized_queue_id,1.0,accepted,646.0,646.0,0.0,False
P::J3933,J3933,J3933,exact_normalized_queue_id,1.0,accepted,200.0,200.0,0.0,False
P::J3934,J3934,J3934,exact_normalized_queue_id,1.0,accepted,250.0,250.0,0.0,False
P::J3935,J3935,J3935,exact_normalized_queue_id,0.9769,accepted,1267.9,975.4,292.5000000000001,True
P::J3936,J3936,J3936,exact_normalized_queue_id,0.9995,accepted,132.3,133.0,-0.6999999999999886,False
P::J3937,J3937,J3937,exact_normalized_queue_id,1.0,accepted,500.0,500.0,0.0,False
P::J3938,J3938,J3938,exact_normalized_queue_id,1.0,accepted,123.0,123.0,0.0,False
P::J3939,J3939,J3939,exact_normalized_queue_id,1.0,accepted,386.0,386.0,0.0,False
P::J3940,J3940,J3940,exact_normalized_queue_id,1.0,accepted,214.0,214.0,0.0,False
P::J3941,J3941,J3941,exact_normalized_queue_id,1.0,accepted,1144.0,1144.0,0.0,False
P::J3942,J3942,J3942,exact_normalized_queue_id,1.0,accepted,365.0,365.0,0.0,False
P::J3943,J3943,J3943,exact_normalized_queue_id,1.0,accepted,337.0,337.0,0.0,False
P::J3944,J3944,J3944,exact_normalized_queue_id,1.0,accepted,200.0,200.0,0.0,False
P::J3945,J3945,J3945,exact_normalized_queue_id,1.0,accepted,245.0,245.0,0.0,False
P::J3946,J3946,J3946,exact_normalized_queue_id,1.0,accepted,300.0,300.0,0.0,False
P::J3947,J3947,J3947,exact_normalized_queue_id,1.0,accepted,200.0,200.0,0.0,False
P::J3948,J3948,J3948,exact_normalized_queue_id,1.0,accepted,200.0,200.0,0.0,False
P::J3949,J3949,J3949,exact_normalized_queue_id,1.0,accepted,245.0,245.0,0.0,False
P::J3950,J3950,J3950,exact_normalized_queue_id,1.0,accepted,340.0,340.0,0.0,False
P::J3951,J3951,J3951,exact_normalized_queue_id,1.0,accepted,218.0,218.0,0.0,False
P::J3952,J3952,J3952,exact_normalized_queue_id,1.0,accepted,395.0,395.0,0.0,False
P::J3953,J3953,J3953,exact_normalized_queue_id,1.0,accepted,90.0,90.0,0.0,False
P::J3954,J3954,J3954,exact_normalized_queue_id,1.0,accepted,250.0,250.0,0.0,False
P::J3955,J3955,J3955,exact_normalized_queue_id,1.0,accepted,200.0,200.0,0.0,False
P::J3956,J3956,J3956,exact_normalized_queue_id,1.0,accepted,240.0,240.0,0.0,False
P::J3957,J3957,J3957,exact_normalized_queue_id,1.0,accepted,300.0,300.0,0.0,False
P::J3958,J3958,J3958,exact_normalized_queue_id,1.0,accepted,300.0,300.0,0.0,False
P::J3959,J3959,J3959,exact_normalized_queue_id,1.0,accepted,200.0,200.0,0.0,False
P::J3960,J3960,J3960,exact_normalized_queue_id,1.0,accepted,300.0,300.0,0.0,False
P::J3961,J3961,J3961,exact_normalized_queue_id,1.0,accepted,245.0,245.0,0.0,False
P::J3962,J3962,J3962,exact_normalized_queue_id,0.9,accepted,165.0,165.0,0.0,False
P::J3963,J3963,J3963,exact_normalized_queue_id,1.0,accepted,490.0,490.0,0.0,False
P::J3964,J3964,J3964,exact_normalized_queue_id,1.0,accepted,490.0,490.0,0.0,False
P::J3965,J3965,J3965,exact_normalized_queue_id,1.0,accepted,401.8,401.8,0.0,False
P::J3966,J3966,J3966,exact_normalized_queue_id,0.9663,accepted,480.0,318.0,162.0,True
P::J3967,J3967,J3967,exact_normalized_queue_id,1.0,accepted,170.0,170.0,0.0,False
P::J3968,J3968,J3968,exact_normalized_queue_id,1.0,accepted,100.0,100.0,0.0,False
P::J3969,J3969,J3969,exact_normalized_queue_id,1.0,accepted,196.0,196.0,0.0,False
P::J3970,J3970,J3970,exact_normalized_queue_id,1.0,accepted,70.0,70.0,0.0,False
P::J3971,J3971,J3971,exact_normalized_queue_id,1.0,accepted,255.0,255.0,0.0,False
P::J3972,J3972,J3972,exact_normalized_queue_id,1.0,accepted,200.0,200.0,0.0,False
P::J3973,J3973,J3973,exact_normalized_queue_id,1.0,accepted,100.0,100.0,0.0,False
P::J3974,J3974,J3974,exact_normalized_queue_id,1.0,accepted,200.0,200.0,0.0,False
P::J3975,J3975,J3975,exact_normalized_queue_id,1.0,accepted,416.5,416.5,0.0,False
P::J3976,J3976,J3976,exact_normalized_queue_id,1.0,accepted,66.8,66.8,0.0,False
P::J3977,J3977,J3977,exact_normalized_queue_id,1.0,accepted,250.0,250.0,0.0,False
P::J3978,J3978,J3978,exact_normalized_queue_id,0.9,accepted,200.0,200.0,0.0,False
P::J3979,J3979,J3979,exact_normalized_queue_id,0.9,accepted,200.0,200.0,0.0,False
P::J3980,J3980,J3980,exact_normalized_queue_id,0.9,accepted,200.0,200.0,0.0,False
P::J3981,J3981,J3981,exact_normalized_queue_id,0.9,accepted,200.0,200.0,0.0,False
P::J3982,J3982,J3982,exact_normalized_queue_id,1.0,accepted,319.5,319.5,0.0,False
P::J3983,J3983,J3983,exact_normalized_queue_id,0.9,accepted,100.0,100.0,0.0,False
P::J3984,J3984,J3984,exact_normalized_queue_id,0.9,accepted,200.0,200.0,0.0,False
P::J3985,J3985,J3985,exact_normalized_queue_id,0.9,accepted,240.0,240.0,0.0,False
P::J3986,J3986,J3986,exact_normalized_queue_id,1.0,accepted,270.0,270.0,0.0,False
P::J3987,J3987,J3987,exact_normalized_queue_id,1.0,accepted,165.0,165.0,0.0,False
P::J3988,J3988,J3988,exact_normalized_queue_id,1.0,accepted,85.0,85.0,0.0,False
P::J3989,J3989,J3989,exact_normalized_queue_id,1.0,accepted,200.0,200.0,0.0,False
P::J3990,J3990,J3990,exact_normalized_queue_id,1.0,accepted,100.0,100.0,0.0,False
P::J3991,J3991,J3991,exact_normalized_queue_id,1.0,accepted,340.0,340.0,0.0,False
P::J3992,J3992,J3992,exact_normalized_queue_id,1.0,accepted,400.0,400.0,0.0,False
P::J3993,J3993,J3993,exact_normalized_queue_id,1.0,accepted,21.44,21.44,0.0,False
P::J3994,J3994,J3994,exact_normalized_queue_id,1.0,accepted,360.0,360.0,0.0,False
P::J3995,J3995,J3995,exact_normalized_queue_id,1.0,accepted,300.0,300.0,0.0,False
P::J3996,J3996,J3996,exact_normalized_queue_id,1.0,accepted,2220.0,2220.0,0.0,False
P::J3997,J3997,J3997,exact_normalized_queue_id,1.0,accepted,200.0,200.0,0.0,False
P::J3998,J3998,J3998,exact_normalized_queue_id,1.0,accepted,450.0,450.0,0.0,False
P::J3999,J3999,J3999,exact_normalized_queue_id,1.0,accepted,1540.0,1540.0,0.0,False
P::J4000,J4000,J4000,exact_normalized_queue_id,1.0,accepted,343.0,343.0,0.0,False
P::J4001,J4001,J4001,exact_normalized_queue_id,1.0,accepted,245.0,245.0,0.0,False
P::J4002,J4002,J4002,exact_normalized_queue_id,1.0,accepted,200.0,200.0,0.0,False
P::J4003,J4003,J4003,exact_normalized_queue_id,1.0,accepted,200.0,200.0,0.0,False
P::J4004,J4004,J4004,exact_normalized_queue_id,1.0,accepted,392.0,392.0,0.0,False
P::J4005,J4005,J4005,exact_normalized_queue_id,1.0,accepted,500.0,500.0,0.0,False
P::J4006,J4006,J4006,exact_normalized_queue_id,1.0,accepted,289.8,289.8,0.0,False
P::J4007,J4007,J4007,exact_normalized_queue_id,1.0,accepted,150.0,150.0,0.0,False
P::J4008,J4008,J4008,exact_normalized_queue_id,1.0,accepted,150.0,150.0,0.0,False
P::J4009,J4009,J4009,exact_normalized_queue_id,1.0,accepted,80.0,80.0,0.0,False
P::J4010,J4010,J4010,exact_normalized_queue_id,1.0,accepted,21.0,21.0,0.0,False
P::J4011,J4011,J4011,exact_normalized_queue_id,0.9,accepted,200.0,200.0,0.0,False
P::J4012,J4012,J4012,exact_normalized_queue_id,0.9,accepted,300.0,300.0,0.0,False
P::J4014,J4014,J4014,exact_normalized_queue_id,0.954,accepted,1203.0,650.0,553.0,True
P::J4015,J4015,J4015,exact_normalized_queue_id,1.0,accepted,136.0,136.0,0.0,False
P::J4016,J4016,J4016,exact_normalized_queue_id,1.0,accepted,300.0,300.0,0.0,False
P::J4017,J4017,J4017,exact_normalized_queue_id,1.0,accepted,299.0,299.0,0.0,False
P::J4018,J4018,J4018,exact_normalized_queue_id,1.0,accepted,250.0,250.0,0.0,False
P::J4019,J4019,J4019,exact_normalized_queue_id,1.0,accepted,200.0,200.0,0.0,False
P::J4020,J4020,J4020,exact_normalized_queue_id,1.0,accepted,481.0,481.0,0.0,False
P::J4021,J4021,J4021,exact_normalized_queue_id,1.0,accepted,470.0,470.0,0.0,False
P::J4022,J4022,J4022,exact_normalized_queue_id,1.0,accepted,1509.0,1509.0,0.0,False
P::J4023,J4023,J4023,exact_normalized_queue_id,1.0,accepted,185.0,185.0,0.0,False
P::J4024,J4024,J4024,exact_normalized_queue_id,1.0,accepted,1499.0,1499.0,0.0,False
P::J4025,J4025,J4025,exact_normalized_queue_id,1.0,accepted,1499.0,1499.0,0.0,False
P::J4026,J4026,J4026,exact_normalized_queue_id,1.0,accepted,250.0,250.0,0.0,False
P::J4027,J4027,J4027,exact_normalized_queue_id,1.0,accepted,250.0,250.0,0.0,False
P::J4028,J4028,J4028,exact_normalized_queue_id,1.0,accepted,324.0,324.0,0.0,False
P::J4029,J4029,J4029,exact_normalized_queue_id,0.9,accepted,85.0,85.0,0.0,False
P::J4030,J4030,J4030,exact_normalized_queue_id,1.0,accepted,200.0,200.0,0.0,False
P::J4031,J4031,J4031,exact_normalized_queue_id,1.0,accepted,245.0,245.0,0.0,False
P::J4032,J4032,J4032,exact_normalized_queue_id,1.0,accepted,442.0,442.0,0.0,False
P::J4033,J4033,J4033,exact_normalized_queue_id,1.0,accepted,156.8,156.8,0.0,False
P::J4034,J4034,J4034,exact_normalized_queue_id,1.0,accepted,70.0,70.0,0.0,False
P::J4035,J4035,J4035,exact_normalized_queue_id,1.0,accepted,113.0,113.0,0.0,False
P::J4036,J4036,J4036,exact_normalized_queue_id,1.0,accepted,160.0,160.0,0.0,False
P::J4037,J4037,J4037,exact_normalized_queue_id,1.0,accepted,100.0,100.0,0.0,False
P::J4038,J4038,J4038,exact_normalized_queue_id,0.9,accepted,80.0,80.0,0.0,False
P::J4039,J4039,J4039,exact_normalized_queue_id,1.0,accepted,200.0,200.0,0.0,False
P::J4040,J4040,J4040,exact_normalized_queue_id,1.0,accepted,735.0,735.0,0.0,False
P::J4041,J4041,J4041,exact_normalized_queue_id,1.0,accepted,220.0,220.0,0.0,False
P::J4043,J4043,J4043,exact_normalized_queue_id,1.0,accepted,178.0,178.0,0.0,False
P::J4044,J4044,J4044,exact_normalized_queue_id,1.0,accepted,190.0,190.0,0.0,False
P::J4046,J4046,J4046,exact_normalized_queue_id,1.0,accepted,100.0,100.0,0.0,False
P::J4047,J4047,J4047,exact_normalized_queue_id,1.0,accepted,160.0,160.0,0.0,False
P::J4048,J4048,J4048,exact_normalized_queue_id,1.0,accepted,110.0,110.0,0.0,False
P::J4049,J4049,J4049,exact_normalized_queue_id,1.0,accepted,75.0,75.0,0.0,False
P::J4050,J4050,J4050,exact_normalized_queue_id,1.0,accepted,220.0,220.0,0.0,False
P::J4051,J4051,J4051,exact_normalized_queue_id,1.0,accepted,220.0,220.0,0.0,False
P::J4052,J4052,J4052,exact_normalized_queue_id,1.0,accepted,100.0,100.0,0.0,False
P::J4053,J4053,J4053,exact_normalized_queue_id,1.0,accepted,200.0,200.0,0.0,False
P::J4054,J4054,J4054,exact_normalized_queue_id,1.0,accepted,146.0,146.0,0.0,False
P::J4055,J4055,J4055,exact_normalized_queue_id,1.0,accepted,198.0,198.0,0.0,False
P::J4056,J4056,J4056,exact_normalized_queue_id,1.0,accepted,310.0,310.0,0.0,False
P::J4057,J4057,J4057,exact_normalized_queue_id,1.0,accepted,127.4,127.4,0.0,False
P::J4058,J4058,J4058,exact_normalized_queue_id,1.0,accepted,250.0,250.0,0.0,False
P::J4059,J4059,J4059,exact_normalized_queue_id,1.0,accepted,129.0,129.0,0.0,False
P::J4060,J4060,J4060,exact_normalized_queue_id,1.0,accepted,129.0,129.0,0.0,False
P::J4061,J4061,J4061,exact_normalized_queue_id,1.0,accepted,150.0,150.0,0.0,False
P::J4063,J4063,J4063,exact_normalized_queue_id,1.0,accepted,300.0,300.0,0.0,False
P::J4064,J4064,J4064,exact_normalized_queue_id,1.0,accepted,200.0,200.0,0.0,False
P::J4065,J4065,J4065,exact_normalized_queue_id,1.0,accepted,200.0,200.0,0.0,False
P::J4066,J4066,J4066,exact_normalized_queue_id,1.0,accepted,250.0,250.0,0.0,False
P::J4067,J4067,J4067,exact_normalized_queue_id,1.0,accepted,180.0,180.0,0.0,False
P::J4068,J4068,J4068,exact_normalized_queue_id,1.0,accepted,232.0,232.0,0.0,False
P::J4069,J4069,J4069,exact_normalized_queue_id,1.0,accepted,169.93,169.93,0.0,False
P::J4070,J4070,J4070,exact_normalized_queue_id,1.0,accepted,40.0,40.0,0.0,False
P::J4071,J4071,J4071,exact_normalized_queue_id,1.0,accepted,1500.0,1500.0,0.0,False
P::J4072,J4072,J4072,exact_normalized_queue_id,1.0,accepted,500.0,500.0,0.0,False
P::J4073,J4073,J4073,exact_normalized_queue_id,1.0,accepted,200.0,200.0,0.0,False
P::J4074,J4074,J4074,exact_normalized_queue_id,1.0,accepted,300.0,300.0,0.0,False
P::J4075,J4075,J4075,exact_normalized_queue_id,1.0,accepted,300.0,300.0,0.0,False
P::J4076,J4076,J4076,exact_normalized_queue_id,1.0,accepted,400.0,400.0,0.0,False
P::J4077,J4077,J4077,exact_normalized_queue_id,1.0,accepted,45.0,45.0,0.0,False
P::J4078,J4078,J4078,exact_normalized_queue_id,1.0,accepted,500.0,500.0,0.0,False
P::J4079,J4079,J4079,exact_normalized_queue_id,1.0,accepted,150.0,150.0,0.0,False
P::J4080,J4080,J4080,exact_normalized_queue_id,1.0,accepted,250.0,250.0,0.0,False
P::J4081,J4081,J4081,exact_normalized_queue_id,1.0,accepted,250.0,250.0,0.0,False
P::J4082,J4082,J4082,exact_normalized_queue_id,1.0,accepted,500.0,500.0,0.0,False
P::J4083,J4083,J4083,exact_normalized_queue_id,1.0,accepted,150.0,150.0,0.0,False
P::J4085,J4085,J4085,exact_normalized_queue_id,1.0,accepted,42.0,42.0,0.0,False
P::J4086,J4086,J4086,exact_normalized_queue_id,1.0,accepted,120.0,120.0,0.0,False
P::J4087,J4087,J4087,exact_normalized_queue_id,1.0,accepted,183.0,183.0,0.0,False
P::J4088,J4088,J4088,exact_normalized_queue_id,0.9,accepted,340.0,340.0,0.0,False
P::J4089,J4089,J4089,exact_normalized_queue_id,1.0,accepted,250.0,250.0,0.0,False
P::J4090,J4090,J4090,exact_normalized_queue_id,1.0,accepted,200.0,200.0,0.0,False
P::J4091,J4091,J4091,exact_normalized_queue_id,1.0,accepted,295.0,295.0,0.0,False
P::J4092,J4092,J4092,exact_normalized_queue_id,1.0,accepted,200.0,200.0,0.0,False
P::J4093,J4093,J4093,exact_normalized_queue_id,1.0,accepted,400.0,400.0,0.0,False
P::J4094,J4094,J4094,exact_normalized_queue_id,1.0,accepted,300.0,300.0,0.0,False
P::J4095,J4095,J4095,exact_normalized_queue_id,1.0,accepted,300.0,300.0,0.0,False
P::J4096,J4096,J4096,exact_normalized_queue_id,1.0,accepted,120.0,120.0,0.0,False
P::J4097,J4097,J4097,exact_normalized_queue_id,1.0,accepted,71.5,71.5,0.0,False
P::J4098,J4098,J4098,exact_normalized_queue_id,1.0,accepted,300.0,300.0,0.0,False
P::J4099,J4099,J4099,exact_normalized_queue_id,1.0,accepted,200.0,200.0,0.0,False
P::J4100,J4100,J4100,exact_normalized_queue_id,1.0,accepted,500.0,500.0,0.0,False
P::J4101,J4101,J4101,exact_normalized_queue_id,1.0,accepted,71.0,71.0,0.0,False
P::J4102,J4102,J4102,exact_normalized_queue_id,1.0,accepted,539.0,539.0,0.0,False
P::J4103,J4103,J4103,exact_normalized_queue_id,1.0,accepted,150.0,150.0,0.0,False
P::J4104,J4104,J4104,exact_normalized_queue_id,1.0,accepted,250.0,250.0,0.0,False
P::J4105,J4105,J4105,exact_normalized_queue_id,0.85,accepted,500.0,250.0,250.0,True
P::J4106,J4106,J4106,exact_normalized_queue_id,0.85,accepted,500.0,250.0,250.0,True
P::J4107,J4107,J4107,exact_normalized_queue_id,1.0,accepted,150.0,150.0,0.0,False
P::J4108,J4108,J4108,exact_normalized_queue_id,1.0,accepted,150.0,150.0,0.0,False
P::J4109,J4109,J4109,exact_normalized_queue_id,1.0,accepted,1300.0,1300.0,0.0,False
P::J4110,J4110,J4110,exact_normalized_queue_id,1.0,accepted,400.0,400.0,0.0,False
P::J4111,J4111,J4111,exact_normalized_queue_id,1.0,accepted,650.0,650.0,0.0,False
P::J4112,J4112,J4112,exact_normalized_queue_id,1.0,accepted,300.0,300.0,0.0,False
P::J4113,J4113,J4113,exact_normalized_queue_id,0.9599,accepted,1315.0,787.4,527.6,True
P::J4114,J4114,J4114,exact_normalized_queue_id,1.0,accepted,525.0,525.0,0.0,False
P::J4115,J4115,J4115,exact_normalized_queue_id,1.0,accepted,525.0,525.0,0.0,False
P::J4116,J4116,J4116,exact_normalized_queue_id,1.0,accepted,950.0,950.0,0.0,False
P::J4117,J4117,J4117,exact_normalized_queue_id,1.0,accepted,240.0,240.0,0.0,False
P::J4118,J4118,J4118,exact_normalized_queue_id,1.0,accepted,250.0,250.0,0.0,False
P::J4119,J4119,J4119,exact_normalized_queue_id,1.0,accepted,200.0,200.0,0.0,False
P::J4120,J4120,J4120,exact_normalized_queue_id,1.0,accepted,200.0,200.0,0.0,False
P::J4121,J4121,J4121,exact_normalized_queue_id,1.0,accepted,300.0,300.0,0.0,False
P::J4122,J4122,J4122,exact_normalized_queue_id,1.0,accepted,150.0,150.0,0.0,False
P::J4123,J4123,J4123,exact_normalized_queue_id,1.0,accepted,200.0,200.0,0.0,False
P::J4124,J4124,J4124,exact_normalized_queue_id,1.0,accepted,100.0,100.0,0.0,False
P::J4125,J4125,J4125,exact_normalized_queue_id,1.0,accepted,50.0,50.0,0.0,False
P::J4126,J4126,J4126,exact_normalized_queue_id,1.0,accepted,112.0,112.0,0.0,False
P::J4127,J4127,J4127,exact_normalized_queue_id,1.0,accepted,100.0,100.0,0.0,False
P::J4128,J4128,J4128,exact_normalized_queue_id,1.0,accepted,100.0,100.0,0.0,False
P::J4129,J4129,J4129,exact_normalized_queue_id,1.0,accepted,200.0,200.0,0.0,False
P::J4130,J4130,J4130,exact_normalized_queue_id,1.0,accepted,110.0,110.0,0.0,False
P::J4131,J4131,J4131,exact_normalized_queue_id,1.0,accepted,100.0,100.0,0.0,False
P::J4132,J4132,J4132,exact_normalized_queue_id,1.0,accepted,303.8,303.8,0.0,False
P::J4133,J4133,J4133,exact_normalized_queue_id,1.0,accepted,756.0,756.0,0.0,False
P::J4134,J4134,J4134,exact_normalized_queue_id,0.9,accepted,200.0,200.0,0.0,False
P::J4135,J4135,J4135,exact_normalized_queue_id,1.0,accepted,450.0,450.0,0.0,False
P::J4136,J4136,J4136,exact_normalized_queue_id,1.0,accepted,250.0,250.0,0.0,False
P::J4137,J4137,J4137,exact_normalized_queue_id,1.0,accepted,200.0,200.0,0.0,False
P::J4138,J4138,J4138,exact_normalized_queue_id,1.0,accepted,805.0,805.0,0.0,False
P::J4139,J4139,J4139,exact_normalized_queue_id,0.9,accepted,115.0,115.0,0.0,False
P::J4140,J4140,J4140,exact_normalized_queue_id,1.0,accepted,100.0,100.0,0.0,False
P::J4141,J4141,J4141,exact_normalized_queue_id,1.0,accepted,650.0,650.0,0.0,False
P::J4142,J4142,J4142,exact_normalized_queue_id,1.0,accepted,115.0,115.0,0.0,False
P::J4143,J4143,J4143,exact_normalized_queue_id,1.0,accepted,150.0,150.0,0.0,False
P::J4144,J4144,J4144,exact_normalized_queue_id,1.0,accepted,525.0,525.0,0.0,False
P::J4145,J4145,J4145,exact_normalized_queue_id,1.0,accepted,98.0,98.0,0.0,False
P::J4147,J4147,J4147,exact_normalized_queue_id,1.0,accepted,245.0,245.0,0.0,False
P::J4148,J4148,J4148,exact_normalized_queue_id,1.0,accepted,245.0,245.0,0.0,False
P::J4149,J4149,J4149,exact_normalized_queue_id,1.0,accepted,150.0,150.0,0.0,False
P::J4150,J4150,J4150,exact_normalized_queue_id,1.0,accepted,42.24,42.24,0.0,False
P::J4151,J4151,J4151,exact_normalized_queue_id,1.0,accepted,225.0,225.0,0.0,False
P::J4152,J4152,J4152,exact_normalized_queue_id,1.0,accepted,250.0,250.0,0.0,False
P::J4153,J4153,J4153,exact_normalized_queue_id,1.0,accepted,250.0,250.0,0.0,False
P::J4154,J4154,J4154,exact_normalized_queue_id,1.0,accepted,200.0,200.0,0.0,False
P::J4155,J4155,J4155,exact_normalized_queue_id,1.0,accepted,195.0,195.0,0.0,False
P::J4156,J4156,J4156,exact_normalized_queue_id,1.0,accepted,93.0,93.0,0.0,False
P::J4157,J4157,J4157,exact_normalized_queue_id,1.0,accepted,150.0,150.0,0.0,False
P::J4158,J4158,J4158,exact_normalized_queue_id,1.0,accepted,100.0,100.0,0.0,False
P::J4159,J4159,J4159,exact_normalized_queue_id,1.0,accepted,664.0,664.0,0.0,False
P::J4160,J4160,J4160,exact_normalized_queue_id,0.9129,accepted,425.0,55.0,370.0,True
P::J4161,J4161,J4161,exact_normalized_queue_id,1.0,accepted,1000.0,1000.0,0.0,False
P::J4162,J4162,J4162,exact_normalized_queue_id,1.0,accepted,300.0,300.0,0.0,False
P::J4164,J4164,J4164,exact_normalized_queue_id,1.0,accepted,1203.0,1203.0,0.0,False
P::J4165,J4165,J4165,exact_normalized_queue_id,1.0,accepted,1203.0,1203.0,0.0,False
P::J4166,J4166,J4166,exact_normalized_queue_id,1.0,accepted,710.0,710.0,0.0,False
P::J4167,J4167,J4167,exact_normalized_queue_id,1.0,accepted,250.0,250.0,0.0,False
P::J4168,J4168,J4168,exact_normalized_queue_id,1.0,accepted,330.0,330.0,0.0,False
P::J4169,J4169,J4169,exact_normalized_queue_id,1.0,accepted,5.99,5.99,0.0,False
P::J4170,J4170,J4170,exact_normalized_queue_id,0.9,accepted,172.0,172.0,0.0,False
P::J4171,J4171,J4171,exact_normalized_queue_id,1.0,accepted,300.0,300.0,0.0,False
P::J4172,J4172,J4172,exact_normalized_queue_id,1.0,accepted,99.0,99.0,0.0,False
P::J4173,J4173,J4173,exact_normalized_queue_id,1.0,accepted,199.0,199.0,0.0,False
P::J4174,J4174,J4174,exact_normalized_queue_id,1.0,accepted,140.0,140.0,0.0,False
P::J4176,J4176,J4176,exact_normalized_queue_id,0.6,accepted_weak_attrs,1750.0,1750.0,0.0,False
P::J418,J418,J418,exact_normalized_queue_id,1.0,accepted,100.0,100.0,0.0,False
P::J4183,J4183,J4183,exact_normalized_queue_id,0.6,accepted_weak_attrs,99.9,99.9,0.0,False
P::J4188,J4188,J4188,exact_normalized_queue_id,1.0,accepted,140.0,140.0,0.0,False
P::J4189,J4189,J4189,exact_normalized_queue_id,1.0,accepted,200.0,200.0,0.0,False
P::J4190,J4190,J4190,exact_normalized_queue_id,1.0,accepted,707.0,707.0,0.0,False
P::J4191,J4191,J4191,exact_normalized_queue_id,1.0,accepted,805.0,805.0,0.0,False
P::J4192,J4192,J4192,exact_normalized_queue_id,1.0,accepted,200.0,200.0,0.0,False
P::J4193,J4193,J4193,exact_normalized_queue_id,1.0,accepted,200.0,200.0,0.0,False
P::J4194,J4194,J4194,exact_normalized_queue_id,1.0,accepted,500.0,500.0,0.0,False
P::J4195,J4195,J4195,exact_normalized_queue_id,1.0,accepted,300.0,300.0,0.0,False
P::J4196,J4196,J4196,exact_normalized_queue_id,1.0,accepted,300.0,300.0,0.0,False
P::J4197,J4197,J4197,exact_normalized_queue_id,0.9,accepted,200.0,200.0,0.0,False
P::J4198,J4198,J4198,exact_normalized_queue_id,1.0,accepted,250.0,250.0,0.0,False
P::J4199,J4199,J4199,exact_normalized_queue_id,1.0,accepted,200.0,200.0,0.0,False
P::J4200,J4200,J4200,exact_normalized_queue_id,1.0,accepted,16.0,16.0,0.0,False
P::J4201,J4201,J4201,exact_normalized_queue_id,0.9,accepted,250.0,250.0,0.0,False
P::J4203,J4203,J4203,exact_normalized_queue_id,1.0,accepted,350.0,350.0,0.0,False
P::J4204,J4204,J4204,exact_normalized_queue_id,0.85,accepted,200.0,200.0,0.0,False
P::J441,J441,J441,exact_normalized_queue_id,1.0,accepted,170.0,170.0,0.0,False
P::J444,J444,J444,exact_normalized_queue_id,1.0,accepted,235.0,235.0,0.0,False
P::J446,J446,J446,exact_normalized_queue_id,0.6,accepted_weak_attrs,200.0,0.0,200.0,True
P::J447,J447,J447,exact_normalized_queue_id,1.0,accepted,150.0,150.0,0.0,False
P::J458,J458,J458,exact_normalized_queue_id,1.0,accepted,200.0,200.0,0.0,False
P::J467,J467,J467,exact_normalized_queue_id,1.0,accepted,102.0,102.0,0.0,False
P::J478,J478,J478,exact_normalized_queue_id,1.0,accepted,200.0,200.0,0.0,False
P::J502,J502,J502,exact_normalized_queue_id,1.0,accepted,100.0,100.0,0.0,False
P::J508,J508,J508,exact_normalized_queue_id,1.0,accepted,42.7,42.7,0.0,False
P::J522,J522,J522,exact_normalized_queue_id,1.0,accepted,20.0,20.0,0.0,False
P::J544,J544,J544,exact_normalized_queue_id,0.6,accepted_weak_attrs,98.0,0.0,98.0,True
P::J545,J545,J545,exact_normalized_queue_id,1.0,accepted,110.0,110.0,0.0,False
P::J556,J556,J556,exact_normalized_queue_id,1.0,accepted,102.0,102.0,0.0,False
P::J570,J570,J570,exact_normalized_queue_id,1.0,accepted,150.0,150.0,0.0,False
P::J579,J579,J579,exact_normalized_queue_id,1.0,accepted,200.0,200.0,0.0,False
P::J580,J580,J580,exact_normalized_queue_id,1.0,accepted,298.0,298.0,0.0,False
P::J584,J584,J584,exact_normalized_queue_id,1.0,accepted,60.0,60.0,0.0,False
P::J625,J625,J625,exact_normalized_queue_id,1.0,accepted,400.0,400.0,0.0,False
P::J628,J628,J628,exact_normalized_queue_id,1.0,accepted,400.0,400.0,0.0,False
P::J632,J632,J632,exact_normalized_queue_id,1.0,accepted,200.0,200.0,0.0,False
P::J635,J635,J635,exact_normalized_queue_id,1.0,accepted,35.0,35.0,0.0,False
P::J636,J636,J636,exact_normalized_queue_id,0.9,accepted,52.0,52.0,0.0,False
P::J639,J639,J639,exact_normalized_queue_id,1.0,accepted,50.0,50.0,0.0,False
P::J640,J640,J640,exact_normalized_queue_id,1.0,accepted,50.0,50.0,0.0,False
P::J646,J646,J646,exact_normalized_queue_id,0.9,accepted,1.6,1.6,0.0,False
P::J647,J647,J647,exact_normalized_queue_id,1.0,accepted,147.4,147.4,0.0,False
P::J657,J657,J657,exact_normalized_queue_id,1.0,accepted,100.8,100.8,0.0,False
P::J658,J658,J658,exact_normalized_queue_id,1.0,accepted,100.05,100.05,0.0,False
P::J659,J659,J659,exact_normalized_queue_id,1.0,accepted,50.0,50.0,0.0,False
P::J662,J662,J662,exact_normalized_queue_id,1.0,accepted,100.05,100.05,0.0,False
P::J663,J663,J663,exact_normalized_queue_id,1.0,accepted,100.0,100.0,0.0,False
P::J679,J679,J679,exact_normalized_queue_id,1.0,accepted,100.0,100.0,0.0,False
P::J680,J680,J680,exact_normalized_queue_id,1.0,accepted,100.0,100.0,0.0,False
P::J683,J683,J683,exact_normalized_queue_id,1.0,accepted,50.0,50.0,0.0,False
P::J687,J687,J687,exact_normalized_queue_id,1.0,accepted,20.0,20.0,0.0,False
P::J697,J697,J697,exact_normalized_queue_id,1.0,accepted,150.0,150.0,0.0,False
P::J698,J698,J698,exact_normalized_queue_id,1.0,accepted,150.0,150.0,0.0,False
P::J701,J701,J701,exact_normalized_queue_id,1.0,accepted,49.0,49.0,0.0,False
P::J703,J703,J703,exact_normalized_queue_id,1.0,accepted,128.1,128.1,0.0,False
P::J704,J704,J704,exact_normalized_queue_id,1.0,accepted,54.9,54.9,0.0,False
P::J705,J705,J705,exact_normalized_queue_id,1.0,accepted,100.0,100.0,0.0,False
P::J706,J706,J706,exact_normalized_queue_id,1.0,accepted,100.0,100.0,0.0,False
P::J707,J707,J707,exact_normalized_queue_id,1.0,accepted,300.0,300.0,0.0,False
P::J708,J708,J708,exact_normalized_queue_id,0.9,accepted,847.0,847.0,0.0,False
P::J709,J709,J709,exact_normalized_queue_id,1.0,accepted,100.0,100.0,0.0,False
P::J710,J710,J710,exact_normalized_queue_id,1.0,accepted,20.0,20.0,0.0,False
P::J711,J711,J711,exact_normalized_queue_id,1.0,accepted,130.0,130.0,0.0,False
P::J712,J712,J712,exact_normalized_queue_id,1.0,accepted,200.0,200.0,0.0,False
P::J713,J713,J713,exact_normalized_queue_id,1.0,accepted,300.0,300.0,0.0,False
P::J714,J714,J714,exact_normalized_queue_id,1.0,accepted,200.0,200.0,0.0,False
P::J715,J715,J715,exact_normalized_queue_id,1.0,accepted,100.0,100.0,0.0,False
P::J717,J717,J717,exact_normalized_queue_id,1.0,accepted,200.1,200.1,0.0,False
P::J718,J718,J718,exact_normalized_queue_id,1.0,accepted,49.98,49.98,0.0,False
P::J720,J720,J720,exact_normalized_queue_id,1.0,accepted,200.0,200.0,0.0,False
P::J721,J721,J721,exact_normalized_queue_id,1.0,accepted,200.0,200.0,0.0,False
P::J722,J722,J722,exact_normalized_queue_id,1.0,accepted,200.0,200.0,0.0,False
P::J725,J725,J725,exact_normalized_queue_id,1.0,accepted,200.0,200.0,0.0,False
P::J726,J726,J726,exact_normalized_queue_id,1.0,accepted,200.0,200.0,0.0,False
P::J728,J728,J728,exact_normalized_queue_id,1.0,accepted,200.1,200.1,0.0,False
P::J731,J731,J731,exact_normalized_queue_id,1.0,accepted,200.0,200.0,0.0,False
P::J732,J732,J732,exact_normalized_queue_id,0.9,accepted,561.5,561.5,0.0,False
P::J733,J733,J733,exact_normalized_queue_id,1.0,accepted,200.0,200.0,0.0,False
P::J734,J734,J734,exact_normalized_queue_id,1.0,accepted,57.1,57.1,0.0,False
P::J739,J739,J739,exact_normalized_queue_id,1.0,accepted,200.0,200.0,0.0,False
P::J740,J740,J740,exact_normalized_queue_id,1.0,accepted,200.0,200.0,0.0,False
P::J741,J741,J741,exact_normalized_queue_id,1.0,accepted,51.0,51.0,0.0,False
P::J743,J743,J743,exact_normalized_queue_id,1.0,accepted,200.0,200.0,0.0,False
P::J745,J745,J745,exact_normalized_queue_id,1.0,accepted,100.0,100.0,0.0,False
P::J746,J746,J746,exact_normalized_queue_id,1.0,accepted,200.0,200.0,0.0,False
P::J747,J747,J747,exact_normalized_queue_id,1.0,accepted,200.0,200.0,0.0,False
P::J748,J748,J748,exact_normalized_queue_id,1.0,accepted,200.0,200.0,0.0,False
P::J749,J749,J749,exact_normalized_queue_id,1.0,accepted,20.0,20.0,0.0,False
P::J750,J750,J750,exact_normalized_queue_id,1.0,accepted,150.0,150.0,0.0,False
P::J752,J752,J752,exact_normalized_queue_id,1.0,accepted,100.0,100.0,0.0,False
P::J753,J753,J753,exact_normalized_queue_id,1.0,accepted,100.0,100.0,0.0,False
P::J754,J754,J754,exact_normalized_queue_id,1.0,accepted,303.6,303.6,0.0,False
P::J756,J756,J756,exact_normalized_queue_id,1.0,accepted,202.4,202.4,0.0,False
P::J757,J757,J757,exact_normalized_queue_id,1.0,accepted,303.6,303.6,0.0,False
P::J758,J758,J758,exact_normalized_queue_id,1.0,accepted,200.0,200.0,0.0,False
P::J759,J759,J759,exact_normalized_queue_id,1.0,accepted,70.0,70.0,0.0,False
P::J760,J760,J760,exact_normalized_queue_id,1.0,accepted,30.0,30.0,0.0,False
P::J761,J761,J761,exact_normalized_queue_id,1.0,accepted,200.0,200.0,0.0,False
P::J762,J762,J762,exact_normalized_queue_id,1.0,accepted,200.0,200.0,0.0,False
P::J766,J766,J766,exact_normalized_queue_id,1.0,accepted,3.84,3.84,0.0,False
P::J767,J767,J767,exact_normalized_queue_id,1.0,accepted,12.0,12.0,0.0,False
P::J768,J768,J768,exact_normalized_queue_id,1.0,accepted,12.0,12.0,0.0,False
P::J769,J769,J769,exact_normalized_queue_id,1.0,accepted,33.0,33.0,0.0,False
P::J770,J770,J770,exact_normalized_queue_id,1.0,accepted,90.0,90.0,0.0,False
P::J771,J771,J771,exact_normalized_queue_id,1.0,accepted,50.0,50.0,0.0,False
P::J776,J776,J776,exact_normalized_queue_id,1.0,accepted,99.0,99.0,0.0,False
P::J777,J777,J777,exact_normalized_queue_id,1.0,accepted,99.0,99.0,0.0,False
P::J779,J779,J779,exact_normalized_queue_id,1.0,accepted,51.0,51.0,0.0,False
P::J780,J780,J780,exact_normalized_queue_id,1.0,accepted,200.0,200.0,0.0,False
P::J782,J782,J782,exact_normalized_queue_id,1.0,accepted,100.0,100.0,0.0,False
P::J783,J783,J783,exact_normalized_queue_id,1.0,accepted,70.0,70.0,0.0,False
P::J785,J785,J785,exact_normalized_queue_id,1.0,accepted,105.0,105.0,0.0,False
P::J793,J793,J793,exact_normalized_queue_id,0.9,accepted,1175.0,1175.0,0.0,False
P::J794,J794,J794,exact_normalized_queue_id,1.0,accepted,12.5,12.5,0.0,False
P::J795,J795,J795,exact_normalized_queue_id,1.0,accepted,69.0,69.0,0.0,False
P::J796,J796,J796,exact_normalized_queue_id,1.0,accepted,239.0,239.0,0.0,False
P::J797,J797,J797,exact_normalized_queue_id,1.0,accepted,70.0,70.0,0.0,False
P::J798,J798,J798,exact_normalized_queue_id,1.0,accepted,124.0,124.0,0.0,False
P::J799,J799,J799,exact_normalized_queue_id,1.0,accepted,189.0,189.0,0.0,False
P::J800,J800,J800,exact_normalized_queue_id,1.0,accepted,250.0,250.0,0.0,False
P::J801,J801,J801,exact_normalized_queue_id,1.0,accepted,74.0,74.0,0.0,False
P::J802,J802,J802,exact_normalized_queue_id,0.9,accepted,1244.0,1244.0,0.0,False
P::J803,J803,J803,exact_normalized_queue_id,1.0,accepted,32.5,32.5,0.0,False
P::J804,J804,J804,exact_normalized_queue_id,1.0,accepted,119.0,119.0,0.0,False
P::J805,J805,J805,exact_normalized_queue_id,1.0,accepted,199.0,199.0,0.0,False
P::J806,J806,J806,exact_normalized_queue_id,1.0,accepted,149.0,149.0,0.0,False
P::J807,J807,J807,exact_normalized_queue_id,1.0,accepted,41.4,41.4,0.0,False
P::J808,J808,J808,exact_normalized_queue_id,1.0,accepted,99.0,99.0,0.0,False
P::J809,J809,J809,exact_normalized_queue_id,1.0,accepted,99.0,99.0,0.0,False
P::J810,J810,J810,exact_normalized_queue_id,1.0,accepted,145.5,145.5,0.0,False
P::J811,J811,J811,exact_normalized_queue_id,1.0,accepted,99.0,99.0,0.0,False
P::J812,J812,J812,exact_normalized_queue_id,0.9,accepted,1217.0,1217.0,0.0,False
P::J813,J813,J813,exact_normalized_queue_id,1.0,accepted,275.0,275.0,0.0,False
P::J814,J814,J814,exact_normalized_queue_id,1.0,accepted,99.9,99.9,0.0,False
P::J815,J815,J815,exact_normalized_queue_id,1.0,accepted,250.0,250.0,0.0,False
P::J816,J816,J816,exact_normalized_queue_id,1.0,accepted,60.0,60.0,0.0,False
P::J817,J817,J817,exact_normalized_queue_id,1.0,accepted,139.0,139.0,0.0,False
P::J818,J818,J818,exact_normalized_queue_id,1.0,accepted,149.0,149.0,0.0,False
P::J819,J819,J819,exact_normalized_queue_id,1.0,accepted,99.9,99.9,0.0,False
P::J820,J820,J820,exact_normalized_queue_id,1.0,accepted,100.05,100.05,0.0,False
P::J821,J821,J821,exact_normalized_queue_id,1.0,accepted,99.9,99.9,0.0,False
P::J822,J822,J822,exact_normalized_queue_id,1.0,accepted,100.0,100.0,0.0,False
P::J823,J823,J823,exact_normalized_queue_id,1.0,accepted,50.0,50.0,0.0,False
P::J824,J824,J824,exact_normalized_queue_id,1.0,accepted,245.0,245.0,0.0,False
P::J825,J825,J825,exact_normalized_queue_id,1.0,accepted,99.9,99.9,0.0,False
P::J826,J826,J826,exact_normalized_queue_id,1.0,accepted,100.0,100.0,0.0,False
P::J827,J827,J827,exact_normalized_queue_id,1.0,accepted,300.0,300.0,0.0,False
P::J828,J828,J828,exact_normalized_queue_id,1.0,accepted,151.8,151.8,0.0,False
P::J829,J829,J829,exact_normalized_queue_id,1.0,accepted,250.0,250.0,0.0,False
P::J830,J830,J830,exact_normalized_queue_id,1.0,accepted,100.0,100.0,0.0,False
P::J831,J831,J831,exact_normalized_queue_id,0.9,accepted,48.0,48.0,0.0,False
P::J832,J832,J832,exact_normalized_queue_id,1.0,accepted,100.0,100.0,0.0,False
P::J833,J833,J833,exact_normalized_queue_id,1.0,accepted,100.0,100.0,0.0,False
P::J834,J834,J834,exact_normalized_queue_id,1.0,accepted,100.0,100.0,0.0,False
P::J835,J835,J835,exact_normalized_queue_id,1.0,accepted,200.0,200.0,0.0,False
P::J836,J836,J836,exact_normalized_queue_id,1.0,accepted,200.0,200.0,0.0,False
P::J837,J837,J837,exact_normalized_queue_id,1.0,accepted,200.1,200.1,0.0,False
P::J838,J838,J838,exact_normalized_queue_id,1.0,accepted,200.1,200.1,0.0,False
P::J839,J839,J839,exact_normalized_queue_id,1.0,accepted,100.0,100.0,0.0,False
P::J840,J840,J840,exact_normalized_queue_id,1.0,accepted,150.0,150.0,0.0,False
P::J841,J841,J841,exact_normalized_queue_id,0.9,accepted,725.0,725.0,0.0,False
P::J842,J842,J842,exact_normalized_queue_id,1.0,accepted,200.0,200.0,0.0,False
P::J843,J843,J843,exact_normalized_queue_id,1.0,accepted,200.0,200.0,0.0,False
P::J844,J844,J844,exact_normalized_queue_id,1.0,accepted,300.0,300.0,0.0,False
P::J845,J845,J845,exact_normalized_queue_id,1.0,accepted,120.0,120.0,0.0,False
P::J846,J846,J846,exact_normalized_queue_id,1.0,accepted,140.0,140.0,0.0,False
P::J847,J847,J847,exact_normalized_queue_id,1.0,accepted,90.0,90.0,0.0,False
P::J848,J848,J848,exact_normalized_queue_id,1.0,accepted,250.0,250.0,0.0,False
P::J849,J849,J849,exact_normalized_queue_id,1.0,accepted,125.0,125.0,0.0,False
P::J850,J850,J850,exact_normalized_queue_id,1.0,accepted,250.0,250.0,0.0,False
P::J851,J851,J851,exact_normalized_queue_id,1.0,accepted,50.0,50.0,0.0,False
P::J852,J852,J852,exact_normalized_queue_id,1.0,accepted,100.0,100.0,0.0,False
P::J853,J853,J853,exact_normalized_queue_id,1.0,accepted,149.0,149.0,0.0,False
P::J854,J854,J854,exact_normalized_queue_id,1.0,accepted,30.0,30.0,0.0,False
P::J855,J855,J855,exact_normalized_queue_id,1.0,accepted,100.0,100.0,0.0,False
P::J856,J856,J856,exact_normalized_queue_id,1.0,accepted,80.0,80.0,0.0,False
P::J857,J857,J857,exact_normalized_queue_id,1.0,accepted,124.95,124.95,0.0,False
P::J858,J858,J858,exact_normalized_queue_id,1.0,accepted,140.0,140.0,0.0,False
P::J859,J859,J859,exact_normalized_queue_id,1.0,accepted,149.94,149.94,0.0,False
P::J860,J860,J860,exact_normalized_queue_id,1.0,accepted,200.0,200.0,0.0,False
P::J861,J861,J861,exact_normalized_queue_id,1.0,accepted,99.96,99.96,0.0,False
P::J862,J862,J862,exact_normalized_queue_id,1.0,accepted,20.0,20.0,0.0,False
P::J863,J863,J863,exact_normalized_queue_id,1.0,accepted,220.0,220.0,0.0,False
P::J864,J864,J864,exact_normalized_queue_id,1.0,accepted,49.98,49.98,0.0,False
P::J865,J865,J865,exact_normalized_queue_id,1.0,accepted,79.97,79.97,0.0,False
P::J866,J866,J866,exact_normalized_queue_id,1.0,accepted,200.0,200.0,0.0,False
P::J867,J867,J867,exact_normalized_queue_id,1.0,accepted,200.0,200.0,0.0,False
P::J868,J868,J868,exact_normalized_queue_id,0.9,accepted,37.2,37.2,0.0,False
P::J869,J869,J869,exact_normalized_queue_id,1.0,accepted,49.98,49.98,0.0,False
P::J870,J870,J870,exact_normalized_queue_id,1.0,accepted,200.0,200.0,0.0,False
P::J871,J871,J871,exact_normalized_queue_id,1.0,accepted,100.0,100.0,0.0,False
P::J872,J872,J872,exact_normalized_queue_id,1.0,accepted,200.0,200.0,0.0,False
P::J873,J873,J873,exact_normalized_queue_id,1.0,accepted,200.0,200.0,0.0,False
P::J874,J874,J874,exact_normalized_queue_id,1.0,accepted,150.0,150.0,0.0,False
P::J875,J875,J875,exact_normalized_queue_id,1.0,accepted,150.0,150.0,0.0,False
P::J876,J876,J876,exact_normalized_queue_id,1.0,accepted,200.0,200.0,0.0,False
P::J877,J877,J877,exact_normalized_queue_id,1.0,accepted,250.0,250.0,0.0,False
P::J878,J878,J878,exact_normalized_queue_id,1.0,accepted,200.0,200.0,0.0,False
P::J879,J879,J879,exact_normalized_queue_id,1.0,accepted,70.0,70.0,0.0,False
P::J880,J880,J880,exact_normalized_queue_id,1.0,accepted,150.0,150.0,0.0,False
P::J881,J881,J881,exact_normalized_queue_id,1.0,accepted,45.0,45.0,0.0,False
P::J882,J882,J882,exact_normalized_queue_id,1.0,accepted,15.0,15.0,0.0,False
P::J883,J883,J883,exact_normalized_queue_id,1.0,accepted,80.0,80.0,0.0,False
P::J884,J884,J884,exact_normalized_queue_id,1.0,accepted,100.0,100.0,0.0,False
P::J885,J885,J885,exact_normalized_queue_id,1.0,accepted,64.0,64.0,0.0,False
P::J886,J886,J886,exact_normalized_queue_id,1.0,accepted,150.0,150.0,0.0,False
P::J887,J887,J887,exact_normalized_queue_id,1.0,accepted,75.0,75.0,0.0,False
P::J888,J888,J888,exact_normalized_queue_id,1.0,accepted,25.0,25.0,0.0,False
P::J889,J889,J889,exact_normalized_queue_id,1.0,accepted,150.0,150.0,0.0,False
P::J890,J890,J890,exact_normalized_queue_id,1.0,accepted,100.0,100.0,0.0,False
P::J891,J891,J891,exact_normalized_queue_id,1.0,accepted,300.0,300.0,0.0,False
P::J892,J892,J892,exact_normalized_queue_id,1.0,accepted,74.97,74.97,0.0,False
P::J893,J893,J893,exact_normalized_queue_id,1.0,accepted,100.0,100.0,0.0,False
P::J894,J894,J894,exact_normalized_queue_id,1.0,accepted,45.0,45.0,0.0,False
P::J895,J895,J895,exact_normalized_queue_id,1.0,accepted,33.0,33.0,0.0,False
P::J896,J896,J896,exact_normalized_queue_id,1.0,accepted,150.0,150.0,0.0,False
P::J897,J897,J897,exact_normalized_queue_id,1.0,accepted,190.0,190.0,0.0,False
P::J898,J898,J898,exact_normalized_queue_id,1.0,accepted,100.0,100.0,0.0,False
P::J899,J899,J899,exact_normalized_queue_id,1.0,accepted,180.0,180.0,0.0,False
P::J900,J900,J900,exact_normalized_queue_id,1.0,accepted,200.0,200.0,0.0,False
P::J901,J901,J901,exact_normalized_queue_id,1.0,accepted,200.0,200.0,0.0,False
P::J902,J902,J902,exact_normalized_queue_id,1.0,accepted,99.96,99.96,0.0,False
P::J903,J903,J903,exact_normalized_queue_id,1.0,accepted,100.0,100.0,0.0,False
P::J904,J904,J904,exact_normalized_queue_id,1.0,accepted,100.0,100.0,0.0,False
P::J905,J905,J905,exact_normalized_queue_id,1.0,accepted,40.0,40.0,0.0,False
P::J906,J906,J906,exact_normalized_queue_id,1.0,accepted,100.0,100.0,0.0,False
P::J907,J907,J907,exact_normalized_queue_id,1.0,accepted,200.0,200.0,0.0,False
P::J908,J908,J908,exact_normalized_queue_id,1.0,accepted,100.0,100.0,0.0,False
P::J909,J909,J909,exact_normalized_queue_id,1.0,accepted,100.0,100.0,0.0,False
P::J910,J910,J910,exact_normalized_queue_id,1.0,accepted,150.0,150.0,0.0,False
P::J911,J911,J911,exact_normalized_queue_id,1.0,accepted,150.0,150.0,0.0,False
P::J912,J912,J912,exact_normalized_queue_id,1.0,accepted,100.0,100.0,0.0,False
P::J913,J913,J913,exact_normalized_queue_id,1.0,accepted,200.0,200.0,0.0,False
P::J914,J914,J914,exact_normalized_queue_id,1.0,accepted,30.0,30.0,0.0,False
P::J915,J915,J915,exact_normalized_queue_id,1.0,accepted,100.0,100.0,0.0,False
P::J916,J916,J916,exact_normalized_queue_id,1.0,accepted,2.0,2.0,0.0,False
P::J917,J917,J917,exact_normalized_queue_id,1.0,accepted,78.0,78.0,0.0,False
P::J919,J919,J919,exact_normalized_queue_id,1.0,accepted,180.0,180.0,0.0,False
P::J920,J920,J920,exact_normalized_queue_id,1.0,accepted,100.0,100.0,0.0,False
P::J921,J921,J921,exact_normalized_queue_id,1.0,accepted,146.7,146.7,0.0,False
P::J922,J922,J922,exact_normalized_queue_id,1.0,accepted,100.0,100.0,0.0,False
P::J923,J923,J923,exact_normalized_queue_id,1.0,accepted,50.0,50.0,0.0,False
P::J924,J924,J924,exact_normalized_queue_id,1.0,accepted,50.0,50.0,0.0,False
P::J925,J925,J925,exact_normalized_queue_id,1.0,accepted,50.0,50.0,0.0,False
P::J926,J926,J926,exact_normalized_queue_id,1.0,accepted,101.28,101.28,0.0,False
P::J927,J927,J927,exact_normalized_queue_id,1.0,accepted,100.0,100.0,0.0,False
P::J928,J928,J928,exact_normalized_queue_id,1.0,accepted,79.99,79.99,0.0,False
P::J929,J929,J929,exact_normalized_queue_id,1.0,accepted,25.0,25.0,0.0,False
P::J930,J930,J930,exact_normalized_queue_id,1.0,accepted,38.0,38.0,0.0,False
P::J931,J931,J931,exact_normalized_queue_id,1.0,accepted,150.0,150.0,0.0,False
P::J932,J932,J932,exact_normalized_queue_id,1.0,accepted,100.0,100.0,0.0,False
P::J933,J933,J933,exact_normalized_queue_id,1.0,accepted,200.0,200.0,0.0,False
P::J934,J934,J934,exact_normalized_queue_id,1.0,accepted,200.0,200.0,0.0,False
P::J935,J935,J935,exact_normalized_queue_id,1.0,accepted,200.0,200.0,0.0,False
P::J936,J936,J936,exact_normalized_queue_id,0.9,accepted,535.0,535.0,0.0,False
P::J937,J937,J937,exact_normalized_queue_id,0.9,accepted,535.0,535.0,0.0,False
P::J938,J938,J938,exact_normalized_queue_id,1.0,accepted,50.0,50.0,0.0,False
P::J939,J939,J939,exact_normalized_queue_id,1.0,accepted,38.0,38.0,0.0,False
P::J940,J940,J940,exact_normalized_queue_id,1.0,accepted,100.0,100.0,0.0,False
P::J941,J941,J941,exact_normalized_queue_id,1.0,accepted,200.0,200.0,0.0,False
P::J942,J942,J942,exact_normalized_queue_id,1.0,accepted,107.0,107.0,0.0,False
P::J943,J943,J943,exact_normalized_queue_id,1.0,accepted,200.0,200.0,0.0,False
P::J944,J944,J944,exact_normalized_queue_id,1.0,accepted,200.0,200.0,0.0,False
P::J945,J945,J945,exact_normalized_queue_id,1.0,accepted,200.0,200.0,0.0,False
P::J946,J946,J946,exact_normalized_queue_id,1.0,accepted,200.0,200.0,0.0,False
P::J947,J947,J947,exact_normalized_queue_id,1.0,accepted,200.0,200.0,0.0,False
P::J948,J948,J948,exact_normalized_queue_id,1.0,accepted,100.0,100.0,0.0,False
P::J949,J949,J949,exact_normalized_queue_id,1.0,accepted,200.0,200.0,0.0,False
P::J951,J951,J951,exact_normalized_queue_id,1.0,accepted,80.0,80.0,0.0,False
P::J952,J952,J952,exact_normalized_queue_id,1.0,accepted,54.0,54.0,0.0,False
P::J953,J953,J953,exact_normalized_queue_id,1.0,accepted,2.0,2.0,0.0,False
P::J954,J954,J954,exact_normalized_queue_id,1.0,accepted,1.4,1.4,0.0,False
P::J955,J955,J955,exact_normalized_queue_id,1.0,accepted,1165.0,1165.0,0.0,False
P::J956,J956,J956,exact_normalized_queue_id,1.0,accepted,200.0,200.0,0.0,False
P::J957,J957,J957,exact_normalized_queue_id,1.0,accepted,800.0,800.0,0.0,False
P::J958,J958,J958,exact_normalized_queue_id,1.0,accepted,100.0,100.0,0.0,False
P::J959,J959,J959,exact_normalized_queue_id,1.0,accepted,150.0,150.0,0.0,False
P::J960,J960,J960,exact_normalized_queue_id,1.0,accepted,400.0,400.0,0.0,False
P::J961,J961,J961,exact_normalized_queue_id,1.0,accepted,150.0,150.0,0.0,False
P::J962,J962,J962,exact_normalized_queue_id,1.0,accepted,100.0,100.0,0.0,False
P::J963,J963,J963,exact_normalized_queue_id,1.0,accepted,9.0,9.0,0.0,False
P::J964,J964,J964,exact_normalized_queue_id,1.0,accepted,70.0,70.0,0.0,False
P::J965,J965,J965,exact_normalized_queue_id,1.0,accepted,150.0,150.0,0.0,False
P::J966,J966,J966,exact_normalized_queue_id,1.0,accepted,400.0,400.0,0.0,False
P::J967,J967,J967,exact_normalized_queue_id,1.0,accepted,150.0,150.0,0.0,False
P::J968,J968,J968,exact_normalized_queue_id,1.0,accepted,200.0,200.0,0.0,False
P::J969,J969,J969,exact_normalized_queue_id,1.0,accepted,100.0,100.0,0.0,False
P::J970,J970,J970,exact_normalized_queue_id,1.0,accepted,50.0,50.0,0.0,False
P::J971,J971,J971,exact_normalized_queue_id,1.0,accepted,250.0,250.0,0.0,False
P::J972,J972,J972,exact_normalized_queue_id,1.0,accepted,140.0,140.0,0.0,False
P::J973,J973,J973,exact_normalized_queue_id,1.0,accepted,250.0,250.0,0.0,False
P::J974,J974,J974,exact_normalized_queue_id,1.0,accepted,250.0,250.0,0.0,False
P::J975,J975,J975,exact_normalized_queue_id,1.0,accepted,150.0,150.0,0.0,False
P::J976,J976,J976,exact_normalized_queue_id,1.0,accepted,300.0,300.0,0.0,False
P::J977,J977,J977,exact_normalized_queue_id,1.0,accepted,300.0,300.0,0.0,False
P::J978,J978,J978,exact_normalized_queue_id,1.0,accepted,100.0,100.0,0.0,False
P::J979,J979,J979,exact_normalized_queue_id,1.0,accepted,200.0,200.0,0.0,False
P::J980,J980,J980,exact_normalized_queue_id,1.0,accepted,200.0,200.0,0.0,False
P::J981,J981,J981,exact_normalized_queue_id,1.0,accepted,200.0,200.0,0.0,False
P::J982,J982,J982,exact_normalized_queue_id,1.0,accepted,300.0,300.0,0.0,False
P::J983,J983,J983,exact_normalized_queue_id,1.0,accepted,100.0,100.0,0.0,False
P::J984,J984,J984,exact_normalized_queue_id,0.95,accepted,200.0,200.0,0.0,False
P::J985,J985,J985,exact_normalized_queue_id,1.0,accepted,120.0,120.0,0.0,False
P::J986,J986,J986,exact_normalized_queue_id,1.0,accepted,149.76,149.76,0.0,False
P::J987,J987,J987,exact_normalized_queue_id,1.0,accepted,100.0,100.0,0.0,False
P::J988,J988,J988,exact_normalized_queue_id,1.0,accepted,200.0,200.0,0.0,False
P::J989,J989,J989,exact_normalized_queue_id,1.0,accepted,80.0,80.0,0.0,False
P::J990,J990,J990,exact_normalized_queue_id,1.0,accepted,150.0,150.0,0.0,False
P::J991,J991,J991,exact_normalized_queue_id,1.0,accepted,200.0,200.0,0.0,False
P::J992,J992,J992,exact_normalized_queue_id,1.0,accepted,200.0,200.0,0.0,False
P::J993,J993,J993,exact_normalized_queue_id,1.0,accepted,200.0,200.0,0.0,False
P::J994,J994,J994,exact_normalized_queue_id,1.0,accepted,100.0,100.0,0.0,False
P::J995,J995,J995,exact_normalized_queue_id,1.0,accepted,100.0,100.0,0.0,False
P::J996,J996,J996,exact_normalized_queue_id,1.0,accepted,80.0,80.0,0.0,False
P::J997,J997,J997,exact_normalized_queue_id,1.0,accepted,200.0,200.0,0.0,False
P::J998,J998,J998,exact_normalized_queue_id,1.0,accepted,50.0,50.0,0.0,False
P::J999,J999,J999,exact_normalized_queue_id,1.0,accepted,100.0,100.0,0.0,False
P::R1000,R1000,R1000,exact_normalized_queue_id,0.8,accepted,103.1,103.1,0.0,False
P::R1001,R1001,R1001,exact_normalized_queue_id,0.8,accepted,49.9,49.9,0.0,False
P::R1002,R1002,R1002,exact_normalized_queue_id,0.8,accepted,11.4,11.4,0.0,False
P::R1003,R1003,R1003,exact_normalized_queue_id,0.8,accepted,1166.0,1166.0,0.0,False
P::R1004,R1004,R1004,exact_normalized_queue_id,0.8,accepted,330.0,330.0,0.0,False
P::R1005,R1005,R1005,exact_normalized_queue_id,0.8,accepted,49.0,49.0,0.0,False
P::R1006,R1006,R1006,exact_normalized_queue_id,0.8,accepted,350.0,350.0,0.0,False
P::R1007,R1007,R1007,exact_normalized_queue_id,0.8,accepted,60.0,60.0,0.0,False
P::R1011,R1011,R1011,exact_normalized_queue_id,0.8,accepted,250.0,250.0,0.0,False
P::R1012,R1012,R1012,exact_normalized_queue_id,0.8,accepted,640.0,640.0,0.0,False
P::R1015,R1015,R1015,exact_normalized_queue_id,0.8,accepted,423.1,423.1,0.0,False
P::R1016,R1016,R1016,exact_normalized_queue_id,0.8,accepted,124.4,124.4,0.0,False
P::R1018,R1018,R1018,exact_normalized_queue_id,0.8,accepted,280.0,280.0,0.0,False
P::R1019,R1019,R1019,exact_normalized_queue_id,0.8,accepted,212.0,212.0,0.0,False
P::R1029,R1029,R1029,exact_normalized_queue_id,0.8,accepted,37.0,37.0,0.0,False
P::R1033,R1033,R1033,exact_normalized_queue_id,0.8,accepted,100.0,100.0,0.0,False
P::R1036,R1036,R1036,exact_normalized_queue_id,0.8,accepted,710.0,710.0,0.0,False
P::R1037,R1037,R1037,exact_normalized_queue_id,0.8,accepted,180.0,180.0,0.0,False
P::R1038,R1038,R1038,exact_normalized_queue_id,0.8,accepted,100.0,100.0,0.0,False
P::R1039,R1039,R1039,exact_normalized_queue_id,0.8,accepted,49.0,49.0,0.0,False
P::R1040,R1040,R1040,exact_normalized_queue_id,0.8,accepted,749.0,749.0,0.0,False
P::R1041,R1041,R1041,exact_normalized_queue_id,0.8,accepted,220.0,220.0,0.0,False
P::R1042,R1042,R1042,exact_normalized_queue_id,0.8,accepted,64.0,64.0,0.0,False
P::R1043,R1043,R1043,exact_normalized_queue_id,0.8,accepted,31.0,31.0,0.0,False
P::R1044,R1044,R1044,exact_normalized_queue_id,0.8,accepted,1040.0,1040.0,0.0,False
P::R1045,R1045,R1045,exact_normalized_queue_id,0.8,accepted,237.0,237.0,0.0,False
P::R1046,R1046,R1046,exact_normalized_queue_id,0.8,accepted,150.0,150.0,0.0,False
P::R1047,R1047,R1047,exact_normalized_queue_id,0.8,accepted,824.0,824.0,0.0,False
P::R1048,R1048,R1048,exact_normalized_queue_id,0.8,accepted,1231.73,1231.73,0.0,False
P::R1049,R1049,R1049,exact_normalized_queue_id,0.8,accepted,303.5,303.5,0.0,False
P::R1050,R1050,R1050,exact_normalized_queue_id,0.8,accepted,135.5,135.5,0.0,False
P::R1051,R1051,R1051,exact_normalized_queue_id,0.9,accepted,55.0,55.0,0.0,False
P::R1052,R1052,R1052,exact_normalized_queue_id,0.75,accepted,615.0,615.0,0.0,False
P::R1053,R1053,R1053,exact_normalized_queue_id,1.0,accepted,1138.0,1138.0,0.0,False
P::R1054,R1054,R1054,exact_normalized_queue_id,0.8,accepted,261.0,261.0,0.0,False
P::R1055,R1055,R1055,exact_normalized_queue_id,0.8,accepted,322.0,322.0,0.0,False
P::R1056,R1056,R1056,exact_normalized_queue_id,0.8,accepted,184.71,184.71,0.0,False
P::R1059,R1059,R1059,exact_normalized_queue_id,0.75,accepted,98.8,98.8,0.0,False
P::R5062,R5062,R5062,exact_normalized_queue_id,0.9,accepted,732.73,732.73,0.0,False
P::R5063,R5063,R5063,exact_normalized_queue_id,0.9,accepted,170.0,170.0,0.0,False
P::R5064,R5064,R5064,exact_normalized_queue_id,1.0,accepted,150.0,150.0,0.0,False
P::R5065,R5065,R5065,exact_normalized_queue_id,1.0,accepted,130.0,130.0,0.0,False
P::R5066,R5066,R5066,exact_normalized_queue_id,1.0,accepted,20.2,20.2,0.0,False
P::R5067,R5067,R5067,exact_normalized_queue_id,1.0,accepted,100.0,100.0,0.0,False
P::R5069,R5069,R5069,exact_normalized_queue_id,1.0,accepted,200.0,200.0,0.0,False
P::R5070,R5070,R5070,exact_normalized_queue_id,1.0,accepted,64.0,64.0,0.0,False
P::R5071,R5071,R5071,exact_normalized_queue_id,1.0,accepted,251.0,251.0,0.0,False
P::R5072,R5072,R5072,exact_normalized_queue_id,1.0,accepted,100.0,100.0,0.0,False
P::S1000,S1000,S1000,exact_normalized_queue_id,0.75,accepted,10.0,10.0,0.0,False
P::S1001,S1001,S1001,exact_normalized_queue_id,0.75,accepted,7.5,7.5,0.0,False
P::S1002,S1002,S1002,exact_normalized_queue_id,0.75,accepted,70.0,70.0,0.0,False
P::S1003,S1003,S1003,exact_normalized_queue_id,0.8275,accepted,200.0,55.0,145.0,True
P::S1004,S1004,S1004,exact_normalized_queue_id,0.75,accepted,30.0,30.0,0.0,False
P::S1005,S1005,S1005,exact_normalized_queue_id,0.75,accepted,60.0,60.0,0.0,False
P::S1006,S1006,S1006,exact_normalized_queue_id,0.8,accepted,75.0,75.0,0.0,False
P::S1007,S1007,S1007,exact_normalized_queue_id,0.85,accepted,70.0,70.0,0.0,False
P::S1008,S1008,S1008,exact_normalized_queue_id,0.8,accepted,250.0,250.0,0.0,False
P::S1009,S1009,S1009,exact_normalized_queue_id,0.8,accepted,258.92,258.92,0.0,False
P::S1010,S1010,S1010,exact_normalized_queue_id,0.9,accepted,50.0,50.0,0.0,False
P::S1011,S1011,S1011,exact_normalized_queue_id,0.9,accepted,100.0,100.0,0.0,False
P::S1012,S1012,S1012,exact_normalized_queue_id,0.8,accepted,80.0,80.0,0.0,False
P::S1013,S1013,S1013,exact_normalized_queue_id,0.8,accepted,200.0,200.0,0.0,False
P::S1014,S1014,S1014,exact_normalized_queue_id,0.718,accepted,49.9,9.0,40.9,True
P::S1015,S1015,S1015,exact_normalized_queue_id,0.9,accepted,55.0,55.0,0.0,False
P::S1016,S1016,S1016,exact_normalized_queue_id,0.8,accepted,25.0,25.0,0.0,False
P::S1017,S1017,S1017,exact_normalized_queue_id,0.8,accepted,100.0,100.0,0.0,False
P::S1018,S1018,S1018,exact_normalized_queue_id,0.8,accepted,75.0,75.0,0.0,False
P::S1019,S1019,S1019,exact_normalized_queue_id,0.8,accepted,50.0,50.0,0.0,False
P::S1020,S1020,S1020,exact_normalized_queue_id,0.9,accepted,100.0,100.0,0.0,False
P::S1021,S1021,S1021,exact_normalized_queue_id,0.9,accepted,80.0,80.0,0.0,False
P::S1022,S1022,S1022,exact_normalized_queue_id,0.9,accepted,3.0,3.0,0.0,False
P::S1023,S1023,S1023,exact_normalized_queue_id,0.9,accepted,25.0,25.0,0.0,False
P::S1024,S1024,S1024,exact_normalized_queue_id,0.9,accepted,50.0,50.0,0.0,False
P::S1025,S1025,S1025,exact_normalized_queue_id,0.9,accepted,25.0,25.0,0.0,False
P::S1026,S1026,S1026,exact_normalized_queue_id,0.9,accepted,50.0,50.0,0.0,False
P::S1027,S1027,S1027,exact_normalized_queue_id,0.85,accepted,50.0,50.0,0.0,False
P::S1028,S1028,S1028,exact_normalized_queue_id,0.9,accepted,60.0,60.0,0.0,False
P::S1029,S1029,S1029,exact_normalized_queue_id,0.9,accepted,99.0,99.0,0.0,False
P::S1030,S1030,S1030,exact_normalized_queue_id,0.85,accepted,99.0,99.0,0.0,False
P::S1031,S1031,S1031,exact_normalized_queue_id,0.9,accepted,90.0,90.0,0.0,False
P::S1032,S1032,S1032,exact_normalized_queue_id,0.8,accepted,90.0,90.0,0.0,False
P::S1033,S1033,S1033,exact_normalized_queue_id,0.85,accepted,25.0,25.0,0.0,False
P::S1035,S1035,S1035,exact_normalized_queue_id,0.9,accepted,33.0,33.0,0.0,False
P::S1036,S1036,S1036,exact_normalized_queue_id,0.8,accepted,400.0,400.0,0.0,False
P::S1037,S1037,S1037,exact_normalized_queue_id,0.75,accepted,50.4,50.4,0.0,False
P::S1038,S1038,S1038,exact_normalized_queue_id,0.9,accepted,50.0,50.0,0.0,False
P::S1039,S1039,S1039,exact_normalized_queue_id,0.9,accepted,100.0,100.0,0.0,False
P::S1040,S1040,S1040,exact_normalized_queue_id,0.9,accepted,135.0,135.0,0.0,False
P::S1041,S1041,S1041,exact_normalized_queue_id,0.9,accepted,135.0,135.0,0.0,False
P::S1042,S1042,S1042,exact_normalized_queue_id,0.75,accepted,100.0,100.0,0.0,False
P::S1043,S1043,S1043,exact_normalized_queue_id,0.9,accepted,50.0,50.0,0.0,False
P::S1044,S1044,S1044,exact_normalized_queue_id,0.9,accepted,50.0,50.0,0.0,False
P::S1046,S1046,S1046,exact_normalized_queue_id,0.9,accepted,120.0,120.0,0.0,False
P::S1047,S1047,S1047,exact_normalized_queue_id,0.9,accepted,120.0,120.0,0.0,False
P::S1048,S1048,S1048,exact_normalized_queue_id,0.9,accepted,40.0,40.0,0.0,False
P::S1049,S1049,S1049,exact_normalized_queue_id,0.9,accepted,80.0,80.0,0.0,False
P::S1050,S1050,S1050,exact_normalized_queue_id,0.9,accepted,165.0,165.0,0.0,False
P::S1051,S1051,S1051,exact_normalized_queue_id,0.9,accepted,80.0,80.0,0.0,False
P::S1052,S1052,S1052,exact_normalized_queue_id,0.9,accepted,150.0,150.0,0.0,False
P::S1053,S1053,S1053,exact_normalized_queue_id,0.9,accepted,100.0,100.0,0.0,False
P::S1054,S1054,S1054,exact_normalized_queue_id,0.8545,accepted,550.0,300.0,250.0,True
P::S1057,S1057,S1057,exact_normalized_queue_id,0.8583,accepted,360.0,210.0,150.0,True
P::S1058,S1058,S1058,exact_normalized_queue_id,0.7171,accepted,149.0,100.0,49.0,True
P::S1059,S1059,S1059,exact_normalized_queue_id,0.9,accepted,100.3,100.3,0.0,False
P::S1061,S1061,S1061,exact_normalized_queue_id,0.9,accepted,50.0,50.0,0.0,False
P::S1062,S1062,S1062,exact_normalized_queue_id,0.85,accepted,150.0,75.0,75.0,True
P::S1063,S1063,S1063,exact_normalized_queue_id,0.87,accepted,100.0,70.0,30.0,True
P::S1064,S1064,S1064,exact_normalized_queue_id,0.7952,accepted,21.0,20.0,1.0,False
P::S1065,S1065,S1065,exact_normalized_queue_id,0.8899,accepted,85.05,76.5,8.549999999999997,True
P::S1066,S1066,S1066,exact_normalized_queue_id,0.8,accepted,150.0,75.0,75.0,True
P::S1067,S1067,S1067,exact_normalized_queue_id,0.85,accepted,150.0,75.0,75.0,True
P::S1068,S1068,S1068,exact_normalized_queue_id,0.6,accepted_weak_attrs,150.0,150.0,0.0,False
P::S1070,S1070,S1070,exact_normalized_queue_id,0.75,accepted,40.0,40.0,0.0,False
P::S1071,S1071,S1071,exact_normalized_queue_id,0.9,accepted,120.0,120.0,0.0,False
P::S1073,S1073,S1073,exact_normalized_queue_id,0.85,accepted,150.0,75.0,75.0,True
P::S1074,S1074,S1074,exact_normalized_queue_id,0.9,accepted,200.0,200.0,0.0,False
P::S1076,S1076,S1076,exact_normalized_queue_id,0.88,accepted,100.0,80.0,20.0,True
P::S1077,S1077,S1077,exact_normalized_queue_id,1.0,accepted,150.0,150.0,0.0,False
P::S1078,S1078,S1078,exact_normalized_queue_id,1.0,accepted,72.0,72.0,0.0,False
P::S1079,S1079,S1079,exact_normalized_queue_id,1.0,accepted,200.0,200.0,0.0,False
P::S1080,S1080,S1080,exact_normalized_queue_id,1.0,accepted,150.0,150.0,0.0,False
P::S1081,S1081,S1081,exact_normalized_queue_id,1.0,accepted,100.0,100.0,0.0,False
P::S1082,S1082,S1082,exact_normalized_queue_id,1.0,accepted,50.0,50.0,0.0,False
P::S1083,S1083,S1083,exact_normalized_queue_id,1.0,accepted,100.0,100.0,0.0,False
P::S1084,S1084,S1084,exact_normalized_queue_id,1.0,accepted,150.0,150.0,0.0,False
P::S1085,S1085,S1085,exact_normalized_queue_id,1.0,accepted,200.0,200.0,0.0,False
P::S1088,S1088,S1088,exact_normalized_queue_id,1.0,accepted,100.0,100.0,0.0,False
P::S1090,S1090,S1090,exact_normalized_queue_id,0.9995,accepted,132.3,133.0,-0.6999999999999886,False
P::S1092,S1092,S1092,exact_normalized_queue_id,1.0,accepted,98.0,98.0,0.0,False
P::S1093,S1093,S1093,exact_normalized_queue_id,1.0,accepted,202.0,202.0,0.0,False
P::S1094,S1094,S1094,exact_normalized_queue_id,1.0,accepted,180.0,180.0,0.0,False
P::S1095,S1095,S1095,exact_normalized_queue_id,1.0,accepted,200.0,200.0,0.0,False
P::S1096,S1096,S1096,exact_normalized_queue_id,0.9,accepted,50.3,50.3,0.0,False
P::S1097,S1097,S1097,exact_normalized_queue_id,1.0,accepted,188.0,188.0,0.0,False
P::S1098,S1098,S1098,exact_normalized_queue_id,0.9233,accepted,364.5,85.01,279.49,True
P::S1100,S1100,S1100,exact_normalized_queue_id,1.0,accepted,200.0,200.0,0.0,False
P::S1101,S1101,S1101,exact_normalized_queue_id,1.0,accepted,200.0,200.0,0.0,False
P::S1102,S1102,S1102,exact_normalized_queue_id,1.0,accepted,200.0,200.0,0.0,False
P::S1103,S1103,S1103,exact_normalized_queue_id,1.0,accepted,100.0,100.0,0.0,False
P::S1104,S1104,S1104,exact_normalized_queue_id,1.0,accepted,100.0,100.0,0.0,False
P::S1105,S1105,S1105,exact_normalized_queue_id,0.9,accepted,300.0,300.0,0.0,False
P::S1107,S1107,S1107,exact_normalized_queue_id,1.0,accepted,200.0,200.0,0.0,False
P::S1108,S1108,S1108,exact_normalized_queue_id,1.0,accepted,100.0,100.0,0.0,False
P::S1109,S1109,S1109,exact_normalized_queue_id,1.0,accepted,75.0,75.0,0.0,False
P::S1110,S1110,S1110,exact_normalized_queue_id,1.0,accepted,100.0,100.0,0.0,False
P::S1111,S1111,S1111,exact_normalized_queue_id,0.9,accepted,263.0,263.0,0.0,False
P::S1112,S1112,S1112,exact_normalized_queue_id,1.0,accepted,130.0,130.0,0.0,False
P::S1113,S1113,S1113,exact_normalized_queue_id,1.0,accepted,200.0,200.0,0.0,False
P::S1114,S1114,S1114,exact_normalized_queue_id,1.0,accepted,168.8,168.8,0.0,False
P::S1116,S1116,S1116,exact_normalized_queue_id,1.0,accepted,100.0,100.0,0.0,False
P::S1117,S1117,S1117,exact_normalized_queue_id,1.0,accepted,200.0,200.0,0.0,False
P::S1120,S1120,S1120,exact_normalized_queue_id,0.9,accepted,150.0,150.0,0.0,False
P::S1123,S1123,S1123,exact_normalized_queue_id,1.0,accepted,200.0,200.0,0.0,False
P::S1125,S1125,S1125,exact_normalized_queue_id,0.9,accepted,400.0,400.0,0.0,False
P::S1126,S1126,S1126,exact_normalized_queue_id,1.0,accepted,50.0,50.0,0.0,False
P::S1127,S1127,S1127,exact_normalized_queue_id,1.0,accepted,170.0,170.0,0.0,False
P::B::G795,G795,,berkeley_only,1.0,accepted,0.0,,,False
P::B::G794,G794,,berkeley_only,1.0,accepted,0.0,,,False
P::B::J788,J788,,berkeley_only,1.0,accepted,0.0,,,False
P::B::J787,J787,,berkeley_only,1.0,accepted,0.0,,,False
P::B::J919A - Error,J919A - Error,,berkeley_only,1.0,accepted,100.0,,,False
P::B::J591,J591,,berkeley_only,1.0,accepted,0.0,,,False
P::B::G921,G921,,berkeley_only,1.0,accepted,0.0,,,False
P::B::J789,J789,,berkeley_only,1.0,accepted,0.0,,,False
P::B::J790,J790,,berkeley_only,1.0,accepted,0.0,,,False
P::B::J792,J792,,berkeley_only,1.0,accepted,0.0,,,False
P::B::J950,J950,,berkeley_only,1.0,accepted,0.0,,,False
P::B::G992,G992,,berkeley_only,1.0,accepted,0.0,,,False
P::B::G627,G627,,berkeley_only,1.0,accepted,0.0,,,False
P::B::J325,J325,,berkeley_only,1.0,accepted,4.0,,,False
P::B::J327,J327,,berkeley_only,1.0,accepted,150.0,,,False
P::B::J326,J326,,berkeley_only,1.0,accepted,100.0,,,False
P::B::J324,J324,,berkeley_only,1.0,accepted,36.24,,,False
P::B::J321,J321,,berkeley_only,1.0,accepted,151.2,,,False
P::B::J322,J322,,berkeley_only,1.0,accepted,40.0,,,False
P::B::J323,J323,,berkeley_only,1.0,accepted,19.79,,,False
P::B::J333,J333,,berkeley_only,1.0,accepted,170.0,,,False
P::B::J332,J332,,berkeley_only,1.0,accepted,90.0,,,False
P::B::J335,J335,,berkeley_only,1.0,accepted,551.0,,,False
P::B::J334,J334,,berkeley_only,1.0,accepted,180.0,,,False
P::B::J329,J329,,berkeley_only,1.0,accepted,55.0,,,False
P::B::J328,J328,,berkeley_only,1.0,accepted,160.0,,,False
P::B::J331,J331,,berkeley_only,1.0,accepted,338.0,,,False
P::B::J330,J330,,berkeley_only,1.0,accepted,24.75,,,False
P::B::J309,J309,,berkeley_only,1.0,accepted,20.0,,,False
P::B::J312,J312,,berkeley_only,1.0,accepted,201.0,,,False
P::B::J311,J311,,berkeley_only,1.0,accepted,201.0,,,False
P::B::J306,J306,,berkeley_only,1.0,accepted,101.0,,,False
P::B::J307,J307,,berkeley_only,1.0,accepted,201.0,,,False
P::B::J308,J308,,berkeley_only,1.0,accepted,301.0,,,False
P::B::J318,J318,,berkeley_only,1.0,accepted,30.0,,,False
P::B::J317,J317,,berkeley_only,1.0,accepted,112.0,,,False
P::B::J320,J320,,berkeley_only,1.0,accepted,55.0,,,False
P::B::J319,J319,,berkeley_only,1.0,accepted,500.0,,,False
P::B::J314,J314,,berkeley_only,1.0,accepted,101.0,,,False
P::B::J313,J313,,berkeley_only,1.0,accepted,201.0,,,False
P::B::J316,J316,,berkeley_only,1.0,accepted,150.0,,,False
P::B::J315,J315,,berkeley_only,1.0,accepted,101.0,,,False
P::B::J356,J356,,berkeley_only,1.0,accepted,232.0,,,False
P::B::J355,J355,,berkeley_only,1.0,accepted,810.0,,,False
P::B::J358,J358,,berkeley_only,1.0,accepted,280.0,,,False
P::B::J357,J357,,berkeley_only,1.0,accepted,135.0,,,False
P::B::J352,J352,,berkeley_only,1.0,accepted,362.0,,,False
P::B::J351,J351,,berkeley_only,1.0,accepted,715.0,,,False
P::B::J354,J354,,berkeley_only,1.0,accepted,52.0,,,False
P::B::J353,J353,,berkeley_only,1.0,accepted,725.0,,,False
P::B::J363,J363,,berkeley_only,1.0,accepted,810.0,,,False
P::B::J364,J364,,berkeley_only,1.0,accepted,464.0,,,False
P::B::J365,J365,,berkeley_only,1.0,accepted,464.0,,,False
P::B::J362,J362,,berkeley_only,1.0,accepted,116.0,,,False
P::B::J360,J360,,berkeley_only,1.0,accepted,116.0,,,False
P::B::J359,J359,,berkeley_only,1.0,accepted,232.0,,,False
P::B::J361,J361,,berkeley_only,1.0,accepted,116.0,,,False
P::B::J340,J340,,berkeley_only,1.0,accepted,100.0,,,False
P::B::J341,J341,,berkeley_only,1.0,accepted,50.0,,,False
P::B::J342,J342,,berkeley_only,1.0,accepted,305.0,,,False
P::B::J337,J337,,berkeley_only,1.0,accepted,551.0,,,False
P::B::J336,J336,,berkeley_only,1.0,accepted,845.0,,,False
P::B::J339,J339,,berkeley_only,1.0,accepted,96.0,,,False
P::B::J338,J338,,berkeley_only,1.0,accepted,845.0,,,False
P::B::J343,J343,,berkeley_only,1.0,accepted,150.0,,,False
P::B::J348,J348,,berkeley_only,1.0,accepted,81.0,,,False
P::B::J347,J347,,berkeley_only,1.0,accepted,30.0,,,False
P::B::J350,J350,,berkeley_only,1.0,accepted,50.0,,,False
P::B::J349,J349,,berkeley_only,1.0,accepted,100.0,,,False
P::B::J344,J344,,berkeley_only,1.0,accepted,169.0,,,False
P::B::J346,J346,,berkeley_only,1.0,accepted,201.0,,,False
P::B::J345,J345,,berkeley_only,1.0,accepted,40.0,,,False
P::B::J305,J305,,berkeley_only,1.0,accepted,50.0,,,False
P::B::J264,J264,,berkeley_only,1.0,accepted,120.75,,,False
P::B::J263,J263,,berkeley_only,1.0,accepted,100.0,,,False
P::B::J266,J266,,berkeley_only,1.0,accepted,200.0,,,False
P::B::J265,J265,,berkeley_only,1.0,accepted,100.0,,,False
P::B::J260,J260,,berkeley_only,1.0,accepted,100.0,,,False
P::B::J262,J262,,berkeley_only,1.0,accepted,100.0,,,False
P::B::J261,J261,,berkeley_only,1.0,accepted,100.0,,,False
P::B::J272,J272,,berkeley_only,1.0,accepted,170.2,,,False
P::B::J271,J271,,berkeley_only,1.0,accepted,232.0,,,False
P::B::J274,J274,,berkeley_only,1.0,accepted,100.0,,,False
P::B::J273,J273,,berkeley_only,1.0,accepted,149.6,,,False
P::B::J268,J268,,berkeley_only,1.0,accepted,801.0,,,False
P::B::J267,J267,,berkeley_only,1.0,accepted,125.0,,,False
P::B::J270,J270,,berkeley_only,1.0,accepted,197.8,,,False
P::B::J269,J269,,berkeley_only,1.0,accepted,26.0,,,False
P::B::J249,J249,,berkeley_only,1.0,accepted,180.0,,,False
P::B::J248,J248,,berkeley_only,1.0,accepted,675.0,,,False
P::B::J251,J251,,berkeley_only,1.0,accepted,27.5,,,False
P::B::J250,J250,,berkeley_only,1.0,accepted,999.0,,,False
P::B::J245,J245,,berkeley_only,1.0,accepted,100.0,,,False
P::B::J244,J244,,berkeley_only,1.0,accepted,726.0,,,False
P::B::J247,J247,,berkeley_only,1.0,accepted,150.0,,,False
P::B::J246,J246,,berkeley_only,1.0,accepted,7.0,,,False
P::B::J259,J259,,berkeley_only,1.0,accepted,1065.0,,,False
P::B::J256,J256,,berkeley_only,1.0,accepted,8.0,,,False
P::B::J257,J257,,berkeley_only,1.0,accepted,149.5,,,False
P::B::J258,J258,,berkeley_only,1.0,accepted,1.0,,,False
P::B::J253,J253,,berkeley_only,1.0,accepted,48.3,,,False
P::B::J252,J252,,berkeley_only,1.0,accepted,39.09,,,False
P::B::J254,J254,,berkeley_only,1.0,accepted,200.0,,,False
P::B::J295,J295,,berkeley_only,1.0,accepted,50.0,,,False
P::B::J294,J294,,berkeley_only,1.0,accepted,588.0,,,False
P::B::J297,J297,,berkeley_only,1.0,accepted,150.0,,,False
P::B::J296,J296,,berkeley_only,1.0,accepted,69.3,,,False
P::B::J291,J291,,berkeley_only,1.0,accepted,45.0,,,False
P::B::J290,J290,,berkeley_only,1.0,accepted,150.0,,,False
P::B::J293,J293,,berkeley_only,1.0,accepted,496.0,,,False
P::B::J292,J292,,berkeley_only,1.0,accepted,3576.0,,,False
P::B::J302,J302,,berkeley_only,1.0,accepted,101.2,,,False
P::B::J303,J303,,berkeley_only,1.0,accepted,20.0,,,False
P::B::J304,J304,,berkeley_only,1.0,accepted,20.0,,,False
P::B::J301,J301,,berkeley_only,1.0,accepted,101.0,,,False
P::B::J299,J299,,berkeley_only,1.0,accepted,73.0,,,False
P::B::J298,J298,,berkeley_only,1.0,accepted,300.0,,,False
P::B::J300,J300,,berkeley_only,1.0,accepted,60.0,,,False
P::B::J279,J279,,berkeley_only,1.0,accepted,30.0,,,False
P::B::J280,J280,,berkeley_only,1.0,accepted,221.0,,,False
P::B::J281,J281,,berkeley_only,1.0,accepted,50.0,,,False
P::B::J278,J278,,berkeley_only,1.0,accepted,200.0,,,False
P::B::J276,J276,,berkeley_only,1.0,accepted,150.0,,,False
P::B::J275,J275,,berkeley_only,1.0,accepted,700.0,,,False
P::B::J277,J277,,berkeley_only,1.0,accepted,150.0,,,False
P::B::J282,J282,,berkeley_only,1.0,accepted,50.0,,,False
P::B::J287,J287,,berkeley_only,1.0,accepted,56.7,,,False
P::B::J286,J286,,berkeley_only,1.0,accepted,198.9,,,False
P::B::J289,J289,,berkeley_only,1.0,accepted,20.0,,,False
P::B::J288,J288,,berkeley_only,1.0,accepted,40.0,,,False
P::B::J283,J283,,berkeley_only,1.0,accepted,20.0,,,False
P::B::J284,J284,,berkeley_only,1.0,accepted,316.0,,,False
P::B::J285,J285,,berkeley_only,1.0,accepted,250.0,,,False
P::B::R62,R62,,berkeley_only,1.0,accepted,300.0,,,False
P::B::J744,J744,,berkeley_only,1.0,accepted,400.0,,,False
P::B::J742,J742,,berkeley_only,1.0,accepted,211.0,,,False
P::B::J738,J738,,berkeley_only,1.0,accepted,150.0,,,False
P::B::J737,J737,,berkeley_only,1.0,accepted,100.0,,,False
P::B::J736,J736,,berkeley_only,1.0,accepted,100.0,,,False
P::B::J735,J735,,berkeley_only,1.0,accepted,100.0,,,False
P::B::J730,J730,,berkeley_only,1.0,accepted,100.0,,,False
P::B::J729,J729,,berkeley_only,1.0,accepted,100.0,,,False
P::B::J765,J765,,berkeley_only,1.0,accepted,4.32,,,False
P::B::J764,J764,,berkeley_only,1.0,accepted,12.0,,,False
P::B::J763,J763,,berkeley_only,1.0,accepted,5.28,,,False
P::B::J755,J755,,berkeley_only,1.0,accepted,200.1,,,False
P::B::J751,J751,,berkeley_only,1.0,accepted,150.0,,,False
P::B::J727,J727,,berkeley_only,1.0,accepted,100.0,,,False
P::B::J702,J702,,berkeley_only,1.0,accepted,100.0,,,False
P::B::J700,J700,,berkeley_only,1.0,accepted,49.98,,,False
P::B::J699,J699,,berkeley_only,1.0,accepted,48.3,,,False
P::B::J696,J696,,berkeley_only,1.0,accepted,150.0,,,False
P::B::J695,J695,,berkeley_only,1.0,accepted,99.0,,,False
P::B::J694,J694,,berkeley_only,1.0,accepted,14.66,,,False
P::B::J693,J693,,berkeley_only,1.0,accepted,16.49,,,False
P::B::J692,J692,,berkeley_only,1.0,accepted,5.49,,,False
P::B::J691,J691,,berkeley_only,1.0,accepted,160.0,,,False
P::B::J690,J690,,berkeley_only,1.0,accepted,42.0,,,False
P::B::J689,J689,,berkeley_only,1.0,accepted,50.0,,,False
P::B::J688,J688,,berkeley_only,1.0,accepted,92.0,,,False
P::B::J724,J724,,berkeley_only,1.0,accepted,100.0,,,False
P::B::J723,J723,,berkeley_only,1.0,accepted,100.0,,,False
P::B::J719,J719,,berkeley_only,1.0,accepted,100.0,,,False
P::B::J716,J716,,berkeley_only,1.0,accepted,60.0,,,False
P::B::J686,J686,,berkeley_only,1.0,accepted,250.0,,,False
P::B::J791,J791,,berkeley_only,1.0,accepted,52.0,,,False
P::B::J786,J786,,berkeley_only,1.0,accepted,10.0,,,False
P::B::J784,J784,,berkeley_only,1.0,accepted,39.96,,,False
P::B::J781,J781,,berkeley_only,1.0,accepted,170.0,,,False
P::B::J778,J778,,berkeley_only,1.0,accepted,12.0,,,False
P::B::J775,J775,,berkeley_only,1.0,accepted,200.0,,,False
P::B::J774,J774,,berkeley_only,1.0,accepted,200.0,,,False
P::B::J773,J773,,berkeley_only,1.0,accepted,400.0,,,False
P::B::J772,J772,,berkeley_only,1.0,accepted,7.4,,,False
P::B::J685,J685,,berkeley_only,1.0,accepted,30.0,,,False
P::B::J576,J576,,berkeley_only,1.0,accepted,100.0,,,False
P::B::J575,J575,,berkeley_only,1.0,accepted,100.0,,,False
P::B::J574,J574,,berkeley_only,1.0,accepted,40.0,,,False
P::B::J573,J573,,berkeley_only,1.0,accepted,40.0,,,False
P::B::J572,J572,,berkeley_only,1.0,accepted,150.0,,,False
P::B::J571,J571,,berkeley_only,1.0,accepted,6.4,,,False
P::B::J569,J569,,berkeley_only,1.0,accepted,100.0,,,False
P::B::J568,J568,,berkeley_only,1.0,accepted,101.6,,,False
P::B::J567,J567,,berkeley_only,1.0,accepted,201.5,,,False
P::B::J566,J566,,berkeley_only,1.0,accepted,101.9,,,False
P::B::J565,J565,,berkeley_only,1.0,accepted,101.8,,,False
P::B::J564,J564,,berkeley_only,1.0,accepted,176.0,,,False
P::B::J563,J563,,berkeley_only,1.0,accepted,150.0,,,False
P::B::J562,J562,,berkeley_only,1.0,accepted,119.6,,,False
P::B::J561,J561,,berkeley_only,1.0,accepted,190.0,,,False
P::B::J560,J560,,berkeley_only,1.0,accepted,835.0,,,False
P::B::J577,J577,,berkeley_only,1.0,accepted,100.0,,,False
P::B::J559,J559,,berkeley_only,1.0,accepted,50.0,,,False
P::B::J578,J578,,berkeley_only,1.0,accepted,400.2,,,False
P::B::J598,J598,,berkeley_only,1.0,accepted,300.0,,,False
P::B::J597,J597,,berkeley_only,1.0,accepted,300.0,,,False
P::B::J596,J596,,berkeley_only,1.0,accepted,100.0,,,False
P::B::J595,J595,,berkeley_only,1.0,accepted,150.0,,,False
P::B::J594,J594,,berkeley_only,1.0,accepted,300.0,,,False
P::B::J593,J593,,berkeley_only,1.0,accepted,224.0,,,False
P::B::J592,J592,,berkeley_only,1.0,accepted,48.3,,,False
P::B::J590,J590,,berkeley_only,1.0,accepted,90.0,,,False
P::B::J589,J589,,berkeley_only,1.0,accepted,148.8,,,False
P::B::J588,J588,,berkeley_only,1.0,accepted,100.0,,,False
P::B::J587,J587,,berkeley_only,1.0,accepted,200.0,,,False
P::B::J586,J586,,berkeley_only,1.0,accepted,175.0,,,False
P::B::J585,J585,,berkeley_only,1.0,accepted,100.0,,,False
P::B::J583,J583,,berkeley_only,1.0,accepted,200.0,,,False
P::B::J582,J582,,berkeley_only,1.0,accepted,100.0,,,False
P::B::J581,J581,,berkeley_only,1.0,accepted,70.0,,,False
P::B::J599,J599,,berkeley_only,1.0,accepted,200.0,,,False
P::B::J558,J558,,berkeley_only,1.0,accepted,9.2,,,False
P::B::J533,J533,,berkeley_only,1.0,accepted,200.0,,,False
P::B::J532,J532,,berkeley_only,1.0,accepted,50.0,,,False
P::B::J531,J531,,berkeley_only,1.0,accepted,200.0,,,False
P::B::J530,J530,,berkeley_only,1.0,accepted,250.0,,,False
P::B::J529,J529,,berkeley_only,1.0,accepted,250.0,,,False
P::B::J528,J528,,berkeley_only,1.0,accepted,200.0,,,False
P::B::J527,J527,,berkeley_only,1.0,accepted,250.0,,,False
P::B::J526,J526,,berkeley_only,1.0,accepted,300.0,,,False
P::B::J525,J525,,berkeley_only,1.0,accepted,50.0,,,False
P::B::J524,J524,,berkeley_only,1.0,accepted,100.0,,,False
P::B::J523,J523,,berkeley_only,1.0,accepted,50.0,,,False
P::B::J521,J521,,berkeley_only,1.0,accepted,100.0,,,False
P::B::J520,J520,,berkeley_only,1.0,accepted,100.0,,,False
P::B::J519,J519,,berkeley_only,1.0,accepted,200.0,,,False
P::B::J518,J518,,berkeley_only,1.0,accepted,49.5,,,False
P::B::J517,J517,,berkeley_only,1.0,accepted,100.0,,,False
P::B::J534,J534,,berkeley_only,1.0,accepted,250.0,,,False
P::B::J557,J557,,berkeley_only,1.0,accepted,0.9,,,False
P::B::J535,J535,,berkeley_only,1.0,accepted,210.0,,,False
P::B::J537,J537,,berkeley_only,1.0,accepted,200.0,,,False
P::B::J555,J555,,berkeley_only,1.0,accepted,140.0,,,False
P::B::J554,J554,,berkeley_only,1.0,accepted,1.0,,,False
P::B::J553,J553,,berkeley_only,1.0,accepted,50.0,,,False
P::B::J552,J552,,berkeley_only,1.0,accepted,100.0,,,False
P::B::J551,J551,,berkeley_only,1.0,accepted,49.8,,,False
P::B::J550,J550,,berkeley_only,1.0,accepted,49.8,,,False
P::B::J549,J549,,berkeley_only,1.0,accepted,49.8,,,False
P::B::J548,J548,,berkeley_only,1.0,accepted,150.0,,,False
P::B::J547,J547,,berkeley_only,1.0,accepted,100.0,,,False
P::B::J546,J546,,berkeley_only,1.0,accepted,260.0,,,False
P::B::J543,J543,,berkeley_only,1.0,accepted,19.5,,,False
P::B::J542,J542,,berkeley_only,1.0,accepted,1235.0,,,False
P::B::J541,J541,,berkeley_only,1.0,accepted,400.0,,,False
P::B::J540,J540,,berkeley_only,1.0,accepted,48.6,,,False
P::B::J539,J539,,berkeley_only,1.0,accepted,999.0,,,False
P::B::J538,J538,,berkeley_only,1.0,accepted,150.0,,,False
P::B::J536,J536,,berkeley_only,1.0,accepted,100.0,,,False
P::B::J684,J684,,berkeley_only,1.0,accepted,100.0,,,False
P::B::J600,J600,,berkeley_only,1.0,accepted,150.0,,,False
P::B::J602,J602,,berkeley_only,1.0,accepted,200.0,,,False
P::B::J661,J661,,berkeley_only,1.0,accepted,90.0,,,False
P::B::J660,J660,,berkeley_only,1.0,accepted,50.0,,,False
P::B::J656,J656,,berkeley_only,1.0,accepted,101.5,,,False
P::B::J655,J655,,berkeley_only,1.0,accepted,101.5,,,False
P::B::J654,J654,,berkeley_only,1.0,accepted,101.5,,,False
P::B::J653,J653,,berkeley_only,1.0,accepted,50.0,,,False
P::B::J652,J652,,berkeley_only,1.0,accepted,98.0,,,False
P::B::J651,J651,,berkeley_only,1.0,accepted,151.8,,,False
P::B::J650,J650,,berkeley_only,1.0,accepted,151.8,,,False
P::B::J649,J649,,berkeley_only,1.0,accepted,829.0,,,False
P::B::J648,J648,,berkeley_only,1.0,accepted,296.0,,,False
P::B::J645,J645,,berkeley_only,1.0,accepted,48.8,,,False
P::B::J644,J644,,berkeley_only,1.0,accepted,110.0,,,False
P::B::J665,J665,,berkeley_only,1.0,accepted,47.5,,,False
P::B::J682,J682,,berkeley_only,1.0,accepted,400.0,,,False
P::B::J681,J681,,berkeley_only,1.0,accepted,100.0,,,False
P::B::J678,J678,,berkeley_only,1.0,accepted,100.0,,,False
P::B::J677,J677,,berkeley_only,1.0,accepted,100.0,,,False
P::B::J676,J676,,berkeley_only,1.0,accepted,50.0,,,False
P::B::J675,J675,,berkeley_only,1.0,accepted,100.0,,,False
P::B::J674,J674,,berkeley_only,1.0,accepted,47.5,,,False
P::B::J673,J673,,berkeley_only,1.0,accepted,50.0,,,False
P::B::J672,J672,,berkeley_only,1.0,accepted,150.0,,,False
P::B::J671,J671,,berkeley_only,1.0,accepted,400.0,,,False
P::B::J670,J670,,berkeley_only,1.0,accepted,200.0,,,False
P::B::J669,J669,,berkeley_only,1.0,accepted,100.0,,,False
P::B::J668,J668,,berkeley_only,1.0,accepted,100.0,,,False
P::B::J667,J667,,berkeley_only,1.0,accepted,80.0,,,False
P::B::J666,J666,,berkeley_only,1.0,accepted,100.0,,,False
P::B::J664,J664,,berkeley_only,1.0,accepted,50.0,,,False
P::B::J601,J601,,berkeley_only,1.0,accepted,100.0,,,False
P::B::J643,J643,,berkeley_only,1.0,accepted,175.0,,,False
P::B::J641,J641,,berkeley_only,1.0,accepted,140.0,,,False
P::B::J619,J619,,berkeley_only,1.0,accepted,50.0,,,False
P::B::J618,J618,,berkeley_only,1.0,accepted,58.7,,,False
P::B::J617,J617,,berkeley_only,1.0,accepted,100.0,,,False
P::B::J616,J616,,berkeley_only,1.0,accepted,50.0,,,False
P::B::J615,J615,,berkeley_only,1.0,accepted,70.0,,,False
P::B::J614,J614,,berkeley_only,1.0,accepted,66.0,,,False
P::B::J613,J613,,berkeley_only,1.0,accepted,100.0,,,False
P::B::J612,J612,,berkeley_only,1.0,accepted,150.0,,,False
P::B::J611,J611,,berkeley_only,1.0,accepted,110.0,,,False
P::B::J610,J610,,berkeley_only,1.0,accepted,300.0,,,False
P::B::J609,J609,,berkeley_only,1.0,accepted,136.0,,,False
P::B::J608,J608,,berkeley_only,1.0,accepted,100.0,,,False
P::B::J607,J607,,berkeley_only,1.0,accepted,150.0,,,False
P::B::J606,J606,,berkeley_only,1.0,accepted,150.0,,,False
P::B::J605,J605,,berkeley_only,1.0,accepted,99.96,,,False
P::B::J604,J604,,berkeley_only,1.0,accepted,99.96,,,False
P::B::J603,J603,,berkeley_only,1.0,accepted,99.96,,,False
P::B::J620,J620,,berkeley_only,1.0,accepted,100.0,,,False
P::B::J642,J642,,berkeley_only,1.0,accepted,175.0,,,False
P::B::J621,J621,,berkeley_only,1.0,accepted,100.0,,,False
P::B::J623,J623,,berkeley_only,1.0,accepted,20.0,,,False
P::B::J638,J638,,berkeley_only,1.0,accepted,204.0,,,False
P::B::J637,J637,,berkeley_only,1.0,accepted,98.0,,,False
P::B::J634,J634,,berkeley_only,1.0,accepted,72.0,,,False
P::B::J633,J633,,berkeley_only,1.0,accepted,50.0,,,False
P::B::J631,J631,,berkeley_only,1.0,accepted,200.0,,,False
P::B::J630,J630,,berkeley_only,1.0,accepted,200.0,,,False
P::B::J629,J629,,berkeley_only,1.0,accepted,200.0,,,False
P::B::J627,J627,,berkeley_only,1.0,accepted,400.0,,,False
P::B::J626,J626,,berkeley_only,1.0,accepted,400.0,,,False
P::B::J624,J624,,berkeley_only,1.0,accepted,80.0,,,False
P::B::J622,J622,,berkeley_only,1.0,accepted,100.0,,,False
P::B::R68,R68,,berkeley_only,1.0,accepted,249.6,,,False
P::B::R67,R67,,berkeley_only,1.0,accepted,148.8,,,False
P::B::R66,R66,,berkeley_only,1.0,accepted,150.0,,,False
P::B::R65,R65,,berkeley_only,1.0,accepted,92.0,,,False
P::B::R64,R64,,berkeley_only,1.0,accepted,70.0,,,False
P::B::R63,R63,,berkeley_only,1.0,accepted,300.0,,,False
P::B::R61,R61,,berkeley_only,1.0,accepted,200.0,,,False
P::B::R60,R60,,berkeley_only,1.0,accepted,54.0,,,False
P::B::R59,R59,,berkeley_only,1.0,accepted,28.0,,,False
P::B::R58,R58,,berkeley_only,1.0,accepted,3.0,,,False
P::B::R57,R57,,berkeley_only,1.0,accepted,100.0,,,False
P::B::R56,R56,,berkeley_only,1.0,accepted,150.0,,,False
P::B::R53,R53,,berkeley_only,1.0,accepted,200.0,,,False
P::B::R52,R52,,berkeley_only,1.0,accepted,500.0,,,False
P::B::R51,R51,,berkeley_only,1.0,accepted,250.5,,,False
P::B::R15,R15,,berkeley_only,1.0,accepted,80.0,,,False
P::B::R25,R25,,berkeley_only,1.0,accepted,50.0,,,False
P::B::R50,R50,,berkeley_only,1.0,accepted,501.0,,,False
P::B::R49,R49,,berkeley_only,1.0,accepted,12.0,,,False
P::B::R48,R48,,berkeley_only,1.0,accepted,100.0,,,False
P::B::R47,R47,,berkeley_only,1.0,accepted,100.0,,,False
P::B::R42,R42,,berkeley_only,1.0,accepted,250.0,,,False
P::B::R41,R41,,berkeley_only,1.0,accepted,100.0,,,False
P::B::R39,R39,,berkeley_only,1.0,accepted,500.0,,,False
P::B::R38,R38,,berkeley_only,1.0,accepted,200.0,,,False
P::B::R35,R35,,berkeley_only,1.0,accepted,80.0,,,False
P::B::R34,R34,,berkeley_only,1.0,accepted,250.0,,,False
P::B::R29,R29,,berkeley_only,1.0,accepted,100.8,,,False
P::B::R26,R26,,berkeley_only,1.0,accepted,400.0,,,False
P::B::R23,R23,,berkeley_only,1.0,accepted,100.0,,,False
P::B::J919A,J919A,,berkeley_only,1.0,accepted,100.0,,,False
P::B::L008,L008,,berkeley_only,1.0,accepted,-4.0,,,False
P::B::L006,L006,,berkeley_only,1.0,accepted,-5.0,,,False
P::B::L004,L004,,berkeley_only,1.0,accepted,-22.0,,,False
P::B::L003,L003,,berkeley_only,1.0,accepted,-10.0,,,False
P::B::L002,L002,,berkeley_only,1.0,accepted,-28.0,,,False
P::B::L009,L009,,berkeley_only,1.0,accepted,-11.0,,,False
P::B::L010,L010,,berkeley_only,1.0,accepted,-8.0,,,False
P::B::PQ0002,PQ0002,,berkeley_only,1.0,accepted,2000.0,,,False
P::B::R101,R101,,berkeley_only,1.0,accepted,4.6,,,False
P::B::N001,N001,,berkeley_only,1.0,accepted,100.0,,,False
P::B::J516,J516,,berkeley_only,1.0,accepted,100.0,,,False
P::B::J366,J366,,berkeley_only,1.0,accepted,232.0,,,False
P::B::J515,J515,,berkeley_only,1.0,accepted,400.0,,,False
P::B::J513,J513,,berkeley_only,1.0,accepted,100.05,,,False
P::B::J386,J386,,berkeley_only,1.0,accepted,103.0,,,False
P::B::J388,J388,,berkeley_only,1.0,accepted,800.0,,,False
P::B::J387,J387,,berkeley_only,1.0,accepted,103.0,,,False
P::B::J382,J382,,berkeley_only,1.0,accepted,48.3,,,False
P::B::J383,J383,,berkeley_only,1.0,accepted,571.0,,,False
P::B::J385,J385,,berkeley_only,1.0,accepted,100.0,,,False
P::B::J384,J384,,berkeley_only,1.0,accepted,21.0,,,False
P::B::J389,J389,,berkeley_only,1.0,accepted,550.0,,,False
P::B::J394,J394,,berkeley_only,1.0,accepted,327.0,,,False
P::B::J393,J393,,berkeley_only,1.0,accepted,49.0,,,False
P::B::J396,J396,,berkeley_only,1.0,accepted,1020.0,,,False
P::B::J395,J395,,berkeley_only,1.0,accepted,98.0,,,False
P::B::J390,J390,,berkeley_only,1.0,accepted,711.0,,,False
P::B::J391,J391,,berkeley_only,1.0,accepted,50.0,,,False
P::B::J392,J392,,berkeley_only,1.0,accepted,420.7,,,False
P::B::J371,J371,,berkeley_only,1.0,accepted,2325.0,,,False
P::B::J370,J370,,berkeley_only,1.0,accepted,50.0,,,False
P::B::J373,J373,,berkeley_only,1.0,accepted,71.5,,,False
P::B::J372,J372,,berkeley_only,1.0,accepted,1373.0,,,False
P::B::J367,J367,,berkeley_only,1.0,accepted,39.0,,,False
P::B::J368,J368,,berkeley_only,1.0,accepted,200.0,,,False
P::B::J369,J369,,berkeley_only,1.0,accepted,393.0,,,False
P::B::J379,J379,,berkeley_only,1.0,accepted,79.14,,,False
P::B::J378,J378,,berkeley_only,1.0,accepted,79.14,,,False
P::B::J381,J381,,berkeley_only,1.0,accepted,25.0,,,False
P::B::J380,J380,,berkeley_only,1.0,accepted,198.9,,,False
P::B::J375,J375,,berkeley_only,1.0,accepted,124.0,,,False
P::B::J374,J374,,berkeley_only,1.0,accepted,30.0,,,False
P::B::J377,J377,,berkeley_only,1.0,accepted,40.0,,,False
P::B::J376,J376,,berkeley_only,1.0,accepted,1270.0,,,False
P::B::J419,J419,,berkeley_only,1.0,accepted,100.0,,,False
P::B::J417,J417,,berkeley_only,1.0,accepted,43.0,,,False
P::B::J427,J427,,berkeley_only,1.0,accepted,110.0,,,False
P::B::J426,J426,,berkeley_only,1.0,accepted,100.0,,,False
P::B::J425,J425,,berkeley_only,1.0,accepted,999.0,,,False
P::B::J424,J424,,berkeley_only,1.0,accepted,120.0,,,False
P::B::J423,J423,,berkeley_only,1.0,accepted,125.0,,,False
P::B::J422,J422,,berkeley_only,1.0,accepted,30.0,,,False
P::B::J421,J421,,berkeley_only,1.0,accepted,32.0,,,False
P::B::J420,J420,,berkeley_only,1.0,accepted,75.0,,,False
P::B::J428,J428,,berkeley_only,1.0,accepted,50.0,,,False
P::B::J414,J414,,berkeley_only,1.0,accepted,120.0,,,False
P::B::J413,J413,,berkeley_only,1.0,accepted,243.0,,,False
P::B::J416,J416,,berkeley_only,1.0,accepted,200.0,,,False
P::B::J415,J415,,berkeley_only,1.0,accepted,200.0,,,False
P::B::J429,J429,,berkeley_only,1.0,accepted,100.0,,,False
P::B::J431,J431,,berkeley_only,1.0,accepted,100.0,,,False
P::B::J491,J491,,berkeley_only,1.0,accepted,20.0,,,False
P::B::J490,J490,,berkeley_only,1.0,accepted,60.0,,,False
P::B::J489,J489,,berkeley_only,1.0,accepted,151.8,,,False
P::B::J488,J488,,berkeley_only,1.0,accepted,151.8,,,False
P::B::J487,J487,,berkeley_only,1.0,accepted,999.0,,,False
P::B::J486,J486,,berkeley_only,1.0,accepted,51.0,,,False
P::B::J485,J485,,berkeley_only,1.0,accepted,46.85,,,False
P::B::J484,J484,,berkeley_only,1.0,accepted,1056.19,,,False
P::B::J483,J483,,berkeley_only,1.0,accepted,99.96,,,False
P::B::J482,J482,,berkeley_only,1.0,accepted,26.2,,,False
P::B::J481,J481,,berkeley_only,1.0,accepted,134.82,,,False
P::B::J480,J480,,berkeley_only,1.0,accepted,1240.0,,,False
P::B::J479,J479,,berkeley_only,1.0,accepted,462.0,,,False
P::B::J477,J477,,berkeley_only,1.0,accepted,36.4,,,False
P::B::J476,J476,,berkeley_only,1.0,accepted,246.0,,,False
P::B::J475,J475,,berkeley_only,1.0,accepted,200.0,,,False
P::B::J492,J492,,berkeley_only,1.0,accepted,20.0,,,False
P::B::J474,J474,,berkeley_only,1.0,accepted,144.0,,,False
P::B::J493,J493,,berkeley_only,1.0,accepted,150.0,,,False
P::B::J495,J495,,berkeley_only,1.0,accepted,200.0,,,False
P::B::J512,J512,,berkeley_only,1.0,accepted,250.0,,,False
P::B::J511,J511,,berkeley_only,1.0,accepted,200.0,,,False
P::B::J510,J510,,berkeley_only,1.0,accepted,284.5,,,False
P::B::J509,J509,,berkeley_only,1.0,accepted,326.9,,,False
P::B::J507,J507,,berkeley_only,1.0,accepted,16.7,,,False
P::B::J506,J506,,berkeley_only,1.0,accepted,200.0,,,False
P::B::J505,J505,,berkeley_only,1.0,accepted,99.0,,,False
P::B::J504,J504,,berkeley_only,1.0,accepted,50.0,,,False
P::B::J503,J503,,berkeley_only,1.0,accepted,98.8,,,False
P::B::J501,J501,,berkeley_only,1.0,accepted,500.0,,,False
P::B::J500,J500,,berkeley_only,1.0,accepted,500.0,,,False
P::B::J499,J499,,berkeley_only,1.0,accepted,340.0,,,False
P::B::J498,J498,,berkeley_only,1.0,accepted,340.0,,,False
P::B::J497,J497,,berkeley_only,1.0,accepted,170.0,,,False
P::B::J496,J496,,berkeley_only,1.0,accepted,151.8,,,False
P::B::J494,J494,,berkeley_only,1.0,accepted,484.0,,,False
P::B::J430,J430,,berkeley_only,1.0,accepted,26.0,,,False
P::B::J473,J473,,berkeley_only,1.0,accepted,52.0,,,False
P::B::J471,J471,,berkeley_only,1.0,accepted,50.0,,,False
P::B::J449,J449,,berkeley_only,1.0,accepted,202.0,,,False
P::B::J448,J448,,berkeley_only,1.0,accepted,202.0,,,False
P::B::J445,J445,,berkeley_only,1.0,accepted,2.0,,,False
P::B::J443,J443,,berkeley_only,1.0,accepted,41.0,,,False
P::B::J442,J442,,berkeley_only,1.0,accepted,200.0,,,False
P::B::J440,J440,,berkeley_only,1.0,accepted,52.0,,,False
P::B::J439,J439,,berkeley_only,1.0,accepted,500.0,,,False
P::B::J438,J438,,berkeley_only,1.0,accepted,170.0,,,False
P::B::J437,J437,,berkeley_only,1.0,accepted,150.0,,,False
P::B::J436,J436,,berkeley_only,1.0,accepted,150.0,,,False
P::B::J435,J435,,berkeley_only,1.0,accepted,1185.0,,,False
P::B::J434,J434,,berkeley_only,1.0,accepted,1185.0,,,False
P::B::J433,J433,,berkeley_only,1.0,accepted,1270.0,,,False
P::B::J432,J432,,berkeley_only,1.0,accepted,98.0,,,False
P::B::J450,J450,,berkeley_only,1.0,accepted,200.0,,,False
P::B::J472,J472,,berkeley_only,1.0,accepted,1044.8,,,False
P::B::J451,J451,,berkeley_only,1.0,accepted,500.0,,,False
P::B::J453,J453,,berkeley_only,1.0,accepted,17.25,,,False
P::B::J470,J470,,berkeley_only,1.0,accepted,150.0,,,False
P::B::J469,J469,,berkeley_only,1.0,accepted,2.0,,,False
P::B::J468,J468,,berkeley_only,1.0,accepted,202.0,,,False
P::B::J466,J466,,berkeley_only,1.0,accepted,30.0,,,False
P::B::J465,J465,,berkeley_only,1.0,accepted,44.1,,,False
P::B::J464,J464,,berkeley_only,1.0,accepted,200.0,,,False
P::B::J463,J463,,berkeley_only,1.0,accepted,200.0,,,False
P::B::J462,J462,,berkeley_only,1.0,accepted,598.4,,,False
P::B::J461,J461,,berkeley_only,1.0,accepted,299.2,,,False
P::B::J460,J460,,berkeley_only,1.0,accepted,200.0,,,False
P::B::J459,J459,,berkeley_only,1.0,accepted,200.0,,,False
P::B::J457,J457,,berkeley_only,1.0,accepted,150.0,,,False
P::B::J456,J456,,berkeley_only,1.0,accepted,150.0,,,False
P::B::J455,J455,,berkeley_only,1.0,accepted,300.0,,,False
P::B::J454,J454,,berkeley_only,1.0,accepted,18.9,,,False
P::B::J452,J452,,berkeley_only,1.0,accepted,150.0,,,False
P::B::J402,J402,,berkeley_only,1.0,accepted,991.0,,,False
P::B::J401,J401,,berkeley_only,1.0,accepted,20.0,,,False
P::B::J404,J404,,berkeley_only,1.0,accepted,1078.0,,,False
P::B::J403,J403,,berkeley_only,1.0,accepted,49.9,,,False
P::B::J398,J398,,berkeley_only,1.0,accepted,204.0,,,False
P::B::J397,J397,,berkeley_only,1.0,accepted,153.0,,,False
P::B::J400,J400,,berkeley_only,1.0,accepted,62.5,,,False
P::B::J399,J399,,berkeley_only,1.0,accepted,232.0,,,False
P::B::J410,J410,,berkeley_only,1.0,accepted,300.0,,,False
P::B::J409,J409,,berkeley_only,1.0,accepted,150.0,,,False
P::B::J412,J412,,berkeley_only,1.0,accepted,200.0,,,False
P::B::J411,J411,,berkeley_only,1.0,accepted,300.0,,,False
P::B::J406,J406,,berkeley_only,1.0,accepted,4.0,,,False
P::B::J405,J405,,berkeley_only,1.0,accepted,40.0,,,False
P::B::J408,J408,,berkeley_only,1.0,accepted,200.0,,,False
P::B::J514,J514,,berkeley_only,1.0,accepted,65.0,,,False
P::B::J407,J407,,berkeley_only,1.0,accepted,200.0,,,False
P::B::G973,G973,,berkeley_only,1.0,accepted,501.0,,,False
P::B::G972,G972,,berkeley_only,1.0,accepted,400.0,,,False
P::B::G971,G971,,berkeley_only,1.0,accepted,20.0,,,False
P::B::G970,G970,,berkeley_only,1.0,accepted,100.0,,,False
P::B::G969,G969,,berkeley_only,1.0,accepted,18.0,,,False
P::B::G968,G968,,berkeley_only,1.0,accepted,100.0,,,False
P::B::G967,G967,,berkeley_only,1.0,accepted,101.0,,,False
P::B::G966,G966,,berkeley_only,1.0,accepted,100.0,,,False
P::B::G965,G965,,berkeley_only,1.0,accepted,300.0,,,False
P::B::G964,G964,,berkeley_only,1.0,accepted,300.0,,,False
P::B::G963,G963,,berkeley_only,1.0,accepted,200.0,,,False
P::B::G962,G962,,berkeley_only,1.0,accepted,100.0,,,False
P::B::G961,G961,,berkeley_only,1.0,accepted,200.0,,,False
P::B::G960,G960,,berkeley_only,1.0,accepted,200.0,,,False
P::B::G959,G959,,berkeley_only,1.0,accepted,200.0,,,False
P::B::G958,G958,,berkeley_only,1.0,accepted,120.0,,,False
P::B::G957,G957,,berkeley_only,1.0,accepted,300.0,,,False
P::B::G975,G975,,berkeley_only,1.0,accepted,855.0,,,False
P::B::G956,G956,,berkeley_only,1.0,accepted,50.0,,,False
P::B::G976,G976,,berkeley_only,1.0,accepted,18.0,,,False
P::B::G978,G978,,berkeley_only,1.0,accepted,100.0,,,False
P::B::G996,G996,,berkeley_only,1.0,accepted,150.0,,,False
P::B::G995,G995,,berkeley_only,1.0,accepted,99.0,,,False
P::B::G994,G994,,berkeley_only,1.0,accepted,19.5,,,False
P::B::G993,G993,,berkeley_only,1.0,accepted,20.0,,,False
P::B::G991,G991,,berkeley_only,1.0,accepted,200.0,,,False
P::B::G990,G990,,berkeley_only,1.0,accepted,52.0,,,False
P::B::G989,G989,,berkeley_only,1.0,accepted,330.0,,,False
P::B::G988,G988,,berkeley_only,1.0,accepted,200.0,,,False
P::B::G987,G987,,berkeley_only,1.0,accepted,400.0,,,False
P::B::G986,G986,,berkeley_only,1.0,accepted,99.0,,,False
P::B::G985,G985,,berkeley_only,1.0,accepted,200.0,,,False
P::B::G984,G984,,berkeley_only,1.0,accepted,42.0,,,False
P::B::G983,G983,,berkeley_only,1.0,accepted,42.0,,,False
P::B::G982,G982,,berkeley_only,1.0,accepted,300.0,,,False
P::B::G981,G981,,berkeley_only,1.0,accepted,19.5,,,False
P::B::G980,G980,,berkeley_only,1.0,accepted,60.0,,,False
P::B::G979,G979,,berkeley_only,1.0,accepted,100.0,,,False
P::B::G977,G977,,berkeley_only,1.0,accepted,101.0,,,False
P::B::G997,G997,,berkeley_only,1.0,accepted,50.0,,,False
P::B::G955,G955,,berkeley_only,1.0,accepted,99.0,,,False
P::B::G953,G953,,berkeley_only,1.0,accepted,50.0,,,False
P::B::G925,G925,,berkeley_only,1.0,accepted,300.0,,,False
P::B::G924,G924,,berkeley_only,1.0,accepted,300.0,,,False
P::B::G923,G923,,berkeley_only,1.0,accepted,200.0,,,False
P::B::G922,G922,,berkeley_only,1.0,accepted,120.0,,,False
P::B::G920,G920,,berkeley_only,1.0,accepted,-15.0,,,False
P::B::G918,G918,,berkeley_only,1.0,accepted,120.0,,,False
P::B::G916,G916,,berkeley_only,1.0,accepted,53.0,,,False
P::B::G915,G915,,berkeley_only,1.0,accepted,150.0,,,False
P::B::G914,G914,,berkeley_only,1.0,accepted,137.0,,,False
P::B::G913,G913,,berkeley_only,1.0,accepted,201.0,,,False
P::B::G912,G912,,berkeley_only,1.0,accepted,99.0,,,False
P::B::G911,G911,,berkeley_only,1.0,accepted,99.0,,,False
P::B::G910,G910,,berkeley_only,1.0,accepted,99.0,,,False
P::B::G909,G909,,berkeley_only,1.0,accepted,150.0,,,False
P::B::G908,G908,,berkeley_only,1.0,accepted,150.0,,,False
P::B::G907,G907,,berkeley_only,1.0,accepted,450.0,,,False
P::B::G906,G906,,berkeley_only,1.0,accepted,200.0,,,False
P::B::G927,G927,,berkeley_only,1.0,accepted,2.0,,,False
P::B::G954,G954,,berkeley_only,1.0,accepted,50.0,,,False
P::B::G929,G929,,berkeley_only,1.0,accepted,60.8,,,False
P::B::G931,G931,,berkeley_only,1.0,accepted,150.0,,,False
P::B::G952,G952,,berkeley_only,1.0,accepted,100.0,,,False
P::B::G951,G951,,berkeley_only,1.0,accepted,99.0,,,False
P::B::G950,G950,,berkeley_only,1.0,accepted,25.0,,,False
P::B::G949,G949,,berkeley_only,1.0,accepted,200.0,,,False
P::B::G948,G948,,berkeley_only,1.0,accepted,249.6,,,False
P::B::G947,G947,,berkeley_only,1.0,accepted,99.0,,,False
P::B::G944,G944,,berkeley_only,1.0,accepted,150.0,,,False
P::B::G943,G943,,berkeley_only,1.0,accepted,150.0,,,False
P::B::G942,G942,,berkeley_only,1.0,accepted,24.0,,,False
P::B::G941,G941,,berkeley_only,1.0,accepted,67.0,,,False
P::B::G940,G940,,berkeley_only,1.0,accepted,105.0,,,False
P::B::G939,G939,,berkeley_only,1.0,accepted,250.0,,,False
P::B::G938,G938,,berkeley_only,1.0,accepted,1.0,,,False
P::B::G937,G937,,berkeley_only,1.0,accepted,200.0,,,False
P::B::G935,G935,,berkeley_only,1.0,accepted,201.0,,,False
P::B::G934,G934,,berkeley_only,1.0,accepted,150.0,,,False
P::B::G932,G932,,berkeley_only,1.0,accepted,56.0,,,False
P::B::G930,G930,,berkeley_only,1.0,accepted,60.0,,,False
P::B::G905,G905,,berkeley_only,1.0,accepted,200.0,,,False
P::B::G998,G998,,berkeley_only,1.0,accepted,200.0,,,False
P::B::H001,H001,,berkeley_only,1.0,accepted,200.0,,,False
P::B::H060,H060,,berkeley_only,1.0,accepted,270.0,,,False
P::B::H059,H059,,berkeley_only,1.0,accepted,40.0,,,False
P::B::H058,H058,,berkeley_only,1.0,accepted,45.0,,,False
P::B::H057,H057,,berkeley_only,1.0,accepted,40.0,,,False
P::B::H056,H056,,berkeley_only,1.0,accepted,40.0,,,False
P::B::H055,H055,,berkeley_only,1.0,accepted,40.0,,,False
P::B::H054,H054,,berkeley_only,1.0,accepted,40.0,,,False
P::B::H053,H053,,berkeley_only,1.0,accepted,50.0,,,False
P::B::H052,H052,,berkeley_only,1.0,accepted,50.0,,,False
P::B::H051,H051,,berkeley_only,1.0,accepted,40.0,,,False
P::B::H050,H050,,berkeley_only,1.0,accepted,200.0,,,False
P::B::H049,H049,,berkeley_only,1.0,accepted,45.0,,,False
P::B::H048,H048,,berkeley_only,1.0,accepted,50.0,,,False
P::B::H047,H047,,berkeley_only,1.0,accepted,35.0,,,False
P::B::H046,H046,,berkeley_only,1.0,accepted,100.0,,,False
P::B::H045,H045,,berkeley_only,1.0,accepted,50.0,,,False
P::B::H044,H044,,berkeley_only,1.0,accepted,75.0,,,False
P::B::H061,H061,,berkeley_only,1.0,accepted,39.0,,,False
P::B::H043,H043,,berkeley_only,1.0,accepted,50.0,,,False
P::B::H062,H062,,berkeley_only,1.0,accepted,39.0,,,False
P::B::H064,H064,,berkeley_only,1.0,accepted,39.0,,,False
P::B::H081,H081,,berkeley_only,1.0,accepted,201.0,,,False
P::B::H080,H080,,berkeley_only,1.0,accepted,200.0,,,False
P::B::H079,H079,,berkeley_only,1.0,accepted,200.0,,,False
P::B::H078,H078,,berkeley_only,1.0,accepted,121.0,,,False
P::B::H077,H077,,berkeley_only,1.0,accepted,250.0,,,False
P::B::H076,H076,,berkeley_only,1.0,accepted,74.0,,,False
P::B::H075,H075,,berkeley_only,1.0,accepted,43.2,,,False
P::B::H074,H074,,berkeley_only,1.0,accepted,47.5,,,False
P::B::H073,H073,,berkeley_only,1.0,accepted,100.0,,,False
P::B::H072,H072,,berkeley_only,1.0,accepted,200.0,,,False
P::B::H071,H071,,berkeley_only,1.0,accepted,40.0,,,False
P::B::H070,H070,,berkeley_only,1.0,accepted,85.0,,,False
P::B::H069,H069,,berkeley_only,1.0,accepted,55.0,,,False
P::B::H068,H068,,berkeley_only,1.0,accepted,40.0,,,False
P::B::H067,H067,,berkeley_only,1.0,accepted,40.0,,,False
P::B::H066,H066,,berkeley_only,1.0,accepted,70.0,,,False
P::B::H065,H065,,berkeley_only,1.0,accepted,40.0,,,False
P::B::H063,H063,,berkeley_only,1.0,accepted,40.0,,,False
P::B::G999,G999,,berkeley_only,1.0,accepted,200.0,,,False
P::B::H042,H042,,berkeley_only,1.0,accepted,50.0,,,False
P::B::H040,H040,,berkeley_only,1.0,accepted,81.0,,,False
P::B::H018,H018,,berkeley_only,1.0,accepted,150.0,,,False
P::B::H017,H017,,berkeley_only,1.0,accepted,100.0,,,False
P::B::H016,H016,,berkeley_only,1.0,accepted,200.0,,,False
P::B::H015,H015,,berkeley_only,1.0,accepted,200.0,,,False
P::B::H014,H014,,berkeley_only,1.0,accepted,300.0,,,False
P::B::H013,H013,,berkeley_only,1.0,accepted,200.0,,,False
P::B::H012,H012,,berkeley_only,1.0,accepted,150.0,,,False
P::B::H011,H011,,berkeley_only,1.0,accepted,250.0,,,False
P::B::H010,H010,,berkeley_only,1.0,accepted,182.0,,,False
P::B::H009,H009,,berkeley_only,1.0,accepted,150.0,,,False
P::B::H008,H008,,berkeley_only,1.0,accepted,36.0,,,False
P::B::H007,H007,,berkeley_only,1.0,accepted,41.0,,,False
P::B::H006,H006,,berkeley_only,1.0,accepted,100.0,,,False
P::B::H005,H005,,berkeley_only,1.0,accepted,300.0,,,False
P::B::H004,H004,,berkeley_only,1.0,accepted,860.0,,,False
P::B::H003,H003,,berkeley_only,1.0,accepted,200.0,,,False
P::B::H002,H002,,berkeley_only,1.0,accepted,200.0,,,False
P::B::H019,H019,,berkeley_only,1.0,accepted,150.0,,,False
P::B::H041,H041,,berkeley_only,1.0,accepted,400.0,,,False
P::B::H020,H020,,berkeley_only,1.0,accepted,200.0,,,False
P::B::H022,H022,,berkeley_only,1.0,accepted,33.0,,,False
P::B::H039,H039,,berkeley_only,1.0,accepted,71.0,,,False
P::B::H038,H038,,berkeley_only,1.0,accepted,200.0,,,False
P::B::H037,H037,,berkeley_only,1.0,accepted,135.0,,,False
P::B::H036,H036,,berkeley_only,1.0,accepted,30.0,,,False
P::B::H035,H035,,berkeley_only,1.0,accepted,15.0,,,False
P::B::H034,H034,,berkeley_only,1.0,accepted,36.0,,,False
P::B::H033,H033,,berkeley_only,1.0,accepted,300.0,,,False
P::B::H032,H032,,berkeley_only,1.0,accepted,180.0,,,False
P::B::H031,H031,,berkeley_only,1.0,accepted,160.0,,,False
P::B::H030,H030,,berkeley_only,1.0,accepted,200.0,,,False
P::B::H029,H029,,berkeley_only,1.0,accepted,268.0,,,False
P::B::H028,H028,,berkeley_only,1.0,accepted,299.0,,,False
P::B::H027,H027,,berkeley_only,1.0,accepted,200.0,,,False
P::B::H026,H026,,berkeley_only,1.0,accepted,150.0,,,False
P::B::H025,H025,,berkeley_only,1.0,accepted,200.0,,,False
P::B::H024,H024,,berkeley_only,1.0,accepted,48.0,,,False
P::B::H023,H023,,berkeley_only,1.0,accepted,135.0,,,False
P::B::H021,H021,,berkeley_only,1.0,accepted,138.6,,,False
P::B::H082,H082,,berkeley_only,1.0,accepted,500.0,,,False
P::B::G904,G904,,berkeley_only,1.0,accepted,150.0,,,False
P::B::G902,G902,,berkeley_only,1.0,accepted,1500.0,,,False
P::B::G772,G772,,berkeley_only,1.0,accepted,200.0,,,False
P::B::G771,G771,,berkeley_only,1.0,accepted,200.0,,,False
P::B::G770,G770,,berkeley_only,1.0,accepted,100.0,,,False
P::B::G769,G769,,berkeley_only,1.0,accepted,50.0,,,False
P::B::G768,G768,,berkeley_only,1.0,accepted,50.0,,,False
P::B::G767,G767,,berkeley_only,1.0,accepted,30.0,,,False
P::B::G766,G766,,berkeley_only,1.0,accepted,300.0,,,False
P::B::G765,G765,,berkeley_only,1.0,accepted,240.0,,,False
P::B::G764,G764,,berkeley_only,1.0,accepted,241.5,,,False
P::B::G763,G763,,berkeley_only,1.0,accepted,50.0,,,False
P::B::G762,G762,,berkeley_only,1.0,accepted,150.39,,,False
P::B::G761,G761,,berkeley_only,1.0,accepted,28.0,,,False
P::B::G760,G760,,berkeley_only,1.0,accepted,135.0,,,False
P::B::G759,G759,,berkeley_only,1.0,accepted,84.8,,,False
P::B::G758,G758,,berkeley_only,1.0,accepted,550.0,,,False
P::B::G757,G757,,berkeley_only,1.0,accepted,200.0,,,False
P::B::G756,G756,,berkeley_only,1.0,accepted,100.8,,,False
P::B::G773,G773,,berkeley_only,1.0,accepted,150.0,,,False
P::B::G755,G755,,berkeley_only,1.0,accepted,50.0,,,False
P::B::G774,G774,,berkeley_only,1.0,accepted,70.0,,,False
P::B::G776,G776,,berkeley_only,1.0,accepted,200.0,,,False
P::B::G799,G799,,berkeley_only,1.0,accepted,120.0,,,False
P::B::G798,G798,,berkeley_only,1.0,accepted,150.0,,,False
P::B::G797,G797,,berkeley_only,1.0,accepted,30.0,,,False
P::B::G796,G796,,berkeley_only,1.0,accepted,300.0,,,False
P::B::G793,G793,,berkeley_only,1.0,accepted,100.0,,,False
P::B::G792,G792,,berkeley_only,1.0,accepted,50.0,,,False
P::B::G790,G790,,berkeley_only,1.0,accepted,150.0,,,False
P::B::G789,G789,,berkeley_only,1.0,accepted,20.0,,,False
P::B::G788,G788,,berkeley_only,1.0,accepted,49.0,,,False
P::B::G784,G784,,berkeley_only,1.0,accepted,122.0,,,False
P::B::G783,G783,,berkeley_only,1.0,accepted,122.0,,,False
P::B::G782,G782,,berkeley_only,1.0,accepted,42.0,,,False
P::B::G781,G781,,berkeley_only,1.0,accepted,150.0,,,False
P::B::G780,G780,,berkeley_only,1.0,accepted,578.0,,,False
P::B::G779,G779,,berkeley_only,1.0,accepted,259.9,,,False
P::B::G778,G778,,berkeley_only,1.0,accepted,5.9,,,False
P::B::G777,G777,,berkeley_only,1.0,accepted,20.0,,,False
P::B::G775,G775,,berkeley_only,1.0,accepted,200.0,,,False
P::B::G800,G800,,berkeley_only,1.0,accepted,250.0,,,False
P::B::G754,G754,,berkeley_only,1.0,accepted,50.0,,,False
P::B::G752,G752,,berkeley_only,1.0,accepted,150.0,,,False
P::B::G729,G729,,berkeley_only,1.0,accepted,2.5,,,False
P::B::G728,G728,,berkeley_only,1.0,accepted,300.0,,,False
P::B::G727,G727,,berkeley_only,1.0,accepted,100.0,,,False
P::B::G726,G726,,berkeley_only,1.0,accepted,30.0,,,False
P::B::G725,G725,,berkeley_only,1.0,accepted,13.0,,,False
P::B::G724,G724,,berkeley_only,1.0,accepted,99.0,,,False
P::B::G723,G723,,berkeley_only,1.0,accepted,10.0,,,False
P::B::G722,G722,,berkeley_only,1.0,accepted,250.0,,,False
P::B::G721,G721,,berkeley_only,1.0,accepted,160.0,,,False
P::B::G720,G720,,berkeley_only,1.0,accepted,600.0,,,False
P::B::G719,G719,,berkeley_only,1.0,accepted,600.0,,,False
P::B::G718,G718,,berkeley_only,1.0,accepted,900.0,,,False
P::B::G716,G716,,berkeley_only,1.0,accepted,150.0,,,False
P::B::G715,G715,,berkeley_only,1.0,accepted,76.0,,,False
P::B::G713,G713,,berkeley_only,1.0,accepted,200.0,,,False
P::B::G712,G712,,berkeley_only,1.0,accepted,513.0,,,False
P::B::G710,G710,,berkeley_only,1.0,accepted,10.0,,,False
P::B::G730,G730,,berkeley_only,1.0,accepted,73.5,,,False
P::B::G753,G753,,berkeley_only,1.0,accepted,300.0,,,False
P::B::G731,G731,,berkeley_only,1.0,accepted,750.0,,,False
P::B::G733,G733,,berkeley_only,1.0,accepted,1650.0,,,False
P::B::G751,G751,,berkeley_only,1.0,accepted,200.0,,,False
P::B::G750,G750,,berkeley_only,1.0,accepted,200.0,,,False
P::B::G749,G749,,berkeley_only,1.0,accepted,50.0,,,False
P::B::G747,G747,,berkeley_only,1.0,accepted,100.0,,,False
P::B::G746,G746,,berkeley_only,1.0,accepted,200.0,,,False
P::B::G745,G745,,berkeley_only,1.0,accepted,130.0,,,False
P::B::G744,G744,,berkeley_only,1.0,accepted,150.0,,,False
P::B::G743,G743,,berkeley_only,1.0,accepted,45.0,,,False
P::B::G742,G742,,berkeley_only,1.0,accepted,120.0,,,False
P::B::G741,G741,,berkeley_only,1.0,accepted,8.0,,,False
P::B::G740,G740,,berkeley_only,1.0,accepted,150.0,,,False
P::B::G739,G739,,berkeley_only,1.0,accepted,450.0,,,False
P::B::G738,G738,,berkeley_only,1.0,accepted,300.0,,,False
P::B::G737,G737,,berkeley_only,1.0,accepted,100.0,,,False
P::B::G736,G736,,berkeley_only,1.0,accepted,200.0,,,False
P::B::G735,G735,,berkeley_only,1.0,accepted,200.0,,,False
P::B::G734,G734,,berkeley_only,1.0,accepted,101.0,,,False
P::B::G732,G732,,berkeley_only,1.0,accepted,34.0,,,False
P::B::G903,G903,,berkeley_only,1.0,accepted,2000.0,,,False
P::B::G801,G801,,berkeley_only,1.0,accepted,50.0,,,False
P::B::G803,G803,,berkeley_only,1.0,accepted,150.0,,,False
P::B::G876,G876,,berkeley_only,1.0,accepted,25.0,,,False
P::B::G875,G875,,berkeley_only,1.0,accepted,80.0,,,False
P::B::G873,G873,,berkeley_only,1.0,accepted,20.0,,,False
P::B::G872,G872,,berkeley_only,1.0,accepted,875.0,,,False
P::B::G871,G871,,berkeley_only,1.0,accepted,201.0,,,False
P::B::G870,G870,,berkeley_only,1.0,accepted,201.0,,,False
P::B::G869,G869,,berkeley_only,1.0,accepted,200.0,,,False
P::B::G868,G868,,berkeley_only,1.0,accepted,23.0,,,False
P::B::G867,G867,,berkeley_only,1.0,accepted,1563.0,,,False
P::B::G865,G865,,berkeley_only,1.0,accepted,201.0,,,False
P::B::G864,G864,,berkeley_only,1.0,accepted,200.0,,,False
P::B::G861,G861,,berkeley_only,1.0,accepted,960.0,,,False
P::B::G860,G860,,berkeley_only,1.0,accepted,900.0,,,False
P::B::G859,G859,,berkeley_only,1.0,accepted,600.0,,,False
P::B::G858,G858,,berkeley_only,1.0,accepted,38.0,,,False
P::B::G857,G857,,berkeley_only,1.0,accepted,400.0,,,False
P::B::G855,G855,,berkeley_only,1.0,accepted,200.0,,,False
P::B::G877,G877,,berkeley_only,1.0,accepted,40.0,,,False
P::B::G854,G854,,berkeley_only,1.0,accepted,150.0,,,False
P::B::G878,G878,,berkeley_only,1.0,accepted,150.0,,,False
P::B::G882,G882,,berkeley_only,1.0,accepted,1500.0,,,False
P::B::G901,G901,,berkeley_only,1.0,accepted,600.0,,,False
P::B::G900,G900,,berkeley_only,1.0,accepted,1000.0,,,False
P::B::G899,G899,,berkeley_only,1.0,accepted,1000.0,,,False
P::B::G898,G898,,berkeley_only,1.0,accepted,1500.0,,,False
P::B::G897,G897,,berkeley_only,1.0,accepted,1500.0,,,False
P::B::G896,G896,,berkeley_only,1.0,accepted,1500.0,,,False
P::B::G895,G895,,berkeley_only,1.0,accepted,1500.0,,,False
P::B::G894,G894,,berkeley_only,1.0,accepted,49.5,,,False
P::B::G893,G893,,berkeley_only,1.0,accepted,80.0,,,False
P::B::G891,G891,,berkeley_only,1.0,accepted,42.0,,,False
P::B::G890,G890,,berkeley_only,1.0,accepted,200.0,,,False
P::B::G889,G889,,berkeley_only,1.0,accepted,59.4,,,False
P::B::G888,G888,,berkeley_only,1.0,accepted,50.0,,,False
P::B::G887,G887,,berkeley_only,1.0,accepted,20.0,,,False
P::B::G885,G885,,berkeley_only,1.0,accepted,199.5,,,False
P::B::G884,G884,,berkeley_only,1.0,accepted,1500.0,,,False
P::B::G883,G883,,berkeley_only,1.0,accepted,1500.0,,,False
P::B::G879,G879,,berkeley_only,1.0,accepted,150.0,,,False
P::B::G802,G802,,berkeley_only,1.0,accepted,125.0,,,False
P::B::G853,G853,,berkeley_only,1.0,accepted,600.0,,,False
P::B::G851,G851,,berkeley_only,1.0,accepted,250.0,,,False
P::B::G826,G826,,berkeley_only,1.0,accepted,200.0,,,False
P::B::G825,G825,,berkeley_only,1.0,accepted,100.0,,,False
P::B::G824,G824,,berkeley_only,1.0,accepted,200.0,,,False
P::B::G823,G823,,berkeley_only,1.0,accepted,300.0,,,False
P::B::G821,G821,,berkeley_only,1.0,accepted,199.5,,,False
P::B::G820,G820,,berkeley_only,1.0,accepted,600.0,,,False
P::B::G818,G818,,berkeley_only,1.0,accepted,20.0,,,False
P::B::G817,G817,,berkeley_only,1.0,accepted,5.9,,,False
P::B::G814,G814,,berkeley_only,1.0,accepted,36.0,,,False
P::B::G813,G813,,berkeley_only,1.0,accepted,100.0,,,False
P::B::G812,G812,,berkeley_only,1.0,accepted,20.0,,,False
P::B::G810,G810,,berkeley_only,1.0,accepted,101.0,,,False
P::B::G809,G809,,berkeley_only,1.0,accepted,193.0,,,False
P::B::G807,G807,,berkeley_only,1.0,accepted,20.0,,,False
P::B::G806,G806,,berkeley_only,1.0,accepted,19.0,,,False
P::B::G805,G805,,berkeley_only,1.0,accepted,300.0,,,False
P::B::G804,G804,,berkeley_only,1.0,accepted,250.0,,,False
P::B::G827,G827,,berkeley_only,1.0,accepted,100.0,,,False
P::B::G852,G852,,berkeley_only,1.0,accepted,300.0,,,False
P::B::G828,G828,,berkeley_only,1.0,accepted,76.0,,,False
P::B::G830,G830,,berkeley_only,1.0,accepted,99.0,,,False
P::B::G850,G850,,berkeley_only,1.0,accepted,250.0,,,False
P::B::G849,G849,,berkeley_only,1.0,accepted,84.0,,,False
P::B::G848,G848,,berkeley_only,1.0,accepted,80.0,,,False
P::B::G847,G847,,berkeley_only,1.0,accepted,62.0,,,False
P::B::G846,G846,,berkeley_only,1.0,accepted,4.0,,,False
P::B::G845,G845,,berkeley_only,1.0,accepted,60.0,,,False
P::B::G844,G844,,berkeley_only,1.0,accepted,60.0,,,False
P::B::G843,G843,,berkeley_only,1.0,accepted,100.0,,,False
P::B::G842,G842,,berkeley_only,1.0,accepted,250.0,,,False
P::B::G841,G841,,berkeley_only,1.0,accepted,250.0,,,False
P::B::G837,G837,,berkeley_only,1.0,accepted,25.0,,,False
P::B::G836,G836,,berkeley_only,1.0,accepted,200.0,,,False
P::B::G835,G835,,berkeley_only,1.0,accepted,200.0,,,False
P::B::G834,G834,,berkeley_only,1.0,accepted,53.0,,,False
P::B::G833,G833,,berkeley_only,1.0,accepted,53.0,,,False
P::B::G832,G832,,berkeley_only,1.0,accepted,20.0,,,False
P::B::G831,G831,,berkeley_only,1.0,accepted,50.0,,,False
P::B::G829,G829,,berkeley_only,1.0,accepted,100.0,,,False
P::B::G706,G706,,berkeley_only,1.0,accepted,99.0,,,False
P::B::H083,H083,,berkeley_only,1.0,accepted,200.0,,,False
P::B::H085,H085,,berkeley_only,1.0,accepted,200.0,,,False
P::B::J109,J109,,berkeley_only,1.0,accepted,99.0,,,False
P::B::J108,J108,,berkeley_only,1.0,accepted,165.0,,,False
P::B::J111,J111,,berkeley_only,1.0,accepted,150.0,,,False
P::B::J110,J110,,berkeley_only,1.0,accepted,7.5,,,False
P::B::J105,J105,,berkeley_only,1.0,accepted,80.0,,,False
P::B::J104,J104,,berkeley_only,1.0,accepted,25.62,,,False
P::B::J107,J107,,berkeley_only,1.0,accepted,200.0,,,False
P::B::J106,J106,,berkeley_only,1.0,accepted,32.0,,,False
P::B::J116,J116,,berkeley_only,1.0,accepted,999.0,,,False
P::B::J117,J117,,berkeley_only,1.0,accepted,9.12,,,False
P::B::J118,J118,,berkeley_only,1.0,accepted,50.0,,,False
P::B::J115,J115,,berkeley_only,1.0,accepted,500.0,,,False
P::B::J113,J113,,berkeley_only,1.0,accepted,100.5,,,False
P::B::J112,J112,,berkeley_only,1.0,accepted,4.94,,,False
P::B::J114,J114,,berkeley_only,1.0,accepted,150.0,,,False
P::B::H084,H084,,berkeley_only,1.0,accepted,200.0,,,False
P::B::J033,J033,,berkeley_only,1.0,accepted,4.94,,,False
P::B::J032,J032,,berkeley_only,1.0,accepted,4.94,,,False
P::B::J031,J031,,berkeley_only,1.0,accepted,250.0,,,False
P::B::J030,J030,,berkeley_only,1.0,accepted,198.0,,,False
P::B::J029,J029,,berkeley_only,1.0,accepted,102.0,,,False
P::B::J028,J028,,berkeley_only,1.0,accepted,200.0,,,False
P::B::J027,J027,,berkeley_only,1.0,accepted,48.3,,,False
P::B::J026,J026,,berkeley_only,1.0,accepted,50.0,,,False
P::B::J025,J025,,berkeley_only,1.0,accepted,12.8,,,False
P::B::J024,J024,,berkeley_only,1.0,accepted,201.0,,,False
P::B::J023,J023,,berkeley_only,1.0,accepted,6.0,,,False
P::B::J022,J022,,berkeley_only,1.0,accepted,6.0,,,False
P::B::J021,J021,,berkeley_only,1.0,accepted,41.15,,,False
P::B::J020,J020,,berkeley_only,1.0,accepted,24.35,,,False
P::B::J019,J019,,berkeley_only,1.0,accepted,100.0,,,False
P::B::J018,J018,,berkeley_only,1.0,accepted,100.0,,,False
P::B::J017,J017,,berkeley_only,1.0,accepted,200.0,,,False
P::B::J034,J034,,berkeley_only,1.0,accepted,175.0,,,False
P::B::J016,J016,,berkeley_only,1.0,accepted,200.0,,,False
P::B::J035,J035,,berkeley_only,1.0,accepted,4.94,,,False
P::B::J037,J037,,berkeley_only,1.0,accepted,64.5,,,False
P::B::J054,J054,,berkeley_only,1.0,accepted,197.8,,,False
P::B::J053,J053,,berkeley_only,1.0,accepted,200.0,,,False
P::B::J052,J052,,berkeley_only,1.0,accepted,100.0,,,False
P::B::J051,J051,,berkeley_only,1.0,accepted,200.0,,,False
P::B::J050,J050,,berkeley_only,1.0,accepted,250.0,,,False
P::B::J049,J049,,berkeley_only,1.0,accepted,16.0,,,False
P::B::J048,J048,,berkeley_only,1.0,accepted,140.0,,,False
P::B::J047,J047,,berkeley_only,1.0,accepted,32.5,,,False
P::B::J046,J046,,berkeley_only,1.0,accepted,31.0,,,False
P::B::J045,J045,,berkeley_only,1.0,accepted,23.1,,,False
P::B::J044,J044,,berkeley_only,1.0,accepted,99.0,,,False
P::B::J043,J043,,berkeley_only,1.0,accepted,3.2,,,False
P::B::J042,J042,,berkeley_only,1.0,accepted,199.8,,,False
P::B::J041,J041,,berkeley_only,1.0,accepted,90.0,,,False
P::B::J040,J040,,berkeley_only,1.0,accepted,50.0,,,False
P::B::J039,J039,,berkeley_only,1.0,accepted,50.0,,,False
P::B::J038,J038,,berkeley_only,1.0,accepted,498.0,,,False
P::B::J036,J036,,berkeley_only,1.0,accepted,4.94,,,False
P::B::J055,J055,,berkeley_only,1.0,accepted,40.0,,,False
P::B::J015,J015,,berkeley_only,1.0,accepted,100.0,,,False
P::B::J013,J013,,berkeley_only,1.0,accepted,200.0,,,False
P::B::IP01,IP01,,berkeley_only,1.0,accepted,50.0,,,False
P::B::H101,H101,,berkeley_only,1.0,accepted,50.0,,,False
P::B::H100,H100,,berkeley_only,1.0,accepted,200.0,,,False
P::B::H099,H099,,berkeley_only,1.0,accepted,150.0,,,False
P::B::H098,H098,,berkeley_only,1.0,accepted,200.0,,,False
P::B::H097,H097,,berkeley_only,1.0,accepted,120.6,,,False
P::B::H096,H096,,berkeley_only,1.0,accepted,50.0,,,False
P::B::H095,H095,,berkeley_only,1.0,accepted,550.0,,,False
P::B::H094,H094,,berkeley_only,1.0,accepted,99.0,,,False
P::B::H093,H093,,berkeley_only,1.0,accepted,5.0,,,False
P::B::H092,H092,,berkeley_only,1.0,accepted,60.0,,,False
P::B::H091,H091,,berkeley_only,1.0,accepted,101.0,,,False
P::B::H090,H090,,berkeley_only,1.0,accepted,60.0,,,False
P::B::H089,H089,,berkeley_only,1.0,accepted,200.0,,,False
P::B::H088,H088,,berkeley_only,1.0,accepted,150.0,,,False
P::B::H087,H087,,berkeley_only,1.0,accepted,300.0,,,False
P::B::H086,H086,,berkeley_only,1.0,accepted,299.2,,,False
P::B::IP02,IP02,,berkeley_only,1.0,accepted,79.19,,,False
P::B::J014,J014,,berkeley_only,1.0,accepted,100.0,,,False
P::B::IP03,IP03,,berkeley_only,1.0,accepted,79.0,,,False
P::B::IP05,IP05,,berkeley_only,1.0,accepted,1500.0,,,False
P::B::J012,J012,,berkeley_only,1.0,accepted,28.0,,,False
P::B::J011,J011,,berkeley_only,1.0,accepted,150.0,,,False
P::B::J010,J010,,berkeley_only,1.0,accepted,23.0,,,False
P::B::J009,J009,,berkeley_only,1.0,accepted,250.0,,,False
P::B::J008,J008,,berkeley_only,1.0,accepted,150.0,,,False
P::B::J007,J007,,berkeley_only,1.0,accepted,250.0,,,False
P::B::J006,J006,,berkeley_only,1.0,accepted,25.0,,,False
P::B::J005,J005,,berkeley_only,1.0,accepted,17.5,,,False
P::B::J004,J004,,berkeley_only,1.0,accepted,200.0,,,False
P::B::J003,J003,,berkeley_only,1.0,accepted,20.0,,,False
P::B::J002,J002,,berkeley_only,1.0,accepted,100.0,,,False
P::B::J001,J001,,berkeley_only,1.0,accepted,150.0,,,False
P::B::IP17,IP17,,berkeley_only,1.0,accepted,550.0,,,False
P::B::IP14,IP14,,berkeley_only,1.0,accepted,1500.0,,,False
P::B::IP12,IP12,,berkeley_only,1.0,accepted,500.0,,,False
P::B::IP11,IP11,,berkeley_only,1.0,accepted,500.0,,,False
P::B::IP08,IP08,,berkeley_only,1.0,accepted,80.0,,,False
P::B::IP04,IP04,,berkeley_only,1.0,accepted,150.0,,,False
P::B::J056,J056,,berkeley_only,1.0,accepted,100.8,,,False
P::B::J058,J058,,berkeley_only,1.0,accepted,4.94,,,False
P::B::J101,J101,,berkeley_only,1.0,accepted,300.0,,,False
P::B::J100,J100,,berkeley_only,1.0,accepted,300.0,,,False
P::B::J103,J103,,berkeley_only,1.0,accepted,20.0,,,False
P::B::J102,J102,,berkeley_only,1.0,accepted,26.0,,,False
P::B::J057,J057,,berkeley_only,1.0,accepted,200.0,,,False
P::B::J099,J099,,berkeley_only,1.0,accepted,48.6,,,False
P::B::J097,J097,,berkeley_only,1.0,accepted,200.0,,,False
P::B::J075,J075,,berkeley_only,1.0,accepted,150.0,,,False
P::B::J074,J074,,berkeley_only,1.0,accepted,350.0,,,False
P::B::J073,J073,,berkeley_only,1.0,accepted,194.0,,,False
P::B::J072,J072,,berkeley_only,1.0,accepted,200.1,,,False
P::B::J071,J071,,berkeley_only,1.0,accepted,112.0,,,False
P::B::J070,J070,,berkeley_only,1.0,accepted,49.2,,,False
P::B::J069,J069,,berkeley_only,1.0,accepted,3.9,,,False
P::B::J068,J068,,berkeley_only,1.0,accepted,100.0,,,False
P::B::J067,J067,,berkeley_only,1.0,accepted,300.0,,,False
P::B::J066,J066,,berkeley_only,1.0,accepted,60.0,,,False
P::B::J065,J065,,berkeley_only,1.0,accepted,29.0,,,False
P::B::J064,J064,,berkeley_only,1.0,accepted,100.0,,,False
P::B::J063,J063,,berkeley_only,1.0,accepted,200.0,,,False
P::B::J062,J062,,berkeley_only,1.0,accepted,250.0,,,False
P::B::J061,J061,,berkeley_only,1.0,accepted,70.0,,,False
P::B::J060,J060,,berkeley_only,1.0,accepted,29.0,,,False
P::B::J059,J059,,berkeley_only,1.0,accepted,99.0,,,False
P::B::J076,J076,,berkeley_only,1.0,accepted,151.2,,,False
P::B::J098,J098,,berkeley_only,1.0,accepted,150.0,,,False
P::B::J077,J077,,berkeley_only,1.0,accepted,50.0,,,False
P::B::J079,J079,,berkeley_only,1.0,accepted,29.0,,,False
P::B::J096,J096,,berkeley_only,1.0,accepted,150.0,,,False
P::B::J095,J095,,berkeley_only,1.0,accepted,300.0,,,False
P::B::J094,J094,,berkeley_only,1.0,accepted,200.0,,,False
P::B::J093,J093,,berkeley_only,1.0,accepted,50.0,,,False
P::B::J092,J092,,berkeley_only,1.0,accepted,20.0,,,False
P::B::J091,J091,,berkeley_only,1.0,accepted,66.0,,,False
P::B::J090,J090,,berkeley_only,1.0,accepted,200.0,,,False
P::B::J089,J089,,berkeley_only,1.0,accepted,447.0,,,False
P::B::J088,J088,,berkeley_only,1.0,accepted,81.0,,,False
P::B::J087,J087,,berkeley_only,1.0,accepted,30.0,,,False
P::B::J086,J086,,berkeley_only,1.0,accepted,100.0,,,False
P::B::J085,J085,,berkeley_only,1.0,accepted,150.0,,,False
P::B::J084,J084,,berkeley_only,1.0,accepted,50.0,,,False
P::B::J083,J083,,berkeley_only,1.0,accepted,200.0,,,False
P::B::J082,J082,,berkeley_only,1.0,accepted,100.0,,,False
P::B::J081,J081,,berkeley_only,1.0,accepted,200.0,,,False
P::B::J080,J080,,berkeley_only,1.0,accepted,200.0,,,False
P::B::J078,J078,,berkeley_only,1.0,accepted,26.0,,,False
P::B::G705,G705,,berkeley_only,1.0,accepted,2000.0,,,False
P::B::G704,G704,,berkeley_only,1.0,accepted,1500.0,,,False
P::B::G703,G703,,berkeley_only,1.0,accepted,1500.0,,,False
P::B::G176,G176,,berkeley_only,1.0,accepted,100.0,,,False
P::B::G175,G175,,berkeley_only,1.0,accepted,49.0,,,False
P::B::G174,G174,,berkeley_only,1.0,accepted,550.0,,,False
P::B::G173,G173,,berkeley_only,1.0,accepted,300.0,,,False
P::B::G172,G172,,berkeley_only,1.0,accepted,300.0,,,False
P::B::G171,G171,,berkeley_only,1.0,accepted,14.0,,,False
P::B::G170,G170,,berkeley_only,1.0,accepted,20.0,,,False
P::B::G169,G169,,berkeley_only,1.0,accepted,120.0,,,False
P::B::G168,G168,,berkeley_only,1.0,accepted,700.0,,,False
P::B::G167,G167,,berkeley_only,1.0,accepted,1200.0,,,False
P::B::G166,G166,,berkeley_only,1.0,accepted,2400.0,,,False
P::B::G165,G165,,berkeley_only,1.0,accepted,38.0,,,False
P::B::G164,G164,,berkeley_only,1.0,accepted,200.0,,,False
P::B::G163,G163,,berkeley_only,1.0,accepted,200.0,,,False
P::B::G162,G162,,berkeley_only,1.0,accepted,200.0,,,False
P::B::G161,G161,,berkeley_only,1.0,accepted,110.0,,,False
P::B::G160,G160,,berkeley_only,1.0,accepted,45.0,,,False
P::B::G177,G177,,berkeley_only,1.0,accepted,5.0,,,False
P::B::G159,G159,,berkeley_only,1.0,accepted,500.0,,,False
P::B::G178,G178,,berkeley_only,1.0,accepted,600.0,,,False
P::B::G180,G180,,berkeley_only,1.0,accepted,600.0,,,False
P::B::G218,G218,,berkeley_only,1.0,accepted,750.0,,,False
P::B::G217 CONS 94,G217 CONS 94,,berkeley_only,1.0,accepted,510.0,,,False
P::B::G217 CONS 111,G217 CONS 111,,berkeley_only,1.0,accepted,630.0,,,False
P::B::G216 CONS 90,G216 CONS 90,,berkeley_only,1.0,accepted,80.0,,,False
P::B::G216 CONS 110,G216 CONS 110,,berkeley_only,1.0,accepted,280.0,,,False
P::B::G212 CONS 105,G212 CONS 105,,berkeley_only,1.0,accepted,200.0,,,False
P::B::G210 CONS 103,G210 CONS 103,,berkeley_only,1.0,accepted,875.0,,,False
P::B::G207 CONS 37,G207 CONS 37,,berkeley_only,1.0,accepted,560.0,,,False
P::B::G194 CONS 7,G194 CONS 7,,berkeley_only,1.0,accepted,300.0,,,False
P::B::G188,G188,,berkeley_only,1.0,accepted,2.0,,,False
P::B::G187,G187,,berkeley_only,1.0,accepted,600.0,,,False
P::B::G186,G186,,berkeley_only,1.0,accepted,600.0,,,False
P::B::G185,G185,,berkeley_only,1.0,accepted,4.0,,,False
P::B::G184,G184,,berkeley_only,1.0,accepted,14.0,,,False
P::B::G183,G183,,berkeley_only,1.0,accepted,200.0,,,False
P::B::G182,G182,,berkeley_only,1.0,accepted,600.0,,,False
P::B::G181,G181,,berkeley_only,1.0,accepted,600.0,,,False
P::B::G179,G179,,berkeley_only,1.0,accepted,600.0,,,False
P::B::G219,G219,,berkeley_only,1.0,accepted,650.0,,,False
P::B::G158,G158,,berkeley_only,1.0,accepted,500.0,,,False
P::B::G156,G156,,berkeley_only,1.0,accepted,500.0,,,False
P::B::G131,G131,,berkeley_only,1.0,accepted,500.0,,,False
P::B::G130,G130,,berkeley_only,1.0,accepted,22.0,,,False
P::B::G129,G129,,berkeley_only,1.0,accepted,600.0,,,False
P::B::G128,G128,,berkeley_only,1.0,accepted,600.0,,,False
P::B::G127,G127,,berkeley_only,1.0,accepted,600.0,,,False
P::B::G126,G126,,berkeley_only,1.0,accepted,325.0,,,False
P::B::G125,G125,,berkeley_only,1.0,accepted,325.0,,,False
P::B::G124,G124,,berkeley_only,1.0,accepted,1.0,,,False
P::B::G123,G123,,berkeley_only,1.0,accepted,2.0,,,False
P::B::G122,G122,,berkeley_only,1.0,accepted,300.0,,,False
P::B::G121,G121,,berkeley_only,1.0,accepted,6.0,,,False
P::B::G120,G120,,berkeley_only,1.0,accepted,225.0,,,False
P::B::G119,G119,,berkeley_only,1.0,accepted,750.0,,,False
P::B::G118,G118,,berkeley_only,1.0,accepted,650.0,,,False
P::B::G117,G117,,berkeley_only,1.0,accepted,324.0,,,False
P::B::G116,G116,,berkeley_only,1.0,accepted,300.0,,,False
P::B::G115,G115,,berkeley_only,1.0,accepted,100.0,,,False
P::B::G132,G132,,berkeley_only,1.0,accepted,180.0,,,False
P::B::G157,G157,,berkeley_only,1.0,accepted,500.0,,,False
P::B::G133,G133,,berkeley_only,1.0,accepted,585.0,,,False
P::B::G135,G135,,berkeley_only,1.0,accepted,660.0,,,False
P::B::G154,G154,,berkeley_only,1.0,accepted,150.0,,,False
P::B::G152,G152,,berkeley_only,1.0,accepted,530.0,,,False
P::B::G151,G151,,berkeley_only,1.0,accepted,12.0,,,False
P::B::G150,G150,,berkeley_only,1.0,accepted,12.0,,,False
P::B::G148,G148,,berkeley_only,1.0,accepted,20.0,,,False
P::B::G147,G147,,berkeley_only,1.0,accepted,100.0,,,False
P::B::G146,G146,,berkeley_only,1.0,accepted,4.0,,,False
P::B::G145,G145,,berkeley_only,1.0,accepted,85.0,,,False
P::B::G144,G144,,berkeley_only,1.0,accepted,550.0,,,False
P::B::G143,G143,,berkeley_only,1.0,accepted,250.0,,,False
P::B::G142,G142,,berkeley_only,1.0,accepted,2.0,,,False
P::B::G141,G141,,berkeley_only,1.0,accepted,46.0,,,False
P::B::G140,G140,,berkeley_only,1.0,accepted,2.0,,,False
P::B::G139,G139,,berkeley_only,1.0,accepted,250.0,,,False
P::B::G138,G138,,berkeley_only,1.0,accepted,352.0,,,False
P::B::G137,G137,,berkeley_only,1.0,accepted,560.0,,,False
P::B::G136,G136,,berkeley_only,1.0,accepted,91.0,,,False
P::B::G134,G134,,berkeley_only,1.0,accepted,840.0,,,False
P::B::G114,G114,,berkeley_only,1.0,accepted,60.0,,,False
P::B::G220,G220,,berkeley_only,1.0,accepted,650.0,,,False
P::B::G222,G222,,berkeley_only,1.0,accepted,100.0,,,False
P::B::G281,G281,,berkeley_only,1.0,accepted,130.0,,,False
P::B::G280,G280,,berkeley_only,1.0,accepted,4.0,,,False
P::B::G279,G279,,berkeley_only,1.0,accepted,4.0,,,False
P::B::G278,G278,,berkeley_only,1.0,accepted,8.0,,,False
P::B::G277,G277,,berkeley_only,1.0,accepted,19.0,,,False
P::B::G276,G276,,berkeley_only,1.0,accepted,300.0,,,False
P::B::G275,G275,,berkeley_only,1.0,accepted,19.0,,,False
P::B::G274,G274,,berkeley_only,1.0,accepted,200.0,,,False
P::B::G273,G273,,berkeley_only,1.0,accepted,100.0,,,False
P::B::G272,G272,,berkeley_only,1.0,accepted,10.0,,,False
P::B::G271,G271,,berkeley_only,1.0,accepted,670.0,,,False
P::B::G270,G270,,berkeley_only,1.0,accepted,2.0,,,False
P::B::G269,G269,,berkeley_only,1.0,accepted,100.0,,,False
P::B::G268,G268,,berkeley_only,1.0,accepted,189.0,,,False
P::B::G267,G267,,berkeley_only,1.0,accepted,190.0,,,False
P::B::G266,G266,,berkeley_only,1.0,accepted,1005.0,,,False
P::B::G265,G265,,berkeley_only,1.0,accepted,1420.0,,,False
P::B::G282,G282,,berkeley_only,1.0,accepted,99.0,,,False
P::B::G264,G264,,berkeley_only,1.0,accepted,905.0,,,False
P::B::G283,G283,,berkeley_only,1.0,accepted,19.0,,,False
P::B::G285,G285,,berkeley_only,1.0,accepted,9.0,,,False
P::B::G304,G304,,berkeley_only,1.0,accepted,250.0,,,False
P::B::G303,G303,,berkeley_only,1.0,accepted,100.0,,,False
P::B::G302,G302,,berkeley_only,1.0,accepted,160.0,,,False
P::B::G301,G301,,berkeley_only,1.0,accepted,4.0,,,False
P::B::G300,G300,,berkeley_only,1.0,accepted,6.0,,,False
P::B::G299,G299,,berkeley_only,1.0,accepted,4.0,,,False
P::B::G298,G298,,berkeley_only,1.0,accepted,100.0,,,False
P::B::G297,G297,,berkeley_only,1.0,accepted,39.0,,,False
P::B::G296,G296,,berkeley_only,1.0,accepted,25.0,,,False
P::B::G295,G295,,berkeley_only,1.0,accepted,525.0,,,False
P::B::G293,G293,,berkeley_only,1.0,accepted,400.0,,,False
P::B::G291,G291,,berkeley_only,1.0,accepted,19.0,,,False
P::B::G290,G290,,berkeley_only,1.0,accepted,86.0,,,False
P::B::G289,G289,,berkeley_only,1.0,accepted,100.0,,,False
P::B::G288,G288,,berkeley_only,1.0,accepted,100.0,,,False
P::B::G287,G287,,berkeley_only,1.0,accepted,200.0,,,False
P::B::G286,G286,,berkeley_only,1.0,accepted,4.0,,,False
P::B::G284,G284,,berkeley_only,1.0,accepted,19.0,,,False
P::B::G221,G221,,berkeley_only,1.0,accepted,180.0,,,False
P::B::G263,G263,,berkeley_only,1.0,accepted,105.0,,,False
P::B::G261,G261,,berkeley_only,1.0,accepted,667.0,,,False
P::B::G238,G238,,berkeley_only,1.0,accepted,510.0,,,False
P::B::G237,G237,,berkeley_only,1.0,accepted,575.0,,,False
P::B::G236,G236,,berkeley_only,1.0,accepted,650.0,,,False
P::B::G235,G235,,berkeley_only,1.0,accepted,79.0,,,False
P::B::G234,G234,,berkeley_only,1.0,accepted,22.0,,,False
P::B::G233,G233,,berkeley_only,1.0,accepted,10.0,,,False
P::B::G232,G232,,berkeley_only,1.0,accepted,44.0,,,False
P::B::G231,G231,,berkeley_only,1.0,accepted,60.0,,,False
P::B::G230,G230,,berkeley_only,1.0,accepted,2.0,,,False
P::B::G229,G229,,berkeley_only,1.0,accepted,30.0,,,False
P::B::G228,G228,,berkeley_only,1.0,accepted,30.0,,,False
P::B::G227,G227,,berkeley_only,1.0,accepted,24.0,,,False
P::B::G226.1,G226.1,,berkeley_only,1.0,accepted,60.0,,,False
P::B::G226,G226,,berkeley_only,1.0,accepted,9.0,,,False
P::B::G225,G225,,berkeley_only,1.0,accepted,60.0,,,False
P::B::G224,G224,,berkeley_only,1.0,accepted,60.0,,,False
P::B::G223,G223,,berkeley_only,1.0,accepted,750.0,,,False
P::B::G239,G239,,berkeley_only,1.0,accepted,63.0,,,False
P::B::G262,G262,,berkeley_only,1.0,accepted,200.0,,,False
P::B::G240,G240,,berkeley_only,1.0,accepted,55.0,,,False
P::B::G242,G242,,berkeley_only,1.0,accepted,19.0,,,False
P::B::G260,G260,,berkeley_only,1.0,accepted,1061.0,,,False
P::B::G259,G259,,berkeley_only,1.0,accepted,1100.0,,,False
P::B::G258,G258,,berkeley_only,1.0,accepted,50.0,,,False
P::B::G257,G257,,berkeley_only,1.0,accepted,83.0,,,False
P::B::G256,G256,,berkeley_only,1.0,accepted,45.0,,,False
P::B::G255,G255,,berkeley_only,1.0,accepted,100.0,,,False
P::B::G254,G254,,berkeley_only,1.0,accepted,590.0,,,False
P::B::G253,G253,,berkeley_only,1.0,accepted,12.0,,,False
P::B::G252,G252,,berkeley_only,1.0,accepted,10.0,,,False
P::B::G251,G251,,berkeley_only,1.0,accepted,6.0,,,False
P::B::G250,G250,,berkeley_only,1.0,accepted,4.0,,,False
P::B::G249,G249,,berkeley_only,1.0,accepted,110.0,,,False
P::B::G248,G248,,berkeley_only,1.0,accepted,19.0,,,False
P::B::G247,G247,,berkeley_only,1.0,accepted,100.0,,,False
P::B::G246,G246,,berkeley_only,1.0,accepted,100.0,,,False
P::B::G245,G245,,berkeley_only,1.0,accepted,100.0,,,False
P::B::G244,G244,,berkeley_only,1.0,accepted,100.0,,,False
P::B::G241,G241,,berkeley_only,1.0,accepted,2.0,,,False
P::B::G306,G306,,berkeley_only,1.0,accepted,200.0,,,False
P::B::G113,G113,,berkeley_only,1.0,accepted,200.0,,,False
P::B::G111,G111,,berkeley_only,1.0,accepted,85.0,,,False
P::B::E0050,E0050,,berkeley_only,1.0,accepted,986.9,,,False
P::B::E0049,E0049,,berkeley_only,1.0,accepted,798.15,,,False
P::B::E0048,E0048,,berkeley_only,1.0,accepted,775.0,,,False
P::B::E0047,E0047,,berkeley_only,1.0,accepted,820.0,,,False
P::B::E0046,E0046,,berkeley_only,1.0,accepted,267.75,,,False
P::B::E0045,E0045,,berkeley_only,1.0,accepted,770.0,,,False
P::B::E0044,E0044,,berkeley_only,1.0,accepted,1640.0,,,False
P::B::E0043,E0043,,berkeley_only,1.0,accepted,1640.0,,,False
P::B::E0042,E0042,,berkeley_only,1.0,accepted,2739.8,,,False
P::B::E0041,E0041,,berkeley_only,1.0,accepted,313.92,,,False
P::B::E0040,E0040,,berkeley_only,1.0,accepted,313.92,,,False
P::B::E0039,E0039,,berkeley_only,1.0,accepted,630.42,,,False
P::B::E0038,E0038,,berkeley_only,1.0,accepted,454.8,,,False
P::B::E0037,E0037,,berkeley_only,1.0,accepted,454.8,,,False
P::B::E0036,E0036,,berkeley_only,1.0,accepted,162.0,,,False
P::B::E0035,E0035,,berkeley_only,1.0,accepted,1089.8,,,False
P::B::E0034,E0034,,berkeley_only,1.0,accepted,265.0,,,False
P::B::E0051,E0051,,berkeley_only,1.0,accepted,377.0,,,False
P::B::E0033,E0033,,berkeley_only,1.0,accepted,526.68,,,False
P::B::E0052,E0052,,berkeley_only,1.0,accepted,203.84,,,False
P::B::E0054,E0054,,berkeley_only,1.0,accepted,530.0,,,False
P::B::G019,G019,,berkeley_only,1.0,accepted,750.0,,,False
P::B::G018,G018,,berkeley_only,1.0,accepted,174.0,,,False
P::B::G017,G017,,berkeley_only,1.0,accepted,174.0,,,False
P::B::G016,G016,,berkeley_only,1.0,accepted,174.0,,,False
P::B::G015,G015,,berkeley_only,1.0,accepted,800.0,,,False
P::B::G013,G013,,berkeley_only,1.0,accepted,99.0,,,False
P::B::G012,G012,,berkeley_only,1.0,accepted,930.0,,,False
P::B::G011,G011,,berkeley_only,1.0,accepted,900.0,,,False
P::B::G010,G010,,berkeley_only,1.0,accepted,500.0,,,False
P::B::G009,G009,,berkeley_only,1.0,accepted,640.0,,,False
P::B::G006,G006,,berkeley_only,1.0,accepted,2.0,,,False
P::B::G005,G005,,berkeley_only,1.0,accepted,29.0,,,False
P::B::G004,G004,,berkeley_only,1.0,accepted,174.0,,,False
P::B::G003,G003,,berkeley_only,1.0,accepted,174.0,,,False
P::B::G002,G002,,berkeley_only,1.0,accepted,174.0,,,False
P::B::G001,G001,,berkeley_only,1.0,accepted,255.0,,,False
P::B::E291,E291,,berkeley_only,1.0,accepted,27.0,,,False
P::B::E0053,E0053,,berkeley_only,1.0,accepted,204.88,,,False
P::B::G020,G020,,berkeley_only,1.0,accepted,147.0,,,False
P::B::E0032,E0032,,berkeley_only,1.0,accepted,478.0,,,False
P::B::E0030,E0030,,berkeley_only,1.0,accepted,820.0,,,False
P::B::E0009,E0009,,berkeley_only,1.0,accepted,675.5,,,False
P::B::E0008,E0008,,berkeley_only,1.0,accepted,248.0,,,False
P::B::E0007,E0007,,berkeley_only,1.0,accepted,179.52,,,False
P::B::E0006,E0006,,berkeley_only,1.0,accepted,213.52,,,False
P::B::E0005,E0005,,berkeley_only,1.0,accepted,90.72,,,False
P::B::E0004,E0004,,berkeley_only,1.0,accepted,104.32,,,False
P::B::E0003,E0003,,berkeley_only,1.0,accepted,127.84,,,False
P::B::E0002,E0002,,berkeley_only,1.0,accepted,265.0,,,False
P::B::APP-100259,APP-100259,,berkeley_only,1.0,accepted,507.6,,,False
P::B::APP-100248,APP-100248,,berkeley_only,1.0,accepted,279.72,,,False
P::B::APP-100245,APP-100245,,berkeley_only,1.0,accepted,405.0,,,False
P::B::APP-100103,APP-100103,,berkeley_only,1.0,accepted,1640.0,,,False
P::B::APP-100096,APP-100096,,berkeley_only,1.0,accepted,1640.0,,,False
P::B::APP-100087,APP-100087,,berkeley_only,1.0,accepted,202.5,,,False
P::B::APP-100016,APP-100016,,berkeley_only,1.0,accepted,770.0,,,False
P::B::100141,100141,,berkeley_only,1.0,accepted,75.0,,,False
P::B::E0010,E0010,,berkeley_only,1.0,accepted,798.15,,,False
P::B::E0031,E0031,,berkeley_only,1.0,accepted,820.0,,,False
P::B::E0011,E0011,,berkeley_only,1.0,accepted,86.8,,,False
P::B::E0013,E0013,,berkeley_only,1.0,accepted,310.25,,,False
P::B::E0029,E0029,,berkeley_only,1.0,accepted,478.0,,,False
P::B::E0028,E0028,,berkeley_only,1.0,accepted,49.53,,,False
P::B::E0027,E0027,,berkeley_only,1.0,accepted,456.84,,,False
P::B::E0026,E0026,,berkeley_only,1.0,accepted,428.0,,,False
P::B::E0025,E0025,,berkeley_only,1.0,accepted,986.9,,,False
P::B::E0024,E0024,,berkeley_only,1.0,accepted,207.9,,,False
P::B::E0023,E0023,,berkeley_only,1.0,accepted,393.6,,,False
P::B::E0022,E0022,,berkeley_only,1.0,accepted,309.96,,,False
P::B::E0021,E0021,,berkeley_only,1.0,accepted,309.96,,,False
P::B::E0020,E0020,,berkeley_only,1.0,accepted,105.84,,,False
P::B::E002,E002,,berkeley_only,1.0,accepted,15.0,,,False
P::B::E0019,E0019,,berkeley_only,1.0,accepted,213.18,,,False
P::B::E0018,E0018,,berkeley_only,1.0,accepted,432.0,,,False
P::B::E0017,E0017,,berkeley_only,1.0,accepted,257.88,,,False
P::B::E0016,E0016,,berkeley_only,1.0,accepted,1211.25,,,False
P::B::E0015,E0015,,berkeley_only,1.0,accepted,360.0,,,False
P::B::E0014,E0014,,berkeley_only,1.0,accepted,1640.0,,,False
P::B::E0012,E0012,,berkeley_only,1.0,accepted,1211.25,,,False
P::B::G112,G112,,berkeley_only,1.0,accepted,85.0,,,False
P::B::G021,G021,,berkeley_only,1.0,accepted,142.0,,,False
P::B::G023,G023,,berkeley_only,1.0,accepted,710.0,,,False
P::B::G085,G085,,berkeley_only,1.0,accepted,7.0,,,False
P::B::G084,G084,,berkeley_only,1.0,accepted,320.0,,,False
P::B::G083,G083,,berkeley_only,1.0,accepted,800.0,,,False
P::B::G082,G082,,berkeley_only,1.0,accepted,600.0,,,False
P::B::G081,G081,,berkeley_only,1.0,accepted,1.0,,,False
P::B::G080,G080,,berkeley_only,1.0,accepted,320.0,,,False
P::B::G079,G079,,berkeley_only,1.0,accepted,160.0,,,False
P::B::G078,G078,,berkeley_only,1.0,accepted,85.0,,,False
P::B::G077,G077,,berkeley_only,1.0,accepted,150.0,,,False
P::B::G076,G076,,berkeley_only,1.0,accepted,52.0,,,False
P::B::G075,G075,,berkeley_only,1.0,accepted,500.0,,,False
P::B::G074,G074,,berkeley_only,1.0,accepted,50.0,,,False
P::B::G073,G073,,berkeley_only,1.0,accepted,1.0,,,False
P::B::G072,G072,,berkeley_only,1.0,accepted,150.0,,,False
P::B::G071,G071,,berkeley_only,1.0,accepted,41.0,,,False
P::B::G070,G070,,berkeley_only,1.0,accepted,900.0,,,False
P::B::G069,G069,,berkeley_only,1.0,accepted,174.0,,,False
P::B::G086,G086,,berkeley_only,1.0,accepted,600.0,,,False
P::B::G068,G068,,berkeley_only,1.0,accepted,800.0,,,False
P::B::G087,G087,,berkeley_only,1.0,accepted,200.0,,,False
P::B::G092,G092,,berkeley_only,1.0,accepted,46.0,,,False
P::B::G110,G110,,berkeley_only,1.0,accepted,500.0,,,False
P::B::G109,G109,,berkeley_only,1.0,accepted,50.0,,,False
P::B::G108,G108,,berkeley_only,1.0,accepted,1000.0,,,False
P::B::G106,G106,,berkeley_only,1.0,accepted,520.0,,,False
P::B::G105,G105,,berkeley_only,1.0,accepted,40.0,,,False
P::B::G104,G104,,berkeley_only,1.0,accepted,118.0,,,False
P::B::G103,G103,,berkeley_only,1.0,accepted,370.0,,,False
P::B::G102,G102,,berkeley_only,1.0,accepted,530.0,,,False
P::B::G101,G101,,berkeley_only,1.0,accepted,530.0,,,False
P::B::G100,G100,,berkeley_only,1.0,accepted,530.0,,,False
P::B::G099,G099,,berkeley_only,1.0,accepted,250.0,,,False
P::B::G098,G098,,berkeley_only,1.0,accepted,165.0,,,False
P::B::G097,G097,,berkeley_only,1.0,accepted,2.0,,,False
P::B::G096,G096,,berkeley_only,1.0,accepted,105.0,,,False
P::B::G095,G095,,berkeley_only,1.0,accepted,644.0,,,False
P::B::G094,G094,,berkeley_only,1.0,accepted,30.0,,,False
P::B::G093,G093,,berkeley_only,1.0,accepted,200.0,,,False
P::B::G088,G088,,berkeley_only,1.0,accepted,350.0,,,False
P::B::G022,G022,,berkeley_only,1.0,accepted,71.0,,,False
P::B::G067,G067,,berkeley_only,1.0,accepted,2.0,,,False
P::B::G065,G065,,berkeley_only,1.0,accepted,1050.0,,,False
P::B::G042,G042,,berkeley_only,1.0,accepted,332.0,,,False
P::B::G041,G041,,berkeley_only,1.0,accepted,2.0,,,False
P::B::G040,G040,,berkeley_only,1.0,accepted,202.0,,,False
P::B::G039,G039,,berkeley_only,1.0,accepted,600.0,,,False
P::B::G038,G038,,berkeley_only,1.0,accepted,360.0,,,False
P::B::G037,G037,,berkeley_only,1.0,accepted,36.0,,,False
P::B::G036,G036,,berkeley_only,1.0,accepted,600.0,,,False
P::B::G035,G035,,berkeley_only,1.0,accepted,505.0,,,False
P::B::G034,G034,,berkeley_only,1.0,accepted,55.0,,,False
P::B::G033,G033,,berkeley_only,1.0,accepted,230.0,,,False
P::B::G032,G032,,berkeley_only,1.0,accepted,95.0,,,False
P::B::G030,G030,,berkeley_only,1.0,accepted,500.0,,,False
P::B::G029,G029,,berkeley_only,1.0,accepted,500.0,,,False
P::B::G028,G028,,berkeley_only,1.0,accepted,650.0,,,False
P::B::G027,G027,,berkeley_only,1.0,accepted,650.0,,,False
P::B::G026,G026,,berkeley_only,1.0,accepted,240.0,,,False
P::B::G025,G025,,berkeley_only,1.0,accepted,189.0,,,False
P::B::G043,G043,,berkeley_only,1.0,accepted,37.0,,,False
P::B::G066,G066,,berkeley_only,1.0,accepted,800.0,,,False
P::B::G044,G044,,berkeley_only,1.0,accepted,600.0,,,False
P::B::G046,G046,,berkeley_only,1.0,accepted,200.0,,,False
P::B::G064,G064,,berkeley_only,1.0,accepted,210.0,,,False
P::B::G063,G063,,berkeley_only,1.0,accepted,90.0,,,False
P::B::G062,G062,,berkeley_only,1.0,accepted,755.0,,,False
P::B::G061,G061,,berkeley_only,1.0,accepted,165.0,,,False
P::B::G060,G060,,berkeley_only,1.0,accepted,100.0,,,False
P::B::G059,G059,,berkeley_only,1.0,accepted,50.0,,,False
P::B::G058,G058,,berkeley_only,1.0,accepted,3.0,,,False
P::B::G057,G057,,berkeley_only,1.0,accepted,80.0,,,False
P::B::G056,G056,,berkeley_only,1.0,accepted,80.0,,,False
P::B::G055,G055,,berkeley_only,1.0,accepted,220.0,,,False
P::B::G054,G054,,berkeley_only,1.0,accepted,350.0,,,False
P::B::G053,G053,,berkeley_only,1.0,accepted,260.0,,,False
P::B::G052,G052,,berkeley_only,1.0,accepted,1000.0,,,False
P::B::G051,G051,,berkeley_only,1.0,accepted,1300.0,,,False
P::B::G050,G050,,berkeley_only,1.0,accepted,320.0,,,False
P::B::G048,G048,,berkeley_only,1.0,accepted,725.0,,,False
P::B::G047,G047,,berkeley_only,1.0,accepted,340.0,,,False
P::B::G045,G045,,berkeley_only,1.0,accepted,330.0,,,False
P::B::G307,G307,,berkeley_only,1.0,accepted,19.0,,,False
P::B::G308,G308,,berkeley_only,1.0,accepted,19.0,,,False
P::B::G309,G309,,berkeley_only,1.0,accepted,580.0,,,False
P::B::G581,G581,,berkeley_only,1.0,accepted,600.0,,,False
P::B::G580,G580,,berkeley_only,1.0,accepted,50.0,,,False
P::B::G579,G579,,berkeley_only,1.0,accepted,50.0,,,False
P::B::G578,G578,,berkeley_only,1.0,accepted,300.0,,,False
P::B::G577,G577,,berkeley_only,1.0,accepted,50.0,,,False
P::B::G576,G576,,berkeley_only,1.0,accepted,40.0,,,False
P::B::G575,G575,,berkeley_only,1.0,accepted,40.0,,,False
P::B::G574,G574,,berkeley_only,1.0,accepted,80.0,,,False
P::B::G573,G573,,berkeley_only,1.0,accepted,80.0,,,False
P::B::G571,G571,,berkeley_only,1.0,accepted,100.0,,,False
P::B::G570,G570,,berkeley_only,1.0,accepted,125.0,,,False
P::B::G569,G569,,berkeley_only,1.0,accepted,200.0,,,False
P::B::G568,G568,,berkeley_only,1.0,accepted,135.0,,,False
P::B::G567,G567,,berkeley_only,1.0,accepted,165.0,,,False
P::B::G566d,G566d,,berkeley_only,1.0,accepted,18.0,,,False
P::B::G566,G566,,berkeley_only,1.0,accepted,3.0,,,False
P::B::G565,G565,,berkeley_only,1.0,accepted,60.0,,,False
P::B::G582,G582,,berkeley_only,1.0,accepted,0.52,,,False
P::B::G564,G564,,berkeley_only,1.0,accepted,3.0,,,False
P::B::G583,G583,,berkeley_only,1.0,accepted,16.0,,,False
P::B::G585,G585,,berkeley_only,1.0,accepted,8.0,,,False
P::B::G604,G604,,berkeley_only,1.0,accepted,44.0,,,False
P::B::G603,G603,,berkeley_only,1.0,accepted,6.3,,,False
P::B::G602,G602,,berkeley_only,1.0,accepted,32.0,,,False
P::B::G600,G600,,berkeley_only,1.0,accepted,110.0,,,False
P::B::G599,G599,,berkeley_only,1.0,accepted,144.0,,,False
P::B::G598,G598,,berkeley_only,1.0,accepted,144.0,,,False
P::B::G597,G597,,berkeley_only,1.0,accepted,606.0,,,False
P::B::G596,G596,,berkeley_only,1.0,accepted,1.0,,,False
P::B::G595,G595,,berkeley_only,1.0,accepted,150.0,,,False
P::B::G594,G594,,berkeley_only,1.0,accepted,50.0,,,False
P::B::G593,G593,,berkeley_only,1.0,accepted,100.0,,,False
P::B::G591,G591,,berkeley_only,1.0,accepted,700.0,,,False
P::B::G590,G590,,berkeley_only,1.0,accepted,98.0,,,False
P::B::G589,G589,,berkeley_only,1.0,accepted,750.0,,,False
P::B::G588,G588,,berkeley_only,1.0,accepted,59.7,,,False
P::B::G587,G587,,berkeley_only,1.0,accepted,20.0,,,False
P::B::G586,G586,,berkeley_only,1.0,accepted,30.0,,,False
P::B::G584,G584,,berkeley_only,1.0,accepted,3.0,,,False
P::B::G605,G605,,berkeley_only,1.0,accepted,200.0,,,False
P::B::G563,G563,,berkeley_only,1.0,accepted,3.0,,,False
P::B::G561,G561,,berkeley_only,1.0,accepted,210.0,,,False
P::B::G534,G534,,berkeley_only,1.0,accepted,4.94,,,False
P::B::G532,G532,,berkeley_only,1.0,accepted,20.0,,,False
P::B::G531,G531,,berkeley_only,1.0,accepted,68.0,,,False
P::B::G530,G530,,berkeley_only,1.0,accepted,14.0,,,False
P::B::G529,G529,,berkeley_only,1.0,accepted,650.0,,,False
P::B::G528,G528,,berkeley_only,1.0,accepted,550.0,,,False
P::B::G527,G527,,berkeley_only,1.0,accepted,280.0,,,False
P::B::G526,G526,,berkeley_only,1.0,accepted,52.0,,,False
P::B::G524,G524,,berkeley_only,1.0,accepted,600.0,,,False
P::B::G523,G523,,berkeley_only,1.0,accepted,550.0,,,False
P::B::G522,G522,,berkeley_only,1.0,accepted,550.0,,,False
P::B::G521,G521,,berkeley_only,1.0,accepted,30.0,,,False
P::B::G520,G520,,berkeley_only,1.0,accepted,150.0,,,False
P::B::G519,G519,,berkeley_only,1.0,accepted,600.0,,,False
P::B::G518,G518,,berkeley_only,1.0,accepted,8.0,,,False
P::B::G517,G517,,berkeley_only,1.0,accepted,130.0,,,False
P::B::G516,G516,,berkeley_only,1.0,accepted,6.0,,,False
P::B::G535,G535,,berkeley_only,1.0,accepted,16.0,,,False
P::B::G562,G562,,berkeley_only,1.0,accepted,1.0,,,False
P::B::G536,G536,,berkeley_only,1.0,accepted,20.0,,,False
P::B::G538,G538,,berkeley_only,1.0,accepted,50.0,,,False
P::B::G555,G555,,berkeley_only,1.0,accepted,100.0,,,False
P::B::G554,G554,,berkeley_only,1.0,accepted,100.0,,,False
P::B::G553,G553,,berkeley_only,1.0,accepted,280.0,,,False
P::B::G552,G552,,berkeley_only,1.0,accepted,50.0,,,False
P::B::G551,G551,,berkeley_only,1.0,accepted,99.0,,,False
P::B::G550,G550,,berkeley_only,1.0,accepted,24.0,,,False
P::B::G549,G549,,berkeley_only,1.0,accepted,20.0,,,False
P::B::G548,G548,,berkeley_only,1.0,accepted,80.0,,,False
P::B::G547,G547,,berkeley_only,1.0,accepted,15.0,,,False
P::B::G546,G546,,berkeley_only,1.0,accepted,100.0,,,False
P::B::G545,G545,,berkeley_only,1.0,accepted,200.0,,,False
P::B::G544,G544,,berkeley_only,1.0,accepted,200.0,,,False
P::B::G543,G543,,berkeley_only,1.0,accepted,50.0,,,False
P::B::G542,G542,,berkeley_only,1.0,accepted,50.0,,,False
P::B::G541,G541,,berkeley_only,1.0,accepted,50.0,,,False
P::B::G540,G540,,berkeley_only,1.0,accepted,80.0,,,False
P::B::G539,G539,,berkeley_only,1.0,accepted,80.0,,,False
P::B::G537,G537,,berkeley_only,1.0,accepted,100.0,,,False
P::B::G515,G515,,berkeley_only,1.0,accepted,100.0,,,False
P::B::G606,G606,,berkeley_only,1.0,accepted,30.0,,,False
P::B::G608,G608,,berkeley_only,1.0,accepted,6.0,,,False
P::B::G677,G677,,berkeley_only,1.0,accepted,275.0,,,False
P::B::G675,G675,,berkeley_only,1.0,accepted,200.0,,,False
P::B::G674,G674,,berkeley_only,1.0,accepted,80.0,,,False
P::B::G671,G671,,berkeley_only,1.0,accepted,200.0,,,False
P::B::G670,G670,,berkeley_only,1.0,accepted,200.0,,,False
P::B::G669,G669,,berkeley_only,1.0,accepted,200.0,,,False
P::B::G668,G668,,berkeley_only,1.0,accepted,100.0,,,False
P::B::G667,G667,,berkeley_only,1.0,accepted,13.0,,,False
P::B::G666,G666,,berkeley_only,1.0,accepted,250.0,,,False
P::B::G663,G663,,berkeley_only,1.0,accepted,20.0,,,False
P::B::G662,G662,,berkeley_only,1.0,accepted,100.0,,,False
P::B::G661,G661,,berkeley_only,1.0,accepted,726.0,,,False
P::B::G660,G660,,berkeley_only,1.0,accepted,50.0,,,False
P::B::G659,G659,,berkeley_only,1.0,accepted,50.0,,,False
P::B::G658,G658,,berkeley_only,1.0,accepted,20.0,,,False
P::B::G657,G657,,berkeley_only,1.0,accepted,20.0,,,False
P::B::G656,G656,,berkeley_only,1.0,accepted,500.0,,,False
P::B::G678,G678,,berkeley_only,1.0,accepted,99.0,,,False
P::B::G654,G654,,berkeley_only,1.0,accepted,250.0,,,False
P::B::G679,G679,,berkeley_only,1.0,accepted,9.89,,,False
P::B::G681,G681,,berkeley_only,1.0,accepted,44.0,,,False
P::B::G702,G702,,berkeley_only,1.0,accepted,110.0,,,False
P::B::G701,G701,,berkeley_only,1.0,accepted,105.0,,,False
P::B::G700,G700,,berkeley_only,1.0,accepted,18.9,,,False
P::B::G699,G699,,berkeley_only,1.0,accepted,250.0,,,False
P::B::G698,G698,,berkeley_only,1.0,accepted,150.0,,,False
P::B::G697,G697,,berkeley_only,1.0,accepted,21.0,,,False
P::B::G696,G696,,berkeley_only,1.0,accepted,50.0,,,False
P::B::G695,G695,,berkeley_only,1.0,accepted,200.0,,,False
P::B::G694,G694,,berkeley_only,1.0,accepted,62.0,,,False
P::B::G691,G691,,berkeley_only,1.0,accepted,50.0,,,False
P::B::G690,G690,,berkeley_only,1.0,accepted,200.0,,,False
P::B::G689,G689,,berkeley_only,1.0,accepted,560.0,,,False
P::B::G688,G688,,berkeley_only,1.0,accepted,24.0,,,False
P::B::G687,G687,,berkeley_only,1.0,accepted,750.0,,,False
P::B::G685,G685,,berkeley_only,1.0,accepted,20.0,,,False
P::B::G684,G684,,berkeley_only,1.0,accepted,20.0,,,False
P::B::G683,G683,,berkeley_only,1.0,accepted,22.0,,,False
P::B::G680,G680,,berkeley_only,1.0,accepted,20.0,,,False
P::B::G607,G607,,berkeley_only,1.0,accepted,25.0,,,False
P::B::G653d,G653d,,berkeley_only,1.0,accepted,23.25,,,False
P::B::G651,G651,,berkeley_only,1.0,accepted,115.0,,,False
P::B::G629,G629,,berkeley_only,1.0,accepted,201.0,,,False
P::B::G628,G628,,berkeley_only,1.0,accepted,32.0,,,False
P::B::G626,G626,,berkeley_only,1.0,accepted,32.0,,,False
P::B::G624,G624,,berkeley_only,1.0,accepted,150.0,,,False
P::B::G623,G623,,berkeley_only,1.0,accepted,60.0,,,False
P::B::G622,G622,,berkeley_only,1.0,accepted,148.8,,,False
P::B::G621,G621,,berkeley_only,1.0,accepted,20.0,,,False
P::B::G620,G620,,berkeley_only,1.0,accepted,19.0,,,False
P::B::G619,G619,,berkeley_only,1.0,accepted,50.0,,,False
P::B::G618,G618,,berkeley_only,1.0,accepted,138.0,,,False
P::B::G617,G617,,berkeley_only,1.0,accepted,50.0,,,False
P::B::G616,G616,,berkeley_only,1.0,accepted,120.0,,,False
P::B::G614,G614,,berkeley_only,1.0,accepted,200.0,,,False
P::B::G613,G613,,berkeley_only,1.0,accepted,17.0,,,False
P::B::G612,G612,,berkeley_only,1.0,accepted,150.0,,,False
P::B::G611,G611,,berkeley_only,1.0,accepted,99.0,,,False
P::B::G609,G609,,berkeley_only,1.0,accepted,6.0,,,False
P::B::G630,G630,,berkeley_only,1.0,accepted,21.0,,,False
P::B::G652,G652,,berkeley_only,1.0,accepted,48.0,,,False
P::B::G631,G631,,berkeley_only,1.0,accepted,19.0,,,False
P::B::G633,G633,,berkeley_only,1.0,accepted,19.0,,,False
P::B::G650,G650,,berkeley_only,1.0,accepted,99.0,,,False
P::B::G649,G649,,berkeley_only,1.0,accepted,300.0,,,False
P::B::G648,G648,,berkeley_only,1.0,accepted,101.0,,,False
P::B::G647,G647,,berkeley_only,1.0,accepted,102.0,,,False
P::B::G646,G646,,berkeley_only,1.0,accepted,30.0,,,False
P::B::G645,G645,,berkeley_only,1.0,accepted,50.0,,,False
P::B::G644,G644,,berkeley_only,1.0,accepted,20.0,,,False
P::B::G643,G643,,berkeley_only,1.0,accepted,20.0,,,False
P::B::G642,G642,,berkeley_only,1.0,accepted,14.0,,,False
P::B::G641,G641,,berkeley_only,1.0,accepted,18.0,,,False
P::B::G640,G640,,berkeley_only,1.0,accepted,30.0,,,False
P::B::G639,G639,,berkeley_only,1.0,accepted,19.5,,,False
P::B::G638,G638,,berkeley_only,1.0,accepted,20.0,,,False
P::B::G637,G637,,berkeley_only,1.0,accepted,20.0,,,False
P::B::G636,G636,,berkeley_only,1.0,accepted,18.9,,,False
P::B::G635,G635,,berkeley_only,1.0,accepted,101.0,,,False
P::B::G634,G634,,berkeley_only,1.0,accepted,96.0,,,False
P::B::G632,G632,,berkeley_only,1.0,accepted,19.0,,,False
P::B::G514,G514,,berkeley_only,1.0,accepted,150.0,,,False
P::B::G513,G513,,berkeley_only,1.0,accepted,100.0,,,False
P::B::G512,G512,,berkeley_only,1.0,accepted,70.0,,,False
P::B::G370,G370,,berkeley_only,1.0,accepted,205.0,,,False
P::B::G369,G369,,berkeley_only,1.0,accepted,385.0,,,False
P::B::G368,G368,,berkeley_only,1.0,accepted,200.0,,,False
P::B::G367,G367,,berkeley_only,1.0,accepted,800.0,,,False
P::B::G366,G366,,berkeley_only,1.0,accepted,80.0,,,False
P::B::G365,G365,,berkeley_only,1.0,accepted,11.0,,,False
P::B::G364,G364,,berkeley_only,1.0,accepted,425.0,,,False
P::B::G362,G362,,berkeley_only,1.0,accepted,200.0,,,False
P::B::G361,G361,,berkeley_only,1.0,accepted,210.0,,,False
P::B::G359R,G359R,,berkeley_only,1.0,accepted,150.0,,,False
P::B::G359,G359,,berkeley_only,1.0,accepted,150.0,,,False
P::B::G358,G358,,berkeley_only,1.0,accepted,36.0,,,False
P::B::G357,G357,,berkeley_only,1.0,accepted,20.0,,,False
P::B::G355,G355,,berkeley_only,1.0,accepted,6.0,,,False
P::B::G354,G354,,berkeley_only,1.0,accepted,80.0,,,False
P::B::G353,G353,,berkeley_only,1.0,accepted,80.0,,,False
P::B::G352,G352,,berkeley_only,1.0,accepted,200.0,,,False
P::B::G371,G371,,berkeley_only,1.0,accepted,100.0,,,False
P::B::G351,G351,,berkeley_only,1.0,accepted,200.0,,,False
P::B::G372,G372,,berkeley_only,1.0,accepted,1.65,,,False
P::B::G374,G374,,berkeley_only,1.0,accepted,6.0,,,False
P::B::G394,G394,,berkeley_only,1.0,accepted,6.6,,,False
P::B::G392,G392,,berkeley_only,1.0,accepted,600.0,,,False
P::B::G391,G391,,berkeley_only,1.0,accepted,10.0,,,False
P::B::G390,G390,,berkeley_only,1.0,accepted,100.0,,,False
P::B::G389,G389,,berkeley_only,1.0,accepted,200.0,,,False
P::B::G387,G387,,berkeley_only,1.0,accepted,19.79,,,False
P::B::G386,G386,,berkeley_only,1.0,accepted,100.0,,,False
P::B::G385,G385,,berkeley_only,1.0,accepted,2.0,,,False
P::B::G384,G384,,berkeley_only,1.0,accepted,99.0,,,False
P::B::G383,G383,,berkeley_only,1.0,accepted,5.0,,,False
P::B::G382,G382,,berkeley_only,1.0,accepted,8.0,,,False
P::B::G380,G380,,berkeley_only,1.0,accepted,150.0,,,False
P::B::G379,G379,,berkeley_only,1.0,accepted,100.0,,,False
P::B::G378,G378,,berkeley_only,1.0,accepted,100.0,,,False
P::B::G377,G377,,berkeley_only,1.0,accepted,200.0,,,False
P::B::G376,G376,,berkeley_only,1.0,accepted,160.0,,,False
P::B::G375,G375,,berkeley_only,1.0,accepted,20.0,,,False
P::B::G373,G373,,berkeley_only,1.0,accepted,9.89,,,False
P::B::G395,G395,,berkeley_only,1.0,accepted,4.94,,,False
P::B::G350,G350,,berkeley_only,1.0,accepted,159.0,,,False
P::B::G348,G348,,berkeley_only,1.0,accepted,2.0,,,False
P::B::G326,G326,,berkeley_only,1.0,accepted,2.0,,,False
P::B::G325,G325,,berkeley_only,1.0,accepted,16.0,,,False
P::B::G324,G324,,berkeley_only,1.0,accepted,19.0,,,False
P::B::G323,G323,,berkeley_only,1.0,accepted,5.0,,,False
P::B::G322,G322,,berkeley_only,1.0,accepted,10.0,,,False
P::B::G321,G321,,berkeley_only,1.0,accepted,7.0,,,False
P::B::G320,G320,,berkeley_only,1.0,accepted,8.0,,,False
P::B::G319,G319,,berkeley_only,1.0,accepted,2.0,,,False
P::B::G318,G318,,berkeley_only,1.0,accepted,125.0,,,False
P::B::G317,G317,,berkeley_only,1.0,accepted,80.0,,,False
P::B::G316,G316,,berkeley_only,1.0,accepted,80.0,,,False
P::B::G315,G315,,berkeley_only,1.0,accepted,80.0,,,False
P::B::G314,G314,,berkeley_only,1.0,accepted,50.0,,,False
P::B::G313,G313,,berkeley_only,1.0,accepted,19.0,,,False
P::B::G312,G312,,berkeley_only,1.0,accepted,19.0,,,False
P::B::G311,G311,,berkeley_only,1.0,accepted,19.0,,,False
P::B::G310,G310,,berkeley_only,1.0,accepted,8.0,,,False
P::B::G327,G327,,berkeley_only,1.0,accepted,19.0,,,False
P::B::G349,G349,,berkeley_only,1.0,accepted,200.0,,,False
P::B::G328,G328,,berkeley_only,1.0,accepted,12.0,,,False
P::B::G330,G330,,berkeley_only,1.0,accepted,19.0,,,False
P::B::G347,G347,,berkeley_only,1.0,accepted,15.0,,,False
P::B::G346,G346,,berkeley_only,1.0,accepted,5.0,,,False
P::B::G345,G345,,berkeley_only,1.0,accepted,5.0,,,False
P::B::G344,G344,,berkeley_only,1.0,accepted,15.0,,,False
P::B::G343,G343,,berkeley_only,1.0,accepted,20.0,,,False
P::B::G342,G342,,berkeley_only,1.0,accepted,18.0,,,False
P::B::G341,G341,,berkeley_only,1.0,accepted,2.0,,,False
P::B::G340,G340,,berkeley_only,1.0,accepted,1.0,,,False
P::B::G339,G339,,berkeley_only,1.0,accepted,150.0,,,False
P::B::G338,G338,,berkeley_only,1.0,accepted,54.0,,,False
P::B::G337,G337,,berkeley_only,1.0,accepted,55.0,,,False
P::B::G336,G336,,berkeley_only,1.0,accepted,55.0,,,False
P::B::G335,G335,,berkeley_only,1.0,accepted,160.0,,,False
P::B::G334,G334,,berkeley_only,1.0,accepted,80.0,,,False
P::B::G333,G333,,berkeley_only,1.0,accepted,80.0,,,False
P::B::G332,G332,,berkeley_only,1.0,accepted,80.0,,,False
P::B::G331,G331,,berkeley_only,1.0,accepted,200.0,,,False
P::B::G329,G329,,berkeley_only,1.0,accepted,50.0,,,False
P::B::G396,G396,,berkeley_only,1.0,accepted,2.0,,,False
P::B::G397,G397,,berkeley_only,1.0,accepted,5.0,,,False
P::B::G398,G398,,berkeley_only,1.0,accepted,2.0,,,False
P::B::G489,G489,,berkeley_only,1.0,accepted,20.0,,,False
P::B::G488,G488,,berkeley_only,1.0,accepted,20.0,,,False
P::B::G485,G485,,berkeley_only,1.0,accepted,60.0,,,False
P::B::G484,G484,,berkeley_only,1.0,accepted,1290.0,,,False
P::B::G483,G483,,berkeley_only,1.0,accepted,50.0,,,False
P::B::G482,G482,,berkeley_only,1.0,accepted,1200.0,,,False
P::B::G481,G481,,berkeley_only,1.0,accepted,1.0,,,False
P::B::G480,G480,,berkeley_only,1.0,accepted,80.0,,,False
P::B::G479,G479,,berkeley_only,1.0,accepted,29.0,,,False
P::B::G478,G478,,berkeley_only,1.0,accepted,134.0,,,False
P::B::G477,G477,,berkeley_only,1.0,accepted,552.0,,,False
P::B::G476,G476,,berkeley_only,1.0,accepted,545.0,,,False
P::B::G475,G475,,berkeley_only,1.0,accepted,56.0,,,False
P::B::G474,G474,,berkeley_only,1.0,accepted,20.0,,,False
P::B::G450,G450,,berkeley_only,1.0,accepted,1.0,,,False
P::B::G449,G449,,berkeley_only,1.0,accepted,100.0,,,False
P::B::G448,G448,,berkeley_only,1.0,accepted,100.0,,,False
P::B::G491,G491,,berkeley_only,1.0,accepted,100.0,,,False
P::B::G447,G447,,berkeley_only,1.0,accepted,150.0,,,False
P::B::G492,G492,,berkeley_only,1.0,accepted,5.0,,,False
P::B::G494,G494,,berkeley_only,1.0,accepted,20.0,,,False
P::B::G511,G511,,berkeley_only,1.0,accepted,100.0,,,False
P::B::G510,G510,,berkeley_only,1.0,accepted,90.0,,,False
P::B::G509,G509,,berkeley_only,1.0,accepted,75.0,,,False
P::B::G508,G508,,berkeley_only,1.0,accepted,15.0,,,False
P::B::G507b,G507b,,berkeley_only,1.0,accepted,98.0,,,False
P::B::G507,G507,,berkeley_only,1.0,accepted,68.0,,,False
P::B::G506,G506,,berkeley_only,1.0,accepted,100.0,,,False
P::B::G505,G505,,berkeley_only,1.0,accepted,150.0,,,False
P::B::G504,G504,,berkeley_only,1.0,accepted,158.0,,,False
P::B::G503,G503,,berkeley_only,1.0,accepted,158.0,,,False
P::B::G502,G502,,berkeley_only,1.0,accepted,50.0,,,False
P::B::G501,G501,,berkeley_only,1.0,accepted,79.19,,,False
P::B::G500,G500,,berkeley_only,1.0,accepted,710.0,,,False
P::B::G499,G499,,berkeley_only,1.0,accepted,109.5,,,False
P::B::G498,G498,,berkeley_only,1.0,accepted,1.1,,,False
P::B::G496,G496,,berkeley_only,1.0,accepted,11.55,,,False
P::B::G495,G495,,berkeley_only,1.0,accepted,150.0,,,False
P::B::G493,G493,,berkeley_only,1.0,accepted,1221.0,,,False
P::B::G446,G446,,berkeley_only,1.0,accepted,19.5,,,False
P::B::G445,G445,,berkeley_only,1.0,accepted,200.0,,,False
P::B::G444,G444,,berkeley_only,1.0,accepted,5.0,,,False
P::B::G418,G418,,berkeley_only,1.0,accepted,140.0,,,False
P::B::G417,G417,,berkeley_only,1.0,accepted,15.0,,,False
P::B::G416,G416,,berkeley_only,1.0,accepted,300.0,,,False
P::B::G415,G415,,berkeley_only,1.0,accepted,25.0,,,False
P::B::G414,G414,,berkeley_only,1.0,accepted,10.0,,,False
P::B::G413,G413,,berkeley_only,1.0,accepted,150.0,,,False
P::B::G412,G412,,berkeley_only,1.0,accepted,200.0,,,False
P::B::G411,G411,,berkeley_only,1.0,accepted,19.79,,,False
P::B::G410,G410,,berkeley_only,1.0,accepted,99.0,,,False
P::B::G409,G409,,berkeley_only,1.0,accepted,2.0,,,False
P::B::G408,G408,,berkeley_only,1.0,accepted,12.0,,,False
P::B::G407,G407,,berkeley_only,1.0,accepted,667.0,,,False
P::B::G405,G405,,berkeley_only,1.0,accepted,350.0,,,False
P::B::G404,G404,,berkeley_only,1.0,accepted,80.0,,,False
P::B::G402,G402,,berkeley_only,1.0,accepted,3.3,,,False
P::B::G400,G400,,berkeley_only,1.0,accepted,5.0,,,False
P::B::G399,G399,,berkeley_only,1.0,accepted,300.0,,,False
P::B::G419,G419,,berkeley_only,1.0,accepted,1.5,,,False
P::B::G420,G420,,berkeley_only,1.0,accepted,99.0,,,False
P::B::G421,G421,,berkeley_only,1.0,accepted,50.0,,,False
P::B::G423,G423,,berkeley_only,1.0,accepted,19.0,,,False
P::B::G443,G443,,berkeley_only,1.0,accepted,7.0,,,False
P::B::G442,G442,,berkeley_only,1.0,accepted,50.0,,,False
P::B::G441,G441,,berkeley_only,1.0,accepted,439.0,,,False
P::B::G439,G439,,berkeley_only,1.0,accepted,100.0,,,False
P::B::G438,G438,,berkeley_only,1.0,accepted,20.0,,,False
P::B::G436,G436,,berkeley_only,1.0,accepted,50.0,,,False
P::B::G435,G435,,berkeley_only,1.0,accepted,545.0,,,False
P::B::G434,G434,,berkeley_only,1.0,accepted,19.0,,,False
P::B::G433,G433,,berkeley_only,1.0,accepted,19.0,,,False
P::B::G431,G431,,berkeley_only,1.0,accepted,420.0,,,False
P::B::G430,G430,,berkeley_only,1.0,accepted,8.25,,,False
P::B::G429,G429,,berkeley_only,1.0,accepted,200.0,,,False
P::B::G428,G428,,berkeley_only,1.0,accepted,10.0,,,False
P::B::G427,G427,,berkeley_only,1.0,accepted,98.0,,,False
P::B::G426,G426,,berkeley_only,1.0,accepted,101.0,,,False
P::B::G425,G425,,berkeley_only,1.0,accepted,200.0,,,False
P::B::G424,G424,,berkeley_only,1.0,accepted,100.0,,,False
P::B::G432,G432,,berkeley_only,1.0,accepted,65.0,,,False
P::B::J202,J202,,berkeley_only,1.0,accepted,101.0,,,False
P::B::J201,J201,,berkeley_only,1.0,accepted,20.0,,,False
P::B::J204,J204,,berkeley_only,1.0,accepted,200.0,,,False
P::B::J198,J198,,berkeley_only,1.0,accepted,99.0,,,False
P::B::J197,J197,,berkeley_only,1.0,accepted,124.8,,,False
P::B::J200,J200,,berkeley_only,1.0,accepted,99.0,,,False
P::B::J199,J199,,berkeley_only,1.0,accepted,120.0,,,False
P::B::J210,J210,,berkeley_only,1.0,accepted,20.0,,,False
P::B::J209,J209,,berkeley_only,1.0,accepted,250.0,,,False
P::B::J212,J212,,berkeley_only,1.0,accepted,600.0,,,False
P::B::J211,J211,,berkeley_only,1.0,accepted,268.0,,,False
P::B::J206,J206,,berkeley_only,1.0,accepted,25.0,,,False
P::B::J205,J205,,berkeley_only,1.0,accepted,200.0,,,False
P::B::J207,J207,,berkeley_only,1.0,accepted,100.0,,,False
P::B::J208,J208,,berkeley_only,1.0,accepted,500.0,,,False
P::B::J187,J187,,berkeley_only,1.0,accepted,198.0,,,False
P::B::J186,J186,,berkeley_only,1.0,accepted,100.0,,,False
P::B::J188,J188,,berkeley_only,1.0,accepted,99.0,,,False
P::B::J189,J189,,berkeley_only,1.0,accepted,200.0,,,False
P::B::J183,J183,,berkeley_only,1.0,accepted,200.0,,,False
P::B::J182,J182,,berkeley_only,1.0,accepted,150.0,,,False
P::B::J185,J185,,berkeley_only,1.0,accepted,100.0,,,False
P::B::J184,J184,,berkeley_only,1.0,accepted,100.0,,,False
P::B::J194,J194,,berkeley_only,1.0,accepted,300.0,,,False
P::B::J195,J195,,berkeley_only,1.0,accepted,200.0,,,False
P::B::J196,J196,,berkeley_only,1.0,accepted,50.0,,,False
P::B::J193,J193,,berkeley_only,1.0,accepted,50.0,,,False
P::B::J190,J190,,berkeley_only,1.0,accepted,100.0,,,False
P::B::J191,J191,,berkeley_only,1.0,accepted,101.2,,,False
P::B::J192,J192,,berkeley_only,1.0,accepted,500.0,,,False
P::B::J233,J233,,berkeley_only,1.0,accepted,700.0,,,False
P::B::J234,J234,,berkeley_only,1.0,accepted,35.0,,,False
P::B::J235,J235,,berkeley_only,1.0,accepted,110.0,,,False
P::B::J230,J230,,berkeley_only,1.0,accepted,70.0,,,False
P::B::J229,J229,,berkeley_only,1.0,accepted,70.0,,,False
P::B::J232,J232,,berkeley_only,1.0,accepted,35.0,,,False
P::B::J231,J231,,berkeley_only,1.0,accepted,70.0,,,False
P::B::J236,J236,,berkeley_only,1.0,accepted,2400.0,,,False
P::B::J241,J241,,berkeley_only,1.0,accepted,3.7,,,False
P::B::J240,J240,,berkeley_only,1.0,accepted,720.0,,,False
P::B::J243,J243,,berkeley_only,1.0,accepted,75.0,,,False
P::B::J242,J242,,berkeley_only,1.0,accepted,12.8,,,False
P::B::J237,J237,,berkeley_only,1.0,accepted,642.0,,,False
P::B::J239,J239,,berkeley_only,1.0,accepted,200.0,,,False
P::B::J238,J238,,berkeley_only,1.0,accepted,725.0,,,False
P::B::J218,J218,,berkeley_only,1.0,accepted,150.0,,,False
P::B::J217,J217,,berkeley_only,1.0,accepted,50.0,,,False
P::B::J220,J220,,berkeley_only,1.0,accepted,45.0,,,False
P::B::J219,J219,,berkeley_only,1.0,accepted,46.0,,,False
P::B::J214,J214,,berkeley_only,1.0,accepted,150.0,,,False
P::B::J213,J213,,berkeley_only,1.0,accepted,200.0,,,False
P::B::J216,J216,,berkeley_only,1.0,accepted,25.0,,,False
P::B::J215,J215,,berkeley_only,1.0,accepted,670.0,,,False
P::B::J226,J226,,berkeley_only,1.0,accepted,70.0,,,False
P::B::J225,J225,,berkeley_only,1.0,accepted,100.0,,,False
P::B::J228,J228,,berkeley_only,1.0,accepted,70.0,,,False
P::B::J227,J227,,berkeley_only,1.0,accepted,70.0,,,False
P::B::J222,J222,,berkeley_only,1.0,accepted,200.0,,,False
P::B::J221,J221,,berkeley_only,1.0,accepted,5.0,,,False
P::B::J224,J224,,berkeley_only,1.0,accepted,29.5,,,False
P::B::J223,J223,,berkeley_only,1.0,accepted,30.0,,,False
P::B::J139,J139,,berkeley_only,1.0,accepted,200.0,,,False
P::B::J140,J140,,berkeley_only,1.0,accepted,100.0,,,False
P::B::J141,J141,,berkeley_only,1.0,accepted,200.0,,,False
P::B::J138,J138,,berkeley_only,1.0,accepted,48.0,,,False
P::B::J136,J136,,berkeley_only,1.0,accepted,40.0,,,False
P::B::J135,J135,,berkeley_only,1.0,accepted,200.0,,,False
P::B::J137,J137,,berkeley_only,1.0,accepted,100.0,,,False
P::B::J142,J142,,berkeley_only,1.0,accepted,59.69,,,False
P::B::J147,J147,,berkeley_only,1.0,accepted,60.0,,,False
P::B::J146,J146,,berkeley_only,1.0,accepted,99.0,,,False
P::B::J149,J149,,berkeley_only,1.0,accepted,13.64,,,False
P::B::J148,J148,,berkeley_only,1.0,accepted,4.94,,,False
P::B::J143,J143,,berkeley_only,1.0,accepted,40.0,,,False
P::B::J145,J145,,berkeley_only,1.0,accepted,14.0,,,False
P::B::J144,J144,,berkeley_only,1.0,accepted,25.62,,,False
P::B::J124,J124,,berkeley_only,1.0,accepted,50.0,,,False
P::B::J123,J123,,berkeley_only,1.0,accepted,200.0,,,False
P::B::J126,J126,,berkeley_only,1.0,accepted,4.94,,,False
P::B::J125,J125,,berkeley_only,1.0,accepted,151.2,,,False
P::B::J120,J120,,berkeley_only,1.0,accepted,134.5,,,False
P::B::J121,J121,,berkeley_only,1.0,accepted,100.0,,,False
P::B::J122,J122,,berkeley_only,1.0,accepted,60.0,,,False
P::B::J132,J132,,berkeley_only,1.0,accepted,125.0,,,False
P::B::J131,J131,,berkeley_only,1.0,accepted,300.0,,,False
P::B::J134,J134,,berkeley_only,1.0,accepted,150.0,,,False
P::B::J133,J133,,berkeley_only,1.0,accepted,200.0,,,False
P::B::J128,J128,,berkeley_only,1.0,accepted,100.0,,,False
P::B::J127,J127,,berkeley_only,1.0,accepted,40.0,,,False
P::B::J130,J130,,berkeley_only,1.0,accepted,300.0,,,False
P::B::J129,J129,,berkeley_only,1.0,accepted,300.0,,,False
P::B::J171,J171,,berkeley_only,1.0,accepted,7.0,,,False
P::B::J170,J170,,berkeley_only,1.0,accepted,200.0,,,False
P::B::J172,J172,,berkeley_only,1.0,accepted,3.2,,,False
P::B::J173,J173,,berkeley_only,1.0,accepted,19.2,,,False
P::B::J167,J167,,berkeley_only,1.0,accepted,500.0,,,False
P::B::J166,J166,,berkeley_only,1.0,accepted,99.0,,,False
P::B::J169,J169,,berkeley_only,1.0,accepted,20.0,,,False
P::B::J168,J168,,berkeley_only,1.0,accepted,200.0,,,False
P::B::J178,J178,,berkeley_only,1.0,accepted,99.6,,,False
P::B::J179,J179,,berkeley_only,1.0,accepted,47.5,,,False
P::B::J181,J181,,berkeley_only,1.0,accepted,29.8,,,False
P::B::J180,J180,,berkeley_only,1.0,accepted,39.0,,,False
P::B::J174,J174,,berkeley_only,1.0,accepted,43.75,,,False
P::B::J177,J177,,berkeley_only,1.0,accepted,97.5,,,False
P::B::J175,J175,,berkeley_only,1.0,accepted,30.0,,,False
P::B::J176,J176,,berkeley_only,1.0,accepted,200.0,,,False
P::B::J155,J155,,berkeley_only,1.0,accepted,4.94,,,False
P::B::J154,J154,,berkeley_only,1.0,accepted,500.0,,,False
P::B::J157,J157,,berkeley_only,1.0,accepted,27.0,,,False
P::B::J156,J156,,berkeley_only,1.0,accepted,185.6,,,False
P::B::J151,J151,,berkeley_only,1.0,accepted,350.0,,,False
P::B::J150,J150,,berkeley_only,1.0,accepted,99.0,,,False
P::B::J153,J153,,berkeley_only,1.0,accepted,30.0,,,False
P::B::J152,J152,,berkeley_only,1.0,accepted,5.9,,,False
P::B::J163,J163,,berkeley_only,1.0,accepted,100.0,,,False
P::B::J162,J162,,berkeley_only,1.0,accepted,270.0,,,False
P::B::J165,J165,,berkeley_only,1.0,accepted,97.6,,,False
P::B::J164,J164,,berkeley_only,1.0,accepted,99.0,,,False
P::B::J159,J159,,berkeley_only,1.0,accepted,101.2,,,False
P::B::J158,J158,,berkeley_only,1.0,accepted,150.0,,,False
P::B::J161,J161,,berkeley_only,1.0,accepted,155.0,,,False
P::B::J119,J119,,berkeley_only,1.0,accepted,61.2,,,False
P::B::J160,J160,,berkeley_only,1.0,accepted,101.2,,,False
P::M::J4062,,J4062,miso_only,1.0,accepted,,0.0,,False
P::M::J4084,,J4084,miso_only,1.0,accepted,,0.0,,False
P::M::J4146,,J4146,miso_only,1.0,accepted,,0.0,,False
P::M::J4163,,J4163,miso_only,1.0,accepted,,0.0,,False
P::M::J4175,,J4175,miso_only,1.0,accepted,,770.0,,False
P::M::J4177,,J4177,miso_only,1.0,accepted,,735.0,,False
P::M::J4178,,J4178,miso_only,1.0,accepted,,755.0,,False
P::M::J4179,,J4179,miso_only,1.0,accepted,,735.0,,False
P::M::J4180,,J4180,miso_only,1.0,accepted,,755.0,,False
P::M::J4181,,J4181,miso_only,1.0,accepted,,755.0,,False
P::M::J4182,,J4182,miso_only,1.0,accepted,,0.0,,False
P::M::J4184,,J4184,miso_only,1.0,accepted,,755.0,,False
P::M::J4185,,J4185,miso_only,1.0,accepted,,755.0,,False
P::M::J4186,,J4186,miso_only,1.0,accepted,,1540.0,,False
P::M::J4187,,J4187,miso_only,1.0,accepted,,755.0,,False
P::M::J4205,,J4205,miso_only,1.0,accepted,,0.0,,False
P::M::J4206,,J4206,miso_only,1.0,accepted,,100.0,,False
P::M::J4207,,J4207,miso_only,1.0,accepted,,100.0,,False
P::M::J4208,,J4208,miso_only,1.0,accepted,,100.0,,False
P::M::J4209,,J4209,miso_only,1.0,accepted,,100.0,,False
P::M::J4210,,J4210,miso_only,1.0,accepted,,250.0,,False
P::M::J4211,,J4211,miso_only,1.0,accepted,,0.0,,False
P::M::J4212,,J4212,miso_only,1.0,accepted,,150.0,,False
P::M::J4213,,J4213,miso_only,1.0,accepted,,350.0,,False
P::M::J4214,,J4214,miso_only,1.0,accepted,,500.0,,False
P::M::J4215,,J4215,miso_only,1.0,accepted,,500.0,,False
P::M::J4216,,J4216,miso_only,1.0,accepted,,1500.0,,False
P::M::J4217,,J4217,miso_only,1.0,accepted,,800.0,,False
P::M::J4218,,J4218,miso_only,1.0,accepted,,800.0,,False
P::M::J4219,,J4219,miso_only,1.0,accepted,,1500.0,,False
P::M::J4220,,J4220,miso_only,1.0,accepted,,1500.0,,False
P::M::J4221,,J4221,miso_only,1.0,accepted,,1500.0,,False
P::M::J4222,,J4222,miso_only,1.0,accepted,,300.0,,False
P::M::J4223,,J4223,miso_only,1.0,accepted,,250.0,,False
P::M::J4224,,J4224,miso_only,1.0,accepted,,250.0,,False
P::M::J4225,,J4225,miso_only,1.0,accepted,,250.0,,False
P::M::J4226,,J4226,miso_only,1.0,accepted,,150.0,,False
P::M::J4227,,J4227,miso_only,1.0,accepted,,150.0,,False
P::M::J4228,,J4228,miso_only,1.0,accepted,,100.0,,False
P::M::J4229,,J4229,miso_only,1.0,accepted,,350.0,,False
P::M::J4230,,J4230,miso_only,1.0,accepted,,250.0,,False
P::M::J4231,,J4231,miso_only,1.0,accepted,,400.0,,False
P::M::J4232,,J4232,miso_only,1.0,accepted,,200.0,,False
P::M::J4233,,J4233,miso_only,1.0,accepted,,300.0,,False
P::M::J4234,,J4234,miso_only,1.0,accepted,,300.0,,False
P::M::J4235,,J4235,miso_only,1.0,accepted,,500.0,,False
P::M::J4236,,J4236,miso_only,1.0,accepted,,400.0,,False
P::M::J4237,,J4237,miso_only,1.0,accepted,,200.0,,False
P::M::J4238,,J4238,miso_only,1.0,accepted,,125.0,,False
P::M::J4239,,J4239,miso_only,1.0,accepted,,770.0,,False
P::M::J4240,,J4240,miso_only,1.0,accepted,,250.0,,False
P::M::J4241,,J4241,miso_only,1.0,accepted,,2220.0,,False
P::M::J4242,,J4242,miso_only,1.0,accepted,,115.0,,False
P::M::J4243,,J4243,miso_only,1.0,accepted,,100.0,,False
P::M::J4244,,J4244,miso_only,1.0,accepted,,100.0,,False
P::M::J4245,,J4245,miso_only,1.0,accepted,,770.0,,False
P::M::J4246,,J4246,miso_only,1.0,accepted,,560.0,,False
P::M::J4247,,J4247,miso_only,1.0,accepted,,120.0,,False
P::M::J4248,,J4248,miso_only,1.0,accepted,,770.0,,False
P::M::J4249,,J4249,miso_only,1.0,accepted,,100.0,,False
P::M::J4250,,J4250,miso_only,1.0,accepted,,200.0,,False
P::M::J4251,,J4251,miso_only,1.0,accepted,,200.0,,False
P::M::J4252,,J4252,miso_only,1.0,accepted,,250.0,,False
P::M::J4253,,J4253,miso_only,1.0,accepted,,86.0,,False
P::M::J4254,,J4254,miso_only,1.0,accepted,,250.0,,False
P::M::J4255,,J4255,miso_only,1.0,accepted,,300.0,,False
P::M::J4256,,J4256,miso_only,1.0,accepted,,2015.0,,False
P::M::J4257,,J4257,miso_only,1.0,accepted,,80.0,,False
P::M::J4258,,J4258,miso_only,1.0,accepted,,787.3,,False
P::M::J4259,,J4259,miso_only,1.0,accepted,,200.0,,False
P::M::J4260,,J4260,miso_only,1.0,accepted,,250.0,,False
P::M::J4261,,J4261,miso_only,1.0,accepted,,200.0,,False
P::M::J4262,,J4262,miso_only,1.0,accepted,,250.0,,False
P::M::R1008,,R1008,miso_only,1.0,accepted,,0.0,,False
P::M::R1009,,R1009,miso_only,1.0,accepted,,0.0,,False
P::M::R1010,,R1010,miso_only,1.0,accepted,,0.0,,False
P::M::R1013,,R1013,miso_only,1.0,accepted,,0.0,,False
P::M::R1014,,R1014,miso_only,1.0,accepted,,0.0,,False
P::M::R1017,,R1017,miso_only,1.0,accepted,,0.0,,False
P::M::R1020,,R1020,miso_only,1.0,accepted,,0.0,,False
P::M::R1021,,R1021,miso_only,1.0,accepted,,0.0,,False
P::M::R1022,,R1022,miso_only,1.0,accepted,,0.0,,False
P::M::R1023,,R1023,miso_only,1.0,accepted,,0.0,,False
P::M::R1024,,R1024,miso_only,1.0,accepted,,0.0,,False
P::M::R1025,,R1025,miso_only,1.0,accepted,,0.0,,False
P::M::R1026,,R1026,miso_only,1.0,accepted,,0.0,,False
P::M::R1027,,R1027,miso_only,1.0,accepted,,0.0,,False
P::M::R1028,,R1028,miso_only,1.0,accepted,,0.0,,False
P::M::R1030,,R1030,miso_only,1.0,accepted,,0.0,,False
P::M::R1031,,R1031,miso_only,1.0,accepted,,0.0,,False
P::M::R1032,,R1032,miso_only,1.0,accepted,,0.0,,False
P::M::R1034,,R1034,miso_only,1.0,accepted,,0.0,,False
P::M::R1035,,R1035,miso_only,1.0,accepted,,0.0,,False
P::M::R1057,,R1057,miso_only,1.0,accepted,,0.0,,False
P::M::R1058,,R1058,miso_only,1.0,accepted,,0.0,,False
P::M::R1060,,R1060,miso_only,1.0,accepted,,0.0,,False
P::M::R5061,,R5061,miso_only,1.0,accepted,,0.0,,False
P::M::R5068,,R5068,miso_only,1.0,accepted,,40.0,,False
P::M::R5073,,R5073,miso_only,1.0,accepted,,0.0,,False
P::M::R5074,,R5074,miso_only,1.0,accepted,,0.0,,False
P::M::R5075,,R5075,miso_only,1.0,accepted,,0.0,,False
P::M::R5076,,R5076,miso_only,1.0,accepted,,200.0,,False
P::M::R5077,,R5077,miso_only,1.0,accepted,,0.0,,False
P::M::R5078,,R5078,miso_only,1.0,accepted,,0.0,,False
P::M::R5079,,R5079,miso_only,1.0,accepted,,0.0,,False
P::M::R5080,,R5080,miso_only,1.0,accepted,,0.0,,False
P::M::R5081,,R5081,miso_only,1.0,accepted,,100.0,,False
P::M::R5082,,R5082,miso_only,1.0,accepted,,0.0,,False
P::M::R5083,,R5083,miso_only,1.0,accepted,,135.0,,False
P::M::R5084,,R5084,miso_only,1.0,accepted,,175.0,,False
P::M::R5085,,R5085,miso_only,1.0,accepted,,0.0,,False
P::M::R5086,,R5086,miso_only,1.0,accepted,,593.0,,False
P::M::R5087,,R5087,miso_only,1.0,accepted,,185.0,,False
P::M::R5088,,R5088,miso_only,1.0,accepted,,325.0,,False
P::M::R5089,,R5089,miso_only,1.0,accepted,,0.0,,False
P::M::R5090,,R5090,miso_only,1.0,accepted,,0.0,,False
P::M::R5091,,R5091,miso_only,1.0,accepted,,0.0,,False
P::M::R5092,,R5092,miso_only,1.0,accepted,,185.0,,False
P::M::R5093,,R5093,miso_only,1.0,accepted,,200.0,,False
P::M::R5094,,R5094,miso_only,1.0,accepted,,0.0,,False
P::M::R5095,,R5095,miso_only,1.0,accepted,,0.0,,False
P::M::R5096,,R5096,miso_only,1.0,accepted,,0.0,,False
P::M::R5097,,R5097,miso_only,1.0,accepted,,0.0,,False
P::M::R5098,,R5098,miso_only,1.0,accepted,,0.0,,False
P::M::R5099,,R5099,miso_only,1.0,accepted,,0.0,,False
P::M::R5100,,R5100,miso_only,1.0,accepted,,0.0,,False
P::M::S1034,,S1034,miso_only,1.0,accepted,,25.0,,False
P::M::S1045,,S1045,miso_only,1.0,accepted,,170.0,,False
P::M::S1055,,S1055,miso_only,1.0,accepted,,50.0,,False
P::M::S1056,,S1056,miso_only,1.0,accepted,,20.0,,False
P::M::S1060,,S1060,miso_only,1.0,accepted,,149.0,,False
P::M::S1069,,S1069,miso_only,1.0,accepted,,200.0,,False
P::M::S1072,,S1072,miso_only,1.0,accepted,,10.0,,False
P::M::S1075,,S1075,miso_only,1.0,accepted,,100.0,,False
P::M::S1086,,S1086,miso_only,1.0,accepted,,225.0,,False
P::M::S1087,,S1087,miso_only,1.0,accepted,,150.0,,False
P::M::S1091,,S1091,miso_only,1.0,accepted,,200.0,,False
P::M::S1128,,S1128,miso_only,1.0,accepted,,100.0,,False
P::M::S1129,,S1129,miso_only,1.0,accepted,,50.31,,False
P::M::S1130,,S1130,miso_only,1.0,accepted,,225.0,,False
P::M::S1131,,S1131,miso_only,1.0,accepted,,200.0,,False
P::M::S1132,,S1132,miso_only,1.0,accepted,,250.0,,False
P::M::S1133,,S1133,miso_only,1.0,accepted,,200.0,,False
P::M::S1134,,S1134,miso_only,1.0,accepted,,100.0,,False
P::M::S1135,,S1135,miso_only,1.0,accepted,,100.0,,False
P::M::S1136,,S1136,miso_only,1.0,accepted,,100.0,,False
P::M::S1137,,S1137,miso_only,1.0,accepted,,150.0,,False
P::M::S1138,,S1138,miso_only,1.0,accepted,,100.0,,False
P::M::S1139,,S1139,miso_only,1.0,accepted,,96.0,,False
P::M::S1140,,S1140,miso_only,1.0,accepted,,200.0,,False
P::M::S1141,,S1141,miso_only,1.0,accepted,,150.0,,False
P::M::S1142,,S1142,miso_only,1.0,accepted,,300.0,,False
P::M::S1143,,S1143,miso_only,1.0,accepted,,135.0,,False
P::M::S1144,,S1144,miso_only,1.0,accepted,,200.0,,False
P::M::S1145,,S1145,miso_only,1.0,accepted,,100.0,,False
P::M::S1146,,S1146,miso_only,1.0,accepted,,125.0,,False
P::M::S1147,,S1147,miso_only,1.0,accepted,,132.0,,False
P::M::S1148,,S1148,miso_only,1.0,accepted,,230.0,,False
P::M::S1149,,S1149,miso_only,1.0,accepted,,80.0,,False
P::M::S1150,,S1150,miso_only,1.0,accepted,,80.0,,False
P::M::S1151,,S1151,miso_only,1.0,accepted,,109.0,,False
P::M::S1152,,S1152,miso_only,1.0,accepted,,139.0,,False
P::M::S1153,,S1153,miso_only,1.0,accepted,,100.0,,False
P::M::S1154,,S1154,miso_only,1.0,accepted,,150.0,,False
P::M::S1155,,S1155,miso_only,1.0,accepted,,200.0,,False
P::M::S1156,,S1156,miso_only,1.0,accepted,,632.0,,False
P::M::S1157,,S1157,miso_only,1.0,accepted,,534.0,,False
P::M::S1158,,S1158,miso_only,1.0,accepted,,99.0,,False
P::M::S1159,,S1159,miso_only,1.0,accepted,,100.0,,False
P::M::S1160,,S1160,miso_only,1.0,accepted,,150.0,,False
P::M::S1161,,S1161,miso_only,1.0,accepted,,625.0,,False
P::M::S1162,,S1162,miso_only,1.0,accepted,,390.0,,False
P::M::S1163,,S1163,miso_only,1.0,accepted,,150.0,,False
P::M::S1164,,S1164,miso_only,1.0,accepted,,200.0,,False
P::M::S1165,,S1165,miso_only,1.0,accepted,,75.0,,False
P::M::S1166,,S1166,miso_only,1.0,accepted,,108.93,,False
P::M::S1167,,S1167,miso_only,1.0,accepted,,99.0,,False
P::M::S1168,,S1168,miso_only,1.0,accepted,,99.0,,False
P::M::S1169,,S1169,miso_only,1.0,accepted,,100.0,,False
P::M::S1170,,S1170,miso_only,1.0,accepted,,100.0,,False
P::M::S1171,,S1171,miso_only,1.0,accepted,,0.0,,False
P::M::S1172,,S1172,miso_only,1.0,accepted,,200.0,,False
P::M::S1173,,S1173,miso_only,1.0,accepted,,100.0,,False
P::M::S1174,,S1174,miso_only,1.0,accepted,,0.0,,False
P::M::S1175,,S1175,miso_only,1.0,accepted,,0.0,,False
P::M::S1176,,S1176,miso_only,1.0,accepted,,0.0,,False
P::M::S1177,,S1177,miso_only,1.0,accepted,,0.0,,False
