project_key,observation_date,published_at,source_name,source_project_id,queue_age_months,log1p_capacity_mw,technology_primary,is_hybrid,state_code,months_until_service,service_date_passed,capacity_change_pct,service_date_shift_months,years_since_last_change,other_active_projects_same_state,other_active_mw_same_state,other_active_projects_same_poi,other_active_mw_same_poi,other_active_mw_same_technology,prior_12m_withdrawal_count,prior_12m_withdrawn_mw,years_in_queue,study_phase,service_type,capacity_mw,county_fips,miso_zone,study_group,poi_key,fema_risk_score,population,rural_flag,median_income,storm_events_12m,storm_property_damage_12m,extreme_weather_days_12m,energy_community_eligible,same_poi_project_count,nearby_queue_mw,same_group_prior_withdrawal_rate,queue_date,interest_rate_at_observation,miso_mean_demand_mw,miso_peak_demand_mw,miso_demand_yoy_pct,miso_generation_yoy_pct,miso_net_interchange_mw,interest_rate_at_entry,interest_rate_change_since_entry,construction_cost_index_change_12m,developer_id,developer_active_project_count,developer_total_active_mw,developer_prior_completion_rate,developer_prior_withdrawal_rate,capacity_reduction_pct,upgrade_cost_per_mw,network_upgrade_cost,study_delay_days,restudy_count,cost_change_since_previous_study,dpp_event_count_to_date,latest_study_phase,study_delay_days_status,restudy_count_status,upgrade_cost_change_pct,upgrade_cost_change_pct_status,distance_to_transmission_km,distance_to_transmission_km_status,local_congestion_mean_12m,local_congestion_mean_12m_status,local_congestion_volatility_12m,local_congestion_volatility_12m_status,news_count_30d,news_count_30d_status,news_count_90d,news_count_90d_status,negative_news_count_90d,negative_news_count_90d_status,opposition_event_count_180d,opposition_event_count_180d_status,permit_positive_count_180d,permit_positive_count_180d_status,financing_positive_count_180d,financing_positive_count_180d_status,news_sentiment_mean_90d,news_sentiment_mean_90d_status,days_since_last_positive_event,days_since_last_positive_event_status,days_since_last_negative_event,days_since_last_negative_event_status,solar_resource_percentile,solar_resource_percentile_status,wind_resource_percentile,wind_resource_percentile_status,wetlands_overlap_pct,wetlands_overlap_pct_status,distance_to_wetlands_km,distance_to_wetlands_km_status,drought_months_12m,drought_months_12m_status,county_gdp_growth,county_gdp_growth_status,construction_employment_growth,construction_employment_growth_status,expected_incremental_load_mw,expected_incremental_load_mw_status,developer_financing_event_180d,developer_financing_event_180d_status,developer_distress_event_180d,developer_distress_event_180d_status
P::J1844,2026-03-01,2026-03-01,MISO,J1844,61.96303901437371,4.61512051684126,battery,0,MI,35.252566735112936,0,0.0,52.0,,174.0,34393.09,0.0,0.0,44230.42,1202,238194.56,5.163586584531143,Phase 3,NRIS,100.0,26161,,,19CVTRY,89.28117048346056,365536.0,0.0,,0,0,0,,0,0.0,,2021-07-22,4.17,80990.37768817204,101013.0,-0.6408162377577172,0.0065300658450057865,-603.8938172043011,1.57,2.5999999999999996,18.19049822562721,ITC,83.0,19624.149999999998,0.0,0.27586206896551724,,,,,,,,,unavailable,unavailable,,unavailable,,unavailable,,unavailable,,unavailable,,unavailable,,unavailable,,unavailable,,unavailable,,unavailable,,unavailable,,unavailable,,unavailable,,unavailable,,unavailable,,unavailable,,unavailable,,unavailable,,unavailable,,unavailable,,unavailable,,unavailable,,unavailable,,unavailable
P::J1845,2026-03-01,2026-03-01,MISO,J1845,61.96303901437371,4.61512051684126,battery,0,MI,29.963039014373717,0,0.0,34.0,,174.0,34393.09,0.0,0.0,44230.42,1202,238194.56,5.163586584531143,Phase 3,NRIS,100.0,26025,,,18BATTLC,74.52290076335878,133366.0,0.0,,0,0,0,1,0,0.0,,2021-07-22,4.17,80990.37768817204,101013.0,-0.6408162377577172,0.0065300658450057865,-603.8938172043011,1.57,2.5999999999999996,18.19049822562721,METC,167.0,33466.87,0.024691358024691357,0.45987654320987653,,,,,,,,,unavailable,unavailable,,unavailable,,unavailable,,unavailable,,unavailable,,unavailable,,unavailable,,unavailable,,unavailable,,unavailable,,unavailable,,unavailable,,unavailable,,unavailable,,unavailable,,unavailable,,unavailable,,unavailable,,unavailable,,unavailable,,unavailable,,unavailable,,unavailable,,unavailable
P::J1846,2026-03-01,2026-03-01,MISO,J1846,55.29363449691992,5.303304908059076,other,0,MN,,0,0.0,,,98.0,18201.9,0.0,0.0,19763.7,1202,238194.56,4.607802874743326,Phase 2,NRIS,200.0,27129,,,PANTHER,38.45419847328244,14348.0,1.0,,0,0,0,,0,0.0,,2021-07-22,4.17,80990.37768817204,101013.0,-0.6408162377577172,0.0065300658450057865,-603.8938172043011,1.57,2.5999999999999996,18.19049822562721,GREAT RIVER ENERGY,25.0,5005.92,0.11940298507462686,0.6940298507462687,,,27521456.94,,,,1.0,Phase2,unavailable,unavailable,,unavailable,,unavailable,,unavailable,,unavailable,,unavailable,,unavailable,,unavailable,,unavailable,,unavailable,,unavailable,,unavailable,,unavailable,,unavailable,,unavailable,,unavailable,,unavailable,,unavailable,,unavailable,,unavailable,,unavailable,,unavailable,,unavailable,,unavailable
P::J1861,2026-03-01,2026-03-01,MISO,J1861,47.1129363449692,3.828641396489095,battery,0,IN,,0,0.0,,,89.0,18646.7,0.0,0.0,44285.42,1202,238194.56,3.9260780287474333,Phase 2,NRIS,45.0,18091,,,STILLWELL L N G PLANT 138 0KV,78.88040712468194,111706.0,0.0,,0,0,0,1,0,0.0,,2022-03-28,4.17,80990.37768817204,101013.0,-0.6408162377577172,0.0065300658450057865,-603.8938172043011,1.98,2.19,18.19049822562721,NORTHERN INDIANA PUBLIC SERVICE,53.0,9697.23,0.09701492537313433,0.5074626865671642,,,,,,,,,unavailable,unavailable,,unavailable,,unavailable,,unavailable,,unavailable,,unavailable,,unavailable,,unavailable,,unavailable,,unavailable,,unavailable,,unavailable,,unavailable,,unavailable,,unavailable,,unavailable,,unavailable,,unavailable,,unavailable,,unavailable,,unavailable,,unavailable,,unavailable,,unavailable
P::J1863,2026-03-01,2026-03-01,MISO,J1863,54.47227926078029,4.110873864173311,battery,0,MI,3.383983572895277,0,0.0,21.0,,174.0,34433.09,0.0,0.0,44270.42,1202,238194.56,4.539356605065024,Phase 3,NRIS,60.0,26137,,,VANTYLE 138KV,18.416030534351144,25747.0,1.0,,0,0,0,1,0,0.0,,2021-08-16,4.17,80990.37768817204,101013.0,-0.6408162377577172,0.0065300658450057865,-603.8938172043011,1.33,2.84,18.19049822562721,METC,167.0,33466.87,0.024691358024691357,0.45987654320987653,,,,,,,,,unavailable,unavailable,,unavailable,,unavailable,,unavailable,,unavailable,,unavailable,,unavailable,,unavailable,,unavailable,,unavailable,,unavailable,,unavailable,,unavailable,,unavailable,,unavailable,,unavailable,,unavailable,,unavailable,,unavailable,,unavailable,,unavailable,,unavailable,,unavailable,,unavailable
P::J1867,2026-03-01,2026-03-01,MISO,J1867,51.252566735112936,5.303304908059076,wind_onshore,0,IA,,0,0.0,,,71.0,14429.54,1.0,200.0,26981.11,1202,238194.56,4.271047227926078,Phase 2,NRIS,200.0,19069,,,QUINN,21.946564885496183,9875.0,1.0,,0,0,0,,1,200.0,,2021-07-22,4.17,80990.37768817204,101013.0,-0.6408162377577172,0.0065300658450057865,-603.8938172043011,1.57,2.5999999999999996,18.19049822562721,ITC MIDWEST,87.0,14086.3,0.18114143920595532,0.6029776674937966,,,24283096.3,,,,1.0,Phase2,unavailable,unavailable,,unavailable,,unavailable,,unavailable,,unavailable,,unavailable,,unavailable,,unavailable,,unavailable,,unavailable,,unavailable,,unavailable,,unavailable,,unavailable,,unavailable,,unavailable,,unavailable,,unavailable,,unavailable,,unavailable,,unavailable,,unavailable,,unavailable,,unavailable
P::J1880,2026-03-01,2026-03-01,MISO,J1880,54.47227926078029,4.110873864173311,battery,0,MI,18.496919917864478,0,0.0,36.0,,174.0,34433.09,0.0,0.0,44270.42,1202,238194.56,4.539356605065024,Phase 3,NRIS,60.0,26139,,,ARGENTA TO TALLMADGE 345KV 33 MILES FROM ARGENTA,82.8880407124682,303372.0,0.0,,0,0,0,1,0,0.0,,2021-08-16,4.17,80990.37768817204,101013.0,-0.6408162377577172,0.0065300658450057865,-603.8938172043011,1.33,2.84,18.19049822562721,METC,167.0,33466.87,0.024691358024691357,0.45987654320987653,,,,,,,,,unavailable,unavailable,,unavailable,,unavailable,,unavailable,,unavailable,,unavailable,,unavailable,,unavailable,,unavailable,,unavailable,,unavailable,,unavailable,,unavailable,,unavailable,,unavailable,,unavailable,,unavailable,,unavailable,,unavailable,,unavailable,,unavailable,,unavailable,,unavailable,,unavailable
P::J1889,2026-03-01,2026-03-01,MISO,J1889,54.86652977412731,4.110873864173311,solar,0,IA,,0,0.0,,,71.0,14569.54,0.0,0.0,62589.18,1202,238194.56,4.572210814510609,Phase 2,NRIS,60.0,19113,,,MOUNT VERNON,86.70483460559797,228972.0,0.0,,0,0,0,1,0,0.0,,2021-07-22,4.17,80990.37768817204,101013.0,-0.6408162377577172,0.0065300658450057865,-603.8938172043011,1.57,2.5999999999999996,18.19049822562721,ITC MIDWEST,87.0,14086.3,0.18114143920595532,0.6029776674937966,,,1489622.53,,,,1.0,Phase2,unavailable,unavailable,,unavailable,,unavailable,,unavailable,,unavailable,,unavailable,,unavailable,,unavailable,,unavailable,,unavailable,,unavailable,,unavailable,,unavailable,,unavailable,,unavailable,,unavailable,,unavailable,,unavailable,,unavailable,,unavailable,,unavailable,,unavailable,,unavailable,,unavailable
P::J1894,2026-03-01,2026-03-01,MISO,J1894,52.04106776180698,5.303304908059076,battery,0,MI,35.318275154004105,0,0.0,53.0,,174.0,34293.09,0.0,0.0,44130.42,1202,238194.56,4.336755646817249,Phase 3,NRIS,200.0,26077,,,JAGUAR 138KV,81.67938931297711,262215.0,0.0,,0,0,0,,0,0.0,,2021-07-22,4.17,80990.37768817204,101013.0,-0.6408162377577172,0.0065300658450057865,-603.8938172043011,1.57,2.5999999999999996,18.19049822562721,METC,167.0,33466.87,0.024691358024691357,0.45987654320987653,,,,,,,,,unavailable,unavailable,,unavailable,,unavailable,,unavailable,,unavailable,,unavailable,,unavailable,,unavailable,,unavailable,,unavailable,,unavailable,,unavailable,,unavailable,,unavailable,,unavailable,,unavailable,,unavailable,,unavailable,,unavailable,,unavailable,,unavailable,,unavailable,,unavailable,,unavailable
P::J1895,2026-03-01,2026-03-01,MISO,J1895,28.91170431211499,5.303304908059076,battery,0,WI,,0,0.0,,,67.0,13992.460000000001,0.0,0.0,44130.42,1202,238194.56,2.409308692676249,Phase 3,NRIS,200.0,55059,,,BALSAM,84.95547073791349,167488.0,0.0,,0,0,0,1,0,0.0,,2021-07-22,4.17,80990.37768817204,101013.0,-0.6408162377577172,0.0065300658450057865,-603.8938172043011,1.57,2.5999999999999996,18.19049822562721,AMERICAN TRANSMISSION,110.0,22126.63,0.09090909090909091,0.6181818181818182,,,,,,,1.0,Unknown,unavailable,unavailable,,unavailable,,unavailable,,unavailable,,unavailable,,unavailable,,unavailable,,unavailable,,unavailable,,unavailable,,unavailable,,unavailable,,unavailable,,unavailable,,unavailable,,unavailable,,unavailable,,unavailable,,unavailable,,unavailable,,unavailable,,unavailable,,unavailable,,unavailable
P::J1898,2026-03-01,2026-03-01,MISO,J1898,54.57084188911704,5.303304908059076,battery,0,MN,20.008213552361397,0,0.0,37.0,,98.0,18201.9,2.0,400.0,44130.42,1202,238194.56,4.547570157426421,Phase 2,NRIS,200.0,27109,,,BYRON 161KV,82.3473282442748,164784.0,0.0,,0,0,0,1,2,400.0,,2021-07-22,4.17,80990.37768817204,101013.0,-0.6408162377577172,0.0065300658450057865,-603.8938172043011,1.57,2.5999999999999996,18.19049822562721,SOUTHERN MINNESOTA MUNICIPAL POWER AGENCY,10.0,1585.0,0.058823529411764705,0.35294117647058826,,,13989147.7,,,,1.0,Phase2,unavailable,unavailable,,unavailable,,unavailable,,unavailable,,unavailable,,unavailable,,unavailable,,unavailable,,unavailable,,unavailable,,unavailable,,unavailable,,unavailable,,unavailable,,unavailable,,unavailable,,unavailable,,unavailable,,unavailable,,unavailable,,unavailable,,unavailable,,unavailable,,unavailable
P::J1900,2026-03-01,2026-03-01,MISO,J1900,54.57084188911704,5.303304908059076,battery,0,MI,31.50718685831622,0,0.0,49.0,,174.0,34293.09,0.0,0.0,44130.42,1202,238194.56,4.547570157426421,Phase 3,NRIS,200.0,26163,,,BROWNSTOWN 12 120KV,98.95038167938931,1751169.0,0.0,,0,0,0,1,0,0.0,,2021-07-22,4.17,80990.37768817204,101013.0,-0.6408162377577172,0.0065300658450057865,-603.8938172043011,1.57,2.5999999999999996,18.19049822562721,ITC,83.0,19624.149999999998,0.0,0.27586206896551724,,,,,,,,,unavailable,unavailable,,unavailable,,unavailable,,unavailable,,unavailable,,unavailable,,unavailable,,unavailable,,unavailable,,unavailable,,unavailable,,unavailable,,unavailable,,unavailable,,unavailable,,unavailable,,unavailable,,unavailable,,unavailable,,unavailable,,unavailable,,unavailable,,unavailable,,unavailable
P::J1902,2026-03-01,2026-03-01,MISO,J1902,54.57084188911704,5.303304908059076,battery,0,MI,15.014373716632443,0,0.0,33.0,,174.0,34293.09,0.0,0.0,44130.42,1202,238194.56,4.547570157426421,Phase 3,NRIS,200.0,26163,,,IRONTON,98.95038167938931,1751169.0,0.0,,0,0,0,1,0,0.0,,2021-07-22,4.17,80990.37768817204,101013.0,-0.6408162377577172,0.0065300658450057865,-603.8938172043011,1.57,2.5999999999999996,18.19049822562721,ITC,83.0,19624.149999999998,0.0,0.27586206896551724,,,,,,,,,unavailable,unavailable,,unavailable,,unavailable,,unavailable,,unavailable,,unavailable,,unavailable,,unavailable,,unavailable,,unavailable,,unavailable,,unavailable,,unavailable,,unavailable,,unavailable,,unavailable,,unavailable,,unavailable,,unavailable,,unavailable,,unavailable,,unavailable,,unavailable,,unavailable
P::J1914,2026-03-01,2026-03-01,MISO,J1914,28.84599589322382,5.017279836814924,solar,0,MI,3.02258726899384,0,0.0,0.0,,174.0,34343.09,0.0,0.0,62499.18,1202,238194.56,2.403832991101985,Phase 3,NRIS,150.0,26141,,,PORT CALCITE ROCKPORT 138 0KV,21.755725190839694,13285.0,1.0,,0,0,0,1,0,0.0,,2021-07-22,4.17,80990.37768817204,101013.0,-0.6408162377577172,0.0065300658450057865,-603.8938172043011,1.57,2.5999999999999996,18.19049822562721,METC,167.0,33466.87,0.024691358024691357,0.45987654320987653,,,,,,,,,unavailable,unavailable,,unavailable,,unavailable,,unavailable,,unavailable,,unavailable,,unavailable,,unavailable,,unavailable,,unavailable,,unavailable,,unavailable,,unavailable,,unavailable,,unavailable,,unavailable,,unavailable,,unavailable,,unavailable,,unavailable,,unavailable,,unavailable,,unavailable,,unavailable
P::J1916,2026-03-01,2026-03-01,MISO,J1916,28.386036960985628,4.61512051684126,solar,0,MI,0.16427104722792607,0,0.0,0.0,,174.0,34393.09,0.0,0.0,62549.18,1202,238194.56,2.3655030800821355,Phase 3,NRIS,100.0,26023,,,NEWTON,51.81297709923665,45215.0,1.0,,0,0,0,1,0,0.0,,2021-07-22,4.17,80990.37768817204,101013.0,-0.6408162377577172,0.0065300658450057865,-603.8938172043011,1.57,2.5999999999999996,18.19049822562721,METC,167.0,33466.87,0.024691358024691357,0.45987654320987653,,,,,,,,,unavailable,unavailable,,unavailable,,unavailable,,unavailable,,unavailable,,unavailable,,unavailable,,unavailable,,unavailable,,unavailable,,unavailable,,unavailable,,unavailable,,unavailable,,unavailable,,unavailable,,unavailable,,unavailable,,unavailable,,unavailable,,unavailable,,unavailable,,unavailable,,unavailable
P::J1926,2026-03-01,2026-03-01,MISO,J1926,47.27720739219713,5.303304908059076,wind_onshore,0,IL,,0,0.0,,,187.0,35250.11,0.0,0.0,26981.11,1202,238194.56,3.9397672826830936,Phase 2,NRIS,200.0,17179,,,MACKINAW,84.19211195928753,129541.0,0.0,,0,0,0,1,0,0.0,,2021-07-22,4.17,80990.37768817204,101013.0,-0.6408162377577172,0.0065300658450057865,-603.8938172043011,1.57,2.5999999999999996,18.19049822562721,AMEREN ILLINOIS,221.0,41217.38,0.07429718875502007,0.4779116465863454,,,,,,,,,unavailable,unavailable,,unavailable,,unavailable,,unavailable,,unavailable,,unavailable,,unavailable,,unavailable,,unavailable,,unavailable,,unavailable,,unavailable,,unavailable,,unavailable,,unavailable,,unavailable,,unavailable,,unavailable,,unavailable,,unavailable,,unavailable,,unavailable,,unavailable,,unavailable
P::J1927,2026-03-01,2026-03-01,MISO,J1927,50.8911704312115,3.1945831322991562,solar,0,IA,,0,0.0,,1.163586584531143,71.0,14606.140000000001,0.0,0.0,62625.78,1202,238194.56,4.240930869267625,Phase 2,NRIS,23.4,19139,,,GRANDVIEW SUBSTATION 69KV,57.76081424936387,42218.0,1.0,,0,0,0,1,0,0.0,,2021-07-22,4.17,80990.37768817204,101013.0,-0.6408162377577172,0.0065300658450057865,-603.8938172043011,1.57,2.5999999999999996,18.19049822562721,MUSCATINE POWER AND WATER,1.0,23.4,0.0,0.0,,,840603.63,,,,1.0,Phase2,unavailable,unavailable,,unavailable,,unavailable,,unavailable,,unavailable,,unavailable,,unavailable,,unavailable,,unavailable,,unavailable,,unavailable,,unavailable,,unavailable,,unavailable,,unavailable,,unavailable,,unavailable,,unavailable,,unavailable,,unavailable,,unavailable,,unavailable,,unavailable,,unavailable
P::J1929,2026-03-01,2026-03-01,MISO,J1929,54.209445585215605,4.709530201312334,solar,0,MI,30.850102669404517,0,0.0,35.0,,174.0,34383.09,43.0,12931.869999999999,62539.18,1202,238194.56,4.517453798767967,Phase 3,NRIS,110.0,26031,,,OTHER_,59.478371501272264,26048.0,1.0,,0,0,0,1,43,12931.869999999999,,2021-07-22,4.17,80990.37768817204,101013.0,-0.6408162377577172,0.0065300658450057865,-603.8938172043011,1.57,2.5999999999999996,18.19049822562721,METC,167.0,33466.87,0.024691358024691357,0.45987654320987653,,,,,,,,,unavailable,unavailable,,unavailable,,unavailable,,unavailable,,unavailable,,unavailable,,unavailable,,unavailable,,unavailable,,unavailable,,unavailable,,unavailable,,unavailable,,unavailable,,unavailable,,unavailable,,unavailable,,unavailable,,unavailable,,unavailable,,unavailable,,unavailable,,unavailable,,unavailable
P::J1931,2026-03-01,2026-03-01,MISO,J1931,50.98973305954826,3.713572066704308,wind_onshore,0,WI,16.0,0,0.0,21.0,,67.0,14152.460000000001,0.0,0.0,27141.11,1202,238194.56,4.249144421629021,Phase 3,NRIS,40.0,55049,,,HILL VALLEY 345KV,23.377862595419845,23956.0,1.0,,0,0,0,,0,0.0,,2021-07-22,4.17,80990.37768817204,101013.0,-0.6408162377577172,0.0065300658450057865,-603.8938172043011,1.57,2.5999999999999996,18.19049822562721,AMERICAN TRANSMISSION,110.0,22126.63,0.09090909090909091,0.6181818181818182,,,,,,,1.0,Unknown,unavailable,unavailable,,unavailable,,unavailable,,unavailable,,unavailable,,unavailable,,unavailable,,unavailable,,unavailable,,unavailable,,unavailable,,unavailable,,unavailable,,unavailable,,unavailable,,unavailable,,unavailable,,unavailable,,unavailable,,unavailable,,unavailable,,unavailable,,unavailable,,unavailable
P::J1934,2026-03-01,2026-03-01,MISO,J1934,54.209445585215605,5.017279836814924,battery,0,WI,31.04722792607803,0,0.0,36.0,,67.0,14042.460000000001,0.0,0.0,44180.42,1202,238194.56,4.517453798767967,Phase 3,NRIS,150.0,55059,,,LAKEVIEW 138KV,84.95547073791349,167488.0,0.0,,0,0,0,1,0,0.0,,2021-07-22,4.17,80990.37768817204,101013.0,-0.6408162377577172,0.0065300658450057865,-603.8938172043011,1.57,2.5999999999999996,18.19049822562721,AMERICAN TRANSMISSION,110.0,22126.63,0.09090909090909091,0.6181818181818182,,,,,,,1.0,Unknown,unavailable,unavailable,,unavailable,,unavailable,,unavailable,,unavailable,,unavailable,,unavailable,,unavailable,,unavailable,,unavailable,,unavailable,,unavailable,,unavailable,,unavailable,,unavailable,,unavailable,,unavailable,,unavailable,,unavailable,,unavailable,,unavailable,,unavailable,,unavailable,,unavailable
P::J1935,2026-03-01,2026-03-01,MISO,J1935,51.02258726899384,3.9318256327243257,solar,0,WI,,0,0.0,,2.1656399726214923,67.0,14142.460000000001,0.0,0.0,62599.18,1202,238194.56,4.251882272416153,Phase 3,NRIS,50.0,55025,,,N MADISON 69KV,93.86132315521628,575347.0,0.0,,0,0,0,1,0,0.0,,2021-07-22,4.17,80990.37768817204,101013.0,-0.6408162377577172,0.0065300658450057865,-603.8938172043011,1.57,2.5999999999999996,18.19049822562721,AMERICAN TRANSMISSION,110.0,22126.63,0.09090909090909091,0.6181818181818182,,,,,,,1.0,Unknown,unavailable,unavailable,,unavailable,,unavailable,,unavailable,,unavailable,,unavailable,,unavailable,,unavailable,,unavailable,,unavailable,,unavailable,,unavailable,,unavailable,,unavailable,,unavailable,,unavailable,,unavailable,,unavailable,,unavailable,,unavailable,,unavailable,,unavailable,,unavailable,,unavailable
P::J1939,2026-03-01,2026-03-01,MISO,J1939,28.418891170431213,4.836281906951478,solar,0,MI,21.35523613963039,0,0.0,49.0,,174.0,34368.09,0.0,0.0,62524.18,1202,238194.56,2.3682409308692676,Phase 3,NRIS,125.0,26145,,,CORNELL LAYTON 138 0KV,88.54961832061069,187782.0,0.0,,0,0,0,1,0,0.0,,2021-07-22,4.17,80990.37768817204,101013.0,-0.6408162377577172,0.0065300658450057865,-603.8938172043011,1.57,2.5999999999999996,18.19049822562721,METC,167.0,33466.87,0.024691358024691357,0.45987654320987653,,,,,,,,,unavailable,unavailable,,unavailable,,unavailable,,unavailable,,unavailable,,unavailable,,unavailable,,unavailable,,unavailable,,unavailable,,unavailable,,unavailable,,unavailable,,unavailable,,unavailable,,unavailable,,unavailable,,unavailable,,unavailable,,unavailable,,unavailable,,unavailable,,unavailable,,unavailable
P::J1943,2026-03-01,2026-03-01,MISO,J1943,54.24229979466119,5.303304908059076,solar,0,WI,,0,0.0,,2.1656399726214923,67.0,13992.460000000001,0.0,0.0,62449.18,1202,238194.56,4.520191649555099,Phase 3,NRIS,200.0,55021,,,COLUMBIA NORTH MADISON 345 138KV 345 0KV,81.42493638676844,58091.0,0.0,,0,0,0,,0,0.0,,2021-07-22,4.17,80990.37768817204,101013.0,-0.6408162377577172,0.0065300658450057865,-603.8938172043011,1.57,2.5999999999999996,18.19049822562721,AMERICAN TRANSMISSION,110.0,22126.63,0.09090909090909091,0.6181818181818182,,,,,,,1.0,Unknown,unavailable,unavailable,,unavailable,,unavailable,,unavailable,,unavailable,,unavailable,,unavailable,,unavailable,,unavailable,,unavailable,,unavailable,,unavailable,,unavailable,,unavailable,,unavailable,,unavailable,,unavailable,,unavailable,,unavailable,,unavailable,,unavailable,,unavailable,,unavailable,,unavailable
P::J1944,2026-03-01,2026-03-01,MISO,J1944,54.24229979466119,5.225746673713202,solar,0,MI,20.27104722792608,0,0.0,48.0,0.16427104722792607,174.0,34308.09,1.0,200.0,62464.18,1202,238194.56,4.520191649555099,Phase 3,NRIS,185.0,26151,,,GREENWOOD RAPSON BANNER 345 0KV,70.32442748091603,40368.0,1.0,,0,0,0,1,1,200.0,,2021-07-22,4.17,80990.37768817204,101013.0,-0.6408162377577172,0.0065300658450057865,-603.8938172043011,1.57,2.5999999999999996,18.19049822562721,ITC,83.0,19624.149999999998,0.0,0.27586206896551724,,,,,,,,,unavailable,unavailable,,unavailable,,unavailable,,unavailable,,unavailable,,unavailable,,unavailable,,unavailable,,unavailable,,unavailable,,unavailable,,unavailable,,unavailable,,unavailable,,unavailable,,unavailable,,unavailable,,unavailable,,unavailable,,unavailable,,unavailable,,unavailable,,unavailable,,unavailable
P::J1948,2026-03-01,2026-03-01,MISO,J1948,47.27720739219713,5.278114659230517,solar,0,MO,,0,0.0,,,28.0,7623.43,0.0,0.0,62454.18,1202,238194.56,3.9397672826830936,Phase 2,NRIS,195.0,29127,,,HANNIBAL WEST,47.86895674300254,28336.0,1.0,,0,0,0,,0,0.0,,2021-07-22,4.17,80990.37768817204,101013.0,-0.6408162377577172,0.0065300658450057865,-603.8938172043011,1.57,2.5999999999999996,18.19049822562721,AMEREN MISSOURI,42.0,11977.23,0.041666666666666664,0.6,,,,,,,,,unavailable,unavailable,,unavailable,,unavailable,,unavailable,,unavailable,,unavailable,,unavailable,,unavailable,,unavailable,,unavailable,,unavailable,,unavailable,,unavailable,,unavailable,,unavailable,,unavailable,,unavailable,,unavailable,,unavailable,,unavailable,,unavailable,,unavailable,,unavailable,,unavailable
P::J1967,2026-03-01,2026-03-01,MISO,J1967,47.24435318275154,5.017279836814924,wind_onshore,0,IL,,0,0.0,,,187.0,35300.11,0.0,0.0,27031.11,1202,238194.56,3.9370294318959616,Phase 2,NRIS,150.0,17019,,,RANTOUL EAST 138KV,90.45801526717557,205644.0,0.0,,0,0,0,1,0,0.0,,2021-07-22,4.17,80990.37768817204,101013.0,-0.6408162377577172,0.0065300658450057865,-603.8938172043011,1.57,2.5999999999999996,18.19049822562721,AMEREN ILLINOIS,221.0,41217.38,0.07429718875502007,0.4779116465863454,,,,,,,,,unavailable,unavailable,,unavailable,,unavailable,,unavailable,,unavailable,,unavailable,,unavailable,,unavailable,,unavailable,,unavailable,,unavailable,,unavailable,,unavailable,,unavailable,,unavailable,,unavailable,,unavailable,,unavailable,,unavailable,,unavailable,,unavailable,,unavailable,,unavailable,,unavailable
P::J1993,2026-03-01,2026-03-01,MISO,J1993,50.95687885010267,4.605170185988092,solar,0,WI,,0,0.0,,,67.0,14093.460000000001,0.0,0.0,62550.18,1202,238194.56,4.246406570841889,Phase 3,NRIS-Only,99.0,55021,,,COLUMBIA SOUTH FOND DU LAC 345 0KV,81.42493638676844,58091.0,0.0,,0,0,0,,0,0.0,,2021-07-22,4.17,80990.37768817204,101013.0,-0.6408162377577172,0.0065300658450057865,-603.8938172043011,1.57,2.5999999999999996,18.19049822562721,AMERICAN TRANSMISSION,110.0,22126.63,0.09090909090909091,0.6181818181818182,,,,,,,1.0,Unknown,unavailable,unavailable,,unavailable,,unavailable,,unavailable,,unavailable,,unavailable,,unavailable,,unavailable,,unavailable,,unavailable,,unavailable,,unavailable,,unavailable,,unavailable,,unavailable,,unavailable,,unavailable,,unavailable,,unavailable,,unavailable,,unavailable,,unavailable,,unavailable,,unavailable
P::J2001,2026-03-01,2026-03-01,MISO,J2001,54.47227926078029,5.3981627015177525,solar,0,MI,40.37782340862423,0,0.0,50.0,,174.0,34273.09,1.0,240.0,62429.18,1202,238194.56,4.539356605065024,Phase 3,NRIS,220.0,26123,,,KENOWA LUDINGTON 345 0KV,47.07379134860051,51108.0,0.0,,0,0,0,1,1,240.0,,2021-07-22,4.17,80990.37768817204,101013.0,-0.6408162377577172,0.0065300658450057865,-603.8938172043011,1.57,2.5999999999999996,18.19049822562721,METC,167.0,33466.87,0.024691358024691357,0.45987654320987653,,,,,,,,,unavailable,unavailable,,unavailable,,unavailable,,unavailable,,unavailable,,unavailable,,unavailable,,unavailable,,unavailable,,unavailable,,unavailable,,unavailable,,unavailable,,unavailable,,unavailable,,unavailable,,unavailable,,unavailable,,unavailable,,unavailable,,unavailable,,unavailable,,unavailable,,unavailable
P::J2002,2026-03-01,2026-03-01,MISO,J2002,54.57084188911704,5.303304908059076,solar,0,IA,14.390143737166325,0,0.0,38.0,,71.0,14429.54,1.0,525.0,62449.18,1202,238194.56,4.547570157426421,Phase 2,NRIS,200.0,19183,,,SUB T HASKINS,44.179389312977094,22560.0,1.0,,0,0,0,,1,525.0,,2021-07-22,4.17,80990.37768817204,101013.0,-0.6408162377577172,0.0065300658450057865,-603.8938172043011,1.57,2.5999999999999996,18.19049822562721,MIDAMERICAN ENERGY,45.0,8895.24,0.18652849740932642,0.5803108808290155,,,11796885.0,,,,1.0,Phase2,unavailable,unavailable,,unavailable,,unavailable,,unavailable,,unavailable,,unavailable,,unavailable,,unavailable,,unavailable,,unavailable,,unavailable,,unavailable,,unavailable,,unavailable,,unavailable,,unavailable,,unavailable,,unavailable,,unavailable,,unavailable,,unavailable,,unavailable,,unavailable,,unavailable
P::J2026,2026-03-01,2026-03-01,MISO,J2026,51.48254620123203,4.61512051684126,battery,0,MI,21.059548254620122,0,0.0,60.0,,174.0,34393.09,1.0,100.0,44230.42,1202,238194.56,4.290212183436003,Phase 3,NRIS,100.0,26057,,,REGAL,54.13486005089059,41368.0,1.0,,0,0,0,1,1,100.0,,2021-07-22,4.17,80990.37768817204,101013.0,-0.6408162377577172,0.0065300658450057865,-603.8938172043011,1.57,2.5999999999999996,18.19049822562721,ITC,83.0,19624.149999999998,0.0,0.27586206896551724,,,,,,,,,unavailable,unavailable,,unavailable,,unavailable,,unavailable,,unavailable,,unavailable,,unavailable,,unavailable,,unavailable,,unavailable,,unavailable,,unavailable,,unavailable,,unavailable,,unavailable,,unavailable,,unavailable,,unavailable,,unavailable,,unavailable,,unavailable,,unavailable,,unavailable,,unavailable
P::J2027,2026-03-01,2026-03-01,MISO,J2027,7.5564681724846,5.017279836814924,solar,0,MN,,0,0.0,,,98.0,18251.9,0.0,0.0,62499.18,1202,238194.56,0.6297056810403833,Phase 2,NRIS,150.0,27037,,,CHUB LAKE 304JB21 22 HAMPTON 8S50 51 345 0KV,89.50381679389314,447440.0,0.0,,0,0,0,1,0,0.0,,2021-07-22,4.17,80990.37768817204,101013.0,-0.6408162377577172,0.0065300658450057865,-603.8938172043011,1.57,2.5999999999999996,18.19049822562721,GREAT RIVER ENERGY,25.0,5005.92,0.11940298507462686,0.6940298507462687,,,13217130.07,,,,1.0,Phase2,unavailable,unavailable,,unavailable,,unavailable,,unavailable,,unavailable,,unavailable,,unavailable,,unavailable,,unavailable,,unavailable,,unavailable,,unavailable,,unavailable,,unavailable,,unavailable,,unavailable,,unavailable,,unavailable,,unavailable,,unavailable,,unavailable,,unavailable,,unavailable,,unavailable
P::J2029,2026-03-01,2026-03-01,MISO,J2029,50.98973305954826,4.151039905898646,solar,0,MI,18.036960985626283,0,0.0,36.0,1.163586584531143,174.0,34430.59,0.0,0.0,62586.68,1202,238194.56,4.249144421629021,Phase 3,NRIS,62.5,26103,,,PERCH LAKE,69.78371501272265,66999.0,0.0,,0,0,0,1,0,0.0,,2021-07-22,4.17,80990.37768817204,101013.0,-0.6408162377577172,0.0065300658450057865,-603.8938172043011,1.57,2.5999999999999996,18.19049822562721,AMERICAN TRANSMISSION,110.0,22126.63,0.09090909090909091,0.6181818181818182,,,,,,,1.0,Unknown,unavailable,unavailable,,unavailable,,unavailable,,unavailable,,unavailable,,unavailable,,unavailable,,unavailable,,unavailable,,unavailable,,unavailable,,unavailable,,unavailable,,unavailable,,unavailable,,unavailable,,unavailable,,unavailable,,unavailable,,unavailable,,unavailable,,unavailable,,unavailable,,unavailable
P::J2031,2026-03-01,2026-03-01,MISO,J2031,54.57084188911704,4.61512051684126,wind_onshore,0,IA,,0,0.0,,,71.0,14529.54,0.0,0.0,27081.11,1202,238194.56,4.547570157426421,Phase 2,NRIS,100.0,19171,,,TOLEDO,45.32442748091603,16833.0,1.0,,0,0,0,,0,0.0,,2021-07-22,4.17,80990.37768817204,101013.0,-0.6408162377577172,0.0065300658450057865,-603.8938172043011,1.57,2.5999999999999996,18.19049822562721,ITC MIDWEST,87.0,14086.3,0.18114143920595532,0.6029776674937966,,,10911110.38,,,,1.0,Phase2,unavailable,unavailable,,unavailable,,unavailable,,unavailable,,unavailable,,unavailable,,unavailable,,unavailable,,unavailable,,unavailable,,unavailable,,unavailable,,unavailable,,unavailable,,unavailable,,unavailable,,unavailable,,unavailable,,unavailable,,unavailable,,unavailable,,unavailable,,unavailable,,unavailable
P::J2033,2026-03-01,2026-03-01,MISO,J2033,54.143737166324435,5.303304908059076,solar,0,IL,,0,0.0,,2.1656399726214923,187.0,35250.11,0.0,0.0,62449.18,1202,238194.56,4.511978097193703,Phase 2,NRIS,200.0,17025,,,7XENIA 7MTVERNW 345 0KV,41.06234096692112,12999.0,1.0,,0,0,0,1,0,0.0,,2021-07-22,4.17,80990.37768817204,101013.0,-0.6408162377577172,0.0065300658450057865,-603.8938172043011,1.57,2.5999999999999996,18.19049822562721,AMEREN ILLINOIS,221.0,41217.38,0.07429718875502007,0.4779116465863454,,,,,,,,,unavailable,unavailable,,unavailable,,unavailable,,unavailable,,unavailable,,unavailable,,unavailable,,unavailable,,unavailable,,unavailable,,unavailable,,unavailable,,unavailable,,unavailable,,unavailable,,unavailable,,unavailable,,unavailable,,unavailable,,unavailable,,unavailable,,unavailable,,unavailable,,unavailable
P::J2036,2026-03-01,2026-03-01,MISO,J2036,46.85010266940452,0.0,battery,0,IL,,0,,,,187.0,35450.11,0.0,0.0,44330.42,1202,238194.56,3.9041752224503763,Phase 2,NRIS,0.0,17035,,,HUTSONVILLE NEOGA 138KV,25.858778625954198,10261.0,1.0,,0,0,0,1,0,0.0,,2022-04-05,4.17,80990.37768817204,101013.0,-0.6408162377577172,0.0065300658450057865,-603.8938172043011,1.98,2.19,18.19049822562721,AMEREN ILLINOIS,221.0,41217.38,0.07429718875502007,0.4779116465863454,,,,,,,,,unavailable,unavailable,,unavailable,,unavailable,,unavailable,,unavailable,,unavailable,,unavailable,,unavailable,,unavailable,,unavailable,,unavailable,,unavailable,,unavailable,,unavailable,,unavailable,,unavailable,,unavailable,,unavailable,,unavailable,,unavailable,,unavailable,,unavailable,,unavailable,,unavailable
P::J2044,2026-03-01,2026-03-01,MISO,J2044,47.08008213552361,4.61512051684126,solar,0,IN,,0,0.0,,2.1656399726214923,89.0,18591.7,0.0,0.0,62549.18,1202,238194.56,3.923340177960301,Phase 2,NRIS,100.0,18111,,,GOODLAND 138KV SUBSTATION,11.673027989821882,13960.0,1.0,,0,0,0,1,0,0.0,,2021-07-22,4.17,80990.37768817204,101013.0,-0.6408162377577172,0.0065300658450057865,-603.8938172043011,1.57,2.5999999999999996,18.19049822562721,NORTHERN INDIANA PUBLIC SERVICE,53.0,9697.23,0.09701492537313433,0.5074626865671642,,,,,,,,,unavailable,unavailable,,unavailable,,unavailable,,unavailable,,unavailable,,unavailable,,unavailable,,unavailable,,unavailable,,unavailable,,unavailable,,unavailable,,unavailable,,unavailable,,unavailable,,unavailable,,unavailable,,unavailable,,unavailable,,unavailable,,unavailable,,unavailable,,unavailable,,unavailable
P::J2045,2026-03-01,2026-03-01,MISO,J2045,47.1129363449692,3.9318256327243257,battery,0,IN,,0,0.0,,,89.0,18641.7,0.0,0.0,44280.42,1202,238194.56,3.9260780287474333,Phase 2,NRIS,50.0,18111,,,GOODLAND 138KV,11.673027989821882,13960.0,1.0,,0,0,0,1,0,0.0,,2022-03-28,4.17,80990.37768817204,101013.0,-0.6408162377577172,0.0065300658450057865,-603.8938172043011,1.98,2.19,18.19049822562721,NORTHERN INDIANA PUBLIC SERVICE,53.0,9697.23,0.09701492537313433,0.5074626865671642,,,,,,,,,unavailable,unavailable,,unavailable,,unavailable,,unavailable,,unavailable,,unavailable,,unavailable,,unavailable,,unavailable,,unavailable,,unavailable,,unavailable,,unavailable,,unavailable,,unavailable,,unavailable,,unavailable,,unavailable,,unavailable,,unavailable,,unavailable,,unavailable,,unavailable,,unavailable
P::J2048,2026-03-01,2026-03-01,MISO,J2048,47.21149897330596,4.61512051684126,wind_onshore,0,IN,,0,0.0,,,89.0,18591.7,1.0,100.0,27081.11,1202,238194.56,3.9342915811088295,Phase 2,NRIS,100.0,18007,,,GOODLAND MORRISON DITCH 138 0KV,4.866412213740458,8729.0,1.0,,0,0,0,,1,100.0,,2021-07-22,4.17,80990.37768817204,101013.0,-0.6408162377577172,0.0065300658450057865,-603.8938172043011,1.57,2.5999999999999996,18.19049822562721,NORTHERN INDIANA PUBLIC SERVICE,53.0,9697.23,0.09701492537313433,0.5074626865671642,,,,,,,,,unavailable,unavailable,,unavailable,,unavailable,,unavailable,,unavailable,,unavailable,,unavailable,,unavailable,,unavailable,,unavailable,,unavailable,,unavailable,,unavailable,,unavailable,,unavailable,,unavailable,,unavailable,,unavailable,,unavailable,,unavailable,,unavailable,,unavailable,,unavailable,,unavailable
P::J2049,2026-03-01,2026-03-01,MISO,J2049,47.21149897330596,5.303304908059076,wind_onshore,0,IL,,0,0.0,,,187.0,35250.11,43.0,12841.869999999999,26981.11,1202,238194.56,3.9342915811088295,Phase 2,NRIS,200.0,17173,,,OTHER_,51.74936386768449,20568.0,1.0,,0,0,0,1,43,12841.869999999999,,2021-07-22,4.17,80990.37768817204,101013.0,-0.6408162377577172,0.0065300658450057865,-603.8938172043011,1.57,2.5999999999999996,18.19049822562721,AMEREN ILLINOIS,221.0,41217.38,0.07429718875502007,0.4779116465863454,,,,,,,,,unavailable,unavailable,,unavailable,,unavailable,,unavailable,,unavailable,,unavailable,,unavailable,,unavailable,,unavailable,,unavailable,,unavailable,,unavailable,,unavailable,,unavailable,,unavailable,,unavailable,,unavailable,,unavailable,,unavailable,,unavailable,,unavailable,,unavailable,,unavailable,,unavailable
P::J2050,2026-03-01,2026-03-01,MISO,J2050,47.1129363449692,5.344389554650419,solar,0,MO,,0,0.0,,1.163586584531143,28.0,7610.0,0.0,0.0,62440.75,1202,238194.56,3.9260780287474333,Phase 2,NRIS,208.43,29121,,,THOMAS HILL ADAIR 1 161KV,36.76844783715013,15161.0,1.0,,0,0,0,,0,0.0,,2021-07-22,4.17,80990.37768817204,101013.0,-0.6408162377577172,0.0065300658450057865,-603.8938172043011,1.57,2.5999999999999996,18.19049822562721,AMEREN MISSOURI,42.0,11977.23,0.041666666666666664,0.6,,,,,,,,,unavailable,unavailable,,unavailable,,unavailable,,unavailable,,unavailable,,unavailable,,unavailable,,unavailable,,unavailable,,unavailable,,unavailable,,unavailable,,unavailable,,unavailable,,unavailable,,unavailable,,unavailable,,unavailable,,unavailable,,unavailable,,unavailable,,unavailable,,unavailable,,unavailable
P::J2053,2026-03-01,2026-03-01,MISO,J2053,54.4394250513347,5.026967855383815,wind_onshore,0,MN,,0,0.0,,1.163586584531143,98.0,18250.43,6.0,1605.0,27029.64,1202,238194.56,4.5366187542778915,Phase 2,NRIS,151.47,27127,,,CEDAR MOUNTAIN LYON COUNTY 345 0KV,35.05089058524173,15288.0,1.0,,0,0,0,,6,1605.0,,2021-07-22,4.17,80990.37768817204,101013.0,-0.6408162377577172,0.0065300658450057865,-603.8938172043011,1.57,2.5999999999999996,18.19049822562721,NORTHERN STATES POWER,72.0,15117.65,0.006134969325153374,0.5460122699386503,,,,,,,,,unavailable,unavailable,,unavailable,,unavailable,,unavailable,,unavailable,,unavailable,,unavailable,,unavailable,,unavailable,,unavailable,,unavailable,,unavailable,,unavailable,,unavailable,,unavailable,,unavailable,,unavailable,,unavailable,,unavailable,,unavailable,,unavailable,,unavailable,,unavailable,,unavailable
P::J2055,2026-03-01,2026-03-01,MISO,J2055,54.57084188911704,4.61512051684126,solar,0,WI,3.8439425051334704,0,0.0,0.0,,67.0,14092.460000000001,0.0,0.0,62549.18,1202,238194.56,4.547570157426421,Phase 3,NRIS,100.0,55117,,,EDGEWATER,70.19720101781171,117752.0,0.0,,0,0,0,1,0,0.0,,2021-07-22,4.17,80990.37768817204,101013.0,-0.6408162377577172,0.0065300658450057865,-603.8938172043011,1.57,2.5999999999999996,18.19049822562721,AMERICAN TRANSMISSION,110.0,22126.63,0.09090909090909091,0.6181818181818182,,,,,,,1.0,Unknown,unavailable,unavailable,,unavailable,,unavailable,,unavailable,,unavailable,,unavailable,,unavailable,,unavailable,,unavailable,,unavailable,,unavailable,,unavailable,,unavailable,,unavailable,,unavailable,,unavailable,,unavailable,,unavailable,,unavailable,,unavailable,,unavailable,,unavailable,,unavailable,,unavailable
P::J2061,2026-03-01,2026-03-01,MISO,J2061,54.60369609856263,5.303304908059076,solar,0,MI,32.82135523613963,0,0.0,49.0,,174.0,34293.09,0.0,0.0,62449.18,1202,238194.56,4.550308008213553,Phase 3,NRIS,200.0,26145,,,MURPHY,88.54961832061069,187782.0,0.0,,0,0,0,1,0,0.0,,2021-07-22,4.17,80990.37768817204,101013.0,-0.6408162377577172,0.0065300658450057865,-603.8938172043011,1.57,2.5999999999999996,18.19049822562721,METC,167.0,33466.87,0.024691358024691357,0.45987654320987653,,,,,,,,,unavailable,unavailable,,unavailable,,unavailable,,unavailable,,unavailable,,unavailable,,unavailable,,unavailable,,unavailable,,unavailable,,unavailable,,unavailable,,unavailable,,unavailable,,unavailable,,unavailable,,unavailable,,unavailable,,unavailable,,unavailable,,unavailable,,unavailable,,unavailable,,unavailable
P::J2064,2026-03-01,2026-03-01,MISO,J2064,51.71252566735113,4.61512051684126,battery,0,MI,8.147843942505133,0,0.0,25.0,,174.0,34393.09,0.0,0.0,44230.42,1202,238194.56,4.309377138945927,Phase 3,NRIS,100.0,26075,,,TOMPKINS 138KV,76.46310432569975,159424.0,0.0,,0,0,0,1,0,0.0,,2021-07-22,4.17,80990.37768817204,101013.0,-0.6408162377577172,0.0065300658450057865,-603.8938172043011,1.57,2.5999999999999996,18.19049822562721,METC,167.0,33466.87,0.024691358024691357,0.45987654320987653,,,,,,,,,unavailable,unavailable,,unavailable,,unavailable,,unavailable,,unavailable,,unavailable,,unavailable,,unavailable,,unavailable,,unavailable,,unavailable,,unavailable,,unavailable,,unavailable,,unavailable,,unavailable,,unavailable,,unavailable,,unavailable,,unavailable,,unavailable,,unavailable,,unavailable,,unavailable
P::J2066,2026-03-01,2026-03-01,MISO,J2066,54.4394250513347,4.61512051684126,battery,0,IA,,0,0.0,,,71.0,14529.54,0.0,0.0,44230.42,1202,238194.56,4.5366187542778915,Phase 2,NRIS,100.0,19087,,,DENMARK,30.852417302798983,19547.0,1.0,,0,0,0,,0,0.0,,2021-07-22,4.17,80990.37768817204,101013.0,-0.6408162377577172,0.0065300658450057865,-603.8938172043011,1.57,2.5999999999999996,18.19049822562721,ITC MIDWEST,87.0,14086.3,0.18114143920595532,0.6029776674937966,,,,,,,,,unavailable,unavailable,,unavailable,,unavailable,,unavailable,,unavailable,,unavailable,,unavailable,,unavailable,,unavailable,,unavailable,,unavailable,,unavailable,,unavailable,,unavailable,,unavailable,,unavailable,,unavailable,,unavailable,,unavailable,,unavailable,,unavailable,,unavailable,,unavailable,,unavailable
P::J2069,2026-03-01,2026-03-01,MISO,J2069,50.98973305954826,4.61512051684126,other,0,MI,15.211498973305956,0,0.0,0.0,,174.0,34393.09,0.0,0.0,19863.7,1202,238194.56,4.249144421629021,Phase 3,NRIS,100.0,26117,,,EUREKA VESTABURG 138 0KV,56.87022900763359,68154.0,0.0,,0,0,0,,0,0.0,,2021-07-22,4.17,80990.37768817204,101013.0,-0.6408162377577172,0.0065300658450057865,-603.8938172043011,1.57,2.5999999999999996,18.19049822562721,ITC,83.0,19624.149999999998,0.0,0.27586206896551724,,,,,,,,,unavailable,unavailable,,unavailable,,unavailable,,unavailable,,unavailable,,unavailable,,unavailable,,unavailable,,unavailable,,unavailable,,unavailable,,unavailable,,unavailable,,unavailable,,unavailable,,unavailable,,unavailable,,unavailable,,unavailable,,unavailable,,unavailable,,unavailable,,unavailable,,unavailable
P::J2078,2026-03-01,2026-03-01,MISO,J2078,54.57084188911704,5.303304908059076,solar,0,IA,,0,0.0,,,71.0,14429.54,1.0,200.0,62449.18,1202,238194.56,4.547570157426421,Phase 2,NRIS,200.0,19169,,,FERNALD,68.8295165394402,98566.0,0.0,,0,0,0,,1,200.0,,2021-07-22,4.17,80990.37768817204,101013.0,-0.6408162377577172,0.0065300658450057865,-603.8938172043011,1.57,2.5999999999999996,18.19049822562721,ITC MIDWEST,87.0,14086.3,0.18114143920595532,0.6029776674937966,,,,,,,,,unavailable,unavailable,,unavailable,,unavailable,,unavailable,,unavailable,,unavailable,,unavailable,,unavailable,,unavailable,,unavailable,,unavailable,,unavailable,,unavailable,,unavailable,,unavailable,,unavailable,,unavailable,,unavailable,,unavailable,,unavailable,,unavailable,,unavailable,,unavailable,,unavailable
P::J2087,2026-03-01,2026-03-01,MISO,J2087,6.373716632443532,4.836281906951478,solar,0,MN,,0,0.0,,,98.0,18276.9,0.0,0.0,62524.18,1202,238194.56,0.5311430527036276,Phase 2,NRIS,125.0,27129,,,FRANKLIN,38.45419847328244,14348.0,1.0,,0,0,0,,0,0.0,,2021-07-22,4.17,80990.37768817204,101013.0,-0.6408162377577172,0.0065300658450057865,-603.8938172043011,1.57,2.5999999999999996,18.19049822562721,NORTHERN STATES POWER,72.0,15117.65,0.006134969325153374,0.5460122699386503,,,,,,,,,unavailable,unavailable,,unavailable,,unavailable,,unavailable,,unavailable,,unavailable,,unavailable,,unavailable,,unavailable,,unavailable,,unavailable,,unavailable,,unavailable,,unavailable,,unavailable,,unavailable,,unavailable,,unavailable,,unavailable,,unavailable,,unavailable,,unavailable,,unavailable,,unavailable
P::J2097,2026-03-01,2026-03-01,MISO,J2097,54.17659137577002,4.61512051684126,wind_onshore,0,ND,,0,0.0,,,14.0,2525.0,1.0,100.0,27081.11,1202,238194.56,4.514715947980835,Phase 2,NRIS,100.0,38059,,,TRI COUNTY 230KV SUBSTATION,49.586513994910945,33895.0,1.0,,0,0,0,1,1,100.0,,2021-07-22,4.17,80990.37768817204,101013.0,-0.6408162377577172,0.0065300658450057865,-603.8938172043011,1.57,2.5999999999999996,18.19049822562721,MINNESOTA POWER,11.0,1852.6,0.0,0.56,,,,,,,,,unavailable,unavailable,,unavailable,,unavailable,,unavailable,,unavailable,,unavailable,,unavailable,,unavailable,,unavailable,,unavailable,,unavailable,,unavailable,,unavailable,,unavailable,,unavailable,,unavailable,,unavailable,,unavailable,,unavailable,,unavailable,,unavailable,,unavailable,,unavailable,,unavailable
P::J2098,2026-03-01,2026-03-01,MISO,J2098,54.275154004106774,5.736572297479192,solar,0,MI,-0.9527720739219713,1,0.0,0.0,1.163586584531143,174.0,34184.09,1.0,200.0,62340.18,1202,238194.56,4.522929500342231,Phase 3,NRIS,309.0,26025,,,BATTLE CREEK ONEIDA 345 0KV,74.52290076335878,133366.0,0.0,,0,0,0,1,1,200.0,,2021-07-22,4.17,80990.37768817204,101013.0,-0.6408162377577172,0.0065300658450057865,-603.8938172043011,1.57,2.5999999999999996,18.19049822562721,METC,167.0,33466.87,0.024691358024691357,0.45987654320987653,,,,,,,,,unavailable,unavailable,,unavailable,,unavailable,,unavailable,,unavailable,,unavailable,,unavailable,,unavailable,,unavailable,,unavailable,,unavailable,,unavailable,,unavailable,,unavailable,,unavailable,,unavailable,,unavailable,,unavailable,,unavailable,,unavailable,,unavailable,,unavailable,,unavailable,,unavailable
P::J2099,2026-03-01,2026-03-01,MISO,J2099,44.28747433264887,5.991564542108315,solar,0,WI,23.523613963039015,0,0.00250607723731242,40.0,0.0,67.0,13793.42,0.0,0.0,62250.14,1202,238194.56,3.6906228610540723,Phase 3,NRIS,399.04,55097,,,ROCKY RUN TO WERNER WEST 345KV,62.72264631043257,71024.0,0.0,,0,0,0,1,0,0.0,,2021-07-22,4.17,80990.37768817204,101013.0,-0.6408162377577172,0.0065300658450057865,-603.8938172043011,1.57,2.5999999999999996,18.19049822562721,AMERICAN TRANSMISSION,110.0,22126.63,0.09090909090909091,0.6181818181818182,,,,,,,1.0,Unknown,unavailable,unavailable,,unavailable,,unavailable,,unavailable,,unavailable,,unavailable,,unavailable,,unavailable,,unavailable,,unavailable,,unavailable,,unavailable,,unavailable,,unavailable,,unavailable,,unavailable,,unavailable,,unavailable,,unavailable,,unavailable,,unavailable,,unavailable,,unavailable,,unavailable
P::J2100,2026-03-01,2026-03-01,MISO,J2100,54.57084188911704,5.5254529391317835,battery,0,MI,40.37782340862423,0,0.0,58.0,,174.0,34243.09,2.0,400.0,44080.42,1202,238194.56,4.547570157426421,Phase 3,NRIS,250.0,26159,,,ARGENTA PALISADES 345 0KV,60.464376590330794,75798.0,0.0,,0,0,0,,2,400.0,,2021-07-22,4.17,80990.37768817204,101013.0,-0.6408162377577172,0.0065300658450057865,-603.8938172043011,1.57,2.5999999999999996,18.19049822562721,METC,167.0,33466.87,0.024691358024691357,0.45987654320987653,,,,,,,,,unavailable,unavailable,,unavailable,,unavailable,,unavailable,,unavailable,,unavailable,,unavailable,,unavailable,,unavailable,,unavailable,,unavailable,,unavailable,,unavailable,,unavailable,,unavailable,,unavailable,,unavailable,,unavailable,,unavailable,,unavailable,,unavailable,,unavailable,,unavailable,,unavailable
P::J2104,2026-03-01,2026-03-01,MISO,J2104,5.420944558521561,5.442417710521793,wind_onshore,0,MN,,0,0.0,,0.16427104722792607,98.0,18171.9,6.0,1526.47,26951.11,1202,238194.56,0.4517453798767967,Phase 2,NRIS,230.0,27101,,,CEDAR MOUNTAIN LYON COUNTY 345 0KV,19.81552162849873,8049.0,1.0,,0,0,0,,6,1526.47,,2021-07-22,4.17,80990.37768817204,101013.0,-0.6408162377577172,0.0065300658450057865,-603.8938172043011,1.57,2.5999999999999996,18.19049822562721,NORTHERN STATES POWER,72.0,15117.65,0.006134969325153374,0.5460122699386503,,,,,,,,,unavailable,unavailable,,unavailable,,unavailable,,unavailable,,unavailable,,unavailable,,unavailable,,unavailable,,unavailable,,unavailable,,unavailable,,unavailable,,unavailable,,unavailable,,unavailable,,unavailable,,unavailable,,unavailable,,unavailable,,unavailable,,unavailable,,unavailable,,unavailable,,unavailable
P::J2107,2026-03-01,2026-03-01,MISO,J2107,44.28747433264887,5.991564542108315,solar,0,WI,23.523613963039015,0,0.00250607723731242,40.0,0.0,67.0,13793.42,1.0,399.04,62250.14,1202,238194.56,3.6906228610540723,Phase 3,NRIS,399.04,55097,,,ROCKY RUN TO WERNER WEST 345KV LINE,62.72264631043257,71024.0,0.0,,0,0,0,1,1,399.04,,2021-07-22,4.17,80990.37768817204,101013.0,-0.6408162377577172,0.0065300658450057865,-603.8938172043011,1.57,2.5999999999999996,18.19049822562721,AMERICAN TRANSMISSION,110.0,22126.63,0.09090909090909091,0.6181818181818182,,,,,,,1.0,Unknown,unavailable,unavailable,,unavailable,,unavailable,,unavailable,,unavailable,,unavailable,,unavailable,,unavailable,,unavailable,,unavailable,,unavailable,,unavailable,,unavailable,,unavailable,,unavailable,,unavailable,,unavailable,,unavailable,,unavailable,,unavailable,,unavailable,,unavailable,,unavailable,,unavailable
P::J2116,2026-03-01,2026-03-01,MISO,J2116,26.743326488706366,2.9444389791664403,other,0,MN,,0,0.0,,,98.0,18383.9,0.0,0.0,19945.7,1202,238194.56,2.2286105407255303,Phase 2,NRIS,18.0,27031,,,COVIL,11.227735368956743,5639.0,1.0,,0,0,0,1,0,0.0,,2021-07-22,4.17,80990.37768817204,101013.0,-0.6408162377577172,0.0065300658450057865,-603.8938172043011,1.57,2.5999999999999996,18.19049822562721,GREAT RIVER ENERGY,25.0,5005.92,0.11940298507462686,0.6940298507462687,,,,,,,,,unavailable,unavailable,,unavailable,,unavailable,,unavailable,,unavailable,,unavailable,,unavailable,,unavailable,,unavailable,,unavailable,,unavailable,,unavailable,,unavailable,,unavailable,,unavailable,,unavailable,,unavailable,,unavailable,,unavailable,,unavailable,,unavailable,,unavailable,,unavailable,,unavailable
P::J2120,2026-03-01,2026-03-01,MISO,J2120,54.86652977412731,4.61512051684126,battery,0,IA,,0,0.0,,,71.0,14529.54,0.0,0.0,44230.42,1202,238194.56,4.572210814510609,Phase 2,NRIS,100.0,19113,,,FAIRFAX,86.70483460559797,228972.0,0.0,,0,0,0,1,0,0.0,,2021-07-22,4.17,80990.37768817204,101013.0,-0.6408162377577172,0.0065300658450057865,-603.8938172043011,1.57,2.5999999999999996,18.19049822562721,ITC MIDWEST,87.0,14086.3,0.18114143920595532,0.6029776674937966,,,,,,,,,unavailable,unavailable,,unavailable,,unavailable,,unavailable,,unavailable,,unavailable,,unavailable,,unavailable,,unavailable,,unavailable,,unavailable,,unavailable,,unavailable,,unavailable,,unavailable,,unavailable,,unavailable,,unavailable,,unavailable,,unavailable,,unavailable,,unavailable,,unavailable,,unavailable
P::J2124,2026-03-01,2026-03-01,MISO,J2124,54.80082135523614,4.61512051684126,battery,0,IL,,0,0.0,,,187.0,35350.11,3.0,591.3,44230.42,1202,238194.56,4.566735112936345,Phase 2,NRIS,100.0,17019,,,RISING,90.45801526717557,205644.0,0.0,,0,0,0,1,3,591.3,,2021-07-22,4.17,80990.37768817204,101013.0,-0.6408162377577172,0.0065300658450057865,-603.8938172043011,1.57,2.5999999999999996,18.19049822562721,AMEREN TRANSMISSION OF ILLINOIS,38.0,9232.83,0.06578947368421052,0.4342105263157895,,,,,,,,,unavailable,unavailable,,unavailable,,unavailable,,unavailable,,unavailable,,unavailable,,unavailable,,unavailable,,unavailable,,unavailable,,unavailable,,unavailable,,unavailable,,unavailable,,unavailable,,unavailable,,unavailable,,unavailable,,unavailable,,unavailable,,unavailable,,unavailable,,unavailable,,unavailable
P::J2128,2026-03-01,2026-03-01,MISO,J2128,54.57084188911704,5.707110264748875,other,0,IL,9.034907597535934,0,0.0,0.0,,187.0,35150.11,0.0,0.0,19663.7,1202,238194.56,4.547570157426421,Phase 2,ERIS,300.0,17029,,,7ARLAND 7FARADAY 345 0KV,70.35623409669212,46060.0,1.0,,0,0,0,1,0,0.0,,2021-07-22,4.17,80990.37768817204,101013.0,-0.6408162377577172,0.0065300658450057865,-603.8938172043011,1.57,2.5999999999999996,18.19049822562721,AMEREN ILLINOIS,221.0,41217.38,0.07429718875502007,0.4779116465863454,,,,,,,,,unavailable,unavailable,,unavailable,,unavailable,,unavailable,,unavailable,,unavailable,,unavailable,,unavailable,,unavailable,,unavailable,,unavailable,,unavailable,,unavailable,,unavailable,,unavailable,,unavailable,,unavailable,,unavailable,,unavailable,,unavailable,,unavailable,,unavailable,,unavailable,,unavailable
P::J2129,2026-03-01,2026-03-01,MISO,J2129,54.143737166324435,5.017279836814924,other,0,MI,25.49486652977413,0,0.0,48.0,,174.0,34343.09,0.0,0.0,19813.7,1202,238194.56,4.511978097193703,Phase 3,NRIS,150.0,26005,,,BRADLEY 138KV SUBSTATION,68.51145038167938,121939.0,0.0,,0,0,0,1,0,0.0,,2021-07-22,4.17,80990.37768817204,101013.0,-0.6408162377577172,0.0065300658450057865,-603.8938172043011,1.57,2.5999999999999996,18.19049822562721,WOLVERINE POWER SUPPLY COOPERATIVE,7.0,961.2,0.125,0.4375,,,,,,,,,unavailable,unavailable,,unavailable,,unavailable,,unavailable,,unavailable,,unavailable,,unavailable,,unavailable,,unavailable,,unavailable,,unavailable,,unavailable,,unavailable,,unavailable,,unavailable,,unavailable,,unavailable,,unavailable,,unavailable,,unavailable,,unavailable,,unavailable,,unavailable,,unavailable
P::J2131,2026-03-01,2026-03-01,MISO,J2131,54.47227926078029,5.017279836814924,solar,0,IL,,0,0.0,,,187.0,35300.11,3.0,725.0,62499.18,1202,238194.56,4.539356605065024,Phase 2,NRIS,150.0,17079,,,7CASEY 7NEWTON 345 0KV,20.419847328244277,9144.0,1.0,,0,0,0,1,3,725.0,,2021-07-22,4.17,80990.37768817204,101013.0,-0.6408162377577172,0.0065300658450057865,-603.8938172043011,1.57,2.5999999999999996,18.19049822562721,AMEREN ILLINOIS,221.0,41217.38,0.07429718875502007,0.4779116465863454,,,,,,,,,unavailable,unavailable,,unavailable,,unavailable,,unavailable,,unavailable,,unavailable,,unavailable,,unavailable,,unavailable,,unavailable,,unavailable,,unavailable,,unavailable,,unavailable,,unavailable,,unavailable,,unavailable,,unavailable,,unavailable,,unavailable,,unavailable,,unavailable,,unavailable,,unavailable
P::J2136,2026-03-01,2026-03-01,MISO,J2136,47.27720739219713,5.256974403013654,solar,0,IL,,0,0.0,,1.163586584531143,187.0,35259.21,0.0,0.0,62458.28,1202,238194.56,3.9397672826830936,Phase 2,NRIS,190.9,17075,,,GILMAN SOUTH,73.95038167938931,26136.0,1.0,,0,0,0,1,0,0.0,,2021-07-22,4.17,80990.37768817204,101013.0,-0.6408162377577172,0.0065300658450057865,-603.8938172043011,1.57,2.5999999999999996,18.19049822562721,AMEREN ILLINOIS,221.0,41217.38,0.07429718875502007,0.4779116465863454,,,,,,,,,unavailable,unavailable,,unavailable,,unavailable,,unavailable,,unavailable,,unavailable,,unavailable,,unavailable,,unavailable,,unavailable,,unavailable,,unavailable,,unavailable,,unavailable,,unavailable,,unavailable,,unavailable,,unavailable,,unavailable,,unavailable,,unavailable,,unavailable,,unavailable,,unavailable
P::J2139,2026-03-01,2026-03-01,MISO,J2139,53.91375770020534,5.5254529391317835,other,0,MI,34.8911704312115,0,0.0,52.0,2.1656399726214923,174.0,34243.09,1.0,180.0,19713.7,1202,238194.56,4.492813141683778,Phase 3,NRIS,250.0,26093,,,BLACKFOOT MADRID 345 0KV,73.47328244274809,196757.0,0.0,,0,0,0,,1,180.0,,2021-07-22,4.17,80990.37768817204,101013.0,-0.6408162377577172,0.0065300658450057865,-603.8938172043011,1.57,2.5999999999999996,18.19049822562721,ITC,83.0,19624.149999999998,0.0,0.27586206896551724,,,,,,,,,unavailable,unavailable,,unavailable,,unavailable,,unavailable,,unavailable,,unavailable,,unavailable,,unavailable,,unavailable,,unavailable,,unavailable,,unavailable,,unavailable,,unavailable,,unavailable,,unavailable,,unavailable,,unavailable,,unavailable,,unavailable,,unavailable,,unavailable,,unavailable,,unavailable
P::J2151,2026-03-01,2026-03-01,MISO,J2151,54.60369609856263,5.017279836814924,other,0,IL,,0,0.0,,,187.0,35300.11,0.0,0.0,19813.7,1202,238194.56,4.550308008213553,Phase 2,NRIS,150.0,17165,,,MUDDY TO WEST FRANKFORT 138KV LINE,70.13358778625954,22873.0,1.0,,0,0,0,1,0,0.0,,2021-07-22,4.17,80990.37768817204,101013.0,-0.6408162377577172,0.0065300658450057865,-603.8938172043011,1.57,2.5999999999999996,18.19049822562721,AMEREN ILLINOIS,221.0,41217.38,0.07429718875502007,0.4779116465863454,,,,,,,,,unavailable,unavailable,,unavailable,,unavailable,,unavailable,,unavailable,,unavailable,,unavailable,,unavailable,,unavailable,,unavailable,,unavailable,,unavailable,,unavailable,,unavailable,,unavailable,,unavailable,,unavailable,,unavailable,,unavailable,,unavailable,,unavailable,,unavailable,,unavailable,,unavailable
P::J2155,2026-03-01,2026-03-01,MISO,J2155,47.1129363449692,5.017279836814924,solar,0,MO,,0,0.0,,,28.0,7668.43,43.0,12891.869999999999,62499.18,1202,238194.56,3.9260780287474333,Phase 2,NRIS,150.0,29143,,,OTHER_,71.9147582697201,15424.0,1.0,,0,0,0,,43,12891.869999999999,,2021-07-22,4.17,80990.37768817204,101013.0,-0.6408162377577172,0.0065300658450057865,-603.8938172043011,1.57,2.5999999999999996,18.19049822562721,AMEREN MISSOURI,42.0,11977.23,0.041666666666666664,0.6,,,,,,,,,unavailable,unavailable,,unavailable,,unavailable,,unavailable,,unavailable,,unavailable,,unavailable,,unavailable,,unavailable,,unavailable,,unavailable,,unavailable,,unavailable,,unavailable,,unavailable,,unavailable,,unavailable,,unavailable,,unavailable,,unavailable,,unavailable,,unavailable,,unavailable,,unavailable
P::J2156,2026-03-01,2026-03-01,MISO,J2156,44.09034907597536,5.017279836814924,solar,0,IL,,0,0.0,,,187.0,35300.11,0.0,0.0,62499.18,1202,238194.56,3.67419575633128,Phase 2,NRIS,150.0,17087,,,MASSAC JORDAN 345KV,51.08142493638677,13326.0,1.0,,0,0,0,1,0,0.0,,2021-07-22,4.17,80990.37768817204,101013.0,-0.6408162377577172,0.0065300658450057865,-603.8938172043011,1.57,2.5999999999999996,18.19049822562721,AMEREN ILLINOIS,221.0,41217.38,0.07429718875502007,0.4779116465863454,,,,,,,,,unavailable,unavailable,,unavailable,,unavailable,,unavailable,,unavailable,,unavailable,,unavailable,,unavailable,,unavailable,,unavailable,,unavailable,,unavailable,,unavailable,,unavailable,,unavailable,,unavailable,,unavailable,,unavailable,,unavailable,,unavailable,,unavailable,,unavailable,,unavailable,,unavailable
P::J2157,2026-03-01,2026-03-01,MISO,J2157,54.17659137577002,4.61512051684126,wind_onshore,0,ND,,0,0.0,,,14.0,2525.0,1.0,100.0,27081.11,1202,238194.56,4.514715947980835,Phase 2,NRIS,100.0,38059,,,TRI COUNTY 230KV SUBSTATION,49.586513994910945,33895.0,1.0,,0,0,0,1,1,100.0,,2021-07-22,4.17,80990.37768817204,101013.0,-0.6408162377577172,0.0065300658450057865,-603.8938172043011,1.57,2.5999999999999996,18.19049822562721,MINNESOTA POWER,11.0,1852.6,0.0,0.56,,,,,,,,,unavailable,unavailable,,unavailable,,unavailable,,unavailable,,unavailable,,unavailable,,unavailable,,unavailable,,unavailable,,unavailable,,unavailable,,unavailable,,unavailable,,unavailable,,unavailable,,unavailable,,unavailable,,unavailable,,unavailable,,unavailable,,unavailable,,unavailable,,unavailable,,unavailable
P::J2177,2026-03-01,2026-03-01,MISO,J2177,54.70225872689939,4.219507705176107,solar,0,IN,,0,0.0,,2.1656399726214923,89.0,18624.7,1.0,100.0,62582.18,1202,238194.56,4.558521560574949,Phase 2,NRIS,67.0,18159,,,TIPTON WEST 230KV,8.874045801526718,15256.0,1.0,,0,0,0,,1,100.0,,2021-07-22,4.17,80990.37768817204,101013.0,-0.6408162377577172,0.0065300658450057865,-603.8938172043011,1.57,2.5999999999999996,18.19049822562721,DUKE ENERGY INDIANA,58.0,11347.82,0.004608294930875576,0.728110599078341,,,,,,,,,unavailable,unavailable,,unavailable,,unavailable,,unavailable,,unavailable,,unavailable,,unavailable,,unavailable,,unavailable,,unavailable,,unavailable,,unavailable,,unavailable,,unavailable,,unavailable,,unavailable,,unavailable,,unavailable,,unavailable,,unavailable,,unavailable,,unavailable,,unavailable,,unavailable
P::J2178,2026-03-01,2026-03-01,MISO,J2178,54.80082135523614,4.61512051684126,battery,0,IN,,0,0.0,,,89.0,18591.7,1.0,300.0,44230.42,1202,238194.56,4.566735112936345,Phase 2,NRIS,100.0,18153,,,MEROM 345KV,20.642493638676847,20757.0,1.0,,0,0,0,1,1,300.0,,2021-08-06,4.17,80990.37768817204,101013.0,-0.6408162377577172,0.0065300658450057865,-603.8938172043011,1.33,2.84,18.19049822562721,HOOSIER ENERGY,21.0,4291.16,0.025,0.45,,,,,,,,,unavailable,unavailable,,unavailable,,unavailable,,unavailable,,unavailable,,unavailable,,unavailable,,unavailable,,unavailable,,unavailable,,unavailable,,unavailable,,unavailable,,unavailable,,unavailable,,unavailable,,unavailable,,unavailable,,unavailable,,unavailable,,unavailable,,unavailable,,unavailable,,unavailable
P::J2179,2026-03-01,2026-03-01,MISO,J2179,54.80082135523614,4.61512051684126,other,0,MO,,0,0.0,,,28.0,7718.43,0.0,0.0,19863.7,1202,238194.56,4.566735112936345,Phase 2,NRIS,100.0,29139,,,MONTGOMERY,38.32697201017812,11459.0,1.0,,0,0,0,1,0,0.0,,2021-07-22,4.17,80990.37768817204,101013.0,-0.6408162377577172,0.0065300658450057865,-603.8938172043011,1.57,2.5999999999999996,18.19049822562721,AMEREN MISSOURI,42.0,11977.23,0.041666666666666664,0.6,,,,,,,,,unavailable,unavailable,,unavailable,,unavailable,,unavailable,,unavailable,,unavailable,,unavailable,,unavailable,,unavailable,,unavailable,,unavailable,,unavailable,,unavailable,,unavailable,,unavailable,,unavailable,,unavailable,,unavailable,,unavailable,,unavailable,,unavailable,,unavailable,,unavailable,,unavailable
P::J2185,2026-03-01,2026-03-01,MISO,J2185,44.28747433264887,5.991564542108315,solar,0,WI,23.523613963039015,0,0.00250607723731242,40.0,0.0,67.0,13793.42,1.0,399.04,62250.14,1202,238194.56,3.6906228610540723,Phase 3,NRIS,399.04,55097,,,ROCKY RUN TO WERNER WEST 345KV LINE,62.72264631043257,71024.0,0.0,,0,0,0,1,1,399.04,,2021-07-22,4.17,80990.37768817204,101013.0,-0.6408162377577172,0.0065300658450057865,-603.8938172043011,1.57,2.5999999999999996,18.19049822562721,AMERICAN TRANSMISSION,110.0,22126.63,0.09090909090909091,0.6181818181818182,,,,,,,1.0,Unknown,unavailable,unavailable,,unavailable,,unavailable,,unavailable,,unavailable,,unavailable,,unavailable,,unavailable,,unavailable,,unavailable,,unavailable,,unavailable,,unavailable,,unavailable,,unavailable,,unavailable,,unavailable,,unavailable,,unavailable,,unavailable,,unavailable,,unavailable,,unavailable,,unavailable
P::J2186,2026-03-01,2026-03-01,MISO,J2186,44.28747433264887,6.711253658614348,solar,0,IL,,0,0.0,,1.163586584531143,187.0,34629.51,0.0,0.0,61828.58,1202,238194.56,3.6906228610540723,Phase 2,NRIS,820.6,17057,,,IPAVA MAPLE RIDGE 345KV 4573,59.00127226463104,32541.0,1.0,,0,0,0,1,0,0.0,,2021-07-22,4.17,80990.37768817204,101013.0,-0.6408162377577172,0.0065300658450057865,-603.8938172043011,1.57,2.5999999999999996,18.19049822562721,AMEREN ILLINOIS,221.0,41217.38,0.07429718875502007,0.4779116465863454,,,,,,,,,unavailable,unavailable,,unavailable,,unavailable,,unavailable,,unavailable,,unavailable,,unavailable,,unavailable,,unavailable,,unavailable,,unavailable,,unavailable,,unavailable,,unavailable,,unavailable,,unavailable,,unavailable,,unavailable,,unavailable,,unavailable,,unavailable,,unavailable,,unavailable,,unavailable
P::J2189,2026-03-01,2026-03-01,MISO,J2189,54.4394250513347,2.8094026953624973,wind_onshore,0,IL,,0,0.0,,1.163586584531143,187.0,35434.51,0.0,0.0,27165.510000000002,1202,238194.56,4.5366187542778915,Phase 2,ERIS,15.6,17109,,,HORNSBY SWITCHING STATION,37.531806615776084,26839.0,1.0,,0,0,0,1,0,0.0,,2021-07-22,4.17,80990.37768817204,101013.0,-0.6408162377577172,0.0065300658450057865,-603.8938172043011,1.57,2.5999999999999996,18.19049822562721,AMEREN ILLINOIS,221.0,41217.38,0.07429718875502007,0.4779116465863454,,,,,,,,,unavailable,unavailable,,unavailable,,unavailable,,unavailable,,unavailable,,unavailable,,unavailable,,unavailable,,unavailable,,unavailable,,unavailable,,unavailable,,unavailable,,unavailable,,unavailable,,unavailable,,unavailable,,unavailable,,unavailable,,unavailable,,unavailable,,unavailable,,unavailable,,unavailable
P::J2193,2026-03-01,2026-03-01,MISO,J2193,50.98973305954826,4.61512051684126,other,0,WI,18.036960985626283,0,0.0,36.0,,67.0,14092.460000000001,1.0,80.0,19863.7,1202,238194.56,4.249144421629021,Phase 3,NRIS,100.0,55137,,,SAND LAKE,43.25699745547074,24934.0,1.0,,0,0,0,,1,80.0,,2021-07-22,4.17,80990.37768817204,101013.0,-0.6408162377577172,0.0065300658450057865,-603.8938172043011,1.57,2.5999999999999996,18.19049822562721,AMERICAN TRANSMISSION,110.0,22126.63,0.09090909090909091,0.6181818181818182,,,,,,,1.0,Unknown,unavailable,unavailable,,unavailable,,unavailable,,unavailable,,unavailable,,unavailable,,unavailable,,unavailable,,unavailable,,unavailable,,unavailable,,unavailable,,unavailable,,unavailable,,unavailable,,unavailable,,unavailable,,unavailable,,unavailable,,unavailable,,unavailable,,unavailable,,unavailable,,unavailable
P::J2195,2026-03-01,2026-03-01,MISO,J2195,13.634496919917865,4.61512051684126,battery,0,IL,,0,0.0,,,187.0,35350.11,0.0,0.0,44230.42,1202,238194.56,1.136208076659822,Phase 2,NRIS,100.0,17051,,,RAMSEY EAST 138KV,48.75954198473282,21164.0,1.0,,0,0,0,1,0,0.0,,2022-03-24,4.17,80990.37768817204,101013.0,-0.6408162377577172,0.0065300658450057865,-603.8938172043011,1.98,2.19,18.19049822562721,AMEREN ILLINOIS,221.0,41217.38,0.07429718875502007,0.4779116465863454,,,,,,,,,unavailable,unavailable,,unavailable,,unavailable,,unavailable,,unavailable,,unavailable,,unavailable,,unavailable,,unavailable,,unavailable,,unavailable,,unavailable,,unavailable,,unavailable,,unavailable,,unavailable,,unavailable,,unavailable,,unavailable,,unavailable,,unavailable,,unavailable,,unavailable,,unavailable
P::J2197,2026-03-01,2026-03-01,MISO,J2197,13.634496919917865,4.61512051684126,battery,0,IL,,0,0.0,,,187.0,35350.11,1.0,200.0,44230.42,1202,238194.56,1.136208076659822,Phase 2,NRIS,100.0,17025,,,XENIA,41.06234096692112,12999.0,1.0,,0,0,0,1,1,200.0,,2022-03-25,4.17,80990.37768817204,101013.0,-0.6408162377577172,0.0065300658450057865,-603.8938172043011,1.98,2.19,18.19049822562721,AMEREN ILLINOIS,221.0,41217.38,0.07429718875502007,0.4779116465863454,,,,,,,,,unavailable,unavailable,,unavailable,,unavailable,,unavailable,,unavailable,,unavailable,,unavailable,,unavailable,,unavailable,,unavailable,,unavailable,,unavailable,,unavailable,,unavailable,,unavailable,,unavailable,,unavailable,,unavailable,,unavailable,,unavailable,,unavailable,,unavailable,,unavailable,,unavailable
P::J2203,2026-03-01,2026-03-01,MISO,J2203,47.21149897330596,5.017279836814924,battery,0,IL,29.04312114989733,0,0.0,47.0,,187.0,35300.11,0.0,0.0,44180.42,1202,238194.56,3.9342915811088295,Phase 2,NRIS,150.0,17001,,,EAST QUINCY,64.18575063613231,64441.0,0.0,,0,0,0,1,0,0.0,,2021-07-22,4.17,80990.37768817204,101013.0,-0.6408162377577172,0.0065300658450057865,-603.8938172043011,1.57,2.5999999999999996,18.19049822562721,AMEREN ILLINOIS,221.0,41217.38,0.07429718875502007,0.4779116465863454,,,,,,,,,unavailable,unavailable,,unavailable,,unavailable,,unavailable,,unavailable,,unavailable,,unavailable,,unavailable,,unavailable,,unavailable,,unavailable,,unavailable,,unavailable,,unavailable,,unavailable,,unavailable,,unavailable,,unavailable,,unavailable,,unavailable,,unavailable,,unavailable,,unavailable,,unavailable
P::J2205,2026-03-01,2026-03-01,MISO,J2205,54.60369609856263,5.707110264748875,other,0,MO,,0,0.0,,,28.0,7518.43,0.0,0.0,19663.7,1202,238194.56,4.550308008213553,Phase 2,NRIS,300.0,29027,,,J1145 NEW 345KV POI SUBSTATION AMEREN OVERTON MONTGOMERY 345KV LINE,63.93129770992366,44731.0,1.0,,0,0,0,1,0,0.0,,2021-07-22,4.17,80990.37768817204,101013.0,-0.6408162377577172,0.0065300658450057865,-603.8938172043011,1.57,2.5999999999999996,18.19049822562721,AMEREN MISSOURI,42.0,11977.23,0.041666666666666664,0.6,,,,,,,,,unavailable,unavailable,,unavailable,,unavailable,,unavailable,,unavailable,,unavailable,,unavailable,,unavailable,,unavailable,,unavailable,,unavailable,,unavailable,,unavailable,,unavailable,,unavailable,,unavailable,,unavailable,,unavailable,,unavailable,,unavailable,,unavailable,,unavailable,,unavailable,,unavailable
P::J2213,2026-03-01,2026-03-01,MISO,J2213,47.21149897330596,5.303304908059076,battery,0,IN,,0,0.0,,,89.0,18491.7,1.0,200.0,44130.42,1202,238194.56,3.9342915811088295,Phase 2,NRIS,200.0,18161,,,HIPLE,5.216284987277354,6973.0,1.0,,0,0,0,,1,200.0,,2021-07-22,4.17,80990.37768817204,101013.0,-0.6408162377577172,0.0065300658450057865,-603.8938172043011,1.57,2.5999999999999996,18.19049822562721,NORTHERN INDIANA PUBLIC SERVICE,53.0,9697.23,0.09701492537313433,0.5074626865671642,,,,,,,,,unavailable,unavailable,,unavailable,,unavailable,,unavailable,,unavailable,,unavailable,,unavailable,,unavailable,,unavailable,,unavailable,,unavailable,,unavailable,,unavailable,,unavailable,,unavailable,,unavailable,,unavailable,,unavailable,,unavailable,,unavailable,,unavailable,,unavailable,,unavailable,,unavailable
P::J2215,2026-03-01,2026-03-01,MISO,J2215,47.21149897330596,5.707110264748875,battery,0,IN,18.989733059548254,0,0.0,36.0,,89.0,18391.7,1.0,200.0,44030.42,1202,238194.56,3.9342915811088295,Phase 2,NRIS,300.0,18089,,,SCHAHFER GEN STA ST JOHN 345 0KV,95.92875318066157,500598.0,0.0,,0,0,0,1,1,200.0,,2022-03-25,4.17,80990.37768817204,101013.0,-0.6408162377577172,0.0065300658450057865,-603.8938172043011,1.98,2.19,18.19049822562721,NORTHERN INDIANA PUBLIC SERVICE,53.0,9697.23,0.09701492537313433,0.5074626865671642,,,,,,,,,unavailable,unavailable,,unavailable,,unavailable,,unavailable,,unavailable,,unavailable,,unavailable,,unavailable,,unavailable,,unavailable,,unavailable,,unavailable,,unavailable,,unavailable,,unavailable,,unavailable,,unavailable,,unavailable,,unavailable,,unavailable,,unavailable,,unavailable,,unavailable,,unavailable
P::J2219,2026-03-01,2026-03-01,MISO,J2219,55.29363449691992,5.198497031265826,other,0,MN,33.51129363449692,0,0.0,0.0,1.163586584531143,98.0,18221.9,0.0,0.0,19783.7,1202,238194.56,4.607802874743326,Phase 2,NRIS,180.0,27109,,,ROCHESTER WABACO 161 0KV,82.3473282442748,164784.0,0.0,,0,0,0,1,0,0.0,,2021-07-22,4.17,80990.37768817204,101013.0,-0.6408162377577172,0.0065300658450057865,-603.8938172043011,1.57,2.5999999999999996,18.19049822562721,DAIRYLAND POWER COOPERATIVE,13.0,1720.98,0.0,0.48,,,,,,,,,unavailable,unavailable,,unavailable,,unavailable,,unavailable,,unavailable,,unavailable,,unavailable,,unavailable,,unavailable,,unavailable,,unavailable,,unavailable,,unavailable,,unavailable,,unavailable,,unavailable,,unavailable,,unavailable,,unavailable,,unavailable,,unavailable,,unavailable,,unavailable,,unavailable
P::J2227,2026-03-01,2026-03-01,MISO,J2227,7.5564681724846,4.499809670330265,solar,0,WI,,0,0.0,,,67.0,14103.460000000001,0.0,0.0,62560.18,1202,238194.56,0.6297056810403833,Phase 2,NRIS,89.0,55121,,,INDEPENDENCE BRIDGE CREEK 69 0KV,58.651399491094146,30899.0,1.0,,0,0,0,,0,0.0,,2021-07-22,4.17,80990.37768817204,101013.0,-0.6408162377577172,0.0065300658450057865,-603.8938172043011,1.57,2.5999999999999996,18.19049822562721,DAIRYLAND POWER COOPERATIVE,13.0,1720.98,0.0,0.48,,,,,,,,,unavailable,unavailable,,unavailable,,unavailable,,unavailable,,unavailable,,unavailable,,unavailable,,unavailable,,unavailable,,unavailable,,unavailable,,unavailable,,unavailable,,unavailable,,unavailable,,unavailable,,unavailable,,unavailable,,unavailable,,unavailable,,unavailable,,unavailable,,unavailable,,unavailable
P::J2230,2026-03-01,2026-03-01,MISO,J2230,47.24435318275154,5.303304908059076,solar,0,IN,,0,0.0,,1.163586584531143,89.0,18491.7,3.0,600.0,62449.18,1202,238194.56,3.9370294318959616,Phase 2,ERIS,200.0,18153,,,GIBSON STA MEROM HED 345 0KV,20.642493638676847,20757.0,1.0,,0,0,0,1,3,600.0,,2021-07-22,4.17,80990.37768817204,101013.0,-0.6408162377577172,0.0065300658450057865,-603.8938172043011,1.57,2.5999999999999996,18.19049822562721,DUKE ENERGY INDIANA,58.0,11347.82,0.004608294930875576,0.728110599078341,,,,,,,,,unavailable,unavailable,,unavailable,,unavailable,,unavailable,,unavailable,,unavailable,,unavailable,,unavailable,,unavailable,,unavailable,,unavailable,,unavailable,,unavailable,,unavailable,,unavailable,,unavailable,,unavailable,,unavailable,,unavailable,,unavailable,,unavailable,,unavailable,,unavailable,,unavailable
P::J2232,2026-03-01,2026-03-01,MISO,J2232,54.80082135523614,4.61512051684126,battery,0,IN,,0,0.0,,,89.0,18591.7,1.0,67.0,44230.42,1202,238194.56,4.566735112936345,Phase 2,NRIS,100.0,18159,,,TIPTON WEST 230KV,8.874045801526718,15256.0,1.0,,0,0,0,,1,67.0,,2021-08-06,4.17,80990.37768817204,101013.0,-0.6408162377577172,0.0065300658450057865,-603.8938172043011,1.33,2.84,18.19049822562721,DUKE ENERGY INDIANA,58.0,11347.82,0.004608294930875576,0.728110599078341,,,,,,,,,unavailable,unavailable,,unavailable,,unavailable,,unavailable,,unavailable,,unavailable,,unavailable,,unavailable,,unavailable,,unavailable,,unavailable,,unavailable,,unavailable,,unavailable,,unavailable,,unavailable,,unavailable,,unavailable,,unavailable,,unavailable,,unavailable,,unavailable,,unavailable,,unavailable
P::J2233,2026-03-01,2026-03-01,MISO,J2233,44.550308008213555,4.61512051684126,solar,0,IL,,0,0.0,,2.1656399726214923,187.0,35350.11,0.0,0.0,62549.18,1202,238194.56,3.7125256673511293,Phase 2,NRIS,100.0,17183,,,7BUNSONVILLE 7SIDNEY 345 0KV,78.81679389312977,71652.0,0.0,,0,0,0,1,0,0.0,,2021-07-22,4.17,80990.37768817204,101013.0,-0.6408162377577172,0.0065300658450057865,-603.8938172043011,1.57,2.5999999999999996,18.19049822562721,AMEREN ILLINOIS,221.0,41217.38,0.07429718875502007,0.4779116465863454,,,,,,,,,unavailable,unavailable,,unavailable,,unavailable,,unavailable,,unavailable,,unavailable,,unavailable,,unavailable,,unavailable,,unavailable,,unavailable,,unavailable,,unavailable,,unavailable,,unavailable,,unavailable,,unavailable,,unavailable,,unavailable,,unavailable,,unavailable,,unavailable,,unavailable,,unavailable
P::J2238,2026-03-01,2026-03-01,MISO,J2238,7.490759753593429,5.303304908059076,other,0,MO,,0,0.0,,,28.0,7618.43,0.0,0.0,19763.7,1202,238194.56,0.6242299794661191,Phase 2,NRIS,200.0,29125,,,THE FRANKS BUS 300041 BLAND BUS 344154 345KV LINE,20.833333333333336,8430.0,1.0,,0,0,0,,0,0.0,,2021-07-22,4.17,80990.37768817204,101013.0,-0.6408162377577172,0.0065300658450057865,-603.8938172043011,1.57,2.5999999999999996,18.19049822562721,AMEREN MISSOURI,42.0,11977.23,0.041666666666666664,0.6,,,,,,,,,unavailable,unavailable,,unavailable,,unavailable,,unavailable,,unavailable,,unavailable,,unavailable,,unavailable,,unavailable,,unavailable,,unavailable,,unavailable,,unavailable,,unavailable,,unavailable,,unavailable,,unavailable,,unavailable,,unavailable,,unavailable,,unavailable,,unavailable,,unavailable,,unavailable
P::J2247,2026-03-01,2026-03-01,MISO,J2247,47.21149897330596,5.187385805840755,wind_onshore,0,IL,,0,0.0,,3.164955509924709,187.0,35272.11,0.0,0.0,27003.11,1202,238194.56,3.9342915811088295,Phase 2,NRIS,178.0,17123,,,WOODHALL,27.2264631043257,11683.0,1.0,,0,0,0,1,0,0.0,,2021-07-22,4.17,80990.37768817204,101013.0,-0.6408162377577172,0.0065300658450057865,-603.8938172043011,1.57,2.5999999999999996,18.19049822562721,AMEREN ILLINOIS,221.0,41217.38,0.07429718875502007,0.4779116465863454,,,,,,,,,unavailable,unavailable,,unavailable,,unavailable,,unavailable,,unavailable,,unavailable,,unavailable,,unavailable,,unavailable,,unavailable,,unavailable,,unavailable,,unavailable,,unavailable,,unavailable,,unavailable,,unavailable,,unavailable,,unavailable,,unavailable,,unavailable,,unavailable,,unavailable,,unavailable
P::J2250,2026-03-01,2026-03-01,MISO,J2250,51.94250513347023,5.303304908059076,wind_onshore,0,ND,,0,0.0,,,14.0,2425.0,0.0,0.0,26981.11,1202,238194.56,4.328542094455853,Phase 2,ERIS,200.0,38093,,,ELLENDALE 345,46.37404580152672,21392.0,1.0,,0,0,0,,0,0.0,,2021-07-22,4.17,80990.37768817204,101013.0,-0.6408162377577172,0.0065300658450057865,-603.8938172043011,1.57,2.5999999999999996,18.19049822562721,MONTANA DAKOTA UTILITIES,11.0,1700.0,0.14285714285714285,0.7523809523809524,,,,,,,,,unavailable,unavailable,,unavailable,,unavailable,,unavailable,,unavailable,,unavailable,,unavailable,,unavailable,,unavailable,,unavailable,,unavailable,,unavailable,,unavailable,,unavailable,,unavailable,,unavailable,,unavailable,,unavailable,,unavailable,,unavailable,,unavailable,,unavailable,,unavailable,,unavailable
P::J2258,2026-03-01,2026-03-01,MISO,J2258,47.1129363449692,5.170483995038151,solar,0,IL,,0,0.0,,,187.0,35275.11,0.0,0.0,62474.18,1202,238194.56,3.9260780287474333,Phase 2,NRIS,175.0,17001,,,EAST QUINCY FISHHOOK 138KV,64.18575063613231,64441.0,0.0,,0,0,0,1,0,0.0,,2021-07-22,4.17,80990.37768817204,101013.0,-0.6408162377577172,0.0065300658450057865,-603.8938172043011,1.57,2.5999999999999996,18.19049822562721,AMEREN ILLINOIS,221.0,41217.38,0.07429718875502007,0.4779116465863454,,,,,,,,,unavailable,unavailable,,unavailable,,unavailable,,unavailable,,unavailable,,unavailable,,unavailable,,unavailable,,unavailable,,unavailable,,unavailable,,unavailable,,unavailable,,unavailable,,unavailable,,unavailable,,unavailable,,unavailable,,unavailable,,unavailable,,unavailable,,unavailable,,unavailable,,unavailable
P::J2260,2026-03-01,2026-03-01,MISO,J2260,52.76386036960986,5.531411248715415,wind_onshore,0,MI,,0,0.0,,1.163586584531143,174.0,34241.59,0.0,0.0,26929.61,1202,238194.56,4.396988364134154,Phase 3,NRIS,251.5,26141,,,PORT CALCITE RIGGSVILLE 138 0KV,21.755725190839694,13285.0,1.0,,0,0,0,1,0,0.0,,2021-07-22,4.17,80990.37768817204,101013.0,-0.6408162377577172,0.0065300658450057865,-603.8938172043011,1.57,2.5999999999999996,18.19049822562721,METC,167.0,33466.87,0.024691358024691357,0.45987654320987653,,,,,,,,,unavailable,unavailable,,unavailable,,unavailable,,unavailable,,unavailable,,unavailable,,unavailable,,unavailable,,unavailable,,unavailable,,unavailable,,unavailable,,unavailable,,unavailable,,unavailable,,unavailable,,unavailable,,unavailable,,unavailable,,unavailable,,unavailable,,unavailable,,unavailable,,unavailable
P::J2265,2026-03-01,2026-03-01,MISO,J2265,7.490759753593429,5.303304908059076,other,0,MO,,0,0.0,,,28.0,7618.43,0.0,0.0,19763.7,1202,238194.56,0.6242299794661191,Phase 2,NRIS,200.0,29017,,,ST FRANCOIS BUS 345773 LUTESVILLE BUS 344974 345KV LINE,26.272264631043257,10544.0,1.0,,0,0,0,,0,0.0,,2021-07-22,4.17,80990.37768817204,101013.0,-0.6408162377577172,0.0065300658450057865,-603.8938172043011,1.57,2.5999999999999996,18.19049822562721,AMEREN MISSOURI,42.0,11977.23,0.041666666666666664,0.6,,,,,,,,,unavailable,unavailable,,unavailable,,unavailable,,unavailable,,unavailable,,unavailable,,unavailable,,unavailable,,unavailable,,unavailable,,unavailable,,unavailable,,unavailable,,unavailable,,unavailable,,unavailable,,unavailable,,unavailable,,unavailable,,unavailable,,unavailable,,unavailable,,unavailable,,unavailable
P::J2266,2026-03-01,2026-03-01,MISO,J2266,8.706365503080082,5.170483995038151,other,0,IL,,0,0.0,,,187.0,35275.11,3.0,541.23,19788.7,1202,238194.56,0.7255304585900069,Phase 2,NRIS,175.0,17045,,,7KANSAS 08SUGCRK 345 0KV,34.9236641221374,16334.0,1.0,,0,0,0,1,3,541.23,,2021-07-22,4.17,80990.37768817204,101013.0,-0.6408162377577172,0.0065300658450057865,-603.8938172043011,1.57,2.5999999999999996,18.19049822562721,AMEREN ILLINOIS,221.0,41217.38,0.07429718875502007,0.4779116465863454,,,,,,,,,unavailable,unavailable,,unavailable,,unavailable,,unavailable,,unavailable,,unavailable,,unavailable,,unavailable,,unavailable,,unavailable,,unavailable,,unavailable,,unavailable,,unavailable,,unavailable,,unavailable,,unavailable,,unavailable,,unavailable,,unavailable,,unavailable,,unavailable,,unavailable,,unavailable
P::J2267,2026-03-01,2026-03-01,MISO,J2267,47.24435318275154,5.5254529391317835,other,0,IL,,0,0.0,,,187.0,35200.11,0.0,0.0,19713.7,1202,238194.56,3.9370294318959616,Phase 2,NRIS,250.0,17199,,,345KV CRAB ORCHARD SUBSTATION,85.7824427480916,66706.0,0.0,,0,0,0,1,0,0.0,,2021-07-22,4.17,80990.37768817204,101013.0,-0.6408162377577172,0.0065300658450057865,-603.8938172043011,1.57,2.5999999999999996,18.19049822562721,AMEREN ILLINOIS,221.0,41217.38,0.07429718875502007,0.4779116465863454,,,,,,,,,unavailable,unavailable,,unavailable,,unavailable,,unavailable,,unavailable,,unavailable,,unavailable,,unavailable,,unavailable,,unavailable,,unavailable,,unavailable,,unavailable,,unavailable,,unavailable,,unavailable,,unavailable,,unavailable,,unavailable,,unavailable,,unavailable,,unavailable,,unavailable,,unavailable
P::J2268,2026-03-01,2026-03-01,MISO,J2268,54.63655030800821,5.993961427306569,solar,0,IA,,0,0.0,,,71.0,14229.54,1.0,500.0,62249.18,1202,238194.56,4.553045859000685,Phase 2,NRIS,400.0,19113,,,DUANE ARNOLD,86.70483460559797,228972.0,0.0,,0,0,0,1,1,500.0,,2021-07-22,4.17,80990.37768817204,101013.0,-0.6408162377577172,0.0065300658450057865,-603.8938172043011,1.57,2.5999999999999996,18.19049822562721,ITC MIDWEST,87.0,14086.3,0.18114143920595532,0.6029776674937966,,,,,,,,,unavailable,unavailable,,unavailable,,unavailable,,unavailable,,unavailable,,unavailable,,unavailable,,unavailable,,unavailable,,unavailable,,unavailable,,unavailable,,unavailable,,unavailable,,unavailable,,unavailable,,unavailable,,unavailable,,unavailable,,unavailable,,unavailable,,unavailable,,unavailable,,unavailable
P::J2270,2026-03-01,2026-03-01,MISO,J2270,54.47227926078029,5.707110264748875,solar,0,IN,,0,0.0,,2.1656399726214923,89.0,18391.7,1.0,100.0,62349.18,1202,238194.56,4.539356605065024,Phase 2,NRIS,300.0,18153,,,MEROM 345KV,20.642493638676847,20757.0,1.0,,0,0,0,1,1,100.0,,2021-07-22,4.17,80990.37768817204,101013.0,-0.6408162377577172,0.0065300658450057865,-603.8938172043011,1.57,2.5999999999999996,18.19049822562721,HOOSIER ENERGY,21.0,4291.16,0.025,0.45,,,,,,,,,unavailable,unavailable,,unavailable,,unavailable,,unavailable,,unavailable,,unavailable,,unavailable,,unavailable,,unavailable,,unavailable,,unavailable,,unavailable,,unavailable,,unavailable,,unavailable,,unavailable,,unavailable,,unavailable,,unavailable,,unavailable,,unavailable,,unavailable,,unavailable,,unavailable
P::J2272,2026-03-01,2026-03-01,MISO,J2272,55.29363449691992,5.5254529391317835,other,0,IA,7.030800821355236,0,0.0,0.0,1.163586584531143,71.0,14379.54,3.0,600.0,19713.7,1202,238194.56,4.607802874743326,Phase 2,NRIS,250.0,19045,,,CALAMUS EAST,64.82188295165395,46158.0,1.0,,0,0,0,,3,600.0,,2021-07-22,4.17,80990.37768817204,101013.0,-0.6408162377577172,0.0065300658450057865,-603.8938172043011,1.57,2.5999999999999996,18.19049822562721,ITC MIDWEST,87.0,14086.3,0.18114143920595532,0.6029776674937966,,,,,,,,,unavailable,unavailable,,unavailable,,unavailable,,unavailable,,unavailable,,unavailable,,unavailable,,unavailable,,unavailable,,unavailable,,unavailable,,unavailable,,unavailable,,unavailable,,unavailable,,unavailable,,unavailable,,unavailable,,unavailable,,unavailable,,unavailable,,unavailable,,unavailable,,unavailable
P::J2273,2026-03-01,2026-03-01,MISO,J2273,7.917864476386037,5.170483995038151,other,0,IL,,0,0.0,,,187.0,35275.11,0.0,0.0,19788.7,1202,238194.56,0.6598220396988365,Phase 2,NRIS,175.0,17027,,,TABOR,65.5852417302799,36785.0,1.0,,0,0,0,,0,0.0,,2021-07-22,4.17,80990.37768817204,101013.0,-0.6408162377577172,0.0065300658450057865,-603.8938172043011,1.57,2.5999999999999996,18.19049822562721,AMEREN ILLINOIS,221.0,41217.38,0.07429718875502007,0.4779116465863454,,,,,,,,,unavailable,unavailable,,unavailable,,unavailable,,unavailable,,unavailable,,unavailable,,unavailable,,unavailable,,unavailable,,unavailable,,unavailable,,unavailable,,unavailable,,unavailable,,unavailable,,unavailable,,unavailable,,unavailable,,unavailable,,unavailable,,unavailable,,unavailable,,unavailable,,unavailable
P::J2275,2026-03-01,2026-03-01,MISO,J2275,47.31006160164271,5.5254529391317835,wind_onshore,0,IL,,0,0.0,,3.164955509924709,187.0,35200.11,1.0,250.0,26931.11,1202,238194.56,3.9425051334702257,Phase 2,NRIS,250.0,17143,,,FARGO TO SANDBURG 345KV,90.68066157760815,177513.0,0.0,,0,0,0,1,1,250.0,,2021-07-22,4.17,80990.37768817204,101013.0,-0.6408162377577172,0.0065300658450057865,-603.8938172043011,1.57,2.5999999999999996,18.19049822562721,AMEREN ILLINOIS,221.0,41217.38,0.07429718875502007,0.4779116465863454,,,,,,,,,unavailable,unavailable,,unavailable,,unavailable,,unavailable,,unavailable,,unavailable,,unavailable,,unavailable,,unavailable,,unavailable,,unavailable,,unavailable,,unavailable,,unavailable,,unavailable,,unavailable,,unavailable,,unavailable,,unavailable,,unavailable,,unavailable,,unavailable,,unavailable,,unavailable
P::J2276,2026-03-01,2026-03-01,MISO,J2276,46.652977412731005,3.7013019741124933,solar,0,MN,,0,0.0,,1.163586584531143,98.0,18362.4,0.0,0.0,62609.68,1202,238194.56,3.887748117727584,Phase 2,NRIS,39.5,27041,,,ALEXANDRIA,44.338422391857506,39953.0,1.0,,0,0,0,,0,0.0,,2021-07-22,4.17,80990.37768817204,101013.0,-0.6408162377577172,0.0065300658450057865,-603.8938172043011,1.57,2.5999999999999996,18.19049822562721,MISSOURI RIVER ENERGY SERVICES TRANSMISSION,9.0,1583.74,0.0,0.3076923076923077,,,,,,,,,unavailable,unavailable,,unavailable,,unavailable,,unavailable,,unavailable,,unavailable,,unavailable,,unavailable,,unavailable,,unavailable,,unavailable,,unavailable,,unavailable,,unavailable,,unavailable,,unavailable,,unavailable,,unavailable,,unavailable,,unavailable,,unavailable,,unavailable,,unavailable,,unavailable
P::J2283,2026-03-01,2026-03-01,MISO,J2283,51.351129363449694,2.8390784635086144,wind_onshore,0,MI,-64.95277207392198,1,0.0,0.0,1.163586584531143,174.0,34476.99,0.0,0.0,27165.010000000002,1202,238194.56,4.2792607802874745,Phase 3,NRIS,16.1,26059,,,18KNOWLES MISO NODE 256632,49.968193384223916,45587.0,1.0,,0,0,0,1,0,0.0,,2021-07-22,4.17,80990.37768817204,101013.0,-0.6408162377577172,0.0065300658450057865,-603.8938172043011,1.57,2.5999999999999996,18.19049822562721,METC,167.0,33466.87,0.024691358024691357,0.45987654320987653,,,,,,,,,unavailable,unavailable,,unavailable,,unavailable,,unavailable,,unavailable,,unavailable,,unavailable,,unavailable,,unavailable,,unavailable,,unavailable,,unavailable,,unavailable,,unavailable,,unavailable,,unavailable,,unavailable,,unavailable,,unavailable,,unavailable,,unavailable,,unavailable,,unavailable,,unavailable
P::J2288,2026-03-01,2026-03-01,MISO,J2288,13.075975359342916,5.170483995038151,solar,0,MO,,0,0.0,,,28.0,7643.43,0.0,0.0,62474.18,1202,238194.56,1.0896646132785763,Phase 2,NRIS,175.0,29007,,,SPENCER CREEK,51.399491094147585,24394.0,1.0,,0,0,0,,0,0.0,,2021-07-22,4.17,80990.37768817204,101013.0,-0.6408162377577172,0.0065300658450057865,-603.8938172043011,1.57,2.5999999999999996,18.19049822562721,AMEREN MISSOURI,42.0,11977.23,0.041666666666666664,0.6,,,,,,,,,unavailable,unavailable,,unavailable,,unavailable,,unavailable,,unavailable,,unavailable,,unavailable,,unavailable,,unavailable,,unavailable,,unavailable,,unavailable,,unavailable,,unavailable,,unavailable,,unavailable,,unavailable,,unavailable,,unavailable,,unavailable,,unavailable,,unavailable,,unavailable,,unavailable
P::J2296,2026-03-01,2026-03-01,MISO,J2296,47.24435318275154,4.61512051684126,solar,0,IN,,0,0.0,,,89.0,18591.7,0.0,0.0,62549.18,1202,238194.56,3.9370294318959616,Phase 2,ERIS,100.0,18153,,,MEROM GIBSON 345KV LINE TAP,20.642493638676847,20757.0,1.0,,0,0,0,1,0,0.0,,2021-07-22,4.17,80990.37768817204,101013.0,-0.6408162377577172,0.0065300658450057865,-603.8938172043011,1.57,2.5999999999999996,18.19049822562721,DUKE ENERGY INDIANA,58.0,11347.82,0.004608294930875576,0.728110599078341,,,,,,,,,unavailable,unavailable,,unavailable,,unavailable,,unavailable,,unavailable,,unavailable,,unavailable,,unavailable,,unavailable,,unavailable,,unavailable,,unavailable,,unavailable,,unavailable,,unavailable,,unavailable,,unavailable,,unavailable,,unavailable,,unavailable,,unavailable,,unavailable,,unavailable,,unavailable
P::J2301,2026-03-01,2026-03-01,MISO,J2301,47.1129363449692,4.61512051684126,other,0,IN,,0,0.0,,,89.0,18591.7,43.0,12941.869999999999,19863.7,1202,238194.56,3.9260780287474333,Phase 2,NRIS,100.0,18167,,,OTHER_,83.20610687022901,106153.0,0.0,,0,0,0,1,43,12941.869999999999,,2021-07-22,4.17,80990.37768817204,101013.0,-0.6408162377577172,0.0065300658450057865,-603.8938172043011,1.57,2.5999999999999996,18.19049822562721,DUKE ENERGY INDIANA,58.0,11347.82,0.004608294930875576,0.728110599078341,,,,,,,,,unavailable,unavailable,,unavailable,,unavailable,,unavailable,,unavailable,,unavailable,,unavailable,,unavailable,,unavailable,,unavailable,,unavailable,,unavailable,,unavailable,,unavailable,,unavailable,,unavailable,,unavailable,,unavailable,,unavailable,,unavailable,,unavailable,,unavailable,,unavailable,,unavailable
P::J2304,2026-03-01,2026-03-01,MISO,J2304,50.92402464065709,5.993961427306569,battery,0,WI,34.03696098562629,0,0.0,56.0,,67.0,13792.460000000001,1.0,250.0,43930.42,1202,238194.56,4.243668720054757,Phase 3,NRIS,400.0,55021,,,COLUMBIA ROCKDALE 345 0KV,81.42493638676844,58091.0,0.0,,0,0,0,,1,250.0,,2021-07-22,4.17,80990.37768817204,101013.0,-0.6408162377577172,0.0065300658450057865,-603.8938172043011,1.57,2.5999999999999996,18.19049822562721,AMERICAN TRANSMISSION,110.0,22126.63,0.09090909090909091,0.6181818181818182,,,,,,,1.0,Unknown,unavailable,unavailable,,unavailable,,unavailable,,unavailable,,unavailable,,unavailable,,unavailable,,unavailable,,unavailable,,unavailable,,unavailable,,unavailable,,unavailable,,unavailable,,unavailable,,unavailable,,unavailable,,unavailable,,unavailable,,unavailable,,unavailable,,unavailable,,unavailable,,unavailable
P::J2307,2026-03-01,2026-03-01,MISO,J2307,47.27720739219713,4.875197323201151,solar,0,IN,,0,0.0,,2.1656399726214923,89.0,18561.7,1.0,200.0,62519.18,1202,238194.56,3.9397672826830936,Phase 2,NRIS,130.0,18103,,,GREENTOWN WALTON 230 0KV,52.79898218829516,35402.0,1.0,,0,0,0,1,1,200.0,,2021-07-22,4.17,80990.37768817204,101013.0,-0.6408162377577172,0.0065300658450057865,-603.8938172043011,1.57,2.5999999999999996,18.19049822562721,DUKE ENERGY INDIANA,58.0,11347.82,0.004608294930875576,0.728110599078341,,,,,,,,,unavailable,unavailable,,unavailable,,unavailable,,unavailable,,unavailable,,unavailable,,unavailable,,unavailable,,unavailable,,unavailable,,unavailable,,unavailable,,unavailable,,unavailable,,unavailable,,unavailable,,unavailable,,unavailable,,unavailable,,unavailable,,unavailable,,unavailable,,unavailable,,unavailable
P::J2309,2026-03-01,2026-03-01,MISO,J2309,53.74948665297741,4.61512051684126,solar,0,MN,,0,0.0,,,98.0,18301.9,0.0,0.0,62549.18,1202,238194.56,4.479123887748118,Phase 2,NRIS,100.0,27101,,,CHANARAMBIE ELLSBOROUGH GRE 115 0KV,19.81552162849873,8049.0,1.0,,0,0,0,,0,0.0,,2021-07-22,4.17,80990.37768817204,101013.0,-0.6408162377577172,0.0065300658450057865,-603.8938172043011,1.57,2.5999999999999996,18.19049822562721,NORTHERN STATES POWER,72.0,15117.65,0.006134969325153374,0.5460122699386503,,,,,,,,,unavailable,unavailable,,unavailable,,unavailable,,unavailable,,unavailable,,unavailable,,unavailable,,unavailable,,unavailable,,unavailable,,unavailable,,unavailable,,unavailable,,unavailable,,unavailable,,unavailable,,unavailable,,unavailable,,unavailable,,unavailable,,unavailable,,unavailable,,unavailable,,unavailable
P::J2311,2026-03-01,2026-03-01,MISO,J2311,16.39425051334702,4.983606621708336,wind_onshore,0,IL,,0,0.0,,,187.0,35305.11,3.0,377.9,27036.11,1202,238194.56,1.3661875427789185,Phase 2,NRIS,145.0,17155,,,PUTNAM,9.16030534351145,5561.0,1.0,,0,0,0,1,3,377.9,,2021-07-22,4.17,80990.37768817204,101013.0,-0.6408162377577172,0.0065300658450057865,-603.8938172043011,1.57,2.5999999999999996,18.19049822562721,AMEREN ILLINOIS,221.0,41217.38,0.07429718875502007,0.4779116465863454,,,,,,,,,unavailable,unavailable,,unavailable,,unavailable,,unavailable,,unavailable,,unavailable,,unavailable,,unavailable,,unavailable,,unavailable,,unavailable,,unavailable,,unavailable,,unavailable,,unavailable,,unavailable,,unavailable,,unavailable,,unavailable,,unavailable,,unavailable,,unavailable,,unavailable,,unavailable
P::J2312,2026-03-01,2026-03-01,MISO,J2312,16.39425051334702,3.8897773964808264,wind_onshore,0,IL,,0,0.0,,1.163586584531143,187.0,35402.21,3.0,475.0,27133.21,1202,238194.56,1.3661875427789185,Phase 2,NRIS,47.9,17099,,,PUTNAM,86.10050890585241,108309.0,0.0,,0,0,0,1,3,475.0,,2021-07-22,4.17,80990.37768817204,101013.0,-0.6408162377577172,0.0065300658450057865,-603.8938172043011,1.57,2.5999999999999996,18.19049822562721,AMEREN ILLINOIS,221.0,41217.38,0.07429718875502007,0.4779116465863454,,,,,,,,,unavailable,unavailable,,unavailable,,unavailable,,unavailable,,unavailable,,unavailable,,unavailable,,unavailable,,unavailable,,unavailable,,unavailable,,unavailable,,unavailable,,unavailable,,unavailable,,unavailable,,unavailable,,unavailable,,unavailable,,unavailable,,unavailable,,unavailable,,unavailable,,unavailable
P::J2316,2026-03-01,2026-03-01,MISO,J2316,53.45379876796714,4.363098624788363,solar,0,MI,17.05133470225873,0,0.0,47.0,1.163586584531143,174.0,34415.59,0.0,0.0,62571.68,1202,238194.56,4.454483230663929,Phase 3,NRIS,77.5,26043,,,NORDIC 138KV SUBSTATION,59.28753180661578,25982.0,1.0,,0,0,0,1,0,0.0,,2021-07-22,4.17,80990.37768817204,101013.0,-0.6408162377577172,0.0065300658450057865,-603.8938172043011,1.57,2.5999999999999996,18.19049822562721,AMERICAN TRANSMISSION,110.0,22126.63,0.09090909090909091,0.6181818181818182,,,,,,,1.0,Unknown,unavailable,unavailable,,unavailable,,unavailable,,unavailable,,unavailable,,unavailable,,unavailable,,unavailable,,unavailable,,unavailable,,unavailable,,unavailable,,unavailable,,unavailable,,unavailable,,unavailable,,unavailable,,unavailable,,unavailable,,unavailable,,unavailable,,unavailable,,unavailable,,unavailable
P::J2322,2026-03-01,2026-03-01,MISO,J2322,3.3182751540041067,5.303304908059076,solar,0,LA,,0,0.0,,,59.0,13119.51,0.0,0.0,62449.18,1202,238194.56,0.27652292950034224,Phase 1,ERIS,200.0,22039,,,COUGHLIN PINE PRAIRIE 138 0KV,75.92239185750637,31754.0,1.0,,0,0,0,1,0,0.0,,2022-05-16,4.17,80990.37768817204,101013.0,-0.6408162377577172,0.0065300658450057865,-603.8938172043011,2.83,1.3399999999999999,18.19049822562721,CLECO POWER,33.0,7851.48,0.019417475728155338,0.6601941747572816,,,,,,,,,unavailable,unavailable,,unavailable,,unavailable,,unavailable,,unavailable,,unavailable,,unavailable,,unavailable,,unavailable,,unavailable,,unavailable,,unavailable,,unavailable,,unavailable,,unavailable,,unavailable,,unavailable,,unavailable,,unavailable,,unavailable,,unavailable,,unavailable,,unavailable,,unavailable
P::J2326,2026-03-01,2026-03-01,MISO,J2326,41.5605749486653,5.017279836814924,battery,0,WI,,0,0.0,,,67.0,14042.460000000001,0.0,0.0,44180.42,1202,238194.56,3.463381245722108,Phase 1,NRIS,150.0,55087,,,WERNER WEST,79.67557251908397,193234.0,0.0,,0,0,0,,0,0.0,,2022-09-19,4.17,80990.37768817204,101013.0,-0.6408162377577172,0.0065300658450057865,-603.8938172043011,2.83,1.3399999999999999,18.19049822562721,AMERICAN TRANSMISSION,110.0,22126.63,0.09090909090909091,0.6181818181818182,,,,,,,,,unavailable,unavailable,,unavailable,,unavailable,,unavailable,,unavailable,,unavailable,,unavailable,,unavailable,,unavailable,,unavailable,,unavailable,,unavailable,,unavailable,,unavailable,,unavailable,,unavailable,,unavailable,,unavailable,,unavailable,,unavailable,,unavailable,,unavailable,,unavailable,,unavailable
P::J2330,2026-03-01,2026-03-01,MISO,J2330,41.49486652977413,5.303304908059076,solar,0,MS,,0,0.0,,,32.0,4781.6,0.0,0.0,62449.18,1202,238194.56,3.457905544147844,Phase 1,ERIS,200.0,28083,,,GREENWOOD,73.50508905852418,26378.0,1.0,,0,0,0,1,0,0.0,,2022-09-22,4.17,80990.37768817204,101013.0,-0.6408162377577172,0.0065300658450057865,-603.8938172043011,2.83,1.3399999999999999,18.19049822562721,ENTERGY MISSISSIPPI,51.0,10735.3,0.006172839506172839,0.6790123456790124,,,,,,,,,unavailable,unavailable,,unavailable,,unavailable,,unavailable,,unavailable,,unavailable,,unavailable,,unavailable,,unavailable,,unavailable,,unavailable,,unavailable,,unavailable,,unavailable,,unavailable,,unavailable,,unavailable,,unavailable,,unavailable,,unavailable,,unavailable,,unavailable,,unavailable,,unavailable
P::J2332,2026-03-01,2026-03-01,MISO,J2332,41.49486652977413,5.303304908059076,wind_onshore,0,MN,,0,0.0,,,98.0,18201.9,1.0,200.0,26981.11,1202,238194.56,3.457905544147844,Phase 1,NRIS,200.0,27127,,,LYON COUNTY CEDAR MOUNTAIN 345KV,35.05089058524173,15288.0,1.0,,0,0,0,,1,200.0,,2022-09-28,4.17,80990.37768817204,101013.0,-0.6408162377577172,0.0065300658450057865,-603.8938172043011,2.83,1.3399999999999999,18.19049822562721,NORTHERN STATES POWER,72.0,15117.65,0.006134969325153374,0.5460122699386503,,,,,,,,,unavailable,unavailable,,unavailable,,unavailable,,unavailable,,unavailable,,unavailable,,unavailable,,unavailable,,unavailable,,unavailable,,unavailable,,unavailable,,unavailable,,unavailable,,unavailable,,unavailable,,unavailable,,unavailable,,unavailable,,unavailable,,unavailable,,unavailable,,unavailable,,unavailable
P::J2334,2026-03-01,2026-03-01,MISO,J2334,41.52772073921971,5.278114659230517,solar,0,IL,,0,0.0,,,187.0,35255.11,0.0,0.0,62454.18,1202,238194.56,3.460643394934976,Phase 2,NRIS,195.0,17135,,,REDHAWK,65.39440203562341,27663.0,1.0,,0,0,0,1,0,0.0,,2022-09-28,4.17,80990.37768817204,101013.0,-0.6408162377577172,0.0065300658450057865,-603.8938172043011,2.83,1.3399999999999999,18.19049822562721,AMEREN ILLINOIS,221.0,41217.38,0.07429718875502007,0.4779116465863454,,,,,,,,,unavailable,unavailable,,unavailable,,unavailable,,unavailable,,unavailable,,unavailable,,unavailable,,unavailable,,unavailable,,unavailable,,unavailable,,unavailable,,unavailable,,unavailable,,unavailable,,unavailable,,unavailable,,unavailable,,unavailable,,unavailable,,unavailable,,unavailable,,unavailable,,unavailable
P::J2342,2026-03-01,2026-03-01,MISO,J2342,41.49486652977413,5.442417710521793,wind_onshore,0,IA,,0,0.0,,2.1656399726214923,71.0,14399.54,0.0,0.0,26951.11,1202,238194.56,3.457905544147844,Phase 1,NRIS,230.0,19195,,,WORTH COUNTY,9.860050890585242,7297.0,1.0,,0,0,0,,0,0.0,,2022-09-23,4.17,80990.37768817204,101013.0,-0.6408162377577172,0.0065300658450057865,-603.8938172043011,2.83,1.3399999999999999,18.19049822562721,ITC MIDWEST,87.0,14086.3,0.18114143920595532,0.6029776674937966,,,,,,,,,unavailable,unavailable,,unavailable,,unavailable,,unavailable,,unavailable,,unavailable,,unavailable,,unavailable,,unavailable,,unavailable,,unavailable,,unavailable,,unavailable,,unavailable,,unavailable,,unavailable,,unavailable,,unavailable,,unavailable,,unavailable,,unavailable,,unavailable,,unavailable,,unavailable
P::J2343,2026-03-01,2026-03-01,MISO,J2343,41.52772073921971,4.875197323201151,battery,0,IN,,0,0.0,,,89.0,18561.7,0.0,0.0,44200.42,1202,238194.56,3.460643394934976,Phase 2,NRIS,130.0,18097,,,GEORGETOWN NORTH 138 0KV,97.48727735368958,968460.0,0.0,,0,0,0,,0,0.0,,2022-12-02,4.17,80990.37768817204,101013.0,-0.6408162377577172,0.0065300658450057865,-603.8938172043011,4.02,0.15000000000000036,18.19049822562721,INDIANAPOLIS POWER LIGHT,9.0,2448.8199999999997,0.14814814814814814,0.5185185185185185,,,,,,,,,unavailable,unavailable,,unavailable,,unavailable,,unavailable,,unavailable,,unavailable,,unavailable,,unavailable,,unavailable,,unavailable,,unavailable,,unavailable,,unavailable,,unavailable,,unavailable,,unavailable,,unavailable,,unavailable,,unavailable,,unavailable,,unavailable,,unavailable,,unavailable,,unavailable
P::J2346,2026-03-01,2026-03-01,MISO,J2346,41.49486652977413,5.303304908059076,wind_onshore,0,MN,,0,0.0,,,98.0,18201.9,1.0,200.0,26981.11,1202,238194.56,3.457905544147844,Phase 1,NRIS,200.0,27127,,,LYON COUNTY CEDAR MOUNTAIN 345KV,35.05089058524173,15288.0,1.0,,0,0,0,,1,200.0,,2022-09-15,4.17,80990.37768817204,101013.0,-0.6408162377577172,0.0065300658450057865,-603.8938172043011,2.83,1.3399999999999999,18.19049822562721,NORTHERN STATES POWER,72.0,15117.65,0.006134969325153374,0.5460122699386503,,,,,,,,,unavailable,unavailable,,unavailable,,unavailable,,unavailable,,unavailable,,unavailable,,unavailable,,unavailable,,unavailable,,unavailable,,unavailable,,unavailable,,unavailable,,unavailable,,unavailable,,unavailable,,unavailable,,unavailable,,unavailable,,unavailable,,unavailable,,unavailable,,unavailable,,unavailable
P::J2350,2026-03-01,2026-03-01,MISO,J2350,41.49486652977413,4.757891273005756,solar,0,AR,,0,0.0,,1.163586584531143,74.0,18381.6,0.0,0.0,62533.68,1202,238194.56,3.457905544147844,Phase 1,ERIS,115.5,05119,,,WHITE BLUFF EHV WRIGHTSVILLE 115 0KV,96.78753180661577,400009.0,0.0,,0,0,0,,0,0.0,,2022-10-20,4.17,80990.37768817204,101013.0,-0.6408162377577172,0.0065300658450057865,-603.8938172043011,3.41,0.7599999999999998,18.19049822562721,ENTERGY ARKANSAS,118.0,29185.92,0.011661807580174927,0.641399416909621,,,,,,,,,unavailable,unavailable,,unavailable,,unavailable,,unavailable,,unavailable,,unavailable,,unavailable,,unavailable,,unavailable,,unavailable,,unavailable,,unavailable,,unavailable,,unavailable,,unavailable,,unavailable,,unavailable,,unavailable,,unavailable,,unavailable,,unavailable,,unavailable,,unavailable,,unavailable
P::J2351,2026-03-01,2026-03-01,MISO,J2351,41.49486652977413,5.303304908059076,solar,0,AR,,0,0.0,,,74.0,18297.1,0.0,0.0,62449.18,1202,238194.56,3.457905544147844,Phase 1,NRIS,200.0,05021,,,AECC RECTOR NORTH RECTOR 161KV LINE,71.62849872773536,14201.0,1.0,,0,0,0,1,0,0.0,,2022-09-29,4.17,80990.37768817204,101013.0,-0.6408162377577172,0.0065300658450057865,-603.8938172043011,2.83,1.3399999999999999,18.19049822562721,ENTERGY ARKANSAS,118.0,29185.92,0.011661807580174927,0.641399416909621,,,,,,,,,unavailable,unavailable,,unavailable,,unavailable,,unavailable,,unavailable,,unavailable,,unavailable,,unavailable,,unavailable,,unavailable,,unavailable,,unavailable,,unavailable,,unavailable,,unavailable,,unavailable,,unavailable,,unavailable,,unavailable,,unavailable,,unavailable,,unavailable,,unavailable,,unavailable
P::J2353,2026-03-01,2026-03-01,MISO,J2353,41.49486652977413,5.25227342804663,solar,0,IN,,0,0.0,,0.16427104722792607,89.0,18501.7,1.0,138.0,62459.18,1202,238194.56,3.457905544147844,Phase 2,NRIS,190.0,18181,,,REYNOLDS BURR OAK 345 0KV,38.51781170483461,24917.0,1.0,,0,0,0,,1,138.0,,2022-10-06,4.17,80990.37768817204,101013.0,-0.6408162377577172,0.0065300658450057865,-603.8938172043011,3.41,0.7599999999999998,18.19049822562721,NORTHERN INDIANA PUBLIC SERVICE,53.0,9697.23,0.09701492537313433,0.5074626865671642,,,,,,,,,unavailable,unavailable,,unavailable,,unavailable,,unavailable,,unavailable,,unavailable,,unavailable,,unavailable,,unavailable,,unavailable,,unavailable,,unavailable,,unavailable,,unavailable,,unavailable,,unavailable,,unavailable,,unavailable,,unavailable,,unavailable,,unavailable,,unavailable,,unavailable,,unavailable
P::J2369,2026-03-01,2026-03-01,MISO,J2369,41.52772073921971,5.707110264748875,wind_onshore,0,IA,,0,0.0,,,71.0,14329.54,0.0,0.0,26881.11,1202,238194.56,3.460643394934976,Phase 1,NRIS,300.0,19173,,,MADISON ORIENT 345KV,38.48600508905852,5924.0,1.0,,0,0,0,,0,0.0,,2022-09-16,4.17,80990.37768817204,101013.0,-0.6408162377577172,0.0065300658450057865,-603.8938172043011,2.83,1.3399999999999999,18.19049822562721,MIDAMERICAN ENERGY,45.0,8895.24,0.18652849740932642,0.5803108808290155,,,,,,,,,unavailable,unavailable,,unavailable,,unavailable,,unavailable,,unavailable,,unavailable,,unavailable,,unavailable,,unavailable,,unavailable,,unavailable,,unavailable,,unavailable,,unavailable,,unavailable,,unavailable,,unavailable,,unavailable,,unavailable,,unavailable,,unavailable,,unavailable,,unavailable,,unavailable
P::J2371,2026-03-01,2026-03-01,MISO,J2371,41.52772073921971,5.5254529391317835,solar,0,LA,,0,0.0,,2.1656399726214923,59.0,13069.51,1.0,150.0,62399.18,1202,238194.56,3.460643394934976,Phase 1,ERIS,250.0,22067,,,DUNN OAK RIDGE LA 115 0KV,55.279898218829516,23955.0,1.0,,0,0,0,1,1,150.0,,2022-09-14,4.17,80990.37768817204,101013.0,-0.6408162377577172,0.0065300658450057865,-603.8938172043011,2.83,1.3399999999999999,18.19049822562721,ENTERGY LOUISIANA,85.0,23972.93,0.016,0.644,,,,,,,,,unavailable,unavailable,,unavailable,,unavailable,,unavailable,,unavailable,,unavailable,,unavailable,,unavailable,,unavailable,,unavailable,,unavailable,,unavailable,,unavailable,,unavailable,,unavailable,,unavailable,,unavailable,,unavailable,,unavailable,,unavailable,,unavailable,,unavailable,,unavailable,,unavailable
P::J2374,2026-03-01,2026-03-01,MISO,J2374,41.49486652977413,5.303304908059076,solar,0,MI,,0,0.0,,,174.0,34293.09,0.0,0.0,62449.18,1202,238194.56,3.457905544147844,Phase 1,NRIS,200.0,26151,,,J1557 SUB,70.32442748091603,40368.0,1.0,,0,0,0,1,0,0.0,,2022-10-06,4.17,80990.37768817204,101013.0,-0.6408162377577172,0.0065300658450057865,-603.8938172043011,3.41,0.7599999999999998,18.19049822562721,ITC,83.0,19624.149999999998,0.0,0.27586206896551724,,,,,,,,,unavailable,unavailable,,unavailable,,unavailable,,unavailable,,unavailable,,unavailable,,unavailable,,unavailable,,unavailable,,unavailable,,unavailable,,unavailable,,unavailable,,unavailable,,unavailable,,unavailable,,unavailable,,unavailable,,unavailable,,unavailable,,unavailable,,unavailable,,unavailable,,unavailable
P::J2375,2026-03-01,2026-03-01,MISO,J2375,41.49486652977413,4.61512051684126,battery,0,IL,,0,0.0,,,187.0,35350.11,2.0,300.0,44230.42,1202,238194.56,3.457905544147844,Phase 2,NRIS,100.0,17115,,,FARADAY,83.30152671755725,100591.0,0.0,,0,0,0,1,2,300.0,,2022-11-21,4.17,80990.37768817204,101013.0,-0.6408162377577172,0.0065300658450057865,-603.8938172043011,4.02,0.15000000000000036,18.19049822562721,AMEREN TRANSMISSION OF ILLINOIS,38.0,9232.83,0.06578947368421052,0.4342105263157895,,,,,,,,,unavailable,unavailable,,unavailable,,unavailable,,unavailable,,unavailable,,unavailable,,unavailable,,unavailable,,unavailable,,unavailable,,unavailable,,unavailable,,unavailable,,unavailable,,unavailable,,unavailable,,unavailable,,unavailable,,unavailable,,unavailable,,unavailable,,unavailable,,unavailable,,unavailable
P::J2376,2026-03-01,2026-03-01,MISO,J2376,41.49486652977413,4.110873864173311,battery,0,IL,,0,0.0,,,187.0,35390.11,2.0,165.0,44270.42,1202,238194.56,3.457905544147844,Phase 2,ERIS,60.0,17173,,,4PANA 1 4SHELBYVL E 138 0KV,51.74936386768449,20568.0,1.0,,0,0,0,1,2,165.0,,2022-09-15,4.17,80990.37768817204,101013.0,-0.6408162377577172,0.0065300658450057865,-603.8938172043011,2.83,1.3399999999999999,18.19049822562721,AMEREN ILLINOIS,221.0,41217.38,0.07429718875502007,0.4779116465863454,,,,,,,,,unavailable,unavailable,,unavailable,,unavailable,,unavailable,,unavailable,,unavailable,,unavailable,,unavailable,,unavailable,,unavailable,,unavailable,,unavailable,,unavailable,,unavailable,,unavailable,,unavailable,,unavailable,,unavailable,,unavailable,,unavailable,,unavailable,,unavailable,,unavailable,,unavailable
P::J2377,2026-03-01,2026-03-01,MISO,J2377,15.737166324435318,5.707110264748875,battery,0,IL,,0,0.0,,,187.0,35150.11,1.0,300.0,44030.42,1202,238194.56,1.3114305270362765,Phase 2,NRIS,300.0,17143,,,7CLINTON 7BROKAW 345 0KV,90.68066157760815,177513.0,0.0,,0,0,0,1,1,300.0,,2022-10-06,4.17,80990.37768817204,101013.0,-0.6408162377577172,0.0065300658450057865,-603.8938172043011,3.41,0.7599999999999998,18.19049822562721,AMEREN ILLINOIS,221.0,41217.38,0.07429718875502007,0.4779116465863454,,,,,,,,,unavailable,unavailable,,unavailable,,unavailable,,unavailable,,unavailable,,unavailable,,unavailable,,unavailable,,unavailable,,unavailable,,unavailable,,unavailable,,unavailable,,unavailable,,unavailable,,unavailable,,unavailable,,unavailable,,unavailable,,unavailable,,unavailable,,unavailable,,unavailable,,unavailable
P::J2378,2026-03-01,2026-03-01,MISO,J2378,41.49486652977413,5.030437921392435,battery,0,MI,,0,0.0,,0.16427104722792607,174.0,34341.09,0.0,0.0,44178.42,1202,238194.56,3.457905544147844,Phase 1,NRIS,152.0,26099,,,LENOX ST CLAIR 120 0KV,96.66030534351145,875101.0,0.0,,0,0,0,,0,0.0,,2022-09-28,4.17,80990.37768817204,101013.0,-0.6408162377577172,0.0065300658450057865,-603.8938172043011,2.83,1.3399999999999999,18.19049822562721,ITC,83.0,19624.149999999998,0.0,0.27586206896551724,,,,,,,,,unavailable,unavailable,,unavailable,,unavailable,,unavailable,,unavailable,,unavailable,,unavailable,,unavailable,,unavailable,,unavailable,,unavailable,,unavailable,,unavailable,,unavailable,,unavailable,,unavailable,,unavailable,,unavailable,,unavailable,,unavailable,,unavailable,,unavailable,,unavailable,,unavailable
P::J2379,2026-03-01,2026-03-01,MISO,J2379,41.52772073921971,5.303304908059076,battery,0,IL,,0,0.0,,,187.0,35250.11,1.0,100.0,44130.42,1202,238194.56,3.460643394934976,Phase 2,ERIS,200.0,17025,,,XENIA,41.06234096692112,12999.0,1.0,,0,0,0,1,1,100.0,,2022-09-14,4.17,80990.37768817204,101013.0,-0.6408162377577172,0.0065300658450057865,-603.8938172043011,2.83,1.3399999999999999,18.19049822562721,AMEREN ILLINOIS,221.0,41217.38,0.07429718875502007,0.4779116465863454,,,,,,,,,unavailable,unavailable,,unavailable,,unavailable,,unavailable,,unavailable,,unavailable,,unavailable,,unavailable,,unavailable,,unavailable,,unavailable,,unavailable,,unavailable,,unavailable,,unavailable,,unavailable,,unavailable,,unavailable,,unavailable,,unavailable,,unavailable,,unavailable,,unavailable,,unavailable
P::J2382,2026-03-01,2026-03-01,MISO,J2382,41.52772073921971,4.7535901911063645,other,0,MO,,0,0.0,,,28.0,7703.43,0.0,0.0,19848.7,1202,238194.56,3.460643394934976,Phase 2,NRIS,115.0,29175,,,5ADAIR 5THMHIL AECI 161 0KV,35.846055979643765,24109.0,1.0,,0,0,0,,0,0.0,,2022-09-26,4.17,80990.37768817204,101013.0,-0.6408162377577172,0.0065300658450057865,-603.8938172043011,2.83,1.3399999999999999,18.19049822562721,AMEREN MISSOURI,42.0,11977.23,0.041666666666666664,0.6,,,,,,,,,unavailable,unavailable,,unavailable,,unavailable,,unavailable,,unavailable,,unavailable,,unavailable,,unavailable,,unavailable,,unavailable,,unavailable,,unavailable,,unavailable,,unavailable,,unavailable,,unavailable,,unavailable,,unavailable,,unavailable,,unavailable,,unavailable,,unavailable,,unavailable,,unavailable
P::J2383,2026-03-01,2026-03-01,MISO,J2383,41.49486652977413,4.61512051684126,battery,0,IL,,0,0.0,,,187.0,35350.11,2.0,300.0,44230.42,1202,238194.56,3.457905544147844,Phase 2,NRIS,100.0,17115,,,FARADAY,83.30152671755725,100591.0,0.0,,0,0,0,1,2,300.0,,2022-11-21,4.17,80990.37768817204,101013.0,-0.6408162377577172,0.0065300658450057865,-603.8938172043011,4.02,0.15000000000000036,18.19049822562721,AMEREN TRANSMISSION OF ILLINOIS,38.0,9232.83,0.06578947368421052,0.4342105263157895,,,,,,,,,unavailable,unavailable,,unavailable,,unavailable,,unavailable,,unavailable,,unavailable,,unavailable,,unavailable,,unavailable,,unavailable,,unavailable,,unavailable,,unavailable,,unavailable,,unavailable,,unavailable,,unavailable,,unavailable,,unavailable,,unavailable,,unavailable,,unavailable,,unavailable,,unavailable
P::J2384,2026-03-01,2026-03-01,MISO,J2384,41.49486652977413,4.836281906951478,solar,0,IL,,0,0.0,,2.1656399726214923,187.0,35325.11,2.0,100.0,62524.18,1202,238194.56,3.457905544147844,Phase 2,ERIS,125.0,17173,,,4PANA 1 4SHELBYVL E 138 0KV,51.74936386768449,20568.0,1.0,,0,0,0,1,2,100.0,,2022-12-21,4.17,80990.37768817204,101013.0,-0.6408162377577172,0.0065300658450057865,-603.8938172043011,4.22,-0.04999999999999982,18.19049822562721,AMEREN ILLINOIS,221.0,41217.38,0.07429718875502007,0.4779116465863454,,,,,,,,,unavailable,unavailable,,unavailable,,unavailable,,unavailable,,unavailable,,unavailable,,unavailable,,unavailable,,unavailable,,unavailable,,unavailable,,unavailable,,unavailable,,unavailable,,unavailable,,unavailable,,unavailable,,unavailable,,unavailable,,unavailable,,unavailable,,unavailable,,unavailable,,unavailable
P::J2388,2026-03-01,2026-03-01,MISO,J2388,41.49486652977413,5.303304908059076,other,0,IL,,0,0.0,,,187.0,35250.11,2.0,200.0,19763.7,1202,238194.56,3.457905544147844,Phase 2,ERIS,200.0,17115,,,FARADAY,83.30152671755725,100591.0,0.0,,0,0,0,1,2,200.0,,2022-09-15,4.17,80990.37768817204,101013.0,-0.6408162377577172,0.0065300658450057865,-603.8938172043011,2.83,1.3399999999999999,18.19049822562721,AMEREN TRANSMISSION OF ILLINOIS,38.0,9232.83,0.06578947368421052,0.4342105263157895,,,,,,,,,unavailable,unavailable,,unavailable,,unavailable,,unavailable,,unavailable,,unavailable,,unavailable,,unavailable,,unavailable,,unavailable,,unavailable,,unavailable,,unavailable,,unavailable,,unavailable,,unavailable,,unavailable,,unavailable,,unavailable,,unavailable,,unavailable,,unavailable,,unavailable,,unavailable
P::J2389,2026-03-01,2026-03-01,MISO,J2389,41.49486652977413,5.017279836814924,other,0,IL,,0,0.0,,,187.0,35300.11,0.0,0.0,19813.7,1202,238194.56,3.457905544147844,Phase 2,ERIS,150.0,17001,,,MONUMENT,64.18575063613231,64441.0,0.0,,0,0,0,1,0,0.0,,2022-09-15,4.17,80990.37768817204,101013.0,-0.6408162377577172,0.0065300658450057865,-603.8938172043011,2.83,1.3399999999999999,18.19049822562721,AMEREN ILLINOIS,221.0,41217.38,0.07429718875502007,0.4779116465863454,,,,,,,,,unavailable,unavailable,,unavailable,,unavailable,,unavailable,,unavailable,,unavailable,,unavailable,,unavailable,,unavailable,,unavailable,,unavailable,,unavailable,,unavailable,,unavailable,,unavailable,,unavailable,,unavailable,,unavailable,,unavailable,,unavailable,,unavailable,,unavailable,,unavailable,,unavailable
P::J2390,2026-03-01,2026-03-01,MISO,J2390,41.49486652977413,5.860786223465865,other,0,IL,,0,0.0,,,187.0,35100.11,0.0,0.0,19613.7,1202,238194.56,3.457905544147844,Phase 2,ERIS,350.0,17057,,,IPAVA 138KV,59.00127226463104,32541.0,1.0,,0,0,0,1,0,0.0,,2022-09-15,4.17,80990.37768817204,101013.0,-0.6408162377577172,0.0065300658450057865,-603.8938172043011,2.83,1.3399999999999999,18.19049822562721,AMEREN ILLINOIS,221.0,41217.38,0.07429718875502007,0.4779116465863454,,,,,,,,,unavailable,unavailable,,unavailable,,unavailable,,unavailable,,unavailable,,unavailable,,unavailable,,unavailable,,unavailable,,unavailable,,unavailable,,unavailable,,unavailable,,unavailable,,unavailable,,unavailable,,unavailable,,unavailable,,unavailable,,unavailable,,unavailable,,unavailable,,unavailable,,unavailable
P::J2392,2026-03-01,2026-03-01,MISO,J2392,41.49486652977413,4.61512051684126,battery,0,MI,,0,0.0,,,174.0,34393.09,0.0,0.0,44230.42,1202,238194.56,3.457905544147844,Phase 1,NRIS,100.0,26105,,,PERE MARQUETTE 138KV,25.349872773536898,29159.0,1.0,,0,0,0,1,0,0.0,,2022-10-06,4.17,80990.37768817204,101013.0,-0.6408162377577172,0.0065300658450057865,-603.8938172043011,3.41,0.7599999999999998,18.19049822562721,METC,167.0,33466.87,0.024691358024691357,0.45987654320987653,,,,,,,,,unavailable,unavailable,,unavailable,,unavailable,,unavailable,,unavailable,,unavailable,,unavailable,,unavailable,,unavailable,,unavailable,,unavailable,,unavailable,,unavailable,,unavailable,,unavailable,,unavailable,,unavailable,,unavailable,,unavailable,,unavailable,,unavailable,,unavailable,,unavailable,,unavailable
P::J2395,2026-03-01,2026-03-01,MISO,J2395,41.52772073921971,6.2166061010848646,solar,0,AR,,0,0.0,,,74.0,17997.1,2.0,560.0,62149.18,1202,238194.56,3.460643394934976,Phase 1,ERIS,500.0,05013,,,SHERIDAN EHV EL DORADO EHV 500 0KV,2.258269720101781,4641.0,1.0,,0,0,0,1,2,560.0,,2022-11-18,4.17,80990.37768817204,101013.0,-0.6408162377577172,0.0065300658450057865,-603.8938172043011,4.02,0.15000000000000036,18.19049822562721,ENTERGY ARKANSAS,118.0,29185.92,0.011661807580174927,0.641399416909621,,,,,,,,,unavailable,unavailable,,unavailable,,unavailable,,unavailable,,unavailable,,unavailable,,unavailable,,unavailable,,unavailable,,unavailable,,unavailable,,unavailable,,unavailable,,unavailable,,unavailable,,unavailable,,unavailable,,unavailable,,unavailable,,unavailable,,unavailable,,unavailable,,unavailable,,unavailable
P::J2396,2026-03-01,2026-03-01,MISO,J2396,41.49486652977413,5.993961427306569,solar,0,AR,,0,0.0,,,74.0,18097.1,2.0,660.0,62249.18,1202,238194.56,3.457905544147844,Phase 1,ERIS,400.0,05013,,,SHERIDAN EHV EL DORADO EHV 500 0KV,2.258269720101781,4641.0,1.0,,0,0,0,1,2,660.0,,2022-11-18,4.17,80990.37768817204,101013.0,-0.6408162377577172,0.0065300658450057865,-603.8938172043011,4.02,0.15000000000000036,18.19049822562721,ENTERGY ARKANSAS,118.0,29185.92,0.011661807580174927,0.641399416909621,,,,,,,,,unavailable,unavailable,,unavailable,,unavailable,,unavailable,,unavailable,,unavailable,,unavailable,,unavailable,,unavailable,,unavailable,,unavailable,,unavailable,,unavailable,,unavailable,,unavailable,,unavailable,,unavailable,,unavailable,,unavailable,,unavailable,,unavailable,,unavailable,,unavailable,,unavailable
P::J2397,2026-03-01,2026-03-01,MISO,J2397,41.49486652977413,5.081404364984463,other,0,AR,,0,0.0,,,74.0,18337.1,2.0,900.0,19803.7,1202,238194.56,3.457905544147844,Phase 1,ERIS,160.0,05013,,,SHERIDAN EHV EL DORADO EHV 500 0KV,2.258269720101781,4641.0,1.0,,0,0,0,1,2,900.0,,2022-11-18,4.17,80990.37768817204,101013.0,-0.6408162377577172,0.0065300658450057865,-603.8938172043011,4.02,0.15000000000000036,18.19049822562721,ENTERGY ARKANSAS,118.0,29185.92,0.011661807580174927,0.641399416909621,,,,,,,,,unavailable,unavailable,,unavailable,,unavailable,,unavailable,,unavailable,,unavailable,,unavailable,,unavailable,,unavailable,,unavailable,,unavailable,,unavailable,,unavailable,,unavailable,,unavailable,,unavailable,,unavailable,,unavailable,,unavailable,,unavailable,,unavailable,,unavailable,,unavailable,,unavailable
P::J2401,2026-03-01,2026-03-01,MISO,J2401,41.49486652977413,5.017279836814924,solar,0,IL,,0,0.0,,,187.0,35300.11,1.0,200.0,62499.18,1202,238194.56,3.457905544147844,Phase 2,ERIS,150.0,17087,,,7W_FRFT_E 7SHAWNEE FP 345 0KV,51.08142493638677,13326.0,1.0,,0,0,0,1,1,200.0,,2022-09-15,4.17,80990.37768817204,101013.0,-0.6408162377577172,0.0065300658450057865,-603.8938172043011,2.83,1.3399999999999999,18.19049822562721,AMEREN ILLINOIS,221.0,41217.38,0.07429718875502007,0.4779116465863454,,,,,,,,,unavailable,unavailable,,unavailable,,unavailable,,unavailable,,unavailable,,unavailable,,unavailable,,unavailable,,unavailable,,unavailable,,unavailable,,unavailable,,unavailable,,unavailable,,unavailable,,unavailable,,unavailable,,unavailable,,unavailable,,unavailable,,unavailable,,unavailable,,unavailable,,unavailable
P::J2402,2026-03-01,2026-03-01,MISO,J2402,41.49486652977413,5.303304908059076,battery,0,IL,,0,0.0,,,187.0,35250.11,1.0,150.0,44130.42,1202,238194.56,3.457905544147844,Phase 2,ERIS,200.0,17087,,,7W_FRFT_E 7SHAWNEE FP 345 0KV,51.08142493638677,13326.0,1.0,,0,0,0,1,1,150.0,,2022-10-05,4.17,80990.37768817204,101013.0,-0.6408162377577172,0.0065300658450057865,-603.8938172043011,2.83,1.3399999999999999,18.19049822562721,AMEREN ILLINOIS,221.0,41217.38,0.07429718875502007,0.4779116465863454,,,,,,,,,unavailable,unavailable,,unavailable,,unavailable,,unavailable,,unavailable,,unavailable,,unavailable,,unavailable,,unavailable,,unavailable,,unavailable,,unavailable,,unavailable,,unavailable,,unavailable,,unavailable,,unavailable,,unavailable,,unavailable,,unavailable,,unavailable,,unavailable,,unavailable,,unavailable
P::J2403,2026-03-01,2026-03-01,MISO,J2403,41.49486652977413,5.303304908059076,solar,0,IL,,0,0.0,,,187.0,35250.11,1.0,100.0,62449.18,1202,238194.56,3.457905544147844,Phase 2,ERIS,200.0,17127,,,7JORD 7MASS 345 0KV,61.60941475826972,13661.0,1.0,,0,0,0,1,1,100.0,,2022-09-15,4.17,80990.37768817204,101013.0,-0.6408162377577172,0.0065300658450057865,-603.8938172043011,2.83,1.3399999999999999,18.19049822562721,AMEREN TRANSMISSION OF ILLINOIS,38.0,9232.83,0.06578947368421052,0.4342105263157895,,,,,,,,,unavailable,unavailable,,unavailable,,unavailable,,unavailable,,unavailable,,unavailable,,unavailable,,unavailable,,unavailable,,unavailable,,unavailable,,unavailable,,unavailable,,unavailable,,unavailable,,unavailable,,unavailable,,unavailable,,unavailable,,unavailable,,unavailable,,unavailable,,unavailable,,unavailable
P::J2404,2026-03-01,2026-03-01,MISO,J2404,41.49486652977413,3.684118137012226,battery,0,LA,,0,0.025773195876301846,,0.0,59.0,13280.7,0.0,0.0,44291.61,1202,238194.56,3.457905544147844,Phase 1,NRIS,38.81,22033,,,EAST,97.96437659033079,448467.0,0.0,,0,0,0,,0,0.0,,2022-12-01,4.17,80990.37768817204,101013.0,-0.6408162377577172,0.0065300658450057865,-603.8938172043011,4.02,0.15000000000000036,18.19049822562721,ENTERGY LOUISIANA,85.0,23972.93,0.016,0.644,,,,,,,,,unavailable,unavailable,,unavailable,,unavailable,,unavailable,,unavailable,,unavailable,,unavailable,,unavailable,,unavailable,,unavailable,,unavailable,,unavailable,,unavailable,,unavailable,,unavailable,,unavailable,,unavailable,,unavailable,,unavailable,,unavailable,,unavailable,,unavailable,,unavailable,,unavailable
P::J2423,2026-03-01,2026-03-01,MISO,J2423,41.5605749486653,5.707110264748875,battery,0,WI,,0,0.0,,,67.0,13892.460000000001,0.0,0.0,44030.42,1202,238194.56,3.463381245722108,Phase 1,NRIS,300.0,55021,,,COLUMBIA NORTH MADISON 345KV,81.42493638676844,58091.0,0.0,,0,0,0,,0,0.0,,2022-09-21,4.17,80990.37768817204,101013.0,-0.6408162377577172,0.0065300658450057865,-603.8938172043011,2.83,1.3399999999999999,18.19049822562721,AMERICAN TRANSMISSION,110.0,22126.63,0.09090909090909091,0.6181818181818182,,,,,,,,,unavailable,unavailable,,unavailable,,unavailable,,unavailable,,unavailable,,unavailable,,unavailable,,unavailable,,unavailable,,unavailable,,unavailable,,unavailable,,unavailable,,unavailable,,unavailable,,unavailable,,unavailable,,unavailable,,unavailable,,unavailable,,unavailable,,unavailable,,unavailable,,unavailable
P::J2429,2026-03-01,2026-03-01,MISO,J2429,41.59342915811088,3.9318256327243257,solar,0,WI,,0,0.0,,,67.0,14142.460000000001,0.0,0.0,62599.18,1202,238194.56,3.46611909650924,Phase 1,NRIS,50.0,55025,,,NORTH MADISON 69KV SUBSTATION,93.86132315521628,575347.0,0.0,,0,0,0,1,0,0.0,,2022-09-15,4.17,80990.37768817204,101013.0,-0.6408162377577172,0.0065300658450057865,-603.8938172043011,2.83,1.3399999999999999,18.19049822562721,AMERICAN TRANSMISSION,110.0,22126.63,0.09090909090909091,0.6181818181818182,,,,,,,,,unavailable,unavailable,,unavailable,,unavailable,,unavailable,,unavailable,,unavailable,,unavailable,,unavailable,,unavailable,,unavailable,,unavailable,,unavailable,,unavailable,,unavailable,,unavailable,,unavailable,,unavailable,,unavailable,,unavailable,,unavailable,,unavailable,,unavailable,,unavailable,,unavailable
P::J2436,2026-03-01,2026-03-01,MISO,J2436,41.59342915811088,5.707110264748875,wind_onshore,0,IA,,0,0.0,,,71.0,14329.54,0.0,0.0,26881.11,1202,238194.56,3.46611909650924,Phase 1,NRIS,300.0,19187,,,WEBSTER LEHIGH 345KV,59.98727735368957,36485.0,1.0,,0,0,0,,0,0.0,,2022-09-16,4.17,80990.37768817204,101013.0,-0.6408162377577172,0.0065300658450057865,-603.8938172043011,2.83,1.3399999999999999,18.19049822562721,CEDAR FALLS MUNICIPAL ELECTRIC UTILITY,1.0,300.0,0.0,0.0,,,,,,,,,unavailable,unavailable,,unavailable,,unavailable,,unavailable,,unavailable,,unavailable,,unavailable,,unavailable,,unavailable,,unavailable,,unavailable,,unavailable,,unavailable,,unavailable,,unavailable,,unavailable,,unavailable,,unavailable,,unavailable,,unavailable,,unavailable,,unavailable,,unavailable,,unavailable
P::J2437,2026-03-01,2026-03-01,MISO,J2437,41.49486652977413,5.170483995038151,wind_onshore,0,AR,,0,0.0,,0.16427104722792607,74.0,18322.1,1.0,200.0,27006.11,1202,238194.56,3.457905544147844,Phase 1,ERIS,175.0,05077,,,BRINKLEY EAST AECC AUBREY 230 0KV,40.42620865139949,8201.0,1.0,,0,0,0,1,1,200.0,,2022-10-07,4.17,80990.37768817204,101013.0,-0.6408162377577172,0.0065300658450057865,-603.8938172043011,3.41,0.7599999999999998,18.19049822562721,ENTERGY ARKANSAS,118.0,29185.92,0.011661807580174927,0.641399416909621,,,,,,,,,unavailable,unavailable,,unavailable,,unavailable,,unavailable,,unavailable,,unavailable,,unavailable,,unavailable,,unavailable,,unavailable,,unavailable,,unavailable,,unavailable,,unavailable,,unavailable,,unavailable,,unavailable,,unavailable,,unavailable,,unavailable,,unavailable,,unavailable,,unavailable,,unavailable
P::J2440,2026-03-01,2026-03-01,MISO,J2440,41.49486652977413,4.61512051684126,wind_onshore,0,IN,,0,0.0,,,89.0,18591.7,1.0,100.0,27081.11,1202,238194.56,3.457905544147844,Phase 2,ERIS,100.0,18007,,,GOODLAND MORRISON DITCH 138 0KV,4.866412213740458,8729.0,1.0,,0,0,0,,1,100.0,,2022-12-15,4.17,80990.37768817204,101013.0,-0.6408162377577172,0.0065300658450057865,-603.8938172043011,4.22,-0.04999999999999982,18.19049822562721,NORTHERN INDIANA PUBLIC SERVICE,53.0,9697.23,0.09701492537313433,0.5074626865671642,,,,,,,,,unavailable,unavailable,,unavailable,,unavailable,,unavailable,,unavailable,,unavailable,,unavailable,,unavailable,,unavailable,,unavailable,,unavailable,,unavailable,,unavailable,,unavailable,,unavailable,,unavailable,,unavailable,,unavailable,,unavailable,,unavailable,,unavailable,,unavailable,,unavailable,,unavailable
P::J2444,2026-03-01,2026-03-01,MISO,J2444,41.52772073921971,5.3981627015177525,solar,0,MI,,0,0.0,,0.16427104722792607,174.0,34273.09,0.0,0.0,62429.18,1202,238194.56,3.460643394934976,Phase 1,NRIS,220.0,26159,,,ARGENTA TWIN BRANCH 345 0KV,60.464376590330794,75798.0,0.0,,0,0,0,,0,0.0,,2022-10-10,4.17,80990.37768817204,101013.0,-0.6408162377577172,0.0065300658450057865,-603.8938172043011,3.41,0.7599999999999998,18.19049822562721,METC,167.0,33466.87,0.024691358024691357,0.45987654320987653,,,,,,,,,unavailable,unavailable,,unavailable,,unavailable,,unavailable,,unavailable,,unavailable,,unavailable,,unavailable,,unavailable,,unavailable,,unavailable,,unavailable,,unavailable,,unavailable,,unavailable,,unavailable,,unavailable,,unavailable,,unavailable,,unavailable,,unavailable,,unavailable,,unavailable,,unavailable
P::J2446,2026-03-01,2026-03-01,MISO,J2446,41.59342915811088,5.707110264748875,solar,0,WI,,0,0.0,,,67.0,13892.460000000001,0.0,0.0,62349.18,1202,238194.56,3.46611909650924,Phase 1,NRIS,300.0,55033,,,ALLEN S KING EAU CLAIRE 345 0KV,48.791348600508904,45794.0,1.0,,0,0,0,,0,0.0,,2022-09-20,4.17,80990.37768817204,101013.0,-0.6408162377577172,0.0065300658450057865,-603.8938172043011,2.83,1.3399999999999999,18.19049822562721,NORTHERN STATES POWER,72.0,15117.65,0.006134969325153374,0.5460122699386503,,,,,,,,,unavailable,unavailable,,unavailable,,unavailable,,unavailable,,unavailable,,unavailable,,unavailable,,unavailable,,unavailable,,unavailable,,unavailable,,unavailable,,unavailable,,unavailable,,unavailable,,unavailable,,unavailable,,unavailable,,unavailable,,unavailable,,unavailable,,unavailable,,unavailable,,unavailable
P::J2447,2026-03-01,2026-03-01,MISO,J2447,4.271047227926078,5.303304908059076,wind_onshore,0,MN,,0,0.0,,,98.0,18201.9,6.0,1556.47,26981.11,1202,238194.56,0.35592060232717315,Phase 1,NRIS,200.0,27101,,,CEDAR MOUNTAIN LYON COUNTY 345 0KV,19.81552162849873,8049.0,1.0,,0,0,0,,6,1556.47,,2022-09-29,4.17,80990.37768817204,101013.0,-0.6408162377577172,0.0065300658450057865,-603.8938172043011,2.83,1.3399999999999999,18.19049822562721,NORTHERN STATES POWER,72.0,15117.65,0.006134969325153374,0.5460122699386503,,,,,,,,,unavailable,unavailable,,unavailable,,unavailable,,unavailable,,unavailable,,unavailable,,unavailable,,unavailable,,unavailable,,unavailable,,unavailable,,unavailable,,unavailable,,unavailable,,unavailable,,unavailable,,unavailable,,unavailable,,unavailable,,unavailable,,unavailable,,unavailable,,unavailable,,unavailable
P::J2450,2026-03-01,2026-03-01,MISO,J2450,41.49486652977413,4.61512051684126,battery,0,IN,,0,0.0,,,89.0,18591.7,0.0,0.0,44230.42,1202,238194.56,3.457905544147844,Phase 2,NRIS,100.0,18157,,,WESTWOOD 345KV,81.8384223918575,188792.0,0.0,,0,0,0,,0,0.0,,2022-10-10,4.17,80990.37768817204,101013.0,-0.6408162377577172,0.0065300658450057865,-603.8938172043011,3.41,0.7599999999999998,18.19049822562721,DUKE ENERGY INDIANA,58.0,11347.82,0.004608294930875576,0.728110599078341,,,,,,,,,unavailable,unavailable,,unavailable,,unavailable,,unavailable,,unavailable,,unavailable,,unavailable,,unavailable,,unavailable,,unavailable,,unavailable,,unavailable,,unavailable,,unavailable,,unavailable,,unavailable,,unavailable,,unavailable,,unavailable,,unavailable,,unavailable,,unavailable,,unavailable,,unavailable
P::J2454,2026-03-01,2026-03-01,MISO,J2454,41.52772073921971,5.017279836814924,battery,0,MI,,0,0.0,,,174.0,34343.09,0.0,0.0,44180.42,1202,238194.56,3.460643394934976,Phase 1,NRIS,150.0,26117,,,EUREKA VESTABURG 138KV,56.87022900763359,68154.0,0.0,,0,0,0,,0,0.0,,2022-10-07,4.17,80990.37768817204,101013.0,-0.6408162377577172,0.0065300658450057865,-603.8938172043011,3.41,0.7599999999999998,18.19049822562721,METC,167.0,33466.87,0.024691358024691357,0.45987654320987653,,,,,,,,,unavailable,unavailable,,unavailable,,unavailable,,unavailable,,unavailable,,unavailable,,unavailable,,unavailable,,unavailable,,unavailable,,unavailable,,unavailable,,unavailable,,unavailable,,unavailable,,unavailable,,unavailable,,unavailable,,unavailable,,unavailable,,unavailable,,unavailable,,unavailable,,unavailable
P::J2455,2026-03-01,2026-03-01,MISO,J2455,41.49486652977413,4.532599493153256,battery,0,WI,,0,0.0,,,67.0,14100.460000000001,0.0,0.0,44238.42,1202,238194.56,3.457905544147844,Phase 1,NRIS,92.0,55063,,,FRENCH ISLAND,80.53435114503816,120486.0,0.0,,0,0,0,1,0,0.0,,2022-12-02,4.17,80990.37768817204,101013.0,-0.6408162377577172,0.0065300658450057865,-603.8938172043011,4.02,0.15000000000000036,18.19049822562721,NORTHERN STATES POWER,72.0,15117.65,0.006134969325153374,0.5460122699386503,,,,,,,,,unavailable,unavailable,,unavailable,,unavailable,,unavailable,,unavailable,,unavailable,,unavailable,,unavailable,,unavailable,,unavailable,,unavailable,,unavailable,,unavailable,,unavailable,,unavailable,,unavailable,,unavailable,,unavailable,,unavailable,,unavailable,,unavailable,,unavailable,,unavailable,,unavailable
P::J2457,2026-03-01,2026-03-01,MISO,J2457,41.49486652977413,3.713572066704308,battery,0,LA,,0,0.0,,,59.0,13279.51,0.0,0.0,44290.42,1202,238194.56,3.457905544147844,Phase 1,NRIS,40.0,22071,,,PATERSON,98.25063613231552,364136.0,0.0,,0,0,0,1,0,0.0,,2022-10-06,4.17,80990.37768817204,101013.0,-0.6408162377577172,0.0065300658450057865,-603.8938172043011,3.41,0.7599999999999998,18.19049822562721,ENTERGY NEW ORLEANS,1.0,40.0,0.0,0.0,,,,,,,,,unavailable,unavailable,,unavailable,,unavailable,,unavailable,,unavailable,,unavailable,,unavailable,,unavailable,,unavailable,,unavailable,,unavailable,,unavailable,,unavailable,,unavailable,,unavailable,,unavailable,,unavailable,,unavailable,,unavailable,,unavailable,,unavailable,,unavailable,,unavailable,,unavailable
P::J2469,2026-03-01,2026-03-01,MISO,J2469,41.59342915811088,5.707110264748875,battery,0,IA,,0,0.0,,,71.0,14329.54,0.0,0.0,44030.42,1202,238194.56,3.46611909650924,Phase 1,NRIS,300.0,19113,,,SUB K TIFFIN DUANE ARNOLD 345KV,86.70483460559797,228972.0,0.0,,0,0,0,1,0,0.0,,2022-10-06,4.17,80990.37768817204,101013.0,-0.6408162377577172,0.0065300658450057865,-603.8938172043011,3.41,0.7599999999999998,18.19049822562721,ITC MIDWEST,87.0,14086.3,0.18114143920595532,0.6029776674937966,,,,,,,,,unavailable,unavailable,,unavailable,,unavailable,,unavailable,,unavailable,,unavailable,,unavailable,,unavailable,,unavailable,,unavailable,,unavailable,,unavailable,,unavailable,,unavailable,,unavailable,,unavailable,,unavailable,,unavailable,,unavailable,,unavailable,,unavailable,,unavailable,,unavailable,,unavailable
P::J2472,2026-03-01,2026-03-01,MISO,J2472,41.49486652977413,5.303304908059076,battery,0,IN,,0,0.0,,,89.0,18491.7,3.0,600.0,44130.42,1202,238194.56,3.457905544147844,Phase 2,NRIS,200.0,18153,,,GIBSON STA MEROM HED 345 0KV,20.642493638676847,20757.0,1.0,,0,0,0,1,3,600.0,,2022-11-21,4.17,80990.37768817204,101013.0,-0.6408162377577172,0.0065300658450057865,-603.8938172043011,4.02,0.15000000000000036,18.19049822562721,HOOSIER ENERGY,21.0,4291.16,0.025,0.45,,,,,,,,,unavailable,unavailable,,unavailable,,unavailable,,unavailable,,unavailable,,unavailable,,unavailable,,unavailable,,unavailable,,unavailable,,unavailable,,unavailable,,unavailable,,unavailable,,unavailable,,unavailable,,unavailable,,unavailable,,unavailable,,unavailable,,unavailable,,unavailable,,unavailable,,unavailable
P::J2473,2026-03-01,2026-03-01,MISO,J2473,41.49486652977413,5.017279836814924,battery,0,IN,,0,0.0,,,89.0,18541.7,0.0,0.0,44180.42,1202,238194.56,3.457905544147844,Phase 2,NRIS,150.0,18097,,,HANNA 138KV,97.48727735368958,968460.0,0.0,,0,0,0,,0,0.0,,2022-10-10,4.17,80990.37768817204,101013.0,-0.6408162377577172,0.0065300658450057865,-603.8938172043011,3.41,0.7599999999999998,18.19049822562721,INDIANAPOLIS POWER LIGHT,9.0,2448.8199999999997,0.14814814814814814,0.5185185185185185,,,,,,,,,unavailable,unavailable,,unavailable,,unavailable,,unavailable,,unavailable,,unavailable,,unavailable,,unavailable,,unavailable,,unavailable,,unavailable,,unavailable,,unavailable,,unavailable,,unavailable,,unavailable,,unavailable,,unavailable,,unavailable,,unavailable,,unavailable,,unavailable,,unavailable,,unavailable
P::J2474,2026-03-01,2026-03-01,MISO,J2474,41.49486652977413,4.61512051684126,other,0,IL,,0,0.0,,,187.0,35350.11,0.0,0.0,19863.7,1202,238194.56,3.457905544147844,Phase 2,ERIS,100.0,17167,,,4AUSTIN 4VIRDEN 138 0KV,91.69847328244275,193491.0,0.0,,0,0,0,1,0,0.0,,2022-10-07,4.17,80990.37768817204,101013.0,-0.6408162377577172,0.0065300658450057865,-603.8938172043011,3.41,0.7599999999999998,18.19049822562721,AMEREN ILLINOIS,221.0,41217.38,0.07429718875502007,0.4779116465863454,,,,,,,,,unavailable,unavailable,,unavailable,,unavailable,,unavailable,,unavailable,,unavailable,,unavailable,,unavailable,,unavailable,,unavailable,,unavailable,,unavailable,,unavailable,,unavailable,,unavailable,,unavailable,,unavailable,,unavailable,,unavailable,,unavailable,,unavailable,,unavailable,,unavailable,,unavailable
P::J2475,2026-03-01,2026-03-01,MISO,J2475,41.49486652977413,5.303304908059076,battery,0,MI,,0,0.0,,,174.0,34293.09,0.0,0.0,44130.42,1202,238194.56,3.457905544147844,Phase 1,NRIS,200.0,26115,,,TOLL RD 120KV,82.47455470737913,155045.0,0.0,,0,0,0,1,0,0.0,,2022-10-10,4.17,80990.37768817204,101013.0,-0.6408162377577172,0.0065300658450057865,-603.8938172043011,3.41,0.7599999999999998,18.19049822562721,ITC,83.0,19624.149999999998,0.0,0.27586206896551724,,,,,,,,,unavailable,unavailable,,unavailable,,unavailable,,unavailable,,unavailable,,unavailable,,unavailable,,unavailable,,unavailable,,unavailable,,unavailable,,unavailable,,unavailable,,unavailable,,unavailable,,unavailable,,unavailable,,unavailable,,unavailable,,unavailable,,unavailable,,unavailable,,unavailable,,unavailable
P::J2477,2026-03-01,2026-03-01,MISO,J2477,41.5605749486653,6.398594934535208,solar,0,AR,,0,0.0,,,74.0,17897.1,4.0,1367.5,62049.18,1202,238194.56,3.463381245722108,Phase 1,ERIS,600.0,05035,,,WEST MEMPHIS EHV KEO EHV 500 0KV,82.95165394402035,47139.0,1.0,,0,0,0,1,4,1367.5,,2022-09-19,4.17,80990.37768817204,101013.0,-0.6408162377577172,0.0065300658450057865,-603.8938172043011,2.83,1.3399999999999999,18.19049822562721,ENTERGY ARKANSAS,118.0,29185.92,0.011661807580174927,0.641399416909621,,,,,,,,,unavailable,unavailable,,unavailable,,unavailable,,unavailable,,unavailable,,unavailable,,unavailable,,unavailable,,unavailable,,unavailable,,unavailable,,unavailable,,unavailable,,unavailable,,unavailable,,unavailable,,unavailable,,unavailable,,unavailable,,unavailable,,unavailable,,unavailable,,unavailable,,unavailable
P::J2478,2026-03-01,2026-03-01,MISO,J2478,41.52772073921971,6.311734809152915,solar,0,AR,,0,0.0,,0.16427104722792607,74.0,17947.1,0.0,0.0,62099.18,1202,238194.56,3.460643394934976,Phase 1,ERIS,550.0,05067,,,INDEPENDENCE ISES POWERLINE ROAD 500 0KV,67.84351145038168,16784.0,1.0,,0,0,0,1,0,0.0,,2022-09-16,4.17,80990.37768817204,101013.0,-0.6408162377577172,0.0065300658450057865,-603.8938172043011,2.83,1.3399999999999999,18.19049822562721,ENTERGY ARKANSAS,118.0,29185.92,0.011661807580174927,0.641399416909621,,,,,,,,,unavailable,unavailable,,unavailable,,unavailable,,unavailable,,unavailable,,unavailable,,unavailable,,unavailable,,unavailable,,unavailable,,unavailable,,unavailable,,unavailable,,unavailable,,unavailable,,unavailable,,unavailable,,unavailable,,unavailable,,unavailable,,unavailable,,unavailable,,unavailable,,unavailable
P::J2482,2026-03-01,2026-03-01,MISO,J2482,41.52772073921971,5.707110264748875,solar,0,AR,,0,0.0,,2.1656399726214923,74.0,18197.1,4.0,1667.5,62349.18,1202,238194.56,3.460643394934976,Phase 1,ERIS,300.0,05035,,,WEST MEMPHIS EHV KEO EHV 500 0KV,82.95165394402035,47139.0,1.0,,0,0,0,1,4,1667.5,,2022-10-06,4.17,80990.37768817204,101013.0,-0.6408162377577172,0.0065300658450057865,-603.8938172043011,3.41,0.7599999999999998,18.19049822562721,ENTERGY ARKANSAS,118.0,29185.92,0.011661807580174927,0.641399416909621,,,,,,,,,unavailable,unavailable,,unavailable,,unavailable,,unavailable,,unavailable,,unavailable,,unavailable,,unavailable,,unavailable,,unavailable,,unavailable,,unavailable,,unavailable,,unavailable,,unavailable,,unavailable,,unavailable,,unavailable,,unavailable,,unavailable,,unavailable,,unavailable,,unavailable,,unavailable
P::J2485,2026-03-01,2026-03-01,MISO,J2485,41.52772073921971,5.198497031265826,solar,0,MI,,0,-10.0,,0.0,174.0,34313.09,1.0,250.0,62469.18,1202,238194.56,3.460643394934976,Phase 1,NRIS,180.0,26093,,,BLACKFOOT MADRID 345 0KV,73.47328244274809,196757.0,0.0,,0,0,0,,1,250.0,,2022-10-07,4.17,80990.37768817204,101013.0,-0.6408162377577172,0.0065300658450057865,-603.8938172043011,3.41,0.7599999999999998,18.19049822562721,ITC,83.0,19624.149999999998,0.0,0.27586206896551724,,,,,,,,,unavailable,unavailable,,unavailable,,unavailable,,unavailable,,unavailable,,unavailable,,unavailable,,unavailable,,unavailable,,unavailable,,unavailable,,unavailable,,unavailable,,unavailable,,unavailable,,unavailable,,unavailable,,unavailable,,unavailable,,unavailable,,unavailable,,unavailable,,unavailable,,unavailable
P::J2486,2026-03-01,2026-03-01,MISO,J2486,41.52772073921971,4.454347296253507,solar,0,MI,,0,-57.5,,0.0,174.0,34408.09,0.0,0.0,62564.18,1202,238194.56,3.460643394934976,Phase 1,NRIS,85.0,26115,,,LALLENDORF MONROE 345 0KV,82.47455470737913,155045.0,0.0,,0,0,0,1,0,0.0,,2022-10-07,4.17,80990.37768817204,101013.0,-0.6408162377577172,0.0065300658450057865,-603.8938172043011,3.41,0.7599999999999998,18.19049822562721,ITC,83.0,19624.149999999998,0.0,0.27586206896551724,,,,,,,,,unavailable,unavailable,,unavailable,,unavailable,,unavailable,,unavailable,,unavailable,,unavailable,,unavailable,,unavailable,,unavailable,,unavailable,,unavailable,,unavailable,,unavailable,,unavailable,,unavailable,,unavailable,,unavailable,,unavailable,,unavailable,,unavailable,,unavailable,,unavailable,,unavailable
P::J2490,2026-03-01,2026-03-01,MISO,J2490,41.52772073921971,4.836281906951478,solar,0,MI,,0,0.0,,,174.0,34368.09,0.0,0.0,62524.18,1202,238194.56,3.460643394934976,Phase 1,NRIS,125.0,26157,,,TUSCOLA ARROWHEAD 120KV TRANSMISSION LINE,73.05979643765903,52826.0,0.0,,0,0,0,1,0,0.0,,2022-10-07,4.17,80990.37768817204,101013.0,-0.6408162377577172,0.0065300658450057865,-603.8938172043011,3.41,0.7599999999999998,18.19049822562721,ITC,83.0,19624.149999999998,0.0,0.27586206896551724,,,,,,,,,unavailable,unavailable,,unavailable,,unavailable,,unavailable,,unavailable,,unavailable,,unavailable,,unavailable,,unavailable,,unavailable,,unavailable,,unavailable,,unavailable,,unavailable,,unavailable,,unavailable,,unavailable,,unavailable,,unavailable,,unavailable,,unavailable,,unavailable,,unavailable,,unavailable
P::J2496,2026-03-01,2026-03-01,MISO,J2496,41.5605749486653,5.993961427306569,battery,0,IN,,0,0.0,,,89.0,18291.7,0.0,0.0,43930.42,1202,238194.56,3.463381245722108,Phase 2,NRIS,400.0,18181,,,REYNOLDS 345KV SUBSTATION,38.51781170483461,24917.0,1.0,,0,0,0,,0,0.0,,2022-10-06,4.17,80990.37768817204,101013.0,-0.6408162377577172,0.0065300658450057865,-603.8938172043011,3.41,0.7599999999999998,18.19049822562721,NORTHERN INDIANA PUBLIC SERVICE,53.0,9697.23,0.09701492537313433,0.5074626865671642,,,,,,,,,unavailable,unavailable,,unavailable,,unavailable,,unavailable,,unavailable,,unavailable,,unavailable,,unavailable,,unavailable,,unavailable,,unavailable,,unavailable,,unavailable,,unavailable,,unavailable,,unavailable,,unavailable,,unavailable,,unavailable,,unavailable,,unavailable,,unavailable,,unavailable,,unavailable
P::J2499,2026-03-01,2026-03-01,MISO,J2499,41.59342915811088,4.61512051684126,battery,0,MI,,0,0.0,,,174.0,34393.09,0.0,0.0,44230.42,1202,238194.56,3.46611909650924,Phase 1,NRIS,100.0,26139,,,BLENDON 138KV,82.8880407124682,303372.0,0.0,,0,0,0,1,0,0.0,,2022-09-19,4.17,80990.37768817204,101013.0,-0.6408162377577172,0.0065300658450057865,-603.8938172043011,2.83,1.3399999999999999,18.19049822562721,METC,167.0,33466.87,0.024691358024691357,0.45987654320987653,,,,,,,,,unavailable,unavailable,,unavailable,,unavailable,,unavailable,,unavailable,,unavailable,,unavailable,,unavailable,,unavailable,,unavailable,,unavailable,,unavailable,,unavailable,,unavailable,,unavailable,,unavailable,,unavailable,,unavailable,,unavailable,,unavailable,,unavailable,,unavailable,,unavailable,,unavailable
P::J2501,2026-03-01,2026-03-01,MISO,J2501,41.5605749486653,5.017279836814924,solar,0,MN,,0,0.0,,,98.0,18251.9,0.0,0.0,62499.18,1202,238194.56,3.463381245722108,Phase 1,NRIS,150.0,27049,,,NORTH ROCHESTER,43.320610687022906,48035.0,1.0,,0,0,0,,0,0.0,,2022-09-13,4.17,80990.37768817204,101013.0,-0.6408162377577172,0.0065300658450057865,-603.8938172043011,2.83,1.3399999999999999,18.19049822562721,NORTHERN STATES POWER,72.0,15117.65,0.006134969325153374,0.5460122699386503,,,,,,,,,unavailable,unavailable,,unavailable,,unavailable,,unavailable,,unavailable,,unavailable,,unavailable,,unavailable,,unavailable,,unavailable,,unavailable,,unavailable,,unavailable,,unavailable,,unavailable,,unavailable,,unavailable,,unavailable,,unavailable,,unavailable,,unavailable,,unavailable,,unavailable,,unavailable
P::J2502,2026-03-01,2026-03-01,MISO,J2502,41.5605749486653,5.017279836814924,wind_onshore,0,ND,,0,0.0,,0.16427104722792607,14.0,2475.0,1.0,100.0,27031.11,1202,238194.56,3.463381245722108,Phase 1,ERIS,150.0,38059,,,SQUARE BUTTE 230KV SUBSTATION EAST,49.586513994910945,33895.0,1.0,,0,0,0,1,1,100.0,,2022-09-28,4.17,80990.37768817204,101013.0,-0.6408162377577172,0.0065300658450057865,-603.8938172043011,2.83,1.3399999999999999,18.19049822562721,MINNESOTA POWER,11.0,1852.6,0.0,0.56,,,,,,,,,unavailable,unavailable,,unavailable,,unavailable,,unavailable,,unavailable,,unavailable,,unavailable,,unavailable,,unavailable,,unavailable,,unavailable,,unavailable,,unavailable,,unavailable,,unavailable,,unavailable,,unavailable,,unavailable,,unavailable,,unavailable,,unavailable,,unavailable,,unavailable,,unavailable
P::J2519,2026-03-01,2026-03-01,MISO,J2519,41.5605749486653,6.398594934535208,solar,0,LA,,0,0.0,,,59.0,12719.51,0.0,0.0,62049.18,1202,238194.56,3.463381245722108,Phase 1,ERIS,600.0,22083,,,SMALLING,36.67302798982188,19712.0,1.0,,0,0,0,1,0,0.0,,2022-10-11,4.17,80990.37768817204,101013.0,-0.6408162377577172,0.0065300658450057865,-603.8938172043011,3.41,0.7599999999999998,18.19049822562721,ENTERGY LOUISIANA,85.0,23972.93,0.016,0.644,,,,,,,,,unavailable,unavailable,,unavailable,,unavailable,,unavailable,,unavailable,,unavailable,,unavailable,,unavailable,,unavailable,,unavailable,,unavailable,,unavailable,,unavailable,,unavailable,,unavailable,,unavailable,,unavailable,,unavailable,,unavailable,,unavailable,,unavailable,,unavailable,,unavailable,,unavailable
P::J2520,2026-03-01,2026-03-01,MISO,J2520,41.5605749486653,5.303304908059076,solar,0,WI,,0,0.0,,,67.0,13992.460000000001,0.0,0.0,62449.18,1202,238194.56,3.463381245722108,Phase 1,NRIS,200.0,55001,,,SARATOGA ACEC BADGER WEST 138KV,70.8969465648855,21449.0,1.0,,0,0,0,,0,0.0,,2022-09-16,4.17,80990.37768817204,101013.0,-0.6408162377577172,0.0065300658450057865,-603.8938172043011,2.83,1.3399999999999999,18.19049822562721,AMERICAN TRANSMISSION,110.0,22126.63,0.09090909090909091,0.6181818181818182,,,,,,,,,unavailable,unavailable,,unavailable,,unavailable,,unavailable,,unavailable,,unavailable,,unavailable,,unavailable,,unavailable,,unavailable,,unavailable,,unavailable,,unavailable,,unavailable,,unavailable,,unavailable,,unavailable,,unavailable,,unavailable,,unavailable,,unavailable,,unavailable,,unavailable,,unavailable
P::J2523,2026-03-01,2026-03-01,MISO,J2523,41.52772073921971,5.5254529391317835,solar,0,AR,,0,0.0,,2.1656399726214923,74.0,18247.1,0.0,0.0,62399.18,1202,238194.56,3.460643394934976,Phase 1,ERIS,250.0,05063,,,INDEPENDENCE ISES,69.08396946564885,38320.0,1.0,,0,0,0,1,0,0.0,,2022-09-20,4.17,80990.37768817204,101013.0,-0.6408162377577172,0.0065300658450057865,-603.8938172043011,2.83,1.3399999999999999,18.19049822562721,ENTERGY ARKANSAS,118.0,29185.92,0.011661807580174927,0.641399416909621,,,,,,,,,unavailable,unavailable,,unavailable,,unavailable,,unavailable,,unavailable,,unavailable,,unavailable,,unavailable,,unavailable,,unavailable,,unavailable,,unavailable,,unavailable,,unavailable,,unavailable,,unavailable,,unavailable,,unavailable,,unavailable,,unavailable,,unavailable,,unavailable,,unavailable,,unavailable
P::J2538,2026-03-01,2026-03-01,MISO,J2538,4.271047227926078,5.303304908059076,solar,0,IN,,0,0.0,,,89.0,18491.7,0.0,0.0,62449.18,1202,238194.56,0.35592060232717315,Phase 2,NRIS,200.0,18019,,,SPEED TRIMBLE LGEE 345 0KV,81.36132315521628,125467.0,0.0,,0,0,0,,0,0.0,,2022-09-22,4.17,80990.37768817204,101013.0,-0.6408162377577172,0.0065300658450057865,-603.8938172043011,2.83,1.3399999999999999,18.19049822562721,DUKE ENERGY INDIANA,58.0,11347.82,0.004608294930875576,0.728110599078341,,,,,,,,,unavailable,unavailable,,unavailable,,unavailable,,unavailable,,unavailable,,unavailable,,unavailable,,unavailable,,unavailable,,unavailable,,unavailable,,unavailable,,unavailable,,unavailable,,unavailable,,unavailable,,unavailable,,unavailable,,unavailable,,unavailable,,unavailable,,unavailable,,unavailable,,unavailable
P::J2540,2026-03-01,2026-03-01,MISO,J2540,4.271047227926078,5.017279836814924,solar,0,KY,,0,0.0,,,7.0,1067.0,1.0,50.0,62499.18,1202,238194.56,0.35592060232717315,Phase 2,NRIS,150.0,21083,,,BRYAN ROAD,83.96946564885496,36461.0,1.0,,0,0,0,1,1,50.0,,2022-09-24,4.17,80990.37768817204,101013.0,-0.6408162377577172,0.0065300658450057865,-603.8938172043011,2.83,1.3399999999999999,18.19049822562721,BIG RIVERS ELECTRIC CORPORATION,14.0,1812.0,0.017543859649122806,0.7368421052631579,,,,,,,,,unavailable,unavailable,,unavailable,,unavailable,,unavailable,,unavailable,,unavailable,,unavailable,,unavailable,,unavailable,,unavailable,,unavailable,,unavailable,,unavailable,,unavailable,,unavailable,,unavailable,,unavailable,,unavailable,,unavailable,,unavailable,,unavailable,,unavailable,,unavailable,,unavailable
P::J2541,2026-03-01,2026-03-01,MISO,J2541,4.271047227926078,3.9318256327243257,solar,0,KY,,0,0.0,,,7.0,1167.0,1.0,150.0,62599.18,1202,238194.56,0.35592060232717315,Phase 2,NRIS,50.0,21083,,,BRYAN ROAD,83.96946564885496,36461.0,1.0,,0,0,0,1,1,150.0,,2022-09-24,4.17,80990.37768817204,101013.0,-0.6408162377577172,0.0065300658450057865,-603.8938172043011,2.83,1.3399999999999999,18.19049822562721,BIG RIVERS ELECTRIC CORPORATION,14.0,1812.0,0.017543859649122806,0.7368421052631579,,,,,,,,,unavailable,unavailable,,unavailable,,unavailable,,unavailable,,unavailable,,unavailable,,unavailable,,unavailable,,unavailable,,unavailable,,unavailable,,unavailable,,unavailable,,unavailable,,unavailable,,unavailable,,unavailable,,unavailable,,unavailable,,unavailable,,unavailable,,unavailable,,unavailable,,unavailable
P::J2550,2026-03-01,2026-03-01,MISO,J2550,41.52772073921971,4.330733340286331,battery,0,MN,,0,0.0,,,98.0,18326.9,1.0,153.0,44255.42,1202,238194.56,3.460643394934976,Phase 1,NRIS,75.0,27173,,,HAZEL CREEK,29.961832061068705,9467.0,1.0,,0,0,0,,1,153.0,,2022-09-14,4.17,80990.37768817204,101013.0,-0.6408162377577172,0.0065300658450057865,-603.8938172043011,2.83,1.3399999999999999,18.19049822562721,NORTHERN STATES POWER,72.0,15117.65,0.006134969325153374,0.5460122699386503,,,,,,,,,unavailable,unavailable,,unavailable,,unavailable,,unavailable,,unavailable,,unavailable,,unavailable,,unavailable,,unavailable,,unavailable,,unavailable,,unavailable,,unavailable,,unavailable,,unavailable,,unavailable,,unavailable,,unavailable,,unavailable,,unavailable,,unavailable,,unavailable,,unavailable,,unavailable
P::J2551,2026-03-01,2026-03-01,MISO,J2551,41.52772073921971,4.709530201312334,battery,0,IL,,0,0.0,,,187.0,35340.11,3.0,412.9,44220.42,1202,238194.56,3.460643394934976,Phase 2,NRIS,110.0,17155,,,PUTNAM,9.16030534351145,5561.0,1.0,,0,0,0,1,3,412.9,,2022-09-14,4.17,80990.37768817204,101013.0,-0.6408162377577172,0.0065300658450057865,-603.8938172043011,2.83,1.3399999999999999,18.19049822562721,AMEREN ILLINOIS,221.0,41217.38,0.07429718875502007,0.4779116465863454,,,,,,,,,unavailable,unavailable,,unavailable,,unavailable,,unavailable,,unavailable,,unavailable,,unavailable,,unavailable,,unavailable,,unavailable,,unavailable,,unavailable,,unavailable,,unavailable,,unavailable,,unavailable,,unavailable,,unavailable,,unavailable,,unavailable,,unavailable,,unavailable,,unavailable,,unavailable
P::J2552,2026-03-01,2026-03-01,MISO,J2552,41.52772073921971,4.394449154672439,battery,0,IL,,0,0.0,,,187.0,35370.11,1.0,300.0,44250.42,1202,238194.56,3.460643394934976,Phase 1,NRIS,80.0,17195,,,SUB 39 CORDOVA 345 0KV,65.80788804071247,54498.0,0.0,,0,0,0,1,1,300.0,,2022-09-14,4.17,80990.37768817204,101013.0,-0.6408162377577172,0.0065300658450057865,-603.8938172043011,2.83,1.3399999999999999,18.19049822562721,MIDAMERICAN ENERGY,45.0,8895.24,0.18652849740932642,0.5803108808290155,,,,,,,,,unavailable,unavailable,,unavailable,,unavailable,,unavailable,,unavailable,,unavailable,,unavailable,,unavailable,,unavailable,,unavailable,,unavailable,,unavailable,,unavailable,,unavailable,,unavailable,,unavailable,,unavailable,,unavailable,,unavailable,,unavailable,,unavailable,,unavailable,,unavailable,,unavailable
P::J2553,2026-03-01,2026-03-01,MISO,J2553,41.52772073921971,5.351858133476067,solar,0,IA,,0,0.0,,0.16427104722792607,71.0,14419.54,2.0,997.4000000000001,62439.18,1202,238194.56,3.460643394934976,Phase 1,NRIS,210.0,19033,,,KILLDEER,69.59287531806616,42406.0,1.0,,0,0,0,,2,997.4,,2022-10-12,4.17,80990.37768817204,101013.0,-0.6408162377577172,0.0065300658450057865,-603.8938172043011,3.41,0.7599999999999998,18.19049822562721,ITC MIDWEST,87.0,14086.3,0.18114143920595532,0.6029776674937966,,,,,,,,,unavailable,unavailable,,unavailable,,unavailable,,unavailable,,unavailable,,unavailable,,unavailable,,unavailable,,unavailable,,unavailable,,unavailable,,unavailable,,unavailable,,unavailable,,unavailable,,unavailable,,unavailable,,unavailable,,unavailable,,unavailable,,unavailable,,unavailable,,unavailable,,unavailable
P::J2554,2026-03-01,2026-03-01,MISO,J2554,41.52772073921971,5.3981627015177525,solar,0,IL,,0,0.0,,2.1656399726214923,187.0,35230.11,3.0,302.9,62429.18,1202,238194.56,3.460643394934976,Phase 2,NRIS,220.0,17155,,,PUTNAM,9.16030534351145,5561.0,1.0,,0,0,0,1,3,302.9,,2022-09-26,4.17,80990.37768817204,101013.0,-0.6408162377577172,0.0065300658450057865,-603.8938172043011,2.83,1.3399999999999999,18.19049822562721,AMEREN ILLINOIS,221.0,41217.38,0.07429718875502007,0.4779116465863454,,,,,,,,,unavailable,unavailable,,unavailable,,unavailable,,unavailable,,unavailable,,unavailable,,unavailable,,unavailable,,unavailable,,unavailable,,unavailable,,unavailable,,unavailable,,unavailable,,unavailable,,unavailable,,unavailable,,unavailable,,unavailable,,unavailable,,unavailable,,unavailable,,unavailable,,unavailable
P::J2555,2026-03-01,2026-03-01,MISO,J2555,30.094455852156056,4.61512051684126,battery,0,MI,,0,0.0,,,174.0,34393.09,0.0,0.0,44230.42,1202,238194.56,2.507871321013005,Phase 1,NRIS,100.0,26065,,,DELHI TO TOMPKINS 138KV,87.24554707379136,284637.0,0.0,,0,0,0,1,0,0.0,,2023-08-28,4.17,80990.37768817204,101013.0,-0.6408162377577172,0.0065300658450057865,-603.8938172043011,3.83,0.33999999999999986,18.19049822562721,METC,167.0,33466.87,0.024691358024691357,0.45987654320987653,,,,,,,,,unavailable,unavailable,,unavailable,,unavailable,,unavailable,,unavailable,,unavailable,,unavailable,,unavailable,,unavailable,,unavailable,,unavailable,,unavailable,,unavailable,,unavailable,,unavailable,,unavailable,,unavailable,,unavailable,,unavailable,,unavailable,,unavailable,,unavailable,,unavailable,,unavailable
P::J2556,2026-03-01,2026-03-01,MISO,J2556,41.52772073921971,5.707110264748875,solar,0,IL,,0,0.0,,2.1656399726214923,187.0,35150.11,1.0,80.0,62349.18,1202,238194.56,3.460643394934976,Phase 1,NRIS,300.0,17195,,,SUB 39 CORDOVA 345 0KV,65.80788804071247,54498.0,0.0,,0,0,0,1,1,80.0,,2022-09-26,4.17,80990.37768817204,101013.0,-0.6408162377577172,0.0065300658450057865,-603.8938172043011,2.83,1.3399999999999999,18.19049822562721,MIDAMERICAN ENERGY,45.0,8895.24,0.18652849740932642,0.5803108808290155,,,,,,,,,unavailable,unavailable,,unavailable,,unavailable,,unavailable,,unavailable,,unavailable,,unavailable,,unavailable,,unavailable,,unavailable,,unavailable,,unavailable,,unavailable,,unavailable,,unavailable,,unavailable,,unavailable,,unavailable,,unavailable,,unavailable,,unavailable,,unavailable,,unavailable,,unavailable
P::J2559,2026-03-01,2026-03-01,MISO,J2559,41.52772073921971,5.303304908059076,solar,0,WI,,0,0.0,,2.1656399726214923,67.0,13992.460000000001,0.0,0.0,62449.18,1202,238194.56,3.460643394934976,Phase 1,ERIS,200.0,55141,,,ARPIN,75.89058524173028,73939.0,0.0,,0,0,0,,0,0.0,,2022-09-23,4.17,80990.37768817204,101013.0,-0.6408162377577172,0.0065300658450057865,-603.8938172043011,2.83,1.3399999999999999,18.19049822562721,AMERICAN TRANSMISSION,110.0,22126.63,0.09090909090909091,0.6181818181818182,,,,,,,,,unavailable,unavailable,,unavailable,,unavailable,,unavailable,,unavailable,,unavailable,,unavailable,,unavailable,,unavailable,,unavailable,,unavailable,,unavailable,,unavailable,,unavailable,,unavailable,,unavailable,,unavailable,,unavailable,,unavailable,,unavailable,,unavailable,,unavailable,,unavailable,,unavailable
P::J2561,2026-03-01,2026-03-01,MISO,J2561,41.49486652977413,5.0369526024136295,solar,0,MN,,0,0.0,,2.1656399726214923,98.0,18248.9,1.0,75.0,62496.18,1202,238194.56,3.457905544147844,Phase 1,NRIS,153.0,27173,,,HAZEL CREEK,29.961832061068705,9467.0,1.0,,0,0,0,,1,75.0,,2022-09-27,4.17,80990.37768817204,101013.0,-0.6408162377577172,0.0065300658450057865,-603.8938172043011,2.83,1.3399999999999999,18.19049822562721,NORTHERN STATES POWER,72.0,15117.65,0.006134969325153374,0.5460122699386503,,,,,,,,,unavailable,unavailable,,unavailable,,unavailable,,unavailable,,unavailable,,unavailable,,unavailable,,unavailable,,unavailable,,unavailable,,unavailable,,unavailable,,unavailable,,unavailable,,unavailable,,unavailable,,unavailable,,unavailable,,unavailable,,unavailable,,unavailable,,unavailable,,unavailable,,unavailable
P::J2563,2026-03-01,2026-03-01,MISO,J2563,41.49486652977413,5.303304908059076,wind_onshore,0,MN,,0,0.0,,,98.0,18201.9,0.0,0.0,26981.11,1202,238194.56,3.457905544147844,Phase 1,NRIS,200.0,27033,,,CRANDAL,27.70356234096692,11319.0,1.0,,0,0,0,,0,0.0,,2022-10-06,4.17,80990.37768817204,101013.0,-0.6408162377577172,0.0065300658450057865,-603.8938172043011,3.41,0.7599999999999998,18.19049822562721,NORTHERN STATES POWER,72.0,15117.65,0.006134969325153374,0.5460122699386503,,,,,,,,,unavailable,unavailable,,unavailable,,unavailable,,unavailable,,unavailable,,unavailable,,unavailable,,unavailable,,unavailable,,unavailable,,unavailable,,unavailable,,unavailable,,unavailable,,unavailable,,unavailable,,unavailable,,unavailable,,unavailable,,unavailable,,unavailable,,unavailable,,unavailable,,unavailable
P::J2565,2026-03-01,2026-03-01,MISO,J2565,41.52772073921971,5.583496308781699,solar,0,IL,,0,0.0,,,187.0,35185.11,1.0,133.0,62384.18,1202,238194.56,3.460643394934976,Phase 2,NRIS,265.0,17075,,,4GILMAN 4PAXTON E 138KV,73.95038167938931,26136.0,1.0,,0,0,0,1,1,133.0,,2022-10-12,4.17,80990.37768817204,101013.0,-0.6408162377577172,0.0065300658450057865,-603.8938172043011,3.41,0.7599999999999998,18.19049822562721,AMEREN ILLINOIS,221.0,41217.38,0.07429718875502007,0.4779116465863454,,,,,,,,,unavailable,unavailable,,unavailable,,unavailable,,unavailable,,unavailable,,unavailable,,unavailable,,unavailable,,unavailable,,unavailable,,unavailable,,unavailable,,unavailable,,unavailable,,unavailable,,unavailable,,unavailable,,unavailable,,unavailable,,unavailable,,unavailable,,unavailable,,unavailable,,unavailable
P::J2566,2026-03-01,2026-03-01,MISO,J2566,41.52772073921971,5.303304908059076,solar,0,IN,,0,0.0,,,89.0,18491.7,3.0,440.0,62449.18,1202,238194.56,3.460643394934976,Phase 2,NRIS,200.0,18027,,,GIBSON STA BEDFORD 345 345 0KV,58.81043256997456,33656.0,1.0,,0,0,0,1,3,440.0,,2022-12-07,4.17,80990.37768817204,101013.0,-0.6408162377577172,0.0065300658450057865,-603.8938172043011,4.22,-0.04999999999999982,18.19049822562721,DUKE ENERGY INDIANA,58.0,11347.82,0.004608294930875576,0.728110599078341,,,,,,,,,unavailable,unavailable,,unavailable,,unavailable,,unavailable,,unavailable,,unavailable,,unavailable,,unavailable,,unavailable,,unavailable,,unavailable,,unavailable,,unavailable,,unavailable,,unavailable,,unavailable,,unavailable,,unavailable,,unavailable,,unavailable,,unavailable,,unavailable,,unavailable,,unavailable
P::J2567,2026-03-01,2026-03-01,MISO,J2567,41.49486652977413,5.484796933490655,battery,0,MI,,0,0.0,,,174.0,34253.09,1.0,220.0,44090.42,1202,238194.56,3.457905544147844,Phase 1,NRIS,240.0,26145,,,KENOWA LUDINGTON 345 0KV,88.54961832061069,187782.0,0.0,,0,0,0,1,1,220.0,,2022-09-29,4.17,80990.37768817204,101013.0,-0.6408162377577172,0.0065300658450057865,-603.8938172043011,2.83,1.3399999999999999,18.19049822562721,METC,167.0,33466.87,0.024691358024691357,0.45987654320987653,,,,,,,,,unavailable,unavailable,,unavailable,,unavailable,,unavailable,,unavailable,,unavailable,,unavailable,,unavailable,,unavailable,,unavailable,,unavailable,,unavailable,,unavailable,,unavailable,,unavailable,,unavailable,,unavailable,,unavailable,,unavailable,,unavailable,,unavailable,,unavailable,,unavailable,,unavailable
P::J2571,2026-03-01,2026-03-01,MISO,J2571,41.49486652977413,5.17953383055807,wind_onshore,0,MS,,0,0.0,,1.163586584531143,32.0,4805.0,0.0,0.0,27004.510000000002,1202,238194.56,3.457905544147844,Phase 1,NRIS,176.6,28143,,,J866 SIX MILE LAKE SUBSTATION,36.25954198473282,9234.0,1.0,,0,0,0,,0,0.0,,2022-10-10,4.17,80990.37768817204,101013.0,-0.6408162377577172,0.0065300658450057865,-603.8938172043011,3.41,0.7599999999999998,18.19049822562721,ENTERGY MISSISSIPPI,51.0,10735.3,0.006172839506172839,0.6790123456790124,,,,,,,,,unavailable,unavailable,,unavailable,,unavailable,,unavailable,,unavailable,,unavailable,,unavailable,,unavailable,,unavailable,,unavailable,,unavailable,,unavailable,,unavailable,,unavailable,,unavailable,,unavailable,,unavailable,,unavailable,,unavailable,,unavailable,,unavailable,,unavailable,,unavailable,,unavailable
P::J2572,2026-03-01,2026-03-01,MISO,J2572,41.49486652977413,5.303304908059076,battery,0,IN,,0,0.0,,,89.0,18491.7,0.0,0.0,44130.42,1202,238194.56,3.457905544147844,Phase 2,NRIS,200.0,18057,,,NOBLESVILLE DUKE HORTONVILLE DUKE 345 0KV,88.80407124681933,371645.0,0.0,,0,0,0,,0,0.0,,2022-09-15,4.17,80990.37768817204,101013.0,-0.6408162377577172,0.0065300658450057865,-603.8938172043011,2.83,1.3399999999999999,18.19049822562721,INDIANAPOLIS POWER LIGHT,9.0,2448.8199999999997,0.14814814814814814,0.5185185185185185,,,,,,,,,unavailable,unavailable,,unavailable,,unavailable,,unavailable,,unavailable,,unavailable,,unavailable,,unavailable,,unavailable,,unavailable,,unavailable,,unavailable,,unavailable,,unavailable,,unavailable,,unavailable,,unavailable,,unavailable,,unavailable,,unavailable,,unavailable,,unavailable,,unavailable,,unavailable
P::J2575,2026-03-01,2026-03-01,MISO,J2575,41.49486652977413,5.293304824724492,battery,0,IL,,0,0.0,,,187.0,35252.11,0.0,0.0,44132.42,1202,238194.56,3.457905544147844,Phase 2,NRIS,198.0,17179,,,CINCINNATI 138KV SUBSTATION,84.19211195928753,129541.0,0.0,,0,0,0,1,0,0.0,,2022-09-15,4.17,80990.37768817204,101013.0,-0.6408162377577172,0.0065300658450057865,-603.8938172043011,2.83,1.3399999999999999,18.19049822562721,AMEREN ILLINOIS,221.0,41217.38,0.07429718875502007,0.4779116465863454,,,,,,,,,unavailable,unavailable,,unavailable,,unavailable,,unavailable,,unavailable,,unavailable,,unavailable,,unavailable,,unavailable,,unavailable,,unavailable,,unavailable,,unavailable,,unavailable,,unavailable,,unavailable,,unavailable,,unavailable,,unavailable,,unavailable,,unavailable,,unavailable,,unavailable,,unavailable
P::J2576,2026-03-01,2026-03-01,MISO,J2576,41.49486652977413,5.1065513509260825,wind_onshore,0,IA,,0,0.0,,1.163586584531143,71.0,14465.44,0.0,0.0,27017.010000000002,1202,238194.56,3.457905544147844,Phase 1,NRIS,164.1,19087,,,DENMARK NEWPORT 161KV,30.852417302798983,19547.0,1.0,,0,0,0,,0,0.0,,2022-10-06,4.17,80990.37768817204,101013.0,-0.6408162377577172,0.0065300658450057865,-603.8938172043011,3.41,0.7599999999999998,18.19049822562721,ITC MIDWEST,87.0,14086.3,0.18114143920595532,0.6029776674937966,,,,,,,,,unavailable,unavailable,,unavailable,,unavailable,,unavailable,,unavailable,,unavailable,,unavailable,,unavailable,,unavailable,,unavailable,,unavailable,,unavailable,,unavailable,,unavailable,,unavailable,,unavailable,,unavailable,,unavailable,,unavailable,,unavailable,,unavailable,,unavailable,,unavailable,,unavailable
P::J2577,2026-03-01,2026-03-01,MISO,J2577,41.49486652977413,5.303304908059076,wind_onshore,0,AR,,0,0.0,,0.16427104722792607,74.0,18297.1,0.0,0.0,26981.11,1202,238194.56,3.457905544147844,Phase 1,NRIS,200.0,05037,,,PARKIN,64.91730279898219,16420.0,1.0,,0,0,0,1,0,0.0,,2022-10-08,4.17,80990.37768817204,101013.0,-0.6408162377577172,0.0065300658450057865,-603.8938172043011,3.41,0.7599999999999998,18.19049822562721,ENTERGY ARKANSAS,118.0,29185.92,0.011661807580174927,0.641399416909621,,,,,,,,,unavailable,unavailable,,unavailable,,unavailable,,unavailable,,unavailable,,unavailable,,unavailable,,unavailable,,unavailable,,unavailable,,unavailable,,unavailable,,unavailable,,unavailable,,unavailable,,unavailable,,unavailable,,unavailable,,unavailable,,unavailable,,unavailable,,unavailable,,unavailable,,unavailable
P::J2578,2026-03-01,2026-03-01,MISO,J2578,41.5605749486653,5.198497031265826,solar,0,MI,,0,0.0,,0.16427104722792607,174.0,34313.09,1.0,160.0,62469.18,1202,238194.56,3.463381245722108,Phase 1,NRIS,180.0,26157,,,KARN THETFORD ATLANTA 138 0KV,73.05979643765903,52826.0,0.0,,0,0,0,1,1,160.0,,2022-10-14,4.17,80990.37768817204,101013.0,-0.6408162377577172,0.0065300658450057865,-603.8938172043011,3.41,0.7599999999999998,18.19049822562721,METC,167.0,33466.87,0.024691358024691357,0.45987654320987653,,,,,,,,,unavailable,unavailable,,unavailable,,unavailable,,unavailable,,unavailable,,unavailable,,unavailable,,unavailable,,unavailable,,unavailable,,unavailable,,unavailable,,unavailable,,unavailable,,unavailable,,unavailable,,unavailable,,unavailable,,unavailable,,unavailable,,unavailable,,unavailable,,unavailable,,unavailable
P::J2581,2026-03-01,2026-03-01,MISO,J2581,41.49486652977413,5.5254529391317835,battery,0,IN,,0,0.0,,,89.0,18441.7,0.0,0.0,44080.42,1202,238194.56,3.457905544147844,Phase 2,NRIS,250.0,18137,,,BATESVILLE 138KV SUBSTATION,46.78753180661578,29227.0,1.0,,0,0,0,,0,0.0,,2022-10-12,4.17,80990.37768817204,101013.0,-0.6408162377577172,0.0065300658450057865,-603.8938172043011,3.41,0.7599999999999998,18.19049822562721,DUKE ENERGY INDIANA,58.0,11347.82,0.004608294930875576,0.728110599078341,,,,,,,,,unavailable,unavailable,,unavailable,,unavailable,,unavailable,,unavailable,,unavailable,,unavailable,,unavailable,,unavailable,,unavailable,,unavailable,,unavailable,,unavailable,,unavailable,,unavailable,,unavailable,,unavailable,,unavailable,,unavailable,,unavailable,,unavailable,,unavailable,,unavailable,,unavailable
P::J2586,2026-03-01,2026-03-01,MISO,J2586,41.49486652977413,5.303304908059076,battery,0,IN,,0,0.0,,,89.0,18491.7,0.0,0.0,44130.42,1202,238194.56,3.457905544147844,Phase 2,NRIS,200.0,18019,,,SPEED 345,81.36132315521628,125467.0,0.0,,0,0,0,,0,0.0,,2022-10-14,4.17,80990.37768817204,101013.0,-0.6408162377577172,0.0065300658450057865,-603.8938172043011,3.41,0.7599999999999998,18.19049822562721,DUKE ENERGY INDIANA,58.0,11347.82,0.004608294930875576,0.728110599078341,,,,,,,,,unavailable,unavailable,,unavailable,,unavailable,,unavailable,,unavailable,,unavailable,,unavailable,,unavailable,,unavailable,,unavailable,,unavailable,,unavailable,,unavailable,,unavailable,,unavailable,,unavailable,,unavailable,,unavailable,,unavailable,,unavailable,,unavailable,,unavailable,,unavailable,,unavailable
P::J2587,2026-03-01,2026-03-01,MISO,J2587,41.49486652977413,5.303304908059076,battery,0,IL,,0,0.0,,,187.0,35250.11,1.0,1540.0,44130.42,1202,238194.56,3.457905544147844,Phase 2,NRIS,200.0,17081,,,SUGAR CREEK CAYUGA CT 345 0KV,77.2264631043257,36320.0,1.0,,0,0,0,1,1,1540.0,,2022-10-14,4.17,80990.37768817204,101013.0,-0.6408162377577172,0.0065300658450057865,-603.8938172043011,3.41,0.7599999999999998,18.19049822562721,DUKE ENERGY INDIANA,58.0,11347.82,0.004608294930875576,0.728110599078341,,,,,,,,,unavailable,unavailable,,unavailable,,unavailable,,unavailable,,unavailable,,unavailable,,unavailable,,unavailable,,unavailable,,unavailable,,unavailable,,unavailable,,unavailable,,unavailable,,unavailable,,unavailable,,unavailable,,unavailable,,unavailable,,unavailable,,unavailable,,unavailable,,unavailable,,unavailable
P::J2588,2026-03-01,2026-03-01,MISO,J2588,41.49486652977413,4.795790545596741,battery,0,MI,,0,0.0,,,174.0,34373.09,1.0,150.0,44210.42,1202,238194.56,3.457905544147844,Phase 1,NRIS,120.0,26075,,,TOMPKINS VROOMAN 138 0KV,76.46310432569975,159424.0,0.0,,0,0,0,1,1,150.0,,2022-10-14,4.17,80990.37768817204,101013.0,-0.6408162377577172,0.0065300658450057865,-603.8938172043011,3.41,0.7599999999999998,18.19049822562721,METC,167.0,33466.87,0.024691358024691357,0.45987654320987653,,,,,,,,,unavailable,unavailable,,unavailable,,unavailable,,unavailable,,unavailable,,unavailable,,unavailable,,unavailable,,unavailable,,unavailable,,unavailable,,unavailable,,unavailable,,unavailable,,unavailable,,unavailable,,unavailable,,unavailable,,unavailable,,unavailable,,unavailable,,unavailable,,unavailable,,unavailable
P::J2589,2026-03-01,2026-03-01,MISO,J2589,41.49486652977413,5.017279836814924,battery,0,MI,,0,0.0,,,174.0,34343.09,1.0,120.0,44180.42,1202,238194.56,3.457905544147844,Phase 1,NRIS,150.0,26045,,,TOMPKINS VROOMAN 138 0KV,67.6208651399491,108820.0,0.0,,0,0,0,1,1,120.0,,2022-10-14,4.17,80990.37768817204,101013.0,-0.6408162377577172,0.0065300658450057865,-603.8938172043011,3.41,0.7599999999999998,18.19049822562721,METC,167.0,33466.87,0.024691358024691357,0.45987654320987653,,,,,,,,,unavailable,unavailable,,unavailable,,unavailable,,unavailable,,unavailable,,unavailable,,unavailable,,unavailable,,unavailable,,unavailable,,unavailable,,unavailable,,unavailable,,unavailable,,unavailable,,unavailable,,unavailable,,unavailable,,unavailable,,unavailable,,unavailable,,unavailable,,unavailable,,unavailable
P::J2590,2026-03-01,2026-03-01,MISO,J2590,41.49486652977413,6.2166061010848646,battery,0,MI,,0,0.0,,,174.0,33993.09,0.0,0.0,43830.42,1202,238194.56,3.457905544147844,Phase 1,NRIS,500.0,26063,,,STEIN RAPSON 345KV LINE,59.03307888040712,30927.0,1.0,,0,0,0,1,0,0.0,,2022-10-14,4.17,80990.37768817204,101013.0,-0.6408162377577172,0.0065300658450057865,-603.8938172043011,3.41,0.7599999999999998,18.19049822562721,ITC,83.0,19624.149999999998,0.0,0.27586206896551724,,,,,,,,,unavailable,unavailable,,unavailable,,unavailable,,unavailable,,unavailable,,unavailable,,unavailable,,unavailable,,unavailable,,unavailable,,unavailable,,unavailable,,unavailable,,unavailable,,unavailable,,unavailable,,unavailable,,unavailable,,unavailable,,unavailable,,unavailable,,unavailable,,unavailable,,unavailable
P::J2599,2026-03-01,2026-03-01,MISO,J2599,41.49486652977413,5.37989735354046,solar,0,MN,,0,0.0,,,98.0,18185.9,0.0,0.0,62433.18,1202,238194.56,3.457905544147844,Phase 1,NRIS,216.0,27127,,,LYON COUNTY 345KV SUBSTATION,35.05089058524173,15288.0,1.0,,0,0,0,,0,0.0,,2022-09-23,4.17,80990.37768817204,101013.0,-0.6408162377577172,0.0065300658450057865,-603.8938172043011,2.83,1.3399999999999999,18.19049822562721,NORTHERN STATES POWER,72.0,15117.65,0.006134969325153374,0.5460122699386503,,,,,,,,,unavailable,unavailable,,unavailable,,unavailable,,unavailable,,unavailable,,unavailable,,unavailable,,unavailable,,unavailable,,unavailable,,unavailable,,unavailable,,unavailable,,unavailable,,unavailable,,unavailable,,unavailable,,unavailable,,unavailable,,unavailable,,unavailable,,unavailable,,unavailable,,unavailable
P::J2601,2026-03-01,2026-03-01,MISO,J2601,41.49486652977413,5.303304908059076,battery,0,MN,,0,0.0,,,98.0,18201.9,0.0,0.0,44130.42,1202,238194.56,3.457905544147844,Phase 1,NRIS,200.0,27157,,,NORTH ROCHESTER BRIGGS ROAD 345 0KV,45.5470737913486,21683.0,1.0,,0,0,0,1,0,0.0,,2022-10-07,4.17,80990.37768817204,101013.0,-0.6408162377577172,0.0065300658450057865,-603.8938172043011,3.41,0.7599999999999998,18.19049822562721,NORTHERN STATES POWER,72.0,15117.65,0.006134969325153374,0.5460122699386503,,,,,,,,,unavailable,unavailable,,unavailable,,unavailable,,unavailable,,unavailable,,unavailable,,unavailable,,unavailable,,unavailable,,unavailable,,unavailable,,unavailable,,unavailable,,unavailable,,unavailable,,unavailable,,unavailable,,unavailable,,unavailable,,unavailable,,unavailable,,unavailable,,unavailable,,unavailable
P::J2603,2026-03-01,2026-03-01,MISO,J2603,41.49486652977413,5.771441123130016,solar,0,IL,,0,0.0,,,187.0,35130.11,0.0,0.0,62329.18,1202,238194.56,3.457905544147844,Phase 2,NRIS,320.0,17125,,,4PURO 4HAVANA3 138 0KV,43.034351145038165,12523.0,1.0,,0,0,0,1,0,0.0,,2022-11-03,4.17,80990.37768817204,101013.0,-0.6408162377577172,0.0065300658450057865,-603.8938172043011,3.41,0.7599999999999998,18.19049822562721,AMEREN ILLINOIS,221.0,41217.38,0.07429718875502007,0.4779116465863454,,,,,,,,,unavailable,unavailable,,unavailable,,unavailable,,unavailable,,unavailable,,unavailable,,unavailable,,unavailable,,unavailable,,unavailable,,unavailable,,unavailable,,unavailable,,unavailable,,unavailable,,unavailable,,unavailable,,unavailable,,unavailable,,unavailable,,unavailable,,unavailable,,unavailable,,unavailable
P::J2607,2026-03-01,2026-03-01,MISO,J2607,41.49486652977413,5.303304908059076,battery,0,IL,,0,0.0,,,187.0,35250.11,0.0,0.0,44130.42,1202,238194.56,3.457905544147844,Phase 2,NRIS,200.0,17135,,,REDHAWK 138KV MTEP PROJECT 17976,65.39440203562341,27663.0,1.0,,0,0,0,1,0,0.0,,2022-11-01,4.17,80990.37768817204,101013.0,-0.6408162377577172,0.0065300658450057865,-603.8938172043011,3.41,0.7599999999999998,18.19049822562721,AMEREN ILLINOIS,221.0,41217.38,0.07429718875502007,0.4779116465863454,,,,,,,,,unavailable,unavailable,,unavailable,,unavailable,,unavailable,,unavailable,,unavailable,,unavailable,,unavailable,,unavailable,,unavailable,,unavailable,,unavailable,,unavailable,,unavailable,,unavailable,,unavailable,,unavailable,,unavailable,,unavailable,,unavailable,,unavailable,,unavailable,,unavailable,,unavailable
P::J2608,2026-03-01,2026-03-01,MISO,J2608,41.52772073921971,5.081404364984463,solar,0,MN,,0,0.0,,,98.0,18241.9,0.0,0.0,62489.18,1202,238194.56,3.460643394934976,Phase 1,NRIS,160.0,27149,,,HANCOCK 115KV SUBSTATION,7.029262086513994,9728.0,1.0,,0,0,0,,0,0.0,,2022-10-14,4.17,80990.37768817204,101013.0,-0.6408162377577172,0.0065300658450057865,-603.8938172043011,3.41,0.7599999999999998,18.19049822562721,GREAT RIVER ENERGY,25.0,5005.92,0.11940298507462686,0.6940298507462687,,,,,,,,,unavailable,unavailable,,unavailable,,unavailable,,unavailable,,unavailable,,unavailable,,unavailable,,unavailable,,unavailable,,unavailable,,unavailable,,unavailable,,unavailable,,unavailable,,unavailable,,unavailable,,unavailable,,unavailable,,unavailable,,unavailable,,unavailable,,unavailable,,unavailable,,unavailable
P::J2609,2026-03-01,2026-03-01,MISO,J2609,41.5605749486653,4.394449154672439,solar,0,WI,,0,0.0,,,67.0,14112.460000000001,1.0,100.0,62569.18,1202,238194.56,3.463381245722108,Phase 1,NRIS,80.0,55137,,,SAND LAKE,43.25699745547074,24934.0,1.0,,0,0,0,,1,100.0,,2022-10-14,4.17,80990.37768817204,101013.0,-0.6408162377577172,0.0065300658450057865,-603.8938172043011,3.41,0.7599999999999998,18.19049822562721,AMERICAN TRANSMISSION,110.0,22126.63,0.09090909090909091,0.6181818181818182,,,,,,,,,unavailable,unavailable,,unavailable,,unavailable,,unavailable,,unavailable,,unavailable,,unavailable,,unavailable,,unavailable,,unavailable,,unavailable,,unavailable,,unavailable,,unavailable,,unavailable,,unavailable,,unavailable,,unavailable,,unavailable,,unavailable,,unavailable,,unavailable,,unavailable,,unavailable
P::J2611,2026-03-01,2026-03-01,MISO,J2611,41.52772073921971,5.375278407684165,solar,0,MI,,0,0.0,,,174.0,34278.09,1.0,120.0,62434.18,1202,238194.56,3.460643394934976,Phase 1,NRIS,215.0,26001,,,IOSCO SPRUCE ROAD 138 0KV,17.748091603053435,10489.0,1.0,,0,0,0,1,1,120.0,,2022-10-14,4.17,80990.37768817204,101013.0,-0.6408162377577172,0.0065300658450057865,-603.8938172043011,3.41,0.7599999999999998,18.19049822562721,METC,167.0,33466.87,0.024691358024691357,0.45987654320987653,,,,,,,,,unavailable,unavailable,,unavailable,,unavailable,,unavailable,,unavailable,,unavailable,,unavailable,,unavailable,,unavailable,,unavailable,,unavailable,,unavailable,,unavailable,,unavailable,,unavailable,,unavailable,,unavailable,,unavailable,,unavailable,,unavailable,,unavailable,,unavailable,,unavailable,,unavailable
P::J2613,2026-03-01,2026-03-01,MISO,J2613,41.49486652977413,5.707110264748875,wind_onshore,0,AR,,0,0.0,,,74.0,18197.1,0.0,0.0,26881.11,1202,238194.56,3.457905544147844,Phase 1,NRIS,300.0,05067,,,HOLLAND BOTTOM INDEPENDENCE ISES 500 0KV,67.84351145038168,16784.0,1.0,,0,0,0,1,0,0.0,,2022-10-14,4.17,80990.37768817204,101013.0,-0.6408162377577172,0.0065300658450057865,-603.8938172043011,3.41,0.7599999999999998,18.19049822562721,ENTERGY ARKANSAS,118.0,29185.92,0.011661807580174927,0.641399416909621,,,,,,,,,unavailable,unavailable,,unavailable,,unavailable,,unavailable,,unavailable,,unavailable,,unavailable,,unavailable,,unavailable,,unavailable,,unavailable,,unavailable,,unavailable,,unavailable,,unavailable,,unavailable,,unavailable,,unavailable,,unavailable,,unavailable,,unavailable,,unavailable,,unavailable,,unavailable
P::J2614,2026-03-01,2026-03-01,MISO,J2614,41.49486652977413,5.303304908059076,wind_onshore,0,IL,,0,0.0,,,187.0,35250.11,0.0,0.0,26981.11,1202,238194.56,3.457905544147844,Phase 2,NRIS,200.0,17073,,,MERCER 161KV,57.09287531806616,48448.0,1.0,,0,0,0,,0,0.0,,2022-10-12,4.17,80990.37768817204,101013.0,-0.6408162377577172,0.0065300658450057865,-603.8938172043011,3.41,0.7599999999999998,18.19049822562721,AMEREN ILLINOIS,221.0,41217.38,0.07429718875502007,0.4779116465863454,,,,,,,,,unavailable,unavailable,,unavailable,,unavailable,,unavailable,,unavailable,,unavailable,,unavailable,,unavailable,,unavailable,,unavailable,,unavailable,,unavailable,,unavailable,,unavailable,,unavailable,,unavailable,,unavailable,,unavailable,,unavailable,,unavailable,,unavailable,,unavailable,,unavailable,,unavailable
P::J2618,2026-03-01,2026-03-01,MISO,J2618,41.49486652977413,4.61512051684126,battery,0,MI,,0,0.0,,,174.0,34393.09,0.0,0.0,44230.42,1202,238194.56,3.457905544147844,Phase 1,NRIS,100.0,26099,,,LENOX 120KV,96.66030534351145,875101.0,0.0,,0,0,0,,0,0.0,,2022-10-07,4.17,80990.37768817204,101013.0,-0.6408162377577172,0.0065300658450057865,-603.8938172043011,3.41,0.7599999999999998,18.19049822562721,ITC,83.0,19624.149999999998,0.0,0.27586206896551724,,,,,,,,,unavailable,unavailable,,unavailable,,unavailable,,unavailable,,unavailable,,unavailable,,unavailable,,unavailable,,unavailable,,unavailable,,unavailable,,unavailable,,unavailable,,unavailable,,unavailable,,unavailable,,unavailable,,unavailable,,unavailable,,unavailable,,unavailable,,unavailable,,unavailable,,unavailable
P::J2619,2026-03-01,2026-03-01,MISO,J2619,41.49486652977413,4.948759890378168,other,0,MI,,0,0.0,,,174.0,34353.09,0.0,0.0,19823.7,1202,238194.56,3.457905544147844,Phase 1,NRIS,140.0,26117,,,KENOWA TO NELSON RD 345KV,56.87022900763359,68154.0,0.0,,0,0,0,,0,0.0,,2022-09-15,4.17,80990.37768817204,101013.0,-0.6408162377577172,0.0065300658450057865,-603.8938172043011,2.83,1.3399999999999999,18.19049822562721,METC,167.0,33466.87,0.024691358024691357,0.45987654320987653,,,,,,,,,unavailable,unavailable,,unavailable,,unavailable,,unavailable,,unavailable,,unavailable,,unavailable,,unavailable,,unavailable,,unavailable,,unavailable,,unavailable,,unavailable,,unavailable,,unavailable,,unavailable,,unavailable,,unavailable,,unavailable,,unavailable,,unavailable,,unavailable,,unavailable,,unavailable
P::J2628,2026-03-01,2026-03-01,MISO,J2628,41.49486652977413,5.5254529391317835,battery,0,MI,,0,0.0,,,174.0,34243.09,2.0,250.0,44080.42,1202,238194.56,3.457905544147844,Phase 1,NRIS,250.0,26063,,,RAPSON,59.03307888040712,30927.0,1.0,,0,0,0,1,2,250.0,,2022-09-26,4.17,80990.37768817204,101013.0,-0.6408162377577172,0.0065300658450057865,-603.8938172043011,2.83,1.3399999999999999,18.19049822562721,ITC,83.0,19624.149999999998,0.0,0.27586206896551724,,,,,,,,,unavailable,unavailable,,unavailable,,unavailable,,unavailable,,unavailable,,unavailable,,unavailable,,unavailable,,unavailable,,unavailable,,unavailable,,unavailable,,unavailable,,unavailable,,unavailable,,unavailable,,unavailable,,unavailable,,unavailable,,unavailable,,unavailable,,unavailable,,unavailable,,unavailable
P::J2629,2026-03-01,2026-03-01,MISO,J2629,41.52772073921971,5.170483995038151,solar,0,TX,,0,0.0,,,12.0,2860.3,0.0,0.0,62474.18,1202,238194.56,3.460643394934976,Phase 1,NRIS,175.0,48351,,,LEACH TO NEWTON BULK 138KV LINE,27.16284987277354,12039.0,1.0,,0,0,0,1,0,0.0,,2022-10-06,4.17,80990.37768817204,101013.0,-0.6408162377577172,0.0065300658450057865,-603.8938172043011,3.41,0.7599999999999998,18.19049822562721,ENTERGY TEXAS,20.0,5378.0,0.029850746268656716,0.6716417910447762,,,,,,,,,unavailable,unavailable,,unavailable,,unavailable,,unavailable,,unavailable,,unavailable,,unavailable,,unavailable,,unavailable,,unavailable,,unavailable,,unavailable,,unavailable,,unavailable,,unavailable,,unavailable,,unavailable,,unavailable,,unavailable,,unavailable,,unavailable,,unavailable,,unavailable,,unavailable
P::J2634,2026-03-01,2026-03-01,MISO,J2634,41.59342915811088,4.6709579265260945,solar,0,AR,,0,0.0,,0.16427104722792607,74.0,18391.3,0.0,0.0,62543.38,1202,238194.56,3.46611909650924,Phase 1,NRIS,105.8,05103,,,CAMDEN MAGUIRE SMACKOVER 115 0KV,51.20865139949109,21793.0,1.0,,0,0,0,1,0,0.0,,2022-09-20,4.17,80990.37768817204,101013.0,-0.6408162377577172,0.0065300658450057865,-603.8938172043011,2.83,1.3399999999999999,18.19049822562721,ENTERGY ARKANSAS,118.0,29185.92,0.011661807580174927,0.641399416909621,,,,,,,,,unavailable,unavailable,,unavailable,,unavailable,,unavailable,,unavailable,,unavailable,,unavailable,,unavailable,,unavailable,,unavailable,,unavailable,,unavailable,,unavailable,,unavailable,,unavailable,,unavailable,,unavailable,,unavailable,,unavailable,,unavailable,,unavailable,,unavailable,,unavailable,,unavailable
P::J2639,2026-03-01,2026-03-01,MISO,J2639,41.69199178644764,4.6709579265260945,solar,0,AR,,0,0.0,,1.163586584531143,74.0,18391.3,0.0,0.0,62543.38,1202,238194.56,3.4743326488706368,Phase 1,NRIS,105.8,05011,,,AECC HERMITAGE SOUTH HILO 115 0KV,30.756997455470735,10104.0,1.0,,0,0,0,1,0,0.0,,2022-10-10,4.17,80990.37768817204,101013.0,-0.6408162377577172,0.0065300658450057865,-603.8938172043011,3.41,0.7599999999999998,18.19049822562721,ENTERGY ARKANSAS,118.0,29185.92,0.011661807580174927,0.641399416909621,,,,,,,,,unavailable,unavailable,,unavailable,,unavailable,,unavailable,,unavailable,,unavailable,,unavailable,,unavailable,,unavailable,,unavailable,,unavailable,,unavailable,,unavailable,,unavailable,,unavailable,,unavailable,,unavailable,,unavailable,,unavailable,,unavailable,,unavailable,,unavailable,,unavailable,,unavailable
P::J2641,2026-03-01,2026-03-01,MISO,J2641,41.49486652977413,5.303304908059076,wind_onshore,0,AR,,0,0.0,,,74.0,18297.1,0.0,0.0,26981.11,1202,238194.56,3.457905544147844,Phase 1,ERIS,200.0,05067,,,NEWPORT,67.84351145038168,16784.0,1.0,,0,0,0,1,0,0.0,,2022-10-14,4.17,80990.37768817204,101013.0,-0.6408162377577172,0.0065300658450057865,-603.8938172043011,3.41,0.7599999999999998,18.19049822562721,ENTERGY ARKANSAS,118.0,29185.92,0.011661807580174927,0.641399416909621,,,,,,,,,unavailable,unavailable,,unavailable,,unavailable,,unavailable,,unavailable,,unavailable,,unavailable,,unavailable,,unavailable,,unavailable,,unavailable,,unavailable,,unavailable,,unavailable,,unavailable,,unavailable,,unavailable,,unavailable,,unavailable,,unavailable,,unavailable,,unavailable,,unavailable,,unavailable
P::J2643,2026-03-01,2026-03-01,MISO,J2643,41.59342915811088,5.017279836814924,solar,0,LA,,0,0.0,,,59.0,13169.51,0.0,0.0,62499.18,1202,238194.56,3.46611909650924,Phase 1,ERIS,150.0,22117,,,BOGALUSA DEXTER SS CE 115 0KV,85.52798982188295,44865.0,1.0,,0,0,0,1,0,0.0,,2022-10-17,4.17,80990.37768817204,101013.0,-0.6408162377577172,0.0065300658450057865,-603.8938172043011,3.41,0.7599999999999998,18.19049822562721,ENTERGY LOUISIANA,85.0,23972.93,0.016,0.644,,,,,,,,,unavailable,unavailable,,unavailable,,unavailable,,unavailable,,unavailable,,unavailable,,unavailable,,unavailable,,unavailable,,unavailable,,unavailable,,unavailable,,unavailable,,unavailable,,unavailable,,unavailable,,unavailable,,unavailable,,unavailable,,unavailable,,unavailable,,unavailable,,unavailable,,unavailable
P::J2647,2026-03-01,2026-03-01,MISO,J2647,41.52772073921971,5.707110264748875,battery,0,IL,,0,0.0,,,187.0,35150.11,0.0,0.0,44030.42,1202,238194.56,3.460643394934976,Phase 2,NRIS,300.0,17055,,,WEST FRANKFORT EAST 345KV 7E W FKFT,80.94783715012723,37138.0,1.0,,0,0,0,1,0,0.0,,2022-10-17,4.17,80990.37768817204,101013.0,-0.6408162377577172,0.0065300658450057865,-603.8938172043011,3.41,0.7599999999999998,18.19049822562721,AMEREN ILLINOIS,221.0,41217.38,0.07429718875502007,0.4779116465863454,,,,,,,,,unavailable,unavailable,,unavailable,,unavailable,,unavailable,,unavailable,,unavailable,,unavailable,,unavailable,,unavailable,,unavailable,,unavailable,,unavailable,,unavailable,,unavailable,,unavailable,,unavailable,,unavailable,,unavailable,,unavailable,,unavailable,,unavailable,,unavailable,,unavailable,,unavailable
P::J2648,2026-03-01,2026-03-01,MISO,J2648,41.49486652977413,4.912654885736052,other,0,IL,,0,0.0,,,187.0,35315.11,0.0,0.0,19828.7,1202,238194.56,3.457905544147844,Phase 2,NRIS,135.0,17019,,,SIDNEY 138KV,90.45801526717557,205644.0,0.0,,0,0,0,1,0,0.0,,2022-10-17,4.17,80990.37768817204,101013.0,-0.6408162377577172,0.0065300658450057865,-603.8938172043011,3.41,0.7599999999999998,18.19049822562721,AMEREN ILLINOIS,221.0,41217.38,0.07429718875502007,0.4779116465863454,,,,,,,,,unavailable,unavailable,,unavailable,,unavailable,,unavailable,,unavailable,,unavailable,,unavailable,,unavailable,,unavailable,,unavailable,,unavailable,,unavailable,,unavailable,,unavailable,,unavailable,,unavailable,,unavailable,,unavailable,,unavailable,,unavailable,,unavailable,,unavailable,,unavailable,,unavailable
P::J2651,2026-03-01,2026-03-01,MISO,J2651,41.49486652977413,5.081404364984463,solar,0,LA,,0,0.0,,,59.0,13159.51,2.0,377.0,62489.18,1202,238194.56,3.457905544147844,Phase 1,NRIS,160.0,22033,,,MOLER COLFEL 230 0KV,97.96437659033079,448467.0,0.0,,0,0,0,,2,377.0,,2022-10-14,4.17,80990.37768817204,101013.0,-0.6408162377577172,0.0065300658450057865,-603.8938172043011,3.41,0.7599999999999998,18.19049822562721,ENTERGY LOUISIANA,85.0,23972.93,0.016,0.644,,,,,,,,,unavailable,unavailable,,unavailable,,unavailable,,unavailable,,unavailable,,unavailable,,unavailable,,unavailable,,unavailable,,unavailable,,unavailable,,unavailable,,unavailable,,unavailable,,unavailable,,unavailable,,unavailable,,unavailable,,unavailable,,unavailable,,unavailable,,unavailable,,unavailable,,unavailable
P::J2653,2026-03-01,2026-03-01,MISO,J2653,41.49486652977413,5.14166355650266,battery,0,IA,,0,0.0,,,71.0,14459.54,1.0,170.0,44160.42,1202,238194.56,3.457905544147844,Phase 1,NRIS,170.0,19153,,,ARMY POST 161KV SUBSTATION,91.98473282442748,505255.0,0.0,,0,0,0,,1,170.0,,2022-10-14,4.17,80990.37768817204,101013.0,-0.6408162377577172,0.0065300658450057865,-603.8938172043011,3.41,0.7599999999999998,18.19049822562721,MIDAMERICAN ENERGY,45.0,8895.24,0.18652849740932642,0.5803108808290155,,,,,,,,,unavailable,unavailable,,unavailable,,unavailable,,unavailable,,unavailable,,unavailable,,unavailable,,unavailable,,unavailable,,unavailable,,unavailable,,unavailable,,unavailable,,unavailable,,unavailable,,unavailable,,unavailable,,unavailable,,unavailable,,unavailable,,unavailable,,unavailable,,unavailable,,unavailable
P::J2654,2026-03-01,2026-03-01,MISO,J2654,41.52772073921971,5.198497031265826,wind_onshore,0,IN,,0,0.0,,2.1656399726214923,89.0,18511.7,0.0,0.0,27001.11,1202,238194.56,3.460643394934976,Phase 2,ERIS,180.0,18023,,,FRANKFORT NEW LONDON 230 0KV,30.53435114503817,32730.0,1.0,,0,0,0,,0,0.0,,2022-10-13,4.17,80990.37768817204,101013.0,-0.6408162377577172,0.0065300658450057865,-603.8938172043011,3.41,0.7599999999999998,18.19049822562721,DUKE ENERGY INDIANA,58.0,11347.82,0.004608294930875576,0.728110599078341,,,,,,,,,unavailable,unavailable,,unavailable,,unavailable,,unavailable,,unavailable,,unavailable,,unavailable,,unavailable,,unavailable,,unavailable,,unavailable,,unavailable,,unavailable,,unavailable,,unavailable,,unavailable,,unavailable,,unavailable,,unavailable,,unavailable,,unavailable,,unavailable,,unavailable,,unavailable
P::J2655,2026-03-01,2026-03-01,MISO,J2655,41.49486652977413,5.14166355650266,battery,0,IA,,0,0.0,,,71.0,14459.54,1.0,170.0,44160.42,1202,238194.56,3.457905544147844,Phase 1,NRIS,170.0,19153,,,ARMY POST 161KV SUBSTATION,91.98473282442748,505255.0,0.0,,0,0,0,,1,170.0,,2022-10-14,4.17,80990.37768817204,101013.0,-0.6408162377577172,0.0065300658450057865,-603.8938172043011,3.41,0.7599999999999998,18.19049822562721,MIDAMERICAN ENERGY,45.0,8895.24,0.18652849740932642,0.5803108808290155,,,,,,,,,unavailable,unavailable,,unavailable,,unavailable,,unavailable,,unavailable,,unavailable,,unavailable,,unavailable,,unavailable,,unavailable,,unavailable,,unavailable,,unavailable,,unavailable,,unavailable,,unavailable,,unavailable,,unavailable,,unavailable,,unavailable,,unavailable,,unavailable,,unavailable,,unavailable
P::J2656,2026-03-01,2026-03-01,MISO,J2656,41.49486652977413,0.0,unknown,0,,,0,-100.0,,0.0,99.0,32394.93,0.0,0.0,40623.36,1202,238194.56,3.457905544147844,,NRIS,0.0,17115,,,4LATHAM 4N DEC E 138KV,83.30152671755725,100591.0,0.0,,0,0,0,1,0,0.0,,2022-10-14,4.17,80990.37768817204,101013.0,-0.6408162377577172,0.0065300658450057865,-603.8938172043011,3.41,0.7599999999999998,18.19049822562721,AMEREN ILLINOIS,221.0,41217.38,0.07429718875502007,0.4779116465863454,,,,,,,,,unavailable,unavailable,,unavailable,,unavailable,,unavailable,,unavailable,,unavailable,,unavailable,,unavailable,,unavailable,,unavailable,,unavailable,,unavailable,,unavailable,,unavailable,,unavailable,,unavailable,,unavailable,,unavailable,,unavailable,,unavailable,,unavailable,,unavailable,,unavailable,,unavailable
P::J2657,2026-03-01,2026-03-01,MISO,J2657,41.49486652977413,4.9344739331306915,battery,0,IN,,0,0.0,,0.16427104722792607,89.0,18553.7,1.0,190.0,44192.42,1202,238194.56,3.457905544147844,Phase 2,NRIS,138.0,18181,,,REYNOLDS BURR OAK 345 0KV,38.51781170483461,24917.0,1.0,,0,0,0,,1,190.0,,2022-10-14,4.17,80990.37768817204,101013.0,-0.6408162377577172,0.0065300658450057865,-603.8938172043011,3.41,0.7599999999999998,18.19049822562721,NORTHERN INDIANA PUBLIC SERVICE,53.0,9697.23,0.09701492537313433,0.5074626865671642,,,,,,,,,unavailable,unavailable,,unavailable,,unavailable,,unavailable,,unavailable,,unavailable,,unavailable,,unavailable,,unavailable,,unavailable,,unavailable,,unavailable,,unavailable,,unavailable,,unavailable,,unavailable,,unavailable,,unavailable,,unavailable,,unavailable,,unavailable,,unavailable,,unavailable,,unavailable
P::J2659,2026-03-01,2026-03-01,MISO,J2659,4.1067761806981515,5.017279836814924,solar,0,IL,,0,0.0,,,187.0,35300.11,0.0,0.0,62499.18,1202,238194.56,0.34223134839151265,Phase 2,NRIS,150.0,17137,,,TURNER,71.11959287531806,32140.0,1.0,,0,0,0,1,0,0.0,,2022-09-15,4.17,80990.37768817204,101013.0,-0.6408162377577172,0.0065300658450057865,-603.8938172043011,2.83,1.3399999999999999,18.19049822562721,AMEREN TRANSMISSION OF ILLINOIS,38.0,9232.83,0.06578947368421052,0.4342105263157895,,,,,,,,,unavailable,unavailable,,unavailable,,unavailable,,unavailable,,unavailable,,unavailable,,unavailable,,unavailable,,unavailable,,unavailable,,unavailable,,unavailable,,unavailable,,unavailable,,unavailable,,unavailable,,unavailable,,unavailable,,unavailable,,unavailable,,unavailable,,unavailable,,unavailable,,unavailable
P::J2662,2026-03-01,2026-03-01,MISO,J2662,41.49486652977413,5.5254529391317835,solar,0,IL,,0,0.0,,0.16427104722792607,187.0,35200.11,3.0,625.0,62399.18,1202,238194.56,3.457905544147844,Phase 2,NRIS,250.0,17035,,,7CASEY 7NEWTON 345 0KV,25.858778625954198,10261.0,1.0,,0,0,0,1,3,625.0,,2022-09-28,4.17,80990.37768817204,101013.0,-0.6408162377577172,0.0065300658450057865,-603.8938172043011,2.83,1.3399999999999999,18.19049822562721,AMEREN ILLINOIS,221.0,41217.38,0.07429718875502007,0.4779116465863454,,,,,,,,,unavailable,unavailable,,unavailable,,unavailable,,unavailable,,unavailable,,unavailable,,unavailable,,unavailable,,unavailable,,unavailable,,unavailable,,unavailable,,unavailable,,unavailable,,unavailable,,unavailable,,unavailable,,unavailable,,unavailable,,unavailable,,unavailable,,unavailable,,unavailable,,unavailable
P::J2663,2026-03-01,2026-03-01,MISO,J2663,41.49486652977413,5.303304908059076,battery,0,IN,,0,0.0,,,89.0,18491.7,3.0,1125.0,44130.42,1202,238194.56,3.457905544147844,Phase 2,NRIS,200.0,18181,,,REYNOLDS BURR OAK 345KV LINE,38.51781170483461,24917.0,1.0,,0,0,0,,3,1125.0,,2022-09-15,4.17,80990.37768817204,101013.0,-0.6408162377577172,0.0065300658450057865,-603.8938172043011,2.83,1.3399999999999999,18.19049822562721,NORTHERN INDIANA PUBLIC SERVICE,53.0,9697.23,0.09701492537313433,0.5074626865671642,,,,,,,,,unavailable,unavailable,,unavailable,,unavailable,,unavailable,,unavailable,,unavailable,,unavailable,,unavailable,,unavailable,,unavailable,,unavailable,,unavailable,,unavailable,,unavailable,,unavailable,,unavailable,,unavailable,,unavailable,,unavailable,,unavailable,,unavailable,,unavailable,,unavailable,,unavailable
P::J2666,2026-03-01,2026-03-01,MISO,J2666,25.691991786447637,4.61512051684126,solar,0,WI,,0,0.0,,,67.0,14092.460000000001,0.0,0.0,62549.18,1202,238194.56,2.1409993155373033,Phase 1,NRIS,100.0,55127,,,BRICK CHURCH 138KV,74.77735368956743,105822.0,0.0,,0,0,0,,0,0.0,,2022-09-23,4.17,80990.37768817204,101013.0,-0.6408162377577172,0.0065300658450057865,-603.8938172043011,2.83,1.3399999999999999,18.19049822562721,AMERICAN TRANSMISSION,110.0,22126.63,0.09090909090909091,0.6181818181818182,,,,,,,,,unavailable,unavailable,,unavailable,,unavailable,,unavailable,,unavailable,,unavailable,,unavailable,,unavailable,,unavailable,,unavailable,,unavailable,,unavailable,,unavailable,,unavailable,,unavailable,,unavailable,,unavailable,,unavailable,,unavailable,,unavailable,,unavailable,,unavailable,,unavailable,,unavailable
P::J2672,2026-03-01,2026-03-01,MISO,J2672,41.52772073921971,4.795790545596741,solar,0,MI,,0,-40.0,,0.0,174.0,34373.09,0.0,0.0,62529.18,1202,238194.56,3.460643394934976,Phase 1,NRIS,120.0,26155,,,BINGHAM CORNELL 138 0KV,62.18193384223919,68025.0,0.0,,0,0,0,1,0,0.0,,2022-10-06,4.17,80990.37768817204,101013.0,-0.6408162377577172,0.0065300658450057865,-603.8938172043011,3.41,0.7599999999999998,18.19049822562721,METC,167.0,33466.87,0.024691358024691357,0.45987654320987653,,,,,,,,,unavailable,unavailable,,unavailable,,unavailable,,unavailable,,unavailable,,unavailable,,unavailable,,unavailable,,unavailable,,unavailable,,unavailable,,unavailable,,unavailable,,unavailable,,unavailable,,unavailable,,unavailable,,unavailable,,unavailable,,unavailable,,unavailable,,unavailable,,unavailable,,unavailable
P::J2679,2026-03-01,2026-03-01,MISO,J2679,41.52772073921971,4.61512051684126,solar,0,MI,,0,0.0,,2.1656399726214923,174.0,34393.09,0.0,0.0,62549.18,1202,238194.56,3.460643394934976,Phase 1,NRIS,100.0,26155,,,COLFAX TO MADRID 120KV,62.18193384223919,68025.0,0.0,,0,0,0,1,0,0.0,,2022-10-06,4.17,80990.37768817204,101013.0,-0.6408162377577172,0.0065300658450057865,-603.8938172043011,3.41,0.7599999999999998,18.19049822562721,ITC,83.0,19624.149999999998,0.0,0.27586206896551724,,,,,,,,,unavailable,unavailable,,unavailable,,unavailable,,unavailable,,unavailable,,unavailable,,unavailable,,unavailable,,unavailable,,unavailable,,unavailable,,unavailable,,unavailable,,unavailable,,unavailable,,unavailable,,unavailable,,unavailable,,unavailable,,unavailable,,unavailable,,unavailable,,unavailable,,unavailable
P::J2685,2026-03-01,2026-03-01,MISO,J2685,6.308008213552362,4.795790545596741,solar,0,MS,,0,0.0,,,32.0,4861.6,0.0,0.0,62529.18,1202,238194.56,0.5256673511293635,Phase 1,ERIS,120.0,28125,,,ROLLING FORK,15.807888040712466,3336.0,1.0,,0,0,0,1,0,0.0,,2022-10-14,4.17,80990.37768817204,101013.0,-0.6408162377577172,0.0065300658450057865,-603.8938172043011,3.41,0.7599999999999998,18.19049822562721,ENTERGY MISSISSIPPI,51.0,10735.3,0.006172839506172839,0.6790123456790124,,,,,,,,,unavailable,unavailable,,unavailable,,unavailable,,unavailable,,unavailable,,unavailable,,unavailable,,unavailable,,unavailable,,unavailable,,unavailable,,unavailable,,unavailable,,unavailable,,unavailable,,unavailable,,unavailable,,unavailable,,unavailable,,unavailable,,unavailable,,unavailable,,unavailable,,unavailable
P::J2686,2026-03-01,2026-03-01,MISO,J2686,41.49486652977413,5.017279836814924,wind_onshore,0,IA,,0,0.0,,,71.0,14479.54,0.0,0.0,27031.11,1202,238194.56,3.457905544147844,Phase 1,NRIS,150.0,19139,,,WALCOTT 345KV,57.76081424936387,42218.0,1.0,,0,0,0,1,0,0.0,,2022-10-18,4.17,80990.37768817204,101013.0,-0.6408162377577172,0.0065300658450057865,-603.8938172043011,3.41,0.7599999999999998,18.19049822562721,MIDAMERICAN ENERGY,45.0,8895.24,0.18652849740932642,0.5803108808290155,,,,,,,,,unavailable,unavailable,,unavailable,,unavailable,,unavailable,,unavailable,,unavailable,,unavailable,,unavailable,,unavailable,,unavailable,,unavailable,,unavailable,,unavailable,,unavailable,,unavailable,,unavailable,,unavailable,,unavailable,,unavailable,,unavailable,,unavailable,,unavailable,,unavailable,,unavailable
P::J2689,2026-03-01,2026-03-01,MISO,J2689,6.997946611909651,5.198497031265826,other,0,TX,,0,0.0,,,12.0,2855.3,0.0,0.0,19783.7,1202,238194.56,0.5831622176591376,Phase 1,NRIS,180.0,48291,,,JACINTO 230KV,79.51653944020356,108272.0,0.0,,0,0,0,1,0,0.0,,2022-10-14,4.17,80990.37768817204,101013.0,-0.6408162377577172,0.0065300658450057865,-603.8938172043011,3.41,0.7599999999999998,18.19049822562721,ENTERGY TEXAS,20.0,5378.0,0.029850746268656716,0.6716417910447762,,,,,,,,,unavailable,unavailable,,unavailable,,unavailable,,unavailable,,unavailable,,unavailable,,unavailable,,unavailable,,unavailable,,unavailable,,unavailable,,unavailable,,unavailable,,unavailable,,unavailable,,unavailable,,unavailable,,unavailable,,unavailable,,unavailable,,unavailable,,unavailable,,unavailable,,unavailable
P::J2690,2026-03-01,2026-03-01,MISO,J2690,41.49486652977413,6.2166061010848646,other,0,IL,,0,0.0,,,187.0,34950.11,43.0,12541.869999999999,19463.7,1202,238194.56,3.457905544147844,Phase 2,NRIS,500.0,17189,,,OTHER_,55.152671755725194,13536.0,1.0,,0,0,0,1,43,12541.869999999999,,2022-11-23,4.17,80990.37768817204,101013.0,-0.6408162377577172,0.0065300658450057865,-603.8938172043011,4.02,0.15000000000000036,18.19049822562721,AMEREN ILLINOIS,221.0,41217.38,0.07429718875502007,0.4779116465863454,,,,,,,,,unavailable,unavailable,,unavailable,,unavailable,,unavailable,,unavailable,,unavailable,,unavailable,,unavailable,,unavailable,,unavailable,,unavailable,,unavailable,,unavailable,,unavailable,,unavailable,,unavailable,,unavailable,,unavailable,,unavailable,,unavailable,,unavailable,,unavailable,,unavailable,,unavailable
P::J2691,2026-03-01,2026-03-01,MISO,J2691,41.49486652977413,5.5254529391317835,other,0,MO,,0,0.0,,0.16427104722792607,28.0,7568.43,0.0,0.0,19713.7,1202,238194.56,3.457905544147844,Phase 2,ERIS,250.0,29017,,,7RUSH 7BALDWIN 345 0KV,26.272264631043257,10544.0,1.0,,0,0,0,,0,0.0,,2022-11-28,4.17,80990.37768817204,101013.0,-0.6408162377577172,0.0065300658450057865,-603.8938172043011,4.02,0.15000000000000036,18.19049822562721,AMEREN MISSOURI,42.0,11977.23,0.041666666666666664,0.6,,,,,,,,,unavailable,unavailable,,unavailable,,unavailable,,unavailable,,unavailable,,unavailable,,unavailable,,unavailable,,unavailable,,unavailable,,unavailable,,unavailable,,unavailable,,unavailable,,unavailable,,unavailable,,unavailable,,unavailable,,unavailable,,unavailable,,unavailable,,unavailable,,unavailable,,unavailable
P::J2693,2026-03-01,2026-03-01,MISO,J2693,41.52772073921971,4.663439094112067,solar,0,LA,,0,0.0,,,59.0,13214.51,0.0,0.0,62544.18,1202,238194.56,3.460643394934976,Phase 1,NRIS,105.0,22041,,,WISNER,35.909669211195926,19285.0,1.0,,0,0,0,1,0,0.0,,2022-10-17,4.17,80990.37768817204,101013.0,-0.6408162377577172,0.0065300658450057865,-603.8938172043011,3.41,0.7599999999999998,18.19049822562721,ENTERGY LOUISIANA,85.0,23972.93,0.016,0.644,,,,,,,,,unavailable,unavailable,,unavailable,,unavailable,,unavailable,,unavailable,,unavailable,,unavailable,,unavailable,,unavailable,,unavailable,,unavailable,,unavailable,,unavailable,,unavailable,,unavailable,,unavailable,,unavailable,,unavailable,,unavailable,,unavailable,,unavailable,,unavailable,,unavailable,,unavailable
P::J2694,2026-03-01,2026-03-01,MISO,J2694,41.49486652977413,6.2166061010848646,other,0,IL,,0,0.0,,,187.0,34950.11,1.0,250.0,19463.7,1202,238194.56,3.457905544147844,Phase 2,NRIS,500.0,17021,,,7COFFEEN 7PANA 345 0KV,54.039440203562336,33228.0,1.0,,0,0,0,1,1,250.0,,2022-11-28,4.17,80990.37768817204,101013.0,-0.6408162377577172,0.0065300658450057865,-603.8938172043011,4.02,0.15000000000000036,18.19049822562721,AMEREN ILLINOIS,221.0,41217.38,0.07429718875502007,0.4779116465863454,,,,,,,,,unavailable,unavailable,,unavailable,,unavailable,,unavailable,,unavailable,,unavailable,,unavailable,,unavailable,,unavailable,,unavailable,,unavailable,,unavailable,,unavailable,,unavailable,,unavailable,,unavailable,,unavailable,,unavailable,,unavailable,,unavailable,,unavailable,,unavailable,,unavailable,,unavailable
P::J2696,2026-03-01,2026-03-01,MISO,J2696,41.49486652977413,6.2166061010848646,solar,0,AR,,0,0.0,,,74.0,17997.1,0.0,0.0,62149.18,1202,238194.56,3.457905544147844,Phase 1,NRIS,500.0,05093,,,SANDY BAYOU,89.2175572519084,38663.0,1.0,,0,0,0,1,0,0.0,,2022-10-18,4.17,80990.37768817204,101013.0,-0.6408162377577172,0.0065300658450057865,-603.8938172043011,3.41,0.7599999999999998,18.19049822562721,ENTERGY ARKANSAS,118.0,29185.92,0.011661807580174927,0.641399416909621,,,,,,,,,unavailable,unavailable,,unavailable,,unavailable,,unavailable,,unavailable,,unavailable,,unavailable,,unavailable,,unavailable,,unavailable,,unavailable,,unavailable,,unavailable,,unavailable,,unavailable,,unavailable,,unavailable,,unavailable,,unavailable,,unavailable,,unavailable,,unavailable,,unavailable,,unavailable
P::J2701,2026-03-01,2026-03-01,MISO,J2701,41.52772073921971,4.61512051684126,solar,0,LA,,0,0.0,,,59.0,13219.51,0.0,0.0,62549.18,1202,238194.56,3.460643394934976,Phase 1,NRIS,100.0,22053,,,COLONIAL WELSH 138,74.33206106870229,31553.0,1.0,,0,0,0,1,0,0.0,,2022-12-09,4.17,80990.37768817204,101013.0,-0.6408162377577172,0.0065300658450057865,-603.8938172043011,4.22,-0.04999999999999982,18.19049822562721,ENTERGY LOUISIANA,85.0,23972.93,0.016,0.644,,,,,,,,,unavailable,unavailable,,unavailable,,unavailable,,unavailable,,unavailable,,unavailable,,unavailable,,unavailable,,unavailable,,unavailable,,unavailable,,unavailable,,unavailable,,unavailable,,unavailable,,unavailable,,unavailable,,unavailable,,unavailable,,unavailable,,unavailable,,unavailable,,unavailable,,unavailable
P::J2704,2026-03-01,2026-03-01,MISO,J2704,41.52772073921971,6.2166061010848646,solar,0,LA,,0,0.0,,,59.0,12819.51,1.0,500.0,62149.18,1202,238194.56,3.460643394934976,Phase 1,NRIS,500.0,22073,,,CARGAS,87.5,157568.0,0.0,,0,0,0,1,1,500.0,,2022-10-18,4.17,80990.37768817204,101013.0,-0.6408162377577172,0.0065300658450057865,-603.8938172043011,3.41,0.7599999999999998,18.19049822562721,ENTERGY LOUISIANA,85.0,23972.93,0.016,0.644,,,,,,,,,unavailable,unavailable,,unavailable,,unavailable,,unavailable,,unavailable,,unavailable,,unavailable,,unavailable,,unavailable,,unavailable,,unavailable,,unavailable,,unavailable,,unavailable,,unavailable,,unavailable,,unavailable,,unavailable,,unavailable,,unavailable,,unavailable,,unavailable,,unavailable,,unavailable
P::J2708,2026-03-01,2026-03-01,MISO,J2708,41.52772073921971,6.2166061010848646,solar,0,LA,,0,0.0,,,59.0,12819.51,1.0,500.0,62149.18,1202,238194.56,3.460643394934976,Phase 1,NRIS,500.0,22073,,,CARGAS,87.5,157568.0,0.0,,0,0,0,1,1,500.0,,2022-10-10,4.17,80990.37768817204,101013.0,-0.6408162377577172,0.0065300658450057865,-603.8938172043011,3.41,0.7599999999999998,18.19049822562721,ENTERGY LOUISIANA,85.0,23972.93,0.016,0.644,,,,,,,,,unavailable,unavailable,,unavailable,,unavailable,,unavailable,,unavailable,,unavailable,,unavailable,,unavailable,,unavailable,,unavailable,,unavailable,,unavailable,,unavailable,,unavailable,,unavailable,,unavailable,,unavailable,,unavailable,,unavailable,,unavailable,,unavailable,,unavailable,,unavailable,,unavailable
P::J2714,2026-03-01,2026-03-01,MISO,J2714,41.52772073921971,5.093750200806762,solar,0,LA,,0,0.0,,,59.0,13157.51,0.0,0.0,62487.18,1202,238194.56,3.460643394934976,Phase 1,NRIS,162.0,22097,,,EUNICE,88.19974554707379,81464.0,0.0,,0,0,0,1,0,0.0,,2022-11-02,4.17,80990.37768817204,101013.0,-0.6408162377577172,0.0065300658450057865,-603.8938172043011,3.41,0.7599999999999998,18.19049822562721,CLECO POWER,33.0,7851.48,0.019417475728155338,0.6601941747572816,,,,,,,,,unavailable,unavailable,,unavailable,,unavailable,,unavailable,,unavailable,,unavailable,,unavailable,,unavailable,,unavailable,,unavailable,,unavailable,,unavailable,,unavailable,,unavailable,,unavailable,,unavailable,,unavailable,,unavailable,,unavailable,,unavailable,,unavailable,,unavailable,,unavailable,,unavailable
P::J2715,2026-03-01,2026-03-01,MISO,J2715,41.52772073921971,4.795790545596741,solar,0,LA,,0,0.0,,,59.0,13199.51,0.0,0.0,62529.18,1202,238194.56,3.460643394934976,Phase 1,NRIS,120.0,22001,,,ACADIA COLONIAL ACADEMY CO 138 0KV,88.61323155216286,56489.0,0.0,,0,0,0,,0,0.0,,2022-11-02,4.17,80990.37768817204,101013.0,-0.6408162377577172,0.0065300658450057865,-603.8938172043011,3.41,0.7599999999999998,18.19049822562721,ENTERGY LOUISIANA,85.0,23972.93,0.016,0.644,,,,,,,,,unavailable,unavailable,,unavailable,,unavailable,,unavailable,,unavailable,,unavailable,,unavailable,,unavailable,,unavailable,,unavailable,,unavailable,,unavailable,,unavailable,,unavailable,,unavailable,,unavailable,,unavailable,,unavailable,,unavailable,,unavailable,,unavailable,,unavailable,,unavailable,,unavailable
P::J2716,2026-03-01,2026-03-01,MISO,J2716,41.52772073921971,5.707110264748875,battery,0,MN,,0,0.0,,,98.0,18101.9,0.0,0.0,44030.42,1202,238194.56,3.460643394934976,Phase 1,NRIS,300.0,27037,,,HAMPTON 345KV,89.50381679389314,447440.0,0.0,,0,0,0,1,0,0.0,,2022-10-06,4.17,80990.37768817204,101013.0,-0.6408162377577172,0.0065300658450057865,-603.8938172043011,3.41,0.7599999999999998,18.19049822562721,NORTHERN STATES POWER,72.0,15117.65,0.006134969325153374,0.5460122699386503,,,,,,,,,unavailable,unavailable,,unavailable,,unavailable,,unavailable,,unavailable,,unavailable,,unavailable,,unavailable,,unavailable,,unavailable,,unavailable,,unavailable,,unavailable,,unavailable,,unavailable,,unavailable,,unavailable,,unavailable,,unavailable,,unavailable,,unavailable,,unavailable,,unavailable,,unavailable
P::J2720,2026-03-01,2026-03-01,MISO,J2720,41.52772073921971,5.017279836814924,solar,0,MS,,0,0.0,,0.16427104722792607,32.0,4831.6,0.0,0.0,62499.18,1202,238194.56,3.460643394934976,Phase 1,NRIS,150.0,28163,,,MIDWAY SS CE YAZOO CITY SS 115 0KV,71.15139949109415,25796.0,1.0,,0,0,0,,0,0.0,,2022-12-21,4.17,80990.37768817204,101013.0,-0.6408162377577172,0.0065300658450057865,-603.8938172043011,4.22,-0.04999999999999982,18.19049822562721,ENTERGY MISSISSIPPI,51.0,10735.3,0.006172839506172839,0.6790123456790124,,,,,,,,,unavailable,unavailable,,unavailable,,unavailable,,unavailable,,unavailable,,unavailable,,unavailable,,unavailable,,unavailable,,unavailable,,unavailable,,unavailable,,unavailable,,unavailable,,unavailable,,unavailable,,unavailable,,unavailable,,unavailable,,unavailable,,unavailable,,unavailable,,unavailable,,unavailable
P::J2728,2026-03-01,2026-03-01,MISO,J2728,41.52772073921971,5.017279836814924,battery,0,MN,,0,0.0,,,98.0,18251.9,0.0,0.0,44180.42,1202,238194.56,3.460643394934976,Phase 1,NRIS,150.0,27047,,,GLENWORTH,50.98600508905853,30515.0,1.0,,0,0,0,,0,0.0,,2022-09-23,4.17,80990.37768817204,101013.0,-0.6408162377577172,0.0065300658450057865,-603.8938172043011,2.83,1.3399999999999999,18.19049822562721,ITC MIDWEST,87.0,14086.3,0.18114143920595532,0.6029776674937966,,,,,,,,,unavailable,unavailable,,unavailable,,unavailable,,unavailable,,unavailable,,unavailable,,unavailable,,unavailable,,unavailable,,unavailable,,unavailable,,unavailable,,unavailable,,unavailable,,unavailable,,unavailable,,unavailable,,unavailable,,unavailable,,unavailable,,unavailable,,unavailable,,unavailable,,unavailable
P::J2730,2026-03-01,2026-03-01,MISO,J2730,41.49486652977413,5.017279836814924,battery,0,MN,,0,0.0,,,98.0,18251.9,0.0,0.0,44180.42,1202,238194.56,3.457905544147844,Phase 1,NRIS,150.0,27063,,,JACKSON NORTH 161KV SUBSTATION,22.423664122137403,9919.0,1.0,,0,0,0,,0,0.0,,2022-09-22,4.17,80990.37768817204,101013.0,-0.6408162377577172,0.0065300658450057865,-603.8938172043011,2.83,1.3399999999999999,18.19049822562721,SOUTHERN ILLINOIS POWER COOPERATIVE,2.0,300.0,0.0,0.7777777777777778,,,,,,,,,unavailable,unavailable,,unavailable,,unavailable,,unavailable,,unavailable,,unavailable,,unavailable,,unavailable,,unavailable,,unavailable,,unavailable,,unavailable,,unavailable,,unavailable,,unavailable,,unavailable,,unavailable,,unavailable,,unavailable,,unavailable,,unavailable,,unavailable,,unavailable,,unavailable
P::J2731,2026-03-01,2026-03-01,MISO,J2731,41.49486652977413,5.017279836814924,battery,0,MN,,0,0.0,,,98.0,18251.9,0.0,0.0,44180.42,1202,238194.56,3.457905544147844,Phase 1,NRIS,150.0,27109,,,MAPLE LEAF,82.3473282442748,164784.0,0.0,,0,0,0,1,0,0.0,,2022-10-19,4.17,80990.37768817204,101013.0,-0.6408162377577172,0.0065300658450057865,-603.8938172043011,3.41,0.7599999999999998,18.19049822562721,SOUTHERN MINNESOTA MUNICIPAL POWER AGENCY,10.0,1585.0,0.058823529411764705,0.35294117647058826,,,,,,,,,unavailable,unavailable,,unavailable,,unavailable,,unavailable,,unavailable,,unavailable,,unavailable,,unavailable,,unavailable,,unavailable,,unavailable,,unavailable,,unavailable,,unavailable,,unavailable,,unavailable,,unavailable,,unavailable,,unavailable,,unavailable,,unavailable,,unavailable,,unavailable,,unavailable
P::J2734,2026-03-01,2026-03-01,MISO,J2734,7.096509240246407,5.017279836814924,other,0,AR,,0,0.0,,,74.0,18347.1,0.0,0.0,19813.7,1202,238194.56,0.5913757700205339,Phase 1,NRIS,150.0,05035,,,GILMORE WILSON 161 0KV,82.95165394402035,47139.0,1.0,,0,0,0,1,0,0.0,,2022-09-22,4.17,80990.37768817204,101013.0,-0.6408162377577172,0.0065300658450057865,-603.8938172043011,2.83,1.3399999999999999,18.19049822562721,ENTERGY ARKANSAS,118.0,29185.92,0.011661807580174927,0.641399416909621,,,,,,,,,unavailable,unavailable,,unavailable,,unavailable,,unavailable,,unavailable,,unavailable,,unavailable,,unavailable,,unavailable,,unavailable,,unavailable,,unavailable,,unavailable,,unavailable,,unavailable,,unavailable,,unavailable,,unavailable,,unavailable,,unavailable,,unavailable,,unavailable,,unavailable,,unavailable
P::J2737,2026-03-01,2026-03-01,MISO,J2737,5.815195071868583,5.198497031265826,solar,0,LA,,0,0.0,,,59.0,13139.51,0.0,0.0,62469.18,1202,238194.56,0.48459958932238195,Phase 1,NRIS,180.0,22085,,,SHARING SUBSTATION FOR J1890 POI FOR J1890 IS NOT IN THE MTEP22 MODEL YET REFERENCE BUS A 48904,60.973282442748086,21906.0,1.0,,0,0,0,1,0,0.0,,2022-11-22,4.17,80990.37768817204,101013.0,-0.6408162377577172,0.0065300658450057865,-603.8938172043011,4.02,0.15000000000000036,18.19049822562721,CLECO POWER,33.0,7851.48,0.019417475728155338,0.6601941747572816,,,,,,,,,unavailable,unavailable,,unavailable,,unavailable,,unavailable,,unavailable,,unavailable,,unavailable,,unavailable,,unavailable,,unavailable,,unavailable,,unavailable,,unavailable,,unavailable,,unavailable,,unavailable,,unavailable,,unavailable,,unavailable,,unavailable,,unavailable,,unavailable,,unavailable,,unavailable
P::J2738,2026-03-01,2026-03-01,MISO,J2738,41.49486652977413,4.859812404361672,other,0,IL,,0,0.0,,,187.0,35322.11,0.0,0.0,19835.7,1202,238194.56,3.457905544147844,Phase 1,NRIS,128.0,17161,,,SUB 17,84.12849872773536,141236.0,0.0,,0,0,0,1,0,0.0,,2022-10-19,4.17,80990.37768817204,101013.0,-0.6408162377577172,0.0065300658450057865,-603.8938172043011,3.41,0.7599999999999998,18.19049822562721,MIDAMERICAN ENERGY,45.0,8895.24,0.18652849740932642,0.5803108808290155,,,,,,,,,unavailable,unavailable,,unavailable,,unavailable,,unavailable,,unavailable,,unavailable,,unavailable,,unavailable,,unavailable,,unavailable,,unavailable,,unavailable,,unavailable,,unavailable,,unavailable,,unavailable,,unavailable,,unavailable,,unavailable,,unavailable,,unavailable,,unavailable,,unavailable,,unavailable
P::J2739,2026-03-01,2026-03-01,MISO,J2739,41.52772073921971,4.61512051684126,solar,0,KY,,0,0.0,,,7.0,1117.0,0.0,0.0,62549.18,1202,238194.56,3.460643394934976,Phase 2,NRIS,100.0,21183,,,WILSON,54.166666666666664,23626.0,1.0,,0,0,0,1,0,0.0,,2022-10-18,4.17,80990.37768817204,101013.0,-0.6408162377577172,0.0065300658450057865,-603.8938172043011,3.41,0.7599999999999998,18.19049822562721,BIG RIVERS ELECTRIC CORPORATION,14.0,1812.0,0.017543859649122806,0.7368421052631579,,,,,,,,,unavailable,unavailable,,unavailable,,unavailable,,unavailable,,unavailable,,unavailable,,unavailable,,unavailable,,unavailable,,unavailable,,unavailable,,unavailable,,unavailable,,unavailable,,unavailable,,unavailable,,unavailable,,unavailable,,unavailable,,unavailable,,unavailable,,unavailable,,unavailable,,unavailable
P::J2740,2026-03-01,2026-03-01,MISO,J2740,41.5605749486653,5.017279836814924,solar,0,MS,,0,0.0,,,32.0,4831.6,0.0,0.0,62499.18,1202,238194.56,3.463381245722108,Phase 1,ERIS,150.0,28011,,,DELTA SWYD SHELBY SS 115 0KV,76.78117048346056,28968.0,1.0,,0,0,0,1,0,0.0,,2022-09-21,4.17,80990.37768817204,101013.0,-0.6408162377577172,0.0065300658450057865,-603.8938172043011,2.83,1.3399999999999999,18.19049822562721,ENTERGY MISSISSIPPI,51.0,10735.3,0.006172839506172839,0.6790123456790124,,,,,,,,,unavailable,unavailable,,unavailable,,unavailable,,unavailable,,unavailable,,unavailable,,unavailable,,unavailable,,unavailable,,unavailable,,unavailable,,unavailable,,unavailable,,unavailable,,unavailable,,unavailable,,unavailable,,unavailable,,unavailable,,unavailable,,unavailable,,unavailable,,unavailable,,unavailable
P::J2742,2026-03-01,2026-03-01,MISO,J2742,41.5605749486653,4.61512051684126,solar,0,AR,,0,0.0,,,74.0,18397.1,0.0,0.0,62549.18,1202,238194.56,3.463381245722108,Phase 1,NRIS,100.0,05145,,,BEEBE GARNER SS 115 0KV,85.71882951653944,78452.0,0.0,,0,0,0,1,0,0.0,,2022-10-18,4.17,80990.37768817204,101013.0,-0.6408162377577172,0.0065300658450057865,-603.8938172043011,3.41,0.7599999999999998,18.19049822562721,ENTERGY ARKANSAS,118.0,29185.92,0.011661807580174927,0.641399416909621,,,,,,,,,unavailable,unavailable,,unavailable,,unavailable,,unavailable,,unavailable,,unavailable,,unavailable,,unavailable,,unavailable,,unavailable,,unavailable,,unavailable,,unavailable,,unavailable,,unavailable,,unavailable,,unavailable,,unavailable,,unavailable,,unavailable,,unavailable,,unavailable,,unavailable,,unavailable
P::J2747,2026-03-01,2026-03-01,MISO,J2747,41.49486652977413,5.081404364984463,solar,0,IN,,0,0.0,,0.16427104722792607,89.0,18531.7,2.0,300.0,62489.18,1202,238194.56,3.457905544147844,Phase 2,NRIS,160.0,18055,,,EDWARDSPORT IGCC AMO 345 0KV,42.49363867684479,31196.0,1.0,,0,0,0,1,2,300.0,,2022-09-28,4.17,80990.37768817204,101013.0,-0.6408162377577172,0.0065300658450057865,-603.8938172043011,2.83,1.3399999999999999,18.19049822562721,DUKE ENERGY INDIANA,58.0,11347.82,0.004608294930875576,0.728110599078341,,,,,,,,,unavailable,unavailable,,unavailable,,unavailable,,unavailable,,unavailable,,unavailable,,unavailable,,unavailable,,unavailable,,unavailable,,unavailable,,unavailable,,unavailable,,unavailable,,unavailable,,unavailable,,unavailable,,unavailable,,unavailable,,unavailable,,unavailable,,unavailable,,unavailable,,unavailable
P::J2749,2026-03-01,2026-03-01,MISO,J2749,41.49486652977413,5.017279836814924,solar,0,MN,,0,0.0,,,98.0,18251.9,0.0,0.0,62499.18,1202,238194.56,3.457905544147844,Phase 1,NRIS,150.0,27119,,,WINGER 115KV,67.04834605597965,30412.0,1.0,,0,0,0,,0,0.0,,2022-09-27,4.17,80990.37768817204,101013.0,-0.6408162377577172,0.0065300658450057865,-603.8938172043011,2.83,1.3399999999999999,18.19049822562721,OTTER TAIL POWER,25.0,4561.42,0.13259668508287292,0.7292817679558011,,,,,,,,,unavailable,unavailable,,unavailable,,unavailable,,unavailable,,unavailable,,unavailable,,unavailable,,unavailable,,unavailable,,unavailable,,unavailable,,unavailable,,unavailable,,unavailable,,unavailable,,unavailable,,unavailable,,unavailable,,unavailable,,unavailable,,unavailable,,unavailable,,unavailable,,unavailable
P::J2750,2026-03-01,2026-03-01,MISO,J2750,6.308008213552362,5.290789100127245,solar,0,AR,,0,0.0,,1.163586584531143,74.0,18299.6,1.0,193.0,62451.68,1202,238194.56,0.5256673511293635,Phase 1,ERIS,197.5,05107,,,RITCHIE SWYD TARLETON 230 0KV,61.67302798982188,14961.0,1.0,,0,0,0,1,1,193.0,,2022-11-14,4.17,80990.37768817204,101013.0,-0.6408162377577172,0.0065300658450057865,-603.8938172043011,4.02,0.15000000000000036,18.19049822562721,ENTERGY ARKANSAS,118.0,29185.92,0.011661807580174927,0.641399416909621,,,,,,,,,unavailable,unavailable,,unavailable,,unavailable,,unavailable,,unavailable,,unavailable,,unavailable,,unavailable,,unavailable,,unavailable,,unavailable,,unavailable,,unavailable,,unavailable,,unavailable,,unavailable,,unavailable,,unavailable,,unavailable,,unavailable,,unavailable,,unavailable,,unavailable,,unavailable
P::J2751,2026-03-01,2026-03-01,MISO,J2751,41.52772073921971,4.836281906951478,solar,0,MS,,0,0.0,,0.16427104722792607,32.0,4856.6,0.0,0.0,62524.18,1202,238194.56,3.460643394934976,Phase 1,ERIS,125.0,28011,,,STRINGTOWN,76.78117048346056,28968.0,1.0,,0,0,0,1,0,0.0,,2022-10-18,4.17,80990.37768817204,101013.0,-0.6408162377577172,0.0065300658450057865,-603.8938172043011,3.41,0.7599999999999998,18.19049822562721,ENTERGY MISSISSIPPI,51.0,10735.3,0.006172839506172839,0.6790123456790124,,,,,,,,,unavailable,unavailable,,unavailable,,unavailable,,unavailable,,unavailable,,unavailable,,unavailable,,unavailable,,unavailable,,unavailable,,unavailable,,unavailable,,unavailable,,unavailable,,unavailable,,unavailable,,unavailable,,unavailable,,unavailable,,unavailable,,unavailable,,unavailable,,unavailable,,unavailable
P::J2752,2026-03-01,2026-03-01,MISO,J2752,41.49486652977413,4.709530201312334,solar,0,MS,,0,0.0,,0.16427104722792607,32.0,4871.6,0.0,0.0,62539.18,1202,238194.56,3.457905544147844,Phase 1,ERIS,110.0,28097,,,ELLIOTT SS SAWYER SS CE 115 0KV,10.90966921119593,9600.0,1.0,,0,0,0,1,0,0.0,,2022-10-18,4.17,80990.37768817204,101013.0,-0.6408162377577172,0.0065300658450057865,-603.8938172043011,3.41,0.7599999999999998,18.19049822562721,ENTERGY MISSISSIPPI,51.0,10735.3,0.006172839506172839,0.6790123456790124,,,,,,,,,unavailable,unavailable,,unavailable,,unavailable,,unavailable,,unavailable,,unavailable,,unavailable,,unavailable,,unavailable,,unavailable,,unavailable,,unavailable,,unavailable,,unavailable,,unavailable,,unavailable,,unavailable,,unavailable,,unavailable,,unavailable,,unavailable,,unavailable,,unavailable,,unavailable
P::J2753,2026-03-01,2026-03-01,MISO,J2753,6.308008213552362,5.303304908059076,solar,0,LA,,0,0.0,,,59.0,13119.51,0.0,0.0,62449.18,1202,238194.56,0.5256673511293635,Phase 1,ERIS,200.0,22035,,,DARNELL TALLULAH 115 0KV,21.596692111959285,6829.0,1.0,,0,0,0,1,0,0.0,,2022-10-06,4.17,80990.37768817204,101013.0,-0.6408162377577172,0.0065300658450057865,-603.8938172043011,3.41,0.7599999999999998,18.19049822562721,ENTERGY LOUISIANA,85.0,23972.93,0.016,0.644,,,,,,,,,unavailable,unavailable,,unavailable,,unavailable,,unavailable,,unavailable,,unavailable,,unavailable,,unavailable,,unavailable,,unavailable,,unavailable,,unavailable,,unavailable,,unavailable,,unavailable,,unavailable,,unavailable,,unavailable,,unavailable,,unavailable,,unavailable,,unavailable,,unavailable,,unavailable
P::J2754,2026-03-01,2026-03-01,MISO,J2754,41.49486652977413,5.14166355650266,solar,0,TX,,0,0.0,,,12.0,2865.3,0.0,0.0,62479.18,1202,238194.56,3.457905544147844,Phase 1,ERIS,170.0,48373,,,138KV BRAGG SHECO MENARD LINE,75.57251908396947,54186.0,0.0,,0,0,0,1,0,0.0,,2022-10-18,4.17,80990.37768817204,101013.0,-0.6408162377577172,0.0065300658450057865,-603.8938172043011,3.41,0.7599999999999998,18.19049822562721,ENTERGY TEXAS,20.0,5378.0,0.029850746268656716,0.6716417910447762,,,,,,,,,unavailable,unavailable,,unavailable,,unavailable,,unavailable,,unavailable,,unavailable,,unavailable,,unavailable,,unavailable,,unavailable,,unavailable,,unavailable,,unavailable,,unavailable,,unavailable,,unavailable,,unavailable,,unavailable,,unavailable,,unavailable,,unavailable,,unavailable,,unavailable,,unavailable
P::J2756,2026-03-01,2026-03-01,MISO,J2756,41.69199178644764,3.7612001156935624,solar,0,KY,,0,0.0,,0.16427104722792607,7.0,1175.0,0.0,0.0,62607.18,1202,238194.56,3.4743326488706368,Phase 2,NRIS,42.0,21139,,,BURNA TAP JOY 69 0KV,27.131043256997454,8892.0,1.0,,0,0,0,1,0,0.0,,2022-09-19,4.17,80990.37768817204,101013.0,-0.6408162377577172,0.0065300658450057865,-603.8938172043011,2.83,1.3399999999999999,18.19049822562721,BIG RIVERS ELECTRIC CORPORATION,14.0,1812.0,0.017543859649122806,0.7368421052631579,,,,,,,,,unavailable,unavailable,,unavailable,,unavailable,,unavailable,,unavailable,,unavailable,,unavailable,,unavailable,,unavailable,,unavailable,,unavailable,,unavailable,,unavailable,,unavailable,,unavailable,,unavailable,,unavailable,,unavailable,,unavailable,,unavailable,,unavailable,,unavailable,,unavailable,,unavailable
P::J2757,2026-03-01,2026-03-01,MISO,J2757,4.435318275154004,5.083265985131163,solar,0,IA,,0,0.0,,1.163586584531143,71.0,14469.240000000002,0.0,0.0,62488.88,1202,238194.56,0.36960985626283366,Phase 1,ERIS,160.3,19035,,,LITTLE SIOUX CLIPPER 161 0KV,34.12849872773537,11605.0,1.0,,0,0,0,,0,0.0,,2022-09-20,4.17,80990.37768817204,101013.0,-0.6408162377577172,0.0065300658450057865,-603.8938172043011,2.83,1.3399999999999999,18.19049822562721,MIDAMERICAN ENERGY,45.0,8895.24,0.18652849740932642,0.5803108808290155,,,,,,,,,unavailable,unavailable,,unavailable,,unavailable,,unavailable,,unavailable,,unavailable,,unavailable,,unavailable,,unavailable,,unavailable,,unavailable,,unavailable,,unavailable,,unavailable,,unavailable,,unavailable,,unavailable,,unavailable,,unavailable,,unavailable,,unavailable,,unavailable,,unavailable,,unavailable
P::J2761,2026-03-01,2026-03-01,MISO,J2761,41.49486652977413,4.61512051684126,solar,0,MS,,0,0.0,,,32.0,4881.6,1.0,20.200000000000003,62549.18,1202,238194.56,3.457905544147844,Phase 1,NRIS,100.0,28091,,,COLUMBIA,59.95547073791349,24224.0,1.0,,0,0,0,,1,20.2,,2022-09-21,4.17,80990.37768817204,101013.0,-0.6408162377577172,0.0065300658450057865,-603.8938172043011,2.83,1.3399999999999999,18.19049822562721,COOPERATIVE ENERGY,8.0,1383.5,0.03571428571428571,0.6785714285714286,,,,,,,,,unavailable,unavailable,,unavailable,,unavailable,,unavailable,,unavailable,,unavailable,,unavailable,,unavailable,,unavailable,,unavailable,,unavailable,,unavailable,,unavailable,,unavailable,,unavailable,,unavailable,,unavailable,,unavailable,,unavailable,,unavailable,,unavailable,,unavailable,,unavailable,,unavailable
P::J2763,2026-03-01,2026-03-01,MISO,J2763,41.52772073921971,4.61512051684126,other,0,MS,,0,0.0,,,32.0,4881.6,0.0,0.0,19863.7,1202,238194.56,3.460643394934976,Phase 1,ERIS,100.0,28011,,,CLEVELAND SOUTH STEINER CE 115 0KV,76.78117048346056,28968.0,1.0,,0,0,0,1,0,0.0,,2022-09-22,4.17,80990.37768817204,101013.0,-0.6408162377577172,0.0065300658450057865,-603.8938172043011,2.83,1.3399999999999999,18.19049822562721,ENTERGY MISSISSIPPI,51.0,10735.3,0.006172839506172839,0.6790123456790124,,,,,,,,,unavailable,unavailable,,unavailable,,unavailable,,unavailable,,unavailable,,unavailable,,unavailable,,unavailable,,unavailable,,unavailable,,unavailable,,unavailable,,unavailable,,unavailable,,unavailable,,unavailable,,unavailable,,unavailable,,unavailable,,unavailable,,unavailable,,unavailable,,unavailable,,unavailable
P::J2764,2026-03-01,2026-03-01,MISO,J2764,7.227926078028747,5.017279836814924,other,0,AR,,0,0.0,,,74.0,18347.1,0.0,0.0,19813.7,1202,238194.56,0.6023271731690623,Phase 1,NRIS,150.0,05031,,,JONESBORO APL CASH 161 0KV,91.79389312977099,113993.0,0.0,,0,0,0,,0,0.0,,2022-10-06,4.17,80990.37768817204,101013.0,-0.6408162377577172,0.0065300658450057865,-603.8938172043011,3.41,0.7599999999999998,18.19049822562721,ENTERGY ARKANSAS,118.0,29185.92,0.011661807580174927,0.641399416909621,,,,,,,,,unavailable,unavailable,,unavailable,,unavailable,,unavailable,,unavailable,,unavailable,,unavailable,,unavailable,,unavailable,,unavailable,,unavailable,,unavailable,,unavailable,,unavailable,,unavailable,,unavailable,,unavailable,,unavailable,,unavailable,,unavailable,,unavailable,,unavailable,,unavailable,,unavailable
P::J2773,2026-03-01,2026-03-01,MISO,J2773,41.49486652977413,4.61512051684126,other,0,AR,,0,0.0,,,74.0,18397.1,0.0,0.0,19863.7,1202,238194.56,3.457905544147844,Phase 1,NRIS,100.0,05111,,,NEWPORT FISHER 161KV LINE,72.51908396946564,22397.0,1.0,,0,0,0,,0,0.0,,2022-10-20,4.17,80990.37768817204,101013.0,-0.6408162377577172,0.0065300658450057865,-603.8938172043011,3.41,0.7599999999999998,18.19049822562721,ENTERGY ARKANSAS,118.0,29185.92,0.011661807580174927,0.641399416909621,,,,,,,,,unavailable,unavailable,,unavailable,,unavailable,,unavailable,,unavailable,,unavailable,,unavailable,,unavailable,,unavailable,,unavailable,,unavailable,,unavailable,,unavailable,,unavailable,,unavailable,,unavailable,,unavailable,,unavailable,,unavailable,,unavailable,,unavailable,,unavailable,,unavailable,,unavailable
P::J2786,2026-03-01,2026-03-01,MISO,J2786,41.49486652977413,5.14166355650266,other,0,MI,,0,0.0,,0.16427104722792607,174.0,34323.09,0.0,0.0,19793.7,1202,238194.56,3.457905544147844,Phase 1,NRIS,170.0,26005,,,ARGENTA TALLMADGE 345 0KV,68.51145038167938,121939.0,0.0,,0,0,0,1,0,0.0,,2022-10-17,4.17,80990.37768817204,101013.0,-0.6408162377577172,0.0065300658450057865,-603.8938172043011,3.41,0.7599999999999998,18.19049822562721,METC,167.0,33466.87,0.024691358024691357,0.45987654320987653,,,,,,,,,unavailable,unavailable,,unavailable,,unavailable,,unavailable,,unavailable,,unavailable,,unavailable,,unavailable,,unavailable,,unavailable,,unavailable,,unavailable,,unavailable,,unavailable,,unavailable,,unavailable,,unavailable,,unavailable,,unavailable,,unavailable,,unavailable,,unavailable,,unavailable,,unavailable
P::J2791,2026-03-01,2026-03-01,MISO,J2791,41.5605749486653,5.497577977398914,natural_gas,0,LA,,0,-7.464504586806741,,0.0,59.0,13076.41,0.0,0.0,26639.9,1202,238194.56,3.463381245722108,Phase 1,NRIS,243.1,22055,,,DOC BONIN 69KV,95.16539440203562,249750.0,0.0,,0,0,0,,0,0.0,,2022-09-13,4.17,80990.37768817204,101013.0,-0.6408162377577172,0.0065300658450057865,-603.8938172043011,2.83,1.3399999999999999,18.19049822562721,LAFAYETTE UTILITIES SYSTEM,2.0,342.71,0.0,0.0,,,,,,,,,unavailable,unavailable,,unavailable,,unavailable,,unavailable,,unavailable,,unavailable,,unavailable,,unavailable,,unavailable,,unavailable,,unavailable,,unavailable,,unavailable,,unavailable,,unavailable,,unavailable,,unavailable,,unavailable,,unavailable,,unavailable,,unavailable,,unavailable,,unavailable,,unavailable
P::J2793,2026-03-01,2026-03-01,MISO,J2793,41.52772073921971,5.5254529391317835,solar,0,IL,,0,0.0,,,187.0,35200.11,0.0,0.0,62399.18,1202,238194.56,3.460643394934976,Phase 2,ERIS,250.0,17165,,,MUDDY,70.13358778625954,22873.0,1.0,,0,0,0,1,0,0.0,,2022-10-19,4.17,80990.37768817204,101013.0,-0.6408162377577172,0.0065300658450057865,-603.8938172043011,3.41,0.7599999999999998,18.19049822562721,AMEREN ILLINOIS,221.0,41217.38,0.07429718875502007,0.4779116465863454,,,,,,,,,unavailable,unavailable,,unavailable,,unavailable,,unavailable,,unavailable,,unavailable,,unavailable,,unavailable,,unavailable,,unavailable,,unavailable,,unavailable,,unavailable,,unavailable,,unavailable,,unavailable,,unavailable,,unavailable,,unavailable,,unavailable,,unavailable,,unavailable,,unavailable,,unavailable
P::J2799,2026-03-01,2026-03-01,MISO,J2799,4.172484599589322,5.303304908059076,battery,0,MI,,0,0.0,,,174.0,34293.09,2.0,450.0,44130.42,1202,238194.56,0.34770704996577684,Phase 1,NRIS,200.0,26159,,,ARGENTA PALISADES 345 0KV,60.464376590330794,75798.0,0.0,,0,0,0,,2,450.0,,2022-10-20,4.17,80990.37768817204,101013.0,-0.6408162377577172,0.0065300658450057865,-603.8938172043011,3.41,0.7599999999999998,18.19049822562721,METC,167.0,33466.87,0.024691358024691357,0.45987654320987653,,,,,,,,,unavailable,unavailable,,unavailable,,unavailable,,unavailable,,unavailable,,unavailable,,unavailable,,unavailable,,unavailable,,unavailable,,unavailable,,unavailable,,unavailable,,unavailable,,unavailable,,unavailable,,unavailable,,unavailable,,unavailable,,unavailable,,unavailable,,unavailable,,unavailable,,unavailable
P::J2806,2026-03-01,2026-03-01,MISO,J2806,41.5605749486653,5.303304908059076,solar,0,MO,,0,0.0,,2.1656399726214923,28.0,7618.43,0.0,0.0,62449.18,1202,238194.56,3.463381245722108,Phase 2,NRIS,200.0,29219,,,WARRENTON 161KV SUBSTATION,55.343511450381676,37806.0,1.0,,0,0,0,,0,0.0,,2022-10-12,4.17,80990.37768817204,101013.0,-0.6408162377577172,0.0065300658450057865,-603.8938172043011,3.41,0.7599999999999998,18.19049822562721,AMEREN MISSOURI,42.0,11977.23,0.041666666666666664,0.6,,,,,,,,,unavailable,unavailable,,unavailable,,unavailable,,unavailable,,unavailable,,unavailable,,unavailable,,unavailable,,unavailable,,unavailable,,unavailable,,unavailable,,unavailable,,unavailable,,unavailable,,unavailable,,unavailable,,unavailable,,unavailable,,unavailable,,unavailable,,unavailable,,unavailable,,unavailable
P::J2808,2026-03-01,2026-03-01,MISO,J2808,41.52772073921971,4.61512051684126,solar,0,IL,,0,0.0,,,187.0,35350.11,0.0,0.0,62549.18,1202,238194.56,3.460643394934976,Phase 2,NRIS,100.0,17051,,,RAMSEY EAST 138 SUB CO LOCATED WITH DRESSOR AND SWITCHGRASS,48.75954198473282,21164.0,1.0,,0,0,0,1,0,0.0,,2022-10-12,4.17,80990.37768817204,101013.0,-0.6408162377577172,0.0065300658450057865,-603.8938172043011,3.41,0.7599999999999998,18.19049822562721,AMEREN ILLINOIS,221.0,41217.38,0.07429718875502007,0.4779116465863454,,,,,,,,,unavailable,unavailable,,unavailable,,unavailable,,unavailable,,unavailable,,unavailable,,unavailable,,unavailable,,unavailable,,unavailable,,unavailable,,unavailable,,unavailable,,unavailable,,unavailable,,unavailable,,unavailable,,unavailable,,unavailable,,unavailable,,unavailable,,unavailable,,unavailable,,unavailable
P::J2809,2026-03-01,2026-03-01,MISO,J2809,41.52772073921971,4.897839799950911,solar,0,IL,,0,0.0,,,187.0,35317.11,1.0,265.0,62516.18,1202,238194.56,3.460643394934976,Phase 2,NRIS,133.0,17075,,,4GILMAN 4PAXTON E 138KV,73.95038167938931,26136.0,1.0,,0,0,0,1,1,265.0,,2022-10-12,4.17,80990.37768817204,101013.0,-0.6408162377577172,0.0065300658450057865,-603.8938172043011,3.41,0.7599999999999998,18.19049822562721,AMEREN ILLINOIS,221.0,41217.38,0.07429718875502007,0.4779116465863454,,,,,,,,,unavailable,unavailable,,unavailable,,unavailable,,unavailable,,unavailable,,unavailable,,unavailable,,unavailable,,unavailable,,unavailable,,unavailable,,unavailable,,unavailable,,unavailable,,unavailable,,unavailable,,unavailable,,unavailable,,unavailable,,unavailable,,unavailable,,unavailable,,unavailable,,unavailable
P::J2811,2026-03-01,2026-03-01,MISO,J2811,41.52772073921971,5.351858133476067,solar,0,IA,,0,0.0,,0.16427104722792607,71.0,14419.54,2.0,997.4000000000001,62439.18,1202,238194.56,3.460643394934976,Phase 1,NRIS,210.0,19033,,,KILLDEER,69.59287531806616,42406.0,1.0,,0,0,0,,2,997.4,,2022-10-12,4.17,80990.37768817204,101013.0,-0.6408162377577172,0.0065300658450057865,-603.8938172043011,3.41,0.7599999999999998,18.19049822562721,ITC MIDWEST,87.0,14086.3,0.18114143920595532,0.6029776674937966,,,,,,,,,unavailable,unavailable,,unavailable,,unavailable,,unavailable,,unavailable,,unavailable,,unavailable,,unavailable,,unavailable,,unavailable,,unavailable,,unavailable,,unavailable,,unavailable,,unavailable,,unavailable,,unavailable,,unavailable,,unavailable,,unavailable,,unavailable,,unavailable,,unavailable,,unavailable
P::J2812,2026-03-01,2026-03-01,MISO,J2812,41.52772073921971,4.948759890378168,solar,0,MI,,0,0.0,,0.16427104722792607,174.0,34353.09,0.0,0.0,62509.18,1202,238194.56,3.460643394934976,Phase 1,NRIS,140.0,26059,,,MOORE ROAD,49.968193384223916,45587.0,1.0,,0,0,0,1,0,0.0,,2022-10-12,4.17,80990.37768817204,101013.0,-0.6408162377577172,0.0065300658450057865,-603.8938172043011,3.41,0.7599999999999998,18.19049822562721,METC,167.0,33466.87,0.024691358024691357,0.45987654320987653,,,,,,,,,unavailable,unavailable,,unavailable,,unavailable,,unavailable,,unavailable,,unavailable,,unavailable,,unavailable,,unavailable,,unavailable,,unavailable,,unavailable,,unavailable,,unavailable,,unavailable,,unavailable,,unavailable,,unavailable,,unavailable,,unavailable,,unavailable,,unavailable,,unavailable,,unavailable
P::J2814,2026-03-01,2026-03-01,MISO,J2814,41.75770020533881,5.3981627015177525,solar,0,MI,12.845995893223819,0,0.0,13.0,,174.0,34273.09,0.0,0.0,62429.18,1202,238194.56,3.479808350444901,Phase 1,NRIS,220.0,26077,,,ARGENTA MORROW 138 0KV,81.67938931297711,262215.0,0.0,,0,0,0,,0,0.0,,2022-10-31,4.17,80990.37768817204,101013.0,-0.6408162377577172,0.0065300658450057865,-603.8938172043011,3.41,0.7599999999999998,18.19049822562721,METC,167.0,33466.87,0.024691358024691357,0.45987654320987653,,,,,,,,,unavailable,unavailable,,unavailable,,unavailable,,unavailable,,unavailable,,unavailable,,unavailable,,unavailable,,unavailable,,unavailable,,unavailable,,unavailable,,unavailable,,unavailable,,unavailable,,unavailable,,unavailable,,unavailable,,unavailable,,unavailable,,unavailable,,unavailable,,unavailable,,unavailable
P::J2816,2026-03-01,2026-03-01,MISO,J2816,41.724845995893226,4.61512051684126,solar,0,LA,,0,0.0,,2.1656399726214923,59.0,13219.51,0.0,0.0,62549.18,1202,238194.56,3.477070499657769,Phase 1,ERIS,100.0,22073,,,RILLA RIVERTON 115 0KV,87.5,157568.0,0.0,,0,0,0,1,0,0.0,,2022-10-13,4.17,80990.37768817204,101013.0,-0.6408162377577172,0.0065300658450057865,-603.8938172043011,3.41,0.7599999999999998,18.19049822562721,ENTERGY LOUISIANA,85.0,23972.93,0.016,0.644,,,,,,,,,unavailable,unavailable,,unavailable,,unavailable,,unavailable,,unavailable,,unavailable,,unavailable,,unavailable,,unavailable,,unavailable,,unavailable,,unavailable,,unavailable,,unavailable,,unavailable,,unavailable,,unavailable,,unavailable,,unavailable,,unavailable,,unavailable,,unavailable,,unavailable,,unavailable
P::J2818,2026-03-01,2026-03-01,MISO,J2818,4.1067761806981515,4.875197323201151,other,0,AR,,0,0.0,,,74.0,18367.1,0.0,0.0,19833.7,1202,238194.56,0.34223134839151265,Phase 1,NRIS,130.0,05103,,,AECC CAMDEN SOUTH STEPHENS 115 0KV,51.20865139949109,21793.0,1.0,,0,0,0,1,0,0.0,,2022-10-12,4.17,80990.37768817204,101013.0,-0.6408162377577172,0.0065300658450057865,-603.8938172043011,3.41,0.7599999999999998,18.19049822562721,ENTERGY ARKANSAS,118.0,29185.92,0.011661807580174927,0.641399416909621,,,,,,,,,unavailable,unavailable,,unavailable,,unavailable,,unavailable,,unavailable,,unavailable,,unavailable,,unavailable,,unavailable,,unavailable,,unavailable,,unavailable,,unavailable,,unavailable,,unavailable,,unavailable,,unavailable,,unavailable,,unavailable,,unavailable,,unavailable,,unavailable,,unavailable,,unavailable
P::J2819,2026-03-01,2026-03-01,MISO,J2819,4.1067761806981515,4.394449154672439,other,0,LA,,0,0.0,,,59.0,13239.51,0.0,0.0,19883.7,1202,238194.56,0.34223134839151265,Phase 1,NRIS,80.0,22081,,,RINGGOLD CARROLL CLECO 115 0KV,16.666666666666664,7356.0,1.0,,0,0,0,1,0,0.0,,2022-10-10,4.17,80990.37768817204,101013.0,-0.6408162377577172,0.0065300658450057865,-603.8938172043011,3.41,0.7599999999999998,18.19049822562721,ENTERGY LOUISIANA,85.0,23972.93,0.016,0.644,,,,,,,,,unavailable,unavailable,,unavailable,,unavailable,,unavailable,,unavailable,,unavailable,,unavailable,,unavailable,,unavailable,,unavailable,,unavailable,,unavailable,,unavailable,,unavailable,,unavailable,,unavailable,,unavailable,,unavailable,,unavailable,,unavailable,,unavailable,,unavailable,,unavailable,,unavailable
P::J2822,2026-03-01,2026-03-01,MISO,J2822,41.724845995893226,5.303304908059076,battery,0,MI,,0,0.0,,0.16427104722792607,174.0,34293.09,0.0,0.0,44130.42,1202,238194.56,3.477070499657769,Phase 1,NRIS,200.0,26159,,,PALISADES VERGENNES 345 0KV,60.464376590330794,75798.0,0.0,,0,0,0,,0,0.0,,2022-10-10,4.17,80990.37768817204,101013.0,-0.6408162377577172,0.0065300658450057865,-603.8938172043011,3.41,0.7599999999999998,18.19049822562721,METC,167.0,33466.87,0.024691358024691357,0.45987654320987653,,,,,,,,,unavailable,unavailable,,unavailable,,unavailable,,unavailable,,unavailable,,unavailable,,unavailable,,unavailable,,unavailable,,unavailable,,unavailable,,unavailable,,unavailable,,unavailable,,unavailable,,unavailable,,unavailable,,unavailable,,unavailable,,unavailable,,unavailable,,unavailable,,unavailable,,unavailable
P::J2826,2026-03-01,2026-03-01,MISO,J2826,41.49486652977413,4.836281906951478,other,0,IN,,0,0.0,,0.16427104722792607,89.0,18566.7,1.0,300.0,19838.7,1202,238194.56,3.457905544147844,Phase 2,NRIS,125.0,18055,,,SANDBORN PRIMARY WORTHINGTON PRIMARY 161 0KV,42.49363867684479,31196.0,1.0,,0,0,0,1,1,300.0,,2022-10-14,4.17,80990.37768817204,101013.0,-0.6408162377577172,0.0065300658450057865,-603.8938172043011,3.41,0.7599999999999998,18.19049822562721,HOOSIER ENERGY,21.0,4291.16,0.025,0.45,,,,,,,,,unavailable,unavailable,,unavailable,,unavailable,,unavailable,,unavailable,,unavailable,,unavailable,,unavailable,,unavailable,,unavailable,,unavailable,,unavailable,,unavailable,,unavailable,,unavailable,,unavailable,,unavailable,,unavailable,,unavailable,,unavailable,,unavailable,,unavailable,,unavailable,,unavailable
P::J2838,2026-03-01,2026-03-01,MISO,J2838,4.1067761806981515,5.017279836814924,other,0,LA,,0,0.0,,,59.0,13169.51,1.0,250.0,19813.7,1202,238194.56,0.34223134839151265,Phase 1,NRIS,150.0,22083,,,DUNN OAK RIDGE LA 115 0KV,36.67302798982188,19712.0,1.0,,0,0,0,1,1,250.0,,2022-10-12,4.17,80990.37768817204,101013.0,-0.6408162377577172,0.0065300658450057865,-603.8938172043011,3.41,0.7599999999999998,18.19049822562721,ENTERGY LOUISIANA,85.0,23972.93,0.016,0.644,,,,,,,,,unavailable,unavailable,,unavailable,,unavailable,,unavailable,,unavailable,,unavailable,,unavailable,,unavailable,,unavailable,,unavailable,,unavailable,,unavailable,,unavailable,,unavailable,,unavailable,,unavailable,,unavailable,,unavailable,,unavailable,,unavailable,,unavailable,,unavailable,,unavailable,,unavailable
P::J2841,2026-03-01,2026-03-01,MISO,J2841,41.49486652977413,6.2166061010848646,wind_onshore,0,AR,,0,0.0,,,74.0,17997.1,0.0,0.0,26681.11,1202,238194.56,3.457905544147844,Phase 1,NRIS,500.0,05063,,,INDEPENDENT HOLLAND BOTTOM 500KV,69.08396946564885,38320.0,1.0,,0,0,0,1,0,0.0,,2022-10-17,4.17,80990.37768817204,101013.0,-0.6408162377577172,0.0065300658450057865,-603.8938172043011,3.41,0.7599999999999998,18.19049822562721,ENTERGY ARKANSAS,118.0,29185.92,0.011661807580174927,0.641399416909621,,,,,,,,,unavailable,unavailable,,unavailable,,unavailable,,unavailable,,unavailable,,unavailable,,unavailable,,unavailable,,unavailable,,unavailable,,unavailable,,unavailable,,unavailable,,unavailable,,unavailable,,unavailable,,unavailable,,unavailable,,unavailable,,unavailable,,unavailable,,unavailable,,unavailable,,unavailable
P::J2844,2026-03-01,2026-03-01,MISO,J2844,41.52772073921971,5.303304908059076,battery,0,KY,,0,0.0,,,7.0,1017.0,2.0,600.0,44130.42,1202,238194.56,3.460643394934976,Phase 2,NRIS,200.0,21101,,,AB BROWN 345 REID EHV BREC TERMINAL 345 0KV,73.15521628498728,44119.0,1.0,,0,0,0,1,2,600.0,,2022-10-18,4.17,80990.37768817204,101013.0,-0.6408162377577172,0.0065300658450057865,-603.8938172043011,3.41,0.7599999999999998,18.19049822562721,SOUTHERN INDIANA GAS ELECTRIC D B A CENTERPOINT ENERGY INDIANA SOUTH,13.0,2430.0,0.0,0.5666666666666667,,,,,,,,,unavailable,unavailable,,unavailable,,unavailable,,unavailable,,unavailable,,unavailable,,unavailable,,unavailable,,unavailable,,unavailable,,unavailable,,unavailable,,unavailable,,unavailable,,unavailable,,unavailable,,unavailable,,unavailable,,unavailable,,unavailable,,unavailable,,unavailable,,unavailable,,unavailable
P::J2845,2026-03-01,2026-03-01,MISO,J2845,4.238193018480493,5.303304908059076,solar,0,MN,,0,0.0,,,98.0,18201.9,0.0,0.0,62449.18,1202,238194.56,0.3531827515400411,Phase 1,NRIS,200.0,27047,,,ADAMS HAYWARD 161KV,50.98600508905853,30515.0,1.0,,0,0,0,,0,0.0,,2022-10-14,4.17,80990.37768817204,101013.0,-0.6408162377577172,0.0065300658450057865,-603.8938172043011,3.41,0.7599999999999998,18.19049822562721,ITC MIDWEST,87.0,14086.3,0.18114143920595532,0.6029776674937966,,,,,,,,,unavailable,unavailable,,unavailable,,unavailable,,unavailable,,unavailable,,unavailable,,unavailable,,unavailable,,unavailable,,unavailable,,unavailable,,unavailable,,unavailable,,unavailable,,unavailable,,unavailable,,unavailable,,unavailable,,unavailable,,unavailable,,unavailable,,unavailable,,unavailable,,unavailable
P::J2846,2026-03-01,2026-03-01,MISO,J2846,41.49486652977413,6.55250788703459,solar,0,IN,,0,0.0,,,89.0,17991.7,3.0,625.0,61949.18,1202,238194.56,3.457905544147844,Phase 2,NRIS,700.0,18131,,,REYNOLDS BURR OAK 345KV LINE,11.195928753180661,12385.0,1.0,,0,0,0,1,3,625.0,,2022-10-17,4.17,80990.37768817204,101013.0,-0.6408162377577172,0.0065300658450057865,-603.8938172043011,3.41,0.7599999999999998,18.19049822562721,NORTHERN INDIANA PUBLIC SERVICE,53.0,9697.23,0.09701492537313433,0.5074626865671642,,,,,,,,,unavailable,unavailable,,unavailable,,unavailable,,unavailable,,unavailable,,unavailable,,unavailable,,unavailable,,unavailable,,unavailable,,unavailable,,unavailable,,unavailable,,unavailable,,unavailable,,unavailable,,unavailable,,unavailable,,unavailable,,unavailable,,unavailable,,unavailable,,unavailable,,unavailable
P::J2847,2026-03-01,2026-03-01,MISO,J2847,41.49486652977413,5.198497031265826,solar,0,IN,,0,0.0,,,89.0,18511.7,3.0,1145.0,62469.18,1202,238194.56,3.457905544147844,Phase 2,NRIS,180.0,18149,,,REYNOLDS BURR OAK 345KV LINE,24.93638676844784,23206.0,1.0,,0,0,0,1,3,1145.0,,2022-10-14,4.17,80990.37768817204,101013.0,-0.6408162377577172,0.0065300658450057865,-603.8938172043011,3.41,0.7599999999999998,18.19049822562721,NORTHERN INDIANA PUBLIC SERVICE,53.0,9697.23,0.09701492537313433,0.5074626865671642,,,,,,,,,unavailable,unavailable,,unavailable,,unavailable,,unavailable,,unavailable,,unavailable,,unavailable,,unavailable,,unavailable,,unavailable,,unavailable,,unavailable,,unavailable,,unavailable,,unavailable,,unavailable,,unavailable,,unavailable,,unavailable,,unavailable,,unavailable,,unavailable,,unavailable,,unavailable
P::J2848,2026-03-01,2026-03-01,MISO,J2848,3.351129363449692,5.303304908059076,solar,0,IN,,0,0.0,,2.1656399726214923,89.0,18491.7,0.0,0.0,62449.18,1202,238194.56,0.2792607802874743,Phase 2,NRIS,200.0,18057,,,NOBLESVILLE FALL CREEK AEP 345 0KV,88.80407124681933,371645.0,0.0,,0,0,0,,0,0.0,,2022-10-17,4.17,80990.37768817204,101013.0,-0.6408162377577172,0.0065300658450057865,-603.8938172043011,3.41,0.7599999999999998,18.19049822562721,INDIANAPOLIS POWER LIGHT,9.0,2448.8199999999997,0.14814814814814814,0.5185185185185185,,,,,,,,,unavailable,unavailable,,unavailable,,unavailable,,unavailable,,unavailable,,unavailable,,unavailable,,unavailable,,unavailable,,unavailable,,unavailable,,unavailable,,unavailable,,unavailable,,unavailable,,unavailable,,unavailable,,unavailable,,unavailable,,unavailable,,unavailable,,unavailable,,unavailable,,unavailable
P::J2849,2026-03-01,2026-03-01,MISO,J2849,41.49486652977413,5.5053315359323625,solar,0,IN,,0,0.0,,,89.0,18446.7,3.0,1080.0,62404.18,1202,238194.56,3.457905544147844,Phase 2,NRIS,245.0,18131,,,REYNOLDS BURR OAK 345KV LINE,11.195928753180661,12385.0,1.0,,0,0,0,1,3,1080.0,,2022-10-17,4.17,80990.37768817204,101013.0,-0.6408162377577172,0.0065300658450057865,-603.8938172043011,3.41,0.7599999999999998,18.19049822562721,NORTHERN INDIANA PUBLIC SERVICE,53.0,9697.23,0.09701492537313433,0.5074626865671642,,,,,,,,,unavailable,unavailable,,unavailable,,unavailable,,unavailable,,unavailable,,unavailable,,unavailable,,unavailable,,unavailable,,unavailable,,unavailable,,unavailable,,unavailable,,unavailable,,unavailable,,unavailable,,unavailable,,unavailable,,unavailable,,unavailable,,unavailable,,unavailable,,unavailable,,unavailable
P::J2852,2026-03-01,2026-03-01,MISO,J2852,41.52772073921971,5.303304908059076,battery,0,SD,,0,0.0,,,12.0,3856.2,0.0,0.0,44130.42,1202,238194.56,3.460643394934976,Phase 1,ERIS,200.0,46109,,,BROWNS VALLEY 230KV SUBSTATION,37.786259541984734,10206.0,1.0,,0,0,0,,0,0.0,,2022-10-18,4.17,80990.37768817204,101013.0,-0.6408162377577172,0.0065300658450057865,-603.8938172043011,3.41,0.7599999999999998,18.19049822562721,OTTER TAIL POWER,25.0,4561.42,0.13259668508287292,0.7292817679558011,,,,,,,,,unavailable,unavailable,,unavailable,,unavailable,,unavailable,,unavailable,,unavailable,,unavailable,,unavailable,,unavailable,,unavailable,,unavailable,,unavailable,,unavailable,,unavailable,,unavailable,,unavailable,,unavailable,,unavailable,,unavailable,,unavailable,,unavailable,,unavailable,,unavailable,,unavailable
P::J2861,2026-03-01,2026-03-01,MISO,J2861,41.5605749486653,4.997212273764115,solar,0,MN,,0,0.0,,,98.0,18254.9,0.0,0.0,62502.18,1202,238194.56,3.463381245722108,Phase 1,NRIS,147.0,27099,,,ROCHESTER 161KV A TO ADAMS 161KV B,67.27099236641222,40058.0,1.0,,0,0,0,,0,0.0,,2022-12-06,4.17,80990.37768817204,101013.0,-0.6408162377577172,0.0065300658450057865,-603.8938172043011,4.22,-0.04999999999999982,18.19049822562721,DAIRYLAND POWER COOPERATIVE,13.0,1720.98,0.0,0.48,,,,,,,,,unavailable,unavailable,,unavailable,,unavailable,,unavailable,,unavailable,,unavailable,,unavailable,,unavailable,,unavailable,,unavailable,,unavailable,,unavailable,,unavailable,,unavailable,,unavailable,,unavailable,,unavailable,,unavailable,,unavailable,,unavailable,,unavailable,,unavailable,,unavailable,,unavailable
P::J2864,2026-03-01,2026-03-01,MISO,J2864,41.5605749486653,5.929589143389895,solar,0,AR,,0,0.0,,,74.0,18122.1,0.0,0.0,62274.18,1202,238194.56,3.463381245722108,Phase 1,NRIS,375.0,05099,,,MCNEIL EHV TO ETTA EHV 500KV,30.56615776081425,8120.0,1.0,,0,0,0,1,0,0.0,,2022-11-18,4.17,80990.37768817204,101013.0,-0.6408162377577172,0.0065300658450057865,-603.8938172043011,4.02,0.15000000000000036,18.19049822562721,ENTERGY ARKANSAS,118.0,29185.92,0.011661807580174927,0.641399416909621,,,,,,,,,unavailable,unavailable,,unavailable,,unavailable,,unavailable,,unavailable,,unavailable,,unavailable,,unavailable,,unavailable,,unavailable,,unavailable,,unavailable,,unavailable,,unavailable,,unavailable,,unavailable,,unavailable,,unavailable,,unavailable,,unavailable,,unavailable,,unavailable,,unavailable,,unavailable
P::J2865,2026-03-01,2026-03-01,MISO,J2865,41.5605749486653,5.929589143389895,solar,0,AR,,0,0.0,,,74.0,18122.1,0.0,0.0,62274.18,1202,238194.56,3.463381245722108,Phase 1,NRIS,375.0,05103,,,EL DORADO EHV MCNEIL EHV 500KV,51.20865139949109,21793.0,1.0,,0,0,0,1,0,0.0,,2022-11-18,4.17,80990.37768817204,101013.0,-0.6408162377577172,0.0065300658450057865,-603.8938172043011,4.02,0.15000000000000036,18.19049822562721,ENTERGY ARKANSAS,118.0,29185.92,0.011661807580174927,0.641399416909621,,,,,,,,,unavailable,unavailable,,unavailable,,unavailable,,unavailable,,unavailable,,unavailable,,unavailable,,unavailable,,unavailable,,unavailable,,unavailable,,unavailable,,unavailable,,unavailable,,unavailable,,unavailable,,unavailable,,unavailable,,unavailable,,unavailable,,unavailable,,unavailable,,unavailable,,unavailable
P::J2866,2026-03-01,2026-03-01,MISO,J2866,41.5605749486653,5.929589143389895,solar,0,AR,,0,0.0,,,74.0,18122.1,0.0,0.0,62274.18,1202,238194.56,3.463381245722108,Phase 1,NRIS,375.0,05099,,,MCNEIL 500KV A TO ETTA 500KV B,30.56615776081425,8120.0,1.0,,0,0,0,1,0,0.0,,2022-11-18,4.17,80990.37768817204,101013.0,-0.6408162377577172,0.0065300658450057865,-603.8938172043011,4.02,0.15000000000000036,18.19049822562721,ENTERGY ARKANSAS,118.0,29185.92,0.011661807580174927,0.641399416909621,,,,,,,,,unavailable,unavailable,,unavailable,,unavailable,,unavailable,,unavailable,,unavailable,,unavailable,,unavailable,,unavailable,,unavailable,,unavailable,,unavailable,,unavailable,,unavailable,,unavailable,,unavailable,,unavailable,,unavailable,,unavailable,,unavailable,,unavailable,,unavailable,,unavailable,,unavailable
P::J2867,2026-03-01,2026-03-01,MISO,J2867,41.59342915811088,3.9318256327243257,solar,0,MN,,0,0.0,,,98.0,18351.9,0.0,0.0,62599.18,1202,238194.56,3.46611909650924,Phase 1,NRIS,50.0,27157,,,LAKE CITY A TO ZUMBRO FALLS B,45.5470737913486,21683.0,1.0,,0,0,0,1,0,0.0,,2022-11-18,4.17,80990.37768817204,101013.0,-0.6408162377577172,0.0065300658450057865,-603.8938172043011,4.02,0.15000000000000036,18.19049822562721,SOUTHERN MINNESOTA MUNICIPAL POWER AGENCY,10.0,1585.0,0.058823529411764705,0.35294117647058826,,,,,,,,,unavailable,unavailable,,unavailable,,unavailable,,unavailable,,unavailable,,unavailable,,unavailable,,unavailable,,unavailable,,unavailable,,unavailable,,unavailable,,unavailable,,unavailable,,unavailable,,unavailable,,unavailable,,unavailable,,unavailable,,unavailable,,unavailable,,unavailable,,unavailable,,unavailable
P::J2869,2026-03-01,2026-03-01,MISO,J2869,41.49486652977413,5.017279836814924,other,0,MS,,0,0.0,,,32.0,4831.6,0.0,0.0,19813.7,1202,238194.56,3.457905544147844,Phase 1,NRIS,150.0,28133,,,GERALDANDRUS SES SWITCHYARD INDIANOLA 230KV,69.62468193384224,24468.0,1.0,,0,0,0,1,0,0.0,,2022-10-07,4.17,80990.37768817204,101013.0,-0.6408162377577172,0.0065300658450057865,-603.8938172043011,3.41,0.7599999999999998,18.19049822562721,ENTERGY MISSISSIPPI,51.0,10735.3,0.006172839506172839,0.6790123456790124,,,,,,,,,unavailable,unavailable,,unavailable,,unavailable,,unavailable,,unavailable,,unavailable,,unavailable,,unavailable,,unavailable,,unavailable,,unavailable,,unavailable,,unavailable,,unavailable,,unavailable,,unavailable,,unavailable,,unavailable,,unavailable,,unavailable,,unavailable,,unavailable,,unavailable,,unavailable
P::J2870,2026-03-01,2026-03-01,MISO,J2870,41.49486652977413,5.499624223253072,solar,0,WI,,0,0.0,,1.163586584531143,67.0,13948.86,0.0,0.0,62405.58,1202,238194.56,3.457905544147844,Phase 1,NRIS,243.6,55113,,,STONE LAKE,74.49109414758269,18552.0,1.0,,0,0,0,,0,0.0,,2022-10-24,4.17,80990.37768817204,101013.0,-0.6408162377577172,0.0065300658450057865,-603.8938172043011,3.41,0.7599999999999998,18.19049822562721,AMERICAN TRANSMISSION,110.0,22126.63,0.09090909090909091,0.6181818181818182,,,,,,,,,unavailable,unavailable,,unavailable,,unavailable,,unavailable,,unavailable,,unavailable,,unavailable,,unavailable,,unavailable,,unavailable,,unavailable,,unavailable,,unavailable,,unavailable,,unavailable,,unavailable,,unavailable,,unavailable,,unavailable,,unavailable,,unavailable,,unavailable,,unavailable,,unavailable
P::J2871,2026-03-01,2026-03-01,MISO,J2871,4.1067761806981515,4.2626798770413155,other,0,AR,,0,0.0,,,74.0,18427.1,0.0,0.0,19893.7,1202,238194.56,0.34223134839151265,Phase 1,ERIS,70.0,05093,,,AECC DELL 161KV NUCOR YAMATO 161KV SWITCHING STATION 161 0KV,89.2175572519084,38663.0,1.0,,0,0,0,1,0,0.0,,2022-10-24,4.17,80990.37768817204,101013.0,-0.6408162377577172,0.0065300658450057865,-603.8938172043011,3.41,0.7599999999999998,18.19049822562721,ARKANSAS ELECTRIC COOPERATIVE CORPORATION,5.0,780.0,0.0,0.6666666666666666,,,,,,,,,unavailable,unavailable,,unavailable,,unavailable,,unavailable,,unavailable,,unavailable,,unavailable,,unavailable,,unavailable,,unavailable,,unavailable,,unavailable,,unavailable,,unavailable,,unavailable,,unavailable,,unavailable,,unavailable,,unavailable,,unavailable,,unavailable,,unavailable,,unavailable,,unavailable
P::J2873,2026-03-01,2026-03-01,MISO,J2873,41.5605749486653,5.111987788356544,solar,0,MS,,0,0.0,,0.16427104722792607,32.0,4816.6,0.0,0.0,62484.18,1202,238194.56,3.463381245722108,Phase 1,NRIS,165.0,28127,,,MAGEE 161 WHITE OAK 161 0KV,50.95419847328244,25715.0,1.0,,0,0,0,,0,0.0,,2022-10-18,4.17,80990.37768817204,101013.0,-0.6408162377577172,0.0065300658450057865,-603.8938172043011,3.41,0.7599999999999998,18.19049822562721,COOPERATIVE ENERGY,8.0,1383.5,0.03571428571428571,0.6785714285714286,,,,,,,,,unavailable,unavailable,,unavailable,,unavailable,,unavailable,,unavailable,,unavailable,,unavailable,,unavailable,,unavailable,,unavailable,,unavailable,,unavailable,,unavailable,,unavailable,,unavailable,,unavailable,,unavailable,,unavailable,,unavailable,,unavailable,,unavailable,,unavailable,,unavailable,,unavailable
P::J2874,2026-03-01,2026-03-01,MISO,J2874,41.987679671457904,4.454347296253507,solar,0,MI,6.04517453798768,0,0.0,10.0,,174.0,34408.09,0.0,0.0,62564.18,1202,238194.56,3.4989733059548254,Phase 1,NRIS,85.0,26017,,,HAMPTON,78.18066157760815,102500.0,0.0,,0,0,0,1,0,0.0,,2022-10-24,4.17,80990.37768817204,101013.0,-0.6408162377577172,0.0065300658450057865,-603.8938172043011,3.41,0.7599999999999998,18.19049822562721,METC,167.0,33466.87,0.024691358024691357,0.45987654320987653,,,,,,,,,unavailable,unavailable,,unavailable,,unavailable,,unavailable,,unavailable,,unavailable,,unavailable,,unavailable,,unavailable,,unavailable,,unavailable,,unavailable,,unavailable,,unavailable,,unavailable,,unavailable,,unavailable,,unavailable,,unavailable,,unavailable,,unavailable,,unavailable,,unavailable,,unavailable
P::J2875,2026-03-01,2026-03-01,MISO,J2875,41.52772073921971,5.017279836814924,solar,0,MI,,0,0.0,,,174.0,34343.09,0.0,0.0,62499.18,1202,238194.56,3.460643394934976,Phase 1,NRIS,150.0,26141,,,HAGENSVILLE 138KV SUBSTATION,21.755725190839694,13285.0,1.0,,0,0,0,1,0,0.0,,2022-10-18,4.17,80990.37768817204,101013.0,-0.6408162377577172,0.0065300658450057865,-603.8938172043011,3.41,0.7599999999999998,18.19049822562721,METC,167.0,33466.87,0.024691358024691357,0.45987654320987653,,,,,,,,,unavailable,unavailable,,unavailable,,unavailable,,unavailable,,unavailable,,unavailable,,unavailable,,unavailable,,unavailable,,unavailable,,unavailable,,unavailable,,unavailable,,unavailable,,unavailable,,unavailable,,unavailable,,unavailable,,unavailable,,unavailable,,unavailable,,unavailable,,unavailable,,unavailable
P::J2877,2026-03-01,2026-03-01,MISO,J2877,41.52772073921971,4.867534450455582,solar,0,MI,,0,-35.5,,0.0,174.0,34364.09,0.0,0.0,62520.18,1202,238194.56,3.460643394934976,Phase 1,NRIS,129.0,26111,,,MURPHY TITTABAWASSEE 345 0KV,71.94656488549617,84039.0,0.0,,0,0,0,,0,0.0,,2022-10-13,4.17,80990.37768817204,101013.0,-0.6408162377577172,0.0065300658450057865,-603.8938172043011,3.41,0.7599999999999998,18.19049822562721,METC,167.0,33466.87,0.024691358024691357,0.45987654320987653,,,,,,,,,unavailable,unavailable,,unavailable,,unavailable,,unavailable,,unavailable,,unavailable,,unavailable,,unavailable,,unavailable,,unavailable,,unavailable,,unavailable,,unavailable,,unavailable,,unavailable,,unavailable,,unavailable,,unavailable,,unavailable,,unavailable,,unavailable,,unavailable,,unavailable,,unavailable
P::J2879,2026-03-01,2026-03-01,MISO,J2879,41.52772073921971,4.394449154672439,battery,0,MN,,0,0.0,,,98.0,18321.9,0.0,0.0,44250.42,1202,238194.56,3.460643394934976,Phase 1,NRIS,80.0,27163,,,CHEMOLITE,83.87404580152672,278936.0,0.0,,0,0,0,,0,0.0,,2022-10-14,4.17,80990.37768817204,101013.0,-0.6408162377577172,0.0065300658450057865,-603.8938172043011,3.41,0.7599999999999998,18.19049822562721,NORTHERN STATES POWER,72.0,15117.65,0.006134969325153374,0.5460122699386503,,,,,,,,,unavailable,unavailable,,unavailable,,unavailable,,unavailable,,unavailable,,unavailable,,unavailable,,unavailable,,unavailable,,unavailable,,unavailable,,unavailable,,unavailable,,unavailable,,unavailable,,unavailable,,unavailable,,unavailable,,unavailable,,unavailable,,unavailable,,unavailable,,unavailable,,unavailable
P::J2880,2026-03-01,2026-03-01,MISO,J2880,41.52772073921971,5.017279836814924,other,0,AR,,0,0.0,,,74.0,18347.1,1.0,215.0,19813.7,1202,238194.56,3.460643394934976,Phase 1,NRIS,150.0,05069,,,STUTTGART RICUSKEY WOODWARD 230 SUB 230 0KV,85.17811704834605,63661.0,0.0,,0,0,0,1,1,215.0,,2022-12-07,4.17,80990.37768817204,101013.0,-0.6408162377577172,0.0065300658450057865,-603.8938172043011,4.22,-0.04999999999999982,18.19049822562721,ENTERGY ARKANSAS,118.0,29185.92,0.011661807580174927,0.641399416909621,,,,,,,,,unavailable,unavailable,,unavailable,,unavailable,,unavailable,,unavailable,,unavailable,,unavailable,,unavailable,,unavailable,,unavailable,,unavailable,,unavailable,,unavailable,,unavailable,,unavailable,,unavailable,,unavailable,,unavailable,,unavailable,,unavailable,,unavailable,,unavailable,,unavailable,,unavailable
P::J2881,2026-03-01,2026-03-01,MISO,J2881,41.52772073921971,4.836281906951478,solar,0,AR,,0,0.0,,,74.0,18372.1,0.0,0.0,62524.18,1202,238194.56,3.460643394934976,Phase 1,NRIS,125.0,05069,,,AECC PINEBERGEN AECC GLENDALE 115 0KV,85.17811704834605,63661.0,0.0,,0,0,0,1,0,0.0,,2022-12-07,4.17,80990.37768817204,101013.0,-0.6408162377577172,0.0065300658450057865,-603.8938172043011,4.22,-0.04999999999999982,18.19049822562721,ENTERGY ARKANSAS,118.0,29185.92,0.011661807580174927,0.641399416909621,,,,,,,,,unavailable,unavailable,,unavailable,,unavailable,,unavailable,,unavailable,,unavailable,,unavailable,,unavailable,,unavailable,,unavailable,,unavailable,,unavailable,,unavailable,,unavailable,,unavailable,,unavailable,,unavailable,,unavailable,,unavailable,,unavailable,,unavailable,,unavailable,,unavailable,,unavailable
P::J2885,2026-03-01,2026-03-01,MISO,J2885,41.790554414784395,4.875197323201151,solar,0,MN,,0,0.0,,,98.0,18271.9,0.0,0.0,62519.18,1202,238194.56,3.482546201232033,Phase 1,NRIS,130.0,27125,,,PLUMMER PIPE,2.162849872773537,3911.0,1.0,,0,0,0,,0,0.0,,2022-10-17,4.17,80990.37768817204,101013.0,-0.6408162377577172,0.0065300658450057865,-603.8938172043011,3.41,0.7599999999999998,18.19049822562721,OTTER TAIL POWER,25.0,4561.42,0.13259668508287292,0.7292817679558011,,,,,,,,,unavailable,unavailable,,unavailable,,unavailable,,unavailable,,unavailable,,unavailable,,unavailable,,unavailable,,unavailable,,unavailable,,unavailable,,unavailable,,unavailable,,unavailable,,unavailable,,unavailable,,unavailable,,unavailable,,unavailable,,unavailable,,unavailable,,unavailable,,unavailable,,unavailable
P::J2886,2026-03-01,2026-03-01,MISO,J2886,41.49486652977413,4.7535901911063645,other,0,IL,,0,0.0,,,187.0,35335.11,0.0,0.0,19848.7,1202,238194.56,3.457905544147844,Phase 2,NRIS,115.0,17167,,,4AUBURN N 4JACKSNVL 138KV,91.69847328244275,193491.0,0.0,,0,0,0,1,0,0.0,,2022-10-27,4.17,80990.37768817204,101013.0,-0.6408162377577172,0.0065300658450057865,-603.8938172043011,3.41,0.7599999999999998,18.19049822562721,AMEREN ILLINOIS,221.0,41217.38,0.07429718875502007,0.4779116465863454,,,,,,,,,unavailable,unavailable,,unavailable,,unavailable,,unavailable,,unavailable,,unavailable,,unavailable,,unavailable,,unavailable,,unavailable,,unavailable,,unavailable,,unavailable,,unavailable,,unavailable,,unavailable,,unavailable,,unavailable,,unavailable,,unavailable,,unavailable,,unavailable,,unavailable,,unavailable
P::J2891,2026-03-01,2026-03-01,MISO,J2891,25.691991786447637,3.9318256327243257,solar,0,WI,,0,0.0,,,67.0,14142.460000000001,43.0,12991.869999999999,62599.18,1202,238194.56,2.1409993155373033,Phase 1,NRIS,50.0,55059,,,OTHER_,84.95547073791349,167488.0,0.0,,0,0,0,1,43,12991.869999999999,,2022-10-18,4.17,80990.37768817204,101013.0,-0.6408162377577172,0.0065300658450057865,-603.8938172043011,3.41,0.7599999999999998,18.19049822562721,AMERICAN TRANSMISSION,110.0,22126.63,0.09090909090909091,0.6181818181818182,,,,,,,,,unavailable,unavailable,,unavailable,,unavailable,,unavailable,,unavailable,,unavailable,,unavailable,,unavailable,,unavailable,,unavailable,,unavailable,,unavailable,,unavailable,,unavailable,,unavailable,,unavailable,,unavailable,,unavailable,,unavailable,,unavailable,,unavailable,,unavailable,,unavailable,,unavailable
P::J2897,2026-03-01,2026-03-01,MISO,J2897,41.49486652977413,5.017279836814924,other,0,TX,,0,0.0,,,12.0,2885.3,0.0,0.0,19813.7,1202,238194.56,3.457905544147844,Phase 1,ERIS,150.0,48407,,,RIVTRIN SHECO CALVIN 138 0KV,58.87404580152672,28936.0,1.0,,0,0,0,1,0,0.0,,2022-10-24,4.17,80990.37768817204,101013.0,-0.6408162377577172,0.0065300658450057865,-603.8938172043011,3.41,0.7599999999999998,18.19049822562721,ENTERGY TEXAS,20.0,5378.0,0.029850746268656716,0.6716417910447762,,,,,,,,,unavailable,unavailable,,unavailable,,unavailable,,unavailable,,unavailable,,unavailable,,unavailable,,unavailable,,unavailable,,unavailable,,unavailable,,unavailable,,unavailable,,unavailable,,unavailable,,unavailable,,unavailable,,unavailable,,unavailable,,unavailable,,unavailable,,unavailable,,unavailable,,unavailable
P::J2899,2026-03-01,2026-03-01,MISO,J2899,41.52772073921971,5.5254529391317835,other,0,LA,,0,0.0,,,59.0,13069.51,0.0,0.0,19713.7,1202,238194.56,3.460643394934976,Phase 1,ERIS,250.0,22019,,,GOOS FERRY CHALKLEY CO 230 0KV,95.70610687022901,203761.0,0.0,,0,0,0,,0,0.0,,2022-10-18,4.17,80990.37768817204,101013.0,-0.6408162377577172,0.0065300658450057865,-603.8938172043011,3.41,0.7599999999999998,18.19049822562721,ENTERGY LOUISIANA,85.0,23972.93,0.016,0.644,,,,,,,,,unavailable,unavailable,,unavailable,,unavailable,,unavailable,,unavailable,,unavailable,,unavailable,,unavailable,,unavailable,,unavailable,,unavailable,,unavailable,,unavailable,,unavailable,,unavailable,,unavailable,,unavailable,,unavailable,,unavailable,,unavailable,,unavailable,,unavailable,,unavailable,,unavailable
P::J2901,2026-03-01,2026-03-01,MISO,J2901,41.5605749486653,4.948759890378168,solar,0,AR,,0,0.0,,,74.0,18357.1,0.0,0.0,62509.18,1202,238194.56,3.463381245722108,Phase 1,ERIS,140.0,05027,,,MACEDONIA TAYLOR 115 0KV,42.08015267175573,22150.0,1.0,,0,0,0,1,0,0.0,,2022-10-25,4.17,80990.37768817204,101013.0,-0.6408162377577172,0.0065300658450057865,-603.8938172043011,3.41,0.7599999999999998,18.19049822562721,ENTERGY ARKANSAS,118.0,29185.92,0.011661807580174927,0.641399416909621,,,,,,,,,unavailable,unavailable,,unavailable,,unavailable,,unavailable,,unavailable,,unavailable,,unavailable,,unavailable,,unavailable,,unavailable,,unavailable,,unavailable,,unavailable,,unavailable,,unavailable,,unavailable,,unavailable,,unavailable,,unavailable,,unavailable,,unavailable,,unavailable,,unavailable,,unavailable
P::J2907,2026-03-01,2026-03-01,MISO,J2907,41.49486652977413,5.993961427306569,other,0,AR,,0,0.0,,,74.0,18097.1,0.0,0.0,19563.7,1202,238194.56,3.457905544147844,Phase 1,NRIS,400.0,05053,,,SHERIDAN 500KV,15.712468193384224,18383.0,1.0,,0,0,0,,0,0.0,,2022-10-20,4.17,80990.37768817204,101013.0,-0.6408162377577172,0.0065300658450057865,-603.8938172043011,3.41,0.7599999999999998,18.19049822562721,ENTERGY ARKANSAS,118.0,29185.92,0.011661807580174927,0.641399416909621,,,,,,,,,unavailable,unavailable,,unavailable,,unavailable,,unavailable,,unavailable,,unavailable,,unavailable,,unavailable,,unavailable,,unavailable,,unavailable,,unavailable,,unavailable,,unavailable,,unavailable,,unavailable,,unavailable,,unavailable,,unavailable,,unavailable,,unavailable,,unavailable,,unavailable,,unavailable
P::J2908,2026-03-01,2026-03-01,MISO,J2908,43.13757700205339,3.4339872044851463,solar,0,IL,,0,0.0,,,187.0,35420.11,0.0,0.0,62619.18,1202,238194.56,3.594798083504449,Phase 2,E-NRIS,30.0,17137,,,JACKSONVILLE NORTH,71.11959287531806,32140.0,1.0,,0,0,0,1,0,0.0,,2022-10-26,4.17,80990.37768817204,101013.0,-0.6408162377577172,0.0065300658450057865,-603.8938172043011,3.41,0.7599999999999998,18.19049822562721,AMEREN ILLINOIS,221.0,41217.38,0.07429718875502007,0.4779116465863454,,,,,,,,,unavailable,unavailable,,unavailable,,unavailable,,unavailable,,unavailable,,unavailable,,unavailable,,unavailable,,unavailable,,unavailable,,unavailable,,unavailable,,unavailable,,unavailable,,unavailable,,unavailable,,unavailable,,unavailable,,unavailable,,unavailable,,unavailable,,unavailable,,unavailable,,unavailable
P::J2913,2026-03-01,2026-03-01,MISO,J2913,41.49486652977413,4.51085950651685,battery,0,ND,,0,0.0,,,14.0,2535.0,0.0,0.0,44240.42,1202,238194.56,3.457905544147844,Phase 1,ERIS,90.0,38081,,,FORMAN 115KV SUBSTATION,7.442748091603053,3776.0,1.0,,0,0,0,,0,0.0,,2022-10-24,4.17,80990.37768817204,101013.0,-0.6408162377577172,0.0065300658450057865,-603.8938172043011,3.41,0.7599999999999998,18.19049822562721,OTTER TAIL POWER,25.0,4561.42,0.13259668508287292,0.7292817679558011,,,,,,,,,unavailable,unavailable,,unavailable,,unavailable,,unavailable,,unavailable,,unavailable,,unavailable,,unavailable,,unavailable,,unavailable,,unavailable,,unavailable,,unavailable,,unavailable,,unavailable,,unavailable,,unavailable,,unavailable,,unavailable,,unavailable,,unavailable,,unavailable,,unavailable,,unavailable
P::J2914,2026-03-01,2026-03-01,MISO,J2914,41.52772073921971,6.111467339502679,other,0,LA,,0,0.0,,,59.0,12869.51,0.0,0.0,19513.7,1202,238194.56,3.460643394934976,Phase 1,ERIS,450.0,22103,,,MCKNIGHT PLANT DANIEL 500 0KV,96.56488549618321,275583.0,0.0,,0,0,0,1,0,0.0,,2022-12-19,4.17,80990.37768817204,101013.0,-0.6408162377577172,0.0065300658450057865,-603.8938172043011,4.22,-0.04999999999999982,18.19049822562721,ENTERGY LOUISIANA,85.0,23972.93,0.016,0.644,,,,,,,,,unavailable,unavailable,,unavailable,,unavailable,,unavailable,,unavailable,,unavailable,,unavailable,,unavailable,,unavailable,,unavailable,,unavailable,,unavailable,,unavailable,,unavailable,,unavailable,,unavailable,,unavailable,,unavailable,,unavailable,,unavailable,,unavailable,,unavailable,,unavailable,,unavailable
P::J2917,2026-03-01,2026-03-01,MISO,J2917,41.52772073921971,4.394449154672439,solar,0,LA,,0,0.0,,,59.0,13239.51,0.0,0.0,62569.18,1202,238194.56,3.460643394934976,Phase 1,NRIS,80.0,22073,,,PRAIRIE ROAD,87.5,157568.0,0.0,,0,0,0,1,0,0.0,,2022-10-24,4.17,80990.37768817204,101013.0,-0.6408162377577172,0.0065300658450057865,-603.8938172043011,3.41,0.7599999999999998,18.19049822562721,ENTERGY LOUISIANA,85.0,23972.93,0.016,0.644,,,,,,,,,unavailable,unavailable,,unavailable,,unavailable,,unavailable,,unavailable,,unavailable,,unavailable,,unavailable,,unavailable,,unavailable,,unavailable,,unavailable,,unavailable,,unavailable,,unavailable,,unavailable,,unavailable,,unavailable,,unavailable,,unavailable,,unavailable,,unavailable,,unavailable,,unavailable
P::J2918,2026-03-01,2026-03-01,MISO,J2918,41.52772073921971,4.584967478670572,solar,0,IL,,0,0.0,,,187.0,35353.11,0.0,0.0,62552.18,1202,238194.56,3.460643394934976,Phase 2,NRIS,97.0,17079,,,4EFFINGHM N 4NEWTON 138KV,20.419847328244277,9144.0,1.0,,0,0,0,1,0,0.0,,2022-10-17,4.17,80990.37768817204,101013.0,-0.6408162377577172,0.0065300658450057865,-603.8938172043011,3.41,0.7599999999999998,18.19049822562721,AMEREN ILLINOIS,221.0,41217.38,0.07429718875502007,0.4779116465863454,,,,,,,,,unavailable,unavailable,,unavailable,,unavailable,,unavailable,,unavailable,,unavailable,,unavailable,,unavailable,,unavailable,,unavailable,,unavailable,,unavailable,,unavailable,,unavailable,,unavailable,,unavailable,,unavailable,,unavailable,,unavailable,,unavailable,,unavailable,,unavailable,,unavailable,,unavailable
P::J2920,2026-03-01,2026-03-01,MISO,J2920,41.49486652977413,4.532599493153256,solar,0,LA,,0,0.0,,2.1656399726214923,59.0,13227.51,0.0,0.0,62557.18,1202,238194.56,3.457905544147844,Phase 1,ERIS,92.0,22085,,,1673 INTERCONNECTION SUBSTATION,60.973282442748086,21906.0,1.0,,0,0,0,1,0,0.0,,2022-12-14,4.17,80990.37768817204,101013.0,-0.6408162377577172,0.0065300658450057865,-603.8938172043011,4.22,-0.04999999999999982,18.19049822562721,CLECO POWER,33.0,7851.48,0.019417475728155338,0.6601941747572816,,,,,,,,,unavailable,unavailable,,unavailable,,unavailable,,unavailable,,unavailable,,unavailable,,unavailable,,unavailable,,unavailable,,unavailable,,unavailable,,unavailable,,unavailable,,unavailable,,unavailable,,unavailable,,unavailable,,unavailable,,unavailable,,unavailable,,unavailable,,unavailable,,unavailable,,unavailable
P::J2921,2026-03-01,2026-03-01,MISO,J2921,41.49486652977413,5.5254529391317835,solar,0,MI,,0,0.0,,,174.0,34243.09,43.0,12791.869999999999,62399.18,1202,238194.56,3.457905544147844,Phase 1,NRIS,250.0,26025,,,OTHER_,74.52290076335878,133366.0,0.0,,0,0,0,1,43,12791.869999999999,,2022-10-20,4.17,80990.37768817204,101013.0,-0.6408162377577172,0.0065300658450057865,-603.8938172043011,3.41,0.7599999999999998,18.19049822562721,ITC,83.0,19624.149999999998,0.0,0.27586206896551724,,,,,,,,,unavailable,unavailable,,unavailable,,unavailable,,unavailable,,unavailable,,unavailable,,unavailable,,unavailable,,unavailable,,unavailable,,unavailable,,unavailable,,unavailable,,unavailable,,unavailable,,unavailable,,unavailable,,unavailable,,unavailable,,unavailable,,unavailable,,unavailable,,unavailable,,unavailable
P::J2922,2026-03-01,2026-03-01,MISO,J2922,41.52772073921971,5.5254529391317835,solar,0,IL,,0,0.0,,,187.0,35200.11,3.0,625.0,62399.18,1202,238194.56,3.460643394934976,Phase 2,ERIS,250.0,17079,,,7CASEY 7NEWTON 345 0KV,20.419847328244277,9144.0,1.0,,0,0,0,1,3,625.0,,2022-10-28,4.17,80990.37768817204,101013.0,-0.6408162377577172,0.0065300658450057865,-603.8938172043011,3.41,0.7599999999999998,18.19049822562721,AMEREN ILLINOIS,221.0,41217.38,0.07429718875502007,0.4779116465863454,,,,,,,,,unavailable,unavailable,,unavailable,,unavailable,,unavailable,,unavailable,,unavailable,,unavailable,,unavailable,,unavailable,,unavailable,,unavailable,,unavailable,,unavailable,,unavailable,,unavailable,,unavailable,,unavailable,,unavailable,,unavailable,,unavailable,,unavailable,,unavailable,,unavailable,,unavailable
P::J2924,2026-03-01,2026-03-01,MISO,J2924,41.49486652977413,5.407171771460119,other,0,AR,,0,0.0,,0.16427104722792607,74.0,18275.1,0.0,0.0,19741.7,1202,238194.56,3.457905544147844,Phase 1,NRIS,222.0,05027,,,EL DORADO EHV SAREPTA 345 115 SS 345 0KV,42.08015267175573,22150.0,1.0,,0,0,0,1,0,0.0,,2022-10-20,4.17,80990.37768817204,101013.0,-0.6408162377577172,0.0065300658450057865,-603.8938172043011,3.41,0.7599999999999998,18.19049822562721,ENTERGY LOUISIANA,85.0,23972.93,0.016,0.644,,,,,,,,,unavailable,unavailable,,unavailable,,unavailable,,unavailable,,unavailable,,unavailable,,unavailable,,unavailable,,unavailable,,unavailable,,unavailable,,unavailable,,unavailable,,unavailable,,unavailable,,unavailable,,unavailable,,unavailable,,unavailable,,unavailable,,unavailable,,unavailable,,unavailable,,unavailable
P::J2930,2026-03-01,2026-03-01,MISO,J2930,41.52772073921971,5.303304908059076,wind_onshore,0,KY,,0,0.0,,,7.0,1017.0,2.0,600.0,26981.11,1202,238194.56,3.460643394934976,Phase 2,NRIS,200.0,21101,,,AB BROWN 345 REID EHV BREC TERMINAL 345 0KV,73.15521628498728,44119.0,1.0,,0,0,0,1,2,600.0,,2022-10-20,4.17,80990.37768817204,101013.0,-0.6408162377577172,0.0065300658450057865,-603.8938172043011,3.41,0.7599999999999998,18.19049822562721,SOUTHERN INDIANA GAS ELECTRIC D B A CENTERPOINT ENERGY INDIANA SOUTH,13.0,2430.0,0.0,0.5666666666666667,,,,,,,,,unavailable,unavailable,,unavailable,,unavailable,,unavailable,,unavailable,,unavailable,,unavailable,,unavailable,,unavailable,,unavailable,,unavailable,,unavailable,,unavailable,,unavailable,,unavailable,,unavailable,,unavailable,,unavailable,,unavailable,,unavailable,,unavailable,,unavailable,,unavailable,,unavailable
P::J2931,2026-03-01,2026-03-01,MISO,J2931,41.52772073921971,5.993961427306569,solar,0,KY,,0,0.0,,,7.0,817.0,2.0,400.0,62249.18,1202,238194.56,3.460643394934976,Phase 2,NRIS,400.0,21101,,,AB BROWN 345 REID EHV BREC TERMINAL 345 0KV,73.15521628498728,44119.0,1.0,,0,0,0,1,2,400.0,,2022-10-26,4.17,80990.37768817204,101013.0,-0.6408162377577172,0.0065300658450057865,-603.8938172043011,3.41,0.7599999999999998,18.19049822562721,SOUTHERN INDIANA GAS ELECTRIC D B A CENTERPOINT ENERGY INDIANA SOUTH,13.0,2430.0,0.0,0.5666666666666667,,,,,,,,,unavailable,unavailable,,unavailable,,unavailable,,unavailable,,unavailable,,unavailable,,unavailable,,unavailable,,unavailable,,unavailable,,unavailable,,unavailable,,unavailable,,unavailable,,unavailable,,unavailable,,unavailable,,unavailable,,unavailable,,unavailable,,unavailable,,unavailable,,unavailable,,unavailable
P::J2937,2026-03-01,2026-03-01,MISO,J2937,41.49486652977413,5.231108616854587,solar,0,IL,,0,0.0,,,187.0,35264.11,0.0,0.0,62463.18,1202,238194.56,3.457905544147844,Phase 2,NRIS,186.0,17135,,,4PANA 4OAKLEY 138 0KV,65.39440203562341,27663.0,1.0,,0,0,0,1,0,0.0,,2022-10-20,4.17,80990.37768817204,101013.0,-0.6408162377577172,0.0065300658450057865,-603.8938172043011,3.41,0.7599999999999998,18.19049822562721,AMEREN ILLINOIS,221.0,41217.38,0.07429718875502007,0.4779116465863454,,,,,,,,,unavailable,unavailable,,unavailable,,unavailable,,unavailable,,unavailable,,unavailable,,unavailable,,unavailable,,unavailable,,unavailable,,unavailable,,unavailable,,unavailable,,unavailable,,unavailable,,unavailable,,unavailable,,unavailable,,unavailable,,unavailable,,unavailable,,unavailable,,unavailable,,unavailable
P::J2938,2026-03-01,2026-03-01,MISO,J2938,41.49486652977413,5.303304908059076,wind_onshore,0,IL,,0,0.0,,,187.0,35250.11,0.0,0.0,26981.11,1202,238194.56,3.457905544147844,Phase 2,NRIS,200.0,17095,,,4MONM BLVD W 4CASTRO_JCT 138 0KV,57.156488549618324,48411.0,1.0,,0,0,0,1,0,0.0,,2022-12-16,4.17,80990.37768817204,101013.0,-0.6408162377577172,0.0065300658450057865,-603.8938172043011,4.22,-0.04999999999999982,18.19049822562721,AMEREN ILLINOIS,221.0,41217.38,0.07429718875502007,0.4779116465863454,,,,,,,,,unavailable,unavailable,,unavailable,,unavailable,,unavailable,,unavailable,,unavailable,,unavailable,,unavailable,,unavailable,,unavailable,,unavailable,,unavailable,,unavailable,,unavailable,,unavailable,,unavailable,,unavailable,,unavailable,,unavailable,,unavailable,,unavailable,,unavailable,,unavailable,,unavailable
P::J2944,2026-03-01,2026-03-01,MISO,J2944,41.49486652977413,5.860786223465865,natural_gas,0,WI,,0,0.0,,,67.0,13842.460000000001,0.0,0.0,26533.0,1202,238194.56,3.457905544147844,Phase 1,NRIS,350.0,55141,,,ROCKY RUN GARDNER PARK 345 0KV,75.89058524173028,73939.0,0.0,,0,0,0,,0,0.0,,2022-10-13,4.17,80990.37768817204,101013.0,-0.6408162377577172,0.0065300658450057865,-603.8938172043011,3.41,0.7599999999999998,18.19049822562721,AMERICAN TRANSMISSION,110.0,22126.63,0.09090909090909091,0.6181818181818182,,,,,,,,,unavailable,unavailable,,unavailable,,unavailable,,unavailable,,unavailable,,unavailable,,unavailable,,unavailable,,unavailable,,unavailable,,unavailable,,unavailable,,unavailable,,unavailable,,unavailable,,unavailable,,unavailable,,unavailable,,unavailable,,unavailable,,unavailable,,unavailable,,unavailable,,unavailable
P::J2945,2026-03-01,2026-03-01,MISO,J2945,41.49486652977413,5.860786223465865,natural_gas,0,IA,,0,0.0,,,71.0,14279.54,0.0,0.0,26533.0,1202,238194.56,3.457905544147844,Phase 2,NRIS,350.0,19183,,,SUB T 3 HILLS 3 345 0KV,44.179389312977094,22560.0,1.0,,0,0,0,,0,0.0,,2022-10-13,4.17,80990.37768817204,101013.0,-0.6408162377577172,0.0065300658450057865,-603.8938172043011,3.41,0.7599999999999998,18.19049822562721,MIDAMERICAN ENERGY,45.0,8895.24,0.18652849740932642,0.5803108808290155,,,,,,,,,unavailable,unavailable,,unavailable,,unavailable,,unavailable,,unavailable,,unavailable,,unavailable,,unavailable,,unavailable,,unavailable,,unavailable,,unavailable,,unavailable,,unavailable,,unavailable,,unavailable,,unavailable,,unavailable,,unavailable,,unavailable,,unavailable,,unavailable,,unavailable,,unavailable
P::J2946,2026-03-01,2026-03-01,MISO,J2946,41.49486652977413,5.081404364984463,natural_gas,0,IA,,0,0.0,,,71.0,14469.54,0.0,0.0,26723.0,1202,238194.56,3.457905544147844,Phase 1,NRIS,160.0,19061,,,SALEM HICKORY CREEK 345KV LINE,63.58142493638677,98887.0,0.0,,0,0,0,1,0,0.0,,2022-10-13,4.17,80990.37768817204,101013.0,-0.6408162377577172,0.0065300658450057865,-603.8938172043011,3.41,0.7599999999999998,18.19049822562721,ITC MIDWEST,87.0,14086.3,0.18114143920595532,0.6029776674937966,,,,,,,,,unavailable,unavailable,,unavailable,,unavailable,,unavailable,,unavailable,,unavailable,,unavailable,,unavailable,,unavailable,,unavailable,,unavailable,,unavailable,,unavailable,,unavailable,,unavailable,,unavailable,,unavailable,,unavailable,,unavailable,,unavailable,,unavailable,,unavailable,,unavailable,,unavailable
P::J2947,2026-03-01,2026-03-01,MISO,J2947,41.49486652977413,5.327876168789581,natural_gas,0,WI,,0,0.0,,,67.0,13987.460000000001,0.0,0.0,26678.0,1202,238194.56,3.457905544147844,Phase 1,NRIS,205.0,55105,,,ROCK RIVER 138KV SUBSTATIONS 1 6 RICE AND 2 5 RICE,86.35496183206108,164278.0,0.0,,0,0,0,,0,0.0,,2022-10-13,4.17,80990.37768817204,101013.0,-0.6408162377577172,0.0065300658450057865,-603.8938172043011,3.41,0.7599999999999998,18.19049822562721,AMERICAN TRANSMISSION,110.0,22126.63,0.09090909090909091,0.6181818181818182,,,,,,,,,unavailable,unavailable,,unavailable,,unavailable,,unavailable,,unavailable,,unavailable,,unavailable,,unavailable,,unavailable,,unavailable,,unavailable,,unavailable,,unavailable,,unavailable,,unavailable,,unavailable,,unavailable,,unavailable,,unavailable,,unavailable,,unavailable,,unavailable,,unavailable,,unavailable
P::J2948,2026-03-01,2026-03-01,MISO,J2948,41.49486652977413,4.330733340286331,natural_gas,0,IA,,0,0.0,,,71.0,14554.54,0.0,0.0,26808.0,1202,238194.56,3.457905544147844,Phase 1,NRIS,75.0,19127,,,MARSHALLTOWN,62.468193384223916,40014.0,1.0,,0,0,0,1,0,0.0,,2022-09-15,4.17,80990.37768817204,101013.0,-0.6408162377577172,0.0065300658450057865,-603.8938172043011,2.83,1.3399999999999999,18.19049822562721,ITC MIDWEST,87.0,14086.3,0.18114143920595532,0.6029776674937966,,,,,,,,,unavailable,unavailable,,unavailable,,unavailable,,unavailable,,unavailable,,unavailable,,unavailable,,unavailable,,unavailable,,unavailable,,unavailable,,unavailable,,unavailable,,unavailable,,unavailable,,unavailable,,unavailable,,unavailable,,unavailable,,unavailable,,unavailable,,unavailable,,unavailable,,unavailable
P::J2949,2026-03-01,2026-03-01,MISO,J2949,41.52772073921971,4.61512051684126,battery,0,IA,,0,0.0,,,71.0,14529.54,0.0,0.0,44230.42,1202,238194.56,3.460643394934976,Phase 1,NRIS,100.0,19127,,,MARSHALLTOWN 161KV SUBSTATION,62.468193384223916,40014.0,1.0,,0,0,0,1,0,0.0,,2022-10-28,4.17,80990.37768817204,101013.0,-0.6408162377577172,0.0065300658450057865,-603.8938172043011,3.41,0.7599999999999998,18.19049822562721,ITC MIDWEST,87.0,14086.3,0.18114143920595532,0.6029776674937966,,,,,,,,,unavailable,unavailable,,unavailable,,unavailable,,unavailable,,unavailable,,unavailable,,unavailable,,unavailable,,unavailable,,unavailable,,unavailable,,unavailable,,unavailable,,unavailable,,unavailable,,unavailable,,unavailable,,unavailable,,unavailable,,unavailable,,unavailable,,unavailable,,unavailable,,unavailable
P::J2951,2026-03-01,2026-03-01,MISO,J2951,41.82340862422998,3.9318256327243257,solar,0,IA,,0,0.0,,,71.0,14579.54,0.0,0.0,62599.18,1202,238194.56,3.485284052019165,Phase 1,NRIS-Only,50.0,19175,,,CRESTON ROADHOUSE,49.52290076335878,11906.0,1.0,,0,0,0,,0,0.0,,2022-09-05,4.17,80990.37768817204,101013.0,-0.6408162377577172,0.0065300658450057865,-603.8938172043011,2.88,1.29,18.19049822562721,ITC MIDWEST,87.0,14086.3,0.18114143920595532,0.6029776674937966,,,,,,,,,unavailable,unavailable,,unavailable,,unavailable,,unavailable,,unavailable,,unavailable,,unavailable,,unavailable,,unavailable,,unavailable,,unavailable,,unavailable,,unavailable,,unavailable,,unavailable,,unavailable,,unavailable,,unavailable,,unavailable,,unavailable,,unavailable,,unavailable,,unavailable,,unavailable
P::J2952,2026-03-01,2026-03-01,MISO,J2952,41.52772073921971,4.61512051684126,solar,0,TX,,0,0.0,,,12.0,2935.3,0.0,0.0,62549.18,1202,238194.56,3.460643394934976,Phase 1,NRIS,100.0,48071,,,CROOKED BAYOU TO STOWELL 138KV LINE,51.844783715012724,53876.0,0.0,,0,0,0,1,0,0.0,,2022-10-24,4.17,80990.37768817204,101013.0,-0.6408162377577172,0.0065300658450057865,-603.8938172043011,3.41,0.7599999999999998,18.19049822562721,ENTERGY TEXAS,20.0,5378.0,0.029850746268656716,0.6716417910447762,,,,,,,,,unavailable,unavailable,,unavailable,,unavailable,,unavailable,,unavailable,,unavailable,,unavailable,,unavailable,,unavailable,,unavailable,,unavailable,,unavailable,,unavailable,,unavailable,,unavailable,,unavailable,,unavailable,,unavailable,,unavailable,,unavailable,,unavailable,,unavailable,,unavailable,,unavailable
P::J2954,2026-03-01,2026-03-01,MISO,J2954,41.52772073921971,4.61512051684126,solar,0,AR,,0,0.0,,,74.0,18397.1,0.0,0.0,62549.18,1202,238194.56,3.460643394934976,Phase 1,NRIS,100.0,05021,,,AECC CORNING NORTH Ã DATTO 161KV,71.62849872773536,14201.0,1.0,,0,0,0,1,0,0.0,,2022-10-24,4.17,80990.37768817204,101013.0,-0.6408162377577172,0.0065300658450057865,-603.8938172043011,3.41,0.7599999999999998,18.19049822562721,ENTERGY ARKANSAS,118.0,29185.92,0.011661807580174927,0.641399416909621,,,,,,,,,unavailable,unavailable,,unavailable,,unavailable,,unavailable,,unavailable,,unavailable,,unavailable,,unavailable,,unavailable,,unavailable,,unavailable,,unavailable,,unavailable,,unavailable,,unavailable,,unavailable,,unavailable,,unavailable,,unavailable,,unavailable,,unavailable,,unavailable,,unavailable,,unavailable
P::J2955,2026-03-01,2026-03-01,MISO,J2955,27.761806981519506,5.017279836814924,solar,0,AR,,0,0.0,,,74.0,18347.1,0.0,0.0,62499.18,1202,238194.56,2.3134839151266258,Phase 1,NRIS,150.0,05125,,,WRIGHTSVILLE Ã WHITE BLUFF EHV 115KV,77.63994910941476,129574.0,0.0,,0,0,0,,0,0.0,,2022-10-24,4.17,80990.37768817204,101013.0,-0.6408162377577172,0.0065300658450057865,-603.8938172043011,3.41,0.7599999999999998,18.19049822562721,ENTERGY ARKANSAS,118.0,29185.92,0.011661807580174927,0.641399416909621,,,,,,,,,unavailable,unavailable,,unavailable,,unavailable,,unavailable,,unavailable,,unavailable,,unavailable,,unavailable,,unavailable,,unavailable,,unavailable,,unavailable,,unavailable,,unavailable,,unavailable,,unavailable,,unavailable,,unavailable,,unavailable,,unavailable,,unavailable,,unavailable,,unavailable,,unavailable
P::J2956,2026-03-01,2026-03-01,MISO,J2956,41.49486652977413,4.61512051684126,other,0,LA,,0,0.0,,,59.0,13219.51,0.0,0.0,19863.7,1202,238194.56,3.457905544147844,Phase 1,NRIS,100.0,22067,,,GALION 115KV SUBSTATION,55.279898218829516,23955.0,1.0,,0,0,0,1,0,0.0,,2022-10-25,4.17,80990.37768817204,101013.0,-0.6408162377577172,0.0065300658450057865,-603.8938172043011,3.41,0.7599999999999998,18.19049822562721,ENTERGY LOUISIANA,85.0,23972.93,0.016,0.644,,,,,,,,,unavailable,unavailable,,unavailable,,unavailable,,unavailable,,unavailable,,unavailable,,unavailable,,unavailable,,unavailable,,unavailable,,unavailable,,unavailable,,unavailable,,unavailable,,unavailable,,unavailable,,unavailable,,unavailable,,unavailable,,unavailable,,unavailable,,unavailable,,unavailable,,unavailable
P::J2957,2026-03-01,2026-03-01,MISO,J2957,41.49486652977413,4.61512051684126,other,0,MS,,0,0.0,,,32.0,4881.6,0.0,0.0,19863.7,1202,238194.56,3.457905544147844,Phase 1,NRIS,100.0,28107,,,COMO CRENSHAW 115KV LINE,69.21119592875317,32669.0,1.0,,0,0,0,1,0,0.0,,2022-10-07,4.17,80990.37768817204,101013.0,-0.6408162377577172,0.0065300658450057865,-603.8938172043011,3.41,0.7599999999999998,18.19049822562721,ENTERGY MISSISSIPPI,51.0,10735.3,0.006172839506172839,0.6790123456790124,,,,,,,,,unavailable,unavailable,,unavailable,,unavailable,,unavailable,,unavailable,,unavailable,,unavailable,,unavailable,,unavailable,,unavailable,,unavailable,,unavailable,,unavailable,,unavailable,,unavailable,,unavailable,,unavailable,,unavailable,,unavailable,,unavailable,,unavailable,,unavailable,,unavailable,,unavailable
P::J2963,2026-03-01,2026-03-01,MISO,J2963,41.52772073921971,5.303304908059076,wind_onshore,0,IL,,0,0.0,,,187.0,35250.11,0.0,0.0,26981.11,1202,238194.56,3.460643394934976,Phase 2,NRIS,200.0,17125,,,PURO,43.034351145038165,12523.0,1.0,,0,0,0,1,0,0.0,,2022-10-18,4.17,80990.37768817204,101013.0,-0.6408162377577172,0.0065300658450057865,-603.8938172043011,3.41,0.7599999999999998,18.19049822562721,AMEREN ILLINOIS,221.0,41217.38,0.07429718875502007,0.4779116465863454,,,,,,,,,unavailable,unavailable,,unavailable,,unavailable,,unavailable,,unavailable,,unavailable,,unavailable,,unavailable,,unavailable,,unavailable,,unavailable,,unavailable,,unavailable,,unavailable,,unavailable,,unavailable,,unavailable,,unavailable,,unavailable,,unavailable,,unavailable,,unavailable,,unavailable,,unavailable
P::J2965,2026-03-01,2026-03-01,MISO,J2965,41.49486652977413,5.198497031265826,wind_onshore,0,LA,,0,0.0,,0.16427104722792607,59.0,13139.51,0.0,0.0,27001.11,1202,238194.56,3.457905544147844,Phase 1,NRIS,180.0,,,,OAK GROVE 115 SUB,,,,,,,,,0,0.0,,2022-12-08,4.17,80990.37768817204,101013.0,-0.6408162377577172,0.0065300658450057865,-603.8938172043011,4.22,-0.04999999999999982,18.19049822562721,ENTERGY LOUISIANA,85.0,23972.93,0.016,0.644,,,,,,,,,unavailable,unavailable,,unavailable,,unavailable,,unavailable,,unavailable,,unavailable,,unavailable,,unavailable,,unavailable,,unavailable,,unavailable,,unavailable,,unavailable,,unavailable,,unavailable,,unavailable,,unavailable,,unavailable,,unavailable,,unavailable,,unavailable,,unavailable,,unavailable,,unavailable
P::J2966,2026-03-01,2026-03-01,MISO,J2966,41.724845995893226,6.111467339502679,solar,0,MS,,0,0.0,,,32.0,4531.6,0.0,0.0,62199.18,1202,238194.56,3.477070499657769,Phase 1,NRIS,450.0,28119,,,BATESVILLE TO MOON LAKE SS 230KV LINE,18.51145038167939,5546.0,1.0,,0,0,0,1,0,0.0,,2022-10-13,4.17,80990.37768817204,101013.0,-0.6408162377577172,0.0065300658450057865,-603.8938172043011,3.41,0.7599999999999998,18.19049822562721,ENTERGY MISSISSIPPI,51.0,10735.3,0.006172839506172839,0.6790123456790124,,,,,,,,,unavailable,unavailable,,unavailable,,unavailable,,unavailable,,unavailable,,unavailable,,unavailable,,unavailable,,unavailable,,unavailable,,unavailable,,unavailable,,unavailable,,unavailable,,unavailable,,unavailable,,unavailable,,unavailable,,unavailable,,unavailable,,unavailable,,unavailable,,unavailable,,unavailable
P::J2967,2026-03-01,2026-03-01,MISO,J2967,41.69199178644764,5.303304908059076,solar,0,LA,,0,0.0,,,59.0,13119.51,0.0,0.0,62449.18,1202,238194.56,3.4743326488706368,Phase 1,NRIS,200.0,22053,,,LOWE GROUT RD TO JENNINGS 138KV LINE,74.33206106870229,31553.0,1.0,,0,0,0,1,0,0.0,,2022-10-13,4.17,80990.37768817204,101013.0,-0.6408162377577172,0.0065300658450057865,-603.8938172043011,3.41,0.7599999999999998,18.19049822562721,ENTERGY LOUISIANA,85.0,23972.93,0.016,0.644,,,,,,,,,unavailable,unavailable,,unavailable,,unavailable,,unavailable,,unavailable,,unavailable,,unavailable,,unavailable,,unavailable,,unavailable,,unavailable,,unavailable,,unavailable,,unavailable,,unavailable,,unavailable,,unavailable,,unavailable,,unavailable,,unavailable,,unavailable,,unavailable,,unavailable,,unavailable
P::J2969,2026-03-01,2026-03-01,MISO,J2969,41.59342915811088,2.667228206581955,natural_gas,0,MI,,0,0.0,,1.163586584531143,174.0,34479.689999999995,0.0,0.0,26869.6,1202,238194.56,3.46611909650924,Phase 1,NRIS,13.4,26079,,,KALKASKA GEN,21.278625954198475,18490.0,1.0,,0,0,0,1,0,0.0,,2022-09-12,4.17,80990.37768817204,101013.0,-0.6408162377577172,0.0065300658450057865,-603.8938172043011,2.83,1.3399999999999999,18.19049822562721,MICHIGAN PUBLIC POWER AGENCY,1.0,13.4,0.0,0.0,,,,,,,,,unavailable,unavailable,,unavailable,,unavailable,,unavailable,,unavailable,,unavailable,,unavailable,,unavailable,,unavailable,,unavailable,,unavailable,,unavailable,,unavailable,,unavailable,,unavailable,,unavailable,,unavailable,,unavailable,,unavailable,,unavailable,,unavailable,,unavailable,,unavailable,,unavailable
P::J2972,2026-03-01,2026-03-01,MISO,J2972,41.49486652977413,4.948759890378168,solar,0,IL,,0,0.0,,2.1656399726214923,187.0,35310.11,1.0,50.0,62509.18,1202,238194.56,3.457905544147844,Phase 2,NRIS,140.0,17001,,,4HULL 4HERLEMAN 138 0KV,64.18575063613231,64441.0,0.0,,0,0,0,1,1,50.0,,2022-10-13,4.17,80990.37768817204,101013.0,-0.6408162377577172,0.0065300658450057865,-603.8938172043011,3.41,0.7599999999999998,18.19049822562721,AMEREN ILLINOIS,221.0,41217.38,0.07429718875502007,0.4779116465863454,,,,,,,,,unavailable,unavailable,,unavailable,,unavailable,,unavailable,,unavailable,,unavailable,,unavailable,,unavailable,,unavailable,,unavailable,,unavailable,,unavailable,,unavailable,,unavailable,,unavailable,,unavailable,,unavailable,,unavailable,,unavailable,,unavailable,,unavailable,,unavailable,,unavailable,,unavailable
P::J2973,2026-03-01,2026-03-01,MISO,J2973,41.49486652977413,5.5254529391317835,solar,0,IL,,0,0.0,,,187.0,35200.11,1.0,200.0,62399.18,1202,238194.56,3.457905544147844,Phase 2,NRIS,250.0,17021,,,7FARADAY 7PANA 345 0KV,54.039440203562336,33228.0,1.0,,0,0,0,1,1,200.0,,2022-10-13,4.17,80990.37768817204,101013.0,-0.6408162377577172,0.0065300658450057865,-603.8938172043011,3.41,0.7599999999999998,18.19049822562721,AMEREN TRANSMISSION OF ILLINOIS,38.0,9232.83,0.06578947368421052,0.4342105263157895,,,,,,,,,unavailable,unavailable,,unavailable,,unavailable,,unavailable,,unavailable,,unavailable,,unavailable,,unavailable,,unavailable,,unavailable,,unavailable,,unavailable,,unavailable,,unavailable,,unavailable,,unavailable,,unavailable,,unavailable,,unavailable,,unavailable,,unavailable,,unavailable,,unavailable,,unavailable
P::J2974,2026-03-01,2026-03-01,MISO,J2974,41.49486652977413,3.9318256327243257,battery,0,IL,,0,0.0,,,187.0,35400.11,1.0,140.0,44280.42,1202,238194.56,3.457905544147844,Phase 2,NRIS,50.0,17001,,,4HULL 4HERLEMAN 138 0KV,64.18575063613231,64441.0,0.0,,0,0,0,1,1,140.0,,2022-09-15,4.17,80990.37768817204,101013.0,-0.6408162377577172,0.0065300658450057865,-603.8938172043011,2.83,1.3399999999999999,18.19049822562721,AMEREN ILLINOIS,221.0,41217.38,0.07429718875502007,0.4779116465863454,,,,,,,,,unavailable,unavailable,,unavailable,,unavailable,,unavailable,,unavailable,,unavailable,,unavailable,,unavailable,,unavailable,,unavailable,,unavailable,,unavailable,,unavailable,,unavailable,,unavailable,,unavailable,,unavailable,,unavailable,,unavailable,,unavailable,,unavailable,,unavailable,,unavailable,,unavailable
P::J2982,2026-03-01,2026-03-01,MISO,J2982,41.52772073921971,3.58351893845611,solar,0,IL,,0,0.0,,,187.0,35415.11,0.0,0.0,62614.18,1202,238194.56,3.460643394934976,Phase 2,NRIS,35.0,17187,,,LINE 6629 MONMOUTH 69KV SWITCHING STATION,15.489821882951654,16185.0,1.0,,0,0,0,1,0,0.0,,2022-10-14,4.17,80990.37768817204,101013.0,-0.6408162377577172,0.0065300658450057865,-603.8938172043011,3.41,0.7599999999999998,18.19049822562721,AMEREN ILLINOIS,221.0,41217.38,0.07429718875502007,0.4779116465863454,,,,,,,,,unavailable,unavailable,,unavailable,,unavailable,,unavailable,,unavailable,,unavailable,,unavailable,,unavailable,,unavailable,,unavailable,,unavailable,,unavailable,,unavailable,,unavailable,,unavailable,,unavailable,,unavailable,,unavailable,,unavailable,,unavailable,,unavailable,,unavailable,,unavailable,,unavailable
P::J2983,2026-03-01,2026-03-01,MISO,J2983,41.49486652977413,4.948759890378168,solar,0,AR,,0,0.0,,0.16427104722792607,74.0,18357.1,0.0,0.0,62509.18,1202,238194.56,3.457905544147844,Phase 1,ERIS,140.0,05053,,,WOODWARD 115 SUB AECC GRAPEVINE 115 0KV,15.712468193384224,18383.0,1.0,,0,0,0,,0,0.0,,2022-09-29,4.17,80990.37768817204,101013.0,-0.6408162377577172,0.0065300658450057865,-603.8938172043011,2.83,1.3399999999999999,18.19049822562721,ENTERGY ARKANSAS,118.0,29185.92,0.011661807580174927,0.641399416909621,,,,,,,,,unavailable,unavailable,,unavailable,,unavailable,,unavailable,,unavailable,,unavailable,,unavailable,,unavailable,,unavailable,,unavailable,,unavailable,,unavailable,,unavailable,,unavailable,,unavailable,,unavailable,,unavailable,,unavailable,,unavailable,,unavailable,,unavailable,,unavailable,,unavailable,,unavailable
P::J2985,2026-03-01,2026-03-01,MISO,J2985,41.49486652977413,4.912654885736052,solar,0,AR,,0,0.0,,0.16427104722792607,74.0,18362.1,0.0,0.0,62514.18,1202,238194.56,3.457905544147844,Phase 1,ERIS,135.0,05017,,,AECC CHICOT EUDORA 115 0KV,43.765903307888046,9538.0,1.0,,0,0,0,1,0,0.0,,2022-10-06,4.17,80990.37768817204,101013.0,-0.6408162377577172,0.0065300658450057865,-603.8938172043011,3.41,0.7599999999999998,18.19049822562721,ENTERGY ARKANSAS,118.0,29185.92,0.011661807580174927,0.641399416909621,,,,,,,,,unavailable,unavailable,,unavailable,,unavailable,,unavailable,,unavailable,,unavailable,,unavailable,,unavailable,,unavailable,,unavailable,,unavailable,,unavailable,,unavailable,,unavailable,,unavailable,,unavailable,,unavailable,,unavailable,,unavailable,,unavailable,,unavailable,,unavailable,,unavailable,,unavailable
P::J2986,2026-03-01,2026-03-01,MISO,J2986,41.49486652977413,4.394449154672439,solar,0,AR,,0,0.0,,0.16427104722792607,74.0,18417.1,0.0,0.0,62569.18,1202,238194.56,3.457905544147844,Phase 1,ERIS,80.0,05001,,,AECC DELUCE GILLETT 115 0KV,63.199745547073796,16307.0,1.0,,0,0,0,1,0,0.0,,2022-09-27,4.17,80990.37768817204,101013.0,-0.6408162377577172,0.0065300658450057865,-603.8938172043011,2.83,1.3399999999999999,18.19049822562721,ARKANSAS ELECTRIC COOPERATIVE CORPORATION,5.0,780.0,0.0,0.6666666666666666,,,,,,,,,unavailable,unavailable,,unavailable,,unavailable,,unavailable,,unavailable,,unavailable,,unavailable,,unavailable,,unavailable,,unavailable,,unavailable,,unavailable,,unavailable,,unavailable,,unavailable,,unavailable,,unavailable,,unavailable,,unavailable,,unavailable,,unavailable,,unavailable,,unavailable,,unavailable
P::J2987,2026-03-01,2026-03-01,MISO,J2987,41.52772073921971,5.303304908059076,solar,0,IN,,0,0.0,,2.1656399726214923,89.0,18491.7,1.0,220.0,62449.18,1202,238194.56,3.460643394934976,Phase 2,ERIS,200.0,18055,,,MEROM PRIMARY WORTHINGTON PRIMARY 345 0KV,42.49363867684479,31196.0,1.0,,0,0,0,1,1,220.0,,2022-09-29,4.17,80990.37768817204,101013.0,-0.6408162377577172,0.0065300658450057865,-603.8938172043011,2.83,1.3399999999999999,18.19049822562721,HOOSIER ENERGY,21.0,4291.16,0.025,0.45,,,,,,,,,unavailable,unavailable,,unavailable,,unavailable,,unavailable,,unavailable,,unavailable,,unavailable,,unavailable,,unavailable,,unavailable,,unavailable,,unavailable,,unavailable,,unavailable,,unavailable,,unavailable,,unavailable,,unavailable,,unavailable,,unavailable,,unavailable,,unavailable,,unavailable,,unavailable
P::J2988,2026-03-01,2026-03-01,MISO,J2988,41.52772073921971,5.170483995038151,wind_onshore,0,IA,,0,0.0,,,71.0,14454.54,0.0,0.0,27006.11,1202,238194.56,3.460643394934976,Phase 1,NRIS,175.0,19091,,,J2256 POI IRVINGTON 345KV LINE,24.077608142493638,9500.0,1.0,,0,0,0,,0,0.0,,2022-09-27,4.17,80990.37768817204,101013.0,-0.6408162377577172,0.0065300658450057865,-603.8938172043011,2.83,1.3399999999999999,18.19049822562721,MIDAMERICAN ENERGY,45.0,8895.24,0.18652849740932642,0.5803108808290155,,,,,,,,,unavailable,unavailable,,unavailable,,unavailable,,unavailable,,unavailable,,unavailable,,unavailable,,unavailable,,unavailable,,unavailable,,unavailable,,unavailable,,unavailable,,unavailable,,unavailable,,unavailable,,unavailable,,unavailable,,unavailable,,unavailable,,unavailable,,unavailable,,unavailable,,unavailable
P::J2989,2026-03-01,2026-03-01,MISO,J2989,41.52772073921971,5.303304908059076,wind_onshore,0,IA,,0,0.0,,,71.0,14429.54,0.0,0.0,26981.11,1202,238194.56,3.460643394934976,Phase 1,NRIS,200.0,19083,,,BLACKHAWK MEC QUINN 345KV,58.396946564885496,16463.0,1.0,,0,0,0,,0,0.0,,2022-09-26,4.17,80990.37768817204,101013.0,-0.6408162377577172,0.0065300658450057865,-603.8938172043011,2.83,1.3399999999999999,18.19049822562721,ITC MIDWEST,87.0,14086.3,0.18114143920595532,0.6029776674937966,,,,,,,,,unavailable,unavailable,,unavailable,,unavailable,,unavailable,,unavailable,,unavailable,,unavailable,,unavailable,,unavailable,,unavailable,,unavailable,,unavailable,,unavailable,,unavailable,,unavailable,,unavailable,,unavailable,,unavailable,,unavailable,,unavailable,,unavailable,,unavailable,,unavailable,,unavailable
P::J2990,2026-03-01,2026-03-01,MISO,J2990,41.52772073921971,5.303304908059076,wind_onshore,0,IA,,0,0.0,,,71.0,14429.54,0.0,0.0,26981.11,1202,238194.56,3.460643394934976,Phase 1,NRIS,200.0,19155,,,OVERLAND J1859 POI 345KV LINE TAP,80.43893129770993,93179.0,0.0,,0,0,0,1,0,0.0,,2022-09-27,4.17,80990.37768817204,101013.0,-0.6408162377577172,0.0065300658450057865,-603.8938172043011,2.83,1.3399999999999999,18.19049822562721,MIDAMERICAN ENERGY,45.0,8895.24,0.18652849740932642,0.5803108808290155,,,,,,,,,unavailable,unavailable,,unavailable,,unavailable,,unavailable,,unavailable,,unavailable,,unavailable,,unavailable,,unavailable,,unavailable,,unavailable,,unavailable,,unavailable,,unavailable,,unavailable,,unavailable,,unavailable,,unavailable,,unavailable,,unavailable,,unavailable,,unavailable,,unavailable,,unavailable
P::J2991,2026-03-01,2026-03-01,MISO,J2991,41.52772073921971,5.303304908059076,battery,0,MI,,0,0.0,,,174.0,34293.09,0.0,0.0,44130.42,1202,238194.56,3.460643394934976,Phase 1,NRIS,200.0,26163,,,DAYTON 120KV SUBSTATION,98.95038167938931,1751169.0,0.0,,0,0,0,1,0,0.0,,2022-09-27,4.17,80990.37768817204,101013.0,-0.6408162377577172,0.0065300658450057865,-603.8938172043011,2.83,1.3399999999999999,18.19049822562721,ITC,83.0,19624.149999999998,0.0,0.27586206896551724,,,,,,,,,unavailable,unavailable,,unavailable,,unavailable,,unavailable,,unavailable,,unavailable,,unavailable,,unavailable,,unavailable,,unavailable,,unavailable,,unavailable,,unavailable,,unavailable,,unavailable,,unavailable,,unavailable,,unavailable,,unavailable,,unavailable,,unavailable,,unavailable,,unavailable,,unavailable
P::J2997,2026-03-01,2026-03-01,MISO,J2997,41.52772073921971,5.081404364984463,battery,0,MI,,0,0.0,,0.16427104722792607,174.0,34333.09,0.0,0.0,44170.42,1202,238194.56,3.460643394934976,Phase 1,NRIS,160.0,26093,,,COLFAX MADRID 120 0KV,73.47328244274809,196757.0,0.0,,0,0,0,,0,0.0,,2022-10-20,4.17,80990.37768817204,101013.0,-0.6408162377577172,0.0065300658450057865,-603.8938172043011,3.41,0.7599999999999998,18.19049822562721,ITC,83.0,19624.149999999998,0.0,0.27586206896551724,,,,,,,,,unavailable,unavailable,,unavailable,,unavailable,,unavailable,,unavailable,,unavailable,,unavailable,,unavailable,,unavailable,,unavailable,,unavailable,,unavailable,,unavailable,,unavailable,,unavailable,,unavailable,,unavailable,,unavailable,,unavailable,,unavailable,,unavailable,,unavailable,,unavailable,,unavailable
P::J2998,2026-03-01,2026-03-01,MISO,J2998,41.52772073921971,5.303304908059076,battery,0,IL,,0,0.0,,,187.0,35250.11,0.0,0.0,44130.42,1202,238194.56,3.460643394934976,Phase 2,NRIS,200.0,17163,,,FAYETTEVILLE BEE HOLLOW ROAD 138KV SUBSTATION,94.91094147582697,251018.0,0.0,,0,0,0,1,0,0.0,,2022-09-27,4.17,80990.37768817204,101013.0,-0.6408162377577172,0.0065300658450057865,-603.8938172043011,2.83,1.3399999999999999,18.19049822562721,AMEREN ILLINOIS,221.0,41217.38,0.07429718875502007,0.4779116465863454,,,,,,,,,unavailable,unavailable,,unavailable,,unavailable,,unavailable,,unavailable,,unavailable,,unavailable,,unavailable,,unavailable,,unavailable,,unavailable,,unavailable,,unavailable,,unavailable,,unavailable,,unavailable,,unavailable,,unavailable,,unavailable,,unavailable,,unavailable,,unavailable,,unavailable,,unavailable
P::J2999,2026-03-01,2026-03-01,MISO,J2999,41.49486652977413,5.5254529391317835,solar,0,MS,,0,0.0,,0.16427104722792607,32.0,4731.6,0.0,0.0,62399.18,1202,238194.56,3.457905544147844,Phase 1,NRIS,250.0,28111,,,HINTONVILLE,19.49745547073791,11315.0,1.0,,0,0,0,,0,0.0,,2022-09-26,4.17,80990.37768817204,101013.0,-0.6408162377577172,0.0065300658450057865,-603.8938172043011,2.83,1.3399999999999999,18.19049822562721,COOPERATIVE ENERGY,8.0,1383.5,0.03571428571428571,0.6785714285714286,,,,,,,,,unavailable,unavailable,,unavailable,,unavailable,,unavailable,,unavailable,,unavailable,,unavailable,,unavailable,,unavailable,,unavailable,,unavailable,,unavailable,,unavailable,,unavailable,,unavailable,,unavailable,,unavailable,,unavailable,,unavailable,,unavailable,,unavailable,,unavailable,,unavailable,,unavailable
P::J3002,2026-03-01,2026-03-01,MISO,J3002,41.49486652977413,5.666426688112432,other,0,MN,,0,0.0,,0.16427104722792607,98.0,18113.9,0.0,0.0,19675.7,1202,238194.56,3.457905544147844,Phase 1,NRIS,288.0,27115,,,ARROWHEAD BEAR CREEK GRE 230KV,62.150127226463106,30197.0,1.0,,0,0,0,,0,0.0,,2022-10-14,4.17,80990.37768817204,101013.0,-0.6408162377577172,0.0065300658450057865,-603.8938172043011,3.41,0.7599999999999998,18.19049822562721,MINNESOTA POWER,11.0,1852.6,0.0,0.56,,,,,,,,,unavailable,unavailable,,unavailable,,unavailable,,unavailable,,unavailable,,unavailable,,unavailable,,unavailable,,unavailable,,unavailable,,unavailable,,unavailable,,unavailable,,unavailable,,unavailable,,unavailable,,unavailable,,unavailable,,unavailable,,unavailable,,unavailable,,unavailable,,unavailable,,unavailable
P::J3003,2026-03-01,2026-03-01,MISO,J3003,41.49486652977413,5.198497031265826,other,0,IL,,0,0.0,,,187.0,35270.11,0.0,0.0,19783.7,1202,238194.56,3.457905544147844,Phase 2,NRIS,180.0,17125,,,4HAVANA2 4CINCINATTI 138 0KV,43.034351145038165,12523.0,1.0,,0,0,0,1,0,0.0,,2022-10-13,4.17,80990.37768817204,101013.0,-0.6408162377577172,0.0065300658450057865,-603.8938172043011,3.41,0.7599999999999998,18.19049822562721,AMEREN ILLINOIS,221.0,41217.38,0.07429718875502007,0.4779116465863454,,,,,,,,,unavailable,unavailable,,unavailable,,unavailable,,unavailable,,unavailable,,unavailable,,unavailable,,unavailable,,unavailable,,unavailable,,unavailable,,unavailable,,unavailable,,unavailable,,unavailable,,unavailable,,unavailable,,unavailable,,unavailable,,unavailable,,unavailable,,unavailable,,unavailable,,unavailable
P::J3004,2026-03-01,2026-03-01,MISO,J3004,41.49486652977413,4.962844630259907,other,0,IL,,0,0.0,,0.16427104722792607,187.0,35308.11,0.0,0.0,19821.7,1202,238194.56,3.457905544147844,Phase 2,NRIS,142.0,17125,,,CANE,43.034351145038165,12523.0,1.0,,0,0,0,1,0,0.0,,2022-10-14,4.17,80990.37768817204,101013.0,-0.6408162377577172,0.0065300658450057865,-603.8938172043011,3.41,0.7599999999999998,18.19049822562721,AMEREN ILLINOIS,221.0,41217.38,0.07429718875502007,0.4779116465863454,,,,,,,,,unavailable,unavailable,,unavailable,,unavailable,,unavailable,,unavailable,,unavailable,,unavailable,,unavailable,,unavailable,,unavailable,,unavailable,,unavailable,,unavailable,,unavailable,,unavailable,,unavailable,,unavailable,,unavailable,,unavailable,,unavailable,,unavailable,,unavailable,,unavailable,,unavailable
P::J3006,2026-03-01,2026-03-01,MISO,J3006,7.063655030800821,5.707110264748875,battery,0,WI,,0,0.0,,,67.0,13892.460000000001,0.0,0.0,44030.42,1202,238194.56,0.5886379192334018,Phase 1,NRIS,300.0,55079,,,GRANVILLE345KV SUBSTATION,98.37786259541986,916205.0,0.0,,0,0,0,1,0,0.0,,2022-10-21,4.17,80990.37768817204,101013.0,-0.6408162377577172,0.0065300658450057865,-603.8938172043011,3.41,0.7599999999999998,18.19049822562721,AMERICAN TRANSMISSION,110.0,22126.63,0.09090909090909091,0.6181818181818182,,,,,,,,,unavailable,unavailable,,unavailable,,unavailable,,unavailable,,unavailable,,unavailable,,unavailable,,unavailable,,unavailable,,unavailable,,unavailable,,unavailable,,unavailable,,unavailable,,unavailable,,unavailable,,unavailable,,unavailable,,unavailable,,unavailable,,unavailable,,unavailable,,unavailable,,unavailable
P::J3007,2026-03-01,2026-03-01,MISO,J3007,42.18480492813142,4.61512051684126,battery,0,MI,,0,0.0,,,174.0,34393.09,0.0,0.0,44230.42,1202,238194.56,3.515400410677618,Phase 1,NRIS,100.0,26105,,,PERE MARQUETTE LINDEMAN 138 0KV,25.349872773536898,29159.0,1.0,,0,0,0,1,0,0.0,,2022-09-11,4.17,80990.37768817204,101013.0,-0.6408162377577172,0.0065300658450057865,-603.8938172043011,2.83,1.3399999999999999,18.19049822562721,METC,167.0,33466.87,0.024691358024691357,0.45987654320987653,,,,,,,,,unavailable,unavailable,,unavailable,,unavailable,,unavailable,,unavailable,,unavailable,,unavailable,,unavailable,,unavailable,,unavailable,,unavailable,,unavailable,,unavailable,,unavailable,,unavailable,,unavailable,,unavailable,,unavailable,,unavailable,,unavailable,,unavailable,,unavailable,,unavailable,,unavailable
P::J3009,2026-03-01,2026-03-01,MISO,J3009,42.18480492813142,5.017279836814924,battery,0,MI,,0,0.0,,,174.0,34343.09,0.0,0.0,44180.42,1202,238194.56,3.515400410677618,Phase 1,NRIS,150.0,26161,,,VOYAGER,89.28117048346056,365536.0,0.0,,0,0,0,,0,0.0,,2022-09-11,4.17,80990.37768817204,101013.0,-0.6408162377577172,0.0065300658450057865,-603.8938172043011,2.83,1.3399999999999999,18.19049822562721,ITC,83.0,19624.149999999998,0.0,0.27586206896551724,,,,,,,,,unavailable,unavailable,,unavailable,,unavailable,,unavailable,,unavailable,,unavailable,,unavailable,,unavailable,,unavailable,,unavailable,,unavailable,,unavailable,,unavailable,,unavailable,,unavailable,,unavailable,,unavailable,,unavailable,,unavailable,,unavailable,,unavailable,,unavailable,,unavailable,,unavailable
P::J3015,2026-03-01,2026-03-01,MISO,J3015,41.52772073921971,5.993961427306569,other,0,IL,,0,0.0,,,187.0,35050.11,0.0,0.0,19563.7,1202,238194.56,3.460643394934976,Phase 2,ERIS,400.0,17075,,,GILMAN WATSEKA 138KV,73.95038167938931,26136.0,1.0,,0,0,0,1,0,0.0,,2022-11-03,4.17,80990.37768817204,101013.0,-0.6408162377577172,0.0065300658450057865,-603.8938172043011,3.41,0.7599999999999998,18.19049822562721,AMEREN ILLINOIS,221.0,41217.38,0.07429718875502007,0.4779116465863454,,,,,,,,,unavailable,unavailable,,unavailable,,unavailable,,unavailable,,unavailable,,unavailable,,unavailable,,unavailable,,unavailable,,unavailable,,unavailable,,unavailable,,unavailable,,unavailable,,unavailable,,unavailable,,unavailable,,unavailable,,unavailable,,unavailable,,unavailable,,unavailable,,unavailable,,unavailable
P::J3021,2026-03-01,2026-03-01,MISO,J3021,41.52772073921971,5.4638318050256105,solar,0,MN,,0,0.0,,,98.0,18166.9,0.0,0.0,62414.18,1202,238194.56,3.460643394934976,Phase 1,ERIS,235.0,27083,,,LAKE YANKTON TO LYON COUNTY 115KV,43.47964376590331,25427.0,1.0,,0,0,0,,0,0.0,,2022-09-14,4.17,80990.37768817204,101013.0,-0.6408162377577172,0.0065300658450057865,-603.8938172043011,2.83,1.3399999999999999,18.19049822562721,NORTHERN STATES POWER,72.0,15117.65,0.006134969325153374,0.5460122699386503,,,,,,,,,unavailable,unavailable,,unavailable,,unavailable,,unavailable,,unavailable,,unavailable,,unavailable,,unavailable,,unavailable,,unavailable,,unavailable,,unavailable,,unavailable,,unavailable,,unavailable,,unavailable,,unavailable,,unavailable,,unavailable,,unavailable,,unavailable,,unavailable,,unavailable,,unavailable
P::J3027,2026-03-01,2026-03-01,MISO,J3027,41.52772073921971,5.707110264748875,other,0,IL,,0,0.0,,,187.0,35150.11,5.0,1350.0,19663.7,1202,238194.56,3.460643394934976,Phase 2,NRIS,300.0,17113,,,7FARGO 7SANDBURG 345 0KV,86.89567430025446,170441.0,0.0,,0,0,0,,5,1350.0,,2022-11-03,4.17,80990.37768817204,101013.0,-0.6408162377577172,0.0065300658450057865,-603.8938172043011,3.41,0.7599999999999998,18.19049822562721,AMEREN TRANSMISSION OF ILLINOIS,38.0,9232.83,0.06578947368421052,0.4342105263157895,,,,,,,,,unavailable,unavailable,,unavailable,,unavailable,,unavailable,,unavailable,,unavailable,,unavailable,,unavailable,,unavailable,,unavailable,,unavailable,,unavailable,,unavailable,,unavailable,,unavailable,,unavailable,,unavailable,,unavailable,,unavailable,,unavailable,,unavailable,,unavailable,,unavailable,,unavailable
P::J3028,2026-03-01,2026-03-01,MISO,J3028,41.52772073921971,4.61512051684126,other,0,MS,,0,0.0,,,32.0,4881.6,0.0,0.0,19863.7,1202,238194.56,3.460643394934976,Phase 1,NRIS,100.0,28111,,,WAYNESBORO 161 HINTONVILLE 161 161 0KV,19.49745547073791,11315.0,1.0,,0,0,0,,0,0.0,,2022-11-03,4.17,80990.37768817204,101013.0,-0.6408162377577172,0.0065300658450057865,-603.8938172043011,3.41,0.7599999999999998,18.19049822562721,COOPERATIVE ENERGY,8.0,1383.5,0.03571428571428571,0.6785714285714286,,,,,,,,,unavailable,unavailable,,unavailable,,unavailable,,unavailable,,unavailable,,unavailable,,unavailable,,unavailable,,unavailable,,unavailable,,unavailable,,unavailable,,unavailable,,unavailable,,unavailable,,unavailable,,unavailable,,unavailable,,unavailable,,unavailable,,unavailable,,unavailable,,unavailable,,unavailable
P::J3030,2026-03-01,2026-03-01,MISO,J3030,41.52772073921971,6.111467339502679,other,0,AR,,0,0.0,,,74.0,18047.1,0.0,0.0,19513.7,1202,238194.56,3.460643394934976,Phase 1,ERIS,450.0,05069,,,WHITE BLUFF TO SHERIDAN 500KV,85.17811704834605,63661.0,0.0,,0,0,0,1,0,0.0,,2022-11-03,4.17,80990.37768817204,101013.0,-0.6408162377577172,0.0065300658450057865,-603.8938172043011,3.41,0.7599999999999998,18.19049822562721,ENTERGY ARKANSAS,118.0,29185.92,0.011661807580174927,0.641399416909621,,,,,,,,,unavailable,unavailable,,unavailable,,unavailable,,unavailable,,unavailable,,unavailable,,unavailable,,unavailable,,unavailable,,unavailable,,unavailable,,unavailable,,unavailable,,unavailable,,unavailable,,unavailable,,unavailable,,unavailable,,unavailable,,unavailable,,unavailable,,unavailable,,unavailable,,unavailable
P::J3031,2026-03-01,2026-03-01,MISO,J3031,41.52772073921971,5.303304908059076,battery,0,IL,,0,0.0,,,187.0,35250.11,0.0,0.0,44130.42,1202,238194.56,3.460643394934976,Phase 2,NRIS,200.0,17081,,,4WLTNVL TP 138KV,77.2264631043257,36320.0,1.0,,0,0,0,1,0,0.0,,2022-10-31,4.17,80990.37768817204,101013.0,-0.6408162377577172,0.0065300658450057865,-603.8938172043011,3.41,0.7599999999999998,18.19049822562721,AMEREN ILLINOIS,221.0,41217.38,0.07429718875502007,0.4779116465863454,,,,,,,,,unavailable,unavailable,,unavailable,,unavailable,,unavailable,,unavailable,,unavailable,,unavailable,,unavailable,,unavailable,,unavailable,,unavailable,,unavailable,,unavailable,,unavailable,,unavailable,,unavailable,,unavailable,,unavailable,,unavailable,,unavailable,,unavailable,,unavailable,,unavailable,,unavailable
P::J3035,2026-03-01,2026-03-01,MISO,J3035,41.49486652977413,4.61512051684126,solar,0,AR,,0,0.0,,,74.0,18397.1,0.0,0.0,62549.18,1202,238194.56,3.457905544147844,Phase 1,NRIS,100.0,05041,,,REED SS ROHWER 115 0KV,32.88804071246819,10479.0,1.0,,0,0,0,1,0,0.0,,2022-09-28,4.17,80990.37768817204,101013.0,-0.6408162377577172,0.0065300658450057865,-603.8938172043011,2.83,1.3399999999999999,18.19049822562721,ENTERGY ARKANSAS,118.0,29185.92,0.011661807580174927,0.641399416909621,,,,,,,,,unavailable,unavailable,,unavailable,,unavailable,,unavailable,,unavailable,,unavailable,,unavailable,,unavailable,,unavailable,,unavailable,,unavailable,,unavailable,,unavailable,,unavailable,,unavailable,,unavailable,,unavailable,,unavailable,,unavailable,,unavailable,,unavailable,,unavailable,,unavailable,,unavailable
P::J3039,2026-03-01,2026-03-01,MISO,J3039,41.5605749486653,5.303304908059076,solar,0,MN,,0,0.0,,,98.0,18201.9,2.0,400.0,62449.18,1202,238194.56,3.463381245722108,Phase 1,NRIS,200.0,27109,,,BYRON 161KV,82.3473282442748,164784.0,0.0,,0,0,0,1,2,400.0,,2022-11-18,4.17,80990.37768817204,101013.0,-0.6408162377577172,0.0065300658450057865,-603.8938172043011,4.02,0.15000000000000036,18.19049822562721,SOUTHERN MINNESOTA MUNICIPAL POWER AGENCY,10.0,1585.0,0.058823529411764705,0.35294117647058826,,,,,,,,,unavailable,unavailable,,unavailable,,unavailable,,unavailable,,unavailable,,unavailable,,unavailable,,unavailable,,unavailable,,unavailable,,unavailable,,unavailable,,unavailable,,unavailable,,unavailable,,unavailable,,unavailable,,unavailable,,unavailable,,unavailable,,unavailable,,unavailable,,unavailable,,unavailable
P::J3040,2026-03-01,2026-03-01,MISO,J3040,41.5605749486653,5.673323267171493,solar,0,AR,,0,-20.54794520547945,,0.0,74.0,18207.1,0.0,0.0,62359.18,1202,238194.56,3.463381245722108,Phase 1,NRIS,290.0,05103,,,EL DORADO EHV MCNEIL EHV 500 0KV,51.20865139949109,21793.0,1.0,,0,0,0,1,0,0.0,,2022-12-06,4.17,80990.37768817204,101013.0,-0.6408162377577172,0.0065300658450057865,-603.8938172043011,4.22,-0.04999999999999982,18.19049822562721,ENTERGY ARKANSAS,118.0,29185.92,0.011661807580174927,0.641399416909621,,,,,,,,,unavailable,unavailable,,unavailable,,unavailable,,unavailable,,unavailable,,unavailable,,unavailable,,unavailable,,unavailable,,unavailable,,unavailable,,unavailable,,unavailable,,unavailable,,unavailable,,unavailable,,unavailable,,unavailable,,unavailable,,unavailable,,unavailable,,unavailable,,unavailable,,unavailable
P::J3041,2026-03-01,2026-03-01,MISO,J3041,41.5605749486653,5.303304908059076,solar,0,MN,,0,0.0,,,98.0,18201.9,2.0,400.0,62449.18,1202,238194.56,3.463381245722108,Phase 1,NRIS,200.0,27109,,,BYRON 161KV,82.3473282442748,164784.0,0.0,,0,0,0,1,2,400.0,,2022-11-18,4.17,80990.37768817204,101013.0,-0.6408162377577172,0.0065300658450057865,-603.8938172043011,4.02,0.15000000000000036,18.19049822562721,SOUTHERN MINNESOTA MUNICIPAL POWER AGENCY,10.0,1585.0,0.058823529411764705,0.35294117647058826,,,,,,,,,unavailable,unavailable,,unavailable,,unavailable,,unavailable,,unavailable,,unavailable,,unavailable,,unavailable,,unavailable,,unavailable,,unavailable,,unavailable,,unavailable,,unavailable,,unavailable,,unavailable,,unavailable,,unavailable,,unavailable,,unavailable,,unavailable,,unavailable,,unavailable,,unavailable
P::J3042,2026-03-01,2026-03-01,MISO,J3042,41.49486652977413,5.017279836814924,solar,0,LA,,0,0.0,,0.16427104722792607,59.0,13169.51,0.0,0.0,62499.18,1202,238194.56,3.457905544147844,Phase 1,ERIS,150.0,22095,,,WATERFORD 230 SWYD VACHERIE 230 0KV,81.5203562340967,39592.0,1.0,,0,0,0,1,0,0.0,,2022-10-18,4.17,80990.37768817204,101013.0,-0.6408162377577172,0.0065300658450057865,-603.8938172043011,3.41,0.7599999999999998,18.19049822562721,ENTERGY LOUISIANA,85.0,23972.93,0.016,0.644,,,,,,,,,unavailable,unavailable,,unavailable,,unavailable,,unavailable,,unavailable,,unavailable,,unavailable,,unavailable,,unavailable,,unavailable,,unavailable,,unavailable,,unavailable,,unavailable,,unavailable,,unavailable,,unavailable,,unavailable,,unavailable,,unavailable,,unavailable,,unavailable,,unavailable,,unavailable
P::J3045,2026-03-01,2026-03-01,MISO,J3045,41.52772073921971,5.707110264748875,solar,0,TX,,0,0.0,,2.1656399726214923,12.0,2735.3,0.0,0.0,62349.18,1202,238194.56,3.460643394934976,Phase 1,NRIS,300.0,48361,,,CHISHOLM RD HARTBURG 230KV,85.90966921119593,85722.0,0.0,,0,0,0,1,0,0.0,,2022-10-28,4.17,80990.37768817204,101013.0,-0.6408162377577172,0.0065300658450057865,-603.8938172043011,3.41,0.7599999999999998,18.19049822562721,ENTERGY TEXAS,20.0,5378.0,0.029850746268656716,0.6716417910447762,,,,,,,,,unavailable,unavailable,,unavailable,,unavailable,,unavailable,,unavailable,,unavailable,,unavailable,,unavailable,,unavailable,,unavailable,,unavailable,,unavailable,,unavailable,,unavailable,,unavailable,,unavailable,,unavailable,,unavailable,,unavailable,,unavailable,,unavailable,,unavailable,,unavailable,,unavailable
P::J3047,2026-03-01,2026-03-01,MISO,J3047,41.49486652977413,5.575949103146316,natural_gas,0,IA,,0,0.0,,,71.0,14366.54,1.0,400.0,26620.0,1202,238194.56,3.457905544147844,Phase 1,NRIS,263.0,19001,,,ORIENT NORTHBORO 345 0KV,49.4910941475827,7389.0,1.0,,0,0,0,,1,400.0,,2022-10-31,4.17,80990.37768817204,101013.0,-0.6408162377577172,0.0065300658450057865,-603.8938172043011,3.41,0.7599999999999998,18.19049822562721,MIDAMERICAN ENERGY,45.0,8895.24,0.18652849740932642,0.5803108808290155,,,,,,,,,unavailable,unavailable,,unavailable,,unavailable,,unavailable,,unavailable,,unavailable,,unavailable,,unavailable,,unavailable,,unavailable,,unavailable,,unavailable,,unavailable,,unavailable,,unavailable,,unavailable,,unavailable,,unavailable,,unavailable,,unavailable,,unavailable,,unavailable,,unavailable,,unavailable
P::J3049,2026-03-01,2026-03-01,MISO,J3049,41.49486652977413,5.241747015059643,solar,0,MS,,0,0.0,,,32.0,4793.6,2.0,269.0,62461.18,1202,238194.56,3.457905544147844,Phase 1,ERIS,188.0,28089,,,LAKEOVER EHV MCADAMS EHV 500 0KV,82.12468193384224,112511.0,0.0,,0,0,0,,2,269.0,,2022-11-08,4.17,80990.37768817204,101013.0,-0.6408162377577172,0.0065300658450057865,-603.8938172043011,4.02,0.15000000000000036,18.19049822562721,ENTERGY MISSISSIPPI,51.0,10735.3,0.006172839506172839,0.6790123456790124,,,,,,,,,unavailable,unavailable,,unavailable,,unavailable,,unavailable,,unavailable,,unavailable,,unavailable,,unavailable,,unavailable,,unavailable,,unavailable,,unavailable,,unavailable,,unavailable,,unavailable,,unavailable,,unavailable,,unavailable,,unavailable,,unavailable,,unavailable,,unavailable,,unavailable,,unavailable
P::J3050,2026-03-01,2026-03-01,MISO,J3050,7.063655030800821,5.545177444479562,solar,0,MI,,0,0.0,,0.16427104722792607,174.0,34238.09,1.0,400.0,62394.18,1202,238194.56,0.5886379192334018,Phase 1,NRIS,255.0,26025,,,MAJESTIC ONEIDA 345 0KV,74.52290076335878,133366.0,0.0,,0,0,0,1,1,400.0,,2022-10-14,4.17,80990.37768817204,101013.0,-0.6408162377577172,0.0065300658450057865,-603.8938172043011,3.41,0.7599999999999998,18.19049822562721,METC,167.0,33466.87,0.024691358024691357,0.45987654320987653,,,,,,,,,unavailable,unavailable,,unavailable,,unavailable,,unavailable,,unavailable,,unavailable,,unavailable,,unavailable,,unavailable,,unavailable,,unavailable,,unavailable,,unavailable,,unavailable,,unavailable,,unavailable,,unavailable,,unavailable,,unavailable,,unavailable,,unavailable,,unavailable,,unavailable,,unavailable
P::J3051,2026-03-01,2026-03-01,MISO,J3051,25.691991786447637,5.017279836814924,solar,0,MN,,0,0.0,,,98.0,18251.9,0.0,0.0,62499.18,1202,238194.56,2.1409993155373033,Phase 1,NRIS,150.0,27025,,,RUSH CITY 230KV,44.529262086513995,58535.0,0.0,,0,0,0,,0,0.0,,2022-10-24,4.17,80990.37768817204,101013.0,-0.6408162377577172,0.0065300658450057865,-603.8938172043011,3.41,0.7599999999999998,18.19049822562721,GREAT RIVER ENERGY,25.0,5005.92,0.11940298507462686,0.6940298507462687,,,,,,,,,unavailable,unavailable,,unavailable,,unavailable,,unavailable,,unavailable,,unavailable,,unavailable,,unavailable,,unavailable,,unavailable,,unavailable,,unavailable,,unavailable,,unavailable,,unavailable,,unavailable,,unavailable,,unavailable,,unavailable,,unavailable,,unavailable,,unavailable,,unavailable,,unavailable
P::J3053,2026-03-01,2026-03-01,MISO,J3053,41.49486652977413,5.135798437050262,solar,0,MS,,0,0.0,,2.1656399726214923,32.0,4812.6,2.0,288.0,62480.18,1202,238194.56,3.457905544147844,Phase 1,ERIS,169.0,28089,,,LAKEOVER EHV MCADAMS EHV 500 0KV,82.12468193384224,112511.0,0.0,,0,0,0,,2,288.0,,2022-10-13,4.17,80990.37768817204,101013.0,-0.6408162377577172,0.0065300658450057865,-603.8938172043011,3.41,0.7599999999999998,18.19049822562721,ENTERGY MISSISSIPPI,51.0,10735.3,0.006172839506172839,0.6790123456790124,,,,,,,,,unavailable,unavailable,,unavailable,,unavailable,,unavailable,,unavailable,,unavailable,,unavailable,,unavailable,,unavailable,,unavailable,,unavailable,,unavailable,,unavailable,,unavailable,,unavailable,,unavailable,,unavailable,,unavailable,,unavailable,,unavailable,,unavailable,,unavailable,,unavailable,,unavailable
P::J3058,2026-03-01,2026-03-01,MISO,J3058,7.096509240246407,5.303304908059076,other,0,AR,,0,0.0,,,74.0,18297.1,0.0,0.0,19763.7,1202,238194.56,0.5913757700205339,Phase 1,NRIS,200.0,05001,,,TARLETON,63.199745547073796,16307.0,1.0,,0,0,0,1,0,0.0,,2022-10-20,4.17,80990.37768817204,101013.0,-0.6408162377577172,0.0065300658450057865,-603.8938172043011,3.41,0.7599999999999998,18.19049822562721,ENTERGY ARKANSAS,118.0,29185.92,0.011661807580174927,0.641399416909621,,,,,,,,,unavailable,unavailable,,unavailable,,unavailable,,unavailable,,unavailable,,unavailable,,unavailable,,unavailable,,unavailable,,unavailable,,unavailable,,unavailable,,unavailable,,unavailable,,unavailable,,unavailable,,unavailable,,unavailable,,unavailable,,unavailable,,unavailable,,unavailable,,unavailable,,unavailable
P::J3063,2026-03-01,2026-03-01,MISO,J3063,41.49486652977413,4.969813299576001,battery,0,IL,,0,0.0,,,187.0,35307.11,2.0,357.0,44187.42,1202,238194.56,3.457905544147844,Phase 2,NRIS,143.0,17145,,,7JORD 7CMDR 345 0KV,72.07379134860051,20503.0,1.0,,0,0,0,1,2,357.0,,2022-09-15,4.17,80990.37768817204,101013.0,-0.6408162377577172,0.0065300658450057865,-603.8938172043011,2.83,1.3399999999999999,18.19049822562721,AMEREN ILLINOIS,221.0,41217.38,0.07429718875502007,0.4779116465863454,,,,,,,,,unavailable,unavailable,,unavailable,,unavailable,,unavailable,,unavailable,,unavailable,,unavailable,,unavailable,,unavailable,,unavailable,,unavailable,,unavailable,,unavailable,,unavailable,,unavailable,,unavailable,,unavailable,,unavailable,,unavailable,,unavailable,,unavailable,,unavailable,,unavailable,,unavailable
P::J3064,2026-03-01,2026-03-01,MISO,J3064,41.49486652977413,5.062595033026967,solar,0,IL,,0,0.0,,2.1656399726214923,187.0,35293.11,2.0,343.0,62492.18,1202,238194.56,3.457905544147844,Phase 2,ERIS,157.0,17145,,,7JORD 7CMDR 345 0KV,72.07379134860051,20503.0,1.0,,0,0,0,1,2,343.0,,2022-10-20,4.17,80990.37768817204,101013.0,-0.6408162377577172,0.0065300658450057865,-603.8938172043011,3.41,0.7599999999999998,18.19049822562721,AMEREN ILLINOIS,221.0,41217.38,0.07429718875502007,0.4779116465863454,,,,,,,,,unavailable,unavailable,,unavailable,,unavailable,,unavailable,,unavailable,,unavailable,,unavailable,,unavailable,,unavailable,,unavailable,,unavailable,,unavailable,,unavailable,,unavailable,,unavailable,,unavailable,,unavailable,,unavailable,,unavailable,,unavailable,,unavailable,,unavailable,,unavailable,,unavailable
P::J3065,2026-03-01,2026-03-01,MISO,J3065,41.49486652977413,3.044522437723423,solar,0,MI,,0,0.0,,,174.0,34473.09,0.0,0.0,62629.18,1202,238194.56,3.457905544147844,Phase 1,NRIS,20.0,26127,,,DONALDSON CREEK,33.71501272264631,26981.0,1.0,,0,0,0,1,0,0.0,,2022-10-28,4.17,80990.37768817204,101013.0,-0.6408162377577172,0.0065300658450057865,-603.8938172043011,3.41,0.7599999999999998,18.19049822562721,METC,167.0,33466.87,0.024691358024691357,0.45987654320987653,,,,,,,,,unavailable,unavailable,,unavailable,,unavailable,,unavailable,,unavailable,,unavailable,,unavailable,,unavailable,,unavailable,,unavailable,,unavailable,,unavailable,,unavailable,,unavailable,,unavailable,,unavailable,,unavailable,,unavailable,,unavailable,,unavailable,,unavailable,,unavailable,,unavailable,,unavailable
P::J3066,2026-03-01,2026-03-01,MISO,J3066,41.49486652977413,3.9318256327243257,solar,0,MI,,0,0.0,,,174.0,34443.09,0.0,0.0,62599.18,1202,238194.56,3.457905544147844,Phase 1,NRIS,50.0,26133,,,HERSEY INTERCONNECTION,23.918575063613233,23330.0,1.0,,0,0,0,1,0,0.0,,2022-10-14,4.17,80990.37768817204,101013.0,-0.6408162377577172,0.0065300658450057865,-603.8938172043011,3.41,0.7599999999999998,18.19049822562721,WOLVERINE POWER SUPPLY COOPERATIVE,7.0,961.2,0.125,0.4375,,,,,,,,,unavailable,unavailable,,unavailable,,unavailable,,unavailable,,unavailable,,unavailable,,unavailable,,unavailable,,unavailable,,unavailable,,unavailable,,unavailable,,unavailable,,unavailable,,unavailable,,unavailable,,unavailable,,unavailable,,unavailable,,unavailable,,unavailable,,unavailable,,unavailable,,unavailable
P::J3070,2026-03-01,2026-03-01,MISO,J3070,41.49486652977413,4.61512051684126,wind_onshore,0,ND,,0,0.0,,0.16427104722792607,14.0,2525.0,1.0,150.0,27081.11,1202,238194.56,3.457905544147844,Phase 1,ERIS,100.0,38059,,,SQUARE BUTTE 230KV SUBSTATION EAST,49.586513994910945,33895.0,1.0,,0,0,0,1,1,150.0,,2022-11-01,4.17,80990.37768817204,101013.0,-0.6408162377577172,0.0065300658450057865,-603.8938172043011,3.41,0.7599999999999998,18.19049822562721,MINNESOTA POWER,11.0,1852.6,0.0,0.56,,,,,,,,,unavailable,unavailable,,unavailable,,unavailable,,unavailable,,unavailable,,unavailable,,unavailable,,unavailable,,unavailable,,unavailable,,unavailable,,unavailable,,unavailable,,unavailable,,unavailable,,unavailable,,unavailable,,unavailable,,unavailable,,unavailable,,unavailable,,unavailable,,unavailable,,unavailable
P::J3074,2026-03-01,2026-03-01,MISO,J3074,41.49486652977413,5.5254529391317835,other,0,IL,,0,0.0,,,187.0,35200.11,0.0,0.0,19713.7,1202,238194.56,3.457905544147844,Phase 2,ERIS,250.0,17157,,,4TIBBS 4STEELEVLE N 138 0KV,78.62595419847328,29815.0,1.0,,0,0,0,1,0,0.0,,2022-11-18,4.17,80990.37768817204,101013.0,-0.6408162377577172,0.0065300658450057865,-603.8938172043011,4.02,0.15000000000000036,18.19049822562721,AMEREN ILLINOIS,221.0,41217.38,0.07429718875502007,0.4779116465863454,,,,,,,,,unavailable,unavailable,,unavailable,,unavailable,,unavailable,,unavailable,,unavailable,,unavailable,,unavailable,,unavailable,,unavailable,,unavailable,,unavailable,,unavailable,,unavailable,,unavailable,,unavailable,,unavailable,,unavailable,,unavailable,,unavailable,,unavailable,,unavailable,,unavailable,,unavailable
P::J3077,2026-03-01,2026-03-01,MISO,J3077,41.49486652977413,5.5254529391317835,other,0,IN,,0,0.0,,0.16427104722792607,89.0,18441.7,0.0,0.0,19713.7,1202,238194.56,3.457905544147844,Phase 2,ERIS,250.0,18051,,,FRANCISCO 345 138KV,47.99618320610687,32904.0,1.0,,0,0,0,1,0,0.0,,2022-11-18,4.17,80990.37768817204,101013.0,-0.6408162377577172,0.0065300658450057865,-603.8938172043011,4.02,0.15000000000000036,18.19049822562721,SOUTHERN INDIANA GAS ELECTRIC D B A CENTERPOINT ENERGY INDIANA SOUTH,13.0,2430.0,0.0,0.5666666666666667,,,,,,,,,unavailable,unavailable,,unavailable,,unavailable,,unavailable,,unavailable,,unavailable,,unavailable,,unavailable,,unavailable,,unavailable,,unavailable,,unavailable,,unavailable,,unavailable,,unavailable,,unavailable,,unavailable,,unavailable,,unavailable,,unavailable,,unavailable,,unavailable,,unavailable,,unavailable
P::J3078,2026-03-01,2026-03-01,MISO,J3078,41.59342915811088,5.5254529391317835,wind_onshore,0,IL,,0,-0.7936507936507936,,0.0,187.0,35200.11,1.0,250.0,26931.11,1202,238194.56,3.46611909650924,Phase 2,NRIS,250.0,17143,,,FARGO TO SANDBURG 345KV,90.68066157760815,177513.0,0.0,,0,0,0,1,1,250.0,,2022-11-01,4.17,80990.37768817204,101013.0,-0.6408162377577172,0.0065300658450057865,-603.8938172043011,3.41,0.7599999999999998,18.19049822562721,AMEREN TRANSMISSION OF ILLINOIS,38.0,9232.83,0.06578947368421052,0.4342105263157895,,,,,,,,,unavailable,unavailable,,unavailable,,unavailable,,unavailable,,unavailable,,unavailable,,unavailable,,unavailable,,unavailable,,unavailable,,unavailable,,unavailable,,unavailable,,unavailable,,unavailable,,unavailable,,unavailable,,unavailable,,unavailable,,unavailable,,unavailable,,unavailable,,unavailable,,unavailable
P::J3081,2026-03-01,2026-03-01,MISO,J3081,7.096509240246407,4.663439094112067,solar,0,AR,,0,0.0,,0.16427104722792607,74.0,18392.1,0.0,0.0,62544.18,1202,238194.56,0.5913757700205339,Phase 1,NRIS,105.0,05059,,,DEGRAY DAM H S EHV 115 0KV,55.534351145038165,33258.0,1.0,,0,0,0,1,0,0.0,,2022-10-30,4.17,80990.37768817204,101013.0,-0.6408162377577172,0.0065300658450057865,-603.8938172043011,3.41,0.7599999999999998,18.19049822562721,ENTERGY ARKANSAS,118.0,29185.92,0.011661807580174927,0.641399416909621,,,,,,,,,unavailable,unavailable,,unavailable,,unavailable,,unavailable,,unavailable,,unavailable,,unavailable,,unavailable,,unavailable,,unavailable,,unavailable,,unavailable,,unavailable,,unavailable,,unavailable,,unavailable,,unavailable,,unavailable,,unavailable,,unavailable,,unavailable,,unavailable,,unavailable,,unavailable
P::J3082,2026-03-01,2026-03-01,MISO,J3082,41.49486652977413,4.912654885736052,other,0,LA,,0,0.0,,,59.0,13184.51,0.0,0.0,19828.7,1202,238194.56,3.457905544147844,Phase 1,NRIS,135.0,22041,,,TAPING THE GILBERT 3GILBERT_LA 303322 TO WINNSBORO 3WINNSBORO 337330 115KV LINE,35.909669211195926,19285.0,1.0,,0,0,0,1,0,0.0,,2022-10-20,4.17,80990.37768817204,101013.0,-0.6408162377577172,0.0065300658450057865,-603.8938172043011,3.41,0.7599999999999998,18.19049822562721,ENTERGY LOUISIANA,85.0,23972.93,0.016,0.644,,,,,,,,,unavailable,unavailable,,unavailable,,unavailable,,unavailable,,unavailable,,unavailable,,unavailable,,unavailable,,unavailable,,unavailable,,unavailable,,unavailable,,unavailable,,unavailable,,unavailable,,unavailable,,unavailable,,unavailable,,unavailable,,unavailable,,unavailable,,unavailable,,unavailable,,unavailable
P::J3090,2026-03-01,2026-03-01,MISO,J3090,41.69199178644764,5.303304908059076,solar,0,AR,,0,0.0,,,74.0,18297.1,0.0,0.0,62449.18,1202,238194.56,3.4743326488706368,Phase 1,NRIS,200.0,05035,,,WEST MEMPHIS EHV,82.95165394402035,47139.0,1.0,,0,0,0,1,0,0.0,,2022-10-31,4.17,80990.37768817204,101013.0,-0.6408162377577172,0.0065300658450057865,-603.8938172043011,3.41,0.7599999999999998,18.19049822562721,ENTERGY ARKANSAS,118.0,29185.92,0.011661807580174927,0.641399416909621,,,,,,,,,unavailable,unavailable,,unavailable,,unavailable,,unavailable,,unavailable,,unavailable,,unavailable,,unavailable,,unavailable,,unavailable,,unavailable,,unavailable,,unavailable,,unavailable,,unavailable,,unavailable,,unavailable,,unavailable,,unavailable,,unavailable,,unavailable,,unavailable,,unavailable,,unavailable
P::J3093,2026-03-01,2026-03-01,MISO,J3093,41.49486652977413,4.61512051684126,battery,0,MS,,0,0.0,,,32.0,4881.6,2.0,357.0,44230.42,1202,238194.56,3.457905544147844,Phase 1,ERIS,100.0,28089,,,LAKEOVER EHV MCADAMS EHV 500 0KV,82.12468193384224,112511.0,0.0,,0,0,0,,2,357.0,,2022-09-15,4.17,80990.37768817204,101013.0,-0.6408162377577172,0.0065300658450057865,-603.8938172043011,2.83,1.3399999999999999,18.19049822562721,ENTERGY MISSISSIPPI,51.0,10735.3,0.006172839506172839,0.6790123456790124,,,,,,,,,unavailable,unavailable,,unavailable,,unavailable,,unavailable,,unavailable,,unavailable,,unavailable,,unavailable,,unavailable,,unavailable,,unavailable,,unavailable,,unavailable,,unavailable,,unavailable,,unavailable,,unavailable,,unavailable,,unavailable,,unavailable,,unavailable,,unavailable,,unavailable,,unavailable
P::J3095,2026-03-01,2026-03-01,MISO,J3095,41.5605749486653,5.303304908059076,solar,0,IL,,0,0.0,,,187.0,35250.11,0.0,0.0,62449.18,1202,238194.56,3.463381245722108,Phase 2,NRIS,200.0,17053,,,4PAXTON 4J845POI 138 0KV,26.208651399491096,13250.0,1.0,,0,0,0,,0,0.0,,2022-11-03,4.17,80990.37768817204,101013.0,-0.6408162377577172,0.0065300658450057865,-603.8938172043011,3.41,0.7599999999999998,18.19049822562721,AMEREN ILLINOIS,221.0,41217.38,0.07429718875502007,0.4779116465863454,,,,,,,,,unavailable,unavailable,,unavailable,,unavailable,,unavailable,,unavailable,,unavailable,,unavailable,,unavailable,,unavailable,,unavailable,,unavailable,,unavailable,,unavailable,,unavailable,,unavailable,,unavailable,,unavailable,,unavailable,,unavailable,,unavailable,,unavailable,,unavailable,,unavailable,,unavailable
P::J3107,2026-03-01,2026-03-01,MISO,J3107,4.238193018480493,5.017279836814924,solar,0,IA,,0,0.0,,,71.0,14479.54,0.0,0.0,62499.18,1202,238194.56,0.3531827515400411,Phase 1,NRIS,150.0,19103,,,ENRON SUBSTATION,87.43638676844783,157528.0,0.0,,0,0,0,,0,0.0,,2022-10-20,4.17,80990.37768817204,101013.0,-0.6408162377577172,0.0065300658450057865,-603.8938172043011,3.41,0.7599999999999998,18.19049822562721,MIDAMERICAN ENERGY,45.0,8895.24,0.18652849740932642,0.5803108808290155,,,,,,,,,unavailable,unavailable,,unavailable,,unavailable,,unavailable,,unavailable,,unavailable,,unavailable,,unavailable,,unavailable,,unavailable,,unavailable,,unavailable,,unavailable,,unavailable,,unavailable,,unavailable,,unavailable,,unavailable,,unavailable,,unavailable,,unavailable,,unavailable,,unavailable,,unavailable
P::J3109,2026-03-01,2026-03-01,MISO,J3109,41.49486652977413,4.795790545596741,other,0,AR,,0,0.0,,,74.0,18377.1,0.0,0.0,19843.7,1202,238194.56,3.457905544147844,Phase 1,NRIS,120.0,05085,,,TAPING THE CARLISLE 3CARISLE 338003 TO SCREETON 3SCREETON 338005 115KV LINE,75.09541984732824,75944.0,0.0,,0,0,0,,0,0.0,,2022-10-20,4.17,80990.37768817204,101013.0,-0.6408162377577172,0.0065300658450057865,-603.8938172043011,3.41,0.7599999999999998,18.19049822562721,ENTERGY ARKANSAS,118.0,29185.92,0.011661807580174927,0.641399416909621,,,,,,,,,unavailable,unavailable,,unavailable,,unavailable,,unavailable,,unavailable,,unavailable,,unavailable,,unavailable,,unavailable,,unavailable,,unavailable,,unavailable,,unavailable,,unavailable,,unavailable,,unavailable,,unavailable,,unavailable,,unavailable,,unavailable,,unavailable,,unavailable,,unavailable,,unavailable
P::J3111,2026-03-01,2026-03-01,MISO,J3111,41.49486652977413,4.61512051684126,other,0,AR,,0,0.0,,,74.0,18397.1,0.0,0.0,19863.7,1202,238194.56,3.457905544147844,Phase 1,NRIS,100.0,05031,,,AECC TRUMANN WEST POWERLINE ROAD 161KV,91.79389312977099,113993.0,0.0,,0,0,0,,0,0.0,,2022-10-17,4.17,80990.37768817204,101013.0,-0.6408162377577172,0.0065300658450057865,-603.8938172043011,3.41,0.7599999999999998,18.19049822562721,ENTERGY ARKANSAS,118.0,29185.92,0.011661807580174927,0.641399416909621,,,,,,,,,unavailable,unavailable,,unavailable,,unavailable,,unavailable,,unavailable,,unavailable,,unavailable,,unavailable,,unavailable,,unavailable,,unavailable,,unavailable,,unavailable,,unavailable,,unavailable,,unavailable,,unavailable,,unavailable,,unavailable,,unavailable,,unavailable,,unavailable,,unavailable,,unavailable
P::J3112,2026-03-01,2026-03-01,MISO,J3112,41.49486652977413,4.61512051684126,other,0,AR,,0,0.0,,,74.0,18397.1,0.0,0.0,19863.7,1202,238194.56,3.457905544147844,Phase 1,NRIS,100.0,05107,,,BARTON WEST HELENA 115KV,61.67302798982188,14961.0,1.0,,0,0,0,1,0,0.0,,2022-10-17,4.17,80990.37768817204,101013.0,-0.6408162377577172,0.0065300658450057865,-603.8938172043011,3.41,0.7599999999999998,18.19049822562721,ENTERGY ARKANSAS,118.0,29185.92,0.011661807580174927,0.641399416909621,,,,,,,,,unavailable,unavailable,,unavailable,,unavailable,,unavailable,,unavailable,,unavailable,,unavailable,,unavailable,,unavailable,,unavailable,,unavailable,,unavailable,,unavailable,,unavailable,,unavailable,,unavailable,,unavailable,,unavailable,,unavailable,,unavailable,,unavailable,,unavailable,,unavailable,,unavailable
P::J3114,2026-03-01,2026-03-01,MISO,J3114,3.5482546201232035,5.707110264748875,other,0,IN,,0,0.0,,,89.0,18391.7,1.0,125.0,19663.7,1202,238194.56,0.29568788501026694,Phase 2,NRIS,300.0,18055,,,SANDBORN PRIMARY WORTHINGTON PRIMARY 161 0KV,42.49363867684479,31196.0,1.0,,0,0,0,1,1,125.0,,2022-11-03,4.17,80990.37768817204,101013.0,-0.6408162377577172,0.0065300658450057865,-603.8938172043011,3.41,0.7599999999999998,18.19049822562721,HOOSIER ENERGY,21.0,4291.16,0.025,0.45,,,,,,,,,unavailable,unavailable,,unavailable,,unavailable,,unavailable,,unavailable,,unavailable,,unavailable,,unavailable,,unavailable,,unavailable,,unavailable,,unavailable,,unavailable,,unavailable,,unavailable,,unavailable,,unavailable,,unavailable,,unavailable,,unavailable,,unavailable,,unavailable,,unavailable,,unavailable
P::J3118,2026-03-01,2026-03-01,MISO,J3118,41.49486652977413,5.081404364984463,other,0,LA,,0,0.0,,,59.0,13159.51,0.0,0.0,19803.7,1202,238194.56,3.457905544147844,Phase 1,NRIS,160.0,22067,,,TAPING THE GALION 3GALION 337444 TO OAK GROVE 3OAK_GROVE 337445 115KV LINE,55.279898218829516,23955.0,1.0,,0,0,0,1,0,0.0,,2022-11-03,4.17,80990.37768817204,101013.0,-0.6408162377577172,0.0065300658450057865,-603.8938172043011,3.41,0.7599999999999998,18.19049822562721,ENTERGY LOUISIANA,85.0,23972.93,0.016,0.644,,,,,,,,,unavailable,unavailable,,unavailable,,unavailable,,unavailable,,unavailable,,unavailable,,unavailable,,unavailable,,unavailable,,unavailable,,unavailable,,unavailable,,unavailable,,unavailable,,unavailable,,unavailable,,unavailable,,unavailable,,unavailable,,unavailable,,unavailable,,unavailable,,unavailable,,unavailable
P::J3120,2026-03-01,2026-03-01,MISO,J3120,41.49486652977413,5.303304908059076,other,0,AR,,0,0.0,,,74.0,18297.1,0.0,0.0,19763.7,1202,238194.56,3.457905544147844,Phase 1,NRIS,200.0,05067,,,TAPING NEWPORT AB NEWPORTSOLAR 338177 TO CASH 5CASH 338171 161KV LINE,67.84351145038168,16784.0,1.0,,0,0,0,1,0,0.0,,2022-11-03,4.17,80990.37768817204,101013.0,-0.6408162377577172,0.0065300658450057865,-603.8938172043011,3.41,0.7599999999999998,18.19049822562721,ENTERGY ARKANSAS,118.0,29185.92,0.011661807580174927,0.641399416909621,,,,,,,,,unavailable,unavailable,,unavailable,,unavailable,,unavailable,,unavailable,,unavailable,,unavailable,,unavailable,,unavailable,,unavailable,,unavailable,,unavailable,,unavailable,,unavailable,,unavailable,,unavailable,,unavailable,,unavailable,,unavailable,,unavailable,,unavailable,,unavailable,,unavailable,,unavailable
P::J3122,2026-03-01,2026-03-01,MISO,J3122,41.52772073921971,5.303304908059076,other,0,AR,,0,0.0,,,74.0,18297.1,0.0,0.0,19763.7,1202,238194.56,3.460643394934976,Phase 1,NRIS,200.0,05035,,,MARKED TREE Â MARION 161KV TAP AT 35 3902 90 3372,82.95165394402035,47139.0,1.0,,0,0,0,1,0,0.0,,2022-11-03,4.17,80990.37768817204,101013.0,-0.6408162377577172,0.0065300658450057865,-603.8938172043011,3.41,0.7599999999999998,18.19049822562721,ENTERGY ARKANSAS,118.0,29185.92,0.011661807580174927,0.641399416909621,,,,,,,,,unavailable,unavailable,,unavailable,,unavailable,,unavailable,,unavailable,,unavailable,,unavailable,,unavailable,,unavailable,,unavailable,,unavailable,,unavailable,,unavailable,,unavailable,,unavailable,,unavailable,,unavailable,,unavailable,,unavailable,,unavailable,,unavailable,,unavailable,,unavailable,,unavailable
P::J3124,2026-03-01,2026-03-01,MISO,J3124,41.52772073921971,4.795790545596741,solar,0,MI,,0,0.0,,2.1656399726214923,174.0,34373.09,0.0,0.0,62529.18,1202,238194.56,3.460643394934976,Phase 1,NRIS,120.0,26145,,,MURPHY 345KV SUBSTATION,88.54961832061069,187782.0,0.0,,0,0,0,1,0,0.0,,2022-09-21,4.17,80990.37768817204,101013.0,-0.6408162377577172,0.0065300658450057865,-603.8938172043011,2.83,1.3399999999999999,18.19049822562721,METC,167.0,33466.87,0.024691358024691357,0.45987654320987653,,,,,,,,,unavailable,unavailable,,unavailable,,unavailable,,unavailable,,unavailable,,unavailable,,unavailable,,unavailable,,unavailable,,unavailable,,unavailable,,unavailable,,unavailable,,unavailable,,unavailable,,unavailable,,unavailable,,unavailable,,unavailable,,unavailable,,unavailable,,unavailable,,unavailable,,unavailable
P::J3128,2026-03-01,2026-03-01,MISO,J3128,41.49486652977413,4.61512051684126,solar,0,LA,,0,0.0,,2.1656399726214923,59.0,13219.51,0.0,0.0,62549.18,1202,238194.56,3.457905544147844,Phase 1,NRIS,100.0,22037,,,STARHILL SUBSTATION 138KV,56.424936386768444,19229.0,1.0,,0,0,0,,0,0.0,,2022-11-04,4.17,80990.37768817204,101013.0,-0.6408162377577172,0.0065300658450057865,-603.8938172043011,3.41,0.7599999999999998,18.19049822562721,ENTERGY LOUISIANA,85.0,23972.93,0.016,0.644,,,,,,,,,unavailable,unavailable,,unavailable,,unavailable,,unavailable,,unavailable,,unavailable,,unavailable,,unavailable,,unavailable,,unavailable,,unavailable,,unavailable,,unavailable,,unavailable,,unavailable,,unavailable,,unavailable,,unavailable,,unavailable,,unavailable,,unavailable,,unavailable,,unavailable,,unavailable
P::J3130,2026-03-01,2026-03-01,MISO,J3130,41.69199178644764,4.61512051684126,solar,0,IL,,0,0.0,,,187.0,35350.11,0.0,0.0,62549.18,1202,238194.56,3.4743326488706368,Phase 2,NRIS,100.0,17121,,,KINMUNDY TO SALEM 138KV,77.13104325699746,36673.0,1.0,,0,0,0,1,0,0.0,,2022-09-19,4.17,80990.37768817204,101013.0,-0.6408162377577172,0.0065300658450057865,-603.8938172043011,2.83,1.3399999999999999,18.19049822562721,AMEREN ILLINOIS,221.0,41217.38,0.07429718875502007,0.4779116465863454,,,,,,,,,unavailable,unavailable,,unavailable,,unavailable,,unavailable,,unavailable,,unavailable,,unavailable,,unavailable,,unavailable,,unavailable,,unavailable,,unavailable,,unavailable,,unavailable,,unavailable,,unavailable,,unavailable,,unavailable,,unavailable,,unavailable,,unavailable,,unavailable,,unavailable,,unavailable
P::J3131,2026-03-01,2026-03-01,MISO,J3131,41.52772073921971,5.707110264748875,solar,0,AR,,0,0.0,,2.1656399726214923,74.0,18197.1,0.0,0.0,62349.18,1202,238194.56,3.460643394934976,Phase 1,NRIS,300.0,05027,,,EL DORADO EHV SAREPTA 345 115KV SW STA 345KV,42.08015267175573,22150.0,1.0,,0,0,0,1,0,0.0,,2022-09-19,4.17,80990.37768817204,101013.0,-0.6408162377577172,0.0065300658450057865,-603.8938172043011,2.83,1.3399999999999999,18.19049822562721,ENTERGY ARKANSAS,118.0,29185.92,0.011661807580174927,0.641399416909621,,,,,,,,,unavailable,unavailable,,unavailable,,unavailable,,unavailable,,unavailable,,unavailable,,unavailable,,unavailable,,unavailable,,unavailable,,unavailable,,unavailable,,unavailable,,unavailable,,unavailable,,unavailable,,unavailable,,unavailable,,unavailable,,unavailable,,unavailable,,unavailable,,unavailable,,unavailable
P::J3133,2026-03-01,2026-03-01,MISO,J3133,41.52772073921971,4.795790545596741,battery,0,MI,,0,0.0,,,174.0,34373.09,0.0,0.0,44210.42,1202,238194.56,3.460643394934976,Phase 1,NRIS,120.0,26145,,,MURPHY TO NELSON ROAD 345KV,88.54961832061069,187782.0,0.0,,0,0,0,1,0,0.0,,2022-09-14,4.17,80990.37768817204,101013.0,-0.6408162377577172,0.0065300658450057865,-603.8938172043011,2.83,1.3399999999999999,18.19049822562721,METC,167.0,33466.87,0.024691358024691357,0.45987654320987653,,,,,,,,,unavailable,unavailable,,unavailable,,unavailable,,unavailable,,unavailable,,unavailable,,unavailable,,unavailable,,unavailable,,unavailable,,unavailable,,unavailable,,unavailable,,unavailable,,unavailable,,unavailable,,unavailable,,unavailable,,unavailable,,unavailable,,unavailable,,unavailable,,unavailable,,unavailable
P::J3134,2026-03-01,2026-03-01,MISO,J3134,41.49486652977413,5.017279836814924,solar,0,MI,,0,0.0,,,174.0,34343.09,0.0,0.0,62499.18,1202,238194.56,3.457905544147844,Phase 1,NRIS,150.0,26137,,,GAYLORD INTERCONNECTION,18.416030534351144,25747.0,1.0,,0,0,0,1,0,0.0,,2022-10-17,4.17,80990.37768817204,101013.0,-0.6408162377577172,0.0065300658450057865,-603.8938172043011,3.41,0.7599999999999998,18.19049822562721,WOLVERINE POWER SUPPLY COOPERATIVE,7.0,961.2,0.125,0.4375,,,,,,,,,unavailable,unavailable,,unavailable,,unavailable,,unavailable,,unavailable,,unavailable,,unavailable,,unavailable,,unavailable,,unavailable,,unavailable,,unavailable,,unavailable,,unavailable,,unavailable,,unavailable,,unavailable,,unavailable,,unavailable,,unavailable,,unavailable,,unavailable,,unavailable,,unavailable
P::J3137,2026-03-01,2026-03-01,MISO,J3137,4.435318275154004,5.058154810064233,solar,0,IA,,0,0.0,,1.163586584531143,71.0,14473.240000000002,0.0,0.0,62492.88,1202,238194.56,0.36960985626283366,Phase 1,ERIS,156.3,19151,,,SAC POCAHONTAS 161KV,33.0470737913486,6976.0,1.0,,0,0,0,,0,0.0,,2022-12-09,4.17,80990.37768817204,101013.0,-0.6408162377577172,0.0065300658450057865,-603.8938172043011,4.22,-0.04999999999999982,18.19049822562721,MIDAMERICAN ENERGY,45.0,8895.24,0.18652849740932642,0.5803108808290155,,,,,,,,,unavailable,unavailable,,unavailable,,unavailable,,unavailable,,unavailable,,unavailable,,unavailable,,unavailable,,unavailable,,unavailable,,unavailable,,unavailable,,unavailable,,unavailable,,unavailable,,unavailable,,unavailable,,unavailable,,unavailable,,unavailable,,unavailable,,unavailable,,unavailable,,unavailable
P::J3140,2026-03-01,2026-03-01,MISO,J3140,41.52772073921971,3.9318256327243257,battery,0,IN,,0,0.0,,,89.0,18641.7,0.0,0.0,44280.42,1202,238194.56,3.460643394934976,Phase 2,NRIS,50.0,18127,,,SOUTH VALPARAISO 138KV SUBSTATION,81.39312977099237,175335.0,0.0,,0,0,0,1,0,0.0,,2022-10-07,4.17,80990.37768817204,101013.0,-0.6408162377577172,0.0065300658450057865,-603.8938172043011,3.41,0.7599999999999998,18.19049822562721,NORTHERN INDIANA PUBLIC SERVICE,53.0,9697.23,0.09701492537313433,0.5074626865671642,,,,,,,,,unavailable,unavailable,,unavailable,,unavailable,,unavailable,,unavailable,,unavailable,,unavailable,,unavailable,,unavailable,,unavailable,,unavailable,,unavailable,,unavailable,,unavailable,,unavailable,,unavailable,,unavailable,,unavailable,,unavailable,,unavailable,,unavailable,,unavailable,,unavailable,,unavailable
P::J3141,2026-03-01,2026-03-01,MISO,J3141,41.52772073921971,4.61512051684126,solar,0,AR,,0,0.0,,,74.0,18397.1,0.0,0.0,62549.18,1202,238194.56,3.460643394934976,Phase 1,NRIS,100.0,05107,,,RITCHIE PLANT SUBSTATION 230KV,61.67302798982188,14961.0,1.0,,0,0,0,1,0,0.0,,2022-11-04,4.17,80990.37768817204,101013.0,-0.6408162377577172,0.0065300658450057865,-603.8938172043011,3.41,0.7599999999999998,18.19049822562721,ENTERGY ARKANSAS,118.0,29185.92,0.011661807580174927,0.641399416909621,,,,,,,,,unavailable,unavailable,,unavailable,,unavailable,,unavailable,,unavailable,,unavailable,,unavailable,,unavailable,,unavailable,,unavailable,,unavailable,,unavailable,,unavailable,,unavailable,,unavailable,,unavailable,,unavailable,,unavailable,,unavailable,,unavailable,,unavailable,,unavailable,,unavailable,,unavailable
P::J3144,2026-03-01,2026-03-01,MISO,J3144,41.52772073921971,5.017279836814924,solar,0,IN,,0,0.0,,,89.0,18541.7,2.0,310.0,62499.18,1202,238194.56,3.460643394934976,Phase 2,NRIS,150.0,18133,,,EDWARDSPORT IGCC AMO 345 0KV,42.843511450381676,37567.0,1.0,,0,0,0,1,2,310.0,,2022-10-20,4.17,80990.37768817204,101013.0,-0.6408162377577172,0.0065300658450057865,-603.8938172043011,3.41,0.7599999999999998,18.19049822562721,DUKE ENERGY INDIANA,58.0,11347.82,0.004608294930875576,0.728110599078341,,,,,,,,,unavailable,unavailable,,unavailable,,unavailable,,unavailable,,unavailable,,unavailable,,unavailable,,unavailable,,unavailable,,unavailable,,unavailable,,unavailable,,unavailable,,unavailable,,unavailable,,unavailable,,unavailable,,unavailable,,unavailable,,unavailable,,unavailable,,unavailable,,unavailable,,unavailable
P::J3145,2026-03-01,2026-03-01,MISO,J3145,41.52772073921971,5.017279836814924,solar,0,IN,,0,0.0,,,89.0,18541.7,2.0,310.0,62499.18,1202,238194.56,3.460643394934976,Phase 2,NRIS,150.0,18133,,,EDWARDSPORT IGCC AMO 345 0KV,42.843511450381676,37567.0,1.0,,0,0,0,1,2,310.0,,2022-10-20,4.17,80990.37768817204,101013.0,-0.6408162377577172,0.0065300658450057865,-603.8938172043011,3.41,0.7599999999999998,18.19049822562721,DUKE ENERGY INDIANA,58.0,11347.82,0.004608294930875576,0.728110599078341,,,,,,,,,unavailable,unavailable,,unavailable,,unavailable,,unavailable,,unavailable,,unavailable,,unavailable,,unavailable,,unavailable,,unavailable,,unavailable,,unavailable,,unavailable,,unavailable,,unavailable,,unavailable,,unavailable,,unavailable,,unavailable,,unavailable,,unavailable,,unavailable,,unavailable,,unavailable
P::J3151,2026-03-01,2026-03-01,MISO,J3151,41.49486652977413,5.017279836814924,natural_gas,0,WI,,0,0.0,,,67.0,14042.460000000001,0.0,0.0,26733.0,1202,238194.56,3.457905544147844,Phase 1,NRIS,150.0,55117,,,SHEBOYGAN FALLS,70.19720101781171,117752.0,0.0,,0,0,0,1,0,0.0,,2022-09-15,4.17,80990.37768817204,101013.0,-0.6408162377577172,0.0065300658450057865,-603.8938172043011,2.83,1.3399999999999999,18.19049822562721,AMERICAN TRANSMISSION,110.0,22126.63,0.09090909090909091,0.6181818181818182,,,,,,,,,unavailable,unavailable,,unavailable,,unavailable,,unavailable,,unavailable,,unavailable,,unavailable,,unavailable,,unavailable,,unavailable,,unavailable,,unavailable,,unavailable,,unavailable,,unavailable,,unavailable,,unavailable,,unavailable,,unavailable,,unavailable,,unavailable,,unavailable,,unavailable,,unavailable
P::J3152,2026-03-01,2026-03-01,MISO,J3152,41.49486652977413,5.081404364984463,natural_gas,0,WI,,0,0.0,,,67.0,14032.460000000001,0.0,0.0,26723.0,1202,238194.56,3.457905544147844,Phase 1,NRIS,160.0,55049,,,NORTH MONROE,23.377862595419845,23956.0,1.0,,0,0,0,,0,0.0,,2022-09-15,4.17,80990.37768817204,101013.0,-0.6408162377577172,0.0065300658450057865,-603.8938172043011,2.83,1.3399999999999999,18.19049822562721,AMERICAN TRANSMISSION,110.0,22126.63,0.09090909090909091,0.6181818181818182,,,,,,,,,unavailable,unavailable,,unavailable,,unavailable,,unavailable,,unavailable,,unavailable,,unavailable,,unavailable,,unavailable,,unavailable,,unavailable,,unavailable,,unavailable,,unavailable,,unavailable,,unavailable,,unavailable,,unavailable,,unavailable,,unavailable,,unavailable,,unavailable,,unavailable,,unavailable
P::J3153,2026-03-01,2026-03-01,MISO,J3153,41.49486652977413,5.081404364984463,natural_gas,0,IA,,0,0.0,,,71.0,14469.54,0.0,0.0,26723.0,1202,238194.56,3.457905544147844,Phase 1,NRIS,160.0,19045,,,BEAVER CHANNEL 161KV SUBSTATION,64.82188295165395,46158.0,1.0,,0,0,0,,0,0.0,,2022-10-13,4.17,80990.37768817204,101013.0,-0.6408162377577172,0.0065300658450057865,-603.8938172043011,3.41,0.7599999999999998,18.19049822562721,ITC MIDWEST,87.0,14086.3,0.18114143920595532,0.6029776674937966,,,,,,,,,unavailable,unavailable,,unavailable,,unavailable,,unavailable,,unavailable,,unavailable,,unavailable,,unavailable,,unavailable,,unavailable,,unavailable,,unavailable,,unavailable,,unavailable,,unavailable,,unavailable,,unavailable,,unavailable,,unavailable,,unavailable,,unavailable,,unavailable,,unavailable,,unavailable
P::J3154,2026-03-01,2026-03-01,MISO,J3154,41.49486652977413,5.081404364984463,natural_gas,0,IA,,0,0.0,,,71.0,14469.54,0.0,0.0,26723.0,1202,238194.56,3.457905544147844,Phase 1,NRIS,160.0,19069,,,BLACKHAWK MEC QUINN 345 SHARED POI WITH J2892,21.946564885496183,9875.0,1.0,,0,0,0,,0,0.0,,2022-10-13,4.17,80990.37768817204,101013.0,-0.6408162377577172,0.0065300658450057865,-603.8938172043011,3.41,0.7599999999999998,18.19049822562721,MIDAMERICAN ENERGY,45.0,8895.24,0.18652849740932642,0.5803108808290155,,,,,,,,,unavailable,unavailable,,unavailable,,unavailable,,unavailable,,unavailable,,unavailable,,unavailable,,unavailable,,unavailable,,unavailable,,unavailable,,unavailable,,unavailable,,unavailable,,unavailable,,unavailable,,unavailable,,unavailable,,unavailable,,unavailable,,unavailable,,unavailable,,unavailable,,unavailable
P::J3155,2026-03-01,2026-03-01,MISO,J3155,41.49486652977413,5.017279836814924,natural_gas,0,WI,,0,0.0,,,67.0,14042.460000000001,0.0,0.0,26733.0,1202,238194.56,3.457905544147844,Phase 1,NRIS,150.0,55139,,,NEEVIN,86.83206106870229,171735.0,0.0,,0,0,0,1,0,0.0,,2022-09-15,4.17,80990.37768817204,101013.0,-0.6408162377577172,0.0065300658450057865,-603.8938172043011,2.83,1.3399999999999999,18.19049822562721,AMERICAN TRANSMISSION,110.0,22126.63,0.09090909090909091,0.6181818181818182,,,,,,,,,unavailable,unavailable,,unavailable,,unavailable,,unavailable,,unavailable,,unavailable,,unavailable,,unavailable,,unavailable,,unavailable,,unavailable,,unavailable,,unavailable,,unavailable,,unavailable,,unavailable,,unavailable,,unavailable,,unavailable,,unavailable,,unavailable,,unavailable,,unavailable,,unavailable
P::J3156,2026-03-01,2026-03-01,MISO,J3156,41.49486652977413,4.61512051684126,natural_gas,0,WI,,0,0.0,,,67.0,14092.460000000001,0.0,0.0,26783.0,1202,238194.56,3.457905544147844,Phase 1,NRIS,100.0,55105,,,TOWNLINE ROAD,86.35496183206108,164278.0,0.0,,0,0,0,,0,0.0,,2022-09-15,4.17,80990.37768817204,101013.0,-0.6408162377577172,0.0065300658450057865,-603.8938172043011,2.83,1.3399999999999999,18.19049822562721,AMERICAN TRANSMISSION,110.0,22126.63,0.09090909090909091,0.6181818181818182,,,,,,,,,unavailable,unavailable,,unavailable,,unavailable,,unavailable,,unavailable,,unavailable,,unavailable,,unavailable,,unavailable,,unavailable,,unavailable,,unavailable,,unavailable,,unavailable,,unavailable,,unavailable,,unavailable,,unavailable,,unavailable,,unavailable,,unavailable,,unavailable,,unavailable,,unavailable
P::J3157,2026-03-01,2026-03-01,MISO,J3157,41.49486652977413,4.61512051684126,wind_onshore,0,IA,,0,-49.94994994994995,,0.0,71.0,14529.54,4.0,956.0,27081.11,1202,238194.56,3.457905544147844,Phase 1,NRIS-Only,100.0,19189,,,BISON,30.661577608142494,10571.0,1.0,,0,0,0,,4,956.0,,2022-09-15,4.17,80990.37768817204,101013.0,-0.6408162377577172,0.0065300658450057865,-603.8938172043011,2.83,1.3399999999999999,18.19049822562721,ITC MIDWEST,87.0,14086.3,0.18114143920595532,0.6029776674937966,,,,,,,,,unavailable,unavailable,,unavailable,,unavailable,,unavailable,,unavailable,,unavailable,,unavailable,,unavailable,,unavailable,,unavailable,,unavailable,,unavailable,,unavailable,,unavailable,,unavailable,,unavailable,,unavailable,,unavailable,,unavailable,,unavailable,,unavailable,,unavailable,,unavailable,,unavailable
P::J3158,2026-03-01,2026-03-01,MISO,J3158,41.52772073921971,4.61512051684126,battery,0,IA,,0,0.0,,,71.0,14529.54,0.0,0.0,44230.42,1202,238194.56,3.460643394934976,Phase 1,NRIS,100.0,19033,,,COLBY 345KV SUBSTATION,69.59287531806616,42406.0,1.0,,0,0,0,,0,0.0,,2022-10-07,4.17,80990.37768817204,101013.0,-0.6408162377577172,0.0065300658450057865,-603.8938172043011,3.41,0.7599999999999998,18.19049822562721,ITC MIDWEST,87.0,14086.3,0.18114143920595532,0.6029776674937966,,,,,,,,,unavailable,unavailable,,unavailable,,unavailable,,unavailable,,unavailable,,unavailable,,unavailable,,unavailable,,unavailable,,unavailable,,unavailable,,unavailable,,unavailable,,unavailable,,unavailable,,unavailable,,unavailable,,unavailable,,unavailable,,unavailable,,unavailable,,unavailable,,unavailable,,unavailable
P::J3159,2026-03-01,2026-03-01,MISO,J3159,41.52772073921971,4.61512051684126,battery,0,IA,,0,0.0,,,71.0,14529.54,0.0,0.0,44230.42,1202,238194.56,3.460643394934976,Phase 1,NRIS,100.0,19061,,,GARDNER 69KV SUBSTATION,63.58142493638677,98887.0,0.0,,0,0,0,1,0,0.0,,2022-10-28,4.17,80990.37768817204,101013.0,-0.6408162377577172,0.0065300658450057865,-603.8938172043011,3.41,0.7599999999999998,18.19049822562721,ITC MIDWEST,87.0,14086.3,0.18114143920595532,0.6029776674937966,,,,,,,,,unavailable,unavailable,,unavailable,,unavailable,,unavailable,,unavailable,,unavailable,,unavailable,,unavailable,,unavailable,,unavailable,,unavailable,,unavailable,,unavailable,,unavailable,,unavailable,,unavailable,,unavailable,,unavailable,,unavailable,,unavailable,,unavailable,,unavailable,,unavailable,,unavailable
P::J3160,2026-03-01,2026-03-01,MISO,J3160,41.52772073921971,4.61512051684126,battery,0,WI,,0,0.0,,,67.0,14092.460000000001,0.0,0.0,44230.42,1202,238194.56,3.460643394934976,Phase 1,NRIS,100.0,55039,,,SOUTH FOND DU LAC 345KV,76.30407124681933,103948.0,0.0,,0,0,0,,0,0.0,,2022-10-28,4.17,80990.37768817204,101013.0,-0.6408162377577172,0.0065300658450057865,-603.8938172043011,3.41,0.7599999999999998,18.19049822562721,AMERICAN TRANSMISSION,110.0,22126.63,0.09090909090909091,0.6181818181818182,,,,,,,,,unavailable,unavailable,,unavailable,,unavailable,,unavailable,,unavailable,,unavailable,,unavailable,,unavailable,,unavailable,,unavailable,,unavailable,,unavailable,,unavailable,,unavailable,,unavailable,,unavailable,,unavailable,,unavailable,,unavailable,,unavailable,,unavailable,,unavailable,,unavailable,,unavailable
P::J3162,2026-03-01,2026-03-01,MISO,J3162,41.52772073921971,4.61512051684126,battery,0,WI,,0,0.0,,,67.0,14092.460000000001,0.0,0.0,44230.42,1202,238194.56,3.460643394934976,Phase 1,NRIS,100.0,55105,,,BELOIT GATEWAY,86.35496183206108,164278.0,0.0,,0,0,0,,0,0.0,,2022-10-07,4.17,80990.37768817204,101013.0,-0.6408162377577172,0.0065300658450057865,-603.8938172043011,3.41,0.7599999999999998,18.19049822562721,AMERICAN TRANSMISSION,110.0,22126.63,0.09090909090909091,0.6181818181818182,,,,,,,,,unavailable,unavailable,,unavailable,,unavailable,,unavailable,,unavailable,,unavailable,,unavailable,,unavailable,,unavailable,,unavailable,,unavailable,,unavailable,,unavailable,,unavailable,,unavailable,,unavailable,,unavailable,,unavailable,,unavailable,,unavailable,,unavailable,,unavailable,,unavailable,,unavailable
P::J3163,2026-03-01,2026-03-01,MISO,J3163,43.17043121149897,6.1779441140506,other,0,ND,,0,0.4175365344467641,,0.0,14.0,2144.0,4.0,575.0,19482.7,1202,238194.56,3.597535934291581,Phase 1,NRIS,481.0,38017,,,BISON,82.3791348600509,196362.0,0.0,,0,0,0,,4,575.0,,2022-09-11,4.17,80990.37768817204,101013.0,-0.6408162377577172,0.0065300658450057865,-603.8938172043011,2.83,1.3399999999999999,18.19049822562721,NORTHERN STATES POWER,72.0,15117.65,0.006134969325153374,0.5460122699386503,,,,,,,,,unavailable,unavailable,,unavailable,,unavailable,,unavailable,,unavailable,,unavailable,,unavailable,,unavailable,,unavailable,,unavailable,,unavailable,,unavailable,,unavailable,,unavailable,,unavailable,,unavailable,,unavailable,,unavailable,,unavailable,,unavailable,,unavailable,,unavailable,,unavailable,,unavailable
P::J3166,2026-03-01,2026-03-01,MISO,J3166,41.52772073921971,4.61512051684126,battery,0,IN,,0,0.0,,,89.0,18591.7,1.0,50.0,44230.42,1202,238194.56,3.460643394934976,Phase 2,NRIS,100.0,18083,,,EDWARDSPORT STATION IGCC,55.3117048346056,36070.0,1.0,,0,0,0,1,1,50.0,,2022-10-06,4.17,80990.37768817204,101013.0,-0.6408162377577172,0.0065300658450057865,-603.8938172043011,3.41,0.7599999999999998,18.19049822562721,DUKE ENERGY INDIANA,58.0,11347.82,0.004608294930875576,0.728110599078341,,,,,,,,,unavailable,unavailable,,unavailable,,unavailable,,unavailable,,unavailable,,unavailable,,unavailable,,unavailable,,unavailable,,unavailable,,unavailable,,unavailable,,unavailable,,unavailable,,unavailable,,unavailable,,unavailable,,unavailable,,unavailable,,unavailable,,unavailable,,unavailable,,unavailable,,unavailable
P::J3167,2026-03-01,2026-03-01,MISO,J3167,41.49486652977413,5.198497031265826,solar,0,IL,,0,0.0,,0.16427104722792607,187.0,35270.11,0.0,0.0,62469.18,1202,238194.56,3.457905544147844,Phase 2,NRIS,180.0,17057,,,IPAVA 138KV SUBSTATION,59.00127226463104,32541.0,1.0,,0,0,0,1,0,0.0,,2022-09-27,4.17,80990.37768817204,101013.0,-0.6408162377577172,0.0065300658450057865,-603.8938172043011,2.83,1.3399999999999999,18.19049822562721,AMEREN TRANSMISSION OF ILLINOIS,38.0,9232.83,0.06578947368421052,0.4342105263157895,,,,,,,,,unavailable,unavailable,,unavailable,,unavailable,,unavailable,,unavailable,,unavailable,,unavailable,,unavailable,,unavailable,,unavailable,,unavailable,,unavailable,,unavailable,,unavailable,,unavailable,,unavailable,,unavailable,,unavailable,,unavailable,,unavailable,,unavailable,,unavailable,,unavailable,,unavailable
P::J3168,2026-03-01,2026-03-01,MISO,J3168,41.52772073921971,4.795790545596741,solar,0,IN,,0,0.0,,0.16427104722792607,89.0,18571.7,1.0,200.0,62529.18,1202,238194.56,3.460643394934976,Phase 2,NRIS,120.0,18181,,,REYNOLDS,38.51781170483461,24917.0,1.0,,0,0,0,,1,200.0,,2022-10-06,4.17,80990.37768817204,101013.0,-0.6408162377577172,0.0065300658450057865,-603.8938172043011,3.41,0.7599999999999998,18.19049822562721,NORTHERN INDIANA PUBLIC SERVICE,53.0,9697.23,0.09701492537313433,0.5074626865671642,,,,,,,,,unavailable,unavailable,,unavailable,,unavailable,,unavailable,,unavailable,,unavailable,,unavailable,,unavailable,,unavailable,,unavailable,,unavailable,,unavailable,,unavailable,,unavailable,,unavailable,,unavailable,,unavailable,,unavailable,,unavailable,,unavailable,,unavailable,,unavailable,,unavailable,,unavailable
P::J3169,2026-03-01,2026-03-01,MISO,J3169,41.52772073921971,5.303304908059076,battery,0,TX,,0,0.0,,,12.0,2835.3,0.0,0.0,44130.42,1202,238194.56,3.460643394934976,Phase 1,NRIS,200.0,48199,,,CYPRESS 138KV SUBSTATION,69.56106870229007,58261.0,0.0,,0,0,0,1,0,0.0,,2022-09-26,4.17,80990.37768817204,101013.0,-0.6408162377577172,0.0065300658450057865,-603.8938172043011,2.83,1.3399999999999999,18.19049822562721,ENTERGY TEXAS,20.0,5378.0,0.029850746268656716,0.6716417910447762,,,,,,,,,unavailable,unavailable,,unavailable,,unavailable,,unavailable,,unavailable,,unavailable,,unavailable,,unavailable,,unavailable,,unavailable,,unavailable,,unavailable,,unavailable,,unavailable,,unavailable,,unavailable,,unavailable,,unavailable,,unavailable,,unavailable,,unavailable,,unavailable,,unavailable,,unavailable
P::J3170,2026-03-01,2026-03-01,MISO,J3170,41.5605749486653,5.303304908059076,solar,0,LA,,0,0.0,,,59.0,13119.51,0.0,0.0,62449.18,1202,238194.56,3.463381245722108,Phase 1,NRIS,200.0,22009,,,EOLA MARKSVILLE 138KV,72.99618320610686,38408.0,1.0,,0,0,0,1,0,0.0,,2022-09-21,4.17,80990.37768817204,101013.0,-0.6408162377577172,0.0065300658450057865,-603.8938172043011,2.83,1.3399999999999999,18.19049822562721,CLECO POWER,33.0,7851.48,0.019417475728155338,0.6601941747572816,,,,,,,,,unavailable,unavailable,,unavailable,,unavailable,,unavailable,,unavailable,,unavailable,,unavailable,,unavailable,,unavailable,,unavailable,,unavailable,,unavailable,,unavailable,,unavailable,,unavailable,,unavailable,,unavailable,,unavailable,,unavailable,,unavailable,,unavailable,,unavailable,,unavailable,,unavailable
P::J3172,2026-03-01,2026-03-01,MISO,J3172,41.52772073921971,4.61512051684126,battery,0,MN,,0,0.0,,,98.0,18301.9,0.0,0.0,44230.42,1202,238194.56,3.460643394934976,Phase 1,NRIS,100.0,27037,,,GRE NININGR7 115KV,89.50381679389314,447440.0,0.0,,0,0,0,1,0,0.0,,2022-09-23,4.17,80990.37768817204,101013.0,-0.6408162377577172,0.0065300658450057865,-603.8938172043011,2.83,1.3399999999999999,18.19049822562721,GREAT RIVER ENERGY,25.0,5005.92,0.11940298507462686,0.6940298507462687,,,,,,,,,unavailable,unavailable,,unavailable,,unavailable,,unavailable,,unavailable,,unavailable,,unavailable,,unavailable,,unavailable,,unavailable,,unavailable,,unavailable,,unavailable,,unavailable,,unavailable,,unavailable,,unavailable,,unavailable,,unavailable,,unavailable,,unavailable,,unavailable,,unavailable,,unavailable
P::J3175,2026-03-01,2026-03-01,MISO,J3175,41.52772073921971,5.081404364984463,solar,0,MS,,0,0.0,,2.1656399726214923,32.0,4821.6,0.0,0.0,62489.18,1202,238194.56,3.460643394934976,Phase 1,NRIS,160.0,28143,,,ROBINSONVILLE 230KV,36.25954198473282,9234.0,1.0,,0,0,0,,0,0.0,,2022-09-28,4.17,80990.37768817204,101013.0,-0.6408162377577172,0.0065300658450057865,-603.8938172043011,2.83,1.3399999999999999,18.19049822562721,ENTERGY MISSISSIPPI,51.0,10735.3,0.006172839506172839,0.6790123456790124,,,,,,,,,unavailable,unavailable,,unavailable,,unavailable,,unavailable,,unavailable,,unavailable,,unavailable,,unavailable,,unavailable,,unavailable,,unavailable,,unavailable,,unavailable,,unavailable,,unavailable,,unavailable,,unavailable,,unavailable,,unavailable,,unavailable,,unavailable,,unavailable,,unavailable,,unavailable
P::J3186,2026-03-01,2026-03-01,MISO,J3186,41.49486652977413,4.61512051684126,other,0,MS,,0,0.0,,,32.0,4881.6,0.0,0.0,19863.7,1202,238194.56,3.457905544147844,Phase 1,NRIS,100.0,28011,,,ROSEDALE DELTA 115KV,76.78117048346056,28968.0,1.0,,0,0,0,1,0,0.0,,2022-10-20,4.17,80990.37768817204,101013.0,-0.6408162377577172,0.0065300658450057865,-603.8938172043011,3.41,0.7599999999999998,18.19049822562721,ENTERGY MISSISSIPPI,51.0,10735.3,0.006172839506172839,0.6790123456790124,,,,,,,,,unavailable,unavailable,,unavailable,,unavailable,,unavailable,,unavailable,,unavailable,,unavailable,,unavailable,,unavailable,,unavailable,,unavailable,,unavailable,,unavailable,,unavailable,,unavailable,,unavailable,,unavailable,,unavailable,,unavailable,,unavailable,,unavailable,,unavailable,,unavailable,,unavailable
P::J3188,2026-03-01,2026-03-01,MISO,J3188,41.52772073921971,3.58351893845611,solar,0,IL,,0,0.0,,,187.0,35415.11,0.0,0.0,62614.18,1202,238194.56,3.460643394934976,Phase 2,NRIS,35.0,17123,,,HALLOCK 138KV,27.2264631043257,11683.0,1.0,,0,0,0,1,0,0.0,,2022-11-05,4.17,80990.37768817204,101013.0,-0.6408162377577172,0.0065300658450057865,-603.8938172043011,3.41,0.7599999999999998,18.19049822562721,AMEREN ILLINOIS,221.0,41217.38,0.07429718875502007,0.4779116465863454,,,,,,,,,unavailable,unavailable,,unavailable,,unavailable,,unavailable,,unavailable,,unavailable,,unavailable,,unavailable,,unavailable,,unavailable,,unavailable,,unavailable,,unavailable,,unavailable,,unavailable,,unavailable,,unavailable,,unavailable,,unavailable,,unavailable,,unavailable,,unavailable,,unavailable,,unavailable
P::J3198,2026-03-01,2026-03-01,MISO,J3198,41.49486652977413,4.394449154672439,other,0,WI,,0,0.0,,,67.0,14112.460000000001,0.0,0.0,19883.7,1202,238194.56,3.457905544147844,Phase 1,NRIS,80.0,55005,,,BARRON,68.63867684478372,46833.0,1.0,,0,0,0,,0,0.0,,2022-10-06,4.17,80990.37768817204,101013.0,-0.6408162377577172,0.0065300658450057865,-603.8938172043011,3.41,0.7599999999999998,18.19049822562721,DAIRYLAND POWER COOPERATIVE,13.0,1720.98,0.0,0.48,,,,,,,,,unavailable,unavailable,,unavailable,,unavailable,,unavailable,,unavailable,,unavailable,,unavailable,,unavailable,,unavailable,,unavailable,,unavailable,,unavailable,,unavailable,,unavailable,,unavailable,,unavailable,,unavailable,,unavailable,,unavailable,,unavailable,,unavailable,,unavailable,,unavailable,,unavailable
P::J3199,2026-03-01,2026-03-01,MISO,J3199,41.49486652977413,5.707110264748875,other,0,MO,,0,0.0,,,28.0,7518.43,0.0,0.0,19663.7,1202,238194.56,3.457905544147844,Phase 2,NRIS,300.0,29001,,,ZACHARY 345KV,28.72137404580153,25122.0,1.0,,0,0,0,,0,0.0,,2022-11-05,4.17,80990.37768817204,101013.0,-0.6408162377577172,0.0065300658450057865,-603.8938172043011,3.41,0.7599999999999998,18.19049822562721,AMEREN ILLINOIS,221.0,41217.38,0.07429718875502007,0.4779116465863454,,,,,,,,,unavailable,unavailable,,unavailable,,unavailable,,unavailable,,unavailable,,unavailable,,unavailable,,unavailable,,unavailable,,unavailable,,unavailable,,unavailable,,unavailable,,unavailable,,unavailable,,unavailable,,unavailable,,unavailable,,unavailable,,unavailable,,unavailable,,unavailable,,unavailable,,unavailable
P::J3204,2026-03-01,2026-03-01,MISO,J3204,41.52772073921971,5.25227342804663,wind_onshore,0,WI,,0,0.0,,0.16427104722792607,67.0,14002.460000000001,1.0,416.5,26991.11,1202,238194.56,3.460643394934976,Phase 1,NRIS,190.0,55019,,,STONE LAKE GARDNER PARK 345 0KV,68.44783715012723,34774.0,1.0,,0,0,0,,1,416.5,,2022-10-06,4.17,80990.37768817204,101013.0,-0.6408162377577172,0.0065300658450057865,-603.8938172043011,3.41,0.7599999999999998,18.19049822562721,AMERICAN TRANSMISSION,110.0,22126.63,0.09090909090909091,0.6181818181818182,,,,,,,,,unavailable,unavailable,,unavailable,,unavailable,,unavailable,,unavailable,,unavailable,,unavailable,,unavailable,,unavailable,,unavailable,,unavailable,,unavailable,,unavailable,,unavailable,,unavailable,,unavailable,,unavailable,,unavailable,,unavailable,,unavailable,,unavailable,,unavailable,,unavailable,,unavailable
P::J3207,2026-03-01,2026-03-01,MISO,J3207,47.70431211498973,4.61512051684126,solar,0,IN,,0,0.0,,0.16427104722792607,89.0,18591.7,0.0,0.0,62549.18,1202,238194.56,3.975359342915811,Phase 2,NRIS,100.0,18149,,,J3578,24.93638676844784,23206.0,1.0,,0,0,0,1,0,0.0,,2022-10-31,4.17,80990.37768817204,101013.0,-0.6408162377577172,0.0065300658450057865,-603.8938172043011,3.41,0.7599999999999998,18.19049822562721,NORTHERN INDIANA PUBLIC SERVICE,53.0,9697.23,0.09701492537313433,0.5074626865671642,,,,,,,,,unavailable,unavailable,,unavailable,,unavailable,,unavailable,,unavailable,,unavailable,,unavailable,,unavailable,,unavailable,,unavailable,,unavailable,,unavailable,,unavailable,,unavailable,,unavailable,,unavailable,,unavailable,,unavailable,,unavailable,,unavailable,,unavailable,,unavailable,,unavailable,,unavailable
P::J3208,2026-03-01,2026-03-01,MISO,J3208,41.724845995893226,2.3978952727983707,solar,0,IN,,0,0.0,,,89.0,18681.7,0.0,0.0,62639.18,1202,238194.56,3.477070499657769,Phase 2,NRIS,10.0,18037,,,PATOKA VALLEY,59.12849872773537,43546.0,1.0,,0,0,0,1,0,0.0,,2022-10-26,4.17,80990.37768817204,101013.0,-0.6408162377577172,0.0065300658450057865,-603.8938172043011,3.41,0.7599999999999998,18.19049822562721,HOOSIER ENERGY,21.0,4291.16,0.025,0.45,,,,,,,,,unavailable,unavailable,,unavailable,,unavailable,,unavailable,,unavailable,,unavailable,,unavailable,,unavailable,,unavailable,,unavailable,,unavailable,,unavailable,,unavailable,,unavailable,,unavailable,,unavailable,,unavailable,,unavailable,,unavailable,,unavailable,,unavailable,,unavailable,,unavailable,,unavailable
P::J3209,2026-03-01,2026-03-01,MISO,J3209,41.49486652977413,5.860786223465865,solar,0,LA,,0,0.0,,0.16427104722792607,59.0,12969.51,1.0,200.0,62299.18,1202,238194.56,3.457905544147844,Phase 1,ERIS,350.0,22079,,,HINESTON,84.28753180661577,126260.0,0.0,,0,0,0,,1,200.0,,2022-10-06,4.17,80990.37768817204,101013.0,-0.6408162377577172,0.0065300658450057865,-603.8938172043011,3.41,0.7599999999999998,18.19049822562721,CLECO POWER,33.0,7851.48,0.019417475728155338,0.6601941747572816,,,,,,,,,unavailable,unavailable,,unavailable,,unavailable,,unavailable,,unavailable,,unavailable,,unavailable,,unavailable,,unavailable,,unavailable,,unavailable,,unavailable,,unavailable,,unavailable,,unavailable,,unavailable,,unavailable,,unavailable,,unavailable,,unavailable,,unavailable,,unavailable,,unavailable,,unavailable
P::J3213,2026-03-01,2026-03-01,MISO,J3213,41.95482546201232,4.02535169073515,natural_gas,0,MN,,0,7.8431372549019605,,0.0,98.0,18346.9,0.0,0.0,26828.0,1202,238194.56,3.4962354551676933,Phase 1,NRIS,55.0,27053,,,RIVERSIDE 115KV SUBSTATION,98.31424936386769,1258713.0,0.0,,0,0,0,1,0,0.0,,2022-09-12,4.17,80990.37768817204,101013.0,-0.6408162377577172,0.0065300658450057865,-603.8938172043011,2.83,1.3399999999999999,18.19049822562721,NORTHERN STATES POWER,72.0,15117.65,0.006134969325153374,0.5460122699386503,,,,,,,,,unavailable,unavailable,,unavailable,,unavailable,,unavailable,,unavailable,,unavailable,,unavailable,,unavailable,,unavailable,,unavailable,,unavailable,,unavailable,,unavailable,,unavailable,,unavailable,,unavailable,,unavailable,,unavailable,,unavailable,,unavailable,,unavailable,,unavailable,,unavailable,,unavailable
P::J3216,2026-03-01,2026-03-01,MISO,J3216,41.49486652977413,5.707110264748875,battery,0,IL,,0,0.0,,,187.0,35150.11,0.0,0.0,44030.42,1202,238194.56,3.457905544147844,Phase 2,NRIS,300.0,17143,,,BLOOMINGTON BROKAW,90.68066157760815,177513.0,0.0,,0,0,0,1,0,0.0,,2022-10-20,4.17,80990.37768817204,101013.0,-0.6408162377577172,0.0065300658450057865,-603.8938172043011,3.41,0.7599999999999998,18.19049822562721,AMEREN ILLINOIS,221.0,41217.38,0.07429718875502007,0.4779116465863454,,,,,,,,,unavailable,unavailable,,unavailable,,unavailable,,unavailable,,unavailable,,unavailable,,unavailable,,unavailable,,unavailable,,unavailable,,unavailable,,unavailable,,unavailable,,unavailable,,unavailable,,unavailable,,unavailable,,unavailable,,unavailable,,unavailable,,unavailable,,unavailable,,unavailable,,unavailable
P::J3219,2026-03-01,2026-03-01,MISO,J3219,41.52772073921971,1.3862943611198906,hydro,0,MN,,0,0.0,,0.16427104722792607,98.0,18398.9,0.0,0.0,0.0,1202,238194.56,3.460643394934976,Phase 1,NRIS-Only,3.0,27037,,,CANNON FALLS TRANSM,89.50381679389314,447440.0,0.0,,0,0,0,1,0,0.0,,2022-09-30,4.17,80990.37768817204,101013.0,-0.6408162377577172,0.0065300658450057865,-603.8938172043011,2.83,1.3399999999999999,18.19049822562721,NORTHERN STATES POWER,72.0,15117.65,0.006134969325153374,0.5460122699386503,,,,,,,,,unavailable,unavailable,,unavailable,,unavailable,,unavailable,,unavailable,,unavailable,,unavailable,,unavailable,,unavailable,,unavailable,,unavailable,,unavailable,,unavailable,,unavailable,,unavailable,,unavailable,,unavailable,,unavailable,,unavailable,,unavailable,,unavailable,,unavailable,,unavailable,,unavailable
P::J3223,2026-03-01,2026-03-01,MISO,J3223,41.49486652977413,4.48863636973214,other,0,IL,,0,0.0,,,187.0,35362.11,0.0,0.0,19875.7,1202,238194.56,3.457905544147844,Phase 2,NRIS,88.0,17047,,,OLNEY 4JASPER 347868 ALBION 4ALBION N 346510 138KV,26.14503816793893,5968.0,1.0,,0,0,0,1,0,0.0,,2022-09-19,4.17,80990.37768817204,101013.0,-0.6408162377577172,0.0065300658450057865,-603.8938172043011,2.83,1.3399999999999999,18.19049822562721,AMEREN ILLINOIS,221.0,41217.38,0.07429718875502007,0.4779116465863454,,,,,,,,,unavailable,unavailable,,unavailable,,unavailable,,unavailable,,unavailable,,unavailable,,unavailable,,unavailable,,unavailable,,unavailable,,unavailable,,unavailable,,unavailable,,unavailable,,unavailable,,unavailable,,unavailable,,unavailable,,unavailable,,unavailable,,unavailable,,unavailable,,unavailable,,unavailable
P::J3224,2026-03-01,2026-03-01,MISO,J3224,41.49486652977413,5.017279836814924,other,0,IL,,0,0.0,,,187.0,35300.11,0.0,0.0,19813.7,1202,238194.56,3.457905544147844,Phase 2,NRIS,150.0,17121,,,4KINMUNDY 4TANNER 138KV,77.13104325699746,36673.0,1.0,,0,0,0,1,0,0.0,,2022-09-19,4.17,80990.37768817204,101013.0,-0.6408162377577172,0.0065300658450057865,-603.8938172043011,2.83,1.3399999999999999,18.19049822562721,AMEREN ILLINOIS,221.0,41217.38,0.07429718875502007,0.4779116465863454,,,,,,,,,unavailable,unavailable,,unavailable,,unavailable,,unavailable,,unavailable,,unavailable,,unavailable,,unavailable,,unavailable,,unavailable,,unavailable,,unavailable,,unavailable,,unavailable,,unavailable,,unavailable,,unavailable,,unavailable,,unavailable,,unavailable,,unavailable,,unavailable,,unavailable,,unavailable
P::J3229,2026-03-01,2026-03-01,MISO,J3229,41.52772073921971,4.948759890378168,other,0,MO,,0,0.0,,,28.0,7678.43,0.0,0.0,19823.7,1202,238194.56,3.460643394934976,Phase 2,NRIS,140.0,29125,,,4DILLON 4LKSIDE TP2 138 0KV,20.833333333333336,8430.0,1.0,,0,0,0,,0,0.0,,2022-09-29,4.17,80990.37768817204,101013.0,-0.6408162377577172,0.0065300658450057865,-603.8938172043011,2.83,1.3399999999999999,18.19049822562721,AMEREN MISSOURI,42.0,11977.23,0.041666666666666664,0.6,,,,,,,,,unavailable,unavailable,,unavailable,,unavailable,,unavailable,,unavailable,,unavailable,,unavailable,,unavailable,,unavailable,,unavailable,,unavailable,,unavailable,,unavailable,,unavailable,,unavailable,,unavailable,,unavailable,,unavailable,,unavailable,,unavailable,,unavailable,,unavailable,,unavailable,,unavailable
P::J3230,2026-03-01,2026-03-01,MISO,J3230,41.52772073921971,5.303304908059076,other,0,AR,,0,0.0,,,74.0,18297.1,0.0,0.0,19763.7,1202,238194.56,3.460643394934976,Phase 1,NRIS,200.0,05035,,,PARKIN GILMORE 161 0KV,82.95165394402035,47139.0,1.0,,0,0,0,1,0,0.0,,2022-09-20,4.17,80990.37768817204,101013.0,-0.6408162377577172,0.0065300658450057865,-603.8938172043011,2.83,1.3399999999999999,18.19049822562721,ENTERGY ARKANSAS,118.0,29185.92,0.011661807580174927,0.641399416909621,,,,,,,,,unavailable,unavailable,,unavailable,,unavailable,,unavailable,,unavailable,,unavailable,,unavailable,,unavailable,,unavailable,,unavailable,,unavailable,,unavailable,,unavailable,,unavailable,,unavailable,,unavailable,,unavailable,,unavailable,,unavailable,,unavailable,,unavailable,,unavailable,,unavailable,,unavailable
P::J3231,2026-03-01,2026-03-01,MISO,J3231,41.52772073921971,4.61512051684126,other,0,MS,,0,0.0,,,32.0,4881.6,0.0,0.0,19863.7,1202,238194.56,3.460643394934976,Phase 1,NRIS,100.0,28005,,,GLOSTER LIBERTY 115 0KV,48.218829516539444,12442.0,1.0,,0,0,0,1,0,0.0,,2022-11-21,4.17,80990.37768817204,101013.0,-0.6408162377577172,0.0065300658450057865,-603.8938172043011,4.02,0.15000000000000036,18.19049822562721,ENTERGY MISSISSIPPI,51.0,10735.3,0.006172839506172839,0.6790123456790124,,,,,,,,,unavailable,unavailable,,unavailable,,unavailable,,unavailable,,unavailable,,unavailable,,unavailable,,unavailable,,unavailable,,unavailable,,unavailable,,unavailable,,unavailable,,unavailable,,unavailable,,unavailable,,unavailable,,unavailable,,unavailable,,unavailable,,unavailable,,unavailable,,unavailable,,unavailable
P::J3232,2026-03-01,2026-03-01,MISO,J3232,22.636550308008214,6.2166061010848646,natural_gas,0,IN,,0,0.0,,,89.0,18191.7,0.0,0.0,26383.0,1202,238194.56,1.8863791923340179,Study Not Started,NRIS,500.0,18165,,,CAYUGA STATION,23.44147582697201,15417.0,1.0,,0,0,0,1,0,0.0,,2024-04-11,4.17,80990.37768817204,101013.0,-0.6408162377577172,0.0065300658450057865,-603.8938172043011,4.29,-0.1200000000000001,18.19049822562721,DUKE ENERGY INDIANA,58.0,11347.82,0.004608294930875576,0.728110599078341,,,,,,,,,unavailable,unavailable,,unavailable,,unavailable,,unavailable,,unavailable,,unavailable,,unavailable,,unavailable,,unavailable,,unavailable,,unavailable,,unavailable,,unavailable,,unavailable,,unavailable,,unavailable,,unavailable,,unavailable,,unavailable,,unavailable,,unavailable,,unavailable,,unavailable,,unavailable
P::J3233,2026-03-01,2026-03-01,MISO,J3233,23.096509240246405,4.948759890378168,solar,0,MN,,0,0.0,,,98.0,18261.9,0.0,0.0,62509.18,1202,238194.56,1.9247091033538672,Study Not Started,NRIS,140.0,27173,,,CANBY 115KV SUBSTATION,29.961832061068705,9467.0,1.0,,0,0,0,,0,0.0,,2024-03-28,4.17,80990.37768817204,101013.0,-0.6408162377577172,0.0065300658450057865,-603.8938172043011,4.09,0.08000000000000007,18.19049822562721,OTTER TAIL POWER,25.0,4561.42,0.13259668508287292,0.7292817679558011,,,,,,,,,unavailable,unavailable,,unavailable,,unavailable,,unavailable,,unavailable,,unavailable,,unavailable,,unavailable,,unavailable,,unavailable,,unavailable,,unavailable,,unavailable,,unavailable,,unavailable,,unavailable,,unavailable,,unavailable,,unavailable,,unavailable,,unavailable,,unavailable,,unavailable,,unavailable
P::J3235,2026-03-01,2026-03-01,MISO,J3235,23.096509240246405,5.5254529391317835,battery,0,MN,,0,0.0,,,98.0,18151.9,0.0,0.0,44080.42,1202,238194.56,1.9247091033538672,Study Not Started,NRIS,250.0,27009,,,CHERRY PARK SUBSTATION,51.335877862595424,41600.0,1.0,,0,0,0,1,0,0.0,,2024-03-28,4.17,80990.37768817204,101013.0,-0.6408162377577172,0.0065300658450057865,-603.8938172043011,4.09,0.08000000000000007,18.19049822562721,GREAT RIVER ENERGY,25.0,5005.92,0.11940298507462686,0.6940298507462687,,,,,,,,,unavailable,unavailable,,unavailable,,unavailable,,unavailable,,unavailable,,unavailable,,unavailable,,unavailable,,unavailable,,unavailable,,unavailable,,unavailable,,unavailable,,unavailable,,unavailable,,unavailable,,unavailable,,unavailable,,unavailable,,unavailable,,unavailable,,unavailable,,unavailable,,unavailable
P::J3236,2026-03-01,2026-03-01,MISO,J3236,23.096509240246405,5.303304908059076,battery,0,MN,,0,0.0,,,98.0,18201.9,0.0,0.0,44130.42,1202,238194.56,1.9247091033538672,Study Not Started,NRIS,200.0,27025,,,CHISAGO COUNTY 115KV SUBSTATION,44.529262086513995,58535.0,0.0,,0,0,0,,0,0.0,,2024-03-28,4.17,80990.37768817204,101013.0,-0.6408162377577172,0.0065300658450057865,-603.8938172043011,4.09,0.08000000000000007,18.19049822562721,NORTHERN STATES POWER,72.0,15117.65,0.006134969325153374,0.5460122699386503,,,,,,,,,unavailable,unavailable,,unavailable,,unavailable,,unavailable,,unavailable,,unavailable,,unavailable,,unavailable,,unavailable,,unavailable,,unavailable,,unavailable,,unavailable,,unavailable,,unavailable,,unavailable,,unavailable,,unavailable,,unavailable,,unavailable,,unavailable,,unavailable,,unavailable,,unavailable
P::J3249,2026-03-01,2026-03-01,MISO,J3249,22.570841889117045,5.303304908059076,battery,0,IN,,0,0.0,,0.16427104722792607,89.0,18491.7,0.0,0.0,44130.42,1202,238194.56,1.8809034907597535,Study Not Started,NRIS,200.0,18163,,,ELLIOTT FRANCISCO 138 0KV,91.31679389312977,179810.0,0.0,,0,0,0,1,0,0.0,,2024-04-13,4.17,80990.37768817204,101013.0,-0.6408162377577172,0.0065300658450057865,-603.8938172043011,4.29,-0.1200000000000001,18.19049822562721,SOUTHERN INDIANA GAS ELECTRIC D B A CENTERPOINT ENERGY INDIANA SOUTH,13.0,2430.0,0.0,0.5666666666666667,,,,,,,,,unavailable,unavailable,,unavailable,,unavailable,,unavailable,,unavailable,,unavailable,,unavailable,,unavailable,,unavailable,,unavailable,,unavailable,,unavailable,,unavailable,,unavailable,,unavailable,,unavailable,,unavailable,,unavailable,,unavailable,,unavailable,,unavailable,,unavailable,,unavailable,,unavailable
P::J3251,2026-03-01,2026-03-01,MISO,J3251,22.50513347022587,5.303304908059076,battery,0,MI,,0,0.0,,,174.0,34293.09,1.0,975.4000000000001,44130.42,1202,238194.56,1.8754277891854894,Study Not Started,NRIS,200.0,26049,,,THETFORD,92.17557251908397,401522.0,0.0,,0,0,0,,1,975.4,,2024-04-15,4.17,80990.37768817204,101013.0,-0.6408162377577172,0.0065300658450057865,-603.8938172043011,4.29,-0.1200000000000001,18.19049822562721,METC,167.0,33466.87,0.024691358024691357,0.45987654320987653,,,,,,,,,unavailable,unavailable,,unavailable,,unavailable,,unavailable,,unavailable,,unavailable,,unavailable,,unavailable,,unavailable,,unavailable,,unavailable,,unavailable,,unavailable,,unavailable,,unavailable,,unavailable,,unavailable,,unavailable,,unavailable,,unavailable,,unavailable,,unavailable,,unavailable,,unavailable
P::J3254,2026-03-01,2026-03-01,MISO,J3254,22.50513347022587,5.170483995038151,other,0,IL,,0,0.0,,,187.0,35275.11,0.0,0.0,19788.7,1202,238194.56,1.8754277891854894,Study Not Started,NRIS,175.0,17153,,,5CAPE GIR3 5JOPPA SR 161 0KV,49.04580152671756,4911.0,1.0,,0,0,0,1,0,0.0,,2024-04-15,4.17,80990.37768817204,101013.0,-0.6408162377577172,0.0065300658450057865,-603.8938172043011,4.29,-0.1200000000000001,18.19049822562721,AMEREN MISSOURI,42.0,11977.23,0.041666666666666664,0.6,,,,,,,,,unavailable,unavailable,,unavailable,,unavailable,,unavailable,,unavailable,,unavailable,,unavailable,,unavailable,,unavailable,,unavailable,,unavailable,,unavailable,,unavailable,,unavailable,,unavailable,,unavailable,,unavailable,,unavailable,,unavailable,,unavailable,,unavailable,,unavailable,,unavailable,,unavailable
P::J3256,2026-03-01,2026-03-01,MISO,J3256,22.570841889117045,5.303304908059076,solar,0,IL,,0,0.0,,,187.0,35250.11,0.0,0.0,62449.18,1202,238194.56,1.8809034907597535,Study Not Started,NRIS,200.0,17023,,,4GALLATIN 4KANSAS 138 0KV,27.32188295165394,15088.0,1.0,,0,0,0,1,0,0.0,,2024-04-13,4.17,80990.37768817204,101013.0,-0.6408162377577172,0.0065300658450057865,-603.8938172043011,4.29,-0.1200000000000001,18.19049822562721,AMEREN ILLINOIS,221.0,41217.38,0.07429718875502007,0.4779116465863454,,,,,,,,,unavailable,unavailable,,unavailable,,unavailable,,unavailable,,unavailable,,unavailable,,unavailable,,unavailable,,unavailable,,unavailable,,unavailable,,unavailable,,unavailable,,unavailable,,unavailable,,unavailable,,unavailable,,unavailable,,unavailable,,unavailable,,unavailable,,unavailable,,unavailable,,unavailable
P::J3268,2026-03-01,2026-03-01,MISO,J3268,22.406570841889117,4.61512051684126,battery,0,MI,,0,0.0,,,174.0,34393.09,1.0,100.0,44230.42,1202,238194.56,1.8672142368240932,Study Not Started,NRIS,100.0,26057,,,REGAL,54.13486005089059,41368.0,1.0,,0,0,0,1,1,100.0,,2024-04-18,4.17,80990.37768817204,101013.0,-0.6408162377577172,0.0065300658450057865,-603.8938172043011,4.29,-0.1200000000000001,18.19049822562721,METC,167.0,33466.87,0.024691358024691357,0.45987654320987653,,,,,,,,,unavailable,unavailable,,unavailable,,unavailable,,unavailable,,unavailable,,unavailable,,unavailable,,unavailable,,unavailable,,unavailable,,unavailable,,unavailable,,unavailable,,unavailable,,unavailable,,unavailable,,unavailable,,unavailable,,unavailable,,unavailable,,unavailable,,unavailable,,unavailable,,unavailable
P::J3274,2026-03-01,2026-03-01,MISO,J3274,22.50513347022587,5.673323267171493,solar,0,MI,,0,0.0,,,174.0,34203.09,1.0,145.8,62359.18,1202,238194.56,1.8754277891854894,Study Not Started,NRIS,290.0,26129,,,GALLAGHER TWINING 138 0KV,36.959287531806616,20990.0,1.0,,0,0,0,1,1,145.8,,2024-04-15,4.17,80990.37768817204,101013.0,-0.6408162377577172,0.0065300658450057865,-603.8938172043011,4.29,-0.1200000000000001,18.19049822562721,METC,167.0,33466.87,0.024691358024691357,0.45987654320987653,,,,,,,,,unavailable,unavailable,,unavailable,,unavailable,,unavailable,,unavailable,,unavailable,,unavailable,,unavailable,,unavailable,,unavailable,,unavailable,,unavailable,,unavailable,,unavailable,,unavailable,,unavailable,,unavailable,,unavailable,,unavailable,,unavailable,,unavailable,,unavailable,,unavailable,,unavailable
P::J3275,2026-03-01,2026-03-01,MISO,J3275,22.439425051334702,5.521460917862246,wind_onshore,0,MN,,0,0.0,,,98.0,18152.9,0.0,0.0,26932.11,1202,238194.56,1.8699520876112252,Study Not Started,NRIS,249.0,27009,,,MUD LAKE BENTON COUNTY GRE 230KV,51.335877862595424,41600.0,1.0,,0,0,0,1,0,0.0,,2024-04-17,4.17,80990.37768817204,101013.0,-0.6408162377577172,0.0065300658450057865,-603.8938172043011,4.29,-0.1200000000000001,18.19049822562721,GREAT RIVER ENERGY,25.0,5005.92,0.11940298507462686,0.6940298507462687,,,,,,,,,unavailable,unavailable,,unavailable,,unavailable,,unavailable,,unavailable,,unavailable,,unavailable,,unavailable,,unavailable,,unavailable,,unavailable,,unavailable,,unavailable,,unavailable,,unavailable,,unavailable,,unavailable,,unavailable,,unavailable,,unavailable,,unavailable,,unavailable,,unavailable,,unavailable
P::J3280,2026-03-01,2026-03-01,MISO,J3280,22.439425051334702,5.707110264748875,wind_onshore,0,ND,,0,0.0,,,14.0,2325.0,0.0,0.0,26881.11,1202,238194.56,1.8699520876112252,Study Not Started,NRIS,300.0,38021,,,ELLENDALE,15.839694656488549,4900.0,1.0,,0,0,0,,0,0.0,,2024-04-17,4.17,80990.37768817204,101013.0,-0.6408162377577172,0.0065300658450057865,-603.8938172043011,4.29,-0.1200000000000001,18.19049822562721,MONTANA DAKOTA UTILITIES,11.0,1700.0,0.14285714285714285,0.7523809523809524,,,,,,,,,unavailable,unavailable,,unavailable,,unavailable,,unavailable,,unavailable,,unavailable,,unavailable,,unavailable,,unavailable,,unavailable,,unavailable,,unavailable,,unavailable,,unavailable,,unavailable,,unavailable,,unavailable,,unavailable,,unavailable,,unavailable,,unavailable,,unavailable,,unavailable,,unavailable
P::J3289,2026-03-01,2026-03-01,MISO,J3289,22.439425051334702,4.110873864173311,other,0,MN,,0,-74.46808510638297,,0.0,98.0,18341.9,0.0,0.0,19903.7,1202,238194.56,1.8699520876112252,Study Not Started,NRIS,60.0,27141,,,ELK RIVER 14,53.56234096692112,102206.0,0.0,,0,0,0,,0,0.0,,2024-04-17,4.17,80990.37768817204,101013.0,-0.6408162377577172,0.0065300658450057865,-603.8938172043011,4.29,-0.1200000000000001,18.19049822562721,GREAT RIVER ENERGY,25.0,5005.92,0.11940298507462686,0.6940298507462687,,,,,,,,,unavailable,unavailable,,unavailable,,unavailable,,unavailable,,unavailable,,unavailable,,unavailable,,unavailable,,unavailable,,unavailable,,unavailable,,unavailable,,unavailable,,unavailable,,unavailable,,unavailable,,unavailable,,unavailable,,unavailable,,unavailable,,unavailable,,unavailable,,unavailable,,unavailable
P::J3291,2026-03-01,2026-03-01,MISO,J3291,22.439425051334702,5.303304908059076,battery,0,IN,,0,0.0,,,89.0,18491.7,1.0,200.0,44130.42,1202,238194.56,1.8699520876112252,Study Not Started,NRIS,200.0,18087,,,HIPLE,62.40458015267175,40907.0,1.0,,0,0,0,,1,200.0,,2024-04-17,4.17,80990.37768817204,101013.0,-0.6408162377577172,0.0065300658450057865,-603.8938172043011,4.29,-0.1200000000000001,18.19049822562721,NORTHERN INDIANA PUBLIC SERVICE,53.0,9697.23,0.09701492537313433,0.5074626865671642,,,,,,,,,unavailable,unavailable,,unavailable,,unavailable,,unavailable,,unavailable,,unavailable,,unavailable,,unavailable,,unavailable,,unavailable,,unavailable,,unavailable,,unavailable,,unavailable,,unavailable,,unavailable,,unavailable,,unavailable,,unavailable,,unavailable,,unavailable,,unavailable,,unavailable,,unavailable
P::J3292,2026-03-01,2026-03-01,MISO,J3292,22.439425051334702,5.267858159063328,wind_onshore,0,AR,,0,0.0,,,74.0,18304.1,1.0,197.5,26988.11,1202,238194.56,1.8699520876112252,Study Not Started,ERIS,193.0,05107,,,RITCHIE SWYD TARLETON 230 0KV,61.67302798982188,14961.0,1.0,,0,0,0,1,1,197.5,,2024-04-17,4.17,80990.37768817204,101013.0,-0.6408162377577172,0.0065300658450057865,-603.8938172043011,4.29,-0.1200000000000001,18.19049822562721,ENTERGY ARKANSAS,118.0,29185.92,0.011661807580174927,0.641399416909621,,,,,,,,,unavailable,unavailable,,unavailable,,unavailable,,unavailable,,unavailable,,unavailable,,unavailable,,unavailable,,unavailable,,unavailable,,unavailable,,unavailable,,unavailable,,unavailable,,unavailable,,unavailable,,unavailable,,unavailable,,unavailable,,unavailable,,unavailable,,unavailable,,unavailable,,unavailable
P::J3296,2026-03-01,2026-03-01,MISO,J3296,22.439425051334702,5.303304908059076,battery,0,IL,,0,0.0,,,187.0,35250.11,0.0,0.0,44130.42,1202,238194.56,1.8699520876112252,Study Not Started,NRIS,200.0,17065,,,HAMILTON,30.820610687022903,7911.0,1.0,,0,0,0,1,0,0.0,,2024-04-17,4.17,80990.37768817204,101013.0,-0.6408162377577172,0.0065300658450057865,-603.8938172043011,4.29,-0.1200000000000001,18.19049822562721,AMEREN ILLINOIS,221.0,41217.38,0.07429718875502007,0.4779116465863454,,,,,,,,,unavailable,unavailable,,unavailable,,unavailable,,unavailable,,unavailable,,unavailable,,unavailable,,unavailable,,unavailable,,unavailable,,unavailable,,unavailable,,unavailable,,unavailable,,unavailable,,unavailable,,unavailable,,unavailable,,unavailable,,unavailable,,unavailable,,unavailable,,unavailable,,unavailable
P::J3298,2026-03-01,2026-03-01,MISO,J3298,22.439425051334702,5.303304908059076,battery,0,IL,,0,0.0,,,187.0,35250.11,0.0,0.0,44130.42,1202,238194.56,1.8699520876112252,Study Not Started,NRIS,200.0,17179,,,TOWERLINE,84.19211195928753,129541.0,0.0,,0,0,0,1,0,0.0,,2024-04-17,4.17,80990.37768817204,101013.0,-0.6408162377577172,0.0065300658450057865,-603.8938172043011,4.29,-0.1200000000000001,18.19049822562721,AMEREN ILLINOIS,221.0,41217.38,0.07429718875502007,0.4779116465863454,,,,,,,,,unavailable,unavailable,,unavailable,,unavailable,,unavailable,,unavailable,,unavailable,,unavailable,,unavailable,,unavailable,,unavailable,,unavailable,,unavailable,,unavailable,,unavailable,,unavailable,,unavailable,,unavailable,,unavailable,,unavailable,,unavailable,,unavailable,,unavailable,,unavailable,,unavailable
P::J3306,2026-03-01,2026-03-01,MISO,J3306,22.472279260780287,5.017279836814924,solar,0,IL,,0,0.0,,,187.0,35300.11,0.0,0.0,62499.18,1202,238194.56,1.8726899383983573,Study Not Started,ERIS,150.0,17145,,,J3064,72.07379134860051,20503.0,1.0,,0,0,0,1,0,0.0,,2024-04-16,4.17,80990.37768817204,101013.0,-0.6408162377577172,0.0065300658450057865,-603.8938172043011,4.29,-0.1200000000000001,18.19049822562721,AMEREN ILLINOIS,221.0,41217.38,0.07429718875502007,0.4779116465863454,,,,,,,,,unavailable,unavailable,,unavailable,,unavailable,,unavailable,,unavailable,,unavailable,,unavailable,,unavailable,,unavailable,,unavailable,,unavailable,,unavailable,,unavailable,,unavailable,,unavailable,,unavailable,,unavailable,,unavailable,,unavailable,,unavailable,,unavailable,,unavailable,,unavailable,,unavailable
P::J3313,2026-03-01,2026-03-01,MISO,J3313,22.472279260780287,5.575949103146316,wind_onshore,0,MI,,0,0.0,,,174.0,34230.09,1.0,112.0,26918.11,1202,238194.56,1.8726899383983573,Study Not Started,NRIS,263.0,26091,,,MOROCCO ALLEN JUNCTION 345 0KV,69.94274809160305,97520.0,0.0,,0,0,0,1,1,112.0,,2024-04-16,4.17,80990.37768817204,101013.0,-0.6408162377577172,0.0065300658450057865,-603.8938172043011,4.29,-0.1200000000000001,18.19049822562721,METC,167.0,33466.87,0.024691358024691357,0.45987654320987653,,,,,,,,,unavailable,unavailable,,unavailable,,unavailable,,unavailable,,unavailable,,unavailable,,unavailable,,unavailable,,unavailable,,unavailable,,unavailable,,unavailable,,unavailable,,unavailable,,unavailable,,unavailable,,unavailable,,unavailable,,unavailable,,unavailable,,unavailable,,unavailable,,unavailable,,unavailable
P::J3316,2026-03-01,2026-03-01,MISO,J3316,21.815195071868583,5.017279836814924,battery,0,IL,,0,0.0,,0.16427104722792607,187.0,35300.11,0.0,0.0,44180.42,1202,238194.56,1.8179329226557153,Study Not Started,NRIS,150.0,17189,,,OKAWVILLE 138KV,55.152671755725194,13536.0,1.0,,0,0,0,1,0,0.0,,2024-05-06,4.17,80990.37768817204,101013.0,-0.6408162377577172,0.0065300658450057865,-603.8938172043011,4.42,-0.25,18.19049822562721,AMEREN ILLINOIS,221.0,41217.38,0.07429718875502007,0.4779116465863454,,,,,,,,,unavailable,unavailable,,unavailable,,unavailable,,unavailable,,unavailable,,unavailable,,unavailable,,unavailable,,unavailable,,unavailable,,unavailable,,unavailable,,unavailable,,unavailable,,unavailable,,unavailable,,unavailable,,unavailable,,unavailable,,unavailable,,unavailable,,unavailable,,unavailable,,unavailable
P::J3324,2026-03-01,2026-03-01,MISO,J3324,22.406570841889117,5.303304908059076,wind_onshore,0,IA,,0,0.0,,,71.0,14429.54,0.0,0.0,26981.11,1202,238194.56,1.8672142368240932,Study Not Started,NRIS,200.0,19147,,,PALO ALTO KOSSUTH COUNTY 345 0KV,15.458015267175574,8810.0,1.0,,0,0,0,,0,0.0,,2024-04-18,4.17,80990.37768817204,101013.0,-0.6408162377577172,0.0065300658450057865,-603.8938172043011,4.29,-0.1200000000000001,18.19049822562721,MIDAMERICAN ENERGY,45.0,8895.24,0.18652849740932642,0.5803108808290155,,,,,,,,,unavailable,unavailable,,unavailable,,unavailable,,unavailable,,unavailable,,unavailable,,unavailable,,unavailable,,unavailable,,unavailable,,unavailable,,unavailable,,unavailable,,unavailable,,unavailable,,unavailable,,unavailable,,unavailable,,unavailable,,unavailable,,unavailable,,unavailable,,unavailable,,unavailable
P::J3326,2026-03-01,2026-03-01,MISO,J3326,22.406570841889117,5.5254529391317835,wind_onshore,0,MN,,0,0.0,,,98.0,18151.9,43.0,12791.869999999999,26931.11,1202,238194.56,1.8672142368240932,Study Not Started,NRIS,250.0,27083,,,OTHER_,43.47964376590331,25427.0,1.0,,0,0,0,,43,12791.869999999999,,2024-04-18,4.17,80990.37768817204,101013.0,-0.6408162377577172,0.0065300658450057865,-603.8938172043011,4.29,-0.1200000000000001,18.19049822562721,MISSOURI RIVER ENERGY SERVICES TRANSMISSION,9.0,1583.74,0.0,0.3076923076923077,,,,,,,,,unavailable,unavailable,,unavailable,,unavailable,,unavailable,,unavailable,,unavailable,,unavailable,,unavailable,,unavailable,,unavailable,,unavailable,,unavailable,,unavailable,,unavailable,,unavailable,,unavailable,,unavailable,,unavailable,,unavailable,,unavailable,,unavailable,,unavailable,,unavailable,,unavailable
P::J3331,2026-03-01,2026-03-01,MISO,J3331,22.439425051334702,6.154858094016418,natural_gas,0,IN,,0,0.0,,,89.0,18221.7,4.0,1370.0,26413.0,1202,238194.56,1.8699520876112252,Study Not Started,NRIS,470.0,18153,,,PETERSBURG SULLIVAN AEP PJM 345 0KV,20.642493638676847,20757.0,1.0,,0,0,0,1,4,1370.0,,2024-04-17,4.17,80990.37768817204,101013.0,-0.6408162377577172,0.0065300658450057865,-603.8938172043011,4.29,-0.1200000000000001,18.19049822562721,INDIANAPOLIS POWER LIGHT,9.0,2448.8199999999997,0.14814814814814814,0.5185185185185185,,,,,,,,,unavailable,unavailable,,unavailable,,unavailable,,unavailable,,unavailable,,unavailable,,unavailable,,unavailable,,unavailable,,unavailable,,unavailable,,unavailable,,unavailable,,unavailable,,unavailable,,unavailable,,unavailable,,unavailable,,unavailable,,unavailable,,unavailable,,unavailable,,unavailable,,unavailable
P::J3336,2026-03-01,2026-03-01,MISO,J3336,22.833675564681723,3.756538102587751,wind_onshore,0,MI,,0,0.0,,,174.0,34451.28999999999,0.0,0.0,27139.31,1202,238194.56,1.9028062970568105,Study Not Started,NRIS,41.8,26157,,,RINGLE,73.05979643765903,52826.0,0.0,,0,0,0,1,0,0.0,,2024-04-05,4.17,80990.37768817204,101013.0,-0.6408162377577172,0.0065300658450057865,-603.8938172043011,4.09,0.08000000000000007,18.19049822562721,ITC,83.0,19624.149999999998,0.0,0.27586206896551724,,,,,,,,,unavailable,unavailable,,unavailable,,unavailable,,unavailable,,unavailable,,unavailable,,unavailable,,unavailable,,unavailable,,unavailable,,unavailable,,unavailable,,unavailable,,unavailable,,unavailable,,unavailable,,unavailable,,unavailable,,unavailable,,unavailable,,unavailable,,unavailable,,unavailable,,unavailable
P::J3338,2026-03-01,2026-03-01,MISO,J3338,22.406570841889117,5.30325515557766,wind_onshore,0,IL,,0,0.0,,,187.0,35250.12,1.0,140.0,26981.12,1202,238194.56,1.8672142368240932,Study Not Started,NRIS,199.99,17065,,,7W_FRFT_E 7NORRIS 345 0KV,30.820610687022903,7911.0,1.0,,0,0,0,1,1,140.0,,2024-04-18,4.17,80990.37768817204,101013.0,-0.6408162377577172,0.0065300658450057865,-603.8938172043011,4.29,-0.1200000000000001,18.19049822562721,AMEREN ILLINOIS,221.0,41217.38,0.07429718875502007,0.4779116465863454,,,,,,,,,unavailable,unavailable,,unavailable,,unavailable,,unavailable,,unavailable,,unavailable,,unavailable,,unavailable,,unavailable,,unavailable,,unavailable,,unavailable,,unavailable,,unavailable,,unavailable,,unavailable,,unavailable,,unavailable,,unavailable,,unavailable,,unavailable,,unavailable,,unavailable,,unavailable
P::J3340,2026-03-01,2026-03-01,MISO,J3340,23.42505133470226,5.170483995038151,solar,0,IL,,0,0.0,,,187.0,35275.11,0.0,0.0,62474.18,1202,238194.56,1.9520876112251881,Study Not Started,NRIS,175.0,17183,,,ROSSVILLE 138KV ON THE HOOPESTON TO VERMILION 138KV LINE,78.81679389312977,71652.0,0.0,,0,0,0,1,0,0.0,,2024-03-18,4.17,80990.37768817204,101013.0,-0.6408162377577172,0.0065300658450057865,-603.8938172043011,4.09,0.08000000000000007,18.19049822562721,AMEREN ILLINOIS,221.0,41217.38,0.07429718875502007,0.4779116465863454,,,,,,,,,unavailable,unavailable,,unavailable,,unavailable,,unavailable,,unavailable,,unavailable,,unavailable,,unavailable,,unavailable,,unavailable,,unavailable,,unavailable,,unavailable,,unavailable,,unavailable,,unavailable,,unavailable,,unavailable,,unavailable,,unavailable,,unavailable,,unavailable,,unavailable,,unavailable
P::J3341,2026-03-01,2026-03-01,MISO,J3341,22.406570841889117,4.61512051684126,wind_onshore,0,IL,,0,0.0,,,187.0,35350.11,1.0,180.0,27081.11,1202,238194.56,1.8672142368240932,Study Not Started,NRIS,100.0,17183,,,J2192 POI,78.81679389312977,71652.0,0.0,,0,0,0,1,1,180.0,,2024-04-18,4.17,80990.37768817204,101013.0,-0.6408162377577172,0.0065300658450057865,-603.8938172043011,4.29,-0.1200000000000001,18.19049822562721,AMEREN ILLINOIS,221.0,41217.38,0.07429718875502007,0.4779116465863454,,,,,,,,,unavailable,unavailable,,unavailable,,unavailable,,unavailable,,unavailable,,unavailable,,unavailable,,unavailable,,unavailable,,unavailable,,unavailable,,unavailable,,unavailable,,unavailable,,unavailable,,unavailable,,unavailable,,unavailable,,unavailable,,unavailable,,unavailable,,unavailable,,unavailable,,unavailable
P::J3342,2026-03-01,2026-03-01,MISO,J3342,22.406570841889117,5.198497031265826,solar,0,IL,,0,0.0,,,187.0,35270.11,1.0,100.0,62469.18,1202,238194.56,1.8672142368240932,Study Not Started,NRIS,180.0,17183,,,J2192 POI,78.81679389312977,71652.0,0.0,,0,0,0,1,1,100.0,,2024-04-18,4.17,80990.37768817204,101013.0,-0.6408162377577172,0.0065300658450057865,-603.8938172043011,4.29,-0.1200000000000001,18.19049822562721,AMEREN ILLINOIS,221.0,41217.38,0.07429718875502007,0.4779116465863454,,,,,,,,,unavailable,unavailable,,unavailable,,unavailable,,unavailable,,unavailable,,unavailable,,unavailable,,unavailable,,unavailable,,unavailable,,unavailable,,unavailable,,unavailable,,unavailable,,unavailable,,unavailable,,unavailable,,unavailable,,unavailable,,unavailable,,unavailable,,unavailable,,unavailable,,unavailable
P::J3344,2026-03-01,2026-03-01,MISO,J3344,22.570841889117045,4.61512051684126,battery,0,IL,,0,0.0,,,187.0,35350.11,5.0,1550.0,44230.42,1202,238194.56,1.8809034907597535,Study Not Started,NRIS,100.0,17095,,,7FARGO 7SANDBURG 345 0KV,57.156488549618324,48411.0,1.0,,0,0,0,1,5,1550.0,,2024-04-13,4.17,80990.37768817204,101013.0,-0.6408162377577172,0.0065300658450057865,-603.8938172043011,4.29,-0.1200000000000001,18.19049822562721,AMEREN ILLINOIS,221.0,41217.38,0.07429718875502007,0.4779116465863454,,,,,,,,,unavailable,unavailable,,unavailable,,unavailable,,unavailable,,unavailable,,unavailable,,unavailable,,unavailable,,unavailable,,unavailable,,unavailable,,unavailable,,unavailable,,unavailable,,unavailable,,unavailable,,unavailable,,unavailable,,unavailable,,unavailable,,unavailable,,unavailable,,unavailable,,unavailable
P::J3352,2026-03-01,2026-03-01,MISO,J3352,22.472279260780287,5.5254529391317835,battery,0,MO,,0,0.0,,,28.0,7568.43,0.0,0.0,44080.42,1202,238194.56,1.8726899383983573,Study Not Started,NRIS,250.0,29031,,,LUTESVILLE,85.68702290076335,82984.0,0.0,,0,0,0,,0,0.0,,2024-04-16,4.17,80990.37768817204,101013.0,-0.6408162377577172,0.0065300658450057865,-603.8938172043011,4.29,-0.1200000000000001,18.19049822562721,AMEREN MISSOURI,42.0,11977.23,0.041666666666666664,0.6,,,,,,,,,unavailable,unavailable,,unavailable,,unavailable,,unavailable,,unavailable,,unavailable,,unavailable,,unavailable,,unavailable,,unavailable,,unavailable,,unavailable,,unavailable,,unavailable,,unavailable,,unavailable,,unavailable,,unavailable,,unavailable,,unavailable,,unavailable,,unavailable,,unavailable,,unavailable
P::J3353,2026-03-01,2026-03-01,MISO,J3353,22.406570841889117,5.259056652594734,solar,0,IL,,0,0.0,,,187.0,35258.81,3.0,499.99999999999994,62457.88,1202,238194.56,1.8672142368240932,Study Not Started,ERIS,191.3,17019,,,RISING,90.45801526717557,205644.0,0.0,,0,0,0,1,3,500.0,,2024-04-18,4.17,80990.37768817204,101013.0,-0.6408162377577172,0.0065300658450057865,-603.8938172043011,4.29,-0.1200000000000001,18.19049822562721,AMEREN TRANSMISSION OF ILLINOIS,38.0,9232.83,0.06578947368421052,0.4342105263157895,,,,,,,,,unavailable,unavailable,,unavailable,,unavailable,,unavailable,,unavailable,,unavailable,,unavailable,,unavailable,,unavailable,,unavailable,,unavailable,,unavailable,,unavailable,,unavailable,,unavailable,,unavailable,,unavailable,,unavailable,,unavailable,,unavailable,,unavailable,,unavailable,,unavailable,,unavailable
P::J3357,2026-03-01,2026-03-01,MISO,J3357,22.50513347022587,5.303304908059076,battery,0,IN,,0,0.0,,,89.0,18491.7,0.0,0.0,44130.42,1202,238194.56,1.8754277891854894,Study Not Started,NRIS,200.0,18085,,,LEESBURG,66.31679389312977,80364.0,0.0,,0,0,0,,0,0.0,,2024-04-15,4.17,80990.37768817204,101013.0,-0.6408162377577172,0.0065300658450057865,-603.8938172043011,4.29,-0.1200000000000001,18.19049822562721,NORTHERN INDIANA PUBLIC SERVICE,53.0,9697.23,0.09701492537313433,0.5074626865671642,,,,,,,,,unavailable,unavailable,,unavailable,,unavailable,,unavailable,,unavailable,,unavailable,,unavailable,,unavailable,,unavailable,,unavailable,,unavailable,,unavailable,,unavailable,,unavailable,,unavailable,,unavailable,,unavailable,,unavailable,,unavailable,,unavailable,,unavailable,,unavailable,,unavailable,,unavailable
P::J3361,2026-03-01,2026-03-01,MISO,J3361,22.60369609856263,5.541263545158426,wind_onshore,0,MI,,0,0.0,,,174.0,34239.09,43.0,12787.869999999999,26927.11,1202,238194.56,1.8836413415468858,Study Not Started,NRIS,254.0,26017,,,OTHER_,78.18066157760815,102500.0,0.0,,0,0,0,1,43,12787.869999999999,,2024-04-12,4.17,80990.37768817204,101013.0,-0.6408162377577172,0.0065300658450057865,-603.8938172043011,4.29,-0.1200000000000001,18.19049822562721,METC,167.0,33466.87,0.024691358024691357,0.45987654320987653,,,,,,,,,unavailable,unavailable,,unavailable,,unavailable,,unavailable,,unavailable,,unavailable,,unavailable,,unavailable,,unavailable,,unavailable,,unavailable,,unavailable,,unavailable,,unavailable,,unavailable,,unavailable,,unavailable,,unavailable,,unavailable,,unavailable,,unavailable,,unavailable,,unavailable,,unavailable
P::J3368,2026-03-01,2026-03-01,MISO,J3368,22.406570841889117,5.302807271820889,wind_onshore,0,LA,,0,0.0,,,59.0,13119.61,1.0,155.6,26981.21,1202,238194.56,1.8672142368240932,Study Not Started,NRIS,199.9,22097,,,VILLE PLATTE WEST FORK 230 0KV,88.19974554707379,81464.0,0.0,,0,0,0,1,1,155.6,,2024-04-18,4.17,80990.37768817204,101013.0,-0.6408162377577172,0.0065300658450057865,-603.8938172043011,4.29,-0.1200000000000001,18.19049822562721,CLECO POWER,33.0,7851.48,0.019417475728155338,0.6601941747572816,,,,,,,,,unavailable,unavailable,,unavailable,,unavailable,,unavailable,,unavailable,,unavailable,,unavailable,,unavailable,,unavailable,,unavailable,,unavailable,,unavailable,,unavailable,,unavailable,,unavailable,,unavailable,,unavailable,,unavailable,,unavailable,,unavailable,,unavailable,,unavailable,,unavailable,,unavailable
P::J3379,2026-03-01,2026-03-01,MISO,J3379,22.406570841889117,4.61512051684126,solar,0,IL,,0,0.0,,,187.0,35350.11,1.0,200.0,62549.18,1202,238194.56,1.8672142368240932,Study Not Started,ERIS,100.0,17087,,,7JORD 7MASS 345 0KV,51.08142493638677,13326.0,1.0,,0,0,0,1,1,200.0,,2024-04-18,4.17,80990.37768817204,101013.0,-0.6408162377577172,0.0065300658450057865,-603.8938172043011,4.29,-0.1200000000000001,18.19049822562721,AMEREN ILLINOIS,221.0,41217.38,0.07429718875502007,0.4779116465863454,,,,,,,,,unavailable,unavailable,,unavailable,,unavailable,,unavailable,,unavailable,,unavailable,,unavailable,,unavailable,,unavailable,,unavailable,,unavailable,,unavailable,,unavailable,,unavailable,,unavailable,,unavailable,,unavailable,,unavailable,,unavailable,,unavailable,,unavailable,,unavailable,,unavailable,,unavailable
P::J3382,2026-03-01,2026-03-01,MISO,J3382,22.406570841889117,5.147494476813453,solar,0,IL,,0,0.0,,,187.0,35279.11,0.0,0.0,62478.18,1202,238194.56,1.8672142368240932,Study Not Started,NRIS,171.0,17147,,,4WEEDMAN 4MAHOMET 1 138 0KV,34.95547073791349,16714.0,1.0,,0,0,0,,0,0.0,,2024-04-18,4.17,80990.37768817204,101013.0,-0.6408162377577172,0.0065300658450057865,-603.8938172043011,4.29,-0.1200000000000001,18.19049822562721,AMEREN ILLINOIS,221.0,41217.38,0.07429718875502007,0.4779116465863454,,,,,,,,,unavailable,unavailable,,unavailable,,unavailable,,unavailable,,unavailable,,unavailable,,unavailable,,unavailable,,unavailable,,unavailable,,unavailable,,unavailable,,unavailable,,unavailable,,unavailable,,unavailable,,unavailable,,unavailable,,unavailable,,unavailable,,unavailable,,unavailable,,unavailable,,unavailable
P::J3384,2026-03-01,2026-03-01,MISO,J3384,22.439425051334702,5.707110264748875,wind_onshore,0,MN,,0,0.0,,,98.0,18101.9,0.0,0.0,26881.11,1202,238194.56,1.8699520876112252,Study Not Started,NRIS,300.0,27149,,,BIG STONE SOUTH ALEXANDRIA 345KV,7.029262086513994,9728.0,1.0,,0,0,0,,0,0.0,,2024-04-17,4.17,80990.37768817204,101013.0,-0.6408162377577172,0.0065300658450057865,-603.8938172043011,4.29,-0.1200000000000001,18.19049822562721,GREAT RIVER ENERGY,25.0,5005.92,0.11940298507462686,0.6940298507462687,,,,,,,,,unavailable,unavailable,,unavailable,,unavailable,,unavailable,,unavailable,,unavailable,,unavailable,,unavailable,,unavailable,,unavailable,,unavailable,,unavailable,,unavailable,,unavailable,,unavailable,,unavailable,,unavailable,,unavailable,,unavailable,,unavailable,,unavailable,,unavailable,,unavailable,,unavailable
P::J3387,2026-03-01,2026-03-01,MISO,J3387,22.406570841889117,5.017279836814924,battery,0,IN,,0,0.0,,,89.0,18541.7,0.0,0.0,44180.42,1202,238194.56,1.8672142368240932,Study Not Started,NRIS,150.0,18065,,,CONNERSVILLE NEW CASTLE 138 0KV,44.81552162849873,48929.0,1.0,,0,0,0,,0,0.0,,2024-04-18,4.17,80990.37768817204,101013.0,-0.6408162377577172,0.0065300658450057865,-603.8938172043011,4.29,-0.1200000000000001,18.19049822562721,DUKE ENERGY INDIANA,58.0,11347.82,0.004608294930875576,0.728110599078341,,,,,,,,,unavailable,unavailable,,unavailable,,unavailable,,unavailable,,unavailable,,unavailable,,unavailable,,unavailable,,unavailable,,unavailable,,unavailable,,unavailable,,unavailable,,unavailable,,unavailable,,unavailable,,unavailable,,unavailable,,unavailable,,unavailable,,unavailable,,unavailable,,unavailable,,unavailable
P::J3391,2026-03-01,2026-03-01,MISO,J3391,22.6694045174538,5.304796332645746,wind_onshore,0,IL,,0,0.0,,,187.0,35249.81,0.0,0.0,26980.81,1202,238194.56,1.88911704312115,Study Not Started,ERIS,200.3,17029,,,7CASEY 7KANSAS 345 0KV,70.35623409669212,46060.0,1.0,,0,0,0,1,0,0.0,,2024-04-10,4.17,80990.37768817204,101013.0,-0.6408162377577172,0.0065300658450057865,-603.8938172043011,4.29,-0.1200000000000001,18.19049822562721,AMEREN TRANSMISSION OF ILLINOIS,38.0,9232.83,0.06578947368421052,0.4342105263157895,,,,,,,,,unavailable,unavailable,,unavailable,,unavailable,,unavailable,,unavailable,,unavailable,,unavailable,,unavailable,,unavailable,,unavailable,,unavailable,,unavailable,,unavailable,,unavailable,,unavailable,,unavailable,,unavailable,,unavailable,,unavailable,,unavailable,,unavailable,,unavailable,,unavailable,,unavailable
P::J3394,2026-03-01,2026-03-01,MISO,J3394,22.472279260780287,5.053694783556702,wind_onshore,0,LA,,0,0.0,,,59.0,13163.91,1.0,199.9,27025.510000000002,1202,238194.56,1.8726899383983573,Study Not Started,NRIS,155.6,22097,,,VILLE PLATTE WEST FORK 230 0KV,88.19974554707379,81464.0,0.0,,0,0,0,1,1,199.9,,2024-04-16,4.17,80990.37768817204,101013.0,-0.6408162377577172,0.0065300658450057865,-603.8938172043011,4.29,-0.1200000000000001,18.19049822562721,CLECO POWER,33.0,7851.48,0.019417475728155338,0.6601941747572816,,,,,,,,,unavailable,unavailable,,unavailable,,unavailable,,unavailable,,unavailable,,unavailable,,unavailable,,unavailable,,unavailable,,unavailable,,unavailable,,unavailable,,unavailable,,unavailable,,unavailable,,unavailable,,unavailable,,unavailable,,unavailable,,unavailable,,unavailable,,unavailable,,unavailable,,unavailable
P::J3399,2026-03-01,2026-03-01,MISO,J3399,22.702258726899384,5.707110264748875,solar,0,MN,,0,0.0,,,98.0,18101.9,0.0,0.0,62349.18,1202,238194.56,1.891854893908282,Study Not Started,NRIS,300.0,27049,,,HAMPTON PRAIRIE ISLAND 345 0KV,43.320610687022906,48035.0,1.0,,0,0,0,,0,0.0,,2024-04-09,4.17,80990.37768817204,101013.0,-0.6408162377577172,0.0065300658450057865,-603.8938172043011,4.29,-0.1200000000000001,18.19049822562721,NORTHERN STATES POWER,72.0,15117.65,0.006134969325153374,0.5460122699386503,,,,,,,,,unavailable,unavailable,,unavailable,,unavailable,,unavailable,,unavailable,,unavailable,,unavailable,,unavailable,,unavailable,,unavailable,,unavailable,,unavailable,,unavailable,,unavailable,,unavailable,,unavailable,,unavailable,,unavailable,,unavailable,,unavailable,,unavailable,,unavailable,,unavailable,,unavailable
P::J3400,2026-03-01,2026-03-01,MISO,J3400,23.359342915811087,4.964242254526545,other,0,SD,,0,0.0,,,12.0,3914.0,1.0,1144.0,19821.5,1202,238194.56,1.946611909650924,Study Not Started,NRIS,142.2,46039,,,ASTORIA 345KV SUBSTATION,6.870229007633588,4354.0,1.0,,0,0,0,,1,1144.0,,2024-03-20,4.17,80990.37768817204,101013.0,-0.6408162377577172,0.0065300658450057865,-603.8938172043011,4.09,0.08000000000000007,18.19049822562721,OTTER TAIL POWER,25.0,4561.42,0.13259668508287292,0.7292817679558011,,,,,,,,,unavailable,unavailable,,unavailable,,unavailable,,unavailable,,unavailable,,unavailable,,unavailable,,unavailable,,unavailable,,unavailable,,unavailable,,unavailable,,unavailable,,unavailable,,unavailable,,unavailable,,unavailable,,unavailable,,unavailable,,unavailable,,unavailable,,unavailable,,unavailable,,unavailable
P::J3401,2026-03-01,2026-03-01,MISO,J3401,22.406570841889117,6.2166061010848646,solar,0,AR,,0,0.0,,,74.0,17997.1,0.0,0.0,62149.18,1202,238194.56,1.8672142368240932,Study Not Started,NRIS,500.0,05093,,,DELL EHV SAN SOUCI 500 0KV,89.2175572519084,38663.0,1.0,,0,0,0,1,0,0.0,,2024-04-18,4.17,80990.37768817204,101013.0,-0.6408162377577172,0.0065300658450057865,-603.8938172043011,4.29,-0.1200000000000001,18.19049822562721,ENTERGY ARKANSAS,118.0,29185.92,0.011661807580174927,0.641399416909621,,,,,,,,,unavailable,unavailable,,unavailable,,unavailable,,unavailable,,unavailable,,unavailable,,unavailable,,unavailable,,unavailable,,unavailable,,unavailable,,unavailable,,unavailable,,unavailable,,unavailable,,unavailable,,unavailable,,unavailable,,unavailable,,unavailable,,unavailable,,unavailable,,unavailable,,unavailable
P::J3402,2026-03-01,2026-03-01,MISO,J3402,22.406570841889117,5.303304908059076,battery,0,WI,,0,0.0,,,67.0,13992.460000000001,0.0,0.0,44130.42,1202,238194.56,1.8672142368240932,Study Not Started,NRIS,200.0,55057,,,NEW J1502 TO SWITCHING STATION EMERSON,70.80152671755725,26594.0,1.0,,0,0,0,,0,0.0,,2024-04-18,4.17,80990.37768817204,101013.0,-0.6408162377577172,0.0065300658450057865,-603.8938172043011,4.29,-0.1200000000000001,18.19049822562721,AMERICAN TRANSMISSION,110.0,22126.63,0.09090909090909091,0.6181818181818182,,,,,,,,,unavailable,unavailable,,unavailable,,unavailable,,unavailable,,unavailable,,unavailable,,unavailable,,unavailable,,unavailable,,unavailable,,unavailable,,unavailable,,unavailable,,unavailable,,unavailable,,unavailable,,unavailable,,unavailable,,unavailable,,unavailable,,unavailable,,unavailable,,unavailable,,unavailable
P::J3412,2026-03-01,2026-03-01,MISO,J3412,23.42505133470226,5.707110264748875,solar,0,IL,,0,0.0,,,187.0,35150.11,43.0,12741.869999999999,62349.18,1202,238194.56,1.9520876112251881,Study Not Started,NRIS,300.0,17053,,,OTHER_,26.208651399491096,13250.0,1.0,,0,0,0,,43,12741.869999999999,,2024-03-18,4.17,80990.37768817204,101013.0,-0.6408162377577172,0.0065300658450057865,-603.8938172043011,4.09,0.08000000000000007,18.19049822562721,AMEREN ILLINOIS,221.0,41217.38,0.07429718875502007,0.4779116465863454,,,,,,,,,unavailable,unavailable,,unavailable,,unavailable,,unavailable,,unavailable,,unavailable,,unavailable,,unavailable,,unavailable,,unavailable,,unavailable,,unavailable,,unavailable,,unavailable,,unavailable,,unavailable,,unavailable,,unavailable,,unavailable,,unavailable,,unavailable,,unavailable,,unavailable,,unavailable
P::J3417,2026-03-01,2026-03-01,MISO,J3417,22.439425051334702,5.707110264748875,battery,0,IL,,0,0.0,,,187.0,35150.11,0.0,0.0,44030.42,1202,238194.56,1.8699520876112252,Study Not Started,NRIS,300.0,17115,,,OREANA,83.30152671755725,100591.0,0.0,,0,0,0,1,0,0.0,,2024-04-17,4.17,80990.37768817204,101013.0,-0.6408162377577172,0.0065300658450057865,-603.8938172043011,4.29,-0.1200000000000001,18.19049822562721,AMEREN ILLINOIS,221.0,41217.38,0.07429718875502007,0.4779116465863454,,,,,,,,,unavailable,unavailable,,unavailable,,unavailable,,unavailable,,unavailable,,unavailable,,unavailable,,unavailable,,unavailable,,unavailable,,unavailable,,unavailable,,unavailable,,unavailable,,unavailable,,unavailable,,unavailable,,unavailable,,unavailable,,unavailable,,unavailable,,unavailable,,unavailable,,unavailable
P::J3418,2026-03-01,2026-03-01,MISO,J3418,22.439425051334702,5.3981627015177525,solar,0,IL,,0,0.0,,,187.0,35230.11,0.0,0.0,62429.18,1202,238194.56,1.8699520876112252,Study Not Started,NRIS,220.0,17167,,,7AUSTIN 7TURNER 345 0KV,91.69847328244275,193491.0,0.0,,0,0,0,1,0,0.0,,2024-04-17,4.17,80990.37768817204,101013.0,-0.6408162377577172,0.0065300658450057865,-603.8938172043011,4.29,-0.1200000000000001,18.19049822562721,AMEREN TRANSMISSION OF ILLINOIS,38.0,9232.83,0.06578947368421052,0.4342105263157895,,,,,,,,,unavailable,unavailable,,unavailable,,unavailable,,unavailable,,unavailable,,unavailable,,unavailable,,unavailable,,unavailable,,unavailable,,unavailable,,unavailable,,unavailable,,unavailable,,unavailable,,unavailable,,unavailable,,unavailable,,unavailable,,unavailable,,unavailable,,unavailable,,unavailable,,unavailable
P::J3419,2026-03-01,2026-03-01,MISO,J3419,23.42505133470226,5.017279836814924,solar,0,MI,,0,0.0,,,174.0,34343.09,1.0,100.0,62499.18,1202,238194.56,1.9520876112251881,Study Not Started,NRIS,150.0,26063,,,SEASIDE,59.03307888040712,30927.0,1.0,,0,0,0,1,1,100.0,,2024-03-18,4.17,80990.37768817204,101013.0,-0.6408162377577172,0.0065300658450057865,-603.8938172043011,4.09,0.08000000000000007,18.19049822562721,ITC,83.0,19624.149999999998,0.0,0.27586206896551724,,,,,,,,,unavailable,unavailable,,unavailable,,unavailable,,unavailable,,unavailable,,unavailable,,unavailable,,unavailable,,unavailable,,unavailable,,unavailable,,unavailable,,unavailable,,unavailable,,unavailable,,unavailable,,unavailable,,unavailable,,unavailable,,unavailable,,unavailable,,unavailable,,unavailable,,unavailable
P::J3420,2026-03-01,2026-03-01,MISO,J3420,23.42505133470226,5.303304908059076,wind_onshore,0,SD,,0,0.0,,,12.0,3856.2,1.0,200.0,26981.11,1202,238194.56,1.9520876112251881,Study Not Started,NRIS,200.0,46089,,,ELLENDALE 345 TWIN BROOKS 345 0KV,11.132315521628499,2334.0,1.0,,0,0,0,,1,200.0,,2024-03-18,4.17,80990.37768817204,101013.0,-0.6408162377577172,0.0065300658450057865,-603.8938172043011,4.09,0.08000000000000007,18.19049822562721,MONTANA DAKOTA UTILITIES,11.0,1700.0,0.14285714285714285,0.7523809523809524,,,,,,,,,unavailable,unavailable,,unavailable,,unavailable,,unavailable,,unavailable,,unavailable,,unavailable,,unavailable,,unavailable,,unavailable,,unavailable,,unavailable,,unavailable,,unavailable,,unavailable,,unavailable,,unavailable,,unavailable,,unavailable,,unavailable,,unavailable,,unavailable,,unavailable,,unavailable
P::J3421,2026-03-01,2026-03-01,MISO,J3421,22.50513347022587,4.61512051684126,battery,0,MI,,0,0.0,,,174.0,34393.09,1.0,150.0,44230.42,1202,238194.56,1.8754277891854894,Study Not Started,NRIS,100.0,26063,,,SEASIDE,59.03307888040712,30927.0,1.0,,0,0,0,1,1,150.0,,2024-04-15,4.17,80990.37768817204,101013.0,-0.6408162377577172,0.0065300658450057865,-603.8938172043011,4.29,-0.1200000000000001,18.19049822562721,ITC,83.0,19624.149999999998,0.0,0.27586206896551724,,,,,,,,,unavailable,unavailable,,unavailable,,unavailable,,unavailable,,unavailable,,unavailable,,unavailable,,unavailable,,unavailable,,unavailable,,unavailable,,unavailable,,unavailable,,unavailable,,unavailable,,unavailable,,unavailable,,unavailable,,unavailable,,unavailable,,unavailable,,unavailable,,unavailable,,unavailable
P::J3428,2026-03-01,2026-03-01,MISO,J3428,23.42505133470226,5.303304908059076,wind_onshore,0,SD,,0,0.0,,,12.0,3856.2,1.0,200.0,26981.11,1202,238194.56,1.9520876112251881,Study Not Started,NRIS,200.0,46089,,,ELLENDALE 345 TWIN BROOKS 345 0KV,11.132315521628499,2334.0,1.0,,0,0,0,,1,200.0,,2024-03-18,4.17,80990.37768817204,101013.0,-0.6408162377577172,0.0065300658450057865,-603.8938172043011,4.09,0.08000000000000007,18.19049822562721,MONTANA DAKOTA UTILITIES,11.0,1700.0,0.14285714285714285,0.7523809523809524,,,,,,,,,unavailable,unavailable,,unavailable,,unavailable,,unavailable,,unavailable,,unavailable,,unavailable,,unavailable,,unavailable,,unavailable,,unavailable,,unavailable,,unavailable,,unavailable,,unavailable,,unavailable,,unavailable,,unavailable,,unavailable,,unavailable,,unavailable,,unavailable,,unavailable,,unavailable
P::J3434,2026-03-01,2026-03-01,MISO,J3434,23.42505133470226,5.303304908059076,solar,0,MN,,0,0.0,,,98.0,18201.9,0.0,0.0,62449.18,1202,238194.56,1.9520876112251881,Study Not Started,NRIS,200.0,27067,,,WILLMAR,51.3676844783715,43813.0,1.0,,0,0,0,,0,0.0,,2024-03-18,4.17,80990.37768817204,101013.0,-0.6408162377577172,0.0065300658450057865,-603.8938172043011,4.09,0.08000000000000007,18.19049822562721,MISSOURI RIVER ENERGY SERVICES TRANSMISSION,9.0,1583.74,0.0,0.3076923076923077,,,,,,,,,unavailable,unavailable,,unavailable,,unavailable,,unavailable,,unavailable,,unavailable,,unavailable,,unavailable,,unavailable,,unavailable,,unavailable,,unavailable,,unavailable,,unavailable,,unavailable,,unavailable,,unavailable,,unavailable,,unavailable,,unavailable,,unavailable,,unavailable,,unavailable,,unavailable
P::J3436,2026-03-01,2026-03-01,MISO,J3436,22.439425051334702,5.303304908059076,solar,0,MO,,0,0.0,,,28.0,7618.43,43.0,12841.869999999999,62449.18,1202,238194.56,1.8699520876112252,Study Not Started,NRIS,200.0,29061,,,OTHER_,30.05725190839695,8551.0,1.0,,0,0,0,,43,12841.869999999999,,2024-04-17,4.17,80990.37768817204,101013.0,-0.6408162377577172,0.0065300658450057865,-603.8938172043011,4.29,-0.1200000000000001,18.19049822562721,AMEREN TRANSMISSION OF ILLINOIS,38.0,9232.83,0.06578947368421052,0.4342105263157895,,,,,,,,,unavailable,unavailable,,unavailable,,unavailable,,unavailable,,unavailable,,unavailable,,unavailable,,unavailable,,unavailable,,unavailable,,unavailable,,unavailable,,unavailable,,unavailable,,unavailable,,unavailable,,unavailable,,unavailable,,unavailable,,unavailable,,unavailable,,unavailable,,unavailable,,unavailable
P::J3439,2026-03-01,2026-03-01,MISO,J3439,22.636550308008214,4.290459441148391,solar,0,MN,,0,-28.0,,0.0,98.0,18329.9,0.0,0.0,62577.18,1202,238194.56,1.8863791923340179,Study Not Started,NRIS,72.0,27141,,,RICE LAKE SWITCH ELSM11 ZIMMERMAN TAP SS2858 ELS1 69 0KV,53.56234096692112,102206.0,0.0,,0,0,0,,0,0.0,,2024-04-11,4.17,80990.37768817204,101013.0,-0.6408162377577172,0.0065300658450057865,-603.8938172043011,4.29,-0.1200000000000001,18.19049822562721,GREAT RIVER ENERGY,25.0,5005.92,0.11940298507462686,0.6940298507462687,,,,,,,,,unavailable,unavailable,,unavailable,,unavailable,,unavailable,,unavailable,,unavailable,,unavailable,,unavailable,,unavailable,,unavailable,,unavailable,,unavailable,,unavailable,,unavailable,,unavailable,,unavailable,,unavailable,,unavailable,,unavailable,,unavailable,,unavailable,,unavailable,,unavailable,,unavailable
P::J3440,2026-03-01,2026-03-01,MISO,J3440,22.439425051334702,5.303304908059076,battery,0,MO,,0,0.0,,,28.0,7618.43,43.0,12841.869999999999,44130.42,1202,238194.56,1.8699520876112252,Study Not Started,NRIS,200.0,29061,,,OTHER_,30.05725190839695,8551.0,1.0,,0,0,0,,43,12841.869999999999,,2024-04-17,4.17,80990.37768817204,101013.0,-0.6408162377577172,0.0065300658450057865,-603.8938172043011,4.29,-0.1200000000000001,18.19049822562721,AMEREN TRANSMISSION OF ILLINOIS,38.0,9232.83,0.06578947368421052,0.4342105263157895,,,,,,,,,unavailable,unavailable,,unavailable,,unavailable,,unavailable,,unavailable,,unavailable,,unavailable,,unavailable,,unavailable,,unavailable,,unavailable,,unavailable,,unavailable,,unavailable,,unavailable,,unavailable,,unavailable,,unavailable,,unavailable,,unavailable,,unavailable,,unavailable,,unavailable,,unavailable
P::J3442,2026-03-01,2026-03-01,MISO,J3442,22.472279260780287,5.056245805348308,solar,0,MO,,0,0.0,,,28.0,7662.43,0.0,0.0,62493.18,1202,238194.56,1.8726899383983573,Study Not Started,NRIS,156.0,29201,,,5STODDARD 5MORLEY AECI 161 0KV,80.08905852417303,37889.0,1.0,,0,0,0,,0,0.0,,2024-04-16,4.17,80990.37768817204,101013.0,-0.6408162377577172,0.0065300658450057865,-603.8938172043011,4.29,-0.1200000000000001,18.19049822562721,AMEREN MISSOURI,42.0,11977.23,0.041666666666666664,0.6,,,,,,,,,unavailable,unavailable,,unavailable,,unavailable,,unavailable,,unavailable,,unavailable,,unavailable,,unavailable,,unavailable,,unavailable,,unavailable,,unavailable,,unavailable,,unavailable,,unavailable,,unavailable,,unavailable,,unavailable,,unavailable,,unavailable,,unavailable,,unavailable,,unavailable,,unavailable
P::J3443,2026-03-01,2026-03-01,MISO,J3443,22.60369609856263,5.5254529391317835,other,0,MN,,0,0.0,,,98.0,18151.9,1.0,300.0,19713.7,1202,238194.56,1.8836413415468858,Study Not Started,NRIS,250.0,27011,,,BIG STONE SOUTH ALEXANDIRA 345KV,8.524173027989821,5105.0,1.0,,0,0,0,,1,300.0,,2024-04-12,4.17,80990.37768817204,101013.0,-0.6408162377577172,0.0065300658450057865,-603.8938172043011,4.29,-0.1200000000000001,18.19049822562721,MISSOURI RIVER ENERGY SERVICES TRANSMISSION,9.0,1583.74,0.0,0.3076923076923077,,,,,,,,,unavailable,unavailable,,unavailable,,unavailable,,unavailable,,unavailable,,unavailable,,unavailable,,unavailable,,unavailable,,unavailable,,unavailable,,unavailable,,unavailable,,unavailable,,unavailable,,unavailable,,unavailable,,unavailable,,unavailable,,unavailable,,unavailable,,unavailable,,unavailable,,unavailable
P::J3448,2026-03-01,2026-03-01,MISO,J3448,22.406570841889117,5.198497031265826,wind_onshore,0,WI,,0,0.0,,,67.0,14012.460000000001,0.0,0.0,27001.11,1202,238194.56,1.8672142368240932,Study Not Started,NRIS,180.0,55043,,,NELSON DEWEY ATC GRAN GRAE ATC 161 0KV,61.06870229007634,51409.0,0.0,,0,0,0,1,0,0.0,,2024-04-18,4.17,80990.37768817204,101013.0,-0.6408162377577172,0.0065300658450057865,-603.8938172043011,4.29,-0.1200000000000001,18.19049822562721,DAIRYLAND POWER COOPERATIVE,13.0,1720.98,0.0,0.48,,,,,,,,,unavailable,unavailable,,unavailable,,unavailable,,unavailable,,unavailable,,unavailable,,unavailable,,unavailable,,unavailable,,unavailable,,unavailable,,unavailable,,unavailable,,unavailable,,unavailable,,unavailable,,unavailable,,unavailable,,unavailable,,unavailable,,unavailable,,unavailable,,unavailable,,unavailable
P::J3451,2026-03-01,2026-03-01,MISO,J3451,22.833675564681723,4.795790545596741,solar,0,MI,,0,0.0,,,174.0,34373.09,1.0,215.0,62529.18,1202,238194.56,1.9028062970568105,Study Not Started,NRIS,120.0,26001,,,IOSCO SPRUCE ROAD 138 0KV,17.748091603053435,10489.0,1.0,,0,0,0,1,1,215.0,,2024-04-05,4.17,80990.37768817204,101013.0,-0.6408162377577172,0.0065300658450057865,-603.8938172043011,4.09,0.08000000000000007,18.19049822562721,METC,167.0,33466.87,0.024691358024691357,0.45987654320987653,,,,,,,,,unavailable,unavailable,,unavailable,,unavailable,,unavailable,,unavailable,,unavailable,,unavailable,,unavailable,,unavailable,,unavailable,,unavailable,,unavailable,,unavailable,,unavailable,,unavailable,,unavailable,,unavailable,,unavailable,,unavailable,,unavailable,,unavailable,,unavailable,,unavailable,,unavailable
P::J3454,2026-03-01,2026-03-01,MISO,J3454,22.570841889117045,5.707110264748875,solar,0,LA,,0,0.0,,,59.0,13019.51,0.0,0.0,62349.18,1202,238194.56,1.8809034907597535,Study Not Started,NRIS,300.0,22067,,,BAXTER WILSON SES SWYD PERRYVILLE 500 SWYD 500 0KV,55.279898218829516,23955.0,1.0,,0,0,0,1,0,0.0,,2024-04-13,4.17,80990.37768817204,101013.0,-0.6408162377577172,0.0065300658450057865,-603.8938172043011,4.29,-0.1200000000000001,18.19049822562721,ENTERGY LOUISIANA,85.0,23972.93,0.016,0.644,,,,,,,,,unavailable,unavailable,,unavailable,,unavailable,,unavailable,,unavailable,,unavailable,,unavailable,,unavailable,,unavailable,,unavailable,,unavailable,,unavailable,,unavailable,,unavailable,,unavailable,,unavailable,,unavailable,,unavailable,,unavailable,,unavailable,,unavailable,,unavailable,,unavailable,,unavailable
P::J3456,2026-03-01,2026-03-01,MISO,J3456,22.406570841889117,4.61512051684126,wind_onshore,0,IL,,0,0.0,,,187.0,35350.11,0.0,0.0,27081.11,1202,238194.56,1.8672142368240932,Study Not Started,NRIS,100.0,17179,,,SAN JOSE RAIL SWITCHING STATION,84.19211195928753,129541.0,0.0,,0,0,0,1,0,0.0,,2024-04-18,4.17,80990.37768817204,101013.0,-0.6408162377577172,0.0065300658450057865,-603.8938172043011,4.29,-0.1200000000000001,18.19049822562721,AMEREN ILLINOIS,221.0,41217.38,0.07429718875502007,0.4779116465863454,,,,,,,,,unavailable,unavailable,,unavailable,,unavailable,,unavailable,,unavailable,,unavailable,,unavailable,,unavailable,,unavailable,,unavailable,,unavailable,,unavailable,,unavailable,,unavailable,,unavailable,,unavailable,,unavailable,,unavailable,,unavailable,,unavailable,,unavailable,,unavailable,,unavailable,,unavailable
P::J3457,2026-03-01,2026-03-01,MISO,J3457,22.60369609856263,5.375278407684165,solar,0,AR,,0,0.0,,0.16427104722792607,74.0,18282.1,1.0,150.0,62434.18,1202,238194.56,1.8836413415468858,Study Not Started,ERIS,215.0,05001,,,STUTTGART RICUSKEY WOODWARD 230 SUB 230 0KV,63.199745547073796,16307.0,1.0,,0,0,0,1,1,150.0,,2024-04-12,4.17,80990.37768817204,101013.0,-0.6408162377577172,0.0065300658450057865,-603.8938172043011,4.29,-0.1200000000000001,18.19049822562721,ENTERGY ARKANSAS,118.0,29185.92,0.011661807580174927,0.641399416909621,,,,,,,,,unavailable,unavailable,,unavailable,,unavailable,,unavailable,,unavailable,,unavailable,,unavailable,,unavailable,,unavailable,,unavailable,,unavailable,,unavailable,,unavailable,,unavailable,,unavailable,,unavailable,,unavailable,,unavailable,,unavailable,,unavailable,,unavailable,,unavailable,,unavailable,,unavailable
P::J3461,2026-03-01,2026-03-01,MISO,J3461,22.439425051334702,5.056245805348308,solar,0,IA,,0,0.0,,,71.0,14473.54,0.0,0.0,62493.18,1202,238194.56,1.8699520876112252,Study Not Started,NRIS,156.0,19139,,,SUB 56 SUB 89 161 0KV,57.76081424936387,42218.0,1.0,,0,0,0,1,0,0.0,,2024-04-17,4.17,80990.37768817204,101013.0,-0.6408162377577172,0.0065300658450057865,-603.8938172043011,4.29,-0.1200000000000001,18.19049822562721,MIDAMERICAN ENERGY,45.0,8895.24,0.18652849740932642,0.5803108808290155,,,,,,,,,unavailable,unavailable,,unavailable,,unavailable,,unavailable,,unavailable,,unavailable,,unavailable,,unavailable,,unavailable,,unavailable,,unavailable,,unavailable,,unavailable,,unavailable,,unavailable,,unavailable,,unavailable,,unavailable,,unavailable,,unavailable,,unavailable,,unavailable,,unavailable,,unavailable
P::J3464,2026-03-01,2026-03-01,MISO,J3464,22.472279260780287,5.303304908059076,solar,0,IA,,0,0.0,,,71.0,14429.54,1.0,200.0,62449.18,1202,238194.56,1.8726899383983573,Study Not Started,NRIS,200.0,19169,,,FERNALD,68.8295165394402,98566.0,0.0,,0,0,0,,1,200.0,,2024-04-16,4.17,80990.37768817204,101013.0,-0.6408162377577172,0.0065300658450057865,-603.8938172043011,4.29,-0.1200000000000001,18.19049822562721,ITC MIDWEST,87.0,14086.3,0.18114143920595532,0.6029776674937966,,,,,,,,,unavailable,unavailable,,unavailable,,unavailable,,unavailable,,unavailable,,unavailable,,unavailable,,unavailable,,unavailable,,unavailable,,unavailable,,unavailable,,unavailable,,unavailable,,unavailable,,unavailable,,unavailable,,unavailable,,unavailable,,unavailable,,unavailable,,unavailable,,unavailable,,unavailable
P::J3465,2026-03-01,2026-03-01,MISO,J3465,23.129363449691994,3.713572066704308,other,0,MN,,0,-81.04265402843602,,0.0,98.0,18361.9,0.0,0.0,19923.7,1202,238194.56,1.9274469541409993,Study Not Started,NRIS,40.0,27059,,,CAMBRIDGE,26.908396946564885,43182.0,1.0,,0,0,0,,0,0.0,,2024-03-27,4.17,80990.37768817204,101013.0,-0.6408162377577172,0.0065300658450057865,-603.8938172043011,4.09,0.08000000000000007,18.19049822562721,DUKE ENERGY INDIANA,58.0,11347.82,0.004608294930875576,0.728110599078341,,,,,,,,,unavailable,unavailable,,unavailable,,unavailable,,unavailable,,unavailable,,unavailable,,unavailable,,unavailable,,unavailable,,unavailable,,unavailable,,unavailable,,unavailable,,unavailable,,unavailable,,unavailable,,unavailable,,unavailable,,unavailable,,unavailable,,unavailable,,unavailable,,unavailable,,unavailable
P::J3466,2026-03-01,2026-03-01,MISO,J3466,22.472279260780287,4.61512051684126,solar,0,WI,,0,0.0,,,67.0,14092.460000000001,0.0,0.0,62549.18,1202,238194.56,1.8726899383983573,Study Not Started,NRIS,100.0,55139,,,FTZGERLD,86.83206106870229,171735.0,0.0,,0,0,0,1,0,0.0,,2024-04-16,4.17,80990.37768817204,101013.0,-0.6408162377577172,0.0065300658450057865,-603.8938172043011,4.29,-0.1200000000000001,18.19049822562721,AMERICAN TRANSMISSION,110.0,22126.63,0.09090909090909091,0.6181818181818182,,,,,,,,,unavailable,unavailable,,unavailable,,unavailable,,unavailable,,unavailable,,unavailable,,unavailable,,unavailable,,unavailable,,unavailable,,unavailable,,unavailable,,unavailable,,unavailable,,unavailable,,unavailable,,unavailable,,unavailable,,unavailable,,unavailable,,unavailable,,unavailable,,unavailable,,unavailable
P::J3468,2026-03-01,2026-03-01,MISO,J3468,22.60369609856263,5.707110264748875,other,0,SD,,0,0.0,,,12.0,3756.2,0.0,0.0,19663.7,1202,238194.56,1.8836413415468858,Study Not Started,NRIS,300.0,46037,,,ELLENDALE TWIN BROOKS 345 0KV,27.639949109414758,5451.0,1.0,,0,0,0,,0,0.0,,2024-04-12,4.17,80990.37768817204,101013.0,-0.6408162377577172,0.0065300658450057865,-603.8938172043011,4.29,-0.1200000000000001,18.19049822562721,MONTANA DAKOTA UTILITIES,11.0,1700.0,0.14285714285714285,0.7523809523809524,,,,,,,,,unavailable,unavailable,,unavailable,,unavailable,,unavailable,,unavailable,,unavailable,,unavailable,,unavailable,,unavailable,,unavailable,,unavailable,,unavailable,,unavailable,,unavailable,,unavailable,,unavailable,,unavailable,,unavailable,,unavailable,,unavailable,,unavailable,,unavailable,,unavailable,,unavailable
P::J3477,2026-03-01,2026-03-01,MISO,J3477,22.406570841889117,5.303304908059076,solar,0,IA,,0,0.0,,,71.0,14429.54,43.0,12841.869999999999,62449.18,1202,238194.56,1.8672142368240932,Study Not Started,NRIS,200.0,19027,,,OTHER_,57.601781170483456,20522.0,1.0,,0,0,0,,43,12841.869999999999,,2024-04-18,4.17,80990.37768817204,101013.0,-0.6408162377577172,0.0065300658450057865,-603.8938172043011,4.29,-0.1200000000000001,18.19049822562721,MIDAMERICAN ENERGY,45.0,8895.24,0.18652849740932642,0.5803108808290155,,,,,,,,,unavailable,unavailable,,unavailable,,unavailable,,unavailable,,unavailable,,unavailable,,unavailable,,unavailable,,unavailable,,unavailable,,unavailable,,unavailable,,unavailable,,unavailable,,unavailable,,unavailable,,unavailable,,unavailable,,unavailable,,unavailable,,unavailable,,unavailable,,unavailable,,unavailable
P::J3479,2026-03-01,2026-03-01,MISO,J3479,22.60369609856263,5.303304908059076,solar,0,LA,,0,-11.11111111111111,,0.0,59.0,13119.51,1.0,350.0,62449.18,1202,238194.56,1.8836413415468858,Study Not Started,ERIS,200.0,22079,,,HINESTON,84.28753180661577,126260.0,0.0,,0,0,0,,1,350.0,,2024-04-12,4.17,80990.37768817204,101013.0,-0.6408162377577172,0.0065300658450057865,-603.8938172043011,4.29,-0.1200000000000001,18.19049822562721,CLECO POWER,33.0,7851.48,0.019417475728155338,0.6601941747572816,,,,,,,,,unavailable,unavailable,,unavailable,,unavailable,,unavailable,,unavailable,,unavailable,,unavailable,,unavailable,,unavailable,,unavailable,,unavailable,,unavailable,,unavailable,,unavailable,,unavailable,,unavailable,,unavailable,,unavailable,,unavailable,,unavailable,,unavailable,,unavailable,,unavailable,,unavailable
P::J3480,2026-03-01,2026-03-01,MISO,J3480,22.439425051334702,5.302807271820889,battery,0,MI,,0,0.0,,,174.0,34293.189999999995,0.0,0.0,44130.52,1202,238194.56,1.8699520876112252,Study Not Started,NRIS,199.9,26005,,,SCOTT LAKE,68.51145038167938,121939.0,0.0,,0,0,0,1,0,0.0,,2024-04-17,4.17,80990.37768817204,101013.0,-0.6408162377577172,0.0065300658450057865,-603.8938172043011,4.29,-0.1200000000000001,18.19049822562721,METC,167.0,33466.87,0.024691358024691357,0.45987654320987653,,,,,,,,,unavailable,unavailable,,unavailable,,unavailable,,unavailable,,unavailable,,unavailable,,unavailable,,unavailable,,unavailable,,unavailable,,unavailable,,unavailable,,unavailable,,unavailable,,unavailable,,unavailable,,unavailable,,unavailable,,unavailable,,unavailable,,unavailable,,unavailable,,unavailable,,unavailable
P::J3481,2026-03-01,2026-03-01,MISO,J3481,22.60369609856263,4.61512051684126,solar,0,AR,,0,0.0,,,74.0,18397.1,0.0,0.0,62549.18,1202,238194.56,1.8836413415468858,Study Not Started,ERIS,100.0,05053,,,J1577 SUB 337689,15.712468193384224,18383.0,1.0,,0,0,0,,0,0.0,,2024-04-12,4.17,80990.37768817204,101013.0,-0.6408162377577172,0.0065300658450057865,-603.8938172043011,4.29,-0.1200000000000001,18.19049822562721,ENTERGY ARKANSAS,118.0,29185.92,0.011661807580174927,0.641399416909621,,,,,,,,,unavailable,unavailable,,unavailable,,unavailable,,unavailable,,unavailable,,unavailable,,unavailable,,unavailable,,unavailable,,unavailable,,unavailable,,unavailable,,unavailable,,unavailable,,unavailable,,unavailable,,unavailable,,unavailable,,unavailable,,unavailable,,unavailable,,unavailable,,unavailable,,unavailable
P::J3485,2026-03-01,2026-03-01,MISO,J3485,22.472279260780287,4.61512051684126,battery,0,MI,,0,0.0,,,174.0,34393.09,2.0,400.0,44230.42,1202,238194.56,1.8726899383983573,Study Not Started,NRIS,100.0,26163,,,RAPSON,98.95038167938931,1751169.0,0.0,,0,0,0,1,2,400.0,,2024-04-16,4.17,80990.37768817204,101013.0,-0.6408162377577172,0.0065300658450057865,-603.8938172043011,4.29,-0.1200000000000001,18.19049822562721,ITC,83.0,19624.149999999998,0.0,0.27586206896551724,,,,,,,,,unavailable,unavailable,,unavailable,,unavailable,,unavailable,,unavailable,,unavailable,,unavailable,,unavailable,,unavailable,,unavailable,,unavailable,,unavailable,,unavailable,,unavailable,,unavailable,,unavailable,,unavailable,,unavailable,,unavailable,,unavailable,,unavailable,,unavailable,,unavailable,,unavailable
P::J3493,2026-03-01,2026-03-01,MISO,J3493,22.439425051334702,5.303304908059076,wind_onshore,0,IL,,0,0.0,,,187.0,35250.11,43.0,12841.869999999999,26981.11,1202,238194.56,1.8699520876112252,Study Not Started,NRIS,200.0,17109,,,OTHER_,37.531806615776084,26839.0,1.0,,0,0,0,1,43,12841.869999999999,,2024-04-17,4.17,80990.37768817204,101013.0,-0.6408162377577172,0.0065300658450057865,-603.8938172043011,4.29,-0.1200000000000001,18.19049822562721,AMEREN TRANSMISSION OF ILLINOIS,38.0,9232.83,0.06578947368421052,0.4342105263157895,,,,,,,,,unavailable,unavailable,,unavailable,,unavailable,,unavailable,,unavailable,,unavailable,,unavailable,,unavailable,,unavailable,,unavailable,,unavailable,,unavailable,,unavailable,,unavailable,,unavailable,,unavailable,,unavailable,,unavailable,,unavailable,,unavailable,,unavailable,,unavailable,,unavailable,,unavailable
P::J3495,2026-03-01,2026-03-01,MISO,J3495,22.50513347022587,5.3981627015177525,solar,0,IN,,0,0.0,,,89.0,18471.7,1.0,200.0,62429.18,1202,238194.56,1.8754277891854894,Study Not Started,NRIS,220.0,18055,,,MEROM PRIMARY WORTHINGTON PRIMARY 345 0KV,42.49363867684479,31196.0,1.0,,0,0,0,1,1,200.0,,2024-04-15,4.17,80990.37768817204,101013.0,-0.6408162377577172,0.0065300658450057865,-603.8938172043011,4.29,-0.1200000000000001,18.19049822562721,HOOSIER ENERGY,21.0,4291.16,0.025,0.45,,,,,,,,,unavailable,unavailable,,unavailable,,unavailable,,unavailable,,unavailable,,unavailable,,unavailable,,unavailable,,unavailable,,unavailable,,unavailable,,unavailable,,unavailable,,unavailable,,unavailable,,unavailable,,unavailable,,unavailable,,unavailable,,unavailable,,unavailable,,unavailable,,unavailable,,unavailable
P::J3496,2026-03-01,2026-03-01,MISO,J3496,22.60369609856263,5.3981627015177525,wind_onshore,0,MI,,0,0.0,,0.16427104722792607,174.0,34273.09,1.0,250.0,26961.11,1202,238194.56,1.8836413415468858,Study Not Started,NRIS,220.0,26151,,,GREENWOOD RAPSON 345 0KV,70.32442748091603,40368.0,1.0,,0,0,0,1,1,250.0,,2024-04-12,4.17,80990.37768817204,101013.0,-0.6408162377577172,0.0065300658450057865,-603.8938172043011,4.29,-0.1200000000000001,18.19049822562721,ITC,83.0,19624.149999999998,0.0,0.27586206896551724,,,,,,,,,unavailable,unavailable,,unavailable,,unavailable,,unavailable,,unavailable,,unavailable,,unavailable,,unavailable,,unavailable,,unavailable,,unavailable,,unavailable,,unavailable,,unavailable,,unavailable,,unavailable,,unavailable,,unavailable,,unavailable,,unavailable,,unavailable,,unavailable,,unavailable,,unavailable
P::J3497,2026-03-01,2026-03-01,MISO,J3497,22.439425051334702,5.303304908059076,battery,0,IL,,0,0.0,,,187.0,35250.11,43.0,12841.869999999999,44130.42,1202,238194.56,1.8699520876112252,Study Not Started,NRIS,200.0,17153,,,OTHER_,49.04580152671756,4911.0,1.0,,0,0,0,1,43,12841.869999999999,,2024-04-17,4.17,80990.37768817204,101013.0,-0.6408162377577172,0.0065300658450057865,-603.8938172043011,4.29,-0.1200000000000001,18.19049822562721,AMEREN ILLINOIS,221.0,41217.38,0.07429718875502007,0.4779116465863454,,,,,,,,,unavailable,unavailable,,unavailable,,unavailable,,unavailable,,unavailable,,unavailable,,unavailable,,unavailable,,unavailable,,unavailable,,unavailable,,unavailable,,unavailable,,unavailable,,unavailable,,unavailable,,unavailable,,unavailable,,unavailable,,unavailable,,unavailable,,unavailable,,unavailable,,unavailable
P::J3498,2026-03-01,2026-03-01,MISO,J3498,22.570841889117045,5.5254529391317835,solar,0,IL,,0,-16.666666666666668,,0.0,187.0,35200.11,5.0,1400.0,62399.18,1202,238194.56,1.8809034907597535,Study Not Started,NRIS,250.0,17095,,,7FARGO 7SANDBURG 345 0KV,57.156488549618324,48411.0,1.0,,0,0,0,1,5,1400.0,,2024-04-13,4.17,80990.37768817204,101013.0,-0.6408162377577172,0.0065300658450057865,-603.8938172043011,4.29,-0.1200000000000001,18.19049822562721,AMEREN ILLINOIS,221.0,41217.38,0.07429718875502007,0.4779116465863454,,,,,,,,,unavailable,unavailable,,unavailable,,unavailable,,unavailable,,unavailable,,unavailable,,unavailable,,unavailable,,unavailable,,unavailable,,unavailable,,unavailable,,unavailable,,unavailable,,unavailable,,unavailable,,unavailable,,unavailable,,unavailable,,unavailable,,unavailable,,unavailable,,unavailable,,unavailable
P::J3505,2026-03-01,2026-03-01,MISO,J3505,22.472279260780287,5.017279836814924,battery,0,MO,,0,0.0,,,28.0,7668.43,0.0,0.0,44180.42,1202,238194.56,1.8726899383983573,Study Not Started,NRIS,150.0,29017,,,5HERITAGE 5FREDTN 161 0KV,26.272264631043257,10544.0,1.0,,0,0,0,,0,0.0,,2024-04-16,4.17,80990.37768817204,101013.0,-0.6408162377577172,0.0065300658450057865,-603.8938172043011,4.29,-0.1200000000000001,18.19049822562721,AMEREN MISSOURI,42.0,11977.23,0.041666666666666664,0.6,,,,,,,,,unavailable,unavailable,,unavailable,,unavailable,,unavailable,,unavailable,,unavailable,,unavailable,,unavailable,,unavailable,,unavailable,,unavailable,,unavailable,,unavailable,,unavailable,,unavailable,,unavailable,,unavailable,,unavailable,,unavailable,,unavailable,,unavailable,,unavailable,,unavailable,,unavailable
P::J3515,2026-03-01,2026-03-01,MISO,J3515,22.439425051334702,5.302807271820889,battery,0,IL,,0,0.0,,,187.0,35250.21,0.0,0.0,44130.52,1202,238194.56,1.8699520876112252,Study Not Started,ERIS,199.9,17167,,,343505 INTERSTATE,91.69847328244275,193491.0,0.0,,0,0,0,1,0,0.0,,2024-04-17,4.17,80990.37768817204,101013.0,-0.6408162377577172,0.0065300658450057865,-603.8938172043011,4.29,-0.1200000000000001,18.19049822562721,CITY WATER LIGHT POWER,3.0,349.9,0.0,0.4,,,,,,,,,unavailable,unavailable,,unavailable,,unavailable,,unavailable,,unavailable,,unavailable,,unavailable,,unavailable,,unavailable,,unavailable,,unavailable,,unavailable,,unavailable,,unavailable,,unavailable,,unavailable,,unavailable,,unavailable,,unavailable,,unavailable,,unavailable,,unavailable,,unavailable,,unavailable
P::J3519,2026-03-01,2026-03-01,MISO,J3519,22.439425051334702,5.302807271820889,wind_onshore,0,IL,,0,0.0,,,187.0,35250.21,0.0,0.0,26981.21,1202,238194.56,1.8699520876112252,Study Not Started,NRIS,199.9,17125,,,QUIVER,43.034351145038165,12523.0,1.0,,0,0,0,1,0,0.0,,2024-04-17,4.17,80990.37768817204,101013.0,-0.6408162377577172,0.0065300658450057865,-603.8938172043011,4.29,-0.1200000000000001,18.19049822562721,AMEREN ILLINOIS,221.0,41217.38,0.07429718875502007,0.4779116465863454,,,,,,,,,unavailable,unavailable,,unavailable,,unavailable,,unavailable,,unavailable,,unavailable,,unavailable,,unavailable,,unavailable,,unavailable,,unavailable,,unavailable,,unavailable,,unavailable,,unavailable,,unavailable,,unavailable,,unavailable,,unavailable,,unavailable,,unavailable,,unavailable,,unavailable,,unavailable
P::J3521,2026-03-01,2026-03-01,MISO,J3521,22.406570841889117,5.860786223465865,wind_onshore,0,IL,,0,0.0,,,187.0,35100.11,0.0,0.0,26831.11,1202,238194.56,1.8672142368240932,Study Not Started,NRIS,350.0,17173,,,NEOGA,51.74936386768449,20568.0,1.0,,0,0,0,1,0,0.0,,2024-04-18,4.17,80990.37768817204,101013.0,-0.6408162377577172,0.0065300658450057865,-603.8938172043011,4.29,-0.1200000000000001,18.19049822562721,AMEREN ILLINOIS,221.0,41217.38,0.07429718875502007,0.4779116465863454,,,,,,,,,unavailable,unavailable,,unavailable,,unavailable,,unavailable,,unavailable,,unavailable,,unavailable,,unavailable,,unavailable,,unavailable,,unavailable,,unavailable,,unavailable,,unavailable,,unavailable,,unavailable,,unavailable,,unavailable,,unavailable,,unavailable,,unavailable,,unavailable,,unavailable,,unavailable
P::J3522,2026-03-01,2026-03-01,MISO,J3522,23.42505133470226,5.303304908059076,solar,0,ND,,0,0.0,,,14.0,2425.0,4.0,856.0,62449.18,1202,238194.56,1.9520876112251881,Study Not Started,NRIS,200.0,38017,,,BISON,82.3791348600509,196362.0,0.0,,0,0,0,,4,856.0,,2024-03-18,4.17,80990.37768817204,101013.0,-0.6408162377577172,0.0065300658450057865,-603.8938172043011,4.09,0.08000000000000007,18.19049822562721,NORTHERN STATES POWER,72.0,15117.65,0.006134969325153374,0.5460122699386503,,,,,,,,,unavailable,unavailable,,unavailable,,unavailable,,unavailable,,unavailable,,unavailable,,unavailable,,unavailable,,unavailable,,unavailable,,unavailable,,unavailable,,unavailable,,unavailable,,unavailable,,unavailable,,unavailable,,unavailable,,unavailable,,unavailable,,unavailable,,unavailable,,unavailable,,unavailable
P::J3523,2026-03-01,2026-03-01,MISO,J3523,22.472279260780287,4.7535901911063645,battery,0,WI,,0,0.0,,,67.0,14077.460000000001,0.0,0.0,44215.42,1202,238194.56,1.8726899383983573,Study Not Started,NRIS,115.0,55005,,,BARRON WASHCO 161 0KV,68.63867684478372,46833.0,1.0,,0,0,0,,0,0.0,,2024-04-16,4.17,80990.37768817204,101013.0,-0.6408162377577172,0.0065300658450057865,-603.8938172043011,4.29,-0.1200000000000001,18.19049822562721,DAIRYLAND POWER COOPERATIVE,13.0,1720.98,0.0,0.48,,,,,,,,,unavailable,unavailable,,unavailable,,unavailable,,unavailable,,unavailable,,unavailable,,unavailable,,unavailable,,unavailable,,unavailable,,unavailable,,unavailable,,unavailable,,unavailable,,unavailable,,unavailable,,unavailable,,unavailable,,unavailable,,unavailable,,unavailable,,unavailable,,unavailable,,unavailable
P::J3525,2026-03-01,2026-03-01,MISO,J3525,22.439425051334702,5.707110264748875,battery,0,IL,,0,0.0,,,187.0,35150.11,0.0,0.0,44030.42,1202,238194.56,1.8699520876112252,Study Not Started,NRIS,300.0,17161,,,SUB 47,84.12849872773536,141236.0,0.0,,0,0,0,1,0,0.0,,2024-04-17,4.17,80990.37768817204,101013.0,-0.6408162377577172,0.0065300658450057865,-603.8938172043011,4.29,-0.1200000000000001,18.19049822562721,MIDAMERICAN ENERGY,45.0,8895.24,0.18652849740932642,0.5803108808290155,,,,,,,,,unavailable,unavailable,,unavailable,,unavailable,,unavailable,,unavailable,,unavailable,,unavailable,,unavailable,,unavailable,,unavailable,,unavailable,,unavailable,,unavailable,,unavailable,,unavailable,,unavailable,,unavailable,,unavailable,,unavailable,,unavailable,,unavailable,,unavailable,,unavailable,,unavailable
P::J3528,2026-03-01,2026-03-01,MISO,J3528,22.50513347022587,5.420534999272286,other,0,IL,,0,0.0,,,187.0,35225.11,3.0,650.0,19738.7,1202,238194.56,1.8754277891854894,Study Not Started,NRIS,225.0,17079,,,7CASEY 7NEWTON 345 0KV,20.419847328244277,9144.0,1.0,,0,0,0,1,3,650.0,,2024-04-15,4.17,80990.37768817204,101013.0,-0.6408162377577172,0.0065300658450057865,-603.8938172043011,4.29,-0.1200000000000001,18.19049822562721,AMEREN ILLINOIS,221.0,41217.38,0.07429718875502007,0.4779116465863454,,,,,,,,,unavailable,unavailable,,unavailable,,unavailable,,unavailable,,unavailable,,unavailable,,unavailable,,unavailable,,unavailable,,unavailable,,unavailable,,unavailable,,unavailable,,unavailable,,unavailable,,unavailable,,unavailable,,unavailable,,unavailable,,unavailable,,unavailable,,unavailable,,unavailable,,unavailable
P::J3529,2026-03-01,2026-03-01,MISO,J3529,21.35523613963039,4.174387269895637,solar,0,MN,,0,0.0,,0.16427104722792607,98.0,18337.9,0.0,0.0,62585.18,1202,238194.56,1.7796030116358659,Study Not Started,NRIS,64.0,27087,,,MAHNOMEN WINGER 115 0KV,7.124681933842239,5280.0,1.0,,0,0,0,,0,0.0,,2024-05-20,4.17,80990.37768817204,101013.0,-0.6408162377577172,0.0065300658450057865,-603.8938172043011,4.42,-0.25,18.19049822562721,OTTER TAIL POWER,25.0,4561.42,0.13259668508287292,0.7292817679558011,,,,,,,,,unavailable,unavailable,,unavailable,,unavailable,,unavailable,,unavailable,,unavailable,,unavailable,,unavailable,,unavailable,,unavailable,,unavailable,,unavailable,,unavailable,,unavailable,,unavailable,,unavailable,,unavailable,,unavailable,,unavailable,,unavailable,,unavailable,,unavailable,,unavailable,,unavailable
P::J3532,2026-03-01,2026-03-01,MISO,J3532,22.406570841889117,6.2166061010848646,solar,0,MN,,0,0.0,,,98.0,17901.9,0.0,0.0,62149.18,1202,238194.56,1.8672142368240932,Study Not Started,NRIS,500.0,27135,,,RIEL MH ROSEAU COUNTY NORTH 500 0KV,43.86132315521628,15252.0,1.0,,0,0,0,,0,0.0,,2024-04-18,4.17,80990.37768817204,101013.0,-0.6408162377577172,0.0065300658450057865,-603.8938172043011,4.29,-0.1200000000000001,18.19049822562721,NORTHERN STATES POWER,72.0,15117.65,0.006134969325153374,0.5460122699386503,,,,,,,,,unavailable,unavailable,,unavailable,,unavailable,,unavailable,,unavailable,,unavailable,,unavailable,,unavailable,,unavailable,,unavailable,,unavailable,,unavailable,,unavailable,,unavailable,,unavailable,,unavailable,,unavailable,,unavailable,,unavailable,,unavailable,,unavailable,,unavailable,,unavailable,,unavailable
P::J3539,2026-03-01,2026-03-01,MISO,J3539,23.096509240246405,4.769836807543325,solar,0,MI,,0,0.0,,,174.0,34376.189999999995,0.0,0.0,62532.28,1202,238194.56,1.9247091033538672,Study Not Started,NRIS,116.9,26001,,,ALPENA SPRUCE ROAD 138 0KV,17.748091603053435,10489.0,1.0,,0,0,0,1,0,0.0,,2024-03-28,4.17,80990.37768817204,101013.0,-0.6408162377577172,0.0065300658450057865,-603.8938172043011,4.09,0.08000000000000007,18.19049822562721,METC,167.0,33466.87,0.024691358024691357,0.45987654320987653,,,,,,,,,unavailable,unavailable,,unavailable,,unavailable,,unavailable,,unavailable,,unavailable,,unavailable,,unavailable,,unavailable,,unavailable,,unavailable,,unavailable,,unavailable,,unavailable,,unavailable,,unavailable,,unavailable,,unavailable,,unavailable,,unavailable,,unavailable,,unavailable,,unavailable,,unavailable
P::J3543,2026-03-01,2026-03-01,MISO,J3543,22.406570841889117,4.912654885736052,battery,0,MN,,0,-10.0,,0.0,98.0,18266.9,0.0,0.0,44195.42,1202,238194.56,1.8672142368240932,Study Not Started,NRIS,135.0,27037,,,CHUB LAKE 115KV,89.50381679389314,447440.0,0.0,,0,0,0,1,0,0.0,,2024-04-18,4.17,80990.37768817204,101013.0,-0.6408162377577172,0.0065300658450057865,-603.8938172043011,4.29,-0.1200000000000001,18.19049822562721,GREAT RIVER ENERGY,25.0,5005.92,0.11940298507462686,0.6940298507462687,,,,,,,,,unavailable,unavailable,,unavailable,,unavailable,,unavailable,,unavailable,,unavailable,,unavailable,,unavailable,,unavailable,,unavailable,,unavailable,,unavailable,,unavailable,,unavailable,,unavailable,,unavailable,,unavailable,,unavailable,,unavailable,,unavailable,,unavailable,,unavailable,,unavailable,,unavailable
P::J3545,2026-03-01,2026-03-01,MISO,J3545,22.50513347022587,5.303304908059076,solar,0,MI,,0,0.0,,,174.0,34293.09,0.0,0.0,62449.18,1202,238194.56,1.8754277891854894,Study Not Started,NRIS,200.0,26067,,,BINGHAM MARQUETTE 138 0KV,55.85241730279898,66262.0,0.0,,0,0,0,1,0,0.0,,2024-04-15,4.17,80990.37768817204,101013.0,-0.6408162377577172,0.0065300658450057865,-603.8938172043011,4.29,-0.1200000000000001,18.19049822562721,METC,167.0,33466.87,0.024691358024691357,0.45987654320987653,,,,,,,,,unavailable,unavailable,,unavailable,,unavailable,,unavailable,,unavailable,,unavailable,,unavailable,,unavailable,,unavailable,,unavailable,,unavailable,,unavailable,,unavailable,,unavailable,,unavailable,,unavailable,,unavailable,,unavailable,,unavailable,,unavailable,,unavailable,,unavailable,,unavailable,,unavailable
P::J3546,2026-03-01,2026-03-01,MISO,J3546,22.406570841889117,4.795790545596741,wind_onshore,0,SD,,0,0.0,,,12.0,3936.2,0.0,0.0,27061.11,1202,238194.56,1.8672142368240932,Study Not Started,NRIS,120.0,46083,,,YANKEE BROOKINGS CO 115 0KV,62.97709923664122,73238.0,0.0,,0,0,0,,0,0.0,,2024-04-18,4.17,80990.37768817204,101013.0,-0.6408162377577172,0.0065300658450057865,-603.8938172043011,4.29,-0.1200000000000001,18.19049822562721,NORTHERN STATES POWER,72.0,15117.65,0.006134969325153374,0.5460122699386503,,,,,,,,,unavailable,unavailable,,unavailable,,unavailable,,unavailable,,unavailable,,unavailable,,unavailable,,unavailable,,unavailable,,unavailable,,unavailable,,unavailable,,unavailable,,unavailable,,unavailable,,unavailable,,unavailable,,unavailable,,unavailable,,unavailable,,unavailable,,unavailable,,unavailable,,unavailable
P::J3550,2026-03-01,2026-03-01,MISO,J3550,22.406570841889117,5.303304908059076,battery,0,IN,,0,0.0,,,89.0,18491.7,0.0,0.0,44130.42,1202,238194.56,1.8672142368240932,Study Not Started,NRIS,200.0,18037,,,DUFF DUBOIS 138 0KV,59.12849872773537,43546.0,1.0,,0,0,0,1,0,0.0,,2024-04-18,4.17,80990.37768817204,101013.0,-0.6408162377577172,0.0065300658450057865,-603.8938172043011,4.29,-0.1200000000000001,18.19049822562721,SOUTHERN INDIANA GAS ELECTRIC D B A CENTERPOINT ENERGY INDIANA SOUTH,13.0,2430.0,0.0,0.5666666666666667,,,,,,,,,unavailable,unavailable,,unavailable,,unavailable,,unavailable,,unavailable,,unavailable,,unavailable,,unavailable,,unavailable,,unavailable,,unavailable,,unavailable,,unavailable,,unavailable,,unavailable,,unavailable,,unavailable,,unavailable,,unavailable,,unavailable,,unavailable,,unavailable,,unavailable,,unavailable
P::J3551,2026-03-01,2026-03-01,MISO,J3551,22.406570841889117,5.303304908059076,battery,0,IA,,0,0.0,,,71.0,14429.54,0.0,0.0,44130.42,1202,238194.56,1.8672142368240932,Study Not Started,NRIS,200.0,19123,,,BEACON,29.739185750636132,21874.0,1.0,,0,0,0,,0,0.0,,2024-04-18,4.17,80990.37768817204,101013.0,-0.6408162377577172,0.0065300658450057865,-603.8938172043011,4.29,-0.1200000000000001,18.19049822562721,MIDAMERICAN ENERGY,45.0,8895.24,0.18652849740932642,0.5803108808290155,,,,,,,,,unavailable,unavailable,,unavailable,,unavailable,,unavailable,,unavailable,,unavailable,,unavailable,,unavailable,,unavailable,,unavailable,,unavailable,,unavailable,,unavailable,,unavailable,,unavailable,,unavailable,,unavailable,,unavailable,,unavailable,,unavailable,,unavailable,,unavailable,,unavailable,,unavailable
P::J3552,2026-03-01,2026-03-01,MISO,J3552,22.472279260780287,4.727387818712341,solar,0,MN,,0,0.0,,,98.0,18289.9,0.0,0.0,62537.18,1202,238194.56,1.8726899383983573,Study Not Started,NRIS,112.0,27085,,,HUTCHINSON MUNICIPAL GRE BIG SWAN 115 0KV,46.596692111959285,36785.0,1.0,,0,0,0,,0,0.0,,2024-04-16,4.17,80990.37768817204,101013.0,-0.6408162377577172,0.0065300658450057865,-603.8938172043011,4.29,-0.1200000000000001,18.19049822562721,MISSOURI RIVER ENERGY SERVICES TRANSMISSION,9.0,1583.74,0.0,0.3076923076923077,,,,,,,,,unavailable,unavailable,,unavailable,,unavailable,,unavailable,,unavailable,,unavailable,,unavailable,,unavailable,,unavailable,,unavailable,,unavailable,,unavailable,,unavailable,,unavailable,,unavailable,,unavailable,,unavailable,,unavailable,,unavailable,,unavailable,,unavailable,,unavailable,,unavailable,,unavailable
P::J3556,2026-03-01,2026-03-01,MISO,J3556,22.406570841889117,5.5254529391317835,solar,0,IL,,0,0.0,,0.16427104722792607,187.0,35200.11,1.0,500.0,62399.18,1202,238194.56,1.8672142368240932,Study Not Started,NRIS,250.0,17135,,,7COFFEEN 7PANA 345 0KV,65.39440203562341,27663.0,1.0,,0,0,0,1,1,500.0,,2024-04-18,4.17,80990.37768817204,101013.0,-0.6408162377577172,0.0065300658450057865,-603.8938172043011,4.29,-0.1200000000000001,18.19049822562721,AMEREN ILLINOIS,221.0,41217.38,0.07429718875502007,0.4779116465863454,,,,,,,,,unavailable,unavailable,,unavailable,,unavailable,,unavailable,,unavailable,,unavailable,,unavailable,,unavailable,,unavailable,,unavailable,,unavailable,,unavailable,,unavailable,,unavailable,,unavailable,,unavailable,,unavailable,,unavailable,,unavailable,,unavailable,,unavailable,,unavailable,,unavailable,,unavailable
P::J3558,2026-03-01,2026-03-01,MISO,J3558,22.406570841889117,5.707110264748875,battery,0,IL,,0,0.0,,,187.0,35150.11,3.0,391.29999999999995,44030.42,1202,238194.56,1.8672142368240932,Study Not Started,NRIS,300.0,17019,,,RISING,90.45801526717557,205644.0,0.0,,0,0,0,1,3,391.3,,2024-04-18,4.17,80990.37768817204,101013.0,-0.6408162377577172,0.0065300658450057865,-603.8938172043011,4.29,-0.1200000000000001,18.19049822562721,AMEREN TRANSMISSION OF ILLINOIS,38.0,9232.83,0.06578947368421052,0.4342105263157895,,,,,,,,,unavailable,unavailable,,unavailable,,unavailable,,unavailable,,unavailable,,unavailable,,unavailable,,unavailable,,unavailable,,unavailable,,unavailable,,unavailable,,unavailable,,unavailable,,unavailable,,unavailable,,unavailable,,unavailable,,unavailable,,unavailable,,unavailable,,unavailable,,unavailable,,unavailable
P::J3564,2026-03-01,2026-03-01,MISO,J3564,22.406570841889117,5.62040086571715,wind_onshore,0,IN,,0,0.0,,,89.0,18416.7,43.0,12766.869999999999,26906.11,1202,238194.56,1.8672142368240932,Study Not Started,NRIS,275.0,18111,,,OTHER_,11.673027989821882,13960.0,1.0,,0,0,0,1,43,12766.869999999999,,2024-04-18,4.17,80990.37768817204,101013.0,-0.6408162377577172,0.0065300658450057865,-603.8938172043011,4.29,-0.1200000000000001,18.19049822562721,NORTHERN INDIANA PUBLIC SERVICE,53.0,9697.23,0.09701492537313433,0.5074626865671642,,,,,,,,,unavailable,unavailable,,unavailable,,unavailable,,unavailable,,unavailable,,unavailable,,unavailable,,unavailable,,unavailable,,unavailable,,unavailable,,unavailable,,unavailable,,unavailable,,unavailable,,unavailable,,unavailable,,unavailable,,unavailable,,unavailable,,unavailable,,unavailable,,unavailable,,unavailable
P::J3565,2026-03-01,2026-03-01,MISO,J3565,22.406570841889117,4.61512051684126,battery,0,IL,,0,0.0,,,187.0,35350.11,3.0,591.3,44230.42,1202,238194.56,1.8672142368240932,Study Not Started,NRIS,100.0,17019,,,RISING,90.45801526717557,205644.0,0.0,,0,0,0,1,3,591.3,,2024-04-18,4.17,80990.37768817204,101013.0,-0.6408162377577172,0.0065300658450057865,-603.8938172043011,4.29,-0.1200000000000001,18.19049822562721,AMEREN TRANSMISSION OF ILLINOIS,38.0,9232.83,0.06578947368421052,0.4342105263157895,,,,,,,,,unavailable,unavailable,,unavailable,,unavailable,,unavailable,,unavailable,,unavailable,,unavailable,,unavailable,,unavailable,,unavailable,,unavailable,,unavailable,,unavailable,,unavailable,,unavailable,,unavailable,,unavailable,,unavailable,,unavailable,,unavailable,,unavailable,,unavailable,,unavailable,,unavailable
P::J3566,2026-03-01,2026-03-01,MISO,J3566,22.406570841889117,5.293304824724492,wind_onshore,0,IL,,0,0.0,,,187.0,35252.11,43.0,12843.869999999999,26983.11,1202,238194.56,1.8672142368240932,Study Not Started,ERIS,198.0,17113,,,OTHER_,86.89567430025446,170441.0,0.0,,0,0,0,,43,12843.869999999999,,2024-04-18,4.17,80990.37768817204,101013.0,-0.6408162377577172,0.0065300658450057865,-603.8938172043011,4.29,-0.1200000000000001,18.19049822562721,AMEREN ILLINOIS,221.0,41217.38,0.07429718875502007,0.4779116465863454,,,,,,,,,unavailable,unavailable,,unavailable,,unavailable,,unavailable,,unavailable,,unavailable,,unavailable,,unavailable,,unavailable,,unavailable,,unavailable,,unavailable,,unavailable,,unavailable,,unavailable,,unavailable,,unavailable,,unavailable,,unavailable,,unavailable,,unavailable,,unavailable,,unavailable,,unavailable
P::J3586,2026-03-01,2026-03-01,MISO,J3586,22.406570841889117,5.331752142634274,solar,0,TX,,0,0.0,,0.16427104722792607,12.0,2829.5,0.0,0.0,62443.38,1202,238194.56,1.8672142368240932,Study Not Started,NRIS,205.8,,,,JACINTO PEACH CREEK 230 0KV,,,,,,,,,0,0.0,,2024-04-18,4.17,80990.37768817204,101013.0,-0.6408162377577172,0.0065300658450057865,-603.8938172043011,4.29,-0.1200000000000001,18.19049822562721,ENTERGY MISSISSIPPI,51.0,10735.3,0.006172839506172839,0.6790123456790124,,,,,,,,,unavailable,unavailable,,unavailable,,unavailable,,unavailable,,unavailable,,unavailable,,unavailable,,unavailable,,unavailable,,unavailable,,unavailable,,unavailable,,unavailable,,unavailable,,unavailable,,unavailable,,unavailable,,unavailable,,unavailable,,unavailable,,unavailable,,unavailable,,unavailable,,unavailable
P::J3590,2026-03-01,2026-03-01,MISO,J3590,22.439425051334702,4.330733340286331,solar,0,MS,,0,0.0,,,32.0,4906.6,0.0,0.0,62574.18,1202,238194.56,1.8699520876112252,Study Not Started,NRIS,75.0,28053,,,BELZONI BELZONI TAP SS 115 0KV,27.92620865139949,7216.0,1.0,,0,0,0,1,0,0.0,,2024-04-17,4.17,80990.37768817204,101013.0,-0.6408162377577172,0.0065300658450057865,-603.8938172043011,4.29,-0.1200000000000001,18.19049822562721,ENTERGY MISSISSIPPI,51.0,10735.3,0.006172839506172839,0.6790123456790124,,,,,,,,,unavailable,unavailable,,unavailable,,unavailable,,unavailable,,unavailable,,unavailable,,unavailable,,unavailable,,unavailable,,unavailable,,unavailable,,unavailable,,unavailable,,unavailable,,unavailable,,unavailable,,unavailable,,unavailable,,unavailable,,unavailable,,unavailable,,unavailable,,unavailable,,unavailable
P::J3592,2026-03-01,2026-03-01,MISO,J3592,22.406570841889117,4.060443010546419,wind_onshore,0,MS,,0,0.0,,,32.0,4924.6,1.0,350.0,27124.11,1202,238194.56,1.8672142368240932,Study Not Started,NRIS,57.0,28133,,,INDIANOLA 230 115 SUB TILLATOBA 230 0KV,69.62468193384224,24468.0,1.0,,0,0,0,1,1,350.0,,2024-04-18,4.17,80990.37768817204,101013.0,-0.6408162377577172,0.0065300658450057865,-603.8938172043011,4.29,-0.1200000000000001,18.19049822562721,ENTERGY MISSISSIPPI,51.0,10735.3,0.006172839506172839,0.6790123456790124,,,,,,,,,unavailable,unavailable,,unavailable,,unavailable,,unavailable,,unavailable,,unavailable,,unavailable,,unavailable,,unavailable,,unavailable,,unavailable,,unavailable,,unavailable,,unavailable,,unavailable,,unavailable,,unavailable,,unavailable,,unavailable,,unavailable,,unavailable,,unavailable,,unavailable,,unavailable
P::J3597,2026-03-01,2026-03-01,MISO,J3597,22.406570841889117,5.855071922202427,wind_onshore,0,AR,,0,0.0,,,74.0,18149.1,4.0,1619.5,26833.11,1202,238194.56,1.8672142368240932,Study Not Started,NRIS,348.0,05085,,,WEST MEMPHIS EHV KEO EHV 500 0KV,75.09541984732824,75944.0,0.0,,0,0,0,,4,1619.5,,2024-04-18,4.17,80990.37768817204,101013.0,-0.6408162377577172,0.0065300658450057865,-603.8938172043011,4.29,-0.1200000000000001,18.19049822562721,ENTERGY ARKANSAS,118.0,29185.92,0.011661807580174927,0.641399416909621,,,,,,,,,unavailable,unavailable,,unavailable,,unavailable,,unavailable,,unavailable,,unavailable,,unavailable,,unavailable,,unavailable,,unavailable,,unavailable,,unavailable,,unavailable,,unavailable,,unavailable,,unavailable,,unavailable,,unavailable,,unavailable,,unavailable,,unavailable,,unavailable,,unavailable,,unavailable
P::J3601,2026-03-01,2026-03-01,MISO,J3601,22.472279260780287,5.303304908059076,solar,0,LA,,0,0.0,,,59.0,13119.51,0.0,0.0,62449.18,1202,238194.56,1.8726899383983573,Study Not Started,NRIS,200.0,22067,,,OAK RIDGE LA SWARTZ 115 0KV,55.279898218829516,23955.0,1.0,,0,0,0,1,0,0.0,,2024-04-16,4.17,80990.37768817204,101013.0,-0.6408162377577172,0.0065300658450057865,-603.8938172043011,4.29,-0.1200000000000001,18.19049822562721,ENTERGY LOUISIANA,85.0,23972.93,0.016,0.644,,,,,,,,,unavailable,unavailable,,unavailable,,unavailable,,unavailable,,unavailable,,unavailable,,unavailable,,unavailable,,unavailable,,unavailable,,unavailable,,unavailable,,unavailable,,unavailable,,unavailable,,unavailable,,unavailable,,unavailable,,unavailable,,unavailable,,unavailable,,unavailable,,unavailable,,unavailable
P::J3604,2026-03-01,2026-03-01,MISO,J3604,22.406570841889117,6.478509642208569,natural_gas,0,IN,,0,0.0,,,89.0,18041.7,0.0,0.0,26233.0,1202,238194.56,1.8672142368240932,Study Not Started,NRIS,650.0,18153,,,MEROM HED DRESSER 345 0KV,20.642493638676847,20757.0,1.0,,0,0,0,1,0,0.0,,2024-04-18,4.17,80990.37768817204,101013.0,-0.6408162377577172,0.0065300658450057865,-603.8938172043011,4.29,-0.1200000000000001,18.19049822562721,DUKE ENERGY INDIANA,58.0,11347.82,0.004608294930875576,0.728110599078341,,,,,,,,,unavailable,unavailable,,unavailable,,unavailable,,unavailable,,unavailable,,unavailable,,unavailable,,unavailable,,unavailable,,unavailable,,unavailable,,unavailable,,unavailable,,unavailable,,unavailable,,unavailable,,unavailable,,unavailable,,unavailable,,unavailable,,unavailable,,unavailable,,unavailable,,unavailable
P::J3611,2026-03-01,2026-03-01,MISO,J3611,22.406570841889117,4.948759890378168,solar,0,IL,,0,0.0,,,187.0,35310.11,1.0,199.99,62509.18,1202,238194.56,1.8672142368240932,Study Not Started,NRIS,140.0,17065,,,7W_FRFT_E 7NORRIS 345 0KV,30.820610687022903,7911.0,1.0,,0,0,0,1,1,199.99,,2024-04-18,4.17,80990.37768817204,101013.0,-0.6408162377577172,0.0065300658450057865,-603.8938172043011,4.29,-0.1200000000000001,18.19049822562721,AMEREN ILLINOIS,221.0,41217.38,0.07429718875502007,0.4779116465863454,,,,,,,,,unavailable,unavailable,,unavailable,,unavailable,,unavailable,,unavailable,,unavailable,,unavailable,,unavailable,,unavailable,,unavailable,,unavailable,,unavailable,,unavailable,,unavailable,,unavailable,,unavailable,,unavailable,,unavailable,,unavailable,,unavailable,,unavailable,,unavailable,,unavailable,,unavailable
P::J3619,2026-03-01,2026-03-01,MISO,J3619,22.472279260780287,5.017279836814924,solar,0,AR,,0,0.0,,,74.0,18347.1,0.0,0.0,62499.18,1202,238194.56,1.8726899383983573,Study Not Started,NRIS,150.0,05093,,,MONETTE JUNCTION PARAGOULD 161 0KV,89.2175572519084,38663.0,1.0,,0,0,0,1,0,0.0,,2024-04-16,4.17,80990.37768817204,101013.0,-0.6408162377577172,0.0065300658450057865,-603.8938172043011,4.29,-0.1200000000000001,18.19049822562721,ENTERGY ARKANSAS,118.0,29185.92,0.011661807580174927,0.641399416909621,,,,,,,,,unavailable,unavailable,,unavailable,,unavailable,,unavailable,,unavailable,,unavailable,,unavailable,,unavailable,,unavailable,,unavailable,,unavailable,,unavailable,,unavailable,,unavailable,,unavailable,,unavailable,,unavailable,,unavailable,,unavailable,,unavailable,,unavailable,,unavailable,,unavailable,,unavailable
P::J3623,2026-03-01,2026-03-01,MISO,J3623,22.439425051334702,5.860786223465865,wind_onshore,0,MS,,0,0.0,,,32.0,4631.6,1.0,57.0,26831.11,1202,238194.56,1.8699520876112252,Study Not Started,NRIS,350.0,28133,,,INDIANOLA 230 115 SUB TILLATOBA 230 0KV,69.62468193384224,24468.0,1.0,,0,0,0,1,1,57.0,,2024-04-17,4.17,80990.37768817204,101013.0,-0.6408162377577172,0.0065300658450057865,-603.8938172043011,4.29,-0.1200000000000001,18.19049822562721,ENTERGY MISSISSIPPI,51.0,10735.3,0.006172839506172839,0.6790123456790124,,,,,,,,,unavailable,unavailable,,unavailable,,unavailable,,unavailable,,unavailable,,unavailable,,unavailable,,unavailable,,unavailable,,unavailable,,unavailable,,unavailable,,unavailable,,unavailable,,unavailable,,unavailable,,unavailable,,unavailable,,unavailable,,unavailable,,unavailable,,unavailable,,unavailable,,unavailable
P::J3630,2026-03-01,2026-03-01,MISO,J3630,22.406570841889117,4.356708826689592,other,0,LA,,0,0.0,,0.16427104722792607,59.0,13242.51,2.0,460.0,19886.7,1202,238194.56,1.8672142368240932,Study Not Started,NRIS,77.0,22037,,,MOLER COLFEL 230 0KV,56.424936386768444,19229.0,1.0,,0,0,0,,2,460.0,,2024-04-18,4.17,80990.37768817204,101013.0,-0.6408162377577172,0.0065300658450057865,-603.8938172043011,4.29,-0.1200000000000001,18.19049822562721,ENTERGY LOUISIANA,85.0,23972.93,0.016,0.644,,,,,,,,,unavailable,unavailable,,unavailable,,unavailable,,unavailable,,unavailable,,unavailable,,unavailable,,unavailable,,unavailable,,unavailable,,unavailable,,unavailable,,unavailable,,unavailable,,unavailable,,unavailable,,unavailable,,unavailable,,unavailable,,unavailable,,unavailable,,unavailable,,unavailable,,unavailable
P::J3633,2026-03-01,2026-03-01,MISO,J3633,22.570841889117045,5.303304908059076,solar,0,MI,,0,0.0,,,174.0,34293.09,1.0,185.0,62449.18,1202,238194.56,1.8809034907597535,Study Not Started,NRIS,200.0,26151,,,GREENWOOD RAPSON BANNER 345 0KV,70.32442748091603,40368.0,1.0,,0,0,0,1,1,185.0,,2024-04-13,4.17,80990.37768817204,101013.0,-0.6408162377577172,0.0065300658450057865,-603.8938172043011,4.29,-0.1200000000000001,18.19049822562721,ITC,83.0,19624.149999999998,0.0,0.27586206896551724,,,,,,,,,unavailable,unavailable,,unavailable,,unavailable,,unavailable,,unavailable,,unavailable,,unavailable,,unavailable,,unavailable,,unavailable,,unavailable,,unavailable,,unavailable,,unavailable,,unavailable,,unavailable,,unavailable,,unavailable,,unavailable,,unavailable,,unavailable,,unavailable,,unavailable,,unavailable
P::J3636,2026-03-01,2026-03-01,MISO,J3636,22.406570841889117,5.017279836814924,battery,0,MI,,0,0.0,,,174.0,34343.09,0.0,0.0,44180.42,1202,238194.56,1.8672142368240932,Study Not Started,NRIS,150.0,26157,,,BAUER,73.05979643765903,52826.0,0.0,,0,0,0,1,0,0.0,,2024-04-18,4.17,80990.37768817204,101013.0,-0.6408162377577172,0.0065300658450057865,-603.8938172043011,4.29,-0.1200000000000001,18.19049822562721,ITC,83.0,19624.149999999998,0.0,0.27586206896551724,,,,,,,,,unavailable,unavailable,,unavailable,,unavailable,,unavailable,,unavailable,,unavailable,,unavailable,,unavailable,,unavailable,,unavailable,,unavailable,,unavailable,,unavailable,,unavailable,,unavailable,,unavailable,,unavailable,,unavailable,,unavailable,,unavailable,,unavailable,,unavailable,,unavailable,,unavailable
P::J3639,2026-03-01,2026-03-01,MISO,J3639,22.439425051334702,5.5254529391317835,wind_onshore,0,WI,,0,0.0,,,67.0,13942.460000000001,1.0,400.0,26931.11,1202,238194.56,1.8699520876112252,Study Not Started,NRIS,250.0,55021,,,COLUMBIA ROCKDALE 345 0KV,81.42493638676844,58091.0,0.0,,0,0,0,,1,400.0,,2024-04-17,4.17,80990.37768817204,101013.0,-0.6408162377577172,0.0065300658450057865,-603.8938172043011,4.29,-0.1200000000000001,18.19049822562721,AMERICAN TRANSMISSION,110.0,22126.63,0.09090909090909091,0.6181818181818182,,,,,,,,,unavailable,unavailable,,unavailable,,unavailable,,unavailable,,unavailable,,unavailable,,unavailable,,unavailable,,unavailable,,unavailable,,unavailable,,unavailable,,unavailable,,unavailable,,unavailable,,unavailable,,unavailable,,unavailable,,unavailable,,unavailable,,unavailable,,unavailable,,unavailable,,unavailable
P::J3644,2026-03-01,2026-03-01,MISO,J3644,22.406570841889117,5.017279836814924,solar,0,MI,,0,0.0,,,174.0,34343.09,43.0,12891.869999999999,62499.18,1202,238194.56,1.8672142368240932,Study Not Started,NRIS,150.0,26017,,,OTHER_,78.18066157760815,102500.0,0.0,,0,0,0,1,43,12891.869999999999,,2024-04-18,4.17,80990.37768817204,101013.0,-0.6408162377577172,0.0065300658450057865,-603.8938172043011,4.29,-0.1200000000000001,18.19049822562721,METC,167.0,33466.87,0.024691358024691357,0.45987654320987653,,,,,,,,,unavailable,unavailable,,unavailable,,unavailable,,unavailable,,unavailable,,unavailable,,unavailable,,unavailable,,unavailable,,unavailable,,unavailable,,unavailable,,unavailable,,unavailable,,unavailable,,unavailable,,unavailable,,unavailable,,unavailable,,unavailable,,unavailable,,unavailable,,unavailable,,unavailable
P::J3645,2026-03-01,2026-03-01,MISO,J3645,22.439425051334702,5.017279836814924,wind_onshore,0,MI,,0,0.0,,,174.0,34343.09,2.0,350.0,27031.11,1202,238194.56,1.8699520876112252,Study Not Started,NRIS,150.0,26063,,,RAPSON,59.03307888040712,30927.0,1.0,,0,0,0,1,2,350.0,,2024-04-17,4.17,80990.37768817204,101013.0,-0.6408162377577172,0.0065300658450057865,-603.8938172043011,4.29,-0.1200000000000001,18.19049822562721,ITC,83.0,19624.149999999998,0.0,0.27586206896551724,,,,,,,,,unavailable,unavailable,,unavailable,,unavailable,,unavailable,,unavailable,,unavailable,,unavailable,,unavailable,,unavailable,,unavailable,,unavailable,,unavailable,,unavailable,,unavailable,,unavailable,,unavailable,,unavailable,,unavailable,,unavailable,,unavailable,,unavailable,,unavailable,,unavailable,,unavailable
P::J3646,2026-03-01,2026-03-01,MISO,J3646,22.439425051334702,5.3981627015177525,battery,0,MI,,0,0.0,,,174.0,34273.09,0.0,0.0,44110.42,1202,238194.56,1.8699520876112252,Study Not Started,NRIS,220.0,26147,,,ST CLAIR,81.99745547073792,159874.0,0.0,,0,0,0,1,0,0.0,,2024-04-17,4.17,80990.37768817204,101013.0,-0.6408162377577172,0.0065300658450057865,-603.8938172043011,4.29,-0.1200000000000001,18.19049822562721,ITC,83.0,19624.149999999998,0.0,0.27586206896551724,,,,,,,,,unavailable,unavailable,,unavailable,,unavailable,,unavailable,,unavailable,,unavailable,,unavailable,,unavailable,,unavailable,,unavailable,,unavailable,,unavailable,,unavailable,,unavailable,,unavailable,,unavailable,,unavailable,,unavailable,,unavailable,,unavailable,,unavailable,,unavailable,,unavailable,,unavailable
P::J3650,2026-03-01,2026-03-01,MISO,J3650,22.50513347022587,5.017279836814924,battery,0,MI,,0,0.0,,,174.0,34343.09,0.0,0.0,44180.42,1202,238194.56,1.8754277891854894,Study Not Started,NRIS,150.0,26049,,,BEVERIDGE,92.17557251908397,401522.0,0.0,,0,0,0,,0,0.0,,2024-04-15,4.17,80990.37768817204,101013.0,-0.6408162377577172,0.0065300658450057865,-603.8938172043011,4.29,-0.1200000000000001,18.19049822562721,METC,167.0,33466.87,0.024691358024691357,0.45987654320987653,,,,,,,,,unavailable,unavailable,,unavailable,,unavailable,,unavailable,,unavailable,,unavailable,,unavailable,,unavailable,,unavailable,,unavailable,,unavailable,,unavailable,,unavailable,,unavailable,,unavailable,,unavailable,,unavailable,,unavailable,,unavailable,,unavailable,,unavailable,,unavailable,,unavailable,,unavailable
P::J3651,2026-03-01,2026-03-01,MISO,J3651,22.472279260780287,5.017279836814924,battery,0,MI,,0,0.0,,,174.0,34343.09,1.0,250.0,44180.42,1202,238194.56,1.8726899383983573,Study Not Started,NRIS,150.0,26091,,,BEECHER KNOWLES 138 0KV,69.94274809160305,97520.0,0.0,,0,0,0,1,1,250.0,,2024-04-16,4.17,80990.37768817204,101013.0,-0.6408162377577172,0.0065300658450057865,-603.8938172043011,4.29,-0.1200000000000001,18.19049822562721,METC,167.0,33466.87,0.024691358024691357,0.45987654320987653,,,,,,,,,unavailable,unavailable,,unavailable,,unavailable,,unavailable,,unavailable,,unavailable,,unavailable,,unavailable,,unavailable,,unavailable,,unavailable,,unavailable,,unavailable,,unavailable,,unavailable,,unavailable,,unavailable,,unavailable,,unavailable,,unavailable,,unavailable,,unavailable,,unavailable,,unavailable
P::J3653,2026-03-01,2026-03-01,MISO,J3653,22.833675564681723,4.394449154672439,solar,0,MI,,0,0.0,,,174.0,34413.09,1.0,150.0,62569.18,1202,238194.56,1.9028062970568105,Study Not Started,NRIS,80.0,26161,,,LINE TAP ON SUPERIOR WAYNE 120KV LINE AT 42 275480 83 628250,89.28117048346056,365536.0,0.0,,0,0,0,,1,150.0,,2024-04-05,4.17,80990.37768817204,101013.0,-0.6408162377577172,0.0065300658450057865,-603.8938172043011,4.09,0.08000000000000007,18.19049822562721,ITC,83.0,19624.149999999998,0.0,0.27586206896551724,,,,,,,,,unavailable,unavailable,,unavailable,,unavailable,,unavailable,,unavailable,,unavailable,,unavailable,,unavailable,,unavailable,,unavailable,,unavailable,,unavailable,,unavailable,,unavailable,,unavailable,,unavailable,,unavailable,,unavailable,,unavailable,,unavailable,,unavailable,,unavailable,,unavailable,,unavailable
P::J3654,2026-03-01,2026-03-01,MISO,J3654,22.833675564681723,5.017279836814924,battery,0,MI,,0,0.0,,,174.0,34343.09,1.0,80.0,44180.42,1202,238194.56,1.9028062970568105,Study Not Started,NRIS,150.0,26161,,,LINE TAP ON SUPERIOR WAYNE 120KV LINE AT 42 275480 83 628250,89.28117048346056,365536.0,0.0,,0,0,0,,1,80.0,,2024-04-05,4.17,80990.37768817204,101013.0,-0.6408162377577172,0.0065300658450057865,-603.8938172043011,4.09,0.08000000000000007,18.19049822562721,ITC,83.0,19624.149999999998,0.0,0.27586206896551724,,,,,,,,,unavailable,unavailable,,unavailable,,unavailable,,unavailable,,unavailable,,unavailable,,unavailable,,unavailable,,unavailable,,unavailable,,unavailable,,unavailable,,unavailable,,unavailable,,unavailable,,unavailable,,unavailable,,unavailable,,unavailable,,unavailable,,unavailable,,unavailable,,unavailable,,unavailable
P::J3655,2026-03-01,2026-03-01,MISO,J3655,22.439425051334702,5.303304908059076,wind_onshore,0,IA,,0,0.0,,,71.0,14429.54,0.0,0.0,26981.11,1202,238194.56,1.8699520876112252,Study Not Started,ERIS,200.0,19049,,,OVERLAND TRAIL FALLOW AVENUE 345 0KV,60.591603053435115,111092.0,0.0,,0,0,0,,0,0.0,,2024-04-17,4.17,80990.37768817204,101013.0,-0.6408162377577172,0.0065300658450057865,-603.8938172043011,4.29,-0.1200000000000001,18.19049822562721,MIDAMERICAN ENERGY,45.0,8895.24,0.18652849740932642,0.5803108808290155,,,,,,,,,unavailable,unavailable,,unavailable,,unavailable,,unavailable,,unavailable,,unavailable,,unavailable,,unavailable,,unavailable,,unavailable,,unavailable,,unavailable,,unavailable,,unavailable,,unavailable,,unavailable,,unavailable,,unavailable,,unavailable,,unavailable,,unavailable,,unavailable,,unavailable,,unavailable
P::J3660,2026-03-01,2026-03-01,MISO,J3660,22.406570841889117,5.303304908059076,battery,0,IL,,0,0.0,,,187.0,35250.11,0.0,0.0,44130.42,1202,238194.56,1.8672142368240932,Study Not Started,NRIS,200.0,17161,,,OAK GROVE 161KV SUB,84.12849872773536,141236.0,0.0,,0,0,0,1,0,0.0,,2024-04-18,4.17,80990.37768817204,101013.0,-0.6408162377577172,0.0065300658450057865,-603.8938172043011,4.29,-0.1200000000000001,18.19049822562721,MIDAMERICAN ENERGY,45.0,8895.24,0.18652849740932642,0.5803108808290155,,,,,,,,,unavailable,unavailable,,unavailable,,unavailable,,unavailable,,unavailable,,unavailable,,unavailable,,unavailable,,unavailable,,unavailable,,unavailable,,unavailable,,unavailable,,unavailable,,unavailable,,unavailable,,unavailable,,unavailable,,unavailable,,unavailable,,unavailable,,unavailable,,unavailable,,unavailable
P::J3666,2026-03-01,2026-03-01,MISO,J3666,22.439425051334702,5.578597109233056,natural_gas,0,IN,,0,-30.389103004065255,,0.0,89.0,18428.0,0.0,0.0,26619.3,1202,238194.56,1.8699520876112252,Study Not Started,NRIS,263.7,18109,,,PETERSBURG THOMPSON 345 0KV,63.48600508905853,73227.0,0.0,,0,0,0,1,0,0.0,,2024-04-17,4.17,80990.37768817204,101013.0,-0.6408162377577172,0.0065300658450057865,-603.8938172043011,4.29,-0.1200000000000001,18.19049822562721,INDIANAPOLIS POWER LIGHT,9.0,2448.8199999999997,0.14814814814814814,0.5185185185185185,,,,,,,,,unavailable,unavailable,,unavailable,,unavailable,,unavailable,,unavailable,,unavailable,,unavailable,,unavailable,,unavailable,,unavailable,,unavailable,,unavailable,,unavailable,,unavailable,,unavailable,,unavailable,,unavailable,,unavailable,,unavailable,,unavailable,,unavailable,,unavailable,,unavailable,,unavailable
P::J3669,2026-03-01,2026-03-01,MISO,J3669,22.406570841889117,4.912654885736052,solar,0,MN,,0,-55.0,,0.0,98.0,18266.9,0.0,0.0,62514.18,1202,238194.56,1.8672142368240932,Study Not Started,ERIS,135.0,27149,,,BIG STONE SOUTH ALEXANDRIA 345 0KV,7.029262086513994,9728.0,1.0,,0,0,0,,0,0.0,,2024-04-18,4.17,80990.37768817204,101013.0,-0.6408162377577172,0.0065300658450057865,-603.8938172043011,4.29,-0.1200000000000001,18.19049822562721,OTTER TAIL POWER,25.0,4561.42,0.13259668508287292,0.7292817679558011,,,,,,,,,unavailable,unavailable,,unavailable,,unavailable,,unavailable,,unavailable,,unavailable,,unavailable,,unavailable,,unavailable,,unavailable,,unavailable,,unavailable,,unavailable,,unavailable,,unavailable,,unavailable,,unavailable,,unavailable,,unavailable,,unavailable,,unavailable,,unavailable,,unavailable,,unavailable
P::J3672,2026-03-01,2026-03-01,MISO,J3672,22.406570841889117,5.707110264748875,wind_onshore,0,MN,,0,0.0,,,98.0,18101.9,1.0,250.0,26881.11,1202,238194.56,1.8672142368240932,Study Not Started,NRIS,300.0,27155,,,BIG STONE SOUTH ALEXANDIRA 345KV,6.170483460559796,3136.0,1.0,,0,0,0,,1,250.0,,2024-04-18,4.17,80990.37768817204,101013.0,-0.6408162377577172,0.0065300658450057865,-603.8938172043011,4.29,-0.1200000000000001,18.19049822562721,OTTER TAIL POWER,25.0,4561.42,0.13259668508287292,0.7292817679558011,,,,,,,,,unavailable,unavailable,,unavailable,,unavailable,,unavailable,,unavailable,,unavailable,,unavailable,,unavailable,,unavailable,,unavailable,,unavailable,,unavailable,,unavailable,,unavailable,,unavailable,,unavailable,,unavailable,,unavailable,,unavailable,,unavailable,,unavailable,,unavailable,,unavailable,,unavailable
P::J3674,2026-03-01,2026-03-01,MISO,J3674,22.439425051334702,4.61512051684126,solar,0,IL,,0,0.0,,,187.0,35350.11,0.0,0.0,62549.18,1202,238194.56,1.8699520876112252,Study Not Started,NRIS,100.0,17079,,,4NEWTON 4WISEMAN 138 0KV,20.419847328244277,9144.0,1.0,,0,0,0,1,0,0.0,,2024-04-17,4.17,80990.37768817204,101013.0,-0.6408162377577172,0.0065300658450057865,-603.8938172043011,4.29,-0.1200000000000001,18.19049822562721,AMEREN ILLINOIS,221.0,41217.38,0.07429718875502007,0.4779116465863454,,,,,,,,,unavailable,unavailable,,unavailable,,unavailable,,unavailable,,unavailable,,unavailable,,unavailable,,unavailable,,unavailable,,unavailable,,unavailable,,unavailable,,unavailable,,unavailable,,unavailable,,unavailable,,unavailable,,unavailable,,unavailable,,unavailable,,unavailable,,unavailable,,unavailable,,unavailable
P::J3679,2026-03-01,2026-03-01,MISO,J3679,22.406570841889117,5.0106352940962555,solar,0,IN,,0,0.0,,,89.0,18542.7,0.0,0.0,62500.18,1202,238194.56,1.8672142368240932,Study Not Started,NRIS,149.0,18091,,,BABCOCK STILLWELL 345 0KV,78.88040712468194,111706.0,0.0,,0,0,0,1,0,0.0,,2024-04-18,4.17,80990.37768817204,101013.0,-0.6408162377577172,0.0065300658450057865,-603.8938172043011,4.29,-0.1200000000000001,18.19049822562721,NORTHERN INDIANA PUBLIC SERVICE,53.0,9697.23,0.09701492537313433,0.5074626865671642,,,,,,,,,unavailable,unavailable,,unavailable,,unavailable,,unavailable,,unavailable,,unavailable,,unavailable,,unavailable,,unavailable,,unavailable,,unavailable,,unavailable,,unavailable,,unavailable,,unavailable,,unavailable,,unavailable,,unavailable,,unavailable,,unavailable,,unavailable,,unavailable,,unavailable,,unavailable
P::J3681,2026-03-01,2026-03-01,MISO,J3681,22.406570841889117,5.707110264748875,wind_onshore,0,IL,,0,0.0,,,187.0,35150.11,1.0,300.0,26881.11,1202,238194.56,1.8672142368240932,Study Not Started,ERIS,300.0,17113,,,7CLINTON 7BROKAW 345 0KV,86.89567430025446,170441.0,0.0,,0,0,0,,1,300.0,,2024-04-18,4.17,80990.37768817204,101013.0,-0.6408162377577172,0.0065300658450057865,-603.8938172043011,4.29,-0.1200000000000001,18.19049822562721,AMEREN ILLINOIS,221.0,41217.38,0.07429718875502007,0.4779116465863454,,,,,,,,,unavailable,unavailable,,unavailable,,unavailable,,unavailable,,unavailable,,unavailable,,unavailable,,unavailable,,unavailable,,unavailable,,unavailable,,unavailable,,unavailable,,unavailable,,unavailable,,unavailable,,unavailable,,unavailable,,unavailable,,unavailable,,unavailable,,unavailable,,unavailable,,unavailable
P::J3682,2026-03-01,2026-03-01,MISO,J3682,22.406570841889117,5.017279836814924,solar,0,MI,,0,0.0,,,174.0,34343.09,0.0,0.0,62499.18,1202,238194.56,1.8672142368240932,Study Not Started,ERIS,150.0,26121,,,FOUR MILE WHITE ROAD 138 0KV,70.10178117048346,176564.0,0.0,,0,0,0,1,0,0.0,,2024-04-18,4.17,80990.37768817204,101013.0,-0.6408162377577172,0.0065300658450057865,-603.8938172043011,4.29,-0.1200000000000001,18.19049822562721,METC,167.0,33466.87,0.024691358024691357,0.45987654320987653,,,,,,,,,unavailable,unavailable,,unavailable,,unavailable,,unavailable,,unavailable,,unavailable,,unavailable,,unavailable,,unavailable,,unavailable,,unavailable,,unavailable,,unavailable,,unavailable,,unavailable,,unavailable,,unavailable,,unavailable,,unavailable,,unavailable,,unavailable,,unavailable,,unavailable,,unavailable
P::J3685,2026-03-01,2026-03-01,MISO,J3685,22.439425051334702,4.61512051684126,solar,0,IL,,0,0.0,,,187.0,35350.11,0.0,0.0,62549.18,1202,238194.56,1.8699520876112252,Study Not Started,NRIS,100.0,17149,,,4HULL 4MEPPEN T 138 0KV,30.343511450381676,14342.0,1.0,,0,0,0,1,0,0.0,,2024-04-17,4.17,80990.37768817204,101013.0,-0.6408162377577172,0.0065300658450057865,-603.8938172043011,4.29,-0.1200000000000001,18.19049822562721,AMEREN ILLINOIS,221.0,41217.38,0.07429718875502007,0.4779116465863454,,,,,,,,,unavailable,unavailable,,unavailable,,unavailable,,unavailable,,unavailable,,unavailable,,unavailable,,unavailable,,unavailable,,unavailable,,unavailable,,unavailable,,unavailable,,unavailable,,unavailable,,unavailable,,unavailable,,unavailable,,unavailable,,unavailable,,unavailable,,unavailable,,unavailable,,unavailable
P::J3686,2026-03-01,2026-03-01,MISO,J3686,22.439425051334702,5.25227342804663,solar,0,IL,,0,0.0,,,187.0,35260.11,0.0,0.0,62459.18,1202,238194.56,1.8699520876112252,Study Not Started,NRIS,190.0,17021,,,4AUSTIN 4TAYLORVL 138 0KV,54.039440203562336,33228.0,1.0,,0,0,0,1,0,0.0,,2024-04-17,4.17,80990.37768817204,101013.0,-0.6408162377577172,0.0065300658450057865,-603.8938172043011,4.29,-0.1200000000000001,18.19049822562721,AMEREN ILLINOIS,221.0,41217.38,0.07429718875502007,0.4779116465863454,,,,,,,,,unavailable,unavailable,,unavailable,,unavailable,,unavailable,,unavailable,,unavailable,,unavailable,,unavailable,,unavailable,,unavailable,,unavailable,,unavailable,,unavailable,,unavailable,,unavailable,,unavailable,,unavailable,,unavailable,,unavailable,,unavailable,,unavailable,,unavailable,,unavailable,,unavailable
P::J3687,2026-03-01,2026-03-01,MISO,J3687,22.472279260780287,4.736198448394496,solar,0,IL,,0,0.0,,0.16427104722792607,187.0,35337.11,0.0,0.0,62536.18,1202,238194.56,1.8726899383983573,Study Not Started,NRIS,113.0,17051,,,4OTEGO 4KINMUNDY 138 0KV,48.75954198473282,21164.0,1.0,,0,0,0,1,0,0.0,,2024-04-16,4.17,80990.37768817204,101013.0,-0.6408162377577172,0.0065300658450057865,-603.8938172043011,4.29,-0.1200000000000001,18.19049822562721,AMEREN ILLINOIS,221.0,41217.38,0.07429718875502007,0.4779116465863454,,,,,,,,,unavailable,unavailable,,unavailable,,unavailable,,unavailable,,unavailable,,unavailable,,unavailable,,unavailable,,unavailable,,unavailable,,unavailable,,unavailable,,unavailable,,unavailable,,unavailable,,unavailable,,unavailable,,unavailable,,unavailable,,unavailable,,unavailable,,unavailable,,unavailable,,unavailable
P::J3688,2026-03-01,2026-03-01,MISO,J3688,22.439425051334702,4.61512051684126,battery,0,IN,,0,-33.333333333333336,,0.0,89.0,18591.7,0.0,0.0,44230.42,1202,238194.56,1.8699520876112252,Study Not Started,NRIS,100.0,18181,,,LUSE ROAD SUBSTATION,38.51781170483461,24917.0,1.0,,0,0,0,,0,0.0,,2024-04-17,4.17,80990.37768817204,101013.0,-0.6408162377577172,0.0065300658450057865,-603.8938172043011,4.29,-0.1200000000000001,18.19049822562721,NORTHERN INDIANA PUBLIC SERVICE,53.0,9697.23,0.09701492537313433,0.5074626865671642,,,,,,,,,unavailable,unavailable,,unavailable,,unavailable,,unavailable,,unavailable,,unavailable,,unavailable,,unavailable,,unavailable,,unavailable,,unavailable,,unavailable,,unavailable,,unavailable,,unavailable,,unavailable,,unavailable,,unavailable,,unavailable,,unavailable,,unavailable,,unavailable,,unavailable,,unavailable
P::J3691,2026-03-01,2026-03-01,MISO,J3691,22.406570841889117,5.303304908059076,battery,0,IN,,0,0.0,,,89.0,18491.7,1.0,120.0,44130.42,1202,238194.56,1.8672142368240932,Study Not Started,NRIS,200.0,18181,,,REYNOLDS,38.51781170483461,24917.0,1.0,,0,0,0,,1,120.0,,2024-04-18,4.17,80990.37768817204,101013.0,-0.6408162377577172,0.0065300658450057865,-603.8938172043011,4.29,-0.1200000000000001,18.19049822562721,NORTHERN INDIANA PUBLIC SERVICE,53.0,9697.23,0.09701492537313433,0.5074626865671642,,,,,,,,,unavailable,unavailable,,unavailable,,unavailable,,unavailable,,unavailable,,unavailable,,unavailable,,unavailable,,unavailable,,unavailable,,unavailable,,unavailable,,unavailable,,unavailable,,unavailable,,unavailable,,unavailable,,unavailable,,unavailable,,unavailable,,unavailable,,unavailable,,unavailable,,unavailable
P::J3695,2026-03-01,2026-03-01,MISO,J3695,22.406570841889117,5.017279836814924,battery,0,IL,,0,0.0,,,187.0,35300.11,0.0,0.0,44180.42,1202,238194.56,1.8672142368240932,Study Not Started,NRIS,150.0,17023,,,7CASEY 7SNYDER 345 0KV,27.32188295165394,15088.0,1.0,,0,0,0,1,0,0.0,,2024-04-18,4.17,80990.37768817204,101013.0,-0.6408162377577172,0.0065300658450057865,-603.8938172043011,4.29,-0.1200000000000001,18.19049822562721,AMEREN ILLINOIS,221.0,41217.38,0.07429718875502007,0.4779116465863454,,,,,,,,,unavailable,unavailable,,unavailable,,unavailable,,unavailable,,unavailable,,unavailable,,unavailable,,unavailable,,unavailable,,unavailable,,unavailable,,unavailable,,unavailable,,unavailable,,unavailable,,unavailable,,unavailable,,unavailable,,unavailable,,unavailable,,unavailable,,unavailable,,unavailable,,unavailable
P::J3696,2026-03-01,2026-03-01,MISO,J3696,22.50513347022587,5.420534999272286,battery,0,MI,,0,0.0,,,174.0,34268.09,0.0,0.0,44105.42,1202,238194.56,1.8754277891854894,Study Not Started,NRIS,225.0,26117,,,NELSON ROAD VERGENNES 345 0KV,56.87022900763359,68154.0,0.0,,0,0,0,,0,0.0,,2024-04-15,4.17,80990.37768817204,101013.0,-0.6408162377577172,0.0065300658450057865,-603.8938172043011,4.29,-0.1200000000000001,18.19049822562721,METC,167.0,33466.87,0.024691358024691357,0.45987654320987653,,,,,,,,,unavailable,unavailable,,unavailable,,unavailable,,unavailable,,unavailable,,unavailable,,unavailable,,unavailable,,unavailable,,unavailable,,unavailable,,unavailable,,unavailable,,unavailable,,unavailable,,unavailable,,unavailable,,unavailable,,unavailable,,unavailable,,unavailable,,unavailable,,unavailable,,unavailable
P::J3699,2026-03-01,2026-03-01,MISO,J3699,22.406570841889117,5.707110264748875,wind_onshore,0,IL,,0,0.0,,,187.0,35150.11,0.0,0.0,26881.11,1202,238194.56,1.8672142368240932,Study Not Started,NRIS,300.0,17073,,,SUB 39 OAK GROVE 345 0KV,57.09287531806616,48448.0,1.0,,0,0,0,,0,0.0,,2024-04-18,4.17,80990.37768817204,101013.0,-0.6408162377577172,0.0065300658450057865,-603.8938172043011,4.29,-0.1200000000000001,18.19049822562721,MIDAMERICAN ENERGY,45.0,8895.24,0.18652849740932642,0.5803108808290155,,,,,,,,,unavailable,unavailable,,unavailable,,unavailable,,unavailable,,unavailable,,unavailable,,unavailable,,unavailable,,unavailable,,unavailable,,unavailable,,unavailable,,unavailable,,unavailable,,unavailable,,unavailable,,unavailable,,unavailable,,unavailable,,unavailable,,unavailable,,unavailable,,unavailable,,unavailable
P::J3701,2026-03-01,2026-03-01,MISO,J3701,22.406570841889117,5.993961427306569,wind_onshore,0,IA,,0,0.0,,,71.0,14229.54,1.0,263.0,26781.11,1202,238194.56,1.8672142368240932,Study Not Started,ERIS,400.0,19173,,,ORIENT NORTHBORO 345 0KV,38.48600508905852,5924.0,1.0,,0,0,0,,1,263.0,,2024-04-18,4.17,80990.37768817204,101013.0,-0.6408162377577172,0.0065300658450057865,-603.8938172043011,4.29,-0.1200000000000001,18.19049822562721,MIDAMERICAN ENERGY,45.0,8895.24,0.18652849740932642,0.5803108808290155,,,,,,,,,unavailable,unavailable,,unavailable,,unavailable,,unavailable,,unavailable,,unavailable,,unavailable,,unavailable,,unavailable,,unavailable,,unavailable,,unavailable,,unavailable,,unavailable,,unavailable,,unavailable,,unavailable,,unavailable,,unavailable,,unavailable,,unavailable,,unavailable,,unavailable,,unavailable
P::J3702,2026-03-01,2026-03-01,MISO,J3702,23.129363449691994,5.198497031265826,wind_onshore,0,IA,,0,0.0,,,71.0,14449.54,3.0,700.0,27001.11,1202,238194.56,1.9274469541409993,Study Not Started,NRIS,180.0,19131,,,ADAMS,37.69083969465649,10518.0,1.0,,0,0,0,,3,700.0,,2024-03-27,4.17,80990.37768817204,101013.0,-0.6408162377577172,0.0065300658450057865,-603.8938172043011,4.09,0.08000000000000007,18.19049822562721,NORTHERN STATES POWER,72.0,15117.65,0.006134969325153374,0.5460122699386503,,,,,,,,,unavailable,unavailable,,unavailable,,unavailable,,unavailable,,unavailable,,unavailable,,unavailable,,unavailable,,unavailable,,unavailable,,unavailable,,unavailable,,unavailable,,unavailable,,unavailable,,unavailable,,unavailable,,unavailable,,unavailable,,unavailable,,unavailable,,unavailable,,unavailable,,unavailable
P::J3703,2026-03-01,2026-03-01,MISO,J3703,23.195071868583163,5.303304908059076,battery,0,MN,,0,0.0,,,98.0,18201.9,0.0,0.0,44130.42,1202,238194.56,1.9329226557152634,Study Not Started,NRIS,200.0,27061,,,BLACKBERRY 230 115KV,76.7175572519084,45365.0,1.0,,0,0,0,1,0,0.0,,2024-03-25,4.17,80990.37768817204,101013.0,-0.6408162377577172,0.0065300658450057865,-603.8938172043011,4.09,0.08000000000000007,18.19049822562721,MINNESOTA POWER,11.0,1852.6,0.0,0.56,,,,,,,,,unavailable,unavailable,,unavailable,,unavailable,,unavailable,,unavailable,,unavailable,,unavailable,,unavailable,,unavailable,,unavailable,,unavailable,,unavailable,,unavailable,,unavailable,,unavailable,,unavailable,,unavailable,,unavailable,,unavailable,,unavailable,,unavailable,,unavailable,,unavailable,,unavailable
P::J3704,2026-03-01,2026-03-01,MISO,J3704,22.472279260780287,5.303304908059076,battery,0,MN,,0,0.0,,,98.0,18201.9,6.0,1556.47,44130.42,1202,238194.56,1.8726899383983573,Study Not Started,NRIS,200.0,27127,,,CEDAR MOUNTAIN LYON COUNTY 345 0KV,35.05089058524173,15288.0,1.0,,0,0,0,,6,1556.47,,2024-04-16,4.17,80990.37768817204,101013.0,-0.6408162377577172,0.0065300658450057865,-603.8938172043011,4.29,-0.1200000000000001,18.19049822562721,GREAT RIVER ENERGY,25.0,5005.92,0.11940298507462686,0.6940298507462687,,,,,,,,,unavailable,unavailable,,unavailable,,unavailable,,unavailable,,unavailable,,unavailable,,unavailable,,unavailable,,unavailable,,unavailable,,unavailable,,unavailable,,unavailable,,unavailable,,unavailable,,unavailable,,unavailable,,unavailable,,unavailable,,unavailable,,unavailable,,unavailable,,unavailable,,unavailable
P::J3712,2026-03-01,2026-03-01,MISO,J3712,22.406570841889117,5.860786223465865,wind_onshore,0,IL,,0,-12.5,,0.0,187.0,35100.11,5.0,1300.0,26831.11,1202,238194.56,1.8672142368240932,Study Not Started,NRIS,350.0,17143,,,7FARGO 7SANDBURG 345 0KV,90.68066157760815,177513.0,0.0,,0,0,0,1,5,1300.0,,2024-04-18,4.17,80990.37768817204,101013.0,-0.6408162377577172,0.0065300658450057865,-603.8938172043011,4.29,-0.1200000000000001,18.19049822562721,AMEREN ILLINOIS,221.0,41217.38,0.07429718875502007,0.4779116465863454,,,,,,,,,unavailable,unavailable,,unavailable,,unavailable,,unavailable,,unavailable,,unavailable,,unavailable,,unavailable,,unavailable,,unavailable,,unavailable,,unavailable,,unavailable,,unavailable,,unavailable,,unavailable,,unavailable,,unavailable,,unavailable,,unavailable,,unavailable,,unavailable,,unavailable,,unavailable
P::J3713,2026-03-01,2026-03-01,MISO,J3713,22.406570841889117,5.303304908059076,wind_onshore,0,IA,,0,0.0,,,71.0,14429.54,0.0,0.0,26981.11,1202,238194.56,1.8672142368240932,Study Not Started,ERIS,200.0,19179,,,OTTUMWA GENERATION WOODY 161KV,65.33078880407125,35166.0,1.0,,0,0,0,,0,0.0,,2024-04-18,4.17,80990.37768817204,101013.0,-0.6408162377577172,0.0065300658450057865,-603.8938172043011,4.29,-0.1200000000000001,18.19049822562721,ITC MIDWEST,87.0,14086.3,0.18114143920595532,0.6029776674937966,,,,,,,,,unavailable,unavailable,,unavailable,,unavailable,,unavailable,,unavailable,,unavailable,,unavailable,,unavailable,,unavailable,,unavailable,,unavailable,,unavailable,,unavailable,,unavailable,,unavailable,,unavailable,,unavailable,,unavailable,,unavailable,,unavailable,,unavailable,,unavailable,,unavailable,,unavailable
P::J3719,2026-03-01,2026-03-01,MISO,J3719,23.359342915811087,5.303304908059076,solar,0,IN,,0,0.0,,,89.0,18491.7,1.0,130.0,62449.18,1202,238194.56,1.946611909650924,Study Not Started,NRIS,200.0,18103,,,GREENTOWN WALTON 230 0KV,52.79898218829516,35402.0,1.0,,0,0,0,1,1,130.0,,2024-03-20,4.17,80990.37768817204,101013.0,-0.6408162377577172,0.0065300658450057865,-603.8938172043011,4.09,0.08000000000000007,18.19049822562721,DUKE ENERGY INDIANA,58.0,11347.82,0.004608294930875576,0.728110599078341,,,,,,,,,unavailable,unavailable,,unavailable,,unavailable,,unavailable,,unavailable,,unavailable,,unavailable,,unavailable,,unavailable,,unavailable,,unavailable,,unavailable,,unavailable,,unavailable,,unavailable,,unavailable,,unavailable,,unavailable,,unavailable,,unavailable,,unavailable,,unavailable,,unavailable,,unavailable
P::J3722,2026-03-01,2026-03-01,MISO,J3722,23.129363449691994,5.017279836814924,solar,0,MI,,0,0.0,,,174.0,34343.09,2.0,180.0,62499.18,1202,238194.56,1.9274469541409993,Study Not Started,NRIS,150.0,26059,,,COLDWATER MOORE ROAD 138 0KV,49.968193384223916,45587.0,1.0,,0,0,0,1,2,180.0,,2024-03-27,4.17,80990.37768817204,101013.0,-0.6408162377577172,0.0065300658450057865,-603.8938172043011,4.09,0.08000000000000007,18.19049822562721,METC,167.0,33466.87,0.024691358024691357,0.45987654320987653,,,,,,,,,unavailable,unavailable,,unavailable,,unavailable,,unavailable,,unavailable,,unavailable,,unavailable,,unavailable,,unavailable,,unavailable,,unavailable,,unavailable,,unavailable,,unavailable,,unavailable,,unavailable,,unavailable,,unavailable,,unavailable,,unavailable,,unavailable,,unavailable,,unavailable,,unavailable
P::J3723,2026-03-01,2026-03-01,MISO,J3723,22.50513347022587,5.707110264748875,solar,0,MI,,0,0.0,,,174.0,34193.09,0.0,0.0,62349.18,1202,238194.56,1.8754277891854894,Study Not Started,NRIS,300.0,26165,,,KEYSTONE LUDINGTON 345 0KV,33.9058524173028,34122.0,1.0,,0,0,0,1,0,0.0,,2024-04-15,4.17,80990.37768817204,101013.0,-0.6408162377577172,0.0065300658450057865,-603.8938172043011,4.29,-0.1200000000000001,18.19049822562721,METC,167.0,33466.87,0.024691358024691357,0.45987654320987653,,,,,,,,,unavailable,unavailable,,unavailable,,unavailable,,unavailable,,unavailable,,unavailable,,unavailable,,unavailable,,unavailable,,unavailable,,unavailable,,unavailable,,unavailable,,unavailable,,unavailable,,unavailable,,unavailable,,unavailable,,unavailable,,unavailable,,unavailable,,unavailable,,unavailable,,unavailable
P::J3724,2026-03-01,2026-03-01,MISO,J3724,22.472279260780287,4.890349128221754,solar,0,IN,,0,0.0,,,89.0,18559.7,1.0,365.0,62517.18,1202,238194.56,1.8726899383983573,Study Not Started,NRIS,132.0,18167,,,SANDFORD,83.20610687022901,106153.0,0.0,,0,0,0,1,1,365.0,,2024-04-16,4.17,80990.37768817204,101013.0,-0.6408162377577172,0.0065300658450057865,-603.8938172043011,4.29,-0.1200000000000001,18.19049822562721,DUKE ENERGY INDIANA,58.0,11347.82,0.004608294930875576,0.728110599078341,,,,,,,,,unavailable,unavailable,,unavailable,,unavailable,,unavailable,,unavailable,,unavailable,,unavailable,,unavailable,,unavailable,,unavailable,,unavailable,,unavailable,,unavailable,,unavailable,,unavailable,,unavailable,,unavailable,,unavailable,,unavailable,,unavailable,,unavailable,,unavailable,,unavailable,,unavailable
P::J3725,2026-03-01,2026-03-01,MISO,J3725,22.406570841889117,5.303304908059076,solar,0,IA,,0,0.0,,,71.0,14429.54,1.0,250.0,62449.18,1202,238194.56,1.8672142368240932,Study Not Started,NRIS,200.0,19115,,,SUB 93 LOUISA SUB T HASKINS 345 0KV,17.4618320610687,10513.0,1.0,,0,0,0,,1,250.0,,2024-04-18,4.17,80990.37768817204,101013.0,-0.6408162377577172,0.0065300658450057865,-603.8938172043011,4.29,-0.1200000000000001,18.19049822562721,MIDAMERICAN ENERGY,45.0,8895.24,0.18652849740932642,0.5803108808290155,,,,,,,,,unavailable,unavailable,,unavailable,,unavailable,,unavailable,,unavailable,,unavailable,,unavailable,,unavailable,,unavailable,,unavailable,,unavailable,,unavailable,,unavailable,,unavailable,,unavailable,,unavailable,,unavailable,,unavailable,,unavailable,,unavailable,,unavailable,,unavailable,,unavailable,,unavailable
P::J3727,2026-03-01,2026-03-01,MISO,J3727,22.472279260780287,5.420534999272286,battery,0,IL,,0,0.0,,,187.0,35225.11,0.0,0.0,44105.42,1202,238194.56,1.8726899383983573,Study Not Started,NRIS,225.0,17119,,,MISSISSIPPI,93.41603053435115,262752.0,0.0,,0,0,0,1,0,0.0,,2024-04-16,4.17,80990.37768817204,101013.0,-0.6408162377577172,0.0065300658450057865,-603.8938172043011,4.29,-0.1200000000000001,18.19049822562721,AMEREN ILLINOIS,221.0,41217.38,0.07429718875502007,0.4779116465863454,,,,,,,,,unavailable,unavailable,,unavailable,,unavailable,,unavailable,,unavailable,,unavailable,,unavailable,,unavailable,,unavailable,,unavailable,,unavailable,,unavailable,,unavailable,,unavailable,,unavailable,,unavailable,,unavailable,,unavailable,,unavailable,,unavailable,,unavailable,,unavailable,,unavailable,,unavailable
P::J3730,2026-03-01,2026-03-01,MISO,J3730,22.406570841889117,5.723585101952381,wind_onshore,0,IL,,0,-31.306306306306308,,0.0,187.0,35145.11,0.0,0.0,26876.11,1202,238194.56,1.8672142368240932,Study Not Started,ERIS,305.0,17117,,,MORO 345KV SUBSTATION,79.93002544529261,44018.0,1.0,,0,0,0,,0,0.0,,2024-04-18,4.17,80990.37768817204,101013.0,-0.6408162377577172,0.0065300658450057865,-603.8938172043011,4.29,-0.1200000000000001,18.19049822562721,AMEREN ILLINOIS,221.0,41217.38,0.07429718875502007,0.4779116465863454,,,,,,,,,unavailable,unavailable,,unavailable,,unavailable,,unavailable,,unavailable,,unavailable,,unavailable,,unavailable,,unavailable,,unavailable,,unavailable,,unavailable,,unavailable,,unavailable,,unavailable,,unavailable,,unavailable,,unavailable,,unavailable,,unavailable,,unavailable,,unavailable,,unavailable,,unavailable
P::J3731,2026-03-01,2026-03-01,MISO,J3731,22.439425051334702,5.081404364984463,solar,0,IN,,0,0.0,,,89.0,18531.7,0.0,0.0,62489.18,1202,238194.56,1.8699520876112252,Study Not Started,NRIS,160.0,18083,,,EDWARDSPORT VINCENNES 138 0KV,55.3117048346056,36070.0,1.0,,0,0,0,1,0,0.0,,2024-04-17,4.17,80990.37768817204,101013.0,-0.6408162377577172,0.0065300658450057865,-603.8938172043011,4.29,-0.1200000000000001,18.19049822562721,DUKE ENERGY INDIANA,58.0,11347.82,0.004608294930875576,0.728110599078341,,,,,,,,,unavailable,unavailable,,unavailable,,unavailable,,unavailable,,unavailable,,unavailable,,unavailable,,unavailable,,unavailable,,unavailable,,unavailable,,unavailable,,unavailable,,unavailable,,unavailable,,unavailable,,unavailable,,unavailable,,unavailable,,unavailable,,unavailable,,unavailable,,unavailable,,unavailable
P::J3732,2026-03-01,2026-03-01,MISO,J3732,22.50513347022587,5.170483995038151,other,0,IL,,0,0.0,,,187.0,35275.11,0.0,0.0,19788.7,1202,238194.56,1.8754277891854894,Study Not Started,NRIS,175.0,17165,,,NILES 138KV J1208 J1209 TO BE BUILT NEAR EXISTING HARCO TAP,70.13358778625954,22873.0,1.0,,0,0,0,1,0,0.0,,2024-04-15,4.17,80990.37768817204,101013.0,-0.6408162377577172,0.0065300658450057865,-603.8938172043011,4.29,-0.1200000000000001,18.19049822562721,AMEREN ILLINOIS,221.0,41217.38,0.07429718875502007,0.4779116465863454,,,,,,,,,unavailable,unavailable,,unavailable,,unavailable,,unavailable,,unavailable,,unavailable,,unavailable,,unavailable,,unavailable,,unavailable,,unavailable,,unavailable,,unavailable,,unavailable,,unavailable,,unavailable,,unavailable,,unavailable,,unavailable,,unavailable,,unavailable,,unavailable,,unavailable,,unavailable
P::J3735,2026-03-01,2026-03-01,MISO,J3735,22.833675564681723,4.61512051684126,battery,0,MI,,0,0.0,,,174.0,34393.09,0.0,0.0,44230.42,1202,238194.56,1.9028062970568105,Study Not Started,NRIS,100.0,26049,,,BEVERIDGE 138KV,92.17557251908397,401522.0,0.0,,0,0,0,,0,0.0,,2024-04-05,4.17,80990.37768817204,101013.0,-0.6408162377577172,0.0065300658450057865,-603.8938172043011,4.09,0.08000000000000007,18.19049822562721,METC,167.0,33466.87,0.024691358024691357,0.45987654320987653,,,,,,,,,unavailable,unavailable,,unavailable,,unavailable,,unavailable,,unavailable,,unavailable,,unavailable,,unavailable,,unavailable,,unavailable,,unavailable,,unavailable,,unavailable,,unavailable,,unavailable,,unavailable,,unavailable,,unavailable,,unavailable,,unavailable,,unavailable,,unavailable,,unavailable,,unavailable
P::J3736,2026-03-01,2026-03-01,MISO,J3736,22.439425051334702,4.61512051684126,battery,0,MO,,0,0.0,,,28.0,7718.43,0.0,0.0,44230.42,1202,238194.56,1.8699520876112252,Study Not Started,NRIS,100.0,29151,,,LOOSE CREEK,32.91984732824427,13468.0,1.0,,0,0,0,1,0,0.0,,2024-04-17,4.17,80990.37768817204,101013.0,-0.6408162377577172,0.0065300658450057865,-603.8938172043011,4.29,-0.1200000000000001,18.19049822562721,AMEREN MISSOURI,42.0,11977.23,0.041666666666666664,0.6,,,,,,,,,unavailable,unavailable,,unavailable,,unavailable,,unavailable,,unavailable,,unavailable,,unavailable,,unavailable,,unavailable,,unavailable,,unavailable,,unavailable,,unavailable,,unavailable,,unavailable,,unavailable,,unavailable,,unavailable,,unavailable,,unavailable,,unavailable,,unavailable,,unavailable,,unavailable
P::J3742,2026-03-01,2026-03-01,MISO,J3742,20.79671457905544,5.081404364984463,other,0,MN,,0,0.0,,,98.0,18241.9,0.0,0.0,19803.7,1202,238194.56,1.73305954825462,Study Not Started,NRIS,160.0,27111,,,WAHPETON FERGUS FALLS 230 0KV,79.38931297709924,60626.0,0.0,,0,0,0,1,0,0.0,,2024-06-06,4.17,80990.37768817204,101013.0,-0.6408162377577172,0.0065300658450057865,-603.8938172043011,4.47,-0.2999999999999998,18.19049822562721,GREAT RIVER ENERGY,25.0,5005.92,0.11940298507462686,0.6940298507462687,,,,,,,,,unavailable,unavailable,,unavailable,,unavailable,,unavailable,,unavailable,,unavailable,,unavailable,,unavailable,,unavailable,,unavailable,,unavailable,,unavailable,,unavailable,,unavailable,,unavailable,,unavailable,,unavailable,,unavailable,,unavailable,,unavailable,,unavailable,,unavailable,,unavailable,,unavailable
P::J3743,2026-03-01,2026-03-01,MISO,J3743,22.60369609856263,5.173320876373351,wind_onshore,0,MI,,0,0.0,,,174.0,34317.59,0.0,0.0,27005.61,1202,238194.56,1.8836413415468858,Study Not Started,NRIS,175.5,26157,,,ARROWHEAD,73.05979643765903,52826.0,0.0,,0,0,0,1,0,0.0,,2024-04-12,4.17,80990.37768817204,101013.0,-0.6408162377577172,0.0065300658450057865,-603.8938172043011,4.29,-0.1200000000000001,18.19049822562721,ITC,83.0,19624.149999999998,0.0,0.27586206896551724,,,,,,,,,unavailable,unavailable,,unavailable,,unavailable,,unavailable,,unavailable,,unavailable,,unavailable,,unavailable,,unavailable,,unavailable,,unavailable,,unavailable,,unavailable,,unavailable,,unavailable,,unavailable,,unavailable,,unavailable,,unavailable,,unavailable,,unavailable,,unavailable,,unavailable,,unavailable
P::J3745,2026-03-01,2026-03-01,MISO,J3745,22.50513347022587,5.017279836814924,other,0,IN,,0,0.0,,,89.0,18541.7,0.0,0.0,19813.7,1202,238194.56,1.8754277891854894,Study Not Started,NRIS,150.0,18029,,,SUNMAN WEISBURG,45.229007633587784,51215.0,0.0,,0,0,0,1,0,0.0,,2024-04-15,4.17,80990.37768817204,101013.0,-0.6408162377577172,0.0065300658450057865,-603.8938172043011,4.29,-0.1200000000000001,18.19049822562721,DUKE ENERGY INDIANA,58.0,11347.82,0.004608294930875576,0.728110599078341,,,,,,,,,unavailable,unavailable,,unavailable,,unavailable,,unavailable,,unavailable,,unavailable,,unavailable,,unavailable,,unavailable,,unavailable,,unavailable,,unavailable,,unavailable,,unavailable,,unavailable,,unavailable,,unavailable,,unavailable,,unavailable,,unavailable,,unavailable,,unavailable,,unavailable,,unavailable
P::J3749,2026-03-01,2026-03-01,MISO,J3749,22.636550308008214,5.303304908059076,wind_onshore,0,MN,,0,0.0,,,98.0,18201.9,0.0,0.0,26981.11,1202,238194.56,1.8863791923340179,Study Not Started,NRIS,200.0,27083,,,LYON COUNTY,43.47964376590331,25427.0,1.0,,0,0,0,,0,0.0,,2024-04-11,4.17,80990.37768817204,101013.0,-0.6408162377577172,0.0065300658450057865,-603.8938172043011,4.29,-0.1200000000000001,18.19049822562721,NORTHERN STATES POWER,72.0,15117.65,0.006134969325153374,0.5460122699386503,,,,,,,,,unavailable,unavailable,,unavailable,,unavailable,,unavailable,,unavailable,,unavailable,,unavailable,,unavailable,,unavailable,,unavailable,,unavailable,,unavailable,,unavailable,,unavailable,,unavailable,,unavailable,,unavailable,,unavailable,,unavailable,,unavailable,,unavailable,,unavailable,,unavailable,,unavailable
P::J3750,2026-03-01,2026-03-01,MISO,J3750,22.406570841889117,5.5254529391317835,wind_onshore,0,IL,,0,0.0,,,187.0,35200.11,1.0,195.64,26931.11,1202,238194.56,1.8672142368240932,Study Not Started,NRIS,250.0,17131,,,OAK GROVE SANDBURG AMRN 345 0KV,8.778625954198473,15487.0,1.0,,0,0,0,,1,195.64,,2024-04-18,4.17,80990.37768817204,101013.0,-0.6408162377577172,0.0065300658450057865,-603.8938172043011,4.29,-0.1200000000000001,18.19049822562721,AMEREN ILLINOIS,221.0,41217.38,0.07429718875502007,0.4779116465863454,,,,,,,,,unavailable,unavailable,,unavailable,,unavailable,,unavailable,,unavailable,,unavailable,,unavailable,,unavailable,,unavailable,,unavailable,,unavailable,,unavailable,,unavailable,,unavailable,,unavailable,,unavailable,,unavailable,,unavailable,,unavailable,,unavailable,,unavailable,,unavailable,,unavailable,,unavailable
P::J3753,2026-03-01,2026-03-01,MISO,J3753,22.406570841889117,5.280916851867869,wind_onshore,0,IL,,0,0.0,,,187.0,35254.56,43.0,12846.32,26985.56,1202,238194.56,1.8672142368240932,Study Not Started,NRIS,195.55,17075,,,OTHER_,73.95038167938931,26136.0,1.0,,0,0,0,1,43,12846.32,,2024-04-18,4.17,80990.37768817204,101013.0,-0.6408162377577172,0.0065300658450057865,-603.8938172043011,4.29,-0.1200000000000001,18.19049822562721,AMEREN ILLINOIS,221.0,41217.38,0.07429718875502007,0.4779116465863454,,,,,,,,,unavailable,unavailable,,unavailable,,unavailable,,unavailable,,unavailable,,unavailable,,unavailable,,unavailable,,unavailable,,unavailable,,unavailable,,unavailable,,unavailable,,unavailable,,unavailable,,unavailable,,unavailable,,unavailable,,unavailable,,unavailable,,unavailable,,unavailable,,unavailable,,unavailable
P::J3754,2026-03-01,2026-03-01,MISO,J3754,22.406570841889117,4.994912333631019,wind_onshore,0,IL,,0,0.0,,,187.0,35303.45,43.0,12895.21,27034.45,1202,238194.56,1.8672142368240932,Study Not Started,NRIS,146.66,17075,,,OTHER_,73.95038167938931,26136.0,1.0,,0,0,0,1,43,12895.21,,2024-04-18,4.17,80990.37768817204,101013.0,-0.6408162377577172,0.0065300658450057865,-603.8938172043011,4.29,-0.1200000000000001,18.19049822562721,AMEREN ILLINOIS,221.0,41217.38,0.07429718875502007,0.4779116465863454,,,,,,,,,unavailable,unavailable,,unavailable,,unavailable,,unavailable,,unavailable,,unavailable,,unavailable,,unavailable,,unavailable,,unavailable,,unavailable,,unavailable,,unavailable,,unavailable,,unavailable,,unavailable,,unavailable,,unavailable,,unavailable,,unavailable,,unavailable,,unavailable,,unavailable,,unavailable
P::J3755,2026-03-01,2026-03-01,MISO,J3755,22.406570841889117,4.994912333631019,wind_onshore,0,IL,,0,0.0,,,187.0,35303.45,43.0,12895.21,27034.45,1202,238194.56,1.8672142368240932,Study Not Started,NRIS,146.66,17075,,,OTHER_,73.95038167938931,26136.0,1.0,,0,0,0,1,43,12895.21,,2024-04-18,4.17,80990.37768817204,101013.0,-0.6408162377577172,0.0065300658450057865,-603.8938172043011,4.29,-0.1200000000000001,18.19049822562721,AMEREN ILLINOIS,221.0,41217.38,0.07429718875502007,0.4779116465863454,,,,,,,,,unavailable,unavailable,,unavailable,,unavailable,,unavailable,,unavailable,,unavailable,,unavailable,,unavailable,,unavailable,,unavailable,,unavailable,,unavailable,,unavailable,,unavailable,,unavailable,,unavailable,,unavailable,,unavailable,,unavailable,,unavailable,,unavailable,,unavailable,,unavailable,,unavailable
P::J3756,2026-03-01,2026-03-01,MISO,J3756,22.439425051334702,1.6486586255873816,natural_gas,0,MI,,0,0.0,,,174.0,34488.89,0.0,0.0,26878.8,1202,238194.56,1.8699520876112252,Study Not Started,NRIS,4.2,26103,,,HURON,69.78371501272265,66999.0,0.0,,0,0,0,1,0,0.0,,2024-04-17,4.17,80990.37768817204,101013.0,-0.6408162377577172,0.0065300658450057865,-603.8938172043011,4.29,-0.1200000000000001,18.19049822562721,AMERICAN TRANSMISSION,110.0,22126.63,0.09090909090909091,0.6181818181818182,,,,,,,,,unavailable,unavailable,,unavailable,,unavailable,,unavailable,,unavailable,,unavailable,,unavailable,,unavailable,,unavailable,,unavailable,,unavailable,,unavailable,,unavailable,,unavailable,,unavailable,,unavailable,,unavailable,,unavailable,,unavailable,,unavailable,,unavailable,,unavailable,,unavailable,,unavailable
P::J3758,2026-03-01,2026-03-01,MISO,J3758,22.406570841889117,5.707110264748875,solar,0,MO,,0,0.0,,,28.0,7518.43,43.0,12741.869999999999,62349.18,1202,238194.56,1.8672142368240932,Study Not Started,NRIS,300.0,29121,,,OTHER_,36.76844783715013,15161.0,1.0,,0,0,0,,43,12741.869999999999,,2024-04-18,4.17,80990.37768817204,101013.0,-0.6408162377577172,0.0065300658450057865,-603.8938172043011,4.29,-0.1200000000000001,18.19049822562721,AMEREN ILLINOIS,221.0,41217.38,0.07429718875502007,0.4779116465863454,,,,,,,,,unavailable,unavailable,,unavailable,,unavailable,,unavailable,,unavailable,,unavailable,,unavailable,,unavailable,,unavailable,,unavailable,,unavailable,,unavailable,,unavailable,,unavailable,,unavailable,,unavailable,,unavailable,,unavailable,,unavailable,,unavailable,,unavailable,,unavailable,,unavailable,,unavailable
P::J3761,2026-03-01,2026-03-01,MISO,J3761,22.833675564681723,4.9890711161804155,solar,0,MI,,0,0.0,,,174.0,34347.28999999999,1.0,290.0,62503.38,1202,238194.56,1.9028062970568105,Study Not Started,NRIS,145.8,26129,,,GALLAGHER TWINING 138 0KV,36.959287531806616,20990.0,1.0,,0,0,0,1,1,290.0,,2024-04-05,4.17,80990.37768817204,101013.0,-0.6408162377577172,0.0065300658450057865,-603.8938172043011,4.09,0.08000000000000007,18.19049822562721,METC,167.0,33466.87,0.024691358024691357,0.45987654320987653,,,,,,,,,unavailable,unavailable,,unavailable,,unavailable,,unavailable,,unavailable,,unavailable,,unavailable,,unavailable,,unavailable,,unavailable,,unavailable,,unavailable,,unavailable,,unavailable,,unavailable,,unavailable,,unavailable,,unavailable,,unavailable,,unavailable,,unavailable,,unavailable,,unavailable,,unavailable
P::J3762,2026-03-01,2026-03-01,MISO,J3762,22.406570841889117,6.066108090103747,solar,0,MN,,0,0.0,,,98.0,17971.9,3.0,690.0,62219.18,1202,238194.56,1.8672142368240932,Study Not Started,NRIS,430.0,27027,,,ALEXANDRIA BISON 345 0KV,73.66412213740458,66258.0,0.0,,0,0,0,,3,690.0,,2024-04-18,4.17,80990.37768817204,101013.0,-0.6408162377577172,0.0065300658450057865,-603.8938172043011,4.29,-0.1200000000000001,18.19049822562721,GREAT RIVER ENERGY,25.0,5005.92,0.11940298507462686,0.6940298507462687,,,,,,,,,unavailable,unavailable,,unavailable,,unavailable,,unavailable,,unavailable,,unavailable,,unavailable,,unavailable,,unavailable,,unavailable,,unavailable,,unavailable,,unavailable,,unavailable,,unavailable,,unavailable,,unavailable,,unavailable,,unavailable,,unavailable,,unavailable,,unavailable,,unavailable,,unavailable
P::J3763,2026-03-01,2026-03-01,MISO,J3763,22.406570841889117,2.1400661634962708,other,0,MI,,0,0.0,,,174.0,34485.59,0.0,0.0,19956.2,1202,238194.56,1.8672142368240932,Study Not Started,NRIS,7.5,26163,,,DBGEN GIS,98.95038167938931,1751169.0,0.0,,0,0,0,1,0,0.0,,2024-04-18,4.17,80990.37768817204,101013.0,-0.6408162377577172,0.0065300658450057865,-603.8938172043011,4.29,-0.1200000000000001,18.19049822562721,ITC,83.0,19624.149999999998,0.0,0.27586206896551724,,,,,,,,,unavailable,unavailable,,unavailable,,unavailable,,unavailable,,unavailable,,unavailable,,unavailable,,unavailable,,unavailable,,unavailable,,unavailable,,unavailable,,unavailable,,unavailable,,unavailable,,unavailable,,unavailable,,unavailable,,unavailable,,unavailable,,unavailable,,unavailable,,unavailable,,unavailable
P::J3764,2026-03-01,2026-03-01,MISO,J3764,22.406570841889117,5.14166355650266,other,0,MS,,0,0.0,,,32.0,4811.6,0.0,0.0,19793.7,1202,238194.56,1.8672142368240932,Study Not Started,NRIS,170.0,28089,,,ANDES SUBSTATION 230KV,82.12468193384224,112511.0,0.0,,0,0,0,,0,0.0,,2024-04-18,4.17,80990.37768817204,101013.0,-0.6408162377577172,0.0065300658450057865,-603.8938172043011,4.29,-0.1200000000000001,18.19049822562721,ENTERGY MISSISSIPPI,51.0,10735.3,0.006172839506172839,0.6790123456790124,,,,,,,,,unavailable,unavailable,,unavailable,,unavailable,,unavailable,,unavailable,,unavailable,,unavailable,,unavailable,,unavailable,,unavailable,,unavailable,,unavailable,,unavailable,,unavailable,,unavailable,,unavailable,,unavailable,,unavailable,,unavailable,,unavailable,,unavailable,,unavailable,,unavailable,,unavailable
P::J3776,2026-03-01,2026-03-01,MISO,J3776,22.406570841889117,5.017279836814924,battery,0,MI,,0,0.0,,,174.0,34343.09,0.0,0.0,44180.42,1202,238194.56,1.8672142368240932,Study Not Started,NRIS,150.0,26111,,,TITTABAWASSEE,71.94656488549617,84039.0,0.0,,0,0,0,,0,0.0,,2024-04-18,4.17,80990.37768817204,101013.0,-0.6408162377577172,0.0065300658450057865,-603.8938172043011,4.29,-0.1200000000000001,18.19049822562721,METC,167.0,33466.87,0.024691358024691357,0.45987654320987653,,,,,,,,,unavailable,unavailable,,unavailable,,unavailable,,unavailable,,unavailable,,unavailable,,unavailable,,unavailable,,unavailable,,unavailable,,unavailable,,unavailable,,unavailable,,unavailable,,unavailable,,unavailable,,unavailable,,unavailable,,unavailable,,unavailable,,unavailable,,unavailable,,unavailable,,unavailable
P::J3777,2026-03-01,2026-03-01,MISO,J3777,22.60369609856263,4.530446639792155,solar,0,MI,,0,0.0,,,174.0,34401.28999999999,0.0,0.0,62557.38,1202,238194.56,1.8836413415468858,Study Not Started,NRIS,91.8,26031,,,MC GULPIN RIGGSVILLE MILL CREEK 138 0KV,59.478371501272264,26048.0,1.0,,0,0,0,1,0,0.0,,2024-04-12,4.17,80990.37768817204,101013.0,-0.6408162377577172,0.0065300658450057865,-603.8938172043011,4.29,-0.1200000000000001,18.19049822562721,METC,167.0,33466.87,0.024691358024691357,0.45987654320987653,,,,,,,,,unavailable,unavailable,,unavailable,,unavailable,,unavailable,,unavailable,,unavailable,,unavailable,,unavailable,,unavailable,,unavailable,,unavailable,,unavailable,,unavailable,,unavailable,,unavailable,,unavailable,,unavailable,,unavailable,,unavailable,,unavailable,,unavailable,,unavailable,,unavailable,,unavailable
P::J3780,2026-03-01,2026-03-01,MISO,J3780,22.406570841889117,5.327876168789581,battery,0,IA,,0,2.5,,0.0,71.0,14424.54,0.0,0.0,44125.42,1202,238194.56,1.8672142368240932,Study Not Started,NRIS,205.0,19019,,,HAZLETON,24.045801526717558,20691.0,1.0,,0,0,0,,0,0.0,,2024-04-18,4.17,80990.37768817204,101013.0,-0.6408162377577172,0.0065300658450057865,-603.8938172043011,4.29,-0.1200000000000001,18.19049822562721,ITC MIDWEST,87.0,14086.3,0.18114143920595532,0.6029776674937966,,,,,,,,,unavailable,unavailable,,unavailable,,unavailable,,unavailable,,unavailable,,unavailable,,unavailable,,unavailable,,unavailable,,unavailable,,unavailable,,unavailable,,unavailable,,unavailable,,unavailable,,unavailable,,unavailable,,unavailable,,unavailable,,unavailable,,unavailable,,unavailable,,unavailable,,unavailable
P::J3781,2026-03-01,2026-03-01,MISO,J3781,22.406570841889117,5.017279836814924,solar,0,LA,,0,0.0,,,59.0,13169.51,0.0,0.0,62499.18,1202,238194.56,1.8672142368240932,Study Not Started,NRIS,150.0,22053,,,HEBERT SLEMCO HENNING 138 0KV,74.33206106870229,31553.0,1.0,,0,0,0,1,0,0.0,,2024-04-18,4.17,80990.37768817204,101013.0,-0.6408162377577172,0.0065300658450057865,-603.8938172043011,4.29,-0.1200000000000001,18.19049822562721,ENTERGY LOUISIANA,85.0,23972.93,0.016,0.644,,,,,,,,,unavailable,unavailable,,unavailable,,unavailable,,unavailable,,unavailable,,unavailable,,unavailable,,unavailable,,unavailable,,unavailable,,unavailable,,unavailable,,unavailable,,unavailable,,unavailable,,unavailable,,unavailable,,unavailable,,unavailable,,unavailable,,unavailable,,unavailable,,unavailable,,unavailable
P::J3782,2026-03-01,2026-03-01,MISO,J3782,22.406570841889117,5.198497031265826,battery,0,MI,,0,0.0,,,174.0,34313.09,0.0,0.0,44150.42,1202,238194.56,1.8672142368240932,Study Not Started,NRIS,180.0,26145,,,18MURPHY,88.54961832061069,187782.0,0.0,,0,0,0,1,0,0.0,,2024-04-18,4.17,80990.37768817204,101013.0,-0.6408162377577172,0.0065300658450057865,-603.8938172043011,4.29,-0.1200000000000001,18.19049822562721,METC,167.0,33466.87,0.024691358024691357,0.45987654320987653,,,,,,,,,unavailable,unavailable,,unavailable,,unavailable,,unavailable,,unavailable,,unavailable,,unavailable,,unavailable,,unavailable,,unavailable,,unavailable,,unavailable,,unavailable,,unavailable,,unavailable,,unavailable,,unavailable,,unavailable,,unavailable,,unavailable,,unavailable,,unavailable,,unavailable,,unavailable
P::J3787,2026-03-01,2026-03-01,MISO,J3787,22.472279260780287,5.5134287461649825,solar,0,ND,,0,0.0,,,14.0,2378.0,0.0,0.0,62402.18,1202,238194.56,1.8726899383983573,Study Not Started,NRIS,247.0,38093,,,JAMESTOWN 345KV SUBSTATION,46.37404580152672,21392.0,1.0,,0,0,0,,0,0.0,,2024-04-16,4.17,80990.37768817204,101013.0,-0.6408162377577172,0.0065300658450057865,-603.8938172043011,4.29,-0.1200000000000001,18.19049822562721,OTTER TAIL POWER,25.0,4561.42,0.13259668508287292,0.7292817679558011,,,,,,,,,unavailable,unavailable,,unavailable,,unavailable,,unavailable,,unavailable,,unavailable,,unavailable,,unavailable,,unavailable,,unavailable,,unavailable,,unavailable,,unavailable,,unavailable,,unavailable,,unavailable,,unavailable,,unavailable,,unavailable,,unavailable,,unavailable,,unavailable,,unavailable,,unavailable
P::J3792,2026-03-01,2026-03-01,MISO,J3792,22.406570841889117,4.836281906951478,solar,0,MI,,0,0.0,,,174.0,34368.09,0.0,0.0,62524.18,1202,238194.56,1.8672142368240932,Study Not Started,ERIS,125.0,26057,,,ALMA VESTABURG 138 0KV,54.13486005089059,41368.0,1.0,,0,0,0,1,0,0.0,,2024-04-18,4.17,80990.37768817204,101013.0,-0.6408162377577172,0.0065300658450057865,-603.8938172043011,4.29,-0.1200000000000001,18.19049822562721,METC,167.0,33466.87,0.024691358024691357,0.45987654320987653,,,,,,,,,unavailable,unavailable,,unavailable,,unavailable,,unavailable,,unavailable,,unavailable,,unavailable,,unavailable,,unavailable,,unavailable,,unavailable,,unavailable,,unavailable,,unavailable,,unavailable,,unavailable,,unavailable,,unavailable,,unavailable,,unavailable,,unavailable,,unavailable,,unavailable,,unavailable
P::J3797,2026-03-01,2026-03-01,MISO,J3797,22.406570841889117,4.957445465582136,solar,0,IL,,0,0.0,,,187.0,35308.88,3.0,575.0,62507.95,1202,238194.56,1.8672142368240932,Study Not Started,NRIS,141.23,17045,,,7KANSAS 08SUGCRK 345 0KV,34.9236641221374,16334.0,1.0,,0,0,0,1,3,575.0,,2024-04-18,4.17,80990.37768817204,101013.0,-0.6408162377577172,0.0065300658450057865,-603.8938172043011,4.29,-0.1200000000000001,18.19049822562721,AMEREN TRANSMISSION OF ILLINOIS,38.0,9232.83,0.06578947368421052,0.4342105263157895,,,,,,,,,unavailable,unavailable,,unavailable,,unavailable,,unavailable,,unavailable,,unavailable,,unavailable,,unavailable,,unavailable,,unavailable,,unavailable,,unavailable,,unavailable,,unavailable,,unavailable,,unavailable,,unavailable,,unavailable,,unavailable,,unavailable,,unavailable,,unavailable,,unavailable,,unavailable
P::J3798,2026-03-01,2026-03-01,MISO,J3798,23.129363449691994,5.771441123130016,wind_onshore,0,IA,,0,0.0,,,71.0,14309.54,0.0,0.0,26861.11,1202,238194.56,1.9274469541409993,Study Not Started,NRIS,320.0,19189,,,BISON COLBY 345KV,30.661577608142494,10571.0,1.0,,0,0,0,,0,0.0,,2024-03-27,4.17,80990.37768817204,101013.0,-0.6408162377577172,0.0065300658450057865,-603.8938172043011,4.09,0.08000000000000007,18.19049822562721,ITC MIDWEST,87.0,14086.3,0.18114143920595532,0.6029776674937966,,,,,,,,,unavailable,unavailable,,unavailable,,unavailable,,unavailable,,unavailable,,unavailable,,unavailable,,unavailable,,unavailable,,unavailable,,unavailable,,unavailable,,unavailable,,unavailable,,unavailable,,unavailable,,unavailable,,unavailable,,unavailable,,unavailable,,unavailable,,unavailable,,unavailable,,unavailable
P::J3800,2026-03-01,2026-03-01,MISO,J3800,22.439425051334702,1.0296194171811583,natural_gas,0,MI,,0,0.0,,,174.0,34491.28999999999,0.0,0.0,26881.2,1202,238194.56,1.8699520876112252,Study Not Started,NRIS,1.8,26013,,,SILVER RIVER,10.655216284987278,8310.0,1.0,,0,0,0,1,0,0.0,,2024-04-17,4.17,80990.37768817204,101013.0,-0.6408162377577172,0.0065300658450057865,-603.8938172043011,4.29,-0.1200000000000001,18.19049822562721,AMERICAN TRANSMISSION,110.0,22126.63,0.09090909090909091,0.6181818181818182,,,,,,,,,unavailable,unavailable,,unavailable,,unavailable,,unavailable,,unavailable,,unavailable,,unavailable,,unavailable,,unavailable,,unavailable,,unavailable,,unavailable,,unavailable,,unavailable,,unavailable,,unavailable,,unavailable,,unavailable,,unavailable,,unavailable,,unavailable,,unavailable,,unavailable,,unavailable
P::J3801,2026-03-01,2026-03-01,MISO,J3801,22.406570841889117,5.281374645817724,solar,0,IL,,0,0.0,,,187.0,35254.47,1.0,250.0,62453.54,1202,238194.56,1.8672142368240932,Study Not Started,NRIS,195.64,17131,,,OAK GROVE SANDBURG AMRN 345 0KV,8.778625954198473,15487.0,1.0,,0,0,0,,1,250.0,,2024-04-18,4.17,80990.37768817204,101013.0,-0.6408162377577172,0.0065300658450057865,-603.8938172043011,4.29,-0.1200000000000001,18.19049822562721,MIDAMERICAN ENERGY,45.0,8895.24,0.18652849740932642,0.5803108808290155,,,,,,,,,unavailable,unavailable,,unavailable,,unavailable,,unavailable,,unavailable,,unavailable,,unavailable,,unavailable,,unavailable,,unavailable,,unavailable,,unavailable,,unavailable,,unavailable,,unavailable,,unavailable,,unavailable,,unavailable,,unavailable,,unavailable,,unavailable,,unavailable,,unavailable,,unavailable
P::J3803,2026-03-01,2026-03-01,MISO,J3803,22.406570841889117,5.303304908059076,solar,0,MI,,0,0.0,,,174.0,34293.09,0.0,0.0,62449.18,1202,238194.56,1.8672142368240932,Study Not Started,NRIS,200.0,26115,,,LEMOYNE MAJESTIC 345 0KV,82.47455470737913,155045.0,0.0,,0,0,0,1,0,0.0,,2024-04-18,4.17,80990.37768817204,101013.0,-0.6408162377577172,0.0065300658450057865,-603.8938172043011,4.29,-0.1200000000000001,18.19049822562721,ITC,83.0,19624.149999999998,0.0,0.27586206896551724,,,,,,,,,unavailable,unavailable,,unavailable,,unavailable,,unavailable,,unavailable,,unavailable,,unavailable,,unavailable,,unavailable,,unavailable,,unavailable,,unavailable,,unavailable,,unavailable,,unavailable,,unavailable,,unavailable,,unavailable,,unavailable,,unavailable,,unavailable,,unavailable,,unavailable,,unavailable
P::J3805,2026-03-01,2026-03-01,MISO,J3805,23.129363449691994,5.5254529391317835,solar,0,IL,,0,0.0,,,187.0,35200.11,0.0,0.0,62399.18,1202,238194.56,1.9274469541409993,Study Not Started,NRIS,250.0,17051,,,COFFEEN NORTH RAMSEY EAST 4557,48.75954198473282,21164.0,1.0,,0,0,0,1,0,0.0,,2024-03-27,4.17,80990.37768817204,101013.0,-0.6408162377577172,0.0065300658450057865,-603.8938172043011,4.09,0.08000000000000007,18.19049822562721,AMEREN TRANSMISSION OF ILLINOIS,38.0,9232.83,0.06578947368421052,0.4342105263157895,,,,,,,,,unavailable,unavailable,,unavailable,,unavailable,,unavailable,,unavailable,,unavailable,,unavailable,,unavailable,,unavailable,,unavailable,,unavailable,,unavailable,,unavailable,,unavailable,,unavailable,,unavailable,,unavailable,,unavailable,,unavailable,,unavailable,,unavailable,,unavailable,,unavailable,,unavailable
P::J3811,2026-03-01,2026-03-01,MISO,J3811,22.406570841889117,5.303304908059076,solar,0,IL,,0,0.0,,,187.0,35250.11,0.0,0.0,62449.18,1202,238194.56,1.8672142368240932,Study Not Started,NRIS,200.0,17025,,,4KINMUNDY S 4TANNER 138 0KV,41.06234096692112,12999.0,1.0,,0,0,0,1,0,0.0,,2024-04-18,4.17,80990.37768817204,101013.0,-0.6408162377577172,0.0065300658450057865,-603.8938172043011,4.29,-0.1200000000000001,18.19049822562721,AMEREN ILLINOIS,221.0,41217.38,0.07429718875502007,0.4779116465863454,,,,,,,,,unavailable,unavailable,,unavailable,,unavailable,,unavailable,,unavailable,,unavailable,,unavailable,,unavailable,,unavailable,,unavailable,,unavailable,,unavailable,,unavailable,,unavailable,,unavailable,,unavailable,,unavailable,,unavailable,,unavailable,,unavailable,,unavailable,,unavailable,,unavailable,,unavailable
P::J3815,2026-03-01,2026-03-01,MISO,J3815,20.041067761806982,5.03760174232607,nuclear,0,LA,,0,0.0,,,59.0,13166.41,0.0,0.0,2017.0,1202,238194.56,1.6700889801505818,Study Not Started,NRIS,153.1,22089,,,WATERFORD 3 SWYD,85.05089058524173,50620.0,0.0,,0,0,0,1,0,0.0,,2024-06-29,4.17,80990.37768817204,101013.0,-0.6408162377577172,0.0065300658450057865,-603.8938172043011,4.47,-0.2999999999999998,18.19049822562721,ENTERGY LOUISIANA,85.0,23972.93,0.016,0.644,,,,,,,,,unavailable,unavailable,,unavailable,,unavailable,,unavailable,,unavailable,,unavailable,,unavailable,,unavailable,,unavailable,,unavailable,,unavailable,,unavailable,,unavailable,,unavailable,,unavailable,,unavailable,,unavailable,,unavailable,,unavailable,,unavailable,,unavailable,,unavailable,,unavailable,,unavailable
P::J3818,2026-03-01,2026-03-01,MISO,J3818,20.763860369609855,3.713572066704308,solar,0,IL,,0,0.0,,,187.0,35410.11,2.0,185.0,62609.18,1202,238194.56,1.730321697467488,Study Not Started,ERIS,40.0,17173,,,4PANA 1 4SHELBYVL E 138 0KV,51.74936386768449,20568.0,1.0,,0,0,0,1,2,185.0,,2024-06-07,4.17,80990.37768817204,101013.0,-0.6408162377577172,0.0065300658450057865,-603.8938172043011,4.47,-0.2999999999999998,18.19049822562721,AMEREN ILLINOIS,221.0,41217.38,0.07429718875502007,0.4779116465863454,,,,,,,,,unavailable,unavailable,,unavailable,,unavailable,,unavailable,,unavailable,,unavailable,,unavailable,,unavailable,,unavailable,,unavailable,,unavailable,,unavailable,,unavailable,,unavailable,,unavailable,,unavailable,,unavailable,,unavailable,,unavailable,,unavailable,,unavailable,,unavailable,,unavailable,,unavailable
P::J3820,2026-03-01,2026-03-01,MISO,J3820,22.472279260780287,4.852030263919617,wind_onshore,0,IL,,0,0.0,,,187.0,35323.11,0.0,0.0,27054.11,1202,238194.56,1.8726899383983573,Study Not Started,NRIS,127.0,17067,,,LRTP LINE,31.075063613231553,17186.0,1.0,,0,0,0,1,0,0.0,,2024-04-16,4.17,80990.37768817204,101013.0,-0.6408162377577172,0.0065300658450057865,-603.8938172043011,4.29,-0.1200000000000001,18.19049822562721,AMEREN ILLINOIS,221.0,41217.38,0.07429718875502007,0.4779116465863454,,,,,,,,,unavailable,unavailable,,unavailable,,unavailable,,unavailable,,unavailable,,unavailable,,unavailable,,unavailable,,unavailable,,unavailable,,unavailable,,unavailable,,unavailable,,unavailable,,unavailable,,unavailable,,unavailable,,unavailable,,unavailable,,unavailable,,unavailable,,unavailable,,unavailable,,unavailable
P::J3827,2026-03-01,2026-03-01,MISO,J3827,22.406570841889117,5.081404364984463,solar,0,MI,,0,0.0,,,174.0,34333.09,0.0,0.0,62489.18,1202,238194.56,1.8672142368240932,Phase 1,NRIS,160.0,26097,,,INDIAN LAKE HIAWATHA 138 0KV,9.096692111959287,10851.0,1.0,,0,0,0,1,0,0.0,,2024-04-18,4.17,80990.37768817204,101013.0,-0.6408162377577172,0.0065300658450057865,-603.8938172043011,4.29,-0.1200000000000001,18.19049822562721,AMERICAN TRANSMISSION,110.0,22126.63,0.09090909090909091,0.6181818181818182,,,,,,,,,unavailable,unavailable,,unavailable,,unavailable,,unavailable,,unavailable,,unavailable,,unavailable,,unavailable,,unavailable,,unavailable,,unavailable,,unavailable,,unavailable,,unavailable,,unavailable,,unavailable,,unavailable,,unavailable,,unavailable,,unavailable,,unavailable,,unavailable,,unavailable,,unavailable
P::J3828,2026-03-01,2026-03-01,MISO,J3828,22.406570841889117,4.61512051684126,solar,0,MI,,0,0.0,,,174.0,34393.09,43.0,12941.869999999999,62549.18,1202,238194.56,1.8672142368240932,Phase 1,NRIS,100.0,26087,,,OTHER_,66.41221374045801,88977.0,0.0,,0,0,0,,43,12941.869999999999,,2024-04-18,4.17,80990.37768817204,101013.0,-0.6408162377577172,0.0065300658450057865,-603.8938172043011,4.29,-0.1200000000000001,18.19049822562721,ITC,83.0,19624.149999999998,0.0,0.27586206896551724,,,,,,,,,unavailable,unavailable,,unavailable,,unavailable,,unavailable,,unavailable,,unavailable,,unavailable,,unavailable,,unavailable,,unavailable,,unavailable,,unavailable,,unavailable,,unavailable,,unavailable,,unavailable,,unavailable,,unavailable,,unavailable,,unavailable,,unavailable,,unavailable,,unavailable,,unavailable
P::J3829,2026-03-01,2026-03-01,MISO,J3829,22.439425051334702,6.647688373563329,natural_gas,0,AR,,0,0.0,,,74.0,17727.1,0.0,0.0,26113.0,1202,238194.56,1.8699520876112252,Study Not Started,NRIS,770.0,05059,,,ETTA,55.534351145038165,33258.0,1.0,,0,0,0,1,0,0.0,,2024-04-17,4.17,80990.37768817204,101013.0,-0.6408162377577172,0.0065300658450057865,-603.8938172043011,4.29,-0.1200000000000001,18.19049822562721,ENTERGY ARKANSAS,118.0,29185.92,0.011661807580174927,0.641399416909621,,,,,,,,,unavailable,unavailable,,unavailable,,unavailable,,unavailable,,unavailable,,unavailable,,unavailable,,unavailable,,unavailable,,unavailable,,unavailable,,unavailable,,unavailable,,unavailable,,unavailable,,unavailable,,unavailable,,unavailable,,unavailable,,unavailable,,unavailable,,unavailable,,unavailable,,unavailable
P::J3830,2026-03-01,2026-03-01,MISO,J3830,22.472279260780287,5.420534999272286,wind_onshore,0,IL,,0,0.0,,,187.0,35225.11,43.0,12816.869999999999,26956.11,1202,238194.56,1.8726899383983573,Study Not Started,NRIS,225.0,,,,OTHER_,,,,,,,,,43,12816.869999999999,,2024-04-16,4.17,80990.37768817204,101013.0,-0.6408162377577172,0.0065300658450057865,-603.8938172043011,4.29,-0.1200000000000001,18.19049822562721,AMEREN ILLINOIS,221.0,41217.38,0.07429718875502007,0.4779116465863454,,,,,,,,,unavailable,unavailable,,unavailable,,unavailable,,unavailable,,unavailable,,unavailable,,unavailable,,unavailable,,unavailable,,unavailable,,unavailable,,unavailable,,unavailable,,unavailable,,unavailable,,unavailable,,unavailable,,unavailable,,unavailable,,unavailable,,unavailable,,unavailable,,unavailable,,unavailable
P::J3833,2026-03-01,2026-03-01,MISO,J3833,16.95277207392197,5.303304908059076,wind_onshore,0,ND,,0,0.0,,,14.0,2425.0,0.0,0.0,26981.11,1202,238194.56,1.4127310061601643,Phase 1,NRIS,200.0,38017,,,BUFFALO 115KV,82.3791348600509,196362.0,0.0,,0,0,0,,0,0.0,,2024-10-01,4.17,80990.37768817204,101013.0,-0.6408162377577172,0.0065300658450057865,-603.8938172043011,3.96,0.20999999999999996,18.19049822562721,OTTER TAIL POWER,25.0,4561.42,0.13259668508287292,0.7292817679558011,,,,,,,,,unavailable,unavailable,,unavailable,,unavailable,,unavailable,,unavailable,,unavailable,,unavailable,,unavailable,,unavailable,,unavailable,,unavailable,,unavailable,,unavailable,,unavailable,,unavailable,,unavailable,,unavailable,,unavailable,,unavailable,,unavailable,,unavailable,,unavailable,,unavailable,,unavailable
P::J3835,2026-03-01,2026-03-01,MISO,J3835,19.416837782340863,4.875197323201151,solar,0,MI,,0,0.0,,,174.0,34363.09,43.0,12911.869999999999,62519.18,1202,238194.56,1.6180698151950719,Phase 1,NRIS,130.0,26145,,,OTHER_,88.54961832061069,187782.0,0.0,,0,0,0,1,43,12911.869999999999,,2024-07-18,4.17,80990.37768817204,101013.0,-0.6408162377577172,0.0065300658450057865,-603.8938172043011,4.41,-0.2400000000000002,18.19049822562721,METC,167.0,33466.87,0.024691358024691357,0.45987654320987653,,,,,,,,,unavailable,unavailable,,unavailable,,unavailable,,unavailable,,unavailable,,unavailable,,unavailable,,unavailable,,unavailable,,unavailable,,unavailable,,unavailable,,unavailable,,unavailable,,unavailable,,unavailable,,unavailable,,unavailable,,unavailable,,unavailable,,unavailable,,unavailable,,unavailable,,unavailable
P::J3836,2026-03-01,2026-03-01,MISO,J3836,16.197125256673512,5.5254529391317835,battery,0,MI,,0,0.0,,,174.0,34243.09,1.0,178.0,44080.42,1202,238194.56,1.3497604380561259,Phase 1,NRIS,250.0,26045,,,ONEIDA,67.6208651399491,108820.0,0.0,,0,0,0,1,1,178.0,,2024-10-24,4.17,80990.37768817204,101013.0,-0.6408162377577172,0.0065300658450057865,-603.8938172043011,3.84,0.33000000000000007,18.19049822562721,METC,167.0,33466.87,0.024691358024691357,0.45987654320987653,,,,,,,,,unavailable,unavailable,,unavailable,,unavailable,,unavailable,,unavailable,,unavailable,,unavailable,,unavailable,,unavailable,,unavailable,,unavailable,,unavailable,,unavailable,,unavailable,,unavailable,,unavailable,,unavailable,,unavailable,,unavailable,,unavailable,,unavailable,,unavailable,,unavailable,,unavailable
P::J3837,2026-03-01,2026-03-01,MISO,J3837,14.915811088295689,5.303304908059076,solar,0,MI,,0,0.0,,,174.0,34293.09,2.0,450.0,62449.18,1202,238194.56,1.242984257357974,Phase 1,NRIS,200.0,26159,,,ARGENTA PALISADES 345 0KV,60.464376590330794,75798.0,0.0,,0,0,0,,2,450.0,,2024-12-02,4.17,80990.37768817204,101013.0,-0.6408162377577172,0.0065300658450057865,-603.8938172043011,4.02,0.15000000000000036,18.19049822562721,METC,167.0,33466.87,0.024691358024691357,0.45987654320987653,,,,,,,,,unavailable,unavailable,,unavailable,,unavailable,,unavailable,,unavailable,,unavailable,,unavailable,,unavailable,,unavailable,,unavailable,,unavailable,,unavailable,,unavailable,,unavailable,,unavailable,,unavailable,,unavailable,,unavailable,,unavailable,,unavailable,,unavailable,,unavailable,,unavailable,,unavailable
P::J3838,2026-03-01,2026-03-01,MISO,J3838,22.406570841889117,5.420534999272286,solar,0,MI,,0,0.0,,,174.0,34268.09,0.0,0.0,62424.18,1202,238194.56,1.8672142368240932,Phase 1,NRIS,225.0,26065,,,DELHI TOMPKINS 138 0KV,87.24554707379136,284637.0,0.0,,0,0,0,1,0,0.0,,2024-04-18,4.17,80990.37768817204,101013.0,-0.6408162377577172,0.0065300658450057865,-603.8938172043011,4.29,-0.1200000000000001,18.19049822562721,METC,167.0,33466.87,0.024691358024691357,0.45987654320987653,,,,,,,,,unavailable,unavailable,,unavailable,,unavailable,,unavailable,,unavailable,,unavailable,,unavailable,,unavailable,,unavailable,,unavailable,,unavailable,,unavailable,,unavailable,,unavailable,,unavailable,,unavailable,,unavailable,,unavailable,,unavailable,,unavailable,,unavailable,,unavailable,,unavailable,,unavailable
P::J3840,2026-03-01,2026-03-01,MISO,J3840,13.963039014373717,5.707110264748875,battery,0,LA,,0,0.0,,,59.0,13019.51,0.0,0.0,44030.42,1202,238194.56,1.163586584531143,Phase 1,NRIS,300.0,22097,,,WELLS,88.19974554707379,81464.0,0.0,,0,0,0,1,0,0.0,,2024-12-31,4.17,80990.37768817204,101013.0,-0.6408162377577172,0.0065300658450057865,-603.8938172043011,4.3,-0.1299999999999999,18.19049822562721,CLECO POWER,33.0,7851.48,0.019417475728155338,0.6601941747572816,,,,,,,,,unavailable,unavailable,,unavailable,,unavailable,,unavailable,,unavailable,,unavailable,,unavailable,,unavailable,,unavailable,,unavailable,,unavailable,,unavailable,,unavailable,,unavailable,,unavailable,,unavailable,,unavailable,,unavailable,,unavailable,,unavailable,,unavailable,,unavailable,,unavailable,,unavailable
P::J3843,2026-03-01,2026-03-01,MISO,J3843,15.277207392197125,5.707110264748875,solar,0,MI,,0,0.0,,,174.0,34193.09,0.0,0.0,62349.18,1202,238194.56,1.273100616016427,Phase 1,NRIS,300.0,26145,,,GOSS SLATE 345 0KV,88.54961832061069,187782.0,0.0,,0,0,0,1,0,0.0,,2024-11-21,4.17,80990.37768817204,101013.0,-0.6408162377577172,0.0065300658450057865,-603.8938172043011,4.02,0.15000000000000036,18.19049822562721,METC,167.0,33466.87,0.024691358024691357,0.45987654320987653,,,,,,,,,unavailable,unavailable,,unavailable,,unavailable,,unavailable,,unavailable,,unavailable,,unavailable,,unavailable,,unavailable,,unavailable,,unavailable,,unavailable,,unavailable,,unavailable,,unavailable,,unavailable,,unavailable,,unavailable,,unavailable,,unavailable,,unavailable,,unavailable,,unavailable,,unavailable
P::J3844,2026-03-01,2026-03-01,MISO,J3844,15.1129363449692,5.017279836814924,solar,0,MI,,0,0.0,,,174.0,34343.09,1.0,196.0,62499.18,1202,238194.56,1.2594113620807665,Phase 1,NRIS,150.0,26149,,,BATAVIA MORROW 138 0KV,58.587786259541986,60878.0,0.0,,0,0,0,1,1,196.0,,2024-11-26,4.17,80990.37768817204,101013.0,-0.6408162377577172,0.0065300658450057865,-603.8938172043011,4.02,0.15000000000000036,18.19049822562721,METC,167.0,33466.87,0.024691358024691357,0.45987654320987653,,,,,,,,,unavailable,unavailable,,unavailable,,unavailable,,unavailable,,unavailable,,unavailable,,unavailable,,unavailable,,unavailable,,unavailable,,unavailable,,unavailable,,unavailable,,unavailable,,unavailable,,unavailable,,unavailable,,unavailable,,unavailable,,unavailable,,unavailable,,unavailable,,unavailable,,unavailable
P::J3848,2026-03-01,2026-03-01,MISO,J3848,13.963039014373717,5.5254529391317835,battery,0,MN,,0,0.0,,,98.0,18151.9,0.0,0.0,44080.42,1202,238194.56,1.163586584531143,Phase 1,NRIS,250.0,27157,,,WABACO,45.5470737913486,21683.0,1.0,,0,0,0,1,0,0.0,,2024-12-31,4.17,80990.37768817204,101013.0,-0.6408162377577172,0.0065300658450057865,-603.8938172043011,4.3,-0.1299999999999999,18.19049822562721,DAIRYLAND POWER COOPERATIVE,13.0,1720.98,0.0,0.48,,,,,,,,,unavailable,unavailable,,unavailable,,unavailable,,unavailable,,unavailable,,unavailable,,unavailable,,unavailable,,unavailable,,unavailable,,unavailable,,unavailable,,unavailable,,unavailable,,unavailable,,unavailable,,unavailable,,unavailable,,unavailable,,unavailable,,unavailable,,unavailable,,unavailable,,unavailable
P::J3853,2026-03-01,2026-03-01,MISO,J3853,14.127310061601642,5.707110264748875,wind_onshore,0,IL,,0,0.0,,,187.0,35150.11,43.0,12741.869999999999,26881.11,1202,238194.56,1.1772758384668036,Phase 1,NRIS,300.0,17075,,,OTHER_,73.95038167938931,26136.0,1.0,,0,0,0,1,43,12741.869999999999,,2024-12-26,4.17,80990.37768817204,101013.0,-0.6408162377577172,0.0065300658450057865,-603.8938172043011,4.3,-0.1299999999999999,18.19049822562721,AMEREN ILLINOIS,221.0,41217.38,0.07429718875502007,0.4779116465863454,,,,,,,,,unavailable,unavailable,,unavailable,,unavailable,,unavailable,,unavailable,,unavailable,,unavailable,,unavailable,,unavailable,,unavailable,,unavailable,,unavailable,,unavailable,,unavailable,,unavailable,,unavailable,,unavailable,,unavailable,,unavailable,,unavailable,,unavailable,,unavailable,,unavailable,,unavailable
P::J3856,2026-03-01,2026-03-01,MISO,J3856,14.127310061601642,5.4638318050256105,wind_onshore,0,IL,,0,0.0,,,187.0,35215.11,0.0,0.0,26946.11,1202,238194.56,1.1772758384668036,Phase 1,NRIS,235.0,17185,,,08GIBSON PSI 7ALBION 345 0KV,24.84096692111959,10942.0,1.0,,0,0,0,1,0,0.0,,2024-12-26,4.17,80990.37768817204,101013.0,-0.6408162377577172,0.0065300658450057865,-603.8938172043011,4.3,-0.1299999999999999,18.19049822562721,AMEREN ILLINOIS,221.0,41217.38,0.07429718875502007,0.4779116465863454,,,,,,,,,unavailable,unavailable,,unavailable,,unavailable,,unavailable,,unavailable,,unavailable,,unavailable,,unavailable,,unavailable,,unavailable,,unavailable,,unavailable,,unavailable,,unavailable,,unavailable,,unavailable,,unavailable,,unavailable,,unavailable,,unavailable,,unavailable,,unavailable,,unavailable,,unavailable
P::J3860,2026-03-01,2026-03-01,MISO,J3860,13.075975359342916,6.2166061010848646,wind_onshore,0,IL,,0,0.0,,,187.0,34950.11,5.0,1150.0,26681.11,1202,238194.56,1.0896646132785763,Phase 1,NRIS,500.0,17143,,,7FARGO 7SANDBURG 345 0KV,90.68066157760815,177513.0,0.0,,0,0,0,1,5,1150.0,,2025-01-27,4.17,80990.37768817204,101013.0,-0.6408162377577172,0.0065300658450057865,-603.8938172043011,4.39,-0.21999999999999975,18.19049822562721,AMEREN TRANSMISSION OF ILLINOIS,38.0,9232.83,0.06578947368421052,0.4342105263157895,,,,,,,,,unavailable,unavailable,,unavailable,,unavailable,,unavailable,,unavailable,,unavailable,,unavailable,,unavailable,,unavailable,,unavailable,,unavailable,,unavailable,,unavailable,,unavailable,,unavailable,,unavailable,,unavailable,,unavailable,,unavailable,,unavailable,,unavailable,,unavailable,,unavailable,,unavailable
P::J3870,2026-03-01,2026-03-01,MISO,J3870,14.225872689938399,4.477336814478207,natural_gas,0,IN,-285.9958932238193,1,0.0,0.0,,89.0,18604.7,0.0,0.0,26796.0,1202,238194.56,1.1854893908281998,Phase 1,NRIS,87.0,18167,,,SUGAR CREEK,83.20610687022901,106153.0,0.0,,0,0,0,1,0,0.0,,2024-12-23,4.17,80990.37768817204,101013.0,-0.6408162377577172,0.0065300658450057865,-603.8938172043011,4.3,-0.1299999999999999,18.19049822562721,DUKE ENERGY INDIANA,58.0,11347.82,0.004608294930875576,0.728110599078341,,,,,,,,,unavailable,unavailable,,unavailable,,unavailable,,unavailable,,unavailable,,unavailable,,unavailable,,unavailable,,unavailable,,unavailable,,unavailable,,unavailable,,unavailable,,unavailable,,unavailable,,unavailable,,unavailable,,unavailable,,unavailable,,unavailable,,unavailable,,unavailable,,unavailable,,unavailable
P::J3872,2026-03-01,2026-03-01,MISO,J3872,13.075975359342916,5.860786223465865,battery,0,MI,,0,0.0,,,174.0,34143.09,0.0,0.0,43980.42,1202,238194.56,1.0896646132785763,Phase 1,NRIS,350.0,26163,,,RIVER ROUGE,98.95038167938931,1751169.0,0.0,,0,0,0,1,0,0.0,,2025-01-27,4.17,80990.37768817204,101013.0,-0.6408162377577172,0.0065300658450057865,-603.8938172043011,4.39,-0.21999999999999975,18.19049822562721,ITC,83.0,19624.149999999998,0.0,0.27586206896551724,,,,,,,,,unavailable,unavailable,,unavailable,,unavailable,,unavailable,,unavailable,,unavailable,,unavailable,,unavailable,,unavailable,,unavailable,,unavailable,,unavailable,,unavailable,,unavailable,,unavailable,,unavailable,,unavailable,,unavailable,,unavailable,,unavailable,,unavailable,,unavailable,,unavailable,,unavailable
P::J3874,2026-03-01,2026-03-01,MISO,J3874,14.35728952772074,6.647688373563329,natural_gas,0,AR,,0,0.0,,,74.0,17727.1,0.0,0.0,26113.0,1202,238194.56,1.1964407939767283,Phase 1,ERIS,770.0,05139,,,WHITE BLUFF EHV,53.88040712468194,37397.0,1.0,,0,0,0,1,0,0.0,,2024-12-19,4.17,80990.37768817204,101013.0,-0.6408162377577172,0.0065300658450057865,-603.8938172043011,4.3,-0.1299999999999999,18.19049822562721,ENTERGY ARKANSAS EATO,14.0,3964.5,0.0,0.23076923076923078,,,,,,,,,unavailable,unavailable,,unavailable,,unavailable,,unavailable,,unavailable,,unavailable,,unavailable,,unavailable,,unavailable,,unavailable,,unavailable,,unavailable,,unavailable,,unavailable,,unavailable,,unavailable,,unavailable,,unavailable,,unavailable,,unavailable,,unavailable,,unavailable,,unavailable,,unavailable
P::J3879,2026-03-01,2026-03-01,MISO,J3879,21.09240246406571,5.303304908059076,other,0,IN,,0,0.0,,,89.0,18491.7,0.0,0.0,19763.7,1202,238194.56,1.757700205338809,Phase 1,NRIS,200.0,18071,,,CAYUGA HILLSDALE NORTH 230 0KV,52.926208651399484,46460.0,1.0,,0,0,0,,0,0.0,,2024-05-28,4.17,80990.37768817204,101013.0,-0.6408162377577172,0.0065300658450057865,-603.8938172043011,4.42,-0.25,18.19049822562721,DUKE ENERGY INDIANA CIN,13.0,3697.0,0.0,0.17647058823529413,,,,,,,,,unavailable,unavailable,,unavailable,,unavailable,,unavailable,,unavailable,,unavailable,,unavailable,,unavailable,,unavailable,,unavailable,,unavailable,,unavailable,,unavailable,,unavailable,,unavailable,,unavailable,,unavailable,,unavailable,,unavailable,,unavailable,,unavailable,,unavailable,,unavailable,,unavailable
P::J3882,2026-03-01,2026-03-01,MISO,J3882,12.616016427104723,5.5254529391317835,solar,0,IL,,0,0.0,,,187.0,35200.11,0.0,0.0,62399.18,1202,238194.56,1.051334702258727,Phase 1,NRIS,250.0,17033,,,4HUTSONVL 4HEATH 138 0KV,37.02290076335878,18300.0,1.0,,0,0,0,1,0,0.0,,2025-02-10,4.17,80990.37768817204,101013.0,-0.6408162377577172,0.0065300658450057865,-603.8938172043011,4.61,-0.4400000000000004,18.19049822562721,AMEREN ILLINOIS,221.0,41217.38,0.07429718875502007,0.4779116465863454,,,,,,,,,unavailable,unavailable,,unavailable,,unavailable,,unavailable,,unavailable,,unavailable,,unavailable,,unavailable,,unavailable,,unavailable,,unavailable,,unavailable,,unavailable,,unavailable,,unavailable,,unavailable,,unavailable,,unavailable,,unavailable,,unavailable,,unavailable,,unavailable,,unavailable,,unavailable
P::J3894,2026-03-01,2026-03-01,MISO,J3894,12.484599589322382,5.5254529391317835,battery,0,MN,,0,0.0,,,98.0,18151.9,0.0,0.0,44080.42,1202,238194.56,1.0403832991101984,Phase 1,NRIS,250.0,27083,,,LYON COUNTY BROOKINGS COUNTY 345 0KV,43.47964376590331,25427.0,1.0,,0,0,0,,0,0.0,,2025-02-14,4.17,80990.37768817204,101013.0,-0.6408162377577172,0.0065300658450057865,-603.8938172043011,4.61,-0.4400000000000004,18.19049822562721,GREAT RIVER ENERGY,25.0,5005.92,0.11940298507462686,0.6940298507462687,,,,,,,,,unavailable,unavailable,,unavailable,,unavailable,,unavailable,,unavailable,,unavailable,,unavailable,,unavailable,,unavailable,,unavailable,,unavailable,,unavailable,,unavailable,,unavailable,,unavailable,,unavailable,,unavailable,,unavailable,,unavailable,,unavailable,,unavailable,,unavailable,,unavailable,,unavailable
P::J3896,2026-03-01,2026-03-01,MISO,J3896,12.714579055441478,4.2626798770413155,solar,0,IN,,0,0.0,,,89.0,18621.7,3.0,570.0,62579.18,1202,238194.56,1.0595482546201231,Phase 1,NRIS,70.0,18083,,,GIBSON STA BEDFORD 345 345 0KV,55.3117048346056,36070.0,1.0,,0,0,0,1,3,570.0,,2025-02-07,4.17,80990.37768817204,101013.0,-0.6408162377577172,0.0065300658450057865,-603.8938172043011,4.61,-0.4400000000000004,18.19049822562721,DUKE ENERGY INDIANA CIN,13.0,3697.0,0.0,0.17647058823529413,,,,,,,,,unavailable,unavailable,,unavailable,,unavailable,,unavailable,,unavailable,,unavailable,,unavailable,,unavailable,,unavailable,,unavailable,,unavailable,,unavailable,,unavailable,,unavailable,,unavailable,,unavailable,,unavailable,,unavailable,,unavailable,,unavailable,,unavailable,,unavailable,,unavailable,,unavailable
P::J3898,2026-03-01,2026-03-01,MISO,J3898,12.484599589322382,5.049856007249537,wind_onshore,0,IA,,0,0.0,,,71.0,14474.54,0.0,0.0,27026.11,1202,238194.56,1.0403832991101984,Phase 1,NRIS,155.0,19089,,,MITCHELL COUNTY ITCM HAZLETON ITCM 345 0KV,15.585241730279897,9376.0,1.0,,0,0,0,,0,0.0,,2025-02-14,4.17,80990.37768817204,101013.0,-0.6408162377577172,0.0065300658450057865,-603.8938172043011,4.61,-0.4400000000000004,18.19049822562721,ITC MIDWEST,87.0,14086.3,0.18114143920595532,0.6029776674937966,,,,,,,,,unavailable,unavailable,,unavailable,,unavailable,,unavailable,,unavailable,,unavailable,,unavailable,,unavailable,,unavailable,,unavailable,,unavailable,,unavailable,,unavailable,,unavailable,,unavailable,,unavailable,,unavailable,,unavailable,,unavailable,,unavailable,,unavailable,,unavailable,,unavailable,,unavailable
P::J3899,2026-03-01,2026-03-01,MISO,J3899,14.882956878850102,4.61512051684126,solar,0,IL,,0,0.0,,,187.0,35350.11,43.0,12941.869999999999,62549.18,1202,238194.56,1.2402464065708418,Phase 1,NRIS,100.0,17155,,,OTHER_,9.16030534351145,5561.0,1.0,,0,0,0,1,43,12941.869999999999,,2024-12-03,4.17,80990.37768817204,101013.0,-0.6408162377577172,0.0065300658450057865,-603.8938172043011,4.02,0.15000000000000036,18.19049822562721,AMEREN ILLINOIS,221.0,41217.38,0.07429718875502007,0.4779116465863454,,,,,,,,,unavailable,unavailable,,unavailable,,unavailable,,unavailable,,unavailable,,unavailable,,unavailable,,unavailable,,unavailable,,unavailable,,unavailable,,unavailable,,unavailable,,unavailable,,unavailable,,unavailable,,unavailable,,unavailable,,unavailable,,unavailable,,unavailable,,unavailable,,unavailable,,unavailable
P::J3902,2026-03-01,2026-03-01,MISO,J3902,12.747433264887064,5.66815529701305,wind_onshore,0,TX,,0,0.0,,,12.0,2746.8,0.0,0.0,26892.61,1202,238194.56,1.0622861054072552,Phase 1,NRIS,288.5,48245,,,STOWELL,95.67430025445293,251496.0,0.0,,0,0,0,1,0,0.0,,2025-02-06,4.17,80990.37768817204,101013.0,-0.6408162377577172,0.0065300658450057865,-603.8938172043011,4.61,-0.4400000000000004,18.19049822562721,ENTERGY TEXAS ETTO,2.0,558.5,0.0,0.2,,,,,,,,,unavailable,unavailable,,unavailable,,unavailable,,unavailable,,unavailable,,unavailable,,unavailable,,unavailable,,unavailable,,unavailable,,unavailable,,unavailable,,unavailable,,unavailable,,unavailable,,unavailable,,unavailable,,unavailable,,unavailable,,unavailable,,unavailable,,unavailable,,unavailable,,unavailable
P::J3903,2026-03-01,2026-03-01,MISO,J3903,12.320328542094456,5.225746673713202,solar,0,MN,,0,0.0,,,98.0,18216.9,0.0,0.0,62464.18,1202,238194.56,1.0266940451745379,Phase 1,ERIS,185.0,27099,,,NORTH AUSTIN ADAMS ITC 161 0KV,67.27099236641222,40058.0,1.0,,0,0,0,,0,0.0,,2025-02-19,4.17,80990.37768817204,101013.0,-0.6408162377577172,0.0065300658450057865,-603.8938172043011,4.61,-0.4400000000000004,18.19049822562721,SOUTHERN MINNESOTA MUNICIPAL POWER AGENCY,10.0,1585.0,0.058823529411764705,0.35294117647058826,,,,,,,,,unavailable,unavailable,,unavailable,,unavailable,,unavailable,,unavailable,,unavailable,,unavailable,,unavailable,,unavailable,,unavailable,,unavailable,,unavailable,,unavailable,,unavailable,,unavailable,,unavailable,,unavailable,,unavailable,,unavailable,,unavailable,,unavailable,,unavailable,,unavailable,,unavailable
P::J3904,2026-03-01,2026-03-01,MISO,J3904,11.630390143737166,5.170483995038151,battery,0,IL,,0,0.0,,,187.0,35275.11,43.0,12866.869999999999,44155.42,1202,238194.56,0.9691991786447639,Phase 1,NRIS,175.0,17179,,,OTHER_,84.19211195928753,129541.0,0.0,,0,0,0,1,43,12866.869999999999,,2025-03-12,4.17,80990.37768817204,101013.0,-0.6408162377577172,0.0065300658450057865,-603.8938172043011,4.54,-0.3700000000000001,18.19049822562721,AMEREN ILLINOIS,221.0,41217.38,0.07429718875502007,0.4779116465863454,,,,,,,,,unavailable,unavailable,,unavailable,,unavailable,,unavailable,,unavailable,,unavailable,,unavailable,,unavailable,,unavailable,,unavailable,,unavailable,,unavailable,,unavailable,,unavailable,,unavailable,,unavailable,,unavailable,,unavailable,,unavailable,,unavailable,,unavailable,,unavailable,,unavailable,,unavailable
P::J3905,2026-03-01,2026-03-01,MISO,J3905,11.630390143737166,5.170483995038151,wind_onshore,0,IL,,0,0.0,,,187.0,35275.11,43.0,12866.869999999999,27006.11,1202,238194.56,0.9691991786447639,Phase 1,NRIS,175.0,17179,,,OTHER_,84.19211195928753,129541.0,0.0,,0,0,0,1,43,12866.869999999999,,2025-03-12,4.17,80990.37768817204,101013.0,-0.6408162377577172,0.0065300658450057865,-603.8938172043011,4.54,-0.3700000000000001,18.19049822562721,AMEREN ILLINOIS,221.0,41217.38,0.07429718875502007,0.4779116465863454,,,,,,,,,unavailable,unavailable,,unavailable,,unavailable,,unavailable,,unavailable,,unavailable,,unavailable,,unavailable,,unavailable,,unavailable,,unavailable,,unavailable,,unavailable,,unavailable,,unavailable,,unavailable,,unavailable,,unavailable,,unavailable,,unavailable,,unavailable,,unavailable,,unavailable,,unavailable
P::J3907,2026-03-01,2026-03-01,MISO,J3907,11.663244353182751,5.303304908059076,other,0,IL,,0,0.0,,,187.0,35250.11,0.0,0.0,19763.7,1202,238194.56,0.971937029431896,Phase 1,NRIS,200.0,17175,,,4BUREAU 4EKEWANEE N 138 0KV,7.251908396946565,5218.0,1.0,,0,0,0,,0,0.0,,2025-03-11,4.17,80990.37768817204,101013.0,-0.6408162377577172,0.0065300658450057865,-603.8938172043011,4.54,-0.3700000000000001,18.19049822562721,AMEREN ILLINOIS,221.0,41217.38,0.07429718875502007,0.4779116465863454,,,,,,,,,unavailable,unavailable,,unavailable,,unavailable,,unavailable,,unavailable,,unavailable,,unavailable,,unavailable,,unavailable,,unavailable,,unavailable,,unavailable,,unavailable,,unavailable,,unavailable,,unavailable,,unavailable,,unavailable,,unavailable,,unavailable,,unavailable,,unavailable,,unavailable,,unavailable
P::J3908,2026-03-01,2026-03-01,MISO,J3908,11.696098562628336,5.2832037287379885,solar,0,MI,,0,0.0,,,174.0,34297.09,1.0,150.0,62453.18,1202,238194.56,0.974674880219028,,NRIS,196.0,26149,,,BATAVIA MORROW 138 0KV,58.587786259541986,60878.0,0.0,,0,0,0,1,1,150.0,,2025-03-10,4.17,80990.37768817204,101013.0,-0.6408162377577172,0.0065300658450057865,-603.8938172043011,4.54,-0.3700000000000001,18.19049822562721,METC,167.0,33466.87,0.024691358024691357,0.45987654320987653,,,,,,,,,unavailable,unavailable,,unavailable,,unavailable,,unavailable,,unavailable,,unavailable,,unavailable,,unavailable,,unavailable,,unavailable,,unavailable,,unavailable,,unavailable,,unavailable,,unavailable,,unavailable,,unavailable,,unavailable,,unavailable,,unavailable,,unavailable,,unavailable,,unavailable,,unavailable
P::J3910,2026-03-01,2026-03-01,MISO,J3910,12.02464065708419,5.707110264748875,other,0,IN,,0,0.0,,,89.0,18391.7,43.0,12741.869999999999,19663.7,1202,238194.56,1.002053388090349,Phase 1,NRIS,300.0,18111,,,OTHER_,11.673027989821882,13960.0,1.0,,0,0,0,1,43,12741.869999999999,,2025-02-28,4.17,80990.37768817204,101013.0,-0.6408162377577172,0.0065300658450057865,-603.8938172043011,4.61,-0.4400000000000004,18.19049822562721,NORTHERN INDIANA PUBLIC SERVICE NIPS,3.0,1075.0,0.0,0.2,,,,,,,,,unavailable,unavailable,,unavailable,,unavailable,,unavailable,,unavailable,,unavailable,,unavailable,,unavailable,,unavailable,,unavailable,,unavailable,,unavailable,,unavailable,,unavailable,,unavailable,,unavailable,,unavailable,,unavailable,,unavailable,,unavailable,,unavailable,,unavailable,,unavailable,,unavailable
P::J3911,2026-03-01,2026-03-01,MISO,J3911,12.123203285420944,5.5254529391317835,solar,0,IA,,0,0.0,,,71.0,14379.54,1.0,200.0,62399.18,1202,238194.56,1.0102669404517455,Phase 1,NRIS,250.0,19115,,,SUB 93 LOUISA SUB T HASKINS 345 0KV,17.4618320610687,10513.0,1.0,,0,0,0,,1,200.0,,2025-02-25,4.17,80990.37768817204,101013.0,-0.6408162377577172,0.0065300658450057865,-603.8938172043011,4.61,-0.4400000000000004,18.19049822562721,MIDAMERICAN ENERGY MEC,4.0,1009.8,0.0,0.3333333333333333,,,,,,,,,unavailable,unavailable,,unavailable,,unavailable,,unavailable,,unavailable,,unavailable,,unavailable,,unavailable,,unavailable,,unavailable,,unavailable,,unavailable,,unavailable,,unavailable,,unavailable,,unavailable,,unavailable,,unavailable,,unavailable,,unavailable,,unavailable,,unavailable,,unavailable,,unavailable
P::J3916,2026-03-01,2026-03-01,MISO,J3916,16.164271047227928,4.61512051684126,solar,0,IL,,0,0.0,,,187.0,35350.11,0.0,0.0,62549.18,1202,238194.56,1.3470225872689938,Phase 1,NRIS,100.0,17165,,,4HARCO 4MUDDY 138 0KV,70.13358778625954,22873.0,1.0,,0,0,0,1,0,0.0,,2024-10-25,4.17,80990.37768817204,101013.0,-0.6408162377577172,0.0065300658450057865,-603.8938172043011,3.84,0.33000000000000007,18.19049822562721,AMEREN ILLINOIS,221.0,41217.38,0.07429718875502007,0.4779116465863454,,,,,,,,,unavailable,unavailable,,unavailable,,unavailable,,unavailable,,unavailable,,unavailable,,unavailable,,unavailable,,unavailable,,unavailable,,unavailable,,unavailable,,unavailable,,unavailable,,unavailable,,unavailable,,unavailable,,unavailable,,unavailable,,unavailable,,unavailable,,unavailable,,unavailable,,unavailable
P::J3918,2026-03-01,2026-03-01,MISO,J3918,12.747433264887064,4.937204016010373,wind_onshore,0,IL,,0,0.0,,,187.0,35311.73,0.0,0.0,27042.73,1202,238194.56,1.0622861054072552,Phase 1,NRIS,138.38,17019,,,4RANTOUL 4RISING 138 0KV,90.45801526717557,205644.0,0.0,,0,0,0,1,0,0.0,,2025-02-06,4.17,80990.37768817204,101013.0,-0.6408162377577172,0.0065300658450057865,-603.8938172043011,4.61,-0.4400000000000004,18.19049822562721,AMEREN ILLINOIS,221.0,41217.38,0.07429718875502007,0.4779116465863454,,,,,,,,,unavailable,unavailable,,unavailable,,unavailable,,unavailable,,unavailable,,unavailable,,unavailable,,unavailable,,unavailable,,unavailable,,unavailable,,unavailable,,unavailable,,unavailable,,unavailable,,unavailable,,unavailable,,unavailable,,unavailable,,unavailable,,unavailable,,unavailable,,unavailable,,unavailable
P::J3923,2026-03-01,2026-03-01,MISO,J3923,12.02464065708419,7.254884810077338,natural_gas,0,MI,,0,0.0,,,174.0,33079.09,0.0,0.0,25469.0,1202,238194.56,1.002053388090349,Phase 1,NRIS,1414.0,26161,,,MAJESTIC MILAN 345KV LINE,89.28117048346056,365536.0,0.0,,0,0,0,,0,0.0,,2025-02-28,4.17,80990.37768817204,101013.0,-0.6408162377577172,0.0065300658450057865,-603.8938172043011,4.61,-0.4400000000000004,18.19049822562721,ITC,83.0,19624.149999999998,0.0,0.27586206896551724,,,,,,,,,unavailable,unavailable,,unavailable,,unavailable,,unavailable,,unavailable,,unavailable,,unavailable,,unavailable,,unavailable,,unavailable,,unavailable,,unavailable,,unavailable,,unavailable,,unavailable,,unavailable,,unavailable,,unavailable,,unavailable,,unavailable,,unavailable,,unavailable,,unavailable,,unavailable
P::J3924,2026-03-01,2026-03-01,MISO,J3924,11.860369609856264,4.394449154672439,battery,0,MI,,0,0.0,,,174.0,34413.09,2.0,250.0,44250.42,1202,238194.56,0.9883641341546886,,NRIS,80.0,26023,,,COLDWATER MOORE ROAD 138 0KV,51.81297709923665,45215.0,1.0,,0,0,0,1,2,250.0,,2025-03-05,4.17,80990.37768817204,101013.0,-0.6408162377577172,0.0065300658450057865,-603.8938172043011,4.61,-0.4400000000000004,18.19049822562721,METC,167.0,33466.87,0.024691358024691357,0.45987654320987653,,,,,,,,,unavailable,unavailable,,unavailable,,unavailable,,unavailable,,unavailable,,unavailable,,unavailable,,unavailable,,unavailable,,unavailable,,unavailable,,unavailable,,unavailable,,unavailable,,unavailable,,unavailable,,unavailable,,unavailable,,unavailable,,unavailable,,unavailable,,unavailable,,unavailable,,unavailable
P::J3925,2026-03-01,2026-03-01,MISO,J3925,12.714579055441478,4.2626798770413155,solar,0,IN,,0,0.0,,,89.0,18621.7,3.0,570.0,62579.18,1202,238194.56,1.0595482546201231,Phase 1,NRIS,70.0,18083,,,GIBSON STA BEDFORD 345 345 0KV,55.3117048346056,36070.0,1.0,,0,0,0,1,3,570.0,,2025-02-07,4.17,80990.37768817204,101013.0,-0.6408162377577172,0.0065300658450057865,-603.8938172043011,4.61,-0.4400000000000004,18.19049822562721,DUKE ENERGY INDIANA CIN,13.0,3697.0,0.0,0.17647058823529413,,,,,,,,,unavailable,unavailable,,unavailable,,unavailable,,unavailable,,unavailable,,unavailable,,unavailable,,unavailable,,unavailable,,unavailable,,unavailable,,unavailable,,unavailable,,unavailable,,unavailable,,unavailable,,unavailable,,unavailable,,unavailable,,unavailable,,unavailable,,unavailable,,unavailable,,unavailable
P::J3926,2026-03-01,2026-03-01,MISO,J3926,11.597535934291582,5.14166355650266,wind_onshore,0,IA,,0,0.0,,,71.0,14459.54,0.0,0.0,27011.11,1202,238194.56,0.9664613278576317,Phase 1,NRIS,170.0,19187,,,GRIMES LEHIGH 345KV,59.98727735368957,36485.0,1.0,,0,0,0,,0,0.0,,2025-03-13,4.17,80990.37768817204,101013.0,-0.6408162377577172,0.0065300658450057865,-603.8938172043011,4.54,-0.3700000000000001,18.19049822562721,MIDAMERICAN ENERGY MEC,4.0,1009.8,0.0,0.3333333333333333,,,,,,,,,unavailable,unavailable,,unavailable,,unavailable,,unavailable,,unavailable,,unavailable,,unavailable,,unavailable,,unavailable,,unavailable,,unavailable,,unavailable,,unavailable,,unavailable,,unavailable,,unavailable,,unavailable,,unavailable,,unavailable,,unavailable,,unavailable,,unavailable,,unavailable,,unavailable
P::J3931,2026-03-01,2026-03-01,MISO,J3931,12.714579055441478,6.2166061010848646,solar,0,IN,,0,0.0,,,89.0,18191.7,43.0,12541.869999999999,62149.18,1202,238194.56,1.0595482546201231,Phase 1,NRIS,500.0,18073,,,OTHER_,32.82442748091603,33535.0,1.0,,0,0,0,1,43,12541.869999999999,,2025-02-07,4.17,80990.37768817204,101013.0,-0.6408162377577172,0.0065300658450057865,-603.8938172043011,4.61,-0.4400000000000004,18.19049822562721,NORTHERN INDIANA PUBLIC SERVICE NIPS,3.0,1075.0,0.0,0.2,,,,,,,,,unavailable,unavailable,,unavailable,,unavailable,,unavailable,,unavailable,,unavailable,,unavailable,,unavailable,,unavailable,,unavailable,,unavailable,,unavailable,,unavailable,,unavailable,,unavailable,,unavailable,,unavailable,,unavailable,,unavailable,,unavailable,,unavailable,,unavailable,,unavailable,,unavailable
P::J3932,2026-03-01,2026-03-01,MISO,J3932,11.564681724845997,6.472346294500901,nuclear,0,IA,,0,0.0,,,71.0,13983.54,0.0,0.0,1524.1,1202,238194.56,0.9637234770704997,Phase 1,NRIS,646.0,19113,,,DUANE ARNOLD 161KV,86.70483460559797,228972.0,0.0,,0,0,0,1,0,0.0,,2025-03-14,4.17,80990.37768817204,101013.0,-0.6408162377577172,0.0065300658450057865,-603.8938172043011,4.54,-0.3700000000000001,18.19049822562721,ITC MIDWEST,87.0,14086.3,0.18114143920595532,0.6029776674937966,,,,,,,,,unavailable,unavailable,,unavailable,,unavailable,,unavailable,,unavailable,,unavailable,,unavailable,,unavailable,,unavailable,,unavailable,,unavailable,,unavailable,,unavailable,,unavailable,,unavailable,,unavailable,,unavailable,,unavailable,,unavailable,,unavailable,,unavailable,,unavailable,,unavailable,,unavailable
P::J3935,2026-03-01,2026-03-01,MISO,J3935,12.02464065708419,6.883872338518805,natural_gas,0,MI,,0,-23.069642716302553,,0.0,174.0,33517.689999999995,1.0,200.0000000000001,25907.6,1202,238194.56,1.002053388090349,Phase 1,NRIS,975.4,26049,,,THETFORD,92.17557251908397,401522.0,0.0,,0,0,0,,1,200.0,,2025-02-28,4.17,80990.37768817204,101013.0,-0.6408162377577172,0.0065300658450057865,-603.8938172043011,4.61,-0.4400000000000004,18.19049822562721,METC,167.0,33466.87,0.024691358024691357,0.45987654320987653,,,,,,,,,unavailable,unavailable,,unavailable,,unavailable,,unavailable,,unavailable,,unavailable,,unavailable,,unavailable,,unavailable,,unavailable,,unavailable,,unavailable,,unavailable,,unavailable,,unavailable,,unavailable,,unavailable,,unavailable,,unavailable,,unavailable,,unavailable,,unavailable,,unavailable,,unavailable
P::J3936,2026-03-01,2026-03-01,MISO,J3936,12.550308008213552,4.897839799950911,natural_gas,0,WI,,0,0.5291005291005204,,0.0,67.0,14059.460000000001,0.0,0.0,26750.0,1202,238194.56,1.0458590006844628,Phase 1,NRIS,133.0,55059,,,PARIS 345KV SUBSTATION,84.95547073791349,167488.0,0.0,,0,0,0,1,0,0.0,,2025-02-12,4.17,80990.37768817204,101013.0,-0.6408162377577172,0.0065300658450057865,-603.8938172043011,4.61,-0.4400000000000004,18.19049822562721,AMERICAN TRANSMISSION,110.0,22126.63,0.09090909090909091,0.6181818181818182,,,,,,,,,unavailable,unavailable,,unavailable,,unavailable,,unavailable,,unavailable,,unavailable,,unavailable,,unavailable,,unavailable,,unavailable,,unavailable,,unavailable,,unavailable,,unavailable,,unavailable,,unavailable,,unavailable,,unavailable,,unavailable,,unavailable,,unavailable,,unavailable,,unavailable,,unavailable
P::J3941,2026-03-01,2026-03-01,MISO,J3941,11.170431211498974,7.0431599159883405,natural_gas,0,SD,,0,0.0,,,12.0,2912.2,1.0,142.20000000000005,25739.0,1202,238194.56,0.9308692676249144,Phase 1,NRIS,1144.0,46039,,,ASTORIA 345KV SUBSTATION,6.870229007633588,4354.0,1.0,,0,0,0,,1,142.2,,2025-03-26,4.17,80990.37768817204,101013.0,-0.6408162377577172,0.0065300658450057865,-603.8938172043011,4.54,-0.3700000000000001,18.19049822562721,OTTER TAIL POWER OTP,5.0,2024.0,0.0,0.375,,,,,,,,,unavailable,unavailable,,unavailable,,unavailable,,unavailable,,unavailable,,unavailable,,unavailable,,unavailable,,unavailable,,unavailable,,unavailable,,unavailable,,unavailable,,unavailable,,unavailable,,unavailable,,unavailable,,unavailable,,unavailable,,unavailable,,unavailable,,unavailable,,unavailable,,unavailable
P::J3942,2026-03-01,2026-03-01,MISO,J3942,12.28747433264887,5.902633333401366,solar,0,IN,,0,0.0,,,89.0,18326.7,1.0,132.0,62284.18,1202,238194.56,1.0239561943874058,Phase 1,NRIS,365.0,18167,,,SANDFORD,83.20610687022901,106153.0,0.0,,0,0,0,1,1,132.0,,2025-02-20,4.17,80990.37768817204,101013.0,-0.6408162377577172,0.0065300658450057865,-603.8938172043011,4.61,-0.4400000000000004,18.19049822562721,DUKE ENERGY INDIANA CIN,13.0,3697.0,0.0,0.17647058823529413,,,,,,,,,unavailable,unavailable,,unavailable,,unavailable,,unavailable,,unavailable,,unavailable,,unavailable,,unavailable,,unavailable,,unavailable,,unavailable,,unavailable,,unavailable,,unavailable,,unavailable,,unavailable,,unavailable,,unavailable,,unavailable,,unavailable,,unavailable,,unavailable,,unavailable,,unavailable
P::J3945,2026-03-01,2026-03-01,MISO,J3945,10.77618069815195,5.5053315359323625,solar,0,MI,,0,0.0,,,174.0,34248.09,0.0,0.0,62404.18,1202,238194.56,0.8980150581793293,,NRIS,245.0,26161,,,MAJESTIC MILAN 345 0KV,89.28117048346056,365536.0,0.0,,0,0,0,,0,0.0,,2025-04-07,4.17,80990.37768817204,101013.0,-0.6408162377577172,0.0065300658450057865,-603.8938172043011,4.31,-0.13999999999999968,18.19049822562721,ITC,83.0,19624.149999999998,0.0,0.27586206896551724,,,,,,,,,unavailable,unavailable,,unavailable,,unavailable,,unavailable,,unavailable,,unavailable,,unavailable,,unavailable,,unavailable,,unavailable,,unavailable,,unavailable,,unavailable,,unavailable,,unavailable,,unavailable,,unavailable,,unavailable,,unavailable,,unavailable,,unavailable,,unavailable,,unavailable,,unavailable
P::J3946,2026-03-01,2026-03-01,MISO,J3946,11.006160164271048,5.707110264748875,battery,0,IL,,0,0.0,,,187.0,35150.11,1.0,250.0,44030.42,1202,238194.56,0.917180013689254,Phase 1,NRIS,300.0,17179,,,TAZEWELL,84.19211195928753,129541.0,0.0,,0,0,0,1,1,250.0,,2025-03-31,4.17,80990.37768817204,101013.0,-0.6408162377577172,0.0065300658450057865,-603.8938172043011,4.54,-0.3700000000000001,18.19049822562721,AMEREN ILLINOIS,221.0,41217.38,0.07429718875502007,0.4779116465863454,,,,,,,,,unavailable,unavailable,,unavailable,,unavailable,,unavailable,,unavailable,,unavailable,,unavailable,,unavailable,,unavailable,,unavailable,,unavailable,,unavailable,,unavailable,,unavailable,,unavailable,,unavailable,,unavailable,,unavailable,,unavailable,,unavailable,,unavailable,,unavailable,,unavailable,,unavailable
P::J3947,2026-03-01,2026-03-01,MISO,J3947,11.203285420944558,5.303304908059076,battery,0,IL,,0,0.0,,,187.0,35250.11,1.0,250.0,44130.42,1202,238194.56,0.9336071184120466,Phase 1,NRIS,200.0,17173,,,7FARADAY 7PANA 345 0KV,51.74936386768449,20568.0,1.0,,0,0,0,1,1,250.0,,2025-03-25,4.17,80990.37768817204,101013.0,-0.6408162377577172,0.0065300658450057865,-603.8938172043011,4.54,-0.3700000000000001,18.19049822562721,AMEREN TRANSMISSION OF ILLINOIS,38.0,9232.83,0.06578947368421052,0.4342105263157895,,,,,,,,,unavailable,unavailable,,unavailable,,unavailable,,unavailable,,unavailable,,unavailable,,unavailable,,unavailable,,unavailable,,unavailable,,unavailable,,unavailable,,unavailable,,unavailable,,unavailable,,unavailable,,unavailable,,unavailable,,unavailable,,unavailable,,unavailable,,unavailable,,unavailable,,unavailable
P::J3949,2026-03-01,2026-03-01,MISO,J3949,10.77618069815195,5.5053315359323625,solar,0,IL,,0,0.0,,,187.0,35205.11,2.0,588.0,62404.18,1202,238194.56,0.8980150581793293,Phase 1,NRIS,245.0,17171,,,7MEREDOSIA 7TURNER 345 0KV,2.767175572519084,4710.0,1.0,,0,0,0,1,2,588.0,,2025-04-07,4.17,80990.37768817204,101013.0,-0.6408162377577172,0.0065300658450057865,-603.8938172043011,4.31,-0.13999999999999968,18.19049822562721,AMEREN TRANSMISSION OF ILLINOIS,38.0,9232.83,0.06578947368421052,0.4342105263157895,,,,,,,,,unavailable,unavailable,,unavailable,,unavailable,,unavailable,,unavailable,,unavailable,,unavailable,,unavailable,,unavailable,,unavailable,,unavailable,,unavailable,,unavailable,,unavailable,,unavailable,,unavailable,,unavailable,,unavailable,,unavailable,,unavailable,,unavailable,,unavailable,,unavailable,,unavailable
P::J3954,2026-03-01,2026-03-01,MISO,J3954,10.710472279260781,5.5254529391317835,solar,0,IL,,0,0.0,,,187.0,35200.11,0.0,0.0,62399.18,1202,238194.56,0.892539356605065,Phase 1,ERIS,250.0,17021,,,7AUSTIN 7PANA 345 0KV,54.039440203562336,33228.0,1.0,,0,0,0,1,0,0.0,,2025-04-09,4.17,80990.37768817204,101013.0,-0.6408162377577172,0.0065300658450057865,-603.8938172043011,4.31,-0.13999999999999968,18.19049822562721,AMEREN TRANSMISSION OF ILLINOIS,38.0,9232.83,0.06578947368421052,0.4342105263157895,,,,,,,,,unavailable,unavailable,,unavailable,,unavailable,,unavailable,,unavailable,,unavailable,,unavailable,,unavailable,,unavailable,,unavailable,,unavailable,,unavailable,,unavailable,,unavailable,,unavailable,,unavailable,,unavailable,,unavailable,,unavailable,,unavailable,,unavailable,,unavailable,,unavailable,,unavailable
P::J3955,2026-03-01,2026-03-01,MISO,J3955,10.743326488706366,5.303304908059076,wind_onshore,0,MN,,0,0.0,,,98.0,18201.9,1.0,300.0,26981.11,1202,238194.56,0.8952772073921971,Phase 1,NRIS,200.0,27073,,,BIG STONE SOUTH DEUEL COUNTY 345 0KV,18.797709923664122,6630.0,1.0,,0,0,0,,1,300.0,,2025-04-08,4.17,80990.37768817204,101013.0,-0.6408162377577172,0.0065300658450057865,-603.8938172043011,4.31,-0.13999999999999968,18.19049822562721,OTTER TAIL POWER OTP,5.0,2024.0,0.0,0.375,,,,,,,,,unavailable,unavailable,,unavailable,,unavailable,,unavailable,,unavailable,,unavailable,,unavailable,,unavailable,,unavailable,,unavailable,,unavailable,,unavailable,,unavailable,,unavailable,,unavailable,,unavailable,,unavailable,,unavailable,,unavailable,,unavailable,,unavailable,,unavailable,,unavailable,,unavailable
P::J3957,2026-03-01,2026-03-01,MISO,J3957,10.447638603696099,5.707110264748875,solar,0,MO,,0,0.0,,,28.0,7518.43,43.0,12741.869999999999,62349.18,1202,238194.56,0.8706365503080082,Phase 1,NRIS,300.0,29211,,,OTHER_,10.114503816793894,5797.0,1.0,,0,0,0,,43,12741.869999999999,,2025-04-17,4.17,80990.37768817204,101013.0,-0.6408162377577172,0.0065300658450057865,-603.8938172043011,4.31,-0.13999999999999968,18.19049822562721,AMEREN TRANSMISSION OF ILLINOIS,38.0,9232.83,0.06578947368421052,0.4342105263157895,,,,,,,,,unavailable,unavailable,,unavailable,,unavailable,,unavailable,,unavailable,,unavailable,,unavailable,,unavailable,,unavailable,,unavailable,,unavailable,,unavailable,,unavailable,,unavailable,,unavailable,,unavailable,,unavailable,,unavailable,,unavailable,,unavailable,,unavailable,,unavailable,,unavailable,,unavailable
P::J3959,2026-03-01,2026-03-01,MISO,J3959,10.447638603696099,5.303304908059076,solar,0,MO,,0,0.0,,,28.0,7618.43,43.0,12841.869999999999,62449.18,1202,238194.56,0.8706365503080082,Phase 1,NRIS,200.0,29079,,,OTHER_,27.86259541984733,9815.0,1.0,,0,0,0,,43,12841.869999999999,,2025-04-17,4.17,80990.37768817204,101013.0,-0.6408162377577172,0.0065300658450057865,-603.8938172043011,4.31,-0.13999999999999968,18.19049822562721,AMEREN TRANSMISSION OF ILLINOIS,38.0,9232.83,0.06578947368421052,0.4342105263157895,,,,,,,,,unavailable,unavailable,,unavailable,,unavailable,,unavailable,,unavailable,,unavailable,,unavailable,,unavailable,,unavailable,,unavailable,,unavailable,,unavailable,,unavailable,,unavailable,,unavailable,,unavailable,,unavailable,,unavailable,,unavailable,,unavailable,,unavailable,,unavailable,,unavailable,,unavailable
P::J3960,2026-03-01,2026-03-01,MISO,J3960,10.743326488706366,5.707110264748875,wind_onshore,0,MN,,0,0.0,,,98.0,18101.9,1.0,200.0,26881.11,1202,238194.56,0.8952772073921971,Phase 1,NRIS,300.0,27073,,,BIG STONE SOUTH DEUEL COUNTY 345 0KV,18.797709923664122,6630.0,1.0,,0,0,0,,1,200.0,,2025-04-08,4.17,80990.37768817204,101013.0,-0.6408162377577172,0.0065300658450057865,-603.8938172043011,4.31,-0.13999999999999968,18.19049822562721,OTTER TAIL POWER OTP,5.0,2024.0,0.0,0.375,,,,,,,,,unavailable,unavailable,,unavailable,,unavailable,,unavailable,,unavailable,,unavailable,,unavailable,,unavailable,,unavailable,,unavailable,,unavailable,,unavailable,,unavailable,,unavailable,,unavailable,,unavailable,,unavailable,,unavailable,,unavailable,,unavailable,,unavailable,,unavailable,,unavailable,,unavailable
P::J3962,2026-03-01,2026-03-01,MISO,J3962,11.630390143737166,5.111987788356544,other,0,MI,,0,0.0,,,174.0,34328.09,0.0,0.0,19798.7,1202,238194.56,0.9691991786447639,,NRIS,165.0,26017,,,BAUER HAMPTON 1 345 0KV,78.18066157760815,102500.0,0.0,,0,0,0,1,0,0.0,,2025-03-12,4.17,80990.37768817204,101013.0,-0.6408162377577172,0.0065300658450057865,-603.8938172043011,4.54,-0.3700000000000001,18.19049822562721,METC,167.0,33466.87,0.024691358024691357,0.45987654320987653,,,,,,,,,unavailable,unavailable,,unavailable,,unavailable,,unavailable,,unavailable,,unavailable,,unavailable,,unavailable,,unavailable,,unavailable,,unavailable,,unavailable,,unavailable,,unavailable,,unavailable,,unavailable,,unavailable,,unavailable,,unavailable,,unavailable,,unavailable,,unavailable,,unavailable,,unavailable
P::J3963,2026-03-01,2026-03-01,MISO,J3963,10.77618069815195,6.19644412779452,solar,0,SD,,0,0.0,,,12.0,3566.2,0.0,0.0,62159.18,1202,238194.56,0.8980150581793293,Phase 1,NRIS,490.0,46011,,,BROOKINGS COUNTY,50.06361323155216,35980.0,1.0,,0,0,0,,0,0.0,,2025-04-07,4.17,80990.37768817204,101013.0,-0.6408162377577172,0.0065300658450057865,-603.8938172043011,4.31,-0.13999999999999968,18.19049822562721,NORTHERN STATES POWER,72.0,15117.65,0.006134969325153374,0.5460122699386503,,,,,,,,,unavailable,unavailable,,unavailable,,unavailable,,unavailable,,unavailable,,unavailable,,unavailable,,unavailable,,unavailable,,unavailable,,unavailable,,unavailable,,unavailable,,unavailable,,unavailable,,unavailable,,unavailable,,unavailable,,unavailable,,unavailable,,unavailable,,unavailable,,unavailable,,unavailable
P::J3964,2026-03-01,2026-03-01,MISO,J3964,10.77618069815195,6.19644412779452,solar,0,SD,,0,0.0,,,12.0,3566.2,0.0,0.0,62159.18,1202,238194.56,0.8980150581793293,Phase 1,NRIS,490.0,46011,,,SPLIT ROCK WHITE WAPA 345 0KV,50.06361323155216,35980.0,1.0,,0,0,0,,0,0.0,,2025-04-07,4.17,80990.37768817204,101013.0,-0.6408162377577172,0.0065300658450057865,-603.8938172043011,4.31,-0.13999999999999968,18.19049822562721,NORTHERN STATES POWER,72.0,15117.65,0.006134969325153374,0.5460122699386503,,,,,,,,,unavailable,unavailable,,unavailable,,unavailable,,unavailable,,unavailable,,unavailable,,unavailable,,unavailable,,unavailable,,unavailable,,unavailable,,unavailable,,unavailable,,unavailable,,unavailable,,unavailable,,unavailable,,unavailable,,unavailable,,unavailable,,unavailable,,unavailable,,unavailable,,unavailable
P::J3966,2026-03-01,2026-03-01,MISO,J3966,10.973305954825461,5.765191102784844,wind_onshore,0,MI,,0,-33.75,,0.0,174.0,34175.09,2.0,600.0,26863.11,1202,238194.56,0.9144421629021219,,NRIS,318.0,26063,,,GRASSMERE,59.03307888040712,30927.0,1.0,,0,0,0,1,2,600.0,,2025-04-01,4.17,80990.37768817204,101013.0,-0.6408162377577172,0.0065300658450057865,-603.8938172043011,4.54,-0.3700000000000001,18.19049822562721,ITC,83.0,19624.149999999998,0.0,0.27586206896551724,,,,,,,,,unavailable,unavailable,,unavailable,,unavailable,,unavailable,,unavailable,,unavailable,,unavailable,,unavailable,,unavailable,,unavailable,,unavailable,,unavailable,,unavailable,,unavailable,,unavailable,,unavailable,,unavailable,,unavailable,,unavailable,,unavailable,,unavailable,,unavailable,,unavailable,,unavailable
P::J3967,2026-03-01,2026-03-01,MISO,J3967,10.973305954825461,5.14166355650266,wind_onshore,0,MI,,0,0.0,,,174.0,34323.09,1.0,70.0,27011.11,1202,238194.56,0.9144421629021219,,NRIS,170.0,26063,,,MINDEN,59.03307888040712,30927.0,1.0,,0,0,0,1,1,70.0,,2025-04-01,4.17,80990.37768817204,101013.0,-0.6408162377577172,0.0065300658450057865,-603.8938172043011,4.54,-0.3700000000000001,18.19049822562721,ITC,83.0,19624.149999999998,0.0,0.27586206896551724,,,,,,,,,unavailable,unavailable,,unavailable,,unavailable,,unavailable,,unavailable,,unavailable,,unavailable,,unavailable,,unavailable,,unavailable,,unavailable,,unavailable,,unavailable,,unavailable,,unavailable,,unavailable,,unavailable,,unavailable,,unavailable,,unavailable,,unavailable,,unavailable,,unavailable,,unavailable
P::J3968,2026-03-01,2026-03-01,MISO,J3968,11.564681724845997,4.61512051684126,battery,0,IL,,0,0.0,,,187.0,35350.11,0.0,0.0,44230.42,1202,238194.56,0.9637234770704997,Phase 1,NRIS,100.0,17029,,,MATTOON WEST,70.35623409669212,46060.0,1.0,,0,0,0,1,0,0.0,,2025-03-14,4.17,80990.37768817204,101013.0,-0.6408162377577172,0.0065300658450057865,-603.8938172043011,4.54,-0.3700000000000001,18.19049822562721,AMEREN ILLINOIS,221.0,41217.38,0.07429718875502007,0.4779116465863454,,,,,,,,,unavailable,unavailable,,unavailable,,unavailable,,unavailable,,unavailable,,unavailable,,unavailable,,unavailable,,unavailable,,unavailable,,unavailable,,unavailable,,unavailable,,unavailable,,unavailable,,unavailable,,unavailable,,unavailable,,unavailable,,unavailable,,unavailable,,unavailable,,unavailable,,unavailable
P::J3970,2026-03-01,2026-03-01,MISO,J3970,10.973305954825461,4.2626798770413155,wind_onshore,0,MI,,0,0.0,,,174.0,34423.09,1.0,170.0,27111.11,1202,238194.56,0.9144421629021219,,NRIS,70.0,26063,,,MINDEN,59.03307888040712,30927.0,1.0,,0,0,0,1,1,170.0,,2025-04-01,4.17,80990.37768817204,101013.0,-0.6408162377577172,0.0065300658450057865,-603.8938172043011,4.54,-0.3700000000000001,18.19049822562721,ITC,83.0,19624.149999999998,0.0,0.27586206896551724,,,,,,,,,unavailable,unavailable,,unavailable,,unavailable,,unavailable,,unavailable,,unavailable,,unavailable,,unavailable,,unavailable,,unavailable,,unavailable,,unavailable,,unavailable,,unavailable,,unavailable,,unavailable,,unavailable,,unavailable,,unavailable,,unavailable,,unavailable,,unavailable,,unavailable,,unavailable
P::J3971,2026-03-01,2026-03-01,MISO,J3971,10.973305954825461,5.545177444479562,wind_onshore,0,MI,,0,0.0,,,174.0,34238.09,0.0,0.0,26926.11,1202,238194.56,0.9144421629021219,,NRIS,255.0,26063,,,STEIN,59.03307888040712,30927.0,1.0,,0,0,0,1,0,0.0,,2025-04-01,4.17,80990.37768817204,101013.0,-0.6408162377577172,0.0065300658450057865,-603.8938172043011,4.54,-0.3700000000000001,18.19049822562721,ITC,83.0,19624.149999999998,0.0,0.27586206896551724,,,,,,,,,unavailable,unavailable,,unavailable,,unavailable,,unavailable,,unavailable,,unavailable,,unavailable,,unavailable,,unavailable,,unavailable,,unavailable,,unavailable,,unavailable,,unavailable,,unavailable,,unavailable,,unavailable,,unavailable,,unavailable,,unavailable,,unavailable,,unavailable,,unavailable,,unavailable
P::J3973,2026-03-01,2026-03-01,MISO,J3973,11.860369609856264,4.61512051684126,battery,0,MI,,0,0.0,,,174.0,34393.09,2.0,230.0,44230.42,1202,238194.56,0.9883641341546886,,NRIS,100.0,26023,,,COLDWATER MOORE ROAD 138 0KV,51.81297709923665,45215.0,1.0,,0,0,0,1,2,230.0,,2025-03-05,4.17,80990.37768817204,101013.0,-0.6408162377577172,0.0065300658450057865,-603.8938172043011,4.61,-0.4400000000000004,18.19049822562721,METC,167.0,33466.87,0.024691358024691357,0.45987654320987653,,,,,,,,,unavailable,unavailable,,unavailable,,unavailable,,unavailable,,unavailable,,unavailable,,unavailable,,unavailable,,unavailable,,unavailable,,unavailable,,unavailable,,unavailable,,unavailable,,unavailable,,unavailable,,unavailable,,unavailable,,unavailable,,unavailable,,unavailable,,unavailable,,unavailable,,unavailable
P::J3975,2026-03-01,2026-03-01,MISO,J3975,11.696098562628336,6.0342845442909105,solar,0,WI,,0,0.0,,,67.0,13775.960000000001,1.0,190.0,62232.68,1202,238194.56,0.974674880219028,Phase 1,NRIS,416.5,55107,,,STONE LAKE GARDNER PARK 345 0KV,37.27735368956743,14143.0,1.0,,0,0,0,,1,190.0,,2025-03-10,4.17,80990.37768817204,101013.0,-0.6408162377577172,0.0065300658450057865,-603.8938172043011,4.54,-0.3700000000000001,18.19049822562721,AMERICAN TRANSMISSION,110.0,22126.63,0.09090909090909091,0.6181818181818182,,,,,,,,,unavailable,unavailable,,unavailable,,unavailable,,unavailable,,unavailable,,unavailable,,unavailable,,unavailable,,unavailable,,unavailable,,unavailable,,unavailable,,unavailable,,unavailable,,unavailable,,unavailable,,unavailable,,unavailable,,unavailable,,unavailable,,unavailable,,unavailable,,unavailable,,unavailable
P::J3976,2026-03-01,2026-03-01,MISO,J3976,11.203285420944558,4.216562194946349,wind_onshore,0,IL,,0,0.0,,,187.0,35383.31,0.0,0.0,27114.31,1202,238194.56,0.9336071184120466,Phase 1,NRIS,66.8,17051,,,7COFFEN N 7RAMSEY 345 0KV,48.75954198473282,21164.0,1.0,,0,0,0,1,0,0.0,,2025-03-25,4.17,80990.37768817204,101013.0,-0.6408162377577172,0.0065300658450057865,-603.8938172043011,4.54,-0.3700000000000001,18.19049822562721,AMEREN ILLINOIS,221.0,41217.38,0.07429718875502007,0.4779116465863454,,,,,,,,,unavailable,unavailable,,unavailable,,unavailable,,unavailable,,unavailable,,unavailable,,unavailable,,unavailable,,unavailable,,unavailable,,unavailable,,unavailable,,unavailable,,unavailable,,unavailable,,unavailable,,unavailable,,unavailable,,unavailable,,unavailable,,unavailable,,unavailable,,unavailable,,unavailable
P::J3977,2026-03-01,2026-03-01,MISO,J3977,11.006160164271048,5.5254529391317835,battery,0,MI,,0,0.0,,,174.0,34243.09,1.0,220.0,44080.42,1202,238194.56,0.917180013689254,,NRIS,250.0,26151,,,GREENWOOD RAPSON 345 0KV,70.32442748091603,40368.0,1.0,,0,0,0,1,1,220.0,,2025-03-31,4.17,80990.37768817204,101013.0,-0.6408162377577172,0.0065300658450057865,-603.8938172043011,4.54,-0.3700000000000001,18.19049822562721,ITC,83.0,19624.149999999998,0.0,0.27586206896551724,,,,,,,,,unavailable,unavailable,,unavailable,,unavailable,,unavailable,,unavailable,,unavailable,,unavailable,,unavailable,,unavailable,,unavailable,,unavailable,,unavailable,,unavailable,,unavailable,,unavailable,,unavailable,,unavailable,,unavailable,,unavailable,,unavailable,,unavailable,,unavailable,,unavailable,,unavailable
P::J3978,2026-03-01,2026-03-01,MISO,J3978,10.743326488706366,5.303304908059076,other,0,IN,,0,0.0,,,89.0,18491.7,4.0,1640.0,19763.7,1202,238194.56,0.8952772073921971,Phase 1,NRIS,200.0,18153,,,PETERSBURG SULLIVAN AEP PJM 345 0KV,20.642493638676847,20757.0,1.0,,0,0,0,1,4,1640.0,,2025-04-08,4.17,80990.37768817204,101013.0,-0.6408162377577172,0.0065300658450057865,-603.8938172043011,4.31,-0.13999999999999968,18.19049822562721,HOOSIER ENERGY,21.0,4291.16,0.025,0.45,,,,,,,,,unavailable,unavailable,,unavailable,,unavailable,,unavailable,,unavailable,,unavailable,,unavailable,,unavailable,,unavailable,,unavailable,,unavailable,,unavailable,,unavailable,,unavailable,,unavailable,,unavailable,,unavailable,,unavailable,,unavailable,,unavailable,,unavailable,,unavailable,,unavailable,,unavailable
P::J3979,2026-03-01,2026-03-01,MISO,J3979,10.743326488706366,5.303304908059076,other,0,IN,,0,0.0,,,89.0,18491.7,4.0,1640.0,19763.7,1202,238194.56,0.8952772073921971,Phase 1,NRIS,200.0,18153,,,PETERSBURG SULLIVAN AEP PJM 345 0KV,20.642493638676847,20757.0,1.0,,0,0,0,1,4,1640.0,,2025-04-08,4.17,80990.37768817204,101013.0,-0.6408162377577172,0.0065300658450057865,-603.8938172043011,4.31,-0.13999999999999968,18.19049822562721,HOOSIER ENERGY,21.0,4291.16,0.025,0.45,,,,,,,,,unavailable,unavailable,,unavailable,,unavailable,,unavailable,,unavailable,,unavailable,,unavailable,,unavailable,,unavailable,,unavailable,,unavailable,,unavailable,,unavailable,,unavailable,,unavailable,,unavailable,,unavailable,,unavailable,,unavailable,,unavailable,,unavailable,,unavailable,,unavailable,,unavailable
P::J3980,2026-03-01,2026-03-01,MISO,J3980,10.743326488706366,5.303304908059076,other,0,IN,,0,0.0,,,89.0,18491.7,3.0,600.0,19763.7,1202,238194.56,0.8952772073921971,Phase 1,NRIS,200.0,18153,,,GIBSON STA MEROM HED 345 0KV,20.642493638676847,20757.0,1.0,,0,0,0,1,3,600.0,,2025-04-08,4.17,80990.37768817204,101013.0,-0.6408162377577172,0.0065300658450057865,-603.8938172043011,4.31,-0.13999999999999968,18.19049822562721,DUKE ENERGY INDIANA CIN,13.0,3697.0,0.0,0.17647058823529413,,,,,,,,,unavailable,unavailable,,unavailable,,unavailable,,unavailable,,unavailable,,unavailable,,unavailable,,unavailable,,unavailable,,unavailable,,unavailable,,unavailable,,unavailable,,unavailable,,unavailable,,unavailable,,unavailable,,unavailable,,unavailable,,unavailable,,unavailable,,unavailable,,unavailable,,unavailable
P::J3981,2026-03-01,2026-03-01,MISO,J3981,10.743326488706366,5.303304908059076,other,0,IN,,0,0.0,,,89.0,18491.7,3.0,600.0,19763.7,1202,238194.56,0.8952772073921971,Phase 1,NRIS,200.0,18153,,,GIBSON STA MEROM HED 345 0KV,20.642493638676847,20757.0,1.0,,0,0,0,1,3,600.0,,2025-04-08,4.17,80990.37768817204,101013.0,-0.6408162377577172,0.0065300658450057865,-603.8938172043011,4.31,-0.13999999999999968,18.19049822562721,DUKE ENERGY INDIANA CIN,13.0,3697.0,0.0,0.17647058823529413,,,,,,,,,unavailable,unavailable,,unavailable,,unavailable,,unavailable,,unavailable,,unavailable,,unavailable,,unavailable,,unavailable,,unavailable,,unavailable,,unavailable,,unavailable,,unavailable,,unavailable,,unavailable,,unavailable,,unavailable,,unavailable,,unavailable,,unavailable,,unavailable,,unavailable,,unavailable
P::J3982,2026-03-01,2026-03-01,MISO,J3982,14.193018480492814,5.7698822763607245,wind_onshore,0,AR,,0,0.0,,,74.0,18177.6,4.0,1648.0,26861.61,1202,238194.56,1.1827515400410678,Phase 1,NRIS,319.5,05085,,,WEST MEMPHIS EHV KEO EHV 500 0KV,75.09541984732824,75944.0,0.0,,0,0,0,,4,1648.0,,2024-12-24,4.17,80990.37768817204,101013.0,-0.6408162377577172,0.0065300658450057865,-603.8938172043011,4.3,-0.1299999999999999,18.19049822562721,ENTERGY ARKANSAS EATO,14.0,3964.5,0.0,0.23076923076923078,,,,,,,,,unavailable,unavailable,,unavailable,,unavailable,,unavailable,,unavailable,,unavailable,,unavailable,,unavailable,,unavailable,,unavailable,,unavailable,,unavailable,,unavailable,,unavailable,,unavailable,,unavailable,,unavailable,,unavailable,,unavailable,,unavailable,,unavailable,,unavailable,,unavailable,,unavailable
P::J3990,2026-03-01,2026-03-01,MISO,J3990,10.447638603696099,4.61512051684126,wind_onshore,0,IL,,0,0.0,,,187.0,35350.11,43.0,12941.869999999999,27081.11,1202,238194.56,0.8706365503080082,Phase 1,NRIS,100.0,17113,,,OTHER_,86.89567430025446,170441.0,0.0,,0,0,0,,43,12941.869999999999,,2025-04-17,4.17,80990.37768817204,101013.0,-0.6408162377577172,0.0065300658450057865,-603.8938172043011,4.31,-0.13999999999999968,18.19049822562721,AMEREN ILLINOIS,221.0,41217.38,0.07429718875502007,0.4779116465863454,,,,,,,,,unavailable,unavailable,,unavailable,,unavailable,,unavailable,,unavailable,,unavailable,,unavailable,,unavailable,,unavailable,,unavailable,,unavailable,,unavailable,,unavailable,,unavailable,,unavailable,,unavailable,,unavailable,,unavailable,,unavailable,,unavailable,,unavailable,,unavailable,,unavailable,,unavailable
P::J3991,2026-03-01,2026-03-01,MISO,J3991,10.447638603696099,5.831882477283517,wind_onshore,0,IL,,0,0.0,,,187.0,35110.11,43.0,12701.869999999999,26841.11,1202,238194.56,0.8706365503080082,Phase 1,NRIS,340.0,17113,,,OTHER_,86.89567430025446,170441.0,0.0,,0,0,0,,43,12701.869999999999,,2025-04-17,4.17,80990.37768817204,101013.0,-0.6408162377577172,0.0065300658450057865,-603.8938172043011,4.31,-0.13999999999999968,18.19049822562721,AMEREN ILLINOIS,221.0,41217.38,0.07429718875502007,0.4779116465863454,,,,,,,,,unavailable,unavailable,,unavailable,,unavailable,,unavailable,,unavailable,,unavailable,,unavailable,,unavailable,,unavailable,,unavailable,,unavailable,,unavailable,,unavailable,,unavailable,,unavailable,,unavailable,,unavailable,,unavailable,,unavailable,,unavailable,,unavailable,,unavailable,,unavailable,,unavailable
P::J3992,2026-03-01,2026-03-01,MISO,J3992,10.447638603696099,5.993961427306569,battery,0,MI,,0,0.0,,,174.0,34093.09,1.0,255.0,43930.42,1202,238194.56,0.8706365503080082,,NRIS,400.0,26045,,,MAJESTIC ONEIDA 345 0KV,67.6208651399491,108820.0,0.0,,0,0,0,1,1,255.0,,2025-04-17,4.17,80990.37768817204,101013.0,-0.6408162377577172,0.0065300658450057865,-603.8938172043011,4.31,-0.13999999999999968,18.19049822562721,METC,167.0,33466.87,0.024691358024691357,0.45987654320987653,,,,,,,,,unavailable,unavailable,,unavailable,,unavailable,,unavailable,,unavailable,,unavailable,,unavailable,,unavailable,,unavailable,,unavailable,,unavailable,,unavailable,,unavailable,,unavailable,,unavailable,,unavailable,,unavailable,,unavailable,,unavailable,,unavailable,,unavailable,,unavailable,,unavailable,,unavailable
P::J3994,2026-03-01,2026-03-01,MISO,J3994,10.447638603696099,5.8888779583328805,battery,0,MI,,0,0.0,,,174.0,34133.09,0.0,0.0,43970.42,1202,238194.56,0.8706365503080082,,NRIS,360.0,26115,,,18MOROCCO 256583,82.47455470737913,155045.0,0.0,,0,0,0,1,0,0.0,,2025-04-17,4.17,80990.37768817204,101013.0,-0.6408162377577172,0.0065300658450057865,-603.8938172043011,4.31,-0.13999999999999968,18.19049822562721,METC,167.0,33466.87,0.024691358024691357,0.45987654320987653,,,,,,,,,unavailable,unavailable,,unavailable,,unavailable,,unavailable,,unavailable,,unavailable,,unavailable,,unavailable,,unavailable,,unavailable,,unavailable,,unavailable,,unavailable,,unavailable,,unavailable,,unavailable,,unavailable,,unavailable,,unavailable,,unavailable,,unavailable,,unavailable,,unavailable,,unavailable
P::J3996,2026-03-01,2026-03-01,MISO,J3996,10.053388090349076,7.7057128238944275,natural_gas,0,MO,,0,0.0,,,28.0,5598.43,1.0,2220.0,24663.0,1202,238194.56,0.837782340862423,Phase 1,NRIS,2220.0,29183,,,SIOUX,92.58905852417303,416659.0,0.0,,0,0,0,1,1,2220.0,,2025-04-29,4.17,80990.37768817204,101013.0,-0.6408162377577172,0.0065300658450057865,-603.8938172043011,4.31,-0.13999999999999968,18.19049822562721,AMEREN MISSOURI,42.0,11977.23,0.041666666666666664,0.6,,,,,,,,,unavailable,unavailable,,unavailable,,unavailable,,unavailable,,unavailable,,unavailable,,unavailable,,unavailable,,unavailable,,unavailable,,unavailable,,unavailable,,unavailable,,unavailable,,unavailable,,unavailable,,unavailable,,unavailable,,unavailable,,unavailable,,unavailable,,unavailable,,unavailable,,unavailable
P::J3999,2026-03-01,2026-03-01,MISO,J3999,10.546201232032855,7.340186835320115,natural_gas,0,IN,,0,0.0,,,89.0,17151.7,1.0,200.0,25343.0,1202,238194.56,0.8788501026694046,Phase 1,NRIS,1540.0,18165,,,SUGAR CREEK CAYUGA CT 345 0KV,23.44147582697201,15417.0,1.0,,0,0,0,1,1,200.0,,2025-04-14,4.17,80990.37768817204,101013.0,-0.6408162377577172,0.0065300658450057865,-603.8938172043011,4.31,-0.13999999999999968,18.19049822562721,DUKE ENERGY INDIANA CIN,13.0,3697.0,0.0,0.17647058823529413,,,,,,,,,unavailable,unavailable,,unavailable,,unavailable,,unavailable,,unavailable,,unavailable,,unavailable,,unavailable,,unavailable,,unavailable,,unavailable,,unavailable,,unavailable,,unavailable,,unavailable,,unavailable,,unavailable,,unavailable,,unavailable,,unavailable,,unavailable,,unavailable,,unavailable,,unavailable
P::J4000,2026-03-01,2026-03-01,MISO,J4000,10.053388090349076,5.840641657373398,solar,0,IL,,0,0.0,,,187.0,35107.11,2.0,490.0,62306.18,1202,238194.56,0.837782340862423,Phase 1,NRIS,343.0,17171,,,7MEREDOSIA 7TURNER 345 0KV,2.767175572519084,4710.0,1.0,,0,0,0,1,2,490.0,,2025-04-29,4.17,80990.37768817204,101013.0,-0.6408162377577172,0.0065300658450057865,-603.8938172043011,4.31,-0.13999999999999968,18.19049822562721,AMEREN TRANSMISSION OF ILLINOIS,38.0,9232.83,0.06578947368421052,0.4342105263157895,,,,,,,,,unavailable,unavailable,,unavailable,,unavailable,,unavailable,,unavailable,,unavailable,,unavailable,,unavailable,,unavailable,,unavailable,,unavailable,,unavailable,,unavailable,,unavailable,,unavailable,,unavailable,,unavailable,,unavailable,,unavailable,,unavailable,,unavailable,,unavailable,,unavailable,,unavailable
P::J4001,2026-03-01,2026-03-01,MISO,J4001,10.053388090349076,5.5053315359323625,solar,0,MO,,0,0.0,,,28.0,7573.43,0.0,0.0,62404.18,1202,238194.56,0.837782340862423,Phase 1,NRIS,245.0,29127,,,7MAYWOOD 7PALMYRA 345 0KV,47.86895674300254,28336.0,1.0,,0,0,0,,0,0.0,,2025-04-29,4.17,80990.37768817204,101013.0,-0.6408162377577172,0.0065300658450057865,-603.8938172043011,4.31,-0.13999999999999968,18.19049822562721,AMEREN MISSOURI,42.0,11977.23,0.041666666666666664,0.6,,,,,,,,,unavailable,unavailable,,unavailable,,unavailable,,unavailable,,unavailable,,unavailable,,unavailable,,unavailable,,unavailable,,unavailable,,unavailable,,unavailable,,unavailable,,unavailable,,unavailable,,unavailable,,unavailable,,unavailable,,unavailable,,unavailable,,unavailable,,unavailable,,unavailable,,unavailable
P::J4002,2026-03-01,2026-03-01,MISO,J4002,10.020533880903491,5.303304908059076,battery,0,IL,,0,0.0,,,187.0,35250.11,3.0,516.23,44130.42,1202,238194.56,0.8350444900752909,Phase 1,NRIS,200.0,17045,,,7KANSAS 08SUGCRK 345 0KV,34.9236641221374,16334.0,1.0,,0,0,0,1,3,516.23,,2025-04-30,4.17,80990.37768817204,101013.0,-0.6408162377577172,0.0065300658450057865,-603.8938172043011,4.31,-0.13999999999999968,18.19049822562721,AMEREN TRANSMISSION OF ILLINOIS,38.0,9232.83,0.06578947368421052,0.4342105263157895,,,,,,,,,unavailable,unavailable,,unavailable,,unavailable,,unavailable,,unavailable,,unavailable,,unavailable,,unavailable,,unavailable,,unavailable,,unavailable,,unavailable,,unavailable,,unavailable,,unavailable,,unavailable,,unavailable,,unavailable,,unavailable,,unavailable,,unavailable,,unavailable,,unavailable,,unavailable
P::J4003,2026-03-01,2026-03-01,MISO,J4003,10.020533880903491,5.303304908059076,solar,0,IL,,0,0.0,,,187.0,35250.11,3.0,516.23,62449.18,1202,238194.56,0.8350444900752909,Phase 1,NRIS,200.0,17045,,,7KANSAS 08SUGCRK 345 0KV,34.9236641221374,16334.0,1.0,,0,0,0,1,3,516.23,,2025-04-30,4.17,80990.37768817204,101013.0,-0.6408162377577172,0.0065300658450057865,-603.8938172043011,4.31,-0.13999999999999968,18.19049822562721,AMEREN TRANSMISSION OF ILLINOIS,38.0,9232.83,0.06578947368421052,0.4342105263157895,,,,,,,,,unavailable,unavailable,,unavailable,,unavailable,,unavailable,,unavailable,,unavailable,,unavailable,,unavailable,,unavailable,,unavailable,,unavailable,,unavailable,,unavailable,,unavailable,,unavailable,,unavailable,,unavailable,,unavailable,,unavailable,,unavailable,,unavailable,,unavailable,,unavailable,,unavailable
P::J4005,2026-03-01,2026-03-01,MISO,J4005,9.987679671457906,6.2166061010848646,natural_gas,0,IN,,0,0.0,,,89.0,18191.7,4.0,1340.0,26383.0,1202,238194.56,0.8323066392881588,Phase 1,NRIS,500.0,18153,,,PETERSBURG SULLIVAN AEP PJM 345 0KV,20.642493638676847,20757.0,1.0,,0,0,0,1,4,1340.0,,2025-05-01,4.17,80990.37768817204,101013.0,-0.6408162377577172,0.0065300658450057865,-603.8938172043011,4.31,-0.13999999999999968,18.19049822562721,HOOSIER ENERGY,21.0,4291.16,0.025,0.45,,,,,,,,,unavailable,unavailable,,unavailable,,unavailable,,unavailable,,unavailable,,unavailable,,unavailable,,unavailable,,unavailable,,unavailable,,unavailable,,unavailable,,unavailable,,unavailable,,unavailable,,unavailable,,unavailable,,unavailable,,unavailable,,unavailable,,unavailable,,unavailable,,unavailable,,unavailable
P::J4006,2026-03-01,2026-03-01,MISO,J4006,9.790554414784394,5.672635745659364,wind_onshore,0,IA,,0,0.0,,,71.0,14339.740000000002,0.0,0.0,26891.31,1202,238194.56,0.8158795345653662,Phase 1,ERIS,289.8,19159,,,ORIENT DENNY 345KV,14.153944020356235,4642.0,1.0,,0,0,0,,0,0.0,,2025-05-07,4.17,80990.37768817204,101013.0,-0.6408162377577172,0.0065300658450057865,-603.8938172043011,4.35,-0.17999999999999972,18.19049822562721,MIDAMERICAN ENERGY MEC,4.0,1009.8,0.0,0.3333333333333333,,,,,,,,,unavailable,unavailable,,unavailable,,unavailable,,unavailable,,unavailable,,unavailable,,unavailable,,unavailable,,unavailable,,unavailable,,unavailable,,unavailable,,unavailable,,unavailable,,unavailable,,unavailable,,unavailable,,unavailable,,unavailable,,unavailable,,unavailable,,unavailable,,unavailable,,unavailable
P::J4007,2026-03-01,2026-03-01,MISO,J4007,9.527720739219713,5.017279836814924,wind_onshore,0,IL,,0,0.0,,,187.0,35300.11,5.0,1500.0,27031.11,1202,238194.56,0.7939767282683093,Phase 1,NRIS,150.0,17143,,,7FARGO 7SANDBURG 345 0KV,90.68066157760815,177513.0,0.0,,0,0,0,1,5,1500.0,,2025-05-15,4.17,80990.37768817204,101013.0,-0.6408162377577172,0.0065300658450057865,-603.8938172043011,4.35,-0.17999999999999972,18.19049822562721,AMEREN TRANSMISSION OF ILLINOIS,38.0,9232.83,0.06578947368421052,0.4342105263157895,,,,,,,,,unavailable,unavailable,,unavailable,,unavailable,,unavailable,,unavailable,,unavailable,,unavailable,,unavailable,,unavailable,,unavailable,,unavailable,,unavailable,,unavailable,,unavailable,,unavailable,,unavailable,,unavailable,,unavailable,,unavailable,,unavailable,,unavailable,,unavailable,,unavailable,,unavailable
P::J4009,2026-03-01,2026-03-01,MISO,J4009,10.184804928131417,4.394449154672439,solar,0,MN,,0,0.0,,,98.0,18321.9,0.0,0.0,62569.18,1202,238194.56,0.8487337440109514,Phase 1,NRIS,80.0,27089,,,VIKING KARLSTAD 115 0KV,23.568702290076335,8810.0,1.0,,0,0,0,,0,0.0,,2025-04-25,4.17,80990.37768817204,101013.0,-0.6408162377577172,0.0065300658450057865,-603.8938172043011,4.31,-0.13999999999999968,18.19049822562721,OTTER TAIL POWER OTP,5.0,2024.0,0.0,0.375,,,,,,,,,unavailable,unavailable,,unavailable,,unavailable,,unavailable,,unavailable,,unavailable,,unavailable,,unavailable,,unavailable,,unavailable,,unavailable,,unavailable,,unavailable,,unavailable,,unavailable,,unavailable,,unavailable,,unavailable,,unavailable,,unavailable,,unavailable,,unavailable,,unavailable,,unavailable
P::J4010,2026-03-01,2026-03-01,MISO,J4010,10.020533880903491,3.091042453358316,nuclear,0,IL,,0,0.0,,,187.0,35429.11,0.0,0.0,2149.1,1202,238194.56,0.8350444900752909,Phase 1,NRIS,21.0,17039,,,CLINTON 345KV SUBSTATION,29.262086513994912,15365.0,1.0,,0,0,0,,0,0.0,,2025-04-30,4.17,80990.37768817204,101013.0,-0.6408162377577172,0.0065300658450057865,-603.8938172043011,4.31,-0.13999999999999968,18.19049822562721,AMEREN ILLINOIS,221.0,41217.38,0.07429718875502007,0.4779116465863454,,,,,,,,,unavailable,unavailable,,unavailable,,unavailable,,unavailable,,unavailable,,unavailable,,unavailable,,unavailable,,unavailable,,unavailable,,unavailable,,unavailable,,unavailable,,unavailable,,unavailable,,unavailable,,unavailable,,unavailable,,unavailable,,unavailable,,unavailable,,unavailable,,unavailable,,unavailable
P::J4014,2026-03-01,2026-03-01,MISO,J4014,9.330595482546201,6.478509642208569,natural_gas,0,WI,,0,-45.968412302576894,,0.0,67.0,13542.460000000001,0.0,0.0,26233.0,1202,238194.56,0.7775496235455168,Phase 1,NRIS,650.0,55015,,,FOREST JUNCTION,30.18447837150127,53199.0,0.0,,0,0,0,1,0,0.0,,2025-05-21,4.17,80990.37768817204,101013.0,-0.6408162377577172,0.0065300658450057865,-603.8938172043011,4.35,-0.17999999999999972,18.19049822562721,AMERICAN TRANSMISSION,110.0,22126.63,0.09090909090909091,0.6181818181818182,,,,,,,,,unavailable,unavailable,,unavailable,,unavailable,,unavailable,,unavailable,,unavailable,,unavailable,,unavailable,,unavailable,,unavailable,,unavailable,,unavailable,,unavailable,,unavailable,,unavailable,,unavailable,,unavailable,,unavailable,,unavailable,,unavailable,,unavailable,,unavailable,,unavailable,,unavailable
P::J4016,2026-03-01,2026-03-01,MISO,J4016,9.363449691991786,5.707110264748875,battery,0,MI,,0,0.0,,,174.0,34193.09,0.0,0.0,44030.42,1202,238194.56,0.7802874743326489,,NRIS,300.0,26157,,,ATLANTA THETFORD KARN 138 0KV,73.05979643765903,52826.0,0.0,,0,0,0,1,0,0.0,,2025-05-20,4.17,80990.37768817204,101013.0,-0.6408162377577172,0.0065300658450057865,-603.8938172043011,4.35,-0.17999999999999972,18.19049822562721,ITC,83.0,19624.149999999998,0.0,0.27586206896551724,,,,,,,,,unavailable,unavailable,,unavailable,,unavailable,,unavailable,,unavailable,,unavailable,,unavailable,,unavailable,,unavailable,,unavailable,,unavailable,,unavailable,,unavailable,,unavailable,,unavailable,,unavailable,,unavailable,,unavailable,,unavailable,,unavailable,,unavailable,,unavailable,,unavailable,,unavailable
P::J4017,2026-03-01,2026-03-01,MISO,J4017,9.527720739219713,5.703782474656201,solar,0,MN,,0,0.0,,,98.0,18102.9,0.0,0.0,62350.18,1202,238194.56,0.7939767282683093,Phase 1,NRIS,299.0,27013,,,WILMARTH FIELDON 345 0KV,72.20101781170484,70006.0,0.0,,0,0,0,,0,0.0,,2025-05-15,4.17,80990.37768817204,101013.0,-0.6408162377577172,0.0065300658450057865,-603.8938172043011,4.35,-0.17999999999999972,18.19049822562721,NORTHERN STATES POWER,72.0,15117.65,0.006134969325153374,0.5460122699386503,,,,,,,,,unavailable,unavailable,,unavailable,,unavailable,,unavailable,,unavailable,,unavailable,,unavailable,,unavailable,,unavailable,,unavailable,,unavailable,,unavailable,,unavailable,,unavailable,,unavailable,,unavailable,,unavailable,,unavailable,,unavailable,,unavailable,,unavailable,,unavailable,,unavailable,,unavailable
P::J4018,2026-03-01,2026-03-01,MISO,J4018,9.95482546201232,5.5254529391317835,wind_onshore,0,IL,,0,0.0,,,187.0,35200.11,43.0,12791.869999999999,26931.11,1202,238194.56,0.8295687885010267,Phase 1,NRIS,250.0,17053,,,OTHER_,26.208651399491096,13250.0,1.0,,0,0,0,,43,12791.869999999999,,2025-05-02,4.17,80990.37768817204,101013.0,-0.6408162377577172,0.0065300658450057865,-603.8938172043011,4.31,-0.13999999999999968,18.19049822562721,AMEREN ILLINOIS,221.0,41217.38,0.07429718875502007,0.4779116465863454,,,,,,,,,unavailable,unavailable,,unavailable,,unavailable,,unavailable,,unavailable,,unavailable,,unavailable,,unavailable,,unavailable,,unavailable,,unavailable,,unavailable,,unavailable,,unavailable,,unavailable,,unavailable,,unavailable,,unavailable,,unavailable,,unavailable,,unavailable,,unavailable,,unavailable,,unavailable
P::J4019,2026-03-01,2026-03-01,MISO,J4019,9.790554414784394,5.303304908059076,battery,0,MI,,0,0.0,,,174.0,34293.09,1.0,309.0,44130.42,1202,238194.56,0.8158795345653662,,NRIS,200.0,26025,,,BATTLE CREEK ONEIDA 345 0KV,74.52290076335878,133366.0,0.0,,0,0,0,1,1,309.0,,2025-05-07,4.17,80990.37768817204,101013.0,-0.6408162377577172,0.0065300658450057865,-603.8938172043011,4.35,-0.17999999999999972,18.19049822562721,METC,167.0,33466.87,0.024691358024691357,0.45987654320987653,,,,,,,,,unavailable,unavailable,,unavailable,,unavailable,,unavailable,,unavailable,,unavailable,,unavailable,,unavailable,,unavailable,,unavailable,,unavailable,,unavailable,,unavailable,,unavailable,,unavailable,,unavailable,,unavailable,,unavailable,,unavailable,,unavailable,,unavailable,,unavailable,,unavailable,,unavailable
P::J4021,2026-03-01,2026-03-01,MISO,J4021,9.13347022587269,6.154858094016418,natural_gas,0,IN,,0,0.0,,,89.0,18221.7,4.0,1370.0,26413.0,1202,238194.56,0.7611225188227242,,NRIS,470.0,18153,,,PETERSBURG SULLIVAN AEP PJM 345 0KV,20.642493638676847,20757.0,1.0,,0,0,0,1,4,1370.0,,2025-05-27,4.17,80990.37768817204,101013.0,-0.6408162377577172,0.0065300658450057865,-603.8938172043011,4.35,-0.17999999999999972,18.19049822562721,INDIANAPOLIS POWER LIGHT,9.0,2448.8199999999997,0.14814814814814814,0.5185185185185185,,,,,,,,,unavailable,unavailable,,unavailable,,unavailable,,unavailable,,unavailable,,unavailable,,unavailable,,unavailable,,unavailable,,unavailable,,unavailable,,unavailable,,unavailable,,unavailable,,unavailable,,unavailable,,unavailable,,unavailable,,unavailable,,unavailable,,unavailable,,unavailable,,unavailable,,unavailable
P::J4024,2026-03-01,2026-03-01,MISO,J4024,9.856262833675565,7.313220387090301,natural_gas,0,MI,,0,0.0,,,174.0,32994.09,43.0,11542.869999999999,25384.0,1202,238194.56,0.8213552361396304,,NRIS,1499.0,26115,,,OTHER_,82.47455470737913,155045.0,0.0,,0,0,0,1,43,11542.869999999999,,2025-05-05,4.17,80990.37768817204,101013.0,-0.6408162377577172,0.0065300658450057865,-603.8938172043011,4.31,-0.13999999999999968,18.19049822562721,ITC,83.0,19624.149999999998,0.0,0.27586206896551724,,,,,,,,,unavailable,unavailable,,unavailable,,unavailable,,unavailable,,unavailable,,unavailable,,unavailable,,unavailable,,unavailable,,unavailable,,unavailable,,unavailable,,unavailable,,unavailable,,unavailable,,unavailable,,unavailable,,unavailable,,unavailable,,unavailable,,unavailable,,unavailable,,unavailable,,unavailable
P::J4025,2026-03-01,2026-03-01,MISO,J4025,9.856262833675565,7.313220387090301,natural_gas,0,MI,,0,0.0,,,174.0,32994.09,43.0,11542.869999999999,25384.0,1202,238194.56,0.8213552361396304,,NRIS,1499.0,26115,,,OTHER_,82.47455470737913,155045.0,0.0,,0,0,0,1,43,11542.869999999999,,2025-05-05,4.17,80990.37768817204,101013.0,-0.6408162377577172,0.0065300658450057865,-603.8938172043011,4.31,-0.13999999999999968,18.19049822562721,ITC,83.0,19624.149999999998,0.0,0.27586206896551724,,,,,,,,,unavailable,unavailable,,unavailable,,unavailable,,unavailable,,unavailable,,unavailable,,unavailable,,unavailable,,unavailable,,unavailable,,unavailable,,unavailable,,unavailable,,unavailable,,unavailable,,unavailable,,unavailable,,unavailable,,unavailable,,unavailable,,unavailable,,unavailable,,unavailable,,unavailable
P::J4026,2026-03-01,2026-03-01,MISO,J4026,9.330595482546201,5.5254529391317835,battery,0,MI,,0,0.0,,,174.0,34243.09,1.0,150.0,44080.42,1202,238194.56,0.7775496235455168,,NRIS,250.0,26091,,,BEECHER KNOWLES 138 0KV,69.94274809160305,97520.0,0.0,,0,0,0,1,1,150.0,,2025-05-21,4.17,80990.37768817204,101013.0,-0.6408162377577172,0.0065300658450057865,-603.8938172043011,4.35,-0.17999999999999972,18.19049822562721,ITC,83.0,19624.149999999998,0.0,0.27586206896551724,,,,,,,,,unavailable,unavailable,,unavailable,,unavailable,,unavailable,,unavailable,,unavailable,,unavailable,,unavailable,,unavailable,,unavailable,,unavailable,,unavailable,,unavailable,,unavailable,,unavailable,,unavailable,,unavailable,,unavailable,,unavailable,,unavailable,,unavailable,,unavailable,,unavailable,,unavailable
P::J4028,2026-03-01,2026-03-01,MISO,J4028,9.987679671457906,5.783825182329737,natural_gas,0,WI,,0,0.0,,,67.0,13868.460000000001,0.0,0.0,26559.0,1202,238194.56,0.8323066392881588,Phase 1,NRIS,324.0,55127,,,NORTH CREEK 138KV,74.77735368956743,105822.0,0.0,,0,0,0,,0,0.0,,2025-05-01,4.17,80990.37768817204,101013.0,-0.6408162377577172,0.0065300658450057865,-603.8938172043011,4.31,-0.13999999999999968,18.19049822562721,AMERICAN TRANSMISSION,110.0,22126.63,0.09090909090909091,0.6181818181818182,,,,,,,,,unavailable,unavailable,,unavailable,,unavailable,,unavailable,,unavailable,,unavailable,,unavailable,,unavailable,,unavailable,,unavailable,,unavailable,,unavailable,,unavailable,,unavailable,,unavailable,,unavailable,,unavailable,,unavailable,,unavailable,,unavailable,,unavailable,,unavailable,,unavailable,,unavailable
P::J4029,2026-03-01,2026-03-01,MISO,J4029,8.903490759753593,4.454347296253507,other,0,AR,,0,0.0,,,74.0,18412.1,0.0,0.0,19878.7,1202,238194.56,0.7419575633127995,Phase 1,NRIS,85.0,05093,,,HYBAR 230KV,89.2175572519084,38663.0,1.0,,0,0,0,1,0,0.0,,2025-06-03,4.17,80990.37768817204,101013.0,-0.6408162377577172,0.0065300658450057865,-603.8938172043011,4.35,-0.17999999999999972,18.19049822562721,ENTERGY ARKANSAS EAI,1.0,85.0,0.0,0.0,,,,,,,,,unavailable,unavailable,,unavailable,,unavailable,,unavailable,,unavailable,,unavailable,,unavailable,,unavailable,,unavailable,,unavailable,,unavailable,,unavailable,,unavailable,,unavailable,,unavailable,,unavailable,,unavailable,,unavailable,,unavailable,,unavailable,,unavailable,,unavailable,,unavailable,,unavailable
P::J4031,2026-03-01,2026-03-01,MISO,J4031,9.626283367556468,5.5053315359323625,solar,0,IL,,0,0.0,,,187.0,35205.11,2.0,588.0,62404.18,1202,238194.56,0.8021902806297057,Phase 1,NRIS,245.0,17171,,,7MEREDOSIA 7TURNER 345 0KV,2.767175572519084,4710.0,1.0,,0,0,0,1,2,588.0,,2025-05-12,4.17,80990.37768817204,101013.0,-0.6408162377577172,0.0065300658450057865,-603.8938172043011,4.35,-0.17999999999999972,18.19049822562721,AMEREN TRANSMISSION OF ILLINOIS,38.0,9232.83,0.06578947368421052,0.4342105263157895,,,,,,,,,unavailable,unavailable,,unavailable,,unavailable,,unavailable,,unavailable,,unavailable,,unavailable,,unavailable,,unavailable,,unavailable,,unavailable,,unavailable,,unavailable,,unavailable,,unavailable,,unavailable,,unavailable,,unavailable,,unavailable,,unavailable,,unavailable,,unavailable,,unavailable,,unavailable
P::J4034,2026-03-01,2026-03-01,MISO,J4034,8.574948665297741,4.2626798770413155,solar,0,IN,,0,0.0,,,89.0,18621.7,0.0,0.0,62579.18,1202,238194.56,0.7145790554414785,,NRIS,70.0,18167,,,SANDFORD 345KV,83.20610687022901,106153.0,0.0,,0,0,0,1,0,0.0,,2025-06-13,4.17,80990.37768817204,101013.0,-0.6408162377577172,0.0065300658450057865,-603.8938172043011,4.45,-0.28000000000000025,18.19049822562721,DUKE ENERGY INDIANA CIN,13.0,3697.0,0.0,0.17647058823529413,,,,,,,,,unavailable,unavailable,,unavailable,,unavailable,,unavailable,,unavailable,,unavailable,,unavailable,,unavailable,,unavailable,,unavailable,,unavailable,,unavailable,,unavailable,,unavailable,,unavailable,,unavailable,,unavailable,,unavailable,,unavailable,,unavailable,,unavailable,,unavailable,,unavailable,,unavailable
P::J4038,2026-03-01,2026-03-01,MISO,J4038,8.410677618069816,4.394449154672439,other,0,AR,,0,0.0,,,74.0,18417.1,0.0,0.0,19883.7,1202,238194.56,0.7008898015058179,Phase 1,NRIS,80.0,05123,,,BRINKLEY EAST AECC PALESTINE 161 0KV,74.74554707379136,22101.0,1.0,,0,0,0,1,0,0.0,,2025-06-18,4.17,80990.37768817204,101013.0,-0.6408162377577172,0.0065300658450057865,-603.8938172043011,4.45,-0.28000000000000025,18.19049822562721,ENTERGY ARKANSAS EATO,14.0,3964.5,0.0,0.23076923076923078,,,,,,,,,unavailable,unavailable,,unavailable,,unavailable,,unavailable,,unavailable,,unavailable,,unavailable,,unavailable,,unavailable,,unavailable,,unavailable,,unavailable,,unavailable,,unavailable,,unavailable,,unavailable,,unavailable,,unavailable,,unavailable,,unavailable,,unavailable,,unavailable,,unavailable,,unavailable
P::J4040,2026-03-01,2026-03-01,MISO,J4040,7.195071868583162,6.601230118728877,nuclear,0,MI,,0,0.0,,,174.0,33758.09,0.0,0.0,1435.1,1202,238194.56,0.5995893223819302,,NRIS,735.0,26159,,,PALISADES SWITCHYARD,60.464376590330794,75798.0,0.0,,0,0,0,,0,0.0,,2025-07-25,4.17,80990.37768817204,101013.0,-0.6408162377577172,0.0065300658450057865,-603.8938172043011,4.49,-0.3200000000000003,18.19049822562721,METC,167.0,33466.87,0.024691358024691357,0.45987654320987653,,,,,,,,,unavailable,unavailable,,unavailable,,unavailable,,unavailable,,unavailable,,unavailable,,unavailable,,unavailable,,unavailable,,unavailable,,unavailable,,unavailable,,unavailable,,unavailable,,unavailable,,unavailable,,unavailable,,unavailable,,unavailable,,unavailable,,unavailable,,unavailable,,unavailable,,unavailable
P::J4043,2026-03-01,2026-03-01,MISO,J4043,6.570841889117043,5.187385805840755,solar,0,MI,,0,0.0,,,174.0,34315.09,1.0,250.0,62471.18,1202,238194.56,0.5475701574264202,,NRIS,178.0,26045,,,ONEIDA,67.6208651399491,108820.0,0.0,,0,0,0,1,1,250.0,,2025-08-13,4.17,80990.37768817204,101013.0,-0.6408162377577172,0.0065300658450057865,-603.8938172043011,4.46,-0.29000000000000004,18.19049822562721,METC,167.0,33466.87,0.024691358024691357,0.45987654320987653,,,,,,,,,unavailable,unavailable,,unavailable,,unavailable,,unavailable,,unavailable,,unavailable,,unavailable,,unavailable,,unavailable,,unavailable,,unavailable,,unavailable,,unavailable,,unavailable,,unavailable,,unavailable,,unavailable,,unavailable,,unavailable,,unavailable,,unavailable,,unavailable,,unavailable,,unavailable
P::J4044,2026-03-01,2026-03-01,MISO,J4044,6.570841889117043,5.25227342804663,solar,0,MI,,0,0.0,,,174.0,34303.09,0.0,0.0,62459.18,1202,238194.56,0.5475701574264202,,NRIS,190.0,26091,,,BEECHER SEEMLESS EAST 138 0KV,69.94274809160305,97520.0,0.0,,0,0,0,1,0,0.0,,2025-08-13,4.17,80990.37768817204,101013.0,-0.6408162377577172,0.0065300658450057865,-603.8938172043011,4.46,-0.29000000000000004,18.19049822562721,METC,167.0,33466.87,0.024691358024691357,0.45987654320987653,,,,,,,,,unavailable,unavailable,,unavailable,,unavailable,,unavailable,,unavailable,,unavailable,,unavailable,,unavailable,,unavailable,,unavailable,,unavailable,,unavailable,,unavailable,,unavailable,,unavailable,,unavailable,,unavailable,,unavailable,,unavailable,,unavailable,,unavailable,,unavailable,,unavailable,,unavailable
P::J4047,2026-03-01,2026-03-01,MISO,J4047,6.570841889117043,5.081404364984463,solar,0,MI,,0,0.0,,,174.0,34333.09,1.0,180.0,62489.18,1202,238194.56,0.5475701574264202,,NRIS,160.0,26157,,,KARN THETFORD ATLANTA 138 0KV,73.05979643765903,52826.0,0.0,,0,0,0,1,1,180.0,,2025-08-13,4.17,80990.37768817204,101013.0,-0.6408162377577172,0.0065300658450057865,-603.8938172043011,4.46,-0.29000000000000004,18.19049822562721,METC,167.0,33466.87,0.024691358024691357,0.45987654320987653,,,,,,,,,unavailable,unavailable,,unavailable,,unavailable,,unavailable,,unavailable,,unavailable,,unavailable,,unavailable,,unavailable,,unavailable,,unavailable,,unavailable,,unavailable,,unavailable,,unavailable,,unavailable,,unavailable,,unavailable,,unavailable,,unavailable,,unavailable,,unavailable,,unavailable,,unavailable
P::J4048,2026-03-01,2026-03-01,MISO,J4048,6.373716632443532,4.709530201312334,solar,0,MI,,0,0.0,,,174.0,34383.09,0.0,0.0,62539.18,1202,238194.56,0.5311430527036276,,NRIS,110.0,26127,,,MEYER LUDINGTON 345 0KV,33.71501272264631,26981.0,1.0,,0,0,0,1,0,0.0,,2025-08-19,4.17,80990.37768817204,101013.0,-0.6408162377577172,0.0065300658450057865,-603.8938172043011,4.46,-0.29000000000000004,18.19049822562721,METC,167.0,33466.87,0.024691358024691357,0.45987654320987653,,,,,,,,,unavailable,unavailable,,unavailable,,unavailable,,unavailable,,unavailable,,unavailable,,unavailable,,unavailable,,unavailable,,unavailable,,unavailable,,unavailable,,unavailable,,unavailable,,unavailable,,unavailable,,unavailable,,unavailable,,unavailable,,unavailable,,unavailable,,unavailable,,unavailable,,unavailable
P::J4053,2026-03-01,2026-03-01,MISO,J4053,7.096509240246407,5.303304908059076,battery,0,MI,,0,0.0,,,174.0,34293.09,0.0,0.0,44130.42,1202,238194.56,0.5913757700205339,,NRIS,200.0,26055,,,KEYSTONE WEXFORD 138 0KV,65.64885496183206,96421.0,0.0,,0,0,0,1,0,0.0,,2025-07-28,4.17,80990.37768817204,101013.0,-0.6408162377577172,0.0065300658450057865,-603.8938172043011,4.49,-0.3200000000000003,18.19049822562721,METC,167.0,33466.87,0.024691358024691357,0.45987654320987653,,,,,,,,,unavailable,unavailable,,unavailable,,unavailable,,unavailable,,unavailable,,unavailable,,unavailable,,unavailable,,unavailable,,unavailable,,unavailable,,unavailable,,unavailable,,unavailable,,unavailable,,unavailable,,unavailable,,unavailable,,unavailable,,unavailable,,unavailable,,unavailable,,unavailable,,unavailable
P::J4054,2026-03-01,2026-03-01,MISO,J4054,5.388090349075975,4.990432586778736,wind_onshore,0,MI,,0,0.0,,,174.0,34347.09,0.0,0.0,27035.11,1202,238194.56,0.4490075290896646,,NRIS,146.0,26145,,,CLAREMONT LAYTON 138 0KV,88.54961832061069,187782.0,0.0,,0,0,0,1,0,0.0,,2025-09-18,4.17,80990.37768817204,101013.0,-0.6408162377577172,0.0065300658450057865,-603.8938172043011,4.23,-0.0600000000000005,18.19049822562721,METC,167.0,33466.87,0.024691358024691357,0.45987654320987653,,,,,,,,,unavailable,unavailable,,unavailable,,unavailable,,unavailable,,unavailable,,unavailable,,unavailable,,unavailable,,unavailable,,unavailable,,unavailable,,unavailable,,unavailable,,unavailable,,unavailable,,unavailable,,unavailable,,unavailable,,unavailable,,unavailable,,unavailable,,unavailable,,unavailable,,unavailable
P::J4055,2026-03-01,2026-03-01,MISO,J4055,6.04517453798768,5.293304824724492,wind_onshore,0,MI,,0,0.0,,,174.0,34295.09,0.0,0.0,26983.11,1202,238194.56,0.5037645448323066,,NRIS-Only,198.0,26067,,,PEDDLER,55.85241730279898,66262.0,0.0,,0,0,0,1,0,0.0,,2025-08-29,4.17,80990.37768817204,101013.0,-0.6408162377577172,0.0065300658450057865,-603.8938172043011,4.46,-0.29000000000000004,18.19049822562721,ITC,83.0,19624.149999999998,0.0,0.27586206896551724,,,,,,,,,unavailable,unavailable,,unavailable,,unavailable,,unavailable,,unavailable,,unavailable,,unavailable,,unavailable,,unavailable,,unavailable,,unavailable,,unavailable,,unavailable,,unavailable,,unavailable,,unavailable,,unavailable,,unavailable,,unavailable,,unavailable,,unavailable,,unavailable,,unavailable,,unavailable
P::J4056,2026-03-01,2026-03-01,MISO,J4056,6.11088295687885,5.739792912179234,wind_onshore,0,IA,,0,0.0,,,71.0,14319.54,1.0,232.0,26871.11,1202,238194.56,0.5092402464065708,Phase 1,NRIS,310.0,19127,,,LEHIGH MARSHALLTOWN TWINKLE 345KV,62.468193384223916,40014.0,1.0,,0,0,0,1,1,232.0,,2025-08-27,4.17,80990.37768817204,101013.0,-0.6408162377577172,0.0065300658450057865,-603.8938172043011,4.46,-0.29000000000000004,18.19049822562721,THE MUNICIPAL ELECTRIC UTILITY OF THE CITY OF CEDAR FALLS IOWA,1.0,310.0,0.0,0.0,,,,,,,,,unavailable,unavailable,,unavailable,,unavailable,,unavailable,,unavailable,,unavailable,,unavailable,,unavailable,,unavailable,,unavailable,,unavailable,,unavailable,,unavailable,,unavailable,,unavailable,,unavailable,,unavailable,,unavailable,,unavailable,,unavailable,,unavailable,,unavailable,,unavailable,,unavailable
P::J4058,2026-03-01,2026-03-01,MISO,J4058,6.275154004106776,5.5254529391317835,battery,0,MI,,0,0.0,,,174.0,34243.09,0.0,0.0,44080.42,1202,238194.56,0.5229295003422314,,NRIS,250.0,26063,,,WYATT,59.03307888040712,30927.0,1.0,,0,0,0,1,0,0.0,,2025-08-22,4.17,80990.37768817204,101013.0,-0.6408162377577172,0.0065300658450057865,-603.8938172043011,4.46,-0.29000000000000004,18.19049822562721,ITC,83.0,19624.149999999998,0.0,0.27586206896551724,,,,,,,,,unavailable,unavailable,,unavailable,,unavailable,,unavailable,,unavailable,,unavailable,,unavailable,,unavailable,,unavailable,,unavailable,,unavailable,,unavailable,,unavailable,,unavailable,,unavailable,,unavailable,,unavailable,,unavailable,,unavailable,,unavailable,,unavailable,,unavailable,,unavailable,,unavailable
P::J4059,2026-03-01,2026-03-01,MISO,J4059,6.3408624229979464,4.867534450455582,solar,0,MN,,0,0.0,,,98.0,18272.9,0.0,0.0,62520.18,1202,238194.56,0.5284052019164955,Phase 1,NRIS,129.0,27085,,,BLUE LAKE MCLEOD GRE 230 0KV,46.596692111959285,36785.0,1.0,,0,0,0,,0,0.0,,2025-08-20,4.17,80990.37768817204,101013.0,-0.6408162377577172,0.0065300658450057865,-603.8938172043011,4.46,-0.29000000000000004,18.19049822562721,NORTHERN STATES POWER,72.0,15117.65,0.006134969325153374,0.5460122699386503,,,,,,,,,unavailable,unavailable,,unavailable,,unavailable,,unavailable,,unavailable,,unavailable,,unavailable,,unavailable,,unavailable,,unavailable,,unavailable,,unavailable,,unavailable,,unavailable,,unavailable,,unavailable,,unavailable,,unavailable,,unavailable,,unavailable,,unavailable,,unavailable,,unavailable,,unavailable
P::J4061,2026-03-01,2026-03-01,MISO,J4061,6.767967145790554,5.017279836814924,solar,0,MI,,0,0.0,,,174.0,34343.09,0.0,0.0,62499.18,1202,238194.56,0.5639972621492129,,NRIS,150.0,26091,,,KNOWLES MOORE ROAD 138 0KV,69.94274809160305,97520.0,0.0,,0,0,0,1,0,0.0,,2025-08-07,4.17,80990.37768817204,101013.0,-0.6408162377577172,0.0065300658450057865,-603.8938172043011,4.46,-0.29000000000000004,18.19049822562721,ITC,83.0,19624.149999999998,0.0,0.27586206896551724,,,,,,,,,unavailable,unavailable,,unavailable,,unavailable,,unavailable,,unavailable,,unavailable,,unavailable,,unavailable,,unavailable,,unavailable,,unavailable,,unavailable,,unavailable,,unavailable,,unavailable,,unavailable,,unavailable,,unavailable,,unavailable,,unavailable,,unavailable,,unavailable,,unavailable,,unavailable
P::J4063,2026-03-01,2026-03-01,MISO,J4063,5.848049281314168,5.707110264748875,wind_onshore,0,IN,,0,0.0,,,89.0,18391.7,3.0,340.0,26881.11,1202,238194.56,0.487337440109514,,NRIS,300.0,18083,,,GIBSON STA BEDFORD 345 345 0KV,55.3117048346056,36070.0,1.0,,0,0,0,1,3,340.0,,2025-09-04,4.17,80990.37768817204,101013.0,-0.6408162377577172,0.0065300658450057865,-603.8938172043011,4.46,-0.29000000000000004,18.19049822562721,DUKE ENERGY INDIANA CIN,13.0,3697.0,0.0,0.17647058823529413,,,,,,,,,unavailable,unavailable,,unavailable,,unavailable,,unavailable,,unavailable,,unavailable,,unavailable,,unavailable,,unavailable,,unavailable,,unavailable,,unavailable,,unavailable,,unavailable,,unavailable,,unavailable,,unavailable,,unavailable,,unavailable,,unavailable,,unavailable,,unavailable,,unavailable,,unavailable
P::J4065,2026-03-01,2026-03-01,MISO,J4065,5.256673511293634,5.303304908059076,battery,0,MN,,0,0.0,,,98.0,18201.9,0.0,0.0,44130.42,1202,238194.56,0.4380561259411362,Phase 1,NRIS,200.0,27037,,,NININGER 115KV,89.50381679389314,447440.0,0.0,,0,0,0,1,0,0.0,,2025-09-22,4.17,80990.37768817204,101013.0,-0.6408162377577172,0.0065300658450057865,-603.8938172043011,4.23,-0.0600000000000005,18.19049822562721,GREAT RIVER ENERGY,25.0,5005.92,0.11940298507462686,0.6940298507462687,,,,,,,,,unavailable,unavailable,,unavailable,,unavailable,,unavailable,,unavailable,,unavailable,,unavailable,,unavailable,,unavailable,,unavailable,,unavailable,,unavailable,,unavailable,,unavailable,,unavailable,,unavailable,,unavailable,,unavailable,,unavailable,,unavailable,,unavailable,,unavailable,,unavailable,,unavailable
P::J4068,2026-03-01,2026-03-01,MISO,J4068,4.895277207392197,5.4510384535657,wind_onshore,0,IA,,0,0.0,,,71.0,14397.54,1.0,310.0,26949.11,1202,238194.56,0.4079397672826831,Phase 1,NRIS,232.0,19127,,,LEHIGH MARSHALLTOWN TWINKLE 345KV,62.468193384223916,40014.0,1.0,,0,0,0,1,1,310.0,,2025-10-03,4.17,80990.37768817204,101013.0,-0.6408162377577172,0.0065300658450057865,-603.8938172043011,4.23,-0.0600000000000005,18.19049822562721,MIDAMERICAN ENERGY,45.0,8895.24,0.18652849740932642,0.5803108808290155,,,,,,,,,unavailable,unavailable,,unavailable,,unavailable,,unavailable,,unavailable,,unavailable,,unavailable,,unavailable,,unavailable,,unavailable,,unavailable,,unavailable,,unavailable,,unavailable,,unavailable,,unavailable,,unavailable,,unavailable,,unavailable,,unavailable,,unavailable,,unavailable,,unavailable,,unavailable
P::J4069,2026-03-01,2026-03-01,MISO,J4069,4.895277207392197,5.141254115968176,solar,0,WI,,0,0.0,,,67.0,14022.53,0.0,0.0,62479.25,1202,238194.56,0.4079397672826831,Phase 1,NRIS,169.93,55073,,,KELLY ACKLEY 115 0KV,87.1501272264631,138612.0,0.0,,0,0,0,1,0,0.0,,2025-10-03,4.17,80990.37768817204,101013.0,-0.6408162377577172,0.0065300658450057865,-603.8938172043011,4.23,-0.0600000000000005,18.19049822562721,AMERICAN TRANSMISSION,110.0,22126.63,0.09090909090909091,0.6181818181818182,,,,,,,,,unavailable,unavailable,,unavailable,,unavailable,,unavailable,,unavailable,,unavailable,,unavailable,,unavailable,,unavailable,,unavailable,,unavailable,,unavailable,,unavailable,,unavailable,,unavailable,,unavailable,,unavailable,,unavailable,,unavailable,,unavailable,,unavailable,,unavailable,,unavailable,,unavailable
P::J4070,2026-03-01,2026-03-01,MISO,J4070,4.763860369609857,3.713572066704308,solar,0,ND,,0,0.0,,,14.0,2585.0,1.0,45.0,62609.18,1202,238194.56,0.39698836413415467,,NRIS,40.0,38029,,,LINTON NW,44.274809160305345,3224.0,1.0,,0,0,0,,1,45.0,,2025-10-07,4.17,80990.37768817204,101013.0,-0.6408162377577172,0.0065300658450057865,-603.8938172043011,4.05,0.1200000000000001,18.19049822562721,MONTANA DAKOTA UTILITIES,11.0,1700.0,0.14285714285714285,0.7523809523809524,,,,,,,,,unavailable,unavailable,,unavailable,,unavailable,,unavailable,,unavailable,,unavailable,,unavailable,,unavailable,,unavailable,,unavailable,,unavailable,,unavailable,,unavailable,,unavailable,,unavailable,,unavailable,,unavailable,,unavailable,,unavailable,,unavailable,,unavailable,,unavailable,,unavailable,,unavailable
P::J4072,2026-03-01,2026-03-01,MISO,J4072,4.7967145790554415,6.2166061010848646,battery,0,MN,,0,0.0,,,98.0,17901.9,6.0,1256.47,43830.42,1202,238194.56,0.3997262149212868,,NRIS,500.0,27127,,,CEDAR MOUNTAIN LYON COUNTY 345 0KV,35.05089058524173,15288.0,1.0,,0,0,0,,6,1256.47,,2025-10-06,4.17,80990.37768817204,101013.0,-0.6408162377577172,0.0065300658450057865,-603.8938172043011,4.05,0.1200000000000001,18.19049822562721,MINNESOTA MUNICIPAL POWER AGENCY M2PA,1.0,500.0,0.0,0.0,,,,,,,,,unavailable,unavailable,,unavailable,,unavailable,,unavailable,,unavailable,,unavailable,,unavailable,,unavailable,,unavailable,,unavailable,,unavailable,,unavailable,,unavailable,,unavailable,,unavailable,,unavailable,,unavailable,,unavailable,,unavailable,,unavailable,,unavailable,,unavailable,,unavailable,,unavailable
P::J4077,2026-03-01,2026-03-01,MISO,J4077,4.7967145790554415,3.828641396489095,solar,0,ND,,0,0.0,,,14.0,2580.0,1.0,40.0,62604.18,1202,238194.56,0.3997262149212868,,NRIS,45.0,38029,,,LINTON NW,44.274809160305345,3224.0,1.0,,0,0,0,,1,40.0,,2025-10-06,4.17,80990.37768817204,101013.0,-0.6408162377577172,0.0065300658450057865,-603.8938172043011,4.05,0.1200000000000001,18.19049822562721,MONTANA DAKOTA UTILITIES,11.0,1700.0,0.14285714285714285,0.7523809523809524,,,,,,,,,unavailable,unavailable,,unavailable,,unavailable,,unavailable,,unavailable,,unavailable,,unavailable,,unavailable,,unavailable,,unavailable,,unavailable,,unavailable,,unavailable,,unavailable,,unavailable,,unavailable,,unavailable,,unavailable,,unavailable,,unavailable,,unavailable,,unavailable,,unavailable,,unavailable
P::J4078,2026-03-01,2026-03-01,MISO,J4078,4.7967145790554415,6.2166061010848646,battery,0,MN,,0,0.0,,,98.0,17901.9,3.0,380.0,43830.42,1202,238194.56,0.3997262149212868,,NRIS,500.0,27099,,,ADAMS,67.27099236641222,40058.0,1.0,,0,0,0,,3,380.0,,2025-10-06,4.17,80990.37768817204,101013.0,-0.6408162377577172,0.0065300658450057865,-603.8938172043011,4.05,0.1200000000000001,18.19049822562721,NORTHERN STATES POWER,72.0,15117.65,0.006134969325153374,0.5460122699386503,,,,,,,,,unavailable,unavailable,,unavailable,,unavailable,,unavailable,,unavailable,,unavailable,,unavailable,,unavailable,,unavailable,,unavailable,,unavailable,,unavailable,,unavailable,,unavailable,,unavailable,,unavailable,,unavailable,,unavailable,,unavailable,,unavailable,,unavailable,,unavailable,,unavailable,,unavailable
P::J4079,2026-03-01,2026-03-01,MISO,J4079,4.763860369609857,5.017279836814924,battery,0,LA,,0,0.0,,,59.0,13169.51,0.0,0.0,44180.42,1202,238194.56,0.39698836413415467,,NRIS,150.0,22019,,,NELSON 230 SWYD PENTON ROAD CLECO 230 0KV,95.70610687022901,203761.0,0.0,,0,0,0,,0,0.0,,2025-10-07,4.17,80990.37768817204,101013.0,-0.6408162377577172,0.0065300658450057865,-603.8938172043011,4.05,0.1200000000000001,18.19049822562721,CLECO POWER CLEC,4.0,856.0,0.0,0.16666666666666666,,,,,,,,,unavailable,unavailable,,unavailable,,unavailable,,unavailable,,unavailable,,unavailable,,unavailable,,unavailable,,unavailable,,unavailable,,unavailable,,unavailable,,unavailable,,unavailable,,unavailable,,unavailable,,unavailable,,unavailable,,unavailable,,unavailable,,unavailable,,unavailable,,unavailable,,unavailable
P::J4081,2026-03-01,2026-03-01,MISO,J4081,4.763860369609857,5.5254529391317835,battery,0,SD,,0,0.0,,,12.0,3806.2,2.0,500.0,44080.42,1202,238194.56,0.39698836413415467,,NRIS,250.0,46051,,,BIG STONE SOUTH 345KV SUBSTATION,18.893129770992367,7553.0,1.0,,0,0,0,,2,500.0,,2025-10-07,4.17,80990.37768817204,101013.0,-0.6408162377577172,0.0065300658450057865,-603.8938172043011,4.05,0.1200000000000001,18.19049822562721,OTTER TAIL POWER,25.0,4561.42,0.13259668508287292,0.7292817679558011,,,,,,,,,unavailable,unavailable,,unavailable,,unavailable,,unavailable,,unavailable,,unavailable,,unavailable,,unavailable,,unavailable,,unavailable,,unavailable,,unavailable,,unavailable,,unavailable,,unavailable,,unavailable,,unavailable,,unavailable,,unavailable,,unavailable,,unavailable,,unavailable,,unavailable,,unavailable
P::J4082,2026-03-01,2026-03-01,MISO,J4082,4.763860369609857,6.2166061010848646,battery,0,AR,,0,0.0,,,74.0,17997.1,43.0,12541.869999999999,43830.42,1202,238194.56,0.39698836413415467,,NRIS,500.0,05069,,,OTHER_,85.17811704834605,63661.0,0.0,,0,0,0,1,43,12541.869999999999,,2025-10-07,4.17,80990.37768817204,101013.0,-0.6408162377577172,0.0065300658450057865,-603.8938172043011,4.05,0.1200000000000001,18.19049822562721,ENTERGY ARKANSAS,118.0,29185.92,0.011661807580174927,0.641399416909621,,,,,,,,,unavailable,unavailable,,unavailable,,unavailable,,unavailable,,unavailable,,unavailable,,unavailable,,unavailable,,unavailable,,unavailable,,unavailable,,unavailable,,unavailable,,unavailable,,unavailable,,unavailable,,unavailable,,unavailable,,unavailable,,unavailable,,unavailable,,unavailable,,unavailable,,unavailable
P::J4083,2026-03-01,2026-03-01,MISO,J4083,4.763860369609857,5.017279836814924,battery,0,MS,,0,0.0,,,32.0,4831.6,0.0,0.0,44180.42,1202,238194.56,0.39698836413415467,,NRIS,150.0,28111,,,PURVIS BULK 161 HINTONVILLE 161 161 0KV,19.49745547073791,11315.0,1.0,,0,0,0,,0,0.0,,2025-10-07,4.17,80990.37768817204,101013.0,-0.6408162377577172,0.0065300658450057865,-603.8938172043011,4.05,0.1200000000000001,18.19049822562721,COOPERATIVE ENERGY,8.0,1383.5,0.03571428571428571,0.6785714285714286,,,,,,,,,unavailable,unavailable,,unavailable,,unavailable,,unavailable,,unavailable,,unavailable,,unavailable,,unavailable,,unavailable,,unavailable,,unavailable,,unavailable,,unavailable,,unavailable,,unavailable,,unavailable,,unavailable,,unavailable,,unavailable,,unavailable,,unavailable,,unavailable,,unavailable,,unavailable
P::J4085,2026-03-01,2026-03-01,MISO,J4085,4.763860369609857,3.7612001156935624,solar,0,MI,,0,0.0,,,174.0,34451.09,1.0,5.990000000000002,62607.18,1202,238194.56,0.39698836413415467,Phase 1,NRIS,42.0,26043,,,NORDIC,59.28753180661578,25982.0,1.0,,0,0,0,1,1,5.99,,2025-10-07,4.17,80990.37768817204,101013.0,-0.6408162377577172,0.0065300658450057865,-603.8938172043011,4.05,0.1200000000000001,18.19049822562721,AMERICAN TRANSMISSION,110.0,22126.63,0.09090909090909091,0.6181818181818182,,,,,,,,,unavailable,unavailable,,unavailable,,unavailable,,unavailable,,unavailable,,unavailable,,unavailable,,unavailable,,unavailable,,unavailable,,unavailable,,unavailable,,unavailable,,unavailable,,unavailable,,unavailable,,unavailable,,unavailable,,unavailable,,unavailable,,unavailable,,unavailable,,unavailable,,unavailable
P::J4086,2026-03-01,2026-03-01,MISO,J4086,4.763860369609857,4.795790545596741,solar,0,IA,,0,0.0,,,71.0,14509.54,0.0,0.0,62529.18,1202,238194.56,0.39698836413415467,,NRIS,120.0,19179,,,OTTUMWA GENERATION TRI COUNTY 161KV,65.33078880407125,35166.0,1.0,,0,0,0,,0,0.0,,2025-10-07,4.17,80990.37768817204,101013.0,-0.6408162377577172,0.0065300658450057865,-603.8938172043011,4.05,0.1200000000000001,18.19049822562721,ITC MIDWEST,87.0,14086.3,0.18114143920595532,0.6029776674937966,,,,,,,,,unavailable,unavailable,,unavailable,,unavailable,,unavailable,,unavailable,,unavailable,,unavailable,,unavailable,,unavailable,,unavailable,,unavailable,,unavailable,,unavailable,,unavailable,,unavailable,,unavailable,,unavailable,,unavailable,,unavailable,,unavailable,,unavailable,,unavailable,,unavailable,,unavailable
P::J4088,2026-03-01,2026-03-01,MISO,J4088,4.7967145790554415,5.831882477283517,other,0,AR,,0,0.0,,,74.0,18157.1,0.0,0.0,19623.7,1202,238194.56,0.3997262149212868,Phase 1,NRIS,340.0,05077,,,WHEATLEY 500KV SWITCHING STATION BEING BUILT BY J1710 J1820,40.42620865139949,8201.0,1.0,,0,0,0,1,0,0.0,,2025-10-06,4.17,80990.37768817204,101013.0,-0.6408162377577172,0.0065300658450057865,-603.8938172043011,4.05,0.1200000000000001,18.19049822562721,ENTERGY ARKANSAS,118.0,29185.92,0.011661807580174927,0.641399416909621,,,,,,,,,unavailable,unavailable,,unavailable,,unavailable,,unavailable,,unavailable,,unavailable,,unavailable,,unavailable,,unavailable,,unavailable,,unavailable,,unavailable,,unavailable,,unavailable,,unavailable,,unavailable,,unavailable,,unavailable,,unavailable,,unavailable,,unavailable,,unavailable,,unavailable,,unavailable
P::J4092,2026-03-01,2026-03-01,MISO,J4092,4.763860369609857,5.303304908059076,solar,0,LA,,0,0.0,,,59.0,13119.51,0.0,0.0,62449.18,1202,238194.56,0.39698836413415467,,NRIS,200.0,22011,,,DERIDDER LONGVILLE 138 0KV,55.56615776081425,36827.0,1.0,,0,0,0,1,0,0.0,,2025-10-07,4.17,80990.37768817204,101013.0,-0.6408162377577172,0.0065300658450057865,-603.8938172043011,4.05,0.1200000000000001,18.19049822562721,CLECO POWER CLEC,4.0,856.0,0.0,0.16666666666666666,,,,,,,,,unavailable,unavailable,,unavailable,,unavailable,,unavailable,,unavailable,,unavailable,,unavailable,,unavailable,,unavailable,,unavailable,,unavailable,,unavailable,,unavailable,,unavailable,,unavailable,,unavailable,,unavailable,,unavailable,,unavailable,,unavailable,,unavailable,,unavailable,,unavailable,,unavailable
P::J4093,2026-03-01,2026-03-01,MISO,J4093,4.7967145790554415,5.993961427306569,battery,0,MI,,0,0.0,,,174.0,34093.09,0.0,0.0,43930.42,1202,238194.56,0.3997262149212868,,NRIS,400.0,26105,,,PERE MARQUETTE,25.349872773536898,29159.0,1.0,,0,0,0,1,0,0.0,,2025-10-06,4.17,80990.37768817204,101013.0,-0.6408162377577172,0.0065300658450057865,-603.8938172043011,4.05,0.1200000000000001,18.19049822562721,METC,167.0,33466.87,0.024691358024691357,0.45987654320987653,,,,,,,,,unavailable,unavailable,,unavailable,,unavailable,,unavailable,,unavailable,,unavailable,,unavailable,,unavailable,,unavailable,,unavailable,,unavailable,,unavailable,,unavailable,,unavailable,,unavailable,,unavailable,,unavailable,,unavailable,,unavailable,,unavailable,,unavailable,,unavailable,,unavailable,,unavailable
P::J4094,2026-03-01,2026-03-01,MISO,J4094,4.7967145790554415,5.707110264748875,battery,0,MI,,0,0.0,,,174.0,34193.09,2.0,618.0,44030.42,1202,238194.56,0.3997262149212868,,NRIS,300.0,26063,,,GRASSMERE,59.03307888040712,30927.0,1.0,,0,0,0,1,2,618.0,,2025-10-06,4.17,80990.37768817204,101013.0,-0.6408162377577172,0.0065300658450057865,-603.8938172043011,4.05,0.1200000000000001,18.19049822562721,ITC,83.0,19624.149999999998,0.0,0.27586206896551724,,,,,,,,,unavailable,unavailable,,unavailable,,unavailable,,unavailable,,unavailable,,unavailable,,unavailable,,unavailable,,unavailable,,unavailable,,unavailable,,unavailable,,unavailable,,unavailable,,unavailable,,unavailable,,unavailable,,unavailable,,unavailable,,unavailable,,unavailable,,unavailable,,unavailable,,unavailable
P::J4095,2026-03-01,2026-03-01,MISO,J4095,4.7967145790554415,5.707110264748875,battery,0,MI,,0,0.0,,,174.0,34193.09,2.0,618.0,44030.42,1202,238194.56,0.3997262149212868,,NRIS,300.0,26063,,,GRASSMERE,59.03307888040712,30927.0,1.0,,0,0,0,1,2,618.0,,2025-10-06,4.17,80990.37768817204,101013.0,-0.6408162377577172,0.0065300658450057865,-603.8938172043011,4.05,0.1200000000000001,18.19049822562721,ITC,83.0,19624.149999999998,0.0,0.27586206896551724,,,,,,,,,unavailable,unavailable,,unavailable,,unavailable,,unavailable,,unavailable,,unavailable,,unavailable,,unavailable,,unavailable,,unavailable,,unavailable,,unavailable,,unavailable,,unavailable,,unavailable,,unavailable,,unavailable,,unavailable,,unavailable,,unavailable,,unavailable,,unavailable,,unavailable,,unavailable
P::J4096,2026-03-01,2026-03-01,MISO,J4096,4.763860369609857,4.795790545596741,wind_onshore,0,MN,,0,0.0,,,98.0,18281.9,43.0,12921.869999999999,27061.11,1202,238194.56,0.39698836413415467,,NRIS,120.0,27049,,,OTHER_,43.320610687022906,48035.0,1.0,,0,0,0,,43,12921.869999999999,,2025-10-07,4.17,80990.37768817204,101013.0,-0.6408162377577172,0.0065300658450057865,-603.8938172043011,4.05,0.1200000000000001,18.19049822562721,NORTHERN STATES POWER,72.0,15117.65,0.006134969325153374,0.5460122699386503,,,,,,,,,unavailable,unavailable,,unavailable,,unavailable,,unavailable,,unavailable,,unavailable,,unavailable,,unavailable,,unavailable,,unavailable,,unavailable,,unavailable,,unavailable,,unavailable,,unavailable,,unavailable,,unavailable,,unavailable,,unavailable,,unavailable,,unavailable,,unavailable,,unavailable,,unavailable
P::J4097,2026-03-01,2026-03-01,MISO,J4097,4.7967145790554415,4.283586561860629,solar,0,WI,,0,0.0,,,67.0,14120.960000000001,0.0,0.0,62577.68,1202,238194.56,0.3997262149212868,Phase 1,NRIS,71.5,55105,,,NEW J1377 ATC SWITCHING STATION,86.35496183206108,164278.0,0.0,,0,0,0,,0,0.0,,2025-10-06,4.17,80990.37768817204,101013.0,-0.6408162377577172,0.0065300658450057865,-603.8938172043011,4.05,0.1200000000000001,18.19049822562721,AMERICAN TRANSMISSION,110.0,22126.63,0.09090909090909091,0.6181818181818182,,,,,,,,,unavailable,unavailable,,unavailable,,unavailable,,unavailable,,unavailable,,unavailable,,unavailable,,unavailable,,unavailable,,unavailable,,unavailable,,unavailable,,unavailable,,unavailable,,unavailable,,unavailable,,unavailable,,unavailable,,unavailable,,unavailable,,unavailable,,unavailable,,unavailable,,unavailable
P::J4098,2026-03-01,2026-03-01,MISO,J4098,4.7967145790554415,5.707110264748875,battery,0,LA,,0,0.0,,,59.0,13019.51,1.0,400.0,44030.42,1202,238194.56,0.3997262149212868,Phase 1,NRIS,300.0,22055,,,RORK SELLERS ROAD 230 0KV,95.16539440203562,249750.0,0.0,,0,0,0,,1,400.0,,2025-10-06,4.17,80990.37768817204,101013.0,-0.6408162377577172,0.0065300658450057865,-603.8938172043011,4.05,0.1200000000000001,18.19049822562721,CLECO POWER,33.0,7851.48,0.019417475728155338,0.6601941747572816,,,,,,,,,unavailable,unavailable,,unavailable,,unavailable,,unavailable,,unavailable,,unavailable,,unavailable,,unavailable,,unavailable,,unavailable,,unavailable,,unavailable,,unavailable,,unavailable,,unavailable,,unavailable,,unavailable,,unavailable,,unavailable,,unavailable,,unavailable,,unavailable,,unavailable,,unavailable
P::J4099,2026-03-01,2026-03-01,MISO,J4099,4.763860369609857,5.303304908059076,wind_onshore,0,MN,,0,0.0,,,98.0,18201.9,0.0,0.0,26981.11,1202,238194.56,0.39698836413415467,,NRIS,200.0,27063,,,FOX LAKE JACKSON NORTH 161KV,22.423664122137403,9919.0,1.0,,0,0,0,,0,0.0,,2025-10-07,4.17,80990.37768817204,101013.0,-0.6408162377577172,0.0065300658450057865,-603.8938172043011,4.05,0.1200000000000001,18.19049822562721,ITC MIDWEST,87.0,14086.3,0.18114143920595532,0.6029776674937966,,,,,,,,,unavailable,unavailable,,unavailable,,unavailable,,unavailable,,unavailable,,unavailable,,unavailable,,unavailable,,unavailable,,unavailable,,unavailable,,unavailable,,unavailable,,unavailable,,unavailable,,unavailable,,unavailable,,unavailable,,unavailable,,unavailable,,unavailable,,unavailable,,unavailable,,unavailable
P::J4101,2026-03-01,2026-03-01,MISO,J4101,4.763860369609857,4.276666119016055,solar,0,WI,,0,0.0,,,67.0,14121.460000000001,1.0,109.0,62578.18,1202,238194.56,0.39698836413415467,Phase 1,NRIS,71.0,55055,,,UNIVERSITY UWW,75.79516539440203,85743.0,0.0,,0,0,0,,1,109.0,,2025-10-07,4.17,80990.37768817204,101013.0,-0.6408162377577172,0.0065300658450057865,-603.8938172043011,4.05,0.1200000000000001,18.19049822562721,AMERICAN TRANSMISSION,110.0,22126.63,0.09090909090909091,0.6181818181818182,,,,,,,,,unavailable,unavailable,,unavailable,,unavailable,,unavailable,,unavailable,,unavailable,,unavailable,,unavailable,,unavailable,,unavailable,,unavailable,,unavailable,,unavailable,,unavailable,,unavailable,,unavailable,,unavailable,,unavailable,,unavailable,,unavailable,,unavailable,,unavailable,,unavailable,,unavailable
P::J4102,2026-03-01,2026-03-01,MISO,J4102,4.6652977412731005,6.29156913955832,solar,0,MI,,0,0.0,,,174.0,33954.09,0.0,0.0,62110.18,1202,238194.56,0.3887748117727584,,NRIS,539.0,26027,,,WEEDS LAKE HIPLE 345 0KV,47.70992366412214,51642.0,0.0,,0,0,0,,0,0.0,,2025-10-10,4.17,80990.37768817204,101013.0,-0.6408162377577172,0.0065300658450057865,-603.8938172043011,4.05,0.1200000000000001,18.19049822562721,METC,167.0,33466.87,0.024691358024691357,0.45987654320987653,,,,,,,,,unavailable,unavailable,,unavailable,,unavailable,,unavailable,,unavailable,,unavailable,,unavailable,,unavailable,,unavailable,,unavailable,,unavailable,,unavailable,,unavailable,,unavailable,,unavailable,,unavailable,,unavailable,,unavailable,,unavailable,,unavailable,,unavailable,,unavailable,,unavailable,,unavailable
P::J4110,2026-03-01,2026-03-01,MISO,J4110,4.763860369609857,5.993961427306569,natural_gas,0,LA,,0,0.0,,,59.0,12919.51,1.0,300.0,26483.0,1202,238194.56,0.39698836413415467,,NRIS,400.0,22055,,,RORK SELLERS ROAD 230 0KV,95.16539440203562,249750.0,0.0,,0,0,0,,1,300.0,,2025-10-07,4.17,80990.37768817204,101013.0,-0.6408162377577172,0.0065300658450057865,-603.8938172043011,4.05,0.1200000000000001,18.19049822562721,CLECO POWER,33.0,7851.48,0.019417475728155338,0.6601941747572816,,,,,,,,,unavailable,unavailable,,unavailable,,unavailable,,unavailable,,unavailable,,unavailable,,unavailable,,unavailable,,unavailable,,unavailable,,unavailable,,unavailable,,unavailable,,unavailable,,unavailable,,unavailable,,unavailable,,unavailable,,unavailable,,unavailable,,unavailable,,unavailable,,unavailable,,unavailable
P::J4113,2026-03-01,2026-03-01,MISO,J4113,4.7967145790554415,6.670005575278565,natural_gas,0,IA,,0,-40.12167300380228,,0.0,71.0,13842.140000000001,2.0,420.0000000000001,26095.6,1202,238194.56,0.3997262149212868,Phase 1,NRIS,787.4,19033,,,KILLDEER,69.59287531806616,42406.0,1.0,,0,0,0,,2,420.0,,2025-10-06,4.17,80990.37768817204,101013.0,-0.6408162377577172,0.0065300658450057865,-603.8938172043011,4.05,0.1200000000000001,18.19049822562721,ITC MIDWEST,87.0,14086.3,0.18114143920595532,0.6029776674937966,,,,,,,,,unavailable,unavailable,,unavailable,,unavailable,,unavailable,,unavailable,,unavailable,,unavailable,,unavailable,,unavailable,,unavailable,,unavailable,,unavailable,,unavailable,,unavailable,,unavailable,,unavailable,,unavailable,,unavailable,,unavailable,,unavailable,,unavailable,,unavailable,,unavailable,,unavailable
P::J4114,2026-03-01,2026-03-01,MISO,J4114,4.7967145790554415,6.26530121273771,natural_gas,0,IA,,0,0.0,,,71.0,14104.54,1.0,200.0,26358.0,1202,238194.56,0.3997262149212868,Phase 1,NRIS,525.0,19183,,,SUB T HASKINS,44.179389312977094,22560.0,1.0,,0,0,0,,1,200.0,,2025-10-06,4.17,80990.37768817204,101013.0,-0.6408162377577172,0.0065300658450057865,-603.8938172043011,4.05,0.1200000000000001,18.19049822562721,MIDAMERICAN ENERGY,45.0,8895.24,0.18652849740932642,0.5803108808290155,,,,,,,,,unavailable,unavailable,,unavailable,,unavailable,,unavailable,,unavailable,,unavailable,,unavailable,,unavailable,,unavailable,,unavailable,,unavailable,,unavailable,,unavailable,,unavailable,,unavailable,,unavailable,,unavailable,,unavailable,,unavailable,,unavailable,,unavailable,,unavailable,,unavailable,,unavailable
P::J4115,2026-03-01,2026-03-01,MISO,J4115,4.7967145790554415,6.26530121273771,natural_gas,0,WI,,0,0.0,,,67.0,13667.460000000001,0.0,0.0,26358.0,1202,238194.56,0.3997262149212868,Phase 1,NRIS,525.0,55039,,,SOUTH FOND DU LAC FITZGERALD 345 0KV,76.30407124681933,103948.0,0.0,,0,0,0,,0,0.0,,2025-10-06,4.17,80990.37768817204,101013.0,-0.6408162377577172,0.0065300658450057865,-603.8938172043011,4.05,0.1200000000000001,18.19049822562721,AMERICAN TRANSMISSION,110.0,22126.63,0.09090909090909091,0.6181818181818182,,,,,,,,,unavailable,unavailable,,unavailable,,unavailable,,unavailable,,unavailable,,unavailable,,unavailable,,unavailable,,unavailable,,unavailable,,unavailable,,unavailable,,unavailable,,unavailable,,unavailable,,unavailable,,unavailable,,unavailable,,unavailable,,unavailable,,unavailable,,unavailable,,unavailable,,unavailable
P::J4116,2026-03-01,2026-03-01,MISO,J4116,4.7967145790554415,6.85751406254539,natural_gas,0,WI,,0,0.0,,,67.0,13242.460000000001,0.0,0.0,25933.0,1202,238194.56,0.3997262149212868,Phase 1,NRIS,950.0,55127,,,SUGAR CREEK 345KV,74.77735368956743,105822.0,0.0,,0,0,0,,0,0.0,,2025-10-06,4.17,80990.37768817204,101013.0,-0.6408162377577172,0.0065300658450057865,-603.8938172043011,4.05,0.1200000000000001,18.19049822562721,AMERICAN TRANSMISSION,110.0,22126.63,0.09090909090909091,0.6181818181818182,,,,,,,,,unavailable,unavailable,,unavailable,,unavailable,,unavailable,,unavailable,,unavailable,,unavailable,,unavailable,,unavailable,,unavailable,,unavailable,,unavailable,,unavailable,,unavailable,,unavailable,,unavailable,,unavailable,,unavailable,,unavailable,,unavailable,,unavailable,,unavailable,,unavailable,,unavailable
P::J4117,2026-03-01,2026-03-01,MISO,J4117,5.125256673511293,5.484796933490655,battery,0,MN,,0,0.0,,,98.0,18161.9,0.0,0.0,44090.42,1202,238194.56,0.4271047227926078,Phase 1,NRIS,240.0,27049,,,NORTH ROCHESTER PRAIRIE ISLAND 345 0KV,43.320610687022906,48035.0,1.0,,0,0,0,,0,0.0,,2025-09-26,4.17,80990.37768817204,101013.0,-0.6408162377577172,0.0065300658450057865,-603.8938172043011,4.23,-0.0600000000000005,18.19049822562721,NORTHERN STATES POWER,72.0,15117.65,0.006134969325153374,0.5460122699386503,,,,,,,,,unavailable,unavailable,,unavailable,,unavailable,,unavailable,,unavailable,,unavailable,,unavailable,,unavailable,,unavailable,,unavailable,,unavailable,,unavailable,,unavailable,,unavailable,,unavailable,,unavailable,,unavailable,,unavailable,,unavailable,,unavailable,,unavailable,,unavailable,,unavailable,,unavailable
P::J4118,2026-03-01,2026-03-01,MISO,J4118,5.190965092402464,5.5254529391317835,battery,0,IL,,0,0.0,,,187.0,35200.11,0.0,0.0,44080.42,1202,238194.56,0.432580424366872,,NRIS,250.0,17113,,,RADBOURN 345KV LRTP 41,86.89567430025446,170441.0,0.0,,0,0,0,,0,0.0,,2025-09-24,4.17,80990.37768817204,101013.0,-0.6408162377577172,0.0065300658450057865,-603.8938172043011,4.23,-0.0600000000000005,18.19049822562721,AMEREN ILLINOIS,221.0,41217.38,0.07429718875502007,0.4779116465863454,,,,,,,,,unavailable,unavailable,,unavailable,,unavailable,,unavailable,,unavailable,,unavailable,,unavailable,,unavailable,,unavailable,,unavailable,,unavailable,,unavailable,,unavailable,,unavailable,,unavailable,,unavailable,,unavailable,,unavailable,,unavailable,,unavailable,,unavailable,,unavailable,,unavailable,,unavailable
P::J4120,2026-03-01,2026-03-01,MISO,J4120,5.453798767967146,5.303304908059076,wind_onshore,0,MI,,0,0.0,,,174.0,34293.09,43.0,12841.869999999999,26981.11,1202,238194.56,0.4544832306639288,,NRIS,200.0,26091,,,OTHER_,69.94274809160305,97520.0,0.0,,0,0,0,1,43,12841.869999999999,,2025-09-16,4.17,80990.37768817204,101013.0,-0.6408162377577172,0.0065300658450057865,-603.8938172043011,4.23,-0.0600000000000005,18.19049822562721,METC,167.0,33466.87,0.024691358024691357,0.45987654320987653,,,,,,,,,unavailable,unavailable,,unavailable,,unavailable,,unavailable,,unavailable,,unavailable,,unavailable,,unavailable,,unavailable,,unavailable,,unavailable,,unavailable,,unavailable,,unavailable,,unavailable,,unavailable,,unavailable,,unavailable,,unavailable,,unavailable,,unavailable,,unavailable,,unavailable,,unavailable
P::J4122,2026-03-01,2026-03-01,MISO,J4122,5.3552361396303905,5.017279836814924,battery,0,MI,,0,0.0,,,174.0,34343.09,0.0,0.0,44180.42,1202,238194.56,0.4462696783025325,,NRIS,150.0,26155,,,GOSS,62.18193384223919,68025.0,0.0,,0,0,0,1,0,0.0,,2025-09-19,4.17,80990.37768817204,101013.0,-0.6408162377577172,0.0065300658450057865,-603.8938172043011,4.23,-0.0600000000000005,18.19049822562721,METC,167.0,33466.87,0.024691358024691357,0.45987654320987653,,,,,,,,,unavailable,unavailable,,unavailable,,unavailable,,unavailable,,unavailable,,unavailable,,unavailable,,unavailable,,unavailable,,unavailable,,unavailable,,unavailable,,unavailable,,unavailable,,unavailable,,unavailable,,unavailable,,unavailable,,unavailable,,unavailable,,unavailable,,unavailable,,unavailable,,unavailable
P::J4123,2026-03-01,2026-03-01,MISO,J4123,5.3552361396303905,5.303304908059076,battery,0,MI,,0,0.0,,,174.0,34293.09,0.0,0.0,44130.42,1202,238194.56,0.4462696783025325,,NRIS,200.0,26023,,,WAGNER,51.81297709923665,45215.0,1.0,,0,0,0,1,0,0.0,,2025-09-19,4.17,80990.37768817204,101013.0,-0.6408162377577172,0.0065300658450057865,-603.8938172043011,4.23,-0.0600000000000005,18.19049822562721,METC,167.0,33466.87,0.024691358024691357,0.45987654320987653,,,,,,,,,unavailable,unavailable,,unavailable,,unavailable,,unavailable,,unavailable,,unavailable,,unavailable,,unavailable,,unavailable,,unavailable,,unavailable,,unavailable,,unavailable,,unavailable,,unavailable,,unavailable,,unavailable,,unavailable,,unavailable,,unavailable,,unavailable,,unavailable,,unavailable,,unavailable
P::J4124,2026-03-01,2026-03-01,MISO,J4124,6.176591375770021,4.61512051684126,solar,0,TX,,0,0.0,,,12.0,2935.3,0.0,0.0,62549.18,1202,238194.56,0.5147159479808351,Phase 1,NRIS,100.0,48455,,,MAGNOLIA GROVETON KICKAPOO L 111 TAP 138 0KV,60.62340966921119,14228.0,1.0,,0,0,0,1,0,0.0,,2025-08-25,4.17,80990.37768817204,101013.0,-0.6408162377577172,0.0065300658450057865,-603.8938172043011,4.46,-0.29000000000000004,18.19049822562721,ENTERGY TEXAS,20.0,5378.0,0.029850746268656716,0.6716417910447762,,,,,,,,,unavailable,unavailable,,unavailable,,unavailable,,unavailable,,unavailable,,unavailable,,unavailable,,unavailable,,unavailable,,unavailable,,unavailable,,unavailable,,unavailable,,unavailable,,unavailable,,unavailable,,unavailable,,unavailable,,unavailable,,unavailable,,unavailable,,unavailable,,unavailable,,unavailable
P::J4125,2026-03-01,2026-03-01,MISO,J4125,5.453798767967146,3.9318256327243257,wind_onshore,0,MI,,0,0.0,,,174.0,34443.09,43.0,12991.869999999999,27131.11,1202,238194.56,0.4544832306639288,,NRIS,50.0,26017,,,OTHER_,78.18066157760815,102500.0,0.0,,0,0,0,1,43,12991.869999999999,,2025-09-16,4.17,80990.37768817204,101013.0,-0.6408162377577172,0.0065300658450057865,-603.8938172043011,4.23,-0.0600000000000005,18.19049822562721,ITC,83.0,19624.149999999998,0.0,0.27586206896551724,,,,,,,,,unavailable,unavailable,,unavailable,,unavailable,,unavailable,,unavailable,,unavailable,,unavailable,,unavailable,,unavailable,,unavailable,,unavailable,,unavailable,,unavailable,,unavailable,,unavailable,,unavailable,,unavailable,,unavailable,,unavailable,,unavailable,,unavailable,,unavailable,,unavailable,,unavailable
P::J4126,2026-03-01,2026-03-01,MISO,J4126,5.453798767967146,4.727387818712341,wind_onshore,0,MI,,0,0.0,,,174.0,34381.09,1.0,263.0,27069.11,1202,238194.56,0.4544832306639288,,NRIS,112.0,26091,,,MOROCCO ALLEN JUNCTION 345 0KV,69.94274809160305,97520.0,0.0,,0,0,0,1,1,263.0,,2025-09-16,4.17,80990.37768817204,101013.0,-0.6408162377577172,0.0065300658450057865,-603.8938172043011,4.23,-0.0600000000000005,18.19049822562721,METC,167.0,33466.87,0.024691358024691357,0.45987654320987653,,,,,,,,,unavailable,unavailable,,unavailable,,unavailable,,unavailable,,unavailable,,unavailable,,unavailable,,unavailable,,unavailable,,unavailable,,unavailable,,unavailable,,unavailable,,unavailable,,unavailable,,unavailable,,unavailable,,unavailable,,unavailable,,unavailable,,unavailable,,unavailable,,unavailable,,unavailable
P::J4127,2026-03-01,2026-03-01,MISO,J4127,5.388090349075975,4.61512051684126,solar,0,WI,,0,0.0,,,67.0,14092.460000000001,0.0,0.0,62549.18,1202,238194.56,0.4490075290896646,Phase 1,NRIS,100.0,55005,,,RIDGELAND,68.63867684478372,46833.0,1.0,,0,0,0,,0,0.0,,2025-09-18,4.17,80990.37768817204,101013.0,-0.6408162377577172,0.0065300658450057865,-603.8938172043011,4.23,-0.0600000000000005,18.19049822562721,NORTHERN STATES POWER,72.0,15117.65,0.006134969325153374,0.5460122699386503,,,,,,,,,unavailable,unavailable,,unavailable,,unavailable,,unavailable,,unavailable,,unavailable,,unavailable,,unavailable,,unavailable,,unavailable,,unavailable,,unavailable,,unavailable,,unavailable,,unavailable,,unavailable,,unavailable,,unavailable,,unavailable,,unavailable,,unavailable,,unavailable,,unavailable,,unavailable
P::J4128,2026-03-01,2026-03-01,MISO,J4128,5.3552361396303905,4.61512051684126,battery,0,MI,,0,0.0,,,174.0,34393.09,0.0,0.0,44230.42,1202,238194.56,0.4462696783025325,,NRIS,100.0,26045,,,CLINTON INTERCONNECTION,67.6208651399491,108820.0,0.0,,0,0,0,1,0,0.0,,2025-09-19,4.17,80990.37768817204,101013.0,-0.6408162377577172,0.0065300658450057865,-603.8938172043011,4.23,-0.0600000000000005,18.19049822562721,ITC,83.0,19624.149999999998,0.0,0.27586206896551724,,,,,,,,,unavailable,unavailable,,unavailable,,unavailable,,unavailable,,unavailable,,unavailable,,unavailable,,unavailable,,unavailable,,unavailable,,unavailable,,unavailable,,unavailable,,unavailable,,unavailable,,unavailable,,unavailable,,unavailable,,unavailable,,unavailable,,unavailable,,unavailable,,unavailable,,unavailable
P::J4129,2026-03-01,2026-03-01,MISO,J4129,4.960985626283367,5.303304908059076,wind_onshore,0,MN,,0,0.0,,,98.0,18201.9,3.0,920.0,26981.11,1202,238194.56,0.4134154688569473,Phase 1,NRIS,200.0,27111,,,ALEXANDRIA BISON 345 0KV,79.38931297709924,60626.0,0.0,,0,0,0,1,3,920.0,,2025-10-01,4.17,80990.37768817204,101013.0,-0.6408162377577172,0.0065300658450057865,-603.8938172043011,4.23,-0.0600000000000005,18.19049822562721,MISSOURI RIVER ENERGY SERVICES TRANSMISSION,9.0,1583.74,0.0,0.3076923076923077,,,,,,,,,unavailable,unavailable,,unavailable,,unavailable,,unavailable,,unavailable,,unavailable,,unavailable,,unavailable,,unavailable,,unavailable,,unavailable,,unavailable,,unavailable,,unavailable,,unavailable,,unavailable,,unavailable,,unavailable,,unavailable,,unavailable,,unavailable,,unavailable,,unavailable,,unavailable
P::J4130,2026-03-01,2026-03-01,MISO,J4130,4.960985626283367,4.709530201312334,solar,0,WI,,0,0.0,,,67.0,14082.460000000001,0.0,0.0,62539.18,1202,238194.56,0.4134154688569473,Phase 1,NRIS,110.0,55091,,,ALMA ROCK ELM 161 0KV,7.188295165394402,7441.0,1.0,,0,0,0,1,0,0.0,,2025-10-01,4.17,80990.37768817204,101013.0,-0.6408162377577172,0.0065300658450057865,-603.8938172043011,4.23,-0.0600000000000005,18.19049822562721,DAIRYLAND POWER COOPERATIVE,13.0,1720.98,0.0,0.48,,,,,,,,,unavailable,unavailable,,unavailable,,unavailable,,unavailable,,unavailable,,unavailable,,unavailable,,unavailable,,unavailable,,unavailable,,unavailable,,unavailable,,unavailable,,unavailable,,unavailable,,unavailable,,unavailable,,unavailable,,unavailable,,unavailable,,unavailable,,unavailable,,unavailable,,unavailable
P::J4131,2026-03-01,2026-03-01,MISO,J4131,4.960985626283367,4.61512051684126,battery,0,MS,,0,0.0,,,32.0,4881.6,0.0,0.0,44230.42,1202,238194.56,0.4134154688569473,Phase 1,NRIS,100.0,28123,,,J1347 TO SWITCHYARD 115KV ENTERGY MS SWITCHYARD,55.88422391857506,27507.0,1.0,,0,0,0,,0,0.0,,2025-10-01,4.17,80990.37768817204,101013.0,-0.6408162377577172,0.0065300658450057865,-603.8938172043011,4.23,-0.0600000000000005,18.19049822562721,ENTERGY MISSISSIPPI,51.0,10735.3,0.006172839506172839,0.6790123456790124,,,,,,,,,unavailable,unavailable,,unavailable,,unavailable,,unavailable,,unavailable,,unavailable,,unavailable,,unavailable,,unavailable,,unavailable,,unavailable,,unavailable,,unavailable,,unavailable,,unavailable,,unavailable,,unavailable,,unavailable,,unavailable,,unavailable,,unavailable,,unavailable,,unavailable,,unavailable
P::J4137,2026-03-01,2026-03-01,MISO,J4137,5.026694045174538,5.303304908059076,battery,0,IL,,0,0.0,,,187.0,35250.11,43.0,12841.869999999999,44130.42,1202,238194.56,0.4188911704312115,,NRIS,200.0,17153,,,OTHER_,49.04580152671756,4911.0,1.0,,0,0,0,1,43,12841.869999999999,,2025-09-29,4.17,80990.37768817204,101013.0,-0.6408162377577172,0.0065300658450057865,-603.8938172043011,4.23,-0.0600000000000005,18.19049822562721,GRIDUNITY,4.0,795.0,0.0,0.3333333333333333,,,,,,,,,unavailable,unavailable,,unavailable,,unavailable,,unavailable,,unavailable,,unavailable,,unavailable,,unavailable,,unavailable,,unavailable,,unavailable,,unavailable,,unavailable,,unavailable,,unavailable,,unavailable,,unavailable,,unavailable,,unavailable,,unavailable,,unavailable,,unavailable,,unavailable,,unavailable
P::J4138,2026-03-01,2026-03-01,MISO,J4138,4.763860369609857,6.692083742506628,natural_gas,0,LA,,0,0.0,,,59.0,12514.51,1.0,805.0,26078.0,1202,238194.56,0.39698836413415467,,NRIS,805.0,22047,,,WEBRE,73.72773536895674,29617.0,1.0,,0,0,0,,1,805.0,,2025-10-07,4.17,80990.37768817204,101013.0,-0.6408162377577172,0.0065300658450057865,-603.8938172043011,4.05,0.1200000000000001,18.19049822562721,ENTERGY ARKANSAS,118.0,29185.92,0.011661807580174927,0.641399416909621,,,,,,,,,unavailable,unavailable,,unavailable,,unavailable,,unavailable,,unavailable,,unavailable,,unavailable,,unavailable,,unavailable,,unavailable,,unavailable,,unavailable,,unavailable,,unavailable,,unavailable,,unavailable,,unavailable,,unavailable,,unavailable,,unavailable,,unavailable,,unavailable,,unavailable,,unavailable
P::J4145,2026-03-01,2026-03-01,MISO,J4145,4.7967145790554415,4.59511985013459,natural_gas,0,IA,,0,0.0,,,71.0,14531.54,0.0,0.0,26785.0,1202,238194.56,0.3997262149212868,,NRIS,98.0,19033,,,EMERY,69.59287531806616,42406.0,1.0,,0,0,0,,0,0.0,,2025-10-06,4.17,80990.37768817204,101013.0,-0.6408162377577172,0.0065300658450057865,-603.8938172043011,4.05,0.1200000000000001,18.19049822562721,ITC MIDWEST,87.0,14086.3,0.18114143920595532,0.6029776674937966,,,,,,,,,unavailable,unavailable,,unavailable,,unavailable,,unavailable,,unavailable,,unavailable,,unavailable,,unavailable,,unavailable,,unavailable,,unavailable,,unavailable,,unavailable,,unavailable,,unavailable,,unavailable,,unavailable,,unavailable,,unavailable,,unavailable,,unavailable,,unavailable,,unavailable,,unavailable
P::J4147,2026-03-01,2026-03-01,MISO,J4147,4.895277207392197,5.5053315359323625,solar,0,MN,,0,0.0,,,98.0,18156.9,3.0,875.0,62404.18,1202,238194.56,0.4079397672826831,Phase 1,ERIS,245.0,27027,,,ALEXANDRIA BISON 345 0KV,73.66412213740458,66258.0,0.0,,0,0,0,,3,875.0,,2025-10-03,4.17,80990.37768817204,101013.0,-0.6408162377577172,0.0065300658450057865,-603.8938172043011,4.23,-0.0600000000000005,18.19049822562721,MISSOURI RIVER ENERGY SERVICES TRANSMISSION,9.0,1583.74,0.0,0.3076923076923077,,,,,,,,,unavailable,unavailable,,unavailable,,unavailable,,unavailable,,unavailable,,unavailable,,unavailable,,unavailable,,unavailable,,unavailable,,unavailable,,unavailable,,unavailable,,unavailable,,unavailable,,unavailable,,unavailable,,unavailable,,unavailable,,unavailable,,unavailable,,unavailable,,unavailable,,unavailable
P::J4148,2026-03-01,2026-03-01,MISO,J4148,4.895277207392197,5.5053315359323625,solar,0,MN,,0,0.0,,,98.0,18156.9,3.0,875.0,62404.18,1202,238194.56,0.4079397672826831,Phase 1,ERIS,245.0,27027,,,ALEXANDRIA BISON 345 0KV,73.66412213740458,66258.0,0.0,,0,0,0,,3,875.0,,2025-10-03,4.17,80990.37768817204,101013.0,-0.6408162377577172,0.0065300658450057865,-603.8938172043011,4.23,-0.0600000000000005,18.19049822562721,MISSOURI RIVER ENERGY SERVICES TRANSMISSION,9.0,1583.74,0.0,0.3076923076923077,,,,,,,,,unavailable,unavailable,,unavailable,,unavailable,,unavailable,,unavailable,,unavailable,,unavailable,,unavailable,,unavailable,,unavailable,,unavailable,,unavailable,,unavailable,,unavailable,,unavailable,,unavailable,,unavailable,,unavailable,,unavailable,,unavailable,,unavailable,,unavailable,,unavailable,,unavailable
P::J4150,2026-03-01,2026-03-01,MISO,J4150,4.7967145790554415,3.7667659927710075,solar,0,IA,,0,0.0,,,71.0,14587.300000000001,0.0,0.0,62606.94,1202,238194.56,0.3997262149212868,Phase 1,NRIS,42.24,19029,,,ATLANTIC ADAIR 161 0KV,60.05089058524173,13130.0,1.0,,0,0,0,,0,0.0,,2025-10-06,4.17,80990.37768817204,101013.0,-0.6408162377577172,0.0065300658450057865,-603.8938172043011,4.05,0.1200000000000001,18.19049822562721,MISSOURI RIVER ENERGY SERVICES TRANSMISSION,9.0,1583.74,0.0,0.3076923076923077,,,,,,,,,unavailable,unavailable,,unavailable,,unavailable,,unavailable,,unavailable,,unavailable,,unavailable,,unavailable,,unavailable,,unavailable,,unavailable,,unavailable,,unavailable,,unavailable,,unavailable,,unavailable,,unavailable,,unavailable,,unavailable,,unavailable,,unavailable,,unavailable,,unavailable,,unavailable
P::J4151,2026-03-01,2026-03-01,MISO,J4151,4.7967145790554415,5.420534999272286,solar,0,MN,,0,0.0,,,98.0,18176.9,6.0,1531.47,62424.18,1202,238194.56,0.3997262149212868,Phase 1,NRIS,225.0,27127,,,CEDAR MOUNTAIN LYON COUNTY 345 0KV,35.05089058524173,15288.0,1.0,,0,0,0,,6,1531.47,,2025-10-06,4.17,80990.37768817204,101013.0,-0.6408162377577172,0.0065300658450057865,-603.8938172043011,4.05,0.1200000000000001,18.19049822562721,MINNESOTA MUNICIPAL POWER AGENCY,2.0,475.0,0.0,0.0,,,,,,,,,unavailable,unavailable,,unavailable,,unavailable,,unavailable,,unavailable,,unavailable,,unavailable,,unavailable,,unavailable,,unavailable,,unavailable,,unavailable,,unavailable,,unavailable,,unavailable,,unavailable,,unavailable,,unavailable,,unavailable,,unavailable,,unavailable,,unavailable,,unavailable,,unavailable
P::J4152,2026-03-01,2026-03-01,MISO,J4152,4.7967145790554415,5.5254529391317835,solar,0,MN,,0,0.0,,,98.0,18151.9,6.0,1506.47,62399.18,1202,238194.56,0.3997262149212868,,NRIS,250.0,27127,,,CEDAR MOUNTAIN LYON COUNTY 345 0KV,35.05089058524173,15288.0,1.0,,0,0,0,,6,1506.47,,2025-10-06,4.17,80990.37768817204,101013.0,-0.6408162377577172,0.0065300658450057865,-603.8938172043011,4.05,0.1200000000000001,18.19049822562721,MINNESOTA MUNICIPAL POWER AGENCY,2.0,475.0,0.0,0.0,,,,,,,,,unavailable,unavailable,,unavailable,,unavailable,,unavailable,,unavailable,,unavailable,,unavailable,,unavailable,,unavailable,,unavailable,,unavailable,,unavailable,,unavailable,,unavailable,,unavailable,,unavailable,,unavailable,,unavailable,,unavailable,,unavailable,,unavailable,,unavailable,,unavailable,,unavailable
P::J4153,2026-03-01,2026-03-01,MISO,J4153,4.763860369609857,5.5254529391317835,battery,0,SD,,0,0.0,,,12.0,3806.2,2.0,500.0,44080.42,1202,238194.56,0.39698836413415467,,NRIS,250.0,46051,,,BIG STONE SOUTH 345KV SUBSTATION,18.893129770992367,7553.0,1.0,,0,0,0,,2,500.0,,2025-10-07,4.17,80990.37768817204,101013.0,-0.6408162377577172,0.0065300658450057865,-603.8938172043011,4.05,0.1200000000000001,18.19049822562721,OTTER TAIL POWER,25.0,4561.42,0.13259668508287292,0.7292817679558011,,,,,,,,,unavailable,unavailable,,unavailable,,unavailable,,unavailable,,unavailable,,unavailable,,unavailable,,unavailable,,unavailable,,unavailable,,unavailable,,unavailable,,unavailable,,unavailable,,unavailable,,unavailable,,unavailable,,unavailable,,unavailable,,unavailable,,unavailable,,unavailable,,unavailable,,unavailable
P::J4154,2026-03-01,2026-03-01,MISO,J4154,4.763860369609857,5.303304908059076,battery,0,MS,,0,0.0,,,32.0,4781.6,0.0,0.0,44130.42,1202,238194.56,0.39698836413415467,,NRIS,200.0,28089,,,ANDES SUBSTATION,82.12468193384224,112511.0,0.0,,0,0,0,,0,0.0,,2025-10-07,4.17,80990.37768817204,101013.0,-0.6408162377577172,0.0065300658450057865,-603.8938172043011,4.05,0.1200000000000001,18.19049822562721,GRIDUNITY,4.0,795.0,0.0,0.3333333333333333,,,,,,,,,unavailable,unavailable,,unavailable,,unavailable,,unavailable,,unavailable,,unavailable,,unavailable,,unavailable,,unavailable,,unavailable,,unavailable,,unavailable,,unavailable,,unavailable,,unavailable,,unavailable,,unavailable,,unavailable,,unavailable,,unavailable,,unavailable,,unavailable,,unavailable,,unavailable
P::J4155,2026-03-01,2026-03-01,MISO,J4155,4.7967145790554415,5.278114659230517,battery,0,IA,,0,0.0,,,71.0,14434.54,0.0,0.0,44135.42,1202,238194.56,0.3997262149212868,,NRIS,195.0,19113,,,PRAIRIE CREEK STONY POINT 115KV,86.70483460559797,228972.0,0.0,,0,0,0,1,0,0.0,,2025-10-06,4.17,80990.37768817204,101013.0,-0.6408162377577172,0.0065300658450057865,-603.8938172043011,4.05,0.1200000000000001,18.19049822562721,GRIDUNITY,4.0,795.0,0.0,0.3333333333333333,,,,,,,,,unavailable,unavailable,,unavailable,,unavailable,,unavailable,,unavailable,,unavailable,,unavailable,,unavailable,,unavailable,,unavailable,,unavailable,,unavailable,,unavailable,,unavailable,,unavailable,,unavailable,,unavailable,,unavailable,,unavailable,,unavailable,,unavailable,,unavailable,,unavailable,,unavailable
P::J4157,2026-03-01,2026-03-01,MISO,J4157,4.895277207392197,5.017279836814924,wind_onshore,0,MN,,0,0.0,,,98.0,18251.9,0.0,0.0,27031.11,1202,238194.56,0.4079397672826831,Phase 1,NRIS,150.0,27097,,,IRON RIDGE BENTON 345KV,66.85750636132316,34250.0,1.0,,0,0,0,,0,0.0,,2025-10-03,4.17,80990.37768817204,101013.0,-0.6408162377577172,0.0065300658450057865,-603.8938172043011,4.23,-0.0600000000000005,18.19049822562721,MINNESOTA POWER,11.0,1852.6,0.0,0.56,,,,,,,,,unavailable,unavailable,,unavailable,,unavailable,,unavailable,,unavailable,,unavailable,,unavailable,,unavailable,,unavailable,,unavailable,,unavailable,,unavailable,,unavailable,,unavailable,,unavailable,,unavailable,,unavailable,,unavailable,,unavailable,,unavailable,,unavailable,,unavailable,,unavailable,,unavailable
P::J4158,2026-03-01,2026-03-01,MISO,J4158,4.9281314168377826,4.61512051684126,solar,0,IL,,0,0.0,,,187.0,35350.11,0.0,0.0,62549.18,1202,238194.56,0.4106776180698152,,NRIS,100.0,17039,,,4TABOR 4SCLINTON TP 138 0KV,29.262086513994912,15365.0,1.0,,0,0,0,,0,0.0,,2025-10-02,4.17,80990.37768817204,101013.0,-0.6408162377577172,0.0065300658450057865,-603.8938172043011,4.23,-0.0600000000000005,18.19049822562721,AMEREN ILLINOIS,221.0,41217.38,0.07429718875502007,0.4779116465863454,,,,,,,,,unavailable,unavailable,,unavailable,,unavailable,,unavailable,,unavailable,,unavailable,,unavailable,,unavailable,,unavailable,,unavailable,,unavailable,,unavailable,,unavailable,,unavailable,,unavailable,,unavailable,,unavailable,,unavailable,,unavailable,,unavailable,,unavailable,,unavailable,,unavailable,,unavailable
P::J4159,2026-03-01,2026-03-01,MISO,J4159,6.570841889117043,6.499787040655854,natural_gas,0,MI,,0,0.0,,,174.0,33829.09,1.0,55.0,26219.0,1202,238194.56,0.5475701574264202,,NRIS,664.0,26139,,,ROOSEVELT,82.8880407124682,303372.0,0.0,,0,0,0,1,1,55.0,,2025-08-13,4.17,80990.37768817204,101013.0,-0.6408162377577172,0.0065300658450057865,-603.8938172043011,4.46,-0.29000000000000004,18.19049822562721,METC,167.0,33466.87,0.024691358024691357,0.45987654320987653,,,,,,,,,unavailable,unavailable,,unavailable,,unavailable,,unavailable,,unavailable,,unavailable,,unavailable,,unavailable,,unavailable,,unavailable,,unavailable,,unavailable,,unavailable,,unavailable,,unavailable,,unavailable,,unavailable,,unavailable,,unavailable,,unavailable,,unavailable,,unavailable,,unavailable,,unavailable
P::J4160,2026-03-01,2026-03-01,MISO,J4160,6.570841889117043,4.02535169073515,natural_gas,0,MI,5.486652977412731,0,-87.05882352941177,3.0,0.0,174.0,34438.09,1.0,664.0,26828.0,1202,238194.56,0.5475701574264202,Phase 1,NRIS,55.0,26139,,,ROOSEVELT,82.8880407124682,303372.0,0.0,,0,0,0,1,1,664.0,,2025-08-13,4.17,80990.37768817204,101013.0,-0.6408162377577172,0.0065300658450057865,-603.8938172043011,4.46,-0.29000000000000004,18.19049822562721,METC,167.0,33466.87,0.024691358024691357,0.45987654320987653,,,,,,,,,unavailable,unavailable,,unavailable,,unavailable,,unavailable,,unavailable,,unavailable,,unavailable,,unavailable,,unavailable,,unavailable,,unavailable,,unavailable,,unavailable,,unavailable,,unavailable,,unavailable,,unavailable,,unavailable,,unavailable,,unavailable,,unavailable,,unavailable,,unavailable,,unavailable
P::J4164,2026-03-01,2026-03-01,MISO,J4164,5.026694045174538,7.093404625868766,natural_gas,0,WI,,0,0.0,,,67.0,12989.460000000001,0.0,0.0,25680.0,1202,238194.56,0.4188911704312115,Phase 1,NRIS,1203.0,55025,,,NORTH MADISON 345 138KV,93.86132315521628,575347.0,0.0,,0,0,0,1,0,0.0,,2025-09-29,4.17,80990.37768817204,101013.0,-0.6408162377577172,0.0065300658450057865,-603.8938172043011,4.23,-0.0600000000000005,18.19049822562721,AMERICAN TRANSMISSION,110.0,22126.63,0.09090909090909091,0.6181818181818182,,,,,,,,,unavailable,unavailable,,unavailable,,unavailable,,unavailable,,unavailable,,unavailable,,unavailable,,unavailable,,unavailable,,unavailable,,unavailable,,unavailable,,unavailable,,unavailable,,unavailable,,unavailable,,unavailable,,unavailable,,unavailable,,unavailable,,unavailable,,unavailable,,unavailable,,unavailable
P::J4165,2026-03-01,2026-03-01,MISO,J4165,5.026694045174538,7.093404625868766,natural_gas,0,WI,,0,0.0,,,67.0,12989.460000000001,43.0,11838.869999999999,25680.0,1202,238194.56,0.4188911704312115,Phase 1,NRIS,1203.0,55059,,,OTHER_,84.95547073791349,167488.0,0.0,,0,0,0,1,43,11838.869999999999,,2025-09-29,4.17,80990.37768817204,101013.0,-0.6408162377577172,0.0065300658450057865,-603.8938172043011,4.23,-0.0600000000000005,18.19049822562721,AMERICAN TRANSMISSION,110.0,22126.63,0.09090909090909091,0.6181818181818182,,,,,,,,,unavailable,unavailable,,unavailable,,unavailable,,unavailable,,unavailable,,unavailable,,unavailable,,unavailable,,unavailable,,unavailable,,unavailable,,unavailable,,unavailable,,unavailable,,unavailable,,unavailable,,unavailable,,unavailable,,unavailable,,unavailable,,unavailable,,unavailable,,unavailable,,unavailable
P::J4167,2026-03-01,2026-03-01,MISO,J4167,5.420944558521561,5.5254529391317835,battery,0,MI,,0,0.0,,,174.0,34243.09,0.0,0.0,44080.42,1202,238194.56,0.4517453798767967,,NRIS,250.0,26005,,,ARGENTA,68.51145038167938,121939.0,0.0,,0,0,0,1,0,0.0,,2025-09-17,4.17,80990.37768817204,101013.0,-0.6408162377577172,0.0065300658450057865,-603.8938172043011,4.23,-0.0600000000000005,18.19049822562721,METC,167.0,33466.87,0.024691358024691357,0.45987654320987653,,,,,,,,,unavailable,unavailable,,unavailable,,unavailable,,unavailable,,unavailable,,unavailable,,unavailable,,unavailable,,unavailable,,unavailable,,unavailable,,unavailable,,unavailable,,unavailable,,unavailable,,unavailable,,unavailable,,unavailable,,unavailable,,unavailable,,unavailable,,unavailable,,unavailable,,unavailable
P::J4168,2026-03-01,2026-03-01,MISO,J4168,4.895277207392197,5.802118375377063,battery,0,MN,,0,0.0,,,98.0,18071.9,0.0,0.0,44000.42,1202,238194.56,0.4079397672826831,Phase 1,NRIS,330.0,27049,,,NROC 3 601039 TO PR ISLD3 601003 345KV LINE,43.320610687022906,48035.0,1.0,,0,0,0,,0,0.0,,2025-10-03,4.17,80990.37768817204,101013.0,-0.6408162377577172,0.0065300658450057865,-603.8938172043011,4.23,-0.0600000000000005,18.19049822562721,NORTHERN STATES POWER,72.0,15117.65,0.006134969325153374,0.5460122699386503,,,,,,,,,unavailable,unavailable,,unavailable,,unavailable,,unavailable,,unavailable,,unavailable,,unavailable,,unavailable,,unavailable,,unavailable,,unavailable,,unavailable,,unavailable,,unavailable,,unavailable,,unavailable,,unavailable,,unavailable,,unavailable,,unavailable,,unavailable,,unavailable,,unavailable,,unavailable
P::J4169,2026-03-01,2026-03-01,MISO,J4169,4.7967145790554415,1.944480556245719,solar,0,MI,,0,0.0,,,174.0,34487.1,1.0,42.0,62643.19,1202,238194.56,0.3997262149212868,Phase 1,NRIS,5.99,26043,,,NORDIC,59.28753180661578,25982.0,1.0,,0,0,0,1,1,42.0,,2025-10-06,4.17,80990.37768817204,101013.0,-0.6408162377577172,0.0065300658450057865,-603.8938172043011,4.05,0.1200000000000001,18.19049822562721,AMERICAN TRANSMISSION,110.0,22126.63,0.09090909090909091,0.6181818181818182,,,,,,,,,unavailable,unavailable,,unavailable,,unavailable,,unavailable,,unavailable,,unavailable,,unavailable,,unavailable,,unavailable,,unavailable,,unavailable,,unavailable,,unavailable,,unavailable,,unavailable,,unavailable,,unavailable,,unavailable,,unavailable,,unavailable,,unavailable,,unavailable,,unavailable,,unavailable
P::J4170,2026-03-01,2026-03-01,MISO,J4170,4.763860369609857,5.153291594497779,other,0,ND,,0,0.0,,,14.0,2453.0,0.0,0.0,19791.7,1202,238194.56,0.39698836413415467,,NRIS,172.0,38077,,,HANKINSON WAHPETON 230 0KV,35.30534351145038,16558.0,1.0,,0,0,0,,0,0.0,,2025-10-07,4.17,80990.37768817204,101013.0,-0.6408162377577172,0.0065300658450057865,-603.8938172043011,4.05,0.1200000000000001,18.19049822562721,OTTER TAIL POWER,25.0,4561.42,0.13259668508287292,0.7292817679558011,,,,,,,,,unavailable,unavailable,,unavailable,,unavailable,,unavailable,,unavailable,,unavailable,,unavailable,,unavailable,,unavailable,,unavailable,,unavailable,,unavailable,,unavailable,,unavailable,,unavailable,,unavailable,,unavailable,,unavailable,,unavailable,,unavailable,,unavailable,,unavailable,,unavailable,,unavailable
P::J4172,2026-03-01,2026-03-01,MISO,J4172,4.763860369609857,4.605170185988092,battery,0,IA,,0,0.0,,,71.0,14530.54,1.0,199.0,44231.42,1202,238194.56,0.39698836413415467,,NRIS,99.0,19179,,,OTTUMWA GENERATING ST 161KV,65.33078880407125,35166.0,1.0,,0,0,0,,1,199.0,,2025-10-07,4.17,80990.37768817204,101013.0,-0.6408162377577172,0.0065300658450057865,-603.8938172043011,4.05,0.1200000000000001,18.19049822562721,ALLIANT ENERGY WEST,2.0,311.0,0.0,0.6666666666666666,,,,,,,,,unavailable,unavailable,,unavailable,,unavailable,,unavailable,,unavailable,,unavailable,,unavailable,,unavailable,,unavailable,,unavailable,,unavailable,,unavailable,,unavailable,,unavailable,,unavailable,,unavailable,,unavailable,,unavailable,,unavailable,,unavailable,,unavailable,,unavailable,,unavailable,,unavailable
P::J4173,2026-03-01,2026-03-01,MISO,J4173,4.763860369609857,5.298317366548036,battery,0,IA,,0,0.0,,,71.0,14430.54,1.0,99.0,44131.42,1202,238194.56,0.39698836413415467,,NRIS,199.0,19179,,,OTTUMWA GENERATING ST 161KV,65.33078880407125,35166.0,1.0,,0,0,0,,1,99.0,,2025-10-07,4.17,80990.37768817204,101013.0,-0.6408162377577172,0.0065300658450057865,-603.8938172043011,4.05,0.1200000000000001,18.19049822562721,ITC MIDWEST,87.0,14086.3,0.18114143920595532,0.6029776674937966,,,,,,,,,unavailable,unavailable,,unavailable,,unavailable,,unavailable,,unavailable,,unavailable,,unavailable,,unavailable,,unavailable,,unavailable,,unavailable,,unavailable,,unavailable,,unavailable,,unavailable,,unavailable,,unavailable,,unavailable,,unavailable,,unavailable,,unavailable,,unavailable,,unavailable,,unavailable
P::J4174,2026-03-01,2026-03-01,MISO,J4174,4.763860369609857,4.948759890378168,battery,0,AR,,0,0.0,,,74.0,18357.1,0.0,0.0,44190.42,1202,238194.56,0.39698836413415467,,NRIS,140.0,05111,,,MARKED TREE,72.51908396946564,22397.0,1.0,,0,0,0,,0,0.0,,2025-10-07,4.17,80990.37768817204,101013.0,-0.6408162377577172,0.0065300658450057865,-603.8938172043011,4.05,0.1200000000000001,18.19049822562721,ENTERGY ARKANSAS,118.0,29185.92,0.011661807580174927,0.641399416909621,,,,,,,,,unavailable,unavailable,,unavailable,,unavailable,,unavailable,,unavailable,,unavailable,,unavailable,,unavailable,,unavailable,,unavailable,,unavailable,,unavailable,,unavailable,,unavailable,,unavailable,,unavailable,,unavailable,,unavailable,,unavailable,,unavailable,,unavailable,,unavailable,,unavailable,,unavailable
P::J4183,2026-03-01,2026-03-01,MISO,J4183,4.763860369609857,4.6141299273595635,unknown,0,,,0,0.0,,,99.0,32295.03,100.0,30430.23,40523.46,1202,238194.56,0.39698836413415467,Phase 1,NRIS,99.9,,,,,,,,,,,,,0,0.0,,2025-10-07,4.17,80990.37768817204,101013.0,-0.6408162377577172,0.0065300658450057865,-603.8938172043011,4.05,0.1200000000000001,18.19049822562721,ENTERGY MISSISSIPPI,51.0,10735.3,0.006172839506172839,0.6790123456790124,,,,,,,,,unavailable,unavailable,,unavailable,,unavailable,,unavailable,,unavailable,,unavailable,,unavailable,,unavailable,,unavailable,,unavailable,,unavailable,,unavailable,,unavailable,,unavailable,,unavailable,,unavailable,,unavailable,,unavailable,,unavailable,,unavailable,,unavailable,,unavailable,,unavailable,,unavailable
P::J4188,2026-03-01,2026-03-01,MISO,J4188,4.895277207392197,4.948759890378168,solar,0,LA,,0,0.0,,,59.0,13179.51,0.0,0.0,62509.18,1202,238194.56,0.4079397672826831,Phase 1,NRIS,140.0,22011,,,COLE COOPER 230 0KV,55.56615776081425,36827.0,1.0,,0,0,0,1,0,0.0,,2025-10-03,4.17,80990.37768817204,101013.0,-0.6408162377577172,0.0065300658450057865,-603.8938172043011,4.23,-0.0600000000000005,18.19049822562721,CLECO POWER,33.0,7851.48,0.019417475728155338,0.6601941747572816,,,,,,,,,unavailable,unavailable,,unavailable,,unavailable,,unavailable,,unavailable,,unavailable,,unavailable,,unavailable,,unavailable,,unavailable,,unavailable,,unavailable,,unavailable,,unavailable,,unavailable,,unavailable,,unavailable,,unavailable,,unavailable,,unavailable,,unavailable,,unavailable,,unavailable,,unavailable
P::J4191,2026-03-01,2026-03-01,MISO,J4191,4.763860369609857,6.692083742506628,natural_gas,0,LA,,0,0.0,,,59.0,12514.51,1.0,805.0,26078.0,1202,238194.56,0.39698836413415467,,NRIS,805.0,22047,,,WEBRE,73.72773536895674,29617.0,1.0,,0,0,0,,1,805.0,,2025-10-07,4.17,80990.37768817204,101013.0,-0.6408162377577172,0.0065300658450057865,-603.8938172043011,4.05,0.1200000000000001,18.19049822562721,ENTERGY ARKANSAS EATO,14.0,3964.5,0.0,0.23076923076923078,,,,,,,,,unavailable,unavailable,,unavailable,,unavailable,,unavailable,,unavailable,,unavailable,,unavailable,,unavailable,,unavailable,,unavailable,,unavailable,,unavailable,,unavailable,,unavailable,,unavailable,,unavailable,,unavailable,,unavailable,,unavailable,,unavailable,,unavailable,,unavailable,,unavailable,,unavailable
P::J4193,2026-03-01,2026-03-01,MISO,J4193,4.763860369609857,5.303304908059076,wind_onshore,0,MN,,0,0.0,,,98.0,18201.9,1.0,500.0,26981.11,1202,238194.56,0.39698836413415467,,NRIS,200.0,27093,,,SHERBURNE CO,26.97201017811705,23490.0,1.0,,0,0,0,,1,500.0,,2025-10-07,4.17,80990.37768817204,101013.0,-0.6408162377577172,0.0065300658450057865,-603.8938172043011,4.05,0.1200000000000001,18.19049822562721,NORTHERN STATES POWER,72.0,15117.65,0.006134969325153374,0.5460122699386503,,,,,,,,,unavailable,unavailable,,unavailable,,unavailable,,unavailable,,unavailable,,unavailable,,unavailable,,unavailable,,unavailable,,unavailable,,unavailable,,unavailable,,unavailable,,unavailable,,unavailable,,unavailable,,unavailable,,unavailable,,unavailable,,unavailable,,unavailable,,unavailable,,unavailable,,unavailable
P::J4194,2026-03-01,2026-03-01,MISO,J4194,4.763860369609857,6.2166061010848646,battery,0,MN,,0,0.0,,,98.0,17901.9,1.0,200.0,43830.42,1202,238194.56,0.39698836413415467,,NRIS,500.0,27093,,,SHERBURNE CO,26.97201017811705,23490.0,1.0,,0,0,0,,1,200.0,,2025-10-07,4.17,80990.37768817204,101013.0,-0.6408162377577172,0.0065300658450057865,-603.8938172043011,4.05,0.1200000000000001,18.19049822562721,NORTHERN STATES POWER,72.0,15117.65,0.006134969325153374,0.5460122699386503,,,,,,,,,unavailable,unavailable,,unavailable,,unavailable,,unavailable,,unavailable,,unavailable,,unavailable,,unavailable,,unavailable,,unavailable,,unavailable,,unavailable,,unavailable,,unavailable,,unavailable,,unavailable,,unavailable,,unavailable,,unavailable,,unavailable,,unavailable,,unavailable,,unavailable,,unavailable
P::J4198,2026-03-01,2026-03-01,MISO,J4198,5.880903490759754,5.5254529391317835,battery,0,IL,,0,0.0,,,187.0,35200.11,0.0,0.0,44080.42,1202,238194.56,0.49007529089664614,,NRIS,250.0,17021,,,PANA 138KV,54.039440203562336,33228.0,1.0,,0,0,0,1,0,0.0,,2025-09-03,4.17,80990.37768817204,101013.0,-0.6408162377577172,0.0065300658450057865,-603.8938172043011,4.46,-0.29000000000000004,18.19049822562721,AMEREN TRANSMISSION OF ILLINOIS,38.0,9232.83,0.06578947368421052,0.4342105263157895,,,,,,,,,unavailable,unavailable,,unavailable,,unavailable,,unavailable,,unavailable,,unavailable,,unavailable,,unavailable,,unavailable,,unavailable,,unavailable,,unavailable,,unavailable,,unavailable,,unavailable,,unavailable,,unavailable,,unavailable,,unavailable,,unavailable,,unavailable,,unavailable,,unavailable,,unavailable
P::J4199,2026-03-01,2026-03-01,MISO,J4199,5.026694045174538,5.303304908059076,battery,0,IL,,0,0.0,,,187.0,35250.11,0.0,0.0,44130.42,1202,238194.56,0.4188911704312115,,NRIS,200.0,17057,,,CANTON SOUTH,59.00127226463104,32541.0,1.0,,0,0,0,1,0,0.0,,2025-09-29,4.17,80990.37768817204,101013.0,-0.6408162377577172,0.0065300658450057865,-603.8938172043011,4.23,-0.0600000000000005,18.19049822562721,ENTERGY MISSISSIPPI,51.0,10735.3,0.006172839506172839,0.6790123456790124,,,,,,,,,unavailable,unavailable,,unavailable,,unavailable,,unavailable,,unavailable,,unavailable,,unavailable,,unavailable,,unavailable,,unavailable,,unavailable,,unavailable,,unavailable,,unavailable,,unavailable,,unavailable,,unavailable,,unavailable,,unavailable,,unavailable,,unavailable,,unavailable,,unavailable,,unavailable
P::J4203,2026-03-01,2026-03-01,MISO,J4203,8.804928131416839,5.860786223465865,wind_onshore,0,MI,,0,0.0,,,174.0,34143.09,0.0,0.0,26831.11,1202,238194.56,0.7337440109514032,,NRIS,350.0,26063,,,RAPSON STEIN 345 0KV,59.03307888040712,30927.0,1.0,,0,0,0,1,0,0.0,,2025-06-06,4.17,80990.37768817204,101013.0,-0.6408162377577172,0.0065300658450057865,-603.8938172043011,4.45,-0.28000000000000025,18.19049822562721,ITC,83.0,19624.149999999998,0.0,0.27586206896551724,,,,,,,,,unavailable,unavailable,,unavailable,,unavailable,,unavailable,,unavailable,,unavailable,,unavailable,,unavailable,,unavailable,,unavailable,,unavailable,,unavailable,,unavailable,,unavailable,,unavailable,,unavailable,,unavailable,,unavailable,,unavailable,,unavailable,,unavailable,,unavailable,,unavailable,,unavailable
P::J4204,2026-03-01,2026-03-01,MISO,J4204,2.891170431211499,5.303304908059076,battery,0,IL,,0,0.0,,,187.0,35250.11,0.0,0.0,44130.42,1202,238194.56,0.24093086926762491,,NRIS,200.0,17121,,,SOUTH BELLEVILLE,77.13104325699746,36673.0,1.0,,0,0,0,1,0,0.0,,2025-12-03,4.17,80990.37768817204,101013.0,-0.6408162377577172,0.0065300658450057865,-603.8938172043011,3.99,0.17999999999999972,18.19049822562721,AMEREN ILLINOIS,221.0,41217.38,0.07429718875502007,0.4779116465863454,,,,,,,,,unavailable,unavailable,,unavailable,,unavailable,,unavailable,,unavailable,,unavailable,,unavailable,,unavailable,,unavailable,,unavailable,,unavailable,,unavailable,,unavailable,,unavailable,,unavailable,,unavailable,,unavailable,,unavailable,,unavailable,,unavailable,,unavailable,,unavailable,,unavailable,,unavailable
P::M::J4084,2026-03-01,2026-03-01,MISO,J4084,8.37782340862423,0.0,other,0,TX,,0,,,,12.0,3035.3,0.0,0.0,19963.7,1202,238194.56,0.6981519507186859,,ERIS,0.0,48245,,,RHODAIR,95.67430025445293,251496.0,0.0,,0,0,0,1,0,0.0,,2025-06-19,4.17,80990.37768817204,101013.0,-0.6408162377577172,0.0065300658450057865,-603.8938172043011,4.45,-0.28000000000000025,18.19049822562721,ENTERGY TEXAS,20.0,5378.0,0.029850746268656716,0.6716417910447762,,,,,,,,,unavailable,unavailable,,unavailable,,unavailable,,unavailable,,unavailable,,unavailable,,unavailable,,unavailable,,unavailable,,unavailable,,unavailable,,unavailable,,unavailable,,unavailable,,unavailable,,unavailable,,unavailable,,unavailable,,unavailable,,unavailable,,unavailable,,unavailable,,unavailable,,unavailable
P::M::J4146,2026-03-01,2026-03-01,MISO,J4146,5.782340862422998,0.0,unknown,0,,29.141683778234086,0,,,,99.0,32394.93,100.0,30530.13,40623.36,1202,238194.56,0.48186173853524983,,NRIS,0.0,,,,,,,,,,,,,0,0.0,,2025-09-06,4.17,80990.37768817204,101013.0,-0.6408162377577172,0.0065300658450057865,-603.8938172043011,4.23,-0.0600000000000005,18.19049822562721,ENTERGY MISSISSIPPI,51.0,10735.3,0.006172839506172839,0.6790123456790124,,,,,,,,,unavailable,unavailable,,unavailable,,unavailable,,unavailable,,unavailable,,unavailable,,unavailable,,unavailable,,unavailable,,unavailable,,unavailable,,unavailable,,unavailable,,unavailable,,unavailable,,unavailable,,unavailable,,unavailable,,unavailable,,unavailable,,unavailable,,unavailable,,unavailable,,unavailable
P::M::J4163,2026-03-01,2026-03-01,MISO,J4163,3.811088295687885,0.0,other,0,AR,,0,,,,74.0,18497.1,0.0,0.0,19963.7,1202,238194.56,0.31759069130732376,,ERIS,0.0,05043,,,WILMAR EAST,35.146310432569976,16945.0,1.0,,0,0,0,1,0,0.0,,2025-11-05,4.17,80990.37768817204,101013.0,-0.6408162377577172,0.0065300658450057865,-603.8938172043011,4.05,0.1200000000000001,18.19049822562721,,,,,,,,,,,,,,unavailable,unavailable,,unavailable,,unavailable,,unavailable,,unavailable,,unavailable,,unavailable,,unavailable,,unavailable,,unavailable,,unavailable,,unavailable,,unavailable,,unavailable,,unavailable,,unavailable,,unavailable,,unavailable,,unavailable,,unavailable,,unavailable,,unavailable,,unavailable,,unavailable
P::M::J4175,2026-03-01,2026-03-01,MISO,J4175,4.763860369609857,6.647688373563329,unknown,0,,,0,,,,99.0,31624.93,100.0,29760.13,39853.36,1202,238194.56,0.39698836413415467,,NRIS,770.0,,South,South,,,,,,,,,,0,0.0,0.6935185185185185,2025-10-07,4.17,80990.37768817204,101013.0,-0.6408162377577172,0.0065300658450057865,-603.8938172043011,4.05,0.1200000000000001,18.19049822562721,ENTERGY LOUISIANA,85.0,23972.93,0.016,0.644,,,,,,,,,unavailable,unavailable,,unavailable,,unavailable,,unavailable,,unavailable,,unavailable,,unavailable,,unavailable,,unavailable,,unavailable,,unavailable,,unavailable,,unavailable,,unavailable,,unavailable,,unavailable,,unavailable,,unavailable,,unavailable,,unavailable,,unavailable,,unavailable,,unavailable,,unavailable
P::M::J4177,2026-03-01,2026-03-01,MISO,J4177,4.763860369609857,6.601230118728877,unknown,0,,,0,,,,99.0,31659.93,100.0,29795.13,39888.36,1202,238194.56,0.39698836413415467,,NRIS,735.0,,East,East (ATC),,,,,,,,,,0,0.0,0.4911504424778761,2025-10-07,4.17,80990.37768817204,101013.0,-0.6408162377577172,0.0065300658450057865,-603.8938172043011,4.05,0.1200000000000001,18.19049822562721,AMERICAN TRANSMISSION,110.0,22126.63,0.09090909090909091,0.6181818181818182,,,,,,,,,unavailable,unavailable,,unavailable,,unavailable,,unavailable,,unavailable,,unavailable,,unavailable,,unavailable,,unavailable,,unavailable,,unavailable,,unavailable,,unavailable,,unavailable,,unavailable,,unavailable,,unavailable,,unavailable,,unavailable,,unavailable,,unavailable,,unavailable,,unavailable,,unavailable
P::M::J4178,2026-03-01,2026-03-01,MISO,J4178,4.763860369609857,6.628041376179533,unknown,0,,,0,,,,99.0,31639.93,100.0,29775.13,39868.36,1202,238194.56,0.39698836413415467,,NRIS,755.0,,South,South,,,,,,,,,,0,0.0,0.6935185185185185,2025-10-07,4.17,80990.37768817204,101013.0,-0.6408162377577172,0.0065300658450057865,-603.8938172043011,4.05,0.1200000000000001,18.19049822562721,ENTERGY LOUISIANA,85.0,23972.93,0.016,0.644,,,,,,,,,unavailable,unavailable,,unavailable,,unavailable,,unavailable,,unavailable,,unavailable,,unavailable,,unavailable,,unavailable,,unavailable,,unavailable,,unavailable,,unavailable,,unavailable,,unavailable,,unavailable,,unavailable,,unavailable,,unavailable,,unavailable,,unavailable,,unavailable,,unavailable,,unavailable
P::M::J4179,2026-03-01,2026-03-01,MISO,J4179,4.763860369609857,6.601230118728877,unknown,0,,,0,,,,99.0,31659.93,100.0,29795.13,39888.36,1202,238194.56,0.39698836413415467,,NRIS,735.0,,East,East (ATC),,,,,,,,,,0,0.0,0.4911504424778761,2025-10-07,4.17,80990.37768817204,101013.0,-0.6408162377577172,0.0065300658450057865,-603.8938172043011,4.05,0.1200000000000001,18.19049822562721,AMERICAN TRANSMISSION,110.0,22126.63,0.09090909090909091,0.6181818181818182,,,,,,,,,unavailable,unavailable,,unavailable,,unavailable,,unavailable,,unavailable,,unavailable,,unavailable,,unavailable,,unavailable,,unavailable,,unavailable,,unavailable,,unavailable,,unavailable,,unavailable,,unavailable,,unavailable,,unavailable,,unavailable,,unavailable,,unavailable,,unavailable,,unavailable,,unavailable
P::M::J4180,2026-03-01,2026-03-01,MISO,J4180,4.763860369609857,6.628041376179533,unknown,0,,,0,,,,99.0,31639.93,100.0,29775.13,39868.36,1202,238194.56,0.39698836413415467,,NRIS,755.0,,West,West,,,,,,,,,,0,0.0,0.5961251862891207,2025-10-07,4.17,80990.37768817204,101013.0,-0.6408162377577172,0.0065300658450057865,-603.8938172043011,4.05,0.1200000000000001,18.19049822562721,NORTHERN STATES POWER,72.0,15117.65,0.006134969325153374,0.5460122699386503,,,,,,,,,unavailable,unavailable,,unavailable,,unavailable,,unavailable,,unavailable,,unavailable,,unavailable,,unavailable,,unavailable,,unavailable,,unavailable,,unavailable,,unavailable,,unavailable,,unavailable,,unavailable,,unavailable,,unavailable,,unavailable,,unavailable,,unavailable,,unavailable,,unavailable,,unavailable
P::M::J4182,2026-03-01,2026-03-01,MISO,J4182,4.731006160164271,0.0,unknown,0,,,0,,,,99.0,32394.93,100.0,30530.13,40623.36,1202,238194.56,0.3942505133470226,,NRIS,0.0,,South,South,,,,,,,,,,0,0.0,0.6935185185185185,2025-10-08,4.17,80990.37768817204,101013.0,-0.6408162377577172,0.0065300658450057865,-603.8938172043011,4.05,0.1200000000000001,18.19049822562721,ENTERGY ARKANSAS,118.0,29185.92,0.011661807580174927,0.641399416909621,,,,,,,,,unavailable,unavailable,,unavailable,,unavailable,,unavailable,,unavailable,,unavailable,,unavailable,,unavailable,,unavailable,,unavailable,,unavailable,,unavailable,,unavailable,,unavailable,,unavailable,,unavailable,,unavailable,,unavailable,,unavailable,,unavailable,,unavailable,,unavailable,,unavailable,,unavailable
P::M::J4184,2026-03-01,2026-03-01,MISO,J4184,4.763860369609857,6.628041376179533,unknown,0,,,0,,,,99.0,31639.93,100.0,29775.13,39868.36,1202,238194.56,0.39698836413415467,,NRIS,755.0,,East,East (ATC),,,,,,,,,,0,0.0,0.4911504424778761,2025-10-07,4.17,80990.37768817204,101013.0,-0.6408162377577172,0.0065300658450057865,-603.8938172043011,4.05,0.1200000000000001,18.19049822562721,AMERICAN TRANSMISSION,110.0,22126.63,0.09090909090909091,0.6181818181818182,,,,,,,,,unavailable,unavailable,,unavailable,,unavailable,,unavailable,,unavailable,,unavailable,,unavailable,,unavailable,,unavailable,,unavailable,,unavailable,,unavailable,,unavailable,,unavailable,,unavailable,,unavailable,,unavailable,,unavailable,,unavailable,,unavailable,,unavailable,,unavailable,,unavailable,,unavailable
P::M::J4185,2026-03-01,2026-03-01,MISO,J4185,4.763860369609857,6.628041376179533,unknown,0,,,0,,,,99.0,31639.93,100.0,29775.13,39868.36,1202,238194.56,0.39698836413415467,,NRIS,755.0,,South,South,,,,,,,,,,0,0.0,0.6935185185185185,2025-10-07,4.17,80990.37768817204,101013.0,-0.6408162377577172,0.0065300658450057865,-603.8938172043011,4.05,0.1200000000000001,18.19049822562721,ENTERGY LOUISIANA,85.0,23972.93,0.016,0.644,,,,,,,,,unavailable,unavailable,,unavailable,,unavailable,,unavailable,,unavailable,,unavailable,,unavailable,,unavailable,,unavailable,,unavailable,,unavailable,,unavailable,,unavailable,,unavailable,,unavailable,,unavailable,,unavailable,,unavailable,,unavailable,,unavailable,,unavailable,,unavailable,,unavailable,,unavailable
P::M::J4187,2026-03-01,2026-03-01,MISO,J4187,4.763860369609857,6.628041376179533,unknown,0,,,0,,,,99.0,31639.93,100.0,29775.13,39868.36,1202,238194.56,0.39698836413415467,,NRIS,755.0,,West,West,,,,,,,,,,0,0.0,0.5961251862891207,2025-10-07,4.17,80990.37768817204,101013.0,-0.6408162377577172,0.0065300658450057865,-603.8938172043011,4.05,0.1200000000000001,18.19049822562721,NORTHERN STATES POWER,72.0,15117.65,0.006134969325153374,0.5460122699386503,,,,,,,,,unavailable,unavailable,,unavailable,,unavailable,,unavailable,,unavailable,,unavailable,,unavailable,,unavailable,,unavailable,,unavailable,,unavailable,,unavailable,,unavailable,,unavailable,,unavailable,,unavailable,,unavailable,,unavailable,,unavailable,,unavailable,,unavailable,,unavailable,,unavailable,,unavailable
P::M::J4205,2026-03-01,2026-03-01,MISO,J4205,3.4168377823408624,0.0,other,0,LA,,0,,,,59.0,13319.51,0.0,0.0,19963.7,1202,238194.56,0.28473648186173856,,ERIS,0.0,22071,,,SUILLIVAN STATION ENTERGY0,98.25063613231552,364136.0,0.0,,0,0,0,1,0,0.0,,2025-11-17,4.17,80990.37768817204,101013.0,-0.6408162377577172,0.0065300658450057865,-603.8938172043011,3.99,0.17999999999999972,18.19049822562721,ENTERGY NEW ORLEANS,1.0,40.0,0.0,0.0,,,,,,,,,unavailable,unavailable,,unavailable,,unavailable,,unavailable,,unavailable,,unavailable,,unavailable,,unavailable,,unavailable,,unavailable,,unavailable,,unavailable,,unavailable,,unavailable,,unavailable,,unavailable,,unavailable,,unavailable,,unavailable,,unavailable,,unavailable,,unavailable,,unavailable,,unavailable
P::M::J4206,2026-03-01,2026-03-01,MISO,J4206,2.3326488706365502,4.61512051684126,unknown,0,,,0,,,,99.0,32294.93,100.0,30430.13,40523.36,1202,238194.56,0.1943874058863792,,NRIS,100.0,,East (ITC),East (ITC),,,,,,,,,,0,0.0,0.46331236897274636,2025-12-20,4.17,80990.37768817204,101013.0,-0.6408162377577172,0.0065300658450057865,-603.8938172043011,4.13,0.040000000000000036,18.19049822562721,METC,167.0,33466.87,0.024691358024691357,0.45987654320987653,,,,,,,,,unavailable,unavailable,,unavailable,,unavailable,,unavailable,,unavailable,,unavailable,,unavailable,,unavailable,,unavailable,,unavailable,,unavailable,,unavailable,,unavailable,,unavailable,,unavailable,,unavailable,,unavailable,,unavailable,,unavailable,,unavailable,,unavailable,,unavailable,,unavailable,,unavailable
P::M::J4207,2026-03-01,2026-03-01,MISO,J4207,2.3326488706365502,4.61512051684126,unknown,0,,,0,,,,99.0,32294.93,100.0,30430.13,40523.36,1202,238194.56,0.1943874058863792,,NRIS,100.0,,East (ITC),East (ITC),,,,,,,,,,0,0.0,0.46331236897274636,2025-12-20,4.17,80990.37768817204,101013.0,-0.6408162377577172,0.0065300658450057865,-603.8938172043011,4.13,0.040000000000000036,18.19049822562721,METC,167.0,33466.87,0.024691358024691357,0.45987654320987653,,,,,,,,,unavailable,unavailable,,unavailable,,unavailable,,unavailable,,unavailable,,unavailable,,unavailable,,unavailable,,unavailable,,unavailable,,unavailable,,unavailable,,unavailable,,unavailable,,unavailable,,unavailable,,unavailable,,unavailable,,unavailable,,unavailable,,unavailable,,unavailable,,unavailable,,unavailable
P::M::J4208,2026-03-01,2026-03-01,MISO,J4208,2.3326488706365502,4.61512051684126,unknown,0,,,0,,,,99.0,32294.93,100.0,30430.13,40523.36,1202,238194.56,0.1943874058863792,,NRIS,100.0,,East (ITC),East (ITC),,,,,,,,,,0,0.0,0.46331236897274636,2025-12-20,4.17,80990.37768817204,101013.0,-0.6408162377577172,0.0065300658450057865,-603.8938172043011,4.13,0.040000000000000036,18.19049822562721,METC,167.0,33466.87,0.024691358024691357,0.45987654320987653,,,,,,,,,unavailable,unavailable,,unavailable,,unavailable,,unavailable,,unavailable,,unavailable,,unavailable,,unavailable,,unavailable,,unavailable,,unavailable,,unavailable,,unavailable,,unavailable,,unavailable,,unavailable,,unavailable,,unavailable,,unavailable,,unavailable,,unavailable,,unavailable,,unavailable,,unavailable
P::M::J4209,2026-03-01,2026-03-01,MISO,J4209,2.3326488706365502,4.61512051684126,unknown,0,,,0,,,,99.0,32294.93,100.0,30430.13,40523.36,1202,238194.56,0.1943874058863792,,NRIS,100.0,,East (ITC),East (ITC),,,,,,,,,,0,0.0,0.46331236897274636,2025-12-20,4.17,80990.37768817204,101013.0,-0.6408162377577172,0.0065300658450057865,-603.8938172043011,4.13,0.040000000000000036,18.19049822562721,METC,167.0,33466.87,0.024691358024691357,0.45987654320987653,,,,,,,,,unavailable,unavailable,,unavailable,,unavailable,,unavailable,,unavailable,,unavailable,,unavailable,,unavailable,,unavailable,,unavailable,,unavailable,,unavailable,,unavailable,,unavailable,,unavailable,,unavailable,,unavailable,,unavailable,,unavailable,,unavailable,,unavailable,,unavailable,,unavailable,,unavailable
P::M::J4210,2026-03-01,2026-03-01,MISO,J4210,0.75564681724846,5.5254529391317835,unknown,0,,,0,,,,99.0,32144.93,100.0,30280.13,40373.36,1202,238194.56,0.06297056810403832,,NRIS,250.0,,East (ITC),East (ITC),,,,,,,,,,0,0.0,0.46331236897274636,2026-02-06,4.17,80990.37768817204,101013.0,-0.6408162377577172,0.0065300658450057865,-603.8938172043011,4.17,0.0,18.19049822562721,ITC,83.0,19624.149999999998,0.0,0.27586206896551724,,,,,,,,,unavailable,unavailable,,unavailable,,unavailable,,unavailable,,unavailable,,unavailable,,unavailable,,unavailable,,unavailable,,unavailable,,unavailable,,unavailable,,unavailable,,unavailable,,unavailable,,unavailable,,unavailable,,unavailable,,unavailable,,unavailable,,unavailable,,unavailable,,unavailable,,unavailable
P::M::J4211,2026-03-01,2026-03-01,MISO,J4211,3.482546201232033,0.0,unknown,0,,,0,,,,99.0,32394.93,100.0,30530.13,40623.36,1202,238194.56,0.29021218343600275,,ERIS,0.0,,,,,,,,,,,,,0,0.0,,2025-11-15,4.17,80990.37768817204,101013.0,-0.6408162377577172,0.0065300658450057865,-603.8938172043011,3.99,0.17999999999999972,18.19049822562721,ENTERGY ARKANSAS,118.0,29185.92,0.011661807580174927,0.641399416909621,,,,,,,,,unavailable,unavailable,,unavailable,,unavailable,,unavailable,,unavailable,,unavailable,,unavailable,,unavailable,,unavailable,,unavailable,,unavailable,,unavailable,,unavailable,,unavailable,,unavailable,,unavailable,,unavailable,,unavailable,,unavailable,,unavailable,,unavailable,,unavailable,,unavailable,,unavailable
P::M::J4212,2026-03-01,2026-03-01,MISO,J4212,0.3613963039014374,5.017279836814924,unknown,0,,,0,,,,99.0,32244.93,100.0,30380.13,40473.36,1202,238194.56,0.030116358658453114,,NRIS,150.0,,East (ITC),East (ITC),,,,,,,,,,0,0.0,0.46331236897274636,2026-02-18,4.17,80990.37768817204,101013.0,-0.6408162377577172,0.0065300658450057865,-603.8938172043011,4.17,0.0,18.19049822562721,ITC,83.0,19624.149999999998,0.0,0.27586206896551724,,,,,,,,,unavailable,unavailable,,unavailable,,unavailable,,unavailable,,unavailable,,unavailable,,unavailable,,unavailable,,unavailable,,unavailable,,unavailable,,unavailable,,unavailable,,unavailable,,unavailable,,unavailable,,unavailable,,unavailable,,unavailable,,unavailable,,unavailable,,unavailable,,unavailable,,unavailable
P::M::J4213,2026-03-01,2026-03-01,MISO,J4213,0.3613963039014374,5.860786223465865,unknown,0,,,0,,,,99.0,32044.93,100.0,30180.13,40273.36,1202,238194.56,0.030116358658453114,,NRIS,350.0,,South,South,,,,,,,,,,0,0.0,0.6935185185185185,2026-02-18,4.17,80990.37768817204,101013.0,-0.6408162377577172,0.0065300658450057865,-603.8938172043011,4.17,0.0,18.19049822562721,ENTERGY ARKANSAS,118.0,29185.92,0.011661807580174927,0.641399416909621,,,,,,,,,unavailable,unavailable,,unavailable,,unavailable,,unavailable,,unavailable,,unavailable,,unavailable,,unavailable,,unavailable,,unavailable,,unavailable,,unavailable,,unavailable,,unavailable,,unavailable,,unavailable,,unavailable,,unavailable,,unavailable,,unavailable,,unavailable,,unavailable,,unavailable,,unavailable
P::M::J4214,2026-03-01,2026-03-01,MISO,J4214,0.3613963039014374,6.2166061010848646,unknown,0,,,0,,,,99.0,31894.93,100.0,30030.13,40123.36,1202,238194.56,0.030116358658453114,,NRIS,500.0,,South,South,,,,,,,,,,0,0.0,0.6935185185185185,2026-02-18,4.17,80990.37768817204,101013.0,-0.6408162377577172,0.0065300658450057865,-603.8938172043011,4.17,0.0,18.19049822562721,ENTERGY ARKANSAS,118.0,29185.92,0.011661807580174927,0.641399416909621,,,,,,,,,unavailable,unavailable,,unavailable,,unavailable,,unavailable,,unavailable,,unavailable,,unavailable,,unavailable,,unavailable,,unavailable,,unavailable,,unavailable,,unavailable,,unavailable,,unavailable,,unavailable,,unavailable,,unavailable,,unavailable,,unavailable,,unavailable,,unavailable,,unavailable,,unavailable
P::M::J4215,2026-03-01,2026-03-01,MISO,J4215,0.3613963039014374,6.2166061010848646,unknown,0,,,0,,,,99.0,31894.93,100.0,30030.13,40123.36,1202,238194.56,0.030116358658453114,,NRIS,500.0,,South,South,,,,,,,,,,0,0.0,0.6935185185185185,2026-02-18,4.17,80990.37768817204,101013.0,-0.6408162377577172,0.0065300658450057865,-603.8938172043011,4.17,0.0,18.19049822562721,ENTERGY ARKANSAS,118.0,29185.92,0.011661807580174927,0.641399416909621,,,,,,,,,unavailable,unavailable,,unavailable,,unavailable,,unavailable,,unavailable,,unavailable,,unavailable,,unavailable,,unavailable,,unavailable,,unavailable,,unavailable,,unavailable,,unavailable,,unavailable,,unavailable,,unavailable,,unavailable,,unavailable,,unavailable,,unavailable,,unavailable,,unavailable,,unavailable
P::M::J4216,2026-03-01,2026-03-01,MISO,J4216,0.1971252566735113,7.313886831633462,unknown,0,,,0,,,,99.0,30894.93,100.0,29030.13,39123.36,1202,238194.56,0.01642710472279261,,NRIS,1500.0,,South,South,,,,,,,,,,0,0.0,0.6935185185185185,2026-02-23,4.17,80990.37768817204,101013.0,-0.6408162377577172,0.0065300658450057865,-603.8938172043011,4.17,0.0,18.19049822562721,ENTERGY SERVICES,,,,,,,,,,,,,unavailable,unavailable,,unavailable,,unavailable,,unavailable,,unavailable,,unavailable,,unavailable,,unavailable,,unavailable,,unavailable,,unavailable,,unavailable,,unavailable,,unavailable,,unavailable,,unavailable,,unavailable,,unavailable,,unavailable,,unavailable,,unavailable,,unavailable,,unavailable,,unavailable
P::M::J4217,2026-03-01,2026-03-01,MISO,J4217,0.1971252566735113,6.68586094706836,unknown,0,,,0,,,,99.0,31594.93,100.0,29730.13,39823.36,1202,238194.56,0.01642710472279261,,NRIS,800.0,,South,South,,,,,,,,,,0,0.0,0.6935185185185185,2026-02-23,4.17,80990.37768817204,101013.0,-0.6408162377577172,0.0065300658450057865,-603.8938172043011,4.17,0.0,18.19049822562721,ENTERGY SERVICES,,,,,,,,,,,,,unavailable,unavailable,,unavailable,,unavailable,,unavailable,,unavailable,,unavailable,,unavailable,,unavailable,,unavailable,,unavailable,,unavailable,,unavailable,,unavailable,,unavailable,,unavailable,,unavailable,,unavailable,,unavailable,,unavailable,,unavailable,,unavailable,,unavailable,,unavailable,,unavailable
P::M::J4218,2026-03-01,2026-03-01,MISO,J4218,0.16427104722792607,6.68586094706836,unknown,0,,,0,,,,99.0,31594.93,100.0,29730.13,39823.36,1202,238194.56,0.013689253935660506,,NRIS,800.0,,South,South,,,,,,,,,,0,0.0,0.6935185185185185,2026-02-24,4.17,80990.37768817204,101013.0,-0.6408162377577172,0.0065300658450057865,-603.8938172043011,4.17,0.0,18.19049822562721,ENTERGY SERVICES,,,,,,,,,,,,,unavailable,unavailable,,unavailable,,unavailable,,unavailable,,unavailable,,unavailable,,unavailable,,unavailable,,unavailable,,unavailable,,unavailable,,unavailable,,unavailable,,unavailable,,unavailable,,unavailable,,unavailable,,unavailable,,unavailable,,unavailable,,unavailable,,unavailable,,unavailable,,unavailable
P::M::J4219,2026-03-01,2026-03-01,MISO,J4219,0.16427104722792607,7.313886831633462,unknown,0,,,0,,,,99.0,30894.93,100.0,29030.13,39123.36,1202,238194.56,0.013689253935660506,,NRIS,1500.0,,South,South,,,,,,,,,,0,0.0,0.6935185185185185,2026-02-24,4.17,80990.37768817204,101013.0,-0.6408162377577172,0.0065300658450057865,-603.8938172043011,4.17,0.0,18.19049822562721,ENTERGY LOUISIANA,85.0,23972.93,0.016,0.644,,,,,,,,,unavailable,unavailable,,unavailable,,unavailable,,unavailable,,unavailable,,unavailable,,unavailable,,unavailable,,unavailable,,unavailable,,unavailable,,unavailable,,unavailable,,unavailable,,unavailable,,unavailable,,unavailable,,unavailable,,unavailable,,unavailable,,unavailable,,unavailable,,unavailable,,unavailable
P::M::J4221,2026-03-01,2026-03-01,MISO,J4221,0.09856262833675565,7.313886831633462,unknown,0,,,0,,,,99.0,30894.93,100.0,29030.13,39123.36,1202,238194.56,0.008213552361396304,,NRIS,1500.0,,South,South,,,,,,,,,,0,0.0,0.6935185185185185,2026-02-26,4.17,80990.37768817204,101013.0,-0.6408162377577172,0.0065300658450057865,-603.8938172043011,4.17,0.0,18.19049822562721,ENTERGY ARKANSAS,118.0,29185.92,0.011661807580174927,0.641399416909621,,,,,,,,,unavailable,unavailable,,unavailable,,unavailable,,unavailable,,unavailable,,unavailable,,unavailable,,unavailable,,unavailable,,unavailable,,unavailable,,unavailable,,unavailable,,unavailable,,unavailable,,unavailable,,unavailable,,unavailable,,unavailable,,unavailable,,unavailable,,unavailable,,unavailable,,unavailable
P::M::J4222,2026-03-01,2026-03-01,MISO,J4222,-0.32854209445585214,5.707110264748875,unknown,0,,,0,,,,99.0,32094.93,100.0,30230.13,40323.36,1202,238194.56,-0.02737850787132101,,NRIS,300.0,,Central,Central,,,,,,,,,,0,0.0,0.5670009115770283,2026-03-11,4.17,80990.37768817204,101013.0,-0.6408162377577172,0.0065300658450057865,-603.8938172043011,4.22,-0.04999999999999982,18.19049822562721,DUKE ENERGY INDIANA,58.0,11347.82,0.004608294930875576,0.728110599078341,,,,,,,,,unavailable,unavailable,,unavailable,,unavailable,,unavailable,,unavailable,,unavailable,,unavailable,,unavailable,,unavailable,,unavailable,,unavailable,,unavailable,,unavailable,,unavailable,,unavailable,,unavailable,,unavailable,,unavailable,,unavailable,,unavailable,,unavailable,,unavailable,,unavailable,,unavailable
P::M::J4223,2026-03-01,2026-03-01,MISO,J4223,-0.32854209445585214,5.5254529391317835,unknown,0,,,0,,,,99.0,32144.93,100.0,30280.13,40373.36,1202,238194.56,-0.02737850787132101,,NRIS,250.0,,East (ITC),East (ITC),,,,,,,,,,0,0.0,0.46331236897274636,2026-03-11,4.17,80990.37768817204,101013.0,-0.6408162377577172,0.0065300658450057865,-603.8938172043011,4.22,-0.04999999999999982,18.19049822562721,NORTHERN STATES POWER,72.0,15117.65,0.006134969325153374,0.5460122699386503,,,,,,,,,unavailable,unavailable,,unavailable,,unavailable,,unavailable,,unavailable,,unavailable,,unavailable,,unavailable,,unavailable,,unavailable,,unavailable,,unavailable,,unavailable,,unavailable,,unavailable,,unavailable,,unavailable,,unavailable,,unavailable,,unavailable,,unavailable,,unavailable,,unavailable,,unavailable
P::M::J4224,2026-03-01,2026-03-01,MISO,J4224,-0.6242299794661191,5.5254529391317835,unknown,0,,,0,,,,99.0,32144.93,100.0,30280.13,40373.36,1202,238194.56,-0.05201916495550993,,NRIS,250.0,,West,West,,,,,,,,,,0,0.0,0.5961251862891207,2026-03-20,4.17,80990.37768817204,101013.0,-0.6408162377577172,0.0065300658450057865,-603.8938172043011,4.22,-0.04999999999999982,18.19049822562721,NORTHERN STATES POWER,72.0,15117.65,0.006134969325153374,0.5460122699386503,,,,,,,,,unavailable,unavailable,,unavailable,,unavailable,,unavailable,,unavailable,,unavailable,,unavailable,,unavailable,,unavailable,,unavailable,,unavailable,,unavailable,,unavailable,,unavailable,,unavailable,,unavailable,,unavailable,,unavailable,,unavailable,,unavailable,,unavailable,,unavailable,,unavailable,,unavailable
P::M::J4225,2026-03-01,2026-03-01,MISO,J4225,-0.6242299794661191,5.5254529391317835,unknown,0,,,0,,,,99.0,32144.93,100.0,30280.13,40373.36,1202,238194.56,-0.05201916495550993,,NRIS,250.0,,West,West,,,,,,,,,,0,0.0,0.5961251862891207,2026-03-20,4.17,80990.37768817204,101013.0,-0.6408162377577172,0.0065300658450057865,-603.8938172043011,4.22,-0.04999999999999982,18.19049822562721,NORTHERN STATES POWER,72.0,15117.65,0.006134969325153374,0.5460122699386503,,,,,,,,,unavailable,unavailable,,unavailable,,unavailable,,unavailable,,unavailable,,unavailable,,unavailable,,unavailable,,unavailable,,unavailable,,unavailable,,unavailable,,unavailable,,unavailable,,unavailable,,unavailable,,unavailable,,unavailable,,unavailable,,unavailable,,unavailable,,unavailable,,unavailable,,unavailable
P::M::J4226,2026-03-01,2026-03-01,MISO,J4226,-0.6570841889117043,5.017279836814924,unknown,0,,,0,,,,99.0,32244.93,2.0,249.0,40473.36,1202,238194.56,-0.05475701574264202,,NRIS,150.0,,East,East (ATC),STORY COUNTY,,,,,,,,,2,249.0,0.4911504424778761,2026-03-21,4.17,80990.37768817204,101013.0,-0.6408162377577172,0.0065300658450057865,-603.8938172043011,4.22,-0.04999999999999982,18.19049822562721,AMERICAN TRANSMISSION,110.0,22126.63,0.09090909090909091,0.6181818181818182,,,,,,,,,unavailable,unavailable,,unavailable,,unavailable,,unavailable,,unavailable,,unavailable,,unavailable,,unavailable,,unavailable,,unavailable,,unavailable,,unavailable,,unavailable,,unavailable,,unavailable,,unavailable,,unavailable,,unavailable,,unavailable,,unavailable,,unavailable,,unavailable,,unavailable,,unavailable
P::M::J4227,2026-03-01,2026-03-01,MISO,J4227,-0.6570841889117043,5.017279836814924,unknown,0,,,0,,,,99.0,32244.93,2.0,249.0,40473.36,1202,238194.56,-0.05475701574264202,,NRIS,150.0,,East,East (ATC),STORY COUNTY,,,,,,,,,2,249.0,0.4911504424778761,2026-03-21,4.17,80990.37768817204,101013.0,-0.6408162377577172,0.0065300658450057865,-603.8938172043011,4.22,-0.04999999999999982,18.19049822562721,AMERICAN TRANSMISSION,110.0,22126.63,0.09090909090909091,0.6181818181818182,,,,,,,,,unavailable,unavailable,,unavailable,,unavailable,,unavailable,,unavailable,,unavailable,,unavailable,,unavailable,,unavailable,,unavailable,,unavailable,,unavailable,,unavailable,,unavailable,,unavailable,,unavailable,,unavailable,,unavailable,,unavailable,,unavailable,,unavailable,,unavailable,,unavailable,,unavailable
P::M::J4228,2026-03-01,2026-03-01,MISO,J4228,-0.5913757700205339,4.61512051684126,unknown,0,,,0,,,,99.0,32294.93,100.0,30430.13,40523.36,1202,238194.56,-0.049281314168377825,,NRIS,100.0,,East (ITC),East (ITC),,,,,,,,,,0,0.0,0.46331236897274636,2026-03-19,4.17,80990.37768817204,101013.0,-0.6408162377577172,0.0065300658450057865,-603.8938172043011,4.22,-0.04999999999999982,18.19049822562721,METC,167.0,33466.87,0.024691358024691357,0.45987654320987653,,,,,,,,,unavailable,unavailable,,unavailable,,unavailable,,unavailable,,unavailable,,unavailable,,unavailable,,unavailable,,unavailable,,unavailable,,unavailable,,unavailable,,unavailable,,unavailable,,unavailable,,unavailable,,unavailable,,unavailable,,unavailable,,unavailable,,unavailable,,unavailable,,unavailable,,unavailable
P::M::J4229,2026-03-01,2026-03-01,MISO,J4229,-0.6242299794661191,5.860786223465865,unknown,0,,,0,,,,99.0,32044.93,100.0,30180.13,40273.36,1202,238194.56,-0.05201916495550993,,NRIS,350.0,,West,West,,,,,,,,,,0,0.0,0.5961251862891207,2026-03-20,4.17,80990.37768817204,101013.0,-0.6408162377577172,0.0065300658450057865,-603.8938172043011,4.22,-0.04999999999999982,18.19049822562721,DAIRYLAND POWER COOPERATIVE,13.0,1720.98,0.0,0.48,,,,,,,,,unavailable,unavailable,,unavailable,,unavailable,,unavailable,,unavailable,,unavailable,,unavailable,,unavailable,,unavailable,,unavailable,,unavailable,,unavailable,,unavailable,,unavailable,,unavailable,,unavailable,,unavailable,,unavailable,,unavailable,,unavailable,,unavailable,,unavailable,,unavailable,,unavailable
P::M::J4230,2026-03-01,2026-03-01,MISO,J4230,-0.6242299794661191,5.5254529391317835,unknown,0,,,0,,,,99.0,32144.93,100.0,30280.13,40373.36,1202,238194.56,-0.05201916495550993,,NRIS,250.0,,West,West,,,,,,,,,,0,0.0,0.5961251862891207,2026-03-20,4.17,80990.37768817204,101013.0,-0.6408162377577172,0.0065300658450057865,-603.8938172043011,4.22,-0.04999999999999982,18.19049822562721,NORTHERN STATES POWER,72.0,15117.65,0.006134969325153374,0.5460122699386503,,,,,,,,,unavailable,unavailable,,unavailable,,unavailable,,unavailable,,unavailable,,unavailable,,unavailable,,unavailable,,unavailable,,unavailable,,unavailable,,unavailable,,unavailable,,unavailable,,unavailable,,unavailable,,unavailable,,unavailable,,unavailable,,unavailable,,unavailable,,unavailable,,unavailable,,unavailable
P::M::J4231,2026-03-01,2026-03-01,MISO,J4231,-0.6242299794661191,5.993961427306569,unknown,0,,,0,,,,99.0,31994.93,100.0,30130.13,40223.36,1202,238194.56,-0.05201916495550993,,NRIS,400.0,,Central,Central,,,,,,,,,,0,0.0,0.5670009115770283,2026-03-20,4.17,80990.37768817204,101013.0,-0.6408162377577172,0.0065300658450057865,-603.8938172043011,4.22,-0.04999999999999982,18.19049822562721,INDIANAPOLIS POWER LIGHT,9.0,2448.8199999999997,0.14814814814814814,0.5185185185185185,,,,,,,,,unavailable,unavailable,,unavailable,,unavailable,,unavailable,,unavailable,,unavailable,,unavailable,,unavailable,,unavailable,,unavailable,,unavailable,,unavailable,,unavailable,,unavailable,,unavailable,,unavailable,,unavailable,,unavailable,,unavailable,,unavailable,,unavailable,,unavailable,,unavailable,,unavailable
P::M::J4232,2026-03-01,2026-03-01,MISO,J4232,-0.6242299794661191,5.303304908059076,unknown,0,,,0,,,,99.0,32194.93,100.0,30330.13,40423.36,1202,238194.56,-0.05201916495550993,,NRIS,200.0,,Central,Central,,,,,,,,,,0,0.0,0.5670009115770283,2026-03-20,4.17,80990.37768817204,101013.0,-0.6408162377577172,0.0065300658450057865,-603.8938172043011,4.22,-0.04999999999999982,18.19049822562721,AMEREN ILLINOIS,221.0,41217.38,0.07429718875502007,0.4779116465863454,,,,,,,,,unavailable,unavailable,,unavailable,,unavailable,,unavailable,,unavailable,,unavailable,,unavailable,,unavailable,,unavailable,,unavailable,,unavailable,,unavailable,,unavailable,,unavailable,,unavailable,,unavailable,,unavailable,,unavailable,,unavailable,,unavailable,,unavailable,,unavailable,,unavailable,,unavailable
P::M::J4233,2026-03-01,2026-03-01,MISO,J4233,-0.6570841889117043,5.707110264748875,unknown,0,,,0,,,,99.0,32094.93,100.0,30230.13,40323.36,1202,238194.56,-0.05475701574264202,,NRIS,300.0,,East (ITC),East (ITC),,,,,,,,,,0,0.0,0.46331236897274636,2026-03-21,4.17,80990.37768817204,101013.0,-0.6408162377577172,0.0065300658450057865,-603.8938172043011,4.22,-0.04999999999999982,18.19049822562721,ITC,83.0,19624.149999999998,0.0,0.27586206896551724,,,,,,,,,unavailable,unavailable,,unavailable,,unavailable,,unavailable,,unavailable,,unavailable,,unavailable,,unavailable,,unavailable,,unavailable,,unavailable,,unavailable,,unavailable,,unavailable,,unavailable,,unavailable,,unavailable,,unavailable,,unavailable,,unavailable,,unavailable,,unavailable,,unavailable,,unavailable
P::M::J4234,2026-03-01,2026-03-01,MISO,J4234,-0.6570841889117043,5.707110264748875,unknown,0,,,0,,,,99.0,32094.93,100.0,30230.13,40323.36,1202,238194.56,-0.05475701574264202,,NRIS,300.0,,East (ITC),East (ITC),,,,,,,,,,0,0.0,0.46331236897274636,2026-03-21,4.17,80990.37768817204,101013.0,-0.6408162377577172,0.0065300658450057865,-603.8938172043011,4.22,-0.04999999999999982,18.19049822562721,ITC,83.0,19624.149999999998,0.0,0.27586206896551724,,,,,,,,,unavailable,unavailable,,unavailable,,unavailable,,unavailable,,unavailable,,unavailable,,unavailable,,unavailable,,unavailable,,unavailable,,unavailable,,unavailable,,unavailable,,unavailable,,unavailable,,unavailable,,unavailable,,unavailable,,unavailable,,unavailable,,unavailable,,unavailable,,unavailable,,unavailable
P::M::J4235,2026-03-01,2026-03-01,MISO,J4235,-0.6570841889117043,6.2166061010848646,unknown,0,,,0,,,,99.0,31894.93,1.0,400.0,40123.36,1202,238194.56,-0.05475701574264202,,NRIS,500.0,,West,West,DUANE ARNOLD,,,,,,,,,1,400.0,0.5961251862891207,2026-03-21,4.17,80990.37768817204,101013.0,-0.6408162377577172,0.0065300658450057865,-603.8938172043011,4.22,-0.04999999999999982,18.19049822562721,ITC MIDWEST,87.0,14086.3,0.18114143920595532,0.6029776674937966,,,,,,,,,unavailable,unavailable,,unavailable,,unavailable,,unavailable,,unavailable,,unavailable,,unavailable,,unavailable,,unavailable,,unavailable,,unavailable,,unavailable,,unavailable,,unavailable,,unavailable,,unavailable,,unavailable,,unavailable,,unavailable,,unavailable,,unavailable,,unavailable,,unavailable,,unavailable
P::M::J4236,2026-03-01,2026-03-01,MISO,J4236,-0.6242299794661191,5.993961427306569,unknown,0,,,0,,,,99.0,31994.93,100.0,30130.13,40223.36,1202,238194.56,-0.05201916495550993,,NRIS,400.0,,South,South,,,,,,,,,,0,0.0,0.6935185185185185,2026-03-20,4.17,80990.37768817204,101013.0,-0.6408162377577172,0.0065300658450057865,-603.8938172043011,4.22,-0.04999999999999982,18.19049822562721,CLECO POWER,33.0,7851.48,0.019417475728155338,0.6601941747572816,,,,,,,,,unavailable,unavailable,,unavailable,,unavailable,,unavailable,,unavailable,,unavailable,,unavailable,,unavailable,,unavailable,,unavailable,,unavailable,,unavailable,,unavailable,,unavailable,,unavailable,,unavailable,,unavailable,,unavailable,,unavailable,,unavailable,,unavailable,,unavailable,,unavailable,,unavailable
P::M::J4237,2026-03-01,2026-03-01,MISO,J4237,-0.75564681724846,5.303304908059076,unknown,0,,,0,,,,99.0,32194.93,100.0,30330.13,40423.36,1202,238194.56,-0.06297056810403832,,NRIS,200.0,,East (ITC),East (ITC),,,,,,,,,,0,0.0,0.46331236897274636,2026-03-24,4.17,80990.37768817204,101013.0,-0.6408162377577172,0.0065300658450057865,-603.8938172043011,4.22,-0.04999999999999982,18.19049822562721,METC,167.0,33466.87,0.024691358024691357,0.45987654320987653,,,,,,,,,unavailable,unavailable,,unavailable,,unavailable,,unavailable,,unavailable,,unavailable,,unavailable,,unavailable,,unavailable,,unavailable,,unavailable,,unavailable,,unavailable,,unavailable,,unavailable,,unavailable,,unavailable,,unavailable,,unavailable,,unavailable,,unavailable,,unavailable,,unavailable,,unavailable
P::M::J4238,2026-03-01,2026-03-01,MISO,J4238,-1.3141683778234086,4.836281906951478,unknown,0,,,0,,,,99.0,32269.93,100.0,30405.13,40498.36,1202,238194.56,-0.10951403148528405,,NRIS,125.0,,Central,Central,,,,,,,,,,0,0.0,0.5670009115770283,2026-04-10,4.17,80990.37768817204,101013.0,-0.6408162377577172,0.0065300658450057865,-603.8938172043011,4.15,0.019999999999999574,18.19049822562721,AMEREN ILLINOIS,221.0,41217.38,0.07429718875502007,0.4779116465863454,,,,,,,,,unavailable,unavailable,,unavailable,,unavailable,,unavailable,,unavailable,,unavailable,,unavailable,,unavailable,,unavailable,,unavailable,,unavailable,,unavailable,,unavailable,,unavailable,,unavailable,,unavailable,,unavailable,,unavailable,,unavailable,,unavailable,,unavailable,,unavailable,,unavailable,,unavailable
P::M::J4239,2026-03-01,2026-03-01,MISO,J4239,-1.7412731006160165,6.647688373563329,unknown,0,,,0,,,,99.0,31624.93,100.0,29760.13,39853.36,1202,238194.56,-0.14510609171800137,,NRIS,770.0,,South,South,,,,,,,,,,0,0.0,0.6935185185185185,2026-04-23,4.17,80990.37768817204,101013.0,-0.6408162377577172,0.0065300658450057865,-603.8938172043011,4.15,0.019999999999999574,18.19049822562721,ENTERGY TEXAS,20.0,5378.0,0.029850746268656716,0.6716417910447762,,,,,,,,,unavailable,unavailable,,unavailable,,unavailable,,unavailable,,unavailable,,unavailable,,unavailable,,unavailable,,unavailable,,unavailable,,unavailable,,unavailable,,unavailable,,unavailable,,unavailable,,unavailable,,unavailable,,unavailable,,unavailable,,unavailable,,unavailable,,unavailable,,unavailable,,unavailable
P::M::J4240,2026-03-01,2026-03-01,MISO,J4240,-2.3983572895277208,5.5254529391317835,unknown,0,,,0,,,,99.0,32144.93,2.0,500.0,40373.36,1202,238194.56,-0.1998631074606434,,NRIS,250.0,,West,West,BIG STONE SOUTH 345KV SUBSTATION,,,,,,,,,2,500.0,0.5961251862891207,2026-05-13,4.17,80990.37768817204,101013.0,-0.6408162377577172,0.0065300658450057865,-603.8938172043011,4.26,-0.08999999999999986,18.19049822562721,OTTER TAIL POWER,25.0,4561.42,0.13259668508287292,0.7292817679558011,,,,,,,,,unavailable,unavailable,,unavailable,,unavailable,,unavailable,,unavailable,,unavailable,,unavailable,,unavailable,,unavailable,,unavailable,,unavailable,,unavailable,,unavailable,,unavailable,,unavailable,,unavailable,,unavailable,,unavailable,,unavailable,,unavailable,,unavailable,,unavailable,,unavailable,,unavailable
P::M::J4241,2026-03-01,2026-03-01,MISO,J4241,-2.891170431211499,7.7057128238944275,unknown,0,,,0,,,,99.0,30174.93,1.0,2220.0,38403.36,1202,238194.56,-0.24093086926762491,,NRIS,2220.0,,Central,Central,SIOUX,,,,,,,,,1,2220.0,0.5670009115770283,2026-05-28,4.17,80990.37768817204,101013.0,-0.6408162377577172,0.0065300658450057865,-603.8938172043011,4.26,-0.08999999999999986,18.19049822562721,AMEREN MISSOURI,42.0,11977.23,0.041666666666666664,0.6,,,,,,,,,unavailable,unavailable,,unavailable,,unavailable,,unavailable,,unavailable,,unavailable,,unavailable,,unavailable,,unavailable,,unavailable,,unavailable,,unavailable,,unavailable,,unavailable,,unavailable,,unavailable,,unavailable,,unavailable,,unavailable,,unavailable,,unavailable,,unavailable,,unavailable,,unavailable
P::M::J4242,2026-03-01,2026-03-01,MISO,J4242,-2.6940451745379876,4.7535901911063645,unknown,0,,,0,,,,99.0,32279.93,100.0,30415.13,40508.36,1202,238194.56,-0.2245037645448323,,NRIS,115.0,,South,South,,,,,,,,,,0,0.0,0.6935185185185185,2026-05-22,4.17,80990.37768817204,101013.0,-0.6408162377577172,0.0065300658450057865,-603.8938172043011,4.26,-0.08999999999999986,18.19049822562721,ENTERGY ARKANSAS,118.0,29185.92,0.011661807580174927,0.641399416909621,,,,,,,,,unavailable,unavailable,,unavailable,,unavailable,,unavailable,,unavailable,,unavailable,,unavailable,,unavailable,,unavailable,,unavailable,,unavailable,,unavailable,,unavailable,,unavailable,,unavailable,,unavailable,,unavailable,,unavailable,,unavailable,,unavailable,,unavailable,,unavailable,,unavailable,,unavailable
P::M::J4243,2026-03-01,2026-03-01,MISO,J4243,-3.252566735112936,4.61512051684126,unknown,0,,,0,,,,99.0,32294.93,100.0,30430.13,40523.36,1202,238194.56,-0.27104722792607805,,NRIS,100.0,,South,South,,,,,,,,,,0,0.0,0.6935185185185185,2026-06-08,4.17,80990.37768817204,101013.0,-0.6408162377577172,0.0065300658450057865,-603.8938172043011,4.41,-0.2400000000000002,18.19049822562721,ENTERGY MISSISSIPPI EMTO,4.0,568.0,0.0,0.3333333333333333,,,,,,,,,unavailable,unavailable,,unavailable,,unavailable,,unavailable,,unavailable,,unavailable,,unavailable,,unavailable,,unavailable,,unavailable,,unavailable,,unavailable,,unavailable,,unavailable,,unavailable,,unavailable,,unavailable,,unavailable,,unavailable,,unavailable,,unavailable,,unavailable,,unavailable,,unavailable
P::M::J4244,2026-03-01,2026-03-01,MISO,J4244,-3.186858316221766,4.61512051684126,unknown,0,,,0,,,,99.0,32294.93,100.0,30430.13,40523.36,1202,238194.56,-0.2655715263518138,,NRIS,100.0,,South,South,,,,,,,,,,0,0.0,0.6935185185185185,2026-06-06,4.17,80990.37768817204,101013.0,-0.6408162377577172,0.0065300658450057865,-603.8938172043011,4.41,-0.2400000000000002,18.19049822562721,ENTERGY MISSISSIPPI,51.0,10735.3,0.006172839506172839,0.6790123456790124,,,,,,,,,unavailable,unavailable,,unavailable,,unavailable,,unavailable,,unavailable,,unavailable,,unavailable,,unavailable,,unavailable,,unavailable,,unavailable,,unavailable,,unavailable,,unavailable,,unavailable,,unavailable,,unavailable,,unavailable,,unavailable,,unavailable,,unavailable,,unavailable,,unavailable,,unavailable
P::M::J4245,2026-03-01,2026-03-01,MISO,J4245,-3.811088295687885,6.647688373563329,unknown,0,,,0,,,,99.0,31624.93,100.0,29760.13,39853.36,1202,238194.56,-0.31759069130732376,,NRIS,770.0,,South,South,,,,,,,,,,0,0.0,0.6935185185185185,2026-06-25,4.17,80990.37768817204,101013.0,-0.6408162377577172,0.0065300658450057865,-603.8938172043011,4.41,-0.2400000000000002,18.19049822562721,ENTERGY MISSISSIPPI,51.0,10735.3,0.006172839506172839,0.6790123456790124,,,,,,,,,unavailable,unavailable,,unavailable,,unavailable,,unavailable,,unavailable,,unavailable,,unavailable,,unavailable,,unavailable,,unavailable,,unavailable,,unavailable,,unavailable,,unavailable,,unavailable,,unavailable,,unavailable,,unavailable,,unavailable,,unavailable,,unavailable,,unavailable,,unavailable,,unavailable
P::M::J4246,2026-03-01,2026-03-01,MISO,J4246,-3.811088295687885,6.329720905522696,unknown,0,,,0,,,,99.0,31834.93,100.0,29970.13,40063.36,1202,238194.56,-0.31759069130732376,,NRIS,560.0,,South,South,,,,,,,,,,0,0.0,0.6935185185185185,2026-06-25,4.17,80990.37768817204,101013.0,-0.6408162377577172,0.0065300658450057865,-603.8938172043011,4.41,-0.2400000000000002,18.19049822562721,ENTERGY TEXAS ETTO,2.0,558.5,0.0,0.2,,,,,,,,,unavailable,unavailable,,unavailable,,unavailable,,unavailable,,unavailable,,unavailable,,unavailable,,unavailable,,unavailable,,unavailable,,unavailable,,unavailable,,unavailable,,unavailable,,unavailable,,unavailable,,unavailable,,unavailable,,unavailable,,unavailable,,unavailable,,unavailable,,unavailable,,unavailable
P::M::J4247,2026-03-01,2026-03-01,MISO,J4247,-3.7782340862423,4.795790545596741,unknown,0,,,0,,,,99.0,32274.93,100.0,30410.13,40503.36,1202,238194.56,-0.31485284052019163,,NRIS,120.0,,Central,Central,,,,,,,,,,0,0.0,0.5670009115770283,2026-06-24,4.17,80990.37768817204,101013.0,-0.6408162377577172,0.0065300658450057865,-603.8938172043011,4.41,-0.2400000000000002,18.19049822562721,AMEREN ILLINOIS,221.0,41217.38,0.07429718875502007,0.4779116465863454,,,,,,,,,unavailable,unavailable,,unavailable,,unavailable,,unavailable,,unavailable,,unavailable,,unavailable,,unavailable,,unavailable,,unavailable,,unavailable,,unavailable,,unavailable,,unavailable,,unavailable,,unavailable,,unavailable,,unavailable,,unavailable,,unavailable,,unavailable,,unavailable,,unavailable,,unavailable
P::M::J4248,2026-03-01,2026-03-01,MISO,J4248,-3.811088295687885,6.647688373563329,unknown,0,,,0,,,,99.0,31624.93,100.0,29760.13,39853.36,1202,238194.56,-0.31759069130732376,,NRIS,770.0,,South,South,,,,,,,,,,0,0.0,0.6935185185185185,2026-06-25,4.17,80990.37768817204,101013.0,-0.6408162377577172,0.0065300658450057865,-603.8938172043011,4.41,-0.2400000000000002,18.19049822562721,ENTERGY ARKANSAS,118.0,29185.92,0.011661807580174927,0.641399416909621,,,,,,,,,unavailable,unavailable,,unavailable,,unavailable,,unavailable,,unavailable,,unavailable,,unavailable,,unavailable,,unavailable,,unavailable,,unavailable,,unavailable,,unavailable,,unavailable,,unavailable,,unavailable,,unavailable,,unavailable,,unavailable,,unavailable,,unavailable,,unavailable,,unavailable,,unavailable
P::M::J4249,2026-03-01,2026-03-01,MISO,J4249,-3.0882956878850103,4.61512051684126,unknown,0,,,0,,,,99.0,32294.93,100.0,30430.13,40523.36,1202,238194.56,-0.25735797399041754,,NRIS,100.0,,East,East (ATC),,,,,,,,,,0,0.0,0.4911504424778761,2026-06-03,4.17,80990.37768817204,101013.0,-0.6408162377577172,0.0065300658450057865,-603.8938172043011,4.26,-0.08999999999999986,18.19049822562721,AMERICAN TRANSMISSION,110.0,22126.63,0.09090909090909091,0.6181818181818182,,,,,,,,,unavailable,unavailable,,unavailable,,unavailable,,unavailable,,unavailable,,unavailable,,unavailable,,unavailable,,unavailable,,unavailable,,unavailable,,unavailable,,unavailable,,unavailable,,unavailable,,unavailable,,unavailable,,unavailable,,unavailable,,unavailable,,unavailable,,unavailable,,unavailable,,unavailable
P::M::J4250,2026-03-01,2026-03-01,MISO,J4250,-4.468172484599589,5.303304908059076,unknown,0,,,0,,,,99.0,32194.93,100.0,30330.13,40423.36,1202,238194.56,-0.3723477070499658,,NRIS,200.0,,West,West,,,,,,,,,,0,0.0,0.5961251862891207,2026-07-15,4.17,80990.37768817204,101013.0,-0.6408162377577172,0.0065300658450057865,-603.8938172043011,4.47,-0.2999999999999998,18.19049822562721,GREAT RIVER ENERGY,25.0,5005.92,0.11940298507462686,0.6940298507462687,,,,,,,,,unavailable,unavailable,,unavailable,,unavailable,,unavailable,,unavailable,,unavailable,,unavailable,,unavailable,,unavailable,,unavailable,,unavailable,,unavailable,,unavailable,,unavailable,,unavailable,,unavailable,,unavailable,,unavailable,,unavailable,,unavailable,,unavailable,,unavailable,,unavailable,,unavailable
P::M::J4251,2026-03-01,2026-03-01,MISO,J4251,-4.468172484599589,5.303304908059076,unknown,0,,,0,,,,99.0,32194.93,100.0,30330.13,40423.36,1202,238194.56,-0.3723477070499658,,NRIS,200.0,,West,West,,,,,,,,,,0,0.0,0.5961251862891207,2026-07-15,4.17,80990.37768817204,101013.0,-0.6408162377577172,0.0065300658450057865,-603.8938172043011,4.47,-0.2999999999999998,18.19049822562721,SOUTHERN MINNESOTA MUNICIPAL POWER AGENCY,10.0,1585.0,0.058823529411764705,0.35294117647058826,,,,,,,,,unavailable,unavailable,,unavailable,,unavailable,,unavailable,,unavailable,,unavailable,,unavailable,,unavailable,,unavailable,,unavailable,,unavailable,,unavailable,,unavailable,,unavailable,,unavailable,,unavailable,,unavailable,,unavailable,,unavailable,,unavailable,,unavailable,,unavailable,,unavailable,,unavailable
P::M::J4252,2026-03-01,2026-03-01,MISO,J4252,-4.468172484599589,5.5254529391317835,unknown,0,,,0,,,,99.0,32144.93,100.0,30280.13,40373.36,1202,238194.56,-0.3723477070499658,,NRIS,250.0,,West,West,,,,,,,,,,0,0.0,0.5961251862891207,2026-07-15,4.17,80990.37768817204,101013.0,-0.6408162377577172,0.0065300658450057865,-603.8938172043011,4.47,-0.2999999999999998,18.19049822562721,GREAT RIVER ENERGY,25.0,5005.92,0.11940298507462686,0.6940298507462687,,,,,,,,,unavailable,unavailable,,unavailable,,unavailable,,unavailable,,unavailable,,unavailable,,unavailable,,unavailable,,unavailable,,unavailable,,unavailable,,unavailable,,unavailable,,unavailable,,unavailable,,unavailable,,unavailable,,unavailable,,unavailable,,unavailable,,unavailable,,unavailable,,unavailable,,unavailable
P::M::J4253,2026-03-01,2026-03-01,MISO,J4253,-4.960985626283367,4.465908118654584,unknown,0,,,0,,,,99.0,32308.93,100.0,30444.13,40537.36,1202,238194.56,-0.4134154688569473,,NRIS,86.0,,Central,Central,,,,,,,,,,0,0.0,0.5670009115770283,2026-07-30,4.17,80990.37768817204,101013.0,-0.6408162377577172,0.0065300658450057865,-603.8938172043011,4.47,-0.2999999999999998,18.19049822562721,AMEREN MISSOURI,42.0,11977.23,0.041666666666666664,0.6,,,,,,,,,unavailable,unavailable,,unavailable,,unavailable,,unavailable,,unavailable,,unavailable,,unavailable,,unavailable,,unavailable,,unavailable,,unavailable,,unavailable,,unavailable,,unavailable,,unavailable,,unavailable,,unavailable,,unavailable,,unavailable,,unavailable,,unavailable,,unavailable,,unavailable,,unavailable
P::M::J4254,2026-03-01,2026-03-01,MISO,J4254,-5.256673511293634,5.5254529391317835,unknown,0,,,0,,,,99.0,32144.93,100.0,30280.13,40373.36,1202,238194.56,-0.4380561259411362,,NRIS,250.0,,Central,Central,,,,,,,,,,0,0.0,0.5670009115770283,2026-08-08,4.17,80990.37768817204,101013.0,-0.6408162377577172,0.0065300658450057865,-603.8938172043011,4.57,-0.40000000000000036,18.19049822562721,AMEREN ILLINOIS,221.0,41217.38,0.07429718875502007,0.4779116465863454,,,,,,,,,unavailable,unavailable,,unavailable,,unavailable,,unavailable,,unavailable,,unavailable,,unavailable,,unavailable,,unavailable,,unavailable,,unavailable,,unavailable,,unavailable,,unavailable,,unavailable,,unavailable,,unavailable,,unavailable,,unavailable,,unavailable,,unavailable,,unavailable,,unavailable,,unavailable
P::M::J4255,2026-03-01,2026-03-01,MISO,J4255,-4.763860369609857,5.707110264748875,unknown,0,,,0,,,,99.0,32094.93,100.0,30230.13,40323.36,1202,238194.56,-0.39698836413415467,,NRIS,300.0,,Central,Central,,,,,,,,,,0,0.0,0.5670009115770283,2026-07-24,4.17,80990.37768817204,101013.0,-0.6408162377577172,0.0065300658450057865,-603.8938172043011,4.47,-0.2999999999999998,18.19049822562721,DUKE ENERGY INDIANA CIN,13.0,3697.0,0.0,0.17647058823529413,,,,,,,,,unavailable,unavailable,,unavailable,,unavailable,,unavailable,,unavailable,,unavailable,,unavailable,,unavailable,,unavailable,,unavailable,,unavailable,,unavailable,,unavailable,,unavailable,,unavailable,,unavailable,,unavailable,,unavailable,,unavailable,,unavailable,,unavailable,,unavailable,,unavailable,,unavailable
P::M::J4256,2026-03-01,2026-03-01,MISO,J4256,-5.322381930184805,7.60887062919126,unknown,0,,,0,,,,99.0,30379.93,100.0,28515.13,38608.36,1202,238194.56,-0.44353182751540043,,NRIS,2015.0,,Central,Central,,,,,,,,,,0,0.0,0.5670009115770283,2026-08-10,4.17,80990.37768817204,101013.0,-0.6408162377577172,0.0065300658450057865,-603.8938172043011,4.57,-0.40000000000000036,18.19049822562721,,,,,,,,,,,,,,unavailable,unavailable,,unavailable,,unavailable,,unavailable,,unavailable,,unavailable,,unavailable,,unavailable,,unavailable,,unavailable,,unavailable,,unavailable,,unavailable,,unavailable,,unavailable,,unavailable,,unavailable,,unavailable,,unavailable,,unavailable,,unavailable,,unavailable,,unavailable,,unavailable
P::M::J4257,2026-03-01,2026-03-01,MISO,J4257,-5.552361396303901,4.394449154672439,unknown,0,,,0,,,,99.0,32314.93,100.0,30450.13,40543.36,1202,238194.56,-0.46269678302532513,,NRIS,80.0,,Central,Central,,,,,,,,,,0,0.0,0.5670009115770283,2026-08-17,4.17,80990.37768817204,101013.0,-0.6408162377577172,0.0065300658450057865,-603.8938172043011,4.57,-0.40000000000000036,18.19049822562721,AMEREN ILLINOIS,221.0,41217.38,0.07429718875502007,0.4779116465863454,,,,,,,,,unavailable,unavailable,,unavailable,,unavailable,,unavailable,,unavailable,,unavailable,,unavailable,,unavailable,,unavailable,,unavailable,,unavailable,,unavailable,,unavailable,,unavailable,,unavailable,,unavailable,,unavailable,,unavailable,,unavailable,,unavailable,,unavailable,,unavailable,,unavailable,,unavailable
P::M::J4258,2026-03-01,2026-03-01,MISO,J4258,-5.190965092402464,6.6698787280658625,unknown,0,,,0,,,,99.0,31607.63,100.0,29742.83,39836.06,1202,238194.56,-0.432580424366872,,NRIS,787.3,,South,South,,,,,,,,,,0,0.0,0.6935185185185185,2026-08-06,4.17,80990.37768817204,101013.0,-0.6408162377577172,0.0065300658450057865,-603.8938172043011,4.57,-0.40000000000000036,18.19049822562721,ENTERGY TEXAS ETTO,2.0,558.5,0.0,0.2,,,,,,,,,unavailable,unavailable,,unavailable,,unavailable,,unavailable,,unavailable,,unavailable,,unavailable,,unavailable,,unavailable,,unavailable,,unavailable,,unavailable,,unavailable,,unavailable,,unavailable,,unavailable,,unavailable,,unavailable,,unavailable,,unavailable,,unavailable,,unavailable,,unavailable,,unavailable
P::M::J4259,2026-03-01,2026-03-01,MISO,J4259,-5.683778234086242,5.303304908059076,unknown,0,,,0,,,,99.0,32194.93,100.0,30330.13,40423.36,1202,238194.56,-0.4736481861738535,,NRIS,200.0,,Central,Central,,,,,,,,,,0,0.0,0.5670009115770283,2026-08-21,4.17,80990.37768817204,101013.0,-0.6408162377577172,0.0065300658450057865,-603.8938172043011,4.57,-0.40000000000000036,18.19049822562721,,,,,,,,,,,,,,unavailable,unavailable,,unavailable,,unavailable,,unavailable,,unavailable,,unavailable,,unavailable,,unavailable,,unavailable,,unavailable,,unavailable,,unavailable,,unavailable,,unavailable,,unavailable,,unavailable,,unavailable,,unavailable,,unavailable,,unavailable,,unavailable,,unavailable,,unavailable,,unavailable
P::M::J4260,2026-03-01,2026-03-01,MISO,J4260,-5.815195071868583,5.5254529391317835,unknown,0,,,0,,,,99.0,32144.93,0.0,0.0,40373.36,1202,238194.56,-0.48459958932238195,,NRIS,250.0,,Central,Central,PLOVER,,,,,,,,,0,0.0,0.5670009115770283,2026-08-25,4.17,80990.37768817204,101013.0,-0.6408162377577172,0.0065300658450057865,-603.8938172043011,4.57,-0.40000000000000036,18.19049822562721,AMERICAN TRANSMISSION,110.0,22126.63,0.09090909090909091,0.6181818181818182,,,,,,,,,unavailable,unavailable,,unavailable,,unavailable,,unavailable,,unavailable,,unavailable,,unavailable,,unavailable,,unavailable,,unavailable,,unavailable,,unavailable,,unavailable,,unavailable,,unavailable,,unavailable,,unavailable,,unavailable,,unavailable,,unavailable,,unavailable,,unavailable,,unavailable,,unavailable
P::M::J4261,2026-03-01,2026-03-01,MISO,J4261,-5.782340862422998,5.303304908059076,unknown,0,,,0,,,,99.0,32194.93,100.0,30330.13,40423.36,1202,238194.56,-0.48186173853524983,,NRIS,200.0,,East,East (ATC),,,,,,,,,,0,0.0,0.4911504424778761,2026-08-24,4.17,80990.37768817204,101013.0,-0.6408162377577172,0.0065300658450057865,-603.8938172043011,4.57,-0.40000000000000036,18.19049822562721,AMERICAN TRANSMISSION,110.0,22126.63,0.09090909090909091,0.6181818181818182,,,,,,,,,unavailable,unavailable,,unavailable,,unavailable,,unavailable,,unavailable,,unavailable,,unavailable,,unavailable,,unavailable,,unavailable,,unavailable,,unavailable,,unavailable,,unavailable,,unavailable,,unavailable,,unavailable,,unavailable,,unavailable,,unavailable,,unavailable,,unavailable,,unavailable,,unavailable
P::M::J4262,2026-03-01,2026-03-01,MISO,J4262,-5.650924024640657,5.5254529391317835,unknown,0,,,0,,,,99.0,32144.93,1.0,300.0,40373.36,1202,238194.56,-0.47091033538672145,,NRIS,250.0,,Central,Central,TAZEWELL,,,,,,,,,1,300.0,0.5670009115770283,2026-08-20,4.17,80990.37768817204,101013.0,-0.6408162377577172,0.0065300658450057865,-603.8938172043011,4.57,-0.40000000000000036,18.19049822562721,AMEREN ILLINOIS,221.0,41217.38,0.07429718875502007,0.4779116465863454,,,,,,,,,unavailable,unavailable,,unavailable,,unavailable,,unavailable,,unavailable,,unavailable,,unavailable,,unavailable,,unavailable,,unavailable,,unavailable,,unavailable,,unavailable,,unavailable,,unavailable,,unavailable,,unavailable,,unavailable,,unavailable,,unavailable,,unavailable,,unavailable,,unavailable,,unavailable
P::M::R5068,2026-03-01,2026-03-01,MISO,R5068,,3.713572066704308,unknown,0,,-28.35318275154004,1,,,,99.0,32354.93,100.0,30490.13,40583.36,1202,238194.56,,,NRIS,40.0,,,,,,,,,,,,,0,0.0,,,4.17,80990.37768817204,101013.0,-0.6408162377577172,0.0065300658450057865,-603.8938172043011,,,18.19049822562721,,,,,,,,,,,,,,unavailable,unavailable,,unavailable,,unavailable,,unavailable,,unavailable,,unavailable,,unavailable,,unavailable,,unavailable,,unavailable,,unavailable,,unavailable,,unavailable,,unavailable,,unavailable,,unavailable,,unavailable,,unavailable,,unavailable,,unavailable,,unavailable,,unavailable,,unavailable,,unavailable
P::M::R5073,2026-03-01,2026-03-01,MISO,R5073,2.431211498973306,0.0,unknown,0,,,0,,,,99.0,32394.93,100.0,30530.13,40623.36,1202,238194.56,0.2026009582477755,,NRIS,0.0,,,,,,,,,,,,,0,0.0,,2025-12-17,4.17,80990.37768817204,101013.0,-0.6408162377577172,0.0065300658450057865,-603.8938172043011,4.13,0.040000000000000036,18.19049822562721,ENTERGY MISSISSIPPI EMTO,4.0,568.0,0.0,0.3333333333333333,,,,,,,,,unavailable,unavailable,,unavailable,,unavailable,,unavailable,,unavailable,,unavailable,,unavailable,,unavailable,,unavailable,,unavailable,,unavailable,,unavailable,,unavailable,,unavailable,,unavailable,,unavailable,,unavailable,,unavailable,,unavailable,,unavailable,,unavailable,,unavailable,,unavailable,,unavailable
P::M::R5074,2026-03-01,2026-03-01,MISO,R5074,2.3983572895277208,0.0,unknown,0,,,0,,,,99.0,32394.93,100.0,30530.13,40623.36,1202,238194.56,0.1998631074606434,,NRIS,0.0,,,,,,,,,,,,,0,0.0,,2025-12-18,4.17,80990.37768817204,101013.0,-0.6408162377577172,0.0065300658450057865,-603.8938172043011,4.13,0.040000000000000036,18.19049822562721,NORTHERN INDIANA PUBLIC SERVICE NIPS,3.0,1075.0,0.0,0.2,,,,,,,,,unavailable,unavailable,,unavailable,,unavailable,,unavailable,,unavailable,,unavailable,,unavailable,,unavailable,,unavailable,,unavailable,,unavailable,,unavailable,,unavailable,,unavailable,,unavailable,,unavailable,,unavailable,,unavailable,,unavailable,,unavailable,,unavailable,,unavailable,,unavailable,,unavailable
P::M::R5075,2026-03-01,2026-03-01,MISO,R5075,2.4969199178644765,0.0,unknown,0,,,0,,,,99.0,32394.93,100.0,30530.13,40623.36,1202,238194.56,0.2080766598220397,,NRIS,0.0,,,,,,,,,,,,,0,0.0,,2025-12-15,4.17,80990.37768817204,101013.0,-0.6408162377577172,0.0065300658450057865,-603.8938172043011,4.13,0.040000000000000036,18.19049822562721,ENTERGY MISSISSIPPI,51.0,10735.3,0.006172839506172839,0.6790123456790124,,,,,,,,,unavailable,unavailable,,unavailable,,unavailable,,unavailable,,unavailable,,unavailable,,unavailable,,unavailable,,unavailable,,unavailable,,unavailable,,unavailable,,unavailable,,unavailable,,unavailable,,unavailable,,unavailable,,unavailable,,unavailable,,unavailable,,unavailable,,unavailable,,unavailable,,unavailable
P::M::R5076,2026-03-01,2026-03-01,MISO,R5076,4.501026694045175,5.303304908059076,battery,0,IN,,0,,,,89.0,18491.7,1.0,300.0,44130.42,1202,238194.56,0.3750855578370979,,NRIS,200.0,18089,,,SCHAHFER GEN STA ST JOHN 345 0KV,95.92875318066157,500598.0,0.0,,0,0,0,1,1,300.0,,2025-10-15,4.17,80990.37768817204,101013.0,-0.6408162377577172,0.0065300658450057865,-603.8938172043011,4.05,0.1200000000000001,18.19049822562721,,,,,,,,,,,,,,unavailable,unavailable,,unavailable,,unavailable,,unavailable,,unavailable,,unavailable,,unavailable,,unavailable,,unavailable,,unavailable,,unavailable,,unavailable,,unavailable,,unavailable,,unavailable,,unavailable,,unavailable,,unavailable,,unavailable,,unavailable,,unavailable,,unavailable,,unavailable,,unavailable
P::M::R5077,2026-03-01,2026-03-01,MISO,R5077,2.924024640657084,0.0,unknown,0,,,0,,,,99.0,32394.93,100.0,30530.13,40623.36,1202,238194.56,0.243668720054757,,NRIS,0.0,,,,,,,,,,,,,0,0.0,,2025-12-02,4.17,80990.37768817204,101013.0,-0.6408162377577172,0.0065300658450057865,-603.8938172043011,3.99,0.17999999999999972,18.19049822562721,ITC,83.0,19624.149999999998,0.0,0.27586206896551724,,,,,,,,,unavailable,unavailable,,unavailable,,unavailable,,unavailable,,unavailable,,unavailable,,unavailable,,unavailable,,unavailable,,unavailable,,unavailable,,unavailable,,unavailable,,unavailable,,unavailable,,unavailable,,unavailable,,unavailable,,unavailable,,unavailable,,unavailable,,unavailable,,unavailable,,unavailable
P::M::R5078,2026-03-01,2026-03-01,MISO,R5078,2.3655030800821355,0.0,unknown,0,,,0,,,,99.0,32394.93,100.0,30530.13,40623.36,1202,238194.56,0.1971252566735113,,NRIS,0.0,,,,,,,,,,,,,0,0.0,,2025-12-19,4.17,80990.37768817204,101013.0,-0.6408162377577172,0.0065300658450057865,-603.8938172043011,4.13,0.040000000000000036,18.19049822562721,METC,167.0,33466.87,0.024691358024691357,0.45987654320987653,,,,,,,,,unavailable,unavailable,,unavailable,,unavailable,,unavailable,,unavailable,,unavailable,,unavailable,,unavailable,,unavailable,,unavailable,,unavailable,,unavailable,,unavailable,,unavailable,,unavailable,,unavailable,,unavailable,,unavailable,,unavailable,,unavailable,,unavailable,,unavailable,,unavailable,,unavailable
P::M::R5079,2026-03-01,2026-03-01,MISO,R5079,3.154004106776181,0.0,unknown,0,,,0,,,,99.0,32394.93,100.0,30530.13,40623.36,1202,238194.56,0.26283367556468173,,NRIS,0.0,,,,,,,,,,,,,0,0.0,,2025-11-25,4.17,80990.37768817204,101013.0,-0.6408162377577172,0.0065300658450057865,-603.8938172043011,3.99,0.17999999999999972,18.19049822562721,ENTERGY LOUISIANA,85.0,23972.93,0.016,0.644,,,,,,,,,unavailable,unavailable,,unavailable,,unavailable,,unavailable,,unavailable,,unavailable,,unavailable,,unavailable,,unavailable,,unavailable,,unavailable,,unavailable,,unavailable,,unavailable,,unavailable,,unavailable,,unavailable,,unavailable,,unavailable,,unavailable,,unavailable,,unavailable,,unavailable,,unavailable
P::M::R5080,2026-03-01,2026-03-01,MISO,R5080,2.3655030800821355,0.0,unknown,0,,,0,,,,99.0,32394.93,0.0,0.0,40623.36,1202,238194.56,0.1971252566735113,,NRIS,0.0,,,,CROOKED LAKE,,,,,,,,,0,0.0,,2025-12-19,4.17,80990.37768817204,101013.0,-0.6408162377577172,0.0065300658450057865,-603.8938172043011,4.13,0.040000000000000036,18.19049822562721,ENTERGY ARKANSAS,118.0,29185.92,0.011661807580174927,0.641399416909621,,,,,,,,,unavailable,unavailable,,unavailable,,unavailable,,unavailable,,unavailable,,unavailable,,unavailable,,unavailable,,unavailable,,unavailable,,unavailable,,unavailable,,unavailable,,unavailable,,unavailable,,unavailable,,unavailable,,unavailable,,unavailable,,unavailable,,unavailable,,unavailable,,unavailable,,unavailable
P::M::R5081,2026-03-01,2026-03-01,MISO,R5081,2.2669404517453797,4.61512051684126,battery,0,MN,,0,,,,98.0,18301.9,3.0,780.0,44230.42,1202,238194.56,0.188911704312115,,NRIS,100.0,27099,,,ADAMS,67.27099236641222,40058.0,1.0,,0,0,0,,3,780.0,,2025-12-22,4.17,80990.37768817204,101013.0,-0.6408162377577172,0.0065300658450057865,-603.8938172043011,4.13,0.040000000000000036,18.19049822562721,,,,,,,,,,,,,,unavailable,unavailable,,unavailable,,unavailable,,unavailable,,unavailable,,unavailable,,unavailable,,unavailable,,unavailable,,unavailable,,unavailable,,unavailable,,unavailable,,unavailable,,unavailable,,unavailable,,unavailable,,unavailable,,unavailable,,unavailable,,unavailable,,unavailable,,unavailable,,unavailable
P::M::R5082,2026-03-01,2026-03-01,MISO,R5082,0.8542094455852156,0.0,unknown,0,,,0,,,,99.0,32394.93,100.0,30530.13,40623.36,1202,238194.56,0.07118412046543464,,NRIS,0.0,,,,,,,,,,,,,0,0.0,,2026-02-03,4.17,80990.37768817204,101013.0,-0.6408162377577172,0.0065300658450057865,-603.8938172043011,4.18,-0.009999999999999787,18.19049822562721,METC,167.0,33466.87,0.024691358024691357,0.45987654320987653,,,,,,,,,unavailable,unavailable,,unavailable,,unavailable,,unavailable,,unavailable,,unavailable,,unavailable,,unavailable,,unavailable,,unavailable,,unavailable,,unavailable,,unavailable,,unavailable,,unavailable,,unavailable,,unavailable,,unavailable,,unavailable,,unavailable,,unavailable,,unavailable,,unavailable,,unavailable
P::M::R5083,2026-03-01,2026-03-01,MISO,R5083,4.993839835728953,4.912654885736052,battery,0,LA,,0,,,,59.0,13184.51,0.0,0.0,44195.42,1202,238194.56,0.4161533196440794,,ERIS,135.0,22093,,,CHACKBAY VACHERIE 230 0KV,71.02417302798982,19191.0,1.0,,0,0,0,1,0,0.0,,2025-09-30,4.17,80990.37768817204,101013.0,-0.6408162377577172,0.0065300658450057865,-603.8938172043011,4.23,-0.0600000000000005,18.19049822562721,ENTERGY LOUISIANA,85.0,23972.93,0.016,0.644,,,,,,,,,unavailable,unavailable,,unavailable,,unavailable,,unavailable,,unavailable,,unavailable,,unavailable,,unavailable,,unavailable,,unavailable,,unavailable,,unavailable,,unavailable,,unavailable,,unavailable,,unavailable,,unavailable,,unavailable,,unavailable,,unavailable,,unavailable,,unavailable,,unavailable,,unavailable
P::M::R5084,2026-03-01,2026-03-01,MISO,R5084,3.8439425051334704,5.170483995038151,battery,0,LA,,0,,,,59.0,13144.51,0.0,0.0,44155.42,1202,238194.56,0.3203285420944558,,NRIS,175.0,22047,,,DONALDSONVILLE EVERGREEN 230 0KV,73.72773536895674,29617.0,1.0,,0,0,0,,0,0.0,,2025-11-04,4.17,80990.37768817204,101013.0,-0.6408162377577172,0.0065300658450057865,-603.8938172043011,4.05,0.1200000000000001,18.19049822562721,ENTERGY LOUISIANA ELTO,2.0,170.0,0.0,0.5,,,,,,,,,unavailable,unavailable,,unavailable,,unavailable,,unavailable,,unavailable,,unavailable,,unavailable,,unavailable,,unavailable,,unavailable,,unavailable,,unavailable,,unavailable,,unavailable,,unavailable,,unavailable,,unavailable,,unavailable,,unavailable,,unavailable,,unavailable,,unavailable,,unavailable,,unavailable
P::M::R5085,2026-03-01,2026-03-01,MISO,R5085,2.0369609856262834,0.0,unknown,0,,,0,,,,99.0,32394.93,100.0,30530.13,40623.36,1202,238194.56,0.1697467488021903,,NRIS,0.0,,,,,,,,,,,,,0,0.0,,2025-12-29,4.17,80990.37768817204,101013.0,-0.6408162377577172,0.0065300658450057865,-603.8938172043011,4.13,0.040000000000000036,18.19049822562721,AMERICAN TRANSMISSION,110.0,22126.63,0.09090909090909091,0.6181818181818182,,,,,,,,,unavailable,unavailable,,unavailable,,unavailable,,unavailable,,unavailable,,unavailable,,unavailable,,unavailable,,unavailable,,unavailable,,unavailable,,unavailable,,unavailable,,unavailable,,unavailable,,unavailable,,unavailable,,unavailable,,unavailable,,unavailable,,unavailable,,unavailable,,unavailable,,unavailable
P::M::R5086,2026-03-01,2026-03-01,MISO,R5086,4.435318275154004,6.386879319362645,battery,0,LA,,0,,,,59.0,12726.51,0.0,0.0,43737.42,1202,238194.56,0.36960985626283366,,NRIS,593.0,22077,,,BIG CAJUN II 500KV SUBSTATION,63.07251908396947,20000.0,1.0,,0,0,0,,0,0.0,,2025-10-17,4.17,80990.37768817204,101013.0,-0.6408162377577172,0.0065300658450057865,-603.8938172043011,4.05,0.1200000000000001,18.19049822562721,,,,,,,,,,,,,,unavailable,unavailable,,unavailable,,unavailable,,unavailable,,unavailable,,unavailable,,unavailable,,unavailable,,unavailable,,unavailable,,unavailable,,unavailable,,unavailable,,unavailable,,unavailable,,unavailable,,unavailable,,unavailable,,unavailable,,unavailable,,unavailable,,unavailable,,unavailable,,unavailable
P::M::R5087,2026-03-01,2026-03-01,MISO,R5087,3.7782340862423,5.225746673713202,battery,0,IL,,0,,,,187.0,35265.11,1.0,185.0,44145.42,1202,238194.56,0.31485284052019163,,NRIS,185.0,17189,,,4JORD 4ASHLEY 138 0KV,55.152671755725194,13536.0,1.0,,0,0,0,1,1,185.0,,2025-11-06,4.17,80990.37768817204,101013.0,-0.6408162377577172,0.0065300658450057865,-603.8938172043011,3.99,0.17999999999999972,18.19049822562721,,,,,,,,,,,,,,unavailable,unavailable,,unavailable,,unavailable,,unavailable,,unavailable,,unavailable,,unavailable,,unavailable,,unavailable,,unavailable,,unavailable,,unavailable,,unavailable,,unavailable,,unavailable,,unavailable,,unavailable,,unavailable,,unavailable,,unavailable,,unavailable,,unavailable,,unavailable,,unavailable
P::M::R5088,2026-03-01,2026-03-01,MISO,R5088,3.383983572895277,5.786897381366708,other,0,LA,,0,,,,59.0,12994.51,0.0,0.0,19638.7,1202,238194.56,0.28199863107460643,,ERIS,325.0,22019,,,GOOS FERRY,95.70610687022901,203761.0,0.0,,0,0,0,,0,0.0,,2025-11-18,4.17,80990.37768817204,101013.0,-0.6408162377577172,0.0065300658450057865,-603.8938172043011,3.99,0.17999999999999972,18.19049822562721,ENTERGY LOUISIANA,85.0,23972.93,0.016,0.644,,,,,,,,,unavailable,unavailable,,unavailable,,unavailable,,unavailable,,unavailable,,unavailable,,unavailable,,unavailable,,unavailable,,unavailable,,unavailable,,unavailable,,unavailable,,unavailable,,unavailable,,unavailable,,unavailable,,unavailable,,unavailable,,unavailable,,unavailable,,unavailable,,unavailable,,unavailable
P::M::R5089,2026-03-01,2026-03-01,MISO,R5089,1.9383983572895278,0.0,unknown,0,,,0,,,,99.0,32394.93,100.0,30530.13,40623.36,1202,238194.56,0.16153319644079397,,NRIS,0.0,,,,,,,,,,,,,0,0.0,,2026-01-01,4.17,80990.37768817204,101013.0,-0.6408162377577172,0.0065300658450057865,-603.8938172043011,4.13,0.040000000000000036,18.19049822562721,NORTHERN STATES POWER,72.0,15117.65,0.006134969325153374,0.5460122699386503,,,,,,,,,unavailable,unavailable,,unavailable,,unavailable,,unavailable,,unavailable,,unavailable,,unavailable,,unavailable,,unavailable,,unavailable,,unavailable,,unavailable,,unavailable,,unavailable,,unavailable,,unavailable,,unavailable,,unavailable,,unavailable,,unavailable,,unavailable,,unavailable,,unavailable,,unavailable
P::M::R5090,2026-03-01,2026-03-01,MISO,R5090,2.004106776180698,0.0,unknown,0,,,0,,,,99.0,32394.93,100.0,30530.13,40623.36,1202,238194.56,0.16700889801505817,,NRIS,0.0,,,,,,,,,,,,,0,0.0,,2025-12-30,4.17,80990.37768817204,101013.0,-0.6408162377577172,0.0065300658450057865,-603.8938172043011,4.13,0.040000000000000036,18.19049822562721,NORTHERN STATES POWER,72.0,15117.65,0.006134969325153374,0.5460122699386503,,,,,,,,,unavailable,unavailable,,unavailable,,unavailable,,unavailable,,unavailable,,unavailable,,unavailable,,unavailable,,unavailable,,unavailable,,unavailable,,unavailable,,unavailable,,unavailable,,unavailable,,unavailable,,unavailable,,unavailable,,unavailable,,unavailable,,unavailable,,unavailable,,unavailable,,unavailable
P::M::R5091,2026-03-01,2026-03-01,MISO,R5091,1.675564681724846,0.0,unknown,0,,,0,,,,99.0,32394.93,100.0,30530.13,40623.36,1202,238194.56,0.13963039014373715,,ERIS,0.0,,,,,,,,,,,,,0,0.0,,2026-01-09,4.17,80990.37768817204,101013.0,-0.6408162377577172,0.0065300658450057865,-603.8938172043011,4.18,-0.009999999999999787,18.19049822562721,ENTERGY LOUISIANA ELTO,2.0,170.0,0.0,0.5,,,,,,,,,unavailable,unavailable,,unavailable,,unavailable,,unavailable,,unavailable,,unavailable,,unavailable,,unavailable,,unavailable,,unavailable,,unavailable,,unavailable,,unavailable,,unavailable,,unavailable,,unavailable,,unavailable,,unavailable,,unavailable,,unavailable,,unavailable,,unavailable,,unavailable,,unavailable
P::M::R5092,2026-03-01,2026-03-01,MISO,R5092,-1.3141683778234086,5.225746673713202,unknown,0,,,0,,,,99.0,32209.93,1.0,185.0,40438.36,1202,238194.56,-0.10951403148528405,,NRIS,185.0,,NO_GROUP,NO_GROUP,4JORD 4ASHLEY 138 0KV,,,,,,,,,1,185.0,0.0,2026-04-10,4.17,80990.37768817204,101013.0,-0.6408162377577172,0.0065300658450057865,-603.8938172043011,4.15,0.019999999999999574,18.19049822562721,NORTHERN STATES POWER,72.0,15117.65,0.006134969325153374,0.5460122699386503,,,,,,,,,unavailable,unavailable,,unavailable,,unavailable,,unavailable,,unavailable,,unavailable,,unavailable,,unavailable,,unavailable,,unavailable,,unavailable,,unavailable,,unavailable,,unavailable,,unavailable,,unavailable,,unavailable,,unavailable,,unavailable,,unavailable,,unavailable,,unavailable,,unavailable,,unavailable
P::M::R5093,2026-03-01,2026-03-01,MISO,R5093,4.5338809034907595,5.303304908059076,battery,0,LA,,0,,,,59.0,13119.51,0.0,0.0,44130.42,1202,238194.56,0.37782340862423,,NRIS,200.0,22093,NO_GROUP,NO_GROUP,VACHERIE,71.02417302798982,19191.0,1.0,,0,0,0,1,0,0.0,0.0,2025-10-14,4.17,80990.37768817204,101013.0,-0.6408162377577172,0.0065300658450057865,-603.8938172043011,4.05,0.1200000000000001,18.19049822562721,ENTERGY LOUISIANA ELTO,2.0,170.0,0.0,0.5,,,,,,,,,unavailable,unavailable,,unavailable,,unavailable,,unavailable,,unavailable,,unavailable,,unavailable,,unavailable,,unavailable,,unavailable,,unavailable,,unavailable,,unavailable,,unavailable,,unavailable,,unavailable,,unavailable,,unavailable,,unavailable,,unavailable,,unavailable,,unavailable,,unavailable,,unavailable
P::M::R5094,2026-03-01,2026-03-01,MISO,R5094,1.8726899383983573,0.0,unknown,0,,,0,,,,99.0,32394.93,100.0,30530.13,40623.36,1202,238194.56,0.15605749486652978,,NRIS,0.0,,NO_GROUP,NO_GROUP,,,,,,,,,,0,0.0,0.0,2026-01-03,4.17,80990.37768817204,101013.0,-0.6408162377577172,0.0065300658450057865,-603.8938172043011,4.13,0.040000000000000036,18.19049822562721,,,,,,,,,,,,,,unavailable,unavailable,,unavailable,,unavailable,,unavailable,,unavailable,,unavailable,,unavailable,,unavailable,,unavailable,,unavailable,,unavailable,,unavailable,,unavailable,,unavailable,,unavailable,,unavailable,,unavailable,,unavailable,,unavailable,,unavailable,,unavailable,,unavailable,,unavailable,,unavailable
P::M::R5095,2026-03-01,2026-03-01,MISO,R5095,1.8726899383983573,0.0,unknown,0,,,0,,,,99.0,32394.93,100.0,30530.13,40623.36,1202,238194.56,0.15605749486652978,,NRIS,0.0,,NO_GROUP,NO_GROUP,,,,,,,,,,0,0.0,0.0,2026-01-03,4.17,80990.37768817204,101013.0,-0.6408162377577172,0.0065300658450057865,-603.8938172043011,4.13,0.040000000000000036,18.19049822562721,,,,,,,,,,,,,,unavailable,unavailable,,unavailable,,unavailable,,unavailable,,unavailable,,unavailable,,unavailable,,unavailable,,unavailable,,unavailable,,unavailable,,unavailable,,unavailable,,unavailable,,unavailable,,unavailable,,unavailable,,unavailable,,unavailable,,unavailable,,unavailable,,unavailable,,unavailable,,unavailable
P::M::R5096,2026-03-01,2026-03-01,MISO,R5096,-0.5256673511293635,0.0,unknown,0,,,0,,,,99.0,32394.93,0.0,0.0,40623.36,1202,238194.56,-0.04380561259411362,,ERIS,0.0,,NO_GROUP,NO_GROUP,AECC DELL EAST BLYTHEVILLE ELM ST 161KV,,,,,,,,,0,0.0,0.0,2026-03-17,4.17,80990.37768817204,101013.0,-0.6408162377577172,0.0065300658450057865,-603.8938172043011,4.22,-0.04999999999999982,18.19049822562721,,,,,,,,,,,,,,unavailable,unavailable,,unavailable,,unavailable,,unavailable,,unavailable,,unavailable,,unavailable,,unavailable,,unavailable,,unavailable,,unavailable,,unavailable,,unavailable,,unavailable,,unavailable,,unavailable,,unavailable,,unavailable,,unavailable,,unavailable,,unavailable,,unavailable,,unavailable,,unavailable
P::M::R5097,2026-03-01,2026-03-01,MISO,R5097,0.8213552361396304,0.0,unknown,0,,,0,,,,99.0,32394.93,0.0,0.0,40623.36,1202,238194.56,0.06844626967830253,,ERIS,0.0,,NO_GROUP,NO_GROUP,STERLINGTON BASTROP 115KV,,,,,,,,,0,0.0,0.0,2026-02-04,4.17,80990.37768817204,101013.0,-0.6408162377577172,0.0065300658450057865,-603.8938172043011,4.18,-0.009999999999999787,18.19049822562721,ENTERGY LOUISIANA ELTO,2.0,170.0,0.0,0.5,,,,,,,,,unavailable,unavailable,,unavailable,,unavailable,,unavailable,,unavailable,,unavailable,,unavailable,,unavailable,,unavailable,,unavailable,,unavailable,,unavailable,,unavailable,,unavailable,,unavailable,,unavailable,,unavailable,,unavailable,,unavailable,,unavailable,,unavailable,,unavailable,,unavailable,,unavailable
P::M::R5098,2026-03-01,2026-03-01,MISO,R5098,-2.8254620123203287,0.0,unknown,0,,,0,,,,99.0,32394.93,100.0,30530.13,40623.36,1202,238194.56,-0.23545516769336072,,NRIS,0.0,,NO_GROUP,NO_GROUP,,,,,,,,,,0,0.0,0.0,2026-05-26,4.17,80990.37768817204,101013.0,-0.6408162377577172,0.0065300658450057865,-603.8938172043011,4.26,-0.08999999999999986,18.19049822562721,ENTERGY ARKANSAS EATO,14.0,3964.5,0.0,0.23076923076923078,,,,,,,,,unavailable,unavailable,,unavailable,,unavailable,,unavailable,,unavailable,,unavailable,,unavailable,,unavailable,,unavailable,,unavailable,,unavailable,,unavailable,,unavailable,,unavailable,,unavailable,,unavailable,,unavailable,,unavailable,,unavailable,,unavailable,,unavailable,,unavailable,,unavailable,,unavailable
P::M::R5099,2026-03-01,2026-03-01,MISO,R5099,-4.698151950718686,0.0,unknown,0,,,0,,,,99.0,32394.93,0.0,0.0,40623.36,1202,238194.56,-0.3915126625598905,,ERIS,0.0,,NO_GROUP,NO_GROUP,COLONY PLUM GROVE 230KV,,,,,,,,,0,0.0,0.0,2026-07-22,4.17,80990.37768817204,101013.0,-0.6408162377577172,0.0065300658450057865,-603.8938172043011,4.47,-0.2999999999999998,18.19049822562721,ENTERGY TEXAS ETTO,2.0,558.5,0.0,0.2,,,,,,,,,unavailable,unavailable,,unavailable,,unavailable,,unavailable,,unavailable,,unavailable,,unavailable,,unavailable,,unavailable,,unavailable,,unavailable,,unavailable,,unavailable,,unavailable,,unavailable,,unavailable,,unavailable,,unavailable,,unavailable,,unavailable,,unavailable,,unavailable,,unavailable,,unavailable
P::M::R5100,2026-03-01,2026-03-01,MISO,R5100,-4.698151950718686,0.0,unknown,0,,,0,,,,99.0,32394.93,0.0,0.0,40623.36,1202,238194.56,-0.3915126625598905,,NRIS,0.0,,NO_GROUP,NO_GROUP,ARKLAHOMA 115KV,,,,,,,,,0,0.0,0.0,2026-07-22,4.17,80990.37768817204,101013.0,-0.6408162377577172,0.0065300658450057865,-603.8938172043011,4.47,-0.2999999999999998,18.19049822562721,ENTERGY ARKANSAS EATO,14.0,3964.5,0.0,0.23076923076923078,,,,,,,,,unavailable,unavailable,,unavailable,,unavailable,,unavailable,,unavailable,,unavailable,,unavailable,,unavailable,,unavailable,,unavailable,,unavailable,,unavailable,,unavailable,,unavailable,,unavailable,,unavailable,,unavailable,,unavailable,,unavailable,,unavailable,,unavailable,,unavailable,,unavailable,,unavailable
P::M::S1034,2026-03-01,2026-03-01,MISO,S1034,42.51334702258727,3.258096538021482,unknown,0,WI,,0,,,,67.0,14167.460000000001,0.0,0.0,40598.36,1202,238194.56,3.542778918548939,,SIS,25.0,55027,,,NORTH BEAVER DAM 69KV BUS 698222,69.91094147582697,88231.0,0.0,,0,0,0,,0,0.0,,2022-08-15,4.17,80990.37768817204,101013.0,-0.6408162377577172,0.0065300658450057865,-603.8938172043011,2.88,1.29,18.19049822562721,AMERICAN TRANSMISSION,110.0,22126.63,0.09090909090909091,0.6181818181818182,,,,,,,,,unavailable,unavailable,,unavailable,,unavailable,,unavailable,,unavailable,,unavailable,,unavailable,,unavailable,,unavailable,,unavailable,,unavailable,,unavailable,,unavailable,,unavailable,,unavailable,,unavailable,,unavailable,,unavailable,,unavailable,,unavailable,,unavailable,,unavailable,,unavailable,,unavailable
P::M::S1055,2026-03-01,2026-03-01,MISO,S1055,19.71252566735113,3.9318256327243257,unknown,0,MN,,0,,,,98.0,18351.9,0.0,0.0,40573.36,1202,238194.56,1.6427104722792607,,SIS,50.0,27007,,,WILTON ENDPOINT 1 TO BAGLEY ENDPOINT 2 115KV,60.55979643765903,46718.0,1.0,,0,0,0,,0,0.0,,2024-07-09,4.17,80990.37768817204,101013.0,-0.6408162377577172,0.0065300658450057865,-603.8938172043011,4.41,-0.2400000000000002,18.19049822562721,OTTER TAIL POWER OTP,5.0,2024.0,0.0,0.375,,,,,,,,,unavailable,unavailable,,unavailable,,unavailable,,unavailable,,unavailable,,unavailable,,unavailable,,unavailable,,unavailable,,unavailable,,unavailable,,unavailable,,unavailable,,unavailable,,unavailable,,unavailable,,unavailable,,unavailable,,unavailable,,unavailable,,unavailable,,unavailable,,unavailable,,unavailable
P::M::S1072,2026-03-01,2026-03-01,MISO,S1072,14.817248459958932,2.3978952727983707,unknown,0,MN,,0,,,,98.0,18391.9,0.0,0.0,40613.36,1202,238194.56,1.2347707049965777,,SIS,10.0,27141,,,SHERBURNE 345KV,53.56234096692112,102206.0,0.0,,0,0,0,,0,0.0,,2024-12-05,4.17,80990.37768817204,101013.0,-0.6408162377577172,0.0065300658450057865,-603.8938172043011,4.02,0.15000000000000036,18.19049822562721,NORTHERN STATES POWER,72.0,15117.65,0.006134969325153374,0.5460122699386503,,,,,,,,,unavailable,unavailable,,unavailable,,unavailable,,unavailable,,unavailable,,unavailable,,unavailable,,unavailable,,unavailable,,unavailable,,unavailable,,unavailable,,unavailable,,unavailable,,unavailable,,unavailable,,unavailable,,unavailable,,unavailable,,unavailable,,unavailable,,unavailable,,unavailable,,unavailable
P::M::S1075,2026-03-01,2026-03-01,MISO,S1075,14.324435318275153,4.61512051684126,unknown,0,IN,,0,,,,89.0,18591.7,0.0,0.0,40523.36,1202,238194.56,1.1937029431895962,,SIS,100.0,18073,,,HINSHAW 345KV,32.82442748091603,33535.0,1.0,,0,0,0,1,0,0.0,,2024-12-20,4.17,80990.37768817204,101013.0,-0.6408162377577172,0.0065300658450057865,-603.8938172043011,4.3,-0.1299999999999999,18.19049822562721,NORTHERN INDIANA PUBLIC SERVICE,53.0,9697.23,0.09701492537313433,0.5074626865671642,,,,,,,,,unavailable,unavailable,,unavailable,,unavailable,,unavailable,,unavailable,,unavailable,,unavailable,,unavailable,,unavailable,,unavailable,,unavailable,,unavailable,,unavailable,,unavailable,,unavailable,,unavailable,,unavailable,,unavailable,,unavailable,,unavailable,,unavailable,,unavailable,,unavailable,,unavailable
P::M::S1086,2026-03-01,2026-03-01,MISO,S1086,12.353182751540041,5.420534999272286,unknown,0,MO,,0,,,,28.0,7593.43,0.0,0.0,40398.36,1202,238194.56,1.0294318959616702,,SIS,225.0,29207,,,STODDARD MORLEY 161KV,74.30025445292621,28397.0,1.0,,0,0,0,,0,0.0,,2025-02-18,4.17,80990.37768817204,101013.0,-0.6408162377577172,0.0065300658450057865,-603.8938172043011,4.61,-0.4400000000000004,18.19049822562721,,,,,,,,,,,,,,unavailable,unavailable,,unavailable,,unavailable,,unavailable,,unavailable,,unavailable,,unavailable,,unavailable,,unavailable,,unavailable,,unavailable,,unavailable,,unavailable,,unavailable,,unavailable,,unavailable,,unavailable,,unavailable,,unavailable,,unavailable,,unavailable,,unavailable,,unavailable,,unavailable
P::M::S1087,2026-03-01,2026-03-01,MISO,S1087,12.353182751540041,5.017279836814924,unknown,0,,,0,,,,99.0,32244.93,0.0,0.0,40473.36,1202,238194.56,1.0294318959616702,,SIS,150.0,,,,ROCK CREEK 345KV,,,,,,,,,0,0.0,,2025-02-18,4.17,80990.37768817204,101013.0,-0.6408162377577172,0.0065300658450057865,-603.8938172043011,4.61,-0.4400000000000004,18.19049822562721,ITC MIDWEST,87.0,14086.3,0.18114143920595532,0.6029776674937966,,,,,,,,,unavailable,unavailable,,unavailable,,unavailable,,unavailable,,unavailable,,unavailable,,unavailable,,unavailable,,unavailable,,unavailable,,unavailable,,unavailable,,unavailable,,unavailable,,unavailable,,unavailable,,unavailable,,unavailable,,unavailable,,unavailable,,unavailable,,unavailable,,unavailable,,unavailable
P::M::S1091,2026-03-01,2026-03-01,MISO,S1091,12.320328542094456,5.303304908059076,unknown,0,MO,,0,,,,28.0,7618.43,0.0,0.0,40423.36,1202,238194.56,1.0266940451745379,,SIS,200.0,29031,,,ADNA 345KV,85.68702290076335,82984.0,0.0,,0,0,0,,0,0.0,,2025-02-19,4.17,80990.37768817204,101013.0,-0.6408162377577172,0.0065300658450057865,-603.8938172043011,4.61,-0.4400000000000004,18.19049822562721,AMEREN MISSOURI,42.0,11977.23,0.041666666666666664,0.6,,,,,,,,,unavailable,unavailable,,unavailable,,unavailable,,unavailable,,unavailable,,unavailable,,unavailable,,unavailable,,unavailable,,unavailable,,unavailable,,unavailable,,unavailable,,unavailable,,unavailable,,unavailable,,unavailable,,unavailable,,unavailable,,unavailable,,unavailable,,unavailable,,unavailable,,unavailable
P::M::S1128,2026-03-01,2026-03-01,MISO,S1128,3.3182751540041067,4.61512051684126,battery,0,IL,,0,,,,187.0,35350.11,1.0,200.0,44230.42,1202,238194.56,0.27652292950034224,,SIS,100.0,17167,,,343515 CHATHAM MAIN 346555 NORTH AURBURN AMEREN 138 0KV,91.69847328244275,193491.0,0.0,,0,0,0,1,1,200.0,,2025-11-20,4.17,80990.37768817204,101013.0,-0.6408162377577172,0.0065300658450057865,-603.8938172043011,3.99,0.17999999999999972,18.19049822562721,,,,,,,,,,,,,,unavailable,unavailable,,unavailable,,unavailable,,unavailable,,unavailable,,unavailable,,unavailable,,unavailable,,unavailable,,unavailable,,unavailable,,unavailable,,unavailable,,unavailable,,unavailable,,unavailable,,unavailable,,unavailable,,unavailable,,unavailable,,unavailable,,unavailable,,unavailable,,unavailable
P::M::S1129,2026-03-01,2026-03-01,MISO,S1129,4.763860369609857,3.9378856649538734,battery,0,WI,,0,,,,67.0,14142.150000000001,0.0,0.0,44280.11,1202,238194.56,0.39698836413415467,,SIS,50.31,55097,,,ARNOTT GOLDEN SANDS 138 0KV,62.72264631043257,71024.0,0.0,,0,0,0,1,0,0.0,,2025-10-07,4.17,80990.37768817204,101013.0,-0.6408162377577172,0.0065300658450057865,-603.8938172043011,4.05,0.1200000000000001,18.19049822562721,AMERICAN TRANSMISSION,110.0,22126.63,0.09090909090909091,0.6181818181818182,,,,,,,,,unavailable,unavailable,,unavailable,,unavailable,,unavailable,,unavailable,,unavailable,,unavailable,,unavailable,,unavailable,,unavailable,,unavailable,,unavailable,,unavailable,,unavailable,,unavailable,,unavailable,,unavailable,,unavailable,,unavailable,,unavailable,,unavailable,,unavailable,,unavailable,,unavailable
P::M::S1130,2026-03-01,2026-03-01,MISO,S1130,1.0184804928131417,5.420534999272286,unknown,0,MI,12.451745379876797,0,,,,174.0,34268.09,100.0,30305.13,40398.36,1202,238194.56,0.08487337440109514,,SIS,225.0,,,,,,,,,,,,,0,0.0,,2026-01-29,4.17,80990.37768817204,101013.0,-0.6408162377577172,0.0065300658450057865,-603.8938172043011,4.18,-0.009999999999999787,18.19049822562721,METC,167.0,33466.87,0.024691358024691357,0.45987654320987653,,,,,,,,,unavailable,unavailable,,unavailable,,unavailable,,unavailable,,unavailable,,unavailable,,unavailable,,unavailable,,unavailable,,unavailable,,unavailable,,unavailable,,unavailable,,unavailable,,unavailable,,unavailable,,unavailable,,unavailable,,unavailable,,unavailable,,unavailable,,unavailable,,unavailable,,unavailable
P::M::S1131,2026-03-01,2026-03-01,MISO,S1131,3.6139630390143735,5.303304908059076,battery,0,IL,,0,,,,187.0,35250.11,2.0,300.0,44130.42,1202,238194.56,0.30116358658453113,,SIS,200.0,17145,,,7JORD 7CMDR 345 0KV,72.07379134860051,20503.0,1.0,,0,0,0,1,2,300.0,,2025-11-11,4.17,80990.37768817204,101013.0,-0.6408162377577172,0.0065300658450057865,-603.8938172043011,3.99,0.17999999999999972,18.19049822562721,AMEREN ILLINOIS,221.0,41217.38,0.07429718875502007,0.4779116465863454,,,,,,,,,unavailable,unavailable,,unavailable,,unavailable,,unavailable,,unavailable,,unavailable,,unavailable,,unavailable,,unavailable,,unavailable,,unavailable,,unavailable,,unavailable,,unavailable,,unavailable,,unavailable,,unavailable,,unavailable,,unavailable,,unavailable,,unavailable,,unavailable,,unavailable,,unavailable
P::M::S1132,2026-03-01,2026-03-01,MISO,S1132,5.585215605749487,5.5254529391317835,natural_gas,0,WI,,0,,,,67.0,13942.460000000001,0.0,0.0,26633.0,1202,238194.56,0.4654346338124572,,SIS,250.0,55127,,,NORTH CREEK 138KV STATION,74.77735368956743,105822.0,0.0,,0,0,0,,0,0.0,,2025-09-12,4.17,80990.37768817204,101013.0,-0.6408162377577172,0.0065300658450057865,-603.8938172043011,4.23,-0.0600000000000005,18.19049822562721,AMERICAN TRANSMISSION,110.0,22126.63,0.09090909090909091,0.6181818181818182,,,,,,,,,unavailable,unavailable,,unavailable,,unavailable,,unavailable,,unavailable,,unavailable,,unavailable,,unavailable,,unavailable,,unavailable,,unavailable,,unavailable,,unavailable,,unavailable,,unavailable,,unavailable,,unavailable,,unavailable,,unavailable,,unavailable,,unavailable,,unavailable,,unavailable,,unavailable
P::M::S1133,2026-03-01,2026-03-01,MISO,S1133,0.5913757700205339,5.303304908059076,unknown,0,LA,,0,,,,59.0,13119.51,1.0,100.0,40423.36,1202,238194.56,0.049281314168377825,,SIS,200.0,,,,343515 CHATHAM MAIN 346555 NORTH AURBURN AMEREN 138 0KV,,,,,,,,,1,100.0,,2026-02-11,4.17,80990.37768817204,101013.0,-0.6408162377577172,0.0065300658450057865,-603.8938172043011,4.17,0.0,18.19049822562721,ENTERGY LOUISIANA,85.0,23972.93,0.016,0.644,,,,,,,,,unavailable,unavailable,,unavailable,,unavailable,,unavailable,,unavailable,,unavailable,,unavailable,,unavailable,,unavailable,,unavailable,,unavailable,,unavailable,,unavailable,,unavailable,,unavailable,,unavailable,,unavailable,,unavailable,,unavailable,,unavailable,,unavailable,,unavailable,,unavailable,,unavailable
P::M::S1134,2026-03-01,2026-03-01,MISO,S1134,2.2012320328542097,4.61512051684126,battery,0,MS,,0,,,,32.0,4881.6,0.0,0.0,44230.42,1202,238194.56,0.1834360027378508,,SIS,100.0,28033,South,South,TWINKLETOWN,88.99491094147582,193247.0,0.0,,0,0,0,1,0,0.0,0.6935185185185185,2025-12-24,4.17,80990.37768817204,101013.0,-0.6408162377577172,0.0065300658450057865,-603.8938172043011,4.13,0.040000000000000036,18.19049822562721,ENTERGY MISSISSIPPI,51.0,10735.3,0.006172839506172839,0.6790123456790124,,,,,,,,,unavailable,unavailable,,unavailable,,unavailable,,unavailable,,unavailable,,unavailable,,unavailable,,unavailable,,unavailable,,unavailable,,unavailable,,unavailable,,unavailable,,unavailable,,unavailable,,unavailable,,unavailable,,unavailable,,unavailable,,unavailable,,unavailable,,unavailable,,unavailable,,unavailable
P::M::S1135,2026-03-01,2026-03-01,MISO,S1135,2.2340862422997945,4.61512051684126,battery,0,MN,,0,,,,98.0,18301.9,3.0,780.0,44230.42,1202,238194.56,0.1861738535249829,,SIS,100.0,27099,West,West,ADAMS,67.27099236641222,40058.0,1.0,,0,0,0,,3,780.0,0.5961251862891207,2025-12-23,4.17,80990.37768817204,101013.0,-0.6408162377577172,0.0065300658450057865,-603.8938172043011,4.13,0.040000000000000036,18.19049822562721,ITC MIDWEST,87.0,14086.3,0.18114143920595532,0.6029776674937966,,,,,,,,,unavailable,unavailable,,unavailable,,unavailable,,unavailable,,unavailable,,unavailable,,unavailable,,unavailable,,unavailable,,unavailable,,unavailable,,unavailable,,unavailable,,unavailable,,unavailable,,unavailable,,unavailable,,unavailable,,unavailable,,unavailable,,unavailable,,unavailable,,unavailable,,unavailable
P::M::S1136,2026-03-01,2026-03-01,MISO,S1136,2.3655030800821355,4.61512051684126,unknown,0,MI,,0,,,,174.0,34393.09,100.0,30430.13,40523.36,1202,238194.56,0.1971252566735113,,SIS,100.0,,,,,,,,,,,,,0,0.0,,2025-12-19,4.17,80990.37768817204,101013.0,-0.6408162377577172,0.0065300658450057865,-603.8938172043011,4.13,0.040000000000000036,18.19049822562721,METC,167.0,33466.87,0.024691358024691357,0.45987654320987653,,,,,,,,,unavailable,unavailable,,unavailable,,unavailable,,unavailable,,unavailable,,unavailable,,unavailable,,unavailable,,unavailable,,unavailable,,unavailable,,unavailable,,unavailable,,unavailable,,unavailable,,unavailable,,unavailable,,unavailable,,unavailable,,unavailable,,unavailable,,unavailable,,unavailable,,unavailable
P::M::S1137,2026-03-01,2026-03-01,MISO,S1137,2.8254620123203287,5.017279836814924,unknown,0,LA,,0,,,,59.0,13169.51,100.0,30380.13,40473.36,1202,238194.56,0.23545516769336072,,SIS,150.0,,,,,,,,,,,,,0,0.0,,2025-12-05,4.17,80990.37768817204,101013.0,-0.6408162377577172,0.0065300658450057865,-603.8938172043011,3.99,0.17999999999999972,18.19049822562721,ENTERGY LOUISIANA,85.0,23972.93,0.016,0.644,,,,,,,,,unavailable,unavailable,,unavailable,,unavailable,,unavailable,,unavailable,,unavailable,,unavailable,,unavailable,,unavailable,,unavailable,,unavailable,,unavailable,,unavailable,,unavailable,,unavailable,,unavailable,,unavailable,,unavailable,,unavailable,,unavailable,,unavailable,,unavailable,,unavailable,,unavailable
P::M::S1138,2026-03-01,2026-03-01,MISO,S1138,2.5626283367556466,4.61512051684126,unknown,0,MI,,0,,,,174.0,34393.09,100.0,30430.13,40523.36,1202,238194.56,0.2135523613963039,,SIS,100.0,,,,,,,,,,,,,0,0.0,,2025-12-13,4.17,80990.37768817204,101013.0,-0.6408162377577172,0.0065300658450057865,-603.8938172043011,4.13,0.040000000000000036,18.19049822562721,METC,167.0,33466.87,0.024691358024691357,0.45987654320987653,,,,,,,,,unavailable,unavailable,,unavailable,,unavailable,,unavailable,,unavailable,,unavailable,,unavailable,,unavailable,,unavailable,,unavailable,,unavailable,,unavailable,,unavailable,,unavailable,,unavailable,,unavailable,,unavailable,,unavailable,,unavailable,,unavailable,,unavailable,,unavailable,,unavailable,,unavailable
P::M::S1139,2026-03-01,2026-03-01,MISO,S1139,-0.09856262833675565,4.574710978503383,unknown,0,MS,,0,,,,32.0,4885.6,100.0,30434.13,40527.36,1202,238194.56,-0.008213552361396304,,SIS,96.0,,,,,,,,,,,,,0,0.0,,2026-03-04,4.17,80990.37768817204,101013.0,-0.6408162377577172,0.0065300658450057865,-603.8938172043011,4.17,0.0,18.19049822562721,COOPERATIVE ENERGY,8.0,1383.5,0.03571428571428571,0.6785714285714286,,,,,,,,,unavailable,unavailable,,unavailable,,unavailable,,unavailable,,unavailable,,unavailable,,unavailable,,unavailable,,unavailable,,unavailable,,unavailable,,unavailable,,unavailable,,unavailable,,unavailable,,unavailable,,unavailable,,unavailable,,unavailable,,unavailable,,unavailable,,unavailable,,unavailable,,unavailable
P::M::S1140,2026-03-01,2026-03-01,MISO,S1140,-0.1971252566735113,5.303304908059076,unknown,0,MN,,0,,,,98.0,18201.9,3.0,650.0,40423.36,1202,238194.56,-0.01642710472279261,,SIS,200.0,,,,CALAMUS EAST,,,,,,,,,3,650.0,,2026-03-07,4.17,80990.37768817204,101013.0,-0.6408162377577172,0.0065300658450057865,-603.8938172043011,4.22,-0.04999999999999982,18.19049822562721,GREAT RIVER ENERGY,25.0,5005.92,0.11940298507462686,0.6940298507462687,,,,,,,,,unavailable,unavailable,,unavailable,,unavailable,,unavailable,,unavailable,,unavailable,,unavailable,,unavailable,,unavailable,,unavailable,,unavailable,,unavailable,,unavailable,,unavailable,,unavailable,,unavailable,,unavailable,,unavailable,,unavailable,,unavailable,,unavailable,,unavailable,,unavailable,,unavailable
P::M::S1141,2026-03-01,2026-03-01,MISO,S1141,6.143737166324435,5.017279836814924,battery,0,MS,,0,,,,32.0,4831.6,0.0,0.0,44180.42,1202,238194.56,0.5119780971937029,,SIS,150.0,28049,,,TINNIN ROAD,94.30661577608143,214870.0,0.0,,0,0,0,,0,0.0,,2025-08-26,4.17,80990.37768817204,101013.0,-0.6408162377577172,0.0065300658450057865,-603.8938172043011,4.46,-0.29000000000000004,18.19049822562721,ENTERGY MISSISSIPPI,51.0,10735.3,0.006172839506172839,0.6790123456790124,,,,,,,,,unavailable,unavailable,,unavailable,,unavailable,,unavailable,,unavailable,,unavailable,,unavailable,,unavailable,,unavailable,,unavailable,,unavailable,,unavailable,,unavailable,,unavailable,,unavailable,,unavailable,,unavailable,,unavailable,,unavailable,,unavailable,,unavailable,,unavailable,,unavailable,,unavailable
P::M::S1142,2026-03-01,2026-03-01,MISO,S1142,0.9856262833675564,5.707110264748875,battery,0,LA,,0,,,,59.0,13019.51,2.0,237.0,44030.42,1202,238194.56,0.08213552361396304,,SIS,300.0,22037,South,South,MOLER COLFEL 230 0KV,56.424936386768444,19229.0,1.0,,0,0,0,,2,237.0,0.6935185185185185,2026-01-30,4.17,80990.37768817204,101013.0,-0.6408162377577172,0.0065300658450057865,-603.8938172043011,4.18,-0.009999999999999787,18.19049822562721,ENTERGY LOUISIANA ELTO,2.0,170.0,0.0,0.5,,,,,,,,,unavailable,unavailable,,unavailable,,unavailable,,unavailable,,unavailable,,unavailable,,unavailable,,unavailable,,unavailable,,unavailable,,unavailable,,unavailable,,unavailable,,unavailable,,unavailable,,unavailable,,unavailable,,unavailable,,unavailable,,unavailable,,unavailable,,unavailable,,unavailable,,unavailable
P::M::S1143,2026-03-01,2026-03-01,MISO,S1143,1.3141683778234086,4.912654885736052,unknown,0,IL,,0,,,,187.0,35315.11,100.0,30395.13,40488.36,1202,238194.56,0.10951403148528405,,SIS,135.0,,NO_GROUP,NO_GROUP,,,,,,,,,,0,0.0,0.0,2026-01-20,4.17,80990.37768817204,101013.0,-0.6408162377577172,0.0065300658450057865,-603.8938172043011,4.18,-0.009999999999999787,18.19049822562721,AMEREN ILLINOIS,221.0,41217.38,0.07429718875502007,0.4779116465863454,,,,,,,,,unavailable,unavailable,,unavailable,,unavailable,,unavailable,,unavailable,,unavailable,,unavailable,,unavailable,,unavailable,,unavailable,,unavailable,,unavailable,,unavailable,,unavailable,,unavailable,,unavailable,,unavailable,,unavailable,,unavailable,,unavailable,,unavailable,,unavailable,,unavailable,,unavailable
P::M::S1144,2026-03-01,2026-03-01,MISO,S1144,0.6242299794661191,5.303304908059076,unknown,0,MI,,0,,,,174.0,34293.09,100.0,30330.13,40423.36,1202,238194.56,0.05201916495550993,,SIS,200.0,,,,,,,,,,,,,0,0.0,,2026-02-10,4.17,80990.37768817204,101013.0,-0.6408162377577172,0.0065300658450057865,-603.8938172043011,4.17,0.0,18.19049822562721,METC,167.0,33466.87,0.024691358024691357,0.45987654320987653,,,,,,,,,unavailable,unavailable,,unavailable,,unavailable,,unavailable,,unavailable,,unavailable,,unavailable,,unavailable,,unavailable,,unavailable,,unavailable,,unavailable,,unavailable,,unavailable,,unavailable,,unavailable,,unavailable,,unavailable,,unavailable,,unavailable,,unavailable,,unavailable,,unavailable,,unavailable
P::M::S1145,2026-03-01,2026-03-01,MISO,S1145,4.008213552361396,4.61512051684126,battery,0,MI,,0,,,,174.0,34393.09,0.0,0.0,44230.42,1202,238194.56,0.33401779603011633,,SIS,100.0,26063,NO_GROUP,NO_GROUP,HARVEST WIND POINT TAP 120KV,59.03307888040712,30927.0,1.0,,0,0,0,1,0,0.0,0.0,2025-10-30,4.17,80990.37768817204,101013.0,-0.6408162377577172,0.0065300658450057865,-603.8938172043011,4.05,0.1200000000000001,18.19049822562721,ITC,83.0,19624.149999999998,0.0,0.27586206896551724,,,,,,,,,unavailable,unavailable,,unavailable,,unavailable,,unavailable,,unavailable,,unavailable,,unavailable,,unavailable,,unavailable,,unavailable,,unavailable,,unavailable,,unavailable,,unavailable,,unavailable,,unavailable,,unavailable,,unavailable,,unavailable,,unavailable,,unavailable,,unavailable,,unavailable,,unavailable
P::M::S1146,2026-03-01,2026-03-01,MISO,S1146,-0.4928131416837782,4.836281906951478,unknown,0,MI,,0,,,,174.0,34368.09,2.0,150.0,40498.36,1202,238194.56,-0.04106776180698152,,SIS,125.0,26121,,,DU PONT WHITE LAKE 138 0KV,70.10178117048346,176564.0,0.0,,0,0,0,1,2,150.0,,2026-03-16,4.17,80990.37768817204,101013.0,-0.6408162377577172,0.0065300658450057865,-603.8938172043011,4.22,-0.04999999999999982,18.19049822562721,ITC,83.0,19624.149999999998,0.0,0.27586206896551724,,,,,,,,,unavailable,unavailable,,unavailable,,unavailable,,unavailable,,unavailable,,unavailable,,unavailable,,unavailable,,unavailable,,unavailable,,unavailable,,unavailable,,unavailable,,unavailable,,unavailable,,unavailable,,unavailable,,unavailable,,unavailable,,unavailable,,unavailable,,unavailable,,unavailable,,unavailable
P::M::S1147,2026-03-01,2026-03-01,MISO,S1147,1.4127310061601643,4.890349128221754,unknown,0,MI,,0,,,,174.0,34361.09,100.0,30398.13,40491.36,1202,238194.56,0.11772758384668036,,SIS,132.0,,NO_GROUP,NO_GROUP,,,,,,,,,,0,0.0,0.0,2026-01-17,4.17,80990.37768817204,101013.0,-0.6408162377577172,0.0065300658450057865,-603.8938172043011,4.18,-0.009999999999999787,18.19049822562721,METC,167.0,33466.87,0.024691358024691357,0.45987654320987653,,,,,,,,,unavailable,unavailable,,unavailable,,unavailable,,unavailable,,unavailable,,unavailable,,unavailable,,unavailable,,unavailable,,unavailable,,unavailable,,unavailable,,unavailable,,unavailable,,unavailable,,unavailable,,unavailable,,unavailable,,unavailable,,unavailable,,unavailable,,unavailable,,unavailable,,unavailable
P::M::S1148,2026-03-01,2026-03-01,MISO,S1148,1.675564681724846,5.442417710521793,unknown,0,MN,,0,,,,98.0,18171.9,1.0,72.0,40393.36,1202,238194.56,0.13963039014373715,,SIS,230.0,27133,NO_GROUP,NO_GROUP,MAGNOLIA,9.414758269720101,9551.0,1.0,,0,0,0,,1,72.0,0.0,2026-01-09,4.17,80990.37768817204,101013.0,-0.6408162377577172,0.0065300658450057865,-603.8938172043011,4.18,-0.009999999999999787,18.19049822562721,NORTHERN STATES POWER,72.0,15117.65,0.006134969325153374,0.5460122699386503,,,,,,,,,unavailable,unavailable,,unavailable,,unavailable,,unavailable,,unavailable,,unavailable,,unavailable,,unavailable,,unavailable,,unavailable,,unavailable,,unavailable,,unavailable,,unavailable,,unavailable,,unavailable,,unavailable,,unavailable,,unavailable,,unavailable,,unavailable,,unavailable,,unavailable,,unavailable
P::M::S1149,2026-03-01,2026-03-01,MISO,S1149,0.6570841889117043,4.394449154672439,unknown,0,IL,,0,,,,187.0,35370.11,100.0,30450.13,40543.36,1202,238194.56,0.05475701574264202,,SIS,80.0,,NO_GROUP,NO_GROUP,,,,,,,,,,0,0.0,0.0,2026-02-09,4.17,80990.37768817204,101013.0,-0.6408162377577172,0.0065300658450057865,-603.8938172043011,4.17,0.0,18.19049822562721,AMEREN ILLINOIS,221.0,41217.38,0.07429718875502007,0.4779116465863454,,,,,,,,,unavailable,unavailable,,unavailable,,unavailable,,unavailable,,unavailable,,unavailable,,unavailable,,unavailable,,unavailable,,unavailable,,unavailable,,unavailable,,unavailable,,unavailable,,unavailable,,unavailable,,unavailable,,unavailable,,unavailable,,unavailable,,unavailable,,unavailable,,unavailable,,unavailable
P::M::S1150,2026-03-01,2026-03-01,MISO,S1150,-0.75564681724846,4.394449154672439,unknown,0,IL,,0,,,,187.0,35370.11,100.0,30450.13,40543.36,1202,238194.56,-0.06297056810403832,,SIS,80.0,,NO_GROUP,NO_GROUP,,,,,,,,,,0,0.0,0.0,2026-03-24,4.17,80990.37768817204,101013.0,-0.6408162377577172,0.0065300658450057865,-603.8938172043011,4.22,-0.04999999999999982,18.19049822562721,AMEREN ILLINOIS,221.0,41217.38,0.07429718875502007,0.4779116465863454,,,,,,,,,unavailable,unavailable,,unavailable,,unavailable,,unavailable,,unavailable,,unavailable,,unavailable,,unavailable,,unavailable,,unavailable,,unavailable,,unavailable,,unavailable,,unavailable,,unavailable,,unavailable,,unavailable,,unavailable,,unavailable,,unavailable,,unavailable,,unavailable,,unavailable,,unavailable
P::M::S1151,2026-03-01,2026-03-01,MISO,S1151,3.351129363449692,4.700480365792417,solar,0,WI,,0,,,,67.0,14083.460000000001,1.0,71.0,62540.18,1202,238194.56,0.2792607802874743,,SIS,109.0,55055,,,UNIVERSITY UWW,75.79516539440203,85743.0,0.0,,0,0,0,,1,71.0,,2025-11-19,4.17,80990.37768817204,101013.0,-0.6408162377577172,0.0065300658450057865,-603.8938172043011,3.99,0.17999999999999972,18.19049822562721,AMERICAN TRANSMISSION,110.0,22126.63,0.09090909090909091,0.6181818181818182,,,,,,,,,unavailable,unavailable,,unavailable,,unavailable,,unavailable,,unavailable,,unavailable,,unavailable,,unavailable,,unavailable,,unavailable,,unavailable,,unavailable,,unavailable,,unavailable,,unavailable,,unavailable,,unavailable,,unavailable,,unavailable,,unavailable,,unavailable,,unavailable,,unavailable,,unavailable
P::M::S1152,2026-03-01,2026-03-01,MISO,S1152,-1.4784394250513346,4.941642422609304,unknown,0,MO,,0,,,,28.0,7679.43,100.0,30391.13,40484.36,1202,238194.56,-0.12320328542094455,,SIS,139.0,,,,,,,,,,,,,0,0.0,,2026-04-15,4.17,80990.37768817204,101013.0,-0.6408162377577172,0.0065300658450057865,-603.8938172043011,4.15,0.019999999999999574,18.19049822562721,AMEREN MISSOURI,42.0,11977.23,0.041666666666666664,0.6,,,,,,,,,unavailable,unavailable,,unavailable,,unavailable,,unavailable,,unavailable,,unavailable,,unavailable,,unavailable,,unavailable,,unavailable,,unavailable,,unavailable,,unavailable,,unavailable,,unavailable,,unavailable,,unavailable,,unavailable,,unavailable,,unavailable,,unavailable,,unavailable,,unavailable,,unavailable
P::M::S1153,2026-03-01,2026-03-01,MISO,S1153,3.8439425051334704,4.61512051684126,battery,0,WI,,0,,,,67.0,14092.460000000001,0.0,0.0,44230.42,1202,238194.56,0.3203285420944558,,SIS,100.0,55137,,,SAND LAKE 138KV,43.25699745547074,24934.0,1.0,,0,0,0,,0,0.0,,2025-11-04,4.17,80990.37768817204,101013.0,-0.6408162377577172,0.0065300658450057865,-603.8938172043011,4.05,0.1200000000000001,18.19049822562721,AMERICAN TRANSMISSION,110.0,22126.63,0.09090909090909091,0.6181818181818182,,,,,,,,,unavailable,unavailable,,unavailable,,unavailable,,unavailable,,unavailable,,unavailable,,unavailable,,unavailable,,unavailable,,unavailable,,unavailable,,unavailable,,unavailable,,unavailable,,unavailable,,unavailable,,unavailable,,unavailable,,unavailable,,unavailable,,unavailable,,unavailable,,unavailable,,unavailable
P::M::S1154,2026-03-01,2026-03-01,MISO,S1154,-0.29568788501026694,5.017279836814924,unknown,0,MN,,0,,,,98.0,18251.9,100.0,30380.13,40473.36,1202,238194.56,-0.024640657084188913,,SIS,150.0,,NO_GROUP,NO_GROUP,,,,,,,,,,0,0.0,0.0,2026-03-10,4.17,80990.37768817204,101013.0,-0.6408162377577172,0.0065300658450057865,-603.8938172043011,4.22,-0.04999999999999982,18.19049822562721,GREAT RIVER ENERGY,25.0,5005.92,0.11940298507462686,0.6940298507462687,,,,,,,,,unavailable,unavailable,,unavailable,,unavailable,,unavailable,,unavailable,,unavailable,,unavailable,,unavailable,,unavailable,,unavailable,,unavailable,,unavailable,,unavailable,,unavailable,,unavailable,,unavailable,,unavailable,,unavailable,,unavailable,,unavailable,,unavailable,,unavailable,,unavailable,,unavailable
P::M::S1155,2026-03-01,2026-03-01,MISO,S1155,-0.3942505133470226,5.303304908059076,unknown,0,MO,,0,,,,28.0,7618.43,100.0,30330.13,40423.36,1202,238194.56,-0.03285420944558522,,SIS,200.0,,,,,,,,,,,,,0,0.0,,2026-03-13,4.17,80990.37768817204,101013.0,-0.6408162377577172,0.0065300658450057865,-603.8938172043011,4.22,-0.04999999999999982,18.19049822562721,AMEREN MISSOURI,42.0,11977.23,0.041666666666666664,0.6,,,,,,,,,unavailable,unavailable,,unavailable,,unavailable,,unavailable,,unavailable,,unavailable,,unavailable,,unavailable,,unavailable,,unavailable,,unavailable,,unavailable,,unavailable,,unavailable,,unavailable,,unavailable,,unavailable,,unavailable,,unavailable,,unavailable,,unavailable,,unavailable,,unavailable,,unavailable
P::M::S1156,2026-03-01,2026-03-01,MISO,S1156,-1.4127310061601643,6.450470422144176,unknown,0,TX,,0,,,,12.0,2403.3,100.0,29898.13,39991.36,1202,238194.56,-0.11772758384668036,,SIS,632.0,,,,,,,,,,,,,0,0.0,,2026-04-13,4.17,80990.37768817204,101013.0,-0.6408162377577172,0.0065300658450057865,-603.8938172043011,4.15,0.019999999999999574,18.19049822562721,ENTERGY TEXAS ETTO,2.0,558.5,0.0,0.2,,,,,,,,,unavailable,unavailable,,unavailable,,unavailable,,unavailable,,unavailable,,unavailable,,unavailable,,unavailable,,unavailable,,unavailable,,unavailable,,unavailable,,unavailable,,unavailable,,unavailable,,unavailable,,unavailable,,unavailable,,unavailable,,unavailable,,unavailable,,unavailable,,unavailable,,unavailable
P::M::S1157,2026-03-01,2026-03-01,MISO,S1157,-1.4127310061601643,6.282266746896006,unknown,0,TX,,0,,,,12.0,2501.3,100.0,29996.13,40089.36,1202,238194.56,-0.11772758384668036,,SIS,534.0,,,,,,,,,,,,,0,0.0,,2026-04-13,4.17,80990.37768817204,101013.0,-0.6408162377577172,0.0065300658450057865,-603.8938172043011,4.15,0.019999999999999574,18.19049822562721,ENTERGY TEXAS ETTO,2.0,558.5,0.0,0.2,,,,,,,,,unavailable,unavailable,,unavailable,,unavailable,,unavailable,,unavailable,,unavailable,,unavailable,,unavailable,,unavailable,,unavailable,,unavailable,,unavailable,,unavailable,,unavailable,,unavailable,,unavailable,,unavailable,,unavailable,,unavailable,,unavailable,,unavailable,,unavailable,,unavailable,,unavailable
P::M::S1158,2026-03-01,2026-03-01,MISO,S1158,0.75564681724846,4.605170185988092,unknown,0,WI,,0,,,,67.0,14093.460000000001,2.0,300.0,40524.36,1202,238194.56,0.06297056810403832,,SIS,99.0,,,,STORY COUNTY,,,,,,,,,2,300.0,,2026-02-06,4.17,80990.37768817204,101013.0,-0.6408162377577172,0.0065300658450057865,-603.8938172043011,4.17,0.0,18.19049822562721,AMERICAN TRANSMISSION,110.0,22126.63,0.09090909090909091,0.6181818181818182,,,,,,,,,unavailable,unavailable,,unavailable,,unavailable,,unavailable,,unavailable,,unavailable,,unavailable,,unavailable,,unavailable,,unavailable,,unavailable,,unavailable,,unavailable,,unavailable,,unavailable,,unavailable,,unavailable,,unavailable,,unavailable,,unavailable,,unavailable,,unavailable,,unavailable,,unavailable
P::M::S1159,2026-03-01,2026-03-01,MISO,S1159,0.06570841889117043,4.61512051684126,unknown,0,WI,,0,,,,67.0,14092.460000000001,100.0,30430.13,40523.36,1202,238194.56,0.0054757015742642025,,SIS,100.0,,NO_GROUP,NO_GROUP,,,,,,,,,,0,0.0,0.0,2026-02-27,4.17,80990.37768817204,101013.0,-0.6408162377577172,0.0065300658450057865,-603.8938172043011,4.17,0.0,18.19049822562721,AMERICAN TRANSMISSION,110.0,22126.63,0.09090909090909091,0.6181818181818182,,,,,,,,,unavailable,unavailable,,unavailable,,unavailable,,unavailable,,unavailable,,unavailable,,unavailable,,unavailable,,unavailable,,unavailable,,unavailable,,unavailable,,unavailable,,unavailable,,unavailable,,unavailable,,unavailable,,unavailable,,unavailable,,unavailable,,unavailable,,unavailable,,unavailable,,unavailable
P::M::S1160,2026-03-01,2026-03-01,MISO,S1160,-0.8870636550308009,5.017279836814924,unknown,0,SD,,0,,,,12.0,3906.2,100.0,30380.13,40473.36,1202,238194.56,-0.07392197125256673,,SIS,150.0,,NO_GROUP,NO_GROUP,,,,,,,,,,0,0.0,0.0,2026-03-28,4.17,80990.37768817204,101013.0,-0.6408162377577172,0.0065300658450057865,-603.8938172043011,4.22,-0.04999999999999982,18.19049822562721,OTTER TAIL POWER OTP,5.0,2024.0,0.0,0.375,,,,,,,,,unavailable,unavailable,,unavailable,,unavailable,,unavailable,,unavailable,,unavailable,,unavailable,,unavailable,,unavailable,,unavailable,,unavailable,,unavailable,,unavailable,,unavailable,,unavailable,,unavailable,,unavailable,,unavailable,,unavailable,,unavailable,,unavailable,,unavailable,,unavailable,,unavailable
P::M::S1161,2026-03-01,2026-03-01,MISO,S1161,-0.75564681724846,6.439350371100098,unknown,0,AR,,0,,,,74.0,17872.1,100.0,29905.13,39998.36,1202,238194.56,-0.06297056810403832,,SIS,625.0,,NO_GROUP,NO_GROUP,,,,,,,,,,0,0.0,0.0,2026-03-24,4.17,80990.37768817204,101013.0,-0.6408162377577172,0.0065300658450057865,-603.8938172043011,4.22,-0.04999999999999982,18.19049822562721,ENTERGY ARKANSAS EATO,14.0,3964.5,0.0,0.23076923076923078,,,,,,,,,unavailable,unavailable,,unavailable,,unavailable,,unavailable,,unavailable,,unavailable,,unavailable,,unavailable,,unavailable,,unavailable,,unavailable,,unavailable,,unavailable,,unavailable,,unavailable,,unavailable,,unavailable,,unavailable,,unavailable,,unavailable,,unavailable,,unavailable,,unavailable,,unavailable
P::M::S1162,2026-03-01,2026-03-01,MISO,S1162,-0.6242299794661191,5.968707559985366,unknown,0,AR,,0,,,,74.0,18107.1,100.0,30140.13,40233.36,1202,238194.56,-0.05201916495550993,,SIS,390.0,,NO_GROUP,NO_GROUP,,,,,,,,,,0,0.0,0.0,2026-03-20,4.17,80990.37768817204,101013.0,-0.6408162377577172,0.0065300658450057865,-603.8938172043011,4.22,-0.04999999999999982,18.19049822562721,ENTERGY ARKANSAS EATO,14.0,3964.5,0.0,0.23076923076923078,,,,,,,,,unavailable,unavailable,,unavailable,,unavailable,,unavailable,,unavailable,,unavailable,,unavailable,,unavailable,,unavailable,,unavailable,,unavailable,,unavailable,,unavailable,,unavailable,,unavailable,,unavailable,,unavailable,,unavailable,,unavailable,,unavailable,,unavailable,,unavailable,,unavailable,,unavailable
P::M::S1163,2026-03-01,2026-03-01,MISO,S1163,0.4271047227926078,5.017279836814924,battery,0,IN,,0,,,,89.0,18541.7,0.0,0.0,44180.42,1202,238194.56,0.03559206023271732,,SIS,150.0,18111,Central,Central,MORRISON DITCH,11.673027989821882,13960.0,1.0,,0,0,0,1,0,0.0,0.5670009115770283,2026-02-16,4.17,80990.37768817204,101013.0,-0.6408162377577172,0.0065300658450057865,-603.8938172043011,4.17,0.0,18.19049822562721,NORTHERN INDIANA PUBLIC SERVICE,53.0,9697.23,0.09701492537313433,0.5074626865671642,,,,,,,,,unavailable,unavailable,,unavailable,,unavailable,,unavailable,,unavailable,,unavailable,,unavailable,,unavailable,,unavailable,,unavailable,,unavailable,,unavailable,,unavailable,,unavailable,,unavailable,,unavailable,,unavailable,,unavailable,,unavailable,,unavailable,,unavailable,,unavailable,,unavailable,,unavailable
P::M::S1164,2026-03-01,2026-03-01,MISO,S1164,-2.3326488706365502,5.303304908059076,unknown,0,AR,,0,,,,74.0,18297.1,0.0,0.0,40423.36,1202,238194.56,-0.1943874058863792,,SIS,200.0,05093,NO_GROUP,NO_GROUP,DELL MANILA 161KV,89.2175572519084,38663.0,1.0,,0,0,0,1,0,0.0,0.0,2026-05-11,4.17,80990.37768817204,101013.0,-0.6408162377577172,0.0065300658450057865,-603.8938172043011,4.26,-0.08999999999999986,18.19049822562721,ENTERGY ARKANSAS EAI,1.0,85.0,0.0,0.0,,,,,,,,,unavailable,unavailable,,unavailable,,unavailable,,unavailable,,unavailable,,unavailable,,unavailable,,unavailable,,unavailable,,unavailable,,unavailable,,unavailable,,unavailable,,unavailable,,unavailable,,unavailable,,unavailable,,unavailable,,unavailable,,unavailable,,unavailable,,unavailable,,unavailable,,unavailable
P::M::S1165,2026-03-01,2026-03-01,MISO,S1165,-0.9856262833675564,4.330733340286331,unknown,0,WI,,0,,,,67.0,14117.460000000001,100.0,30455.13,40548.36,1202,238194.56,-0.08213552361396304,,SIS,75.0,,NO_GROUP,NO_GROUP,,,,,,,,,,0,0.0,0.0,2026-03-31,4.17,80990.37768817204,101013.0,-0.6408162377577172,0.0065300658450057865,-603.8938172043011,4.22,-0.04999999999999982,18.19049822562721,AMERICAN TRANSMISSION,110.0,22126.63,0.09090909090909091,0.6181818181818182,,,,,,,,,unavailable,unavailable,,unavailable,,unavailable,,unavailable,,unavailable,,unavailable,,unavailable,,unavailable,,unavailable,,unavailable,,unavailable,,unavailable,,unavailable,,unavailable,,unavailable,,unavailable,,unavailable,,unavailable,,unavailable,,unavailable,,unavailable,,unavailable,,unavailable,,unavailable
P::M::S1166,2026-03-01,2026-03-01,MISO,S1166,-2.102669404517454,4.699843799590773,unknown,0,MN,,0,,,,98.0,18292.97,100.0,30421.2,40514.43,1202,238194.56,-0.17522245037645448,,SIS,108.93,,NO_GROUP,NO_GROUP,,,,,,,,,,0,0.0,0.0,2026-05-04,4.17,80990.37768817204,101013.0,-0.6408162377577172,0.0065300658450057865,-603.8938172043011,4.15,0.019999999999999574,18.19049822562721,NORTHERN STATES POWER,72.0,15117.65,0.006134969325153374,0.5460122699386503,,,,,,,,,unavailable,unavailable,,unavailable,,unavailable,,unavailable,,unavailable,,unavailable,,unavailable,,unavailable,,unavailable,,unavailable,,unavailable,,unavailable,,unavailable,,unavailable,,unavailable,,unavailable,,unavailable,,unavailable,,unavailable,,unavailable,,unavailable,,unavailable,,unavailable,,unavailable
P::M::S1167,2026-03-01,2026-03-01,MISO,S1167,-4.041067761806982,4.605170185988092,unknown,0,IL,,0,,,,187.0,35351.11,0.0,0.0,40524.36,1202,238194.56,-0.33675564681724846,,SIS,99.0,17029,NO_GROUP,NO_GROUP,GREENWAY 138KV,70.35623409669212,46060.0,1.0,,0,0,0,1,0,0.0,0.0,2026-07-02,4.17,80990.37768817204,101013.0,-0.6408162377577172,0.0065300658450057865,-603.8938172043011,4.41,-0.2400000000000002,18.19049822562721,AMEREN ILLINOIS,221.0,41217.38,0.07429718875502007,0.4779116465863454,,,,,,,,,unavailable,unavailable,,unavailable,,unavailable,,unavailable,,unavailable,,unavailable,,unavailable,,unavailable,,unavailable,,unavailable,,unavailable,,unavailable,,unavailable,,unavailable,,unavailable,,unavailable,,unavailable,,unavailable,,unavailable,,unavailable,,unavailable,,unavailable,,unavailable,,unavailable
P::M::S1168,2026-03-01,2026-03-01,MISO,S1168,-4.041067761806982,4.605170185988092,unknown,0,IL,,0,,,,187.0,35351.11,0.0,0.0,40524.36,1202,238194.56,-0.33675564681724846,,SIS,99.0,17121,NO_GROUP,NO_GROUP,FINKS 138KV,77.13104325699746,36673.0,1.0,,0,0,0,1,0,0.0,0.0,2026-07-02,4.17,80990.37768817204,101013.0,-0.6408162377577172,0.0065300658450057865,-603.8938172043011,4.41,-0.2400000000000002,18.19049822562721,AMEREN ILLINOIS,221.0,41217.38,0.07429718875502007,0.4779116465863454,,,,,,,,,unavailable,unavailable,,unavailable,,unavailable,,unavailable,,unavailable,,unavailable,,unavailable,,unavailable,,unavailable,,unavailable,,unavailable,,unavailable,,unavailable,,unavailable,,unavailable,,unavailable,,unavailable,,unavailable,,unavailable,,unavailable,,unavailable,,unavailable,,unavailable,,unavailable
P::M::S1169,2026-03-01,2026-03-01,MISO,S1169,0.5913757700205339,4.61512051684126,battery,0,LA,,0,,,,59.0,13219.51,0.0,0.0,44230.42,1202,238194.56,0.049281314168377825,,SIS,100.0,22117,NO_GROUP,NO_GROUP,BOGALUSA TALISHEEK LAGEN 230 0KV,85.52798982188295,44865.0,1.0,,0,0,0,1,0,0.0,0.0,2026-02-11,4.17,80990.37768817204,101013.0,-0.6408162377577172,0.0065300658450057865,-603.8938172043011,4.17,0.0,18.19049822562721,ENTERGY LOUISIANA ELTO,2.0,170.0,0.0,0.5,,,,,,,,,unavailable,unavailable,,unavailable,,unavailable,,unavailable,,unavailable,,unavailable,,unavailable,,unavailable,,unavailable,,unavailable,,unavailable,,unavailable,,unavailable,,unavailable,,unavailable,,unavailable,,unavailable,,unavailable,,unavailable,,unavailable,,unavailable,,unavailable,,unavailable,,unavailable
P::M::S1170,2026-03-01,2026-03-01,MISO,S1170,8.114989733059549,4.61512051684126,battery,0,AR,,0,,,,74.0,18397.1,1.0,100.0,44230.42,1202,238194.56,0.676249144421629,,SIS,100.0,05139,,,HUTTIG SS STRONG SS 115 0KV,53.88040712468194,37397.0,1.0,,0,0,0,1,1,100.0,,2025-06-27,4.17,80990.37768817204,101013.0,-0.6408162377577172,0.0065300658450057865,-603.8938172043011,4.45,-0.28000000000000025,18.19049822562721,ENTERGY ARKANSAS EATO,14.0,3964.5,0.0,0.23076923076923078,,,,,,,,,unavailable,unavailable,,unavailable,,unavailable,,unavailable,,unavailable,,unavailable,,unavailable,,unavailable,,unavailable,,unavailable,,unavailable,,unavailable,,unavailable,,unavailable,,unavailable,,unavailable,,unavailable,,unavailable,,unavailable,,unavailable,,unavailable,,unavailable,,unavailable,,unavailable
P::M::S1171,2026-03-01,2026-03-01,MISO,S1171,-2.8254620123203287,0.0,unknown,0,,,0,,,,99.0,32394.93,0.0,0.0,40623.36,1202,238194.56,-0.23545516769336072,,SIS,0.0,,NO_GROUP,NO_GROUP,WHITE BLUFF EHV 500MW,,,,,,,,,0,0.0,0.0,2026-05-26,4.17,80990.37768817204,101013.0,-0.6408162377577172,0.0065300658450057865,-603.8938172043011,4.26,-0.08999999999999986,18.19049822562721,ENTERGY ARKANSAS EATO,14.0,3964.5,0.0,0.23076923076923078,,,,,,,,,unavailable,unavailable,,unavailable,,unavailable,,unavailable,,unavailable,,unavailable,,unavailable,,unavailable,,unavailable,,unavailable,,unavailable,,unavailable,,unavailable,,unavailable,,unavailable,,unavailable,,unavailable,,unavailable,,unavailable,,unavailable,,unavailable,,unavailable,,unavailable,,unavailable
P::M::S1172,2026-03-01,2026-03-01,MISO,S1172,-0.1971252566735113,5.303304908059076,unknown,0,,,0,,,,99.0,32194.93,3.0,650.0,40423.36,1202,238194.56,-0.01642710472279261,,SIS,200.0,,NO_GROUP,NO_GROUP,CALAMUS EAST,,,,,,,,,3,650.0,0.0,2026-03-07,4.17,80990.37768817204,101013.0,-0.6408162377577172,0.0065300658450057865,-603.8938172043011,4.22,-0.04999999999999982,18.19049822562721,METC,167.0,33466.87,0.024691358024691357,0.45987654320987653,,,,,,,,,unavailable,unavailable,,unavailable,,unavailable,,unavailable,,unavailable,,unavailable,,unavailable,,unavailable,,unavailable,,unavailable,,unavailable,,unavailable,,unavailable,,unavailable,,unavailable,,unavailable,,unavailable,,unavailable,,unavailable,,unavailable,,unavailable,,unavailable,,unavailable,,unavailable
P::M::S1173,2026-03-01,2026-03-01,MISO,S1173,-0.4928131416837782,4.61512051684126,unknown,0,,,0,,,,99.0,32294.93,1.0,100.0,40523.36,1202,238194.56,-0.04106776180698152,,SIS,100.0,,NO_GROUP,NO_GROUP,HUTTIG SS STRONG SS 115 0KV,,,,,,,,,1,100.0,0.0,2026-03-16,4.17,80990.37768817204,101013.0,-0.6408162377577172,0.0065300658450057865,-603.8938172043011,4.22,-0.04999999999999982,18.19049822562721,NORTHERN STATES POWER,72.0,15117.65,0.006134969325153374,0.5460122699386503,,,,,,,,,unavailable,unavailable,,unavailable,,unavailable,,unavailable,,unavailable,,unavailable,,unavailable,,unavailable,,unavailable,,unavailable,,unavailable,,unavailable,,unavailable,,unavailable,,unavailable,,unavailable,,unavailable,,unavailable,,unavailable,,unavailable,,unavailable,,unavailable,,unavailable,,unavailable
P::M::S1174,2026-03-01,2026-03-01,MISO,S1174,-0.7227926078028748,0.0,unknown,0,,,0,,,,99.0,32394.93,100.0,30530.13,40623.36,1202,238194.56,-0.06023271731690623,,SIS,0.0,,NO_GROUP,NO_GROUP,,,,,,,,,,0,0.0,0.0,2026-03-23,4.17,80990.37768817204,101013.0,-0.6408162377577172,0.0065300658450057865,-603.8938172043011,4.22,-0.04999999999999982,18.19049822562721,ITC,83.0,19624.149999999998,0.0,0.27586206896551724,,,,,,,,,unavailable,unavailable,,unavailable,,unavailable,,unavailable,,unavailable,,unavailable,,unavailable,,unavailable,,unavailable,,unavailable,,unavailable,,unavailable,,unavailable,,unavailable,,unavailable,,unavailable,,unavailable,,unavailable,,unavailable,,unavailable,,unavailable,,unavailable,,unavailable,,unavailable
P::M::S1175,2026-03-01,2026-03-01,MISO,S1175,-0.7227926078028748,0.0,unknown,0,,,0,,,,99.0,32394.93,100.0,30530.13,40623.36,1202,238194.56,-0.06023271731690623,,SIS,0.0,,NO_GROUP,NO_GROUP,,,,,,,,,,0,0.0,0.0,2026-03-23,4.17,80990.37768817204,101013.0,-0.6408162377577172,0.0065300658450057865,-603.8938172043011,4.22,-0.04999999999999982,18.19049822562721,METC,167.0,33466.87,0.024691358024691357,0.45987654320987653,,,,,,,,,unavailable,unavailable,,unavailable,,unavailable,,unavailable,,unavailable,,unavailable,,unavailable,,unavailable,,unavailable,,unavailable,,unavailable,,unavailable,,unavailable,,unavailable,,unavailable,,unavailable,,unavailable,,unavailable,,unavailable,,unavailable,,unavailable,,unavailable,,unavailable,,unavailable
P::M::S1176,2026-03-01,2026-03-01,MISO,S1176,-1.4127310061601643,0.0,unknown,0,,,0,,,,99.0,32394.93,100.0,30530.13,40623.36,1202,238194.56,-0.11772758384668036,,SIS,0.0,,NO_GROUP,NO_GROUP,,,,,,,,,,0,0.0,0.0,2026-04-13,4.17,80990.37768817204,101013.0,-0.6408162377577172,0.0065300658450057865,-603.8938172043011,4.15,0.019999999999999574,18.19049822562721,,,,,,,,,,,,,,unavailable,unavailable,,unavailable,,unavailable,,unavailable,,unavailable,,unavailable,,unavailable,,unavailable,,unavailable,,unavailable,,unavailable,,unavailable,,unavailable,,unavailable,,unavailable,,unavailable,,unavailable,,unavailable,,unavailable,,unavailable,,unavailable,,unavailable,,unavailable,,unavailable
P::M::S1177,2026-03-01,2026-03-01,MISO,S1177,-2.6940451745379876,0.0,unknown,0,,,0,,,,99.0,32394.93,100.0,30530.13,40623.36,1202,238194.56,-0.2245037645448323,,SIS,0.0,,NO_GROUP,NO_GROUP,,,,,,,,,,0,0.0,0.0,2026-05-22,4.17,80990.37768817204,101013.0,-0.6408162377577172,0.0065300658450057865,-603.8938172043011,4.26,-0.08999999999999986,18.19049822562721,DUKE ENERGY INDIANA CIN,13.0,3697.0,0.0,0.17647058823529413,,,,,,,,,unavailable,unavailable,,unavailable,,unavailable,,unavailable,,unavailable,,unavailable,,unavailable,,unavailable,,unavailable,,unavailable,,unavailable,,unavailable,,unavailable,,unavailable,,unavailable,,unavailable,,unavailable,,unavailable,,unavailable,,unavailable,,unavailable,,unavailable,,unavailable,,unavailable
P::R1048,2026-03-01,2026-03-01,MISO,R1048,21.585215605749486,7.116986501082949,unknown,0,,,0,0.0,,,99.0,31163.2,0.0,0.0,39391.63,1202,238194.56,1.7987679671457906,,NRIS,1231.73,22047,,,DOW METER POINT,73.72773536895674,29617.0,1.0,,0,0,0,,0,0.0,,2024-05-13,4.17,80990.37768817204,101013.0,-0.6408162377577172,0.0065300658450057865,-603.8938172043011,4.42,-0.25,18.19049822562721,ENTERGY LOUISIANA,85.0,23972.93,0.016,0.644,,,,,,,,,unavailable,unavailable,,unavailable,,unavailable,,unavailable,,unavailable,,unavailable,,unavailable,,unavailable,,unavailable,,unavailable,,unavailable,,unavailable,,unavailable,,unavailable,,unavailable,,unavailable,,unavailable,,unavailable,,unavailable,,unavailable,,unavailable,,unavailable,,unavailable,,unavailable
P::R1052,2026-03-01,2026-03-01,MISO,R1052,20.205338809034906,6.423246963533519,unknown,0,,,0,0.0,,,99.0,31779.93,0.0,0.0,40008.36,1202,238194.56,1.6837782340862424,,ERIS,615.0,,,,18CAMPBELLW 18CAMPBELLB,,,,,,,,,0,0.0,,2024-06-24,4.17,80990.37768817204,101013.0,-0.6408162377577172,0.0065300658450057865,-603.8938172043011,4.47,-0.2999999999999998,18.19049822562721,METC,167.0,33466.87,0.024691358024691357,0.45987654320987653,,,,,,,,,unavailable,unavailable,,unavailable,,unavailable,,unavailable,,unavailable,,unavailable,,unavailable,,unavailable,,unavailable,,unavailable,,unavailable,,unavailable,,unavailable,,unavailable,,unavailable,,unavailable,,unavailable,,unavailable,,unavailable,,unavailable,,unavailable,,unavailable,,unavailable,,unavailable
P::R5063,2026-03-01,2026-03-01,MISO,R5063,9.724845995893224,5.14166355650266,other,0,MI,,0,0.0,,,174.0,34323.09,0.0,0.0,19793.7,1202,238194.56,0.810403832991102,,NRIS,170.0,26155,,,BELL ROAD CORNELL 138 0KV,62.18193384223919,68025.0,0.0,,0,0,0,1,0,0.0,,2025-05-09,4.17,80990.37768817204,101013.0,-0.6408162377577172,0.0065300658450057865,-603.8938172043011,4.35,-0.17999999999999972,18.19049822562721,METC,167.0,33466.87,0.024691358024691357,0.45987654320987653,,,,,,,,,unavailable,unavailable,,unavailable,,unavailable,,unavailable,,unavailable,,unavailable,,unavailable,,unavailable,,unavailable,,unavailable,,unavailable,,unavailable,,unavailable,,unavailable,,unavailable,,unavailable,,unavailable,,unavailable,,unavailable,,unavailable,,unavailable,,unavailable,,unavailable,,unavailable
P::R5066,2026-03-01,2026-03-01,MISO,R5066,10.677618069815194,3.054001181677967,battery,0,WI,,0,0.0,,,67.0,14172.26,1.0,100.0,44310.22,1202,238194.56,0.8898015058179329,,,20.2,55021,,,COLUMBIA,81.42493638676844,58091.0,0.0,,0,0,0,,1,100.0,,2025-04-10,4.17,80990.37768817204,101013.0,-0.6408162377577172,0.0065300658450057865,-603.8938172043011,4.31,-0.13999999999999968,18.19049822562721,AMERICAN TRANSMISSION,110.0,22126.63,0.09090909090909091,0.6181818181818182,,,,,,,,,unavailable,unavailable,,unavailable,,unavailable,,unavailable,,unavailable,,unavailable,,unavailable,,unavailable,,unavailable,,unavailable,,unavailable,,unavailable,,unavailable,,unavailable,,unavailable,,unavailable,,unavailable,,unavailable,,unavailable,,unavailable,,unavailable,,unavailable,,unavailable,,unavailable
P::R5067,2026-03-01,2026-03-01,MISO,R5067,7.917864476386037,4.61512051684126,battery,0,IN,27.006160164271048,0,0.0,-7.0,,89.0,18591.7,0.0,0.0,44230.42,1202,238194.56,0.6598220396988365,,NRIS,100.0,18089,,,NIPSCO GREEN ACRES 138KV SUB,95.92875318066157,500598.0,0.0,,0,0,0,1,0,0.0,,2025-07-03,4.17,80990.37768817204,101013.0,-0.6408162377577172,0.0065300658450057865,-603.8938172043011,4.45,-0.28000000000000025,18.19049822562721,NORTHERN INDIANA PUBLIC SERVICE,53.0,9697.23,0.09701492537313433,0.5074626865671642,,,,,,,,,unavailable,unavailable,,unavailable,,unavailable,,unavailable,,unavailable,,unavailable,,unavailable,,unavailable,,unavailable,,unavailable,,unavailable,,unavailable,,unavailable,,unavailable,,unavailable,,unavailable,,unavailable,,unavailable,,unavailable,,unavailable,,unavailable,,unavailable,,unavailable,,unavailable
P::R5069,2026-03-01,2026-03-01,MISO,R5069,6.143737166324435,5.303304908059076,nuclear,0,IA,30.06160164271047,0,0.0,-15.0,,71.0,14429.54,3.0,415.0,1970.1,1202,238194.56,0.5119780971937029,,NRIS,200.0,19113,,,DUANE ARNOLD ARNOLD 5,86.70483460559797,228972.0,0.0,,0,0,0,1,3,415.0,,2025-08-26,4.17,80990.37768817204,101013.0,-0.6408162377577172,0.0065300658450057865,-603.8938172043011,4.46,-0.29000000000000004,18.19049822562721,ITC MIDWEST,87.0,14086.3,0.18114143920595532,0.6029776674937966,,,,,,,,,unavailable,unavailable,,unavailable,,unavailable,,unavailable,,unavailable,,unavailable,,unavailable,,unavailable,,unavailable,,unavailable,,unavailable,,unavailable,,unavailable,,unavailable,,unavailable,,unavailable,,unavailable,,unavailable,,unavailable,,unavailable,,unavailable,,unavailable,,unavailable,,unavailable
P::R5070,2026-03-01,2026-03-01,MISO,R5070,6.143737166324435,4.174387269895637,nuclear,0,IA,30.06160164271047,0,0.0,-15.0,,71.0,14565.54,3.0,551.0,2106.1,1202,238194.56,0.5119780971937029,,,64.0,19113,,,DUANE ARNOLD ARNOLD 5,86.70483460559797,228972.0,0.0,,0,0,0,1,3,551.0,,2025-08-26,4.17,80990.37768817204,101013.0,-0.6408162377577172,0.0065300658450057865,-603.8938172043011,4.46,-0.29000000000000004,18.19049822562721,ITC MIDWEST,87.0,14086.3,0.18114143920595532,0.6029776674937966,,,,,,,,,unavailable,unavailable,,unavailable,,unavailable,,unavailable,,unavailable,,unavailable,,unavailable,,unavailable,,unavailable,,unavailable,,unavailable,,unavailable,,unavailable,,unavailable,,unavailable,,unavailable,,unavailable,,unavailable,,unavailable,,unavailable,,unavailable,,unavailable,,unavailable,,unavailable
P::R5071,2026-03-01,2026-03-01,MISO,R5071,6.143737166324435,5.529429087511423,nuclear,0,IA,30.06160164271047,0,0.0,-15.0,,71.0,14378.54,3.0,364.0,1919.1,1202,238194.56,0.5119780971937029,,,251.0,19113,,,DUANE ARNOLD ARNOLD 5,86.70483460559797,228972.0,0.0,,0,0,0,1,3,364.0,,2025-08-26,4.17,80990.37768817204,101013.0,-0.6408162377577172,0.0065300658450057865,-603.8938172043011,4.46,-0.29000000000000004,18.19049822562721,ITC MIDWEST,87.0,14086.3,0.18114143920595532,0.6029776674937966,,,,,,,,,unavailable,unavailable,,unavailable,,unavailable,,unavailable,,unavailable,,unavailable,,unavailable,,unavailable,,unavailable,,unavailable,,unavailable,,unavailable,,unavailable,,unavailable,,unavailable,,unavailable,,unavailable,,unavailable,,unavailable,,unavailable,,unavailable,,unavailable,,unavailable,,unavailable
P::R5072,2026-03-01,2026-03-01,MISO,R5072,6.143737166324435,4.61512051684126,nuclear,0,IA,30.06160164271047,0,0.0,-15.0,,71.0,14529.54,3.0,515.0,2070.1,1202,238194.56,0.5119780971937029,,NRIS,100.0,19113,,,DUANE ARNOLD ARNOLD 5,86.70483460559797,228972.0,0.0,,0,0,0,1,3,515.0,,2025-08-26,4.17,80990.37768817204,101013.0,-0.6408162377577172,0.0065300658450057865,-603.8938172043011,4.46,-0.29000000000000004,18.19049822562721,ITC MIDWEST,87.0,14086.3,0.18114143920595532,0.6029776674937966,,,,,,,,,unavailable,unavailable,,unavailable,,unavailable,,unavailable,,unavailable,,unavailable,,unavailable,,unavailable,,unavailable,,unavailable,,unavailable,,unavailable,,unavailable,,unavailable,,unavailable,,unavailable,,unavailable,,unavailable,,unavailable,,unavailable,,unavailable,,unavailable,,unavailable,,unavailable
P::S1015,2026-03-01,2026-03-01,MISO,S1015,46.652977412731005,4.02535169073515,unknown,0,MI,,0,0.0,,,174.0,34438.09,0.0,0.0,40568.36,1202,238194.56,3.887748117727584,,SIS,55.0,26041,,,GARDEN CORNERS 138KV,53.05343511450382,36790.0,1.0,,0,0,0,1,0,0.0,,2022-04-11,4.17,80990.37768817204,101013.0,-0.6408162377577172,0.0065300658450057865,-603.8938172043011,1.78,2.3899999999999997,18.19049822562721,AMERICAN TRANSMISSION,110.0,22126.63,0.09090909090909091,0.6181818181818182,,,,,,,,,unavailable,unavailable,,unavailable,,unavailable,,unavailable,,unavailable,,unavailable,,unavailable,,unavailable,,unavailable,,unavailable,,unavailable,,unavailable,,unavailable,,unavailable,,unavailable,,unavailable,,unavailable,,unavailable,,unavailable,,unavailable,,unavailable,,unavailable,,unavailable,,unavailable
P::S1023,2026-03-01,2026-03-01,MISO,S1023,45.503080082135526,3.258096538021482,unknown,0,WI,,0,0.0,,,67.0,14167.460000000001,0.0,0.0,40598.36,1202,238194.56,3.79192334017796,,SIS,25.0,55043,,,NELSON DEWEY LANCASTER 138KV,61.06870229007634,51409.0,0.0,,0,0,0,1,0,0.0,,2022-05-16,4.17,80990.37768817204,101013.0,-0.6408162377577172,0.0065300658450057865,-603.8938172043011,2.83,1.3399999999999999,18.19049822562721,AMERICAN TRANSMISSION,110.0,22126.63,0.09090909090909091,0.6181818181818182,,,,,,,,,unavailable,unavailable,,unavailable,,unavailable,,unavailable,,unavailable,,unavailable,,unavailable,,unavailable,,unavailable,,unavailable,,unavailable,,unavailable,,unavailable,,unavailable,,unavailable,,unavailable,,unavailable,,unavailable,,unavailable,,unavailable,,unavailable,,unavailable,,unavailable,,unavailable
P::S1024,2026-03-01,2026-03-01,MISO,S1024,45.503080082135526,3.9318256327243257,unknown,0,WI,,0,0.0,,,67.0,14142.460000000001,0.0,0.0,40573.36,1202,238194.56,3.79192334017796,,SIS,50.0,55137,,,WAUTOMA 138KV,43.25699745547074,24934.0,1.0,,0,0,0,,0,0.0,,2022-05-16,4.17,80990.37768817204,101013.0,-0.6408162377577172,0.0065300658450057865,-603.8938172043011,2.83,1.3399999999999999,18.19049822562721,AMERICAN TRANSMISSION,110.0,22126.63,0.09090909090909091,0.6181818181818182,,,,,,,,,unavailable,unavailable,,unavailable,,unavailable,,unavailable,,unavailable,,unavailable,,unavailable,,unavailable,,unavailable,,unavailable,,unavailable,,unavailable,,unavailable,,unavailable,,unavailable,,unavailable,,unavailable,,unavailable,,unavailable,,unavailable,,unavailable,,unavailable,,unavailable,,unavailable
P::S1026,2026-03-01,2026-03-01,MISO,S1026,45.17453798767967,3.9318256327243257,unknown,0,IN,,0,0.0,,,89.0,18641.7,0.0,0.0,40573.36,1202,238194.56,3.7645448323066395,,SIS,50.0,18037,,,DUBOIS CULLEY 138KV LINE,59.12849872773537,43546.0,1.0,,0,0,0,1,0,0.0,,2022-05-26,4.17,80990.37768817204,101013.0,-0.6408162377577172,0.0065300658450057865,-603.8938172043011,2.83,1.3399999999999999,18.19049822562721,SOUTHERN INDIANA GAS ELECTRIC D B A CENTERPOINT ENERGY INDIANA SOUTH,13.0,2430.0,0.0,0.5666666666666667,,,,,,,,,unavailable,unavailable,,unavailable,,unavailable,,unavailable,,unavailable,,unavailable,,unavailable,,unavailable,,unavailable,,unavailable,,unavailable,,unavailable,,unavailable,,unavailable,,unavailable,,unavailable,,unavailable,,unavailable,,unavailable,,unavailable,,unavailable,,unavailable,,unavailable,,unavailable
P::S1031,2026-03-01,2026-03-01,MISO,S1031,42.38193018480493,4.51085950651685,unknown,0,MI,,0,0.0,,,174.0,34403.09,1.0,90.0,40533.36,1202,238194.56,3.5318275154004106,,SIS,90.0,26073,,,SALT RIVER SUBSTATION 138KV,66.06234096692111,64118.0,0.0,,0,0,0,1,1,90.0,,2022-08-19,4.17,80990.37768817204,101013.0,-0.6408162377577172,0.0065300658450057865,-603.8938172043011,2.88,1.29,18.19049822562721,METC,167.0,33466.87,0.024691358024691357,0.45987654320987653,,,,,,,,,unavailable,unavailable,,unavailable,,unavailable,,unavailable,,unavailable,,unavailable,,unavailable,,unavailable,,unavailable,,unavailable,,unavailable,,unavailable,,unavailable,,unavailable,,unavailable,,unavailable,,unavailable,,unavailable,,unavailable,,unavailable,,unavailable,,unavailable,,unavailable,,unavailable
P::S1032,2026-03-01,2026-03-01,MISO,S1032,42.38193018480493,4.51085950651685,unknown,0,,,0,0.0,,,99.0,32304.93,1.0,90.0,40533.36,1202,238194.56,3.5318275154004106,,SIS,90.0,26073,,,SALT RIVER SUBSTATION 138KV,66.06234096692111,64118.0,0.0,,0,0,0,1,1,90.0,,2022-08-19,4.17,80990.37768817204,101013.0,-0.6408162377577172,0.0065300658450057865,-603.8938172043011,2.88,1.29,18.19049822562721,METC,167.0,33466.87,0.024691358024691357,0.45987654320987653,,,,,,,,,unavailable,unavailable,,unavailable,,unavailable,,unavailable,,unavailable,,unavailable,,unavailable,,unavailable,,unavailable,,unavailable,,unavailable,,unavailable,,unavailable,,unavailable,,unavailable,,unavailable,,unavailable,,unavailable,,unavailable,,unavailable,,unavailable,,unavailable,,unavailable,,unavailable
P::S1033,2026-03-01,2026-03-01,MISO,S1033,42.51334702258727,3.258096538021482,unknown,0,WI,,0,0.0,,,67.0,14167.460000000001,0.0,0.0,40598.36,1202,238194.56,3.542778918548939,,SIS,25.0,55045,,,BASS CREEK ALBANY NORTH MONROE 138KV,46.4058524173028,36951.0,1.0,,0,0,0,,0,0.0,,2022-08-15,4.17,80990.37768817204,101013.0,-0.6408162377577172,0.0065300658450057865,-603.8938172043011,2.88,1.29,18.19049822562721,AMERICAN TRANSMISSION,110.0,22126.63,0.09090909090909091,0.6181818181818182,,,,,,,,,unavailable,unavailable,,unavailable,,unavailable,,unavailable,,unavailable,,unavailable,,unavailable,,unavailable,,unavailable,,unavailable,,unavailable,,unavailable,,unavailable,,unavailable,,unavailable,,unavailable,,unavailable,,unavailable,,unavailable,,unavailable,,unavailable,,unavailable,,unavailable,,unavailable
P::S1035,2026-03-01,2026-03-01,MISO,S1035,42.51334702258727,3.5263605246161616,unknown,0,WI,,0,0.0,,,67.0,14159.460000000001,0.0,0.0,40590.36,1202,238194.56,3.542778918548939,,SIS,33.0,55105,,,TOWNLINE RD PADDOCK 138KV,86.35496183206108,164278.0,0.0,,0,0,0,,0,0.0,,2022-08-15,4.17,80990.37768817204,101013.0,-0.6408162377577172,0.0065300658450057865,-603.8938172043011,2.88,1.29,18.19049822562721,AMERICAN TRANSMISSION,110.0,22126.63,0.09090909090909091,0.6181818181818182,,,,,,,,,unavailable,unavailable,,unavailable,,unavailable,,unavailable,,unavailable,,unavailable,,unavailable,,unavailable,,unavailable,,unavailable,,unavailable,,unavailable,,unavailable,,unavailable,,unavailable,,unavailable,,unavailable,,unavailable,,unavailable,,unavailable,,unavailable,,unavailable,,unavailable,,unavailable
P::S1044,2026-03-01,2026-03-01,MISO,S1044,34.46406570841889,3.9318256327243257,unknown,0,IN,,0,0.0,,,89.0,18641.7,0.0,0.0,40573.36,1202,238194.56,2.8720054757015743,,SIS,50.0,18089,,,GREEN ACRES 138KV SUBSTATION 43684,95.92875318066157,500598.0,0.0,,0,0,0,1,0,0.0,,2023-04-17,4.17,80990.37768817204,101013.0,-0.6408162377577172,0.0065300658450057865,-603.8938172043011,3.98,0.18999999999999995,18.19049822562721,NORTHERN INDIANA PUBLIC SERVICE,53.0,9697.23,0.09701492537313433,0.5074626865671642,,,,,,,,,unavailable,unavailable,,unavailable,,unavailable,,unavailable,,unavailable,,unavailable,,unavailable,,unavailable,,unavailable,,unavailable,,unavailable,,unavailable,,unavailable,,unavailable,,unavailable,,unavailable,,unavailable,,unavailable,,unavailable,,unavailable,,unavailable,,unavailable,,unavailable,,unavailable
P::S1047,2026-03-01,2026-03-01,MISO,S1047,28.583162217659137,4.795790545596741,unknown,0,SD,,0,0.0,,,12.0,3936.2,0.0,0.0,40503.36,1202,238194.56,2.3819301848049284,,SIS,120.0,46029,,,BIG STONE SOUTH 230KV,61.768447837150134,28971.0,1.0,,0,0,0,,0,0.0,,2023-10-13,4.17,80990.37768817204,101013.0,-0.6408162377577172,0.0065300658450057865,-603.8938172043011,4.29,-0.1200000000000001,18.19049822562721,OTTER TAIL POWER,25.0,4561.42,0.13259668508287292,0.7292817679558011,,,,,,,,,unavailable,unavailable,,unavailable,,unavailable,,unavailable,,unavailable,,unavailable,,unavailable,,unavailable,,unavailable,,unavailable,,unavailable,,unavailable,,unavailable,,unavailable,,unavailable,,unavailable,,unavailable,,unavailable,,unavailable,,unavailable,,unavailable,,unavailable,,unavailable,,unavailable
P::S1052,2026-03-01,2026-03-01,MISO,S1052,20.53388090349076,5.017279836814924,unknown,0,IL,,0,0.0,,,187.0,35300.11,0.0,0.0,40473.36,1202,238194.56,1.7111567419575633,,SIS,150.0,17035,,,NEOGA SOUTH 138KV,25.858778625954198,10261.0,1.0,,0,0,0,1,0,0.0,,2024-06-14,4.17,80990.37768817204,101013.0,-0.6408162377577172,0.0065300658450057865,-603.8938172043011,4.47,-0.2999999999999998,18.19049822562721,AMEREN ILLINOIS,221.0,41217.38,0.07429718875502007,0.4779116465863454,,,,,,,,,unavailable,unavailable,,unavailable,,unavailable,,unavailable,,unavailable,,unavailable,,unavailable,,unavailable,,unavailable,,unavailable,,unavailable,,unavailable,,unavailable,,unavailable,,unavailable,,unavailable,,unavailable,,unavailable,,unavailable,,unavailable,,unavailable,,unavailable,,unavailable,,unavailable
P::S1053,2026-03-01,2026-03-01,MISO,S1053,19.71252566735113,4.61512051684126,unknown,0,MN,,0,0.0,,,98.0,18301.9,0.0,0.0,40523.36,1202,238194.56,1.6427104722792607,,SIS,100.0,27025,,,CHISAGO COUNTY SUBSTATION,44.529262086513995,58535.0,0.0,,0,0,0,,0,0.0,,2024-07-09,4.17,80990.37768817204,101013.0,-0.6408162377577172,0.0065300658450057865,-603.8938172043011,4.41,-0.2400000000000002,18.19049822562721,NORTHERN STATES POWER,72.0,15117.65,0.006134969325153374,0.5460122699386503,,,,,,,,,unavailable,unavailable,,unavailable,,unavailable,,unavailable,,unavailable,,unavailable,,unavailable,,unavailable,,unavailable,,unavailable,,unavailable,,unavailable,,unavailable,,unavailable,,unavailable,,unavailable,,unavailable,,unavailable,,unavailable,,unavailable,,unavailable,,unavailable,,unavailable,,unavailable
P::S1054,2026-03-01,2026-03-01,MISO,S1054,19.38398357289528,5.707110264748875,unknown,0,MN,,0,-45.45454545454545,,0.0,98.0,18101.9,0.0,0.0,40323.36,1202,238194.56,1.6153319644079398,,SIS,300.0,27033,,,LAKEFIELD JUNCTION 345KV,27.70356234096692,11319.0,1.0,,0,0,0,,0,0.0,,2024-07-19,4.17,80990.37768817204,101013.0,-0.6408162377577172,0.0065300658450057865,-603.8938172043011,4.41,-0.2400000000000002,18.19049822562721,NORTHERN STATES POWER,72.0,15117.65,0.006134969325153374,0.5460122699386503,,,,,,,,,unavailable,unavailable,,unavailable,,unavailable,,unavailable,,unavailable,,unavailable,,unavailable,,unavailable,,unavailable,,unavailable,,unavailable,,unavailable,,unavailable,,unavailable,,unavailable,,unavailable,,unavailable,,unavailable,,unavailable,,unavailable,,unavailable,,unavailable,,unavailable,,unavailable
P::S1057,2026-03-01,2026-03-01,MISO,S1057,19.515400410677618,5.351858133476067,unknown,0,IL,,0,-41.666666666666664,,0.0,187.0,35240.11,0.0,0.0,40413.36,1202,238194.56,1.626283367556468,,SIS,210.0,1703517029,,,NEOGA SOUTH,,,,,,,,,0,0.0,,2024-07-15,4.17,80990.37768817204,101013.0,-0.6408162377577172,0.0065300658450057865,-603.8938172043011,4.41,-0.2400000000000002,18.19049822562721,AMEREN ILLINOIS,221.0,41217.38,0.07429718875502007,0.4779116465863454,,,,,,,,,unavailable,unavailable,,unavailable,,unavailable,,unavailable,,unavailable,,unavailable,,unavailable,,unavailable,,unavailable,,unavailable,,unavailable,,unavailable,,unavailable,,unavailable,,unavailable,,unavailable,,unavailable,,unavailable,,unavailable,,unavailable,,unavailable,,unavailable,,unavailable,,unavailable
P::S1061,2026-03-01,2026-03-01,MISO,S1061,18.95687885010267,3.9318256327243257,unknown,0,MI,6.997946611909651,0,0.0,0.0,,174.0,34443.09,0.0,0.0,40573.36,1202,238194.56,1.5797399041752225,,SIS,50.0,26111,,,REDSTONE 138KV BUS 256543,71.94656488549617,84039.0,0.0,,0,0,0,,0,0.0,,2024-08-01,4.17,80990.37768817204,101013.0,-0.6408162377577172,0.0065300658450057865,-603.8938172043011,4.41,-0.2400000000000002,18.19049822562721,METC,167.0,33466.87,0.024691358024691357,0.45987654320987653,,,,,,,,,unavailable,unavailable,,unavailable,,unavailable,,unavailable,,unavailable,,unavailable,,unavailable,,unavailable,,unavailable,,unavailable,,unavailable,,unavailable,,unavailable,,unavailable,,unavailable,,unavailable,,unavailable,,unavailable,,unavailable,,unavailable,,unavailable,,unavailable,,unavailable,,unavailable
P::S1065,2026-03-01,2026-03-01,MISO,S1065,16.75564681724846,4.350277936359301,unknown,0,MI,31.014373716632445,0,-10.05291005291005,0.0,0.0,174.0,34416.59,0.0,0.0,40546.86,1202,238194.56,1.3963039014373717,,SIS,76.5,26161,,,MAJESTIC 345KV TO MILAN 345KV,89.28117048346056,365536.0,0.0,,0,0,0,,0,0.0,,2024-10-07,4.17,80990.37768817204,101013.0,-0.6408162377577172,0.0065300658450057865,-603.8938172043011,3.84,0.33000000000000007,18.19049822562721,ITC,83.0,19624.149999999998,0.0,0.27586206896551724,,,,,,,,,unavailable,unavailable,,unavailable,,unavailable,,unavailable,,unavailable,,unavailable,,unavailable,,unavailable,,unavailable,,unavailable,,unavailable,,unavailable,,unavailable,,unavailable,,unavailable,,unavailable,,unavailable,,unavailable,,unavailable,,unavailable,,unavailable,,unavailable,,unavailable,,unavailable
P::S1066,2026-03-01,2026-03-01,MISO,S1066,16.75564681724846,4.330733340286331,unknown,0,MI,,0,-50.0,,0.0,174.0,34418.09,100.0,30455.13,40548.36,1202,238194.56,1.3963039014373717,,SIS,75.0,26091,,,,69.94274809160305,97520.0,0.0,,0,0,0,1,0,0.0,,2024-10-07,4.17,80990.37768817204,101013.0,-0.6408162377577172,0.0065300658450057865,-603.8938172043011,3.84,0.33000000000000007,18.19049822562721,METC,167.0,33466.87,0.024691358024691357,0.45987654320987653,,,,,,,,,unavailable,unavailable,,unavailable,,unavailable,,unavailable,,unavailable,,unavailable,,unavailable,,unavailable,,unavailable,,unavailable,,unavailable,,unavailable,,unavailable,,unavailable,,unavailable,,unavailable,,unavailable,,unavailable,,unavailable,,unavailable,,unavailable,,unavailable,,unavailable,,unavailable
P::S1068,2026-03-01,2026-03-01,MISO,S1068,,5.017279836814924,unknown,0,MI,,0,0.0,,,174.0,34343.09,0.0,0.0,40473.36,1202,238194.56,,,SIS,150.0,26059,,,CRONK ROAD,49.968193384223916,45587.0,1.0,,0,0,0,1,0,0.0,,,4.17,80990.37768817204,101013.0,-0.6408162377577172,0.0065300658450057865,-603.8938172043011,,,18.19049822562721,ITC,83.0,19624.149999999998,0.0,0.27586206896551724,,,,,,,,,unavailable,unavailable,,unavailable,,unavailable,,unavailable,,unavailable,,unavailable,,unavailable,,unavailable,,unavailable,,unavailable,,unavailable,,unavailable,,unavailable,,unavailable,,unavailable,,unavailable,,unavailable,,unavailable,,unavailable,,unavailable,,unavailable,,unavailable,,unavailable,,unavailable
P::S1073,2026-03-01,2026-03-01,MISO,S1073,12.320328542094456,4.330733340286331,unknown,0,KY,,0,-50.0,,0.0,7.0,1142.0,0.0,0.0,40548.36,1202,238194.56,1.0266940451745379,,SIS,75.0,21233,,,HOPKINS TO REID EVH 161KV,29.230279898218832,12726.0,1.0,,0,0,0,1,0,0.0,,2025-02-19,4.17,80990.37768817204,101013.0,-0.6408162377577172,0.0065300658450057865,-603.8938172043011,4.61,-0.4400000000000004,18.19049822562721,BIG RIVERS ELECTRIC CORPORATION,14.0,1812.0,0.017543859649122806,0.7368421052631579,,,,,,,,,unavailable,unavailable,,unavailable,,unavailable,,unavailable,,unavailable,,unavailable,,unavailable,,unavailable,,unavailable,,unavailable,,unavailable,,unavailable,,unavailable,,unavailable,,unavailable,,unavailable,,unavailable,,unavailable,,unavailable,,unavailable,,unavailable,,unavailable,,unavailable,,unavailable
P::S1074,2026-03-01,2026-03-01,MISO,S1074,12.02464065708419,5.303304908059076,unknown,0,AR,,0,0.0,,,74.0,18297.1,0.0,0.0,40423.36,1202,238194.56,1.002053388090349,,SIS,200.0,05107,,,RITCHIE PLANT 230KV SUBSTATION,61.67302798982188,14961.0,1.0,,0,0,0,1,0,0.0,,2025-02-28,4.17,80990.37768817204,101013.0,-0.6408162377577172,0.0065300658450057865,-603.8938172043011,4.61,-0.4400000000000004,18.19049822562721,ENTERGY ARKANSAS,118.0,29185.92,0.011661807580174927,0.641399416909621,,,,,,,,,unavailable,unavailable,,unavailable,,unavailable,,unavailable,,unavailable,,unavailable,,unavailable,,unavailable,,unavailable,,unavailable,,unavailable,,unavailable,,unavailable,,unavailable,,unavailable,,unavailable,,unavailable,,unavailable,,unavailable,,unavailable,,unavailable,,unavailable,,unavailable,,unavailable
P::S1076,2026-03-01,2026-03-01,MISO,S1076,13.73305954825462,4.394449154672439,unknown,0,LA,,0,-20.0,,0.0,59.0,13239.51,0.0,0.0,40543.36,1202,238194.56,1.1444216290212184,,SIS,80.0,22105,,,AMITE 115KV,93.32061068702289,138064.0,0.0,,0,0,0,1,0,0.0,,2025-01-07,4.17,80990.37768817204,101013.0,-0.6408162377577172,0.0065300658450057865,-603.8938172043011,4.39,-0.21999999999999975,18.19049822562721,ENTERGY LOUISIANA,85.0,23972.93,0.016,0.644,,,,,,,,,unavailable,unavailable,,unavailable,,unavailable,,unavailable,,unavailable,,unavailable,,unavailable,,unavailable,,unavailable,,unavailable,,unavailable,,unavailable,,unavailable,,unavailable,,unavailable,,unavailable,,unavailable,,unavailable,,unavailable,,unavailable,,unavailable,,unavailable,,unavailable,,unavailable
P::S1077,2026-03-01,2026-03-01,MISO,S1077,13.535934291581109,5.017279836814924,battery,0,IL,,0,0.0,,,187.0,35300.11,0.0,0.0,44180.42,1202,238194.56,1.1279945242984257,,SIS,150.0,17163,,,FAYETTEVILLE BEE HOLLOW ROAD,94.91094147582697,251018.0,0.0,,0,0,0,1,0,0.0,,2025-01-13,4.17,80990.37768817204,101013.0,-0.6408162377577172,0.0065300658450057865,-603.8938172043011,4.39,-0.21999999999999975,18.19049822562721,AMEREN ILLINOIS,221.0,41217.38,0.07429718875502007,0.4779116465863454,,,,,,,,,unavailable,unavailable,,unavailable,,unavailable,,unavailable,,unavailable,,unavailable,,unavailable,,unavailable,,unavailable,,unavailable,,unavailable,,unavailable,,unavailable,,unavailable,,unavailable,,unavailable,,unavailable,,unavailable,,unavailable,,unavailable,,unavailable,,unavailable,,unavailable,,unavailable
P::S1078,2026-03-01,2026-03-01,MISO,S1078,12.353182751540041,4.290459441148391,battery,0,MN,23.95071868583162,0,0.0,8.0,,98.0,18329.9,1.0,230.0,44258.42,1202,238194.56,1.0294318959616702,,SIS,72.0,27133,,,MAGNOLIA,9.414758269720101,9551.0,1.0,,0,0,0,,1,230.0,,2025-02-18,4.17,80990.37768817204,101013.0,-0.6408162377577172,0.0065300658450057865,-603.8938172043011,4.61,-0.4400000000000004,18.19049822562721,ITC MIDWEST,87.0,14086.3,0.18114143920595532,0.6029776674937966,,,,,,,,,unavailable,unavailable,,unavailable,,unavailable,,unavailable,,unavailable,,unavailable,,unavailable,,unavailable,,unavailable,,unavailable,,unavailable,,unavailable,,unavailable,,unavailable,,unavailable,,unavailable,,unavailable,,unavailable,,unavailable,,unavailable,,unavailable,,unavailable,,unavailable,,unavailable
P::S1079,2026-03-01,2026-03-01,MISO,S1079,11.203285420944558,5.303304908059076,battery,0,ND,23.95071868583162,0,0.0,-5.0,,14.0,2425.0,4.0,856.0,44130.42,1202,238194.56,0.9336071184120466,,SIS,200.0,38017,,,BISON,82.3791348600509,196362.0,0.0,,0,0,0,,4,856.0,,2025-03-25,4.17,80990.37768817204,101013.0,-0.6408162377577172,0.0065300658450057865,-603.8938172043011,4.54,-0.3700000000000001,18.19049822562721,NORTHERN STATES POWER,72.0,15117.65,0.006134969325153374,0.5460122699386503,,,,,,,,,unavailable,unavailable,,unavailable,,unavailable,,unavailable,,unavailable,,unavailable,,unavailable,,unavailable,,unavailable,,unavailable,,unavailable,,unavailable,,unavailable,,unavailable,,unavailable,,unavailable,,unavailable,,unavailable,,unavailable,,unavailable,,unavailable,,unavailable,,unavailable,,unavailable
P::S1080,2026-03-01,2026-03-01,MISO,S1080,13.503080082135524,5.017279836814924,battery,0,MN,,0,0.0,,,98.0,18251.9,0.0,0.0,44180.42,1202,238194.56,1.1252566735112937,,SIS,150.0,27091,,,RUTLAND,45.48346055979644,19657.0,1.0,,0,0,0,,0,0.0,,2025-01-14,4.17,80990.37768817204,101013.0,-0.6408162377577172,0.0065300658450057865,-603.8938172043011,4.39,-0.21999999999999975,18.19049822562721,SOUTHERN MINNESOTA MUNICIPAL POWER AGENCY,10.0,1585.0,0.058823529411764705,0.35294117647058826,,,,,,,,,unavailable,unavailable,,unavailable,,unavailable,,unavailable,,unavailable,,unavailable,,unavailable,,unavailable,,unavailable,,unavailable,,unavailable,,unavailable,,unavailable,,unavailable,,unavailable,,unavailable,,unavailable,,unavailable,,unavailable,,unavailable,,unavailable,,unavailable,,unavailable,,unavailable
P::S1081,2026-03-01,2026-03-01,MISO,S1081,13.535934291581109,4.61512051684126,battery,0,MI,38.37371663244353,0,0.0,13.0,,174.0,34393.09,2.0,175.0,44230.42,1202,238194.56,1.1279945242984257,,SIS,100.0,26121,,,DU PONT WHITE LAKE 138 0KV,70.10178117048346,176564.0,0.0,,0,0,0,1,2,175.0,,2025-01-13,4.17,80990.37768817204,101013.0,-0.6408162377577172,0.0065300658450057865,-603.8938172043011,4.39,-0.21999999999999975,18.19049822562721,METC,167.0,33466.87,0.024691358024691357,0.45987654320987653,,,,,,,,,unavailable,unavailable,,unavailable,,unavailable,,unavailable,,unavailable,,unavailable,,unavailable,,unavailable,,unavailable,,unavailable,,unavailable,,unavailable,,unavailable,,unavailable,,unavailable,,unavailable,,unavailable,,unavailable,,unavailable,,unavailable,,unavailable,,unavailable,,unavailable,,unavailable
P::S1082,2026-03-01,2026-03-01,MISO,S1082,13.535934291581109,3.9318256327243257,battery,0,MI,38.37371663244353,0,0.0,13.0,,174.0,34443.09,2.0,225.0,44280.42,1202,238194.56,1.1279945242984257,,SIS,50.0,26121,,,DU PONT WHITE LAKE 138 0KV,70.10178117048346,176564.0,0.0,,0,0,0,1,2,225.0,,2025-01-13,4.17,80990.37768817204,101013.0,-0.6408162377577172,0.0065300658450057865,-603.8938172043011,4.39,-0.21999999999999975,18.19049822562721,METC,167.0,33466.87,0.024691358024691357,0.45987654320987653,,,,,,,,,unavailable,unavailable,,unavailable,,unavailable,,unavailable,,unavailable,,unavailable,,unavailable,,unavailable,,unavailable,,unavailable,,unavailable,,unavailable,,unavailable,,unavailable,,unavailable,,unavailable,,unavailable,,unavailable,,unavailable,,unavailable,,unavailable,,unavailable,,unavailable,,unavailable
P::S1084,2026-03-01,2026-03-01,MISO,S1084,13.535934291581109,5.017279836814924,battery,0,IN,,0,0.0,,,89.0,18541.7,0.0,0.0,44180.42,1202,238194.56,1.1279945242984257,,SIS,150.0,18055,,,WORTHINGTON,42.49363867684479,31196.0,1.0,,0,0,0,1,0,0.0,,2025-01-13,4.17,80990.37768817204,101013.0,-0.6408162377577172,0.0065300658450057865,-603.8938172043011,4.39,-0.21999999999999975,18.19049822562721,HOOSIER ENERGY,21.0,4291.16,0.025,0.45,,,,,,,,,unavailable,unavailable,,unavailable,,unavailable,,unavailable,,unavailable,,unavailable,,unavailable,,unavailable,,unavailable,,unavailable,,unavailable,,unavailable,,unavailable,,unavailable,,unavailable,,unavailable,,unavailable,,unavailable,,unavailable,,unavailable,,unavailable,,unavailable,,unavailable,,unavailable
P::S1085,2026-03-01,2026-03-01,MISO,S1085,13.503080082135524,5.303304908059076,battery,0,MN,28.024640657084188,0,0.0,0.0,,98.0,18201.9,0.0,0.0,44130.42,1202,238194.56,1.1252566735112937,,SIS,200.0,27105,,,NOBLES COUNTY,50.15903307888041,21727.0,1.0,,0,0,0,,0,0.0,,2025-01-14,4.17,80990.37768817204,101013.0,-0.6408162377577172,0.0065300658450057865,-603.8938172043011,4.39,-0.21999999999999975,18.19049822562721,NORTHERN STATES POWER,72.0,15117.65,0.006134969325153374,0.5460122699386503,,,,,,,,,unavailable,unavailable,,unavailable,,unavailable,,unavailable,,unavailable,,unavailable,,unavailable,,unavailable,,unavailable,,unavailable,,unavailable,,unavailable,,unavailable,,unavailable,,unavailable,,unavailable,,unavailable,,unavailable,,unavailable,,unavailable,,unavailable,,unavailable,,unavailable,,unavailable
P::S1088,2026-03-01,2026-03-01,MISO,S1088,11.46611909650924,4.61512051684126,battery,0,MN,,0,0.0,,,98.0,18301.9,0.0,0.0,44230.42,1202,238194.56,0.9555099247091033,,SIS,100.0,27009,,,GRE BENTON 7 115KV,51.335877862595424,41600.0,1.0,,0,0,0,1,0,0.0,,2025-03-17,4.17,80990.37768817204,101013.0,-0.6408162377577172,0.0065300658450057865,-603.8938172043011,4.54,-0.3700000000000001,18.19049822562721,GREAT RIVER ENERGY,25.0,5005.92,0.11940298507462686,0.6940298507462687,,,,,,,,,unavailable,unavailable,,unavailable,,unavailable,,unavailable,,unavailable,,unavailable,,unavailable,,unavailable,,unavailable,,unavailable,,unavailable,,unavailable,,unavailable,,unavailable,,unavailable,,unavailable,,unavailable,,unavailable,,unavailable,,unavailable,,unavailable,,unavailable,,unavailable,,unavailable
P::S1090,2026-03-01,2026-03-01,MISO,S1090,12.944558521560575,4.897839799950911,natural_gas,0,WI,,0,0.5291005291005204,,0.0,67.0,14059.460000000001,0.0,0.0,26750.0,1202,238194.56,1.0787132101300478,,SIS,133.0,55059,,,EAST PARIS,84.95547073791349,167488.0,0.0,,0,0,0,1,0,0.0,,2025-01-31,4.17,80990.37768817204,101013.0,-0.6408162377577172,0.0065300658450057865,-603.8938172043011,4.39,-0.21999999999999975,18.19049822562721,METC,167.0,33466.87,0.024691358024691357,0.45987654320987653,,,,,,,,,unavailable,unavailable,,unavailable,,unavailable,,unavailable,,unavailable,,unavailable,,unavailable,,unavailable,,unavailable,,unavailable,,unavailable,,unavailable,,unavailable,,unavailable,,unavailable,,unavailable,,unavailable,,unavailable,,unavailable,,unavailable,,unavailable,,unavailable,,unavailable,,unavailable
P::S1094,2026-03-01,2026-03-01,MISO,S1094,10.743326488706366,5.198497031265826,battery,0,AR,24.082135523613964,0,0.0,17.0,,74.0,18317.1,0.0,0.0,44150.42,1202,238194.56,0.8952772073921971,,SIS,180.0,05035,,,BOB WHITE,82.95165394402035,47139.0,1.0,,0,0,0,1,0,0.0,,2025-04-08,4.17,80990.37768817204,101013.0,-0.6408162377577172,0.0065300658450057865,-603.8938172043011,4.31,-0.13999999999999968,18.19049822562721,ENTERGY LOUISIANA,85.0,23972.93,0.016,0.644,,,,,,,,,unavailable,unavailable,,unavailable,,unavailable,,unavailable,,unavailable,,unavailable,,unavailable,,unavailable,,unavailable,,unavailable,,unavailable,,unavailable,,unavailable,,unavailable,,unavailable,,unavailable,,unavailable,,unavailable,,unavailable,,unavailable,,unavailable,,unavailable,,unavailable,,unavailable
P::S1096,2026-03-01,2026-03-01,MISO,S1096,9.363449691991786,3.937690752176724,battery,0,WI,,0,0.0,,,67.0,14142.160000000002,0.0,0.0,44280.119999999995,1202,238194.56,0.7802874743326489,,SIS,50.3,55141,,,SARATOGA BADGER WEST 138 0KV,75.89058524173028,73939.0,0.0,,0,0,0,,0,0.0,,2025-05-20,4.17,80990.37768817204,101013.0,-0.6408162377577172,0.0065300658450057865,-603.8938172043011,4.35,-0.17999999999999972,18.19049822562721,AMERICAN TRANSMISSION,110.0,22126.63,0.09090909090909091,0.6181818181818182,,,,,,,,,unavailable,unavailable,,unavailable,,unavailable,,unavailable,,unavailable,,unavailable,,unavailable,,unavailable,,unavailable,,unavailable,,unavailable,,unavailable,,unavailable,,unavailable,,unavailable,,unavailable,,unavailable,,unavailable,,unavailable,,unavailable,,unavailable,,unavailable,,unavailable,,unavailable
P::S1097,2026-03-01,2026-03-01,MISO,S1097,9.264887063655031,5.241747015059643,solar,0,IL,,0,0.0,,,187.0,35262.11,0.0,0.0,62461.18,1202,238194.56,0.7720739219712526,,SIS,188.0,17183,,,TILTON SWITCHYARD,78.81679389312977,71652.0,0.0,,0,0,0,1,0,0.0,,2025-05-23,4.17,80990.37768817204,101013.0,-0.6408162377577172,0.0065300658450057865,-603.8938172043011,4.35,-0.17999999999999972,18.19049822562721,AMEREN ILLINOIS,221.0,41217.38,0.07429718875502007,0.4779116465863454,,,,,,,,,unavailable,unavailable,,unavailable,,unavailable,,unavailable,,unavailable,,unavailable,,unavailable,,unavailable,,unavailable,,unavailable,,unavailable,,unavailable,,unavailable,,unavailable,,unavailable,,unavailable,,unavailable,,unavailable,,unavailable,,unavailable,,unavailable,,unavailable,,unavailable,,unavailable
P::S1100,2026-03-01,2026-03-01,MISO,S1100,8.410677618069816,5.303304908059076,battery,0,AR,25.691991786447637,0,0.0,6.0,,74.0,18297.1,0.0,0.0,44130.42,1202,238194.56,0.7008898015058179,,SIS,200.0,05093,,,BLYTHEVILLE I 55 AECC BLYTHEVILLE NORTH 161 0KV,89.2175572519084,38663.0,1.0,,0,0,0,1,0,0.0,,2025-06-18,4.17,80990.37768817204,101013.0,-0.6408162377577172,0.0065300658450057865,-603.8938172043011,4.45,-0.28000000000000025,18.19049822562721,ENTERGY ARKANSAS,118.0,29185.92,0.011661807580174927,0.641399416909621,,,,,,,,,unavailable,unavailable,,unavailable,,unavailable,,unavailable,,unavailable,,unavailable,,unavailable,,unavailable,,unavailable,,unavailable,,unavailable,,unavailable,,unavailable,,unavailable,,unavailable,,unavailable,,unavailable,,unavailable,,unavailable,,unavailable,,unavailable,,unavailable,,unavailable,,unavailable
P::S1101,2026-03-01,2026-03-01,MISO,S1101,8.476386036960985,5.303304908059076,battery,0,AR,22.6694045174538,0,0.0,3.0,,74.0,18297.1,1.0,175.0,44130.42,1202,238194.56,0.7063655030800822,,SIS,200.0,05123,,,BRINKLEY EAST AECC AUBREY 230 0KV,74.74554707379136,22101.0,1.0,,0,0,0,1,1,175.0,,2025-06-16,4.17,80990.37768817204,101013.0,-0.6408162377577172,0.0065300658450057865,-603.8938172043011,4.45,-0.28000000000000025,18.19049822562721,ENTERGY ARKANSAS,118.0,29185.92,0.011661807580174927,0.641399416909621,,,,,,,,,unavailable,unavailable,,unavailable,,unavailable,,unavailable,,unavailable,,unavailable,,unavailable,,unavailable,,unavailable,,unavailable,,unavailable,,unavailable,,unavailable,,unavailable,,unavailable,,unavailable,,unavailable,,unavailable,,unavailable,,unavailable,,unavailable,,unavailable,,unavailable,,unavailable
P::S1103,2026-03-01,2026-03-01,MISO,S1103,8.4435318275154,4.61512051684126,battery,0,IL,,0,0.0,,,187.0,35350.11,0.0,0.0,44230.42,1202,238194.56,0.70362765229295,,,100.0,17145,,,ASTER 138KV STATION,72.07379134860051,20503.0,1.0,,0,0,0,1,0,0.0,,2025-06-17,4.17,80990.37768817204,101013.0,-0.6408162377577172,0.0065300658450057865,-603.8938172043011,4.45,-0.28000000000000025,18.19049822562721,AMEREN ILLINOIS,221.0,41217.38,0.07429718875502007,0.4779116465863454,,,,,,,,,unavailable,unavailable,,unavailable,,unavailable,,unavailable,,unavailable,,unavailable,,unavailable,,unavailable,,unavailable,,unavailable,,unavailable,,unavailable,,unavailable,,unavailable,,unavailable,,unavailable,,unavailable,,unavailable,,unavailable,,unavailable,,unavailable,,unavailable,,unavailable,,unavailable
P::S1104,2026-03-01,2026-03-01,MISO,S1104,7.096509240246407,4.61512051684126,battery,0,IL,,0,0.0,,,187.0,35350.11,0.0,0.0,44230.42,1202,238194.56,0.5913757700205339,,SIS,100.0,17051,,,RAMSEY,48.75954198473282,21164.0,1.0,,0,0,0,1,0,0.0,,2025-07-28,4.17,80990.37768817204,101013.0,-0.6408162377577172,0.0065300658450057865,-603.8938172043011,4.49,-0.3200000000000003,18.19049822562721,AMEREN ILLINOIS,221.0,41217.38,0.07429718875502007,0.4779116465863454,,,,,,,,,unavailable,unavailable,,unavailable,,unavailable,,unavailable,,unavailable,,unavailable,,unavailable,,unavailable,,unavailable,,unavailable,,unavailable,,unavailable,,unavailable,,unavailable,,unavailable,,unavailable,,unavailable,,unavailable,,unavailable,,unavailable,,unavailable,,unavailable,,unavailable,,unavailable
P::S1107,2026-03-01,2026-03-01,MISO,S1107,7.753593429158111,5.303304908059076,battery,0,IA,24.016427104722794,0,0.0,21.0,,71.0,14429.54,3.0,650.0,44130.42,1202,238194.56,0.6461327857631759,,SIS,200.0,19045,,,CALAMUS EAST,64.82188295165395,46158.0,1.0,,0,0,0,,3,650.0,,2025-07-08,4.17,80990.37768817204,101013.0,-0.6408162377577172,0.0065300658450057865,-603.8938172043011,4.49,-0.3200000000000003,18.19049822562721,ITC MIDWEST,87.0,14086.3,0.18114143920595532,0.6029776674937966,,,,,,,,,unavailable,unavailable,,unavailable,,unavailable,,unavailable,,unavailable,,unavailable,,unavailable,,unavailable,,unavailable,,unavailable,,unavailable,,unavailable,,unavailable,,unavailable,,unavailable,,unavailable,,unavailable,,unavailable,,unavailable,,unavailable,,unavailable,,unavailable,,unavailable,,unavailable
P::S1108,2026-03-01,2026-03-01,MISO,S1108,7.425051334702259,4.61512051684126,battery,0,IN,,0,0.0,,,89.0,18591.7,0.0,0.0,44230.42,1202,238194.56,0.6187542778918549,,SIS,100.0,18087,,,LAGRANGE,62.40458015267175,40907.0,1.0,,0,0,0,,0,0.0,,2025-07-18,4.17,80990.37768817204,101013.0,-0.6408162377577172,0.0065300658450057865,-603.8938172043011,4.49,-0.3200000000000003,18.19049822562721,NORTHERN INDIANA PUBLIC SERVICE,53.0,9697.23,0.09701492537313433,0.5074626865671642,,,,,,,,,unavailable,unavailable,,unavailable,,unavailable,,unavailable,,unavailable,,unavailable,,unavailable,,unavailable,,unavailable,,unavailable,,unavailable,,unavailable,,unavailable,,unavailable,,unavailable,,unavailable,,unavailable,,unavailable,,unavailable,,unavailable,,unavailable,,unavailable,,unavailable,,unavailable
P::S1109,2026-03-01,2026-03-01,MISO,S1109,7.655030800821355,4.330733340286331,battery,0,IA,,0,0.0,,,71.0,14554.54,4.0,981.0,44255.42,1202,238194.56,0.6379192334017796,,SIS,75.0,19109,,,BISON,32.25190839694657,14396.0,1.0,,0,0,0,,4,981.0,,2025-07-11,4.17,80990.37768817204,101013.0,-0.6408162377577172,0.0065300658450057865,-603.8938172043011,4.49,-0.3200000000000003,18.19049822562721,ITC MIDWEST,87.0,14086.3,0.18114143920595532,0.6029776674937966,,,,,,,,,unavailable,unavailable,,unavailable,,unavailable,,unavailable,,unavailable,,unavailable,,unavailable,,unavailable,,unavailable,,unavailable,,unavailable,,unavailable,,unavailable,,unavailable,,unavailable,,unavailable,,unavailable,,unavailable,,unavailable,,unavailable,,unavailable,,unavailable,,unavailable,,unavailable
P::S1110,2026-03-01,2026-03-01,MISO,S1110,6.275154004106776,4.61512051684126,battery,0,MN,11.039014373716633,0,0.0,-9.0,,98.0,18301.9,0.0,0.0,44230.42,1202,238194.56,0.5229295003422314,,SIS,100.0,27025,,,CHISAGO COUNTY,44.529262086513995,58535.0,0.0,,0,0,0,,0,0.0,,2025-08-22,4.17,80990.37768817204,101013.0,-0.6408162377577172,0.0065300658450057865,-603.8938172043011,4.46,-0.29000000000000004,18.19049822562721,NORTHERN STATES POWER,72.0,15117.65,0.006134969325153374,0.5460122699386503,,,,,,,,,unavailable,unavailable,,unavailable,,unavailable,,unavailable,,unavailable,,unavailable,,unavailable,,unavailable,,unavailable,,unavailable,,unavailable,,unavailable,,unavailable,,unavailable,,unavailable,,unavailable,,unavailable,,unavailable,,unavailable,,unavailable,,unavailable,,unavailable,,unavailable,,unavailable
P::S1111,2026-03-01,2026-03-01,MISO,S1111,6.997946611909651,5.575949103146316,other,0,IA,,0,0.0,,,71.0,14366.54,0.0,0.0,19700.7,1202,238194.56,0.5831622176591376,,SIS,263.0,19001,,,ORIENT,49.4910941475827,7389.0,1.0,,0,0,0,,0,0.0,,2025-07-31,4.17,80990.37768817204,101013.0,-0.6408162377577172,0.0065300658450057865,-603.8938172043011,4.49,-0.3200000000000003,18.19049822562721,MIDAMERICAN ENERGY,45.0,8895.24,0.18652849740932642,0.5803108808290155,,,,,,,,,unavailable,unavailable,,unavailable,,unavailable,,unavailable,,unavailable,,unavailable,,unavailable,,unavailable,,unavailable,,unavailable,,unavailable,,unavailable,,unavailable,,unavailable,,unavailable,,unavailable,,unavailable,,unavailable,,unavailable,,unavailable,,unavailable,,unavailable,,unavailable,,unavailable
P::S1112,2026-03-01,2026-03-01,MISO,S1112,6.636550308008213,4.875197323201151,battery,0,IN,13.010266940451745,0,0.0,-5.0,,89.0,18561.7,0.0,0.0,44200.42,1202,238194.56,0.5530458590006845,,SIS,130.0,18125,,,CATO 138 69KV FACILITIES ABOVE 100KV,19.24300254452926,12106.0,1.0,,0,0,0,1,0,0.0,,2025-08-11,4.17,80990.37768817204,101013.0,-0.6408162377577172,0.0065300658450057865,-603.8938172043011,4.46,-0.29000000000000004,18.19049822562721,SOUTHERN INDIANA GAS ELECTRIC D B A CENTERPOINT ENERGY INDIANA SOUTH,13.0,2430.0,0.0,0.5666666666666667,,,,,,,,,unavailable,unavailable,,unavailable,,unavailable,,unavailable,,unavailable,,unavailable,,unavailable,,unavailable,,unavailable,,unavailable,,unavailable,,unavailable,,unavailable,,unavailable,,unavailable,,unavailable,,unavailable,,unavailable,,unavailable,,unavailable,,unavailable,,unavailable,,unavailable,,unavailable
P::S1113,2026-03-01,2026-03-01,MISO,S1113,6.143737166324435,5.303304908059076,battery,0,IA,,0,0.0,,,71.0,14429.54,1.0,200.0,44130.42,1202,238194.56,0.5119780971937029,,SIS,200.0,19069,,,QUINN,21.946564885496183,9875.0,1.0,,0,0,0,,1,200.0,,2025-08-26,4.17,80990.37768817204,101013.0,-0.6408162377577172,0.0065300658450057865,-603.8938172043011,4.46,-0.29000000000000004,18.19049822562721,ITC MIDWEST,87.0,14086.3,0.18114143920595532,0.6029776674937966,,,,,,,,,unavailable,unavailable,,unavailable,,unavailable,,unavailable,,unavailable,,unavailable,,unavailable,,unavailable,,unavailable,,unavailable,,unavailable,,unavailable,,unavailable,,unavailable,,unavailable,,unavailable,,unavailable,,unavailable,,unavailable,,unavailable,,unavailable,,unavailable,,unavailable,,unavailable
P::S1114,2026-03-01,2026-03-01,MISO,S1114,6.373716632443532,5.134621273877247,solar,0,IL,,0,0.0,,,187.0,35281.31,0.0,0.0,62480.38,1202,238194.56,0.5311430527036276,,SIS,168.8,17171,,,ALSEY GENERATION STATION,2.767175572519084,4710.0,1.0,,0,0,0,1,0,0.0,,2025-08-19,4.17,80990.37768817204,101013.0,-0.6408162377577172,0.0065300658450057865,-603.8938172043011,4.46,-0.29000000000000004,18.19049822562721,AMEREN ILLINOIS,221.0,41217.38,0.07429718875502007,0.4779116465863454,,,,,,,,,unavailable,unavailable,,unavailable,,unavailable,,unavailable,,unavailable,,unavailable,,unavailable,,unavailable,,unavailable,,unavailable,,unavailable,,unavailable,,unavailable,,unavailable,,unavailable,,unavailable,,unavailable,,unavailable,,unavailable,,unavailable,,unavailable,,unavailable,,unavailable,,unavailable
P::S1116,2026-03-01,2026-03-01,MISO,S1116,5.979466119096509,4.61512051684126,battery,0,MS,15.014373716632443,0,0.0,0.0,,32.0,4881.6,0.0,0.0,44230.42,1202,238194.56,0.49828884325804246,,SIS,100.0,28135,,,WEBB,40.0763358778626,11837.0,1.0,,0,0,0,1,0,0.0,,2025-08-31,4.17,80990.37768817204,101013.0,-0.6408162377577172,0.0065300658450057865,-603.8938172043011,4.46,-0.29000000000000004,18.19049822562721,ENTERGY MISSISSIPPI,51.0,10735.3,0.006172839506172839,0.6790123456790124,,,,,,,,,unavailable,unavailable,,unavailable,,unavailable,,unavailable,,unavailable,,unavailable,,unavailable,,unavailable,,unavailable,,unavailable,,unavailable,,unavailable,,unavailable,,unavailable,,unavailable,,unavailable,,unavailable,,unavailable,,unavailable,,unavailable,,unavailable,,unavailable,,unavailable,,unavailable
P::S1117,2026-03-01,2026-03-01,MISO,S1117,5.979466119096509,5.303304908059076,battery,0,MO,18.496919917864478,0,0.0,-9.0,,28.0,7618.43,0.0,0.0,44130.42,1202,238194.56,0.49828884325804246,,SIS,200.0,29143,,,MARSTON 161KV,71.9147582697201,15424.0,1.0,,0,0,0,,0,0.0,,2025-08-31,4.17,80990.37768817204,101013.0,-0.6408162377577172,0.0065300658450057865,-603.8938172043011,4.46,-0.29000000000000004,18.19049822562721,ENTERGY ARKANSAS,118.0,29185.92,0.011661807580174927,0.641399416909621,,,,,,,,,unavailable,unavailable,,unavailable,,unavailable,,unavailable,,unavailable,,unavailable,,unavailable,,unavailable,,unavailable,,unavailable,,unavailable,,unavailable,,unavailable,,unavailable,,unavailable,,unavailable,,unavailable,,unavailable,,unavailable,,unavailable,,unavailable,,unavailable,,unavailable,,unavailable
P::S1120,2026-03-01,2026-03-01,MISO,S1120,5.716632443531828,5.017279836814924,battery,0,IN,,0,0.0,,,89.0,18541.7,0.0,0.0,44180.42,1202,238194.56,0.47638603696098564,,SIS,150.0,18083,,,EDWARDSPORT WASHINGTON MUN,55.3117048346056,36070.0,1.0,,0,0,0,1,0,0.0,,2025-09-08,4.17,80990.37768817204,101013.0,-0.6408162377577172,0.0065300658450057865,-603.8938172043011,4.23,-0.0600000000000005,18.19049822562721,DUKE ENERGY INDIANA,58.0,11347.82,0.004608294930875576,0.728110599078341,,,,,,,,,unavailable,unavailable,,unavailable,,unavailable,,unavailable,,unavailable,,unavailable,,unavailable,,unavailable,,unavailable,,unavailable,,unavailable,,unavailable,,unavailable,,unavailable,,unavailable,,unavailable,,unavailable,,unavailable,,unavailable,,unavailable,,unavailable,,unavailable,,unavailable,,unavailable
P::S1123,2026-03-01,2026-03-01,MISO,S1123,4.303901437371663,5.303304908059076,battery,0,LA,,0,0.0,,,59.0,13119.51,0.0,0.0,44130.42,1202,238194.56,0.3586584531143053,,SIS,200.0,22011,,,COLE PENTON ROAD 230 0KV,55.56615776081425,36827.0,1.0,,0,0,0,1,0,0.0,,2025-10-21,4.17,80990.37768817204,101013.0,-0.6408162377577172,0.0065300658450057865,-603.8938172043011,4.05,0.1200000000000001,18.19049822562721,CLECO POWER,33.0,7851.48,0.019417475728155338,0.6601941747572816,,,,,,,,,unavailable,unavailable,,unavailable,,unavailable,,unavailable,,unavailable,,unavailable,,unavailable,,unavailable,,unavailable,,unavailable,,unavailable,,unavailable,,unavailable,,unavailable,,unavailable,,unavailable,,unavailable,,unavailable,,unavailable,,unavailable,,unavailable,,unavailable,,unavailable,,unavailable
P::S1125,2026-03-01,2026-03-01,MISO,S1125,4.336755646817249,5.993961427306569,battery,0,AR,,0,0.0,,,74.0,18097.1,4.0,1567.5,43930.42,1202,238194.56,0.3613963039014374,,SIS,400.0,05123,,,WEST MEMPHIS EHV KEO EHV 500 0KV,74.74554707379136,22101.0,1.0,,0,0,0,1,4,1567.5,,2025-10-20,4.17,80990.37768817204,101013.0,-0.6408162377577172,0.0065300658450057865,-603.8938172043011,4.05,0.1200000000000001,18.19049822562721,ENTERGY ARKANSAS,118.0,29185.92,0.011661807580174927,0.641399416909621,,,,,,,,,unavailable,unavailable,,unavailable,,unavailable,,unavailable,,unavailable,,unavailable,,unavailable,,unavailable,,unavailable,,unavailable,,unavailable,,unavailable,,unavailable,,unavailable,,unavailable,,unavailable,,unavailable,,unavailable,,unavailable,,unavailable,,unavailable,,unavailable,,unavailable,,unavailable
P::S1126,2026-03-01,2026-03-01,MISO,S1126,4.238193018480493,3.9318256327243257,battery,0,IN,,0,0.0,,,89.0,18641.7,1.0,100.0,44280.42,1202,238194.56,0.3531827515400411,,SIS,50.0,18083,,,EDWARDSPORT STATION IGCC,55.3117048346056,36070.0,1.0,,0,0,0,1,1,100.0,,2025-10-23,4.17,80990.37768817204,101013.0,-0.6408162377577172,0.0065300658450057865,-603.8938172043011,4.05,0.1200000000000001,18.19049822562721,DUKE ENERGY INDIANA,58.0,11347.82,0.004608294930875576,0.728110599078341,,,,,,,,,unavailable,unavailable,,unavailable,,unavailable,,unavailable,,unavailable,,unavailable,,unavailable,,unavailable,,unavailable,,unavailable,,unavailable,,unavailable,,unavailable,,unavailable,,unavailable,,unavailable,,unavailable,,unavailable,,unavailable,,unavailable,,unavailable,,unavailable,,unavailable,,unavailable
P::S1127,2026-03-01,2026-03-01,MISO,S1127,3.646817248459959,5.14166355650266,battery,0,MS,51.02258726899384,0,0.0,36.0,,32.0,4811.6,0.0,0.0,44160.42,1202,238194.56,0.30390143737166325,,SIS,170.0,28151,,,GERALD ANDRUS SES SWYD TINNIN ROAD 230 0KV,82.98346055979644,41946.0,1.0,,0,0,0,1,0,0.0,,2025-11-10,4.17,80990.37768817204,101013.0,-0.6408162377577172,0.0065300658450057865,-603.8938172043011,3.99,0.17999999999999972,18.19049822562721,ENTERGY MISSISSIPPI,51.0,10735.3,0.006172839506172839,0.6790123456790124,,,,,,,,,unavailable,unavailable,,unavailable,,unavailable,,unavailable,,unavailable,,unavailable,,unavailable,,unavailable,,unavailable,,unavailable,,unavailable,,unavailable,,unavailable,,unavailable,,unavailable,,unavailable,,unavailable,,unavailable,,unavailable,,unavailable,,unavailable,,unavailable,,unavailable,,unavailable
