{"type":"FeatureCollection","crs":{"type":"name","properties":{"name":"EPSG:4326"}},"features":[{"type":"Feature","geometry":{"type":"LineString","coordinates":[[-88.2325088653162,41.707545019538],[-88.2320534877392,41.7068233186875],[-88.2327866531482,41.7067238451434],[-88.2329103960786,41.7062581788174],[-88.2352177009195,41.7055415531505],[-88.2335185860686,41.6590346570237],[-88.2323999418931,41.6571664749215],[-88.2304382081622,41.6533143435628],[-88.2194370017133,41.6371514898707],[-88.2119953848491,41.6264120610924],[-88.2077040312272,41.6199962648141],[-88.2076678875118,41.6158639137486],[-88.2138422105805,41.6019830947596],[-88.2116239278859,41.5967760608653],[-88.2109897846689,41.5803174898177],[-88.216564241537,41.5676509814959],[-88.2378456540113,41.5452159687715],[-88.2359612337852,41.5002371550214],[-88.2518585522817,41.4795675628598],[-88.2532159920159,41.4778151750328],[-88.2629943712759,41.4652469906917],[-88.2951394500442,41.4452477146694],[-88.2941592317624,41.4177517027343],[-88.297091005863,41.4104413046221],[-88.2967403682547,41.3939945564921],[-88.2822330426418,41.3926026979073],[-88.2792071825916,41.3916673977476],[-88.2756998569902,41.3918767905622],[-88.2748930449992,41.3910384901097]]},"properties":{"OBJECTID":44107,"ID":"132959","VOLTAGE":345,"STATUS":"IN SERVICE","OWNER":"COMMONWEALTH EDISON CO","SUB_1":"WOLFS CROSSING","SUB_2":"DRESDEN STATION","VOLT_CLASS":"345"}},{"type":"Feature","geometry":{"type":"LineString","coordinates":[[-88.4742323775983,41.6878254276186],[-88.4736758802629,41.6875818868332],[-88.4728809996956,41.6876169995738],[-88.4729018235422,41.689268884741],[-88.4780391988205,41.689839152768],[-88.4789748840205,41.6895272866521],[-88.4798646653094,41.6892306475107],[-88.4807838215081,41.6889242785966],[-88.4816895029775,41.6886223370772],[-88.482593657311,41.6883208630567],[-88.4825699417875,41.6876290908943],[-88.4825470347478,41.686960186696],[-88.482523948045,41.6862858429232],[-88.4833149631617,41.6862852056067]]},"properties":{"OBJECTID":44109,"ID":"163051","VOLTAGE":138,"STATUS":"IN SERVICE","OWNER":"NOT AVAILABLE","SUB_1":"TAP138226","SUB_2":"PLANO (138 KV)","VOLT_CLASS":"100-161"}},{"type":"Feature","geometry":{"type":"LineString","coordinates":[[-88.3576928093021,41.7118880606524],[-88.3581222453304,41.7119396727823],[-88.3584898718773,41.7114542629686],[-88.3584863028707,41.7110223910072],[-88.3589645740128,41.7085917706484],[-88.3591101594793,41.7084959775639],[-88.3606699294599,41.7072217069283],[-88.362140357494,41.7059997616306],[-88.3636526973259,41.7047985395077],[-88.3651544217662,41.7035933567154],[-88.3668709351875,41.7022917467239],[-88.3685675239758,41.7009409328484],[-88.3701667758115,41.6995404558995],[-88.3753655051255,41.7000241648558],[-88.3775155383164,41.6992435436698],[-88.3800135626787,41.6984350279681],[-88.3821198092877,41.697846859004],[-88.3844788993098,41.6972863649629],[-88.3868656322899,41.6967577615634],[-88.3888506997603,41.6963171106404],[-88.3912754754943,41.6957643290893],[-88.3937269779047,41.6952155096997],[-88.3963447701523,41.6946187435139],[-88.398978646735,41.694037934984],[-88.4015804777165,41.693453117966],[-88.4042202993498,41.6928561207755],[-88.4066610677908,41.6922472509693],[-88.4093207071576,41.6916507020872],[-88.4119171805868,41.6911338988574],[-88.4145248604992,41.6905408996663],[-88.4171855131656,41.6899440210155],[-88.4198091570389,41.6893550639958],[-88.4220838377637,41.6887982378618],[-88.4230303009504,41.6885797430565],[-88.4243740305968,41.6882695358571],[-88.4266590482356,41.6877607287599],[-88.4289122655133,41.6872520108868],[-88.4315778571171,41.6866511778861],[-88.4340776143296,41.6861424619733],[-88.4362935299634,41.6856415717184],[-88.4385627058121,41.6851407607519],[-88.441169914109,41.6845478149992],[-88.4437609042217,41.6839629660454],[-88.4464054788412,41.6833740549047],[-88.4490555619299,41.6827730555357],[-88.4516733829236,41.6821841516187],[-88.4543128326543,41.6815911135417],[-88.4569465690998,41.6809861800487],[-88.4595555282132,41.6804140079749],[-88.4620765063276,41.6802167321536],[-88.462185897773,41.6861714525542],[-88.4647366325813,41.6861435648688],[-88.4674464132122,41.6860512965944],[-88.4727099999914,41.6858397171201],[-88.4728284958622,41.6873358535944],[-88.4736970975716,41.6874241177497],[-88.4742323775983,41.6878254276186]]},"properties":{"OBJECTID":44110,"ID":"163049","VOLTAGE":138,"STATUS":"IN SERVICE","OWNER":"COMMONWEALTH EDISON CO","SUB_1":"MONTGOMERY","SUB_2":"PLANO (138 KV)","VOLT_CLASS":"100-161"}},{"type":"Feature","geometry":{"type":"LineString","coordinates":[[-89.8754967652488,41.2642177837495],[-89.8759671932001,41.2636682727179],[-89.8769379998327,41.263290999837],[-89.8769821726902,41.2564968708102],[-89.8800139005358,41.2565119487232],[-89.8801679625054,41.2560899387246],[-89.8827469358546,41.2490189586123],[-89.8842929355602,41.2447809605259],[-89.8878998519873,41.234281772033],[-89.8912949447721,41.2298349371451],[-89.8920189868911,41.2288539620609],[-89.8967229250449,41.2224869949525],[-89.8974399603047,41.2215169908382],[-89.9019480001495,41.2152209995531]]},"properties":{"OBJECTID":44120,"ID":"163060","VOLTAGE":138,"STATUS":"IN SERVICE","OWNER":"NOT AVAILABLE","SUB_1":"EAST KEWANEE","SUB_2":"TAP160156","VOLT_CLASS":"100-161"}},{"type":"Feature","geometry":{"type":"LineString","coordinates":[[-89.9019480001495,41.2152209995531],[-89.9067279995567,41.2152070000679],[-89.9182399997542,41.2148900001591],[-89.9245829994838,41.2146959995766],[-89.9266150003346,41.2147010001562],[-89.9354810002863,41.2148249995404],[-89.9453159994603,41.2148449997896],[-89.9453349997268,41.2183209998172],[-89.945361999491,41.2217999996061],[-89.945954000043,41.2222970000094],[-89.9518900000669,41.2223829999297],[-89.9540249990532,41.2223776391272],[-89.9540273777921,41.2226655536013],[-89.9545700105293,41.2228562907103]]},"properties":{"OBJECTID":44121,"ID":"163055","VOLTAGE":138,"STATUS":"IN SERVICE","OWNER":"NOT AVAILABLE","SUB_1":"UNKNOWN124272","SUB_2":"TAP160156","VOLT_CLASS":"100-161"}},{"type":"Feature","geometry":{"type":"LineString","coordinates":[[-89.7186053630735,41.7579694707676],[-89.7186315372859,41.7702314279699],[-89.7195166967427,41.7710916026077],[-89.7195309727692,41.772087408126],[-89.7186083742263,41.7734534550676],[-89.7187564588059,41.7752318644952],[-89.7187386128745,41.7762419467318],[-89.7142485698781,41.7832411307683],[-89.7126883992488,41.7848069480463]]},"properties":{"OBJECTID":44132,"ID":"163057","VOLTAGE":138,"STATUS":"IN SERVICE","OWNER":"COMMONWEALTH EDISON CO","SUB_1":"UNKNOWN122192","SUB_2":"TAP160157","VOLT_CLASS":"100-161"}},{"type":"Feature","geometry":{"type":"LineString","coordinates":[[-88.0468168319383,41.8954228607863],[-88.0466627430193,41.8947542497924],[-88.046252285698,41.8946828660111],[-88.0450506578514,41.8940047197874],[-88.0443606151693,41.8937132361587],[-88.0434266762943,41.8927971425903],[-88.041987101797,41.892624631991],[-88.0345642543323,41.8922580756798],[-88.03667454875,41.8850828445295],[-88.0346814197982,41.8813989727102],[-88.0338076662506,41.8798446996916],[-88.0337477602992,41.8778677749334],[-88.0343285525715,41.8758691621558],[-88.0355310688518,41.8746406911097],[-88.0408988188814,41.8719847330763],[-88.0410517031596,41.864058884537],[-88.0433512258953,41.8608671077097],[-88.0433456338826,41.8589659078633],[-88.0426483148467,41.857009867542],[-88.0409282342154,41.8415471188004],[-88.0455382139803,41.834159836704],[-88.0475709568395,41.8309179610091],[-88.0476073601681,41.8259030660007],[-88.0374305196892,41.8182653828157],[-88.0372328346311,41.8181492658181],[-88.0369412226253,41.8107772214958],[-88.0573688960165,41.8115624436641],[-88.0572499231402,41.8022587511497],[-88.0578251817903,41.798632015012],[-88.0580287463219,41.7974138726481],[-88.0581105181656,41.7969245387606],[-88.0579483192562,41.7948143538259],[-88.0578186312753,41.7932230360376],[-88.0577207840796,41.7911736369965],[-88.0576222981817,41.789288431911],[-88.0572792378629,41.7871995171217],[-88.0570319774793,41.7858728335885],[-88.0569681521783,41.7837856596197],[-88.0568940187095,41.7818409819619],[-88.0568079349525,41.7797880806413],[-88.0567119167267,41.7778815841644],[-88.0576662716132,41.7759162338076],[-88.0586098898354,41.7739809526369],[-88.0595371012273,41.7720451970241],[-88.0600810499964,41.7708595451304],[-88.0600289917274,41.7687352141255],[-88.0599498321845,41.7667089145366],[-88.0598820938222,41.7646984027862],[-88.0598005240995,41.7627614008285],[-88.0597285807233,41.760726812607],[-88.0596612016871,41.7588041328133],[-88.0595913936064,41.7570151377323],[-88.0595354483271,41.75654388579]]},"properties":{"OBJECTID":44133,"ID":"132988","VOLTAGE":345,"STATUS":"IN SERVICE","OWNER":"NOT AVAILABLE","SUB_1":"UNKNOWN122246","SUB_2":"LOMBARD","VOLT_CLASS":"345"}},{"type":"Feature","geometry":{"type":"LineString","coordinates":[[-89.7186053630735,41.7579694707676],[-89.7266550001461,41.7580449996643],[-89.7360359997587,41.7579859997365],[-89.7445300001647,41.757875999522],[-89.7466994845765,41.7577766847504],[-89.7530145745485,41.7577766847504],[-89.7638169999947,41.7577759998943],[-89.7737519996261,41.7576469995549],[-89.7834579998269,41.761695999565],[-89.7875899995039,41.7616919999014],[-89.7895699995779,41.7622349996978],[-89.7913730000998,41.7616339997256],[-89.7977179994792,41.7614010000852],[-89.8137139997062,41.7613889996983],[-89.8333269999494,41.7614919996514],[-89.8436230001541,41.7615689999052],[-89.8537860002895,41.7616239995513],[-89.8644339999484,41.7616479995649],[-89.8771279998035,41.761604999618],[-89.8867789997528,41.7615619996423],[-89.8905869995647,41.7610909995339],[-89.8965169997407,41.7615630000628],[-89.9087820001488,41.7614289998624],[-89.9157506719822,41.7613419107723],[-89.9205599995867,41.7613099997198],[-89.9272360003006,41.7612709999066],[-89.936509999783,41.7611669998422],[-89.9546440002677,41.7611770000877],[-89.9546519997653,41.7699549995588],[-89.9546800002527,41.7800579996468],[-89.954698999621,41.7914749996004],[-89.9546939995981,41.7938289994986],[-89.9619379996762,41.7937939997047],[-89.9649299995284,41.7936039996293],[-89.9660490003351,41.7937699996628],[-89.9688119998584,41.7937730000871],[-89.9731720000393,41.7938099997276],[-89.9816429999809,41.7935130000741],[-89.9831359999831,41.7934649997709],[-89.9932840000498,41.7935009996668],[-89.9982729996944,41.7934589995631],[-90.0069160000633,41.7934769995152],[-90.0226090003416,41.7935239998874],[-90.0365760000909,41.7934950001321],[-90.0485569999185,41.7935659999485],[-90.0552849996126,41.7935859997128],[-90.0569740003317,41.7936009998669],[-90.0659170002763,41.7936699997264],[-90.0761749999479,41.793644999718],[-90.0921290003421,41.7936580000182],[-90.0969470002825,41.7934309997018],[-90.1034890002037,41.7935109995599],[-90.1104119998914,41.793611999665],[-90.1104962699499,41.7929787480426],[-90.1106032772665,41.7928384696201]]},"properties":{"OBJECTID":44142,"ID":"163058","VOLTAGE":138,"STATUS":"IN SERVICE","OWNER":"COMMONWEALTH EDISON CO","SUB_1":"UNKNOWN157349","SUB_2":"TAP160157","VOLT_CLASS":"100-161"}},{"type":"Feature","geometry":{"type":"LineString","coordinates":[[-90.1106032772665,41.7928384696201],[-90.110738166493,41.7930064025127],[-90.1106909995507,41.7936279997334],[-90.119287000064,41.7936969995639],[-90.1307709997741,41.7937820000198],[-90.1419159995505,41.7938919996151],[-90.1448919995092,41.7939139997794],[-90.1460909997835,41.7940140000048],[-90.1538949997282,41.7941379999873],[-90.1650079997176,41.7944089998054],[-90.1768100003433,41.794628000099],[-90.1793179995986,41.7946570000114],[-90.1792669995449,41.7909360000168],[-90.1885610000171,41.7911109999001],[-90.190097999502,41.7934189999489],[-90.1901029276596,41.7940185957265]]},"properties":{"OBJECTID":44143,"ID":"163059","VOLTAGE":138,"STATUS":"IN SERVICE","OWNER":"COMMONWEALTH EDISON CO","SUB_1":"UNKNOWN122191","SUB_2":"UNKNOWN157349","VOLT_CLASS":"100-161"}},{"type":"Feature","geometry":{"type":"LineString","coordinates":[[-89.8754967652488,41.2642177837495],[-89.8751496202904,41.2637280537354],[-89.8749258706143,41.2630247846582],[-89.873677233929,41.2614093120794],[-89.8713508138371,41.2583144497614],[-89.8713720015014,41.2564055476244],[-89.8714130015093,41.2505225497483],[-89.8714304440972,41.2489430700239],[-89.867082999669,41.2489490689275],[-89.867082999669,41.2415051217102],[-89.8670649345486,41.2377977596687],[-89.8680640327228,41.2360605888263],[-89.8680739995308,41.2320688448886],[-89.8680809830338,41.2301885210059],[-89.867717003647,41.2282326350963],[-89.8677099994828,41.22036396453],[-89.8677279999244,41.2125077538781],[-89.8678050008156,41.2023056528545],[-89.8678290370377,41.1985110710062],[-89.8682692429679,41.1966301898572],[-89.8684180066739,41.19310177399],[-89.8684420006752,41.1896286598321],[-89.8684659488623,41.1860554447218],[-89.8679119461485,41.1842774359692],[-89.8679540007785,41.1783446387284],[-89.8680080021035,41.1709975770025],[-89.8680434774724,41.1672897630065],[-89.877272975314,41.167333760747],[-89.8772690002689,41.15949408416],[-89.8772519996521,41.1534981087375],[-89.8772459216509,41.1495516885363],[-89.8868547034768,41.1496112140453],[-89.8908678156175,41.1602894430748],[-89.892280021143,41.1640630065813],[-89.892263116646,41.1712743100326],[-89.9065285340377,41.1713626855678],[-89.9064629992428,41.1642571139695],[-89.906481004176,41.1604069210449],[-89.9065520734914,41.1585611237852],[-89.9066926580368,41.1567294177527],[-89.9138868537189,41.1566642349256],[-89.9159756388754,41.1536906599433],[-89.9181049389495,41.1529930258197],[-89.9292089405147,41.1529569998702],[-89.9429115903304,41.1529689997291],[-89.9548999329871,41.1527620108167],[-89.9576913390363,41.1526910009674],[-89.9655691769042,41.1526829999005],[-89.9682855960851,41.1527050280279],[-89.9706904139484,41.1530330025471],[-89.9792198843335,41.1530400397148],[-89.9792608879346,41.154855210098],[-89.984330178101,41.1548770000892],[-89.9942880910603,41.1549051405237],[-89.9942780002848,41.1604190067846],[-89.9942919996301,41.1693781171087],[-89.9942813105766,41.1710942391182],[-89.9992872308878,41.1711180286555],[-90.0014702708772,41.1716600390817],[-90.00889628131,41.1717073188571],[-90.0088549992311,41.1790143651453],[-90.0088094465613,41.1841042716985],[-90.0176462153337,41.184151999515],[-90.0305161906614,41.1841929997342],[-90.0386809926518,41.1842292255311],[-90.0386119921565,41.1877239191089],[-90.0385178532063,41.1932572661018],[-90.0457041517988,41.193294999716],[-90.0666100325517,41.1933119998104],[-90.0789187872023,41.193318004495],[-90.0853377367942,41.1959276431557],[-90.0946056915131,41.1996516246772],[-90.1012631348298,41.20234329474],[-90.1035544065395,41.2092161077465],[-90.1053111096883,41.2144275935836],[-90.1155458699435,41.214598007737],[-90.1213340647637,41.2147026070991],[-90.12147899985,41.2139479997961]]},"properties":{"OBJECTID":44144,"ID":"163062","VOLTAGE":138,"STATUS":"IN SERVICE","OWNER":"NOT AVAILABLE","SUB_1":"EAST KEWANEE","SUB_2":"UNKNOWN157086","VOLT_CLASS":"100-161"}},{"type":"Feature","geometry":{"type":"LineString","coordinates":[[-88.0779319868435,40.4621401621215],[-88.0777157551681,40.4619655340303],[-88.0776529997607,40.4617829997502],[-88.0772550002757,40.4614470000231],[-88.0709689995492,40.4615999995275],[-88.0613560001331,40.461784999593],[-88.0566029995918,40.4618859997796],[-88.0503029995199,40.4620519999457],[-88.0441339998676,40.4621769997589],[-88.0331129999397,40.4624229997235],[-88.0237380001749,40.4626400000752],[-88.0214030002738,40.4626690001541],[-88.0213820147304,40.4632206991367],[-88.0212749400401,40.4634764905721]]},"properties":{"OBJECTID":44145,"ID":"163063","VOLTAGE":138,"STATUS":"IN SERVICE","OWNER":"AMEREN ILLINOIS COMPANY","SUB_1":"UNKNOWN123133","SUB_2":"UNKNOWN160158","VOLT_CLASS":"100-161"}},{"type":"Feature","geometry":{"type":"LineString","coordinates":[[-87.9198749442302,42.1151901375891],[-87.9200397590337,42.1141798175299],[-87.9187726961053,42.1131447529678],[-87.9170319407477,42.1119349849186],[-87.9158326925383,42.1113032379406],[-87.9149281070135,42.1093259817015],[-87.9136367563347,42.1063026676606],[-87.9140613962577,42.1045661965053],[-87.9132062333449,42.1028172615868],[-87.9064455322796,42.0875056585872],[-87.9040440193181,42.0819473277337],[-87.9037227081107,42.0810400107731],[-87.9035882366009,42.0807337160887],[-87.903289609651,42.0801841375814],[-87.902619933573,42.0786427261073],[-87.9013925645019,42.0710117829304],[-87.9013973731837,42.0590150025253],[-87.9002654501116,42.0579496615129],[-87.9002743784672,42.0561727550379],[-87.89995836193,42.0545729157397],[-87.8991803256726,42.0520845308369],[-87.898542630517,42.0520750129614],[-87.898330858977,42.0516871608241],[-87.8973552786969,42.0517859087321]]},"properties":{"OBJECTID":44157,"ID":"133017","VOLTAGE":345,"STATUS":"IN SERVICE","OWNER":"COMMONWEALTH EDISON CO","SUB_1":"PROSPECT HEIGHTS","SUB_2":"COMMONWEALTH EDISON DES PLAINES (345KV)","VOLT_CLASS":"345"}},{"type":"Feature","geometry":{"type":"LineString","coordinates":[[-90.8849995621012,38.4983295465043],[-90.8831205380551,38.4988375461723],[-90.8809196242865,38.4988338256834],[-90.8801257731885,38.498841265958],[-90.8796660289008,38.499155446898]]},"properties":{"OBJECTID":44167,"ID":"133027","VOLTAGE":138,"STATUS":"IN SERVICE","OWNER":"UNION ELECTRIC CO - (MO)","SUB_1":"UNKNOWN117783","SUB_2":"GRAY SUMMIT (138KV)","VOLT_CLASS":"100-161"}},{"type":"Feature","geometry":{"type":"LineString","coordinates":[[-87.9655200128861,42.3788447065067],[-87.9657847266374,42.3786848801497],[-87.9657897221687,42.3783136138127],[-87.9656099162798,42.3783119488529],[-87.9656615056282,42.3783828910956]]},"properties":{"OBJECTID":44203,"ID":"133133","VOLTAGE":138,"STATUS":"IN SERVICE","OWNER":"COMMONWEALTH EDISON CO","SUB_1":"UNKNOWN124709","SUB_2":"TAP136950","VOLT_CLASS":"100-161"}},{"type":"Feature","geometry":{"type":"LineString","coordinates":[[-88.0876389401569,41.5647360649149],[-88.0807358938482,41.5638519296514],[-88.0792756706758,41.5554182496803],[-88.0765664568818,41.5531522305294],[-88.0759709636799,41.5515198806071],[-88.0768669029201,41.5493567566396],[-88.0796189268273,41.5426045380111],[-88.0801007139755,41.5403076425148],[-88.0787015960053,41.5396220868437],[-88.0792189043364,41.5368930508373],[-88.0791867284795,41.5338363685132],[-88.079164523024,41.5321228479923],[-88.0784086167636,41.532191559038]]},"properties":{"OBJECTID":44220,"ID":"133076","VOLTAGE":138,"STATUS":"IN SERVICE","OWNER":"NOT AVAILABLE","SUB_1":"UNKNOWN124430","SUB_2":"TAP138220","VOLT_CLASS":"100-161"}},{"type":"Feature","geometry":{"type":"LineString","coordinates":[[-89.6515885195105,40.775540349599],[-89.651552011079,40.7758487741165],[-89.6515310722481,40.7760067701581],[-89.6502918490086,40.7760714919916],[-89.642178201582,40.7760408018151],[-89.640291692773,40.7762090258488],[-89.6334289511762,40.7761666726048],[-89.6309543108591,40.7760833918716],[-89.6235363421447,40.7760358025429],[-89.6215697170871,40.7759971369109],[-89.6213293916974,40.7779935048403],[-89.6212722848965,40.7798804168307],[-89.6121684667531,40.7797709615257],[-89.6102863129765,40.7797566849109],[-89.6099460500115,40.7795901228182]]},"properties":{"OBJECTID":44231,"ID":"133086","VOLTAGE":138,"STATUS":"IN SERVICE","OWNER":"AMEREN ILLINOIS COMPANY","SUB_1":"UNKNOWN122062","SUB_2":"UNKNOWN123091","VOLT_CLASS":"100-161"}},{"type":"Feature","geometry":{"type":"LineString","coordinates":[[-88.9619121182541,37.6208466116318],[-88.9616249088915,37.6223464209221],[-88.9561283539249,37.6229079740116],[-88.9530636076026,37.623269651908],[-88.9509078162108,37.6234504909079],[-88.9477478915876,37.6260821745471],[-88.9429937286263,37.6298131701321],[-88.9389391268958,37.633096825672],[-88.9352842745685,37.6360473565316],[-88.9313629235375,37.6391596917076],[-88.9296782652745,37.6405873689365],[-88.9237248541038,37.6405540569961],[-88.9185090747658,37.6447990145723],[-88.9101809617517,37.6515757196233],[-88.9066260469997,37.6538600030782],[-88.9029807132212,37.6562632577401],[-88.9008011254574,37.6576005146988],[-88.8966703816252,37.6603368945589],[-88.8924397002176,37.6630923105655],[-88.8856439594663,37.6633864129385],[-88.8787625589627,37.6636909839103],[-88.8714338190073,37.664585660802],[-88.869044840239,37.6648616781278],[-88.8598886736707,37.6649092681009],[-88.8528835410165,37.6633388227001],[-88.850399383049,37.6628343776668],[-88.8407292534757,37.6600456488877],[-88.8201802284694,37.6560576731124],[-88.8158210556369,37.6552010669772],[-88.8135843628688,37.6547537280908],[-88.8092727791867,37.6551915490204],[-88.807616673875,37.6553819057905],[-88.8062651405638,37.6555341911397],[-88.7949864948293,37.6552201014647],[-88.7909699645989,37.6598077030386],[-88.7852402231542,37.6664035687762],[-88.7777591980968,37.6664606756962],[-88.7775022161452,37.6697633675589],[-88.7684697817275,37.6720381330892],[-88.763691824191,37.6732373805223],[-88.7483014699252,37.6774061968266],[-88.7412201951692,37.6772253576316],[-88.7382125556479,37.6790432659759],[-88.7358521307292,37.6804899779576],[-88.7262581441561,37.6804709428404],[-88.7213279006193,37.6813370655908],[-88.7166451204855,37.6829360636357],[-88.7057662259507,37.6826790819734],[-88.70288231858,37.6826410107247],[-88.6983518253447,37.6836784561068],[-88.6982747310287,37.6836736964661],[-88.6982390391658,37.6869454561715],[-88.691909672269,37.6870525315599],[-88.687507668662,37.6833881615425],[-88.6834149972282,37.6819842798519],[-88.6804882599813,37.6834952378008],[-88.6803335952423,37.6836736964661],[-88.6802741079058,37.6916091999262],[-88.680238416043,37.6942028116326],[-88.6799885730029,37.6944526558159],[-88.6765145596271,37.6944526558159],[-88.6717794319667,37.6974983654754],[-88.6671149999225,37.7018729994821],[-88.6610850001873,37.7018940000163],[-88.6534760002363,37.7019179999088],[-88.6493880000419,37.7019389997195],[-88.6492554536217,37.7011056290444],[-88.6489604010683,37.7011056290444],[-88.6487605259176,37.7013340569427]]},"properties":{"OBJECTID":44233,"ID":"162727","VOLTAGE":161,"STATUS":"NOT AVAILABLE","OWNER":"AMEREN ILLINOIS COMPANY","SUB_1":"UNKNOWN121872","SUB_2":"UNKNOWN160199","VOLT_CLASS":"100-161"}},{"type":"Feature","geometry":{"type":"LineString","coordinates":[[-91.0936163248488,41.3131862816419],[-91.0932541726353,41.3124965025507],[-91.0932979277761,41.3115458445208],[-91.0932754995384,41.3103158946181],[-91.093265768089,41.3097821517353],[-91.0968121371676,41.3098265516402],[-91.1000521807344,41.3098709515147],[-91.105269506073,41.3099395755774],[-91.1089396971338,41.3100783970446],[-91.1097508416994,41.3101090780523],[-91.1144363634915,41.3102301305431],[-91.1190734678864,41.3114691925844],[-91.1239685675326,41.312732453582],[-91.1280735988865,41.3118001575917],[-91.1320821511788,41.3108799278135],[-91.1361657127974,41.3099475385281],[-91.1392231288669,41.3092089320793],[-91.1438387626282,41.3092695938063],[-91.1493391471129,41.3091731689016],[-91.1551722675787,41.3091794436537],[-91.1593633575368,41.3092077849588],[-91.1640649600708,41.3092238446438],[-91.1679444235585,41.3089776856763],[-91.1726406370991,41.3090018427652],[-91.1764556015494,41.3090180367819],[-91.1807166711665,41.3090220861289],[-91.1849292308598,41.3090583885373],[-91.189055911612,41.3090180367819],[-91.1926345302093,41.3090543405421],[-91.1962184488669,41.3090866617424],[-91.200828782568,41.3091189836014],[-91.2057559520699,41.3091633846326],[-91.2104898041226,41.3091996876371],[-91.2152558158625,41.3092157466493],[-91.2200187733304,41.3092594728384],[-91.2247593627478,41.3093304585843],[-91.2290374096254,41.3094331600084],[-91.2345244092123,41.3095199359425],[-91.239180916319,41.3096857950659],[-91.2439898675295,41.3098515856157],[-91.2487830074927,41.3099542855441],[-91.2539230786152,41.3100726406007],[-91.2589317253133,41.3100529367028],[-91.263971902878,41.3100450425913],[-91.2687056650991,41.3100438280087],[-91.2734357442277,41.3100398468767],[-91.2780870411058,41.3100122488534],[-91.2828946448433,41.3100054336919],[-91.2876305630212,41.3099956495477],[-91.2923452809584,41.3099906555851],[-91.2972781996781,41.3099768909777],[-91.3020828389752,41.3099722350728],[-91.3072788742416,41.3099814787307],[-91.3126024702783,41.3099784429459],[-91.320518424562,41.3099518570503],[-91.325834923908,41.3099668369218],[-91.3306833111595,41.309963530554],[-91.3354218335534,41.3099586715427],[-91.3404941717035,41.3096599506254],[-91.3440434144927,41.3099523287139],[-91.3494287256878,41.3100508455966],[-91.3547464826752,41.3101842471013],[-91.3587399432707,41.3101016556101],[-91.3633511752872,41.3100444346252],[-91.3687111530929,41.3100317496584],[-91.3739991758444,41.3099332327467],[-91.3788133372835,41.3101175801215],[-91.3831453729097,41.3102923446302],[-91.3881753096801,41.310076283672],[-91.3928245395347,41.3101175801215],[-91.3976007031356,41.3101493616558],[-91.4023134447792,41.3102097526012],[-91.4070811633181,41.3102541528896],[-91.4120222567069,41.310330468872],[-91.4167180201916,41.3104734507745],[-91.4212150763354,41.3105370816318],[-91.4261307465033,41.3106386327103],[-91.43042882671,41.3106799288036],[-91.4329417738858,41.3124245688638],[-91.4356280060799,41.3143373710626],[-91.4402561255254,41.3144072717227],[-91.4452227319665,41.3144485647541],[-91.4501289707223,41.314504836588],[-91.4551399530402,41.314539045656],[-91.4599274345154,41.3145856689007],[-91.4647852540773,41.3146571886234],[-91.4697507816418,41.3147565755315],[-91.4745713211194,41.3148280275949],[-91.4795160077693,41.3149026521032],[-91.4844856675841,41.3149989335903],[-91.4893228258945,41.3150145876934],[-91.4941516298728,41.3149989335903],[-91.4988729055115,41.3150114839967],[-91.5035570807291,41.3150176907153],[-91.5084852374794,41.3150642468208],[-91.513367941273,41.3150953505531],[-91.518213364084,41.3151543888358],[-91.5230463003126,41.3152041827995],[-91.5277470045313,41.3152382558829],[-91.5325552370896,41.3152724638913],[-91.5374254525041,41.3153190866115],[-91.5424157735705,41.3151730777698],[-91.5473439321175,41.3152072858123],[-91.5517383108243,41.3152041827995],[-91.5517093850722,41.3190484588426],[-91.5522017516794,41.3227527910663],[-91.5526983394702,41.3262983819596],[-91.553133124966,41.3299337665904],[-91.5529984675049,41.3336584577254],[-91.5548140525256,41.333674780521],[-91.554809802596,41.3341247535767],[-91.5551232247986,41.3347591199196]]},"properties":{"OBJECTID":44279,"ID":"133145","VOLTAGE":345,"STATUS":"IN SERVICE","OWNER":"MIDAMERICAN ENERGY CO","SUB_1":"SUB T","SUB_2":"LOUISA","VOLT_CLASS":"345"}},{"type":"Feature","geometry":{"type":"LineString","coordinates":[[-91.0886473477536,41.3877781467152],[-91.0868199220391,41.3877424549757],[-91.0817445305154,41.3876496555528],[-91.0762336995222,41.3875354420964],[-91.0699447837627,41.3874069511284],[-91.0687883663277,41.3873783978449],[-91.0618265917591,41.3872505535763],[-91.0606632510083,41.387953128153]]},"properties":{"OBJECTID":44343,"ID":"160602","VOLTAGE":161,"STATUS":"IN SERVICE","OWNER":"NOT AVAILABLE","SUB_1":"MUSCATINE PLANT #1","SUB_2":"TAP159107","VOLT_CLASS":"100-161"}},{"type":"Feature","geometry":{"type":"LineString","coordinates":[[-87.0239621091167,38.3115941115492],[-87.0236681821523,38.3121536649172],[-87.0225200921001,38.3122726378846],[-87.0223713760048,38.3113030070955],[-87.0221512752855,38.3113268019837],[-87.0022173411272,38.2945218580124],[-87.0022054438396,38.29113707465],[-86.9995166532436,38.2835941839806],[-86.9996356261198,38.2833740839066],[-86.9991656814621,38.2833502890163],[-86.9988404041926,38.2832298096799]]},"properties":{"OBJECTID":44346,"ID":"133227","VOLTAGE":138,"STATUS":"IN SERVICE","OWNER":"SOUTHERN INDIANA GAS & ELEC CO","SUB_1":"DEBOIS","SUB_2":"DUFF","VOLT_CLASS":"100-161"}},{"type":"Feature","geometry":{"type":"LineString","coordinates":[[-88.1331577272434,41.4958594376227],[-88.135916900842,41.4951834639976],[-88.1563446802344,41.4897468898697],[-88.1586674540645,41.4901605897956],[-88.1775805220726,41.4823428127231],[-88.178938799935,41.4817333030466]]},"properties":{"OBJECTID":44348,"ID":"133232","VOLTAGE":138,"STATUS":"IN SERVICE","OWNER":"NOT AVAILABLE","SUB_1":"TAP138208","SUB_2":"TAP138219","VOLT_CLASS":"100-161"}},{"type":"Feature","geometry":{"type":"LineString","coordinates":[[-91.0886473477536,41.3877781467152],[-91.0886844625479,41.3878211266658]]},"properties":{"OBJECTID":44371,"ID":"160600","VOLTAGE":161,"STATUS":"IN SERVICE","OWNER":"NOT AVAILABLE","SUB_1":"TAP159107","SUB_2":"TAP159108","VOLT_CLASS":"100-161"}},{"type":"Feature","geometry":{"type":"LineString","coordinates":[[-90.7759934355592,38.7655145315027],[-90.7788669215743,38.7656097899018],[-90.783202201017,38.7647369170255],[-90.7858190536267,38.7641809404877],[-90.7923790144637,38.762896620526],[-90.7962222956084,38.7624963090441],[-90.8026539087509,38.7619125156897],[-90.8046005058693,38.7617123581696],[-90.8083083102893,38.7600499066994],[-90.8129573263449,38.7579648401263],[-90.8150893132801,38.756986226554],[-90.8184548577803,38.7560354026226],[-90.8263624622233,38.753766718894],[-90.8264910147338,38.7534159501545]]},"properties":{"OBJECTID":44377,"ID":"133262","VOLTAGE":161,"STATUS":"IN SERVICE","OWNER":"UNION ELECTRIC CO - (MO)","SUB_1":"UNKNOWN117752","SUB_2":"UNKNOWN117798","VOLT_CLASS":"100-161"}},{"type":"Feature","geometry":{"type":"LineString","coordinates":[[-91.0606632510083,41.387953128153],[-91.0614098911465,41.3875802055189],[-91.0618709119403,41.3873035935208],[-91.0635276119367,41.3873363119565],[-91.0649612368919,41.3873630805931],[-91.0667993705245,41.3873928241089],[-91.0681735090416,41.387410670077],[-91.0698748238667,41.3874493355382],[-91.0724059763,41.3874939507475],[-91.0743006211506,41.3875326168331],[-91.0758413216944,41.3875683086877],[-91.0788215967355,41.3876188729012],[-91.0807311149922,41.3876575389125],[-91.0827744768364,41.3877110765842],[-91.0848892233046,41.3877497425406],[-91.086661920957,41.3877794858795],[-91.0879039999408,41.3878119998651],[-91.0886844625479,41.3878211266658]]},"properties":{"OBJECTID":44378,"ID":"160598","VOLTAGE":161,"STATUS":"IN SERVICE","OWNER":"NOT AVAILABLE","SUB_1":"MUSCATINE PLANT #1","SUB_2":"TAP159108","VOLT_CLASS":"100-161"}},{"type":"Feature","geometry":{"type":"LineString","coordinates":[[-87.7547384324747,42.0502594099409],[-87.7546585363134,42.0504852075785],[-87.7542264879842,42.0505874159959],[-87.7542099886274,42.0515101866325],[-87.755701924126,42.0515496959297],[-87.7558350203151,42.0518593919108],[-87.761081699004,42.0680323891574],[-87.765258007184,42.0815745019538],[-87.7654223629484,42.0821450639724],[-87.7667123392048,42.0861328677125],[-87.767068700878,42.0873050450769],[-87.7682852991488,42.0913067828155],[-87.7686701769424,42.0939753476254],[-87.7690122239615,42.0953673328465],[-87.7702852355338,42.0993469815506],[-87.7715641957499,42.1030500178087],[-87.7722453172629,42.104349798],[-87.7762517342598,42.1105185506603],[-87.7818583391369,42.1191530200457],[-87.7826762785593,42.1203784426277],[-87.7856527663032,42.1251581057463],[-87.7860851038899,42.1255833124988],[-87.7931330673185,42.1364812451519],[-87.7986316120534,42.1449350661426],[-87.8000147678593,42.1471016636562],[-87.8026316510118,42.1512072790807],[-87.8032774552594,42.1523169187752],[-87.8058040361663,42.156131771766],[-87.8065680533155,42.1573599091606],[-87.8082917397843,42.160054288136],[-87.8126403726836,42.1667843145007],[-87.81395092575,42.1693697085036],[-87.8153165940522,42.1717801317492],[-87.8190054035956,42.1774453450644],[-87.8198962520831,42.1786355178996],[-87.820773325804,42.1797336428214],[-87.8217482224661,42.1808835217528],[-87.8226424297544,42.1820781830247],[-87.8248172241078,42.1854278640357],[-87.8255413569566,42.1865888390905]]},"properties":{"OBJECTID":44380,"ID":"133258","VOLTAGE":138,"STATUS":"IN SERVICE","OWNER":"COMMONWEALTH EDISON CO","SUB_1":"SKOKIE (138 KV)","SUB_2":"TAP137899","VOLT_CLASS":"100-161"}},{"type":"Feature","geometry":{"type":"LineString","coordinates":[[-91.0995189344935,41.449677376841],[-91.0994339996817,41.4503939997736],[-91.0987146566499,41.450792407558],[-91.0878110000544,41.4507159996961],[-91.0867020001918,41.450706999559],[-91.0860779998527,41.4499619997382],[-91.0854848539487,41.4492505169128],[-91.0792221132998,41.4510017996908],[-91.079230202629,41.4505235289967],[-91.0764319568071,41.4504592828683],[-91.0727985203162,41.4506948496748],[-91.071285182456,41.4507733717536],[-91.0694077879538,41.4507519571403],[-91.0628761671674,41.4507019881108],[-91.0606704069878,41.4506877105648],[-91.0580434815688,41.4506591581567],[-91.056394516067,41.4500595338107],[-91.0554094190348,41.449631230776],[-91.0532964566207,41.4489602228162],[-91.048984873837,41.4474540236741],[-91.0444234471148,41.4438562786681],[-91.0418536284967,41.4439704927936],[-91.0417465538064,41.4426284767487],[-91.0417965216958,41.4423714949244],[-91.0416109234699,41.4422929727779]]},"properties":{"OBJECTID":44383,"ID":"160608","VOLTAGE":161,"STATUS":"IN SERVICE","OWNER":"NOT AVAILABLE","SUB_1":"UNKNOWN132649","SUB_2":"UNKNOWN159109","VOLT_CLASS":"100-161"}},{"type":"Feature","geometry":{"type":"LineString","coordinates":[[-90.9869212581057,38.9953107799543],[-90.9872064732084,38.9948674409585],[-90.987448906944,38.9944518077346]]},"properties":{"OBJECTID":44386,"ID":"133269","VOLTAGE":161,"STATUS":"IN SERVICE","OWNER":"UNION ELECTRIC CO - (MO)","SUB_1":"UNKNOWN121012","SUB_2":"TAP140548","VOLT_CLASS":"100-161"}},{"type":"Feature","geometry":{"type":"LineString","coordinates":[[-89.4030831238887,39.0603755205949],[-89.4034715859603,39.0608169520267],[-89.4034409345444,39.0624898897086],[-89.403406697054,39.062878011171],[-89.4033349333409,39.0636915405746],[-89.4053694377964,39.0636885420512],[-89.4083624446601,39.0636959347818],[-89.4110579295016,39.0636944707436],[-89.4153163032744,39.0615161658704],[-89.4175080129046,39.0604188264829],[-89.4190671289117,39.0589038551535],[-89.4204423597802,39.0575623317612],[-89.421844898535,39.056212832011],[-89.4232513018421,39.0548585615273],[-89.4246819587636,39.0534855709478],[-89.4272234714671,39.0532126716252],[-89.4294927066046,39.0532391795992],[-89.4317470288101,39.0532538298216],[-89.4340732162384,39.0532715487666],[-89.4363653575173,39.0532803377802],[-89.4386498631164,39.0532921278507],[-89.4409192770186,39.0532979876566],[-89.4433098736527,39.0533127766883],[-89.4456853785901,39.0533303560994],[-89.4480456121675,39.0533333557604],[-89.4503680266716,39.0533568647269],[-89.4526411236665,39.053368654087],[-89.4549403616362,39.0533977438013],[-89.4572953849851,39.0534278798957],[-89.4595613852893,39.0534458778348],[-89.462396647989,39.0534639455287],[-89.4651854677886,39.0534699448392],[-89.4651991410455,39.0534699957636],[-89.4675830712819,39.0534789438039],[-89.4702944563039,39.0534609458733],[-89.4730367424734,39.0534488767933],[-89.4756667410291,39.0534488767933],[-89.478350907098,39.0534368788658],[-89.4804348188941,39.0534278798957],[-89.4825728991019,39.0534218805816],[-89.4852417039794,39.0534127420907],[-89.4876896131287,39.0534067427753],[-89.489932347067,39.0533947441431],[-89.4924190625382,39.0533857451676],[-89.4948786506844,39.0533736767723],[-89.49746211561,39.0533646777942],[-89.500533725061,39.0533466798343],[-89.5032877800591,39.0533285416533],[-89.5058712449847,39.0533315420119],[-89.5083889532315,39.0532443425107],[-89.5107865567248,39.0531480741363],[-89.513009887053,39.0530819418726],[-89.5152370801369,39.0530127401126],[-89.5174526849537,39.0529255395202],[-89.5196836509618,39.0528442698188],[-89.5219263849001,39.0527841366394],[-89.5245989627019,39.0526487321581],[-89.5269655743179,39.0528623376666],[-89.529316734911,39.0530367375048],[-89.5317259266715,39.0532262747606],[-89.5342630385284,39.0534037431175],[-89.5367574795111,39.053442877481],[-89.5392480595346,39.0534579455201],[-89.541750226927,39.053481942761],[-89.5442562570751,39.053512079517],[-89.5467313851774,39.0535300767371],[-89.5492180117154,39.0535631426669],[-89.551724131695,39.0535902797382],[-89.554249564555,39.0536113470444],[-89.5577200268904,39.0536413435291],[-89.5603733807451,39.0536624805792],[-89.5626547422407,39.0536925468014],[-89.5649787737122,39.0537466799209],[-89.5673066679395,39.0537406806339],[-89.5695842565108,39.0537617478952],[-89.5719430527839,39.0537947439574],[-89.574162519458,39.0526457317704],[-89.5763974389517,39.0514636346891],[-89.5786362203028,39.0503055866021],[-89.5808905425083,39.0491504489042],[-89.5829318741599,39.0481036370102],[-89.5848181565935,39.0471139477326],[-89.5854361759494,39.0467958286827],[-89.586840084635,39.0460731746646],[-89.5888386555808,39.0450353876704],[-89.5908528590092,39.0439944451371],[-89.5928669717077,39.0429565571367],[-89.5948733588948,39.0419096527526],[-89.5968836088376,39.0408807346934],[-89.5988707720776,39.0398518721201],[-89.6008848847761,39.0388139930346],[-89.6029183112532,39.037763957866],[-89.6049235306305,39.0367310719796],[-89.6069590232327,39.035688262664],[-89.6091172257028,39.034522488994],[-89.611330854226,39.0333443451577],[-89.6135326249873,39.0321600409995],[-89.6157106802252,39.0309757867767],[-89.6179361665101,39.0297883717859],[-89.6201102691607,39.0286132900054],[-89.6222882345671,39.0274411887516],[-89.6244385318627,39.0262813497486],[-89.6265967343328,39.0251246335442],[-89.6287351738666,39.0239678279257],[-89.630897328924,39.0228142827951],[-89.6330278632833,39.021663581662],[-89.6351781605789,39.0205129308939],[-89.6373046525195,39.0193622607013],[-89.6394193765298,39.0182269279087],[-89.6415932995174,39.017060865533],[-89.6437040709405,39.0159255655842],[-89.6458186152878,39.0147778925314],[-89.6479452868914,39.0136425545339],[-89.6500400683024,39.0125009875169],[-89.6521784180048,39.0113593315741],[-89.6543089514658,39.0102147946171],[-89.6564117287812,39.0090946716714],[-89.6585620260768,39.0079345316924],[-89.6606568065895,39.0068021566746],[-89.6628032420277,39.0056389781074],[-89.6649218287938,39.0044973510185],[-89.6670285577981,39.0033679918712],[-89.6691946645443,39.0021985437432],[-89.6713014842785,39.0010783629703],[-89.6734437865681,38.9999150895919],[-89.675411905524,38.9988686660879],[-89.6775028241794,38.9977391465768],[-89.6793996169018,38.9967174746832],[-89.6814351095041,38.9956125667737],[-89.6835220755721,38.9945045696365],[-89.6856010466342,38.993390341983],[-89.6876246805764,38.9923008821238],[-89.6896719420072,38.9912020487968],[-89.6917390553075,38.9900847668029],[-89.693806257541,38.9889766831215],[-89.6958456137973,38.9878716536584],[-89.6978929641614,38.9867697497795],[-89.6999640300489,38.985652327995],[-89.7020311433492,38.9845596766196],[-89.7041932975082,38.9833775579897],[-89.7062327435961,38.9822848715047],[-89.7082365256689,38.9811981736006],[-89.7100937026872,38.9801977711052],[-89.7119985802472,38.9791787789661],[-89.7138835152079,38.9781567686126],[-89.7159070602169,38.9770638625829],[-89.7180969732165,38.9758816886345],[-89.7200809025215,38.9748072536164],[-89.7221362478915,38.9737266565423],[-89.724072656318,38.9726891337478],[-89.726096201327,38.9715777746539],[-89.7281871199823,38.9704509624845],[-89.7303057067484,38.969324063943],[-89.7323728200487,38.9681941435004],[-89.7343489340107,38.9671349576745],[-89.7362813000184,38.9661035545822],[-89.7382297458696,38.9650566305128],[-89.7401582491215,38.9640066875201],[-89.742122414592,38.9629567289668],[-89.7440628663355,38.9619128317836],[-89.7460032273492,38.9608597687638],[-89.7481099554552,38.9597112717021],[-89.7502879217599,38.9585657611036],[-89.7524224087065,38.9574171577029],[-89.7545370428853,38.9562562411436],[-89.7567547138272,38.9550767935922],[-89.7589922375369,38.9538631659994],[-89.7611194481297,38.952724475491],[-89.7632218652206,38.9515803888681],[-89.7653773727449,38.9504278298866],[-89.7675541703413,38.9492312389438],[-89.769780644773,38.9480566347852],[-89.7720141260639,38.9468434458985],[-89.7742264071141,38.9456357556488],[-89.7765060618107,38.94451908078],[-89.7786722592868,38.9432313526016],[-89.7808774436462,38.9432837537232],[-89.7830116610982,38.943305761484],[-89.7845857789706,38.9433195255013],[-89.7873440560505,38.9433388796613],[-89.789712284634,38.9433526436721],[-89.7921053067194,38.9433802415538],[-89.7944062505898,38.9434022499834],[-89.7967036029957,38.9434243275754],[-89.7990151478848,38.9434381621363],[-89.8013408861554,38.943471279553],[-89.8036063465721,38.9434849736702],[-89.8058788156447,38.9435070519352],[-89.8084031705263,38.9435263347787],[-89.8109415409229,38.9435539325928],[-89.8134835036824,38.9435815310948],[-89.8158340345565,38.9435952950585],[-89.8182235541106,38.9436201680013],[-89.8205634857627,38.9436476260433],[-89.8229494111573,38.9436697741254],[-89.8253000327612,38.9436835380719],[-89.8274945271688,38.9437028907353],[-89.8296713247653,38.9437138606656],[-89.8321743006414,38.9437386636992],[-89.8346950631602,38.9437662607319],[-89.8371484520327,38.9437827494979],[-89.8394599070902,38.9438186621569],[-89.8416792848312,38.9438214568612],[-89.8440901824924,38.9434987376526],[-89.8464441287612,38.9431789507426],[-89.8488018470559,38.9428480546865],[-89.8509112710061,38.9425557938739],[-89.8539531462212,38.942133854611],[-89.8575374242048,38.941631981872],[-89.8597674020661,38.9413231568423],[-89.8619832754791,38.9410115356525],[-89.8642025642868,38.9407109526601],[-89.866414845337,38.9403966736825],[-89.868488875665,38.9401070578733],[-89.8708961809634,38.9397789416454],[-89.8733174999802,38.939442579013],[-89.8757106118971,38.9391005551322],[-89.8781214206251,38.9387641885829],[-89.8807662395863,38.938405672116],[-89.8831380623293,38.9380692330959],[-89.8855169808647,38.9377162317343],[-89.8881014339371,38.9377465575788],[-89.8906398025371,38.9377383816692],[-89.8931428691431,38.9377521467672],[-89.8952447472449,38.9377582257691],[-89.897785632026,38.9377582257691],[-89.9001415536901,38.9377610905859],[-89.9029071071238,38.9377610905859],[-89.9054770065903,38.9377751358725],[-89.9080541842072,38.9377723409298],[-89.9104354374641,38.937777930815],[-89.9129074214629,38.9377864546903],[-89.9152417835602,38.9377892496323],[-89.9175288053404,38.9378456375653],[-89.9200842428291,38.9378992305158],[-89.9225126585367,38.937941574508],[-89.9248904092622,38.9380091420541],[-89.9272971755714,38.9380430306131],[-89.9294683137816,38.9380909636811],[-89.9320345310538,38.938144486573],[-89.934231001755,38.9381755801404],[-89.9362680205949,38.938220647622],[-89.9383196837706,38.9382600567527],[-89.9408822179501,38.9383277637414],[-89.9434955069431,38.9384010605016],[-89.946090739799,38.9384574479481],[-89.9484250120647,38.9385251547483],[-89.9505091035239,38.9385843370069],[-89.9525752286774,38.9386294748002],[-89.9546847415608,38.9386829267142],[-89.9570733627995,38.9387591577563],[-89.9594365608175,38.9388380445708],[-89.9623580617845,38.9389169305989],[-89.9646560421128,38.9389959555852],[-89.9671461720804,38.9390664567631],[-89.9696978366449,38.9391481381243],[-89.9723836196814,38.9392271635516],[-89.9750912317792,38.939308844029],[-89.977461706151,38.9393793448958],[-89.9799156340126,38.939452640569],[-89.9822788320306,38.9395203457202],[-89.9846711345654,38.9396048906022],[-89.9868748825187,38.9396697315673],[-89.9892272109217,38.9397373680371],[-89.9915760358951,38.9398135280741],[-89.9939138115905,38.9398839585675],[-89.9962481736878,38.9399572537191],[-89.9988904782645,38.9400390730981],[-90.0015255055891,38.940120891684],[-90.0041389751435,38.9402082306966],[-90.0067486708754,38.9402956401715],[-90.0093329442847,38.9403604805049],[-90.0120043542767,38.9404534787676],[-90.0146683082517,38.9405521357469],[-90.0169084370757,38.9398219825318],[-90.0191375166217,38.9391312290471],[-90.021323117708,38.9384433336224],[-90.0235160849796,38.9377610905859],[-90.0256509312523,38.9370872265936],[-90.0273726423258,38.9370900921363],[-90.0305006659767,38.937106931826],[-90.0331031751863,38.9371126615121],[-90.0355134449251,38.9371362789936],[-90.0375330373469,38.9371506730761],[-90.0404939734565,38.9371650671557],[-90.0430286607605,38.9372025895728],[-90.045622635975,38.9372198477818],[-90.0482091551725,38.937234242546],[-90.0507624367046,38.9372745598889],[-90.0533378167926,38.9365828725183],[-90.055791026002,38.9359515521365],[-90.0582627405063,38.9353231595282],[-90.0608641717375,38.9346573787585],[-90.0631690690935,38.9340462350616],[-90.065996515552,38.9340173757561],[-90.0688721135063,38.9339741915919],[-90.0717477105623,38.9339309375239],[-90.0744714025037,38.9338963475273],[-90.0772432441444,38.9338617589113],[-90.0800373640042,38.9338242347266],[-90.082338668099,38.9337983800626],[-90.0847065364581,38.9337464610738],[-90.0871337852541,38.9337147366662],[-90.0892386277963,38.9336974769055],[-90.0915287029501,38.9336541527911],[-90.0942227495889,38.9336195626595],[-90.0961755980834,38.9335907737569],[-90.0985065465826,38.9337406605394],[-90.1007744333489,38.933708936828],[-90.1034610248691,38.9334869347385],[-90.1063922276412,38.9334524856785],[-90.1087861480418,38.9334207611394],[-90.1106686575512,38.9324579775181],[-90.1120805396833,38.931238581913],[-90.1135367985904,38.9300105699548],[-90.115489736018,38.9283183761528],[-90.1171349995626,38.9269374769648],[-90.1192065155061,38.9252654767633],[-90.1211631360264,38.9236538898483],[-90.1231123005299,38.9220797268537],[-90.1240276838044,38.9204421381505],[-90.1251505779096,38.9184787431103],[-90.1261992711723,38.9166219526834],[-90.1273109363364,38.9147824479362],[-90.1271182477079,38.9122479659251],[-90.1269329252648,38.9098748650121],[-90.125769336579,38.9092144368372],[-90.1245872434966,38.9064837436676],[-90.1210705197206,38.9057079405366],[-90.1203405487208,38.9034038300572],[-90.1196103980578,38.9011054466053],[-90.1187841276595,38.8985012631553],[-90.1192918545598,38.8958364379468],[-90.1197957205009,38.8931310305012],[-90.1183616499814,38.8909880257586],[-90.1201441769997,38.8886229537474],[-90.1207777587695,38.8876854337675],[-90.1221859578089,38.8855538729795],[-90.1226936856075,38.8849480395639],[-90.1252728386198,38.8826490587926],[-90.1264622978875,38.8805894446378],[-90.1276666691889,38.8784864815212],[-90.1285523182275,38.8766920757162],[-90.1292897452442,38.8749380465982],[-90.1304200055347,38.872733857166],[-90.1313427549945,38.8706220597023],[-90.1321913036119,38.868608187841],[-90.1324395979564,38.8667240735213],[-90.131143418833,38.8651705416861],[-90.1305643648008,38.8643687570554],[-90.127068839469,38.8633996508525],[-90.1253632091373,38.8608760656958],[-90.122337952755,38.8594844805049],[-90.1192140604562,38.8583100701478],[-90.116156824948,38.8576751847856],[-90.1127176248828,38.8569464866559],[-90.1092843536984,38.8562086870576],[-90.1066475288449,38.8541138876882],[-90.103715158263,38.851842032692],[-90.1023702006196,38.8505379306581],[-90.1006388775725,38.8481657755521],[-90.0994188755851,38.8455661590232],[-90.0987748724597,38.8429577709081],[-90.0986535109631,38.8402960396868],[-90.0989642382199,38.8377286726146],[-90.0995742841293,38.8353884885407],[-90.100722150501,38.8330393418824],[-90.1014457434624,38.83048948703],[-90.1014457434624,38.8276915946707],[-90.1014069209708,38.8265952475671],[-90.1015604286798,38.8253200460813],[-90.0979838016474,38.8253869684781],[-90.0971878206438,38.8250350235014]]},"properties":{"OBJECTID":44401,"ID":"133287","VOLTAGE":345,"STATUS":"IN SERVICE","OWNER":"AMEREN ILLINOIS COMPANY","SUB_1":"ROXFORD","SUB_2":"COFFEEN","VOLT_CLASS":"345"}},{"type":"Feature","geometry":{"type":"LineString","coordinates":[[-90.649531094601,38.6059837531074],[-90.6488905940068,38.6062175298171],[-90.6486303475774,38.6062957498197],[-90.6484805930296,38.6062567395117],[-90.6482885188488,38.6061528265788],[-90.6478905885342,38.6061593059609],[-90.647901346758,38.6065586811709]]},"properties":{"OBJECTID":44405,"ID":"133292","VOLTAGE":138,"STATUS":"IN SERVICE","OWNER":"UNION ELECTRIC CO - (MO)","SUB_1":"UNKNOWN117706","SUB_2":"TAP139454","VOLT_CLASS":"100-161"}},{"type":"Feature","geometry":{"type":"LineString","coordinates":[[-90.4026510720267,38.6863880244883],[-90.402869679746,38.6871164847404],[-90.4038924296633,38.6873739245234],[-90.409532619854,38.6881160121649],[-90.4132326242024,38.6880316976385],[-90.4175733106047,38.6879316994786],[-90.42138786183,38.6877935507235],[-90.4232063079849,38.6877265875377],[-90.4257863242781,38.6876343918361],[-90.4288224502754,38.687554880626],[-90.4322237611986,38.6874546006203],[-90.4361504769685,38.6873121904717],[-90.4402914373405,38.6872030925616],[-90.4443577405258,38.687094265148],[-90.4483811123253,38.6869770210633],[-90.4523240660424,38.6868597774877],[-90.4559075687799,38.6867466736194],[-90.4599695564586,38.6866212108582],[-90.4637313379491,38.6870227778682],[-90.4674113350195,38.6874330535797],[-90.471735242689,38.68788710583],[-90.4733310755367,38.6871288090101],[-90.4738553628792,38.6862895519611]]},"properties":{"OBJECTID":44413,"ID":"133303","VOLTAGE":138,"STATUS":"IN SERVICE","OWNER":"UNION ELECTRIC CO - (MO)","SUB_1":"UNKNOWN117897","SUB_2":"MASON","VOLT_CLASS":"100-161"}},{"type":"Feature","geometry":{"type":"LineString","coordinates":[[-87.1435923769619,39.4765199946752],[-87.1434211832216,39.4769160115669],[-87.1433857806163,39.4782288286595],[-87.1086671417467,39.4870780276939],[-87.1066059339711,39.4874736128711],[-87.0737606965922,39.4931171495709],[-87.0142751271487,39.5023898177176],[-86.9776553126764,39.5095667585864],[-86.9632928862171,39.5116987558008],[-86.9614654596043,39.5121508535347],[-86.9182670307781,39.5242192909257]]},"properties":{"OBJECTID":44471,"ID":"133351","VOLTAGE":138,"STATUS":"IN SERVICE","OWNER":"DUKE ENERGY INDIANA, LLC","SUB_1":"UNKNOWN124767","SUB_2":"TAP138308","VOLT_CLASS":"100-161"}},{"type":"Feature","geometry":{"type":"LineString","coordinates":[[-89.0687861788092,41.2899602311442],[-89.0636915004563,41.2899443908071],[-89.0599795422264,41.2894982415559],[-89.0583555597709,41.2883810849128],[-89.0540282582663,41.2856616389559],[-89.0521235253351,41.2869991748024],[-89.0505826038057,41.2875436146028]]},"properties":{"OBJECTID":43039,"ID":"131643","VOLTAGE":138,"STATUS":"IN SERVICE","OWNER":"NOT AVAILABLE","SUB_1":"UNKNOWN133890","SUB_2":"TAP137718","VOLT_CLASS":"100-161"}},{"type":"Feature","geometry":{"type":"LineString","coordinates":[[-88.60074921126,40.1070971910707],[-88.599378306678,40.1070860179552]]},"properties":{"OBJECTID":43043,"ID":"131649","VOLTAGE":345,"STATUS":"NOT AVAILABLE","OWNER":"AMEREN ILLINOIS COMPANY","SUB_1":"GOOSE CREEK","SUB_2":"NOT AVAILABLE","VOLT_CLASS":"345"}},{"type":"Feature","geometry":{"type":"LineString","coordinates":[[-87.8201183829949,42.383166464644],[-87.8208908398162,42.3817812960101],[-87.8211143235909,42.3779027549598],[-87.8231817620813,42.371986353949],[-87.8236656521855,42.3720483299759],[-87.825714935724,42.3665583315036],[-87.826628303179,42.3653452668419],[-87.8277430531578,42.3621406546351],[-87.8276076177557,42.360311096888],[-87.828287036063,42.3574456197284],[-87.8285102512414,42.3559092340012],[-87.8288884850952,42.3523719147867],[-87.8300881824621,42.3418465315405],[-87.8305902032637,42.3404059516047],[-87.835778248914,42.330889326977],[-87.8354260886614,42.3307846295179],[-87.8354284682986,42.3305276480309]]},"properties":{"OBJECTID":43052,"ID":"131658","VOLTAGE":138,"STATUS":"IN SERVICE","OWNER":"COMMONWEALTH EDISON CO","SUB_1":"UNKNOWN125312","SUB_2":"TAP136959","VOLT_CLASS":"100-161"}},{"type":"Feature","geometry":{"type":"LineString","coordinates":[[-88.6167641946856,37.0337072319374],[-88.6168232607122,37.0332851071069],[-88.6142605810056,37.0331137859169],[-88.6138967345695,37.0333468619246]]},"properties":{"OBJECTID":43071,"ID":"131682","VOLTAGE":161,"STATUS":"NOT AVAILABLE","OWNER":"NOT AVAILABLE","SUB_1":"UNKNOWN122859","SUB_2":"NOT AVAILABLE","VOLT_CLASS":"100-161"}},{"type":"Feature","geometry":{"type":"LineString","coordinates":[[-87.9326305936667,41.6248522546644],[-87.9339600589646,41.6241887578477],[-87.9345132837374,41.6260149949194],[-87.9349356383463,41.6409818040597],[-87.9349534842778,41.6451042207179],[-87.9351795327426,41.6526471117796],[-87.9313188566208,41.6545566286834],[-87.9210931235359,41.654782677779],[-87.9164710210062,41.6513800485432],[-87.9118608148658,41.6514573821524],[-87.9025690197576,41.6532657719254],[-87.8498699069769,41.6542591967504],[-87.8498104196405,41.6525816768117],[-87.8385853125986,41.6528136737043],[-87.833677675166,41.6566743501171],[-87.8252484343088,41.6568349631468],[-87.8228689731909,41.6567516820683],[-87.8106861326988,41.6569301418697],[-87.8094488129894,41.6564601981166],[-87.8049992211302,41.6529861847739],[-87.8047553258357,41.6469066621553],[-87.8068433025084,41.6455920101615],[-87.8081758023154,41.6443487419017],[-87.8078984322001,41.6385318459563],[-87.8079231322772,41.638428699895]]},"properties":{"OBJECTID":43090,"ID":"131713","VOLTAGE":345,"STATUS":"IN SERVICE","OWNER":"COMMONWEALTH EDISON CO","SUB_1":"GOODINGS GROVE","SUB_2":"TAP138173","VOLT_CLASS":"345"}},{"type":"Feature","geometry":{"type":"LineString","coordinates":[[-90.4572750292212,41.5410710488971],[-90.4573326579433,41.5414452420608],[-90.4531227024659,41.543384791857],[-90.4502202466813,41.5416590546116],[-90.4502060532998,41.5415257916519],[-90.4500128831743,41.5412380018903]]},"properties":{"OBJECTID":43097,"ID":"131737","VOLTAGE":161,"STATUS":"IN SERVICE","OWNER":"MIDAMERICAN ENERGY CO","SUB_1":"UNKNOWN132672","SUB_2":"UNKNOWN132673","VOLT_CLASS":"100-161"}},{"type":"Feature","geometry":{"type":"LineString","coordinates":[[-87.5701282815159,39.2273496577693],[-87.5697157940021,39.2270626581231],[-87.5686554468952,39.2273026869961],[-87.5650505624573,39.2285162116052],[-87.5512437413063,39.2359698729031],[-87.5477161901363,39.2359936681496],[-87.5451166291974,39.235208445802],[-87.5444503801922,39.2358152081267]]},"properties":{"OBJECTID":43116,"ID":"131751","VOLTAGE":345,"STATUS":"IN SERVICE","OWNER":"DUKE ENERGY INDIANA, LLC","SUB_1":"BREED","SUB_2":"SULLIVAN","VOLT_CLASS":"345"}},{"type":"Feature","geometry":{"type":"LineString","coordinates":[[-91.2156000188384,39.7120317249943],[-91.2165190861038,39.7113268099859],[-91.2181823285305,39.7127836349658],[-91.2202703887466,39.7126704951128],[-91.2600417726116,39.7126896616976],[-91.268848977828,39.7107729678704],[-91.3078725708129,39.7143644907858],[-91.318677403744,39.703579136539],[-91.3254942998203,39.6969232705587],[-91.3287448428961,39.693855386033],[-91.3311620458323,39.6931092026316],[-91.3314335068296,39.6925430298346]]},"properties":{"OBJECTID":43153,"ID":"131797","VOLTAGE":138,"STATUS":"IN SERVICE","OWNER":"NOT AVAILABLE","SUB_1":"UNKNOWN117838","SUB_2":"UNKNOWN122581","VOLT_CLASS":"100-161"}},{"type":"Feature","geometry":{"type":"LineString","coordinates":[[-88.2745378322713,38.9386855755871],[-88.2741688555565,38.9391470781628],[-88.2727320245141,38.9402561629998],[-88.2750648594754,38.9405291489394],[-88.2777734606184,38.9408490868435],[-88.2794042621852,38.9410227847821],[-88.2808365360742,38.9413150519139],[-88.2823149824705,38.9415632299909],[-88.2852327105133,38.9420788667759],[-88.2881646328359,38.942602745728],[-88.2910718505899,38.9431322787432],[-88.2939966753235,38.9436726387033],[-88.2963684073366,38.9435871896911],[-88.2988572796628,38.9435348586617],[-88.301317765226,38.9434961525394],[-88.3027322515741,38.9415880337768],[-88.3042035132447,38.9396688938057],[-88.3057493341856,38.937633641763],[-88.3073411488691,38.9355571738011],[-88.3089082598822,38.9335081775834],[-88.3104752810638,38.9314618474788],[-88.3123223071195,38.9290707305712],[-88.3134887695159,38.9275510579589],[-88.3134248992993,38.92520663282],[-88.3133929192751,38.9227491906907],[-88.3133717190344,38.920310882707],[-88.3133433322715,38.9180103907239],[-88.3133220421992,38.915574646517],[-88.3133079386493,38.9132078777345],[-88.3132724551955,38.910716747544],[-88.313258261814,38.9084518751126],[-88.3132157715011,38.9060489377451],[-88.3131873847381,38.9036542379945],[-88.3131448045937,38.9012069546936],[-88.3131306112122,38.8987817505366],[-88.3130916243288,38.8961135799531],[-88.3130455407548,38.8937240685477],[-88.3130065538714,38.8912571459564],[-88.3129675669881,38.8888425790194],[-88.3129321724676,38.8865603654898],[-88.3129037866029,38.8843278675111],[-88.3128505165066,38.8815570577751],[-88.3127867361214,38.8793436329356],[-88.3140311722845,38.8781899701431],[-88.3153748722865,38.8768927844916],[-88.3166865015345,38.8756121511046],[-88.3185372115812,38.8738180916427],[-88.3203205470832,38.8720902876785],[-88.3221356829463,38.8703181711147],[-88.3236746766911,38.8688388550878],[-88.3244195597247,38.8680518696369],[-88.3264776000406,38.8680867707938],[-88.326920020318,38.8667524705854],[-88.3273904680323,38.8651739689934],[-88.3291461345253,38.8635125448856],[-88.3312490016722,38.8614761579929],[-88.3330775215347,38.8596991587067],[-88.3349116127486,38.8579286919167],[-88.3369557291776,38.8559530751717],[-88.3382942189509,38.854636036807],[-88.3403635780394,38.852634233796],[-88.3424412016285,38.8506192927449],[-88.3443985408011,38.8486936358975],[-88.3462634433309,38.8468203286037],[-88.3478482511552,38.8452196948022],[-88.3494918986305,38.8435687885059],[-88.3515052028453,38.8415186764954],[-88.353398132812,38.8396211805106],[-88.3553134308293,38.8376887885407],[-88.3569038980398,38.8360746536176],[-88.3586008156115,38.8343820404828],[-88.3604965294573,38.8324560841129],[-88.3622465374623,38.8306979546334],[-88.3641758500963,38.8287478937453],[-88.3660967176683,38.8267954707056],[-88.3683088190555,38.8245769817503],[-88.369949771585,38.822857850916],[-88.3720218256193,38.8213438827167],[-88.3740827405442,38.819794958891],[-88.3761380859142,38.8182459306826],[-88.3782017856164,38.8166838501339],[-88.3803662762935,38.8150518810148],[-88.3826427868865,38.8133325895169],[-88.3849893660717,38.8115608275137],[-88.3872518629463,38.8098546816434],[-88.3894331521192,38.8082028857544],[-88.3917152322669,38.8064637588651],[-88.3938853823303,38.804820634902],[-88.3960750258354,38.8031448495419],[-88.3978615045426,38.8017831499246],[-88.399645200269,38.8004126717961],[-88.4013981727145,38.7990116436169],[-88.4038426682656,38.7979161879957],[-88.4065083290397,38.7966831406438],[-88.4091628507043,38.7954522416795],[-88.4119490644912,38.7941624396884],[-88.4143179227937,38.7930952659776],[-88.4169192641935,38.7919079256985],[-88.4194421826689,38.790762157862],[-88.4221555439846,38.7895181337347],[-88.4250060780442,38.7882282936853],[-88.427716564751,38.7870408737398],[-88.4294218366548,38.7852576750052],[-88.4313175505006,38.7833193946715],[-88.4330268657215,38.7815336526082],[-88.434893744545,38.7796525555745],[-88.4367297213226,38.7777774315819],[-88.438569560856,38.7758690627371],[-88.4403086992461,38.7740904870357],[-88.4419664502714,38.7724023538439],[-88.4437598469047,38.7705421667529],[-88.4456771212155,38.7685852767576],[-88.4474395259714,38.7667671566827],[-88.4493490747709,38.7648101631387],[-88.4511889143043,38.7629406728638],[-88.4530055773034,38.7610681916191],[-88.4548840434957,38.7591411629494],[-88.456251370088,38.7577396739746],[-88.458420442173,38.7555105577142],[-88.4596504145617,38.7543095629884],[-88.4607553827854,38.7543364987408],[-88.4621333589053,38.7543700896064],[-88.4646354355679,38.7544183567452],[-88.4674010797314,38.754460668575],[-88.4707011307591,38.7545240679702],[-88.4739353352766,38.754578429679],[-88.4764414552562,38.7546207421144],[-88.478959163503,38.7546599721646],[-88.4814535155524,38.7547052268029],[-88.4845134469047,38.7547626707296],[-88.4870931389061,38.75481107771],[-88.4893938141803,38.7548502376021],[-88.4915939679741,38.7548804306348],[-88.4947739142484,38.7549469806574],[-88.497872652821,38.7550164735567],[-88.5012695422363,38.7550707655378],[-88.5041358866449,38.7551251268303],[-88.5063784409202,38.754019679007],[-88.5083693770844,38.7531013316715],[-88.5105423119251,38.752086434487],[-88.5127152467659,38.7510533787658],[-88.5148804560952,38.7500444788685],[-88.5171541819108,38.7490052276883],[-88.5174562853409,38.7470870520215],[-88.5178009689154,38.7450599455007],[-88.5181650561001,38.7429785517583],[-88.5185214177733,38.7408969579114],[-88.5189397632011,38.7385041948046],[-88.519334842263,38.7361234739572],[-88.5197725005712,38.7336247388333],[-88.5201869841416,38.7312377586768],[-88.5206207805923,38.7287146746576],[-88.5210662551416,38.7261220520587],[-88.5214845107379,38.7236532427106],[-88.5219299852873,38.7211299616306],[-88.5223405144738,38.7187153695178],[-88.5227898526773,38.7162008857809],[-88.5231849317392,38.7136712441063],[-88.5247071269882,38.7120059349602],[-88.5265043854788,38.7100202417692],[-88.5279685495604,38.7084032867096],[-88.5297967118934,38.7063750830574],[-88.5316869469143,38.7042682356695],[-88.5335809548593,38.7021735258986],[-88.5352965564906,38.7002269597886],[-88.5362266730341,38.6992131347865],[-88.5372724018563,38.6992273667147],[-88.5380997942505,38.6993886170677]]},"properties":{"OBJECTID":43177,"ID":"131823","VOLTAGE":345,"STATUS":"IN SERVICE","OWNER":"AMEREN ILLINOIS COMPANY","SUB_1":"RACCOON CREEK STATION","SUB_2":"NEWTON STATION","VOLT_CLASS":"345"}},{"type":"Feature","geometry":{"type":"LineString","coordinates":[[-88.219984772814,37.022276297762],[-88.2197783246903,37.0225898848545],[-88.2200936037107,37.0235952068161],[-88.2206170852644,37.0252132407802],[-88.2210810794817,37.0266290201082],[-88.2220388129319,37.0297401647368],[-88.2219317373433,37.032702593835],[-88.2219041689456,37.0344930538061],[-88.2217711239604,37.0362360938097],[-88.2207182122092,37.0395554416655],[-88.2201173982859,37.0414590108944],[-88.2195589686744,37.043270374845],[-88.2190592816959,37.0448527166948],[-88.2184858097949,37.046377496565],[-88.2173928295887,37.0466372611088],[-88.2164568748942,37.0468391641534],[-88.2144945949876,37.0472801799091],[-88.2113991810799,37.0479527759837],[-88.2102234651377,37.0482217840659],[-88.2079337502083,37.0487335556876],[-88.2059400292667,37.0491962126926],[-88.2033050899771,37.049799893034],[-88.1990215642746,37.050774302117],[-88.196385907231,37.0513617655948],[-88.1949266829851,37.0516889060442],[-88.1929252365321,37.0521430844939],[-88.1917252669756,37.0523947996696],[-88.1897855347826,37.0531252069988],[-88.1869353600491,37.0541985786644],[-88.1847072686499,37.0550375800968],[-88.1831211142511,37.0556349038096],[-88.1806491302522,37.0565656509275],[-88.1774858019124,37.057756901686],[-88.1757579831933,37.0584074685406],[-88.173467547815,37.0592700076418],[-88.1714268449841,37.060038414048],[-88.1682427664595,37.0612373515275],[-88.1663264811937,37.061958855875],[-88.1640960541748,37.0627987026658],[-88.1620281314924,37.0635791145784],[-88.1607068902709,37.0640775945531],[-88.1587111032042,37.0648306826887],[-88.1555045658992,37.0660405846302],[-88.1544269468844,37.0664472967752],[-88.1530812705887,37.0668505675561],[-88.1515417378548,37.0673409965448],[-88.1491514107153,37.0680838746717],[-88.1481791640833,37.0684020549465],[-88.1461730472891,37.0690334635969],[-88.1451742096264,37.069340170825],[-88.1423973383184,37.0702175666976],[-88.138786109978,37.0713540575158],[-88.13653340474,37.0720756089872],[-88.1338366631554,37.0729316861051],[-88.1318819290971,37.0735204114912],[-88.1303692550919,37.0739599111108],[-88.1287331534649,37.0744305849487],[-88.1253315685556,37.0756280708056],[-88.1244783729532,37.0759156209547],[-88.1219950710801,37.0769549150624],[-88.1189672086851,37.0782219564825],[-88.1179236358196,37.0786587771221],[-88.1152729769107,37.0797679795257],[-88.111774309272,37.0812322009784],[-88.1105561030169,37.0817419590178],[-88.1083298091465,37.0826736757704],[-88.1060856370054,37.0836126907673],[-88.1047884697352,37.0841556128522],[-88.1033393075188,37.0847619517526],[-88.10114238766,37.0856813055714],[-88.0980214606999,37.0851333787741],[-88.0963201422816,37.0848347616278],[-88.0938445641233,37.0844000555151],[-88.0920738948668,37.0840892527321],[-88.0901181726617,37.0837459127122],[-88.0879258351092,37.0833610791741],[-88.0857419399236,37.0829776755347],[-88.0841107790307,37.0825739186284],[-88.0803433345607,37.0816903598783],[-88.0768051401511,37.0808897811128],[-88.0749877584998,37.0804648699929],[-88.0705661608398,37.0794312147897],[-88.068882155652,37.0789962949369],[-88.0686695783232,37.0789877141217],[-88.0670639888732,37.0786122650578],[-88.0645622706384,37.0780273755097],[-88.062894638145,37.0776375677587],[-88.0603439617272,37.0770412049432],[-88.0578534733319,37.0764588848449],[-88.0553841842789,37.0758815055726],[-88.0529384310863,37.0753097129998],[-88.0506154766948,37.0747665835034],[-88.0495139624934,37.0745089937514],[-88.0472361053258,37.0739763958537],[-88.0458893501535,37.073661464971],[-88.040816834137,37.0724754811547],[-88.039276942077,37.0721153890877],[-88.0379225521231,37.0717988019547],[-88.0363611903278,37.0715207747183],[-88.0338663891207,37.0710766737287],[-88.0316968669797,37.0706904857158],[-88.030150057892,37.0704151781101],[-88.0281785262363,37.0700641791744],[-88.0261215630004,37.0696980548043],[-88.0230342330319,37.0691485058318],[-88.0209594840517,37.0687791515449],[-88.0183386501086,37.0683126006799],[-88.0149707762769,37.0677130816262],[-88.0128370969158,37.0673389185689],[-88.010765942095,37.066975791578],[-88.0082768901058,37.0665392627523],[-88.0063856660398,37.06620767048],[-88.0040159112186,37.0654902206681],[-88.0023769340844,37.0649939735296],[-87.9999389073016,37.0642557961504],[-87.998047234078,37.0636830550139],[-87.9956056131358,37.0629437896297],[-87.9938666553071,37.0624172745955],[-87.9901021752775,37.0612774950197],[-87.9879055240149,37.0606124006362],[-87.9848640081259,37.0596914524946],[-87.9836541571013,37.0593252070863],[-87.9823952580621,37.0589439758962],[-87.9807424477709,37.0584434556572],[-87.9782533957816,37.0576898015806],[-87.9757905745987,37.0569440974844],[-87.9737785280253,37.0565865848998],[-87.9719545886724,37.0562609710437],[-87.9700185395721,37.0558683988877],[-87.9678945629143,37.0554948928763],[-87.9653146023166,37.0549744915516],[-87.9630627944956,37.0545452778545],[-87.9606425534571,37.0540838729317],[-87.9580530698191,37.0535980884785],[-87.9548399757109,37.0529570155118],[-87.9521700030234,37.0525551778628],[-87.9495826762404,37.0521704720919],[-87.9466582099347,37.0517213116565],[-87.9448932000644,37.0514571911745],[-87.9430773455491,37.0511570068067],[-87.9412982321289,37.0509108797032],[-87.9388544561283,37.0505248758049],[-87.9366993070319,37.0502021037484],[-87.9342554411997,37.049852159132],[-87.9324514435478,37.0495712546014],[-87.9287954800045,37.0489918065439],[-87.926335443599,37.0486565541746],[-87.9235354846899,37.0481377549913],[-87.9219112408247,37.0478367695389],[-87.9198014575484,37.047445873835],[-87.9176704740314,37.0470509610172],[-87.9148632387685,37.0465307885838],[-87.912646645805,37.0461199538046],[-87.9097076276899,37.0455753971233],[-87.9074040778069,37.0451484956521],[-87.9046086104742,37.044630461914],[-87.9022181036716,37.0441874948382],[-87.8997539350158,37.0437309019196],[-87.8971021981286,37.0432394591737],[-87.8950303237573,37.0428555666101],[-87.8924425469183,37.0423760208375],[-87.8895876111139,37.0418468534761],[-87.8835734801182,37.0407323640396]]},"properties":{"OBJECTID":43189,"ID":"131837","VOLTAGE":161,"STATUS":"IN SERVICE","OWNER":"NOT AVAILABLE","SUB_1":"TAP122968","SUB_2":"BARKLEY","VOLT_CLASS":"100-161"}},{"type":"Feature","geometry":{"type":"LineString","coordinates":[[-87.3229028270705,37.9119268569031],[-87.3221910676164,37.9120444027484],[-87.31932834791,37.9128211741187]]},"properties":{"OBJECTID":43193,"ID":"131843","VOLTAGE":138,"STATUS":"IN SERVICE","OWNER":"SOUTHERN INDIANA GAS & ELEC CO","SUB_1":"UNKNOWN127572","SUB_2":"TAP138369","VOLT_CLASS":"100-161"}},{"type":"Feature","geometry":{"type":"LineString","coordinates":[[-86.9788113546155,39.9736250517669],[-86.9793158008684,39.9736345697943],[-86.9793015239435,39.9741437740673],[-86.9875297011789,39.9741961221159],[-86.988667083313,39.974100943941],[-86.9982277567621,39.9741723279288],[-86.9992937560688,39.9743388898181],[-87.0106818561307,39.9742913008467],[-87.0157405901942,39.9744197921638],[-87.0159357060705,39.9745911130853],[-87.0159454222486,39.981503644787],[-87.0163350593166,39.9817267196012],[-87.0234793913139,39.9817653860393],[-87.0250379377891,39.9819438458159],[-87.0273817070441,39.9817832317626],[-87.0371018045067,39.9818605645531],[-87.0383847307848,39.9817154171633],[-87.0486497256375,39.9816975707339],[-87.0489237046126,39.9818681465319]]},"properties":{"OBJECTID":43217,"ID":"131879","VOLTAGE":138,"STATUS":"IN SERVICE","OWNER":"NOT AVAILABLE","SUB_1":"UNKNOWN124601","SUB_2":"TAP138291","VOLT_CLASS":"100-161"}},{"type":"Feature","geometry":{"type":"LineString","coordinates":[[-90.6996773812954,42.058267672043],[-90.6996287716588,42.0588317306327],[-90.6995345374872,42.0606262306701],[-90.6995638225654,42.0617329438327],[-90.7016368656449,42.0617422815236],[-90.7033677395344,42.0617365459233],[-90.7064187775653,42.0617299426462],[-90.7109756615071,42.061743548691],[-90.7137239672873,42.0617454827886],[-90.7162139175918,42.0617304768574],[-90.71974546357,42.0617231406231],[-90.7223796842074,42.061710869102],[-90.726804785297,42.0617413478212],[-90.7292010413174,42.0617552866617],[-90.7324195253174,42.0617734938506],[-90.7353069801351,42.0617891667013],[-90.7381152035448,42.0617915676484],[-90.7426729858018,42.0617816297279],[-90.7450239667319,42.0617733597977],[-90.7476056350269,42.061776894526],[-90.7499032560291,42.0617830309475],[-90.7511866790755,42.0605566685865],[-90.7521011640348,42.0596763648385],[-90.7540122399702,42.0578705668178],[-90.7569643725901,42.0581467588645],[-90.7592020768611,42.0581267498215],[-90.7615880022558,42.0581323516873],[-90.7643281324686,42.0581103417346],[-90.7672434359585,42.0581330860191],[-90.7705196816312,42.0581989817699],[-90.7737113060041,42.0582576755449],[-90.777087713831,42.0583147678798],[-90.7796851026435,42.058379329511],[-90.7821790055353,42.0584707710891],[-90.785106973474,42.0585272629648],[-90.7859361184813,42.0566631379295],[-90.7866956449523,42.0548279728053],[-90.7885729442331,42.0548326418251],[-90.7906442796152,42.0548267715332],[-90.7947389803433,42.0548082295179],[-90.799513975236,42.0547719445413],[-90.8016387594792,42.0547490656523],[-90.8043215789736,42.0547516676335],[-90.8069113321062,42.0547628726269],[-90.8090821109902,42.0547610717173],[-90.8120582295265,42.0547754796594],[-90.8171156547446,42.0548072290133],[-90.8192281329667,42.0548127651385],[-90.8217974045108,42.0548431798015],[-90.8245690655901,42.0548569867556],[-90.8289891370124,42.0548962738603],[-90.8321734850316,42.054918351627],[-90.8340322790175,42.0549420295231],[-90.8360310305247,42.0549731791595],[-90.8389331278815,42.0550082627525],[-90.8405245832389,42.0550106646229],[-90.8430377999093,42.0550263391428],[-90.8448004741597,42.0550261390426],[-90.8494749475722,42.0550277398444],[-90.8529611295268,42.055012931759],[-90.8565379505953,42.0550312749483],[-90.8587942499927,42.0550324755496],[-90.8624314387466,42.0550312749483],[-90.8660862335817,42.0550665586092],[-90.8679777271422,42.0550705606112],[-90.8698520619826,42.0550705606112],[-90.8733649239011,42.0550902377841],[-90.8759914181288,42.0551188520817],[-90.8779651066396,42.0539499908866],[-90.8794968240305,42.0531134855416],[-90.8812845612774,42.0521211508645],[-90.8850678160965,42.0499948857155],[-90.888262134517,42.0482047561064],[-90.8899307560556,42.0472856571015],[-90.8917106779595,42.0462457337094],[-90.8949097583493,42.0444995945227],[-90.898321829293,42.0445069327467],[-90.9009967427145,42.0445206745695],[-90.9058726175153,42.0445137366138],[-90.90823797149,42.0444974597665],[-90.9116112361117,42.0445277466137],[-90.9141422385264,42.0445465591415],[-90.9185915051954,42.0445554317147],[-90.9228642520128,42.0445204751032],[-90.9250690770461,42.0445064657688],[-90.9277453379406,42.0444664390821],[-90.9304439668856,42.0444944577654],[-90.9324710153242,42.0444766458895],[-90.9372765529366,42.0444687739728],[-90.9398724146131,42.0445463590082],[-90.9429088999365,42.0446188739127],[-90.9461938592675,42.0447058650044],[-90.9493375136042,42.0447926558446],[-90.9521490607805,42.0447814477582],[-90.9549915100025,42.0447664378186],[-90.9571218646988,42.0447668387507],[-90.9606075076642,42.0447752436502],[-90.9627180095927,42.0447750435177],[-90.9659459259032,42.0448015950942],[-90.9681968345106,42.0448199405653],[-90.9714022031074,42.0448175389767],[-90.9731088215859,42.045686241036],[-90.9749535129201,42.0466037614994],[-90.9765865602751,42.0457237319803],[-90.9781261828406,42.0448899868609],[-90.980122598728,42.044909132835],[-90.9839169028251,42.0449209406279],[-90.9859790744929,42.04492114076],[-90.9882396858037,42.0449458897534],[-90.9905989312344,42.0449424875095],[-90.9933015127667,42.0449578316279],[-90.9960091248646,42.0449819808785],[-90.9983628007405,42.0449691717702],[-91.0002173726446,42.0449669709862],[-91.0028067655527,42.044982580607],[-91.006534415554,42.0449709736245],[-91.0104966147777,42.0449920535148],[-91.0135017488977,42.0449857827169],[-91.0160694025759,42.0449853831202],[-91.0179110396382,42.0449685720416],[-91.0197054235199,42.0449695727011],[-91.0219501346502,42.0449580317598],[-91.0245554286372,42.0449620337316],[-91.0281951326739,42.0449656367734],[-91.0317976455595,42.0449620337316],[-91.0342609167984,42.0449514941159],[-91.0366540287153,42.0449345496069],[-91.0391785641582,42.0449228745707],[-91.0417671485826,42.0449239426088],[-91.0440735739729,42.044924743137],[-91.0465814007516,42.0449139360052],[-91.0490168233184,42.044913535741],[-91.0513994249464,42.0449132688983],[-91.053881559908,42.0448950568755],[-91.0586749702641,42.0448540297722],[-91.0620412271282,42.0448241426782],[-91.064593610345,42.0448118685587],[-91.0668460460884,42.0447977925777],[-91.069048355839,42.0447839827699],[-91.0718572979009,42.0447809807823],[-91.0736619225768,42.0447857846294],[-91.0738382627654,42.045797379607],[-91.0739521691434,42.0465846827451],[-91.0739656708221,42.0468651865536],[-91.0738266277858,42.047151116515]]},"properties":{"OBJECTID":43231,"ID":"131899","VOLTAGE":161,"STATUS":"IN SERVICE","OWNER":"NOT AVAILABLE","SUB_1":"MAQUOKETA","SUB_2":"WYOMING","VOLT_CLASS":"100-161"}},{"type":"Feature","geometry":{"type":"LineString","coordinates":[[-90.0952969936332,38.8251415867489],[-90.0956439984544,38.8251316720562],[-90.0963578366101,38.8256422646843],[-90.101882648084,38.8256521800057],[-90.1029468426752,38.8253768179729],[-90.1078026724688,38.8253723389851],[-90.1120863688512,38.8253632571366],[-90.1174004526274,38.8253276365715],[-90.1236539496119,38.8253243648086],[-90.1277576918833,38.8279658126483],[-90.1316749439018,38.8305111910622],[-90.1356046259088,38.8330449505107],[-90.1394881183405,38.8355680445716],[-90.1434122379793,38.838100149006],[-90.1473430168293,38.8406389685515],[-90.1512746221293,38.8431726018453],[-90.1553658616486,38.8457761916412]]},"properties":{"OBJECTID":43388,"ID":"132088","VOLTAGE":138,"STATUS":"IN SERVICE","OWNER":"UNION ELECTRIC CO - (MO)","SUB_1":"TAP139424","SUB_2":"TAP139503","VOLT_CLASS":"100-161"}},{"type":"Feature","geometry":{"type":"LineString","coordinates":[[-90.335422942014,38.7584872929963],[-90.3350175996999,38.7577270011159],[-90.3350246658479,38.7567958260069],[-90.3351885778446,38.7537947715199],[-90.3353596889399,38.7524269970212],[-90.3354953561073,38.750344361541],[-90.335388249976,38.7491303876233],[-90.3352742160372,38.747207138002],[-90.3352314436533,38.7454836197883],[-90.335124485744,38.7414849351702],[-90.3350957423498,38.7404647810361],[-90.3330019329159,38.737226282545],[-90.3306203589606,38.7335664377074],[-90.3297472351319,38.7322235687956],[-90.3300247471811,38.730579216876],[-90.3300657265277,38.7298592554959]]},"properties":{"OBJECTID":43491,"ID":"132210","VOLTAGE":138,"STATUS":"IN SERVICE","OWNER":"UNION ELECTRIC CO - (MO)","SUB_1":"UNKNOWN117719","SUB_2":"TAP139451","VOLT_CLASS":"100-161"}},{"type":"Feature","geometry":{"type":"LineString","coordinates":[[-89.3585717390028,42.3400163125884],[-89.3786305946811,42.3398354740542],[-89.3784640326544,42.3338154380262],[-89.3800963424925,42.3325400457898],[-89.3928740491624,42.3325162518544],[-89.3998196944802,42.3306310051027],[-89.4073228531278,42.332007630591],[-89.4426407491403,42.3316890188477],[-89.4758746812544,42.3314707030443],[-89.4952625295514,42.3311280610239],[-89.5099818746394,42.3311351986989],[-89.5123446800935,42.331092368652],[-89.5192617724599,42.3303856686678],[-89.5257148715074,42.3304427760321],[-89.527863524886,42.331049538576],[-89.5336527527688,42.3311066460016],[-89.5538329618588,42.330756864945],[-89.6026951939912,42.3303333208691],[-89.6024707696804,42.3231192480591],[-89.6142947188435,42.3230397718158],[-89.6154166831923,42.3230247620384],[-89.6165388541536,42.3230186515921],[-89.6174833850642,42.3230027996306],[-89.6174746543379,42.3223212086622],[-89.6174502147723,42.3216717579329],[-89.6174298230154,42.3205625681079],[-89.6174014587103,42.3197907041424],[-89.6174030532199,42.3195274108675],[-89.6173775707102,42.3191088067117],[-89.6175929444945,42.3187088259566],[-89.6179262616858,42.3187242100576],[-89.6180905635512,42.3184155595427]]},"properties":{"OBJECTID":46021,"ID":"135129","VOLTAGE":138,"STATUS":"IN SERVICE","OWNER":"COMMONWEALTH EDISON CO","SUB_1":"UNKNOWN121925","SUB_2":"TAP137881","VOLT_CLASS":"100-161"}},{"type":"Feature","geometry":{"type":"LineString","coordinates":[[-88.2521362673501,41.4781005177509],[-88.2518632531655,41.4784387029278],[-88.2512218892903,41.4792642039681],[-88.2498649606975,41.4810782857943],[-88.2480280856045,41.4834509525418],[-88.2462171718233,41.4858299940388],[-88.2443802068988,41.488208879549],[-88.242586540771,41.4905621756183],[-88.2407669133315,41.4929151850161],[-88.2389387518967,41.4952488648298],[-88.2371534401011,41.4976082297002],[-88.2352564677156,41.5000960796579],[-88.2353473772224,41.5029041411237],[-88.2354675718074,41.5055974446469],[-88.2355877654941,41.5082519565233],[-88.2356992473191,41.5109129505339],[-88.2358022840822,41.5135673790029],[-88.2359224786673,41.5163052385216],[-88.2360340485272,41.5190301355614],[-88.2361627780058,41.5217547826892],[-88.2362657249373,41.5244730617875],[-88.2363773855271,41.5272168488702],[-88.2364803315604,41.5299283747106],[-88.236591903217,41.5326527646936],[-88.2366949399801,41.5353769740412],[-88.2368150447336,41.5378053447346],[-88.2369095475014,41.5402209835035],[-88.2370210275299,41.542636532043],[-88.2371584706667,41.5450070786845],[-88.2350040411208,41.5472616327713],[-88.2328495217433,41.5495227638499],[-88.2307039855187,41.5517581355047],[-88.2285753376215,41.5539997488917],[-88.226438155729,41.5562414855355],[-88.2243095078318,41.5584892627068],[-88.2221722361078,41.5607371626805],[-88.2200350542154,41.5629721465196],[-88.2178892475979,41.5652198905589],[-88.2158294115497,41.5673710425346],[-88.2147309516203,41.5698882699909],[-88.2136837845953,41.5722833550953],[-88.2124993567915,41.5748839897952],[-88.2113575980654,41.5775165738367],[-88.2103878667162,41.5797123390113],[-88.2069374377099,41.5797059546278],[-88.2034698508816,41.5797059546278],[-88.200045203524,41.5797250385634],[-88.1965948643492,41.5797636767959],[-88.1931359013477,41.5798149486868],[-88.1898486054987,41.5798470687744],[-88.1864152444828,41.5791279916082],[-88.1828019518138,41.5792051336976],[-88.1791711410984,41.5792372547605],[-88.1755577576996,41.5792820747746],[-88.172587926472,41.579365668967],[-88.1704422105843,41.5793913376662],[-88.1681935486634,41.5794040386254],[-88.1660562769394,41.5813879406538],[-88.1639276290422,41.5833716466765],[-88.1618419206155,41.5853812288579],[-88.1600539525016,41.5870517651454],[-88.1583452274738,41.588715431951],[-88.1562697607397,41.5906695527788],[-88.1541996829989,41.5926211300091],[-88.1524310798676,41.5942390905838],[-88.1525723848618,41.5968266817172],[-88.1526753317933,41.5995225918201],[-88.1527697447297,41.6022118728025],[-88.1528727805944,41.6049459795954],[-88.1530100440682,41.6077440486344],[-88.1513535506843,41.6096050395762],[-88.1499287328121,41.6113250668009],[-88.1484782231229,41.6130255717764],[-88.1468302637341,41.6150084405959],[-88.1451308308796,41.616959146853],[-88.1432597299743,41.6191985649434],[-88.1413884485077,41.6214057387263],[-88.1395346859857,41.6236385558931],[-88.1376890065046,41.6258521576316],[-88.1358179055993,41.6280783747557],[-88.1338352348341,41.6304327611485],[-88.1303077294781,41.6304841935524],[-88.1269603381332,41.6305546948227],[-88.1235358695403,41.6306189516276],[-88.1202655536467,41.6306958307483],[-88.1168496199473,41.6307792905411],[-88.1134162589315,41.6308562379572],[-88.110000325232,41.6309203595029],[-88.1065841220381,41.6310101304995],[-88.1030494310581,41.6310853319097],[-88.0999251803315,41.6311687905268],[-88.0975046599169,41.6312178830696],[-88.0971169578201,41.630016918584],[-88.0967505206427,41.6299169818411],[-88.0949959051786,41.6302516328154]]},"properties":{"OBJECTID":46023,"ID":"135117","VOLTAGE":345,"STATUS":"IN SERVICE","OWNER":"NOT AVAILABLE","SUB_1":"LOCKPORT","SUB_2":"TAP138230","VOLT_CLASS":"345"}},{"type":"Feature","geometry":{"type":"LineString","coordinates":[[-87.7226748524622,41.8285219897723],[-87.7233735297509,41.8277499267459],[-87.723831577121,41.8267832710012],[-87.726355825103,41.8271763725592]]},"properties":{"OBJECTID":46025,"ID":"135120","VOLTAGE":138,"STATUS":"NOT AVAILABLE","OWNER":"COMMONWEALTH EDISON CO","SUB_1":"UNKNOWN122269","SUB_2":"NOT AVAILABLE","VOLT_CLASS":"100-161"}},{"type":"Feature","geometry":{"type":"LineString","coordinates":[[-88.096953699797,41.7138040918636],[-88.0978863630643,41.7137833295946],[-88.09891425404,41.7132265560239],[-88.1173925042129,41.7127990916414],[-88.1174098327147,41.7151838698225],[-88.1179567881451,41.7153010745546],[-88.1180599551639,41.7151142055036]]},"properties":{"OBJECTID":46048,"ID":"135140","VOLTAGE":138,"STATUS":"IN SERVICE","OWNER":"NOT AVAILABLE","SUB_1":"TAP138245","SUB_2":"ROYCE","VOLT_CLASS":"100-161"}},{"type":"Feature","geometry":{"type":"LineString","coordinates":[[-88.0003901256789,41.6454312818302],[-87.9963335476549,41.645515391142],[-87.9848421754713,41.6457585648192],[-87.9805611875095,41.6464258786928],[-87.9756920581581,41.6465276727623],[-87.975731645116,41.6517474248146],[-87.9758277828177,41.6537210900709],[-87.9659764199325,41.6539416429849],[-87.9604625975495,41.6540886778413],[-87.9365071600875,41.6546428879827],[-87.9361565368524,41.642885721602],[-87.9361791582279,41.6408272277396],[-87.93587943174,41.6292962697967],[-87.935879485639,41.6286509897689]]},"properties":{"OBJECTID":46062,"ID":"135151","VOLTAGE":138,"STATUS":"IN SERVICE","OWNER":"COMMONWEALTH EDISON CO","SUB_1":"UNKNOWN122311","SUB_2":"TAP138231","VOLT_CLASS":"100-161"}},{"type":"Feature","geometry":{"type":"LineString","coordinates":[[-90.6640816848746,42.4021069971444],[-90.6628682881995,42.4019596856396],[-90.6607689047193,42.4012074147318],[-90.6563409317157,42.4012179447957],[-90.6505439226259,42.4002701709368],[-90.6464439478888,42.3991644155684],[-90.6427646658774,42.3971950710667],[-90.6317482096282,42.3962788297908],[-90.6283969258832,42.3966316368968],[-90.6207317551757,42.3968527985884],[-90.6125674562419,42.3966632320405],[-90.6048471442473,42.3958435237742],[-90.6008327331427,42.3909408490038],[-90.5893741925861,42.3768099480677],[-90.5814309367043,42.3671013396997],[-90.575933405269,42.3599255925201],[-90.567013283618,42.349286908793],[-90.5583855096931,42.3385937187173],[-90.550413732301,42.3287685050133],[-90.5432405580949,42.3196535081307],[-90.5301562887579,42.3034129970922],[-90.525550055866,42.2977911158928],[-90.5223057282336,42.2937668917575],[-90.5083301594549,42.2740850997553],[-90.4993601265084,42.2616007781158],[-90.4933064238262,42.2530302266078],[-90.4916010719723,42.2506330078586],[-90.483108774772,42.2386191535474],[-90.4718516688414,42.2226877675636],[-90.4637943269185,42.2113076320634],[-90.4572937860443,42.2020647121487],[-90.4498900628137,42.1916670130001],[-90.445065163812,42.1847900339604],[-90.4318501707365,42.1661541498607],[-90.4207267601713,42.1505172626886],[-90.415034330252,42.1423228716556],[-90.4029245479453,42.1252522247558],[-90.3960104451721,42.1154677980941],[-90.3827479159468,42.0966562995578],[-90.3753465696584,42.0862324540603],[-90.3612141325732,42.0662159859236],[-90.3477091705105,42.0535529200284],[-90.3367568890069,42.0434926640784],[-90.3239221842322,42.0316406990432],[-90.3118575611332,42.02044338059],[-90.3013901453042,42.0106957646702],[-90.3013045807734,41.9993569856149],[-90.3062530726869,41.9952978466216],[-90.3061104651355,41.9794191479402],[-90.3061675081561,41.9729202469592],[-90.3059963790945,41.9631229349747],[-90.3056398593178,41.9421448357245],[-90.3057373076614,41.9391569986668],[-90.3039844196577,41.9369292890471],[-90.30300399117,41.9345512117629],[-90.3024276168124,41.9327300218744],[-90.3008292210712,41.9315497579189],[-90.3008589310526,41.9288576110552],[-90.3008720042349,41.9225595777132],[-90.3007151350301,41.9176519339996],[-90.2960019460255,41.9142561537525],[-90.2932781355065,41.9094593057215],[-90.2929144858013,41.9065088530473],[-90.2928431820257,41.9026242367604],[-90.2963156826385,41.8977787476819],[-90.2963513349755,41.8879911199489],[-90.2963798564858,41.8808776947098],[-90.2964155088227,41.8734926970815],[-90.2963513349755,41.866430757935],[-90.2963156826385,41.8627932889557],[-90.2963156826385,41.8518424628391],[-90.2963370742204,41.8444753581108],[-90.2963655957306,41.8280118321196],[-90.2964155088227,41.8229056318128],[-90.2964654219149,41.817453609841],[-90.2906327604881,41.8141003328958],[-90.2907183259172,41.8086263020435],[-90.2907325857741,41.8036992735816],[-90.2906327604881,41.8007545688519],[-90.2961302928217,41.8007492537237],[-90.2961873358423,41.7969592086898],[-90.295659687004,41.7946786945171],[-90.2952247326249,41.7928552889823],[-90.2957024701677,41.791701678662],[-90.2953974005006,41.790999406846]]},"properties":{"OBJECTID":46086,"ID":"135181","VOLTAGE":345,"STATUS":"IN SERVICE","OWNER":"MIDAMERICAN ENERGY CO","SUB_1":"SALEM","SUB_2":"ROCK CREEK","VOLT_CLASS":"345"}},{"type":"Feature","geometry":{"type":"LineString","coordinates":[[-89.6117356306014,40.3046295970299],[-89.6120949701898,40.3043661399592],[-89.6121082562728,40.3035235875269],[-89.6120652269708,40.3014691357316],[-89.6120599269106,40.2998046606014],[-89.6120416012788,40.2979789325783],[-89.611980605671,40.2962335917574],[-89.6119311983304,40.2939702819694],[-89.6119014640944,40.2919609676333],[-89.6118532245637,40.290387666574],[-89.6118589737815,40.288730455995],[-89.6118516075962,40.2882262605436],[-89.6118198072351,40.286572628807],[-89.611779832205,40.2847372921038],[-89.6117376104883,40.2830763787996],[-89.6117058110256,40.2813227727524],[-89.6116636800387,40.279468171582],[-89.6116107692685,40.2774362908255],[-89.6115828316632,40.2755081805017],[-89.6115262378003,40.2735051725441],[-89.6114706320842,40.2715831879954],[-89.611436315542,40.2695698495755],[-89.6113993058506,40.2676625587871],[-89.6113623850924,40.2657391750461],[-89.611346664575,40.2638626915254],[-89.611286657114,40.2620320845665],[-89.611256743215,40.2601741436828],[-89.6112461430947,40.2583956756405],[-89.6112302429141,40.2565405827902],[-89.6112139825092,40.2547509807918],[-89.6111456216144,40.252755858812],[-89.6110431238405,40.2508859405672],[-89.6110030589788,40.248913741959],[-89.610960927992,40.2468723718855],[-89.61090262733,40.2435087387759],[-89.6108497165598,40.2415321416998],[-89.6107969845543,40.2395878546945],[-89.6107652749231,40.2375909828087],[-89.6107493747426,40.2357997825103],[-89.6107039199892,40.2339172567359],[-89.6107118251637,40.2323222355158],[-89.610654243154,40.2303049868582],[-89.6106331327448,40.228618526742],[-89.6105432104865,40.2263348476629],[-89.6105115008553,40.2238493707884],[-89.6104745800972,40.2215534588807],[-89.6104299338275,40.2195781415183],[-89.6104229269683,40.2182063339529],[-89.6116530799184,40.216767754059],[-89.6127822622305,40.2155407657374],[-89.6127575585602,40.2136967790577],[-89.6127469575415,40.2118807307042],[-89.6126941375012,40.2097375348494],[-89.6128654462258,40.2081224605189],[-89.6128261000164,40.2062654425523],[-89.6127961861174,40.2045126578689],[-89.612785406334,40.2029978361316],[-89.6127362675897,40.2011583789326],[-89.6127040189693,40.1993793890406],[-89.6126982697515,40.1975722887686],[-89.612686680586,40.1955164709641],[-89.6126663795589,40.1935800567328],[-89.6126168814884,40.1917953789921],[-89.6126031381629,40.1897254555108],[-89.6125551681267,40.1878493348049],[-89.6125450890292,40.1873975135135],[-89.6125296559726,40.1867056859023],[-89.6124715349737,40.1847301771127],[-89.6124415312433,40.1825345806429],[-89.6123809847931,40.1806078861214],[-89.6123668812432,40.1790987760541],[-89.6123163060927,40.1768768475731],[-89.6122685157195,40.1748409939794],[-89.6122157846124,40.1727384286845],[-89.6121586517603,40.1712070415307],[-89.6121240666218,40.1693848440421],[-89.6120762762487,40.167474730977],[-89.61206459815,40.165742293082],[-89.612029743517,40.1641075676084],[-89.611958507115,40.1615787558619],[-89.6119453018803,40.1604791505814],[-89.6119192507371,40.1585677570965],[-89.6118705620487,40.1565422707499],[-89.6118634644596,40.1545423337762],[-89.6118001341304,40.1526338629107],[-89.6117157823252,40.1502145538903],[-89.6116976354582,40.1498879896646]]},"properties":{"OBJECTID":46160,"ID":"135256","VOLTAGE":138,"STATUS":"IN SERVICE","OWNER":"NOT AVAILABLE","SUB_1":"UNKNOWN123106","SUB_2":"TAP138536","VOLT_CLASS":"100-161"}},{"type":"Feature","geometry":{"type":"LineString","coordinates":[[-88.9042058329107,40.4528071587865],[-88.9044275335295,40.4535973719139],[-88.9049414983312,40.4539400147067],[-88.9042847660781,40.4547680664915],[-88.9020861439118,40.4552534771417],[-88.8919080700459,40.4515585938765],[-88.852932942069,40.451664620051],[-88.8442804752535,40.4317190450217],[-88.8345722741802,40.4250446566665],[-88.8345346787873,40.4014081616582],[-88.832818493251,40.2886924989899],[-88.8318046510281,40.251001633102],[-88.8332938269021,40.244992763644],[-88.8274308356564,40.2309134934955],[-88.8278591389091,40.2203129951323],[-88.8317138645905,40.213245995711],[-88.8316781727277,40.2089629656445],[-88.8298578859248,40.2038947136222],[-88.8301789635702,40.1765509387063],[-88.8315281190409,40.1748805578388],[-88.8315803336168,40.1741724051286]]},"properties":{"OBJECTID":46255,"ID":"135364","VOLTAGE":345,"STATUS":"IN SERVICE","OWNER":"NOT AVAILABLE","SUB_1":"BROKAW","SUB_2":"CLINTON STATION","VOLT_CLASS":"345"}},{"type":"Feature","geometry":{"type":"LineString","coordinates":[[-89.6652488793376,40.5947523916677],[-89.6748078531742,40.5947644726684],[-89.6877483974556,40.5948247869176],[-89.6993605023152,40.5947542456659],[-89.70332679067,40.5946985738559],[-89.7088338891631,40.5948361100725],[-89.7136258747911,40.5945856175646],[-89.7190435891168,40.594624935647],[-89.7220209140905,40.5946871585917],[-89.7261494911863,40.5947723565928],[-89.730299588323,40.5948673749302],[-89.7346511694931,40.5949545965414],[-89.7402820100182,40.5949679626129],[-89.7438893881794,40.5949444330049],[-89.7475986325989,40.5949210370835],[-89.7503442829591,40.5948966889185],[-89.7541048041133,40.5948072858184],[-89.7575480241394,40.5943006005093],[-89.7600253764704,40.5943657166374],[-89.761835877925,40.5947058179605]]},"properties":{"OBJECTID":46270,"ID":"160660","VOLTAGE":345,"STATUS":"IN SERVICE","OWNER":"AMEREN","SUB_1":"MAPLE RIDGE","SUB_2":"RISER159739","VOLT_CLASS":"345"}},{"type":"Feature","geometry":{"type":"LineString","coordinates":[[-89.6652679083502,40.5948543778643],[-89.6652726739128,40.5978266559376]]},"properties":{"OBJECTID":46273,"ID":"160661","VOLTAGE":345,"STATUS":"IN SERVICE","OWNER":"AMEREN ILLINOIS COMPANY","SUB_1":"RISER159740","SUB_2":"RISER159741","VOLT_CLASS":"345"}},{"type":"Feature","geometry":{"type":"LineString","coordinates":[[-88.2231472459576,42.1993448858011],[-88.2110009651009,42.1929900495585]]},"properties":{"OBJECTID":46283,"ID":"160664","VOLTAGE":138,"STATUS":"NOT AVAILABLE","OWNER":"COMMONWEALTH EDISON CO","SUB_1":"RISER160110","SUB_2":"RISER160112","VOLT_CLASS":"100-161"}},{"type":"Feature","geometry":{"type":"LineString","coordinates":[[-88.223218765329,42.1992749927459],[-88.2109914465522,42.1928663177187]]},"properties":{"OBJECTID":46284,"ID":"160663","VOLTAGE":138,"STATUS":"NOT AVAILABLE","OWNER":"COMMONWEALTH EDISON CO","SUB_1":"RISER160109","SUB_2":"RISER160111","VOLT_CLASS":"100-161"}},{"type":"Feature","geometry":{"type":"LineString","coordinates":[[-88.1303788508957,41.5520929115703],[-88.1298894541188,41.5367470915762],[-88.130399807693,41.5298603855307],[-88.1296311920679,41.5086034115948],[-88.1296574588068,41.507504257675],[-88.1294805383066,41.507307112624]]},"properties":{"OBJECTID":46287,"ID":"135397","VOLTAGE":138,"STATUS":"IN SERVICE","OWNER":"NOT AVAILABLE","SUB_1":"UNKNOWN121980","SUB_2":"TAP138215","VOLT_CLASS":"100-161"}},{"type":"Feature","geometry":{"type":"LineString","coordinates":[[-88.9448170158022,39.850666108723],[-88.9456111606494,39.8506423136532],[-88.9458193640811,39.8549193950963],[-88.9500756241181,39.8547706786113],[-88.9502468861304,39.8617800948249],[-88.9503058964614,39.8626195685882],[-88.9500413012877,39.8634057429236],[-88.9502095287909,39.8701497298123],[-88.9519822273417,39.8705363930476],[-88.9519881759855,39.8725619088124],[-88.9519792530198,39.873177593687],[-88.9518335112464,39.8731805685595],[-88.9513849428992,39.8732729246708]]},"properties":{"OBJECTID":46301,"ID":"135414","VOLTAGE":138,"STATUS":"IN SERVICE","OWNER":"AMEREN ILLINOIS COMPANY","SUB_1":"NORTH DECATUR","SUB_2":"TAP139417","VOLT_CLASS":"100-161"}},{"type":"Feature","geometry":{"type":"LineString","coordinates":[[-88.1422961431017,42.1565614101325],[-88.1424629701314,42.1569554916305],[-88.1422630949807,42.1583165437792],[-88.1525804382583,42.1635608758308],[-88.1663622754646,42.170670704837],[-88.1856835002085,42.1805692626681],[-88.1981042855548,42.1869938080204],[-88.2099444843431,42.1930566750628],[-88.2109914465522,42.1928663177187]]},"properties":{"OBJECTID":46302,"ID":"160662","VOLTAGE":138,"STATUS":"IN SERVICE","OWNER":"COMMONWEALTH EDISON CO","SUB_1":"UNKNOWN144429","SUB_2":"RISER160111","VOLT_CLASS":"100-161"}},{"type":"Feature","geometry":{"type":"LineString","coordinates":[[-88.0949959051786,41.6302516328154],[-88.0940826041989,41.6314586076066],[-88.0920051656627,41.6316909759893],[-88.0811779691726,41.6319970459294],[-88.0740871758679,41.6321683679188],[-88.0735871151903,41.6344268418901],[-88.0739476091138,41.6422591865619],[-88.0696818691556,41.6529314585907],[-88.062652371496,41.6648267696684],[-87.9562486266029,41.7004998276753],[-87.9441644462818,41.7067806260629],[-87.937238828005,41.7122057966457],[-87.9232511858688,41.7186415995151],[-87.92301272628,41.7187537388619],[-87.9207219702032,41.7196330210419],[-87.9159429805024,41.7215113221042],[-87.8888104758666,41.7352441189716],[-87.8866082649308,41.7364558956764],[-87.8855772199701,41.7373714798131],[-87.8766896236207,41.7486338989591],[-87.8651460826752,41.7606581960975],[-87.8636980936586,41.7617196008585],[-87.8615745769383,41.7631194069867],[-87.8530303364533,41.7687521356208],[-87.8520839765729,41.7695754685767],[-87.834565992201,41.7903364390318],[-87.8337676872558,41.7919300688203],[-87.8292891921024,41.797178841844],[-87.8277036045404,41.798489317994],[-87.8255443025324,41.7997847806976],[-87.8235663766685,41.800763597939],[-87.8238180343054,41.8016188810398],[-87.8231473422329,41.8022287997573]]},"properties":{"OBJECTID":46329,"ID":"135483","VOLTAGE":345,"STATUS":"IN SERVICE","OWNER":"COMMONWEALTH EDISON CO","SUB_1":"UNKNOWN122289","SUB_2":"LOCKPORT","VOLT_CLASS":"345"}},{"type":"Feature","geometry":{"type":"LineString","coordinates":[[-88.2093666645961,41.7027953966553],[-88.2340773489552,41.7023641338634],[-88.234539193504,41.7023195925327],[-88.2355695269989,41.7022879861504]]},"properties":{"OBJECTID":46423,"ID":"135560","VOLTAGE":138,"STATUS":"IN SERVICE","OWNER":"NOT AVAILABLE","SUB_1":"TAP138239","SUB_2":"TAP138243","VOLT_CLASS":"100-161"}},{"type":"Feature","geometry":{"type":"LineString","coordinates":[[-88.0645689298496,41.633748568587],[-88.0650295356217,41.6342841766241],[-88.0656154779354,41.634587558729],[-88.065332916456,41.6357029309819],[-88.063125966907,41.6355988297079],[-88.0615376772128,41.6349712469422],[-88.0580755611246,41.6347541210172],[-88.0528556189936,41.6355690858805],[-88.0437661038261,41.6370592017233],[-88.0438232115253,41.6387354165817],[-88.0438746023461,41.6409231296437],[-88.0439804894636,41.6446275925392],[-88.0281385943253,41.645079420622],[-88.0007280620074,41.645530838738],[-88.0003901256789,41.6454312818302]]},"properties":{"OBJECTID":46442,"ID":"135584","VOLTAGE":138,"STATUS":"IN SERVICE","OWNER":"COMMONWEALTH EDISON CO","SUB_1":"WILL COUNTY","SUB_2":"UNKNOWN122311","VOLT_CLASS":"100-161"}},{"type":"Feature","geometry":{"type":"LineString","coordinates":[[-90.3399839995286,38.4841269998363],[-90.3399341654882,38.4844414685551],[-90.3402372076577,38.4857391578609],[-90.3435587823196,38.4926039616486],[-90.3458702167159,38.4972312887712],[-90.3466902114837,38.5012538000255],[-90.3447055868827,38.5032951957113],[-90.3419425595116,38.5060991158993],[-90.3405045965919,38.5076056541121],[-90.3402728599947,38.5129108358199],[-90.3402669176391,38.514459075844],[-90.3388408385323,38.5184527295357],[-90.3358995530695,38.5221160968622],[-90.3355311485815,38.5253748487096],[-90.3305244485326,38.5318275906711]]},"properties":{"OBJECTID":45036,"ID":"134002","VOLTAGE":138,"STATUS":"IN SERVICE","OWNER":"UNION ELECTRIC CO - (MO)","SUB_1":"UNKNOWN117884","SUB_2":"TAP139456","VOLT_CLASS":"100-161"}},{"type":"Feature","geometry":{"type":"LineString","coordinates":[[-91.1182955681729,40.7411587561292],[-91.11794399991,40.7406269998384],[-91.119915999588,40.7407339999381],[-91.1218809995933,40.7408639995732],[-91.1241079995395,40.7406820000129],[-91.1263479999044,40.7405430000658],[-91.1285849998963,40.7403850000277],[-91.1308210000632,40.7402389998399],[-91.1330249995448,40.7400830001428],[-91.1352409996203,40.7406869999028],[-91.1374700001146,40.7405449997537],[-91.1397299996727,40.7403809999616],[-91.1416040003397,40.7401399997866],[-91.1436149994774,40.7396789999423],[-91.1456110003432,40.7392509998904],[-91.1475229997468,40.7388219999373],[-91.1492099999177,40.7384300001173],[-91.1508989997385,40.7380399997924],[-91.1528089994922,40.7376029997313],[-91.1547119995733,40.7371600001535],[-91.1566189998522,40.7367429998238],[-91.1587570001099,40.7362499997936],[-91.1608579996594,40.7357830000447],[-91.1626000000819,40.7353829999622],[-91.1645039999878,40.7349549994976],[-91.1664120000918,40.7345359997726],[-91.1681400002706,40.7341219998343],[-91.1695339996403,40.7338080000836],[-91.1712609999942,40.7334229996458],[-91.1733929995058,40.7329559997934],[-91.1755209997177,40.7324539999203],[-91.1775090001876,40.7320049995776],[-91.1797429998064,40.731572999931],[-91.1818869999119,40.7311910001287],[-91.1840200001467,40.7306859998967],[-91.1855240000195,40.730361999618],[-91.1876139996983,40.7298890000407],[-91.189635999605,40.7294430001212],[-91.1913599995859,40.7290299998241],[-91.192969999764,40.7286679994898],[-91.1950300002039,40.7281950001246],[-91.1964689997794,40.7278859998047],[-91.198386999929,40.7274489997624],[-91.2021100002504,40.7265819996151],[-91.2037809996295,40.7262229997571],[-91.2053909998076,40.7258340001029],[-91.2054140002722,40.7251399996846],[-91.2074970002782,40.7246929998515],[-91.2100337043,40.7241368851176],[-91.2117770000932,40.7238039998264],[-91.2135010000741,40.7234149996493],[-91.2154159998507,40.7230259999218],[-91.2174968843243,40.7225236099192],[-91.2192229998377,40.7219999997753],[-91.2208876157884,40.7211280566397],[-91.2222519994998,40.7200279996696],[-91.2233350003215,40.7187499997664],[-91.2240829996108,40.71763999966],[-91.2248810000272,40.7163969999691],[-91.2256060868868,40.7152424598598],[-91.226280000318,40.7136649998106],[-91.2273209995103,40.7119909996013],[-91.2282972571201,40.7104954350457],[-91.2294689998137,40.7091670001022],[-91.2303780957796,40.7078542328213],[-91.2313080003207,40.7063599999615],[-91.2321929998773,40.7049709994879],[-91.2340239999883,40.7021369997665],[-91.2349002607339,40.7008050800831],[-91.2358090000686,40.6993060000342],[-91.2367776561344,40.6977498517078],[-91.2377685931142,40.6955026139076],[-91.2372334307668,40.6949699540464]]},"properties":{"OBJECTID":45057,"ID":"160840","VOLTAGE":161,"STATUS":"IN SERVICE","OWNER":"NOT AVAILABLE","SUB_1":"BURLINGTON (IA)","SUB_2":"UNKNOWN159157","VOLT_CLASS":"100-161"}},{"type":"Feature","geometry":{"type":"LineString","coordinates":[[-88.7591969931741,39.2214241265137],[-88.7596665201152,39.2216306726031],[-88.7605187518253,39.2214376916215],[-88.7611375104946,39.2218838515111],[-88.7616572766164,39.2222220714972],[-88.7643849211451,39.2216000516728],[-88.7671272082129,39.2209608367015],[-88.7698386830665,39.2203246787551],[-88.7727940505197,39.2196315856689],[-88.7757726843388,39.2189443317765],[-88.7787474545038,39.2182481628225],[-88.7817105474685,39.2175339606305],[-88.785033955592,39.2172458288669],[-88.7880202250909,39.2169727276176],[-88.791002810599,39.216699626698],[-88.7939775825606,39.2164265936183],[-88.7969716665043,39.2161564826112],[-88.7996581690913,39.2159085725475],[-88.8026426419597,39.2156300380742],[-88.8060240794539,39.21532094773],[-88.808735464476,39.2150748449993],[-88.8120123398677,39.214762760115],[-88.8153318843371,39.2144626450641],[-88.8185815398774,39.2141625287305],[-88.8218739552252,39.2138624807149],[-88.8245930657587,39.2136133786393],[-88.8279745041512,39.2133042808095],[-88.8312436531332,39.2130101445627],[-88.834458543872,39.2127280495941],[-88.8378439348517,39.212448945687],[-88.8410975429793,39.2121668477679],[-88.8443124337181,39.211878692587],[-88.8475195989455,39.211599586],[-88.850378128011,39.2113714271525],[-88.8531708105663,39.211119393592],[-88.8565833306676,39.2108252488893],[-88.8600112119603,39.2105191310636],[-88.8627110087152,39.2102910376139],[-88.8654804249046,39.2100479798517],[-88.8679478265972,39.2098708355054],[-88.8712557836977,39.2090515845099],[-88.8740793682988,39.2083762689204],[-88.8768927121056,39.2077208536878],[-88.8796915032048,39.2070276368775],[-88.8837043665121,39.2060736598384],[-88.8866011647072,39.2054002646692],[-88.889842915073,39.2046245366169],[-88.893093379097,39.2038488696081],[-88.895994308644,39.2031588856177],[-88.8990615163501,39.2024260827598],[-88.9027506277274,39.2015512627591],[-88.9061288321849,39.2007622655992],[-88.9095026348975,39.1999534897603],[-88.9126593148059,39.1991644746552],[-88.9160630305191,39.1986758426389],[-88.9196158674678,39.1981509385439],[-88.9232069735459,39.1975930307638],[-88.9263593415409,39.1971077308415],[-88.9288727378743,39.1967148785453],[-88.9324936671216,39.1961569607539],[-88.9357184393285,39.1956749919153],[-88.9383042398738,39.1952754488681],[-88.9407878121398,39.1948825870231],[-88.9443363371752,39.1943378817984],[-88.9467347491523,39.194007673086],[-88.9507987265993,39.193420074576],[-88.953354614144,39.193056861049],[-88.9561279829206,39.1926639867996],[-88.9590544246217,39.1922413817081],[-88.9618873517017,39.1918517751579],[-88.965303823492,39.1913598896259],[-88.9690568059843,39.1908348605552],[-88.9719195571317,39.1903891300053],[-88.9750421010593,39.1899136656055],[-88.9784202156852,39.18940526679],[-88.9816492998055,39.1889198399948],[-88.9850828395862,39.1884114325974],[-88.9883629489129,39.187909567799],[-88.9900499850165,39.1876552916274],[-88.9932278651656,39.1871798790553],[-88.996661316013,39.1866614326882],[-88.9998904001333,39.1861859437653],[-89.003068370114,39.1857005650593],[-89.0069623872076,39.1850921475844],[-89.0098801152504,39.1851286325889],[-89.0125225096586,39.1851483376447],[-89.016444374526,39.1851736826553],[-89.0196920537727,39.1851904639717],[-89.0197944302741,39.1851915738598],[-89.019934634832,39.1851930931672],[-89.0227181186388,39.1852232585836],[-89.0279582611857,39.1852790321575],[-89.0283236365544,39.1855828160092]]},"properties":{"OBJECTID":45067,"ID":"134029","VOLTAGE":345,"STATUS":"IN SERVICE","OWNER":"AMEREN ILLINOIS COMPANY","SUB_1":"RAMSEY","SUB_2":"HOLLAND STATION","VOLT_CLASS":"345"}},{"type":"Feature","geometry":{"type":"LineString","coordinates":[[-87.4182590160394,39.4479809585804],[-87.418366091628,39.4481558498189],[-87.4181555094574,39.4484199696417],[-87.4173738565826,39.4484235386061],[-87.4164601441745,39.4496227869732],[-87.416555312594,39.4643242587182],[-87.4178965449239,39.4643207176161],[-87.4179143908554,39.4694496457967],[-87.4187388736063,39.4694674921607],[-87.4186425059358,39.4689999277013]]},"properties":{"OBJECTID":45076,"ID":"134026","VOLTAGE":138,"STATUS":"IN SERVICE","OWNER":"DUKE ENERGY INDIANA INC","SUB_1":"UNKNOWN124777","SUB_2":"UNKNOWN124778","VOLT_CLASS":"100-161"}},{"type":"Feature","geometry":{"type":"LineString","coordinates":[[-88.9182557103298,39.8662080080487],[-88.9179130677276,39.866607757995],[-88.9176739317074,39.8666184651137],[-88.9176311009329,39.8668897237451],[-88.91734556603,39.867121720562],[-88.9173705499747,39.8684780137287],[-88.917465746242,39.8742014558353],[-88.9058806240786,39.8744345626991],[-88.9059189426154,39.87821537503],[-88.9058391111327,39.8783526846487]]},"properties":{"OBJECTID":45090,"ID":"134038","VOLTAGE":138,"STATUS":"IN SERVICE","OWNER":"AMEREN ILLINOIS COMPANY","SUB_1":"DECATUR NORTH 27TH STREET","SUB_2":"CATERPILLAR","VOLT_CLASS":"100-161"}},{"type":"Feature","geometry":{"type":"LineString","coordinates":[[-91.3225974818623,39.9149796040631],[-91.3223233681399,39.9149377256065],[-91.3221025541582,39.9151014325306]]},"properties":{"OBJECTID":45125,"ID":"134075","VOLTAGE":138,"STATUS":"IN SERVICE","OWNER":"NOT AVAILABLE","SUB_1":"UNKNOWN122774","SUB_2":"TAP138522","VOLT_CLASS":"100-161"}},{"type":"Feature","geometry":{"type":"LineString","coordinates":[[-87.509132900998,39.394953195599],[-87.5087434310167,39.3952005007269],[-87.507008803966,39.3952576088775],[-87.5069017274791,39.3970636189149],[-87.5066003301248,39.4091931197414],[-87.506893003041,39.4410588616712],[-87.5070786012669,39.4425008149958],[-87.507535457471,39.4444852857365],[-87.5078281321838,39.4603610501468],[-87.5084705857154,39.4761797061613],[-87.5090987641189,39.4854453276168],[-87.5099767846641,39.5210230291287],[-87.5098411561242,39.5463547698487],[-87.5104883689302,39.5596131269691],[-87.5079042742856,39.5787011627994],[-87.5079186491268,39.607463239853],[-87.5145204642695,39.6084994959184],[-87.5243238427455,39.6126016857422],[-87.5242857721437,39.6192927311496],[-87.523990718692,39.6225192799136],[-87.5241334861435,39.6325796405034],[-87.5228676125845,39.6345498345611],[-87.5205833306659,39.6368531530285],[-87.5137971075651,39.6362249750726],[-87.5078674909697,39.6351304227375],[-87.5037675800129,39.6392959237532],[-87.5025660518794,39.6492929749831],[-87.5006244116647,39.6647213997229],[-87.5011859638202,39.6820724297901],[-87.5016428209225,39.6917330406242],[-87.500950557605,39.6948286777656],[-87.4998034979204,39.7108924616247],[-87.5004007419388,39.7172955908688],[-87.5025137034545,39.746106104897],[-87.504611198676,39.8617812215339],[-87.5040936657661,39.8768313127757],[-87.5034274167609,39.8832439608982],[-87.503171625077,39.8886215418966],[-87.501755845155,39.9014646825509],[-87.5017201532921,39.9090373180183],[-87.5005780118837,39.9143197210172],[-87.500221093255,39.9377895344946],[-87.5003554237293,39.9412010388579],[-87.5009208071995,39.9423843246516]]},"properties":{"OBJECTID":45163,"ID":"134121","VOLTAGE":345,"STATUS":"IN SERVICE","OWNER":"DUKE ENERGY INDIANA INC","SUB_1":"UNKNOWN124618","SUB_2":"EUGENE","VOLT_CLASS":"345"}},{"type":"Feature","geometry":{"type":"LineString","coordinates":[[-88.0779319868435,40.4621401621215],[-88.077958887793,40.4629465106814],[-88.0779518818321,40.4662864969219],[-88.0646688530519,40.4663785545387],[-88.0598339396314,40.4664215420537],[-88.0410259125278,40.4665425076799],[-88.032303900838,40.4666105091027],[-88.0219448883077,40.4667505418858],[-87.9969641308484,40.4670424051363],[-87.9181767636272,40.4682108835514],[-87.9012444377015,40.4696130585606],[-87.8947965569675,40.4698573768015],[-87.8275810455896,40.4703523606407],[-87.8059447464758,40.470306521136],[-87.7998939175041,40.4703431930156],[-87.7958050234861,40.4665568397811],[-87.7805771034882,40.466786037487],[-87.7360118286685,40.4674186246188],[-87.6984508465781,40.4680787157533],[-87.6894027356603,40.4683166176026],[-87.6889109161271,40.4682446438924]]},"properties":{"OBJECTID":45175,"ID":"134130","VOLTAGE":138,"STATUS":"IN SERVICE","OWNER":"AMEREN ILLINOIS COMPANY","SUB_1":"UNKNOWN123133","SUB_2":"UNKNOWN123135","VOLT_CLASS":"100-161"}},{"type":"Feature","geometry":{"type":"LineString","coordinates":[[-89.851849990715,38.2042350207349],[-89.8511960324596,38.2050707185166],[-89.848119389748,38.2057274499609],[-89.8491975100228,38.2149458734947],[-89.8507793983223,38.2169433795806],[-89.8526692740171,38.219291764573],[-89.8543739171002,38.2214385847615],[-89.8544229651147,38.2241003731569],[-89.8544335652351,38.2267628397128],[-89.8544725521184,38.2294198464945],[-89.8544761444813,38.2320821896149],[-89.8544867446016,38.2346414866672],[-89.8576810648187,38.2362538617736],[-89.8609356610931,38.2378828521078],[-89.8641477670545,38.2394951546354],[-89.8673242098992,38.2410962737431],[-89.8706107861976,38.242736373559],[-89.8737590219424,38.2443290256312],[-89.8768079040167,38.2458631566893],[-89.8798321722522,38.2473750325115],[-89.8829058478283,38.2489314627676],[-89.8867991462697,38.2508928616978],[-89.8902201994679,38.2526065285161],[-89.8935769350884,38.25429638367],[-89.8966987594654,38.2558434947293],[-89.8999114053143,38.257464780593],[-89.902771820842,38.2588956495894],[-89.9060187805382,38.2605229341519],[-89.9089359695918,38.2628016345899],[-89.9105725212747,38.2645626297378],[-89.9129517991363,38.2670910910691],[-89.9146377572615,38.2688846366488],[-89.9169336705663,38.2713474286706],[-89.9191878140071,38.2737299530708],[-89.9212640002918,38.275975446947],[-89.9232416404914,38.2780692557648],[-89.9254693725645,38.2804514876966],[-89.9276932427802,38.2828098795368],[-89.9300383846609,38.2853227556458],[-89.931682660957,38.287071289901],[-89.9332927105424,38.2884213365691],[-89.935800807714,38.2904999799973],[-89.9381914043481,38.2924803505382],[-89.9408510455114,38.2946776750795],[-89.9432037341389,38.2966401646769],[-89.9458633762006,38.2988254496615],[-89.9485267004566,38.3010405587076],[-89.9511598431157,38.3032317729763],[-89.95374851827,38.305375479663],[-89.956459903292,38.307615553736],[-89.9586909591317,38.3095029756736],[-89.9618245523373,38.3112627690605],[-89.9649696439785,38.3129829769412],[-89.9681032371841,38.3146969407743],[-89.9710469265386,38.3162924561331],[-89.9740875441123,38.317966944024],[-89.9773217486297,38.3197295618806],[-89.9803701815464,38.3213826856708],[-89.9832790162679,38.3229841845526],[-89.9856184987623,38.3242634419935],[-89.988779131258,38.3259863717543],[-89.9918894580977,38.3276788876714],[-89.994604616044,38.3291707375244],[-89.9973392665336,38.3306565676053],[-90.0004728606375,38.332376386518],[-90.0036257676217,38.3341506329609],[-90.0067863102858,38.3358946779029],[-90.0099509852002,38.3375230541558],[-90.0130921242542,38.3392426389356],[-90.0162450312384,38.3409621829007],[-90.0193786235457,38.3426695675889],[-90.0224618221621,38.3443494347675],[-90.0254094641039,38.3459169609616],[-90.0271485126624,38.348635761705],[-90.028852886251,38.3513301566198],[-90.0305919348095,38.3540304398273],[-90.0323117585227,38.3567428786282],[-90.0340392197124,38.3594278851481],[-90.0357629070795,38.3621369520658],[-90.0374981827138,38.3648217585289],[-90.0391366199606,38.3673970837032],[-90.0406898070868,38.3698386431182],[-90.0420997129252,38.3720342570967],[-90.0435212070308,38.3742479735225],[-90.0451015232786,38.3767045836025],[-90.0465734128717,38.3790334367789],[-90.0481382780966,38.3814200285768],[-90.0497844408548,38.384113132899],[-90.051070379184,38.3860897485146],[-90.0546687607176,38.3892350708872],[-90.0565898977842,38.3909534275946],[-90.058941057479,38.3931179849374],[-90.0604903827478,38.3944081825139],[-90.0631901795027,38.3967942677092],[-90.0654095572437,38.3987097808406],[-90.0678691435933,38.4008406654966],[-90.0701040630869,38.4027924677164],[-90.0726565361352,38.4050112271567],[-90.0752168245265,38.4072330854833],[-90.0776764117744,38.4093334520376],[-90.0797912256163,38.4111757798008],[-90.08224703994,38.4133063680434],[-90.0845865215362,38.4153518679161],[-90.0869066013188,38.4173609920175],[-90.0891260688912,38.4198402776051],[-90.0913067292434,38.4223226451426],[-90.0934913421829,38.4248048569956],[-90.0955945677576,38.4271656590119],[-90.0975583748002,38.4293807848351],[-90.0999869701708,38.4321175610424],[-90.1018673237235,38.4341677347182],[-90.1040878692744,38.4367427725881],[-90.1052386111533,38.4380565377803],[-90.1072940454566,38.4403704689946],[-90.1094361689814,38.4427829675892],[-90.1111105388395,38.4446821355983],[-90.1130985994965,38.4469388657741],[-90.115151250819,38.4492524418955],[-90.117293283614,38.4516569761563],[-90.1192138816914,38.4538184489221],[-90.1222274599751,38.4553627806733],[-90.1254548372963,38.4569938849546],[-90.1284565578182,38.4585164829831],[-90.131299815524,38.4599490815645],[-90.1350222535,38.4618436470325],[-90.1368754788294,38.4627831737947],[-90.1399048665638,38.4643335736927],[-90.1431045766726,38.465945836068],[-90.1463636645234,38.4676108836204],[-90.1491910220486,38.4690401365843],[-90.1519987055708,38.4704632416591],[-90.1542638075597,38.4725064901293],[-90.1568259833114,38.4747944896691],[-90.1591425587661,38.476899430773],[-90.1613918495077,38.4789423554979],[-90.1633758695425,38.4807186339519],[-90.1653914195455,38.4825507715811],[-90.1674585328458,38.4853343316356],[-90.1692762738232,38.4877800636345],[-90.1711572561966,38.4903372266448],[-90.1729471485019,38.4927641567166],[-90.1745311487407,38.494902671672],[-90.1761784793087,38.4971217645321],[-90.178316829011,38.500047476656],[-90.1804948842489,38.5029977459428],[-90.1820947837699,38.5051422846225],[-90.1847677208978,38.5074849925517],[-90.1876427789646,38.5100228298879],[-90.1883871230091,38.5123282654809],[-90.1923590240378,38.5173260527967],[-90.1960062739228,38.5198884939019],[-90.1979316330713,38.5222862448676],[-90.2000895660468,38.5250165446934],[-90.202336522067,38.5278354289409],[-90.204891151072,38.53102475112],[-90.2070369567911,38.5341696621471],[-90.2077576751436,38.5367696578331],[-90.2084862986705,38.5393949945723],[-90.2092353139544,38.5421151606025],[-90.2099802868196,38.5448288287731],[-90.2108061080603,38.547843232787],[-90.2115875525259,38.5506486480117],[-90.21236890716,38.5535171786642],[-90.2131786485571,38.5565692926803],[-90.2111746868213,38.5593552601033],[-90.2094053650377,38.5618309286421],[-90.2072965699083,38.5647427731161],[-90.2052331397006,38.5674706889508],[-90.2040756865082,38.5690744167351],[-90.203845870509,38.5693928388335],[-90.2016360158084,38.5724431550151],[-90.1998711856013,38.574852637659],[-90.1978896817475,38.5775732881202],[-90.1960106756678,38.5801382875109],[-90.194190149913,38.5826778451228],[-90.1922116096014,38.5853867527177],[-90.1896213174796,38.5874457687235],[-90.1879355399157,38.5888069907362],[-90.185561831609,38.5896831429087],[-90.1832028556729,38.5905364640002],[-90.1810340530824,38.5928653688003],[-90.1796349270274,38.5956790658411],[-90.1782623012733,38.5983965396268],[-90.1777091187213,38.5994464738479],[-90.1780654794962,38.5996027516104],[-90.1786864695808,38.6003273901583]]},"properties":{"OBJECTID":45184,"ID":"134144","VOLTAGE":345,"STATUS":"IN SERVICE","OWNER":"AMEREN ILLINOIS COMPANY","SUB_1":"CAHOKIA","SUB_2":"BALDWIN STATION","VOLT_CLASS":"345"}},{"type":"Feature","geometry":{"type":"LineString","coordinates":[[-88.1095553770954,41.4914636991342],[-88.1090842439665,41.491425626501],[-88.0973820542537,41.4917361471621],[-88.0909515613104,41.4918908121062],[-88.0877244166528,41.4915814818487],[-88.0854206233263,41.4906015010185],[-88.0822606987031,41.4906605119523],[-88.0798165157656,41.4907081011154],[-88.0397159667226,41.4916468627667],[-88.0394415448781,41.491534871031]]},"properties":{"OBJECTID":45268,"ID":"134245","VOLTAGE":138,"STATUS":"IN SERVICE","OWNER":"NOT AVAILABLE","SUB_1":"UNKNOWN121983","SUB_2":"TAP138210","VOLT_CLASS":"100-161"}},{"type":"Feature","geometry":{"type":"LineString","coordinates":[[-87.8255166919139,41.4946433111552],[-87.8235970020332,41.4935422878903],[-87.8236612468474,41.4932496136334],[-87.8206809718062,41.4931853681176],[-87.8190959223352,41.491895237655],[-87.8176204385827,41.4907745420504],[-87.8151269857469,41.4888807875375],[-87.8127774421213,41.4870962626556],[-87.8103108480141,41.485222657823],[-87.8077698725032,41.483292669741],[-87.8051755388609,41.4813220440925],[-87.8031299851275,41.4797681526855],[-87.8006102107555,41.4778540888732],[-87.7981596066604,41.4759924656024],[-87.7955970715826,41.474045779763],[-87.7941772851744,41.4729670448018],[-87.7935515187475,41.4724916479353],[-87.7910263535855,41.4705732626255],[-87.7894388517137,41.4693671836691],[-87.7869508777028,41.4674768429958],[-87.7845483325771,41.4656515406631],[-87.7819916383453,41.463708988584],[-87.7793701746832,41.4617170317193],[-87.7768023395452,41.4597659465694],[-87.7744369855706,41.4579685690688],[-87.7720450414636,41.4561509441478],[-87.7695251781584,41.4542359796545],[-87.7669467437984,41.4522766565734],[-87.7646082485525,41.4504993389074],[-87.7624506758014,41.4488596678821],[-87.7599039519709,41.4469242876587],[-87.7573043164719,41.4449484488628],[-87.7546993827093,41.4429684415441],[-87.7509452126442,41.4401055319356]]},"properties":{"OBJECTID":45290,"ID":"134272","VOLTAGE":138,"STATUS":"IN SERVICE","OWNER":"NOT AVAILABLE","SUB_1":"EAST FRANKFORT","SUB_2":"TAP138154","VOLT_CLASS":"100-161"}},{"type":"Feature","geometry":{"type":"LineString","coordinates":[[-90.8336326149543,37.5210255797228],[-90.8327686503483,37.519066093122],[-90.8327389394686,37.5183073130116],[-90.8325012596175,37.5126421384979],[-90.8322814059349,37.5061657819321],[-90.8294599440528,37.5027959887824],[-90.8266436429921,37.4994946396167],[-90.8220849462501,37.4940807339042],[-90.8173883940446,37.488528763839],[-90.811389358339,37.4814297868511],[-90.8021578779156,37.4704216446194],[-90.796025740631,37.4631851147556],[-90.7902929062868,37.4563856099193],[-90.789152043181,37.4550120495766],[-90.7844745056151,37.4495251047753],[-90.7752145036815,37.4385122651531],[-90.7717283441847,37.4344358131604],[-90.749487844499,37.4081240588997],[-90.7286789844917,37.3834443870116],[-90.7181188751019,37.370814391983],[-90.7138026111972,37.3658275365244],[-90.7112166561416,37.3626010158449],[-90.7064535540449,37.357099741545],[-90.7039721781598,37.3558377168349],[-90.7013672075663,37.3545681139324],[-90.7005179995855,37.3547799995103]]},"properties":{"OBJECTID":45314,"ID":"134305","VOLTAGE":138,"STATUS":"IN SERVICE","OWNER":"UNION ELECTRIC CO - (MO)","SUB_1":"TAUM SAUK","SUB_2":"UNKNOWN122833","VOLT_CLASS":"100-161"}},{"type":"Feature","geometry":{"type":"LineString","coordinates":[[-89.7082612041863,39.755573637545],[-89.7097880275556,39.7555736340919],[-89.7152806353248,39.7543242617583],[-89.715299144213,39.7563556475767],[-89.7239753355351,39.7563741569992],[-89.7343590023284,39.7561890646229],[-89.7344330387792,39.7636806671317],[-89.7344931935638,39.7706910295311],[-89.7345579755706,39.7779697756736],[-89.7338685078102,39.7780947125876],[-89.7339055255864,39.7835271661084],[-89.7218328949049,39.795049147701],[-89.7216894492254,39.7949519749644],[-89.7213840471816,39.7949103289709]]},"properties":{"OBJECTID":45334,"ID":"134330","VOLTAGE":138,"STATUS":"IN SERVICE","OWNER":"NOT AVAILABLE","SUB_1":"UNKNOWN122095","SUB_2":"UNKNOWN122572","VOLT_CLASS":"100-161"}},{"type":"Feature","geometry":{"type":"LineString","coordinates":[[-90.4026510720267,38.6863880244883],[-90.402111116269,38.6869620279989],[-90.4010938397867,38.6869863140691],[-90.399463565531,38.686848599636],[-90.3976784576529,38.6865222835702],[-90.395371018963,38.6862199620464],[-90.3945555076868,38.6862493468472],[-90.3926824987599,38.6860112339688],[-90.390606687971,38.6857516695183],[-90.3885466057844,38.6854752307934],[-90.3869693330288,38.6852868715946],[-90.3852386172428,38.6850609146516],[-90.3832431481797,38.6846797218797],[-90.3812418966611,38.684394989126],[-90.3792364940276,38.6840308481024],[-90.3770947837278,38.683662143006],[-90.3750413302097,38.68338100284],[-90.3730256490527,38.6833389826958],[-90.3710092869727,38.6833516350934],[-90.3689244436237,38.6836494499919],[-90.3672027729743,38.6838713617852],[-90.3651532091614,38.6841477478031],[-90.3629927052076,38.6844448209985],[-90.3609589140144,38.6846245531609],[-90.3572316700516,38.6845241694744],[-90.3552395651793,38.6842525020639],[-90.352847580648,38.6838882894909],[-90.3506265652783,38.6835448098506],[-90.3483090681522,38.6832013979842],[-90.3463607004543,38.682908186966],[-90.344739465047,38.6827321214935],[-90.3431802906494,38.6825607286746],[-90.3412188147349,38.6822176585015],[-90.33944292447,38.6818993120606],[-90.3376309560666,38.6816013061502],[-90.3355717012284,38.681538399531],[-90.3331406301009,38.6815426077532],[-90.3314133988799,38.6815468159751],[-90.329750583153,38.6815468159751],[-90.3282860992712,38.6815384009335],[-90.3258622155642,38.681542607052],[-90.3243230188002,38.6814883215983],[-90.3232903532788,38.6812805418418],[-90.322157590282,38.6808926760801],[-90.3203851405646,38.6801882830596],[-90.318537396755,38.6797382907035],[-90.3166185135614,38.6795704279345],[-90.3145537879832,38.6793527349983],[-90.3125260047226,38.6791391340527],[-90.3105518895121,38.6789257989557],[-90.3085986475556,38.6787246830465],[-90.3065434162715,38.6785446029567],[-90.3036710028449,38.6783197376637],[-90.3016195579598,38.6781695825605],[-90.2998304175444,38.678038519004],[-90.299236544005,38.6769245111612],[-90.2985126878373,38.6757900680483],[-90.2978319705661,38.674711977708]]},"properties":{"OBJECTID":45335,"ID":"134333","VOLTAGE":138,"STATUS":"IN SERVICE","OWNER":"UNION ELECTRIC CO - (MO)","SUB_1":"UNKNOWN117868","SUB_2":"UNKNOWN117897","VOLT_CLASS":"100-161"}},{"type":"Feature","geometry":{"type":"LineString","coordinates":[[-89.3466762677734,38.1142494486286],[-89.3481085775951,38.1142507158814],[-89.3486469316566,38.1119664327431],[-89.348461037885,38.1116307415637]]},"properties":{"OBJECTID":45368,"ID":"134372","VOLTAGE":230,"STATUS":"IN SERVICE","OWNER":"AMEREN ILLINOIS COMPANY","SUB_1":"UNKNOWN122130","SUB_2":"PINCKNEYVILLE STATION","VOLT_CLASS":"220-287"}},{"type":"Feature","geometry":{"type":"LineString","coordinates":[[-90.5669580614826,39.8228095786664],[-90.5662088988749,39.822813318097],[-90.5645563625698,39.8238091219076],[-90.5707643059864,39.8265764971539],[-90.5734814150734,39.8278123435871],[-90.5756132025826,39.8277735936152],[-90.5777190332716,39.8277828387234],[-90.5797650361627,39.8277758709157],[-90.5819462355041,39.8277657296497],[-90.5841464791295,39.8277881508141],[-90.5863707976045,39.8277978781477],[-90.5886871035646,39.8277624865139],[-90.5908895031467,39.8278223689462],[-90.5972528991248,39.8279819376678],[-90.6028819214598,39.8280079468259],[-90.6083419715882,39.8280519611342],[-90.6152326795364,39.8280055315571],[-90.6172938639559,39.8280410610416],[-90.6196689197355,39.8280507876496],[-90.6217337872476,39.8280767277937],[-90.6239339410415,39.8280708638222],[-90.6262476418873,39.8281075646869],[-90.6280447216131,39.8281238465112],[-90.6297804455068,39.8281411617695],[-90.6315562360588,39.8281588916401],[-90.6331010688529,39.8281742766109],[-90.6346711443065,39.8281899368396],[-90.6363518014732,39.8281945590209],[-90.6379198116999,39.8281988355732],[-90.6393773282484,39.828210771147],[-90.6410630168791,39.8282245686981],[-90.6428432082776,39.8282319496969],[-90.6447747658015,39.8282538877951],[-90.6469293750105,39.8282762405024],[-90.6488315576246,39.8283129419473],[-90.6507927595529,39.8283478496943],[-90.6527132677988,39.8283492287569],[-90.654204561002,39.8283503325589],[-90.6557148975909,39.8283514370507],[-90.6576375626918,39.8283761346146],[-90.6593581059555,39.828395934052],[-90.661075055958,39.8283994517284],[-90.6691209066317,39.8285299767824],[-90.6719509591028,39.8285519837729],[-90.6832659587585,39.828640976797],[-90.688349974109,39.8286809901269],[-90.7022099009646,39.8287899899591],[-90.7087049001319,39.8288409707769],[-90.7118949075373,39.8289059566223],[-90.7130569681889,39.8289299648064],[-90.7222402701669,39.8289279379671],[-90.7325479835047,39.8295269760588],[-90.735859983024,39.8296689500071],[-90.741615938207,39.8299159888068],[-90.743585763962,39.8299451705897],[-90.745100323531,39.8300288505819],[-90.7467842155311,39.8300252626233],[-90.7483918405636,39.8300144325196],[-90.7505642355168,39.8300077408821],[-90.7529068630131,39.8300060845292],[-90.7550126038706,39.8299958746064],[-90.7570792680132,39.8300081547978],[-90.7594216251166,39.8300000827504],[-90.7617998249998,39.8299923570117],[-90.7643529268688,39.8300679655969],[-90.7693929247703,39.8300559620497],[-90.7763539699069,39.830039956627],[-90.776987911003,39.8300389915139],[-90.7831839508437,39.8300239525802],[-90.7952779695137,39.8299949777888],[-90.7957949499598,39.8299949777888],[-90.7993719515896,39.8299959435924],[-90.8231229585441,39.8300039466542],[-90.8274699062039,39.8300049807538],[-90.8326489633115,39.8300459590921],[-90.8339659833495,39.8300559620497],[-90.8373419420188,39.8300819697327],[-90.8427479135671,39.8301239821228],[-90.8556409836824,39.8302249766303],[-90.8741959544721,39.8303699845023],[-90.8751309219182,39.8303939914849],[-90.8754689579596,39.8303969585542],[-90.8762199495371,39.8304029596084],[-90.8947239867486,39.8296670839277],[-90.9022699249667,39.8294210790311],[-90.9164756717657,39.8303080250629],[-90.9608050301272,39.8303556141117],[-90.9731544326461,39.830415101066],[-90.9884899555436,39.8305359636414],[-90.9925019223323,39.8305449317463],[-91.000164911032,39.8305549346313],[-91.0117968803374,39.83061735467],[-91.0288695123307,39.8306887385992],[-91.039148760752,39.830673206563],[-91.049642207063,39.8308315069248],[-91.065548903971,39.8307958146987],[-91.0780291766537,39.830760123144],[-91.0897480220302,39.8307482245753],[-91.1199790738974,39.8308790956109],[-91.1299679661577,39.8310379687629],[-91.1394709740538,39.8384319267429],[-91.1460579607061,39.8435789726553],[-91.1469639116701,39.8442609676413],[-91.1481869679294,39.8452439451404],[-91.1505219588475,39.8470709527885],[-91.1611913393085,39.8553161599958],[-91.1711731779971,39.863096997484],[-91.1727793136228,39.8643581117853],[-91.1834036067414,39.8721865389234],[-91.1868009605858,39.8745659337103],[-91.1955269607954,39.8808477768545],[-91.2097204455908,39.8912341240749],[-91.2281969611169,39.9060343718429],[-91.2408437958263,39.9161351840167],[-91.2513919845724,39.9245789269692],[-91.2560949345793,39.9284329876823],[-91.2563749394534,39.9286979266277],[-91.2659439735229,39.9362579674812],[-91.2685779246657,39.9372689687144],[-91.2940129125535,39.9470549546515],[-91.2962909511808,39.9479309527702],[-91.2993009362033,39.9490949394902],[-91.3038229655121,39.9508309666398],[-91.30768491275,39.9523429375497],[-91.3081839268904,39.9525309338282],[-91.3098799461468,39.9531809944932],[-91.3198346970363,39.9569625598287],[-91.3255057919677,39.9591562177723],[-91.3440368801473,39.9662939038363],[-91.3473777982323,39.9664088146196],[-91.3478122459615,39.9665868711141]]},"properties":{"OBJECTID":45372,"ID":"134374","VOLTAGE":138,"STATUS":"IN SERVICE","OWNER":"NOT AVAILABLE","SUB_1":"MEREDOSIA","SUB_2":"EAST QUINCY","VOLT_CLASS":"100-161"}},{"type":"Feature","geometry":{"type":"LineString","coordinates":[[-90.8264910147338,38.7534159501545],[-90.8268631939425,38.753096787893],[-90.8270746465806,38.7535680376983],[-90.8290698057249,38.7530015730377],[-90.8309978598192,38.7524412687941],[-90.8330330829269,38.7518947605553],[-90.8348321389465,38.7513454465574],[-90.8371485347381,38.7506957366597],[-90.8389742707215,38.7501899895424],[-90.8399289094756,38.7499229278376],[-90.8421529584561,38.7492697707046],[-90.8443741337259,38.7486546506342],[-90.8552639607576,38.7481929575039],[-90.8577479821813,38.7480799506531],[-90.8630439101073,38.7478369818153],[-90.865287901687,38.7477339930445],[-90.8672549426647,38.7476439646233],[-90.8746843550174,38.7472912426268],[-90.8758109564697,38.7485378437783],[-90.8760676509605,38.7484155020097],[-90.8762099423048,38.7481805849089]]},"properties":{"OBJECTID":45376,"ID":"134380","VOLTAGE":161,"STATUS":"IN SERVICE","OWNER":"UNION ELECTRIC CO - (MO)","SUB_1":"UNKNOWN117798","SUB_2":"UNKNOWN117856","VOLT_CLASS":"100-161"}},{"type":"Feature","geometry":{"type":"LineString","coordinates":[[-87.97062924215,41.6955077196938],[-87.9708084731172,41.6961193375829]]},"properties":{"OBJECTID":45380,"ID":"134486","VOLTAGE":138,"STATUS":"IN SERVICE","OWNER":"NOT AVAILABLE","SUB_1":"UNKNOWN122316","SUB_2":"TAP138224","VOLT_CLASS":"100-161"}},{"type":"Feature","geometry":{"type":"LineString","coordinates":[[-88.5889071305012,41.1424750536847],[-88.5893812271722,41.1425775798173],[-88.5902495899298,41.1429655715261],[-88.5912887574572,41.1425116286227],[-88.5938813097402,41.1412208135562],[-88.5972309504666,41.1395248215016],[-88.6004244118943,41.1379270026201],[-88.6039009360613,41.1362142650028],[-88.6070146890755,41.1346989055514],[-88.610450778275,41.1329210991375],[-88.6140840575607,41.1310738040407],[-88.6177040786112,41.1292329790246],[-88.620984353228,41.1275891250872],[-88.6242451245216,41.1259461387334],[-88.6270362601779,41.1243947907576],[-88.6302951207549,41.122648743685],[-88.6335661553007,41.1208867309455],[-88.6366334708046,41.1192189387342],[-88.6399137085905,41.1174624489702],[-88.6431910169702,41.1156669001366],[-88.6464134167264,41.1142266054931],[-88.6498525916388,41.1126769926321],[-88.6532632127017,41.1111422285555],[-88.6566851579269,41.10959108701],[-88.6601170331294,41.1080705067019],[-88.6627779642735,41.1068609298064],[-88.6661740793411,41.1053749697208],[-88.6695439905518,41.1039015771303],[-88.6730986717418,41.1023767717733],[-88.6765441465393,41.1008585148212],[-88.6798356599786,41.0993526988536],[-88.6828174962917,41.0972059796693],[-88.685557320179,41.0952699710121],[-88.6882938005368,41.0932499158511],[-88.6909149273307,41.0913298815003],[-88.693587845594,41.0893590355368],[-88.6962190829264,41.0873934928287],[-88.6989142210182,41.08549621756],[-88.7019282772056,41.0833275006238],[-88.7049227132888,41.0811525211018],[-88.7078197360627,41.0790278241173],[-88.7107381028076,41.0769428269228],[-88.7135651019051,41.0748609545416],[-88.7162046163145,41.0729663351344],[-88.7187439712647,41.0710782980328],[-88.7216717200145,41.0689466430261],[-88.7246863897513,41.0667624520826],[-88.7276524857839,41.064634437854],[-88.7300306829722,41.0628906319439],[-88.7331543048781,41.0606175187732],[-88.7362163912888,41.0584138105968],[-88.7390782926299,41.0563116049672],[-88.7419752740813,41.0542223126683],[-88.7448328706956,41.0521528216955],[-88.7477334490013,41.0500573436046],[-88.7507261639125,41.0478398256406],[-88.7534315984941,41.0459012997352],[-88.7565803552617,41.0436086858576],[-88.7583223889219,41.0423177106789],[-88.7609568916304,41.0403741491483],[-88.7633027755195,41.0388351205933],[-88.765235400242,41.0377384785662],[-88.7683420457857,41.0358361065195],[-88.771465797049,41.0339399190005],[-88.7745890802901,41.032067217984],[-88.7768653016256,41.030687004944],[-88.7794127378201,41.0291580368855],[-88.7819718206723,41.0276204030297],[-88.7853648913494,41.0255700318037],[-88.7881135932866,41.023890707149],[-88.7908491968888,41.0222408775465],[-88.7936546139615,41.0205318995468],[-88.7963508174552,41.0189116248051],[-88.7995345294672,41.0169629977582],[-88.802626837899,41.0150504289487],[-88.8057846191419,41.0130753186383],[-88.808799067893,41.0111687938902],[-88.8118874461954,41.0092525658203],[-88.814761241231,41.0074321826093],[-88.8171832600354,41.0058345334944],[-88.8202873678384,41.0038756951101],[-88.8233844562058,41.0019329526302],[-88.8264422540593,40.9999999847626],[-88.8294736522232,40.9980736648189],[-88.8324840810135,40.9961469705936],[-88.835563906456,40.9942169146742],[-88.8386258985436,40.9922705955784],[-88.8416449700252,40.9903601307801],[-88.8448163885925,40.9883738860099],[-88.8479180880122,40.9864484679416],[-88.8509754124536,40.9845060981331],[-88.8540425482944,40.9825657367477],[-88.8571177186672,40.9806683519865],[-88.8602244998565,40.9787543649135],[-88.8631845646004,40.9769239815863],[-88.8662078024682,40.9750727999369],[-88.8692866828831,40.9731466795054],[-88.8723778567427,40.9712442318688],[-88.8754686829543,40.969335904963],[-88.8785634851093,40.9674215429522],[-88.8816424652371,40.9655130437595],[-88.8847333794836,40.9636015128085],[-88.8879511969336,40.9616060986469],[-88.8908912669759,40.9597842830453],[-88.8940615761237,40.9578156249391],[-88.8970453986119,40.9559728738375],[-88.9001401845972,40.9540490527674],[-88.9032312758118,40.9521400671367],[-88.906333931039,40.9502282207977],[-88.9094287628384,40.9483042601438],[-88.9125197309837,40.9463952508978],[-88.9157137089427,40.9444142668402],[-88.9188551354576,40.9424667577328],[-88.9219651865146,40.9404382340044],[-88.9251791807347,40.9383580275091],[-88.928337327592,40.9363079758975],[-88.9315352213073,40.9342218545746],[-88.9345742299983,40.9322286206254],[-88.9376610515203,40.9301872777141],[-88.9407639079702,40.9281459097412],[-88.9440571551579,40.9259664017956],[-88.94719374155,40.9239053276209],[-88.9503235869843,40.9218371326682],[-88.952659471726,40.9202459240782],[-88.9553014502143,40.9183904525106],[-88.9581305738273,40.916411528548],[-88.9607216888059,40.9145974118465],[-88.9637091916918,40.912528669709],[-88.9666451573315,40.910441795607],[-88.9694469362273,40.908483390628],[-88.9720494786746,40.906678384825],[-88.9746601859095,40.9048311190681],[-88.9774695726375,40.9028758117045],[-88.980322331824,40.9008754936174],[-88.9833815148797,40.8987341029347],[-88.9861788749626,40.8967787341489],[-88.9890633725265,40.8947602851007],[-88.9919557285524,40.8927297888941],[-88.994695439252,40.890799726134],[-88.9975104081112,40.8890228817887],[-89.0002044358853,40.8872921600687],[-89.0029779681553,40.8855313240222],[-89.005898043496,40.8836625976914],[-89.0085367449301,40.8819646209951],[-89.0117190429938,40.8799366411339],[-89.0147661607769,40.8779956888537],[-89.0177934141141,40.8760516991529],[-89.0200075367106,40.8746295417338],[-89.0229200563214,40.8727723765568],[-89.0261020112286,40.8707382880795],[-89.0293237830625,40.868668051842],[-89.0312402857206,40.8674347967177],[-89.034576355598,40.8653054467787],[-89.0360471043306,40.8644376370828],[-89.0378803295686,40.8631911878903],[-89.0411498342834,40.8610793705088],[-89.0436162100999,40.8594856177781],[-89.0463932817322,40.8577134348007],[-89.0492183835877,40.8552463305204],[-89.0513899215482,40.8533300850895],[-89.053917915505,40.8511165480837],[-89.0561174539529,40.8491896045009],[-89.058813592768,40.8468190629002],[-89.0611677204965,40.8447495468385],[-89.0636592266831,40.8425697846199],[-89.066307708974,40.840256189109],[-89.0689590856367,40.837933989583],[-89.0715377382874,40.835692204986],[-89.0741639091216,40.8334186838376],[-89.0770031558496,40.8309668886179],[-89.0798705081679,40.8284768149232],[-89.0823393390801,40.8263368791325],[-89.084968247081,40.8240418690318],[-89.0873026388227,40.8220268969121],[-89.0899091500269,40.8197550805734],[-89.0924791150704,40.817542591591],[-89.0950993660069,40.8152666437827],[-89.0977142018989,40.8129883076359],[-89.1003377236013,40.8107010401343],[-89.1028488400105,40.808543466546],[-89.1054578090054,40.8062756210771],[-89.1080755105231,40.8039927589618],[-89.1104358285422,40.8019422516805],[-89.1133268335019,40.7998792359781],[-89.1163597013097,40.7977172248444],[-89.1192325432327,40.7956549387899],[-89.1221277442232,40.7935845085695],[-89.1250360651083,40.7915087701554],[-89.1280473796374,40.7893581717165],[-89.130983652501,40.7872310137279],[-89.1332771286765,40.7856117740832],[-89.1363163466749,40.7834187775174],[-89.1389221356336,40.7815653357458],[-89.1412277309806,40.7789751498495],[-89.1436442026882,40.7762377921621],[-89.1458820255368,40.7737378811344],[-89.1481911791106,40.7711268431282],[-89.1503615330916,40.7686806976541],[-89.1523324107738,40.7664553425952],[-89.1551180720968,40.7643786800487],[-89.1579947983351,40.7622328797715],[-89.1608000061004,40.7601471675946],[-89.1636288683037,40.7580314971285],[-89.1664580170696,40.755915541576],[-89.1694695705506,40.7536732537006],[-89.1721357200083,40.7516835658901],[-89.1745386064938,40.7498812975931],[-89.1771875469255,40.7481423520449],[-89.179897414693,40.7463358499032],[-89.1828293810331,40.7443940445794],[-89.1856505338947,40.7425000865579],[-89.1886505727703,40.7405218120822],[-89.1915149947842,40.7386280779958],[-89.1943596296073,40.7367311698153],[-89.1971847907516,40.7348310266931],[-89.2000421079899,40.7329305440843],[-89.2027796959705,40.7311446271062],[-89.2059694859837,40.729010047814],[-89.2092032099024,40.7268662198793],[-89.2120875304981,40.7249239381015],[-89.2150593721553,40.7229362495985],[-89.2180470708739,40.7209184451498],[-89.2206221940438,40.7191953707553],[-89.2239194638874,40.7169699846086],[-89.2270976036497,40.7148437389413],[-89.2297877039894,40.7130272900512],[-89.232898515021,40.7109369179806],[-89.2360053096851,40.7088526429108],[-89.2389058781093,40.7069006049127],[-89.2419381449442,40.7048756536127],[-89.2450934782779,40.7028597860871],[-89.2478589733211,40.7010971339958],[-89.2506283005773,40.6993223881565],[-89.2534040211434,40.6975367170021],[-89.2561519900554,40.6956156161185],[-89.2594571345308,40.6932811015262],[-89.2627902345778,40.6909585510274],[-89.2659680653196,40.6887233879303],[-89.2689280770629,40.6866262967895],[-89.2719237249734,40.684526226157],[-89.2748797428069,40.6824260328089],[-89.2778833156549,40.6803229175056],[-89.2808989699452,40.6785964825353],[-89.2838432369164,40.6769203487507],[-89.2869499633085,40.6751539275204],[-89.2899483331144,40.6734545090927],[-89.2932835226428,40.6714162287656],[-89.2965847190225,40.6693872779493],[-89.3000352279789,40.6672859357979],[-89.3031207855713,40.6653796050066],[-89.3067208289882,40.6631900235928],[-89.310146462696,40.6610884827647],[-89.312947965809,40.6593763040032],[-89.3163888349441,40.6579104706462],[-89.3198560399883,40.6564474025916],[-89.323173847116,40.6550473905807],[-89.3264750192412,40.6536441147101],[-89.3297763800126,40.6522470671493],[-89.3332558515521,40.6507807650009],[-89.3368556389491,40.6492516137947],[-89.3404803006963,40.6477129215804],[-89.3438646990376,40.6462716364937],[-89.3473483800825,40.6448084420426],[-89.3505582420524,40.643442699738],[-89.3540045873174,40.641979467125],[-89.3575701039863,40.6404585885476],[-89.3603481880199,40.638881504523],[-89.3631766666426,40.6372858830084],[-89.3662661354998,40.6355360899608],[-89.3695839893398,40.6336446569406],[-89.3724788750216,40.6319984657286],[-89.3757969193044,40.6301225215636],[-89.3790150116389,40.6283127565465],[-89.382328386479,40.6264181278717],[-89.3848085325705,40.6249984374969],[-89.388296574936,40.6230120905226],[-89.3916392501257,40.6211234740312],[-89.3950855226272,40.6191466268644],[-89.3982578502895,40.6173433396615],[-89.4015097120921,40.6154884666376],[-89.4039693182047,40.6140873636217],[-89.4075897021745,40.6120442158121],[-89.4107789100794,40.6102182035598],[-89.4141673041271,40.6082975501193],[-89.4169737282113,40.6066940668643],[-89.4202076713189,40.605488675905],[-89.4237491966816,40.6041472857497],[-89.4272993925833,40.602809124715],[-89.4308535922763,40.6014676787368],[-89.4344740346367,40.6001043647894],[-89.4380988742503,40.5987249969342],[-89.4418149907817,40.5973299097687],[-89.445688600847,40.5958782045475],[-89.4489269349198,40.5946611800759],[-89.4523898550001,40.5933480537389],[-89.4559980227804,40.5919844254976],[-89.4596891167395,40.5905924229351],[-89.4629489079712,40.5893609807018],[-89.4665031031726,40.5880193351379],[-89.4700489691947,40.5866807571214],[-89.4735992369616,40.5853358738922],[-89.477157446734,40.5840036059916],[-89.480856692006,40.5825926149161],[-89.4841540534778,40.5813420866535],[-89.487751462136,40.5799989279686],[-89.4878699858546,40.5799497766056],[-89.4906592260657,40.5788953841502],[-89.4934842156318,40.5770556725586],[-89.4967314106866,40.5749578586387],[-89.4996967692024,40.5730141709658],[-89.5030025487867,40.5708906840656],[-89.5062995590172,40.5687673959079],[-89.5090449686289,40.5669968661627],[-89.5123666699534,40.5648452601365],[-89.5156181688366,40.5627186880127],[-89.5187874539051,40.5606611937932],[-89.5216582216181,40.5592282559577],[-89.5249551114744,40.5575741380811],[-89.5282770769035,40.5558977935121],[-89.5317982051193,40.5541394778393],[-89.5350202859736,40.5525137340858],[-89.5386326857172,40.5506827930869],[-89.5420168810393,40.5489842858146],[-89.5455235176329,40.5472042319816],[-89.5489782846037,40.5454676547723],[-89.5525036007654,40.5436807309107],[-89.5558992127764,40.5419879025634],[-89.5589756866047,40.5410116487547],[-89.5629657129409,40.5397508507982],[-89.5663872817721,40.5386917827939],[-89.570235889028,40.5374815151137],[-89.5738898017176,40.5363467549523],[-89.5775558227988,40.5352027116664],[-89.5811307888462,40.5340774248038],[-89.5845525067977,40.5330119680801],[-89.5883927857727,40.5318142479812],[-89.5922994807899,40.5305879979868],[-89.5960321388989,40.5294248660882],[-89.5994536098137,40.5283562409577],[-89.6031071362276,40.5272151379704],[-89.6071672581055,40.5259290181562],[-89.6102705655096,40.524953850937],[-89.614402708917,40.5248525878327],[-89.6186661141538,40.52473281982],[-89.6231711374559,40.5246224487488],[-89.6271905458884,40.5245940380885],[-89.6311308199309,40.5245530639502],[-89.6350171734968,40.5245530639502],[-89.638421835136,40.5245341508051],[-89.6419388328982,40.5245184456116],[-89.6453396659176,40.5245058807712],[-89.6487527178216,40.5244900396869],[-89.652094343779,40.5244711948075],[-89.655354099078,40.5244490709478],[-89.6599204647376,40.5244269457151],[-89.6641465791103,40.524417590868],[-89.6672818333008,40.52440174908],[-89.6702946830508,40.5243923225315],[-89.6729859619801,40.5256597030815],[-89.6758807955596,40.5270247246472],[-89.6788171986789,40.5284085280497],[-89.6816784011308,40.5297638834861],[-89.6846204492633,40.5311201346126],[-89.6866223484672,40.5337725075363],[-89.6874600822669,40.5350438125276],[-89.6875418568055,40.537816453586],[-89.6877619467451,40.539440541582],[-89.6875573132183,40.5421626460361],[-89.6866340831598,40.5422197528163],[-89.6863412215974,40.5405282276308]]},"properties":{"OBJECTID":45436,"ID":"134441","VOLTAGE":345,"STATUS":"IN SERVICE","OWNER":"NOT AVAILABLE","SUB_1":"TOP CROP","SUB_2":"POWERTON STATION","VOLT_CLASS":"345"}},{"type":"Feature","geometry":{"type":"LineString","coordinates":[[-89.2688506521668,39.5680098340595],[-89.2665164005623,39.5679098968577],[-89.2603845300773,39.5669319378427],[-89.2489858667259,39.5670556739784],[-89.2490989430606,39.5593048264996],[-89.2505989669901,39.5576179407781],[-89.2680584881049,39.5365571801163],[-89.2777219800265,39.532702976541],[-89.2797709464598,39.5318629779021],[-89.2897782074709,39.5279149779394],[-89.2900039262541,39.5151019526352],[-89.2899606328473,39.512189119781],[-89.2900439138606,39.4983644507516],[-89.2901038773042,39.4826795201033],[-89.2918632592291,39.4825883645363],[-89.2975382726118,39.4824574945137],[-89.2977677337764,39.4825339529107],[-89.2981183318587,39.4823039798098]]},"properties":{"OBJECTID":45455,"ID":"134523","VOLTAGE":138,"STATUS":"IN SERVICE","OWNER":"NOT AVAILABLE","SUB_1":"TAYLORVILLE SOUTH","SUB_2":"UNKNOWN122516","VOLT_CLASS":"100-161"}},{"type":"Feature","geometry":{"type":"LineString","coordinates":[[-91.2734402636519,38.1671132595483],[-91.2746665008456,38.1664224228895],[-91.2802239535037,38.1637599437348],[-91.288668768453,38.1596221899113],[-91.2981492582798,38.1545814818995],[-91.3005640842738,38.1532731785319],[-91.3103945182095,38.1479873964773],[-91.3309585675389,38.136928632077],[-91.3475719079955,38.128110986692],[-91.3576452481807,38.1225100910823],[-91.3610488210617,38.1206926145132],[-91.3654506494972,38.1183440387878],[-91.3690499077866,38.1167509471573],[-91.3753619201304,38.1138999885359],[-91.3754509431751,38.1138529875666],[-91.3840752343316,38.1094127770405],[-91.3880189129891,38.1071919729198],[-91.3898569558919,38.1062339780169],[-91.3914499374869,38.1054039836389],[-91.3943019097493,38.1039179287346],[-91.3969799672743,38.1025229626623],[-91.3971229790675,38.0998219515833],[-91.397454906565,38.0935739485116],[-91.3974829340019,38.0928159935529],[-91.3975579433281,38.0908049456311],[-91.3977106910624,38.0867400518842],[-91.3974844207137,38.0864167128689]]},"properties":{"OBJECTID":47014,"ID":"136207","VOLTAGE":161,"STATUS":"IN SERVICE","OWNER":"UNION ELECTRIC CO - (MO)","SUB_1":"UNKNOWN117749","SUB_2":"TAP138941","VOLT_CLASS":"100-161"}},{"type":"Feature","geometry":{"type":"LineString","coordinates":[[-89.0472924432293,40.5898820419381],[-89.0478337698161,40.5899653230321],[-89.0480538705355,40.5914405878907],[-89.0489997057998,40.6218976891357],[-89.0494399072385,40.6442646225939],[-89.0499752851815,40.649654101667],[-89.0516884972941,40.6645852195808],[-89.0542464177263,40.7523754336981],[-89.0550078450325,40.7889239547065],[-89.0555908130243,40.8114693475685],[-89.05694710561,40.874132452838],[-89.0572921278494,40.9093603725707],[-89.0572796466568,40.9253923419359],[-89.0575181772125,40.9256834760969]]},"properties":{"OBJECTID":47053,"ID":"136273","VOLTAGE":138,"STATUS":"IN SERVICE","OWNER":"NOT AVAILABLE","SUB_1":"UNKNOWN123126","SUB_2":"MCLEAN WIND FARM STEP-UP TRANSFORMER","VOLT_CLASS":"100-161"}},{"type":"Feature","geometry":{"type":"LineString","coordinates":[[-87.122780614498,37.3641291640455],[-87.1217172975608,37.3649866781736],[-87.1227340000195,37.3657449998373],[-87.1220910003122,37.36657999956],[-87.1196529995806,37.3686429995752],[-87.1188419996438,37.3693479996796]]},"properties":{"OBJECTID":47083,"ID":"161060","VOLTAGE":138,"STATUS":"IN SERVICE","OWNER":"KENTUCKY UTILITIES CO","SUB_1":"GREEN RIVER","SUB_2":"TAP161556","VOLT_CLASS":"100-161"}},{"type":"Feature","geometry":{"type":"LineString","coordinates":[[-87.1188419996438,37.3693479996796],[-87.1178863655563,37.3715236515481],[-87.1169881185442,37.3736175768086],[-87.1178209304744,37.374486079721],[-87.1193616319165,37.3750993866686]]},"properties":{"OBJECTID":47096,"ID":"161059","VOLTAGE":138,"STATUS":"IN SERVICE","OWNER":"KENTUCKY UTILITIES CO","SUB_1":"TAP153064","SUB_2":"TAP161556","VOLT_CLASS":"100-161"}},{"type":"Feature","geometry":{"type":"LineString","coordinates":[[-90.9391079483063,39.9558759287116],[-90.9432909525285,39.9559359747627],[-90.9549559367173,39.9561109460976],[-90.972769977959,39.9563739875611],[-90.974255971102,39.9563959535433],[-90.9751759357844,39.9564099318919],[-90.9756459343411,39.956414958588],[-90.9779329552229,39.9564499388739],[-90.9983749279968,39.9567519529607],[-91.0001689525524,39.9567779807835],[-91.0043109055628,39.9568989657191],[-91.0051239707264,39.956905988583],[-91.0076149091778,39.9569359426488],[-91.0089479192279,39.9569489568708],[-91.0105729715768,39.9569649319969],[-91.0208699105211,39.9570689768006],[-91.0305469220877,39.9571649650497],[-91.0307589235965,39.9571649650497],[-91.0333098129149,39.957051442749],[-91.039613004701,39.9570942725405],[-91.0488143807826,39.9573441170471],[-91.0575899850639,39.9575239895156],[-91.0634339751447,39.9575119401001],[-91.0683021666549,39.9574583308827],[-91.0698109356836,39.9575229566496],[-91.0706363059701,39.9573757620706],[-91.0790311557249,39.9571442415148],[-91.0926819529858,39.9576829825213],[-91.0964309819925,39.95779198397],[-91.1046569448807,39.9580379416921],[-91.1076059342955,39.9581169897281],[-91.1345409092817,39.9583694587653],[-91.1514754450631,39.9619416776146],[-91.1571338872237,39.9631304756721],[-91.1723376730831,39.965840233519],[-91.2065350204916,39.9660030138601],[-91.2309733563177,39.9664229775016],[-91.2359558153287,39.966399668058],[-91.2399942940964,39.9667484289946],[-91.2634249187014,39.9669699299103],[-91.2670218880834,39.9670523418677],[-91.2798830437517,39.9672563021019],[-91.295896844096,39.9675884657112],[-91.3012697414722,39.9673437127562],[-91.3087909185278,39.9670389846394],[-91.3153029856855,39.9667379798657],[-91.3157329184821,39.966717944963],[-91.3246825650616,39.9662978296005],[-91.3268326826941,39.9663535290233],[-91.330243945154,39.9664489527607],[-91.347312330811,39.9667376597204],[-91.3478122459615,39.9665868711141]]},"properties":{"OBJECTID":47102,"ID":"136318","VOLTAGE":138,"STATUS":"IN SERVICE","OWNER":"NOT AVAILABLE","SUB_1":"TAP138529","SUB_2":"EAST QUINCY","VOLT_CLASS":"100-161"}},{"type":"Feature","geometry":{"type":"LineString","coordinates":[[-87.6199512474717,41.4324701249336],[-87.6191466848622,41.4310601371408]]},"properties":{"OBJECTID":47135,"ID":"136354","VOLTAGE":345,"STATUS":"IN SERVICE","OWNER":"NOT AVAILABLE","SUB_1":"CRETE ENERGY VENTURE LLC","SUB_2":"TAP138152","VOLT_CLASS":"345"}},{"type":"Feature","geometry":{"type":"LineString","coordinates":[[-89.532854229533,40.9161496395869],[-89.5329351309091,40.916349515028],[-89.5328399526082,40.9166969159807],[-89.5328384982357,40.9178130916278],[-89.5358747823365,40.9178259150609],[-89.5369957199109,40.9159735151539],[-89.543579782547,40.9151325899187],[-89.5504064540902,40.9149040826921],[-89.5536321344939,40.9148009346511],[-89.5536131917195,40.9047890556882],[-89.5536036516112,40.8825619155309],[-89.5602280405187,40.8826285410792],[-89.5602090061161,40.8641836206239],[-89.5821150055294,40.8641150899205],[-89.5821893716618,40.8582809115423],[-89.5821712912701,40.8568653210374],[-89.5822676257029,40.8511651150629],[-89.582378059194,40.8468122090558],[-89.5724177432413,40.8466818880241],[-89.5724462800229,40.8444749497077],[-89.5722648221321,40.84265128707],[-89.5592535265389,40.8425543866054],[-89.5571307266741,40.8430074895899],[-89.557008730967,40.8430108779729],[-89.556867782604,40.8430254495128]]},"properties":{"OBJECTID":47155,"ID":"136370","VOLTAGE":138,"STATUS":"IN SERVICE","OWNER":"AMEREN ILLINOIS COMPANY","SUB_1":"UNKNOWN123089","SUB_2":"UNKNOWN123090","VOLT_CLASS":"100-161"}},{"type":"Feature","geometry":{"type":"LineString","coordinates":[[-90.2862625006483,38.9171485666166],[-90.2858583009913,38.9172026945171],[-90.2845752471524,38.9164842731563],[-90.2827976464952,38.9131945321528],[-90.2806759874908,38.9094834586061],[-90.2814313349992,38.9054223228926],[-90.2799228992454,38.9027382139225],[-90.277024113977,38.9012685526997],[-90.2726776055933,38.8990686246413],[-90.2682590945447,38.8968154456358],[-90.263833847928,38.894567975105],[-90.2594192750936,38.8923210787968],[-90.2551851073244,38.8901614987472],[-90.2507904950556,38.8879299250396],[-90.2465043220179,38.8857369426668],[-90.2419748295058,38.8844007375657],[-90.2374358992933,38.8830617759679],[-90.2329009971266,38.8817226877397],[-90.2283579732914,38.8803712120337],[-90.2238230558532,38.8790258715809],[-90.2193042128688,38.87767749785],[-90.2148055415541,38.8763383710924],[-90.2105424471345,38.8750746569561],[-90.2064609237933,38.8730042459373],[-90.2027736126398,38.8711681571679],[-90.2025506265318,38.8677826657369],[-90.2022860906469,38.8640366289554],[-90.2019893780069,38.8600871580084],[-90.2017086454975,38.8561311228682],[-90.201428012701,38.8521811330817],[-90.2011473808029,38.8482248596471],[-90.2008626157561,38.8442619986082],[-90.2005789277894,38.840304622147],[-90.2002961363414,38.8363453350342],[-90.2000079550016,38.8322798469568],[-90.2024551050744,38.8278732877653],[-90.2039047892119,38.8252574549501],[-90.2055226182077,38.8223381056947],[-90.2076683179257,38.818441212139],[-90.2095390199789,38.8150571158906],[-90.2112934279322,38.8118950765402],[-90.2133170277385,38.8081820520355],[-90.2131052076894,38.8069521070149],[-90.2120922889346,38.8055032744857],[-90.211100033228,38.8040527638727],[-90.2101038482903,38.8026023896455],[-90.2091080334585,38.8011395188721],[-90.208181863214,38.7998270044822],[-90.2073248587549,38.7986158558677],[-90.206502829303,38.7974142320599],[-90.2052054859629,38.7959308165543],[-90.2053947942309,38.794150616979],[-90.2055518448954,38.7927182846534],[-90.2057608846587,38.790900407954],[-90.2059608424544,38.7890894966815],[-90.2061208180335,38.7876713000761],[-90.2062705546149,38.7862485700027],[-90.2064246453305,38.784828786859],[-90.206587687758,38.7834138120982],[-90.206741742541,38.7819873689782],[-90.2069032749004,38.7805583917133],[-90.207450737879,38.7763039029017],[-90.2079783750392,38.7716789130902],[-90.2083142919549,38.7684636410351],[-90.209374525874,38.7670002398618],[-90.2104529991867,38.7655356389538],[-90.2115263862382,38.7644866719793],[-90.2127785299464,38.7635270718837],[-90.2142359404937,38.7627026227877],[-90.2173110416962,38.7609819604749],[-90.218621390845,38.7596619407487],[-90.2192944877076,38.7580541718405],[-90.2195580300557,38.7537939175556],[-90.2197576860175,38.7509578795546],[-90.2199501931863,38.7481220126226],[-90.2201070704759,38.7453023534777],[-90.2202212274839,38.743872212569],[-90.2204356930715,38.7420990996529],[-90.2211847820172,38.7403574059053],[-90.221374901464,38.7393706871437],[-90.2223330427494,38.739348202112]]},"properties":{"OBJECTID":47192,"ID":"136422","VOLTAGE":138,"STATUS":"IN SERVICE","OWNER":"UNION ELECTRIC CO - (MO)","SUB_1":"UNKNOWN117132","SUB_2":"UNKNOWN117835","VOLT_CLASS":"100-161"}},{"type":"Feature","geometry":{"type":"LineString","coordinates":[[-90.8368937725235,38.5623004005718],[-90.8358289679762,38.5624100518236],[-90.8347118724962,38.5631794616741],[-90.8346179895659,38.5634782101382]]},"properties":{"OBJECTID":47227,"ID":"136466","VOLTAGE":345,"STATUS":"NOT AVAILABLE","OWNER":"UNION ELECTRIC CO - (MO)","SUB_1":"LABADIE","SUB_2":"NOT AVAILABLE","VOLT_CLASS":"345"}},{"type":"Feature","geometry":{"type":"LineString","coordinates":[[-89.5911525612425,39.8233014327788],[-89.5909920331995,39.823710739675],[-89.5910003246496,39.8239014547732],[-89.5917217257217,39.8239097469319],[-89.5918295217591,39.8274752935034],[-89.5765609862323,39.8314737506602],[-89.5700329335542,39.833201239119],[-89.5596822789493,39.8358652840458],[-89.5500882914778,39.8441362895595],[-89.5472139026559,39.8456972167188],[-89.538766262505,39.8457503409944]]},"properties":{"OBJECTID":47260,"ID":"136504","VOLTAGE":138,"STATUS":"IN SERVICE","OWNER":"NOT AVAILABLE","SUB_1":"INTERSTATE","SUB_2":"UNKNOWN122555","VOLT_CLASS":"100-161"}},{"type":"Feature","geometry":{"type":"LineString","coordinates":[[-87.9753578471432,42.3137882805759],[-87.9763094262354,42.312704103723],[-87.9764046036381,42.3123186309182],[-87.9762856864574,42.3112673290286]]},"properties":{"OBJECTID":47267,"ID":"136507","VOLTAGE":138,"STATUS":"IN SERVICE","OWNER":"COMMONWEALTH EDISON CO","SUB_1":"TAP137888","SUB_2":"LIBERTYVILLE","VOLT_CLASS":"100-161"}},{"type":"Feature","geometry":{"type":"LineString","coordinates":[[-87.6741216875,38.3470251164834],[-87.6745240501022,38.346908155598],[-87.6745097731774,38.344523935668],[-87.6964424552496,38.3452770347671],[-87.7272445769226,38.3514570899758],[-87.7282736940987,38.349551141594],[-87.7326697481635,38.349551141594],[-87.7333181521356,38.3506456935765],[-87.7349242877613,38.3519841405949],[-87.7382436354997,38.3545718050807],[-87.7378926646165,38.3548513907054],[-87.7479720621416,38.3628404321235],[-87.7479244729911,38.3695909617073],[-87.7530593500547,38.3696766228309],[-87.7619680523217,38.3739596525516],[-87.7637757995416,38.3745267739734]]},"properties":{"OBJECTID":47284,"ID":"136531","VOLTAGE":138,"STATUS":"IN SERVICE","OWNER":"DUKE ENERGY INDIANA, LLC","SUB_1":"UNKNOWN125558","SUB_2":"GIBSON STATION","VOLT_CLASS":"100-161"}},{"type":"Feature","geometry":{"type":"LineString","coordinates":[[-89.3048221129727,41.2958693049182],[-89.3060509813319,41.2965799370582],[-89.309098965091,41.2984319917678],[-89.3148804315297,41.3019006059436]]},"properties":{"OBJECTID":47326,"ID":"136580","VOLTAGE":138,"STATUS":"IN SERVICE","OWNER":"NOT AVAILABLE","SUB_1":"HENNEPIN","SUB_2":"TAP137716","VOLT_CLASS":"100-161"}},{"type":"Feature","geometry":{"type":"LineString","coordinates":[[-87.9326305936667,41.6248522546644],[-87.9311869255466,41.6247187328556],[-87.9317460989632,41.6236717695561],[-87.9166359265395,41.6020948180956],[-87.9017119479248,41.5804797936128],[-87.8908711230935,41.5649181185616],[-87.87998271001,41.5588362168732],[-87.8498206622314,41.5335473045362],[-87.8356295570732,41.5216214471083],[-87.8301948681819,41.5028808115366],[-87.824108385975,41.4965030926605],[-87.8258075906574,41.4959733711],[-87.8261274708486,41.4956176637308],[-87.8255166919139,41.4946433111552]]},"properties":{"OBJECTID":47330,"ID":"136584","VOLTAGE":345,"STATUS":"IN SERVICE","OWNER":"NOT AVAILABLE","SUB_1":"EAST FRANKFORT","SUB_2":"GOODINGS GROVE","VOLT_CLASS":"345"}},{"type":"Feature","geometry":{"type":"LineString","coordinates":[[-87.4293759677177,41.6318705707684],[-87.429040663453,41.6310451116112],[-87.4273888718513,41.6307619848968],[-87.4243635741465,41.6304483869349],[-87.4107720926438,41.6355737459849],[-87.4096442281602,41.6365088739524],[-87.4095639017058,41.6367158676009]]},"properties":{"OBJECTID":47409,"ID":"136679","VOLTAGE":138,"STATUS":"IN SERVICE","OWNER":"NORTHERN INDIANA PUB SERV CO","SUB_1":"UNKNOWN122542","SUB_2":"UNKNOWN122544","VOLT_CLASS":"100-161"}},{"type":"Feature","geometry":{"type":"LineString","coordinates":[[-91.1237648907116,37.6073375420223],[-91.1246249458495,37.6099593129753],[-91.1251525946878,37.6116199755578],[-91.1247746842276,37.6147830428457],[-91.1279690996661,37.6204875190309],[-91.1286536168109,37.6348032618238],[-91.1238762548574,37.6382137850288],[-91.1237895665342,37.6387996888377]]},"properties":{"OBJECTID":47457,"ID":"136770","VOLTAGE":138,"STATUS":"IN SERVICE","OWNER":"UNION ELECTRIC CO - (MO)","SUB_1":"UNKNOWN117730","SUB_2":"TAP153684","VOLT_CLASS":"100-161"}},{"type":"Feature","geometry":{"type":"LineString","coordinates":[[-90.4026510720267,38.6863880244883],[-90.4029731836331,38.6870688628052],[-90.4039137916008,38.687305626567],[-90.4095388335008,38.6880457221357],[-90.413229987647,38.6879616101705],[-90.4175699032948,38.68786162804],[-90.4213836640026,38.6877235085998],[-90.4232021380053,38.6876565439461],[-90.4257827642546,38.6875643257159],[-90.4288192477814,38.6874848046113],[-90.4322199810879,38.6873845427384],[-90.4361468765209,38.6872421268408],[-90.4402883830685,38.6871330126963],[-90.444354527252,38.6870241886821],[-90.4483777256767,38.6869069507934],[-90.4523205419515,38.6867897120114],[-90.455903979112,38.6866766101359],[-90.4599739007113,38.6865509011292],[-90.4637437742259,38.6869533317115],[-90.4674236751766,38.6873635980045],[-90.4717149686113,38.6878142260739],[-90.4729293902641,38.6872181241414],[-90.4731011364684,38.6869458379821],[-90.4738553628792,38.6862895519611]]},"properties":{"OBJECTID":45593,"ID":"134620","VOLTAGE":138,"STATUS":"IN SERVICE","OWNER":"UNION ELECTRIC CO - (MO)","SUB_1":"UNKNOWN117897","SUB_2":"MASON","VOLT_CLASS":"100-161"}},{"type":"Feature","geometry":{"type":"LineString","coordinates":[[-89.564011148014,37.256727059068],[-89.5643439055548,37.2570897611172]]},"properties":{"OBJECTID":45637,"ID":"134727","VOLTAGE":161,"STATUS":"NOT AVAILABLE","OWNER":"UNION ELECTRIC CO - (MO)","SUB_1":"VIADUCT","SUB_2":"NOT AVAILABLE","VOLT_CLASS":"100-161"}},{"type":"Feature","geometry":{"type":"LineString","coordinates":[[-88.1100241305871,41.4920514256217],[-88.1098242563347,41.4913685198644],[-88.1091246942055,41.4912709617921],[-88.1090818643294,41.4913637605272]]},"properties":{"OBJECTID":45702,"ID":"134746","VOLTAGE":138,"STATUS":"IN SERVICE","OWNER":"NOT AVAILABLE","SUB_1":"UNKNOWN124693","SUB_2":"TAP138211","VOLT_CLASS":"100-161"}},{"type":"Feature","geometry":{"type":"LineString","coordinates":[[-87.3229028270705,37.9119268569031],[-87.3223609138838,37.9122677927752],[-87.3189154534593,37.9131862646729],[-87.318753650707,37.9133623450578],[-87.3186251601803,37.9170457500941],[-87.3176828939226,37.9177167577124],[-87.3146847729501,37.9176786869391],[-87.3145729380871,37.9243340390108],[-87.3143599762793,37.9394263654866],[-87.3308139493163,37.9396405168576],[-87.3360666089883,37.9446112108773],[-87.3367411862745,37.9450395139483],[-87.3371623506157,37.9446290565932],[-87.3376617995406,37.9448381921078]]},"properties":{"OBJECTID":45710,"ID":"134756","VOLTAGE":138,"STATUS":"IN SERVICE","OWNER":"SOUTHERN INDIANA GAS & ELEC CO","SUB_1":"UNKNOWN127572","SUB_2":"UNKNOWN127588","VOLT_CLASS":"100-161"}},{"type":"Feature","geometry":{"type":"LineString","coordinates":[[-88.8602111751459,37.2100568625101],[-88.860367882654,37.2105559429791],[-88.8610909689655,37.2109023614982],[-88.8612593141481,37.2116419711033],[-88.861495677069,37.2127452386721],[-88.8669614036517,37.2203753630164],[-88.86978412587,37.2227512919318],[-88.8707219140261,37.2304682106919],[-88.8714684113322,37.2365241720586],[-88.8718043345361,37.2391742390753],[-88.872275561988,37.2434526025382],[-88.87310911952,37.2504325881434],[-88.8743654745303,37.2608332116368],[-88.875943058103,37.274938657059],[-88.8768781863474,37.283690314972],[-88.8777704838175,37.2916496119427],[-88.8788436211373,37.2966607568459],[-88.8884947145114,37.3202079031738],[-88.8949478126605,37.3356648817142],[-88.9027143735192,37.3547767119541],[-88.9082537592602,37.367930372964],[-88.9171429860519,37.3895129837445],[-88.9250813065896,37.3988824015663],[-88.9277343972379,37.4019582616089],[-88.9303199237971,37.4048529260855],[-88.9415091063124,37.4182607320781],[-88.9472437561518,37.4246233918693],[-88.9470889548688,37.4433829324623],[-88.947093984536,37.4435749321476],[-88.9464874663107,37.4685300889185],[-88.947216176076,37.4823408766536],[-88.9490344811954,37.5246010955621],[-88.9511949734711,37.5799705536512],[-88.9638641205356,37.5975686675416],[-88.9750782663343,37.6132585550116],[-88.980557184677,37.620900823522],[-88.9753323467276,37.6274295611606],[-88.9654581890921,37.6399610336708],[-88.9612294255876,37.6473809405527],[-88.9601046450204,37.6495018541425],[-88.9594615411085,37.6507409864779],[-88.9591567427326,37.6525154384999],[-88.9590022325037,37.6544297429663],[-88.9587932349613,37.6548429106076]]},"properties":{"OBJECTID":45724,"ID":"134774","VOLTAGE":161,"STATUS":"IN SERVICE","OWNER":"AMEREN ILLINOIS COMPANY","SUB_1":"MARION S","SUB_2":"JOPPA STATION","VOLT_CLASS":"100-161"}},{"type":"Feature","geometry":{"type":"LineString","coordinates":[[-87.9108633318625,41.2098222894992],[-87.9100408972704,41.2106004127757],[-87.909635508244,41.2113889785387],[-87.9078044874717,41.2128229096575],[-87.9053220686425,41.2135654188671],[-87.8864970076845,41.2137224335147],[-87.8834863049081,41.2138277019308],[-87.8487580720312,41.2139704688704],[-87.8483595119976,41.2140359048524],[-87.8470091680557,41.2210374686253],[-87.8449366585755,41.2306667607309],[-87.846537927129,41.2319720876827],[-87.8479291480096,41.2331263658293],[-87.848336263598,41.2440668781369],[-87.8483849531847,41.2456365387498],[-87.8487587421745,41.2487430567274],[-87.8489027421145,41.2517825666868],[-87.8492663837348,41.2926984970413],[-87.8516106596396,41.2953291481232],[-87.8520701919248,41.2984859294916],[-87.8528859601192,41.3388471968624],[-87.8531714950221,41.3534237751391],[-87.853414200049,41.3705558941263],[-87.854134224902,41.4014360630787],[-87.8542674747031,41.4128003687756],[-87.8550669735093,41.4663001701457],[-87.8545434928539,41.4695076831274],[-87.8531634047947,41.4709353599274],[-87.8531350898969,41.4920376100287],[-87.8532638005108,41.4924573640016]]},"properties":{"OBJECTID":45729,"ID":"134780","VOLTAGE":138,"STATUS":"IN SERVICE","OWNER":"COMMONWEALTH EDISON CO","SUB_1":"DAVIS CREEK","SUB_2":"TAP138144","VOLT_CLASS":"100-161"}},{"type":"Feature","geometry":{"type":"LineString","coordinates":[[-88.2748930449992,41.3910384901097],[-88.2767155784887,41.3911163356189],[-88.277671981534,41.39129897466],[-88.2791628516307,41.3898697948095],[-88.2786667507268,41.3768197269254],[-88.2573723953259,41.3773594038349],[-88.2544315248847,41.3770625335555],[-88.2487480170328,41.3760646510032],[-88.2264612900426,41.3765572760486],[-88.2261867361456,41.3756530639073],[-88.2279221815616,41.374221265052],[-88.228603814216,41.3724268315068],[-88.2286476546968,41.3702943779573],[-88.2287077528876,41.3673714275365],[-88.2287685688324,41.3644084996129],[-88.2288288907037,41.3614708338799],[-88.2291790557981,41.3591781808396],[-88.2295610194569,41.356676700121],[-88.2299981055382,41.3538143287071],[-88.2299381726374,41.3506979685297],[-88.2298710684856,41.347210490067],[-88.2298125890589,41.3441738729172],[-88.2297543773302,41.3411456115008],[-88.2296979640287,41.3382131900355],[-88.2296394819071,41.3351760845184],[-88.2295819007957,41.3321791775274],[-88.2295373452559,41.3298671555618],[-88.2294931418557,41.3275690876716],[-88.2314963400235,41.3255484499509],[-88.2332134687908,41.3238164420419],[-88.2352813878799,41.3217303369363],[-88.2376709945706,41.3193196465552],[-88.2391280610631,41.3178496577844],[-88.2413753755111,41.3155823350016],[-88.2435793929589,41.3133587897114],[-88.2462262070784,41.3106883666959],[-88.2486340756205,41.3083108311009],[-88.251197236824,41.305779932807],[-88.2534693869946,41.3035362508033],[-88.2576352199202,41.3033845881058],[-88.2613147786127,41.3033077747357],[-88.2654028318077,41.3032226108215],[-88.2695433457169,41.303136163926],[-88.2734167922889,41.3030553855759],[-88.2774080960294,41.3029721108878],[-88.2814318307484,41.3028881599015],[-88.2856164510397,41.302800902751],[-88.2897542717998,41.3027144559714],[-88.2938980825261,41.3026280860095],[-88.2950187299447,41.3025939975623],[-88.2973585457141,41.3025228236236],[-88.3013883880787,41.3024003396441],[-88.3052732405598,41.3022821737897],[-88.3093839321982,41.3021571917393],[-88.3133411008563,41.3020367991111],[-88.3173568702136,41.3019147198049],[-88.3207941505791,41.3015015678812],[-88.3243312364676,41.3010763461533],[-88.3283423974675,41.3010001927785],[-88.3325374409111,41.3009203565901],[-88.3367382335726,41.3008405891401],[-88.3409865453159,41.3007598079464],[-88.3452408775683,41.3006788916797],[-88.3488996411603,41.3006094210367],[-88.3522341506641,41.299418986811],[-88.3552607185867,41.2975067167488],[-88.3583399143103,41.2955319026656],[-88.3616237354758,41.2934517139695],[-88.3643171649719,41.2917988916504],[-88.3674713242077,41.2898480959461],[-88.3704649221628,41.2880018670781],[-88.3737371065521,41.2860026340723],[-88.3766683802911,41.2841845851171],[-88.3798635682807,41.2821647336857],[-88.3822883449131,41.2806585037399],[-88.3856134490558,41.278561321931],[-88.3886390162552,41.2766987559766],[-88.3916986987741,41.2747730936545],[-88.3948606329286,41.2727727356469],[-88.3978035335624,41.2708542966425],[-88.4010402219215,41.2687893367946],[-88.4042265129966,41.2667088410782],[-88.4073918643425,41.2646763526167],[-88.4094779518582,41.2633427328807],[-88.4106211389056,41.2626118908688],[-88.4137967570968,41.2605549567046],[-88.4170334068284,41.2584740946269],[-88.4196696944894,41.2567037020343],[-88.4223733207623,41.2549657006418],[-88.4254068928492,41.2530541775017],[-88.4286876813023,41.2509606258431],[-88.4319032089467,41.2488624656981],[-88.4351628519563,41.2467931530087],[-88.4380193265749,41.244948100068],[-88.4414001316551,41.242762543146],[-88.4446928218874,41.2406351440995],[-88.4479745032659,41.2385241318484],[-88.4512779499254,41.2364048991209],[-88.4545926461872,41.2342605975386],[-88.4579292406807,41.2321204959183],[-88.4612217189106,41.2299885631311],[-88.464564076995,41.2278316345652],[-88.4678841838097,41.2256913535676],[-88.46998530553,41.22433076108],[-88.4729913208973,41.2223892708654],[-88.4755172433391,41.2207673298294],[-88.4788483437363,41.2186102308719],[-88.4820970928765,41.2165108010231],[-88.485399909817,41.2144110909248],[-88.4886712911124,41.2123144855325],[-88.4910248160714,41.210421155527],[-88.493511874699,41.2084948360943],[-88.4960793217648,41.2064846681491],[-88.4986241088275,41.2045385349138],[-88.5011038857114,41.2025918551379],[-88.5038827997883,41.2004439641501],[-88.5066536155529,41.1982661450977],[-88.5094128026262,41.1961090226995],[-88.5122157771797,41.193927873568],[-88.5151902769519,41.1916085858524],[-88.5177778238221,41.1896043470234],[-88.5208596785589,41.1871950641253],[-88.5239482616772,41.1847807309478],[-88.5260402035136,41.1830264119489],[-88.5288404435954,41.1806786905065],[-88.5313737025781,41.1787029687539],[-88.5341246529985,41.1765633799858],[-88.5368517459616,41.1744207820168],[-88.5395266081792,41.1723292726062],[-88.5421695146271,41.1702078071196],[-88.5447847278115,41.1681011521405],[-88.5475561382608,41.1658492849278],[-88.5509600938242,41.1641392668916],[-88.554311157482,41.1623654290312],[-88.5575928909628,41.1606227969092],[-88.5609352661151,41.1588542576043],[-88.5642288348998,41.1570980565526],[-88.5675779635864,41.1553419477777],[-88.5707074290333,41.1536760236717],[-88.5738015987743,41.1520217380003],[-88.577278452623,41.1501903721048],[-88.5806550167568,41.1483952466635],[-88.5839605079819,41.1466086948701],[-88.5873190896403,41.1448455187067],[-88.5907567625696,41.1431341990612],[-88.5938756341843,41.141536571617],[-88.5972388807939,41.1398633217278],[-88.6004187084906,41.1382624991232],[-88.6039173285186,41.1365103247378],[-88.6070051354925,41.1350210818921],[-88.6104585145662,41.133233544627],[-88.61407015703,41.1313992195431],[-88.6177075461082,41.1295683589547],[-88.6209830560607,41.1279148846949],[-88.6242445891257,41.1262551549358],[-88.627057344536,41.124743105166],[-88.6302895044878,41.1229843068196],[-88.6335653090877,41.1212254200559],[-88.636644880307,41.1195585067335],[-88.6398987902685,41.1177995450765],[-88.6433957627863,41.1159008550966],[-88.6464309967565,41.1145538310293],[-88.6498457024589,41.1130181301414],[-88.6532694622811,41.1114690146433],[-88.6566978888511,41.1099198375491],[-88.6601264663381,41.1083935441102],[-88.6628010446881,41.1072086285895],[-88.6661902642876,41.1057021215987],[-88.669727469652,41.1041484830787],[-88.6730912759121,41.1026768601658],[-88.6765651087265,41.1011730997414],[-88.6800917525981,41.0995850216251],[-88.6828245166256,41.0976507186271],[-88.685571472238,41.0956409171399],[-88.6883065072065,41.0936493197024],[-88.6911951963095,41.0915186999595],[-88.6935484490789,41.0897543317257],[-88.696259432554,41.0877668829441],[-88.6988476405843,41.0858579069486],[-88.7019403245119,41.0837032938692],[-88.7049460919441,41.0815026527991],[-88.707816933319,41.0794454430664],[-88.7107363987036,41.0773283998141],[-88.7135825741374,41.0752245051488],[-88.7162131530047,41.0733390765089],[-88.7187755964543,41.0714490847856],[-88.7217082661753,41.0693171146869],[-88.7246959801652,41.0671574466692],[-88.7276097628073,41.0650302227612],[-88.7305729303322,41.0628889955392],[-88.7331787112061,41.0609939315678],[-88.7362032830721,41.0587923127952],[-88.739043398471,41.0567110910585],[-88.7419760637004,41.0546064898997],[-88.7448463418316,41.052534888635],[-88.747735852893,41.0504201377962],[-88.7507242549925,41.0482419226613],[-88.7537952922167,41.0459914925223],[-88.7568843047297,41.0437571177749],[-88.7596239202078,41.0418024939217],[-88.7622014248115,41.0399143318294],[-88.7652019712353,41.0381051737181],[-88.7683471311485,41.0361830285357],[-88.7714705706965,41.034306650898],[-88.7745893569712,41.0324272951109],[-88.7774687413245,41.0306823596435],[-88.7794115232978,41.0295125371665],[-88.7820423177608,41.0279254667321],[-88.7854840726347,41.0258220925064],[-88.7881454852759,41.024257874544],[-88.7908759361415,41.0225790220183],[-88.7936378792461,41.0208864076349],[-88.7962945029684,41.0192745107045],[-88.7994618198281,41.017364455826],[-88.8026195992744,41.015369762503],[-88.8057951536852,41.0134106720942],[-88.8088179289207,41.0115110988999],[-88.8118453628193,41.0096111869091],[-88.8147455728158,41.0077907037881],[-88.8171847332724,41.0061867425936],[-88.8202871199034,41.0042170719669],[-88.8233712267166,41.0022873289514],[-88.8264070877109,41.0003610941629],[-88.8294694885319,40.9984180080751],[-88.832475329626,40.9965242029956],[-88.8355853519368,40.9945681369585],[-88.8386037631567,40.9926449467832],[-88.8416577602382,40.9906949346574],[-88.8448162412688,40.9887383247469],[-88.8479148370092,40.9867876668022],[-88.8509932961142,40.9848572595798],[-88.8540377207481,40.9829339536445],[-88.8571269093309,40.9810275877236],[-88.8601963232993,40.9791127965786],[-88.8631901602063,40.9772613596346],[-88.8662035660134,40.9754099907691],[-88.8692952222682,40.9735078647732],[-88.8723644538787,40.9716057307335],[-88.8754590736757,40.9696885288312],[-88.8785340787584,40.9677841805968],[-88.8816259371342,40.9658668547643],[-88.8847038527585,40.9639642826931],[-88.8879610631304,40.9619559520265],[-88.890892837231,40.9601359288566],[-88.8940859393326,40.9581612007634],[-88.8970653367196,40.9563242278823],[-88.9001541542982,40.9544004869303],[-88.9032153091559,40.9524911281342],[-88.9063297269234,40.9505754660389],[-88.9094298866308,40.9486557045314],[-88.912524364494,40.9467506808628],[-88.9156892181732,40.9447776700745],[-88.9188895921369,40.9428073009878],[-88.9219608090242,40.9408051931391],[-88.9251985645819,40.9387111826422],[-88.9283435277641,40.9366660721522],[-88.9315249454787,40.9345848150893],[-88.9345688589712,40.9325904017212],[-88.937652175267,40.9305513795392],[-88.9407608887325,40.9285079161242],[-88.9440463277638,40.9263457805286],[-88.9471997692456,40.9242665515637],[-88.9503414481871,40.9221984486884],[-88.9531967918267,40.9202445916196],[-88.9553232056138,40.9187398791445],[-88.958128698145,40.9167757836605],[-88.9607356558119,40.9149616491224],[-88.963707223483,40.9128959977021],[-88.9666472962202,40.9108150000709],[-88.9694607370451,40.9088567446421],[-88.9720434132498,40.90705474172],[-88.9746383218138,40.9052165109629],[-88.9774675792759,40.903246062614],[-88.9803322779708,40.9012368664928],[-88.9833795942816,40.8991014729296],[-88.9861967855728,40.8971400866279],[-88.9890535009398,40.8951366731489],[-88.9919539480915,40.8931060581138],[-88.9949710037536,40.8909962800502],[-88.9959932919368,40.8903382067034],[-88.9954503941966,40.8898339789223],[-88.9954218412453,40.8894627830078]]},"properties":{"OBJECTID":45737,"ID":"134789","VOLTAGE":345,"STATUS":"IN SERVICE","OWNER":"COMMONWEALTH EDISON CO","SUB_1":"UNKNOWN133789","SUB_2":"DRESDEN STATION","VOLT_CLASS":"345"}},{"type":"Feature","geometry":{"type":"LineString","coordinates":[[-88.2524328191917,41.4777234626798],[-88.2521362673501,41.4781005177509]]},"properties":{"OBJECTID":45773,"ID":"134834","VOLTAGE":345,"STATUS":"IN SERVICE","OWNER":"NOT AVAILABLE","SUB_1":"TAP138229","SUB_2":"TAP138230","VOLT_CLASS":"345"}},{"type":"Feature","geometry":{"type":"LineString","coordinates":[[-88.3512254270417,36.9739599078861],[-88.3551860515186,36.9756055445481],[-88.3579016586225,36.976749767623],[-88.3620395692141,36.9785068306108],[-88.36632623902,36.980295787502],[-88.3703483558731,36.981976273577],[-88.374469827295,36.9836910946415],[-88.3779825086522,36.9851838630956],[-88.3821700062474,36.9868959569261],[-88.3864269418175,36.9879184589618],[-88.3905946755782,36.9889382916716],[-88.3945373822585,36.9898840639168],[-88.3950956492749,36.9926518170677],[-88.3953431126778,36.9946410460432],[-88.3957381028066,36.9976486847855],[-88.3960807445105,37.0000281457077],[-88.3955715407799,37.00284542771],[-88.3949290863499,37.0054961466092],[-88.3944246409954,37.0083610178499],[-88.3938916408929,37.0112068538946],[-88.3932967756135,37.0146713486836],[-88.3930188692039,37.0170626675748],[-88.3926621482046,37.0194871295929],[-88.3930603722683,37.0221683494689],[-88.3933645912309,37.0237610485362],[-88.3929103365479,37.0240624277881],[-88.3938427725415,37.0245500615557]]},"properties":{"OBJECTID":45809,"ID":"134883","VOLTAGE":161,"STATUS":"IN SERVICE","OWNER":"NOT AVAILABLE","SUB_1":"MARSHALL","SUB_2":"TAP153772","VOLT_CLASS":"100-161"}},{"type":"Feature","geometry":{"type":"LineString","coordinates":[[-90.3317394352258,38.8012568878893],[-90.3318650349738,38.8009714301635],[-90.3321205859092,38.8009872205036]]},"properties":{"OBJECTID":45852,"ID":"134927","VOLTAGE":138,"STATUS":"IN SERVICE","OWNER":"UNION ELECTRIC CO - (MO)","SUB_1":"UNKNOWN117770","SUB_2":"TAP139438","VOLT_CLASS":"100-161"}},{"type":"Feature","geometry":{"type":"LineString","coordinates":[[-88.212855702295,42.0660223260706],[-88.2112687457006,42.0660255471263],[-88.1979726185853,42.0660221066653],[-88.1693260385724,42.0660509961288],[-88.1471323500962,42.0660329608891],[-88.1442223825991,42.064469125939],[-88.1436788434617,42.0644178805335],[-88.1436396796103,42.0646255955302]]},"properties":{"OBJECTID":45871,"ID":"134952","VOLTAGE":138,"STATUS":"IN SERVICE","OWNER":"COMMONWEALTH EDISON CO","SUB_1":"UNKNOWN121899","SUB_2":"TAP137942","VOLT_CLASS":"100-161"}},{"type":"Feature","geometry":{"type":"LineString","coordinates":[[-87.3229028270705,37.9119268569031],[-87.3249658736975,37.9100768320437]]},"properties":{"OBJECTID":45875,"ID":"134937","VOLTAGE":138,"STATUS":"NOT AVAILABLE","OWNER":"SOUTHERN INDIANA GAS & ELEC CO","SUB_1":"UNKNOWN127572","SUB_2":"NOT AVAILABLE","VOLT_CLASS":"100-161"}},{"type":"Feature","geometry":{"type":"LineString","coordinates":[[-89.6600505479773,37.0502544305102],[-89.6617040984803,37.0485139951658],[-89.6631658290258,37.0472003226208],[-89.6722261812859,37.0386775018891],[-89.6781586671003,37.0332360551755],[-89.6831974765308,37.0284241858241],[-89.6881222008184,37.0237410486324],[-89.6940949769717,37.0175749368374],[-89.7013129402795,37.0100859365877],[-89.7047099195265,37.006566985687],[-89.7103024729559,37.0006778914661],[-89.7147423297723,36.9959322986114],[-89.7222258997569,36.9879349616732],[-89.7236799128758,36.9863359787586],[-89.726013915647,36.9836739444695],[-89.7292875849515,36.9797816767861],[-89.7366759299227,36.9708989345743],[-89.7434089826402,36.9625689855261],[-89.7438019057455,36.9620799607715],[-89.7467689512974,36.9584169477725],[-89.7495854338178,36.9546672349507],[-89.754255840557,36.9486936205404],[-89.7594372593354,36.9424915829133],[-89.7608039166828,36.9408388878021],[-89.7683502492613,36.9326508670356],[-89.7697668197008,36.9311347520524],[-89.7772275859519,36.9231033985207],[-89.7854631886614,36.9138587897103],[-89.7904021737042,36.9081499456382],[-89.7917854696473,36.9065193114882],[-89.7935680676325,36.9037387920418],[-89.7943642947745,36.902836003516],[-89.8002635060924,36.8963679280441],[-89.8027789092622,36.8937799798153],[-89.8065989051764,36.8896529325961],[-89.8104319266622,36.8853689575447],[-89.817328910241,36.8776714786021],[-89.8184816571597,36.8763120765438],[-89.8199624005482,36.8756428238418],[-89.8209487722897,36.8746161176386],[-89.8248704880368,36.8707848616022],[-89.8296098216094,36.8661966080794],[-89.8303854926027,36.8649906215822]]},"properties":{"OBJECTID":45911,"ID":"134991","VOLTAGE":161,"STATUS":"IN SERVICE","OWNER":"UNION ELECTRIC CO - (MO)","SUB_1":"UNKNOWN117806","SUB_2":"TAP153751","VOLT_CLASS":"100-161"}},{"type":"Feature","geometry":{"type":"LineString","coordinates":[[-87.7916538959817,42.0459940190191],[-87.7907957569504,42.0458149909833],[-87.7881741136252,42.0407214307201],[-87.788195043473,42.0406008757568],[-87.7782325302411,42.021467608996],[-87.7762397318693,42.0215211467078],[-87.7759774238064,42.0219070875167]]},"properties":{"OBJECTID":45927,"ID":"134997","VOLTAGE":138,"STATUS":"IN SERVICE","OWNER":"COMMONWEALTH EDISON CO","SUB_1":"TAP137929","SUB_2":"NILES","VOLT_CLASS":"100-161"}},{"type":"Feature","geometry":{"type":"LineString","coordinates":[[-87.7990058106749,41.6165871787337],[-87.79891539075,41.6164729647282],[-87.7989582215244,41.6157258138716],[-87.7987297925241,41.6097961979929],[-87.8182794444718,41.6094392787565],[-87.8186450489109,41.5985129127479],[-87.8174814925644,41.5633420987588],[-87.8174101088387,41.5606080990939],[-87.8169157488699,41.545641917675],[-87.817550579298,41.5432875837886],[-87.8218580361197,41.5269477385266],[-87.8216668602541,41.5214602639479],[-87.8213525756689,41.5133674541518],[-87.8213063546525,41.4984100900655],[-87.8215714636626,41.4971408540565],[-87.8217915634836,41.4957250750958],[-87.8217295402031,41.4944553625696],[-87.8225790068987,41.4929206110555],[-87.8252951619749,41.4930098405384],[-87.828313445634,41.4897664707259],[-87.8304270018345,41.4875402626113],[-87.8339035718155,41.4875589700014],[-87.8370790265134,41.4875759950676],[-87.8402548405373,41.4875929528365],[-87.8436237025158,41.4876109866115],[-87.8467562177431,41.4876277424931],[-87.8499321215986,41.4876447675412],[-87.8518022334587,41.4853472877164],[-87.8533910846001,41.4833952305795],[-87.8549643041572,41.4814622275805],[-87.8561011221492,41.4800654878389],[-87.8571269074738,41.4789733927283],[-87.8582012036204,41.4778294560293],[-87.8592465731166,41.4767164589961],[-87.8602947264917,41.4756003468119],[-87.8622116414765,41.4735592851044],[-87.8640299223414,41.4716230937521],[-87.865832212296,41.4697038756766],[-87.8674327406377,41.4674589375719],[-87.8689304118794,41.4653583816302],[-87.8704601529767,41.4632125865734],[-87.8719620463002,41.4611059695589],[-87.8735172995516,41.4589242855491],[-87.8750375185069,41.4567915418977],[-87.8765288117101,41.454989369106],[-87.8783558053349,41.4527813557416],[-87.8801874701992,41.4505677467358],[-87.8825906432473,41.4484768789911],[-87.8849939061269,41.4463699846706],[-87.8873756992712,41.4442145387635],[-87.889864841092,41.4420752495187],[-87.8923905443448,41.4401886925481],[-87.894722840317,41.4384464665591],[-87.897442040682,41.4364150780212],[-87.8997851155393,41.4346646676651],[-87.902353938824,41.4327457694956],[-87.9048636520648,41.4308707285366],[-87.9072657471346,41.4290760528363],[-87.9097485109168,41.4272211785132],[-87.9123279325253,41.4252938427154],[-87.9145474009961,41.4236355505905],[-87.9169872253078,41.4218126527209],[-87.9192711020861,41.4201060386193],[-87.9218936437266,41.4181464940292],[-87.9245348703249,41.4161727426045],[-87.9270820433131,41.41426926362],[-87.9296992848934,41.4123135845073],[-87.9322115125186,41.4104360670606],[-87.9345240455545,41.4085453566006],[-87.9370163314788,41.4065076416423],[-87.9394823865968,41.4044913580172],[-87.9419346085577,41.4024861290251],[-87.9444156655409,41.4004575909724],[-87.9466207331193,41.3986948238775],[-87.9468800138598,41.3984875466835],[-87.9482946439383,41.3984065408722],[-87.9491117515207,41.399389320738]]},"properties":{"OBJECTID":45974,"ID":"135062","VOLTAGE":345,"STATUS":"IN SERVICE","OWNER":"COMED","SUB_1":"UNKNOWN124429","SUB_2":"WILTON (345KV)","VOLT_CLASS":"345"}},{"type":"Feature","geometry":{"type":"LineString","coordinates":[[-88.212855702295,42.0660223260706],[-88.2127212011408,42.0674008890004],[-88.2129986727657,42.0674178655278]]},"properties":{"OBJECTID":46513,"ID":"135666","VOLTAGE":138,"STATUS":"IN SERVICE","OWNER":"COMMONWEALTH EDISON CO","SUB_1":"UNKNOWN121897","SUB_2":"TAP137942","VOLT_CLASS":"100-161"}},{"type":"Feature","geometry":{"type":"LineString","coordinates":[[-87.8835734801182,37.0407323640396],[-87.8807370496086,37.0402095669394],[-87.8801266452713,37.0401094671251],[-87.880400001714,37.0413546814977],[-87.880235610017,37.0417403025288]]},"properties":{"OBJECTID":46621,"ID":"135775","VOLTAGE":161,"STATUS":"IN SERVICE","OWNER":"TENNESSEE VALLEY AUTHORITY","SUB_1":"TAP122968","SUB_2":"HOPSON","VOLT_CLASS":"100-161"}},{"type":"Feature","geometry":{"type":"LineString","coordinates":[[-88.0645689298496,41.633748568587],[-88.0651485084979,41.633228291833],[-88.065764194929,41.6331360880376],[-88.0681882699771,41.6325025560114],[-88.070664664704,41.6324479319416],[-88.0720201838402,41.6323446626733],[-88.0728504840809,41.6323264167872],[-88.0737710003289,41.6323061895294],[-88.0741049355611,41.6322970595316],[-88.076354555086,41.6322355565615],[-88.0790031478697,41.6321687499588],[-88.0811337406196,41.6320961509101],[-88.0812832696902,41.6320931718007],[-88.0839297774841,41.632040440802],[-88.0866763764653,41.6319634276569],[-88.0894229763448,41.6318929285987],[-88.0918752207636,41.6318000340087],[-88.0944962011321,41.631746997942],[-88.0968696507241,41.6318231666903],[-88.1022855037405,41.6316691418033],[-88.1049447855778,41.6316068325189],[-88.1075719984577,41.631540361651],[-88.1102070275789,41.631495442966],[-88.1129364687382,41.6314312535064],[-88.1156830677194,41.6313671317976],[-88.1182394915583,41.6313168059472],[-88.1182922235638,41.6313157679127],[-88.1207985241048,41.6312452668033],[-88.1218355814896,41.6312211818218],[-88.1235622809079,41.6311810777661],[-88.1263002560624,41.6311233351068],[-88.1290382312169,41.6310720368283],[-88.1316472981281,41.6310206727084],[-88.1342346779117,41.6309530718805],[-88.135656119915,41.6292974777414],[-88.1370461729856,41.627639771611],[-88.1385107862248,41.6258931856135],[-88.1399714468768,41.6241511856993],[-88.1410934426667,41.6228130598258],[-88.1425579660744,41.6210663437479],[-88.1440123385194,41.6193317348705],[-88.1454706635516,41.6175923776369],[-88.1467822038664,41.6160278575225],[-88.1493777062168,41.6159739286954],[-88.1517724351013,41.6159609669657],[-88.1542699312541,41.6159096566232],[-88.156922117299,41.6158454529894],[-88.159660182285,41.6157942775454],[-88.1624154050929,41.6157493478899],[-88.1650245618356,41.6156914557475],[-88.1695821635313,41.6156465938515],[-88.1715993305018,41.6156144915758],[-88.1739253391653,41.6155889709269],[-88.1754145446837,41.6145339048824],[-88.1755216211706,41.6146409811352],[-88.1755519842272,41.6147327587201],[-88.1683639446998,41.6079540651603],[-88.1677578738355,41.5913289857301],[-88.1310513198359,41.5691591687773],[-88.1303788508957,41.5520929115703]]},"properties":{"OBJECTID":46644,"ID":"135804","VOLTAGE":138,"STATUS":"IN SERVICE","OWNER":"NOT AVAILABLE","SUB_1":"WILL COUNTY","SUB_2":"TAP138215","VOLT_CLASS":"100-161"}},{"type":"Feature","geometry":{"type":"LineString","coordinates":[[-87.9033070315776,42.0811890675307],[-87.9032677617249,42.0808744127818],[-87.9029748750097,42.0803380535133],[-87.9022813693222,42.0787417941442],[-87.9010425539178,42.0710396805437],[-87.9010473131922,42.0591661705751],[-87.8999146903325,42.0581001718001],[-87.8999242070846,42.0562061211401],[-87.8996196359825,42.0546642300648],[-87.8989327652516,42.0526694488736],[-87.8984645570373,42.0512487560131],[-87.8983765616654,42.0510419678046],[-87.8973552786969,42.0517859087321]]},"properties":{"OBJECTID":46671,"ID":"135835","VOLTAGE":138,"STATUS":"IN SERVICE","OWNER":"COMMONWEALTH EDISON CO","SUB_1":"TAP137937","SUB_2":"COMMONWEALTH EDISON DES PLAINES (345KV)","VOLT_CLASS":"100-161"}},{"type":"Feature","geometry":{"type":"LineString","coordinates":[[-88.7593972968212,40.3705933526945],[-88.7594354276101,40.3701214885669]]},"properties":{"OBJECTID":46674,"ID":"135837","VOLTAGE":138,"STATUS":"IN SERVICE","OWNER":"NOT AVAILABLE","SUB_1":"UNKNOWN123346","SUB_2":"TAP138283","VOLT_CLASS":"100-161"}},{"type":"Feature","geometry":{"type":"LineString","coordinates":[[-87.3643025735764,37.0128672818874],[-87.3636125237077,37.0126155626282],[-87.3623604518647,37.0133569686913],[-87.3582563188261,37.015791446655],[-87.354545468219,37.0179981911512],[-87.3510999799467,37.0200513815112],[-87.348084515201,37.0218342696519],[-87.3446893325847,37.0238434636334],[-87.3392808457536,37.0270710891684],[-87.3353686826912,37.029396193594],[-87.3325934265542,37.0310527897643],[-87.3300516434577,37.0325466356129],[-87.3270408508498,37.0343438586675],[-87.3230508038523,37.0367143467464],[-87.3203854125728,37.0383160705443],[-87.3171687252034,37.0400308406362],[-87.3128149503474,37.0423902516601],[-87.3086602421584,37.0446290616029],[-87.3051541176045,37.0465218606586],[-87.2996719689201,37.049466326938],[-87.2974637302887,37.0506626360874],[-87.2951158036305,37.0519276805948],[-87.2921447156598,37.0535291558298],[-87.2894100642719,37.0549976827867],[-87.2833951247925,37.0582467801216],[-87.2772957436764,37.0615331576704],[-87.2733466598559,37.0636610836029],[-87.2705429280226,37.0651767240076],[-87.2666792739856,37.0672593898925],[-87.2631423372175,37.0691630921712],[-87.2595820442519,37.0710790748589],[-87.2565464572438,37.0727487378569],[-87.2522590678873,37.0750506551048],[-87.2485169559082,37.0770867511451],[-87.2466795418261,37.0779333816123],[-87.2410865410356,37.080380840794],[-87.2363397532428,37.0824446705861],[-87.2332343671372,37.0837947521242],[-87.230102031573,37.0851555575178],[-87.2269842487164,37.0865136877437],[-87.2241122449215,37.0877693926394],[-87.2202942253009,37.0894209885329],[-87.216977645272,37.0908725545291],[-87.2117690335916,37.0931423927371],[-87.2074115756429,37.0950423648208],[-87.2039164105355,37.0965756491095],[-87.2011583131186,37.0977573867933],[-87.1965462726184,37.0997572636902],[-87.192785115457,37.1009147349589],[-87.1885643819929,37.1022206386561],[-87.185107215622,37.1032781274622],[-87.1804001324664,37.1047325810445],[-87.1768404692199,37.1058414735128],[-87.1725475103086,37.1071412758285],[-87.1685205425529,37.1083773669574],[-87.1648620637268,37.109495376599],[-87.1601587534955,37.1109465580138],[-87.1565572287567,37.1120493427302],[-87.1509536278459,37.1145850275954],[-87.147826951668,37.11599678494],[-87.142295575306,37.1184960917791],[-87.1406505794594,37.1192412628657],[-87.1357763216261,37.1214586797442],[-87.1322166565829,37.1230732266578],[-87.1287632640345,37.1246241355439],[-87.1248274752802,37.1264021316123],[-87.1218413845459,37.1277531480911],[-87.1182550413354,37.1293735768553],[-87.1146953771906,37.1309849469463],[-87.1105011431291,37.1328779524999],[-87.1069338433043,37.1345134547388],[-87.1045214176088,37.1355856748492],[-87.1009389362557,37.1372028565353],[-87.0975729488861,37.1387262634881],[-87.093599160497,37.1405100866816],[-87.0900925876837,37.1420999519376],[-87.0848080674635,37.1445044497305],[-87.0805834712437,37.1457339875985],[-87.0759714307435,37.1468513746487],[-87.0721305040832,37.147784080648],[-87.068291643548,37.1487091846071],[-87.0640046135176,37.1497366676342],[-87.0598143320433,37.150749530986],[-87.0559696315605,37.1516806846079],[-87.0514430217421,37.1527828765698],[-87.0479041985118,37.1536321700508],[-87.0447605441751,37.1553157648663],[-87.0407411222678,37.1574578819169],[-87.0368556391694,37.1602228557704],[-87.0340394207537,37.1621977437808],[-87.0307961432519,37.1644805494828],[-87.0280546646678,37.1664110879645],[-87.0256420593093,37.1681084286022],[-87.0226911825342,37.1701871905143],[-87.019045730178,37.1727662376899],[-87.0161114731339,37.1748368555225],[-87.0131073271608,37.1769630306621],[-87.0097743079621,37.1793062275242],[-87.0064711128309,37.1816282375736],[-87.0046999045852,37.1838468316704],[-87.004002183104,37.1856762521279],[-87.0029486389388,37.1885010949023],[-87.0015762826792,37.1922257868586],[-87.0005460048799,37.1949152826449],[-87.0004796184821,37.1970091931555],[-87.0003766715505,37.2003972380271],[-87.0002802832188,37.2033935371513],[-87.0001872177554,37.2062467646884],[-87.0000974760585,37.2087690615691],[-87.0000443856252,37.2108307510495],[-86.9999612016299,37.2135036296795],[-86.9998283407994,37.2174362631218],[-86.999738509271,37.220103685722],[-86.9966813626961,37.2214876505278],[-86.9937703720179,37.2228001289091],[-86.9904970009541,37.2242819688089],[-86.9867087155694,37.2259939597914],[-86.9830068481151,37.227663638591],[-86.9790257842705,37.229465460487],[-86.9756063471415,37.2310133299473],[-86.9633835100596,37.2365163357364],[-86.9593529490428,37.2383503426315],[-86.9557998425995,37.2399599615065],[-86.9553813175087,37.2425163871478],[-86.955828139531,37.2460630705513],[-86.9575691338404,37.2496730010767],[-86.9592115640986,37.2511859866649],[-86.960917638198,37.2520140387639],[-86.9649436860788,37.2532989476435],[-86.9669799018249,37.2541344899664],[-86.9711201642058,37.2557525241181],[-86.9760396998244,37.2585067497465],[-86.9773424546158,37.259256279599],[-86.9769909995406,37.2596969997674]]},"properties":{"OBJECTID":46685,"ID":"135850","VOLTAGE":161,"STATUS":"IN SERVICE","OWNER":"NOT AVAILABLE","SUB_1":"FRUITHILL","SUB_2":"PARADISE","VOLT_CLASS":"100-161"}},{"type":"Feature","geometry":{"type":"LineString","coordinates":[[-88.9182557103298,39.8662080080487],[-88.9188553339853,39.8663971751271],[-88.919055209136,39.8664221596274],[-88.9190159482665,39.8668219090154],[-88.9266004799059,39.8671752584958],[-88.9272429343358,39.8683209695046],[-88.9324676357413,39.8681579761194],[-88.9333670721229,39.8697641130665],[-88.9365365134982,39.8699996791386],[-88.9413536276997,39.8699150915773],[-88.9453673291352,39.8699066594975],[-88.9455696998058,39.8737854467425],[-88.9499375512623,39.8736168041233],[-88.9508313588003,39.8735830748602],[-88.9513849428992,39.8732729246708]]},"properties":{"OBJECTID":46810,"ID":"135987","VOLTAGE":138,"STATUS":"IN SERVICE","OWNER":"AMEREN ILLINOIS COMPANY","SUB_1":"NORTH DECATUR","SUB_2":"DECATUR NORTH 27TH STREET","VOLT_CLASS":"100-161"}},{"type":"Feature","geometry":{"type":"LineString","coordinates":[[-88.2401360031512,42.0636717007019],[-88.2386653900642,42.0629111546927],[-88.2377540554967,42.0630729587853]]},"properties":{"OBJECTID":46850,"ID":"136076","VOLTAGE":345,"STATUS":"IN SERVICE","OWNER":"COMMONWEALTH EDISON CO","SUB_1":"TOLLWAY","SUB_2":"TAP137936","VOLT_CLASS":"345"}},{"type":"Feature","geometry":{"type":"LineString","coordinates":[[-88.1148673758818,41.4925078378109],[-88.1134362778875,41.4915231850134],[-88.1111044059202,41.4916469165975],[-88.1095553770954,41.4914636991342]]},"properties":{"OBJECTID":46929,"ID":"136145","VOLTAGE":138,"STATUS":"IN SERVICE","OWNER":"NOT AVAILABLE","SUB_1":"JOLIET","SUB_2":"TAP138210","VOLT_CLASS":"100-161"}},{"type":"Feature","geometry":{"type":"LineString","coordinates":[[-87.97062924215,41.6955077196938],[-87.9702491945977,41.6956354409566]]},"properties":{"OBJECTID":46940,"ID":"136146","VOLTAGE":138,"STATUS":"IN SERVICE","OWNER":"NOT AVAILABLE","SUB_1":"TAP138224","SUB_2":"TAP138225","VOLT_CLASS":"100-161"}},{"type":"Feature","geometry":{"type":"LineString","coordinates":[[-87.5036294775127,37.6456484030407],[-87.504258444637,37.6456183795264],[-87.5054749449914,37.6447796196312],[-87.505770516771,37.6445795485001],[-87.5063296901876,37.6449245705004],[-87.5093926326927,37.6470181331308],[-87.5097309445169,37.6472031955017],[-87.5088410266841,37.6498967459408],[-87.5061474768137,37.6522286179778],[-87.5045770330508,37.653708643138],[-87.5034015785184,37.654779399626],[-87.5027924372124,37.6553647474794],[-87.50297803454,37.6557611257855]]},"properties":{"OBJECTID":46958,"ID":"136157","VOLTAGE":161,"STATUS":"IN SERVICE","OWNER":"NOT AVAILABLE","SUB_1":"REID","SUB_2":"UNKNOWN123066","VOLT_CLASS":"100-161"}},{"type":"Feature","geometry":{"type":"LineString","coordinates":[[-87.3156435250899,39.4911118805671],[-87.3158404932923,39.4913380061279],[-87.3166540669024,39.4913380061279],[-87.3164781893462,39.5410703281201],[-87.3163782508725,39.5547522279575],[-87.3159019281763,39.5606053561551],[-87.3156590416898,39.5690509217457],[-87.3501223155752,39.5690203206636]]},"properties":{"OBJECTID":46968,"ID":"136155","VOLTAGE":138,"STATUS":"IN SERVICE","OWNER":"DUKE ENERGY INDIANA INC","SUB_1":"UNKNOWN124765","SUB_2":"TAP138324","VOLT_CLASS":"100-161"}},{"type":"Feature","geometry":{"type":"LineString","coordinates":[[-91.4944030000488,38.3857314646735],[-91.49432148692,38.3861426786432],[-91.4955667432449,38.3865194151259],[-91.4963952926691,38.3885059430052],[-91.4977604606098,38.3916983339816],[-91.4990937895618,38.3947006779999],[-91.5002706912802,38.3974276845462],[-91.5011851627646,38.3995375965723],[-91.5029452884947,38.4036031309613],[-91.5052132426346,38.4072452466351],[-91.5074260617757,38.4108659048661],[-91.5093252790511,38.4139149069635],[-91.5113380487682,38.4171318357431],[-91.5116941148957,38.4215101529978],[-91.5121066311556,38.4267585616424],[-91.5123496550844,38.4299227706053],[-91.5125575099698,38.4331513185242],[-91.5127810287788,38.4357835175069],[-91.51330181359,38.4387891729614],[-91.5138327251095,38.4418397848084],[-91.5144007442367,38.4451433211335],[-91.5149543966075,38.448384128484],[-91.5154359331257,38.4512619848969],[-91.5159445915789,38.454052332925],[-91.5176838548348,38.455390101112],[-91.5202544909198,38.4573763200034],[-91.5220466011655,38.4587330206137],[-91.5263003692759,38.4619953015622],[-91.5276858085992,38.4630483999072],[-91.5317144400348,38.4661316750896],[-91.5357366485161,38.4692147861048],[-91.538679956985,38.4714677071619],[-91.541626041248,38.4737351819407],[-91.5444783683449,38.4759020419353],[-91.5474904877645,38.4781939239107],[-91.5490512027728,38.4793912398356],[-91.5525884225103,38.4820795119933],[-91.5558098799338,38.4845254296877],[-91.5590971515283,38.4870250304772],[-91.5629379245767,38.4899530025586],[-91.5660288738575,38.4922938765441],[-91.5703138683054,38.4964553885962],[-91.5727839559607,38.4983299570827],[-91.5757366365529,38.5005821298831],[-91.5778980028895,38.5022416117628],[-91.5820295048998,38.5053965466401],[-91.5860954864882,38.5084950106505],[-91.5900050138935,38.5114686685916],[-91.5924633731444,38.5133383548185],[-91.5949656186903,38.515244862075],[-91.5976585217737,38.5173028837247],[-91.6012677917868,38.5200412618928],[-91.6051366767137,38.5229848956467],[-91.6081268988,38.5252435978874],[-91.6100353112306,38.5267117916664],[-91.6111304761396,38.5293905890198],[-91.6120000677925,38.5315217495278],[-91.6138109186916,38.5359770011235],[-91.6154279490851,38.5399671161228],[-91.6169072381011,38.543580276983],[-91.6181790001169,38.5466738606705],[-91.6191196269492,38.5488336770302],[-91.6206219820068,38.5525684279089],[-91.6219093010466,38.5558149407599],[-91.6235079546043,38.5596408065313],[-91.6249675157184,38.5633331478071],[-91.626732521097,38.5680673960245],[-91.6316774646651,38.5726448066147],[-91.6354005197837,38.5761929961271],[-91.6389192998034,38.5794890405739],[-91.6428785552478,38.5831879086953],[-91.6461508204855,38.5863160480264],[-91.648489473835,38.5884963946498],[-91.6517727578079,38.5915909661214],[-91.6545695052399,38.5942374746547],[-91.6590068683331,38.5975130258074],[-91.6624512238297,38.6000203878687],[-91.6641571595886,38.6013031931442],[-91.6683517242301,38.604363311856],[-91.6715492909587,38.6067111316618],[-91.6737166930756,38.608337711975],[-91.6775788154851,38.611179592667],[-91.6800892437848,38.6130322727562],[-91.6822885639421,38.6146501759653],[-91.6862590519208,38.6175596461546],[-91.6946048401865,38.6238203936949],[-91.7012236478612,38.6285135580869],[-91.7051621737821,38.6314645207214],[-91.7095396255341,38.6345570759109],[-91.7129413326143,38.6371136776398],[-91.7150331792293,38.6386555151186],[-91.7183376445784,38.6411025000886],[-91.7214416176341,38.6433921270499],[-91.7222752694891,38.6449819628405],[-91.7243568025464,38.6490964338715],[-91.7264811340387,38.6532440629057],[-91.7289167030308,38.6580532176402],[-91.7299786302743,38.6601474486998],[-91.7318348865195,38.6637165679744],[-91.7330045406301,38.6660876348836],[-91.7345813992624,38.6691949776483],[-91.7365772330416,38.6730821207216],[-91.7382893635826,38.6765940878995]]},"properties":{"OBJECTID":46982,"ID":"136177","VOLTAGE":345,"STATUS":"IN SERVICE","OWNER":"UNION ELECTRIC CO - (MO)","SUB_1":"TAP140561","SUB_2":"BLAND","VOLT_CLASS":"345"}},{"type":"Feature","geometry":{"type":"LineString","coordinates":[[-88.131058337475,41.5636031815669],[-88.1309674665958,41.5619668226998],[-88.1308816810794,41.5597126698836],[-88.1308004751743,41.5576134061507],[-88.1307154316664,41.5552587210435],[-88.1307057208782,41.5541628609615],[-88.1306340407084,41.5532545375333],[-88.1306068756542,41.5529102975212],[-88.1305927721042,41.5518474875875]]},"properties":{"OBJECTID":46992,"ID":"136186","VOLTAGE":138,"STATUS":"IN SERVICE","OWNER":"NOT AVAILABLE","SUB_1":"TAP138214","SUB_2":"TAP138216","VOLT_CLASS":"100-161"}},{"type":"Feature","geometry":{"type":"LineString","coordinates":[[-87.5270025281929,37.2761851747458],[-87.5276080582714,37.2769156106155],[-87.5261476635207,37.2780964188884],[-87.5251729186739,37.2784261719563],[-87.5226744846799,37.2787830905137],[-87.5182166355066,37.2793854481234],[-87.5140054726935,37.2800350125726],[-87.5125313615668,37.2802870127322],[-87.5062626138836,37.2811459808503],[-87.5017594186532,37.2817566236237],[-87.4962390700096,37.2824407187662],[-87.492717466585,37.2835590655537],[-87.4867509687573,37.2854150458029],[-87.4816886656873,37.2869973871175],[-87.4794757665962,37.287806403911],[-87.4732237329672,37.2914886198295],[-87.4676438969872,37.2947663271748],[-87.4627422073001,37.2976633209383],[-87.4577631852434,37.3008993880804],[-87.4545330671622,37.3032312596454],[-87.451588483984,37.305277595949],[-87.4446761499936,37.3077105947107],[-87.4404169138381,37.3093048336033],[-87.4384479109399,37.3098699554739],[-87.4355687628435,37.3108990729877],[-87.4330405847321,37.3118330121712],[-87.4278414628544,37.3132487910429],[-87.4235881771393,37.314248164029],[-87.4187757171093,37.3153605617996],[-87.4151886786028,37.3161755276849],[-87.4114707708308,37.3170380825391],[-87.4086986992214,37.3177102797168],[-87.4041717749927,37.3187631918438],[-87.3996507985095,37.3198339491606],[-87.3954986388409,37.3203871736911],[-87.3913048386656,37.3210058341116],[-87.3873251905658,37.3216185450793],[-87.3831968254725,37.3221717700465],[-87.3789435388591,37.3227844807952],[-87.3762844914822,37.3231592459341],[-87.3744225632742,37.323403140769],[-87.3691401594848,37.3240277491065],[-87.3618114195294,37.3249140981161],[-87.3587954526254,37.3239682630939],[-87.3541019654716,37.3224989460678],[-87.3520020915113,37.3227725836853],[-87.3472431701739,37.3233852945361],[-87.3429660889853,37.3261038287329],[-87.3408840609563,37.3274244300309],[-87.3362866719784,37.3279735220588],[-87.329993597019,37.328734682012],[-87.3219605365583,37.3297435729029],[-87.3135277266945,37.3307524645321],[-87.3077408775505,37.3314567848221],[-87.3013448862023,37.3307334286025],[-87.2942636105481,37.329876822493],[-87.2881341188019,37.3291534667757],[-87.2830896616633,37.3285633610138],[-87.2743332444981,37.3309237855386],[-87.2686225392526,37.3323895335763],[-87.2544599870458,37.336082456488],[-87.2426197891558,37.3391662388607],[-87.2303417694644,37.3424023056955],[-87.2272008819387,37.3432208398543],[-87.2250308127237,37.3436776970161],[-87.2227332393322,37.34407792012]]},"properties":{"OBJECTID":49523,"ID":"139275","VOLTAGE":161,"STATUS":"IN SERVICE","OWNER":"KENTUCKY UTILITIES CO","SUB_1":"UNKNOWN122684","SUB_2":"TAP153698","VOLT_CLASS":"100-161"}},{"type":"Feature","geometry":{"type":"LineString","coordinates":[[-90.3524297562431,38.683477903696],[-90.3549833261344,38.6839888605965],[-90.3578894120111,38.6843773455888],[-90.3606196688406,38.6842603424815],[-90.3638360480879,38.6840553041636],[-90.3671758989743,38.6836535465939],[-90.3701211522957,38.6832389590441],[-90.3729882647638,38.6829072746526],[-90.3761393400832,38.6833367219114],[-90.3788604790126,38.6837712736631],[-90.381751089612,38.6842567956762],[-90.3845180300444,38.6846084677986],[-90.387092887313,38.6849434330275],[-90.3896839106634,38.6852658540213],[-90.3926664925781,38.6856552268286],[-90.3954346160918,38.6859902825219],[-90.3975323888928,38.6862750839568],[-90.4001292728521,38.6866172525633],[-90.401421182283,38.6867858504916],[-90.4039637217609,38.6870915571172],[-90.4096676797603,38.6878070655008],[-90.4131069112666,38.6877527216921],[-90.4175750587263,38.6876313619777],[-90.423100525072,38.6874262617975],[-90.425788335606,38.6873550139574],[-90.4288139710774,38.6872670109373],[-90.4321344866256,38.6871917037029],[-90.4360930108415,38.6870619237365],[-90.4402933031413,38.6869153020956],[-90.4444242742473,38.6867854984881],[-90.4487585529667,38.6866850210673],[-90.4527495333137,38.6865343365761],[-90.4566067383453,38.6864254345188],[-90.4600058178534,38.686320635757],[-90.463357188735,38.6866392289861],[-90.4674667026821,38.6870998179431],[-90.4715917323308,38.6875437316319],[-90.4724168699535,38.6869598907402],[-90.4738553628792,38.6862895519611]]},"properties":{"OBJECTID":49526,"ID":"139277","VOLTAGE":138,"STATUS":"IN SERVICE","OWNER":"UNION ELECTRIC CO - (MO)","SUB_1":"TAP139463","SUB_2":"MASON","VOLT_CLASS":"100-161"}},{"type":"Feature","geometry":{"type":"LineString","coordinates":[[-88.1056941062889,42.3629518236765],[-88.1064964132287,42.3630002918765],[-88.1066449155249,42.3632030559598],[-88.1054813600768,42.3638098176625],[-88.1056056761323,42.3640936211462]]},"properties":{"OBJECTID":49537,"ID":"139292","VOLTAGE":138,"STATUS":"IN SERVICE","OWNER":"COMMONWEALTH EDISON CO","SUB_1":"UNKNOWN121934","SUB_2":"TAP136945","VOLT_CLASS":"100-161"}},{"type":"Feature","geometry":{"type":"LineString","coordinates":[[-91.7841853855963,38.7588871639407],[-91.7858323146174,38.7590793899973],[-91.7867170401879,38.7584270360596],[-91.7897735956713,38.7561708009649],[-91.7925826634974,38.7541060958007],[-91.7945405668119,38.7557354324745],[-91.7966054316291,38.7574135925014],[-91.7965242320122,38.7600562285629],[-91.7964097947299,38.7627163167301],[-91.796286737214,38.7658662437915],[-91.7940114195837,38.7672703531051],[-91.7905111718084,38.7694357768809],[-91.7873005130329,38.7714023030786],[-91.7838665824851,38.7735253268472],[-91.7807948427784,38.7754099877131],[-91.7772881972016,38.7775716810624],[-91.7726062920268,38.7785675975876],[-91.7687849926571,38.7793780934729],[-91.7641858474729,38.7803445021103],[-91.7597016381359,38.7812989817746],[-91.7549432557877,38.7822988209526],[-91.7525772999419,38.7861381001181],[-91.7513142147535,38.7881684637867],[-91.7495064720252,38.7910881590323],[-91.7476776790748,38.7940516789021],[-91.7454846992268,38.7975948528143],[-91.7432592515695,38.8011644508172],[-91.7413647908735,38.8042452315411],[-91.739677706261,38.8069525557296],[-91.7382465525711,38.8092672306374],[-91.7357188927876,38.8102941290599],[-91.7306668529696,38.8123377858291],[-91.7272675875103,38.8136888697695],[-91.7218843729831,38.8158478625957],[-91.7182548800963,38.8174518348902],[-91.7138696516289,38.8193760036975],[-91.7109716721493,38.8206644156478],[-91.7068360307022,38.8224904815975],[-91.7027397318712,38.824279979619],[-91.6994265618471,38.8257334298817],[-91.6945103751479,38.8279046346742],[-91.691441245047,38.8292490865677],[-91.6876369552773,38.8309237427638],[-91.6849194985422,38.8321215201211],[-91.682127445706,38.8341994746122],[-91.6791183095914,38.8364264495526],[-91.6751418118834,38.8393782205442],[-91.6720385341237,38.8416895529047],[-91.6681212246131,38.844605932651],[-91.6647953991232,38.8470457927309],[-91.6625729347709,38.8486815186067],[-91.6591645720727,38.8512283857395],[-91.6562613670931,38.8533975920581],[-91.6528373530478,38.8559323589563],[-91.6496667815918,38.858274552113],[-91.6465063637935,38.85932022711],[-91.6412621976925,38.8610114404971],[-91.6370649830208,38.8623899519435],[-91.6333078718715,38.8636104694725],[-91.629300122673,38.8649104456452],[-91.626028340729,38.8659801797086],[-91.620938705518,38.8676544127947],[-91.617008012008,38.868920424946],[-91.6139779532322,38.8699007841418],[-91.6097854286646,38.8710363420318],[-91.6068786609666,38.8718068337134],[-91.6018567461517,38.8731576547314],[-91.598202841547,38.8741376561607],[-91.5923119189842,38.8757120780389],[-91.5871785897179,38.8771025735411],[-91.5824696129137,38.8783606409676],[-91.5767259880063,38.8799068411322],[-91.5721736630146,38.8811292921565],[-91.5678129289101,38.8823050828596],[-91.5651836957191,38.882875496702],[-91.560176687548,38.8840070831462],[-91.5563843408799,38.8848613947142],[-91.550677819987,38.8861632526889],[-91.5449772306699,38.8874445587776],[-91.5413542954847,38.8882561575209],[-91.5373744219078,38.8891528820018],[-91.5331463842421,38.8900908979291],[-91.5285481203051,38.8911374445787],[-91.5244988195332,38.8920545440247],[-91.5202200198674,38.8930178136475],[-91.5172845734539,38.8936845997193],[-91.5126961658322,38.8947113910991],[-91.5089646836179,38.8955584321062],[-91.5047237048222,38.8965124646848],[-91.5006057134738,38.8974642849757],[-91.4955972545235,38.8985669757433],[-91.4914027078483,38.8995210000639],[-91.4901275268446,38.9005557537275],[-91.4877504848898,38.9024666554839],[-91.4850016877311,38.9046603789486],[-91.4823436608403,38.9068026929035],[-91.4796115112604,38.9089832547675],[-91.4766190326062,38.911369677594],[-91.4735931114706,38.9138138971641],[-91.4708541257114,38.9151354690757],[-91.4668504916953,38.9170430246755],[-91.4632751977628,38.9187793406516],[-91.4613982910458,38.9214381147237],[-91.460754603229,38.9212937497971],[-91.4601670286764,38.9216079715535]]},"properties":{"OBJECTID":49550,"ID":"139307","VOLTAGE":345,"STATUS":"IN SERVICE","OWNER":"UNION ELECTRIC CO - (MO)","SUB_1":"MONTGOMERY","SUB_2":"CALLAWAY","VOLT_CLASS":"345"}},{"type":"Feature","geometry":{"type":"LineString","coordinates":[[-91.1336019928417,38.4752536591434],[-91.1335254932104,38.4749156068518]]},"properties":{"OBJECTID":49579,"ID":"139344","VOLTAGE":138,"STATUS":"IN SERVICE","OWNER":"UNION ELECTRIC CO - (MO)","SUB_1":"UNKNOWN117920","SUB_2":"TAP140565","VOLT_CLASS":"100-161"}},{"type":"Feature","geometry":{"type":"LineString","coordinates":[[-88.2509758290559,42.2548821178098],[-88.2508577535967,42.255794932756],[-88.2511432884996,42.2564944936187],[-88.2535560618431,42.2564944936187],[-88.2576963251224,42.2564659409716],[-88.265748420884,42.2557663791272],[-88.2850291926941,42.2556593040679],[-88.2905471625988,42.2555843510193],[-88.2957327226107,42.2555672181215],[-88.3011653884959,42.2554903620444],[-88.3033396223006,42.2554933361034],[-88.3088510479784,42.2557104619825],[-88.3113434551752,42.2557926927477],[-88.3208078400057,42.2556866669284],[-88.3240766602043,42.2552028749909],[-88.3408056641436,42.2550535249024],[-88.3485963106316,42.2550453067876],[-88.3547022710089,42.2549384725266],[-88.3684263007283,42.2549138187987],[-88.3959401024729,42.2548480756988],[-88.4375710825194,42.254633742757],[-88.4421671815166,42.2536450387395],[-88.4425363882001,42.2535638996186],[-88.4610373172406,42.2496252540538],[-88.4614459024729,42.2495176585484],[-88.4613268505449,42.2459079836174],[-88.4613010697946,42.2422735625095],[-88.4612408826706,42.2386896767828],[-88.4612238146802,42.2361224595851],[-88.4611809650411,42.2325064317839],[-88.4611294017438,42.2288521476379],[-88.4611036200951,42.2256552500147],[-88.4610950860999,42.2220895795377],[-88.4611122439219,42.218466492831],[-88.4611036200951,42.2150020777241],[-88.4610950860999,42.2116520458518],[-88.4610950860999,42.2080345491033],[-88.4659616193201,42.2078947495358],[-88.470793926728,42.2078184295847],[-88.475651925953,42.2077739806015],[-88.48031256531,42.2077166907993],[-88.48480998078,42.2076721758704],[-88.4888182635777,42.2076276609101],[-88.4933159485423,42.2076149518499],[-88.4981224743015,42.2076149518499],[-88.5029289102292,42.2076022427872],[-88.5076067065098,42.2076276609101],[-88.512388349834,42.2076364441334],[-88.5170145837157,42.2076300556694],[-88.5218811169359,42.2076046375475],[-88.526104007255,42.2075982497456],[-88.5309019091875,42.2075855406794],[-88.5357256826001,42.2075855406794],[-88.540497802884,42.2076046375475],[-88.5453216661281,42.2076682500381],[-88.5499049605393,42.2076300556694],[-88.5549748723398,42.2075167386752],[-88.5596552746331,42.2075664438057],[-88.5641786505164,42.2075474806709],[-88.5686331265158,42.2075283837856],[-88.5732422025756,42.2075283837856],[-88.5777312646117,42.2075283837856],[-88.5825033848955,42.2075156747055],[-88.5870954827964,42.2074964447312],[-88.5915586715557,42.2075029656228],[-88.5952921606063,42.207483868724],[-88.5993347590479,42.2073311598664],[-88.6037979487055,42.2073948385068],[-88.6086130075616,42.2075092868946],[-88.6132051054625,42.2075474806709],[-88.6177883109404,42.2076237350751],[-88.6180852796003,42.2076179561123],[-88.6207323596211,42.2075664438057],[-88.6233932593242,42.2074774809099],[-88.6260023262354,42.2074202567132],[-88.6287662627015,42.20736948683],[-88.6316757262437,42.2073248385767],[-88.6364994098249,42.2072295527107],[-88.641340430891,42.2072168435704],[-88.6462070539427,42.207204135093],[-88.6510736769944,42.2071977465852],[-88.655974436027,42.2071723289547],[-88.6608068332663,42.2071658745691],[-88.6656734563181,42.2071596856776],[-88.6705485235335,42.2071405886751],[-88.675440837504,42.2071213585866],[-88.6802903036321,42.2071023287781],[-88.6851913321592,42.2070896861524],[-88.6900492415526,42.207064267813],[-88.6949072407776,42.207038848798],[-88.6997996445797,42.2070070425765],[-88.7046147052324,42.2070451707816],[-88.7093611336991,42.2070324616043],[-88.7138500151739,42.2070005888393],[-88.7185364361796,42.2070005888393],[-88.7233773665159,42.2074202567132],[-88.7282181189857,42.2078525636092],[-88.7330590502203,42.2082721599497],[-88.737917048547,42.2086917528376],[-88.7427578010168,42.2091177305874],[-88.7475901982562,42.2095436389271],[-88.7524309498278,42.2099632899065],[-88.7572546325106,42.2103892590816],[-88.7621040986387,42.2103701630554],[-88.766936316215,42.2103637755332],[-88.7717687125561,42.2103510670235],[-88.776609465026,42.2103256499964],[-88.7814590200873,42.2103129408137],[-88.7862568321882,42.2103002329591],[-88.7910548239522,42.2102747487094],[-88.7951145802158,42.210261973645],[-88.799921105975,42.2102429447826],[-88.8047191875705,42.2102302355832],[-88.8096028786126,42.2102112725826],[-88.8142290226628,42.2101794686238],[-88.8191042695412,42.210166760077],[-88.8238592320031,42.2101476639836],[-88.8287344788816,42.210115858662],[-88.833068939959,42.2101031507678],[-88.8379526310011,42.2100904415403],[-88.842621803455,42.2100649585367],[-88.8474284199441,42.2100394748575],[-88.852303576991,42.2100141907791],[-88.8569899979967,42.2099949615654],[-88.8618222155731,42.2099696768039],[-88.8666717706344,42.2099504475766],[-88.8714694030723,42.2099378727234],[-88.8763188683021,42.20991245553],[-88.8811511757099,42.2098806507554],[-88.8857173122991,42.209817041158],[-88.8905925591776,42.2097406556614],[-88.8949956515427,42.2096644710154],[-88.8994330595516,42.209600860535],[-88.9038533097387,42.209530929587],[-88.9081364770134,42.2094801620656],[-88.9127110577662,42.2094038426992],[-88.91713993178,42.2093338456607],[-88.9215775185537,42.2092766896834],[-88.9256028702401,42.2092321758538],[-88.9304522456384,42.209187528917],[-88.9353274026853,42.2091749525812],[-88.9401683339199,42.2091430815625],[-88.945052024962,42.2091240516976],[-88.9499102038501,42.209092246526],[-88.9533889378727,42.2091578170617],[-88.9578682738492,42.2113243158878],[-88.9599598195286,42.2124557496756],[-88.9690392088862,42.2168292529028],[-88.9700659796627,42.2163396216743],[-88.9713287351694,42.2157334576462],[-88.9734579687682,42.2147466549463]]},"properties":{"OBJECTID":49583,"ID":"139351","VOLTAGE":345,"STATUS":"IN SERVICE","OWNER":"COMMONWEALTH EDISON CO","SUB_1":"SILVER LAKE","SUB_2":"TAP137908","VOLT_CLASS":"345"}},{"type":"Feature","geometry":{"type":"LineString","coordinates":[[-91.0111447196108,38.9881094136514],[-91.0112168076157,38.9889990230139],[-91.0112381991975,38.9917811611331],[-91.0111954169321,38.9950453225805],[-91.0062041427533,38.9948790697225],[-91.0010488685429,38.9952392839872],[-90.9953231650254,38.9956881619865],[-90.9935976100608,38.9956105777005],[-90.9882426861768,38.9953889098379],[-90.9869212581057,38.9953107799543]]},"properties":{"OBJECTID":49591,"ID":"139359","VOLTAGE":161,"STATUS":"IN SERVICE","OWNER":"UNION ELECTRIC CO - (MO)","SUB_1":"UNKNOWN117845","SUB_2":"TAP140548","VOLT_CLASS":"100-161"}},{"type":"Feature","geometry":{"type":"LineString","coordinates":[[-91.5457131592968,39.7057666995089],[-91.5449050483419,39.6990601527967],[-91.5437166499846,39.6892940349828],[-91.5435146215721,39.6870077586054],[-91.5418151761412,39.6853590468343],[-91.539441805601,39.6830278970779],[-91.5315627226682,39.6749699931089],[-91.5226021974907,39.6662616437278],[-91.5134634115265,39.6575247489078],[-91.5072480866533,39.6517788385258],[-91.5011040655557,39.6456664228639],[-91.4977171294737,39.6425093485593],[-91.4921482942627,39.6352100095054],[-91.4886876765645,39.630728990999],[-91.4826506115796,39.623084228961],[-91.4815572846237,39.6215756801161]]},"properties":{"OBJECTID":49611,"ID":"139383","VOLTAGE":161,"STATUS":"IN SERVICE","OWNER":"NOT AVAILABLE","SUB_1":"UNKNOWN120975","SUB_2":"TAP140529","VOLT_CLASS":"100-161"}},{"type":"Feature","geometry":{"type":"LineString","coordinates":[[-90.5235020856644,37.8434499081255],[-90.523983332925,37.8435257745724],[-90.5253214606773,37.842582790083],[-90.5246936981938,37.8418651111047],[-90.5232203847711,37.8401187680848],[-90.5216800049258,37.8383105957734],[-90.5130975492104,37.8361892800185],[-90.5095726849013,37.8354706938545],[-90.5035950398793,37.8352360520598],[-90.4967749871231,37.8349819281289],[-90.4930943495539,37.8332593950591],[-90.4903277576677,37.8317350991081],[-90.4763521897873,37.8237902286285],[-90.4750116761096,37.8226938000043],[-90.4714845085201,37.8198024528495],[-90.4620409080104,37.8123239436763],[-90.4526032309916,37.809963515725],[-90.4487052837687,37.8090246168036],[-90.4429534338865,37.8076049797008],[-90.4354522623123,37.8057721806816],[-90.4311359975092,37.8047055308399],[-90.4258975366086,37.8033984876787],[-90.4239289442405,37.8029238875573]]},"properties":{"OBJECTID":49612,"ID":"139384","VOLTAGE":138,"STATUS":"IN SERVICE","OWNER":"UNION ELECTRIC CO - (MO)","SUB_1":"RIVERMINE","SUB_2":"TAP153230","VOLT_CLASS":"100-161"}},{"type":"Feature","geometry":{"type":"LineString","coordinates":[[-90.4514002242311,38.2141280098703],[-90.4498496269478,38.2146211437086],[-90.4481680427197,38.2129310848793],[-90.4458266566952,38.2131159528012],[-90.4457179856987,38.2130136730487]]},"properties":{"OBJECTID":49614,"ID":"139386","VOLTAGE":138,"STATUS":"IN SERVICE","OWNER":"UNION ELECTRIC CO - (MO)","SUB_1":"UNKNOWN117709","SUB_2":"TAP139429","VOLT_CLASS":"100-161"}},{"type":"Feature","geometry":{"type":"LineString","coordinates":[[-90.3460365927914,38.4612140025056],[-90.3457276091646,38.4610976834696],[-90.3453435641093,38.4612327215773]]},"properties":{"OBJECTID":49619,"ID":"139393","VOLTAGE":138,"STATUS":"IN SERVICE","OWNER":"UNION ELECTRIC CO - (MO)","SUB_1":"UNKNOWN117712","SUB_2":"TAP139459","VOLT_CLASS":"100-161"}},{"type":"Feature","geometry":{"type":"LineString","coordinates":[[-88.2377501226724,42.0642056179034],[-88.2377540554967,42.0630729587853]]},"properties":{"OBJECTID":49667,"ID":"139463","VOLTAGE":345,"STATUS":"IN SERVICE","OWNER":"COMMONWEALTH EDISON CO","SUB_1":"TAP137935","SUB_2":"TAP137936","VOLT_CLASS":"345"}},{"type":"Feature","geometry":{"type":"LineString","coordinates":[[-87.9108633318625,41.2098222894992],[-87.9120782592668,41.2104408300364],[-87.9123933882685,41.2112525475751],[-87.9141303940581,41.2133464737929],[-87.9159631458839,41.2946950276431],[-87.9090767507474,41.2996204585237],[-87.9093756202424,41.3111040825199],[-87.908484319004,41.3131732855585],[-87.6993445121823,41.3155604689708],[-87.6543947557259,41.3158367915566],[-87.6497784033124,41.3160071558167],[-87.5827452175978,41.3164373465148],[-87.582381221143,41.3191750945246],[-87.5829386257768,41.3772243785239],[-87.5788054771545,41.3772573406526],[-87.5791484188957,41.38952839414],[-87.5794276503203,41.4140741638782],[-87.5833992818545,41.4140203360016],[-87.5836557329018,41.428202917019],[-87.5848573607483,41.4293688525189],[-87.5848048757795,41.4312535539364],[-87.5847952377548,41.432416426799]]},"properties":{"OBJECTID":49685,"ID":"139484","VOLTAGE":345,"STATUS":"IN SERVICE","OWNER":"COMMONWEALTH EDISON CO","SUB_1":"DAVIS CREEK","SUB_2":"TAP138150","VOLT_CLASS":"345"}},{"type":"Feature","geometry":{"type":"LineString","coordinates":[[-87.6199512474717,41.4324701249336],[-87.6194235995316,41.432407523128]]},"properties":{"OBJECTID":49742,"ID":"139557","VOLTAGE":345,"STATUS":"IN SERVICE","OWNER":"NOT AVAILABLE","SUB_1":"TAP138152","SUB_2":"TAP138153","VOLT_CLASS":"345"}},{"type":"Feature","geometry":{"type":"LineString","coordinates":[[-87.5079710002466,37.6426379998865],[-87.508295380099,37.6417142469526],[-87.5089222801998,37.641467781103],[-87.508805875607,37.6412090446798],[-87.5087558385474,37.6406107420587],[-87.5086524424582,37.6380195798898],[-87.5085688102035,37.6354390685795],[-87.5084752057509,37.6326097585013],[-87.5076530676029,37.6299902866159],[-87.5072189118261,37.6285580758668],[-87.5064866052065,37.6261769481122],[-87.5049522827012,37.6240868885699],[-87.5036978752385,37.6223538789913],[-87.5023075526732,37.6204620868146],[-87.5010957244566,37.6188141648251],[-87.4993529038722,37.6164163588628],[-87.4981292187922,37.6147417339335],[-87.4964508065153,37.6124489714895],[-87.4947195732998,37.610077931741],[-87.4932949350907,37.6081181495027],[-87.4915370219112,37.6057230588265],[-87.4904270635462,37.6041952275231],[-87.4886160599334,37.601727985579],[-87.4866649191363,37.5990565365135],[-87.4842856412748,37.5978678585262],[-87.4818837258681,37.5966641427489],[-87.479254446863,37.5953553516963],[-87.4766402595547,37.5940314471143],[-87.473923843967,37.5926836738208],[-87.4716999746497,37.5915578889425],[-87.4694343336716,37.5904291685828],[-87.4673354200102,37.5893783755445],[-87.4652252765095,37.5883276395663],[-87.4627626358879,37.5870877506097],[-87.459970401592,37.5856917296622],[-87.4571403500192,37.5842626514749],[-87.454609525471,37.5829986336917],[-87.4521090657759,37.5817436348714],[-87.4495745590333,37.5804736647309],[-87.447055054156,37.579212571987],[-87.4445167735908,37.577942558673],[-87.4420162240643,37.576696444467],[-87.4393149001734,37.5753242936846],[-87.4367273029975,37.57363678251],[-87.4343556608159,37.5720812366939],[-87.4319612005278,37.5705228815566],[-87.4296313309052,37.5689913370629],[-87.4272860991929,37.5674538511687],[-87.4249410471437,37.5659102810981],[-87.4228307248783,37.5645348689911],[-87.4206257201819,37.5630933506055],[-87.4187049415431,37.5618350255231],[-87.4166212103083,37.5604715727316],[-87.4144427059128,37.5590299757244],[-87.4124045174663,37.5576994425316],[-87.4105329683017,37.5564741416764],[-87.4086575545848,37.55524867753],[-87.4063995501849,37.5537649615768],[-87.403910946455,37.552129093824],[-87.4028964269024,37.5514593305765],[-87.4013302672051,37.5504253887671],[-87.3990305800777,37.5489325316693],[-87.3966285748395,37.5473645757603],[-87.3947227989643,37.5460969396005],[-87.3923057020293,37.5445289945588],[-87.38982428572,37.5429038937923],[-87.3875321435427,37.5413777647527],[-87.3851945475104,37.5398577295492],[-87.3829517246388,37.5383796906639],[-87.3806899455182,37.5368911519546],[-87.3784432598909,37.5354100617115],[-87.3763140730045,37.5340250397257],[-87.3741432042889,37.5326009548554],[-87.3719079254691,37.5311408666918],[-87.3696196478441,37.5296265357212],[-87.3674260517519,37.5281873349673],[-87.3653233651663,37.526817281558],[-87.3632962268962,37.5254802615489],[-87.3611781791193,37.5240903529863],[-87.3589851220162,37.5226650795582],[-87.356695675683,37.5211632600796],[-87.3543807171959,37.5196050506709],[-87.3522079620182,37.5181917336541],[-87.3503042522681,37.5169394907513],[-87.3492659264621,37.5168765987465],[-87.3483091838536,37.5168186480212],[-87.3455526135727,37.5166334636161],[-87.3428265860115,37.5164643818013],[-87.3399296988833,37.5162710737198],[-87.3370564365487,37.5160898781118],[-87.3342186585662,37.5159045486797],[-87.3312437087381,37.5157153725429],[-87.3282814242572,37.5152782325306],[-87.325093842303,37.5147914266327],[-87.3222149205821,37.5143643295088],[-87.319522220518,37.5139541878779],[-87.317036941453,37.5135724748179],[-87.3141945829608,37.5131475789291],[-87.3115108660495,37.5127264564765],[-87.3084501262134,37.5122700611482],[-87.3056920287966,37.5118450865878],[-87.3027850805372,37.5113965947142],[-87.3002353015364,37.5110226356546],[-87.2979236677141,37.5106803845151],[-87.2953788303457,37.5102947355043],[-87.2925562338915,37.5098539295463],[-87.289535199591,37.5094054257082],[-87.2866134291294,37.5089646864705],[-87.2835231347205,37.5084758448231],[-87.2806757447644,37.5080468580739],[-87.2779027353139,37.5076297687115],[-87.2747676149723,37.5071457640921],[-87.2723765691806,37.5067797650435],[-87.269444826521,37.5063350908879],[-87.2665280875233,37.5058982529603],[-87.2635962559305,37.5054417439051],[-87.2606248086337,37.5049892940714],[-87.2575591280636,37.5045209496635],[-87.2545927113324,37.5040683517207],[-87.2517006751067,37.5036236607019],[-87.2486002297351,37.5031711285846],[-87.2456918441712,37.5027266467309],[-87.2427804043354,37.5022638475886],[-87.2398655509015,37.5018305491587],[-87.2369342582979,37.5013895506857],[-87.2340448271865,37.5009489786367],[-87.2311964490836,37.5005139621526],[-87.2278819351798,37.4999972698838],[-87.2249273762103,37.4995730806755],[-87.2219075995512,37.4990971477778],[-87.2190695520741,37.4986593409976],[-87.2162760610351,37.4982432689487],[-87.2133694721018,37.4977918445456],[-87.2100651989922,37.4972778417289],[-87.2069769707085,37.4968182865756],[-87.2048381718485,37.4958583288849],[-87.2024731772,37.4947950834759],[-87.200008649218,37.493685424885],[-87.1971328716006,37.492399128869],[-87.1948295022789,37.4913710447522],[-87.1922416356085,37.4902206358612],[-87.189694911778,37.4890757675552],[-87.187343660455,37.4880122837434],[-87.1851519517231,37.4870423768705],[-87.1831660461245,37.4861483706681],[-87.1810730613441,37.4851924814919],[-87.1785339731935,37.4840654296728],[-87.1761927839,37.4830050816174],[-87.1738247349795,37.4819525606169],[-87.1712725305275,37.4808069247336],[-87.1687002056098,37.4796614858605],[-87.1661145847275,37.4785025551611],[-87.1635288740137,37.4773383310453],[-87.1610569798464,37.4762314779263],[-87.1588423631764,37.4752268408979],[-87.1562291640149,37.4740546515259],[-87.1537518799559,37.4729531688272],[-87.1512650737549,37.4718404758667],[-87.1487167329569,37.4706900507099],[-87.1460357109914,37.4694908405423],[-87.1435821415576,37.4694720886495],[-87.1411001871574,37.469457045637],[-87.1389733358907,37.4694269574638],[-87.135941881133,37.4693968707044],[-87.1333650637405,37.4693780474908],[-87.1306410115746,37.4693511690942],[-87.1275448790146,37.4693251455438],[-87.1246524825645,37.4669220276958],[-87.1231919126424,37.4656338448719],[-87.1202822685388,37.4632750295466],[-87.1175330653416,37.4609369616981],[-87.1151602553501,37.4589261941116],[-87.1135925155163,37.4576608348759],[-87.1110947498688,37.4555136327755],[-87.1095957311542,37.4542380895242],[-87.1072952355431,37.4523187791711],[-87.1045640875848,37.4500203769494],[-87.103033835346,37.4503118797919],[-87.1019266339106,37.4505227944943],[-87.0990931678414,37.4510405427847],[-87.0962640136856,37.4515788245959],[-87.0939574984638,37.4519860290436],[-87.0919835404585,37.4513594620982],[-87.0891742399687,37.4504820741372],[-87.0886191709547,37.4501048861472],[-87.0885669994979,37.4491910000417]]},"properties":{"OBJECTID":49765,"ID":"139593","VOLTAGE":345,"STATUS":"IN SERVICE","OWNER":"NOT AVAILABLE","SUB_1":"UNKNOWN123186","SUB_2":"WILSON","VOLT_CLASS":"345"}},{"type":"Feature","geometry":{"type":"LineString","coordinates":[[-88.1662038081569,41.7036553710202],[-88.166333833006,41.7030459837345],[-88.1660218642775,41.7028087855852]]},"properties":{"OBJECTID":49775,"ID":"139607","VOLTAGE":138,"STATUS":"IN SERVICE","OWNER":"NOT AVAILABLE","SUB_1":"TAP138240","SUB_2":"SPRING BROOK","VOLT_CLASS":"100-161"}},{"type":"Feature","geometry":{"type":"LineString","coordinates":[[-90.2862625006483,38.9171485666166],[-90.2859202506099,38.9170651587004],[-90.2847212593187,38.9163938051021],[-90.2829625511302,38.9131390256059],[-90.2808612299839,38.9094635248116],[-90.281616491254,38.9054028591204]]},"properties":{"OBJECTID":49824,"ID":"139669","VOLTAGE":138,"STATUS":"IN SERVICE","OWNER":"UNION ELECTRIC CO - (MO)","SUB_1":"UNKNOWN117132","SUB_2":"TAP139401","VOLT_CLASS":"100-161"}},{"type":"Feature","geometry":{"type":"LineString","coordinates":[[-89.6399071859836,37.2977433591564],[-89.6381303956068,37.3064798586265],[-89.6376431520916,37.3086255641246],[-89.6372509808762,37.3103742209433],[-89.6368279112083,37.3127126318446],[-89.636452376792,37.3143061888258],[-89.6347553442359,37.318479897946],[-89.6333150052723,37.322165725717],[-89.6312044090207,37.3271838320119],[-89.6230401100868,37.3330917257035],[-89.6208867315698,37.3346451650717],[-89.6146904213362,37.3371339998475],[-89.6121306099504,37.3382111469471],[-89.6103337521084,37.3389311264849],[-89.6104549680779,37.3415502049285],[-89.6111965291416,37.3479331180924],[-89.6114674834891,37.3506652481539],[-89.6100271445255,37.3517251957329],[-89.6089005430732,37.3517592044639]]},"properties":{"OBJECTID":49840,"ID":"139693","VOLTAGE":161,"STATUS":"IN SERVICE","OWNER":"UNION ELECTRIC CO - (MO)","SUB_1":"TAP153689","SUB_2":"TAP153755","VOLT_CLASS":"100-161"}},{"type":"Feature","geometry":{"type":"LineString","coordinates":[[-88.9776355723189,39.7890554428689],[-88.9859235081819,39.7889820498019],[-89.0223911264855,39.7882648796243],[-89.0439680801967,39.7698668879794],[-89.0540855483235,39.7615292560164],[-89.0801263690221,39.7613436575114],[-89.0798527305084,39.7484588768991],[-89.0791388932511,39.7430931918969],[-89.0793480039812,39.738688648011],[-89.0796489396014,39.7290919296817],[-89.0796189358709,39.7282259860494],[-89.0796039340057,39.7277489306441],[-89.0795719539816,39.7267789905071],[-89.0795279365326,39.7246269568222],[-89.0789485357508,39.7137068485404],[-89.0784607460599,39.6973361569393],[-89.0784049525959,39.6842659637199],[-89.0780719471201,39.6695679538478],[-89.0777449962893,39.6567000778614]]},"properties":{"OBJECTID":49853,"ID":"164430","VOLTAGE":138,"STATUS":"IN SERVICE","OWNER":"AMEREN ILLINOIS COMPANY","SUB_1":"TAP139406","SUB_2":"TAP162299","VOLT_CLASS":"100-161"}},{"type":"Feature","geometry":{"type":"LineString","coordinates":[[-90.3338107472517,38.4616602215916],[-90.3338495652517,38.459897260624],[-90.3339386951959,38.458794530041],[-90.3338792752331,38.4555001931525],[-90.334936949852,38.4526245050981],[-90.3341585488785,38.4498231586252],[-90.3343368078686,38.444894945041],[-90.3355905685443,38.4427122760615],[-90.3374622964737,38.4395940630205],[-90.3386328695608,38.4375555169542],[-90.3387338833179,38.4332501785781],[-90.3387635932993,38.4310206111614],[-90.3388170709065,38.4274084711381],[-90.3388408385323,38.4254999229583],[-90.3382347559898,38.4229675266354],[-90.3389418531876,38.4217990571569],[-90.3397975002924,38.4204583191576],[-90.340314453789,38.4190849681038],[-90.342150528483,38.4183726769386],[-90.342108935587,38.4147366269759],[-90.3419663280357,38.4121107349027],[-90.3417761843344,38.4095033714858],[-90.3396132980485,38.4094987158167],[-90.3371949066411,38.4071752897152],[-90.3342298526542,38.4043349287875],[-90.3346220238696,38.4035433330176],[-90.3355444939534,38.4033460854778]]},"properties":{"OBJECTID":49872,"ID":"139737","VOLTAGE":138,"STATUS":"IN SERVICE","OWNER":"UNION ELECTRIC CO - (MO)","SUB_1":"MERAMEC","SUB_2":"TAP139461","VOLT_CLASS":"100-161"}},{"type":"Feature","geometry":{"type":"LineString","coordinates":[[-90.4546689420218,38.5633600550334],[-90.4539824297187,38.5631883345394],[-90.4539539091068,38.5638741056585],[-90.4498753250532,38.5637347216775],[-90.4446059648017,38.564894388055],[-90.4409552043005,38.5661822634764],[-90.4386021752116,38.5666784528229],[-90.4365700126641,38.5666617278055],[-90.4349371539553,38.5663829696842],[-90.4305733539007,38.5642755297043],[-90.4290331887528,38.5638629556804],[-90.4275643291772,38.5637737494723],[-90.4251257346592,38.5639354347212],[-90.4162412662435,38.5664833229291],[-90.4077489699416,38.5686408725585],[-90.3982940695239,38.571082672827],[-90.3926875122575,38.5724831437714]]},"properties":{"OBJECTID":49950,"ID":"139837","VOLTAGE":138,"STATUS":"IN SERVICE","OWNER":"UNION ELECTRIC CO - (MO)","SUB_1":"UNKNOWN117841","SUB_2":"TAP139458","VOLT_CLASS":"100-161"}},{"type":"Feature","geometry":{"type":"LineString","coordinates":[[-89.0283236365544,39.1855828160092],[-89.0283691748511,39.1860853171132],[-89.0260985688845,39.1859521327967],[-89.0239801617815,39.1858274275859],[-89.021901280551,39.1857211751265],[-89.0199310927749,39.1856109000563],[-89.0197964380087,39.1856033627487],[-89.0195469758543,39.232625993801],[-89.0195389808483,39.2472729600879],[-89.0195269425252,39.2485669747041],[-89.0195425875842,39.2786178785283],[-89.0196139722082,39.3095627689558],[-89.0186994890456,39.3462203259087],[-89.0184781989568,39.3594920258416],[-89.0185733781561,39.3686529508093],[-89.0188589130591,39.3896397969434],[-89.0190174737916,39.39699424316],[-89.0445954752692,39.4020212215972],[-89.0622605938031,39.4083505889432],[-89.0797708643417,39.4088075450875],[-89.080050656315,39.4085816115142]]},"properties":{"OBJECTID":49978,"ID":"139866","VOLTAGE":138,"STATUS":"IN SERVICE","OWNER":"AMEREN ILLINOIS COMPANY","SUB_1":"PANA NORTH","SUB_2":"RAMSEY","VOLT_CLASS":"100-161"}},{"type":"Feature","geometry":{"type":"LineString","coordinates":[[-90.2113153926392,38.695976821728],[-90.2111950210861,38.6958944115738]]},"properties":{"OBJECTID":49979,"ID":"139867","VOLTAGE":138,"STATUS":"IN SERVICE","OWNER":"UNION ELECTRIC CO - (MO)","SUB_1":"TAP139445","SUB_2":"TAP139446","VOLT_CLASS":"100-161"}},{"type":"Feature","geometry":{"type":"LineString","coordinates":[[-88.4743012056171,39.2770600181185],[-88.4739154528644,39.2777562244855],[-88.4807039612793,39.2786519757317],[-88.490002553041,39.2800256651373],[-88.5031729815935,39.2819879767165],[-88.50855432493,39.2828101949209],[-88.5289149256105,39.2877789439912],[-88.5315859762763,39.2883889745955],[-88.5432840175692,39.2908928665078],[-88.5451559269582,39.2912839395568],[-88.5471996840611,39.2917367479712],[-88.5491580104822,39.2921557645741],[-88.5512090448372,39.2925913945741],[-88.552832928478,39.2929410917105],[-88.554713282929,39.2933543307932],[-88.5596409015886,39.2944549927316],[-88.5661776499586,39.2957312521561],[-88.5830793397399,39.2992509707938],[-88.6034094551929,39.3041050715778],[-88.6195299646133,39.3080369877823],[-88.6229909039084,39.3089019308673],[-88.6381019135619,39.3123659749885],[-88.6408119520094,39.3129679375975],[-88.6554447120803,39.3167052415008],[-88.6573722424568,39.3171903161183],[-88.6667609801572,39.3195061529562],[-88.6737470775105,39.3211908106493],[-88.6811969732483,39.3229439438931],[-88.685025723245,39.3238558075687],[-88.6934669718826,39.3257249768013],[-88.6944559271789,39.3259339320038],[-88.6967139315787,39.326411948558],[-88.7138076829644,39.3301375847455],[-88.7317199316263,39.3341299445688],[-88.7406983728038,39.3358712455605],[-88.7432659779731,39.3361479315923],[-88.7571771950382,39.3375390775283],[-88.7706979216357,39.3389529646405],[-88.7801056811623,39.3404991280237],[-88.7863691314802,39.3416044285426],[-88.7868604299906,39.3416919871578],[-88.7869933528048,39.3420076866359]]},"properties":{"OBJECTID":47534,"ID":"136834","VOLTAGE":138,"STATUS":"IN SERVICE","OWNER":"AMEREN ILLINOIS COMPANY","SUB_1":"SHELBYVILLE SOUTH","SUB_2":"NEOGA","VOLT_CLASS":"100-161"}},{"type":"Feature","geometry":{"type":"LineString","coordinates":[[-88.1056941062889,42.3629518236765],[-88.1063207629462,42.3632485125135],[-88.1065529990067,42.3634674235518]]},"properties":{"OBJECTID":47550,"ID":"136853","VOLTAGE":138,"STATUS":"IN SERVICE","OWNER":"COMMONWEALTH EDISON CO","SUB_1":"UNKNOWN121934","SUB_2":"TAP136946","VOLT_CLASS":"100-161"}},{"type":"Feature","geometry":{"type":"LineString","coordinates":[[-90.1786864695808,38.6003273901583],[-90.1791270168708,38.6013191076655],[-90.1813862142334,38.6023262287304],[-90.1827666876698,38.6056295060807],[-90.181671332318,38.6110819460927],[-90.1797265021858,38.616078296992],[-90.179179796487,38.6174308117551],[-90.1787724042175,38.6184590260283],[-90.1781774976155,38.6203393606253],[-90.1774795290976,38.6222855095442],[-90.1763658957247,38.6254101807637],[-90.1754983127048,38.6293722287998],[-90.1752571087628,38.6305196205329],[-90.174807473217,38.6327526478104],[-90.17453707313,38.6351977347911],[-90.174388523223,38.6384224616001],[-90.181569552298,38.6383992978749],[-90.1830241520168,38.6372352485967],[-90.1840224066729,38.6372352485967],[-90.1848923145328,38.6372185407156],[-90.1849065761862,38.6368453731658],[-90.1851306986631,38.6361993736557]]},"properties":{"OBJECTID":47556,"ID":"136858","VOLTAGE":138,"STATUS":"IN SERVICE","OWNER":"NOT AVAILABLE","SUB_1":"UNKNOWN117076","SUB_2":"CAHOKIA","VOLT_CLASS":"100-161"}},{"type":"Feature","geometry":{"type":"LineString","coordinates":[[-91.4390359995705,38.99447399998],[-91.4380333162201,38.9944519850715],[-91.4375088986218,38.9944759451],[-91.4334819308662,38.9947039685111],[-91.4259022618074,38.9950705467954],[-91.4219219606325,38.9950359496345],[-91.4105053687046,38.9947786808067],[-91.3976309754624,38.9945939368465],[-91.383564372311,38.9943842905116],[-91.3810449671467,38.9943473457413],[-91.3737897929247,38.9943196371509],[-91.3660414337304,38.9943104009517],[-91.3635636232586,38.9943104009517],[-91.3551479397756,38.9943459438001],[-91.3511919389274,38.994318994827],[-91.3405562246283,38.9942826916487],[-91.3350895916455,38.9943150187024],[-91.3325701864811,38.9942919278515],[-91.3270797849742,38.9942873100994],[-91.3202286666789,38.9942965456034],[-91.3100678575345,38.9942919278515],[-91.3032642762874,38.9942688369931],[-91.301041970937,38.9942780738959],[-91.2907326118856,38.9942826916487],[-91.2789138531882,38.994267449014],[-91.271947595128,38.9937220437115],[-91.2663969651746,38.9933028011098],[-91.264507411975,38.9931587116812],[-91.264266923092,38.9931474526749],[-91.2600295258793,38.9928594488364],[-91.2547245141892,38.9928151135959],[-91.2475656007382,38.9926987338067],[-91.2383027259922,38.9925932889596],[-91.2305810997624,38.9924665014905],[-91.2263810392279,38.9924196210764],[-91.2229087057017,38.9927042760715],[-91.2120562485858,38.9935965198854],[-91.1986297220239,38.9927098176377],[-91.1931107981084,38.9923329657135],[-91.1884332605425,38.9922553777491],[-91.1872710067532,38.9919616541057],[-91.1816094761846,38.9916069655086],[-91.178999752605,38.9919394855095],[-91.1784474926228,38.9920036934978]]},"properties":{"OBJECTID":47559,"ID":"136862","VOLTAGE":161,"STATUS":"IN SERVICE","OWNER":"UNION ELECTRIC CO - (MO)","SUB_1":"UNKNOWN117793","SUB_2":"UNKNOWN117850","VOLT_CLASS":"100-161"}},{"type":"Feature","geometry":{"type":"LineString","coordinates":[[-87.733111769589,41.6401181938354],[-87.7333011515188,41.6394752906223]]},"properties":{"OBJECTID":47617,"ID":"136939","VOLTAGE":138,"STATUS":"IN SERVICE","OWNER":"COMMONWEALTH EDISON CO","SUB_1":"TAP138171","SUB_2":"CRESTWOOD","VOLT_CLASS":"100-161"}},{"type":"Feature","geometry":{"type":"LineString","coordinates":[[-88.0468168319383,41.8954228607863],[-88.0462725552841,41.8963694178308],[-88.0448270330413,41.8961659736728],[-88.0436991676593,41.8961481276279],[-88.0411364888511,41.8958483161367],[-88.0416441025636,41.8938765847639],[-88.041859205955,41.8927406305718],[-88.0397267986083,41.8925642787826],[-88.034467171603,41.8923108995378],[-88.0365671479713,41.8850944826834],[-88.0345938529226,41.8814472709437],[-88.0337084563106,41.8798722865546],[-88.0336473277522,41.8778550264963],[-88.0342395313234,41.8758171501001],[-88.0354714925822,41.874558597954],[-88.0408000086917,41.8719220519255],[-88.0409523225397,41.8640257729121],[-88.0432513197609,41.8608321779981],[-88.0432456846292,41.8589833421201],[-88.0425502143261,41.8570324876724],[-88.0408250061112,41.8415236486149],[-88.0454533779832,41.834106895843],[-88.0474711656896,41.8308888697439],[-88.0475069967913,41.8259527730757],[-88.0373704951602,41.8183453637207],[-88.0371329132254,41.8181532191138],[-88.0368370279338,41.8106731430198],[-88.0572675579676,41.8114584749315],[-88.0571498220715,41.8022515048788],[-88.057726549467,41.7986155326788],[-88.0579301139987,41.7973973906714],[-88.058009879006,41.7969200637941],[-88.0578486305142,41.7948222465542],[-88.0577188248539,41.793229483656],[-88.0576209075897,41.7911786300922],[-88.0575227226274,41.7892991759218],[-88.0571807339987,41.7872167827148],[-88.0569322599911,41.7858835868794],[-88.0568682101114,41.7837890925593],[-88.0567940991005,41.7818449810392],[-88.0567080395979,41.7797926907804],[-88.056610752951,41.7778609859658],[-88.0575763520499,41.7758724797094],[-88.0585198525928,41.7739374397384],[-88.0594465546399,41.7720027447069],[-88.0599805132448,41.7708388709792],[-88.059929039779,41.7687383905912],[-88.0598498982024,41.7667125500665],[-88.05978216523,41.7647021898594],[-88.0597005982022,41.7627652717736],[-88.059628643148,41.7607303305413],[-88.0595612695017,41.7588078337911],[-88.0594914695058,41.757019036499],[-88.0595354483271,41.75654388579]]},"properties":{"OBJECTID":47638,"ID":"136964","VOLTAGE":345,"STATUS":"IN SERVICE","OWNER":"NOT AVAILABLE","SUB_1":"UNKNOWN122246","SUB_2":"LOMBARD","VOLT_CLASS":"345"}},{"type":"Feature","geometry":{"type":"LineString","coordinates":[[-88.3279862262371,41.4105692589117],[-88.3287504086763,41.4112754310842],[-88.3288365346542,41.4125122008953],[-88.3290742872688,41.4132753697777],[-88.3292489997101,41.4135019995622]]},"properties":{"OBJECTID":47639,"ID":"136965","VOLTAGE":138,"STATUS":"IN SERVICE","OWNER":"COMMONWEALTH EDISON CO","SUB_1":"TAP153345","SUB_2":"MORRIS COGENERATION LLC","VOLT_CLASS":"100-161"}},{"type":"Feature","geometry":{"type":"LineString","coordinates":[[-90.2113153926392,38.695976821728],[-90.2128340431361,38.6945559291278],[-90.2125250586109,38.6943518710434],[-90.2124654634766,38.6941295668705]]},"properties":{"OBJECTID":47641,"ID":"136968","VOLTAGE":138,"STATUS":"IN SERVICE","OWNER":"UNION ELECTRIC CO - (MO)","SUB_1":"UNKNOWN117735","SUB_2":"TAP139445","VOLT_CLASS":"100-161"}},{"type":"Feature","geometry":{"type":"LineString","coordinates":[[-88.339374947035,40.1580380675619],[-88.3390432342348,40.1585676877551],[-88.3390473655868,40.1589439847719],[-88.3385210435602,40.1592010267149],[-88.3385210435602,40.1601194768613],[-88.3385536515067,40.1610398368502],[-88.3385780865807,40.1619249661625],[-88.3387635841953,40.1780046118305],[-88.3338080584732,40.1811395511641]]},"properties":{"OBJECTID":47643,"ID":"136971","VOLTAGE":138,"STATUS":"IN SERVICE","OWNER":"AMEREN ILLINOIS COMPANY","SUB_1":"TAP138279","SUB_2":"RISING","VOLT_CLASS":"100-161"}},{"type":"Feature","geometry":{"type":"LineString","coordinates":[[-89.6953261611877,42.3195330155204],[-89.6952933744764,42.318866381796],[-89.6954238412967,42.3166573299309],[-89.695364384503,42.3081907749161],[-89.6952216395094,42.3073699910486],[-89.6949990324904,42.2892348655585],[-89.6941452826276,42.2894171407364],[-89.6942930339322,42.2892041341069]]},"properties":{"OBJECTID":47679,"ID":"137031","VOLTAGE":138,"STATUS":"IN SERVICE","OWNER":"COMMONWEALTH EDISON CO","SUB_1":"UNKNOWN124269","SUB_2":"TAP137879","VOLT_CLASS":"100-161"}},{"type":"Feature","geometry":{"type":"LineString","coordinates":[[-88.859231141917,37.2152870394963],[-88.8597402737824,37.2148074891194],[-88.8602308725051,37.215009268046],[-88.8615997998952,37.2161764164822],[-88.8665097379133,37.216849011001],[-88.8668974687563,37.2170033115622],[-88.8668974687563,37.2177906428388],[-88.8665442242371,37.2182120797006]]},"properties":{"OBJECTID":47691,"ID":"137044","VOLTAGE":161,"STATUS":"IN SERVICE","OWNER":"AMEREN ILLINOIS COMPANY","SUB_1":"MEPI GT FACILITY","SUB_2":"JOPPA 345","VOLT_CLASS":"100-161"}},{"type":"Feature","geometry":{"type":"LineString","coordinates":[[-88.2325088653162,41.707545019538],[-88.2340923535153,41.7085708705585],[-88.2345266539209,41.7085165839432],[-88.234515020738,41.7090012936793],[-88.2355768482684,41.7095264426803],[-88.236028685585,41.7237737398049],[-88.2359710532696,41.7257813035985],[-88.2337822146551,41.740113429647],[-88.2338621350709,41.7464028691285],[-88.2337860127321,41.7472727979454],[-88.2343728713274,41.7475717798038],[-88.2344425266946,41.7477464416033]]},"properties":{"OBJECTID":47725,"ID":"137084","VOLTAGE":138,"STATUS":"IN SERVICE","OWNER":"NOT AVAILABLE","SUB_1":"FRONTENAC","SUB_2":"WOLFS CROSSING","VOLT_CLASS":"100-161"}},{"type":"Feature","geometry":{"type":"LineString","coordinates":[[-88.1148673758818,41.4925078378109],[-88.1152379462079,41.4924814671143],[-88.1153123051539,41.4926361309518],[-88.117093925772,41.4925498757379],[-88.11901831474,41.4922762381187],[-88.1202377885179,41.491223326613],[-88.1279512203157,41.495181726703],[-88.1292642212912,41.4963323996551],[-88.1293668349478,41.4981848366317],[-88.1294474138288,41.4999326576427],[-88.1295117332031,41.5020779765047],[-88.1296137818194,41.5045607436741],[-88.1297210406643,41.5071036931438],[-88.1298196756825,41.5095386405219],[-88.1299247947404,41.5106122488842],[-88.1299152555304,41.5121240419248],[-88.1300146999307,41.5145908857407],[-88.1300952788117,41.5158773778324],[-88.1301091128671,41.5171312888636],[-88.1301945426506,41.5197207575321],[-88.1302867996303,41.5223005728201],[-88.1304010653344,41.5249229915274],[-88.1305062580542,41.5273802699403],[-88.1305995031807,41.5298717505779],[-88.1303924415077,41.5322448497571],[-88.1302121496302,41.5345579475736],[-88.1300217067899,41.5367474405603],[-88.1300713836251,41.538984665932],[-88.130147739526,41.5412740570373],[-88.1302223005929,41.5437015339681],[-88.1303167135292,41.5460399719172],[-88.1304024128073,41.5485257595367],[-88.1303992687038,41.5497709698178],[-88.130488201917,41.5507225766407],[-88.1305057666757,41.5511805180618],[-88.1305313210506,41.5518467386905],[-88.1305569230362,41.5529128668545],[-88.1305841958882,41.5532584708376],[-88.1306557377174,41.5541650517765],[-88.1306654395225,41.555259845002],[-88.1307505099799,41.5576152748653],[-88.1308317176816,41.5597145869342],[-88.1309175067912,41.5619688297523],[-88.1309862279105,41.5635935397582],[-88.1309946720741,41.5641652578784],[-88.1310892646736,41.5665861617306],[-88.1311921217736,41.5690778807237],[-88.1337498050505,41.5706189416548],[-88.136302817088,41.5721500880596],[-88.1388421747331,41.573686573759],[-88.1413767713073,41.5752146899081],[-88.1435565333442,41.576525242979],[-88.1461549103035,41.5781036909642],[-88.1487617305282,41.5796530705939],[-88.1509442782408,41.5809868511644],[-88.1534532728294,41.5825157346374],[-88.1558761189822,41.5839856547775],[-88.158194580899,41.5853862675153],[-88.1604645760112,41.586748434879],[-88.1606821057522,41.5868789667439],[-88.1630182635818,41.5882878487081],[-88.1654126340384,41.5897516578458],[-88.1679381576281,41.5912456670308],[-88.167996098964,41.5938149695511],[-88.168056286088,41.5956893287111],[-88.1681506091928,41.5981861718278],[-88.1682536459559,41.6006317308775],[-88.1683396147286,41.6029871858491],[-88.1684234275446,41.6053981718127],[-88.1685178395827,41.6078882577049],[-88.1703805870541,41.6095952340336],[-88.1725434607637,41.6116809688202],[-88.1745431105862,41.6135738816678],[-88.1755990802026,41.6145877476046],[-88.1767747045167,41.615678762599],[-88.1768286492478,41.6157306245044],[-88.1787568380894,41.617584386562],[-88.1806422222077,41.6193968758844],[-88.1827818295514,41.6214537535029],[-88.1847417738383,41.623337851969],[-88.1883036837714,41.6232949421164],[-88.191673084739,41.6232545839975],[-88.1947517010492,41.6232175827655],[-88.2002914317434,41.6228094336127],[-88.2031345996176,41.6225487486459],[-88.2063154442071,41.6222640897999],[-88.2081880785366,41.6220232275151]]},"properties":{"OBJECTID":47748,"ID":"137110","VOLTAGE":138,"STATUS":"IN SERVICE","OWNER":"NOT AVAILABLE","SUB_1":"UNKNOWN121977","SUB_2":"JOLIET","VOLT_CLASS":"100-161"}},{"type":"Feature","geometry":{"type":"LineString","coordinates":[[-90.0946500781696,38.8251440655968],[-90.0950144330522,38.824950734097],[-90.0952994720851,38.8250672289699]]},"properties":{"OBJECTID":47749,"ID":"137197","VOLTAGE":138,"STATUS":"IN SERVICE","OWNER":"AMEREN ILLINOIS COMPANY","SUB_1":"UNKNOWN122496","SUB_2":"TAP139504","VOLT_CLASS":"100-161"}},{"type":"Feature","geometry":{"type":"LineString","coordinates":[[-87.7637757995416,38.3745267739734],[-87.7625064611805,38.3744949558693],[-87.7617257335705,38.3759413365437],[-87.7564175005217,38.3807254878547],[-87.7304306766566,38.3807790768064],[-87.7300956347,38.351790174764],[-87.6964817251022,38.3450252316037],[-87.6550574707588,38.3436340069053],[-87.6396522341037,38.3406518859138],[-87.6220385171703,38.3382554937529],[-87.6188731236036,38.3377827736132],[-87.6173795846123,38.3378238516198],[-87.6034918099828,38.3378896627668],[-87.575234314574,38.3378814886058],[-87.5757007198695,38.3227364640812],[-87.5505618670051,38.3225021225931],[-87.4631579188675,38.3227305504766],[-87.4237718484789,38.3225320226454],[-87.4231674960918,38.3222220301217]]},"properties":{"OBJECTID":47762,"ID":"137125","VOLTAGE":345,"STATUS":"IN SERVICE","OWNER":"NOT AVAILABLE","SUB_1":"GIBSON STATION","SUB_2":"FRANCISCO","VOLT_CLASS":"345"}},{"type":"Feature","geometry":{"type":"LineString","coordinates":[[-88.2687279997308,37.0155740000967],[-88.2678532319852,37.015430455834],[-88.267385665168,37.0156330716276],[-88.2658842254937,37.0175295019497],[-88.2656676946793,37.018321862556],[-88.2651430812484,37.0199835588098],[-88.2617043069845,37.0208089237122],[-88.2585242897434,37.0215292968788],[-88.2535304454845,37.0228487711536],[-88.2501883541998,37.0236122375354],[-88.2489652979405,37.0221435337477],[-88.2475379647855,37.0202699241025],[-88.2433109422161,37.0152639597002],[-88.2428549564795,37.0147929905939],[-88.2423142892561,37.0141881058984],[-88.2410373161134,37.0150788618733],[-88.2384736626331,37.0169769908849],[-88.2369603247729,37.0181000967526],[-88.2341097305262,37.0202178169487],[-88.231701716457,37.0220357251235],[-88.2284323366081,37.0231017238223],[-88.2255243813372,37.0240001239353],[-88.222964571748,37.0248307416671],[-88.2214321985869,37.025354224133],[-88.2205946291789,37.0235172797157],[-88.2199950046251,37.0224988697175],[-88.219984772814,37.022276297762]]},"properties":{"OBJECTID":47770,"ID":"137137","VOLTAGE":161,"STATUS":"IN SERVICE","OWNER":"TENNESSEE VALLEY AUTHORITY","SUB_1":"BARKLEY","SUB_2":"KENTUCKY DAM","VOLT_CLASS":"100-161"}},{"type":"Feature","geometry":{"type":"LineString","coordinates":[[-87.5140250730347,39.3942917060787],[-87.5144623549487,39.3935342229537],[-87.5142450219388,39.393391154612],[-87.5176772968915,39.39303366575],[-87.5210796992678,39.392669864494],[-87.5260664648022,39.4099779425587],[-87.5262662501214,39.4444270316494],[-87.5270218231069,39.4852065598042],[-87.5256920460935,39.5063690781392],[-87.5263549138399,39.5232076347823],[-87.5264672032505,39.5440228536025],[-87.52748867756,39.578228765768],[-87.5252244738864,39.6082037789819],[-87.5252466622739,39.6190459835481],[-87.5253096341753,39.6219575389517],[-87.5280234446487,39.6825659846289],[-87.5274362159474,39.6897352708976],[-87.526462532011,39.6964635896393],[-87.5296601750963,39.7129902466202],[-87.5303611305125,39.7566545566683],[-87.5294082865924,39.7667958285687],[-87.5302627649889,39.8035044335304],[-87.5313200820783,39.8416894497488],[-87.531620927867,39.8526862340681],[-87.531881025176,39.8627155286167],[-87.5325555350886,39.8780115285427],[-87.5303696645077,39.8853867786183],[-87.5037178178378,39.9030377656156],[-87.4950092799789,39.9065844656057],[-87.4412795965481,39.9199083716018],[-87.4394616884841,39.919936926063],[-87.4385443163395,39.9200446276567]]},"properties":{"OBJECTID":47779,"ID":"137148","VOLTAGE":345,"STATUS":"IN SERVICE","OWNER":"DUKE ENERGY INDIANA INC","SUB_1":"UNKNOWN124551","SUB_2":"UNKNOWN124617","VOLT_CLASS":"345"}},{"type":"Feature","geometry":{"type":"LineString","coordinates":[[-87.7490148022689,40.1769580498285],[-87.7493701766936,40.1773451298734],[-87.754295660956,40.1779280979321],[-87.7541766880798,40.1818185156896],[-87.7358072490406,40.2024841351671],[-87.7362593468686,40.2081472515247],[-87.7354265358367,40.2133820655418],[-87.7280383085448,40.2132987851084],[-87.7243977340406,40.2153213269428],[-87.7214353049309,40.2184979081225],[-87.7206143911866,40.219782816989],[-87.6896338093009,40.2559625206053],[-87.6898777027988,40.2634875668014],[-87.6898903888073,40.2648790391629],[-87.6905613970869,40.2863941257089],[-87.6937186680867,40.3524988439247],[-87.6957364513015,40.3934350918472],[-87.6957789056818,40.3942524660636],[-87.6964179995143,40.3944229995447]]},"properties":{"OBJECTID":47823,"ID":"164391","VOLTAGE":138,"STATUS":"IN SERVICE","OWNER":"AMEREN ILLINOIS COMPANY","SUB_1":"UNKNOWN162220","SUB_2":"VERMILION","VOLT_CLASS":"100-161"}},{"type":"Feature","geometry":{"type":"LineString","coordinates":[[-91.3796152884905,41.9717854131178],[-91.3799259007629,41.9720093356069],[-91.3827249604584,41.9714965408105],[-91.3851807756804,41.9710640887892],[-91.3877567845892,41.9705810748136],[-91.390046859743,41.9701652477397],[-91.3923524757512,41.9697456770677],[-91.3959874187169,41.969057473662],[-91.3973692072869,41.9690718335722],[-91.3997819015787,41.9690562707689],[-91.401751728232,41.9690634847876],[-91.4046340626526,41.9690522640193],[-91.4067087218013,41.9690498595687],[-91.409472748099,41.9690470537083],[-91.4115501021936,41.96904565178],[-91.4139380038818,41.969041643694],[-91.4169531093014,41.969037970895],[-91.4194025455866,41.9690317587281],[-91.4216644136405,41.9690250796964],[-91.4240985785659,41.9690179337995],[-91.426433749147,41.9689707798097],[-91.4290110156971,41.9689866759178],[-91.4314258668439,41.9689842707968],[-91.4336432682912,41.9689898818551],[-91.4361044725066,41.9690059776615],[-91.4388670606016,41.969012990647],[-91.441626057232,41.9690295546478],[-91.4437937818441,41.969022742703],[-91.4460554702349,41.9690087835237],[-91.4486083026093,41.9689966938034],[-91.4512918398576,41.9689784607028],[-91.4538300296929,41.9689643679331],[-91.4560591990704,41.9689603605098],[-91.4583624785606,41.968942794635],[-91.4607260368029,41.9689170796549],[-91.4632641368067,41.9689088650988],[-91.4656044277849,41.9689102676981],[-91.468187982542,41.9688983789983],[-91.4705426465647,41.9688797437909],[-91.4731205419356,41.9688773400017],[-91.4755669239488,41.968849487699],[-91.4779766546985,41.968830586651],[-91.4798144281067,41.9688033361108],[-91.4822534439346,41.9687902451609],[-91.4840684001347,41.9687692729191],[-91.485783284012,41.9687658665989],[-91.4885740801052,41.9687351429186],[-91.4915022286053,41.9687120326901],[-91.4945258680201,41.9686978737387],[-91.4974551843301,41.9686893906558],[-91.5000257135156,41.9686783708616],[-91.5029112818713,41.9686962707627],[-91.5047083615972,41.9687242560457],[-91.5064115664776,41.9687455615874],[-91.509504107573,41.9687441596524],[-91.5131213537275,41.9687583860521],[-91.5155181487371,41.9687525746016],[-91.5172718398347,41.9676273439713],[-91.5189111744984,41.9664752420196],[-91.5210645269643,41.9650346337499],[-91.5228454370151,41.9650506650971],[-91.5251145805245,41.9650586797673],[-91.5285692325109,41.965070636646],[-91.5310248671716,41.9650909421609],[-91.5337781136859,41.9651145867225],[-91.5361331370347,41.9651464476536],[-91.5379784562914,41.9651583377215],[-91.5405198800617,41.9651909327005],[-91.5433589156856,41.9652182515803],[-91.5460465851841,41.9652262675652],[-91.5487823145504,41.9652461715969],[-91.5516295248434,41.9652710865277],[-91.5540926550468,41.9652405515256],[-91.5545696604627,41.9642902627518],[-91.5552172712224,41.9628899496599],[-91.5563373365327,41.9604642381595],[-91.5564740017284,41.9592601841589],[-91.5566846153401,41.9584472916585],[-91.5570855127901,41.9582406017458]]},"properties":{"OBJECTID":47900,"ID":"137291","VOLTAGE":161,"STATUS":"IN SERVICE","OWNER":"MIDAMERICAN ENERGY CO","SUB_1":"MT VERNON","SUB_2":"BERTRAM","VOLT_CLASS":"100-161"}},{"type":"Feature","geometry":{"type":"LineString","coordinates":[[-88.6651774030249,41.2443625775478],[-88.6641945598658,41.2446434401579],[-88.6640556803229,41.2446442506914],[-88.6635795732223,41.2446470875584],[-88.6623819392855,41.2450285775118],[-88.6615081084828,41.2453069340873],[-88.6602579626278,41.2457051628383],[-88.6583262245425,41.2463204799385],[-88.6573296254814,41.283417189914],[-88.6619644831898,41.286647673636],[-88.662127838231,41.2884554669937],[-88.6640224255894,41.2884388878503],[-88.6643388939791,41.2886887308147]]},"properties":{"OBJECTID":47912,"ID":"137306","VOLTAGE":138,"STATUS":"IN SERVICE","OWNER":"NOT AVAILABLE","SUB_1":"LA SALLE","SUB_2":"TAP138200","VOLT_CLASS":"100-161"}},{"type":"Feature","geometry":{"type":"LineString","coordinates":[[-87.0323397426591,37.9393194769567],[-87.0376183807108,37.9385655177923],[-87.0403523808202,37.9380372771543],[-87.0432748348997,37.9377095060388],[-87.0602499098532,37.9351967956961],[-87.0727861008657,37.9333229701315],[-87.1484520093241,37.926115226033],[-87.1836635897227,37.9249580151714],[-87.1865287043377,37.9247315259681],[-87.2166183317348,37.9222805261377],[-87.2711936487498,37.9168664589755],[-87.3047583261785,37.9135828026703],[-87.3139808072793,37.9136041378373],[-87.3169027609973,37.9132625951168],[-87.3221411868636,37.9118499269032],[-87.3229028270705,37.9119268569031]]},"properties":{"OBJECTID":47946,"ID":"137339","VOLTAGE":138,"STATUS":"IN SERVICE","OWNER":"SOUTHERN INDIANA GAS & ELEC CO","SUB_1":"UNKNOWN127572","SUB_2":"TAP138361","VOLT_CLASS":"100-161"}},{"type":"Feature","geometry":{"type":"LineString","coordinates":[[-87.4293759677177,41.6318705707684],[-87.4289921804788,41.6314658550312],[-87.4279095255085,41.6320012329373],[-87.4288137211645,41.6333307566777],[-87.4310575528441,41.6333146958439],[-87.4312238175285,41.6431876736085],[-87.4335177159121,41.6453837037936],[-87.4388809141782,41.6500984200558],[-87.442200816177,41.6527607106405],[-87.4402361314804,41.6544408489329],[-87.4383611166154,41.6558590078386],[-87.434439764686,41.658219432547],[-87.434094743345,41.6583068789052]]},"properties":{"OBJECTID":47954,"ID":"137350","VOLTAGE":138,"STATUS":"IN SERVICE","OWNER":"NORTHERN INDIANA PUB SERV CO","SUB_1":"UNKNOWN122544","SUB_2":"UNKNOWN122748","VOLT_CLASS":"100-161"}},{"type":"Feature","geometry":{"type":"LineString","coordinates":[[-91.4405089994812,39.8421253496056],[-91.440632575325,39.8418193018822],[-91.4419404136825,39.8411886026205],[-91.4449203168211,39.8412572165768],[-91.4484142090158,39.8413612399411],[-91.451116627953,39.8413448150283],[-91.4532913971535,39.8417061546144],[-91.4649399439692,39.8420979835602],[-91.4704809323047,39.8421749576049],[-91.4717119835701,39.8421919948057],[-91.4812267584981,39.8419349285782],[-91.4851867128319,39.8419345837083],[-91.4899701518883,39.8420741875899],[-91.4933921043001,39.8420074898553],[-91.4957508107416,39.8420902578028],[-91.5018941185768,39.8420267335724],[-91.5085935275903,39.8420236945828],[-91.5228757030536,39.842103991869],[-91.5380206546518,39.8421258917396],[-91.5458617092037,39.8422061889062],[-91.5461659389461,39.8362639497848],[-91.55052023213,39.836278550711],[-91.5511668700142,39.8361967345771]]},"properties":{"OBJECTID":47966,"ID":"137360","VOLTAGE":161,"STATUS":"IN SERVICE","OWNER":"NOT AVAILABLE","SUB_1":"PALMYRA","SUB_2":"UNKNOWN117903","VOLT_CLASS":"100-161"}},{"type":"Feature","geometry":{"type":"LineString","coordinates":[[-90.7403747656233,42.4864421091122],[-90.74014300028,42.486127999852],[-90.7400809994574,42.489616000031],[-90.7394084981779,42.4901237005613],[-90.7395392219163,42.4909430525973],[-90.7399135678615,42.4935719169067],[-90.7400086401613,42.4965774487468],[-90.7399967563484,42.4998938808897],[-90.7400324077871,42.5031312861455],[-90.7400264663298,42.5056457435308],[-90.7401037115628,42.5080286911482],[-90.7403176228898,42.5154835760572],[-90.7402879129084,42.5181552036203],[-90.7399551616558,42.5181683426322],[-90.7398125541044,42.5182559350914]]},"properties":{"OBJECTID":49018,"ID":"138618","VOLTAGE":161,"STATUS":"IN SERVICE","OWNER":"NOT AVAILABLE","SUB_1":"UNKNOWN131369","SUB_2":"UNKNOWN131370","VOLT_CLASS":"100-161"}},{"type":"Feature","geometry":{"type":"LineString","coordinates":[[-88.2400810002047,37.1061999997514],[-88.2401499647674,37.1066077595113],[-88.2387498927863,37.1095949765164],[-88.2370932601636,37.1132773878707],[-88.2348326677174,37.1182443445944],[-88.233326717602,37.1215530150411],[-88.2313023551261,37.1260482569969],[-88.2309230001749,37.1268950000868],[-88.2272152119245,37.1309022736597],[-88.2255495925557,37.1328770100192],[-88.2240172202929,37.1356086308784],[-88.2218819670833,37.1392505297697],[-88.2195601733152,37.1429136998178],[-88.2178416476676,37.145359385595],[-88.2160243253051,37.1482499266844],[-88.2124202736054,37.1539031085589],[-88.2107282590386,37.1567368815911],[-88.2087540486066,37.1600335569766],[-88.2058119223207,37.1649269198534],[-88.2040408928397,37.1679431358861],[-88.202180797195,37.1710883915059],[-88.1998683144647,37.1748466945438],[-88.1993176660602,37.1758075118211],[-88.1934200142176,37.1859516639183],[-88.1881103294913,37.1950855891067],[-88.1851491759893,37.2011135686883],[-88.177735999787,37.2158249994605],[-88.1747340645678,37.2224737167824],[-88.173444024531,37.2247609274874],[-88.168207092563,37.2324441028883],[-88.1614423059597,37.2423894547258],[-88.1534989997723,37.2538450000749],[-88.1419312330602,37.2706462029823],[-88.1328081909697,37.2847060650283],[-88.1290540002434,37.290482999674],[-88.1278659998397,37.3009469996456],[-88.1273679998973,37.3056239999829],[-88.1229863431315,37.312287138044],[-88.1185999998549,37.3191919995412],[-88.1170729995175,37.3210929999129],[-88.1160330001501,37.3217849998463]]},"properties":{"OBJECTID":49065,"ID":"138668","VOLTAGE":161,"STATUS":"IN SERVICE","OWNER":"KENTUCKY UTILITIES CO","SUB_1":"UNKNOWN122960","SUB_2":"UNKNOWN123307","VOLT_CLASS":"100-161"}},{"type":"Feature","geometry":{"type":"LineString","coordinates":[[-88.9539152715774,37.6207854957558],[-88.954277837016,37.6209437989628],[-88.9543423665961,37.6214694771215],[-88.9581606188803,37.6212475585379],[-88.9613256737821,37.6212266397708],[-88.9614079235295,37.6209071568138],[-88.9619121182541,37.6208466116318]]},"properties":{"OBJECTID":49072,"ID":"138685","VOLTAGE":161,"STATUS":"IN SERVICE","OWNER":"AMEREN ILLINOIS COMPANY","SUB_1":"UNKNOWN121872","SUB_2":"MARION","VOLT_CLASS":"100-161"}},{"type":"Feature","geometry":{"type":"LineString","coordinates":[[-87.024150905345,41.2204803131043],[-87.0233682706116,41.2210450471471],[-87.0231356904963,41.2230632176116],[-87.0231133008862,41.2852175948479],[-87.0005750456164,41.3025591067059],[-87.000541734289,41.338660288841],[-87.0009659726651,41.3481974486101],[-87.0011387411521,41.3692949765245],[-87.0116360062013,41.3726316247446],[-87.0125021285606,41.374392425761],[-87.0138652600205,41.3758769135218],[-87.0346248671974,41.3846087425476],[-87.0525602932919,41.3845849477957],[-87.0930230268878,41.3974602115546],[-87.1023921552639,41.402772357688],[-87.1056996057146,41.4038550131152],[-87.1606056680443,41.4156333447547],[-87.1796175615134,41.4250976505446],[-87.1825026582535,41.4260375381526],[-87.1856138034585,41.4262814326481],[-87.1964463000088,41.4264182521453],[-87.1998548783026,41.4275544447294],[-87.2026804877063,41.4292319651508],[-87.205738095117,41.4307607675173],[-87.2111692150016,41.4325156211536],[-87.2138818001729,41.4330510001342],[-87.2175580683366,41.4333662778116],[-87.2639536713276,41.4532621406633],[-87.2653432761389,41.4557843706004],[-87.2675362667667,41.4579256839946],[-87.2684077215255,41.4602231927231],[-87.2693704469138,41.4625272859637],[-87.2713680710353,41.4649215005272],[-87.2713772518175,41.4743563608346],[-87.2705777530112,41.4907675035767],[-87.2728265353064,41.5029372406378],[-87.2736307367931,41.5055672076581],[-87.2748006729747,41.5109075697264],[-87.2762860795179,41.5162253570582],[-87.2790938438884,41.5242774527242],[-87.2812163230546,41.5270471460759],[-87.2814637864575,41.5373383137448],[-87.2818231979111,41.5383304240329],[-87.2824325476262,41.5379060999087]]},"properties":{"OBJECTID":49085,"ID":"138717","VOLTAGE":345,"STATUS":"IN SERVICE","OWNER":"NORTHERN INDIANA PUB SERV CO","SUB_1":"LAKE GEORGE","SUB_2":"SCHAHFER STATION","VOLT_CLASS":"345"}},{"type":"Feature","geometry":{"type":"LineString","coordinates":[[-89.6667397575191,38.2739357859655],[-89.6672973139681,38.2732934844993],[-89.6674435821543,38.2722278170595],[-89.6705786998009,38.2722920417046],[-89.6757849758616,38.2722969777195],[-89.678189406551,38.2730897408147],[-89.7957220138848,38.2730847336245],[-89.7970214269433,38.2713039856582],[-89.7978621602177,38.2701690798558],[-89.7990897978849,38.2685452556685],[-89.8002302989697,38.26699573495],[-89.8013888561916,38.2654342606916],[-89.8025062705735,38.2639169768889],[-89.8036314095686,38.2623915499627],[-89.8047591545762,38.2608781526042],[-89.805876659688,38.2593648647936],[-89.8070914505484,38.2577105386678],[-89.8082792039154,38.2560845320868],[-89.80942087281,38.2544086865264],[-89.8126332410794,38.2503894567771],[-89.8143952865093,38.2480229565642],[-89.8168202886187,38.2453276149344],[-89.8193243424732,38.2425397476792],[-89.8219018785179,38.2397496568253],[-89.8244367445867,38.2369705366405],[-89.826975114085,38.2341858769925],[-89.8298681384575,38.2315095679101],[-89.8325944355133,38.2290087309333],[-89.8354129895487,38.2264353328445],[-89.838210253512,38.2238535155587],[-89.8410216210251,38.2212883341111],[-89.843428836492,38.2190656386631],[-89.8462296937164,38.216731434064],[-89.8485589363149,38.2147704538798],[-89.8481846981675,38.2117159508717],[-89.8477733587006,38.2083703629462],[-89.8474471813192,38.2056485629887],[-89.8485038866559,38.2044070018698],[-89.8512067394794,38.2045103561018],[-89.851849990715,38.2042350207349]]},"properties":{"OBJECTID":49093,"ID":"138712","VOLTAGE":345,"STATUS":"IN SERVICE","OWNER":"AMEREN ILLINOIS COMPANY","SUB_1":"BALDWIN STATION","SUB_2":"PRAIRIE STATE STATION","VOLT_CLASS":"345"}},{"type":"Feature","geometry":{"type":"LineString","coordinates":[[-90.4692739809814,41.5347770110924],[-90.4683742625288,41.5359604429022],[-90.4651798363105,41.5380008295188],[-90.4627051968916,41.5395891210662],[-90.4611407008743,41.5403327020921],[-90.4592549789894,41.5409037727336],[-90.4575477146223,41.5413677677826],[-90.4572750292212,41.5410710488971]]},"properties":{"OBJECTID":49110,"ID":"138738","VOLTAGE":161,"STATUS":"IN SERVICE","OWNER":"MIDAMERICAN ENERGY CO","SUB_1":"UNKNOWN132671","SUB_2":"UNKNOWN132672","VOLT_CLASS":"100-161"}},{"type":"Feature","geometry":{"type":"LineString","coordinates":[[-89.1935321716361,39.9704890539269],[-89.1935982570983,39.9712027939274],[-89.1898850915327,39.9751164057173],[-89.1870039042607,39.9757749805046],[-89.1842555086489,39.9764410675067],[-89.1815277742887,39.9770881480351],[-89.1788000399284,39.9777256540405],[-89.1760516443167,39.9783885548524],[-89.173344571208,39.9790419498582],[-89.1706209690981,39.9796858386418],[-89.1679014992385,39.9803391530967],[-89.1651654994793,39.980976765753],[-89.1624336337671,39.9816427325309],[-89.159714253739,39.982302429724],[-89.1488550592584,39.9849190575767],[-89.146044500229,39.985550157521],[-89.1433333847015,39.9862161485505],[-89.1406138250104,39.9868599711043],[-89.1378944449823,39.9875132851014],[-89.1351705724795,39.9881568875733],[-89.1324459831211,39.9887949785712],[-89.1296998332975,39.9894247357116],[-89.1269680565185,39.9900573776945],[-89.1242291830488,39.9906898768577],[-89.1214938130086,39.9913114946441],[-89.118772816013,39.9919274646575],[-89.1160159762376,39.9925380595877],[-89.1132769231048,39.9931375701174],[-89.1105129866386,39.993701355768],[-89.1077560570316,39.9942788327752],[-89.1051283051625,39.9948233407392],[-89.1022458809104,39.995433841649],[-89.0994818546127,39.9960086888865],[-89.0967356149576,39.9966136737319],[-89.0939752717525,39.9971691725521],[-89.0912219345084,39.9977438675481],[-89.0884685990609,39.9983158745468],[-89.085740415543,39.9988906287086],[-89.0829620162008,39.9994845775494],[-89.0802123629476,40.0000620737813],[-89.0774446535572,40.0006285555285],[-89.0746877239503,40.0012087265087],[-89.0719380706971,40.0017861407218],[-89.0691452983103,40.002371875683],[-89.0664027417479,40.0029493474952],[-89.0636638682781,40.0035295675669],[-89.0609213117157,40.0041097827076],[-89.0581572845197,40.0046871716985],[-89.0553824793369,40.0052618729185],[-89.0526183632077,40.0058447568902],[-89.0498614336007,40.00641662653],[-89.0470220386507,40.006988628995],[-89.0443189181292,40.0075495486874],[-89.0415297390036,40.008104958541],[-89.0387621185464,40.0086575435089],[-89.0359872235321,40.0091827400333],[-89.0332016376675,40.0097023586107],[-89.0304125474751,40.0102247935347],[-89.0276269625089,40.0107499780006],[-89.024844880074,40.011275088934],[-89.0220664807317,40.0118002646306],[-89.0192808050356,40.0123170416903],[-89.0165059989545,40.0128394579776],[-89.0137275996123,40.0133645528358],[-89.0109348272255,40.0138924638047],[-89.0081384615775,40.0144148680332],[-89.005352875713,40.014931694784],[-89.0025887595838,40.0154595936308],[-88.9998319198083,40.0159791651115],[-88.9970750800329,40.0164877930158],[-88.9943001841203,40.0169881607034],[-88.991521784778,40.017521480004],[-88.9887541652192,40.0180272757454],[-88.9859972356122,40.018549647635],[-88.9832475814607,40.019063760039],[-88.9806808260977,40.0195447780663],[-88.9781250292829,40.0200286820823],[-88.9756409180277,40.0204932507871],[-88.9749912555159,40.0206224470213],[-88.9722343268073,40.0211282885712],[-88.9694666165186,40.0216533877581],[-88.9667062742118,40.02216733988],[-88.9639493446049,40.0226924317584],[-88.9611780419534,40.0232119467928],[-88.9584211123464,40.0237315280382],[-88.9556750514561,40.0242483530189],[-88.9529146193178,40.0247678568935],[-88.950261803554,40.0252543378673],[-88.9476269558924,40.0257574616188],[-88.9449706375973,40.0262467565516],[-88.9423286025152,40.0267469845769],[-88.9396794707423,40.0272527807194],[-88.9370589044971,40.027750249889],[-88.9343953107465,40.0282368471682],[-88.9317605520182,40.0287343779473],[-88.9291149236749,40.0292318356243],[-88.9264549222871,40.0297266765323],[-88.9238201635588,40.0302268797272],[-88.9211817217378,40.0307106385082],[-88.9185325001334,40.0311888925542],[-88.9158294685452,40.0319475696611],[-88.9131408117981,40.0327006676771],[-88.9104234080637,40.0334207430733],[-88.9078847340365,40.0341095225995]]},"properties":{"OBJECTID":49114,"ID":"168090","VOLTAGE":345,"STATUS":"IN SERVICE","OWNER":"NOT AVAILABLE","SUB_1":"LATHAM","SUB_2":"TAP170250","VOLT_CLASS":"345"}},{"type":"Feature","geometry":{"type":"LineString","coordinates":[[-89.3474742053077,42.2348161931218],[-89.3382157233235,42.2333456858438],[-89.3348749588505,42.2333456858438],[-89.3248376815324,42.23416510496],[-89.2954897131154,42.2367753385901],[-89.2651139390626,42.2395447029737],[-89.2478544808464,42.243317142667],[-89.2373657893183,42.2457921245464],[-89.2303551562796,42.2475038966291],[-89.2059869375547,42.2535223559227],[-89.2025415885213,42.2544054999863],[-89.2025415885213,42.2623646935615],[-89.2021163709816,42.2643054289428],[-89.2023780430373,42.2817611410981],[-89.2027596491666,42.2909196657908],[-89.1876480825576,42.2911922410679],[-89.187800725189,42.3072523688079],[-89.1882477475357,42.3160838026013],[-89.1887383830893,42.3342700167567],[-89.1890545703064,42.3379988445419],[-89.19415717719,42.3402339606266],[-89.1940699525726,42.3429924220787],[-89.1927189348943,42.3426514669055]]},"properties":{"OBJECTID":49136,"ID":"138768","VOLTAGE":345,"STATUS":"IN SERVICE","OWNER":"COMMONWEALTH EDISON CO","SUB_1":"WEMPLETOWN","SUB_2":"TAP137909","VOLT_CLASS":"345"}},{"type":"Feature","geometry":{"type":"LineString","coordinates":[[-88.1060800908069,42.3638766776461],[-88.1060252585403,42.3636406618716],[-88.1057058041505,42.3634737829576],[-88.1056941062889,42.3629518236765]]},"properties":{"OBJECTID":49156,"ID":"138997","VOLTAGE":138,"STATUS":"IN SERVICE","OWNER":"COMMONWEALTH EDISON CO","SUB_1":"UNKNOWN121934","SUB_2":"TAP136944","VOLT_CLASS":"100-161"}},{"type":"Feature","geometry":{"type":"LineString","coordinates":[[-90.9598919707943,37.8885047510632],[-90.960157378045,37.8884966320873],[-90.9614550977792,37.888631755636],[-90.9632343396585,37.8888170175976],[-90.9778304817035,37.8904883427595],[-90.9947782334993,37.8923938750949],[-91.0001402675488,37.8929838440817],[-91.0159900705566,37.8948117976056],[-91.0237034682184,37.8957027939969],[-91.0343878307817,37.8972033535581],[-91.0409003911144,37.8981130144688],[-91.0492191338018,37.8993227228552],[-91.0550658619476,37.90012915973],[-91.0608297780007,37.9009262651402],[-91.0665340602919,37.9017514620476],[-91.0765887137225,37.9031300124991],[-91.079976705325,37.9037209501485],[-91.094153051163,37.9062244360153],[-91.0963501030743,37.906635465737],[-91.1076047116884,37.9086296617359],[-91.1195205692848,37.9107523676027],[-91.1222175264651,37.911205313761],[-91.1234276721371,37.911418397058],[-91.1268663871121,37.9120223257969],[-91.1394654170754,37.914095830787],[-91.1424703311081,37.9146393041458],[-91.1480775719925,37.9152016369559],[-91.1560874622071,37.91606418979],[-91.1613534295217,37.9166081028742],[-91.1691038934688,37.9178272196083],[-91.1856115201827,37.9208179837311],[-91.196451102644,37.9228372597808],[-91.2023541075474,37.923676922576],[-91.208759767463,37.9246518875937],[-91.21717350789,37.9259080184784],[-91.2275835150841,37.9274453107401],[-91.231565243682,37.9279861189938],[-91.2428540978714,37.9296387364671],[-91.253504817629,37.9309659338708],[-91.2602041386076,37.931776971647],[-91.2617181457128,37.9319830127046],[-91.2728252770084,37.9333224727468],[-91.2811565547872,37.9345035741277],[-91.2954057566898,37.9365375447355],[-91.3039108845272,37.9378380991252],[-91.3111987214929,37.9387962378856],[-91.3297374597255,37.941258014543],[-91.3315752232522,37.9415069956006],[-91.3420467506702,37.9427902145235],[-91.3501669207641,37.9439510268539],[-91.3555209400445,37.9447201184871],[-91.3564337972565,37.9448500856734],[-91.3735186319646,37.9471842029954],[-91.388718209217,37.9492833711395],[-91.3977377186743,37.9505015557997],[-91.4124616855944,37.9523007346506],[-91.4242148852423,37.9537625565372],[-91.4277312928113,37.954184083558],[-91.4306892788536,37.9544182579735],[-91.4379980097344,37.9549992340203],[-91.4467350080181,37.9557156747194],[-91.4472794598438,37.9557496395617],[-91.4532072007569,37.9561187129696],[-91.4635110010333,37.9570347558867],[-91.4676080328895,37.9573997466104],[-91.4778821231845,37.9583445398029],[-91.4864276500569,37.9593847197417],[-91.4939384129435,37.9603310838286],[-91.5066979457969,37.961923444961],[-91.5251584919722,37.9616973069253],[-91.5263709570943,37.9617191005342],[-91.5271846717399,37.9617337259254],[-91.5306869865387,37.9617938585624],[-91.5342147461179,37.9618749574767],[-91.53539784711,37.9619021528535],[-91.5425467721934,37.9620488468001],[-91.5449757107205,37.9621239451597],[-91.5465492105519,37.962415292129],[-91.555536349218,37.9642911400743],[-91.5654618752164,37.9663073826806],[-91.5710427523438,37.9674766588773],[-91.5813960578772,37.9696427029498],[-91.5864251816722,37.9706919396214],[-91.5911312308669,37.9716437658715],[-91.6015321219575,37.9738096969126],[-91.6042603476962,37.9743642160891],[-91.6062952456138,37.9747614869865],[-91.6094715941353,37.975451169101],[-91.6120140428833,37.9760417089394],[-91.6326676506533,37.9807679475242],[-91.6416231335871,37.9827818258833],[-91.6516845252807,37.9851190829169],[-91.6638197173335,37.9877573340277],[-91.67408925317,37.9883481819396],[-91.6874981511929,37.9890794665847],[-91.7085409908906,37.9902037315061],[-91.7219580977185,37.9909048954898],[-91.7317628389388,37.9914340897443],[-91.7388284587543,37.9919164677489],[-91.7470837058224,37.9925347401716],[-91.7502112776207,37.9929520206164],[-91.7563664917266,37.9937430869063],[-91.7615832628048,37.9944220438019],[-91.7725281871061,37.9957093566747],[-91.7760932671938,37.996131173106],[-91.7816964288285,37.9967867177427],[-91.7854576848045,37.9972128271095],[-91.7915899056325,37.9979245787324],[-91.794085628511,37.9982149015663],[-91.7969140244887,37.9985520399732],[-91.8004500539585,37.9989641568001],[-91.8053349864723,37.9996431899534],[-91.8105285639481,38.0003970877265],[-91.8136066008449,38.0008372380358],[-91.82497372794,38.0025228606671],[-91.8304402755828,38.0033234986255],[-91.8377014155165,38.0043769771671],[-91.8526990056789,38.0065868828805],[-91.8593478260672,38.007551316075],[-91.8661624601856,38.0084875696805],[-91.8691032452868,38.008824602112],[-91.8876543317613,38.0110343957094],[-91.8928654156053,38.0116664110973],[-91.9013505110119,38.0126635779002],[-91.9065557513151,38.0132815466067],[-91.915373645585,38.014334873571],[-91.9239129812685,38.0153414579844],[-91.93138866135,38.0164229425656],[-91.9396772727461,38.0175978745529],[-91.9460280087669,38.018407562905],[-91.9482678168924,38.0186228660783],[-91.9552620502872,38.0194327617837],[-91.9616805965355,38.0201671461173],[-91.966332404555,38.0207006965927],[-91.9788333447775,38.0217866007606],[-91.9811031215991,38.021964471717],[-91.9879129227813,38.0225402496109],[-91.9923161382156,38.0229287818537],[-91.9944611390442,38.0231253739848],[-91.9993517596905,38.0235466831159],[-92.0045457405098,38.0240897297018],[-92.0125911150765,38.0249790706114],[-92.0200126734587,38.025732669643],[-92.0259666640427,38.0263926595863],[-92.0317718100723,38.0270058061423],[-92.0389993907436,38.0277599199915],[-92.0414576439934,38.0280633209222],[-92.0443441169525,38.0287119151231],[-92.0468560777781,38.0292638950806],[-92.0480992077908,38.0295388981711],[-92.0483570611083,38.0295968871277],[-92.0486698239475,38.0296643167804],[-92.0489119711205,38.0296310081219]]},"properties":{"OBJECTID":49177,"ID":"161647","VOLTAGE":138,"STATUS":"IN SERVICE","OWNER":"UNION ELECTRIC CO - (MO)","SUB_1":"UNKNOWN117741","SUB_2":"NO MARIES","VOLT_CLASS":"100-161"}},{"type":"Feature","geometry":{"type":"LineString","coordinates":[[-88.5380997942505,38.6993886170677],[-88.5391999996065,38.6995999996519]]},"properties":{"OBJECTID":49192,"ID":"138847","VOLTAGE":345,"STATUS":"NOT AVAILABLE","OWNER":"AMEREN ILLINOIS COMPANY","SUB_1":"RACCOON CREEK STATION","SUB_2":"NOT AVAILABLE","VOLT_CLASS":"345"}},{"type":"Feature","geometry":{"type":"LineString","coordinates":[[-87.1122289995774,37.6633569996247],[-87.1122350003236,37.6626339996124],[-87.1062919979321,37.6626405099734],[-87.1032106687097,37.6625940186587],[-87.0982280659683,37.6625405120454],[-87.0948823059639,37.6625166110565],[-87.0919651699109,37.6624927328159],[-87.0868636850231,37.6625462238189],[-87.0839083939267,37.6625462238189],[-87.0799537297716,37.6625129117715],[-87.0775309995015,37.662359000162],[-87.0727227840112,37.6643866698719],[-87.0626957340126,37.6685580639787],[-87.0498421214979,37.6740135360154],[-87.0399531371686,37.6781891376492],[-87.0327675724997,37.6812278107159],[-87.026062000145,37.6840610001213],[-87.0235719995349,37.6859939996647],[-87.0224372288033,37.6882685675837],[-87.0192890020418,37.694504943818],[-87.0158982436282,37.7014460321072],[-87.0126425091884,37.7078630755514],[-87.0092139999733,37.7149439999505],[-87.0039582096725,37.719763741039],[-86.9975770001023,37.7254499995549],[-86.9970559996954,37.728170000037],[-86.9965371256008,37.7334088487614],[-86.9959789996198,37.7386359995521],[-86.9915477297992,37.7439131498699],[-86.9844211925293,37.7523912077484],[-86.9812789737004,37.7561825167781],[-86.9758355729474,37.7627374101664],[-86.9752379121108,37.763532287166],[-86.9709585105738,37.7699024608628],[-86.9680878425738,37.7741514369355],[-86.9644950548495,37.7796605505139],[-86.9606416443016,37.7854964528145],[-86.9568110940812,37.791275394728],[-86.9535125630029,37.7962679820469],[-86.9488629998733,37.8034090001653],[-86.9446500467178,37.8065922955495],[-86.9397023875427,37.8103696596909],[-86.932884000263,37.8156769996384],[-86.9303729377527,37.820918804076],[-86.9290665870053,37.8237806379493],[-86.9256884732777,37.8311641305382],[-86.9226205711739,37.8378071371072],[-86.9194280880115,37.8447981968944],[-86.9181784164669,37.8471412467167],[-86.9145689407396,37.8535734944899],[-86.911137999785,37.8597709996443],[-86.9056750480983,37.8697020678755],[-86.9002180001395,37.8795869996909],[-86.8975532026464,37.8843174391407],[-86.8969096450853,37.8855157348098],[-86.8940329413049,37.8907909267551],[-86.8936139670564,37.8915609679015],[-86.8911561090654,37.8963280061722],[-86.8901614934845,37.8980697708882],[-86.888161911934,37.9000769639063],[-86.8860545442275,37.9023670778284],[-86.882778937257,37.9059049321586],[-86.8784732734726,37.9103449350884],[-86.8758693018057,37.9130909135196],[-86.8749670177647,37.9140426718096],[-86.8741772629843,37.9148756520154],[-86.8691389179829,37.9200939525558],[-86.8669578983046,37.9224519566905],[-86.8653299713467,37.9241769544731],[-86.8635959524555,37.9259659696193],[-86.8632759725513,37.9262909310911],[-86.8618411492435,37.9278558640631],[-86.8603242432749,37.929465568977],[-86.8596211121391,37.9301865461208],[-86.857051293521,37.9326028888639],[-86.8550703933352,37.9341983166749],[-86.8514690788021,37.9371000700158],[-86.8517439057869,37.9377104015613],[-86.8520687024577,37.9383457181459],[-86.8545996851094,37.9431278647171],[-86.8550940001625,37.9441039999694],[-86.8553129995473,37.9456770000722]]},"properties":{"OBJECTID":49199,"ID":"138857","VOLTAGE":161,"STATUS":"IN SERVICE","OWNER":"NOT AVAILABLE","SUB_1":"UNKNOWN124237","SUB_2":"UNKNOWN124285","VOLT_CLASS":"100-161"}},{"type":"Feature","geometry":{"type":"LineString","coordinates":[[-87.2824325476262,41.5379060999087],[-87.281426235082,41.5384711336676],[-87.281164493856,41.5374170327734],[-87.2809783009454,41.5271371658172],[-87.2788605810536,41.5243294015088],[-87.276124201307,41.5165200106068],[-87.2744871312962,41.5109425547206],[-87.2736019718394,41.5068022916549],[-87.2703944580657,41.5064786859508],[-87.267434353796,41.5064428919393],[-87.2640746097176,41.5074780585735],[-87.2421312817111,41.507462456161],[-87.2397988267371,41.5084965086311],[-87.2337507591867,41.5084583969022],[-87.2199022957324,41.5115516967555],[-87.1990011095751,41.511637356905],[-87.1872846438358,41.5165009745953],[-87.1392480856204,41.5166722971524],[-87.1153926369377,41.5337117176151],[-87.1069587266376,41.5336435589197],[-87.1037941173002,41.5333856306066],[-87.1028999549277,41.5336618535574],[-87.102752950123,41.5342720170399]]},"properties":{"OBJECTID":49214,"ID":"138867","VOLTAGE":345,"STATUS":"IN SERVICE","OWNER":"NORTHERN INDIANA PUB SERV CO","SUB_1":"LAKE GEORGE","SUB_2":"BABCOCK","VOLT_CLASS":"345"}},{"type":"Feature","geometry":{"type":"LineString","coordinates":[[-90.5733396007345,41.6173330039908],[-90.5735876597204,41.6180902675366],[-90.5731308035163,41.6181116825608],[-90.5696615485166,41.6181116825608],[-90.5686907293076,41.6175049210131],[-90.5679554762139,41.6166197607088],[-90.5675414498859,41.614935102937],[-90.5671988072837,41.6138500675061],[-90.5669632411685,41.6133004126929],[-90.5666277365795,41.6126508199142],[-90.5660875984638,41.6125604007563]]},"properties":{"OBJECTID":49262,"ID":"138931","VOLTAGE":161,"STATUS":"IN SERVICE","OWNER":"MIDAMERICAN ENERGY CO","SUB_1":"UNKNOWN137688","SUB_2":"UNKNOWN137689","VOLT_CLASS":"100-161"}},{"type":"Feature","geometry":{"type":"LineString","coordinates":[[-87.4172745675909,41.6787892589863],[-87.4172983630644,41.6781739310564],[-87.417445888892,41.6756674055658],[-87.4191091331152,41.6746332925942],[-87.4186070656013,41.6747831989678]]},"properties":{"OBJECTID":49335,"ID":"139025","VOLTAGE":138,"STATUS":"IN SERVICE","OWNER":"NORTHERN INDIANA PUB SERV CO","SUB_1":"HEAT RECOVERY COKE FACILITY","SUB_2":"TAP138183","VOLT_CLASS":"100-161"}},{"type":"Feature","geometry":{"type":"LineString","coordinates":[[-88.2951262331314,36.853822724679],[-88.295214113519,36.8542282430208],[-88.2960379108554,36.8579612656396],[-88.2966504477931,36.8606872435122],[-88.2970367808575,36.862713401157],[-88.2976173701104,36.8653070127988],[-88.2981319556479,36.8673732255389],[-88.2982598236421,36.8703038810809],[-88.2984408224937,36.8728871326434],[-88.2987024038196,36.8767093899917],[-88.2988499305455,36.8792125831025],[-88.2989974572713,36.8817776417202],[-88.2991307070723,36.8839096386091],[-88.2993168065582,36.8862108185353],[-88.2995109998647,36.8897129999512],[-88.2996687512151,36.8917783297794],[-88.2997921968032,36.8939985538851],[-88.300018327913,36.8969806264796],[-88.3001586339806,36.8999091351447],[-88.3004045406031,36.903682150686],[-88.3006640001083,36.9079889998849],[-88.3009007322368,36.9109812875461],[-88.3009782083368,36.9128727970612],[-88.30101836303,36.916017805532],[-88.3010534835644,36.9187587345238],[-88.3010152395878,36.920929294136],[-88.3009914450125,36.9238417536935],[-88.3009866866365,36.9277678646461],[-88.3009819282604,36.9310562799758],[-88.3009866866365,36.9343113826082],[-88.3009962042869,36.9350490145894],[-88.302053104558,36.9376383875228],[-88.3033403804787,36.9403493709803],[-88.3044002954959,36.9427229120932],[-88.3053927317639,36.9449574217586],[-88.3061429939094,36.9466978719555],[-88.3070257584577,36.9486404965952],[-88.308220248291,36.9512959750925],[-88.3085676492692,36.9520716790297],[-88.3123985812737,36.9537848910786],[-88.3156346479987,36.9552696750284],[-88.3188849916485,36.9567449409787],[-88.3237105392338,36.9589625985409],[-88.3249097865449,36.9594860794736],[-88.327484363539,36.9606424976384],[-88.3315913136943,36.9625079950584],[-88.3354983886989,36.9642783137524],[-88.3371544940106,36.9650540189587],[-88.3407094087625,36.9675429345978],[-88.3432554319071,36.9693227715482],[-88.3463392126319,36.9714500099455],[-88.3478192382664,36.9725112485345],[-88.3491231833255,36.9731870155897],[-88.3510740815775,36.9741628085935],[-88.3520453697071,36.974606608093],[-88.3551344945095,36.9758573339483],[-88.3584887408983,36.9772987244962],[-88.3627099046555,36.9790595258294],[-88.366255301757,36.9805633459309],[-88.3695389576325,36.9818910847767],[-88.3724181057288,36.9831188867506],[-88.374445406594,36.9839469388707],[-88.376939082212,36.9850176968128],[-88.3797991941091,36.9861931499411],[-88.3822262434792,36.9871258990993],[-88.3865187918604,36.9881966560671],[-88.3897929300854,36.9889818787879],[-88.3927434619075,36.9896671624701],[-88.3942512661455,36.9901042710764],[-88.3947210850391,36.9926433879264],[-88.3951187790969,36.9956962645016],[-88.3954703240035,36.9976526336229],[-88.3958034489553,37.0000130596677],[-88.3954036986539,37.0021640930052],[-88.3945834002555,37.0054838364597],[-88.3941758965949,37.0082697891159],[-88.3938475318158,37.0102923311752],[-88.3936428982891,37.0113440528372],[-88.3931765235363,37.0140709145447],[-88.3929924237003,37.0146397385109],[-88.3927577388323,37.0166216979477],[-88.3923532301548,37.0194960865177],[-88.3926578012569,37.0216090477637],[-88.3929433370582,37.0232937059372],[-88.3923960609292,37.0235982771655],[-88.3924791514997,37.0239641828849],[-88.3938427725415,37.0245500615557]]},"properties":{"OBJECTID":49363,"ID":"139069","VOLTAGE":161,"STATUS":"IN SERVICE","OWNER":"NOT AVAILABLE","SUB_1":"MARSHALL","SUB_2":"TAP153771","VOLT_CLASS":"100-161"}},{"type":"Feature","geometry":{"type":"LineString","coordinates":[[-89.6020085154998,40.6684788647277],[-89.6019845744992,40.6687721416513],[-89.6023796005605,40.6689696554982],[-89.6026168069995,40.6691130967854],[-89.5990735092608,40.6727386237449],[-89.5931775103183,40.6775363636625],[-89.5916505791512,40.6754947921132],[-89.5916817740477,40.6753325260466]]},"properties":{"OBJECTID":49377,"ID":"139083","VOLTAGE":138,"STATUS":"IN SERVICE","OWNER":"AMEREN ILLINOIS COMPANY","SUB_1":"UNKNOWN123082","SUB_2":"UNKNOWN123083","VOLT_CLASS":"100-161"}},{"type":"Feature","geometry":{"type":"LineString","coordinates":[[-87.7090437561539,41.4919685575892],[-87.7089002835249,41.4914822425528],[-87.6695783232033,41.4913553857616],[-87.6694470847301,41.4855684229358]]},"properties":{"OBJECTID":49400,"ID":"139111","VOLTAGE":138,"STATUS":"IN SERVICE","OWNER":"COMMONWEALTH EDISON CO","SUB_1":"TAP138160","SUB_2":"MATTESON","VOLT_CLASS":"100-161"}},{"type":"Feature","geometry":{"type":"LineString","coordinates":[[-87.935879485639,41.6286509897689],[-87.9358228881828,41.6272797609388],[-87.9358036938801,41.6267883237306],[-87.9347228876426,41.6268464677884],[-87.9342987741324,41.6266993969492],[-87.9325168112561,41.6267199180602],[-87.9328451571706,41.6255125611061],[-87.9326305936667,41.6248522546644]]},"properties":{"OBJECTID":49419,"ID":"139141","VOLTAGE":138,"STATUS":"IN SERVICE","OWNER":"NOT AVAILABLE","SUB_1":"GOODINGS GROVE","SUB_2":"TAP138231","VOLT_CLASS":"100-161"}},{"type":"Feature","geometry":{"type":"LineString","coordinates":[[-90.4552132447271,37.9469372685968],[-90.456228981497,37.9467572845881],[-90.4570329799645,37.9469146835759],[-90.4576428462109,37.9470599757943],[-90.457539000964,37.947600265008],[-90.4572573791225,37.9489348551366],[-90.460064613487,37.9495986701053],[-90.4622912675817,37.9501266859671],[-90.4648837165585,37.9507282255739],[-90.4730235328076,37.9526288076055],[-90.4732309439252,37.9527919017988],[-90.4713057680331,37.9578962746966],[-90.4683007471009,37.9666616908087],[-90.4657629776771,37.9721914989169],[-90.4612708407078,37.981915086836],[-90.4571067361409,37.9909517368865],[-90.4547756025887,37.9959100831582],[-90.4532277586418,37.9994705081494],[-90.4474955396435,38.0111667956286],[-90.4442016357873,38.0171996289518],[-90.4419483861702,38.0213228499626],[-90.438297596923,38.0281081551499],[-90.433151444206,38.0376064876643],[-90.4276938653429,38.0476495058595],[-90.4233933803462,38.0552869345572],[-90.4222099954864,38.0574896796137],[-90.4176849361602,38.0659118120886],[-90.417196965908,38.066833778468],[-90.4167594306691,38.0676488859145],[-90.4165744765352,38.0679628784805],[-90.4155789949784,38.0698136637088],[-90.4144099059081,38.0719898458893],[-90.4140882039335,38.0726034069399],[-90.4091834536862,38.0815047528608],[-90.408127749971,38.0833763087422],[-90.4051513367873,38.0890646165746],[-90.4014816146471,38.0961801768537],[-90.4003690278115,38.0982905168701],[-90.3958564397964,38.1073467579313],[-90.3942891706798,38.1103343907471],[-90.3926746663489,38.113259087781],[-90.3916710182078,38.1180711991471],[-90.3905764839162,38.122417527728],[-90.3895578851139,38.1272047634938],[-90.3895140931421,38.127396167137],[-90.3872326624762,38.137256721005],[-90.3866220721877,38.1389427555618],[-90.3849183301148,38.1430186947431],[-90.3824366281412,38.1492944340596],[-90.381060357922,38.1528272585892],[-90.3798412156224,38.1559835817223],[-90.3791853385654,38.1576092596432],[-90.3780229266726,38.1605419181658],[-90.3773433727197,38.1622854706881],[-90.3772718847895,38.1631774598671],[-90.3770044949569,38.1629345197984],[-90.376783013527,38.1628703115662]]},"properties":{"OBJECTID":49453,"ID":"139187","VOLTAGE":138,"STATUS":"IN SERVICE","OWNER":"UNION ELECTRIC CO - (MO)","SUB_1":"UNKNOWN117899","SUB_2":"ST FRANCOIS","VOLT_CLASS":"100-161"}},{"type":"Feature","geometry":{"type":"LineString","coordinates":[[-89.7052203207113,39.7198932170912],[-89.7053745111399,39.7183855894791],[-89.7056467213323,39.7184807690361],[-89.7060083992353,39.7187111007266]]},"properties":{"OBJECTID":49458,"ID":"139194","VOLTAGE":138,"STATUS":"IN SERVICE","OWNER":"NOT AVAILABLE","SUB_1":"UNKNOWN122710","SUB_2":"TAP139413","VOLT_CLASS":"100-161"}},{"type":"Feature","geometry":{"type":"LineString","coordinates":[[-88.2693603247576,41.391424992718],[-88.269240273903,41.3915706358648],[-88.2692109106713,41.3920081368526],[-88.2701676227371,41.3923834756829],[-88.2717150480691,41.3929990208507],[-88.2738264483129,41.3932308450723],[-88.2765815812893,41.3935334290242],[-88.2793368040972,41.3938553518251],[-88.2820403737763,41.3941580669755],[-88.2848128442377,41.39448645606],[-88.2855869171282,41.3946086725786]]},"properties":{"OBJECTID":49497,"ID":"139241","VOLTAGE":138,"STATUS":"IN SERVICE","OWNER":"COMMONWEALTH EDISON CO","SUB_1":"DRESDEN GENERATING STATION","SUB_2":"TAP138206","VOLT_CLASS":"100-161"}},{"type":"Feature","geometry":{"type":"LineString","coordinates":[[-89.1027019555801,42.2385343831028],[-89.1023317598515,42.2380538681176],[-89.1016263128589,42.2372396778346],[-89.0998533978142,42.2365307610761],[-89.0998748675495,42.2350215845248],[-89.0989482553339,42.2346207896935],[-89.0979570542494,42.2342728689836],[-89.0971994151388,42.2342434708927],[-89.0963814092411,42.2342076876775],[-89.0953580475711,42.2341854728089],[-89.0953554424567,42.2338041606859],[-89.095895388333,42.2332739939968]]},"properties":{"OBJECTID":48515,"ID":"138029","VOLTAGE":138,"STATUS":"IN SERVICE","OWNER":"COMMONWEALTH EDISON CO","SUB_1":"SABROOKE","SUB_2":"TAP137869","VOLT_CLASS":"100-161"}},{"type":"Feature","geometry":{"type":"LineString","coordinates":[[-88.1469247188913,41.6162322641573],[-88.1469866298824,41.6162998407964],[-88.1468574656192,41.61633165059],[-88.1464095916697,41.6161002557266],[-88.1471349174813,41.6152676845694],[-88.1487842117665,41.6132832098163],[-88.1502349316616,41.6115824590969],[-88.1516570572828,41.6098656821608],[-88.1534175782716,41.6078878211152],[-88.1532724123183,41.6049286475382],[-88.1531694806581,41.6021973236832],[-88.1530750641284,41.5995079426735],[-88.1529719689749,41.5968081436284],[-88.1528408122484,41.5944063879331],[-88.154471889598,41.59291423763],[-88.1565440559218,41.5909606919992],[-88.1586176811096,41.5890083060258],[-88.1604821623295,41.5872945828673],[-88.1606216257774,41.5871561456886],[-88.1607463721259,41.5870323205527],[-88.1621216029944,41.5856672128634],[-88.1642027686407,41.5836620071182],[-88.1663286937443,41.5816808385601],[-88.1684189988503,41.5797137259565],[-88.18644549525,41.5794394509104],[-88.1898911191678,41.5800617629271],[-88.2106953357834,41.5799989656618],[-88.2116890898799,41.577748808631],[-88.2128648857722,41.575046476594],[-88.2140490692342,41.572446380024],[-88.2150975100703,41.5700483808194],[-88.2161675535923,41.5675962709168],[-88.2181783658805,41.5654963156009],[-88.2203242659228,41.563248472963],[-88.2224617280896,41.5610131968795],[-88.2245996681602,41.5587645939886],[-88.2267281310044,41.5565170125957],[-88.2288651242507,41.5542754737336],[-88.2309933077189,41.5520343499004],[-88.2331386076866,41.5497992237674],[-88.2352934297963,41.5475377736012],[-88.2375678715692,41.5451576308085],[-88.2374204939637,41.5426157340751],[-88.2373091873101,41.5402039447107],[-88.2372146584911,41.5377876470203],[-88.237094566314,41.5353595345483],[-88.2369915942296,41.5326370217532],[-88.2368800207764,41.5299126035352],[-88.2367770765398,41.5272011288175],[-88.2366654168483,41.524457360572],[-88.2365624205094,41.5217377746782],[-88.236433663183,41.5190125147677],[-88.2363221202725,41.5162882849067],[-88.2362019436538,41.5135508497904],[-88.2360989221621,41.5108968215639],[-88.2359873873364,41.5082345386454],[-88.2358671675986,41.5055794818079],[-88.2357470879979,41.5028887515493],[-88.235660865002,41.5002254160774],[-88.2374719683278,41.4978501805146],[-88.2392557017835,41.4954929008582],[-88.2410825696442,41.4931608729839],[-88.2429038212377,41.4908057650069],[-88.2446975718072,41.4884523566607],[-88.2465346139868,41.4860733710736],[-88.2483453777494,41.4836945276165],[-88.2501827837467,41.4813211745863],[-88.2515877416645,41.4794399700197],[-88.2522208131913,41.4786060335597],[-88.2529572152303,41.4776591499441],[-88.2626578282344,41.4650833205539],[-88.2641948349058,41.4640290166596],[-88.2947314505135,41.4450304565216],[-88.2937564712064,41.4176813700436],[-88.2949599379043,41.4146805180161],[-88.2966760803214,41.4104049408186],[-88.296643022319,41.4089912405778],[-88.2966089761697,41.4075307521234],[-88.296575019852,41.4060782480662],[-88.2965379185324,41.4044902799537],[-88.2965030647977,41.4029957298784],[-88.2964647067351,41.401353038802],[-88.2964442565876,41.4004741968736],[-88.2964278758084,41.3997701437724],[-88.2964494955624,41.3981753698809],[-88.2963364874996,41.3965992008622],[-88.2947365277915,41.3948148596588],[-88.2903381066659,41.3943853436675],[-88.2838969165841,41.3937143434999],[-88.2817664720563,41.3934923606713],[-88.2796243485315,41.3932691627061],[-88.2774770165746,41.3930454935864],[-88.2753777435872,41.393162550686],[-88.2733309322123,41.3928656945924],[-88.271263818912,41.392551382113],[-88.2701664495374,41.3923823030704],[-88.269173978235,41.3922293847889],[-88.2689862833413,41.3916212320095],[-88.2693603247576,41.391424992718]]},"properties":{"OBJECTID":48548,"ID":"138096","VOLTAGE":138,"STATUS":"IN SERVICE","OWNER":"COMMONWEALTH EDISON CO","SUB_1":"DRESDEN GENERATING STATION","SUB_2":"TAP138233","VOLT_CLASS":"100-161"}},{"type":"Feature","geometry":{"type":"LineString","coordinates":[[-90.4546689420218,38.5633600550334],[-90.4537879516462,38.5625022857431],[-90.4512831935125,38.5611138945612],[-90.4513576072557,38.5555595860495],[-90.4555750555809,38.5540753169928],[-90.460175006554,38.5525826468211],[-90.4634398508091,38.5518070846494],[-90.465215427562,38.5513876147076],[-90.4696462158856,38.5492036497922],[-90.4731972651869,38.5461579818806],[-90.475264822255,38.5451759739913],[-90.4785008773019,38.5440973588451],[-90.4824546602096,38.5420006865342],[-90.4840368350718,38.5409513964739],[-90.4860871139436,38.5404804761146],[-90.4881567667812,38.5404722805958],[-90.4902744489438,38.5404514756095],[-90.4920108052514,38.5408493957498],[-90.4940509421437,38.5409800630286],[-90.4962330730381,38.5409082536351],[-90.4977576182798,38.5401414616306],[-90.4994120302672,38.5396488320715],[-90.5014694031349,38.5393729849419],[-90.5033160357284,38.5393645728825],[-90.5054185067183,38.5393897928971],[-90.5075256489476,38.539402591561],[-90.5084555076747,38.5361509740469],[-90.5093607319016,38.5343993826931],[-90.5105447931928,38.5320123244866],[-90.5103078445703,38.5297673659249],[-90.5099162401919,38.5264854627414],[-90.5094444207501,38.5226827727213],[-90.5091493250776,38.520458352842],[-90.5086824876925,38.5166937658392],[-90.5082427668524,38.5130881421399],[-90.5080067605627,38.5111528796615],[-90.507545127118,38.5076816420617],[-90.5071694777173,38.5044522107342],[-90.5060428951296,38.4995861380967],[-90.5059947678882,38.4992579201084],[-90.5057561151616,38.4983627829571],[-90.5056028715573,38.4977878537866],[-90.5077902540028,38.496472603103],[-90.508661439267,38.4960721666658],[-90.5088969999924,38.4952870001357]]},"properties":{"OBJECTID":48564,"ID":"138082","VOLTAGE":138,"STATUS":"IN SERVICE","OWNER":"UNION ELECTRIC CO - (MO)","SUB_1":"UNKNOWN117841","SUB_2":"TYSON","VOLT_CLASS":"100-161"}},{"type":"Feature","geometry":{"type":"LineString","coordinates":[[-89.0440985137793,40.482635005162],[-89.0435552621028,40.4824413235952],[-89.0420489850007,40.4806003041159],[-89.0379860549893,40.4792440108944],[-89.0261006466877,40.4726945436254],[-89.0150004620642,40.4680367496295],[-89.0100095418216,40.4656751340985],[-89.0083082278949,40.4643247895097],[-89.0023476778127,40.4643188421499],[-88.9948880676933,40.4627662426973],[-88.9936447993401,40.4614932317387],[-88.9926335280956,40.4612076959472],[-88.9879281436542,40.4613504636529],[-88.986494518699,40.461659794008],[-88.9860095856507,40.4617720477733]]},"properties":{"OBJECTID":48659,"ID":"138199","VOLTAGE":138,"STATUS":"IN SERVICE","OWNER":"NOT AVAILABLE","SUB_1":"SOUTH BLOOMINGTON","SUB_2":"UNKNOWN123124","VOLT_CLASS":"100-161"}},{"type":"Feature","geometry":{"type":"LineString","coordinates":[[-87.4959893931579,39.4024777888523],[-87.4956257488427,39.4018970019734],[-87.4918519236391,39.4013021371555],[-87.4805532912879,39.402564202894],[-87.4706452159622,39.4042922870202],[-87.4685631870349,39.4044439768098],[-87.4591274351058,39.4047426000435],[-87.4453674790632,39.4048722578092],[-87.4363131850414,39.405157721023],[-87.4167762020342,39.4055415910112],[-87.416633156105,39.4054653208244]]},"properties":{"OBJECTID":48678,"ID":"138218","VOLTAGE":138,"STATUS":"IN SERVICE","OWNER":"DUKE ENERGY INDIANA INC","SUB_1":"UNKNOWN124760","SUB_2":"UNKNOWN124764","VOLT_CLASS":"100-161"}},{"type":"Feature","geometry":{"type":"LineString","coordinates":[[-90.6585636898171,42.5037692716224],[-90.6579469487638,42.5039724006781],[-90.6564008035311,42.506625379004],[-90.6552076521876,42.5082688959877],[-90.6528023330643,42.5094533226829],[-90.6469411510256,42.5097196400625],[-90.6455768688238,42.5111177898416],[-90.6442030806497,42.512540435962],[-90.6419451229622,42.5147479256975],[-90.6415268071788,42.5160863978346],[-90.6410229259663,42.5171480448477],[-90.6407519707204,42.518216681645],[-90.6403289010525,42.5197723029721],[-90.6398440335812,42.5213979569318],[-90.6422303389632,42.5221722298097],[-90.6454865513068,42.5243373385122],[-90.6462376192411,42.5273991947912],[-90.6480820141313,42.5287408985947],[-90.6504524840115,42.5258086437834]]},"properties":{"OBJECTID":48683,"ID":"138244","VOLTAGE":161,"STATUS":"IN SERVICE","OWNER":"NOT AVAILABLE","SUB_1":"DUBUQUE","SUB_2":"TAP136991","VOLT_CLASS":"100-161"}},{"type":"Feature","geometry":{"type":"LineString","coordinates":[[-87.2942164355209,41.6001011978724],[-87.2943592038707,41.6002915541581],[-87.2956024722239,41.6008328819617],[-87.2958047261135,41.6082627490872],[-87.3111558186115,41.6082591798198],[-87.325558696208,41.606864815683],[-87.3285187456805,41.6069409580753],[-87.3308886891479,41.6066649408039],[-87.3337059711689,41.6065887980858],[-87.336656502991,41.606798191016],[-87.3398544982159,41.6071789038155],[-87.3463932570156,41.609272829729],[-87.3491534322357,41.6099390786442],[-87.3500766631925,41.610434006542],[-87.3506953221489,41.6138033238081],[-87.353227069267,41.6152309997793],[-87.3586146999121,41.6172429688237],[-87.3642363425871,41.6192491366418],[-87.3666514955678,41.6202723049593],[-87.3698304545936,41.6214227735673],[-87.3726858090129,41.6224007325688],[-87.3753750918857,41.6235020070731],[-87.3841600620022,41.6252437720436],[-87.3915452152592,41.6272211237376],[-87.3945535482799,41.6278897327953],[-87.3983321318595,41.6292412669957],[-87.4008829142784,41.6303929258505],[-87.4028626259932,41.631830119989],[-87.4049472941707,41.6327690360212],[-87.4065284458518,41.6337826861265],[-87.4101734409655,41.6356922606326],[-87.4094568261172,41.636416055838],[-87.4095639017058,41.6367158676009]]},"properties":{"OBJECTID":48684,"ID":"138253","VOLTAGE":138,"STATUS":"IN SERVICE","OWNER":"NORTHERN INDIANA PUB SERV CO","SUB_1":"UNKNOWN122541","SUB_2":"UNKNOWN122542","VOLT_CLASS":"100-161"}},{"type":"Feature","geometry":{"type":"LineString","coordinates":[[-89.6647349765197,40.5958789705537],[-89.6650095663492,40.5967766679019],[-89.6660772760482,40.5967375857267],[-89.6674380656001,40.5978941729866],[-89.6677530382949,40.6001390756971],[-89.6608789150435,40.6083733228673],[-89.6593998586911,40.6107529329828],[-89.6589336456351,40.611828809045],[-89.6524163538758,40.6306525321196],[-89.6492941333417,40.6308378689165],[-89.6477592413045,40.633936479513],[-89.6469577635097,40.6363432185684],[-89.6465363736914,40.6372779386575],[-89.6447979512586,40.6368171517333],[-89.6446135298257,40.6368898961144]]},"properties":{"OBJECTID":48703,"ID":"138239","VOLTAGE":138,"STATUS":"IN SERVICE","OWNER":"AMEREN ILLINOIS COMPANY","SUB_1":"EDWARDS","SUB_2":"UNKNOWN123085","VOLT_CLASS":"100-161"}},{"type":"Feature","geometry":{"type":"LineString","coordinates":[[-87.8079231322772,41.638428699895],[-87.8041711496098,41.6385395826763],[-87.8017190309551,41.6394152869082],[-87.7991772352823,41.640268896887],[-87.7966158725059,41.6411059177283],[-87.7943542128612,41.6411449025438],[-87.7921389125733,41.6411834529855],[-87.7899075746627,41.6412026509948],[-87.7876559572845,41.6412476199779],[-87.7854116746506,41.6412026268269],[-87.7829313875236,41.6411513405981],[-87.7803991598069,41.6411064245828],[-87.7778944313176,41.6410487237101],[-87.7757141779022,41.6410423467368],[-87.7730780321751,41.6409781365747],[-87.7705125380468,41.6409396155488],[-87.7680063596766,41.6409012160111],[-87.7653882107979,41.6408627466319],[-87.762762952652,41.6408175565115],[-87.760250349531,41.6403722977969],[-87.7575915887166,41.639920058741],[-87.7552328265795,41.6399646191004],[-87.7527619070843,41.6400095815628],[-87.7500745016904,41.6400865427997],[-87.7472329049696,41.6401125760563],[-87.745242836578,41.6394586848427],[-87.7429169312208,41.6395092278947],[-87.7401867947655,41.6395734267649],[-87.7374128564569,41.6396119170542],[-87.7349937454991,41.6396311081468],[-87.7333761788114,41.6396747456063],[-87.7324463856614,41.6396815597607],[-87.7323870591234,41.6378932827265],[-87.7323276229909,41.6366306511156],[-87.730005268674,41.6366483197421],[-87.7275880325002,41.6366741838578],[-87.7250748203214,41.6363385121595],[-87.7225700136787,41.6359730010782],[-87.7201693029128,41.6356847558706],[-87.7177431536547,41.6353963905379],[-87.7152232229759,41.6351658220876],[-87.7128294184579,41.6349669580753],[-87.710908161017,41.6348073855699],[-87.7082401062327,41.6348521361123],[-87.7054687398008,41.6348970376876],[-87.7027550820411,41.6349676375264],[-87.7001215872424,41.6349740996965],[-87.6981245649921,41.6348843966599],[-87.6954789294623,41.6349675818007],[-87.69287796805,41.6350188810074],[-87.6902122776315,41.6350960335086],[-87.6882881922941,41.635038317855],[-87.6861215160159,41.6350702056862],[-87.6836578836543,41.6351151285941],[-87.6812650250623,41.6351416801597],[-87.6799948449798,41.6340639800694],[-87.6772810506761,41.6340952668051],[-87.6752217437356,41.634140101096],[-87.6731524493259,41.6341786557279],[-87.6698812710497,41.6342225976673],[-87.6690864021604,41.6361857186337],[-87.6683535278055,41.6366330580022],[-87.6666150353042,41.6368655628191]]},"properties":{"OBJECTID":48708,"ID":"138256","VOLTAGE":345,"STATUS":"IN SERVICE","OWNER":"COMMONWEALTH EDISON CO","SUB_1":"TAP138173","SUB_2":"BLUE ISLAND","VOLT_CLASS":"345"}},{"type":"Feature","geometry":{"type":"LineString","coordinates":[[-87.7637757995416,38.3745267739734],[-87.7640124867544,38.3755263257585],[-87.7629090860909,38.3765930326821],[-87.7659929126297,38.378675486992],[-87.7820295472503,38.3634923624693],[-87.7841039369044,38.3624525806475],[-87.7864791723472,38.3619062697392],[-87.7824409756505,38.3499794499444],[-87.780793734914,38.3483370514995],[-87.7777347018769,38.3392322806821],[-87.7840505509254,38.3416709120167],[-87.7863586283175,38.3423609554842],[-87.78893552566,38.3427051479502],[-87.7936143109858,38.3439478427518],[-87.7999334532581,38.3430628965907],[-87.8002305827165,38.2899637731085],[-87.7746991148689,38.2894835455352],[-87.7744158760597,38.246677089493],[-87.7685245681196,38.242126160704],[-87.7685625426016,38.2384462546907],[-87.76268441654,38.2310944335131],[-87.762865248305,38.2233687555614],[-87.7597737860863,38.1984619425207],[-87.7595981645499,38.1874991486],[-87.7604281189392,38.1371386505933],[-87.7425044832328,38.1304786287441],[-87.7426386017047,38.1140457266874],[-87.7499164826421,38.0869985460134],[-87.7501944204927,38.0794003537528],[-87.7582876132802,38.0653275529082],[-87.7589250578058,38.0388695296935],[-87.7481785120619,38.0289486934813],[-87.7481254216286,38.0186167557764],[-87.7464244616381,38.0151782316965],[-87.7455643247536,38.0042111909765],[-87.7456553240919,37.982048086658],[-87.7469813272828,37.975663344615],[-87.7467880996651,37.9558844618115],[-87.7448294130196,37.9496826825421],[-87.7400898117491,37.9443737719778],[-87.7373698029003,37.9402493834689],[-87.7314046300876,37.9345423879236],[-87.7236496889372,37.9257038367648],[-87.7232373271875,37.9201929519832],[-87.72193081654,37.915463258005],[-87.7214022487251,37.9120664641011],[-87.7217905005909,37.9080875459246],[-87.721791954065,37.9075441999407]]},"properties":{"OBJECTID":48733,"ID":"138289","VOLTAGE":345,"STATUS":"IN SERVICE","OWNER":"NOT AVAILABLE","SUB_1":"BROWN (345 KV)","SUB_2":"GIBSON STATION","VOLT_CLASS":"345"}},{"type":"Feature","geometry":{"type":"LineString","coordinates":[[-87.9326305936667,41.6248522546644],[-87.9332316483384,41.6253586487253],[-87.9330811562738,41.6263197461533],[-87.9330982575019,41.6268088448133],[-87.9330469538177,41.6270687860193],[-87.9342577310054,41.6267643821236],[-87.934678423731,41.6270072209855],[-87.9356429421566,41.626986699966],[-87.9357113470689,41.6273082045886],[-87.9357325571911,41.6280224630928]]},"properties":{"OBJECTID":48739,"ID":"138296","VOLTAGE":138,"STATUS":"IN SERVICE","OWNER":"NOT AVAILABLE","SUB_1":"GOODINGS GROVE","SUB_2":"TAP138232","VOLT_CLASS":"100-161"}},{"type":"Feature","geometry":{"type":"LineString","coordinates":[[-87.9656615056282,42.3783828910956],[-87.9670351689365,42.3783801550967],[-87.9998550289086,42.3786112420748],[-88.0096225493334,42.3786446028163],[-88.054979796874,42.3786684589242],[-88.0557440574665,42.3786346588977]]},"properties":{"OBJECTID":48761,"ID":"138324","VOLTAGE":138,"STATUS":"IN SERVICE","OWNER":"COMMONWEALTH EDISON CO","SUB_1":"UNKNOWN121935","SUB_2":"TAP136950","VOLT_CLASS":"100-161"}},{"type":"Feature","geometry":{"type":"LineString","coordinates":[[-89.6386289632844,37.0723192928641],[-89.6414383365376,37.0714829811409],[-89.6420409300235,37.0681039797313],[-89.6464367415432,37.0640126591059],[-89.6480696020486,37.0624707119163],[-89.6514649760061,37.0591479595281],[-89.6531759072963,37.0574619396466],[-89.6569267365268,37.0535313488914],[-89.6585726693163,37.0518099308983],[-89.6598407653073,37.050475234924]]},"properties":{"OBJECTID":48774,"ID":"138406","VOLTAGE":161,"STATUS":"IN SERVICE","OWNER":"UNION ELECTRIC CO - (MO)","SUB_1":"UNKNOWN121696","SUB_2":"TAP153752","VOLT_CLASS":"100-161"}},{"type":"Feature","geometry":{"type":"LineString","coordinates":[[-87.5024859104779,37.6465288035928],[-87.5036294775127,37.6456484030407]]},"properties":{"OBJECTID":48896,"ID":"138473","VOLTAGE":161,"STATUS":"NOT AVAILABLE","OWNER":"NOT AVAILABLE","SUB_1":"REID","SUB_2":"NOT AVAILABLE","VOLT_CLASS":"100-161"}},{"type":"Feature","geometry":{"type":"LineString","coordinates":[[-91.4524856631409,39.8595791768769],[-91.4581543236379,39.8584625916101],[-91.4644290684739,39.8573624085707],[-91.4786542009167,39.8548828278614],[-91.4909042138325,39.8527644389572],[-91.498291300264,39.8514452028739],[-91.5083522832241,39.849622315817],[-91.5173009245887,39.8480840455453],[-91.521525681607,39.8459754840116],[-91.5238644499408,39.8447683466868],[-91.5298349650344,39.8428631610059],[-91.5364709826333,39.8407462269463],[-91.5463560826473,39.8377094071094],[-91.5490180962613,39.8376656045443],[-91.5490085884924,39.8369428795686],[-91.5490466168733,39.8364902606884],[-91.5505867820212,39.8364975607829],[-91.5511668700142,39.8361967345771]]},"properties":{"OBJECTID":48908,"ID":"138489","VOLTAGE":161,"STATUS":"IN SERVICE","OWNER":"NOT AVAILABLE","SUB_1":"PALMYRA","SUB_2":"TAP140628","VOLT_CLASS":"100-161"}},{"type":"Feature","geometry":{"type":"LineString","coordinates":[[-88.9505913487193,39.8409814491265],[-88.9502951301527,39.8411333931564],[-88.9499310717141,39.8411690848388],[-88.9492755306271,39.8413088778877],[-88.9454743418417,39.8472694275219],[-88.9449657318975,39.848004086988],[-88.9447129136372,39.849193816784],[-88.9448170158022,39.850666108723]]},"properties":{"OBJECTID":48989,"ID":"138586","VOLTAGE":138,"STATUS":"IN SERVICE","OWNER":"AMEREN ILLINOIS COMPANY","SUB_1":"DECATUR EAST MAIN STREET","SUB_2":"TAP139417","VOLT_CLASS":"100-161"}},{"type":"Feature","geometry":{"type":"LineString","coordinates":[[-87.3213435412818,41.6108905206155],[-87.3216891995284,41.6111209965555],[-87.3216356626324,41.6127378405186],[-87.321032469072,41.6145045905671],[-87.3209646552512,41.6183914398373],[-87.3209184135736,41.6184970288833]]},"properties":{"OBJECTID":48040,"ID":"137466","VOLTAGE":138,"STATUS":"IN SERVICE","OWNER":"NORTHERN INDIANA PUB SERV CO","SUB_1":"UNKNOWN122538","SUB_2":"UNKNOWN128012","VOLT_CLASS":"100-161"}},{"type":"Feature","geometry":{"type":"LineString","coordinates":[[-89.6191601372544,42.3160790339348],[-89.61899428849,42.3160107441189],[-89.6190656722157,42.3169066110436],[-89.6181519589093,42.3179880758432],[-89.6180905635512,42.3184155595427]]},"properties":{"OBJECTID":48094,"ID":"137529","VOLTAGE":138,"STATUS":"IN SERVICE","OWNER":"COMMONWEALTH EDISON CO","SUB_1":"UNKNOWN121925","SUB_2":"TAP137876","VOLT_CLASS":"100-161"}},{"type":"Feature","geometry":{"type":"LineString","coordinates":[[-88.9587932349613,37.6548429106076],[-88.9585904609471,37.6551222399379],[-88.9576934033044,37.655159577837],[-88.9559925331455,37.6552370265366],[-88.9510695848271,37.6554632587188],[-88.9055494906919,37.6825596257312],[-88.8825557284876,37.695850065584],[-88.8614011536398,37.7078931705424],[-88.8319172800018,37.7263700159866],[-88.8234207580248,37.7314963718894],[-88.8232540837086,37.7315044960689]]},"properties":{"OBJECTID":48173,"ID":"137620","VOLTAGE":138,"STATUS":"IN SERVICE","OWNER":"AMEREN ILLINOIS COMPANY","SUB_1":"MARION S","SUB_2":"CRAB ORCHARD","VOLT_CLASS":"100-161"}},{"type":"Feature","geometry":{"type":"LineString","coordinates":[[-88.9460426807692,42.2923998516594],[-88.9459417155211,42.2932737555753],[-88.9455712287384,42.36278999613],[-88.9596258429739,42.3626059487742],[-88.9596308609631,42.362808213656],[-88.9598153866006,42.3770008745863],[-89.0098597225951,42.3764144407388],[-89.0096718875642,42.3622132486704],[-89.0096704475648,42.3620011926338],[-89.0424455903003,42.3612534848547],[-89.0437279695044,42.3612852385246],[-89.0474352636814,42.3612305547363],[-89.0498563132036,42.3611734700224],[-89.0522965866729,42.36110934856],[-89.0548086355334,42.3610525299107],[-89.0574858845747,42.3611321831389],[-89.0602331114783,42.3610908298505],[-89.0630062116586,42.3610666677023],[-89.0657825448757,42.3610583711508],[-89.0685439660591,42.3610143627031],[-89.0709870243058,42.3609864840324],[-89.0731992155245,42.3611639780242],[-89.0754165271403,42.3613011797397],[-89.0775566725748,42.3614453521019],[-89.07868603455,42.3613719387462],[-89.0802912350295,42.361174730533],[-89.083018160906,42.3609082909331],[-89.0858184791412,42.3608828675343],[-89.0875510553381,42.360872125596]]},"properties":{"OBJECTID":48189,"ID":"137642","VOLTAGE":345,"STATUS":"IN SERVICE","OWNER":"COMMONWEALTH EDISON CO","SUB_1":"TAP136941","SUB_2":"TAP137873","VOLT_CLASS":"345"}},{"type":"Feature","geometry":{"type":"LineString","coordinates":[[-89.0115494141187,38.760904175556],[-89.0100741486568,38.7609422477702],[-89.0100075242054,38.7647874570758],[-89.0047251195177,38.7646827598773],[-88.9956165429982,38.761798853908],[-88.9823105981952,38.7620025359221],[-88.9492265715458,38.7622499997407],[-88.9308952040067,38.76266878508],[-88.9074629202133,38.7628089864757],[-88.8777094918029,38.7627068556522],[-88.8640419526401,38.7573594375008],[-88.8473934745812,38.7628178829723],[-88.8084195871777,38.7627449269045],[-88.7617060093222,38.7631066048896],[-88.7438249097428,38.7633849694747],[-88.738236939518,38.7634889870397],[-88.7291209258463,38.7636599666204],[-88.7285859790946,38.7636589859931],[-88.7244370201233,38.7635629537952],[-88.7143809195068,38.7636219315792],[-88.700834953843,38.7635869798934],[-88.7002239197867,38.7635849485918],[-88.696456923576,38.7635899918231],[-88.6764119172244,38.763561973867],[-88.669340918297,38.7636159777671],[-88.6666809169092,38.7632459305603],[-88.6572639676173,38.7620199886897],[-88.6556989227293,38.7618159424829],[-88.6541539102722,38.7616149791535],[-88.6540729720651,38.7616069938161],[-88.6532719443262,38.7615319736292],[-88.6521809395153,38.7614279539118],[-88.6521079064827,38.7614219298697],[-88.6503479280764,38.7612559876221],[-88.6388829097683,38.7601899325161],[-88.6379399482145,38.7600999905526],[-88.6246888985601,38.7604179390885],[-88.6202329861546,38.7605109627589],[-88.6089629022631,38.7607699286708],[-88.6058558991899,38.7607979477232],[-88.6014809240932,38.7608389255675],[-88.5944799039265,38.7608929329294],[-88.5921749167389,38.7609009876937],[-88.5828079137768,38.7609489709265],[-88.5551209375067,38.7607689487042],[-88.5410214694906,38.76045429959],[-88.5218715678444,38.7565995728298],[-88.512898144656,38.7563968428118],[-88.5073951182261,38.7563025381313],[-88.5069476619932,38.7564663048778]]},"properties":{"OBJECTID":48196,"ID":"137650","VOLTAGE":138,"STATUS":"IN SERVICE","OWNER":"AMEREN ILLINOIS COMPANY","SUB_1":"UNKNOWN121708","SUB_2":"KINMUNDY","VOLT_CLASS":"100-161"}},{"type":"Feature","geometry":{"type":"LineString","coordinates":[[-87.2404585997874,39.7711352294872],[-87.2400451492796,39.7707716877333],[-87.239833971526,39.7707092271577],[-87.2425061486791,39.7650906326364],[-87.246441477496,39.7588731140149],[-87.2514859346347,39.7515800655936],[-87.2725850115641,39.7178880874879],[-87.2921663497868,39.690283742801],[-87.29784880122,39.6814229266828],[-87.3032610232461,39.6736967376746],[-87.3144735386026,39.6569980766104],[-87.3149280960178,39.6447204548951],[-87.3145485721833,39.6239983239332],[-87.3155076836493,39.5827629190698],[-87.3156569782596,39.5691563797671],[-87.350146120032,39.5691131535758]]},"properties":{"OBJECTID":48244,"ID":"137708","VOLTAGE":138,"STATUS":"IN SERVICE","OWNER":"DUKE ENERGY INDIANA INC","SUB_1":"UNKNOWN124555","SUB_2":"TAP138323","VOLT_CLASS":"100-161"}},{"type":"Feature","geometry":{"type":"LineString","coordinates":[[-87.3229028270705,37.9119268569031],[-87.3231893824596,37.9119908425644],[-87.3240136972256,37.911844140105],[-87.3258310106049,37.9131318236728],[-87.3309468514693,37.9163298196598],[-87.3324863626436,37.916585612002],[-87.3325595313219,37.9162359098043]]},"properties":{"OBJECTID":48339,"ID":"137825","VOLTAGE":138,"STATUS":"IN SERVICE","OWNER":"SOUTHERN INDIANA GAS & ELEC CO","SUB_1":"UNKNOWN127572","SUB_2":"WARRICK","VOLT_CLASS":"100-161"}},{"type":"Feature","geometry":{"type":"LineString","coordinates":[[-88.2533338348115,41.4766959689569],[-88.254225261814,41.4776249458562],[-88.2548121949695,41.4784126731112]]},"properties":{"OBJECTID":48353,"ID":"137839","VOLTAGE":345,"STATUS":"IN SERVICE","OWNER":"COMMONWEALTH EDISON CO","SUB_1":"UNKNOWN121976","SUB_2":"TAP138227","VOLT_CLASS":"345"}},{"type":"Feature","geometry":{"type":"LineString","coordinates":[[-88.0645689298496,41.633748568587],[-88.0651011520111,41.6329713270035],[-88.0656608015347,41.6328556850432],[-88.0681064118952,41.6321289976473],[-88.0706890791168,41.6320647517476],[-88.072409279224,41.6322857225675],[-88.0734949076179,41.6325168881414]]},"properties":{"OBJECTID":48413,"ID":"137911","VOLTAGE":138,"STATUS":"IN SERVICE","OWNER":"NOT AVAILABLE","SUB_1":"WILL COUNTY","SUB_2":"TAP138221","VOLT_CLASS":"100-161"}},{"type":"Feature","geometry":{"type":"LineString","coordinates":[[-89.6570637700318,38.219656221035],[-89.6882449681784,38.2197589755997],[-89.6888899585524,38.2194079326042],[-89.6918401391332,38.2180276834901],[-89.6974361340085,38.2169444008485],[-89.7126985681778,38.2159256941496],[-89.7410484184827,38.2160617991096],[-89.7555036436057,38.2146483997934],[-89.7696376428613,38.2121713808443],[-89.7796670707004,38.2122142105495],[-89.7804594305951,38.216204566474],[-89.7876763356876,38.2188743217616],[-89.7959925532107,38.2166400080287],[-89.799697372529,38.2117216624774],[-89.8066216047053,38.2079026277467],[-89.8156016906982,38.2070317447655]]},"properties":{"OBJECTID":48443,"ID":"137951","VOLTAGE":138,"STATUS":"IN SERVICE","OWNER":"AMEREN ILLINOIS COMPANY","SUB_1":"TAP139469","SUB_2":"TAP139474","VOLT_CLASS":"100-161"}},{"type":"Feature","geometry":{"type":"LineString","coordinates":[[-88.0828872448677,39.2676007035894],[-88.0834077664725,39.2676115696762],[-88.0845204206818,39.2675680336851],[-88.0871895848855,39.2675052316193],[-88.0900385019775,39.2674396489854],[-88.0927787229202,39.2673723269038],[-88.0956639319497,39.2672965887892],[-88.098295456743,39.2672404637618],[-88.1012132746174,39.2671758545498],[-88.1045912985135,39.267097335002],[-88.1079840565768,39.2670159638985],[-88.1114020555031,39.2669429377733],[-88.1148852739156,39.2668615664906],[-88.1179589485934,39.2668110745189],[-88.1213733560551,39.2664350271131],[-88.123500925974,39.266218938682],[-88.1255271659289,39.2660169687252],[-88.1284195605824,39.2657419715053],[-88.1310945647337,39.2654697558831],[-88.1338600283359,39.2652031720413],[-88.1366655567997,39.2649056367086],[-88.1394927346619,39.2646306358238],[-88.1429796352687,39.2642714768493],[-88.1451144815415,39.2640581637848],[-88.1484521719796,39.2637335695517],[-88.1522327318528,39.2633572267317],[-88.1547984999673,39.2630729686735],[-88.1578515142919,39.2627820317567],[-88.161037209784,39.2624585437586],[-88.1641896676106,39.2621400627672],[-88.1673776088909,39.2618167797704],[-88.1705743536609,39.261501494627],[-88.1739634277333,39.2611574830453],[-88.1770176098678,39.2608483845572],[-88.1805697281643,39.2604895546703],[-88.1820304786478,39.2603223455295],[-88.185148530999,39.260323388849],[-88.1886206085053,39.2602919501479],[-88.1918683775835,39.2602611367293],[-88.1951232442508,39.2602358890661],[-88.1983708336659,39.2602105711436],[-88.2015931795233,39.2601769754982],[-88.2048770617742,39.260160073685],[-88.2082370295331,39.2601235581036],[-88.2115717555308,39.2600983785547],[-88.2149317250863,39.2600674266369],[-88.2182119233462,39.2600393271524],[-88.2207419385124,39.2600253466131],[-88.2240004864758,39.2600057321205],[-88.2273025146954,39.2599916820195],[-88.2306987752901,39.2599664335638],[-88.2333447629595,39.2599467488041],[-88.2360813008095,39.2599243527839],[-88.2391441067707,39.2599074509099],[-88.2422431148378,39.2598962525466],[-88.2453349354844,39.2598710736115],[-88.2484157975828,39.2598541717247],[-88.2515149862114,39.2598401911485],[-88.2546465132918,39.2598204367982],[-88.257955816967,39.2598008918034],[-88.2611708864705,39.2597783566263],[-88.2644656383364,39.2597643760349],[-88.2676879850921,39.2597587420645],[-88.2710153449044,39.2597699397542],[-88.2744115156676,39.2597699397542],[-88.2776700645292,39.2597755737237],[-88.2809467584612,39.2597811388331],[-88.2842415103271,39.2598120908774],[-88.2876921189965,39.2598036747049],[-88.2907911270636,39.2598176545928],[-88.2940351232176,39.2598317749794],[-88.2972176746062,39.2598485377614],[-88.300146272264,39.2598541717247],[-88.3033104980208,39.2598766380179],[-88.3057136710688,39.2598878356887],[-88.3080008716137,39.2598906881419],[-88.3112665171661,39.259904668708],[-88.3146302587475,39.2599215705827],[-88.3182439116409,39.2599327689419],[-88.3215387515417,39.2599383326478],[-88.3245471195967,39.2599495316999],[-88.3278419612941,39.2599411850989],[-88.3308177205043,39.260280751846],[-88.3340726761047,39.260642782996],[-88.3369360560729,39.2609458298005],[-88.3401837353195,39.2613051456186],[-88.3434313247347,39.2616643886505],[-88.3466898735963,39.2620179278906],[-88.3497236639738,39.2623743858612],[-88.3499680219008,39.2622421495552],[-88.3507712792582,39.2618074596475],[-88.3528299474965,39.2620824729999],[-88.3551714071829,39.2623434349483],[-88.3581654021933,39.2626970396203],[-88.3614782092981,39.2630787407858],[-88.364918038184,39.2634884705208],[-88.3680335752524,39.263850136653],[-88.3710958422244,39.2642096455404],[-88.374591366658,39.2646115790228],[-88.3779415436786,39.2650049548568],[-88.3812288386293,39.2653785756991],[-88.3837912829773,39.2656542705338],[-88.3872104506117,39.2660204468698],[-88.3904679205966,39.266359288681],[-88.3937771353386,39.2667156550254],[-88.3968182020699,39.2670383576529],[-88.3999752413044,39.2673695449982],[-88.4030996716941,39.2676641474916],[-88.4062241020838,39.2679588885361],[-88.4093630851811,39.2682674688412],[-88.4122916828389,39.2685368917378],[-88.4152892711105,39.2687922666526],[-88.4184064251463,39.2695218716508],[-88.4215127095673,39.2702289379311],[-88.4246624715497,39.2709529651405],[-88.4276781168568,39.2716431867848],[-88.4307772147555,39.2723530815207],[-88.4338436139778,39.2730798691572],[-88.436913605563,39.2733464925788],[-88.4399510799315,39.2736354377861],[-88.4430102028,39.2739356467696],[-88.4460621391463,39.2742246597836],[-88.4490996126165,39.2745192341539],[-88.4521696051,39.2748138768261],[-88.4552070785702,39.275102955062],[-88.4582481453015,39.2753919625656],[-88.46130726817,39.2756809688771],[-88.4643447416402,39.2759586391212],[-88.4674038645088,39.2762532757402],[-88.4708545630097,39.2766040286929],[-88.4733446031457,39.2766741929804],[-88.4740069310047,39.2767099357124],[-88.4743012056171,39.2770600181185]]},"properties":{"OBJECTID":48472,"ID":"137980","VOLTAGE":345,"STATUS":"IN SERVICE","OWNER":"AMEREN ILLINOIS COMPANY","SUB_1":"NEOGA","SUB_2":"CASEY WEST","VOLT_CLASS":"345"}},{"type":"Feature","geometry":{"type":"LineString","coordinates":[[-89.0199119999818,38.2641620000555],[-89.0197381598047,38.2641669697733],[-89.019236973538,38.2644727711036],[-89.0190709181611,38.2647833130042],[-89.0121992392256,38.2648544288417],[-89.0071028441921,38.2648402046923],[-89.0057925148063,38.2648378348234],[-89.0050407363046,38.2649136917513],[-88.9995880757177,38.2650037720148],[-88.9969976102211,38.2649871787359],[-88.9929730274926,38.2650132549951],[-88.9920159435242,38.2651791917859],[-88.9846068492666,38.2652147488142],[-88.9809475889062,38.2651697088272],[-88.9809385311932,38.2661819175723],[-88.9809083388165,38.2723567917004],[-88.9761349977222,38.2722738315512],[-88.9702022855323,38.2721671686653],[-88.9654893291914,38.2721126516425],[-88.9621833142485,38.2721150219794],[-88.9611021217355,38.2721336369845]]},"properties":{"OBJECTID":52013,"ID":"175293","VOLTAGE":138,"STATUS":"IN SERVICE","OWNER":"AMEREN ILLINOIS COMPANY","SUB_1":"UNKNOWN153321","SUB_2":"TAP173562","VOLT_CLASS":"100-161"}},{"type":"Feature","geometry":{"type":"LineString","coordinates":[[-88.9043847476709,38.1709484027048],[-88.9046444838572,38.1708827558792],[-88.9118319655309,38.1709689878603],[-88.9185569343092,38.1723259935692],[-88.9187959760063,38.1723739455856],[-88.919409974503,38.1724979568396],[-88.9220579375676,38.1730319937813],[-88.9252319558593,38.1736719565486],[-88.9271489606757,38.1740849425735],[-88.9302729419077,38.1747589359656],[-88.9344029455281,38.1756499328654],[-88.9392409132206,38.1766929581155],[-88.9489879035479,38.1786289767848],[-88.9520329228665,38.1792339367628],[-88.9554899095743,38.1982959706252],[-88.956895952657,38.2060489455184],[-88.9574549742583,38.2091339669986],[-88.9584569551263,38.2140929487375],[-88.9619750587145,38.2323262955417],[-88.9611021217355,38.2721336369845]]},"properties":{"OBJECTID":52025,"ID":"167326","VOLTAGE":138,"STATUS":"IN SERVICE","OWNER":"AMEREN ILLINOIS COMPANY","SUB_1":"INA","SUB_2":"TAP173562","VOLT_CLASS":"100-161"}},{"type":"Feature","geometry":{"type":"LineString","coordinates":[[-88.9611021217355,38.2721336369845],[-88.9610699746247,38.2791019281633],[-88.9606075830019,38.2868606861383],[-88.9603760620003,38.2970600077539],[-88.9602934322655,38.3000065678137]]},"properties":{"OBJECTID":52029,"ID":"175294","VOLTAGE":138,"STATUS":"IN SERVICE","OWNER":"AMEREN ILLINOIS COMPANY","SUB_1":"TAP162321","SUB_2":"TAP173562","VOLT_CLASS":"100-161"}},{"type":"Feature","geometry":{"type":"LineString","coordinates":[[-88.933323784106,37.8894706447481],[-88.9336890373039,37.8886162209956],[-88.9347406662609,37.8883586788377],[-88.9397841900499,37.8855257208737],[-88.9441731285594,37.8845921318362],[-88.9495171190481,37.890429742639],[-88.9609038186365,37.8974481618114],[-88.9610608639111,37.8987473469014],[-88.9623100809081,37.9050219857557],[-88.9633699312466,37.9090619535528],[-88.9632609656027,37.9178019929155],[-88.9632659063367,37.9206009925401],[-88.9624207255033,37.9492076851606],[-88.972592920794,37.9800098070195],[-88.9796839656269,37.9939619916026],[-88.9844836830546,38.003370522503],[-88.99471893379,38.0231842936348],[-88.9982702795353,38.0306617509967],[-89.0010159047427,38.0364745879819],[-89.0017368925897,38.0378536207858],[-89.0027778612393,38.0398555815741],[-89.0046258745435,38.0433496147314],[-89.0049019277286,38.0438915997757],[-89.0049688522173,38.0440226209216],[-89.0050878789924,38.0442545956909],[-89.0056928943363,38.0454095771525],[-89.0063949277308,38.0467496037683],[-89.00660989368,38.0471606197985],[-89.0067418570935,38.0474135958345],[-89.0098408651607,38.053333575889],[-89.0134041270582,38.0602397025865],[-89.0165981759842,38.0666607174925],[-89.0208454160374,38.0755609777446],[-89.0292271423043,38.092297710725],[-89.0315371600574,38.0957907247584],[-89.035229258333,38.1012948487931],[-89.0369186749721,38.1038646668827],[-89.0401951218674,38.1088866989614],[-89.04156118992,38.1109706861491],[-89.0467791449776,38.1187087105776],[-89.0509777331733,38.1249270060721],[-89.0534081817684,38.1277699405564],[-89.0545912090987,38.1291769926527]]},"properties":{"OBJECTID":52044,"ID":"167430","VOLTAGE":138,"STATUS":"IN SERVICE","OWNER":"AMEREN ILLINOIS COMPANY","SUB_1":"WEST FRANKFORT","SUB_2":"TAP173563","VOLT_CLASS":"100-161"}},{"type":"Feature","geometry":{"type":"LineString","coordinates":[[-89.0545912090987,38.1291769926527],[-89.055802401308,38.1306175156369],[-89.0583596560886,38.1336407158884],[-89.0622936616871,38.138271453659],[-89.0727720908614,38.1526807635924],[-89.084517109552,38.1686136348991],[-89.0898559571857,38.1755306739467],[-89.091388932218,38.1776186894855],[-89.0946989545454,38.18212769161],[-89.0951119100815,38.1826896907558],[-89.0953319065963,38.1829897191342],[-89.0980399687501,38.1866467227103],[-89.0984109729625,38.1871507185218],[-89.0986669029869,38.1874997296943],[-89.1080329178022,38.2010556888763],[-89.1111290018531,38.2058093686492],[-89.1187623129107,38.2170213890223],[-89.1295309500241,38.2326376839786],[-89.132225985708,38.2365957417989],[-89.1331349011125,38.2378947248982],[-89.1357209711524,38.2415917280493],[-89.1454941303022,38.2558027970542],[-89.1489975545204,38.2603517099142],[-89.1525079038511,38.2648383095025],[-89.1571537497521,38.2706888910598],[-89.1629627890801,38.2779380727392],[-89.1677886528725,38.2840725290377],[-89.1768277752474,38.2953383477685],[-89.1808539479941,38.3004589590165],[-89.1818589831339,38.3017379787106],[-89.1826049441459,38.3026869885727],[-89.1970387417545,38.3207339198499],[-89.1968209631801,38.3225779636649],[-89.1965129308692,38.3285479278285],[-89.1964645970153,38.3328005586131],[-89.1912922431364,38.3325060998573],[-89.1908640395967,38.3328215820744]]},"properties":{"OBJECTID":52045,"ID":"175295","VOLTAGE":138,"STATUS":"IN SERVICE","OWNER":"AMEREN ILLINOIS COMPANY","SUB_1":"ASHLEY","SUB_2":"TAP173563","VOLT_CLASS":"100-161"}},{"type":"Feature","geometry":{"type":"LineString","coordinates":[[-89.0545912090987,38.1291769926527],[-89.0544830142092,38.1303657749554],[-89.0544135726411,38.1316030968536],[-89.0536165055744,38.1326955337506],[-89.0525779039856,38.1333296141645],[-89.0481396928828,38.1371292329035],[-89.045923606569,38.1390574634675],[-89.0450480411194,38.139237935593],[-89.0443657041858,38.1404276159319],[-89.0433874855538,38.1421539237726],[-89.0422673663446,38.1440202856886],[-89.0417571214666,38.1446827615925],[-89.0394414030047,38.1448655935822],[-89.0350182871919,38.1452573767919],[-89.0350129997081,38.1455379997945]]},"properties":{"OBJECTID":52046,"ID":"175296","VOLTAGE":138,"STATUS":"IN SERVICE","OWNER":"AMEREN ILLINOIS COMPANY","SUB_1":"UNKNOWN153320","SUB_2":"TAP173563","VOLT_CLASS":"100-161"}},{"type":"Feature","geometry":{"type":"LineString","coordinates":[[-87.5505134711674,41.6869809039589],[-87.5500671782528,41.6871548838907],[-87.5477896588518,41.6880297561478],[-87.5460664637614,41.6887390260615],[-87.5445296538211,41.6893651351283],[-87.5426315801011,41.6896946286032],[-87.5409516900956,41.6844001479545],[-87.5404484691447,41.6813570821313],[-87.5404152162079,41.6770389057386],[-87.5406000787136,41.6757543451309],[-87.5407888938065,41.6748149886236],[-87.5411254593058,41.6741260819701],[-87.5382584492456,41.6740751816015],[-87.537367440858,41.6738248117786]]},"properties":{"OBJECTID":50141,"ID":"140063","VOLTAGE":138,"STATUS":"IN SERVICE","OWNER":"COMMONWEALTH EDISON CO","SUB_1":"UNKNOWN124424","SUB_2":"TAP138176","VOLT_CLASS":"100-161"}},{"type":"Feature","geometry":{"type":"LineString","coordinates":[[-90.2933739722725,38.9155175538061],[-90.2939955372789,38.91388816776],[-90.2940317851989,38.9136780791462],[-90.2933434061967,38.9101381817719],[-90.2927827676279,38.9072164776753],[-90.2904492140143,38.9063739936944],[-90.2881998325429,38.9055783369667],[-90.2857980069677,38.9047608599276],[-90.2839015735714,38.9040806697735],[-90.2822014220647,38.9035189667857],[-90.2797275516038,38.9022396515463],[-90.2771172270512,38.9009041756433],[-90.2745311570112,38.8995873416079],[-90.2719890145887,38.8983203300294],[-90.2696955258368,38.8971221607781],[-90.2672707024921,38.8958924397361],[-90.2647220032663,38.8945932707524],[-90.2628985130711,38.8936657577874],[-90.2604718041625,38.8924307330294],[-90.2586842465787,38.8915199717148],[-90.2562504409794,38.8902850494858],[-90.2539925255128,38.8891394654727],[-90.2517489830907,38.8879938636837],[-90.2492648718355,38.8867225896876],[-90.2467233582337,38.8854232529738],[-90.2440813231515,38.8846464505594],[-90.2416475175523,38.883933831588],[-90.2393429795224,38.8832464506139],[-90.2364604645404,38.8823969691409],[-90.2335599850494,38.8815279666366],[-90.2305518855906,38.8806337801669],[-90.2279169480976,38.8798485337149],[-90.2252354769745,38.8790632785854],[-90.2232431035058,38.8784736846729],[-90.2206191245609,38.8776855471084],[-90.218167352656,38.8769589415671],[-90.215715580751,38.8762296717978],[-90.2132351525885,38.8754918624881],[-90.2107438548111,38.8747903427961],[-90.2086223036046,38.8736892677167],[-90.2063680712306,38.8725602718094],[-90.2033024795937,38.8710175675293],[-90.2017839683357,38.8703719549432],[-90.1988188990774,38.8691058910082],[-90.1975481422765,38.8685915417221],[-90.1955092360761,38.8675686365293],[-90.1928277649531,38.8662466381383],[-90.1903580267424,38.8650168715454],[-90.18794578071,38.8638429715406],[-90.1856052202372,38.8626773766063],[-90.18340829948,38.8615900336607],[-90.1812078770899,38.8605055427218],[-90.1787776647518,38.8593063866422],[-90.1763079265412,38.8580820269173],[-90.1738059388118,38.8568436547658],[-90.1712500521654,38.8555773506141],[-90.1695700229211,38.8544983637215],[-90.1671972129296,38.8529776537544],[-90.1648783018552,38.8514959488275],[-90.1626168829589,38.8500310726834],[-90.1604235554629,38.8486025455824],[-90.1585066404781,38.8473528857255],[-90.1560369031658,38.8457648567521],[-90.153983983247,38.8444390946543],[-90.1517513095416,38.8429959728241],[-90.1497450130843,38.8416992644825],[-90.1472821020698,38.8401185275045],[-90.1448844985765,38.8385648335778],[-90.1425368405147,38.8370558875722],[-90.140135375164,38.8355049257484],[-90.137722409581,38.8339451838556],[-90.1353401681774,38.8323971625665],[-90.1329387019283,38.8308462398784],[-90.1306600344803,38.8293669425215],[-90.1283199240635,38.8278607407401],[-90.1261678301373,38.8264770490064],[-90.1236632372937,38.8248392856311],[-90.1176520707385,38.8248549615049],[-90.112216144867,38.8248500219848],[-90.1078720215104,38.8248460741478],[-90.1029961467096,38.8248526527097],[-90.101721538831,38.8251044075192],[-90.0979590162304,38.8249482559422],[-90.0971878206438,38.8250350235014]]},"properties":{"OBJECTID":50160,"ID":"140083","VOLTAGE":345,"STATUS":"IN SERVICE","OWNER":"NOT AVAILABLE","SUB_1":"ROXFORD","SUB_2":"SIOUX","VOLT_CLASS":"345"}},{"type":"Feature","geometry":{"type":"LineString","coordinates":[[-88.659545104534,41.2624453880433],[-88.6591045096333,41.2626110819087],[-88.6590517893059,41.2645843446969],[-88.6585760038022,41.2829411129879],[-88.6657308335119,41.2879314568372],[-88.6651106950302,41.2885927520207],[-88.6650857110856,41.2889859575326]]},"properties":{"OBJECTID":50162,"ID":"140085","VOLTAGE":138,"STATUS":"IN SERVICE","OWNER":"NOT AVAILABLE","SUB_1":"UNKNOWN123336","SUB_2":"TAP138201","VOLT_CLASS":"100-161"}},{"type":"Feature","geometry":{"type":"LineString","coordinates":[[-89.6669400000807,38.2791699998265],[-89.6672092664939,38.2760477217681]]},"properties":{"OBJECTID":50166,"ID":"140088","VOLTAGE":345,"STATUS":"NOT AVAILABLE","OWNER":"AMEREN ILLINOIS COMPANY","SUB_1":"UNKNOWN139506","SUB_2":"NOT AVAILABLE","VOLT_CLASS":"345"}},{"type":"Feature","geometry":{"type":"LineString","coordinates":[[-87.8079231322772,41.638428699895],[-87.8074485460243,41.6378595507119],[-87.7997337038716,41.6355389257785],[-87.7990897007461,41.6172628985971],[-87.7991195059489,41.6166694069706],[-87.7990058106749,41.6165871787337]]},"properties":{"OBJECTID":50169,"ID":"140094","VOLTAGE":345,"STATUS":"IN SERVICE","OWNER":"COMMONWEALTH EDISON CO","SUB_1":"UNKNOWN124429","SUB_2":"TAP138173","VOLT_CLASS":"345"}},{"type":"Feature","geometry":{"type":"LineString","coordinates":[[-87.333481968168,41.6202721068528],[-87.3314527107721,41.6206025738059]]},"properties":{"OBJECTID":50178,"ID":"140095","VOLTAGE":138,"STATUS":"NOT AVAILABLE","OWNER":"NORTHERN INDIANA PUB SERV CO","SUB_1":"GARY WORKS","SUB_2":"NOT AVAILABLE","VOLT_CLASS":"100-161"}},{"type":"Feature","geometry":{"type":"LineString","coordinates":[[-87.4293759677177,41.6318705707684],[-87.4289762192129,41.6312816551104],[-87.4273277891069,41.6309984696772],[-87.4244296641002,41.6306737021349],[-87.4110440054938,41.635728866644],[-87.4099791964549,41.6366925486897],[-87.4095639017058,41.6367158676009]]},"properties":{"OBJECTID":50185,"ID":"140116","VOLTAGE":138,"STATUS":"IN SERVICE","OWNER":"NORTHERN INDIANA PUB SERV CO","SUB_1":"UNKNOWN122542","SUB_2":"UNKNOWN122544","VOLT_CLASS":"100-161"}},{"type":"Feature","geometry":{"type":"LineString","coordinates":[[-90.4402044929974,38.546158282584],[-90.4404334259526,38.5462950680926],[-90.4419455034765,38.5490570720574],[-90.4435602458609,38.5517629971064],[-90.4451643629722,38.5545277288774],[-90.4467631863115,38.5572716729243],[-90.4480353022635,38.5596458817062],[-90.4510821748065,38.561384706168],[-90.4540231575371,38.5629301556258],[-90.4546689420218,38.5633600550334]]},"properties":{"OBJECTID":50200,"ID":"140133","VOLTAGE":138,"STATUS":"IN SERVICE","OWNER":"UNION ELECTRIC CO - (MO)","SUB_1":"UNKNOWN117841","SUB_2":"UNKNOWN117890","VOLT_CLASS":"100-161"}},{"type":"Feature","geometry":{"type":"LineString","coordinates":[[-87.4182590160394,39.4479809585804],[-87.4185695357853,39.4479809585804],[-87.4187015962169,39.4480273588634],[-87.4184267683338,39.4484199696417],[-87.4225523971588,39.4484963509879],[-87.4269710842773,39.4482202918657],[-87.4441531436486,39.448260783935],[-87.4463303499786,39.4488389925513],[-87.4476085439317,39.4489655418119],[-87.4493268899162,39.4490456718463],[-87.449357048157,39.4482595089551],[-87.4608569597257,39.4482393687089],[-87.4608578032437,39.4445773091136],[-87.4659652259956,39.4336824206388],[-87.4709289650143,39.4336032810537],[-87.4718900842149,39.4332255651001],[-87.47251826172,39.4325616944941],[-87.4754542785637,39.4269930429587],[-87.4802798261491,39.4212585416007],[-87.4907533100978,39.4104517868761],[-87.496554545761,39.4103185727321],[-87.4974730183418,39.4084292810707],[-87.4974730183418,39.402980314867],[-87.497616776635,39.4022556900027],[-87.4962033772484,39.4015882508166],[-87.4959285484671,39.4015846815354],[-87.4927519690785,39.4002319580087],[-87.4898492249346,39.3978597149604],[-87.4709711759512,39.3978417898505],[-87.4711258406903,39.3976657095192],[-87.4696981652773,39.3976514329787],[-87.4696930484734,39.4030552675401],[-87.4584619829063,39.4031371017095],[-87.4583596917449,39.4034008688371]]},"properties":{"OBJECTID":50220,"ID":"140161","VOLTAGE":138,"STATUS":"IN SERVICE","OWNER":"DUKE ENERGY INDIANA INC","SUB_1":"UNKNOWN124769","SUB_2":"UNKNOWN124777","VOLT_CLASS":"100-161"}},{"type":"Feature","geometry":{"type":"LineString","coordinates":[[-90.0486729849981,37.9406732508256],[-90.0490652496383,37.9408558221281],[-90.0493599725099,37.9407658485894],[-90.0543037105389,37.9452793940027],[-90.0561481063275,37.9469887709476],[-90.0762367959546,37.9482782745335],[-90.077834004123,37.9483907299422],[-90.0968103539513,37.9441547831337],[-90.109207728303,37.9413881649645],[-90.1210917136731,37.9387938970925],[-90.147882972587,37.9292408041329],[-90.1669163663341,37.9224464045742],[-90.1814243369374,37.9172864415256],[-90.1918988817965,37.9135381167298],[-90.1974059210007,37.9128536846435],[-90.2276221452758,37.9090413747322],[-90.2590909408572,37.9050432071624],[-90.2901319137846,37.9011348437858],[-90.302348652204,37.8972337748464],[-90.3187580598197,37.8920270267493],[-90.3357379003357,37.8866248240939],[-90.3682429789542,37.8808770457685],[-90.3805928180543,37.8787834221571],[-90.3969071542685,37.8759543091738],[-90.4053020022268,37.873485312726],[-90.4075647129004,37.8726447850053],[-90.4128316962096,37.870588451711],[-90.424478002627,37.8687196910405],[-90.4423705332683,37.8657250721127],[-90.4621169638739,37.8674738240253],[-90.4674504979727,37.866708281012],[-90.4714435165971,37.8661829035451],[-90.480579925619,37.8649820267995],[-90.4880335619417,37.863991289479],[-90.4940516131853,37.8631581589245],[-90.4970636490615,37.86330032947]]},"properties":{"OBJECTID":50253,"ID":"140209","VOLTAGE":138,"STATUS":"IN SERVICE","OWNER":"NOT AVAILABLE","SUB_1":"UNKNOWN117893","SUB_2":"TAP139482","VOLT_CLASS":"100-161"}},{"type":"Feature","geometry":{"type":"LineString","coordinates":[[-88.2417442309532,41.9838581139253],[-88.2417395201879,41.9844433546772],[-88.240097691801,41.9850501164997],[-88.2380097151282,41.9849216260941],[-88.2379908684736,41.9862594668923]]},"properties":{"OBJECTID":50261,"ID":"140215","VOLTAGE":138,"STATUS":"IN SERVICE","OWNER":"NOT AVAILABLE","SUB_1":"TAP137946","SUB_2":"TAP137948","VOLT_CLASS":"100-161"}},{"type":"Feature","geometry":{"type":"LineString","coordinates":[[-87.8253137966272,42.1873551896122],[-87.8256668614833,42.1880649786802],[-87.8260214004748,42.1880435636052],[-87.8261760661122,42.1877009220835]]},"properties":{"OBJECTID":50329,"ID":"140296","VOLTAGE":138,"STATUS":"IN SERVICE","OWNER":"COMMONWEALTH EDISON CO","SUB_1":"UNKNOWN122288","SUB_2":"TAP137897","VOLT_CLASS":"100-161"}},{"type":"Feature","geometry":{"type":"LineString","coordinates":[[-90.5295379999074,41.6445189999504],[-90.5295260002118,41.6459229998147],[-90.5295379999074,41.6473089999741],[-90.5295320000596,41.648677999739],[-90.5295320000596,41.6503129999763],[-90.5295320000596,41.6535080001592],[-90.5296209997481,41.6551379996419],[-90.5296090000525,41.6568209995261],[-90.5295969994586,41.6586179996731],[-90.529584999763,41.6604860000746],[-90.5295680000446,41.6622459996623],[-90.529549999603,41.6638699998898],[-90.5295379999074,41.6655179997898],[-90.529556000349,41.6673210000976],[-90.5295680000446,41.6691589995832],[-90.5294960000746,41.6708179996958],[-90.5294779996329,41.6725019995704],[-90.5294190000817,41.6757860001132],[-90.5294069994878,41.6774509995054],[-90.529350234945,41.6790031837521],[-90.52929175462,41.6812233379175],[-90.5280628593113,41.6817325576619],[-90.5276519348661,41.6811538098972]]},"properties":{"OBJECTID":50383,"ID":"140357","VOLTAGE":161,"STATUS":"IN SERVICE","OWNER":"MIDAMERICAN ENERGY CO","SUB_1":"TAP137690","SUB_2":"SUB 91","VOLT_CLASS":"100-161"}},{"type":"Feature","geometry":{"type":"LineString","coordinates":[[-86.5755740807103,40.3000106898372],[-86.5756233362356,40.2996460376467],[-86.5958781459184,40.2899206915627],[-86.6672140812825,40.2546767336359],[-86.7044743442467,40.2360770678051],[-86.7399140185741,40.2174155715201],[-86.8637946606946,40.1525910864855],[-86.8865180847956,40.1414322907674],[-86.9261191741339,40.1233341510371],[-86.9556299199753,40.109657062709],[-87.0093938417949,40.0844050325565],[-87.0696179997768,40.0566783629452],[-87.1128670360928,40.0351432789471],[-87.1679224442368,40.007145166787],[-87.191299557997,39.9943121240967],[-87.2628959985053,39.9539062786953],[-87.2663180362571,39.9540163906982],[-87.3204129998352,39.9545765554992],[-87.3415378548201,39.949999662758],[-87.3601636811262,39.9457499449278],[-87.4229457595403,39.9305880199463],[-87.4244847856244,39.9280699225313],[-87.4258009073472,39.9252513476929],[-87.4266470107503,39.9252794418062]]},"properties":{"OBJECTID":50408,"ID":"140382","VOLTAGE":230,"STATUS":"IN SERVICE","OWNER":"DUKE ENERGY INDIANA, LLC","SUB_1":"CAYUGA","SUB_2":"FRANKFORT","VOLT_CLASS":"220-287"}},{"type":"Feature","geometry":{"type":"LineString","coordinates":[[-88.3507769997299,37.055895000137],[-88.3516328354809,37.0550920958242],[-88.3525129535923,37.0528097357246],[-88.3534610759673,37.0503572291734],[-88.3538114889967,37.0495795706024],[-88.3547441675354,37.0470938709611],[-88.3590785396796,37.0436599519518],[-88.3618895478667,37.0414590445951],[-88.3646090177263,37.039320528975],[-88.3673483394554,37.0371578586622],[-88.3692387550376,37.0356611641697],[-88.3719317245963,37.0335885310569],[-88.3737663539011,37.0316272831408],[-88.3752254865187,37.0301026538082],[-88.3776176498147,37.0276837665771],[-88.3805414118413,37.0258010189589],[-88.383551072572,37.025443164615],[-88.386147474136,37.0252033378405],[-88.3896772234835,37.0248521297676],[-88.3918260062196,37.0239991714938],[-88.3938427725415,37.0245500615557]]},"properties":{"OBJECTID":50414,"ID":"140396","VOLTAGE":161,"STATUS":"IN SERVICE","OWNER":"NOT AVAILABLE","SUB_1":"MARSHALL","SUB_2":"CALVERT","VOLT_CLASS":"100-161"}},{"type":"Feature","geometry":{"type":"LineString","coordinates":[[-89.1381747355206,40.0474451829443],[-89.1383555035053,40.0481659085881],[-89.140460153808,40.0483934465236],[-89.1393160289194,40.0499675728035],[-89.1370280198908,40.0531278499391],[-89.1347187207899,40.0562945806384],[-89.132409421689,40.0594578646363],[-89.1301172795117,40.062614471055],[-89.1278729295042,40.0657607557476],[-89.1257466172267,40.0690438359327],[-89.1236674665016,40.0723041417644],[-89.1215900225755,40.0755514367022],[-89.1195108718505,40.0788090947025],[-89.1174732232915,40.0819979327016],[-89.1153858080658,40.08530304752],[-89.1126587025262,40.0882643745801],[-89.1099377055306,40.0912197306788],[-89.1072331477047,40.0941857467997],[-89.104527422069,40.0971548647296],[-89.1018133421011,40.1001304489643],[-89.0991035740465,40.1030994435609],[-89.0963895839102,40.1060617827162],[-89.0938884046646,40.1087991885524],[-89.0912979328797,40.1116439360811],[-89.0885114486999,40.1146873797854],[-89.0856269583226,40.1178153895921],[-89.0831600048894,40.1205065726353],[-89.0811404115693,40.1227057544988],[-89.0784177985045,40.1256639427185],[-89.0760361850233,40.1282474597145],[-89.073513805537,40.1309838365679],[-89.0710127161229,40.1336778636747],[-89.068831247287,40.1360720769087],[-89.0664921241187,40.1386225776595],[-89.0639911245361,40.1417005925168],[-89.0615156371077,40.1447882868857],[-89.0589805015444,40.1478106771526],[-89.0564837240437,40.1508817521019],[-89.0539528994954,40.1539527568519],[-89.0514348328208,40.1570365301432],[-89.0489125431661,40.1600909857331],[-89.0463944755932,40.1631875917706],[-89.0438976082609,40.1662514505748],[-89.0413710066928,40.1693152390543],[-89.0388956090959,40.1723495795685],[-89.0363903865333,40.1754000515958],[-89.0338509399549,40.1782029577134],[-89.0312348661845,40.1811522776035],[-89.0285548314675,40.184410573831],[-89.0261901072119,40.1875549318032],[-89.0238340058847,40.1906893317072],[-89.0213074043166,40.1937584677832],[-89.0187680466715,40.1968698690616],[-89.0162201550311,40.1999517605287],[-89.0137361336075,40.2030009915022],[-89.0112095320393,40.2060727948792],[-89.0087170655537,40.2091184575626],[-89.0061989090476,40.212160759163],[-89.0036595505041,40.2151996315145],[-89.0011841538055,40.2182579856193],[-88.9986362621652,40.2213584539663],[-88.9961394846645,40.2244001368022],[-88.9936171051782,40.2274483365181],[-88.9911033495187,40.2305125851224],[-88.9885596799602,40.2335994626239],[-88.9860415225557,40.236660140604],[-88.9836342172573,40.2398378709752],[-88.9811204615978,40.2431519737727],[-88.9786109280201,40.2464918315631],[-88.9761141505194,40.2497894285458],[-88.9737878732596,40.2529957489289],[-88.9718832651942,40.255610069699],[-88.9696354467914,40.258147735851],[-88.9695100060451,40.2582893485611],[-88.9675927317342,40.2605328755126],[-88.9649766579638,40.2635598437993],[-88.9632212600671,40.2655853567665],[-88.9614530162619,40.2676530317942],[-88.9592034551274,40.2708292386225],[-88.9570048275712,40.2740931619688],[-88.9546615730509,40.2771389866621],[-88.9522925359836,40.2802172281036],[-88.9498852306852,40.2833473418982],[-88.9475035264741,40.2864415405118],[-88.9450877779103,40.2895909627778],[-88.9433110001099,40.2929480575389],[-88.9415641362084,40.2963115616446],[-88.9397788235144,40.2996716796358],[-88.9380277375311,40.303031560644],[-88.9362638065375,40.3063620927089],[-88.9344998746456,40.3097216416495],[-88.9321820415495,40.3128829936484],[-88.9297065541211,40.3159725528137],[-88.9272183106156,40.3190717636523],[-88.9247385112738,40.3221286435724],[-88.9223099159031,40.3251138855357],[-88.919617215839,40.327878069134],[-88.9167071225778,40.3307169880777],[-88.9138823710652,40.3334614938534],[-88.9110106367649,40.3362578597815],[-88.9080792543298,40.3391190911294],[-88.9051606279717,40.3419639725988],[-88.9022080452958,40.3448151706091],[-88.8999498603346,40.3477441599836],[-88.8977555455901,40.350575670939],[-88.8954973606289,40.3534752466256],[-88.8933670059326,40.3562805726892],[-88.8912196730774,40.3590077470477],[-88.888897528068,40.3619978601594],[-88.8865840068852,40.3649716867746],[-88.8844749422612,40.3677050807742],[-88.8819672053141,40.3710370745939],[-88.8798283166226,40.37384803452],[-88.8774764364789,40.3769900285236],[-88.8751927402619,40.380050784649],[-88.8729984255174,40.3829588777646],[-88.8706380122768,40.3861101631425],[-88.8683202690123,40.389186652988],[-88.8661387103448,40.3920780681656],[-88.8639700865191,40.3949693585161],[-88.8615883841046,40.3980974375517],[-88.8595048316346,40.4008684796889],[-88.8571443285626,40.4040059299077],[-88.8548095173076,40.4071172401091],[-88.8525641782549,40.4100922908404],[-88.8524880855605,40.4101936799265],[-88.8503485725399,40.4130444338982],[-88.8483929410647,40.4156299919739],[-88.8459941697615,40.4188218766094],[-88.8437316728869,40.4220915718369],[-88.8414010837138,40.4249588700645],[-88.8390193795027,40.4280465765431],[-88.8388663658671,40.4282480928377],[-88.8367143024836,40.4310822426516],[-88.8343411340643,40.4342053606516],[-88.8322278464601,40.4370105395281],[-88.8300804246718,40.4398545707062],[-88.8279841161248,40.4426432425905],[-88.8255981008986,40.4457949458125],[-88.8230928792343,40.4491379797955],[-88.8206173019743,40.4524320400413],[-88.8196672437298,40.4537191870523],[-88.8186958055815,40.4550159466691],[-88.8174005247734,40.4565202700464],[-88.8160797318111,40.4580245590595],[-88.8134594359589,40.4610394607628],[-88.8109029195935,40.4639990727115],[-88.8084701030394,40.4668256288175],[-88.8061054677169,40.4695419705521],[-88.8043415358251,40.4716293668073],[-88.8030164309495,40.4731624285168],[-88.8009840815524,40.476296574531],[-88.7995141691513,40.4785036799427],[-88.7978948660201,40.4786502476224],[-88.7973995852781,40.4788406227073]]},"properties":{"OBJECTID":51647,"ID":"167414","VOLTAGE":345,"STATUS":"IN SERVICE","OWNER":"NOT AVAILABLE","SUB_1":"BLUE MOUND","SUB_2":"UNKNOWN173504","VOLT_CLASS":"345"}},{"type":"Feature","geometry":{"type":"LineString","coordinates":[[-89.194897214711,39.9708069648168],[-89.1943491588443,39.9717555398171],[-89.1937488147399,39.972631291092],[-89.1920491267639,39.9753111318116],[-89.1917177238826,39.9758336316064],[-89.1898189548665,39.9788362667129],[-89.1879162332632,39.9818415927381],[-89.1860213270029,39.9848348775762],[-89.1834688539546,39.9878727696335],[-89.180928059005,39.9909284896874],[-89.1783600451023,39.9939809767871],[-89.1756985165785,39.9972241586371],[-89.1729415869715,40.0004335354963],[-89.1704405864907,40.0034362599519],[-89.1680800843169,40.0062396509001],[-89.1655364147584,40.0093008786091],[-89.1636745665006,40.0125479425853],[-89.1621151809989,40.0152466599659],[-89.1602191069287,40.0185749646486],[-89.1584381070464,40.0216812496524],[-89.1567381352027,40.0246569666746],[-89.154927311253,40.0278216507249],[-89.1531122652214,40.0309960921288],[-89.1507944321253,40.0341670836464],[-89.1485149570919,40.0373183275761],[-89.1461971239958,40.0404889570553],[-89.1439048030538,40.0436562756422],[-89.1416083498614,40.0468136820722],[-89.1410249991873,40.0476163000413],[-89.139455175262,40.047404822831],[-89.1381747355206,40.0474451829443]]},"properties":{"OBJECTID":51648,"ID":"175199","VOLTAGE":345,"STATUS":"IN SERVICE","OWNER":"NOT AVAILABLE","SUB_1":"TAP138261","SUB_2":"UNKNOWN173504","VOLT_CLASS":"345"}},{"type":"Feature","geometry":{"type":"LineString","coordinates":[[-87.8586262702432,41.1658374531102],[-87.8568601051395,41.1656214828399],[-87.8583918818193,41.1575429220375],[-87.8596291476297,41.1510145629956],[-87.8606135475692,41.1461341985438],[-87.8609678269476,41.1444550967074],[-87.8611403645676,41.1431789077753],[-87.8617297618019,41.1402676411261],[-87.8617921704597,41.1386153024955],[-87.8622165040572,41.1369862221604],[-87.8625415315949,41.1353402066589],[-87.8626545010301,41.1340024137369],[-87.863230366043,41.1314407067811],[-87.863632146537,41.1301163168087],[-87.863876598787,41.1288254885364],[-87.8641669136256,41.1271813604934],[-87.8649191305052,41.1256412481054],[-87.8658989643081,41.1208195188627],[-87.8675586125753,41.1125807587509],[-87.8681489988547,41.109748807824],[-87.8716035601114,41.1010172699706],[-87.8721390602253,41.0996755469574],[-87.873215753077,41.0968469969939],[-87.8738047110352,41.0953775745053],[-87.874369811536,41.0938726219803],[-87.8749572908672,41.0924169488175],[-87.8759443866508,41.0926508248161],[-87.8755129482778,41.0922989015523]]},"properties":{"OBJECTID":51654,"ID":"162898","VOLTAGE":138,"STATUS":"IN SERVICE","OWNER":"COMMONWEALTH EDISON CO","SUB_1":"UNKNOWN125313","SUB_2":"TAP155877","VOLT_CLASS":"100-161"}},{"type":"Feature","geometry":{"type":"LineString","coordinates":[[-88.1157352032435,41.4386362577931],[-88.1171069998527,41.4391209995616],[-88.1172149998077,41.4424129997185],[-88.1155873746838,41.4413524619157]]},"properties":{"OBJECTID":51763,"ID":"119543","VOLTAGE":345,"STATUS":"NOT AVAILABLE","OWNER":"NOT AVAILABLE","SUB_1":"ELWOOD","SUB_2":"NOT AVAILABLE","VOLT_CLASS":"345"}},{"type":"Feature","geometry":{"type":"LineString","coordinates":[[-90.3199724769809,38.5883377580064],[-90.3200807832615,38.5885787767305],[-90.3194495029753,38.5889208187094],[-90.3195620843383,38.5907082679834],[-90.3204308854738,38.5929068761091],[-90.3209484013157,38.5947607546524],[-90.3195857028438,38.5965937460338],[-90.3176255779955,38.5997522787817]]},"properties":{"OBJECTID":50523,"ID":"140540","VOLTAGE":138,"STATUS":"IN SERVICE","OWNER":"UNION ELECTRIC CO - (MO)","SUB_1":"UNKNOWN117952","SUB_2":"TAP139449","VOLT_CLASS":"100-161"}},{"type":"Feature","geometry":{"type":"LineString","coordinates":[[-87.8255166919139,41.4946433111552],[-87.8246027387573,41.4935594957492],[-87.8246812604963,41.4930455316243],[-87.8254950371256,41.492924179968],[-87.828735863125,41.492913471884],[-87.8319873961442,41.4928706415493],[-87.8473434599191,41.4926030826942],[-87.850454605124,41.4925554935774],[-87.8658508981522,41.4922917486415],[-87.8664698212133,41.4921918200594]]},"properties":{"OBJECTID":50525,"ID":"140542","VOLTAGE":138,"STATUS":"IN SERVICE","OWNER":"NOT AVAILABLE","SUB_1":"UNKNOWN124694","SUB_2":"EAST FRANKFORT","VOLT_CLASS":"100-161"}},{"type":"Feature","geometry":{"type":"LineString","coordinates":[[-88.9734579687682,42.2147466549463],[-88.9746066535051,42.2144141247575],[-88.9747779748062,42.2152064857259],[-88.9759360577177,42.2163160027132]]},"properties":{"OBJECTID":50533,"ID":"140555","VOLTAGE":345,"STATUS":"IN SERVICE","OWNER":"COMMONWEALTH EDISON CO","SUB_1":"CHERRY VALLEY","SUB_2":"TAP137908","VOLT_CLASS":"345"}},{"type":"Feature","geometry":{"type":"LineString","coordinates":[[-88.849268149883,37.8785702727344],[-88.8501820257845,37.8789843696548],[-88.8501674730769,37.8806373555146],[-88.8500940807182,37.882560936919],[-88.8500019135701,37.8848710817132],[-88.8499252872763,37.8869116741486],[-88.8499060633292,37.8879500277024],[-88.8491065079291,37.8881441016315],[-88.848471363989,37.8882982684678],[-88.8469177277051,37.8886917396503],[-88.8400090543495,37.8886857851354],[-88.8366026427921,37.8900329295744],[-88.835152672092,37.8927363597098],[-88.8268782001785,37.8928422717206],[-88.8171308505251,37.8976191426844],[-88.81735548594,37.9006145185122],[-88.8171984415637,37.9140346789662],[-88.8172906105085,37.9283158537001],[-88.8155601830817,37.9295167817247],[-88.8161360822306,37.9296232274878]]},"properties":{"OBJECTID":50613,"ID":"140649","VOLTAGE":138,"STATUS":"IN SERVICE","OWNER":"AMEREN ILLINOIS COMPANY","SUB_1":"UNKNOWN122350","SUB_2":"WEST FRANKFORT EAST","VOLT_CLASS":"100-161"}},{"type":"Feature","geometry":{"type":"LineString","coordinates":[[-90.2933739722725,38.9155175538061],[-90.2933922790397,38.9159129165499],[-90.2941081644559,38.9161794784932],[-90.2975137028509,38.9144979977295],[-90.3015590052214,38.9125081920586],[-90.3062123825978,38.9129008748996],[-90.3103665032886,38.9132816037626],[-90.3147869232572,38.9136622725684],[-90.319193086064,38.9140750800367],[-90.3275117398182,38.9147382148017],[-90.3401025331286,38.9158188069268],[-90.3576430113152,38.905501309696],[-90.3819725863132,38.8951785905014],[-90.394265502767,38.8853235375837],[-90.397528246761,38.8826636939911],[-90.4323393950369,38.8692808136799],[-90.4371852140049,38.863777366025],[-90.4372695181994,38.8636403219692],[-90.4398944529518,38.8642923418848],[-90.440631260131,38.8644848096977],[-90.44552746201,38.8659653151543],[-90.45339466113,38.8683488639461],[-90.4606676606221,38.8705250777698],[-90.508327199506,38.8989614765084],[-90.5116720486186,38.9008269601374],[-90.5228547390094,38.9071005227777],[-90.5371600586678,38.918312542567],[-90.5539114638953,38.9318374000156],[-90.5751077026059,38.9489314481106],[-90.5960184055153,38.9779323176741],[-90.597388975924,38.9883543570066],[-90.5986834033327,38.9987288068197],[-90.5995495265903,39.0053341911664],[-90.6001396325954,39.0096362568442],[-90.6011729368189,39.0178603034948],[-90.6061802234677,39.022330559004],[-90.6061884017301,39.0226661749524]]},"properties":{"OBJECTID":50618,"ID":"140654","VOLTAGE":138,"STATUS":"IN SERVICE","OWNER":"UNION ELECTRIC CO - (MO)","SUB_1":"UNKNOWN122778","SUB_2":"SIOUX","VOLT_CLASS":"100-161"}},{"type":"Feature","geometry":{"type":"LineString","coordinates":[[-88.1056941062889,42.3629518236765],[-88.1064140377171,42.3629325209487],[-88.1066347717487,42.3629844181319],[-88.1069755907709,42.3632656459963],[-88.1065529990067,42.3634674235518]]},"properties":{"OBJECTID":50640,"ID":"140679","VOLTAGE":138,"STATUS":"IN SERVICE","OWNER":"COMMONWEALTH EDISON CO","SUB_1":"UNKNOWN121934","SUB_2":"TAP136946","VOLT_CLASS":"100-161"}},{"type":"Feature","geometry":{"type":"LineString","coordinates":[[-89.6620016151125,37.0503083338124],[-89.6614485924607,37.0504915734945],[-89.6598407653073,37.050475234924]]},"properties":{"OBJECTID":50668,"ID":"140703","VOLTAGE":161,"STATUS":"IN SERVICE","OWNER":"UNION ELECTRIC CO - (MO)","SUB_1":"UNKNOWN121697","SUB_2":"TAP153752","VOLT_CLASS":"100-161"}},{"type":"Feature","geometry":{"type":"LineString","coordinates":[[-87.5837910757774,37.9888138511402],[-87.5833603937858,37.9886716781011],[-87.5833603937858,37.9882969124956],[-87.5827893230816,37.9882998867828],[-87.5828571378007,37.9856598745098],[-87.582785754075,37.9854338258717],[-87.5837434866269,37.985436800983],[-87.5837315902376,37.9848835754836],[-87.5728595148142,37.9848146106925],[-87.5668881562025,37.9847491158882],[-87.5612386639571,37.9846871505546],[-87.5600902172737,37.9846735875327],[-87.5602008618689,37.9781241216619],[-87.5606484420693,37.9780334715128]]},"properties":{"OBJECTID":50671,"ID":"140725","VOLTAGE":138,"STATUS":"IN SERVICE","OWNER":"SOUTHERN INDIANA GAS & ELEC CO","SUB_1":"HEIDELBACH","SUB_2":"PIGEON CREEK TRANS","VOLT_CLASS":"100-161"}},{"type":"Feature","geometry":{"type":"LineString","coordinates":[[-91.145240999549,37.3595027680862],[-91.1450417828634,37.3596295351367],[-91.143023900834,37.3596409515865],[-91.1428931582309,37.3537218388359],[-91.1491679030669,37.340051306546],[-91.1510336886406,37.3360356471284],[-91.1557040962781,37.3256884279528],[-91.1717831286851,37.3261325836852],[-91.175976537195,37.3262880441074],[-91.1914047788062,37.326670293694],[-91.2019102230161,37.3269348941347],[-91.2175638097113,37.3275812721399],[-91.2268998702034,37.3278534297493],[-91.2446402837278,37.3282616639577],[-91.2634264898549,37.3287001349756],[-91.2828781984871,37.3291386041488],[-91.3048065309167,37.3296451075577],[-91.3239872852013,37.3299739560772],[-91.341542308909,37.3301327086158],[-91.3618859332272,37.3303419645338],[-91.3643643168242,37.3273299040129],[-91.3705309601955,37.3207259755912],[-91.3743349804707,37.3161970256634],[-91.3849877870147,37.3042873699419],[-91.4016158607402,37.299829270023],[-91.4094307698258,37.2970272247785],[-91.4113519338419,37.296800994724],[-91.4130846034636,37.2965798928061],[-91.416673733248,37.2961546936092],[-91.4190889437209,37.2958696301464],[-91.4228461464984,37.2954262746345],[-91.4242843501666,37.2952564784882],[-91.4275779333243,37.2948677896549],[-91.4277701377608,37.2911845677793],[-91.4283095212917,37.2806956775029],[-91.4284954725555,37.276252540046],[-91.4287597569121,37.2706561438914],[-91.4291111778513,37.2649614586981],[-91.4292156519188,37.2623527464729],[-91.4292864391632,37.2612806817507],[-91.4295019449999,37.2576161689351],[-91.430001947287,37.250049494849],[-91.4674419316985,37.2300359469065],[-91.4775739399566,37.2246569306323],[-91.5135379025248,37.205274927678],[-91.5169570791424,37.2034562065871],[-91.522447479751,37.2014911399755],[-91.5241819495965,37.2001759947298],[-91.5253979100634,37.1991549940299],[-91.5274489435201,37.198040956898],[-91.5306529646439,37.196301927028],[-91.5439699497419,37.1890679536605],[-91.5564149401935,37.1823079434602],[-91.5622449165559,37.1791409650291],[-91.5641689282314,37.1780959880887],[-91.5746349301121,37.1726239378927],[-91.5759989320395,37.1719119338263],[-91.594115885195,37.1620510578416],[-91.5950144699737,37.1615868696614],[-91.6198486331585,37.1483581617011],[-91.627163916351,37.1442789625898],[-91.6416533708796,37.1366948158507],[-91.6469583825697,37.1327497879019],[-91.6541499363066,37.1297679886215],[-91.6624728265157,37.1252791430326],[-91.671788985731,37.1204319586932],[-91.6753309530648,37.1178979738956],[-91.6759329141367,37.1174379565914],[-91.6784009455482,37.1161859675932],[-91.6819109328579,37.1144719877314],[-91.6951949497849,37.1080619335204],[-91.6963549443112,37.1074159485693],[-91.6967779609785,37.1071499437245],[-91.7078939837988,37.1010489295506],[-91.7139389270087,37.097562927618],[-91.715025978334,37.0969269544996],[-91.7158839592619,37.0962679765631],[-91.7204799199185,37.0937219334789],[-91.7251759528978,37.0908129360358],[-91.7305559631343,37.0876469260298],[-91.7415578999135,37.0814469476306],[-91.7421079374637,37.0811019480405],[-91.7462829475782,37.0785999724918],[-91.7513249226717,37.0756099795525],[-91.7524189808562,37.074910966692],[-91.7539009315804,37.0740329807817],[-91.7575899531262,37.071843991498],[-91.7630059858056,37.0686459377064],[-91.7631009377312,37.0685949747553],[-91.7669289286514,37.0663299925227],[-91.7679429469441,37.0661139486524],[-91.7695469787154,37.065597992686],[-91.7708059675861,37.0647019785701],[-91.776273922889,37.0608109317051],[-91.7763689646461,37.0607589606128],[-91.7769999413017,37.0604209637718],[-91.7841709227202,37.0561319649108],[-91.7873549105149,37.0543719635862],[-91.7882699344633,37.05384796997],[-91.7897819796479,37.0529599900398],[-91.7950035764757,37.0500116931075],[-91.7991986298008,37.0475150371402],[-91.8085037918404,37.0419471144826],[-91.8119119766721,37.0400149938606],[-91.8205879056862,37.0348479799122],[-91.8280269434872,37.0303279796003],[-91.8330442229952,37.0275558908962],[-91.8391763602799,37.023988494537],[-91.8491232571989,37.0181626528968],[-91.8576084226741,37.0130955151023],[-91.8635741838833,37.0098785608452],[-91.8837769613482,36.9989361025236],[-91.8860586866614,36.9977686880253],[-91.8952093555402,36.9928046004728],[-91.9005809180198,36.9899380021732],[-91.9085194209154,36.9856948568172],[-91.9196903676305,36.9796382357343],[-91.9278308989386,36.9752805875122],[-91.9330242006315,36.9725462500617],[-91.9346309156706,36.971146762778],[-91.9353914904756,36.969885872806],[-91.9362846512266,36.9696026629861]]},"properties":{"OBJECTID":50708,"ID":"140770","VOLTAGE":161,"STATUS":"IN SERVICE","OWNER":"UNION ELECTRIC CO - (MO)","SUB_1":"UNKNOWN117914","SUB_2":"UNKNOWN117958","VOLT_CLASS":"100-161"}},{"type":"Feature","geometry":{"type":"LineString","coordinates":[[-88.8602111751459,37.2100568625101],[-88.8609454760254,37.20927167771],[-88.8616776353214,37.2094125197796],[-88.8630002249142,37.2097404786908],[-88.8643812786623,37.2097999920492],[-88.8645876019201,37.2098088828476],[-88.8649194755187,37.209823184532],[-88.8651146147512,37.2101502444981],[-88.8669182270259,37.2131730959092],[-88.8669498477238,37.2144440828045],[-88.8670289893004,37.2167713798693],[-88.8689813877389,37.2187801289015],[-88.8732270979612,37.22317757166],[-88.875378130977,37.2253381224835],[-88.8822880862285,37.2257711849978],[-88.8969200539854,37.226871608695],[-88.9129478159459,37.2277659117867],[-88.9259721398057,37.2324597971202],[-88.9281993185165,37.23255972216],[-88.9378808378293,37.2329865565297],[-88.9486122065365,37.2338669570092],[-88.9546560376321,37.2339573771497],[-88.9725686195689,37.2333672697725],[-88.9798021821217,37.2328342705513],[-89.0068717957044,37.2317490796635],[-89.0143747297733,37.231442140688],[-89.0374948247509,37.2333391001682],[-89.0557218215287,37.2347821119083],[-89.06119002297,37.2352498067132],[-89.0678858189595,37.2356741105064],[-89.0691997847255,37.2357730936643],[-89.0699807800336,37.2358320980064],[-89.0723147828048,37.235910125047],[-89.0724587827448,37.2359151321233],[-89.0725287615054,37.2359170631482],[-89.0725978419508,37.2359200669645],[-89.0762397917757,37.23604408085],[-89.1127148705877,37.2371200627267],[-89.1367283922177,37.2375769187991],[-89.1642254430772,37.2381479896448],[-89.19427803563,37.2388189979384],[-89.2219035779145,37.2398469245739],[-89.250685537634,37.2408462985157],[-89.2638058860078,37.2413031548889],[-89.2819373792945,37.2412460478149],[-89.3221407521999,37.2374198747024],[-89.3952806250288,37.2398469245739],[-89.4379538780786,37.2382193739114],[-89.4431648981423,37.238847551685],[-89.4467911957217,37.2413317091249],[-89.4522734746618,37.2413174320082],[-89.4581007596716,37.2412943579108],[-89.4730433504807,37.2413324886307],[-89.4844329633056,37.2411659788386],[-89.4996634803329,37.2409843318932],[-89.5056339945282,37.2409351355317],[-89.5128142986628,37.2408499886773],[-89.5186398301612,37.2408102529213],[-89.5238592755239,37.2398679480445],[-89.5268754319724,37.2398849780741],[-89.5297275892877,37.2399133604945],[-89.5388259690304,37.240038244591],[-89.5452368319881,37.2401217310584],[-89.5473973413318,37.2418133235136],[-89.5529020026956,37.246110254141],[-89.5550625120393,37.247835767942],[-89.5566882408197,37.2499869299074],[-89.5599468301055,37.2543218611244],[-89.5613443868037,37.2561096166579],[-89.566278617962,37.2560528625759],[-89.5664283563401,37.2565749940847],[-89.565808005856,37.2566513880461]]},"properties":{"OBJECTID":50716,"ID":"140775","VOLTAGE":161,"STATUS":"IN SERVICE","OWNER":"NOT AVAILABLE","SUB_1":"UNKNOWN117104","SUB_2":"JOPPA STATION","VOLT_CLASS":"100-161"}},{"type":"Feature","geometry":{"type":"LineString","coordinates":[[-89.2927680001625,39.8882279996496],[-89.2932700003028,39.8885420000231],[-89.2935266301149,39.8885298488565],[-89.2936424346331,39.8884282536051]]},"properties":{"OBJECTID":51040,"ID":"170362","VOLTAGE":138,"STATUS":"IN SERVICE","OWNER":"NOT AVAILABLE","SUB_1":"UNKNOWN158415","SUB_2":"TAP168861","VOLT_CLASS":"100-161"}},{"type":"Feature","geometry":{"type":"LineString","coordinates":[[-89.6610568003344,41.7658554377071],[-89.6609975510515,41.7628709390381],[-89.6609278597518,41.7597101650682],[-89.6655535321864,41.7597387177399],[-89.6680091363043,41.7591152989938],[-89.670141133121,41.7578732205653],[-89.7045576568824,41.757832294099],[-89.708584895031,41.7589803836849],[-89.7105895906904,41.758242751051],[-89.718849295199,41.7581683930683],[-89.7188017051502,41.7701638507202],[-89.7196940026202,41.7710591229057],[-89.7196821062309,41.7721298798161],[-89.7187868335406,41.7734772496713]]},"properties":{"OBJECTID":51111,"ID":"145378","VOLTAGE":138,"STATUS":"NOT AVAILABLE","OWNER":"COMMONWEALTH EDISON CO","SUB_1":"UNKNOWN123360","SUB_2":"DEADEND167133","VOLT_CLASS":"100-161"}},{"type":"Feature","geometry":{"type":"LineString","coordinates":[[-89.6836938217764,40.5405833069065],[-89.6850922767899,40.5394321725762],[-89.6860883835741,40.5375424148801],[-89.6878984538373,40.537565182984],[-89.6876146670559,40.5283658950023]]},"properties":{"OBJECTID":51115,"ID":"134472","VOLTAGE":138,"STATUS":"NOT AVAILABLE","OWNER":"AMEREN ILLINOIS COMPANY","SUB_1":"TAP138534","SUB_2":"DEADEND167135","VOLT_CLASS":"100-161"}},{"type":"Feature","geometry":{"type":"LineString","coordinates":[[-89.6069079809583,40.5247085738028],[-89.6090440480415,40.5245837218344],[-89.6153109541783,40.524393364539],[-89.622107288716,40.5242000336272],[-89.6383986657882,40.5240790776741],[-89.6672793737136,40.5239541555663],[-89.670503543151,40.523966054058],[-89.6761607115005,40.5266667419289],[-89.6792064216235,40.5266251005838],[-89.6850777420486,40.5266132039297],[-89.6875232850353,40.5284005058914],[-89.6875782259981,40.5305072586957],[-89.6877044267191,40.5351123685587],[-89.6877486849165,40.5374494758776],[-89.6860371562467,40.5374997241524],[-89.6850353559402,40.5394037128969],[-89.6836260663461,40.5405447469126]]},"properties":{"OBJECTID":51146,"ID":"147130","VOLTAGE":138,"STATUS":"NOT AVAILABLE","OWNER":"AMEREN ILLINOIS COMPANY","SUB_1":"TAP138538","SUB_2":"DEADEND167136","VOLT_CLASS":"100-161"}},{"type":"Feature","geometry":{"type":"LineString","coordinates":[[-89.4866872783245,40.5392909875165],[-89.4875819545335,40.5785235410309],[-89.4876443856491,40.5800774495856]]},"properties":{"OBJECTID":51148,"ID":"104872","VOLTAGE":138,"STATUS":"NOT AVAILABLE","OWNER":"AMEREN ILLINOIS COMPANY","SUB_1":"TAP138535","SUB_2":"DEADEND167140","VOLT_CLASS":"100-161"}},{"type":"Feature","geometry":{"type":"LineString","coordinates":[[-88.2693603247576,41.391424992718],[-88.2686037492523,41.3916059285618],[-88.268588365603,41.3921366045749],[-88.2710986780201,41.3930389398275],[-88.2856121130752,41.394709962531],[-88.2926976404557,41.395525764568],[-88.2944326331208,41.3973737380826],[-88.294506215024,41.3992570958451],[-88.2945832536444,41.401252464695],[-88.2945716195632,41.4020068438554],[-88.294551987781,41.4032798075414],[-88.2946029878346,41.4052343025573],[-88.2946462956145,41.4072707395739],[-88.2947885061105,41.4103683398422],[-88.2959139909569,41.4104968305625],[-88.2982171464795,41.4107768115252],[-88.3335342941954,41.4101644186806],[-88.347982540307,41.4099550254932]]},"properties":{"OBJECTID":51149,"ID":"103541","VOLTAGE":138,"STATUS":"NOT AVAILABLE","OWNER":"COMMONWEALTH EDISON CO","SUB_1":"DRESDEN GENERATING STATION","SUB_2":"DEADEND167142","VOLT_CLASS":"100-161"}},{"type":"Feature","geometry":{"type":"LineString","coordinates":[[-88.0628991746372,42.378826457134],[-88.0626114478449,42.3789540446982],[-88.0630025689297,42.3799129667482],[-88.0666421382191,42.3882767285571],[-88.0750476321118,42.4078931169655],[-88.0758364113217,42.4097276526095]]},"properties":{"OBJECTID":51150,"ID":"114521","VOLTAGE":138,"STATUS":"NOT AVAILABLE","OWNER":"COMMONWEALTH EDISON CO","SUB_1":"TAP136947","SUB_2":"RISER167143","VOLT_CLASS":"100-161"}},{"type":"Feature","geometry":{"type":"LineString","coordinates":[[-88.0624428610155,42.3787881560622],[-88.0625467098557,42.378993156573],[-88.0629472731324,42.3799224081358],[-88.066596239698,42.3882965615865],[-88.07500168598,42.4079128376707],[-88.075790476868,42.4097474025848]]},"properties":{"OBJECTID":51151,"ID":"140620","VOLTAGE":138,"STATUS":"NOT AVAILABLE","OWNER":"COMMONWEALTH EDISON CO","SUB_1":"TAP136948","SUB_2":"RISER167144","VOLT_CLASS":"100-161"}},{"type":"Feature","geometry":{"type":"LineString","coordinates":[[-87.6959343582434,41.6548141665513],[-87.6957558486234,41.6509903928138],[-87.7044636642368,41.6508760558357],[-87.7048309844581,41.65050526809],[-87.7181320217648,41.6502643616372],[-87.7193014486017,41.6505369495832],[-87.7254222096215,41.6509498909393],[-87.7259458376006,41.6511462919031],[-87.7276247762902,41.6513665690345],[-87.7275152348262,41.648038439544],[-87.7287616068587,41.6470676606836],[-87.7330653275871,41.6409535946961],[-87.7327024603146,41.640477703153],[-87.733111769589,41.6401181938354]]},"properties":{"OBJECTID":51160,"ID":"113353","VOLTAGE":138,"STATUS":"NOT AVAILABLE","OWNER":"COMMONWEALTH EDISON CO","SUB_1":"CRESTWOOD","SUB_2":"DEADEND167150","VOLT_CLASS":"100-161"}},{"type":"Feature","geometry":{"type":"LineString","coordinates":[[-87.4660543415667,41.6008121040658],[-87.4640865990048,41.6030764167062],[-87.4638570839413,41.6052188868418],[-87.4622066766434,41.6071593020666],[-87.4622352295947,41.6095744549293],[-87.4643053612344,41.610282343802],[-87.4717058846659,41.6103451035509],[-87.4726636181162,41.6122903138459],[-87.4741946366179,41.6121338700913]]},"properties":{"OBJECTID":51165,"ID":"131958","VOLTAGE":138,"STATUS":"IN SERVICE","OWNER":"NORTHERN INDIANA PUB SERV CO","SUB_1":"ROXANA","SUB_2":"DEADEND167156","VOLT_CLASS":"100-161"}},{"type":"Feature","geometry":{"type":"LineString","coordinates":[[-87.2632365785756,38.5135322885165],[-87.2523893918755,38.5093317757753],[-87.2382851421272,38.5091176121063],[-87.2344454847864,38.5064621325676],[-87.2264689373401,38.5100099100143],[-87.2150760780038,38.5098719005957]]},"properties":{"OBJECTID":51169,"ID":"133248","VOLTAGE":161,"STATUS":"NOT AVAILABLE","OWNER":"DUKE ENERGY INDIANA, LLC","SUB_1":"TAP138362","SUB_2":"RISER167164","VOLT_CLASS":"100-161"}},{"type":"Feature","geometry":{"type":"LineString","coordinates":[[-87.2494484998747,38.527367564064],[-87.2490268729012,38.5271888951188],[-87.2482425699963,38.5271042697033],[-87.2455253423316,38.5280045240494],[-87.2422559490079,38.5281500097425],[-87.2401433468183,38.5266731000565],[-87.2377758844977,38.525729888648],[-87.2355529799709,38.5263915247807],[-87.2319776959199,38.5248912205139],[-87.2090746195419,38.5246205659254],[-87.1957116972953,38.524669395654],[-87.163585793965,38.5558506620509],[-87.1240237202561,38.592236157694],[-87.0739906311689,38.6409820386861],[-87.0740037330974,38.6692610737423],[-87.0594960706162,38.6863939041002],[-87.0454685711292,38.7020573496933],[-87.0272936730446,38.7220744801229],[-86.9903161368497,38.755522692961],[-86.9478208966515,38.807102263869],[-86.9467456994947,38.8097969460835],[-86.9476056351566,38.8372140634866],[-86.9477865639397,38.8523679097422],[-86.9322139118583,38.9036005807231],[-86.9302330422152,38.9101490045103],[-86.9242110069434,38.9141399310607],[-86.9189758060289,38.9146019910567],[-86.9117220583316,38.9172708836051],[-86.9141849253287,38.9207290127909],[-86.8854077132055,38.9397305478669],[-86.852726651928,38.961803414822],[-86.8267334913468,38.9781455086167],[-86.810366243464,38.9892800979877],[-86.7943483378188,39.0145952877462],[-86.7762437320068,39.0379066355987],[-86.7524206181828,39.06780211956],[-86.7355450774611,39.0896773811256],[-86.6922007595379,39.1212904871365],[-86.6733737177946,39.1578305977488],[-86.6648637498344,39.176059616058],[-86.6655820741766,39.2097458101018],[-86.6656560091178,39.2265319676831],[-86.6650557045393,39.2572987556876],[-86.6429436495662,39.2732291436274],[-86.6138109040165,39.2991993787857],[-86.5981268446702,39.3136308716851],[-86.5905677128955,39.3205381278024],[-86.5581701671081,39.3490228026984],[-86.5302346746096,39.3590920497484],[-86.517636142313,39.3773924755929],[-86.4534953835912,39.4270346395508],[-86.4436799218763,39.4381856648166],[-86.4335526046207,39.4435716280296],[-86.4291503009764,39.4475036117066],[-86.4249933622705,39.4842827608309],[-86.4246068764925,39.486137893081],[-86.418233430163,39.4888857258337],[-86.4101712966264,39.4966403025095],[-86.4024273077359,39.4984465507607],[-86.3897354997701,39.4950968270062],[-86.379343479543,39.4946053608154],[-86.3500194898558,39.515998843746],[-86.3452978117718,39.5185288246465],[-86.3130233603312,39.5313110691135],[-86.3099619934711,39.533046795507],[-86.2943182981255,39.5346275939629],[-86.2916103922785,39.5351477955088],[-86.2823095978478,39.5379347020125],[-86.271972973131,39.5391025280464],[-86.2688242711606,39.5392357057217],[-86.2533556368026,39.5420594211621],[-86.2432763066511,39.5508274309322],[-86.2267629576689,39.5652418069328],[-86.2161712060214,39.5724196290644],[-86.2141509632194,39.573397627005],[-86.2092736807585,39.5766776708617],[-86.2070537056379,39.5785835659904],[-86.1928472617463,39.5882048669594],[-86.1907336696132,39.5894813340203],[-86.187094439887,39.5931324566171],[-86.1736475781619,39.602705909064],[-86.1724000176583,39.6036438878592],[-86.1721338998402,39.6037707380853],[-86.1482476919439,39.6205495978229],[-86.1347182112638,39.6347207771443],[-86.1325228742365,39.6355931940104],[-86.1045626142873,39.6467470568466],[-86.0837949707819,39.6599346185275],[-86.0713868750373,39.6774922909695]]},"properties":{"OBJECTID":51187,"ID":"156399","VOLTAGE":345,"STATUS":"IN SERVICE","OWNER":"NOT AVAILABLE","SUB_1":"PETERSBURG STATION","SUB_2":"RISER167168","VOLT_CLASS":"345"}},{"type":"Feature","geometry":{"type":"LineString","coordinates":[[-88.7793614269494,37.1228102650757],[-88.7801478507767,37.1290060007626],[-88.7807112022576,37.1341268215595]]},"properties":{"OBJECTID":51214,"ID":"125238","VOLTAGE":161,"STATUS":"IN SERVICE","OWNER":"NOT AVAILABLE","SUB_1":"TAP153781","SUB_2":"DEADEND167183","VOLT_CLASS":"100-161"}},{"type":"Feature","geometry":{"type":"LineString","coordinates":[[-90.4402777245576,38.8642841148459],[-90.4406629239481,38.8643870241084],[-90.4455586587032,38.8658882260373],[-90.4534494332095,38.8682347095435],[-90.4607141708959,38.8704289790456],[-90.4666841739499,38.8739501387045],[-90.4756114524787,38.8792051111712],[-90.4817245320046,38.8828167169118],[-90.4882180633247,38.8866280435003],[-90.4947234146772,38.8904453689427],[-90.4963015722734,38.8915405195428],[-90.5018050487593,38.8947512627719],[-90.5085553715882,38.8987099879595],[-90.5119728494915,38.9007416119129],[-90.522908559773,38.9070156518485],[-90.5372223155102,38.9182342829259],[-90.5539742615235,38.931759576666],[-90.5751809485392,38.9488620507911],[-90.5961142647392,38.9778942825877],[-90.5974881661011,38.9883416469976],[-90.5987825953064,38.9987161161271],[-90.5996486395122,39.0053208957343],[-90.6002387823482,39.0096232288669],[-90.6012674862992,39.0178106599859],[-90.6063805540643,39.0223547789808],[-90.6069711191085,39.0227900915895],[-90.6154518531944,39.0302456779846],[-90.6319993812766,39.0380697018914],[-90.6401337869728,39.0454607185149],[-90.6549028358454,39.0588045769299],[-90.6552292009746,39.059113935913],[-90.6591942379763,39.0627699458218],[-90.6613047587694,39.0646615775018],[-90.6618097916221,39.0651165460125],[-90.6679377229946,39.070609367695],[-90.6714937471659,39.0764652549415],[-90.6703998066607,39.0844739718573],[-90.6681099480009,39.0981192199518],[-90.6676082110669,39.102263315477],[-90.6730920530756,39.1224366651413],[-90.6742341828059,39.1266720607953],[-90.6769943912637,39.13678965658],[-90.6797830718244,39.1472400680044],[-90.6821915296613,39.1559401778804],[-90.683710732622,39.1618374748815],[-90.6859975082638,39.1656993701462],[-90.6929552943126,39.1776827529214],[-90.6999537183482,39.1897657476274],[-90.7008885914711,39.1918930619973],[-90.7106175526106,39.2137105616908],[-90.714287201089,39.2212043591537],[-90.7143232361083,39.2234805946294],[-90.7144838387114,39.2290957417213],[-90.714549272895,39.2318856000995],[-90.7146002621689,39.2335965586672],[-90.7183808696528,39.2340871868188],[-90.7215176940985,39.2451425785158],[-90.7238663762397,39.2521658216544],[-90.7254999329395,39.2557900385476],[-90.7298336654832,39.2651721917756],[-90.7387160704687,39.2790129259641],[-90.7436137482797,39.2863138100995],[-90.7503975935401,39.2952651405148],[-90.7512675561972,39.2963258838735],[-90.7531911950719,39.2993487435788],[-90.7627012053356,39.3189241496923],[-90.7637479771019,39.320479137075],[-90.7712040855883,39.3322029495255],[-90.7834211995034,39.3462735789905],[-90.7886462108277,39.3534169720514],[-90.7925072202245,39.3581927214974],[-90.7969616342401,39.3638822836449],[-90.8002630291475,39.368097774516],[-90.8197681291486,39.393613308067],[-90.8287765848364,39.3995628265251],[-90.8310414685347,39.401049760695],[-90.8338354033415,39.4028827661133],[-90.8350894559697,39.4037057915254],[-90.8422596998714,39.4084112837169],[-90.8489374621815,39.4126271629038],[-90.8622911820863,39.4212895721178],[-90.8636173838049,39.422158723543],[-90.8650423202547,39.4230927145553],[-90.8651659625737,39.4231734850116],[-90.8691177422384,39.4257203217895],[-90.8720438524611,39.4276050197416],[-90.8754313697532,39.4299166559438],[-90.8832666095102,39.4354553609266],[-90.8855443355238,39.4369736771529],[-90.8863914728879,39.4376083217009],[-90.8890344952185,39.4395863369163],[-90.8915894916344,39.4415003396222],[-90.8966195119481,39.4452662918985],[-90.9025215367896,39.4496863120262],[-90.9108100421845,39.4558930217083],[-90.9112656542219,39.4562266496272],[-90.9144336169702,39.4585426446827],[-90.9170495973159,39.4604546609],[-90.9217769392777,39.463909956881],[-90.9256313918713,39.466787274839],[-90.9358444344562,39.4744142327737],[-90.9431839865344,39.4798949629294],[-90.9456286222227,39.4816826867132],[-90.9538910342536,39.4877259876229],[-90.954842391462,39.4884372467873],[-90.9559014225369,39.4892282746378],[-90.9622474082665,39.4939743096046],[-90.9647871899165,39.4958730720905],[-90.9795498293096,39.5067446901466],[-90.989038919607,39.5137591931006],[-90.9953205859622,39.5183371960523],[-91.0026797976705,39.5237461548399],[-91.0075144820206,39.5272389391237],[-91.0078750217582,39.5274996005499],[-91.013230697532,39.5328622655681],[-91.0154156473397,39.5350502448091],[-91.0161286671302,39.5357632456456],[-91.0184021557906,39.5386196995906],[-91.0209142118376,39.5417777258501],[-91.023078817499,39.5444985565786],[-91.023731460621,39.5453553896369],[-91.0299845318041,39.5535683400441],[-91.0304938729769,39.5542365146992],[-91.0333226552302,39.5577952809655],[-91.0383538271841,39.5643115346519],[-91.0427395218771,39.5708377540326],[-91.0561300897765,39.5857975277231],[-91.0717453588333,39.5979966600296],[-91.0807139832214,39.6063845128008],[-91.0867578538429,39.6119055959551],[-91.089680375296,39.6146470405665],[-91.0921313360223,39.6169460185065],[-91.0954023517034,39.6200140254788],[-91.0970692332053,39.6215758607145],[-91.1019019538382,39.626078227065],[-91.1038509620348,39.6279279569199],[-91.1059643996577,39.629515600833],[-91.1080158517293,39.6310560737456],[-91.1099806702749,39.6325297229819],[-91.1120159266203,39.6340526796127],[-91.1141319271366,39.6356203377827],[-91.1162222439207,39.637207964972],[-91.1183280844912,39.6387925755497],[-91.120360618043,39.6403156405605],[-91.1222482434579,39.6417497100423],[-91.1242836722798,39.64327460389],[-91.1263344299537,39.6448057926211],[-91.1283541328683,39.6463326810382],[-91.1303776131985,39.6478593386082],[-91.132425756775,39.6493809430204],[-91.1344818046276,39.6509454677721],[-91.1365215489561,39.6524667020175],[-91.1385636567522,39.6540014039782],[-91.1405802973099,39.6555170187424],[-91.1426706769761,39.6570889561319],[-91.1447957405953,39.6586861079429],[-91.1469302140672,39.6602919219915],[-91.1489943036382,39.6618277489352],[-91.1509186674533,39.6632643361437],[-91.1527413509614,39.66464558388],[-91.1547953470619,39.6661862721361],[-91.1569101591072,39.6677589999406],[-91.1588741485078,39.669238902085],[-91.1608192598127,39.6706924874962],[-91.1627303788673,39.6721317018099],[-91.1646941957914,39.673602601935],[-91.1667367949659,39.6751273905584],[-91.1684841646189,39.6764490175817],[-91.1686730848147,39.6765919061376],[-91.170647889033,39.6780432944852],[-91.1725450797091,39.6794876750404],[-91.1744607118997,39.680925345523],[-91.1763971050548,39.6823771626935],[-91.1784310696228,39.6838952605421],[-91.180515141319,39.68544316953],[-91.183325009544,39.6875480486619],[-91.1875262109389,39.6907171487516],[-91.1890010407178,39.6918300458955],[-91.2057377620837,39.7043804375893],[-91.2093993149447,39.7069484786216],[-91.2130046521335,39.709635915168],[-91.2154893733448,39.7118309636193],[-91.2156000188384,39.7120317249943]]},"properties":{"OBJECTID":51272,"ID":"138155","VOLTAGE":138,"STATUS":"NOT AVAILABLE","OWNER":"UNION ELECTRIC CO - (MO)","SUB_1":"UNKNOWN122581","SUB_2":"DEADEND167218","VOLT_CLASS":"100-161"}},{"type":"Feature","geometry":{"type":"LineString","coordinates":[[-90.3839470554599,38.8447919588859],[-90.3845399318694,38.8451595055671],[-90.386639661201,38.8465114618368],[-90.3890562263333,38.8480668880103],[-90.3915324728382,38.8496807865884],[-90.3980409557178,38.8516223056617],[-90.4054849737788,38.8538582290979],[-90.4103764020104,38.8553463528277],[-90.4180629921476,38.8576636370386],[-90.4256069307159,38.8599475165846],[-90.4308360230864,38.8615280976702],[-90.4330322359711,38.8621767899441],[-90.43550380405,38.8629169806742],[-90.4372120898016,38.8634798734828]]},"properties":{"OBJECTID":51273,"ID":"114619","VOLTAGE":138,"STATUS":"NOT AVAILABLE","OWNER":"UNION ELECTRIC CO - (MO)","SUB_1":"TAP139439","SUB_2":"TAP167219","VOLT_CLASS":"100-161"}},{"type":"Feature","geometry":{"type":"LineString","coordinates":[[-90.2978319705661,38.674711977708],[-90.297818524583,38.6758494864989],[-90.298021221342,38.6764382956056],[-90.2982153787159,38.677029814592],[-90.2984281393011,38.6774284465125],[-90.2989805915227,38.6785140775108],[-90.2998926097082,38.6789531460304],[-90.3005443661929,38.6792861790684],[-90.3017359427897,38.6797397128814],[-90.3036844623028,38.6804609666031],[-90.3094233072746,38.6810956680731],[-90.3108178770745,38.6812352385841],[-90.3124740524548,38.6816723949251],[-90.3171240261145,38.6829118656714],[-90.3183497386921,38.6857961775474],[-90.3221913328007,38.6875380778992],[-90.328173625706,38.6902355911099],[-90.3285282689021,38.6913615967913],[-90.3302238345093,38.6951599760113],[-90.3300036718062,38.6996089404797],[-90.3299383211659,38.7025021148777],[-90.3298910149848,38.7055939271523],[-90.3315521769132,38.7068717168198],[-90.3316499738032,38.7074583947739],[-90.3310432157277,38.711343630492],[-90.3308066228381,38.7129082348043],[-90.3312759728111,38.7141552580428],[-90.3310254254918,38.7159705469378],[-90.330698560001,38.7181267618625],[-90.3304788653201,38.7194470946522],[-90.3303128638422,38.721505457682],[-90.3306271861567,38.7232960955341],[-90.3308299305265,38.7244638016548],[-90.33064510575,38.7258917697199],[-90.3303300746647,38.7276306906429],[-90.3298250382187,38.7305508229622],[-90.3295416565775,38.7322456258059],[-90.3317754459906,38.7356058108248],[-90.3349175174958,38.7404982537086],[-90.334989010816,38.7434908456504],[-90.3350840678444,38.747211638017],[-90.3352089426521,38.7490388659005],[-90.3350959300977,38.7505696645161],[-90.3350246487799,38.7521354478666],[-90.3349533459026,38.7540677439262],[-90.3348345149602,38.7567921539048],[-90.334804811267,38.7581958666657],[-90.3347334446092,38.7611313855102],[-90.3339961765943,38.7646502077126],[-90.3333426648015,38.7681151234875],[-90.3327069189901,38.7719368775665],[-90.3323982731299,38.7737786266268],[-90.3323626567255,38.7759536931493],[-90.3323388908963,38.7795897478424],[-90.3323507738109,38.7828874816506],[-90.3324042523164,38.7867503931046],[-90.3324220856714,38.7904526340565],[-90.3321248699748,38.7932742229013],[-90.3319941758808,38.7949966316994],[-90.3320257471714,38.7962939029594],[-90.3320816098057,38.8002566348009],[-90.3320435760349,38.8011590237986],[-90.3320405936281,38.8025134861545],[-90.3312425438044,38.8043397997649],[-90.3304180745283,38.8063202971441],[-90.3296229109916,38.8081208605638],[-90.3287971957521,38.8099686560372],[-90.3310012832686,38.8112787786752],[-90.3332189030065,38.8126178278682],[-90.3355326802091,38.8140067949939],[-90.3378215489255,38.8153818720226],[-90.3425419846394,38.8182208920292],[-90.3444747602789,38.8194017075501],[-90.3466463305787,38.8207935749891],[-90.3508461216186,38.8235017567599],[-90.353163958308,38.8249852595921],[-90.3546909739167,38.8260753448713],[-90.3572393147147,38.8276823577581],[-90.3658850603352,38.8332400346324],[-90.3722267170834,38.8373349388575],[-90.3742151487446,38.8384869618674],[-90.376097245029,38.83969294189],[-90.3779886954704,38.8408953288615],[-90.3801768028563,38.8423072010223],[-90.3820681122622,38.8435239344979],[-90.384046909492,38.8447832251426],[-90.3845851916883,38.8451160259705],[-90.3866854465344,38.8464683216895],[-90.3891021778551,38.8480238558479],[-90.3915693891048,38.8496318647424],[-90.3980667400614,38.8515700656236],[-90.4055109800063,38.8538060571603],[-90.4104024495604,38.8552941945737],[-90.4180889857986,38.8576114629958],[-90.4256329549096,38.85989535471],[-90.4308617705991,38.8614758537161],[-90.4330578801775,38.8621245156895],[-90.435741226983,38.8629523320143]]},"properties":{"OBJECTID":51274,"ID":"109059","VOLTAGE":138,"STATUS":"NOT AVAILABLE","OWNER":"UNION ELECTRIC CO - (MO)","SUB_1":"UNKNOWN117868","SUB_2":"DEADEND167220","VOLT_CLASS":"100-161"}},{"type":"Feature","geometry":{"type":"LineString","coordinates":[[-90.2007503065827,38.6853696698207],[-90.2020489650563,38.6881313170166],[-90.2042942609898,38.6896514496444],[-90.2053262644529,38.6907347321303],[-90.2083697287877,38.6934621110322],[-90.2110908066317,38.6959163269546],[-90.2113581237006,38.6960993388418],[-90.213093815255,38.6985717381032],[-90.2146690146989,38.7009784941284],[-90.2155127204986,38.7023741980337],[-90.2173370236692,38.7052029818188],[-90.2189070470205,38.7077273200865],[-90.2189426445602,38.7143060175247],[-90.2185447789243,38.717229693552],[-90.2181414596162,38.7203579836807],[-90.2164780977136,38.723186040493],[-90.2182100388016,38.7260841175567],[-90.2199433022097,38.7289975560885],[-90.2215683967795,38.7300723875312],[-90.2206380215212,38.7324885755175],[-90.2219389617157,38.7341935246123],[-90.2237501288219,38.7365093935232],[-90.2236240799161,38.7389510237748],[-90.2228079685653,38.738945629158],[-90.2223330427494,38.739348202112]]},"properties":{"OBJECTID":51275,"ID":"102589","VOLTAGE":138,"STATUS":"IN SERVICE","OWNER":"UNION ELECTRIC CO - (MO)","SUB_1":"UNKNOWN117835","SUB_2":"TAP167221","VOLT_CLASS":"100-161"}},{"type":"Feature","geometry":{"type":"LineString","coordinates":[[-90.4372120898016,38.8634798734828],[-90.4370348710607,38.8637007144991],[-90.4322177550626,38.8691715741372],[-90.3974202306363,38.8825492381134],[-90.3941360788908,38.885226537953],[-90.3818626630652,38.8950659704954],[-90.3575453060533,38.9053835225707],[-90.3400512222579,38.915673749787],[-90.3275312575144,38.9145964755322],[-90.3191668866988,38.9139106235964],[-90.3148069943156,38.9135233529104],[-90.3103868941473,38.9131427106196],[-90.3062325776237,38.9127619628381],[-90.3015160199368,38.9123639480627],[-90.297417570539,38.914379899115],[-90.2940959410799,38.9160199545268],[-90.2935402935508,38.9158130566489],[-90.2933739722725,38.9155175538061]]},"properties":{"OBJECTID":51277,"ID":"167803","VOLTAGE":138,"STATUS":"IN SERVICE","OWNER":"UNION ELECTRIC CO - (MO)","SUB_1":"SIOUX","SUB_2":"TAP167219","VOLT_CLASS":"100-161"}},{"type":"Feature","geometry":{"type":"LineString","coordinates":[[-90.2007503065827,38.6853696698207],[-90.1984267628963,38.6855099528445],[-90.1945459968515,38.6865841178744],[-90.1909139042402,38.6876385555245],[-90.1873574893018,38.6886946759014],[-90.1870646996046,38.6875345600052],[-90.1861724587284,38.6843128320955],[-90.184405003644,38.6810451859057],[-90.1827901193257,38.6780919241538],[-90.1801746177821,38.673291681823],[-90.1784687646683,38.6701333536887],[-90.1775509559425,38.6681847556651],[-90.1761817698376,38.6661484228132],[-90.1748207386388,38.6629085140292],[-90.1744520260288,38.659623080693],[-90.1724828120265,38.6566919877523],[-90.1708843560981,38.6536455709356],[-90.1694671891772,38.6509441116907],[-90.1679424067803,38.6480334058698],[-90.1669283256055,38.6454205227578],[-90.1656885795465,38.6421944788013],[-90.1654781168519,38.6394218395415],[-90.1655191132665,38.6364898505958],[-90.1655327694554,38.6338735341005],[-90.1655464238477,38.6305851017918],[-90.1655738323454,38.6275167930859],[-90.165519781613,38.6244669875999],[-90.1664326226553,38.6225216979675],[-90.169626881787,38.6150211708287],[-90.174520151565,38.6118145774977],[-90.1753209619115,38.6089970590456],[-90.1755180217421,38.6060648866336],[-90.1759941441141,38.6035737501519],[-90.1771531900195,38.6011522398496],[-90.1786864695808,38.6003273901583]]},"properties":{"OBJECTID":51280,"ID":"106455","VOLTAGE":138,"STATUS":"NOT AVAILABLE","OWNER":"NOT AVAILABLE","SUB_1":"CAHOKIA","SUB_2":"TAP167221","VOLT_CLASS":"100-161"}},{"type":"Feature","geometry":{"type":"LineString","coordinates":[[-91.0878594722488,37.4688272926055],[-91.0879772566539,37.4694737284867],[-91.0884407325433,37.4700113535905],[-91.0887021800202,37.4700113535905],[-91.0890098422253,37.4696799527005]]},"properties":{"OBJECTID":53604,"ID":"128375","VOLTAGE":138,"STATUS":"IN SERVICE","OWNER":"UNION ELECTRIC CO - (MO)","SUB_1":"UNKNOWN117768","SUB_2":"UNKNOWN117769","VOLT_CLASS":"100-161"}},{"type":"Feature","geometry":{"type":"LineString","coordinates":[[-90.884386502344,37.514619729891],[-90.8809546487011,37.5153446978202],[-90.8709614050017,37.5174043079564],[-90.8629753659562,37.5191612936707],[-90.8545615042566,37.5198022438868],[-90.8423637795785,37.5207146460831],[-90.8370052911795,37.5211538767255],[-90.8339853106028,37.5218133077687],[-90.8336326149543,37.5210255797228]]},"properties":{"OBJECTID":53631,"ID":"147820","VOLTAGE":138,"STATUS":"IN SERVICE","OWNER":"UNION ELECTRIC CO - (MO)","SUB_1":"TAUM SAUK","SUB_2":"TAP153691","VOLT_CLASS":"100-161"}},{"type":"Feature","geometry":{"type":"LineString","coordinates":[[-91.0890098422253,37.4696799527005],[-91.088697427034,37.470446167713],[-91.0882498890545,37.4712182047135],[-91.0724579591105,37.4745668650131],[-91.0607831311829,37.4770265360442],[-91.0528731497976,37.4787241149864],[-91.0406754260178,37.4813345374707],[-91.0306096900716,37.4835110791079],[-91.0181742855423,37.4861590550307],[-91.0090188627791,37.4881053705443],[-91.0025729888815,37.4894858669604],[-90.9860090890032,37.4930105409783],[-90.9781086144885,37.4947190706647],[-90.9751423720305,37.4953470310963],[-90.9719455787514,37.4946342120518],[-90.9671159267635,37.4970479647264],[-90.9306368432619,37.5048317890062],[-90.9006499795401,37.5111885431647],[-90.8859031406146,37.5142870640142],[-90.884386502344,37.514619729891]]},"properties":{"OBJECTID":53632,"ID":"123095","VOLTAGE":138,"STATUS":"IN SERVICE","OWNER":"UNION ELECTRIC CO - (MO)","SUB_1":"UNKNOWN117768","SUB_2":"TAP153691","VOLT_CLASS":"100-161"}},{"type":"Feature","geometry":{"type":"LineString","coordinates":[[-90.6358605362005,37.6236137155773],[-90.636086999687,37.6242329997014],[-90.6366336272323,37.6232669126206],[-90.6364339757621,37.6221712770388],[-90.6369402339169,37.6218154737764],[-90.6447266214922,37.6199347728289],[-90.6451615758713,37.618590579697],[-90.6462596558134,37.6151509147325],[-90.6546949099931,37.6157157306657],[-90.6661677095082,37.6166024836874],[-90.6693763857019,37.6168171104987],[-90.6801646689705,37.6170317359789],[-90.6939049339422,37.6172294178615],[-90.7058198186631,37.6173706177663],[-90.7156597594695,37.6175287617398],[-90.7287654194901,37.6177377375447],[-90.7348405137541,37.6178281058361],[-90.7369297193222,37.6190706517675],[-90.7378638001311,37.6196919169461],[-90.7394039652789,37.617941065868],[-90.7467696592303,37.6180427291096],[-90.7509124171311,37.6180822651329],[-90.7540711811309,37.6181782798822],[-90.7599466230265,37.6182347600093],[-90.7710272522246,37.618415493851],[-90.7726672417601,37.6184945647687],[-90.7756406159432,37.6144335921494],[-90.7800329366097,37.6083162970135],[-90.7833271782326,37.6063844147277],[-90.7851169070445,37.6053337210278],[-90.7895591408031,37.6028029571607],[-90.7896084331594,37.602233163712],[-90.7897231399363,37.601548840999],[-90.7901879345526,37.5985399575143],[-90.7906553666224,37.5952968469997],[-90.7985415794837,37.5910538056983],[-90.8004810466737,37.5884547537111],[-90.8033759862543,37.5846294619795],[-90.8058930135782,37.5813634000103],[-90.8093583851609,37.5768087557237],[-90.8198685814586,37.5720616839427],[-90.8239329056554,37.5681846839117],[-90.834435972923,37.5582708537396],[-90.8395342032145,37.5578243045154],[-90.8473063300347,37.5566994417217],[-90.8520908228149,37.5560380815696],[-90.8703232346373,37.5534434597805],[-90.8793146591656,37.5521602475764],[-90.8795713527581,37.5499612117686],[-90.8802273492909,37.5452293891241],[-90.8808120411498,37.5408873810789],[-90.8821525548275,37.5311225926125],[-90.8831365487284,37.5239070226197],[-90.884386502344,37.514619729891]]},"properties":{"OBJECTID":53633,"ID":"125859","VOLTAGE":138,"STATUS":"IN SERVICE","OWNER":"UNION ELECTRIC CO - (MO)","SUB_1":"UNKNOWN117877","SUB_2":"TAP153691","VOLT_CLASS":"100-161"}},{"type":"Feature","geometry":{"type":"LineString","coordinates":[[-91.1235800129346,37.6378813855925],[-91.1236338220201,37.6381912000511],[-91.123648081877,37.6386880836244],[-91.1237895665342,37.6387996888377]]},"properties":{"OBJECTID":53649,"ID":"107542","VOLTAGE":138,"STATUS":"IN SERVICE","OWNER":"UNION ELECTRIC CO - (MO)","SUB_1":"UNKNOWN117730","SUB_2":"TAP153683","VOLT_CLASS":"100-161"}},{"type":"Feature","geometry":{"type":"LineString","coordinates":[[-91.1138584790658,37.7161982244956],[-91.1132020576298,37.716279822704],[-91.1126981773156,37.7104962095439],[-91.1124700052335,37.7079013349774],[-91.1199529185496,37.7001569371457],[-91.1238755604597,37.6959162780286],[-91.1277005222608,37.6917809855409],[-91.1268619512313,37.6887659548941],[-91.1265459239143,37.6878159335594],[-91.1238406025204,37.6793818059262],[-91.123137070736,37.6767105938013],[-91.1213497188663,37.670833591012],[-91.1198856122769,37.6662806631351],[-91.1193014621022,37.6624861691074],[-91.1191060228323,37.65882981377],[-91.1184215047892,37.6514835986348],[-91.1180317096177,37.6472456457504],[-91.1184099722176,37.6466229336909],[-91.1211490711645,37.6449336046693],[-91.121197603546,37.6394992785749],[-91.1211738359202,37.638095209729],[-91.1235800129346,37.6378813855925]]},"properties":{"OBJECTID":53650,"ID":"126662","VOLTAGE":138,"STATUS":"IN SERVICE","OWNER":"UNION ELECTRIC CO - (MO)","SUB_1":"UNKNOWN117949","SUB_2":"TAP153683","VOLT_CLASS":"100-161"}},{"type":"Feature","geometry":{"type":"LineString","coordinates":[[-90.9598919707943,37.8885047510632],[-90.9600979356244,37.8882537550469],[-90.9603451232445,37.8870457350225],[-90.9628502676537,37.8842188161311],[-90.9682574806737,37.8780468631088],[-90.9747817900721,37.870617321075],[-90.979725528101,37.8651572565957],[-90.9862141851624,37.8579797517621],[-90.9930831287279,37.8502572897841],[-91.0038832958094,37.8380648510166],[-91.0077191272254,37.8359413685899],[-91.0083326594965,37.8332443766029],[-91.0212419028802,37.8191019515456],[-91.0373295869618,37.8011749591458],[-91.0428057277135,37.7950974737843],[-91.0464279667044,37.7907775726584],[-91.0509819104603,37.7856910357267],[-91.0612829591969,37.7739409701662],[-91.066896980565,37.7675059255108],[-91.0755960232313,37.7578027761158],[-91.0779419214935,37.7572597106937],[-91.0780369937933,37.7550611025674],[-91.082541024457,37.749836796502],[-91.0951499340917,37.7402610780169],[-91.098976577539,37.7374322920818],[-91.1066183300654,37.7317124889683],[-91.116163548,37.7246818024805],[-91.1162849175814,37.7222969255651],[-91.1164604349132,37.7166276949227],[-91.1144615441672,37.7163654627794],[-91.1138584790658,37.7161982244956]]},"properties":{"OBJECTID":53651,"ID":"113647","VOLTAGE":138,"STATUS":"IN SERVICE","OWNER":"UNION ELECTRIC CO - (MO)","SUB_1":"UNKNOWN117741","SUB_2":"UNKNOWN117949","VOLT_CLASS":"100-161"}},{"type":"Feature","geometry":{"type":"LineString","coordinates":[[-90.9598919707943,37.8885047510632],[-90.9597984597665,37.888762092785],[-90.9597200260624,37.8898256515754],[-90.9596059391231,37.8908779420918],[-90.959749363243,37.8910482725382]]},"properties":{"OBJECTID":53652,"ID":"111567","VOLTAGE":138,"STATUS":"IN SERVICE","OWNER":"UNION ELECTRIC CO - (MO)","SUB_1":"UNKNOWN117741","SUB_2":"UNKNOWN117742","VOLT_CLASS":"100-161"}},{"type":"Feature","geometry":{"type":"LineString","coordinates":[[-88.2344425266946,41.7477464416033],[-88.2342613149422,41.7476551189374],[-88.2337748727243,41.7476218740446],[-88.2338106714866,41.7488108767858],[-88.2336639415664,41.7585230716425],[-88.2336065392198,41.7628424708477],[-88.2331389750976,41.7719903088157],[-88.2328800806327,41.776073117113],[-88.2328748542343,41.7761555550394],[-88.2328699862638,41.7762070867285]]},"properties":{"OBJECTID":52764,"ID":"119895","VOLTAGE":138,"STATUS":"IN SERVICE","OWNER":"NOT AVAILABLE","SUB_1":"TAP138249","SUB_2":"FRONTENAC","VOLT_CLASS":"100-161"}},{"type":"Feature","geometry":{"type":"LineString","coordinates":[[-88.2067084113299,41.7772837875612],[-88.2071101145687,41.777681962636],[-88.2071029765555,41.7780507788083],[-88.2251654648553,41.777427359794],[-88.2314795630873,41.7765580641154],[-88.2323749579484,41.776207829001],[-88.2329537406893,41.7759633267753],[-88.2330466202015,41.7759689005395],[-88.2330538794873,41.7769279927783],[-88.2327445500091,41.781579838994],[-88.2325036299348,41.7854583596297],[-88.2318760471143,41.7916538819488],[-88.2317425269204,41.795162225659],[-88.2316939855557,41.7959445920067],[-88.2323207356379,41.7959760009563],[-88.2317553755239,41.7968169030735],[-88.2307702784918,41.7968011978021],[-88.2300965447236,41.7969998824955],[-88.2263394120147,41.7975855947572],[-88.2244566653501,41.7980652311355],[-88.222766086291,41.7987314326161],[-88.2217113392816,41.7993126200996],[-88.220901342763,41.7998932357683],[-88.2078660361005,41.8101944118576],[-88.1990966409744,41.8169088146751],[-88.1974319881928,41.8177838255882],[-88.1955000560714,41.8185893909926],[-88.1695706228748,41.8287239055539],[-88.1692406941289,41.828606930642],[-88.169281318641,41.828303677645]]},"properties":{"OBJECTID":52818,"ID":"115995","VOLTAGE":138,"STATUS":"IN SERVICE","OWNER":"NOT AVAILABLE","SUB_1":"UNKNOWN122229","SUB_2":"WARRENVILLE","VOLT_CLASS":"100-161"}},{"type":"Feature","geometry":{"type":"LineString","coordinates":[[-88.1436396796103,42.0646255955302],[-88.1434277894926,42.0644086406038],[-88.1430219980209,42.0644723010574],[-88.1416397692764,42.0656589305766],[-88.1395177716072,42.0660105035274],[-88.137531382715,42.0660697996146],[-88.135687039927,42.0660697996146],[-88.1338710219184,42.0668821167562],[-88.1034648991821,42.0669033647634],[-88.1011872378472,42.0668142940726],[-88.0819910594891,42.0644572410847],[-88.080349324527,42.0633981936679],[-88.0762520465323,42.0629063495487],[-88.0559978225511,42.0605185201206],[-88.0560505069459,42.0591223941516],[-88.0555286639193,42.0591270148347],[-88.0554606165365,42.0596501196078]]},"properties":{"OBJECTID":52832,"ID":"108797","VOLTAGE":138,"STATUS":"IN SERVICE","OWNER":"COMMONWEALTH EDISON CO","SUB_1":"UNKNOWN121899","SUB_2":"UNKNOWN125211","VOLT_CLASS":"100-161"}},{"type":"Feature","geometry":{"type":"LineString","coordinates":[[-90.1906631790545,38.6732887649736],[-90.1920120111318,38.6760071925405],[-90.1937054791727,38.6782616466936],[-90.198043133761,38.6759839974858],[-90.1989938531655,38.6768607385344],[-90.2004496422537,38.6785956338882],[-90.2021193417706,38.6798156015977],[-90.2035561162192,38.6811023426449],[-90.2049799836738,38.6831184548979],[-90.2050411831991,38.6831942986583],[-90.2008698139565,38.6853670725167],[-90.2021255446377,38.6880903430317],[-90.2043605108437,38.6896034837174],[-90.2053963204686,38.6906907621612],[-90.2084376566945,38.6934162307386],[-90.2111546912214,38.695866801045],[-90.2111950210861,38.6958944115738]]},"properties":{"OBJECTID":52868,"ID":"111016","VOLTAGE":138,"STATUS":"IN SERVICE","OWNER":"UNION ELECTRIC CO - (MO)","SUB_1":"TAP139446","SUB_2":"TAP139447","VOLT_CLASS":"100-161"}},{"type":"Feature","geometry":{"type":"LineString","coordinates":[[-90.7895034928662,38.8006687051089],[-90.7896461138923,38.8004743935529],[-90.7895272739667,38.8000594741527],[-90.7887619452773,38.7979737231501],[-90.7880156312274,38.7960731544814],[-90.7872978377896,38.7941947655397],[-90.7868272319718,38.7929276589104],[-90.7861902509768,38.7913465217218],[-90.7856435866006,38.789869096096],[-90.7830647614734,38.7867659366166],[-90.7820902753414,38.7856821147996],[-90.7821259267801,38.7841165661664],[-90.7821199853228,38.7823193849338],[-90.7821496953042,38.781550473854],[-90.7817694079017,38.7806981769999],[-90.7814544819193,38.7801423255548],[-90.7806463709644,38.7782199739728],[-90.7789529029234,38.7745233539765],[-90.7784537755954,38.7734300811181],[-90.7783219900483,38.7730424491516],[-90.7809099995509,38.7733469996938],[-90.7817819995871,38.7738820001266],[-90.7825109995081,38.7731390001597],[-90.7814489995011,38.7714669999191],[-90.7812910002157,38.7706759995382],[-90.7815949999893,38.769000999905],[-90.782334999781,38.7683919997907],[-90.780907999901,38.7676509997412],[-90.7797119999998,38.767338999814],[-90.7781724412147,38.7666643535194],[-90.7774039998628,38.7664300000804],[-90.7759836852452,38.7663647278282],[-90.7759934355592,38.7655145315027]]},"properties":{"OBJECTID":54564,"ID":"169712","VOLTAGE":161,"STATUS":"IN SERVICE","OWNER":"UNION ELECTRIC CO - (MO)","SUB_1":"UNKNOWN117752","SUB_2":"UNKNOWN117812","VOLT_CLASS":"100-161"}},{"type":"Feature","geometry":{"type":"LineString","coordinates":[[-90.6612585179901,38.8245451637769],[-90.6614543686884,38.8203710331302],[-90.6615257533124,38.8175156801388],[-90.66593013476,38.812522380973],[-90.665701706658,38.8108948299988],[-90.6659958222685,38.8105642141134]]},"properties":{"OBJECTID":54566,"ID":"169713","VOLTAGE":138,"STATUS":"IN SERVICE","OWNER":"UNION ELECTRIC CO - (MO)","SUB_1":"UNKNOWN162412","SUB_2":"TAP168409","VOLT_CLASS":"100-161"}},{"type":"Feature","geometry":{"type":"LineString","coordinates":[[-90.5943981295087,38.7562289337253],[-90.5940994558464,38.7566250359315],[-90.5940233981862,38.7570995191253],[-90.5868359632249,38.7570253810496],[-90.5870070931849,38.7559318400414],[-90.58754900188,38.7549680274858],[-90.5877866817311,38.7541265341064],[-90.5879625646773,38.7508049485628],[-90.5883380990936,38.7495556070708],[-90.5875409996875,38.7485469998733]]},"properties":{"OBJECTID":54567,"ID":"169714","VOLTAGE":138,"STATUS":"IN SERVICE","OWNER":"UNION ELECTRIC CO - (MO)","SUB_1":"UNKNOWN117942","SUB_2":"TAP168410","VOLT_CLASS":"100-161"}},{"type":"Feature","geometry":{"type":"LineString","coordinates":[[-90.5875409996875,38.7485469998733],[-90.5845230241505,38.7489352511325],[-90.581890000069,38.749366999825],[-90.5792770003335,38.7491909999012],[-90.5745940001124,38.749870999913],[-90.5665659998616,38.7509230001305],[-90.5587710001377,38.7524499998503],[-90.5536500002487,38.7538019997419],[-90.5492580002807,38.7532780000871],[-90.5444269999216,38.7529929996733],[-90.5418290002547,38.7513229996242],[-90.5396729995553,38.7499379994761],[-90.5354478302103,38.7493813997167],[-90.5338631086244,38.751208825674],[-90.5351480174843,38.7531932965387],[-90.5314360592543,38.7540927329636],[-90.5300226589695,38.753678706546],[-90.5298419691383,38.7535064210484]]},"properties":{"OBJECTID":54568,"ID":"169715","VOLTAGE":138,"STATUS":"IN SERVICE","OWNER":"UNION ELECTRIC CO - (MO)","SUB_1":"UNKNOWN121316","SUB_2":"TAP168410","VOLT_CLASS":"100-161"}},{"type":"Feature","geometry":{"type":"LineString","coordinates":[[-90.4026510720267,38.6863880244883],[-90.4020090002791,38.6875310000394],[-90.4032088701226,38.6880427147329],[-90.4041469996384,38.6888249998282],[-90.4056061771719,38.6906541740218],[-90.4071240003203,38.6926399997487],[-90.4107509994839,38.6950139998725],[-90.4120979998963,38.6959000001438],[-90.4135009994868,38.6970080000092],[-90.4155159997208,38.6988159997504],[-90.4187910003285,38.7036640000173],[-90.4195999997172,38.7049110001364],[-90.4204960000429,38.7059879996743],[-90.4236140002917,38.7094020000697],[-90.4258089995525,38.7117830001268],[-90.427006000177,38.712880999542],[-90.4282909997668,38.7135989997378],[-90.4312910000149,38.7151449998267],[-90.4327299995904,38.715895000071],[-90.4341809997598,38.7166480000476],[-90.4352279996982,38.7173409997654],[-90.4402209995407,38.7210909998126],[-90.4426709999679,38.7238059998742],[-90.44317191674,38.7236989389069],[-90.4435585794861,38.7237584247954]]},"properties":{"OBJECTID":54569,"ID":"169716","VOLTAGE":138,"STATUS":"IN SERVICE","OWNER":"UNION ELECTRIC CO - (MO)","SUB_1":"UNKNOWN117897","SUB_2":"UNKNOWN168411","VOLT_CLASS":"100-161"}},{"type":"Feature","geometry":{"type":"LineString","coordinates":[[-90.4435585794861,38.7237584247954],[-90.4429930001832,38.7241829998737],[-90.4441670003432,38.7253839995547],[-90.4453130000157,38.7266039997816],[-90.4468339996071,38.7273070001532],[-90.4501250001083,38.7282979999401],[-90.4534199999092,38.7293049996255],[-90.4549599997671,38.7299259998314],[-90.4562090002701,38.730869999813],[-90.4587290001192,38.7330539997437],[-90.4602389998398,38.7339420001422],[-90.4618380001473,38.7347209998211],[-90.4635638982684,38.7352869137022],[-90.4651220000775,38.7353799995534],[-90.4667139998139,38.7350749996749],[-90.4681769996789,38.7345829996165],[-90.4727260000057,38.73300000005]]},"properties":{"OBJECTID":54570,"ID":"169717","VOLTAGE":138,"STATUS":"IN SERVICE","OWNER":"UNION ELECTRIC CO - (MO)","SUB_1":"UNKNOWN168411","SUB_2":"DEADEND168412","VOLT_CLASS":"100-161"}},{"type":"Feature","geometry":{"type":"LineString","coordinates":[[-89.564011148014,37.256727059068],[-89.5636755095761,37.257097947792],[-89.5637888616936,37.2576251377501],[-89.5647778619057,37.2602621375294],[-89.5646258615697,37.2618711375302],[-89.5638548618159,37.264491137918],[-89.5626958617245,37.2686101376097],[-89.562198861607,37.2702441376493],[-89.5618178618405,37.271156137896],[-89.5609898621853,37.2727781376315],[-89.5597168622911,37.2752741375234],[-89.5575808616832,37.2794131380504],[-89.5562148619026,37.2820161379758],[-89.5558728615959,37.2828161381556],[-89.5556858619981,37.2835981376386],[-89.5556288620967,37.2843891375071],[-89.5553728620037,37.288093138162],[-89.5553198623002,37.2887731376901],[-89.555098861469,37.2898391378059],[-89.5550008615597,37.2916051375923],[-89.5548938623279,37.2922521381403],[-89.5538278621229,37.2966231379309],[-89.552985862224,37.2998951378216],[-89.5528218621924,37.3005141376727],[-89.5522248616176,37.3020341377852],[-89.5515988616287,37.3043211379137],[-89.5511088620822,37.3066971380423],[-89.5513688614749,37.3088441377336],[-89.5482708622158,37.3085221381667],[-89.5477608616795,37.3115591375296],[-89.5467678621679,37.317629137541],[-89.5461687900779,37.3179550259581]]},"properties":{"OBJECTID":54571,"ID":"169718","VOLTAGE":161,"STATUS":"IN SERVICE","OWNER":"UNION ELECTRIC CO - (MO)","SUB_1":"VIADUCT","SUB_2":"UNKNOWN153731","VOLT_CLASS":"100-161"}},{"type":"Feature","geometry":{"type":"LineString","coordinates":[[-88.2919360002488,37.0981960000261],[-88.2911904749198,37.0997861336963],[-88.2906724560213,37.1000566596053],[-88.2880739029922,37.0977179791157],[-88.2853613357873,37.0953970629024],[-88.282623913995,37.0930229450273],[-88.2798169482267,37.0905619925414],[-88.2772459698836,37.0883089886266],[-88.2750479720464,37.0863189847305],[-88.2705309733032,37.0822229401405],[-88.2701499079597,37.0818989420172],[-88.2641246459394,37.0770395221342],[-88.2629944018186,37.0761115318227],[-88.2618641576978,37.0751240555646],[-88.260448378674,37.0739581200074],[-88.2566174466696,37.070769641664],[-88.2541428072507,37.0685448461011],[-88.253606982845,37.0679039259438],[-88.2512479997224,37.065797999512],[-88.2492279653295,37.0604699250193],[-88.2481941544561,37.0575969459769],[-88.2470936535544,37.0546166707351],[-88.2457492591547,37.0513389625478],[-88.2443691710955,37.0477043369957],[-88.2429236775988,37.0437584696553],[-88.2405107138124,37.0433430309611],[-88.2381444615225,37.0429261559509],[-88.2358607635089,37.0425365256038],[-88.2348573462349,37.0423788516579],[-88.2325072636201,37.04198054172],[-88.2272846409162,37.0410656408305],[-88.2262449281114,37.0408799648345],[-88.2257529208303,37.0408129924981],[-88.223548147001,37.0405132227906],[-88.2233357681998,37.0386792049098],[-88.2225119789483,37.0309899688544],[-88.2226028938449,37.0296277355594],[-88.222736143646,37.0269151495034],[-88.2210115489804,37.0230676090776],[-88.2206051170098,37.0225267851212],[-88.219984772814,37.022276297762]]},"properties":{"OBJECTID":53169,"ID":"116159","VOLTAGE":161,"STATUS":"IN SERVICE","OWNER":"NOT AVAILABLE","SUB_1":"LIVINGSTON COUNTY","SUB_2":"BARKLEY","VOLT_CLASS":"100-161"}},{"type":"Feature","geometry":{"type":"LineString","coordinates":[[-87.6942559998655,39.00557499959],[-87.6942879996525,39.0043009996338],[-87.6940839419458,38.9928429610175],[-87.6940529500686,38.985106981992],[-87.6940499856281,38.9832639467539],[-87.6941268535687,38.9669329380934],[-87.6933419335212,38.9556099357957],[-87.6933189366499,38.9552839877069],[-87.6935229440509,38.9527829480076],[-87.693822340857,38.9434854438814],[-87.6940979556643,38.9295339777697],[-87.6940919369519,38.9285179606841],[-87.694131911982,38.9265779915114],[-87.6941009201047,38.9261639939538],[-87.6940709154759,38.918877967674],[-87.6941877557517,38.908740520613],[-87.6941877557517,38.9048123037961],[-87.6936649676973,38.8880629471698],[-87.6935769327995,38.8810239875727],[-87.6936089128236,38.8771329357804],[-87.6936629015722,38.8717179355034],[-87.6937129377335,38.8660809406295],[-87.6939964523254,38.8550545025601],[-87.693549983341,38.8514699935192],[-87.6929279000067,38.8440329441076],[-87.6920019166118,38.8328309511129],[-87.6929789243148,38.8220409619479],[-87.6938369510568,38.8141138465137],[-87.6938769701044,38.7982739441646],[-87.6940511031323,38.7763282440568],[-87.6959142207097,38.772452101958],[-87.6993906128243,38.7651995047675],[-87.7081561074654,38.7466693130489],[-87.7081429345701,38.7355059275412],[-87.7085859845666,38.7327239275545],[-87.7086719533392,38.7321579288977],[-87.7087299845066,38.7318829505379],[-87.7088199058665,38.7312469387139],[-87.7084779172379,38.7220439550291],[-87.7051749017697,38.7191999625715],[-87.7040669196983,38.7182439506817],[-87.7023915616934,38.7170977700499],[-87.7004924324529,38.7158789560855],[-87.6985721047684,38.7146537428849],[-87.6963051163173,38.7149732255594],[-87.6940871758809,38.7152909537984],[-87.6918464182362,38.7156015326475],[-87.6898173036724,38.7158056401426],[-87.6886095079931,38.7159332315632]]},"properties":{"OBJECTID":53241,"ID":"168073","VOLTAGE":138,"STATUS":"IN SERVICE","OWNER":"AMEREN ILLINOIS COMPANY","SUB_1":"LAWRENCEVILLE SOUTH","SUB_2":"TAP169377","VOLT_CLASS":"100-161"}},{"type":"Feature","geometry":{"type":"LineString","coordinates":[[-87.9718517576235,39.5449791946477],[-87.9718901632969,39.5427171521297],[-87.9733178396082,39.5427552235019],[-87.9732930002923,39.5451839999038],[-87.973340000148,39.5457409999224],[-87.972841947205,39.5488085720016],[-87.9728229119041,39.5527775127043],[-87.9731369997584,39.5615815185867],[-87.9785907248489,39.5615434478486],[-87.9812081317192,39.5615244117792],[-87.9838445747887,39.5612959840791],[-87.9866333029601,39.5612959840791],[-87.9918585999485,39.5612103231514],[-87.9919823320991,39.5631424458678],[-87.9922107602011,39.5699572217453],[-87.9928484544584,39.5723652358527],[-87.9930673658083,39.5768100701678],[-87.9933148301095,39.5833869000555],[-88.0082292910738,39.5830728107653],[-88.0203074347162,39.5827872761403],[-88.0286355486286,39.5826349897875],[-88.031005492096,39.5826445080405],[-88.0350791291273,39.5843291656158],[-88.0352218965788,39.5941039918195],[-88.0380486971486,39.5940754390099],[-88.0493939673344,39.5937518316028],[-88.0593305956114,39.5973115060776],[-88.0649651596534,39.5971592198051],[-88.071427775453,39.5972258446579],[-88.0831347235419,39.5973971660069],[-88.0893689121378,39.5980158259054],[-88.0960028492384,39.5975494517562],[-88.0992960227644,39.5973019877627],[-88.1088995278863,39.5972353629832],[-88.1184554429593,39.5972543989377],[-88.124213739152,39.5972353629832],[-88.1242232559041,39.6009663578448],[-88.1363299542944,39.6010615358986],[-88.1395279495194,39.6010710536968],[-88.1424594460405,39.6013470706596],[-88.1490838645925,39.6012423745326],[-88.1623422220416,39.6010424996062],[-88.1770948802536,39.6009758756561],[-88.1879737756866,39.6010329824963],[-88.2001090270283,39.6010615358986],[-88.2119397072678,39.6012709285409],[-88.222704389099,39.6014041785779],[-88.2303852893071,39.6014517680124],[-88.2367146553056,39.6014422495744],[-88.2424729505999,39.6014422495744],[-88.2423968075998,39.5995291630231],[-88.2423206645997,39.5939326706321],[-88.2535326849845,39.5940754390099],[-88.2664198459819,39.5939421887177],[-88.2761470832544,39.5938565279769],[-88.2859314255312,39.5936852068697],[-88.2893007429555,39.5939707415822],[-88.3043579722696,39.5938565279769],[-88.3171594726164,39.5937803845458],[-88.3231461969111,39.5938374931653],[-88.3266273483001,39.5864683015841],[-88.3316480108635,39.5864111945053],[-88.3348269707875,39.5864016767696],[-88.3378631632602,39.5860685517362],[-88.3413371757376,39.58608758799],[-88.3443257790597,39.5863921590327],[-88.3541291575357,39.5865349270269],[-88.357270046858,39.5863636058139],[-88.3699573327047,39.5860685517362],[-88.3831014756537,39.5860780695176],[-88.3952081731458,39.5862589085008],[-88.4007094864884,39.5860114450202],[-88.4007094864884,39.5896567796676],[-88.4006618982362,39.5930070606718],[-88.4034315902085,39.5928642928611],[-88.4155382877005,39.5942919694959],[-88.4287585727513,39.5943776296983],[-88.4423024651034,39.5935971666242],[-88.4521248797786,39.5930832028762],[-88.4567029630628,39.5931688638811],[-88.4646598805234,39.5931403099938],[-88.4676294476463,39.5930832028762],[-88.4705894980171,39.5930451321306],[-88.4764524901611,39.5930927210785],[-88.4797551822358,39.5928738110935],[-88.4846759072238,39.5928357388483],[-88.4947362676515,39.5928928468621],[-88.4976867994735,39.59325452478],[-88.5056246816333,39.5932735597518],[-88.505472395633,39.6018015489377],[-88.5052725204823,39.6104723036915],[-88.505243967531,39.6187242746601],[-88.5096947496579,39.6213857020314],[-88.5096947496579,39.6221530779916],[-88.5097018876712,39.6258614680055],[-88.5097233026092,39.6293521376522],[-88.509716164596,39.6324192625572],[-88.5107893019159,39.6329784355977],[-88.5135542346137,39.6344751167489],[-88.5167236777856,39.6361312220487],[-88.5187186177411,39.6371591486647],[-88.5209129567401,39.637173425873],[-88.523067320709,39.6372233946951],[-88.5251488726308,39.6372262497193],[-88.5273560611317,39.6372276775772],[-88.5289165120353,39.6372319611509],[-88.5306925406408,39.6372034067555],[-88.5315900734923,39.6371915100097],[-88.5443677792639,39.6371486797708],[-88.5619424778729,39.6374056608063],[-88.573178292833,39.6373628307],[-88.595607092877,39.637305724081],[-88.5957784141781,39.6560796705337],[-88.5958783508551,39.6656165510508],[-88.5981483567471,39.6667444156424],[-88.6007752821662,39.666787245528],[-88.607356870842,39.666730139008],[-88.6106262497927,39.6662875591115],[-88.6277583700208,39.6663446659973],[-88.6526713262357,39.6664874336969],[-88.661737072879,39.6665302637417],[-88.6618084566048,39.6811068417087],[-88.676756230693,39.6810211816912],[-88.697657415952,39.6808784136068],[-88.7194294837429,39.6810782888422],[-88.7323499578643,39.6812067801052],[-88.7374753172774,39.6777660789852],[-88.7617743720137,39.6778945694968],[-88.7769220212526,39.6782086586355],[-88.783778000332,39.6782250001283],[-88.806018999481,39.678343999902],[-88.8267622106073,39.6785941311313],[-88.8271334070591,39.6926995757219],[-88.8273389999866,39.7044529995705],[-88.8395109996099,39.7044360001197],[-88.8582860001521,39.7043139995479],[-88.8710000000987,39.704182999668],[-88.8710500003274,39.7117889999063],[-88.8715198731199,39.7133580570785]]},"properties":{"OBJECTID":53279,"ID":"168224","VOLTAGE":345,"STATUS":"IN SERVICE","OWNER":"AMEREN ILLINOIS COMPANY","SUB_1":"KANSAS WEST","SUB_2":"FARADAY","VOLT_CLASS":"345"}},{"type":"Feature","geometry":{"type":"LineString","coordinates":[[-90.3842149043316,38.8448334110933],[-90.3846470092546,38.8450973068923],[-90.3869208186136,38.8465523589326],[-90.3891397957059,38.847981074823],[-90.3915704742697,38.8495943100248],[-90.3936599915531,38.850214764867],[-90.3977953769804,38.8514067425877],[-90.4031333613331,38.8530466096798],[-90.4130779711414,38.8560414089792],[-90.4205603589431,38.8583106108752],[-90.4272056327826,38.8602464585785],[-90.4330049191016,38.8620675534749],[-90.4373215818583,38.8633434296969],[-90.4372120898016,38.8634798734828]]},"properties":{"OBJECTID":53285,"ID":"168238","VOLTAGE":138,"STATUS":"IN SERVICE","OWNER":"UNION ELECTRIC CO - (MO)","SUB_1":"TAP139440","SUB_2":"TAP167219","VOLT_CLASS":"100-161"}},{"type":"Feature","geometry":{"type":"LineString","coordinates":[[-90.7759934355592,38.7655145315027],[-90.7758730002257,38.7664619995017],[-90.7773685307821,38.7664789419729],[-90.7781823065131,38.7667073697138],[-90.7796813665503,38.76734982468],[-90.7808806156579,38.7676781896094],[-90.7822654620932,38.7683920285071],[-90.781565899964,38.7689488225116],[-90.7812518112114,38.7706477581421],[-90.7813945786629,38.7714758098908],[-90.7824653372439,38.7731176379277],[-90.7817943289644,38.7738171997238],[-90.7809519984853,38.7733032360236],[-90.7780239137656,38.7728866505948],[-90.776908856563,38.7727583589935],[-90.7770811749941,38.7735690567643],[-90.7767008875916,38.7747827718743],[-90.776296831665,38.7763624226466],[-90.7681919526939,38.7768812448212],[-90.7650724073428,38.7770526405094],[-90.7619053249434,38.7768534505843],[-90.760829824156,38.7773120499081],[-90.7581737528975,38.7774788119946],[-90.7578528845595,38.7793317017977],[-90.7537766783465,38.7809019878308],[-90.7522852378196,38.7823795999843],[-90.7511087232752,38.7835792686506],[-90.7487913456249,38.7858395946671],[-90.7471157028541,38.7875486864933],[-90.7407340028038,38.7938057439155],[-90.7382859023134,38.7962537667324],[-90.7373518197079,38.7973003797063],[-90.7366292741822,38.7981413638585],[-90.7348704438228,38.8001344930238],[-90.7336630308258,38.8014718586794],[-90.7316142314792,38.8037649567646],[-90.7301311102502,38.8054578756629],[-90.7283675269046,38.8076471269622],[-90.7273455037244,38.8090769556418],[-90.72482609856,38.8125736207242],[-90.72305776133,38.815007109127],[-90.721636437006,38.8170182857969],[-90.7199869388032,38.8193182905531],[-90.7188936127456,38.8208293650954],[-90.7177765181639,38.8220552365892],[-90.7166641765684,38.8232847920504],[-90.7155328212316,38.8244884017199],[-90.7144775226567,38.8256512548184],[-90.7124715055755,38.8278324779084],[-90.7104845040322,38.8302247105999],[-90.7085260231009,38.8325835370151],[-90.7069145541774,38.8345497830474],[-90.7049370586064,38.8369343847708],[-90.7035252411531,38.8386302181521],[-90.7005542448106,38.8389116177843],[-90.7001378891511,38.8390447897307]]},"properties":{"OBJECTID":53398,"ID":"167545","VOLTAGE":161,"STATUS":"IN SERVICE","OWNER":"UNION ELECTRIC CO - (MO)","SUB_1":"UNKNOWN117752","SUB_2":"UNKNOWN121321","VOLT_CLASS":"100-161"}},{"type":"Feature","geometry":{"type":"LineString","coordinates":[[-90.6526894786135,38.7553105349538],[-90.6526249391519,38.7556027401434],[-90.6516195536691,38.7555777180092],[-90.6486033981189,38.7534174507296],[-90.648057923112,38.7535425650994],[-90.6380297996267,38.7563402975664],[-90.63496967334,38.7571511826021],[-90.6350172085916,38.7574291991484],[-90.6348709996942,38.7575406171573]]},"properties":{"OBJECTID":53405,"ID":"147742","VOLTAGE":161,"STATUS":"IN SERVICE","OWNER":"UNION ELECTRIC CO - (MO)","SUB_1":"UNKNOWN117746","SUB_2":"UNKNOWN117943","VOLT_CLASS":"100-161"}},{"type":"Feature","geometry":{"type":"LineString","coordinates":[[-90.6612585179901,38.8245451637769],[-90.6587693519149,38.8246723739987],[-90.6554234356037,38.8247058988456],[-90.6512093092485,38.8247394901623],[-90.6470508820341,38.8247646510965],[-90.6430109524873,38.8244015929032],[-90.639062601692,38.8240295691153],[-90.6350456968642,38.8236548657241],[-90.6308922696727,38.8232633580616],[-90.6268538106679,38.8228913717182],[-90.6228154693425,38.8225165958495],[-90.6187734772637,38.8221418816967],[-90.6147705717813,38.8217719296367],[-90.6110083905404,38.8219204560345],[-90.6071529336304,38.8220603631696],[-90.6033692548065,38.8222141317141],[-90.5997113886314,38.8223567628719],[-90.5955190131842,38.8225217755868],[-90.5942804951222,38.8225609745887],[-90.5917241305721,38.8226700995583],[-90.5881562710969,38.8228070587801],[-90.5840243980824,38.8229720907474],[-90.5801463979503,38.8231257537431],[-90.5759355881751,38.8231145069285]]},"properties":{"OBJECTID":53411,"ID":"164692","VOLTAGE":138,"STATUS":"IN SERVICE","OWNER":"UNION ELECTRIC CO - (MO)","SUB_1":"TAP139442","SUB_2":"TAP168409","VOLT_CLASS":"100-161"}},{"type":"Feature","geometry":{"type":"LineString","coordinates":[[-90.6804941755084,38.8262881300734],[-90.6802227046295,38.8257094576158],[-90.6778670560532,38.8250223898949],[-90.6748090551804,38.824958776727],[-90.670643798075,38.8248624806601],[-90.6664367675123,38.8247647140828],[-90.6622388997654,38.8246639709142],[-90.6612585179901,38.8245451637769]]},"properties":{"OBJECTID":53412,"ID":"164691","VOLTAGE":138,"STATUS":"IN SERVICE","OWNER":"UNION ELECTRIC CO - (MO)","SUB_1":"O'FALLON RENEWABLE ENERGY CENTER","SUB_2":"TAP168409","VOLT_CLASS":"100-161"}},{"type":"Feature","geometry":{"type":"LineString","coordinates":[[-90.5875409996875,38.7485469998733],[-90.5883618667194,38.7481913159984],[-90.5921742503098,38.7475721854753],[-90.5942278026426,38.7471792025916],[-90.5981780398999,38.7468010467325],[-90.5990764692701,38.7466638720739],[-90.601044457072,38.7461337078128],[-90.6021758133072,38.7456851035626],[-90.6021567977692,38.7445061158603],[-90.6023849707497,38.7403832125267],[-90.6024182461445,38.7396972749502],[-90.6025798683354,38.7365937875304],[-90.6025703605665,38.7353404898301],[-90.6085171080343,38.7354480217582],[-90.6086977448649,38.7319920727876],[-90.6088831346817,38.7317695808091],[-90.6135083822132,38.731862285826],[-90.6136890190438,38.7292071678426],[-90.6137080327851,38.7284321214797],[-90.6182572226565,38.7285211229324],[-90.623319800611,38.7263109008093],[-90.6255254691624,38.7275606489907],[-90.6273841248077,38.7274531044883],[-90.6277026162035,38.7274160200672],[-90.6278390002266,38.7275326260033]]},"properties":{"OBJECTID":53414,"ID":"166984","VOLTAGE":138,"STATUS":"IN SERVICE","OWNER":"UNION ELECTRIC CO - (MO)","SUB_1":"UNKNOWN117811","SUB_2":"TAP168410","VOLT_CLASS":"100-161"}},{"type":"Feature","geometry":{"type":"LineString","coordinates":[[-89.565808005856,37.2566513880461],[-89.566592354575,37.2566374219959],[-89.5664069647583,37.2557917965368],[-89.5639683711385,37.2557747701018],[-89.5625209022465,37.2502694585157],[-89.5612873437832,37.2458396928735],[-89.5606527388322,37.2434897417216],[-89.559854134748,37.240589098809],[-89.5592815961966,37.2375637080181],[-89.55811613632,37.2325844146267],[-89.5549549944796,37.2292395709877],[-89.551021395818,37.2250429319252],[-89.5472541723334,37.2210400571295],[-89.5455250519554,37.2192656651313],[-89.5559116562397,37.2160196025196],[-89.5561940164965,37.2139782141509],[-89.5563947010292,37.2126605736504],[-89.5566820720886,37.2109422711262],[-89.5571841405009,37.2077834314692],[-89.5573570661931,37.2067015748158],[-89.5575954790695,37.2055991690402],[-89.557495766073,37.2048550641748],[-89.5572426630468,37.1971982061153],[-89.5570822293269,37.1942919949434],[-89.5568742585588,37.189544311992],[-89.5582646862269,37.1860602786477],[-89.5586330889182,37.1851040361233],[-89.558656856544,37.1832483201035],[-89.5586027599976,37.177020127714],[-89.5585627849675,37.1721111209862],[-89.5584557956171,37.1659381014665],[-89.5584487887579,37.1654961295967],[-89.5584438480239,37.1652331214622],[-89.5583308399611,37.1586941314731],[-89.5583835252542,37.155585183095],[-89.5583454968733,37.1502354809076],[-89.5583169744647,37.148280395701],[-89.5585641620848,37.1453173597386],[-89.5586782481259,37.1416645590375],[-89.5589567860511,37.134846084509],[-89.5615267762474,37.1342480951035],[-89.5666262578922,37.1331608809648],[-89.5713513307096,37.1295302319811],[-89.5759813330239,37.125922148607],[-89.5818757895591,37.1223745376953],[-89.5836993318566,37.1216584811651],[-89.5860427884979,37.1206801264841],[-89.5894340050522,37.1191830627666],[-89.5912974136837,37.1185690110671],[-89.5964122816726,37.1167647289071],[-89.598199632644,37.1158777350124],[-89.5994450749202,37.1147784538047],[-89.602738786537,37.1116550986803],[-89.6034548336499,37.1110330706727],[-89.6082657611541,37.1066421218406],[-89.6085437897345,37.1063900859295],[-89.6113337773439,37.1038531229236],[-89.6136227745194,37.1018340805421],[-89.6149227786693,37.1000692990508],[-89.616558016117,37.0980219221208],[-89.6188998378244,37.0930460615728],[-89.6198570098276,37.0908632506077],[-89.6213021026757,37.0873064140704],[-89.6231845259469,37.0855317244763],[-89.6247015154587,37.0838199368261],[-89.6270729671975,37.0813602836519],[-89.6343935019412,37.0752240561588],[-89.6375593958694,37.0725995096834],[-89.6386289632844,37.0723192928641]]},"properties":{"OBJECTID":53428,"ID":"101238","VOLTAGE":161,"STATUS":"IN SERVICE","OWNER":"UNION ELECTRIC CO - (MO)","SUB_1":"UNKNOWN117104","SUB_2":"UNKNOWN121696","VOLT_CLASS":"100-161"}},{"type":"Feature","geometry":{"type":"LineString","coordinates":[[-89.6399071859836,37.2977433591564],[-89.638467892659,37.2970621815547],[-89.6341540056965,37.2950674111717],[-89.6250848274888,37.2908331316905],[-89.6121258219299,37.2850211136236],[-89.6099958265597,37.2840490768899],[-89.609023848524,37.2836060805637],[-89.6078627769176,37.2830760977153],[-89.6074997677113,37.2829100618623],[-89.6025787965849,37.280666076039],[-89.5965407695043,37.27791208972],[-89.5953998201603,37.2773910725502],[-89.594430806565,37.276949110671],[-89.5903327829687,37.2750800870041],[-89.5900457712354,37.2749491306599],[-89.5890747822448,37.2745060814864],[-89.5743057603217,37.2677700969069],[-89.5722570615864,37.263373596681],[-89.5717272361301,37.2620062018277],[-89.571016938235,37.2601460295343],[-89.5702856197622,37.2583678211344],[-89.5695462155535,37.2565011239926],[-89.5660278424707,37.2565202795301],[-89.565808005856,37.2566513880461]]},"properties":{"OBJECTID":53429,"ID":"144994","VOLTAGE":161,"STATUS":"IN SERVICE","OWNER":"UNION ELECTRIC CO - (MO)","SUB_1":"UNKNOWN117104","SUB_2":"TAP153755","VOLT_CLASS":"100-161"}},{"type":"Feature","geometry":{"type":"LineString","coordinates":[[-89.565808005856,37.2566513880461],[-89.564011148014,37.256727059068]]},"properties":{"OBJECTID":53430,"ID":"133070","VOLTAGE":161,"STATUS":"IN SERVICE","OWNER":"UNION ELECTRIC CO - (MO)","SUB_1":"VIADUCT","SUB_2":"UNKNOWN117104","VOLT_CLASS":"100-161"}},{"type":"Feature","geometry":{"type":"LineString","coordinates":[[-89.6081731322719,37.3512085246263],[-89.6086070005878,37.3511248971404],[-89.6088803327759,37.3511248971404],[-89.6090110556161,37.3503880294829],[-89.6090883017473,37.3486780915779],[-89.6091215771421,37.3456445104838],[-89.6091857509894,37.343836207771],[-89.6093640108777,37.3394087990115],[-89.6095636623479,37.3348280538461],[-89.6096634867356,37.3301733236798],[-89.6105500331911,37.3260853145209],[-89.6110634212743,37.3235375195805],[-89.6116053308678,37.3212996227852],[-89.6084014076603,37.3142452747907],[-89.6037619002719,37.3071978264807],[-89.6005579770645,37.3024411831499],[-89.5851943584581,37.2903931998164],[-89.5810302098737,37.2871256180437],[-89.5758297782523,37.2845084237047],[-89.5742991208734,37.2827686208979],[-89.5736906595921,37.2810968586042],[-89.5735100236598,37.2783054629743],[-89.572549798283,37.2757182229495],[-89.5723311321731,37.2696355897111],[-89.5721885246218,37.2668815994693],[-89.5721219738323,37.2635751648548],[-89.5693839034564,37.2567348475291],[-89.5667218907407,37.2567348475291],[-89.5660183589562,37.2567348475291],[-89.565808005856,37.2566513880461]]},"properties":{"OBJECTID":53436,"ID":"145202","VOLTAGE":161,"STATUS":"IN SERVICE","OWNER":"UNION ELECTRIC CO - (MO)","SUB_1":"UNKNOWN117104","SUB_2":"UNKNOWN117953","VOLT_CLASS":"100-161"}},{"type":"Feature","geometry":{"type":"LineString","coordinates":[[-89.6620016151125,37.0503083338124],[-89.661412941022,37.0502639415953],[-89.6600505479773,37.0502544305102]]},"properties":{"OBJECTID":53443,"ID":"114726","VOLTAGE":161,"STATUS":"IN SERVICE","OWNER":"UNION ELECTRIC CO - (MO)","SUB_1":"UNKNOWN121697","SUB_2":"TAP153751","VOLT_CLASS":"100-161"}},{"type":"Feature","geometry":{"type":"LineString","coordinates":[[-90.4030361681109,39.4851873558172],[-90.403182504569,39.4847661916828],[-90.4034430555273,39.4844735175514],[-90.4154391093224,39.4845615576582],[-90.4159268981149,39.484668634007],[-90.4168727342776,39.4921936789134],[-90.4168429910585,39.5067083920647],[-90.4168310928726,39.510194302042],[-90.4163730472991,39.5108308079506],[-90.4163789959429,39.5136088280142],[-90.4166883263194,39.5145784587666],[-90.4225180053395,39.5192065095181],[-90.4236541981041,39.5204319326283],[-90.4240706040692,39.5210862845716],[-90.4285737337227,39.5294381925661],[-90.4292578286593,39.5299319309713],[-90.4303999700677,39.5321745728354],[-90.430643864464,39.5375581030841],[-90.4306141212449,39.5509723148111],[-90.4306795563269,39.5568138915584],[-90.4303642782049,39.557575318949],[-90.4302928935808,39.5596454497687],[-90.4303702268487,39.5626673658831],[-90.4304832510811,39.5648743159598],[-90.4351530002534,39.5649759999013]]},"properties":{"OBJECTID":55100,"ID":"167676","VOLTAGE":138,"STATUS":"IN SERVICE","OWNER":"NOT AVAILABLE","SUB_1":"ROODHOUSE WEST","SUB_2":"TAP168730","VOLT_CLASS":"100-161"}},{"type":"Feature","geometry":{"type":"LineString","coordinates":[[-90.5635461872699,39.8206301080007],[-90.5648723746154,39.8205900775628],[-90.5622734281242,39.8182527698512],[-90.5616454949609,39.8173457544861],[-90.5610600000081,39.8151459995362],[-90.5608879995807,39.805109999724],[-90.5607499994884,39.7951069997417],[-90.5606409997085,39.788853999507],[-90.5604929995705,39.7775749996866],[-90.5604170003008,39.7738539997428],[-90.560364999524,39.7701229996191],[-90.5603460001557,39.7688659998179],[-90.5603460001557,39.7676099996749],[-90.5601789997511,39.7662539999748],[-90.55970299955,39.764892999803],[-90.5589279995982,39.7636789995134],[-90.5586899999469,39.761322999746],[-90.5587319997797,39.7527719999941],[-90.5588420002828,39.7405740000149],[-90.5588990001842,39.7393179998773],[-90.5586179999768,39.7368910001634],[-90.5588280000391,39.7348069999586],[-90.5587710001377,39.7318370000888],[-90.5576329999627,39.7318470000612],[-90.5542159999631,39.7320039997824],[-90.5522650002015,39.7319990001533],[-90.5464539998512,39.7319320001131],[-90.5405299995229,39.7318699996467],[-90.5307449996793,39.731765999898],[-90.5210090002395,39.7316469996476],[-90.5049040002326,39.7316179999851],[-90.5047569999195,39.7278439998633],[-90.5045760001695,39.727239999785],[-90.5040949999456,39.7265929999098],[-90.5036189997445,39.7259839998613],[-90.5029719998392,39.7244319998966],[-90.5026580000199,39.723684999499],[-90.5026820003093,39.7173509999634],[-90.5027869998913,39.7105460000004],[-90.5029199999607,39.6991860000416],[-90.5029529995727,39.6968679998842],[-90.5031569997872,39.696207999749],[-90.5029669998164,39.6954359995502],[-90.5031910001224,39.6880599994997],[-90.5030530000301,39.6861469995343],[-90.5031960001452,39.6844569996247],[-90.5032959997043,39.6833909995946],[-90.5030199995198,39.6806450000642],[-90.5033240001917,39.6796509996563],[-90.5036649997753,39.6722159996499],[-90.5041550002201,39.6561830000998],[-90.5043639995591,39.6487969994914],[-90.5044070001151,39.6444429998608],[-90.5045689995985,39.6410259997916],[-90.5046209994771,39.6399029998968],[-90.5047689996151,39.6396979999165],[-90.5049779998524,39.6319459996776],[-90.4979780001718,39.6315220001233],[-90.4954170003148,39.6310219999597],[-90.4954700000183,39.6300179995054],[-90.4929960001999,39.629956999929],[-90.4913900002198,39.6297339999307],[-90.4897599999503,39.6295229996771],[-90.4861069999491,39.6296739998519],[-90.4864879997156,39.6164799995129],[-90.4867039996257,39.6080979997303],[-90.4868500001139,39.5995609999994],[-90.4868889995736,39.5948100000418],[-90.4870140001454,39.5841599996866],[-90.4870750002448,39.5805340000652],[-90.4871070000318,39.5793059996156],[-90.4869110002132,39.5786489998166],[-90.4870059997494,39.570126999854],[-90.4870450001075,39.567742999602],[-90.4870950003362,39.5669330001288],[-90.4864590003016,39.566164999753],[-90.4838559997135,39.5655110000038],[-90.4746709999196,39.5654189995125],[-90.472639999792,39.5654159995622],[-90.4718580001675,39.5652879994829],[-90.4699240001243,39.5652609998743],[-90.4648559999387,39.5652279996458],[-90.4540950003019,39.5651930001207],[-90.4490799998198,39.5652159998106],[-90.4363089999718,39.5649899997573],[-90.4351530002534,39.5649759999013]]},"properties":{"OBJECTID":55102,"ID":"170177","VOLTAGE":138,"STATUS":"IN SERVICE","OWNER":"NOT AVAILABLE","SUB_1":"MEREDOSIA","SUB_2":"TAP168730","VOLT_CLASS":"100-161"}},{"type":"Feature","geometry":{"type":"LineString","coordinates":[[-90.4351530002534,39.5649759999013],[-90.4351529427613,39.5679795115889],[-90.4351620462884,39.5689923156515],[-90.4359077881114,39.5690221460232],[-90.435905448,39.569451803607]]},"properties":{"OBJECTID":55103,"ID":"170178","VOLTAGE":138,"STATUS":"IN SERVICE","OWNER":"NOT AVAILABLE","SUB_1":"ALSEY","SUB_2":"TAP168730","VOLT_CLASS":"100-161"}},{"type":"Feature","geometry":{"type":"LineString","coordinates":[[-90.3658467049675,39.1312690820808],[-90.3655287768154,39.1316061425208],[-90.3651534463167,39.1316592870027],[-90.3651500273287,39.1378668428762],[-90.3737636761441,39.1379239499802],[-90.3898297970655,39.1383141807339],[-90.3902842736324,39.1596008401436],[-90.3904508356591,39.1742583189769],[-90.3897726902646,39.1745914436697],[-90.3898440739903,39.1889633879004],[-90.3946743799517,39.1889871830673],[-90.3946386880889,39.2037517390392],[-90.394793352828,39.2100454128381],[-90.3900582251676,39.2168982609022],[-90.3938534653091,39.2320911189808],[-90.394079513774,39.2327454710468],[-90.3959116987628,39.2357911811216],[-90.3955071909837,39.2364812250529],[-90.3968039971312,39.2386941225858],[-90.3973750678354,39.2405501028213],[-90.3987908468591,39.2453685119914],[-90.4011150912314,39.2519696607526],[-90.4017515961193,39.2548309625177],[-90.4015850340925,39.2620823707572],[-90.4018765176393,39.2642655260898],[-90.4047795079215,39.2765197389689],[-90.4179750785223,39.2767876774822],[-90.4179584228586,39.2984778916842],[-90.4226840319703,39.2985540347407],[-90.4226183588348,39.320483147626],[-90.4224660737329,39.3290301718982],[-90.4223423415823,39.3463145755759],[-90.4199119998868,39.3463230001093],[-90.4200009519645,39.3536623516085],[-90.4182115968517,39.3535481380439],[-90.4182776266184,39.3688516405431],[-90.418198311667,39.3727083509905],[-90.4181626198041,39.3754923198067],[-90.4229810284779,39.3754209366119],[-90.4229691311903,39.3826188058843],[-90.4230762067789,39.4045098468235],[-90.4229929257656,39.4116125380103],[-90.4228739528893,39.4193100950279],[-90.4226598008138,39.439368951095],[-90.4220292436715,39.4411892386048],[-90.4218031952066,39.457952540584],[-90.421733299091,39.4705746900797],[-90.4034636781513,39.4753098169914],[-90.4033181340072,39.4843557346842],[-90.4029362305355,39.484744776595],[-90.4029433685488,39.4850517269441],[-90.4030361681109,39.4851873558172]]},"properties":{"OBJECTID":55115,"ID":"115744","VOLTAGE":138,"STATUS":"IN SERVICE","OWNER":"AMEREN ILLINOIS COMPANY","SUB_1":"UNKNOWN122046","SUB_2":"ROODHOUSE WEST","VOLT_CLASS":"100-161"}},{"type":"Feature","geometry":{"type":"LineString","coordinates":[[-88.8967456820056,39.8751341067305],[-88.8973505805684,39.874853972846],[-88.8979140003214,39.8748180001639],[-88.8979019997275,39.8745039996746],[-88.8984409996777,39.8736299996484],[-88.8983169998292,39.8641139997751],[-88.898322999677,39.8635000001096],[-88.8920960002983,39.8637360000247],[-88.8909940001084,39.8637869997185],[-88.8904192112772,39.8638894161516],[-88.8895920003428,39.8650269996448],[-88.8893780000825,39.8647450000378]]},"properties":{"OBJECTID":55117,"ID":"170206","VOLTAGE":138,"STATUS":"IN SERVICE","OWNER":"AMEREN ILLINOIS COMPANY","SUB_1":"DECATUR ADM NORTH","SUB_2":"UNKNOWN157075","VOLT_CLASS":"100-161"}},{"type":"Feature","geometry":{"type":"LineString","coordinates":[[-88.8893780000825,39.8647450000378],[-88.8900969999578,39.8637780000998],[-88.890456999808,39.8635790001073],[-88.8958049994777,39.8634359999226],[-88.896895999797,39.8631649999991],[-88.8978879994838,39.8629429996916],[-88.8978780003364,39.8583109996886],[-88.897853000222,39.856086000067],[-88.9026410000251,39.8560360000835],[-88.9026079995148,39.8528419996425],[-88.9073319997438,39.8527809997539],[-88.9073290002691,39.8507460000421],[-88.9066759996177,39.8507430000589],[-88.9066630000972,39.8477959995376],[-88.9068630001138,39.8475389998103],[-88.9080669995127,39.8471299997282],[-88.9107670001851,39.8465979995488],[-88.9118450000856,39.8450549997715],[-88.9156349994559,39.8449819996113],[-88.9167812587415,39.8449370098667],[-88.9167429994936,39.8419599999252],[-88.916546999675,39.8413949995288],[-88.9165719997894,39.8379939996317],[-88.914206999751,39.8363809999157],[-88.9075240002628,39.8317929997706],[-88.9025869995984,39.8283659996461],[-88.9010359998699,39.8273639997836],[-88.8996219995104,39.8265890001024],[-88.8979129995981,39.8257509994861],[-88.8960480000503,39.8250679996884],[-88.8934729999496,39.82436599971],[-88.8925809998219,39.824133000115],[-88.8923280001019,39.8162189996989],[-88.8922419998882,39.8127039998244],[-88.8918369998323,39.8126190000877],[-88.8884709998862,39.8126789999128],[-88.8828000001763,39.8127729996714],[-88.8818200001851,39.8126589999769],[-88.879188000183,39.8126989998428],[-88.8777920002651,39.8127239997471],[-88.877869000258,39.8125239995676],[-88.8778290000751,39.8102399998739],[-88.8777370000136,39.8058109997648],[-88.8773379998054,39.8042119998561],[-88.8762359996154,39.8022749995626],[-88.8758749999404,39.8012579998553],[-88.8741829997466,39.7988079997849],[-88.8732399995653,39.7975939999705],[-88.8727180002318,39.7964740000802],[-88.8721149998091,39.7953120000695],[-88.8724090696056,39.7947898689418],[-88.8717499999361,39.7931279999648],[-88.8715609997902,39.792308000011],[-88.8722377492028,39.792170082033],[-88.8722560685464,39.7918809097674]]},"properties":{"OBJECTID":55118,"ID":"170207","VOLTAGE":138,"STATUS":"IN SERVICE","OWNER":"AMEREN ILLINOIS COMPANY","SUB_1":"UNKNOWN157075","SUB_2":"UNKNOWN162223","VOLT_CLASS":"100-161"}},{"type":"Feature","geometry":{"type":"LineString","coordinates":[[-88.8816069449525,39.8763859997304],[-88.8805837773186,39.876124259917],[-88.8793940458614,39.876124259917],[-88.8793167134918,39.8757197506545],[-88.8792334324785,39.8730071660241],[-88.8791204082461,39.8681114247316],[-88.8826301125864,39.8649288957187],[-88.8826360621285,39.863453629664],[-88.8853902878065,39.8634000915841],[-88.8862587907012,39.8638402920275],[-88.8893163990102,39.8637629595912],[-88.8893780000825,39.8647450000378]]},"properties":{"OBJECTID":55119,"ID":"170209","VOLTAGE":138,"STATUS":"IN SERVICE","OWNER":"AMEREN ILLINOIS COMPANY","SUB_1":"UNKNOWN157075","SUB_2":"UNKNOWN168750","VOLT_CLASS":"100-161"}},{"type":"Feature","geometry":{"type":"LineString","coordinates":[[-88.8967456820056,39.8751341067305],[-88.8974065662719,39.8759695950749],[-88.8977277930377,39.8759636455717],[-88.8976207183474,39.8786762318457],[-88.8975552814689,39.8801514966077],[-88.8974601040662,39.8814958925993],[-88.8924751324674,39.8816267627202],[-88.8893163990102,39.881686250059],[-88.8891914765919,39.8751070399487],[-88.8849441386223,39.875220063909],[-88.8834688731604,39.875237909853],[-88.8834807695497,39.8769273280694],[-88.8801911659287,39.876957071026],[-88.8802328055371,39.8766298950359],[-88.8805480845574,39.8766179975222],[-88.8816069449525,39.8763859997304]]},"properties":{"OBJECTID":55120,"ID":"170208","VOLTAGE":138,"STATUS":"IN SERVICE","OWNER":"AMEREN ILLINOIS COMPANY","SUB_1":"DECATUR ADM NORTH","SUB_2":"UNKNOWN168750","VOLT_CLASS":"100-161"}},{"type":"Feature","geometry":{"type":"LineString","coordinates":[[-88.275899000014,40.0691110000684],[-88.273073999668,40.0690869997249],[-88.2633239999845,40.0690249997149],[-88.2607630001276,40.0689299997898],[-88.2576369994827,40.0688489997561],[-88.2571129996011,40.0692300000427],[-88.2501890000885,40.069173999555],[-88.2488690003386,40.0691999996644],[-88.2478009995855,40.0757560001439],[-88.2468669996251,40.081650999674],[-88.2465019997521,40.0839699996784],[-88.2459469999083,40.0872639997727],[-88.2452755550475,40.0877428068489],[-88.2441428935603,40.0877557040505]]},"properties":{"OBJECTID":55121,"ID":"156709","VOLTAGE":138,"STATUS":"IN SERVICE","OWNER":"AMEREN ILLINOIS COMPANY","SUB_1":"TAP156130","SUB_2":"TAC-DISTRIBUTED ENERGY RESOURCE INT.","VOLT_CLASS":"100-161"}},{"type":"Feature","geometry":{"type":"LineString","coordinates":[[-88.0560919983323,40.0236232357518],[-88.0566748225937,40.0240402648799],[-88.0566613065419,40.0252522170874],[-88.0567035489198,40.0329864568776],[-88.0802619570774,40.033172235964],[-88.0932765467928,40.0331623788865],[-88.1032683801373,40.041309652962],[-88.1246774225522,40.0564506546442],[-88.1330967585851,40.0623512879714],[-88.1430540750631,40.062278086921],[-88.1429065492355,40.0548494100896],[-88.1622372898333,40.0547780258625],[-88.1795788019642,40.0546733295026],[-88.182243797985,40.0547114011123],[-88.1885303341074,40.0547066415606],[-88.1913571337789,40.0547399549776],[-88.2103363312666,40.0546292118176],[-88.2194465499065,40.0545650877203],[-88.2512080228956,40.0545900716332],[-88.2492920852779,40.0663181398134],[-88.2488843669199,40.0685284689481],[-88.2481705287642,40.0688187627254],[-88.2478374038124,40.0705985999504],[-88.2472235032321,40.0742534519626],[-88.2464858696029,40.0796453106717],[-88.2457434784959,40.0831954665875],[-88.2456245047213,40.0871548895161],[-88.2452485507917,40.0875974695262],[-88.2441428935603,40.0877557040505]]},"properties":{"OBJECTID":55125,"ID":"156909","VOLTAGE":138,"STATUS":"IN SERVICE","OWNER":"AMEREN ILLINOIS COMPANY","SUB_1":"SIDNEY","SUB_2":"TAC-DISTRIBUTED ENERGY RESOURCE INT.","VOLT_CLASS":"100-161"}},{"type":"Feature","geometry":{"type":"LineString","coordinates":[[-89.5787976852886,39.9907613990588],[-89.5600849317074,39.990859941553],[-89.5595419001181,39.9908459695601],[-89.5405037246387,39.9911158285886],[-89.5386221125463,39.9911276669859],[-89.5364898722862,39.9911279415932],[-89.5343946417176,39.9911314516111],[-89.5322966254732,39.9911359946753],[-89.5301526172829,39.9911364757542],[-89.5280077997105,39.9911403305793],[-89.5258734025955,39.991161665976],[-89.5238482406189,39.9911776331073],[-89.5217813069817,39.9911844466665],[-89.5197768062567,39.9911980737828],[-89.5175258078178,39.9912140409055],[-89.5147967259846,39.991232278521],[-89.5125190475817,39.9912663469711],[-89.5107046294726,39.9912663469711],[-89.5088872487196,39.9912890588028],[-89.5069034990777,39.9912890588028],[-89.5049316071975,39.9912890588028],[-89.5027875981089,39.9913482464892],[-89.5006376601394,39.9913391617653],[-89.4984994002686,39.9913573319002],[-89.4963732676541,39.9913892660675],[-89.4942232398531,39.9913937396026],[-89.492079140933,39.9914165890392],[-89.4920672831712,39.9914119778583],[-89.4901310535095,39.9914210625726],[-89.488123679074,39.9914210625726],[-89.4861220529579,39.9914301465974],[-89.4841175522329,39.9914574695529],[-89.4819467733488,39.9913937396026],[-89.4627346840304,39.9911865795168],[-89.4605244691054,39.9911574677211],[-89.458387466876,39.9911463870797],[-89.4562205507476,39.9911288369919],[-89.4537066145267,39.991108878063],[-89.4516710329912,39.9910992427159],[-89.4492589666218,39.9910605636662],[-89.4470840545891,39.9910391587257],[-89.4456181846068,39.9910385399981],[-89.4443589262415,39.991007982147],[-89.4433910804561,39.9910136945391],[-89.4412537197989,39.990991670856],[-89.4391269574654,39.9909627647611],[-89.4369755830898,39.9909382627066],[-89.4348472046872,39.9909205756054],[-89.432684241146,39.9908827911681],[-89.4305560415081,39.990862762655],[-89.428419040177,39.9908294517579],[-89.4262850014898,39.9907938696453],[-89.424153839208,39.990753951586],[-89.4220379464895,39.990754158747],[-89.4198763313197,39.9907441785403],[-89.4177205543008,39.9907456926742],[-89.4155646865521,39.9907468626868],[-89.413447267596,39.990745073944],[-89.4112916711385,39.9907517498978],[-89.4091836835945,39.9907455557139],[-89.4070385075943,39.9907455557139],[-89.4051109026576,39.9907326855744],[-89.4029858480215,39.9907229806618],[-89.4008524390533,39.9907101800305],[-89.3990591322516,39.9906811361679],[-89.3968879042099,39.9906715695848],[-89.392020921832,39.9906089387154],[-89.3786019779494,39.9904909735807],[-89.3778999445549,39.9904849865349],[-89.3762059015921,39.9904869817581],[-89.3667549061509,39.9904639950497],[-89.3575989165507,39.9902459585191],[-89.3204887045783,39.9902784438039],[-89.3174071238276,39.9902544927903],[-89.3152431721397,39.9902291645844],[-89.3135171491528,39.9902778925177],[-89.3114464425914,39.9902770666208],[-89.3092947079914,39.9902751395281],[-89.3072474465606,39.9902801637341],[-89.3050788245314,39.9902343271316],[-89.302955925852,39.9902312300163],[-89.3008122760895,39.9902069348621],[-89.2986783281321,39.9901936516722],[-89.2950189509907,39.9901212479179],[-89.2921120000364,39.9901099998639]]},"properties":{"OBJECTID":55130,"ID":"167498","VOLTAGE":138,"STATUS":"IN SERVICE","OWNER":"NOT AVAILABLE","SUB_1":"TAP138528","SUB_2":"TAP168860","VOLT_CLASS":"100-161"}},{"type":"Feature","geometry":{"type":"LineString","coordinates":[[-89.3352934731616,39.8511912726329],[-89.3347839550206,39.8517593626964],[-89.3340264057415,39.8526373391574],[-89.3325752672315,39.8526357530032],[-89.3303720591657,39.8526357530032],[-89.3279690657807,39.8526404425026],[-89.3256252704746,39.8526357530032],[-89.3232772548833,39.8526435458476],[-89.3209191772625,39.8526420286567],[-89.318636468294,39.8526420286567],[-89.3162233239462,39.8526435458476],[-89.3138651555956,39.8526482346568],[-89.311668056972,39.852649889774],[-89.3104166139497,39.8526529938082],[-89.3092080205664,39.8526514766175],[-89.3076386637651,39.8526545799621],[-89.3060693069637,39.8526545799621],[-89.304516209669,39.8526545799621],[-89.3021703491361,39.8526561661159],[-89.2998265547283,39.8526561661159],[-89.2987198302982,39.8526310635034],[-89.2974582363132,39.8526545799621],[-89.2951286352869,39.8526545799621],[-89.2927969995765,39.8526530000149],[-89.2924779997343,39.8525519998692]]},"properties":{"OBJECTID":55131,"ID":"167729","VOLTAGE":138,"STATUS":"IN SERVICE","OWNER":"NOT AVAILABLE","SUB_1":"LANESVILLE","SUB_2":"TAP168864","VOLT_CLASS":"100-161"}},{"type":"Feature","geometry":{"type":"LineString","coordinates":[[-88.8715198731199,39.7133580570785],[-88.8710763299484,39.7143816957871],[-88.8710529998021,39.7149170001231],[-88.8728279998366,39.7174389995031],[-88.8736609995148,39.7186249995414],[-88.8762159662863,39.7188003547235],[-88.8851500001461,39.7186639996437],[-88.8967529996819,39.7185139995545],[-88.9058689998788,39.7183859999207],[-88.9110559998901,39.721963999906],[-88.9162694328286,39.724332601507],[-88.9169190261702,39.7395302191223],[-88.9173401905113,39.7526005987821],[-88.9178670003232,39.763439000153],[-88.9181639995258,39.7694359996485],[-88.9165059996671,39.7712559995184],[-88.9167080002318,39.7768939997286],[-88.9139669995515,39.7793720001591],[-88.90912500022,39.781641999775],[-88.9062830001556,39.7816579999001],[-88.9055939995192,39.7812419995813],[-88.9040279997221,39.7812610000556],[-88.9040310000951,39.7817829998431],[-88.9049340000935,39.7817590000428]]},"properties":{"OBJECTID":55132,"ID":"170260","VOLTAGE":138,"STATUS":"IN SERVICE","OWNER":"AMEREN ILLINOIS COMPANY","SUB_1":"FARADAY","SUB_2":"UNKNOWN162221","VOLT_CLASS":"100-161"}},{"type":"Feature","geometry":{"type":"LineString","coordinates":[[-88.8715198731199,39.7133580570785],[-88.8719004039658,39.7143695601047],[-88.8718782182733,39.7148786149778],[-88.8720798352573,39.716289101116],[-88.8728689019281,39.7174102419295],[-88.8736882121797,39.7185767499955],[-88.8762172984878,39.7187503288021],[-88.8851492949686,39.7186140047174],[-88.8967523259454,39.7184640045195],[-88.905884255069,39.7183357809154],[-88.9110807296116,39.721920317071],[-88.9163180757029,39.7242997828168],[-88.9169689922629,39.7395283457612],[-88.9173901521125,39.7525985800521],[-88.9179169394665,39.7634365501609],[-88.9182149672401,39.7694542977246],[-88.9165566978868,39.7712745940038],[-88.9167588017578,39.7769154771508],[-88.9139949892591,39.779414100156],[-88.9091362722802,39.7816919365555],[-88.9062692056261,39.7817080774992],[-88.9049340000935,39.7817590000428]]},"properties":{"OBJECTID":55133,"ID":"170261","VOLTAGE":138,"STATUS":"IN SERVICE","OWNER":"AMEREN ILLINOIS COMPANY","SUB_1":"FARADAY","SUB_2":"UNKNOWN162221","VOLT_CLASS":"100-161"}},{"type":"Feature","geometry":{"type":"LineString","coordinates":[[-90.3307721975998,38.2958380155173],[-90.3307211068163,38.2967961908124],[-90.3301399471331,38.3071922415718],[-90.3291358749872,38.3093375884921],[-90.3242152982212,38.3200393768858],[-90.3223443563178,38.3240619027665],[-90.3087426070714,38.3531301039468],[-90.3077946625628,38.3552193226096],[-90.299326858827,38.3732579257296],[-90.2906299289983,38.3917403889456],[-90.2835010641936,38.4071592970386],[-90.270176082293,38.4356462039918],[-90.2650459636055,38.4452687439637],[-90.2592115262094,38.4582891547019],[-90.255899315586,38.4662651078532],[-90.2519303745061,38.4756401839203],[-90.2504075198938,38.4795520177173],[-90.2484373267278,38.4841110656904],[-90.2437450298418,38.4927151970704],[-90.2380248051492,38.503822520749],[-90.2351504163273,38.5099329769695],[-90.2344548445146,38.5115175227067],[-90.2319196900866,38.511037983781]]},"properties":{"OBJECTID":55154,"ID":"118702","VOLTAGE":138,"STATUS":"IN SERVICE","OWNER":"AMEREN ILLINOIS COMPANY","SUB_1":"UNKNOWN124266","SUB_2":"TAP139491","VOLT_CLASS":"100-161"}},{"type":"Feature","geometry":{"type":"LineString","coordinates":[[-90.2319196900866,38.511037983781],[-90.2309345930545,38.5115519466254],[-90.2332028642997,38.5142191651034],[-90.2307943911915,38.5192233161087],[-90.2281650870336,38.5247793565959],[-90.2262258255578,38.5288363378464],[-90.2233347810721,38.5349991420193],[-90.2164343434711,38.5496447251707],[-90.2069640890486,38.5589365197977],[-90.2032045407698,38.5624581218738],[-90.2000755496334,38.5654919348056],[-90.1962684122042,38.5691682020279],[-90.1940079239626,38.5705006999068],[-90.1913675354924,38.5720651956251],[-90.1903530437875,38.5735582625478],[-90.1858463451275,38.5801422306223],[-90.1847613105199,38.5819791744754],[-90.1838228513224,38.584138536015],[-90.1827587555459,38.5864342398119],[-90.1809441793332,38.5906289918201],[-90.1787246183359,38.5962276259735],[-90.1777499911684,38.5988183826468],[-90.1782658577035,38.5988431289712],[-90.1787969542759,38.5989154646023],[-90.1792442919312,38.5991553146914],[-90.1794651059129,38.5995569677372],[-90.1786864695808,38.6003273901583]]},"properties":{"OBJECTID":55157,"ID":"158553","VOLTAGE":138,"STATUS":"IN SERVICE","OWNER":"AMEREN ILLINOIS COMPANY","SUB_1":"UNKNOWN124266","SUB_2":"CAHOKIA","VOLT_CLASS":"100-161"}},{"type":"Feature","geometry":{"type":"LineString","coordinates":[[-90.1150004901581,38.7056042208958],[-90.114931000081,38.7047049996082],[-90.1130452395686,38.7044727498731],[-90.1130699746799,38.7021829760689],[-90.1131235124742,38.700837391045],[-90.1173244506628,38.6976608098285],[-90.1212719768046,38.6945805975383],[-90.1245806166247,38.6920964408589],[-90.1278464274671,38.6895944378651],[-90.1305130000312,38.6877040000085],[-90.1330489997738,38.6874139999854],[-90.1367515607276,38.6870942188689],[-90.1374610249862,38.6868544750028]]},"properties":{"OBJECTID":55158,"ID":"156900","VOLTAGE":138,"STATUS":"IN SERVICE","OWNER":"AMEREN ILLINOIS COMPANY","SUB_1":"UNKNOWN122495","SUB_2":"UNKNOWN157801","VOLT_CLASS":"100-161"}},{"type":"Feature","geometry":{"type":"LineString","coordinates":[[-89.2921120000364,39.9901099998639],[-89.290054411573,39.9893372590066],[-89.2880769501381,39.9885993748217],[-89.2860451406285,39.9878578348257],[-89.2838803795585,39.9870835935076],[-89.2819630163144,39.986429587115],[-89.2707449448778,39.9822459868248],[-89.2705926579793,39.9821946106677],[-89.2636369344624,39.9798479465318],[-89.2542139664581,39.9765869365139],[-89.2479419300427,39.974439966621],[-89.2470879017021,39.9741389937485],[-89.2342105862402,39.9697352859458],[-89.2220019075055,39.9655599726861],[-89.2189319159204,39.9645079421029],[-89.2182619514832,39.9642809409721],[-89.2096659725294,39.9608509771402],[-89.2026388122862,39.9580759515523]]},"properties":{"OBJECTID":55223,"ID":"170360","VOLTAGE":138,"STATUS":"IN SERVICE","OWNER":"NOT AVAILABLE","SUB_1":"TAP138263","SUB_2":"TAP168860","VOLT_CLASS":"100-161"}},{"type":"Feature","geometry":{"type":"LineString","coordinates":[[-89.2921120000364,39.9901099998639],[-89.2920719998534,39.9892289995551],[-89.2921079998384,39.9832749996326],[-89.2923199995505,39.9616669999722],[-89.291794999844,39.9608609995832],[-89.2917160002012,39.9592849998809],[-89.2917919994709,39.95188699996],[-89.2918509999204,39.9461539995262],[-89.2921969995269,39.9454420000818],[-89.2922250000143,39.9355670001483],[-89.2923049994819,39.9271889995153],[-89.2923849998478,39.9203039999518],[-89.2925489998794,39.9041949996886],[-89.2926099999787,39.9008060000538],[-89.2927530000939,39.8896269997409],[-89.2927680001625,39.8882279996496]]},"properties":{"OBJECTID":55224,"ID":"170361","VOLTAGE":138,"STATUS":"IN SERVICE","OWNER":"NOT AVAILABLE","SUB_1":"TAP168860","SUB_2":"TAP168861","VOLT_CLASS":"100-161"}},{"type":"Feature","geometry":{"type":"LineString","coordinates":[[-89.2927680001625,39.8882279996496],[-89.2927680001625,39.8864549998912],[-89.2929520002855,39.8742150000922],[-89.2923589999086,39.8733869995777],[-89.2923930002438,39.8696719997473]]},"properties":{"OBJECTID":55225,"ID":"170363","VOLTAGE":138,"STATUS":"IN SERVICE","OWNER":"NOT AVAILABLE","SUB_1":"TAP168861","SUB_2":"TAP168863","VOLT_CLASS":"100-161"}},{"type":"Feature","geometry":{"type":"LineString","coordinates":[[-89.2923930002438,39.8696719997473],[-89.2903820002077,39.8686180000661],[-89.2902877866973,39.8682834117404]]},"properties":{"OBJECTID":55226,"ID":"170364","VOLTAGE":138,"STATUS":"IN SERVICE","OWNER":"NOT AVAILABLE","SUB_1":"UNKNOWN168862","SUB_2":"TAP168863","VOLT_CLASS":"100-161"}},{"type":"Feature","geometry":{"type":"LineString","coordinates":[[-89.2923930002438,39.8696719997473],[-89.2924710000616,39.8550559996752],[-89.2924779997343,39.8525519998692]]},"properties":{"OBJECTID":55227,"ID":"170365","VOLTAGE":138,"STATUS":"IN SERVICE","OWNER":"NOT AVAILABLE","SUB_1":"TAP168863","SUB_2":"TAP168864","VOLT_CLASS":"100-161"}},{"type":"Feature","geometry":{"type":"LineString","coordinates":[[-89.2924779997343,39.8525519998692],[-89.2742533736104,39.8526727331454],[-89.2742575256237,39.8520851697546]]},"properties":{"OBJECTID":55228,"ID":"170366","VOLTAGE":138,"STATUS":"IN SERVICE","OWNER":"NOT AVAILABLE","SUB_1":"UNKNOWN122556","SUB_2":"TAP168864","VOLT_CLASS":"100-161"}},{"type":"Feature","geometry":{"type":"LineString","coordinates":[[-88.2400810002047,37.1061999997514],[-88.2391639595385,37.1066289655207],[-88.2386559622453,37.1067049775529],[-88.2355999825819,37.107162982462],[-88.2273499457424,37.1087159380683],[-88.222945955062,37.1095719588674],[-88.2214869104793,37.1098549329013],[-88.2179739596275,37.110427969991],[-88.2174629080624,37.1105259711493],[-88.2167119443326,37.1106049601339],[-88.2160076238274,37.1107572455],[-88.2110555709921,37.1116632445412],[-88.2026636057276,37.1130986345697],[-88.201664232669,37.11337465251],[-88.1998368069545,37.1137268126849],[-88.1908995508378,37.1154209891176],[-88.1881964833169,37.1159254348052],[-88.1866355572045,37.1163251845207],[-88.1812770113133,37.1174387717601],[-88.1767179642284,37.11840007508],[-88.1755948581208,37.1186285031372],[-88.1676093868106,37.1199419648798],[-88.1553028150662,37.1220358908463],[-88.1493351260724,37.1231114070773],[-88.1478217891105,37.1233874250449],[-88.1429676885738,37.1243011381219],[-88.1375710711825,37.1250720827181],[-88.1346015040596,37.1255955647821],[-88.1253501591903,37.1268614376635],[-88.1227993767714,37.1270898659725],[-88.1202390767021,37.1275657576801],[-88.1183545441866,37.1280416506926],[-88.1159560468696,37.1288601850888],[-88.1109289137412,37.1295449635481],[-88.102849976319,37.1317440916918],[-88.0960447179172,37.133695250052],[-88.0932274358962,37.1345708918039],[-88.0903340108751,37.1353894257595],[-88.0880021389077,37.1360747108856],[-88.0831575569198,37.1375023879895],[-88.0792249419134,37.1388589595588],[-88.0749436566092,37.1399389558439],[-88.0717075898842,37.1411953111036],[-88.0676815420034,37.1426039520123],[-88.0626751554665,37.1442410205578],[-88.0570501108716,37.1458019477861],[-88.0466851793418,37.1484193545395],[-88.0356444784615,37.1515887969031],[-88.0336266970434,37.1521693846136],[-88.0287250064579,37.1535875440756],[-88.0181969049399,37.1565239349366],[-87.9986676546307,37.1612874801208],[-87.9967069800135,37.1618014428903],[-87.9939658400942,37.1624391389964],[-87.9893211332571,37.1637621188473],[-87.9838109229998,37.1654389529661],[-87.9739091547457,37.168140357082],[-87.9734739218889,37.1678262386099]]},"properties":{"OBJECTID":55354,"ID":"102812","VOLTAGE":161,"STATUS":"IN SERVICE","OWNER":"NOT AVAILABLE","SUB_1":"UNKNOWN122960","SUB_2":"UNKNOWN122970","VOLT_CLASS":"100-161"}},{"type":"Feature","geometry":{"type":"LineString","coordinates":[[-88.6138967345695,37.0333468619246],[-88.6137477283183,37.0331910326717],[-88.614050548604,37.0320982081338],[-88.615724288743,37.0307354360674],[-88.6158208675175,37.0306039059709],[-88.623181974671,37.0325473140077],[-88.6286289147862,37.0338341255816],[-88.6307919995999,37.0343439999366],[-88.6338835417687,37.0369931920818],[-88.6358309994731,37.0386619997376],[-88.6386362296963,37.0405454237975],[-88.6404109997621,37.0417369998772],[-88.6438519533388,37.0429996799913],[-88.6477022781736,37.0444125816605],[-88.6515183385685,37.0458550767605],[-88.6527369454722,37.0463225286102],[-88.6576195351798,37.0483961541367],[-88.6594440000471,37.0491710000018],[-88.6635540709497,37.0499893879384],[-88.6662439997112,37.0505249998372],[-88.6709240121357,37.0503955939317],[-88.6743449997569,37.050301000115],[-88.6784520002178,37.0509830001175],[-88.6827952225642,37.0524754659262],[-88.685800000053,37.0535079994854],[-88.6889376257959,37.0545857969644],[-88.6923599815513,37.0557615120402],[-88.6965289999028,37.0571939995007],[-88.700772541592,37.0600080944654],[-88.7067912530973,37.0639603719378],[-88.7124239567283,37.0676404588757],[-88.7148360374708,37.0691988046791],[-88.7174193847171,37.0708678460728],[-88.7210246033283,37.0731972728134],[-88.724404999675,37.0752960000852],[-88.7249245466078,37.0826102189203],[-88.7250159995953,37.0839879996895],[-88.7269233457257,37.0903079447363],[-88.7282450001723,37.0921709999991],[-88.7323445751591,37.095043767784],[-88.7360009995381,37.0976059995802],[-88.7434249851682,37.1005229957852],[-88.750846052172,37.1035706537712],[-88.7561919084615,37.1076629597537],[-88.7623765405964,37.1124948119094],[-88.7660164404658,37.1151659795318],[-88.7695593061148,37.1192432255272],[-88.7729262825295,37.1231853927322],[-88.7768815045384,37.1276344496936],[-88.7793112299896,37.1305756848256],[-88.7784367281454,37.1404738520871],[-88.7781419010691,37.1435364726557],[-88.7780176640653,37.1452555936956],[-88.7774916438726,37.1451968980425],[-88.7773756381318,37.1452709895627]]},"properties":{"OBJECTID":55361,"ID":"133678","VOLTAGE":161,"STATUS":"IN SERVICE","OWNER":"NOT AVAILABLE","SUB_1":"UNKNOWN122859","SUB_2":"UNKNOWN122865","VOLT_CLASS":"100-161"}},{"type":"Feature","geometry":{"type":"LineString","coordinates":[[-88.6138967345695,37.0333468619246],[-88.6143265667548,37.0328215635848],[-88.6173437230282,37.0327644566939],[-88.6194567510193,37.0345919699217],[-88.6160621136804,37.0371670286261],[-88.6128494310005,37.0395596120462],[-88.6104616505849,37.0412140325867],[-88.6069808459455,37.0436820675382],[-88.6042224691526,37.0455919059597],[-88.6007603530645,37.0480724940187],[-88.5995976662872,37.0505860616822],[-88.5983930003383,37.0531509998019],[-88.5973180277604,37.0554406319389],[-88.5965229998693,37.057133999664],[-88.593383999704,37.0589339999336],[-88.5928139997916,37.058859999555]]},"properties":{"OBJECTID":55362,"ID":"105112","VOLTAGE":161,"STATUS":"IN SERVICE","OWNER":"NOT AVAILABLE","SUB_1":"UNKNOWN122858","SUB_2":"UNKNOWN122859","VOLT_CLASS":"100-161"}},{"type":"Feature","geometry":{"type":"LineString","coordinates":[[-88.2700657358176,37.0243524605115],[-88.2688046808218,37.0264457845059],[-88.2671198006749,37.0294202897972],[-88.2659146208897,37.0315479687477],[-88.2645911329816,37.0338844815436],[-88.2627985448321,37.0360921339538],[-88.2599433395331,37.0395807478988],[-88.2585674151652,37.0436045245736],[-88.2576156312571,37.0465360211562],[-88.2566590871762,37.0497149809814],[-88.2550743655903,37.0554066521613],[-88.2541701708326,37.0581620674926],[-88.2533801896768,37.0606367070066],[-88.2529947171985,37.061816919702],[-88.2520238970912,37.0648626296621],[-88.251581317812,37.0663141010619],[-88.2513600277232,37.0669589347307],[-88.2511315987228,37.0675442831006],[-88.250860922853,37.0683129934761],[-88.2507675420809,37.0688006376491],[-88.2500251500756,37.0710135368798],[-88.2487687950653,37.0747040811577],[-88.2480192641484,37.0771239929389],[-88.2468128779258,37.080800259877],[-88.2455136921411,37.0844551119776],[-88.2451282187645,37.0854687616195],[-88.2447141933349,37.086589488494],[-88.2443429968831,37.0877244906275],[-88.2438575868294,37.0890593689281],[-88.2431223337357,37.0911509149464],[-88.2407809441179,37.0978609944954],[-88.2404097476661,37.1038429601451],[-88.2402812571394,37.105827430834],[-88.2400810002047,37.1061999997514]]},"properties":{"OBJECTID":55389,"ID":"167158","VOLTAGE":161,"STATUS":"NOT AVAILABLE","OWNER":"NOT AVAILABLE","SUB_1":"UNKNOWN122960","SUB_2":"DEADEND167186","VOLT_CLASS":"100-161"}},{"type":"Feature","geometry":{"type":"LineString","coordinates":[[-87.5036294775127,37.6456484030407],[-87.503798018528,37.6454440849977],[-87.5039669610903,37.6449551057167],[-87.5054719697712,37.6436196326143],[-87.5060917435368,37.6438538134697],[-87.5104875128358,37.6470460101609],[-87.510524778547,37.6471247696668],[-87.5106675468968,37.6487630288282],[-87.5108709910541,37.6503548887216],[-87.5110208965188,37.6519467479221],[-87.5112564626341,37.6539026650185],[-87.511388523964,37.6553339107285],[-87.5116847658868,37.6578608979911],[-87.5116919047984,37.6599952744827],[-87.5117418726878,37.6648493745887],[-87.5117704265374,37.668340044758],[-87.5118132573118,37.6717593295821],[-87.5118418111615,37.6745504381482],[-87.5118489491747,37.6784265795012],[-87.5119703016881,37.6829951448858],[-87.5119917166262,37.6861788639316],[-87.5120987931131,37.6921322746277],[-87.5121487610025,37.6960869391218],[-87.5122130067149,37.6998916977338],[-87.5122629746043,37.7051526860136],[-87.5123129442903,37.7110347130766],[-87.5122986664672,37.7151250065477],[-87.5122772515291,37.7183801099608],[-87.5122201447282,37.720985618574],[-87.5122272836397,37.7247832385958],[-87.5121987297901,37.7296730319707],[-87.5121487610025,37.7328638885715],[-87.512134484976,37.7353052155573],[-87.5120987931131,37.7406090336687],[-87.5120559623387,37.7454845499267],[-87.5120131315642,37.7497747178319],[-87.5119131948872,37.7574627570098],[-87.5118560880862,37.7621740885288],[-87.5118418111615,37.7662144138883],[-87.5117790000585,37.7704289997969],[-87.5116119996539,37.7739929996966]]},"properties":{"OBJECTID":55391,"ID":"167393","VOLTAGE":161,"STATUS":"IN SERVICE","OWNER":"NOT AVAILABLE","SUB_1":"REID","SUB_2":"TAP169276","VOLT_CLASS":"100-161"}},{"type":"Feature","geometry":{"type":"LineString","coordinates":[[-87.7154907089281,37.7422666780291],[-87.7146659998018,37.7425059995639],[-87.714038999988,37.7414150000459],[-87.7147139994823,37.7394019995553],[-87.717116000229,37.7365039996045],[-87.717737000195,37.735764999876],[-87.718214000221,37.7325799995413],[-87.7186040002083,37.7300700001171],[-87.7187309995316,37.7293680001304],[-87.7185740000711,37.7267239995399],[-87.7187899999812,37.7246060001012],[-87.7188689996239,37.7236399996854],[-87.7218759995447,37.720575999761],[-87.7251959994599,37.7171709995009],[-87.7285049995045,37.7137590000238],[-87.7317960000058,37.7103249995853],[-87.7342899999156,37.7076459998045],[-87.7350243933216,37.7068601561483]]},"properties":{"OBJECTID":55446,"ID":"156635","VOLTAGE":161,"STATUS":"IN SERVICE","OWNER":"KENTUCKY UTILITIES CO","SUB_1":"UNKNOWN123353","SUB_2":"TAP155733","VOLT_CLASS":"100-161"}},{"type":"Feature","geometry":{"type":"LineString","coordinates":[[-88.1160330001501,37.3217849998463],[-88.1164580002975,37.3219959999469],[-88.1189828555408,37.3220018278338],[-88.1210910586804,37.3220922464628],[-88.1240177959272,37.3222350150919],[-88.1272157911522,37.3224206129757],[-88.1297665726728,37.3225205501077],[-88.1333881127744,37.3227013888662],[-88.1352921135787,37.3228064826568],[-88.1356438417417,37.3235056468712],[-88.1368058107651,37.3264157058692],[-88.1374131608303,37.3278278348996],[-88.1390274360908,37.3317147869888],[-88.1400410860743,37.3341941856147],[-88.1406645052034,37.3356599341251],[-88.1419636900898,37.3387199211084],[-88.142668010595,37.3404521674754],[-88.1431439029982,37.341541961021],[-88.1440671339551,37.3436644405766],[-88.1453568020894,37.3465007575317],[-88.1463916361438,37.34875693217],[-88.1471271210029,37.3503364488045],[-88.1439269231089,37.3530193818646],[-88.1389941903405,37.3572274466212],[-88.1344784618151,37.3610796317128],[-88.1292408767719,37.3655546690511],[-88.1223614193243,37.371435736843],[-88.1179019019796,37.3752384330712],[-88.1133165953422,37.3791483706525],[-88.10966688587,37.3822601617718],[-88.1061410567703,37.3852661358779],[-88.1035470501148,37.3874773806075],[-88.0991538446077,37.3912226370908],[-88.0931314401283,37.3964113799151],[-88.08669737728,37.4018175156777],[-88.0831429997206,37.4048730000431],[-88.0782917477417,37.410548369556],[-88.0744845968378,37.4149652901401],[-88.0720094085483,37.4178011291662],[-88.0699251742571,37.4201890478545],[-88.0681253070588,37.4222511301073],[-88.0657511316281,37.4249707477838],[-88.0622839795845,37.4289432595805],[-88.0583894288916,37.4334008050546],[-88.0546569118181,37.4376705087303],[-88.0516433532974,37.4411239576631],[-88.0478059668976,37.4455221469013],[-88.0448152516363,37.4489501798657],[-88.0403966741123,37.4540140959792],[-88.0373360771084,37.4575214950178],[-88.0351011450383,37.4602570779204],[-88.0317120619828,37.4639671869952],[-88.0282925835313,37.4680033960821],[-88.0253563277357,37.4716225217085],[-88.0221121366473,37.4757721811111],[-88.0184909998892,37.4804039997552],[-88.0162005321716,37.4858558891249],[-88.0140682119615,37.4909327878252],[-88.0133199997715,37.492716000081],[-88.0136679217726,37.4974678400181],[-88.0144093516822,37.5073799241542],[-88.0158782813264,37.5283301549761],[-88.0170395649352,37.5447650829016],[-88.0171730608746,37.5466571016893],[-88.0175936709553,37.5520098720591],[-88.0180608910228,37.5589021291345],[-88.0139927678507,37.5664329438571],[-88.01137189528,37.5713353107614],[-88.0095156830522,37.5747715678572],[-88.0077173843125,37.5781502090042],[-88.0043558786379,37.5844657716074],[-88.0012371067361,37.5901002391512],[-87.997984673605,37.596216546812],[-87.9965563523032,37.5987784554662],[-87.9933913036897,37.6043982875625],[-87.9917600026596,37.6073425606181],[-87.9883478796136,37.6136019868603],[-87.9837513395436,37.6219601599373],[-87.9806547317749,37.627640975772],[-87.9774535475307,37.6339198831036],[-87.9756759998741,37.6374299999833],[-87.9735709516176,37.6415975515882],[-87.9714647175851,37.645767289921],[-87.9689544743383,37.6505549364723],[-87.9664641036222,37.6552572849848],[-87.9632024169453,37.6619922764639],[-87.96096599996,37.6660179997416],[-87.954209881201,37.6711121654854],[-87.9478563541145,37.6758827200047],[-87.9429772750231,37.6794664975496],[-87.9382744148477,37.6830235231212],[-87.9347321663412,37.6858344765358],[-87.9313533321648,37.6882496297206],[-87.9263819996869,37.6896960000736],[-87.923227583533,37.6896760766022],[-87.9190033295713,37.6892905687819],[-87.9188809996908,37.6895809994795],[-87.9185040001223,37.6892449998131]]},"properties":{"OBJECTID":55447,"ID":"140344","VOLTAGE":161,"STATUS":"IN SERVICE","OWNER":"KENTUCKY UTILITIES CO","SUB_1":"UNKNOWN123307","SUB_2":"UNKNOWN123312","VOLT_CLASS":"100-161"}},{"type":"Feature","geometry":{"type":"LineString","coordinates":[[-87.9315883431212,37.9133728276987],[-87.9316954178115,37.9138070795869],[-87.9316835205238,37.9151455256231],[-87.9358594747677,37.9151098340449],[-87.9354264131389,37.9282063875167],[-87.9355120737894,37.9293628060982],[-87.9352372459064,37.9348760169552],[-87.9350766325235,37.9354946770156],[-87.9346030002815,37.9513250001321],[-87.9301250000998,37.9512950000151],[-87.9256760002304,37.951268999951],[-87.9254500002746,37.9513259996164],[-87.9252539995577,37.9575069998171],[-87.9252269997935,37.9583789999365],[-87.9133740000124,37.9582969997652],[-87.8951900001973,37.9581570001249],[-87.8832729999439,37.9580650001148],[-87.8831120002854,37.9581089995797],[-87.8830720001024,37.9617739999173],[-87.8824450002886,37.9631059996105],[-87.8804359999024,37.9653750000199],[-87.8682950002412,37.9652719998165],[-87.8657310000112,37.9652549997691],[-87.8619549999864,37.9651189999559],[-87.8599899999811,37.9650479995837],[-87.8574269995759,37.9651979995812],[-87.8539719999415,37.9650809997652],[-87.8528239997208,37.9651089999076],[-87.8505509997439,37.9651149999368],[-87.8486750003253,37.9650719997172],[-87.846486999839,37.9650409995433],[-87.8427650002408,37.9650070000457],[-87.8352190000389,37.9649949999693],[-87.8283369994608,37.9649299995214],[-87.8272159999025,37.9650539996178],[-87.8190029997039,37.9649439996227],[-87.8137429998977,37.9648769998218],[-87.8138790003401,37.9599899996851],[-87.8136390001406,37.9591909994719],[-87.8138330003093,37.9519570001277],[-87.8140690003109,37.9438749995893],[-87.8141739998929,37.9400869996484],[-87.8140319996027,37.9391829997884],[-87.8141520001516,37.9354299997547],[-87.8036819998696,37.9353469997725],[-87.7924440002067,37.9351910001072],[-87.7877440002672,37.9351259994995],[-87.7738059999319,37.9349870000453],[-87.7692199997952,37.9349209995499],[-87.7522720000643,37.9347549997593],[-87.7461179995823,37.9347039996715],[-87.746388999744,37.9233300000032],[-87.7466519995097,37.920204999771],[-87.7467839997542,37.9125769995755],[-87.7421759998761,37.9125269997081],[-87.7422369999755,37.9090079999623],[-87.7348039997515,37.908908999656],[-87.7348179999952,37.9061249996035],[-87.7343429996191,37.9061249996035],[-87.7343390497268,37.9063305518859],[-87.7342694958692,37.9065898180111]]},"properties":{"OBJECTID":55460,"ID":"139850","VOLTAGE":138,"STATUS":"IN SERVICE","OWNER":"SOUTHERN INDIANA GAS & ELEC CO","SUB_1":"UNKNOWN127862","SUB_2":"UNKNOWN127881","VOLT_CLASS":"100-161"}},{"type":"Feature","geometry":{"type":"LineString","coordinates":[[-87.31932834791,37.9128211741187],[-87.3169742453343,37.9134599361126],[-87.3141775185637,37.9141207206961],[-87.313982700928,37.9275393940567],[-87.3114747492835,37.9326806155112],[-87.3138227343321,37.9450889256893],[-87.3137276225064,37.9539025525121],[-87.3131897867728,37.9760838225499],[-87.3069672160885,37.9926429537166],[-87.3029062309297,38.0023772499361],[-87.3027777395047,38.0082640361373],[-87.3022352217518,38.0100914619994],[-87.301932555078,38.0264711955566],[-87.2968181416367,38.0336607371131],[-87.2967928603496,38.0377465684993],[-87.3019039419396,38.0377834506747],[-87.3429517455851,38.0380714846212],[-87.3482627032241,38.0306523245349],[-87.3867204132756,38.0306781089688],[-87.3900565729845,38.0306006898344],[-87.3979992009439,38.0305510101607],[-87.4454351841878,38.0309550419905],[-87.4487307382493,38.0304494069503],[-87.4867127202892,38.0312528985336],[-87.4868556521323,38.0286291189382],[-87.4872304166925,38.0234656891538],[-87.5153318504819,38.0235370717484],[-87.5153098408591,38.0228363209683],[-87.5154478499345,38.0220035096165],[-87.5156719679198,38.0214876569567]]},"properties":{"OBJECTID":55618,"ID":"116581","VOLTAGE":138,"STATUS":"IN SERVICE","OWNER":"SOUTHERN INDIANA GAS & ELEC CO","SUB_1":"TAP138369","SUB_2":"NORTHEAST","VOLT_CLASS":"100-161"}},{"type":"Feature","geometry":{"type":"LineString","coordinates":[[-87.8629758894927,38.3591137817919],[-87.8626358690728,38.3592011479913],[-87.8591110002722,38.3591599996931],[-87.8569989999538,38.3607309998442],[-87.8541860002017,38.3628280000705],[-87.8531869999439,38.3628100000036],[-87.8502660002368,38.3649769998017],[-87.8433109998637,38.3700219996829],[-87.837482999795,38.3699589997043],[-87.8364869999102,38.369926999996],[-87.8354910000255,38.370122999836],[-87.8259079998483,38.3700129994881],[-87.8221400002193,38.3699359994972],[-87.8212129999316,38.3703269999106],[-87.814722000064,38.3730410000684],[-87.8067569995624,38.3763780001409],[-87.8040860001006,38.3774760000488],[-87.8024879996181,38.3784180000731],[-87.80172699991,38.3788669998551],[-87.7993710000924,38.3798429995682],[-87.7967629994815,38.3809350000087],[-87.7950200001323,38.3816750000346],[-87.7933129998699,38.3819609995636],[-87.7909870001896,38.3830439997369],[-87.7832340002984,38.3866099999341],[-87.7745189999594,38.3865110000071],[-87.7744339995706,38.3936199997761],[-87.7744289995478,38.3947430001667],[-87.7746949996865,38.39735099957],[-87.7746005705805,38.3983480408334]]},"properties":{"OBJECTID":55655,"ID":"170717","VOLTAGE":138,"STATUS":"IN SERVICE","OWNER":"AMEREN ILLINOIS COMPANY","SUB_1":"UNKNOWN122154","SUB_2":"UNKNOWN169171","VOLT_CLASS":"100-161"}},{"type":"Feature","geometry":{"type":"LineString","coordinates":[[-87.7746005705805,38.3983480408334],[-87.7748300003041,38.3987090000864],[-87.7761939995365,38.3983809995174],[-87.7833239998118,38.3968729999036],[-87.7873390002112,38.395522999489],[-87.7895400002181,38.396200999597],[-87.7934159998021,38.3981610001049],[-87.7915759994702,38.3996929999045],[-87.7925019999331,38.400782999784],[-87.7924330003361,38.401206999955],[-87.7923989389155,38.4016721478336]]},"properties":{"OBJECTID":55656,"ID":"170718","VOLTAGE":138,"STATUS":"IN SERVICE","OWNER":"AMEREN ILLINOIS COMPANY","SUB_1":"UNKNOWN169171","SUB_2":"UNKNOWN169172","VOLT_CLASS":"100-161"}},{"type":"Feature","geometry":{"type":"LineString","coordinates":[[-90.0435173415801,38.7353184554979],[-90.0442369999206,38.7354119995824],[-90.0448470000159,38.7370269996555],[-90.0434829998851,38.7383149999101],[-90.0415630000857,38.7382829997804],[-90.0404779996142,38.7386729997267],[-90.0384220002706,38.7407599996287],[-90.0343449999469,38.7457849999342],[-90.0346549995682,38.746939999982],[-90.0346169999334,38.7534979997636],[-90.0345979996668,38.7618239999449],[-90.0345809999484,38.7687439997662],[-90.0345740002757,38.771685],[-90.0345619996818,38.7740189999154],[-90.0345540001842,38.7776159995611],[-90.034524000047,38.7878859995513],[-90.034488000062,38.7928849995076],[-90.0344529999019,38.7960349994984],[-90.034411999894,38.8003039999851],[-90.034375999909,38.8059199997742],[-90.0314309999125,38.8092929997384],[-90.0313110002619,38.8127439996491],[-90.0313279999803,38.8264169999809],[-90.0341480003034,38.830060999863],[-90.0340909087738,38.831356674658],[-90.0338390220664,38.8317385291464]]},"properties":{"OBJECTID":55668,"ID":"170746","VOLTAGE":138,"STATUS":"IN SERVICE","OWNER":"AMEREN ILLINOIS COMPANY","SUB_1":"STALLINGS","SUB_2":"UNKNOWN122514","VOLT_CLASS":"100-161"}},{"type":"Feature","geometry":{"type":"LineString","coordinates":[[-89.3881766938631,40.1645393948807],[-89.3868405981,40.1653119528271],[-89.382614081282,40.1652822096774],[-89.3781882830998,40.1652643639186],[-89.3742948903353,40.1652524665147],[-89.3679464818494,40.165234331053]]},"properties":{"OBJECTID":55676,"ID":"148385","VOLTAGE":138,"STATUS":"IN SERVICE","OWNER":"NOT AVAILABLE","SUB_1":"UNKNOWN123103","SUB_2":"TAP138266","VOLT_CLASS":"100-161"}},{"type":"Feature","geometry":{"type":"LineString","coordinates":[[-89.3589342801869,40.1645862174904],[-89.3584131782703,40.1645362487045],[-89.3584096092637,40.1642185905556]]},"properties":{"OBJECTID":55677,"ID":"113653","VOLTAGE":138,"STATUS":"IN SERVICE","OWNER":"NOT AVAILABLE","SUB_1":"TAP138264","SUB_2":"TAP138265","VOLT_CLASS":"100-161"}},{"type":"Feature","geometry":{"type":"LineString","coordinates":[[-89.3679464818494,40.165234331053],[-89.3672148040505,40.1652322407173],[-89.3638669015642,40.1650680575167],[-89.3589342801869,40.1645862174904]]},"properties":{"OBJECTID":55678,"ID":"122534","VOLTAGE":138,"STATUS":"IN SERVICE","OWNER":"NOT AVAILABLE","SUB_1":"TAP138264","SUB_2":"TAP138266","VOLT_CLASS":"100-161"}},{"type":"Feature","geometry":{"type":"LineString","coordinates":[[-89.3589342801869,40.1645862174904],[-89.3589235722687,40.1646968620871],[-89.3588022197553,40.1646968620871]]},"properties":{"OBJECTID":55679,"ID":"130561","VOLTAGE":138,"STATUS":"IN SERVICE","OWNER":"NOT AVAILABLE","SUB_1":"UNKNOWN123104","SUB_2":"TAP138264","VOLT_CLASS":"100-161"}},{"type":"Feature","geometry":{"type":"LineString","coordinates":[[-89.3881766938631,40.1645393948807],[-89.3887686602791,40.1647821161401],[-89.4150675148565,40.1650428697634],[-89.4184368304842,40.1644146920942],[-89.424412913336,40.1609439287269],[-89.4341298999328,40.1583519737934],[-89.4409989575843,40.1565189267054],[-89.4490179486311,40.1543799544894],[-89.462157965618,40.1508819580898],[-89.4628369123097,40.1508379446328],[-89.506997912014,40.1504969655418],[-89.5216258975392,40.1507209439938],[-89.5231439605379,40.1507049455574],[-89.5241999310527,40.1506949887604],[-89.537373903459,40.1505449609866],[-89.5382299089916,40.1505449609866],[-89.5474889335582,40.1505459909313],[-89.552036925077,40.1505469515265],[-89.5674399779276,40.150405986959],[-89.5704881413497,40.1503874479121],[-89.5728812532666,40.1504008365376],[-89.5751340483361,40.1503673296073],[-89.5773868425073,40.1503673296073],[-89.5796618268627,40.1503910870588],[-89.582144140589,40.1504122346167],[-89.5844590999745,40.1504122346167],[-89.5868421507602,40.1503797576393],[-89.589333179043,40.1503091718805],[-89.5915742061823,40.1502041857281],[-89.5938721865106,40.1501975940479],[-89.5961616328437,40.1501390928588],[-89.5982165290562,40.1501035938732],[-89.6002893017427,40.1500674768978],[-89.6023801305665,40.1499720346081],[-89.604651160538,40.1499705926732],[-89.6066698555428,40.14996104775],[-89.6086751647515,40.1499185456691],[-89.6103199800367,40.1498156868017],[-89.611298783472,40.1498250937312],[-89.6116976354582,40.1498879896646]]},"properties":{"OBJECTID":55680,"ID":"140393","VOLTAGE":138,"STATUS":"IN SERVICE","OWNER":"NOT AVAILABLE","SUB_1":"UNKNOWN123103","SUB_2":"TAP138536","VOLT_CLASS":"100-161"}},{"type":"Feature","geometry":{"type":"LineString","coordinates":[[-89.1935321716361,39.9704890539269],[-89.1933252060829,39.9702047805918],[-89.1930962937889,39.9700986367247],[-89.1911202534888,39.9731211726905],[-89.1909545700144,39.9749633356436],[-89.1888042179216,39.9743102706274],[-89.1867802237549,39.9736849865417],[-89.1847706026328,39.9730597655775],[-89.1827494830751,39.972436673018],[-89.1807369873441,39.9718201837387],[-89.1787157779548,39.971186133688],[-89.176680375184,39.9705542807832],[-89.1746763236167,39.9698872421079],[-89.1726981435295,39.9692378896425],[-89.1707028056205,39.968559961045],[-89.1687561555014,39.9678248817523],[-89.1667120399708,39.9670328571538],[-89.1652549725799,39.9657712719027],[-89.163677530941,39.9644086586347],[-89.1618424515803,39.9643559877533],[-89.1601161599971,39.9643099265179],[-89.1584357705283,39.9642813540777],[-89.1565806605334,39.9637174626604],[-89.1547169258134,39.9632040351356],[-89.1528760981332,39.9625721766144],[-89.1512615560731,39.9620191505963],[-89.1494465100415,39.9614157866096],[-89.1474969862119,39.96076628551],[-89.1455674049816,39.9601101688376],[-89.1437524487816,39.9595066509828],[-89.1418458635243,39.9588571317489],[-89.1131297628916,39.9491386667701],[-89.1072322691524,39.9472136827487],[-89.0722125509322,39.9352390445588],[-89.070611331786,39.9329761966045],[-89.072756000238,39.9330049997917],[-89.0729570000795,39.9328469998844],[-89.0729739997979,39.9286279996541],[-89.0727720001316,39.9284779998206],[-89.0674210000887,39.9284590001029],[-89.0655738545571,39.9258580198044],[-89.0554968375675,39.9258520718756],[-89.0429630001411,39.9181030001292],[-89.028097999518,39.9086899999829],[-89.0203165068627,39.9030151946802],[-89.014076369623,39.8985299108378],[-89.012511874504,39.897387768602],[-89.0042468169346,39.8973092465544],[-89.0019982259806,39.8961254648709],[-88.9951691730036,39.8953104998601],[-88.992878941543,39.8950011695399],[-88.9832302269078,39.8952510126262],[-88.9782571534949,39.8943587151534],[-88.9506910976485,39.8950130666206],[-88.9506673039715,39.87388940151],[-88.9514272436676,39.8737798479645],[-88.9513849428992,39.8732729246708]]},"properties":{"OBJECTID":55681,"ID":"103822","VOLTAGE":138,"STATUS":"IN SERVICE","OWNER":"AMEREN ILLINOIS COMPANY","SUB_1":"NORTH DECATUR","SUB_2":"LATHAM","VOLT_CLASS":"100-161"}},{"type":"Feature","geometry":{"type":"LineString","coordinates":[[-89.7164144026382,40.2009739309725],[-89.7160422054632,40.2010596485498],[-89.7021846294987,40.1943745185931],[-89.6835308179765,40.1944005175111],[-89.6632911080753,40.1944135166233],[-89.6430789333343,40.1916809865575],[-89.642810965885,40.1916399516445],[-89.6302409299458,40.1898249586253],[-89.6219919701864,40.1887599865702],[-89.6029187469362,40.186062127649],[-89.5826263822846,40.1828669236846],[-89.5801862444609,40.1822982327915],[-89.5757318942257,40.1821733107572],[-89.553343545319,40.1791097547658],[-89.5367947497139,40.1768007140215],[-89.5345127216684,40.1767649331514],[-89.5323022561134,40.1764150749899],[-89.5228846600345,40.1749492668801],[-89.5194820582322,40.174330988708],[-89.5017264928239,40.171872623586],[-89.4952733937764,40.1709018038671],[-89.4811529321322,40.1578419338734],[-89.4626057739905,40.1580170226155],[-89.4623902349162,40.1438180776222],[-89.4619490426358,40.1417415099856],[-89.461799305156,40.1293275254924],[-89.4605689357119,40.1292329531454],[-89.4572439115193,40.1291759449638],[-89.4508084203497,40.1291299008629],[-89.4459162492114,40.1243519427414],[-89.4401865068683,40.1191647180244],[-89.4270518815697,40.1079241435538],[-89.4161876008281,40.0983646100623],[-89.4137891053076,40.0984121997979]]},"properties":{"OBJECTID":55682,"ID":"168035","VOLTAGE":138,"STATUS":"IN SERVICE","OWNER":"NOT AVAILABLE","SUB_1":"MASON CITY WEST","SUB_2":"FOGARTY","VOLT_CLASS":"100-161"}},{"type":"Feature","geometry":{"type":"LineString","coordinates":[[-89.6398159997957,38.4511089999853],[-89.6561763468205,38.4511387779725],[-89.6720449300077,38.4509329298575],[-89.6769389516755,38.4508899455358],[-89.6825399465737,38.4508409806637],[-89.6846939278603,38.4508219866376],[-89.6861919575298,38.4508219866376],[-89.6909209595783,38.4508239557582],[-89.7007789816747,38.4508209306712],[-89.704426950212,38.4508779859],[-89.7051789299363,38.4508939555309],[-89.7053659591784,38.4509829485208],[-89.7058989296365,38.4512369851636],[-89.7194059075187,38.4560779885995],[-89.7235549572197,38.457691983785],[-89.7302009631863,38.4601319697251],[-89.7417167803254,38.4642262101717],[-89.7521874390726,38.4680293761256],[-89.8033899433185,38.4687129455862],[-89.8055723050798,38.4685473348251],[-89.8066897500045,38.4685447599129]]},"properties":{"OBJECTID":55686,"ID":"167843","VOLTAGE":138,"STATUS":"IN SERVICE","OWNER":"AMEREN ILLINOIS COMPANY","SUB_1":"TAP139489","SUB_2":"TAP169374","VOLT_CLASS":"100-161"}},{"type":"Feature","geometry":{"type":"LineString","coordinates":[[-90.1786864695808,38.6003273901583],[-90.1771675064702,38.6002273811619],[-90.1775694217115,38.5993394479563],[-90.1809089420179,38.5928022466395],[-90.1830980456354,38.5904227860389],[-90.1878331732958,38.5886619851621],[-90.1921162031283,38.5853069447344],[-90.2051279191331,38.5674271181258],[-90.2036388995659,38.5668105277858],[-90.2020412458331,38.5654739634732],[-90.2009089185191,38.5645596581095],[-90.1990853384924,38.5630804615794],[-90.1972905045547,38.5616236427311],[-90.1954812975725,38.5601107395198],[-90.1930187467825,38.5590945807413],[-90.1910731755401,38.5582664556334],[-90.1888655657294,38.5573205865641],[-90.1866686458705,38.5563717560446],[-90.1845219418361,38.5554593706935],[-90.1823609545886,38.5545245655362],[-90.1801964639115,38.5536010578588],[-90.1780461666159,38.5526830874794],[-90.1759067389353,38.5517650365318],[-90.1737457516878,38.5508274427578],[-90.171577577918,38.5499038875891],[-90.1694668055966,38.5490082820644],[-90.1670868099812,38.5479835349177],[-90.1649509755617,38.5470711836261],[-90.1627774119002,38.546136128887],[-90.1609204145449,38.5453467777829],[-90.159085425914,38.5445631785806],[-90.1568907518434,38.5436762897699],[-90.1551218792174,38.5422955925834],[-90.1536942765679,38.5412162259899],[-90.1520500002719,38.5399646266741],[-90.1505269067076,38.5388336506314],[-90.1489258384784,38.5376171429437],[-90.1471808619373,38.5363066664782],[-90.1454098324564,38.5349779679446],[-90.1434648011015,38.5334996391125],[-90.1415662117485,38.5320711727376],[-90.1395777010356,38.530574582759],[-90.1376733615665,38.5291346745534],[-90.1357283302116,38.5276652905411],[-90.1337717096913,38.5261822441296],[-90.1318354809279,38.5247331806671],[-90.1308412255714,38.5239394488986],[-90.1284962624555,38.5228690839178],[-90.1264208855528,38.5219007518377],[-90.1240584061871,38.5207804559084],[-90.1220641462564,38.5198528594704],[-90.1197799999835,38.5187960696193],[-90.1177679525118,38.5178325317378],[-90.1154403286774,38.5167529386897],[-90.1130199978074,38.5156144291318],[-90.1107242632673,38.5145462598758],[-90.1084488306526,38.5134734356486],[-90.1061444722858,38.5123960265339],[-90.1038516114563,38.5113255594851],[-90.1015703406906,38.5102617557499],[-90.0992659823238,38.5091412786819],[-90.0964861456771,38.5083587620231],[-90.0937179871291,38.5075648489902],[-90.0913091546947,38.5068458629975],[-90.0889960826696,38.5062129827825],[-90.0871699864618,38.5050062581201],[-90.0853061628086,38.5038674918079],[-90.0839930055263,38.5030327546118],[-90.0824132282676,38.5020482677089],[-90.0805233525729,38.5008595408925],[-90.0785696066614,38.4996300874824],[-90.0766275388487,38.4984050436736],[-90.0749434671855,38.4973569367012],[-90.0729173170622,38.4960910756557],[-90.0709259317404,38.4948410826619],[-90.0689374210275,38.4936023870477],[-90.0666910039965,38.4921934486035],[-90.0644069475551,38.4907437720171],[-90.0622909659033,38.4894346927962],[-90.0601372550096,38.4880892364969],[-90.0580038460414,38.4867414360603],[-90.0557255388178,38.4853097916323],[-90.053873212702,38.4841548916149],[-90.0520139695584,38.4829971617179],[-90.0501698181116,38.4818603680592],[-90.0480995607079,38.4805808736064],[-90.0460019046879,38.4792980505529],[-90.043680029173,38.4778741346105],[-90.0413624655715,38.4764551836779],[-90.0390552325958,38.4750475275017],[-90.0367041618342,38.4736153694809],[-90.0344367242256,38.4722077288904],[-90.032079365257,38.4707443576426],[-90.0313694419593,38.4707774767061],[-90.029935625663,38.470844368869],[-90.0270437691003,38.4709411447197],[-90.0241897316112,38.4710527596073],[-90.0212999411737,38.471152840737],[-90.0185716678243,38.471256157654],[-90.0159103189635,38.4713611616596],[-90.0133412270825,38.4714497777476],[-89.9933126590023,38.4819234455989],[-89.9838959998663,38.4822569996957],[-89.9678770404972,38.4821934759142],[-89.9589753657506,38.4806005637179],[-89.9573159079263,38.4812164395597],[-89.9571046304597,38.4812863739751],[-89.9563873957739,38.4809361245829],[-89.955302710611,38.4817228961012]]},"properties":{"OBJECTID":55687,"ID":"120021","VOLTAGE":345,"STATUS":"IN SERVICE","OWNER":"AMEREN ILLINOIS COMPANY","SUB_1":"CAHOKIA","SUB_2":"TURKEY HILL","VOLT_CLASS":"345"}},{"type":"Feature","geometry":{"type":"LineString","coordinates":[[-89.955302710611,38.4817228961012],[-89.9555308656252,38.4821608466016],[-89.9558357538326,38.4822502946642],[-89.9616284501107,38.486560090615],[-89.9371606764927,38.5013800546717],[-89.9377722495382,38.5169830571331],[-89.938097040819,38.5274812588667],[-89.9384229657738,38.5341777487635],[-89.938707062474,38.5345717024856]]},"properties":{"OBJECTID":55688,"ID":"111982","VOLTAGE":138,"STATUS":"IN SERVICE","OWNER":"AMEREN ILLINOIS COMPANY","SUB_1":"E BELLEVILLE","SUB_2":"TURKEY HILL","VOLT_CLASS":"100-161"}},{"type":"Feature","geometry":{"type":"LineString","coordinates":[[-89.938707062474,38.5345717024856],[-89.9384869707378,38.5349025351209],[-89.9391866882755,38.5404612429225],[-89.9396851849863,38.5472498460518],[-89.9400254479512,38.5545528866724],[-89.940258636226,38.5599542641181],[-89.939510999856,38.5703949997299],[-89.9398979994703,38.5793859997122],[-89.9398284042903,38.5920680351208],[-89.9395612731726,38.5989490337078],[-89.9391849680018,38.5992230100976]]},"properties":{"OBJECTID":55689,"ID":"140301","VOLTAGE":138,"STATUS":"IN SERVICE","OWNER":"AMEREN ILLINOIS COMPANY","SUB_1":"E BELLEVILLE","SUB_2":"PORTER RD","VOLT_CLASS":"100-161"}},{"type":"Feature","geometry":{"type":"LineString","coordinates":[[-87.2845840001553,38.6876369995756],[-87.2813282181048,38.6966960748904],[-87.2802336658468,38.6987959501425],[-87.2661143405714,38.7599183536726],[-87.2635635590508,38.7725770870077],[-87.2490232670636,38.7948034340073],[-87.2484343513263,38.7953060951658],[-87.2456682265641,38.7952912228473],[-87.2455224847907,38.7959426011613],[-87.2456396736128,38.8015075646847],[-87.2464820031934,38.8034277895548],[-87.245393398681,38.8039274769657],[-87.2454148145174,38.8042843957995],[-87.2452470631212,38.8045056858807]]},"properties":{"OBJECTID":55772,"ID":"167266","VOLTAGE":138,"STATUS":"IN SERVICE","OWNER":"DUKE ENERGY INDIANA, LLC","SUB_1":"EDWARDSPORT STATION (138 KV)","SUB_2":"TAP169398","VOLT_CLASS":"100-161"}},{"type":"Feature","geometry":{"type":"LineString","coordinates":[[-87.8857860001203,37.0911750001427],[-87.8842150003003,37.0955610001456],[-87.883921999499,37.0964889995626],[-87.8814000000001,37.0972130001559],[-87.8812671310847,37.0975705526626]]},"properties":{"OBJECTID":55826,"ID":"170894","VOLTAGE":161,"STATUS":"IN SERVICE","OWNER":"NOT AVAILABLE","SUB_1":"TAP169241","SUB_2":"UNKNOWN169242","VOLT_CLASS":"100-161"}},{"type":"Feature","geometry":{"type":"LineString","coordinates":[[-87.8857860001203,37.0911750001427],[-87.8865059998205,37.0909519996813],[-87.8871348816048,37.0911745616048],[-87.8905809995961,37.0932039999629],[-87.8981169997522,37.0938469999104],[-87.8998230001898,37.0944329998377],[-87.900943999748,37.0972659995317],[-87.9011403885371,37.102089148635],[-87.9010259997637,37.1077509999646],[-87.9014259997968,37.1085789996329],[-87.901744999639,37.1088109999099],[-87.9025966186981,37.1091204569211]]},"properties":{"OBJECTID":55827,"ID":"170895","VOLTAGE":161,"STATUS":"IN SERVICE","OWNER":"NOT AVAILABLE","SUB_1":"TAP169241","SUB_2":"UNKNOWN169243","VOLT_CLASS":"100-161"}},{"type":"Feature","geometry":{"type":"LineString","coordinates":[[-87.9025966186981,37.1091204569211],[-87.9025719994694,37.1086399996943],[-87.9064609994721,37.1075959998073],[-87.9065679996023,37.1107449996978],[-87.9060980001473,37.1159140000095],[-87.9058720001915,37.1185309995537],[-87.9058079997191,37.1192829994958],[-87.9078869995272,37.1228519997382],[-87.9042369998991,37.1237369995157],[-87.9049319994849,37.1258239997767],[-87.9109880000576,37.1283079996979],[-87.9250860002265,37.1336999996451],[-87.9308559996706,37.1359179998422],[-87.9437189995802,37.1408769996421],[-87.9508079998475,37.1436080001265],[-87.9587979995651,37.1467130000819],[-87.9632909998154,37.1484579997583],[-87.9659630000005,37.1526139997748],[-87.9685819995838,37.1567949998277],[-87.972674999801,37.1593599994792],[-87.9732149995762,37.1616829997975],[-87.9730680001614,37.1649639996245],[-87.973007999887,37.1669909999086],[-87.9732799998735,37.1674119995538],[-87.9734739218889,37.1678262386099]]},"properties":{"OBJECTID":55828,"ID":"170896","VOLTAGE":161,"STATUS":"IN SERVICE","OWNER":"NOT AVAILABLE","SUB_1":"UNKNOWN122970","SUB_2":"UNKNOWN169243","VOLT_CLASS":"100-161"}},{"type":"Feature","geometry":{"type":"LineString","coordinates":[[-87.8857860001203,37.0911750001427],[-87.8874049996209,37.0855859997197],[-87.8894180002051,37.0782160000904],[-87.8877329996839,37.0680430000778],[-87.8865719999427,37.0609310000682],[-87.8851869998956,37.052496999664],[-87.8852429999721,37.0515609998104],[-87.8847860000376,37.050037000157],[-87.8835719996946,37.042675999731],[-87.8835734801182,37.0407323640396]]},"properties":{"OBJECTID":55829,"ID":"170897","VOLTAGE":161,"STATUS":"IN SERVICE","OWNER":"NOT AVAILABLE","SUB_1":"TAP122968","SUB_2":"TAP169241","VOLT_CLASS":"100-161"}},{"type":"Feature","geometry":{"type":"LineString","coordinates":[[-88.2700229068398,37.0243266600752],[-88.2687615059926,37.0264205578051],[-88.267076296164,37.0293956471264],[-88.2658711145822,37.0315233260501],[-88.2645496856127,37.0338562060236],[-88.2627597906125,37.0360605405814],[-88.2598989429951,37.0395560490095],[-88.2585199787283,37.0435887151117],[-88.2575679082576,37.0465210956331],[-88.2566110578513,37.049701069861],[-88.2550265042503,37.0553921434698],[-88.2541226005467,37.058146669683],[-88.2533326086112,37.0606213419577],[-88.2529471325396,37.0618015656448],[-88.2519761633119,37.0648477457346],[-88.2515337439328,37.0662986898541],[-88.2513130718849,37.0669417237833],[-88.2510847156481,37.0675268859208],[-88.2508125189305,37.0682999157983],[-88.2507190680899,37.0687879270452],[-88.2499777819106,37.0709975288523],[-88.2487212391525,37.0746886250679],[-88.2479716255906,37.0771087996538],[-88.2467655609649,37.0807840890829],[-88.2454667632524,37.0844378498206],[-88.2450813994702,37.0854512116123],[-88.2446669635105,37.0865730487733],[-88.2442957275328,37.0877081715415],[-88.2438105061254,37.0890425334714],[-88.2430751452338,37.0911343880776],[-88.2407314667087,37.097851025085],[-88.2403598480487,37.1038397956053],[-88.2402320644961,37.1058133430178],[-88.2400810002047,37.1061999997514]]},"properties":{"OBJECTID":55871,"ID":"170951","VOLTAGE":161,"STATUS":"NOT AVAILABLE","OWNER":"NOT AVAILABLE","SUB_1":"UNKNOWN122960","SUB_2":"DEADEND169275","VOLT_CLASS":"100-161"}},{"type":"Feature","geometry":{"type":"LineString","coordinates":[[-87.614134453886,37.7979683211116],[-87.6133099998812,37.7978029998914],[-87.6059119998173,37.7974910000925],[-87.6006429997903,37.797250999678],[-87.5956940003287,37.7970489996003],[-87.5918980002124,37.7958800000718],[-87.5895170002805,37.7951190001472],[-87.58067300007,37.7955049999543],[-87.5743069998759,37.7958000001686],[-87.5705229994552,37.7951279996911],[-87.5646009996751,37.7918599999634],[-87.5554579997139,37.786814999888],[-87.5485219996073,37.7861829995536],[-87.5386480000753,37.7852620000329],[-87.5341649998707,37.7848279999794],[-87.5214509999241,37.778075999743],[-87.5155479995123,37.7749119995468],[-87.5131249997476,37.774022999648],[-87.5116119996539,37.7739929996966]]},"properties":{"OBJECTID":55877,"ID":"170955","VOLTAGE":161,"STATUS":"IN SERVICE","OWNER":"NOT AVAILABLE","SUB_1":"UNKNOWN123063","SUB_2":"TAP169276","VOLT_CLASS":"100-161"}},{"type":"Feature","geometry":{"type":"LineString","coordinates":[[-87.5116119996539,37.7739929996966],[-87.5114920296477,37.7784210489774],[-87.5113278472582,37.7820830399998],[-87.5111708028819,37.7856593700072],[-87.5109423747799,37.7902636267847],[-87.5106639778901,37.7960599938585],[-87.5105212095404,37.7997576760668],[-87.5103641660624,37.8038265535615],[-87.5103498891376,37.8042477187332],[-87.5120987931131,37.8100369475189],[-87.5131766879107,37.8137346297445],[-87.5137834504778,37.8156834085564],[-87.5149255918862,37.8195952419766],[-87.5163033003082,37.8241923605128],[-87.517188459765,37.8272190351107],[-87.5184876446514,37.83089530286],[-87.5196797548475,37.834286034946],[-87.5213786909337,37.8391758265851],[-87.5222995422533,37.8420882870043],[-87.5236486959274,37.8457574160384],[-87.5248764979864,37.8494336828405],[-87.5254190148409,37.8511825865176],[-87.5249049997337,37.8516029998693]]},"properties":{"OBJECTID":55878,"ID":"170956","VOLTAGE":161,"STATUS":"IN SERVICE","OWNER":"NOT AVAILABLE","SUB_1":"UNKNOWN123068","SUB_2":"TAP169276","VOLT_CLASS":"100-161"}},{"type":"Feature","geometry":{"type":"LineString","coordinates":[[-89.4137891053076,40.0984121997979],[-89.4124375710981,40.0981599771185],[-89.412461364775,40.0969940408068],[-89.4137303617763,40.0961054838094],[-89.4095866381865,40.0922958448311],[-89.400668418269,40.0840153196993],[-89.3931017316627,40.0769816336472],[-89.3751609812536,40.0628779267531],[-89.3716609652436,40.0600999650993],[-89.3486629261603,40.0421439855094],[-89.3401469870983,40.0354759646394],[-89.3391759082762,40.0346939409092],[-89.3380319037619,40.0337749655913],[-89.3376709606807,40.0334809266406],[-89.3335839845658,40.0301869847223],[-89.3306669760735,40.0278359577099],[-89.3296989515233,40.0270799856879],[-89.3210189800905,40.0198619915016],[-89.3201939673336,40.0192149728793],[-89.3107609381981,40.011889983748],[-89.3012219078591,40.0044399368213],[-89.2993459560513,40.0029869876328],[-89.2911359831751,39.9968879831471],[-89.288814916144,39.995082929889],[-89.2821106041257,39.9898654177225],[-89.2652160065435,39.9897060996898],[-89.2648029485995,39.989704993667],[-89.26353991731,39.9897099490896],[-89.2621939715198,39.9897089855352],[-89.2540679012912,39.9897249530061],[-89.2409345318374,39.9895800756018],[-89.2387862108354,39.9896002407654],[-89.2367901542741,39.9890665670399],[-89.2347910425425,39.9885193296351],[-89.2328066649782,39.9879094545018],[-89.2307959658777,39.9872860850615],[-89.2287822125053,39.9866581665712],[-89.2267802270631,39.9860436639668],[-89.224757849864,39.9853910930415],[-89.2227607153244,39.984773481677],[-89.2207081547317,39.9841375557051],[-89.2187162295224,39.9835325284925],[-89.2166838819219,39.9829245375163],[-89.2146716556854,39.982307248018],[-89.2127080283059,39.981692981612],[-89.2107080191573,39.9810756809872],[-89.2086999251712,39.9804520419988],[-89.2067080008602,39.9798595796877],[-89.2047444633122,39.9792514865037],[-89.2027485855156,39.9786340949853],[-89.2007849590344,39.9780260597327],[-89.1987930347234,39.9774086571427],[-89.1968375820129,39.9768114867515],[-89.1948253557764,39.9761878776843],[-89.1920491267639,39.9753111318116],[-89.1912788070347,39.9750678597219],[-89.1914731126307,39.9739803845916],[-89.1916140430274,39.9728720391473],[-89.1929300452743,39.9706664416404],[-89.1935321716361,39.9704890539269]]},"properties":{"OBJECTID":56018,"ID":"171095","VOLTAGE":138,"STATUS":"IN SERVICE","OWNER":"NOT AVAILABLE","SUB_1":"LATHAM","SUB_2":"FOGARTY","VOLT_CLASS":"100-161"}},{"type":"Feature","geometry":{"type":"LineString","coordinates":[[-89.4137891053076,40.0984121997979],[-89.4132798997804,40.0986644215422],[-89.4132846590548,40.0992259745896],[-89.4157735745001,40.0993401888655],[-89.4158189996091,40.099627999882],[-89.4102109996483,40.1062719998195],[-89.4050709994927,40.1123129997376],[-89.3997809995493,40.1185640001373],[-89.3968740000859,40.1220030001529],[-89.3948249995167,40.1242630001366],[-89.3928050001581,40.1262359998177],[-89.3912889996914,40.1276319996098],[-89.390786999551,40.128107999798],[-89.39123199979,40.1284530001453],[-89.3894850002429,40.1298930000074],[-89.3884030001444,40.1310230001522],[-89.3874340000238,40.1324059998465],[-89.3870059995033,40.1331360000712],[-89.3866469994781,40.1342279995224],[-89.3863209999632,40.1357959998861],[-89.3863400002298,40.1377760000804],[-89.38621099946,40.1392539998108],[-89.3861683205009,40.1424940940622],[-89.3862330000997,40.146724999781],[-89.3862950000239,40.1516479995674],[-89.3863729998417,40.1583579996507],[-89.3864039998039,40.1601139997003],[-89.3863824725764,40.160882568492],[-89.3863159999403,40.1619109997038],[-89.3861949995665,40.1640240001095],[-89.3888740003226,40.1640119995141],[-89.3888380003376,40.1645919997777],[-89.3881766938631,40.1645393948807]]},"properties":{"OBJECTID":56019,"ID":"171096","VOLTAGE":138,"STATUS":"IN SERVICE","OWNER":"NOT AVAILABLE","SUB_1":"UNKNOWN123103","SUB_2":"FOGARTY","VOLT_CLASS":"100-161"}},{"type":"Feature","geometry":{"type":"LineString","coordinates":[[-89.5362604416644,38.4167462587631],[-89.5413150048499,38.4181927607838],[-89.5452125622041,38.4193253841594],[-89.550737670122,38.4209243819395],[-89.5568100550672,38.4242080381639],[-89.593933454308,38.436549827012],[-89.6062876152029,38.4406520174755],[-89.6105325735353,38.4419083727365],[-89.6149774070184,38.4427840145266],[-89.6183943126949,38.4446590297031],[-89.6305676346383,38.4492466307879],[-89.6358024501755,38.451112127772],[-89.6398159997957,38.4511089999853]]},"properties":{"OBJECTID":56020,"ID":"171097","VOLTAGE":138,"STATUS":"IN SERVICE","OWNER":"AMEREN ILLINOIS COMPANY","SUB_1":"TAP139488","SUB_2":"TAP169374","VOLT_CLASS":"100-161"}},{"type":"Feature","geometry":{"type":"LineString","coordinates":[[-89.6398159997957,38.4511089999853],[-89.639849000306,38.4580949998328],[-89.6400679996908,38.4685979995977],[-89.6400819999345,38.472105999984],[-89.6401160002697,38.4738659998915],[-89.6397160002366,38.4789729996313],[-89.6394879997327,38.4805570000423],[-89.6395969995126,38.4879859999557],[-89.6396679996577,38.4988839995395],[-89.6397089996656,38.5124339997155],[-89.6397890000316,38.5137109997991],[-89.6398569998036,38.5172659997333],[-89.6355469998514,38.5173099994786],[-89.6356480001338,38.5182199997791],[-89.6240509995474,38.5247039995226],[-89.6128530000676,38.5246239997499],[-89.6116780000827,38.5246180000445],[-89.611595000242,38.5261649994775],[-89.611511999503,38.5269259999782],[-89.6118859995968,38.5284040000635],[-89.6121569997585,38.533225999489],[-89.6121989995913,38.5389930001612],[-89.6122019999643,38.5414410000433],[-89.6121099999028,38.5469429997594],[-89.6120379999328,38.5496470000083],[-89.6120019999478,38.5514700000059],[-89.6119450000464,38.5580250001199],[-89.611916999559,38.55982799982],[-89.6117169995424,38.5607699998949],[-89.6115130002263,38.5617339995486],[-89.6116379998997,38.5682699996658],[-89.6120160001915,38.5701919996377],[-89.6120339997348,38.5717619999011],[-89.6120370001079,38.5724699998353],[-89.6119619997648,38.5742489997176],[-89.6118670002286,38.5759769997482],[-89.6119180002822,38.5772620001629],[-89.6120050003208,38.5793349999472],[-89.6121240001465,38.5830849995392],[-89.6123218352232,38.583428604131],[-89.6127069995794,38.5834679997216]]},"properties":{"OBJECTID":56021,"ID":"171098","VOLTAGE":138,"STATUS":"IN SERVICE","OWNER":"AMEREN ILLINOIS COMPANY","SUB_1":"UNKNOWN153323","SUB_2":"TAP169374","VOLT_CLASS":"100-161"}},{"type":"Feature","geometry":{"type":"LineString","coordinates":[[-89.8012965695675,38.4846585211233],[-89.8021759995694,38.484657000148],[-89.802122999866,38.4834079999922],[-89.8020437208472,38.482781720796],[-89.8020659999645,38.4818849999505],[-89.8021470001554,38.4813190001675],[-89.8022989995931,38.4802809995767],[-89.8025489998383,38.4783559998311],[-89.8023780001341,38.477868999517],[-89.8024750002185,38.476978999731],[-89.8025730001278,38.476560000078],[-89.8030159998186,38.4756249996903],[-89.8039549998019,38.4736900000758],[-89.8044169997593,38.4727100001189],[-89.8055590001322,38.4708299994727],[-89.8067409997898,38.4690509995299],[-89.8066897500045,38.4688784300703]]},"properties":{"OBJECTID":56022,"ID":"171099","VOLTAGE":138,"STATUS":"IN SERVICE","OWNER":"AMEREN ILLINOIS COMPANY","SUB_1":"UNKNOWN122425","SUB_2":"UNKNOWN169375","VOLT_CLASS":"100-161"}},{"type":"Feature","geometry":{"type":"LineString","coordinates":[[-87.6606998681101,39.1333769755867],[-87.6615350920169,39.1325787560745],[-87.6769217470204,39.1242869810008],[-87.6937458313443,39.1154200027075],[-87.6935539359282,39.1015649529164],[-87.6935489044643,39.1001839469009],[-87.6935429755834,39.0997149835913],[-87.6935189016321,39.0817629510844],[-87.6935239321977,39.0806999566346],[-87.6942559998655,39.00557499959]]},"properties":{"OBJECTID":56024,"ID":"171101","VOLTAGE":138,"STATUS":"IN SERVICE","OWNER":"AMEREN ILLINOIS COMPANY","SUB_1":"HUTSONVILLE","SUB_2":"TAP169377","VOLT_CLASS":"100-161"}},{"type":"Feature","geometry":{"type":"LineString","coordinates":[[-87.6942559998655,39.00557499959],[-87.6956309998669,39.0053279999881],[-87.6990389996457,39.0055979995005],[-87.7027200001343,39.0063990001577],[-87.7035400002919,39.0066559998672],[-87.7098839998464,39.0050749995951],[-87.7125090001758,39.0044170001332],[-87.7133029994959,39.0045909994786],[-87.7175680001406,39.003554999857],[-87.7201399998682,39.0029559995675],[-87.7220849997821,39.002651999689],[-87.7230520002528,39.0025059997561],[-87.7249179996256,39.0025030000316],[-87.7249040002802,39.0021019998822],[-87.7250619995656,39.0020299997662]]},"properties":{"OBJECTID":56025,"ID":"171102","VOLTAGE":138,"STATUS":"IN SERVICE","OWNER":"AMEREN ILLINOIS COMPANY","SUB_1":"ROBINSON MARATHON","SUB_2":"TAP169377","VOLT_CLASS":"100-161"}},{"type":"Feature","geometry":{"type":"LineString","coordinates":[[-87.7250619995656,39.0020299997662],[-87.7252175832813,39.0021332036097],[-87.7251079995964,39.0025009999825],[-87.72864400032,39.0024600000112],[-87.7299139998412,39.0021269995854],[-87.7298689996353,39.0002549999446],[-87.7277285092477,38.9975783211514],[-87.7285922528681,38.9967431297613],[-87.7280247520688,38.9958793848334],[-87.7278040000709,38.9958799999147]]},"properties":{"OBJECTID":56026,"ID":"171103","VOLTAGE":138,"STATUS":"IN SERVICE","OWNER":"AMEREN ILLINOIS COMPANY","SUB_1":"UNKNOWN157064","SUB_2":"ROBINSON MARATHON","VOLT_CLASS":"100-161"}},{"type":"Feature","geometry":{"type":"LineString","coordinates":[[-87.7278040000709,38.9958799999147],[-87.7264989994913,38.9943209999946],[-87.7251429997565,38.9927800000658],[-87.7237929998694,38.9917179995504],[-87.721508000197,38.9888539996658],[-87.7195309995978,38.9862570000781],[-87.7180879998243,38.9852910000787],[-87.7163270000335,38.9834589997463],[-87.7172850002834,38.9819239998486],[-87.7229149999855,38.9817839995552],[-87.7229689995138,38.9850679997168],[-87.7274280003273,38.985089000166],[-87.7292059998365,38.9851080000683],[-87.7331719998321,38.9853369998123],[-87.7389179998851,38.9853019998811],[-87.7416329997279,38.98475100006],[-87.7442120000266,38.9847429999512],[-87.7459429996801,38.9847279996574],[-87.7461510000926,38.9830079995934],[-87.7615999999734,38.9828689999998],[-87.7757989995263,38.9826690000705],[-87.7786220002224,38.9826899998348],[-87.790971000296,38.9826549999915],[-87.7915420000333,38.9829369995537],[-87.795251000111,38.9828689999998],[-87.8123179996675,38.9826279997813],[-87.8162650002949,38.982582999641],[-87.8163239998461,38.9827739995278],[-87.8310649997223,38.9828660001412],[-87.8373909997335,38.9828139997788],[-87.8492550002835,38.9826709999819],[-87.8567499995334,38.9825139997892],[-87.8613969997696,38.9824029994917],[-87.8671150002335,38.9824070000276],[-87.8838219999399,38.98254599983],[-87.8993520000116,38.9825819996841],[-87.9084570003379,38.9825390001278],[-87.9153699999799,38.9825070000838],[-87.9305999995776,38.9824599999493],[-87.9493669997239,38.9823710000846],[-87.9655210001346,38.9822319999386],[-87.9692829999158,38.9822209996592],[-87.9692009999,38.9787270001427],[-87.9816610003017,38.9786660001228],[-87.9835810001012,38.978656],[-87.9834630001004,38.9714350000978],[-87.983406000199,38.9677409996907],[-88.0025189999516,38.9668919999345],[-88.0096939995345,38.9669349999126],[-88.0160499996828,38.9668850000818],[-88.0243540001181,38.9668179999599],[-88.0310009996213,38.9668500001094],[-88.0348670000578,38.966863999821],[-88.0408530003103,38.9667779997526],[-88.0465569996323,38.9666370000642],[-88.0503400002281,38.9665349995796],[-88.0606420002806,38.9662499997892],[-88.075589999846,38.9658919994986],[-88.0916499996471,38.9654739994842],[-88.116546999986,38.9648929998208],[-88.1167660002691,38.9649829995071],[-88.1201289998421,38.964871999668],[-88.122690999524,38.9647919998271],[-88.1243900002888,38.9647649997906],[-88.1352439998121,38.9645879996843],[-88.1404159997547,38.9644789996514],[-88.1422150000787,38.9644869999543],[-88.1430839997418,38.9644369997926],[-88.1511999998561,38.9650819995189],[-88.1577279995336,38.9651619997308],[-88.1712709998587,38.9652029996559],[-88.1788539998705,38.9652400001472],[-88.1788789999849,38.9653489997077],[-88.1821809994585,38.9653790001212],[-88.1882699996432,38.9654140001219],[-88.1976899996137,38.9653589996141],[-88.197687000139,38.9652339996347],[-88.1998140184923,38.9651096825346],[-88.2071239998281,38.9651609995279],[-88.207124999653,38.9652959995515],[-88.2217050600578,38.9650501955383],[-88.2291640000339,38.9649729995476],[-88.2320289996645,38.9649609998737],[-88.2395740000415,38.9649389995351],[-88.2405370003143,38.9649319994894],[-88.2416560002227,38.965054000087],[-88.2433750001807,38.9649459995801],[-88.2468080000738,38.9648740000819],[-88.2514450002642,38.9648209995703],[-88.2597100003414,38.9646869995497],[-88.2625059994767,38.9646960000385],[-88.2681959994532,38.9646649998244],[-88.2687859994571,38.9640159996161],[-88.2686719996543,38.9457359997528],[-88.277693000315,38.9413250000147],[-88.2745378322713,38.9386855755871]]},"properties":{"OBJECTID":56027,"ID":"171104","VOLTAGE":138,"STATUS":"IN SERVICE","OWNER":"AMEREN ILLINOIS COMPANY","SUB_1":"NEWTON STATION","SUB_2":"UNKNOWN157064","VOLT_CLASS":"100-161"}},{"type":"Feature","geometry":{"type":"LineString","coordinates":[[-87.189935286575,38.6522656790983],[-87.1889330002798,38.6522389995174],[-87.1889629995188,38.656490999487],[-87.1889719997396,38.6578289999896],[-87.1891259997254,38.6585519994865],[-87.1818690001268,38.658630999973],[-87.1728419996183,38.658561000159],[-87.1676579999801,38.6586079999114],[-87.1627799997653,38.6586169998754],[-87.1508650000599,38.6586770000741],[-87.150869128717,38.6584559115724]]},"properties":{"OBJECTID":56076,"ID":"171137","VOLTAGE":138,"STATUS":"IN SERVICE","OWNER":"DUKE ENERGY INDIANA, LLC","SUB_1":"WASHINGTON MUNICIPAL 10TH ST","SUB_2":"UNKNOWN169397","VOLT_CLASS":"100-161"}},{"type":"Feature","geometry":{"type":"LineString","coordinates":[[-87.189935286575,38.6522656790983],[-87.1901839995344,38.6519329995186],[-87.1905169996203,38.6519349996191],[-87.1905340002371,38.6537220001287],[-87.1940199998337,38.6537719999734],[-87.1984549994594,38.6536669997682],[-87.200008999561,38.6539479998786],[-87.2000229998047,38.6560399995296],[-87.2076400001517,38.6570440001398],[-87.2136220002062,38.6577559998355],[-87.2161870002612,38.658055999724],[-87.2151930000262,38.6618400001505],[-87.2147059999545,38.6636080001485],[-87.2141369998671,38.6651429997067],[-87.2119479995557,38.6709389997006],[-87.2090810002753,38.678510999579],[-87.2074769999451,38.6827370000326],[-87.2129839996235,38.6826779996304],[-87.2252070001987,38.6825090000276],[-87.2308140003345,38.6824230001139],[-87.2389590438803,38.6823364966024],[-87.2524789997234,38.6820480000405],[-87.2627199996765,38.6818940000919],[-87.2723449996865,38.6821069995596],[-87.2752696187059,38.6821366216686],[-87.2809898442968,38.6841258505551],[-87.2845840001553,38.6876369995756]]},"properties":{"OBJECTID":56077,"ID":"171138","VOLTAGE":138,"STATUS":"IN SERVICE","OWNER":"DUKE ENERGY INDIANA, LLC","SUB_1":"WASHINGTON MUNICIPAL 10TH ST","SUB_2":"TAP169398","VOLT_CLASS":"100-161"}},{"type":"Feature","geometry":{"type":"LineString","coordinates":[[-87.2950717466557,38.6589386689294],[-87.2949289792043,38.6590219500859],[-87.2907819749671,38.6706602909669],[-87.2886268177858,38.67608320093],[-87.2879407402673,38.6783139457502],[-87.2845840001553,38.6876369995756]]},"properties":{"OBJECTID":56078,"ID":"171139","VOLTAGE":138,"STATUS":"IN SERVICE","OWNER":"DUKE ENERGY INDIANA, LLC","SUB_1":"UNKNOWN125548","SUB_2":"TAP169398","VOLT_CLASS":"100-161"}},{"type":"Feature","geometry":{"type":"LineString","coordinates":[[-89.4001470279933,39.063106146727],[-89.4025245289872,39.063120684],[-89.402974176211,39.0640540436153],[-89.4044532460382,39.0648982639952],[-89.4061168361128,39.0658946787577],[-89.4080349189074,39.0670615388682],[-89.4100388806433,39.0682554406823],[-89.4112365145801,39.0690520607488],[-89.4131990639813,39.0689711576319],[-89.4166883002079,39.0688902551197],[-89.4186129407041,39.0688697496286],[-89.4209003101322,39.0674882596062],[-89.4214653342763,39.0670368899325],[-89.4363380002236,39.059047000091],[-89.4405660001601,39.0567309997055],[-89.4594983963199,39.042512242781],[-89.4730280108489,39.0426645280358],[-89.4734848670529,39.0420791810367],[-89.4740988287187,39.0416833639294]]},"properties":{"OBJECTID":58093,"ID":"137793","VOLTAGE":138,"STATUS":"IN SERVICE","OWNER":"NOT AVAILABLE","SUB_1":"MIDWAY","SUB_2":"COFFEEN N","VOLT_CLASS":"100-161"}},{"type":"Feature","geometry":{"type":"LineString","coordinates":[[-89.9917489732654,38.7850432049956],[-89.9921249280932,38.7855559791247],[-89.998035000043,38.7832009996509],[-90.0043169996732,38.7807199998469],[-90.0057960003301,38.7797759999745],[-90.0071229997526,38.7787119996547],[-90.008129999508,38.7774860000007],[-90.0113659997577,38.7735089995573],[-90.0137590002835,38.7705629995682],[-90.0161820000482,38.7675660001678],[-90.0186640002624,38.764507000145],[-90.0211499997763,38.7614640000883],[-90.0245559999053,38.7574239999687],[-90.0274399998025,38.753835999977],[-90.0311609995757,38.7492390001145],[-90.0336549994855,38.7462029998068],[-90.03613500005,38.7431260001165],[-90.0403229998035,38.7379579995997],[-90.0423409995122,38.7355049997821],[-90.0427830002764,38.7350189995259],[-90.0435173415801,38.7353184554979]]},"properties":{"OBJECTID":58103,"ID":"164317","VOLTAGE":138,"STATUS":"IN SERVICE","OWNER":"AMEREN ILLINOIS COMPANY","SUB_1":"STALLINGS","SUB_2":"UNKNOWN162214","VOLT_CLASS":"100-161"}},{"type":"Feature","geometry":{"type":"LineString","coordinates":[[-90.0817369702335,38.8976486865737],[-90.0813968716602,38.897733712022],[-90.0809110169405,38.8980130775392],[-90.0795677023157,38.896874091494],[-90.078101953606,38.8955320754902],[-90.0735881169326,38.8914394038673],[-90.0725816049625,38.8899831726906],[-90.0725054619624,38.8863794795588],[-90.0724132579833,38.8829917219196],[-90.0723210540042,38.8814242521312],[-90.0708517362878,38.8800768819563],[-90.0629691768748,38.8736638380401],[-90.0600186450528,38.8718030996957],[-90.0529992345755,38.8656593321035],[-90.045056594938,38.8593014117398],[-90.0347432168241,38.8510478548198],[-90.0342851712506,38.840286742137],[-90.0340888660048,38.8336242505064],[-90.0340293786684,38.8315600691086],[-90.0338390220664,38.8317385291464]]},"properties":{"OBJECTID":58106,"ID":"135717","VOLTAGE":138,"STATUS":"IN SERVICE","OWNER":"AMEREN ILLINOIS COMPANY","SUB_1":"UNKNOWN122513","SUB_2":"UNKNOWN122514","VOLT_CLASS":"100-161"}},{"type":"Feature","geometry":{"type":"LineString","coordinates":[[-89.9917489732654,38.7850432049956],[-89.991972642093,38.7855999985637],[-89.9858330002825,38.7881230000042],[-89.9802229997736,38.790293000102],[-89.9744840002916,38.7923609998154],[-89.9736699999817,38.7926809995776]]},"properties":{"OBJECTID":58107,"ID":"164318","VOLTAGE":138,"STATUS":"IN SERVICE","OWNER":"AMEREN ILLINOIS COMPANY","SUB_1":"UNKNOWN162214","SUB_2":"TAP162215","VOLT_CLASS":"100-161"}},{"type":"Feature","geometry":{"type":"LineString","coordinates":[[-89.9736699999817,38.7926809995776],[-89.972529000332,38.7915529998865],[-89.971423999769,38.7904609998664],[-89.9697629995373,38.7888699995559],[-89.9686350003064,38.7881049997581],[-89.9666769999738,38.7872899998438],[-89.9653720002926,38.7869909999595],[-89.9615929998947,38.7867100001241],[-89.9608930002859,38.7866860000196],[-89.9610282281772,38.7854916535838],[-89.9615231558813,38.7854250298157],[-89.9616380001005,38.7851599997168]]},"properties":{"OBJECTID":58108,"ID":"164371","VOLTAGE":138,"STATUS":"IN SERVICE","OWNER":"AMEREN ILLINOIS COMPANY","SUB_1":"TAP162215","SUB_2":"UNKNOWN162216","VOLT_CLASS":"100-161"}},{"type":"Feature","geometry":{"type":"LineString","coordinates":[[-89.9736699999817,38.7926809995776],[-89.9704539998235,38.7939969999949],[-89.9665449997293,38.7955089995724],[-89.9653420001553,38.7956859998638],[-89.963441999549,38.7959140001015],[-89.9616969996517,38.7961019998225],[-89.9597879997229,38.7960359999844],[-89.9578429998091,38.7960030000424],[-89.9523339995826,38.7959839998992],[-89.9505419998296,38.7962950000593],[-89.949172999676,38.7968979999095],[-89.9480789998819,38.7975869996258],[-89.9442140001686,38.800937000139],[-89.9433479999802,38.8018049999211],[-89.9427370000599,38.8027990000085],[-89.9422119994551,38.8042509999488],[-89.9418390000845,38.805381999949],[-89.9414030000664,38.8067870001222],[-89.9411739997375,38.808389999745],[-89.9418170003432,38.8099659995627],[-89.9427129997705,38.8132709999919],[-89.9427520001286,38.8143379996579],[-89.9429420000994,38.8177319996052],[-89.9429520001451,38.8192709996011],[-89.9425989999677,38.8205939998664],[-89.9384229999098,38.8233929997922],[-89.9354639996696,38.8253919996401],[-89.9349399997879,38.8270570001043],[-89.9344290003251,38.8287500001694],[-89.9339020000703,38.8300529997972],[-89.9301720000763,38.8307989999698],[-89.9285510000276,38.8312179999165],[-89.9230190002348,38.8334429996452],[-89.9193959994725,38.8348829998058],[-89.9136799995567,38.837264999983],[-89.9075469998894,38.8396829998366],[-89.9057019995347,38.8404089997822],[-89.9042329998219,38.841206000011],[-89.9030489996162,38.8423160001393],[-89.8995279998595,38.846679999978],[-89.8959469998283,38.8511199999422],[-89.8927130001268,38.8552030000837],[-89.8905859997398,38.8577470000059],[-89.8885899997723,38.8603379998477],[-89.8855799994785,38.8640570000738],[-89.8828029997114,38.867530999658],[-89.8794290002678,38.8717049996572],[-89.8756909998778,38.8762639996755],[-89.8732019999909,38.8793049994865],[-89.8682350000876,38.8854000000703],[-89.8657219999112,38.888482999889],[-89.8652359996644,38.8891289996274],[-89.8650509997165,38.8893519998323],[-89.8632526057553,38.8915809551449],[-89.8605459692279,38.8948110730358],[-89.8582500002275,38.8975150000422],[-89.8569859996558,38.8990469995545],[-89.8537019997256,38.9033089998794],[-89.8526129999544,38.9048909997704],[-89.8515099999396,38.9064909997426],[-89.8504239996431,38.9080679998805],[-89.848228999484,38.9112410000468],[-89.8471320002153,38.912826999593],[-89.8438919997676,38.9176169994771],[-89.8406079998374,38.9223679996369],[-89.8388589997422,38.9249310000114],[-89.8380029995995,38.9261480000699],[-89.836267999748,38.9287169995704],[-89.8332449999336,38.9330649995092],[-89.829976000072,38.9374910000427],[-89.8267690001346,38.941936999767],[-89.8224509997865,38.9478619998855],[-89.8192449996741,38.9523159999445],[-89.8154254403411,38.957581254124],[-89.8127849997686,38.9612069997932],[-89.8094979994653,38.9657330001297],[-89.805303999864,38.971528999607],[-89.8020919999038,38.975937000122],[-89.799233000121,38.9796709996706],[-89.7976049995013,38.9819049997902],[-89.7944169998305,38.9865059997236],[-89.7898390000897,38.9928540001416],[-89.7852930001359,38.9990539999792],[-89.7829830003491,39.002173999925],[-89.7817719994809,39.0035269995812],[-89.7800559998959,39.0059029996104],[-89.7782669996177,39.0083359999738],[-89.7773240003347,39.0098129998534],[-89.7763159998561,39.0110940000249],[-89.7751590003129,39.0123329999623],[-89.7739550000157,39.0134729999133],[-89.7724389995489,39.0145220000116],[-89.7676049997151,39.0189229997048],[-89.761422999644,39.0245940001683],[-89.7605189998207,39.0257990000543],[-89.7594350000724,39.0267789994767],[-89.7581050002768,39.0277169999659],[-89.7567050001611,39.0291310000196],[-89.7540869995044,39.0319749997068],[-89.7507940002516,39.0353559999388],[-89.7499709997209,39.03617899969],[-89.7500300001704,39.0401099998752],[-89.7503919996704,39.0412899998619],[-89.7498072907435,39.0422378965782]]},"properties":{"OBJECTID":58109,"ID":"164319","VOLTAGE":138,"STATUS":"IN SERVICE","OWNER":"AMEREN ILLINOIS COMPANY","SUB_1":"NORTH STAUNTON","SUB_2":"TAP162215","VOLT_CLASS":"100-161"}},{"type":"Feature","geometry":{"type":"LineString","coordinates":[[-88.8909274556071,39.9168728561669],[-88.8935008432318,39.9173190051406],[-88.8935722269576,39.9222659037315],[-88.9048865636566,39.9220231986874],[-88.9080417290054,39.9219589541239],[-88.9081702195321,39.9315243866067],[-88.9082273272313,39.9363713486503],[-88.9083201258951,39.9491205005596],[-88.9083915096209,39.9557377814849],[-88.9084272014837,39.9622836799673],[-88.9084414793068,39.9644894398521],[-88.9080631439435,39.9661740976946],[-88.9080631439435,39.9701787310302],[-88.9080203140674,39.9776169259912],[-88.9080131760541,39.979672780563],[-88.9082201892181,39.9808149221113],[-88.9082130503065,39.9900234359677],[-88.90819877428,39.9943492955095],[-88.9080345909922,39.9954486068807],[-88.908070282855,40.0070484787679],[-88.9080560059302,40.0138299429855],[-88.9080274529789,40.0214680127605],[-88.9079774841912,40.0284065204982],[-88.9078847340365,40.0341095225995]]},"properties":{"OBJECTID":58120,"ID":"172069","VOLTAGE":345,"STATUS":"IN SERVICE","OWNER":"AMEREN ILLINOIS COMPANY","SUB_1":"OREANA","SUB_2":"TAP170250","VOLT_CLASS":"345"}},{"type":"Feature","geometry":{"type":"LineString","coordinates":[[-88.9078847340365,40.0341095225995],[-88.9076880380235,40.0341628887237],[-88.905020939945,40.0349049575185],[-88.9023250059458,40.0356497687113],[-88.8996148785651,40.0363945731452],[-88.8969225378271,40.0371338665565],[-88.8942159138761,40.0378731519531],[-88.8915128831862,40.0386179307281],[-88.8897134678405,40.0391090976377],[-88.8888794395914,40.0393990676515]]},"properties":{"OBJECTID":58121,"ID":"172070","VOLTAGE":345,"STATUS":"IN SERVICE","OWNER":"NOT AVAILABLE","SUB_1":"TAP138278","SUB_2":"TAP170250","VOLT_CLASS":"345"}},{"type":"Feature","geometry":{"type":"LineString","coordinates":[[-88.1710354741676,39.4992673978744],[-88.1709948397741,39.499738036858],[-88.1711502339452,39.4997581310086]]},"properties":{"OBJECTID":57945,"ID":"175174","VOLTAGE":138,"STATUS":"IN SERVICE","OWNER":"AMEREN ILLINOIS COMPANY","SUB_1":"UNKNOWN122177","SUB_2":"TAP173342","VOLT_CLASS":"100-161"}},{"type":"Feature","geometry":{"type":"LineString","coordinates":[[-88.1710354741676,39.4992673978744],[-88.1652723890562,39.499406173035],[-88.1624094223131,39.499829829142],[-88.1549334601607,39.5016380309744],[-88.1395596142348,39.5054228617577],[-88.1396012547415,39.5050629679245],[-88.1394937785043,39.5047603145133]]},"properties":{"OBJECTID":57946,"ID":"175175","VOLTAGE":138,"STATUS":"IN SERVICE","OWNER":"AMEREN ILLINOIS COMPANY","SUB_1":"UNKNOWN122182","SUB_2":"TAP173342","VOLT_CLASS":"100-161"}},{"type":"Feature","geometry":{"type":"LineString","coordinates":[[-88.8602111751459,37.2100568625101],[-88.860642297312,37.209974894544],[-88.8614331552235,37.210181636514],[-88.8624659483057,37.2104750365464],[-88.8621963054984,37.211312739841],[-88.8621070767396,37.2113305854686]]},"properties":{"OBJECTID":61530,"ID":"104443","VOLTAGE":161,"STATUS":"IN SERVICE","OWNER":"AMEREN ILLINOIS COMPANY","SUB_1":"TAP153753","SUB_2":"JOPPA STATION","VOLT_CLASS":"100-161"}},{"type":"Feature","geometry":{"type":"LineString","coordinates":[[-90.3175163491452,40.3426888126053],[-90.3163170200874,40.3442711408231],[-90.3104092352484,40.344470910748],[-90.3003798056126,40.348569533159],[-90.2852523828406,40.3547739764987],[-90.2748006012908,40.3590629561296],[-90.2669781230007,40.3614781089908],[-90.2499709251909,40.3666831799973],[-90.2357833890394,40.3713350256132],[-90.220519145663,40.3764151748691],[-90.2142314210695,40.3784734087912],[-90.2091036820192,40.3801033398735],[-90.2032918489306,40.3917448529214],[-90.2016143286808,40.3951177387407],[-90.2010379165939,40.3966659679019],[-90.1966214258564,40.4051122680694],[-90.190539524159,40.4170381255591],[-90.1808408407362,40.4182564111211],[-90.1601395297296,40.4162100740642],[-90.1382104175624,40.4215686200312],[-90.1090667790417,40.4273745047299],[-90.0971789920012,40.4297730021149],[-90.0879466833311,40.4316004277087],[-90.0587649742086,40.4408041826772],[-90.0490099125185,40.44395696616],[-90.0451163850067,40.4452394975253],[-90.027508374172,40.4530346131571],[-90.0077207755736,40.4607345476421],[-89.9957949179314,40.4608868338465],[-89.9850684603139,40.4600345306613],[-89.9849044378244,40.4615956457906],[-89.9853056712444,40.4622511786895]]},"properties":{"OBJECTID":61978,"ID":"121983","VOLTAGE":345,"STATUS":"IN SERVICE","OWNER":"NOT AVAILABLE","SUB_1":"UNKNOWN122057","SUB_2":"IPAVA","VOLT_CLASS":"345"}},{"type":"Feature","geometry":{"type":"LineString","coordinates":[[-90.5635461872699,39.8206301080007],[-90.5622850011201,39.8192744900737],[-90.5587586402177,39.8189389857292],[-90.5561531297367,39.8189532626019],[-90.5543042890842,39.8200240196018],[-90.5540972759202,39.8218657226315],[-90.5490147472815,39.8259346008768],[-90.536843804077,39.8258703559341],[-90.5248370441604,39.8257846949973],[-90.5247727993462,39.8257846949973],[-90.5247585215231,39.8320664717723],[-90.5247085527354,39.8374202601363],[-90.5245229545095,39.846700156792],[-90.5191620289811,39.852196711685],[-90.5142793745948,39.8574291465548],[-90.5101391131122,39.8617835611444],[-90.5046140051942,39.8617835611444],[-90.4959194541044,39.8617264540767],[-90.4957552717149,39.8636823711483],[-90.4957409947901,39.8660665909132],[-90.4954840128384,39.8686292694798],[-90.4953697992366,39.8758818670813],[-90.4947630357711,39.8779234446843],[-90.4896376772564,39.8832558165922],[-90.4802935337233,39.8832129867766],[-90.4802221499975,39.8880171178421],[-90.4818282856233,39.8897017768816],[-90.4854974148754,39.8927641425704],[-90.4855045537869,39.9016728449905],[-90.4800651056213,39.9054490495663],[-90.4803506405242,39.9167205555404],[-90.4806147604891,39.919190436498],[-90.4807718057637,39.9296053375009],[-90.4816212724593,39.9393420916448],[-90.4818282856233,39.9472157288203],[-90.4820103148426,39.953997192864],[-90.4850024871713,39.9574295648432],[-90.4850675260962,39.9574902409558],[-90.5068190000092,39.9851639995129],[-90.5177250003093,39.9911029998132],[-90.5230922616554,39.9940501859112],[-90.5236395377843,39.9956682199702],[-90.5134078560556,40.0068278914883],[-90.5115090457171,40.0070134899727],[-90.5101527531314,40.0086410410237],[-90.5100385386313,40.0187204375399],[-90.5116232602173,40.0201052836221],[-90.5113377253143,40.0289140487437],[-90.5111092972123,40.0374515546155],[-90.5108951451367,40.0478450411657],[-90.5109094220615,40.0572677060975],[-90.5105810554859,40.0593235605796],[-90.5104097350831,40.0688033327876],[-90.510366905207,40.0729721486954],[-90.5036425481814,40.0730292555448],[-90.4964327811021,40.0731720234899],[-90.4901795572054,40.072229756671],[-90.4846544492875,40.072186926895],[-90.4811994721109,40.071972774861],[-90.4644671021842,40.0720584360303],[-90.4579568972342,40.0711018930225],[-90.4551015428148,40.0723011404878],[-90.4441227098064,40.0723154175171],[-90.434500170282,40.0722440337153],[-90.4344002327066,40.080638771486],[-90.4340433131796,40.0910893645398],[-90.4196095029946,40.0959149120599],[-90.4193382441182,40.1081358238328],[-90.420394724876,40.1153455907314],[-90.4215654201341,40.123154981967],[-90.4219366156876,40.1256248619066],[-90.4149552767104,40.1319923000846],[-90.4127566545441,40.1340767080753],[-90.4033197132455,40.1543211616683],[-90.3987939774879,40.1636296125195],[-90.3958672411394,40.1700969875161],[-90.3948250373064,40.1730951087305],[-90.3934830207472,40.1755364355592],[-90.3823614202873,40.2008205885149],[-90.3816333052068,40.2034760669315],[-90.3801485220945,40.2058031798366],[-90.3781783280303,40.2102718075854],[-90.3744235381276,40.2175386815178],[-90.3727103269133,40.2211792567815],[-90.3695551606661,40.2250768135935],[-90.3667426379195,40.2283461935547],[-90.3664999328927,40.2392393657054],[-90.3599183442169,40.2461207670174],[-90.3546644942771,40.2516173219661],[-90.3541648072986,40.2677928979768],[-90.3537365040459,40.2774582691628],[-90.3518234176808,40.2808704158372],[-90.3516235425301,40.2829833769027],[-90.3499531611919,40.2871807467824],[-90.3471120845957,40.2944190671152],[-90.3440568568222,40.3034705368977],[-90.3391028187102,40.3177901328269],[-90.3375180980225,40.3225585729869],[-90.3319644362549,40.3384486129464],[-90.3311078297495,40.3404330836291],[-90.3174449645211,40.3415466720678],[-90.3175163491452,40.3426888126053]]},"properties":{"OBJECTID":61980,"ID":"175812","VOLTAGE":345,"STATUS":"NOT AVAILABLE","OWNER":"NOT AVAILABLE","SUB_1":"MEREDOSIA","SUB_2":"IPAVA","VOLT_CLASS":"345"}},{"type":"Feature","geometry":{"type":"LineString","coordinates":[[-90.4454225738192,40.0934879005793],[-90.4450456506074,40.0938254926085],[-90.4450599634648,40.0961659514919],[-90.4445289701987,40.0977679537457],[-90.4370289358916,40.1108149691015],[-90.4366129260835,40.1113649347896],[-90.4342179277045,40.1135819315936],[-90.428717902546,40.1186739475747],[-90.4262079198106,40.1209969726547],[-90.4193269145658,40.1273659446794],[-90.4123869798383,40.1337909795993],[-90.4055539446297,40.14814397989],[-90.401262962012,40.157156952717],[-90.4005529336115,40.1587459849194],[-90.4002899068963,40.1593339404977],[-90.3970379157362,40.166607934059],[-90.3946189323391,40.1720209946006],[-90.3938519507496,40.1737369360359],[-90.39320192981,40.1751899508022],[-90.3875729065766,40.1882719285221],[-90.3862499576577,40.1910819885495],[-90.3777239565663,40.2104459268552],[-90.374618930685,40.2162669328632],[-90.3725448994587,40.2201999355504],[-90.3719189542671,40.2213859590902],[-90.3691539398226,40.2247089897452],[-90.3674579205662,40.2267459527392],[-90.3673229037789,40.2269089805193],[-90.366111974776,40.2283649719253],[-90.3659779461356,40.2321159465131],[-90.3658397160746,40.2394203391556],[-90.3551506894583,40.2505024760224],[-90.3548079345667,40.2625449748366],[-90.3544759998827,40.2716149996763]]},"properties":{"OBJECTID":61981,"ID":"175813","VOLTAGE":138,"STATUS":"IN SERVICE","OWNER":"NOT AVAILABLE","SUB_1":"UNKNOWN122772","SUB_2":"UNKNOWN173806","VOLT_CLASS":"100-161"}},{"type":"Feature","geometry":{"type":"LineString","coordinates":[[-90.3544759998827,40.2716149996763],[-90.3541798702493,40.2773618321214],[-90.3473949470106,40.2949539845183],[-90.3472389096458,40.2954489479134],[-90.3365528232154,40.3266071569245],[-90.3317699096734,40.3406062819513],[-90.3316565359964,40.3439893708143],[-90.3310669896417,40.3444882177189]]},"properties":{"OBJECTID":61982,"ID":"175814","VOLTAGE":138,"STATUS":"IN SERVICE","OWNER":"NOT AVAILABLE","SUB_1":"UNKNOWN122773","SUB_2":"UNKNOWN173806","VOLT_CLASS":"100-161"}},{"type":"Feature","geometry":{"type":"LineString","coordinates":[[-88.9759360577177,42.2163160027132],[-88.975499657051,42.2176661061238],[-88.975341718851,42.2181139910741],[-88.9734818208356,42.2179914121407],[-88.9697478808307,42.2162093037918],[-88.9690826055992,42.2167391600678],[-88.9600053335708,42.2123666765647],[-88.95791385796,42.2112352811028],[-88.9534324792145,42.2090677937943],[-88.9535241307297,42.2089275467151],[-88.9513167859219,42.2079129819651],[-88.9490273395889,42.2068704360038],[-88.9471947755109,42.2054474541016],[-88.9457845112447,42.2037917375519],[-88.9444514104648,42.2022438475466],[-88.9431298099171,42.2007213405212],[-88.9418138678574,42.1991945377086],[-88.9405892835637,42.1977607349273],[-88.9391904279016,42.1961407548572],[-88.9378631670693,42.1946075846947],[-88.9365614174928,42.1930890866356],[-88.9352368525047,42.1915557765514],[-88.9339523505816,42.1900117806366],[-88.9326021836079,42.1884318706242],[-88.9311034334896,42.1868074580569],[-88.9292365555644,42.1854050575667],[-88.9270727835396,42.1842057816865],[-88.9249204201188,42.1830783730939],[-88.9227594328713,42.1819318397764],[-88.9206071592821,42.1807980666925],[-88.9184861470648,42.1796811818082],[-88.9163709738968,42.1785747287135],[-88.9142471769021,42.1774768439601],[-88.9121546412792,42.1763429909964],[-88.9057173489875,42.1731065810845],[-88.7604798080611,42.1314755306161],[-88.7559826270514,42.1251366467204],[-88.7317121234698,42.0867892528515],[-88.7278716738149,42.0814925731161],[-88.7085269841774,42.060245305632]]},"properties":{"OBJECTID":62130,"ID":"175956","VOLTAGE":138,"STATUS":"IN SERVICE","OWNER":"COMMONWEALTH EDISON CO","SUB_1":"CHERRY VALLEY","SUB_2":"TAP173883","VOLT_CLASS":"100-161"}},{"type":"Feature","geometry":{"type":"LineString","coordinates":[[-88.7085269841774,42.060245305632],[-88.7027588433476,42.0539098607598],[-88.6992467575735,42.049041483525],[-88.6993181421975,42.0450011588459],[-88.6935092825325,42.01279098979],[-88.6950583122556,42.0116131568827],[-88.6950868661052,42.00999274407],[-88.6944943795646,42.0083937471247],[-88.6943730270512,42.0002845429565],[-88.6965002654918,41.9991281250142],[-88.6990058374991,41.9988283127637],[-88.6989915605743,41.9957516695946],[-88.6991985737383,41.9948236796517],[-88.7119191727089,41.9964084008663],[-88.7122403994748,41.9949164785205],[-88.7122189845367,41.9874068995871],[-88.7078864620237,41.9874459239125],[-88.7077817660722,41.9811355930338],[-88.7085098811527,41.9796888808092],[-88.7084622920022,41.9731691581119],[-88.7034273516157,41.9732215056066],[-88.703389281014,41.9642890090042],[-88.7287638527073,41.9375795590668],[-88.7288352373314,41.9367943365755],[-88.7282602436843,41.9362133591552]]},"properties":{"OBJECTID":62131,"ID":"175957","VOLTAGE":138,"STATUS":"IN SERVICE","OWNER":"COMMONWEALTH EDISON CO","SUB_1":"UNKNOWN122202","SUB_2":"TAP173883","VOLT_CLASS":"100-161"}},{"type":"Feature","geometry":{"type":"LineString","coordinates":[[-88.7085269841774,42.060245305632],[-88.7054090000982,42.0602439997518],[-88.6693489995413,42.0601789998317],[-88.6546939998789,42.0603569996394],[-88.6544510002046,42.0602359997345],[-88.6544713156048,42.0599771100915]]},"properties":{"OBJECTID":62132,"ID":"175958","VOLTAGE":138,"STATUS":"NOT AVAILABLE","OWNER":"COMMONWEALTH EDISON CO","SUB_1":"TAP173883","SUB_2":"UNKNOWN173884","VOLT_CLASS":"100-161"}},{"type":"Feature","geometry":{"type":"LineString","coordinates":[[-88.8556675063203,41.2880799019915],[-88.8734216299326,41.2878590458271],[-88.8908154886918,41.287763867711],[-88.9187265667775,41.287549716611],[-88.9389281908056,41.2874426411349],[-89.003241055956,41.2873841461121],[-89.0062153832516,41.2876458859393],[-89.0122592125505,41.2876458859393],[-89.0151383606468,41.2874555296214],[-89.0263932118061,41.2874555296214],[-89.0330319081811,41.2874793241071],[-89.03802542186,41.2944925850163],[-89.0442522281008,41.2945372065847],[-89.0484507579061,41.291705734031],[-89.0510591196398,41.2917381866725],[-89.0537607830938,41.2914501715306],[-89.059650894478,41.2914217759354],[-89.0655450635523,41.2913974354941],[-89.0682847338277,41.2911576227371],[-89.0699179581508,41.2910269246902],[-89.0728541977767,41.2910363667734],[-89.0758454367558,41.2914794479366],[-89.1085238551898,41.2915029270984],[-89.1158627829389,41.2952765711291],[-89.1345047959881,41.2953429515935],[-89.1475881715015,41.2954279847393],[-89.1494552533442,41.2954019314969],[-89.1642914449961,41.2954314045556],[-89.1788752944947,41.2951770985071],[-89.1892131067844,41.2950223096969],[-89.1977977391178,41.2948544289947],[-89.2038596443169,41.2946878585686],[-89.2310151116879,41.293908589926],[-89.2452596818769,41.2935909566034],[-89.2549669487023,41.293515975632],[-89.2591151485971,41.2935457377418],[-89.269793278649,41.2935219441186],[-89.2747792895986,41.2934981437374],[-89.2808268738554,41.2932330020572],[-89.2821056858495,41.2932559959796],[-89.2990366625057,41.2933256377909],[-89.3143107657906,41.293273231967],[-89.318593396771,41.2931153730467],[-89.3203565740781,41.2930425567492],[-89.3332293189118,41.2793900578305],[-89.3433026707751,41.2789839887215],[-89.3574223751395,41.2783843660909],[-89.3658954933085,41.2780488676535],[-89.374640460547,41.277727622957],[-89.3774598581005,41.2775652248294],[-89.3878889365281,41.2771637040486],[-89.3935913206791,41.2769281860148],[-89.4023844852276,41.2770066966212],[-89.4109631886801,41.2771066148399],[-89.4139399917327,41.277327913136],[-89.4249561686057,41.2774135847835],[-89.4337297750339,41.2774849737991],[-89.4447730163498,41.2773350658901],[-89.4534242255239,41.2773493416913],[-89.4586492943403,41.2773850318558],[-89.4672582296953,41.2774778318631],[-89.4845119351005,41.2775634925122],[-89.4943496417967,41.277577959993],[-89.4961415238704,41.277593957931],[-89.4985875357777,41.2776139410021],[-89.5000920530802,41.2776279885573],[-89.5012993789406,41.277610970546],[-89.5100178665395,41.2775703981524],[-89.5099750339685,41.2703672570263],[-89.521940359991,41.2701884208754],[-89.5248594229303,41.2700539126382],[-89.5397789279349,41.2700329610672],[-89.5572374276653,41.2700824667472],[-89.5661698247946,41.270240847941],[-89.5692059355205,41.2702445621056],[-89.5720470965584,41.270317079759],[-89.58791935655,41.2702420180278]]},"properties":{"OBJECTID":62136,"ID":"175962","VOLTAGE":138,"STATUS":"IN SERVICE","OWNER":"NOT AVAILABLE","SUB_1":"TAP173887","SUB_2":"TAP137717","VOLT_CLASS":"100-161"}},{"type":"Feature","geometry":{"type":"LineString","coordinates":[[-89.0687861788092,41.2899602311442],[-89.0682770002314,41.2911081087426],[-89.0655407040282,41.2913476260483],[-89.0596463750538,41.2913708318983],[-89.053753708861,41.2913992410149],[-89.0510524765982,41.2916872098095],[-89.0484314602971,41.2916545985275],[-89.0442328101177,41.2944861529422],[-89.038047036224,41.2944418249333],[-89.0330534560698,41.2874284714918],[-89.0263890058939,41.2874045858622],[-89.0151324137997,41.2874045858622],[-89.0122532657034,41.2875949416537],[-89.0062132829905,41.2875949416537],[-89.003238933237,41.2873331995972],[-88.9389237396533,41.2873916966906],[-88.918721946742,41.2874987736003],[-88.8908108641647,41.2877129248676],[-88.8734168859296,41.287808103733],[-88.8458485546506,41.2881510457915]]},"properties":{"OBJECTID":62138,"ID":"175964","VOLTAGE":138,"STATUS":"IN SERVICE","OWNER":"NOT AVAILABLE","SUB_1":"TAP173888","SUB_2":"TAP137718","VOLT_CLASS":"100-161"}},{"type":"Feature","geometry":{"type":"LineString","coordinates":[[-88.8458485546506,41.2881510457915],[-88.8265533720667,41.2883910720977],[-88.7979524749793,41.2885814277111],[-88.7221786375327,41.2888431681352],[-88.7044636005168,41.2888907567609],[-88.6680702989383,41.2889243927043],[-88.6654826361854,41.2889392646835],[-88.6653977534759,41.2886970588295],[-88.6643388939791,41.2886887308147]]},"properties":{"OBJECTID":62139,"ID":"175965","VOLTAGE":138,"STATUS":"IN SERVICE","OWNER":"NOT AVAILABLE","SUB_1":"TAP173888","SUB_2":"TAP138200","VOLT_CLASS":"100-161"}},{"type":"Feature","geometry":{"type":"LineString","coordinates":[[-88.6650857110856,41.2889859575326],[-88.6680613759726,41.2889957765534],[-88.7044680004651,41.2889417007097],[-88.7221830877867,41.2888941121212],[-88.7659179994837,41.2887399995907]]},"properties":{"OBJECTID":62146,"ID":"175972","VOLTAGE":138,"STATUS":"IN SERVICE","OWNER":"NOT AVAILABLE","SUB_1":"TAP173885","SUB_2":"TAP138201","VOLT_CLASS":"100-161"}},{"type":"Feature","geometry":{"type":"LineString","coordinates":[[-89.0085401639181,38.9897465280186],[-89.0090859147077,38.9935599307785],[-89.0131499999526,39.0193069998982]]},"properties":{"OBJECTID":62178,"ID":"176004","VOLTAGE":138,"STATUS":"IN SERVICE","OWNER":"AMEREN ILLINOIS COMPANY","SUB_1":"TAP139402","SUB_2":"TAP174885","VOLT_CLASS":"100-161"}},{"type":"Feature","geometry":{"type":"LineString","coordinates":[[-89.0131499999526,39.0193069998982],[-89.0159980402889,39.0374276900321],[-89.0158600321118,39.0549414745011],[-89.0157315406868,39.0682260055751],[-89.0156006696247,39.1029304449884],[-89.020085954245,39.1296874839816],[-89.0201580099106,39.1411857867575],[-89.0202025663487,39.1469021286625],[-89.0200200286829,39.1537709637357],[-89.0200164345235,39.1551453467495],[-89.0200019725457,39.1565253444804],[-89.0200019725457,39.1583072306336],[-89.0199765502232,39.1600919281682],[-89.0197935625015,39.185294350543],[-89.0260912026991,39.1857737446961],[-89.0282385355543,39.185947327743],[-89.0283236365544,39.1855828160092]]},"properties":{"OBJECTID":62179,"ID":"176005","VOLTAGE":138,"STATUS":"IN SERVICE","OWNER":"AMEREN ILLINOIS COMPANY","SUB_1":"RAMSEY","SUB_2":"TAP174885","VOLT_CLASS":"100-161"}},{"type":"Feature","geometry":{"type":"LineString","coordinates":[[-88.5685375287016,39.14444318077],[-88.5682069100495,39.1445569070278],[-88.5678618267247,39.1444704535747],[-88.5685988117703,39.1432049420867],[-88.5695880365611,39.1415983865336],[-88.5704526650221,39.1400957490525],[-88.5711902717019,39.138812067797],[-88.5680760839031,39.1279098048873],[-88.5656775802978,39.1240857525321],[-88.5653027798051,39.1198985367939],[-88.5653136485217,39.1181818897027],[-88.5653416768569,39.1164569758239],[-88.5653128409363,39.1147272794975],[-88.5652829270373,39.1129299325096],[-88.5652829270373,39.1129109739308],[-88.5652840050157,39.1127639750716],[-88.5652840050157,39.1127279397426],[-88.5652840050157,39.1126729457524],[-88.5652749320313,39.110969992738],[-88.5653914147776,39.1070896014839],[-88.5653856341187,39.1067414965013]]},"properties":{"OBJECTID":62184,"ID":"176010","VOLTAGE":138,"STATUS":"IN SERVICE","OWNER":"AMEREN ILLINOIS COMPANY","SUB_1":"UNKNOWN122053","SUB_2":"TAP139403","VOLT_CLASS":"100-161"}},{"type":"Feature","geometry":{"type":"LineString","coordinates":[[-89.1047062577774,39.4116447811493],[-89.1034832149928,39.4127345740981],[-89.1086704395829,39.4129344486754],[-89.1087465942611,39.4092505037795],[-89.1136744168382,39.4093529111066],[-89.1264061189858,39.3964308508577],[-89.140747130507,39.3820969778418],[-89.1517687942898,39.3711252835659],[-89.1584788734923,39.3643580967763],[-89.1653031680932,39.3574053115759],[-89.1736916074702,39.349036816877],[-89.1763499559579,39.3464115017618],[-89.1866973397969,39.3359930320997],[-89.1958059163164,39.3269272848236],[-89.2053427960886,39.3175474496476],[-89.2157648353176,39.3068255990885],[-89.2230317091978,39.299643671791],[-89.2284497415271,39.2942994016332],[-89.2373627215716,39.2854526776332],[-89.2396382152717,39.2832097695789],[-89.2424539423089,39.2800579885119],[-89.24656292625,39.2760429900193],[-89.2508209406967,39.2718879791253],[-89.2524839019507,39.270144927758],[-89.2605636990607,39.2622671537569],[-89.2682445992688,39.2546005311501],[-89.2724459048683,39.2500359907977],[-89.2826479817185,39.2394929948632],[-89.2881169251683,39.2338019918236],[-89.2892419752301,39.232601988666],[-89.2913889487591,39.2303619649758],[-89.2930739187375,39.2285799566938],[-89.2934109666321,39.2282519269649],[-89.2975829215763,39.2238999950273],[-89.3021279486547,39.2191649497085],[-89.3071629159906,39.2137869639049],[-89.3173379535508,39.2029089805433],[-89.324409396246,39.1954518885832],[-89.3438400753174,39.1748647918751],[-89.3648554750765,39.1523217790812],[-89.3690719307632,39.147875927731],[-89.373938913141,39.1434059417508],[-89.3947129508547,39.1244107005078],[-89.4104840192227,39.1098864709473],[-89.4171303072603,39.1036353997268]]},"properties":{"OBJECTID":62191,"ID":"176017","VOLTAGE":138,"STATUS":"IN SERVICE","OWNER":"NOT AVAILABLE","SUB_1":"PANA","SUB_2":"TAP174941","VOLT_CLASS":"100-161"}},{"type":"Feature","geometry":{"type":"LineString","coordinates":[[-89.4171303072603,39.1036353997268],[-89.4173349075493,39.1034429661479],[-89.4191389043029,39.1017809897244],[-89.422104961708,39.0989549605555],[-89.4296879105159,39.0917329386682],[-89.4358419092013,39.085886958531],[-89.4371139236436,39.0846839416501],[-89.4548371721595,39.0678842257263],[-89.473559200846,39.0422186678216],[-89.4740988287187,39.0416833639294]]},"properties":{"OBJECTID":62192,"ID":"176018","VOLTAGE":138,"STATUS":"IN SERVICE","OWNER":"NOT AVAILABLE","SUB_1":"MIDWAY","SUB_2":"TAP174941","VOLT_CLASS":"100-161"}},{"type":"Feature","geometry":{"type":"LineString","coordinates":[[-89.4727970000904,39.1530139995074],[-89.4727059998538,39.1526399998344],[-89.465996999528,39.1517689997196],[-89.4625050000836,39.15172800001],[-89.452203999856,39.151814000104],[-89.4438069995343,39.1517489996944],[-89.4426249998768,39.1517529996999],[-89.442583000044,39.1424719997874],[-89.4423439996693,39.130954000082],[-89.4421710003153,39.1153189995105],[-89.4183410000063,39.104048999542],[-89.4171303072603,39.1036353997268]]},"properties":{"OBJECTID":62193,"ID":"176019","VOLTAGE":138,"STATUS":"NOT AVAILABLE","OWNER":"NOT AVAILABLE","SUB_1":"UNKNOWN172167","SUB_2":"TAP174941","VOLT_CLASS":"100-161"}},{"type":"Feature","geometry":{"type":"LineString","coordinates":[[-88.933323784106,37.8894706447481],[-88.9337017915843,37.8901233891355],[-88.9351960932453,37.8900472459533],[-88.9373966189417,37.8889431758511],[-88.9431783863161,37.8880048496124],[-88.9583820509029,37.8855272345581],[-88.9653419129583,37.8844299455835],[-88.977356969715,37.8824389856634],[-89.0606542821076,37.8388036840263],[-89.0873161431964,37.8247767605578],[-89.1092488234719,37.8162463926772],[-89.124394093972,37.8102739454794],[-89.1358868899854,37.8058005587245],[-89.1477009136629,37.8021421378668],[-89.1521386091327,37.799976829071],[-89.1654814369647,37.7942542246049],[-89.1842794757007,37.7868850335233],[-89.1888065167104,37.7850512525168]]},"properties":{"OBJECTID":62271,"ID":"124457","VOLTAGE":138,"STATUS":"IN SERVICE","OWNER":"AMEREN ILLINOIS COMPANY","SUB_1":"TAP153316","SUB_2":"WEST FRANKFORT","VOLT_CLASS":"100-161"}},{"type":"Feature","geometry":{"type":"LineString","coordinates":[[-88.9602934322655,38.3000065678137],[-88.9600670118982,38.3080806216039],[-88.9599242435484,38.3122208837162],[-88.9597723581968,38.3155358297811],[-88.959689264033,38.3173056246012],[-88.9596087749836,38.3191154795357],[-88.9595659253445,38.3203716885133],[-88.9597874525885,38.3203821100738],[-88.9604618151774,38.3204138335569],[-88.9604618151774,38.3209104897561],[-88.9604403445437,38.3214028427598],[-88.9604242655985,38.3221562357548],[-88.9603920160798,38.3229179377207],[-88.9604028856947,38.3236713868537],[-88.9595796785515,38.3242841606645],[-88.959045800795,38.3246815627825],[-88.9582948092175,38.3251697329597],[-88.9575545075918,38.3256999706421],[-88.9568679252202,38.3261965906246],[-88.9569425752203,38.3269326689908],[-88.9570410000327,38.328355999952],[-88.9572810002322,38.3300509995116],[-88.9574756355099,38.3315347327683],[-88.9576611340228,38.3331940299831],[-88.9655633243197,38.3334938419961],[-88.9663199914532,38.3332297221055],[-88.9683162591186,38.3334395140868],[-88.9689190026231,38.3334134927097]]},"properties":{"OBJECTID":62322,"ID":"164516","VOLTAGE":138,"STATUS":"IN SERVICE","OWNER":"AMEREN ILLINOIS COMPANY","SUB_1":"WEST MOUNT VERNON","SUB_2":"TAP162321","VOLT_CLASS":"100-161"}},{"type":"Feature","geometry":{"type":"LineString","coordinates":[[-89.9376379406234,38.6827813710911],[-89.938041597698,38.6841376781693],[-89.9378150686345,38.7122304476438],[-89.9374570001623,38.712656999893]]},"properties":{"OBJECTID":62324,"ID":"176146","VOLTAGE":138,"STATUS":"IN SERVICE","OWNER":"AMEREN ILLINOIS COMPANY","SUB_1":"UNKNOWN173728","SUB_2":"UNKNOWN122489","VOLT_CLASS":"100-161"}},{"type":"Feature","geometry":{"type":"LineString","coordinates":[[-89.8973939997998,38.6852499995037],[-89.8977671375109,38.6867926654743],[-89.9241079766498,38.7167946280273],[-89.9330641800324,38.7170163949419],[-89.940709651584,38.7183524489416],[-89.9522370129729,38.7184751751339],[-89.964130258177,38.7171167645708],[-89.9824492415416,38.7174884526859],[-89.9940267298217,38.7237576685894],[-90.0045932531827,38.7249150257463],[-90.0410298499646,38.7375194208195],[-90.0424943194733,38.7360447811456],[-90.0435173415801,38.7353184554979]]},"properties":{"OBJECTID":62337,"ID":"176158","VOLTAGE":345,"STATUS":"IN SERVICE","OWNER":"AMEREN ILLINOIS COMPANY","SUB_1":"STALLINGS","SUB_2":"JARVIS","VOLT_CLASS":"345"}},{"type":"Feature","geometry":{"type":"LineString","coordinates":[[-89.9374570001623,38.712656999893],[-89.9384364755373,38.7125930691582],[-89.9378624305112,38.7134734698221],[-89.9377901682331,38.7153185315945],[-89.9387479016834,38.7187865959313],[-89.9449273622172,38.7264008706258],[-89.9462955520905,38.7279356234942],[-89.9526204570553,38.7308665246952],[-89.9712010729498,38.7314643636943],[-89.9759133968767,38.7317332925912],[-89.9831529071751,38.731180068073],[-89.9899343710016,38.7306208946193],[-89.9988870925142,38.7310491976501],[-90.0052402539863,38.7312811949581],[-90.0352036168819,38.7320545194827],[-90.0396265638115,38.7334373340293],[-90.0433254362826,38.7346374248599],[-90.0437929995065,38.7348801295898],[-90.0435173415801,38.7353184554979]]},"properties":{"OBJECTID":62338,"ID":"176159","VOLTAGE":138,"STATUS":"IN SERVICE","OWNER":"AMEREN ILLINOIS COMPANY","SUB_1":"UNKNOWN173728","SUB_2":"STALLINGS","VOLT_CLASS":"100-161"}},{"type":"Feature","geometry":{"type":"LineString","coordinates":[[-89.9374745613277,38.6723547176051],[-89.935899282832,38.6724815295124],[-89.9282158457816,38.6737782427669],[-89.9142034981784,38.6761336115576],[-89.9082518710619,38.6777278506404],[-89.8973540948382,38.6825971596669],[-89.8973939997998,38.6852499995037]]},"properties":{"OBJECTID":62339,"ID":"176160","VOLTAGE":138,"STATUS":"IN SERVICE","OWNER":"AMEREN ILLINOIS COMPANY","SUB_1":"UNKNOWN121701","SUB_2":"JARVIS","VOLT_CLASS":"100-161"}},{"type":"Feature","geometry":{"type":"LineString","coordinates":[[-89.8973939997998,38.6852499995037],[-89.8970298641061,38.6827709085698],[-89.8919257938669,38.6852362395185],[-89.8852954257729,38.6884573165212],[-89.8760940496913,38.6929473598935],[-89.8725126642829,38.6946674718658],[-89.8571434869016,38.7021451655655],[-89.8454838306208,38.7077990628677],[-89.8373972332641,38.7117245788383],[-89.8342741898732,38.7130749230752],[-89.8324479535281,38.7136400446248],[-89.8309310466612,38.7140029127273],[-89.8280459508194,38.7143657810905],[-89.8140071307632,38.7146453667842],[-89.8063809577188,38.714865466554],[-89.80328037221,38.7152832121075],[-89.7964061088214,38.7161540941675],[-89.7747625315572,38.7189701856922],[-89.7710291574909,38.7195805179076],[-89.7512701127421,38.7237957325802],[-89.7465022675407,38.7247832096412],[-89.743499721467,38.7254560736249],[-89.7419685385737,38.7258201305971],[-89.7375141883385,38.727055070897],[-89.7142751815701,38.7340863790047],[-89.6923532065178,38.740696520745],[-89.6866163270599,38.7424466147982],[-89.6865734971838,38.7417613297399]]},"properties":{"OBJECTID":62340,"ID":"176161","VOLTAGE":138,"STATUS":"IN SERVICE","OWNER":"AMEREN ILLINOIS COMPANY","SUB_1":"IMEA HIGHLAND","SUB_2":"JARVIS","VOLT_CLASS":"100-161"}},{"type":"Feature","geometry":{"type":"LineString","coordinates":[[-89.6667397575191,38.2739357859655],[-89.6678146717066,38.273273187803],[-89.6675305471586,38.2723296200105],[-89.6705776281108,38.2723920405492],[-89.6757688699668,38.2723969631578],[-89.6781733240125,38.2731897336243],[-89.7925935249066,38.2732053539181],[-89.7956836558221,38.2731953846886],[-89.7955116239537,38.2827663460722],[-89.7987046002911,38.3069543520835],[-89.7994277440948,38.3566626445901],[-89.8037792731626,38.3792813879734],[-89.794669907024,38.4009256377184],[-89.7932021496813,38.4024787750561],[-89.7825344760193,38.4239159295186],[-89.7839843568879,38.5142707276944],[-89.7842924790304,38.5198208811708],[-89.7842526836633,38.5552887370407],[-89.7897614215817,38.5672599776842],[-89.8558458066933,38.6160537510357],[-89.8641077021929,38.6441719659397],[-89.8881161663077,38.6691035344944],[-89.8953296380392,38.6840163775377],[-89.8955728137833,38.6856795918782],[-89.8973939997998,38.6852499995037]]},"properties":{"OBJECTID":62341,"ID":"176162","VOLTAGE":345,"STATUS":"IN SERVICE","OWNER":"AMEREN ILLINOIS COMPANY","SUB_1":"PRAIRIE STATE STATION","SUB_2":"JARVIS","VOLT_CLASS":"345"}},{"type":"Feature","geometry":{"type":"LineString","coordinates":[[-89.8973939997998,38.6852499995037],[-89.8990230316855,38.6844601175194],[-89.8989590896036,38.6870221040153],[-89.8980395812653,38.6870271919206],[-89.9241311037767,38.7167451845654],[-89.9330691297496,38.7169665016515],[-89.937995047,38.7178192127534],[-89.9382032612115,38.7170207475662],[-89.9377215342505,38.7153675695087],[-89.9378078156369,38.7131298827004],[-89.9374570001623,38.712656999893]]},"properties":{"OBJECTID":62354,"ID":"176175","VOLTAGE":138,"STATUS":"IN SERVICE","OWNER":"AMEREN ILLINOIS COMPANY","SUB_1":"UNKNOWN173728","SUB_2":"JARVIS","VOLT_CLASS":"100-161"}},{"type":"Feature","geometry":{"type":"LineString","coordinates":[[-89.6089005430732,37.3517592044639],[-89.6088577608078,37.3534038897266],[-89.60944601808,37.3579759437477],[-89.6099522762348,37.3618789720534],[-89.6103800988888,37.3650242950007],[-89.6075707247373,37.3689855147168],[-89.6050037843213,37.3730995208329],[-89.6018806717601,37.3780065670158],[-89.598415301974,37.3840011137679],[-89.5969535705302,37.3865336376711],[-89.5939730682154,37.3916720749082],[-89.5930318556815,37.393320605726],[-89.5914560390949,37.3953599747209],[-89.5863720695585,37.4018969127172],[-89.5721683286976,37.4202641297916],[-89.5659363670253,37.4283164190551],[-89.5590222642521,37.4372340838839],[-89.5559799632356,37.4410763729282],[-89.5474425068277,37.4521039308698],[-89.541196283502,37.460088649968],[-89.5363286031332,37.466306780744],[-89.5313373289543,37.4730601118145],[-89.5277055830928,37.477647502006],[-89.5254523792898,37.4787188588892]]},"properties":{"OBJECTID":62381,"ID":"176202","VOLTAGE":161,"STATUS":"IN SERVICE","OWNER":"UNION ELECTRIC CO - (MO)","SUB_1":"TAP153689","SUB_2":"UNKNOWN174147","VOLT_CLASS":"100-161"}},{"type":"Feature","geometry":{"type":"LineString","coordinates":[[-89.5254523792898,37.4787188588892],[-89.5254428715208,37.4793299780537]]},"properties":{"OBJECTID":62382,"ID":"176203","VOLTAGE":161,"STATUS":"IN SERVICE","OWNER":"NOT AVAILABLE","SUB_1":"UNKNOWN122363","SUB_2":"UNKNOWN174147","VOLT_CLASS":"100-161"}},{"type":"Feature","geometry":{"type":"LineString","coordinates":[[-87.5133017172286,39.3926356006988],[-87.5119992481015,39.3922053229188]]},"properties":{"OBJECTID":64504,"ID":"136905","VOLTAGE":345,"STATUS":"NOT AVAILABLE","OWNER":"DUKE ENERGY INDIANA INC","SUB_1":"SUGAR CREEK POWER","SUB_2":"NOT AVAILABLE","VOLT_CLASS":"345"}},{"type":"Feature","geometry":{"type":"LineString","coordinates":[[-91.0933091576155,41.3174002335209],[-91.0936163248488,41.3131862816419]]},"properties":{"OBJECTID":63995,"ID":"119581","VOLTAGE":345,"STATUS":"NOT AVAILABLE","OWNER":"WAVERLY MUNICIPAL ELEC UTILITY","SUB_1":"LOUISA","SUB_2":"NOT AVAILABLE","VOLT_CLASS":"345"}},{"type":"Feature","geometry":{"type":"LineString","coordinates":[[-90.8236422593385,41.4570870360958],[-90.8236379025093,41.4576650996707]]},"properties":{"OBJECTID":64045,"ID":"105287","VOLTAGE":161,"STATUS":"NOT AVAILABLE","OWNER":"NOT AVAILABLE","SUB_1":"FAIR STATION","SUB_2":"NOT AVAILABLE","VOLT_CLASS":"100-161"}},{"type":"Feature","geometry":{"type":"LineString","coordinates":[[-90.5672200003379,39.823329999887],[-90.5669580614826,39.8228095786664]]},"properties":{"OBJECTID":64072,"ID":"131109","VOLTAGE":138,"STATUS":"NOT AVAILABLE","OWNER":"NOT AVAILABLE","SUB_1":"MEREDOSIA","SUB_2":"NOT AVAILABLE","VOLT_CLASS":"100-161"}},{"type":"Feature","geometry":{"type":"LineString","coordinates":[[-87.2503694419242,38.7967074531383],[-87.2501947618223,38.7953976954724]]},"properties":{"OBJECTID":64078,"ID":"122875","VOLTAGE":345,"STATUS":"NOT AVAILABLE","OWNER":"DUKE ENERGY INDIANA, LLC","SUB_1":"EDWARDSPORT STATION IGCC","SUB_2":"NOT AVAILABLE","VOLT_CLASS":"345"}},{"type":"Feature","geometry":{"type":"LineString","coordinates":[[-87.7149999997126,37.9052999998753],[-87.7178384083125,37.9063094456736]]},"properties":{"OBJECTID":64138,"ID":"125898","VOLTAGE":138,"STATUS":"NOT AVAILABLE","OWNER":"SOUTHERN INDIANA GAS & ELEC CO","SUB_1":"BROWN (138 KV)","SUB_2":"NOT AVAILABLE","VOLT_CLASS":"100-161"}},{"type":"Feature","geometry":{"type":"LineString","coordinates":[[-87.121400000026,37.3636000001131],[-87.122780614498,37.3641291640455]]},"properties":{"OBJECTID":64149,"ID":"107464","VOLTAGE":138,"STATUS":"NOT AVAILABLE","OWNER":"KENTUCKY UTILITIES CO","SUB_1":"GREEN RIVER","SUB_2":"NOT AVAILABLE","VOLT_CLASS":"100-161"}},{"type":"Feature","geometry":{"type":"LineString","coordinates":[[-87.4216379463356,41.6842334376191],[-87.4210008036439,41.6843524390355]]},"properties":{"OBJECTID":64200,"ID":"121875","VOLTAGE":138,"STATUS":"NOT AVAILABLE","OWNER":"NORTHERN INDIANA PUB SERV CO","SUB_1":"INDIANA HARBOR E 5 AC STATION","SUB_2":"NOT AVAILABLE","VOLT_CLASS":"100-161"}},{"type":"Feature","geometry":{"type":"LineString","coordinates":[[-89.3463595972627,38.1113527221065],[-89.3472981148508,38.1116270195378]]},"properties":{"OBJECTID":64233,"ID":"121970","VOLTAGE":230,"STATUS":"NOT AVAILABLE","OWNER":"AMEREN ILLINOIS COMPANY","SUB_1":"PINCKNEYVILLE","SUB_2":"NOT AVAILABLE","VOLT_CLASS":"220-287"}},{"type":"Feature","geometry":{"type":"LineString","coordinates":[[-87.5111569185208,39.0691620539669],[-87.5115662170154,39.0656736901589]]},"properties":{"OBJECTID":64279,"ID":"113706","VOLTAGE":345,"STATUS":"NOT AVAILABLE","OWNER":"DUKE ENERGY INDIANA, LLC","SUB_1":"MEROM STATION","SUB_2":"NOT AVAILABLE","VOLT_CLASS":"345"}},{"type":"Feature","geometry":{"type":"LineString","coordinates":[[-89.072500000145,41.2896999997289],[-89.0707133615377,41.2904541705877]]},"properties":{"OBJECTID":64316,"ID":"104222","VOLTAGE":138,"STATUS":"NOT AVAILABLE","OWNER":"NOT AVAILABLE","SUB_1":"OGLESBY","SUB_2":"NOT AVAILABLE","VOLT_CLASS":"100-161"}},{"type":"Feature","geometry":{"type":"LineString","coordinates":[[-88.2265000002448,41.8150999997344],[-88.2261300919771,41.8135421969231]]},"properties":{"OBJECTID":64334,"ID":"108656","VOLTAGE":345,"STATUS":"NOT AVAILABLE","OWNER":"NOT AVAILABLE","SUB_1":"AURORA","SUB_2":"NOT AVAILABLE","VOLT_CLASS":"345"}},{"type":"Feature","geometry":{"type":"LineString","coordinates":[[-87.2698631288297,38.5191345486152],[-87.2693870082544,38.5190141165251],[-87.2682699127744,38.519367441988],[-87.2674237743369,38.5196798536011],[-87.2670137760547,38.5199643704918]]},"properties":{"OBJECTID":64352,"ID":"120635","VOLTAGE":161,"STATUS":"NOT AVAILABLE","OWNER":"DUKE ENERGY INDIANA, LLC","SUB_1":"FRANK E RATTS STATION","SUB_2":"NOT AVAILABLE","VOLT_CLASS":"100-161"}},{"type":"Feature","geometry":{"type":"LineString","coordinates":[[-87.2698631288297,38.5191345486152],[-87.2696579626019,38.5194120715986],[-87.268350724319,38.5197653951082],[-87.2676234249088,38.5199662308932],[-87.2670137760547,38.5199643704918]]},"properties":{"OBJECTID":64353,"ID":"119113","VOLTAGE":161,"STATUS":"NOT AVAILABLE","OWNER":"DUKE ENERGY INDIANA, LLC","SUB_1":"FRANK E RATTS STATION","SUB_2":"NOT AVAILABLE","VOLT_CLASS":"100-161"}},{"type":"Feature","geometry":{"type":"LineString","coordinates":[[-89.6015315091856,39.7551721101663],[-89.6013341654874,39.7557486287192]]},"properties":{"OBJECTID":64422,"ID":"112248","VOLTAGE":138,"STATUS":"NOT AVAILABLE","OWNER":"NOT AVAILABLE","SUB_1":"DALLMAN","SUB_2":"NOT AVAILABLE","VOLT_CLASS":"100-161"}},{"type":"Feature","geometry":{"type":"LineString","coordinates":[[-91.2273961947878,39.3529045970416],[-91.2284300056612,39.3529235346501],[-91.2289058010464,39.3527783728146]]},"properties":{"OBJECTID":64423,"ID":"111241","VOLTAGE":161,"STATUS":"NOT AVAILABLE","OWNER":"UNION ELECTRIC CO - (MO)","SUB_1":"PENO CREEK","SUB_2":"NOT AVAILABLE","VOLT_CLASS":"100-161"}},{"type":"Feature","geometry":{"type":"LineString","coordinates":[[-87.814156605814,42.3826147150529],[-87.8174108535421,42.3835010158286]]},"properties":{"OBJECTID":64459,"ID":"143631","VOLTAGE":138,"STATUS":"NOT AVAILABLE","OWNER":"COMMONWEALTH EDISON CO","SUB_1":"UNKNOWN124710","SUB_2":"NOT AVAILABLE","VOLT_CLASS":"100-161"}},{"type":"Feature","geometry":{"type":"LineString","coordinates":[[-88.3410205708039,37.0437941568373],[-88.3406070933466,37.0443525036026],[-88.339278255971,37.043870117879],[-88.3391412817548,37.0441385818795],[-88.340912269015,37.0447940450293],[-88.3447597524785,37.0461999326839],[-88.3481759565708,37.0474824741476],[-88.3514873254728,37.0487079951142],[-88.3537659030893,37.0495590297413],[-88.3534149313078,37.0503379295654],[-88.3524663094695,37.0527917264939],[-88.3515898933153,37.0550644877565],[-88.3507769997299,37.055895000137]]},"properties":{"OBJECTID":64464,"ID":"108632","VOLTAGE":161,"STATUS":"IN SERVICE","OWNER":"NOT AVAILABLE","SUB_1":"UNKNOWN122626","SUB_2":"CALVERT","VOLT_CLASS":"100-161"}},{"type":"Feature","geometry":{"type":"LineString","coordinates":[[-88.3410205708039,37.0437941568373],[-88.3410746942998,37.0434641214653],[-88.3426927281115,37.0424933018946],[-88.3452244743312,37.0435497826217],[-88.3464142048901,37.0433308717805],[-88.3496978607656,37.0446633695753],[-88.3494566918579,37.0450407627017]]},"properties":{"OBJECTID":64465,"ID":"130863","VOLTAGE":161,"STATUS":"NOT AVAILABLE","OWNER":"NOT AVAILABLE","SUB_1":"UNKNOWN122626","SUB_2":"NOT AVAILABLE","VOLT_CLASS":"100-161"}},{"type":"Feature","geometry":{"type":"LineString","coordinates":[[-87.060252724275,37.7939977454955],[-87.0576382495058,37.7937278880233]]},"properties":{"OBJECTID":64483,"ID":"134395","VOLTAGE":345,"STATUS":"NOT AVAILABLE","OWNER":"NOT AVAILABLE","SUB_1":"UNKNOWN124037","SUB_2":"NOT AVAILABLE","VOLT_CLASS":"345"}},{"type":"Feature","geometry":{"type":"LineString","coordinates":[[-87.0576382495058,37.7937278880233],[-87.0594830001288,37.7934499995022]]},"properties":{"OBJECTID":64484,"ID":"102551","VOLTAGE":345,"STATUS":"IN SERVICE","OWNER":"NOT AVAILABLE","SUB_1":"UNKNOWN124037","SUB_2":"ELMER SMITH","VOLT_CLASS":"345"}},{"type":"Feature","geometry":{"type":"LineString","coordinates":[[-88.1238299995238,41.4946400000405],[-88.1256867175031,41.4954150896291]]},"properties":{"OBJECTID":64498,"ID":"129126","VOLTAGE":345,"STATUS":"NOT AVAILABLE","OWNER":"NOT AVAILABLE","SUB_1":"JOLIET 29","SUB_2":"NOT AVAILABLE","VOLT_CLASS":"345"}},{"type":"Feature","geometry":{"type":"LineString","coordinates":[[-88.1294805383066,41.507307112624],[-88.1296352326901,41.5072032031579],[-88.12955643427,41.5065606830696],[-88.1292588475692,41.4987893748919],[-88.1281536098509,41.4969160025979],[-88.1265755825105,41.4957885470156],[-88.1262277844768,41.4953537987122],[-88.1256867175031,41.4954150896291]]},"properties":{"OBJECTID":64499,"ID":"123420","VOLTAGE":345,"STATUS":"IN SERVICE","OWNER":"NOT AVAILABLE","SUB_1":"UNKNOWN121980","SUB_2":"JOLIET 29","VOLT_CLASS":"345"}},{"type":"Feature","geometry":{"type":"LineString","coordinates":[[-87.4769289286796,41.6739856611624],[-87.4766564130601,41.6727459275645]]},"properties":{"OBJECTID":64520,"ID":"135571","VOLTAGE":138,"STATUS":"NOT AVAILABLE","OWNER":"NORTHERN INDIANA PUB SERV CO","SUB_1":"WHITING CLEAN ENERGY","SUB_2":"NOT AVAILABLE","VOLT_CLASS":"100-161"}},{"type":"Feature","geometry":{"type":"LineString","coordinates":[[-87.9437873128642,41.3939029655344],[-87.9436099998002,41.3933200001348]]},"properties":{"OBJECTID":64549,"ID":"105808","VOLTAGE":345,"STATUS":"NOT AVAILABLE","OWNER":"NOT AVAILABLE","SUB_1":"LINCOLN","SUB_2":"NOT AVAILABLE","VOLT_CLASS":"345"}},{"type":"Feature","geometry":{"type":"LineString","coordinates":[[-89.6785999995179,40.5407999999511],[-89.6817485883006,40.5417996058171]]},"properties":{"OBJECTID":64556,"ID":"144542","VOLTAGE":138,"STATUS":"NOT AVAILABLE","OWNER":"AMEREN ILLINOIS COMPANY","SUB_1":"UNKNOWN122866","SUB_2":"NOT AVAILABLE","VOLT_CLASS":"100-161"}},{"type":"Feature","geometry":{"type":"LineString","coordinates":[[-87.6606998681101,39.1333769755867],[-87.6616600755207,39.1327181037225],[-87.6852583796566,39.13879167809],[-87.6956039201527,39.1414477507148],[-87.7112512545735,39.1455404238421],[-87.7195032254858,39.1477485641059],[-87.7308694345026,39.1508497150805],[-87.7356349009651,39.1521227268485],[-87.7575259416323,39.1562867838283],[-87.7613211817739,39.1570244171628],[-87.773330322226,39.1592985864885],[-87.7795002651094,39.1604151490445],[-87.7870406481458,39.1615862450401],[-87.7987959732077,39.1634429708465],[-87.8128949417604,39.1658819546482],[-87.8174429314826,39.166696973679],[-87.8340155010016,39.1697670249006],[-87.8470549471009,39.1722297671401],[-87.8565252015235,39.1739429788309],[-87.8708079806547,39.1765169945565],[-87.8834607002275,39.1789636416614],[-87.9149528672777,39.1851502406097],[-87.9210323902361,39.1863161761076],[-87.924399327125,39.1868039659412],[-87.9312521746772,39.1876367764984],[-87.9367368314579,39.1893499887392],[-87.9426022041375,39.1904207469394],[-87.9475276875015,39.191943601634],[-87.9758364237125,39.1983257176555],[-87.9917095568665,39.2018298495944],[-88.0095872141017,39.2045647800029],[-88.0173113178851,39.2057714938712],[-88.0232367348565,39.2066537601674],[-88.0437951113249,39.2101399878786],[-88.051504563586,39.2115034190154],[-88.0614599486862,39.2132179744951],[-88.0664299678271,39.2140359950681],[-88.0807576582309,39.2164217648973],[-88.0837489475158,39.2166829927987],[-88.0977167602404,39.2179822450605],[-88.1016900482679,39.2182600248254],[-88.1132435209871,39.2190880780091],[-88.1190041959186,39.219544933589],[-88.1235101157394,39.2199421526258],[-88.1363631218913,39.2211081315548],[-88.1457500665544,39.2220631570215],[-88.1479160852658,39.2222971268843],[-88.1590778017913,39.2233596158358],[-88.1796804517285,39.225387403094],[-88.1848372979907,39.2258086744774],[-88.202306618827,39.226277955866],[-88.2195771209313,39.233297137841],[-88.2204210881407,39.2336481746367],[-88.231521120949,39.2382451744789],[-88.2436380457605,39.2432431631244],[-88.2470878836753,39.2445428566739],[-88.2810387207935,39.2511535945971],[-88.3014823626372,39.2544604497604],[-88.3107527428074,39.2560499297595],[-88.3219362102408,39.2580106055951],[-88.3271191148327,39.2589491260692],[-88.3287820760867,39.2591931280803],[-88.3366270625646,39.260325138148],[-88.3403870519161,39.26084213512],[-88.3459831069785,39.2615541570125],[-88.3513082759654,39.2622174931084],[-88.3542900979054,39.2625951538056],[-88.358105063254,39.2630211608315],[-88.3836118391094,39.2659580057678],[-88.3929411011514,39.2669101180339],[-88.410304098289,39.2685821720472],[-88.4148560405984,39.2689841486093],[-88.4177020839798,39.2696381565073],[-88.4337075371786,39.2733465398672],[-88.4494921135136,39.2747901649865],[-88.4527560531652,39.27509718394],[-88.4597400951731,39.2757681719164],[-88.4683424027581,39.2767669849689],[-88.4737397289201,39.2775467937198],[-88.4743012056171,39.2770600181185]]},"properties":{"OBJECTID":64621,"ID":"122189","VOLTAGE":138,"STATUS":"IN SERVICE","OWNER":"AMEREN ILLINOIS COMPANY","SUB_1":"HUTSONVILLE","SUB_2":"NEOGA","VOLT_CLASS":"100-161"}},{"type":"Feature","geometry":{"type":"LineString","coordinates":[[-87.6606998681101,39.1333769755867],[-87.6595898729141,39.1337562409083]]},"properties":{"OBJECTID":64622,"ID":"139409","VOLTAGE":138,"STATUS":"NOT AVAILABLE","OWNER":"AMEREN ILLINOIS COMPANY","SUB_1":"HUTSONVILLE","SUB_2":"NOT AVAILABLE","VOLT_CLASS":"100-161"}},{"type":"Feature","geometry":{"type":"LineString","coordinates":[[-87.6606998681101,39.1333769755867],[-87.6605210000623,39.1327619999966],[-87.6647180000366,39.1304549996609],[-87.6651320003134,39.129709999598],[-87.6668610003172,39.1286969994883],[-87.6669529994804,39.1141499997262],[-87.6781369996148,39.1142509997199],[-87.6847039996504,39.114303999776],[-87.6847399996354,39.1046199997264],[-87.6848080003058,39.0925649998043],[-87.6847399996354,39.0797929999529],[-87.684754999704,39.0704329998828],[-87.6858970000769,39.0667799995383],[-87.6860569999105,39.0623339999361],[-87.6860989997433,39.0614619996463],[-87.6928299998104,39.0537559997424],[-87.6974400002366,39.0485239996026],[-87.7010060001991,39.0444759994784]]},"properties":{"OBJECTID":64623,"ID":"177796","VOLTAGE":138,"STATUS":"NOT AVAILABLE","OWNER":"AMEREN ILLINOIS COMPANY","SUB_1":"HUTSONVILLE","SUB_2":"TAP174962","VOLT_CLASS":"100-161"}},{"type":"Feature","geometry":{"type":"LineString","coordinates":[[-90.200191420627,38.6025108558097],[-90.2007730159931,38.6023510630031],[-90.2014290116276,38.6010656915408],[-90.2020517327657,38.6001778080211],[-90.2023607172908,38.5994756646783],[-90.2036822163289,38.5979970558065],[-90.2044380381477,38.5971128490315],[-90.2048848763397,38.5962880736773],[-90.2052271335646,38.5958385294769],[-90.2065201119907,38.5949765878204],[-90.2072236437752,38.5948093998443],[-90.2080032341181,38.5939437295573],[-90.209015748631,38.5937468159324],[-90.2104560875946,38.5949468657761],[-90.2130800728278,38.5957382186445],[-90.212324251009,38.5969846750814]]},"properties":{"OBJECTID":64637,"ID":"146440","VOLTAGE":138,"STATUS":"NOT AVAILABLE","OWNER":"UNION ELECTRIC CO - (MO)","SUB_1":"UNKNOWN117891","SUB_2":"NOT AVAILABLE","VOLT_CLASS":"100-161"}},{"type":"Feature","geometry":{"type":"LineString","coordinates":[[-87.023815716963,41.2175421419608],[-87.024150905345,41.2204803131043]]},"properties":{"OBJECTID":64645,"ID":"112342","VOLTAGE":345,"STATUS":"NOT AVAILABLE","OWNER":"NORTHERN INDIANA PUB SERV CO","SUB_1":"SCHAHFER STATION","SUB_2":"NOT AVAILABLE","VOLT_CLASS":"345"}},{"type":"Feature","geometry":{"type":"LineString","coordinates":[[-89.9060974855335,42.4321838676377],[-89.9063079940422,42.432672386137]]},"properties":{"OBJECTID":64663,"ID":"136538","VOLTAGE":138,"STATUS":"NOT AVAILABLE","OWNER":"COMMONWEALTH EDISON CO","SUB_1":"ECOGROVE WIND LLC","SUB_2":"NOT AVAILABLE","VOLT_CLASS":"100-161"}},{"type":"Feature","geometry":{"type":"LineString","coordinates":[[-87.4262858942943,39.5311810467208],[-87.4255661236645,39.5324746389295]]},"properties":{"OBJECTID":64674,"ID":"150787","VOLTAGE":230,"STATUS":"NOT AVAILABLE","OWNER":"DUKE ENERGY INDIANA INC","SUB_1":"WABASH VALLEY POWER IGCC","SUB_2":"NOT AVAILABLE","VOLT_CLASS":"220-287"}},{"type":"Feature","geometry":{"type":"LineString","coordinates":[[-87.3325595313219,37.9162359098043],[-87.3324430809149,37.9149405124854]]},"properties":{"OBJECTID":64699,"ID":"115504","VOLTAGE":138,"STATUS":"NOT AVAILABLE","OWNER":"SOUTHERN INDIANA GAS & ELEC CO","SUB_1":"WARRICK","SUB_2":"NOT AVAILABLE","VOLT_CLASS":"100-161"}},{"type":"Feature","geometry":{"type":"LineString","coordinates":[[-87.3340085381297,40.577924743991],[-87.3340283028625,40.5776244210007]]},"properties":{"OBJECTID":64710,"ID":"112669","VOLTAGE":345,"STATUS":"NOT AVAILABLE","OWNER":"NORTHERN INDIANA PUB SERV CO","SUB_1":"FOWLER RIDGE WIND FARM LLC","SUB_2":"NOT AVAILABLE","VOLT_CLASS":"345"}},{"type":"Feature","geometry":{"type":"LineString","coordinates":[[-87.4270502995157,41.6795895430954],[-87.4262962949887,41.6791135800456]]},"properties":{"OBJECTID":64749,"ID":"100494","VOLTAGE":138,"STATUS":"NOT AVAILABLE","OWNER":"NORTHERN INDIANA PUB SERV CO","SUB_1":"4 AC STATION","SUB_2":"NOT AVAILABLE","VOLT_CLASS":"100-161"}},{"type":"Feature","geometry":{"type":"LineString","coordinates":[[-90.435905448,39.569451803607],[-90.4360339385267,39.5700278620365]]},"properties":{"OBJECTID":64793,"ID":"143609","VOLTAGE":138,"STATUS":"NOT AVAILABLE","OWNER":"NOT AVAILABLE","SUB_1":"ALSEY","SUB_2":"NOT AVAILABLE","VOLT_CLASS":"100-161"}},{"type":"Feature","geometry":{"type":"LineString","coordinates":[[-88.4771999998686,39.2793999995998],[-88.4743012056171,39.2770600181185]]},"properties":{"OBJECTID":64794,"ID":"139349","VOLTAGE":345,"STATUS":"NOT AVAILABLE","OWNER":"AMEREN ILLINOIS COMPANY","SUB_1":"NEOGA","SUB_2":"NOT AVAILABLE","VOLT_CLASS":"345"}},{"type":"Feature","geometry":{"type":"LineString","coordinates":[[-89.6865734971838,38.7417613297399],[-89.6848618499364,38.7415456429232]]},"properties":{"OBJECTID":64797,"ID":"111911","VOLTAGE":138,"STATUS":"NOT AVAILABLE","OWNER":"AMEREN ILLINOIS COMPANY","SUB_1":"IMEA HIGHLAND","SUB_2":"NOT AVAILABLE","VOLT_CLASS":"100-161"}},{"type":"Feature","geometry":{"type":"LineString","coordinates":[[-89.6865734971838,38.7417613297399],[-89.6851214549686,38.7415432326352]]},"properties":{"OBJECTID":64798,"ID":"135509","VOLTAGE":138,"STATUS":"NOT AVAILABLE","OWNER":"AMEREN ILLINOIS COMPANY","SUB_1":"IMEA HIGHLAND","SUB_2":"NOT AVAILABLE","VOLT_CLASS":"100-161"}},{"type":"Feature","geometry":{"type":"LineString","coordinates":[[-88.1153000000311,41.4930999998049],[-88.1148673758818,41.4925078378109]]},"properties":{"OBJECTID":64810,"ID":"124884","VOLTAGE":138,"STATUS":"NOT AVAILABLE","OWNER":"NOT AVAILABLE","SUB_1":"JOLIET","SUB_2":"NOT AVAILABLE","VOLT_CLASS":"100-161"}},{"type":"Feature","geometry":{"type":"LineString","coordinates":[[-87.1386809648085,41.6354568565527],[-87.1379817727852,41.6346200087432]]},"properties":{"OBJECTID":64827,"ID":"123899","VOLTAGE":138,"STATUS":"NOT AVAILABLE","OWNER":"NORTHERN INDIANA PUB SERV CO","SUB_1":"ARCELORMITTAL BURNS HARBOR","SUB_2":"NOT AVAILABLE","VOLT_CLASS":"100-161"}},{"type":"Feature","geometry":{"type":"LineString","coordinates":[[-88.2699999998,41.390000000131],[-88.2693603247576,41.391424992718]]},"properties":{"OBJECTID":64841,"ID":"140055","VOLTAGE":138,"STATUS":"NOT AVAILABLE","OWNER":"COMMONWEALTH EDISON CO","SUB_1":"DRESDEN GENERATING STATION","SUB_2":"NOT AVAILABLE","VOLT_CLASS":"100-161"}},{"type":"Feature","geometry":{"type":"LineString","coordinates":[[-87.4803951779164,41.6700858481276],[-87.4794767322851,41.6695712471407]]},"properties":{"OBJECTID":64847,"ID":"103800","VOLTAGE":138,"STATUS":"NOT AVAILABLE","OWNER":"NORTHERN INDIANA PUB SERV CO","SUB_1":"WHITING REFINERY","SUB_2":"NOT AVAILABLE","VOLT_CLASS":"100-161"}},{"type":"Feature","geometry":{"type":"LineString","coordinates":[[-88.2572447941314,41.4801078676499],[-88.2548121949695,41.4784126731112]]},"properties":{"OBJECTID":64858,"ID":"127537","VOLTAGE":345,"STATUS":"NOT AVAILABLE","OWNER":"COMMONWEALTH EDISON CO","SUB_1":"UNKNOWN121976","SUB_2":"NOT AVAILABLE","VOLT_CLASS":"345"}},{"type":"Feature","geometry":{"type":"LineString","coordinates":[[-89.6669400000807,38.2791699998265],[-89.665993371604,38.2759513054891]]},"properties":{"OBJECTID":64951,"ID":"135576","VOLTAGE":345,"STATUS":"NOT AVAILABLE","OWNER":"AMEREN ILLINOIS COMPANY","SUB_1":"UNKNOWN139507","SUB_2":"NOT AVAILABLE","VOLT_CLASS":"345"}},{"type":"Feature","geometry":{"type":"LineString","coordinates":[[-89.456437448973,41.5988670421078],[-89.4571986031913,41.5988559108738]]},"properties":{"OBJECTID":64987,"ID":"126319","VOLTAGE":138,"STATUS":"NOT AVAILABLE","OWNER":"NOT AVAILABLE","SUB_1":"BIG SKY WIND LLC","SUB_2":"NOT AVAILABLE","VOLT_CLASS":"100-161"}},{"type":"Feature","geometry":{"type":"LineString","coordinates":[[-87.0294724325616,37.9297149201704],[-87.0300583389428,37.9259321539865],[-87.0341019417008,37.9256571067937]]},"properties":{"OBJECTID":64992,"ID":"150760","VOLTAGE":765,"STATUS":"NOT AVAILABLE","OWNER":"SOUTHERN INDIANA GAS & ELEC CO","SUB_1":"ROCKPORT STATION","SUB_2":"NOT AVAILABLE","VOLT_CLASS":"735 AND ABOVE"}},{"type":"Feature","geometry":{"type":"LineString","coordinates":[[-89.9853056712444,40.4622511786895],[-89.984671070785,40.4654077018632]]},"properties":{"OBJECTID":65030,"ID":"127224","VOLTAGE":345,"STATUS":"NOT AVAILABLE","OWNER":"NOT AVAILABLE","SUB_1":"UNKNOWN122057","SUB_2":"NOT AVAILABLE","VOLT_CLASS":"345"}},{"type":"Feature","geometry":{"type":"LineString","coordinates":[[-87.7658299995597,38.3722199998138],[-87.7637757995416,38.3745267739734]]},"properties":{"OBJECTID":65037,"ID":"130986","VOLTAGE":345,"STATUS":"NOT AVAILABLE","OWNER":"DUKE ENERGY INDIANA, LLC","SUB_1":"GIBSON STATION","SUB_2":"NOT AVAILABLE","VOLT_CLASS":"345"}},{"type":"Feature","geometry":{"type":"LineString","coordinates":[[-90.2343477590445,41.8102162155992],[-90.2346365395606,41.810042603001],[-90.2345592943276,41.8096528566018],[-90.2333708950719,41.8083595921156],[-90.2338334187471,41.8079192935257]]},"properties":{"OBJECTID":65062,"ID":"142592","VOLTAGE":161,"STATUS":"NOT AVAILABLE","OWNER":"MIDAMERICAN ENERGY CO","SUB_1":"MILTON L KAPP","SUB_2":"NOT AVAILABLE","VOLT_CLASS":"100-161"}},{"type":"Feature","geometry":{"type":"LineString","coordinates":[[-90.2338334187471,41.8079192935257],[-90.2334659664734,41.8083773079962],[-90.2346543657291,41.8095731360184],[-90.2347613218417,41.810082463013],[-90.2343477590445,41.8102162155992]]},"properties":{"OBJECTID":65063,"ID":"103403","VOLTAGE":161,"STATUS":"NOT AVAILABLE","OWNER":"MIDAMERICAN ENERGY CO","SUB_1":"MILTON L KAPP","SUB_2":"NOT AVAILABLE","VOLT_CLASS":"100-161"}},{"type":"Feature","geometry":{"type":"LineString","coordinates":[[-87.8745419997113,40.2085020001102],[-87.8742308277885,40.2085413755712],[-87.8741291115489,40.2078178328168],[-87.8712403766319,40.2080708518944],[-87.8711392056696,40.203043453487],[-87.871111959767,40.2013891206838],[-87.8598641657727,40.2016492389545],[-87.8598187577317,40.1979346595637],[-87.8452379481319,40.1983265910542],[-87.8360789653452,40.1985624418667],[-87.8313791396788,40.1986422150022],[-87.8313064857353,40.1950245907948],[-87.8213392240088,40.1952639217203],[-87.8100096941033,40.195576091999],[-87.8059410526033,40.1940325731212],[-87.8033391210105,40.1941054135264],[-87.8030030945003,40.1923780197664],[-87.8029122766217,40.1872684229279],[-87.8034753478283,40.1856483957578],[-87.8053080529418,40.1847447709436],[-87.8074847750798,40.1846737240414],[-87.8073598095423,40.1816319486288],[-87.8072755305006,40.1772599897492],[-87.8012394123401,40.1773687927772],[-87.7990307209578,40.1774043200626],[-87.7985279527579,40.1780637938946],[-87.79592983631,40.1781548315081],[-87.7933520613134,40.1782436500307],[-87.7906987263233,40.1780171645245],[-87.7882778852102,40.1778461905794],[-87.7833432048943,40.1780438100789],[-87.7782486846448,40.178221444553],[-87.7757435644901,40.1782991606044],[-87.7732733187314,40.1786766330866],[-87.7707275120808,40.178785433843],[-87.7684287295569,40.1787587885798],[-87.7637439812143,40.1787676698778],[-87.7539705238238,40.178785433843],[-87.7518780798291,40.1777462711214],[-87.750372683076,40.177541988976],[-87.7497623865366,40.1774931388812],[-87.7492654322332,40.1774309658577],[-87.7490148022689,40.1769580498285]]},"properties":{"OBJECTID":65071,"ID":"175297","VOLTAGE":138,"STATUS":"IN SERVICE","OWNER":"AMEREN ILLINOIS COMPANY","SUB_1":"UNKNOWN157901","SUB_2":"VERMILION","VOLT_CLASS":"100-161"}},{"type":"Feature","geometry":{"type":"LineString","coordinates":[[-87.2728550586133,41.4624592610015],[-87.2600944019675,41.4630369818392]]},"properties":{"OBJECTID":65073,"ID":"136889","VOLTAGE":345,"STATUS":"NOT AVAILABLE","OWNER":"NORTHERN INDIANA PUB SERV CO","SUB_1":"UNKNOWN122738","SUB_2":"NOT AVAILABLE","VOLT_CLASS":"345"}},{"type":"Feature","geometry":{"type":"LineString","coordinates":[[-89.4033779401852,39.0592135645628],[-89.4030831238887,39.0603755205949]]},"properties":{"OBJECTID":65075,"ID":"103535","VOLTAGE":345,"STATUS":"NOT AVAILABLE","OWNER":"NOT AVAILABLE","SUB_1":"COFFEEN","SUB_2":"NOT AVAILABLE","VOLT_CLASS":"345"}},{"type":"Feature","geometry":{"type":"LineString","coordinates":[[-90.177804162275,38.6643418350921],[-90.1766725033076,38.6640097306538]]},"properties":{"OBJECTID":65087,"ID":"146879","VOLTAGE":138,"STATUS":"NOT AVAILABLE","OWNER":"AMEREN ILLINOIS COMPANY","SUB_1":"VENICE","SUB_2":"NOT AVAILABLE","VOLT_CLASS":"100-161"}},{"type":"Feature","geometry":{"type":"LineString","coordinates":[[-90.1591791696055,38.7012075990371],[-90.1592769997332,38.7007129996864],[-90.1591849996717,38.6940249995488],[-90.1591089995037,38.6880049998291],[-90.1593420000305,38.6871720000335],[-90.1616939996501,38.6783509995415],[-90.1618769999482,38.6769960001137],[-90.1616789995815,38.6766069995685],[-90.1617270001604,38.6760059996161],[-90.1612199999972,38.675611999651],[-90.1608679996447,38.6748619998009],[-90.160488999528,38.6740639996186],[-90.160167000211,38.672156999486],[-90.1595079997119,38.66840899981],[-90.1593410002056,38.6674759997779],[-90.1592879996038,38.664144999681],[-90.159290000152,38.6633749997295],[-90.1632250001855,38.6629619999087],[-90.1649449999684,38.6627719997193],[-90.1672719994736,38.6627699999214],[-90.1715739999283,38.6627549996815],[-90.1748389995919,38.6633469999833],[-90.1752739997851,38.6633639998806],[-90.1763246136459,38.6634312755527],[-90.1766725033076,38.6640097306538]]},"properties":{"OBJECTID":65088,"ID":"162701","VOLTAGE":138,"STATUS":"IN SERVICE","OWNER":"AMEREN ILLINOIS COMPANY","SUB_1":"VENICE","SUB_2":"UNKNOWN160052","VOLT_CLASS":"100-161"}},{"type":"Feature","geometry":{"type":"LineString","coordinates":[[-90.1851306986631,38.6361993736557],[-90.1811733314773,38.6358118117135]]},"properties":{"OBJECTID":65135,"ID":"105906","VOLTAGE":138,"STATUS":"NOT AVAILABLE","OWNER":"UNION ELECTRIC CO - (MO)","SUB_1":"UNKNOWN117076","SUB_2":"NOT AVAILABLE","VOLT_CLASS":"100-161"}},{"type":"Feature","geometry":{"type":"LineString","coordinates":[[-87.4245616445818,39.5288045628317],[-87.4234150906487,39.5285961180617]]},"properties":{"OBJECTID":65164,"ID":"151089","VOLTAGE":230,"STATUS":"NOT AVAILABLE","OWNER":"DUKE ENERGY INDIANA INC","SUB_1":"WABASH RIVER","SUB_2":"NOT AVAILABLE","VOLT_CLASS":"220-287"}},{"type":"Feature","geometry":{"type":"LineString","coordinates":[[-87.4095639017058,41.6367158676009],[-87.4067762676824,41.6388859107193]]},"properties":{"OBJECTID":65192,"ID":"101941","VOLTAGE":138,"STATUS":"NOT AVAILABLE","OWNER":"NORTHERN INDIANA PUB SERV CO","SUB_1":"UNKNOWN122542","SUB_2":"NOT AVAILABLE","VOLT_CLASS":"100-161"}},{"type":"Feature","geometry":{"type":"LineString","coordinates":[[-87.417216030672,41.6792997486099],[-87.4172745675909,41.6787892589863]]},"properties":{"OBJECTID":65198,"ID":"144011","VOLTAGE":138,"STATUS":"NOT AVAILABLE","OWNER":"NORTHERN INDIANA PUB SERV CO","SUB_1":"HEAT RECOVERY COKE FACILITY","SUB_2":"NOT AVAILABLE","VOLT_CLASS":"100-161"}},{"type":"Feature","geometry":{"type":"LineString","coordinates":[[-87.1227712585443,41.6439006887926],[-87.1227008737451,41.6423662449714]]},"properties":{"OBJECTID":65239,"ID":"120237","VOLTAGE":138,"STATUS":"NOT AVAILABLE","OWNER":"NORTHERN INDIANA PUB SERV CO","SUB_1":"BAILLY","SUB_2":"NOT AVAILABLE","VOLT_CLASS":"100-161"}},{"type":"Feature","geometry":{"type":"LineString","coordinates":[[-87.2931190356035,38.6718474635213],[-87.2917871637189,38.6722798526556]]},"properties":{"OBJECTID":65253,"ID":"109919","VOLTAGE":345,"STATUS":"NOT AVAILABLE","OWNER":"DUKE ENERGY INDIANA, LLC","SUB_1":"WHEATLAND STATION","SUB_2":"NOT AVAILABLE","VOLT_CLASS":"345"}},{"type":"Feature","geometry":{"type":"LineString","coordinates":[[-88.2445700002571,42.0000599995792],[-88.2445823323293,42.0007240877486]]},"properties":{"OBJECTID":65260,"ID":"135975","VOLTAGE":138,"STATUS":"NOT AVAILABLE","OWNER":"COMMONWEALTH EDISON CO","SUB_1":"ELGIN ENERGY CENTER LLC","SUB_2":"NOT AVAILABLE","VOLT_CLASS":"100-161"}},{"type":"Feature","geometry":{"type":"LineString","coordinates":[[-87.4266470107503,39.9252794418062],[-87.4268746402501,39.9239906065511]]},"properties":{"OBJECTID":65265,"ID":"101849","VOLTAGE":345,"STATUS":"NOT AVAILABLE","OWNER":"DUKE ENERGY INDIANA INC","SUB_1":"CAYUGA","SUB_2":"NOT AVAILABLE","VOLT_CLASS":"345"}},{"type":"Feature","geometry":{"type":"LineString","coordinates":[[-88.7659179994837,41.2887399995907],[-88.7979570240479,41.2886323705514],[-88.8265581448158,41.2884420137367],[-88.8556675063203,41.2880799019915]]},"properties":{"OBJECTID":65417,"ID":"177957","VOLTAGE":138,"STATUS":"IN SERVICE","OWNER":"NOT AVAILABLE","SUB_1":"TAP173885","SUB_2":"TAP173887","VOLT_CLASS":"100-161"}},{"type":"Feature","geometry":{"type":"LineString","coordinates":[[-89.4740988287187,39.0416833639294],[-89.4923704978173,39.0454760770937],[-89.4965107601983,39.0462755760225],[-89.5066419096669,39.0462199637063],[-89.5136289161153,39.0462189876718],[-89.5138389422287,39.0462209411361],[-89.5234652942032,39.0461708801079],[-89.5487199857219,39.0463629857529],[-89.5509649645501,39.0463549626117],[-89.5577279320649,39.0463299855209],[-89.5625819787027,39.0463149857275],[-89.5673249037398,39.0462949627425],[-89.5680148997095,39.0462929395137],[-89.5743539513434,39.0464759375307],[-89.5874727950391,39.0469798956047],[-89.5944779285916,39.0471988064924],[-89.5990655286278,39.0472273601578],[-89.6118199868982,39.0471949456632],[-89.6180916999201,39.0473606095133],[-89.6252681538753,39.0473225384938],[-89.6418958269523,39.0472559138116],[-89.6570309994903,39.0470739998819]]},"properties":{"OBJECTID":65419,"ID":"177959","VOLTAGE":138,"STATUS":"IN SERVICE","OWNER":"NOT AVAILABLE","SUB_1":"MIDWAY","SUB_2":"TAP174883","VOLT_CLASS":"100-161"}},{"type":"Feature","geometry":{"type":"LineString","coordinates":[[-89.6570309994903,39.0470739998819],[-89.6616409118816,39.0469939506278],[-89.6683459371622,39.0468769525567],[-89.6801479135335,39.046766931594],[-89.6947539810641,39.0466529337892],[-89.6988329612747,39.0466319348712],[-89.703356966877,39.0465959355155],[-89.7082279018421,39.0465679585617],[-89.7162397072649,39.0464468965924],[-89.7318299357831,39.0466562895412],[-89.7417898591721,39.043315173026],[-89.7433643354723,39.0427753647198],[-89.7456946560491,39.0426610806953],[-89.7481007037061,39.0425144935691],[-89.7493184841598,39.0423816578806],[-89.7498072907435,39.0422378965782]]},"properties":{"OBJECTID":65420,"ID":"177960","VOLTAGE":138,"STATUS":"IN SERVICE","OWNER":"NOT AVAILABLE","SUB_1":"NORTH STAUNTON","SUB_2":"TAP174883","VOLT_CLASS":"100-161"}},{"type":"Feature","geometry":{"type":"LineString","coordinates":[[-88.8057409996466,37.107435000103],[-88.8042204429248,37.1052892506048],[-88.806481682158,37.1003319527141],[-88.8086828240986,37.0994973937344],[-88.8130745581653,37.1008121201672],[-88.8193019007004,37.1026009537388],[-88.8290406247304,37.1054518797342],[-88.8325766694715,37.1129378521586],[-88.8363370109626,37.1208777746603],[-88.838390380039,37.1251403350723],[-88.8402020115742,37.1321430868158],[-88.8429758798142,37.1377618826095],[-88.8459893871309,37.1440003355754],[-88.8500248206098,37.1522937867361],[-88.8531695619081,37.1587338209884],[-88.8558543460179,37.1642255205252],[-88.8592464545994,37.1712006281214],[-88.8635796795949,37.1801395486641],[-88.8657200055909,37.1814725706811],[-88.8697771567401,37.1916121499163],[-88.8676489085931,37.1979301748131],[-88.8635215029005,37.2075210556465],[-88.8621070767396,37.2113305854686]]},"properties":{"OBJECTID":65537,"ID":"148814","VOLTAGE":161,"STATUS":"IN SERVICE","OWNER":"GRIDLIANCE","SUB_1":"C-33 (DOE)","SUB_2":"TAP153753","VOLT_CLASS":"100-161"}},{"type":"Feature","geometry":{"type":"LineString","coordinates":[[-88.8602111751459,37.2100568625101],[-88.859967643669,37.2112747470407],[-88.8589647635875,37.2118504498443],[-88.857687899141,37.2126956447149],[-88.8575191335469,37.2132807421608],[-88.85645181731,37.2129504756936],[-88.8546485392087,37.2124241450871],[-88.8520779201917,37.2116815376519],[-88.8507539831259,37.2112734585547],[-88.8495387422096,37.2097480795532],[-88.8523108533448,37.2054036440342],[-88.8535061759164,37.2034033960641],[-88.858643999454,37.1946199995239],[-88.8633960001705,37.1869259997361],[-88.8509399999667,37.1721989996127],[-88.844137445494,37.1616626081545],[-88.8372287604603,37.1514801798731],[-88.8298965413297,37.140686803839],[-88.8223660002356,37.128989999971],[-88.8088799998119,37.1251539995741],[-88.8068989999131,37.1204989996907],[-88.8071734621819,37.1196449554747]]},"properties":{"OBJECTID":65538,"ID":"109045","VOLTAGE":161,"STATUS":"IN SERVICE","OWNER":"GRIDLIANCE","SUB_1":"C-35 (DOE)","SUB_2":"JOPPA STATION","VOLT_CLASS":"100-161"}},{"type":"Feature","geometry":{"type":"LineString","coordinates":[[-88.8071734621819,37.1196449554747],[-88.8075012619206,37.1199717641033],[-88.8093059997843,37.1247220001472],[-88.8227169998649,37.1283309994754],[-88.826007723685,37.1334532610387],[-88.8304723066296,37.1404027226684],[-88.8366214867518,37.1495025495154],[-88.8403861311732,37.1548921461562],[-88.8465282550288,37.1640609459303],[-88.8516453876706,37.1719331465909],[-88.8533397755864,37.1740001195901],[-88.8629854718822,37.1854002875491],[-88.8689489998796,37.1927990001218],[-88.8664818272575,37.1996377650615],[-88.8634031848961,37.2074851558159],[-88.8619107705955,37.2112592015018],[-88.8618359597969,37.2112762487243],[-88.8620701505915,37.2106398727498],[-88.8613266150308,37.2104300356279],[-88.8605397932499,37.2102368490272],[-88.8602111751459,37.2100568625101]]},"properties":{"OBJECTID":65539,"ID":"112632","VOLTAGE":161,"STATUS":"IN SERVICE","OWNER":"GRIDLIANCE","SUB_1":"C-35 (DOE)","SUB_2":"JOPPA STATION","VOLT_CLASS":"100-161"}},{"type":"Feature","geometry":{"type":"LineString","coordinates":[[-88.8635288053054,37.2123537551549],[-88.8652193322622,37.2081091265966],[-88.8669709159122,37.2037071206407],[-88.8689638220818,37.198595436607],[-88.8708577401953,37.1933281739929],[-88.8692228162597,37.1893882048394],[-88.8660626230402,37.1814520305001],[-88.863949965155,37.1801174328134],[-88.8610561340954,37.174192746852],[-88.8587843827768,37.1695407336757],[-88.856653938249,37.1651354266642],[-88.8538128158386,37.1593267106211],[-88.8516979328265,37.1549843470175],[-88.8479721576092,37.1473063856733],[-88.8441897238503,37.1395334644819],[-88.8405010616306,37.1320688907666],[-88.8387012869589,37.1250661321573],[-88.8367163542357,37.1209059418203],[-88.8337383573222,37.1146107908984],[-88.829301854815,37.1052349450543],[-88.8190021858907,37.1022214396594],[-88.8149236350748,37.1010378736717],[-88.8083843139297,37.0991224560921],[-88.8062878257196,37.0999105911388],[-88.8038563557401,37.1052831609342],[-88.8057409996466,37.107435000103]]},"properties":{"OBJECTID":65540,"ID":"120622","VOLTAGE":161,"STATUS":"IN SERVICE","OWNER":"GRIDLIANCE","SUB_1":"C-33 (DOE)","SUB_2":"TAP153754","VOLT_CLASS":"100-161"}},{"type":"Feature","geometry":{"type":"LineString","coordinates":[[-88.8071734621819,37.1196449554747],[-88.8072039995116,37.1204930000629],[-88.809163999494,37.1248989998524],[-88.8226080000849,37.1287780000844],[-88.8273514075173,37.1361649738986],[-88.8319444531408,37.14310908299],[-88.836562465641,37.1499452270839],[-88.8419126545052,37.1576219310722],[-88.8446207552865,37.1617154535971],[-88.8470450001162,37.1654749994969],[-88.8493379166413,37.1690314377637],[-88.8512659994817,37.1720219996284],[-88.8546703772532,37.176063404985],[-88.8585884943493,37.1807147789505],[-88.8637929998305,37.1868929999808],[-88.8590229995708,37.1947329997706],[-88.8553903041899,37.2006873846694],[-88.8536289486663,37.2034309185873],[-88.8524735750737,37.2054587190931],[-88.8498131775289,37.2098595447101],[-88.8509723635715,37.2110414455735],[-88.8544581862,37.2120940508638],[-88.8569474178523,37.2128009536759],[-88.8592715391553,37.2134967617722],[-88.8597112635886,37.2125244465135],[-88.8603748499873,37.2111150626022],[-88.8601610985604,37.2110540321381],[-88.8602111751459,37.2100568625101]]},"properties":{"OBJECTID":65541,"ID":"128742","VOLTAGE":161,"STATUS":"IN SERVICE","OWNER":"GRIDLIANCE","SUB_1":"C-35 (DOE)","SUB_2":"JOPPA STATION","VOLT_CLASS":"100-161"}},{"type":"Feature","geometry":{"type":"LineString","coordinates":[[-88.8057409996466,37.107435000103],[-88.8049891313134,37.1067163686049],[-88.8034969397949,37.1052774287626],[-88.8060366567662,37.0996711415325],[-88.8083344565331,37.0988079879202],[-88.8162431775821,37.1011313531511],[-88.8229565149741,37.1030860467512],[-88.8295624560789,37.1050231666475],[-88.8342745221894,37.1149724246548],[-88.8367366310083,37.1201793240149],[-88.8390516299197,37.1249903527135],[-88.8399068781725,37.1282859360054],[-88.8408356840739,37.1319915427403],[-88.8426686892247,37.1356312839713],[-88.8445652349104,37.1395230071593],[-88.8466085392624,37.1437480917763],[-88.8497029506502,37.1501166015456],[-88.8511425305374,37.15310955283],[-88.8531276878394,37.1571421540009],[-88.8554363482381,37.1618846558405],[-88.8584517366271,37.1680891725792],[-88.8607645068182,37.1727616981301],[-88.8642329335712,37.1799593286269],[-88.866351251741,37.1812956475322],[-88.8711545435652,37.1934039558083],[-88.8694906121307,37.1986440137353],[-88.8653499922203,37.2081649308787],[-88.863786835591,37.2124190599014],[-88.8644070423447,37.2105006849116],[-88.8643781722881,37.2104922470655],[-88.8631442661767,37.2101316266327],[-88.861812513768,37.2097307658406],[-88.8608757775392,37.2094310555462],[-88.8602111751459,37.2100568625101]]},"properties":{"OBJECTID":65542,"ID":"137121","VOLTAGE":161,"STATUS":"IN SERVICE","OWNER":"GRIDLIANCE","SUB_1":"C-33 (DOE)","SUB_2":"JOPPA STATION","VOLT_CLASS":"100-161"}},{"type":"Feature","geometry":{"type":"LineString","coordinates":[[-88.8602111751459,37.2100568625101],[-88.8610081353131,37.2090647636855],[-88.8631162782657,37.2091908908109],[-88.8639330929974,37.2095738190015],[-88.8644003139632,37.2097928540831],[-88.8645776818244,37.209876005587],[-88.8648250527009,37.2099919735362],[-88.8651336500521,37.2101431065652],[-88.8662644241789,37.2106968935438],[-88.8682576788949,37.2116657224817],[-88.8686424435007,37.2118527384813],[-88.8683097982493,37.2131189550835],[-88.8679059147993,37.2149969561367],[-88.8677716696649,37.2155705916848],[-88.8674782277908,37.216824475772],[-88.86879884109,37.2181316707861],[-88.8735023678154,37.2230595867574],[-88.8755168991288,37.2250830314948],[-88.882237591028,37.2255042316224],[-88.8969597981485,37.2263655240827],[-88.9130453154935,37.2275269355514],[-88.9260647417384,37.2321920399023],[-88.928519469999,37.2323015987129],[-88.9376024400413,37.232729574612],[-88.9484289879478,37.2336218728534],[-88.9546251050436,37.2337598815537],[-89.0141942312832,37.2311736510272],[-89.0836291491482,37.1918304606857],[-89.0862384379433,37.1886731677245],[-89.0916955218346,37.1820032868263],[-89.0927543822297,37.1803138685787],[-89.0950624587235,37.1744841895376],[-89.1111868767136,37.1518031679608],[-89.1208698836364,37.1378581261069],[-89.1233266771238,37.137078852823],[-89.1547825567281,37.127554465022],[-89.1732997201225,37.1218572427435],[-89.1743393071631,37.0916638257901]]},"properties":{"OBJECTID":65652,"ID":"114110","VOLTAGE":161,"STATUS":"IN SERVICE","OWNER":"AMEREN ILLINOIS COMPANY","SUB_1":"UNKNOWN122326","SUB_2":"JOPPA STATION","VOLT_CLASS":"100-161"}},{"type":"Feature","geometry":{"type":"LineString","coordinates":[[-87.3390256262965,38.3492852316403],[-87.338814275168,38.3497195325739],[-87.3354319995457,38.3496809996032],[-87.3301850001583,38.3496389997972],[-87.3303690002813,38.3438969996347],[-87.330488000107,38.3381179998771],[-87.3302260001662,38.3380459996721],[-87.3246579994901,38.3380679996053],[-87.3165919996045,38.3380839998088],[-87.3153709995889,38.3380529999398],[-87.3091109997,38.3359969996335],[-87.3089390001708,38.3293140000721],[-87.3088439997363,38.3257710000219],[-87.3085790003207,38.3202629995893],[-87.308304999786,38.3174219996537],[-87.307828999585,38.3126459998542],[-87.3074160000314,38.3085019999931],[-87.306886000302,38.3030239999493],[-87.3073340063038,38.29853732683],[-87.307643335782,38.294795624107],[-87.3076239995455,38.2900260001035],[-87.3074620162318,38.2895341807507]]},"properties":{"OBJECTID":65714,"ID":"167164","VOLTAGE":138,"STATUS":"NOT AVAILABLE","OWNER":"DUKE ENERGY INDIANA, LLC","SUB_1":"UNKNOWN125550","SUB_2":"TAP169351","VOLT_CLASS":"100-161"}},{"type":"Feature","geometry":{"type":"LineString","coordinates":[[-87.3074620162318,38.2895341807507],[-87.3062159999321,38.2857510000717],[-87.3051840000624,38.2825519995962],[-87.3028850001462,38.2807379998161],[-87.2972959995537,38.2763179997802],[-87.2909639996948,38.2713039997633],[-87.2851699999612,38.266725999882],[-87.2847149996765,38.2663569994791]]},"properties":{"OBJECTID":65715,"ID":"171068","VOLTAGE":138,"STATUS":"NOT AVAILABLE","OWNER":"DUKE ENERGY INDIANA, LLC","SUB_1":"DEADEND167162","SUB_2":"TAP169351","VOLT_CLASS":"100-161"}},{"type":"Feature","geometry":{"type":"LineString","coordinates":[[-87.3074620162318,38.2895341807507],[-87.3076089994769,38.2894759997816],[-87.3120380001532,38.2834439997294],[-87.3164989997181,38.2773939996734],[-87.3181409996832,38.2751689995747],[-87.3250550000484,38.2751689995747],[-87.3259549996737,38.2751669995769],[-87.3260550001311,38.2709619994736],[-87.3319080003143,38.2678049997357],[-87.3427750002563,38.2619419996129],[-87.3429390002879,38.2580019999053],[-87.3432370002137,38.257284999804],[-87.3431129994668,38.2531760000993],[-87.3430299996261,38.250324999718],[-87.3429769999227,38.2484119995858],[-87.3428349996325,38.2426829999906],[-87.3427490003171,38.239381999696],[-87.342853999899,38.236812999691],[-87.3429350000899,38.2349139995734],[-87.3429679997019,38.2340949999874],[-87.3494369998281,38.2322030000577],[-87.3495171493144,38.2318791594828]]},"properties":{"OBJECTID":65716,"ID":"171069","VOLTAGE":138,"STATUS":"IN SERVICE","OWNER":"DUKE ENERGY INDIANA, LLC","SUB_1":"TAP169351","SUB_2":"DEADEND172037","VOLT_CLASS":"100-161"}},{"type":"Feature","geometry":{"type":"LineString","coordinates":[[-88.5654700002969,39.1198079996697],[-88.5652636518863,39.1181813258665],[-88.56529167034,39.1164569869754],[-88.5652628478941,39.1147281130959],[-88.5652329268086,39.1129303486225],[-88.5652329268086,39.1129107906181],[-88.5652340047869,39.1127637917585],[-88.5652340047869,39.1127279397426],[-88.5652340047869,39.1126730788811],[-88.5652249282093,39.1109693758701],[-88.5653414028707,39.107089266893],[-88.564812445187,39.1067120739654]]},"properties":{"OBJECTID":65719,"ID":"178075","VOLTAGE":138,"STATUS":"IN SERVICE","OWNER":"AMEREN ILLINOIS COMPANY","SUB_1":"UNKNOWN121712","SUB_2":"TAP174900","VOLT_CLASS":"100-161"}},{"type":"Feature","geometry":{"type":"LineString","coordinates":[[-88.5685375287016,39.14444318077],[-88.5684243499589,39.1442217778192],[-88.5680150002604,39.1440419998386],[-88.5685559136222,39.1431792489236],[-88.5695450710394,39.1415728049565],[-88.570409319513,39.1400708246501],[-88.5711363907511,39.1388054807183],[-88.5680299563115,39.1279303608102],[-88.5656288484903,39.1241021581618],[-88.5654700002969,39.1198079996697]]},"properties":{"OBJECTID":65720,"ID":"178076","VOLTAGE":138,"STATUS":"IN SERVICE","OWNER":"AMEREN ILLINOIS COMPANY","SUB_1":"UNKNOWN122053","SUB_2":"TAP174900","VOLT_CLASS":"100-161"}}]}