{"type":"FeatureCollection","crs":{"type":"name","properties":{"name":"EPSG:4326"}},"features":[{"type":"Feature","geometry":{"type":"LineString","coordinates":[[-88.3177418719747,43.3568963790535],[-88.3181987281787,43.3569677625709],[-88.3195300368197,43.3571033916759]]},"properties":{"OBJECTID":40317,"ID":"128396","VOLTAGE":138,"STATUS":"IN SERVICE","OWNER":"AMERICAN TRANSMISSION CO","SUB_1":"ARTHUR ROAD","SUB_2":"ST. LAWRENCE","VOLT_CLASS":"100-161"}},{"type":"Feature","geometry":{"type":"LineString","coordinates":[[-88.2983798709034,41.7077140247339],[-88.2978890619748,41.7078835659928],[-88.2973926745084,41.7078708380239],[-88.297375703536,41.7077053755404],[-88.2825181355737,41.7079218169477],[-88.2750014186534,41.7080217540573],[-88.2726171991595,41.7088854985118],[-88.2615027367129,41.7090425429916],[-88.2588758121922,41.7097492427619],[-88.2545499515853,41.7098134889687],[-88.2521300402285,41.7091995877583],[-88.2370762613434,41.7093823295817],[-88.236676511042,41.7092859616129],[-88.2356057542576,41.7091895934998],[-88.2355950463395,41.7082972957024],[-88.2340602935412,41.708150958717],[-88.2325088653162,41.707545019538]]},"properties":{"OBJECTID":40335,"ID":"128416","VOLTAGE":138,"STATUS":"IN SERVICE","OWNER":"COMMONWEALTH EDISON CO","SUB_1":"OSWEGO","SUB_2":"WOLFS CROSSING","VOLT_CLASS":"100-161"}},{"type":"Feature","geometry":{"type":"LineString","coordinates":[[-83.72341653815,42.3177627765545],[-83.7241048237275,42.3180044205998],[-83.7257710602389,42.31790553499],[-83.7276858471148,42.3195410040429],[-83.7293258501251,42.3208307701543],[-83.7310691342402,42.3223001141006],[-83.7328520511273,42.3239621346607],[-83.7337931531684,42.3253694830975],[-83.734658213719,42.3270319007529],[-83.7350229045715,42.328619883802],[-83.7351945025537,42.3311159957745],[-83.7352802826802,42.3333682378094],[-83.7353875433217,42.3356127115333],[-83.7354733180583,42.3377536776197],[-83.7355162566306,42.3399503601386],[-83.7356021355718,42.3420994895531],[-83.7356450750423,42.344319819691],[-83.7357308740335,42.3466513865894],[-83.7358274483164,42.3489907548685],[-83.7359237198671,42.3510475976567],[-83.7333061270455,42.3511497519074],[-83.7301415787935,42.3512775510401],[-83.7268854562815,42.3514090669726],[-83.7240793771504,42.3515223870646],[-83.7209101980831,42.3516421478847],[-83.717996021979,42.3517523586272],[-83.7147103691486,42.3519006018655],[-83.7112153549581,42.3520298579996],[-83.7082866459092,42.3521646837477],[-83.7050464316626,42.3522676520792],[-83.7022788336633,42.3524024620482],[-83.6998333598468,42.3524421487702],[-83.6969510927998,42.352513355905],[-83.694304579616,42.3522283376785],[-83.6916399330399,42.3519821501027],[-83.6890729117756,42.3520337356796],[-83.686508077909,42.3520853185587],[-83.6828814407664,42.3521646598484],[-83.6794432351362,42.3522697585391],[-83.6766589347608,42.3523549210652],[-83.6735371490113,42.3524104158586],[-83.6703190369139,42.3524760730938],[-83.6677002735875,42.3525293205892],[-83.664428313777,42.3526244427513],[-83.6618869564821,42.3526482629354],[-83.6586708278648,42.3525921157711],[-83.6552793283411,42.3525214205672],[-83.652292685143,42.352433932072],[-83.6495929773213,42.3523549230568],[-83.6468674905459,42.3522994156009],[-83.6436991307422,42.3522438556503],[-83.64094926369,42.3524978891175],[-83.6383908105568,42.3527309686473],[-83.6354216611505,42.3530013729855],[-83.6321387113509,42.3533145127659],[-83.6288556537533,42.3536098530108],[-83.6256437912354,42.3538886718881],[-83.6247919440043,42.352551414091],[-83.623088881956,42.3531477697364]]},"properties":{"OBJECTID":40367,"ID":"128448","VOLTAGE":120,"STATUS":"IN SERVICE","OWNER":"NOT AVAILABLE","SUB_1":"PHOENIX","SUB_2":"COVENTRY","VOLT_CLASS":"100-161"}},{"type":"Feature","geometry":{"type":"LineString","coordinates":[[-85.6082934937018,42.4360849297826],[-85.6095767837976,42.43713363853],[-85.6106292975952,42.4372905607277],[-85.6124566505461,42.4382719495167],[-85.6125050706382,42.4410045486996],[-85.6125268098681,42.4432612619902],[-85.6125648975378,42.4455669467524],[-85.6126030768357,42.4478766557233],[-85.612626073707,42.4505282357839],[-85.6126485315891,42.4531204496267],[-85.6126655995795,42.455625731752],[-85.612650776479,42.4581676300424],[-85.6126850031897,42.4607718536783],[-85.6127275833341,42.4633699378133],[-85.6127438428408,42.4652476576219],[-85.6127786076422,42.4679025437257],[-85.6128126537915,42.4704863519961],[-85.6165897102351,42.4712406740921],[-85.620690160181,42.4720509771151],[-85.6247835125379,42.4728488791221],[-85.6284529517087,42.4735723617782],[-85.631055910076,42.4749387345138],[-85.6342775381794,42.4766443726683],[-85.6379057437805,42.4785234831389],[-85.6411512670705,42.480246579621],[-85.6440976504725,42.4817962538934],[-85.6473551222541,42.4834957427953],[-85.6496835545722,42.4847248341156],[-85.6533396986769,42.486644838691],[-85.6556601368873,42.4878649915012],[-85.6575819027747,42.4888940780601],[-85.6591129015134,42.4912284868814],[-85.6608872538626,42.494021369582],[-85.6623465670416,42.4962732567038],[-85.6638017479704,42.4985544705409],[-85.6656836286591,42.5014881606125],[-85.6672386115176,42.5038896505589],[-85.6689690371477,42.5066056787651],[-85.6706117863078,42.5091392819737],[-85.6722344132055,42.5116756298826],[-85.6734823527982,42.5136183807831],[-85.6754480463029,42.5167305366979],[-85.6774256865025,42.5198132729224],[-85.6787293225412,42.5217997327532],[-85.6799095291614,42.5236216746279],[-85.6810418555771,42.5254140358112],[-85.6827443427035,42.5273152489672],[-85.6845824745396,42.5293778646894],[-85.6868709336242,42.531925239792],[-85.6887050239398,42.5339818788122],[-85.6903038445842,42.5357827470472],[-85.6926801589035,42.5384150475687],[-85.6949846071019,42.5410120930117],[-85.6965316856842,42.5427275778633],[-85.6987564533169,42.5452332427553],[-85.700805869806,42.5474980445168],[-85.7029787148153,42.5494924918515],[-85.7055424168046,42.5518128585062],[-85.7077233466514,42.5537777868313],[-85.7098405859446,42.5556956707256],[-85.7114951030348,42.5571993395348],[-85.7140508100182,42.5595252417607],[-85.7168298381811,42.5620332766381],[-85.7184127595433,42.5634663948232],[-85.7207252027477,42.565571879846],[-85.7225233595535,42.5672074306936],[-85.7250113335644,42.5694654796189],[-85.7271244415056,42.5713740840368],[-85.7299273648551,42.5738932847545],[-85.7313986256274,42.5752908720417],[-85.7327462782167,42.5765474626882],[-85.7353139327933,42.5783178657111],[-85.7378098119787,42.5800676471064],[-85.7409036996487,42.5822371940762],[-85.7430807667398,42.5837666786565],[-85.7457520869002,42.5856248436043],[-85.7489058014698,42.5878352686818],[-85.7505883468953,42.5890065545256],[-85.7532996420858,42.5909232906263],[-85.7564334149544,42.5931217556598],[-85.7594317218783,42.5952057399946],[-85.7623303158055,42.5972367518763],[-85.764587062564,42.598824655115],[-85.7669553818774,42.6004740795719],[-85.7695947220136,42.6023229515471],[-85.77226217852,42.6041835380704],[-85.774594565222,42.6058181416864],[-85.7773814985594,42.6077754845366],[-85.7799531057233,42.6098090625129],[-85.7822577335847,42.611648930628],[-85.7842153422518,42.6132099555115],[-85.7867471540486,42.615228679962],[-85.7893148086252,42.6172532878921],[-85.7920260139842,42.61940977397],[-85.7940155128439,42.6209911628488],[-85.7967547456398,42.6231768679368],[-85.7992545765141,42.6251629467031],[-85.8019458401721,42.6273162506263],[-85.804493641981,42.6293286347785],[-85.8066944245955,42.6310799575037],[-85.8089431772462,42.6328839719704],[-85.8113394332666,42.6348140945023],[-85.8136000436791,42.6366150929541],[-85.815729140734,42.6382868437199],[-85.8173200571022,42.6407740666102],[-85.8189427738314,42.6433520490184],[-85.8206611611384,42.646035578659],[-85.8223397530783,42.6486632936401],[-85.8237910712514,42.6509476616313],[-85.8253061698096,42.6533405617618],[-85.8270245571165,42.6560411691161],[-85.8286034360599,42.6584924708415],[-85.8298992558573,42.660515539518],[-85.831254813621,42.6626383557497],[-85.8331127991231,42.6656024498522],[-85.8347036256598,42.6680767565483],[-85.8364380029788,42.6705158936227],[-85.8382999410682,42.6731571706718],[-85.8400980987725,42.6757162417841],[-85.8415693595448,42.6777827347092],[-85.8421714095499,42.6793538568582],[-85.8431163482956,42.6817163429735],[-85.8441649517267,42.6843483606636],[-85.8453132681544,42.6872469715698],[-85.8464974264636,42.6901951676867],[-85.847613853597,42.6930378459595],[-85.8487381850066,42.6958656710206],[-85.8499382434964,42.6988282458076],[-85.8511862738189,42.7020220669946],[-85.8524341235801,42.7051454860708],[-85.8534867685317,42.7078027837224],[-85.8545871158215,42.7105332357706],[-85.8571668078229,42.7130586897214],[-85.8590208407378,42.714895438964],[-85.8615246250977,42.7173297667186],[-85.8639966090966,42.7197376666375],[-85.8665563576004,42.7222186621329],[-85.8689765097056,42.72457945178],[-85.8709660085654,42.7265271857382],[-85.8726924807099,42.7282200775133],[-85.8749252433486,42.7303902689462],[-85.8771460574957,42.7325985890982],[-85.879215327651,42.7345987906651],[-85.881659463876,42.7369414927222],[-85.883110782049,42.7383822639782],[-85.8844782865077,42.7403647295043],[-85.8865076705661,42.7432899511571],[-85.8881184406004,42.7456646501357],[-85.889785084947,42.7480421607163],[-85.8916027360929,42.7506536889804],[-85.8935791195494,42.7535031630312],[-85.8949348569762,42.7554763717722],[-85.8962423548723,42.7573433928229],[-85.8976824441042,42.7594138306973],[-85.8992431770789,42.7616744731035],[-85.9010206735316,42.7642756656656],[-85.9024185419452,42.7663149416579],[-85.9036537245625,42.7674252320084],[-85.9051601094625,42.7689424506566],[-85.9064649043278,42.7704454391136],[-85.9053715845585,42.7730427837017],[-85.9053234348592,42.7760282466986],[-85.9052511204789,42.779000247676],[-85.9051666788421,42.7819899727242],[-85.9083686338409,42.7820211575418],[-85.9119432998509,42.7820680346244],[-85.9154796976299,42.7827497598722],[-85.9154328055721,42.7863082535454],[-85.9153647141719,42.7894163537625],[-85.9152836861333,42.7924492808675],[-85.9152454170039,42.7947815566202],[-85.915198524946,42.797535929573],[-85.9151978961253,42.8003518726514],[-85.9151850511151,42.8030152418832],[-85.9151486693461,42.8058149870324],[-85.915136810686,42.8082807398359],[-85.9151088730807,42.811001034506],[-85.9150969254874,42.8138995936945],[-85.91512881568,42.8163855846601],[-85.9150291026834,42.8190937941322],[-85.915041051175,42.8221643378106],[-85.9150211076774,42.8246676539113],[-85.9150450926955,42.8273286578692],[-85.9150370976895,42.8299076575795],[-85.9151049204934,42.8334339926788],[-85.9150769828881,42.8362554830661],[-85.9151316004573,42.8388346379197],[-85.9151316004573,42.841731957536],[-85.9151347499507,42.8442385476837],[-85.9151355530446,42.8448774506643],[-85.9151077061691,42.8481602358346],[-85.9150917161571,42.8507676736901],[-85.9150917161571,42.8538163607084],[-85.915111657858,42.8553566839965],[-85.9150997111631,42.8584547300396],[-85.9151181221348,42.8588698969633],[-85.9152309280767,42.8610736298625],[-85.9153565251298,42.8632942015649],[-85.9154721383068,42.8654917928057],[-85.9137337176707,42.8675900191353],[-85.9116844808446,42.8700591676599],[-85.9096191650732,42.8725546836385],[-85.9075578000924,42.874971099522],[-85.9054725408233,42.8774518040581],[-85.9032260339608,42.8801547038064],[-85.9010772638012,42.8827151740622],[-85.8992209850981,42.8849297798459],[-85.8972868224599,42.8872248680804],[-85.8973046234755,42.8899142758338],[-85.8973860108403,42.8924151746895],[-85.8974673991033,42.894746576031],[-85.897540161743,42.8971656771445],[-85.8976471510934,42.8995752731158],[-85.8977371631832,42.9022640436242],[-85.8978313955581,42.9051126568627],[-85.8979256288314,42.9078200696522],[-85.8980198621047,42.9085854825814],[-85.8980540879171,42.9107405357495],[-85.8980497760037,42.9116063791551],[-85.8981568560839,42.9140185686899],[-85.8982510884589,42.9172116929238],[-85.8983538557274,42.920090993722],[-85.8984438669188,42.9226063916861],[-85.8985467240189,42.9257394760939],[-85.8986537142675,42.927915964911],[-85.8941608802055,42.9280099575803],[-85.8901776595059,42.9280444897324],[-85.8862673829057,42.9281040829727],[-85.8822157114797,42.9281605840545],[-85.8798643721218,42.9302992335781],[-85.8772815351186,42.9326326868114],[-85.8748406328286,42.9348189288395],[-85.8727932824646,42.9367213789954],[-85.8701887969613,42.9390803689452],[-85.8680202638655,42.9410491718229],[-85.8660276209022,42.942862652671],[-85.8644769490588,42.9442460900101],[-85.8618309622877,42.946618140074],[-85.8600877805806,42.9482483331128],[-85.8566592704672,42.9480974927532],[-85.8525819081224,42.9479343566349],[-85.8488468021043,42.9479581596747],[-85.8481362347145,42.9479626316204],[-85.8444785652705,42.9479720338179],[-85.8407781351206,42.9479876839792],[-85.8368162952231,42.9480159576252],[-85.8328203193447,42.948019048729],[-85.8288500352835,42.9480096458812],[-85.8271196994849,42.9504454608384],[-85.8259546752913,42.9520630607007],[-85.8244771263119,42.9541351325182],[-85.8217616979728,42.9566334915395],[-85.8189938987509,42.9592054475239],[-85.8170374578936,42.9610339745931],[-85.8150175061457,42.9629620407909],[-85.8125946599929,42.9650497845474],[-85.8107684748519,42.9667539668805],[-85.8098599187735,42.9690874846022],[-85.8088416191101,42.969569913037]]},"properties":{"OBJECTID":40384,"ID":"128471","VOLTAGE":345,"STATUS":"IN SERVICE","OWNER":"NOT AVAILABLE","SUB_1":"TALLMADGE","SUB_2":"ARGENTA","VOLT_CLASS":"345"}},{"type":"Feature","geometry":{"type":"LineString","coordinates":[[-89.1023961690574,42.2398092431219],[-89.1026482363261,42.2393644516498],[-89.1027019555801,42.2385343831028]]},"properties":{"OBJECTID":40430,"ID":"128527","VOLTAGE":138,"STATUS":"IN SERVICE","OWNER":"COMMONWEALTH EDISON CO","SUB_1":"NRG ROCKFORD II ENERGY CENTER","SUB_2":"TAP137869","VOLT_CLASS":"100-161"}},{"type":"Feature","geometry":{"type":"LineString","coordinates":[[-88.5418476419726,42.6617646465194],[-88.542075717935,42.6612995520974],[-88.5463052099732,42.6612400660284],[-88.5462814162963,42.6644106980859],[-88.5467989483078,42.6649817676215],[-88.553140211594,42.663215018809],[-88.5562692027304,42.6623465145068],[-88.5617122199027,42.6609842737639],[-88.5692610596792,42.6591996777065],[-88.5711943716128,42.658801117926],[-88.5721045159126,42.6588784510543],[-88.5786658799181,42.6572782630965],[-88.5822588661701,42.6565287325027],[-88.5855365743001,42.6556840247887],[-88.588314593655,42.6544110128558],[-88.5902954956375,42.6533699990532],[-88.5967378858684,42.6501339317216],[-88.6056251731974,42.6456843395928],[-88.614096053663,42.6413477717798],[-88.6140544140546,42.6407053167654],[-88.61432805167,42.6406636768086]]},"properties":{"OBJECTID":40472,"ID":"128576","VOLTAGE":138,"STATUS":"IN SERVICE","OWNER":"AMERICAN TRANSMISSION CO","SUB_1":"ELKHORN","SUB_2":"BRISTOL","VOLT_CLASS":"100-161"}},{"type":"Feature","geometry":{"type":"LineString","coordinates":[[-90.022386562206,44.0570479738112],[-90.0232027166759,44.0570598710618],[-90.026721939565,44.0561485375847],[-90.0286540630275,44.0556726448277],[-90.0356258825577,44.0535965656342],[-90.0456017735008,44.0535965656342],[-90.0455422870627,44.0465295670416],[-90.0454946979122,44.0405035820121],[-90.0454471087617,44.0358993236898],[-90.0453697754938,44.0323539280502],[-90.0453281358855,44.0295402148362],[-90.0452924440226,44.0247218058634],[-90.0453519295624,44.0187850511461],[-90.0453816727815,44.0164412819658],[-90.0454114168988,44.013193317857],[-90.0453935709674,44.0099810445784],[-90.0499680852449,44.0099215588361],[-90.0689621318843,44.0097430986671],[-90.0821919345856,44.0097371507824],[-90.0922689524735,44.0097847396581],[-90.1023995081557,44.0101238130883],[-90.1167357595043,44.0101178639496],[-90.1309649370608,44.0100881208316],[-90.1417082039539,44.0100464806996],[-90.1523265475304,44.0100702746951],[-90.1661393200201,44.0100940699732],[-90.183122721458,44.0101678326904],[-90.1982846476218,44.0100060299808],[-90.2116286648232,44.0098632618334],[-90.2241255949662,44.0102059050682],[-90.2414671061988,44.0102630116509],[-90.2582661005768,44.0100441005242],[-90.2714387964772,44.0100250649325],[-90.2735517588913,44.0103962607759],[-90.2826793707116,44.0103772259433],[-90.3005919526484,44.0103581898125],[-90.3179905715803,44.0106056538685],[-90.3302685912717,44.0112338319408],[-90.3371499917753,44.0115479207432],[-90.3495612612677,44.0121189905554],[-90.3526069704924,44.0122807946073],[-90.3525688998907,44.0096443518157],[-90.3524832392402,44.0016921928626],[-90.3524832392402,43.9918317065502],[-90.3525879351916,43.9854547511305],[-90.3526069704924,43.983303717526],[-90.3594312650934,43.9836082889995],[-90.3746978872086,43.9841698417892],[-90.3905450967802,43.9847409127375],[-90.4060401469974,43.9854642686678],[-90.4241430873328,43.9864255708582],[-90.4278835985141,43.9866159278968],[-90.4278550455628,43.9803055978909],[-90.4278074573106,43.9729578217585],[-90.4277884211114,43.9697407909558],[-90.4374014429854,43.9697027191197],[-90.448327927569,43.9696551297751],[-90.4550284909176,43.9696932009952],[-90.4584453965941,43.9691792381117],[-90.4693909164785,43.9690840585456],[-90.4710755756399,43.9655243861001],[-90.4774239778376,43.9654387246578],[-90.4842113903079,43.966436908857],[-90.4847229736757,43.9653007160206],[-90.4870072564925,43.9652888190994],[-90.494978450878,43.9651876919406],[-90.4955852143434,43.9692446726819],[-90.4957160836089,43.9695004647886]]},"properties":{"OBJECTID":40483,"ID":"128588","VOLTAGE":138,"STATUS":"IN SERVICE","OWNER":"AMERICAN TRANSMISSION CO","SUB_1":"PETENWELL","SUB_2":"COUNCIL CREEK","VOLT_CLASS":"100-161"}},{"type":"Feature","geometry":{"type":"LineString","coordinates":[[-88.2401707140538,41.9827483837449],[-88.2387842290915,41.9836688398983],[-88.2377384562518,41.9838580070857],[-88.2377360568516,41.9865318650339],[-88.2377211825472,41.9883016727136],[-88.2376556836848,41.9965695551613],[-88.2377318904654,41.9985570647649],[-88.2387201100414,42.0021701610913],[-88.2388391727492,42.0025833786607],[-88.2393756160941,42.0044733617481],[-88.2394770592459,42.0060013181546],[-88.2394738792098,42.0071711167756],[-88.2373051574677,42.0194387645046],[-88.2366820805968,42.0252048860194],[-88.2364607761349,42.0270853099797],[-88.2361663182663,42.0307724828904],[-88.2378140935004,42.0378930198983],[-88.237730812487,42.0439071075254],[-88.2377843511796,42.0473454289595],[-88.2376653783034,42.0492787409336],[-88.2376772746927,42.0553047259763],[-88.2377095763137,42.0594124280688],[-88.2377066810435,42.0625097388433],[-88.2376487855218,42.0630798440284],[-88.2376515020272,42.0653670585602],[-88.2376628046301,42.0688642720679],[-88.2376053645542,42.0935487055934],[-88.2376385357444,42.1017688185904],[-88.2377339269461,42.1326450638005],[-88.2409937891447,42.1448041101305],[-88.2384715596771,42.1545123106092],[-88.2381359508835,42.1675866208394],[-88.2381230268215,42.1690731691094],[-88.2381094496843,42.1720437867122],[-88.2338549737015,42.1720009570197],[-88.2338733181979,42.1832870101002],[-88.2332767919335,42.1864955108211],[-88.2332362509647,42.1881403021254],[-88.2333926216046,42.1931557566273],[-88.2360509287697,42.1963410917145],[-88.2349994597128,42.2020686596238],[-88.2347649958304,42.2036331086854],[-88.23453881172,42.204981984674],[-88.2336829867488,42.2093650957859],[-88.2331499875446,42.2283484360375],[-88.2372902499256,42.2283769887733],[-88.2376257536162,42.2342019098171],[-88.2373973255142,42.2402481198113],[-88.2374925038152,42.2464620821054],[-88.237373530939,42.2506023446888],[-88.2372486103172,42.2544630200377],[-88.2371772256932,42.2565242277455],[-88.2372202451138,42.2567291808086],[-88.2375632829747,42.2608377728815],[-88.2379971800367,42.294344687728],[-88.2329092929474,42.3065106241434],[-88.1204447370032,42.3060576525412],[-88.1190652499169,42.3067614129959],[-88.112112498027,42.3092379309895],[-88.1010735165221,42.3094520025302],[-88.0873045378008,42.3131422890485],[-88.0533961406899,42.313135153982],[-88.0051083919615,42.3131061168238],[-88.0026680825596,42.312917399547],[-87.9797730883242,42.3129713647572],[-87.9798778947684,42.314962713625],[-87.9757209515709,42.3150572350013],[-87.9753578471432,42.3137882805759]]},"properties":{"OBJECTID":42603,"ID":"131051","VOLTAGE":345,"STATUS":"IN SERVICE","OWNER":"COMMONWEALTH EDISON CO","SUB_1":"WAYNE","SUB_2":"LIBERTYVILLE","VOLT_CLASS":"345"}},{"type":"Feature","geometry":{"type":"LineString","coordinates":[[-87.9311690859033,42.1434051876367],[-87.9310762710699,42.1427808581414],[-87.9311238602204,42.1374270708795],[-87.9254369477535,42.1318353380862],[-87.923949785004,42.1283256328799],[-87.9224031349181,42.1276117949452],[-87.9180511009971,42.1175109827736],[-87.9177033793203,42.1167059046635]]},"properties":{"OBJECTID":42611,"ID":"131056","VOLTAGE":138,"STATUS":"IN SERVICE","OWNER":"COMMONWEALTH EDISON CO","SUB_1":"UNKNOWN122318","SUB_2":"UNKNOWN122320","VOLT_CLASS":"100-161"}},{"type":"Feature","geometry":{"type":"LineString","coordinates":[[-89.4188629804752,45.6401768810791],[-89.418094999959,45.6392489995591],[-89.4189179995914,45.6377439997206],[-89.4219730000911,45.6339069997949],[-89.4243799999623,45.6323219996782],[-89.4256350003131,45.6315509999693],[-89.4287220347359,45.6314360695732]]},"properties":{"OBJECTID":42626,"ID":"131080","VOLTAGE":115,"STATUS":"IN SERVICE","OWNER":"NORTHERN STATES POWER CO - WISCONSIN","SUB_1":"RHINELANDER PAPER","SUB_2":"HIGHWAY EIGHT","VOLT_CLASS":"100-161"}},{"type":"Feature","geometry":{"type":"LineString","coordinates":[[-84.4855152155285,42.41544738802],[-84.485440684106,42.4146476888445],[-84.489875787038,42.4142212839434],[-84.4920077739731,42.4130683948293],[-84.4962432272315,42.4109573438413],[-84.5001792028354,42.4089041327309],[-84.5021899738011,42.4077932657103],[-84.5022113644846,42.4056399165917],[-84.5021899738011,42.4027388325728],[-84.5023896252712,42.4009065005264],[-84.5022042345562,42.3974049119597],[-84.5022398868932,42.3954829038614],[-84.5023611028627,42.3934607837043],[-84.5022042345562,42.3889529051264],[-84.5026249281801,42.3872992315099],[-84.5038228343065,42.3820166689861],[-84.5042435270321,42.3802469367247],[-84.5042649177157,42.3777766026184],[-84.5042363962054,42.3740630176103],[-84.5042221363486,42.372124491683],[-84.5042577877873,42.3681577030662],[-84.5042720476441,42.3662031896458],[-84.5042863092975,42.3621728021335],[-84.5042720476441,42.3583529161012],[-84.5042577877873,42.3547014138914],[-84.5035803996725,42.3529256428401],[-84.5024965804856,42.350253987565],[-84.5018120633408,42.348509709569],[-84.501591021187,42.3466968750345],[-84.5012844136042,42.3445677801499],[-84.5009778069196,42.3423490177819],[-84.5023682336894,42.3406308730021],[-84.5024395374651,42.3390286347787],[-84.5025179720675,42.3375686638274],[-84.5027033618842,42.3333993926319],[-84.5026891011291,42.3296726417493],[-84.5024466682918,42.3279330645799],[-84.5025464935778,42.3247120839388],[-84.5025821450164,42.3231410716132],[-84.5025821450164,42.3213011436821],[-84.502575015088,42.3194189848465],[-84.5026177964551,42.3176527626267],[-84.5027675357315,42.3145577989026],[-84.5027604049048,42.3103237266912],[-84.5028174479253,42.3057676941557],[-84.5028174479253,42.3050557840777],[-84.5028531002623,42.3021025905576],[-84.5027746656599,42.3003675246262],[-84.5046998720948,42.2982315877161],[-84.505141955504,42.2977727479663],[-84.5077802005939,42.2947981157063],[-84.5078372436144,42.2907947981352],[-84.5078443753395,42.2872079478467],[-84.5078786011518,42.2851513240534],[-84.5078999918353,42.283700653938],[-84.5080283386316,42.2819281538075],[-84.5081600145842,42.2801490937485],[-84.5081632485193,42.2786883487257],[-84.5081666630157,42.2772118871347],[-84.508170974929,42.2753225548345],[-84.5081759147648,42.2731472788322],[-84.5081424246727,42.2714926018283],[-84.5081544108935,42.2683141909331],[-84.5081432475294,42.2664803639282],[-84.5080312258169,42.2616803831151],[-84.5081646400096,42.2582535049641],[-84.5081075960908,42.2563852928383],[-84.5080505530702,42.2521578650187],[-84.5079792492946,42.2500677961501],[-84.5080862045089,42.2460035748715],[-84.5078152501613,42.2417332207557],[-84.5076227295179,42.239721989621],[-84.5072020367922,42.2379640908859],[-84.506788473995,42.2363381210983],[-84.5066529972703,42.2322307785176],[-84.5064463236696,42.2254849258268],[-84.503972499921,42.2254681725705],[-84.4973620959858,42.2254778965774],[-84.4972979221386,42.2207361918583],[-84.4971909669242,42.2187401338596],[-84.4967951772949,42.2166738861427],[-84.4966430467032,42.2147057071014],[-84.4965822136905,42.2126385296344],[-84.4965185231368,42.2104688096046],[-84.4964657021981,42.2086733609407],[-84.4964056947371,42.2066315289969],[-84.4963437109825,42.2045253487073],[-84.4962800195306,42.202355348666],[-84.4962148799944,42.200139605915],[-84.4938353982153,42.2001738971475],[-84.4915719104989,42.2002063716176],[-84.4892003599455,42.2002404438729],[-84.4867004392396,42.2002763807659],[-84.4840718779885,42.2003141796312],[-84.4814543660153,42.2003517788323],[-84.4788151157105,42.2003896435343],[-84.4760899864646,42.2004288411531],[-84.4734500175077,42.2004667716906],[-84.4708253396735,42.2005045165389],[-84.4682289390078,42.2008701251266],[-84.4670035767731,42.2009371449308],[-84.4663885245526,42.2009631526763]]},"properties":{"OBJECTID":42630,"ID":"131082","VOLTAGE":138,"STATUS":"IN SERVICE","OWNER":"CONSUMERS ENERGY CO","SUB_1":"UNKNOWN128606","SUB_2":"TOMPKINS","VOLT_CLASS":"100-161"}},{"type":"Feature","geometry":{"type":"LineString","coordinates":[[-88.4042717692223,44.2102281106371],[-88.4042527330231,44.2112774527989],[-88.4041980058594,44.2124124556276],[-88.4040480985981,44.2133880350411],[-88.4040338225716,44.2142184668193],[-88.4039862325228,44.216643136667],[-88.4018161651044,44.2166122038557],[-88.4018233031176,44.2161981777655]]},"properties":{"OBJECTID":42701,"ID":"131174","VOLTAGE":138,"STATUS":"IN SERVICE","OWNER":"AMERICAN TRANSMISSION CO","SUB_1":"MEADOWS","SUB_2":"TAP139563","VOLT_CLASS":"100-161"}},{"type":"Feature","geometry":{"type":"LineString","coordinates":[[-83.8315403268435,43.3519638215275],[-83.8315868982028,43.3529258118453],[-83.8316652312956,43.3552974041385],[-83.8327328035523,43.3573248056102],[-83.8327970330951,43.3595791861438],[-83.8328614431993,43.3616540729868],[-83.8329472323089,43.364079855708],[-83.8326683952447,43.3663261485847],[-83.8323679977154,43.3684476950768],[-83.8324323170897,43.3708030725176],[-83.8324859465122,43.3729165600006],[-83.8325503557181,43.3749831570872],[-83.8325932951886,43.3771200040739],[-83.8326898640817,43.3793111636849],[-83.8327434935042,43.3814711677349],[-83.8328614431993,43.3836389945523],[-83.8329687909774,43.3858455868726],[-83.8328614431993,43.3878806029894],[-83.8328185926619,43.3900324668155],[-83.8327328035523,43.392129683995],[-83.8326683952447,43.3944373405236],[-83.8325826061351,43.3965891021066],[-83.8325181960309,43.3988887557105],[-83.8324644767769,43.4006504470947],[-83.8323893776192,43.4029578437606],[-83.832357217932,43.4051247715989],[-83.8323357481967,43.4072604915507],[-83.8322606490389,43.4094350965797],[-83.8321855498812,43.4116017907613],[-83.8321211406753,43.4141113846559],[-83.8320353515657,43.4166831915733],[-83.8319709432581,43.4188573930379],[-83.831895843202,43.4211717946164],[-83.8317993641405,43.4233147786778],[-83.8317242649828,43.4256134829936],[-83.8316705457288,43.4277795357052],[-83.8316383860416,43.4296573568876],[-83.8315847566192,43.431792145822],[-83.8314881877261,43.4339970498603],[-83.8317885852554,43.4361550401488],[-83.8317885852554,43.4382351350921],[-83.8317456448866,43.4405644506289],[-83.8317672044534,43.4430182537653],[-83.8318100540924,43.445323971667],[-83.8318423036111,43.4476919487419],[-83.8318851541485,43.4500675970068],[-83.8316598557769,43.4519758326881],[-83.8317349549347,43.4541955866526],[-83.8318636835149,43.4570927730484],[-83.8319065331539,43.4601922787912],[-83.831949562456,43.4623181681119],[-83.8319741771931,43.4643117559378],[-83.833462235563,43.4661805537696],[-83.8349428388143,43.4680805885335],[-83.835017937972,43.4700582739731],[-83.8351037270816,43.4720203797372],[-83.8351896958543,43.473943439736],[-83.8372173731137,43.4758198926726],[-83.8386797405647,43.4771277369124],[-83.8405250598213,43.4788638810181],[-83.8425168951991,43.4806778668797],[-83.8424846447821,43.4827485439066],[-83.842441795143,43.4849048601052],[-83.8424203263061,43.4870299428557],[-83.8422915968275,43.4892250791153],[-83.8421950279345,43.4915834519679],[-83.8420663002526,43.4939029590468],[-83.8417873724586,43.496455732523],[-83.8415083557313,43.4989851376532],[-83.8414225666217,43.5011797729341],[-83.8413045279933,43.5033354298468],[-83.8412186490522,43.5054754369566],[-83.8411328599425,43.5076776560004],[-83.8412830591564,43.5098252627844],[-83.8413581583141,43.5119961821368],[-83.8414439465254,43.5141358828602],[-83.8415190456832,43.5160654820518],[-83.8415406061483,43.5181583317793],[-83.841583454889,43.5203289526791],[-83.841583454889,43.5225150606736],[-83.8415727649372,43.5246543877683],[-83.8416157053061,43.5268247730073],[-83.8415942346725,43.5291505457137],[-83.8416049246243,43.5315385550836],[-83.8416263952579,43.5336698787033],[-83.8416478640949,43.5360576446618],[-83.8416585540468,43.5383520648395],[-83.8416585540468,43.5404752671018],[-83.8416478640949,43.5426839569499],[-83.8416908035655,43.5448692560691],[-83.8416585540468,43.5470155391197],[-83.8416585540468,43.549130623925],[-83.8416693338302,43.551541149978],[-83.8417336532046,43.5538505386693],[-83.841771472278,43.5560276065301],[-83.8418577177318,43.5585165866645],[-83.8410530069003,43.5598771915414],[-83.840173196911,43.5612454456435],[-83.8387468519029,43.5632823756341],[-83.8374486964858,43.5650704579764],[-83.83611829155,43.5669439487685],[-83.8347557269271,43.5689184628855],[-83.8337471892559,43.5703254328137],[-83.8320412876331,43.5727273668179],[-83.8320628471999,43.5752690625381],[-83.8320842271037,43.577437691602],[-83.8320950068871,43.5796449618307],[-83.8316980422613,43.581541360643],[-83.8313225455742,43.5834998441504],[-83.8305499953282,43.5853261727029],[-83.8297560642801,43.5871756748892],[-83.8297883129005,43.5893282588598],[-83.8298096928043,43.5914729576763],[-83.8298741020101,43.5938429500539],[-83.8298311625396,43.5954825729097],[-83.829841942323,43.5975959556236],[-83.829841942323,43.5997869395762],[-83.8298096928043,43.6017448938447],[-83.8298204725877,43.6039124377936],[-83.8288548734888,43.6062975508014],[-83.8287368348604,43.6088533747444],[-83.8286617357027,43.6109818340516],[-83.8285544768578,43.6130869326653],[-83.8284257482775,43.6155182488248],[-83.8284149684941,43.6176853615097],[-83.8283721188551,43.6197358599431],[-83.8279429038123,43.6219183627393],[-83.8275352483364,43.624069638826],[-83.8272883912963,43.6259180809171],[-83.8272186820303,43.6283214379823],[-83.8271758332895,43.6307132547411],[-83.8271168130771,43.6330700631256],[-83.8270738736065,43.6354462829786],[-83.8264562072885,43.6376747645251],[-83.8261214051821,43.6388085755986],[-83.8249595241936,43.6387889427757],[-83.82494344435,43.640392234611],[-83.8249084100539,43.6424924687323],[-83.8249555123175,43.6445507380987],[-83.8319330801672,43.6474595036188],[-83.8332492252462,43.6467767745832],[-83.8338376639781,43.6464908828421],[-83.8361966938131,43.6455468258384],[-83.8376557572605,43.6457410548187]]},"properties":{"OBJECTID":42732,"ID":"131204","VOLTAGE":138,"STATUS":"NOT AVAILABLE","OWNER":"CONSUMERS ENERGY CO","SUB_1":"TAP140019","SUB_2":"KARN","VOLT_CLASS":"100-161"}},{"type":"Feature","geometry":{"type":"LineString","coordinates":[[-88.0490357236907,44.8727165746432],[-88.048240411932,44.8721916951546],[-88.0364204396107,44.8720072870005],[-88.0314473661978,44.8719240059308],[-88.026973978865,44.8718704678093],[-88.0210312756126,44.8738394718734],[-88.0139702246286,44.8760523710403],[-88.0058146231834,44.8786816751383],[-88.0042560758098,44.8801688379255],[-88.0033221369348,44.8839224378787],[-88.0016565139726,44.8906265698359],[-87.9989260828699,44.8929584407285],[-87.9964573920949,44.8951118539758],[-87.9931201975268,44.8979553095415],[-87.9914069863125,44.8994841130042],[-87.9881233295387,44.9020122909377],[-87.9817523230335,44.9066046499721],[-87.9772194501609,44.910340403561],[-87.974138048175,44.9128388377067],[-87.9726984736777,44.9140523625529],[-87.968046627929,44.9178357058565],[-87.9623954082233,44.9225113469554],[-87.9564229608534,44.9273297557731],[-87.9465362995675,44.935503203578],[-87.9385651060803,44.9418087759332],[-87.9347936596157,44.9449972539332],[-87.9286189592546,44.9500060187608],[-87.9218018026669,44.9555858549894],[-87.9131286683117,44.9629978757147],[-87.9053121377671,44.9700291826941],[-87.9011361835232,44.9738958076069],[-87.8902382527893,44.9838062630239],[-87.8790547862541,44.9940141497589],[-87.869215715017,45.0028419509417],[-87.861292109782,45.0099327439197],[-87.8529639958696,45.0174280469127],[-87.8429940544686,45.0263153329684],[-87.8325720152396,45.0356904101348],[-87.8268970009586,45.040687277842],[-87.8240059555747,45.0433641717003],[-87.8175814112752,45.0491224670848],[-87.810788050161,45.0552376820562],[-87.8013177948402,45.0589853329084],[-87.7955832941211,45.0612934100348],[-87.7826152317476,45.0665996076673],[-87.7626872462332,45.0746302885747],[-87.7400704692244,45.0837674185977],[-87.7322777341533,45.0868726156087],[-87.7210704730429,45.0866822586395],[-87.6997267067081,45.0863848270231],[-87.6934092379972,45.0862539558349],[-87.6911725452291,45.0861944696969],[-87.6892368536583,45.0863503240081],[-87.6887086128302,45.0863538935489]]},"properties":{"OBJECTID":42744,"ID":"131221","VOLTAGE":138,"STATUS":"IN SERVICE","OWNER":"AMERICAN TRANSMISSION CO","SUB_1":"PIONEER","SUB_2":"WEST MARINETTE SW YD","VOLT_CLASS":"100-161"}},{"type":"Feature","geometry":{"type":"LineString","coordinates":[[-85.940521650123,44.2564748756775],[-85.9403241052022,44.2563018995513],[-85.9366469998086,44.2563029997585],[-85.9298000002889,44.2536319995381],[-85.924850999929,44.2517399996846],[-85.921007999957,44.2491539998459],[-85.9195149999548,44.2407829999672],[-85.9182479999084,44.2335729999969],[-85.9128640002536,44.2257920000685],[-85.9048579997442,44.2141859997115],[-85.9025260002161,44.2107540000492],[-85.8890280000969,44.2061020001348],[-85.8786480002265,44.1956560000403],[-85.8701060001399,44.1871199997338],[-85.8561219997739,44.1731690001505],[-85.8457357709854,44.1626939038283],[-85.8283259994693,44.1455119998542],[-85.8125565669333,44.1297811991371],[-85.7997074783343,44.1169892165206],[-85.7913970001475,44.1091539996946],[-85.7793012198811,44.097382457794],[-85.766337916782,44.084761796564],[-85.7513189997164,44.070380999858],[-85.7388459997943,44.0583459995286],[-85.7230126907534,44.0429974966096],[-85.6983614748662,44.0320519770233],[-85.6820439999384,44.0167219999459],[-85.6818599998153,43.9981629997237],[-85.6817710001269,43.9806019999639],[-85.6818120001348,43.9640349995672],[-85.6817710001269,43.9491989996493],[-85.6818899999526,43.932353000144],[-85.6818539999676,43.9177189997477],[-85.6818575330416,43.9018288346402],[-85.681878000257,43.8949059999195],[-85.6812683028939,43.8947914858138]]},"properties":{"OBJECTID":42756,"ID":"131243","VOLTAGE":138,"STATUS":"IN SERVICE","OWNER":"NOT AVAILABLE","SUB_1":"TIPPY DAM","SUB_2":"CHASE","VOLT_CLASS":"100-161"}},{"type":"Feature","geometry":{"type":"LineString","coordinates":[[-87.8262908752971,42.1879043661062],[-87.8261760661122,42.1877009220835]]},"properties":{"OBJECTID":42763,"ID":"131267","VOLTAGE":138,"STATUS":"IN SERVICE","OWNER":"COMMONWEALTH EDISON CO","SUB_1":"TAP137896","SUB_2":"TAP137897","VOLT_CLASS":"100-161"}},{"type":"Feature","geometry":{"type":"LineString","coordinates":[[-89.0273093290042,41.8251155789802],[-89.0280039998067,41.8249799998913],[-89.0281529997696,41.8236069996837],[-89.029203000081,41.8153660000353],[-89.0303200003396,41.8063680000835],[-89.0309659995216,41.8011499998898],[-89.0320309999017,41.7925539998428],[-89.0326600002636,41.7878470001351],[-89.0336119997674,41.7798219995217],[-89.0335759997824,41.7777699995681],[-89.0332729998337,41.7757279995956],[-89.0323480000941,41.7699960000316],[-89.0318919999845,41.7670229998408],[-89.0315279999364,41.7653809996772],[-89.0309239996888,41.7636640001487],[-89.030228000278,41.7618189999878],[-89.0271200000749,41.7534850000812],[-89.0254100003377,41.7488589996523],[-89.0233399998521,41.7432949998104],[-89.022872000047,41.7416779999514],[-89.0226829999011,41.7402830000578],[-89.0226259999997,41.7389410001311],[-89.0227220002592,41.7375559996724],[-89.0230150001621,41.7362459996858],[-89.0236930000295,41.7337720001075],[-89.0242289996067,41.7319309996199],[-89.0255490002549,41.7272589998874],[-89.0271140002271,41.7215750000469],[-89.0277799995007,41.7192959995304],[-89.0282840001891,41.7179729997502],[-89.0289599995084,41.7167449999786],[-89.0297310001606,41.7155069995601],[-89.0315160002408,41.7130089998658],[-89.0338710002335,41.7095539996731],[-89.0362129998074,41.7061840000557],[-89.0371700002324,41.7047870000198],[-89.0381329996068,41.7034660000104]]},"properties":{"OBJECTID":42774,"ID":"162257","VOLTAGE":138,"STATUS":"IN SERVICE","OWNER":"NOT AVAILABLE","SUB_1":"UNKNOWN122199","SUB_2":"TAP160097","VOLT_CLASS":"100-161"}},{"type":"Feature","geometry":{"type":"LineString","coordinates":[[-89.0381329996068,41.7034660000104],[-89.038998098785,41.7037527601518]]},"properties":{"OBJECTID":42775,"ID":"162781","VOLTAGE":138,"STATUS":"IN SERVICE","OWNER":"NOT AVAILABLE","SUB_1":"UNKNOWN157348","SUB_2":"TAP160097","VOLT_CLASS":"100-161"}},{"type":"Feature","geometry":{"type":"LineString","coordinates":[[-89.0381329996068,41.7034660000104],[-89.0389579997873,41.7022769995336],[-89.0404740002541,41.7001889998674],[-89.0422950003194,41.6974269998698],[-89.0440789996764,41.6948889999153],[-89.0466780000665,41.6911739998042],[-89.0488120001262,41.688089999683],[-89.0505949996583,41.6855519996101],[-89.0514139999911,41.684304999775],[-89.0521759995241,41.6831329996979],[-89.0527680000761,41.6818159996512],[-89.0534689995098,41.6799709995043],[-89.0541759996895,41.6781359998923],[-89.0556610001941,41.6744309995577],[-89.057020000302,41.6708649999863],[-89.0581269996165,41.6679859996038],[-89.0584931996387,41.6671068170666],[-89.0592724728763,41.6670651771431]]},"properties":{"OBJECTID":42776,"ID":"162258","VOLTAGE":138,"STATUS":"IN SERVICE","OWNER":"NOT AVAILABLE","SUB_1":"TAP160097","SUB_2":"SHADY OAKS WIND FARM","VOLT_CLASS":"100-161"}},{"type":"Feature","geometry":{"type":"LineString","coordinates":[[-88.7437829997416,41.9001179998685],[-88.7437819999167,41.9013809996583],[-88.7437579996272,41.9025149996317],[-88.7473226036078,41.9029349085346],[-88.7508668113399,41.9032846901065],[-88.7498317446218,41.905012178872],[-88.7488859102558,41.9065754848736],[-88.7463517835005,41.9065897605821],[-88.7437049999238,41.9065540001035],[-88.743710582055,41.9076819340759],[-88.7437284279864,41.9102874439948],[-88.7437462739178,41.912996459645],[-88.7437610000003,41.9155809995374],[-88.7420389996692,41.9183419999436],[-88.7409309996315,41.9201969999618],[-88.7403780003358,41.9211219999664],[-88.7392689995748,41.9229779999521],[-88.7376359998306,41.9257109996525],[-88.7359439996367,41.9285419995198],[-88.7347590499117,41.9303677151414],[-88.7333810001299,41.9321169996868],[-88.732643999813,41.9329689996508],[-88.7302389995916,41.9355110001591],[-88.7293309995704,41.9362439996151],[-88.7289055763165,41.9362426036475],[-88.7282602436843,41.9362133591552]]},"properties":{"OBJECTID":42835,"ID":"162801","VOLTAGE":138,"STATUS":"IN SERVICE","OWNER":"COMMONWEALTH EDISON CO","SUB_1":"UNKNOWN122202","SUB_2":"TAP160099","VOLT_CLASS":"100-161"}},{"type":"Feature","geometry":{"type":"LineString","coordinates":[[-88.754680193857,41.8278503045762],[-88.7550693359532,41.8281829521106],[-88.7550693359532,41.8298902151233],[-88.7550769994809,41.8345559999083],[-88.7470679994967,41.8346330001046],[-88.7442339998283,41.8346369999037],[-88.7442099995388,41.8381819999485],[-88.7441939996453,41.8454860000151],[-88.744171999904,41.8515560000947],[-88.7441509999876,41.8544199997323],[-88.7441040001319,41.8604760000937],[-88.7440520002534,41.8682779997578],[-88.7440320001619,41.8716840001207],[-88.7440380000097,41.8737189995846],[-88.7440010001998,41.8780159997423],[-88.7439999994766,41.8805499995899],[-88.7439329995294,41.8886529999309],[-88.7438980002676,41.8926770001591],[-88.7438199995515,41.8942989998686],[-88.7437860001146,41.8971550001164],[-88.7437829997416,41.9001179998685]]},"properties":{"OBJECTID":42843,"ID":"162799","VOLTAGE":138,"STATUS":"IN SERVICE","OWNER":"COMMONWEALTH EDISON CO","SUB_1":"UNKNOWN123300","SUB_2":"TAP160099","VOLT_CLASS":"100-161"}},{"type":"Feature","geometry":{"type":"LineString","coordinates":[[-88.7437829997416,41.9001179998685],[-88.7561194710119,41.9001580779192],[-88.7561004348127,41.9007767380556]]},"properties":{"OBJECTID":42844,"ID":"162800","VOLTAGE":138,"STATUS":"IN SERVICE","OWNER":"COMMONWEALTH EDISON CO","SUB_1":"TAP160099","SUB_2":"UNKNOWN160100","VOLT_CLASS":"100-161"}},{"type":"Feature","geometry":{"type":"LineString","coordinates":[[-88.7561004348127,41.9007767380556],[-88.756062364211,41.9002056666018],[-88.7424328112083,41.9001866315342],[-88.7419249998664,41.8994119999634],[-88.7401879994667,41.8992400000144],[-88.7367079997179,41.8991390000345],[-88.7360540001399,41.9001079999092],[-88.7346259995367,41.9003459999869],[-88.7329610000054,41.9002389995195],[-88.7307480003029,41.9000730000392],[-88.7263639998326,41.9000839995992],[-88.7245339995465,41.9001060000509]]},"properties":{"OBJECTID":42849,"ID":"162802","VOLTAGE":138,"STATUS":"NOT AVAILABLE","OWNER":"COMMONWEALTH EDISON CO","SUB_1":"UNKNOWN160100","SUB_2":"RISER167141","VOLT_CLASS":"100-161"}},{"type":"Feature","geometry":{"type":"LineString","coordinates":[[-87.3973283148352,46.5791357106041],[-87.3975149694798,46.5793801669515],[-87.4034500649002,46.5800598898189],[-87.4117324797175,46.5781387338553],[-87.4206502055616,46.5780866125529],[-87.4244622594703,46.5785207471226],[-87.4299035060632,46.5785325888815],[-87.4416279551305,46.5841515420125],[-87.4460608347321,46.5862361940591],[-87.4614299734859,46.5862242706367],[-87.4691278814972,46.5862242706367],[-87.4788950138498,46.5861707359011],[-87.4845353855001,46.5862125608246],[-87.4999308871126,46.5808801408695],[-87.5107690358626,46.5771623336338],[-87.5214052127941,46.5735277130643],[-87.5378664505068,46.5678847779693],[-87.5540659955024,46.5623167790222],[-87.5711982091553,46.5563966467768],[-87.5867218994604,46.5510380705444],[-87.5927611356734,46.5489428266975],[-87.6023870357953,46.5489238397671],[-87.6195572688459,46.5489048040236],[-87.6308550325263,46.5488762256838],[-87.6499482837157,46.5464002926345],[-87.6622167965365,46.5447156339078],[-87.6809093892278,46.5422886417006],[-87.6945407128099,46.5405014678113],[-87.6957733918226,46.5408618405646],[-87.6993849974555,46.5404921486628],[-87.7011332869833,46.5399497086869],[-87.7023769290357,46.5394953019605],[-87.7124138407395,46.5381530869689],[-87.722466858338,46.5368206158548],[-87.7305312502392,46.5358186858303],[-87.7300910496988,46.5171042248415],[-87.7298292599638,46.504653354779],[-87.729757924747,46.5018518798562],[-87.7300548799322,46.5015578585456],[-87.7303549136439,46.5009331010337]]},"properties":{"OBJECTID":42878,"ID":"131425","VOLTAGE":138,"STATUS":"IN SERVICE","OWNER":"AMERICAN TRANSMISSION CO","SUB_1":"NORTH LAKE","SUB_2":"PRESQUE ISLE STATION","VOLT_CLASS":"100-161"}},{"type":"Feature","geometry":{"type":"LineString","coordinates":[[-87.9621142391326,42.1810509327358],[-87.9617001005153,42.1806766135734],[-87.9609862614613,42.1812405468233]]},"properties":{"OBJECTID":42884,"ID":"131421","VOLTAGE":138,"STATUS":"IN SERVICE","OWNER":"COMMONWEALTH EDISON CO","SUB_1":"UNKNOWN122317","SUB_2":"TAP137893","VOLT_CLASS":"100-161"}},{"type":"Feature","geometry":{"type":"LineString","coordinates":[[-89.2866668709248,42.0740496806996],[-89.287269450936,42.0751999245729],[-89.2892551301591,42.0755014537795],[-89.2916893858143,42.0752333340199],[-89.3061565980565,42.086964452719],[-89.3458151355556,42.0867598341596],[-89.346717480682,42.1612016256051],[-89.3470410834918,42.1885555146332],[-89.3470982495815,42.2020468287261],[-89.3478788406477,42.2046551470435],[-89.3482400999358,42.2324150031127],[-89.347439285996,42.2346194408477],[-89.3474742053077,42.2348161931218]]},"properties":{"OBJECTID":42898,"ID":"131445","VOLTAGE":345,"STATUS":"IN SERVICE","OWNER":"COMMONWEALTH EDISON CO","SUB_1":"BYRON","SUB_2":"TAP137909","VOLT_CLASS":"345"}},{"type":"Feature","geometry":{"type":"LineString","coordinates":[[-88.5825179995869,44.7717260001399],[-88.5821611429419,44.7715159351505],[-88.5813402291977,44.7716836867043],[-88.5785419824775,44.7706914516677],[-88.5720210696092,44.7681394798262],[-88.5622498139895,44.7643751728554],[-88.5594777414818,44.7632925175571],[-88.5566640284674,44.7613889487469],[-88.5555754257516,44.7610855679839],[-88.5519586449244,44.7610439266998],[-88.5443384205238,44.7609487487873],[-88.5338985362617,44.7608595186741],[-88.5288600268686,44.7608535700801],[-88.5267511086699,44.7615985090389],[-88.5248653858867,44.7627465985365],[-88.5243002638263,44.7646739619825],[-88.5228190497207,44.7663395847753],[-88.5168703969261,44.7706702040154],[-88.5006900615044,44.7705155385749],[-88.498465266024,44.7711223008658],[-88.4819518065489,44.7728236157701],[-88.4752893155987,44.7734660707588],[-88.4699593226588,44.7733470979394],[-88.4678297054793,44.7742037028905],[-88.4453556968204,44.7764166020595],[-88.4390977136493,44.7770114665214],[-88.4323800221231,44.7814773111047],[-88.4313479997954,44.7813680001302]]},"properties":{"OBJECTID":42914,"ID":"131468","VOLTAGE":138,"STATUS":"IN SERVICE","OWNER":"AMERICAN TRANSMISSION CO","SUB_1":"WHITE CLAY","SUB_2":"EAST SHAWANO","VOLT_CLASS":"100-161"}},{"type":"Feature","geometry":{"type":"LineString","coordinates":[[-84.671570993833,43.3970161066952],[-84.6702819751807,43.397039266689],[-84.6664946779428,43.3970510157383],[-84.6632116949055,43.3970158991286],[-84.6601647001916,43.3969924656339],[-84.6572464331596,43.3969807818458],[-84.6543818844833,43.3969612659982],[-84.6527563802817,43.3970151380509]]},"properties":{"OBJECTID":42918,"ID":"131462","VOLTAGE":138,"STATUS":"IN SERVICE","OWNER":"WOLVERINE POWER SUPPLY COOP","SUB_1":"TAP140108","SUB_2":"TAP145655","VOLT_CLASS":"100-161"}},{"type":"Feature","geometry":{"type":"LineString","coordinates":[[-89.9704355250714,43.5630738311354],[-89.9707258192487,43.563002447743],[-89.9717822991083,43.5630072067252],[-89.9725532449632,43.5602327545905],[-89.9724057182374,43.5567539827232],[-89.9724152358878,43.5558402696771],[-89.9730576912161,43.5551502256376],[-89.9738238768983,43.5545268069068],[-89.9759653922637,43.5537653795317],[-89.9770028368224,43.5534750858757],[-89.9800152347197,43.5526184798336],[-89.9810621969289,43.5523472206033],[-89.9821900623108,43.5518760879777],[-89.9829990787675,43.5512003206099],[-89.9835273186973,43.5502532958914],[-89.9843553704548,43.5469220498122]]},"properties":{"OBJECTID":42925,"ID":"131485","VOLTAGE":138,"STATUS":"IN SERVICE","OWNER":"AMERICAN TRANSMISSION CO","SUB_1":"TAP138010","SUB_2":"ZOBEL","VOLT_CLASS":"100-161"}},{"type":"Feature","geometry":{"type":"LineString","coordinates":[[-87.7911078550363,41.8070984891195],[-87.7912564130281,41.8078411456619],[-87.7901910111011,41.8083656337818],[-87.7902296386583,41.8093893548612],[-87.7902776086945,41.8104086397913],[-87.788097577163,41.811478660604],[-87.7864833719711,41.811732879816],[-87.7864476801082,41.8114473436165],[-87.7853081312377,41.8112448818991]]},"properties":{"OBJECTID":42928,"ID":"131489","VOLTAGE":138,"STATUS":"IN SERVICE","OWNER":"COMMONWEALTH EDISON CO","SUB_1":"UNKNOWN124699","SUB_2":"TAP138149","VOLT_CLASS":"100-161"}},{"type":"Feature","geometry":{"type":"LineString","coordinates":[[-86.1761328931596,41.8759981560182],[-86.1762634947272,41.8768192235312],[-86.1786735668367,41.8798135191516],[-86.1801281665554,41.881714081007],[-86.1801424282089,41.8852920795136],[-86.1802279927397,41.8876277577771],[-86.1823528488481,41.8894219245938],[-86.1852477875305,41.8912478887267],[-86.1850124855199,41.8960806036159],[-86.1853690052966,41.8965688975104],[-86.185586482037,41.8982938178323],[-86.1855436997716,41.9000929919438],[-86.185522309088,41.9019080375611],[-86.1840926645679,41.9033250108741],[-86.1832334529481,41.9042192265175],[-86.1823635450882,41.9051054696078],[-86.1814936372283,41.9059943539256],[-86.1797823430188,41.9077561660376],[-86.177233227873,41.910414711112],[-86.1757679328125,41.9119508860645],[-86.1748231557636,41.9128927365997],[-86.174195680741,41.9135480440161],[-86.1713185682271,41.9164902127364],[-86.1708016147305,41.9170287549047],[-86.1699281414573,41.9179148208362],[-86.1676927638228,41.9202572635542],[-86.1669191158355,41.9210239107549],[-86.1603948082338,41.927712893098],[-86.1553322302793,41.9329291928051],[-86.1472035827841,41.9409738368199],[-86.1448505536952,41.9436080157362],[-86.140691158097,41.9478330825383],[-86.1352958288899,41.9533482308388],[-86.1299004987844,41.9586684807663],[-86.1240773451266,41.9647658968464],[-86.1191098385735,41.96992615157],[-86.1189101880016,41.9701170025962],[-86.1179537651933,41.9701226576355],[-86.1159933816303,41.970125484821],[-86.113833349292,41.9701127621512],[-86.1109468475867,41.9701086966936],[-86.1057226465429,41.9700874917917],[-86.1042823075793,41.9701016290616],[-86.0978079121714,41.9701086966936],[-86.0977984053007,41.9707625340831],[-86.097826926811,41.9715754017099],[-86.0977936523146,41.9734166871632],[-86.0941666585409,41.9733884140915],[-86.0923080028955,41.9733530730683],[-86.0913810520151,41.9741906461051],[-86.0902544505628,41.9753003257431],[-86.0880155075149,41.9774701526539],[-86.0880234351473,41.9795325199328],[-86.0880348428531,41.9810831078041],[-86.0880481531907,41.9815509625145],[-86.0880291385511,41.9819467289706],[-86.0884151311539,41.9825431996751],[-86.0888391521377,41.9827848961458],[-86.0898412084641,41.9833545039837],[-86.0906968555688,41.9840710997024],[-86.0907310822795,41.984276043135],[-86.0909934810723,41.9857134465055],[-86.0912653858374,41.9868314060265],[-86.091563912176,41.9881867799517],[-86.091563912176,41.9884849871072],[-86.0916266586003,41.990555437074],[-86.0916741947502,41.990664257719],[-86.0920868071298,41.9917849558554],[-86.0911684127025,41.9936207097354],[-86.0907101659064,41.9945746027784],[-86.0908337597164,41.9960993886942],[-86.0909459449224,41.9966773560931],[-86.0912159488524,41.99688367094],[-86.0911259601188,41.9973106161193]]},"properties":{"OBJECTID":42933,"ID":"131479","VOLTAGE":138,"STATUS":"IN SERVICE","OWNER":"INDIANA MICHIGAN POWER CO","SUB_1":"AEP COLBY","SUB_2":"POKAGON","VOLT_CLASS":"100-161"}},{"type":"Feature","geometry":{"type":"LineString","coordinates":[[-83.3965803656098,41.8828745096025],[-83.3966650219439,41.8831219846299],[-83.3993270346596,41.8826043911073],[-83.4015968761599,41.8821973910492],[-83.4039499052489,41.8817505716996],[-83.4065287294777,41.8812595106369],[-83.4090362517275,41.8807905659373],[-83.412553911548,41.8801490795266],[-83.4133976748398,41.8790519010271],[-83.4140810035135,41.8781493689354],[-83.4159051961913,41.8760743819437],[-83.4176580841951,41.8740789686073],[-83.419511985956,41.8720348217636],[-83.4218543888734,41.8730917100003],[-83.4247273826117,41.8744535930756],[-83.4274876171206,41.875762113995],[-83.4292151178361,41.8763840089912],[-83.431045393905,41.8771052480406],[-83.4330663535627,41.8786666915427],[-83.4350740657648,41.8796403100016],[-83.4393760689143,41.8815116776722],[-83.4437731434654,41.8832856666302],[-83.4458468989088,41.8840952268935],[-83.4655446066901,41.8835422497732],[-83.4721580451343,41.8833476009556],[-83.4787858296735,41.8830952037404],[-83.4821247768548,41.8830004335576],[-83.4852690159948,41.8829111935859],[-83.4885207834743,41.8828601516797],[-83.4915354397363,41.8828128677557],[-83.4944312237334,41.8827674049579],[-83.4975523941369,41.8826659127698],[-83.500717518209,41.8825629169379],[-83.5036674068373,41.8824670089888],[-83.506488383629,41.8823752488612],[-83.5090742758025,41.8822911117196],[-83.511255586535,41.8822201701406],[-83.5140280983189,41.8821971516142],[-83.5170200936795,41.8822460538508],[-83.5198722509948,41.8822770205216],[-83.5223366226699,41.8822412999328],[-83.5251846432433,41.8822797559625],[-83.5275732626855,41.8823119926903],[-83.5303828138052,41.8823499209855],[-83.5324543890375,41.8838306779394],[-83.53428829969,41.8851416378503],[-83.5361656870056,41.886483534157],[-83.5378841641442,41.8877117808904],[-83.5400677224615,41.8892724576454],[-83.5433171462364,41.8890593228938],[-83.546506615551,41.8888501410409],[-83.5498452052027,41.8886312596883],[-83.55296959427,41.8884263356874],[-83.5559766777341,41.8883983499314],[-83.5589349242878,41.8883708650555],[-83.5620436332617,41.8883421088768],[-83.5651811790545,41.8883129507673],[-83.5681775995162,41.8882851976863],[-83.5705880462232,41.888262794588],[-83.5731172645837,41.8882392626325],[-83.5760242263179,41.8881738769477],[-83.5790655239162,41.888105394879],[-83.5822040219233,41.888037515951],[-83.5851734911298,41.8879733157575],[-83.5883106425622,41.8879053631263],[-83.5911354039563,41.8877159779972],[-83.5968971110521,41.8876781030441],[-83.5998124055588,41.8876524937181],[-83.602816833603,41.8876099715409],[-83.6057541197661,41.8875453817014],[-83.6089561717829,41.8874748940238],[-83.6095673019589,41.8874615195398],[-83.6102101175116,41.8874464778397],[-83.6113992120633,41.8874165395493],[-83.6138404188822,41.8873227695524],[-83.6152408250365,41.8881590835217],[-83.6163016680134,41.8901998089958],[-83.6164286179293,41.8924895737706],[-83.6166353948364,41.8947088871014],[-83.6166772707016,41.8969737525653],[-83.6167280901939,41.8994431555602],[-83.6168100902097,41.9016642137036],[-83.6169027846689,41.903662303759],[-83.6169598276894,41.9057983066883],[-83.617056087562,41.9079660775262],[-83.6171345221644,41.9101258146844],[-83.6174268680939,41.9125507896181],[-83.6175908672271,41.9150419979466],[-83.6177513009469,41.9174773969802],[-83.6179874365941,41.9247972967404],[-83.6180522060244,41.9275682175311],[-83.6181058345485,41.9298601750154],[-83.6181617995907,41.9322549646764],[-83.6182194570589,41.9347197211274],[-83.6183346785705,41.9370536810639],[-83.618345672153,41.93938089884],[-83.6186737359964,41.9460278096443],[-83.6188172948637,41.9484954051311],[-83.6187923378684,41.9508526336608],[-83.6205428498283,41.9520166326904],[-83.6223966815206,41.9532659081609],[-83.624111611212,41.9543896401111],[-83.6260582083304,41.9556993957913],[-83.6282866321063,41.9571329636855],[-83.6320265135685,41.9618866398253],[-83.6344471139331,41.9648854901284],[-83.6344930798279,41.9691093075794],[-83.6345479668917,41.9713156186032],[-83.6346107079261,41.9738332650492],[-83.6346039822396,41.9749369797457],[-83.6347537206177,41.9775211649922],[-83.6348464159752,41.9791246319751],[-83.634911127015,41.9811056279041],[-83.635076399061,41.9844004489304],[-83.6351679382867,41.9862270990365],[-83.6352667520697,41.9881970485441],[-83.6353760500903,41.9903744441546],[-83.6339301595382,41.99259481376],[-83.6323767460365,41.9947469018498],[-83.6308728449784,41.9969391707574],[-83.6309006379549,41.9988864385196],[-83.6309555250188,42.0027206951402],[-83.6310530470244,42.0068330589235],[-83.6311457414836,42.0089232215806],[-83.6311125172928,42.0109881955956],[-83.6313596537089,42.0158581487418],[-83.6314981882988,42.0182000495229],[-83.6315485828879,42.0202498280974],[-83.6316055369752,42.0225613419219],[-83.6316665128201,42.0250421786751],[-83.6317260908863,42.0274636459405],[-83.6317854686283,42.0298776550395],[-83.6319265202976,42.032382725989],[-83.6320523491161,42.0348356889984],[-83.6344461275829,42.0364943129317],[-83.6366339744574,42.0380102300908],[-83.6386767443118,42.0394256348485],[-83.6406612503352,42.0407819699724],[-83.6407753354779,42.0428577790245],[-83.6409464663362,42.0501967011288],[-83.6411603776632,42.0572383039423],[-83.6412602029492,42.0594670996559],[-83.64134576748,42.0616852296184],[-83.6413742889903,42.0639085760083],[-83.6417807218591,42.0753046490109],[-83.642016024768,42.0826821580154],[-83.6419252347372,42.0849773225115],[-83.6442281557995,42.0858902685871],[-83.6466084218079,42.0868340095303],[-83.6489619162241,42.0877670025942],[-83.6512093681143,42.0886367671029],[-83.651323455952,42.0908844005597],[-83.6513891227993,42.0931770118823],[-83.6514565871754,42.0955416018135],[-83.6515244090811,42.0979143628093],[-83.6515586618429,42.104865752006],[-83.6517905053396,42.1073258265056],[-83.6526783372843,42.1098493078517],[-83.653411769493,42.1103816949812],[-83.6531963525896,42.1112608789449]]},"properties":{"OBJECTID":42938,"ID":"131497","VOLTAGE":345,"STATUS":"IN SERVICE","OWNER":"CONSUMERS ENERGY CO","SUB_1":"TAP137285","SUB_2":"MILAN","VOLT_CLASS":"345"}},{"type":"Feature","geometry":{"type":"LineString","coordinates":[[-89.609151758739,41.7606090655595],[-89.6070198391775,41.7598940618755],[-89.6060804708849,41.7598889685103],[-89.6048507670924,41.761889161109],[-89.6048541806905,41.763682982051],[-89.6048813996436,41.7651352360442],[-89.6048890209505,41.7657458597004],[-89.6048916395396,41.7659557577484],[-89.6051513424882,41.7670818641566],[-89.6058003761793,41.7684423849861],[-89.60623417263,41.7692041729286],[-89.6062423787401,41.769424660945],[-89.6062512406204,41.7696627816577],[-89.60623417263,41.7707990736548],[-89.6062580678165,41.7721416276277],[-89.6062606729309,41.7732430388893],[-89.6069264125913,41.7734642479584]]},"properties":{"OBJECTID":42962,"ID":"131532","VOLTAGE":345,"STATUS":"IN SERVICE","OWNER":"NOT AVAILABLE","SUB_1":"INVENERGY NELSON EXPANSION LLC","SUB_2":"NELSON","VOLT_CLASS":"345"}},{"type":"Feature","geometry":{"type":"LineString","coordinates":[[-85.1436598457088,42.3360744768075],[-85.1428833904862,42.3365198449618],[-85.1415763740872,42.338534956724],[-85.1402776248837,42.3405752130987],[-85.1388113344899,42.3429248699299],[-85.1387843922179,42.3450159285139],[-85.1387101437647,42.3472658861329],[-85.1387601430951,42.3472667605195]]},"properties":{"OBJECTID":42989,"ID":"131579","VOLTAGE":138,"STATUS":"IN SERVICE","OWNER":"CONSUMERS ENERGY CO","SUB_1":"TAP145700","SUB_2":"VERONA","VOLT_CLASS":"100-161"}},{"type":"Feature","geometry":{"type":"LineString","coordinates":[[-82.8691432961299,43.8295266929185],[-82.8668859996025,43.8294159997813],[-82.8668940125748,43.828234102989],[-82.8722595841898,43.8281885390444],[-82.8724394484693,43.8268619181548],[-82.872407596006,43.8206086397161],[-82.8785425899332,43.8205210539328],[-82.8879096072683,43.8202888067405],[-82.9041424393369,43.8196385091474],[-82.9171348280883,43.8192205189464],[-82.926468374196,43.8189263360657],[-82.931368277134,43.818882437926],[-82.9311152828039,43.8150725706546],[-82.9402149219846,43.8148557496923],[-82.941784908505,43.8149368779303],[-82.9430983406718,43.8149444347168],[-82.9432660372707,43.8155414158909]]},"properties":{"OBJECTID":43502,"ID":"160322","VOLTAGE":120,"STATUS":"IN SERVICE","OWNER":"NOT AVAILABLE","SUB_1":"UNKNOWN128837","SUB_2":"RAPSON","VOLT_CLASS":"100-161"}},{"type":"Feature","geometry":{"type":"LineString","coordinates":[[-82.9133922094594,43.7230932218338],[-82.9134794852808,43.7228815146624],[-82.9135949996433,43.7222859996316],[-82.9134979995589,43.7120639999718],[-82.9128559996765,43.7116459995888],[-82.9092289996145,43.7110469996012],[-82.9086479998315,43.7106220000606],[-82.9084579998607,43.7037580000399],[-82.9082939998291,43.6973339997695],[-82.9081979995697,43.6935009996608],[-82.9081089998812,43.6916909996873],[-82.9044119994991,43.6877529999175],[-82.8975719996521,43.6807899999259],[-82.8913260000069,43.680853999895],[-82.8857389999625,43.6809090000678],[-82.8856350002054,43.678996999852],[-82.8777979997504,43.6791969995774],[-82.8716119994813,43.6793449998806],[-82.8681939996568,43.6772109999812],[-82.8680520002649,43.6669099999427],[-82.8679629996781,43.6638279996474],[-82.8585939997611,43.6590779996639],[-82.8568559995365,43.6581859997112],[-82.8451779996577,43.6585259999008],[-82.8391789998846,43.6587250000648],[-82.8272990003394,43.6590439997192],[-82.8272369995168,43.655125999759],[-82.8272159996004,43.6522499999948],[-82.8268800000398,43.6520149998337],[-82.8178440002087,43.6521139995849],[-82.8129960001311,43.6521249996917],[-82.8127729996501,43.6448779997696],[-82.8009330002878,43.6450520001425],[-82.7998479998163,43.645068999528],[-82.7989370003204,43.644675999885],[-82.7877199996756,43.645021000027],[-82.7868989996931,43.6454729998751],[-82.7836909999308,43.645596999958],[-82.7835820001508,43.6432769995134],[-82.7836723527021,43.6426226916219]]},"properties":{"OBJECTID":43507,"ID":"160328","VOLTAGE":120,"STATUS":"IN SERVICE","OWNER":"NOT AVAILABLE","SUB_1":"MICHIGAN WIND 2","SUB_2":"UNKNOWN159072","VOLT_CLASS":"100-161"}},{"type":"Feature","geometry":{"type":"LineString","coordinates":[[-82.8691432961299,43.8295266929185],[-82.8671240001522,43.8290419998444],[-82.8671400000457,43.8285139995651],[-82.8712765487913,43.8285433501381],[-82.8716199998772,43.8330399997753],[-82.8721410002842,43.8424149998039],[-82.8724819998677,43.8481930000526],[-82.872490314674,43.8495692091555],[-82.8669961052086,43.8496561647333],[-82.862122205803,43.8497451770388],[-82.8595360459316,43.849770831029],[-82.8544420592815,43.8498337350846],[-82.8496006788892,43.8498876336366],[-82.8421229228011,43.8500002905807],[-82.8394474694921,43.8500768641421],[-82.8273911809623,43.850290969779],[-82.8226106165148,43.8503691618729],[-82.8199429785487,43.8504194327921],[-82.8150403339524,43.8505600745332],[-82.8100713029583,43.8506915817109],[-82.8075765017513,43.8507542898024],[-82.802820281648,43.85085405357],[-82.8000548180458,43.850927192614],[-82.7925459802489,43.8512099626902],[-82.7842199612078,43.8513419879792],[-82.7836134726268,43.850746378658]]},"properties":{"OBJECTID":43508,"ID":"160338","VOLTAGE":120,"STATUS":"IN SERVICE","OWNER":"NOT AVAILABLE","SUB_1":"SIGEL WIND PARK","SUB_2":"RAPSON","VOLT_CLASS":"100-161"}},{"type":"Feature","geometry":{"type":"LineString","coordinates":[[-88.754680193857,41.8278503045762],[-88.7549054212616,41.8275662010918],[-88.7548940000811,41.8272940000599],[-88.7487670002616,41.8273659999737],[-88.7441610000333,41.8273729997472],[-88.7441919999955,41.8207499996504],[-88.7442189997597,41.8149539998446],[-88.7441960001934,41.8116449999977],[-88.7441919999955,41.8058089998983],[-88.744280999684,41.8012449998621],[-88.7443269997147,41.7986069995271],[-88.744348999456,41.7960939998607],[-88.7443839996161,41.7935029995116],[-88.7444010002329,41.7866160000372],[-88.7444339998448,41.7831879997751],[-88.7444380000428,41.7771729997888],[-88.7444699998298,41.7711539999824],[-88.7444580001343,41.7660979998742],[-88.7445049999899,41.7616689996531],[-88.7380810000695,41.7616929996498],[-88.7357959994987,41.761686999819],[-88.7346099996432,41.7614669998276],[-88.7346389999555,41.7538240001317],[-88.7346609996968,41.7471069999232],[-88.7335040001536,41.7470889996894],[-88.727630000054,41.7471349999047],[-88.7253060000235,41.7471669997728],[-88.7229650002746,41.7472320001049],[-88.7206270000004,41.7473070000972],[-88.715958000023,41.7474490000569],[-88.714779999665,41.7476279998512],[-88.7103149999021,41.7476239999811],[-88.7091549999858,41.7476279998512],[-88.7079779994528,41.7474389996829],[-88.7045150003207,41.7474669995196],[-88.698719000039,41.7474739999795],[-88.6962960002743,41.7474849996475],[-88.6939539998021,41.7475140001036],[-88.6882189996197,41.7475669997939],[-88.6824009995967,41.7476279998512],[-88.6800630002208,41.7476489998356],[-88.6789889996199,41.7478459997692],[-88.6684309994744,41.747923999603],[-88.6613179998159,41.7479739997389],[-88.6531799999603,41.7480779997358],[-88.6519949999296,41.7480989995729],[-88.6507635507106,41.748140981801],[-88.6503460002918,41.7472639999247],[-88.6503379998959,41.7411499995228],[-88.6503139996065,41.7321119995178],[-88.6503139996065,41.7275060000096],[-88.6502950002382,41.7256970001301],[-88.6503050002839,41.7247739999164],[-88.6503239996522,41.7238989999559],[-88.6503520001396,41.7230559999626],[-88.6504330003305,41.7221379998383],[-88.6509709995575,41.7175879996188],[-88.6516229994856,41.712072999735],[-88.6520179994958,41.7087650000424],[-88.6521129999304,41.7079509995735],[-88.6521749998547,41.707132999819],[-88.6522219997103,41.7063239998472],[-88.6522269997332,41.7055479995215],[-88.6522079994666,41.7045579998442],[-88.6522129994895,41.7030930000576],[-88.6524369997955,41.6996329999435],[-88.6526359999871,41.6971719995203],[-88.6529029999508,41.6964059996893],[-88.6530600003097,41.6944979996348],[-88.6528929999051,41.693683999657],[-88.6534450002741,41.6862409999746],[-88.6535409996353,41.6855419996634],[-88.6536500003135,41.6848089998773],[-88.6538019997512,41.6839860001632],[-88.6537277647727,41.6832144137788],[-88.6530715077284,41.6828599647041]]},"properties":{"OBJECTID":43525,"ID":"162810","VOLTAGE":138,"STATUS":"IN SERVICE","OWNER":"COMMONWEALTH EDISON CO","SUB_1":"UNKNOWN123300","SUB_2":"TAP160102","VOLT_CLASS":"100-161"}},{"type":"Feature","geometry":{"type":"LineString","coordinates":[[-89.0980104995172,46.0401667410309],[-89.0978914287246,46.0403923809085]]},"properties":{"OBJECTID":43542,"ID":"132291","VOLTAGE":138,"STATUS":"IN SERVICE","OWNER":"AMERICAN TRANSMISSION CO","SUB_1":"TWIN LAKE","SUB_2":"TAP138649","VOLT_CLASS":"100-161"}},{"type":"Feature","geometry":{"type":"LineString","coordinates":[[-85.7516332672338,41.8052913209433],[-85.7519056660723,41.8054485086975],[-85.7558674682406,41.8063836367193],[-85.7631700339837,41.8073901487343],[-85.7631486190456,41.810195532711],[-85.7649849560477,41.8115545710755]]},"properties":{"OBJECTID":43561,"ID":"160396","VOLTAGE":138,"STATUS":"IN SERVICE","OWNER":"NOT AVAILABLE","SUB_1":"UNKNOWN128967","SUB_2":"TAP159078","VOLT_CLASS":"100-161"}},{"type":"Feature","geometry":{"type":"LineString","coordinates":[[-85.7649849560477,41.8115545710755],[-85.7665829394622,41.8100208936094],[-85.7680531231545,41.8085723350242],[-85.769572353963,41.8070908657424],[-85.7742949770747,41.8024898900883],[-85.7751978737668,41.8016522908169]]},"properties":{"OBJECTID":43563,"ID":"160397","VOLTAGE":138,"STATUS":"IN SERVICE","OWNER":"NOT AVAILABLE","SUB_1":"TAP141274","SUB_2":"TAP159078","VOLT_CLASS":"100-161"}},{"type":"Feature","geometry":{"type":"LineString","coordinates":[[-84.5499687882935,42.7198078839899],[-84.5498402968685,42.7197008076765],[-84.5497974669923,42.7190726305722],[-84.5549228255071,42.7191011840349],[-84.555957891327,42.7184158986232],[-84.5561452556407,42.7184093977296]]},"properties":{"OBJECTID":43564,"ID":"160416","VOLTAGE":138,"STATUS":"IN SERVICE","OWNER":"NOT AVAILABLE","SUB_1":"ECKERT STATION","SUB_2":"LANSING BWL REO TOWN PLANT","VOLT_CLASS":"100-161"}},{"type":"Feature","geometry":{"type":"LineString","coordinates":[[-84.5321990600464,42.6797202138493],[-84.5319229556573,42.6801755815071],[-84.5311662867271,42.6804539786401],[-84.5311305948643,42.6828596135992],[-84.5382761171294,42.6828810286444],[-84.5382118705186,42.6889914850293],[-84.5382047325053,42.6942524730112],[-84.5381975935937,42.6998561040258],[-84.5382689782178,42.7023473986825],[-84.5384759904834,42.7030041310128],[-84.5384974072181,42.7038321825536],[-84.5382761171294,42.7046816510435],[-84.5382261483417,42.7101996207749],[-84.5382190103284,42.7178448291454],[-84.5382404252665,42.7194081349092],[-84.5425520080502,42.7218780148058],[-84.5509110545512,42.7219422611334],[-84.5509610233388,42.7202790167814],[-84.5497831900675,42.7202576020921],[-84.5498046050056,42.7199792045189],[-84.5499687882935,42.7198078839899]]},"properties":{"OBJECTID":43569,"ID":"160415","VOLTAGE":138,"STATUS":"IN SERVICE","OWNER":"NOT AVAILABLE","SUB_1":"UNKNOWN128598","SUB_2":"LANSING BWL REO TOWN PLANT","VOLT_CLASS":"100-161"}},{"type":"Feature","geometry":{"type":"LineString","coordinates":[[-84.5561452556407,42.7184093977296],[-84.5550727318702,42.7191511525631],[-84.5543803086526,42.7197793308524],[-84.554373169741,42.724255097158],[-84.5537592691607,42.7256185277779],[-84.5612331562048,42.7256613580678],[-84.5713696596325,42.7256827728717],[-84.5776799912285,42.7256970500634],[-84.5819701590742,42.7256613580678],[-84.5818702214988,42.7274959228762],[-84.5818630825873,42.7307296098639],[-84.5818702214988,42.7333850889301],[-84.5820843726761,42.734555783117],[-84.5820558197247,42.7374896587663],[-84.5815632707595,42.73906724175]]},"properties":{"OBJECTID":43575,"ID":"160417","VOLTAGE":138,"STATUS":"IN SERVICE","OWNER":"NOT AVAILABLE","SUB_1":"ECKERT STATION","SUB_2":"UNKNOWN159080","VOLT_CLASS":"100-161"}},{"type":"Feature","geometry":{"type":"LineString","coordinates":[[-84.5815632707595,42.73906724175],[-84.5816560703216,42.7393242227475],[-84.5816417942951,42.7409517746804],[-84.5825840596545,42.7415157067892],[-84.5825412297784,42.7456702457047],[-84.581984435999,42.7470408150387],[-84.5819987129238,42.7484327999395],[-84.5824127392518,42.7492394369587]]},"properties":{"OBJECTID":43577,"ID":"160418","VOLTAGE":138,"STATUS":"IN SERVICE","OWNER":"NOT AVAILABLE","SUB_1":"UNKNOWN159080","SUB_2":"UNKNOWN159081","VOLT_CLASS":"100-161"}},{"type":"Feature","geometry":{"type":"LineString","coordinates":[[-82.4952479611495,42.7720448225538],[-82.4957666735474,42.7714518910691],[-82.4970980783081,42.7718242031609],[-82.4986863931552,42.7722516237538],[-82.501915965959,42.7731652389145],[-82.5048582449585,42.7739840106912],[-82.5076943916005,42.7747628159474],[-82.5104236557917,42.775523794926],[-82.5142510906547,42.7754145986277],[-82.517984943523,42.7752856225992],[-82.5210975592701,42.7751962146848],[-82.5239271625836,42.7751112891463],[-82.5269341211819,42.7750336780678],[-82.5297689616734,42.7749461048653],[-82.5327595987813,42.77484852268],[-82.536144596299,42.7747676868577],[-82.5391719358744,42.7746902065673],[-82.5424701830851,42.7746094298836],[-82.5458050707796,42.7745151348972],[-82.5491985160541,42.7744241070602],[-82.5517247708726,42.7740464727779],[-82.5542166408768,42.7736833997255],[-82.557107624277,42.7735992930678],[-82.5600433303036,42.7735016995286],[-82.5631104715344,42.7734113005922],[-82.5662436110908,42.7733232081222],[-82.5690395482423,42.7732494186963],[-82.5722670019204,42.7731565037554],[-82.5754101567938,42.7730564677318],[-82.5782903065117,42.7729613157871],[-82.5811414451374,42.7728732167423],[-82.5843231682793,42.7727613220771],[-82.5867654018726,42.7727017798871],[-82.5896197663485,42.7726113039506],[-82.5927205881142,42.7725208318385],[-82.5964116874632,42.7724018128804],[-82.5996257975661,42.7723255877948],[-82.6029410732413,42.7722351937359],[-82.6061489957484,42.7724564710788],[-82.6092078401392,42.7726944729481],[-82.6125645973193,42.7728970926423],[-82.6159567777659,42.772827997709],[-82.6191743778236,42.772742337636],[-82.6225833019689,42.772661297944],[-82.6260149993048,42.7725803847531],[-82.6292374826044,42.7724897180688],[-82.6326001902249,42.772415208888],[-82.6356332358991,42.7723522987319],[-82.6385108092487,42.7722825305866],[-82.641461247646,42.7722126317982],[-82.6443894608248,42.7721404269481],[-82.6471400276646,42.77207751981],[-82.6499730948818,42.7720146099704],[-82.6531107808118,42.771937786974],[-82.6560391440093,42.7718678851588],[-82.6588119720001,42.7717886887237],[-82.6616417468918,42.7717212325361],[-82.6643988355006,42.7716513317954],[-82.6671652908428,42.7715791216749],[-82.6699478745376,42.7714999848781],[-82.6730570730934,42.7713951989757],[-82.6760552758126,42.7712974028165],[-82.678825027972,42.7711971646429],[-82.6816012084755,42.7710923709744],[-82.6836284060344,42.7709992635411],[-82.6855567071654,42.7709341309856],[-82.6873368895808,42.7708851260633],[-82.6902686151724,42.7707523666711],[-82.6933331162545,42.7706336107256],[-82.6963755053059,42.7705149139016],[-82.6992626313403,42.770405379713],[-82.7021749470335,42.7702888579348],[-82.7050524350432,42.7701817645871],[-82.708012400074,42.7700629996343],[-82.7109087509081,42.7699536051074],[-82.713897245534,42.7698510659448],[-82.7166514083299,42.7697569008776],[-82.719509728088,42.7696657176721],[-82.7225419518037,42.7692027718866],[-82.7255729915398,42.7687408157782],[-82.7285326493469,42.7686725840502],[-82.7318032032939,42.7685859996087],[-82.7351514821743,42.7685222295894],[-82.7381305921005,42.7684357056079],[-82.7414197860897,42.7683605307735],[-82.7449978522232,42.7682761827795],[-82.7483801224556,42.7681804965826],[-82.7515636296517,42.7681122497291],[-82.7546673116532,42.7680551958322],[-82.7580967236752,42.7679207771021],[-82.761866201931,42.7677843460563],[-82.7652291718596,42.7680917820552],[-82.7687854286946,42.768053036757],[-82.7720225329737,42.768005152618],[-82.7750419251539,42.7679254197171],[-82.7780208742816,42.7678662006312],[-82.7809410996409,42.7677933266341],[-82.7838363060213,42.7677203885832],[-82.7866605185447,42.7676475091389],[-82.7895000527336,42.7675427121026],[-82.7922329137792,42.7674516060926],[-82.7951086797184,42.7674379577544],[-82.7978951656949,42.7674197577672],[-82.8006616183422,42.7674145486315],[-82.8034114629365,42.7674208148939],[-82.8072880715782,42.7673436478924],[-82.8109259529331,42.7672962967155],[-82.8141477921407,42.767225394522],[-82.8171396788051,42.7671482358502],[-82.8204148159568,42.7670710131135],[-82.8235892070493,42.7669923328469],[-82.8268040250246,42.7668961210449],[-82.8299565151905,42.7668347299868],[-82.8332337759595,42.7667717515125],[-82.8367667269027,42.7667102178846],[-82.840387770236,42.7666125376502],[-82.8439354796011,42.7664958755225],[-82.8475260017742,42.7663997935263],[-82.8509535255374,42.766302124673],[-82.8543041804618,42.7662122909549],[-82.857620698507,42.7660657950877],[-82.8605008329535,42.7659349556743],[-82.8634128045919,42.7658105967424],[-82.8663654330819,42.7657207260397],[-82.8696387349754,42.7656434909717],[-82.872796119163,42.7655080230387],[-82.8755579868091,42.7654197940248],[-82.8784507515684,42.7653300480583],[-82.8819056730495,42.7652590961311],[-82.8854632027972,42.7652010009074],[-82.8890320890468,42.7651671017247],[-82.8925798469209,42.7651023396066],[-82.895707888538,42.7650684390509],[-82.8989449559862,42.7649883119497],[-82.9018969107397,42.7649575089747],[-82.9053528545035,42.7648311287061],[-82.9088290822265,42.76472943709],[-82.9120827738973,42.7646183837403],[-82.9154035616351,42.7645413906528],[-82.9189893541783,42.7649386936101],[-82.9230581861211,42.7653794247113],[-82.9269923947389,42.7657435429252],[-82.9306870244669,42.7656016597212],[-82.9343860119225,42.7654383006024],[-82.9380553325157,42.7652872860552],[-82.9414590913481,42.7651600979225],[-82.9442795569985,42.7651149418452],[-82.9468648589788,42.7651149418452],[-82.9498582871523,42.7651070266187],[-82.9530126395258,42.7650913306992],[-82.9557271731429,42.7650755028772],[-82.9586453404619,42.765051959644],[-82.9617024367312,42.765044047707],[-82.9645022285536,42.7650755008988],[-82.9672106841695,42.7651070780591],[-82.969843030023,42.7647284326771],[-82.972514206453,42.7644134946645],[-82.9755396568714,42.7640118026375],[-82.97888677962,42.7636258247454],[-82.9820736132775,42.7632319909768],[-82.9855609846016,42.7627907809577],[-82.9886613868541,42.7623575618584],[-82.9919545226508,42.7619559336655],[-82.9950983216163,42.7615935508365],[-82.9980567792741,42.7612000438089],[-83.0011106487949,42.7611292329088],[-83.0044791801933,42.7611056235414],[-83.0076445575903,42.7610665117887],[-83.00805127792,42.7610888746496],[-83.0091568345402,42.7610700778963],[-83.0107776612141,42.7609871900816],[-83.0127625687844,42.760957311766],[-83.0154546067902,42.7609096918928],[-83.0191555579629,42.7608471017985],[-83.0228189766248,42.7607845116411],[-83.0268202426818,42.7607169076046],[-83.0306338758289,42.7606417840808],[-83.0335878832327,42.7605816999699],[-83.0370944228083,42.7605140976907],[-83.0407475476754,42.7604439237837],[-83.0443225146211,42.7603812659456],[-83.0471299313436,42.7603161670743],[-83.0503053483122,42.7602510720918],[-83.0538417460912,42.7601837979053],[-83.05766524274,42.7601055105546],[-83.061411972958,42.76003441282],[-83.0646815800807,42.7599732068902],[-83.0686219098188,42.7598972276908],[-83.0720016297342,42.7598385265904],[-83.075240693239,42.7597772010888],[-83.0777624322264,42.7597845860593],[-83.0801813464532,42.7597895339956],[-83.0837313716751,42.75978702705],[-83.0871753992867,42.75978702705],[-83.0906027092508,42.7596865519388],[-83.093111702941,42.7596154530639],[-83.0965342868685,42.759515084522],[-83.0997197766464,42.7594807970495],[-83.1021349574749,42.759475917682],[-83.1046440392,42.7594734760194],[-83.1071605985015,42.7594612050476],[-83.1104810394896,42.7593680537493],[-83.1136907442543,42.7592676656795],[-83.1175445626372,42.7591451757362],[-83.1211917271823,42.758993262042],[-83.1241310507246,42.75885614584],[-83.1278437356916,42.7587189838249],[-83.1307661062278,42.7586478897758],[-83.1338356459603,42.7585645871541],[-83.1369718505685,42.7584886715241],[-83.1397083210448,42.7584138025285],[-83.1426843874788,42.7583132816593],[-83.1456646355705,42.758219296923],[-83.1486319461254,42.7581280611179],[-83.15084591511,42.7569618090567],[-83.1534287592998,42.7556230048102],[-83.1562413063009,42.7541705561159],[-83.1588329818282,42.7528251461271],[-83.1617582188885,42.7513394170719],[-83.1651139376161,42.7512618171056],[-83.1690525425888,42.7511581216573],[-83.173216217761,42.751057591657],[-83.1771181184696,42.7509568688779],[-83.1792623278825,42.7503550961211],[-83.1817703675619,42.7496287150201],[-83.1837137397284,42.7490736308872],[-83.1850726383267,42.7474787866908],[-83.1874379446906,42.7447400225953],[-83.1873102904955,42.742646785664],[-83.1871323548989,42.739707478743],[-83.1870761212604,42.7380449785818],[-83.1869357621922,42.7357495081282],[-83.1871677215717,42.7342322110815],[-83.1886937032195,42.7331745546568],[-83.1908605519742,42.7332427865446],[-83.1941017310115,42.7333139268909],[-83.1969277168093,42.733364334636],[-83.2004374355227,42.733030447143],[-83.2032922572411,42.7327416880652],[-83.2064383352325,42.7324260959095],[-83.2088158353281,42.7321929145658],[-83.2121818101213,42.731863354636],[-83.2138638228458,42.7329181426849],[-83.2139560968934,42.7351129958129],[-83.2140344587323,42.7368868005521],[-83.2155293990955,42.7377940141225],[-83.2182433622824,42.7377300778158],[-83.2208544755559,42.7376697966485],[-83.223630011069,42.7371740175353],[-83.2255638296525,42.736083348652],[-83.2281099426285,42.7346258378784],[-83.2310804125583,42.7342102548767],[-83.2341112663432,42.7338820965768],[-83.2364929058756,42.7336266937669],[-83.238522751668,42.733417394855],[-83.2415136223379,42.7330953859628],[-83.2438608501067,42.7328447788981],[-83.2469943130566,42.7325053426591],[-83.2501811781552,42.7321500577731],[-83.2542007940985,42.7317631041336],[-83.2574218598566,42.7315284448734],[-83.2603803076329,42.7313079200772],[-83.2633478490549,42.7310891556482],[-83.2653871415308,42.7310368648076],[-83.2677085885493,42.7309733840929],[-83.2680300919962,42.7309639646537],[-83.2707944228228,42.7308829805119],[-83.2737334400395,42.7307909938009],[-83.277572819801,42.7306672710503],[-83.2802542963139,42.730585135066],[-83.2818311091321,42.7311449166157],[-83.2835238118085,42.7316334559028]]},"properties":{"OBJECTID":43578,"ID":"132307","VOLTAGE":345,"STATUS":"IN SERVICE","OWNER":"NOT AVAILABLE","SUB_1":"UNKNOWN128507","SUB_2":"BELLE RIVER","VOLT_CLASS":"345"}},{"type":"Feature","geometry":{"type":"LineString","coordinates":[[-84.5824127392518,42.7492394369587],[-84.5820558197247,42.7499675515734],[-84.5793503725667,42.7503673016119],[-84.579300403779,42.7561351148798],[-84.5767591399088,42.7561065619754],[-84.5751530024865,42.7571416265308],[-84.5721477435007,42.7582266616326],[-84.5700205059585,42.7590547136353],[-84.5676434235795,42.7599612888751],[-84.5672293981499,42.7607179569312],[-84.5672222601366,42.7639373676747],[-84.5617399820948,42.761446071898],[-84.5549014105691,42.7614103800321],[-84.5535451179835,42.7585693036816],[-84.5532167523061,42.757941125804],[-84.5531881984565,42.757884019008],[-84.5483340979198,42.7578483270689],[-84.5470349130334,42.7581267235167],[-84.5429160655905,42.7581338626656],[-84.5428803737276,42.7554498309891],[-84.54014637272,42.7553784469246],[-84.5389042937362,42.7553427548615],[-84.5340002253102,42.7584836430173],[-84.5339431176109,42.7585336121373],[-84.5338931497215,42.7564063737413],[-84.5339502565225,42.7561708071461],[-84.5338217659958,42.7559209641482]]},"properties":{"OBJECTID":43584,"ID":"160419","VOLTAGE":138,"STATUS":"IN SERVICE","OWNER":"NOT AVAILABLE","SUB_1":"UNKNOWN159081","SUB_2":"UNKNOWN159082","VOLT_CLASS":"100-161"}},{"type":"Feature","geometry":{"type":"LineString","coordinates":[[-84.5338217659958,42.7559209641482],[-84.5335933369955,42.7555783206469],[-84.5329223287159,42.7555925975522],[-84.5332364174685,42.757262980028],[-84.5330579590524,42.7581267235167],[-84.5330508201409,42.7591403748294],[-84.5310377962005,42.7603895920113],[-84.529874239854,42.7608107559854],[-84.5240850110729,42.760817894825],[-84.5231927127045,42.7608535870322],[-84.5232212665542,42.7573986091174],[-84.5232069896293,42.7431361196963],[-84.5134488206667,42.7431789497647],[-84.5103864539816,42.7423723130496],[-84.5107933422963,42.7416085055696],[-84.5109146948097,42.7404092577179],[-84.510943247761,42.7389316121309],[-84.5109718016107,42.7359120758941],[-84.5129419947766,42.7359406295242],[-84.5128920268873,42.7355551570484]]},"properties":{"OBJECTID":43585,"ID":"160420","VOLTAGE":138,"STATUS":"IN SERVICE","OWNER":"NOT AVAILABLE","SUB_1":"UNKNOWN159082","SUB_2":"UNKNOWN159083","VOLT_CLASS":"100-161"}},{"type":"Feature","geometry":{"type":"LineString","coordinates":[[-84.5128920268873,42.7355551570484],[-84.5127563965507,42.7358192765057],[-84.5109718016107,42.7357835850561],[-84.5109932165487,42.7301228481601],[-84.5113929659518,42.7298301737471],[-84.5124208928601,42.7298301737471],[-84.5124066168336,42.7287165861086],[-84.5211654127376,42.7287094475307],[-84.5212011046005,42.7246833995604],[-84.5221433708582,42.7238410707374],[-84.5221219559202,42.717659230945],[-84.5230285312133,42.7141685619175],[-84.5230570841646,42.7123696888039],[-84.5234211417049,42.7116558507252],[-84.5234211417049,42.7064519698682],[-84.5234140027933,42.7010553516688],[-84.523463971581,42.6969008129476],[-84.523513941267,42.6903120856553],[-84.5235210792802,42.6846727627275],[-84.5232284045674,42.6838161567531],[-84.5232712362401,42.682831059974],[-84.5310806269749,42.6828667515082],[-84.5311072027343,42.6804280615192],[-84.5318872098955,42.6801417798014],[-84.5321990600464,42.6797202138493]]},"properties":{"OBJECTID":43586,"ID":"160414","VOLTAGE":138,"STATUS":"IN SERVICE","OWNER":"NOT AVAILABLE","SUB_1":"UNKNOWN128598","SUB_2":"UNKNOWN159083","VOLT_CLASS":"100-161"}},{"type":"Feature","geometry":{"type":"LineString","coordinates":[[-88.0468168319383,41.8954228607863],[-88.0465162484577,41.8955534387135],[-88.045155197496,41.8954915730581],[-88.0430517536307,41.8951394131075],[-88.0433629084855,41.8944908255701]]},"properties":{"OBJECTID":43595,"ID":"162824","VOLTAGE":138,"STATUS":"IN SERVICE","OWNER":"NOT AVAILABLE","SUB_1":"UNKNOWN122249","SUB_2":"LOMBARD","VOLT_CLASS":"100-161"}},{"type":"Feature","geometry":{"type":"LineString","coordinates":[[-87.7825757229431,41.8111268767461],[-87.7853081312377,41.8112448818991]]},"properties":{"OBJECTID":43596,"ID":"162825","VOLTAGE":345,"STATUS":"IN SERVICE","OWNER":"COMMONWEALTH EDISON CO","SUB_1":"UNKNOWN124699","SUB_2":"TAP160103","VOLT_CLASS":"345"}},{"type":"Feature","geometry":{"type":"LineString","coordinates":[[-84.6087144432852,45.5550510715705],[-84.6081671671562,45.5550891437185],[-84.6080434350056,45.5550939028925],[-84.6081379997573,45.5564450000984],[-84.6122340003476,45.556508000045],[-84.612287000051,45.5624769997519],[-84.6123170001882,45.568212000032],[-84.6123499998002,45.573773999877],[-84.6123940001811,45.5789929999733],[-84.6124479997095,45.5864259995661],[-84.6124810002198,45.590340999802],[-84.6124929999153,45.5929219996191],[-84.6141640001928,45.6010029998097],[-84.6156239996847,45.6079929999772],[-84.6168049995174,45.6137479995649],[-84.6175460000323,45.6172909998994],[-84.6181079995488,45.620076999661],[-84.6231020001145,45.6246079996045],[-84.6275979998396,45.6286989997863],[-84.6309510002651,45.651289999553],[-84.632006999526,45.6584589999067],[-84.6327520002389,45.6635809995644],[-84.6398950000347,45.6689819996933],[-84.6527560002943,45.6787099996674],[-84.6520809999016,45.7071479995468],[-84.6609589995489,45.7160299996444],[-84.6771930003256,45.717587999945],[-84.6899049997241,45.7184209996633],[-84.6983999999551,45.722020000127],[-84.7127929996767,45.7360049999201],[-84.7177119998994,45.7435689999736],[-84.7309239997883,45.7535239995744],[-84.7338449994954,45.7535239995744],[-84.7424350001609,45.7599039995459],[-84.7440110000038,45.7636309999791],[-84.7471610000398,45.7657660001424],[-84.7494719996515,45.7673689996458],[-84.752024000186,45.7710249995733],[-84.7627880001958,45.7761759999833],[-84.7628919999529,45.7776009997188],[-84.7629899998622,45.7813869997198],[-84.7629730001438,45.7823040001399],[-84.7677729996424,45.7844559996644],[-84.7704578286681,45.7844330171339],[-84.771212531186,45.7843220158953]]},"properties":{"OBJECTID":43601,"ID":"132333","VOLTAGE":138,"STATUS":"IN SERVICE","OWNER":"NOT AVAILABLE","SUB_1":"MCGULPIN","SUB_2":"RIGGSVILLE","VOLT_CLASS":"100-161"}},{"type":"Feature","geometry":{"type":"LineString","coordinates":[[-87.7866342287517,41.810523394872],[-87.7853081312377,41.8112448818991]]},"properties":{"OBJECTID":43609,"ID":"162826","VOLTAGE":138,"STATUS":"IN SERVICE","OWNER":"COMMONWEALTH EDISON CO","SUB_1":"UNKNOWN124699","SUB_2":"TAP160104","VOLT_CLASS":"100-161"}},{"type":"Feature","geometry":{"type":"LineString","coordinates":[[-86.5094154830782,41.7235249827797],[-86.5076844151526,41.7216009447071],[-86.5031944431231,41.718142437512],[-86.4855744631356,41.7153774650194],[-86.4848427790485,41.7131288741175],[-86.4844263730834,41.7108148475501],[-86.48434309207,41.7082212361623],[-86.4837720222641,41.7064782808042]]},"properties":{"OBJECTID":43612,"ID":"132347","VOLTAGE":138,"STATUS":"IN SERVICE","OWNER":"INDIANA MICHIGAN POWER CO","SUB_1":"TAP139933","SUB_2":"OLIVE","VOLT_CLASS":"100-161"}},{"type":"Feature","geometry":{"type":"LineString","coordinates":[[-88.4228318110019,42.1172177440278],[-88.4399158947185,42.1253979995441],[-88.4423239096859,42.1262641238642],[-88.4523377589414,42.1287678551003],[-88.4544169590738,42.1290946946246],[-88.4566545510555,42.1278376205508],[-88.4565282281636,42.126710559833]]},"properties":{"OBJECTID":43622,"ID":"162837","VOLTAGE":138,"STATUS":"IN SERVICE","OWNER":"COMMONWEALTH EDISON CO","SUB_1":"UNKNOWN121890","SUB_2":"TAP160106","VOLT_CLASS":"100-161"}},{"type":"Feature","geometry":{"type":"LineString","coordinates":[[-88.4230364463253,42.1172602909504],[-88.4399352031072,42.1253518089704],[-88.442338472275,42.1262162256502],[-88.4523477248512,42.1287188075404],[-88.4544075896454,42.1290426080091],[-88.4560487937032,42.1281205828152],[-88.4557142592948,42.1266056890738],[-88.455779627003,42.1263567881369],[-88.4564458760082,42.1263165618801],[-88.4565282281636,42.126710559833]]},"properties":{"OBJECTID":43643,"ID":"162817","VOLTAGE":138,"STATUS":"IN SERVICE","OWNER":"COMMONWEALTH EDISON CO","SUB_1":"UNKNOWN121890","SUB_2":"TAP160105","VOLT_CLASS":"100-161"}},{"type":"Feature","geometry":{"type":"LineString","coordinates":[[-88.4228318110019,42.1172177440278],[-88.4227449448122,42.1183164751119],[-88.4228669998082,42.1216059996608],[-88.4228619997853,42.1251400000269],[-88.425072000013,42.125121999572],[-88.4261790002258,42.1252999997738],[-88.4271190000341,42.125760999596],[-88.4277249999315,42.1264749996309],[-88.4277219995584,42.1282089998108],[-88.4277219995584,42.1321020001282],[-88.425288999748,42.1321109996977],[-88.4252800615109,42.1363769807736],[-88.4252779998773,42.1392939997321],[-88.4226750001876,42.1393120001565],[-88.4226579995708,42.1412270001319],[-88.422868999458,42.1421979995852],[-88.4228290001734,42.1437969998311],[-88.4227749997467,42.1496249996052],[-88.4227399995866,42.1521180001456],[-88.4222490002152,42.1529709997342],[-88.4222248337374,42.1549938841028],[-88.4221058608612,42.1555364005053],[-88.4209113719262,42.1555364005053],[-88.4146295950782,42.1555697130214],[-88.4141890001774,42.1554559996833],[-88.4124999994583,42.1538420001037],[-88.4084139998121,42.1538470001462],[-88.4081140002364,42.1536649998117],[-88.4075469997988,42.1537649995333],[-88.4023029998861,42.1537439997247],[-88.3948770002331,42.1537840001152],[-88.3881310000974,42.153772000134],[-88.3864830002845,42.152802999629],[-88.3850580000543,42.1540889995975],[-88.383829852144,42.1540896888654],[-88.3833269995024,42.1542829999313]]},"properties":{"OBJECTID":43644,"ID":"162839","VOLTAGE":138,"STATUS":"IN SERVICE","OWNER":"COMMONWEALTH EDISON CO","SUB_1":"TAP160106","SUB_2":"TAP160107","VOLT_CLASS":"100-161"}},{"type":"Feature","geometry":{"type":"LineString","coordinates":[[-88.3567248682953,42.1551029925699],[-88.3568868587955,42.1552848529162],[-88.3574489670081,42.1553180949744],[-88.3574217687163,42.1540246405829],[-88.3835077037067,42.154073279624],[-88.3833269995024,42.1542829999313]]},"properties":{"OBJECTID":43649,"ID":"162842","VOLTAGE":138,"STATUS":"IN SERVICE","OWNER":"COMMONWEALTH EDISON CO","SUB_1":"UNKNOWN121951","SUB_2":"TAP160107","VOLT_CLASS":"100-161"}},{"type":"Feature","geometry":{"type":"LineString","coordinates":[[-87.9758275627305,45.4964639120861],[-87.9762606836481,45.4967509710452],[-87.9764466250304,45.4996060595946],[-87.976428779099,45.504055556854],[-87.9769087408705,45.511018587889],[-87.9743391603059,45.5130457025502],[-87.9746931971392,45.5175632200423],[-87.977235639599,45.522448138532],[-87.9771354460038,45.5277727436748],[-87.9768643407393,45.5326526237994],[-87.9775496016891,45.5400762777967],[-87.9772067848138,45.5477039487559],[-87.976735697499,45.5551699678481],[-87.9766215117449,45.5624492660744],[-87.9767357199569,45.5727563879907],[-87.9768642194667,45.5830792897192],[-87.9767071732938,45.5905889898792],[-87.9768071620731,45.603759054888],[-87.9745371139602,45.6112544980191],[-87.9745513675288,45.6190803636449],[-87.9765787456492,45.6298311728344],[-87.9763502537668,45.6456113645397],[-87.976507300838,45.6582893416239],[-87.9764359638247,45.6614139206555],[-87.9771353382059,45.6688643965495],[-87.9772925110413,45.6716077926628],[-87.9773210702808,45.6805322897153],[-87.977278241303,45.6928385978523],[-87.9774638332407,45.7063153976381],[-87.9775352295429,45.7110133600899],[-87.9773496259271,45.7192656011009],[-87.9774067336263,45.7322433836676],[-87.9771355205639,45.7411077730315],[-87.9774923430729,45.7467027507814],[-87.9777208098025,45.7543135698612],[-87.9777779237899,45.7592395221151],[-87.9778066519127,45.7617820190171],[-87.9745331658646,45.7666709601028],[-87.9696814692196,45.7738615948977],[-87.9700731984639,45.7866900177705],[-87.975034479692,45.7900702100864],[-87.9751390220315,45.7953586417526],[-87.9748586066274,45.801526785137],[-87.9734110380223,45.8021845789626]]},"properties":{"OBJECTID":43650,"ID":"132401","VOLTAGE":138,"STATUS":"IN SERVICE","OWNER":"AMERICAN TRANSMISSION CO","SUB_1":"AMBERG","SUB_2":"PLAINS","VOLT_CLASS":"100-161"}},{"type":"Feature","geometry":{"type":"LineString","coordinates":[[-88.3567248682953,42.1551029925699],[-88.356842255645,42.1548980025653],[-88.3573371501114,42.1549040687115],[-88.3573710776831,42.1539745457145],[-88.3835570391821,42.1540233719289],[-88.3835620167471,42.1543944691069]]},"properties":{"OBJECTID":43656,"ID":"162843","VOLTAGE":138,"STATUS":"IN SERVICE","OWNER":"COMMONWEALTH EDISON CO","SUB_1":"UNKNOWN121951","SUB_2":"TAP160108","VOLT_CLASS":"100-161"}},{"type":"Feature","geometry":{"type":"LineString","coordinates":[[-88.3835620167471,42.1543944691069],[-88.3842343599232,42.1541467955231],[-88.3850814478799,42.1541372776394],[-88.38648057124,42.1528618869256],[-88.3881223987285,42.1538184297065],[-88.3937188912705,42.1538136707401],[-88.4050165723059,42.153789876569],[-88.4081098715794,42.1537232516433],[-88.4083906481063,42.1539088499993],[-88.412473802788,42.1538898141589],[-88.414153702675,42.1554840526107],[-88.4146010412286,42.1556173026803],[-88.4221582092861,42.1555887490225],[-88.4222866998127,42.1550129196111],[-88.4223057360119,42.1529808601024],[-88.4228149406408,42.1521147355109],[-88.4228577705169,42.1462469851387],[-88.4229339135171,42.142173347793],[-88.4227102437911,42.1412215641327],[-88.4227340392647,42.1393655837455],[-88.4253371692101,42.1393370300836],[-88.4253371692101,42.1321748527026],[-88.4277689778545,42.1321558169886],[-88.427778495505,42.1264260748845],[-88.427169354199,42.1257265127717],[-88.4262032924677,42.1252696568517],[-88.4250611519576,42.1250840591509],[-88.4229243958666,42.1250697817672],[-88.4228850002498,42.1207080000047],[-88.4228244582913,42.1183406657576],[-88.4230364463253,42.1172602909504]]},"properties":{"OBJECTID":43657,"ID":"162815","VOLTAGE":138,"STATUS":"IN SERVICE","OWNER":"COMMONWEALTH EDISON CO","SUB_1":"TAP160105","SUB_2":"TAP160108","VOLT_CLASS":"100-161"}},{"type":"Feature","geometry":{"type":"LineString","coordinates":[[-88.2110009651009,42.1929900495585],[-88.2099444843431,42.1931613705259],[-88.202396833936,42.1892971260096],[-88.1889766737344,42.1823586176656],[-88.1748521930277,42.17507746672],[-88.1608799983211,42.1679295657813],[-88.1506673518932,42.162647162543],[-88.1422059881798,42.158354614789],[-88.1420251492282,42.1568127248993],[-88.1422961431017,42.1565614101325]]},"properties":{"OBJECTID":43658,"ID":"162861","VOLTAGE":138,"STATUS":"IN SERVICE","OWNER":"COMMONWEALTH EDISON CO","SUB_1":"UNKNOWN144429","SUB_2":"RISER160112","VOLT_CLASS":"100-161"}},{"type":"Feature","geometry":{"type":"LineString","coordinates":[[-89.3585717390028,42.3400163125884],[-89.3585812566532,42.340144803666]]},"properties":{"OBJECTID":43669,"ID":"132418","VOLTAGE":138,"STATUS":"IN SERVICE","OWNER":"COMMONWEALTH EDISON CO","SUB_1":"UNKNOWN124270","SUB_2":"TAP137881","VOLT_CLASS":"100-161"}},{"type":"Feature","geometry":{"type":"LineString","coordinates":[[-87.95866064087,43.3722839926793],[-87.9580101977222,43.3719016570403],[-87.9571345559159,43.3718968980072],[-87.9571393151902,43.3726535658777],[-87.9575152700181,43.3737338407378],[-87.9568632979377,43.3751044108083],[-87.9555545936042,43.3773696576109],[-87.9555831474539,43.3820096066069],[-87.9554213438032,43.3846174961458],[-87.9554261030776,43.3870112340794],[-87.9554546569272,43.3895858105827],[-87.9556164596796,43.3943256968023],[-87.9556878443036,43.3988799846587],[-87.9556973619541,43.4032962646518],[-87.955754468755,43.4077268209625],[-87.9546694350458,43.4100777287179],[-87.952389910605,43.4116719678982],[-87.9478974888697,43.4147557485946],[-87.9454847146279,43.4164023361112],[-87.9438761984667,43.4185724049822],[-87.9403498375643,43.4186580648586],[-87.9372612975652,43.418724690138],[-87.9307320573143,43.4189198056274],[-87.9307130211151,43.4236121029067],[-87.9306892265398,43.428266329124],[-87.9306606726902,43.4328824825364],[-87.930670191239,43.4354094708965],[-87.9305369405396,43.4398638218912],[-87.9306511550398,43.4418435326215],[-87.9306559143141,43.4439517357321],[-87.9305702527653,43.4477255607412],[-87.9305083875883,43.45043338751],[-87.930541699814,43.4551923101144],[-87.9305559767388,43.4575241809479],[-87.9305654952876,43.4643389580203],[-87.9305607360132,43.4687647546315],[-87.9305726333008,43.4754831626887],[-87.930620221553,43.4846857287611],[-87.9306380674844,43.4956074546921],[-87.9306975548208,43.5019368210701],[-87.9309176546418,43.5043162820185],[-87.9309414492171,43.5138460231323],[-87.9309830897238,43.5229891018344],[-87.9310128329428,43.5297646170691],[-87.9310425770602,43.53397031455],[-87.9310366275181,43.5406565996866],[-87.9310604220933,43.5454750087871],[-87.9252307430733,43.5505908498802],[-87.9207157161322,43.5545169607871],[-87.9170097047494,43.5583597900418],[-87.9134107698536,43.5617029327429],[-87.9070278660608,43.567609944893],[-87.9057191626257,43.5697871521546],[-87.9056656248314,43.5763663606607],[-87.9054871646187,43.5874487006885],[-87.905415780893,43.5918982930605],[-87.905350345811,43.5940041161215],[-87.9009364458148,43.5976803827225],[-87.8966177241194,43.6011900878406],[-87.8962786505239,43.601023526061],[-87.896064500245,43.601023526061]]},"properties":{"OBJECTID":43785,"ID":"132550","VOLTAGE":138,"STATUS":"IN SERVICE","OWNER":"NOT AVAILABLE","SUB_1":"CEDARSAUK","SUB_2":"HOLLAND","VOLT_CLASS":"100-161"}},{"type":"Feature","geometry":{"type":"LineString","coordinates":[[-87.7985950200787,42.1449979251187],[-87.7990233233314,42.1448444485328],[-87.8000862387216,42.1451835730371],[-87.8021554873173,42.1453023908027],[-87.8110472877824,42.1454504479596],[-87.8188702340948,42.1447041688521],[-87.821006879693,42.1452085879881],[-87.8264833177871,42.1446618947943],[-87.8275869169783,42.1446618947943],[-87.8297768227914,42.1448196838753],[-87.8351530376459,42.1471598629174],[-87.8389603816876,42.1488796168782],[-87.8405881721016,42.1515735896802],[-87.840678815707,42.1520453936178],[-87.8404427725863,42.1522376546852]]},"properties":{"OBJECTID":43799,"ID":"132570","VOLTAGE":138,"STATUS":"IN SERVICE","OWNER":"COMMONWEALTH EDISON CO","SUB_1":"UNKNOWN124456","SUB_2":"TAP137901","VOLT_CLASS":"100-161"}},{"type":"Feature","geometry":{"type":"LineString","coordinates":[[-87.8228540126482,42.3793126387605],[-87.822710570562,42.3806579886007],[-87.822577514797,42.3818913828891],[-87.8223572272281,42.3829554428088],[-87.8222939651708,42.3837333586166],[-87.822794580109,42.3839481878576],[-87.8288757532726,42.3839716670531],[-87.8445767198109,42.3839557806926],[-87.845872336589,42.3840807017078],[-87.8503124107977,42.3853334891628],[-87.8748556590692,42.3854215290157],[-87.8750995534655,42.3714897836338],[-87.8752244758839,42.3701394396199],[-87.8756051890878,42.3674030597762],[-87.875849083484,42.3622098860365],[-87.8758728789576,42.3592474578037],[-87.8757539060814,42.3567668687738],[-87.875815208913,42.3488760539353],[-87.8758366238511,42.3420945900629],[-87.8758865926387,42.3380899567636],[-87.8759984275017,42.3297713620981],[-87.8760817085151,42.3256667910032],[-87.8760946891709,42.3216546390153],[-87.8760823966246,42.3096150276444],[-87.8759925965372,42.3084368589132],[-87.870677350341,42.290993489015],[-87.8669665859721,42.2791960437461],[-87.8632873569613,42.2673348080459],[-87.8613445318687,42.2610904395916],[-87.8614812617432,42.2598625800488],[-87.8616685595816,42.2458947668922],[-87.8616001663475,42.2444262587622],[-87.8614507989736,42.2431954745351],[-87.8611759755821,42.241988646753],[-87.860769553493,42.2408171929733],[-87.8602136679104,42.2396874877536],[-87.8546738446898,42.2309939948819],[-87.8463638722546,42.218222689948],[-87.8416698991122,42.210768284065],[-87.8358934093401,42.2020053888623],[-87.8328537709301,42.1976392558311],[-87.8305219339971,42.1940344265112],[-87.8297191716114,42.1928748820311],[-87.8265787080905,42.1877835216883],[-87.8228588806187,42.182021547572],[-87.8209632853506,42.1796163335798],[-87.8190945191667,42.1772720529258],[-87.8154963137029,42.1716822397093],[-87.8150403737805,42.1704569029716],[-87.8137766822292,42.16795336196],[-87.8078272829347,42.1589677739114],[-87.806764899347,42.1572759426247],[-87.8061153069038,42.1560338648343],[-87.8034151005172,42.1523038989031],[-87.8029804605484,42.1511158286368],[-87.7874253328016,42.1273198861234],[-87.7870281256308,42.1266504896062],[-87.7864641938381,42.1269288867319],[-87.7856900760319,42.1267358026096]]},"properties":{"OBJECTID":43849,"ID":"132631","VOLTAGE":345,"STATUS":"IN SERVICE","OWNER":"COMMONWEALTH EDISON CO","SUB_1":"UNKNOWN133790","SUB_2":"NORTHBROOK","VOLT_CLASS":"345"}},{"type":"Feature","geometry":{"type":"LineString","coordinates":[[-89.6764260082584,45.0254426739268],[-89.6763070344839,45.0256687231041],[-89.6719645191116,45.028179054876],[-89.6651830552851,45.0403262028342],[-89.658568152587,45.0522235075951],[-89.6531786741073,45.0621815521387],[-89.652096019137,45.0641802999941],[-89.6520603272741,45.0831327070259],[-89.651810484234,45.0897476077831],[-89.6518580724862,45.0973380887081],[-89.6517628950836,45.1096280046024],[-89.6516796131719,45.1212754656322],[-89.6513464891184,45.1303412125387],[-89.6506326509628,45.1448797197088],[-89.6502400395729,45.15392167106],[-89.6515249493311,45.1586092100264],[-89.6516796131719,45.1645697588351],[-89.651780741015,45.1733916105781],[-89.6518937652474,45.1745040085825],[-89.652643295266,45.1748728260412]]},"properties":{"OBJECTID":43871,"ID":"132664","VOLTAGE":115,"STATUS":"IN SERVICE","OWNER":"NORTHERN STATES POWER CO - WISCONSIN","SUB_1":"MAINE","SUB_2":"PINE (WPS)","VOLT_CLASS":"100-161"}},{"type":"Feature","geometry":{"type":"LineString","coordinates":[[-85.7916317829319,42.8472583756301],[-85.7915184730352,42.846868585042],[-85.7915344531658,42.8466269436753],[-85.788309772587,42.8466913735181],[-85.7858206316645,42.8467574327257],[-85.7830633427315,42.8467731738],[-85.7804132228118,42.8468171697522],[-85.7774777081264,42.8468810566928],[-85.7748422307458,42.8469549545973],[-85.7721546510788,42.84702773276],[-85.768826033625,42.8470808168151],[-85.7653123632227,42.8471437148969],[-85.7635849029313,42.8472066115975],[-85.761857622303,42.8472223525573],[-85.7597306812048,42.8478339430427],[-85.758392281263,42.8481663431015],[-85.7583940689104,42.8484321815109],[-85.7584136611668,42.8485653439698],[-85.758939355271,42.8490510618941],[-85.7597950005792,42.8497432438403],[-85.7606425610497,42.8504314678473],[-85.7615606536431,42.851117835563],[-85.7614678549793,42.8523599137767],[-85.7613901659786,42.8565428076523],[-85.7613901659786,42.8618602407532],[-85.7613841212151,42.8626157929214],[-85.7610277766099,42.8633166025555],[-85.7610804906491,42.8646402890716],[-85.7613010782553,42.8652543565786],[-85.7612236165283,42.8700271265669],[-85.7613652080851,42.8743456750844],[-85.7622637488464,42.8746491550884],[-85.7623360183109,42.8776061516798],[-85.7622233776592,42.8820227666732],[-85.7626990670431,42.8827065695624],[-85.7626824257525,42.8840268486289],[-85.7650891507392,42.8841207871288],[-85.7652552977443,42.8834271290781]]},"properties":{"OBJECTID":43909,"ID":"132717","VOLTAGE":138,"STATUS":"IN SERVICE","OWNER":"CONSUMERS ENERGY CO","SUB_1":"UNKNOWN128705","SUB_2":"UNKNOWN128766","VOLT_CLASS":"100-161"}},{"type":"Feature","geometry":{"type":"LineString","coordinates":[[-89.2866668709248,42.0740496806996],[-89.2872837377422,42.0747993659056],[-89.2884881988752,42.0744339615868],[-89.2885358985184,42.0721151336583],[-89.2884991583216,42.0713093417254],[-89.2885337425618,42.0698678395267],[-89.2871346165067,42.0686510360209],[-89.2870740709549,42.0660792467036],[-89.2870265500764,42.0633372918254],[-89.2869551340113,42.0607299400589],[-89.2868837179462,42.0582075856494],[-89.2868275732409,42.0554668916206],[-89.2867951440592,42.0537824365667],[-89.2868794060328,42.0515938597854],[-89.2869832512797,42.0488544806368],[-89.2870913186083,42.0461100475208],[-89.2872038775135,42.0433542875058],[-89.2872946064588,42.0406176886583],[-89.287398452604,42.0378616897533],[-89.2875325710759,42.0351119778701],[-89.2876103651795,42.0323846316222],[-89.2877401717381,42.0297503868261],[-89.2878352125968,42.0269714287945],[-89.2879563054971,42.024182673743],[-89.2880773992957,42.0214002696966],[-89.2881726207159,42.0186563860227],[-89.2882548165644,42.016265643151],[-89.2883672856379,42.0138588587577],[-89.2884624172265,42.011413470936],[-89.2885532369017,42.0089839419704],[-89.288648367592,42.0065608618059],[-89.2887435000789,42.0040058510607],[-89.2888473453258,42.0012675581201],[-89.2889511007411,41.9985130576543],[-89.2890592579013,41.995768053059],[-89.2891587005049,41.9930229287274],[-89.2892482625387,41.9908165698545],[-89.2893491442435,41.9880615509317],[-89.2894531691534,41.9857588666978],[-89.2900923195797,41.9830558467678],[-89.2901565500208,41.9803960526129],[-89.2878476102461,41.9791229765056],[-89.2854927665603,41.9778179535881],[-89.2831685545274,41.9765470297601],[-89.2807219039179,41.9752079610899],[-89.2808534172754,41.9725818328487],[-89.280939026722,41.9699670840943],[-89.2810277802721,41.9673271809733],[-89.2811561495262,41.9645847718368],[-89.2812815543399,41.9618400396553],[-89.281401478532,41.9591035406641],[-89.2844773109631,41.9562743336426],[-89.2870878151788,41.9536137537365],[-89.2899006199964,41.9506639797508],[-89.292405930594,41.9481234277792],[-89.2952308635662,41.9452095468002],[-89.2980072866149,41.9423437747944],[-89.3007998793386,41.9394536846697],[-89.3028275565979,41.937367354702],[-89.3056808745366,41.9344288577539],[-89.308493770084,41.9315113429172],[-89.3113429566707,41.9285726416601],[-89.3141638463259,41.9256578665729],[-89.3168027373045,41.9229356550247],[-89.319401023534,41.9202314406997],[-89.3217605384592,41.9177499695717],[-89.3237746529544,41.9156560097623],[-89.324043248326,41.9153767616223],[-89.326665879798,41.9126481605211],[-89.3294746421969,41.9097085917424],[-89.3322834045957,41.9067627355443],[-89.3348776493047,41.9040729465691],[-89.3376743742788,41.9011329815751],[-89.3404750518401,41.8981807800697],[-89.3433121111704,41.895234459501],[-89.3456312019079,41.8928092581292],[-89.3484440067255,41.8898596797933],[-89.3510501091963,41.8871691787952],[-89.3537222378404,41.8843249428127],[-89.3564090988552,41.8815359585085],[-89.3592297190158,41.8785891376965],[-89.3615339875511,41.8761541407817],[-89.3640348065723,41.873507342731],[-89.3664439085012,41.8709739539776],[-89.3692014678272,41.8681041786866],[-89.3716690500811,41.8655469598827],[-89.3744934431659,41.862599334938],[-89.3765560648898,41.8604211755775],[-89.3791537231969,41.8577224767567],[-89.3815061405331,41.8552368367123],[-89.3843120292214,41.852316438963],[-89.3871215102725,41.8493516759733],[-89.3895111187597,41.8468740760633],[-89.3920672731041,41.84420614875],[-89.3923466509541,41.8439145477195],[-89.3950596529436,41.8410656436551],[-89.3976089818884,41.8383633828013],[-89.3997400552369,41.8363457660236],[-89.4024756049402,41.8337378808223],[-89.4054897222129,41.830902646965],[-89.4077654243222,41.8287781635049],[-89.4079283787148,41.8283003635612],[-89.4076686757661,41.8278202848232],[-89.4072596117318,41.8276981406241]]},"properties":{"OBJECTID":43933,"ID":"132753","VOLTAGE":345,"STATUS":"IN SERVICE","OWNER":"NOT AVAILABLE","SUB_1":"BYRON","SUB_2":"EASY ROAD","VOLT_CLASS":"345"}},{"type":"Feature","geometry":{"type":"LineString","coordinates":[[-82.8202242329794,42.7259243100457],[-82.8204242518605,42.7265625545433],[-82.8216122450777,42.7265765530538],[-82.8245367149767,42.7265233477428],[-82.8277502276999,42.7264662641333],[-82.8310002596343,42.7263913188432],[-82.8340745954722,42.7261351698473],[-82.8373182960805,42.7260089961489],[-82.8404725235881,42.7259263128704],[-82.8413149151526,42.7258967416685],[-82.8437282876723,42.7258160571092],[-82.8458449080263,42.7257882201003],[-82.8473249848648,42.7245578927319],[-82.8484303025331,42.7248744765276]]},"properties":{"OBJECTID":44524,"ID":"133522","VOLTAGE":120,"STATUS":"IN SERVICE","OWNER":"NOT AVAILABLE","SUB_1":"UNKNOWN128514","SUB_2":"UNKNOWN128515","VOLT_CLASS":"100-161"}},{"type":"Feature","geometry":{"type":"LineString","coordinates":[[-88.2445823323293,42.0007240877486],[-88.2415284187911,42.0007223220239],[-88.2413817535496,42.0031010899201],[-88.2397448560153,42.003065134557],[-88.2396795736469,42.0038188071067],[-88.239814963235,42.0040725839649],[-88.2400043676228,42.0040145250272],[-88.2405423551717,42.0044721041189]]},"properties":{"OBJECTID":44619,"ID":"133578","VOLTAGE":138,"STATUS":"IN SERVICE","OWNER":"COMMONWEALTH EDISON CO","SUB_1":"UNKNOWN121893","SUB_2":"ELGIN ENERGY CENTER LLC","VOLT_CLASS":"100-161"}},{"type":"Feature","geometry":{"type":"LineString","coordinates":[[-87.9036807136678,42.5382308695259],[-87.9082387582329,42.5382381147092]]},"properties":{"OBJECTID":44642,"ID":"133528","VOLTAGE":345,"STATUS":"NOT AVAILABLE","OWNER":"NOT AVAILABLE","SUB_1":"PLEASANT PRAIRIE","SUB_2":"NOT AVAILABLE","VOLT_CLASS":"345"}},{"type":"Feature","geometry":{"type":"LineString","coordinates":[[-87.8832104978614,42.9689674597791],[-87.8839123569827,42.9690411871437],[-87.8839182346596,42.9700579819771],[-87.8869770125751,42.9701914767941],[-87.8894216123308,42.9702925918886],[-87.8941863071405,42.9704650957637],[-87.8990153590538,42.9706435095971],[-87.9014704789798,42.9706553988388],[-87.9038910946158,42.9706435036814],[-87.9063410420424,42.9706256645562],[-87.9087302741355,42.970560286813],[-87.9127576596078,42.9703163836514],[-87.9150270016448,42.9702627778968],[-87.9218801411495,42.9703460615555],[-87.9240655796407,42.970310332515],[-87.9263876366153,42.970471266514],[-87.9264045752483,42.9688960388573],[-87.9264402635179,42.9671056449402],[-87.9264521617038,42.9654041596213],[-87.9264831472929,42.9639194788276],[-87.9264714790757,42.9626535608335],[-87.9262517942763,42.9597656305266],[-87.9269016355529,42.9589299797538],[-87.926854597968,42.9573024719284],[-87.9266310360398,42.9544817905863],[-87.9265117083291,42.9530546256278],[-87.9263942751653,42.9516588996137],[-87.9262900535243,42.9505029941048],[-87.9261520372624,42.9493607848833],[-87.9260329997074,42.9479989996201],[-87.9257841987131,42.9452698190581],[-87.9258079995765,42.9440559998403],[-87.9256986898778,42.9423954428127],[-87.9255702298939,42.940877713941],[-87.925431000008,42.9393989999376],[-87.9259517488866,42.9379792560324],[-87.925835000239,42.9366809998243],[-87.9249737602233,42.9351608479434],[-87.9249017117443,42.9338255475974],[-87.9248109998669,42.9324410000445],[-87.925022102162,42.9308223781088],[-87.9251500186652,42.9297516628391],[-87.9250279996019,42.9279729996054],[-87.9233955586097,42.9264150871335],[-87.9230750001904,42.9226879999326],[-87.9220691035662,42.9206838027429]]},"properties":{"OBJECTID":44652,"ID":"133545","VOLTAGE":138,"STATUS":"IN SERVICE","OWNER":"NOT AVAILABLE","SUB_1":"BRANCH","SUB_2":"KANSAS","VOLT_CLASS":"100-161"}},{"type":"Feature","geometry":{"type":"LineString","coordinates":[[-85.4965779997539,42.2450300000217],[-85.4964848669168,42.2424346327399],[-85.4990705776306,42.2424187385447],[-85.5016561086814,42.2424028436805],[-85.5016195472493,42.2406904370637],[-85.501583614638,42.2390084426328],[-85.5013460102453,42.2278777301037],[-85.5012699229407,42.2205329566459],[-85.5011197246252,42.218475075628],[-85.5047155010445,42.2161870646258],[-85.5048166459556,42.2161208919667]]},"properties":{"OBJECTID":44705,"ID":"133610","VOLTAGE":138,"STATUS":"IN SERVICE","OWNER":"INDIANA MICHIGAN POWER CO","SUB_1":"TAP141282","SUB_2":"TAP145692","VOLT_CLASS":"100-161"}},{"type":"Feature","geometry":{"type":"LineString","coordinates":[[-87.5210202739151,41.706768651011],[-87.52211787775,41.7068456437957],[-87.5235577891156,41.7051228931001],[-87.5235203787756,41.704978752693],[-87.5242588181936,41.7051146835131],[-87.5243472151125,41.7034177706984],[-87.5243846910296,41.6935656124983],[-87.5244525057487,41.6935798901255],[-87.5243382921468,41.6928589126075],[-87.5244286941055,41.680714883686],[-87.5247643064922,41.68071498902],[-87.5326144762493,41.6807707979339],[-87.537367440858,41.6738248117786]]},"properties":{"OBJECTID":44746,"ID":"133660","VOLTAGE":138,"STATUS":"IN SERVICE","OWNER":"NOT AVAILABLE","SUB_1":"STATE LINE ENERGY","SUB_2":"TAP138176","VOLT_CLASS":"100-161"}},{"type":"Feature","geometry":{"type":"LineString","coordinates":[[-89.3649116458329,43.2207389079371],[-89.36385873498,43.220637780687],[-89.3621336255797,43.2165034681506],[-89.3597958049685,43.2110009639713],[-89.3593258621074,43.2098052845451],[-89.3586298689849,43.2088178085891],[-89.3578505957472,43.2076994621423],[-89.3549952431245,43.2046180599779],[-89.3540613042494,43.2036424810057],[-89.3516104585076,43.2006027186741],[-89.3498556067866,43.198752689124],[-89.3490584867192,43.1978782365273],[-89.3463934906984,43.1950764211326],[-89.3445851011831,43.1935297717617],[-89.3418546691821,43.1941424831138],[-89.3410991896214,43.1956593888757],[-89.3410040122187,43.1961471786501],[-89.3408017583291,43.1963315867864]]},"properties":{"OBJECTID":44748,"ID":"133664","VOLTAGE":138,"STATUS":"IN SERVICE","OWNER":"AMERICAN TRANSMISSION CO","SUB_1":"VIENNA","SUB_2":"YAHARA RIVER","VOLT_CLASS":"100-161"}},{"type":"Feature","geometry":{"type":"LineString","coordinates":[[-85.158411131295,42.3686780036582],[-85.1588868988324,42.3675288699064],[-85.1586126782105,42.3667821936198],[-85.1609139823053,42.3667702467164],[-85.1633282046314,42.3667724369822],[-85.1666270878493,42.3667702467164],[-85.1692344479614,42.3667843838851],[-85.171524881543,42.3667663307865],[-85.1731826325684,42.3667962637504],[-85.1750655023022,42.3681358287634],[-85.1772218183102,42.3697031426343]]},"properties":{"OBJECTID":44818,"ID":"133739","VOLTAGE":138,"STATUS":"IN SERVICE","OWNER":"CONSUMERS ENERGY CO","SUB_1":"TAP138472","SUB_2":"BATTLE CREEK","VOLT_CLASS":"100-161"}},{"type":"Feature","geometry":{"type":"LineString","coordinates":[[-88.4945246290621,43.7350425888073],[-88.4951598233079,43.7353766026514],[-88.4970455451928,43.7332648320405],[-88.5057008345149,43.7333600096232],[-88.5190615082783,43.7334373429206],[-88.5233088462479,43.733455189002],[-88.5233326408231,43.7350791705353],[-88.5231601301525,43.736560384617],[-88.523368332686,43.7384401590524],[-88.5234040245488,43.7410813608518],[-88.5234337677679,43.7463221241576],[-88.5234694596308,43.7521577518887],[-88.5235111001374,43.7583443508567],[-88.5235586901862,43.7627939429544],[-88.5237906872949,43.7630259400781],[-88.5238561214785,43.7676896838939],[-88.5238442250892,43.770485549725],[-88.5238680196644,43.7756489808909],[-88.5238620710206,43.7799914965119],[-88.5238918142397,43.7837569936789],[-88.5238025836842,43.7852322598235],[-88.5238183410326,43.7872491947647],[-88.5244429495311,43.7872432460134],[-88.5250518006812,43.7873440309973]]},"properties":{"OBJECTID":44860,"ID":"133797","VOLTAGE":138,"STATUS":"IN SERVICE","OWNER":"AMERICAN TRANSMISSION CO","SUB_1":"SOUTH FOND DE LAC","SUB_2":"FOREST","VOLT_CLASS":"100-161"}},{"type":"Feature","geometry":{"type":"LineString","coordinates":[[-87.9361721127411,43.0986097620639],[-87.9369335409456,43.0984372507017],[-87.936951386877,43.099656724972],[-87.936761030275,43.1085499599723],[-87.9367253375139,43.1099240985169],[-87.9367550807329,43.1113696215772],[-87.9369156950141,43.1129222200391],[-87.9378972221413,43.1143796399444],[-87.9390988499879,43.115783522126],[-87.9415675407629,43.1184782609177],[-87.9423765581179,43.1197810156609],[-87.9432034196077,43.1215537145542],[-87.9438399262921,43.1230944158688],[-87.9448155047755,43.1249622930778],[-87.9451367315413,43.1261996118071],[-87.9455947789114,43.1276332377386],[-87.9463145657109,43.1295011140371],[-87.9471354794552,43.1312916587456],[-87.9487297186916,43.1326122598469],[-87.9516743018699,43.1326836437815],[-87.9534113076595,43.1331952280651],[-87.9553327232038,43.1332963546996],[-87.9598893906516,43.131880575122],[-87.967408487209,43.1317675507299],[-87.9727325306068,43.1316961670372],[-87.9787109266205,43.1315236558294],[-87.9835828739868,43.1314641699522],[-87.9854150589757,43.131404682706],[-87.990334593696,43.1311667370761],[-87.9951827455888,43.1308871497454],[-87.9976038481117,43.1305004877967],[-88.0000130515502,43.1301019276631],[-88.0025947665577,43.1303160801398],[-88.0043317741438,43.1300186469253]]},"properties":{"OBJECTID":44906,"ID":"133842","VOLTAGE":138,"STATUS":"IN SERVICE","OWNER":"AMERICAN TRANSMISSION CO","SUB_1":"CORNELL-MILWAUKEE","SUB_2":"TAP138065","VOLT_CLASS":"100-161"}},{"type":"Feature","geometry":{"type":"LineString","coordinates":[[-84.0290601101565,41.8937933889062],[-84.0272477671556,41.8937861750628],[-84.0257762252106,41.893585610095],[-84.0229339556517,41.8930903870713],[-84.018364478228,41.8923096778102],[-84.0173480039413,41.8921356847045],[-84.0150306613253,41.8917491230525],[-84.013069427956,41.8914969476055],[-84.0115559122293,41.8912647317265],[-84.0118012942357,41.8902043730714],[-84.0111200209074,41.8902092501117],[-84.0104584772776,41.8900568345665],[-84.0103673899045,41.8904996851191]]},"properties":{"OBJECTID":44952,"ID":"133886","VOLTAGE":138,"STATUS":"IN SERVICE","OWNER":"CONSUMERS ENERGY CO","SUB_1":"TAP137291","SUB_2":"BEECHER","VOLT_CLASS":"100-161"}},{"type":"Feature","geometry":{"type":"LineString","coordinates":[[-89.6021953471126,42.3089057380028],[-89.6050005162503,42.3088245570766],[-89.6074398015728,42.3087794491353],[-89.6099522097594,42.308767490543],[-89.6125866989932,42.3087283615294],[-89.6148023038099,42.3087133476739],[-89.61662372788,42.308716337823],[-89.616603336123,42.3104090935075],[-89.6190629224727,42.3103699655144],[-89.6190913999655,42.3123962859311],[-89.6191605702424,42.3144284517851],[-89.6191601372544,42.3160790339348]]},"properties":{"OBJECTID":44980,"ID":"133932","VOLTAGE":138,"STATUS":"IN SERVICE","OWNER":"COMMONWEALTH EDISON CO","SUB_1":"TAP137876","SUB_2":"TAP137882","VOLT_CLASS":"100-161"}},{"type":"Feature","geometry":{"type":"LineString","coordinates":[[-87.8957779682121,42.4680213105659],[-87.8963992170114,42.4680386407476],[-87.8986890388403,42.4680081371596],[-87.8986997458602,42.4677904157366],[-87.8991894857935,42.406892630599],[-87.9074821962023,42.4069749849845],[-87.9220473212172,42.3821825145879],[-87.9220284745625,42.3782814467032],[-87.9205265210519,42.3721684000996],[-87.9395508202551,42.3435653017515],[-87.9395603414988,42.3380325236685],[-87.9442458084937,42.3317373278698],[-87.9724270755624,42.3144650590106],[-87.9734414352149,42.3145609980186],[-87.9753578471432,42.3137882805759]]},"properties":{"OBJECTID":44984,"ID":"133937","VOLTAGE":345,"STATUS":"IN SERVICE","OWNER":"COMMONWEALTH EDISON CO","SUB_1":"TAP136951","SUB_2":"LIBERTYVILLE","VOLT_CLASS":"345"}},{"type":"Feature","geometry":{"type":"LineString","coordinates":[[-89.6560992947254,44.8472637327723],[-89.6540961540497,44.8468836377964],[-89.6538962797973,44.8472833867386],[-89.6565660350925,44.8482684839245],[-89.6579366037046,44.8488966615903],[-89.6579232394681,44.8520132458402],[-89.6540961540497,44.8579195777847],[-89.6533606224782,44.8591516288574],[-89.6541258622345,44.8605258716797]]},"properties":{"OBJECTID":44053,"ID":"132879","VOLTAGE":115,"STATUS":"IN SERVICE","OWNER":"AMERICAN TRANSMISSION CO","SUB_1":"MORRISON AVE","SUB_2":"GARDNER PARK","VOLT_CLASS":"100-161"}},{"type":"Feature","geometry":{"type":"LineString","coordinates":[[-83.2752940454534,42.6185825718744],[-83.2765763105714,42.6189757327784],[-83.2782786189331,42.6191980421005],[-83.2806818818127,42.6191408618125],[-83.2822375842218,42.6191171296639],[-83.2837457657523,42.6189678656712],[-83.2858566270069,42.6189204686599],[-83.2878065999942,42.6188790878003],[-83.2888974242437,42.6188013486393],[-83.290665847712,42.6187586449432],[-83.2926775349592,42.6187230805424],[-83.2944799147453,42.618728963874],[-83.296475522149,42.6172091948987],[-83.2988028764888,42.6171670850693],[-83.3010621403266,42.6171065308202],[-83.303309814999,42.6170413497088],[-83.3048029048328,42.6170209895219],[-83.3055628795631,42.6170117345888],[-83.3079492541154,42.6176190536035],[-83.3102183086915,42.6181815465699],[-83.3124829615228,42.6181289927324],[-83.3167825679672,42.6180184649265],[-83.3185519795823,42.6179743718139],[-83.3211108306692,42.617846060619],[-83.3237608607573,42.6178085786281],[-83.3253039867524,42.6169959350927],[-83.326719372314,42.6155445458736],[-83.3280263312209,42.6141398617548],[-83.3295149285799,42.6128468751188],[-83.3308426385698,42.6114591878581],[-83.3323259376653,42.6101464429518],[-83.3332808468123,42.6092778317215],[-83.3342517459714,42.6084230926952],[-83.3353058291257,42.6074774307583],[-83.3364592659506,42.6064588939357],[-83.337636777625,42.6054144866212],[-83.3389180447147,42.6042430456386],[-83.3400238708295,42.603187559573],[-83.3411906027205,42.6021470660843],[-83.3428375739624,42.6007295830467],[-83.3451782242667,42.5992757648747],[-83.3475198627178,42.5977988337798],[-83.3495449348628,42.5965134426853],[-83.3509029180778,42.5951932407971],[-83.3518524373331,42.5937399547673],[-83.3525953440731,42.5923755835503],[-83.3531023532194,42.5913585847904],[-83.3535314775323,42.5904403756722],[-83.3544729128484,42.5885249481206],[-83.355177550459,42.5869049697709],[-83.3573581218779,42.582643248154],[-83.3583648638169,42.5809178797315],[-83.3594028671277,42.5794090291458],[-83.3605830737479,42.5779632467131],[-83.3620582871075,42.5765412446246],[-83.3633456627412,42.5752534305969],[-83.3646331282064,42.5741828339087],[-83.366001082721,42.5732663557321],[-83.3673958070312,42.5724605397357],[-83.3691607270699,42.5718797715499],[-83.3708129085404,42.5712397890448],[-83.3724705697342,42.5707262899608],[-83.3742756435678,42.5702757667809],[-83.3767701761786,42.5699182579772],[-83.3795910658338,42.5695896570741],[-83.384773806034,42.5689483940749],[-83.3876894679517,42.5686086735143],[-83.3906291148874,42.5682491697416],[-83.3929630278271,42.5679865857916],[-83.3933327734997,42.5679449726232],[-83.396728406172,42.5675301559802],[-83.3997620168865,42.5672139798238],[-83.402708940176,42.5662591591365],[-83.4056808366305,42.5653188787088],[-83.4084014742999,42.564505681512],[-83.411056085796,42.5637048475639],[-83.4138355631166,42.5628522616803],[-83.4163085352623,42.5621014927198],[-83.4183685518719,42.56150488068],[-83.4212599592769,42.56061977765],[-83.4225903642126,42.5602444807791],[-83.4253369631938,42.5594818357583],[-83.4272251320895,42.5584979809908],[-83.4302936872685,42.5569410769835],[-83.4330563660933,42.5555857600564],[-83.435899444136,42.554135454968],[-83.4386031036467,42.5527682318152],[-83.4411136244728,42.5515155297429],[-83.4424138406252,42.5508418250391],[-83.4419754699531,42.5501466490217],[-83.4422480592345,42.5498015556664]]},"properties":{"OBJECTID":44066,"ID":"132887","VOLTAGE":120,"STATUS":"IN SERVICE","OWNER":"NOT AVAILABLE","SUB_1":"HANCOCK","SUB_2":"PONTIAC","VOLT_CLASS":"100-161"}},{"type":"Feature","geometry":{"type":"LineString","coordinates":[[-83.6304988269182,43.1583654017241],[-83.6330968427548,43.1581145508251],[-83.6352429098837,43.1587706286495],[-83.6384294138595,43.1586610647332],[-83.6410793550145,43.1586219440767],[-83.6436649749985,43.1585436371599],[-83.646272065616,43.1585280419486],[-83.6487913009988,43.1584990768752],[-83.6486217889047,43.1562975286091],[-83.6484393410705,43.1539260376637],[-83.648289142755,43.1516013786877],[-83.6482140435972,43.1494880590267],[-83.6481174747042,43.1476328310371],[-83.6480423755465,43.1455193741588],[-83.6479994360759,43.1438128790803],[-83.6479351167015,43.1419966750593],[-83.6478707074956,43.1401569507038],[-83.6478170780732,43.1378631676422],[-83.6477741386026,43.1357414410615],[-83.6476775697096,43.1336353735401],[-83.6476024705518,43.131599643843],[-83.6475273722924,43.1295169697164],[-83.6474737419716,43.1276768705339],[-83.6473127638727,43.125907131592],[-83.6472376647149,43.1239573626006],[-83.647108937033,43.1221171617396],[-83.6470660864957,43.1205665275998],[-83.6469802075545,43.1188280579018],[-83.6469673616459,43.1168724239726],[-83.6470016781881,43.114833840568],[-83.6469029533384,43.112846864602],[-83.6468407890224,43.1108864495803],[-83.6467549100812,43.1084897185428],[-83.6494908200089,43.1084583045182],[-83.6520012510036,43.1084035430801],[-83.6544046037147,43.1083643246786],[-83.6567219876531,43.1083408467476],[-83.6593377029957,43.1082805100174],[-83.6619662633486,43.1082335527705],[-83.6645840430198,43.1081787255484],[-83.6670110223212,43.1081372116023],[-83.6697253708853,43.1080824498768],[-83.6727937472996,43.1080275569363],[-83.6751864100589,43.1080040126373],[-83.6775359527862,43.1079570558341],[-83.6793438922455,43.107822876664]]},"properties":{"OBJECTID":44075,"ID":"132922","VOLTAGE":138,"STATUS":"IN SERVICE","OWNER":"CONSUMERS ENERGY CO","SUB_1":"UNKNOWN128531","SUB_2":"THETFORD","VOLT_CLASS":"100-161"}},{"type":"Feature","geometry":{"type":"LineString","coordinates":[[-88.2430409158282,41.7952431676646],[-88.2432421007226,41.794624117682],[-88.2436034336726,41.7945656737838],[-88.246037598598,41.7941718717623],[-88.2485697697208,41.7937622615143],[-88.2511887181002,41.7933386517102],[-88.2538739621475,41.7929043887963],[-88.2565311787579,41.7924745446374],[-88.2590674821311,41.7920642537872],[-88.261737185324,41.7916324610209],[-88.2644155123435,41.7911991918641],[-88.2671056072934,41.7907640437559],[-88.2697986666836,41.7903284914995],[-88.2724882226443,41.7898933388202],[-88.2751688852836,41.7894597899956],[-88.2778591598965,41.7890245637709],[-88.2805263478066,41.7885930847552],[-88.2832370141764,41.7881545706448],[-88.2859081546737,41.7877224836226],[-88.2885677069039,41.7872922698128],[-88.2898593046194,41.78581285385],[-88.2910890075135,41.7844042717081],[-88.2931093185875,41.784368435502],[-88.2958473835735,41.7842922757946],[-88.2984972348969,41.7847326918526],[-88.3011797839984,41.7847942487148],[-88.3038778739542,41.784856275739],[-88.306559973898,41.7848433480049],[-88.3082267979077,41.7848353770172],[-88.3087387253302,41.7842071006545]]},"properties":{"OBJECTID":44098,"ID":"163047","VOLTAGE":138,"STATUS":"IN SERVICE","OWNER":"COMMONWEALTH EDISON CO","SUB_1":"UNKNOWN122211","SUB_2":"UNKNOWN156623","VOLT_CLASS":"100-161"}},{"type":"Feature","geometry":{"type":"LineString","coordinates":[[-88.2325088653162,41.707545019538],[-88.2320534877392,41.7068233186875],[-88.2327866531482,41.7067238451434],[-88.2329103960786,41.7062581788174],[-88.2352177009195,41.7055415531505],[-88.2335185860686,41.6590346570237],[-88.2323999418931,41.6571664749215],[-88.2304382081622,41.6533143435628],[-88.2194370017133,41.6371514898707],[-88.2119953848491,41.6264120610924],[-88.2077040312272,41.6199962648141],[-88.2076678875118,41.6158639137486],[-88.2138422105805,41.6019830947596],[-88.2116239278859,41.5967760608653],[-88.2109897846689,41.5803174898177],[-88.216564241537,41.5676509814959],[-88.2378456540113,41.5452159687715],[-88.2359612337852,41.5002371550214],[-88.2518585522817,41.4795675628598],[-88.2532159920159,41.4778151750328],[-88.2629943712759,41.4652469906917],[-88.2951394500442,41.4452477146694],[-88.2941592317624,41.4177517027343],[-88.297091005863,41.4104413046221],[-88.2967403682547,41.3939945564921],[-88.2822330426418,41.3926026979073],[-88.2792071825916,41.3916673977476],[-88.2756998569902,41.3918767905622],[-88.2748930449992,41.3910384901097]]},"properties":{"OBJECTID":44107,"ID":"132959","VOLTAGE":345,"STATUS":"IN SERVICE","OWNER":"COMMONWEALTH EDISON CO","SUB_1":"WOLFS CROSSING","SUB_2":"DRESDEN STATION","VOLT_CLASS":"345"}},{"type":"Feature","geometry":{"type":"LineString","coordinates":[[-88.3576928093021,41.7118880606524],[-88.3581222453304,41.7119396727823],[-88.3584898718773,41.7114542629686],[-88.3584863028707,41.7110223910072],[-88.3589645740128,41.7085917706484],[-88.3591101594793,41.7084959775639],[-88.3606699294599,41.7072217069283],[-88.362140357494,41.7059997616306],[-88.3636526973259,41.7047985395077],[-88.3651544217662,41.7035933567154],[-88.3668709351875,41.7022917467239],[-88.3685675239758,41.7009409328484],[-88.3701667758115,41.6995404558995],[-88.3753655051255,41.7000241648558],[-88.3775155383164,41.6992435436698],[-88.3800135626787,41.6984350279681],[-88.3821198092877,41.697846859004],[-88.3844788993098,41.6972863649629],[-88.3868656322899,41.6967577615634],[-88.3888506997603,41.6963171106404],[-88.3912754754943,41.6957643290893],[-88.3937269779047,41.6952155096997],[-88.3963447701523,41.6946187435139],[-88.398978646735,41.694037934984],[-88.4015804777165,41.693453117966],[-88.4042202993498,41.6928561207755],[-88.4066610677908,41.6922472509693],[-88.4093207071576,41.6916507020872],[-88.4119171805868,41.6911338988574],[-88.4145248604992,41.6905408996663],[-88.4171855131656,41.6899440210155],[-88.4198091570389,41.6893550639958],[-88.4220838377637,41.6887982378618],[-88.4230303009504,41.6885797430565],[-88.4243740305968,41.6882695358571],[-88.4266590482356,41.6877607287599],[-88.4289122655133,41.6872520108868],[-88.4315778571171,41.6866511778861],[-88.4340776143296,41.6861424619733],[-88.4362935299634,41.6856415717184],[-88.4385627058121,41.6851407607519],[-88.441169914109,41.6845478149992],[-88.4437609042217,41.6839629660454],[-88.4464054788412,41.6833740549047],[-88.4490555619299,41.6827730555357],[-88.4516733829236,41.6821841516187],[-88.4543128326543,41.6815911135417],[-88.4569465690998,41.6809861800487],[-88.4595555282132,41.6804140079749],[-88.4620765063276,41.6802167321536],[-88.462185897773,41.6861714525542],[-88.4647366325813,41.6861435648688],[-88.4674464132122,41.6860512965944],[-88.4727099999914,41.6858397171201],[-88.4728284958622,41.6873358535944],[-88.4736970975716,41.6874241177497],[-88.4742323775983,41.6878254276186]]},"properties":{"OBJECTID":44110,"ID":"163049","VOLTAGE":138,"STATUS":"IN SERVICE","OWNER":"COMMONWEALTH EDISON CO","SUB_1":"MONTGOMERY","SUB_2":"PLANO (138 KV)","VOLT_CLASS":"100-161"}},{"type":"Feature","geometry":{"type":"LineString","coordinates":[[-87.95589946313,42.9629676489174],[-87.9578093586792,42.9629732807092],[-87.9601598742819,42.962955430156],[-87.9649980036712,42.962991134544],[-87.9675141048319,42.9630446690648],[-87.9713731505115,42.9630625071018],[-87.9760608058024,42.9630446605188],[-87.9788376223132,42.9630624978984],[-87.9809653988446,42.9630149508245],[-87.9834117467218,42.9629613807793],[-87.9882190953379,42.9629613807793],[-87.9954645524833,42.962895945586],[-87.9978771192143,42.962895945586],[-87.9995482192048,42.9629673097083],[-88.0020020374719,42.9629494861061],[-88.0039456970994,42.9629435591475],[-88.0059185196342,42.9627006598502],[-88.007857479276,42.9624508550526],[-88.0096830275116,42.9622174248294],[-88.011924382536,42.9623190329261],[-88.0167429690762,42.9624915499593],[-88.0192176704787,42.9626105257403],[-88.0216419593259,42.9626996540513],[-88.0259402865693,42.9627234336311],[-88.0283603542329,42.9627174875866],[-88.0305421752085,42.9627058689679],[-88.0326006880382,42.9628337650289],[-88.0323620802274,42.9627757555112],[-88.0323936245686,42.9640503818078],[-88.0323989084591,42.9650544498297],[-88.0323051450047,42.9652328957914]]},"properties":{"OBJECTID":44118,"ID":"133002","VOLTAGE":138,"STATUS":"NOT AVAILABLE","OWNER":"AMERICAN TRANSMISSION CO","SUB_1":"BROOKDALE","SUB_2":"DEADEND167358","VOLT_CLASS":"100-161"}},{"type":"Feature","geometry":{"type":"LineString","coordinates":[[-89.7186053630735,41.7579694707676],[-89.7186315372859,41.7702314279699],[-89.7195166967427,41.7710916026077],[-89.7195309727692,41.772087408126],[-89.7186083742263,41.7734534550676],[-89.7187564588059,41.7752318644952],[-89.7187386128745,41.7762419467318],[-89.7142485698781,41.7832411307683],[-89.7126883992488,41.7848069480463]]},"properties":{"OBJECTID":44132,"ID":"163057","VOLTAGE":138,"STATUS":"IN SERVICE","OWNER":"COMMONWEALTH EDISON CO","SUB_1":"UNKNOWN122192","SUB_2":"TAP160157","VOLT_CLASS":"100-161"}},{"type":"Feature","geometry":{"type":"LineString","coordinates":[[-88.0468168319383,41.8954228607863],[-88.0466627430193,41.8947542497924],[-88.046252285698,41.8946828660111],[-88.0450506578514,41.8940047197874],[-88.0443606151693,41.8937132361587],[-88.0434266762943,41.8927971425903],[-88.041987101797,41.892624631991],[-88.0345642543323,41.8922580756798],[-88.03667454875,41.8850828445295],[-88.0346814197982,41.8813989727102],[-88.0338076662506,41.8798446996916],[-88.0337477602992,41.8778677749334],[-88.0343285525715,41.8758691621558],[-88.0355310688518,41.8746406911097],[-88.0408988188814,41.8719847330763],[-88.0410517031596,41.864058884537],[-88.0433512258953,41.8608671077097],[-88.0433456338826,41.8589659078633],[-88.0426483148467,41.857009867542],[-88.0409282342154,41.8415471188004],[-88.0455382139803,41.834159836704],[-88.0475709568395,41.8309179610091],[-88.0476073601681,41.8259030660007],[-88.0374305196892,41.8182653828157],[-88.0372328346311,41.8181492658181],[-88.0369412226253,41.8107772214958],[-88.0573688960165,41.8115624436641],[-88.0572499231402,41.8022587511497],[-88.0578251817903,41.798632015012],[-88.0580287463219,41.7974138726481],[-88.0581105181656,41.7969245387606],[-88.0579483192562,41.7948143538259],[-88.0578186312753,41.7932230360376],[-88.0577207840796,41.7911736369965],[-88.0576222981817,41.789288431911],[-88.0572792378629,41.7871995171217],[-88.0570319774793,41.7858728335885],[-88.0569681521783,41.7837856596197],[-88.0568940187095,41.7818409819619],[-88.0568079349525,41.7797880806413],[-88.0567119167267,41.7778815841644],[-88.0576662716132,41.7759162338076],[-88.0586098898354,41.7739809526369],[-88.0595371012273,41.7720451970241],[-88.0600810499964,41.7708595451304],[-88.0600289917274,41.7687352141255],[-88.0599498321845,41.7667089145366],[-88.0598820938222,41.7646984027862],[-88.0598005240995,41.7627614008285],[-88.0597285807233,41.760726812607],[-88.0596612016871,41.7588041328133],[-88.0595913936064,41.7570151377323],[-88.0595354483271,41.75654388579]]},"properties":{"OBJECTID":44133,"ID":"132988","VOLTAGE":345,"STATUS":"IN SERVICE","OWNER":"NOT AVAILABLE","SUB_1":"UNKNOWN122246","SUB_2":"LOMBARD","VOLT_CLASS":"345"}},{"type":"Feature","geometry":{"type":"LineString","coordinates":[[-89.7186053630735,41.7579694707676],[-89.7266550001461,41.7580449996643],[-89.7360359997587,41.7579859997365],[-89.7445300001647,41.757875999522],[-89.7466994845765,41.7577766847504],[-89.7530145745485,41.7577766847504],[-89.7638169999947,41.7577759998943],[-89.7737519996261,41.7576469995549],[-89.7834579998269,41.761695999565],[-89.7875899995039,41.7616919999014],[-89.7895699995779,41.7622349996978],[-89.7913730000998,41.7616339997256],[-89.7977179994792,41.7614010000852],[-89.8137139997062,41.7613889996983],[-89.8333269999494,41.7614919996514],[-89.8436230001541,41.7615689999052],[-89.8537860002895,41.7616239995513],[-89.8644339999484,41.7616479995649],[-89.8771279998035,41.761604999618],[-89.8867789997528,41.7615619996423],[-89.8905869995647,41.7610909995339],[-89.8965169997407,41.7615630000628],[-89.9087820001488,41.7614289998624],[-89.9157506719822,41.7613419107723],[-89.9205599995867,41.7613099997198],[-89.9272360003006,41.7612709999066],[-89.936509999783,41.7611669998422],[-89.9546440002677,41.7611770000877],[-89.9546519997653,41.7699549995588],[-89.9546800002527,41.7800579996468],[-89.954698999621,41.7914749996004],[-89.9546939995981,41.7938289994986],[-89.9619379996762,41.7937939997047],[-89.9649299995284,41.7936039996293],[-89.9660490003351,41.7937699996628],[-89.9688119998584,41.7937730000871],[-89.9731720000393,41.7938099997276],[-89.9816429999809,41.7935130000741],[-89.9831359999831,41.7934649997709],[-89.9932840000498,41.7935009996668],[-89.9982729996944,41.7934589995631],[-90.0069160000633,41.7934769995152],[-90.0226090003416,41.7935239998874],[-90.0365760000909,41.7934950001321],[-90.0485569999185,41.7935659999485],[-90.0552849996126,41.7935859997128],[-90.0569740003317,41.7936009998669],[-90.0659170002763,41.7936699997264],[-90.0761749999479,41.793644999718],[-90.0921290003421,41.7936580000182],[-90.0969470002825,41.7934309997018],[-90.1034890002037,41.7935109995599],[-90.1104119998914,41.793611999665],[-90.1104962699499,41.7929787480426],[-90.1106032772665,41.7928384696201]]},"properties":{"OBJECTID":44142,"ID":"163058","VOLTAGE":138,"STATUS":"IN SERVICE","OWNER":"COMMONWEALTH EDISON CO","SUB_1":"UNKNOWN157349","SUB_2":"TAP160157","VOLT_CLASS":"100-161"}},{"type":"Feature","geometry":{"type":"LineString","coordinates":[[-90.1106032772665,41.7928384696201],[-90.110738166493,41.7930064025127],[-90.1106909995507,41.7936279997334],[-90.119287000064,41.7936969995639],[-90.1307709997741,41.7937820000198],[-90.1419159995505,41.7938919996151],[-90.1448919995092,41.7939139997794],[-90.1460909997835,41.7940140000048],[-90.1538949997282,41.7941379999873],[-90.1650079997176,41.7944089998054],[-90.1768100003433,41.794628000099],[-90.1793179995986,41.7946570000114],[-90.1792669995449,41.7909360000168],[-90.1885610000171,41.7911109999001],[-90.190097999502,41.7934189999489],[-90.1901029276596,41.7940185957265]]},"properties":{"OBJECTID":44143,"ID":"163059","VOLTAGE":138,"STATUS":"IN SERVICE","OWNER":"COMMONWEALTH EDISON CO","SUB_1":"UNKNOWN122191","SUB_2":"UNKNOWN157349","VOLT_CLASS":"100-161"}},{"type":"Feature","geometry":{"type":"LineString","coordinates":[[-87.9198749442302,42.1151901375891],[-87.9200397590337,42.1141798175299],[-87.9187726961053,42.1131447529678],[-87.9170319407477,42.1119349849186],[-87.9158326925383,42.1113032379406],[-87.9149281070135,42.1093259817015],[-87.9136367563347,42.1063026676606],[-87.9140613962577,42.1045661965053],[-87.9132062333449,42.1028172615868],[-87.9064455322796,42.0875056585872],[-87.9040440193181,42.0819473277337],[-87.9037227081107,42.0810400107731],[-87.9035882366009,42.0807337160887],[-87.903289609651,42.0801841375814],[-87.902619933573,42.0786427261073],[-87.9013925645019,42.0710117829304],[-87.9013973731837,42.0590150025253],[-87.9002654501116,42.0579496615129],[-87.9002743784672,42.0561727550379],[-87.89995836193,42.0545729157397],[-87.8991803256726,42.0520845308369],[-87.898542630517,42.0520750129614],[-87.898330858977,42.0516871608241],[-87.8973552786969,42.0517859087321]]},"properties":{"OBJECTID":44157,"ID":"133017","VOLTAGE":345,"STATUS":"IN SERVICE","OWNER":"COMMONWEALTH EDISON CO","SUB_1":"PROSPECT HEIGHTS","SUB_2":"COMMONWEALTH EDISON DES PLAINES (345KV)","VOLT_CLASS":"345"}},{"type":"Feature","geometry":{"type":"LineString","coordinates":[[-87.3291009995117,44.7995790001168],[-87.3293560339158,44.7993563287494],[-87.3293679312034,44.7931578330127],[-87.3413009277572,44.782985636681],[-87.3475351154547,44.7777508228847],[-87.3541143262899,44.7699342939581],[-87.3718888991514,44.7622248400331],[-87.3857611571809,44.7562048040576],[-87.397039802017,44.7513626005545],[-87.4118162548042,44.7454615365414],[-87.4297454942014,44.7383469491413],[-87.4405958357848,44.734040124673],[-87.4524574486128,44.7313513339236],[-87.4672814905505,44.7279487036863],[-87.4895294507446,44.7174671787029],[-87.5055075322767,44.709995670939],[-87.5118250009875,44.7071165230512],[-87.5243409655331,44.7019649897581],[-87.5281837948252,44.7005254159713],[-87.5435789074671,44.6953738830009],[-87.5662551718123,44.687747710801],[-87.5829946797522,44.6821083875691],[-87.5855763947596,44.6812279880633],[-87.6016734491679,44.6740539125515],[-87.612328674875,44.669296179851],[-87.6138455808435,44.668603756932],[-87.6138348738236,44.6685038199741]]},"properties":{"OBJECTID":44163,"ID":"133021","VOLTAGE":138,"STATUS":"IN SERVICE","OWNER":"AMERICAN TRANSMISSION CO","SUB_1":"CANAL","SUB_2":"ROSIERE","VOLT_CLASS":"100-161"}},{"type":"Feature","geometry":{"type":"LineString","coordinates":[[-88.4042717692223,44.2102281106371],[-88.4028310044573,44.2101710031231],[-88.4010071477494,44.2101138955538],[-88.3978805371485,44.2099711289637],[-88.39623156985,44.2098711906638],[-88.3895072128245,44.2095356868271],[-88.3847244969119,44.209278705996],[-88.3790708966706,44.2090038779884],[-88.3762298209727,44.2088504029778],[-88.3742382119704,44.2086362506227],[-88.372421494174,44.2083043160887],[-88.3708510486146,44.2079545358867],[-88.3693662655023,44.2076261700258],[-88.3649868679994,44.2066053807801],[-88.3606645772975,44.2055631766463],[-88.3567063432375,44.2046566026515],[-88.3533227497866,44.2038678110074],[-88.3489076595226,44.202847021674],[-88.3449744112039,44.2019154641201],[-88.3397205612641,44.2006769537193],[-88.3368152389554,44.2000023765461],[-88.3323037810209,44.1989566036294],[-88.3280243201951,44.1979929219962],[-88.3237020285948,44.1969899791096],[-88.3237091675064,44.1976824016204],[-88.3236984595882,44.1998417630217],[-88.3237341523494,44.2018440796266],[-88.3236520607055,44.2050206596442],[-88.3235985229112,44.2070408226863],[-88.3235521231301,44.20982122306],[-88.3235235701788,44.2112988678818],[-88.3235128622606,44.2140864065889],[-88.3233950787538,44.2179946705846],[-88.3233236950281,44.2214496489438],[-88.3182661512324,44.2214175257375],[-88.313187190702,44.2213925420109],[-88.3131943296136,44.2235875937432],[-88.3132228825649,44.2299193399304],[-88.3132300214765,44.2323642357574],[-88.3132335904831,44.2348234087382],[-88.3131943296136,44.2361904097487],[-88.3097964592379,44.2361689940645],[-88.3050672811196,44.2361261639598],[-88.3036860027927,44.2361154567506],[-88.3030613951925,44.2365223441344],[-88.3030149945131,44.2398702460198],[-88.3030042874932,44.2421366826056],[-88.3030114255065,44.2430147035805],[-88.30401436847,44.2434858370662],[-88.3040036605519,44.2462269756941],[-88.3039858155187,44.2481186477607],[-88.3027758602895,44.2483863371471],[-88.3003559480345,44.2488788850089],[-88.2979360357794,44.2493750025886],[-88.293388885982,44.2503208387182],[-88.293031966455,44.2506242197252],[-88.2930141205236,44.252555152542],[-88.2929784286607,44.2559780066613],[-88.2929677207425,44.2573985456422],[-88.2887739205673,44.2575877131121],[-88.2834522568067,44.2578054325229],[-88.279754573705,44.2579803240652],[-88.2756500040852,44.2581623520541],[-88.2714312199652,44.2584264726179],[-88.2691112452855,44.258594224756],[-88.2654813778012,44.2590368037591],[-88.2649709829045,44.2605537108754],[-88.2648995991788,44.2613889019226],[-88.2652672257257,44.2630949746621],[-88.2664129361407,44.268934171715],[-88.2668626552298,44.2698264696511],[-88.2676907069874,44.2705545846104],[-88.2677014149056,44.2721178906208],[-88.2677299678569,44.2743486355541],[-88.266031032669,44.27596548002],[-88.2659683536184,44.2762524788332]]},"properties":{"OBJECTID":44169,"ID":"133028","VOLTAGE":138,"STATUS":"IN SERVICE","OWNER":"AMERICAN TRANSMISSION CO","SUB_1":"KAUKAUNA","SUB_2":"TAP139563","VOLT_CLASS":"100-161"}},{"type":"Feature","geometry":{"type":"LineString","coordinates":[[-87.9655200128861,42.3788447065067],[-87.9657847266374,42.3786848801497],[-87.9657897221687,42.3783136138127],[-87.9656099162798,42.3783119488529],[-87.9656615056282,42.3783828910956]]},"properties":{"OBJECTID":44203,"ID":"133133","VOLTAGE":138,"STATUS":"IN SERVICE","OWNER":"COMMONWEALTH EDISON CO","SUB_1":"UNKNOWN124709","SUB_2":"TAP136950","VOLT_CLASS":"100-161"}},{"type":"Feature","geometry":{"type":"LineString","coordinates":[[-87.9952933910824,43.1622885009992],[-87.9951506227326,43.1624503038599],[-87.9949935792546,43.163425882799],[-87.9947937041039,43.1648488011117],[-87.9947746679047,43.1664763518389],[-87.9946699719533,43.1718634517239],[-87.9945985882276,43.1753945717704],[-87.9945319628779,43.1800392795683],[-87.9944225076521,43.1852265049142],[-87.9943749185016,43.1870158595422],[-87.994289257851,43.1904422826885],[-87.993960893072,43.193816359096],[-87.9939216753216,43.1970530619167],[-87.99389786817,43.2005347399875],[-87.99389786817,43.2055135478428],[-87.9939038177121,43.2089641559487],[-87.9938205349021,43.2143180710171],[-87.9938086376145,43.217797796871],[-87.9937788934971,43.2226817686371],[-87.9937491520747,43.2261497089749],[-87.9937432025325,43.2314972136439],[-87.9937848439375,43.240235669678],[-87.993802689869,43.2453873011185],[-87.9938086385128,43.2522815998355],[-87.9938681285442,43.2576892689358],[-87.9939370975984,43.2592418205665],[-87.9933527381162,43.2599320088216],[-87.9930388514846,43.2604731921147]]},"properties":{"OBJECTID":44218,"ID":"133074","VOLTAGE":138,"STATUS":"IN SERVICE","OWNER":"AMERICAN TRANSMISSION CO","SUB_1":"PARKLAND","SUB_2":"MEQUON","VOLT_CLASS":"100-161"}},{"type":"Feature","geometry":{"type":"LineString","coordinates":[[-83.1226425899095,42.4587488700706],[-83.1231567271876,42.4597107591153],[-83.1247177296569,42.4610959905904],[-83.1269790587216,42.4638780905538],[-83.1281697756307,42.4651997455033],[-83.1291756192543,42.4664601425524],[-83.1301841578238,42.4684050941453],[-83.1302216175711,42.4694912875887],[-83.1307071569822,42.470066977712],[-83.1311819166098,42.4706486936928],[-83.1316700611352,42.4712362345912],[-83.1321582056606,42.4718218477548],[-83.1326329652883,42.4724133539013],[-83.1332659182375,42.4731829586386],[-83.1340545492254,42.4741186626713],[-83.1350952465837,42.4753531731486],[-83.1359347231151,42.4763858439004],[-83.1368547776291,42.4765955430205],[-83.1374851245656,42.4772938718021],[-83.1386223027821,42.47867076382],[-83.1394270136136,42.4796756870433],[-83.1411919336523,42.4818298426489],[-83.1410735725288,42.4833563570286],[-83.1409673009324,42.4840623838567]]},"properties":{"OBJECTID":44245,"ID":"167982","VOLTAGE":120,"STATUS":"IN SERVICE","OWNER":"NOT AVAILABLE","SUB_1":"UNKNOWN128897","SUB_2":"TAP172453","VOLT_CLASS":"100-161"}},{"type":"Feature","geometry":{"type":"LineString","coordinates":[[-83.5191471955762,44.4461319147915],[-83.5174280150568,44.443237660146],[-83.5172009559872,44.4424323225611],[-83.5172294774975,44.4414192495169],[-83.5171831298187,44.4368042006178],[-83.5171973905739,44.4353455346883],[-83.5171902597472,44.4304194061176],[-83.5172009559872,44.4263814528409],[-83.5171866952321,44.4252713489856],[-83.5173399990235,44.4244871339082],[-83.5184844266444,44.4227353438433],[-83.5232974409349,44.4154118836327],[-83.5233687447106,44.4131734118112],[-83.5233901362924,44.4098881260475],[-83.5234186578027,44.4083854915374],[-83.5234968615381,44.3890690410866],[-83.5236717868801,44.3645119489918],[-83.5236753522935,44.362975014754],[-83.5237074392171,44.3585704429486],[-83.5238179598448,44.3423614167015],[-83.5238607421102,44.3394571881517],[-83.5238179598448,44.336710913984],[-83.52366109064,44.3329342591563],[-83.5235612644557,44.3285733346046],[-83.5234685699965,44.3255153938024],[-83.5234757008232,44.3239799875182],[-83.5233259633435,44.3227072525212],[-83.5228090089486,44.3169298645565],[-83.5227947481935,44.3140014169603],[-83.5228090089486,44.3095906129314],[-83.5225380537027,44.2992064406953],[-83.5224560545852,44.2964072478992],[-83.5224703162387,44.2936461999919],[-83.5224738807538,44.2922145880536],[-83.5224881415089,44.290683414064],[-83.5225340588946,44.283842052843],[-83.5124302936691,44.2838318437149],[-83.5123307253013,44.2802076499827],[-83.5062161581653,44.2801845119314],[-83.5062296418778,44.2796514840048]]},"properties":{"OBJECTID":44248,"ID":"133109","VOLTAGE":138,"STATUS":"IN SERVICE","OWNER":"CONSUMERS ENERGY CO","SUB_1":"UNKNOWN128888","SUB_2":"EAST TAWAS","VOLT_CLASS":"100-161"}},{"type":"Feature","geometry":{"type":"LineString","coordinates":[[-84.3585804712236,42.268624818091],[-84.3609735642758,42.2688100758059],[-84.3645920051897,42.2688076827025],[-84.3680909531029,42.2688012346179],[-84.3711436045081,42.2688003697768],[-84.3736993519156,42.2688045577081],[-84.3768826426177,42.2688087456393],[-84.3794130251948,42.2687968465962],[-84.3816893354635,42.2688005705316],[-84.3850342887807,42.2688782067567],[-84.3884349762731,42.2692376009401],[-84.3912025940353,42.2694749335789],[-84.3923805728337,42.2694630565982],[-84.3946151455777,42.2694632560214],[-84.3964685882994,42.2694788768397],[-84.3985733275354,42.2694671800054],[-84.4003168604838,42.2694433808362],[-84.4021922445564,42.2694391916177],[-84.4040988405935,42.2694314819129],[-84.406013050751,42.269407464694],[-84.407731520703,42.2695110657243],[-84.4101658607998,42.2701960855363],[-84.4114678951423,42.2702000181162]]},"properties":{"OBJECTID":44250,"ID":"133111","VOLTAGE":138,"STATUS":"IN SERVICE","OWNER":"CONSUMERS ENERGY CO","SUB_1":"TAP139914","SUB_2":"JACKSON","VOLT_CLASS":"100-161"}},{"type":"Feature","geometry":{"type":"LineString","coordinates":[[-83.0084993054815,42.7180515597716],[-83.0096189934994,42.7183078635818],[-83.0091171730221,42.7190579499267],[-83.0079301392057,42.7210912555479],[-83.0079215477183,42.7211059720101],[-83.0076794652239,42.7210776656354],[-83.0067621056558,42.7210973331258],[-83.0058340561358,42.7211209597126],[-83.0050884535516,42.7212707705422],[-83.0046217796599,42.7216766438797],[-83.0031462069742,42.7228274618423],[-83.0011613784556,42.7245220377395],[-82.9992516508914,42.7261456947041],[-82.9970415257979,42.7279977618983],[-82.9953356250733,42.729495159964],[-82.9932435386081,42.7313077339989],[-82.9911621420948,42.7330178489368],[-82.9888554481083,42.7349958666161],[-82.9866881726538,42.7368004949916],[-82.9846497156111,42.7385340777659],[-82.9826434182555,42.7402596296774],[-82.9802938746299,42.7422295668332],[-82.9782016085017,42.7440339840305],[-82.9764314782343,42.7455624626344],[-82.9745860691461,42.7471146515159],[-82.9725046726329,42.7488558625576],[-82.9691894400768,42.7488952445641],[-82.9661210645608,42.7489345605792],[-82.9630203496946,42.7489818585038],[-82.9600919316999,42.7490315318404],[-82.9566474315745,42.7490212410899],[-82.9534395476949,42.7490370730131],[-82.9504569612886,42.7490448570405],[-82.9471738875214,42.7490370730131],[-82.9439123751177,42.7490527729996],[-82.9407258711418,42.7490606889577],[-82.9378076041098,42.7491315367373],[-82.9345460009763,42.7492418315289],[-82.9314990044657,42.749344276829],[-82.928387780209,42.7494309567668],[-82.925619621661,42.7495176359237],[-82.92265850499,42.7495885491469],[-82.9196651388002,42.7496672455785],[-82.9164143145517,42.7497539910303],[-82.9130991727256,42.7498169881225],[-82.9103739536481,42.7498878350378],[-82.9075093160386,42.7499587478374],[-82.9042907422071,42.7500454915619],[-82.9010935482794,42.7501242546978],[-82.8980358627153,42.7502030830392],[-82.8947206301593,42.7502975449865],[-82.8915341261834,42.7503842888964],[-82.8884549708841,42.7504472846884],[-82.8852148365875,42.7505260466542],[-82.8819640141356,42.7505969587236],[-82.8797324193068,42.750667870712],[-82.8765674748978,42.7507860798267],[-82.8735526389727,42.7508884566101],[-82.8704198542509,42.7510144477649],[-82.8673620788553,42.7511090410635],[-82.8641648849276,42.751242948109],[-82.8609998506871,42.7513375397396],[-82.8579743248101,42.7514478319249],[-82.8544982039867,42.7515580566311],[-82.8512902302756,42.7516605647261],[-82.8482432346634,42.7516999449506],[-82.8452606482571,42.751739258527],[-82.8424175702144,42.7517786387014],[-82.8390594880192,42.7518180848143],[-82.8359587731531,42.7518653805386],[-82.8330619758563,42.7518968456977],[-82.8297467433003,42.7519756717846],[-82.8265925786747,42.7520307510411],[-82.8233094159743,42.7520938777455],[-82.8200693715092,42.7521725716558],[-82.817258454052,42.7522592469787],[-82.8142758676457,42.7523459881432],[-82.8112610317206,42.7524325306384],[-82.8079887386352,42.7525349706649],[-82.8051026312904,42.7526216461406],[-82.8022595532476,42.7527083867978],[-82.799309036697,42.7527713808873],[-82.7964443990874,42.7528343749127],[-82.7935691604592,42.7528816698615],[-82.7906401145422,42.7529288328497],[-82.7876468381839,42.7529682775709],[-82.7846320022589,42.7530470369927],[-82.7815957855318,42.7530943317791],[-82.7785809505051,42.7531416918319],[-82.7754266062164,42.7532125356064],[-82.7725248681857,42.7532558725558],[-82.769794349048,42.7533109506746],[-82.7665217855697,42.7534173469498],[-82.7635284202782,42.7535355501609],[-82.7604492649789,42.7536457718138],[-82.7574773685244,42.753724529715],[-82.7558041655779,42.7537899626794],[-82.7549029765832,42.7520095768656],[-82.7540548771235,42.7503133765836],[-82.7515764252546,42.750344841871],[-82.7490552135781,42.7503999885417],[-82.7466197011799,42.7504157541478],[-82.7435835751826,42.7504787505675],[-82.7437015239794,42.7522986927856],[-82.743787313089,42.754149978958],[-82.7409978635705,42.7542366515154],[-82.7378221402764,42.7543311726163],[-82.7349360329315,42.7544099296464],[-82.7316637398461,42.7545202816652],[-82.7282089989264,42.7545990391146],[-82.7250011150468,42.7546935596627],[-82.7217825412153,42.7547644676236],[-82.7185423179855,42.7548432900633],[-82.7153559038412,42.7549298297309],[-82.7121050795927,42.7550086519603],[-82.7089079754965,42.7551268521363],[-82.7054961749458,42.7552607511606],[-82.7022989810181,42.7553789495367],[-82.6988549300503,42.7554970837066],[-82.6956363562188,42.7556152829511],[-82.6924820119302,42.7557334819702],[-82.6892526583153,42.7558515488456],[-82.6857228182379,42.7559855775623],[-82.6822360065642,42.756127389127],[-82.6790710630535,42.7562375395519],[-82.6758309296552,42.7563557380436],[-82.6724620676768,42.7564975487613],[-82.6691790846394,42.7565999820685],[-82.6657457236235,42.7567181785497],[-82.6627524472653,42.7568284611598],[-82.6593943650702,42.756938676956],[-82.6556177577842,42.7570568727913],[-82.6518304605464,42.7571746739741],[-82.6483758085599,42.7573006530093],[-82.6452110447123,42.7573877828624],[-82.6419012020479,42.7574901487408],[-82.6385417714816,42.7575791910876],[-82.6355207380794,42.7576679688183],[-82.6319859572679,42.7577821405433],[-82.6283775146032,42.7578747448045],[-82.6252502985378,42.7579554760366],[-82.6221955783124,42.7580332391093],[-82.61906863264,42.7581216870657],[-82.6156265579658,42.7582079576692],[-82.611907442858,42.7582857870411],[-82.6084951015214,42.7585021899215],[-82.6053979808147,42.7586947819133],[-82.6022681605333,42.7588533400765],[-82.5991108518042,42.7590594518909],[-82.5955708607641,42.7592646396434],[-82.591647019603,42.7594911295938],[-82.5882498606931,42.7596045731131],[-82.5852516436008,42.7596900508517],[-82.5822199193484,42.7597711747887],[-82.5792349065925,42.7598665455199],[-82.5760497509879,42.7599651485447],[-82.5727874292021,42.7600579467477],[-82.5697058475532,42.7601250891619],[-82.5667725795542,42.7601833916257],[-82.5637534317158,42.7602333857568],[-82.5607684198582,42.7602759916387],[-82.5576932171461,42.7603289536395],[-82.5545057250235,42.7603793427192],[-82.5515518847062,42.7604387668248],[-82.5487588428248,42.7605598586226],[-82.5457907192946,42.7606693429479],[-82.5428850286766,42.7607851579886],[-82.5401604375215,42.7608936519505],[-82.5368994641069,42.7610081468405],[-82.533363066328,42.7611451329687],[-82.5308285595853,42.7612262556601],[-82.527791444543,42.7613164797969],[-82.524625602717,42.7614305788462],[-82.5215542627606,42.761530168018],[-82.5184772625196,42.7616278437351],[-82.5153530126912,42.7617067900098],[-82.5119876541423,42.7618322315495],[-82.508704671105,42.7619228505196],[-82.5057600825369,42.76302326092],[-82.5029501532265,42.7640721439258],[-82.5005246121278,42.7649447926115],[-82.4980642154978,42.7658540297394],[-82.4952958781851,42.7668719355169],[-82.4925099329944,42.7679219410532],[-82.4900986751088,42.7677390718695],[-82.4877519162605,42.7675669507855],[-82.4852629541029,42.7668015696499],[-82.4827535094583,42.7660037325128],[-82.4803153030125,42.7652159759752],[-82.4780202871246,42.7645149328922],[-82.4752530268919,42.7637534710878],[-82.4746270619373,42.7642814738922]]},"properties":{"OBJECTID":44276,"ID":"133142","VOLTAGE":120,"STATUS":"IN SERVICE","OWNER":"NOT AVAILABLE","SUB_1":"UNKNOWN128512","SUB_2":"ST. CLAIR","VOLT_CLASS":"100-161"}},{"type":"Feature","geometry":{"type":"LineString","coordinates":[[-87.9982278610271,43.0310112188594],[-87.9980677408193,43.0310167570833],[-87.9970400546595,43.0307827735811],[-87.9935214471165,43.0307684518911],[-87.9880650585211,43.0307732119983],[-87.9862162169703,43.0308642180332],[-87.9844744267535,43.0312877676294],[-87.9826681105499,43.0313776119431],[-87.9789905955246,43.0314033001091],[-87.976828334466,43.0314707938753],[-87.972669044869,43.0320934488501],[-87.9711806559192,43.0315341178468],[-87.9693203330007,43.0315872696141],[-87.9658953811141,43.0322751055668],[-87.9646584252224,43.0319296910759]]},"properties":{"OBJECTID":44328,"ID":"133206","VOLTAGE":138,"STATUS":"IN SERVICE","OWNER":"NOT AVAILABLE","SUB_1":"O CONNOR","SUB_2":"PARK HILL","VOLT_CLASS":"100-161"}},{"type":"Feature","geometry":{"type":"LineString","coordinates":[[-87.7547384324747,42.0502594099409],[-87.7546585363134,42.0504852075785],[-87.7542264879842,42.0505874159959],[-87.7542099886274,42.0515101866325],[-87.755701924126,42.0515496959297],[-87.7558350203151,42.0518593919108],[-87.761081699004,42.0680323891574],[-87.765258007184,42.0815745019538],[-87.7654223629484,42.0821450639724],[-87.7667123392048,42.0861328677125],[-87.767068700878,42.0873050450769],[-87.7682852991488,42.0913067828155],[-87.7686701769424,42.0939753476254],[-87.7690122239615,42.0953673328465],[-87.7702852355338,42.0993469815506],[-87.7715641957499,42.1030500178087],[-87.7722453172629,42.104349798],[-87.7762517342598,42.1105185506603],[-87.7818583391369,42.1191530200457],[-87.7826762785593,42.1203784426277],[-87.7856527663032,42.1251581057463],[-87.7860851038899,42.1255833124988],[-87.7931330673185,42.1364812451519],[-87.7986316120534,42.1449350661426],[-87.8000147678593,42.1471016636562],[-87.8026316510118,42.1512072790807],[-87.8032774552594,42.1523169187752],[-87.8058040361663,42.156131771766],[-87.8065680533155,42.1573599091606],[-87.8082917397843,42.160054288136],[-87.8126403726836,42.1667843145007],[-87.81395092575,42.1693697085036],[-87.8153165940522,42.1717801317492],[-87.8190054035956,42.1774453450644],[-87.8198962520831,42.1786355178996],[-87.820773325804,42.1797336428214],[-87.8217482224661,42.1808835217528],[-87.8226424297544,42.1820781830247],[-87.8248172241078,42.1854278640357],[-87.8255413569566,42.1865888390905]]},"properties":{"OBJECTID":44380,"ID":"133258","VOLTAGE":138,"STATUS":"IN SERVICE","OWNER":"COMMONWEALTH EDISON CO","SUB_1":"SKOKIE (138 KV)","SUB_2":"TAP137899","VOLT_CLASS":"100-161"}},{"type":"Feature","geometry":{"type":"LineString","coordinates":[[-83.6304988269182,43.1583654017241],[-83.6330797819509,43.1581448607414],[-83.635234898708,43.1588037048563],[-83.6384309257242,43.1586938140113],[-83.641080741115,43.1586546946863],[-83.643666090706,43.1585763956749],[-83.6462726037069,43.1585608037484],[-83.6488387688767,43.1585313000434],[-83.648666633702,43.156295691768],[-83.6484841966476,43.1539243488578],[-83.6483340306714,43.1516001826504],[-83.6482589378019,43.1494870130314],[-83.6481623689088,43.14763178501],[-83.6480872805309,43.1455186485999],[-83.6480443410603,43.1438121548121],[-83.6479800180927,43.1419958327857],[-83.6479156142767,43.1401562526117],[-83.6478619875492,43.1378626458561],[-83.647819043587,43.1357406511443],[-83.6477224657108,43.1336343849624],[-83.6476473710447,43.1315987719252],[-83.6475722745818,43.1295161895529],[-83.6475186262948,43.1276754360387],[-83.6473576383144,43.1259055849412],[-83.6472825490381,43.1239560657066],[-83.6471538303393,43.1221159946311],[-83.6471109860902,43.1205656070032],[-83.6470251197254,43.1188273890734],[-83.6470122792068,43.1168725465951],[-83.6470466038338,43.1148334477695],[-83.646947850238,43.1128458907712],[-83.6468856913119,43.1108856416356],[-83.6468009972486,43.1085219851231],[-83.6494918440883,43.1084910885611],[-83.6520024242033,43.1084363225615],[-83.65440541669,43.1083971107393],[-83.6567230090376,43.1083736308534],[-83.6593389615355,43.1083132889089],[-83.6619674563113,43.1082663329988],[-83.6645852126262,43.108211505806],[-83.6670121676732,43.1081699925379],[-83.6697265422885,43.1081152295301],[-83.6727945998008,43.1080603425215],[-83.6751873272388,43.1080367975793],[-83.6775371816815,43.1079898348988],[-83.6793438922455,43.107822876664]]},"properties":{"OBJECTID":44384,"ID":"133268","VOLTAGE":138,"STATUS":"IN SERVICE","OWNER":"CONSUMERS ENERGY CO","SUB_1":"UNKNOWN128531","SUB_2":"THETFORD","VOLT_CLASS":"100-161"}},{"type":"Feature","geometry":{"type":"LineString","coordinates":[[-87.8861217238981,42.8461384239815],[-87.8862859062877,42.8461527010816],[-87.8863120796018,42.8462121870969]]},"properties":{"OBJECTID":44410,"ID":"133298","VOLTAGE":138,"STATUS":"IN SERVICE","OWNER":"AMERICAN TRANSMISSION CO","SUB_1":"TAP137904","SUB_2":"TAP137905","VOLT_CLASS":"100-161"}},{"type":"Feature","geometry":{"type":"LineString","coordinates":[[-83.8376557572605,43.6457410548187],[-83.8361966938131,43.6458908056195],[-83.8339715129554,43.6466267386777],[-83.8319322357509,43.6476215920576],[-83.8247430122438,43.6446082651403],[-83.8246472662076,43.6431655259989],[-83.8246643377912,43.6424808330381],[-83.8247072772618,43.6404505490018],[-83.8228559869035,43.6382981597754],[-83.8211881271363,43.6366886435537],[-83.8195037859786,43.6351007915988],[-83.8177066155228,43.633423432626],[-83.8146650107007,43.6328993907754],[-83.81189963693,43.6324132507496],[-83.8092255319923,43.6319597456375],[-83.8060605875832,43.6313928425299],[-83.8032281096609,43.6309113717601],[-83.8002052787298,43.6303941345173],[-83.7974989242734,43.6299173366167],[-83.7949561530301,43.6294591317656],[-83.7946477604948,43.6272568746943],[-83.7943768295034,43.6252966946463],[-83.794162221982,43.6233472447132],[-83.7939369245088,43.6214755741115],[-83.7937008472521,43.6195959756851],[-83.7934568648209,43.6177349826908],[-83.7934541698751,43.6157433397167],[-83.7934541698751,43.6139179348834],[-83.7934112295062,43.6120381645898],[-83.7934434799232,43.6101816870874],[-83.7933817656632,43.6083669745542],[-83.7938323606097,43.6061528875157],[-83.7942802606103,43.6039123727444],[-83.794720165605,43.6016670921065],[-83.794666446351,43.5995615931529],[-83.7946557555008,43.5974559548101],[-83.794634375597,43.5953735350175],[-83.7945592773376,43.5934776357099],[-83.7945913471933,43.5914029508382],[-83.7945833521872,43.5892768568351],[-83.7945484077227,43.5871677366745],[-83.7945404127166,43.5852979326077],[-83.7944948681317,43.5834064667585],[-83.7944975630776,43.5815676509496],[-83.7944841781799,43.5795981725501],[-83.794462618613,43.5775074550222],[-83.7944411488777,43.5754243436922],[-83.7944519286612,43.5731313359572],[-83.7944545337755,43.5712611610226],[-83.7944438438236,43.5691779637905],[-83.7944009034547,43.5671179325872],[-83.7944088984607,43.5650313381407],[-83.7940469681311,43.5629821646192],[-83.7937116270355,43.5609809626453],[-83.7933924556151,43.5589393335479],[-83.7929927053136,43.5569069445753],[-83.7926816187307,43.5548465588363],[-83.7923517564601,43.552804786984],[-83.7919655716178,43.5507674376647],[-83.7919762615697,43.5487767689285],[-83.7919655716178,43.5467238527819],[-83.7919413171051,43.5446833678097],[-83.7919306271532,43.5426302477873],[-83.7919306271532,43.5406081827827],[-83.7919118514655,43.5384803616852],[-83.7919413171051,43.5362761415277],[-83.7919091565196,43.5344872698579],[-83.7919118514655,43.5323047856295],[-83.7919199372013,43.530100339731],[-83.7919440120509,43.5281976319428],[-83.7919225423157,43.5262684845684],[-83.7919118514655,43.5242692550997],[-83.7919225423157,43.5222699587221],[-83.7919011615136,43.5204572865647],[-83.7902274204762,43.5184578645107],[-83.7886502492302,43.5165827360906],[-83.7869658182409,43.514661034762],[-83.785302856987,43.512731455158],[-83.7836479805706,43.5107986847112],[-83.7819957092685,43.5088689816146],[-83.7819662445272,43.5069344599283],[-83.7819528596294,43.5049470346279],[-83.781942079846,43.5029548518453],[-83.7819528596294,43.5009003757107],[-83.78193408484,43.498965663812],[-83.7818669806883,43.4969623366224],[-83.7819018353213,43.494895274844],[-83.7819206101107,43.4928918777796],[-83.7818884495253,43.4906579686745],[-83.7818669806883,43.4884162857583],[-83.7818884495253,43.4862055436056],[-83.7818911444711,43.4841147796971],[-83.7818911444711,43.4819350366329],[-83.7819018353213,43.4795917349009],[-83.7818240412177,43.4777669595236],[-83.7817623269577,43.4756991755861],[-83.7817731067411,43.4736047885781],[-83.7818052655299,43.4717049926616],[-83.7817945755781,43.4694625418839],[-83.7817516370058,43.4674380896892],[-83.7817409470539,43.4652499869736],[-83.7817301672705,43.4633811597216],[-83.7816845328541,43.4615479407334],[-83.7816824047452,43.4596862348357],[-83.7817243084582,43.4577893080813],[-83.7803651367721,43.4578342630926],[-83.7777893731034,43.4578187379613],[-83.7753861093255,43.4578264969411],[-83.7729398072623,43.4578187379613],[-83.7703224426129,43.4578187379613],[-83.7673078079104,43.4578498390814],[-83.7637025596548,43.4578732509841],[-83.7606981226275,43.4578654900541],[-83.7580161107186,43.4578576658724],[-83.7555487162126,43.4578654900541],[-83.7530810432288,43.45787324968],[-83.7505704226895,43.4578810745117],[-83.7456241945306,43.4578810745117],[-83.7431568242791,43.4578732509841],[-83.7408831514641,43.4578887650163],[-83.7383827609393,43.4579433529639],[-83.7355926475657,43.4579199391321],[-83.7332108050141,43.4579277639578],[-83.7308717447278,43.4579043527282],[-83.7283936988974,43.4578887695807],[-83.7258829831368,43.4578965950626],[-83.7234689278974,43.45787324968],[-83.7209693045339,43.4578654900541],[-83.7183082745751,43.4578654900541],[-83.7159262838014,43.4578342539636],[-83.7135021476679,43.4578187379613],[-83.7111307677943,43.4578264975931],[-83.7085986748249,43.4577875690099],[-83.7060556529517,43.4577875690099],[-83.7036954382388,43.4577253008305],[-83.7011424387778,43.4577416606364],[-83.6986438709347,43.4577565910991],[-83.6966018215292,43.457799735988],[-83.6954993218759,43.4572411785947],[-83.694642189856,43.4563449936732],[-83.6932972205345,43.4550109019731],[-83.6919411947485,43.4539059315241],[-83.6906279431431,43.4527937290448],[-83.6893674037802,43.4523909341034],[-83.6886361499861,43.4513565529804],[-83.6876689644624,43.4500380987913],[-83.6870152415655,43.4486263687994],[-83.6853239806852,43.4469166990795],[-83.6838111225253,43.4453898769134],[-83.6827482763053,43.4442986861444],[-83.6819761545557,43.4434265950349],[-83.6805928945452,43.4420875287606],[-83.6793909495934,43.4408874938932],[-83.6779316480924,43.4393916236432],[-83.6764510457395,43.4378725368143],[-83.6749431974839,43.4363269936355],[-83.6734578080088,43.4348187216204],[-83.6719985370506,43.433338326038],[-83.6705502039792,43.4318346327459],[-83.6691015564976,43.4303696878662],[-83.6676427248155,43.4288038257515],[-83.6659907310928,43.4271911891128],[-83.6644886015124,43.4256483820815],[-83.6629224076791,43.4241057869152],[-83.6613875767274,43.4225778906317],[-83.6599068216609,43.4209724179441],[-83.6581418818592,43.4191696047613],[-83.6566028935043,43.417614219875],[-83.6550605185009,43.4160630370675],[-83.6550280210471,43.4150314005798],[-83.6550494934774,43.4140102080743],[-83.65501734457,43.4121404037507],[-83.6549637142492,43.4103633910618],[-83.6549422472089,43.4086020447708],[-83.6548778362064,43.4072146525145],[-83.654856451811,43.4052890579624],[-83.6548348940408,43.4034183826436],[-83.6547920426052,43.4015086155781],[-83.6547813553482,43.3997628338037],[-83.6546740291296,43.3978922959245],[-83.6546201787216,43.3964778748756],[-83.6549529200928,43.3950508391245],[-83.6549470019917,43.3931951080527],[-83.6549315518671,43.3916313578183],[-83.6548992996535,43.3897756760981],[-83.6548992996535,43.38788114875],[-83.6548563736576,43.3860221049651],[-83.6551782076845,43.3848757580566],[-83.6551675374956,43.3830232879645],[-83.6551568565269,43.38120817415],[-83.6549207154898,43.3796020696934],[-83.6548455938742,43.3759045135678],[-83.654792047995,43.3748984566831],[-83.6547704857333,43.3729485268639],[-83.6547169515322,43.3711393365288],[-83.6546633212115,43.3691660655765],[-83.6546202883161,43.3674345536937],[-83.6545881367138,43.365531948547],[-83.6544701268315,43.3636759688208],[-83.6543677278723,43.3618088138635],[-83.6542234287933,43.3599628639056],[-83.6541804830345,43.3580748775829],[-83.6540839419892,43.3562578060254],[-83.6539551092044,43.3543385017871],[-83.6538908805599,43.3525130148098],[-83.6537513479418,43.3505856861486],[-83.6537406534983,43.3488139737387],[-83.6537190957281,43.346863658106],[-83.6536762442924,43.3447881335511],[-83.6536762442924,43.3428607745287],[-83.6536546865222,43.3406294039596],[-83.6536118359849,43.3385225770192],[-83.6536011478296,43.3363926538993],[-83.6535045241394,43.3345438386366],[-83.6533865861223,43.332608693015],[-83.6532685546805,43.3308684057599],[-83.6531290211641,43.3289014241533],[-83.6530539202097,43.3268722165575],[-83.6528823177359,43.3242884479033],[-83.6528715334609,43.3223051927285],[-83.6528392848405,43.3201510095457],[-83.6528285939903,43.318652213743],[-83.6528179067334,43.3165996965971],[-83.6527262067092,43.3147624608258],[-83.6526570247542,43.3128215291304],[-83.6526139909605,43.310869608991],[-83.6525819058335,43.3090889171383],[-83.6526940245642,43.3067668460822],[-83.6526890856267,43.3047252747475],[-83.6526462476658,43.3030236561158],[-83.6525604486747,43.3010636219914],[-83.6525496670946,43.299220456867],[-83.6525496670946,43.297354217611],[-83.6525388891078,43.2954805447015],[-83.6524960466553,43.2939658296327],[-83.6524424199278,43.2920605430669],[-83.6523779945522,43.290224875678],[-83.6523994660842,43.28827235484],[-83.6523673126852,43.2863670730072],[-83.6523351601846,43.2844462135823],[-83.6522387017843,43.2826614518303],[-83.6516165016691,43.2808024088967],[-83.6515410449818,43.2792014498933],[-83.6521311860212,43.2773107078233],[-83.6521098528298,43.2755648799234],[-83.6520882950596,43.2737761269256],[-83.6520561290843,43.2718228969549],[-83.6520882878731,43.2697996470172],[-83.652045443624,43.268026632596],[-83.6520347554687,43.2662300615934],[-83.6519489124602,43.2646760096161],[-83.6518308594588,43.2627147880189],[-83.6517665337962,43.2608395345611],[-83.651680674618,43.258949088836],[-83.651551952326,43.2571755627577],[-83.6514553627717,43.2552763717518],[-83.651380275292,43.2533856211405],[-83.6512408405903,43.2514630806805],[-83.6511977951185,43.2495946538986],[-83.6511764152147,43.2477660159386],[-83.6511383257484,43.2455121410534],[-83.6511226941641,43.2442568881151],[-83.6511120042122,43.2426546910044],[-83.6511013142603,43.2406383618712],[-83.6510691536749,43.2387938279803],[-83.6510583747898,43.2369415340991],[-83.651015446099,43.2352301389089],[-83.650940340653,43.2333226407899],[-83.6509188682228,43.231493320645],[-83.6508867130272,43.2296097665895],[-83.6508116165644,43.2277336096033],[-83.6507686699073,43.2258649027405],[-83.6507472019686,43.2239731698155],[-83.6506720516069,43.2220329268037],[-83.6508652594616,43.2201011040565],[-83.6509081782709,43.2179755590175],[-83.6509296453113,43.2161462195201],[-83.6509296453113,43.2141055877445],[-83.6509296453113,43.2122991616356],[-83.6509511168432,43.210782024],[-83.6509774329894,43.2087227186611],[-83.6509511195381,43.2071857737705],[-83.6508974047757,43.2048633466616],[-83.650833087198,43.2029864045569],[-83.6507794550806,43.2009999317985],[-83.6507150404848,43.1987394315417],[-83.6506935752411,43.1970267549159],[-83.6506184850665,43.1953453760544],[-83.6505541576073,43.1933348955089],[-83.6505112235266,43.1915283500565],[-83.6504254335187,43.1897525955228],[-83.6503824015216,43.187914331752],[-83.6503073122453,43.185997944598],[-83.6502215231357,43.1839718130408],[-83.650146423978,43.1820316349968],[-83.6500606285801,43.1800444139115],[-83.6500118509585,43.178257534861],[-83.6499211238097,43.1762107931464],[-83.6498567056207,43.1743171381058],[-83.6498245468319,43.1729009648359],[-83.6497494521657,43.170764988108],[-83.6496743530079,43.1685113880536],[-83.649610031837,43.1666176430013],[-83.6495562973116,43.1648016009524],[-83.6495719226077,43.1631165398273],[-83.6494384131935,43.1612893335814],[-83.6493203799551,43.159591168984],[-83.6491642491654,43.1576627318193],[-83.6490462967754,43.1558391705172],[-83.6489019437974,43.1539873490852],[-83.6487732152172,43.1521558570735],[-83.6486122119655,43.1501048320327],[-83.6485370858583,43.1483977708985],[-83.648494229931,43.1467458670582],[-83.648440510677,43.1446793488091],[-83.6483976619362,43.1428788778887],[-83.6483389139133,43.1408867607161],[-83.6482851200992,43.1389308539429],[-83.6486393527651,43.1371217745889],[-83.6486767810715,43.1354673706569],[-83.6481617050538,43.1334714077472],[-83.6480757201115,43.1314254121233],[-83.6479899238153,43.1294912715164],[-83.6479363141558,43.1276674945207],[-83.647764663173,43.1259372030922],[-83.6476788453173,43.1239867256363],[-83.6475929726643,43.1220839686395],[-83.6474963588555,43.1203133197417],[-83.6475393046143,43.1184334235638],[-83.6474856958531,43.1165701870247],[-83.6474216468716,43.1146438209114],[-83.6473625395226,43.1127407405649],[-83.6472874421614,43.1109080391452],[-83.6472231209905,43.1090006926038],[-83.6471525152058,43.1070627395603],[-83.6470828077364,43.1051085221113],[-83.6469978271105,43.1031612818586],[-83.6469334143113,43.1012499270737],[-83.6468658241711,43.0993414937873],[-83.6467960250735,43.0973986846692],[-83.6467329552557,43.0964976565825],[-83.6468050738033,43.0965157248177]]},"properties":{"OBJECTID":43033,"ID":"131637","VOLTAGE":138,"STATUS":"IN SERVICE","OWNER":"CONSUMERS ENERGY CO","SUB_1":"TAP138702","SUB_2":"KARN","VOLT_CLASS":"100-161"}},{"type":"Feature","geometry":{"type":"LineString","coordinates":[[-87.8201183829949,42.383166464644],[-87.8208908398162,42.3817812960101],[-87.8211143235909,42.3779027549598],[-87.8231817620813,42.371986353949],[-87.8236656521855,42.3720483299759],[-87.825714935724,42.3665583315036],[-87.826628303179,42.3653452668419],[-87.8277430531578,42.3621406546351],[-87.8276076177557,42.360311096888],[-87.828287036063,42.3574456197284],[-87.8285102512414,42.3559092340012],[-87.8288884850952,42.3523719147867],[-87.8300881824621,42.3418465315405],[-87.8305902032637,42.3404059516047],[-87.835778248914,42.330889326977],[-87.8354260886614,42.3307846295179],[-87.8354284682986,42.3305276480309]]},"properties":{"OBJECTID":43052,"ID":"131658","VOLTAGE":138,"STATUS":"IN SERVICE","OWNER":"COMMONWEALTH EDISON CO","SUB_1":"UNKNOWN125312","SUB_2":"TAP136959","VOLT_CLASS":"100-161"}},{"type":"Feature","geometry":{"type":"LineString","coordinates":[[-87.9736160003325,45.8014219997329],[-87.9736056086213,45.8019702809774],[-87.9734110380223,45.8021845789626]]},"properties":{"OBJECTID":43064,"ID":"131675","VOLTAGE":138,"STATUS":"IN SERVICE","OWNER":"NOT AVAILABLE","SUB_1":"PLAINS","SUB_2":"TAP139549","VOLT_CLASS":"100-161"}},{"type":"Feature","geometry":{"type":"LineString","coordinates":[[-85.9394597857617,44.2585199217977],[-85.940521650123,44.2564748756775]]},"properties":{"OBJECTID":43085,"ID":"131705","VOLTAGE":138,"STATUS":"IN SERVICE","OWNER":"NOT AVAILABLE","SUB_1":"C W TIPPY","SUB_2":"TIPPY DAM","VOLT_CLASS":"100-161"}},{"type":"Feature","geometry":{"type":"LineString","coordinates":[[-89.7088266819796,44.9512377660468],[-89.7091049108843,44.9507738475507],[-89.7059089997508,44.9500999997346],[-89.7036889994774,44.9496199999525],[-89.7015069997371,44.9494330000993],[-89.699315999776,44.9499679997338],[-89.6930910000472,44.9512959996417],[-89.6812089999538,44.9518739997844],[-89.6791389994682,44.9518920000716],[-89.677247999981,44.9515639996749],[-89.675673484155,44.9516019000326],[-89.6746546976048,44.9513039038531]]},"properties":{"OBJECTID":43170,"ID":"131817","VOLTAGE":115,"STATUS":"IN SERVICE","OWNER":"NORTHERN STATES POWER CO - WISCONSIN","SUB_1":"SHERMAN ST","SUB_2":"SUNNYVALE","VOLT_CLASS":"100-161"}},{"type":"Feature","geometry":{"type":"LineString","coordinates":[[-87.9072513471406,43.7969081171576],[-87.9069301185781,43.7970270896911],[-87.9063709460598,43.7968962189834],[-87.9046577339472,43.7982168201525],[-87.9027303706574,43.798264408541],[-87.9012194133326,43.798383381616],[-87.8922488449902,43.7983655360913],[-87.8807679462645,43.7982108705476],[-87.8759435889469,43.7981335385982],[-87.8757785711241,43.798142641972],[-87.8757914915929,43.8005115877153],[-87.8757914915929,43.8051574859462],[-87.875797441135,43.8097914857629],[-87.8757498510862,43.8119746405157],[-87.8757379537986,43.8163112088469],[-87.8757141592233,43.8216174066301],[-87.8756844160042,43.826412020985],[-87.8757498510862,43.8311233536179],[-87.8758093375243,43.8360131460057],[-87.8759104644691,43.8410695010939],[-87.8758628762169,43.8444423867402],[-87.8725494762241,43.8444364378528],[-87.8649708932285,43.8444364378528],[-87.8615206753263,43.8444542838654],[-87.8509439695616,43.8444721298727],[-87.8400519874714,43.8446029999977],[-87.8364649498633,43.844632743698],[-87.8328898095427,43.8448706895269],[-87.8285532419159,43.8448766390189],[-87.8282498610816,43.8452395057269],[-87.8277382768155,43.8454477090958]]},"properties":{"OBJECTID":43175,"ID":"131822","VOLTAGE":138,"STATUS":"IN SERVICE","OWNER":"AMERICAN TRANSMISSION CO","SUB_1":"HOWARDS GROVE","SUB_2":"PLYMOUTH SUB 4","VOLT_CLASS":"100-161"}},{"type":"Feature","geometry":{"type":"LineString","coordinates":[[-88.2747434817926,43.8875824475978],[-88.273553752132,43.8882486968829],[-88.2737797996986,43.8958629719026],[-88.2737084168711,43.902846689753],[-88.2737560060216,43.9120076148097],[-88.2736370331454,43.9263438680766],[-88.2735894439949,43.9287233286443],[-88.2714479286295,43.933053947523],[-88.2716739770943,43.9468072320839],[-88.2718048481565,43.9585260780573],[-88.2593364718631,43.9641178109491],[-88.2412644659128,43.9725767951495],[-88.2264285257892,43.9787395986029],[-88.2264642176521,43.9880432918279],[-88.2264047321123,44.0005473591336],[-88.2263690402494,44.010374533078],[-88.2267854462145,44.022807216892],[-88.2194329107855,44.0340620669053],[-88.218136104638,44.0361321977924],[-88.2182431811249,44.0463162917352],[-88.2182907702754,44.0591415858475],[-88.2183502558152,44.068742711995],[-88.2185644078907,44.0815918011254],[-88.2186952780546,44.0891227948744],[-88.219194965033,44.0939887930905],[-88.219742241162,44.0986882281025],[-88.2195637809493,44.1037207876196],[-88.2193020406216,44.1115254200553],[-88.2190759921568,44.1169862827866],[-88.2192068623207,44.129383275138],[-88.2192663487588,44.1395197786497],[-88.2193020406216,44.1466700585766],[-88.2191592731701,44.1589956667121],[-88.219099786732,44.1664909700728],[-88.2188618400813,44.1786857070744],[-88.2187785590679,44.1838372400665],[-88.2185882015676,44.1912373638929],[-88.200147379701,44.1991609685686],[-88.1843953475321,44.2060138169452],[-88.164134237066,44.2147464388688],[-88.1616477012578,44.2158052988784],[-88.1473471399756,44.2157458119904],[-88.1324279188386,44.215650633746],[-88.1287635488609,44.2156625306326],[-88.1262413211899,44.2174114350139],[-88.126205629327,44.2193506955333],[-88.1317021842936,44.2194696690474],[-88.1317140806829,44.2201716097537],[-88.1318092598822,44.2206831936566]]},"properties":{"OBJECTID":43197,"ID":"131854","VOLTAGE":345,"STATUS":"IN SERVICE","OWNER":"AMERICAN TRANSMISSION CO","SUB_1":"FOREST JUNCTION","SUB_2":"CYPRESS","VOLT_CLASS":"345"}},{"type":"Feature","geometry":{"type":"LineString","coordinates":[[-85.4154318856671,43.000027537929],[-85.4173669726717,43.0000719225673],[-85.4173843604623,42.9981761125617],[-85.416232511859,42.9954277909597],[-85.4162151968319,42.9924908271226],[-85.4173576939731,42.9896525930831],[-85.4184449402329,42.9867713129569],[-85.4195880877544,42.9838649559751],[-85.420770135921,42.9809518548578],[-85.4218314038011,42.9780639680042],[-85.4228020927544,42.9756778891282],[-85.4237037641444,42.973332642018],[-85.4246319538016,42.9709381791211],[-85.4246276391933,42.9679344200972],[-85.4245973659682,42.9648816941301],[-85.4245845200596,42.9620594071191],[-85.4245714935897,42.9589337829584],[-85.4245326881661,42.9559471470138],[-85.4245543366661,42.952783306047],[-85.4245154000884,42.9502199140827],[-85.4229653813202,42.9474387371185],[-85.421344519612,42.9446084508529],[-85.4213015352257,42.9421761808753],[-85.4212497033321,42.9400066269255],[-85.421228142867,42.9369588906933],[-85.4211505275281,42.9341572596102],[-85.4210943828228,42.9314756275399],[-85.4210226101266,42.9282930515915],[-85.4210060811254,42.9252648789725],[-85.420973086005,42.9218711528199],[-85.4194500714925,42.9193504449508],[-85.4194130079022,42.916608629718],[-85.419388213502,42.9144867227896],[-85.4193345858762,42.9114276665237],[-85.4193345858762,42.9084471167877],[-85.4192973938268,42.9055417871207],[-85.4192436745728,42.9025488161152],[-85.4191983590583,42.899317310152],[-85.4207974590787,42.89721295854],[-85.4223617251274,42.8951659160652],[-85.4241387050487,42.8927893116986],[-85.4241222470144,42.8897650301541],[-85.4241139816155,42.8868982966302],[-85.4240767922611,42.8839497085678],[-85.4240644853417,42.8806079329341],[-85.4240644853417,42.87745953705],[-85.4241015857629,42.8746586876333],[-85.4240520876924,42.8712012561476],[-85.4240438258868,42.8678233807725],[-85.4246379994634,42.8645057476167],[-85.4250178969971,42.8623386400729],[-85.4249394408351,42.8600958886576],[-85.4248858132093,42.8571340230303],[-85.4248115207387,42.8541296446337],[-85.424737228268,42.8513912295915],[-85.42463402352,42.8486530547012],[-85.4247248449919,42.8460265188543],[-85.4245761567444,42.8427850239747],[-85.4244523760847,42.8396439265142],[-85.4244153708849,42.8369060977768],[-85.4270324148358,42.8355935245657],[-85.4296621160491,42.834276650128],[-85.4328777299317,42.8323664859251],[-85.4358226131473,42.83067608085],[-85.4384605752679,42.8291376778692],[-85.4413848717921,42.8274296820516],[-85.4442157911374,42.8257729361615],[-85.4473792847672,42.8238936761559],[-85.4504260028,42.8221641170842],[-85.4534973211968,42.820390237917],[-85.4582014309288,42.8203688518824],[-85.462958103783,42.820364569008],[-85.4672536031299,42.8205015417726],[-85.4708083597784,42.8206213966462],[-85.4752095001044,42.8207498196193],[-85.4788993579817,42.8208397830789],[-85.482676664157,42.8206642107029],[-85.4861904190009,42.8204972496828],[-85.4896223597803,42.8203645525354],[-85.493820420665,42.820221049716],[-85.4975303145664,42.8201427941194],[-85.5012283516043,42.8193661576636],[-85.5049757375924,42.8186044169412],[-85.5079728811979,42.8179324230076],[-85.5117595343437,42.8171301267553],[-85.5158755889244,42.8162472736802],[-85.5195417070237,42.8162501710729],[-85.5236129410616,42.8161400568743],[-85.5276718556037,42.8160908366748],[-85.5314308226724,42.8160821385432],[-85.5355650735275,42.8160734410693],[-85.5394701327126,42.8160850385795],[-85.5439557928287,42.8161111316514],[-85.5476714125918,42.8161458589181],[-85.5512156859008,42.8161900058314],[-85.5530903881521,42.8162259165243],[-85.5536022059802,42.8177763408168]]},"properties":{"OBJECTID":43233,"ID":"131901","VOLTAGE":345,"STATUS":"IN SERVICE","OWNER":"CONSUMERS ENERGY CO","SUB_1":"VERGENNES","SUB_2":"GAINES","VOLT_CLASS":"345"}},{"type":"Feature","geometry":{"type":"LineString","coordinates":[[-83.9547907936057,43.8212360766508],[-83.954717304229,43.822854636799],[-83.9546550509798,43.8243681726658],[-83.9545724059736,43.825888993546],[-83.9544115177062,43.828907578595],[-83.9541293568755,43.8349443535899],[-83.9536658261889,43.8440719407044],[-83.9534191488119,43.8486526695989],[-83.9533283012889,43.8501426526346],[-83.9529041446595,43.8516546847997],[-83.95246630579,43.853004764992],[-83.9517368737793,43.8544282726132],[-83.9503206797339,43.8571824926906],[-83.9489366444773,43.8598746650301],[-83.9468015296083,43.8640750339864],[-83.9448167019881,43.8679039508891],[-83.9426795200956,43.8720921617005],[-83.9398385081781,43.8776567327627],[-83.9370254338659,43.8831125928],[-83.9348818739349,43.8873461560879],[-83.9326931287451,43.8915600607313],[-83.9297749515447,43.8972735727588],[-83.9268867780747,43.9029363747435],[-83.9239062577935,43.908668082074],[-83.9217711420262,43.9128495445703],[-83.9190439466552,43.9181939886587],[-83.9161364585083,43.9238508537615],[-83.9133276071762,43.9293409770855],[-83.9103235510346,43.9351667877362],[-83.9074374436898,43.9407447416773],[-83.9046243684792,43.946302963032],[-83.9025451288209,43.950331156947],[-83.9012362825536,43.9528569901213],[-83.8976506579954,43.959858152794],[-83.8940907234576,43.9668199559016],[-83.8915170331006,43.9718159538982],[-83.9069320407311,43.9718261188297],[-83.9263603401654,43.9716476591527],[-83.9421690003331,43.9715049997671],[-83.9422189996635,43.9758210000268],[-83.9435999995128,43.9757779996164],[-83.9448130602179,43.9758236130068]]},"properties":{"OBJECTID":43245,"ID":"131916","VOLTAGE":138,"STATUS":"IN SERVICE","OWNER":"CONSUMERS ENERGY CO","SUB_1":"TAP140014","SUB_2":"UNKNOWN144601","VOLT_CLASS":"100-161"}},{"type":"Feature","geometry":{"type":"LineString","coordinates":[[-87.981272030682,43.738468362901],[-87.9772221891242,43.7374118819888],[-87.9691462978891,43.7352941617303],[-87.9621340272217,43.733495289765],[-87.9595261371035,43.7328290398214],[-87.9530825566048,43.730678007589],[-87.9436408560319,43.7283080649844],[-87.9414422338656,43.7277845831464],[-87.9325240139481,43.7253004259327],[-87.9205505662571,43.721959663103],[-87.9181330336392,43.7212934127341],[-87.9096907061249,43.7191899700822],[-87.9034184469273,43.7168866516191],[-87.8987356667934,43.7152019930594],[-87.8897413047741,43.7122704969174],[-87.887266664457,43.7114424445469],[-87.8690495123164,43.7111664267121],[-87.8608260952537,43.710985587625],[-87.8542778179052,43.7108808916088],[-87.8424281014665,43.7106524637155],[-87.8385162680859,43.710628668755],[-87.838521026462,43.7106810170063]]},"properties":{"OBJECTID":43255,"ID":"131935","VOLTAGE":138,"STATUS":"IN SERVICE","OWNER":"AMERICAN TRANSMISSION CO","SUB_1":"TAP137999","SUB_2":"TAP138004","VOLT_CLASS":"100-161"}},{"type":"Feature","geometry":{"type":"LineString","coordinates":[[-88.4526402621217,44.2064344570812],[-88.4525415148141,44.2061473351371],[-88.4506450841128,44.2061401970113],[-88.4498907948198,44.2061330575967],[-88.4490341892127,44.206128298845],[-88.4490651218012,44.2048957376736],[-88.4482323107692,44.2048314931446],[-88.4473471513125,44.2048219747867],[-88.4455673147485,44.2048219747867],[-88.4437422677728,44.2047958010654],[-88.4407274911366,44.2047815238413],[-88.4391903587011,44.2047791450549],[-88.4384170341073,44.2047696266886],[-88.4368108975833,44.2047577295334],[-88.4321971233346,44.2047220380535],[-88.4310668792138,44.2047244168422],[-88.4310787756031,44.2056524069293],[-88.4293608060127,44.2057690010392],[-88.4279521650022,44.2059498395856],[-88.425774957774,44.2063829018206],[-88.425020668481,44.2066684365951],[-88.4249921146314,44.2072180918722],[-88.4247880003309,44.2069159996583]]},"properties":{"OBJECTID":43410,"ID":"132115","VOLTAGE":138,"STATUS":"IN SERVICE","OWNER":"AMERICAN TRANSMISSION CO","SUB_1":"MELISSA","SUB_2":"TAYCO","VOLT_CLASS":"100-161"}},{"type":"Feature","geometry":{"type":"LineString","coordinates":[[-82.7018043003507,43.1029784256009],[-82.7016645027295,43.1036072826624],[-82.7011505397246,43.1036453537036],[-82.7012171650742,43.1044734070936],[-82.7063139697394,43.1042735316476],[-82.7067613091913,43.1116807937846],[-82.708574457981,43.1157568109291],[-82.7086743946581,43.118133891965],[-82.7111799675637,43.1233092196964],[-82.7121436496578,43.1258576230104],[-82.712586228937,43.1306117857451],[-82.7130288091146,43.1372433435808],[-82.7108087720102,43.1417333869669],[-82.7111442757008,43.1473227409021],[-82.7115511640155,43.1525408990277],[-82.7118819093301,43.1575330076038],[-82.7121365107462,43.1625251165866],[-82.7151132167807,43.169135259848],[-82.7182969359791,43.1764164100103],[-82.721530623067,43.1835690700937],[-82.7226085187629,43.1859675666274],[-82.7233294958302,43.1880305599384],[-82.7234794021932,43.1910286800847],[-82.7228083939136,43.1928703826993],[-82.719581844839,43.1989308695725],[-82.7199244865429,43.2042132740936],[-82.7204241735214,43.2066974305673],[-82.7207168482342,43.2113373800322],[-82.7210095211504,43.2156775169629],[-82.7210880437877,43.2206743845264],[-82.7212736411153,43.2257569136565],[-82.7217519131557,43.2331380015277],[-82.7221088317844,43.237535245562],[-82.722551411962,43.244445200673],[-82.7228226708384,43.250320089562],[-82.7230011301528,43.2541105706773],[-82.7234151555824,43.2564305456415],[-82.723879150698,43.2590788860492],[-82.7241432706629,43.2634332987785],[-82.7244073915261,43.2683659220714],[-82.7248499708053,43.2758683631297],[-82.719995871167,43.2793804468567],[-82.7207097093227,43.2890600937017],[-82.7208524767741,43.2940141316203],[-82.721323609903,43.3014380509006],[-82.7218090199567,43.3085764337868],[-82.722422920537,43.3183131877091],[-82.7227869789755,43.3228960295402],[-82.7298944288423,43.3281498801023],[-82.7347485284806,43.3315834417394],[-82.740694801638,43.3365446176577],[-82.751116840867,43.3445681607647],[-82.752344642926,43.3454675965436],[-82.758240948194,43.3506215096617],[-82.7640944217893,43.3557040378636],[-82.7674851541517,43.3577884455689],[-82.7752088842359,43.3645056636504],[-82.7834323012986,43.371529832941],[-82.7881222185474,43.3755416046671],[-82.7947609149225,43.3812594486261],[-82.7989440080779,43.3848571940924],[-82.7989561640803,43.3860850168675],[-82.7995155477027,43.3861791730778]]},"properties":{"OBJECTID":43463,"ID":"160306","VOLTAGE":345,"STATUS":"IN SERVICE","OWNER":"NOT AVAILABLE","SUB_1":"GREENWOOD","SUB_2":"BANNER","VOLT_CLASS":"345"}},{"type":"Feature","geometry":{"type":"LineString","coordinates":[[-82.7018043003507,43.1029784256009],[-82.7016237569449,43.1035601637641],[-82.701096665062,43.1035992081566],[-82.701171174925,43.1045252488467],[-82.7062670121046,43.1043254116104],[-82.7067119458682,43.1116928439391],[-82.7085249015201,43.1157684287995],[-82.708624875028,43.1181463487076],[-82.7111339908892,43.1233289958963],[-82.7120944920488,43.1258689865421],[-82.7125363841168,43.1306157690971],[-82.7129780237583,43.1372332459989],[-82.7107580657057,43.1417231288812],[-82.7110943931514,43.1473261831088],[-82.7115012931442,43.1525444949484],[-82.7118319926447,43.1575359335149],[-82.7120870548966,43.1625370649912],[-82.7150675140923,43.1691555420917],[-82.7182512476638,43.1764367245561],[-82.7214850398545,43.183589616757],[-82.7225620291503,43.1859860970668],[-82.7232799178096,43.1880402535248],[-82.723428959095,43.191021070992],[-82.7227626139701,43.1928499766931],[-82.7195310298384,43.1989199210486],[-82.7198748088094,43.2042198515435],[-82.7203744868047,43.2067039645345],[-82.7206669540067,43.2113406359645],[-82.7209595469728,43.2156795929385],[-82.721038057932,43.2206756898421],[-82.7212237001754,43.2257594429039],[-82.721702044081,43.2331416411347],[-82.7220589609131,43.2375388665821],[-82.7225014862934,43.2444479516295],[-82.7227727245086,43.2503224188818],[-82.7229513383332,43.2541161620053],[-82.72336591982,43.2564392528903],[-82.7238294136757,43.2590847327169],[-82.7240933521809,43.2634361489642],[-82.7243574712474,43.2683687308173],[-82.7247984425423,43.2758439299164],[-82.7199439539334,43.279356294962],[-82.7206597620945,43.2890626536693],[-82.7208025232578,43.2940164357304],[-82.7212737174721,43.3014413301302],[-82.7217591266275,43.3085797028262],[-82.7223730460724,43.3183167405287],[-82.7227389397691,43.3229226965464],[-82.7298651275943,43.3281903976336],[-82.7347180279818,43.3316231107893],[-82.7406635231981,43.336583638585],[-82.7510868119837,43.3446081440574],[-82.7523133581979,43.3455066600791],[-82.7582081039906,43.3506592098673],[-82.7640647396557,43.3557444827969],[-82.7674554549501,43.357828880622],[-82.7751762394585,43.3645435380916],[-82.7833998128281,43.3715678401263],[-82.7880896528218,43.3755795446957],[-82.7947282979928,43.3812973459034],[-82.7988942351229,43.3848803345772],[-82.7989065806699,43.3861273739602],[-82.7995155477027,43.3861791730778]]},"properties":{"OBJECTID":43472,"ID":"160302","VOLTAGE":345,"STATUS":"IN SERVICE","OWNER":"NOT AVAILABLE","SUB_1":"GREENWOOD","SUB_2":"BANNER","VOLT_CLASS":"345"}},{"type":"Feature","geometry":{"type":"LineString","coordinates":[[-82.8691432961299,43.8295266929185],[-82.8719419938043,43.8286983331073],[-82.8718749570262,43.8208353148833],[-82.8662680000095,43.8209199997738],[-82.8607169999502,43.8209950000316],[-82.844333000284,43.8213290000877],[-82.8280640002455,43.8217629999461],[-82.8090452885633,43.8223700671327],[-82.8089599998153,43.8183069996638],[-82.8103020002048,43.8148059997835],[-82.8101270003026,43.8039840000308],[-82.8100446625203,43.7984088949429],[-82.8097829221926,43.7885222340301],[-82.8098067167678,43.7861308755319],[-82.810020867945,43.7793018225631],[-82.8103064037463,43.769427059857],[-82.8104253766225,43.7642636286701],[-82.8132569346701,43.7573275009557],[-82.8102231227329,43.7474051477856],[-82.8072844881985,43.7380062769775],[-82.8043101618012,43.72858361178],[-82.8040960097257,43.7194345841475],[-82.8038223721104,43.7092504909921],[-82.8035606317827,43.6996850578498],[-82.8047265677663,43.6924395985159],[-82.8058925028517,43.6848015290407],[-82.8068680822334,43.6819580729083],[-82.8066777256314,43.6728447375205],[-82.8014191173156,43.6652304619075],[-82.8005030234737,43.6547846290878],[-82.8016332675945,43.6524051676491],[-82.8008242520361,43.6473369159796],[-82.7997772889287,43.6422924578635],[-82.7967434760933,43.6383782448056],[-82.7921868077472,43.63272702487],[-82.7870471723076,43.6282060489981],[-82.7856432896731,43.6269925236456],[-82.7849889388539,43.6214840716125],[-82.7840609486227,43.6124659145814],[-82.7826570668865,43.6021033621021],[-82.7814435417524,43.5945604710899],[-82.7807891900348,43.5813663590918],[-82.7805155515212,43.5762267230641],[-82.7835136724937,43.5656381216871],[-82.7850365280044,43.5587257881542],[-82.7845130455523,43.5478040619598],[-82.7840847431979,43.5391785157277],[-82.7839895648969,43.5366205946607],[-82.7896526818903,43.5256988685443],[-82.7891648930977,43.5109343128294],[-82.7889388437346,43.5011547286002],[-82.7886533079333,43.490958737979],[-82.7885105404818,43.484236760728],[-82.7894147361378,43.4773839127943],[-82.7945186797146,43.4655579920387],[-82.7978142328777,43.458407712054],[-82.7973264440851,43.4459393360383],[-82.7972788549346,43.4431672638974],[-82.8019782898339,43.4333400899487],[-82.8009194303371,43.4246074676225],[-82.8015618838688,43.4221090337797],[-82.8002293858584,43.4150420348796],[-82.7989563581164,43.392960340803],[-82.7989069840134,43.3861974559152],[-82.7995155477027,43.3861791730778]]},"properties":{"OBJECTID":43498,"ID":"160317","VOLTAGE":345,"STATUS":"IN SERVICE","OWNER":"NOT AVAILABLE","SUB_1":"RAPSON","SUB_2":"BANNER","VOLT_CLASS":"345"}},{"type":"Feature","geometry":{"type":"LineString","coordinates":[[-82.8691432961299,43.8295266929185],[-82.8668321464995,43.8294523870703],[-82.8668511826987,43.8281960306437],[-82.872215829049,43.8281391061301],[-82.8723894320709,43.8268586706424],[-82.872357344249,43.8205593515426],[-82.8785416125662,43.8204710630967],[-82.8879079867076,43.8202388319136],[-82.9041406337231,43.8195885409059],[-82.9171332371719,43.8191705438735],[-82.9264673617946,43.818876342598],[-82.9313155774679,43.8188329078586],[-82.9310230779265,43.8150428271283],[-82.9310576136576,43.8132342281171],[-82.930825351546,43.8095416547973],[-82.9307287592967,43.806304485865],[-82.9306123421275,43.8024563426527],[-82.9304713057296,43.7985613055434],[-82.9302567853448,43.7914983689363],[-82.9301333550281,43.7875290266521],[-82.9300689377374,43.7852631459844],[-82.9300387642253,43.7837136410586],[-82.9276310160575,43.7811445261303],[-82.926498883678,43.7799474971154],[-82.9252128932465,43.7785336988876],[-82.9238991502626,43.777135951619],[-82.9224059319697,43.7755863255591],[-82.9196126035258,43.7725065777247],[-82.9182617744937,43.7710715758859],[-82.9170482026472,43.7697425289336],[-82.915796734472,43.7683635509887],[-82.9156226167154,43.7645487957924],[-82.9154525656322,43.7597447257391],[-82.9152809056662,43.7560098745612],[-82.9149788911694,43.7488954040263],[-82.9147766660259,43.744330000639],[-82.9145298871392,43.7360279088084],[-82.9143565940361,43.7300196651294],[-82.9142707061118,43.7252897560369],[-82.9142545597929,43.7234168560655],[-82.9135144917292,43.7234234058311],[-82.9133922094594,43.7230932218338]]},"properties":{"OBJECTID":43499,"ID":"160326","VOLTAGE":120,"STATUS":"IN SERVICE","OWNER":"NOT AVAILABLE","SUB_1":"MICHIGAN WIND 2","SUB_2":"RAPSON","VOLT_CLASS":"100-161"}},{"type":"Feature","geometry":{"type":"LineString","coordinates":[[-84.0338659765523,43.4874433606193],[-84.0314696315987,43.4877161827143],[-84.0174185432506,43.4876690607042],[-84.0103083463358,43.4875582856106],[-84.0104374656831,43.4802529436798],[-84.0105662840949,43.4724986279018],[-84.0106483901119,43.4682185449135],[-84.0107057915602,43.4660826295897],[-84.0106950126751,43.4619788565164],[-84.0113172756724,43.45860681478],[-84.0112528655682,43.4550477586665],[-84.0111993268756,43.4493776165956],[-84.012014727659,43.4478004758191],[-84.0152493813341,43.4478432580268],[-84.0206246296013,43.447882127794],[-84.0233819185344,43.4478977148245],[-84.0250931202174,43.4473758405987],[-84.0301534200444,43.4474074720963],[-84.0397593748721,43.4475550600981],[-84.04379352915,43.4476485175085],[-84.0437719695832,43.4438394730043],[-84.043892308797,43.4399447657854],[-84.0464637866034,43.4402603120297]]},"properties":{"OBJECTID":46003,"ID":"135097","VOLTAGE":138,"STATUS":"IN SERVICE","OWNER":"CONSUMERS ENERGY CO","SUB_1":"TAP145810","SUB_2":"UNKNOWN145811","VOLT_CLASS":"100-161"}},{"type":"Feature","geometry":{"type":"LineString","coordinates":[[-85.8286350001641,44.3592469997678],[-85.8259489997353,44.3696019999551],[-85.8249429998048,44.3735249995332],[-85.8199989994678,44.3810489999886],[-85.819631999945,44.3900719995221],[-85.8194779999592,44.3934979998269],[-85.8190749995531,44.4025029996225],[-85.7976279997241,44.4141819996828],[-85.7860489995794,44.4205239999864],[-85.7775479995007,44.4357100001285],[-85.7669709999869,44.4545549995355],[-85.7551629995133,44.4768739998328],[-85.7522359999585,44.4823770000012],[-85.7507670002457,44.4851789999262],[-85.7435449999089,44.4980339997268],[-85.7368830003371,44.5100200000669],[-85.730994000169,44.5209359997833],[-85.7259190003107,44.5304479997164],[-85.7184779996908,44.54147699965],[-85.7083530000886,44.5585429996127],[-85.7059739998065,44.5625649997807],[-85.6856169995736,44.5811419998099],[-85.6710930003307,44.5944310000606],[-85.6663599998809,44.5987759996601],[-85.6660000000308,44.6157939995952],[-85.6590039996498,44.6339179998737],[-85.6529539998232,44.6417919997438],[-85.6473059996794,44.6491389997526],[-85.6424939995869,44.6553730000224],[-85.6353609998369,44.6646389996332],[-85.6319789999973,44.6755429998287],[-85.631152000167,44.6792279997321],[-85.6311939999998,44.6813599997878],[-85.6302989994991,44.6834119996584],[-85.626720999841,44.6867320001051],[-85.6243740002442,44.6889449998197],[-85.621923999817,44.6930819996215],[-85.6203160001871,44.6959139996138],[-85.6201249994931,44.6968479998998],[-85.6165510000329,44.6973229999148],[-85.6163226455927,44.6956286417962]]},"properties":{"OBJECTID":46018,"ID":"135111","VOLTAGE":138,"STATUS":"IN SERVICE","OWNER":"NOT AVAILABLE","SUB_1":"TAP145688","SUB_2":"KEYSTONE","VOLT_CLASS":"100-161"}},{"type":"Feature","geometry":{"type":"LineString","coordinates":[[-89.3585717390028,42.3400163125884],[-89.3786305946811,42.3398354740542],[-89.3784640326544,42.3338154380262],[-89.3800963424925,42.3325400457898],[-89.3928740491624,42.3325162518544],[-89.3998196944802,42.3306310051027],[-89.4073228531278,42.332007630591],[-89.4426407491403,42.3316890188477],[-89.4758746812544,42.3314707030443],[-89.4952625295514,42.3311280610239],[-89.5099818746394,42.3311351986989],[-89.5123446800935,42.331092368652],[-89.5192617724599,42.3303856686678],[-89.5257148715074,42.3304427760321],[-89.527863524886,42.331049538576],[-89.5336527527688,42.3311066460016],[-89.5538329618588,42.330756864945],[-89.6026951939912,42.3303333208691],[-89.6024707696804,42.3231192480591],[-89.6142947188435,42.3230397718158],[-89.6154166831923,42.3230247620384],[-89.6165388541536,42.3230186515921],[-89.6174833850642,42.3230027996306],[-89.6174746543379,42.3223212086622],[-89.6174502147723,42.3216717579329],[-89.6174298230154,42.3205625681079],[-89.6174014587103,42.3197907041424],[-89.6174030532199,42.3195274108675],[-89.6173775707102,42.3191088067117],[-89.6175929444945,42.3187088259566],[-89.6179262616858,42.3187242100576],[-89.6180905635512,42.3184155595427]]},"properties":{"OBJECTID":46021,"ID":"135129","VOLTAGE":138,"STATUS":"IN SERVICE","OWNER":"COMMONWEALTH EDISON CO","SUB_1":"UNKNOWN121925","SUB_2":"TAP137881","VOLT_CLASS":"100-161"}},{"type":"Feature","geometry":{"type":"LineString","coordinates":[[-87.7226748524622,41.8285219897723],[-87.7233735297509,41.8277499267459],[-87.723831577121,41.8267832710012],[-87.726355825103,41.8271763725592]]},"properties":{"OBJECTID":46025,"ID":"135120","VOLTAGE":138,"STATUS":"NOT AVAILABLE","OWNER":"COMMONWEALTH EDISON CO","SUB_1":"UNKNOWN122269","SUB_2":"NOT AVAILABLE","VOLT_CLASS":"100-161"}},{"type":"Feature","geometry":{"type":"LineString","coordinates":[[-88.096953699797,41.7138040918636],[-88.0978863630643,41.7137833295946],[-88.09891425404,41.7132265560239],[-88.1173925042129,41.7127990916414],[-88.1174098327147,41.7151838698225],[-88.1179567881451,41.7153010745546],[-88.1180599551639,41.7151142055036]]},"properties":{"OBJECTID":46048,"ID":"135140","VOLTAGE":138,"STATUS":"IN SERVICE","OWNER":"NOT AVAILABLE","SUB_1":"TAP138245","SUB_2":"ROYCE","VOLT_CLASS":"100-161"}},{"type":"Feature","geometry":{"type":"LineString","coordinates":[[-88.4964418270162,43.7353721279687],[-88.4945246290621,43.7350425888073]]},"properties":{"OBJECTID":46064,"ID":"135154","VOLTAGE":138,"STATUS":"NOT AVAILABLE","OWNER":"NOT AVAILABLE","SUB_1":"SOUTH FOND DE LAC","SUB_2":"NOT AVAILABLE","VOLT_CLASS":"100-161"}},{"type":"Feature","geometry":{"type":"LineString","coordinates":[[-86.3980943872693,43.3981400611279],[-86.3972272668817,43.3981695565761],[-86.3972325193312,43.3995539355782],[-86.3972513839521,43.4009668795974],[-86.3973076175906,43.4029545915494],[-86.3973236983325,43.4049247488402],[-86.3973524435233,43.4068808747083],[-86.398270522642,43.4077502881569],[-86.3991905771559,43.4086114657103],[-86.3989867485197,43.4103690887504],[-86.3990188192736,43.4127032615985],[-86.3990242091653,43.4142970447116],[-86.3990483738465,43.4158011939016],[-86.3990671486359,43.4172877526457],[-86.3990832275812,43.4190684836101],[-86.3991020032689,43.421004970827],[-86.3991315578418,43.4228166476627],[-86.3991556326914,43.4250783798302],[-86.3991798872041,43.4273282836707],[-86.3992120468912,43.4295586631255],[-86.3992307318491,43.4313662357397],[-86.3992541778781,43.4333877846681],[-86.3964359831687,43.4348118781527],[-86.3934337236577,43.4348388828072],[-86.3904269725702,43.4348719559583],[-86.3873772820121,43.4349069847376],[-86.3844330536684,43.4349403840098],[-86.381753558839,43.4349657591208],[-86.3788514605838,43.4350162477321],[-86.3761826566045,43.4344670605713],[-86.3735669421602,43.4339430489205],[-86.370943771699,43.4333977660198],[-86.3682915856542,43.4333977660198],[-86.3659896527386,43.4333704325985],[-86.3635385985876,43.4333607787137],[-86.361022238712,43.433333445928],[-86.358390982515,43.4332866735667],[-86.3555269746245,43.4332243755957],[-86.3532899000725,43.4331698397034],[-86.3509666770847,43.4331113910489],[-86.3488718058421,43.4330665755265],[-86.3467555546958,43.4330023855501],[-86.3456531421791,43.4336898801407],[-86.3445057240667,43.4343462511213],[-86.3415708382019,43.4342664719636],[-86.3394545870556,43.4342235490371],[-86.3379718278477,43.4346208778365],[-86.3363298871713,43.435068889594],[-86.3335113331359,43.43582459272],[-86.3324599449274,43.4349403840098],[-86.3307400295861,43.4335223615409],[-86.3279484259074,43.4326750417053],[-86.3251959878769,43.4318180545708],[-86.3240727335473,43.430306540773],[-86.3231172863095,43.4290716635101],[-86.3221972317954,43.4278522880084],[-86.3204672562213,43.4255497535486],[-86.3188954739687,43.4234419505656],[-86.3179815279986,43.4222127400943],[-86.3163936659024,43.4212582579133],[-86.3146635995984,43.4202159375708],[-86.3125983736585,43.4189593875717],[-86.3104632578912,43.4176676416058],[-86.3087278025939,43.4166156668406],[-86.3067001253345,43.4153881461572],[-86.3048836419985,43.4142931947308],[-86.3035217061962,43.4127403926914],[-86.3018453600446,43.4108191718308],[-86.3007751072151,43.4096247498092],[-86.2995654358535,43.4082529906207],[-86.2984649996304,43.4069999775592],[-86.2968235081117,43.405138944935],[-86.2954724419244,43.4035781416016],[-86.2939167395154,43.4018496918074],[-86.2925165345837,43.4002360656998],[-86.2907190236665,43.3982882757892],[-86.2891285384897,43.3963512579698],[-86.2874820173037,43.3944419855141],[-86.2857332669401,43.3933290307717],[-86.2835794662149,43.3919685886374],[-86.2816428781254,43.3907192860781],[-86.279486381556,43.3893411588963],[-86.2776459141002,43.3881651786061],[-86.2754335432185,43.3867550696883],[-86.2747361810635,43.3851639580571],[-86.2741219130722,43.3839008696781],[-86.2734353307005,43.3822691390412],[-86.2728479223362,43.3810079496935],[-86.2721851453196,43.3795807638382],[-86.2715736621057,43.3782044727841],[-86.2706310598781,43.3762612629897],[-86.2698999210683,43.3745937387577],[-86.269057660658,43.3727922426649],[-86.2682262698625,43.371021970709],[-86.2674537187182,43.3692437467921],[-86.2670145539353,43.3683065307428]]},"properties":{"OBJECTID":46067,"ID":"135158","VOLTAGE":138,"STATUS":"IN SERVICE","OWNER":"WOLVERINE POWER SUPPLY COOP","SUB_1":"UNKNOWN128787","SUB_2":"TAP140396","VOLT_CLASS":"100-161"}},{"type":"Feature","geometry":{"type":"LineString","coordinates":[[-90.6640816848746,42.4021069971444],[-90.6628682881995,42.4019596856396],[-90.6607689047193,42.4012074147318],[-90.6563409317157,42.4012179447957],[-90.6505439226259,42.4002701709368],[-90.6464439478888,42.3991644155684],[-90.6427646658774,42.3971950710667],[-90.6317482096282,42.3962788297908],[-90.6283969258832,42.3966316368968],[-90.6207317551757,42.3968527985884],[-90.6125674562419,42.3966632320405],[-90.6048471442473,42.3958435237742],[-90.6008327331427,42.3909408490038],[-90.5893741925861,42.3768099480677],[-90.5814309367043,42.3671013396997],[-90.575933405269,42.3599255925201],[-90.567013283618,42.349286908793],[-90.5583855096931,42.3385937187173],[-90.550413732301,42.3287685050133],[-90.5432405580949,42.3196535081307],[-90.5301562887579,42.3034129970922],[-90.525550055866,42.2977911158928],[-90.5223057282336,42.2937668917575],[-90.5083301594549,42.2740850997553],[-90.4993601265084,42.2616007781158],[-90.4933064238262,42.2530302266078],[-90.4916010719723,42.2506330078586],[-90.483108774772,42.2386191535474],[-90.4718516688414,42.2226877675636],[-90.4637943269185,42.2113076320634],[-90.4572937860443,42.2020647121487],[-90.4498900628137,42.1916670130001],[-90.445065163812,42.1847900339604],[-90.4318501707365,42.1661541498607],[-90.4207267601713,42.1505172626886],[-90.415034330252,42.1423228716556],[-90.4029245479453,42.1252522247558],[-90.3960104451721,42.1154677980941],[-90.3827479159468,42.0966562995578],[-90.3753465696584,42.0862324540603],[-90.3612141325732,42.0662159859236],[-90.3477091705105,42.0535529200284],[-90.3367568890069,42.0434926640784],[-90.3239221842322,42.0316406990432],[-90.3118575611332,42.02044338059],[-90.3013901453042,42.0106957646702],[-90.3013045807734,41.9993569856149],[-90.3062530726869,41.9952978466216],[-90.3061104651355,41.9794191479402],[-90.3061675081561,41.9729202469592],[-90.3059963790945,41.9631229349747],[-90.3056398593178,41.9421448357245],[-90.3057373076614,41.9391569986668],[-90.3039844196577,41.9369292890471],[-90.30300399117,41.9345512117629],[-90.3024276168124,41.9327300218744],[-90.3008292210712,41.9315497579189],[-90.3008589310526,41.9288576110552],[-90.3008720042349,41.9225595777132],[-90.3007151350301,41.9176519339996],[-90.2960019460255,41.9142561537525],[-90.2932781355065,41.9094593057215],[-90.2929144858013,41.9065088530473],[-90.2928431820257,41.9026242367604],[-90.2963156826385,41.8977787476819],[-90.2963513349755,41.8879911199489],[-90.2963798564858,41.8808776947098],[-90.2964155088227,41.8734926970815],[-90.2963513349755,41.866430757935],[-90.2963156826385,41.8627932889557],[-90.2963156826385,41.8518424628391],[-90.2963370742204,41.8444753581108],[-90.2963655957306,41.8280118321196],[-90.2964155088227,41.8229056318128],[-90.2964654219149,41.817453609841],[-90.2906327604881,41.8141003328958],[-90.2907183259172,41.8086263020435],[-90.2907325857741,41.8036992735816],[-90.2906327604881,41.8007545688519],[-90.2961302928217,41.8007492537237],[-90.2961873358423,41.7969592086898],[-90.295659687004,41.7946786945171],[-90.2952247326249,41.7928552889823],[-90.2957024701677,41.791701678662],[-90.2953974005006,41.790999406846]]},"properties":{"OBJECTID":46086,"ID":"135181","VOLTAGE":345,"STATUS":"IN SERVICE","OWNER":"MIDAMERICAN ENERGY CO","SUB_1":"SALEM","SUB_2":"ROCK CREEK","VOLT_CLASS":"345"}},{"type":"Feature","geometry":{"type":"LineString","coordinates":[[-86.4858916708388,45.9059553141431],[-86.4854750977871,45.9056183526421],[-86.4833636553225,45.9066456167085],[-86.4698953912358,45.9065577299459],[-86.4675034516203,45.9065338108108],[-86.4499167829601,45.9156722147113],[-86.4267861237948,45.9178841955971],[-86.4156836287044,45.9189789756942],[-86.3866757669455,45.9244997507454],[-86.3646371312806,45.9287191540156],[-86.3646252501626,45.9333526138983],[-86.3574007740689,45.9336718628522],[-86.3508306568793,45.9347311750503],[-86.3345865770051,45.9373135668688],[-86.3103833240006,45.9456550030471],[-86.2974005032053,45.9501334809708],[-86.2889917160887,45.9615794356944],[-86.2799649168028,45.9739556515903],[-86.2740973585222,45.9738845301015],[-86.2711613524583,45.9743436575688],[-86.2711519399108,45.9746166121386],[-86.2705668995056,45.9746661147821],[-86.2701513801776,45.9749523080175]]},"properties":{"OBJECTID":46092,"ID":"135192","VOLTAGE":138,"STATUS":"IN SERVICE","OWNER":"AMERICAN TRANSMISSION CO","SUB_1":"INDIAN LAKE","SUB_2":"GARDEN CORNERS","VOLT_CLASS":"100-161"}},{"type":"Feature","geometry":{"type":"LineString","coordinates":[[-88.0668939710275,44.4015987179846],[-88.0663805937241,44.4015915676437],[-88.0645964326704,44.4028434120893],[-88.0612734952641,44.4051705400029],[-88.055206466973,44.4094543365501],[-88.0505432404679,44.4129279787496],[-88.0447975530286,44.4174008125818],[-88.0402049394947,44.4209285579296],[-88.0371056179155,44.4232783328109],[-88.0306513339902,44.4281978635593],[-88.0245183855269,44.4328496249748],[-88.0215000048497,44.435177410779],[-88.0207988500076,44.4356807015287],[-88.0199278381182,44.4363520165922],[-88.0166897582686,44.4387924819916],[-88.0101700949569,44.4437476636592],[-88.0020444065123,44.4499103380161],[-88.000420250682,44.4511669835905],[-87.9970158576391,44.4558190601439],[-87.9937321730175,44.4603162808069],[-87.9895621027388,44.4659913828289],[-87.9852240466036,44.4718787455299],[-87.9813653207243,44.4737218970757],[-87.9789200274691,44.4776701517255],[-87.9776229051146,44.4776651451155]]},"properties":{"OBJECTID":46153,"ID":"135258","VOLTAGE":138,"STATUS":"IN SERVICE","OWNER":"AMERICAN TRANSMISSION CO","SUB_1":"ROCKLAND (WPS)","SUB_2":"HIGHWAY V","VOLT_CLASS":"100-161"}},{"type":"Feature","geometry":{"type":"LineString","coordinates":[[-83.2752940454534,42.6185825718744],[-83.2729120825275,42.6178546550314],[-83.2713995001504,42.6180591859635],[-83.2708485624884,42.6176863501618],[-83.2700009130846,42.6171468558144],[-83.268246054177,42.6158877788444],[-83.2671352873282,42.6151268726922],[-83.2655795849192,42.6141043608258],[-83.2642255542914,42.6131773635862],[-83.2626108325682,42.6120995508618],[-83.2610627658391,42.6111078647017],[-83.2596625618058,42.6101603929952],[-83.2581981282296,42.6093983590303],[-83.2570843151937,42.6087056279516],[-83.2570554711882,42.6086876875117],[-83.2559643765458,42.6077922787799],[-83.2547434771414,42.6065611775377],[-83.2535718045164,42.6054390835381],[-83.2529012121568,42.6045664388114],[-83.2520987471135,42.6034679795597],[-83.2509722597472,42.6018569855693],[-83.2495002803226,42.6001479540492],[-83.2480486028235,42.5988914416514],[-83.2467504465081,42.5978766659448],[-83.245457681881,42.5969209915055],[-83.2444169836244,42.5959811727083],[-83.2437120756209,42.5952552705443],[-83.2429685400602,42.5943541805611],[-83.2421154998665,42.5928731655418],[-83.2414825469173,42.5917516840917],[-83.2410459656892,42.5903109495962],[-83.2393829146037,42.5887903549469],[-83.2383926118345,42.587762781792],[-83.2375611312075,42.5869649568105],[-83.2363595446835,42.5857974687128],[-83.2348897212156,42.5844727406494],[-83.2339005862562,42.5834900730641],[-83.232486458336,42.5821699915074],[-83.2309285999703,42.5805513700175],[-83.2302012340847,42.5798790649302],[-83.2295231857083,42.579204370648],[-83.2281981706642,42.5779403588021],[-83.2264010011068,42.5762259747563],[-83.2255824562199,42.5754588290589],[-83.2247219600092,42.5746023685684],[-83.2229731198141,42.5729708485169],[-83.2215623156604,42.5715368915185],[-83.2202019069941,42.5702402415196],[-83.218710613791,42.5687982821411],[-83.2172654041619,42.5674557930241],[-83.2158406761212,42.5661314685363],[-83.2143922325571,42.5647447925634],[-83.2130136779221,42.5633974517731],[-83.2117046528901,42.5621370901044],[-83.2102187495786,42.5608094767252],[-83.2087059866402,42.5593395756824],[-83.2071732811024,42.5578585890566],[-83.2071234246041,42.5578103515228],[-83.2060023271296,42.5567909361568],[-83.2046805460205,42.5554955677721],[-83.2034735696048,42.5543180925642],[-83.2019092424707,42.5528116418257],[-83.2004018703223,42.5513534641251],[-83.1988601816317,42.5499118616774],[-83.197519086744,42.548651160773],[-83.1962530011826,42.5473904350677],[-83.1935560790366,42.544655993556],[-83.1929292346313,42.5439907810286],[-83.1911588348694,42.5420145576872],[-83.1903675987671,42.5410499521312],[-83.1893778349871,42.5398288515829],[-83.1881655585112,42.5383585880968],[-83.1869263325767,42.5368525458216],[-83.1862075006864,42.5371292927105],[-83.1838847268562,42.5371450469255],[-83.1830739362269,42.5374612801288],[-83.182270005133,42.5370539317616]]},"properties":{"OBJECTID":46231,"ID":"135341","VOLTAGE":120,"STATUS":"IN SERVICE","OWNER":"NOT AVAILABLE","SUB_1":"PONTIAC","SUB_2":"BLOOMFIELD","VOLT_CLASS":"100-161"}},{"type":"Feature","geometry":{"type":"LineString","coordinates":[[-88.2231472459576,42.1993448858011],[-88.2110009651009,42.1929900495585]]},"properties":{"OBJECTID":46283,"ID":"160664","VOLTAGE":138,"STATUS":"NOT AVAILABLE","OWNER":"COMMONWEALTH EDISON CO","SUB_1":"RISER160110","SUB_2":"RISER160112","VOLT_CLASS":"100-161"}},{"type":"Feature","geometry":{"type":"LineString","coordinates":[[-88.223218765329,42.1992749927459],[-88.2109914465522,42.1928663177187]]},"properties":{"OBJECTID":46284,"ID":"160663","VOLTAGE":138,"STATUS":"NOT AVAILABLE","OWNER":"COMMONWEALTH EDISON CO","SUB_1":"RISER160109","SUB_2":"RISER160111","VOLT_CLASS":"100-161"}},{"type":"Feature","geometry":{"type":"LineString","coordinates":[[-88.1422961431017,42.1565614101325],[-88.1424629701314,42.1569554916305],[-88.1422630949807,42.1583165437792],[-88.1525804382583,42.1635608758308],[-88.1663622754646,42.170670704837],[-88.1856835002085,42.1805692626681],[-88.1981042855548,42.1869938080204],[-88.2099444843431,42.1930566750628],[-88.2109914465522,42.1928663177187]]},"properties":{"OBJECTID":46302,"ID":"160662","VOLTAGE":138,"STATUS":"IN SERVICE","OWNER":"COMMONWEALTH EDISON CO","SUB_1":"UNKNOWN144429","SUB_2":"RISER160111","VOLT_CLASS":"100-161"}},{"type":"Feature","geometry":{"type":"LineString","coordinates":[[-84.1407405221976,44.1797870298624],[-84.1407299229756,44.1787739949446],[-84.1407229161164,44.1762869678042],[-84.1407129448167,44.173711954732],[-84.1406469186434,44.1617909596605],[-84.1406398111728,44.1606754021126],[-84.1406968541934,44.1593488289761],[-84.1407741003246,44.1580316037014],[-84.1407622156134,44.1566802461022],[-84.1408394617447,44.1551412800891],[-84.1397461347888,44.1538111711032]]},"properties":{"OBJECTID":46327,"ID":"135453","VOLTAGE":138,"STATUS":"IN SERVICE","OWNER":"CONSUMERS ENERGY CO","SUB_1":"TAP139896","SUB_2":"TAP145642","VOLT_CLASS":"100-161"}},{"type":"Feature","geometry":{"type":"LineString","coordinates":[[-88.0949959051786,41.6302516328154],[-88.0940826041989,41.6314586076066],[-88.0920051656627,41.6316909759893],[-88.0811779691726,41.6319970459294],[-88.0740871758679,41.6321683679188],[-88.0735871151903,41.6344268418901],[-88.0739476091138,41.6422591865619],[-88.0696818691556,41.6529314585907],[-88.062652371496,41.6648267696684],[-87.9562486266029,41.7004998276753],[-87.9441644462818,41.7067806260629],[-87.937238828005,41.7122057966457],[-87.9232511858688,41.7186415995151],[-87.92301272628,41.7187537388619],[-87.9207219702032,41.7196330210419],[-87.9159429805024,41.7215113221042],[-87.8888104758666,41.7352441189716],[-87.8866082649308,41.7364558956764],[-87.8855772199701,41.7373714798131],[-87.8766896236207,41.7486338989591],[-87.8651460826752,41.7606581960975],[-87.8636980936586,41.7617196008585],[-87.8615745769383,41.7631194069867],[-87.8530303364533,41.7687521356208],[-87.8520839765729,41.7695754685767],[-87.834565992201,41.7903364390318],[-87.8337676872558,41.7919300688203],[-87.8292891921024,41.797178841844],[-87.8277036045404,41.798489317994],[-87.8255443025324,41.7997847806976],[-87.8235663766685,41.800763597939],[-87.8238180343054,41.8016188810398],[-87.8231473422329,41.8022287997573]]},"properties":{"OBJECTID":46329,"ID":"135483","VOLTAGE":345,"STATUS":"IN SERVICE","OWNER":"COMMONWEALTH EDISON CO","SUB_1":"UNKNOWN122289","SUB_2":"LOCKPORT","VOLT_CLASS":"345"}},{"type":"Feature","geometry":{"type":"LineString","coordinates":[[-90.3500891966686,45.6834907515972],[-90.3505174999214,45.6834812336824],[-90.3505365352222,45.6836240009783]]},"properties":{"OBJECTID":46346,"ID":"135475","VOLTAGE":115,"STATUS":"IN SERVICE","OWNER":"NORTHERN STATES POWER CO","SUB_1":"UNKNOWN132504","SUB_2":"TAP139526","VOLT_CLASS":"100-161"}},{"type":"Feature","geometry":{"type":"LineString","coordinates":[[-88.593693303131,43.9907165640239],[-88.5938122760073,43.9909247669585],[-88.5937884805337,43.9961417347387],[-88.5937884805337,43.9991695986459],[-88.5937825327882,44.0020903868435],[-88.5937706346023,44.0035953966875],[-88.5898564215845,44.0035597050253],[-88.5859541058543,44.003577550536],[-88.5842420840094,44.0035585148075],[-88.5840029479892,44.0037298361443]]},"properties":{"OBJECTID":46355,"ID":"135486","VOLTAGE":138,"STATUS":"IN SERVICE","OWNER":"AMERICAN TRANSMISSION CO","SUB_1":"PROGRESS","SUB_2":"ELLINWOOD","VOLT_CLASS":"100-161"}},{"type":"Feature","geometry":{"type":"LineString","coordinates":[[-83.1021656421283,42.2949423415604],[-83.1026286760466,42.2962606659919]]},"properties":{"OBJECTID":46417,"ID":"135544","VOLTAGE":120,"STATUS":"NOT AVAILABLE","OWNER":"WYANDOTTE MUNICIPAL SERV COMM","SUB_1":"DELRAY","SUB_2":"NOT AVAILABLE","VOLT_CLASS":"100-161"}},{"type":"Feature","geometry":{"type":"LineString","coordinates":[[-88.2093666645961,41.7027953966553],[-88.2340773489552,41.7023641338634],[-88.234539193504,41.7023195925327],[-88.2355695269989,41.7022879861504]]},"properties":{"OBJECTID":46423,"ID":"135560","VOLTAGE":138,"STATUS":"IN SERVICE","OWNER":"NOT AVAILABLE","SUB_1":"TAP138239","SUB_2":"TAP138243","VOLT_CLASS":"100-161"}},{"type":"Feature","geometry":{"type":"LineString","coordinates":[[-85.6586904948022,42.2254136401415],[-85.6583892250087,42.2253203885012]]},"properties":{"OBJECTID":46452,"ID":"135600","VOLTAGE":138,"STATUS":"IN SERVICE","OWNER":"INDIANA MICHIGAN POWER CO","SUB_1":"UNKNOWN129883","SUB_2":"TAP141281","VOLT_CLASS":"100-161"}},{"type":"Feature","geometry":{"type":"LineString","coordinates":[[-89.6444791095198,43.5808995641132],[-89.6445742878208,43.5806913610796]]},"properties":{"OBJECTID":46455,"ID":"135605","VOLTAGE":138,"STATUS":"IN SERVICE","OWNER":"AMERICAN TRANSMISSION CO","SUB_1":"TAP138009","SUB_2":"ACEC LEWISTON","VOLT_CLASS":"100-161"}},{"type":"Feature","geometry":{"type":"LineString","coordinates":[[-86.7567473977662,41.7191917645057],[-86.7570031903485,41.7195903248553],[-86.7567890382729,41.7217020969336],[-86.7561643839603,41.7226310777095],[-86.7354950727408,41.7228231559769],[-86.7354954042192,41.7225851397285]]},"properties":{"OBJECTID":45071,"ID":"134022","VOLTAGE":138,"STATUS":"IN SERVICE","OWNER":"INDIANA MICHIGAN POWER CO","SUB_1":"UNKNOWN128043","SUB_2":"BOSSERMAN","VOLT_CLASS":"100-161"}},{"type":"Feature","geometry":{"type":"LineString","coordinates":[[-83.9808458849408,42.377934826705],[-83.9820650299354,42.3777784540641],[-83.9843276166415,42.3769025608635],[-83.9860784340286,42.3768605550093],[-83.9908116572606,42.3767691758049],[-83.9939807330216,42.3766968421356],[-83.9977451241181,42.3766530437265],[-84.0000485841696,42.3766272285317],[-84.0026443560146,42.3766070547005],[-84.0052173995846,42.376581240814],[-84.0078150578917,42.3765564216736],[-84.010304919263,42.377463043908],[-84.0131497930379,42.3784623571156],[-84.0159476858219,42.3794576729233],[-84.0190165104955,42.3790983411173],[-84.0235833657369,42.3785722480816],[-84.0246122960633,42.3813614639273],[-84.0275638905923,42.3831387895591],[-84.030824596309,42.3829368741379],[-84.0352351437926,42.3826911625427],[-84.0391913252022,42.3825274648701],[-84.0391318558321,42.3843908858317],[-84.0391566502322,42.3865535605947],[-84.0391710232768,42.388921442115],[-84.0424409798442,42.3902534367758],[-84.0441043911541,42.3932920501023],[-84.0457018652238,42.3962219839124],[-84.0473945598154,42.3992654819268],[-84.0489953576517,42.4022105920677],[-84.050682125159,42.4053306778871],[-84.0522531878611,42.4082056600969],[-84.0538278447226,42.4110608107349],[-84.0581706610305,42.4109869917665],[-84.0609994549618,42.410935456592],[-84.0647749851678,42.4108617038011],[-84.0679786460672,42.4107573750147],[-84.0719860305497,42.4106387191234],[-84.0761954470379,42.4104861037053],[-84.0800642205737,42.410333555568],[-84.0840211197371,42.4101741748379],[-84.0884897900163,42.4100327667152],[-84.0914931266074,42.4092824179212],[-84.0945244915337,42.4085310639113],[-84.0975205526693,42.4084906040915],[-84.1010995305927,42.4084382715973],[-84.104384040766,42.4083890571249],[-84.1089973389076,42.4083206055723],[-84.113097699022,42.408256069941],[-84.1174368322372,42.4082116959352],[-84.1208103645569,42.4100796598176],[-84.1236718580629,42.41168419582],[-84.1264500777421,42.4132225015283],[-84.1296489784689,42.4149964731086],[-84.1327545451359,42.4167318625898],[-84.1355751652965,42.418453609716],[-84.1390117602474,42.4205137816316],[-84.1426462540554,42.42053719078],[-84.1468780367976,42.4205590090268],[-84.1510868235667,42.4205885847719],[-84.1549077177962,42.4205787708438],[-84.1586624070875,42.4205734649955],[-84.1628125329703,42.4205698176804],[-84.1671653196795,42.4205615289904],[-84.171612159999,42.4205487295638],[-84.1757537527849,42.4205554936775],[-84.1803321064619,42.4205125886269],[-84.1845332575512,42.4204787680282],[-84.1889977946817,42.4204393769549],[-84.1936533136417,42.420385263925],[-84.1980751807962,42.4203470671272],[-84.2021444601001,42.4203127145921],[-84.2066549011416,42.4202597301367],[-84.2111363257012,42.4202198740564],[-84.2146460435163,42.4201812786033],[-84.2189907462862,42.4201357200224],[-84.2226559615786,42.4200965939949],[-84.2260674935331,42.4200644980342],[-84.2295661620702,42.4198384265903],[-84.2326611277186,42.4196437250287],[-84.2360830810287,42.4194195109064],[-84.2396383425303,42.4191941686057],[-84.2429100067951,42.418992765089],[-84.2469192777396,42.4187290908377],[-84.2508962102323,42.4184760918582],[-84.2545454355127,42.4182443140544],[-84.2586022282341,42.4179868015359],[-84.2623446986409,42.4177446770095],[-84.2659153231305,42.4177684850983],[-84.2691524920884,42.4177847986078],[-84.2724897324706,42.4177985927018],[-84.2759022525719,42.417823395536],[-84.2794708100381,42.4178407707778],[-84.2826999839899,42.4178574165201],[-84.2865433369998,42.4178801641467],[-84.2902359509084,42.4179025788505],[-84.2936469438737,42.4179257900208],[-84.2971261189691,42.4179383240493],[-84.3007487550154,42.4179560965015],[-84.3046031573032,42.4179840825162],[-84.3082951432894,42.4179986067224],[-84.3117264381802,42.4180242046246],[-84.3141782990184,42.4180307037406],[-84.3175989937888,42.4180539825073],[-84.3213950046848,42.4180768620344],[-84.3241447477696,42.4181023949135],[-84.327752112456,42.4181134699235],[-84.3309215493397,42.418115791033],[-84.3341986933277,42.4181015991043],[-84.3378710960407,42.4180892640609],[-84.3410733196357,42.4180699650184],[-84.3444018481563,42.4180458911109],[-84.3479911558072,42.4180374031347],[-84.3516832316249,42.4180210220471],[-84.3556005150844,42.417997478661],[-84.3593485559443,42.4177038908805],[-84.3632971906072,42.417382779682],[-84.367813741091,42.4170243951504],[-84.3723102582457,42.4166675995621],[-84.3769123265479,42.4163151140262],[-84.3804692957469,42.4160319955437],[-84.385171077944,42.415654769073],[-84.3895399444968,42.4153075171549],[-84.3936819873386,42.4153191888786],[-84.397711111051,42.4153408086536],[-84.401957627062,42.4153400141358],[-84.406583232123,42.4153782139836],[-84.4103695412141,42.4154180731414],[-84.4139847212435,42.4154686748233],[-84.4179160175231,42.4155064766718],[-84.4214871810019,42.415543881903],[-84.4248104974971,42.4155619209775],[-84.4277888618217,42.4155664970654],[-84.4304605422065,42.4155676238441],[-84.4324823795181,42.4155708078726],[-84.4358902292783,42.4155724658753],[-84.4398330239935,42.4155714710737],[-84.4438502899441,42.4155708735295],[-84.4467481661174,42.4156956878482],[-84.4501858390467,42.4158341638048],[-84.4536880110134,42.4159699196853],[-84.4577931321987,42.4161464637668],[-84.4617382625337,42.4163047675481],[-84.4651259900315,42.4164425126487],[-84.4686675980391,42.4165880837562],[-84.4729537288559,42.4167599817886],[-84.4772813627372,42.4169381139674],[-84.4801352205633,42.4170647838101],[-84.4836073250191,42.4171827530861],[-84.4849316411739,42.4164056729933],[-84.4853685323207,42.4161457289468],[-84.4855152155285,42.41544738802]]},"properties":{"OBJECTID":45074,"ID":"134024","VOLTAGE":345,"STATUS":"IN SERVICE","OWNER":"CONSUMERS ENERGY CO","SUB_1":"MAJESTIC","SUB_2":"TOMPKINS","VOLT_CLASS":"345"}},{"type":"Feature","geometry":{"type":"LineString","coordinates":[[-85.1214122771802,41.934384796968],[-85.1212602319284,41.9348161139506],[-85.1216600001962,41.936480999587],[-85.1220157105908,41.9378558747406],[-85.1222379996062,41.9391749997427],[-85.1223409995383,41.9501829998134],[-85.1224489994934,41.9606159999687],[-85.1226219997457,41.9720659998395],[-85.1227470003175,41.9763429997466],[-85.1229320002654,41.9865029995077],[-85.1230209999539,41.9938910000103],[-85.1230389994972,41.9982570001428],[-85.1232050000769,42.0111839995893],[-85.1233070001841,42.016824999744],[-85.1235180000714,42.025587000135],[-85.12367700008,42.0345249999454],[-85.1237690001415,42.0420409996217],[-85.1238510001573,42.0456879995086],[-85.1238720000737,42.0496090000367],[-85.1238910003403,42.0576490000341],[-85.1242369999467,42.0665549997802],[-85.124266000259,42.0707599996807],[-85.1222179995147,42.0762789998111],[-85.1221659996361,42.0826069997253],[-85.1221210003286,42.1004479999986],[-85.1222250000857,42.1081989995605],[-85.1212729996836,42.1092120000424],[-85.1212199999801,42.1134399997246],[-85.1210140001158,42.1237870001071],[-85.1223869995691,42.1320139996067],[-85.1250589997541,42.1482409999409],[-85.1267529995978,42.1596359997948],[-85.1270899208299,42.1603429616541]]},"properties":{"OBJECTID":45082,"ID":"134034","VOLTAGE":138,"STATUS":"IN SERVICE","OWNER":"CONSUMERS ENERGY CO","SUB_1":"UNKNOWN128685","SUB_2":"BATAVIA","VOLT_CLASS":"100-161"}},{"type":"Feature","geometry":{"type":"LineString","coordinates":[[-89.6746546976048,44.9513039038531],[-89.6772032989142,44.9513071035549],[-89.6788572222181,44.951096922883],[-89.6852938335868,44.951096922883],[-89.6904088749505,44.953540774841],[-89.69095147984,44.9545146827795],[-89.6909232170446,44.9577225817332],[-89.6863394402381,44.9625491126661],[-89.686482704458,44.966345626635],[-89.6857191912637,44.9664372756131],[-89.6855335930378,44.9668941327608]]},"properties":{"OBJECTID":45169,"ID":"134129","VOLTAGE":115,"STATUS":"IN SERVICE","OWNER":"AMERICAN TRANSMISSION CO","SUB_1":"SHERMAN ST","SUB_2":"HILLTOP (WPS)","VOLT_CLASS":"100-161"}},{"type":"Feature","geometry":{"type":"LineString","coordinates":[[-82.9504493220154,42.592099885807],[-82.9493488857924,42.5917394249274],[-82.9493166335787,42.5898752215417],[-82.9492522261695,42.5876200875319],[-82.9492254572723,42.5854596799506],[-82.9491718889353,42.5834477228319],[-82.9495522248468,42.5813093820017],[-82.9499993127705,42.5789384837931],[-82.9523429966855,42.5777794036518],[-82.9547032599074,42.5766062167439],[-82.9572816888775,42.5753400387104],[-82.9597942946935,42.5740917701596],[-82.9622249822404,42.5728829921044],[-82.9645960423137,42.5717137385967],[-82.9670154039015,42.5705166915449],[-82.9696871121341,42.569209809606],[-82.9719294256609,42.5669929067694],[-82.9738713955572,42.5650886097317],[-82.9755717851175,42.5634095226513],[-82.9771649499689,42.5618764905247],[-82.9789085889185,42.5601536269415],[-82.980716189713,42.5583875710505],[-82.9827270963243,42.5564512605581],[-82.98487779876,42.5543119536774],[-82.9847855202208,42.5520618710827],[-82.9846842782916,42.5495938868538],[-82.984582316812,42.5473332828593],[-82.9844804478587,42.5450686736691],[-82.9843783920559,42.5428077800446],[-82.9842443741953,42.54054716262],[-82.9841746739124,42.5382233675236],[-82.9841156465134,42.5365196000156],[-82.9840244603256,42.5345746035941],[-82.9839332031708,42.5327208476062],[-82.9838822668975,42.5308667486336],[-82.9837829976688,42.5290107079207],[-82.983713209351,42.526986905004],[-82.9836569757125,42.5250635848845],[-82.9835899838502,42.523048056998],[-82.983638138041,42.5212687186257],[-82.9835576966022,42.5195005356386],[-82.9834772057562,42.5178595976343],[-82.9833967203,42.5161871220464],[-82.9833109275971,42.5142534616228],[-82.983192807222,42.5120256950248],[-82.9828493237968,42.5100392787534],[-82.9825382363155,42.5081733071199],[-82.9823078930053,42.5063759428471],[-82.9823024168754,42.5044235918725],[-82.9822702589848,42.5025294050243],[-82.9822809507333,42.5007334395216],[-82.9822005425323,42.4990167476356],[-82.9821844671802,42.4972925917779],[-82.9821522149666,42.4955521878516],[-82.9821093599377,42.4936256249456],[-82.9820369467426,42.4915881950994],[-82.9819483800421,42.4895630576164],[-82.9819054917755,42.4875579841106],[-82.9821952487603,42.4856844519247],[-82.9821200489912,42.4841198496737],[-82.9820905878431,42.4824979656239],[-82.9820398321313,42.4808647887827],[-82.9831767704976,42.4793157937184],[-82.9839753790734,42.4782375257805],[-82.9851178807062,42.4766472985104],[-82.9863421460979,42.4750504276395],[-82.9879487111184,42.4748009549794],[-82.9906420058672,42.4747834298853],[-82.9933351559874,42.4745990596353],[-82.9958086805969,42.4745529270676],[-82.995719272175,42.4723823906129],[-82.9965927265836,42.4740728259237]]},"properties":{"OBJECTID":45207,"ID":"134192","VOLTAGE":120,"STATUS":"IN SERVICE","OWNER":"NOT AVAILABLE","SUB_1":"UNKNOWN128400","SUB_2":"UNKNOWN128466","VOLT_CLASS":"100-161"}},{"type":"Feature","geometry":{"type":"LineString","coordinates":[[-87.95866064087,43.3722839926793],[-87.9580246704798,43.3713342428762],[-87.9556617985503,43.371369509537],[-87.948600629887,43.3714408949631],[-87.9369465242964,43.3715598761459],[-87.932586277977,43.3714825446398],[-87.9301846167936,43.3715182128093],[-87.924896368565,43.3717621025473],[-87.9183222862117,43.3718870410349],[-87.9138190577435,43.3719465276263],[-87.9067226787144,43.3720535985118],[-87.9048078217699,43.3721067887765],[-87.9009876677522,43.374224482973],[-87.8954434957874,43.3773356435082],[-87.8936349328972,43.3783351130649],[-87.8916464626085,43.3794305577387],[-87.8898756711811,43.3802446461181],[-87.8882835286125,43.381304102056],[-87.8860363740647,43.3836939328308],[-87.8847415037866,43.3847202821509],[-87.8834221759766,43.3856456029642],[-87.882063225276,43.3862889986292],[-87.8795242745677,43.3862292597481],[-87.8747134000642,43.3863244060933],[-87.8723257840402,43.3864196730645],[-87.870640125054,43.3863040498723],[-87.8704228675025,43.3855308687816],[-87.8707326371552,43.3850612041413]]},"properties":{"OBJECTID":45214,"ID":"134183","VOLTAGE":138,"STATUS":"IN SERVICE","OWNER":"NOT AVAILABLE","SUB_1":"PORT WASHINGTON SW YD","SUB_2":"CEDARSAUK","VOLT_CLASS":"100-161"}},{"type":"Feature","geometry":{"type":"LineString","coordinates":[[-84.7223792715182,45.0046080885601],[-84.7229287224685,45.0048271418686],[-84.7230279997821,45.005476999598],[-84.7267379996847,45.0063150000612],[-84.7291100002941,45.0072559998164],[-84.7303189997158,45.0078810000806],[-84.7363689995425,45.0103249999272],[-84.7494390000395,45.015606000139],[-84.7576409994692,45.0189399996952],[-84.7663869997703,45.0213809998189],[-84.7745380000447,45.0244079996265],[-84.7760496760217,45.0250022911192],[-84.7764183185631,45.0236556630848]]},"properties":{"OBJECTID":45241,"ID":"134211","VOLTAGE":138,"STATUS":"IN SERVICE","OWNER":"NOT AVAILABLE","SUB_1":"GAYLORD - WOLVERINE","SUB_2":"VAN TYLE","VOLT_CLASS":"100-161"}},{"type":"Feature","geometry":{"type":"LineString","coordinates":[[-86.8378192786713,41.7132809915535],[-86.8364679232264,41.7127176318515],[-86.8132646092192,41.7181987195318],[-86.8099666755206,41.7186270230351],[-86.7569855115037,41.7182863586458],[-86.7567473977662,41.7191917645057]]},"properties":{"OBJECTID":45350,"ID":"163132","VOLTAGE":138,"STATUS":"IN SERVICE","OWNER":"NOT AVAILABLE","SUB_1":"UNKNOWN123027","SUB_2":"BOSSERMAN","VOLT_CLASS":"100-161"}},{"type":"Feature","geometry":{"type":"LineString","coordinates":[[-84.3597523792073,42.2692690268194],[-84.3597499995701,42.2692490850983],[-84.3639509530299,42.26924868758],[-84.3676420550739,42.2692333990778],[-84.3709467467984,42.2692355920764],[-84.3741765540625,42.2692329995652],[-84.3776166856807,42.2692359909243],[-84.379828283113,42.2692273485552],[-84.3820374515007,42.2692333990778],[-84.3850035538216,42.2692271458075],[-84.3884668242449,42.2695193929661],[-84.3912040789505,42.2696759139294],[-84.3951015985754,42.2696562428869],[-84.397104012514,42.2696322450312],[-84.4001616944848,42.2696283895259],[-84.4035628940169,42.2696205455663],[-84.4060804818894,42.2696045811112],[-84.40794261132,42.2697723419658],[-84.4100496565313,42.2703597048498],[-84.4114678951423,42.2702000181162]]},"properties":{"OBJECTID":45366,"ID":"134370","VOLTAGE":138,"STATUS":"IN SERVICE","OWNER":"CONSUMERS ENERGY CO","SUB_1":"TAP145656","SUB_2":"JACKSON","VOLT_CLASS":"100-161"}},{"type":"Feature","geometry":{"type":"LineString","coordinates":[[-88.0345693567632,43.0108188740454],[-88.0350369325635,43.01090254287],[-88.035186418515,43.0112036629885],[-88.0353426921368,43.0123216249713],[-88.0355627138043,43.0136120170719],[-88.0357049781992,43.0147916311025],[-88.0357109241481,43.0200533528274],[-88.0357287179773,43.0227046831045],[-88.035330002535,43.0239711911135],[-88.0330133067061,43.0264348675844],[-88.0315791499483,43.0280089676057],[-88.0311068238567,43.028955295006],[-88.0313566668968,43.0291837241026],[-88.0306963656371,43.0295442121541],[-88.0311222110992,43.0299471338237]]},"properties":{"OBJECTID":45413,"ID":"134448","VOLTAGE":138,"STATUS":"IN SERVICE","OWNER":"AMERICAN TRANSMISSION CO","SUB_1":"WEST JUNCTION","SUB_2":"96TH ST","VOLT_CLASS":"100-161"}},{"type":"Feature","geometry":{"type":"LineString","coordinates":[[-83.1802946322811,42.342309148734],[-83.1816262715021,42.3402335555883],[-83.1845847839571,42.3403722651173],[-83.1857220511068,42.3412881735194],[-83.1869397165761,42.3422121697554],[-83.1883049770432,42.3432351497491],[-83.1896433769851,42.3442460297852],[-83.1909067676007,42.3451957436164],[-83.1922880171815,42.3462424438975],[-83.1937579295826,42.3473544567114],[-83.1952518287984,42.3484884916718],[-83.1967431220016,42.3496322648106],[-83.1981594058785,42.3506868585292],[-83.1995112805496,42.3517096335732],[-83.2007933561231,42.3526968765033],[-83.2021076812153,42.3536799866965],[-83.2035291753209,42.3547463289245],[-83.2049534542038,42.3558265928803],[-83.2066620498742,42.3571129537221],[-83.2081318733421,42.3582427640635],[-83.2098645438621,42.3595349838716],[-83.2111734790626,42.3605417505215],[-83.2125092738901,42.3615446518262],[-83.2138288092109,42.3625415639328],[-83.2153791217283,42.3637226495431],[-83.2169643787102,42.3648820757963],[-83.2182974785918,42.3659165675557],[-83.2196278835276,42.3668975468281],[-83.2209313390048,42.3678884670231],[-83.2222000296806,42.3688495710272],[-83.2233855354627,42.3697590919968],[-83.2241097581431,42.3703079567082],[-83.2258746781818,42.371647579568],[-83.2267088537546,42.372687932805],[-83.2278648058622,42.3735636856952],[-83.2289672174806,42.3744058457259],[-83.2299757569484,42.3751548868156],[-83.2310111551449,42.3762842400021],[-83.2318372458802,42.3773384521465],[-83.233414328193,42.3794048848852],[-83.2340757828895,42.3798788946609],[-83.2352566731277,42.3808429956721],[-83.2354158357314,42.3822228526895],[-83.2353190907686,42.383381989889],[-83.2355569799272,42.3842392940944],[-83.2360724431187,42.3847009476612]]},"properties":{"OBJECTID":45485,"ID":"134508","VOLTAGE":230,"STATUS":"IN SERVICE","OWNER":"WYANDOTTE MUNICIPAL SERV COMM","SUB_1":"UNKNOWN128437","SUB_2":"UNKNOWN128894","VOLT_CLASS":"220-287"}},{"type":"Feature","geometry":{"type":"LineString","coordinates":[[-85.7077910598609,43.0285431345491],[-85.7082605077503,43.027787638856],[-85.7114054197285,43.027871825672],[-85.7139790040843,43.0279405158659],[-85.7166410706989,43.0268013490595],[-85.7186796175731,43.0258992999214],[-85.7219103186609,43.0259707498414],[-85.7250740063269,43.0260444331411],[-85.7279868825688,43.0261071480333],[-85.7296833518812,43.0254686935278],[-85.731287293821,43.0258765121077],[-85.734043326011,43.0259424457011],[-85.7370379489438,43.0260256506426],[-85.7395311331834,43.0260953929772],[-85.7423366607489,43.026169928532],[-85.7453408067221,43.0262483398722],[-85.748212092763,43.0263275391578],[-85.7507104872312,43.0263620161409],[-85.7537789516804,43.0264247970357],[-85.7582620569878,43.0250649025179],[-85.7582450662526,43.0245838966313],[-85.7580894780453,43.021081691796],[-85.7580199412558,43.0191296949399],[-85.7579716145885,43.0173570807756],[-85.7579216538856,43.0162846086666]]},"properties":{"OBJECTID":47074,"ID":"136280","VOLTAGE":138,"STATUS":"IN SERVICE","OWNER":"CONSUMERS ENERGY CO","SUB_1":"UNKNOWN128769","SUB_2":"TAP138462","VOLT_CLASS":"100-161"}},{"type":"Feature","geometry":{"type":"LineString","coordinates":[[-88.0097675221489,44.5407020309808],[-88.0119350356569,44.5417789190742],[-88.0131902012977,44.5444796066608],[-88.0315038980769,44.5508325857253],[-88.0377856749249,44.5531406628845],[-88.0442209999062,44.5501890000507],[-88.0459744852896,44.551450618139],[-88.0489038366339,44.5536108767557],[-88.0506429319048,44.554914948976],[-88.0554376520046,44.5584860996642],[-88.0567914427822,44.5580177878356],[-88.0581725189882,44.5593340295487],[-88.0580947949532,44.5604450875202],[-88.0649950789423,44.5655390558145],[-88.0655771171778,44.5659860860473],[-88.067763917515,44.5676069376711],[-88.0692311196989,44.568710841521],[-88.0699373042083,44.5693032526231],[-88.0708184967048,44.5692673270809],[-88.0755041370746,44.5727147980992],[-88.0784414421024,44.5726786705283],[-88.0790587715521,44.5731796109315],[-88.0792101421691,44.5738300747884]]},"properties":{"OBJECTID":47116,"ID":"136333","VOLTAGE":138,"STATUS":"IN SERVICE","OWNER":"AMERICAN TRANSMISSION CO","SUB_1":"BAYPORT SW STA","SUB_2":"PULLIAM SW YD","VOLT_CLASS":"100-161"}},{"type":"Feature","geometry":{"type":"LineString","coordinates":[[-86.1854655679014,43.2126659136265],[-86.1855154800953,43.2122891478202],[-86.1826882797752,43.2122839507181],[-86.1817149821143,43.2122891478202],[-86.1775864849686,43.2123073370193],[-86.1755222354975,43.2123047391238],[-86.1713830439083,43.2123281241076],[-86.1673151551965,43.2122579665105],[-86.166232377157,43.2123214689665],[-86.1662521832124,43.2141299796087],[-86.1661737602881,43.2159484910804],[-86.166152379486,43.2177624305628],[-86.166104051022,43.2195607358053],[-86.1660612004847,43.2212026010903],[-86.1659270829111,43.2228092041015],[-86.1680030886344,43.2242047260083],[-86.1680352492198,43.2259129040094],[-86.1702723237719,43.2266126311428],[-86.1703043927292,43.2285904107441],[-86.1702079136677,43.2305681281367],[-86.1701972237158,43.2324872021295],[-86.1702292935715,43.2344375008658],[-86.1702186036196,43.236180535056],[-86.1702186036196,43.2379548027552],[-86.1702239935113,43.2396978037426],[-86.1701488952518,43.2414758947616],[-86.1700577162505,43.2432344346933],[-86.1699933070446,43.2450241368558],[-86.1699342868321,43.2470168928945],[-86.1698966483201,43.2489355136583],[-86.1698270288855,43.2507641099648],[-86.1697786986249,43.2525106040858],[-86.1701972237158,43.2542024166481],[-86.1701005658896,43.2560230039193],[-86.1698698776263,43.2579332960232],[-86.1696371250345,43.259847189761],[-86.1695909507306,43.2612890970667],[-86.1695587919417,43.2627305777222],[-86.1695481019898,43.2638204805998],[-86.1720479337625,43.2635783107205],[-86.174955421011,43.2636602776788],[-86.177691149479,43.2636290735842],[-86.1802768610911,43.263687686977],[-86.1828464919613,43.2637423747045],[-86.1855747653107,43.2636950789813],[-86.1882247945006,43.2636912187852],[-86.1908876704973,43.2636759768628],[-86.1933445627994,43.2636993957806],[-86.1962092013072,43.2636407837074],[-86.1986070742951,43.2636329985462],[-86.2042827200917,43.2635314080208],[-86.2069165796064,43.2635041288304],[-86.2094304259958,43.2635037369876],[-86.2113636903188,43.2624766938166],[-86.2136328338281,43.2612539018774],[-86.2181925932771,43.2588083758176],[-86.2204402679495,43.2576012116079],[-86.2229674983383,43.2563075985538],[-86.2257725767462,43.2563119165312],[-86.2284547665215,43.2563353389358],[-86.2314027677894,43.2563893129514],[-86.233806030669,43.256412734672],[-86.23729562712,43.2565233007735],[-86.24076096816,43.2560230039193],[-86.2419817489868,43.2551931687483]]},"properties":{"OBJECTID":47205,"ID":"136439","VOLTAGE":138,"STATUS":"IN SERVICE","OWNER":"WOLVERINE POWER SUPPLY COOP","SUB_1":"B C COBB","SUB_2":"UNKNOWN132535","VOLT_CLASS":"100-161"}},{"type":"Feature","geometry":{"type":"LineString","coordinates":[[-89.4696207072644,45.8970025566834],[-89.4692970999631,45.8970977356892],[-89.4649379271305,45.8971738790265],[-89.4309972957723,45.8828590411009],[-89.4239350545206,45.8824973627084],[-89.4104768237173,45.8820024346806],[-89.3990173399296,45.8852575375988],[-89.3681033815969,45.8881128910633],[-89.3370942467599,45.8910634227845],[-89.3245497274664,45.8923007425438],[-89.3145940629902,45.8913299217048],[-89.3008883678857,45.8954606668212],[-89.2927410929248,45.8985825200599],[-89.2846509256631,45.8986396269833],[-89.2763323302995,45.900619337988],[-89.268813233742,45.9065394371153],[-89.2646253822105,45.9096993605726],[-89.2589408502791,45.9098373698328],[-89.2582249190489,45.9100120971483]]},"properties":{"OBJECTID":47256,"ID":"136499","VOLTAGE":115,"STATUS":"IN SERVICE","OWNER":"NORTHERN STATES POWER CO - WISCONSIN","SUB_1":"EAGLE RIVER","SUB_2":"ST GERMAIN","VOLT_CLASS":"100-161"}},{"type":"Feature","geometry":{"type":"LineString","coordinates":[[-87.9753578471432,42.3137882805759],[-87.9763094262354,42.312704103723],[-87.9764046036381,42.3123186309182],[-87.9762856864574,42.3112673290286]]},"properties":{"OBJECTID":47267,"ID":"136507","VOLTAGE":138,"STATUS":"IN SERVICE","OWNER":"COMMONWEALTH EDISON CO","SUB_1":"TAP137888","SUB_2":"LIBERTYVILLE","VOLT_CLASS":"100-161"}},{"type":"Feature","geometry":{"type":"LineString","coordinates":[[-84.2479736205072,43.602888208708],[-84.2479691989993,43.6018398189847],[-84.2480175301583,43.5995477659365],[-84.2480643566391,43.5972752218657],[-84.2458201198192,43.5973367086001],[-84.2439632176853,43.5973328039182],[-84.2413513165894,43.5973367066484],[-84.2396275555604,43.597360240126],[-84.2378386442154,43.596146883951],[-84.2360550068794,43.5949387255906],[-84.2338016485662,43.5934212008899],[-84.2293659302883,43.5911676060141],[-84.2246916077928,43.5888089741356],[-84.2225289245261,43.5881827818432],[-84.2202033515455,43.5874833755518],[-84.2179488281174,43.5868293237512],[-84.2147045579772,43.5852342609046],[-84.2117911732888,43.5837970038849],[-84.2080988558243,43.5827206889935],[-84.2050201919034,43.5829997300682],[-84.2010590598782,43.5829633275666],[-84.198706611101,43.5829568359952],[-84.1982243631171,43.5826109225963],[-84.1971703590145,43.5836534441141],[-84.1950014899487,43.5836584259601],[-84.1949324993349,43.5841186130989]]},"properties":{"OBJECTID":47302,"ID":"136553","VOLTAGE":138,"STATUS":"IN SERVICE","OWNER":"CONSUMERS ENERGY CO","SUB_1":"UNKNOWN128856","SUB_2":"TAP139895","VOLT_CLASS":"100-161"}},{"type":"Feature","geometry":{"type":"LineString","coordinates":[[-86.2318237551625,43.3464105111245],[-86.2318168327449,43.3449252747958],[-86.2317739831059,43.3429707419025],[-86.2317980579555,43.3410317606231],[-86.2317737136113,43.3389659676006],[-86.231780630639,43.3374185531431],[-86.2317484709518,43.335444241621],[-86.2315012545856,43.3336717697272],[-86.2312549365347,43.3319052576213],[-86.2312602365949,43.3282723605357],[-86.2312428092784,43.3224927737049],[-86.2311945131537,43.3204262519776],[-86.2311517308883,43.3182422489147],[-86.2308313808782,43.3157947927984],[-86.2305374521173,43.3132112556685],[-86.2303384752818,43.3120747825706],[-86.2304202219727,43.3104632789347],[-86.2305344876768,43.3085041716943],[-86.2306626772679,43.3067551658297],[-86.2308203316002,43.3028710377813],[-86.230739931484,43.3006262537315],[-86.2306648332246,43.2986000787424],[-86.2305897340668,43.2966557587518],[-86.2305468835294,43.2949417838722],[-86.2304931651738,43.2928099540776],[-86.2304126761243,43.2873628395845],[-86.2304483877501,43.2857038351259],[-86.2304134325058,43.2839793670977],[-86.2319574388498,43.2822890019374],[-86.2329480344698,43.2811131937428],[-86.2370606395198,43.2786954795745],[-86.2387312607082,43.2776847558521],[-86.2420307745434,43.2757297768826],[-86.2414020068451,43.274371554656],[-86.240875789023,43.2729330855888],[-86.2403554039621,43.2714489018483],[-86.2398320769186,43.2700277468401],[-86.2392501788203,43.268296360109],[-86.2377949475859,43.2641590667542],[-86.2378863835054,43.2625334099113],[-86.2379453920398,43.2609515148315],[-86.2379946295988,43.2593355618847],[-86.2397022227494,43.2592531089155],[-86.2423342766504,43.2576243129464],[-86.2429825063493,43.256188865834],[-86.2427659800264,43.2553760898518],[-86.2419817489868,43.2551931687483]]},"properties":{"OBJECTID":47332,"ID":"136586","VOLTAGE":138,"STATUS":"IN SERVICE","OWNER":"WOLVERINE POWER SUPPLY COOP","SUB_1":"B C COBB","SUB_2":"TAP140397","VOLT_CLASS":"100-161"}},{"type":"Feature","geometry":{"type":"LineString","coordinates":[[-87.9952933910824,43.1622885009992],[-87.995388568485,43.1621504917986],[-87.9952124888079,43.1617507429344],[-87.9950839982812,43.1616365281183],[-87.9949888199802,43.1599709055243],[-87.9951553820069,43.1564159906482],[-87.9953933277594,43.1511002750385],[-87.9955360961092,43.1479022800673],[-87.9956407920606,43.1443378467766],[-87.9956741051846,43.1425580095094],[-87.995707416512,43.1391077918022],[-87.9957121757864,43.1357765461502],[-87.9957835595121,43.1318980245407],[-88.0046113595047,43.1302086076897],[-88.0064340268431,43.1297612685997],[-88.007490507601,43.1295661527815],[-88.0081936459233,43.1302905068379]]},"properties":{"OBJECTID":47403,"ID":"136672","VOLTAGE":138,"STATUS":"IN SERVICE","OWNER":"AMERICAN TRANSMISSION CO","SUB_1":"PARKLAND","SUB_2":"GRANVILLE","VOLT_CLASS":"100-161"}},{"type":"Feature","geometry":{"type":"LineString","coordinates":[[-89.7313938935442,45.4401065751409],[-89.7309779996188,45.4397699996892],[-89.729028999507,45.4430069997608],[-89.7235360000723,45.4426890001526],[-89.7203600000971,45.4427110000048],[-89.7147029997326,45.4427429998319],[-89.7133710002871,45.4426039995256],[-89.7132030000577,45.4500559997082],[-89.7030989994735,45.4499710000982],[-89.6979769997596,45.4515949999828],[-89.6979240000561,45.4596500000108],[-89.6979269995309,45.4604179996596],[-89.6976699996129,45.4606099998275],[-89.6978060000553,45.4691189999943],[-89.6974049220439,45.4698325958348]]},"properties":{"OBJECTID":47424,"ID":"136694","VOLTAGE":115,"STATUS":"IN SERVICE","OWNER":"NORTHERN STATES POWER CO - WISCONSIN","SUB_1":"TOMAHAWK-ATC 115KV","SUB_2":"EASTOM","VOLT_CLASS":"100-161"}},{"type":"Feature","geometry":{"type":"LineString","coordinates":[[-88.5584034147925,44.3874706905351],[-88.5582957436209,44.3871946731257],[-88.5582660013001,44.3863440156953],[-88.5583076418068,44.3852316180746],[-88.5587716369224,44.384458292869],[-88.5585812803204,44.3835362519268],[-88.5551013183009,44.3779028780676],[-88.5524541682115,44.3736198477585],[-88.5498070172238,44.3692356910679],[-88.5432301869241,44.3585352545611],[-88.5344452168076,44.3442108998915],[-88.5278683865079,44.33348428985],[-88.5214914304606,44.3230717681174],[-88.51629468822,44.3145723335788],[-88.5096131619689,44.3037315089981],[-88.5045377722418,44.2954676409352],[-88.4979347668313,44.2910180489379],[-88.4841933798639,44.2817857410762],[-88.4825789159572,44.2806685838941],[-88.4824720002687,44.2804639995845]]},"properties":{"OBJECTID":47443,"ID":"136715","VOLTAGE":138,"STATUS":"IN SERVICE","OWNER":"AMERICAN TRANSMISSION CO","SUB_1":"CASALOMA","SUB_2":"ELLINGTON","VOLT_CLASS":"100-161"}},{"type":"Feature","geometry":{"type":"LineString","coordinates":[[-83.266808058918,42.7037069431579],[-83.2667002332361,42.7060445770299],[-83.2666519038738,42.7083150868044],[-83.2668236617562,42.7104909910838],[-83.2670006298671,42.7125721677982],[-83.2671294482789,42.7143537527576],[-83.2672313172321,42.716294877615],[-83.2673118062816,42.7183147446405],[-83.2674137650663,42.7203011508296],[-83.2674995541759,42.722277529531],[-83.2676122029126,42.7247878546461],[-83.2676980818537,42.7268823437973],[-83.2677087718056,42.7286162711308],[-83.2677327568237,42.7303422309891],[-83.2677590469188,42.7304553227068],[-83.2680801506154,42.7303303561059]]},"properties":{"OBJECTID":47444,"ID":"136722","VOLTAGE":120,"STATUS":"IN SERVICE","OWNER":"NOT AVAILABLE","SUB_1":"TAP139986","SUB_2":"TAP140001","VOLT_CLASS":"100-161"}},{"type":"Feature","geometry":{"type":"LineString","coordinates":[[-87.1030711163286,45.9758189859436],[-87.103037054908,45.9754027039191],[-87.1026908441975,45.9744306946432],[-87.1018770675682,45.9709328868548],[-87.1022054341439,45.949760442935],[-87.1076163275616,45.9448492350803],[-87.1207081229841,45.9413799808693],[-87.1210079348119,45.9131833679282],[-87.1185237768443,45.9123410387835],[-87.1185523306939,45.9061734760997],[-87.1208651664621,45.8982165591053],[-87.120781886347,45.8813961491389],[-87.1305733675354,45.8777317787559],[-87.1367718642684,45.8755545718879],[-87.136878939857,45.8692965888366],[-87.1376641617384,45.8627292770908],[-87.137390524123,45.8564831917337],[-87.1367004796443,45.8556503806854],[-87.1317274062314,45.8556741747091],[-87.1308138043161,45.8549785517772]]},"properties":{"OBJECTID":47470,"ID":"136750","VOLTAGE":138,"STATUS":"IN SERVICE","OWNER":"AMERICAN TRANSMISSION CO","SUB_1":"CHANDLER","SUB_2":"ATC PERKINS","VOLT_CLASS":"100-161"}},{"type":"Feature","geometry":{"type":"LineString","coordinates":[[-85.6915152011852,42.9553765216066],[-85.6920926867589,42.9555554216737],[-85.693409222605,42.9541880067491],[-85.6955808378206,42.9532867026614],[-85.6976590417214,42.9524372617163],[-85.7006161366349,42.9525248820087],[-85.7028240015671,42.9533919548201],[-85.7071597822697,42.9551292340948],[-85.7079892147379,42.9567600340457],[-85.7088100575152,42.9583068525669],[-85.7096787616326,42.9600394326145],[-85.7117961922669,42.9600672510536],[-85.7140342307113,42.9600987595377],[-85.7166520651796,42.9600201335856],[-85.7194778057374,42.9600633065752],[-85.7223324495894,42.960094621782],[-85.7252149690629,42.9611357016617],[-85.728165634734,42.9621760835264],[-85.7303917588227,42.9629651160243],[-85.7331864634857,42.9639604810701],[-85.7361611087849,42.9640126539897],[-85.7394281880484,42.9640440118875],[-85.7418199363227,42.9640793021579],[-85.7440399662406,42.9641538840453],[-85.746304596614,42.9642519976608],[-85.7492934317014,42.9642756037528],[-85.7518362810981,42.964307026596],[-85.7540358833264,42.9643188605289],[-85.7568575248714,42.9643384507379],[-85.7595771851739,42.9643580396259],[-85.7619650015222,42.9643737191462],[-85.7648465337473,42.9648558828216],[-85.7677858321367,42.9653119246152],[-85.7703327383252,42.9653198260458],[-85.7728165046273,42.9653590058202],[-85.7758635379687,42.9653669598332],[-85.7793839071081,42.9654180797906],[-85.7819266037912,42.9643498396271],[-85.7841743503288,42.9634161238345],[-85.7867476220709,42.9634512580094],[-85.7893388143045,42.9634825517704],[-85.792006744223,42.9639801706563],[-85.7956522370034,42.9640322396946],[-85.79881738533,42.9640988996743],[-85.8018004289788,42.9641304580258],[-85.8048017775981,42.964157681668],[-85.8075802649753,42.9655419485183],[-85.8085773042108,42.9660257740194],[-85.8084264662948,42.9675476359952],[-85.8088416191101,42.969569913037]]},"properties":{"OBJECTID":47495,"ID":"136784","VOLTAGE":138,"STATUS":"IN SERVICE","OWNER":"CONSUMERS ENERGY CO","SUB_1":"UNKNOWN128480","SUB_2":"TALLMADGE","VOLT_CLASS":"100-161"}},{"type":"Feature","geometry":{"type":"LineString","coordinates":[[-86.3630626370141,43.9464725248237],[-86.362519648544,43.9467389250553],[-86.3626200002427,43.951179999814],[-86.3594710000317,43.9511649996629],[-86.3591780001287,43.9518740000363],[-86.3593179998708,43.955824000116],[-86.3594400000695,43.9562639999531],[-86.3594839995521,43.9601029997541],[-86.3595179998873,43.9627159996179],[-86.3593349995892,43.9638109999392],[-86.3593609995285,43.9667599995145],[-86.3516040003377,43.9665189998572],[-86.3388090002003,43.9662269997538],[-86.3376950003148,43.9665119995682],[-86.3240499998824,43.9664479999354],[-86.3206169999893,43.9664230000702],[-86.3194849996621,43.9661089995484],[-86.3176469998784,43.9661049999099],[-86.3056939996399,43.9659840000504],[-86.3018280001017,43.9659269995609],[-86.291491999714,43.9658519999226],[-86.2814189999903,43.9657499995641],[-86.2697050001264,43.9657609996048],[-86.2648470000031,43.9657499995641],[-86.2589860003224,43.9643299995957],[-86.2547929996477,43.9643939995707],[-86.2497239996372,43.9639769995251],[-86.2458949999089,43.9639339995912],[-86.2436319999778,43.9650939995644],[-86.2412899995056,43.9658249999778],[-86.2381959995462,43.9657679999824],[-86.2286979997578,43.9656539998274],[-86.2287339997428,43.9693339996209],[-86.2229839994918,43.9693269996636],[-86.2136149995748,43.9691799997235],[-86.2045599994772,43.9689700001015],[-86.1918709996449,43.968719999953],[-86.1774479997861,43.9684809995823],[-86.1674010000017,43.9683129999067],[-86.1597159998826,43.9681699995428],[-86.1552300002033,43.9680529995181],[-86.1499369998868,43.9717900001172],[-86.1447929995333,43.9716799997925],[-86.1379019996326,43.9717229999378],[-86.129763999777,43.9721849999856],[-86.1226679998369,43.9727319997028],[-86.1188939994619,43.9729979997053],[-86.116219999627,43.9761579998046],[-86.1076109995932,43.9804359996526],[-86.106782999938,43.9807980000299],[-86.1018620000655,43.981673999606],[-86.0981980001936,43.9823019998866],[-86.0966459997419,43.9825880000854],[-86.0894129995344,43.9825539996548],[-86.0838070001218,43.9852099996201],[-86.079486000299,43.9872179999585],[-86.0652900002208,43.9891179995839],[-86.0617030003419,43.9895960000017],[-86.0457630001913,43.9895779996961],[-86.043974999738,43.9895779996961],[-86.0403608545678,43.9890814331535],[-86.0388260002599,43.9876929999113],[-86.0377125142107,43.9876680335496],[-86.037309195801,43.988260519037]]},"properties":{"OBJECTID":47500,"ID":"136789","VOLTAGE":138,"STATUS":"IN SERVICE","OWNER":"NOT AVAILABLE","SUB_1":"UNKNOWN128917","SUB_2":"UNKNOWN145858","VOLT_CLASS":"100-161"}},{"type":"Feature","geometry":{"type":"LineString","coordinates":[[-83.6304988269182,43.1583654017241],[-83.6310987092885,43.1578360368919],[-83.6295359748675,43.1559146656599],[-83.6289522945116,43.1559470690922]]},"properties":{"OBJECTID":45510,"ID":"134536","VOLTAGE":138,"STATUS":"IN SERVICE","OWNER":"CONSUMERS ENERGY CO","SUB_1":"UNKNOWN128930","SUB_2":"THETFORD","VOLT_CLASS":"100-161"}},{"type":"Feature","geometry":{"type":"LineString","coordinates":[[-86.9112894422672,41.7196308009777],[-86.9112027656221,41.7185820215939],[-86.9120331997118,41.7190834827395],[-86.9140588548634,41.7172503806632],[-86.9236437801302,41.7078559968831],[-86.9238531720331,41.7058191777518],[-86.9237450148729,41.6993128240952],[-86.9221779568603,41.6979660217043],[-86.9085722738914,41.6979074696297],[-86.9060089905169,41.6990866208023],[-86.9031056597732,41.6999654060621],[-86.8975699643113,41.7011159830286],[-86.887186827524,41.700937714127],[-86.8839650377238,41.7005474816939],[-86.8774631610548,41.7004368371241],[-86.8738701748028,41.7006569369052],[-86.8703247777013,41.7014183649049],[-86.8670113777084,41.7026295099774],[-86.8640263442912,41.7042689589854],[-86.8525097528043,41.7123400907046],[-86.8452143259728,41.7116976355751],[-86.8414190849329,41.7116976355751],[-86.8365054979581,41.7126375225159],[-86.8132343701301,41.7181102837115],[-86.8099745079315,41.7185504835534],[-86.7568187725088,41.718217580773],[-86.7567473977662,41.7191917645057]]},"properties":{"OBJECTID":45542,"ID":"163133","VOLTAGE":138,"STATUS":"IN SERVICE","OWNER":"NOT AVAILABLE","SUB_1":"UNKNOWN122724","SUB_2":"BOSSERMAN","VOLT_CLASS":"100-161"}},{"type":"Feature","geometry":{"type":"LineString","coordinates":[[-86.7567473977662,41.7191917645057],[-86.7570864704635,41.718454132682],[-86.7590614238022,41.7184362866837],[-86.7588461650022,41.7186219887544]]},"properties":{"OBJECTID":45543,"ID":"163136","VOLTAGE":138,"STATUS":"IN SERVICE","OWNER":"INDIANA MICHIGAN POWER CO","SUB_1":"LAPORTE JUNCTION","SUB_2":"BOSSERMAN","VOLT_CLASS":"100-161"}},{"type":"Feature","geometry":{"type":"LineString","coordinates":[[-82.5219398583081,42.8510855067198],[-82.5218492335673,42.8489900539567],[-82.5217896761622,42.8474883656106],[-82.5217178998727,42.8459002276951],[-82.5216239369923,42.8438448691099],[-82.5215305122028,42.8414699817669],[-82.5214509205703,42.8391843240078],[-82.5212938959569,42.837146131671],[-82.5211741496312,42.8352613579036],[-82.5210615008946,42.8333611128628],[-82.5209281019732,42.8314507306321],[-82.5208278499875,42.829615129006],[-82.5207339760403,42.8281358288271],[-82.5205449696062,42.8265897550259],[-82.5203830042588,42.8250738180568],[-82.5202187014951,42.8236952181016],[-82.5200741625658,42.8225055527744],[-82.520032031579,42.8206745607124],[-82.5198036798338,42.8197937369493],[-82.5196114412613,42.8172693365271],[-82.5194517199055,42.815011909121],[-82.5192850833186,42.8132122609576],[-82.5191738718864,42.8116662086826],[-82.5190524187617,42.8101080578214],[-82.5189356377747,42.8085166526028],[-82.518830624718,42.8071302356139],[-82.5185090637789,42.8039846877541],[-82.5183832996392,42.8023706498447],[-82.5183241006619,42.8005584395754],[-82.5182104637785,42.7984089636157],[-82.5181406646809,42.7966270910153],[-82.5180659248493,42.7947710757155],[-82.5179813035495,42.7928783527698],[-82.5178867109501,42.7909783877935],[-82.517799484536,42.7893060639023],[-82.5177224989162,42.7875007887273],[-82.5175979025862,42.7855703320571],[-82.5174980099267,42.7836432428599],[-82.5173539201551,42.7818831639951],[-82.5172532190117,42.7801320679469],[-82.5163034302618,42.7787453446021],[-82.5156131647975,42.7776681598347],[-82.5149348469265,42.7765919447241],[-82.515556318508,42.7760554426581]]},"properties":{"OBJECTID":45548,"ID":"134570","VOLTAGE":120,"STATUS":"IN SERVICE","OWNER":"NOT AVAILABLE","SUB_1":"TAP139976","SUB_2":"TAP146114","VOLT_CLASS":"100-161"}},{"type":"Feature","geometry":{"type":"LineString","coordinates":[[-85.6082934937018,42.4360849297826],[-85.6069780340374,42.4350737535325],[-85.6068612135246,42.4342486166063],[-85.6055626727303,42.4322302276801],[-85.604610033626,42.4311372057332],[-85.602095900674,42.43013368675],[-85.5994990221046,42.429103974841],[-85.596623223826,42.4280030748194],[-85.5938518268513,42.4269564478679],[-85.5909984397424,42.4261567668286],[-85.58848084648,42.4251681879804],[-85.5863240920941,42.4243128128699],[-85.5839114552945,42.4233867178118],[-85.5818038324665,42.4224468670664],[-85.5796426871156,42.4211039759834],[-85.5780172952034,42.4199277516431],[-85.5764561247492,42.4183489341193],[-85.5750117891809,42.4164612000662],[-85.5738672322027,42.41428959774],[-85.5732897205779,42.4122757519946],[-85.5730114341809,42.4103638478097],[-85.5730328697803,42.4084261017989],[-85.5731079392936,42.4060900099475],[-85.5732474521488,42.40397475211],[-85.5733010959443,42.4019935560262],[-85.5733547397398,42.400416571633],[-85.5733655195232,42.39781784166],[-85.5734512915649,42.3951878991189],[-85.5735156944826,42.3933022789675],[-85.5736233818238,42.3907725060416],[-85.5728723417373,42.3894649211069],[-85.5729612560858,42.387090118528],[-85.5730280009114,42.3853079920456],[-85.5730973508514,42.3834537545022],[-85.5731760432703,42.3813519550726],[-85.5732483567523,42.3794190331455],[-85.5733225054925,42.3774385409918],[-85.5735907505212,42.3751875565658],[-85.5736568261019,42.3732206625154],[-85.5737192590141,42.3713656711362],[-85.5737837580515,42.3694469095673],[-85.5738488859096,42.3675115650219],[-85.5739150019145,42.3655460248666],[-85.5739807585933,42.363588388884],[-85.5740478618467,42.3615912260437],[-85.5741138880201,42.3597131265051],[-85.5741810909865,42.3577311446808],[-85.5742261181418,42.3554233617863],[-85.5758174746845,42.3544984736715],[-85.5758677578825,42.352697559621],[-85.5759572103219,42.3506358361511],[-85.5760580192631,42.3488232010249],[-85.5761010638365,42.3470463815365],[-85.5761331327939,42.3452662299498],[-85.5761868412681,42.3433159058311],[-85.5762726186996,42.3411592140112],[-85.5763095762887,42.3403390387613],[-85.5763693142551,42.3390132908352],[-85.5765232962746,42.3390225690476],[-85.5764947298485,42.3403278158982],[-85.5798535998661,42.3403606458547],[-85.5819080298529,42.340368546741],[-85.5841879962649,42.340368546741],[-85.5871109596892,42.3403924665208],[-85.5892509488169,42.3411416980202],[-85.5922401540102,42.3411219390733],[-85.5950085254589,42.341673172716],[-85.5971967217781,42.341681053518],[-85.5998168765948,42.3416889296712],[-85.6028396958478,42.3408347829355],[-85.6050525805659,42.3401940849255],[-85.6075075711345,42.3402218725562],[-85.6103878780575,42.3402496907185],[-85.6209344040219,42.3402262516185],[-85.6290613465147,42.3402421875515],[-85.6420216420543,42.3402024805109],[-85.6464340176096,42.3402024805109],[-85.6536756506269,42.3408756860875],[-85.6558074516108,42.3411153961369],[-85.661524971476,42.3375969081395],[-85.6631943287348,42.3365907235063],[-85.6630752049416,42.3321696071287],[-85.6620092900766,42.3304398128152],[-85.6605699877688,42.3292920106658],[-85.660564489181,42.3255151325996],[-85.6605864323284,42.3237147750519],[-85.6628817545418,42.3236275925031],[-85.6628657932758,42.3212001318412],[-85.6628657932758,42.317301059513],[-85.6628336326904,42.313544541148],[-85.6628336326904,42.3091015197917],[-85.6628015646313,42.3035159256653],[-85.6627051152142,42.2996518366883],[-85.6612490117157,42.2976640718443],[-85.6603552886193,42.2954061389484],[-85.6604159069347,42.2914202556349],[-85.6604052169828,42.2888645926007],[-85.6604893891249,42.2840518901593],[-85.6604733101797,42.2807144439117],[-85.6604733101797,42.2788330687426],[-85.6611144934935,42.2774785431121],[-85.6598233179862,42.2772283175852]]},"properties":{"OBJECTID":45586,"ID":"134627","VOLTAGE":138,"STATUS":"IN SERVICE","OWNER":"CONSUMERS ENERGY CO","SUB_1":"UNKNOWN128711","SUB_2":"ARGENTA","VOLT_CLASS":"100-161"}},{"type":"Feature","geometry":{"type":"LineString","coordinates":[[-88.4945246290621,43.7350425888073],[-88.4955571553446,43.7345363378459],[-88.4955928472075,43.7264223760318],[-88.51064293761,43.7145607621412],[-88.5232064922044,43.704567025868],[-88.5299403659821,43.6992727260061],[-88.5378282802525,43.6994035960135],[-88.5578038549174,43.69976051483],[-88.5829309632078,43.7001769205696],[-88.6077368438341,43.7010097318157],[-88.6279622615391,43.701723569633],[-88.6375514897362,43.7020566951088],[-88.6491037739843,43.6984637086166],[-88.6611081542638,43.6982852485366],[-88.668056180117,43.7003672781118],[-88.6919697641716,43.6994035960135],[-88.6968833511464,43.699201341832],[-88.7111482187692,43.6991180607293],[-88.7343241691945,43.6989633957031],[-88.7600342454768,43.6987730388995],[-88.7804143288192,43.6986540657527],[-88.790336681968,43.6985945790908],[-88.8004374926346,43.696869470099],[-88.8206629121362,43.6933835599724],[-88.8339046130234,43.6911111737374],[-88.8404600274868,43.6870185011234],[-88.8585915198751,43.6756089859509],[-88.8623748627291,43.6732414220484],[-88.8691801220292,43.6692915169344],[-88.877329775729,43.6651036645511],[-88.8909402925325,43.6585125579863],[-88.9127599494739,43.6479953410746],[-88.9260849322728,43.6416421795227],[-88.9402546215945,43.6296853876676],[-88.9534963224817,43.6184067427971],[-88.9595401535773,43.6127079337328],[-88.9626810420013,43.6095313539791],[-88.9779928736299,43.6015125701402],[-88.9917580560708,43.5943028029977],[-89.0104738944667,43.5843260475113],[-89.032756168508,43.5716384366381],[-89.0475921077333,43.5632270425241],[-89.0627492746227,43.5502232879626],[-89.0725645512847,43.5418713796022],[-89.0819396283045,43.5337693149403],[-89.0890185243216,43.5320204109041],[-89.1069358655328,43.5276065107224],[-89.1242107532124,43.5234186597241],[-89.1429014190174,43.5188381968966],[-89.1563810647587,43.5155426439347],[-89.1824361632804,43.5091299965646],[-89.1913710388616,43.5069408919312],[-89.2000084831505,43.5038594898636],[-89.2177354668614,43.4974587395736],[-89.2361287004759,43.4909152231228],[-89.2536653284831,43.4846453431467],[-89.2645989519782,43.4812427135216],[-89.2761036461776,43.4775902407816],[-89.2848838570197,43.4775426519652],[-89.285514414162,43.4849903648156],[-89.2856809761887,43.4874531068938],[-89.2921055204882,43.489297188563],[-89.3058588056415,43.488738015645],[-89.31534095825,43.4892614965381],[-89.3179583651203,43.4900943075641],[-89.3183390792225,43.4943297490826],[-89.3245256768713,43.4947937439251],[-89.3304029459401,43.4953291225706],[-89.3421693804671,43.4954837879613],[-89.3453340634664,43.4955194795674],[-89.3515682520623,43.492794996578],[-89.3762908516752,43.4936753969373],[-89.3766358730163,43.4975896107118],[-89.380847519123,43.4995169740735],[-89.3929351813141,43.5017536668465],[-89.4007160190976,43.5032170358924],[-89.4041424433229,43.4991957466662],[-89.4083064984825,43.4974468425388],[-89.413814951635,43.4931043269102],[-89.4150879632073,43.4884405826164],[-89.4146953518174,43.4860730190353],[-89.4165156395187,43.4861919921324],[-89.4170391210724,43.4862395819574]]},"properties":{"OBJECTID":45617,"ID":"134649","VOLTAGE":345,"STATUS":"IN SERVICE","OWNER":"AMERICAN TRANSMISSION CO","SUB_1":"SOUTH FOND DE LAC","SUB_2":"COLUMBIA","VOLT_CLASS":"345"}},{"type":"Feature","geometry":{"type":"LineString","coordinates":[[-89.0486797986591,42.9774593955816],[-89.04899388831,42.9778520067284],[-89.0454853715425,42.9778484380075],[-89.0444681525524,42.9775200720792],[-89.0437150526289,42.977573609729],[-89.0426322117073,42.977040874519]]},"properties":{"OBJECTID":45651,"ID":"134686","VOLTAGE":138,"STATUS":"IN SERVICE","OWNER":"AMERICAN TRANSMISSION CO","SUB_1":"CHRISTIANA","SUB_2":"ROCKDALE","VOLT_CLASS":"100-161"}},{"type":"Feature","geometry":{"type":"LineString","coordinates":[[-88.2551299236956,43.4260359007435],[-88.255358352696,43.4261168031129],[-88.2567622353304,43.4260596955308],[-88.2560341202499,43.4270590701115],[-88.2560912270509,43.4311707780817],[-88.2561483338518,43.4337691499371],[-88.2561911637279,43.4350445406185],[-88.2525029991749,43.4350112275095],[-88.2526362489759,43.4493343939599],[-88.2527219096265,43.4543788505279],[-88.2527409458257,43.4594518615993],[-88.2488148346219,43.459423308873],[-88.2418453938306,43.4593495447209],[-88.2320586710184,43.4592638850523],[-88.2272045695834,43.4592353309331],[-88.2252486533422,43.4594137908598],[-88.2158759559595,43.4593638220813],[-88.2064818436388,43.459292437854],[-88.2041547309458,43.4592567457087],[-88.2027770225238,43.4578647616925],[-88.1965166606138,43.455451988129],[-88.1902420226774,43.4530177991337],[-88.188585918264,43.4518399658521],[-88.1873938080679,43.4503908745159],[-88.1842029508561,43.4458365860633],[-88.183139332085,43.4443589410643],[-88.1819115300261,43.4431882460661],[-88.1767576167633,43.4396547456273],[-88.174877842624,43.4385316411316],[-88.1738641926405,43.4390741577978],[-88.17245555163,43.4392169256316],[-88.1723365787538,43.4384602571007],[-88.172059329911,43.4382742791204]]},"properties":{"OBJECTID":45656,"ID":"134693","VOLTAGE":138,"STATUS":"IN SERVICE","OWNER":"AMERICAN TRANSMISSION CO","SUB_1":"BARTON","SUB_2":"GLACIER","VOLT_CLASS":"100-161"}},{"type":"Feature","geometry":{"type":"LineString","coordinates":[[-87.9361721127411,43.0986097620639],[-87.9367134402262,43.098928014938],[-87.9369013785634,43.0996565557448],[-87.9367110435211,43.1085487755535],[-87.9366753247087,43.1099239640759],[-87.9367051335048,43.1113727136464],[-87.9368672461759,43.1129397896269],[-87.9378573611972,43.1144099617098],[-87.9390614126984,43.1158166760207],[-87.9415275235119,43.1185085990124],[-87.942332506533,43.1198048577088],[-87.9431576351726,43.1215738388346],[-87.9437945694551,43.1231155775651],[-87.9447685435474,43.1249803817604],[-87.9450886824534,43.1262135125829],[-87.9455475966978,43.1276498498316],[-87.9462684677638,43.1295205407676],[-87.9462024514719,43.1317227506496]]},"properties":{"OBJECTID":45857,"ID":"134929","VOLTAGE":138,"STATUS":"IN SERVICE","OWNER":"AMERICAN TRANSMISSION CO","SUB_1":"CORNELL-MILWAUKEE","SUB_2":"RANGE LINE SW","VOLT_CLASS":"100-161"}},{"type":"Feature","geometry":{"type":"LineString","coordinates":[[-88.212855702295,42.0660223260706],[-88.2112687457006,42.0660255471263],[-88.1979726185853,42.0660221066653],[-88.1693260385724,42.0660509961288],[-88.1471323500962,42.0660329608891],[-88.1442223825991,42.064469125939],[-88.1436788434617,42.0644178805335],[-88.1436396796103,42.0646255955302]]},"properties":{"OBJECTID":45871,"ID":"134952","VOLTAGE":138,"STATUS":"IN SERVICE","OWNER":"COMMONWEALTH EDISON CO","SUB_1":"UNKNOWN121899","SUB_2":"TAP137942","VOLT_CLASS":"100-161"}},{"type":"Feature","geometry":{"type":"LineString","coordinates":[[-87.8347607712091,42.8424024419554],[-87.8361248674596,42.8438408849148],[-87.8365055806636,42.8444357496031],[-87.840336512668,42.8435910419741],[-87.8414429631119,42.8432341217347],[-87.8439294998183,42.8427582301437],[-87.8555341306947,42.8428914799216],[-87.8592460898229,42.8453684989589],[-87.8664415799773,42.8454470209833],[-87.8738512222073,42.8455469590985],[-87.8759214140341,42.8448223578304],[-87.8762719447428,42.8455280931448],[-87.8772142110005,42.8460372966785],[-87.8818541594616,42.8461134395424],[-87.8843192821283,42.8461134395424],[-87.8861217238981,42.8461384239815]]},"properties":{"OBJECTID":45879,"ID":"134953","VOLTAGE":138,"STATUS":"IN SERVICE","OWNER":"AMERICAN TRANSMISSION CO","SUB_1":"TAP137905","SUB_2":"OAK CREEK STATION","VOLT_CLASS":"100-161"}},{"type":"Feature","geometry":{"type":"LineString","coordinates":[[-85.7348999828221,42.9033672301369],[-85.7351104077876,42.9027294897423],[-85.7380442848442,42.9026231738109],[-85.7410677679522,42.902882937115],[-85.7530215146907,42.902633535095],[-85.7629523641055,42.9031389578174],[-85.7627851921227,42.8964951786059],[-85.7626488691851,42.8827219657712],[-85.7621729767818,42.8820378707914],[-85.7622860019126,42.8776061246897],[-85.7622146181868,42.8746853359604],[-85.7613163711747,42.8743819548835],[-85.7611736037232,42.8700275406843],[-85.7612509360927,42.865262670513],[-85.7610308362717,42.8646499587993],[-85.7609772975791,42.8633055637097],[-85.7613342171061,42.8626036227272],[-85.7613401657499,42.8618600405809],[-85.7612545050993,42.8564919766193],[-85.7613972725509,42.8523517146705],[-85.7613961954708,42.8511660907211],[-85.7606084142891,42.850452877727],[-85.7597616910484,42.8497653336238],[-85.7589050845429,42.849072376097],[-85.7583703983027,42.8485783487465],[-85.7583091619464,42.8484065387361],[-85.7582582526226,42.8482067170403],[-85.7573462829462,42.8485331198257],[-85.7549858697056,42.8492065389007],[-85.7523573084544,42.8499863126897],[-85.7498629573033,42.8506990318674],[-85.7473738145843,42.8513943558375],[-85.7448901524867,42.8521218126063],[-85.7431402711442,42.8530527685644],[-85.7418314248769,42.853642700916],[-85.7397613291699,42.8543611019424],[-85.736790331929,42.8553237666697],[-85.7337096665617,42.8552864839203],[-85.7314941515764,42.8552982709744],[-85.7289193104776,42.8552557956864],[-85.7261673216047,42.855199951504],[-85.7235012116729,42.8551566859088],[-85.7203683371196,42.8551339006669],[-85.7176432977052,42.8551102586647],[-85.7149395492614,42.8550858935836],[-85.7124451064821,42.8550465791129],[-85.7097038982909,42.8550276785241],[-85.7068446496748,42.8542403971192],[-85.7037976540626,42.8542215627965],[-85.7009813458153,42.8542207718865],[-85.6984493552538,42.8542136596232],[-85.6957885444839,42.8541939698448],[-85.6932834126511,42.8541782958574],[-85.6932727226992,42.8521804406907],[-85.6932941933328,42.8509337646283],[-85.690461805242,42.8503753545517],[-85.6872646113143,42.8497618799758],[-85.6854352811714,42.8498160819425],[-85.6826940720819,42.849773668743],[-85.6803229688895,42.8497106429381],[-85.6772974430126,42.8496509745689],[-85.6748136910835,42.8495966407389],[-85.6722710096718,42.8495761585191],[-85.6698033375863,42.8495455998248],[-85.6671694771733,42.8494943606318],[-85.6671747781318,42.850214067811],[-85.665849746918,42.850346037684]]},"properties":{"OBJECTID":45913,"ID":"134994","VOLTAGE":138,"STATUS":"IN SERVICE","OWNER":"CONSUMERS ENERGY CO","SUB_1":"UNKNOWN128772","SUB_2":"UNKNOWN133925","VOLT_CLASS":"100-161"}},{"type":"Feature","geometry":{"type":"LineString","coordinates":[[-83.6156071966369,42.2069783251379],[-83.6157819584855,42.207095869062],[-83.6191964557788,42.2068573940894],[-83.621803545498,42.2072904367766],[-83.6275327317839,42.2082917889211],[-83.6324787659067,42.2091976426819],[-83.6372799017742,42.2093288546618],[-83.6403054276511,42.2107735736981],[-83.6427677098449,42.2119988936075],[-83.645224602147,42.2133537306891],[-83.6477619826002,42.2146728768185],[-83.6501384765826,42.215860730726],[-83.6503476034825,42.2179504318047],[-83.6505943715893,42.2200878297424],[-83.650830448846,42.2223562750548],[-83.6498887449336,42.224633286021],[-83.6512373856697,42.2265433600761],[-83.6513963865767,42.2280818735916],[-83.6516362376559,42.230234959534],[-83.6521105481259,42.233619190553],[-83.6529324167793,42.2352193870762],[-83.6528246189452,42.2371507560736],[-83.6526953504775,42.2388826786941],[-83.6523719578735,42.2407420447199],[-83.6521455815236,42.241963058911],[-83.6518275788114,42.2437007687561],[-83.6515106531791,42.2476355437003],[-83.6512436738767,42.2510253580051],[-83.6511346175029,42.2524329505001],[-83.6511206046828,42.2526224527791],[-83.650995020206,42.2543215705781],[-83.6508670102781,42.2560895918857],[-83.6507196865715,42.2579350856748],[-83.6505994021549,42.2595307435946],[-83.6504687871126,42.2612750825401],[-83.6484500031746,42.261621790633],[-83.6463725592485,42.2619761429491],[-83.6461514838571,42.2634013737093],[-83.6428824247067,42.263541981102],[-83.6426857412702,42.2643678661159]]},"properties":{"OBJECTID":45923,"ID":"135003","VOLTAGE":120,"STATUS":"IN SERVICE","OWNER":"NOT AVAILABLE","SUB_1":"COLLINS","SUB_2":"SUPERIOR","VOLT_CLASS":"100-161"}},{"type":"Feature","geometry":{"type":"LineString","coordinates":[[-87.7916538959817,42.0459940190191],[-87.7907957569504,42.0458149909833],[-87.7881741136252,42.0407214307201],[-87.788195043473,42.0406008757568],[-87.7782325302411,42.021467608996],[-87.7762397318693,42.0215211467078],[-87.7759774238064,42.0219070875167]]},"properties":{"OBJECTID":45927,"ID":"134997","VOLTAGE":138,"STATUS":"IN SERVICE","OWNER":"COMMONWEALTH EDISON CO","SUB_1":"TAP137929","SUB_2":"NILES","VOLT_CLASS":"100-161"}},{"type":"Feature","geometry":{"type":"LineString","coordinates":[[-88.0205856941637,44.4355224951222],[-88.0206035400951,44.4356533650502],[-88.0198956496849,44.4363136659087],[-88.0166595829599,44.4387526128002],[-88.0101398594611,44.443707840819],[-88.0020140012349,44.4498706450669],[-88.0003840701356,44.4511317585167],[-87.9969754918418,44.4557895536171],[-87.9936918359663,44.4602867348772],[-87.9895218312646,44.4659617500175],[-87.9851912122816,44.4718390187948],[-87.9813305361598,44.4736831010639],[-87.9788915886039,44.4776211085937],[-87.9776229051146,44.4776651451155]]},"properties":{"OBJECTID":45960,"ID":"135046","VOLTAGE":138,"STATUS":"IN SERVICE","OWNER":"NOT AVAILABLE","SUB_1":"MYSTERY HILLS","SUB_2":"HIGHWAY V","VOLT_CLASS":"100-161"}},{"type":"Feature","geometry":{"type":"LineString","coordinates":[[-89.6974049220439,45.4698325958348],[-89.696833852238,45.4699753636867],[-89.6901713612878,45.4686904551211],[-89.6893742421187,45.4682740500904],[-89.6695533312946,45.4591845075548],[-89.6519453195616,45.4510348547775],[-89.6473410629633,45.4500235836885],[-89.6253548430969,45.4452527637665],[-89.6124276046614,45.4424076855433],[-89.6089110524637,45.4416489920211],[-89.5979874236244,45.4545554968391],[-89.5894926865998,45.4645374066479],[-89.5854915939176,45.4692291668597],[-89.5728289380794,45.478749959966],[-89.5712300662311,45.4800147387412],[-89.5692385623316,45.4808800949147],[-89.5682665250071,45.4823025891508],[-89.5535548802778,45.4934553481326],[-89.5404202900135,45.5033181869191],[-89.5264885221896,45.5139187049481],[-89.5147813055045,45.5226872198983],[-89.4967092752997,45.5360598089815],[-89.4836339325216,45.5458276479944],[-89.4787550420764,45.5493618689318],[-89.4719132923111,45.5539666637365],[-89.4570588217398,45.5638775659944],[-89.4562072871224,45.5681588966064],[-89.456231082596,45.5699317586638],[-89.4544094411336,45.5787899430188],[-89.4519701665909,45.5881543756104],[-89.4486626936823,45.6008607798001],[-89.4463784710526,45.609509898958],[-89.4448408714932,45.6156483739829],[-89.4398366921169,45.6213793505392],[-89.4337673901898,45.6288676056452],[-89.4303287434867,45.6290217531347],[-89.4295191548032,45.6314598651257],[-89.4287220347359,45.6314360695732]]},"properties":{"OBJECTID":45965,"ID":"135054","VOLTAGE":115,"STATUS":"IN SERVICE","OWNER":"NORTHERN STATES POWER CO - WISCONSIN","SUB_1":"HIGHWAY EIGHT","SUB_2":"EASTOM","VOLT_CLASS":"100-161"}},{"type":"Feature","geometry":{"type":"LineString","coordinates":[[-85.083589605966,43.0121489718525],[-85.0840320460064,43.0126746089944],[-85.0934479999649,43.01278400015],[-85.1027540001327,43.0208060000931],[-85.1037779996065,43.0217429996722],[-85.1090199998694,43.0336999999832],[-85.1131469995235,43.0431759997009],[-85.1147989995344,43.0469040000028],[-85.124442999811,43.0494729996485],[-85.1303060000399,43.0539969995964],[-85.140066999594,43.0559419998098],[-85.1398480002092,43.0644459999738],[-85.1399529997912,43.0720229999921],[-85.1409179997138,43.0731389998939],[-85.14467899967,43.0783689997318],[-85.1473359997864,43.0820529996968],[-85.1483180003258,43.0829420001237],[-85.1495579997097,43.0836540001374],[-85.1557990002304,43.0859250000394],[-85.1588780001212,43.0872290000688],[-85.1709450001625,43.0929289998697],[-85.1742919998419,43.0945269996757],[-85.1758140001565,43.0952399998582],[-85.1821079994823,43.0974039997816],[-85.1874550002254,43.0987389999782],[-85.1905509998347,43.0995369998485],[-85.1920589999055,43.1000629995749],[-85.1937910002823,43.1007039999001],[-85.1992870000901,43.1032869998922],[-85.2007170003431,43.1041629997191],[-85.2019540002523,43.1049460001451],[-85.2029750002514,43.1054279997964],[-85.2055329997353,43.1063379996392],[-85.2087139997334,43.1079179997927],[-85.2154339999298,43.1109279996981],[-85.223201961262,43.1143251828317],[-85.2532040002239,43.1141219997453],[-85.254990999954,43.1184469995566],[-85.2537464676712,43.1188734529789]]},"properties":{"OBJECTID":45983,"ID":"135065","VOLTAGE":138,"STATUS":"IN SERVICE","OWNER":"NOT AVAILABLE","SUB_1":"UNKNOWN131573","SUB_2":"UNKNOWN138477","VOLT_CLASS":"100-161"}},{"type":"Feature","geometry":{"type":"LineString","coordinates":[[-86.2675172547616,43.3682841571254],[-86.2670145521387,43.3683065320489]]},"properties":{"OBJECTID":45991,"ID":"135083","VOLTAGE":138,"STATUS":"IN SERVICE","OWNER":"WOLVERINE POWER SUPPLY COOP","SUB_1":"UNKNOWN128727","SUB_2":"TAP140396","VOLT_CLASS":"100-161"}},{"type":"Feature","geometry":{"type":"LineString","coordinates":[[-88.212855702295,42.0660223260706],[-88.2127212011408,42.0674008890004],[-88.2129986727657,42.0674178655278]]},"properties":{"OBJECTID":46513,"ID":"135666","VOLTAGE":138,"STATUS":"IN SERVICE","OWNER":"COMMONWEALTH EDISON CO","SUB_1":"UNKNOWN121897","SUB_2":"TAP137942","VOLT_CLASS":"100-161"}},{"type":"Feature","geometry":{"type":"LineString","coordinates":[[-85.8908892348054,46.0974576798137],[-85.8879273123455,46.0975011765836],[-85.859338087967,46.0976647649204],[-85.8489160478396,46.1005677067574],[-85.8291665216396,46.1006747828054],[-85.8089411030363,46.1006985770392],[-85.7900243878681,46.1006628850617],[-85.7708102405094,46.1006152959301],[-85.7658728589594,46.100627193684],[-85.7542610900698,46.1003059658846],[-85.7499899566266,46.100163198688],[-85.7383662895511,46.1002226848053],[-85.7133581550352,46.1001275069868],[-85.701270492844,46.1000561228922],[-85.6983437555972,46.1021024591473],[-85.6755128283096,46.1021619456638],[-85.6571433892704,46.1075514246653],[-85.6550137711926,46.1081700845503],[-85.6341458981594,46.1117154815869],[-85.6156455889564,46.1148206777203],[-85.5958365763182,46.1181638209924],[-85.5786211750767,46.1210786608202],[-85.5717088410864,46.1223278780949],[-85.5640588734667,46.1258494800357],[-85.5496928780009,46.1287940629993],[-85.5496988266447,46.1272117218385],[-85.5495659999501,46.1268939997351],[-85.5486130140961,46.1270155359326]]},"properties":{"OBJECTID":46662,"ID":"135824","VOLTAGE":138,"STATUS":"IN SERVICE","OWNER":"NOT AVAILABLE","SUB_1":"HIAWATHA (ESE)","SUB_2":"BLANEY PARK SW STA","VOLT_CLASS":"100-161"}},{"type":"Feature","geometry":{"type":"LineString","coordinates":[[-88.5025618648923,43.1011047409061],[-88.5018416307318,43.1009163170782],[-88.5019308612872,43.0974304067591],[-88.5035607914882,43.0988223915109],[-88.5086528386756,43.1030280891191],[-88.5114368075727,43.1053956528821],[-88.5154343016038,43.1086852570382],[-88.5182896560232,43.1111123077532],[-88.5221146384855,43.1118618376791],[-88.5286522079158,43.1134917686586],[-88.5378547742651,43.1158355379092],[-88.5447730568993,43.1176082357032],[-88.5539387402197,43.1199484356746],[-88.5631722391575,43.1222969637237],[-88.5744270885202,43.1251642147665],[-88.5763901445712,43.1256817469778],[-88.5782401754915,43.1260089226361],[-88.5800485659051,43.1261754857385],[-88.5819580841618,43.1262706636075],[-88.590958394825,43.1265145591304],[-88.5956161901158,43.1265978400498],[-88.5977041667886,43.1266632746038],[-88.5995304031337,43.1268476827836],[-88.6013863826978,43.127145115683],[-88.6031590812485,43.1275139318596],[-88.6049020356819,43.128037413571],[-88.6065438640688,43.1286501251433],[-88.6081737951681,43.1293639630591],[-88.6096550101721,43.1302027230936],[-88.6170194410921,43.1348545700478],[-88.6244255143155,43.1395302095421],[-88.6336280788682,43.1453182485093],[-88.6391781716291,43.1488160570848],[-88.6424201878962,43.1508564447955],[-88.6439846830153,43.1516416671071],[-88.6473456721586,43.1528789867377],[-88.6555905041594,43.1552287038943],[-88.6623660202404,43.157144170786],[-88.6669345849758,43.1584588231198],[-88.6783024594691,43.1616710947891],[-88.6885579366714,43.1645740369257],[-88.6886114735674,43.166180173655],[-88.6882842990561,43.1666560659902]]},"properties":{"OBJECTID":46663,"ID":"135826","VOLTAGE":138,"STATUS":"IN SERVICE","OWNER":"AMERICAN TRANSMISSION CO","SUB_1":"COONEY","SUB_2":"CONCORD SW YD","VOLT_CLASS":"100-161"}},{"type":"Feature","geometry":{"type":"LineString","coordinates":[[-87.9033070315776,42.0811890675307],[-87.9032677617249,42.0808744127818],[-87.9029748750097,42.0803380535133],[-87.9022813693222,42.0787417941442],[-87.9010425539178,42.0710396805437],[-87.9010473131922,42.0591661705751],[-87.8999146903325,42.0581001718001],[-87.8999242070846,42.0562061211401],[-87.8996196359825,42.0546642300648],[-87.8989327652516,42.0526694488736],[-87.8984645570373,42.0512487560131],[-87.8983765616654,42.0510419678046],[-87.8973552786969,42.0517859087321]]},"properties":{"OBJECTID":46671,"ID":"135835","VOLTAGE":138,"STATUS":"IN SERVICE","OWNER":"COMMONWEALTH EDISON CO","SUB_1":"TAP137937","SUB_2":"COMMONWEALTH EDISON DES PLAINES (345KV)","VOLT_CLASS":"100-161"}},{"type":"Feature","geometry":{"type":"LineString","coordinates":[[-87.95866064087,43.3722839926793],[-87.9590231533079,43.3711846778413],[-87.9600369128859,43.370000543104],[-87.9600308780038,43.3681781166063],[-87.9598642962141,43.3664528040481],[-87.9598465032833,43.3649047540846],[-87.9602686369066,43.3599818306316],[-87.9607388807034,43.3548448609538],[-87.9606674305023,43.3532967708415],[-87.9607268962792,43.3515366028024],[-87.9606614279596,43.3483941498288],[-87.9605603108963,43.3448788267878],[-87.9605485528475,43.3433326749494],[-87.9652956640338,43.3374255546225],[-87.9652300025764,43.3321846169459],[-87.9651229242929,43.3251649750939],[-87.9650098955689,43.3199835279458],[-87.9649028181837,43.3151412217792],[-87.9647303209879,43.3084852320267],[-87.9647303209879,43.3023935361391],[-87.9646232400094,43.299496383804],[-87.9645934967903,43.2948150046941],[-87.9643198582767,43.2852257128002],[-87.9642904159932,43.2819282701025],[-87.9699877372393,43.279490785513],[-87.9779106660428,43.2763442175904],[-87.9832524817102,43.2742406755525],[-87.9832093320338,43.2748338449161],[-87.9834079827808,43.275053339013]]},"properties":{"OBJECTID":46729,"ID":"135905","VOLTAGE":138,"STATUS":"IN SERVICE","OWNER":"AMERICAN TRANSMISSION CO","SUB_1":"CEDARSAUK","SUB_2":"CEDARBURG SOUTH","VOLT_CLASS":"100-161"}},{"type":"Feature","geometry":{"type":"LineString","coordinates":[[-85.8679706328443,41.7354479837762],[-85.8696092874833,41.7365899265635],[-85.8715723435344,41.7395642535295],[-85.8834993923426,41.7499684468108],[-85.8873838621414,41.7517530429102],[-85.9077401509085,41.7556791528531],[-85.9334859190537,41.7573447756823],[-85.941978216254,41.7582085198801],[-85.9933936086458,41.7586558589912],[-86.0012934193055,41.7586177876704],[-86.0131765153435,41.7603659887879],[-86.014766093222,41.7605987677082],[-86.0193328047329,41.7606313579092],[-86.023477688946,41.7606539410674],[-86.0278953340187,41.7606749810159],[-86.0320646982216,41.7606976968352],[-86.0362872049601,41.7607154540335],[-86.0406454372566,41.7607436638457],[-86.0448562856593,41.7607672507476],[-86.0490415572293,41.7607949928198],[-86.0532703009708,41.7608153050132],[-86.0563332425776,41.7606048379996],[-86.0577375043011,41.7605083458287],[-86.0620379857046,41.7601951459841],[-86.0660951970409,41.7602249327421],[-86.0698505977979,41.7606454886335],[-86.0705958015301,41.76072894213],[-86.07506286113,41.7612622600909],[-86.0795874344676,41.7617677227582],[-86.083961494181,41.761802452574],[-86.0880457726552,41.7618172618227],[-86.0920611521436,41.76183434797],[-86.0960908947952,41.7618490908743],[-86.1001338220202,41.7618527755948],[-86.1044677378202,41.7618741508556],[-86.1088413690373,41.7618956480622],[-86.1128183976496,41.7623324776196],[-86.1168407795058,41.7627471305272],[-86.1207837943082,41.7631506450717],[-86.1242152311328,41.7634987255622],[-86.12869362298,41.7639813695271],[-86.1321151280308,41.7639630631224],[-86.1360128569631,41.7639591768384],[-86.1391933440232,41.7640050785279],[-86.1397162847911,41.7673323620205],[-86.1401132036028,41.7707888725757],[-86.1405531687845,41.7740299128192],[-86.141003700849,41.7773739185052],[-86.1413899863026,41.7807423429152],[-86.141862189325,41.7841594108862],[-86.1423984979226,41.7875108590495],[-86.1427955353119,41.7909024969133],[-86.1432889915756,41.7941261530661],[-86.143664289735,41.7972360229814],[-86.1439324260675,41.8006179906114],[-86.1441470210124,41.8039928865823],[-86.1443831315068,41.8073455355961],[-86.1448665302325,41.8107246965129],[-86.1457688996135,41.8140069588471],[-86.1466165903398,41.816710343021],[-86.1474105609138,41.8192848866791],[-86.1484082352582,41.8225467229739],[-86.1493307502578,41.8256726648769],[-86.1501573063204,41.8284558086971],[-86.1512302496041,41.8315980249727],[-86.1523026709667,41.834929894148],[-86.1531929427358,41.8383183080241],[-86.1540942916306,41.8415321017643],[-86.1549736335976,41.844567683919],[-86.155671709015,41.8479838345377],[-86.1571250322278,41.8511514715182],[-86.1593960819622,41.8540376527886],[-86.1620103824582,41.8564416518982],[-86.1652015927078,41.8586904315234],[-86.1677233802044,41.8603607698717],[-86.1703959041072,41.86218404407],[-86.1726806783025,41.8651418360895],[-86.1739066684596,41.8683680876647],[-86.1750523752814,41.8713831767831],[-86.1775502127941,41.8742534015256],[-86.1800230537857,41.8765626929877],[-86.1829697965139,41.879314572928],[-86.185541404576,41.8817160085401],[-86.1883574666849,41.8843455877046],[-86.189675330241,41.8856313897077],[-86.1895466977805,41.8859968578313]]},"properties":{"OBJECTID":46793,"ID":"135961","VOLTAGE":345,"STATUS":"IN SERVICE","OWNER":"AMERICAN ELECTRIC POWER CO., INC","SUB_1":"KENZIE CREEK","SUB_2":"TAP138974","VOLT_CLASS":"345"}},{"type":"Feature","geometry":{"type":"LineString","coordinates":[[-88.1318092598822,44.2206831936566],[-88.1349301922322,44.2208960770868],[-88.1361579942912,44.2197729709435],[-88.1449477227837,44.2197920066884],[-88.1498018242187,44.2197967656236],[-88.1569687596252,44.2197444179584],[-88.1640500361778,44.219692068959],[-88.166210586844,44.2196873100153],[-88.1701604917247,44.2213862458629],[-88.1780603032827,44.2247317675889],[-88.185917283168,44.2280725308227],[-88.1899100179248,44.2297524309809],[-88.1920467740158,44.2306756606535],[-88.1982476494876,44.230742285625],[-88.2070516558033,44.2308041518323],[-88.2141138961567,44.2308802946684],[-88.2189537197685,44.230946920052],[-88.2248595417887,44.2331550600727],[-88.229033115497,44.2347588158266],[-88.2382987372911,44.2347112269664],[-88.2480830804662,44.2347588158266],[-88.257834112314,44.2348682717326],[-88.2639778809849,44.2349396561053],[-88.2753374271972,44.235434582757],[-88.2867398050823,44.2356344580173],[-88.295872176177,44.2355250028929],[-88.3029391749065,44.2355725917387],[-88.3076267125181,44.2358486100182],[-88.3189910189031,44.2359866180288],[-88.32574392888,44.2360294488786],[-88.3281852560732,44.2360532427805],[-88.3353617109267,44.2361484221537],[-88.3423668435809,44.236229322762],[-88.349043611456,44.2362864301048],[-88.3560963341589,44.2363816091007],[-88.3627017183083,44.2364244390194],[-88.364909858125,44.2360294488786],[-88.3664022787139,44.2360224881516],[-88.3665557055745,44.2352596647173]]},"properties":{"OBJECTID":46806,"ID":"135981","VOLTAGE":138,"STATUS":"IN SERVICE","OWNER":"AMERICAN TRANSMISSION CO","SUB_1":"LAKE PARK","SUB_2":"FOREST JUNCTION","VOLT_CLASS":"100-161"}},{"type":"Feature","geometry":{"type":"LineString","coordinates":[[-85.6082934937018,42.4360849297826],[-85.6105451586907,42.4362834388398],[-85.6118779396704,42.4346242136055],[-85.6157828982442,42.4345974277551],[-85.6157717950673,42.4323407670895],[-85.6157717950673,42.4300895006159],[-85.6157741297887,42.4270561505858],[-85.6157625415215,42.4242611500559],[-85.6157575666515,42.4211505517839],[-85.6179108158111,42.4201085327411],[-85.620527247111,42.4188141566245],[-85.6230988677496,42.4175566166641],[-85.6257339390916,42.4162788970347],[-85.6284085291196,42.4150081216779],[-85.6312621273326,42.41362162298],[-85.6340995720402,42.4122653929119],[-85.6376114691681,42.4105740691443],[-85.641085080997,42.4100416975056],[-85.6441748256369,42.4095682497787],[-85.6483783195324,42.4089511328004],[-85.6522623078342,42.4083798607883],[-85.6547948221135,42.4070205020532],[-85.6572650552958,42.405719474137],[-85.6606042036997,42.4039592548765],[-85.6636893857963,42.4023490049294],[-85.6652903992283,42.4000111371546],[-85.6669836408938,42.3975057410042],[-85.6687182679445,42.394912319906],[-85.670330554335,42.3925591420686],[-85.6723043326773,42.3896117835785],[-85.6743396007007,42.3865727777698],[-85.6783991440635,42.3864955135829],[-85.6824098981266,42.3864149655933],[-85.6859145575283,42.3863559795868],[-85.6902655260474,42.3862642121132],[-85.6941719066542,42.386188309736],[-85.6975819617784,42.3861281975361],[-85.7018141110332,42.3860550107538],[-85.705969459721,42.3859690897261],[-85.7088113636657,42.3859278370544],[-85.7126276746906,42.3859282344996],[-85.7163577061257,42.3859182160939],[-85.720105543068,42.3859158267779],[-85.7240192952501,42.3859127089227],[-85.727900090041,42.3859177231026],[-85.7306265038778,42.3844471319782],[-85.7334411520384,42.3830810937227],[-85.7369986934642,42.3813438450071],[-85.7407613822532,42.3813438450071],[-85.7444840888255,42.3813563219794],[-85.747317219823,42.3813438450071],[-85.7510614194868,42.3813438450071],[-85.7542656085957,42.3813332950194],[-85.7583659462521,42.3813279971319],[-85.7581882576923,42.3786349468965],[-85.7580165016066,42.3760288666247],[-85.7578677352057,42.3737288295882],[-85.7558574538218,42.3714760868718],[-85.7557259242946,42.3687363445673],[-85.7555854214959,42.3662984338107],[-85.7554472650968,42.3636608518153],[-85.7553153016832,42.3611912459423],[-85.7551890910808,42.3587969800615],[-85.7550804847629,42.3567357779711],[-85.7549309152681,42.3538976717426],[-85.7547795491427,42.3510233865027],[-85.7546474069644,42.3485175755719],[-85.7545182768373,42.3460653386545],[-85.7563176418773,42.3438355675789],[-85.7581626539101,42.3415814309185],[-85.7601480896898,42.3391934345253],[-85.7620878847649,42.3368480879369],[-85.7639704302069,42.3345304380443],[-85.7658879201134,42.3322241867063],[-85.7659464758969,42.3291261296939],[-85.7659972307105,42.3262630065092],[-85.7660409948345,42.3236127761403],[-85.7665257419315,42.3212368938708],[-85.7670235244815,42.3189094460026],[-85.7674452242186,42.3160207716807],[-85.769239857832,42.3140335588467],[-85.7711284686988,42.3119081529753],[-85.7711994131484,42.3083565011561],[-85.7703303532981,42.3063827878395],[-85.7703304431296,42.3039555588579],[-85.7703715859696,42.3013428555126],[-85.7703742719323,42.298851915021],[-85.7712255101057,42.295811067895],[-85.7712698087273,42.2928737867336],[-85.7712795105324,42.290076936054],[-85.7712991836371,42.2874699840734],[-85.7713135566816,42.2846362755453],[-85.7713371832719,42.2817230208021],[-85.7713537140698,42.2788313798791],[-85.7713497489061,42.2760381769264],[-85.7704849030528,42.2735278666047],[-85.770500491518,42.2703253201143],[-85.7705200747912,42.2673808949601],[-85.7705506202058,42.2646338996743],[-85.7705477446985,42.2616441281423],[-85.7705757954916,42.2585346699264],[-85.7714600602264,42.2555919899445],[-85.7714297986794,42.2527325969479],[-85.7714175842865,42.2499099498025],[-85.7714264767095,42.2470685595604],[-85.7714140799585,42.2440471631564],[-85.7714168647359,42.2409685406471],[-85.7713931456192,42.2385469170129],[-85.7713560469946,42.2357520747778],[-85.7713494767166,42.2332355976174],[-85.7690281878016,42.2322947519831],[-85.7655662855125,42.2308824618371],[-85.7655230109703,42.228623711145],[-85.7654937321802,42.2268696959761],[-85.7654883422885,42.2247773345204],[-85.7654432414714,42.2222489756474],[-85.76540623178,42.2196722509512],[-85.765358800733,42.2169688677025],[-85.7653276291926,42.2143305127362],[-85.7661251912311,42.2116147767376],[-85.7661123084916,42.2087088119643],[-85.7660214969012,42.2056429551492],[-85.7643511002917,42.2035442567024],[-85.7622488269312,42.2008342218447],[-85.7617120601927,42.1979638637353],[-85.7611837025836,42.1951165096486],[-85.7607085863248,42.1924734515985],[-85.7601166199087,42.1892774139287],[-85.7596788232601,42.1870295181505],[-85.7597118192788,42.1845798616266],[-85.7596867517908,42.1816085820535],[-85.7596617813208,42.1785429947062],[-85.7596811831343,42.1754674358262],[-85.759703995851,42.1725111951118],[-85.7597826595238,42.169776446879],[-85.7599292466118,42.1667596190171],[-85.7600796227938,42.1632862760183],[-85.7602501050684,42.1598762138107],[-85.7603950617142,42.1574036650778],[-85.7602471532044,42.1546375220013],[-85.7601010188672,42.1514061066681],[-85.7599970020421,42.1483661578035],[-85.7598893820745,42.1453888169647],[-85.7597767288463,42.1422049888095],[-85.7596406322841,42.1387918096081],[-85.7595092105547,42.1353538525994],[-85.7593795180822,42.1319254340316],[-85.759338380632,42.1284859850111],[-85.7592786103263,42.1253618555297],[-85.7596345426048,42.1220663060955],[-85.7599961010319,42.1187200147072],[-85.760381037216,42.1153314235564],[-85.7607369569181,42.1119463557481],[-85.7613777512614,42.1089866078774],[-85.7632297926113,42.1058519591448],[-85.7647912972388,42.1032422216851],[-85.7663777229288,42.1005725178025],[-85.7680700096852,42.0977431338404],[-85.7699150136332,42.0946190524989],[-85.7717843682136,42.0914726295577],[-85.7736212343234,42.0883806758843],[-85.7747057946205,42.0854966115417],[-85.7758120689945,42.0825546155513],[-85.7769478997381,42.0795342068571],[-85.7781751996388,42.0762698616246],[-85.779406327261,42.0730652828363],[-85.7806502379096,42.0697702440368],[-85.7819153937147,42.0664617499267],[-85.7831119676395,42.0631384605982],[-85.7843765943369,42.0599068590048],[-85.7854928301292,42.0569142767586],[-85.7862889243205,42.0541244536569],[-85.7871396648272,42.0511825915706],[-85.7880059102556,42.0482302629487],[-85.7888335020757,42.0453667705969],[-85.7896527539367,42.0424812645666],[-85.7904742147551,42.039656927045],[-85.7913280643309,42.036721544586],[-85.7921815527841,42.0337870280411],[-85.7930428700549,42.0308255109913],[-85.794013948877,42.0274647576458],[-85.7939011276639,42.0240375458265],[-85.7937860516793,42.0208821647952],[-85.7936662182171,42.0174603757786],[-85.7935485407115,42.0140274040404],[-85.7934375089424,42.0105918107397],[-85.7933161411576,42.007174543069],[-85.7931857066767,42.0037524838052],[-85.7930735097926,42.0003868407888],[-85.7929509795878,41.9970170935356],[-85.7928354562423,41.9935878468912],[-85.7927270241976,41.9905356818311],[-85.7925985606204,41.9873017938624],[-85.7924611435348,41.983858498548],[-85.7917916516114,41.9804708270124],[-85.7911902421051,41.9775070587528],[-85.7905249740602,41.9740998406082],[-85.7899516629577,41.9711984631336],[-85.789304881343,41.9679121388391],[-85.789209685974,41.9644977018531],[-85.7891333291749,41.9617054311489],[-85.7890321752806,41.9582859065935],[-85.7889226517829,41.9548367180812],[-85.7887393577356,41.9514268716519],[-85.7885339166234,41.947964796636],[-85.7883628836815,41.9446614827098],[-85.78817491031,41.941233517118],[-85.7874381210971,41.9378606565937],[-85.7867600296016,41.9345635285455],[-85.7859960474867,41.9311934910048],[-85.7852784166439,41.9286550871161],[-85.7843584357917,41.9253191078966],[-85.7842147475671,41.9226775478012],[-85.7841004935411,41.9199233777116],[-85.7839797842214,41.9170147756479],[-85.7839312751961,41.9144901196563],[-85.7837861460737,41.9110297855848],[-85.7841328867902,41.9076939538632],[-85.7844465497413,41.9045770808255],[-85.7862510414666,41.902006941095],[-85.788011185163,41.8994458875916],[-85.7901826719195,41.8963251555721],[-85.79240439606,41.8933254195492],[-85.7944255039396,41.8906123680094],[-85.7966127255866,41.8876042456505],[-85.7985262188885,41.8850086918773],[-85.8004810616429,41.8823221285295],[-85.8020122660958,41.8794978590524],[-85.8035468922317,41.8767036528791],[-85.8050306090437,41.8739509166948],[-85.8064798970242,41.8713260946271],[-85.8079179300125,41.8684975930311],[-85.8094062587752,41.8657577566898],[-85.811092306732,41.8626041518668],[-85.8127086445244,41.8596743886625],[-85.8141958054773,41.8569886377448],[-85.8157267152828,41.854093744713],[-85.8175244238293,41.8511038375971],[-85.8192362525364,41.8482118915569],[-85.8211051974851,41.8450539409255],[-85.8227268371343,41.842313836909],[-85.8243762338274,41.8395269675253],[-85.8262364651178,41.8363834465124],[-85.827539740932,41.8341746781016],[-85.8290929280582,41.8315448845367],[-85.8309446244551,41.8284268756243],[-85.8328150076065,41.8252656725657],[-85.8346945526754,41.8220887830427],[-85.8364773491883,41.8190871367161],[-85.8385347606835,41.8160296475715],[-85.8406371777745,41.8130578477015],[-85.8425989186919,41.8102675625643],[-85.8446485148442,41.8073948626847],[-85.8464095721271,41.8049400796514],[-85.8480690299515,41.8025027466295],[-85.8502158238175,41.7996321770467],[-85.8523663007761,41.7967597369654],[-85.8546649099251,41.7937975566796],[-85.8568516788213,41.7909477617974],[-85.85895984513,41.7881321331361],[-85.8605281239531,41.7850819406406],[-85.8615458253385,41.7817755826104],[-85.8625293009115,41.7785329629402],[-85.8634797175838,41.7753994435603],[-85.8643172178215,41.7726461758498],[-85.8652079872572,41.7697006367189],[-85.8662260479687,41.7663434348576],[-85.8672360238427,41.7630125916504],[-85.8681865312448,41.7599484726072],[-85.8684108324864,41.7567858009717],[-85.8682561677473,41.7384698997115],[-85.8683513469466,41.7364578275851],[-85.868240701453,41.735366844967]]},"properties":{"OBJECTID":46820,"ID":"135998","VOLTAGE":345,"STATUS":"IN SERVICE","OWNER":"NORTHERN INDIANA PUB SERV CO","SUB_1":"TAP138973","SUB_2":"ARGENTA","VOLT_CLASS":"345"}},{"type":"Feature","geometry":{"type":"LineString","coordinates":[[-85.5048166459556,42.2161208919667],[-85.5052515635038,42.2158363537985],[-85.5113659985874,42.2118359485882],[-85.5256300765911,42.2117723416253],[-85.5256903535466,42.2082565898459],[-85.5361121592136,42.2081526559785],[-85.5421470412924,42.208053379679],[-85.5451672671091,42.2055062770889],[-85.5451457075423,42.2039008689873],[-85.5451726570008,42.2019696805384],[-85.5467551292053,42.2019577688866],[-85.5516045046036,42.2018901585744],[-85.5560462245259,42.2019060629752],[-85.5593344177919,42.2019380707361],[-85.5617016483471,42.2023375325362],[-85.5618318896903,42.2043104249402],[-85.5640551535432,42.204346176525],[-85.5692646168264,42.2043411518605],[-85.573424013323,42.2069538596106],[-85.5754300286075,42.2081298949709],[-85.5777450302138,42.2094713937369],[-85.5797177719002,42.2106685075306],[-85.5796980565747,42.2128928511503],[-85.579644338219,42.2151376687364],[-85.579710052677,42.2172530095749],[-85.5797195712258,42.219442114071],[-85.5810820019997,42.2194482418846],[-85.5826826507157,42.2194368597581],[-85.582972944893,42.2202030467949],[-85.5832765530012,42.2209724849505]]},"properties":{"OBJECTID":46821,"ID":"135999","VOLTAGE":138,"STATUS":"IN SERVICE","OWNER":"INDIANA MICHIGAN POWER CO","SUB_1":"UNKNOWN128778","SUB_2":"TAP141282","VOLT_CLASS":"100-161"}},{"type":"Feature","geometry":{"type":"LineString","coordinates":[[-88.2401360031512,42.0636717007019],[-88.2386653900642,42.0629111546927],[-88.2377540554967,42.0630729587853]]},"properties":{"OBJECTID":46850,"ID":"136076","VOLTAGE":345,"STATUS":"IN SERVICE","OWNER":"COMMONWEALTH EDISON CO","SUB_1":"TOLLWAY","SUB_2":"TAP137936","VOLT_CLASS":"345"}},{"type":"Feature","geometry":{"type":"LineString","coordinates":[[-84.5842045081377,42.6772873507997],[-84.5839642752745,42.6769366541165],[-84.5824900841977,42.6769237037397],[-84.5781364198345,42.6769433680493],[-84.5755826828566,42.6787498757114],[-84.5739391252127,42.6787339155589],[-84.5699537404716,42.6787457355953],[-84.5677383072331,42.6787496987213],[-84.5633609641772,42.6787615200756],[-84.5611828855832,42.6787694456649],[-84.5569715997009,42.6787654171595],[-84.5527498744967,42.6787457369161],[-84.550657732336,42.6787497000421],[-84.546435697213,42.6787221589197],[-84.5442152810196,42.6787102081174],[-84.5421338279124,42.6787299557339],[-84.5399607897654,42.6787142339847],[-84.5378580825186,42.6787023465804],[-84.5359456636019,42.6786984508133],[-84.5338593452191,42.6786808237686],[-84.5325617728086,42.6790543897761],[-84.5321990600464,42.6797202138493]]},"properties":{"OBJECTID":49534,"ID":"139289","VOLTAGE":138,"STATUS":"IN SERVICE","OWNER":"NOT AVAILABLE","SUB_1":"UNKNOWN128596","SUB_2":"UNKNOWN128598","VOLT_CLASS":"100-161"}},{"type":"Feature","geometry":{"type":"LineString","coordinates":[[-88.1056941062889,42.3629518236765],[-88.1064964132287,42.3630002918765],[-88.1066449155249,42.3632030559598],[-88.1054813600768,42.3638098176625],[-88.1056056761323,42.3640936211462]]},"properties":{"OBJECTID":49537,"ID":"139292","VOLTAGE":138,"STATUS":"IN SERVICE","OWNER":"COMMONWEALTH EDISON CO","SUB_1":"UNKNOWN121934","SUB_2":"TAP136945","VOLT_CLASS":"100-161"}},{"type":"Feature","geometry":{"type":"LineString","coordinates":[[-84.7665275205353,42.2543135917332],[-84.7649931989283,42.2531739370176],[-84.7642073527178,42.2525823586581],[-84.7642166951968,42.2523026585842]]},"properties":{"OBJECTID":49565,"ID":"139326","VOLTAGE":138,"STATUS":"IN SERVICE","OWNER":"CONSUMERS ENERGY CO","SUB_1":"UNKNOWN128578","SUB_2":"TAP140111","VOLT_CLASS":"100-161"}},{"type":"Feature","geometry":{"type":"LineString","coordinates":[[-88.2509758290559,42.2548821178098],[-88.2508577535967,42.255794932756],[-88.2511432884996,42.2564944936187],[-88.2535560618431,42.2564944936187],[-88.2576963251224,42.2564659409716],[-88.265748420884,42.2557663791272],[-88.2850291926941,42.2556593040679],[-88.2905471625988,42.2555843510193],[-88.2957327226107,42.2555672181215],[-88.3011653884959,42.2554903620444],[-88.3033396223006,42.2554933361034],[-88.3088510479784,42.2557104619825],[-88.3113434551752,42.2557926927477],[-88.3208078400057,42.2556866669284],[-88.3240766602043,42.2552028749909],[-88.3408056641436,42.2550535249024],[-88.3485963106316,42.2550453067876],[-88.3547022710089,42.2549384725266],[-88.3684263007283,42.2549138187987],[-88.3959401024729,42.2548480756988],[-88.4375710825194,42.254633742757],[-88.4421671815166,42.2536450387395],[-88.4425363882001,42.2535638996186],[-88.4610373172406,42.2496252540538],[-88.4614459024729,42.2495176585484],[-88.4613268505449,42.2459079836174],[-88.4613010697946,42.2422735625095],[-88.4612408826706,42.2386896767828],[-88.4612238146802,42.2361224595851],[-88.4611809650411,42.2325064317839],[-88.4611294017438,42.2288521476379],[-88.4611036200951,42.2256552500147],[-88.4610950860999,42.2220895795377],[-88.4611122439219,42.218466492831],[-88.4611036200951,42.2150020777241],[-88.4610950860999,42.2116520458518],[-88.4610950860999,42.2080345491033],[-88.4659616193201,42.2078947495358],[-88.470793926728,42.2078184295847],[-88.475651925953,42.2077739806015],[-88.48031256531,42.2077166907993],[-88.48480998078,42.2076721758704],[-88.4888182635777,42.2076276609101],[-88.4933159485423,42.2076149518499],[-88.4981224743015,42.2076149518499],[-88.5029289102292,42.2076022427872],[-88.5076067065098,42.2076276609101],[-88.512388349834,42.2076364441334],[-88.5170145837157,42.2076300556694],[-88.5218811169359,42.2076046375475],[-88.526104007255,42.2075982497456],[-88.5309019091875,42.2075855406794],[-88.5357256826001,42.2075855406794],[-88.540497802884,42.2076046375475],[-88.5453216661281,42.2076682500381],[-88.5499049605393,42.2076300556694],[-88.5549748723398,42.2075167386752],[-88.5596552746331,42.2075664438057],[-88.5641786505164,42.2075474806709],[-88.5686331265158,42.2075283837856],[-88.5732422025756,42.2075283837856],[-88.5777312646117,42.2075283837856],[-88.5825033848955,42.2075156747055],[-88.5870954827964,42.2074964447312],[-88.5915586715557,42.2075029656228],[-88.5952921606063,42.207483868724],[-88.5993347590479,42.2073311598664],[-88.6037979487055,42.2073948385068],[-88.6086130075616,42.2075092868946],[-88.6132051054625,42.2075474806709],[-88.6177883109404,42.2076237350751],[-88.6180852796003,42.2076179561123],[-88.6207323596211,42.2075664438057],[-88.6233932593242,42.2074774809099],[-88.6260023262354,42.2074202567132],[-88.6287662627015,42.20736948683],[-88.6316757262437,42.2073248385767],[-88.6364994098249,42.2072295527107],[-88.641340430891,42.2072168435704],[-88.6462070539427,42.207204135093],[-88.6510736769944,42.2071977465852],[-88.655974436027,42.2071723289547],[-88.6608068332663,42.2071658745691],[-88.6656734563181,42.2071596856776],[-88.6705485235335,42.2071405886751],[-88.675440837504,42.2071213585866],[-88.6802903036321,42.2071023287781],[-88.6851913321592,42.2070896861524],[-88.6900492415526,42.207064267813],[-88.6949072407776,42.207038848798],[-88.6997996445797,42.2070070425765],[-88.7046147052324,42.2070451707816],[-88.7093611336991,42.2070324616043],[-88.7138500151739,42.2070005888393],[-88.7185364361796,42.2070005888393],[-88.7233773665159,42.2074202567132],[-88.7282181189857,42.2078525636092],[-88.7330590502203,42.2082721599497],[-88.737917048547,42.2086917528376],[-88.7427578010168,42.2091177305874],[-88.7475901982562,42.2095436389271],[-88.7524309498278,42.2099632899065],[-88.7572546325106,42.2103892590816],[-88.7621040986387,42.2103701630554],[-88.766936316215,42.2103637755332],[-88.7717687125561,42.2103510670235],[-88.776609465026,42.2103256499964],[-88.7814590200873,42.2103129408137],[-88.7862568321882,42.2103002329591],[-88.7910548239522,42.2102747487094],[-88.7951145802158,42.210261973645],[-88.799921105975,42.2102429447826],[-88.8047191875705,42.2102302355832],[-88.8096028786126,42.2102112725826],[-88.8142290226628,42.2101794686238],[-88.8191042695412,42.210166760077],[-88.8238592320031,42.2101476639836],[-88.8287344788816,42.210115858662],[-88.833068939959,42.2101031507678],[-88.8379526310011,42.2100904415403],[-88.842621803455,42.2100649585367],[-88.8474284199441,42.2100394748575],[-88.852303576991,42.2100141907791],[-88.8569899979967,42.2099949615654],[-88.8618222155731,42.2099696768039],[-88.8666717706344,42.2099504475766],[-88.8714694030723,42.2099378727234],[-88.8763188683021,42.20991245553],[-88.8811511757099,42.2098806507554],[-88.8857173122991,42.209817041158],[-88.8905925591776,42.2097406556614],[-88.8949956515427,42.2096644710154],[-88.8994330595516,42.209600860535],[-88.9038533097387,42.209530929587],[-88.9081364770134,42.2094801620656],[-88.9127110577662,42.2094038426992],[-88.91713993178,42.2093338456607],[-88.9215775185537,42.2092766896834],[-88.9256028702401,42.2092321758538],[-88.9304522456384,42.209187528917],[-88.9353274026853,42.2091749525812],[-88.9401683339199,42.2091430815625],[-88.945052024962,42.2091240516976],[-88.9499102038501,42.209092246526],[-88.9533889378727,42.2091578170617],[-88.9578682738492,42.2113243158878],[-88.9599598195286,42.2124557496756],[-88.9690392088862,42.2168292529028],[-88.9700659796627,42.2163396216743],[-88.9713287351694,42.2157334576462],[-88.9734579687682,42.2147466549463]]},"properties":{"OBJECTID":49583,"ID":"139351","VOLTAGE":345,"STATUS":"IN SERVICE","OWNER":"COMMONWEALTH EDISON CO","SUB_1":"SILVER LAKE","SUB_2":"TAP137908","VOLT_CLASS":"345"}},{"type":"Feature","geometry":{"type":"LineString","coordinates":[[-85.8630661296337,41.7065337461285],[-85.8638371985578,41.7070449089083],[-85.8638243203099,41.7074785016236],[-85.8668199996615,41.7140679998219],[-85.8391706376489,41.7266958706524],[-85.8264690748775,41.7358496569114],[-85.8153136573387,41.7505075427614],[-85.8112902999122,41.7590516080083],[-85.8110497265875,41.759555530788],[-85.8098289161164,41.7621259636238],[-85.8082219199047,41.7654519616137],[-85.805824945232,41.7704099495106],[-85.8033969786821,41.7728219726571],[-85.7809183445977,41.7960208456956],[-85.7794288489234,41.7974686835113],[-85.7788812359263,41.798002231103],[-85.776231026175,41.8005927535725],[-85.7751978737668,41.8016522908169]]},"properties":{"OBJECTID":49628,"ID":"139405","VOLTAGE":138,"STATUS":"IN SERVICE","OWNER":"NORTHERN INDIANA PUB SERV CO","SUB_1":"UNKNOWN122939","SUB_2":"TAP141274","VOLT_CLASS":"100-161"}},{"type":"Feature","geometry":{"type":"LineString","coordinates":[[-87.95866064087,43.3722839926793],[-87.9597127019167,43.3717733641368],[-87.9626929769578,43.3712974716777],[-87.9685524000952,43.3712528565886],[-87.9719490802031,43.3659645048117],[-87.9757919094952,43.362900948728],[-87.978308190319,43.3622109047472],[-87.9843758150915,43.3606939988161],[-87.9857142617457,43.359754111966],[-87.9904731839814,43.3582253077007],[-88.0003241525062,43.3551201107671],[-88.0052139449057,43.3551022646788],[-88.0153326033003,43.3550606246566],[-88.020436546877,43.3534009509461],[-88.0302161316761,43.3532581826207],[-88.0350464376375,43.3547393965623],[-88.039841051736,43.3547572427573],[-88.0485379815648,43.3547691410887],[-88.0599593938524,43.3548643185107],[-88.0675201318149,43.3549713947284],[-88.0724932052277,43.3550546755198],[-88.0755984017889,43.3552390841194],[-88.0844797395758,43.3553759025984],[-88.0949850598182,43.3555067736359],[-88.1020342135145,43.3556019518606],[-88.107144105735,43.3566132229539],[-88.1095830541893,43.3566608115438],[-88.1145501780601,43.3555722090488],[-88.1195589442341,43.355637643738],[-88.1269233760525,43.3557387708278],[-88.1352812322856,43.3558755901396],[-88.1443529275728,43.356042151739],[-88.1516876161721,43.3561968167917],[-88.156714226481,43.3552628786312],[-88.1617586845179,43.3553759025984],[-88.1659167928303,43.3565775309971],[-88.1766362651482,43.3569463475245],[-88.1819305662252,43.3571486017456],[-88.1819841031212,43.3602716439487],[-88.182822862797,43.3604120321346],[-88.1829156614608,43.3603477867007]]},"properties":{"OBJECTID":49634,"ID":"139415","VOLTAGE":138,"STATUS":"IN SERVICE","OWNER":"AMERICAN TRANSMISSION CO","SUB_1":"PLEASANT VALLEY","SUB_2":"CEDARSAUK","VOLT_CLASS":"100-161"}},{"type":"Feature","geometry":{"type":"LineString","coordinates":[[-83.0084993054815,42.7180515597716],[-83.0080097865337,42.7193964427269],[-83.0073655992536,42.7215399975127],[-83.0074995120113,42.7238686347487],[-83.0076079386661,42.725909633661],[-83.0077565990658,42.7284966287116],[-83.0078574717874,42.7312039028953],[-83.0079582600673,42.733814826758],[-83.0080415258093,42.7363997165936],[-83.0080843718551,42.7388029520501],[-83.008132255653,42.7413823751393],[-83.0082104216591,42.7438786027585],[-83.0083339534854,42.7462802698628],[-83.0084599916114,42.7486186576725],[-83.0086037157686,42.7510751638545],[-83.0087146478248,42.7535722979895],[-83.0088078902563,42.7558805800706],[-83.0088897177955,42.757970936979],[-83.0089237585549,42.7596663670663],[-83.0083487999421,42.7608212347253],[-83.0080501101101,42.7613977335107],[-83.007855265525,42.7617319839945],[-83.0078322686538,42.7638468565125],[-83.0078774539126,42.7661139326478],[-83.0079045830341,42.7683079891187],[-83.0079256036118,42.7705682410487],[-83.0079708787021,42.7731756548993],[-83.0080927800862,42.775639081727],[-83.0082011169094,42.7782617775325],[-83.0109294800904,42.7793457425239],[-83.0154522280513,42.7792379408798],[-83.0190716301626,42.7791440505249],[-83.0218645822124,42.7790690825348],[-83.0253114179576,42.7789877860654],[-83.0287477425156,42.7788970595304],[-83.032064682769,42.7788079825473],[-83.035245257864,42.7787250367074],[-83.0385963331998,42.7786327939456],[-83.0420198127476,42.778556177623],[-83.0450960036066,42.7784811436455],[-83.0484492348991,42.7784029446934],[-83.0513400125851,42.7783231625394],[-83.0549616604846,42.7782356665176],[-83.0584213430366,42.7781589837682],[-83.0613143665108,42.7781433577508],[-83.0647612031543,42.7781183675874],[-83.0681016774715,42.7780901478977],[-83.0715358478695,42.7780729387532],[-83.0752490340964,42.7780354867591],[-83.0791581428868,42.7779463426011],[-83.083163281581,42.7777633711426],[-83.0865057330901,42.7776977650285],[-83.0898376743105,42.7776836547597],[-83.0937723850865,42.7775898939199],[-83.0970335390624,42.7775396507111],[-83.1011238380456,42.7775584418079],[-83.1044855135018,42.7775865305274],[-83.107544635472,42.7775771676223],[-83.110966049793,42.7775427497029],[-83.11441710762,42.7775177599564],[-83.1175871715278,42.7774896705463],[-83.1206676751984,42.7773864805428],[-83.1228065638899,42.7782902615442],[-83.122900258174,42.780451183986],[-83.1230025762849,42.782568253082],[-83.123096270569,42.7855795618986],[-83.1232283229158,42.7881247700445],[-83.1233689092577,42.7904448806401],[-83.1234967395227,42.7928460527866],[-83.1235947457202,42.7951096937319],[-83.1236799060091,42.7970918606457],[-83.123794980197,42.799558489087],[-83.1238499570924,42.8019672820854],[-83.1239192172008,42.804614037765],[-83.1239803026401,42.806827028793],[-83.1240456101613,42.8091058437229],[-83.1241434366957,42.811698454689],[-83.1242331774943,42.8142760636319],[-83.1243594815215,42.816560534622],[-83.1245388750838,42.8190392357544],[-83.1247222212333,42.8217630757912],[-83.124873138201,42.823814031704],[-83.1250198330869,42.8258021309446],[-83.1251747026419,42.8277962926588],[-83.1253989221368,42.8308006579875],[-83.1255782258675,42.8330516445927],[-83.1257739687679,42.8355237565597],[-83.1259451876611,42.8376370306256],[-83.1261122743039,42.8399026560701],[-83.126303884954,42.8422967696418],[-83.1264078200324,42.8447282686198],[-83.1263919198519,42.8475608335964],[-83.1281860351373,42.8495018705703],[-83.1300480630582,42.8515158815351],[-83.129912416552,42.8542224860736],[-83.1285289220812,42.8563152339141],[-83.1270657461465,42.858551067521],[-83.1272969725006,42.8613421749845],[-83.1275242462675,42.8640746857136],[-83.1277235815307,42.8663219587753],[-83.1279109709973,42.8689870951401],[-83.1277395715428,42.8711201610677],[-83.1274444758702,42.8731597347799],[-83.1274684608884,42.8759677580366],[-83.1275042138366,42.8783606718113],[-83.1275840740654,42.8807593506458],[-83.1280704219602,42.8832163887166],[-83.1286565726831,42.8860121718417],[-83.1291988856201,42.8887027849326],[-83.1298088416981,42.8912587547469],[-83.1304627244951,42.8939519675782],[-83.1308175599306,42.8960842370225],[-83.1308175599306,42.8978513318141],[-83.130897239598,42.8999104868089],[-83.1309291306889,42.9021623778561],[-83.1311524518685,42.9041424941561],[-83.131431557529,42.9061225468581],[-83.1318023829766,42.9089231475302],[-83.1322429167919,42.9114739375835],[-83.1327114780441,42.9139969887492],[-83.1331001790676,42.9160992885624],[-83.133313439116,42.9181490858353],[-83.1334231225139,42.9201345427156],[-83.1335566130634,42.9225272567122],[-83.1337041155348,42.9254686675938],[-83.1338146990445,42.9277833610649],[-83.13394432594,42.9306746646395],[-83.1340491593337,42.9329521338337],[-83.134162257228,42.9350861447603],[-83.136630198808,42.9360350386586],[-83.1393465245641,42.9367194717743],[-83.1417621841947,42.9373028807127],[-83.1441033725898,42.9378297926214],[-83.1465907186784,42.9394528535486],[-83.148650644558,42.9408740477203],[-83.1505202192257,42.9421781569758],[-83.1523402059913,42.9434176625572],[-83.1545656015463,42.9449376645203],[-83.1567441068402,42.9467038847533],[-83.1588344865063,42.9484599946521],[-83.1609109422855,42.9501897530558],[-83.1627309290512,42.9517156368255],[-83.1645481310394,42.9532758705871],[-83.1672644567955,42.9551084529124],[-83.1697324882071,42.9566967388282],[-83.1724238407983,42.9584303418117],[-83.1748119221497,42.9599601636356],[-83.1771228382181,42.9614696338267],[-83.179626622578,42.963067878562],[-83.1824835346761,42.9649082548197],[-83.1849460854661,42.9664842590352],[-83.1876237845633,42.9682357935192],[-83.1893968792711,42.9693879439676],[-83.1915091778302,42.9707539575929],[-83.1934174689882,42.9719766527477],[-83.1953339348154,42.9732175300466],[-83.1967403372242,42.9744503637455],[-83.1986485385507,42.9761390369792],[-83.2006781022721,42.9779346596923],[-83.202870440723,42.9798774425888],[-83.2046546745403,42.981459175069],[-83.2064553475274,42.9831113795775],[-83.2086035786978,42.9843963906983],[-83.2104207806861,42.9855058521464],[-83.2128088620373,42.9869380746408],[-83.2145130559629,42.9879628538759],[-83.2167989988664,42.9893667638354],[-83.2191209642127,42.9906395531546],[-83.2219585625322,42.9906476346583],[-83.2249229131383,42.9905669450768],[-83.2273275225925,42.9902643557387],[-83.230070438481,42.989923982021],[-83.2317958335456,42.9897198876478],[-83.2338990591203,42.9894414760481],[-83.2364335658629,42.9891423638115],[-83.2397434085272,42.9891960490455],[-83.2414829062434,42.9892558446159],[-83.2437552845861,42.9893218838962],[-83.24682824151,42.9893960698267],[-83.2518945600494,42.9899260847216],[-83.2543642075302,42.9898971725825],[-83.2574710318386,42.9898105681597],[-83.2602565278716,42.9897528745213],[-83.2632365091636,42.9895816351257],[-83.2665238041143,42.9895672446866],[-83.2688299591117,42.9895610679674],[-83.2713899780084,42.9895548905905],[-83.2738032121877,42.9894641459628],[-83.2763123855409,42.9894084896646],[-83.2795771336763,42.9893486935856],[-83.2822977713458,42.9892888317384],[-83.2849281283293,42.9892207560652],[-83.2891908140155,42.9889815706697],[-83.2919339985003,42.988777341746],[-83.2943783152867,42.9885814587337],[-83.2970059773242,42.9881009786164],[-83.2998293822622,42.9875944741569],[-83.302903327333,42.9883017928089],[-83.3055188621142,42.9889171737855],[-83.3088321174783,42.9888966727726],[-83.3115871615215,42.9888179515526],[-83.3148245999739,42.9886808791377],[-83.3192423348782,42.9884854551374],[-83.3221210760377,42.9884125816709],[-83.3258330046232,42.9883279458323],[-83.329473247649,42.9882492895951],[-83.332634958123,42.9881763501374],[-83.3359163241928,42.9880975616265],[-83.3395644714948,42.9880188400402],[-83.3426345547082,42.9880071427473],[-83.345449425651,42.9880304709623],[-83.3495321787858,42.9880246877002],[-83.3534395807771,42.9879225727191],[-83.3578810312048,42.9877884546759],[-83.36075177646,42.9877155810401],[-83.3635985375954,42.9876367925957],[-83.367430122675,42.9875376326936],[-83.3705041575773,42.9874559526918],[-83.3737616275622,42.9873596851462],[-83.3771227649276,42.9872692645245],[-83.3807629181219,42.9871992816149],[-83.3845067369,42.987240154656],[-83.3884300390719,42.9872430459956],[-83.3922536282472,42.9871817357694],[-83.3956386599008,42.9871438861154],[-83.3991911375234,42.987038877665],[-83.4019741182736,42.9869747415957],[-83.4052395841629,42.9869222379056],[-83.4090711683443,42.9868813646531],[-83.4130639102876,42.9868361536785],[-83.4165190994666,42.9868047436594],[-83.4201187395399,42.9868190690326],[-83.4233165622883,42.9867990917074],[-83.4271579381063,42.9867705730311],[-83.4300476387122,42.9867334446506],[-83.4331636249382,42.9866935576223],[-83.4370141635721,42.9866749608838],[-83.4393226541892,42.9866137815169],[-83.4395698705554,42.9844495536982],[-83.4397926527459,42.9821929828202],[-83.4400695135164,42.9792685425385],[-83.4402996618922,42.9769745821554],[-83.4403815882461,42.9749373909871],[-83.4403152027466,42.9729200477869],[-83.4439498762177,42.9713306688942],[-83.4474090188823,42.9698296570143],[-83.4501974784574,42.9686197369512],[-83.4531417076994,42.9673327527696],[-83.4530559185898,42.9645189648761],[-83.4529818075788,42.9621417539272],[-83.4528765250275,42.9594732807646],[-83.4527945986736,42.9567961450446],[-83.4526894059539,42.9543786606446],[-83.4526309256289,42.9514386311543],[-83.4524866561942,42.9484471726783],[-83.452425930081,42.9457894815155],[-83.4523525377223,42.9432979808955],[-83.4522506687691,42.9407943450154],[-83.4521731441601,42.9379743447095],[-83.4520549258687,42.9347035718351],[-83.4519367075773,42.9310923856443],[-83.4518715797192,42.9291658868392],[-83.4518103146168,42.9271750635733],[-83.4517023371197,42.9245782866357],[-83.451474075206,42.9245812467001],[-83.4517431206336,42.9240230418181],[-83.4521810143003,42.9232865377947],[-83.4533534927142,42.9234489360427]]},"properties":{"OBJECTID":49659,"ID":"139452","VOLTAGE":345,"STATUS":"IN SERVICE","OWNER":"NOT AVAILABLE","SUB_1":"UNKNOWN128381","SUB_2":"UNKNOWN128512","VOLT_CLASS":"345"}},{"type":"Feature","geometry":{"type":"LineString","coordinates":[[-88.2377501226724,42.0642056179034],[-88.2377540554967,42.0630729587853]]},"properties":{"OBJECTID":49667,"ID":"139463","VOLTAGE":345,"STATUS":"IN SERVICE","OWNER":"COMMONWEALTH EDISON CO","SUB_1":"TAP137935","SUB_2":"TAP137936","VOLT_CLASS":"345"}},{"type":"Feature","geometry":{"type":"LineString","coordinates":[[-88.5418476419726,42.6617646465194],[-88.5415977980342,42.6614374705893],[-88.5416751313021,42.6607712220692],[-88.5414728756158,42.6588557560395],[-88.5414550296844,42.6531926390955],[-88.5414371846513,42.6473153701332],[-88.5414490819389,42.6465598909629],[-88.5409731895357,42.6463873800268],[-88.5410088822969,42.6452035975306],[-88.5409791381795,42.6413012819167],[-88.5409137030976,42.635864213666],[-88.5408304220842,42.6305996557894],[-88.5407768842899,42.6255789939867],[-88.5411338029186,42.6245915168176],[-88.5411278551731,42.6196065471274],[-88.5401998649419,42.619106859678],[-88.5361726267933,42.6191128077558],[-88.5349828971327,42.6193031651136],[-88.5291294217408,42.6193150625531],[-88.5253044392785,42.619321010611],[-88.5216341197586,42.6193388567642],[-88.517934057918,42.6193507548579],[-88.509213333514,42.6193686010027],[-88.4982321208684,42.6193686010027],[-88.4881551038788,42.6193864458202],[-88.4871676281078,42.6204691007344],[-88.487120038059,42.6209925827293],[-88.4846037581335,42.6193745490554],[-88.4827120867065,42.6185298398917],[-88.4790834085916,42.6174650316629],[-88.4770965588636,42.6168582690877],[-88.4724447131149,42.615573359799],[-88.4712609311998,42.6152640295227],[-88.4668232357299,42.6158410498228],[-88.458774708975,42.6168939608176],[-88.4575790297722,42.6165370419373],[-88.4540633758898,42.6155495661322],[-88.4515946860131,42.6152104915105],[-88.4503395194739,42.6150677245753],[-88.4488226135054,42.6149606488285],[-88.4455508549175,42.6148595220428],[-88.4450333220076,42.6142051695282]]},"properties":{"OBJECTID":49673,"ID":"139470","VOLTAGE":138,"STATUS":"IN SERVICE","OWNER":"AMERICAN TRANSMISSION CO","SUB_1":"ELKHORN","SUB_2":"NORTH LAKE GENEVA","VOLT_CLASS":"100-161"}},{"type":"Feature","geometry":{"type":"LineString","coordinates":[[-88.0700628410743,43.3620802689172],[-88.0723893590826,43.3602141771153],[-88.0743524151336,43.3585663995589],[-88.0865542909266,43.3587377210228],[-88.0980708815153,43.3588614525638],[-88.1145081988885,43.3590422919729],[-88.1292989277022,43.3592326489385],[-88.1398161461305,43.3593849349953],[-88.1660663596302,43.3600511838776],[-88.180971302944,43.3606603260844],[-88.1891661670554,43.3604794869259],[-88.1941915888932,43.3603652726834],[-88.2007493829937,43.3602320230064],[-88.2129607773355,43.3602700940927],[-88.2221264606559,43.3603081658081],[-88.2320821260304,43.3603081658081],[-88.2404673458455,43.3603557547658],[-88.2549535044553,43.3603367189259],[-88.258065839928,43.3603747905996],[-88.2699536269685,43.358452185634],[-88.2706103583232,43.3569293308294],[-88.2780057227301,43.3570245100887],[-88.2800520597945,43.3570720990092],[-88.2886086009106,43.3576336519837],[-88.296127697468,43.3577573838167],[-88.306321308595,43.3575479907333],[-88.3172573117273,43.3573861875609],[-88.3232154821723,43.357995329744],[-88.3304204899772,43.3587091678057],[-88.3391483532927,43.3587282041561],[-88.3418894923136,43.3587948287231],[-88.3503413374784,43.3628875008959],[-88.3589359509929,43.3669896920687],[-88.3589454686433,43.3743184316764],[-88.3589740215946,43.3816566895234],[-88.3573940601813,43.3942012079522],[-88.3565374536759,43.4005900605443],[-88.3565850428263,43.4050039610199],[-88.3567040166009,43.4180434076532],[-88.3567397075654,43.4260027046769],[-88.3570966279908,43.4376620636454],[-88.3574654439071,43.4514272448749],[-88.3577033896595,43.4615994406275],[-88.357655800509,43.4758286180294],[-88.35775097881,43.4884992476268],[-88.3578223625357,43.5007772665177],[-88.3575487249204,43.5207528415645],[-88.3572274981546,43.533090346842],[-88.3537415874912,43.5410615418511],[-88.3481260596484,43.5538868357246],[-88.3423320715929,43.5670571530924],[-88.3303038967382,43.5881986638598],[-88.3227253128443,43.6016069270947],[-88.3166814817487,43.6121003497298],[-88.3159557472037,43.6207021007542],[-88.3151824217116,43.6301247666004],[-88.3116608200837,43.6419863799365],[-88.3077466061675,43.6551091078598],[-88.3062356488428,43.660165461973],[-88.2908643298778,43.6745255087964],[-88.2797165561038,43.6744660228912],[-88.2664867516059,43.6744065356275],[-88.2666176226681,43.6933232509796],[-88.2665224434688,43.7072549957844],[-88.2664153687785,43.7174866781578],[-88.2664748552166,43.7294910590654],[-88.2665700335176,43.739663254075],[-88.26655813623,43.7470990698641],[-88.2667009036815,43.7570571135934],[-88.2668198765577,43.7647189789876],[-88.2669150548587,43.7754384506466],[-88.2669983367704,43.7895962438658],[-88.2635481179698,43.8012437046568],[-88.2634529396688,43.812403376647],[-88.2640121130854,43.8173407590202],[-88.2639288320721,43.8332236609636],[-88.2726495555777,43.8421585366174],[-88.2728280157904,43.8553050586633],[-88.2730183732907,43.8677853319892],[-88.2730540651536,43.8793971015502],[-88.2734942647956,43.8871184529902],[-88.273934465336,43.8873088096749],[-88.2747434817926,43.8875824475978]]},"properties":{"OBJECTID":49684,"ID":"139483","VOLTAGE":345,"STATUS":"IN SERVICE","OWNER":"AMERICAN TRANSMISSION CO","SUB_1":"TAP138062","SUB_2":"CYPRESS","VOLT_CLASS":"345"}},{"type":"Feature","geometry":{"type":"LineString","coordinates":[[-83.1945812355405,42.4450421388095],[-83.1935960307105,42.4451088665391],[-83.192561432913,42.4451340006189],[-83.1914818402994,42.4451544865173],[-83.1904073483201,42.44517749072],[-83.1893359447487,42.4451940629151],[-83.1882552463091,42.4452177916393],[-83.1871931654538,42.4452396006332],[-83.1861121112813,42.445263265703],[-83.185045828107,42.4452844117943],[-83.1839556659159,42.4453088709852],[-83.1828571341212,42.4453318751313],[-83.1817707143116,42.4453536847483],[-83.1806737123479,42.4453735057002],[-83.1795942571766,42.4453959118998],[-83.1785709871347,42.4454130786453],[-83.177459339937,42.4454394601529],[-83.1763863167031,42.4454612717211],[-83.1753027921636,42.4454810899875],[-83.1742326776747,42.4455068085821],[-83.173138228723,42.4455286201269],[-83.1720574332653,42.4455502931212],[-83.1698931806418,42.445603781867],[-83.1687868945896,42.4456346649333],[-83.1665593502644,42.4457087115783],[-83.1643901991276,42.4457634106108],[-83.1633386222729,42.4457831677966],[-83.1612185119641,42.4458234689892],[-83.1589574847333,42.4458729179079],[-83.1568424903301,42.4459217058962],[-83.1546645123473,42.4459691680875],[-83.1525696994952,42.4460166978564],[-83.1504388111997,42.4460609781588],[-83.1483574829583,42.4461085045438],[-83.1462011624588,42.4461581275743],[-83.1462022871495,42.4465721356391]]},"properties":{"OBJECTID":49739,"ID":"139542","VOLTAGE":120,"STATUS":"IN SERVICE","OWNER":"NOT AVAILABLE","SUB_1":"UNKNOWN130891","SUB_2":"TAP139980","VOLT_CLASS":"100-161"}},{"type":"Feature","geometry":{"type":"LineString","coordinates":[[-88.3396139995119,44.2749249997261],[-88.3400231991917,44.2750569716903],[-88.3409868794892,44.2761217811192],[-88.3433187514566,44.2786083169319],[-88.3443300227011,44.2798277910612],[-88.3434853134833,44.2818741278135],[-88.343473417094,44.289369429699],[-88.3434674675518,44.2943722471097],[-88.343366340607,44.2991073740098],[-88.3432711632044,44.3036105040194],[-88.3431938299365,44.3082445040034],[-88.3431283948546,44.3128368635337],[-88.3430451138412,44.3174530180436],[-88.3429737301155,44.3198086851418],[-88.3452639606778,44.3198443768758],[-88.3498682190727,44.3199514519475],[-88.351962143491,44.3201061166661],[-88.3522357820046,44.3204094986738]]},"properties":{"OBJECTID":49764,"ID":"139592","VOLTAGE":138,"STATUS":"IN SERVICE","OWNER":"AMERICAN TRANSMISSION CO","SUB_1":"MAES","SUB_2":"APPLE HILLS","VOLT_CLASS":"100-161"}},{"type":"Feature","geometry":{"type":"LineString","coordinates":[[-88.1662038081569,41.7036553710202],[-88.166333833006,41.7030459837345],[-88.1660218642775,41.7028087855852]]},"properties":{"OBJECTID":49775,"ID":"139607","VOLTAGE":138,"STATUS":"IN SERVICE","OWNER":"NOT AVAILABLE","SUB_1":"TAP138240","SUB_2":"SPRING BROOK","VOLT_CLASS":"100-161"}},{"type":"Feature","geometry":{"type":"LineString","coordinates":[[-84.5876134556391,44.0361199876452],[-84.5880625791452,44.0363341385513],[-84.588019999899,44.0367349995649],[-84.5861400002825,44.0367679996145],[-84.5852690000712,44.0370629998679],[-84.5816429998342,44.0370249996265],[-84.5756280001677,44.0348790000484],[-84.5652290000308,44.034788999995],[-84.5571389998558,44.0346549997052],[-84.5469880003143,44.0346219997704],[-84.5261399998118,44.0345699998752],[-84.5147929994707,44.034470000147],[-84.5066839999274,44.0341960000788],[-84.5048029995877,44.0341639996205]]},"properties":{"OBJECTID":49792,"ID":"139631","VOLTAGE":138,"STATUS":"IN SERVICE","OWNER":"CONSUMERS ENERGY CO","SUB_1":"TAP145640","SUB_2":"UNKNOWN145643","VOLT_CLASS":"100-161"}},{"type":"Feature","geometry":{"type":"LineString","coordinates":[[-86.0913909999585,41.9984809997845],[-86.0921495553508,41.9975651406146],[-86.0928982463428,41.9968391579579],[-86.0939186049448,41.9958120366982],[-86.0956120729858,41.9941189000171],[-86.0972912802717,41.9923568239823],[-86.0986817070415,41.9910160240022],[-86.0988314445213,41.9908172856018],[-86.0993320531712,41.9903020950492],[-86.1004536087866,41.9891478646844],[-86.1020686431235,41.987486351072],[-86.1042327169823,41.9852603305362],[-86.1052487978069,41.9842824467929],[-86.1066303734762,41.9828473536111],[-86.1071437615594,41.9823385191057],[-86.1081741040375,41.9812916848674],[-86.1097606159658,41.9797015241025],[-86.1112782010608,41.9780945369373],[-86.1117000822575,41.9776174690593],[-86.114284848842,41.9750244515261],[-86.1168563059872,41.9723859167504],[-86.1174172311186,41.9717794550111],[-86.1180199863011,41.9711885377618],[-86.1185980225421,41.9705947885339],[-86.1189810965186,41.970158007798],[-86.1191818457301,41.9699661069664],[-86.1241504895503,41.9648046718764],[-86.1299729955228,41.9587079388745],[-86.1353680148111,41.9533879988839],[-86.1407637177174,41.9478724725249],[-86.144924242498,41.9436462610868],[-86.1472769598715,41.9410124325493],[-86.1554045563378,41.9329688339171],[-86.1604675762634,41.9277520816467],[-86.1669913897917,41.9210636100639],[-86.1677653171551,41.9202966879536],[-86.1700009849454,41.917953940538],[-86.1708743836584,41.9170679506843],[-86.171391436868,41.9165293059049],[-86.1742685799246,41.913587107568],[-86.1748957378419,41.9129321327927],[-86.1758405625015,41.9119902340383],[-86.1773064163142,41.9104534750804],[-86.1798553059828,41.907795165611],[-86.1815663441724,41.9060336186579],[-86.18243611998,41.9051448699384],[-86.1833062578086,41.9042583927228],[-86.1841651262719,41.9033645359928],[-86.1855941419714,41.9019481860291],[-86.1893438617826,41.89812645795],[-86.1931277229645,41.894237792992],[-86.1938455155041,41.8935230170002],[-86.1938169939938,41.8932399346917],[-86.1929280714943,41.8923588351082],[-86.190979098332,41.8903948936779],[-86.1885690262225,41.8879602309477],[-86.1877561604848,41.8871533739699]]},"properties":{"OBJECTID":49867,"ID":"139730","VOLTAGE":138,"STATUS":"IN SERVICE","OWNER":"INDIANA MICHIGAN POWER CO","SUB_1":"TAP145860","SUB_2":"TAP156014","VOLT_CLASS":"100-161"}},{"type":"Feature","geometry":{"type":"LineString","coordinates":[[-87.5397500002653,44.3429279996479],[-87.5400696819288,44.343594661673],[-87.5509081262246,44.3437374296927],[-87.550728999462,44.3472779997816],[-87.5591886509865,44.3472828267735],[-87.5754998556737,44.3473661080601],[-87.5869807552978,44.3474136969466],[-87.600567477526,44.3492101896213],[-87.6160934612301,44.3512089378324],[-87.6261585809321,44.3525295377096],[-87.6451823716889,44.3550041776914],[-87.6641823678704,44.3575026120653],[-87.6912606340259,44.361024213565],[-87.699779103642,44.3621068686148],[-87.7146031455797,44.3636535186602],[-87.7339481640006,44.3657117517121],[-87.7520677599996,44.3675796285686],[-87.7651785898247,44.3677104996543],[-87.7724597406297,44.3677580887173],[-87.7860940520084,44.36793654768],[-87.7943507821951,44.3680079316266],[-87.8153376281046,44.3682101867398],[-87.8337546562943,44.3683767487965],[-87.8507321108849,44.3685195155298],[-87.8619036801325,44.3686265916357],[-87.8720520808479,44.3699352961237],[-87.8933601535232,44.3727073681102],[-87.9125861990678,44.3751820066787],[-87.9386650921647,44.3747180117256],[-87.9500746071648,44.3745395528781],[-87.980567400258,44.3739922767581],[-87.9834941366064,44.3739208930418],[-87.999960006931,44.374599039007],[-88.0250157314957,44.3755508236194],[-88.0329036448678,44.3758839478859],[-88.0429211763176,44.3758839478859],[-88.0637533565897,44.375860154092],[-88.0794102095593,44.375860154092],[-88.0954596748171,44.3758958457423],[-88.1134246060771,44.375860154092],[-88.1236800814827,44.3832840715945],[-88.1269994310177,44.3851876408898],[-88.1310802060622,44.3875671018076],[-88.1461302964647,44.396252133766],[-88.1590269760109,44.4036998470519],[-88.1745529588166,44.4125990315346],[-88.1776581544795,44.4240561356955],[-88.1802398712835,44.4340260781228],[-88.1830238401805,44.4444600141524],[-88.1859342469538,44.4558045758696],[-88.1890914658513,44.4679214996434],[-88.2021547056276,44.4783435391003],[-88.2165623424984,44.4898601300263],[-88.2182517600359,44.4911926290683],[-88.2281384213218,44.4885752207918],[-88.2482210715753,44.483233331804],[-88.2661265154989,44.4784387179926],[-88.2808910709985,44.4675883749858],[-88.2945372796648,44.4574756657702],[-88.3121690859731,44.444483808915],[-88.3239236232125,44.4357868786556],[-88.3241972608278,44.4236159355811],[-88.3245184884919,44.4101362888686],[-88.3247802288196,44.402629089598],[-88.3248397161561,44.4003448065663],[-88.3349643231945,44.3898394866521],[-88.3395447852175,44.3850805648901],[-88.3427342608203,44.3817301117256],[-88.350752046328,44.3734212058757],[-88.3525366529461,44.371666761896],[-88.3542769986719,44.3711429669713],[-88.3543524670372,44.3693204245435],[-88.3545879999148,44.3676619999467]]},"properties":{"OBJECTID":49891,"ID":"139768","VOLTAGE":345,"STATUS":"IN SERVICE","OWNER":"AMERICAN TRANSMISSION CO","SUB_1":"NORTH APPLETON","SUB_2":"KEWAUNEE","VOLT_CLASS":"345"}},{"type":"Feature","geometry":{"type":"LineString","coordinates":[[-89.0369539931358,43.5640100345644],[-89.0368908810972,43.5636203135948],[-89.0321188713061,43.5636024677538],[-89.0322330858063,43.5600475536129],[-89.027935779049,43.5600011540071],[-89.0236527492166,43.5600011540071],[-89.0214933879198,43.5600225688637],[-89.0147440469495,43.5600618299568],[-89.0087010809316,43.5601785988793],[-89.0024908998117,43.560256240733],[-88.9942997178946,43.5604270775862],[-88.9817302146564,43.5605044099131],[-88.9816469336431,43.5587495580606],[-88.9815220130213,43.5546330900813],[-88.9764835036282,43.5547937035855],[-88.9725454960352,43.5553885685689],[-88.966394589351,43.5569947045734],[-88.9643779955056,43.5576133650554],[-88.9566566450586,43.5605579475696],[-88.9565971586205,43.556447428983],[-88.9565495685717,43.5509092339711],[-88.9564662875583,43.5476077306293],[-88.9564365452376,43.5459064165418],[-88.9496431841235,43.5458885706632],[-88.9399766226585,43.5459837486215],[-88.9303041152447,43.5459540055256],[-88.9272881483407,43.546001595123],[-88.926336362636,43.5460194409681],[-88.9235404973496,43.5484762349678],[-88.9182105035114,43.5498503726047],[-88.9166281615626,43.5490413569313],[-88.9150041800055,43.5481788019749],[-88.9114171432956,43.546001595123],[-88.9059503306497,43.5460194409681]]},"properties":{"OBJECTID":49939,"ID":"139821","VOLTAGE":138,"STATUS":"IN SERVICE","OWNER":"AMERICAN TRANSMISSION CO","SUB_1":"NORTH RANDOLPH","SUB_2":"TAP138008","VOLT_CLASS":"100-161"}},{"type":"Feature","geometry":{"type":"LineString","coordinates":[[-83.0367640233451,42.5024126805898],[-83.0376532818146,42.5027469665073],[-83.0376102525125,42.5037989868991],[-83.0375700079877,42.5053294678007],[-83.037548628084,42.5067689856637],[-83.037398699263,42.5087328819546],[-83.0375167378914,42.5107812780235],[-83.037613576279,42.5127601451255],[-83.0377065519109,42.514426943075],[-83.0377220029338,42.5149233577937],[-83.0377803035958,42.5170271696871],[-83.0378125531144,42.51842298493],[-83.0378543247752,42.5191555417119],[-83.0382112245392,42.5211128907718],[-83.0378624096127,42.5211245427839],[-83.0363007621531,42.5212852971611],[-83.035359343905,42.5211631429136],[-83.0324229309043,42.5212115405212],[-83.0298935445588,42.5212510675126],[-83.0276389528587,42.5213566695594],[-83.0260269260814,42.5213724926369],[-83.0244406809527,42.5213954675079],[-83.0228555138023,42.5214151306433],[-83.0212525600093,42.5214436669735],[-83.0196700878048,42.5214673687823],[-83.0182314358773,42.5228305767652],[-83.0155921855726,42.5228641441452],[-83.0128563654765,42.5229017487788],[-83.0099497765432,42.5229460415647],[-83.0073480767156,42.5229816606191],[-83.0039193869392,42.5230440925628],[-83.0005290552254,42.5231033478672],[-82.9981168909396,42.5231582659464],[-82.9980900259228,42.5221854149841],[-82.9980203022837,42.520484973941],[-82.9978915710085,42.5181956369938],[-82.9977896176137,42.5159380617365],[-82.9976931160943,42.5137627646468],[-82.9974998480524,42.5115874719648],[-82.9973174639986,42.5093489931508],[-82.9970654021198,42.5071629081016],[-82.9970386475957,42.5051234570548],[-82.9970010989151,42.5030591478723],[-82.9969796291798,42.5009669176232],[-82.9969420778043,42.498922114918],[-82.9968991401304,42.4968218670228],[-82.9968723703349,42.4947492545802],[-82.9968347291279,42.4927437650893],[-82.9967972720755,42.4908769347644],[-82.996781189537,42.4889384168078],[-82.9967005989779,42.4868533699841],[-82.9966363766216,42.4848795847596],[-82.9965880445643,42.4826679875594],[-82.9964968610714,42.4804681539621],[-82.9964270646688,42.4782963100965],[-82.9966621367107,42.4768619897505],[-82.9978899387696,42.4763979945425],[-82.9978506779002,42.4745134619827],[-82.9965927265836,42.4740728259237]]},"properties":{"OBJECTID":49952,"ID":"139840","VOLTAGE":120,"STATUS":"IN SERVICE","OWNER":"NOT AVAILABLE","SUB_1":"UNKNOWN128466","SUB_2":"UNKNOWN128910","VOLT_CLASS":"100-161"}},{"type":"Feature","geometry":{"type":"LineString","coordinates":[[-87.8281572492673,42.8440767410509],[-87.8307275853151,42.8436992485546]]},"properties":{"OBJECTID":49960,"ID":"139847","VOLTAGE":230,"STATUS":"NOT AVAILABLE","OWNER":"NOT AVAILABLE","SUB_1":"ELM ROAD","SUB_2":"NOT AVAILABLE","VOLT_CLASS":"220-287"}},{"type":"Feature","geometry":{"type":"LineString","coordinates":[[-83.4971681801983,43.6229798757876],[-83.4983469998198,43.6230360000068],[-83.5118700000533,43.6228790000662],[-83.5151470003109,43.6229049998445],[-83.5208630002267,43.6198739997181],[-83.5249549997207,43.6198250000575],[-83.5263359995699,43.6210989997163],[-83.5276966651544,43.6211714847838]]},"properties":{"OBJECTID":49971,"ID":"139859","VOLTAGE":345,"STATUS":"IN SERVICE","OWNER":"NOT AVAILABLE","SUB_1":"TAP144602","SUB_2":"UNKNOWN144603","VOLT_CLASS":"345"}},{"type":"Feature","geometry":{"type":"LineString","coordinates":[[-88.1056941062889,42.3629518236765],[-88.1063207629462,42.3632485125135],[-88.1065529990067,42.3634674235518]]},"properties":{"OBJECTID":47550,"ID":"136853","VOLTAGE":138,"STATUS":"IN SERVICE","OWNER":"COMMONWEALTH EDISON CO","SUB_1":"UNKNOWN121934","SUB_2":"TAP136946","VOLT_CLASS":"100-161"}},{"type":"Feature","geometry":{"type":"LineString","coordinates":[[-88.0468168319383,41.8954228607863],[-88.0462725552841,41.8963694178308],[-88.0448270330413,41.8961659736728],[-88.0436991676593,41.8961481276279],[-88.0411364888511,41.8958483161367],[-88.0416441025636,41.8938765847639],[-88.041859205955,41.8927406305718],[-88.0397267986083,41.8925642787826],[-88.034467171603,41.8923108995378],[-88.0365671479713,41.8850944826834],[-88.0345938529226,41.8814472709437],[-88.0337084563106,41.8798722865546],[-88.0336473277522,41.8778550264963],[-88.0342395313234,41.8758171501001],[-88.0354714925822,41.874558597954],[-88.0408000086917,41.8719220519255],[-88.0409523225397,41.8640257729121],[-88.0432513197609,41.8608321779981],[-88.0432456846292,41.8589833421201],[-88.0425502143261,41.8570324876724],[-88.0408250061112,41.8415236486149],[-88.0454533779832,41.834106895843],[-88.0474711656896,41.8308888697439],[-88.0475069967913,41.8259527730757],[-88.0373704951602,41.8183453637207],[-88.0371329132254,41.8181532191138],[-88.0368370279338,41.8106731430198],[-88.0572675579676,41.8114584749315],[-88.0571498220715,41.8022515048788],[-88.057726549467,41.7986155326788],[-88.0579301139987,41.7973973906714],[-88.058009879006,41.7969200637941],[-88.0578486305142,41.7948222465542],[-88.0577188248539,41.793229483656],[-88.0576209075897,41.7911786300922],[-88.0575227226274,41.7892991759218],[-88.0571807339987,41.7872167827148],[-88.0569322599911,41.7858835868794],[-88.0568682101114,41.7837890925593],[-88.0567940991005,41.7818449810392],[-88.0567080395979,41.7797926907804],[-88.056610752951,41.7778609859658],[-88.0575763520499,41.7758724797094],[-88.0585198525928,41.7739374397384],[-88.0594465546399,41.7720027447069],[-88.0599805132448,41.7708388709792],[-88.059929039779,41.7687383905912],[-88.0598498982024,41.7667125500665],[-88.05978216523,41.7647021898594],[-88.0597005982022,41.7627652717736],[-88.059628643148,41.7607303305413],[-88.0595612695017,41.7588078337911],[-88.0594914695058,41.757019036499],[-88.0595354483271,41.75654388579]]},"properties":{"OBJECTID":47638,"ID":"136964","VOLTAGE":345,"STATUS":"IN SERVICE","OWNER":"NOT AVAILABLE","SUB_1":"UNKNOWN122246","SUB_2":"LOMBARD","VOLT_CLASS":"345"}},{"type":"Feature","geometry":{"type":"LineString","coordinates":[[-89.6953261611877,42.3195330155204],[-89.6952933744764,42.318866381796],[-89.6954238412967,42.3166573299309],[-89.695364384503,42.3081907749161],[-89.6952216395094,42.3073699910486],[-89.6949990324904,42.2892348655585],[-89.6941452826276,42.2894171407364],[-89.6942930339322,42.2892041341069]]},"properties":{"OBJECTID":47679,"ID":"137031","VOLTAGE":138,"STATUS":"IN SERVICE","OWNER":"COMMONWEALTH EDISON CO","SUB_1":"UNKNOWN124269","SUB_2":"TAP137879","VOLT_CLASS":"100-161"}},{"type":"Feature","geometry":{"type":"LineString","coordinates":[[-84.6075611978015,45.3186865197789],[-84.6051779996921,45.3260099997661],[-84.6058680001534,45.3300100000479],[-84.6038210001324,45.3301259997722],[-84.6011209994599,45.3385999996543],[-84.6009039997249,45.3458780000163],[-84.6079789997486,45.3623319998696],[-84.6082099997273,45.3693719997944],[-84.6098700001341,45.3700739995789],[-84.608448000277,45.3749399999653],[-84.6080419994978,45.3946839998707],[-84.6115279999927,45.3967129999061],[-84.6109509995093,45.4010789997647],[-84.6122000000124,45.4097879999544],[-84.612062999745,45.4107249996517],[-84.6109179998974,45.4113759998616],[-84.608071999635,45.4115009996147],[-84.6063550002252,45.4125120001131],[-84.6037740002767,45.4170630001518],[-84.6077939998007,45.4208589995808],[-84.6087830000127,45.4217909997517],[-84.611766999469,45.4242219999184],[-84.6118379996141,45.428647000122],[-84.6119349996985,45.4338909999082],[-84.612070000316,45.441506999548],[-84.6121740000731,45.4492099996475],[-84.6154470001327,45.4536029999253],[-84.612283999678,45.4550949996304],[-84.6123740000896,45.4582429997149],[-84.6124949995652,45.4655099999425],[-84.6124739996488,45.4699469997672],[-84.6124519999074,45.4739729995555],[-84.6124589995802,45.4796050001019],[-84.6124489995344,45.4834559999147],[-84.6122309999745,45.4901769996573],[-84.6120600002703,45.4955799997724],[-84.611994999973,45.5010059999769],[-84.6119740000566,45.5111169997696],[-84.6119599998129,45.52254200011],[-84.6119669994856,45.531133000126],[-84.6120100000416,45.539184999709],[-84.6120419998286,45.5488509996728],[-84.6086800000806,45.5543510001446],[-84.6081814440811,45.5543515109165],[-84.6081957210059,45.554851197717],[-84.6087144432852,45.5550510715705]]},"properties":{"OBJECTID":47722,"ID":"137079","VOLTAGE":138,"STATUS":"IN SERVICE","OWNER":"NOT AVAILABLE","SUB_1":"RIGGSVILLE","SUB_2":"TAP143810","VOLT_CLASS":"100-161"}},{"type":"Feature","geometry":{"type":"LineString","coordinates":[[-88.2325088653162,41.707545019538],[-88.2340923535153,41.7085708705585],[-88.2345266539209,41.7085165839432],[-88.234515020738,41.7090012936793],[-88.2355768482684,41.7095264426803],[-88.236028685585,41.7237737398049],[-88.2359710532696,41.7257813035985],[-88.2337822146551,41.740113429647],[-88.2338621350709,41.7464028691285],[-88.2337860127321,41.7472727979454],[-88.2343728713274,41.7475717798038],[-88.2344425266946,41.7477464416033]]},"properties":{"OBJECTID":47725,"ID":"137084","VOLTAGE":138,"STATUS":"IN SERVICE","OWNER":"NOT AVAILABLE","SUB_1":"FRONTENAC","SUB_2":"WOLFS CROSSING","VOLT_CLASS":"100-161"}},{"type":"Feature","geometry":{"type":"LineString","coordinates":[[-85.8088416191101,42.969569913037],[-85.8077230539863,42.9677881655411],[-85.8021746931773,42.967738192624],[-85.8024427055423,42.9742036050906],[-85.800007375502,42.9743605531348],[-85.8002528509332,42.9798790685049],[-85.8004136862,42.9834963098624],[-85.8009823305546,42.9874126878745],[-85.8011433526709,42.9916517330233],[-85.8014167962502,42.9972859908362],[-85.8015134558731,42.9993614596617],[-85.8015992476776,43.0013271526952],[-85.8016905569347,43.0035547296672],[-85.8016839606056,43.0035844289742],[-85.8017474023259,43.0052198815787],[-85.8036169760952,43.0052237581249],[-85.805903817314,43.0052422835579],[-85.8079745238754,43.0052500346763],[-85.8138013561343,43.0053022605945],[-85.8161831492786,43.0052747358988],[-85.8188106316532,43.0052775606969],[-85.8212782139071,43.0053049546624],[-85.8225775371341,43.0074362596966],[-85.8250022697489,43.0113001946847],[-85.8264281655994,43.013605354737],[-85.8285899613306,43.0171119301253],[-85.8305597870857,43.0202625336143],[-85.8374636984719,43.0201840496082],[-85.841433443544,43.0201919315087],[-85.8471840995651,43.0201644785057],[-85.8513737522187,43.0223254776484],[-85.8573539268966,43.0253518929247],[-85.8629286020553,43.0282197656243],[-85.873335673555,43.0335213436762],[-85.8755994289693,43.0346584815798],[-85.875277562603,43.0409005419238],[-85.8789682011163,43.0456286915087],[-85.8809423387847,43.048074951615],[-85.8856738552177,43.0537197595716]]},"properties":{"OBJECTID":47766,"ID":"137129","VOLTAGE":138,"STATUS":"IN SERVICE","OWNER":"NOT AVAILABLE","SUB_1":"TAP139029","SUB_2":"TALLMADGE","VOLT_CLASS":"100-161"}},{"type":"Feature","geometry":{"type":"LineString","coordinates":[[-88.1316467348844,43.9651521026141],[-88.1325276489031,43.9651758648267],[-88.1325797511896,43.9659908510453],[-88.1325339011775,43.9693992691561],[-88.1325197679831,43.9744905671162],[-88.1324483752742,43.9795118315173],[-88.1325554652359,43.984539063829],[-88.1326089958437,43.9895769830545],[-88.1325970994544,43.9947281045331],[-88.1325792589128,43.9978087370737],[-88.1324721159506,44.001040878624],[-88.1325970805897,44.0027011240121],[-88.1325792517263,44.0044305129054],[-88.1326208958262,44.0093743299795],[-88.1326684840784,44.0145733820218],[-88.1327041759413,44.0209323789174],[-88.132733920957,44.0273156138257],[-88.1327993623271,44.0307899596944],[-88.1329183307118,44.0374046089513],[-88.1329480721342,44.0408010588431],[-88.1329778243364,44.0442046996957],[-88.1331384655671,44.0474651387496],[-88.1333526005746,44.05419254775],[-88.1334477752823,44.0575236398957],[-88.1336619084932,44.0658629810286],[-88.1336678571371,44.0692650539498],[-88.1336738066792,44.0709904468918],[-88.1337392390662,44.0759751558833],[-88.1337035481016,44.0810431696057],[-88.1337273426769,44.0876817986909],[-88.1336797526281,44.0925834599893],[-88.1336916526106,44.0974797759347],[-88.133780888556,44.1041844308041],[-88.1338998596356,44.1092704195665],[-88.1339593424805,44.1159384951042],[-88.1340009838854,44.1206617671093],[-88.1340545234764,44.125718344929],[-88.1341734981493,44.1324165350676],[-88.1342092519959,44.1357060045377],[-88.134632974739,44.1373710539159],[-88.1361677167575,44.143878838877],[-88.1370004011269,44.1471738901046],[-88.1373441324873,44.148779946586],[-88.1373500730462,44.1522247448083],[-88.1373143820817,44.1591012239757],[-88.1372905866081,44.1640384895514],[-88.1372727442699,44.1658526819391],[-88.1372370506105,44.1691899670686],[-88.1371954083071,44.1759240649979],[-88.1371894596633,44.1792432176859],[-88.1371656668847,44.1809444629951],[-88.1371359209707,44.1875062355433],[-88.1371478191567,44.1924792500264],[-88.1371002309045,44.1993141055977],[-88.1370942822606,44.2010569221486],[-88.1370526381607,44.2043765298868],[-88.1370645076006,44.2060739118888],[-88.1367916146886,44.2076697478636],[-88.1365060249884,44.2093416308112],[-88.1359817879516,44.2126598187713],[-88.1360235452392,44.2143838179043],[-88.1361482475703,44.2178042297899],[-88.1358485237775,44.2191760419355],[-88.1344604056779,44.219229892095],[-88.1344225542651,44.2205330549295],[-88.1318092598822,44.2206831936566]]},"properties":{"OBJECTID":47864,"ID":"137247","VOLTAGE":138,"STATUS":"IN SERVICE","OWNER":"NOT AVAILABLE","SUB_1":"FOREST JUNCTION","SUB_2":"TECUMSEH RD","VOLT_CLASS":"100-161"}},{"type":"Feature","geometry":{"type":"LineString","coordinates":[[-88.0668939710275,44.4015987179846],[-88.0669130072267,44.4012180036345],[-88.0694685480217,44.3994667211439],[-88.0712055538113,44.3982769898508],[-88.0725570880209,44.3932706036373],[-88.0738705507304,44.3885402360737],[-88.0751507012142,44.3837813139654],[-88.0766285493325,44.3788260979396],[-88.077800647759,44.3738342617275],[-88.0795898321919,44.3673627449964],[-88.0812138703429,44.3611640348879],[-88.0829031908623,44.3548350276139],[-88.0842475816687,44.3499987946543],[-88.0859667594932,44.3435801309595],[-88.0867042565785,44.3408977797269],[-88.0871855676195,44.3403666598098],[-88.0869654677985,44.3399145615204],[-88.0877697761848,44.3369503488609],[-88.087888749061,44.328699567105],[-88.087942285957,44.3219121550126],[-88.0880077219372,44.3168141597722],[-88.0880731570191,44.3099851070414],[-88.0881504884904,44.304893059631],[-88.0882397190458,44.3004910566178],[-88.0952948204877,44.2941616909297],[-88.1004760973323,44.2894682041575],[-88.1020405933497,44.2834184249484],[-88.1023975119783,44.2820145430578],[-88.1066032085429,44.2742277559116],[-88.1113323875595,44.2653999556403],[-88.1147112226343,44.2590586917134],[-88.1179710839346,44.2530208099369],[-88.1212904316729,44.2468401599613],[-88.1246335748848,44.2406000236251],[-88.1272509817551,44.2357340256326],[-88.1290236812042,44.232712109937],[-88.1305346376306,44.2296901948353],[-88.1336219891586,44.2239378475978],[-88.1347165405183,44.2218439219216],[-88.1327832285846,44.2215524375494],[-88.1327891781267,44.221141980552],[-88.1318092598822,44.2206831936566]]},"properties":{"OBJECTID":47874,"ID":"137259","VOLTAGE":138,"STATUS":"IN SERVICE","OWNER":"AMERICAN TRANSMISSION CO","SUB_1":"ROCKLAND (WPS)","SUB_2":"FOREST JUNCTION","VOLT_CLASS":"100-161"}},{"type":"Feature","geometry":{"type":"LineString","coordinates":[[-87.6541086144602,46.4396577886323],[-87.6545678511997,46.4397327419732],[-87.6644259577377,46.4424512755617],[-87.6809489357616,46.4322862185757],[-87.6942358461621,46.4322862185757],[-87.7128337133033,46.4455921647189],[-87.7195152395544,46.4456112001438],[-87.7204815950348,46.4458245446309]]},"properties":{"OBJECTID":47975,"ID":"137370","VOLTAGE":138,"STATUS":"IN SERVICE","OWNER":"AMERICAN TRANSMISSION CO","SUB_1":"NATIONAL","SUB_2":"TILDEN","VOLT_CLASS":"100-161"}},{"type":"Feature","geometry":{"type":"LineString","coordinates":[[-88.2051856330743,43.1358700309187],[-88.2044140000082,43.1359959996958],[-88.2044419995973,43.135361000039],[-88.2058760000482,43.135361000039],[-88.2058600001547,43.1355579997327],[-88.2074439994952,43.1355780000987],[-88.2074920000741,43.134111000145],[-88.2079280000922,43.1335129995627],[-88.2080460000929,43.12795599984],[-88.2077239998777,43.1264640000618],[-88.2078029995204,43.1223990000967],[-88.2075170001884,43.121042000114],[-88.2069859997358,43.1197679999355],[-88.2102870002828,43.1198219997691],[-88.2104730000556,43.1141039996593],[-88.2099269995344,43.1128549995312],[-88.2099939994815,43.1081179997517],[-88.2098160001046,43.106761999988],[-88.2094949997142,43.1053839995938],[-88.2085699999746,43.1028180000935],[-88.205629000176,43.0948659998307],[-88.205293999542,43.093480999947],[-88.2050939995254,43.0921109996803],[-88.2051150003401,43.0906540001253],[-88.2051649996705,43.0877449997682],[-88.2051260002108,43.0862929998647],[-88.2049189996232,43.0841830001038],[-88.2049299994939,43.0819879996828],[-88.2052049998535,43.0812639996189],[-88.205293216211,43.0766222475533],[-88.2046384476752,43.0765770298033]]},"properties":{"OBJECTID":49051,"ID":"138661","VOLTAGE":138,"STATUS":"IN SERVICE","OWNER":"NOT AVAILABLE","SUB_1":"SUSSEX","SUB_2":"DUPLAINVILLE","VOLT_CLASS":"100-161"}},{"type":"Feature","geometry":{"type":"LineString","coordinates":[[-88.0609949357793,43.0991887606173],[-88.0617230508599,43.0991625865956],[-88.0617111535722,43.1030292106798],[-88.0607891119848,43.104534219801],[-88.0606166013143,43.1109052270787],[-88.0605273716571,43.116134092554],[-88.0604619365752,43.1192868790768],[-88.0605154734712,43.1207859386797]]},"properties":{"OBJECTID":49068,"ID":"138680","VOLTAGE":138,"STATUS":"IN SERVICE","OWNER":"AMERICAN TRANSMISSION CO","SUB_1":"BUTLER","SUB_2":"TAP138063","VOLT_CLASS":"100-161"}},{"type":"Feature","geometry":{"type":"LineString","coordinates":[[-89.0228065712533,42.6676204455063],[-89.0216136175391,42.6678796181236],[-89.0271241781393,42.669645350612],[-89.0307153381163,42.6708185576993],[-89.0400829375598,42.6707185229785],[-89.0437592039268,42.6705400625761],[-89.0504832528302,42.6704688350742],[-89.0526807979165,42.6717325977379],[-89.0526878101656,42.6733594968479],[-89.0526378440729,42.6773068320562],[-89.0526235671481,42.6815612170215],[-89.0525878725903,42.6837528548928],[-89.0525950043153,42.6862773967854],[-89.052166728012,42.6900176691361],[-89.0521524241378,42.69211332193],[-89.0523523190514,42.6960969520993],[-89.0523951201815,42.7005053650484],[-89.0522190431992,42.7028752656989],[-89.0522523724929,42.7070129441588],[-89.052290443993,42.7099920270114],[-89.0523093822758,42.7123782609178],[-89.0509206066095,42.7151226329093],[-89.0488695848309,42.7190819145409],[-89.0476456392394,42.7214628730336],[-89.0476647688634,42.723897331849],[-89.0476695290361,42.725991585783],[-89.0478361045375,42.733915836041],[-89.0479408777441,42.7376543148069],[-89.0480716877208,42.7382690230901]]},"properties":{"OBJECTID":49071,"ID":"138684","VOLTAGE":138,"STATUS":"IN SERVICE","OWNER":"AMERICAN TRANSMISSION CO","SUB_1":"RUSSELL","SUB_2":"JANESVILLE GENERAL","VOLT_CLASS":"100-161"}},{"type":"Feature","geometry":{"type":"LineString","coordinates":[[-87.9814861827575,43.7378544616434],[-87.981272030682,43.738468362901]]},"properties":{"OBJECTID":49101,"ID":"138723","VOLTAGE":138,"STATUS":"IN SERVICE","OWNER":"AMERICAN TRANSMISSION CO","SUB_1":"MULLET RIVER","SUB_2":"TAP138004","VOLT_CLASS":"100-161"}},{"type":"Feature","geometry":{"type":"LineString","coordinates":[[-87.9952933910824,43.1622885009992],[-87.9949447010217,43.1618450286748],[-87.9954967355267,43.1619973138738],[-87.9970624209135,43.1630299996797],[-87.9985138918001,43.1635058929673],[-87.9996893463325,43.1642292486969],[-88.0008885936436,43.1648794359527],[-88.0040116370345,43.1665004436612],[-88.0051983932715,43.1670834117589],[-88.0065636088228,43.1677645329017],[-88.0089400956188,43.1689423655915],[-88.0111946352166,43.1700398916877],[-88.0118638576454,43.1710303426354],[-88.0143474209282,43.172240893674],[-88.0148203390095,43.1724966859357],[-88.0156382775336,43.1726781197969],[-88.0195733117031,43.1746382007197],[-88.0221669239981,43.175929058032],[-88.0235470120573,43.1762502857723],[-88.0248854587115,43.1765209489452],[-88.0262923147696,43.1766726400732],[-88.0316318244616,43.1769676930299],[-88.0391080920412,43.1773769596393],[-88.0389653236914,43.1812649997274],[-88.0429342647713,43.1813316249428],[-88.0430675145724,43.1813411420761]]},"properties":{"OBJECTID":49102,"ID":"138724","VOLTAGE":138,"STATUS":"IN SERVICE","OWNER":"AMERICAN TRANSMISSION CO","SUB_1":"PARKLAND","SUB_2":"SWAN","VOLT_CLASS":"100-161"}},{"type":"Feature","geometry":{"type":"LineString","coordinates":[[-86.3630626370141,43.9464725248237],[-86.3630599995604,43.9471929998779],[-86.3699880001693,43.9467160001558],[-86.3701480000029,43.9480579996351],[-86.3710560000241,43.9481889999573],[-86.3729590001052,43.9415369996278],[-86.3744150002974,43.9393490001309],[-86.3787939998466,43.9393389997651],[-86.3789510002055,43.9378609996475],[-86.3831519994794,43.9374790001451],[-86.3884809997809,43.9375360001098],[-86.388548999553,43.9359369995697],[-86.3974310002965,43.936016999911],[-86.3991169997443,43.93662699954],[-86.4007350003183,43.9366919996777],[-86.4162050001155,43.9375160000603],[-86.4207500002444,43.9377509998934],[-86.4243339997503,43.9386109996629],[-86.4242338447826,43.9396197648951]]},"properties":{"OBJECTID":49123,"ID":"138808","VOLTAGE":138,"STATUS":"IN SERVICE","OWNER":"NOT AVAILABLE","SUB_1":"MICHIGAN POWER LP","SUB_2":"UNKNOWN128917","VOLT_CLASS":"100-161"}},{"type":"Feature","geometry":{"type":"LineString","coordinates":[[-89.3474742053077,42.2348161931218],[-89.3382157233235,42.2333456858438],[-89.3348749588505,42.2333456858438],[-89.3248376815324,42.23416510496],[-89.2954897131154,42.2367753385901],[-89.2651139390626,42.2395447029737],[-89.2478544808464,42.243317142667],[-89.2373657893183,42.2457921245464],[-89.2303551562796,42.2475038966291],[-89.2059869375547,42.2535223559227],[-89.2025415885213,42.2544054999863],[-89.2025415885213,42.2623646935615],[-89.2021163709816,42.2643054289428],[-89.2023780430373,42.2817611410981],[-89.2027596491666,42.2909196657908],[-89.1876480825576,42.2911922410679],[-89.187800725189,42.3072523688079],[-89.1882477475357,42.3160838026013],[-89.1887383830893,42.3342700167567],[-89.1890545703064,42.3379988445419],[-89.19415717719,42.3402339606266],[-89.1940699525726,42.3429924220787],[-89.1927189348943,42.3426514669055]]},"properties":{"OBJECTID":49136,"ID":"138768","VOLTAGE":345,"STATUS":"IN SERVICE","OWNER":"COMMONWEALTH EDISON CO","SUB_1":"WEMPLETOWN","SUB_2":"TAP137909","VOLT_CLASS":"345"}},{"type":"Feature","geometry":{"type":"LineString","coordinates":[[-88.1060800908069,42.3638766776461],[-88.1060252585403,42.3636406618716],[-88.1057058041505,42.3634737829576],[-88.1056941062889,42.3629518236765]]},"properties":{"OBJECTID":49156,"ID":"138997","VOLTAGE":138,"STATUS":"IN SERVICE","OWNER":"COMMONWEALTH EDISON CO","SUB_1":"UNKNOWN121934","SUB_2":"TAP136944","VOLT_CLASS":"100-161"}},{"type":"Feature","geometry":{"type":"LineString","coordinates":[[-83.2680801506154,42.7303303561059],[-83.2737481140197,42.7301366036969],[-83.2775943883509,42.7300204040903],[-83.2802176342705,42.7299356739735],[-83.283814197614,42.7298182017653]]},"properties":{"OBJECTID":49198,"ID":"161325","VOLTAGE":120,"STATUS":"IN SERVICE","OWNER":"NOT AVAILABLE","SUB_1":"TAP140001","SUB_2":"UNKNOWN163116","VOLT_CLASS":"100-161"}},{"type":"Feature","geometry":{"type":"LineString","coordinates":[[-85.9260102362773,42.9564794699417],[-85.9249050246102,42.9563437876076]]},"properties":{"OBJECTID":49222,"ID":"138881","VOLTAGE":138,"STATUS":"IN SERVICE","OWNER":"NOT AVAILABLE","SUB_1":"UNKNOWN132533","SUB_2":"TAP139028","VOLT_CLASS":"100-161"}},{"type":"Feature","geometry":{"type":"LineString","coordinates":[[-86.5094154830782,41.7235249827797],[-86.506610087565,41.7232903617271]]},"properties":{"OBJECTID":49225,"ID":"138884","VOLTAGE":138,"STATUS":"IN SERVICE","OWNER":"INDIANA MICHIGAN POWER CO","SUB_1":"TAP139933","SUB_2":"NEW CARLISLE","VOLT_CLASS":"100-161"}},{"type":"Feature","geometry":{"type":"LineString","coordinates":[[-83.2206169996223,43.8238889997741],[-83.227591000262,43.8245759997326],[-83.2349059995869,43.8253280001177],[-83.2393279996921,43.8257740000765],[-83.2450899996386,43.8263789999244],[-83.2564200002613,43.8275089997628],[-83.2605510001133,43.8279319998035],[-83.2618319995051,43.8282719996854],[-83.2620498948604,43.8282839201249]]},"properties":{"OBJECTID":49249,"ID":"138918","VOLTAGE":120,"STATUS":"IN SERVICE","OWNER":"NOT AVAILABLE","SUB_1":"TAP144568","SUB_2":"UNKNOWN144569","VOLT_CLASS":"100-161"}},{"type":"Feature","geometry":{"type":"LineString","coordinates":[[-83.0388779999572,42.4516740000812],[-83.0384339492375,42.4500724739944]]},"properties":{"OBJECTID":49309,"ID":"138980","VOLTAGE":120,"STATUS":"NOT AVAILABLE","OWNER":"NOT AVAILABLE","SUB_1":"NORTHEAST (MI)","SUB_2":"NOT AVAILABLE","VOLT_CLASS":"100-161"}},{"type":"Feature","geometry":{"type":"LineString","coordinates":[[-83.2752940454534,42.6185825718744],[-83.2735302905296,42.6184166725565],[-83.2720714480678,42.6184442985655],[-83.2699260501837,42.6185053049945],[-83.2678184147793,42.6185672249352],[-83.2678341748227,42.6201439656724],[-83.2678556436596,42.6217189028899],[-83.2678829281897,42.6233121535929],[-83.2650579080809,42.6235302666233],[-83.2624218072695,42.6237222728795],[-83.2609101645302,42.6251714026217],[-83.2596628636397,42.626360908838],[-83.2593007186127,42.6268925795231],[-83.25914258458,42.6271246355063],[-83.2586177241123,42.6304900311326],[-83.2584304262738,42.6314467225829],[-83.258542951043,42.6346320997582],[-83.258704254332,42.6363406186266],[-83.2588384078382,42.6384011485872],[-83.2589290550369,42.6401830261313],[-83.2590636972267,42.6427220171381],[-83.2591494908279,42.6438663816901],[-83.2592271115566,42.6455356097658],[-83.2593265469737,42.6470547017568],[-83.2594177421447,42.6486766351107],[-83.2594928520823,42.6504563459152],[-83.2595572648814,42.6522950749949],[-83.2596162815006,42.65415715998],[-83.2597122161831,42.6563171189698],[-83.259793262188,42.6582012337723],[-83.2598093420316,42.6600671689915],[-83.2599058884668,42.6621141010337],[-83.2600023522569,42.6641828627835],[-83.2604577504953,42.6661052530123],[-83.2609445601241,42.6680093665163],[-83.2618947908452,42.6698434959916],[-83.2638823232927,42.6712105220566],[-83.2657813088028,42.6724411030874],[-83.2678423198473,42.6738498978344],[-83.2689667096474,42.6746906139774],[-83.2719556857704,42.6746983551588],[-83.2747868988648,42.6745445986425],[-83.2831727439073,42.6742428727299],[-83.2856111138465,42.6741737787929],[-83.2888031379698,42.6740948505249],[-83.2917515695307,42.674023835142],[-83.2939981078342,42.6740198598263],[-83.2942575556613,42.6751576139997],[-83.2949618770649,42.6750862299793],[-83.2949674457214,42.6740941418509],[-83.294958224515,42.6713269130175],[-83.2949019908765,42.6704947550278],[-83.2948563555617,42.6690274386537],[-83.2944379212007,42.6669645537384],[-83.2943709068805,42.6645031497949],[-83.2943413523077,42.6635169217841],[-83.2942582581439,42.6619823929199],[-83.2939310018859,42.6601520050587],[-83.2944475744968,42.6590993851434],[-83.2937586565054,42.6587994630656],[-83.2942092523502,42.6572096537092],[-83.2920040679907,42.6557638927636],[-83.2902236070976,42.6556967695025],[-83.289241389166,42.655649401119]]},"properties":{"OBJECTID":49492,"ID":"139235","VOLTAGE":120,"STATUS":"IN SERVICE","OWNER":"NOT AVAILABLE","SUB_1":"UNKNOWN128529","SUB_2":"PONTIAC","VOLT_CLASS":"100-161"}},{"type":"Feature","geometry":{"type":"LineString","coordinates":[[-82.4902186352335,42.7719015610877],[-82.4902502496433,42.7713580416628],[-82.4888829868314,42.7713642969755],[-82.4889323896805,42.7721324829455],[-82.4880318313031,42.7732119875235],[-82.4848335584987,42.7732971827257],[-82.482000452654,42.7733749931423],[-82.4820806910735,42.7739955996068]]},"properties":{"OBJECTID":49495,"ID":"139239","VOLTAGE":120,"STATUS":"IN SERVICE","OWNER":"NOT AVAILABLE","SUB_1":"UNKNOWN128519","SUB_2":"BLUE WATER ENERGY CENTER","VOLT_CLASS":"100-161"}},{"type":"Feature","geometry":{"type":"LineString","coordinates":[[-89.1027019555801,42.2385343831028],[-89.1023317598515,42.2380538681176],[-89.1016263128589,42.2372396778346],[-89.0998533978142,42.2365307610761],[-89.0998748675495,42.2350215845248],[-89.0989482553339,42.2346207896935],[-89.0979570542494,42.2342728689836],[-89.0971994151388,42.2342434708927],[-89.0963814092411,42.2342076876775],[-89.0953580475711,42.2341854728089],[-89.0953554424567,42.2338041606859],[-89.095895388333,42.2332739939968]]},"properties":{"OBJECTID":48515,"ID":"138029","VOLTAGE":138,"STATUS":"IN SERVICE","OWNER":"COMMONWEALTH EDISON CO","SUB_1":"SABROOKE","SUB_2":"TAP137869","VOLT_CLASS":"100-161"}},{"type":"Feature","geometry":{"type":"LineString","coordinates":[[-87.8898375790198,42.9901866527904],[-87.8895344272558,42.9904523930108]]},"properties":{"OBJECTID":48518,"ID":"164394","VOLTAGE":138,"STATUS":"IN SERVICE","OWNER":"NOT AVAILABLE","SUB_1":"TAP162235","SUB_2":"UNKNOWN162236","VOLT_CLASS":"100-161"}},{"type":"Feature","geometry":{"type":"LineString","coordinates":[[-89.171674330007,46.0531931006964],[-89.1712669655852,46.0528433199256],[-89.1710028456203,46.0521223430141],[-89.170957636107,46.0407961088257],[-89.1707530016819,46.0401584126418],[-89.1667126777746,46.0401726898795],[-89.1646139931837,46.0385237231009],[-89.1617729156891,46.0378170235782],[-89.1598955220852,46.0354756338315],[-89.1561764240454,46.0344334300188],[-89.156055071532,46.0330343067805],[-89.1532425487854,46.0330628599446],[-89.1513151845972,46.0328915388679],[-89.1470464316896,46.0329058161123],[-89.138994335928,46.0329557848796],[-89.1369456201247,46.0331128285698],[-89.1300570807096,46.0330200295693],[-89.1244891420173,46.0366748821141],[-89.1194637201795,46.0367034358917],[-89.1193637826041,46.0396158960765],[-89.1184786231474,46.0402726266988],[-89.0996190156784,46.0404296720447],[-89.0981830110861,46.0403987387925]]},"properties":{"OBJECTID":48529,"ID":"138044","VOLTAGE":138,"STATUS":"IN SERVICE","OWNER":"AMERICAN TRANSMISSION CO","SUB_1":"LAKOTA ROAD","SUB_2":"TAP138648","VOLT_CLASS":"100-161"}},{"type":"Feature","geometry":{"type":"LineString","coordinates":[[-88.4247880003309,44.2069159996583],[-88.4248517268171,44.2065589816974],[-88.4226316897128,44.2069825259529],[-88.4186746459205,44.2077106411357],[-88.4144273079509,44.2086148358595],[-88.4111079602126,44.209254910929],[-88.4083620619173,44.2097974275683],[-88.4064727701275,44.2100710658063],[-88.40453350955,44.2102257307829],[-88.4042717692223,44.2102281106371]]},"properties":{"OBJECTID":48569,"ID":"138090","VOLTAGE":138,"STATUS":"IN SERVICE","OWNER":"AMERICAN TRANSMISSION CO","SUB_1":"MELISSA","SUB_2":"TAP139563","VOLT_CLASS":"100-161"}},{"type":"Feature","geometry":{"type":"LineString","coordinates":[[-87.8926150548939,42.9978273387765],[-87.893109999666,42.9976160001577],[-87.8912919999738,42.9940590001253],[-87.8899589998051,42.9913389997873],[-87.8895344281541,42.9904523930108]]},"properties":{"OBJECTID":48604,"ID":"164351","VOLTAGE":138,"STATUS":"IN SERVICE","OWNER":"AMERICAN TRANSMISSION CO","SUB_1":"TAP162235","SUB_2":"RUSSEL TERM","VOLT_CLASS":"100-161"}},{"type":"Feature","geometry":{"type":"LineString","coordinates":[[-85.8856738552177,43.0537197595716],[-85.8896585123235,43.0585202378893],[-85.8940530706934,43.0637772595349],[-85.8965743722013,43.0702436778131],[-85.8972813463299,43.0720764480704],[-85.9023142475407,43.0737077768314],[-85.9035802432706,43.0749381348416],[-85.9071690128307,43.0784177816629],[-85.9131503553185,43.0835112398146],[-85.9184396357113,43.0880951869233],[-85.9262395276603,43.0948252325358],[-85.9328378016442,43.1005491397331],[-85.9357778977376,43.1030951990813],[-85.9409757296345,43.1076305260469],[-85.9452565621878,43.111331417623],[-85.950288384522,43.1161050877198],[-85.951790367677,43.1176086888107],[-85.9555079556488,43.1198250068255],[-85.957642692327,43.121102381964],[-85.9589304479481,43.1218729319904],[-85.9632542190736,43.1244961908148],[-85.9672560340013,43.1269040969459],[-85.9715602218536,43.1295229448513],[-85.9760269149409,43.1322206127007],[-85.980334515493,43.1348356937008],[-85.9808011911814,43.1366951120891],[-85.9813859037015,43.1389420059416],[-85.9824480716934,43.1431029039544],[-85.982927412729,43.1449068840287],[-85.9857900749433,43.147224390841],[-85.9891804057587,43.1499483437304],[-85.992828194633,43.1529618405116],[-85.9960648246016,43.1557633908732],[-85.9994104211126,43.1586479026337],[-86.0030741101674,43.1612303346895],[-86.0048765797849,43.1625412330083],[-86.0066896486246,43.1638481069426],[-86.0083151510295,43.16501801165],[-86.0134434533235,43.1686801828903],[-86.021075989135,43.1741601870569],[-86.0246605518846,43.1767425058052],[-86.02813557856,43.1792458106963],[-86.0319508143015,43.18197338061],[-86.0339087822948,43.1834051439181],[-86.0350406586544,43.1842148109218],[-86.0370684257453,43.1856894246521],[-86.0388869761048,43.187011389938],[-86.0405445465687,43.1883020858823],[-86.0422450582999,43.1895106885745],[-86.0439294892891,43.1907544377781],[-86.0451311647464,43.1916422070517],[-86.0469604050577,43.1931831796322],[-86.0486769948358,43.19468102216],[-86.050397898324,43.1961542036012],[-86.0523462543437,43.197809599938],[-86.0540897037488,43.199283883928],[-86.0557730567597,43.2007295821157],[-86.0574961162045,43.2022363407528],[-86.0590625974986,43.2035735988006],[-86.0605055622378,43.2048093348545],[-86.0621352858263,43.2061923061007],[-86.0640675620024,43.2078747977242],[-86.0658377821013,43.2093684159768],[-86.0678440785585,43.2110809379935],[-86.0694534112883,43.2125040310394],[-86.0711860818083,43.213966240923],[-86.0728436531706,43.2153854046946],[-86.0744960143042,43.216816318723],[-86.0761587060636,43.2182274936181],[-86.0777841168403,43.2196583416091],[-86.0794203091972,43.2210577998473],[-86.0810188612453,43.2224104205518],[-86.0827730006022,43.2239271170332],[-86.0827354519217,43.2261082260349],[-86.0827677005421,43.2278984305901],[-86.0827193720781,43.229528289857],[-86.0827085922947,43.2311933829202],[-86.0827085922947,43.2328387957641],[-86.0826549628722,43.2348829335426],[-86.0826334931369,43.2370324341074],[-86.084516451804,43.2385994850584],[-86.0869891535567,43.2385878355625],[-86.0897198532557,43.2385448395384],[-86.0924450723331,43.2385253375267],[-86.0949395142141,43.2385096318583],[-86.0973911055577,43.2384862025983],[-86.0996440811885,43.238947312549],[-86.1022941112767,43.2389122359866],[-86.1048959018341,43.2388808889792],[-86.1072858687492,43.2388731006523],[-86.1096355031046,43.2388575259589],[-86.112075326518,43.2388817397332],[-86.1139724785665,43.2398384378876],[-86.1157258112364,43.2407945968414],[-86.1175665490851,43.2417727945647],[-86.1175881077536,43.2438361336266],[-86.1175827187602,43.2458407068551],[-86.1187888857939,43.24738299371],[-86.1198841117883,43.2488963199849],[-86.121015090731,43.2504151061097],[-86.1226405931359,43.2517123120657],[-86.1240789746705,43.2529636905101],[-86.1256614477733,43.2542686939692],[-86.1272600887546,43.2556008861283],[-86.1287513828561,43.2568432870992],[-86.1305484616837,43.2583903989],[-86.132152493455,43.25975782715],[-86.1344001690257,43.2596835097643],[-86.136685393277,43.2595976128841],[-86.1389384578411,43.2595662758664],[-86.1411423836608,43.259471416867],[-86.143696654238,43.2593827059479],[-86.146191275782,43.2593730236987],[-86.1490048890834,43.2593749208963],[-86.1517434930586,43.2593554255528],[-86.1543979248916,43.2593541825608],[-86.1556488289248,43.2609981146668],[-86.157043462505,43.262791219905],[-86.1581218909019,43.2642112741602],[-86.1608440548091,43.2642013957785],[-86.1635078300194,43.2641762108368],[-86.1663830677493,43.2642074146509],[-86.1689429968144,43.2642717179678],[-86.1720502684839,43.2641896870714],[-86.1749953960412,43.2641544929047],[-86.1776644695151,43.2641448768299],[-86.1802822509828,43.2641762108368],[-86.1829186257803,43.2641819026345],[-86.1856062063457,43.2641779116384],[-86.1882752798195,43.2641762108368],[-86.1909598959444,43.2641584178328],[-86.1936665198955,43.2641605765431],[-86.1963057702002,43.2641136736379],[-86.1986875633446,43.2640784807355],[-86.2017156036059,43.2640489776605],[-86.2042773302,43.2640317079441],[-86.206940474793,43.2640217000104],[-86.2096524886357,43.2640237926558],[-86.2117875145715,43.262879335798],[-86.2140512699858,43.2616487017668],[-86.2163258042852,43.2604377341216],[-86.2185841689095,43.2592149018851],[-86.2208050737864,43.2579608380898],[-86.2232749018286,43.2567310205692],[-86.2257396085753,43.2567715830922],[-86.2284851295781,43.2568220245147],[-86.2312576907694,43.2568803821134],[-86.2338135765174,43.2569276831305],[-86.2371886485495,43.2568988046536],[-86.241136834953,43.2561682199698],[-86.2419817489868,43.2551931687483]]},"properties":{"OBJECTID":48607,"ID":"138139","VOLTAGE":138,"STATUS":"IN SERVICE","OWNER":"NOT AVAILABLE","SUB_1":"B C COBB","SUB_2":"TAP139029","VOLT_CLASS":"100-161"}},{"type":"Feature","geometry":{"type":"LineString","coordinates":[[-83.295519564668,43.7636899317057],[-83.2946701806174,43.7641178718506],[-83.294697643014,43.7648345019639],[-83.2930170002203,43.7649179998886],[-83.2671759998752,43.7653960000063],[-83.2589350000875,43.7686009996698],[-83.2387979999626,43.7762220001491],[-83.2364809996048,43.7780420001195],[-83.2195189996303,43.7920199999546],[-83.1864850001591,43.8019509997414],[-83.1673380000712,43.8077229996071],[-83.1495280003499,43.8083059995981],[-83.1422549999595,43.8085759996865],[-83.1285729997173,43.8093610000096],[-83.1214280002717,43.8096469996616],[-83.1193567475346,43.8101181447294],[-83.1150077202749,43.8112054029542],[-83.1086760060802,43.81279725377],[-83.0959788711047,43.8159626060582],[-83.082504635018,43.8232712716246],[-83.0711077682972,43.8294803166601],[-83.0573848893197,43.8324572535675],[-83.0516633836295,43.833687501704],[-83.0340590235481,43.8362071468566],[-83.0340191778754,43.8395631726466],[-83.0220960403319,43.8395840090576],[-83.0119050630653,43.8405794948087],[-83.001999969248,43.8415901977706],[-82.9955170901506,43.8418430759005],[-82.9885111391312,43.8421180745884],[-82.9814857018567,43.8423852426876],[-82.9652240347659,43.8444778435742],[-82.9463401278686,43.8469861665666],[-82.9229750138039,43.8475780435889],[-82.9011223446742,43.8483300670603],[-82.8845511441876,43.8489720357447],[-82.8723123700943,43.8491972466343],[-82.8714688322795,43.8343771998934],[-82.8711930045715,43.8297237658551],[-82.8691432961299,43.8295266929185]]},"properties":{"OBJECTID":48637,"ID":"138185","VOLTAGE":345,"STATUS":"IN SERVICE","OWNER":"NOT AVAILABLE","SUB_1":"UNKNOWN133854","SUB_2":"RAPSON","VOLT_CLASS":"345"}},{"type":"Feature","geometry":{"type":"LineString","coordinates":[[-89.6091684611151,45.441531286557],[-89.6088948226014,45.4415907740222],[-89.5979493018187,45.4545231438995],[-89.5894546258796,45.4645049825712],[-89.5854571318484,45.469192520823],[-89.572798398953,45.4787103647438],[-89.5712041597166,45.4799714798741],[-89.569205412701,45.4808399828215],[-89.5682298342176,45.4822676597295],[-89.5535247651562,45.4934154339065],[-89.5403901398576,45.503278299831],[-89.5264583962882,45.5138787989329],[-89.5147514481993,45.5226471130339],[-89.4966794422491,45.536019683965],[-89.4836043024903,45.5457873707795],[-89.4787264082767,45.5493208708007],[-89.471885458012,45.553925127995],[-89.4570138269239,45.563847479578],[-89.4561572213167,45.568154304562],[-89.4561810149936,45.5699270026332],[-89.4543607281907,45.5787785977476],[-89.4519217797365,45.5881417768152],[-89.4486143292857,45.6008480990086],[-89.4463300464689,45.6094974400655],[-89.4447952936706,45.6156245516113],[-89.4397984256824,45.6213471550143],[-89.4337426981976,45.6288186629653],[-89.4302924784987,45.6289733275928],[-89.4295548466661,45.631126739663],[-89.428876699475,45.6311624316146],[-89.4287220347359,45.6314360695732]]},"properties":{"OBJECTID":48742,"ID":"138301","VOLTAGE":115,"STATUS":"IN SERVICE","OWNER":"NORTHERN STATES POWER CO - WISCONSIN","SUB_1":"HIGHWAY EIGHT","SUB_2":"TAP139528","VOLT_CLASS":"100-161"}},{"type":"Feature","geometry":{"type":"LineString","coordinates":[[-88.0605154734712,43.1207859386797],[-88.0629202895379,43.1204720870388],[-88.0665662242894,43.1210065069228],[-88.0773081661675,43.1226906997865],[-88.0810736442254,43.1225360355565],[-88.0839003585569,43.1229814217934],[-88.0946376884843,43.1246529960377],[-88.1117993875397,43.1273477087362],[-88.115389425521,43.1279311650869],[-88.1190339490192,43.1280562218655],[-88.1226339106893,43.1280681225931],[-88.1297002069362,43.1280832436995],[-88.1328197298295,43.1280708617532],[-88.1329630425584,43.1277352475096]]},"properties":{"OBJECTID":48750,"ID":"138307","VOLTAGE":138,"STATUS":"IN SERVICE","OWNER":"AMERICAN TRANSMISSION CO","SUB_1":"TAP138063","SUB_2":"TAMARACK","VOLT_CLASS":"100-161"}},{"type":"Feature","geometry":{"type":"LineString","coordinates":[[-87.9656615056282,42.3783828910956],[-87.9670351689365,42.3783801550967],[-87.9998550289086,42.3786112420748],[-88.0096225493334,42.3786446028163],[-88.054979796874,42.3786684589242],[-88.0557440574665,42.3786346588977]]},"properties":{"OBJECTID":48761,"ID":"138324","VOLTAGE":138,"STATUS":"IN SERVICE","OWNER":"COMMONWEALTH EDISON CO","SUB_1":"UNKNOWN121935","SUB_2":"TAP136950","VOLT_CLASS":"100-161"}},{"type":"Feature","geometry":{"type":"LineString","coordinates":[[-88.8936829416214,43.0854498208984],[-88.8938792468672,43.0859970971344],[-88.896383629505,43.0871451866511],[-88.8976150005706,43.0879125625232],[-88.8964371681976,43.088549068904],[-88.9006071728994,43.0900600258852],[-88.904527334561,43.0913389866012],[-88.9066034148444,43.091910056576],[-88.9084296511895,43.0923502576613],[-88.9101904533509,43.093016507129],[-88.9126013339442,43.0943377461307],[-88.914443739066,43.0947713588958],[-88.9164781779445,43.0954970950587],[-88.9260614565994,43.0987807505288],[-88.9312903225945,43.1006069870367],[-88.9407129887649,43.1038073616374],[-88.949850119134,43.1069601476931],[-88.9502189350503,43.1078048570179],[-88.9533122352221,43.1092622768024],[-88.9540379697671,43.1119391695625],[-88.9564055335973,43.1155440540654],[-88.9571491149721,43.1165493758518],[-88.9577856207582,43.1178580797415],[-88.9594690896518,43.1199103649379],[-88.9618604480573,43.1227895128763],[-88.9630263840409,43.1242112398829],[-88.9640792957922,43.1255556356617],[-88.965042976988,43.1271022856497],[-88.9655545612541,43.1282563238492],[-88.96645875691,43.1294401058554],[-88.9681303276177,43.1303859418514],[-88.9701052809563,43.1311771129709],[-88.9754590675732,43.1325036618886],[-88.9768451042762,43.1328546327759],[-88.978100269917,43.1333126787752],[-88.9797896865561,43.1343715389164],[-88.9815147959564,43.1351746069881],[-88.9881475436876,43.1383571358246],[-88.9898786017317,43.1395706606141],[-88.9918951946787,43.1403142427879],[-88.9917464776851,43.1435681558847],[-88.9919308865416,43.1448947047407],[-88.9917405299396,43.1491063508129],[-88.9914609427821,43.1547932631517],[-88.9911456646601,43.1562863745337],[-88.991014793598,43.1594153657234],[-88.9912527402487,43.1605099177102],[-88.9912408429611,43.1619304559172],[-88.9886472306661,43.1619923215133],[-88.9865961352256,43.1620208760539],[-88.9810948209846,43.1630392850894],[-88.9707060948796,43.1648262595462],[-88.9699280110114,43.1653473618288]]},"properties":{"OBJECTID":48834,"ID":"138408","VOLTAGE":138,"STATUS":"IN SERVICE","OWNER":"AMERICAN TRANSMISSION CO","SUB_1":"UNKNOWN131398","SUB_2":"STONY BROOK","VOLT_CLASS":"100-161"}},{"type":"Feature","geometry":{"type":"LineString","coordinates":[[-85.8088416191101,42.969569913037],[-85.8102620837464,42.9691650485757],[-85.8111463853121,42.966882542761],[-85.8129180427154,42.9652359485611],[-85.8153014528273,42.9631105425726],[-85.8172700209409,42.9611735410301],[-85.819308028826,42.9593523805634],[-85.8220882247988,42.9568034427168],[-85.8248744385857,42.9542943731009],[-85.8264735305213,42.9520024386464],[-85.8278181288385,42.9500960565885],[-85.8291022705372,42.9483138897469],[-85.8328758235512,42.94828725877],[-85.8374064766867,42.9482650346089],[-85.8408589718181,42.9482694401209],[-85.8445355067814,42.9482428755363],[-85.8482000043199,42.9482339330003],[-85.852615673099,42.9482206507017],[-85.8566920481953,42.9483758298525],[-85.8602899805712,42.9485665806575],[-85.8621555119218,42.9468329628227],[-85.8647842519377,42.9443988461331],[-85.8663469612059,42.9430110727558],[-85.8682791475506,42.9412729575539],[-85.870514245809,42.9392509598077],[-85.8727977632612,42.9371402427725],[-85.8751720105572,42.9349939386277],[-85.8776069839663,42.9328032297659],[-85.880181286076,42.9304617586974],[-85.8824162046713,42.9284305907615],[-85.8862927046169,42.9283639605523],[-85.890205676163,42.9283240356701],[-85.8942032690089,42.9282619438398],[-85.8983159360426,42.928222084009],[-85.901392934487,42.928266481676],[-85.9045668629472,42.9282353706221],[-85.907668026971,42.9282176770625],[-85.910539042619,42.9271354661451],[-85.9134343127798,42.9260178478363],[-85.9166990600168,42.9247981861438],[-85.920248573199,42.923471936161],[-85.9236162664693,42.9221768375378],[-85.925702784278,42.9202211807815],[-85.9276331739921,42.9184448586604],[-85.9309713135879,42.9184448586604],[-85.9341770415108,42.9184676869724],[-85.9375659359201,42.9184705815447],[-85.9409198858649,42.9185048559013],[-85.9444608650518,42.9185219595218],[-85.948021427512,42.918533472672],[-85.9514662869635,42.9185597869322],[-85.9548073011682,42.9185977445749],[-85.9577897079115,42.9185714309888],[-85.9611707869779,42.9185714309888],[-85.965022223927,42.9181626377652],[-85.9683674602135,42.917809365608],[-85.9718122298335,42.9174531310186],[-85.9743520366363,42.9174502357407],[-85.9769954191914,42.9174910900009],[-85.9769196004831,42.9151785755972],[-85.9768877111888,42.9122263440385],[-85.9767921295443,42.9097441436022],[-85.9767004115538,42.9070867565944],[-85.9768479158217,42.9045605918052],[-85.9768072823265,42.9029552347959],[-85.9768040780359,42.902828631052],[-85.976556580497,42.9007118378233],[-85.97648750095,42.8976541458405],[-85.9763663182182,42.8950194688632],[-85.976310532839,42.8923379510045],[-85.976234715029,42.8899367586475],[-85.976147038559,42.8871615586483],[-85.9760633155745,42.8844768681342],[-85.975971597584,42.8817803446108],[-85.9758839229106,42.8793553079979],[-85.9758200517956,42.8769157599442],[-85.9757284236366,42.8745081101168],[-85.9756485643061,42.87201853115],[-85.9755729261592,42.8695757296811],[-85.9754971083492,42.8672087455983],[-85.9753933529339,42.8645289165589],[-85.9753177138887,42.8620156255937],[-85.9752300392153,42.8599260347713],[-85.9751741640046,42.8572167169106],[-85.9751462255009,42.8545219649492],[-85.9751223312127,42.8519731676664],[-85.9751422729137,42.8494155039176],[-85.9751303262187,42.8473020399526],[-85.9751223312127,42.8447763245902],[-85.9751103827211,42.842238848151],[-85.9751262829016,42.8401632110977],[-85.9751223312127,42.8380348057844],[-85.9751143362067,42.8357660177521],[-85.9751064310322,42.8334855495417],[-85.9770879348859,42.833491346664],[-85.976884417965,42.8324599009298]]},"properties":{"OBJECTID":48861,"ID":"138436","VOLTAGE":345,"STATUS":"IN SERVICE","OWNER":"NOT AVAILABLE","SUB_1":"TALLMADGE","SUB_2":"ROOSEVELT","VOLT_CLASS":"345"}},{"type":"Feature","geometry":{"type":"LineString","coordinates":[[-82.4952479611495,42.7720448225538],[-82.4948187452084,42.7717019470798],[-82.4937473066027,42.7717352927286],[-82.4918430066595,42.7720083059264],[-82.4907712509485,42.7697822017155],[-82.4904834963085,42.7692157498363],[-82.4935692587168,42.7689048546557],[-82.4965892653446,42.7686661306293],[-82.4993559237061,42.7684459449943],[-82.5023054871443,42.768218869866],[-82.5053227943346,42.7679481487415],[-82.507737718245,42.7665794180818],[-82.5100651201954,42.7652578688188],[-82.5122288275416,42.7640119160722],[-82.5160176932379,42.7618765959493],[-82.5189929206455,42.760137197754],[-82.5214244571003,42.75876554415],[-82.5239715142058,42.7573410097785],[-82.5263321951443,42.7560271409165],[-82.528549275893,42.7548256318667],[-82.5311454681496,42.7534038591047],[-82.5344750494957,42.7532966560935],[-82.5377187438157,42.7531975787451],[-82.5410062238194,42.7530855786184],[-82.5441060448619,42.7529995007488],[-82.5474788118169,42.752893959946],[-82.5508778248496,42.7527948845923],[-82.5543004348282,42.7526914529203],[-82.5571657937849,42.7525967967338],[-82.5597963160584,42.7525170505986],[-82.5628551721273,42.752426553096],[-82.565831813483,42.7523447585962],[-82.5684920214834,42.75226731754],[-82.5716828535422,42.7521768130766],[-82.5750586415316,42.7520669779936],[-82.5781116253135,42.751961503545],[-82.5811851661423,42.7518646067887],[-82.5842470378556,42.7517633510172],[-82.5872882959281,42.7516620970593],[-82.5910193640191,42.7515371408718],[-82.594363587006,42.7513562240086],[-82.5970881628896,42.7511947409463],[-82.6001324177419,42.7510223740267],[-82.6031121582854,42.7508414978782],[-82.6056547750185,42.7506951279394],[-82.6087048213094,42.7505164329502],[-82.6120675945069,42.7503333679272],[-82.615119638651,42.7502515970509],[-82.61817558328,42.7501825988942],[-82.6213635092889,42.7501008020926],[-82.6244868248694,42.7500318690735],[-82.6275663439864,42.7499564687343],[-82.6311591397956,42.7498660915081],[-82.6344060213383,42.7497691809214],[-82.6372334255759,42.7496722015789],[-82.6401749562788,42.749562368654],[-82.6430107660526,42.7494654727646],[-82.6458644370291,42.7493749635502],[-82.6485508839206,42.7492759478775],[-82.651823578553,42.749168303009],[-82.6549143607471,42.7490865121252],[-82.6578031567495,42.7490218651316],[-82.6606743340944,42.7489464615848],[-82.663319661502,42.7488733080639],[-82.6662230775857,42.7488085929024],[-82.6689800781596,42.7487267890103],[-82.6720274690305,42.7486428067878],[-82.6751365067878,42.7485286729775],[-82.6778345940487,42.7484252381439],[-82.6805415961905,42.7483261549871],[-82.6832486127053,42.7482206728532],[-82.6859320547321,42.7481194790751],[-82.688596549493,42.7480160969923],[-82.6916083778585,42.7480441331414],[-82.6946085550747,42.7479320128767],[-82.697485594825,42.7476885916116],[-82.7006926172203,42.7475680545194],[-82.7037191806513,42.747451754979],[-82.7064495542619,42.7473527395327],[-82.7091594202328,42.7472536540018],[-82.712223787466,42.7471416556681],[-82.7151328575461,42.747074900934],[-82.7181212946798,42.7469865711272],[-82.7211829256447,42.7469241668546],[-82.7243681486229,42.7468401848286],[-82.7273213807807,42.746764784565],[-82.7306321936255,42.7466850955755],[-82.7342483061062,42.7466054078029],[-82.73744511286,42.7465344225591],[-82.7409321347394,42.7464503779942],[-82.7446421579982,42.7463642229612],[-82.7476716418523,42.7462931068221],[-82.750888843058,42.746217770543],[-82.754032783059,42.7461467228441],[-82.7575138598879,42.7460734967512],[-82.7605932846818,42.7460023829174],[-82.7633587500807,42.7459441997104],[-82.7661303581594,42.7458881901502],[-82.7691333902216,42.7458214960779],[-82.7724124619942,42.7457590207043],[-82.7761577261615,42.7456598626979],[-82.7794804623451,42.7455760155171],[-82.7824073271527,42.7455027227799],[-82.7862053466818,42.7454101000314],[-82.7899152522613,42.7453131910542],[-82.7934929689501,42.7452313937641],[-82.7965045996862,42.7451796769164],[-82.7999447456774,42.7451280220379],[-82.8023674328284,42.7450826956711],[-82.8051655259367,42.7450223946041],[-82.8079721745997,42.7449514095268],[-82.8109810331348,42.7448824067895],[-82.8137096828783,42.7448258018728],[-82.8165081586688,42.7447517119799],[-82.8196776458582,42.7446628735251],[-82.8219646820114,42.7429459335418],[-82.8242392127176,42.7412015216614],[-82.8263117841815,42.7396280228149],[-82.8283765106581,42.7380488310391],[-82.8303907365443,42.7365295191501],[-82.8324093569889,42.7349984906916],[-82.8345586248152,42.7333169528744],[-82.8362063713032,42.7314444208772],[-82.8376540998084,42.7298222177211],[-82.8389854461786,42.728308180001],[-82.8404847775069,42.7265875100717],[-82.8437157409028,42.7261507865459],[-82.8461186049304,42.7260912530169],[-82.8473172863028,42.7252555635914],[-82.8484303025331,42.7248744765276]]},"properties":{"OBJECTID":48890,"ID":"138467","VOLTAGE":345,"STATUS":"IN SERVICE","OWNER":"NOT AVAILABLE","SUB_1":"UNKNOWN128514","SUB_2":"BELLE RIVER","VOLT_CLASS":"345"}},{"type":"Feature","geometry":{"type":"LineString","coordinates":[[-88.5156949118509,43.2981192340733],[-88.5170000471777,43.2975332919219],[-88.5240242160311,43.2946458160884],[-88.5331185156257,43.2908910256295],[-88.5353611579359,43.2900350150769],[-88.5422972865015,43.2855735257699],[-88.5512440602687,43.2799342027683],[-88.5589535143264,43.2750919998157],[-88.5641169443413,43.2719392137895],[-88.5726592085326,43.2665973237723],[-88.5790599591552,43.260375034113],[-88.5883517542634,43.2580907505897],[-88.6019384764916,43.2421245675886],[-88.6099334663506,43.231857193884],[-88.6152634574939,43.2247069127906],[-88.6165602645397,43.2230769815551],[-88.624662329089,43.215772036956],[-88.6392722198494,43.2024589528373],[-88.6450067205685,43.1972122409355],[-88.6504080972341,43.1930124930076],[-88.665803209876,43.1850769899995],[-88.674976032108,43.1803894515302],[-88.6822452856254,43.1696937748343],[-88.6839953789703,43.168634914542],[-88.6897893670258,43.1687598356562],[-88.6897853740144,43.1670679609052],[-88.6885936878231,43.167123956636],[-88.6882842990561,43.1666560659902]]},"properties":{"OBJECTID":48932,"ID":"138517","VOLTAGE":138,"STATUS":"IN SERVICE","OWNER":"AMERICAN TRANSMISSION CO","SUB_1":"RUBICON","SUB_2":"CONCORD SW YD","VOLT_CLASS":"100-161"}},{"type":"Feature","geometry":{"type":"LineString","coordinates":[[-84.0103673899045,41.8904996851191],[-84.0102234294903,41.8908093820339],[-84.0101912707014,41.8914442648421],[-84.0083190918178,41.8920592800002],[-84.0083620312884,41.8934209581272],[-84.0084317405544,41.8950900667076],[-84.0085175296641,41.8968070745999],[-84.0082225229248,41.8984361767262],[-84.0078523271962,41.9004686179386],[-84.0078899666066,41.9021695015991],[-84.0079650657643,41.9047166965804],[-84.0080294749702,41.9072000108748],[-84.0080990935064,41.9100065939868],[-84.0080969501261,41.9122872609888],[-84.012909965315,41.913396249709],[-84.0178584572284,41.9134068619258],[-84.0207106127471,41.9126215517809],[-84.0244469386774,41.9126003270843],[-84.0294738651932,41.9121864427554],[-84.0326112367129,41.9122023617159],[-84.0356701745285,41.9123297105829],[-84.0388503301102,41.9138472677007],[-84.0422800484576,41.9141921630771],[-84.0437830520989,41.9145254398441],[-84.0460021127345,41.9152321409725],[-84.0517420788038,41.9170892019699],[-84.057410740199,41.918978042807],[-84.0611328044759,41.9202619986008],[-84.063999221648,41.9212169909736],[-84.0713506557425,41.923689290808],[-84.0814045087742,41.9270951797175],[-84.084067709961,41.9279811045347],[-84.0921321827106,41.9307077689169],[-84.0950081777203,41.9316889010021],[-84.0977441765811,41.9326118745665],[-84.1003677863185,41.9335297966485],[-84.116674991706,41.9390196606945],[-84.1190708030603,41.9398152551294],[-84.1263024351336,41.9422162085306],[-84.126629701273,41.9424216815307],[-84.1284170791939,41.9435440845648],[-84.1332065100132,41.9464944746459],[-84.135672476198,41.9479632960295],[-84.137827299206,41.9493368526365],[-84.1382432389454,41.9496417818059],[-84.138666110984,41.9499447867157],[-84.1401142850535,41.9507718938162],[-84.1427421267541,41.9522727499095],[-84.1494973741474,41.9564780017311],[-84.1529377878366,41.9584708411555],[-84.1569070388352,41.9608303520285],[-84.1692687617482,41.9682061329195],[-84.1767101225926,41.972579779161],[-84.177846622581,41.9733537395904],[-84.1887276012072,41.9798525970055],[-84.1904602861002,41.9808703016812],[-84.200442834458,41.9868436926765],[-84.2020400426264,41.987824186538],[-84.2111669438793,41.9932669796029],[-84.2116224023048,41.9935138336575],[-84.2162651741709,41.9962399157202],[-84.2228201071372,42.0000887768457],[-84.2245861051543,42.0011467460868],[-84.2259631326533,42.0019587679149],[-84.2290927490172,42.0037007895652],[-84.233734634246,42.0063076495755],[-84.2370447212521,42.0081716987501],[-84.2397750670149,42.0081496227629],[-84.2431768576384,42.0081319615671],[-84.2445019220899,42.0099112615214],[-84.2460706078497,42.0119951417625],[-84.2461389408967,42.0120922707109],[-84.2476541499477,42.0142136057189],[-84.2508687675987,42.0160081861108],[-84.252892017062,42.0171427409455],[-84.2548172217002,42.0182728621122],[-84.2570989479117,42.0194713850887],[-84.2601768994686,42.0194868361307],[-84.2648175971247,42.0194934571466],[-84.267845041803,42.0214136955189],[-84.2707150252868,42.0232787000778],[-84.2724411740379,42.0243645701517],[-84.2748209414812,42.0258697507035],[-84.2764549904578,42.0269158517445],[-84.2792239592862,42.0286659366231],[-84.281986985759,42.0304071461505],[-84.2831605295748,42.031636334585],[-84.2851570397853,42.0337305375146],[-84.2870644191534,42.0357783315523],[-84.2887905679044,42.0376495338467],[-84.290706861255,42.0387969418702],[-84.2930539488867,42.0402863347115],[-84.296231567626,42.0422171309166],[-84.2962180596591,42.0443218631465],[-84.2962806389967,42.047439139822],[-84.2963183215263,42.0495239261145],[-84.2963220450431,42.0513619106509],[-84.2963597275726,42.0532249079425],[-84.2964230588002,42.055447472692],[-84.2964290011558,42.058037211945],[-84.2964527687815,42.060205540968],[-84.2964676242214,42.0622723341154],[-84.2964884211186,42.0642750946273],[-84.2965319049682,42.0664187767895],[-84.2965527755272,42.068323438017],[-84.2965850259442,42.0704539567895],[-84.2965537825386,42.0729846059545],[-84.2966111588341,42.0730809168917],[-84.2989446217179,42.075493927769],[-84.3011251931368,42.0774093736738],[-84.3035849600478,42.0773493647374],[-84.3081285489234,42.0773971718613],[-84.3117549578938,42.0774251100078],[-84.3154154130136,42.0774371111185],[-84.3185355305916,42.0774489795406],[-84.3225856757799,42.0774609146371],[-84.3266089595445,42.0774609146371],[-84.329586246789,42.0774689158178],[-84.3331750163491,42.077496719913],[-84.3341620851833,42.0782014869819],[-84.334286042811,42.0783239348456],[-84.3352874047397,42.079313095052],[-84.3353369917434,42.0816773970582],[-84.3353637606405,42.0841418166263],[-84.3354012212862,42.0865982057778],[-84.3354173909613,42.0890585016819],[-84.3354280809132,42.0904517700772],[-84.3354280809132,42.0922471087977],[-84.3354495497502,42.0945002096505],[-84.3374182076953,42.0961959145555],[-84.3394943050467,42.0979552969745],[-84.3416830502365,42.0998220759938],[-84.3439092551736,42.1017485180363],[-84.3442901408541,42.1042718748159],[-84.3446712061976,42.106596392772],[-84.3449581280993,42.1086016698986],[-84.3453579682323,42.1113959147636],[-84.3458299430826,42.114221289624],[-84.3460445497056,42.11598810157],[-84.3464200454944,42.1183039939771],[-84.3468492605372,42.1209938019332],[-84.3471818177537,42.1232219617366],[-84.3475787832777,42.125752458842],[-84.3479650588499,42.1283941806242],[-84.3483297748552,42.1306300739809],[-84.3487696798499,42.1331602745183],[-84.3491666444756,42.1361358955122],[-84.3495418707698,42.1384508516674],[-84.3498905078299,42.1407261575379],[-84.3502875631854,42.1431525127947],[-84.3506254186655,42.1453998088023],[-84.3510600235999,42.148243582104],[-84.3514516899621,42.150848601977],[-84.3518593445397,42.1533700037745],[-84.3522079807015,42.155768104698],[-84.3526478856961,42.1586312577123],[-84.3529751428525,42.1606711777529],[-84.3532486798565,42.1625281848983],[-84.3536402545905,42.164890049709],[-84.3543752570543,42.1671047476792],[-84.3550672293177,42.1692796858132],[-84.3552602772722,42.1711940968121],[-84.3561587722194,42.1729254989698],[-84.3572557050128,42.175129996129],[-84.3572638787836,42.176914946865],[-84.3572691797421,42.1787038420897],[-84.3572667542908,42.18073719105],[-84.3582404382273,42.1826233641431],[-84.3592905687944,42.1846576520838],[-84.3602544610943,42.1865248046756],[-84.3596471101307,42.1878068378179],[-84.3587143884729,42.1897758655796],[-84.3576382067625,42.1920473949037],[-84.3565458562753,42.19435298591],[-84.3553945745089,42.1967829419668],[-84.3554403885884,42.1987383809918],[-84.3554765906943,42.2002878861307],[-84.3555130631932,42.2018456728128],[-84.3555427066992,42.203116949079],[-84.3555969658407,42.2054334477014],[-84.3556549071765,42.2079133485965],[-84.3557103332296,42.2102808381559],[-84.3557675559132,42.2127209609173],[-84.3558266650589,42.2152475470152],[-84.355878586784,42.2174648708776],[-84.3559366188496,42.2199483588831],[-84.3560358817902,42.2220577476329],[-84.3561043343132,42.2235152805057],[-84.3562436630137,42.2264749445816],[-84.3563426564597,42.22857966061],[-84.3564283557378,42.2304031450682],[-84.3564781233029,42.2314605350576],[-84.3565704701141,42.2334234787919],[-84.356633352184,42.2347610289325],[-84.3567420483334,42.2370715776911],[-84.3568590089834,42.2395583506574],[-84.3569868518247,42.2404417667098]]},"properties":{"OBJECTID":48946,"ID":"138530","VOLTAGE":138,"STATUS":"IN SERVICE","OWNER":"CONSUMERS ENERGY CO","SUB_1":"UNKNOWN128620","SUB_2":"BEECHER","VOLT_CLASS":"100-161"}},{"type":"Feature","geometry":{"type":"LineString","coordinates":[[-90.1137480805486,42.6686249206363],[-90.1127308615585,42.669174576612],[-90.1093080072381,42.6692174068809],[-90.1040041885107,42.6692471510599],[-90.0944102019376,42.6681335629363],[-90.0760122090487,42.66837150889],[-90.0719480896679,42.668352472666],[-90.0657900449705,42.6680003126987],[-90.0555869161931,42.6681906698105],[-90.0421477197923,42.6680383840356],[-90.0268525447258,42.6678956167323],[-90.0193905549693,42.6678480271179],[-90.0132705817719,42.6680574196953],[-89.9957863021895,42.6681050091493],[-89.9878293838306,42.668200187948],[-89.9856212449122,42.6681240447886],[-89.9834892480955,42.6681240447886],[-89.9769504892958,42.668238258502],[-89.9594852450143,42.6682192228976],[-89.9473975828231,42.668352472666],[-89.9364996520892,42.6685333119353],[-89.9218136183287,42.6684762047154],[-89.9194912640118,42.6683334370966],[-89.9127907015614,42.6683334370966],[-89.898475865151,42.6685333119353],[-89.8980416132544,42.668538070978],[-89.8962451201284,42.6687819659798],[-89.8897491921032,42.6686927360349],[-89.8737615929207,42.6686844075655],[-89.8652145685567,42.6686463366243],[-89.8590446265716,42.6686713207234],[-89.8515671705209,42.6685761426461],[-89.8417078737151,42.6686475255572],[-89.8355688643185,42.6687902937756],[-89.8203593499025,42.668847400707],[-89.8112317371839,42.6688378826685],[-89.8037697483257,42.6688093298656],[-89.7963363106222,42.6687998118213],[-89.7898796434664,42.6688688159578],[-89.7854895380454,42.6691543517107],[-89.7768937360597,42.6689758921014],[-89.7734375677171,42.6689164047906],[-89.7630690671807,42.6687974319798],[-89.7526351306641,42.6687141506786],[-89.7463652511036,42.6687141506786],[-89.7420643753398,42.6687260485803],[-89.7309641889196,42.6686070760656],[-89.725152355831,42.6684762047154],[-89.7207681990538,42.668375077686],[-89.7124043941768,42.6683215397803],[-89.7025855476099,42.6684440816335],[-89.6975315728209,42.6682822790164],[-89.6953139144554,42.6684440816335],[-89.6915448485262,42.6686820290406],[-89.690612099919,42.6687867250035],[-89.6740034621429,42.6689199748763],[-89.6698917536116,42.6688723847252],[-89.6673028996926,42.6688152778168],[-89.6606784811407,42.6687010638427],[-89.6594982682322,42.6688438319381],[-89.6561670223079,42.6688247958587],[-89.6437462360633,42.6687391360714],[-89.6415190609457,42.668710581902],[-89.63944417093,42.6688152778168],[-89.6290792376036,42.6687676889066],[-89.6228164969547,42.6688152778168],[-89.618911800689,42.6689390096055],[-89.6177280196722,42.6692007507421]]},"properties":{"OBJECTID":48022,"ID":"137439","VOLTAGE":138,"STATUS":"IN SERVICE","OWNER":"AMERICAN TRANSMISSION CO","SUB_1":"DARLINGTON","SUB_2":"NORTH MONROE","VOLT_CLASS":"100-161"}},{"type":"Feature","geometry":{"type":"LineString","coordinates":[[-85.5745641910142,43.1076895327316],[-85.5742409457339,43.1078908195224],[-85.5749492323011,43.108088635003],[-85.5811289048373,43.108088635003],[-85.5832870372388,43.1081268101574],[-85.5856258046743,43.1081233388551],[-85.5876318217555,43.1081163975615],[-85.5900609085046,43.1081129275703],[-85.5923046063352,43.1081545726986],[-85.5949856327922,43.1082100997108],[-85.5997107056097,43.1082760379314],[-85.6022586331827,43.108307271697],[-85.6047590228091,43.1083315648334],[-85.6072689211028,43.1083732098129],[-85.6112096505912,43.1083385061026],[-85.6140855755323,43.108220510979],[-85.6180405657758,43.1082413335101],[-85.6226563073349,43.1082309229013],[-85.6308752723471,43.1082899198256],[-85.6374352322858,43.1083280935428],[-85.6430587344734,43.1084460891147],[-85.6467190018452,43.1085293788896],[-85.649951446563,43.1094945790973],[-85.6524090548224,43.1102632586977],[-85.6543461450701,43.1108775005425],[-85.6568156371424,43.111632281642],[-85.6593041438542,43.112397463991],[-85.6607444828178,43.1129058446174],[-85.662142039516,43.1129596327889],[-85.663413625462,43.1129908635087],[-85.6639836738834,43.1124502597546],[-85.6638571461756,43.1090543805881],[-85.6638102810673,43.1030626758136],[-85.6653889309402,43.1016441101149],[-85.665318867738,43.0980950818103],[-85.6653604633289,43.0963464827397],[-85.6653248154834,43.0939907748592],[-85.665306989315,43.0905669539504],[-85.6653247508048,43.0848268086837],[-85.66530167578,43.0817182550223],[-85.6650994362635,43.0801030460448],[-85.6651405287979,43.076722022154],[-85.6635973596837,43.0755222489945],[-85.6636295400321,43.071771136066],[-85.663547524745,43.0667087910911],[-85.6635544408743,43.0646270745877],[-85.6635114403183,43.0627510476878],[-85.6638082652478,43.0614459635653],[-85.6696402538364,43.0615840458016],[-85.6746445679599,43.0615526779417],[-85.682335505943,43.0615495275689],[-85.6849906950558,43.0615417179251],[-85.6879517102172,43.0615182220424],[-85.6904624816734,43.0615025351442],[-85.696245434824,43.0614868488983],[-85.7047314267493,43.0614470885129],[-85.7046765307023,43.0545429190211],[-85.7046565746282,43.0506273191178],[-85.7050863951355,43.0487272239019],[-85.7058266931679,43.0454028806924],[-85.7070319843441,43.0400328416808],[-85.7073698811467,43.038311834619],[-85.7077251037561,43.0365609337607],[-85.70769820101,43.0348935271515],[-85.7076284899473,43.0329936898657],[-85.7076040530766,43.0312181835376],[-85.7075745550977,43.0296956427449],[-85.7073824863067,43.0289463898152],[-85.7077910598609,43.0285431345491]]},"properties":{"OBJECTID":48069,"ID":"137497","VOLTAGE":138,"STATUS":"IN SERVICE","OWNER":"CONSUMERS ENERGY CO","SUB_1":"UNKNOWN128769","SUB_2":"UNKNOWN132686","VOLT_CLASS":"100-161"}},{"type":"Feature","geometry":{"type":"LineString","coordinates":[[-86.5541730494711,41.9767904506006],[-86.5521853616149,41.9765192789813],[-86.5491667258162,41.9767845390418],[-86.5390549170757,41.9766714967363],[-86.5301912257942,41.9766432471477],[-86.52292886505,41.9754277610159],[-86.5096608875425,41.9750247206657],[-86.493010046016,41.9744238038042],[-86.4892604474774,41.9746431329348],[-86.4854113111137,41.9748480379246],[-86.4808983215517,41.9749751795846],[-86.4716676082896,41.974826763809],[-86.4625476770649,41.9749183870432],[-86.4600367591833,41.9729959250713],[-86.4601029362736,41.9695658706196],[-86.4602550506957,41.9610546951142],[-86.4603691034991,41.9548209406962],[-86.4607392588035,41.9518987295557],[-86.462592099654,41.9458848446478],[-86.4651988237589,41.9381220167964],[-86.465122738251,41.9226053390299],[-86.4651607630387,41.9077361056665],[-86.4657028549901,41.9016630356145],[-86.464951559782,41.8951223818936],[-86.4648660464552,41.8916426097165],[-86.4650276686462,41.8712357620477],[-86.4648375069786,41.8616130330369],[-86.464685405133,41.8584198970244],[-86.4646378797629,41.845916713787],[-86.4650464308592,41.842540498723],[-86.4657026798186,41.8370278176551],[-86.465686038528,41.824859201148],[-86.4657929649963,41.8128371106724],[-86.4663413083238,41.8100398758524],[-86.467446614314,41.8049211735734],[-86.4684882638865,41.7987995650679],[-86.4685096698414,41.7954110755046],[-86.4686022951304,41.792802870531],[-86.4700282008623,41.7808153269524],[-86.4706627968302,41.7755033729898],[-86.472545353052,41.7602390608755],[-86.4726081120527,41.7596122415706],[-86.4735973997256,41.7513669055188],[-86.4734871521857,41.7293378555404],[-86.4819758785828,41.7191359165095],[-86.4820591595961,41.7065307215044],[-86.4834086321721,41.7062915859577],[-86.4837720222641,41.7064782808042]]},"properties":{"OBJECTID":48084,"ID":"137517","VOLTAGE":345,"STATUS":"IN SERVICE","OWNER":"INDIANA MICHIGAN POWER CO","SUB_1":"COOK","SUB_2":"OLIVE","VOLT_CLASS":"345"}},{"type":"Feature","geometry":{"type":"LineString","coordinates":[[-89.6191601372544,42.3160790339348],[-89.61899428849,42.3160107441189],[-89.6190656722157,42.3169066110436],[-89.6181519589093,42.3179880758432],[-89.6180905635512,42.3184155595427]]},"properties":{"OBJECTID":48094,"ID":"137529","VOLTAGE":138,"STATUS":"IN SERVICE","OWNER":"COMMONWEALTH EDISON CO","SUB_1":"UNKNOWN121925","SUB_2":"TAP137876","VOLT_CLASS":"100-161"}},{"type":"Feature","geometry":{"type":"LineString","coordinates":[[-89.6560992947254,44.8472637327723],[-89.6559235797642,44.8463839505836],[-89.6544387966519,44.8458699871301],[-89.6539819395495,44.8466980397217],[-89.6532252715177,44.8487538937879],[-89.6515263372282,44.8511381138952],[-89.6504127487711,44.8522374250898],[-89.6487423665346,44.8547929655931],[-89.6465722991162,44.858562031661],[-89.6484690846521,44.8591848055472]]},"properties":{"OBJECTID":48143,"ID":"137583","VOLTAGE":345,"STATUS":"IN SERVICE","OWNER":"AMERICAN TRANSMISSION CO","SUB_1":"WESTON","SUB_2":"GARDNER PARK","VOLT_CLASS":"345"}},{"type":"Feature","geometry":{"type":"LineString","coordinates":[[-84.3349974492272,42.0739346280935],[-84.3347453630939,42.0753410656138],[-84.3342484447231,42.0782271157947],[-84.3331788871896,42.0774526567508],[-84.3321478323476,42.0774454236816],[-84.3310069692418,42.0774454236816],[-84.3294924734531,42.0774332518805],[-84.3250614659406,42.0774108685623],[-84.3226472975134,42.0774173735275],[-84.3203381241767,42.0773949995384],[-84.3187073226099,42.0773909989435],[-84.317153686326,42.0773947995086],[-84.3155826227256,42.077388998646],[-84.3139652060566,42.0773809981219],[-84.3123283857773,42.0773708639455],[-84.3108994356549,42.0773570618868],[-84.3094617718742,42.0773491940453],[-84.3081896676004,42.0773469937165],[-84.3048806325215,42.0773192555657],[-84.3038686812522,42.0773131879894],[-84.3033724518893,42.0773230561351],[-84.3022734529707,42.0773351919519],[-84.301157654658,42.0773451927807],[-84.3001180379729,42.0764553235473],[-84.29930560163,42.0757268669494],[-84.2989635231698,42.075426481019],[-84.2966586141357,42.0730726737721],[-84.2965987863378,42.0729777091162],[-84.2966299435051,42.0704539221139],[-84.2965976894948,42.0683231145893],[-84.2965768180375,42.0664183899985],[-84.2965333341878,42.0642747151591],[-84.2965125390873,42.0622721166979],[-84.2964976836475,42.0602053155401],[-84.2964739160217,42.0580370478705],[-84.2964679736661,42.0554470918371],[-84.2964046370486,42.0532243049567],[-84.296366959909,42.0513616351637],[-84.2963632372905,42.0495236766346],[-84.2963255502693,42.0474386675291],[-84.2962629772199,42.0443216936997],[-84.2962765848998,42.0422013845208],[-84.2930827623494,42.0402607426197],[-84.2907355507502,42.0387712711194],[-84.2888238927065,42.0376266381157],[-84.2871014144717,42.0357594136792],[-84.2851938374743,42.0337114075218],[-84.2831971772451,42.0316170458243],[-84.2820203536802,42.030384421965],[-84.2792530413452,42.0286405106747],[-84.2764842054675,42.0268905085082],[-84.2748501627791,42.025844411054],[-84.2724702462154,42.0243391358098],[-84.2707443256365,42.023253410113],[-84.267874411323,42.0213884488577],[-84.2648341997878,42.0194601118054],[-84.2601770953014,42.0194534680953],[-84.2571133586855,42.0194380877869],[-84.2548441289379,42.0182461279334],[-84.2529194731703,42.0171163286452],[-84.2508957880241,42.015981529067],[-84.2476891330398,42.0141913936706],[-84.2461786814666,42.0120767190895],[-84.2461101193492,42.0119792630655],[-84.2445411730779,42.0098950365525],[-84.2432032348701,42.0080984500704],[-84.2397746654679,42.0081162501141],[-84.2370718494754,42.0081450998312],[-84.2337617391131,42.0062810365269],[-84.2291197541712,42.0036741186852],[-84.2259905618122,42.0019323326203],[-84.2246141595406,42.0011206789517],[-84.2228481246926,42.0000626879146],[-84.2162930192497,41.9962137237333],[-84.2116495664607,41.9934872406283],[-84.2111942445791,41.9932404605796],[-84.202068399745,41.9877982948942],[-84.2004712203226,41.9868178179945],[-84.1904882919775,41.9808441975266],[-84.1887555900165,41.9798264830847],[-84.1778758887946,41.9733283850307],[-84.1767392576522,41.9725543347991],[-84.1692967451676,41.9681800095478],[-84.1569351165778,41.9608042830794],[-84.1529656131525,41.9584446196019],[-84.1495255983153,41.9564520118338],[-84.1427702332428,41.9522466848086],[-84.1401416423472,41.9507453998528],[-84.1386954625376,41.949919431525],[-84.1382745865556,41.9496178575792],[-84.1378577161615,41.9493122461551],[-84.1357011369471,41.9479375685736],[-84.1332345868574,41.9464683984964],[-84.1284446332186,41.9435176651053],[-84.1266562698459,41.9423946428693],[-84.1263309880849,41.9421852756026],[-84.1190892436765,41.9397847901198],[-84.1166934071693,41.938989186618],[-84.100386604227,41.9334994556086],[-84.0977630097611,41.9325815391045],[-84.0950268141692,41.9316584976034],[-84.0921508362275,41.9306773710653],[-84.0840861685435,41.9279506398871],[-84.0814229817297,41.9270647199935],[-84.0713692122413,41.9236588568614],[-84.0640176496877,41.9211865130699],[-84.0611514292467,41.9202315857456],[-84.0574293649698,41.9189476300083],[-84.0517602121961,41.9170586238329],[-84.0460199038687,41.9152014509802],[-84.0437983522048,41.914493956701],[-84.0422895265822,41.9141593876014],[-84.0388662015447,41.9138151357957],[-84.0356844766061,41.9122968285281],[-84.0326126452713,41.9121689427908],[-84.0294715412516,41.912153005104],[-84.0244442913422,41.9125669157211],[-84.020702403942,41.9125881725164],[-84.0178504765954,41.9133734195658],[-84.0129168230538,41.9133628400994],[-84.0081418892465,41.9122626248358],[-84.0081440101689,41.9100062971632],[-84.0080743826496,41.9071993797626],[-84.0080099716471,41.904716007946],[-84.0079348751843,41.9021688597395],[-84.007897293266,41.9004705997329],[-84.0082670335488,41.8984406559642],[-84.0085625577177,41.8968086987746],[-84.0084766311658,41.8950889259432],[-84.0084069299846,41.8934200460267],[-84.0083647001831,41.8920808438742],[-84.0102350968092,41.8914664147189],[-84.0102681817611,41.8908132485882],[-84.0103673899045,41.8904996851191]]},"properties":{"OBJECTID":48148,"ID":"137588","VOLTAGE":138,"STATUS":"IN SERVICE","OWNER":"CONSUMERS ENERGY CO","SUB_1":"UNKNOWN128622","SUB_2":"BEECHER","VOLT_CLASS":"100-161"}},{"type":"Feature","geometry":{"type":"LineString","coordinates":[[-85.8550008106711,42.8467049200775],[-85.854980845614,42.8465299618985],[-85.8549770430454,42.8464003107988],[-85.8552451461402,42.8463933405568],[-85.8552568107642,42.846171026769]]},"properties":{"OBJECTID":48166,"ID":"138194","VOLTAGE":138,"STATUS":"IN SERVICE","OWNER":"NOT AVAILABLE","SUB_1":"UNKNOWN128762","SUB_2":"TAP139025","VOLT_CLASS":"100-161"}},{"type":"Feature","geometry":{"type":"LineString","coordinates":[[-88.9460426807692,42.2923998516594],[-88.9459417155211,42.2932737555753],[-88.9455712287384,42.36278999613],[-88.9596258429739,42.3626059487742],[-88.9596308609631,42.362808213656],[-88.9598153866006,42.3770008745863],[-89.0098597225951,42.3764144407388],[-89.0096718875642,42.3622132486704],[-89.0096704475648,42.3620011926338],[-89.0424455903003,42.3612534848547],[-89.0437279695044,42.3612852385246],[-89.0474352636814,42.3612305547363],[-89.0498563132036,42.3611734700224],[-89.0522965866729,42.36110934856],[-89.0548086355334,42.3610525299107],[-89.0574858845747,42.3611321831389],[-89.0602331114783,42.3610908298505],[-89.0630062116586,42.3610666677023],[-89.0657825448757,42.3610583711508],[-89.0685439660591,42.3610143627031],[-89.0709870243058,42.3609864840324],[-89.0731992155245,42.3611639780242],[-89.0754165271403,42.3613011797397],[-89.0775566725748,42.3614453521019],[-89.07868603455,42.3613719387462],[-89.0802912350295,42.361174730533],[-89.083018160906,42.3609082909331],[-89.0858184791412,42.3608828675343],[-89.0875510553381,42.360872125596]]},"properties":{"OBJECTID":48189,"ID":"137642","VOLTAGE":345,"STATUS":"IN SERVICE","OWNER":"COMMONWEALTH EDISON CO","SUB_1":"TAP136941","SUB_2":"TAP137873","VOLT_CLASS":"345"}},{"type":"Feature","geometry":{"type":"LineString","coordinates":[[-88.0565654895388,42.7781494897384],[-88.0568355590458,42.7780626396384],[-88.0571567858116,42.7780804857219],[-88.0573055019069,42.7705138001163],[-88.0571984263183,42.7651540635725],[-88.0571389398801,42.7579680916013],[-88.0571924776744,42.7462076059865],[-88.0571210939487,42.7398187528943],[-88.0569485832782,42.7330610838742],[-88.056912890517,42.7280463698337],[-88.0430168388105,42.7235908288409],[-88.0325055699244,42.7202298398054],[-88.0275741370182,42.7166784950473],[-88.0274016263476,42.7132163785063],[-88.0273778308741,42.708594276012],[-88.027419472279,42.702455266101],[-88.0249924220107,42.6987849480616],[-88.0232137748162,42.6960485680408],[-88.022315527804,42.6947339146935],[-88.0222738881956,42.6919796886506],[-88.022839010256,42.6856384256236],[-88.0229758290637,42.6841215189759],[-88.0229758290637,42.6812483197767],[-88.0223214773461,42.6797611566917],[-88.0222322467907,42.6732890228697],[-88.0222084522154,42.6698031126684],[-88.0222322467907,42.6664897129595],[-88.0222441440783,42.6635867707114],[-88.0195910453451,42.6635808215993],[-88.0170093303377,42.663610564512],[-88.014909455479,42.6641935329006],[-88.0133033198533,42.6643660439914],[-88.013038802833,42.6642329660121]]},"properties":{"OBJECTID":48191,"ID":"137644","VOLTAGE":138,"STATUS":"IN SERVICE","OWNER":"AMERICAN TRANSMISSION CO","SUB_1":"PARIS","SUB_2":"RAYMOND","VOLT_CLASS":"100-161"}},{"type":"Feature","geometry":{"type":"LineString","coordinates":[[-83.6915863700928,43.369239351938],[-83.6918600077081,43.3695106111403],[-83.6928117916162,43.3695106111403],[-83.6927927563154,43.3745931386812],[-83.6937628146513,43.4163338348997],[-83.6937342617,43.4194176157112],[-83.6943410242671,43.4222729687266],[-83.6947693266215,43.4386555581512],[-83.6707843597395,43.4386555581512],[-83.6641456642628,43.4397263161014],[-83.6653829839722,43.4628784709953],[-83.6660730266543,43.4868396438279],[-83.6619565597469,43.4905753968907],[-83.657173842936,43.4940018208805],[-83.649535772604,43.4992842247005],[-83.6488695235988,43.50104502602],[-83.6471801069597,43.5029010050027],[-83.6270498666574,43.522174639761],[-83.6025751248078,43.5407161106262],[-83.5745063331008,43.5518576299216],[-83.5708994526063,43.5581786610876],[-83.5485398875179,43.5997864458186],[-83.5448133882585,43.6070250321024],[-83.5106950827135,43.6389595041326],[-83.4906591619227,43.6531163789621],[-83.4830210915908,43.6588032907902],[-83.4494527508324,43.6838825899715],[-83.3750882793368,43.7131728020443],[-83.3579090316922,43.7201695896218],[-83.3519126549999,43.720428193866],[-83.3370002898051,43.7267681248257],[-83.3221835565606,43.7352560671505],[-83.3220221400838,43.7378501779643],[-83.3222558484831,43.7585739217878],[-83.3223877876422,43.7644750617441],[-83.2947104368203,43.764920361983],[-83.2930204066318,43.7650179538342],[-83.2671956523187,43.7654956540828],[-83.2589708222061,43.7686943650229],[-83.2388477235102,43.7763101036326],[-83.2365436921302,43.7781199165167],[-83.2195670639896,43.7921099716984],[-83.1865138261982,43.8020467546921],[-83.1673543422229,43.8078225189636],[-83.1495314912031,43.8084059387151],[-83.1422597188097,43.8086758936208],[-83.1285778640946,43.8094608848518],[-83.1214412010148,43.8097465521151],[-83.1193921851742,43.8102126380452],[-83.1194082192038,43.8118574259543],[-83.1180944034563,43.8117878108195]]},"properties":{"OBJECTID":48240,"ID":"137699","VOLTAGE":345,"STATUS":"IN SERVICE","OWNER":"THUMB ELECTRIC COOP OF MICH","SUB_1":"BAUER","SUB_2":"UNKNOWN145627","VOLT_CLASS":"345"}},{"type":"Feature","geometry":{"type":"LineString","coordinates":[[-88.8254059997683,43.487398000079],[-88.8248523509908,43.4869731156722],[-88.8247928645526,43.4879189520827],[-88.8189398410133,43.4879818995617],[-88.8173951618311,43.4877235481118],[-88.8138838719643,43.4853476345887],[-88.8146147197199,43.4846174495388],[-88.8149418960278,43.483689459613],[-88.8149121528088,43.4789186410157],[-88.8148883582336,43.4773125048673],[-88.8098199951286,43.4773139278769],[-88.8098379515528,43.4758610325395],[-88.8091916280789,43.4758701835649]]},"properties":{"OBJECTID":48262,"ID":"137731","VOLTAGE":138,"STATUS":"IN SERVICE","OWNER":"AMERICAN TRANSMISSION CO","SUB_1":"NORTH BEAVER DAM","SUB_2":"BEAVER DAM EAST","VOLT_CLASS":"100-161"}},{"type":"Feature","geometry":{"type":"LineString","coordinates":[[-87.8347607712091,42.8424024419554],[-87.8358690748774,42.8432317426546],[-87.8364222996502,42.8431425125985],[-87.8367673218896,42.8437849678388],[-87.8371004468413,42.8441240407386],[-87.8394680097732,42.8435886615905],[-87.8402889235175,42.8433388189471],[-87.8407588681753,42.8421371908204],[-87.8397535455745,42.8397458329824],[-87.8380819739686,42.8382170286012],[-87.8368506029029,42.8367298655314],[-87.836660246301,42.8353854699481],[-87.83579769205,42.833547336956],[-87.8331267464871,42.8280448330692],[-87.8322106535435,42.8262066985106],[-87.8304320072473,42.822554226927],[-87.8295813502839,42.8208291181435],[-87.8278681381712,42.8173015670923],[-87.8261668233462,42.8138453997588],[-87.8235970047281,42.8085332529078],[-87.820943905995,42.8031973115541],[-87.8184811638638,42.7980993157687],[-87.8168095931561,42.7946847901171],[-87.8159827298697,42.7930370126212],[-87.815048791893,42.7911155976953],[-87.814311159162,42.789568948986],[-87.8128180468704,42.7864697011292],[-87.8120982600709,42.7849646918996],[-87.8103969452459,42.7815620615615],[-87.8110512969635,42.7801938717533],[-87.8131095313155,42.7802533586087],[-87.8136266851364,42.7806770729723]]},"properties":{"OBJECTID":48290,"ID":"137757","VOLTAGE":138,"STATUS":"IN SERVICE","OWNER":"AMERICAN TRANSMISSION CO","SUB_1":"ST. RITA","SUB_2":"OAK CREEK STATION","VOLT_CLASS":"100-161"}},{"type":"Feature","geometry":{"type":"LineString","coordinates":[[-86.6448288369534,46.4087485720627],[-86.6435779769377,46.407259351743]]},"properties":{"OBJECTID":48295,"ID":"137764","VOLTAGE":138,"STATUS":"NOT AVAILABLE","OWNER":"NOT AVAILABLE","SUB_1":"MUNISING","SUB_2":"NOT AVAILABLE","VOLT_CLASS":"100-161"}},{"type":"Feature","geometry":{"type":"LineString","coordinates":[[-84.6453645399657,43.4139358391007],[-84.6466318059134,43.4134728195804],[-84.6517895100667,43.4134809646837],[-84.6518017271545,43.4151170537199],[-84.6555541823358,43.415119956827],[-84.6617216449707,43.4151229578135],[-84.6678563936578,43.4151436430171],[-84.6760156341783,43.4151406407267],[-84.6810284095335,43.415146514149],[-84.6818331140768,43.4151437950566],[-84.6818210604823,43.4098811209858],[-84.6818169291303,43.403684434792],[-84.6818290500984,43.402799363039],[-84.6805402317704,43.4007323565373],[-84.6787650062588,43.397833748591],[-84.6782963848194,43.3970469688439],[-84.6765341597266,43.3970386785838],[-84.6741014321057,43.3970587178917],[-84.671570993833,43.3970161066952]]},"properties":{"OBJECTID":48313,"ID":"137788","VOLTAGE":138,"STATUS":"IN SERVICE","OWNER":"WOLVERINE POWER SUPPLY COOP","SUB_1":"TAP140108","SUB_2":"REGAL","VOLT_CLASS":"100-161"}},{"type":"Feature","geometry":{"type":"LineString","coordinates":[[-87.95866064087,43.3722839926793],[-87.9592638335321,43.3726087885391],[-87.9600419182986,43.3721079125784],[-87.9626176846622,43.3721019638071],[-87.9687091049083,43.3720603236977],[-87.9808681508252,43.3720008365648],[-87.9899517425017,43.371971093956],[-87.9953650164549,43.371959197039],[-87.9985059048789,43.3707754150286],[-88.0083449770144,43.3669206876462],[-88.0145315746632,43.3644876890543],[-88.01450892005,43.3625203068531],[-88.0142945793283,43.3518508918001],[-88.0147824732237,43.3491020269975],[-88.0147587594968,43.3462327880691],[-88.0145924256422,43.3386764510794],[-88.013999601335,43.3359578430428],[-88.0148893745391,43.3333721255854],[-88.014806347749,43.3277322259272],[-88.0147468649041,43.3220694118972],[-88.0147052270924,43.3200648490213],[-88.0146576433318,43.3164543855252],[-88.0145089389146,43.3111724199487],[-88.0144673082894,43.3092752439965],[-88.0144019028519,43.3075093239025],[-88.0142055967078,43.3024172696441],[-88.0140152383092,43.2972597156363],[-88.0138842657374,43.2937294419308],[-88.0139497187856,43.2900105489737],[-88.0138843070599,43.2862523348423],[-88.0138367152145,43.2810112066555],[-88.0138010224533,43.2774777000827],[-88.0137534377944,43.2721423057792],[-88.0136404171552,43.2667767705648],[-88.0135630650227,43.2602732346959],[-88.0135868542081,43.2583106328306],[-88.0135035956526,43.2543440346841],[-88.0133667696584,43.2418332986015],[-88.0133310679141,43.2364184846904],[-88.0134679019931,43.2295351440597],[-88.0135154830588,43.223878967573],[-88.0135154830588,43.2182700175732],[-88.0134916875852,43.2125474926008],[-88.0134857389414,43.2087877366143],[-88.0134857389414,43.203287081519],[-88.011368048694,43.1981415708485],[-88.0113620695074,43.1942127676414],[-88.0113926068372,43.192221695882],[-88.0139156474835,43.1904484260838],[-88.0140866067636,43.1849659706841],[-88.0143424092273,43.1775477017789],[-88.0145387252528,43.1722709895575],[-88.0147469376677,43.1670180610811],[-88.0148955756095,43.1635280287743],[-88.0149074728971,43.1596198956741],[-88.0151019716309,43.1547515436052],[-88.0126970872922,43.1525988800284],[-88.010338581175,43.1503657620736],[-88.0089536485015,43.148338886051],[-88.0064268915248,43.1461250221054],[-88.0037735583313,43.1448043857605],[-88.0030580564958,43.1394531537518],[-88.00298011956,43.1377565416093],[-88.003426231015,43.1343363628776],[-88.0032485945574,43.1309122855228],[-88.0064182497318,43.1309921415852],[-88.0073099111946,43.1307889259956],[-88.0081936459233,43.1302905068379]]},"properties":{"OBJECTID":48431,"ID":"137934","VOLTAGE":345,"STATUS":"IN SERVICE","OWNER":"AMERICAN TRANSMISSION CO","SUB_1":"CEDARSAUK","SUB_2":"GRANVILLE","VOLT_CLASS":"345"}},{"type":"Feature","geometry":{"type":"LineString","coordinates":[[-86.4450612729668,43.8939362319674],[-86.4444481503275,43.8939556245681],[-86.4430621396757,43.8926895289596],[-86.4421507988199,43.8911584338353],[-86.4414072345132,43.8899376868136]]},"properties":{"OBJECTID":48441,"ID":"137949","VOLTAGE":345,"STATUS":"NOT AVAILABLE","OWNER":"WOLVERINE POWER SUPPLY COOP","SUB_1":"LUDINGTON","SUB_2":"NOT AVAILABLE","VOLT_CLASS":"345"}},{"type":"Feature","geometry":{"type":"LineString","coordinates":[[-86.2002559400839,42.9100380526689],[-86.1998105050604,42.9093740249516],[-86.1959921108424,42.9094778856023],[-86.1933161185442,42.9095671046656],[-86.1915264948352,42.9091758849472],[-86.1889927965763,42.9086497806508],[-86.1863074626975,42.9081395946821],[-86.1839897203313,42.9076648040885],[-86.1819832433126,42.9072502785954],[-86.1793771408419,42.9066856007225],[-86.1766627006496,42.9061588829813],[-86.1743370531088,42.9056911170068],[-86.1718699200125,42.9051801169509],[-86.1693186138758,42.9046941168308],[-86.1642025367545,42.9036557409823],[-86.1624734172748,42.903316243549],[-86.1617104646293,42.9031438837622],[-86.1607942099889,42.9031621635809],[-86.15421285757,42.9032692366215],[-86.1533901373137,42.903193716983],[-86.1514785205925,42.9032739901548],[-86.1515175694596,42.9033110208512],[-86.1488793252679,42.9033319129555],[-86.1463836877294,42.9033710861255],[-86.1413032836063,42.9034311506831],[-86.136976119544,42.9034127057817],[-86.1334919399341,42.903342359005],[-86.1306789994709,42.9033136325292],[-86.1258445944968,42.9033240785818],[-86.1207962772974,42.9033188558847],[-86.1186856810458,42.9033293019364],[-86.1169779522497,42.9025928486528],[-86.1146070969922,42.9015586666215],[-86.1121578071324,42.9004957401119],[-86.1102361670093,42.8991794598767],[-86.1026565599343,42.8939323437819],[-86.1004390084683,42.8924278615649],[-86.0970306808044,42.8900561385654],[-86.0953443435901,42.8889224860028],[-86.0922354926824,42.8867596057214],[-86.090288895564,42.8854169099017],[-86.0895544653271,42.8849101268504],[-86.0792795710399,42.877804266746],[-86.0788267904923,42.877498591705],[-86.0772652346609,42.8763986730317],[-86.075621679712,42.8752517051514],[-86.0738283854867,42.8739636269456],[-86.0733470852255,42.8736579328797],[-86.0719602238691,42.8726938120215],[-86.0703166680218,42.8715206457035],[-86.0693990003316,42.8705549995936]]},"properties":{"OBJECTID":48458,"ID":"137967","VOLTAGE":138,"STATUS":"IN SERVICE","OWNER":"NOT AVAILABLE","SUB_1":"UNKNOWN128736","SUB_2":"TAP145859","VOLT_CLASS":"100-161"}},{"type":"Feature","geometry":{"type":"LineString","coordinates":[[-83.100648343596,42.4470378208462],[-83.0894624965253,42.4470199751058]]},"properties":{"OBJECTID":52125,"ID":"140250","VOLTAGE":120,"STATUS":"IN SERVICE","OWNER":"NOT AVAILABLE","SUB_1":"TAP145621","SUB_2":"TAP145622","VOLT_CLASS":"100-161"}},{"type":"Feature","geometry":{"type":"LineString","coordinates":[[-83.4412183132378,42.4871074131542],[-83.4415427945999,42.4873633160904],[-83.4426363155918,42.4878535326818],[-83.4458703125984,42.4873619249636],[-83.4486542814954,42.4869764531289],[-83.4519379382692,42.4864672478012],[-83.4557179861027,42.4859120340397],[-83.4582843830379,42.4861374676498],[-83.4609526489264,42.4863573358512],[-83.4635341375583,42.4865744865736],[-83.4659482700529,42.4867757391278],[-83.4671899205403,42.4868564907706],[-83.4687146319703,42.4869594355659],[-83.4720359730703,42.4871486297467],[-83.4753528225939,42.4874314925282],[-83.4782691133322,42.487668247693],[-83.4813996522659,42.4879296458861],[-83.4846371805498,42.4882072719202],[-83.4873910558848,42.4884713831598],[-83.4899234066707,42.4887353607988],[-83.4921789865176,42.4908096497043],[-83.4962913840568,42.4906871709298],[-83.4989492285896,42.4913050596587],[-83.5007802655316,42.4917133620968],[-83.5033717245649,42.4922768585503],[-83.5073401230623,42.4923966846599],[-83.5100386621758,42.4929736888744],[-83.5117515697596,42.4933411766216],[-83.5150295222313,42.4940325636479],[-83.517071033546,42.4944707865713],[-83.5195997012393,42.4950069696018],[-83.5225935165867,42.4956479317997],[-83.5249967785679,42.4963856575466],[-83.5262937095813,42.4967810177806]]},"properties":{"OBJECTID":52136,"ID":"175312","VOLTAGE":120,"STATUS":"IN SERVICE","OWNER":"NOT AVAILABLE","SUB_1":"TAP138720","SUB_2":"TAP167209","VOLT_CLASS":"100-161"}},{"type":"Feature","geometry":{"type":"LineString","coordinates":[[-89.1835289997561,44.3741200000404],[-89.1834760000527,44.3767979999231],[-89.1834440002656,44.3777539999119],[-89.1833410003335,44.3819550000828],[-89.1833320001126,44.3861509995803],[-89.1833379999604,44.3876269996773],[-89.1833110001963,44.3919769997183],[-89.183281000059,44.3945199995359],[-89.1832190001347,44.397525000045],[-89.1831639998831,44.4006389997694]]},"properties":{"OBJECTID":52373,"ID":"120394","VOLTAGE":138,"STATUS":"IN SERVICE","OWNER":"NOT AVAILABLE","SUB_1":"TAP144266","SUB_2":"TAP144268","VOLT_CLASS":"100-161"}},{"type":"Feature","geometry":{"type":"LineString","coordinates":[[-89.1831639998831,44.4006389997694],[-89.1831129998295,44.4100139998909],[-89.1837759996284,44.4183399998466],[-89.1838600001923,44.419885999959],[-89.1838889996063,44.4240890001252],[-89.183894999454,44.4258559996298],[-89.1798289998993,44.4275599998806],[-89.1789489994672,44.4281989996776],[-89.1780270001006,44.4293180000681],[-89.1742789996648,44.4316289999495],[-89.1696599999161,44.4344629996804],[-89.1635449997922,44.4382349997028],[-89.1636489995493,44.4453459998467],[-89.163987999483,44.4499599995347],[-89.1640000000768,44.4553459997988],[-89.163995000054,44.4566070001476],[-89.1639089998403,44.4572110001556],[-89.153749000078,44.4573249998172],[-89.1540639997222,44.4643660000765],[-89.1526360000173,44.4661269997734],[-89.1514519998116,44.4677680001567],[-89.1493439996912,44.4715960000497],[-89.1494330002779,44.4774909999406],[-89.148911999871,44.4833209996215],[-89.1485410001503,44.487773999839],[-89.1483589996771,44.489948000001],[-89.1483770001188,44.4912710000884],[-89.1484690001803,44.4926489999232],[-89.1487069998316,44.4948609999221],[-89.1491889998805,44.5000909996093],[-89.1491639997661,44.5008369999023],[-89.1396379994903,44.5010050001494],[-89.1294080003061,44.5010470001355],[-89.12940199956,44.5026830000931],[-89.1293959997122,44.5032959997173],[-89.1294109997808,44.504178000057],[-89.1299179945542,44.50457377298]]},"properties":{"OBJECTID":52376,"ID":"138524","VOLTAGE":138,"STATUS":"IN SERVICE","OWNER":"AMERICAN TRANSMISSION CO","SUB_1":"TAP144266","SUB_2":"IOLA","VOLT_CLASS":"100-161"}},{"type":"Feature","geometry":{"type":"LineString","coordinates":[[-84.4114678951423,42.2702000181162],[-84.410159829511,42.2702463309401],[-84.4077231493028,42.2695606515843],[-84.4060118586866,42.2694574840486],[-84.4040992556152,42.2694814806414],[-84.4021924017616,42.2694891916697],[-84.4003172575392,42.2694933795553],[-84.3985738081341,42.2695171780409],[-84.3964685155359,42.2695288775249],[-84.394614932677,42.2695132560542],[-84.3923808225653,42.2695130566312],[-84.3912007057766,42.269524955539],[-84.3884302116088,42.2692873758031],[-84.3850310755069,42.2689281460966],[-84.3816887147276,42.2688505697606],[-84.3794131015516,42.2688468471576],[-84.3768827279576,42.2688587455264],[-84.3736992782537,42.2688545575987],[-84.3711435712704,42.2688503696706],[-84.3680910061034,42.2688512345111],[-84.3645920680718,42.2688576825905],[-84.3608079445819,42.2688633190091],[-84.3583711880169,42.2689108719089],[-84.3583303910283,42.2686494225847],[-84.3582591106088,42.2677374445208],[-84.3581973882639,42.2669016427198],[-84.358118764117,42.2660741156532],[-84.3580330468726,42.2652431028742],[-84.3580330468726,42.2644159708645],[-84.3580150760753,42.2635777151051],[-84.3579847121204,42.262760173803],[-84.357964145192,42.2619224066133],[-84.3579525560265,42.2610929659544],[-84.3579319873014,42.2602608689818],[-84.3579292905589,42.2594429229936],[-84.3578958705354,42.258624929163],[-84.3578829392869,42.2578014847798],[-84.3578777137869,42.2569742086031],[-84.3576820705995,42.2563863845745],[-84.3574787629861,42.2558001647607],[-84.3574880515661,42.2554453508768],[-84.3574215376075,42.2544420929021],[-84.3573793140942,42.2536652879307],[-84.357298899605,42.2525871241542],[-84.3572451920291,42.2519300461567],[-84.3572023495765,42.2511697857954],[-84.357158595334,42.2504454771474],[-84.3571031567045,42.249684539924],[-84.3570540323332,42.2490953519465],[-84.3570290160492,42.2486036987821],[-84.3569048679786,42.2479801157562],[-84.3572734593161,42.2474665495952],[-84.3576262142534,42.2470025589151]]},"properties":{"OBJECTID":50072,"ID":"139980","VOLTAGE":138,"STATUS":"IN SERVICE","OWNER":"CONSUMERS ENERGY CO","SUB_1":"UNKNOWN128619","SUB_2":"JACKSON","VOLT_CLASS":"100-161"}},{"type":"Feature","geometry":{"type":"LineString","coordinates":[[-85.6082934937018,42.4360849297826],[-85.6063916488542,42.4349254089353],[-85.6064333217003,42.4342723779849],[-85.6046003102613,42.4317478758917],[-85.6035166716358,42.4312647897266],[-85.6019626769241,42.4306716357318],[-85.5960816762535,42.4284218297149],[-85.5901485732965,42.4261173707024],[-85.5852991978983,42.4242483586787],[-85.5833142795481,42.423472185097],[-85.581522589714,42.4226089327751],[-85.5803103141364,42.4219040915035],[-85.5788527966896,42.4209861745651],[-85.5776188708153,42.419956435743],[-85.5764172851896,42.418815932585],[-85.5754823177436,42.4176667866945],[-85.5746149045052,42.416439893704],[-85.5739051455992,42.4151637668897],[-85.5733579817597,42.4138330305068],[-85.5728966079281,42.4124626721596],[-85.5726499296527,42.4110606455859],[-85.572574830495,42.4097060786545],[-85.5726407668368,42.408312680066],[-85.5728231248395,42.403781267586],[-85.5729626341014,42.398964342811],[-85.5731005245993,42.3957546447289],[-85.5733160852332,42.392447950019],[-85.5732731457626,42.3910929135285],[-85.5712765861447,42.3910242825474],[-85.5692488190538,42.3910322447376],[-85.5651504352331,42.3909846746004],[-85.5590621024967,42.3909648371127],[-85.556996785827,42.3909490467334],[-85.5549744086278,42.3909450659649],[-85.5527588936426,42.3909371707732],[-85.550865245922,42.3909292755806],[-85.5490413056708,42.3909292755806],[-85.5448034134864,42.3909252948108],[-85.5396160918783,42.390933190004],[-85.5359629140107,42.3909371707732],[-85.5324330739332,42.3909371707732],[-85.5307861916246,42.3908301536747],[-85.5263283918586,42.3908024879394],[-85.5220637298788,42.3907746888357],[-85.5178096689176,42.3907588320623],[-85.5153743361824,42.3907429746213],[-85.5120322439994,42.3907469560661],[-85.5092427046493,42.3907271848497],[-85.5048546150477,42.3907112617178],[-85.5011529272564,42.3909371707732],[-85.4954135010747,42.3908816390191],[-85.4883325308476,42.3908658486189],[-85.4846229378818,42.3908421630111],[-85.4828606229575,42.3908401726235],[-85.481506143172,42.39081635365],[-85.4807794061072,42.3905924345553],[-85.4793094919095,42.389613882815],[-85.4733979485193,42.3856675391242],[-85.4704045832278,42.3836942735819],[-85.4686022025435,42.3827194628875],[-85.4662858067518,42.3817058845553],[-85.4623365441666,42.3800249341618],[-85.4572189318245,42.3778692677402],[-85.4541396857953,42.3776314325161],[-85.4528199708114,42.3774016936947],[-85.4500530699047,42.3770219780067],[-85.4499886606989,42.3741528670829],[-85.4500305230894,42.3724716481307],[-85.4519725010706,42.3710449685101],[-85.4539250791722,42.3695389465213],[-85.4557500956051,42.3682080395526],[-85.4576275745489,42.3667891626457],[-85.4596972040303,42.365250448676],[-85.459612492899,42.3632218495048],[-85.4595791645037,42.3611837585502],[-85.459537392843,42.3591946560977],[-85.4595256249127,42.3573466845996],[-85.4594825956106,42.3558719326256],[-85.4594301348963,42.3541602847635],[-85.4593754265972,42.352597428696],[-85.4593538679287,42.3504487876021],[-85.4593003283378,42.3489025709969],[-85.4592787678727,42.3470629936084],[-85.4592155264767,42.3448831576222],[-85.4591178796053,42.3422416509611],[-85.4590437685943,42.3395858900339],[-85.4589676821881,42.3375151586336],[-85.4589258197975,42.3350732887102],[-85.4588818032469,42.3328835407592],[-85.4585170872416,42.3306944457467],[-85.4585063065598,42.3286718365475],[-85.4585180744901,42.3271259477391],[-85.4583024788219,42.3249993495613],[-85.4580674795436,42.3226045485869],[-85.4580353198564,42.3207483950954],[-85.4580020830892,42.3187008898021],[-85.4579816913322,42.3170912538574],[-85.4580664015652,42.3149563446613],[-85.4581532686532,42.312807148634],[-85.4582820879632,42.3105142546848],[-85.4582713980114,42.3076103516299],[-85.4582176778591,42.3055393648059],[-85.4582273796641,42.3028248507112],[-85.4581845309234,42.3007696530584],[-85.4596542636614,42.2996745567172],[-85.4652761911023,42.2996031309515],[-85.4675088639095,42.2995960880344],[-85.4700934957466,42.2995674505951],[-85.4726845065206,42.2995515708002],[-85.4752594383493,42.2995476506829],[-85.4780488869696,42.2995396775621],[-85.480318030479,42.2978216458145],[-85.4828404108636,42.2958781815949],[-85.4856995678515,42.2958781815949],[-85.4888163625613,42.2958742605844],[-85.491740019485,42.2958702737915],[-85.4930638667192,42.2948853295554],[-85.4930423978822,42.2932465778103],[-85.4930210179785,42.2912743305271],[-85.4930156280868,42.2879886890206],[-85.4929726877179,42.2854249410923],[-85.4930260476458,42.283383729587],[-85.4930408698479,42.2821544785738],[-85.4930475182794,42.2816097617087],[-85.4928958080992,42.2808175325406]]},"properties":{"OBJECTID":50081,"ID":"139991","VOLTAGE":138,"STATUS":"IN SERVICE","OWNER":"CONSUMERS ENERGY CO","SUB_1":"KALAMAZOO RIVER GENERATING STATION","SUB_2":"ARGENTA","VOLT_CLASS":"100-161"}},{"type":"Feature","geometry":{"type":"LineString","coordinates":[[-88.3545879999148,44.3676619999467],[-88.3552189621974,44.3667939450996],[-88.3552962936686,44.3648546837438],[-88.3535949797419,44.3648427868553],[-88.3472239732367,44.3647773516777],[-88.3400439484782,44.3666333309795],[-88.3378310511837,44.3671032749469],[-88.3361297354604,44.3674482967484],[-88.3318942947784,44.365967081915],[-88.3231259821223,44.3629808590262],[-88.3145361269838,44.3601730949786],[-88.3060592969761,44.357448611699],[-88.2962916094647,44.3542244417699],[-88.2848582998894,44.350286433737],[-88.2763041375121,44.347341851075],[-88.2647875460252,44.3433562535693],[-88.2549008856375,44.3399357787925],[-88.2436519840204,44.3359977706607],[-88.2348122858419,44.3328449847917],[-88.2312549914528,44.3316136136317],[-88.2311003267137,44.3280682168142],[-88.2310646348508,44.3247607658302],[-88.2310705834946,44.3214116746627],[-88.2311003267137,44.3164683449508],[-88.2310884303244,44.3148978999533],[-88.2397080268852,44.312137726101],[-88.2418673881821,44.3116677816832],[-88.2447405867363,44.3082116150141],[-88.2453711447769,44.3070099865708],[-88.2458440619599,44.3060165619643],[-88.2462218017402,44.3056864116186]]},"properties":{"OBJECTID":50134,"ID":"140056","VOLTAGE":138,"STATUS":"IN SERVICE","OWNER":"AMERICAN TRANSMISSION CO","SUB_1":"KAUKAUNA NORTH","SUB_2":"NORTH APPLETON","VOLT_CLASS":"100-161"}},{"type":"Feature","geometry":{"type":"LineString","coordinates":[[-87.3973283148352,46.5791357106041],[-87.3985455185704,46.5792892378251],[-87.4033068213416,46.5799316919587],[-87.4071544090097,46.5790013229887],[-87.4116753845946,46.5779603087544],[-87.4195038294949,46.5779499395421]]},"properties":{"OBJECTID":50226,"ID":"140171","VOLTAGE":138,"STATUS":"IN SERVICE","OWNER":"AMERICAN TRANSMISSION CO","SUB_1":"TAP138652","SUB_2":"PRESQUE ISLE STATION","VOLT_CLASS":"100-161"}},{"type":"Feature","geometry":{"type":"LineString","coordinates":[[-88.2417442309532,41.9838581139253],[-88.2417395201879,41.9844433546772],[-88.240097691801,41.9850501164997],[-88.2380097151282,41.9849216260941],[-88.2379908684736,41.9862594668923]]},"properties":{"OBJECTID":50261,"ID":"140215","VOLTAGE":138,"STATUS":"IN SERVICE","OWNER":"NOT AVAILABLE","SUB_1":"TAP137946","SUB_2":"TAP137948","VOLT_CLASS":"100-161"}},{"type":"Feature","geometry":{"type":"LineString","coordinates":[[-83.5020818426316,45.0942105421218],[-83.5016536786177,45.0947884525673],[-83.5002260023063,45.094883631892],[-83.501786929317,45.0907909590617],[-83.5129799126043,45.0908290299241],[-83.5129608782018,45.0871932140175],[-83.5124659495994,45.0849470021278],[-83.5119139150944,45.0755624077575],[-83.5117045222932,45.0684240250134],[-83.510524310283,45.0650356731442],[-83.511133451589,45.0623516406338],[-83.5110953800889,45.0603719289914],[-83.5159499998518,45.0569020001195],[-83.5168822292329,45.053956902115],[-83.5169774075338,45.0451433785674],[-83.5219079996169,45.0164059999807],[-83.5240015772855,45.004197613904],[-83.5242680759893,44.972902942965],[-83.5243299995568,44.9660069999391],[-83.5106199997254,44.9483509995641],[-83.5007429998203,44.9443539995255],[-83.5007489996681,44.9358859997472],[-83.5006919997667,44.9247349997303],[-83.5004959999481,44.919389999598],[-83.5004359996737,44.9180339997609],[-83.50045699959,44.9074959998333],[-83.5004779995064,44.9001380000616],[-83.5005339995829,44.88830599989],[-83.5008409997296,44.8752099997243],[-83.5011710003408,44.8592049998786],[-83.5012719997248,44.8535860000892],[-83.5013670001594,44.8433249996805],[-83.5013939999236,44.8403509999209],[-83.5025780001293,44.8308659999329],[-83.5024018207391,44.8305742930358]]},"properties":{"OBJECTID":50285,"ID":"140247","VOLTAGE":138,"STATUS":"IN SERVICE","OWNER":"NOT AVAILABLE","SUB_1":"FOUR MILE HYDROPOWER PROJECT","SUB_2":"UNKNOWN144068","VOLT_CLASS":"100-161"}},{"type":"Feature","geometry":{"type":"LineString","coordinates":[[-87.8253137966272,42.1873551896122],[-87.8256668614833,42.1880649786802],[-87.8260214004748,42.1880435636052],[-87.8261760661122,42.1877009220835]]},"properties":{"OBJECTID":50329,"ID":"140296","VOLTAGE":138,"STATUS":"IN SERVICE","OWNER":"COMMONWEALTH EDISON CO","SUB_1":"UNKNOWN122288","SUB_2":"TAP137897","VOLT_CLASS":"100-161"}},{"type":"Feature","geometry":{"type":"LineString","coordinates":[[-89.867795095093,43.5914465240033],[-89.868047316872,43.5908468998033],[-89.8727872038068,43.5908421410689],[-89.8810153801438,43.5908516585374],[-89.8822860120789,43.590832623599],[-89.8833805643368,43.5910753290223],[-89.8883250839001,43.5910658109386],[-89.8895338497599,43.591103881963],[-89.8917229542758,43.5904328735381],[-89.8927746757593,43.590109266756],[-89.8940976570175,43.5899950530242],[-89.8952969052269,43.5900854727886],[-89.8967293399143,43.5903043827895],[-89.8989279620806,43.590727926776],[-89.9002081116662,43.5909373195893],[-89.9047008990158,43.5909672259108],[-89.9115914542504,43.5916273629388],[-89.9143040385234,43.5918748270634],[-89.9175401061467,43.5923126475661],[-89.919738728313,43.5927790228852],[-89.9263393531879,43.5939354407533],[-89.9294136171606,43.5941115208909],[-89.9353670283313,43.5943827787895],[-89.9393597639864,43.5941781460251],[-89.9413489924532,43.5936736998123],[-89.9431811783404,43.5930217276159],[-89.9440758563459,43.5926267370259],[-89.9459699056135,43.5915607388844],[-89.9497246955161,43.5894572949839],[-89.9525514960859,43.587920162861],[-89.9538126094722,43.5867018787581],[-89.9541552520744,43.5852884786797],[-89.954888125531,43.5822284929897],[-89.9548833671549,43.581329055634],[-89.9550737237569,43.580434378715],[-89.956734588343,43.579277961095],[-89.9584430411813,43.5780834706623],[-89.9617933215081,43.5757230459758],[-89.9626879986153,43.5752090826447],[-89.9637349617227,43.5748997527541],[-89.9647819248302,43.5746618065544],[-89.9659811739379,43.5745571095903],[-89.9670186184966,43.5740859768564],[-89.9679608847543,43.5728391388633],[-89.9684748486576,43.5722204798303],[-89.9691744098884,43.5709212938543],[-89.9701452299958,43.5686322516148],[-89.9708019622488,43.5670808435576],[-89.9713587551299,43.5647822841374],[-89.9715776655815,43.563901884153],[-89.9701975775223,43.5638828478535],[-89.9702213729959,43.5631928041361],[-89.9704355250714,43.5630738311354]]},"properties":{"OBJECTID":50337,"ID":"140307","VOLTAGE":138,"STATUS":"IN SERVICE","OWNER":"AMERICAN TRANSMISSION CO","SUB_1":"DELL CREEK","SUB_2":"ZOBEL","VOLT_CLASS":"100-161"}},{"type":"Feature","geometry":{"type":"LineString","coordinates":[[-84.136041619101,44.2739065686782],[-84.136216131218,44.2729041289448],[-84.1362300003077,44.2709850000503],[-84.1356950293015,44.2704413871142],[-84.1357080000759,44.2665249996546],[-84.1337549997661,44.2665220000205],[-84.1277800002826,44.2664499997489],[-84.1241330001292,44.266407999657],[-84.1162789999557,44.2663169997838],[-84.1067359999615,44.2663339999122],[-84.1012510000243,44.2663629998928],[-84.0960039997386,44.26639099955],[-84.0870850000834,44.2643460001181],[-84.0800529997174,44.2627830001208],[-84.0631140002074,44.264752000053],[-84.0509149999217,44.266190000107],[-84.0332349998967,44.2661599997279],[-84.0251079999118,44.2661279999928],[-84.0237379999333,44.2661129997894],[-84.0217319999201,44.265991999638],[-84.0151249997015,44.2655529995334],[-84.0113589997224,44.265322999962],[-84.0076649997133,44.2650729999386],[-84.0047309995875,44.2649049999585]]},"properties":{"OBJECTID":50341,"ID":"140310","VOLTAGE":138,"STATUS":"IN SERVICE","OWNER":"CONSUMERS ENERGY CO","SUB_1":"GALLAGHER","SUB_2":"TAP145814","VOLT_CLASS":"100-161"}},{"type":"Feature","geometry":{"type":"LineString","coordinates":[[-87.7303549136439,46.5009331010337],[-87.7297209617681,46.5010208508445],[-87.7296052434881,46.4977834339952],[-87.7326095242086,46.4944585390738],[-87.733366291055,46.4716457330206],[-87.7335535879951,46.4611714838206],[-87.7229190558789,46.4519596796178],[-87.7217022932165,46.4508781128228],[-87.7218210801415,46.4455486486962],[-87.7219043171374,46.4275018927805],[-87.7189391293015,46.4274609926024],[-87.70983496351,46.4278419206454],[-87.7072890562482,46.4279369175716],[-87.6936058387887,46.4278417627546],[-87.6895412630637,46.427853459675],[-87.6781198992851,46.4256147146543],[-87.6678410299528,46.4233927170359],[-87.6655851671366,46.4230070987813],[-87.6590987028628,46.4228544770778],[-87.6536551386165,46.4227117255995],[-87.6502205927228,46.4226087827812],[-87.6450028775153,46.419070549802],[-87.6425260453089,46.4174970321225],[-87.6363022493225,46.4173721717781],[-87.6314098158761,46.4172865066259],[-87.6264979554633,46.417200835146],[-87.6238988068511,46.4171722730018],[-87.6138463947172,46.4170751479747],[-87.6138362949584,46.420347640931],[-87.6135413457113,46.4226216047431],[-87.6134460398495,46.4311801220681],[-87.6134291362508,46.432371795152],[-87.6043561518812,46.4348756719526],[-87.6043662031309,46.4394990571245],[-87.607136250836,46.4418407489159],[-87.6071630385978,46.4462873467737],[-87.6050392335182,46.4462873467737],[-87.6047788289853,46.4461918247592]]},"properties":{"OBJECTID":50387,"ID":"140379","VOLTAGE":138,"STATUS":"IN SERVICE","OWNER":"AMERICAN TRANSMISSION CO","SUB_1":"NORTH LAKE","SUB_2":"EMPIRE MINE","VOLT_CLASS":"100-161"}},{"type":"Feature","geometry":{"type":"LineString","coordinates":[[-87.4336050824634,46.2673790510198],[-87.4430171116825,46.267335205926],[-87.4591879285554,46.2674589376294],[-87.476015476783,46.2715896821285],[-87.4894737075863,46.274901891892],[-87.4910917422962,46.2753111588102],[-87.496117164134,46.2779476016596],[-87.5105462150446,46.286066323094],[-87.5168565457423,46.2922053317661],[-87.5232715732897,46.2984204849551],[-87.5284016910788,46.3033507277427],[-87.5326085779112,46.3075195426503],[-87.5327703806635,46.3116407699331],[-87.5375959282489,46.318883849],[-87.5376244812002,46.3379861616516],[-87.5376149635497,46.3474373807157],[-87.5375959282489,46.3512825897988],[-87.5486366273326,46.3592870968936],[-87.5585447026583,46.3669775149246],[-87.5692237238389,46.3749058786298],[-87.5793126381162,46.381958601771],[-87.5922188353127,46.391381266736],[-87.5989574674665,46.3960926001501],[-87.6099981665502,46.4035545896519],[-87.6140051800284,46.4063813888163],[-87.6139480732275,46.411159346609],[-87.6138338587274,46.4162989825544],[-87.6135292867269,46.4170508917727],[-87.6135102523243,46.4189259076602],[-87.6134341093242,46.4210674230348],[-87.6132151988726,46.4226283488734],[-87.6131200196734,46.4322508885812],[-87.6040019255034,46.4347635999361],[-87.603992407853,46.4403125025418],[-87.6068858319758,46.4428347321007],[-87.6068763152237,46.4460707990597],[-87.6056865837665,46.4460612811189],[-87.6047788289853,46.4461918247592]]},"properties":{"OBJECTID":50391,"ID":"140367","VOLTAGE":138,"STATUS":"IN SERVICE","OWNER":"AMERICAN TRANSMISSION CO","SUB_1":"FORSYTH","SUB_2":"EMPIRE MINE","VOLT_CLASS":"100-161"}},{"type":"Feature","geometry":{"type":"LineString","coordinates":[[-83.6151966126531,41.8881936345021],[-83.61384285152,41.8873851781268],[-83.6114350081307,41.8874776666927],[-83.6102450098739,41.8875076270234],[-83.6096019957935,41.8875226740592],[-83.6089907820742,41.8875360498679],[-83.6057887372439,41.8876065368093],[-83.6028509767703,41.8876711379558],[-83.5998457528188,41.8877136707923],[-83.5969300010696,41.8877392841063],[-83.5911718000984,41.8877771356168],[-83.5883479460028,41.8879664597081],[-83.5852080636918,41.8880344717932],[-83.5822385926887,41.8880986719252],[-83.5791001485805,41.8881665501195],[-83.5760589030844,41.8882350301164],[-83.5731511463413,41.8883004337949],[-83.5706211311751,41.8883239737528],[-83.5682106817732,41.8883463768296],[-83.5652142613115,41.8883741298841],[-83.5620767146204,41.8884032879657],[-83.5589680056464,41.8884320441168],[-83.556009762686,41.8884595289663],[-83.5530060667688,41.8884874825957],[-83.5498850499772,41.8886921857147],[-83.5465464612238,41.8889110655211],[-83.5433569928075,41.8891202478432],[-83.5400669130794,41.8893360499877],[-83.5378539124787,41.8877543310876],[-83.5361354362384,41.8865260845033],[-83.5342580471262,41.8851841877528],[-83.5324241355753,41.883873228715],[-83.5303779539195,41.8824106236001],[-83.527603596996,41.8823731708655],[-83.5252149766555,41.8823409334998],[-83.5223669578787,41.8823024775068],[-83.5198982715953,41.882359808021],[-83.5170200936795,41.8823301081191],[-83.5140611347618,41.8822583359186],[-83.5112900117733,41.8822813430533],[-83.5091101599049,41.8823522370788],[-83.5065242686297,41.8824363741399],[-83.5037032900413,41.8825281335108],[-83.5007534023113,41.8826240420371],[-83.4975882782392,41.8827270377704],[-83.4944660936378,41.8828285626329],[-83.4915692963411,41.8828740421074],[-83.4885546400791,41.882921325986],[-83.4853036370659,41.882972355805],[-83.4821601614938,41.8830615736207],[-83.4788212143126,41.8831563437128],[-83.4721699289472,41.8834228068893],[-83.4655446066901,41.8836351505314],[-83.4488909660132,41.8840058506793],[-83.445799362759,41.8841660078869],[-83.4437493758396,41.8833652967528],[-83.4417016589629,41.882501048064],[-83.4392750551573,41.8815957335754],[-83.4372250673396,41.8806401491228],[-83.4351097181018,41.8796624298602],[-83.4329943679657,41.8787422099874],[-83.4309859739422,41.877158338597],[-83.4292079798229,41.8764385355484],[-83.4274757575622,41.8758149421285],[-83.4247111033421,41.8745043246413],[-83.4218381105021,41.8731424439847],[-83.4195238697689,41.8721011918894],[-83.4142236119632,41.8781626416962],[-83.4134927462413,41.8791271120167],[-83.4126311567809,41.8802154405576],[-83.4090659617089,41.8808657748807],[-83.4065881503388,41.8813347190283],[-83.404039035193,41.8818080839583],[-83.4015909338043,41.8822637486154],[-83.3993270346596,41.882661900591],[-83.3965996596255,41.8832060377459],[-83.3965538635123,41.8828436876834]]},"properties":{"OBJECTID":50437,"ID":"140422","VOLTAGE":345,"STATUS":"IN SERVICE","OWNER":"CONSUMERS ENERGY CO","SUB_1":"TAP137284","SUB_2":"TAP137286","VOLT_CLASS":"345"}},{"type":"Feature","geometry":{"type":"LineString","coordinates":[[-86.127743272783,42.7741455748163],[-86.1268579435447,42.7741211705617],[-86.1267817673069,42.7683174846575],[-86.1265477561754,42.7614354587193],[-86.1168184626592,42.7614975865477],[-86.116582475234,42.7576003627005],[-86.1164912055029,42.7550657726193],[-86.1172671909065,42.7548717901221]]},"properties":{"OBJECTID":50439,"ID":"140425","VOLTAGE":138,"STATUS":"IN SERVICE","OWNER":"NOT AVAILABLE","SUB_1":"OTTAWA AVENUE","SUB_2":"WASHINGTON AVENUE","VOLT_CLASS":"100-161"}},{"type":"Feature","geometry":{"type":"LineString","coordinates":[[-90.1492266752839,44.6469333326441],[-90.1498691288156,44.6470285115742],[-90.1499167179661,44.6408657081046],[-90.1625120001579,44.6410259998979],[-90.1738439995321,44.6411649998425],[-90.17520299964,44.6423310000959],[-90.1751409997157,44.6484720000173],[-90.1824689994594,44.6485109998344],[-90.1836090001825,44.6494339995701],[-90.1843617955771,44.6496935080587]]},"properties":{"OBJECTID":50479,"ID":"140474","VOLTAGE":115,"STATUS":"IN SERVICE","OWNER":"NOT AVAILABLE","SUB_1":"HUME","SUB_2":"WILDWOOD (MEWD)","VOLT_CLASS":"100-161"}},{"type":"Feature","geometry":{"type":"LineString","coordinates":[[-84.9776230001548,45.3485959997603],[-84.9776299998274,45.3482000001514],[-84.9772505703161,45.3478243160951]]},"properties":{"OBJECTID":50494,"ID":"140504","VOLTAGE":138,"STATUS":"IN SERVICE","OWNER":"NOT AVAILABLE","SUB_1":"UNKNOWN128859","SUB_2":"TAP143800","VOLT_CLASS":"100-161"}},{"type":"Feature","geometry":{"type":"LineString","coordinates":[[-83.72341653815,42.3177627765545],[-83.7242500974786,42.3175210558582],[-83.7252183915233,42.3176856535732],[-83.7257508238906,42.3173039815017],[-83.7271000027174,42.3183352716488],[-83.7286046808183,42.3195729826989],[-83.7299350857541,42.3206557779052],[-83.7319092243208,42.3222661847852],[-83.7341246485762,42.324399782661],[-83.7352123287222,42.3266812801449],[-83.7356790035123,42.3286245910832],[-83.7357927311256,42.331090286054],[-83.7358625302232,42.333354672856],[-83.7359483193328,42.3356031725117],[-83.7360127276404,42.337744285672],[-83.7361413672874,42.3399964809119],[-83.7362487159638,42.3420583647646],[-83.7363775334772,42.3440408395184],[-83.7364310739665,42.3465862670286],[-83.7365598016484,42.3489095805125],[-83.7367125439928,42.3509897196457],[-83.7397382827704,42.3508808067884],[-83.7429729337505,42.3507557135126],[-83.7460170152279,42.3506923741006],[-83.7488030655215,42.350256811095],[-83.7515544821675,42.3498076737085],[-83.7545393988037,42.3497962407527],[-83.7576070781253,42.3497169900828],[-83.7606111585215,42.3496218555538],[-83.7642377615281,42.3495187467885],[-83.7675526850636,42.3494394831547],[-83.7703231971977,42.3493362877832],[-83.7736518766352,42.3495822746026],[-83.7769430999187,42.3498358129385],[-83.7796974315978,42.3497486705786],[-83.7823798010362,42.3496376596452],[-83.7852983142066,42.3495663509955],[-83.7880694578563,42.349478950669],[-83.7910447050268,42.3497727248802],[-83.7945744076619,42.3501375296214],[-83.7975316831368,42.3504239827001],[-83.800303084603,42.3506924916085],[-83.8032727792867,42.3509380801012],[-83.8061521645382,42.3509617615087],[-83.8092241683496,42.3509301699209],[-83.8122389818168,42.3508508337117],[-83.8153098052419,42.3508275917545],[-83.8179109517073,42.3508455837082],[-83.8207693271609,42.3508428617791],[-83.823791231929,42.3508559396517],[-83.8265137111448,42.3508307226376],[-83.8281732363428,42.3497004145627],[-83.8299013991167,42.3485474116681],[-83.8298213816827,42.3467876798685],[-83.829742017324,42.3449370336686],[-83.8299236737425,42.3426348457002],[-83.8300406550537,42.3405936097029],[-83.8299613957979,42.3381269758594],[-83.8299138758177,42.3358036331035],[-83.8298377130546,42.3335392129482],[-83.8297484519564,42.3311179966882],[-83.828134917806,42.3289296391592],[-83.8262789041059,42.3265152428564],[-83.8249906310553,42.3248707079902],[-83.824871395871,42.322312691136],[-83.8246567470271,42.3173457608112],[-83.8246030232815,42.3112124961055]]},"properties":{"OBJECTID":51670,"ID":"127417","VOLTAGE":120,"STATUS":"IN SERVICE","OWNER":"NOT AVAILABLE","SUB_1":"TAP138699","SUB_2":"PHOENIX","VOLT_CLASS":"100-161"}},{"type":"Feature","geometry":{"type":"LineString","coordinates":[[-83.4422977387646,42.4902176258901],[-83.4427220310396,42.4901370647241],[-83.4426675176749,42.4879598979758],[-83.44539442828,42.4875142240193],[-83.4486628208805,42.4870187747659],[-83.4519312781597,42.4865233918083],[-83.455720878678,42.4859455609644],[-83.4582801852106,42.4861703717471],[-83.4609485615918,42.4863902491071],[-83.4635300214777,42.4866073977279],[-83.4659447261991,42.4868086978725],[-83.4670897422164,42.4869229566627],[-83.4670987837598,42.4874745160439],[-83.4672526561848,42.4876030067796]]},"properties":{"OBJECTID":51848,"ID":"168232","VOLTAGE":120,"STATUS":"IN SERVICE","OWNER":"NOT AVAILABLE","SUB_1":"UNKNOWN128462","SUB_2":"UNKNOWN128463","VOLT_CLASS":"100-161"}},{"type":"Feature","geometry":{"type":"LineString","coordinates":[[-88.9734579687682,42.2147466549463],[-88.9746066535051,42.2144141247575],[-88.9747779748062,42.2152064857259],[-88.9759360577177,42.2163160027132]]},"properties":{"OBJECTID":50533,"ID":"140555","VOLTAGE":345,"STATUS":"IN SERVICE","OWNER":"COMMONWEALTH EDISON CO","SUB_1":"CHERRY VALLEY","SUB_2":"TAP137908","VOLT_CLASS":"345"}},{"type":"Feature","geometry":{"type":"LineString","coordinates":[[-85.8296000045782,43.4226368290087],[-85.829571483068,43.4218962515472],[-85.8295144400474,43.4200525386098],[-85.8256069859538,43.4187629430858],[-85.8278673196852,43.4166135539999],[-85.8349549284622,43.4128428771565],[-85.8387768189233,43.4091755636537],[-85.847097987062,43.4062436247941],[-85.8500071856012,43.4051816685462],[-85.8513191786669,43.4045082240265],[-85.8546205502181,43.4024930238019],[-85.8555332403434,43.4019179796611],[-85.8571589691238,43.4009699237095],[-85.8588203511395,43.3998457058657],[-85.8602179078377,43.3989027967011],[-85.8615512906886,43.3979754166184],[-85.8627705874985,43.3971309190042],[-85.8646030985758,43.3958615591459],[-85.8673625596353,43.393882339921],[-85.8688171602523,43.3928357107607],[-85.8700578477457,43.3920170490205],[-85.8767390245523,43.3895765387882],[-85.8830565525519,43.3872292048462],[-85.8852812348447,43.3863897377589],[-85.8871280057788,43.385674628568],[-85.888846430815,43.3847263178201],[-85.8904008558197,43.3838505421346],[-85.8921620631214,43.3828348330597],[-85.8936380535237,43.3822699675511],[-85.8951496971613,43.3817050967795],[-85.8964474276752,43.3810158425732],[-85.8986792407946,43.380362858535],[-85.9005616649641,43.379870524655],[-85.9023727835612,43.3798757081067],[-85.9061661516138,43.3798860730502],[-85.9079701420791,43.3786215336023],[-85.9146584488141,43.3741384278989],[-85.9163697430236,43.3730862757409],[-85.9219457099596,43.3696757241337],[-85.9236712640259,43.3686027608134],[-85.927243590823,43.3664308581508],[-85.9290547103185,43.3651504865992],[-85.9325414716865,43.3627659197139],[-85.9359212778401,43.3605056776338],[-85.9376824842434,43.3592925770479],[-85.9384026537252,43.3588000721055],[-85.9411335941727,43.3570736809515],[-85.9427450630962,43.3560575240101],[-85.9462460852193,43.353807402075],[-85.9480572038165,43.3526252757314],[-85.9496829334952,43.3515571960541],[-85.9517721390633,43.3497839331373],[-85.9550164666956,43.3484409890557],[-85.9583962728492,43.3463305886962],[-85.9599221763437,43.3448786739187],[-85.966375181068,43.340807941136],[-85.9698262909973,43.3385987405266],[-85.9732631401714,43.3363479719788],[-85.9748460866864,43.3351499470457],[-85.9774344186842,43.3328886770364],[-85.9798730132023,43.3306273215204],[-85.9814345690337,43.3294136237093],[-85.9861976702321,43.3255597138429],[-85.9882726141467,43.323930936059],[-85.9973575182618,43.3165674667154],[-85.9989665653274,43.3152393188942],[-85.9995719687434,43.3149309895189],[-86.004091931927,43.312395980846],[-86.0047329697137,43.3119919670379],[-86.0050539377648,43.3117849587606],[-86.0089109442686,43.3095439689564],[-86.0093149166519,43.3092999546652],[-86.0094359197207,43.3092599500858],[-86.0154792783024,43.3057344476975]]},"properties":{"OBJECTID":50614,"ID":"140650","VOLTAGE":138,"STATUS":"IN SERVICE","OWNER":"WOLVERINE POWER SUPPLY COOP","SUB_1":"UNKNOWN132683","SUB_2":"TAP146065","VOLT_CLASS":"100-161"}},{"type":"Feature","geometry":{"type":"LineString","coordinates":[[-88.0043317741438,43.1300186469253],[-88.0081936459233,43.1302905068379]]},"properties":{"OBJECTID":50638,"ID":"140676","VOLTAGE":138,"STATUS":"IN SERVICE","OWNER":"AMERICAN TRANSMISSION CO","SUB_1":"TAP138065","SUB_2":"GRANVILLE","VOLT_CLASS":"100-161"}},{"type":"Feature","geometry":{"type":"LineString","coordinates":[[-88.1056941062889,42.3629518236765],[-88.1064140377171,42.3629325209487],[-88.1066347717487,42.3629844181319],[-88.1069755907709,42.3632656459963],[-88.1065529990067,42.3634674235518]]},"properties":{"OBJECTID":50640,"ID":"140679","VOLTAGE":138,"STATUS":"IN SERVICE","OWNER":"COMMONWEALTH EDISON CO","SUB_1":"UNKNOWN121934","SUB_2":"TAP136946","VOLT_CLASS":"100-161"}},{"type":"Feature","geometry":{"type":"LineString","coordinates":[[-83.5526164261076,42.2347458298397],[-83.5529867664649,42.2326518511142],[-83.5555820738809,42.232486062728],[-83.5586555266749,42.2323542929227],[-83.5584748979291,42.2306531899426],[-83.5584481496932,42.2293038338293],[-83.5584267697894,42.2278857049752],[-83.5583945157792,42.2265031808658],[-83.5583542676612,42.2251942347457],[-83.5583247220715,42.2237207120088],[-83.558306032622,42.2224055341058],[-83.5582496202188,42.2210847120679],[-83.5582335394769,42.2197537929042],[-83.5581745228577,42.2185222786622],[-83.5581638338041,42.2172887378678],[-83.5581155888835,42.2160729300183],[-83.5580941389111,42.2148245905724],[-83.5581665521062,42.2134120027358],[-83.5581021105609,42.2113052447625],[-83.5580377911866,42.209183345677],[-83.5579653959579,42.2070399227567],[-83.557943921731,42.2045677817332],[-83.5577649845129,42.2028124741146],[-83.5575878376372,42.2007301905861],[-83.5575664577334,42.1986358609389],[-83.557515432527,42.1965494466965],[-83.557527111524,42.1944665587858],[-83.5574841720534,42.1923879935679],[-83.5574090728956,42.190327531604],[-83.5586588989504,42.1887853686852],[-83.5596297379224,42.1875083960347]]},"properties":{"OBJECTID":50649,"ID":"140681","VOLTAGE":120,"STATUS":"IN SERVICE","OWNER":"NOT AVAILABLE","SUB_1":"TAP137299","SUB_2":"SCOTTSDALE","VOLT_CLASS":"100-161"}},{"type":"Feature","geometry":{"type":"LineString","coordinates":[[-83.1900048159362,42.2891180308061],[-83.1897019812776,42.2888807595133],[-83.1904178720837,42.2880228208943],[-83.1914049867319,42.2868759828671],[-83.1926335802067,42.285415312719],[-83.1939372845173,42.2838317236773],[-83.1941513153202,42.2835738326834],[-83.1957507692769,42.2843771018694],[-83.1979867200365,42.2854433298989],[-83.2004779522369,42.2866924396613],[-83.2017234591919,42.2869913225324]]},"properties":{"OBJECTID":50670,"ID":"140721","VOLTAGE":230,"STATUS":"IN SERVICE","OWNER":"WYANDOTTE MUNICIPAL SERV COMM","SUB_1":"UNKNOWN128436","SUB_2":"UNKNOWN130400","VOLT_CLASS":"220-287"}},{"type":"Feature","geometry":{"type":"LineString","coordinates":[[-83.0384339492375,42.4500724739944],[-83.0390317241602,42.4480885635388],[-83.0413199335131,42.4480173527613],[-83.0433637822442,42.4479777788098],[-83.0452738987789,42.4479105550032],[-83.0473065518066,42.4478511740797],[-83.0493342128962,42.4478075598914],[-83.0513298957584,42.4477561849012],[-83.0533843041856,42.4477007750329],[-83.0553100154736,42.4476651150792],[-83.05730581871,42.4476175825837],[-83.0593659044899,42.4475662067748],[-83.0614096041006,42.4475067499585],[-83.0634745012571,42.4474592975494],[-83.0655449823414,42.4474276166314],[-83.0675778195236,42.4473960026467],[-83.0696215200327,42.4473800945615],[-83.0716548225423,42.4473643177196],[-83.0736988545297,42.4473325638384],[-83.0756943532372,42.447304923021],[-83.0776790263473,42.4472811937616],[-83.0797124097053,42.4472573935665],[-83.081750616118,42.4472178251008],[-83.0828830844675,42.4472139128638],[-83.0840046912868,42.4471702829858],[-83.0851090818937,42.4471545147082],[-83.0862306958996,42.4471307091621],[-83.0873457207629,42.4470991149136],[-83.088445188602,42.4471070010485],[-83.0894673618009,42.447066081563]]},"properties":{"OBJECTID":50724,"ID":"140783","VOLTAGE":120,"STATUS":"IN SERVICE","OWNER":"NOT AVAILABLE","SUB_1":"NORTHEAST (MI)","SUB_2":"TAP139982","VOLT_CLASS":"100-161"}},{"type":"Feature","geometry":{"type":"LineString","coordinates":[[-82.4628955161793,42.928745334978],[-82.4618241117096,42.9286057495956],[-82.4609801445002,42.9287396678243],[-82.4610925237422,42.9307609590199],[-82.4612094834939,42.932752586516],[-82.4612961718171,42.9346001838266],[-82.4614219359569,42.9364762677199]]},"properties":{"OBJECTID":50791,"ID":"166939","VOLTAGE":138,"STATUS":"IN SERVICE","OWNER":"NOT AVAILABLE","SUB_1":"UNKNOWN128475","SUB_2":"UNKNOWN166932","VOLT_CLASS":"100-161"}},{"type":"Feature","geometry":{"type":"LineString","coordinates":[[-86.2323580003299,42.1911129998872],[-86.2324764791328,42.190719595069],[-86.2327779456573,42.1893959538883],[-86.2327255388419,42.1846883439626],[-86.2298918032782,42.179318242563],[-86.2278600126332,42.1787972717304],[-86.2278340405417,42.1769013056122],[-86.2268196521431,42.1752478316363],[-86.234937711196,42.1728593309313],[-86.2474156042415,42.1692044790509],[-86.2523410885039,42.1684192565758],[-86.2572094659654,42.1676625885559],[-86.2694589309089,42.1680480605417],[-86.2716575530752,42.1680766145699],[-86.271543338575,42.162879872128],[-86.2715147856237,42.1585682890803],[-86.2715147856237,42.1577545130955],[-86.2717289368009,42.1574404241004],[-86.2799666307884,42.1574118705992],[-86.2883899230018,42.1637364781099],[-86.288375646077,42.1688618366376],[-86.2894464037597,42.1688332829639],[-86.300996306574,42.1693329697271],[-86.3152873502058,42.169147372],[-86.3333617357933,42.168904667124],[-86.3333474588685,42.1708463066892],[-86.3332903520676,42.1737587681317],[-86.333947082524,42.1808828740487],[-86.3339899141968,42.1859225719509],[-86.3347465822286,42.1882639620135],[-86.3352748230567,42.1888064786669],[-86.3349411645056,42.189099625537]]},"properties":{"OBJECTID":50953,"ID":"167169","VOLTAGE":138,"STATUS":"IN SERVICE","OWNER":"NOT AVAILABLE","SUB_1":"AEP EAST WATERVLIET","SUB_2":"BENTON HARBOR","VOLT_CLASS":"100-161"}},{"type":"Feature","geometry":{"type":"LineString","coordinates":[[-86.2323580003299,42.1911129998872],[-86.2322204817347,42.1906944530129],[-86.2327040861746,42.1893906338452],[-86.2326518626156,42.1846989475643],[-86.2298355588599,42.1793618727893],[-86.2277867631066,42.1788365399911],[-86.2277604209092,42.1769134975944],[-86.2267564700359,42.1752764509852],[-86.2194188655052,42.1799548836697],[-86.2080688369433,42.187178928051],[-86.1961905675533,42.1947027831116],[-86.1931781696559,42.1999851869988],[-86.1893662738506,42.2066524367231],[-86.1834842455074,42.2082514337454],[-86.1777592633371,42.2099218159782],[-86.1744042228376,42.2108355289077],[-86.1732192506547,42.2111638948292],[-86.1722153599685,42.2111323035995]]},"properties":{"OBJECTID":50954,"ID":"175101","VOLTAGE":138,"STATUS":"IN SERVICE","OWNER":"NOT AVAILABLE","SUB_1":"HARTFORD","SUB_2":"AEP EAST WATERVLIET","VOLT_CLASS":"100-161"}},{"type":"Feature","geometry":{"type":"LineString","coordinates":[[-86.3064889601573,42.321098662869],[-86.3054492042334,42.3204354876485],[-86.3027123241253,42.3197744667881],[-86.2985293190048,42.3188622297391],[-86.2946566845099,42.3188958746101],[-86.29446655608,42.3169406355788],[-86.2937421582281,42.3169542107142],[-86.2931225731087,42.3169625788468]]},"properties":{"OBJECTID":50984,"ID":"175103","VOLTAGE":345,"STATUS":"IN SERVICE","OWNER":"AMERICAN ELECTRIC POWER CO., INC","SUB_1":"PALISADES","SUB_2":"UNKNOWN173428","VOLT_CLASS":"345"}},{"type":"Feature","geometry":{"type":"LineString","coordinates":[[-86.2931225731087,42.3169625788468],[-86.2919858162021,42.3169729357213],[-86.2920007947111,42.3161528097294],[-86.2944124900763,42.3160404641173],[-86.2946296919322,42.314579964867],[-86.2946484155177,42.3124940741548],[-86.2946931812632,42.3095578136839],[-86.29470031209,42.3045481758786],[-86.294664659753,42.2995010996029],[-86.2947075363415,42.2944372526031],[-86.2972370232983,42.2895691599181],[-86.2999110114551,42.2844628348301],[-86.3010447706836,42.2823210309962],[-86.3026399118285,42.2792915646056],[-86.3033445916599,42.2770901680708],[-86.3047646861903,42.2727920666891],[-86.3051018679338,42.2721125796042],[-86.3076334111343,42.2675163860915],[-86.3102215670624,42.2625565420531],[-86.3125475775225,42.2581833706016],[-86.3136139819693,42.2562618321196],[-86.3171038047957,42.2494626388722],[-86.3206683782336,42.2413176827004],[-86.3228060200635,42.2364292075497],[-86.3236964113085,42.2330890455897],[-86.3258593928159,42.2250721957395],[-86.3265485731154,42.2226436111052],[-86.3279389046637,42.2171785990182],[-86.3284143676723,42.2153915171305],[-86.3295197599007,42.2113420037309],[-86.3296986459148,42.2107413555012],[-86.3301983616394,42.2094106375293],[-86.3325866028909,42.2030561568149],[-86.3333218667644,42.200736913813],[-86.3337844281688,42.1974771375944],[-86.3336581268365,42.1905486428676],[-86.3335917817612,42.1872986360974],[-86.3335347297575,42.1842021226501],[-86.3335561132545,42.1809170525792],[-86.3332424889309,42.1777372691139],[-86.3328716158726,42.1716217447697],[-86.3328430835825,42.1685291115681],[-86.3328502153076,42.1623610265227],[-86.3328858640513,42.1592586805043],[-86.3328074285506,42.1532116206501],[-86.3328787377162,42.1472534397204],[-86.3329500414919,42.1410942146772],[-86.3330213344878,42.135051678629],[-86.3328789380405,42.1318256309799],[-86.3320458799719,42.1287207169449],[-86.3312475462806,42.1261620499631],[-86.3303266527401,42.1233029238635],[-86.3299982583166,42.1203005717962],[-86.3292851675592,42.1136040086689],[-86.3290281757261,42.1104424637108],[-86.3292997553012,42.1078816037406],[-86.330944985608,42.1016126398583],[-86.3323708796619,42.0950441815259],[-86.3343801998484,42.0855241081131],[-86.3372468182431,42.0796888117762],[-86.3389485606662,42.0766503371275],[-86.3413211272142,42.0737299608449],[-86.3483063361337,42.069286778918],[-86.3582749201803,42.0637651820695],[-86.361538292995,42.0613159769562],[-86.3659452750653,42.0575589499148],[-86.3717307956009,42.0522928865057],[-86.3770866681058,42.0466843925216],[-86.3833357345994,42.0376673176132],[-86.3876496547995,42.0315768368668],[-86.3897531831065,42.0285577935297],[-86.3919561692884,42.0254795137766],[-86.40314579108,42.0170254395478],[-86.4109410863496,42.011339644632],[-86.4132210177272,42.0095220767198],[-86.418609561959,42.0048733940489],[-86.4402451532004,41.988189974907],[-86.4555980998211,41.9771486318044],[-86.4591775906826,41.9759032545236],[-86.4624849180642,41.9752220391215],[-86.4717066131392,41.9751689746766],[-86.4809040069891,41.9753173889868],[-86.4855784399774,41.9752008459394],[-86.4933388446814,41.9747554168316],[-86.5138354296347,41.9754764849821],[-86.5230249308865,41.9757841267015],[-86.5301684220607,41.9769925298151],[-86.5492530575083,41.9770984879997],[-86.55225968373,41.9768495067221],[-86.5534418549658,41.9768484081563],[-86.5541730494711,41.9767904506006]]},"properties":{"OBJECTID":51007,"ID":"167533","VOLTAGE":345,"STATUS":"IN SERVICE","OWNER":"AMERICAN ELECTRIC POWER CO., INC","SUB_1":"COOK","SUB_2":"UNKNOWN173428","VOLT_CLASS":"345"}},{"type":"Feature","geometry":{"type":"LineString","coordinates":[[-86.3349411645056,42.189099625537],[-86.3341820422765,42.1897840935255],[-86.3340256491788,42.1906307755114],[-86.3339543445048,42.1928980265673],[-86.3339470034723,42.1974886428033],[-86.3334621368994,42.200790080052],[-86.332664931492,42.203071040797],[-86.3302762509644,42.2094266917428],[-86.3297771236364,42.2107558397857],[-86.329598863748,42.2113543880126],[-86.3284936529792,42.2154032379656],[-86.3280182941753,42.2171899296587],[-86.3266278665072,42.2226553106371],[-86.3259385954779,42.225084216784],[-86.3237757109885,42.2331007046086],[-86.3228844115468,42.2364442738837],[-86.3207452937849,42.2413361236135],[-86.3171800978145,42.2494824997427],[-86.3136891772468,42.2562838297778],[-86.3126225886453,42.2582056980264],[-86.3102968925956,42.2625782769074],[-86.3077085605978,42.2675384549419],[-86.3051772716205,42.2721341868621],[-86.304842144324,42.2728095359023],[-86.3034231960439,42.2771041645555],[-86.3027172873172,42.2793094008924],[-86.3011200791488,42.2823427929309],[-86.2999863468697,42.2844845435228],[-86.2973124503411,42.2895906907503],[-86.2947882912922,42.2944485308315],[-86.2947455090268,42.2995011308309],[-86.2947811604655,42.3045480516406],[-86.2947740296388,42.3095576575684],[-86.2947495280894,42.3124940741548],[-86.2948918329085,42.3145200478604],[-86.2950154132439,42.3161191056019],[-86.293405120215,42.3162127278385],[-86.2921318660976,42.3162576657187],[-86.2921505896831,42.3168456095487],[-86.2931225731087,42.3169625788468]]},"properties":{"OBJECTID":51011,"ID":"168127","VOLTAGE":345,"STATUS":"IN SERVICE","OWNER":"AMERICAN ELECTRIC POWER CO., INC","SUB_1":"BENTON HARBOR","SUB_2":"UNKNOWN173428","VOLT_CLASS":"345"}},{"type":"Feature","geometry":{"type":"LineString","coordinates":[[-86.2931225731087,42.3169625788468],[-86.2932687721245,42.3168510895626],[-86.2949554947161,42.3167856920421],[-86.2947811604655,42.3188375565123],[-86.2985269932665,42.3188076810781],[-86.3024368252007,42.3196644205098],[-86.3054651205836,42.3203669415269],[-86.3067555100651,42.3206883816744],[-86.3064889601573,42.321098662869]]},"properties":{"OBJECTID":51014,"ID":"175104","VOLTAGE":345,"STATUS":"IN SERVICE","OWNER":"AMERICAN ELECTRIC POWER CO., INC","SUB_1":"PALISADES","SUB_2":"UNKNOWN173428","VOLT_CLASS":"345"}},{"type":"Feature","geometry":{"type":"LineString","coordinates":[[-89.6610568003344,41.7658554377071],[-89.6609975510515,41.7628709390381],[-89.6609278597518,41.7597101650682],[-89.6655535321864,41.7597387177399],[-89.6680091363043,41.7591152989938],[-89.670141133121,41.7578732205653],[-89.7045576568824,41.757832294099],[-89.708584895031,41.7589803836849],[-89.7105895906904,41.758242751051],[-89.718849295199,41.7581683930683],[-89.7188017051502,41.7701638507202],[-89.7196940026202,41.7710591229057],[-89.7196821062309,41.7721298798161],[-89.7187868335406,41.7734772496713]]},"properties":{"OBJECTID":51111,"ID":"145378","VOLTAGE":138,"STATUS":"NOT AVAILABLE","OWNER":"COMMONWEALTH EDISON CO","SUB_1":"UNKNOWN123360","SUB_2":"DEADEND167133","VOLT_CLASS":"100-161"}},{"type":"Feature","geometry":{"type":"LineString","coordinates":[[-88.0628991746372,42.378826457134],[-88.0626114478449,42.3789540446982],[-88.0630025689297,42.3799129667482],[-88.0666421382191,42.3882767285571],[-88.0750476321118,42.4078931169655],[-88.0758364113217,42.4097276526095]]},"properties":{"OBJECTID":51150,"ID":"114521","VOLTAGE":138,"STATUS":"NOT AVAILABLE","OWNER":"COMMONWEALTH EDISON CO","SUB_1":"TAP136947","SUB_2":"RISER167143","VOLT_CLASS":"100-161"}},{"type":"Feature","geometry":{"type":"LineString","coordinates":[[-88.0624428610155,42.3787881560622],[-88.0625467098557,42.378993156573],[-88.0629472731324,42.3799224081358],[-88.066596239698,42.3882965615865],[-88.07500168598,42.4079128376707],[-88.075790476868,42.4097474025848]]},"properties":{"OBJECTID":51151,"ID":"140620","VOLTAGE":138,"STATUS":"NOT AVAILABLE","OWNER":"COMMONWEALTH EDISON CO","SUB_1":"TAP136948","SUB_2":"RISER167144","VOLT_CLASS":"100-161"}},{"type":"Feature","geometry":{"type":"LineString","coordinates":[[-87.7294785756432,46.4995642066719],[-87.72614693985,46.4978016126456],[-87.7131336679632,46.4959384947794],[-87.7033041152747,46.4946535860743],[-87.7012197067103,46.4907346135419],[-87.6922182057794,46.4870512080912],[-87.6910760634727,46.4865729370355],[-87.6790193356667,46.4817188358797],[-87.6698179595851,46.483146512569],[-87.6631864021216,46.4826111335617],[-87.6613161456327,46.4823255987823],[-87.6581110114962,46.4807266009432],[-87.6467716908524,46.4837604136308],[-87.645931740909,46.48412447077]]},"properties":{"OBJECTID":51234,"ID":"120881","VOLTAGE":138,"STATUS":"NOT AVAILABLE","OWNER":"AMERICAN TRANSMISSION CO","SUB_1":"TAP138651","SUB_2":"DEADEND172040","VOLT_CLASS":"100-161"}},{"type":"Feature","geometry":{"type":"LineString","coordinates":[[-83.4124645678048,41.9857832581197],[-83.4127598395471,41.9926128805298],[-83.4133316199204,41.9953734941342],[-83.4137808341563,41.9977475357467],[-83.4141516146881,41.9997399660182],[-83.4141088315244,42.0020873507667],[-83.4140660501573,42.0044293507186],[-83.4140874408409,42.0067659657907],[-83.4141444838614,42.0091978615862],[-83.4141872670251,42.0116084740077],[-83.4142657007292,42.0140242911414],[-83.4136667481152,42.0161963301555],[-83.4131390992769,42.0180822348514],[-83.4132317937361,42.0231092757404],[-83.4132959675834,42.0277598606894],[-83.413402923696,42.0326696205574],[-83.4135241396655,42.0350316791115],[-83.4134100536244,42.0382409710135],[-83.4134813582984,42.0419690535122],[-83.4135597920025,42.0439971656596],[-83.4136810088703,42.0495463426131],[-83.4138663986871,42.0538667410557],[-83.4139733547998,42.0563233068876],[-83.4140517885039,42.0587162496],[-83.414137353933,42.063734783684],[-83.4143084829946,42.0685835379866],[-83.4144724821278,42.0735218995582],[-83.4146935242816,42.0787139119178],[-83.414836131833,42.0835350626938],[-83.4151427385175,42.0885992581607],[-83.4153138684774,42.0933932018772],[-83.4153637806713,42.1000967091324],[-83.4152996077223,42.1046781770833],[-83.4179735051492,42.1057150447387],[-83.4213747019864,42.1056674335682],[-83.4345088826189,42.105466409639],[-83.4493543592576,42.1052336436267],[-83.4493543592576,42.1052389340909]]},"properties":{"OBJECTID":51236,"ID":"167229","VOLTAGE":345,"STATUS":"NOT AVAILABLE","OWNER":"WYANDOTTE MUNICIPAL SERV COMM","SUB_1":"DEADEND167207","SUB_2":"TAP167211","VOLT_CLASS":"345"}},{"type":"Feature","geometry":{"type":"LineString","coordinates":[[-83.4412014392835,42.487087292738],[-83.4396619981777,42.4852517440592],[-83.4382985999181,42.4835256936125],[-83.4372949787265,42.4822118091303],[-83.4360342938366,42.4805500777828],[-83.4349591460871,42.4791306497376],[-83.4335508931488,42.4767122970905],[-83.4325815867027,42.4740617435751],[-83.4306550795073,42.4716929045155],[-83.4292989306522,42.4700038249299],[-83.4292114500148,42.4689746728271],[-83.4282430355958,42.4690840686394]]},"properties":{"OBJECTID":51238,"ID":"167216","VOLTAGE":120,"STATUS":"IN SERVICE","OWNER":"NOT AVAILABLE","SUB_1":"SUNSET","SUB_2":"TAP167210","VOLT_CLASS":"100-161"}},{"type":"Feature","geometry":{"type":"LineString","coordinates":[[-83.3966934455378,42.4598249726163],[-83.3967071816768,42.4597593600383],[-83.3973589336699,42.4598631877708],[-83.3987120659824,42.4600860636438],[-83.4000692407136,42.4602898528238],[-83.4014278527493,42.4605141858372],[-83.4027877215281,42.4607160517259],[-83.404158371887,42.4609376667185],[-83.4054994667746,42.4611552376794],[-83.4068700255053,42.4613670415878],[-83.4079805237578,42.4615391495048],[-83.4090401755686,42.4617054906834],[-83.4119716487336,42.4616301395097],[-83.4149006057175,42.4617370358132],[-83.4175238660102,42.4616499546485],[-83.4204593806956,42.4615582356864],[-83.4234944287146,42.4614679739013],[-83.4250313563342,42.4625265866797],[-83.425157300137,42.4647525708094],[-83.4252524317256,42.466631573808],[-83.4266942277566,42.4687038787378],[-83.4292860326413,42.4687049416106],[-83.4293873769784,42.469983950811],[-83.4307322447902,42.4716589796774],[-83.4326650599555,42.4740355755491],[-83.4336359591146,42.4766904871304],[-83.4350398462407,42.4791013427821],[-83.4361127041845,42.4805177477791],[-83.4373733100227,42.4821793766358],[-83.438376548532,42.4834927616249],[-83.4397390233234,42.4852176430688],[-83.44127767481,42.4870522527391],[-83.4412014392835,42.487087292738]]},"properties":{"OBJECTID":51246,"ID":"167813","VOLTAGE":120,"STATUS":"IN SERVICE","OWNER":"NOT AVAILABLE","SUB_1":"TAP163120","SUB_2":"TAP167210","VOLT_CLASS":"100-161"}},{"type":"Feature","geometry":{"type":"LineString","coordinates":[[-83.4412183132378,42.4871074131542],[-83.4412014392835,42.487087292738]]},"properties":{"OBJECTID":51247,"ID":"168233","VOLTAGE":120,"STATUS":"IN SERVICE","OWNER":"NOT AVAILABLE","SUB_1":"TAP167209","SUB_2":"TAP167210","VOLT_CLASS":"100-161"}},{"type":"Feature","geometry":{"type":"LineString","coordinates":[[-83.4290616721109,42.4700223380109],[-83.4291599217518,42.4700112655472],[-83.4305298534584,42.4717783807932],[-83.4324756052621,42.4741556347122],[-83.4333677221708,42.4767893401608],[-83.4348145487674,42.4791804486732],[-83.4357600256039,42.4804372516352],[-83.4371748721764,42.4822742460239],[-83.4381565511189,42.4835837866297],[-83.4395312429982,42.48529939108],[-83.4410476180624,42.4870768267803],[-83.4410422443404,42.487124985805]]},"properties":{"OBJECTID":51253,"ID":"167217","VOLTAGE":120,"STATUS":"IN SERVICE","OWNER":"NOT AVAILABLE","SUB_1":"TAP138713","SUB_2":"TAP167208","VOLT_CLASS":"100-161"}},{"type":"Feature","geometry":{"type":"LineString","coordinates":[[-83.4502324570579,42.1049642045919],[-83.4498263907017,42.1052947158711],[-83.4492645268309,42.1053076640991],[-83.4345107583012,42.1055389915974],[-83.4213764761591,42.1057400166293],[-83.4179522429248,42.105787949649],[-83.4152092084586,42.1047242740909],[-83.4152739473462,42.1001024959215],[-83.4152240441356,42.0934002178174],[-83.415052960888,42.0886075859278],[-83.4147463452203,42.0835432397845],[-83.4146037241942,42.078721645573],[-83.4143826847354,42.073529723865],[-83.4142186802123,42.0685911815167],[-83.4140475367776,42.0637420289862],[-83.4139619713485,42.0587234321135],[-83.413883559204,42.0563311446531],[-83.4137766138711,42.0538748299211],[-83.4135912006981,42.0495538950469],[-83.4134699811354,42.0440046140158],[-83.4133915447363,42.0419764340582],[-83.4133202059264,42.0382465125856],[-83.4134342632214,42.0350380189474],[-83.4133131200154,42.0326773805059],[-83.4132061441398,42.0277666917066],[-83.4131419684959,42.0231160238403],[-83.413049141086,42.0180817736859],[-83.4135787698112,42.0161887897748],[-83.4141756500119,42.0140242711184],[-83.4140974498697,42.011615667854],[-83.4140546631128,42.0092048327663],[-83.4139976147023,42.0067727236349],[-83.4139762141373,42.0044350741367],[-83.4140190089791,42.0020923948231],[-83.4140616996164,41.9997500585083],[-83.4136918632139,41.9977627056648],[-83.4132426480797,41.9953886566067],[-83.4127427940146,41.9926979465045],[-83.412353864819,41.9858068008509],[-83.4096179998072,41.9847250000887]]},"properties":{"OBJECTID":51257,"ID":"103135","VOLTAGE":345,"STATUS":"IN SERVICE","OWNER":"WYANDOTTE MUNICIPAL SERV COMM","SUB_1":"TAP137301","SUB_2":"DEADEND167212","VOLT_CLASS":"345"}},{"type":"Feature","geometry":{"type":"LineString","coordinates":[[-83.0109367950717,42.760660046737],[-83.0092843045807,42.7595965925467],[-83.0092445999435,42.7579993366642],[-83.0091584515077,42.7558933668916],[-83.0090651165497,42.7535942559131],[-83.0089668408576,42.7510894497129],[-83.0088180798466,42.7486272887658],[-83.0086920462122,42.7462963749391],[-83.0085659227463,42.7439042836066],[-83.0085004355621,42.7413991517886],[-83.0084474349603,42.7388328898701],[-83.0083970385746,42.7364312727377],[-83.0083163707604,42.7341073570022],[-83.0082104584901,42.7312277598809],[-83.0081146091476,42.7285258667537],[-83.0079835449476,42.7261997410597],[-83.0078524807477,42.7238902897263],[-83.0077138706993,42.7215454447889],[-83.0079714176913,42.7211042627123],[-83.0091584515077,42.7190709568573],[-83.0097402112655,42.7182738120319],[-83.0084993054815,42.7180515597716]]},"properties":{"OBJECTID":51258,"ID":"143596","VOLTAGE":120,"STATUS":"NOT AVAILABLE","OWNER":"NOT AVAILABLE","SUB_1":"UNKNOWN128512","SUB_2":"DEADEND167214","VOLT_CLASS":"100-161"}},{"type":"Feature","geometry":{"type":"LineString","coordinates":[[-83.4096651317152,41.9846137527406],[-83.4098762322137,41.9846941579038],[-83.4106035316239,41.9850026291598],[-83.4124645678048,41.9857832581197]]},"properties":{"OBJECTID":51259,"ID":"168234","VOLTAGE":345,"STATUS":"NOT AVAILABLE","OWNER":"WYANDOTTE MUNICIPAL SERV COMM","SUB_1":"TAP167211","SUB_2":"DEADEND167213","VOLT_CLASS":"345"}},{"type":"Feature","geometry":{"type":"LineString","coordinates":[[-83.4127939997824,41.9856064489787],[-83.4124645678048,41.9857832581197]]},"properties":{"OBJECTID":51260,"ID":"168235","VOLTAGE":345,"STATUS":"NOT AVAILABLE","OWNER":"WYANDOTTE MUNICIPAL SERV COMM","SUB_1":"TAP137300","SUB_2":"TAP167211","VOLT_CLASS":"345"}},{"type":"Feature","geometry":{"type":"LineString","coordinates":[[-82.4746270619373,42.7642814738922],[-82.4759508426962,42.7660603655711],[-82.4783820386895,42.7666029356744],[-82.4817070628822,42.7673705621158],[-82.4845366661956,42.7680422928179],[-82.487128934611,42.7688541500378],[-82.4894956360585,42.7695861379215],[-82.4922211246306,42.7704273857453],[-82.4942449391342,42.770991068809],[-82.4957843236461,42.7714215436737],[-82.4971140683201,42.7717933917154],[-82.4987021999109,42.7722207610865],[-82.5019320026834,42.7731344419837],[-82.5048740750704,42.7739531561405],[-82.5077102360855,42.7747319657412],[-82.5104310525197,42.7754905897872],[-82.5142491628701,42.775381659821],[-82.5179830103485,42.7752526837239],[-82.5210957626395,42.7751632718056],[-82.5239254557845,42.775078342925],[-82.5269323865351,42.775000733124],[-82.5297670195158,42.7749131658094],[-82.5327578713211,42.7748155769783],[-82.5361430826377,42.7747347358379],[-82.5391704051452,42.774657256825],[-82.5424685697109,42.7745764820765],[-82.5458033855401,42.7744821890181],[-82.5491931782647,42.774391258723],[-82.5517159170771,42.7740141497802],[-82.5542113471049,42.7736505575894],[-82.5571057189503,42.7735663519768],[-82.5600414132988,42.7734687597045],[-82.5631087108364,42.7733783561042],[-82.5662419447159,42.7732902596308],[-82.5690378612062,42.7732164721439],[-82.5722651486959,42.7731235617694],[-82.575408174212,42.7730235296491],[-82.5782883526759,42.7729283769944],[-82.5811394257247,42.7728402798809],[-82.5843213482926,42.7727283779027],[-82.586763687887,42.7726688330434],[-82.5896179050393,42.7725783616747],[-82.592718709737,42.7724878895145],[-82.596409977071,42.7723688658771],[-82.5996242389891,42.7722926367945],[-82.602942346154,42.7722021655357],[-82.6061534639686,42.7724236625816],[-82.609212047848,42.7726616447946],[-82.6125658181297,42.7728640845774],[-82.6159553404615,42.7727950436789],[-82.6191728372129,42.7727093868574],[-82.6225818538846,42.772628345144],[-82.6260134182699,42.7725474345477],[-82.6292359446887,42.7724567658369],[-82.6325988777863,42.7723822520006],[-82.6356318596801,42.7723193437893],[-82.6385093431982,42.7722495775851],[-82.6414597699173,42.7721796787595],[-82.644388008249,42.7721074725521],[-82.647138649649,42.7720445647212],[-82.6499716665605,42.7719816555075],[-82.6531093021848,42.7719048337891],[-82.6560375405165,42.7718349345744],[-82.658810370304,42.7717557387565],[-82.661640243112,42.7716882798954],[-82.6643972625505,42.7716183810957],[-82.6671636235696,42.7715461735746],[-82.6699459754991,42.7714670426705],[-82.6730550455958,42.7713622606689],[-82.6760531728565,42.7712644677548],[-82.678822768709,42.7711642348033],[-82.6815986527685,42.77105945163],[-82.6836259707017,42.7709663395312],[-82.6855548332797,42.7709011878176],[-82.6873346644538,42.7708521927606],[-82.6902660477873,42.7707194491242],[-82.6933307402106,42.770600684543],[-82.6963731535165,42.7704819869965],[-82.6992602499065,42.7703724547279],[-82.7021725880576,42.7702559315689],[-82.7050500715757,42.7701488388237],[-82.7080100195385,42.7700300738078],[-82.710906548239,42.7699206726283],[-82.7138951524594,42.769818130114],[-82.7166493880188,42.7697239616995],[-82.7195041441602,42.7696328925294],[-82.7225328141406,42.7691704885657],[-82.7255676815982,42.7687079485998],[-82.7285311347873,42.7686396297874],[-82.7318018109053,42.7685530426622],[-82.7351500116322,42.7684892739278],[-82.7381290047774,42.7684027525381],[-82.7414183658533,42.7683275750258],[-82.7449962657984,42.7682432296248],[-82.7483786025062,42.7681475427175],[-82.7515624115361,42.7680792885737],[-82.7546655518536,42.7680222445383],[-82.7580944212931,42.7678878468396],[-82.7618678835772,42.7677512719581],[-82.7652316260569,42.7680587786834],[-82.7687846426687,42.7680200689754],[-82.7720212726374,42.7679721920651],[-82.7750405103073,42.7678924630785],[-82.7780195025542,42.7678332426422],[-82.7809395671151,42.7677603725631],[-82.7838347465459,42.7676874357924],[-82.7866586015399,42.7676145648822],[-82.7894979066584,42.7675097757038],[-82.7922317495625,42.767418636672],[-82.7951083347654,42.7674049856887],[-82.7978949087767,42.7673867850323],[-82.8006616300203,42.7673815745749],[-82.8034109239473,42.7673878395217],[-82.8072870645668,42.7673106817117],[-82.8109248821413,42.7672633318285],[-82.8141463305817,42.7671924388299],[-82.8171381696355,42.7671152807765],[-82.8204133373298,42.7670380566798],[-82.823587533488,42.7669593816471],[-82.8268025149566,42.7668631645182],[-82.8299553321093,42.7668017681516],[-82.8332326557603,42.7667387876654],[-82.8367653695483,42.766677258621],[-82.8403859394695,42.7665795908647],[-82.8439336569193,42.766462928675],[-82.8475243129415,42.7663668426707],[-82.8509518349081,42.7662691737656],[-82.8543020119287,42.7661793525298],[-82.8576179631369,42.7660328816451],[-82.8604981416009,42.7659020408431],[-82.8634105695835,42.7657776620606],[-82.8663637810801,42.7656877735041],[-82.8696367029862,42.7656105476278],[-82.8727938320523,42.765475089515],[-82.8755560617194,42.7653868499024],[-82.8784491759234,42.7652970926769],[-82.8819045456638,42.7652261321385],[-82.8854624131781,42.7651680309485],[-82.8890312401388,42.7651341330667],[-82.8925789566904,42.7650693709141],[-82.8957068006782,42.7650354729783],[-82.8989438798045,42.7649553445156],[-82.9018954743335,42.7649245461406],[-82.9053508440739,42.7647981869086],[-82.9088271445604,42.7646964926005],[-82.9120810221825,42.7645854325967],[-82.9154062260382,42.7645083379054],[-82.9189959837451,42.7649060796386],[-82.9230642740038,42.7653467529367],[-82.9269940440457,42.7657104598235],[-82.9306845028959,42.7655687367991],[-82.9343834059098,42.7654053815505],[-82.9380529340139,42.7652543576901],[-82.9414574591092,42.7651271417911],[-82.9442790665183,42.7650819665646],[-82.9468647781304,42.7650819665646],[-82.9498580535903,42.7650740526528],[-82.9530123089458,42.765058356725],[-82.9557267482398,42.765042529554],[-82.9586450152718,42.7650189856488],[-82.9617027008359,42.765011071729],[-82.9645029292396,42.765042529554],[-82.9672066785817,42.7650740526528],[-82.969835149103,42.7646959650031],[-82.9725066489265,42.7643809885744],[-82.9755321748034,42.7639792857846],[-82.9788795670466,42.7635932766931],[-82.9820660710224,42.7631994829478],[-82.9855529716293,42.7627583327133],[-82.9886535068324,42.7623250949205],[-82.9919473585864,42.7619233788001],[-82.9950908341584,42.7615610340334],[-82.998052040661,42.7611671607578],[-83.0011097262251,42.7610962607829],[-83.0044785882036,42.7610726500839],[-83.0076438021072,42.7610335396295],[-83.0085408875976,42.7596980109601],[-83.0085270238979,42.758000402526],[-83.0084362141041,42.7559144876325],[-83.0083530310071,42.7536078697031],[-83.008242098951,42.7511127198831],[-83.0081085293497,42.7486580068463],[-83.0079673141871,42.7463160139832],[-83.0078436808511,42.7440494768138],[-83.0077832152494,42.7414106828047],[-83.0077277891963,42.7388368379455],[-83.007672276905,42.7364428290902],[-83.007584067734,42.7338542770439],[-83.0074908235059,42.731239505921],[-83.0073898618511,42.7285322458291],[-83.0072462338135,42.7259452951581],[-83.0071303520402,42.7239006526211],[-83.0070034290737,42.721572757717],[-83.0074409840756,42.7193966935189],[-83.0084993054815,42.7180515597716]]},"properties":{"OBJECTID":51263,"ID":"110110","VOLTAGE":345,"STATUS":"IN SERVICE","OWNER":"NOT AVAILABLE","SUB_1":"UNKNOWN128512","SUB_2":"ST. CLAIR","VOLT_CLASS":"345"}},{"type":"Feature","geometry":{"type":"LineString","coordinates":[[-88.2344425266946,41.7477464416033],[-88.2342613149422,41.7476551189374],[-88.2337748727243,41.7476218740446],[-88.2338106714866,41.7488108767858],[-88.2336639415664,41.7585230716425],[-88.2336065392198,41.7628424708477],[-88.2331389750976,41.7719903088157],[-88.2328800806327,41.776073117113],[-88.2328748542343,41.7761555550394],[-88.2328699862638,41.7762070867285]]},"properties":{"OBJECTID":52764,"ID":"119895","VOLTAGE":138,"STATUS":"IN SERVICE","OWNER":"NOT AVAILABLE","SUB_1":"TAP138249","SUB_2":"FRONTENAC","VOLT_CLASS":"100-161"}},{"type":"Feature","geometry":{"type":"LineString","coordinates":[[-88.2067084113299,41.7772837875612],[-88.2071101145687,41.777681962636],[-88.2071029765555,41.7780507788083],[-88.2251654648553,41.777427359794],[-88.2314795630873,41.7765580641154],[-88.2323749579484,41.776207829001],[-88.2329537406893,41.7759633267753],[-88.2330466202015,41.7759689005395],[-88.2330538794873,41.7769279927783],[-88.2327445500091,41.781579838994],[-88.2325036299348,41.7854583596297],[-88.2318760471143,41.7916538819488],[-88.2317425269204,41.795162225659],[-88.2316939855557,41.7959445920067],[-88.2323207356379,41.7959760009563],[-88.2317553755239,41.7968169030735],[-88.2307702784918,41.7968011978021],[-88.2300965447236,41.7969998824955],[-88.2263394120147,41.7975855947572],[-88.2244566653501,41.7980652311355],[-88.222766086291,41.7987314326161],[-88.2217113392816,41.7993126200996],[-88.220901342763,41.7998932357683],[-88.2078660361005,41.8101944118576],[-88.1990966409744,41.8169088146751],[-88.1974319881928,41.8177838255882],[-88.1955000560714,41.8185893909926],[-88.1695706228748,41.8287239055539],[-88.1692406941289,41.828606930642],[-88.169281318641,41.828303677645]]},"properties":{"OBJECTID":52818,"ID":"115995","VOLTAGE":138,"STATUS":"IN SERVICE","OWNER":"NOT AVAILABLE","SUB_1":"UNKNOWN122229","SUB_2":"WARRENVILLE","VOLT_CLASS":"100-161"}},{"type":"Feature","geometry":{"type":"LineString","coordinates":[[-88.1436396796103,42.0646255955302],[-88.1434277894926,42.0644086406038],[-88.1430219980209,42.0644723010574],[-88.1416397692764,42.0656589305766],[-88.1395177716072,42.0660105035274],[-88.137531382715,42.0660697996146],[-88.135687039927,42.0660697996146],[-88.1338710219184,42.0668821167562],[-88.1034648991821,42.0669033647634],[-88.1011872378472,42.0668142940726],[-88.0819910594891,42.0644572410847],[-88.080349324527,42.0633981936679],[-88.0762520465323,42.0629063495487],[-88.0559978225511,42.0605185201206],[-88.0560505069459,42.0591223941516],[-88.0555286639193,42.0591270148347],[-88.0554606165365,42.0596501196078]]},"properties":{"OBJECTID":52832,"ID":"108797","VOLTAGE":138,"STATUS":"IN SERVICE","OWNER":"COMMONWEALTH EDISON CO","SUB_1":"UNKNOWN121899","SUB_2":"UNKNOWN125211","VOLT_CLASS":"100-161"}},{"type":"Feature","geometry":{"type":"LineString","coordinates":[[-85.6914751327303,44.7785788497839],[-85.6893189020622,44.7786402138279],[-85.6893180001537,44.7791229995481],[-85.6893369995219,44.7818209996303],[-85.6892939998642,44.7847329999357],[-85.6980629997316,44.7847119997329],[-85.6994069997709,44.7847379998919],[-85.7047939997987,44.7891829999263],[-85.7048800000124,44.7975490000662],[-85.7048890002333,44.7989199998869],[-85.7049460001347,44.8020749998204],[-85.7088610000767,44.8020430000173],[-85.7088604044936,44.8024551628043]]},"properties":{"OBJECTID":53028,"ID":"167056","VOLTAGE":138,"STATUS":"IN SERVICE","OWNER":"NOT AVAILABLE","SUB_1":"UNKNOWN128706","SUB_2":"UNKNOWN128770","VOLT_CLASS":"100-161"}},{"type":"Feature","geometry":{"type":"LineString","coordinates":[[-87.8347607712091,42.8424024419554],[-87.8360043710407,42.843885143782],[-87.8360900316912,42.8443943490025],[-87.8362090045675,42.844665606508],[-87.8395878396422,42.843966046085],[-87.8415294798569,42.8434901528869],[-87.8439089409747,42.8429523950827],[-87.8486964161617,42.8430332966312],[-87.8553874609616,42.8431332340405],[-87.8591279730412,42.8455840791169],[-87.8664091238461,42.8456602218808],[-87.8738140068017,42.8457458818017],[-87.8758841375431,42.8457696768983],[-87.8763314760967,42.8457791948027],[-87.8770453151507,42.8470545859908],[-87.8786062412631,42.8503334830925],[-87.8802528280261,42.8536456927042],[-87.8818946555146,42.8570483216119],[-87.8834793771006,42.8603557731284],[-87.8849260896112,42.8632206438737],[-87.8866345433478,42.8666803797746],[-87.8873103091051,42.8681461278425],[-87.8888141293149,42.8712394279506],[-87.8902322879758,42.872805112527],[-87.8905606527549,42.8735094326084],[-87.8908699831314,42.8742185129332],[-87.8915267135878,42.8755938409129],[-87.8922024811418,42.8769929640972],[-87.8931209528242,42.8786633460814],[-87.8938014787543,42.8803384868608],[-87.8945819422596,42.8818994125068],[-87.8962047353456,42.885225899009],[-87.8977323492324,42.8882716090068],[-87.8999880781996,42.8929543886111],[-87.9014347898119,42.8959239561509],[-87.9028767430481,42.8988459340991],[-87.9035525097037,42.9002117445103],[-87.9042235179833,42.9016441798965],[-87.904970669263,42.9031813119812],[-87.9057225789187,42.9047041665309],[-87.9072787457567,42.9078450560964],[-87.9087635297674,42.9109383549141],[-87.9095439932727,42.9125468706091],[-87.9103720459286,42.9142410467069],[-87.9116188832884,42.9150833758528],[-87.9121423648421,42.9162921419493],[-87.9127277115728,42.9179339695999],[-87.9132654700514,42.9194330311237],[-87.9153927075936,42.9194996558624],[-87.9202753619799,42.9196757360751],[-87.9230974032753,42.9197756730915],[-87.9233305897534,42.9226690976936],[-87.9236494377803,42.9263762976197],[-87.9253245774946,42.9278753576445],[-87.9254483096452,42.9296789901081],[-87.9253198200168,42.930754506069],[-87.9251104272157,42.9324296466855],[-87.9252008471406,42.9338097340163],[-87.9252722299681,42.9351327150559],[-87.9262144971241,42.9366746047103],[-87.9263334700003,42.9379975860225],[-87.9257052915969,42.9393871908058],[-87.9258433006723,42.9408529388341],[-87.9259717920972,42.9423710346008],[-87.9261050418983,42.9440509338122],[-87.926081247323,42.9452644598532],[-87.9263287107259,42.94798180358],[-87.9264476836022,42.9493428560804],[-87.9265856926776,42.9504849965955],[-87.926690388629,42.9516461736443],[-87.9265618981023,42.9530548149843],[-87.9266808709786,42.9544777326645],[-87.9269045407045,42.9572997731266],[-87.926952129855,42.9589463601576],[-87.9263144338011,42.9597744129498],[-87.9265522798406,42.9626446775839],[-87.92788772702,42.9626122296844],[-87.9304290133481,42.96266040553],[-87.9331144038208,42.9626424628521],[-87.9357160578343,42.9636677167159],[-87.9383876816252,42.9629761679308],[-87.9414302647127,42.9628327066415],[-87.9437743052589,42.9631011078466],[-87.9482729792686,42.9635937061556],[-87.9507296775346,42.9632317298951],[-87.9553693331449,42.9630351837104],[-87.9578096712929,42.9630232798481],[-87.9601598787735,42.9630054306243],[-87.9649972877139,42.9630411310389],[-87.9675134580449,42.963094666831],[-87.9713731307486,42.9631125068256],[-87.9760607411237,42.9630946615719],[-87.9788380202668,42.9631125015665],[-87.97925054012,42.9631886919194]]},"properties":{"OBJECTID":53035,"ID":"167110","VOLTAGE":138,"STATUS":"IN SERVICE","OWNER":"AMERICAN TRANSMISSION CO","SUB_1":"OAK CREEK STATION","SUB_2":"ALLERTON","VOLT_CLASS":"100-161"}},{"type":"Feature","geometry":{"type":"LineString","coordinates":[[-89.605246694164,44.500064679993],[-89.6045973766053,44.4988496776329],[-89.6037883601486,44.4984308920857],[-89.6037312533477,44.4923965787724],[-89.5974970647519,44.4748837456458],[-89.6012756492298,44.4721140540695],[-89.6016658809824,44.4634052258371],[-89.5980300648543,44.4590555721491],[-89.5982394567572,44.4479387296835],[-89.6102700121474,44.4450738591051],[-89.6245753318057,44.4416950239361],[-89.6370437072008,44.4387920817605],[-89.6498547251981,44.4357654068148],[-89.6595724439218,44.4334811247899],[-89.6719075695159,44.4304925215849],[-89.68836392219,44.426637795099],[-89.7020981711441,44.4232970318998],[-89.7148996705926,44.4202513221023],[-89.7281865818915,44.4171104328518],[-89.741892276996,44.4138267767227],[-89.7530852620799,44.4112188881427],[-89.7663436177325,44.4080304098461],[-89.7800112422352,44.404765788965],[-89.7800493137353,44.40243391813],[-89.7804116105776,44.4020723136487]]},"properties":{"OBJECTID":53048,"ID":"167207","VOLTAGE":115,"STATUS":"IN SERVICE","OWNER":"AMERICAN TRANSMISSION CO","SUB_1":"ROCKY RUN","SUB_2":"NORTHERN STEEL CASTING","VOLT_CLASS":"100-161"}},{"type":"Feature","geometry":{"type":"LineString","coordinates":[[-89.4602766077488,43.0141586696046],[-89.4608417298092,43.0135459585733],[-89.4604848102822,43.008210016672],[-89.4558151177037,43.0082457085801],[-89.4559995256619,43.0031536627976],[-89.4561185003347,43.0006016910041],[-89.4560292697792,42.9980259241578],[-89.4558567591087,42.9929636207868],[-89.4558924509716,42.9904413920377],[-89.451906854228,42.990423545514],[-89.4444531918542,42.9904294947939],[-89.4327283978338,42.9904116489238],[-89.4289690678457,42.990326577559],[-89.4257711849102,42.9903256129514],[-89.4182790405062,42.9901816030448],[-89.4107367269903,42.990265340717],[-89.4066856691137,42.990301032537],[-89.4031395767161,42.9903367315642],[-89.394678840925,42.990176086107],[-89.383709411481,42.9895170929944],[-89.3733401976823,42.9889506125206],[-89.3663727161166,42.9885492177069],[-89.3664818227961,42.9859246126161],[-89.3665933369605,42.9820216021007],[-89.350781346738,42.9823532390641],[-89.3464512047605,42.9861956460762],[-89.3413768840285,42.9864165280621],[-89.3297342840601,42.9868151249554],[-89.3203701539102,42.9868151249554],[-89.3172410217384,42.9868032270096],[-89.3034959606615,42.9867257726802],[-89.301754253988,42.9849572399929]]},"properties":{"OBJECTID":53092,"ID":"167437","VOLTAGE":138,"STATUS":"IN SERVICE","OWNER":"NOT AVAILABLE","SUB_1":"FITCHBURG","SUB_2":"TAP173302","VOLT_CLASS":"100-161"}},{"type":"Feature","geometry":{"type":"LineString","coordinates":[[-85.7678158143076,42.2656863796586],[-85.766682111673,42.2659320626902],[-85.7662230411217,42.2659865388334],[-85.7624123580421,42.2659621121265],[-85.7565128898059,42.2662485536267],[-85.7526072476143,42.2662729629385],[-85.7427398174619,42.2663210150456],[-85.7427824937261,42.2699477488664],[-85.7379954533237,42.2699792056343],[-85.7356095908112,42.2699857041186],[-85.7356095979977,42.2674450966983],[-85.7298517833021,42.2644042464988],[-85.72475258283,42.2640292158906],[-85.7226794427325,42.2638868810971],[-85.7206770970659,42.2630463885246],[-85.7120149248521,42.259443805914],[-85.7119002378381,42.2559788305811],[-85.7060368782831,42.2555273266696],[-85.706074889596,42.2536965506904],[-85.7048345147163,42.2521663661035],[-85.6972610161853,42.2520802946444],[-85.6972610170836,42.2514881149012],[-85.693014958315,42.251228630691],[-85.6831341630278,42.2513514469668],[-85.6808806151701,42.2488786348537],[-85.674776686782,42.24911316752],[-85.6711902043327,42.2492534550111],[-85.6675169985258,42.2493145046954],[-85.6675241868447,42.2533864437486],[-85.6674651675305,42.2591078318689],[-85.6674276179517,42.2641300655092],[-85.6674383079035,42.2678180708225],[-85.6673525187939,42.2717876349585],[-85.6674001079444,42.2762991097277],[-85.6636557501771,42.2778510338167],[-85.6613604854559,42.2776582308956],[-85.6605182259439,42.2788330687426],[-85.6605182259439,42.2807143847601],[-85.6605343057875,42.2840520456734],[-85.6604501336453,42.288864756742],[-85.6604608235972,42.2914203905309],[-85.660400277147,42.2954015587538],[-85.6612907770882,42.2976513490202],[-85.6627498207727,42.2996431287259],[-85.6628464785989,42.3035155489591],[-85.6628785484546,42.3091014487088],[-85.6628785484546,42.3135444355276],[-85.66291070904,42.3173009545631],[-85.66291070904,42.321200050809],[-85.6629268787152,42.3236591307286],[-85.660630964512,42.3237463358155],[-85.6606094049452,42.325515264766],[-85.6606148846684,42.3292789721389],[-85.6620471585574,42.3304211695155],[-85.6631199266697,42.3321620857315],[-85.6632396720971,42.3366062340498],[-85.6615535343088,42.3376225315332],[-85.6558206658286,42.3411504626562],[-85.6536694702177,42.3409085715331],[-85.6464312049844,42.3402356810433],[-85.6420217345808,42.3402356810433],[-85.6290613806507,42.3402753880628],[-85.6209344121068,42.3402594521383],[-85.610387651682,42.3402828905619],[-85.6075069342289,42.3402550697583],[-85.6050607318787,42.3402273810779],[-85.6028559068454,42.3408657448219],[-85.5998250809083,42.3417221539859],[-85.5971965205554,42.3417142526057],[-85.5950024753055,42.3417063505604],[-85.592234406589,42.3411551776314],[-85.589241039501,42.3411749637913],[-85.5871006245718,42.3404255839534],[-85.5841877465332,42.3404017465217],[-85.581907913072,42.3404017465217],[-85.5798533761856,42.3403938449755],[-85.5764354140903,42.3403935056738],[-85.5763609796859,42.3430646498129],[-85.5762645006244,42.3452928189122],[-85.5762429419559,42.3470374397903],[-85.5761678418998,42.3488452168245],[-85.5760846579045,42.35064424362],[-85.5760183631348,42.352699870537],[-85.575929698518,42.354560856629],[-85.5744124440031,42.355484260152],[-85.5743298888285,42.3577410640289],[-85.5742648508019,42.3597180651135],[-85.5741727734853,42.3616502658475],[-85.574105399839,42.3635837346651],[-85.5740362295621,42.3655661265856],[-85.5739690355789,42.367492241129],[-85.5739013026065,42.3694341581163],[-85.5738326722171,42.3713997737257],[-85.5737688909336,42.3732303431591],[-85.5737002596459,42.3751961717836],[-85.5734641832875,42.3773915465163],[-85.5733880061514,42.379428515086],[-85.5733156908727,42.3813621666402],[-85.5732372679484,42.3834562699846],[-85.57316800784,42.3853088479878],[-85.5731003646991,42.3871162518832],[-85.573013588341,42.3894373377045],[-85.5737646688517,42.3907447739345],[-85.5736574109051,42.3933041651175],[-85.5736036907528,42.3951582437269],[-85.5735392815469,42.3978521216028],[-85.5734856530228,42.3999754600157],[-85.5734534933356,42.4020036687145],[-85.573367704226,42.4039288640232],[-85.5732388849159,42.4061153420835],[-85.5731424058544,42.4084047489307],[-85.5731208471859,42.4102188518907],[-85.5734212429186,42.4122149610869],[-85.5740113471271,42.4142348148614],[-85.575191552849,42.4163814067842],[-85.5765970569426,42.4182665701298],[-85.5781312896163,42.4198109467282],[-85.5797942508703,42.4210227197465],[-85.5819179589318,42.4223454116612],[-85.5839457260226,42.4233195418908],[-85.5863382989504,42.4242144147674],[-85.5885805828327,42.4250698210599],[-85.5910267860812,42.4260043217919],[-85.5938806439073,42.4268833087023],[-85.5966701814608,42.4279128667892],[-85.5995132595035,42.4289898167139],[-85.6021096610675,42.4300114486025],[-85.604958488328,42.4310765610763],[-85.605870368173,42.4323395676796],[-85.6071292672121,42.4342722520143],[-85.6070240259833,42.4349972869816],[-85.6082934937018,42.4360849297826]]},"properties":{"OBJECTID":53098,"ID":"167476","VOLTAGE":138,"STATUS":"IN SERVICE","OWNER":"CONSUMERS ENERGY CO","SUB_1":"ARGENTA","SUB_2":"WEEDS LAKE","VOLT_CLASS":"100-161"}},{"type":"Feature","geometry":{"type":"LineString","coordinates":[[-86.6435779769377,46.407259351743],[-86.6425188398615,46.4067811390038],[-86.6383690598302,46.4049917840994],[-86.6378265429756,46.4024410018682],[-86.6409864667004,46.3981008651302],[-86.6412148957008,46.3838716880744],[-86.6481058147531,46.3838716880744],[-86.6495430087149,46.3838240985753],[-86.6523793269351,46.3851185259766],[-86.6561674290634,46.3911147670944],[-86.6689594108615,46.3911909098934],[-86.6777253447788,46.3911813916622],[-86.6939532693509,46.3912384985467],[-86.6988835128877,46.3912289815629],[-86.7116754946858,46.3807307999801],[-86.7122751192396,46.3767808935856],[-86.7120371725889,46.3759242877146],[-86.714321456304,46.3646551606118],[-86.7162726141691,46.3614095756802],[-86.732281626493,46.3533765161121],[-86.7357366045679,46.3516918576037],[-86.7460825007968,46.3486366298084],[-86.7528116170968,46.3410794606472],[-86.7563237010743,46.3391092675617],[-86.770181682179,46.3365870387634],[-86.7841824307352,46.3379100190838],[-86.7901596364811,46.3382812145736],[-86.8017904415699,46.3349785230964],[-86.8076248807626,46.3337316860903],[-86.8091477362733,46.3337412037915],[-86.811736589294,46.3349309337898],[-86.8201884344587,46.3346358807771],[-86.8345032717674,46.334121916684],[-86.8379772851432,46.3333604901094],[-86.8533200502586,46.3326752047573],[-86.8605536110147,46.3323230449465],[-86.8636278749874,46.3331130257562],[-86.8703950618891,46.3371105197509],[-86.8730219873081,46.3386333757098],[-86.8743354491193,46.3392710709517],[-86.8813215464726,46.3409842826888],[-86.8887264285299,46.3427926727742],[-86.8925050139061,46.3438396355649],[-86.8981871662003,46.3452006880381],[-86.9007379486193,46.3458859726934],[-86.9035933021403,46.3465141497236],[-86.9082665628271,46.3472946135763],[-86.9131016280629,46.3477324341027],[-86.9281493388282,46.3481988090833],[-86.9396659312135,46.348522414912],[-86.947775133776,46.3487508438461],[-86.9481272940286,46.3487984329064],[-86.9487840244851,46.3477133986084],[-86.9578735657037,46.3477514695903],[-86.9742728115769,46.3477419518473],[-86.9882354886331,46.3477800240496],[-86.9987622238135,46.3533289266977],[-87.0049297870597,46.3529196587511],[-87.0326552669195,46.3483701298724],[-87.0853936396714,46.3396993739572],[-87.1049718454686,46.3364823425848],[-87.1178875603157,46.3343503456283],[-87.1373515507145,46.3296390128826],[-87.1683511687994,46.3222150950381],[-87.1846457178229,46.3184555461396],[-87.2005976251425,46.3147150340867],[-87.2155787105581,46.311250537802],[-87.2182912966277,46.3109364489869],[-87.2198141521384,46.3107841641305],[-87.2279233547009,46.3109174137132],[-87.2279328732497,46.3107651275629],[-87.2386975541825,46.311022109808],[-87.2398872847414,46.3110316277377],[-87.2411150868004,46.3107936821015],[-87.2423238526602,46.3104605570936],[-87.2436944221707,46.3099370760719],[-87.2471874708473,46.3078241139714],[-87.2617973616078,46.2982015738525],[-87.2637390018224,46.2974972537643],[-87.2741991116532,46.296002951873],[-87.2783108210829,46.2950226140213],[-87.2901795719241,46.2912059589116],[-87.2953382435629,46.2895498538042],[-87.2980793825838,46.2890073366418],[-87.3008300401534,46.2886837299903],[-87.3073592813027,46.2884838547038],[-87.3236443117774,46.2880555516984],[-87.3360365450707,46.2876748385531],[-87.3405384844564,46.2895879249279],[-87.3456305316438,46.2895308179222],[-87.3457923352945,46.2895022647074],[-87.3461254602463,46.2856570558027],[-87.3572137475821,46.2849241820444],[-87.3659987176986,46.2843911819814],[-87.3660938959996,46.2860853589385],[-87.3750597050676,46.2861139120721],[-87.376430274578,46.2861043935348],[-87.3776104874865,46.2844197359981],[-87.3840159964852,46.2843816650072],[-87.3909164340862,46.2843340751451],[-87.3923631456985,46.2825256850018],[-87.4035180592823,46.2824971306188],[-87.4163290772796,46.2824876139364],[-87.4285785422231,46.2825352029192],[-87.4297492365828,46.2823829166627],[-87.4297968257333,46.2717990748782],[-87.4379345830438,46.2717229320962],[-87.4383914401461,46.2679919366038],[-87.4356407825765,46.2679157941218],[-87.4329281965069,46.2679157941218],[-87.4329377150557,46.2673066516998],[-87.4336050824634,46.2673790510198]]},"properties":{"OBJECTID":53115,"ID":"167572","VOLTAGE":138,"STATUS":"IN SERVICE","OWNER":"UPPER PENINSULA POWER CO","SUB_1":"MUNISING","SUB_2":"FORSYTH","VOLT_CLASS":"100-161"}},{"type":"Feature","geometry":{"type":"LineString","coordinates":[[-87.8704451205687,42.9332426950133],[-87.870310843095,42.9334325120816],[-87.8703352350499,42.9370327136297],[-87.8703114395763,42.9383235718049],[-87.870299543187,42.9429992130243],[-87.8703114395763,42.9471989611318],[-87.8702935936449,42.9487099187159],[-87.8703114395763,42.9515474258181],[-87.8703173891185,42.9529037188055],[-87.8707813842341,42.9539566306988],[-87.8705731808024,42.9549560041049],[-87.8703292855078,42.9559553777182],[-87.8704006701318,42.9594829290508],[-87.8704839511452,42.9610355267208],[-87.8702460044944,42.9619873109233],[-87.8702460044944,42.9643132347766],[-87.8702222099192,42.9655446055452],[-87.8724351090103,42.9681203716097],[-87.8736188909254,42.9694528700685],[-87.874912722751,42.9709727509551],[-87.8753142571066,42.9714754118022],[-87.8745944703071,42.9720554060498],[-87.8749424659701,42.9723796070456]]},"properties":{"OBJECTID":53130,"ID":"167632","VOLTAGE":138,"STATUS":"IN SERVICE","OWNER":"AMERICAN TRANSMISSION CO","SUB_1":"NORWICH","SUB_2":"RAMSEY","VOLT_CLASS":"100-161"}},{"type":"Feature","geometry":{"type":"LineString","coordinates":[[-88.0097675221489,44.5407020309808],[-88.0123309977628,44.5412290720592],[-88.0148426926871,44.5416099927265],[-88.0176371467201,44.5424042057012],[-88.0206579681199,44.5380955299778],[-88.0237349791406,44.5378250901312],[-88.0261366996129,44.5384000646411],[-88.0277811016731,44.5394704208158],[-88.032783522148,44.5431820859744],[-88.03816616894,44.5465365749114],[-88.0398974470713,44.5477126507065],[-88.0423941167741,44.5505787565818],[-88.045009137719,44.5535563148783],[-88.0467000374766,44.5550090587039],[-88.0488916312242,44.5579331677807],[-88.0502043106028,44.5595047715445],[-88.0496858146989,44.5614099450475],[-88.0485534388759,44.5654177238935],[-88.0490509681011,44.567141306559],[-88.0491641378605,44.5721743968938],[-88.0492712197374,44.5767789048022],[-88.0493188187693,44.5806106787882],[-88.0493009692446,44.5823242900926],[-88.0492830406682,44.5873619439626],[-88.0475918013474,44.5887902356828],[-88.0467464318678,44.5910152008446],[-88.0483995889088,44.5955065727682],[-88.0492289872409,44.5977143230782],[-88.0495685585031,44.6028138701358],[-88.0496757041603,44.6045758131305],[-88.0497114319558,44.6062967449878],[-88.0496578851783,44.6115980029435],[-88.0495270132179,44.6182724497216],[-88.0494495065752,44.6245027517941],[-88.0467235966933,44.6288152969795],[-88.0439575177451,44.6333243020023],[-88.0429163326016,44.6349842501116],[-88.0420335078663,44.6363825498642],[-88.0404948132605,44.6413966769688],[-88.0390255108155,44.6462983150214],[-88.0350565921935,44.65932969591],[-88.0344056217346,44.6606734408223],[-88.0334410179691,44.6623168400421],[-88.0296874686398,44.6688126817831],[-88.0197413406787,44.6859150251359],[-88.0169393902046,44.6907812565969],[-88.0123078302116,44.6985501348527],[-88.0095133842634,44.7012909561213],[-88.0041860377604,44.7065708421438],[-88.0041031376327,44.711467893637],[-88.0045550908319,44.7180450075216],[-88.0049418622741,44.7238049066674],[-88.0049478190028,44.7251632868192],[-88.0048645182265,44.7302386911199],[-88.0049307959281,44.7312284836009],[-88.0064912055093,44.731528719828],[-88.0079326862316,44.7318073236893],[-88.0088689849809,44.7318281318942],[-88.0091827180006,44.7317075155491]]},"properties":{"OBJECTID":53136,"ID":"167664","VOLTAGE":138,"STATUS":"IN SERVICE","OWNER":"AMERICAN TRANSMISSION CO","SUB_1":"PULLIAM SW YD","SUB_2":"UNKNOWN173278","VOLT_CLASS":"100-161"}},{"type":"Feature","geometry":{"type":"LineString","coordinates":[[-85.7678158143076,42.2656863796586],[-85.7666691417969,42.2658780259207],[-85.7662174931265,42.2659316206106],[-85.7624102640692,42.2659072158202],[-85.7565101679106,42.2661936881497],[-85.752606694252,42.2662180848519],[-85.7426652860394,42.266266492657],[-85.7427079596087,42.2698933585739],[-85.7379949906913,42.269924326121],[-85.7356834826332,42.2699306238597],[-85.7356834862264,42.2674167790187],[-85.7298785989116,42.2643510706627],[-85.7247596229269,42.2639745858164],[-85.7227020093107,42.2638333165794],[-85.7207133171381,42.2629985566337],[-85.7120877467806,42.2594111976874],[-85.711972493828,42.255929218746],[-85.7061117860997,42.2554779225904],[-85.7061490796587,42.2536816926033],[-85.7048766430082,42.252111955816],[-85.6973348855494,42.2520262506579],[-85.697334887346,42.2514375626413],[-85.6930173720881,42.2511737129128],[-85.6831729109593,42.2512960791341],[-85.6809184171756,42.2488222268452],[-85.6747728392977,42.2490583616079],[-85.6711874339283,42.2491986066636],[-85.6674719866419,42.2492596637155],[-85.6674792710805,42.2533863386922],[-85.6674202526646,42.2591076131322],[-85.6673827021875,42.264130009666],[-85.667393391241,42.267817840815],[-85.6673076030297,42.2717873690707],[-85.6673076030297,42.2762415790208],[-85.6657910312344,42.2768711916068],[-85.6636332590574,42.2777644916127],[-85.6611691155543,42.2773631521337],[-85.6603467159966,42.277067285028],[-85.6598233179862,42.2772283175852]]},"properties":{"OBJECTID":53198,"ID":"167921","VOLTAGE":138,"STATUS":"IN SERVICE","OWNER":"CONSUMERS ENERGY CO","SUB_1":"UNKNOWN128711","SUB_2":"WEEDS LAKE","VOLT_CLASS":"100-161"}},{"type":"Feature","geometry":{"type":"LineString","coordinates":[[-83.1900048159362,42.2891180308061],[-83.1896518157589,42.288944116652],[-83.1885929544654,42.2900803085264],[-83.1876709137764,42.2912462448374],[-83.1857851909932,42.2935602709666],[-83.1822160002148,42.297992016566],[-83.1838221358405,42.3005439891592],[-83.184256387737,42.3019776135223],[-83.1866120542796,42.3052434247343],[-83.1879623982214,42.3063379771083],[-83.1884382897263,42.3078013449021],[-83.1901336559076,42.3102105495814],[-83.1919658408964,42.3126792400882],[-83.1943453020143,42.3158439240767],[-83.195225703095,42.3171407298693],[-83.1953387273274,42.3184018439062],[-83.1955066188608,42.3222987040325]]},"properties":{"OBJECTID":53220,"ID":"167967","VOLTAGE":120,"STATUS":"IN SERVICE","OWNER":"NOT AVAILABLE","SUB_1":"UNKNOWN130400","SUB_2":"RISER173197","VOLT_CLASS":"100-161"}},{"type":"Feature","geometry":{"type":"LineString","coordinates":[[-85.8679706328443,41.7354479837762],[-85.8680658111453,41.7364542580452],[-85.8681758619541,41.7384706531456],[-85.8683471832552,41.7568210568502],[-85.8681239546021,41.7599421308668],[-85.8671747246043,41.7630021320306],[-85.8661647145944,41.7663330876748],[-85.8651466502896,41.7696903048173],[-85.8642558853455,41.7726358290136],[-85.8634183895993,41.7753890837696],[-85.8624679675372,41.7785226177234],[-85.8614845135237,41.7817651655716],[-85.8604678245396,41.7850682366208],[-85.8589027428207,41.7881122120457],[-85.8567969336912,41.7909246936758],[-85.854610403747,41.7937741781555],[-85.8523116275113,41.7967365738279],[-85.8501609080075,41.7996093410798],[-85.8480135104737,41.8024807186097],[-85.8463538029177,41.8049184187523],[-85.844593028604,41.8073728075542],[-85.8425433102809,41.8102456818403],[-85.8405815172611,41.8130360409099],[-85.8384788387604,41.8160082120281],[-85.836420460678,41.8190671368772],[-85.8346370326495,41.8220698465453],[-85.8327574696142,41.8252467691394],[-85.8308871035308,41.8284079436789],[-85.8290353981508,41.8315259689083],[-85.8274821804819,41.8341558147877],[-85.8261789127525,41.8363645691251],[-85.8243186958352,41.839508067641],[-85.822669299142,41.8422949378478],[-85.8210476594928,41.8450350440122],[-85.8191787145442,41.8481929949071],[-85.8174669594989,41.8510848166727],[-85.8156687362177,41.8540755811348],[-85.8141374832557,41.8569711260004],[-85.812650496576,41.8596565618625],[-85.8110340132566,41.8625865901457],[-85.8093479006211,41.8657403149142],[-85.8078596329438,41.8684800409563],[-85.8063385821485,41.8712829836317],[-85.8048891216915,41.8739081178391],[-85.8034053527772,41.8766609555285],[-85.8018707850318,41.8794550598982],[-85.80034267797,41.8822736169374],[-85.7983921426374,41.8849542635871],[-85.7964786367591,41.8875498356217],[-85.7942915741139,41.8905577425382],[-85.7922707518985,41.8932704118975],[-85.7900479776275,41.8962715680747],[-85.7878754030112,41.8993938666448],[-85.7861153859773,41.9019547370308],[-85.7842966155305,41.9045452170343],[-85.7839806142647,41.9076853276153],[-85.7836332483208,41.9110271676958],[-85.7837785948354,41.9144927039795],[-85.7838271038608,41.9170173431576],[-85.7839478536046,41.9199268835628],[-85.7840621291902,41.9226815975697],[-85.7842063483192,41.9253329149021],[-85.7851288947598,41.9286781964994],[-85.7858459722404,41.9312146386777],[-85.7866092500761,41.9345815656678],[-85.7872872697064,41.937878356664],[-85.78802269887,41.9412449819986],[-85.7882102886609,41.9446659840941],[-85.7883813314842,41.9479694855299],[-85.7885867788846,41.9514316451383],[-85.7887700100498,41.9548403255616],[-85.7888795012082,41.9582884971588],[-85.7889806488142,41.9617078338728],[-85.7890570047151,41.9645000336689],[-85.7891523977134,41.9679215711324],[-85.7898005636319,41.9712149330628],[-85.7903738639547,41.9741162456736],[-85.7910391733221,41.977523680648],[-85.7916406025913,41.980487543627],[-85.7923087596182,41.9838684646812],[-85.7924459134974,41.9873051531192],[-85.7925743698881,41.9905388546352],[-85.7926827929497,41.9935907645025],[-85.7927983171935,41.9970200477082],[-85.7929208464999,42.0003897787832],[-85.7930330469773,42.0037554957411],[-85.7931634841532,42.0071776469582],[-85.7932848429548,42.0105946695017],[-85.7933958738256,42.014030209921],[-85.7935135549244,42.0174632956323],[-85.79363339198,42.0208851765873],[-85.7937484652695,42.0240404700495],[-85.79386084002,42.0274540950157],[-85.7928935790378,42.0308016326042],[-85.7920322833266,42.033763078039],[-85.7911787939751,42.0366975956898],[-85.7903249452976,42.0396329779207],[-85.7895034027326,42.0424575940339],[-85.7886841302103,42.0453431738535],[-85.7878566470863,42.0482062930412],[-85.7869904016578,42.0511586187748],[-85.7861395686247,42.0541008001355],[-85.7853444041897,42.0568873687409],[-85.7842296757705,42.0598759118733],[-85.7829648595286,42.0631080025571],[-85.7817681643312,42.0664316295878],[-85.7805032591561,42.0697394697579],[-85.7792593718636,42.0730344448073],[-85.7780282217836,42.0762390851626],[-85.7768008060002,42.0795037386804],[-85.7756649770533,42.0825241481581],[-85.7745587008826,42.0854661475613],[-85.7734770834664,42.0883423888093],[-85.7716446316779,42.0914269135547],[-85.7697752088256,42.0945734547495],[-85.7679302803361,42.0976974110257],[-85.7662380618516,42.1005266817193],[-85.7646516388565,42.1031963795339],[-85.7630900695503,42.1058062315136],[-85.7612300610422,42.1089543658034],[-85.7605851883475,42.1119329457261],[-85.760228823081,42.1153222636741],[-85.7598438994733,42.1187107340423],[-85.75948231769,42.1220572591245],[-85.7591258095914,42.1253581291285],[-85.7591856769152,42.1284872908195],[-85.7592268242468,42.1319275245438],[-85.7593565580418,42.1353570448212],[-85.7594879815679,42.1387950875861],[-85.7596240745368,42.1422081467157],[-85.7597367214768,42.1453918188562],[-85.7598443387495,42.1483691096023],[-85.7599483699476,42.1514094386042],[-85.7600945411157,42.154641659571],[-85.7602422178602,42.1574034479864],[-85.760097513641,42.1598716610625],[-85.7599269999253,42.1632823647412],[-85.7597766210484,42.1667557665475],[-85.759630004316,42.1697732037949],[-85.7595512921341,42.1725096645168],[-85.759528472231,42.1754668479827],[-85.7595090659259,42.1785430725933],[-85.7595340408874,42.1816092770127],[-85.7595591011889,42.1845796506192],[-85.7595260000673,42.1870370788444],[-85.7599653948189,42.1892931857238],[-85.7605572489455,42.1924886116165],[-85.7610323687976,42.1951316810121],[-85.7615607803056,42.1979793298962],[-85.7621016307853,42.200871523938],[-85.7642191162169,42.2036011669961],[-85.7658696941946,42.2056749650095],[-85.7659596011815,42.2087102385483],[-85.7659724228356,42.2116028016995],[-85.7651747718639,42.2143188435974],[-85.7652060970161,42.2169700978373],[-85.7652535280632,42.2196735868111],[-85.7652905377545,42.2222503247576],[-85.7653356304869,42.2247781886566],[-85.7653410212769,42.2268705015249],[-85.7653703099484,42.2286252111136],[-85.7654148466236,42.2309497850346],[-85.7689546759669,42.2323938618059],[-85.7711969391881,42.2333026768645],[-85.7712033360912,42.2357527405424],[-85.7712404383091,42.2385478826945],[-85.7712641511376,42.2409689117419],[-85.7712613654619,42.2440472961587],[-85.7712737631112,42.2470686007891],[-85.7712648697898,42.2499100010037],[-85.771277087776,42.2527332199784],[-85.771307215474,42.2555800086201],[-85.7704231941827,42.2585218800271],[-85.7703950311002,42.2616437910753],[-85.7703979057091,42.2646334748703],[-85.7703867926508,42.2656328638695],[-85.7692842220306,42.2656206810287],[-85.7678158143076,42.2656863796586]]},"properties":{"OBJECTID":53224,"ID":"168011","VOLTAGE":345,"STATUS":"IN SERVICE","OWNER":"NOT AVAILABLE","SUB_1":"TAP138974","SUB_2":"WEEDS LAKE","VOLT_CLASS":"345"}},{"type":"Feature","geometry":{"type":"LineString","coordinates":[[-87.8704451205687,42.9332426950133],[-87.870568618259,42.9331372696264],[-87.8703860401691,42.9327233719188],[-87.8734579676237,42.9327523530307],[-87.8804134423073,42.9327104230189],[-87.8814580248792,42.9326806796065],[-87.8847595266861,42.9327163719628],[-87.8867999151067,42.9327342181331],[-87.8870973481956,42.9308960840916],[-87.8873947794879,42.9292364100159],[-87.8876922125768,42.9275826847285],[-87.8885761826641,42.9223645271267],[-87.8891996008949,42.9188238887244],[-87.8895618285669,42.9168149600552],[-87.8898847756065,42.9150545759011],[-87.8901403427115,42.9135330586591],[-87.8904555552565,42.9117666870262],[-87.8907709151252,42.9099935267246],[-87.8913122138643,42.9067397875829],[-87.8919787566186,42.9030857015244],[-87.8921694752416,42.9015540070554],[-87.8923309321426,42.9000590209292],[-87.8922113726665,42.8984091078104],[-87.8920565893498,42.8967779179237],[-87.89188271324,42.8951111096252],[-87.8912945889184,42.8937968316172],[-87.8905783567525,42.8921793419385],[-87.8896274639731,42.8906902059123],[-87.8885341495937,42.8892563517561],[-87.8872677082993,42.8879301721069],[-87.8857094933025,42.886545092105],[-87.8845547745817,42.8857194389781],[-87.8810230633136,42.8836825999774],[-87.877054342321,42.881510810844],[-87.8731580039807,42.8794050037737],[-87.8665071435184,42.8757583338384],[-87.8627195983455,42.8737482505267],[-87.8604373627892,42.8732477081491],[-87.8588223185708,42.8725851256112],[-87.8574011388755,42.871886379144],[-87.8556123470065,42.8707394129865],[-87.8536802028827,42.8696614176614],[-87.8522639019378,42.8668996305677],[-87.8499085336358,42.8620996766047],[-87.8474636877417,42.8571267049883],[-87.8458811041461,42.8538782450139],[-87.8450304444878,42.8522066699967],[-87.8434296673128,42.848921800708],[-87.8424822725731,42.8472057659324],[-87.8414774377575,42.845506681558],[-87.8397829546203,42.8440326700366],[-87.8384171452825,42.8442515810346],[-87.8361566570409,42.8447084368435],[-87.8357664252882,42.843927974],[-87.8347607712091,42.8424024419554]]},"properties":{"OBJECTID":53230,"ID":"168095","VOLTAGE":138,"STATUS":"IN SERVICE","OWNER":"AMERICAN TRANSMISSION CO","SUB_1":"OAK CREEK STATION","SUB_2":"RAMSEY","VOLT_CLASS":"100-161"}},{"type":"Feature","geometry":{"type":"LineString","coordinates":[[-88.7191517740644,44.4201613877428],[-88.7182715176124,44.4210188009975],[-88.7206037156682,44.4210705125768],[-88.7219068217008,44.4206901456667],[-88.7232801436493,44.4219358527068],[-88.7281864183376,44.4271692138676],[-88.7331119816518,44.432410058778],[-88.7347982757469,44.4341923708074],[-88.7376279473324,44.4342102049426],[-88.7390323851257,44.4358955308596],[-88.7396463261302,44.439207265565],[-88.7371792855603,44.4466844067356],[-88.7359352266897,44.450434440554],[-88.7355114248948,44.4523445319052],[-88.7354099538953,44.4542366737768],[-88.7355528039918,44.4579567256071],[-88.7357312606111,44.4635008150509],[-88.7359335198906,44.4690867170853],[-88.7361369532682,44.4746020396878],[-88.7362785618929,44.4801625287072],[-88.7331756991549,44.4805527660627],[-88.7334053229146,44.4892210856647],[-88.7335479475339,44.495895893136],[-88.7315317076248,44.5041035077534],[-88.7297422492058,44.5115468968129],[-88.7285422311402,44.5168383128363],[-88.7209782808023,44.5168478280381],[-88.7199054821473,44.5204206306803],[-88.7179957357185,44.5222062437184],[-88.7180435126169,44.5278629868208],[-88.7181006149262,44.5311178127534],[-88.7180910990724,44.5347622628825],[-88.7179578564579,44.5422333098087],[-88.7178817098646,44.5458598756809],[-88.717815079125,44.5551596119319],[-88.7178627149879,44.5594564277135],[-88.7181382435569,44.5611286020608],[-88.717900715521,44.5633233560425],[-88.7179388157672,44.5674666947605],[-88.7179951859495,44.5711871030301],[-88.7131416055374,44.5713774397283],[-88.7131608528407,44.5757368216858],[-88.7130276093279,44.584502357603],[-88.712979990533,44.5886261070087],[-88.7133009711604,44.5923645786754],[-88.708751869324,44.5947668075851],[-88.7044648967858,44.5971112466787],[-88.7040055351804,44.6010253867119],[-88.7028718774615,44.604826476156],[-88.7030243754641,44.6107453308381],[-88.7033301296475,44.6186662617875],[-88.7054186237498,44.6196530268249],[-88.7080560450847,44.6240959945842],[-88.7076839206732,44.6256989926843],[-88.7087717732957,44.6270635788329],[-88.7082401530055,44.6340031159984],[-88.7082206290211,44.6356041196945],[-88.7160242750297,44.6377749869861],[-88.7264388753098,44.6406626716233],[-88.7258651851182,44.6416653205694],[-88.7263382568115,44.6415817496818],[-88.7314444039556,44.6415547685634],[-88.736515301208,44.6415214526524],[-88.7365613757989,44.6401721786146],[-88.7366452856329,44.6358968679433],[-88.737373424968,44.6360080629258]]},"properties":{"OBJECTID":53231,"ID":"168034","VOLTAGE":138,"STATUS":"IN SERVICE","OWNER":"AMERICAN TRANSMISSION CO","SUB_1":"WERNER WEST","SUB_2":"CLINTONVILLE","VOLT_CLASS":"100-161"}},{"type":"Feature","geometry":{"type":"LineString","coordinates":[[-83.4412183132378,42.4871074131542],[-83.441084947554,42.4872048320997],[-83.4411948690055,42.4893008686945],[-83.4411888134621,42.4900008475048],[-83.4416602412384,42.4900900811508],[-83.4422977387646,42.4902176258901]]},"properties":{"OBJECTID":53282,"ID":"168231","VOLTAGE":120,"STATUS":"IN SERVICE","OWNER":"NOT AVAILABLE","SUB_1":"UNKNOWN128463","SUB_2":"TAP167209","VOLT_CLASS":"100-161"}},{"type":"Feature","geometry":{"type":"LineString","coordinates":[[-87.9734110380223,45.8021845789626],[-87.9717389130542,45.802296489638],[-87.9719464238848,45.8028315535769],[-87.9726140185663,45.8053393455529],[-87.9700620800156,45.8070161399397],[-87.968295826877,45.8081229790554],[-87.9667625329427,45.8091337747558],[-87.9632926536139,45.8113784650576],[-87.9617720699426,45.8123513956482],[-87.9595493630452,45.8136935097163],[-87.9581220954673,45.8146509925678],[-87.9550148696119,45.8168249126818],[-87.9535485882012,45.8177558149254],[-87.9510523586728,45.8192319017575],[-87.9490726083305,45.8205272780391],[-87.9490812824629,45.8228727129993],[-87.9491026596717,45.8250697480384],[-87.9490769669563,45.8264598277869],[-87.9491112852951,45.8284568306789],[-87.9491069724834,45.8302054705518],[-87.9491370678421,45.832814982123],[-87.9491499137506,45.8344229667301],[-87.9491756962976,45.8367361996397],[-87.949180005516,45.8384427130941],[-87.949180005516,45.8400446517223],[-87.9491970735064,45.84223511772],[-87.9491970735064,45.8445719679501],[-87.9487347645286,45.8455703339456],[-87.9470915671092,45.8455942380357],[-87.9449425265567,45.8455971791141],[-87.942218566019,45.8455643885838],[-87.9391341106594,45.8455583818967],[-87.936315736287,45.8455463666434],[-87.9357752199806,45.8459438498224],[-87.9333729452478,45.8475395710119],[-87.9311422487342,45.8490455798301],[-87.9287828236405,45.850611240783],[-87.9267837128072,45.851943976977],[-87.923180300708,45.8543790457711],[-87.9211321418602,45.8557426605982],[-87.9187540318086,45.8573271527904],[-87.9160270161006,45.8591650338749],[-87.9134487605053,45.8608803639408],[-87.9110644529765,45.8624921716949],[-87.9087348519502,45.8640320566198],[-87.9059684002013,45.8638546486115],[-87.9042485755898,45.863744738949],[-87.9006024036831,45.8635081527197],[-87.8989492340657,45.8633983668588],[-87.8951697521708,45.8641693655419],[-87.8926853705228,45.8646636748532],[-87.8888997809823,45.8654282748732],[-87.8851960270658,45.8661696578482],[-87.881534762564,45.8669131577089],[-87.8786712038312,45.8674876337119],[-87.8746338156182,45.8683029866174],[-87.8713548749997,45.8689725866378],[-87.8676571397956,45.8697075429695],[-87.8648816150623,45.8702672906004],[-87.8613144050691,45.8709811506582],[-87.858220337736,45.8715999935455],[-87.854822999163,45.8722821875378],[-87.8509039190729,45.8730699508463],[-87.8472487640134,45.8738112938198],[-87.8434995553436,45.8745651368648],[-87.8398200559398,45.8753085869706],[-87.8363377367409,45.8759970528012],[-87.8325824195272,45.8767551809056],[-87.8286209389558,45.8775513856499],[-87.8250081834793,45.878273594963],[-87.8218110802814,45.8789113677759],[-87.8179252378569,45.8796990358644],[-87.8146068611974,45.8803642466977],[-87.8115982236478,45.8809646607068],[-87.8075695490931,45.8817840689389],[-87.8037873722524,45.8825347390092],[-87.8008122418629,45.8836209539013],[-87.7978596591871,45.8846993935719],[-87.7943734772325,45.8859634656771],[-87.7927748344545,45.8865330556404],[-87.7889635530969,45.8879266458542],[-87.7854840186754,45.8891938340291],[-87.7827018455106,45.8902034495479],[-87.779576517704,45.8913394717223],[-87.7764445405676,45.8924801599144],[-87.7744985210659,45.8931932338186],[-87.7718485808093,45.894148134126],[-87.7696514812874,45.8958380638937],[-87.7678018501174,45.8972469876352],[-87.7654096365158,45.899069357715],[-87.7630309865766,45.900899481598],[-87.7606119142463,45.9027342347958],[-87.7570651858416,45.9027498627515],[-87.7532762716362,45.9027638647709],[-87.7504626583348,45.9027654907028],[-87.7478552074928,45.902777868037],[-87.7443621992404,45.9027856820093],[-87.7421023065818,45.9027888701097],[-87.7386340019997,45.9028106867131],[-87.7348922493467,45.9028371916869],[-87.732015843807,45.9028590707831],[-87.7281731205161,45.9028855757337],[-87.7248774712332,45.9029073916741],[-87.7210280105777,45.9029214567905],[-87.7209899220097,45.9054284918697],[-87.7209652183394,45.9078995346668],[-87.7209518325433,45.910615354592],[-87.7191313076868,45.9119397758249],[-87.7170956345232,45.913407540834],[-87.7138381645382,45.9133935408741],[-87.7105985701291,45.9133669790657],[-87.7073566401002,45.9133420416166],[-87.7041282746322,45.9133201666521],[-87.7009828236648,45.9136228528958],[-87.6972544559096,45.9136508526962],[-87.6935305797308,45.9136664775787],[-87.6897887372464,45.9136929767443],[-87.6860581237029,45.9137241646066],[-87.682343230677,45.9137351651348],[-87.6791260043184,45.9151935698649],[-87.6759447105713,45.9166238761112],[-87.6727656626123,45.9180556447368],[-87.6695350504577,45.9195045626071],[-87.6663581584554,45.920940945003],[-87.6633248181338,45.9223009895999],[-87.6602892311257,45.9236655631255],[-87.6572625365406,45.9250348508286],[-87.654233777627,45.9264024807448],[-87.6510546398365,45.9278215628111],[-87.6502094149857,45.9297941349178],[-87.6493664359231,45.9317995627438],[-87.6485257026487,45.9336799636178],[-87.6472971666661,45.9365583907438],[-87.6478957141399,45.9386148636654],[-87.6473171990969,45.9403750928918],[-87.646669334114,45.9423238545311],[-87.6457815291187,45.9448478489954],[-87.6449744826675,45.9472438689798],[-87.6441763295375,45.9495244859746],[-87.6433669465682,45.9518625940502],[-87.642447700538,45.9545045655802],[-87.641545433565,45.9571717660761],[-87.640650711542,45.959740670636],[-87.6374319580474,45.9598736838922],[-87.6340802538908,45.9600246816523],[-87.6309683999151,45.9601530731379],[-87.6276296306003,45.9603040701367],[-87.6275842665768,45.9631431486283],[-87.6275518364967,45.9656284807621],[-87.6275278514786,45.9683138765778],[-87.6274997351086,45.9709914639629],[-87.6274950638691,45.9735191469218],[-87.6274997351086,45.9760467769476],[-87.6251470464811,45.9779227436116],[-87.6226771295058,45.9798834816114],[-87.6204462533292,45.9816355337586],[-87.6180278089213,45.983573357963],[-87.6154314082556,45.9856347647492],[-87.6129427155925,45.9876211329908],[-87.6104822300293,45.9895945726805],[-87.6088090279811,45.9909133638927],[-87.6068593235901,45.9924567397313],[-87.606976554633,45.9949378857207],[-87.6070843515688,45.9974351445578],[-87.6034052114911,45.9983435689954],[-87.6000870144946,45.999176968734],[-87.5965110019099,46.0000560355683],[-87.5965204342204,46.002367549869],[-87.5964782125038,46.0048253518871],[-87.5964735421626,46.0072864757603],[-87.5964360815169,46.0100337397307],[-87.5964079651468,46.0126475455951],[-87.5964219788653,46.0148315800838],[-87.5964079651468,46.0172954396438],[-87.5964266501047,46.0196224536877],[-87.5936005502209,46.0215621909053],[-87.5908494596633,46.0234398585788],[-87.5880421345689,46.0253598765569],[-87.5853097289692,46.0272310527326],[-87.5824977326353,46.029147634086],[-87.5801027342563,46.0307843678641],[-87.5773188551908,46.0326975830134],[-87.5746521155401,46.0345587827592],[-87.5714979518128,46.0357755378314],[-87.5686249598711,46.0368980405805],[-87.56520363628,46.0382417697372],[-87.5626212493328,46.0392535365368],[-87.5595514365123,46.0404637667579],[-87.5562941452921,46.0417455535772],[-87.5527181318091,46.0431509578655],[-87.5494327233205,46.0444358616756],[-87.5460208320399,46.0457826509975],[-87.5425854048988,46.0471326490123],[-87.5391688414804,46.0484793719638],[-87.5357521001956,46.0498292417277],[-87.5323027491676,46.0511758365895],[-87.5292001478393,46.0523955928924],[-87.5258069415166,46.0537258540288],[-87.5225543215359,46.0550301496352],[-87.5192923590762,46.0563278688775],[-87.515885139035,46.0576938791528],[-87.5124778291624,46.059056490138],[-87.5108007311208,46.059711053534],[-87.510305570753,46.0587856407343],[-87.50763761658,46.0579834337072]]},"properties":{"OBJECTID":56875,"ID":"172642","VOLTAGE":345,"STATUS":"IN SERVICE","OWNER":"AMERICAN TRANSMISSION CO","SUB_1":"ARNOLD","SUB_2":"PLAINS","VOLT_CLASS":"345"}},{"type":"Feature","geometry":{"type":"LineString","coordinates":[[-83.1325643726281,42.6597568277742],[-83.1326784955001,42.6596241217638],[-83.1326710835007,42.6590934230502],[-83.1326177172846,42.6573901475078],[-83.1325286807653,42.655596445524],[-83.1325101512159,42.6543109286085],[-83.1324522449144,42.6532477717023],[-83.1324036029384,42.6525482648717],[-83.1322808418666,42.6522957938278],[-83.1322460986246,42.6511677821605],[-83.132162714305,42.649446810128],[-83.1320862775558,42.6475961286003],[-83.1320631144962,42.6469058866657],[-83.1320422690901,42.6462619706284],[-83.1319820460334,42.6450320435917],[-83.1319171912632,42.6437766375804],[-83.1319079269376,42.6433180211216],[-83.1318917132451,42.6429173097827],[-83.1318639175735,42.6422757095283],[-83.1318384386571,42.6416873827012],[-83.1318013786601,42.641055047556],[-83.1317689521733,42.6404273449274],[-83.1317434732569,42.6397046760404],[-83.131697148036,42.6389634769182],[-83.1316647206509,42.6381620550441],[-83.1316253438987,42.637372214828],[-83.1320167901737,42.6373235735679],[-83.1319936280124,42.6367120851059],[-83.1319704649528,42.6359894160255],[-83.1319310890989,42.6354775249203],[-83.13188939649,42.6349100439542],[-83.1318592849616,42.6342869735893],[-83.1318314901884,42.6335295610571],[-83.1318314901884,42.6329250210035],[-83.1318361228003,42.6317715296272],[-83.1318314901884,42.6312457417866],[-83.1318036945169,42.6305392857833],[-83.1317596869495,42.6297517618783],[-83.1315118480508,42.6273845578816],[-83.1313983522028,42.6265275470993],[-83.1312616941936,42.6256936976284],[-83.1310439659249,42.6242668897714],[-83.1309165731395,42.62317130495],[-83.1307266405424,42.6213715805978],[-83.1306237439165,42.6195482447689],[-83.1304960385174,42.6176430295931],[-83.1303821402242,42.6143986417605],[-83.1301750516017,42.6106641441611],[-83.1299714143066,42.6063290885504],[-83.1296987477701,42.6020734175359],[-83.1295986547862,42.5996228685337],[-83.1294847555947,42.5968064636664],[-83.1293708573015,42.5934516279428],[-83.1293915661638,42.592209096606],[-83.1331633827343,42.5921206516],[-83.1362945199459,42.592036522981],[-83.1380409679275,42.5920606827485],[-83.1405294818258,42.591936429676],[-83.1442674319102,42.591829433868],[-83.1467973653297,42.5918190800226],[-83.149285879228,42.591774209812],[-83.1491995915534,42.5911391389094],[-83.1491547225016,42.5897550956033],[-83.1487957700871,42.582123880771],[-83.1485817779117,42.5783272560423],[-83.1484575247383,42.5752899565126],[-83.1483746892893,42.5736263445944],[-83.1482641039829,42.5720120196692],[-83.1482155069226,42.5705033095065],[-83.1481138957859,42.5681861266977],[-83.1480873891968,42.5674041596752],[-83.1479371801015,42.5639515790278],[-83.1478885830413,42.5627167778949],[-83.1478510307675,42.5612632918728],[-83.1484629092401,42.5612367845162],[-83.1484923973376,42.5612995037541]]},"properties":{"OBJECTID":57757,"ID":"174867","VOLTAGE":120,"STATUS":"IN SERVICE","OWNER":"NOT AVAILABLE","SUB_1":"APACHE","SUB_2":"TAP173192","VOLT_CLASS":"100-161"}},{"type":"Feature","geometry":{"type":"LineString","coordinates":[[-83.7702769995376,41.8399219999291],[-83.770321457161,41.841165089766],[-83.7702896532067,41.8425307306742],[-83.7618786337767,41.8427396358272],[-83.7591555976054,41.8447284840098],[-83.7603400622401,41.8449939985158],[-83.7682818035623,41.8469552130411],[-83.7735155608841,41.8481779319197],[-83.7777933553351,41.8491886230708],[-83.7798530593309,41.8496765359067],[-83.78248744975,41.8502955256261],[-83.7875731171022,41.8515225025968],[-83.790098973967,41.8520784038202],[-83.7972867682544,41.8537957325075],[-83.8023547783215,41.8549579948055],[-83.8070871499506,41.8560568440969],[-83.8073597895376,41.8561208776362],[-83.8098134514979,41.8566968929158],[-83.8145764440002,41.8578153909605],[-83.8171340104961,41.8584149519897],[-83.8238709672919,41.8599755119679],[-83.8257746509908,41.8604275535421],[-83.828808859085,41.8607811238104],[-83.8343521830402,41.8613725597558],[-83.8395471430232,41.8619179847409],[-83.8398920574648,41.8635563980295],[-83.8402945386447,41.8650766020454],[-83.8412601215739,41.8687411240606],[-83.8417560967136,41.8705246968201],[-83.8441644126167,41.8704780051417],[-83.8516208948022,41.8704456968886],[-83.8566426856496,41.8703664246022],[-83.8613920767601,41.8703376001162],[-83.8660984277887,41.870301943092],[-83.8744108580146,41.8702275986944],[-83.877113964163,41.8701415698542],[-83.8854001635826,41.8700621908292],[-83.8924838943325,41.8699817226703],[-83.8950364042117,41.8699672855915],[-83.8967446441493,41.8738930127473],[-83.897288115913,41.8750898176676],[-83.8978664018856,41.8763027815917],[-83.902271552291,41.8762770058385],[-83.9045578158931,41.8762264355411],[-83.9096450660769,41.8764446296508],[-83.9144834029769,41.8766443247238],[-83.9193556216346,41.8768164350159],[-83.9218563041118,41.8769134818332],[-83.9267100075931,41.8769528928681],[-83.9337521517353,41.8771201470314],[-83.9363346895995,41.8771684699027],[-83.9387970490484,41.8771926848338],[-83.9408515778499,41.8772282751409],[-83.94342793261,41.877244202148],[-83.9460375960025,41.8772644078771],[-83.948470065807,41.8772601960375],[-83.9509060650922,41.8772969528059],[-83.9530202716729,41.877311694569],[-83.9559894561135,41.8773114945787],[-83.9589302627743,41.8772119427975],[-83.9618983773214,41.8770968149761],[-83.9645567374872,41.8769971056768],[-83.9719907222647,41.876848979504],[-83.9743598168242,41.8767888715819],[-83.9769425056054,41.8767573430763],[-83.9792207858795,41.8767651140046],[-83.9814665552252,41.8766762806935],[-83.9833422096906,41.8760418450876],[-83.985687188078,41.8760418450876],[-83.9908399973112,41.875895348765],[-83.9928039346096,41.8767051886053],[-83.9948426243159,41.8775024415737],[-83.9968206948086,41.8783038535607],[-83.9989183050145,41.8791042689512],[-84.0013391569073,41.8798239048635],[-84.0039430396411,41.8805565487735],[-84.0064146580256,41.8812881308883],[-84.0084070548504,41.8818214235096],[-84.0103706058732,41.8824093428279],[-84.0103691020934,41.882521620645],[-84.0105985839193,41.8844711877418],[-84.0106306753345,41.8863107831378],[-84.0106912900566,41.8880441499673],[-84.0107480959219,41.8897092676103],[-84.0103673899045,41.8904996851191]]},"properties":{"OBJECTID":57758,"ID":"174879","VOLTAGE":138,"STATUS":"IN SERVICE","OWNER":"CONSUMERS ENERGY CO","SUB_1":"BEECHER","SUB_2":"MOROCCO","VOLT_CLASS":"100-161"}},{"type":"Feature","geometry":{"type":"LineString","coordinates":[[-85.7678158143076,42.2656863796586],[-85.7693086050024,42.2660290987446],[-85.770382319939,42.2660351356138],[-85.7703673638878,42.2673801510869],[-85.7703477797163,42.2703248375168],[-85.7703321211826,42.2735418439395],[-85.7711970550707,42.2760524096042],[-85.7712009995731,42.2788311997602],[-85.7711844714702,42.2817224425872],[-85.7711608457783,42.2846357246051],[-85.7711464727337,42.287469457082],[-85.7711267987307,42.290076475537],[-85.7711170978239,42.29287301193],[-85.7710729716788,42.2957988729472],[-85.7702215709105,42.2988403000486],[-85.770218871473,42.3013421525692],[-85.770177728633,42.3039548997928],[-85.7701776388015,42.306400712123],[-85.7710463411223,42.3083736130621],[-85.7709764279386,42.3118736128823],[-85.7691125440983,42.3139711961255],[-85.7672974127268,42.315981103817],[-85.7668720990674,42.3188945581211],[-85.7663748186755,42.3212196526224],[-85.7658884195767,42.3236036225114],[-85.7658445296886,42.326261578598],[-85.7657937757733,42.3291246009023],[-85.7657358074881,42.3321915430936],[-85.7638399112843,42.3344718249874],[-85.7619572742141,42.3367895905898],[-85.7600178896691,42.3391344440093],[-85.7580322670399,42.3415226657413],[-85.7561867312892,42.3437774445658],[-85.7543639166271,42.3460362755296],[-85.7544948092488,42.3485219686625],[-85.7546269505288,42.3510277787542],[-85.7547783166542,42.3539020618016],[-85.7549278870473,42.3567401678319],[-85.7550364924668,42.358801371106],[-85.7551627057642,42.3611956686807],[-85.7552946691778,42.3636652591136],[-85.7554328336618,42.3663030168102],[-85.7555733247823,42.3687407448726],[-85.7557063544961,42.3715117417179],[-85.7577171928354,42.37376510698],[-85.7578639649764,42.376034302992],[-85.7580357237571,42.3786404361255],[-85.7582056221267,42.3812153990016],[-85.7542651360818,42.3812204898665],[-85.7510610799236,42.3812310398732],[-85.7473167652755,42.3812310398732],[-85.7444839801293,42.3812435135501],[-85.7407617290029,42.3812310398732],[-85.7369527769768,42.3812310398732],[-85.7333571137452,42.3829869068197],[-85.7305394912627,42.3843543909683],[-85.7278503844597,42.3858048598349],[-85.7240193455557,42.3857999106705],[-85.7201053939477,42.3858030285313],[-85.7163573629692,42.3858054178516],[-85.7126274087892,42.3858154369389],[-85.7088098751572,42.3858150388295],[-85.7059658215441,42.3858563227605],[-85.701810187192,42.3859422499141],[-85.6975783541442,42.3860154328468],[-85.6941680780345,42.3860755491358],[-85.6902613381015,42.3861514576208],[-85.6859106381787,42.3862432186242],[-85.6824060829816,42.3863022047367],[-85.6783951016448,42.386382756852],[-85.6742435672036,42.386461771514],[-85.6721674491909,42.3895617767441],[-85.6701939762758,42.3925086791419],[-85.6685816728174,42.3948618847447],[-85.6668468589171,42.3974555878789],[-85.6651539370518,42.3999605110616],[-85.6635702386469,42.4022730987861],[-85.6605157654583,42.4038673227655],[-85.6571763484582,42.4056276865528],[-85.6547055816765,42.4069289976085],[-85.6521996117156,42.4082741097851],[-85.6483485116347,42.4088405448527],[-85.6441444185629,42.409457753123],[-85.6410540460005,42.4099312965303],[-85.6375521929358,42.4104679955188],[-85.6340163601971,42.4121708518603],[-85.6311786531815,42.4135272079953],[-85.6283252256484,42.4149136258796],[-85.6256506958075,42.4161843739706],[-85.623014782744,42.4174625047086],[-85.6204425728106,42.4187203337079],[-85.6178264451413,42.4200145625516],[-85.6156047569334,42.4210897025013],[-85.6156098279232,42.4242613881121],[-85.6156214161904,42.4270562911587],[-85.6156190805706,42.4300894701157],[-85.6156190805706,42.4323409706377],[-85.6156296330803,42.4344857645611],[-85.6117904626263,42.4345120989557],[-85.6104323428674,42.4362028718901],[-85.6095006407975,42.436053363776],[-85.6082934937018,42.4360849297826]]},"properties":{"OBJECTID":57783,"ID":"174884","VOLTAGE":345,"STATUS":"IN SERVICE","OWNER":"CONSUMERS ENERGY CO","SUB_1":"ARGENTA","SUB_2":"WEEDS LAKE","VOLT_CLASS":"345"}},{"type":"Feature","geometry":{"type":"LineString","coordinates":[[-85.7678158143076,42.2656863796586],[-85.7666665285977,42.2657671847511],[-85.7662063953395,42.2658217866807],[-85.7624060761233,42.2657974257233],[-85.7565047223234,42.2660839577171],[-85.7526055839344,42.2661083265411],[-85.7425162240927,42.2661574497325],[-85.7425588922721,42.2697845765187],[-85.7379940672232,42.2698145676157],[-85.7358312662772,42.2698204605385],[-85.7358312617856,42.2673601409621],[-85.729932231029,42.2642447168616],[-85.7247737049173,42.2638653235316],[-85.722747138874,42.2637261867428],[-85.7207857590793,42.2629028907485],[-85.7122333906376,42.2593459838432],[-85.7121170040111,42.2558299949587],[-85.7062616035295,42.2553791136509],[-85.7062974579874,42.2536519770836],[-85.704960896897,42.25200313776],[-85.6974826260743,42.2519181605513],[-85.697482625176,42.2513364566702],[-85.6930222023294,42.2510638765477],[-85.6832504086188,42.2511853426578],[-85.6809940184916,42.2487094126716],[-85.6747651407357,42.2489487496408],[-85.6711818958146,42.2490889111553],[-85.6674717917075,42.2491494037639],[-85.6674684921954,42.2472798360377],[-85.667243200112,42.2408545585747],[-85.6672111311547,42.2383121269212],[-85.663181627455,42.2322261910707],[-85.6586904948022,42.2254136401415]]},"properties":{"OBJECTID":57792,"ID":"174886","VOLTAGE":138,"STATUS":"IN SERVICE","OWNER":"CONSUMERS ENERGY CO","SUB_1":"TAP141281","SUB_2":"WEEDS LAKE","VOLT_CLASS":"100-161"}},{"type":"Feature","geometry":{"type":"LineString","coordinates":[[-88.1318092598822,44.2206831936566],[-88.1297272309549,44.2207069886126],[-88.1285969868341,44.2194815658061],[-88.1261342447029,44.2194101819985],[-88.1230647400047,44.2192912090081],[-88.1200309280676,44.219207928158],[-88.1069795837823,44.2188867011025],[-88.0965575445533,44.2186963436689],[-88.0833634328166,44.2185059869074],[-88.0766295590389,44.2185535759945],[-88.0698599916017,44.2186368577701],[-88.0572607460428,44.2185892681065],[-88.0556784049923,44.217197283528],[-88.0546671337477,44.2149486925819],[-88.0396646315974,44.2148654120283],[-88.0237579346894,44.2148178225358],[-88.0178925638065,44.2148178225358],[-88.0151323885864,44.214758335938],[-88.0085174876849,44.2146750551152],[-88.0017003319956,44.2146393625622],[-87.9845682126658,44.2144371090743],[-87.9812250694539,44.2144965947089],[-87.9744436056274,44.2141515739727],[-87.9673171195615,44.2139255249857],[-87.9637955179335,44.2137470648834],[-87.960250120832,44.2138303457308],[-87.9566214427172,44.2139255249857],[-87.946592014878,44.215150946888],[-87.9431298987899,44.215079562981],[-87.9296740467255,44.2147702330049],[-87.9210366042332,44.2148178225358],[-87.9148024156373,44.2148059248347],[-87.9055701069672,44.2147345417972],[-87.8996690442214,44.2146274661128],[-87.8900203286879,44.214377622092],[-87.8833638681281,44.214483093748],[-87.8813421466991,44.2144727476663],[-87.8813862962004,44.2158999128707],[-87.8804865858327,44.2159182751257],[-87.8795180348697,44.2156807210564]]},"properties":{"OBJECTID":57832,"ID":"174922","VOLTAGE":345,"STATUS":"IN SERVICE","OWNER":"AMERICAN TRANSMISSION CO","SUB_1":"FOREST JUNCTION","SUB_2":"BRANCH RIVER","VOLT_CLASS":"345"}},{"type":"Feature","geometry":{"type":"LineString","coordinates":[[-88.737373424968,44.6360080629258],[-88.736763406008,44.6361591338857],[-88.7366382042136,44.6401730389529],[-88.7365903051443,44.6415758188607],[-88.7314450417595,44.6416096249804],[-88.7263887268591,44.6416363440156],[-88.7258351229972,44.641730847731],[-88.7252144051022,44.6435322308562],[-88.7236808515548,44.6471803718941],[-88.7231385071768,44.6490547941568],[-88.7225021496127,44.6504699751494],[-88.7204564207077,44.6551513646243],[-88.7196522452721,44.6566840278477],[-88.718049775671,44.658163230948],[-88.7134586156113,44.6625426401048],[-88.7175099852033,44.6646259268558],[-88.7174066600811,44.6706657286363],[-88.7108471052826,44.6706752078243],[-88.7081089262105,44.6737304396663],[-88.7074409632198,44.6798279908332],[-88.7072693158302,44.6812297771432],[-88.7072598233326,44.686090208957],[-88.7059781448145,44.6879215427945],[-88.7049288865115,44.6894730575968],[-88.7036333074626,44.6909199450602],[-88.7021425011463,44.6916936549068],[-88.699920919838,44.6922822799784],[-88.6977722987987,44.6928265967691],[-88.6938064218723,44.6952576025637],[-88.6859768127554,44.70004289171],[-88.6836355399186,44.7009851119955],[-88.6779159386569,44.7044417001106],[-88.6771766359578,44.7064387767858],[-88.6765357895122,44.7084187046705],[-88.6769831316591,44.7172513259472],[-88.6765017882787,44.7187508990835],[-88.6764624591373,44.7194565369238]]},"properties":{"OBJECTID":57835,"ID":"174932","VOLTAGE":138,"STATUS":"IN SERVICE","OWNER":"AMERICAN TRANSMISSION CO","SUB_1":"BADGER","SUB_2":"CLINTONVILLE","VOLT_CLASS":"100-161"}},{"type":"Feature","geometry":{"type":"LineString","coordinates":[[-88.3545879999148,44.3676619999467],[-88.3547015236106,44.3700929389531],[-88.3546503852164,44.3712691315804],[-88.3561589799719,44.3718060890623],[-88.3562510303391,44.3742351827486],[-88.3562254606928,44.3776921657409],[-88.3570385680773,44.3798144270086],[-88.3570334539684,44.3820901039729],[-88.356977200567,44.3865340665592],[-88.356977200567,44.3909166630767],[-88.3569414036012,44.3955140420455],[-88.3569056066355,44.3979635910693],[-88.3568902652071,44.4027552967495],[-88.3568493541324,44.4077720145873],[-88.3568186712755,44.4102266775765],[-88.3567624178741,44.4142819846564],[-88.3567010521604,44.4161843487455],[-88.3565885462559,44.4183117236238],[-88.3564760412498,44.4206999056048],[-88.3563942191004,44.4231136579026],[-88.3562609872657,44.4277686895947],[-88.3561385253329,44.4301043326904],[-88.3560771578226,44.4324669458882],[-88.3558930579866,44.4370950091326],[-88.3557294136879,44.4395292156239],[-88.3557600983414,44.4418151205373],[-88.355637364219,44.4440345446913],[-88.3551004070377,44.446519890762],[-88.3550390395274,44.4491279708221],[-88.3548447132702,44.4536026166141],[-88.3546810689715,44.4582306785784],[-88.3545787912849,44.4606239751105],[-88.3543691218026,44.4655230727656],[-88.3542924137622,44.4679777361025],[-88.3540988627511,44.4729757717171],[-88.3542044749841,44.4901025030076],[-88.3542286782928,44.4969798051351],[-88.3588346363002,44.5071927105996],[-88.3608543176552,44.5116102876828],[-88.3665978123068,44.5244458051138],[-88.3681970560577,44.5278152590458],[-88.3679669319364,44.529911949957],[-88.3698039435733,44.5314990627649],[-88.3737133110785,44.5401282547616],[-88.3733535061628,44.5464897901081],[-88.3725728755708,44.5616286377096],[-88.3713309996063,44.5854298026606],[-88.3717156258716,44.5878241420984],[-88.3715374189838,44.5900013817257],[-88.3709497204637,44.5924400507283],[-88.3700844074865,44.6059708436999],[-88.3571419327255,44.605738088838],[-88.346985690616,44.6055451336917],[-88.2475984878795,44.6029527869896],[-88.2442548550857,44.6086535439751],[-88.2359760299363,44.6172463059909],[-88.2420139501173,44.6344507659487],[-88.2443114408638,44.6359631840347],[-88.2453753291295,44.6383425260255],[-88.2463291135858,44.6406326686907],[-88.2491024392433,44.6473484407341],[-88.2500251671436,44.6494665306215],[-88.2509424189139,44.6516364945372],[-88.2518758017318,44.6538598417917],[-88.2529560267592,44.6562510267192],[-88.253815705503,44.6581486167604],[-88.254775241872,44.6602984046301],[-88.2556087580814,44.6620545607284],[-88.2564317460357,44.6638997387361],[-88.2574848940439,44.6661422688723],[-88.2579567979272,44.6673482498093],[-88.2596251526662,44.6708108850016],[-88.2611323712027,44.6736988497818],[-88.2625511550911,44.6746883349601],[-88.2636234336215,44.6771191898609],[-88.2645613960507,44.6794614838556],[-88.2654841392224,44.6817998067568],[-88.2664384464982,44.6841121769957],[-88.267341485124,44.6862679948428],[-88.2673572361842,44.6879063281092],[-88.268327439149,44.6896998969402],[-88.2686012950549,44.6941683390485],[-88.2693771528978,44.6961289517533],[-88.2711857400425,44.7004905299876],[-88.2731044139286,44.7050041327534],[-88.2774083268964,44.7151584300023],[-88.2784096016885,44.7175646368341],[-88.2792326399485,44.7194675847476],[-88.2827554525054,44.7263454566649],[-88.2851302055529,44.7309219680297],[-88.2863254454794,44.7332547830533],[-88.2884695381113,44.7348851316962],[-88.2905507235206,44.7364053925296],[-88.2913999728239,44.7386857850931],[-88.2933134059386,44.7433618987327],[-88.297045908639,44.7526879158808],[-88.3025188495918,44.7662654231447],[-88.3057900332579,44.777468175716],[-88.3090192781766,44.7883616351],[-88.3104399359507,44.7931425949958],[-88.3110008601838,44.7951765997542],[-88.3150898386435,44.8009273810909],[-88.3163479857927,44.8025786999055],[-88.3160963560036,44.8061591766967],[-88.307755887561,44.8076322577326],[-88.2933658280253,44.8062220850382],[-88.2904091822695,44.8059442439665],[-88.2845116166651,44.8058865788271],[-88.2751960835755,44.805818428521],[-88.2693299715825,44.8057555216514],[-88.2692408542147,44.8082718155826],[-88.2690626158859,44.8105155116992],[-88.2700051148073,44.8128224148786],[-88.2699178632404,44.8148552180044],[-88.2403521512833,44.8186748639518],[-88.2372786697433,44.8191757600246],[-88.2202622264726,44.8245753085249],[-88.2091066535253,44.8280561829523],[-88.203785739858,44.8296445941493],[-88.2007609443114,44.83062490013],[-88.1941766391302,44.8326746316675],[-88.1940496110608,44.834561194592],[-88.1938620581009,44.8364234910767],[-88.1931281830228,44.8374031689644],[-88.1931491514981,44.8387189805331],[-88.1938044365653,44.8387923726022],[-88.1942309512723,44.8384794888668]]},"properties":{"OBJECTID":57837,"ID":"174933","VOLTAGE":345,"STATUS":"IN SERVICE","OWNER":"NOT AVAILABLE","SUB_1":"NORTH APPLETON","SUB_2":"MORGAN","VOLT_CLASS":"345"}},{"type":"Feature","geometry":{"type":"LineString","coordinates":[[-88.3545879999148,44.3676619999467],[-88.3539911816979,44.3697018138894],[-88.3526321627254,44.3696469039172],[-88.3526699126286,44.3709029679694],[-88.3531194879873,44.3720354841084],[-88.3564243755445,44.3720423478187],[-88.3564586947816,44.3742284470742],[-88.3565316424743,44.3776631366281],[-88.3572274325776,44.3798429818694],[-88.3572137063201,44.382087423547],[-88.3571622274644,44.3865076687704],[-88.3571057728404,44.3909078218931],[-88.3570603037139,44.3930622536014],[-88.3570693533421,44.3954632206083],[-88.3570753846309,44.3979878559792],[-88.3570090269792,44.4004521639974],[-88.3569928537108,44.402748063117],[-88.3570295759413,44.4052573027169],[-88.3570012978745,44.4077316031446],[-88.3569869769322,44.4102196867925],[-88.3569353157186,44.4123078797532],[-88.3569541677631,44.4142119128672],[-88.3568487908887,44.4161776981034],[-88.3567939280794,44.4182509126957],[-88.3566954951821,44.4206650907459],[-88.3565959843065,44.4231052546426],[-88.3564027530956,44.4277098098483],[-88.3563226332538,44.4300238690853],[-88.356218947907,44.4323143641459],[-88.3561388271668,44.4347650995744],[-88.3560445678424,44.4370367429947],[-88.3559220322477,44.4393885071243],[-88.355945595956,44.4418156765989],[-88.3558560500918,44.4440684689223],[-88.3554063327993,44.4465386080679],[-88.355345295869,44.4491332306215],[-88.3551509516455,44.453608805799],[-88.3549873342963,44.4582368127722],[-88.3548850440332,44.4606306918639],[-88.3546754392297,44.4655288875653],[-88.3545987536471,44.4679832307611],[-88.3544053427732,44.4729783287486],[-88.3545110241765,44.4901017416986],[-88.3545351430435,44.4969450030507],[-88.3591262635774,44.5071248919088],[-88.3611459098981,44.5115423396066],[-88.366845148149,44.524346266781],[-88.3684256835857,44.5277697560458],[-88.3682824777564,44.5298404920794],[-88.3698598349537,44.5310205879977],[-88.3740220898894,44.5400979258454],[-88.3736601236271,44.5464982658832],[-88.3728795918498,44.5616367688554],[-88.3716387067271,44.5854213306368],[-88.3720237192679,44.5878179889065],[-88.371842964758,44.5900264855199],[-88.3712556129876,44.5924637697833],[-88.3703775124923,44.6061955967884],[-88.3571339817369,44.6059574455948],[-88.3469760876256,44.6057644585595],[-88.2477995982137,44.6031777020584],[-88.2445258965699,44.6087592566787],[-88.2363077580078,44.6172890879457],[-88.2422897248247,44.6343338550428],[-88.2444944169074,44.6359214756813],[-88.2455588944679,44.6383021227154],[-88.24651329966,44.6405937345253],[-88.249286307314,44.6473086847157],[-88.2502088600428,44.6494263587359],[-88.2511264064605,44.6515970028316],[-88.2520592763403,44.6538191099626],[-88.2531388707505,44.6562088850081],[-88.253998659987,44.6581067045456],[-88.254957800199,44.6602555866458],[-88.2557913280865,44.6620117587368],[-88.2566144157538,44.6638571470337],[-88.2576686659948,44.6661020088704],[-88.2581403722488,44.6673074757056],[-88.2598061066021,44.6707646505759],[-88.2612974725688,44.6736222261459],[-88.2627200051268,44.6746143227773],[-88.2638075451357,44.6770797576703],[-88.2647463196419,44.6794240621243],[-88.2656688606926,44.6817618551181],[-88.2666227430652,44.6840731749367],[-88.2675335332537,44.6862474806479],[-88.2675492358049,44.6878803316357],[-88.2685186769982,44.6896724815841],[-88.2688109708254,44.6941643325577],[-88.2715085487415,44.7005272638372],[-88.2794945985668,44.7194103087668],[-88.2866128506748,44.7331938660038],[-88.2907972975913,44.7363492698118],[-88.2936503289674,44.7434355167995],[-88.2990735275079,44.7570617908182],[-88.3027702754634,44.7662061225999],[-88.3040919370965,44.7707124499552],[-88.3080799386301,44.7841797338201],[-88.3113135691241,44.7951697086867],[-88.3151339980262,44.8005320427269],[-88.3166124902366,44.8025470509463],[-88.316386795708,44.8063338900529],[-88.307778932043,44.8078116140517],[-88.2904071386022,44.8061534418194],[-88.2696068314547,44.8060168868167],[-88.2693873676409,44.8105963680662],[-88.2702075043425,44.8128697810771],[-88.2701308618791,44.8149958126564],[-88.2641303771909,44.8157864789715],[-88.2555311113015,44.8168897349984],[-88.2465886108202,44.8180175079578],[-88.2373519075917,44.8193352850521],[-88.2237266997401,44.8236134657846],[-88.2091698535988,44.8281797187382],[-88.2037884168376,44.8298346029368],[-88.1946068782524,44.832727583834],[-88.1941839630947,44.8363928448795],[-88.1941226710429,44.8378515938153],[-88.1942309512723,44.8384794888668]]},"properties":{"OBJECTID":57838,"ID":"174934","VOLTAGE":138,"STATUS":"IN SERVICE","OWNER":"NOT AVAILABLE","SUB_1":"NORTH APPLETON","SUB_2":"MORGAN","VOLT_CLASS":"100-161"}},{"type":"Feature","geometry":{"type":"LineString","coordinates":[[-89.2879034603039,45.1483863555278],[-89.2884859997993,45.1510119998797]]},"properties":{"OBJECTID":57841,"ID":"174944","VOLTAGE":115,"STATUS":"IN SERVICE","OWNER":"AMERICAN TRANSMISSION CO","SUB_1":"BLACKBROOK SW STA","SUB_2":"DEADEND167356","VOLT_CLASS":"100-161"}},{"type":"Feature","geometry":{"type":"LineString","coordinates":[[-89.04405799976,42.5788669999329],[-89.0440075306107,42.5786887496478],[-89.0453888772096,42.5785888386437],[-89.0454247702951,42.5766648357992],[-89.0500902479783,42.5767311261476],[-89.0502397168618,42.5745950085328],[-89.0509541416174,42.5725550968051],[-89.0599488845224,42.5727409670005],[-89.0600088371861,42.5704159616663],[-89.0624029336565,42.5689988697104],[-89.0975357282115,42.5692542508188],[-89.1101917401098,42.5698014159773],[-89.1169674780747,42.5699420445931],[-89.1197499108526,42.5700313036973],[-89.1197752810729,42.5689200931404],[-89.1201321916167,42.561234612953],[-89.1202273465615,42.5560486806569],[-89.1203344176585,42.5484467011434],[-89.1204176887904,42.538537417618],[-89.1203821631159,42.5362045548303],[-89.1152033710113,42.5360872558515],[-89.112490509159,42.5364169717993],[-89.1121933752091,42.5362766568331]]},"properties":{"OBJECTID":57843,"ID":"174950","VOLTAGE":345,"STATUS":"IN SERVICE","OWNER":"AMERICAN TRANSMISSION CO","SUB_1":"PADDOCK","SUB_2":"KITTYHAWK","VOLT_CLASS":"345"}},{"type":"Feature","geometry":{"type":"LineString","coordinates":[[-88.0091827180006,44.7317075155491],[-88.0088918192571,44.7318835219132],[-88.0079212614578,44.731861953667],[-88.0064714722174,44.7315817437859],[-88.0049288618553,44.7312709185628],[-88.0048110028901,44.7319918486699],[-88.0046324627273,44.7355343216095],[-88.0041150313271,44.7429508446721],[-88.0042577646426,44.7530135817807],[-88.0043826978407,44.7578860057423],[-88.0043707924682,44.7602790890262],[-88.0042636036919,44.7627503840555],[-88.0039715757661,44.7654143909064],[-88.0033697772892,44.7678454185804],[-88.0026734670614,44.770333093791],[-88.0011504588371,44.7754375490338],[-88.0003791141302,44.7779829875874],[-88.0003316480489,44.7805283789732],[-88.0001710184963,44.78543647267],[-88.0000996608217,44.7873690860556],[-88.0000877545509,44.7898812378617],[-87.9995158789562,44.7950757835448],[-87.9987471258889,44.7975727378874],[-87.9979975581411,44.8000296569767],[-87.9962625502047,44.8055614825262],[-87.9959379637397,44.8161075406265],[-87.9956238785804,44.826082092944],[-87.9955576044721,44.8287520060367],[-87.9968806369343,44.8310649307517],[-87.9967374688342,44.8360662560155],[-87.9964234133193,44.8483905790615],[-87.9964803835763,44.8508878307482],[-87.997002739541,44.8533191566573],[-87.9980494529168,44.8576582587681],[-87.9992384046363,44.8622333479576],[-88.0009983255505,44.8669042739232],[-88.0026830323225,44.8714634479868],[-88.0036918736243,44.874185418798],[-88.0046445693224,44.8767195907616],[-88.005047978462,44.8782900049447],[-88.004896627608,44.8787381579589]]},"properties":{"OBJECTID":57855,"ID":"174972","VOLTAGE":138,"STATUS":"IN SERVICE","OWNER":"AMERICAN TRANSMISSION CO","SUB_1":"STILES SW STA","SUB_2":"UNKNOWN173278","VOLT_CLASS":"100-161"}},{"type":"Feature","geometry":{"type":"LineString","coordinates":[[-89.0391671895692,43.3603883558972],[-89.0388697564804,43.3614115239294],[-89.0388876033101,43.3636422690083],[-89.0389054492415,43.368395242143],[-89.0388994996994,43.3732552910104],[-89.0389292429185,43.3758132117838],[-89.0381760693331,43.377565695712],[-89.0378025911605,43.3771328167055],[-89.0376390420832,43.3770002097883]]},"properties":{"OBJECTID":57858,"ID":"174990","VOLTAGE":138,"STATUS":"IN SERVICE","OWNER":"AMERICAN TRANSMISSION CO","SUB_1":"ACADEMY","SUB_2":"FOUNTAIN PRAIRIE","VOLT_CLASS":"100-161"}},{"type":"Feature","geometry":{"type":"LineString","coordinates":[[-89.301754253988,42.9849572399929],[-89.3003971376473,42.9834247237789],[-89.2972959969796,42.9834719790676],[-89.2871178799947,42.9835493119788],[-89.2812942062123,42.9836444886899],[-89.2770644536627,42.9836861329725],[-89.2671056837106,42.9837456230662],[-89.2578256358714,42.9835671611556],[-89.2454536164686,42.9835671611556],[-89.2384288430491,42.9837634498425],[-89.2326005465362,42.9838996795743],[-89.2322183340441,42.9843586431595]]},"properties":{"OBJECTID":57860,"ID":"174993","VOLTAGE":138,"STATUS":"IN SERVICE","OWNER":"NOT AVAILABLE","SUB_1":"KEGONSA","SUB_2":"TAP173302","VOLT_CLASS":"100-161"}},{"type":"Feature","geometry":{"type":"LineString","coordinates":[[-89.301754253988,42.9849572399929],[-89.3012556369031,42.9852251628549],[-89.3010850540171,42.9849932128682]]},"properties":{"OBJECTID":57861,"ID":"174994","VOLTAGE":138,"STATUS":"IN SERVICE","OWNER":"NOT AVAILABLE","SUB_1":"COLLODAY POINT","SUB_2":"TAP173302","VOLT_CLASS":"100-161"}},{"type":"Feature","geometry":{"type":"LineString","coordinates":[[-88.8633507628094,43.0130190276752],[-88.8637135869628,43.012663522011],[-88.8662453340808,43.0134535028294],[-88.8698050072088,43.0138770471003],[-88.8762769430295,43.0146752410665],[-88.8828483798442,43.0147050578239],[-88.8905757040879,43.0147764419526],[-88.8943657708318,43.0147929920501],[-88.9006428216431,43.0148097956788],[-88.910608004668,43.0148383486347],[-88.9246182708747,43.0140578861049],[-88.9279209629494,43.0145813669557],[-88.9345644177005,43.0156473656482],[-88.9418074970054,43.0155997771321],[-88.9485564121742,43.0156184537883]]},"properties":{"OBJECTID":57862,"ID":"174996","VOLTAGE":138,"STATUS":"IN SERVICE","OWNER":"AMERICAN TRANSMISSION CO","SUB_1":"JEFFERSON","SUB_2":"TAP173303","VOLT_CLASS":"100-161"}},{"type":"Feature","geometry":{"type":"LineString","coordinates":[[-87.8832104978614,42.9689674597791],[-87.8831105611843,42.9686212487909],[-87.8824788137742,42.9686141096203],[-87.882231349473,42.969849050905],[-87.8801314755126,42.969896640023],[-87.8777948451692,42.9700358379818],[-87.8752964111752,42.9712404396326],[-87.8749744486891,42.9709218446343],[-87.8736792595091,42.969400368505],[-87.8724953572198,42.9680677361287],[-87.8703027852069,42.9655156286941],[-87.8703260048604,42.964314007841],[-87.8703260048604,42.9619971586625],[-87.8705644806188,42.9610432571186],[-87.8704806264803,42.9594799759233],[-87.8704094808081,42.9559642001327],[-87.8706512219427,42.9549736505341],[-87.8708649329454,42.9539478395555],[-87.8703973149242,42.9528867056029],[-87.870391439044,42.9515469990979],[-87.8703735967058,42.9487101396475],[-87.8703914408406,42.9471993201543],[-87.8703795426547,42.94299920053],[-87.8703914381457,42.9383244109604],[-87.8704152399074,42.93703317991],[-87.8704451205687,42.9332426950133]]},"properties":{"OBJECTID":57863,"ID":"174998","VOLTAGE":138,"STATUS":"IN SERVICE","OWNER":"AMERICAN TRANSMISSION CO","SUB_1":"KANSAS","SUB_2":"RAMSEY","VOLT_CLASS":"100-161"}},{"type":"Feature","geometry":{"type":"LineString","coordinates":[[-87.97925054012,42.9631886919194],[-87.9793630325498,42.963100769953],[-87.9809665046707,42.9630649387542],[-87.9834122937959,42.9630113805853],[-87.988219320815,42.9630113805853],[-87.9954647788588,42.9629459461026],[-87.9978760520158,42.9629459461026],[-87.9995473325676,42.9630173180554],[-88.0020022961867,42.962999484607],[-88.0039488385079,42.9629935497647],[-88.0059247701119,42.962750268067],[-88.0078638438398,42.9625004476936],[-88.0096850819586,42.9622675685509],[-88.0119223559367,42.9623689918387],[-88.0167408742049,42.9625415067596],[-88.0192155522513,42.9626604817866],[-88.0216409020088,42.9627496488109],[-88.0259402102125,42.9627734336305],[-88.0283605491673,42.9627674875908],[-88.0305407747349,42.9627558768702],[-88.0326144744829,42.9628831785531],[-88.0344764026908,42.9637695275179],[-88.0363502290847,42.9646677738328],[-88.0372960652473,42.9661489887768],[-88.0375399596436,42.9680287625086],[-88.0376172920132,42.969849050905],[-88.0376291893008,42.973311165675],[-88.0374685759179,42.975095762082],[-88.0372841670614,42.9769457927424],[-88.0371889887604,42.980396011686],[-88.0371532968975,42.9821925050529],[-88.0372425265547,42.9839652028259],[-88.0372841670614,42.985737900741],[-88.037212784234,42.9875522411144],[-88.0374447813426,42.9892892470261],[-88.0373079616366,42.996385989018],[-88.0372068346919,42.9982836097709],[-88.0374150381236,42.9996101586162],[-88.0375697028627,43.001353113596],[-88.0375697028627,43.0029711479869],[-88.0372187319795,43.0044880541368],[-88.036433510098,43.007878785921],[-88.0358921826129,43.0095741515859],[-88.0354817261899,43.0112635685179],[-88.0356958764688,43.012316481144],[-88.0358386448186,43.0136073390527],[-88.0359814131684,43.0147970689815],[-88.0359754636263,43.0174561170284],[-88.0360052068453,43.0213881756559],[-88.0359992590998,43.0227325710491],[-88.035636390929,43.0239698907884],[-88.0348511690476,43.0250347000435],[-88.0337982572963,43.0261768410223],[-88.0325192970802,43.0275807230255],[-88.0315853582052,43.0290976301318],[-88.0322337612789,43.029728186575],[-88.0356780305374,43.0286217365785],[-88.0397944992414,43.0272416500854],[-88.0421977540362,43.0264326328224],[-88.0444047044835,43.0271226765649],[-88.0508498067283,43.0293336189692],[-88.052792304834,43.0289251187428],[-88.0538737246208,43.0285688239014]]},"properties":{"OBJECTID":57864,"ID":"175000","VOLTAGE":138,"STATUS":"IN SERVICE","OWNER":"AMERICAN TRANSMISSION CO","SUB_1":"BLUEMOUND","SUB_2":"ALLERTON","VOLT_CLASS":"100-161"}},{"type":"Feature","geometry":{"type":"LineString","coordinates":[[-87.6148164907823,45.1437785105733],[-87.6141841406027,45.1440230266709],[-87.6149711016225,45.1444164459293],[-87.6156799999425,45.1450879996389],[-87.6156830003155,45.149100999617],[-87.6156449997824,45.1531280000813],[-87.6155350001775,45.1651630001227],[-87.6154979994693,45.1722329997741],[-87.6149579996941,45.1731439996036],[-87.6149735207856,45.1737166328223],[-87.6145689995317,45.1737830001102]]},"properties":{"OBJECTID":59276,"ID":"157327","VOLTAGE":138,"STATUS":"IN SERVICE","OWNER":"NOT AVAILABLE","SUB_1":"MENOMINEE","SUB_2":"BAY DE NOC","VOLT_CLASS":"100-161"}},{"type":"Feature","geometry":{"type":"LineString","coordinates":[[-87.6145689995317,45.1737830001102],[-87.6149366691977,45.1738620556082],[-87.6139199999766,45.1742919998076],[-87.6111640001259,45.1741109996638],[-87.6111900000652,45.1825009995244],[-87.611308000066,45.1908779997877],[-87.6108469999335,45.1926800000399],[-87.6110649994934,45.1936789996697],[-87.6109859998507,45.1959709995809],[-87.6111719996236,45.1993580000701],[-87.6121139999799,45.2156659995334],[-87.6130029997345,45.2318660001272],[-87.613059999636,45.2342720001435],[-87.6127319995729,45.2342720001435],[-87.6128000002433,45.2366059997225],[-87.6132100003221,45.24795999958],[-87.6140060001903,45.2623009995757],[-87.6147629997004,45.2745750000822],[-87.6152480001223,45.2804739998025],[-87.6153050000238,45.2848619996476],[-87.6152769995363,45.2902199997811],[-87.6151190002509,45.2967159997295],[-87.6151529996878,45.3045829995592],[-87.6151290002966,45.30712399976],[-87.6125509998229,45.3182030000898],[-87.6122989999279,45.3194399996509],[-87.6134470001486,45.3238419995888],[-87.6148840000743,45.3292049997883],[-87.615079000068,45.3303819998692],[-87.6151519998629,45.331431999731],[-87.6150909997635,45.3412380000117],[-87.6150759996949,45.3475879998407],[-87.6302359998707,45.3476569995413],[-87.6432369998725,45.3479299999201],[-87.6430879999096,45.3501019997725],[-87.6430410000539,45.3510769997705],[-87.6426839996785,45.3516960000216],[-87.6425359995405,45.3524929997249],[-87.6431130000239,45.3527129995768],[-87.6429368475833,45.3531625119614]]},"properties":{"OBJECTID":59277,"ID":"157328","VOLTAGE":138,"STATUS":"IN SERVICE","OWNER":"NOT AVAILABLE","SUB_1":"INGALIS","SUB_2":"BAY DE NOC","VOLT_CLASS":"100-161"}},{"type":"Feature","geometry":{"type":"LineString","coordinates":[[-87.8020723096103,45.4789548718191],[-87.8019039707159,45.4793630657103],[-87.8010806782327,45.4793583070555],[-87.8023560685439,45.4812333219651],[-87.8021395377295,45.4815117188376]]},"properties":{"OBJECTID":59278,"ID":"127357","VOLTAGE":138,"STATUS":"IN SERVICE","OWNER":"NOT AVAILABLE","SUB_1":"HOLMES","SUB_2":"WHITE RAPIDS HY","VOLT_CLASS":"100-161"}},{"type":"Feature","geometry":{"type":"LineString","coordinates":[[-87.6484547016052,45.3544423500854],[-87.6532869245715,45.3517132406537],[-87.6731221123204,45.3706727867284],[-87.6884268059357,45.3853873729925],[-87.7051649996403,45.3903910000999],[-87.709057999841,45.3940739999147],[-87.7106570001484,45.3950499995855],[-87.7125269997192,45.395845000148],[-87.7143829999446,45.396596999751],[-87.7161439997354,45.3974669995255],[-87.72333500011,45.4030449996142],[-87.7293830002868,45.4080039997819],[-87.7303829994712,45.4093649998107],[-87.7311009995216,45.410891999772],[-87.7314909995089,45.4124099999162],[-87.731562999479,45.4138479998411],[-87.7313299998505,45.415355999567],[-87.7303780003467,45.41866399978],[-87.7263660003203,45.4329829997478],[-87.7254239999639,45.4363239997709],[-87.7413380001751,45.4475309995339],[-87.7495990000544,45.4533559996012],[-87.7540959996043,45.4547839997376],[-87.7557379995695,45.4553030000948],[-87.7685400002779,45.4630690001512],[-87.7833768180555,45.4777866031236],[-87.785000999937,45.4793639998049],[-87.7988912655947,45.4794969686108],[-87.8008425186813,45.4792948515683],[-87.8008994467174,45.4784391037814],[-87.8019001753338,45.4784415067681],[-87.8020723096103,45.4789548718191]]},"properties":{"OBJECTID":59280,"ID":"119814","VOLTAGE":138,"STATUS":"IN SERVICE","OWNER":"NOT AVAILABLE","SUB_1":"HOLMES","SUB_2":"GRAND RAPIDS HY","VOLT_CLASS":"100-161"}},{"type":"Feature","geometry":{"type":"LineString","coordinates":[[-87.50763761658,46.0579834337072],[-87.5067007339258,46.0571946849545],[-87.506694785282,46.0567425877584],[-87.4924918672778,46.0567465331427],[-87.4829666718925,46.0551173789935],[-87.4714383906288,46.0529402120842],[-87.4613136218936,46.0511198948583],[-87.4368645062841,46.0466702746661],[-87.4279415567366,46.0451236308614],[-87.415996659302,46.042934525814],[-87.413249983964,46.0424589109326],[-87.3939899192195,46.0376171277805],[-87.3879725749501,46.0361425218308],[-87.3825816968952,46.0341313559616],[-87.3728215103164,46.0323459549049],[-87.3607726804983,46.0301693167888],[-87.350544498606,46.0269105695502],[-87.3390117095962,46.0230187000611],[-87.3330752397534,46.0222573090158],[-87.3295477352957,46.0210220879688],[-87.311629643093,46.0138477127937],[-87.3078805817469,46.0126694369012],[-87.3039530574932,46.0113602617955],[-87.2877708796269,46.0073147177755],[-87.2808938170879,46.0055895018886],[-87.2787847857015,46.0051009696366],[-87.273282763588,46.0044697858089],[-87.2686699837744,46.0044341195683],[-87.261535259259,46.0026266559178],[-87.2589862249616,46.0022216701299],[-87.2370585321326,45.9994375786572],[-87.229884251202,45.998580948033],[-87.2153341505102,45.9968558741512],[-87.2064002504994,45.9956781699001],[-87.190959058775,45.9932275649214],[-87.1683431019281,45.9888257216284],[-87.1645270550079,45.9880886656755],[-87.1568665402686,45.9856025668207],[-87.1441448947606,45.9823894297238],[-87.1247503638962,45.9790102588942],[-87.1045442015793,45.9755560716405],[-87.1034682884652,45.9755117545908],[-87.1030711163286,45.9758189859436]]},"properties":{"OBJECTID":59315,"ID":"126885","VOLTAGE":138,"STATUS":"IN SERVICE","OWNER":"AMERICAN TRANSMISSION CO","SUB_1":"ATC PERKINS","SUB_2":"ARNOLD","VOLT_CLASS":"100-161"}},{"type":"Feature","geometry":{"type":"LineString","coordinates":[[-87.50763761658,46.0579834337072],[-87.5072144121648,46.0575273340565],[-87.5093766795116,46.057424488618],[-87.5106889672247,46.0583232398885],[-87.5121860554598,46.058888494858],[-87.5113973355386,46.0592437446707],[-87.5081878346915,46.0604972330902],[-87.5053444871543,46.0616194816467],[-87.5025838735563,46.062707177019],[-87.4999194713219,46.0637488506064],[-87.4971753876235,46.0648249731503],[-87.4971422397896,46.0672277676745],[-87.4971190632552,46.0688786435926],[-87.4971190632552,46.0707961486544],[-87.4971024435241,46.0724400625961],[-87.4970693855217,46.0749023519089],[-87.4970262672864,46.0773714476946],[-87.4969864719193,46.079341560564],[-87.4969831481527,46.081605832901],[-87.4945506001949,46.0825620357637],[-87.4917138094608,46.0836562340201],[-87.4886053699815,46.0848882948455],[-87.4860866735879,46.0858674937868],[-87.4850096824954,46.0881797816674],[-87.483896041936,46.0905287925833],[-87.4828687285771,46.0927511779362],[-87.4818016198511,46.0950195707915],[-87.4809333082975,46.0968534426106],[-87.4800352625079,46.0987377706596],[-87.479067506554,46.1007737686194],[-87.4780866369936,46.1028602689923],[-87.4770791755042,46.1049903506765],[-87.4760882448126,46.1070467341342],[-87.4752166085941,46.1088917886547],[-87.4740567047975,46.1113454755588],[-87.4730956871066,46.1133764625313],[-87.4720053120147,46.1156806861394],[-87.4714817738671,46.1182535646149],[-87.4710708835579,46.120371532823],[-87.4704708996779,46.1234633428513],[-87.4700733053332,46.1253629485369],[-87.4706002570788,46.1272325435999],[-87.4712033859606,46.1294604838662],[-87.4719821345821,46.1323174646756],[-87.4724130573222,46.1339089345662],[-87.4712166810268,46.1357944865322],[-87.4711934146609,46.1379507460768],[-87.4711578404774,46.140122232592],[-87.4711385275971,46.1426948416559],[-87.4711192138185,46.1442805358324],[-87.4710913660447,46.1463699940531],[-87.4710677394544,46.1486048765959],[-87.4710484265741,46.1507505541341],[-87.4710141109302,46.1532929826445],[-87.4709884191131,46.1552393497974],[-87.4709884191131,46.1573565797507],[-87.4709648832526,46.1591453817387],[-87.4709476355992,46.1606280615979],[-87.4709369456473,46.1628475578642],[-87.4709240099072,46.1651011826499],[-87.4709412575607,46.1677541859385],[-87.4709390117725,46.1698337947409],[-87.4709176318687,46.1717870417989],[-87.4709283218206,46.1737343727501],[-87.4710420485356,46.176002232785],[-87.4711385275971,46.1780206348414],[-87.4691759781959,46.1793573828169],[-87.4664755526203,46.1811855869063],[-87.4653623603202,46.1819325746058],[-87.4632324547815,46.1833848488712],[-87.4609245031536,46.1849382727786],[-87.4587860636197,46.186377158625],[-87.4566840058549,46.1877878347022],[-87.4546828288965,46.1891494706383],[-87.451978181239,46.1909817637321],[-87.4496358241357,46.1925660659401],[-87.4475210102938,46.1939958599418],[-87.4455218985622,46.1953440346155],[-87.4428987289994,46.1971256936205],[-87.440633716842,46.1986622527246],[-87.4384201781504,46.200142375151],[-87.4358162316363,46.2019149876825],[-87.4336306305501,46.2033935931416],[-87.4317988758542,46.2046285719638],[-87.4333346356639,46.2064188816429],[-87.4339094676143,46.2088576557976],[-87.434464985786,46.2111420938289],[-87.4350097241742,46.2134485668099],[-87.4355653321775,46.2157237387567],[-87.4360993806139,46.2180226836865],[-87.4366548987856,46.2202933775482],[-87.4372018829621,46.2225979745726],[-87.4377483281494,46.2249054567261],[-87.4382658475846,46.2270582871157],[-87.4387503988488,46.2290940787995],[-87.4393687990904,46.2317123635452],[-87.4393732008353,46.2341090658022],[-87.4393710448786,46.2364282438056],[-87.4393710448786,46.2387382518424],[-87.4393557735188,46.2409586341219],[-87.4393645770086,46.2431699789593],[-87.4393645770086,46.2453962701341],[-87.4393601752637,46.2476224697204],[-87.4393645770086,46.249830440584],[-87.4393557735188,46.2520534785827],[-87.439346970029,46.2542824528586],[-87.4393513717739,46.2561474808618],[-87.4393491259857,46.2583671579234],[-87.4393513717739,46.2605929559021],[-87.4390509751429,46.2627487330774],[-87.4387570454836,46.2649106357665],[-87.4384500022178,46.2670799667209],[-87.4360795278461,46.2670678577766],[-87.4344085715861,46.2670572386172],[-87.4336050824634,46.2673790510198]]},"properties":{"OBJECTID":59316,"ID":"129989","VOLTAGE":138,"STATUS":"IN SERVICE","OWNER":"CITY OF MARQUETTE - (MI)","SUB_1":"FORSYTH","SUB_2":"ARNOLD","VOLT_CLASS":"100-161"}},{"type":"Feature","geometry":{"type":"LineString","coordinates":[[-87.50763761658,46.0579834337072],[-87.5100528144765,46.0589299680799],[-87.5097782120705,46.0601101378521],[-87.5064132128478,46.06143385458],[-87.5035261164578,46.0625622555533],[-87.5002923619964,46.0638402890621],[-87.4974802758309,46.064939470914],[-87.4974193700547,46.0678530851187],[-87.4974052665047,46.0698397418899],[-87.4973959240258,46.0722946687391],[-87.4973771492363,46.0746226687691],[-87.4972974686706,46.0771097867877],[-87.4972740226417,46.0790181568058],[-87.4972787837127,46.0817457806369],[-87.4948135370785,46.0826949407928],[-87.4920577752814,46.0837742448811],[-87.4889644266006,46.0849899788225],[-87.4863586825576,46.0860139727529],[-87.485308821485,46.0881723676458],[-87.4842636325503,46.0903988345363],[-87.4830451576989,46.0930023610241],[-87.4818781563133,46.0954854735441],[-87.4808376377197,46.0976954486974],[-87.4795910455999,46.100305045876],[-87.4783630486066,46.1028983880813],[-87.4771304702052,46.1055141535503],[-87.4758978019724,46.1081039498788],[-87.4745621868079,46.1108917898107],[-87.4734888797065,46.1131856545748],[-87.472284328742,46.1157328697397],[-87.4717688745336,46.1182571768233],[-87.4712907022062,46.1206871599355],[-87.4707471316278,46.1234125357329],[-87.4703815173071,46.1253616416851],[-87.4709720697749,46.1274664485652],[-87.4715532797638,46.12961998365],[-87.4722281840367,46.1321566647676],[-87.4727343846993,46.133929976032],[-87.4715298337348,46.1358298438939],[-87.4714876129165,46.1382980795982],[-87.4714598549742,46.1407773468353],[-87.4714350605741,46.143237643574],[-87.4713947271161,46.1457171869132],[-87.4713699336143,46.1480440800596],[-87.4713792760932,46.1502655768729],[-87.4712985175492,46.1532819680904],[-87.4712768681508,46.1555504841006],[-87.4712613272964,46.1582872646172],[-87.4712396778981,46.1610281400058],[-87.4712241370437,46.1633114556159],[-87.47124273217,46.1656354896217],[-87.4712365337946,46.1679421925755],[-87.4712086860208,46.1701478935675],[-87.4712210827717,46.1727271868802],[-87.4712892649018,46.1751473637799],[-87.4714009245933,46.1775502677574],[-87.4703341760917,46.178276093736],[-87.4682345437781,46.1797169577292],[-87.46625914757,46.1810482551298],[-87.4650930444997,46.1818190648499],[-87.4625655455146,46.1835411448813],[-87.4597403439461,46.1854541645786],[-87.4571942489363,46.1871696616595],[-87.4546388105492,46.1888914497109],[-87.4519687489286,46.1907034791354],[-87.4495807565105,46.1923221770407],[-87.4470067247937,46.1940524471311],[-87.4442125151024,46.1959522911493],[-87.4415083166026,46.1977768338187],[-87.4389250313401,46.1995048797142],[-87.4362486806141,46.2013250765397],[-87.4335630772407,46.2031516790278],[-87.4314262546744,46.2046089880823],[-87.4330575045005,46.20648484355],[-87.4336405120182,46.2089936760168],[-87.4342638529938,46.2115561650918],[-87.4348623995693,46.2141248749661],[-87.4355043365697,46.216712732862],[-87.4361215690014,46.2193800898226],[-87.4366766380155,46.2217209590101],[-87.4372906365122,46.2242849666899],[-87.4379078689439,46.2268509688269],[-87.4384908755633,46.2292880899886],[-87.4390769355563,46.2317294527694],[-87.4390831348301,46.234363768141],[-87.4390707380792,46.236845540552],[-87.4390645397037,46.2394581755645],[-87.4390769355563,46.2420856585624],[-87.4390614845334,46.2446508900364],[-87.4390552870563,46.2473746630372],[-87.4390583413282,46.2499909580849],[-87.4390521429528,46.2526480626241],[-87.4390552870563,46.2552727405627],[-87.4390427995755,46.2579294656132],[-87.4390459445773,46.2605796648578],[-87.4387885772484,46.2624128669408],[-87.4384443428315,46.2646640865331],[-87.439018006972,46.2665785670019],[-87.4388381642521,46.2677233850622],[-87.4385962479461,46.2696378816408],[-87.4383481332646,46.2715521877808],[-87.4381434072114,46.2732306597029],[-87.4379109232158,46.2751341606717],[-87.4409469584833,46.2753227928001],[-87.4438415108901,46.2753566329995],[-87.4459750995214,46.2753524729057],[-87.4476777663109,46.2760619816596],[-87.449526229671,46.2768196625398],[-87.4516505656549,46.2777178388908],[-87.4539144100024,46.2786651736056],[-87.4559364278755,46.2795118496147],[-87.4579708416011,46.2803456621273],[-87.4599494717442,46.2812372618323],[-87.4627125997266,46.2823474418104],[-87.4639996160342,46.282926176753],[-87.4652649829434,46.2834683388173],[-87.4642136845664,46.2848828540584],[-87.4626909503283,46.286751682582],[-87.4615310456334,46.2881746795927],[-87.4605479284882,46.2893511387581],[-87.4605355326355,46.2914919427082],[-87.4605200816127,46.2934355896161],[-87.4604889999038,46.2954562568917],[-87.4604394129002,46.2973653785493],[-87.4626040832403,46.2987666869751],[-87.4641081325205,46.299786582105],[-87.4662107292745,46.3011856557887],[-87.4678637192288,46.3023511617143],[-87.4697120029259,46.3036516837465],[-87.4717650126762,46.3051020427029],[-87.4736070979978,46.3064046707184],[-87.4745220321147,46.3070687868428],[-87.475443164607,46.3077199888641],[-87.4780419008925,46.3095237527138],[-87.4791433252623,46.3103349548433],[-87.4806226708722,46.3113934778564],[-87.4822345179865,46.3125231510683],[-87.4839526357989,46.3137443818226],[-87.484969259206,46.3144567438654],[-87.4866843227464,46.3156657718428],[-87.4878365019298,46.3165653587217],[-87.4890683616789,46.3175138828936],[-87.4910588486855,46.3190578667663],[-87.4910744784731,46.3223503677547],[-87.4910508536795,46.3247374637145],[-87.4910744784731,46.3263125717606],[-87.4904792556642,46.3270227845322],[-87.4904585045811,46.3287259818444],[-87.490396610658,46.3318574376416],[-87.4903819681189,46.3333692598514],[-87.490340734549,46.3364069837383],[-87.4902552158323,46.3386083385459],[-87.490234643514,46.3416131510862],[-87.4901697860488,46.344074751711],[-87.4901020530764,46.346757866937],[-87.4900136588524,46.3495791865798],[-87.4899811398391,46.3521603447554],[-87.4899134068667,46.3550567795503],[-87.4898662453143,46.3568342448506],[-87.4898220482023,46.3598442545331],[-87.4897778510903,46.3622276689013],[-87.4897395828592,46.3646577809162],[-87.4897896190206,46.3669515367611],[-87.4897955479014,46.3689625475379],[-87.4897719222095,46.3717116905571],[-87.489836780573,46.3745824829545],[-87.4898603155351,46.3769815527031],[-87.4861827025934,46.3769368688194],[-87.4835010527056,46.3769022857155],[-87.4791662323021,46.3768209740281],[-87.4765023681585,46.3767680465924],[-87.4738884503448,46.3781383796292],[-87.4703227665892,46.3799883459475],[-87.4681597141149,46.3811227370236],[-87.4656461381184,46.3824298758365],[-87.4621777428065,46.3842492707384],[-87.4593104102511,46.3857433476879],[-87.4561428607277,46.3873953918879],[-87.4533755995967,46.3888470625379],[-87.4507709353287,46.3902009826405],[-87.4469910042762,46.3921843706504],[-87.4456950048158,46.392856986829],[-87.4426652568571,46.3944349649736],[-87.4405940113065,46.395521350794],[-87.4386519425954,46.3965302731459],[-87.4386019073324,46.3987576418647],[-87.4385728019172,46.4010453825657],[-87.4385519610026,46.4033213809144],[-87.4385144105254,46.4057152860258],[-87.4407565165413,46.4077209657299],[-87.443136153729,46.4098502640381],[-87.4452532124607,46.4117438736481],[-87.4475870355689,46.41380977982],[-87.4498124329206,46.4157893370173],[-87.4518378634934,46.4175678610843],[-87.4541174292566,46.4196248768149],[-87.4564762255297,46.4217479507574],[-87.4588016035758,46.4237933531197],[-87.4607812218658,46.4255715535799],[-87.4632233817972,46.4277402778872],[-87.4655279198271,46.4297854548063],[-87.4678826736813,46.4319052856824],[-87.4702622210374,46.4340134561454],[-87.4724709088265,46.4359722827143],[-87.4748672546784,46.4380946587383],[-87.4748714767602,46.4406937326135],[-87.47492142309,46.4433156487946],[-87.4749089365076,46.4459087796747],[-87.47492142309,46.448484456662],[-87.4748881845262,46.4510744938691],[-87.4748172185171,46.453583891998],[-87.4747464312727,46.4562022785473],[-87.4746964849429,46.4588291409046],[-87.4746172535348,46.4611918349403],[-87.474571438557,46.4635486718533],[-87.4746088992027,46.4658307857906],[-87.4745922794716,46.4684457367251],[-87.4745630851232,46.4697373581407],[-87.4746297401173,46.472047981136],[-87.4746255180354,46.4749409628278],[-87.4746255180354,46.4772656549828],[-87.4745880582881,46.4803162838429],[-87.4745047835629,46.482721034977],[-87.4745630851232,46.4849822428562],[-87.4744754984847,46.487633569839],[-87.4744505262181,46.490373764727],[-87.4744130655724,46.4917136617236],[-87.4743796491422,46.4941207538243],[-87.4744380396356,46.4971073616099],[-87.474429775135,46.4991786891165],[-87.4744422617175,46.5012153715924],[-87.4744213309714,46.5034700609046],[-87.474062903173,46.5049875818101],[-87.4737712202002,46.5062037696381],[-87.4734086601516,46.5114984771197],[-87.4738170342797,46.5142202836382],[-87.4740379300081,46.5168328479247],[-87.4740087347614,46.518504781118],[-87.4739879836783,46.5202454606855],[-87.4739921159286,46.5223244358732],[-87.473971275014,46.524199735586],[-87.4739629206819,46.5255388608438],[-87.4739296830164,46.5279272738932],[-87.4739941820538,46.5293387386867],[-87.4739816056398,46.5309730836551],[-87.4739483679743,46.5332293806888],[-87.473964986807,46.5345682827292],[-87.47393165931,46.5353365946516],[-87.473964986807,46.5372916525939],[-87.4739816056398,46.5391521617947],[-87.4738867830716,46.5404772325844],[-87.4738681600975,46.5425662765843],[-87.4739159387925,46.544094286937],[-87.4739575316885,46.5461838170088],[-87.4739658851223,46.5486397850307],[-87.473949261798,46.5506551767239],[-87.4740284186459,46.5523635709336],[-87.4740659565467,46.5541341577096],[-87.4740617344648,46.5562119476205],[-87.4741076329859,46.5579826948356],[-87.4740617371598,46.5599481228327],[-87.4740451165304,46.5618938678538],[-87.4736690817524,46.5639686510954],[-87.4713311254957,46.5640316488589],[-87.4690140119501,46.5640832827717],[-87.4662593281314,46.5641319526305],[-87.4641214275867,46.5641749396397],[-87.4623169816755,46.5642007565341],[-87.4600206183147,46.5642408406352],[-87.4574326618127,46.5642900656001],[-87.4557052015213,46.5643244668449],[-87.4537965510371,46.5643574487608],[-87.4510086295529,46.564406858908],[-87.4498500723309,46.5644268700047],[-87.4480934167929,46.5657090471132],[-87.4454867753329,46.5676831447157],[-87.4443198637789,46.5685355347099],[-87.4428570471702,46.5696314809274],[-87.4411337191291,46.5709063707923],[-87.4388750850103,46.5713403856105],[-87.436016106787,46.57187326483],[-87.4334656100324,46.5723531536261],[-87.4309109810274,46.5728301370171],[-87.4281146144811,46.5734933608826],[-87.4253245379385,46.5741680618078],[-87.4233366560463,46.5746478697825],[-87.4213278425096,46.5751276728946],[-87.4180771997208,46.5759026348759],[-87.4164602322094,46.5763007328708],[-87.4145390053113,46.5767634787517],[-87.4124157473057,46.5772762365887],[-87.4099833790109,46.5778457360426],[-87.4080097803317,46.576922173004],[-87.407202359283,46.5771184535409]]},"properties":{"OBJECTID":59342,"ID":"166980","VOLTAGE":345,"STATUS":"IN SERVICE","OWNER":"AMERICAN TRANSMISSION CO","SUB_1":"ARNOLD","SUB_2":"DEAD RIVER","VOLT_CLASS":"345"}},{"type":"Feature","geometry":{"type":"LineString","coordinates":[[-87.9734110380223,45.8021845789626],[-87.9733223051335,45.8037089696596],[-87.9728199456671,45.8053827427958],[-87.9700910488869,45.8070400881438],[-87.9683262770702,45.8081459975289],[-87.9667932418507,45.8091566231192],[-87.9633231181801,45.8114014709151],[-87.9618019676719,45.8123747630098],[-87.9595796632197,45.8137166348325],[-87.9581535841129,45.8146733196233],[-87.9550459216763,45.8168475437691],[-87.9535782496735,45.8177793277729],[-87.95108227886,45.8192552618496],[-87.9491175735021,45.8205407930602],[-87.9491261982271,45.8228725671373],[-87.9491475781309,45.8250698425632],[-87.9491218863138,45.8264598415583],[-87.9491562010593,45.8284566710606],[-87.9491518891459,45.8302053716541],[-87.9491819827079,45.8328147686894],[-87.9491948286165,45.8344227576839],[-87.9492206111635,45.8367360506847],[-87.9492249221785,45.8384426849312],[-87.9492249221785,45.8400445666102],[-87.9492419901689,45.8422350326113],[-87.9492419901689,45.8445719679501],[-87.9490050675976,45.8458004886055],[-87.947078272043,45.8458128786336],[-87.9449035405717,45.845800362828],[-87.942197544543,45.8457831550768],[-87.9391327631865,45.8457628798473],[-87.9356398438672,45.8457378500879],[-87.9332162790622,45.8473683677952],[-87.9309384209963,45.8488987857497],[-87.928570911065,45.8504681431291],[-87.9265913835049,45.8517986915801],[-87.9232396793483,45.854045691761],[-87.9220424047376,45.8548373417065],[-87.9201053665922,45.8561458887674],[-87.9187736150818,45.8570217816212],[-87.9163523858965,45.8586378928505],[-87.9142045140522,45.8600992481408],[-87.9125567343265,45.8611999766523],[-87.9105591506292,45.8625285799312],[-87.9086198675939,45.8638150515317],[-87.9066107845626,45.8636927551229],[-87.9047726527265,45.863580842726],[-87.9009255276908,45.8633216730176],[-87.8989100675193,45.8631936828971],[-87.8951771174579,45.8639461679964],[-87.8927177107713,45.864442668715],[-87.8891978419935,45.8651467825793],[-87.8863237720735,45.8657306598602],[-87.883541420144,45.8662973915314],[-87.8806762435453,45.8668749389558],[-87.8782459404774,45.8673666595924],[-87.8749592752457,45.8680254495873],[-87.8720066027383,45.8686171779627],[-87.8698095032164,45.86906678661],[-87.8662044741497,45.8697879809359],[-87.8619357697511,45.8706433927269],[-87.8605278402063,45.8709306747422],[-87.8586894379773,45.8712958897899],[-87.8553893869496,45.8719608878631],[-87.8507215610703,45.87289745085],[-87.8487419436786,45.8732939867627],[-87.8469909475268,45.8736420490683],[-87.8437446157531,45.874308582665],[-87.841309822007,45.8747971729197],[-87.8393122383097,45.8751967611273],[-87.8367273360796,45.8757149879809],[-87.8334608820435,45.876364234634],[-87.8311964088753,45.8768215369484],[-87.8275600286052,45.8775504475472],[-87.8240849857601,45.8782513928576],[-87.8207938280537,45.8789084909979],[-87.8175071619237,45.8795639547565],[-87.8142316349032,45.8802241636081],[-87.8122564192565,45.8806143935682],[-87.8090258080002,45.8812745905635],[-87.8071470705167,45.8816506807351],[-87.8036944855537,45.8823451338642],[-87.8013045186386,45.8832113589549],[-87.7988787080454,45.8840946420011],[-87.7962713479332,45.8850357529087],[-87.7927671996729,45.8863091350044],[-87.7900791708483,45.8872923531045],[-87.7868462239722,45.8884643877465],[-87.7835370999601,45.8896659739726],[-87.7812749615133,45.8904913807523],[-87.7792168322642,45.8912466850486],[-87.7764099563274,45.8922593888085],[-87.7745693083103,45.8929303889225],[-87.7716592159474,45.8939851397148],[-87.7695271535537,45.8956297475839],[-87.7673278091419,45.8973024410822],[-87.7649558076342,45.8991263716142],[-87.7627138821796,45.9008332799663],[-87.7604723160512,45.9025413848353],[-87.7555131665252,45.9025538878688],[-87.7526210395697,45.9025616387354],[-87.7504620295141,45.9025631396491],[-87.7480587666345,45.9025694527381],[-87.7449917385915,45.9025756420526],[-87.7422610397908,45.9025819557653],[-87.7393644221572,45.9026084608482],[-87.737261466077,45.9026162748443],[-87.7349007833419,45.902633340608],[-87.7323471415854,45.9026505939021],[-87.7287981682908,45.9026755355298],[-87.726446378877,45.9026895388182],[-87.7237021155155,45.9027082917545],[-87.7207316554672,45.9027269827977],[-87.720689076221,45.9043073846349],[-87.7206800032367,45.9061513389016],[-87.7206723675567,45.9086380377001],[-87.7205554069068,45.9106331679319],[-87.7188203109355,45.9118706497859],[-87.7170440721242,45.9131448541247],[-87.7144906109291,45.9131942916885],[-87.7126019030442,45.9131767916709],[-87.7097574775286,45.913156041643],[-87.7074080237345,45.9131416666191],[-87.7041050980978,45.9131161665675],[-87.7024021618137,45.9132883535632],[-87.7009558742063,45.9134271657717],[-87.6973985456812,45.9134398538527],[-87.6942216536789,45.9134574787868],[-87.6908248540951,45.9134781655773],[-87.6876915294857,45.9135036660875],[-87.6848882477084,45.9135275409695],[-87.6822776536612,45.9135355409276],[-87.680125380072,45.9144700906019],[-87.6780968035991,45.9154077487915],[-87.6762150136402,45.9162576466021],[-87.6742965715195,45.9171203436269],[-87.6723230626718,45.9180101486655],[-87.6698384115291,45.9191326658392],[-87.6666638560449,45.9205613707523],[-87.6643901302293,45.921585038759],[-87.6620751717421,45.9226278727615],[-87.6593383634992,45.9238555889717],[-87.6564526154805,45.9251613856613],[-87.653576031176,45.9264447825683],[-87.6508072438073,45.9276867855697],[-87.6499178218445,45.9297688918194],[-87.649097300664,45.9317409566952],[-87.6481942243088,45.9337479391535],[-87.6470275822493,45.9365567670514],[-87.6475822021058,45.9386130519942],[-87.6470458180496,45.940299441729],[-87.6465806694972,45.9416781900046],[-87.6459411597447,45.9435637535355],[-87.6453589616091,45.9452244455596],[-87.6446392305051,45.9473553629953],[-87.6440684418719,45.9490096330056],[-87.6436513540855,45.9501666869905],[-87.6427665135307,45.9527466586363],[-87.6419918055313,45.9549712787265],[-87.6412125179206,45.9572069881516],[-87.6404080765837,45.9595396507805],[-87.6376552792271,45.9596591758166],[-87.6349046378271,45.9597786387718],[-87.6325232040089,45.959885485837],[-87.6298964402866,45.9599953938642],[-87.6273018362515,45.9601244717122],[-87.6272949192238,45.9619472755505],[-87.6272651849879,45.9646000677033],[-87.627251440764,45.9659208910849],[-87.6272353609205,45.9678405330817],[-87.6272170352886,45.9698240426847],[-87.6271918815624,45.9720208815482],[-87.6271941282489,45.9739451818116],[-87.6272078715744,45.9759682409173],[-87.6252733505084,45.9775085381364],[-87.6229674650056,45.9793275856471],[-87.6216266396125,45.9803963628972],[-87.6199465205366,45.9817390939298],[-87.6180097527841,45.983277544629],[-87.6160637314858,45.9848272517265],[-87.6143629520567,45.9861603877905],[-87.612293233642,45.9878150597312],[-87.6099581528925,45.9896955577476],[-87.6084264355016,45.9909029410092],[-87.6065486870632,45.9923715496433],[-87.6066403152221,45.9940165497503],[-87.6067022091452,45.9956535746336],[-87.6067572758721,45.9972904899344],[-87.604183243257,45.9979241501324],[-87.6014693429522,45.9986072880566],[-87.5980633805524,45.9994527905997],[-87.5962365665906,45.9999176898068],[-87.596225068155,46.001896743863],[-87.5961998245972,46.0041639420569],[-87.5961792540755,46.0061221907542],[-87.5961609275454,46.0085054540006],[-87.5961540105177,46.0104730329787],[-87.5961173601524,46.01260618174],[-87.5961013701404,46.0148586547575],[-87.5961242771801,46.0164058556085],[-87.5961265229683,46.0182187591108],[-87.5961242771801,46.0195446656622],[-87.593346237164,46.021456147749],[-87.5915079247666,46.0226992659592],[-87.5895528304839,46.0240377895911],[-87.5875907311386,46.0253825805483],[-87.5857364287291,46.0266541756788],[-87.5828874218056,46.0286036460103],[-87.5807717985816,46.0300501728381],[-87.5785989535724,46.0315364529914],[-87.5763389728789,46.0330784468077],[-87.5744525107823,46.034372191643],[-87.5712367217282,46.0356371566851],[-87.5684495188961,46.0367286689427],[-87.5650939519838,46.0380477709244],[-87.5633244505372,46.0387382711201],[-87.5613944201493,46.0394924916368],[-87.5588617100372,46.0404868386846],[-87.5556642466149,46.0417549685767],[-87.5526478835539,46.0429306617499],[-87.5495856165819,46.0441382549782],[-87.546759516698,46.0452407595481],[-87.5436743426862,46.0464609586686],[-87.5409252275239,46.0475384768309],[-87.5379393182494,46.0487161667318],[-87.5351621765485,46.0498178947543],[-87.5319740556052,46.051078266767],[-87.5294753018108,46.0520626797126],[-87.5268771045146,46.0530746921512],[-87.5243750269537,46.0540543926736],[-87.5215415608846,46.0551651775687],[-87.5186616519152,46.0562920858487],[-87.5155663269407,46.057508674626],[-87.5131371027494,46.058463051558],[-87.5122051698124,46.0588422928093],[-87.5107368510226,46.0582348299538],[-87.5094066535977,46.0573238129578],[-87.5068976491277,46.0572524476482],[-87.50763761658,46.0579834337072]]},"properties":{"OBJECTID":59344,"ID":"116536","VOLTAGE":138,"STATUS":"IN SERVICE","OWNER":"NOT AVAILABLE","SUB_1":"ARNOLD","SUB_2":"PLAINS","VOLT_CLASS":"100-161"}},{"type":"Feature","geometry":{"type":"LineString","coordinates":[[-89.6067938005941,44.70889845859],[-89.6062767078587,44.7090888701172],[-89.6063629371428,44.7140826331494],[-89.6064866692934,44.7222870151484],[-89.6066008828953,44.7285021670063],[-89.6065532937448,44.7358118711323],[-89.6067150964971,44.7432738607656],[-89.606800758046,44.7507263329348],[-89.6067817218468,44.7579979650016],[-89.6068197942452,44.7624999059058],[-89.6041928688261,44.7651268309496],[-89.6042499756271,44.7762912617063],[-89.6093134689649,44.7814499328488],[-89.6092849151153,44.7892260120307],[-89.6090755232124,44.7970782326692],[-89.6089898616635,44.8006759779072],[-89.6092468436152,44.8127160507728],[-89.6093705757658,44.8192928809825],[-89.6113788413301,44.8215961987303],[-89.6112741444804,44.8335125398462],[-89.6112170367812,44.8407651367993],[-89.6111313770289,44.8457429696846],[-89.6114169119319,44.8541186719734],[-89.6144223182414,44.8604300656766],[-89.615814394318,44.8607611258371],[-89.6178985639306,44.8607716448901],[-89.6426164051675,44.8607335738046],[-89.6443296172802,44.8616948759709],[-89.647679897607,44.8616948759709],[-89.6488750000913,44.8611510000103],[-89.6508264966213,44.8592765510744],[-89.6523315062005,44.8576347220666],[-89.6531693010856,44.858016673618]]},"properties":{"OBJECTID":61132,"ID":"167363","VOLTAGE":115,"STATUS":"IN SERVICE","OWNER":"NORTHERN STATES POWER CO - WISCONSIN","SUB_1":"UNKNOWN171986","SUB_2":"UNKNOWN171987","VOLT_CLASS":"100-161"}},{"type":"Feature","geometry":{"type":"LineString","coordinates":[[-89.6060590002513,44.6682450000341],[-89.6061809995517,44.6762790000807],[-89.6062677588418,44.6842061209777],[-89.6061820981913,44.6926770017053],[-89.6061440266912,44.7014048645227],[-89.6062705472125,44.7087320569946],[-89.6067938005941,44.70889845859]]},"properties":{"OBJECTID":61133,"ID":"174610","VOLTAGE":115,"STATUS":"IN SERVICE","OWNER":"NORTHERN STATES POWER CO - WISCONSIN","SUB_1":"TAP144262","SUB_2":"UNKNOWN171986","VOLT_CLASS":"100-161"}},{"type":"Feature","geometry":{"type":"LineString","coordinates":[[-89.6531693010856,44.858016673618],[-89.6551199999116,44.8589059996454],[-89.6538841049303,44.8599725428687],[-89.6541258622345,44.8605258716797]]},"properties":{"OBJECTID":61135,"ID":"174612","VOLTAGE":115,"STATUS":"IN SERVICE","OWNER":"NORTHERN STATES POWER CO - WISCONSIN","SUB_1":"MORRISON AVE","SUB_2":"UNKNOWN171987","VOLT_CLASS":"100-161"}},{"type":"Feature","geometry":{"type":"LineString","coordinates":[[-89.5799828694739,44.4891255680535],[-89.5806689999929,44.4898319999176],[-89.5816730389011,44.4900983119627],[-89.5827169998389,44.4903570001226],[-89.5837662132261,44.490410476699],[-89.5961655845327,44.4943365881329],[-89.5996776685102,44.4955001439625],[-89.5997204992846,44.4988908756887],[-89.5997490531342,44.5066217447171],[-89.5998061599352,44.5117542429188],[-89.5908689038185,44.5146881179428],[-89.5888710003209,44.5152809995782],[-89.5849297695726,44.5152449119326],[-89.5848989196291,44.5159585839234]]},"properties":{"OBJECTID":61212,"ID":"157668","VOLTAGE":115,"STATUS":"IN SERVICE","OWNER":"AMERICAN TRANSMISSION CO","SUB_1":"STEVENS POINT MILL","SUB_2":"UNKNOWN157838","VOLT_CLASS":"100-161"}},{"type":"Feature","geometry":{"type":"LineString","coordinates":[[-83.1226425899095,42.4587488700706],[-83.1218469996731,42.4589139998785]]},"properties":{"OBJECTID":61416,"ID":"174706","VOLTAGE":120,"STATUS":"IN SERVICE","OWNER":"NOT AVAILABLE","SUB_1":"TAP172453","SUB_2":"UNKNOWN172454","VOLT_CLASS":"100-161"}},{"type":"Feature","geometry":{"type":"LineString","coordinates":[[-84.0264069997452,41.8863369995755],[-84.0269566438333,41.8870986398766],[-84.0268496877206,41.8879435395522],[-84.0268734562447,41.8889410378857],[-84.0268883107863,41.8895868597142],[-84.029155181558,41.8895448370328],[-84.0291284432035,41.8900645871592],[-84.0291522108294,41.8906551055235],[-84.0291730077265,41.8914026459499],[-84.0292086600635,41.8922054677708],[-84.0292294569606,41.8928976998894],[-84.0290601101565,41.8937933889062]]},"properties":{"OBJECTID":61421,"ID":"174704","VOLTAGE":138,"STATUS":"IN SERVICE","OWNER":"CONSUMERS ENERGY CO","SUB_1":"TAP137291","SUB_2":"UNKNOWN172452","VOLT_CLASS":"100-161"}},{"type":"Feature","geometry":{"type":"LineString","coordinates":[[-83.1006478162849,42.4470766045901],[-83.1016346201161,42.4471045530788],[-83.1027209527892,42.4471539366882],[-83.1037482661481,42.4471322609342],[-83.1047782735546,42.4471064747317],[-83.1058040606758,42.4470800926004],[-83.1068247265016,42.4470589477781],[-83.1078654247583,42.4470332947819],[-83.1088847431112,42.4470015427215],[-83.1098810645928,42.4469751605461],[-83.1112826160991,42.4470570917478],[-83.1134605815054,42.4472094849164],[-83.1136053000977,42.4473222377252],[-83.1151059357798,42.4486535889903],[-83.116597228983,42.4501537356584],[-83.1184909665351,42.4522396427475],[-83.1194902524572,42.453421957705],[-83.1204274656914,42.4545471849214],[-83.1213195826001,42.4563428527131],[-83.1222154715346,42.4579497835991],[-83.1226425899095,42.4587488700706]]},"properties":{"OBJECTID":61423,"ID":"174705","VOLTAGE":120,"STATUS":"IN SERVICE","OWNER":"NOT AVAILABLE","SUB_1":"TAP139981","SUB_2":"TAP172453","VOLT_CLASS":"100-161"}},{"type":"Feature","geometry":{"type":"LineString","coordinates":[[-83.9099192597494,41.6014600366042],[-83.9099264390851,41.601897681897],[-83.9113561644537,41.6020133860974],[-83.9112693620444,41.609726110602],[-83.9112550932044,41.6127877886417],[-83.9107346398715,41.6157993729291],[-83.9108415268139,41.6186813976291],[-83.9109413565915,41.6218904385316],[-83.9110839632445,41.6280998697248],[-83.9111980412007,41.6312121288852],[-83.9115281900339,41.6405408859979],[-83.9116040842007,41.6436523021423],[-83.9099869585858,41.6466042596995],[-83.9067926707081,41.652510265981],[-83.9018940685305,41.6614593940755],[-83.8969149252013,41.6706721545088],[-83.8955098936216,41.6731695235263],[-83.8939373657673,41.6761212146714],[-83.8939910877162,41.6791635820749],[-83.8941641526473,41.6854969509108],[-83.8944179815123,41.6946943060045],[-83.895028826024,41.7126016717085],[-83.8952181971741,41.717191391525],[-83.895231192203,41.7198051585934],[-83.8918741772065,41.7198521827755],[-83.8880498774637,41.719886777028],[-83.8844458257641,41.7199320108925],[-83.8809586044587,41.7199469907225],[-83.877653923514,41.7200908776423],[-83.8706070003345,41.7204334635155],[-83.8634835775237,41.7207623458984],[-83.8597566326999,41.7209427731448],[-83.8559807296931,41.7210409795732],[-83.851767261803,41.721093508968],[-83.8443806901062,41.7212465288136],[-83.8364066193152,41.72142923907],[-83.8193991699772,41.7218568270871],[-83.806808266174,41.7222559709911],[-83.7982635190392,41.7225132037947],[-83.7856860971518,41.7228193181584],[-83.7819231370716,41.7222147576481],[-83.7808503186537,41.7226426408134],[-83.7789158245371,41.7222251810031]]},"properties":{"OBJECTID":60597,"ID":"111884","VOLTAGE":345,"STATUS":"IN SERVICE","OWNER":"AMERICAN TRANSMISSION SYSTEMS, INC.","SUB_1":"ALLEN JUNCTION","SUB_2":"UNKNOWN171366","VOLT_CLASS":"345"}},{"type":"Feature","geometry":{"type":"LineString","coordinates":[[-83.9184835102073,41.4752263470029],[-83.9188391128041,41.4745308028201],[-83.9197839805829,41.4745091019224],[-83.9222861623483,41.4748292638002],[-83.9237611978414,41.4752609689778],[-83.9239545161889,41.4780972300195],[-83.9239898002166,41.4842075430264],[-83.9240771461067,41.4895843501652],[-83.9241381812403,41.4923955151621],[-83.9242879196184,41.5037708060826],[-83.9244233702919,41.5096167166423],[-83.9240955157559,41.5125040818805],[-83.9237460145165,41.5155377159097],[-83.9237032241663,41.5213634150392],[-83.9236818532457,41.5315180480387],[-83.9184201690983,41.5359776677297],[-83.9137143112448,41.5398804105277],[-83.91153900575,41.5418834985335],[-83.9114674738022,41.5445925445359],[-83.9114460822204,41.5474958049933],[-83.911403299955,41.5534723209605],[-83.9113248635559,41.5629696306855],[-83.9113034728724,41.571308000705],[-83.911296342944,41.5772661587279],[-83.9112464289535,41.5797197877938],[-83.9112820821888,41.5884186710716],[-83.9111893868313,41.5973828776605],[-83.9111928516333,41.6003823297476],[-83.9111085932529,41.6021568596626],[-83.9112036475864,41.6097260467946],[-83.9111893949161,41.6127845426765],[-83.9106688095309,41.6157968907177],[-83.9107758348138,41.6186826500958],[-83.9108756565065,41.6218914310538],[-83.9110182649562,41.6281009635427],[-83.9111323608787,41.6312137268968],[-83.911383523544,41.6405408859979],[-83.9114794492433,41.6436203675382],[-83.9098661702144,41.6465599804961],[-83.9066843859871,41.6524293560737],[-83.9017710011332,41.6614095917086],[-83.8967918569057,41.6706261901366],[-83.8954022089752,41.6731235609374],[-83.8938066644867,41.6760875529952],[-83.8938612892425,41.6791614270357],[-83.8940487757271,41.6854818731567],[-83.8943227960248,41.6946943060045],[-83.8948307690634,41.7126016717085],[-83.895028826024,41.717207898136],[-83.8950988416156,41.7196982758762],[-83.8919376638425,41.7197450507066],[-83.8881846346378,41.7198022210895],[-83.8844420501449,41.7198411998307],[-83.8809402446909,41.7198647695767],[-83.8776631042962,41.7200200760973],[-83.8706100599963,41.7203672311625],[-83.8634835775237,41.7206846925762],[-83.859762752922,41.7208765399757],[-83.8559899086787,41.7209678960301],[-83.851773382025,41.7210249929114],[-83.8443684496621,41.7211757285417],[-83.8363882586491,41.7213515865537],[-83.819430354094,41.7217695341213],[-83.8068083110898,41.7221623558916],[-83.7983048792715,41.7224135775226],[-83.7857222471555,41.7226958601635],[-83.7819926100808,41.7220824219265],[-83.7810777029134,41.7217603987027],[-83.7800067422114,41.7218060757826],[-83.7789158245371,41.7222251810031]]},"properties":{"OBJECTID":60598,"ID":"103603","VOLTAGE":345,"STATUS":"IN SERVICE","OWNER":"AMERICAN TRANSMISSION SYSTEMS, INC.","SUB_1":"UNKNOWN113650","SUB_2":"ALLEN JUNCTION","VOLT_CLASS":"345"}},{"type":"Feature","geometry":{"type":"LineString","coordinates":[[-88.6083138919282,46.7880901160906],[-88.6086359999413,46.7900509998833],[-88.6102629998379,46.7900559996475],[-88.6162997971248,46.7900678787754],[-88.6203509996301,46.7900719996279],[-88.625452000326,46.78326199999],[-88.6366740000953,46.7830570000112],[-88.6446930001252,46.7831669997818],[-88.6573040001396,46.7832999996572],[-88.6574039996987,46.7856559998412],[-88.6581219997491,46.7870359996728],[-88.658235999552,46.7939220000923],[-88.6678730001559,46.7938929999694],[-88.6819739997994,46.794088999881],[-88.6842529996241,46.7936599996447],[-88.694427999455,46.7936699997321],[-88.7015569999054,46.7903339997065],[-88.7155579999899,46.7904579997123],[-88.7171089997184,46.7937890000151],[-88.7175749998737,46.7991709998506],[-88.7203550000138,46.8049009997961],[-88.7254319995219,46.8098219996726],[-88.7315619997145,46.8125869998946],[-88.7359210000705,46.8126339997416],[-88.7457479997469,46.8190399998369],[-88.7536050002934,46.8217429999483],[-88.7620670000141,46.8227229995829],[-88.7633800000912,46.8227749995888],[-88.7814159997683,46.8227140000614],[-88.7905959995394,46.8227039998401],[-88.7920429995109,46.8227140000614],[-88.7941890001644,46.822950999661],[-88.8180119999024,46.8229899996584],[-88.8268929999228,46.8230660000292],[-88.8368479996457,46.8241269999131],[-88.8423259999101,46.8256309997852],[-88.8481079999481,46.8227520001479],[-88.869266000072,46.8234419999914],[-88.878121999978,46.8231179997033],[-88.89027199986,46.8225659997919],[-88.9015549997287,46.8293709999508],[-88.9112590002797,46.8373229999093],[-88.9114629995959,46.8517190000404],[-88.92474599963,46.8517759998108],[-88.9247017746702,46.8567102141119]]},"properties":{"OBJECTID":60658,"ID":"111379","VOLTAGE":138,"STATUS":"IN SERVICE","OWNER":"NOT AVAILABLE","SUB_1":"M-38","SUB_2":"WINONA","VOLT_CLASS":"100-161"}},{"type":"Feature","geometry":{"type":"LineString","coordinates":[[-87.7303549136439,46.5009331010337],[-87.7307080341955,46.5011941747006],[-87.7312939998655,46.5010499997533],[-87.7317549999979,46.5006069995813],[-87.7333429995363,46.5014069996522],[-87.7351379996624,46.503490999688],[-87.7381079997732,46.5069499996216],[-87.7426510002523,46.5072489998144],[-87.7516600003191,46.5072989998516],[-87.7661509999501,46.5057329999746],[-87.769706000042,46.505796999573],[-87.7857170003376,46.5076710000442],[-87.8161909997767,46.507495999674],[-87.8324990001733,46.5073989997879],[-87.8359930001658,46.5075209995848],[-87.8395249997932,46.5079829996988],[-87.8454709998627,46.5094100000164],[-87.8555079996014,46.5120799996635],[-87.8766950000376,46.5177189999419],[-87.9107410001854,46.526760999902],[-87.9310659997329,46.5321439998048],[-87.9691330001279,46.5349470001311],[-87.9981260001587,46.5370959997465],[-88.0072959998841,46.5369199997611],[-88.0122029995129,46.5356119996643],[-88.0309620001616,46.5394139997582],[-88.0380769994699,46.5407699997283],[-88.0456629998548,46.5419080001305],[-88.0589159997516,46.5427359998307],[-88.0720649998914,46.5435449999448],[-88.0904959995787,46.5439830001339],[-88.1172459997698,46.5445959999619],[-88.1312140002423,46.5465140000838],[-88.1477610001152,46.548989000008],[-88.1655449998972,46.5521579998033],[-88.180264000032,46.5574450000315],[-88.190186000143,46.5597159998177],[-88.2081609997207,46.5638410000924],[-88.2147949997034,46.5674390000166],[-88.2326499996305,46.5698710000825],[-88.2527089999376,46.5726169995988],[-88.2643779995956,46.5742110001079],[-88.2737289999692,46.5719649999317],[-88.2775839996368,46.5707899996811],[-88.2844749995375,46.5716649997781],[-88.2986279999579,46.571237000013],[-88.3193629995842,46.5736919997921],[-88.3335439995937,46.5753149999684],[-88.3492250001765,46.5771469997179],[-88.3635440002783,46.5787650000099],[-88.3797339997757,46.586579999657],[-88.4108769997598,46.6015750001135],[-88.4172439997788,46.6046489999498],[-88.4369080000756,46.619016000018],[-88.4624399997259,46.637728999985],[-88.4836409995075,46.6532569997783],[-88.5065209999625,46.6699939996599],[-88.5246809994881,46.6832520000481],[-88.5399100001593,46.6943599996439],[-88.5624985970176,46.7107271307917],[-88.5815550002124,46.724697999632],[-88.5946380002299,46.7342159996943],[-88.5948659998355,46.7513380000491],[-88.5944759998482,46.7648490000519],[-88.5943999996802,46.7685039995464],[-88.5945379997725,46.7731099998859],[-88.5943949996574,46.7766509999007],[-88.5941760002726,46.7816859999116],[-88.5974550001799,46.7903279998974],[-88.60736800007,46.7906950000097],[-88.6073620002223,46.789339999654],[-88.6073625419064,46.7882404525695],[-88.6073339997349,46.7870839998326],[-88.6085759996669,46.7870629995373],[-88.6085951023414,46.787931122598],[-88.6083138919282,46.7880901160906]]},"properties":{"OBJECTID":60659,"ID":"108374","VOLTAGE":138,"STATUS":"IN SERVICE","OWNER":"NOT AVAILABLE","SUB_1":"NORTH LAKE","SUB_2":"M-38","VOLT_CLASS":"100-161"}},{"type":"Feature","geometry":{"type":"LineString","coordinates":[[-88.6083138919282,46.7880901160906],[-88.6083120000763,46.787190999599],[-88.6108739997581,46.7871489996988],[-88.6107919997424,46.7805699996322],[-88.6107209995973,46.7715420000996],[-88.6106870001604,46.7647649998194],[-88.6105399998473,46.7596309998538],[-88.6100639996462,46.7448349995784],[-88.6093930003498,46.7243669997531],[-88.5717350002087,46.6987449997007],[-88.5432300000745,46.6793100000156],[-88.5259450000598,46.6545959999165],[-88.5248980001214,46.6530969998565],[-88.4953329996301,46.646526999787],[-88.4954209994936,46.6154110000537],[-88.495449999806,46.6054889995424],[-88.4759570001117,46.5980369995393],[-88.4431780000103,46.5854870000773],[-88.4286680001128,46.5799429999329],[-88.4244040001913,46.5795429997509],[-88.4238040001417,46.5780349999969],[-88.3795079998199,46.56729899975],[-88.3677489997502,46.5659470000395],[-88.3604439995727,46.5640439996212],[-88.3541429996759,46.5614549998467],[-88.3354839994847,46.5565479997682],[-88.3197030002411,46.5566629998387],[-88.3169519995151,46.5563579998699],[-88.312159999514,46.5564339995384],[-88.3094430000214,46.5568150000681],[-88.2818119995732,46.5567149996562],[-88.2496140001532,46.5567629997287],[-88.2410239994877,46.5566820001223],[-88.2144309996553,46.5398489999739],[-88.1933010000188,46.5264290001262],[-88.1378840002101,46.4923840001426],[-88.1086779997439,46.4744050001139],[-88.0807469997201,46.4571329998814],[-88.0807040000624,46.4488380000295],[-88.0597929998107,46.4419469999759],[-88.0298740002153,46.4420329996467],[-88.0132889998093,46.4421799995974],[-87.995191000208,46.4420989999642],[-87.9913790001981,46.4419279997929],[-87.9868240000235,46.44190100001],[-87.9866979996268,46.4347809997658],[-87.9638929995149,46.4346069999813],[-87.9602999997882,46.4345560001313],[-87.9601390001297,46.4265249995373],[-87.9604389997053,46.405216999921],[-87.962919633582,46.4032317650815],[-87.9632646558214,46.4024703367703],[-87.962558288954,46.4024101876598]]},"properties":{"OBJECTID":60660,"ID":"147600","VOLTAGE":138,"STATUS":"IN SERVICE","OWNER":"NOT AVAILABLE","SUB_1":"PERCH LAKE","SUB_2":"M-38","VOLT_CLASS":"100-161"}},{"type":"Feature","geometry":{"type":"LineString","coordinates":[[-88.6083138919282,46.7880901160906],[-88.6086420545864,46.7882725870758],[-88.6089349996921,46.7902079998842],[-88.6106090003426,46.790221999674],[-88.610738000214,46.7911069995557],[-88.6107959999403,46.8011129995483],[-88.6103649999451,46.8085579997804],[-88.6099180000564,46.8155899996642],[-88.6095399997646,46.8225999996406],[-88.6036580001674,46.8251659995409],[-88.6037760001682,46.8308659999902],[-88.6042580002171,46.8369829995549],[-88.6043970001342,46.8434259999249],[-88.604483000348,46.8470629998946],[-88.6115169994655,46.8493440000703],[-88.6140120000985,46.8501150000652],[-88.6170569996542,46.8544579997349],[-88.620548000172,46.8594730001208],[-88.620575999761,46.8682779999886],[-88.620583000332,46.874459999995],[-88.620583000332,46.8829939997308],[-88.6205940002027,46.8944649999785],[-88.620583000332,46.9110909997034],[-88.620575999761,46.9289119996335],[-88.6203869996151,46.9464759998505],[-88.6201659996822,46.9650139995751],[-88.6213649999566,46.9818459998839],[-88.6224429998571,46.9972440000851],[-88.6228029997072,47.0026619999396],[-88.6241199999823,47.0215929999772],[-88.6251899994869,47.0369729996934],[-88.6262569995167,47.052103999693],[-88.627347999836,47.0680539997315],[-88.6274149997832,47.0701119995844],[-88.6286140000575,47.0830109999425],[-88.6297139996993,47.0945589995632],[-88.6292124945307,47.0971087788196],[-88.6280406099033,47.0978702068187],[-88.6275111797057,47.0978642578893],[-88.6272779896344,47.098388109084]]},"properties":{"OBJECTID":60661,"ID":"173938","VOLTAGE":138,"STATUS":"IN SERVICE","OWNER":"NOT AVAILABLE","SUB_1":"ATLANTIC","SUB_2":"M-38","VOLT_CLASS":"100-161"}},{"type":"Feature","geometry":{"type":"LineString","coordinates":[[-89.6444777782166,45.8533933820067],[-89.6446995929215,45.8532064817121],[-89.6455219996658,45.8532389999483],[-89.6515430000784,45.8607769995831],[-89.6540310001405,45.8641599997705],[-89.6570859997419,45.8688970001145],[-89.6608299999796,45.8747859995615],[-89.6619980002918,45.8766380000681],[-89.6628429996655,45.8775700001062],[-89.6727799998451,45.8855749997725],[-89.6806890002701,45.8916219999366],[-89.682737999941,45.8929320001368],[-89.6850829998879,45.8938309997964],[-89.6877059996692,45.8944629996279],[-89.6853039998209,45.8958689998315],[-89.6853189998895,45.8985280000133],[-89.6929460002822,45.8984819996787],[-89.695179999901,45.8987209995747],[-89.6972150002265,45.8987029998642],[-89.6979430003227,45.8978109997484],[-89.6987280003202,45.8978210000267],[-89.7001269997128,45.8975969998616],[-89.7039889999514,45.8985569995659],[-89.7060439994701,45.8988829998321],[-89.708656000279,45.8995109999437],[-89.7112079999151,45.9003249996641],[-89.7135779999764,45.9013190001512],[-89.7161189997419,45.9020110000749],[-89.7344239999308,45.9058770000586],[-89.7561989998228,45.9104129996496],[-89.7561419999214,45.9091499996727],[-89.7565030301391,45.9092442759167]]},"properties":{"OBJECTID":60418,"ID":"173548","VOLTAGE":115,"STATUS":"IN SERVICE","OWNER":"NORTHERN STATES POWER CO - WISCONSIN","SUB_1":"CLEAR LAKES (WPS)","SUB_2":"UNKNOWN171267","VOLT_CLASS":"100-161"}},{"type":"Feature","geometry":{"type":"LineString","coordinates":[[-85.0448169995766,46.0287679999544],[-85.0481039998799,46.0297389995575],[-85.0529579998052,46.0311810000086],[-85.0594219999086,46.0330839997787],[-85.0645760003079,46.0346150000694],[-85.069400999921,46.0360569998979],[-85.080961999624,46.0394869997967],[-85.0943860001234,46.0432450000164],[-85.1058320001986,46.0461399996554],[-85.1073699995084,46.0462999999237],[-85.1282110003382,46.0546739999464],[-85.134657,46.0572179998678],[-85.1478699997138,46.0624969999112],[-85.1512039998728,46.0638069997474],[-85.164449000272,46.0680329996656],[-85.1758490003166,46.071651999621],[-85.182522999584,46.0737789998652],[-85.1843360001516,46.0742829996755],[-85.1925209998629,46.0795539996602],[-85.1948619996118,46.0806219996262],[-85.2031099999706,46.0842409996625],[-85.2063620001138,46.0856539998678],[-85.2078319996514,46.0862569996641],[-85.2228730000016,46.0900259996474],[-85.2345230002914,46.0929070000477],[-85.2427349997668,46.0949339998594],[-85.2529289998643,46.0974679997644],[-85.2561240001061,46.0983209995934],[-85.2677910001143,46.1011980000658],[-85.285080000327,46.1054309999218],[-85.2956589994906,46.1079870000135],[-85.3029260000333,46.1097500000701],[-85.3206818699705,46.1139275400296]]},"properties":{"OBJECTID":60445,"ID":"167589","VOLTAGE":138,"STATUS":"IN SERVICE","OWNER":"NOT AVAILABLE","SUB_1":"TAP138458","SUB_2":"TAP171275","VOLT_CLASS":"100-161"}},{"type":"Feature","geometry":{"type":"LineString","coordinates":[[-85.0448169995766,46.0287679999544],[-85.0448309396332,46.0290683619721]]},"properties":{"OBJECTID":60448,"ID":"117508","VOLTAGE":138,"STATUS":"IN SERVICE","OWNER":"NOT AVAILABLE","SUB_1":"BREVORT","SUB_2":"TAP138458","VOLT_CLASS":"100-161"}},{"type":"Feature","geometry":{"type":"LineString","coordinates":[[-84.7386180396541,45.8593529726703],[-84.7390709998648,45.8601289997064],[-84.7405580000192,45.8599629995675],[-84.7420539994961,45.8580499996633],[-84.7487019997226,45.8573659999825],[-84.7538029995201,45.860512999734],[-84.7616819998079,45.8667290001128],[-84.7692669994696,45.8658519997239],[-84.7729489997831,45.8711849997115],[-84.7753489999815,45.8751880001268],[-84.7763509997141,45.8761190000497],[-84.7813839997396,45.8811279997557],[-84.7826929996188,45.881945999787],[-84.795866000048,45.8895959998474],[-84.8044829995794,45.8946459999655],[-84.8090930000055,45.8970729997415],[-84.8129390003506,45.8990839995755],[-84.8132919996297,45.8994699997888],[-84.8141760002598,45.9014189996616],[-84.8212870002685,45.9040179998079],[-84.8258800000779,45.9064359995304],[-84.8317209996672,45.9187649999074],[-84.8321850001727,45.9196329998358],[-84.8436539998142,45.9287290000176],[-84.8532139995268,45.9368959996578],[-84.8571760002228,45.939029000147],[-84.8655419996841,45.9427559999631],[-84.8707539998097,45.9453579996165],[-84.875062999937,45.9474910000036],[-84.8818600001263,45.9507539996006],[-84.8954260000176,45.9576390000742],[-84.8968439996768,45.9570949999846],[-84.8980220000347,45.9580770000328],[-84.9049669994637,45.962293999779],[-84.9103769999561,45.9655989998714],[-84.918059999527,45.9699589997181],[-84.9207910001616,45.9714969997942],[-84.9221560001173,45.9722819995668],[-84.9247699996777,45.9737600000062],[-84.9274650003273,45.9752469996373],[-84.9284169998311,45.9754050000929],[-84.932589999516,45.977751999563],[-84.9382169997433,45.9809249995542],[-84.9418759995923,45.9830370001035],[-84.942294999892,45.9836349996647],[-84.9472500000996,45.9864609999817],[-84.949799000261,45.9875819999028],[-84.9541450001983,45.9893779995689],[-84.9590429996062,45.991415999817],[-84.9622849997037,45.9927629995702],[-84.9700219997013,45.9959699996949],[-84.977653000292,45.9991580000449],[-84.9907370001344,46.0045919999142],[-84.9950100002767,46.0064149999757],[-85.0012577669081,46.0091234657686],[-85.0078149995616,46.0114439995498],[-85.0092680002791,46.011992999714],[-85.0105169998839,46.0125999997123],[-85.020361000177,46.0176430001003],[-85.0267390000667,46.0209589995555],[-85.0279419996407,46.0215840000863],[-85.0294509995364,46.022300999802],[-85.0365719995909,46.0257059997648],[-85.0400229999257,46.0272979997699],[-85.0440889994804,46.0285579999158],[-85.0448169995766,46.0287679999544]]},"properties":{"OBJECTID":60449,"ID":"148565","VOLTAGE":138,"STATUS":"IN SERVICE","OWNER":"NOT AVAILABLE","SUB_1":"MACKINAC","SUB_2":"TAP138458","VOLT_CLASS":"100-161"}},{"type":"Feature","geometry":{"type":"LineString","coordinates":[[-85.3206818699705,46.1139275400296],[-85.322996000211,46.1144719998713],[-85.3332609995552,46.1144789999782],[-85.3421950001773,46.1144649997635],[-85.3594939995375,46.114324999912],[-85.3621389999583,46.1147319995974],[-85.3660799998396,46.1144109997027],[-85.3756379999025,46.1143749996329],[-85.3983090001201,46.1143289997169],[-85.3998549998257,46.1143429999662],[-85.4223339995244,46.1175769995944],[-85.4238790003035,46.1177699997921],[-85.4338659998134,46.1182019998625],[-85.4458440001663,46.118679999718],[-85.466499000325,46.1195290000749],[-85.4785200003355,46.1199329999153],[-85.4799439998424,46.1203399999002],[-85.4904230003453,46.120800000081],[-85.5028650003053,46.1213099998124],[-85.5137259995013,46.1217599996471],[-85.5173919999213,46.1218849997446],[-85.538403999557,46.1195790000555],[-85.5455809996879,46.1188009998509],[-85.5456030003276,46.1263390000558],[-85.5472589996381,46.1263639997634],[-85.5489969998627,46.1263429996113],[-85.5486130140961,46.1270155359326]]},"properties":{"OBJECTID":60450,"ID":"173565","VOLTAGE":138,"STATUS":"IN SERVICE","OWNER":"NOT AVAILABLE","SUB_1":"HIAWATHA (ESE)","SUB_2":"TAP171275","VOLT_CLASS":"100-161"}},{"type":"Feature","geometry":{"type":"LineString","coordinates":[[-85.3206818699705,46.1139275400296],[-85.3202306632712,46.1145150740849],[-85.3200770001537,46.1144999996707]]},"properties":{"OBJECTID":60451,"ID":"173566","VOLTAGE":138,"STATUS":"IN SERVICE","OWNER":"NOT AVAILABLE","SUB_1":"LAKEHEAD NAUBINWAY","SUB_2":"TAP171275","VOLT_CLASS":"100-161"}},{"type":"Feature","geometry":{"type":"LineString","coordinates":[[-84.7386180396541,45.8593529726703],[-84.7384289999823,45.8601949996165],[-84.7370690000495,45.8603459997889],[-84.7368459995685,45.8595399999502],[-84.7367069996513,45.858718999976],[-84.7359015989136,45.8586210619372]]},"properties":{"OBJECTID":60458,"ID":"108807","VOLTAGE":138,"STATUS":"IN SERVICE","OWNER":"NOT AVAILABLE","SUB_1":"STRAITS","SUB_2":"MACKINAC","VOLT_CLASS":"100-161"}},{"type":"Feature","geometry":{"type":"LineString","coordinates":[[-84.7573945942817,45.8410058149151],[-84.7572029998013,45.8409300001222],[-84.7568249995095,45.8424620001204],[-84.7638030003472,45.8502899998072],[-84.7626130002937,45.8519440001275],[-84.7604859999066,45.8536330001069],[-84.7573960001451,45.8562949998643],[-84.741921000325,45.8579789997384],[-84.7403680000484,45.8598669999544],[-84.7393089995161,45.8599799996121],[-84.7386180396541,45.8593529726703]]},"properties":{"OBJECTID":60459,"ID":"139658","VOLTAGE":138,"STATUS":"IN SERVICE","OWNER":"NOT AVAILABLE","SUB_1":"UNKNOWN128543","SUB_2":"MACKINAC","VOLT_CLASS":"100-161"}},{"type":"Feature","geometry":{"type":"LineString","coordinates":[[-88.9759360577177,42.2163160027132],[-88.975499657051,42.2176661061238],[-88.975341718851,42.2181139910741],[-88.9734818208356,42.2179914121407],[-88.9697478808307,42.2162093037918],[-88.9690826055992,42.2167391600678],[-88.9600053335708,42.2123666765647],[-88.95791385796,42.2112352811028],[-88.9534324792145,42.2090677937943],[-88.9535241307297,42.2089275467151],[-88.9513167859219,42.2079129819651],[-88.9490273395889,42.2068704360038],[-88.9471947755109,42.2054474541016],[-88.9457845112447,42.2037917375519],[-88.9444514104648,42.2022438475466],[-88.9431298099171,42.2007213405212],[-88.9418138678574,42.1991945377086],[-88.9405892835637,42.1977607349273],[-88.9391904279016,42.1961407548572],[-88.9378631670693,42.1946075846947],[-88.9365614174928,42.1930890866356],[-88.9352368525047,42.1915557765514],[-88.9339523505816,42.1900117806366],[-88.9326021836079,42.1884318706242],[-88.9311034334896,42.1868074580569],[-88.9292365555644,42.1854050575667],[-88.9270727835396,42.1842057816865],[-88.9249204201188,42.1830783730939],[-88.9227594328713,42.1819318397764],[-88.9206071592821,42.1807980666925],[-88.9184861470648,42.1796811818082],[-88.9163709738968,42.1785747287135],[-88.9142471769021,42.1774768439601],[-88.9121546412792,42.1763429909964],[-88.9057173489875,42.1731065810845],[-88.7604798080611,42.1314755306161],[-88.7559826270514,42.1251366467204],[-88.7317121234698,42.0867892528515],[-88.7278716738149,42.0814925731161],[-88.7085269841774,42.060245305632]]},"properties":{"OBJECTID":62130,"ID":"175956","VOLTAGE":138,"STATUS":"IN SERVICE","OWNER":"COMMONWEALTH EDISON CO","SUB_1":"CHERRY VALLEY","SUB_2":"TAP173883","VOLT_CLASS":"100-161"}},{"type":"Feature","geometry":{"type":"LineString","coordinates":[[-88.7085269841774,42.060245305632],[-88.7027588433476,42.0539098607598],[-88.6992467575735,42.049041483525],[-88.6993181421975,42.0450011588459],[-88.6935092825325,42.01279098979],[-88.6950583122556,42.0116131568827],[-88.6950868661052,42.00999274407],[-88.6944943795646,42.0083937471247],[-88.6943730270512,42.0002845429565],[-88.6965002654918,41.9991281250142],[-88.6990058374991,41.9988283127637],[-88.6989915605743,41.9957516695946],[-88.6991985737383,41.9948236796517],[-88.7119191727089,41.9964084008663],[-88.7122403994748,41.9949164785205],[-88.7122189845367,41.9874068995871],[-88.7078864620237,41.9874459239125],[-88.7077817660722,41.9811355930338],[-88.7085098811527,41.9796888808092],[-88.7084622920022,41.9731691581119],[-88.7034273516157,41.9732215056066],[-88.703389281014,41.9642890090042],[-88.7287638527073,41.9375795590668],[-88.7288352373314,41.9367943365755],[-88.7282602436843,41.9362133591552]]},"properties":{"OBJECTID":62131,"ID":"175957","VOLTAGE":138,"STATUS":"IN SERVICE","OWNER":"COMMONWEALTH EDISON CO","SUB_1":"UNKNOWN122202","SUB_2":"TAP173883","VOLT_CLASS":"100-161"}},{"type":"Feature","geometry":{"type":"LineString","coordinates":[[-88.7085269841774,42.060245305632],[-88.7054090000982,42.0602439997518],[-88.6693489995413,42.0601789998317],[-88.6546939998789,42.0603569996394],[-88.6544510002046,42.0602359997345],[-88.6544713156048,42.0599771100915]]},"properties":{"OBJECTID":62132,"ID":"175958","VOLTAGE":138,"STATUS":"NOT AVAILABLE","OWNER":"COMMONWEALTH EDISON CO","SUB_1":"TAP173883","SUB_2":"UNKNOWN173884","VOLT_CLASS":"100-161"}},{"type":"Feature","geometry":{"type":"LineString","coordinates":[[-86.4021833396778,42.1356063440603],[-86.4011852952275,42.1341345319938],[-86.398867911289,42.1321375260697],[-86.3970225022009,42.1309400369735],[-86.3947909064737,42.1302756299826],[-86.3934119691564,42.129835979883],[-86.3934454996727,42.1280039460374],[-86.3934040064898,42.1264107038198],[-86.3977264499053,42.1247949090224],[-86.398267118027,42.1235875947366],[-86.3994892023092,42.1213429167949],[-86.4034850730847,42.119754495138],[-86.4074885040816,42.1187671396474],[-86.4106759962042,42.1181603098256],[-86.4101116736444,42.1158683345468],[-86.4094036215375,42.1136756996835],[-86.4086429290532,42.1111646466226],[-86.4078489980051,42.1086017125506],[-86.40714516798,42.1063810355441],[-86.4054885838662,42.1040924999038],[-86.4037506141843,42.1018677338767],[-86.4020329446313,42.0996189599494],[-86.4003805834977,42.0976327307435],[-86.3986639928212,42.0954314668469],[-86.3969807296419,42.0937277417065],[-86.3952801289775,42.0917135287978],[-86.3938520780686,42.0900455686424],[-86.3919852890767,42.0877366437025],[-86.3896518252947,42.0858734436693],[-86.3875381792627,42.0841933287871],[-86.3852475651197,42.0824535659967],[-86.3829141013377,42.0806220125931],[-86.3804100465849,42.0787211328408],[-86.3782284879174,42.0770266277034],[-86.3759779386361,42.0750915659567],[-86.3738640240078,42.073043819511],[-86.3717590009042,42.0709719349869],[-86.3693978690115,42.0686854565364],[-86.3677217932526,42.0670835777479],[-86.3655440973409,42.0648914586374],[-86.3622391046808,42.0616639285111],[-86.3598924356641,42.0594154647135],[-86.3578275690503,42.0573810856636],[-86.3557249722963,42.0552835461233],[-86.3534336386028,42.0530633368929],[-86.3511181420247,42.0508339795764],[-86.3473354261948,42.047036045847],[-86.3440789802893,42.0439608898508],[-86.3414801371043,42.0415203636779],[-86.3390271767283,42.0388622659016],[-86.3363316029535,42.0362113407394],[-86.3344610410374,42.0343743850887],[-86.3328226927239,42.0324448945734],[-86.3308344515056,42.0300840970971],[-86.328771200961,42.0276899796822],[-86.3265122982459,42.0250040896254],[-86.3244853387405,42.0226274660984],[-86.3226685859099,42.020442353517],[-86.3206614809689,42.018006095775],[-86.3183750880094,42.0153784639404],[-86.3164603289813,42.0131043987641],[-86.3145656032824,42.0108436696538],[-86.3131327895059,42.0091468859768],[-86.3109569809545,42.0066102675039],[-86.3084872418456,42.0036624140412],[-86.3065222669931,42.0013814546304],[-86.3046563682316,41.9991737726285],[-86.3022688258695,41.9963695776469],[-86.3001446695487,41.9938556857213],[-86.2982541650332,41.9922420386884],[-86.2962996106381,41.9905653901406],[-86.2939607569643,41.9885677350085],[-86.2919866192959,41.9868611421057],[-86.2893044295206,41.9845683637828],[-86.2872917541266,41.9824469845243],[-86.2851738860127,41.9801939808596],[-86.2833810274703,41.9784073608641],[-86.2815635568858,41.9764612810566],[-86.2790090177124,41.974702538994],[-86.276831052306,41.9731830429149],[-86.2738870036254,41.9711490439701],[-86.2710375475442,41.9691428315923],[-86.2688059527154,41.9667018695803],[-86.2666816167315,41.964356532992],[-86.2646538496406,41.9621626731428],[-86.261977049757,41.9591708757573],[-86.2598805615469,41.9571603448066],[-86.2580448542638,41.9553133546681],[-86.2553244860889,41.9529284498747],[-86.2530557728726,41.9509306769803],[-86.2504304635227,41.9487088345351],[-86.247986328196,41.9465718291051],[-86.2456474745223,41.9445688518068],[-86.2429545049635,41.9420311305862],[-86.240948207608,41.9399802338085],[-86.2390276984638,41.9379131667432],[-86.2372038498407,41.935965850631],[-86.2351868625333,41.9337709466561],[-86.2334165526029,41.931839475602],[-86.2314961341885,41.9298041569371],[-86.229704443456,41.9278325325151],[-86.2280843327394,41.9257571851206],[-86.2264642211245,41.9236418680105],[-86.2232349573411,41.9193869601567],[-86.2213680785177,41.9169440925536],[-86.219790905475,41.9148124406289],[-86.2170229265901,41.9128084658464],[-86.2136540655099,41.9105250558265],[-86.2097058800047,41.907794576623],[-86.2073991860181,41.90622935964],[-86.2054143574995,41.9043049447227],[-86.2034080610423,41.9023405556089],[-86.2011656855317,41.9001525844977],[-86.1988160529729,41.8978526748867],[-86.1965737681922,41.8956805319258],[-86.1945567808848,41.8937158768244],[-86.1925075440587,41.8916314629228],[-86.1905548761256,41.8896347846229],[-86.1889026048235,41.8879814497919],[-86.1880833287079,41.8871865886419],[-86.1895466977805,41.8859968578313]]},"properties":{"OBJECTID":62758,"ID":"176573","VOLTAGE":138,"STATUS":"IN SERVICE","OWNER":"INDIANA MICHIGAN POWER CO","SUB_1":"KENZIE CREEK","SUB_2":"TAP174414","VOLT_CLASS":"100-161"}},{"type":"Feature","geometry":{"type":"LineString","coordinates":[[-86.435759087944,42.1429619479391],[-86.4342319771139,42.1426616006935],[-86.4308061269121,42.1398788786843],[-86.4256509649911,42.1354712805591],[-86.4219510199315,42.1365889859616],[-86.4179061757017,42.1379135977995],[-86.4137112229879,42.1378936805222],[-86.4086576380677,42.1378502315263],[-86.4047955336245,42.1378579086768],[-86.403128351187,42.1367561211462],[-86.4021833396778,42.1356063440603]]},"properties":{"OBJECTID":62759,"ID":"176574","VOLTAGE":138,"STATUS":"IN SERVICE","OWNER":"INDIANA MICHIGAN POWER CO","SUB_1":"RIVERSIDE","SUB_2":"TAP174414","VOLT_CLASS":"100-161"}},{"type":"Feature","geometry":{"type":"LineString","coordinates":[[-86.3349411645056,42.189099625537],[-86.3426599996699,42.1889959996083],[-86.3462950001277,42.1889959996083],[-86.3536609995062,42.1890009995349],[-86.3593859996429,42.1870119998881],[-86.363883999916,42.1837459995052],[-86.3640199994602,42.1752219997152],[-86.3646630000658,42.1726819996874],[-86.3657689995554,42.1699209999778],[-86.3694159997088,42.1660299999563],[-86.3708159998246,42.1635049995219],[-86.3736269999268,42.1587279999434],[-86.3755750002137,42.1564489998124],[-86.3812399201258,42.1520319621137],[-86.3890459996704,42.1446750001615],[-86.3979589994778,42.1384009995998],[-86.4019787070494,42.1357443529994],[-86.4021833396778,42.1356063440603]]},"properties":{"OBJECTID":62760,"ID":"176575","VOLTAGE":138,"STATUS":"NOT AVAILABLE","OWNER":"NOT AVAILABLE","SUB_1":"BENTON HARBOR","SUB_2":"TAP174414","VOLT_CLASS":"100-161"}},{"type":"Feature","geometry":{"type":"LineString","coordinates":[[-82.9819946549573,42.4808567545217],[-82.9820456792655,42.4824985665049],[-82.9820751440068,42.4841206585565],[-82.9821502431646,42.4856831548297],[-82.9818605355871,42.4875563617968],[-82.981903475956,42.4895638525181],[-82.981992049843,42.4915891628608],[-82.9820644540549,42.4936263297125],[-82.982107303694,42.4955526859423],[-82.9821395532127,42.4972929315564],[-82.9821556330563,42.4990174331346],[-82.9822360322742,42.5007339388956],[-82.9822253423223,42.5025295401295],[-82.9822575020095,42.5044238329354],[-82.9822629817327,42.5063775375209],[-82.9824935792661,42.508176883775],[-82.9828047556806,42.5100433916847],[-82.9831480019506,42.5120284397613],[-82.983266040579,42.5142546495315],[-82.9833518296886,42.516188249664],[-82.983432318738,42.5178607828261],[-82.9835128077875,42.5195016890183],[-82.9835932070054,42.5212689437337],[-82.9835450573062,42.5230481318112],[-82.9836120716264,42.5250643468948],[-82.9836683061632,42.5269876815553],[-82.9837381052608,42.5290117796989],[-82.9838373690996,42.5308677356465],[-82.9838883035763,42.5327217829568],[-82.9839795715108,42.534575774568],[-82.9840707505122,42.5365205935583],[-82.9841297707246,42.5382241558495],[-82.9841994799907,42.5405482507472],[-82.9843335086311,42.5428090521278],[-82.9844355572474,42.5450697716449],[-82.9845374262006,42.5473343801335],[-82.9846393849853,42.5495949357782],[-82.9847406251178,42.5520628696722],[-82.9848324329399,42.5543014837542],[-82.9826912086286,42.5564313636201],[-82.9806804196967,42.558367561581],[-82.9788726500189,42.5601337827943],[-82.977129109884,42.5618565496626],[-82.9755359477276,42.5633895789709],[-82.9738354368947,42.5650687876641],[-82.9718934589135,42.5669730925845],[-82.9696557555408,42.5691854365562],[-82.9669904540928,42.5704891865176],[-82.9645710215381,42.5716862691593],[-82.9621999183456,42.5728555436895],[-82.9597691670184,42.5740643546913],[-82.9572566690002,42.5753125695471],[-82.9546782346402,42.5765787507842],[-82.9523179112312,42.5777519686371],[-82.9499575878221,42.5789192779873],[-82.9495077115279,42.5813049595764],[-82.9491269156789,42.583445890029],[-82.9491805451014,42.585460154837],[-82.9492073148968,42.58762058555],[-82.9492717241027,42.589875779725],[-82.9493023916882,42.5917986765403],[-82.9504493220154,42.592099885807]]},"properties":{"OBJECTID":62776,"ID":"176590","VOLTAGE":120,"STATUS":"IN SERVICE","OWNER":"NOT AVAILABLE","SUB_1":"UNKNOWN128400","SUB_2":"TAP174428","VOLT_CLASS":"100-161"}},{"type":"Feature","geometry":{"type":"LineString","coordinates":[[-82.9965927265836,42.4740728259237],[-82.9956368301881,42.4715881468833],[-82.995674379767,42.4723834706509],[-82.9957624146648,42.4745206496219],[-82.9933324718213,42.4745659705567],[-82.990693131685,42.4747499678745],[-82.987943837758,42.4747678567314],[-82.9863130361911,42.4750210929327],[-82.9850784805979,42.4766313865922],[-82.9839358235565,42.4782218295916],[-82.9831373119987,42.4792999686072],[-82.9819946549573,42.4808567545217]]},"properties":{"OBJECTID":62777,"ID":"176591","VOLTAGE":120,"STATUS":"IN SERVICE","OWNER":"NOT AVAILABLE","SUB_1":"UNKNOWN128466","SUB_2":"TAP174428","VOLT_CLASS":"100-161"}},{"type":"Feature","geometry":{"type":"LineString","coordinates":[[-82.9381418465658,42.5389112895725],[-82.9421964491945,42.5335515545673],[-82.9435111012735,42.5317883735306],[-82.943542033862,42.5309531826998],[-82.9453980125278,42.52857134285],[-82.946898263731,42.5272566901292],[-82.951321682276,42.52105462472],[-82.9642050002806,42.5045039995344],[-82.9691539997422,42.4978739996935],[-82.9738075882226,42.4911769229632],[-82.9811839173286,42.4815639006991],[-82.9819946549573,42.4808567545217]]},"properties":{"OBJECTID":62778,"ID":"176592","VOLTAGE":120,"STATUS":"NOT AVAILABLE","OWNER":"NOT AVAILABLE","SUB_1":"RISER174427","SUB_2":"TAP174428","VOLT_CLASS":"100-161"}},{"type":"Feature","geometry":{"type":"LineString","coordinates":[[-82.9966915008407,42.5945501096982],[-82.9972185612825,42.5956886008323],[-82.994880739773,42.5958968039617],[-82.9945892562262,42.5896626161443],[-82.994018185522,42.5895317460307],[-82.9929709160891,42.5913686470619],[-82.9918387307089,42.5930918758809],[-82.99033594446,42.5951425687964],[-82.9889358625976,42.5970201900302],[-82.9875438529962,42.5989333528958],[-82.9861896076711,42.6007709766271],[-82.984821742988,42.6026504535845],[-82.9835825170536,42.6043365395642],[-82.9820161246926,42.6064567775026],[-82.9800152172288,42.6082453725458],[-82.9784273551326,42.6096666521142],[-82.9765176266701,42.6113801826328],[-82.9747795662583,42.6129435287978],[-82.9730736655338,42.6144911678083],[-82.9712229554871,42.6163662657189],[-82.9695921548187,42.6180164817584],[-82.9678809540339,42.6197572817196],[-82.9661964332132,42.6214586375864],[-82.9642599349552,42.6234125805351],[-82.9625969737012,42.6251058379911],[-82.9607730343483,42.6269452535291],[-82.9590725235155,42.628681839518],[-82.9573988723097,42.6304066780365],[-82.9554086547977,42.6323958306634],[-82.9532092196561,42.6341718509204],[-82.9513209609289,42.635691271925],[-82.9491805451014,42.6374355427788],[-82.9470133585801,42.6392074548883],[-82.9448192234987,42.6409753510069],[-82.9424857606149,42.6428891660004],[-82.9403507346792,42.6446529928691],[-82.9385643449052,42.6460892328869],[-82.936171861809,42.6480108848349],[-82.9340904652957,42.6495417287556],[-82.9320144586741,42.6510253606465],[-82.9298525731113,42.6526389807527],[-82.9276263681742,42.6542565897496],[-82.9254751725633,42.6558110635241],[-82.9232757365234,42.6574087695656],[-82.9209798232185,42.6592708817872],[-82.9189359762841,42.6609198936658],[-82.9168921293497,42.6625884817794],[-82.9148482815169,42.6642413697217],[-82.9127829657455,42.6659414435105],[-82.9107016437924,42.6676726365375],[-82.908604257267,42.6693687181562],[-82.9065281608139,42.6710529306771],[-82.9045648029289,42.6726227705869],[-82.9044873151508,42.6727242506643]]},"properties":{"OBJECTID":62779,"ID":"176593","VOLTAGE":120,"STATUS":"IN SERVICE","OWNER":"NOT AVAILABLE","SUB_1":"UNKNOWN128399","SUB_2":"TAP174429","VOLT_CLASS":"100-161"}},{"type":"Feature","geometry":{"type":"LineString","coordinates":[[-82.9044873151508,42.6727242506643],[-82.9028482122525,42.6748708588919],[-82.9016143762098,42.6765155610846],[-82.9003054410093,42.6782152318144],[-82.8988731671203,42.6801279669547],[-82.8967112806592,42.6823758497959],[-82.8950214606766,42.6841227089335],[-82.8933585892541,42.685790803642],[-82.8916526283425,42.6875641729257],[-82.8916336891613,42.6875844208897],[-82.8915983611162,42.6875644218654],[-82.8915285602219,42.6875232689016],[-82.8909329996465,42.6881530000943],[-82.8785540003339,42.6883629997556],[-82.8776060001298,42.6881479995592],[-82.8737909997469,42.6882850000775],[-82.8735070000647,42.6885599999118],[-82.8734213016849,42.6885015779341]]},"properties":{"OBJECTID":62780,"ID":"176594","VOLTAGE":120,"STATUS":"IN SERVICE","OWNER":"NOT AVAILABLE","SUB_1":"TAP145624","SUB_2":"TAP174429","VOLT_CLASS":"100-161"}},{"type":"Feature","geometry":{"type":"LineString","coordinates":[[-82.9528629999624,42.6648669996613],[-82.9524909995184,42.6650919999922],[-82.9525269995034,42.6653359996713],[-82.9528510002668,42.6714030000748],[-82.9528119999088,42.6714779998754],[-82.9441390003009,42.6717099998833],[-82.9262219995512,42.6722019996993],[-82.9063229999761,42.6727729996408],[-82.9047709995243,42.6728339997084],[-82.9044873151508,42.6727242506643]]},"properties":{"OBJECTID":62781,"ID":"176595","VOLTAGE":120,"STATUS":"NOT AVAILABLE","OWNER":"NOT AVAILABLE","SUB_1":"UNKNOWN172298","SUB_2":"TAP174429","VOLT_CLASS":"100-161"}},{"type":"Feature","geometry":{"type":"LineString","coordinates":[[-84.7306878147338,45.0304362831289],[-84.7307423002508,45.0300263491084]]},"properties":{"OBJECTID":64505,"ID":"131385","VOLTAGE":138,"STATUS":"NOT AVAILABLE","OWNER":"WOLVERINE POWER SUPPLY COOP","SUB_1":"LIVINGSTON GENERATING STATION","SUB_2":"NOT AVAILABLE","VOLT_CLASS":"100-161"}},{"type":"Feature","geometry":{"type":"LineString","coordinates":[[-83.260987451984,41.9636183761181],[-83.2592045108424,41.9629263645677],[-83.2575319448014,41.9631300441268]]},"properties":{"OBJECTID":64506,"ID":"108748","VOLTAGE":345,"STATUS":"NOT AVAILABLE","OWNER":"NOT AVAILABLE","SUB_1":"UNKNOWN128955","SUB_2":"NOT AVAILABLE","VOLT_CLASS":"345"}},{"type":"Feature","geometry":{"type":"LineString","coordinates":[[-83.2575319448014,41.9631300441268],[-83.2576925536927,41.9592759878332]]},"properties":{"OBJECTID":64507,"ID":"126220","VOLTAGE":345,"STATUS":"NOT AVAILABLE","OWNER":"NOT AVAILABLE","SUB_1":"UNKNOWN128333","SUB_2":"NOT AVAILABLE","VOLT_CLASS":"345"}},{"type":"Feature","geometry":{"type":"LineString","coordinates":[[-82.6440088087063,43.851800588994],[-82.6454618857806,43.8517661075743]]},"properties":{"OBJECTID":64041,"ID":"112286","VOLTAGE":120,"STATUS":"NOT AVAILABLE","OWNER":"NOT AVAILABLE","SUB_1":"HARBOR BEACH","SUB_2":"NOT AVAILABLE","VOLT_CLASS":"100-161"}},{"type":"Feature","geometry":{"type":"LineString","coordinates":[[-84.7216740293414,45.004591596791],[-84.7223792715182,45.0046080885601]]},"properties":{"OBJECTID":64051,"ID":"149360","VOLTAGE":138,"STATUS":"NOT AVAILABLE","OWNER":"WOLVERINE POWER SUPPLY COOP","SUB_1":"GAYLORD - WOLVERINE","SUB_2":"NOT AVAILABLE","VOLT_CLASS":"100-161"}},{"type":"Feature","geometry":{"type":"LineString","coordinates":[[-86.2890499996827,44.2172999997236],[-86.2885278018215,44.2171375797898]]},"properties":{"OBJECTID":64090,"ID":"105522","VOLTAGE":138,"STATUS":"NOT AVAILABLE","OWNER":"NOT AVAILABLE","SUB_1":"TES FILER CITY STATION","SUB_2":"NOT AVAILABLE","VOLT_CLASS":"100-161"}},{"type":"Feature","geometry":{"type":"LineString","coordinates":[[-86.9112534925878,41.7213603720327],[-86.9098206626417,41.7218136496261]]},"properties":{"OBJECTID":64091,"ID":"121348","VOLTAGE":345,"STATUS":"NOT AVAILABLE","OWNER":"NORTHERN INDIANA PUB SERV CO","SUB_1":"MICHIGAN CITY","SUB_2":"NOT AVAILABLE","VOLT_CLASS":"345"}},{"type":"Feature","geometry":{"type":"LineString","coordinates":[[-86.9098206626417,41.7218136496261],[-86.9112894422672,41.7196308009777]]},"properties":{"OBJECTID":64092,"ID":"118233","VOLTAGE":345,"STATUS":"NOT AVAILABLE","OWNER":"NORTHERN INDIANA PUB SERV CO","SUB_1":"UNKNOWN122724","SUB_2":"NOT AVAILABLE","VOLT_CLASS":"345"}},{"type":"Feature","geometry":{"type":"LineString","coordinates":[[-83.3452971657019,41.8912298808152],[-83.3487492278454,41.8928114019869]]},"properties":{"OBJECTID":64097,"ID":"117986","VOLTAGE":345,"STATUS":"NOT AVAILABLE","OWNER":"CONSUMERS ENERGY CO","SUB_1":"UNKNOWN128355","SUB_2":"NOT AVAILABLE","VOLT_CLASS":"345"}},{"type":"Feature","geometry":{"type":"LineString","coordinates":[[-88.0097675221489,44.5407020309808],[-88.0085999997404,44.5399999996041]]},"properties":{"OBJECTID":64133,"ID":"116763","VOLTAGE":138,"STATUS":"NOT AVAILABLE","OWNER":"NOT AVAILABLE","SUB_1":"PULLIAM SW YD","SUB_2":"NOT AVAILABLE","VOLT_CLASS":"100-161"}},{"type":"Feature","geometry":{"type":"LineString","coordinates":[[-89.9454773099359,44.5579486898838],[-89.9445514154742,44.5580027470957]]},"properties":{"OBJECTID":64141,"ID":"107194","VOLTAGE":345,"STATUS":"NOT AVAILABLE","OWNER":"NOT AVAILABLE","SUB_1":"ARPIN","SUB_2":"NOT AVAILABLE","VOLT_CLASS":"345"}},{"type":"Feature","geometry":{"type":"LineString","coordinates":[[-89.312799999807,43.1132999998217],[-89.3137115939877,43.1131813217649]]},"properties":{"OBJECTID":64187,"ID":"119429","VOLTAGE":138,"STATUS":"NOT AVAILABLE","OWNER":"NOT AVAILABLE","SUB_1":"SYCAMORE","SUB_2":"NOT AVAILABLE","VOLT_CLASS":"100-161"}},{"type":"Feature","geometry":{"type":"LineString","coordinates":[[-86.5541730494711,41.9767904506006],[-86.5562600811161,41.9769242091546],[-86.5576148555489,41.9768181919118],[-86.5592548459828,41.9774754938354],[-86.5621212631549,41.9770196239212],[-86.5647167259794,41.9763782209056],[-86.5652099998851,41.9755999997153]]},"properties":{"OBJECTID":64213,"ID":"109669","VOLTAGE":345,"STATUS":"NOT AVAILABLE","OWNER":"INDIANA MICHIGAN POWER CO","SUB_1":"COOK","SUB_2":"NOT AVAILABLE","VOLT_CLASS":"345"}},{"type":"Feature","geometry":{"type":"LineString","coordinates":[[-87.7079325221811,43.7151098441239],[-87.7058600001245,43.7151399996827]]},"properties":{"OBJECTID":64230,"ID":"148314","VOLTAGE":138,"STATUS":"NOT AVAILABLE","OWNER":"NOT AVAILABLE","SUB_1":"EDGEWATER STATION","SUB_2":"NOT AVAILABLE","VOLT_CLASS":"100-161"}},{"type":"Feature","geometry":{"type":"LineString","coordinates":[[-88.2675219153421,44.2765414321386],[-88.2659683536184,44.2762524788332]]},"properties":{"OBJECTID":64247,"ID":"119573","VOLTAGE":138,"STATUS":"NOT AVAILABLE","OWNER":"NOT AVAILABLE","SUB_1":"KAUKAUNA","SUB_2":"NOT AVAILABLE","VOLT_CLASS":"100-161"}},{"type":"Feature","geometry":{"type":"LineString","coordinates":[[-88.2659683536184,44.2762524788332],[-88.2654720020846,44.2761408417298]]},"properties":{"OBJECTID":64248,"ID":"104236","VOLTAGE":138,"STATUS":"NOT AVAILABLE","OWNER":"NOT AVAILABLE","SUB_1":"KAUKAUNA","SUB_2":"NOT AVAILABLE","VOLT_CLASS":"100-161"}},{"type":"Feature","geometry":{"type":"LineString","coordinates":[[-83.1526693567962,42.3028687371167],[-83.1511993904962,42.302767445878]]},"properties":{"OBJECTID":64251,"ID":"134278","VOLTAGE":230,"STATUS":"IN SERVICE","OWNER":"WYANDOTTE MUNICIPAL SERV COMM","SUB_1":"UNKNOWN128442","SUB_2":"DEARBORN INDUSTRIAL GENERATION","VOLT_CLASS":"220-287"}},{"type":"Feature","geometry":{"type":"LineString","coordinates":[[-83.1535911908728,42.3025929681367],[-83.1526693567962,42.3028687371167]]},"properties":{"OBJECTID":64252,"ID":"122850","VOLTAGE":230,"STATUS":"NOT AVAILABLE","OWNER":"WYANDOTTE MUNICIPAL SERV COMM","SUB_1":"DEARBORN INDUSTRIAL GENERATION","SUB_2":"NOT AVAILABLE","VOLT_CLASS":"220-287"}},{"type":"Feature","geometry":{"type":"LineString","coordinates":[[-86.2025217912678,42.9112755878693],[-86.200848952139,42.9124909078611]]},"properties":{"OBJECTID":64296,"ID":"127112","VOLTAGE":345,"STATUS":"NOT AVAILABLE","OWNER":"NOT AVAILABLE","SUB_1":"J H CAMPBELL","SUB_2":"NOT AVAILABLE","VOLT_CLASS":"345"}},{"type":"Feature","geometry":{"type":"LineString","coordinates":[[-86.2002559400839,42.9100380526689],[-86.2007967779873,42.9095366105397],[-86.2013838467884,42.9102555716491],[-86.2025217912678,42.9112755878693]]},"properties":{"OBJECTID":64297,"ID":"132985","VOLTAGE":345,"STATUS":"NOT AVAILABLE","OWNER":"NOT AVAILABLE","SUB_1":"UNKNOWN128736","SUB_2":"NOT AVAILABLE","VOLT_CLASS":"345"}},{"type":"Feature","geometry":{"type":"LineString","coordinates":[[-86.2025217912678,42.9112755878693],[-86.2015953820715,42.9105480288312],[-86.2012507461077,42.9105654366553],[-86.2007730094632,42.9098743321254],[-86.2002559400839,42.9100380526689]]},"properties":{"OBJECTID":64298,"ID":"108184","VOLTAGE":345,"STATUS":"NOT AVAILABLE","OWNER":"NOT AVAILABLE","SUB_1":"UNKNOWN128736","SUB_2":"NOT AVAILABLE","VOLT_CLASS":"345"}},{"type":"Feature","geometry":{"type":"LineString","coordinates":[[-88.2265000002448,41.8150999997344],[-88.2261300919771,41.8135421969231]]},"properties":{"OBJECTID":64334,"ID":"108656","VOLTAGE":345,"STATUS":"NOT AVAILABLE","OWNER":"NOT AVAILABLE","SUB_1":"AURORA","SUB_2":"NOT AVAILABLE","VOLT_CLASS":"345"}},{"type":"Feature","geometry":{"type":"LineString","coordinates":[[-83.8400700002478,43.6449999995832],[-83.8376557572605,43.6457410548187]]},"properties":{"OBJECTID":64339,"ID":"142656","VOLTAGE":345,"STATUS":"NOT AVAILABLE","OWNER":"CONSUMERS ENERGY CO","SUB_1":"KARN","SUB_2":"NOT AVAILABLE","VOLT_CLASS":"345"}},{"type":"Feature","geometry":{"type":"LineString","coordinates":[[-83.8931714783257,45.0687395689328],[-83.8928467840629,45.0686189968538]]},"properties":{"OBJECTID":64360,"ID":"111735","VOLTAGE":138,"STATUS":"NOT AVAILABLE","OWNER":"WOLVERINE POWER SUPPLY COOP","SUB_1":"HILLMAN POWER LLC","SUB_2":"NOT AVAILABLE","VOLT_CLASS":"100-161"}},{"type":"Feature","geometry":{"type":"LineString","coordinates":[[-83.4492375665926,41.7919824109635],[-83.4503182964732,41.7919099580294]]},"properties":{"OBJECTID":64365,"ID":"107697","VOLTAGE":138,"STATUS":"NOT AVAILABLE","OWNER":"CONSUMERS ENERGY CO","SUB_1":"J R WHITING","SUB_2":"NOT AVAILABLE","VOLT_CLASS":"100-161"}},{"type":"Feature","geometry":{"type":"LineString","coordinates":[[-85.0241670003391,41.9194440000425],[-85.0239128346058,41.9205958746507]]},"properties":{"OBJECTID":64366,"ID":"141399","VOLTAGE":138,"STATUS":"NOT AVAILABLE","OWNER":"CONSUMERS ENERGY CO","SUB_1":"COLDWATER PEAKING PLANT","SUB_2":"NOT AVAILABLE","VOLT_CLASS":"100-161"}},{"type":"Feature","geometry":{"type":"LineString","coordinates":[[-84.7543960142701,42.031667806586],[-84.7527083592273,42.0313640587881]]},"properties":{"OBJECTID":64378,"ID":"138265","VOLTAGE":138,"STATUS":"NOT AVAILABLE","OWNER":"CONSUMERS ENERGY CO","SUB_1":"ENDICOTT STATION","SUB_2":"NOT AVAILABLE","VOLT_CLASS":"100-161"}},{"type":"Feature","geometry":{"type":"LineString","coordinates":[[-83.2204044761924,43.8245183549658],[-83.2159255857802,43.8250753157721]]},"properties":{"OBJECTID":64392,"ID":"130712","VOLTAGE":120,"STATUS":"NOT AVAILABLE","OWNER":"NOT AVAILABLE","SUB_1":"UNKNOWN128371","SUB_2":"NOT AVAILABLE","VOLT_CLASS":"100-161"}},{"type":"Feature","geometry":{"type":"LineString","coordinates":[[-83.6290057730171,43.1566666165411],[-83.6285335511301,43.1567348288814]]},"properties":{"OBJECTID":64443,"ID":"121580","VOLTAGE":138,"STATUS":"NOT AVAILABLE","OWNER":"CONSUMERS ENERGY CO","SUB_1":"THETFORD","SUB_2":"NOT AVAILABLE","VOLT_CLASS":"100-161"}},{"type":"Feature","geometry":{"type":"LineString","coordinates":[[-88.3007375379941,44.2717595660989],[-88.3027857938599,44.2693846215571]]},"properties":{"OBJECTID":64454,"ID":"142449","VOLTAGE":138,"STATUS":"NOT AVAILABLE","OWNER":"NOT AVAILABLE","SUB_1":"COMBINED LOCKS","SUB_2":"NOT AVAILABLE","VOLT_CLASS":"100-161"}},{"type":"Feature","geometry":{"type":"LineString","coordinates":[[-87.814156605814,42.3826147150529],[-87.8174108535421,42.3835010158286]]},"properties":{"OBJECTID":64459,"ID":"143631","VOLTAGE":138,"STATUS":"NOT AVAILABLE","OWNER":"COMMONWEALTH EDISON CO","SUB_1":"UNKNOWN124710","SUB_2":"NOT AVAILABLE","VOLT_CLASS":"100-161"}},{"type":"Feature","geometry":{"type":"LineString","coordinates":[[-82.9113507798914,43.7219420187481],[-82.9133922094594,43.7230932218338]]},"properties":{"OBJECTID":64475,"ID":"142816","VOLTAGE":120,"STATUS":"NOT AVAILABLE","OWNER":"THUMB ELECTRIC COOP OF MICH","SUB_1":"MICHIGAN WIND 2","SUB_2":"NOT AVAILABLE","VOLT_CLASS":"100-161"}},{"type":"Feature","geometry":{"type":"LineString","coordinates":[[-83.6420455074756,42.2641990225455],[-83.6426857412702,42.2643678661159]]},"properties":{"OBJECTID":64482,"ID":"143733","VOLTAGE":120,"STATUS":"NOT AVAILABLE","OWNER":"NOT AVAILABLE","SUB_1":"SUPERIOR","SUB_2":"NOT AVAILABLE","VOLT_CLASS":"100-161"}},{"type":"Feature","geometry":{"type":"LineString","coordinates":[[-89.5842048956137,44.516783233527],[-89.5848989196291,44.5159585839234]]},"properties":{"OBJECTID":64524,"ID":"146930","VOLTAGE":115,"STATUS":"NOT AVAILABLE","OWNER":"NOT AVAILABLE","SUB_1":"STEVENS POINT MILL","SUB_2":"NOT AVAILABLE","VOLT_CLASS":"100-161"}},{"type":"Feature","geometry":{"type":"LineString","coordinates":[[-82.7453562908013,42.7664360476906],[-82.7462146606997,42.7665423996676]]},"properties":{"OBJECTID":64540,"ID":"130835","VOLTAGE":120,"STATUS":"NOT AVAILABLE","OWNER":"NOT AVAILABLE","SUB_1":"PINE TREE ACRES WM LFGTE","SUB_2":"NOT AVAILABLE","VOLT_CLASS":"100-161"}},{"type":"Feature","geometry":{"type":"LineString","coordinates":[[-83.5317999995906,42.1669999997433],[-83.5321966614841,42.1674099326425]]},"properties":{"OBJECTID":64547,"ID":"114394","VOLTAGE":120,"STATUS":"NOT AVAILABLE","OWNER":"WYANDOTTE MUNICIPAL SERV COMM","SUB_1":"SUMPTER","SUB_2":"NOT AVAILABLE","VOLT_CLASS":"100-161"}},{"type":"Feature","geometry":{"type":"LineString","coordinates":[[-89.2590431306608,45.9107017036101],[-89.2582249190489,45.9100120971483]]},"properties":{"OBJECTID":64550,"ID":"111143","VOLTAGE":115,"STATUS":"NOT AVAILABLE","OWNER":"NORTHERN STATES POWER CO - WISCONSIN","SUB_1":"EAGLE RIVER","SUB_2":"NOT AVAILABLE","VOLT_CLASS":"100-161"}},{"type":"Feature","geometry":{"type":"LineString","coordinates":[[-86.0033034895853,42.8280220055443],[-86.0023095387577,42.8281504065566]]},"properties":{"OBJECTID":64569,"ID":"148121","VOLTAGE":138,"STATUS":"NOT AVAILABLE","OWNER":"NOT AVAILABLE","SUB_1":"RILEY GENERATING STATION","SUB_2":"NOT AVAILABLE","VOLT_CLASS":"100-161"}},{"type":"Feature","geometry":{"type":"LineString","coordinates":[[-89.7313938935442,45.4401065751409],[-89.7311850002064,45.4406050001228],[-89.7312570001764,45.4410509996061],[-89.7334380000918,45.4415079998203],[-89.7372579995992,45.4423200001206],[-89.7383749998578,45.4437039996721],[-89.7384300001094,45.44548899967],[-89.7379790000227,45.4459440001021],[-89.7375438569974,45.4458222939925]]},"properties":{"OBJECTID":64578,"ID":"177794","VOLTAGE":115,"STATUS":"NOT AVAILABLE","OWNER":"NORTHERN STATES POWER CO - WISCONSIN","SUB_1":"PACKAGING OF AMERICA TOMAHAWK MILL","SUB_2":"TOMAHAWK-ATC 115KV","VOLT_CLASS":"100-161"}},{"type":"Feature","geometry":{"type":"LineString","coordinates":[[-89.7371709968656,45.4449551768422],[-89.7375438569974,45.4458222939925]]},"properties":{"OBJECTID":64579,"ID":"131132","VOLTAGE":115,"STATUS":"NOT AVAILABLE","OWNER":"NORTHERN STATES POWER CO","SUB_1":"PACKAGING OF AMERICA TOMAHAWK MILL","SUB_2":"NOT AVAILABLE","VOLT_CLASS":"100-161"}},{"type":"Feature","geometry":{"type":"LineString","coordinates":[[-85.4948203632555,42.2813434056761],[-85.4928958080992,42.2808175325406]]},"properties":{"OBJECTID":64580,"ID":"135407","VOLTAGE":138,"STATUS":"NOT AVAILABLE","OWNER":"INDIANA MICHIGAN POWER CO","SUB_1":"KALAMAZOO RIVER GENERATING STATION","SUB_2":"NOT AVAILABLE","VOLT_CLASS":"100-161"}},{"type":"Feature","geometry":{"type":"LineString","coordinates":[[-85.492514347497,42.2800903097375],[-85.4928958080992,42.2808175325406]]},"properties":{"OBJECTID":64581,"ID":"106308","VOLTAGE":138,"STATUS":"NOT AVAILABLE","OWNER":"INDIANA MICHIGAN POWER CO","SUB_1":"KALAMAZOO RIVER GENERATING STATION","SUB_2":"NOT AVAILABLE","VOLT_CLASS":"100-161"}},{"type":"Feature","geometry":{"type":"LineString","coordinates":[[-85.3498802365533,42.3355434229425],[-85.3503508432694,42.3354257059386],[-85.3531316959107,42.3355012559603],[-85.3552327852917,42.3355205817226],[-85.3566137042925,42.3355820757632],[-85.3590237773003,42.3349284841008],[-85.3602156485445,42.3345570527967],[-85.3601833990258,42.3323041328055],[-85.3602183425921,42.3313805886581],[-85.3632921088981,42.331346453723],[-85.3657544809234,42.3313230777136],[-85.3672859288197,42.3313071395203],[-85.3693083060189,42.3312730716188],[-85.3701264017481,42.3306647605618],[-85.3711483252153,42.3298870309553],[-85.3730124192614,42.3284795737184],[-85.374063987133,42.3276978316523],[-85.3752280240782,42.3268253585782],[-85.3763947559692,42.3259433767509],[-85.377397904647,42.3251834539073],[-85.3785968860567,42.3242950717439],[-85.3797233725246,42.3234208917048],[-85.3817672194591,42.3218700910211],[-85.3822687497805,42.3210188579511],[-85.3829178715065,42.3199380616273],[-85.3835348353419,42.3188968357401],[-85.3841865630806,42.3177905628041],[-85.3847230369683,42.3168917818059],[-85.3858093696413,42.3169095835332],[-85.3873033577904,42.3169314371392],[-85.3887785711499,42.3169496367368],[-85.3903985031018,42.3169714909932],[-85.3913293365009,42.3169952708812],[-85.3922251365022,42.3171678408607],[-85.3938854037086,42.317482756605],[-85.3951434035342,42.3177271290739],[-85.3963691556377,42.317955159814],[-85.3975037278415,42.3179492488094],[-85.3988099680962,42.3179468575724],[-85.4003039562452,42.3179349678093],[-85.4013795091349,42.3179254686176],[-85.4029647661168,42.317913180975],[-85.4044613584818,42.3179036817801],[-85.4062209784603,42.3178933868325],[-85.4080475238258,42.3178774445724],[-85.4093617590865,42.3178659540005],[-85.4109684858037,42.3178619686001],[-85.4123792001259,42.3179250707422],[-85.4137740142675,42.3179904305459],[-85.4148925066278,42.3180424405583],[-85.4163890998911,42.3188218449769],[-85.417673960242,42.3188194537731],[-85.419406630762,42.3188060357967],[-85.4211232205401,42.318801652586],[-85.422756717951,42.3187917556553],[-85.4259029765038,42.3187742865724],[-85.4272521571274,42.3187659837746],[-85.4287058109201,42.3187584780445],[-85.4300657695305,42.3187405439954],[-85.4318038308405,42.3187465877705],[-85.4335606660416,42.3187346317361],[-85.441980126042,42.3186790368106],[-85.4430074385026,42.31868063095],[-85.4444155486088,42.3186687406613],[-85.4458907619684,42.3186568516989],[-85.4476127425365,42.3186489467565],[-85.4492676189529,42.3186370577903],[-85.4509869045752,42.3186255666928],[-85.4526499556607,42.3186171310303],[-85.4542512026546,42.3186072340705],[-85.4580519746218,42.3185818606497],[-85.4581055142127,42.3170761755726],[-85.4581565385208,42.3162669911285],[-85.4581753133103,42.3154641724995],[-85.458223552841,42.314650583828],[-85.4582557125282,42.3138238306463],[-85.4583013469446,42.3130086929147],[-85.4583282065716,42.3123343739703],[-85.4583711460422,42.3116004595005],[-85.4583872258858,42.310824487139],[-85.4584220805188,42.3102576308374],[-85.4583979158377,42.3094895466866],[-85.4583818359941,42.3078987416613],[-85.4583818359941,42.3070854531371],[-85.4583711460422,42.3062904896568],[-85.4583577611445,42.3056001546978],[-85.4583442855169,42.3039576290665],[-85.4583603662588,42.3031958455074],[-85.4583550661986,42.3024198359789],[-85.4583550661986,42.3016064766735],[-85.4583581195723,42.3008186867775],[-85.4596372316037,42.2998094349191],[-85.4640950304712,42.2997499689494],[-85.4683544831207,42.2997221295544],[-85.4727371837289,42.2996784768267],[-85.4758860482943,42.2996705695006],[-85.4781123430629,42.2996507696207],[-85.4804833555255,42.2978493538253],[-85.4828812285134,42.2960320715954],[-85.4871137317044,42.2960122705715],[-85.4902895457284,42.2960042305567],[-85.493151308729,42.295988548538],[-85.4941490675151,42.2945580736679],[-85.4941036127617,42.2928576487548],[-85.4940929228098,42.2910878676278],[-85.4940821430264,42.2894052907726],[-85.4940660631828,42.2874131866011],[-85.4940660631828,42.2866709417312],[-85.4940686682971,42.2859210448914],[-85.4951035275044,42.2840699896055],[-85.4953369098152,42.2818276895612],[-85.4954283583112,42.2810792637012],[-85.4954981565104,42.2806010666957],[-85.4934861108354,42.2805635817458],[-85.4928958080992,42.2808175325406]]},"properties":{"OBJECTID":64582,"ID":"150329","VOLTAGE":138,"STATUS":"IN SERVICE","OWNER":"INDIANA MICHIGAN POWER CO","SUB_1":"KALAMAZOO RIVER GENERATING STATION","SUB_2":"UNKNOWN129890","VOLT_CLASS":"100-161"}},{"type":"Feature","geometry":{"type":"LineString","coordinates":[[-85.4928958080992,42.2808175325406],[-85.4930803220586,42.2802481270637],[-85.4951742464769,42.280181501829],[-85.4953519997154,42.2761610000507],[-85.4938260001012,42.2751539998317],[-85.4879279997122,42.2710139997096],[-85.4801570002778,42.2711729997133],[-85.4745869999519,42.2708680000805],[-85.4648180000018,42.2703369995063],[-85.4609419995195,42.2702939997898],[-85.452289999828,42.2703079997781],[-85.4433209999441,42.2720449998759],[-85.4401199998546,42.2704879998243],[-85.4380770000315,42.2704980000703],[-85.4309590003501,42.2704790000004],[-85.4308570002428,42.2726199998989],[-85.4321359999848,42.2733169997742],[-85.4341939998765,42.274569000064],[-85.4357050003204,42.2767250001632],[-85.436914999567,42.278290999713]]},"properties":{"OBJECTID":64583,"ID":"177795","VOLTAGE":138,"STATUS":"NOT AVAILABLE","OWNER":"CONSUMERS ENERGY CO","SUB_1":"KALAMAZOO RIVER GENERATING STATION","SUB_2":"DEADEND174417","VOLT_CLASS":"100-161"}},{"type":"Feature","geometry":{"type":"LineString","coordinates":[[-85.4928958080992,42.2808175325406],[-85.4934478426043,42.2803416411417],[-85.494017643989,42.2803668518557],[-85.4958253238352,42.2803648579686],[-85.4976787279294,42.2803688457428],[-85.4976680379775,42.2788150568545],[-85.4977136714956,42.27802319267],[-85.497764517039,42.2772214828639],[-85.4977726018766,42.2764037436283],[-85.4977940716119,42.2755424565966],[-85.4978289262449,42.2746731828546],[-85.4977994615036,42.27397857892],[-85.4975580841868,42.2727738716088],[-85.4972093581935,42.2710014656031],[-85.4970271798538,42.2701123865372],[-85.4969949303351,42.2693342397067],[-85.4969949303351,42.2680778590391],[-85.4969305211293,42.2671608836202],[-85.496943906027,42.2662974766108],[-85.4969520806961,42.2653804766239],[-85.4980490125912,42.2653804766239],[-85.4990520723358,42.2653903819508],[-85.5022412712575,42.2660870748689],[-85.5064724260772,42.2660229900785],[-85.508383232518,42.2657337428324],[-85.5094668702453,42.2655590375204],[-85.5134525145995,42.2655749930283],[-85.5177484388496,42.2655982605006],[-85.522824279531,42.2656742446926],[-85.5262360809801,42.2657099435833],[-85.5298355395937,42.265769574646],[-85.5387232015202,42.2659157609215],[-85.5442282581426,42.265991877687],[-85.5490723325824,42.265991877687],[-85.5531814072533,42.2659799787771],[-85.5542919046076,42.2658885706895],[-85.5551974055156,42.2658125867558],[-85.555232791053,42.2658151069463],[-85.5552161524573,42.2663304648525],[-85.5552161524573,42.266910896997],[-85.558199033511,42.266910896997],[-85.5602525867421,42.2668968257886],[-85.5612080591328,42.2669021020766],[-85.5642384763365,42.2669003430924],[-85.5670906327534,42.2668862718816],[-85.5686236670746,42.2668809955922],[-85.5699570499255,42.2668792366074],[-85.5702303821137,42.2668317466579],[-85.5709362908404,42.2668335056441],[-85.5719963415032,42.2668352646302],[-85.5729755833163,42.2668475768667],[-85.5735460135217,42.2668422999093],[-85.5752691915441,42.2668862718816],[-85.5752810762553,42.2671747280837],[-85.5750101210094,42.2671676915122]]},"properties":{"OBJECTID":64584,"ID":"118141","VOLTAGE":138,"STATUS":"IN SERVICE","OWNER":"INDIANA MICHIGAN POWER CO","SUB_1":"KALAMAZOO RIVER GENERATING STATION","SUB_2":"UNKNOWN129892","VOLT_CLASS":"100-161"}},{"type":"Feature","geometry":{"type":"LineString","coordinates":[[-85.5507453980867,42.2701719888403],[-85.550666962586,42.2709229857935],[-85.5512564092276,42.2722895321001],[-85.5515630159122,42.2730281927966],[-85.5508214548485,42.2734836958666],[-85.5491409647684,42.2745535387035],[-85.5480960435316,42.2742642647952],[-85.5458150422605,42.2737755796407],[-85.5409924366577,42.272731662565],[-85.538996829254,42.272294946862],[-85.5382952450171,42.2722040797035],[-85.5361279695627,42.2724978837743],[-85.5348941335199,42.27258515974],[-85.5338695151069,42.2725732620746],[-85.5305532045725,42.2725807726464],[-85.5291220086618,42.2724224389127],[-85.5268099247835,42.271957935872],[-85.5234196829013,42.2712633678203],[-85.519996113522,42.27054845263],[-85.5167506800635,42.2700601375071],[-85.51395575172,42.2700998888119],[-85.5116061182629,42.2703261656572],[-85.5080871478004,42.2703062900793],[-85.506847921866,42.2702229315714],[-85.5057589840786,42.2701316639129],[-85.5033060434654,42.2701262795431],[-85.5021069731225,42.2701242846671],[-85.4996769395491,42.2701262795431],[-85.4984592740798,42.2701281408068],[-85.4972899370744,42.2701301350178],[-85.497413275763,42.2709776690073],[-85.4977592169789,42.2726805457134],[-85.4980729985076,42.2739726631215],[-85.4979978993499,42.274798276554],[-85.4979925085598,42.2755960297762],[-85.4979818195063,42.2764097921328],[-85.4980623085557,42.27802319267],[-85.4980944682429,42.2788150568545],[-85.4981400128278,42.2805236376523],[-85.4972951473031,42.2805117408208],[-85.4955115423065,42.2805137347034],[-85.4928958080992,42.2808175325406]]},"properties":{"OBJECTID":64585,"ID":"142384","VOLTAGE":138,"STATUS":"IN SERVICE","OWNER":"INDIANA MICHIGAN POWER CO","SUB_1":"KALAMAZOO RIVER GENERATING STATION","SUB_2":"UNKNOWN129891","VOLT_CLASS":"100-161"}},{"type":"Feature","geometry":{"type":"LineString","coordinates":[[-87.649247885255,45.3547066808348],[-87.6484547016052,45.3544423500854]]},"properties":{"OBJECTID":64607,"ID":"146742","VOLTAGE":138,"STATUS":"NOT AVAILABLE","OWNER":"NOT AVAILABLE","SUB_1":"GRAND RAPIDS HY","SUB_2":"NOT AVAILABLE","VOLT_CLASS":"100-161"}},{"type":"Feature","geometry":{"type":"LineString","coordinates":[[-89.6490062412594,44.8583491517403],[-89.6484690846521,44.8591848055472]]},"properties":{"OBJECTID":64631,"ID":"149503","VOLTAGE":345,"STATUS":"NOT AVAILABLE","OWNER":"NORTHERN STATES POWER CO","SUB_1":"WESTON","SUB_2":"NOT AVAILABLE","VOLT_CLASS":"345"}},{"type":"Feature","geometry":{"type":"LineString","coordinates":[[-82.6982659047185,43.1053239406565],[-82.6987008689791,43.1049675465508],[-82.6986583786661,43.1040400840607],[-82.6985803150679,43.1031780645667],[-82.6995535498467,43.1030266868401],[-82.7006623395036,43.1028482856102],[-82.7018043003507,43.1029784256009]]},"properties":{"OBJECTID":64646,"ID":"119682","VOLTAGE":345,"STATUS":"IN SERVICE","OWNER":"NOT AVAILABLE","SUB_1":"GREENWOOD","SUB_2":"GREENWOOD (MI)","VOLT_CLASS":"345"}},{"type":"Feature","geometry":{"type":"LineString","coordinates":[[-82.6982659047185,43.1053239406565],[-82.6996627849853,43.104656142142],[-82.6996249659119,43.1033946357265],[-82.7006993509917,43.1033586935157],[-82.7018043003507,43.1029784256009]]},"properties":{"OBJECTID":64647,"ID":"130211","VOLTAGE":345,"STATUS":"IN SERVICE","OWNER":"NOT AVAILABLE","SUB_1":"GREENWOOD","SUB_2":"GREENWOOD (MI)","VOLT_CLASS":"345"}},{"type":"Feature","geometry":{"type":"LineString","coordinates":[[-82.6976240512615,43.1055739706094],[-82.6982659047185,43.1053239406565]]},"properties":{"OBJECTID":64648,"ID":"135774","VOLTAGE":345,"STATUS":"NOT AVAILABLE","OWNER":"NOT AVAILABLE","SUB_1":"GREENWOOD (MI)","SUB_2":"NOT AVAILABLE","VOLT_CLASS":"345"}},{"type":"Feature","geometry":{"type":"LineString","coordinates":[[-82.6976240512615,43.1055739706094],[-82.6972152396538,43.1013979365508]]},"properties":{"OBJECTID":64649,"ID":"134462","VOLTAGE":345,"STATUS":"NOT AVAILABLE","OWNER":"NOT AVAILABLE","SUB_1":"GREENWOOD SOLAR FARM","SUB_2":"NOT AVAILABLE","VOLT_CLASS":"345"}},{"type":"Feature","geometry":{"type":"LineString","coordinates":[[-89.9060974855335,42.4321838676377],[-89.9063079940422,42.432672386137]]},"properties":{"OBJECTID":64663,"ID":"136538","VOLTAGE":138,"STATUS":"NOT AVAILABLE","OWNER":"COMMONWEALTH EDISON CO","SUB_1":"ECOGROVE WIND LLC","SUB_2":"NOT AVAILABLE","VOLT_CLASS":"100-161"}},{"type":"Feature","geometry":{"type":"LineString","coordinates":[[-86.5652099998851,41.9755999997153],[-86.5637670576038,41.9742031896448],[-86.560884363857,41.9734488498206],[-86.558405372999,41.9744748706747],[-86.5568762607223,41.9745647626927],[-86.5559433917408,41.9741455796351]]},"properties":{"OBJECTID":64670,"ID":"110417","VOLTAGE":345,"STATUS":"NOT AVAILABLE","OWNER":"INDIANA MICHIGAN POWER CO","SUB_1":"COOK","SUB_2":"NOT AVAILABLE","VOLT_CLASS":"345"}},{"type":"Feature","geometry":{"type":"LineString","coordinates":[[-83.4189945752169,44.6799096146519],[-83.4187173066112,44.6802091379758]]},"properties":{"OBJECTID":64676,"ID":"133715","VOLTAGE":138,"STATUS":"NOT AVAILABLE","OWNER":"CONSUMERS ENERGY CO","SUB_1":"VIKING ENERGY OF LINCOLN","SUB_2":"NOT AVAILABLE","VOLT_CLASS":"100-161"}},{"type":"Feature","geometry":{"type":"LineString","coordinates":[[-87.5360974332521,44.342342767553],[-87.5397500002653,44.3429279996479]]},"properties":{"OBJECTID":64680,"ID":"116577","VOLTAGE":345,"STATUS":"NOT AVAILABLE","OWNER":"NOT AVAILABLE","SUB_1":"KEWAUNEE","SUB_2":"NOT AVAILABLE","VOLT_CLASS":"345"}},{"type":"Feature","geometry":{"type":"LineString","coordinates":[[-87.5360974332521,44.342342767553],[-87.5376548289854,44.3429008761518]]},"properties":{"OBJECTID":64681,"ID":"111229","VOLTAGE":345,"STATUS":"NOT AVAILABLE","OWNER":"NOT AVAILABLE","SUB_1":"KEWAUNEE","SUB_2":"NOT AVAILABLE","VOLT_CLASS":"345"}},{"type":"Feature","geometry":{"type":"LineString","coordinates":[[-86.4241443528174,43.9405395905273],[-86.4242338447826,43.9396197648951]]},"properties":{"OBJECTID":64694,"ID":"104685","VOLTAGE":138,"STATUS":"NOT AVAILABLE","OWNER":"WOLVERINE POWER SUPPLY COOP","SUB_1":"MICHIGAN POWER LP","SUB_2":"NOT AVAILABLE","VOLT_CLASS":"100-161"}},{"type":"Feature","geometry":{"type":"LineString","coordinates":[[-84.8428999997787,43.1864000001569],[-84.8430213558854,43.1870814586741]]},"properties":{"OBJECTID":64736,"ID":"128905","VOLTAGE":345,"STATUS":"NOT AVAILABLE","OWNER":"WOLVERINE POWER SUPPLY COOP","SUB_1":"RENAISSANCE STATION","SUB_2":"NOT AVAILABLE","VOLT_CLASS":"345"}},{"type":"Feature","geometry":{"type":"LineString","coordinates":[[-82.4819900268068,42.7743791568731],[-82.4820806910735,42.7739955996068]]},"properties":{"OBJECTID":64785,"ID":"123568","VOLTAGE":120,"STATUS":"NOT AVAILABLE","OWNER":"NOT AVAILABLE","SUB_1":"BLUE WATER ENERGY CENTER","SUB_2":"NOT AVAILABLE","VOLT_CLASS":"100-161"}},{"type":"Feature","geometry":{"type":"LineString","coordinates":[[-86.284944444611,44.2150471691027],[-86.2860892082018,44.2159451489067]]},"properties":{"OBJECTID":64826,"ID":"123892","VOLTAGE":138,"STATUS":"NOT AVAILABLE","OWNER":"NOT AVAILABLE","SUB_1":"PCA, FILER CITY MILL","SUB_2":"NOT AVAILABLE","VOLT_CLASS":"100-161"}},{"type":"Feature","geometry":{"type":"LineString","coordinates":[[-88.2747434817926,43.8875824475978],[-88.2758458961059,43.8896711648643]]},"properties":{"OBJECTID":64843,"ID":"119344","VOLTAGE":345,"STATUS":"NOT AVAILABLE","OWNER":"NOT AVAILABLE","SUB_1":"CYPRESS","SUB_2":"NOT AVAILABLE","VOLT_CLASS":"345"}},{"type":"Feature","geometry":{"type":"LineString","coordinates":[[-83.1026286760466,42.2962606659919],[-83.1018370105496,42.2958798427584],[-83.1013715035694,42.2955941877745],[-83.1000401095885,42.2943503577491],[-83.0995697570956,42.2941625955883],[-83.0990469861093,42.2939539075516],[-83.0981050495333,42.2935778925709],[-83.0977504296934,42.2934425617931],[-83.0902486409765,42.2905823769559],[-83.0866021169302,42.2892141865395],[-83.086001303007,42.2871083639194],[-83.089457469553,42.2816296549896],[-83.0899333619562,42.2805648458663],[-83.0917060596087,42.2806421791529]]},"properties":{"OBJECTID":64851,"ID":"158594","VOLTAGE":120,"STATUS":"IN SERVICE","OWNER":"NOT AVAILABLE","SUB_1":"DELRAY","SUB_2":"NOT AVAILABLE","VOLT_CLASS":"100-161"}},{"type":"Feature","geometry":{"type":"LineString","coordinates":[[-82.78360999974,43.8508300001521],[-82.7836134726268,43.850746378658]]},"properties":{"OBJECTID":64881,"ID":"132587","VOLTAGE":120,"STATUS":"NOT AVAILABLE","OWNER":"THUMB ELECTRIC COOP OF MICH","SUB_1":"SIGEL WIND PARK","SUB_2":"NOT AVAILABLE","VOLT_CLASS":"100-161"}},{"type":"Feature","geometry":{"type":"LineString","coordinates":[[-83.4556100077073,42.7100117171577],[-83.4567517529587,42.7109112029847]]},"properties":{"OBJECTID":64882,"ID":"135599","VOLTAGE":345,"STATUS":"NOT AVAILABLE","OWNER":"NOT AVAILABLE","SUB_1":"PLACID 12","SUB_2":"NOT AVAILABLE","VOLT_CLASS":"345"}},{"type":"Feature","geometry":{"type":"LineString","coordinates":[[-87.396117094778,46.5790715386853],[-87.3973283148352,46.5791357106041]]},"properties":{"OBJECTID":64889,"ID":"140831","VOLTAGE":138,"STATUS":"NOT AVAILABLE","OWNER":"CITY OF MARQUETTE - (MI)","SUB_1":"PRESQUE ISLE STATION","SUB_2":"NOT AVAILABLE","VOLT_CLASS":"100-161"}},{"type":"Feature","geometry":{"type":"LineString","coordinates":[[-83.8450094757708,43.6401054465505],[-83.8434249491192,43.6399398948873]]},"properties":{"OBJECTID":64901,"ID":"150645","VOLTAGE":138,"STATUS":"NOT AVAILABLE","OWNER":"CONSUMERS ENERGY CO","SUB_1":"WEADOCK","SUB_2":"NOT AVAILABLE","VOLT_CLASS":"100-161"}},{"type":"Feature","geometry":{"type":"LineString","coordinates":[[-89.0275999995756,42.5819699999226],[-89.0266373325778,42.5824650490118]]},"properties":{"OBJECTID":64928,"ID":"144309","VOLTAGE":138,"STATUS":"NOT AVAILABLE","OWNER":"NOT AVAILABLE","SUB_1":"ROCK RIVER","SUB_2":"NOT AVAILABLE","VOLT_CLASS":"100-161"}},{"type":"Feature","geometry":{"type":"LineString","coordinates":[[-84.9774895428429,41.9523367097404],[-84.9798114363241,41.9534896679325]]},"properties":{"OBJECTID":64937,"ID":"150212","VOLTAGE":138,"STATUS":"NOT AVAILABLE","OWNER":"COLDWATER BOARD OF PUBLIC UTIL","SUB_1":"STATE ST GENERATING","SUB_2":"NOT AVAILABLE","VOLT_CLASS":"100-161"}},{"type":"Feature","geometry":{"type":"LineString","coordinates":[[-82.4716623196658,42.7633711498928],[-82.4746270619373,42.7642814738922]]},"properties":{"OBJECTID":64996,"ID":"107562","VOLTAGE":345,"STATUS":"NOT AVAILABLE","OWNER":"NOT AVAILABLE","SUB_1":"ST. CLAIR","SUB_2":"NOT AVAILABLE","VOLT_CLASS":"345"}},{"type":"Feature","geometry":{"type":"LineString","coordinates":[[-86.533443162157,45.7955633141427],[-86.5337212877555,45.7955775185414]]},"properties":{"OBJECTID":64997,"ID":"121488","VOLTAGE":138,"STATUS":"NOT AVAILABLE","OWNER":"CITY OF ESCANABA","SUB_1":"HERITAGE GARDEN WIND FARM I LLC","SUB_2":"NOT AVAILABLE","VOLT_CLASS":"100-161"}},{"type":"Feature","geometry":{"type":"LineString","coordinates":[[-85.9391314811697,44.2589153039437],[-85.9394597857617,44.2585199217977]]},"properties":{"OBJECTID":65022,"ID":"105863","VOLTAGE":138,"STATUS":"NOT AVAILABLE","OWNER":"WOLVERINE POWER SUPPLY COOP","SUB_1":"C W TIPPY","SUB_2":"NOT AVAILABLE","VOLT_CLASS":"100-161"}},{"type":"Feature","geometry":{"type":"LineString","coordinates":[[-86.1135471864666,42.7954465228877],[-86.1125161307262,42.7954792605201]]},"properties":{"OBJECTID":65023,"ID":"103221","VOLTAGE":138,"STATUS":"NOT AVAILABLE","OWNER":"NOT AVAILABLE","SUB_1":"JAMES DE YOUNG","SUB_2":"NOT AVAILABLE","VOLT_CLASS":"100-161"}},{"type":"Feature","geometry":{"type":"LineString","coordinates":[[-90.2343477590445,41.8102162155992],[-90.2346365395606,41.810042603001],[-90.2345592943276,41.8096528566018],[-90.2333708950719,41.8083595921156],[-90.2338334187471,41.8079192935257]]},"properties":{"OBJECTID":65062,"ID":"142592","VOLTAGE":161,"STATUS":"NOT AVAILABLE","OWNER":"MIDAMERICAN ENERGY CO","SUB_1":"MILTON L KAPP","SUB_2":"NOT AVAILABLE","VOLT_CLASS":"100-161"}},{"type":"Feature","geometry":{"type":"LineString","coordinates":[[-90.2338334187471,41.8079192935257],[-90.2334659664734,41.8083773079962],[-90.2346543657291,41.8095731360184],[-90.2347613218417,41.810082463013],[-90.2343477590445,41.8102162155992]]},"properties":{"OBJECTID":65063,"ID":"103403","VOLTAGE":161,"STATUS":"NOT AVAILABLE","OWNER":"MIDAMERICAN ENERGY CO","SUB_1":"MILTON L KAPP","SUB_2":"NOT AVAILABLE","VOLT_CLASS":"100-161"}},{"type":"Feature","geometry":{"type":"LineString","coordinates":[[-84.0951681155701,42.6586543689653],[-84.0944751452785,42.658695195543]]},"properties":{"OBJECTID":65064,"ID":"134939","VOLTAGE":138,"STATUS":"NOT AVAILABLE","OWNER":"NOT AVAILABLE","SUB_1":"COLFAX","SUB_2":"NOT AVAILABLE","VOLT_CLASS":"100-161"}},{"type":"Feature","geometry":{"type":"LineString","coordinates":[[-83.4437970880593,42.5495481431458],[-83.4422480592345,42.5498015556664]]},"properties":{"OBJECTID":65067,"ID":"101702","VOLTAGE":120,"STATUS":"NOT AVAILABLE","OWNER":"NOT AVAILABLE","SUB_1":"HANCOCK","SUB_2":"NOT AVAILABLE","VOLT_CLASS":"100-161"}},{"type":"Feature","geometry":{"type":"LineString","coordinates":[[-89.5757359995266,44.4871799995221],[-89.5751144929107,44.4876622001102],[-89.5753429210127,44.4879762889172],[-89.5789049737779,44.489004215923],[-89.5799828694739,44.4891255680535]]},"properties":{"OBJECTID":65107,"ID":"157666","VOLTAGE":115,"STATUS":"NOT AVAILABLE","OWNER":"NOT AVAILABLE","SUB_1":"UNKNOWN157838","SUB_2":"NOT AVAILABLE","VOLT_CLASS":"100-161"}},{"type":"Feature","geometry":{"type":"LineString","coordinates":[[-89.7804116105776,44.4020723136487],[-89.7802743237476,44.4023968326344],[-89.780239000194,44.4046639997498],[-89.7800189291191,44.4048153598579],[-89.7663552715766,44.4080790326996],[-89.7530967811768,44.4112675429973],[-89.7419037745333,44.4138754371078],[-89.7281981575822,44.4171590751054],[-89.7149112085542,44.4202999726501],[-89.7021098663108,44.4233456446271],[-89.688375532915,44.4266864287848],[-89.6719191586813,44.4305411610443],[-89.6595840519519,44.4335297585549],[-89.6498661939893,44.4358140739573],[-89.6458706861332,44.4367580345488],[-89.6459387110581,44.4380241646603],[-89.6461826054544,44.4445706569585],[-89.646361065667,44.4504479257821],[-89.6467893689198,44.4580146118172],[-89.6468919996444,44.4592459997462],[-89.6398900003139,44.4624699998097],[-89.6365019997283,44.4640049997871],[-89.6332499995851,44.4655100000422],[-89.6292240002133,44.4673539995662],[-89.6277770002419,44.4680629997335],[-89.6192040001931,44.4685909998847],[-89.6068629996171,44.4694059997618],[-89.6066954512402,44.4694122295815],[-89.6068501159793,44.4748849911082],[-89.6068739096562,44.4752538070758],[-89.6003319995665,44.4785549996808],[-89.593723999523,44.482017000066],[-89.5938619996153,44.4900469998344],[-89.5939549995017,44.4935099997161],[-89.590586000081,44.4924379999027],[-89.5838869998009,44.4903249996399],[-89.5827770001134,44.4902079999686],[-89.5807666917801,44.4896968930517],[-89.5801829997461,44.4892569997333],[-89.5799828694739,44.4891255680535]]},"properties":{"OBJECTID":65108,"ID":"174623","VOLTAGE":115,"STATUS":"IN SERVICE","OWNER":"AMERICAN TRANSMISSION CO","SUB_1":"NORTHERN STEEL CASTING","SUB_2":"UNKNOWN157838","VOLT_CLASS":"100-161"}},{"type":"Feature","geometry":{"type":"LineString","coordinates":[[-89.605246694164,44.500064679993],[-89.6044056581574,44.4996856161008],[-89.6025782315446,44.4996665807323],[-89.5997704680723,44.4987814205827],[-89.5997133612714,44.4954692106267],[-89.5961917587451,44.4942985171011],[-89.5882538765854,44.491776288076],[-89.5837329010005,44.4903581286237],[-89.5826965514881,44.4902896065832],[-89.5807219206446,44.4897615938412],[-89.5799828694739,44.4891255680535]]},"properties":{"OBJECTID":65109,"ID":"157670","VOLTAGE":115,"STATUS":"IN SERVICE","OWNER":"NOT AVAILABLE","SUB_1":"ROCKY RUN","SUB_2":"UNKNOWN157838","VOLT_CLASS":"100-161"}},{"type":"Feature","geometry":{"type":"LineString","coordinates":[[-85.6660503191614,43.4379076186486],[-85.6651311270301,43.4378106825524],[-85.6651292252966,43.4382897746981],[-85.6660780429677,43.4387978560302],[-85.666722470098,43.4394739451064],[-85.6701713629852,43.4430066258161],[-85.6705873027247,43.4436149306179],[-85.6713865005953,43.4446395429065],[-85.672788811178,43.4464298756735],[-85.6727591011966,43.4478383777823],[-85.6727591011966,43.4512031199823],[-85.672753158841,43.4528897340312],[-85.6727501881123,43.454304554623],[-85.6727442457567,43.4557646338406],[-85.6727323619439,43.4574683738962],[-85.6727264195883,43.4591030556305],[-85.672717506504,43.460795919526],[-85.6726105512896,43.4625836178381],[-85.672604608934,43.4645157389845],[-85.672571928224,43.4679808960553],[-85.6724560590271,43.4697705378713],[-85.6724441752142,43.4716248096864],[-85.6724174359614,43.4734229689197],[-85.6723996106913,43.4756113031424],[-85.672393669234,43.4777090109092],[-85.6723877268784,43.4791383427796],[-85.670875488556,43.4802722977526],[-85.6682194181959,43.4808284887348],[-85.6649270378824,43.4814957595428],[-85.6625299599035,43.4819969050853],[-85.6465222294755,43.4853230998928],[-85.6444247073046,43.4857628425426],[-85.6424014578413,43.486185336971],[-85.640128644714,43.4865237618515],[-85.6360049023511,43.4868815850215],[-85.6333220918399,43.4871359396085],[-85.6307105860027,43.4873579597508],[-85.6296578961353,43.4865908370746]]},"properties":{"OBJECTID":65127,"ID":"125555","VOLTAGE":138,"STATUS":"IN SERVICE","OWNER":"WOLVERINE POWER SUPPLY COOP","SUB_1":"HARDY","SUB_2":"CROTON","VOLT_CLASS":"100-161"}},{"type":"Feature","geometry":{"type":"LineString","coordinates":[[-85.6296976816209,43.4864841986844],[-85.6296578961353,43.4865908370746]]},"properties":{"OBJECTID":65128,"ID":"144764","VOLTAGE":138,"STATUS":"NOT AVAILABLE","OWNER":"WOLVERINE POWER SUPPLY COOP","SUB_1":"HARDY","SUB_2":"NOT AVAILABLE","VOLT_CLASS":"100-161"}},{"type":"Feature","geometry":{"type":"LineString","coordinates":[[-83.8044282382192,44.5619464517608],[-83.8030342101034,44.5614483511489]]},"properties":{"OBJECTID":65159,"ID":"110947","VOLTAGE":138,"STATUS":"IN SERVICE","OWNER":"CONSUMERS ENERGY CO","SUB_1":"ALCONA","SUB_2":"NOT AVAILABLE","VOLT_CLASS":"100-161"}},{"type":"Feature","geometry":{"type":"LineString","coordinates":[[-86.3148066877484,42.3224468400465],[-86.3145977773426,42.3225089545979],[-86.3126369185707,42.3222189956155],[-86.3106166407344,42.3217620881422],[-86.3092499824887,42.3214633390776],[-86.3071465170638,42.3212524560229],[-86.3064889601573,42.321098662869]]},"properties":{"OBJECTID":65160,"ID":"129373","VOLTAGE":345,"STATUS":"IN SERVICE","OWNER":"INDIANA MICHIGAN POWER CO","SUB_1":"PALISADES","SUB_2":"PALISADES","VOLT_CLASS":"345"}},{"type":"Feature","geometry":{"type":"LineString","coordinates":[[-86.314380146092,42.3234832590092],[-86.3148066877484,42.3224468400465]]},"properties":{"OBJECTID":65161,"ID":"144522","VOLTAGE":345,"STATUS":"NOT AVAILABLE","OWNER":"INDIANA MICHIGAN POWER CO","SUB_1":"PALISADES","SUB_2":"NOT AVAILABLE","VOLT_CLASS":"345"}},{"type":"Feature","geometry":{"type":"LineString","coordinates":[[-84.2249333633004,43.5841576216299],[-84.223366664614,43.5847388540769],[-84.224200000262,43.5860999995152]]},"properties":{"OBJECTID":65200,"ID":"158559","VOLTAGE":345,"STATUS":"IN SERVICE","OWNER":"CONSUMERS ENERGY CO","SUB_1":"MIDLAND COGENERATION VENTURE","SUB_2":"NOT AVAILABLE","VOLT_CLASS":"345"}},{"type":"Feature","geometry":{"type":"LineString","coordinates":[[-88.2445700002571,42.0000599995792],[-88.2445823323293,42.0007240877486]]},"properties":{"OBJECTID":65260,"ID":"135975","VOLTAGE":138,"STATUS":"NOT AVAILABLE","OWNER":"COMMONWEALTH EDISON CO","SUB_1":"ELGIN ENERGY CENTER LLC","SUB_2":"NOT AVAILABLE","VOLT_CLASS":"100-161"}}]}