trial,pr_auc,depth,learning_rate,l2_leaf_reg,random_strength,bagging_temperature,border_count,min_data_in_leaf,n,positive_rate,roc_auc,brier,ece,log_loss,precision_at_5pct,recall_at_5pct,lift_at_5pct,withdrawn_mw_capture_at_5pct,precision_at_10pct,recall_at_10pct,lift_at_10pct,withdrawn_mw_capture_at_10pct,precision_at_20pct,recall_at_20pct,lift_at_20pct,withdrawn_mw_capture_at_20pct,pr_lift,val_prevalence,status,model,split,best_iteration,dropped_features,n_features,goal
0,0.04821658044194063,5,0.17254716573280354,14.883264778321262,2.993292420985183,1.2481491235394921,66,4,1666.0,0.04141656662665066,0.5300291307070322,0.05099475357424898,0.0980338604984039,0.22788733615474535,0.03571428571428571,0.043478260869565216,0.8623188405797102,0.025473812920317914,0.059880239520958084,0.14492753623188406,1.4458040440857416,0.12125534950071326,0.059880239520958084,0.2898550724637681,1.4458040440857416,0.2995720399429387,1.164185840815552,0.04141656662665066,ok,catboost_hpo_trial_0,val,29,[],64,below_strong
1,0.07052728092454347,8,0.06054365855469246,13.626199648277185,0.10292247147901223,7.759278817295955,218,14,1666.0,0.04141656662665066,0.7020455019828845,0.04387281017812699,0.045444509564469056,0.18237352206434632,0.03571428571428571,0.043478260869565216,0.8623188405797102,0.03821071938047687,0.04790419161676647,0.11594202898550725,1.1566432352685934,0.09924597513755859,0.08083832335329341,0.391304347826087,1.9518354595157512,0.33014061544732015,1.7028760872505715,0.04141656662665066,ok,catboost_hpo_trial_1,val,539,[],64,below_strong
2,0.04830452787100971,4,0.017322667470546258,3.0719512902674277,2.6237821581611893,3.455560149136926,97,40,1666.0,0.04141656662665066,0.5741970905592915,0.046555335673921894,0.06270791751420626,0.20178702605726329,0.011904761904761904,0.014492753623188406,0.28743961352657005,0.02037905033625433,0.05389221556886228,0.13043478260869565,1.3012236396771675,0.08610148767067455,0.04790419161676647,0.2318840579710145,1.1566432352685934,0.15172202975341348,1.166309325117423,0.04141656662665066,ok,catboost_hpo_trial_2,val,1066,[],64,below_strong
3,0.07426510408521197,3,0.023993242906812727,3.863079550856727,2.28034992108518,6.281407691144109,76,33,1666.0,0.04141656662665066,0.6734275316943907,0.04713889646856369,0.08281664326430163,0.20941039148441948,0.07142857142857142,0.08695652173913043,1.7246376811594204,0.056042388424699406,0.08383233532934131,0.2028985507246377,2.024125661720038,0.11116771958426737,0.09580838323353294,0.463768115942029,2.3132864705371867,0.38129203179131854,1.7931255566081616,0.04141656662665066,ok,catboost_hpo_trial_3,val,496,[],64,below_strong
4,0.07406377528156888,6,0.011492999300221412,9.40423125617563,0.8526206184364576,0.5204127438822361,244,62,1666.0,0.04141656662665066,0.6713811222128448,0.04651565209524369,0.07752399180716715,0.20595143858284348,0.07142857142857142,0.08695652173913043,1.7246376811594204,0.07132667617689016,0.10179640718562874,0.2463768115942029,2.457866874945761,0.1844304055431017,0.08383233532934131,0.4057971014492754,2.024125661720038,0.3167923374770736,1.788264487233243,0.04141656662665066,ok,catboost_hpo_trial_4,val,623,[],64,below_strong
5,0.07285576202603619,7,0.0249064396938244,1.43376041642741,3.4211651325607844,3.5212199499168104,59,32,1666.0,0.04141656662665066,0.681436207381594,0.04171669252668292,0.012545227811695923,0.17167778048060922,0.05952380952380952,0.07246376811594203,1.4371980676328502,0.08457305889545547,0.0718562874251497,0.17391304347826086,1.73496485290289,0.15834522111269614,0.0748502994011976,0.36231884057971014,1.8072550551071769,0.39066639494599553,1.7590970947155986,0.04141656662665066,ok,catboost_hpo_trial_5,val,1477,[],64,below_strong
6,0.04152418164128063,3,0.15242391728466367,2.597652512193531,3.31261142176991,2.4936886087152876,148,35,1666.0,0.04141656662665066,0.5165028631582769,0.04658266841951634,0.07268678595507905,0.2081153992847301,0.023809523809523808,0.028985507246376812,0.5748792270531401,0.030568575504381496,0.029940119760479042,0.07246376811594203,0.7229020220428708,0.07642143876095374,0.038922155688622756,0.18840579710144928,0.9397726286557321,0.15477888730385164,1.0025983567300514,0.04141656662665066,ok,catboost_hpo_trial_6,val,81,[],64,below_strong
7,0.06262469638388139,4,0.18258230439200238,17.450556623004413,4.697494707820946,7.158618803421191,165,59,1666.0,0.04141656662665066,0.5570181408982422,0.049843547211939856,0.09378255607660514,0.22239413988414838,0.023809523809523808,0.028985507246376812,0.5748792270531401,0.02292643162828612,0.059880239520958084,0.14492753623188406,1.4458040440857416,0.11667006317505604,0.05389221556886228,0.2608695652173913,1.3012236396771675,0.21092317098023233,1.5120687561673392,0.04141656662665066,ok,catboost_hpo_trial_7,val,61,[],64,below_strong
8,0.07459748870247318,3,0.017987863473362915,1.1815628565061058,1.6266516538163218,3.109418317515856,92,54,1666.0,0.04141656662665066,0.7036971495467044,0.04526708727026199,0.07732931780463775,0.20556935523983935,0.05952380952380952,0.07246376811594203,1.4371980676328502,0.05808029345832484,0.07784431137724551,0.18840579710144928,1.8795452573114642,0.13959649480334216,0.08383233532934131,0.4057971014492754,2.024125661720038,0.38159771754636235,1.8011509591060917,0.04141656662665066,ok,catboost_hpo_trial_8,val,236,[],64,below_strong
9,0.08928172057032766,5,0.023200867504756827,7.40340797228277,0.7046211248738132,6.417575846032317,48,64,1666.0,0.04141656662665066,0.7258809543255924,0.04448685591269498,0.0704511802136038,0.19754499792027486,0.07142857142857142,0.08695652173913043,1.7246376811594204,0.05298553087426126,0.11377245508982035,0.2753623188405797,2.747027683762909,0.20929284695333197,0.11377245508982035,0.5507246376811594,2.747027683762909,0.4759527206032199,2.155700673480665,0.04141656662665066,ok,catboost_hpo_trial_9,val,241,[],64,below_strong
10,0.044598047415080666,8,0.057262240960472645,35.74840053953737,4.661451709558936,5.376294617795804,153,17,1666.0,0.04141656662665066,0.5117793326254844,0.055093033996383954,0.11818580550396127,0.24416096486471345,0.03571428571428571,0.043478260869565216,0.8623188405797102,0.02292643162828612,0.041916167664670656,0.10144927536231885,1.012062830860019,0.07896882005298553,0.041916167664670656,0.2028985507246377,1.012062830860019,0.16507030772366008,1.0768166230945564,0.04141656662665066,ok,catboost_hpo_trial_10,val,188,[],64,below_strong
11,0.08614065786146938,5,0.03541892362908005,1.0498080917009458,1.4038047711985204,4.939635783944168,39,51,1666.0,0.04141656662665066,0.7195148512155943,0.0437455566652625,0.06371207814570684,0.1923569530032564,0.07142857142857142,0.08695652173913043,1.7246376811594204,0.05094762584063583,0.09580838323353294,0.2318840579710145,2.3132864705371867,0.15640921133075197,0.10179640718562874,0.4927536231884058,2.457866874945761,0.41175871204401876,2.0798599419885218,0.04141656662665066,ok,catboost_hpo_trial_11,val,197,[],64,below_strong
12,0.059741592966810926,5,0.04549910025998433,5.714879559423986,1.0968928490414012,5.185694973672156,32,50,1666.0,0.04141656662665066,0.6150390678173749,0.04464959451173561,0.058447679250631206,0.19551652954719229,0.03571428571428571,0.043478260869565216,0.8623188405797102,0.03566333808844508,0.07784431137724551,0.18840579710144928,1.8795452573114642,0.11412268188302425,0.06287425149700598,0.30434782608695654,1.5180942462900286,0.18748726309353983,1.4424564330827103,0.04141656662665066,ok,catboost_hpo_trial_12,val,223,[],64,below_strong
13,0.07387049774476118,6,0.033927974330180195,6.232868154919131,0.2129775188108507,4.8453755405915935,32,46,1666.0,0.04141656662665066,0.6898804824262884,0.048432668335594384,0.08782292027725774,0.21253417746554196,0.07142857142857142,0.08695652173913043,1.7246376811594204,0.07132667617689016,0.0718562874251497,0.17391304347826086,1.73496485290289,0.13450173221927858,0.09880239520958084,0.4782608695652174,2.385576672741474,0.4568983085388221,1.7835978151126395,0.04141656662665066,ok,catboost_hpo_trial_13,val,170,[],64,below_strong
14,0.08125752880011981,5,0.09262425112851311,39.90603506093529,1.715039223484578,6.303155026172152,111,64,1666.0,0.04141656662665066,0.7000036299946457,0.04738733190707165,0.09013193496234577,0.2139443885815777,0.09523809523809523,0.11594202898550725,2.2995169082125604,0.13185245567556553,0.09580838323353294,0.2318840579710145,2.3132864705371867,0.23782351742408803,0.10479041916167664,0.5072463768115942,2.5301570771500477,0.49072753209700426,1.9619571446521684,0.04141656662665066,ok,catboost_hpo_trial_14,val,62,[],64,below_strong
15,0.06523124833955214,6,0.010401499317227591,1.7712782210815672,0.920377800120703,4.281106647765367,49,45,1666.0,0.04141656662665066,0.6617162614685144,0.046896255276599075,0.07570333217378618,0.20519060333369013,0.047619047619047616,0.057971014492753624,1.1497584541062802,0.043305481964540454,0.08383233532934131,0.2028985507246377,2.024125661720038,0.16914611779091093,0.0748502994011976,0.36231884057971014,1.8072550551071769,0.2904014672916242,1.575003764256433,0.04141656662665066,ok,catboost_hpo_trial_15,val,839,[],64,below_strong
16,0.06487440542752308,4,0.03314262382875343,2.187244188297237,1.8214635030801463,6.293022974159988,79,56,1666.0,0.04141656662665066,0.6573693428802192,0.04386770180089145,0.04593020851064203,0.18632204441211597,0.03571428571428571,0.043478260869565216,0.8623188405797102,0.022416955369879765,0.0718562874251497,0.17391304347826086,1.73496485290289,0.10393315671489708,0.08083832335329341,0.391304347826087,1.9518354595157512,0.34022824536376606,1.5663878180036734,0.04141656662665066,ok,catboost_hpo_trial_16,val,544,[],64,below_strong
17,0.0904515165240112,7,0.08677852908111275,24.124667577955865,0.5787040233071483,7.088378860365657,121,52,1666.0,0.04141656662665066,0.7264844409354496,0.04725504673470344,0.08218842194242232,0.20506691038181216,0.08333333333333333,0.10144927536231885,2.0120772946859904,0.06062767475035663,0.10778443113772455,0.2608695652173913,2.602447279354335,0.22162217240676585,0.10778443113772455,0.5217391304347826,2.602447279354335,0.48695740778479724,2.1839453120145316,0.04141656662665066,ok,catboost_hpo_trial_17,val,143,[],64,below_strong
18,0.08604360748718216,7,0.10954014241706547,22.2121708910302,0.5285703443332741,7.943465302425421,122,23,1666.0,0.04141656662665066,0.7237846324176672,0.05135247344091772,0.1024223332413147,0.22260591796618723,0.05952380952380952,0.07246376811594203,1.4371980676328502,0.07132667617689016,0.10778443113772455,0.2608695652173913,2.602447279354335,0.21652740982270227,0.10179640718562874,0.4927536231884058,2.457866874945761,0.4324434481353169,2.0775166677339927,0.04141656662665066,ok,catboost_hpo_trial_18,val,48,[],64,below_strong
19,0.08196962064778052,7,0.0834308227606547,9.034691236382653,0.5482876652171748,6.960577604587375,196,42,1666.0,0.04141656662665066,0.7158667065966078,0.04382983481020549,0.054851705664226966,0.18687816710600821,0.11904761904761904,0.14492753623188406,2.8743961352657004,0.11921744446708783,0.08982035928143713,0.21739130434782608,2.1687060661286126,0.17067454656613001,0.08083832335329341,0.391304347826087,1.9518354595157512,0.30568575504381496,1.9791505507130775,0.04141656662665066,ok,catboost_hpo_trial_19,val,138,[],64,below_strong
20,0.05731858876474902,8,0.06485579764788876,25.646325200021618,2.3294533584648525,5.832743257183375,128,56,1666.0,0.04141656662665066,0.609589538355431,0.04828753684380865,0.07335789408841205,0.20762799739474885,0.07142857142857142,0.08695652173913043,1.7246376811594204,0.08151620134501732,0.0658682634730539,0.15942028985507245,1.590384448494316,0.15895659262278378,0.0658682634730539,0.3188405797101449,1.590384448494316,0.32005298553087425,1.3839531722039402,0.04141656662665066,ok,catboost_hpo_trial_20,val,625,[],64,below_strong
21,0.07211876866413157,5,0.039858098356673234,4.605829127801985,1.3037807384335882,7.009028429958192,56,50,1666.0,0.04141656662665066,0.6889820587514632,0.04593925834894528,0.05982172670995573,0.1936831021025234,0.08333333333333333,0.10144927536231885,2.0120772946859904,0.04789076829019768,0.07784431137724551,0.18840579710144928,1.8795452573114642,0.11667006317505604,0.0748502994011976,0.36231884057971014,1.8072550551071769,0.285816180965967,1.7413024433977276,0.04141656662665066,ok,catboost_hpo_trial_21,val,493,[],64,below_strong
22,0.06973878747731141,6,0.017045472921199956,8.260554666511114,1.3399112759369372,4.4386306156294,178,51,1666.0,0.04141656662665066,0.6622017732523844,0.04782028287558311,0.08816227350197596,0.2144265021340348,0.05952380952380952,0.07246376811594203,1.4371980676328502,0.04789076829019768,0.08383233532934131,0.2028985507246377,2.024125661720038,0.14214387609537396,0.08383233532934131,0.4057971014492754,2.024125661720038,0.35367841858569393,1.6838379701043598,0.04141656662665066,ok,catboost_hpo_trial_22,val,339,[],64,below_strong
23,0.06838440856052765,4,0.026805653207541507,25.608839667315795,0.593268936373887,5.77528843602276,95,64,1666.0,0.04141656662665066,0.6574147178132913,0.04624643314162175,0.07985246004666312,0.2081479155140949,0.05952380952380952,0.07246376811594203,1.4371980676328502,0.07132667617689016,0.07784431137724551,0.18840579710144928,1.8795452573114642,0.14876706745465662,0.0688622754491018,0.3333333333333333,1.662674650698603,0.2791929896066843,1.6511365893020156,0.04141656662665066,ok,catboost_hpo_trial_23,val,192,[],64,below_strong
24,0.08903471565869744,7,0.13508909565212399,12.005566017018467,0.13024435059325024,6.9932131267369515,43,59,1666.0,0.04141656662665066,0.7232900456471827,0.041196090445640585,0.015149193226157853,0.16624947114249808,0.11904761904761904,0.14492753623188406,2.8743961352657004,0.13195435092724678,0.09580838323353294,0.2318840579710145,2.3132864705371867,0.21398002853067047,0.11077844311377245,0.5362318840579711,2.6747374815586222,0.5456490727532097,2.14973675778826,0.04141656662665066,ok,catboost_hpo_trial_24,val,614,[],64,below_strong
25,0.047555394699217615,7,0.12604287253030694,11.348975121339853,0.3075327141026434,7.322583665866896,134,59,1666.0,0.04141656662665066,0.5447986714219597,0.047759750634285794,0.07692558629108577,0.21182693072976186,0.03571428571428571,0.043478260869565216,0.8623188405797102,0.05094762584063583,0.03592814371257485,0.08695652173913043,0.867482426451445,0.0891583452211127,0.05688622754491018,0.2753623188405797,1.3735138418814545,0.2653352353780314,1.1482215589695153,0.04141656662665066,ok,catboost_hpo_trial_25,val,68,[],64,below_strong
26,0.07245176323105802,7,0.12799521142768702,18.91144369009525,0.03430823012400962,6.5073396604719225,70,59,1666.0,0.04141656662665066,0.6666893541332026,0.044918667519275896,0.05775884412675252,0.19294191025815338,0.07142857142857142,0.08695652173913043,1.7246376811594204,0.09017729773792542,0.10179640718562874,0.2463768115942029,2.457866874945761,0.2333401263501121,0.07784431137724551,0.37681159420289856,1.8795452573114642,0.4008559201141227,1.7493425730861256,0.04141656662665066,ok,catboost_hpo_trial_26,val,86,[],64,below_strong
27,0.08359539242054553,8,0.07955350342565791,6.468138508897653,0.7977897449470811,7.595540227031126,113,46,1666.0,0.04141656662665066,0.6780013249480458,0.04470160631852369,0.06583079452590758,0.1949999921798454,0.14285714285714285,0.17391304347826086,3.449275362318841,0.12675769309150195,0.10778443113772455,0.2608695652173913,2.602447279354335,0.18636641532504586,0.09281437125748503,0.4492753623188406,2.2409962683328994,0.36111677195842673,2.01840469235694,0.04141656662665066,ok,catboost_hpo_trial_27,val,118,[],64,below_strong
28,0.05983730683360062,6,0.19964890559130855,12.007542953330107,0.4125390805335028,6.7768613232591814,47,55,1666.0,0.04141656662665066,0.6324494296370913,0.04598339390003427,0.026435796646287237,0.18937135611817082,0.03571428571428571,0.043478260869565216,0.8623188405797102,0.043305481964540454,0.0718562874251497,0.17391304347826086,1.73496485290289,0.17016507030772365,0.06287425149700598,0.30434782608695654,1.5180942462900286,0.3087426125942531,1.44476743746056,0.04141656662665066,ok,catboost_hpo_trial_28,val,691,[],64,below_strong
29,0.04718004238268253,7,0.15013776523667485,15.6819482459142,0.008176864436052075,5.8564014132609525,86,39,1666.0,0.04141656662665066,0.576601962012106,0.047579895101103775,0.03593703880025807,0.19636210944894378,0.0,0.0,0.0,0.0,0.03592814371257485,0.08695652173913043,0.867482426451445,0.07896882005298553,0.04491017964071856,0.21739130434782608,1.0843530330643063,0.20368860811086203,1.1391587044862188,0.04141656662665066,ok,catboost_hpo_trial_29,val,321,[],64,below_strong
30,0.050330128463761406,6,0.09924788468718138,28.461974101874016,0.9582804175583739,7.415623271407824,64,2,1666.0,0.04141656662665066,0.5896381802836841,0.04894995402148395,0.07326975362501077,0.20946509186353884,0.023809523809523808,0.028985507246376812,0.5748792270531401,0.01783166904422254,0.029940119760479042,0.07246376811594203,0.7229020220428708,0.043305481964540454,0.05389221556886228,0.2608695652173913,1.3012236396771675,0.18748726309353983,1.215217304646761,0.04141656662665066,ok,catboost_hpo_trial_30,val,288,[],64,below_strong
31,0.06931253059520096,5,0.014476646353236701,19.222847284751342,1.4583321254637305,5.3889125460057095,43,51,1666.0,0.04141656662665066,0.6700833991269863,0.04668454508668895,0.0813386100288972,0.20882507502574654,0.03571428571428571,0.043478260869565216,0.8623188405797102,0.033115956796413284,0.08982035928143713,0.21739130434782608,2.1687060661286126,0.14978601997146934,0.07784431137724551,0.37681159420289856,1.8795452573114642,0.29559812512736905,1.6735460285739827,0.04141656662665066,ok,catboost_hpo_trial_31,val,496,[],64,below_strong
32,0.07728246687332588,5,0.04749190735444401,12.957399753286053,1.9232620588053535,6.6480322824318865,34,61,1666.0,0.04141656662665066,0.6907879810877278,0.044616073368899986,0.07112965629660449,0.19977729903320757,0.07142857142857142,0.08695652173913043,1.7246376811594204,0.08406358263704912,0.08383233532934131,0.2028985507246377,2.024125661720038,0.1722029753413491,0.08383233532934131,0.4057971014492754,2.024125661720038,0.3237212145914,1.8659795624776945,0.04141656662665066,ok,catboost_hpo_trial_32,val,165,[],64,below_strong
33,0.07824764463088263,4,0.020929382814296314,1.0218057665728653,1.2778602557942866,4.356704784032206,64,53,1666.0,0.04141656662665066,0.6937918016570925,0.04475262885049533,0.07112356833300236,0.19974452396829906,0.09523809523809523,0.11594202898550725,2.2995169082125604,0.05808029345832484,0.09580838323353294,0.2318840579710145,2.3132864705371867,0.18035459547585084,0.09580838323353294,0.463768115942029,2.3132864705371867,0.39565926227837783,1.8892837094934851,0.04141656662665066,ok,catboost_hpo_trial_33,val,298,[],64,below_strong
34,0.05704326429306582,8,0.07006987543381843,3.6686635696294436,0.6817261869230562,7.897662769594907,214,48,1666.0,0.04141656662665066,0.5828637027760384,0.04521230826422712,0.026901323083264164,0.1920729702196368,0.07142857142857142,0.08695652173913043,1.7246376811594204,0.0769309150193601,0.04790419161676647,0.11594202898550725,1.1566432352685934,0.11259425310780517,0.05389221556886228,0.2608695652173913,1.3012236396771675,0.27766456083146523,1.377305482786198,0.04141656662665066,ok,catboost_hpo_trial_34,val,605,[],64,below_strong
35,0.07703576515011218,5,0.03003171384829544,7.639595970206681,1.1433688099528445,2.2745372435820963,102,42,1666.0,0.04141656662665066,0.6867405370577079,0.04740268735838122,0.08454893792615066,0.21012692512962305,0.08333333333333333,0.10144927536231885,2.0120772946859904,0.040248624414102305,0.09580838323353294,0.2318840579710145,2.3132864705371867,0.15895659262278378,0.08982035928143713,0.43478260869565216,2.1687060661286126,0.32667617689015693,1.8600229672476363,0.04141656662665066,ok,catboost_hpo_trial_35,val,217,[],64,below_strong
36,0.07322498702845787,6,0.052571431804191666,4.728739331464412,2.1517709986899476,5.8301868515667366,79,58,1666.0,0.04141656662665066,0.6749203669924586,0.04655897424585494,0.08513421101483046,0.21081378919299917,0.08333333333333333,0.10144927536231885,2.0120772946859904,0.09425310780517628,0.08383233532934131,0.2028985507246377,2.024125661720038,0.19614835948644793,0.0748502994011976,0.36231884057971014,1.8072550551071769,0.34389647442429183,1.768012005643635,0.04141656662665066,ok,catboost_hpo_trial_36,val,90,[],64,below_strong
37,0.055275941553259184,7,0.03726441176712954,10.50812017702027,0.30559970937348024,4.948521697568053,255,64,1666.0,0.04141656662665066,0.6114136106649242,0.04619085768951432,0.05275306025374637,0.19568662727289424,0.023809523809523808,0.028985507246376812,0.5748792270531401,0.03872019563888323,0.041916167664670656,0.10144927536231885,1.012062830860019,0.0769309150193601,0.05688622754491018,0.2753623188405797,1.3735138418814545,0.2256979824740167,1.334633603300432,0.04141656662665066,ok,catboost_hpo_trial_37,val,842,[],64,below_strong
38,0.07324421496649691,4,0.01373026485493402,31.548945436054716,0.7040235114932053,0.18710028773629217,53,28,1666.0,0.04141656662665066,0.680764658372129,0.04666154824648186,0.08205549244682173,0.20937849336384678,0.047619047619047616,0.057971014492753624,1.1497584541062802,0.03770124312207051,0.08982035928143713,0.21739130434782608,2.1687060661286126,0.14876706745465662,0.08383233532934131,0.4057971014492754,2.024125661720038,0.3108824128795598,1.768476262814259,0.04141656662665066,ok,catboost_hpo_trial_38,val,435,[],64,below_strong
39,0.0639206636085329,3,0.1511525867932799,2.94916799777085,4.137665583268285,3.8791786340433663,42,10,1666.0,0.04141656662665066,0.605383282059659,0.04575113532748305,0.0720938688159422,0.20427622464823242,0.07142857142857142,0.08695652173913043,1.7246376811594204,0.07387405746892195,0.0658682634730539,0.15942028985507245,1.590384448494316,0.11157530059099247,0.08083832335329341,0.391304347826087,1.9518354595157512,0.3451192174444671,1.5433597908958814,0.04141656662665066,ok,catboost_hpo_trial_39,val,63,[],64,below_strong
40,0.04730835698832126,6,0.021902839273677675,15.717975553898416,2.7354952431908757,1.589817773377658,71,38,1666.0,0.04141656662665066,0.5631074569165011,0.04977478822869288,0.08808262048977374,0.219398254673103,0.023809523809523808,0.028985507246376812,0.5748792270531401,0.030568575504381496,0.041916167664670656,0.10144927536231885,1.012062830860019,0.05553291216629305,0.04790419161676647,0.2318840579710145,1.1566432352685934,0.16659873649887916,1.1422568513412061,0.04141656662665066,ok,catboost_hpo_trial_40,val,669,[],64,below_strong
41,0.0761544819911446,7,0.1118013335554334,22.264077831985716,0.48411554685583136,7.935651722905989,124,25,1666.0,0.04141656662665066,0.6845716152568674,0.04935921154314045,0.08804518915859127,0.21268106323647973,0.08333333333333333,0.10144927536231885,2.0120772946859904,0.08355410637864276,0.09580838323353294,0.2318840579710145,2.3132864705371867,0.22671693499082943,0.08383233532934131,0.4057971014492754,2.024125661720038,0.37966170776441815,1.8387444492354628,0.04141656662665066,ok,catboost_hpo_trial_41,val,107,[],64,below_strong
42,0.04178022824230473,7,0.11942867338223871,22.03143231987185,1.0215301367686618,7.5414185531721385,141,22,1666.0,0.04141656662665066,0.5263673736081239,0.05118789316585159,0.0665260850407033,0.21462054609589284,0.023809523809523808,0.028985507246376812,0.5748792270531401,0.02292643162828612,0.023952095808383235,0.057971014492753624,0.5783216176342967,0.03770124312207051,0.03592814371257485,0.17391304347826086,0.867482426451445,0.10291420419808436,1.0087805833576766,0.04141656662665066,ok,catboost_hpo_trial_42,val,320,[],64,below_strong
43,0.041618624306003854,8,0.10392385496348734,1.9246698541565819,1.5469956441120998,7.099164371257459,115,12,1666.0,0.04141656662665066,0.5299565308141171,0.04398506523365806,0.027382102019552726,0.1914463917201008,0.023809523809523808,0.028985507246376812,0.5748792270531401,0.03566333808844508,0.017964071856287425,0.043478260869565216,0.4337412132257225,0.05400448339107398,0.02694610778443114,0.13043478260869565,0.6506118198385837,0.12981455064194009,1.0048786680261221,0.04141656662665066,ok,catboost_hpo_trial_43,val,237,[],64,below_strong
44,0.079918215059421,7,0.1693462416127931,14.07327183227594,0.22135926904502318,7.997930154954533,161,31,1666.0,0.04141656662665066,0.7168604176308839,0.04838883821839547,0.08367599290554673,0.20814845765406806,0.047619047619047616,0.057971014492753624,1.1497584541062802,0.04228652944772773,0.0718562874251497,0.17391304347826086,1.73496485290289,0.1136132056246179,0.0748502994011976,0.36231884057971014,1.8072550551071769,0.2660485021398003,1.9296195114347159,0.04141656662665066,ok,catboost_hpo_trial_44,val,19,[],64,below_strong
45,0.04730646612577875,6,0.07776385297974946,33.243363026529074,0.7908647851072383,6.642171837019172,104,6,1666.0,0.04141656662665066,0.5556478179194686,0.052145042588880336,0.10414758727921102,0.23140400772031317,0.03571428571428571,0.043478260869565216,0.8623188405797102,0.028021194212349703,0.059880239520958084,0.14492753623188406,1.4458040440857416,0.1013857754228653,0.038922155688622756,0.18840579710144928,0.9397726286557321,0.129406969635215,1.1422111966021362,0.04141656662665066,ok,catboost_hpo_trial_45,val,81,[],64,below_strong
46,0.06805975380201501,8,0.13462211882923775,1.4368466671992703,0.43819644450646833,6.152291303672569,87,18,1666.0,0.04141656662665066,0.6480810940803862,0.04524103604625402,0.03364665159992397,0.18536608912613584,0.05952380952380952,0.07246376811594203,1.4371980676328502,0.05298553087426126,0.09580838323353294,0.2318840579710145,2.3132864705371867,0.16659873649887916,0.0748502994011976,0.36231884057971014,1.8072550551071769,0.3510291420419808,1.643297823683435,0.04141656662665066,ok,catboost_hpo_trial_46,val,79,[],64,below_strong
47,0.07076946391780904,7,0.09023178670530885,21.7602873576947,1.0593577470836086,7.520666035926835,40,61,1666.0,0.04141656662665066,0.6506583902788743,0.0482571670800096,0.08811627289196176,0.2140522769461001,0.08333333333333333,0.10144927536231885,2.0120772946859904,0.07845934379457917,0.0658682634730539,0.15942028985507245,1.590384448494316,0.10648053800692887,0.08682634730538923,0.42028985507246375,2.0964158639243253,0.37364988791522313,1.7087235780734764,0.04141656662665066,ok,catboost_hpo_trial_47,val,99,[],64,below_strong
48,0.07490977832263564,6,0.027710334153661715,17.154852200242143,0.15483367252602454,3.1152893681753673,175,56,1666.0,0.04141656662665066,0.6791719982213026,0.04759700080335679,0.0828970211006513,0.20965155806154548,0.05952380952380952,0.07246376811594203,1.4371980676328502,0.05808029345832484,0.09580838323353294,0.2318840579710145,2.3132864705371867,0.2124515997554514,0.08682634730538923,0.42028985507246375,2.0964158639243253,0.4055431016914612,1.8086911693552317,0.04141656662665066,ok,catboost_hpo_trial_48,val,345,[],64,below_strong
49,0.06315345262445402,7,0.057662804658491,9.7672634884845,0.6047396536958866,7.195417273796225,60,34,1666.0,0.04141656662665066,0.6505449529461944,0.04360145862157275,0.030928916876316753,0.1813143301894178,0.047619047619047616,0.057971014492753624,1.1497584541062802,0.05145710209904218,0.0718562874251497,0.17391304347826086,1.73496485290289,0.16405135520684735,0.0688622754491018,0.3333333333333333,1.662674650698603,0.2970246586509069,1.5248355372802955,0.04141656662665066,ok,catboost_hpo_trial_49,val,584,[],64,below_strong
50,0.07370888951744044,5,0.01853049767493078,7.291293224462847,1.1789330936915772,5.41577298734755,123,43,1666.0,0.04141656662665066,0.6801974717087292,0.04692484429931061,0.08544951358064953,0.21133562854464497,0.05952380952380952,0.07246376811594203,1.4371980676328502,0.04075810067250866,0.08982035928143713,0.21739130434782608,2.1687060661286126,0.1599755451395965,0.08383233532934131,0.4057971014492754,2.024125661720038,0.3092520888526595,1.7796957961747215,0.04141656662665066,ok,catboost_hpo_trial_50,val,291,[],64,below_strong
51,0.044680651815973416,8,0.07585098665762272,5.872389403846403,0.8521910951007985,6.95853479405972,142,47,1666.0,0.04141656662665066,0.527243109816413,0.04670965206460255,0.03638831829187558,0.1982882868959575,0.03571428571428571,0.043478260869565216,0.8623188405797102,0.04126757693091502,0.03592814371257485,0.08695652173913043,0.867482426451445,0.08100672508661097,0.038922155688622756,0.18840579710144928,0.9397726286557321,0.15946606888119014,1.0788111003682856,0.04141656662665066,ok,catboost_hpo_trial_51,val,488,[],64,below_strong
52,0.07264450786982513,8,0.08807887720579438,4.715862006948032,0.7970731046164273,7.674491071592659,108,52,1666.0,0.04141656662665066,0.6654460809670306,0.046188363270648895,0.06208132163392767,0.19562143331061393,0.07142857142857142,0.08695652173913043,1.7246376811594204,0.04483391073975953,0.07784431137724551,0.18840579710144928,1.8795452573114642,0.09781944161402079,0.08982035928143713,0.43478260869565216,2.1687060661286126,0.34562869370287347,1.7539963784221546,0.04141656662665066,ok,catboost_hpo_trial_52,val,100,[],64,below_strong
53,0.07636045056692187,8,0.10231889745211768,6.705417784582168,0.40873771043423,6.129603701784037,154,48,1666.0,0.04141656662665066,0.660191663717296,0.04131944762034276,0.00904635974549447,0.1723417196459723,0.09523809523809523,0.11594202898550725,2.2995169082125604,0.07998777256979825,0.11377245508982035,0.2753623188405797,2.747027683762909,0.2627878540859996,0.08383233532934131,0.4057971014492754,2.024125661720038,0.3666191155492154,1.8437175455723456,0.04141656662665066,ok,catboost_hpo_trial_53,val,401,[],64,below_strong
54,0.07053573310664357,7,0.06261457116300248,26.5234129459774,1.5049252667465574,7.562686525517595,112,62,1666.0,0.04141656662665066,0.6537801856742261,0.045838959214976466,0.0753054465980004,0.20400254881267027,0.07142857142857142,0.08695652173913043,1.7246376811594204,0.06521296107601386,0.09580838323353294,0.2318840579710145,2.3132864705371867,0.19461993071122885,0.0718562874251497,0.34782608695652173,1.73496485290289,0.2684939881801508,1.7030801645749014,0.04141656662665066,ok,catboost_hpo_trial_54,val,249,[],64,below_strong
55,0.05331807130033067,8,0.13918274861638863,39.04973475349658,1.9317842526766342,6.81332418638328,52,58,1666.0,0.04141656662665066,0.5683527991796212,0.04407151709494398,0.04349750138848267,0.1910068041707299,0.03571428571428571,0.043478260869565216,0.8623188405797102,0.03515386183003872,0.0718562874251497,0.17391304347826086,1.73496485290289,0.15895659262278378,0.0658682634730539,0.3188405797101449,1.590384448494316,0.33523537803138376,1.287360967918129,0.04141656662665066,ok,catboost_hpo_trial_55,val,456,[],64,below_strong
56,0.052139978764410094,5,0.042195043755637526,2.4361711774659414,0.16943676115373685,6.288427928100292,120,54,1666.0,0.04141656662665066,0.5912807528608895,0.046007615701211174,0.06383647545141811,0.200584572114,0.023809523809523808,0.028985507246376812,0.5748792270531401,0.02292643162828612,0.041916167664670656,0.10144927536231885,1.012062830860019,0.09221520277155085,0.05688622754491018,0.2753623188405797,1.3735138418814545,0.23537803138373753,1.258916009007351,0.04141656662665066,ok,catboost_hpo_trial_56,val,232,[],64,below_strong
57,0.06637703961227524,3,0.1790069058950369,8.598508799706146,0.9185175687853329,7.238052102856164,96,45,1666.0,0.04141656662665066,0.6443830370350204,0.045671465909756306,0.07333017052856412,0.20332948702660986,0.08333333333333333,0.10144927536231885,2.0120772946859904,0.08406358263704912,0.08982035928143713,0.21739130434782608,2.1687060661286126,0.16405135520684735,0.0688622754491018,0.3333333333333333,1.662674650698603,0.26553902588139394,1.6026688115079792,0.04141656662665066,ok,catboost_hpo_trial_57,val,36,[],64,below_strong
58,0.054975722585666895,7,0.10959980945502612,3.9500093264325926,0.5817670855219302,6.452858345953622,134,57,1666.0,0.04141656662665066,0.6288829598976342,0.04634565394514373,0.03209380487241361,0.18887396383687938,0.047619047619047616,0.057971014492753624,1.1497584541062802,0.042796005706134094,0.029940119760479042,0.07246376811594203,0.7229020220428708,0.06113715100876299,0.05089820359281437,0.2463768115942029,1.2289334374728804,0.17342571836152434,1.3273848380829139,0.04141656662665066,ok,catboost_hpo_trial_58,val,461,[],64,below_strong
59,0.04839826321868983,6,0.07940466694646736,13.066709696646639,1.3952131334080091,4.7359858325367075,86,37,1666.0,0.04141656662665066,0.5353425353697603,0.04883870882625631,0.08819726920731072,0.2188191638395319,0.07142857142857142,0.08695652173913043,1.7246376811594204,0.08151620134501732,0.05389221556886228,0.13043478260869565,1.3012236396771675,0.10902791929896066,0.04790419161676647,0.2318840579710145,1.1566432352685934,0.19309150193600977,1.1685725582947428,0.04141656662665066,ok,catboost_hpo_trial_59,val,82,[],64,below_strong
60,0.08582553714417177,8,0.0674646198508733,10.972470926503266,0.023425962061365824,7.714007442421929,73,61,1666.0,0.04141656662665066,0.6938417140834717,0.04041509203740535,0.008621940586822576,0.16717763128234098,0.10714285714285714,0.13043478260869565,2.5869565217391304,0.12889749337680864,0.10179640718562874,0.2463768115942029,2.457866874945761,0.2465865090686774,0.09281437125748503,0.4492753623188406,2.2409962683328994,0.42683920929284697,2.0722513751042055,0.04141656662665066,ok,catboost_hpo_trial_60,val,1219,[],64,below_strong
61,0.07275562061910328,8,0.07191022940192875,11.232371264690189,0.002331821231523201,7.708624544244764,72,59,1666.0,0.04141656662665066,0.6869084243100742,0.046500425780964944,0.05724825293831298,0.1931001915015408,0.047619047619047616,0.057971014492753624,1.1497584541062802,0.05553291216629305,0.07784431137724551,0.18840579710144928,1.8795452573114642,0.18748726309353983,0.08383233532934131,0.4057971014492754,2.024125661720038,0.39790095781536583,1.756679187701827,0.04141656662665066,ok,catboost_hpo_trial_61,val,313,[],64,below_strong
62,0.052447633651765774,8,0.05216056505300804,9.56856994262259,0.39047190342560834,7.383373650841057,57,61,1666.0,0.04141656662665066,0.6068670423711124,0.044109749980496785,0.024859498467303353,0.185587550887283,0.023809523809523808,0.028985507246376812,0.5748792270531401,0.024964336661911554,0.011976047904191617,0.028985507246376812,0.28916080881714834,0.024964336661911554,0.05389221556886228,0.2608695652173913,1.3012236396771675,0.267067454656613,1.2663443139687216,0.04141656662665066,ok,catboost_hpo_trial_62,val,962,[],64,below_strong
63,0.04803473958056209,8,0.11767570067881461,5.610887223264296,0.2170122154711951,6.932320871803514,34,54,1666.0,0.04141656662665066,0.5737478787218788,0.04526355321843743,0.02955496955198912,0.19061154430543675,0.023809523809523808,0.028985507246376812,0.5748792270531401,0.030568575504381496,0.03592814371257485,0.08695652173913043,0.867482426451445,0.07896882005298553,0.04491017964071856,0.21739130434782608,1.0843530330643063,0.24138985123293255,1.1597953063944413,0.04141656662665066,ok,catboost_hpo_trial_63,val,210,[],64,below_strong
64,0.044345288148279094,5,0.09519722253668388,17.951178925924832,0.7535969644171505,7.759312649865633,48,50,1666.0,0.04141656662665066,0.5242392892470483,0.04980424974708732,0.06814718536220543,0.21249274874587454,0.023809523809523808,0.028985507246376812,0.5748792270531401,0.024964336661911554,0.029940119760479042,0.07246376811594203,0.7229020220428708,0.05298553087426126,0.05089820359281437,0.2463768115942029,1.2289334374728804,0.19655594049317301,1.0707137689135213,0.04141656662665066,ok,catboost_hpo_trial_64,val,228,[],64,below_strong
65,0.055264527027354224,7,0.0677212785199884,7.945464833018383,0.5694516716497402,7.280955848398651,40,63,1666.0,0.04141656662665066,0.6120307097547031,0.044847854563905935,0.029736816640421906,0.18705360240765762,0.023809523809523808,0.028985507246376812,0.5748792270531401,0.012227430201752598,0.04790419161676647,0.11594202898550725,1.1566432352685934,0.08406358263704912,0.0688622754491018,0.3333333333333333,1.662674650698603,0.2807214183819034,1.3343580003995963,0.04141656662665066,ok,catboost_hpo_trial_65,val,669,[],64,below_strong
66,0.04869948375045953,7,0.0840852279489967,1.323706008012367,0.33584829910709246,3.874449320748343,131,60,1666.0,0.04141656662665066,0.5612470846605501,0.044595596668842274,0.02286420818120598,0.18914719550448755,0.047619047619047616,0.057971014492753624,1.1497584541062802,0.03770124312207051,0.041916167664670656,0.10144927536231885,1.012062830860019,0.06826981862645201,0.04790419161676647,0.2318840579710145,1.1566432352685934,0.1771958426737314,1.1758455062067477,0.04141656662665066,ok,catboost_hpo_trial_66,val,269,[],64,below_strong
67,0.08288224660843667,4,0.02336031841153887,14.48688259354446,1.2550717738324573,6.75146286278122,81,49,1666.0,0.04141656662665066,0.7163113809407131,0.046735726397716934,0.08442005189734006,0.20891376977415937,0.09523809523809523,0.11594202898550725,2.2995169082125604,0.06572243733442022,0.10179640718562874,0.2463768115942029,2.457866874945761,0.17933564295903812,0.09281437125748503,0.4492753623188406,2.2409962683328994,0.38873038516405134,2.0011858384008043,0.04141656662665066,ok,catboost_hpo_trial_67,val,305,[],64,below_strong
68,0.0681813249904701,8,0.03108357477221065,6.825039044132741,0.0060742282946276704,5.984749561928988,65,52,1666.0,0.04141656662665066,0.6597469893731907,0.04328672160848971,0.04753238589100907,0.18619191019019485,0.05952380952380952,0.07246376811594203,1.4371980676328502,0.06368453230079478,0.08383233532934131,0.2028985507246377,2.024125661720038,0.18493988180150805,0.08083832335329341,0.391304347826087,1.9518354595157512,0.33207662522926434,1.6462331512191766,0.04141656662665066,ok,catboost_hpo_trial_68,val,298,[],64,below_strong
69,0.06047028363798389,6,0.0357202623700199,5.143742695565583,0.9635872421041489,5.647940670065708,100,56,1666.0,0.04141656662665066,0.6213098835679217,0.04882601419412226,0.08725544613977913,0.21583243078962497,0.09523809523809523,0.11594202898550725,2.2995169082125604,0.08610148767067455,0.07784431137724551,0.18840579710144928,1.8795452573114642,0.14978601997146934,0.05389221556886228,0.2608695652173913,1.3012236396771675,0.20328102710413695,1.4600506165345097,0.04141656662665066,ok,catboost_hpo_trial_69,val,184,[],64,below_strong
70,0.04101205448936766,7,0.16497367364861965,19.944168310323548,1.6451054103015201,6.425681808917178,49,44,1666.0,0.04141656662665066,0.5218707177406914,0.04699839083684002,0.033905151732301395,0.19992300278613953,0.011904761904761904,0.014492753623188406,0.28743961352657005,0.007642143876095374,0.011976047904191617,0.028985507246376812,0.28916080881714834,0.012227430201752598,0.03293413173652695,0.15942028985507245,0.795192224247158,0.17067454656613001,0.9902330837577756,0.04141656662665066,ok,catboost_hpo_trial_70,val,378,[],64,below_strong
71,0.08422487060901332,3,0.02257151779592287,12.606398285858463,1.3164962816308328,6.749920262454797,78,41,1666.0,0.04141656662665066,0.7297332861434029,0.04782242746170505,0.09163475682002821,0.21394590878598582,0.03571428571428571,0.043478260869565216,0.8623188405797102,0.033115956796413284,0.08982035928143713,0.21739130434782608,2.1687060661286126,0.1599755451395965,0.09281437125748503,0.4492753623188406,2.2409962683328994,0.354085999592419,2.0336033976031334,0.04141656662665066,ok,catboost_hpo_trial_71,val,326,[],64,below_strong
72,0.07849005699667831,3,0.014487298705851755,11.937571233092903,1.1092091140571982,7.093405656724577,73,41,1666.0,0.04141656662665066,0.7025264762734473,0.0456178187082013,0.07931015262064883,0.2058879806484822,0.10714285714285714,0.13043478260869565,2.5869565217391304,0.09170572651314449,0.09580838323353294,0.2318840579710145,2.3132864705371867,0.18035459547585084,0.08083832335329341,0.391304347826087,1.9518354595157512,0.3403301406154473,1.8951367384995084,0.04141656662665066,ok,catboost_hpo_trial_72,val,406,[],64,below_strong
73,0.04990079874189812,3,0.020183573483689515,16.516452632427796,4.989516455010893,7.7780323921752395,60,36,1666.0,0.04141656662665066,0.5739611409073171,0.04932499793053139,0.09757003538410282,0.22452722181025228,0.03571428571428571,0.043478260869565216,0.8623188405797102,0.05094762584063583,0.03592814371257485,0.08695652173913043,0.867482426451445,0.06623191359282657,0.05389221556886228,0.2608695652173913,1.3012236396771675,0.20175259832891787,1.2048511696232214,0.04141656662665066,ok,catboost_hpo_trial_73,val,251,[],64,below_strong
74,0.07147163165304868,4,0.02353497789299899,10.380338955867423,1.7961560973378696,7.385490933063921,118,46,1666.0,0.04141656662665066,0.6873213362010291,0.048272779803671215,0.09172852198832389,0.21660024541150377,0.05952380952380952,0.07246376811594203,1.4371980676328502,0.040248624414102305,0.07784431137724551,0.18840579710144928,1.8795452573114642,0.129406969635215,0.0718562874251497,0.34782608695652173,1.73496485290289,0.25769309150193603,1.7256773671591175,0.04141656662665066,ok,catboost_hpo_trial_74,val,306,[],64,below_strong
75,0.06731439831558947,8,0.02616129132872185,28.438180202519302,0.6841232746414464,6.633728912462903,142,64,1666.0,0.04141656662665066,0.6367872732387719,0.045595825727275704,0.06818923622014476,0.2005516374530843,0.08333333333333333,0.10144927536231885,2.0120772946859904,0.09170572651314449,0.08982035928143713,0.21739130434782608,2.1687060661286126,0.19207254941919708,0.0748502994011976,0.36231884057971014,1.8072550551071769,0.3311595679641329,1.6253012694749573,0.04141656662665066,ok,catboost_hpo_trial_75,val,951,[],64,below_strong
76,0.08249790984453254,3,0.016838284746877347,12.473435480158011,0.28640095989769665,6.926831190025855,94,30,1666.0,0.04141656662665066,0.7253455301153431,0.04570890241414105,0.075598021474549,0.20271233652959783,0.05952380952380952,0.07246376811594203,1.4371980676328502,0.04075810067250866,0.08383233532934131,0.2028985507246377,2.024125661720038,0.1013857754228653,0.09281437125748503,0.4492753623188406,2.2409962683328994,0.3418585693906664,1.9919060550868293,0.04141656662665066,ok,catboost_hpo_trial_76,val,382,[],64,below_strong
77,0.06295106654700254,7,0.19814959314182026,8.744408380240115,3.7008554493970793,7.576123080762116,88,17,1666.0,0.04141656662665066,0.6582269291152796,0.04528345386190668,0.03297918132351114,0.18403379562217326,0.03571428571428571,0.043478260869565216,0.8623188405797102,0.027409822702262075,0.05389221556886228,0.13043478260869565,1.3012236396771675,0.121153454249032,0.0748502994011976,0.36231884057971014,1.8072550551071769,0.3791522315060118,1.5199489401058877,0.04141656662665066,ok,catboost_hpo_trial_77,val,176,[],64,below_strong
78,0.07997649818946642,4,0.012371939448530355,14.903471939660514,0.5449852157059307,7.142804399896284,36,53,1666.0,0.04141656662665066,0.7181127657836704,0.046483591688907075,0.08342511484476049,0.20949473628484372,0.03571428571428571,0.043478260869565216,0.8623188405797102,0.033115956796413284,0.08383233532934131,0.2028985507246377,2.024125661720038,0.15172202975341348,0.09281437125748503,0.4492753623188406,2.2409962683328994,0.34389647442429183,1.9310267533862473,0.04141656662665066,ok,catboost_hpo_trial_78,val,327,[],64,below_strong
79,0.05439140780058951,8,0.030367194932683268,21.7563515934884,0.15381094654391347,7.80698262755518,107,40,1666.0,0.04141656662665066,0.595178459611772,0.04649277567584268,0.05737423864263365,0.19930299512259728,0.047619047619047616,0.057971014492753624,1.1497584541062802,0.04585286325657224,0.04790419161676647,0.11594202898550725,1.1566432352685934,0.09680048909720806,0.05389221556886228,0.2608695652173913,1.3012236396771675,0.24556755655186469,1.3132765999388714,0.04141656662665066,ok,catboost_hpo_trial_79,val,1033,[],64,below_strong
80,0.06131227276771367,7,0.14091207968540023,10.696853599461909,2.1288000122331407,5.131106709298711,44,62,1666.0,0.04141656662665066,0.6496737542312125,0.05211592162524095,0.10994583764453333,0.23269626438949165,0.05952380952380952,0.07246376811594203,1.4371980676328502,0.06113715100876299,0.059880239520958084,0.14492753623188406,1.4458040440857416,0.11667006317505604,0.059880239520958084,0.2898550724637681,1.4458040440857416,0.2437334420216018,1.4803803830581301,0.04141656662665066,ok,catboost_hpo_trial_80,val,26,[],64,below_strong
81,0.07449294054094113,4,0.024898452809015578,14.083768228905281,1.3007228995075384,6.757776574120941,83,49,1666.0,0.04141656662665066,0.6886281342735018,0.04405194840141059,0.06816625662288903,0.19831592196188816,0.05952380952380952,0.07246376811594203,1.4371980676328502,0.03770124312207051,0.08982035928143713,0.21739130434782608,2.1687060661286126,0.14723863867943754,0.08083832335329341,0.391304347826087,1.9518354595157512,0.3235174240880375,1.798626651321854,0.04141656662665066,ok,catboost_hpo_trial_81,val,239,[],64,below_strong
82,0.0791698249664688,4,0.018831617043364467,19.837641572430904,1.2656251239169327,6.553049704627199,67,49,1666.0,0.04141656662665066,0.7065920702766963,0.04661787359625778,0.08337468370667976,0.20888498361744837,0.05952380952380952,0.07246376811594203,1.4371980676328502,0.07132667617689016,0.08982035928143713,0.21739130434782608,2.1687060661286126,0.15640921133075197,0.08982035928143713,0.43478260869565216,2.1687060661286126,0.3428775219074791,1.9115496868715511,0.04141656662665066,ok,catboost_hpo_trial_82,val,389,[],64,below_strong
83,0.06428307113279796,5,0.022817364168946756,23.72901082187202,0.8884002270149274,7.3733745248929345,77,47,1666.0,0.04141656662665066,0.6642708702004664,0.04819928395296738,0.09012684367572713,0.21659521881343088,0.011904761904761904,0.014492753623188406,0.28743961352657005,0.02037905033625433,0.05389221556886228,0.13043478260869565,1.3012236396771675,0.07530059099245975,0.07784431137724551,0.37681159420289856,1.8795452573114642,0.29590381088241285,1.5521100943078465,0.04141656662665066,ok,catboost_hpo_trial_83,val,223,[],64,below_strong
84,0.0663656846162663,4,0.020877072781203636,14.860371454994036,1.4317939102666577,7.976926313296562,81,51,1666.0,0.04141656662665066,0.6482807437859028,0.047025747231369784,0.0853890126418023,0.21240434279228265,0.08333333333333333,0.10144927536231885,2.0120772946859904,0.09629101283880172,0.08383233532934131,0.2028985507246377,2.024125661720038,0.14978601997146934,0.0718562874251497,0.34782608695652173,1.73496485290289,0.2766456083146525,1.602394645952169,0.04141656662665066,ok,catboost_hpo_trial_84,val,268,[],64,below_strong
85,0.05945844698665091,3,0.09621244652360174,30.419435264419146,1.0464229619595473,6.774672693045156,125,58,1666.0,0.04141656662665066,0.6076747161797937,0.04669898968462219,0.08299675522969926,0.21227717216957576,0.03571428571428571,0.043478260869565216,0.8623188405797102,0.030568575504381496,0.0658682634730539,0.15942028985507245,1.590384448494316,0.10250662319135928,0.0658682634730539,0.3188405797101449,1.590384448494316,0.26401059710617486,1.4356198939095715,0.04141656662665066,ok,catboost_hpo_trial_85,val,39,[],64,below_strong
86,0.070431831376811,4,0.03289982036384664,13.530939086316254,1.170950511317367,6.053235616705074,56,55,1666.0,0.04141656662665066,0.6675514778615702,0.04614188455726915,0.07858989175617595,0.20664666289367256,0.047619047619047616,0.057971014492753624,1.1497584541062802,0.04534338699816588,0.08383233532934131,0.2028985507246377,2.024125661720038,0.14876706745465662,0.08383233532934131,0.4057971014492754,2.024125661720038,0.3196454045241492,1.7005714648372048,0.04141656662665066,ok,catboost_hpo_trial_86,val,213,[],64,below_strong
87,0.07796068832127527,6,0.028027700043530116,1.0004423589013922,0.6733497058890722,2.466575920029568,91,60,1666.0,0.04141656662665066,0.6968001597197645,0.04285064010551928,0.05086150065675108,0.1860147899586282,0.08333333333333333,0.10144927536231885,2.0120772946859904,0.05706134094151213,0.11377245508982035,0.2753623188405797,2.747027683762909,0.26339922559608725,0.08982035928143713,0.43478260869565216,2.1687060661286126,0.4273486855512533,1.882355170191951,0.04141656662665066,ok,catboost_hpo_trial_87,val,242,[],64,below_strong
88,0.0880121968439541,5,0.015757104330558554,3.448717159760881,1.6093571421785438,5.6621300965540815,231,22,1666.0,0.04141656662665066,0.7211256613396495,0.045669278016803726,0.07981133633553927,0.2053009323759244,0.07142857142857142,0.08695652173913043,1.7246376811594204,0.05298553087426126,0.11976047904191617,0.2898550724637681,2.891608088171483,0.21561035255757083,0.09281437125748503,0.4492753623188406,2.2409962683328994,0.3773181169757489,2.1250481151018485,0.04141656662665066,ok,catboost_hpo_trial_88,val,361,[],64,below_strong
89,0.08335043161330107,5,0.01043324787287673,3.5456273971397416,1.5896080218206303,4.52174679164552,235,20,1666.0,0.04141656662665066,0.7032207127494488,0.04709627943574038,0.08733759437824044,0.2117843604147661,0.10714285714285714,0.13043478260869565,2.5869565217391304,0.09119625025473813,0.10778443113772455,0.2608695652173913,2.602447279354335,0.20837578968820053,0.10179640718562874,0.4927536231884058,2.457866874945761,0.4859384552679845,2.0124901314168055,0.04141656662665066,ok,catboost_hpo_trial_89,val,546,[],64,below_strong
90,0.07301401024543934,5,0.015297862626162416,1.6912756128212039,2.003160737673963,5.135953939615864,185,27,1666.0,0.04141656662665066,0.6906382438085905,0.044477402569017346,0.06911611667428727,0.19861325773756103,0.08333333333333333,0.10144927536231885,2.0120772946859904,0.10189525168127166,0.07784431137724551,0.18840579710144928,1.8795452573114642,0.17322192785816182,0.08383233532934131,0.4057971014492754,2.024125661720038,0.36121866721010804,1.7629179865058253,0.04141656662665066,ok,catboost_hpo_trial_90,val,522,[],64,below_strong
91,0.08376570380824698,5,0.015642586371569216,3.0716634551820405,1.659073903217124,5.581678653339928,237,23,1666.0,0.04141656662665066,0.7183895528754095,0.04657622558688574,0.08350339984048198,0.20817645869569626,0.07142857142857142,0.08695652173913043,1.7246376811594204,0.06623191359282657,0.08982035928143713,0.21739130434782608,2.1687060661286126,0.14723863867943754,0.09880239520958084,0.4782608695652174,2.385576672741474,0.44273486855512534,2.0225168484715867,0.04141656662665066,ok,catboost_hpo_trial_91,val,518,[],64,below_strong
92,0.08296953151624248,5,0.013307386432745618,3.9942210195063157,1.7195975375662056,5.605971033928708,226,22,1666.0,0.04141656662665066,0.7158576316099933,0.04498284378309598,0.0734197685427848,0.20020480589893846,0.08333333333333333,0.10144927536231885,2.0120772946859904,0.09425310780517628,0.09580838323353294,0.2318840579710145,2.3132864705371867,0.1818830242510699,0.09580838323353294,0.463768115942029,2.3132864705371867,0.3908701854493581,2.0032933261747825,0.04141656662665066,ok,catboost_hpo_trial_92,val,633,[],64,below_strong
93,0.06921811432138562,5,0.016899875665321272,3.2275455952808056,0.45427271508638,5.324593913785797,252,15,1666.0,0.04141656662665066,0.6719074714364797,0.04567367484240774,0.06930394723170324,0.2003979212400435,0.047619047619047616,0.057971014492753624,1.1497584541062802,0.04840024454860403,0.08383233532934131,0.2028985507246377,2.024125661720038,0.13287140819237825,0.08083832335329341,0.391304347826087,1.9518354595157512,0.30313837375178315,1.6712663544844704,0.04141656662665066,ok,catboost_hpo_trial_93,val,442,[],64,below_strong
94,0.06396681388363294,6,0.015672523754000738,2.750059814862916,1.821532366786395,4.8686446769532985,216,23,1666.0,0.04141656662665066,0.6575236176526641,0.05113005418014577,0.10137812371738622,0.22572622109679746,0.047619047619047616,0.057971014492753624,1.1497584541062802,0.043305481964540454,0.059880239520958084,0.14492753623188406,1.4458040440857416,0.12176482575911962,0.0658682634730539,0.3188405797101449,1.590384448494316,0.2506623191359283,1.5444740859439492,0.04141656662665066,ok,catboost_hpo_trial_94,val,439,[],64,below_strong
95,0.10321802187199959,5,0.12900267102653212,2.2540935323339766,2.527729621613325,5.527592439951142,211,24,1666.0,0.04141656662665066,0.7306725472579929,0.04142212799724967,0.04575196865591002,0.17763636001676864,0.13095238095238096,0.15942028985507245,3.161835748792271,0.11870796820868147,0.12574850299401197,0.30434782608695654,3.0361884925800573,0.21744446708783371,0.11077844311377245,0.5362318840579711,2.6747374815586222,0.49551660892602406,2.492191658532628,0.04141656662665066,ok,catboost_hpo_trial_95,val,84,[],64,below_strong
96,0.07459893515279213,5,0.12494999135844495,2.074322061695509,2.406812983036663,6.234565647338558,242,25,1666.0,0.04141656662665066,0.6663399671485485,0.04174332166657412,0.043735777560815606,0.18140570925712385,0.047619047619047616,0.057971014492753624,1.1497584541062802,0.05094762584063583,0.08982035928143713,0.21739130434782608,2.1687060661286126,0.1571224780925209,0.07784431137724551,0.37681159420289856,1.8795452573114642,0.31353168942327286,1.8011858835442276,0.04141656662665066,ok,catboost_hpo_trial_96,val,85,[],64,below_strong
97,0.0875109520409721,5,0.10720505367824532,2.4460934000203283,2.454354786190335,5.918624850077068,208,20,1666.0,0.04141656662665066,0.728975524761101,0.04195792960784282,0.04827050824555865,0.18293708875395,0.047619047619047616,0.057971014492753624,1.1497584541062802,0.06113715100876299,0.11976047904191617,0.2898550724637681,2.891608088171483,0.2757285510495211,0.10479041916167664,0.5072463768115942,2.5301570771500477,0.5426941104544528,2.112945595655935,0.04141656662665066,ok,catboost_hpo_trial_97,val,82,[],64,below_strong
98,0.06412584714271492,5,0.10723100695782445,1.6691913878638307,3.1394048166767803,5.866592934532677,206,15,1666.0,0.04141656662665066,0.6403401304983074,0.044880879070550765,0.07014439648049521,0.20120349952949243,0.03571428571428571,0.043478260869565216,0.8623188405797102,0.033115956796413284,0.08383233532934131,0.2028985507246377,2.024125661720038,0.14672916242103118,0.0748502994011976,0.36231884057971014,1.8072550551071769,0.3256572243733442,1.5483139324603343,0.04141656662665066,ok,catboost_hpo_trial_98,val,53,[],64,below_strong
99,0.08507780160955587,5,0.114485010714234,2.2675871066904767,2.8846071202409362,4.636416620653072,209,19,1666.0,0.04141656662665066,0.7125180365358961,0.04232847149250457,0.05457163917727183,0.18701596152358127,0.05952380952380952,0.07246376811594203,1.4371980676328502,0.06368453230079478,0.09580838323353294,0.2318840579710145,2.3132864705371867,0.23018137354799267,0.10179640718562874,0.4927536231884058,2.457866874945761,0.4830853882209089,2.0541973548046393,0.04141656662665066,ok,catboost_hpo_trial_99,val,70,[],64,below_strong
100,0.09161436438944107,5,0.11675608684359064,1.4998905417528041,2.6140313816394407,4.012247696049605,200,20,1666.0,0.04141656662665066,0.700974653562386,0.04549904333857442,0.08010817006021148,0.20596214474484634,0.11904761904761904,0.14492753623188406,2.8743961352657004,0.1013857754228653,0.11976047904191617,0.2898550724637681,2.891608088171483,0.2893825147748115,0.09281437125748503,0.4492753623188406,2.2409962683328994,0.4397799062563685,2.2120221894609977,0.04141656662665066,ok,catboost_hpo_trial_100,val,33,[],64,below_strong
101,0.10400755201435136,5,0.1141110402225064,1.1308479383576773,2.861894879199908,4.006100602734432,203,18,1666.0,0.04141656662665066,0.735414227764014,0.04354233658949807,0.06938881461848048,0.19487575785578562,0.14285714285714285,0.17391304347826086,3.449275362318841,0.12573874057468923,0.11377245508982035,0.2753623188405797,2.747027683762909,0.2195842673731404,0.10479041916167664,0.5072463768115942,2.5301570771500477,0.42388424699409005,2.5112548066073823,0.04141656662665066,ok,catboost_hpo_trial_101,val,58,[],64,below_strong
102,0.07135857728944998,5,0.1314776956874947,1.1492270175581865,2.614914593614829,3.414506912295787,194,21,1666.0,0.04141656662665066,0.6697612371021753,0.041938070350300866,0.02609548179498208,0.17580384315333214,0.07142857142857142,0.08695652173913043,1.7246376811594204,0.03821071938047687,0.059880239520958084,0.14492753623188406,1.4458040440857416,0.095272060321989,0.08383233532934131,0.4057971014492754,2.024125661720038,0.36437742001222745,1.7229476777423722,0.04141656662665066,ok,catboost_hpo_trial_102,val,90,[],64,below_strong
103,0.08372663047823083,5,0.1562026537160256,1.5051781145921965,2.5212930628445953,4.102123903049271,193,12,1666.0,0.04141656662665066,0.6894630330420263,0.044318487425027066,0.05650749527218652,0.18829522810289012,0.09523809523809523,0.11594202898550725,2.2995169082125604,0.1074994905237416,0.11976047904191617,0.2898550724637681,2.891608088171483,0.23486855512533117,0.09281437125748503,0.4492753623188406,2.2409962683328994,0.42327287548400244,2.0215734257497475,0.04141656662665066,ok,catboost_hpo_trial_103,val,104,[],64,below_strong
104,0.08249230570959772,5,0.10025730074840176,1.0721157334730624,2.9877494169143035,4.120716654673109,224,17,1666.0,0.04141656662665066,0.6644523699327544,0.042167940452741734,0.05010879246353536,0.18537062529732592,0.09523809523809523,0.11594202898550725,2.2995169082125604,0.07845934379457917,0.10179640718562874,0.2463768115942029,2.457866874945761,0.18229060525779497,0.08383233532934131,0.4057971014492754,2.024125661720038,0.32331363358467496,1.9917707436549248,0.04141656662665066,ok,catboost_hpo_trial_104,val,97,[],64,below_strong
105,0.1047968657291487,5,0.1227802848623776,1.1978002769160185,2.7463631418752144,3.6331046023825007,200,26,1666.0,0.04141656662665066,0.7378871616164365,0.0436560133998585,0.06964088714134214,0.1952588434681349,0.13095238095238096,0.15942028985507245,3.161835748792271,0.13603016099449766,0.1377245508982036,0.3333333333333333,3.325349301397206,0.29498675361728144,0.11077844311377245,0.5362318840579711,2.6747374815586222,0.4839005502343591,2.530312729054518,0.04141656662665066,ok,catboost_hpo_trial_105,val,61,[],64,below_strong
106,0.10339166641133413,5,0.14655016070412616,1.2867010236717233,2.750392110868836,3.5742227339314283,209,27,1666.0,0.04141656662665066,0.7171508172025447,0.04279825233300965,0.05455415507232241,0.18369466325415348,0.09523809523809523,0.11594202898550725,2.2995169082125604,0.06572243733442022,0.1317365269461078,0.3188405797101449,3.180768896988632,0.2469940900754025,0.11976047904191617,0.5797101449275363,2.891608088171483,0.514978601997147,2.4963842933519227,0.04141656662665066,ok,catboost_hpo_trial_106,val,69,[],64,below_strong
107,0.08597992524396003,5,0.1458931282587415,1.2335581797340636,2.7976922073171897,3.611196002258251,201,30,1666.0,0.04141656662665066,0.7265252783752144,0.04281323501276517,0.061668984924918305,0.1916499870304805,0.09523809523809523,0.11594202898550725,2.2995169082125604,0.08661096392908091,0.08982035928143713,0.21739130434782608,2.1687060661286126,0.17067454656613001,0.09580838323353294,0.463768115942029,2.3132864705371867,0.37497452618707966,2.0759790645860496,0.04141656662665066,ok,catboost_hpo_trial_107,val,35,[],64,below_strong
108,0.06269295758139823,5,0.12321050897883648,1.3579865402887783,3.346790184920851,3.0751160967021907,224,25,1666.0,0.04141656662665066,0.5932409499695989,0.043824871653625606,0.05364727970482606,0.19211340591282525,0.05952380952380952,0.07246376811594203,1.4371980676328502,0.028021194212349703,0.059880239520958084,0.14492753623188406,1.4458040440857416,0.08610148767067455,0.06287425149700598,0.30434782608695654,1.5180942462900286,0.2073568371713878,1.5137169178349197,0.04141656662665066,ok,catboost_hpo_trial_108,val,88,[],64,below_strong
109,0.08398769814359627,5,0.15916134457506015,1.187630255090711,3.1511675843424043,2.9222713547706958,185,28,1666.0,0.04141656662665066,0.6778833501220585,0.04325620496165804,0.03535367734281693,0.17928078307026635,0.10714285714285714,0.13043478260869565,2.5869565217391304,0.10036682290605257,0.12574850299401197,0.30434782608695654,3.0361884925800573,0.25616466272671695,0.09281437125748503,0.4492753623188406,2.2409962683328994,0.37691053596902385,2.0278768856120495,0.04141656662665066,ok,catboost_hpo_trial_109,val,125,[],64,below_strong
110,0.05632643774290648,5,0.13993039989654155,1.1256324279010541,2.342615834257546,3.7523012229199124,212,24,1666.0,0.04141656662665066,0.6376312469939108,0.04913664531716,0.08095297305068347,0.2098852444715501,0.047619047619047616,0.057971014492753624,1.1497584541062802,0.03250458528632566,0.03592814371257485,0.08695652173913043,0.867482426451445,0.08345221112696148,0.05688622754491018,0.2753623188405797,1.3735138418814545,0.2669655594049317,1.3599977576765536,0.04141656662665066,ok,catboost_hpo_trial_110,val,104,[],64,below_strong
111,0.07950064085458203,5,0.11015546285538047,1.5688871274555711,2.6332890980232087,3.5458930304052654,203,20,1666.0,0.04141656662665066,0.6835189168095976,0.04286575777864471,0.049867967277714115,0.18533347903864184,0.10714285714285714,0.13043478260869565,2.5869565217391304,0.10953739555736702,0.10179640718562874,0.2463768115942029,2.457866874945761,0.2134705522722641,0.08682634730538923,0.42028985507246375,2.0964158639243253,0.3560220093743632,1.9195372125178793,0.04141656662665066,ok,catboost_hpo_trial_111,val,80,[],64,below_strong
112,0.10001997064904372,5,0.13197437813232107,1.9268007109235699,2.4684447136741055,4.199421854643594,200,28,1666.0,0.04141656662665066,0.7332226184966377,0.04212400849651918,0.05475974920120417,0.18415064759173483,0.10714285714285714,0.13043478260869565,2.5869565217391304,0.09017729773792542,0.11377245508982035,0.2753623188405797,2.747027683762909,0.2347666598736499,0.10179640718562874,0.4927536231884058,2.457866874945761,0.4162421031179947,2.4149749434972008,0.04141656662665066,ok,catboost_hpo_trial_112,val,60,[],64,below_strong
113,0.04551340298779609,5,0.13416567515477484,1.877481238492424,2.6485469489961027,4.203334100423497,200,26,1666.0,0.04141656662665066,0.5588149882478923,0.044036592947618525,0.02553754180623898,0.18772851310098906,0.023809523809523808,0.028985507246376812,0.5748792270531401,0.012736906460158957,0.03592814371257485,0.08695652173913043,0.867482426451445,0.05145710209904218,0.041916167664670656,0.2028985507246377,1.012062830860019,0.13643774200122274,1.0989178170676563,0.04141656662665066,ok,catboost_hpo_trial_113,val,277,[],64,below_strong
114,0.09767903720443233,5,0.11677957748030109,1.2829571548160483,2.435832953205078,3.303080489117838,219,21,1666.0,0.04141656662665066,0.6729556323904422,0.040775991716081046,0.04078762794166991,0.1779504066419988,0.10714285714285714,0.13043478260869565,2.5869565217391304,0.11707764418178113,0.10179640718562874,0.2463768115942029,2.457866874945761,0.18137354799266353,0.08682634730538923,0.42028985507246375,2.0964158639243253,0.3459343794579173,2.358453275109917,0.04141656662665066,ok,catboost_hpo_trial_114,val,67,[],64,below_strong
115,0.1026232744874465,5,0.11672554676128796,1.2826598111143077,2.4481742058082623,3.311198177185341,189,18,1666.0,0.04141656662665066,0.7579247320610202,0.042552191836873976,0.06129238812236911,0.18960655283712355,0.10714285714285714,0.13043478260869565,2.5869565217391304,0.09292846953331975,0.11377245508982035,0.2753623188405797,2.747027683762909,0.19472182596291013,0.11676646706586827,0.5652173913043478,2.8193178859671963,0.4743223965763195,2.47783152603023,0.04141656662665066,ok,catboost_hpo_trial_115,val,35,[],64,below_strong
116,0.08779464615333754,5,0.11615601154240414,1.3429563330966348,2.8403003517281062,3.4175101789783664,188,18,1666.0,0.04141656662665066,0.7298058860363181,0.04300449856937771,0.05600306617863301,0.185838557704528,0.07142857142857142,0.08695652173913043,1.7246376811594204,0.06154473201548808,0.08982035928143713,0.21739130434782608,2.1687060661286126,0.1574281638475647,0.09880239520958084,0.4782608695652174,2.385576672741474,0.38913796617077645,2.1197953694414546,0.04141656662665066,ok,catboost_hpo_trial_116,val,87,[],64,below_strong
117,0.08691240686075832,5,0.1293257957510522,1.2598220142799352,2.2472771037136354,3.939112177820217,220,22,1666.0,0.04141656662665066,0.727160527438222,0.04663114160078505,0.08098789249745965,0.20457633178826157,0.10714285714285714,0.13043478260869565,2.5869565217391304,0.12991644589362136,0.10179640718562874,0.2463768115942029,2.457866874945761,0.21296107601385775,0.10179640718562874,0.4927536231884058,2.457866874945761,0.4206235989402894,2.098493765652513,0.04141656662665066,ok,catboost_hpo_trial_117,val,71,[],64,below_strong
118,0.05060100298733005,5,0.15060464592170109,1.561797361861355,2.9746815909933857,3.302211503472015,171,33,1666.0,0.04141656662665066,0.5557794052253773,0.045842022335954594,0.07107587676439192,0.2047945480841821,0.047619047619047616,0.057971014492753624,1.1497584541062802,0.05655186468310577,0.059880239520958084,0.14492753623188406,1.4458040440857416,0.14367230487059304,0.06287425149700598,0.30434782608695654,1.5180942462900286,0.2831669044222539,1.2217575503897373,0.04141656662665066,ok,catboost_hpo_trial_118,val,44,[],64,below_strong
119,0.10643860562410412,5,0.12027792743152692,1.8003912186493916,2.536141476858997,2.8498800360737926,213,28,1666.0,0.04141656662665066,0.706378808091258,0.04261803931836623,0.0601086822282412,0.18903219988042133,0.10714285714285714,0.13043478260869565,2.5869565217391304,0.12635011208477684,0.11976047904191617,0.2898550724637681,2.891608088171483,0.2364988791522315,0.08982035928143713,0.43478260869565216,2.1687060661286126,0.42143876095373956,2.5699524198515578,0.04141656662665066,ok,catboost_hpo_trial_119,val,65,[],64,below_strong
120,0.09045282815696626,5,0.17731780520157064,1.438983802794678,2.5543191597241335,2.725499028996888,219,28,1666.0,0.04141656662665066,0.7161571061682683,0.04146446134228074,0.015898139065369712,0.16840579017088125,0.10714285714285714,0.13043478260869565,2.5869565217391304,0.09822702262074587,0.11976047904191617,0.2898550724637681,2.891608088171483,0.275320970042796,0.09281437125748503,0.4492753623188406,2.2409962683328994,0.43937232524964337,2.1839769812971856,0.04141656662665066,ok,catboost_hpo_trial_120,val,239,[],64,below_strong
121,0.08770964651052501,5,0.1775290532869142,1.8175463033933157,2.5483073173943107,2.7542541329321217,220,29,1666.0,0.04141656662665066,0.6965052226547965,0.04573103159742711,0.08106383311663462,0.2062613684235393,0.10714285714285714,0.13043478260869565,2.5869565217391304,0.09272467902995721,0.08383233532934131,0.2028985507246377,2.024125661720038,0.20684736091298145,0.09580838323353294,0.463768115942029,2.3132864705371867,0.4513959649480334,2.1177430592251403,0.04141656662665066,ok,catboost_hpo_trial_121,val,25,[],64,below_strong
122,0.09015380806846077,5,0.16878511052846362,1.437454254668648,2.7281331069450716,1.9886545408138783,197,27,1666.0,0.04141656662665066,0.697430871289465,0.043102608939611965,0.052292780228128145,0.18520970745635124,0.09523809523809523,0.11594202898550725,2.2995169082125604,0.0708171999184838,0.09580838323353294,0.2318840579710145,2.3132864705371867,0.1571224780925209,0.10778443113772455,0.5217391304347826,2.602447279354335,0.45557367026696555,2.1767571629283426,0.04141656662665066,ok,catboost_hpo_trial_122,val,64,[],64,below_strong
123,0.12202402477808547,5,0.19585843920766827,1.4335876175055524,2.7300969567910074,2.199582474881127,212,32,1666.0,0.04141656662665066,0.7951185647001171,0.042191264880628035,0.06322033384656803,0.18577092595250938,0.09523809523809523,0.11594202898550725,2.2995169082125604,0.07845934379457917,0.1317365269461078,0.3188405797101449,3.180768896988632,0.2271245159975545,0.1317365269461078,0.6376811594202898,3.180768896988632,0.5706134094151213,2.946261235946238,0.04141656662665066,ok,catboost_hpo_trial_123,val,27,[],64,strong
124,0.09906982630366903,5,0.19500296846948548,1.4305704524459282,2.7407325650684635,2.271334402358261,198,32,1666.0,0.04141656662665066,0.767163068434474,0.03913782420756509,0.019990281118654814,0.16216341785419383,0.10714285714285714,0.13043478260869565,2.5869565217391304,0.12431220705115141,0.10179640718562874,0.2463768115942029,2.457866874945761,0.25422865294477276,0.09580838323353294,0.463768115942029,2.3132864705371867,0.4880782555532912,2.3920337771291686,0.04141656662665066,ok,catboost_hpo_trial_124,val,51,[],64,below_strong
125,0.07615308208082397,5,0.19359744884992994,1.7179392412942305,3.10192694491877,2.208812970105993,213,32,1666.0,0.04141656662665066,0.6646111821985062,0.04281542600233666,0.05779551426042491,0.1908600887266523,0.08333333333333333,0.10144927536231885,2.0120772946859904,0.06623191359282657,0.0718562874251497,0.17391304347826086,1.73496485290289,0.14265335235378032,0.06287425149700598,0.30434782608695654,1.5180942462900286,0.26339922559608725,1.8387106485022138,0.04141656662665066,ok,catboost_hpo_trial_125,val,23,[],64,below_strong
126,0.08513616080847201,5,0.16536546812281966,1.273900528163588,2.2234153117370927,2.7468581006185455,190,35,1666.0,0.04141656662665066,0.6747479422467851,0.043489355717523985,0.06177450138852287,0.19138622685100257,0.09523809523809523,0.11594202898550725,2.2995169082125604,0.11371510087629916,0.11377245508982035,0.2753623188405797,2.747027683762909,0.24923578561239046,0.08682634730538923,0.42028985507246375,2.0964158639243253,0.3902588139392704,2.055606433433542,0.04141656662665066,ok,catboost_hpo_trial_126,val,62,[],64,below_strong
127,0.07049527578102979,5,0.180183634572905,2.036233432018936,3.5199029430184674,1.7785449416678947,205,31,1666.0,0.04141656662665066,0.6434936883468098,0.04617214837300071,0.07785528310542648,0.2057908869614538,0.11904761904761904,0.14492753623188406,2.8743961352657004,0.11004687181577338,0.07784431137724551,0.18840579710144928,1.8795452573114642,0.16659873649887916,0.0658682634730539,0.3188405797101449,1.590384448494316,0.3137354799266354,1.702103325379647,0.04141656662665066,ok,catboost_hpo_trial_127,val,44,[],64,below_strong
128,0.07328259316368135,5,0.1189213489919849,1.4103920325394093,2.733539963914482,3.2492867324289065,180,29,1666.0,0.04141656662665066,0.7087927545306871,0.04457952786164991,0.055179891335984825,0.18825144889179055,0.047619047619047616,0.057971014492753624,1.1497584541062802,0.07387405746892195,0.0658682634730539,0.15942028985507245,1.590384448494316,0.1757693091501936,0.08682634730538923,0.42028985507246375,2.0964158639243253,0.3720195638883228,1.7694029016042485,0.04141656662665066,ok,catboost_hpo_trial_128,val,103,[],64,below_strong
129,0.09694608831490333,5,0.1920181241413342,1.0999004646767263,2.4654608654791472,2.529726785518335,211,26,1666.0,0.04141656662665066,0.7340484422785476,0.0447176790623591,0.06880149331111444,0.1943038952202342,0.08333333333333333,0.10144927536231885,2.0120772946859904,0.07336458121051559,0.11377245508982035,0.2753623188405797,2.747027683762909,0.2404727939678011,0.11976047904191617,0.5797101449275363,2.891608088171483,0.5201752598328918,2.3407562772844774,0.04141656662665066,ok,catboost_hpo_trial_129,val,34,[],64,below_strong
130,0.09895527665673373,5,0.18722246994125466,1.0912833995134865,2.4301073407799167,2.5822916623481316,198,27,1666.0,0.04141656662665066,0.7695361774341383,0.041460014284485626,0.05218896332496638,0.1844575380782468,0.047619047619047616,0.057971014492753624,1.1497584541062802,0.056042388424699406,0.07784431137724551,0.18840579710144928,1.8795452573114642,0.12991644589362136,0.11377245508982035,0.5507246376811594,2.747027683762909,0.5088648868962706,2.3892679842046145,0.04141656662665066,ok,catboost_hpo_trial_130,val,16,[],64,below_strong
131,0.06931016725707637,5,0.18871918949671,1.0603205628096661,2.4172433398185027,2.7210568935035444,199,27,1666.0,0.04141656662665066,0.7028214133384152,0.04450330287157832,0.06877248188997545,0.19786462225314994,0.05952380952380952,0.07246376811594203,1.4371980676328502,0.07183615243529652,0.03592814371257485,0.08695652173913043,0.867482426451445,0.07438353372732831,0.0718562874251497,0.34782608695652173,1.73496485290289,0.3347259017729774,1.6734889659462209,0.04141656662665066,ok,catboost_hpo_trial_131,val,20,[],64,below_strong
132,0.1095320161826762,5,0.1599234863373945,1.1467136545949654,2.486794223871242,2.400028846695993,211,26,1666.0,0.04141656662665066,0.7432686286787727,0.04304542921100178,0.06592262178180798,0.19104376988914465,0.11904761904761904,0.14492753623188406,2.8743961352657004,0.11463215814143062,0.11976047904191617,0.2898550724637681,2.891608088171483,0.2296718972895863,0.11676646706586827,0.5652173913043478,2.8193178859671963,0.45659262278377827,2.6446425936280953,0.04141656662665066,ok,catboost_hpo_trial_132,val,33,[],64,strong
133,0.09521801617220498,5,0.18862269351953007,1.124589896222488,2.3137767297117557,2.4793574775458027,210,26,1666.0,0.04141656662665066,0.7388400352109481,0.04855797050732022,0.08029023581018643,0.20264648917348405,0.11904761904761904,0.14492753623188406,2.8743961352657004,0.11208477684939881,0.10778443113772455,0.2608695652173913,2.602447279354335,0.1887100061137151,0.11077844311377245,0.5362318840579711,2.6747374815586222,0.45098838394130836,2.2990321006216448,0.04141656662665066,ok,catboost_hpo_trial_133,val,64,[],64,below_strong
134,0.09935757996011366,5,0.18593733681915323,1.119126739412947,2.36741760642843,2.4008077425750467,210,26,1666.0,0.04141656662665066,0.753114989155391,0.045931742283481715,0.06863861458548769,0.19489831006885275,0.10714285714285714,0.13043478260869565,2.5869565217391304,0.07998777256979825,0.10179640718562874,0.2463768115942029,2.457866874945761,0.1736295088648869,0.11077844311377245,0.5362318840579711,2.6747374815586222,0.4441614020786631,2.3989815683123097,0.04141656662665066,ok,catboost_hpo_trial_134,val,46,[],64,below_strong
135,0.11238042952110229,5,0.15994068386132015,1.1764434902633958,2.08264970893486,2.242788973758687,215,24,1666.0,0.04141656662665066,0.7695997023404392,0.046478380571777556,0.08829261421541611,0.21101202347207035,0.09523809523809523,0.11594202898550725,2.2995169082125604,0.13195435092724678,0.15568862275449102,0.37681159420289856,3.7590905146229283,0.35459547585082535,0.12275449101796407,0.5942028985507246,2.9638982903757705,0.5953739555736702,2.7134173272776296,0.04141656662665066,ok,catboost_hpo_trial_135,val,14,[],64,below_strong
136,0.09602063928953246,5,0.15740502472367557,1.2041657557713854,2.0740070786243243,2.153532714588072,215,33,1666.0,0.04141656662665066,0.7627616999264926,0.040458763800454836,0.041370779726889614,0.17600946760895753,0.07142857142857142,0.08695652173913043,1.7246376811594204,0.06826981862645201,0.10778443113772455,0.2608695652173913,2.602447279354335,0.23028326879967392,0.12275449101796407,0.5942028985507246,2.9638982903757705,0.5486040350519665,2.3184113776284216,0.04141656662665066,ok,catboost_hpo_trial_136,val,40,[],64,below_strong
137,0.04258313542743664,5,0.14524694983982972,1.2855048749280662,2.3187383430092203,1.951886820623679,229,24,1666.0,0.04141656662665066,0.5240351020482245,0.04441165074824822,0.04078702880824502,0.19280135579165966,0.023809523809523808,0.028985507246376812,0.5748792270531401,0.05298553087426126,0.029940119760479042,0.07246376811594203,0.7229020220428708,0.08345221112696148,0.04491017964071856,0.21739130434782608,1.0843530330643063,0.1858569390666395,1.0281667191610067,0.04141656662665066,ok,catboost_hpo_trial_137,val,93,[],64,below_strong
138,0.06309422884136441,5,0.16899900445541874,1.615212834123779,2.2134938259750903,1.5163315850386558,205,30,1666.0,0.04141656662665066,0.6115633479440619,0.042417056173254745,0.045096855103847554,0.1855859286137073,0.05952380952380952,0.07246376811594203,1.4371980676328502,0.042796005706134094,0.10179640718562874,0.2463768115942029,2.457866874945761,0.2649276543713063,0.06287425149700598,0.30434782608695654,1.5180942462900286,0.3101691461177909,1.5234055833291755,0.04141656662665066,ok,catboost_hpo_trial_138,val,41,[],64,below_strong
139,0.0899389900989937,5,0.16001955294699827,1.1855576617232617,2.895663254455414,2.973649254564709,194,24,1666.0,0.04141656662665066,0.716787817737969,0.041685618606379884,0.04621565851581812,0.17935469418729466,0.13095238095238096,0.15942028985507245,3.161835748792271,0.11412268188302425,0.11377245508982035,0.2753623188405797,2.747027683762909,0.1797432239657632,0.09281437125748503,0.4492753623188406,2.2409962683328994,0.34430405543101694,2.17157039862208,0.04141656662665066,ok,catboost_hpo_trial_139,val,54,[],64,below_strong
140,0.09936242444311871,5,0.15089936057472034,1.0121378272854415,2.7072300107027973,2.34395201266427,217,29,1666.0,0.04141656662665066,0.727641501728785,0.042570705826310035,0.06062855646391794,0.18771752091216154,0.10714285714285714,0.13043478260869565,2.5869565217391304,0.12991644589362136,0.1437125748502994,0.34782608695652173,3.46992970580578,0.3820052985530874,0.11377245508982035,0.5507246376811594,2.747027683762909,0.5663338088445078,2.3990985380034173,0.04141656662665066,ok,catboost_hpo_trial_140,val,56,[],64,below_strong
141,0.08626426421052297,5,0.14918193724581902,1.046190942358934,2.729516597731293,2.330464790700844,216,31,1666.0,0.04141656662665066,0.6966594974272412,0.043608908715817615,0.061108566306473024,0.19126303164451927,0.07142857142857142,0.08695652173913043,1.7246376811594204,0.06623191359282657,0.08982035928143713,0.21739130434782608,2.1687060661286126,0.1767882616670063,0.07784431137724551,0.37681159420289856,1.8795452573114642,0.2919298960668433,2.082844408329439,0.04141656662665066,ok,catboost_hpo_trial_141,val,65,[],64,below_strong
142,0.13942542987158074,5,0.1253032737181982,1.0241618313797476,2.4954034328081485,1.9648210900227612,207,29,1666.0,0.04141656662665066,0.7956857513635167,0.04357869008618279,0.07514788674421918,0.1921205645098588,0.20238095238095238,0.2463768115942029,4.886473429951692,0.190544120643978,0.1497005988023952,0.36231884057971014,3.6145101102143538,0.28632565722437336,0.1377245508982036,0.6666666666666666,3.325349301397206,0.6719991848379866,3.3664169009572977,0.04141656662665066,ok,catboost_hpo_trial_142,val,55,[],64,strong
143,0.07127125878899485,5,0.13697127838761491,1.155467022956083,2.6694647858037257,0.9921399261089632,204,29,1666.0,0.04141656662665066,0.6286424727523526,0.0442764605380183,0.06530762829897924,0.19696890689007834,0.08333333333333333,0.10144927536231885,2.0120772946859904,0.07845934379457917,0.10179640718562874,0.2463768115942029,2.457866874945761,0.23843488893417566,0.0688622754491018,0.3333333333333333,1.662674650698603,0.319951090279193,1.7208393788763106,0.04141656662665066,ok,catboost_hpo_trial_143,val,64,[],64,below_strong
144,0.08619971916911284,5,0.1263011161080483,1.0220481487137556,2.5200854548125124,2.0154026153581595,192,28,1666.0,0.04141656662665066,0.7281633134591127,0.04599311112184542,0.06150754457665786,0.19185653895571492,0.09523809523809523,0.11594202898550725,2.2995169082125604,0.09068677399633177,0.08982035928143713,0.21739130434782608,2.1687060661286126,0.21092317098023233,0.09880239520958084,0.4782608695652174,2.385576672741474,0.4793152639087018,2.0812859729817683,0.04141656662665066,ok,catboost_hpo_trial_144,val,109,[],64,below_strong
145,0.1185180544268144,5,0.19847535445584408,1.3502675399286714,2.85699599064566,2.3720991774983164,208,32,1666.0,0.04141656662665066,0.7384770357463724,0.04085813813210087,0.038334898242955266,0.17160545480337355,0.11904761904761904,0.14492753623188406,2.8743961352657004,0.12278377827593234,0.11976047904191617,0.2898550724637681,2.891608088171483,0.22366007744039126,0.10479041916167664,0.5072463768115942,2.5301570771500477,0.4205217036886081,2.8616098358706203,0.04141656662665066,ok,catboost_hpo_trial_145,val,65,[],64,below_strong
146,0.0929462866001107,5,0.17580725935413433,1.363501670497506,2.8190044923763957,1.704468955630014,208,34,1666.0,0.04141656662665066,0.6710226602415761,0.04054968088566702,0.03411307402707564,0.17491756336002356,0.08333333333333333,0.10144927536231885,2.0120772946859904,0.07387405746892195,0.10179640718562874,0.2463768115942029,2.457866874945761,0.1955369879763603,0.09580838323353294,0.463768115942029,2.3132864705371867,0.42082738944365194,2.2441813547215137,0.04141656662665066,ok,catboost_hpo_trial_146,val,53,[],64,below_strong
147,0.10099333027747737,5,0.19904173372220754,2.240760059723804,2.9118022062251305,2.385174556821824,213,32,1666.0,0.04141656662665066,0.7606063906055738,0.04379364151638144,0.07171864924984798,0.19743830508190996,0.10714285714285714,0.13043478260869565,2.5869565217391304,0.09119625025473813,0.12574850299401197,0.30434782608695654,3.0361884925800573,0.24251069900142652,0.12275449101796407,0.5942028985507246,2.9638982903757705,0.5058080293458325,2.4384766411924246,0.04141656662665066,ok,catboost_hpo_trial_147,val,21,[],64,below_strong
148,0.08472769386070751,5,0.14487398037563629,2.1226280014102548,3.041771674972633,2.3542615618832055,222,30,1666.0,0.04141656662665066,0.6983565199241331,0.04470448718386335,0.07111302393197087,0.19859940294539752,0.05952380952380952,0.07246376811594203,1.4371980676328502,0.06572243733442022,0.10179640718562874,0.2463768115942029,2.457866874945761,0.22773588750764215,0.09880239520958084,0.4782608695652174,2.385576672741474,0.43651925820256776,2.045744028578822,0.04141656662665066,ok,catboost_hpo_trial_148,val,34,[],64,below_strong
149,0.14437253580115145,5,0.1324314134827593,1.9470294574701565,2.900625533346776,3.7035665219123874,214,32,1666.0,0.04141656662665066,0.7936937918016571,0.04237708751643873,0.06786651004022104,0.18725760666721541,0.15476190476190477,0.18840579710144928,3.7367149758454112,0.14978601997146934,0.15568862275449102,0.37681159420289856,3.7590905146229283,0.33523537803138376,0.1377245508982036,0.6666666666666666,3.325349301397206,0.6389851232932545,3.4858644151408456,0.04141656662665066,ok,catboost_hpo_trial_149,val,55,[],64,strong
150,0.06284262945641252,5,0.1304726336865998,2.2498387845608403,2.94043554954009,3.6769855326926932,228,36,1666.0,0.04141656662665066,0.6222491446825116,0.046169353077526135,0.0755137749115697,0.20512554407866765,0.05952380952380952,0.07246376811594203,1.4371980676328502,0.03566333808844508,0.0658682634730539,0.15942028985507245,1.590384448494316,0.12838801711840228,0.0748502994011976,0.36231884057971014,1.8072550551071769,0.31913592826574283,1.5173307344113516,0.04141656662665066,ok,catboost_hpo_trial_150,val,58,[],64,below_strong
151,0.07634702791394606,5,0.12300115243033564,1.9397604256947478,3.222663696238232,2.8821546048384477,214,32,1666.0,0.04141656662665066,0.6029375731670796,0.044604659316894314,0.06145678541231435,0.19687760689186293,0.05952380952380952,0.07246376811594203,1.4371980676328502,0.05808029345832484,0.09580838323353294,0.2318840579710145,2.3132864705371867,0.1574281638475647,0.0718562874251497,0.34782608695652173,1.73496485290289,0.28021194212349704,1.8433934565889005,0.04141656662665066,ok,catboost_hpo_trial_151,val,85,[],64,below_strong
152,0.08515546956543504,5,0.15665861888966898,2.5958426846833085,2.7959092493948368,2.044041268061043,211,34,1666.0,0.04141656662665066,0.6502681658544555,0.04362599853451047,0.06533984719837302,0.19592745373660717,0.08333333333333333,0.10144927536231885,2.0120772946859904,0.06317505604238842,0.0658682634730539,0.15942028985507245,1.590384448494316,0.11157530059099247,0.0718562874251497,0.34782608695652173,1.73496485290289,0.25331159567964134,2.056072641971229,0.04141656662665066,ok,catboost_hpo_trial_152,val,36,[],64,below_strong
153,0.07514084135355242,5,0.17002261223962256,1.7852735877114636,3.0439082649176883,3.792933162784206,207,25,1666.0,0.04141656662665066,0.6755420035755447,0.043371140470455004,0.03766848124840986,0.18036100500413152,0.08333333333333333,0.10144927536231885,2.0120772946859904,0.09415121255349501,0.09580838323353294,0.2318840579710145,2.3132864705371867,0.2214183819034033,0.07784431137724551,0.37681159420289856,1.8795452573114642,0.3268799673935195,1.8142701694930194,0.04141656662665066,ok,catboost_hpo_trial_153,val,125,[],64,below_strong
154,0.11004326174291226,5,0.13898963202315673,2.389850408436307,2.566540318238299,3.1210037943330136,203,29,1666.0,0.04141656662665066,0.7638461608269128,0.0438039134429474,0.07091357524331875,0.19441374560303065,0.11904761904761904,0.14492753623188406,2.8743961352657004,0.13399225596087222,0.12574850299401197,0.30434782608695654,3.0361884925800573,0.2521907479111473,0.11976047904191617,0.5797101449275363,2.891608088171483,0.5049928673323824,2.656986580633215,0.04141656662665066,ok,catboost_hpo_trial_154,val,40,[],64,strong
155,0.11991736109225141,5,0.14058088140145547,2.2102343848332158,2.8822880490036034,1.8546825285646644,203,29,1666.0,0.04141656662665066,0.7823636710135854,0.04285132512252114,0.06757053399160856,0.19077728007809902,0.14285714285714285,0.17391304347826086,3.449275362318841,0.11667006317505604,0.1437125748502994,0.34782608695652173,3.46992970580578,0.2872427144895048,0.1317365269461078,0.6376811594202898,3.180768896988632,0.6448950478907682,2.895395993908563,0.04141656662665066,ok,catboost_hpo_trial_155,val,44,[],64,strong
156,0.08388336207843523,5,0.13653493755410476,2.3225300427859024,2.9066266038330224,1.405732266934888,186,31,1666.0,0.04141656662665066,0.6747797046999356,0.04271601737552712,0.032537801748924663,0.17753753270423384,0.09523809523809523,0.11594202898550725,2.2995169082125604,0.0708171999184838,0.11377245508982035,0.2753623188405797,2.747027683762909,0.20012227430201754,0.07784431137724551,0.37681159420289856,1.8795452573114642,0.2847972284491543,2.0253576988793203,0.04141656662665066,ok,catboost_hpo_trial_156,val,220,[],64,below_strong
157,0.07491168900319017,5,0.10284288837783284,2.6230680208953627,2.594017687729515,3.154164363658172,203,33,1666.0,0.04141656662665066,0.6815541822075812,0.04552349818791058,0.03558855695606295,0.1838253645634319,0.09523809523809523,0.11594202898550725,2.2995169082125604,0.08864886896270634,0.07784431137724551,0.18840579710144928,1.8795452573114642,0.14560831465253718,0.08083832335329341,0.391304347826087,1.9518354595157512,0.32800081516201346,1.8087373025987659,0.04141656662665066,ok,catboost_hpo_trial_157,val,432,[],64,below_strong
158,0.08859618525789904,5,0.12791800444998538,2.0294460133506513,3.246157701753357,1.7664051204565425,203,28,1666.0,0.04141656662665066,0.7040692239978946,0.04413710846497846,0.06722793668546885,0.1948304697012456,0.10714285714285714,0.13043478260869565,2.5869565217391304,0.07336458121051559,0.11976047904191617,0.2898550724637681,2.891608088171483,0.19971469329529243,0.09880239520958084,0.4782608695652174,2.385576672741474,0.35214998981047485,2.139148473038548,0.04141656662665066,ok,catboost_hpo_trial_158,val,75,[],64,below_strong
159,0.12355954006658988,5,0.1389524712745205,2.863784979132836,2.848973311257943,4.342029143791395,181,30,1666.0,0.04141656662665066,0.777023041391014,0.043381526611460046,0.07084288888606198,0.19475586675959555,0.14285714285714285,0.17391304347826086,3.449275362318841,0.13704911351131038,0.16766467065868262,0.4057971014492754,4.048251323440076,0.4004483391073976,0.1317365269461078,0.6376811594202898,3.180768896988632,0.6472386386794375,2.983336141317953,0.04141656662665066,ok,catboost_hpo_trial_159,val,29,[],64,strong
160,0.06260135336233366,5,0.1420706805765801,2.8522566929732474,2.8497775263168865,4.410277085514895,181,30,1666.0,0.04141656662665066,0.602765148421406,0.04562837315759909,0.044320522080469334,0.19298791547586583,0.07142857142857142,0.08695652173913043,1.7246376811594204,0.06877929488485837,0.0718562874251497,0.17391304347826086,1.73496485290289,0.12349704503770124,0.06287425149700598,0.30434782608695654,1.5180942462900286,0.281332789891991,1.5115051406035926,0.04141656662665066,ok,catboost_hpo_trial_160,val,175,[],64,below_strong
161,0.047792003803569766,5,0.134857146522115,2.498979419329374,2.5419082445763874,4.293093022674761,189,29,1666.0,0.04141656662665066,0.5636655685932863,0.04482098442863814,0.04016617360721134,0.19157122557017192,0.03571428571428571,0.043478260869565216,0.8623188405797102,0.07132667617689016,0.03592814371257485,0.08695652173913043,0.867482426451445,0.09680048909720806,0.05089820359281437,0.2463768115942029,1.2289334374728804,0.2261055634807418,1.1539344686485107,0.04141656662665066,ok,catboost_hpo_trial_161,val,148,[],64,below_strong
162,0.08411847378042944,5,0.12374201499794366,1.9314814845292023,2.983065898830482,3.636975607655299,169,32,1666.0,0.04141656662665066,0.7115334004882343,0.04377904235804959,0.062686904329146,0.1906016261323449,0.09523809523809523,0.11594202898550725,2.2995169082125604,0.10189525168127166,0.09580838323353294,0.2318840579710145,2.3132864705371867,0.18595883431832078,0.08982035928143713,0.43478260869565216,2.1687060661286126,0.3805787650295496,2.0310344538868907,0.04141656662665066,ok,catboost_hpo_trial_162,val,69,[],64,below_strong
163,0.14570951678420263,5,0.1076723187822668,2.310145200056301,2.662271213051765,3.5233389896928706,207,27,1666.0,0.04141656662665066,0.7554654106885192,0.044192367332726704,0.07705117468822176,0.1969574323195136,0.21428571428571427,0.2608695652173913,5.173913043478261,0.20480945587935603,0.1497005988023952,0.36231884057971014,3.6145101102143538,0.3239250050947626,0.12275449101796407,0.5942028985507246,2.9638982903757705,0.5647034848176075,3.5181457240939364,0.04141656662665066,ok,catboost_hpo_trial_163,val,83,[],64,below_strong
164,0.10932526607850167,5,0.11141290640562648,2.364200154002252,2.822155934101863,3.51218771654302,214,27,1666.0,0.04141656662665066,0.7471617979363481,0.04513413992671348,0.07882654966068818,0.20051415532589215,0.13095238095238096,0.15942028985507245,3.161835748792271,0.12736906460158956,0.11976047904191617,0.2898550724637681,2.891608088171483,0.27307927450580805,0.11077844311377245,0.5362318840579711,2.6747374815586222,0.48502139800285304,2.6396506273446927,0.04141656662665066,ok,catboost_hpo_trial_164,val,91,[],64,below_strong
165,0.0808043644628159,5,0.11122443690784964,2.7839895264621344,2.647874451763474,3.468235161367402,194,25,1666.0,0.04141656662665066,0.7215158857640686,0.04396116866918706,0.05488118471067724,0.18745917507960458,0.011904761904761904,0.014492753623188406,0.28743961352657005,0.002547381292031791,0.0718562874251497,0.17391304347826086,1.73496485290289,0.12441410230283269,0.09580838323353294,0.463768115942029,2.3132864705371867,0.37966170776441815,1.9510155245659608,0.04141656662665066,ok,catboost_hpo_trial_165,val,102,[],64,below_strong
166,0.05404400177507909,5,0.09879314833659948,2.4112117186898963,2.783002776287691,3.8250296262245325,207,27,1666.0,0.04141656662665066,0.5853184866552322,0.043133619623476255,0.04496348434844388,0.18770131009138774,0.047619047619047616,0.057971014492753624,1.1497584541062802,0.043305481964540454,0.0718562874251497,0.17391304347826086,1.73496485290289,0.13755858976971674,0.05389221556886228,0.2608695652173913,1.3012236396771675,0.21907479111473405,1.3048885066272722,0.04141656662665066,ok,catboost_hpo_trial_166,val,150,[],64,below_strong
167,0.06731977668478104,5,0.09297892175075102,2.1497178624362028,3.086896674156972,3.075936672461632,222,24,1666.0,0.04141656662665066,0.6422912526204024,0.045594535781439356,0.06892531936515728,0.1996515814518653,0.07142857142857142,0.08695652173913043,1.7246376811594204,0.06358263704911352,0.059880239520958084,0.14492753623188406,1.4458040440857416,0.11096392908090483,0.0748502994011976,0.36231884057971014,1.8072550551071769,0.30211942123497043,1.625431129809351,0.04141656662665066,ok,catboost_hpo_trial_167,val,139,[],64,below_strong
168,0.0725592684096145,5,0.10573042790310708,1.2269733123952613,2.665229223199913,3.4868551101188223,217,26,1666.0,0.04141656662665066,0.6578911546105469,0.04320870397987458,0.057198951804061655,0.19041625081291524,0.07142857142857142,0.08695652173913043,1.7246376811594204,0.05043814958222947,0.07784431137724551,0.18840579710144928,1.8795452573114642,0.13093539841043408,0.07784431137724551,0.37681159420289856,1.8795452573114642,0.2801100468718158,1.7519382778321417,0.04141656662665066,ok,catboost_hpo_trial_168,val,91,[],64,below_strong
169,0.11650535057490449,5,0.11637320174039263,1.7039725324758843,2.831956287178351,3.276507050161448,197,23,1666.0,0.04141656662665066,0.7981178477761746,0.04398258120209272,0.07636726218576066,0.1963751984707424,0.07142857142857142,0.08695652173913043,1.7246376811594204,0.1013857754228653,0.1377245508982036,0.3333333333333333,3.325349301397206,0.32586101487670677,0.1407185628742515,0.6811594202898551,3.397639503601493,0.6404116568167924,2.8130132472143607,0.04141656662665066,ok,catboost_hpo_trial_169,val,41,[],64,below_strong
170,0.059996834815842434,5,0.12095185353474017,1.6323504801068816,2.8301723280988873,4.0114472524417595,207,27,1666.0,0.04141656662665066,0.6112729483724011,0.04434529099113615,0.0372543858860385,0.18674327516696856,0.05952380952380952,0.07246376811594203,1.4371980676328502,0.05349500713266762,0.059880239520958084,0.14492753623188406,1.4458040440857416,0.10851844304055432,0.059880239520958084,0.2898550724637681,1.4458040440857416,0.22630935398410434,1.4486192290317899,0.04141656662665066,ok,catboost_hpo_trial_170,val,155,[],64,below_strong
171,0.11520768907883477,5,0.1112482883518902,1.7572489426511362,2.569741727225778,3.1761065493391993,198,23,1666.0,0.04141656662665066,0.7791511257520896,0.045198852637988736,0.07523468712375604,0.19533492171673034,0.13095238095238096,0.15942028985507245,3.161835748792271,0.07784797228449154,0.1497005988023952,0.36231884057971014,3.6145101102143538,0.32912166293050743,0.12275449101796407,0.5942028985507246,2.9638982903757705,0.5385164051355207,2.781681304425199,0.04141656662665066,ok,catboost_hpo_trial_171,val,99,[],64,below_strong
172,0.08596743696483324,5,0.11109687224349236,1.7699525307494741,2.572974035294798,3.1522494301177884,196,23,1666.0,0.04141656662665066,0.7439855526213098,0.04355579776212384,0.06098447494795223,0.18741416052697718,0.05952380952380952,0.07246376811594203,1.4371980676328502,0.10393315671489708,0.0718562874251497,0.17391304347826086,1.73496485290289,0.164662726716935,0.09880239520958084,0.4782608695652174,2.385576672741474,0.472997758304463,2.0756775359914807,0.04141656662665066,ok,catboost_hpo_trial_172,val,86,[],64,below_strong
173,0.10673880284066416,5,0.12649039865921602,3.032182657101005,2.965743709031092,3.584887394668744,201,23,1666.0,0.04141656662665066,0.7524252901726969,0.042261772784430225,0.05880909202254115,0.18531553481461854,0.09523809523809523,0.11594202898550725,2.2995169082125604,0.08762991644589362,0.1437125748502994,0.34782608695652173,3.46992970580578,0.26900346443855716,0.12574850299401197,0.6086956521739131,3.0361884925800573,0.5397391481556959,2.5772006598919783,0.04141656662665066,ok,catboost_hpo_trial_173,val,58,[],64,strong
174,0.0877686308214373,5,0.14208660714068252,1.5295385453640653,2.981524169772736,3.6268324466810653,202,22,1666.0,0.04141656662665066,0.7110615011842858,0.04555537860380314,0.058818783999187316,0.1905477404208448,0.09523809523809523,0.11594202898550725,2.2995169082125604,0.07336458121051559,0.10778443113772455,0.2608695652173913,2.602447279354335,0.24709598532708377,0.10179640718562874,0.4927536231884058,2.457866874945761,0.49225596087222334,2.119167231137892,0.04141656662665066,ok,catboost_hpo_trial_174,val,133,[],64,below_strong
175,0.06293463332451449,5,0.10322610648608495,3.2241057167430913,2.8651920771488273,3.4727638389655273,197,30,1666.0,0.04141656662665066,0.6302759703429438,0.04302774985172089,0.054433953718089644,0.19077171027196727,0.05952380952380952,0.07246376811594203,1.4371980676328502,0.05553291216629305,0.05389221556886228,0.13043478260869565,1.3012236396771675,0.13144487466884044,0.0748502994011976,0.36231884057971014,1.8072550551071769,0.3393111880986346,1.5195521611397267,0.04141656662665066,ok,catboost_hpo_trial_175,val,90,[],64,below_strong
176,0.07766131342219551,5,0.11294003488880085,2.63918295099702,2.7570180522149386,2.989002743816422,203,25,1666.0,0.04141656662665066,0.6749702794188378,0.04443435261372291,0.024679290461652854,0.17978007174237154,0.09523809523809523,0.11594202898550725,2.2995169082125604,0.15844711636437742,0.10179640718562874,0.2463768115942029,2.457866874945761,0.28377827593234156,0.08682634730538923,0.42028985507246375,2.0964158639243253,0.42683920929284697,1.8751267849475033,0.04141656662665066,ok,catboost_hpo_trial_176,val,577,[],64,below_strong
177,0.062064246091822865,5,0.12204047830926112,1.7089604462153822,3.232884084102954,1.881326696577452,210,28,1666.0,0.04141656662665066,0.5921791765357146,0.043171342466801446,0.04084902263329411,0.1865886439974254,0.09523809523809523,0.11594202898550725,2.2995169082125604,0.0988383941308335,0.0718562874251497,0.17391304347826086,1.73496485290289,0.14469125738740574,0.0718562874251497,0.34782608695652173,1.73496485290289,0.313939270429998,1.4985367244779262,0.04141656662665066,ok,catboost_hpo_trial_177,val,98,[],64,below_strong
178,0.052716916891742335,5,0.08985395994388594,2.02826606778114,3.0692085273814556,2.1494770018599043,214,23,1666.0,0.04141656662665066,0.5866751971540841,0.04804270127343534,0.08152860641053268,0.2121195419106355,0.05952380952380952,0.07246376811594203,1.4371980676328502,0.056042388424699406,0.059880239520958084,0.14492753623188406,1.4458040440857416,0.10699001426533523,0.04491017964071856,0.21739130434782608,1.0843530330643063,0.17067454656613001,1.2728461382846774,0.04141656662665066,ok,catboost_hpo_trial_178,val,97,[],64,below_strong
179,0.04795129740751231,5,0.150999595460355,3.0869900341893928,2.9328748591430602,3.2759573404649296,206,26,1666.0,0.04141656662665066,0.49190057444665275,0.044406848093553934,0.05860440135556336,0.19901671402421545,0.07142857142857142,0.08695652173913043,1.7246376811594204,0.06826981862645201,0.059880239520958084,0.14492753623188406,1.4458040440857416,0.10648053800692887,0.04491017964071856,0.21739130434782608,1.0843530330643063,0.1941104544528225,1.1577806011726888,0.04141656662665066,ok,catboost_hpo_trial_179,val,50,[],64,below_strong
180,0.09839384096084906,5,0.13620026507071503,2.905026290682374,2.7027543331415638,3.77829259109581,200,29,1666.0,0.04141656662665066,0.7535188260597316,0.04354112694771308,0.0639099636102864,0.18966285259109605,0.11904761904761904,0.14492753623188406,2.8743961352657004,0.10953739555736702,0.10179640718562874,0.2463768115942029,2.457866874945761,0.16394945995516608,0.11676646706586827,0.5652173913043478,2.8193178859671963,0.5265946606888119,2.375712160011225,0.04141656662665066,ok,catboost_hpo_trial_180,val,60,[],64,below_strong
181,0.08283370359919151,5,0.1283190419387813,2.448991992617552,2.640417336457713,3.3833726842872722,211,21,1666.0,0.04141656662665066,0.7103218897752126,0.044841863011293046,0.07127861634684188,0.19768423385579473,0.07142857142857142,0.08695652173913043,1.7246376811594204,0.06368453230079478,0.11377245508982035,0.2753623188405797,2.747027683762909,0.24760546158549013,0.08982035928143713,0.43478260869565216,2.1687060661286126,0.41828000815162014,2.0000137709601895,0.04141656662665066,ok,catboost_hpo_trial_181,val,52,[],64,below_strong
182,0.09636851394995474,5,0.11479740438112378,2.22703281846226,2.7920882665225784,2.8237543396261193,217,24,1666.0,0.04141656662665066,0.7324739321009501,0.04534396082637616,0.07950026722075272,0.20351776365180793,0.10714285714285714,0.13043478260869565,2.5869565217391304,0.0708171999184838,0.11377245508982035,0.2753623188405797,2.747027683762909,0.1966578357448543,0.11377245508982035,0.5507246376811594,2.747027683762909,0.5101895251681272,2.3268107860960088,0.04141656662665066,ok,catboost_hpo_trial_182,val,56,[],64,below_strong
183,0.10769183706063935,5,0.1302879459601473,1.36382719457737,2.610950021522002,2.6275328256209565,222,27,1666.0,0.04141656662665066,0.7535596634994963,0.04121779490773273,0.05163203467308258,0.18187002158671753,0.11904761904761904,0.14492753623188406,2.8743961352657004,0.10902791929896066,0.1377245508982036,0.3333333333333333,3.325349301397206,0.28082331363358465,0.11676646706586827,0.5652173913043478,2.8193178859671963,0.5456490727532097,2.6002116020728288,0.04141656662665066,ok,catboost_hpo_trial_183,val,43,[],64,strong
184,0.07307876059288419,5,0.10609312840980963,1.333360895828161,2.8355268507863314,2.6447811465363014,222,31,1666.0,0.04141656662665066,0.6418511157696043,0.04460104176356959,0.0702864881815351,0.2005525198372412,0.07142857142857142,0.08695652173913043,1.7246376811594204,0.07896882005298553,0.11377245508982035,0.2753623188405797,2.747027683762909,0.20073364581210515,0.0688622754491018,0.3333333333333333,1.662674650698603,0.26900346443855716,1.764481378952827,0.04141656662665066,ok,catboost_hpo_trial_184,val,47,[],64,below_strong
185,0.1288751201238981,5,0.12124385302210194,1.5591623154097336,2.567044549133338,3.917573219717327,226,27,1666.0,0.04141656662665066,0.7762471300354832,0.046970399573319985,0.09195875035404093,0.21368838733345988,0.17857142857142858,0.21739130434782608,4.311594202898551,0.17271245159975546,0.1497005988023952,0.36231884057971014,3.6145101102143538,0.3077236600774404,0.1317365269461078,0.6376811594202898,3.180768896988632,0.5451395964948034,3.1116804366146993,0.04141656662665066,ok,catboost_hpo_trial_185,val,28,[],64,below_strong
186,0.07172321658248633,5,0.12063648204200501,1.5066741034579882,2.5720887355825233,3.9316065048262114,233,28,1666.0,0.04141656662665066,0.6809143956512664,0.043510147207884826,0.042461922071941195,0.18259216555765959,0.03571428571428571,0.043478260869565216,0.8623188405797102,0.014672916242103118,0.08982035928143713,0.21739130434782608,2.1687060661286126,0.16853474628082332,0.08682634730538923,0.42028985507246375,2.0964158639243253,0.35958834318320765,1.7317518670495975,0.04141656662665066,ok,catboost_hpo_trial_186,val,107,[],64,below_strong
187,0.08171891407334576,5,0.09647144257547517,1.8684246210176494,2.3328587017873343,2.638797380469658,224,25,1666.0,0.04141656662665066,0.7355367400833084,0.04145169408713056,0.04390707053478772,0.17781658697918312,0.047619047619047616,0.057971014492753624,1.1497584541062802,0.06572243733442022,0.07784431137724551,0.18840579710144928,1.8795452573114642,0.19044222539229672,0.09880239520958084,0.4782608695652174,2.385576672741474,0.47829631139188916,1.9730972586404936,0.04141656662665066,ok,catboost_hpo_trial_187,val,129,[],64,below_strong
188,0.12706790793561926,5,0.12923368982296474,1.6084357060492689,2.6905691369532643,2.0932677950607914,217,30,1666.0,0.04141656662665066,0.7040419990380514,0.0427042695161683,0.06515025687960546,0.19223336503133406,0.14285714285714285,0.17391304347826086,3.449275362318841,0.13562257998777258,0.12574850299401197,0.30434782608695654,3.0361884925800573,0.26401059710617486,0.09880239520958084,0.4782608695652174,2.385576672741474,0.4519054412064398,3.0680454292861117,0.04141656662665066,ok,catboost_hpo_trial_188,val,27,[],64,below_strong
189,0.10967513457005096,5,0.13345801417421793,1.6046632862441008,2.6606364767239294,2.1681521390833605,227,31,1666.0,0.04141656662665066,0.6864864374325048,0.044075964029348595,0.0717984065039735,0.19869013858748247,0.11904761904761904,0.14492753623188406,2.8743961352657004,0.10087629916445894,0.10778443113772455,0.2608695652173913,2.602447279354335,0.2562665579783982,0.10179640718562874,0.4927536231884058,2.457866874945761,0.4392704299979621,2.648098176720361,0.04141656662665066,ok,catboost_hpo_trial_189,val,24,[],64,below_strong
190,0.0777874687831362,5,0.13693954109759413,1.7529722361040356,2.1606927115784775,2.2107264971048664,228,34,1666.0,0.04141656662665066,0.6322951548646466,0.04361732270865216,0.0607071943610073,0.19317437147323277,0.08333333333333333,0.10144927536231885,2.0120772946859904,0.09934787038923987,0.07784431137724551,0.18840579710144928,1.8795452573114642,0.14978601997146934,0.0658682634730539,0.3188405797101449,1.590384448494316,0.2465865090686774,1.8781727969957234,0.04141656662665066,ok,catboost_hpo_trial_190,val,52,[],64,below_strong
191,0.1247764176926591,5,0.12753293804833415,1.5947616700719858,2.635386447170782,2.1097813740315297,226,31,1666.0,0.04141656662665066,0.7451562258945669,0.04376528486141833,0.06267334978554148,0.18610630114479354,0.14285714285714285,0.17391304347826086,3.449275362318841,0.11921744446708783,0.11976047904191617,0.2898550724637681,2.891608088171483,0.250560423884247,0.10179640718562874,0.4927536231884058,2.457866874945761,0.41899327491338906,3.012717563419856,0.04141656662665066,ok,catboost_hpo_trial_191,val,107,[],64,strong
192,0.10617685626390878,5,0.1301108134948825,1.576128087800009,2.529604209134234,1.867609179428428,240,31,1666.0,0.04141656662665066,0.7199186881199351,0.04299646745273651,0.06484975591906038,0.1910259843356669,0.13095238095238096,0.15942028985507245,3.161835748792271,0.11412268188302425,0.10179640718562874,0.2463768115942029,2.457866874945761,0.18544935805991442,0.08383233532934131,0.4057971014492754,2.024125661720038,0.3359486447931526,2.563632500516986,0.04141656662665066,ok,catboost_hpo_trial_192,val,44,[],64,below_strong
193,0.10309097913577103,5,0.14005549853544916,1.6443404827419026,2.640223068319451,1.6351601783422902,230,30,1666.0,0.04141656662665066,0.7333179058560888,0.043970224251030116,0.07200525307429008,0.19763575294436017,0.10714285714285714,0.13043478260869565,2.5869565217391304,0.0988383941308335,0.11976047904191617,0.2898550724637681,2.891608088171483,0.25422865294477276,0.10778443113772455,0.5217391304347826,2.602447279354335,0.4808436926839209,2.4891242208723847,0.04141656662665066,ok,catboost_hpo_trial_193,val,32,[],64,below_strong
194,0.10953395595868838,5,0.15930815370849374,1.468975395505305,2.478459046177145,2.03901212657716,226,29,1666.0,0.04141656662665066,0.7374878622054032,0.046531511873693365,0.0878281920907027,0.2112984566941572,0.11904761904761904,0.14492753623188406,2.8743961352657004,0.09119625025473813,0.1437125748502994,0.34782608695652173,3.46992970580578,0.2994701446912574,0.10479041916167664,0.5072463768115942,2.5301570771500477,0.47850010189525166,2.644689429379346,0.04141656662665066,ok,catboost_hpo_trial_194,val,15,[],64,below_strong
195,0.10335142988703754,5,0.14312614479137203,1.442490746447816,2.435655030142036,2.058493027267305,237,33,1666.0,0.04141656662665066,0.7118056500866661,0.045098014810741764,0.07654802056244299,0.20028530468622777,0.15476190476190477,0.18840579710144928,3.7367149758454112,0.1232932545343387,0.1317365269461078,0.3188405797101449,3.180768896988632,0.25677603423680456,0.10778443113772455,0.5217391304347826,2.602447279354335,0.44487466884043203,2.4954127853884716,0.04141656662665066,ok,catboost_hpo_trial_195,val,49,[],64,below_strong
196,0.07027892306531885,5,0.15368869857201645,1.389541804606589,2.654083257419185,2.1056890565266384,227,29,1666.0,0.04141656662665066,0.6309838192988665,0.04543241790833255,0.06963672575049831,0.19996237043638634,0.09523809523809523,0.11594202898550725,2.2995169082125604,0.08100672508661097,0.08982035928143713,0.21739130434782608,2.1687060661286126,0.17373140411656818,0.07784431137724551,0.37681159420289856,1.8795452573114642,0.32331363358467496,1.6968795047365395,0.04141656662665066,ok,catboost_hpo_trial_196,val,64,[],64,below_strong
197,0.09363281054901434,5,0.16134247915193245,1.64846693641464,2.9592843385716074,1.9362312277564293,220,31,1666.0,0.04141656662665066,0.6786592614775893,0.04686522869691801,0.08773542125958785,0.2125053318232542,0.13095238095238096,0.15942028985507245,3.161835748792271,0.10597106174852251,0.12574850299401197,0.30434782608695654,3.0361884925800573,0.22202975341349093,0.09880239520958084,0.4782608695652174,2.385576672741474,0.40961891175871207,2.26075742571968,0.04141656662665066,ok,catboost_hpo_trial_197,val,15,[],64,below_strong
198,0.13201009466825064,5,0.1266359035232515,1.5263298414456377,2.366904746121648,2.4769258558125204,219,35,1666.0,0.04141656662665066,0.764150172878495,0.04521650941654148,0.0825689359561175,0.20520759304432176,0.15476190476190477,0.18840579710144928,3.7367149758454112,0.13450173221927858,0.1317365269461078,0.3188405797101449,3.180768896988632,0.27613613205624615,0.10778443113772455,0.5217391304347826,2.602447279354335,0.4809455879356022,3.187374169816023,0.04141656662665066,ok,catboost_hpo_trial_198,val,25,[],64,below_strong
199,0.1248003645760219,5,0.16876438652115752,1.4786727532321586,1.9982832988874815,2.5385135883959133,233,37,1666.0,0.04141656662665066,0.7587097184031654,0.04255993506554364,0.06419823419379143,0.1907074111076947,0.13095238095238096,0.15942028985507245,3.161835748792271,0.11758712044018749,0.11976047904191617,0.2898550724637681,2.891608088171483,0.21948237212145913,0.10778443113772455,0.5217391304347826,2.602447279354335,0.41919706541675156,3.0132957591833693,0.04141656662665066,ok,catboost_hpo_trial_199,val,25,[],64,below_strong
200,0.09686715728339908,5,0.15864923923701754,1.5421155641417659,1.9292710416909826,2.4909325978348855,232,36,1666.0,0.04141656662665066,0.7278683763941448,0.04159994263291074,0.04426789887363096,0.17753550838272936,0.09523809523809523,0.11594202898550725,2.2995169082125604,0.07591196250254738,0.11976047904191617,0.2898550724637681,2.891608088171483,0.21795394334624008,0.11676646706586827,0.5652173913043478,2.8193178859671963,0.4921540656205421,2.3388504932484473,0.04141656662665066,ok,catboost_hpo_trial_200,val,57,[],64,below_strong
201,0.08253127739794305,5,0.17902858328896218,1.5362762916556056,2.2672550101442215,2.217133543288456,225,37,1666.0,0.04141656662665066,0.6973673463831641,0.046482042489018625,0.08477495984590422,0.2101068006594144,0.08333333333333333,0.10144927536231885,2.0120772946859904,0.0830446301202364,0.09580838323353294,0.2318840579710145,2.3132864705371867,0.17729773792541267,0.10179640718562874,0.4927536231884058,2.457866874945761,0.4233747707356837,1.9927117122459874,0.04141656662665066,ok,catboost_hpo_trial_201,val,14,[],64,below_strong
202,0.07629414588016098,5,0.1690050210286811,1.42768996095863,2.0934556366268633,2.553739209570007,244,35,1666.0,0.04141656662665066,0.6783370994527783,0.04672043749629989,0.08576120210725974,0.21174332879882765,0.05952380952380952,0.07246376811594203,1.4371980676328502,0.03515386183003872,0.059880239520958084,0.14492753623188406,1.4458040440857416,0.09119625025473813,0.08383233532934131,0.4057971014492754,2.024125661720038,0.3780313837375178,1.8421166237151914,0.04141656662665066,ok,catboost_hpo_trial_202,val,14,[],64,below_strong
203,0.08270207973203163,5,0.13551462296525776,1.854583790448891,2.3845548189746033,2.3069116178263336,218,33,1666.0,0.04141656662665066,0.6700833991269863,0.04376036094446658,0.022744522997971802,0.18044960198653903,0.10714285714285714,0.13043478260869565,2.5869565217391304,0.11259425310780517,0.11377245508982035,0.2753623188405797,2.747027683762909,0.264825759119625,0.09580838323353294,0.463768115942029,2.3132864705371867,0.42938659058487877,1.9968357222255755,0.04141656662665066,ok,catboost_hpo_trial_203,val,367,[],64,below_strong
204,0.0447687250241799,5,0.14746931033083255,1.6983765124236148,2.004659881313874,1.8569268035311324,233,39,1666.0,0.04141656662665066,0.5131133556578004,0.04482009629867468,0.05979549470302596,0.1998074319256251,0.05952380952380952,0.07246376811594203,1.4371980676328502,0.05553291216629305,0.03592814371257485,0.08695652173913043,0.867482426451445,0.06572243733442022,0.023952095808383235,0.11594202898550725,0.5783216176342967,0.09119625025473813,1.0809376215983149,0.04141656662665066,ok,catboost_hpo_trial_204,val,42,[],64,below_strong
205,0.07129920895181596,5,0.1645356718322377,1.4833790933489313,2.485344064856332,2.0699228116885418,224,38,1666.0,0.04141656662665066,0.6445146243409291,0.04916751017420602,0.09148407299081301,0.2164063945098282,0.08333333333333333,0.10144927536231885,2.0120772946859904,0.09374363154676991,0.08982035928143713,0.21739130434782608,2.1687060661286126,0.1767882616670063,0.08083832335329341,0.391304347826087,1.9518354595157512,0.33992255960872225,1.7215142335322522,0.04141656662665066,ok,catboost_hpo_trial_205,val,46,[],64,below_strong
206,0.07395311416830895,5,0.13125163530283565,1.3486600591666311,2.6678212167724737,1.485577173062818,238,35,1666.0,0.04141656662665066,0.6112820233590155,0.04301368229662867,0.043290411555415256,0.18628900012505184,0.07142857142857142,0.08695652173913043,1.7246376811594204,0.06623191359282657,0.0658682634730539,0.15942028985507245,1.590384448494316,0.10637864275524761,0.06287425149700598,0.30434782608695654,1.5180942462900286,0.2556551864683106,1.7855925826725032,0.04141656662665066,ok,catboost_hpo_trial_206,val,121,[],64,below_strong
207,0.06754474783098255,5,0.15016072161287924,1.9933377515694823,2.2820296504156934,2.431183369468622,220,30,1666.0,0.04141656662665066,0.6533218988501993,0.043632203875848256,0.057981791512986235,0.19267846044590098,0.07142857142857142,0.08695652173913043,1.7246376811594204,0.0585897697167312,0.08383233532934131,0.2028985507246377,2.024125661720038,0.15539025881393928,0.0748502994011976,0.36231884057971014,1.8072550551071769,0.30211942123497043,1.6308630418321295,0.04141656662665066,ok,catboost_hpo_trial_207,val,43,[],64,below_strong
208,0.06472818712476268,5,0.11686398220179824,1.5921203863200466,2.6022423602948503,2.2282037964344665,227,32,1666.0,0.04141656662665066,0.6024339114099807,0.046239007080697454,0.06905761831917728,0.20175966217409255,0.07142857142857142,0.08695652173913043,1.7246376811594204,0.06052577949867536,0.09580838323353294,0.2318840579710145,2.3132864705371867,0.15539025881393928,0.059880239520958084,0.2898550724637681,1.4458040440857416,0.19563888322804157,1.5628573876790526,0.04141656662665066,ok,catboost_hpo_trial_208,val,92,[],64,below_strong
209,0.10152299640997195,5,0.11137612426159656,1.800085261214652,2.388086673604778,2.5410559512990343,216,29,1666.0,0.04141656662665066,0.7635194613087946,0.04709423656261228,0.09138914914488691,0.21350566201170923,0.11904761904761904,0.14492753623188406,2.8743961352657004,0.14723863867943754,0.10778443113772455,0.2608695652173913,2.602447279354335,0.25830446301202364,0.10179640718562874,0.4927536231884058,2.457866874945761,0.47564703484817605,2.4512653915799025,0.04141656662665066,ok,catboost_hpo_trial_209,val,37,[],64,below_strong
210,0.09404770841685756,5,0.12693109361445545,1.3825553374662949,2.7329384680461213,1.7163965638869731,231,27,1666.0,0.04141656662665066,0.704677248101059,0.04361879614134033,0.06580075825089735,0.1945634505013992,0.10714285714285714,0.13043478260869565,2.5869565217391304,0.09985734664764621,0.12574850299401197,0.30434782608695654,3.0361884925800573,0.2568779294884858,0.11676646706586827,0.5652173913043478,2.8193178859671963,0.5285306704707561,2.2707751046736915,0.04141656662665066,ok,catboost_hpo_trial_210,val,54,[],64,below_strong
211,0.07718476891564555,5,0.12809415906739713,1.6847955547945694,2.826577530507227,2.1321281816578947,215,31,1666.0,0.04141656662665066,0.6149029430181591,0.043837883294516815,0.046229115209883154,0.1883554062046996,0.10714285714285714,0.13043478260869565,2.5869565217391304,0.09680048909720806,0.11976047904191617,0.2898550724637681,2.891608088171483,0.2027715508457306,0.08383233532934131,0.4057971014492754,2.024125661720038,0.3223965763195435,1.863620652369065,0.04141656662665066,ok,catboost_hpo_trial_211,val,141,[],64,below_strong
212,0.07611461214206887,5,0.12323784958608822,1.4945762159153708,2.534296237179287,1.9707720459069789,223,30,1666.0,0.04141656662665066,0.6979436080331781,0.04237155896775541,0.044645145934469624,0.18051293147354544,0.08333333333333333,0.10144927536231885,2.0120772946859904,0.07336458121051559,0.059880239520958084,0.14492753623188406,1.4458040440857416,0.11412268188302425,0.08083832335329341,0.391304347826087,1.9518354595157512,0.34674954147136744,1.8377817946186485,0.04141656662665066,ok,catboost_hpo_trial_212,val,140,[],64,below_strong
213,0.06421524732272645,5,0.13614548413082306,1.232508788699073,2.6877160085820044,2.362159700643622,244,28,1666.0,0.04141656662665066,0.6324176671839409,0.044601075131161405,0.027701777739052524,0.18488342836111316,0.07142857142857142,0.08695652173913043,1.7246376811594204,0.06928877114326472,0.08982035928143713,0.21739130434782608,2.1687060661286126,0.2211126961483595,0.06287425149700598,0.30434782608695654,1.5180942462900286,0.3076217648257591,1.5504724933284386,0.04141656662665066,ok,catboost_hpo_trial_213,val,262,[],64,below_strong
214,0.11210211133256762,5,0.14220629153993405,2.334959383702518,2.9042104622883955,3.195148567113192,213,34,1666.0,0.04141656662665066,0.7759839554236657,0.04716407313538048,0.0922366956606401,0.2145747300505209,0.10714285714285714,0.13043478260869565,2.5869565217391304,0.10800896678214796,0.1377245508982036,0.3333333333333333,3.325349301397206,0.264825759119625,0.1317365269461078,0.6376811594202898,3.180768896988632,0.5298553087426126,2.7066973547834445,0.04141656662665066,ok,catboost_hpo_trial_214,val,21,[],64,below_strong
215,0.08135412384589524,5,0.14214882342121876,2.38007293512476,2.4992012092065274,3.0935764747479437,220,34,1666.0,0.04141656662665066,0.6768805641011679,0.04368635070632141,0.06621778967376922,0.1960847352579318,0.09523809523809523,0.11594202898550725,2.2995169082125604,0.0891583452211127,0.08982035928143713,0.21739130434782608,2.1687060661286126,0.190544120643978,0.07784431137724551,0.37681159420289856,1.8795452573114642,0.33982066435704095,1.9642894250327751,0.04141656662665066,ok,catboost_hpo_trial_215,val,37,[],64,below_strong
216,0.06574017670310534,5,0.15948879276972255,2.0616246179237376,2.7765435669192584,2.9245729648995855,214,32,1666.0,0.04141656662665066,0.6190683618741663,0.04661037405744424,0.07559849118166531,0.20592455357799228,0.08333333333333333,0.10144927536231885,2.0120772946859904,0.05553291216629305,0.0658682634730539,0.15942028985507245,1.590384448494316,0.08457305889545547,0.06287425149700598,0.30434782608695654,1.5180942462900286,0.22304870593030365,1.587291802715558,0.04141656662665066,ok,catboost_hpo_trial_216,val,46,[],64,below_strong
217,0.08750779209603102,5,0.17509805874034484,2.6527821978011166,2.895806157744148,2.6226653080041533,211,33,1666.0,0.04141656662665066,0.7032025627762198,0.046034614739612005,0.06342019182300823,0.19362310667075533,0.09523809523809523,0.11594202898550725,2.2995169082125604,0.09221520277155085,0.11976047904191617,0.2898550724637681,2.891608088171483,0.24138985123293255,0.10479041916167664,0.5072463768115942,2.5301570771500477,0.5277155084573059,2.112869299014314,0.04141656662665066,ok,catboost_hpo_trial_217,val,75,[],64,below_strong
218,0.09742795928772266,5,0.15032724643446288,2.148850216517587,2.7033520002614426,3.1992491926289226,207,37,1666.0,0.04141656662665066,0.6903160817837793,0.04722451841713087,0.08651022364844811,0.2089788179311464,0.13095238095238096,0.15942028985507245,3.161835748792271,0.11463215814143062,0.12574850299401197,0.30434782608695654,3.0361884925800573,0.23028326879967392,0.08682634730538923,0.42028985507246375,2.0964158639243253,0.3576523334012635,2.352391017005014,0.04141656662665066,ok,catboost_hpo_trial_218,val,61,[],64,below_strong
219,0.06622546251344327,5,0.10770528961540171,1.8970006817916527,1.873797069759452,2.2220527320879455,219,29,1666.0,0.04141656662665066,0.659706151933426,0.04280197311603624,0.05026074326826849,0.18704294664683827,0.05952380952380952,0.07246376811594203,1.4371980676328502,0.06826981862645201,0.0658682634730539,0.15942028985507245,1.590384448494316,0.15488078255553292,0.07784431137724551,0.37681159420289856,1.8795452573114642,0.3585693906663949,1.599008993440529,0.04141656662665066,ok,catboost_hpo_trial_219,val,98,[],64,below_strong
220,0.11621422479005392,5,0.1420299247901564,1.3295647283983871,2.019340153926007,1.828194354635046,227,35,1666.0,0.04141656662665066,0.7661103699872043,0.04407003925090183,0.07586024015204021,0.19617202267801645,0.10714285714285714,0.13043478260869565,2.5869565217391304,0.13501120847768494,0.10778443113772455,0.2608695652173913,2.602447279354335,0.2598328917872427,0.09880239520958084,0.4782608695652174,2.385576672741474,0.43804768697778684,2.805984036235215,0.04141656662665066,ok,catboost_hpo_trial_220,val,48,[],64,below_strong
221,0.09983413043185307,5,0.1395935268123826,1.2844859193330675,2.2114969301537286,1.9380056487220279,227,35,1666.0,0.04141656662665066,0.7354732151770076,0.04216074775780352,0.05275645232511999,0.1819537813829753,0.15476190476190477,0.18840579710144928,3.7367149758454112,0.1265539025881394,0.1317365269461078,0.3188405797101449,3.180768896988632,0.2376197269207255,0.10479041916167664,0.5072463768115942,2.5301570771500477,0.4341756674138985,2.410487844919815,0.04141656662665066,ok,catboost_hpo_trial_221,val,71,[],64,below_strong
222,0.07735717070871112,5,0.13379017210797287,1.3724117873214359,2.5853881559027503,2.100405026505962,235,36,1666.0,0.04141656662665066,0.6699109743813128,0.045611110321064956,0.07658345721286067,0.20386373381841563,0.07142857142857142,0.08695652173913043,1.7246376811594204,0.056042388424699406,0.10179640718562874,0.2463768115942029,2.457866874945761,0.19156307316079071,0.09281437125748503,0.4492753623188406,2.2409962683328994,0.3855716323619319,1.86778328116975,0.04141656662665066,ok,catboost_hpo_trial_222,val,36,[],64,below_strong
223,0.06976424051213626,5,0.1198456725386159,1.5739341959006394,2.0095668831963667,1.7826769638842395,224,32,1666.0,0.04141656662665066,0.666584991787137,0.04387115014557358,0.06145365284168139,0.1938993797881767,0.05952380952380952,0.07246376811594203,1.4371980676328502,0.056042388424699406,0.0718562874251497,0.17391304347826086,1.73496485290289,0.11249235785612391,0.0658682634730539,0.3188405797101449,1.590384448494316,0.22039942938659057,1.6844525317857828,0.04141656662665066,ok,catboost_hpo_trial_223,val,65,[],64,below_strong
224,0.061527795868704764,5,0.1470639894037916,1.5015421535749316,1.75904735672092,2.382575369709109,217,35,1666.0,0.04141656662665066,0.625339177624713,0.042936456218024756,0.05216425660360393,0.19003417991087915,0.023809523809523808,0.028985507246376812,0.5748792270531401,0.014774811493784389,0.0658682634730539,0.15942028985507245,1.590384448494316,0.1355206847360913,0.07784431137724551,0.37681159420289856,1.8795452573114642,0.3137354799266354,1.485584172713944,0.04141656662665066,ok,catboost_hpo_trial_224,val,38,[],64,below_strong
225,0.09422814613822411,5,0.15815815495557098,2.348521006897345,2.091378032936138,1.3865743900986487,213,26,1666.0,0.04141656662665066,0.717940341037997,0.04420793033163115,0.07290710795815078,0.19886748657878114,0.10714285714285714,0.13043478260869565,2.5869565217391304,0.08406358263704912,0.11377245508982035,0.2753623188405797,2.747027683762909,0.17770531893213776,0.11077844311377245,0.5362318840579711,2.6747374815586222,0.3902588139392704,2.27513176038089,0.04141656662665066,ok,catboost_hpo_trial_225,val,28,[],64,below_strong
226,0.06319700803071777,5,0.13201343043258396,1.6700764877840435,2.4528131890396323,2.7405439615283966,162,31,1666.0,0.04141656662665066,0.6375586471009955,0.05018645180117419,0.08571873203488815,0.21439155039049965,0.03571428571428571,0.043478260869565216,0.8623188405797102,0.027511717953943346,0.0658682634730539,0.15942028985507245,1.590384448494316,0.1197269207254942,0.08682634730538923,0.42028985507246375,2.0964158639243253,0.4062563684532301,1.5258871794083453,0.04141656662665066,ok,catboost_hpo_trial_226,val,121,[],64,below_strong
227,0.08562117482596962,5,0.16739716342609245,1.3328292774131405,2.8071258175667104,3.327380597079273,230,34,1666.0,0.04141656662665066,0.6813499950087574,0.04605697799124701,0.0826456887648754,0.20910092600639457,0.13095238095238096,0.15942028985507245,3.161835748792271,0.10240472793967802,0.10778443113772455,0.2608695652173913,2.602447279354335,0.231811697574893,0.08682634730538923,0.42028985507246375,2.0964158639243253,0.3534746280823314,2.0673170617400785,0.04141656662665066,ok,catboost_hpo_trial_227,val,15,[],64,below_strong
228,0.07121535777689603,5,0.14217364574058872,1.2204341012710702,2.615210526188869,2.028630971826847,208,27,1666.0,0.04141656662665066,0.6870490866025973,0.04454148756734523,0.05683799336175153,0.19085621979726083,0.07142857142857142,0.08695652173913043,1.7246376811594204,0.04789076829019768,0.08383233532934131,0.2028985507246377,2.024125661720038,0.15589973507234564,0.0688622754491018,0.3333333333333333,1.662674650698603,0.2568779294884858,1.7194896529899826,0.04141656662665066,ok,catboost_hpo_trial_228,val,70,[],64,below_strong
229,0.06211299563878888,5,0.11689586329904855,2.1481803642104107,2.863950316549888,1.6493200384171163,222,29,1666.0,0.04141656662665066,0.6351946130879456,0.045388188692788135,0.06631695570073652,0.1990682998173319,0.03571428571428571,0.043478260869565216,0.8623188405797102,0.05094762584063583,0.05389221556886228,0.13043478260869565,1.3012236396771675,0.14571020990421846,0.0658682634730539,0.3188405797101449,1.590384448494316,0.33768086407173425,1.4997137787568446,0.04141656662665066,ok,catboost_hpo_trial_229,val,79,[],64,below_strong
230,0.08866088471844565,5,0.1252001331641892,1.4388965814885064,3.024132589903415,2.460611559520852,175,38,1666.0,0.04141656662665066,0.7169239425371847,0.044561505970138526,0.04609962990160003,0.18184972112545847,0.08333333333333333,0.10144927536231885,2.0120772946859904,0.07947829631139189,0.0658682634730539,0.15942028985507245,1.590384448494316,0.1430609333605054,0.10479041916167664,0.5072463768115942,2.5301570771500477,0.4539433462400652,2.1407106368250792,0.04141656662665066,ok,catboost_hpo_trial_230,val,175,[],64,below_strong
231,0.08584475597085375,5,0.1273322144947458,3.337480865490893,2.9664236564393125,3.545552754279269,205,23,1666.0,0.04141656662665066,0.7104716270543501,0.04372421111347965,0.05736989851135727,0.18816915758730698,0.07142857142857142,0.08695652173913043,1.7246376811594204,0.06877929488485837,0.10179640718562874,0.2463768115942029,2.457866874945761,0.23680456490727533,0.10778443113772455,0.5217391304347826,2.602447279354335,0.4792133686570206,2.0727154122817733,0.04141656662665066,ok,catboost_hpo_trial_231,val,113,[],64,below_strong
232,0.07540522419595122,5,0.12170984273771437,2.9615422260774364,2.9271540527797866,2.2562725366079404,210,25,1666.0,0.04141656662665066,0.6619612861071029,0.045659796869791665,0.07807065590923959,0.2059777710664469,0.08333333333333333,0.10144927536231885,2.0120772946859904,0.08406358263704912,0.08383233532934131,0.2028985507246377,2.024125661720038,0.16659873649887916,0.08083832335329341,0.391304347826087,1.9518354595157512,0.32912166293050743,1.8206536740645616,0.04141656662665066,ok,catboost_hpo_trial_232,val,35,[],64,below_strong
233,0.06700959635545832,5,0.13162339834501163,2.59974854656673,2.719976360319185,3.70473037049814,202,33,1666.0,0.04141656662665066,0.6554136832648172,0.04313972842653455,0.05127045679630448,0.18748509430209664,0.047619047619047616,0.057971014492753624,1.1497584541062802,0.04381495822294681,0.0718562874251497,0.17391304347826086,1.73496485290289,0.14173629508864888,0.0688622754491018,0.3333333333333333,1.662674650698603,0.26085184430405545,1.6179418482346895,0.04141656662665066,ok,catboost_hpo_trial_233,val,82,[],64,below_strong
234,0.12918800448839085,5,0.11379078175046173,1.648740692351589,2.585326542408133,3.3870253273721147,214,30,1666.0,0.04141656662665066,0.7485638833682721,0.04210176005898975,0.061447522077984276,0.1884770668518339,0.11904761904761904,0.14492753623188406,2.8743961352657004,0.13460362747095986,0.15568862275449102,0.37681159420289856,3.7590905146229283,0.3475647034848176,0.10778443113772455,0.5217391304347826,2.602447279354335,0.5009170572651315,3.119235006922597,0.04141656662665066,ok,catboost_hpo_trial_234,val,41,[],64,strong
235,0.08294081936669884,5,0.19975964606349533,1.6086003710023487,2.584357329645635,3.0110219593067566,215,31,1666.0,0.04141656662665066,0.7139065094878986,0.04521448680685197,0.07640331080189586,0.2014796768821093,0.09523809523809523,0.11594202898550725,2.2995169082125604,0.12482168330955777,0.07784431137724551,0.18840579710144928,1.8795452573114642,0.19920521703688607,0.09281437125748503,0.4492753623188406,2.2409962683328994,0.44120643977990626,2.0026000734046416,0.04141656662665066,ok,catboost_hpo_trial_235,val,22,[],64,below_strong
236,0.0593635555912681,5,0.10797317789337232,1.7441941818145215,4.080521277983793,3.40765892755626,227,30,1666.0,0.04141656662665066,0.592877950505023,0.0520128602174699,0.10602688708689154,0.23079668385797206,0.07142857142857142,0.08695652173913043,1.7246376811594204,0.07387405746892195,0.04790419161676647,0.11594202898550725,1.1566432352685934,0.08661096392908091,0.05688622754491018,0.2753623188405797,1.3735138418814545,0.23232117383329937,1.4333287480442416,0.04141656662665066,ok,catboost_hpo_trial_236,val,81,[],64,below_strong
237,0.0819384467537547,5,0.10210263362309001,1.8649141567906546,2.3344800336175493,3.2076165689894895,219,28,1666.0,0.04141656662665066,0.6879248228108864,0.043119893773922315,0.06112876278620174,0.1917014827098307,0.09523809523809523,0.11594202898550725,2.2995169082125604,0.07193804768697779,0.08982035928143713,0.21739130434782608,2.1687060661286126,0.14785001018952518,0.09580838323353294,0.463768115942029,2.3132864705371867,0.42072549419197064,1.978397859300802,0.04141656662665066,ok,catboost_hpo_trial_237,val,56,[],64,below_strong
238,0.10266576678853068,5,0.11346408000904705,1.4663485853158704,2.483681221052454,1.7833174912626881,213,30,1666.0,0.04141656662665066,0.7412358316771483,0.041452896878919114,0.05320584155141515,0.1823302961402222,0.13095238095238096,0.15942028985507245,3.161835748792271,0.12166293050743836,0.11976047904191617,0.2898550724637681,2.891608088171483,0.2509680048909721,0.10179640718562874,0.4927536231884058,2.457866874945761,0.44558793560220095,2.4788574995607555,0.04141656662665066,ok,catboost_hpo_trial_238,val,72,[],64,below_strong
239,0.0535411309126123,5,0.15212217017122756,1.590063498111219,2.6455877358921622,2.13054958798268,223,32,1666.0,0.04141656662665066,0.6005962266205658,0.04533246294004973,0.03842380661500475,0.1901568286417485,0.05952380952380952,0.07246376811594203,1.4371980676328502,0.06623191359282657,0.04790419161676647,0.11594202898550725,1.1566432352685934,0.10240472793967802,0.05089820359281437,0.2463768115942029,1.2289334374728804,0.21143264723863867,1.2927467260929288,0.04141656662665066,ok,catboost_hpo_trial_239,val,160,[],64,below_strong
240,0.10163129324015725,5,0.18165541870197913,1.1724226162032378,2.7503593881573587,1.8960144635172218,208,27,1666.0,0.04141656662665066,0.7317070957320339,0.04538041179754732,0.08060832718890816,0.20415581244036296,0.09523809523809523,0.11594202898550725,2.2995169082125604,0.06429590381088242,0.1377245508982036,0.3333333333333333,3.325349301397206,0.2602404727939678,0.12275449101796407,0.5942028985507246,2.9638982903757705,0.553291216629305,2.4538802106971302,0.04141656662665066,ok,catboost_hpo_trial_240,val,25,[],64,below_strong
241,0.05605188530994564,5,0.1385096143717482,1.3559774388596735,2.836065244980891,3.515672731035074,207,29,1666.0,0.04141656662665066,0.5567912662328823,0.04390165848813756,0.052757762706312814,0.1934360178678627,0.08333333333333333,0.10144927536231885,2.0120772946859904,0.07845934379457917,0.08383233532934131,0.2028985507246377,2.024125661720038,0.15926227837782758,0.05688622754491018,0.2753623188405797,1.3735138418814545,0.23058895455471776,1.3533687090778181,0.04141656662665066,ok,catboost_hpo_trial_241,val,70,[],64,below_strong
242,0.11039882436734715,5,0.11870322692867015,2.456046355205423,3.1455781706589234,3.7653682646547124,217,24,1666.0,0.04141656662665066,0.7588050057626164,0.04264110595056418,0.05455045545881051,0.1799471474921662,0.15476190476190477,0.18840579710144928,3.7367149758454112,0.1833095577746077,0.12574850299401197,0.30434782608695654,3.0361884925800573,0.2745058080293458,0.11676646706586827,0.5652173913043478,2.8193178859671963,0.5379050336254331,2.665571614434788,0.04141656662665066,ok,catboost_hpo_trial_242,val,140,[],64,strong
243,0.08758672974899623,5,0.11610414823483023,2.2975578663899916,2.546430347006727,3.7783198638439046,216,26,1666.0,0.04141656662665066,0.680442496347318,0.04272877842188467,0.05540109849475558,0.18703665958330037,0.10714285714285714,0.13043478260869565,2.5869565217391304,0.0988383941308335,0.08383233532934131,0.2028985507246377,2.024125661720038,0.15549215406562053,0.08682634730538923,0.42028985507246375,2.0964158639243253,0.39168534746280825,2.1147752429250395,0.04141656662665066,ok,catboost_hpo_trial_243,val,105,[],64,below_strong
244,0.08164546031876278,5,0.12366421419797688,2.5043780723432634,2.401033397455017,3.2876178005694237,222,28,1666.0,0.04141656662665066,0.6902888568239363,0.04502109174516102,0.04903578114231614,0.18558067483564705,0.08333333333333333,0.10144927536231885,2.0120772946859904,0.07387405746892195,0.08982035928143713,0.21739130434782608,2.1687060661286126,0.21591603831261463,0.07784431137724551,0.37681159420289856,1.8795452573114642,0.34695333197473,1.9713237230588232,0.04141656662665066,ok,catboost_hpo_trial_244,val,230,[],64,below_strong
245,0.12007925607135396,5,0.10941046011145344,2.0309749496100515,1.978847982407472,4.531864045385921,212,24,1666.0,0.04141656662665066,0.7388944851306344,0.04273657321729061,0.06456752007068242,0.19221318493321674,0.14285714285714285,0.17391304347826086,3.449275362318841,0.13501120847768494,0.16766467065868262,0.4057971014492754,4.048251323440076,0.3302425106990014,0.12574850299401197,0.6086956521739131,3.0361884925800573,0.5279192989606685,2.899304936447474,0.04141656662665066,ok,catboost_hpo_trial_245,val,37,[],64,below_strong
246,0.08394249980774672,5,0.1082703861908198,2.0277524000611127,1.9229125636704816,4.598217963609987,212,24,1666.0,0.04141656662665066,0.702794188378572,0.04409176124940186,0.06704682948029096,0.19492783087611668,0.09523809523809523,0.11594202898550725,2.2995169082125604,0.06572243733442022,0.11976047904191617,0.2898550724637681,2.891608088171483,0.21092317098023233,0.08982035928143713,0.43478260869565216,2.1687060661286126,0.35367841858569393,2.0267855750682036,0.04141656662665066,ok,catboost_hpo_trial_246,val,68,[],64,below_strong
247,0.08646351596557574,5,0.1031093890327951,2.188770709978306,1.9852465964830472,4.385753972267435,217,22,1666.0,0.04141656662665066,0.6717849591171853,0.04575346992533688,0.06849656367909278,0.19676767846350937,0.11904761904761904,0.14492753623188406,2.8743961352657004,0.14418178112899938,0.10778443113772455,0.2608695652173913,2.602447279354335,0.2465865090686774,0.08682634730538923,0.42028985507246375,2.0964158639243253,0.38088445078459343,2.087655327516655,0.04141656662665066,ok,catboost_hpo_trial_247,val,174,[],64,below_strong
248,0.049871966587621386,5,0.11254531866791812,1.8319497952206452,2.1207688394545414,4.085056479697008,211,34,1666.0,0.04141656662665066,0.5516230613559845,0.04482265847932461,0.04478995844505007,0.19363477967389642,0.05952380952380952,0.07246376811594203,1.4371980676328502,0.05400448339107398,0.0658682634730539,0.15942028985507245,1.590384448494316,0.12421031179947015,0.04790419161676647,0.2318840579710145,1.1566432352685934,0.216425514571021,1.2041550193474961,0.04141656662665066,ok,catboost_hpo_trial_248,val,160,[],64,below_strong
249,0.07713392629648272,5,0.11932369300577451,2.4893113943957963,3.1127659802394363,3.9517622638156578,205,25,1666.0,0.04141656662665066,0.675523853602316,0.04502319601138294,0.05303601591983048,0.18826733058412198,0.07142857142857142,0.08695652173913043,1.7246376811594204,0.0769309150193601,0.10179640718562874,0.2463768115942029,2.457866874945761,0.21448950478907683,0.08982035928143713,0.43478260869565216,2.1687060661286126,0.40707153046668026,1.8623930610136263,0.04141656662665066,ok,catboost_hpo_trial_249,val,186,[],64,below_strong
