project_key,study_cycle,study_group,study_phase,upgrade_cost_usd,upgrade_cost_per_mw,capacity_mw,capacity_reduction_pct,restudy_flag,report_date,effective_date,available_date,entity_key,geographic_key,source_name,source_url,retrieved_at,match_method,match_confidence
P::J1000,DPP-2018-APR,East (ATC),GIA,,,50.0,0.0,,2026-03-01,2026-03-01,2026-03-01,P::J1000,NELSON DEWEY LANCASTER 138KV LINE,Queue-derived study fields,,2026-09-05T04:35:51Z,snapshot_fields,1.0
P::J1001,DPP-2018-APR,West,GIA,,,40.0,0.0,,2026-03-01,2026-03-01,2026-03-01,P::J1001,BUFFALO RIDGE 115KV SUBSTATION,Queue-derived study fields,,2026-09-05T04:35:51Z,snapshot_fields,1.0
P::J1002,DPP-2018-APR,East (ATC),GIA,,,99.0,0.0,,2026-03-01,2026-03-01,2026-03-01,P::J1002,WAUTOMA 138KV SWITCHYARD,Queue-derived study fields,,2026-09-05T04:35:51Z,snapshot_fields,1.0
P::J1003,DPP-2018-APR,East (ATC),GIA,,,50.0,0.0,,2026-03-01,2026-03-01,2026-03-01,P::J1003,NORTH BEAVER DAM 69KV SUBSTATION,Queue-derived study fields,,2026-09-05T04:35:51Z,snapshot_fields,1.0
P::J1004,DPP-2018-APR,East (ITC),GIA,,,800.0,0.0,,2026-03-01,2026-03-01,2026-03-01,P::J1004,KENOWA NELSON ROAD 345KV LINE TAP,Queue-derived study fields,,2026-09-05T04:35:51Z,snapshot_fields,1.0
P::J1005,DPP-2018-APR,East (ITC),GIA,,,200.0,0.0,,2026-03-01,2026-03-01,2026-03-01,P::J1005,MURPHY 345KV SUBSTATION,Queue-derived study fields,,2026-09-05T04:35:51Z,snapshot_fields,1.0
P::J1006,DPP-2018-APR,West,GIA,,,100.0,0.0,,2026-03-01,2026-03-01,2026-03-01,P::J1006,BROOKINGS YANKEE 115KV LINE TAP,Queue-derived study fields,,2026-09-05T04:35:51Z,snapshot_fields,1.0
P::J1007,DPP-2018-APR,South,GIA,,,200.0,0.0,,2026-03-01,2026-03-01,2026-03-01,P::J1007,MARION MARKED TREE 161KV LINE TAP,Queue-derived study fields,,2026-09-05T04:35:51Z,snapshot_fields,1.0
P::J1008,DPP-2018-APR,West,GIA,,,50.0,0.0,,2026-03-01,2026-03-01,2026-03-01,P::J1008,BLUE EARTH IPL BLUE EARTH 69KV LINE TAP,Queue-derived study fields,,2026-09-05T04:35:51Z,snapshot_fields,1.0
P::J1009,DPP-2018-APR,East (ATC),GIA,,,400.0,0.0,,2026-03-01,2026-03-01,2026-03-01,P::J1009,PLEASANT PRAIRIE RACINE 345KV LINE TAP,Queue-derived study fields,,2026-09-05T04:35:51Z,snapshot_fields,1.0
P::J1010,DPP-2018-APR,East (ATC),GIA,,,400.0,0.0,,2026-03-01,2026-03-01,2026-03-01,P::J1010,ARCADIAN ZION 345KV LINE TAP,Queue-derived study fields,,2026-09-05T04:35:51Z,snapshot_fields,1.0
P::J1011,DPP-2018-APR,East (ATC),GIA,,,400.0,0.0,,2026-03-01,2026-03-01,2026-03-01,P::J1011,ARCADIAN ZION 345KV LINE TAP,Queue-derived study fields,,2026-09-05T04:35:51Z,snapshot_fields,1.0
P::J1012,DPP-2018-APR,Central,GIA,,,100.0,0.0,,2026-03-01,2026-03-01,2026-03-01,P::J1012,JACKSONVILLE IND PARK WINCHESTER 138KV LINE TAP,Queue-derived study fields,,2026-09-05T04:35:51Z,snapshot_fields,1.0
P::J1013,DPP-2018-APR,East (ITC),GIA,,,80.0,0.0,,2026-03-01,2026-03-01,2026-03-01,P::J1013,BATAVIA 138KV SUBSTATION,Queue-derived study fields,,2026-09-05T04:35:51Z,snapshot_fields,1.0
P::J1014,DPP-2018-APR,East (ITC),GIA,,,80.0,0.0,,2026-03-01,2026-03-01,2026-03-01,P::J1014,TOMPKINS BLACKSTONE 138KV LINE,Queue-derived study fields,,2026-09-05T04:35:51Z,snapshot_fields,1.0
P::J1015,DPP-2018-APR,East (ITC),GIA,,,80.0,0.0,,2026-03-01,2026-03-01,2026-03-01,P::J1015,GAYLORD 138KV SUBSTATION,Queue-derived study fields,,2026-09-05T04:35:51Z,snapshot_fields,1.0
P::J1016,DPP-2018-APR,Central,GIA,,,50.0,0.0,,2026-03-01,2026-03-01,2026-03-01,P::J1016,FRANCISCO TOYOTA Z75 138KV LINE TAP,Queue-derived study fields,,2026-09-05T04:35:51Z,snapshot_fields,1.0
P::J1017,DPP-2018-APR,Central,GIA,,,125.0,0.0,,2026-03-01,2026-03-01,2026-03-01,P::J1017,SPRINGBORO 138KV SUBSTATION,Queue-derived study fields,,2026-09-05T04:35:51Z,snapshot_fields,1.0
P::J1018,DPP-2018-APR,Central,GIA,,,150.0,0.0,,2026-03-01,2026-03-01,2026-03-01,P::J1018,PERU SOUTH EAST GREENTOWN 230KV LINE TAP,Queue-derived study fields,,2026-09-05T04:35:51Z,snapshot_fields,1.0
P::J1019,DPP-2018-APR,Central,GIA,,,150.0,0.0,,2026-03-01,2026-03-01,2026-03-01,P::J1019,OVERTON MCCREDIE 345KV LINE TAP,Queue-derived study fields,,2026-09-05T04:35:51Z,snapshot_fields,1.0
P::J1020,DPP-2018-APR,South,GIA,,,250.0,0.0,,2026-03-01,2026-03-01,2026-03-01,P::J1020,MISSIONARY 230KV SUBSTATION,Queue-derived study fields,,2026-09-05T04:35:51Z,snapshot_fields,1.0
P::J1021,DPP-2018-APR,Central,GIA,,,200.0,0.0,,2026-03-01,2026-03-01,2026-03-01,P::J1021,GOOSE CREEK 345KV SWITCHYARD,Queue-derived study fields,,2026-09-05T04:35:51Z,snapshot_fields,1.0
P::J1022,DPP-2018-APR,Central,GIA,,,150.0,0.0,,2026-03-01,2026-03-01,2026-03-01,P::J1022,WEEDMAN SUBSTATION 138KV BUS,Queue-derived study fields,,2026-09-05T04:35:51Z,snapshot_fields,1.0
P::J1023,DPP-2018-APR,South,GIA,,,82.0,0.0,,2026-03-01,2026-03-01,2026-03-01,P::J1023,OSCEOLA WILSON 161KV LINE TAP,Queue-derived study fields,,2026-09-05T04:35:51Z,snapshot_fields,1.0
P::J1024,DPP-2018-APR,West,GIA,,,200.0,0.0,,2026-03-01,2026-03-01,2026-03-01,P::J1024,MARYVILLE CLARINDA 161KV LINE TAP,Queue-derived study fields,,2026-09-05T04:35:51Z,snapshot_fields,1.0
P::J1025,DPP-2018-APR,Central,GIA,,,300.0,0.0,,2026-03-01,2026-03-01,2026-03-01,P::J1025,ZACHARY MAYWOOD 345KV LINE TAP,Queue-derived study fields,,2026-09-05T04:35:51Z,snapshot_fields,1.0
P::J1026,DPP-2018-APR,Central,GIA,,,400.0,0.0,,2026-03-01,2026-03-01,2026-03-01,P::J1026,SPENCER CREEK 345KV SUBSTATION,Queue-derived study fields,,2026-09-05T04:35:51Z,snapshot_fields,1.0
P::J1027,DPP-2018-APR,Central,GIA,,,150.0,0.0,,2026-03-01,2026-03-01,2026-03-01,P::J1027,RATTS 161KV SUBSTATION,Queue-derived study fields,,2026-09-05T04:35:51Z,snapshot_fields,1.0
P::J1028,DPP-2018-APR,Central,GIA,,,150.0,0.0,,2026-03-01,2026-03-01,2026-03-01,P::J1028,RATTS VICTORY 161KV LINE TAP,Queue-derived study fields,,2026-09-05T04:35:51Z,snapshot_fields,1.0
P::J1029,DPP-2018-APR,South,GIA,,,200.0,0.0,,2026-03-01,2026-03-01,2026-03-01,P::J1029,FANCY POINT 230KV SUBSTATION,Queue-derived study fields,,2026-09-05T04:35:51Z,snapshot_fields,1.0
P::J1030,DPP-2018-APR,South,GIA,,,150.0,0.0,,2026-03-01,2026-03-01,2026-03-01,P::J1030,POCO MENARD 138KV LINE TAO,Queue-derived study fields,,2026-09-05T04:35:51Z,snapshot_fields,1.0
P::J1031,DPP-2018-APR,Central,GIA,,,150.0,0.0,,2026-03-01,2026-03-01,2026-03-01,P::J1031,FALL CREEK NEW CASTLE 138KV LINE TAP,Queue-derived study fields,,2026-09-05T04:35:51Z,snapshot_fields,1.0
P::J1032,DPP-2018-APR,West,GIA,,,50.0,0.0,,2026-03-01,2026-03-01,2026-03-01,P::J1032,BRIGGS RD N ROCHESTER 345KV LINE TAP,Queue-derived study fields,,2026-09-05T04:35:51Z,snapshot_fields,1.0
P::J1033,DPP-2018-APR,Central,GIA,,,50.0,0.0,,2026-03-01,2026-03-01,2026-03-01,P::J1033,STODDARD MORELY 161KV LINE TAP,Queue-derived study fields,,2026-09-05T04:35:51Z,snapshot_fields,1.0
P::J1034,DPP-2018-APR,Central,GIA,,,225.0,0.0,,2026-03-01,2026-03-01,2026-03-01,P::J1034,STODDARD MORLEY 161KV LINE TAP,Queue-derived study fields,,2026-09-05T04:35:51Z,snapshot_fields,1.0
P::J1035,DPP-2018-APR,Central,GIA,,,75.0,0.0,,2026-03-01,2026-03-01,2026-03-01,P::J1035,FAYETTEVILLE MARIGOLD 138KV LINE TAP,Queue-derived study fields,,2026-09-05T04:35:51Z,snapshot_fields,1.0
P::J1036,DPP-2018-APR,West,GIA,,,130.0,0.0,,2026-03-01,2026-03-01,2026-03-01,P::J1036,LAKEFIELD GENERATION SW 345KV SUBSTATION,Queue-derived study fields,,2026-09-05T04:35:51Z,snapshot_fields,1.0
P::J1037,DPP-2018-APR,West,GIA,,,15.0,0.0,,2026-03-01,2026-03-01,2026-03-01,P::J1037,MOON LAKE 69KV SUBSTATION,Queue-derived study fields,,2026-09-05T04:35:51Z,snapshot_fields,1.0
P::J1038,DPP-2018-APR,West,GIA,,,32.5,0.0,,2026-03-01,2026-03-01,2026-03-01,P::J1038,GRANT CO E FERGUS FALLS HOOT LAKE 115KV LINE TAP,Queue-derived study fields,,2026-09-05T04:35:51Z,snapshot_fields,1.0
P::J1039,DPP-2018-APR,Central,GIA,,,50.0,0.0,,2026-03-01,2026-03-01,2026-03-01,P::J1039,ENON MONTOGOMERY 345KV LINE TAP,Queue-derived study fields,,2026-09-05T04:35:51Z,snapshot_fields,1.0
P::J1040,DPP-2018-APR,West,GIA,,,250.0,0.0,,2026-03-01,2026-03-01,2026-03-01,P::J1040,WISHEK JUNCTION 230KV SUBSTATION,Queue-derived study fields,,2026-09-05T04:35:51Z,snapshot_fields,1.0
P::J1041,DPP-2018-APR,West,GIA,,,20.0,0.0,,2026-03-01,2026-03-01,2026-03-01,P::J1041,BREWSTER HERON LAKE 161KV LINE,Queue-derived study fields,,2026-09-05T04:35:51Z,snapshot_fields,1.0
P::J1042,DPP-2018-APR,East (ATC),GIA,,,200.0,0.0,,2026-03-01,2026-03-01,2026-03-01,P::J1042,NORTH LAKE GENEVA 138KV SUBSTATION,Queue-derived study fields,,2026-09-05T04:35:51Z,snapshot_fields,1.0
P::J1043,DPP-2018-APR,East (ITC),GIA,,,374.4,0.0,,2026-03-01,2026-03-01,2026-03-01,P::J1043,VERGENNES NELSON RD 345KV LINE TAP,Queue-derived study fields,,2026-09-05T04:35:51Z,snapshot_fields,1.0
P::J1044,DPP-2018-APR,East (ATC),GIA,,,200.0,0.0,,2026-03-01,2026-03-01,2026-03-01,P::J1044,NORTH LAKE GENEVA SUGAR CREEK BURLINGTON 138KV LINE TAP,Queue-derived study fields,,2026-09-05T04:35:51Z,snapshot_fields,1.0
P::J1045,DPP-2018-APR,West,GIA,,,20.0,0.0,,2026-03-01,2026-03-01,2026-03-01,P::J1045,FENTON CHANARAMBIE 115KV LINE TAP,Queue-derived study fields,,2026-09-05T04:35:51Z,snapshot_fields,1.0
P::J1046,DPP-2018-APR,East (ITC),GIA,,,50.0,0.0,,2026-03-01,2026-03-01,2026-03-01,P::J1046,MAJESTIC LEMOYNE 345KV LINE TAP,Queue-derived study fields,,2026-09-05T04:35:51Z,snapshot_fields,1.0
P::J1047,DPP-2018-APR,East (ATC),GIA,,,200.0,0.0,,2026-03-01,2026-03-01,2026-03-01,P::J1047,NORTH LAKE GENEVA SUGAR CREEK BURLINGTON 138KV LINE TAP,Queue-derived study fields,,2026-09-05T04:35:51Z,snapshot_fields,1.0
P::J1048,DPP-2018-APR,East (ITC),GIA,,,250.0,0.0,,2026-03-01,2026-03-01,2026-03-01,P::J1048,VERGENNES NELSON ROAD 345KV LINE TAP,Queue-derived study fields,,2026-09-05T04:35:51Z,snapshot_fields,1.0
P::J1049,DPP-2018-APR,South,GIA,,,250.0,0.0,,2026-03-01,2026-03-01,2026-03-01,P::J1049,PURVIS 161KV SUBSTATION,Queue-derived study fields,,2026-09-05T04:35:51Z,snapshot_fields,1.0
P::J1050,DPP-2018-APR,West,GIA,,,225.0,0.0,,2026-03-01,2026-03-01,2026-03-01,P::J1050,DOUD TAP 161KV SUBSTATION,Queue-derived study fields,,2026-09-05T04:35:51Z,snapshot_fields,1.0
P::J1051,DPP-2018-APR,East (ATC),GIA,,,50.0,0.0,,2026-03-01,2026-03-01,2026-03-01,P::J1051,CONCORD 138KV SUBSTATION,Queue-derived study fields,,2026-09-05T04:35:51Z,snapshot_fields,1.0
P::J1052,DPP-2018-APR,East (ITC),GIA,,,100.0,0.0,,2026-03-01,2026-03-01,2026-03-01,P::J1052,BEECHER SEAMLESS EAST 138KV LINE TAP,Queue-derived study fields,,2026-09-05T04:35:51Z,snapshot_fields,1.0
P::J1053,DPP-2018-APR,East (ATC),GIA,,,300.0,0.0,,2026-03-01,2026-03-01,2026-03-01,P::J1053,CONCORD SW YD 138KV SUBSTATION,Queue-derived study fields,,2026-09-05T04:35:51Z,snapshot_fields,1.0
P::J1054,DPP-2018-APR,West,GIA,,,30.0,0.0,,2026-03-01,2026-03-01,2026-03-01,P::J1054,CANNON FALLS 115KV SUBSTATION,Queue-derived study fields,,2026-09-05T04:35:51Z,snapshot_fields,1.0
P::J1055,DPP-2018-APR,Central,GIA,,,144.0,0.0,,2026-03-01,2026-03-01,2026-03-01,P::J1055,MASON SUBSTATION 138KV BUS,Queue-derived study fields,,2026-09-05T04:35:51Z,snapshot_fields,1.0
P::J1056,DPP-2018-APR,East (ITC),GIA,,,200.0,0.0,,2026-03-01,2026-03-01,2026-03-01,P::J1056,LULU MONROE 345KV LINE TAP,Queue-derived study fields,,2026-09-05T04:35:51Z,snapshot_fields,1.0
P::J1057,DPP-2018-APR,West,GIA,,,125.0,0.0,,2026-03-01,2026-03-01,2026-03-01,P::J1057,BREWSTER HERON LAKE 161KV LINE,Queue-derived study fields,,2026-09-05T04:35:51Z,snapshot_fields,1.0
P::J1058,DPP-2018-APR,Central,GIA,,,300.0,0.0,,2026-03-01,2026-03-01,2026-03-01,P::J1058,SCHAHFER ST JOHN 345KV LINE TAP,Queue-derived study fields,,2026-09-05T04:35:51Z,snapshot_fields,1.0
P::J1059,DPP-2018-APR,Central,GIA,,,300.0,0.0,,2026-03-01,2026-03-01,2026-03-01,P::J1059,KELSO LUTESVILLE 345KV LINE TAP,Queue-derived study fields,,2026-09-05T04:35:51Z,snapshot_fields,1.0
P::J1060,DPP-2018-APR,South,GIA,,,500.0,0.0,,2026-03-01,2026-03-01,2026-03-01,P::J1060,WEST MEMPHIS KEO 500KV LINE TAP,Queue-derived study fields,,2026-09-05T04:35:51Z,snapshot_fields,1.0
P::J1061,DPP-2018-APR,West,GIA,,,300.0,0.0,,2026-03-01,2026-03-01,2026-03-01,P::J1061,BRIGGS RD N ROCHESTER 345KV LINE TAP,Queue-derived study fields,,2026-09-05T04:35:51Z,snapshot_fields,1.0
P::J1062,DPP-2018-APR,East (ITC),GIA,,,200.0,0.0,,2026-03-01,2026-03-01,2026-03-01,P::J1062,MAJESTIC LEMOYNE 345KV LINE TAP,Queue-derived study fields,,2026-09-05T04:35:51Z,snapshot_fields,1.0
P::J1063,DPP-2018-APR,Central,GIA,,,195.0,0.0,,2026-03-01,2026-03-01,2026-03-01,P::J1063,NEW LONDON FRANKFORT 230KV LINE TAP,Queue-derived study fields,,2026-09-05T04:35:51Z,snapshot_fields,1.0
P::J1064,DPP-2018-APR,East (ITC),GIA,,,200.0,0.0,,2026-03-01,2026-03-01,2026-03-01,P::J1064,MARQUETTE VERGENNES 138KV LINE TAP,Queue-derived study fields,,2026-09-05T04:35:51Z,snapshot_fields,1.0
P::J1065,DPP-2018-APR,East (ITC),GIA,,,200.0,0.0,,2026-03-01,2026-03-01,2026-03-01,P::J1065,ALMA VESTABURG 138KV LINE TAP,Queue-derived study fields,,2026-09-05T04:35:51Z,snapshot_fields,1.0
P::J1066,DPP-2018-APR,Central,GIA,,,44.0,0.0,,2026-03-01,2026-03-01,2026-03-01,P::J1066,EL DARA JUNCTION PITTSFIELD 69KV LINE TAP,Queue-derived study fields,,2026-09-05T04:35:51Z,snapshot_fields,1.0
P::J1067,DPP-2018-APR,Central,GIA,,,240.0,0.0,,2026-03-01,2026-03-01,2026-03-01,P::J1067,REYNOLDS BURR OAK 345KV LINE,Queue-derived study fields,,2026-09-05T04:35:51Z,snapshot_fields,1.0
P::J1068,DPP-2018-APR,East (ITC),GIA,,,200.0,0.0,,2026-03-01,2026-03-01,2026-03-01,P::J1068,DORSET 120KV SUBSTATION,Queue-derived study fields,,2026-09-05T04:35:51Z,snapshot_fields,1.0
P::J1069,DPP-2018-APR,Central,GIA,,,200.0,0.0,,2026-03-01,2026-03-01,2026-03-01,P::J1069,REYNOLDS 345KV SUBSTATION,Queue-derived study fields,,2026-09-05T04:35:51Z,snapshot_fields,1.0
P::J1070,DPP-2018-APR,South,GIA,,,100.0,0.0,,2026-03-01,2026-03-01,2026-03-01,P::J1070,SE GREENVILLE 115KV SUBSTATION,Queue-derived study fields,,2026-09-05T04:35:51Z,snapshot_fields,1.0
P::J1071,DPP-2018-APR,East (ITC),GIA,,,100.0,0.0,,2026-03-01,2026-03-01,2026-03-01,P::J1071,DONALDSON 138KV SUBSTATION,Queue-derived study fields,,2026-09-05T04:35:51Z,snapshot_fields,1.0
P::J1072,DPP-2018-APR,West,GIA,,,150.0,0.0,,2026-03-01,2026-03-01,2026-03-01,P::J1072,ADAMS 345KV SUBSTATION,Queue-derived study fields,,2026-09-05T04:35:51Z,snapshot_fields,1.0
P::J1073,DPP-2018-APR,South,GIA,,,300.0,0.0,,2026-03-01,2026-03-01,2026-03-01,P::J1073,WEBRE 500KV SUBSTATION,Queue-derived study fields,,2026-09-05T04:35:51Z,snapshot_fields,1.0
P::J1074,DPP-2018-APR,Central,GIA,,,200.0,0.0,,2026-03-01,2026-03-01,2026-03-01,P::J1074,FRANCISCO 138KV SUB,Queue-derived study fields,,2026-09-05T04:35:51Z,snapshot_fields,1.0
P::J1075,DPP-2018-APR,East (ITC),GIA,,,350.0,0.0,,2026-03-01,2026-03-01,2026-03-01,P::J1075,ARGENTA WEEDS LAKE HIPLE 345KV LINE TAP,Queue-derived study fields,,2026-09-05T04:35:51Z,snapshot_fields,1.0
P::J1076,DPP-2018-APR,South,GIA,,,200.0,0.0,,2026-03-01,2026-03-01,2026-03-01,P::J1076,VACHERIE SUB 230KV SUBSTATION,Queue-derived study fields,,2026-09-05T04:35:51Z,snapshot_fields,1.0
P::J1077,DPP-2018-APR,East (ITC),GIA,,,250.0,0.0,,2026-03-01,2026-03-01,2026-03-01,P::J1077,ARGENTA WEEDS LAKE HIPLE 345KV LINE TAP,Queue-derived study fields,,2026-09-05T04:35:51Z,snapshot_fields,1.0
P::J1078,DPP-2018-APR,South,GIA,,,300.0,0.0,,2026-03-01,2026-03-01,2026-03-01,P::J1078,SAN SOUCI 500KV SUBSTATION,Queue-derived study fields,,2026-09-05T04:35:51Z,snapshot_fields,1.0
P::J1079,DPP-2018-APR,South,GIA,,,200.0,0.0,,2026-03-01,2026-03-01,2026-03-01,P::J1079,WATERFORD 1 2 230KV SUBSTATION,Queue-derived study fields,,2026-09-05T04:35:51Z,snapshot_fields,1.0
P::J1080,DPP-2018-APR,Central,GIA,,,99.0,0.0,,2026-03-01,2026-03-01,2026-03-01,P::J1080,BROKAW CLINTON 345KV LINE TAP,Queue-derived study fields,,2026-09-05T04:35:51Z,snapshot_fields,1.0
P::J1081,DPP-2018-APR,West,GIA,,,300.0,0.0,,2026-03-01,2026-03-01,2026-03-01,P::J1081,WINGER 115KV SUBSTATION,Queue-derived study fields,,2026-09-05T04:35:51Z,snapshot_fields,1.0
P::J1082,DPP-2018-APR,West,GIA,,,400.0,0.0,,2026-03-01,2026-03-01,2026-03-01,P::J1082,ZACHARY 345KV SUBSTATION,Queue-derived study fields,,2026-09-05T04:35:51Z,snapshot_fields,1.0
P::J1083,DPP-2018-APR,East (ITC),GIA,,,70.0,0.0,,2026-03-01,2026-03-01,2026-03-01,P::J1083,ONEIDA138KV SUBSTATION,Queue-derived study fields,,2026-09-05T04:35:51Z,snapshot_fields,1.0
P::J1084,DPP-2018-APR,West,GIA,,,150.0,0.0,,2026-03-01,2026-03-01,2026-03-01,P::J1084,ROCK CREEK 345KV SUBSTATION,Queue-derived study fields,,2026-09-05T04:35:51Z,snapshot_fields,1.0
P::J1085,DPP-2018-APR,East (ATC),GIA,,,300.0,0.0,,2026-03-01,2026-03-01,2026-03-01,P::J1085,GARDNER PARK J821 POI STONE LAKE 345KV LINE TAP,Queue-derived study fields,,2026-09-05T04:35:51Z,snapshot_fields,1.0
P::J1086,DPP-2018-APR,West,GIA,,,120.0,0.0,,2026-03-01,2026-03-01,2026-03-01,P::J1086,ELK BREWSTER 161KV LINE TAP,Queue-derived study fields,,2026-09-05T04:35:51Z,snapshot_fields,1.0
P::J1087,DPP-2018-APR,Central,GIA,,,200.0,0.0,,2026-03-01,2026-03-01,2026-03-01,P::J1087,MINER KELSO 161KV LINE TAP,Queue-derived study fields,,2026-09-05T04:35:51Z,snapshot_fields,1.0
P::J1088,DPP-2018-APR,East (ITC),GIA,,,150.0,0.0,,2026-03-01,2026-03-01,2026-03-01,P::J1088,CORNELL LAYTON 138KV LINE TAP,Queue-derived study fields,,2026-09-05T04:35:51Z,snapshot_fields,1.0
P::J1089,DPP-2018-APR,East (ITC),GIA,,,170.0,0.0,,2026-03-01,2026-03-01,2026-03-01,P::J1089,CORNELL BELL RD 138KV LINE TAP,Queue-derived study fields,,2026-09-05T04:35:51Z,snapshot_fields,1.0
P::J1090,DPP-2018-APR,East (ITC),GIA,,,90.0,0.0,,2026-03-01,2026-03-01,2026-03-01,P::J1090,TOMPKINS CHURCHILL JCT 138KV LINE TAP,Queue-derived study fields,,2026-09-05T04:35:51Z,snapshot_fields,1.0
P::J1091,DPP-2018-APR,South,GIA,,,150.0,0.0,,2026-03-01,2026-03-01,2026-03-01,P::J1091,POWER LINE ROAD 161KV SUBSTATION,Queue-derived study fields,,2026-09-05T04:35:51Z,snapshot_fields,1.0
P::J1092,DPP-2018-APR,West,GIA,,,100.0,0.0,,2026-03-01,2026-03-01,2026-03-01,P::J1092,THREE LAKES 115KV SUBSTATION,Queue-derived study fields,,2026-09-05T04:35:51Z,snapshot_fields,1.0
P::J1093,DPP-2018-APR,South,GIA,,,200.0,0.0,,2026-03-01,2026-03-01,2026-03-01,P::J1093,REED SWITCH 115KV SUBSTATION,Queue-derived study fields,,2026-09-05T04:35:51Z,snapshot_fields,1.0
P::J1094,DPP-2018-APR,Central,GIA,,,150.0,0.0,,2026-03-01,2026-03-01,2026-03-01,P::J1094,PREST 138KV SWITCHING STATION,Queue-derived study fields,,2026-09-05T04:35:51Z,snapshot_fields,1.0
P::J1095,DPP-2018-APR,South,GIA,,,300.0,0.0,,2026-03-01,2026-03-01,2026-03-01,P::J1095,TWINKLETOWN 230KV SUBSTATION,Queue-derived study fields,,2026-09-05T04:35:51Z,snapshot_fields,1.0
P::J1096,DPP-2018-APR,Central,GIA,,,150.0,0.0,,2026-03-01,2026-03-01,2026-03-01,P::J1096,NORRIS CITY NORTH MUDDY 138KV LINE,Queue-derived study fields,,2026-09-05T04:35:51Z,snapshot_fields,1.0
P::J1097,DPP-2018-APR,South,GIA,,,500.0,0.0,,2026-03-01,2026-03-01,2026-03-01,P::J1097,KEO EHV 500KV SUBSTATION,Queue-derived study fields,,2026-09-05T04:35:51Z,snapshot_fields,1.0
P::J1098,DPP-2018-APR,West,GIA,,,40.0,0.0,,2026-03-01,2026-03-01,2026-03-01,P::J1098,LAKEFIELD 345KV SUBSTATION,Queue-derived study fields,,2026-09-05T04:35:51Z,snapshot_fields,1.0
P::J1099,DPP-2018-APR,South,GIA,,,200.0,0.0,,2026-03-01,2026-03-01,2026-03-01,P::J1099,DERRICK 230KV SUBSTATION,Queue-derived study fields,,2026-09-05T04:35:51Z,snapshot_fields,1.0
P::J1100,DPP-2018-APR,South,GIA,,,200.0,0.0,,2026-03-01,2026-03-01,2026-03-01,P::J1100,GRIMES 345KV SUBSTATION,Queue-derived study fields,,2026-09-05T04:35:51Z,snapshot_fields,1.0
P::J1101,DPP-2018-APR,East (ATC),GIA,,,20.0,0.0,,2026-03-01,2026-03-01,2026-03-01,P::J1101,KEWAUNEE 138KV SUBSTATION,Queue-derived study fields,,2026-09-05T04:35:51Z,snapshot_fields,1.0
P::J1102,DPP-2018-APR,Central,GIA,,,70.0,0.0,,2026-03-01,2026-03-01,2026-03-01,P::J1102,FOGARTY 138KV SUBSTATION,Queue-derived study fields,,2026-09-05T04:35:51Z,snapshot_fields,1.0
P::J1103,DPP-2018-APR,East (ITC),GIA,,,20.0,0.0,,2026-03-01,2026-03-01,2026-03-01,P::J1103,BAUER KIRK RINGLE 345KV LINE TAP,Queue-derived study fields,,2026-09-05T04:35:51Z,snapshot_fields,1.0
P::J1104,DPP-2018-APR,East (ATC),GIA,,,100.0,0.0,,2026-03-01,2026-03-01,2026-03-01,P::J1104,GERMANTOWN BARK RIVER 138KV LINE,Queue-derived study fields,,2026-09-05T04:35:51Z,snapshot_fields,1.0
P::J1105,DPP-2018-APR,West,GIA,,,200.0,0.0,,2026-03-01,2026-03-01,2026-03-01,P::J1105,HAMPTON CORNERS 345KV SUBSTATION,Queue-derived study fields,,2026-09-05T04:35:51Z,snapshot_fields,1.0
P::J1106,DPP-2018-APR,West,GIA,,,414.0,0.0,,2026-03-01,2026-03-01,2026-03-01,P::J1106,LYON COUNTY CEDAR MOUNTAIN 345KV CIRCUIT 2 LINE,Queue-derived study fields,,2026-09-05T04:35:51Z,snapshot_fields,1.0
P::J1107,DPP-2018-APR,Central,GIA,,,200.0,0.0,,2026-03-01,2026-03-01,2026-03-01,P::J1107,KELSO LUTESVILLE 345KV LINE TAP,Queue-derived study fields,,2026-09-05T04:35:51Z,snapshot_fields,1.0
P::J1108,DPP-2018-APR,West,GIA,,,150.0,0.0,,2026-03-01,2026-03-01,2026-03-01,P::J1108,ALEXANDRIA 345KV SUBSTATION,Queue-derived study fields,,2026-09-05T04:35:51Z,snapshot_fields,1.0
P::J1109,DPP-2018-APR,West,GIA,,,207.0,0.0,,2026-03-01,2026-03-01,2026-03-01,P::J1109,BISON 345KV SUBSTATION,Queue-derived study fields,,2026-09-05T04:35:51Z,snapshot_fields,1.0
P::J1110,DPP-2018-APR,West,GIA,,,100.0,0.0,,2026-03-01,2026-03-01,2026-03-01,P::J1110,NORTH AUSTIN 161KV SUBSTATION,Queue-derived study fields,,2026-09-05T04:35:51Z,snapshot_fields,1.0
P::J1111,DPP-2018-APR,Central,GIA,,,150.0,0.0,,2026-03-01,2026-03-01,2026-03-01,P::J1111,CAMPBELL HILL JACKSON 161KV LINE TAP,Queue-derived study fields,,2026-09-05T04:35:51Z,snapshot_fields,1.0
P::J1112,DPP-2018-APR,Central,GIA,,,150.0,0.0,,2026-03-01,2026-03-01,2026-03-01,P::J1112,LEESBURG 138KV SUBSTATION,Queue-derived study fields,,2026-09-05T04:35:51Z,snapshot_fields,1.0
P::J1113,DPP-2018-APR,South,GIA,,,85.0,0.0,,2026-03-01,2026-03-01,2026-03-01,P::J1113,DELTA RULEVILLE 115KV LINE TAP,Queue-derived study fields,,2026-09-05T04:35:51Z,snapshot_fields,1.0
P::J1114,DPP-2018-APR,West,GIA,,,200.0,0.0,,2026-03-01,2026-03-01,2026-03-01,P::J1114,J506 SUBSTATION ON RAUN HIGHLAND 345KV LINE,Queue-derived study fields,,2026-09-05T04:35:51Z,snapshot_fields,1.0
P::J1115,DPP-2018-APR,Central,GIA,,,200.0,0.0,,2026-03-01,2026-03-01,2026-03-01,P::J1115,LATHAM OREANA 345KV LINE,Queue-derived study fields,,2026-09-05T04:35:51Z,snapshot_fields,1.0
P::J1116,DPP-2018-APR,Central,GIA,,,100.0,0.0,,2026-03-01,2026-03-01,2026-03-01,P::J1116,GREENSBORO GREENFIELD 138KV LINE TAP,Queue-derived study fields,,2026-09-05T04:35:51Z,snapshot_fields,1.0
P::J1117,DPP-2018-APR,East (ITC),GIA,,,80.0,0.0,,2026-03-01,2026-03-01,2026-03-01,P::J1117,GREEN 138KV SUBSTATION,Queue-derived study fields,,2026-09-05T04:35:51Z,snapshot_fields,1.0
P::J1118,DPP-2018-APR,Central,GIA,,,150.0,0.0,,2026-03-01,2026-03-01,2026-03-01,P::J1118,MAHOMET WEEDMAN 138KV LINE TAP,Queue-derived study fields,,2026-09-05T04:35:51Z,snapshot_fields,1.0
P::J1119,DPP-2018-APR,East (ITC),GIA,,,600.0,0.0,,2026-03-01,2026-03-01,2026-03-01,P::J1119,TOMPKINS 345KV SUBSTATION,Queue-derived study fields,,2026-09-05T04:35:51Z,snapshot_fields,1.0
P::J1120,DPP-2018-APR,South,GIA,,,145.0,0.0,,2026-03-01,2026-03-01,2026-03-01,P::J1120,BIG HILL CO BAYOU FARMS CO 138KV LINE TAP,Queue-derived study fields,,2026-09-05T04:35:51Z,snapshot_fields,1.0
P::J1121,DPP-2018-APR,East (ATC),GIA,,,200.0,0.0,,2026-03-01,2026-03-01,2026-03-01,P::J1121,STONE LAKE PERSHING GARDNER PARK 345KV LINE TAP,Queue-derived study fields,,2026-09-05T04:35:51Z,snapshot_fields,1.0
P::J1122,DPP-2018-APR,West,GIA,,,200.0,0.0,,2026-03-01,2026-03-01,2026-03-01,P::J1122,COUNCIL BLUFFS FALLOW AVENUE 345KV LINE TAP,Queue-derived study fields,,2026-09-05T04:35:51Z,snapshot_fields,1.0
P::J1123,DPP-2018-APR,Central,GIA,,,150.0,0.0,,2026-03-01,2026-03-01,2026-03-01,P::J1123,SPENCER CREEK 345KV SUBSTATION,Queue-derived study fields,,2026-09-05T04:35:51Z,snapshot_fields,1.0
P::J1124,DPP-2018-APR,West,GIA,,,100.0,0.0,,2026-03-01,2026-03-01,2026-03-01,P::J1124,BYRON 345KV SUBSTATION,Queue-derived study fields,,2026-09-05T04:35:51Z,snapshot_fields,1.0
P::J1125,DPP-2018-APR,South,GIA,,,135.0,0.0,,2026-03-01,2026-03-01,2026-03-01,P::J1125,WYNNE SOUTH WYNNE EAST AECC 161KV LINE TAP,Queue-derived study fields,,2026-09-05T04:35:51Z,snapshot_fields,1.0
P::J1126,DPP-2018-APR,East (ITC),GIA,,,1.1,0.0,,2026-03-01,2026-03-01,2026-03-01,P::J1126,ITC BAUER GRASSMERE RAPSON KIRK SUB 345KV SUBSTATION,Queue-derived study fields,,2026-09-05T04:35:51Z,snapshot_fields,1.0
P::J1127,DPP-2018-APR,East (ATC),GIA,,,49.9,0.0,,2026-03-01,2026-03-01,2026-03-01,P::J1127,ALBANY BASS CREEK 138KV LINE TAP,Queue-derived study fields,,2026-09-05T04:35:51Z,snapshot_fields,1.0
P::J1128,DPP-2018-APR,West,GIA,,,150.0,0.0,,2026-03-01,2026-03-01,2026-03-01,P::J1128,HAYWARD MURPHY CREEK 161KV LINE TAP,Queue-derived study fields,,2026-09-05T04:35:51Z,snapshot_fields,1.0
P::J1129,DPP-2018-APR,East (ATC),GIA,,,65.0,0.0,,2026-03-01,2026-03-01,2026-03-01,P::J1129,PADDOCK TOWNLINE RD 138KV LINE TAP,Queue-derived study fields,,2026-09-05T04:35:51Z,snapshot_fields,1.0
P::J1130,DPP-2018-APR,South,GIA,,,1110.0,0.0,,2026-03-01,2026-03-01,2026-03-01,P::J1130,BAXTER WILSON SES 115 500KV SW YD,Queue-derived study fields,,2026-09-05T04:35:51Z,snapshot_fields,1.0
P::J1131,DPP-2018-APR,West,GIA,,,100.0,0.0,,2026-03-01,2026-03-01,2026-03-01,P::J1131,SUB 56 DAVENPORT 161KV SUBSTATION,Queue-derived study fields,,2026-09-05T04:35:51Z,snapshot_fields,1.0
P::J1132,DPP-2018-APR,West,GIA,,,50.0,0.0,,2026-03-01,2026-03-01,2026-03-01,P::J1132,CRESTON EAST 69KV SUBSTATION,Queue-derived study fields,,2026-09-05T04:35:51Z,snapshot_fields,1.0
P::J1133,DPP-2018-APR,South,GIA,,,100.0,0.0,,2026-03-01,2026-03-01,2026-03-01,P::J1133,DUNN OAKRIDGE 115KV LINE TAP,Queue-derived study fields,,2026-09-05T04:35:51Z,snapshot_fields,1.0
P::J1134,DPP-2018-APR,South,GIA,,,100.0,0.0,,2026-03-01,2026-03-01,2026-03-01,P::J1134,GRIFFITHVILLE SEARCY PRICE 115KV LINE TAP,Queue-derived study fields,,2026-09-05T04:35:51Z,snapshot_fields,1.0
P::J1135,DPP-2018-APR,West,GIA,,,50.0,0.0,,2026-03-01,2026-03-01,2026-03-01,P::J1135,HUNTWOODS 69KV SUBSTATION,Queue-derived study fields,,2026-09-05T04:35:51Z,snapshot_fields,1.0
P::J1136,DPP-2018-APR,South,GIA,,,100.0,0.0,,2026-03-01,2026-03-01,2026-03-01,P::J1136,TINNIN ROAD 230KV SUBSTATION,Queue-derived study fields,,2026-09-05T04:35:51Z,snapshot_fields,1.0
P::J1137,DPP-2018-APR,South,GIA,,,100.0,0.0,,2026-03-01,2026-03-01,2026-03-01,P::J1137,SWIFTON HOXIE SOUTH 161KV LINE TAP,Queue-derived study fields,,2026-09-05T04:35:51Z,snapshot_fields,1.0
P::J1138,DPP-2018-APR,East (ATC),GIA,,,70.0,0.0,,2026-03-01,2026-03-01,2026-03-01,P::J1138,M38 138KV SUBSTATION,Queue-derived study fields,,2026-09-05T04:35:51Z,snapshot_fields,1.0
P::J1139,DPP-2018-APR,Central,GIA,,,150.0,0.0,,2026-03-01,2026-03-01,2026-03-01,P::J1139,SIDNEY SUBSTATION 138KV BUS,Queue-derived study fields,,2026-09-05T04:35:51Z,snapshot_fields,1.0
P::J1140,DPP-2018-APR,West,GIA,,,80.0,0.0,,2026-03-01,2026-03-01,2026-03-01,P::J1140,PLATTE RIVER 115KV SUBSTATION,Queue-derived study fields,,2026-09-05T04:35:51Z,snapshot_fields,1.0
P::J1141,DPP-2018-APR,East (ITC),GIA,,,17.0,0.0,,2026-03-01,2026-03-01,2026-03-01,P::J1141,FILER BOXBDJ STRONACH 138KV LINE TAP,Queue-derived study fields,,2026-09-05T04:35:51Z,snapshot_fields,1.0
P::J1142,DPP-2018-APR,South,GIA,,,20.0,0.0,,2026-03-01,2026-03-01,2026-03-01,P::J1142,VACHERIE 230KV SUBSTATION,Queue-derived study fields,,2026-09-05T04:35:51Z,snapshot_fields,1.0
P::J1143,DPP-2018-APR,West,GIA,,,100.0,0.0,,2026-03-01,2026-03-01,2026-03-01,P::J1143,BLANCHARD LITTLE FALLS 115KV LINE,Queue-derived study fields,,2026-09-05T04:35:51Z,snapshot_fields,1.0
P::J1144,DPP-2018-APR,South,GIA,,,96.0,0.0,,2026-03-01,2026-03-01,2026-03-01,P::J1144,MOSELLE COLUMBIA 161KV LINE TAP,Queue-derived study fields,,2026-09-05T04:35:51Z,snapshot_fields,1.0
P::J1145,DPP-2018-APR,Central,GIA,,,250.0,0.0,,2026-03-01,2026-03-01,2026-03-01,P::J1145,OVERTON MCCREDE MONTGOMERY 345KV LINE TAP,Queue-derived study fields,,2026-09-05T04:35:51Z,snapshot_fields,1.0
P::J1146,DPP-2018-APR,South,GIA,,,10.0,0.0,,2026-03-01,2026-03-01,2026-03-01,P::J1146,SAN SOUCI 500KV SUBSTATION,Queue-derived study fields,,2026-09-05T04:35:51Z,snapshot_fields,1.0
P::J1147,DPP-2018-APR,South,GIA,,,100.0,0.0,,2026-03-01,2026-03-01,2026-03-01,P::J1147,MOSES MCCRORY 161KV LINE TAP,Queue-derived study fields,,2026-09-05T04:35:51Z,snapshot_fields,1.0
P::J1148,DPP-2018-APR,Central,GIA,,,54.0,0.0,,2026-03-01,2026-03-01,2026-03-01,P::J1148,AB BROWN 138KV SUBSTATION,Queue-derived study fields,,2026-09-05T04:35:51Z,snapshot_fields,1.0
P::J1149,DPP-2018-APR,West,GIA,,,200.0,0.0,,2026-03-01,2026-03-01,2026-03-01,P::J1149,HAZEL CREEK 230KV SUBSTATION,Queue-derived study fields,,2026-09-05T04:35:51Z,snapshot_fields,1.0
P::J1150,DPP-2018-APR,Central,GIA,,,30.0,0.0,,2026-03-01,2026-03-01,2026-03-01,P::J1150,DEEDSVILLE 345KV SUBSTATION,Queue-derived study fields,,2026-09-05T04:35:51Z,snapshot_fields,1.0
P::J1151,DPP-2018-APR,South,GIA,,,252.0,0.0,,2026-03-01,2026-03-01,2026-03-01,P::J1151,BRITTANY 230KV SUBSTATION,Queue-derived study fields,,2026-09-05T04:35:51Z,snapshot_fields,1.0
P::J1152,DPP-2018-APR,Central,GIA,,,200.0,0.0,,2026-03-01,2026-03-01,2026-03-01,P::J1152,GWYNNEVILLE 345KV SUBSTATION,Queue-derived study fields,,2026-09-05T04:35:51Z,snapshot_fields,1.0
P::J1153,DPP-2018-APR,East (ATC),GIA,,,150.0,0.0,,2026-03-01,2026-03-01,2026-03-01,P::J1153,HOLLAND 138KV SUBSTATION,Queue-derived study fields,,2026-09-05T04:35:51Z,snapshot_fields,1.0
P::J1154,DPP-2018-APR,East (ATC),GIA,,,75.0,0.0,,2026-03-01,2026-03-01,2026-03-01,P::J1154,JEFFERSON 138KV SUBSTATION,Queue-derived study fields,,2026-09-05T04:35:51Z,snapshot_fields,1.0
P::J1155,DPP-2018-APR,South,GIA,,,150.0,0.0,,2026-03-01,2026-03-01,2026-03-01,P::J1155,DRIVER 230KV SUBSTATION,Queue-derived study fields,,2026-09-05T04:35:51Z,snapshot_fields,1.0
P::J1156,DPP-2018-APR,South,GIA,,,150.0,0.0,,2026-03-01,2026-03-01,2026-03-01,P::J1156,KUHN RD PARKIN 161KV LINE TAP,Queue-derived study fields,,2026-09-05T04:35:51Z,snapshot_fields,1.0
P::J1157,DPP-2018-APR,South,GIA,,,100.0,0.0,,2026-03-01,2026-03-01,2026-03-01,P::J1157,TINNIN ROAD 230KV SUBSTATION,Queue-derived study fields,,2026-09-05T04:35:51Z,snapshot_fields,1.0
P::J1158,DPP-2018-APR,South,GIA,,,70.0,0.0,,2026-03-01,2026-03-01,2026-03-01,P::J1158,VACHERIE 230KV SUBSTATION,Queue-derived study fields,,2026-09-05T04:35:51Z,snapshot_fields,1.0
P::J1159,DPP-2018-APR,South,GIA,,,100.0,0.0,,2026-03-01,2026-03-01,2026-03-01,P::J1159,MOUNT ZION 138KV SUBSTATION,Queue-derived study fields,,2026-09-05T04:35:51Z,snapshot_fields,1.0
P::J1160,DPP-2018-APR,East (ATC),GIA,,,100.23,0.0,,2026-03-01,2026-03-01,2026-03-01,P::J1160,SAND LAKE PORT EDWARDS 138KV LINE TAP,Queue-derived study fields,,2026-09-05T04:35:51Z,snapshot_fields,1.0
P::J1161,DPP-2018-APR,Central,GIA,,,100.23,0.0,,2026-03-01,2026-03-01,2026-03-01,P::J1161,MINER KELSO 161KV LINE TAP,Queue-derived study fields,,2026-09-05T04:35:51Z,snapshot_fields,1.0
P::J1162,DPP-2018-APR,South,GIA,,,80.0,0.0,,2026-03-01,2026-03-01,2026-03-01,P::J1162,JACINTO CHINA 230KV LINE TAP,Queue-derived study fields,,2026-09-05T04:35:51Z,snapshot_fields,1.0
P::J1163,DPP-2018-APR,South,GIA,,,120.0,0.0,,2026-03-01,2026-03-01,2026-03-01,P::J1163,CRENSHAW TUNICA 115KV LINE TAP,Queue-derived study fields,,2026-09-05T04:35:51Z,snapshot_fields,1.0
P::J1164,DPP-2018-APR,West,GIA,,,80.0,0.0,,2026-03-01,2026-03-01,2026-03-01,P::J1164,MAGNOLIA 161KV SUBSTATION,Queue-derived study fields,,2026-09-05T04:35:51Z,snapshot_fields,1.0
P::J1165,DPP-2018-APR,South,GIA,,,150.0,0.0,,2026-03-01,2026-03-01,2026-03-01,P::J1165,LC BULK HENNING 138KV LINE TAP,Queue-derived study fields,,2026-09-05T04:35:51Z,snapshot_fields,1.0
P::J1166,DPP-2018-APR,South,GIA,,,50.0,0.0,,2026-03-01,2026-03-01,2026-03-01,P::J1166,BAYOU COVE RICHARD 138KV LINE TAP,Queue-derived study fields,,2026-09-05T04:35:51Z,snapshot_fields,1.0
P::J1167,DPP-2018-APR,South,GIA,,,50.0,0.0,,2026-03-01,2026-03-01,2026-03-01,P::J1167,AECC FORREST CITY WEST 161KV SUBSTATION,Queue-derived study fields,,2026-09-05T04:35:51Z,snapshot_fields,1.0
P::J1168,DPP-2018-APR,South,GIA,,,80.0,0.0,,2026-03-01,2026-03-01,2026-03-01,P::J1168,PINTAIL 138KV SUBSTATION,Queue-derived study fields,,2026-09-05T04:35:51Z,snapshot_fields,1.0
P::J1169,DPP-2018-APR,West,GIA,,,50.0,0.0,,2026-03-01,2026-03-01,2026-03-01,P::J1169,GRANT 115KV SUBSTATION,Queue-derived study fields,,2026-09-05T04:35:51Z,snapshot_fields,1.0
P::J1170,DPP-2018-APR,West,GIA,,,200.0,0.0,,2026-03-01,2026-03-01,2026-03-01,P::J1170,BISON 345KV SUBSTATION,Queue-derived study fields,,2026-09-05T04:35:51Z,snapshot_fields,1.0
P::J1171,DPP-2018-APR,East (ATC),GIA,,,100.0,0.0,,2026-03-01,2026-03-01,2026-03-01,P::J1171,BUTTERNUT 138KV SUBSTATION,Queue-derived study fields,,2026-09-05T04:35:51Z,snapshot_fields,1.0
P::J1172,DPP-2018-APR,East (ITC),GIA,,,50.0,0.0,,2026-03-01,2026-03-01,2026-03-01,P::J1172,DORT GARFIELD 138KV LINE TAP,Queue-derived study fields,,2026-09-05T04:35:51Z,snapshot_fields,1.0
P::J1173,DPP-2018-APR,East (ITC),GIA,,,80.0,0.0,,2026-03-01,2026-03-01,2026-03-01,P::J1173,RAISIN METC TAP 138KV LINE TAP,Queue-derived study fields,,2026-09-05T04:35:51Z,snapshot_fields,1.0
P::J1174,DPP-2018-APR,West,GIA,,,165.0,0.0,,2026-03-01,2026-03-01,2026-03-01,P::J1174,LEDYARD COLBY 345KV LINE TAP,Queue-derived study fields,,2026-09-05T04:35:51Z,snapshot_fields,1.0
P::J1175,DPP-2018-APR,West,GIA,,,165.0,0.0,,2026-03-01,2026-03-01,2026-03-01,P::J1175,LEDYARD COLBY 345KV LINE TAP,Queue-derived study fields,,2026-09-05T04:35:51Z,snapshot_fields,1.0
P::J1176,DPP-2018-APR,West,GIA,,,145.0,0.0,,2026-03-01,2026-03-01,2026-03-01,P::J1176,LIME CREEK 161KV SUBSTATION,Queue-derived study fields,,2026-09-05T04:35:51Z,snapshot_fields,1.0
P::J1177,DPP-2018-APR,West,GIA,,,300.0,0.0,,2026-03-01,2026-03-01,2026-03-01,P::J1177,HUGHES 345KV SWITCHING STATION J541 POI,Queue-derived study fields,,2026-09-05T04:35:51Z,snapshot_fields,1.0
P::J1178,DPP-2018-APR,East (ITC),GIA,,,65.0,0.0,,2026-03-01,2026-03-01,2026-03-01,P::J1178,ONEIDA 138KV SUBSTATION,Queue-derived study fields,,2026-09-05T04:35:51Z,snapshot_fields,1.0
P::J1179,DPP-2018-APR,West,GIA,,,300.0,0.0,,2026-03-01,2026-03-01,2026-03-01,P::J1179,RUSH CITY RED ROCK 230KV LINE TAP,Queue-derived study fields,,2026-09-05T04:35:51Z,snapshot_fields,1.0
P::J1180,DPP-2018-APR,Central,GIA,,,75.0,0.0,,2026-03-01,2026-03-01,2026-03-01,P::J1180,CASEY WEST SULLIVAN 345KV LINE,Queue-derived study fields,,2026-09-05T04:35:51Z,snapshot_fields,1.0
P::J1181,DPP-2018-APR,West,GIA,,,200.0,0.0,,2026-03-01,2026-03-01,2026-03-01,P::J1181,HAZLETON MITCHELL COUNTY 345KV LINE,Queue-derived study fields,,2026-09-05T04:35:51Z,snapshot_fields,1.0
P::J1182,DPP-2018-APR,Central,GIA,,,250.0,0.0,,2026-03-01,2026-03-01,2026-03-01,P::J1182,ZACHARY SUBSTATION 345KV BUS,Queue-derived study fields,,2026-09-05T04:35:51Z,snapshot_fields,1.0
P::J1183,DPP-2018-APR,East (ATC),GIA,,,1.35,0.0,,2026-03-01,2026-03-01,2026-03-01,P::J1183,HERITAGE GARDEN SUBSTATION,Queue-derived study fields,,2026-09-05T04:35:51Z,snapshot_fields,1.0
P::J1184,DPP-2018-APR,South,GIA,,,50.0,0.0,,2026-03-01,2026-03-01,2026-03-01,P::J1184,LAGEN HOLTON FRANKLINTON 115KV LINE TAP,Queue-derived study fields,,2026-09-05T04:35:51Z,snapshot_fields,1.0
P::J1185,DPP-2018-APR,West,GIA,,,200.0,0.0,,2026-03-01,2026-03-01,2026-03-01,P::J1185,ADAIR APPANOOSE 161KV LINE TAP,Queue-derived study fields,,2026-09-05T04:35:51Z,snapshot_fields,1.0
P::J1186,DPP-2018-APR,South,GIA,,,100.0,0.0,,2026-03-01,2026-03-01,2026-03-01,P::J1186,PELICAN ROAD SHEPARD 138KV LINE TAP,Queue-derived study fields,,2026-09-05T04:35:51Z,snapshot_fields,1.0
P::J1187,DPP-2018-APR,West,GIA,,,151.8,0.0,,2026-03-01,2026-03-01,2026-03-01,P::J1187,STANTON 230KV SUBSTATION,Queue-derived study fields,,2026-09-05T04:35:51Z,snapshot_fields,1.0
P::J1188,DPP-2018-APR,East (ATC),GIA,,,50.0,0.0,,2026-03-01,2026-03-01,2026-03-01,P::J1188,SHEEPSKIN 69KV SUBSTATION,Queue-derived study fields,,2026-09-05T04:35:51Z,snapshot_fields,1.0
P::J1189,DPP-2018-APR,Central,GIA,,,5.0,0.0,,2026-03-01,2026-03-01,2026-03-01,P::J1189,CRANE SOLAR 69KV SUBSTATION,Queue-derived study fields,,2026-09-05T04:35:51Z,snapshot_fields,1.0
P::J1190,DPP-2019,West,GIA,,,200.0,0.0,,2026-03-01,2026-03-01,2026-03-01,P::J1190,CALAMUS EAST 161KV SUBSTATION,Queue-derived study fields,,2026-09-05T04:35:51Z,snapshot_fields,1.0
P::J1191,DPP-2019,Central,GIA,,,64.0,0.0,,2026-03-01,2026-03-01,2026-03-01,P::J1191,BOLSTAD 69KV SUBSTATION,Queue-derived study fields,,2026-09-05T04:35:51Z,snapshot_fields,1.0
P::J1192,DPP-2019,East (ITC),GIA,,,35.0,0.0,,2026-03-01,2026-03-01,2026-03-01,P::J1192,ONEIDA 138KV SUBSTATION,Queue-derived study fields,,2026-09-05T04:35:51Z,snapshot_fields,1.0
P::J1193,DPP-2019,West,GIA,,,103.1,0.0,,2026-03-01,2026-03-01,2026-03-01,P::J1193,HESKITT 115KV SWITCHYARD,Queue-derived study fields,,2026-09-05T04:35:51Z,snapshot_fields,1.0
P::J1194,DPP-2019,East (ITC),GIA,,,225.2,0.0,,2026-03-01,2026-03-01,2026-03-01,P::J1194,MURPHY 138KV SUBSTATION,Queue-derived study fields,,2026-09-05T04:35:51Z,snapshot_fields,1.0
P::J1195,DPP-2019,East (ITC),GIA,,,150.4,0.0,,2026-03-01,2026-03-01,2026-03-01,P::J1195,WAGNER 138KV SUBSTATION,Queue-derived study fields,,2026-09-05T04:35:51Z,snapshot_fields,1.0
P::J1196,DPP-2019,East (ITC),GIA,,,200.0,0.0,,2026-03-01,2026-03-01,2026-03-01,P::J1196,GREENWOOD RAPSON BANNER 345KV LINE TAP,Queue-derived study fields,,2026-09-05T04:35:51Z,snapshot_fields,1.0
P::J1197,DPP-2019,Central,GIA,,,75.0,0.0,,2026-03-01,2026-03-01,2026-03-01,P::J1197,CORBIN 138KV SUBSTATION,Queue-derived study fields,,2026-09-05T04:35:51Z,snapshot_fields,1.0
P::J1198,DPP-2019,Central,GIA,,,51.8,0.0,,2026-03-01,2026-03-01,2026-03-01,P::J1198,NEWTON 345KV SUBSTATION,Queue-derived study fields,,2026-09-05T04:35:51Z,snapshot_fields,1.0
P::J1199,DPP-2019,Central,GIA,,,20.0,0.0,,2026-03-01,2026-03-01,2026-03-01,P::J1199,DUCK CREEK 345KV SUBSTATION,Queue-derived study fields,,2026-09-05T04:35:51Z,snapshot_fields,1.0
P::J1200,DPP-2019,Central,GIA,,,24.2,0.0,,2026-03-01,2026-03-01,2026-03-01,P::J1200,PUTNAM 138KV SUBSTATION,Queue-derived study fields,,2026-09-05T04:35:51Z,snapshot_fields,1.0
P::J1201,DPP-2019,Central,GIA,,,44.2,0.0,,2026-03-01,2026-03-01,2026-03-01,P::J1201,NORTH COFFEEN 138KV SUBSTATION,Queue-derived study fields,,2026-09-05T04:35:51Z,snapshot_fields,1.0
P::J1202,DPP-2019,Central,GIA,,,68.4,0.0,,2026-03-01,2026-03-01,2026-03-01,P::J1202,BALDWIN PLANT 345KV SWITCHYARD BALDWIN UNIT 2,Queue-derived study fields,,2026-09-05T04:35:51Z,snapshot_fields,1.0
P::J1203,DPP-2019,East (ITC),GIA,,,125.0,0.0,,2026-03-01,2026-03-01,2026-03-01,P::J1203,THETFORD 345KV SUBSTATION,Queue-derived study fields,,2026-09-05T04:35:51Z,snapshot_fields,1.0
P::J1204,DPP-2019,Central,GIA,,,199.3,0.0,,2026-03-01,2026-03-01,2026-03-01,P::J1204,CASEY WEST 345KV SUBSTATION,Queue-derived study fields,,2026-09-05T04:35:51Z,snapshot_fields,1.0
P::J1205,DPP-2019,South,GIA,,,125.0,0.0,,2026-03-01,2026-03-01,2026-03-01,P::J1205,CENTENNIAL WEST BAY 138KV LINE,Queue-derived study fields,,2026-09-05T04:35:51Z,snapshot_fields,1.0
P::J1206,DPP-2019,East (ITC),GIA,,,50.0,0.0,,2026-03-01,2026-03-01,2026-03-01,P::J1206,NEWTON 138KV SUBSTATION,Queue-derived study fields,,2026-09-05T04:35:51Z,snapshot_fields,1.0
P::J1207,DPP-2019,East (ITC),GIA,,,50.0,0.0,,2026-03-01,2026-03-01,2026-03-01,P::J1207,NEWTON 138KV SUBSTATION,Queue-derived study fields,,2026-09-05T04:35:51Z,snapshot_fields,1.0
P::J1208,DPP-2019,Central,GIA,,,80.0,0.0,,2026-03-01,2026-03-01,2026-03-01,P::J1208,MUDDY CRAB ORCHARD 138KV LINE,Queue-derived study fields,,2026-09-05T04:35:51Z,snapshot_fields,1.0
P::J1209,DPP-2019,Central,GIA,,,80.0,0.0,,2026-03-01,2026-03-01,2026-03-01,P::J1209,MUDDY CRAB ORCHARD 138KV LINE,Queue-derived study fields,,2026-09-05T04:35:51Z,snapshot_fields,1.0
P::J1210,DPP-2019,East (ITC),GIA,,,50.0,0.0,,2026-03-01,2026-03-01,2026-03-01,P::J1210,WHITTEMORE TWINING 138KV LINE,Queue-derived study fields,,2026-09-05T04:35:51Z,snapshot_fields,1.0
P::J1211,DPP-2019,East (ITC),GIA,,,50.0,0.0,,2026-03-01,2026-03-01,2026-03-01,P::J1211,VERNON METC TAP 138KV LINE,Queue-derived study fields,,2026-09-05T04:35:51Z,snapshot_fields,1.0
P::J1212,DPP-2019,West,GIA,,,60.0,0.0,,2026-03-01,2026-03-01,2026-03-01,P::J1212,CHANARAMBIE ELLSBOROUGH 115KV LINE,Queue-derived study fields,,2026-09-05T04:35:51Z,snapshot_fields,1.0
P::J1213,DPP-2019,Central,GIA,,,60.0,0.0,,2026-03-01,2026-03-01,2026-03-01,P::J1213,TAUM SAUK 138KV SWITCHYARD BUS 1 2,Queue-derived study fields,,2026-09-05T04:35:51Z,snapshot_fields,1.0
P::J1214,DPP-2019,East (ATC),GIA,,,300.0,0.0,,2026-03-01,2026-03-01,2026-03-01,P::J1214,ROCKDALE 345KV SUBSTATION,Queue-derived study fields,,2026-09-05T04:35:51Z,snapshot_fields,1.0
P::J1215,DPP-2019,South,GIA,,,200.0,0.0,,2026-03-01,2026-03-01,2026-03-01,P::J1215,STUTTGART RICUSKEY WOODWARD 230KV,Queue-derived study fields,,2026-09-05T04:35:51Z,snapshot_fields,1.0
P::J1216,DPP-2019,Central,GIA,,,250.0,0.0,,2026-03-01,2026-03-01,2026-03-01,P::J1216,ASHLEY 138KV SUBSTATION,Queue-derived study fields,,2026-09-05T04:35:51Z,snapshot_fields,1.0
P::J1217,DPP-2019,South,GIA,,,200.0,0.0,,2026-03-01,2026-03-01,2026-03-01,P::J1217,VILLE PLATTE WEST FORK 230KV LINE TAP,Queue-derived study fields,,2026-09-05T04:35:51Z,snapshot_fields,1.0
P::J1218,DPP-2019,West,GIA,,,200.0,0.0,,2026-03-01,2026-03-01,2026-03-01,P::J1218,SUB 92 345KV,Queue-derived study fields,,2026-09-05T04:35:51Z,snapshot_fields,1.0
P::J1219,DPP-2019,South,GIA,,,100.0,0.0,,2026-03-01,2026-03-01,2026-03-01,P::J1219,CHICKEN FARM AMITE 115KV LINE,Queue-derived study fields,,2026-09-05T04:35:51Z,snapshot_fields,1.0
P::J1220,DPP-2019,South,GIA,,,200.0,0.0,,2026-03-01,2026-03-01,2026-03-01,P::J1220,RAPIDES RODEMACHER 230KV LINE TAP,Queue-derived study fields,,2026-09-05T04:35:51Z,snapshot_fields,1.0
P::J1221,DPP-2019,West,GIA,,,150.0,0.0,,2026-03-01,2026-03-01,2026-03-01,P::J1221,WING RIVER RIVERTON 230KV LINE,Queue-derived study fields,,2026-09-05T04:35:51Z,snapshot_fields,1.0
P::J1222,DPP-2019,Central,GIA,,,200.0,0.0,,2026-03-01,2026-03-01,2026-03-01,P::J1222,SPENCER CREEK 345KV SUBSTATION,Queue-derived study fields,,2026-09-05T04:35:51Z,snapshot_fields,1.0
P::J1223,DPP-2019,South,GIA,,,150.0,0.0,,2026-03-01,2026-03-01,2026-03-01,P::J1223,COLONIAL PIPELINE KENTWOOD 115KV LINE,Queue-derived study fields,,2026-09-05T04:35:51Z,snapshot_fields,1.0
P::J1224,DPP-2019,East (ITC),GIA,,,170.0,0.0,,2026-03-01,2026-03-01,2026-03-01,P::J1224,MAJESTIC MILAN 345KV LINE TAP,Queue-derived study fields,,2026-09-05T04:35:51Z,snapshot_fields,1.0
P::J1225,DPP-2019,Central,GIA,,,160.0,0.0,,2026-03-01,2026-03-01,2026-03-01,P::J1225,ASHLEY TURKEY HILL LINE 1482 BETWEEN THE OKAWVILLE AND NORTH NASHVILLE SUBSTATIONS,Queue-derived study fields,,2026-09-05T04:35:51Z,snapshot_fields,1.0
P::J1226,DPP-2019,East (ITC),GIA,,,200.0,0.0,,2026-03-01,2026-03-01,2026-03-01,P::J1226,MOROCCO 345KV SUBSTATION,Queue-derived study fields,,2026-09-05T04:35:51Z,snapshot_fields,1.0
P::J1227,DPP-2019,Central,GIA,,,125.0,0.0,,2026-03-01,2026-03-01,2026-03-01,P::J1227,DUBOIS FB CULLEY 138KV LINE TAP,Queue-derived study fields,,2026-09-05T04:35:51Z,snapshot_fields,1.0
P::J1228,DPP-2019,West,GIA,,,100.0,0.0,,2026-03-01,2026-03-01,2026-03-01,P::J1228,HUNTLEY 161KV SUBSTATION,Queue-derived study fields,,2026-09-05T04:35:51Z,snapshot_fields,1.0
P::J1229,DPP-2019,West,GIA,,,50.0,0.0,,2026-03-01,2026-03-01,2026-03-01,P::J1229,SUB 92 345KV SUBSTATION,Queue-derived study fields,,2026-09-05T04:35:51Z,snapshot_fields,1.0
P::J1230,DPP-2019,West,GIA,,,40.0,0.0,,2026-03-01,2026-03-01,2026-03-01,P::J1230,WING RIVER RIVERTON 230KV LINE,Queue-derived study fields,,2026-09-05T04:35:51Z,snapshot_fields,1.0
P::J1231,DPP-2019,Central,GIA,,,125.0,0.0,,2026-03-01,2026-03-01,2026-03-01,P::J1231,BARKLEY CALDWELL 161KV LINE,Queue-derived study fields,,2026-09-05T04:35:51Z,snapshot_fields,1.0
P::J1232,DPP-2019,Central,GIA,,,99.0,0.0,,2026-03-01,2026-03-01,2026-03-01,P::J1232,CHESTERVILLE MATTOON WEST 138KV LINE,Queue-derived study fields,,2026-09-05T04:35:51Z,snapshot_fields,1.0
P::J1233,DPP-2019,Central,GIA,,,32.5,0.0,,2026-03-01,2026-03-01,2026-03-01,P::J1233,CATO 138KV SUBSTATION,Queue-derived study fields,,2026-09-05T04:35:51Z,snapshot_fields,1.0
P::J1234,DPP-2019,Central,GIA,,,100.0,0.0,,2026-03-01,2026-03-01,2026-03-01,P::J1234,EDWARDSPORT WASHINGTON MUN LINTON 138KV LINE,Queue-derived study fields,,2026-09-05T04:35:51Z,snapshot_fields,1.0
P::J1235,DPP-2019,Central,GIA,,,50.0,0.0,,2026-03-01,2026-03-01,2026-03-01,P::J1235,EDWARDSPORT WASHINGTON MUN LINTON 138KV LINE,Queue-derived study fields,,2026-09-05T04:35:51Z,snapshot_fields,1.0
P::J1236,DPP-2019,South,GIA,,,50.0,0.0,,2026-03-01,2026-03-01,2026-03-01,P::J1236,VILLE PLATTE WEST FORM 230KV LINE TAP,Queue-derived study fields,,2026-09-05T04:35:51Z,snapshot_fields,1.0
P::J1237,DPP-2019,East (ITC),GIA,,,175.0,0.0,,2026-03-01,2026-03-01,2026-03-01,P::J1237,MAJESTIC MILAN 345KV LINE,Queue-derived study fields,,2026-09-05T04:35:51Z,snapshot_fields,1.0
P::J1238,DPP-2019,South,GIA,,,50.0,0.0,,2026-03-01,2026-03-01,2026-03-01,P::J1238,RAPIDES RODEMACHER 230KV LINE TAP,Queue-derived study fields,,2026-09-05T04:35:51Z,snapshot_fields,1.0
P::J1239,DPP-2019,South,GIA,,,100.0,0.0,,2026-03-01,2026-03-01,2026-03-01,P::J1239,RILLA 115KV SUBSTATION,Queue-derived study fields,,2026-09-05T04:35:51Z,snapshot_fields,1.0
P::J1240,DPP-2019,Central,GIA,,,135.0,0.0,,2026-03-01,2026-03-01,2026-03-01,P::J1240,SPENCER CREEK 345KV SUBSTATION,Queue-derived study fields,,2026-09-05T04:35:51Z,snapshot_fields,1.0
P::J1241,DPP-2019,Central,GIA,,,200.0,0.0,,2026-03-01,2026-03-01,2026-03-01,P::J1241,WEST MT VERNON XENIA 345KV LINE,Queue-derived study fields,,2026-09-05T04:35:51Z,snapshot_fields,1.0
P::J1242,DPP-2019,Central,GIA,,,25.0,0.0,,2026-03-01,2026-03-01,2026-03-01,P::J1242,HAMILTON LINE 796 TAP TO AUDRIAN 69KV LINE,Queue-derived study fields,,2026-09-05T04:35:51Z,snapshot_fields,1.0
P::J1243,DPP-2019,Central,GIA,,,25.0,0.0,,2026-03-01,2026-03-01,2026-03-01,P::J1243,MACOMB WEST 2 BLANDLNSVILLE TAP 69KV LINE,Queue-derived study fields,,2026-09-05T04:35:51Z,snapshot_fields,1.0
P::J1244,DPP-2019,East (ATC),GIA,,,38.4,0.0,,2026-03-01,2026-03-01,2026-03-01,P::J1244,WINONA TOIVOLA PORTAGE TAP ATLANTIC MINE 69KV LINE,Queue-derived study fields,,2026-09-05T04:35:51Z,snapshot_fields,1.0
P::J1245,DPP-2019,South,GIA,,,50.0,0.0,,2026-03-01,2026-03-01,2026-03-01,P::J1245,STUTTGART RICUSKEY WOODWARD 230KV,Queue-derived study fields,,2026-09-05T04:35:51Z,snapshot_fields,1.0
P::J1246,DPP-2019,South,GIA,,,725.2,0.0,,2026-03-01,2026-03-01,2026-03-01,P::J1246,BAYOU LABUTTE 500KV SUBSTATION,Queue-derived study fields,,2026-09-05T04:35:51Z,snapshot_fields,1.0
P::J1247,DPP-2019,South,GIA,,,16.98,0.0,,2026-03-01,2026-03-01,2026-03-01,P::J1247,IVANHOE 138KV SUBSTATION,Queue-derived study fields,,2026-09-05T04:35:51Z,snapshot_fields,1.0
P::J1248,DPP-2019,East (ITC),GIA,,,100.0,0.0,,2026-03-01,2026-03-01,2026-03-01,P::J1248,MARSHALL BLACK STONE 138KV LINE,Queue-derived study fields,,2026-09-05T04:35:51Z,snapshot_fields,1.0
P::J1249,DPP-2019,South,GIA,,,600.0,0.0,,2026-03-01,2026-03-01,2026-03-01,P::J1249,MORROW 161KV SUBSTATION,Queue-derived study fields,,2026-09-05T04:35:51Z,snapshot_fields,1.0
P::J1250,DPP-2019,South,GIA,,,35.0,0.0,,2026-03-01,2026-03-01,2026-03-01,P::J1250,DATTO CORNING NORTH 161KV LINE,Queue-derived study fields,,2026-09-05T04:35:51Z,snapshot_fields,1.0
P::J1251,DPP-2019,East (ATC),GIA,,,100.0,0.0,,2026-03-01,2026-03-01,2026-03-01,P::J1251,ARNOLD PERKINS 138KV LINE TAP,Queue-derived study fields,,2026-09-05T04:35:51Z,snapshot_fields,1.0
P::J1252,DPP-2019,East (ATC),GIA,,,20.0,0.0,,2026-03-01,2026-03-01,2026-03-01,P::J1252,ARNOLD PERKINS 138KV LINE TAP,Queue-derived study fields,,2026-09-05T04:35:51Z,snapshot_fields,1.0
P::J1253,DPP-2019,East (ATC),GIA,,,100.0,0.0,,2026-03-01,2026-03-01,2026-03-01,P::J1253,SOUTH FOND DU LAC TO FITZGERALD 345KV LINE,Queue-derived study fields,,2026-09-05T04:35:51Z,snapshot_fields,1.0
P::J1254,DPP-2019,Central,GIA,,,150.0,0.0,,2026-03-01,2026-03-01,2026-03-01,P::J1254,MEROM GIBSON WHEATLAND 345KV LINE,Queue-derived study fields,,2026-09-05T04:35:51Z,snapshot_fields,1.0
P::J1255,DPP-2019,East (ITC),GIA,,,200.0,0.0,,2026-03-01,2026-03-01,2026-03-01,P::J1255,MARQUETTE VERGENNES 138KV LINE TAP,Queue-derived study fields,,2026-09-05T04:35:51Z,snapshot_fields,1.0
P::J1256,DPP-2019,East (ITC),GIA,,,150.0,0.0,,2026-03-01,2026-03-01,2026-03-01,P::J1256,DORSET 120KV SUBSTATION,Queue-derived study fields,,2026-09-05T04:35:51Z,snapshot_fields,1.0
P::J1257,DPP-2019,South,GIA,,,20.0,0.0,,2026-03-01,2026-03-01,2026-03-01,P::J1257,CHICKEN FARM AMITE 115KV LINE,Queue-derived study fields,,2026-09-05T04:35:51Z,snapshot_fields,1.0
P::J1258,DPP-2019,South,GIA,,,50.0,0.0,,2026-03-01,2026-03-01,2026-03-01,P::J1258,KEO EHV 500KV SUBSTATION,Queue-derived study fields,,2026-09-05T04:35:51Z,snapshot_fields,1.0
P::J1259,DPP-2019,South,GIA,,,50.0,0.0,,2026-03-01,2026-03-01,2026-03-01,P::J1259,COLONIAL PIPELINE KENTWOOD 115KV LINE,Queue-derived study fields,,2026-09-05T04:35:51Z,snapshot_fields,1.0
P::J1260,DPP-2019,South,GIA,,,164.0,0.0,,2026-03-01,2026-03-01,2026-03-01,P::J1260,DUMAS REED 115KV LINE,Queue-derived study fields,,2026-09-05T04:35:51Z,snapshot_fields,1.0
P::J1261,DPP-2019,South,GIA,,,90.0,0.0,,2026-03-01,2026-03-01,2026-03-01,P::J1261,CLARENDON BRINKLEY EAST 115KV LINE,Queue-derived study fields,,2026-09-05T04:35:51Z,snapshot_fields,1.0
P::J1262,DPP-2019,East (ITC),GIA,,,25.0,0.0,,2026-03-01,2026-03-01,2026-03-01,P::J1262,WATERMAN 120KV SUBSTATION,Queue-derived study fields,,2026-09-05T04:35:51Z,snapshot_fields,1.0
P::J1263,DPP-2019,Central,GIA,,,408.6,0.0,,2026-03-01,2026-03-01,2026-03-01,P::J1263,CASEY KANSAS WEST 345KV LINE,Queue-derived study fields,,2026-09-05T04:35:51Z,snapshot_fields,1.0
P::J1264,DPP-2019,East (ATC),GIA,,,20.0,0.0,,2026-03-01,2026-03-01,2026-03-01,P::J1264,BLANEY PARK ENGADINE HIAWATHA ALGER MUNISING 69KV LINE,Queue-derived study fields,,2026-09-05T04:35:51Z,snapshot_fields,1.0
P::J1265,DPP-2019,Central,GIA,,,43.0,0.0,,2026-03-01,2026-03-01,2026-03-01,P::J1265,WOLCOTTVILLE SOUTH MILFORD 69KV LINE,Queue-derived study fields,,2026-09-05T04:35:51Z,snapshot_fields,1.0
P::J1266,DPP-2019,Central,GIA,,,99.0,0.0,,2026-03-01,2026-03-01,2026-03-01,P::J1266,KINMUNDY SALEM 138KV LINE,Queue-derived study fields,,2026-09-05T04:35:51Z,snapshot_fields,1.0
P::J1267,DPP-2019,South,GIA,,,135.0,0.0,,2026-03-01,2026-03-01,2026-03-01,P::J1267,FISHER CHERRY VALLEY 161KV LINE,Queue-derived study fields,,2026-09-05T04:35:51Z,snapshot_fields,1.0
P::J1268,DPP-2019,Central,GIA,,,150.0,0.0,,2026-03-01,2026-03-01,2026-03-01,P::J1268,PIKE TROY 161KV LINE,Queue-derived study fields,,2026-09-05T04:35:51Z,snapshot_fields,1.0
P::J1269,DPP-2019,Central,GIA,,,100.0,0.0,,2026-03-01,2026-03-01,2026-03-01,P::J1269,ELLIOTT 69KV SUBSTATION,Queue-derived study fields,,2026-09-05T04:35:51Z,snapshot_fields,1.0
P::J1270,DPP-2019,West,GIA,,,200.0,0.0,,2026-03-01,2026-03-01,2026-03-01,P::J1270,KOSSUTH O BRIEN 345KV LINE TAP,Queue-derived study fields,,2026-09-05T04:35:51Z,snapshot_fields,1.0
P::J1271,DPP-2019,Central,GIA,,,100.0,0.0,,2026-03-01,2026-03-01,2026-03-01,P::J1271,OAK GROVE 138KV SUBSTATION,Queue-derived study fields,,2026-09-05T04:35:51Z,snapshot_fields,1.0
P::J1272,DPP-2019,Central,GIA,,,50.0,0.0,,2026-03-01,2026-03-01,2026-03-01,P::J1272,ANGEL MOUND 138KV SUBSTATION,Queue-derived study fields,,2026-09-05T04:35:51Z,snapshot_fields,1.0
P::J1273,DPP-2019,Central,GIA,,,100.0,0.0,,2026-03-01,2026-03-01,2026-03-01,P::J1273,BURR OAK EAST WINNAMAC 138KV LINE TAP,Queue-derived study fields,,2026-09-05T04:35:51Z,snapshot_fields,1.0
P::J1274,DPP-2019,Central,GIA,,,100.0,0.0,,2026-03-01,2026-03-01,2026-03-01,P::J1274,POINT 69KV SUBSTATION,Queue-derived study fields,,2026-09-05T04:35:51Z,snapshot_fields,1.0
P::J1275,DPP-2019,Central,GIA,,,100.0,0.0,,2026-03-01,2026-03-01,2026-03-01,P::J1275,HENDERSON 161KV SUBSTATION,Queue-derived study fields,,2026-09-05T04:35:51Z,snapshot_fields,1.0
P::J1276,DPP-2019,Central,GIA,,,100.0,0.0,,2026-03-01,2026-03-01,2026-03-01,P::J1276,POINT 69KV SUBSTATION,Queue-derived study fields,,2026-09-05T04:35:51Z,snapshot_fields,1.0
P::J1277,DPP-2019,South,GIA,,,130.0,0.0,,2026-03-01,2026-03-01,2026-03-01,P::J1277,PINTAIL 138KV SUBSTATION,Queue-derived study fields,,2026-09-05T04:35:51Z,snapshot_fields,1.0
P::J1278,DPP-2019,South,GIA,,,100.0,0.0,,2026-03-01,2026-03-01,2026-03-01,P::J1278,CORRIGAN BULK STALEY 138KV LINE,Queue-derived study fields,,2026-09-05T04:35:51Z,snapshot_fields,1.0
P::J1279,DPP-2019,South,GIA,,,100.0,0.0,,2026-03-01,2026-03-01,2026-03-01,P::J1279,RYE CYPRESS 138KV LINE,Queue-derived study fields,,2026-09-05T04:35:51Z,snapshot_fields,1.0
P::J1280,DPP-2019,South,GIA,,,100.0,0.0,,2026-03-01,2026-03-01,2026-03-01,P::J1280,BRINKLEY EAST CLARENDON 115KV LINE,Queue-derived study fields,,2026-09-05T04:35:51Z,snapshot_fields,1.0
P::J1281,DPP-2019,South,GIA,,,75.0,0.0,,2026-03-01,2026-03-01,2026-03-01,P::J1281,CROSSETT MONTICELLO EAST 115KV LINE,Queue-derived study fields,,2026-09-05T04:35:51Z,snapshot_fields,1.0
P::J1282,DPP-2019,South,GIA,,,200.0,0.0,,2026-03-01,2026-03-01,2026-03-01,P::J1282,COOPER PENTON ROAD 230KV LINE,Queue-derived study fields,,2026-09-05T04:35:51Z,snapshot_fields,1.0
P::J1283,DPP-2019,South,GIA,,,269.99,0.0,,2026-03-01,2026-03-01,2026-03-01,P::J1283,WHITE BLUFF ARSENAL C AND WHITE BLUFF ARSENAL D 115KV LINE,Queue-derived study fields,,2026-09-05T04:35:51Z,snapshot_fields,1.0
P::J1284,DPP-2019,West,GIA,,,250.0,0.0,,2026-03-01,2026-03-01,2026-03-01,P::J1284,DUANE ARNOLD TIFFIN MEC 345KV LINE TAP,Queue-derived study fields,,2026-09-05T04:35:51Z,snapshot_fields,1.0
P::J1285,DPP-2019,West,GIA,,,50.0,0.0,,2026-03-01,2026-03-01,2026-03-01,P::J1285,DUANE ARNOLD TIFFIN MEC 345KV LINE TAP,Queue-derived study fields,,2026-09-05T04:35:51Z,snapshot_fields,1.0
P::J1286,DPP-2019,South,GIA,,,150.0,0.0,,2026-03-01,2026-03-01,2026-03-01,P::J1286,MANUEL 138KV SUBSTATION,Queue-derived study fields,,2026-09-05T04:35:51Z,snapshot_fields,1.0
P::J1287,DPP-2019,South,GIA,,,50.0,0.0,,2026-03-01,2026-03-01,2026-03-01,P::J1287,TUNICA CRENSHAW 115KV LINE,Queue-derived study fields,,2026-09-05T04:35:51Z,snapshot_fields,1.0
P::J1288,DPP-2019,Central,GIA,,,667.2,0.0,,2026-03-01,2026-03-01,2026-03-01,P::J1288,CAYUGA SUGAR CREEK 345KVLINE,Queue-derived study fields,,2026-09-05T04:35:51Z,snapshot_fields,1.0
P::J1289,DPP-2019,Central,GIA,,,200.0,0.0,,2026-03-01,2026-03-01,2026-03-01,P::J1289,TURNER AUSTIN 345KV LINE,Queue-derived study fields,,2026-09-05T04:35:51Z,snapshot_fields,1.0
P::J1290,DPP-2019,South,GIA,,,25.0,0.0,,2026-03-01,2026-03-01,2026-03-01,P::J1290,MANUEL 138KV SUBSTATION,Queue-derived study fields,,2026-09-05T04:35:51Z,snapshot_fields,1.0
P::J1291,DPP-2019,South,GIA,,,100.0,0.0,,2026-03-01,2026-03-01,2026-03-01,P::J1291,STANDARD RED GUM 115KV LINE TAP,Queue-derived study fields,,2026-09-05T04:35:51Z,snapshot_fields,1.0
P::J1292,DPP-2019,East (ITC),GIA,,,198.0,0.0,,2026-03-01,2026-03-01,2026-03-01,P::J1292,THOMPSON ROAD 138KV SUBSTATION,Queue-derived study fields,,2026-09-05T04:35:51Z,snapshot_fields,1.0
P::J1293,DPP-2019,South,GIA,,,25.0,0.0,,2026-03-01,2026-03-01,2026-03-01,P::J1293,BRINKLEY EAST MORO 115KV LINE TAP,Queue-derived study fields,,2026-09-05T04:35:51Z,snapshot_fields,1.0
P::J1294,DPP-2019,South,GIA,,,99.0,0.0,,2026-03-01,2026-03-01,2026-03-01,P::J1294,INDIANOLA CLEVELAND 115KV LINE,Queue-derived study fields,,2026-09-05T04:35:51Z,snapshot_fields,1.0
P::J1295,DPP-2019,Central,GIA,,,280.0,0.0,,2026-03-01,2026-03-01,2026-03-01,P::J1295,GIBSON FRANCISCO 345KV LINE,Queue-derived study fields,,2026-09-05T04:35:51Z,snapshot_fields,1.0
P::J1296,DPP-2019,Central,GIA,,,200.0,0.0,,2026-03-01,2026-03-01,2026-03-01,P::J1296,FRANCISCO 138KV SUBSTATION,Queue-derived study fields,,2026-09-05T04:35:51Z,snapshot_fields,1.0
P::J1297,DPP-2019,East (ITC),GIA,,,170.0,0.0,,2026-03-01,2026-03-01,2026-03-01,P::J1297,CORNELL BELL ROAD 138KV LINE,Queue-derived study fields,,2026-09-05T04:35:51Z,snapshot_fields,1.0
P::J1298,DPP-2019,West,GIA,,,150.0,0.0,,2026-03-01,2026-03-01,2026-03-01,P::J1298,HAYWARD MURPHY CREEK 161KV LINE,Queue-derived study fields,,2026-09-05T04:35:51Z,snapshot_fields,1.0
P::J1299,DPP-2019,Central,GIA,,,200.0,0.0,,2026-03-01,2026-03-01,2026-03-01,P::J1299,MINER KELSO 161KV LINE,Queue-derived study fields,,2026-09-05T04:35:51Z,snapshot_fields,1.0
P::J1300,DPP-2019,West,GIA,,,120.0,0.0,,2026-03-01,2026-03-01,2026-03-01,P::J1300,BREWSTER ELK 161KV LINE,Queue-derived study fields,,2026-09-05T04:35:51Z,snapshot_fields,1.0
P::J1301,DPP-2019,Central,GIA,,,150.0,0.0,,2026-03-01,2026-03-01,2026-03-01,P::J1301,PREST 138KV SWITCHING STATION,Queue-derived study fields,,2026-09-05T04:35:51Z,snapshot_fields,1.0
P::J1302,DPP-2019,Central,GIA,,,150.0,0.0,,2026-03-01,2026-03-01,2026-03-01,P::J1302,MUDDY NORRIS CITY 138KV LINE,Queue-derived study fields,,2026-09-05T04:35:51Z,snapshot_fields,1.0
P::J1303,DPP-2019,Central,GIA,,,150.0,0.0,,2026-03-01,2026-03-01,2026-03-01,P::J1303,CAMPBELL HILL JACKSON 161KV LINE,Queue-derived study fields,,2026-09-05T04:35:51Z,snapshot_fields,1.0
P::J1304,DPP-2019,East (ATC),GIA,,,65.0,0.0,,2026-03-01,2026-03-01,2026-03-01,P::J1304,PADDOCK TOWNLINE ROAD 138KV LINE,Queue-derived study fields,,2026-09-05T04:35:51Z,snapshot_fields,1.0
P::J1305,DPP-2019,East (ATC),GIA,,,49.9,0.0,,2026-03-01,2026-03-01,2026-03-01,P::J1305,ALBANY BASS CREEK 138KV LINE,Queue-derived study fields,,2026-09-05T04:35:51Z,snapshot_fields,1.0
P::J1306,DPP-2019,Central,GIA,,,200.0,0.0,,2026-03-01,2026-03-01,2026-03-01,P::J1306,COMMODORE JORDAN 345KV LINE,Queue-derived study fields,,2026-09-05T04:35:51Z,snapshot_fields,1.0
P::J1307,DPP-2019,East (ITC),GIA,,,150.0,0.0,,2026-03-01,2026-03-01,2026-03-01,P::J1307,ONEIDA BATTLE CREEK 345KV LINE,Queue-derived study fields,,2026-09-05T04:35:51Z,snapshot_fields,1.0
P::J1308,DPP-2019,Central,GIA,,,300.0,0.0,,2026-03-01,2026-03-01,2026-03-01,P::J1308,AB BROWN GIBSON 345KV LINE,Queue-derived study fields,,2026-09-05T04:35:51Z,snapshot_fields,1.0
P::J1309,DPP-2019,South,GIA,,,129.9,0.0,,2026-03-01,2026-03-01,2026-03-01,P::J1309,GILLETT 115KV SUBSTATION,Queue-derived study fields,,2026-09-05T04:35:51Z,snapshot_fields,1.0
P::J1310,DPP-2019,East (ITC),GIA,,,125.0,0.0,,2026-03-01,2026-03-01,2026-03-01,P::J1310,BLACKSTONE MARSHALL 138KV LINE,Queue-derived study fields,,2026-09-05T04:35:51Z,snapshot_fields,1.0
P::J1311,DPP-2019,Central,GIA,,,150.0,0.0,,2026-03-01,2026-03-01,2026-03-01,P::J1311,FAYETTEVILLE BEE HOLLOW ROAD 138KV SUBSTATION,Queue-derived study fields,,2026-09-05T04:35:51Z,snapshot_fields,1.0
P::J1312,DPP-2019,West,GIA,,,50.0,0.0,,2026-03-01,2026-03-01,2026-03-01,P::J1312,GRANT 115KV SUBSTATION,Queue-derived study fields,,2026-09-05T04:35:51Z,snapshot_fields,1.0
P::J1313,DPP-2019,West,GIA,,,100.0,0.0,,2026-03-01,2026-03-01,2026-03-01,P::J1313,161KV BUS AT KARMA SUBSTATION,Queue-derived study fields,,2026-09-05T04:35:51Z,snapshot_fields,1.0
P::J1314,DPP-2019,West,GIA,,,100.0,0.0,,2026-03-01,2026-03-01,2026-03-01,P::J1314,APPLE RIVER 161KV SUBSTATION,Queue-derived study fields,,2026-09-05T04:35:51Z,snapshot_fields,1.0
P::J1315,DPP-2019,West,GIA,,,600.0,0.0,,2026-03-01,2026-03-01,2026-03-01,P::J1315,LYON COUNTY CEDAR MOUNTAIN 345KV LINE TAP,Queue-derived study fields,,2026-09-05T04:35:51Z,snapshot_fields,1.0
P::J1316,DPP-2019,East (ATC),GIA,,,50.0,0.0,,2026-03-01,2026-03-01,2026-03-01,P::J1316,PARIS 138KV SUBSTATION,Queue-derived study fields,,2026-09-05T04:35:51Z,snapshot_fields,1.0
P::J1317,DPP-2019,East (ITC),GIA,,,150.0,0.0,,2026-03-01,2026-03-01,2026-03-01,P::J1317,BENNET 120KV SUBSTATION,Queue-derived study fields,,2026-09-05T04:35:51Z,snapshot_fields,1.0
P::J1318,DPP-2019,Central,GIA,,,25.0,0.0,,2026-03-01,2026-03-01,2026-03-01,P::J1318,RUSHVILLE 69KV SUBSTATION,Queue-derived study fields,,2026-09-05T04:35:51Z,snapshot_fields,1.0
P::J1319,DPP-2019,East (ITC),GIA,,,117.5,0.0,,2026-03-01,2026-03-01,2026-03-01,P::J1319,RAPSON 120KV SUBSTATION,Queue-derived study fields,,2026-09-05T04:35:51Z,snapshot_fields,1.0
P::J1320,DPP-2019,East (ITC),GIA,,,150.0,0.0,,2026-03-01,2026-03-01,2026-03-01,P::J1320,COLDWATER BATAVIA 138KV LINE,Queue-derived study fields,,2026-09-05T04:35:51Z,snapshot_fields,1.0
P::J1321,DPP-2019,West,GIA,,,65.0,0.0,,2026-03-01,2026-03-01,2026-03-01,P::J1321,O BRIEN KOSSUTH 345KV LINE TAP,Queue-derived study fields,,2026-09-05T04:35:51Z,snapshot_fields,1.0
P::J1322,DPP-2019,East (ITC),GIA,,,200.0,0.0,,2026-03-01,2026-03-01,2026-03-01,P::J1322,BATTLE CREEK ONEIDA 345KV TAP,Queue-derived study fields,,2026-09-05T04:35:51Z,snapshot_fields,1.0
P::J1323,DPP-2019,Central,GIA,,,25.0,0.0,,2026-03-01,2026-03-01,2026-03-01,P::J1323,LAGRANGE 138KV SUBSTATION,Queue-derived study fields,,2026-09-05T04:35:51Z,snapshot_fields,1.0
P::J1324,,,,,,150.0,0.0,,2026-03-01,2026-03-01,2026-03-01,P::J1324,MIDWAY 138KV SUBSTATION,Queue-derived study fields,,2026-09-05T04:35:51Z,snapshot_fields,1.0
P::J1325,DPP-2019,West,GIA,,,200.0,0.0,,2026-03-01,2026-03-01,2026-03-01,P::J1325,MAGNOLIA 161KV SUBSTATION,Queue-derived study fields,,2026-09-05T04:35:51Z,snapshot_fields,1.0
P::J1326,DPP-2019,East (ATC),GIA,,,75.0,0.0,,2026-03-01,2026-03-01,2026-03-01,P::J1326,ROCKDALE 345KV SUBSTATION,Queue-derived study fields,,2026-09-05T04:35:51Z,snapshot_fields,1.0
P::J1327,DPP-2019,East (ITC),GIA,,,20.0,0.0,,2026-03-01,2026-03-01,2026-03-01,P::J1327,MARQUETTE VERGENNES 138KV LINE TAP,Queue-derived study fields,,2026-09-05T04:35:51Z,snapshot_fields,1.0
P::J1328,DPP-2019,West,GIA,,,100.0,0.0,,2026-03-01,2026-03-01,2026-03-01,P::J1328,BIG STONE SOUTH 345KV SUB,Queue-derived study fields,,2026-09-05T04:35:51Z,snapshot_fields,1.0
P::J1329,DPP-2019,East (ITC),GIA,,,20.0,0.0,,2026-03-01,2026-03-01,2026-03-01,P::J1329,MAJESTIC MILAN 345KV LINE TAP,Queue-derived study fields,,2026-09-05T04:35:51Z,snapshot_fields,1.0
P::J1330,DPP-2019,Central,GIA,,,200.0,0.0,,2026-03-01,2026-03-01,2026-03-01,P::J1330,BALDWIN 345KV SUBSTATION,Queue-derived study fields,,2026-09-05T04:35:51Z,snapshot_fields,1.0
P::J1331,DPP-2019,East (ITC),GIA,,,100.0,0.0,,2026-03-01,2026-03-01,2026-03-01,P::J1331,GREENWOOD 120KV SUBSTATION,Queue-derived study fields,,2026-09-05T04:35:51Z,snapshot_fields,1.0
P::J1332,DPP-2019,Central,GIA,,,200.0,0.0,,2026-03-01,2026-03-01,2026-03-01,P::J1332,ROLLIN SCHAHFER LAKE GEORGE 345KV LINE,Queue-derived study fields,,2026-09-05T04:35:51Z,snapshot_fields,1.0
P::J1333,DPP-2019,Central,GIA,,,199.5,0.0,,2026-03-01,2026-03-01,2026-03-01,P::J1333,SCHAHFER BURR OAK 345KV LINE,Queue-derived study fields,,2026-09-05T04:35:51Z,snapshot_fields,1.0
P::J1334,DPP-2019,Central,GIA,,,199.5,0.0,,2026-03-01,2026-03-01,2026-03-01,P::J1334,SCHAHFER BURR OAK 345KV LINE,Queue-derived study fields,,2026-09-05T04:35:51Z,snapshot_fields,1.0
P::J1335,DPP-2019,Central,GIA,,,199.5,0.0,,2026-03-01,2026-03-01,2026-03-01,P::J1335,SCHAHFER BURR OAK 345KV LINE,Queue-derived study fields,,2026-09-05T04:35:51Z,snapshot_fields,1.0
P::J1336,DPP-2019,Central,GIA,,,199.5,0.0,,2026-03-01,2026-03-01,2026-03-01,P::J1336,SCHAHFER BURR OAK 345KV LINE,Queue-derived study fields,,2026-09-05T04:35:51Z,snapshot_fields,1.0
P::J1337,DPP-2019,West,GIA,,,300.0,0.0,,2026-03-01,2026-03-01,2026-03-01,P::J1337,SHERBURNE COUNTY 345KV SUBSTATION,Queue-derived study fields,,2026-09-05T04:35:51Z,snapshot_fields,1.0
P::J1338,DPP-2019,Central,GIA,,,150.0,0.0,,2026-03-01,2026-03-01,2026-03-01,P::J1338,SPENCER CREEK MONTGOMERY 345KV LINE TAP,Queue-derived study fields,,2026-09-05T04:35:51Z,snapshot_fields,1.0
P::J1339,DPP-2019,Central,GIA,,,199.5,0.0,,2026-03-01,2026-03-01,2026-03-01,P::J1339,SCHAHFER BURR OAK 345KV LINE,Queue-derived study fields,,2026-09-05T04:35:51Z,snapshot_fields,1.0
P::J1340,DPP-2019,Central,GIA,,,199.5,0.0,,2026-03-01,2026-03-01,2026-03-01,P::J1340,SCHAHFER BURR OAK 345KV LINE,Queue-derived study fields,,2026-09-05T04:35:51Z,snapshot_fields,1.0
P::J1341,DPP-2019,West,GIA,,,398.0,0.0,,2026-03-01,2026-03-01,2026-03-01,P::J1341,HAZLETON 345KV SUBSTATION,Queue-derived study fields,,2026-09-05T04:35:51Z,snapshot_fields,1.0
P::J1342,DPP-2019,Central,GIA,,,99.0,0.0,,2026-03-01,2026-03-01,2026-03-01,P::J1342,STARKE 138KV SUBSTATION,Queue-derived study fields,,2026-09-05T04:35:51Z,snapshot_fields,1.0
P::J1343,DPP-2019,West,GIA,,,96.0,0.0,,2026-03-01,2026-03-01,2026-03-01,P::J1343,EMERY LIME CREEK 161KV LINE TAP,Queue-derived study fields,,2026-09-05T04:35:51Z,snapshot_fields,1.0
P::J1344,DPP-2019,West,GIA,,,48.0,0.0,,2026-03-01,2026-03-01,2026-03-01,P::J1344,HASTINGS 69KV SUBSTATION,Queue-derived study fields,,2026-09-05T04:35:51Z,snapshot_fields,1.0
P::J1345,DPP-2019,East (ATC),GIA,,,25.0,0.0,,2026-03-01,2026-03-01,2026-03-01,P::J1345,NORTH BEAVER DAM 69KV SUBSTATION,Queue-derived study fields,,2026-09-05T04:35:51Z,snapshot_fields,1.0
P::J1346,DPP-2019,East (ITC),GIA,,,382.0,0.0,,2026-03-01,2026-03-01,2026-03-01,P::J1346,BROWNSTOWN 345KV SUBSTATION,Queue-derived study fields,,2026-09-05T04:35:51Z,snapshot_fields,1.0
P::J1347,DPP-2019,South,GIA,,,175.0,0.0,,2026-03-01,2026-03-01,2026-03-01,P::J1347,PELAHATCHIE SCOTT 115KV LINE TAP,Queue-derived study fields,,2026-09-05T04:35:51Z,snapshot_fields,1.0
P::J1348,DPP-2019,Central,GIA,,,200.0,0.0,,2026-03-01,2026-03-01,2026-03-01,P::J1348,CAYUGA SUGAR CREEK 345KV LINE,Queue-derived study fields,,2026-09-05T04:35:51Z,snapshot_fields,1.0
P::J1349,DPP-2019,West,GIA,,,335.0,0.0,,2026-03-01,2026-03-01,2026-03-01,P::J1349,CRANDALL 345KV SUBSTATION,Queue-derived study fields,,2026-09-05T04:35:51Z,snapshot_fields,1.0
P::J1350,DPP-2019,East (ITC),GIA,,,150.0,0.0,,2026-03-01,2026-03-01,2026-03-01,P::J1350,MILAN MONROE MOROCCO 345KV POINT,Queue-derived study fields,,2026-09-05T04:35:51Z,snapshot_fields,1.0
P::J1351,DPP-2019,South,GIA,,,120.0,0.0,,2026-03-01,2026-03-01,2026-03-01,P::J1351,TALLULAH DELHI 115KV LINE TAP,Queue-derived study fields,,2026-09-05T04:35:51Z,snapshot_fields,1.0
P::J1352,DPP-2019,Central,GIA,,,100.0,0.0,,2026-03-01,2026-03-01,2026-03-01,P::J1352,SPENCER CREEK MONTGOMERY 345KV LINE,Queue-derived study fields,,2026-09-05T04:35:51Z,snapshot_fields,1.0
P::J1353,DPP-2019,Central,GIA,,,150.0,0.0,,2026-03-01,2026-03-01,2026-03-01,P::J1353,GREEN ACRES138KV SUBTATION,Queue-derived study fields,,2026-09-05T04:35:51Z,snapshot_fields,1.0
P::J1354,DPP-2019,Central,GIA,,,146.0,0.0,,2026-03-01,2026-03-01,2026-03-01,P::J1354,DECATUR COUNTY 138KV SWITCHING STATION,Queue-derived study fields,,2026-09-05T04:35:51Z,snapshot_fields,1.0
P::J1355,DPP-2019,Central,GIA,,,160.0,0.0,,2026-03-01,2026-03-01,2026-03-01,P::J1355,STILLWELL 138KV SUBTATION,Queue-derived study fields,,2026-09-05T04:35:51Z,snapshot_fields,1.0
P::J1356,DPP-2019,Central,GIA,,,160.0,0.0,,2026-03-01,2026-03-01,2026-03-01,P::J1356,WHITFIELD 138KV SUBSTATION,Queue-derived study fields,,2026-09-05T04:35:51Z,snapshot_fields,1.0
P::J1357,DPP-2019,Central,GIA,,,150.0,0.0,,2026-03-01,2026-03-01,2026-03-01,P::J1357,MADISON 138KV SUBSTATION,Queue-derived study fields,,2026-09-05T04:35:51Z,snapshot_fields,1.0
P::J1358,DPP-2019,Central,GIA,,,125.0,0.0,,2026-03-01,2026-03-01,2026-03-01,P::J1358,LUCHTMAN MICHIGAN CITY138KV LINE,Queue-derived study fields,,2026-09-05T04:35:51Z,snapshot_fields,1.0
P::J1359,DPP-2019,West,GIA,,,95.0,0.0,,2026-03-01,2026-03-01,2026-03-01,P::J1359,OAKRIDGE 69KV SUBSTATION,Queue-derived study fields,,2026-09-05T04:35:51Z,snapshot_fields,1.0
P::J1360,DPP-2019,Central,GIA,,,300.0,0.0,,2026-03-01,2026-03-01,2026-03-01,P::J1360,GOOSE CREEK 345KV SWITCHYARD,Queue-derived study fields,,2026-09-05T04:35:51Z,snapshot_fields,1.0
P::J1361,DPP-2019,South,GIA,,,50.0,0.0,,2026-03-01,2026-03-01,2026-03-01,P::J1361,LAGEN HOLTON FRANKLINTON 115KV LINE J1184,Queue-derived study fields,,2026-09-05T04:35:51Z,snapshot_fields,1.0
P::J1362,DPP-2019,East (ITC),GIA,,,150.0,0.0,,2026-03-01,2026-03-01,2026-03-01,P::J1362,KENOWA LUDINGTON 345KV LINE TAP,Queue-derived study fields,,2026-09-05T04:35:51Z,snapshot_fields,1.0
P::J1363,DPP-2019,Central,GIA,,,150.0,0.0,,2026-03-01,2026-03-01,2026-03-01,P::J1363,SPENCER CREEK MONTGOMERY 345KV LINE TAP,Queue-derived study fields,,2026-09-05T04:35:51Z,snapshot_fields,1.0
P::J1364,DPP-2019,South,GIA,,,150.0,0.0,,2026-03-01,2026-03-01,2026-03-01,P::J1364,MARKED TREE MARION 161KV LINE TAP,Queue-derived study fields,,2026-09-05T04:35:51Z,snapshot_fields,1.0
P::J1365,DPP-2019,West,GIA,,,169.4,0.0,,2026-03-01,2026-03-01,2026-03-01,P::J1365,TRAER 161 KV SUBSTATION,Queue-derived study fields,,2026-09-05T04:35:51Z,snapshot_fields,1.0
P::J1366,DPP-2019,West,GIA,,,200.0,0.0,,2026-03-01,2026-03-01,2026-03-01,P::J1366,TREMVAL SEVEN MILE 161KV LINE TAP,Queue-derived study fields,,2026-09-05T04:35:51Z,snapshot_fields,1.0
P::J1367,DPP-2019,South,GIA,,,95.0,0.0,,2026-03-01,2026-03-01,2026-03-01,P::J1367,CANELAND 230KV SUBSTATION,Queue-derived study fields,,2026-09-05T04:35:51Z,snapshot_fields,1.0
P::J1368,DPP-2019,South,GIA,,,200.0,0.0,,2026-03-01,2026-03-01,2026-03-01,P::J1368,FANCY POINT WATERLOO 230KV LINE,Queue-derived study fields,,2026-09-05T04:35:51Z,snapshot_fields,1.0
P::J1369,DPP-2019,Central,GIA,,,100.0,0.0,,2026-03-01,2026-03-01,2026-03-01,P::J1369,DUBOIS CULLEY 138KV LINE,Queue-derived study fields,,2026-09-05T04:35:51Z,snapshot_fields,1.0
P::J1370,DPP-2019,East (ATC),GIA,,,50.0,0.0,,2026-03-01,2026-03-01,2026-03-01,P::J1370,9 MILE SW STA DAFTER 69KV LINE,Queue-derived study fields,,2026-09-05T04:35:51Z,snapshot_fields,1.0
P::J1371,DPP-2019,West,GIA,,,150.0,0.0,,2026-03-01,2026-03-01,2026-03-01,P::J1371,ASTORIA 345KV SUBSTATION,Queue-derived study fields,,2026-09-05T04:35:51Z,snapshot_fields,1.0
P::J1372,DPP-2019,South,GIA,,,100.0,0.0,,2026-03-01,2026-03-01,2026-03-01,P::J1372,FANCY POINT WATERLOO 230KV LINE J1368 POI,Queue-derived study fields,,2026-09-05T04:35:51Z,snapshot_fields,1.0
P::J1373,DPP-2019,South,GIA,,,95.0,0.0,,2026-03-01,2026-03-01,2026-03-01,P::J1373,GRIFFITHVILLE SEARCY PRICE 115KV LINE TAP,Queue-derived study fields,,2026-09-05T04:35:51Z,snapshot_fields,1.0
P::J1374,DPP-2019,East (ATC),GIA,,,95.0,0.0,,2026-03-01,2026-03-01,2026-03-01,P::J1374,ATC EBENEZER SUB ON LANCASTER EDEN 138KV LINE,Queue-derived study fields,,2026-09-05T04:35:51Z,snapshot_fields,1.0
P::J1375,DPP-2019,East (ITC),GIA,,,100.0,0.0,,2026-03-01,2026-03-01,2026-03-01,P::J1375,DU PONT COBB WHITE LAKE 138KV,Queue-derived study fields,,2026-09-05T04:35:51Z,snapshot_fields,1.0
P::J1376,DPP-2019,Central,GIA,,,100.0,0.0,,2026-03-01,2026-03-01,2026-03-01,P::J1376,BARNETT GEORGETOWN OVERTON 161KV LINE TAP,Queue-derived study fields,,2026-09-05T04:35:51Z,snapshot_fields,1.0
P::J1377,DPP-2019,East (ATC),GIA,,,98.56,0.0,,2026-03-01,2026-03-01,2026-03-01,P::J1377,WEMPLETOWN ROCKDALE 345KV LINE TAP,Queue-derived study fields,,2026-09-05T04:35:51Z,snapshot_fields,1.0
P::J1378,DPP-2019,Central,GIA,,,200.0,0.0,,2026-03-01,2026-03-01,2026-03-01,P::J1378,VEEDERSBURG WEST 230KV SUBSTATION,Queue-derived study fields,,2026-09-05T04:35:51Z,snapshot_fields,1.0
P::J1379,DPP-2019,East (ITC),GIA,,,200.0,0.0,,2026-03-01,2026-03-01,2026-03-01,P::J1379,EUREKA VESTABURG 138KV LINE TAP,Queue-derived study fields,,2026-09-05T04:35:51Z,snapshot_fields,1.0
P::J1380,DPP-2019,South,GIA,,,200.0,0.0,,2026-03-01,2026-03-01,2026-03-01,P::J1380,COOPER PENTON 230KV LINE,Queue-derived study fields,,2026-09-05T04:35:51Z,snapshot_fields,1.0
P::J1381,DPP-2019,Central,GIA,,,200.0,0.0,,2026-03-01,2026-03-01,2026-03-01,P::J1381,GREENTOWN 230KV SUBSTATION,Queue-derived study fields,,2026-09-05T04:35:51Z,snapshot_fields,1.0
P::J1382,DPP-2019,Central,GIA,,,150.0,0.0,,2026-03-01,2026-03-01,2026-03-01,P::J1382,HUTSONVILLE NEOGA 138KV LINE TAP,Queue-derived study fields,,2026-09-05T04:35:51Z,snapshot_fields,1.0
P::J1383,DPP-2019,Central,GIA,,,150.0,0.0,,2026-03-01,2026-03-01,2026-03-01,P::J1383,IPAVA 138KV SUBSTATION,Queue-derived study fields,,2026-09-05T04:35:51Z,snapshot_fields,1.0
P::J1384,DPP-2019,South,GIA,,,200.0,0.0,,2026-03-01,2026-03-01,2026-03-01,P::J1384,VILLE PLATTE WEST FORK 230KV LINE,Queue-derived study fields,,2026-09-05T04:35:51Z,snapshot_fields,1.0
P::J1385,DPP-2019,Central,GIA,,,100.0,0.0,,2026-03-01,2026-03-01,2026-03-01,P::J1385,STILESVILLE 138KV SUBSTATION,Queue-derived study fields,,2026-09-05T04:35:51Z,snapshot_fields,1.0
P::J1386,DPP-2019,Central,GIA,,,100.0,0.0,,2026-03-01,2026-03-01,2026-03-01,P::J1386,GREEN ACRES 138KV SUBSTATION,Queue-derived study fields,,2026-09-05T04:35:51Z,snapshot_fields,1.0
P::J1387,DPP-2019,Central,GIA,,,60.0,0.0,,2026-03-01,2026-03-01,2026-03-01,P::J1387,CIRCUIT 6958 69KV LINE TAP,Queue-derived study fields,,2026-09-05T04:35:51Z,snapshot_fields,1.0
P::J1388,DPP-2019,Central,GIA,,,150.0,0.0,,2026-03-01,2026-03-01,2026-03-01,P::J1388,OAKLAND CITY OLD BEN COAL 138KV LINE TAP,Queue-derived study fields,,2026-09-05T04:35:51Z,snapshot_fields,1.0
P::J1389,DPP-2019,East (ITC),GIA,,,120.0,0.0,,2026-03-01,2026-03-01,2026-03-01,P::J1389,MURPHY STATION NELSON ROAD 345KV LINE TAP,Queue-derived study fields,,2026-09-05T04:35:51Z,snapshot_fields,1.0
P::J1390,DPP-2019,Central,GIA,,,150.0,0.0,,2026-03-01,2026-03-01,2026-03-01,P::J1390,GALLAGHER STATION COLUMBUS 230KV LINE TAP,Queue-derived study fields,,2026-09-05T04:35:51Z,snapshot_fields,1.0
P::J1391,DPP-2019,Central,GIA,,,100.0,0.0,,2026-03-01,2026-03-01,2026-03-01,P::J1391,DUFF 138KV SUBSTATION,Queue-derived study fields,,2026-09-05T04:35:51Z,snapshot_fields,1.0
P::J1392,DPP-2019,Central,GIA,,,100.0,0.0,,2026-03-01,2026-03-01,2026-03-01,P::J1392,LAGRANGE 138KV SUBSTATION,Queue-derived study fields,,2026-09-05T04:35:51Z,snapshot_fields,1.0
P::J1393,DPP-2019,Central,GIA,,,130.0,0.0,,2026-03-01,2026-03-01,2026-03-01,P::J1393,CATO 138KV SUBSTATION,Queue-derived study fields,,2026-09-05T04:35:51Z,snapshot_fields,1.0
P::J1394,DPP-2019,East (ITC),GIA,,,150.0,0.0,,2026-03-01,2026-03-01,2026-03-01,P::J1394,CORNELL LAYTON138KV LINE,Queue-derived study fields,,2026-09-05T04:35:51Z,snapshot_fields,1.0
P::J1395,DPP-2019,West,GIA,,,200.0,0.0,,2026-03-01,2026-03-01,2026-03-01,P::J1395,HAWKS NEST LAKE LYON COUNTY 345KV LINE TAP,Queue-derived study fields,,2026-09-05T04:35:51Z,snapshot_fields,1.0
P::J1396,DPP-2019,Central,GIA,,,150.0,0.0,,2026-03-01,2026-03-01,2026-03-01,P::J1396,RATTS VICTORY 161KV LINE,Queue-derived study fields,,2026-09-05T04:35:51Z,snapshot_fields,1.0
P::J1397,DPP-2019,East (ATC),GIA,,,25.0,0.0,,2026-03-01,2026-03-01,2026-03-01,P::J1397,WHISTLING WINGS 69KV SUBSTATION,Queue-derived study fields,,2026-09-05T04:35:51Z,snapshot_fields,1.0
P::J1398,DPP-2019,Central,GIA,,,150.0,0.0,,2026-03-01,2026-03-01,2026-03-01,P::J1398,RATTS 161KV SUBSTATION,Queue-derived study fields,,2026-09-05T04:35:51Z,snapshot_fields,1.0
P::J1399,DPP-2019,East (ITC),GIA,,,90.0,0.0,,2026-03-01,2026-03-01,2026-03-01,P::J1399,DELHI CHURCHILL TOMPKINS 138KV LINE,Queue-derived study fields,,2026-09-05T04:35:51Z,snapshot_fields,1.0
P::J1400,DPP-2019,South,GIA,,,150.0,0.0,,2026-03-01,2026-03-01,2026-03-01,P::J1400,MARKED TREE MARION 161KV LINE TAP,Queue-derived study fields,,2026-09-05T04:35:51Z,snapshot_fields,1.0
P::J1401,DPP-2019,East (ITC),GIA,,,150.0,0.0,,2026-03-01,2026-03-01,2026-03-01,P::J1401,BATAVIA WAGNER 138KV LINE,Queue-derived study fields,,2026-09-05T04:35:51Z,snapshot_fields,1.0
P::J1402,DPP-2019,South,GIA,,,0.0,,,2026-03-01,2026-03-01,2026-03-01,P::J1402,CASH NEWPORT AB161KV LINE,Queue-derived study fields,,2026-09-05T04:35:51Z,snapshot_fields,1.0
P::J1403,DPP-2019,East (ITC),GIA,,,200.0,0.0,,2026-03-01,2026-03-01,2026-03-01,P::J1403,MARQUETTE 138KV SUBSTATION,Queue-derived study fields,,2026-09-05T04:35:51Z,snapshot_fields,1.0
P::J1404,DPP-2019,South,GIA,,,167.0,0.0,,2026-03-01,2026-03-01,2026-03-01,P::J1404,DREW 115KV SUBSTATION,Queue-derived study fields,,2026-09-05T04:35:51Z,snapshot_fields,1.0
P::J1405,DPP-2019,Central,GIA,,,140.0,0.0,,2026-03-01,2026-03-01,2026-03-01,P::J1405,SANBORN LINTON 138KV LINE TAP,Queue-derived study fields,,2026-09-05T04:35:51Z,snapshot_fields,1.0
P::J1406,DPP-2019,East (ITC),GIA,,,25.2,0.0,,2026-03-01,2026-03-01,2026-03-01,P::J1406,KENOWA LUDINGTON 345KV LINE TAP,Queue-derived study fields,,2026-09-05T04:35:51Z,snapshot_fields,1.0
P::J1407,DPP-2019,Central,GIA,,,100.0,0.0,,2026-03-01,2026-03-01,2026-03-01,P::J1407,SOUTH VALPARAISO 138KV SUBSTATION,Queue-derived study fields,,2026-09-05T04:35:51Z,snapshot_fields,1.0
P::J1408,DPP-2019,Central,GIA,,,100.0,0.0,,2026-03-01,2026-03-01,2026-03-01,P::J1408,VIRDEN 138KV SUBSTATION,Queue-derived study fields,,2026-09-05T04:35:51Z,snapshot_fields,1.0
P::J1409,DPP-2019,Central,GIA,,,25.0,0.0,,2026-03-01,2026-03-01,2026-03-01,P::J1409,HENDERSON 161KV SUBSTATION,Queue-derived study fields,,2026-09-05T04:35:51Z,snapshot_fields,1.0
P::J1410,DPP-2019,East (ATC),GIA,,,300.0,0.0,,2026-03-01,2026-03-01,2026-03-01,P::J1410,N MADISON 345KV SUBSTATION,Queue-derived study fields,,2026-09-05T04:35:51Z,snapshot_fields,1.0
P::J1411,DPP-2019,East (ATC),GIA,,,75.0,0.0,,2026-03-01,2026-03-01,2026-03-01,P::J1411,N MADISON 345KV SUBSTATION,Queue-derived study fields,,2026-09-05T04:35:51Z,snapshot_fields,1.0
P::J1412,DPP-2019,Central,GIA,,,250.0,0.0,,2026-03-01,2026-03-01,2026-03-01,P::J1412,LAKE GEORGE SCHAHFER GEN STA 345KV LINE TAP,Queue-derived study fields,,2026-09-05T04:35:51Z,snapshot_fields,1.0
P::J1413,DPP-2019,West,GIA,,,300.0,0.0,,2026-03-01,2026-03-01,2026-03-01,P::J1413,HAZLETON MITCHELL COUNTY 345KV LINE TAP,Queue-derived study fields,,2026-09-05T04:35:51Z,snapshot_fields,1.0
P::J1414,DPP-2019,South,GIA,,,150.0,0.0,,2026-03-01,2026-03-01,2026-03-01,P::J1414,DATTO CORNING NORTH 161KV LINE,Queue-derived study fields,,2026-09-05T04:35:51Z,snapshot_fields,1.0
P::J1415,DPP-2019,South,GIA,,,250.0,0.0,,2026-03-01,2026-03-01,2026-03-01,P::J1415,KEO EHV 500KV SUBSTATION,Queue-derived study fields,,2026-09-05T04:35:51Z,snapshot_fields,1.0
P::J1416,DPP-2019,West,GIA,,,149.0,0.0,,2026-03-01,2026-03-01,2026-03-01,P::J1416,WORTH COUNTY GLENWORTH 161KV LINE TAP,Queue-derived study fields,,2026-09-05T04:35:51Z,snapshot_fields,1.0
P::J1417,DPP-2019,West,GIA,,,75.0,0.0,,2026-03-01,2026-03-01,2026-03-01,P::J1417,LEDYARD COLBY 345KV LINE TAP,Queue-derived study fields,,2026-09-05T04:35:51Z,snapshot_fields,1.0
P::J1418,DPP-2019,Central,GIA,,,100.0,0.0,,2026-03-01,2026-03-01,2026-03-01,P::J1418,JOPPA JOPPA NORTH BUS 161KV SUBSTATION,Queue-derived study fields,,2026-09-05T04:35:51Z,snapshot_fields,1.0
P::J1419,DPP-2019,Central,GIA,,,250.0,0.0,,2026-03-01,2026-03-01,2026-03-01,P::J1419,EDWARDSPORT AMO 345KV LINE TAP,Queue-derived study fields,,2026-09-05T04:35:51Z,snapshot_fields,1.0
P::J1420,DPP-2019,Central,GIA,,,48.0,0.0,,2026-03-01,2026-03-01,2026-03-01,P::J1420,SUB 107 69KV SUBSTATION,Queue-derived study fields,,2026-09-05T04:35:51Z,snapshot_fields,1.0
P::J1421,DPP-2019,South,GIA,,,300.0,0.0,,2026-03-01,2026-03-01,2026-03-01,P::J1421,MOLER 230KV SUBSTATION,Queue-derived study fields,,2026-09-05T04:35:51Z,snapshot_fields,1.0
P::J1422,DPP-2019,Central,GIA,,,150.0,0.0,,2026-03-01,2026-03-01,2026-03-01,P::J1422,ALBION OLNEY 138KV LINE TAP,Queue-derived study fields,,2026-09-05T04:35:51Z,snapshot_fields,1.0
P::J1423,DPP-2019,East (ITC),GIA,,,100.0,0.0,,2026-03-01,2026-03-01,2026-03-01,P::J1423,CAMPBELL BLENDON 138KV LINE,Queue-derived study fields,,2026-09-05T04:35:51Z,snapshot_fields,1.0
P::J1424,DPP-2019,South,GIA,,,200.0,0.0,,2026-03-01,2026-03-01,2026-03-01,P::J1424,COOPER PENTON ROAD 230KV LINE,Queue-derived study fields,,2026-09-05T04:35:51Z,snapshot_fields,1.0
P::J1425,DPP-2019,South,GIA,,,114.0,0.0,,2026-03-01,2026-03-01,2026-03-01,P::J1425,PINE BLUFF INTERNATIONAL PAPER 115KV SUBSTATION,Queue-derived study fields,,2026-09-05T04:35:51Z,snapshot_fields,1.0
P::J1426,DPP-2019,West,GIA,,,100.0,0.0,,2026-03-01,2026-03-01,2026-03-01,P::J1426,BENTON COUNTY 115KV SUBSTATION,Queue-derived study fields,,2026-09-05T04:35:51Z,snapshot_fields,1.0
P::J1427,DPP-2019,West,GIA,,,400.0,0.0,,2026-03-01,2026-03-01,2026-03-01,P::J1427,DUANE ARNOLD 345KV SUBSTATION,Queue-derived study fields,,2026-09-05T04:35:51Z,snapshot_fields,1.0
P::J1428,DPP-2019,West,GIA,,,200.0,0.0,,2026-03-01,2026-03-01,2026-03-01,P::J1428,BUFFALO 345KV SUBSTATION,Queue-derived study fields,,2026-09-05T04:35:51Z,snapshot_fields,1.0
P::J1429,DPP-2019,East (ATC),GIA,,,24.0,0.0,,2026-03-01,2026-03-01,2026-03-01,P::J1429,WHISTILING WINGS 69KV SUBSTATION,Queue-derived study fields,,2026-09-05T04:35:51Z,snapshot_fields,1.0
P::J1430,DPP-2019,East (ITC),GIA,,,100.0,0.0,,2026-03-01,2026-03-01,2026-03-01,P::J1430,VERONA FOUNDARY 138KV LINE,Queue-derived study fields,,2026-09-05T04:35:51Z,snapshot_fields,1.0
P::J1431,DPP-2019,South,GIA,,,200.0,0.0,,2026-03-01,2026-03-01,2026-03-01,P::J1431,VACHERIE 230KV SUBSTATION,Queue-derived study fields,,2026-09-05T04:35:51Z,snapshot_fields,1.0
P::J1432,DPP-2019,West,GIA,,,250.0,0.0,,2026-03-01,2026-03-01,2026-03-01,P::J1432,SALEM ROCK CREEK 345KV LINE,Queue-derived study fields,,2026-09-05T04:35:51Z,snapshot_fields,1.0
P::J1433,DPP-2019,South,GIA,,,50.0,0.0,,2026-03-01,2026-03-01,2026-03-01,P::J1433,LAGEN HOLTON FRANKLINTON 115KV J1184,Queue-derived study fields,,2026-09-05T04:35:51Z,snapshot_fields,1.0
P::J1434,DPP-2019,South,GIA,,,100.0,0.0,,2026-03-01,2026-03-01,2026-03-01,P::J1434,J907 230KV SUB BRINKLEY EAST AUBREY 230KV LINE,Queue-derived study fields,,2026-09-05T04:35:51Z,snapshot_fields,1.0
P::J1435,DPP-2019,West,GIA,,,100.0,0.0,,2026-03-01,2026-03-01,2026-03-01,P::J1435,CENTER GROVE 161KV SUBSTATION,Queue-derived study fields,,2026-09-05T04:35:51Z,snapshot_fields,1.0
P::J1436,DPP-2019,South,GIA,,,50.0,0.0,,2026-03-01,2026-03-01,2026-03-01,P::J1436,OAK RIDGE 115KV SUBSTATION,Queue-derived study fields,,2026-09-05T04:35:51Z,snapshot_fields,1.0
P::J1437,DPP-2019,South,GIA,,,180.0,0.0,,2026-03-01,2026-03-01,2026-03-01,P::J1437,AECC DRY CREEK 161KV SWITCHYARD STATION,Queue-derived study fields,,2026-09-05T04:35:51Z,snapshot_fields,1.0
P::J1438,DPP-2019,West,GIA,,,100.0,0.0,,2026-03-01,2026-03-01,2026-03-01,P::J1438,WINDSOR HAZELTON 161KV LINE,Queue-derived study fields,,2026-09-05T04:35:51Z,snapshot_fields,1.0
P::J1439,DPP-2019,South,GIA,,,40.0,0.0,,2026-03-01,2026-03-01,2026-03-01,P::J1439,LULA TUNICA 115KV LINE,Queue-derived study fields,,2026-09-05T04:35:51Z,snapshot_fields,1.0
P::J1440,DPP-2019,South,GIA,,,160.0,0.0,,2026-03-01,2026-03-01,2026-03-01,P::J1440,LULA TUNICA 115KV LINE,Queue-derived study fields,,2026-09-05T04:35:51Z,snapshot_fields,1.0
P::J1441,DPP-2019,South,GIA,,,200.0,0.0,,2026-03-01,2026-03-01,2026-03-01,P::J1441,SCHRIEVER 230KV SUBSTATION,Queue-derived study fields,,2026-09-05T04:35:51Z,snapshot_fields,1.0
P::J1442,DPP-2019,South,GIA,,,165.0,0.0,,2026-03-01,2026-03-01,2026-03-01,P::J1442,RICH SHECO LIVINGSTON 138KV LINE TAP,Queue-derived study fields,,2026-09-05T04:35:51Z,snapshot_fields,1.0
P::J1443,DPP-2019,South,GIA,,,100.0,0.0,,2026-03-01,2026-03-01,2026-03-01,P::J1443,TEXAS EASTERN F SS STRONG SS 115KV LINE TAP,Queue-derived study fields,,2026-09-05T04:35:51Z,snapshot_fields,1.0
P::J1444,DPP-2019,West,GIA,,,200.0,0.0,,2026-03-01,2026-03-01,2026-03-01,P::J1444,DUANE ARNOLD 345KV SUBSTATION,Queue-derived study fields,,2026-09-05T04:35:51Z,snapshot_fields,1.0
P::J1445,DPP-2019,West,GIA,,,100.0,0.0,,2026-03-01,2026-03-01,2026-03-01,P::J1445,MAYHEW LAKE 115KV SUBSTATION,Queue-derived study fields,,2026-09-05T04:35:51Z,snapshot_fields,1.0
P::J1446,DPP-2019,West,GIA,,,150.0,0.0,,2026-03-01,2026-03-01,2026-03-01,P::J1446,LAKE PULASKI 115KV SUBSTATION,Queue-derived study fields,,2026-09-05T04:35:51Z,snapshot_fields,1.0
P::J1447,DPP-2019,Central,GIA,,,250.0,0.0,,2026-03-01,2026-03-01,2026-03-01,P::J1447,SCHAHFER GREEN ACRES 345KV LINE,Queue-derived study fields,,2026-09-05T04:35:51Z,snapshot_fields,1.0
P::J1448,DPP-2019,Central,GIA,,,150.0,0.0,,2026-03-01,2026-03-01,2026-03-01,P::J1448,HOPKINS CALDWELL COUNTY BARKELY 161KV LINE,Queue-derived study fields,,2026-09-05T04:35:51Z,snapshot_fields,1.0
P::J1449,DPP-2019,East (ITC),GIA,,,100.0,0.0,,2026-03-01,2026-03-01,2026-03-01,P::J1449,MOROCCO 138KV SUBSTATION,Queue-derived study fields,,2026-09-05T04:35:51Z,snapshot_fields,1.0
P::J1450,DPP-2019,Central,GIA,,,150.0,0.0,,2026-03-01,2026-03-01,2026-03-01,P::J1450,HOPKINS REID161KV LINE,Queue-derived study fields,,2026-09-05T04:35:51Z,snapshot_fields,1.0
P::J1451,DPP-2019,East (ITC),GIA,,,25.0,0.0,,2026-03-01,2026-03-01,2026-03-01,P::J1451,DORSET 120KV SUBSTATION,Queue-derived study fields,,2026-09-05T04:35:51Z,snapshot_fields,1.0
P::J1452,DPP-2019,South,GIA,,,200.0,0.0,,2026-03-01,2026-03-01,2026-03-01,P::J1452,CARROLL MANSFIELD 138KV LINE TAP,Queue-derived study fields,,2026-09-05T04:35:51Z,snapshot_fields,1.0
P::J1453,DPP-2019,Central,GIA,,,188.3,0.0,,2026-03-01,2026-03-01,2026-03-01,P::J1453,HAVANA SHOCKEY 138KV LINE TAP,Queue-derived study fields,,2026-09-05T04:35:51Z,snapshot_fields,1.0
P::J1454,DPP-2019,Central,GIA,,,58.5,0.0,,2026-03-01,2026-03-01,2026-03-01,P::J1454,MASON 138KV SUBSTATION,Queue-derived study fields,,2026-09-05T04:35:51Z,snapshot_fields,1.0
P::J1455,DPP-2019,South,GIA,,,150.0,0.0,,2026-03-01,2026-03-01,2026-03-01,P::J1455,TECHE MORBIHAN 138KV LINE,Queue-derived study fields,,2026-09-05T04:35:51Z,snapshot_fields,1.0
P::J1456,DPP-2019,West,GIA,,,300.0,0.0,,2026-03-01,2026-03-01,2026-03-01,P::J1456,HARVEY UNDERWOOD 230KV LINE TAP,Queue-derived study fields,,2026-09-05T04:35:51Z,snapshot_fields,1.0
P::J1457,DPP-2019,Central,GIA,,,200.0,0.0,,2026-03-01,2026-03-01,2026-03-01,P::J1457,SUGAR CREEK CAYUGA 345KV LINE TAP,Queue-derived study fields,,2026-09-05T04:35:51Z,snapshot_fields,1.0
P::J1458,DPP-2019,South,GIA,,,200.0,0.0,,2026-03-01,2026-03-01,2026-03-01,P::J1458,RAY BRASWELL TINNIN GERALD ANDRUS 230KV LINE,Queue-derived study fields,,2026-09-05T04:35:51Z,snapshot_fields,1.0
P::J1459,DPP-2019,East (ITC),GIA,,,670.0,0.0,,2026-03-01,2026-03-01,2026-03-01,P::J1459,ARGENTA TOMPKINS 345KV LINE TAP,Queue-derived study fields,,2026-09-05T04:35:51Z,snapshot_fields,1.0
P::J1460,DPP-2019,East (ATC),GIA,,,200.0,0.0,,2026-03-01,2026-03-01,2026-03-01,P::J1460,SUNRISE 138KV SUBSTATION,Queue-derived study fields,,2026-09-05T04:35:51Z,snapshot_fields,1.0
P::J1461,DPP-2019,West,GIA,,,50.0,0.0,,2026-03-01,2026-03-01,2026-03-01,P::J1461,MCLEOD BLUE LAKE 230KV LINE,Queue-derived study fields,,2026-09-05T04:35:51Z,snapshot_fields,1.0
P::J1462,DPP-2019,South,GIA,,,150.0,0.0,,2026-03-01,2026-03-01,2026-03-01,P::J1462,ACADIA SCANLAN 138KV LINE,Queue-derived study fields,,2026-09-05T04:35:51Z,snapshot_fields,1.0
P::J1463,DPP-2019,South,GIA,,,150.0,0.0,,2026-03-01,2026-03-01,2026-03-01,P::J1463,ADDIS BIG CAJUN 230KV LINE TAP J639,Queue-derived study fields,,2026-09-05T04:35:51Z,snapshot_fields,1.0
P::J1464,DPP-2019,Central,GIA,,,592.8,0.0,,2026-03-01,2026-03-01,2026-03-01,P::J1464,MEREDOSIA AUSTIN 345KV LINE TAP,Queue-derived study fields,,2026-09-05T04:35:51Z,snapshot_fields,1.0
P::J1465,DPP-2019,South,GIA,,,150.0,0.0,,2026-03-01,2026-03-01,2026-03-01,P::J1465,LIVONIA COLONIAL SPRINGS 138KV LINE,Queue-derived study fields,,2026-09-05T04:35:51Z,snapshot_fields,1.0
P::J1466,DPP-2019,Central,GIA,,,250.0,0.0,,2026-03-01,2026-03-01,2026-03-01,P::J1466,REID EHV 161KV SUBSTATION,Queue-derived study fields,,2026-09-05T04:35:51Z,snapshot_fields,1.0
P::J1467,DPP-2019,West,GIA,,,150.0,0.0,,2026-03-01,2026-03-01,2026-03-01,P::J1467,ITC 161KV WINDSOR HAZLETON 161KV LINE,Queue-derived study fields,,2026-09-05T04:35:51Z,snapshot_fields,1.0
P::J1468,DPP-2019,West,GIA,,,100.0,0.0,,2026-03-01,2026-03-01,2026-03-01,P::J1468,WEST HASTINGS 115KV SUBSTATION,Queue-derived study fields,,2026-09-05T04:35:51Z,snapshot_fields,1.0
P::J1469,DPP-2019,South,GIA,,,200.0,0.0,,2026-03-01,2026-03-01,2026-03-01,P::J1469,MARION MARKED TREE 161KV LINE,Queue-derived study fields,,2026-09-05T04:35:51Z,snapshot_fields,1.0
P::J1470,DPP-2019,Central,GIA,,,30.0,0.0,,2026-03-01,2026-03-01,2026-03-01,P::J1470,CAYUGA CT 345KV SUBSTATION,Queue-derived study fields,,2026-09-05T04:35:51Z,snapshot_fields,1.0
P::J1471,DPP-2019,West,GIA,,,200.0,0.0,,2026-03-01,2026-03-01,2026-03-01,P::J1471,ITC 161KV WEVER SUBSTATION,Queue-derived study fields,,2026-09-05T04:35:51Z,snapshot_fields,1.0
P::J1472,DPP-2019,East (ITC),GIA,,,100.0,0.0,,2026-03-01,2026-03-01,2026-03-01,P::J1472,LEONI PARR RAOD 138KV LINE,Queue-derived study fields,,2026-09-05T04:35:51Z,snapshot_fields,1.0
P::J1473,DPP-2019,West,GIA,,,100.0,0.0,,2026-03-01,2026-03-01,2026-03-01,P::J1473,LAWRENCE CREEK SHAFER 115KV LINE,Queue-derived study fields,,2026-09-05T04:35:51Z,snapshot_fields,1.0
P::J1474,DPP-2019,West,GIA,,,200.0,0.0,,2026-03-01,2026-03-01,2026-03-01,P::J1474,PINE LAKE EAGLE POINT 115KV LINE,Queue-derived study fields,,2026-09-05T04:35:51Z,snapshot_fields,1.0
P::J1475,DPP-2019,Central,GIA,,,75.0,0.0,,2026-03-01,2026-03-01,2026-03-01,P::J1475,CASEY WEST SULLIVAN 345KV LINE TAP,Queue-derived study fields,,2026-09-05T04:35:51Z,snapshot_fields,1.0
P::J1476,DPP-2019,West,GIA,,,25.0,0.0,,2026-03-01,2026-03-01,2026-03-01,P::J1476,CRESTON EAST 69KV SUBSTATION J1132,Queue-derived study fields,,2026-09-05T04:35:51Z,snapshot_fields,1.0
P::J1477,DPP-2019,West,GIA,,,50.0,0.0,,2026-03-01,2026-03-01,2026-03-01,P::J1477,SUB 56 161KV SUBSTATION J1131,Queue-derived study fields,,2026-09-05T04:35:51Z,snapshot_fields,1.0
P::J1478,DPP-2019,West,GIA,,,25.0,0.0,,2026-03-01,2026-03-01,2026-03-01,P::J1478,HUNTWOODS 69KV SUBSTATION J1135,Queue-derived study fields,,2026-09-05T04:35:51Z,snapshot_fields,1.0
P::J1479,DPP-2019,West,GIA,,,100.0,0.0,,2026-03-01,2026-03-01,2026-03-01,P::J1479,BURLINGTON 161KV SUBSTATION,Queue-derived study fields,,2026-09-05T04:35:51Z,snapshot_fields,1.0
P::J1480,DPP-2019,West,GIA,,,70.0,0.0,,2026-03-01,2026-03-01,2026-03-01,P::J1480,SHAWLIS ELECTRIC FARMS 161KV LINE,Queue-derived study fields,,2026-09-05T04:35:51Z,snapshot_fields,1.0
P::J1481,DPP-2019,Central,GIA,,,200.0,0.0,,2026-03-01,2026-03-01,2026-03-01,P::J1481,GREENTOWN 230KV SUBSTATION,Queue-derived study fields,,2026-09-05T04:35:51Z,snapshot_fields,1.0
P::J1482,DPP-2019,Central,GIA,,,150.0,0.0,,2026-03-01,2026-03-01,2026-03-01,P::J1482,MONTICELLO SPRINGBORO 138KV LINE TAP,Queue-derived study fields,,2026-09-05T04:35:51Z,snapshot_fields,1.0
P::J1483,DPP-2019,East (ATC),GIA,,,99.0,0.0,,2026-03-01,2026-03-01,2026-03-01,P::J1483,HILL VALLEY 345KV SUBSTATION,Queue-derived study fields,,2026-09-05T04:35:51Z,snapshot_fields,1.0
P::J1484,DPP-2019,South,GIA,,,25.0,0.0,,2026-03-01,2026-03-01,2026-03-01,P::J1484,TEXAS EASTERN F SS STRONG SS 115KV LINE TAP,Queue-derived study fields,,2026-09-05T04:35:51Z,snapshot_fields,1.0
P::J1485,DPP-2019,West,GIA,,,250.0,0.0,,2026-03-01,2026-03-01,2026-03-01,P::J1485,ASTORIA 345KV SUBSTATION J493 J510,Queue-derived study fields,,2026-09-05T04:35:51Z,snapshot_fields,1.0
P::J1486,DPP-2019,East (ATC),GIA,,,2.5,0.0,,2026-03-01,2026-03-01,2026-03-01,P::J1486,HARRISON NORTH 138KV SUBSTATION,Queue-derived study fields,,2026-09-05T04:35:51Z,snapshot_fields,1.0
P::J1487,DPP-2019,West,GIA,,,120.0,0.0,,2026-03-01,2026-03-01,2026-03-01,P::J1487,FREEBORN 161KV SUBSTATION,Queue-derived study fields,,2026-09-05T04:35:51Z,snapshot_fields,1.0
P::J1488,DPP-2019,Central,GIA,,,500.0,0.0,,2026-03-01,2026-03-01,2026-03-01,P::J1488,MCCREDIE MONTGOMERY 345KV LINE TAP,Queue-derived study fields,,2026-09-05T04:35:51Z,snapshot_fields,1.0
P::J1489,DPP-2019,Central,GIA,,,500.0,0.0,,2026-03-01,2026-03-01,2026-03-01,P::J1489,MAYWOOD SPENCER CREEK 345KV LINE TAP,Queue-derived study fields,,2026-09-05T04:35:51Z,snapshot_fields,1.0
P::J1490,DPP-2019,Central,GIA,,,1000.0,0.0,,2026-03-01,2026-03-01,2026-03-01,P::J1490,MCCREDIE MONTGOMERY 345KV LINE TAP,Queue-derived study fields,,2026-09-05T04:35:51Z,snapshot_fields,1.0
P::J1491,DPP-2020,Central,GIA,,,200.0,0.0,,2026-03-01,2026-03-01,2026-03-01,P::J1491,IPL EW STOUT NORTH YARD 138KV SUBSTATION,Queue-derived study fields,,2026-09-05T04:35:51Z,snapshot_fields,1.0
P::J1492,DPP-2020,East (ITC),GIA,,,150.0,0.0,,2026-03-01,2026-03-01,2026-03-01,P::J1492,GAINES 138KV,Queue-derived study fields,,2026-09-05T04:35:51Z,snapshot_fields,1.0
P::J1493,DPP-2020,West,GIA,,,50.0,0.0,,2026-03-01,2026-03-01,2026-03-01,P::J1493,HUBBARD 115KV,Queue-derived study fields,,2026-09-05T04:35:51Z,snapshot_fields,1.0
P::J1494,DPP-2020,West,GIA,,,50.0,0.0,,2026-03-01,2026-03-01,2026-03-01,P::J1494,CHISAGO 115KV,Queue-derived study fields,,2026-09-05T04:35:51Z,snapshot_fields,1.0
P::J1495,DPP-2020,West,GIA,,,50.0,0.0,,2026-03-01,2026-03-01,2026-03-01,P::J1495,NORTH ROCHESTER 161KV,Queue-derived study fields,,2026-09-05T04:35:51Z,snapshot_fields,1.0
P::J1496,DPP-2020,West,GIA,,,50.0,0.0,,2026-03-01,2026-03-01,2026-03-01,P::J1496,BYRON 161KV,Queue-derived study fields,,2026-09-05T04:35:51Z,snapshot_fields,1.0
P::J1497,DPP-2020,East (ATC),GIA,,,125.0,0.0,,2026-03-01,2026-03-01,2026-03-01,P::J1497,CONCORD 138KV,Queue-derived study fields,,2026-09-05T04:35:51Z,snapshot_fields,1.0
P::J1498,DPP-2020,West,GIA,,,50.0,0.0,,2026-03-01,2026-03-01,2026-03-01,P::J1498,CHANARAMBIE 115KV SUBSTATION,Queue-derived study fields,,2026-09-05T04:35:51Z,snapshot_fields,1.0
P::J1499,DPP-2020,South,GIA,,,50.0,0.0,,2026-03-01,2026-03-01,2026-03-01,P::J1499,EL DORADO EAST STERLINGTON 115KV,Queue-derived study fields,,2026-09-05T04:35:51Z,snapshot_fields,1.0
P::J1500,DPP-2020,South,GIA,,,150.0,0.0,,2026-03-01,2026-03-01,2026-03-01,P::J1500,SE GREENE CO 230KV SUBSTATION,Queue-derived study fields,,2026-09-05T04:35:51Z,snapshot_fields,1.0
P::J1501,DPP-2020,Central,GIA,,,0.0,,,2026-03-01,2026-03-01,2026-03-01,P::J1501,AUBURN NORTH 138KV,Queue-derived study fields,,2026-09-05T04:35:51Z,snapshot_fields,1.0
P::J1502,DPP-2020,East (ATC),GIA,,,225.0,0.0,,2026-03-01,2026-03-01,2026-03-01,P::J1502,BRIGGS ROAD NORTH MADISON 345 0KV,Queue-derived study fields,,2026-09-05T04:35:51Z,snapshot_fields,1.0
P::J1503,DPP-2020,West,GIA,,,150.0,0.0,,2026-03-01,2026-03-01,2026-03-01,P::J1503,HUNTLEY,Queue-derived study fields,,2026-09-05T04:35:51Z,snapshot_fields,1.0
P::J1504,DPP-2020,West,GIA,,,150.0,0.0,,2026-03-01,2026-03-01,2026-03-01,P::J1504,HUNTLEY,Queue-derived study fields,,2026-09-05T04:35:51Z,snapshot_fields,1.0
P::J1505,DPP-2020,South,GIA,,,50.0,0.0,,2026-03-01,2026-03-01,2026-03-01,P::J1505,TALISHEEK BOGALUSA 230KV LINE,Queue-derived study fields,,2026-09-05T04:35:51Z,snapshot_fields,1.0
P::J1506,DPP-2020,South,GIA,,,100.0,0.0,,2026-03-01,2026-03-01,2026-03-01,P::J1506,BARKERS CORNER BOGALUSA 230KV LINE,Queue-derived study fields,,2026-09-05T04:35:51Z,snapshot_fields,1.0
P::J1507,DPP-2020,South,GIA,,,50.0,0.0,,2026-03-01,2026-03-01,2026-03-01,P::J1507,BARKERS CORNER BOGALUSA 230KV LINE,Queue-derived study fields,,2026-09-05T04:35:51Z,snapshot_fields,1.0
P::J1508,DPP-2020,East (ATC),GIA,,,98.9,0.0,,2026-03-01,2026-03-01,2026-03-01,P::J1508,B 54 WIEN TO MCMILLAN 115KV,Queue-derived study fields,,2026-09-05T04:35:51Z,snapshot_fields,1.0
P::J1509,DPP-2020,South,GIA,,,100.0,0.0,,2026-03-01,2026-03-01,2026-03-01,P::J1509,GREENWOOD PICKENS 115KV,Queue-derived study fields,,2026-09-05T04:35:51Z,snapshot_fields,1.0
P::J1510,DPP-2020,East (ATC),GIA,,,100.0,0.0,,2026-03-01,2026-03-01,2026-03-01,P::J1510,ARPIN 345KV,Queue-derived study fields,,2026-09-05T04:35:51Z,snapshot_fields,1.0
P::J1511,DPP-2020,West,GIA,,,26.0,0.0,,2026-03-01,2026-03-01,2026-03-01,P::J1511,SCANDIA TO LAWRENCE CREEK 69KV,Queue-derived study fields,,2026-09-05T04:35:51Z,snapshot_fields,1.0
P::J1512,DPP-2020,East (ATC),GIA,,,98.9,0.0,,2026-03-01,2026-03-01,2026-03-01,P::J1512,DARLINGTON 138KV,Queue-derived study fields,,2026-09-05T04:35:51Z,snapshot_fields,1.0
P::J1513,DPP-2020,East (ATC),GIA,,,300.0,0.0,,2026-03-01,2026-03-01,2026-03-01,P::J1513,CLINTONVILLE,Queue-derived study fields,,2026-09-05T04:35:51Z,snapshot_fields,1.0
P::J1514,DPP-2020,South,GIA,,,100.0,0.0,,2026-03-01,2026-03-01,2026-03-01,P::J1514,DRIVER 203KV SUBSTATION,Queue-derived study fields,,2026-09-05T04:35:51Z,snapshot_fields,1.0
P::J1515,DPP-2020,East (ITC),GIA,,,200.0,0.0,,2026-03-01,2026-03-01,2026-03-01,P::J1515,TITTABAWASSEE TO MURPHY 345KV,Queue-derived study fields,,2026-09-05T04:35:51Z,snapshot_fields,1.0
P::J1516,DPP-2020,East (ITC),GIA,,,100.0,0.0,,2026-03-01,2026-03-01,2026-03-01,P::J1516,FITZ 120KV,Queue-derived study fields,,2026-09-05T04:35:51Z,snapshot_fields,1.0
P::J1517,DPP-2020,Central,GIA,,,40.0,0.0,,2026-03-01,2026-03-01,2026-03-01,P::J1517,HILLSDALE NORTH 230KV,Queue-derived study fields,,2026-09-05T04:35:51Z,snapshot_fields,1.0
P::J1518,DPP-2020,Central,GIA,,,185.0,0.0,,2026-03-01,2026-03-01,2026-03-01,P::J1518,HILLSDALE NORTH,Queue-derived study fields,,2026-09-05T04:35:51Z,snapshot_fields,1.0
P::J1519,DPP-2020,Central,GIA,,,200.0,0.0,,2026-03-01,2026-03-01,2026-03-01,P::J1519,ST FRANCOIS TO LUTESVILLE 345KV,Queue-derived study fields,,2026-09-05T04:35:51Z,snapshot_fields,1.0
P::J1520,DPP-2020,West,GIA,,,135.0,0.0,,2026-03-01,2026-03-01,2026-03-01,P::J1520,OTHER_,Queue-derived study fields,,2026-09-05T04:35:51Z,snapshot_fields,1.0
P::J1521,DPP-2020,West,GIA,,,199.5,0.0,,2026-03-01,2026-03-01,2026-03-01,P::J1521,BIG STONE TO ELLENDALE BS3ELR 345KV J933,Queue-derived study fields,,2026-09-05T04:35:51Z,snapshot_fields,1.0
P::J1522,DPP-2020,East (ITC),GIA,,,200.0,0.0,,2026-03-01,2026-03-01,2026-03-01,P::J1522,GRASSMERE 345KV,Queue-derived study fields,,2026-09-05T04:35:51Z,snapshot_fields,1.0
P::J1523,DPP-2020,South,GIA,,,50.0,0.0,,2026-03-01,2026-03-01,2026-03-01,P::J1523,GREENWOOD PICKENS 115KV,Queue-derived study fields,,2026-09-05T04:35:51Z,snapshot_fields,1.0
P::J1524,DPP-2020,West,GIA,,,200.0,0.0,,2026-03-01,2026-03-01,2026-03-01,P::J1524,BUFFALO RIDGE TO PIPESTONE 115KV,Queue-derived study fields,,2026-09-05T04:35:51Z,snapshot_fields,1.0
P::J1525,DPP-2020,East (ITC),GIA,,,200.0,0.0,,2026-03-01,2026-03-01,2026-03-01,P::J1525,GRASSMERE,Queue-derived study fields,,2026-09-05T04:35:51Z,snapshot_fields,1.0
P::J1526,DPP-2020,East (ITC),GIA,,,200.0,0.0,,2026-03-01,2026-03-01,2026-03-01,P::J1526,GREENWOOD 345KV,Queue-derived study fields,,2026-09-05T04:35:51Z,snapshot_fields,1.0
P::J1527,DPP-2020,East (ITC),GIA,,,200.0,0.0,,2026-03-01,2026-03-01,2026-03-01,P::J1527,KENOWA 345KV,Queue-derived study fields,,2026-09-05T04:35:51Z,snapshot_fields,1.0
P::J1528,DPP-2020,West,GIA,,,0.0,,,2026-03-01,2026-03-01,2026-03-01,P::J1528,EAU CLAIRE ENDPOINT A TO AS KING ENDPOINT B 345KV,Queue-derived study fields,,2026-09-05T04:35:51Z,snapshot_fields,1.0
P::J1529,DPP-2020,West,GIA,,,50.0,0.0,,2026-03-01,2026-03-01,2026-03-01,P::J1529,TAP CARROLL 635320 AUBURN 635328 69KV LINE AT ABOUT MIDPOINT,Queue-derived study fields,,2026-09-05T04:35:51Z,snapshot_fields,1.0
P::J1530,DPP-2020,West,GIA,,,50.0,0.0,,2026-03-01,2026-03-01,2026-03-01,P::J1530,TAP HASTINGS 635033 MACEDONIA 635069 69KV LINE AT ABOUT MIDPOINT,Queue-derived study fields,,2026-09-05T04:35:51Z,snapshot_fields,1.0
P::J1531,DPP-2020,West,GIA,,,200.0,0.0,,2026-03-01,2026-03-01,2026-03-01,P::J1531,SHEROC SUBSTATION 345KV,Queue-derived study fields,,2026-09-05T04:35:51Z,snapshot_fields,1.0
P::J1532,DPP-2020,West,GIA,,,50.0,0.0,,2026-03-01,2026-03-01,2026-03-01,P::J1532,CLARINDA COBURG 69KV,Queue-derived study fields,,2026-09-05T04:35:51Z,snapshot_fields,1.0
P::J1533,DPP-2020,West,GIA,,,200.0,0.0,,2026-03-01,2026-03-01,2026-03-01,P::J1533,CRESTON ADAMS COUNTY 161KV,Queue-derived study fields,,2026-09-05T04:35:51Z,snapshot_fields,1.0
P::J1534,DPP-2020,West,GIA,,,100.0,0.0,,2026-03-01,2026-03-01,2026-03-01,P::J1534,BYRON,Queue-derived study fields,,2026-09-05T04:35:51Z,snapshot_fields,1.0
P::J1535,DPP-2020,Central,GIA,,,50.0,0.0,,2026-03-01,2026-03-01,2026-03-01,P::J1535,EDWARDSPORT PEABODY TAP 138KV LINE,Queue-derived study fields,,2026-09-05T04:35:51Z,snapshot_fields,1.0
P::J1536,DPP-2020,East (ITC),GIA,,,150.0,0.0,,2026-03-01,2026-03-01,2026-03-01,P::J1536,SUMMERTON 1 138KV,Queue-derived study fields,,2026-09-05T04:35:51Z,snapshot_fields,1.0
P::J1537,DPP-2020,East (ITC),GIA,,,150.0,0.0,,2026-03-01,2026-03-01,2026-03-01,P::J1537,THETFORD 1 DORT 138KV T LINE,Queue-derived study fields,,2026-09-05T04:35:51Z,snapshot_fields,1.0
P::J1538,DPP-2020,South,GIA,,,268.0,0.0,,2026-03-01,2026-03-01,2026-03-01,P::J1538,HAMMOND COLY 230KV,Queue-derived study fields,,2026-09-05T04:35:51Z,snapshot_fields,1.0
P::J1539,DPP-2020,South,GIA,,,146.0,0.0,,2026-03-01,2026-03-01,2026-03-01,P::J1539,J683 POI 138KV,Queue-derived study fields,,2026-09-05T04:35:51Z,snapshot_fields,1.0
P::J1540,DPP-2020,West,GIA,,,200.0,0.0,,2026-03-01,2026-03-01,2026-03-01,P::J1540,BISON ALEXANDRIA 345KV,Queue-derived study fields,,2026-09-05T04:35:51Z,snapshot_fields,1.0
P::J1541,DPP-2020,South,GIA,,,200.0,0.0,,2026-03-01,2026-03-01,2026-03-01,P::J1541,DONALDSONVILLE 230KV,Queue-derived study fields,,2026-09-05T04:35:51Z,snapshot_fields,1.0
P::J1542,DPP-2020,South,GIA,,,135.0,0.0,,2026-03-01,2026-03-01,2026-03-01,P::J1542,THIBODAUX VACHERIE 230KV,Queue-derived study fields,,2026-09-05T04:35:51Z,snapshot_fields,1.0
P::J1543,DPP-2020,East (ITC),GIA,,,200.0,0.0,,2026-03-01,2026-03-01,2026-03-01,P::J1543,LUDINGTON TO KEYSTONE 345KV,Queue-derived study fields,,2026-09-05T04:35:51Z,snapshot_fields,1.0
P::J1544,DPP-2020,West,GIA,,,200.0,0.0,,2026-03-01,2026-03-01,2026-03-01,P::J1544,MANDAN BN NORTHWEST MANDAN 115KV LINE,Queue-derived study fields,,2026-09-05T04:35:51Z,snapshot_fields,1.0
P::J1545,DPP-2020,South,GIA,,,0.0,,,2026-03-01,2026-03-01,2026-03-01,P::J1545,CROSSETT NORTH TO NORTH BASTROP 115KV,Queue-derived study fields,,2026-09-05T04:35:51Z,snapshot_fields,1.0
P::J1546,DPP-2020,East (ITC),GIA,,,150.0,0.0,,2026-03-01,2026-03-01,2026-03-01,P::J1546,MILAN MONROE 345KV,Queue-derived study fields,,2026-09-05T04:35:51Z,snapshot_fields,1.0
P::J1547,DPP-2020,West,GIA,,,250.0,0.0,,2026-03-01,2026-03-01,2026-03-01,P::J1547,KILLDEER TO BLACKHAWK 345KV LINE TAP,Queue-derived study fields,,2026-09-05T04:35:51Z,snapshot_fields,1.0
P::J1548,DPP-2020,Central,GIA,,,200.0,0.0,,2026-03-01,2026-03-01,2026-03-01,P::J1548,AMO EDWARDSPORT IGCC 345KV,Queue-derived study fields,,2026-09-05T04:35:51Z,snapshot_fields,1.0
P::J1549,DPP-2020,West,GIA,,,125.0,0.0,,2026-03-01,2026-03-01,2026-03-01,P::J1549,ROCK CREEK DEWITT 161KV LINE,Queue-derived study fields,,2026-09-05T04:35:51Z,snapshot_fields,1.0
P::J1550,DPP-2020,East (ITC),GIA,,,200.0,0.0,,2026-03-01,2026-03-01,2026-03-01,P::J1550,BARTON LAKE BATAVIA 138 0KV,Queue-derived study fields,,2026-09-05T04:35:51Z,snapshot_fields,1.0
P::J1551,DPP-2020,South,GIA,,,195.0,0.0,,2026-03-01,2026-03-01,2026-03-01,P::J1551,CROSSETT NORTH TO NORTH BASTROP 115KV,Queue-derived study fields,,2026-09-05T04:35:51Z,snapshot_fields,1.0
P::J1552,DPP-2020,East (ITC),GIA,,,100.0,0.0,,2026-03-01,2026-03-01,2026-03-01,P::J1552,BLACKSTONE TO MARSHALL 138KV J1310 POI,Queue-derived study fields,,2026-09-05T04:35:51Z,snapshot_fields,1.0
P::J1553,DPP-2020,East (ITC),GIA,,,150.0,0.0,,2026-03-01,2026-03-01,2026-03-01,P::J1553,BINGHAM,Queue-derived study fields,,2026-09-05T04:35:51Z,snapshot_fields,1.0
P::J1554,DPP-2020,East (ITC),GIA,,,150.0,0.0,,2026-03-01,2026-03-01,2026-03-01,P::J1554,AMERICAN BUMPER JUNCTION TO DAVID JUNCTION 138KV,Queue-derived study fields,,2026-09-05T04:35:51Z,snapshot_fields,1.0
P::J1555,DPP-2020,East (ITC),GIA,,,100.0,0.0,,2026-03-01,2026-03-01,2026-03-01,P::J1555,MOORE ROAD SUBSTATION 138KV,Queue-derived study fields,,2026-09-05T04:35:51Z,snapshot_fields,1.0
P::J1556,DPP-2020,East (ITC),GIA,,,200.0,0.0,,2026-03-01,2026-03-01,2026-03-01,P::J1556,NORTHERN FIBRE 138KV,Queue-derived study fields,,2026-09-05T04:35:51Z,snapshot_fields,1.0
P::J1557,DPP-2020,East (ITC),GIA,,,293.0,0.0,,2026-03-01,2026-03-01,2026-03-01,P::J1557,GREENWOOD RAPSON BANNER 345 0KV,Queue-derived study fields,,2026-09-05T04:35:51Z,snapshot_fields,1.0
P::J1558,DPP-2020,South,GIA,,,200.0,0.0,,2026-03-01,2026-03-01,2026-03-01,P::J1558,MORELAND,Queue-derived study fields,,2026-09-05T04:35:51Z,snapshot_fields,1.0
P::J1559,DPP-2020,South,GIA,,,200.0,0.0,,2026-03-01,2026-03-01,2026-03-01,P::J1559,MORRILTON EAST SUBSTATION 161KV BUS,Queue-derived study fields,,2026-09-05T04:35:51Z,snapshot_fields,1.0
P::J1560,DPP-2020,South,GIA,,,200.0,0.0,,2026-03-01,2026-03-01,2026-03-01,P::J1560,PATOUTVILLE SUBSTATION 138KV BUS,Queue-derived study fields,,2026-09-05T04:35:51Z,snapshot_fields,1.0
P::J1561,DPP-2020,South,GIA,,,75.0,0.0,,2026-03-01,2026-03-01,2026-03-01,P::J1561,RICHARD 138KV,Queue-derived study fields,,2026-09-05T04:35:51Z,snapshot_fields,1.0
P::J1562,DPP-2020,South,GIA,,,200.0,0.0,,2026-03-01,2026-03-01,2026-03-01,P::J1562,BLYTHEVILLE I 55 AECC BLYTHEVILLE NORTH 161 0KV,Queue-derived study fields,,2026-09-05T04:35:51Z,snapshot_fields,1.0
P::J1563,DPP-2020,Central,GIA,,,200.0,0.0,,2026-03-01,2026-03-01,2026-03-01,P::J1563,WHITESVILLE WABASH RIVER 230KV LINE,Queue-derived study fields,,2026-09-05T04:35:51Z,snapshot_fields,1.0
P::J1564,DPP-2020,South,GIA,,,100.0,0.0,,2026-03-01,2026-03-01,2026-03-01,P::J1564,TALISHEEK BOGALUSA 230KV LINE,Queue-derived study fields,,2026-09-05T04:35:51Z,snapshot_fields,1.0
P::J1565,DPP-2020,Central,GIA,,,200.0,0.0,,2026-03-01,2026-03-01,2026-03-01,P::J1565,BEDFORD COLUMBUS 345KV LINE LINE 34517,Queue-derived study fields,,2026-09-05T04:35:51Z,snapshot_fields,1.0
P::J1566,DPP-2020,West,GIA,,,150.0,0.0,,2026-03-01,2026-03-01,2026-03-01,P::J1566,RUTLAND,Queue-derived study fields,,2026-09-05T04:35:51Z,snapshot_fields,1.0
P::J1567,DPP-2020,East (ATC),GIA,,,150.0,0.0,,2026-03-01,2026-03-01,2026-03-01,P::J1567,WERBER W HIWAY 22 345KV LINE,Queue-derived study fields,,2026-09-05T04:35:51Z,snapshot_fields,1.0
P::J1568,DPP-2020,West,GIA,,,100.0,0.0,,2026-03-01,2026-03-01,2026-03-01,P::J1568,FRANKLIN 115KV,Queue-derived study fields,,2026-09-05T04:35:51Z,snapshot_fields,1.0
P::J1569,DPP-2020,West,GIA,,,44.0,0.0,,2026-03-01,2026-03-01,2026-03-01,P::J1569,RED WING TO HERBERT 69KV REDWING BAY CITY ESDAILE HERBERT,Queue-derived study fields,,2026-09-05T04:35:51Z,snapshot_fields,1.0
P::J1570,DPP-2020,West,GIA,,,200.0,0.0,,2026-03-01,2026-03-01,2026-03-01,P::J1570,MAGNOLIA 161KV,Queue-derived study fields,,2026-09-05T04:35:51Z,snapshot_fields,1.0
P::J1571,DPP-2020,East (ITC),GIA,,,200.0,0.0,,2026-03-01,2026-03-01,2026-03-01,P::J1571,MOROCCO,Queue-derived study fields,,2026-09-05T04:35:51Z,snapshot_fields,1.0
P::J1572,DPP-2020,West,GIA,,,150.0,0.0,,2026-03-01,2026-03-01,2026-03-01,P::J1572,HUNTLEY TO BLUE EARTH 161KV,Queue-derived study fields,,2026-09-05T04:35:51Z,snapshot_fields,1.0
P::J1573,DPP-2020,East (ATC),GIA,,,250.0,0.0,,2026-03-01,2026-03-01,2026-03-01,P::J1573,PLOVER,Queue-derived study fields,,2026-09-05T04:35:51Z,snapshot_fields,1.0
P::J1574,DPP-2020,South,GIA,,,99.0,0.0,,2026-03-01,2026-03-01,2026-03-01,P::J1574,DARNELL 115KV,Queue-derived study fields,,2026-09-05T04:35:51Z,snapshot_fields,1.0
P::J1575,DPP-2020,West,GIA,,,70.0,0.0,,2026-03-01,2026-03-01,2026-03-01,P::J1575,115KV TRANSMISSION LINE FROM WARSAW TO DONALDSON OWNED BY OTTER TAIL POWER COMPANY,Queue-derived study fields,,2026-09-05T04:35:51Z,snapshot_fields,1.0
P::J1576,DPP-2020,South,GIA,,,200.0,0.0,,2026-03-01,2026-03-01,2026-03-01,P::J1576,ANGIE TO ADAMS CREEK 230KV,Queue-derived study fields,,2026-09-05T04:35:51Z,snapshot_fields,1.0
P::J1577,DPP-2020,South,GIA,,,100.0,0.0,,2026-03-01,2026-03-01,2026-03-01,P::J1577,HARDIN WEST SS SHERIDAN 115 0KV,Queue-derived study fields,,2026-09-05T04:35:51Z,snapshot_fields,1.0
P::J1578,DPP-2020,Central,GIA,,,200.0,0.0,,2026-03-01,2026-03-01,2026-03-01,P::J1578,COLUMBUS GREENWOOD CLARK TWP 230KV LINE CIRCUIT ID 23019,Queue-derived study fields,,2026-09-05T04:35:51Z,snapshot_fields,1.0
P::J1579,DPP-2020,Central,GIA,,,200.0,0.0,,2026-03-01,2026-03-01,2026-03-01,P::J1579,ALBION CROSSVILLE 138KV LINE,Queue-derived study fields,,2026-09-05T04:35:51Z,snapshot_fields,1.0
P::J1580,DPP-2020,East (ITC),GIA,,,100.0,0.0,,2026-03-01,2026-03-01,2026-03-01,P::J1580,COBB ARCHER JUNCTION 138KV 2,Queue-derived study fields,,2026-09-05T04:35:51Z,snapshot_fields,1.0
P::J1581,DPP-2020,West,GIA,,,200.0,0.0,,2026-03-01,2026-03-01,2026-03-01,P::J1581,NOBLES COUNTY,Queue-derived study fields,,2026-09-05T04:35:51Z,snapshot_fields,1.0
P::J1582,DPP-2020,West,GIA,,,160.0,0.0,,2026-03-01,2026-03-01,2026-03-01,P::J1582,PINE LAKE TO THREE LAKES 115KV,Queue-derived study fields,,2026-09-05T04:35:51Z,snapshot_fields,1.0
P::J1583,DPP-2020,South,GIA,,,175.0,0.0,,2026-03-01,2026-03-01,2026-03-01,P::J1583,DONALDSONVILLE EVERGREEN 230KV,Queue-derived study fields,,2026-09-05T04:35:51Z,snapshot_fields,1.0
P::J1584,DPP-2020,South,GIA,,,150.0,0.0,,2026-03-01,2026-03-01,2026-03-01,P::J1584,TOOMEY 138KV,Queue-derived study fields,,2026-09-05T04:35:51Z,snapshot_fields,1.0
P::J1585,DPP-2020,Central,GIA,,,200.0,0.0,,2026-03-01,2026-03-01,2026-03-01,P::J1585,APACHE TAP BARNETT 161KV LINE,Queue-derived study fields,,2026-09-05T04:35:51Z,snapshot_fields,1.0
P::J1586,DPP-2020,East (ITC),GIA,,,499.0,0.0,,2026-03-01,2026-03-01,2026-03-01,P::J1586,ARGENTA TO TOMPKINS 345KV LINE,Queue-derived study fields,,2026-09-05T04:35:51Z,snapshot_fields,1.0
P::J1587,DPP-2020,East (ITC),GIA,,,100.0,0.0,,2026-03-01,2026-03-01,2026-03-01,P::J1587,DU PONT TO COBB 138KV J1375 POI,Queue-derived study fields,,2026-09-05T04:35:51Z,snapshot_fields,1.0
P::J1588,DPP-2020,West,GIA,,,200.0,0.0,,2026-03-01,2026-03-01,2026-03-01,P::J1588,BISON,Queue-derived study fields,,2026-09-05T04:35:51Z,snapshot_fields,1.0
P::J1589,DPP-2020,East (ITC),GIA,,,150.0,0.0,,2026-03-01,2026-03-01,2026-03-01,P::J1589,HUBBARDSTON TECH DRIVE 138KV,Queue-derived study fields,,2026-09-05T04:35:51Z,snapshot_fields,1.0
P::J1590,DPP-2020,West,GIA,,,200.0,0.0,,2026-03-01,2026-03-01,2026-03-01,P::J1590,REMSEN TOWNSHIP,Queue-derived study fields,,2026-09-05T04:35:51Z,snapshot_fields,1.0
P::J1591,DPP-2020,Central,GIA,,,150.0,0.0,,2026-03-01,2026-03-01,2026-03-01,P::J1591,STAUNTON 138KV,Queue-derived study fields,,2026-09-05T04:35:51Z,snapshot_fields,1.0
P::J1592,DPP-2020,South,GIA,,,200.0,0.0,,2026-03-01,2026-03-01,2026-03-01,P::J1592,MORRILTON EAST ATKINS 161KV,Queue-derived study fields,,2026-09-05T04:35:51Z,snapshot_fields,1.0
P::J1593,DPP-2020,Central,GIA,,,200.0,0.0,,2026-03-01,2026-03-01,2026-03-01,P::J1593,GREENSBORO GWYNNEVILLE 345KV,Queue-derived study fields,,2026-09-05T04:35:51Z,snapshot_fields,1.0
P::J1594,DPP-2020,West,GIA,,,200.0,0.0,,2026-03-01,2026-03-01,2026-03-01,P::J1594,BIG STONE TO ELLENDALE 345KV,Queue-derived study fields,,2026-09-05T04:35:51Z,snapshot_fields,1.0
P::J1595,DPP-2020,South,GIA,,,100.0,0.0,,2026-03-01,2026-03-01,2026-03-01,P::J1595,KIRK 138KV,Queue-derived study fields,,2026-09-05T04:35:51Z,snapshot_fields,1.0
P::J1596,DPP-2020,East (ATC),GIA,,,100.0,0.0,,2026-03-01,2026-03-01,2026-03-01,P::J1596,SAND LAKE 138KV,Queue-derived study fields,,2026-09-05T04:35:51Z,snapshot_fields,1.0
P::J1597,DPP-2020,West,GIA,,,75.0,0.0,,2026-03-01,2026-03-01,2026-03-01,P::J1597,WING RIVER SUBSTATION 230KV,Queue-derived study fields,,2026-09-05T04:35:51Z,snapshot_fields,1.0
P::J1598,DPP-2020,South,GIA,,,325.0,0.0,,2026-03-01,2026-03-01,2026-03-01,P::J1598,GOOS FERRY,Queue-derived study fields,,2026-09-05T04:35:51Z,snapshot_fields,1.0
P::J1599,DPP-2020,South,GIA,,,100.0,0.0,,2026-03-01,2026-03-01,2026-03-01,P::J1599,MORBIHAN HOPKINS 138KV,Queue-derived study fields,,2026-09-05T04:35:51Z,snapshot_fields,1.0
P::J1600,DPP-2020,Central,GIA,,,40.0,0.0,,2026-03-01,2026-03-01,2026-03-01,P::J1600,FLAHERTY TAP TO CUSTER 69KV,Queue-derived study fields,,2026-09-05T04:35:51Z,snapshot_fields,1.0
P::J1601,DPP-2020,Central,GIA,,,50.0,0.0,,2026-03-01,2026-03-01,2026-03-01,P::J1601,MEROM GIBSON STATION TAP 345KV LINE,Queue-derived study fields,,2026-09-05T04:35:51Z,snapshot_fields,1.0
P::J1602,DPP-2020,South,GIA,,,25.0,0.0,,2026-03-01,2026-03-01,2026-03-01,P::J1602,RILLA 115KV SUBSTATION SAME AS J1239,Queue-derived study fields,,2026-09-05T04:35:51Z,snapshot_fields,1.0
P::J1603,DPP-2020,East (ITC),GIA,,,200.0,0.0,,2026-03-01,2026-03-01,2026-03-01,P::J1603,VANTYLE 138KV,Queue-derived study fields,,2026-09-05T04:35:51Z,snapshot_fields,1.0
P::J1604,DPP-2020,Central,GIA,,,50.0,0.0,,2026-03-01,2026-03-01,2026-03-01,P::J1604,HMPL SUB NO 7,Queue-derived study fields,,2026-09-05T04:35:51Z,snapshot_fields,1.0
P::J1605,DPP-2020,West,GIA,,,200.0,0.0,,2026-03-01,2026-03-01,2026-03-01,P::J1605,SHERBURNE CO,Queue-derived study fields,,2026-09-05T04:35:51Z,snapshot_fields,1.0
P::J1606,DPP-2020,Central,GIA,,,200.0,0.0,,2026-03-01,2026-03-01,2026-03-01,P::J1606,ATTICA 230KV SUBSTATION,Queue-derived study fields,,2026-09-05T04:35:51Z,snapshot_fields,1.0
P::J1607,DPP-2020,South,GIA,,,0.0,,,2026-03-01,2026-03-01,2026-03-01,P::J1607,HARDIN WEST SS TO SHERIDAN 115KV,Queue-derived study fields,,2026-09-05T04:35:51Z,snapshot_fields,1.0
P::J1608,DPP-2020,East (ITC),GIA,,,100.0,0.0,,2026-03-01,2026-03-01,2026-03-01,P::J1608,TIHART TO LOVEJOY JUNCTION 138KV,Queue-derived study fields,,2026-09-05T04:35:51Z,snapshot_fields,1.0
P::J1609,DPP-2020,East (ITC),GIA,,,125.0,0.0,,2026-03-01,2026-03-01,2026-03-01,P::J1609,SIMPSON 138KV,Queue-derived study fields,,2026-09-05T04:35:51Z,snapshot_fields,1.0
P::J1610,DPP-2020,Central,GIA,,,100.0,0.0,,2026-03-01,2026-03-01,2026-03-01,P::J1610,AUBURN NORTH TO CHATHAM MAIN 138KV,Queue-derived study fields,,2026-09-05T04:35:51Z,snapshot_fields,1.0
P::J1611,DPP-2020,West,GIA,,,174.0,0.0,,2026-03-01,2026-03-01,2026-03-01,P::J1611,LANGDON 115KV SUB,Queue-derived study fields,,2026-09-05T04:35:51Z,snapshot_fields,1.0
P::J1612,DPP-2020,South,GIA,,,100.0,0.0,,2026-03-01,2026-03-01,2026-03-01,P::J1612,EL DORADO EAST STERLINGTON 115KV,Queue-derived study fields,,2026-09-05T04:35:51Z,snapshot_fields,1.0
P::J1613,DPP-2020,West,GIA,,,400.0,0.0,,2026-03-01,2026-03-01,2026-03-01,P::J1613,BISON SUBSTATION 345KV,Queue-derived study fields,,2026-09-05T04:35:51Z,snapshot_fields,1.0
P::J1614,DPP-2020,East (ITC),GIA,,,250.0,0.0,,2026-03-01,2026-03-01,2026-03-01,P::J1614,WHITE ROAD FOUR MILE 138KV LINE,Queue-derived study fields,,2026-09-05T04:35:51Z,snapshot_fields,1.0
P::J1615,DPP-2020,East (ATC),GIA,,,150.0,0.0,,2026-03-01,2026-03-01,2026-03-01,P::J1615,MORGAN,Queue-derived study fields,,2026-09-05T04:35:51Z,snapshot_fields,1.0
P::J1616,DPP-2020,Central,GIA,,,200.0,0.0,,2026-03-01,2026-03-01,2026-03-01,P::J1616,EDWARDSPORT,Queue-derived study fields,,2026-09-05T04:35:51Z,snapshot_fields,1.0
P::J1617,DPP-2020,Central,GIA,,,200.0,0.0,,2026-03-01,2026-03-01,2026-03-01,P::J1617,BUNSONVILLE 138KV,Queue-derived study fields,,2026-09-05T04:35:51Z,snapshot_fields,1.0
P::J1618,DPP-2020,South,GIA,,,200.0,0.0,,2026-03-01,2026-03-01,2026-03-01,P::J1618,ST JAMES WELCOME 230KV,Queue-derived study fields,,2026-09-05T04:35:51Z,snapshot_fields,1.0
P::J1619,DPP-2020,Central,GIA,,,160.0,0.0,,2026-03-01,2026-03-01,2026-03-01,P::J1619,REID SWITCHYARD 161KV,Queue-derived study fields,,2026-09-05T04:35:51Z,snapshot_fields,1.0
P::J1620,DPP-2020,West,GIA,,,125.0,0.0,,2026-03-01,2026-03-01,2026-03-01,P::J1620,SPLIT ROCK PIPESTONE 115 0KV,Queue-derived study fields,,2026-09-05T04:35:51Z,snapshot_fields,1.0
P::J1621,DPP-2020,West,GIA,,,400.0,0.0,,2026-03-01,2026-03-01,2026-03-01,P::J1621,BIG STONE SOUTH TO ELLENDALE 345KV,Queue-derived study fields,,2026-09-05T04:35:51Z,snapshot_fields,1.0
P::J1622,DPP-2020,West,GIA,,,100.0,0.0,,2026-03-01,2026-03-01,2026-03-01,P::J1622,HARVEY UNDERWOOD 230KV,Queue-derived study fields,,2026-09-05T04:35:51Z,snapshot_fields,1.0
P::J1623,DPP-2020,Central,GIA,,,200.0,0.0,,2026-03-01,2026-03-01,2026-03-01,P::J1623,MITCHELL LOST RIVER 345KV,Queue-derived study fields,,2026-09-05T04:35:51Z,snapshot_fields,1.0
P::J1624,DPP-2020,Central,GIA,,,100.0,0.0,,2026-03-01,2026-03-01,2026-03-01,P::J1624,COLUMBUS DENOIS CR COLUMBUS 345 230KV TRANSMISSION LINE,Queue-derived study fields,,2026-09-05T04:35:51Z,snapshot_fields,1.0
P::J1625,DPP-2020,Central,GIA,,,150.0,0.0,,2026-03-01,2026-03-01,2026-03-01,P::J1625,KOKOMO TIPTON 230KV TRANSMISSION LINE,Queue-derived study fields,,2026-09-05T04:35:51Z,snapshot_fields,1.0
P::J1626,DPP-2020,Central,GIA,,,150.0,0.0,,2026-03-01,2026-03-01,2026-03-01,P::J1626,RAMSEY EAST 138KV BUS,Queue-derived study fields,,2026-09-05T04:35:51Z,snapshot_fields,1.0
P::J1627,DPP-2020,Central,GIA,,,200.0,0.0,,2026-03-01,2026-03-01,2026-03-01,P::J1627,REYNOLDS 345KV,Queue-derived study fields,,2026-09-05T04:35:51Z,snapshot_fields,1.0
P::J1628,DPP-2020,Central,GIA,,,200.0,0.0,,2026-03-01,2026-03-01,2026-03-01,P::J1628,GOODLAND TO REYNOLDS 138KV,Queue-derived study fields,,2026-09-05T04:35:51Z,snapshot_fields,1.0
P::J1629,DPP-2020,East (ATC),GIA,,,200.0,0.0,,2026-03-01,2026-03-01,2026-03-01,P::J1629,COLUMBIA SW YD ALTE SOUTH FOND DU LAC SW YD 345KV T LINE,Queue-derived study fields,,2026-09-05T04:35:51Z,snapshot_fields,1.0
P::J1630,DPP-2020,South,GIA,,,150.0,0.0,,2026-03-01,2026-03-01,2026-03-01,P::J1630,GERALD ANDRUS TINNIN ROAD 230KV,Queue-derived study fields,,2026-09-05T04:35:51Z,snapshot_fields,1.0
P::J1631,DPP-2020,East (ATC),GIA,,,200.0,0.0,,2026-03-01,2026-03-01,2026-03-01,P::J1631,STONELAKE TO GARDNER PARK 345KV,Queue-derived study fields,,2026-09-05T04:35:51Z,snapshot_fields,1.0
P::J1632,DPP-2020,Central,GIA,,,200.0,0.0,,2026-03-01,2026-03-01,2026-03-01,P::J1632,CALDWELL COUNTY BARKLEY 161KV,Queue-derived study fields,,2026-09-05T04:35:51Z,snapshot_fields,1.0
P::J1633,DPP-2020,South,GIA,,,0.0,,,2026-03-01,2026-03-01,2026-03-01,P::J1633,COOPER SWITCHING PENTON ROAD 230KV,Queue-derived study fields,,2026-09-05T04:35:51Z,snapshot_fields,1.0
P::J1634,DPP-2020,South,GIA,,,100.0,0.0,,2026-03-01,2026-03-01,2026-03-01,P::J1634,COOPER SWITCHING PENTON ROAD 230KV,Queue-derived study fields,,2026-09-05T04:35:51Z,snapshot_fields,1.0
P::J1635,DPP-2020,East (ITC),GIA,,,100.0,0.0,,2026-03-01,2026-03-01,2026-03-01,P::J1635,BUTTERS NEWTON MI AVE 138 0KV,Queue-derived study fields,,2026-09-05T04:35:51Z,snapshot_fields,1.0
P::J1636,DPP-2020,Central,GIA,,,44.0,0.0,,2026-03-01,2026-03-01,2026-03-01,P::J1636,PENO CREEK SUBSTATION 161KV,Queue-derived study fields,,2026-09-05T04:35:51Z,snapshot_fields,1.0
P::J1637,DPP-2020,Central,GIA,,,150.0,0.0,,2026-03-01,2026-03-01,2026-03-01,P::J1637,WHEATLAND SUBSTATION 345KV,Queue-derived study fields,,2026-09-05T04:35:51Z,snapshot_fields,1.0
P::J1638,DPP-2020,Central,GIA,,,150.0,0.0,,2026-03-01,2026-03-01,2026-03-01,P::J1638,SKILLMAN SUBSTATION 161KV,Queue-derived study fields,,2026-09-05T04:35:51Z,snapshot_fields,1.0
P::J1639,DPP-2020,East (ITC),GIA,,,100.0,0.0,,2026-03-01,2026-03-01,2026-03-01,P::J1639,345KV ALLEN JUNCTION TO MOROCCO,Queue-derived study fields,,2026-09-05T04:35:51Z,snapshot_fields,1.0
P::J1640,DPP-2020,South,GIA,,,200.0,0.0,,2026-03-01,2026-03-01,2026-03-01,P::J1640,BEECH GROVE RAY BRASWELL 115KV,Queue-derived study fields,,2026-09-05T04:35:51Z,snapshot_fields,1.0
P::J1641,DPP-2020,Central,GIA,,,150.0,0.0,,2026-03-01,2026-03-01,2026-03-01,P::J1641,WORTHINGTON SUBSTATION 138KV,Queue-derived study fields,,2026-09-05T04:35:51Z,snapshot_fields,1.0
P::J1642,DPP-2020,Central,GIA,,,200.0,0.0,,2026-03-01,2026-03-01,2026-03-01,P::J1642,NORTH EAST CASTLE CULLEY 138KV,Queue-derived study fields,,2026-09-05T04:35:51Z,snapshot_fields,1.0
P::J1643,DPP-2020,East (ITC),GIA,,,50.0,0.0,,2026-03-01,2026-03-01,2026-03-01,P::J1643,DELANEY 138KV,Queue-derived study fields,,2026-09-05T04:35:51Z,snapshot_fields,1.0
P::J1644,DPP-2020,South,GIA,,,150.0,0.0,,2026-03-01,2026-03-01,2026-03-01,P::J1644,CHAMPANGE PLAISANCE,Queue-derived study fields,,2026-09-05T04:35:51Z,snapshot_fields,1.0
P::J1645,DPP-2020,West,GIA,,,80.0,0.0,,2026-03-01,2026-03-01,2026-03-01,P::J1645,PANTHER 230KV SUBSTATION,Queue-derived study fields,,2026-09-05T04:35:51Z,snapshot_fields,1.0
P::J1646,DPP-2020,Central,GIA,,,150.0,0.0,,2026-03-01,2026-03-01,2026-03-01,P::J1646,MORRISON DITCH,Queue-derived study fields,,2026-09-05T04:35:51Z,snapshot_fields,1.0
P::J1647,DPP-2020,West,GIA,,,150.0,0.0,,2026-03-01,2026-03-01,2026-03-01,P::J1647,MAYNARD XMSN 115KV SUBSTATION,Queue-derived study fields,,2026-09-05T04:35:51Z,snapshot_fields,1.0
P::J1648,DPP-2020,South,GIA,,,10.0,0.0,,2026-03-01,2026-03-01,2026-03-01,P::J1648,SEARCY PRICE 161KV,Queue-derived study fields,,2026-09-05T04:35:51Z,snapshot_fields,1.0
P::J1649,DPP-2020,Central,GIA,,,60.0,0.0,,2026-03-01,2026-03-01,2026-03-01,P::J1649,SHELL MCCRACKEN COUNTY 69 0KV,Queue-derived study fields,,2026-09-05T04:35:51Z,snapshot_fields,1.0
P::J1650,DPP-2020,Central,GIA,,,200.0,0.0,,2026-03-01,2026-03-01,2026-03-01,P::J1650,LATHAM 345KV,Queue-derived study fields,,2026-09-05T04:35:51Z,snapshot_fields,1.0
P::J1651,DPP-2020,Central,GIA,,,149.5,0.0,,2026-03-01,2026-03-01,2026-03-01,P::J1651,HOWLETT,Queue-derived study fields,,2026-09-05T04:35:51Z,snapshot_fields,1.0
P::J1652,DPP-2020,Central,GIA,,,116.0,0.0,,2026-03-01,2026-03-01,2026-03-01,P::J1652,SIDNEY 138KV,Queue-derived study fields,,2026-09-05T04:35:51Z,snapshot_fields,1.0
P::J1653,DPP-2020,Central,GIA,,,150.0,0.0,,2026-03-01,2026-03-01,2026-03-01,P::J1653,SAN JOSE RAIL 138KV,Queue-derived study fields,,2026-09-05T04:35:51Z,snapshot_fields,1.0
P::J1654,DPP-2020,East (ITC),GIA,,,200.0,0.0,,2026-03-01,2026-03-01,2026-03-01,P::J1654,GOSS THETFORD 345KV LINE,Queue-derived study fields,,2026-09-05T04:35:51Z,snapshot_fields,1.0
P::J1655,DPP-2020,Central,GIA,,,50.0,0.0,,2026-03-01,2026-03-01,2026-03-01,P::J1655,WEST MT VERNON XENIA 345KV LINE J1241,Queue-derived study fields,,2026-09-05T04:35:51Z,snapshot_fields,1.0
P::J1656,DPP-2020,Central,GIA,,,412.0,0.0,,2026-03-01,2026-03-01,2026-03-01,P::J1656,SYDNEY TO BUNSONVILLE 345KV LINE,Queue-derived study fields,,2026-09-05T04:35:51Z,snapshot_fields,1.0
P::J1657,DPP-2020,West,GIA,,,100.0,0.0,,2026-03-01,2026-03-01,2026-03-01,P::J1657,PINE LAKE TO APPLE RIVER 161KV,Queue-derived study fields,,2026-09-05T04:35:51Z,snapshot_fields,1.0
P::J1658,DPP-2020,East (ITC),GIA,,,180.0,0.0,,2026-03-01,2026-03-01,2026-03-01,P::J1658,COLDWATER MOORE ROAD 138 0KV,Queue-derived study fields,,2026-09-05T04:35:51Z,snapshot_fields,1.0
P::J1659,DPP-2020,East (ITC),GIA,,,100.0,0.0,,2026-03-01,2026-03-01,2026-03-01,P::J1659,DORSET,Queue-derived study fields,,2026-09-05T04:35:51Z,snapshot_fields,1.0
P::J1660,DPP-2020,East (ITC),GIA,,,50.0,0.0,,2026-03-01,2026-03-01,2026-03-01,P::J1660,GOSS THETFORD 345KV LINE,Queue-derived study fields,,2026-09-05T04:35:51Z,snapshot_fields,1.0
P::J1661,DPP-2020,East (ITC),GIA,,,200.0,0.0,,2026-03-01,2026-03-01,2026-03-01,P::J1661,IMLAY PUMP 120KV SUBSTATION,Queue-derived study fields,,2026-09-05T04:35:51Z,snapshot_fields,1.0
P::J1662,DPP-2020,Central,GIA,,,200.0,0.0,,2026-03-01,2026-03-01,2026-03-01,P::J1662,GOODLAND SUBSTATION 138KV BUS NAME 17GOODLAND,Queue-derived study fields,,2026-09-05T04:35:51Z,snapshot_fields,1.0
P::J1663,DPP-2020,East (ITC),GIA,,,200.0,0.0,,2026-03-01,2026-03-01,2026-03-01,P::J1663,ARGENTA TALLMADGE 345 0KV,Queue-derived study fields,,2026-09-05T04:35:51Z,snapshot_fields,1.0
P::J1664,DPP-2020,East (ITC),GIA,,,200.0,0.0,,2026-03-01,2026-03-01,2026-03-01,P::J1664,CARRIGAN 120KV SUBSTATION,Queue-derived study fields,,2026-09-05T04:35:51Z,snapshot_fields,1.0
P::J1665,DPP-2020,East (ITC),GIA,,,50.0,0.0,,2026-03-01,2026-03-01,2026-03-01,P::J1665,CARRIGAN 120KV SUBSTATION,Queue-derived study fields,,2026-09-05T04:35:51Z,snapshot_fields,1.0
P::J1666,DPP-2020,East (ITC),GIA,,,300.0,0.0,,2026-03-01,2026-03-01,2026-03-01,P::J1666,ONEIDA MAJESTIC 345KV,Queue-derived study fields,,2026-09-05T04:35:51Z,snapshot_fields,1.0
P::J1667,DPP-2020,East (ITC),GIA,,,200.0,0.0,,2026-03-01,2026-03-01,2026-03-01,P::J1667,BARD RD TO CLARE JUNCTION 138KV,Queue-derived study fields,,2026-09-05T04:35:51Z,snapshot_fields,1.0
P::J1668,DPP-2020,South,GIA,,,194.0,0.0,,2026-03-01,2026-03-01,2026-03-01,P::J1668,DONALDSONVILLE EVERGREEN 230KV,Queue-derived study fields,,2026-09-05T04:35:51Z,snapshot_fields,1.0
P::J1669,DPP-2020,South,GIA,,,165.0,0.0,,2026-03-01,2026-03-01,2026-03-01,P::J1669,LAKE CHARLES BULK,Queue-derived study fields,,2026-09-05T04:35:51Z,snapshot_fields,1.0
P::J1670,DPP-2020,South,GIA,,,50.0,0.0,,2026-03-01,2026-03-01,2026-03-01,P::J1670,CROOKED LAKE 161KV AT J586 POI,Queue-derived study fields,,2026-09-05T04:35:51Z,snapshot_fields,1.0
P::J1671,DPP-2020,South,GIA,,,150.0,0.0,,2026-03-01,2026-03-01,2026-03-01,P::J1671,ROCKY CREEK TO LEWIS CREEK 230KV,Queue-derived study fields,,2026-09-05T04:35:51Z,snapshot_fields,1.0
P::J1672,DPP-2020,South,GIA,,,150.0,0.0,,2026-03-01,2026-03-01,2026-03-01,P::J1672,TINNIN ROAD 230KV,Queue-derived study fields,,2026-09-05T04:35:51Z,snapshot_fields,1.0
P::J1673,DPP-2020,South,GIA,,,200.0,0.0,,2026-03-01,2026-03-01,2026-03-01,P::J1673,FISHER MARTHAVILLE 230 0KV,Queue-derived study fields,,2026-09-05T04:35:51Z,snapshot_fields,1.0
P::J1674,DPP-2020,South,GIA,,,250.0,0.0,,2026-03-01,2026-03-01,2026-03-01,P::J1674,TALISHEEK NORTH SLIDELL 230KV LINE,Queue-derived study fields,,2026-09-05T04:35:51Z,snapshot_fields,1.0
P::J1675,DPP-2020,Central,GIA,,,250.0,0.0,,2026-03-01,2026-03-01,2026-03-01,P::J1675,KANSAS 345KV,Queue-derived study fields,,2026-09-05T04:35:51Z,snapshot_fields,1.0
P::J1676,DPP-2020,Central,GIA,,,300.0,0.0,,2026-03-01,2026-03-01,2026-03-01,P::J1676,BROKAW CLINTON 345KV LINE,Queue-derived study fields,,2026-09-05T04:35:51Z,snapshot_fields,1.0
P::J1677,DPP-2020,Central,GIA,,,180.0,0.0,,2026-03-01,2026-03-01,2026-03-01,P::J1677,LEGHORN 345KV,Queue-derived study fields,,2026-09-05T04:35:51Z,snapshot_fields,1.0
P::J1678,DPP-2020,Central,GIA,,,74.7,0.0,,2026-03-01,2026-03-01,2026-03-01,P::J1678,DEEDSVILLE 345KV,Queue-derived study fields,,2026-09-05T04:35:51Z,snapshot_fields,1.0
P::J1679,DPP-2020,Central,GIA,,,125.0,0.0,,2026-03-01,2026-03-01,2026-03-01,P::J1679,7XENIA 7MTVERNW 345 0KV,Queue-derived study fields,,2026-09-05T04:35:51Z,snapshot_fields,1.0
P::J1680,DPP-2020,Central,GIA,,,100.0,0.0,,2026-03-01,2026-03-01,2026-03-01,P::J1680,345KV WALTON SUBSTATION,Queue-derived study fields,,2026-09-05T04:35:51Z,snapshot_fields,1.0
P::J1681,DPP-2020,Central,GIA,,,200.0,0.0,,2026-03-01,2026-03-01,2026-03-01,P::J1681,BLAND TO FRANKS 345KV LINE,Queue-derived study fields,,2026-09-05T04:35:51Z,snapshot_fields,1.0
P::J1682,DPP-2020,Central,GIA,,,300.0,0.0,,2026-03-01,2026-03-01,2026-03-01,P::J1682,HORTONVILLE TO WHITESTOWN 345KV,Queue-derived study fields,,2026-09-05T04:35:51Z,snapshot_fields,1.0
P::J1683,DPP-2020,Central,GIA,,,75.0,0.0,,2026-03-01,2026-03-01,2026-03-01,P::J1683,BABCOCK LAKE GEORGE 345KV,Queue-derived study fields,,2026-09-05T04:35:51Z,snapshot_fields,1.0
P::J1684,DPP-2020,Central,GIA,,,200.0,0.0,,2026-03-01,2026-03-01,2026-03-01,P::J1684,SCHAHFER GEN STA BURR OAK 345 0KV,Queue-derived study fields,,2026-09-05T04:35:51Z,snapshot_fields,1.0
P::J1685,DPP-2020,South,GIA,,,250.0,0.0,,2026-03-01,2026-03-01,2026-03-01,P::J1685,DONALDSONVILLE TO EVERGREEN 230KV LINE,Queue-derived study fields,,2026-09-05T04:35:51Z,snapshot_fields,1.0
P::J1686,DPP-2020,South,GIA,,,100.0,0.0,,2026-03-01,2026-03-01,2026-03-01,P::J1686,COUGHLIN PLAISANCE 138KV,Queue-derived study fields,,2026-09-05T04:35:51Z,snapshot_fields,1.0
P::J1687,DPP-2020,Central,GIA,,,160.0,0.0,,2026-03-01,2026-03-01,2026-03-01,P::J1687,DECATUR SWITCHING STATION 161KV,Queue-derived study fields,,2026-09-05T04:35:51Z,snapshot_fields,1.0
P::J1688,DPP-2020,Central,GIA,,,200.0,0.0,,2026-03-01,2026-03-01,2026-03-01,P::J1688,RISING 345KV,Queue-derived study fields,,2026-09-05T04:35:51Z,snapshot_fields,1.0
P::J1689,DPP-2020,Central,GIA,,,150.0,0.0,,2026-03-01,2026-03-01,2026-03-01,P::J1689,CADIZ 138KV,Queue-derived study fields,,2026-09-05T04:35:51Z,snapshot_fields,1.0
P::J1690,DPP-2020,Central,GIA,,,125.0,0.0,,2026-03-01,2026-03-01,2026-03-01,P::J1690,LEWISVILLE 138KV,Queue-derived study fields,,2026-09-05T04:35:51Z,snapshot_fields,1.0
P::J1691,DPP-2020,Central,GIA,,,200.0,0.0,,2026-03-01,2026-03-01,2026-03-01,P::J1691,GIBSON STA MEROM HED 345 0KV,Queue-derived study fields,,2026-09-05T04:35:51Z,snapshot_fields,1.0
P::J1692,DPP-2020,Central,GIA,,,65.0,0.0,,2026-03-01,2026-03-01,2026-03-01,P::J1692,WALTON 345KV SUBSTATION,Queue-derived study fields,,2026-09-05T04:35:51Z,snapshot_fields,1.0
P::J1693,DPP-2020,West,GIA,,,50.0,0.0,,2026-03-01,2026-03-01,2026-03-01,P::J1693,MAYNARD XMSN 115KV SUBSTATION,Queue-derived study fields,,2026-09-05T04:35:51Z,snapshot_fields,1.0
P::J1694,DPP-2020,Central,GIA,,,100.0,0.0,,2026-03-01,2026-03-01,2026-03-01,P::J1694,LOST RIVER 345KV,Queue-derived study fields,,2026-09-05T04:35:51Z,snapshot_fields,1.0
P::J1695,DPP-2020,Central,GIA,,,50.0,0.0,,2026-03-01,2026-03-01,2026-03-01,P::J1695,ASTER 138KV SUBSTATION REBUILD OF NORTH COULTERVILLE 138KV,Queue-derived study fields,,2026-09-05T04:35:51Z,snapshot_fields,1.0
P::J1696,DPP-2020,Central,GIA,,,150.0,0.0,,2026-03-01,2026-03-01,2026-03-01,P::J1696,REID EHV 161KV,Queue-derived study fields,,2026-09-05T04:35:51Z,snapshot_fields,1.0
P::J1697,DPP-2020,Central,GIA,,,200.0,0.0,,2026-03-01,2026-03-01,2026-03-01,P::J1697,SHAWSWICK TO PLEASANT GROVE 138KV,Queue-derived study fields,,2026-09-05T04:35:51Z,snapshot_fields,1.0
P::J1698,DPP-2020,South,GIA,,,150.0,0.0,,2026-03-01,2026-03-01,2026-03-01,P::J1698,TALISHEEK NORTH SLIDELL 230KV LINE,Queue-derived study fields,,2026-09-05T04:35:51Z,snapshot_fields,1.0
P::J1699,DPP-2020,Central,GIA,,,43.0,0.0,,2026-03-01,2026-03-01,2026-03-01,P::J1699,HE LEWIS CREEK 69KV,Queue-derived study fields,,2026-09-05T04:35:51Z,snapshot_fields,1.0
P::J1700,DPP-2020,Central,GIA,,,288.0,0.0,,2026-03-01,2026-03-01,2026-03-01,P::J1700,FRANKLIN 230KV,Queue-derived study fields,,2026-09-05T04:35:51Z,snapshot_fields,1.0
P::J1701,DPP-2020,Central,GIA,,,200.0,0.0,,2026-03-01,2026-03-01,2026-03-01,P::J1701,MACOMB TO IPAVA 138KV LINE,Queue-derived study fields,,2026-09-05T04:35:51Z,snapshot_fields,1.0
P::J1702,DPP-2020,Central,GIA,,,300.0,0.0,,2026-03-01,2026-03-01,2026-03-01,P::J1702,FARADAY 345KV,Queue-derived study fields,,2026-09-05T04:35:51Z,snapshot_fields,1.0
P::J1703,DPP-2020,Central,GIA,,,74.0,0.0,,2026-03-01,2026-03-01,2026-03-01,P::J1703,REID TO HOPKINS COUNTY 161KV,Queue-derived study fields,,2026-09-05T04:35:51Z,snapshot_fields,1.0
P::J1704,DPP-2020,Central,GIA,,,50.0,0.0,,2026-03-01,2026-03-01,2026-03-01,P::J1704,GWYNNEVILLE 345KV SUBSTATION,Queue-derived study fields,,2026-09-05T04:35:51Z,snapshot_fields,1.0
P::J1705,DPP-2020,East (ATC),GIA,,,200.0,0.0,,2026-03-01,2026-03-01,2026-03-01,P::J1705,SOUTH FOND DU LAC ENDPOINT A TO COLUMBIA ENDPOINT B 345KV,Queue-derived study fields,,2026-09-05T04:35:51Z,snapshot_fields,1.0
P::J1706,DPP-2020,East (ATC),GIA,,,100.0,0.0,,2026-03-01,2026-03-01,2026-03-01,P::J1706,NORTH MONROE 138KV,Queue-derived study fields,,2026-09-05T04:35:51Z,snapshot_fields,1.0
P::J1707,DPP-2020,Central,GIA,,,72.0,0.0,,2026-03-01,2026-03-01,2026-03-01,P::J1707,DUFF 345KV,Queue-derived study fields,,2026-09-05T04:35:51Z,snapshot_fields,1.0
P::J1708,DPP-2020,East (ATC),GIA,,,75.0,0.0,,2026-03-01,2026-03-01,2026-03-01,P::J1708,J947 INTERCONNECTION SUBSTATION,Queue-derived study fields,,2026-09-05T04:35:51Z,snapshot_fields,1.0
P::J1709,DPP-2020,South,GIA,,,100.0,0.0,,2026-03-01,2026-03-01,2026-03-01,P::J1709,138KV GRIMES,Queue-derived study fields,,2026-09-05T04:35:51Z,snapshot_fields,1.0
P::J1710,DPP-2020,South,GIA,,,300.0,0.0,,2026-03-01,2026-03-01,2026-03-01,P::J1710,KEO EHV,Queue-derived study fields,,2026-09-05T04:35:51Z,snapshot_fields,1.0
P::J1711,DPP-2020,East (ATC),GIA,,,100.0,0.0,,2026-03-01,2026-03-01,2026-03-01,P::J1711,NORTH MONROE 138KV SUBSTATION,Queue-derived study fields,,2026-09-05T04:35:51Z,snapshot_fields,1.0
P::J1712,DPP-2020,Central,GIA,,,300.0,0.0,,2026-03-01,2026-03-01,2026-03-01,P::J1712,NORTH COULTERVILLE COMM 345KV,Queue-derived study fields,,2026-09-05T04:35:51Z,snapshot_fields,1.0
P::J1713,DPP-2020,Central,GIA,,,147.2,0.0,,2026-03-01,2026-03-01,2026-03-01,P::J1713,FARADAY 138KV,Queue-derived study fields,,2026-09-05T04:35:51Z,snapshot_fields,1.0
P::J1714,DPP-2020,Central,GIA,,,100.0,0.0,,2026-03-01,2026-03-01,2026-03-01,P::J1714,RAMSEY EAST 138KV SUBSTATION,Queue-derived study fields,,2026-09-05T04:35:51Z,snapshot_fields,1.0
P::J1715,DPP-2020,Central,GIA,,,145.0,0.0,,2026-03-01,2026-03-01,2026-03-01,P::J1715,HE WESTPORT 138KV,Queue-derived study fields,,2026-09-05T04:35:51Z,snapshot_fields,1.0
P::J1716,DPP-2020,East (ATC),GIA,,,100.0,0.0,,2026-03-01,2026-03-01,2026-03-01,P::J1716,SOUTH FOND DU LAC FITZGERALD 345 0KV,Queue-derived study fields,,2026-09-05T04:35:51Z,snapshot_fields,1.0
P::J1717,DPP-2020,Central,GIA,,,150.0,0.0,,2026-03-01,2026-03-01,2026-03-01,P::J1717,GREENSBURG 138KV,Queue-derived study fields,,2026-09-05T04:35:51Z,snapshot_fields,1.0
P::J1718,DPP-2020,Central,GIA,,,200.0,0.0,,2026-03-01,2026-03-01,2026-03-01,P::J1718,BUNSONVILLE 345KV,Queue-derived study fields,,2026-09-05T04:35:51Z,snapshot_fields,1.0
P::J1719,DPP-2020,East (ATC),GIA,,,100.0,0.0,,2026-03-01,2026-03-01,2026-03-01,P::J1719,SAND LAKE 138KV SUBSTATION,Queue-derived study fields,,2026-09-05T04:35:51Z,snapshot_fields,1.0
P::J1720,DPP-2020,East (ATC),GIA,,,99.0,0.0,,2026-03-01,2026-03-01,2026-03-01,P::J1720,FOUNTAIN PRAIRIE NORTH RANDOLPH 138KV TRANSMISSION LINE,Queue-derived study fields,,2026-09-05T04:35:51Z,snapshot_fields,1.0
P::J1721,DPP-2020,Central,GIA,,,175.12,0.0,,2026-03-01,2026-03-01,2026-03-01,P::J1721,TH PFIZER JCT WORTHINGTON HED,Queue-derived study fields,,2026-09-05T04:35:51Z,snapshot_fields,1.0
P::J1722,DPP-2020,South,GIA,,,100.0,0.0,,2026-03-01,2026-03-01,2026-03-01,P::J1722,GALLOWAY REMIGTON 115KV TRANSMISSION LINE,Queue-derived study fields,,2026-09-05T04:35:51Z,snapshot_fields,1.0
P::J1723,DPP-2020,South,GIA,,,10.0,0.0,,2026-03-01,2026-03-01,2026-03-01,P::J1723,WYNNE EAST TO WYNNE SOUTH 161KV LINE J1125 SUB,Queue-derived study fields,,2026-09-05T04:35:51Z,snapshot_fields,1.0
P::J1724,DPP-2020,Central,GIA,,,150.0,0.0,,2026-03-01,2026-03-01,2026-03-01,P::J1724,LNG STILLWELL 138KV LINE,Queue-derived study fields,,2026-09-05T04:35:51Z,snapshot_fields,1.0
P::J1725,DPP-2020,Central,GIA,,,100.0,0.0,,2026-03-01,2026-03-01,2026-03-01,P::J1725,SAN JOSE RAIL SPLITTER 138KV G515,Queue-derived study fields,,2026-09-05T04:35:51Z,snapshot_fields,1.0
P::J1726,DPP-2020,Central,GIA,,,200.0,0.0,,2026-03-01,2026-03-01,2026-03-01,P::J1726,REYNOLDS BURR 345KV,Queue-derived study fields,,2026-09-05T04:35:51Z,snapshot_fields,1.0
P::J1727,DPP-2020,West,GIA,,,33.75,0.0,,2026-03-01,2026-03-01,2026-03-01,P::J1727,LIME CREEK 161KV,Queue-derived study fields,,2026-09-05T04:35:51Z,snapshot_fields,1.0
P::J1728,DPP-2020,West,GIA,,,39.0,0.0,,2026-03-01,2026-03-01,2026-03-01,P::J1728,STORY COUNTY SUBSTATION 161KV,Queue-derived study fields,,2026-09-05T04:35:51Z,snapshot_fields,1.0
P::J1729,DPP-2020,West,GIA,,,43.0,0.0,,2026-03-01,2026-03-01,2026-03-01,P::J1729,LIME CREEK 161KV,Queue-derived study fields,,2026-09-05T04:35:51Z,snapshot_fields,1.0
P::J1730,DPP-2020,West,GIA,,,300.0,0.0,,2026-03-01,2026-03-01,2026-03-01,P::J1730,EAU CLAIRE TO AS KING 345KV,Queue-derived study fields,,2026-09-05T04:35:51Z,snapshot_fields,1.0
P::J1731,DPP-2020,Central,GIA,,,100.0,0.0,,2026-03-01,2026-03-01,2026-03-01,P::J1731,NOBLESVILLE TO FALL CREEK 345KV,Queue-derived study fields,,2026-09-05T04:35:51Z,snapshot_fields,1.0
P::J1732,DPP-2020,East (ATC),GIA,,,98.4,0.0,,2026-03-01,2026-03-01,2026-03-01,P::J1732,ACEC LEWISTON TAP X 68 ACEC LEWISTON 138 0KV,Queue-derived study fields,,2026-09-05T04:35:51Z,snapshot_fields,1.0
P::J1733,DPP-2020,West,GIA,,,50.0,0.0,,2026-03-01,2026-03-01,2026-03-01,P::J1733,LANSING 161KV,Queue-derived study fields,,2026-09-05T04:35:51Z,snapshot_fields,1.0
P::J1734,DPP-2020,West,GIA,,,150.0,0.0,,2026-03-01,2026-03-01,2026-03-01,P::J1734,BURLINGTON GENERATION WEVER 161KV,Queue-derived study fields,,2026-09-05T04:35:51Z,snapshot_fields,1.0
P::J1735,DPP-2020,East (ATC),GIA,,,75.0,0.0,,2026-03-01,2026-03-01,2026-03-01,P::J1735,J1304 POI 138KV SUBSTATION,Queue-derived study fields,,2026-09-05T04:35:51Z,snapshot_fields,1.0
P::J1736,DPP-2020,Central,GIA,,,100.0,0.0,,2026-03-01,2026-03-01,2026-03-01,P::J1736,DUFF 138KV,Queue-derived study fields,,2026-09-05T04:35:51Z,snapshot_fields,1.0
P::J1737,DPP-2020,Central,GIA,,,210.0,0.0,,2026-03-01,2026-03-01,2026-03-01,P::J1737,GWYNVILLE 345KV,Queue-derived study fields,,2026-09-05T04:35:51Z,snapshot_fields,1.0
P::J1738,DPP-2020,West,GIA,,,20.0,0.0,,2026-03-01,2026-03-01,2026-03-01,P::J1738,LEOLA SUBSTATION 41 6KV,Queue-derived study fields,,2026-09-05T04:35:51Z,snapshot_fields,1.0
P::J1739,DPP-2020,East (ATC),GIA,,,50.0,0.0,,2026-03-01,2026-03-01,2026-03-01,P::J1739,SAND LAKE 138KV SUBSTATION,Queue-derived study fields,,2026-09-05T04:35:51Z,snapshot_fields,1.0
P::J1740,DPP-2020,East (ATC),GIA,,,100.0,0.0,,2026-03-01,2026-03-01,2026-03-01,P::J1740,UNIVERSITY TO MUKWANAGO 138KV LINE,Queue-derived study fields,,2026-09-05T04:35:51Z,snapshot_fields,1.0
P::J1741,DPP-2020,Central,GIA,,,270.0,0.0,,2026-03-01,2026-03-01,2026-03-01,P::J1741,WALTON 345KV SUBSTATION,Queue-derived study fields,,2026-09-05T04:35:51Z,snapshot_fields,1.0
P::J1742,DPP-2020,Central,GIA,,,294.1,0.0,,2026-03-01,2026-03-01,2026-03-01,P::J1742,BABCOCK LAKE GEORGE 345KV,Queue-derived study fields,,2026-09-05T04:35:51Z,snapshot_fields,1.0
P::J1743,DPP-2020,Central,GIA,,,292.9,0.0,,2026-03-01,2026-03-01,2026-03-01,P::J1743,DEEDSVILLE 345KV SUBSTATION,Queue-derived study fields,,2026-09-05T04:35:51Z,snapshot_fields,1.0
P::J1744,DPP-2020,Central,GIA,,,149.5,0.0,,2026-03-01,2026-03-01,2026-03-01,P::J1744,HUTSONVILLE NEOGA 138KV,Queue-derived study fields,,2026-09-05T04:35:51Z,snapshot_fields,1.0
P::J1745,DPP-2020,East (ATC),GIA,,,100.0,0.0,,2026-03-01,2026-03-01,2026-03-01,P::J1745,FITZGERALD 138KV,Queue-derived study fields,,2026-09-05T04:35:51Z,snapshot_fields,1.0
P::J1746,DPP-2020,East (ATC),GIA,,,150.0,0.0,,2026-03-01,2026-03-01,2026-03-01,P::J1746,COLUMBIA 138KV,Queue-derived study fields,,2026-09-05T04:35:51Z,snapshot_fields,1.0
P::J1747,DPP-2020,South,GIA,,,50.0,0.0,,2026-03-01,2026-03-01,2026-03-01,P::J1747,J830 POI,Queue-derived study fields,,2026-09-05T04:35:51Z,snapshot_fields,1.0
P::J1748,DPP-2020,South,GIA,,,100.0,0.0,,2026-03-01,2026-03-01,2026-03-01,P::J1748,TWINKLETOWN 230KV,Queue-derived study fields,,2026-09-05T04:35:51Z,snapshot_fields,1.0
P::J1749,DPP-2020,South,GIA,,,50.0,0.0,,2026-03-01,2026-03-01,2026-03-01,P::J1749,ADDIS BIG CAJUN 230KV,Queue-derived study fields,,2026-09-05T04:35:51Z,snapshot_fields,1.0
P::J1750,DPP-2020,East (ATC),GIA,,,149.7,0.0,,2026-03-01,2026-03-01,2026-03-01,P::J1750,OTHER_,Queue-derived study fields,,2026-09-05T04:35:51Z,snapshot_fields,1.0
P::J1751,DPP-2020,East (ATC),GIA,,,150.5,0.0,,2026-03-01,2026-03-01,2026-03-01,P::J1751,SARATOGA BADGER WEST 138 0KV,Queue-derived study fields,,2026-09-05T04:35:51Z,snapshot_fields,1.0
P::J1752,DPP-2020,East (ATC),GIA,,,148.1,0.0,,2026-03-01,2026-03-01,2026-03-01,P::J1752,GOLDEN SANDS ARNOTT O 119,Queue-derived study fields,,2026-09-05T04:35:51Z,snapshot_fields,1.0
P::J1753,DPP-2020,East (ATC),GIA,,,300.0,0.0,,2026-03-01,2026-03-01,2026-03-01,P::J1753,COLUMBIA SOUTH FOND DU LAC 345KV,Queue-derived study fields,,2026-09-05T04:35:51Z,snapshot_fields,1.0
P::J1754,DPP-2020,West,GIA,,,200.0,0.0,,2026-03-01,2026-03-01,2026-03-01,P::J1754,MCHENRY ND,Queue-derived study fields,,2026-09-05T04:35:51Z,snapshot_fields,1.0
P::J1755,DPP-2020,Central,GIA,,,147.2,0.0,,2026-03-01,2026-03-01,2026-03-01,P::J1755,BUREAU COUNTY 138KV,Queue-derived study fields,,2026-09-05T04:35:51Z,snapshot_fields,1.0
P::J1756,DPP-2020,Central,GIA,,,309.0,0.0,,2026-03-01,2026-03-01,2026-03-01,P::J1756,GWYNNEVILLE TO SUNNYSIDE 345KV,Queue-derived study fields,,2026-09-05T04:35:51Z,snapshot_fields,1.0
P::J1757,DPP-2020,Central,GIA,,,300.0,0.0,,2026-03-01,2026-03-01,2026-03-01,P::J1757,KANSAS FARADAY 345KV,Queue-derived study fields,,2026-09-05T04:35:51Z,snapshot_fields,1.0
P::J1758,DPP-2020,West,GIA,,,42.0,0.0,,2026-03-01,2026-03-01,2026-03-01,P::J1758,PILLSBURRY SUBSTATION 230KV,Queue-derived study fields,,2026-09-05T04:35:51Z,snapshot_fields,1.0
P::J1759,DPP-2020,South,GIA,,,0.0,,,2026-03-01,2026-03-01,2026-03-01,P::J1759,FISHER TO MANSFIELD COMPRESSOR 230KV,Queue-derived study fields,,2026-09-05T04:35:51Z,snapshot_fields,1.0
P::J1760,DPP-2020,South,GIA,,,205.0,0.0,,2026-03-01,2026-03-01,2026-03-01,P::J1760,TIMBERLAND 230KV,Queue-derived study fields,,2026-09-05T04:35:51Z,snapshot_fields,1.0
P::J1761,DPP-2020,West,GIA,,,39.0,0.0,,2026-03-01,2026-03-01,2026-03-01,P::J1761,MAPLE RIVER 230KV,Queue-derived study fields,,2026-09-05T04:35:51Z,snapshot_fields,1.0
P::J1762,DPP-2020,East (ATC),GIA,,,22.5,0.0,,2026-03-01,2026-03-01,2026-03-01,P::J1762,CRYSTAL FALLS ASPEN 69KV,Queue-derived study fields,,2026-09-05T04:35:51Z,snapshot_fields,1.0
P::J1763,DPP-2020,West,GIA,,,33.0,0.0,,2026-03-01,2026-03-01,2026-03-01,P::J1763,LANGDON SUBSTATION 115KV,Queue-derived study fields,,2026-09-05T04:35:51Z,snapshot_fields,1.0
P::J1764,DPP-2020,Central,GIA,,,125.0,0.0,,2026-03-01,2026-03-01,2026-03-01,P::J1764,SEMINARY PERRYVILLE 138KV,Queue-derived study fields,,2026-09-05T04:35:51Z,snapshot_fields,1.0
P::J1765,DPP-2020,Central,GIA,,,93.2,0.0,,2026-03-01,2026-03-01,2026-03-01,P::J1765,TIPTON WEST SUBSTATION 230KV,Queue-derived study fields,,2026-09-05T04:35:51Z,snapshot_fields,1.0
P::J1766,DPP-2020,West,GIA,,,20.0,0.0,,2026-03-01,2026-03-01,2026-03-01,P::J1766,KEYSTONE XL PUMPING STATION 14 115KV,Queue-derived study fields,,2026-09-05T04:35:51Z,snapshot_fields,1.0
P::J1767,DPP-2020,West,GIA,,,37.0,0.0,,2026-03-01,2026-03-01,2026-03-01,P::J1767,BURT TO EMERY 161KV,Queue-derived study fields,,2026-09-05T04:35:51Z,snapshot_fields,1.0
P::J1768,DPP-2020,Central,GIA,,,200.0,0.0,,2026-03-01,2026-03-01,2026-03-01,P::J1768,LOST RIVER SUBSTATION 345,Queue-derived study fields,,2026-09-05T04:35:51Z,snapshot_fields,1.0
P::J1769,DPP-2020,West,GIA,,,120.0,0.0,,2026-03-01,2026-03-01,2026-03-01,P::J1769,BEAVER CREEK TO RICE 161KV LINE TAP SAME POI AS J898,Queue-derived study fields,,2026-09-05T04:35:51Z,snapshot_fields,1.0
P::J1770,DPP-2020,Central,GIA,,,150.0,0.0,,2026-03-01,2026-03-01,2026-03-01,P::J1770,HOOPSTON 138KV,Queue-derived study fields,,2026-09-05T04:35:51Z,snapshot_fields,1.0
P::J1771,DPP-2020,Central,GIA,,,197.3,0.0,,2026-03-01,2026-03-01,2026-03-01,P::J1771,CASEY SULLIVAN 345KV,Queue-derived study fields,,2026-09-05T04:35:51Z,snapshot_fields,1.0
P::J1772,DPP-2020,Central,GIA,,,200.0,0.0,,2026-03-01,2026-03-01,2026-03-01,P::J1772,REYNOLDS 345KV,Queue-derived study fields,,2026-09-05T04:35:51Z,snapshot_fields,1.0
P::J1773,DPP-2020,East (ATC),GIA,,,300.0,0.0,,2026-03-01,2026-03-01,2026-03-01,P::J1773,HILL VALLEY TO CARDINAL 345KV,Queue-derived study fields,,2026-09-05T04:35:51Z,snapshot_fields,1.0
P::J1774,DPP-2020,Central,GIA,,,50.0,0.0,,2026-03-01,2026-03-01,2026-03-01,P::J1774,CAYUGA 345KV,Queue-derived study fields,,2026-09-05T04:35:51Z,snapshot_fields,1.0
P::J1775,DPP-2020,East (ATC),GIA,,,150.0,0.0,,2026-03-01,2026-03-01,2026-03-01,P::J1775,FOREST JUNCTION SUBSTATION 345KV,Queue-derived study fields,,2026-09-05T04:35:51Z,snapshot_fields,1.0
P::J1776,DPP-2020,West,GIA,,,34.0,0.0,,2026-03-01,2026-03-01,2026-03-01,P::J1776,DICKINSON COUNTY SWITCH YARD 161KV,Queue-derived study fields,,2026-09-05T04:35:51Z,snapshot_fields,1.0
P::J1777,DPP-2020,Central,GIA,,,100.0,0.0,,2026-03-01,2026-03-01,2026-03-01,P::J1777,ASTER 138KV SUBSTATION,Queue-derived study fields,,2026-09-05T04:35:51Z,snapshot_fields,1.0
P::J1778,DPP-2020,East (ATC),GIA,,,100.0,0.0,,2026-03-01,2026-03-01,2026-03-01,P::J1778,PARIS 138KV,Queue-derived study fields,,2026-09-05T04:35:51Z,snapshot_fields,1.0
P::J1779,DPP-2020,East (ATC),GIA,,,200.0,0.0,,2026-03-01,2026-03-01,2026-03-01,P::J1779,ROCKDALE,Queue-derived study fields,,2026-09-05T04:35:51Z,snapshot_fields,1.0
P::J1780,DPP-2020,Central,GIA,,,200.0,0.0,,2026-03-01,2026-03-01,2026-03-01,P::J1780,OTHER_,Queue-derived study fields,,2026-09-05T04:35:51Z,snapshot_fields,1.0
P::J1781,DPP-2020,East (ATC),GIA,,,300.0,0.0,,2026-03-01,2026-03-01,2026-03-01,P::J1781,HILL VALLEY 345KV,Queue-derived study fields,,2026-09-05T04:35:51Z,snapshot_fields,1.0
P::J1782,DPP-2020,Central,GIA,,,150.0,0.0,,2026-03-01,2026-03-01,2026-03-01,P::J1782,WABASH RIVER GEN STA TO WHITESVILLE SOUTH SUB 230KV,Queue-derived study fields,,2026-09-05T04:35:51Z,snapshot_fields,1.0
P::J1783,DPP-2020,Central,GIA,,,150.0,0.0,,2026-03-01,2026-03-01,2026-03-01,P::J1783,WABASH RIVER GEN STA TO WHITESVILLE SOUTH SUB 230KV,Queue-derived study fields,,2026-09-05T04:35:51Z,snapshot_fields,1.0
P::J1784,DPP-2020,Central,GIA,,,39.0,0.0,,2026-03-01,2026-03-01,2026-03-01,P::J1784,NEW CASTLE TO HAGERSTOWN 69KV,Queue-derived study fields,,2026-09-05T04:35:51Z,snapshot_fields,1.0
P::J1785,DPP-2020,Central,GIA,,,100.0,0.0,,2026-03-01,2026-03-01,2026-03-01,P::J1785,MAPLE 69KV,Queue-derived study fields,,2026-09-05T04:35:51Z,snapshot_fields,1.0
P::J1786,DPP-2020,Central,GIA,,,200.0,0.0,,2026-03-01,2026-03-01,2026-03-01,P::J1786,GIBSON STA MEROM HED 345 0KV,Queue-derived study fields,,2026-09-05T04:35:51Z,snapshot_fields,1.0
P::J1787,DPP-2020,South,GIA,,,0.0,,,2026-03-01,2026-03-01,2026-03-01,P::J1787,BEECH GROVE RAY BRASWELL 115KV,Queue-derived study fields,,2026-09-05T04:35:51Z,snapshot_fields,1.0
P::J1788,DPP-2020,South,GIA,,,120.0,0.0,,2026-03-01,2026-03-01,2026-03-01,P::J1788,CANELAND 230KV,Queue-derived study fields,,2026-09-05T04:35:51Z,snapshot_fields,1.0
P::J1789,DPP-2020,South,GIA,,,5.99,0.0,,2026-03-01,2026-03-01,2026-03-01,P::J1789,BRINKLEY EAST TO CLARENDON 115KV,Queue-derived study fields,,2026-09-05T04:35:51Z,snapshot_fields,1.0
P::J1790,DPP-2020,South,GIA,,,0.0,,,2026-03-01,2026-03-01,2026-03-01,P::J1790,CROSSETT MONTICELLO EAST 115KV LINE,Queue-derived study fields,,2026-09-05T04:35:51Z,snapshot_fields,1.0
P::J1791,DPP-2020,South,GIA,,,0.0,,,2026-03-01,2026-03-01,2026-03-01,P::J1791,GERALD ANDRUS TINNIN ROAD 230KV,Queue-derived study fields,,2026-09-05T04:35:51Z,snapshot_fields,1.0
P::J1792,DPP-2020,East (ATC),GIA,,,22.5,0.0,,2026-03-01,2026-03-01,2026-03-01,P::J1792,NEW TAP OF THE ONTONAGAN TO ROCKLAND JCT 69KV LINE APPROX 2 2 MI NORTH OF ROCKLAND JCT,Queue-derived study fields,,2026-09-05T04:35:51Z,snapshot_fields,1.0
P::J1793,DPP-2020,East (ATC),GIA,,,75.0,0.0,,2026-03-01,2026-03-01,2026-03-01,P::J1793,HOLLAND 138KV,Queue-derived study fields,,2026-09-05T04:35:51Z,snapshot_fields,1.0
P::J1794,DPP-2020,South,GIA,,,150.0,0.0,,2026-03-01,2026-03-01,2026-03-01,P::J1794,RICHARD SCOTT 138 0KV,Queue-derived study fields,,2026-09-05T04:35:51Z,snapshot_fields,1.0
P::J1795,DPP-2020,South,GIA,,,100.0,0.0,,2026-03-01,2026-03-01,2026-03-01,P::J1795,BAYOU COVE TO RICHARD 138KV CIRCUIT 258,Queue-derived study fields,,2026-09-05T04:35:51Z,snapshot_fields,1.0
P::J1796,DPP-2020,South,GIA,,,150.0,0.0,,2026-03-01,2026-03-01,2026-03-01,P::J1796,PINE PRAIRIE TO COUGHLIN 138KV,Queue-derived study fields,,2026-09-05T04:35:51Z,snapshot_fields,1.0
P::J1797,DPP-2020,South,GIA,,,100.0,0.0,,2026-03-01,2026-03-01,2026-03-01,P::J1797,WATERFORD 230KV,Queue-derived study fields,,2026-09-05T04:35:51Z,snapshot_fields,1.0
P::J1798,DPP-2020,East (ITC),GIA,,,25.0,0.0,,2026-03-01,2026-03-01,2026-03-01,P::J1798,WATERMAN 120KV,Queue-derived study fields,,2026-09-05T04:35:51Z,snapshot_fields,1.0
P::J1799,DPP-2020,Central,GIA,,,100.0,0.0,,2026-03-01,2026-03-01,2026-03-01,P::J1799,JOPPA 345KV,Queue-derived study fields,,2026-09-05T04:35:51Z,snapshot_fields,1.0
P::J1800,DPP-2020,West,GIA,,,25.0,0.0,,2026-03-01,2026-03-01,2026-03-01,P::J1800,ADAMS SWITCH YARD 161KV,Queue-derived study fields,,2026-09-05T04:35:51Z,snapshot_fields,1.0
P::J1801,DPP-2020,West,GIA,,,39.0,0.0,,2026-03-01,2026-03-01,2026-03-01,P::J1801,STORY COUNTY SUBSTATION 161KV,Queue-derived study fields,,2026-09-05T04:35:51Z,snapshot_fields,1.0
P::J1802,DPP-2020,Central,GIA,,,150.0,0.0,,2026-03-01,2026-03-01,2026-03-01,P::J1802,BURR OAK 138KV,Queue-derived study fields,,2026-09-05T04:35:51Z,snapshot_fields,1.0
P::J1803,DPP-2020,East (ATC),GIA,,,1.6,0.0,,2026-03-01,2026-03-01,2026-03-01,P::J1803,WINONA ATLANTIC 69KV,Queue-derived study fields,,2026-09-05T04:35:51Z,snapshot_fields,1.0
P::J1804,DPP-2020,West,GIA,,,0.0,,,2026-03-01,2026-03-01,2026-03-01,P::J1804,PINE LAKE TO THREE LAKES 115KV,Queue-derived study fields,,2026-09-05T04:35:51Z,snapshot_fields,1.0
P::J1805,DPP-2020,Central,GIA,,,0.0,,,2026-03-01,2026-03-01,2026-03-01,P::J1805,MAPLE 69KV,Queue-derived study fields,,2026-09-05T04:35:51Z,snapshot_fields,1.0
P::J1806,DPP-2020,Central,GIA,,,30.0,0.0,,2026-03-01,2026-03-01,2026-03-01,P::J1806,GREENSBORO SUBSTATION 345KV,Queue-derived study fields,,2026-09-05T04:35:51Z,snapshot_fields,1.0
P::J1807,DPP-2020,Central,GIA,,,150.0,0.0,,2026-03-01,2026-03-01,2026-03-01,P::J1807,MOUNT TABOR 138KV,Queue-derived study fields,,2026-09-05T04:35:51Z,snapshot_fields,1.0
P::J1808,DPP-2020,West,GIA,,,200.0,0.0,,2026-03-01,2026-03-01,2026-03-01,P::J1808,BARRON 161KV,Queue-derived study fields,,2026-09-05T04:35:51Z,snapshot_fields,1.0
P::J1809,DPP-2020,East (ATC),GIA,,,62.5,0.0,,2026-03-01,2026-03-01,2026-03-01,P::J1809,ATLANTIC SILVER RIVER 138KV,Queue-derived study fields,,2026-09-05T04:35:51Z,snapshot_fields,1.0
P::J1810,DPP-2020,Central,GIA,,,60.0,0.0,,2026-03-01,2026-03-01,2026-03-01,P::J1810,REYNOLDS 345KV TO BURR OAKS 345KV,Queue-derived study fields,,2026-09-05T04:35:51Z,snapshot_fields,1.0
P::J1811,DPP-2020,South,GIA,,,150.0,0.0,,2026-03-01,2026-03-01,2026-03-01,P::J1811,INDEPENDENCE 161KV,Queue-derived study fields,,2026-09-05T04:35:51Z,snapshot_fields,1.0
P::J1812,DPP-2020,South,GIA,,,294.25,0.0,,2026-03-01,2026-03-01,2026-03-01,P::J1812,STOWELL 230KV,Queue-derived study fields,,2026-09-05T04:35:51Z,snapshot_fields,1.0
P::J1813,DPP-2020,South,GIA,,,1005.0,0.0,,2026-03-01,2026-03-01,2026-03-01,P::J1813,ENTERGY FREEPORT 230KV SUBSTATION,Queue-derived study fields,,2026-09-05T04:35:51Z,snapshot_fields,1.0
P::J1814,DPP-2020,East (ATC),GIA,,,22.5,0.0,,2026-03-01,2026-03-01,2026-03-01,P::J1814,NORDIC,Queue-derived study fields,,2026-09-05T04:35:51Z,snapshot_fields,1.0
P::J1815,DPP-2020,Central,GIA,,,180.0,0.0,,2026-03-01,2026-03-01,2026-03-01,P::J1815,LINDEN JUNCTION CRAWFORDSVILLE 138KV,Queue-derived study fields,,2026-09-05T04:35:51Z,snapshot_fields,1.0
P::J1816,DPP-2020,South,GIA,,,135.0,0.0,,2026-03-01,2026-03-01,2026-03-01,P::J1816,FISHER CHERRY VALLEY 161 0KV,Queue-derived study fields,,2026-09-05T04:35:51Z,snapshot_fields,1.0
P::J1817,DPP-2020,East (ATC),GIA,,,20.0,0.0,,2026-03-01,2026-03-01,2026-03-01,P::J1817,ATC WINONA ATLANTIC MINW 69KV TAP J1244,Queue-derived study fields,,2026-09-05T04:35:51Z,snapshot_fields,1.0
P::J1818,DPP-2020,South,GIA,,,80.0,0.0,,2026-03-01,2026-03-01,2026-03-01,P::J1818,NORTHEAST MOSS 69KV,Queue-derived study fields,,2026-09-05T04:35:51Z,snapshot_fields,1.0
P::J1819,DPP-2020,South,GIA,,,0.0,,,2026-03-01,2026-03-01,2026-03-01,P::J1819,WEST MEMPHIS EHV KEO EHV 500 0KV,Queue-derived study fields,,2026-09-05T04:35:51Z,snapshot_fields,1.0
P::J1820,DPP-2020,South,GIA,,,100.0,0.0,,2026-03-01,2026-03-01,2026-03-01,P::J1820,WEST MEMPHIS EHV KEO EHV 500 0KV,Queue-derived study fields,,2026-09-05T04:35:51Z,snapshot_fields,1.0
P::J1821,DPP-2020,South,GIA,,,0.0,,,2026-03-01,2026-03-01,2026-03-01,P::J1821,WEST MEMPHIS EHV KEO EHV 500 0KV,Queue-derived study fields,,2026-09-05T04:35:51Z,snapshot_fields,1.0
P::J1822,DPP-2020,West,GIA,,,200.0,0.0,,2026-03-01,2026-03-01,2026-03-01,P::J1822,KILLDEER3 631199 345KV TO BLACKHAWK 636199 345KV LINE TAP,Queue-derived study fields,,2026-09-05T04:35:51Z,snapshot_fields,1.0
P::J1823,DPP-2020,East (ATC),GIA,,,62.5,0.0,,2026-03-01,2026-03-01,2026-03-01,P::J1823,PORTAGE UPPCO ATLANTIC 69KV,Queue-derived study fields,,2026-09-05T04:35:51Z,snapshot_fields,1.0
P::J1824,DPP-2020,East (ATC),GIA,,,73.8,0.0,,2026-03-01,2026-03-01,2026-03-01,P::J1824,ACADEMY 138KV,Queue-derived study fields,,2026-09-05T04:35:51Z,snapshot_fields,1.0
P::J1825,DPP-2020,Central,GIA,,,100.0,0.0,,2026-03-01,2026-03-01,2026-03-01,P::J1825,WESTPORT,Queue-derived study fields,,2026-09-05T04:35:51Z,snapshot_fields,1.0
P::J1826,DPP-2020,West,GIA,,,4.0,0.0,,2026-03-01,2026-03-01,2026-03-01,P::J1826,CANNON FALLS TRANSMISSION 69KV,Queue-derived study fields,,2026-09-05T04:35:51Z,snapshot_fields,1.0
P::J1827,DPP-2020,South,GIA,,,90.0,0.0,,2026-03-01,2026-03-01,2026-03-01,P::J1827,BASTROP TAP POINT,Queue-derived study fields,,2026-09-05T04:35:51Z,snapshot_fields,1.0
P::J1828,DPP-2020,Central,GIA,,,99.2,0.0,,2026-03-01,2026-03-01,2026-03-01,P::J1828,AUSTIN 1 138KV SUBSTATION,Queue-derived study fields,,2026-09-05T04:35:51Z,snapshot_fields,1.0
P::J1829,DPP-2020,Central,GIA,,,180.0,0.0,,2026-03-01,2026-03-01,2026-03-01,P::J1829,DEI S COLUMBUS TO CLARK TWP 230KV ONE OF THE TWO 230KV CIRCUITS GOING FROM COLUMBUS TO FIVE POIN,Queue-derived study fields,,2026-09-05T04:35:51Z,snapshot_fields,1.0
P::J1830,DPP-2020,Central,GIA,,,200.0,0.0,,2026-03-01,2026-03-01,2026-03-01,P::J1830,KELSO JOPPA MASSAC 345KV LINE,Queue-derived study fields,,2026-09-05T04:35:51Z,snapshot_fields,1.0
P::J1831,DPP-2020,Central,GIA,,,200.0,0.0,,2026-03-01,2026-03-01,2026-03-01,P::J1831,SHOCKEY 138KV,Queue-derived study fields,,2026-09-05T04:35:51Z,snapshot_fields,1.0
P::J1832,DPP-2020,South,GIA,,,145.09,0.0,,2026-03-01,2026-03-01,2026-03-01,P::J1832,PLAISANCE 138KV,Queue-derived study fields,,2026-09-05T04:35:51Z,snapshot_fields,1.0
P::J1833,DPP-2020,South,GIA,,,115.1,0.0,,2026-03-01,2026-03-01,2026-03-01,P::J1833,LEEVILLE 115KV,Queue-derived study fields,,2026-09-05T04:35:51Z,snapshot_fields,1.0
P::J1834,DPP-2020,South,GIA,,,126.0,0.0,,2026-03-01,2026-03-01,2026-03-01,P::J1834,SABINE 138 230KV SUBSTATION,Queue-derived study fields,,2026-09-05T04:35:51Z,snapshot_fields,1.0
P::J1835,DPP-2020,Central,GIA,,,200.0,0.0,,2026-03-01,2026-03-01,2026-03-01,P::J1835,CULLEY TO GRANDVIEW 138KV LINE TAP,Queue-derived study fields,,2026-09-05T04:35:51Z,snapshot_fields,1.0
P::J1836,DPP-2020,Central,GIA,,,300.0,0.0,,2026-03-01,2026-03-01,2026-03-01,P::J1836,MONTGOMERY CALLAWAY 7,Queue-derived study fields,,2026-09-05T04:35:51Z,snapshot_fields,1.0
P::J1837,DPP-2020,Central,GIA,,,200.0,0.0,,2026-03-01,2026-03-01,2026-03-01,P::J1837,PANA ROUTE 51 138KV,Queue-derived study fields,,2026-09-05T04:35:51Z,snapshot_fields,1.0
P::J1838,DPP-2020,East (ATC),GIA,,,320.0,0.0,,2026-03-01,2026-03-01,2026-03-01,P::J1838,CHRISTIANA 138KV,Queue-derived study fields,,2026-09-05T04:35:51Z,snapshot_fields,1.0
P::J1839,DPP-2020,Central,GIA,,,340.3,0.0,,2026-03-01,2026-03-01,2026-03-01,P::J1839,DECATUR ADM NORTH 138KV,Queue-derived study fields,,2026-09-05T04:35:51Z,snapshot_fields,1.0
P::J1840,DPP-2020,Central,GIA,,,250.0,0.0,,2026-03-01,2026-03-01,2026-03-01,P::J1840,CLINTON TO GOOSE CREEK 4545 345KV LINE,Queue-derived study fields,,2026-09-05T04:35:51Z,snapshot_fields,1.0
P::J1841,DPP-2020,South,GIA,,,52.0,0.0,,2026-03-01,2026-03-01,2026-03-01,P::J1841,FORREST CITY TO WYNNE S 161KV LINE,Queue-derived study fields,,2026-09-05T04:35:51Z,snapshot_fields,1.0
P::J1842,DPP-2020,South,GIA,,,135.0,0.0,,2026-03-01,2026-03-01,2026-03-01,P::J1842,FORREST CITY N SS WYNNE SOUTH 161 0KV,Queue-derived study fields,,2026-09-05T04:35:51Z,snapshot_fields,1.0
P::J1843,DPP-2020,East (ATC),GIA,,,12.0,0.0,,2026-03-01,2026-03-01,2026-03-01,P::J1843,CHRISTIANA 138KV,Queue-derived study fields,,2026-09-05T04:35:51Z,snapshot_fields,1.0
P::J1844,DPP-2021,East (ITC),Phase 3,,,100.0,0.0,,2026-03-01,2026-03-01,2026-03-01,P::J1844,19CVTRY,Queue-derived study fields,,2026-09-05T04:35:51Z,snapshot_fields,1.0
P::J1845,DPP-2021,East (ITC),Phase 3,,,100.0,0.0,,2026-03-01,2026-03-01,2026-03-01,P::J1845,18BATTLC,Queue-derived study fields,,2026-09-05T04:35:51Z,snapshot_fields,1.0
P::J1846,DPP-2021,West,Phase 2,,,200.0,0.0,,2026-03-01,2026-03-01,2026-03-01,P::J1846,PANTHER,Queue-derived study fields,,2026-09-05T04:35:51Z,snapshot_fields,1.0
P::J1847,DPP-2021,West,Phase 2,,,200.0,0.0,,2026-03-01,2026-03-01,2026-03-01,P::J1847,MURPHY CREEK 161KV SUBSTATION,Queue-derived study fields,,2026-09-05T04:35:51Z,snapshot_fields,1.0
P::J1848,DPP-2021,East (ITC),Phase 3,,,1235.0,0.0,,2026-03-01,2026-03-01,2026-03-01,P::J1848,COVERT,Queue-derived study fields,,2026-09-05T04:35:51Z,snapshot_fields,1.0
P::J1849,DPP-2021,South,Phase 3,,,200.0,0.0,,2026-03-01,2026-03-01,2026-03-01,P::J1849,CYPRESS 230KV,Queue-derived study fields,,2026-09-05T04:35:51Z,snapshot_fields,1.0
P::J1850,DPP-2021,South,Phase 3,,,100.0,0.0,,2026-03-01,2026-03-01,2026-03-01,P::J1850,KIRK CECELIA 138KV LINE,Queue-derived study fields,,2026-09-05T04:35:51Z,snapshot_fields,1.0
P::J1851,DPP-2021,South,Phase 3,,,185.0,0.0,,2026-03-01,2026-03-01,2026-03-01,P::J1851,CROSSETT NORTH BEEKMAN 115 0KV,Queue-derived study fields,,2026-09-05T04:35:51Z,snapshot_fields,1.0
P::J1852,DPP-2021,West,Phase 2,,,200.0,0.0,,2026-03-01,2026-03-01,2026-03-01,P::J1852,BISON 345KV,Queue-derived study fields,,2026-09-05T04:35:51Z,snapshot_fields,1.0
P::J1853,DPP-2021,West,Phase 2,,,50.0,0.0,,2026-03-01,2026-03-01,2026-03-01,P::J1853,DENMARK NEWPORT,Queue-derived study fields,,2026-09-05T04:35:51Z,snapshot_fields,1.0
P::J1854,DPP-2021,Central,Phase 2,,,150.0,0.0,,2026-03-01,2026-03-01,2026-03-01,P::J1854,WABASH GREENTOWN 138KV,Queue-derived study fields,,2026-09-05T04:35:51Z,snapshot_fields,1.0
P::J1855,DPP-2021,South,Phase 3,,,500.0,0.0,,2026-03-01,2026-03-01,2026-03-01,P::J1855,MALLORY 161,Queue-derived study fields,,2026-09-05T04:35:51Z,snapshot_fields,1.0
P::J1856,DPP-2021,South,Phase 3,,,150.0,0.0,,2026-03-01,2026-03-01,2026-03-01,P::J1856,SHOFFNER NEWPORT,Queue-derived study fields,,2026-09-05T04:35:51Z,snapshot_fields,1.0
P::J1857,DPP-2021,South,Phase 3,,,250.0,0.0,,2026-03-01,2026-03-01,2026-03-01,P::J1857,EBONY SS 5WM LEHI W,Queue-derived study fields,,2026-09-05T04:35:51Z,snapshot_fields,1.0
P::J1858,DPP-2021,South,Phase 3,,,440.0,0.0,,2026-03-01,2026-03-01,2026-03-01,P::J1858,SANDY BAYOU,Queue-derived study fields,,2026-09-05T04:35:51Z,snapshot_fields,1.0
P::J1859,DPP-2021,West,Phase 2,,,200.0,0.0,,2026-03-01,2026-03-01,2026-03-01,P::J1859,COUNCIL BLUFFS FALLOW AVENUE 345KV LINE TAP,Queue-derived study fields,,2026-09-05T04:35:51Z,snapshot_fields,1.0
P::J1860,DPP-2021,East (ITC),Phase 3,,,60.0,0.0,,2026-03-01,2026-03-01,2026-03-01,P::J1860,MOROCCO TO BEECHER 138KV 8 36 MILES FROM MOROCCO,Queue-derived study fields,,2026-09-05T04:35:51Z,snapshot_fields,1.0
P::J1861,DPP-2021,Central,Phase 2,,,45.0,0.0,,2026-03-01,2026-03-01,2026-03-01,P::J1861,STILLWELL L N G PLANT 138 0KV,Queue-derived study fields,,2026-09-05T04:35:51Z,snapshot_fields,1.0
P::J1862,DPP-2021,East (ITC),Phase 3,,,45.0,0.0,,2026-03-01,2026-03-01,2026-03-01,P::J1862,BINGHAM WEST 138KV,Queue-derived study fields,,2026-09-05T04:35:51Z,snapshot_fields,1.0
P::J1863,DPP-2021,East (ITC),Phase 3,,,60.0,0.0,,2026-03-01,2026-03-01,2026-03-01,P::J1863,VANTYLE 138KV,Queue-derived study fields,,2026-09-05T04:35:51Z,snapshot_fields,1.0
P::J1864,DPP-2021,West,Phase 2,,,250.0,0.0,,2026-03-01,2026-03-01,2026-03-01,P::J1864,EMERY 161KV,Queue-derived study fields,,2026-09-05T04:35:51Z,snapshot_fields,1.0
P::J1865,DPP-2021,West,Phase 2,,,250.0,0.0,,2026-03-01,2026-03-01,2026-03-01,P::J1865,QUINN BLACKHAWK 345KV,Queue-derived study fields,,2026-09-05T04:35:51Z,snapshot_fields,1.0
P::J1866,DPP-2021,West,Phase 2,,,125.0,0.0,,2026-03-01,2026-03-01,2026-03-01,P::J1866,T CORNERS 115KV SUB,Queue-derived study fields,,2026-09-05T04:35:51Z,snapshot_fields,1.0
P::J1867,DPP-2021,West,Phase 2,,,200.0,0.0,,2026-03-01,2026-03-01,2026-03-01,P::J1867,QUINN,Queue-derived study fields,,2026-09-05T04:35:51Z,snapshot_fields,1.0
P::J1868,DPP-2021,South,Phase 3,,,260.0,0.0,,2026-03-01,2026-03-01,2026-03-01,P::J1868,WINNFIELD TO STANDARD 115KV,Queue-derived study fields,,2026-09-05T04:35:51Z,snapshot_fields,1.0
P::J1869,DPP-2021,South,Phase 3,,,78.0,0.0,,2026-03-01,2026-03-01,2026-03-01,P::J1869,WINNFIELD TO STANDARD 115KV,Queue-derived study fields,,2026-09-05T04:35:51Z,snapshot_fields,1.0
P::J1870,DPP-2021,South,Phase 3,,,200.0,0.0,,2026-03-01,2026-03-01,2026-03-01,P::J1870,INDEPENDENCE SUBSTATION 230KV,Queue-derived study fields,,2026-09-05T04:35:51Z,snapshot_fields,1.0
P::J1871,DPP-2021,South,Phase 3,,,60.0,0.0,,2026-03-01,2026-03-01,2026-03-01,P::J1871,INDEPENDENCE SUBSTATION 230KV,Queue-derived study fields,,2026-09-05T04:35:51Z,snapshot_fields,1.0
P::J1872,DPP-2021,South,Phase 3,,,250.0,0.0,,2026-03-01,2026-03-01,2026-03-01,P::J1872,EL DORADO 500KV SUBSTATION,Queue-derived study fields,,2026-09-05T04:35:51Z,snapshot_fields,1.0
P::J1873,DPP-2021,South,Phase 3,,,250.0,0.0,,2026-03-01,2026-03-01,2026-03-01,P::J1873,EL DORADO 500KV SUBSTATION,Queue-derived study fields,,2026-09-05T04:35:51Z,snapshot_fields,1.0
P::J1874,DPP-2021,South,Phase 3,,,75.0,0.0,,2026-03-01,2026-03-01,2026-03-01,P::J1874,EL DORADO 500KV SUBSTATION,Queue-derived study fields,,2026-09-05T04:35:51Z,snapshot_fields,1.0
P::J1875,DPP-2021,South,Phase 3,,,75.0,0.0,,2026-03-01,2026-03-01,2026-03-01,P::J1875,EL DORADO 500KV SUBSTATION,Queue-derived study fields,,2026-09-05T04:35:51Z,snapshot_fields,1.0
P::J1876,DPP-2021,Central,Phase 2,,,140.0,0.0,,2026-03-01,2026-03-01,2026-03-01,P::J1876,GREENSBURG,Queue-derived study fields,,2026-09-05T04:35:51Z,snapshot_fields,1.0
P::J1877,DPP-2021,Central,Phase 2,,,45.0,0.0,,2026-03-01,2026-03-01,2026-03-01,P::J1877,GREENSBURG 138KV,Queue-derived study fields,,2026-09-05T04:35:51Z,snapshot_fields,1.0
P::J1878,DPP-2021,Central,Phase 2,,,145.0,0.0,,2026-03-01,2026-03-01,2026-03-01,P::J1878,HE WESTPORT 138KV,Queue-derived study fields,,2026-09-05T04:35:51Z,snapshot_fields,1.0
P::J1879,DPP-2021,Central,Phase 2,,,43.5,0.0,,2026-03-01,2026-03-01,2026-03-01,P::J1879,HE WESTPORT 138KV,Queue-derived study fields,,2026-09-05T04:35:51Z,snapshot_fields,1.0
P::J1880,DPP-2021,East (ITC),Phase 3,,,60.0,0.0,,2026-03-01,2026-03-01,2026-03-01,P::J1880,ARGENTA TO TALLMADGE 345KV 33 MILES FROM ARGENTA,Queue-derived study fields,,2026-09-05T04:35:51Z,snapshot_fields,1.0
P::J1881,DPP-2021,Central,Phase 2,,,48.0,0.0,,2026-03-01,2026-03-01,2026-03-01,P::J1881,DECATUR SWITCHING STATION 161KV,Queue-derived study fields,,2026-09-05T04:35:51Z,snapshot_fields,1.0
P::J1882,DPP-2021,Central,Phase 2,,,45.0,0.0,,2026-03-01,2026-03-01,2026-03-01,P::J1882,SAN JOSE RAIL 138KV,Queue-derived study fields,,2026-09-05T04:35:51Z,snapshot_fields,1.0
P::J1883,DPP-2021,South,Phase 3,,,100.0,0.0,,2026-03-01,2026-03-01,2026-03-01,P::J1883,RILLA 115KV,Queue-derived study fields,,2026-09-05T04:35:51Z,snapshot_fields,1.0
P::J1884,DPP-2021,East (ATC),Phase 3,,,200.0,0.0,,2026-03-01,2026-03-01,2026-03-01,P::J1884,COLUMBIA 345KV,Queue-derived study fields,,2026-09-05T04:35:51Z,snapshot_fields,1.0
P::J1885,DPP-2021,Central,Phase 2,,,300.0,0.0,,2026-03-01,2026-03-01,2026-03-01,P::J1885,REID EHV 345KV SUBSTATION,Queue-derived study fields,,2026-09-05T04:35:51Z,snapshot_fields,1.0
P::J1886,DPP-2021,Central,Phase 2,,,300.0,0.0,,2026-03-01,2026-03-01,2026-03-01,P::J1886,REID EHV 345KV SUBSTATION,Queue-derived study fields,,2026-09-05T04:35:51Z,snapshot_fields,1.0
P::J1887,DPP-2021,South,Phase 3,,,90.0,0.0,,2026-03-01,2026-03-01,2026-03-01,P::J1887,ST JOHN 69KV,Queue-derived study fields,,2026-09-05T04:35:51Z,snapshot_fields,1.0
P::J1888,DPP-2021,West,Phase 2,,,175.0,0.0,,2026-03-01,2026-03-01,2026-03-01,P::J1888,SQUARE BUTTE 230KV SUBSTATION EAST,Queue-derived study fields,,2026-09-05T04:35:51Z,snapshot_fields,1.0
P::J1889,DPP-2021,West,Phase 2,,,60.0,0.0,,2026-03-01,2026-03-01,2026-03-01,P::J1889,MOUNT VERNON,Queue-derived study fields,,2026-09-05T04:35:51Z,snapshot_fields,1.0
P::J1890,DPP-2021,South,Phase 3,,,270.0,0.0,,2026-03-01,2026-03-01,2026-03-01,P::J1890,HARTBURG AEP LAYFIELD 500 0KV,Queue-derived study fields,,2026-09-05T04:35:51Z,snapshot_fields,1.0
P::J1891,DPP-2021,South,Phase 3,,,200.0,0.0,,2026-03-01,2026-03-01,2026-03-01,P::J1891,230KV MCADAMS SUBSTATION,Queue-derived study fields,,2026-09-05T04:35:51Z,snapshot_fields,1.0
P::J1892,DPP-2021,East (ITC),Phase 3,,,64.8,0.0,,2026-03-01,2026-03-01,2026-03-01,P::J1892,LIVINGSTON KEYSTONE 345KV,Queue-derived study fields,,2026-09-05T04:35:51Z,snapshot_fields,1.0
P::J1893,DPP-2021,West,Phase 2,,,500.0,0.0,,2026-03-01,2026-03-01,2026-03-01,P::J1893,MANDAN 230KV,Queue-derived study fields,,2026-09-05T04:35:51Z,snapshot_fields,1.0
P::J1894,DPP-2021,East (ITC),Phase 3,,,200.0,0.0,,2026-03-01,2026-03-01,2026-03-01,P::J1894,JAGUAR 138KV,Queue-derived study fields,,2026-09-05T04:35:51Z,snapshot_fields,1.0
P::J1895,DPP-2021,East (ATC),Phase 3,,,200.0,0.0,,2026-03-01,2026-03-01,2026-03-01,P::J1895,BALSAM,Queue-derived study fields,,2026-09-05T04:35:51Z,snapshot_fields,1.0
P::J1896,DPP-2021,Central,Phase 2,,,100.0,0.0,,2026-03-01,2026-03-01,2026-03-01,P::J1896,HENDERSON TO AB BROWN 138KV,Queue-derived study fields,,2026-09-05T04:35:51Z,snapshot_fields,1.0
P::J1897,DPP-2021,South,Phase 3,,,500.0,0.0,,2026-03-01,2026-03-01,2026-03-01,P::J1897,DELL EHV SAN SOUCI 500 0KV,Queue-derived study fields,,2026-09-05T04:35:51Z,snapshot_fields,1.0
P::J1898,DPP-2021,West,Phase 2,,,200.0,0.0,,2026-03-01,2026-03-01,2026-03-01,P::J1898,BYRON 161KV,Queue-derived study fields,,2026-09-05T04:35:51Z,snapshot_fields,1.0
P::J1899,DPP-2021,South,Phase 3,,,500.0,0.0,,2026-03-01,2026-03-01,2026-03-01,P::J1899,DELL EHV SAN SOUCI 500 0KV,Queue-derived study fields,,2026-09-05T04:35:51Z,snapshot_fields,1.0
P::J1900,DPP-2021,East (ITC),Phase 3,,,200.0,0.0,,2026-03-01,2026-03-01,2026-03-01,P::J1900,BROWNSTOWN 12 120KV,Queue-derived study fields,,2026-09-05T04:35:51Z,snapshot_fields,1.0
P::J1901,DPP-2021,Central,Phase 2,,,200.0,0.0,,2026-03-01,2026-03-01,2026-03-01,P::J1901,SOUTH HENDERSON,Queue-derived study fields,,2026-09-05T04:35:51Z,snapshot_fields,1.0
P::J1902,DPP-2021,East (ITC),Phase 3,,,200.0,0.0,,2026-03-01,2026-03-01,2026-03-01,P::J1902,IRONTON,Queue-derived study fields,,2026-09-05T04:35:51Z,snapshot_fields,1.0
P::J1903,DPP-2021,West,Phase 2,,,140.0,0.0,,2026-03-01,2026-03-01,2026-03-01,P::J1903,OSCEOLA 43 431167 95 416667,Queue-derived study fields,,2026-09-05T04:35:51Z,snapshot_fields,1.0
P::J1904,DPP-2021,South,Phase 3,,,100.0,0.0,,2026-03-01,2026-03-01,2026-03-01,P::J1904,RICHARD 138KV,Queue-derived study fields,,2026-09-05T04:35:51Z,snapshot_fields,1.0
P::J1905,DPP-2021,East (ITC),Phase 3,,,200.0,0.0,,2026-03-01,2026-03-01,2026-03-01,P::J1905,BANNER RAPSON 345KV TRANSMISSION LINE,Queue-derived study fields,,2026-09-05T04:35:51Z,snapshot_fields,1.0
P::J1906,DPP-2021,South,Phase 3,,,100.0,0.0,,2026-03-01,2026-03-01,2026-03-01,P::J1906,BOGALUSA,Queue-derived study fields,,2026-09-05T04:35:51Z,snapshot_fields,1.0
P::J1907,DPP-2021,South,Phase 3,,,100.0,0.0,,2026-03-01,2026-03-01,2026-03-01,P::J1907,OTHER,Queue-derived study fields,,2026-09-05T04:35:51Z,snapshot_fields,1.0
P::J1908,DPP-2021,South,Phase 3,,,100.0,0.0,,2026-03-01,2026-03-01,2026-03-01,P::J1908,COCODRIE,Queue-derived study fields,,2026-09-05T04:35:51Z,snapshot_fields,1.0
P::J1909,DPP-2021,East (ITC),Phase 3,,,200.0,0.0,,2026-03-01,2026-03-01,2026-03-01,P::J1909,GALLAGHER TITTABAWASSEE 345KV TRANSMISSION LINE,Queue-derived study fields,,2026-09-05T04:35:51Z,snapshot_fields,1.0
P::J1910,DPP-2021,East (ITC),Phase 3,,,200.0,0.0,,2026-03-01,2026-03-01,2026-03-01,P::J1910,GALLAGHER TITTABAWASSEE 345KV TRANSMISSION LINE,Queue-derived study fields,,2026-09-05T04:35:51Z,snapshot_fields,1.0
P::J1911,DPP-2021,East (ITC),Phase 3,,,200.0,0.0,,2026-03-01,2026-03-01,2026-03-01,P::J1911,MADRID BLACKFOOT 345KV,Queue-derived study fields,,2026-09-05T04:35:51Z,snapshot_fields,1.0
P::J1912,DPP-2021,East (ITC),Phase 3,,,200.0,0.0,,2026-03-01,2026-03-01,2026-03-01,P::J1912,GREENWOOD RAPSON 345KV TRANSMISSION LINE,Queue-derived study fields,,2026-09-05T04:35:51Z,snapshot_fields,1.0
P::J1913,DPP-2021,East (ITC),Phase 3,,,200.0,0.0,,2026-03-01,2026-03-01,2026-03-01,P::J1913,MURPHY TITTABAWASSEE 345KV TRANSMISSION LINE,Queue-derived study fields,,2026-09-05T04:35:51Z,snapshot_fields,1.0
P::J1914,DPP-2021,East (ITC),Phase 3,,,150.0,0.0,,2026-03-01,2026-03-01,2026-03-01,P::J1914,PORT CALCITE ROCKPORT 138 0KV,Queue-derived study fields,,2026-09-05T04:35:51Z,snapshot_fields,1.0
P::J1915,DPP-2021,East (ITC),Phase 3,,,150.0,0.0,,2026-03-01,2026-03-01,2026-03-01,P::J1915,ALMEDA JUNCTION SHALE 138KV TRANSMISSION LINE,Queue-derived study fields,,2026-09-05T04:35:51Z,snapshot_fields,1.0
P::J1916,DPP-2021,East (ITC),Phase 3,,,100.0,0.0,,2026-03-01,2026-03-01,2026-03-01,P::J1916,NEWTON,Queue-derived study fields,,2026-09-05T04:35:51Z,snapshot_fields,1.0
P::J1917,DPP-2021,East (ITC),Phase 3,,,165.0,0.0,,2026-03-01,2026-03-01,2026-03-01,P::J1917,MADRID MAJESTIC 345 0KV,Queue-derived study fields,,2026-09-05T04:35:51Z,snapshot_fields,1.0
P::J1918,DPP-2021,East (ITC),Phase 3,,,132.0,0.0,,2026-03-01,2026-03-01,2026-03-01,P::J1918,KENOWA NELSON ROAD 345 0KV,Queue-derived study fields,,2026-09-05T04:35:51Z,snapshot_fields,1.0
P::J1919,DPP-2021,East (ITC),Phase 3,,,132.0,0.0,,2026-03-01,2026-03-01,2026-03-01,P::J1919,ONEIDA MAJESTIC 345KV,Queue-derived study fields,,2026-09-05T04:35:51Z,snapshot_fields,1.0
P::J1920,DPP-2021,East (ITC),Phase 3,,,125.0,0.0,,2026-03-01,2026-03-01,2026-03-01,P::J1920,TUSCOLA ARROWHEAD 120KV TRANSMISSION LINE,Queue-derived study fields,,2026-09-05T04:35:51Z,snapshot_fields,1.0
P::J1921,DPP-2021,East (ITC),Phase 3,,,125.0,0.0,,2026-03-01,2026-03-01,2026-03-01,P::J1921,DEJA DERBY JCT 138KV TRANSMISSION LINE,Queue-derived study fields,,2026-09-05T04:35:51Z,snapshot_fields,1.0
P::J1922,DPP-2021,East (ITC),Phase 3,,,150.0,0.0,,2026-03-01,2026-03-01,2026-03-01,P::J1922,COTTAGE GROVE KARN 138KV,Queue-derived study fields,,2026-09-05T04:35:51Z,snapshot_fields,1.0
P::J1923,DPP-2021,East (ITC),Phase 3,,,200.0,0.0,,2026-03-01,2026-03-01,2026-03-01,P::J1923,RAPSON 120KV SUBSTATION,Queue-derived study fields,,2026-09-05T04:35:51Z,snapshot_fields,1.0
P::J1924,DPP-2021,East (ITC),Phase 3,,,150.0,0.0,,2026-03-01,2026-03-01,2026-03-01,P::J1924,COTTAGE GROVE SEVEN MILE 138KV,Queue-derived study fields,,2026-09-05T04:35:51Z,snapshot_fields,1.0
P::J1925,DPP-2021,East (ITC),Phase 3,,,100.0,0.0,,2026-03-01,2026-03-01,2026-03-01,P::J1925,TIHART LATSON 138KV,Queue-derived study fields,,2026-09-05T04:35:51Z,snapshot_fields,1.0
P::J1926,DPP-2021,Central,Phase 2,,,200.0,0.0,,2026-03-01,2026-03-01,2026-03-01,P::J1926,MACKINAW,Queue-derived study fields,,2026-09-05T04:35:51Z,snapshot_fields,1.0
P::J1927,DPP-2021,West,Phase 2,,,23.4,0.0,,2026-03-01,2026-03-01,2026-03-01,P::J1927,GRANDVIEW SUBSTATION 69KV,Queue-derived study fields,,2026-09-05T04:35:51Z,snapshot_fields,1.0
P::J1928,DPP-2021,East (ATC),Phase 3,,,100.0,0.0,,2026-03-01,2026-03-01,2026-03-01,P::J1928,HILL VALLEY 345KV,Queue-derived study fields,,2026-09-05T04:35:51Z,snapshot_fields,1.0
P::J1929,DPP-2021,East (ITC),Phase 3,,,110.0,0.0,,2026-03-01,2026-03-01,2026-03-01,P::J1929,OTHER_,Queue-derived study fields,,2026-09-05T04:35:51Z,snapshot_fields,1.0
P::J1930,DPP-2021,East (ATC),Phase 3,,,100.0,0.0,,2026-03-01,2026-03-01,2026-03-01,P::J1930,N MADISON COLUMBIA,Queue-derived study fields,,2026-09-05T04:35:51Z,snapshot_fields,1.0
P::J1931,DPP-2021,East (ATC),Phase 3,,,40.0,0.0,,2026-03-01,2026-03-01,2026-03-01,P::J1931,HILL VALLEY 345KV,Queue-derived study fields,,2026-09-05T04:35:51Z,snapshot_fields,1.0
P::J1932,DPP-2021,East (ITC),Phase 3,,,100.0,0.0,,2026-03-01,2026-03-01,2026-03-01,P::J1932,OTHER_,Queue-derived study fields,,2026-09-05T04:35:51Z,snapshot_fields,1.0
P::J1933,DPP-2021,South,Phase 3,,,100.0,0.0,,2026-03-01,2026-03-01,2026-03-01,P::J1933,BASTROP TAP 115KV,Queue-derived study fields,,2026-09-05T04:35:51Z,snapshot_fields,1.0
P::J1934,DPP-2021,East (ATC),Phase 3,,,150.0,0.0,,2026-03-01,2026-03-01,2026-03-01,P::J1934,LAKEVIEW 138KV,Queue-derived study fields,,2026-09-05T04:35:51Z,snapshot_fields,1.0
P::J1935,DPP-2021,East (ATC),Phase 3,,,50.0,0.0,,2026-03-01,2026-03-01,2026-03-01,P::J1935,N MADISON 69KV,Queue-derived study fields,,2026-09-05T04:35:51Z,snapshot_fields,1.0
P::J1936,DPP-2021,East (ATC),Phase 3,,,75.0,0.0,,2026-03-01,2026-03-01,2026-03-01,P::J1936,WERNER WEST ROCKY RUN 345KV,Queue-derived study fields,,2026-09-05T04:35:51Z,snapshot_fields,1.0
P::J1937,DPP-2021,East (ATC),Phase 3,,,75.0,0.0,,2026-03-01,2026-03-01,2026-03-01,P::J1937,WERNER WEST ROCKY RUN 345KV,Queue-derived study fields,,2026-09-05T04:35:51Z,snapshot_fields,1.0
P::J1938,DPP-2021,East (ATC),Phase 3,,,150.0,0.0,,2026-03-01,2026-03-01,2026-03-01,P::J1938,WERNER WEST ROCKY RUN 345KV,Queue-derived study fields,,2026-09-05T04:35:51Z,snapshot_fields,1.0
P::J1939,DPP-2021,East (ITC),Phase 3,,,125.0,0.0,,2026-03-01,2026-03-01,2026-03-01,P::J1939,CORNELL LAYTON 138 0KV,Queue-derived study fields,,2026-09-05T04:35:51Z,snapshot_fields,1.0
P::J1940,DPP-2021,East (ITC),Phase 3,,,200.0,0.0,,2026-03-01,2026-03-01,2026-03-01,P::J1940,MONROE LALLENDORF 345KV TRANSMISSION LINE,Queue-derived study fields,,2026-09-05T04:35:51Z,snapshot_fields,1.0
P::J1941,DPP-2021,West,Phase 2,,,60.0,0.0,,2026-03-01,2026-03-01,2026-03-01,P::J1941,CROOKSTON,Queue-derived study fields,,2026-09-05T04:35:51Z,snapshot_fields,1.0
P::J1942,DPP-2021,East (ITC),Phase 3,,,100.0,0.0,,2026-03-01,2026-03-01,2026-03-01,P::J1942,SEVILLE TP NILES TP 120KV,Queue-derived study fields,,2026-09-05T04:35:51Z,snapshot_fields,1.0
P::J1943,DPP-2021,East (ATC),Phase 3,,,200.0,0.0,,2026-03-01,2026-03-01,2026-03-01,P::J1943,COLUMBIA NORTH MADISON 345 138KV 345 0KV,Queue-derived study fields,,2026-09-05T04:35:51Z,snapshot_fields,1.0
P::J1944,DPP-2021,East (ITC),Phase 3,,,185.0,0.0,,2026-03-01,2026-03-01,2026-03-01,P::J1944,GREENWOOD RAPSON BANNER 345 0KV,Queue-derived study fields,,2026-09-05T04:35:51Z,snapshot_fields,1.0
P::J1945,DPP-2021,East (ATC),Phase 3,,,150.0,0.0,,2026-03-01,2026-03-01,2026-03-01,P::J1945,WERNER WEST ROCKY RUN 345KV,Queue-derived study fields,,2026-09-05T04:35:51Z,snapshot_fields,1.0
P::J1946,DPP-2021,South,Phase 3,,,350.0,0.0,,2026-03-01,2026-03-01,2026-03-01,P::J1946,230KV MISSIONARY SUBSTATION,Queue-derived study fields,,2026-09-05T04:35:51Z,snapshot_fields,1.0
P::J1947,DPP-2021,Central,Phase 2,,,110.0,0.0,,2026-03-01,2026-03-01,2026-03-01,P::J1947,OTHER_,Queue-derived study fields,,2026-09-05T04:35:51Z,snapshot_fields,1.0
P::J1948,DPP-2021,Central,Phase 2,,,195.0,0.0,,2026-03-01,2026-03-01,2026-03-01,P::J1948,HANNIBAL WEST,Queue-derived study fields,,2026-09-05T04:35:51Z,snapshot_fields,1.0
P::J1949,DPP-2021,East (ITC),Phase 3,,,99.6,0.0,,2026-03-01,2026-03-01,2026-03-01,P::J1949,MANCELONA WESTWOOD 69KV,Queue-derived study fields,,2026-09-05T04:35:51Z,snapshot_fields,1.0
P::J1950,DPP-2021,Central,Phase 2,,,83.16,0.0,,2026-03-01,2026-03-01,2026-03-01,P::J1950,FRANCISCO TOYOTA 138KV,Queue-derived study fields,,2026-09-05T04:35:51Z,snapshot_fields,1.0
P::J1951,DPP-2021,East (ITC),Phase 3,,,50.0,0.0,,2026-03-01,2026-03-01,2026-03-01,P::J1951,LEMOYNE MAJESTIC 345KV,Queue-derived study fields,,2026-09-05T04:35:51Z,snapshot_fields,1.0
P::J1952,DPP-2021,West,Phase 2,,,180.0,0.0,,2026-03-01,2026-03-01,2026-03-01,P::J1952,EMERY FLOYD 161KV,Queue-derived study fields,,2026-09-05T04:35:51Z,snapshot_fields,1.0
P::J1953,DPP-2021,South,Phase 3,,,264.6,0.0,,2026-03-01,2026-03-01,2026-03-01,P::J1953,RED GUM 115KV,Queue-derived study fields,,2026-09-05T04:35:51Z,snapshot_fields,1.0
P::J1954,DPP-2021,East (ATC),Phase 3,,,35.0,0.0,,2026-03-01,2026-03-01,2026-03-01,P::J1954,SW DELAVAN 138KV,Queue-derived study fields,,2026-09-05T04:35:51Z,snapshot_fields,1.0
P::J1955,DPP-2021,East (ATC),Phase 3,,,100.0,0.0,,2026-03-01,2026-03-01,2026-03-01,P::J1955,SW DELAVAN 138KV,Queue-derived study fields,,2026-09-05T04:35:51Z,snapshot_fields,1.0
P::J1956,DPP-2021,South,Phase 3,,,60.0,0.0,,2026-03-01,2026-03-01,2026-03-01,P::J1956,WATERFORD 230KV,Queue-derived study fields,,2026-09-05T04:35:51Z,snapshot_fields,1.0
P::J1957,DPP-2021,South,Phase 3,,,90.0,0.0,,2026-03-01,2026-03-01,2026-03-01,P::J1957,CLARKSDALE ROUNDAWAY 115KV CO LOCATED WITH J2284,Queue-derived study fields,,2026-09-05T04:35:51Z,snapshot_fields,1.0
P::J1958,DPP-2021,South,Phase 3,,,60.0,0.0,,2026-03-01,2026-03-01,2026-03-01,P::J1958,WATERFORD 230KV,Queue-derived study fields,,2026-09-05T04:35:51Z,snapshot_fields,1.0
P::J1959,DPP-2021,South,Phase 3,,,100.0,0.0,,2026-03-01,2026-03-01,2026-03-01,P::J1959,WATERFORD VACHERIE 230KV,Queue-derived study fields,,2026-09-05T04:35:51Z,snapshot_fields,1.0
P::J1960,DPP-2021,Central,Phase 2,,,100.0,0.0,,2026-03-01,2026-03-01,2026-03-01,P::J1960,STARKE FLINT LAKE 138KV,Queue-derived study fields,,2026-09-05T04:35:51Z,snapshot_fields,1.0
P::J1961,DPP-2021,West,Phase 2,,,190.0,0.0,,2026-03-01,2026-03-01,2026-03-01,P::J1961,BUFFALO 115KV,Queue-derived study fields,,2026-09-05T04:35:51Z,snapshot_fields,1.0
P::J1962,DPP-2021,South,Phase 3,,,75.0,0.0,,2026-03-01,2026-03-01,2026-03-01,P::J1962,LIVINGSTON RICH 138KV,Queue-derived study fields,,2026-09-05T04:35:51Z,snapshot_fields,1.0
P::J1963,DPP-2021,South,Phase 3,,,25.0,0.0,,2026-03-01,2026-03-01,2026-03-01,P::J1963,LIVINGSTON RICH 138KV,Queue-derived study fields,,2026-09-05T04:35:51Z,snapshot_fields,1.0
P::J1964,DPP-2021,East (ATC),Phase 3,,,90.0,0.0,,2026-03-01,2026-03-01,2026-03-01,P::J1964,N MADISON COLUMBIA,Queue-derived study fields,,2026-09-05T04:35:51Z,snapshot_fields,1.0
P::J1965,DPP-2021,Central,Phase 2,,,150.0,0.0,,2026-03-01,2026-03-01,2026-03-01,P::J1965,7MCCREDIE 7MONTGMRY 345 0KV,Queue-derived study fields,,2026-09-05T04:35:51Z,snapshot_fields,1.0
P::J1966,DPP-2021,Central,Phase 2,,,200.0,0.0,,2026-03-01,2026-03-01,2026-03-01,P::J1966,CAYUGA FRANKFORT 230 0KV,Queue-derived study fields,,2026-09-05T04:35:51Z,snapshot_fields,1.0
P::J1967,DPP-2021,Central,Phase 2,,,150.0,0.0,,2026-03-01,2026-03-01,2026-03-01,P::J1967,RANTOUL EAST 138KV,Queue-derived study fields,,2026-09-05T04:35:51Z,snapshot_fields,1.0
P::J1968,DPP-2021,West,Phase 2,,,30.0,0.0,,2026-03-01,2026-03-01,2026-03-01,P::J1968,CROOKSTON,Queue-derived study fields,,2026-09-05T04:35:51Z,snapshot_fields,1.0
P::J1969,DPP-2021,East (ITC),Phase 3,,,150.0,0.0,,2026-03-01,2026-03-01,2026-03-01,P::J1969,LEMOYNE MAJESTIC 345KV,Queue-derived study fields,,2026-09-05T04:35:51Z,snapshot_fields,1.0
P::J1970,DPP-2021,Central,Phase 2,,,160.0,0.0,,2026-03-01,2026-03-01,2026-03-01,P::J1970,4SIDNEY 1 4MIRA TAP 138 0KV,Queue-derived study fields,,2026-09-05T04:35:51Z,snapshot_fields,1.0
P::J1971,DPP-2021,East (ATC),Phase 3,,,45.0,0.0,,2026-03-01,2026-03-01,2026-03-01,P::J1971,CARDINAL,Queue-derived study fields,,2026-09-05T04:35:51Z,snapshot_fields,1.0
P::J1972,DPP-2021,West,Phase 2,,,115.0,0.0,,2026-03-01,2026-03-01,2026-03-01,P::J1972,DENMARK NEWPORT,Queue-derived study fields,,2026-09-05T04:35:51Z,snapshot_fields,1.0
P::J1973,DPP-2021,Central,Phase 2,,,40.0,0.0,,2026-03-01,2026-03-01,2026-03-01,P::J1973,4SIDNEY 1 4MIRA TAP 138 0KV,Queue-derived study fields,,2026-09-05T04:35:51Z,snapshot_fields,1.0
P::J1974,DPP-2021,Central,Phase 2,,,160.0,0.0,,2026-03-01,2026-03-01,2026-03-01,P::J1974,MATTOON WEST,Queue-derived study fields,,2026-09-05T04:35:51Z,snapshot_fields,1.0
P::J1975,DPP-2021,Central,Phase 2,,,40.0,0.0,,2026-03-01,2026-03-01,2026-03-01,P::J1975,MATTOON WEST,Queue-derived study fields,,2026-09-05T04:35:51Z,snapshot_fields,1.0
P::J1976,DPP-2021,Central,Phase 2,,,25.0,0.0,,2026-03-01,2026-03-01,2026-03-01,P::J1976,STARKE FLINT LAKE 138KV,Queue-derived study fields,,2026-09-05T04:35:51Z,snapshot_fields,1.0
P::J1977,DPP-2021,East (ITC),Phase 3,,,50.0,0.0,,2026-03-01,2026-03-01,2026-03-01,P::J1977,TRENTON 120KV,Queue-derived study fields,,2026-09-05T04:35:51Z,snapshot_fields,1.0
P::J1978,DPP-2021,West,Phase 2,,,175.0,0.0,,2026-03-01,2026-03-01,2026-03-01,P::J1978,LEMARS TAP LITTLE SIOUX 161KV,Queue-derived study fields,,2026-09-05T04:35:51Z,snapshot_fields,1.0
P::J1979,DPP-2021,West,Phase 2,,,200.0,0.0,,2026-03-01,2026-03-01,2026-03-01,P::J1979,HAZLETON MITCHELL COUNTY 345KV LINE,Queue-derived study fields,,2026-09-05T04:35:51Z,snapshot_fields,1.0
P::J1980,DPP-2021,East (ITC),Phase 3,,,50.0,0.0,,2026-03-01,2026-03-01,2026-03-01,P::J1980,VERGENNES 138KV,Queue-derived study fields,,2026-09-05T04:35:51Z,snapshot_fields,1.0
P::J1981,DPP-2021,Central,Phase 2,,,15.0,0.0,,2026-03-01,2026-03-01,2026-03-01,P::J1981,FRANCISCO TOYOTA 138KV,Queue-derived study fields,,2026-09-05T04:35:51Z,snapshot_fields,1.0
P::J1982,DPP-2021,East (ITC),Phase 3,,,25.0,0.0,,2026-03-01,2026-03-01,2026-03-01,P::J1982,OTHER_,Queue-derived study fields,,2026-09-05T04:35:51Z,snapshot_fields,1.0
P::J1983,DPP-2021,East (ATC),Phase 3,,,25.0,0.0,,2026-03-01,2026-03-01,2026-03-01,P::J1983,N MADISON 69KV,Queue-derived study fields,,2026-09-05T04:35:51Z,snapshot_fields,1.0
P::J1984,DPP-2021,East (ITC),Phase 3,,,50.0,0.0,,2026-03-01,2026-03-01,2026-03-01,P::J1984,TALLMADGE 138KV,Queue-derived study fields,,2026-09-05T04:35:51Z,snapshot_fields,1.0
P::J1985,DPP-2021,South,Phase 3,,,50.0,0.0,,2026-03-01,2026-03-01,2026-03-01,P::J1985,CHICKEN FARM AMITE,Queue-derived study fields,,2026-09-05T04:35:51Z,snapshot_fields,1.0
P::J1986,DPP-2021,Central,Phase 2,,,100.0,0.0,,2026-03-01,2026-03-01,2026-03-01,P::J1986,MONTGOMERY 161KV,Queue-derived study fields,,2026-09-05T04:35:51Z,snapshot_fields,1.0
P::J1987,DPP-2021,East (ITC),Phase 3,,,50.0,0.0,,2026-03-01,2026-03-01,2026-03-01,P::J1987,COVENTRY,Queue-derived study fields,,2026-09-05T04:35:51Z,snapshot_fields,1.0
P::J1988,DPP-2021,South,Phase 3,,,120.96,0.0,,2026-03-01,2026-03-01,2026-03-01,P::J1988,ROUNDAWAY CEPA 115KV,Queue-derived study fields,,2026-09-05T04:35:51Z,snapshot_fields,1.0
P::J1989,DPP-2021,West,Phase 2,,,250.0,0.0,,2026-03-01,2026-03-01,2026-03-01,P::J1989,ELLENDALE 345 TWIN BROOKS 345 0KV,Queue-derived study fields,,2026-09-05T04:35:51Z,snapshot_fields,1.0
P::J1990,DPP-2021,West,Phase 2,,,250.0,0.0,,2026-03-01,2026-03-01,2026-03-01,P::J1990,ELLENDALE 345KV,Queue-derived study fields,,2026-09-05T04:35:51Z,snapshot_fields,1.0
P::J1991,DPP-2021,South,Phase 3,,,200.0,0.0,,2026-03-01,2026-03-01,2026-03-01,P::J1991,GENPOWER KEO 500KV,Queue-derived study fields,,2026-09-05T04:35:51Z,snapshot_fields,1.0
P::J1992,DPP-2021,South,Phase 3,,,110.0,0.0,,2026-03-01,2026-03-01,2026-03-01,P::J1992,GENPOWER KEO 500KV,Queue-derived study fields,,2026-09-05T04:35:51Z,snapshot_fields,1.0
P::J1993,DPP-2021,East (ATC),Phase 3,,,99.0,0.0,,2026-03-01,2026-03-01,2026-03-01,P::J1993,COLUMBIA SOUTH FOND DU LAC 345 0KV,Queue-derived study fields,,2026-09-05T04:35:51Z,snapshot_fields,1.0
P::J1994,DPP-2021,East (ATC),Phase 3,,,97.09,-0.010300782859502592,,2026-03-01,2026-03-01,2026-03-01,P::J1994,METOMEN 138KV,Queue-derived study fields,,2026-09-05T04:35:51Z,snapshot_fields,1.0
P::J1995,DPP-2021,South,Phase 3,,,180.0,0.0,,2026-03-01,2026-03-01,2026-03-01,P::J1995,DUNN OAK RIDGE LA 115 0KV,Queue-derived study fields,,2026-09-05T04:35:51Z,snapshot_fields,1.0
P::J1996,DPP-2021,East (ATC),Phase 3,,,99.0,0.0,,2026-03-01,2026-03-01,2026-03-01,P::J1996,WEST SHAWANO 138KV BADGER 138KV,Queue-derived study fields,,2026-09-05T04:35:51Z,snapshot_fields,1.0
P::J1997,DPP-2021,South,Phase 3,,,80.0,0.0,,2026-03-01,2026-03-01,2026-03-01,P::J1997,NELSON EES LONGVILLE 138KV,Queue-derived study fields,,2026-09-05T04:35:51Z,snapshot_fields,1.0
P::J1998,DPP-2021,West,Phase 2,,,66.0,0.0,,2026-03-01,2026-03-01,2026-03-01,P::J1998,NUTHATCH SWITCHING STATION,Queue-derived study fields,,2026-09-05T04:35:51Z,snapshot_fields,1.0
P::J1999,DPP-2021,South,Phase 3,,,100.0,0.0,,2026-03-01,2026-03-01,2026-03-01,P::J1999,RODEMACHER,Queue-derived study fields,,2026-09-05T04:35:51Z,snapshot_fields,1.0
P::J2000,DPP-2021,Central,Phase 2,,,150.0,0.0,,2026-03-01,2026-03-01,2026-03-01,P::J2000,FRANKFORT TO CAYUGA 230KV,Queue-derived study fields,,2026-09-05T04:35:51Z,snapshot_fields,1.0
P::J2001,DPP-2021,East (ITC),Phase 3,,,220.0,0.0,,2026-03-01,2026-03-01,2026-03-01,P::J2001,KENOWA LUDINGTON 345 0KV,Queue-derived study fields,,2026-09-05T04:35:51Z,snapshot_fields,1.0
P::J2002,DPP-2021,West,Phase 2,,,200.0,0.0,,2026-03-01,2026-03-01,2026-03-01,P::J2002,SUB T HASKINS,Queue-derived study fields,,2026-09-05T04:35:51Z,snapshot_fields,1.0
P::J2003,DPP-2021,West,Phase 2,,,150.0,0.0,,2026-03-01,2026-03-01,2026-03-01,P::J2003,ASTORIA 345KV,Queue-derived study fields,,2026-09-05T04:35:51Z,snapshot_fields,1.0
P::J2004,DPP-2021,Central,Phase 2,,,40.0,0.0,,2026-03-01,2026-03-01,2026-03-01,P::J2004,OTHER_,Queue-derived study fields,,2026-09-05T04:35:51Z,snapshot_fields,1.0
P::J2005,DPP-2021,West,Phase 2,,,75.0,0.0,,2026-03-01,2026-03-01,2026-03-01,P::J2005,ASTORIA 345KV,Queue-derived study fields,,2026-09-05T04:35:51Z,snapshot_fields,1.0
P::J2006,DPP-2021,South,Phase 3,,,40.0,0.0,,2026-03-01,2026-03-01,2026-03-01,P::J2006,ROBERT E RITCHIE STUTTGART RCUSKEY 230KV,Queue-derived study fields,,2026-09-05T04:35:51Z,snapshot_fields,1.0
P::J2007,DPP-2021,South,Phase 3,,,150.0,0.0,,2026-03-01,2026-03-01,2026-03-01,P::J2007,GENPOWER KEO 500KV,Queue-derived study fields,,2026-09-05T04:35:51Z,snapshot_fields,1.0
P::J2008,DPP-2021,Central,Phase 2,,,65.0,0.0,,2026-03-01,2026-03-01,2026-03-01,P::J2008,7MCCREDIE 7MONTGMRY 345 0KV,Queue-derived study fields,,2026-09-05T04:35:51Z,snapshot_fields,1.0
P::J2009,DPP-2021,South,Phase 3,,,80.0,0.0,,2026-03-01,2026-03-01,2026-03-01,P::J2009,ROBERT E RITCHIE STUTTGART RCUSKEY 230KV,Queue-derived study fields,,2026-09-05T04:35:51Z,snapshot_fields,1.0
P::J2010,DPP-2021,South,Phase 3,,,75.0,0.0,,2026-03-01,2026-03-01,2026-03-01,P::J2010,STUTTGART RICUSKEY WOODWARD 230 SUB 230 0KV,Queue-derived study fields,,2026-09-05T04:35:51Z,snapshot_fields,1.0
P::J2011,DPP-2021,South,Phase 3,,,50.0,0.0,,2026-03-01,2026-03-01,2026-03-01,P::J2011,BASTROP TAP 115KV,Queue-derived study fields,,2026-09-05T04:35:51Z,snapshot_fields,1.0
P::J2012,DPP-2021,South,Phase 3,,,20.0,0.0,,2026-03-01,2026-03-01,2026-03-01,P::J2012,CHICKEN FARM AMITE,Queue-derived study fields,,2026-09-05T04:35:51Z,snapshot_fields,1.0
P::J2013,DPP-2021,South,Phase 3,,,52.92,0.0,,2026-03-01,2026-03-01,2026-03-01,P::J2013,CHICKEN FARM AMITE,Queue-derived study fields,,2026-09-05T04:35:51Z,snapshot_fields,1.0
P::J2014,DPP-2021,West,Phase 2,,,100.0,0.0,,2026-03-01,2026-03-01,2026-03-01,P::J2014,EAU CLAIRE ARPIN 345KV,Queue-derived study fields,,2026-09-05T04:35:51Z,snapshot_fields,1.0
P::J2015,DPP-2021,South,Phase 3,,,90.0,0.0,,2026-03-01,2026-03-01,2026-03-01,P::J2015,LULA TUNICA SAME POI AS J1440,Queue-derived study fields,,2026-09-05T04:35:51Z,snapshot_fields,1.0
P::J2016,DPP-2021,Central,Phase 2,,,100.0,0.0,,2026-03-01,2026-03-01,2026-03-01,P::J2016,F B CULLEY TO NORTHEAST,Queue-derived study fields,,2026-09-05T04:35:51Z,snapshot_fields,1.0
P::J2017,DPP-2021,Central,Phase 2,,,100.0,0.0,,2026-03-01,2026-03-01,2026-03-01,P::J2017,F B CULLEY NORTHEAST 138KV,Queue-derived study fields,,2026-09-05T04:35:51Z,snapshot_fields,1.0
P::J2018,DPP-2021,West,Phase 2,,,190.0,0.0,,2026-03-01,2026-03-01,2026-03-01,P::J2018,EAU CLAIRE ARPIN 345KV,Queue-derived study fields,,2026-09-05T04:35:51Z,snapshot_fields,1.0
P::J2019,DPP-2021,West,Phase 2,,,150.0,0.0,,2026-03-01,2026-03-01,2026-03-01,P::J2019,RUGBY GLENBOROUGH 230KV LINE,Queue-derived study fields,,2026-09-05T04:35:51Z,snapshot_fields,1.0
P::J2020,DPP-2021,South,Phase 3,,,260.0,0.0,,2026-03-01,2026-03-01,2026-03-01,P::J2020,CLECO COOPER PENTON ROAD 230KV LINE,Queue-derived study fields,,2026-09-05T04:35:51Z,snapshot_fields,1.0
P::J2021,DPP-2021,West,Phase 2,,,48.43,0.0,,2026-03-01,2026-03-01,2026-03-01,P::J2021,TREMVAL 69KV,Queue-derived study fields,,2026-09-05T04:35:51Z,snapshot_fields,1.0
P::J2022,DPP-2021,West,Phase 2,,,200.0,0.0,,2026-03-01,2026-03-01,2026-03-01,P::J2022,PLEASANT VALLEY 345KV SUBSTATION,Queue-derived study fields,,2026-09-05T04:35:51Z,snapshot_fields,1.0
P::J2023,DPP-2021,South,Phase 3,,,94.1,0.0,,2026-03-01,2026-03-01,2026-03-01,P::J2023,GLOSTER TO LIBERTY 138KV,Queue-derived study fields,,2026-09-05T04:35:51Z,snapshot_fields,1.0
P::J2024,DPP-2021,South,Phase 3,,,0.0,,,2026-03-01,2026-03-01,2026-03-01,P::J2024,CYPRESS 230KV,Queue-derived study fields,,2026-09-05T04:35:51Z,snapshot_fields,1.0
P::J2025,DPP-2021,South,Phase 3,,,95.0,0.0,,2026-03-01,2026-03-01,2026-03-01,P::J2025,VACHERIE 230KV,Queue-derived study fields,,2026-09-05T04:35:51Z,snapshot_fields,1.0
P::J2026,DPP-2021,East (ITC),Phase 3,,,100.0,0.0,,2026-03-01,2026-03-01,2026-03-01,P::J2026,REGAL,Queue-derived study fields,,2026-09-05T04:35:51Z,snapshot_fields,1.0
P::J2027,DPP-2021,West,Phase 2,,,150.0,0.0,,2026-03-01,2026-03-01,2026-03-01,P::J2027,CHUB LAKE 304JB21 22 HAMPTON 8S50 51 345 0KV,Queue-derived study fields,,2026-09-05T04:35:51Z,snapshot_fields,1.0
P::J2028,DPP-2021,South,Phase 3,,,250.0,0.0,,2026-03-01,2026-03-01,2026-03-01,P::J2028,KUHN RD TO PARKIN,Queue-derived study fields,,2026-09-05T04:35:51Z,snapshot_fields,1.0
P::J2029,DPP-2021,East (ATC),Phase 3,,,62.5,0.0,,2026-03-01,2026-03-01,2026-03-01,P::J2029,PERCH LAKE,Queue-derived study fields,,2026-09-05T04:35:51Z,snapshot_fields,1.0
P::J203,DPP-2017-AUG,East (ITC),GIA,,,200.0,0.0,,2026-03-01,2026-03-01,2026-03-01,P::J203,GREENWOOD BANNER 345KV LINE TAP,Queue-derived study fields,,2026-09-05T04:35:51Z,snapshot_fields,1.0
P::J2030,DPP-2021,West,Phase 2,,,120.0,0.0,,2026-03-01,2026-03-01,2026-03-01,P::J2030,ISANTTI TAP TO ATHNSSW 69KV,Queue-derived study fields,,2026-09-05T04:35:51Z,snapshot_fields,1.0
P::J2031,DPP-2021,West,Phase 2,,,100.0,0.0,,2026-03-01,2026-03-01,2026-03-01,P::J2031,TOLEDO,Queue-derived study fields,,2026-09-05T04:35:51Z,snapshot_fields,1.0
P::J2032,DPP-2021,Central,Phase 2,,,70.0,0.0,,2026-03-01,2026-03-01,2026-03-01,P::J2032,HANNA,Queue-derived study fields,,2026-09-05T04:35:51Z,snapshot_fields,1.0
P::J2033,DPP-2021,Central,Phase 2,,,200.0,0.0,,2026-03-01,2026-03-01,2026-03-01,P::J2033,7XENIA 7MTVERNW 345 0KV,Queue-derived study fields,,2026-09-05T04:35:51Z,snapshot_fields,1.0
P::J2034,DPP-2021,South,Phase 3,,,0.0,,,2026-03-01,2026-03-01,2026-03-01,P::J2034,THIBODAUX,Queue-derived study fields,,2026-09-05T04:35:51Z,snapshot_fields,1.0
P::J2035,DPP-2021,South,Phase 3,,,200.0,0.0,,2026-03-01,2026-03-01,2026-03-01,P::J2035,THIBODAUX,Queue-derived study fields,,2026-09-05T04:35:51Z,snapshot_fields,1.0
P::J2036,DPP-2021,Central,Phase 2,,,0.0,,,2026-03-01,2026-03-01,2026-03-01,P::J2036,HUTSONVILLE NEOGA 138KV,Queue-derived study fields,,2026-09-05T04:35:51Z,snapshot_fields,1.0
P::J2037,DPP-2021,West,Phase 2,,,200.0,0.0,,2026-03-01,2026-03-01,2026-03-01,P::J2037,BYRON 345KV SUBSTATION,Queue-derived study fields,,2026-09-05T04:35:51Z,snapshot_fields,1.0
P::J2038,DPP-2021,Central,Phase 2,,,300.0,0.0,,2026-03-01,2026-03-01,2026-03-01,P::J2038,KOKOMO WEBSTER ST WALTON 230 0KV,Queue-derived study fields,,2026-09-05T04:35:51Z,snapshot_fields,1.0
P::J2039,DPP-2021,Central,Phase 2,,,400.0,0.0,,2026-03-01,2026-03-01,2026-03-01,P::J2039,MEREDOSIA TO IPAVA 345KV,Queue-derived study fields,,2026-09-05T04:35:51Z,snapshot_fields,1.0
P::J2040,DPP-2021,West,Phase 2,,,150.0,0.0,,2026-03-01,2026-03-01,2026-03-01,P::J2040,LAKEFIELD OBRIEN CO 345KV 43 497803 95 318336,Queue-derived study fields,,2026-09-05T04:35:51Z,snapshot_fields,1.0
P::J2041,DPP-2021,South,Phase 3,,,200.0,0.0,,2026-03-01,2026-03-01,2026-03-01,P::J2041,AMELIA NORTH SUBSTATION,Queue-derived study fields,,2026-09-05T04:35:51Z,snapshot_fields,1.0
P::J2042,DPP-2021,South,Phase 3,,,0.0,,,2026-03-01,2026-03-01,2026-03-01,P::J2042,CROSSETT NORTH BEEKMAN 115 0KV,Queue-derived study fields,,2026-09-05T04:35:51Z,snapshot_fields,1.0
P::J2043,DPP-2021,Central,Phase 2,,,300.0,0.0,,2026-03-01,2026-03-01,2026-03-01,P::J2043,OVERTON MCCREDIE 345KV,Queue-derived study fields,,2026-09-05T04:35:51Z,snapshot_fields,1.0
P::J2044,DPP-2021,Central,Phase 2,,,100.0,0.0,,2026-03-01,2026-03-01,2026-03-01,P::J2044,GOODLAND 138KV SUBSTATION,Queue-derived study fields,,2026-09-05T04:35:51Z,snapshot_fields,1.0
P::J2045,DPP-2021,Central,Phase 2,,,50.0,0.0,,2026-03-01,2026-03-01,2026-03-01,P::J2045,GOODLAND 138KV,Queue-derived study fields,,2026-09-05T04:35:51Z,snapshot_fields,1.0
P::J2046,DPP-2021,Central,Phase 2,,,200.0,0.0,,2026-03-01,2026-03-01,2026-03-01,P::J2046,MIAMI WABASH MIER 138KV 40 723889 85 812019,Queue-derived study fields,,2026-09-05T04:35:51Z,snapshot_fields,1.0
P::J2047,DPP-2021,South,Phase 3,,,199.0,0.0,,2026-03-01,2026-03-01,2026-03-01,P::J2047,ROBINSONVILLE 230KV,Queue-derived study fields,,2026-09-05T04:35:51Z,snapshot_fields,1.0
P::J2048,DPP-2021,Central,Phase 2,,,100.0,0.0,,2026-03-01,2026-03-01,2026-03-01,P::J2048,GOODLAND MORRISON DITCH 138 0KV,Queue-derived study fields,,2026-09-05T04:35:51Z,snapshot_fields,1.0
P::J2049,DPP-2021,Central,Phase 2,,,200.0,0.0,,2026-03-01,2026-03-01,2026-03-01,P::J2049,OTHER_,Queue-derived study fields,,2026-09-05T04:35:51Z,snapshot_fields,1.0
P::J2050,DPP-2021,Central,Phase 2,,,208.43,0.0,,2026-03-01,2026-03-01,2026-03-01,P::J2050,THOMAS HILL ADAIR 1 161KV,Queue-derived study fields,,2026-09-05T04:35:51Z,snapshot_fields,1.0
P::J2051,DPP-2021,South,Phase 3,,,50.0,0.0,,2026-03-01,2026-03-01,2026-03-01,P::J2051,161KV LINE TAP OF DELL EAST TO BLYTHEVILLE,Queue-derived study fields,,2026-09-05T04:35:51Z,snapshot_fields,1.0
P::J2052,DPP-2021,Central,Phase 2,,,0.0,,,2026-03-01,2026-03-01,2026-03-01,P::J2052,OVERTON MCCREDIE 345KV,Queue-derived study fields,,2026-09-05T04:35:51Z,snapshot_fields,1.0
P::J2053,DPP-2021,West,Phase 2,,,151.47,0.0,,2026-03-01,2026-03-01,2026-03-01,P::J2053,CEDAR MOUNTAIN LYON COUNTY 345 0KV,Queue-derived study fields,,2026-09-05T04:35:51Z,snapshot_fields,1.0
P::J2054,DPP-2021,West,Phase 2,,,67.0,0.0,,2026-03-01,2026-03-01,2026-03-01,P::J2054,FREEBORN,Queue-derived study fields,,2026-09-05T04:35:51Z,snapshot_fields,1.0
P::J2055,DPP-2021,East (ATC),Phase 3,,,100.0,0.0,,2026-03-01,2026-03-01,2026-03-01,P::J2055,EDGEWATER,Queue-derived study fields,,2026-09-05T04:35:51Z,snapshot_fields,1.0
P::J2056,DPP-2021,East (ITC),Phase 3,,,200.0,0.0,,2026-03-01,2026-03-01,2026-03-01,P::J2056,MOROCCO TO BEECHER 138KV LINE,Queue-derived study fields,,2026-09-05T04:35:51Z,snapshot_fields,1.0
P::J2057,DPP-2021,East (ITC),Phase 3,,,100.0,0.0,,2026-03-01,2026-03-01,2026-03-01,P::J2057,NELSON ROAD TO KENOWA 345KV LINE,Queue-derived study fields,,2026-09-05T04:35:51Z,snapshot_fields,1.0
P::J2058,DPP-2021,East (ITC),Phase 3,,,100.0,0.0,,2026-03-01,2026-03-01,2026-03-01,P::J2058,MONROE TO WAYNE,Queue-derived study fields,,2026-09-05T04:35:51Z,snapshot_fields,1.0
P::J2059,DPP-2021,Central,Phase 2,,,0.0,,,2026-03-01,2026-03-01,2026-03-01,P::J2059,SPRINGBORO LAFAYETTE 138KV,Queue-derived study fields,,2026-09-05T04:35:51Z,snapshot_fields,1.0
P::J2060,DPP-2021,Central,Phase 2,,,170.0,0.0,,2026-03-01,2026-03-01,2026-03-01,P::J2060,SPRINGBORO LAFAYETTE 138KV,Queue-derived study fields,,2026-09-05T04:35:51Z,snapshot_fields,1.0
P::J2061,DPP-2021,East (ITC),Phase 3,,,200.0,0.0,,2026-03-01,2026-03-01,2026-03-01,P::J2061,MURPHY,Queue-derived study fields,,2026-09-05T04:35:51Z,snapshot_fields,1.0
P::J2062,DPP-2021,East (ATC),Phase 3,,,100.0,0.0,,2026-03-01,2026-03-01,2026-03-01,P::J2062,COLUMBIA 345KV,Queue-derived study fields,,2026-09-05T04:35:51Z,snapshot_fields,1.0
P::J2063,DPP-2021,Central,Phase 2,,,100.0,0.0,,2026-03-01,2026-03-01,2026-03-01,P::J2063,WHEATLAND 345KV SUBSTATION,Queue-derived study fields,,2026-09-05T04:35:51Z,snapshot_fields,1.0
P::J2064,DPP-2021,East (ITC),Phase 3,,,100.0,0.0,,2026-03-01,2026-03-01,2026-03-01,P::J2064,TOMPKINS 138KV,Queue-derived study fields,,2026-09-05T04:35:51Z,snapshot_fields,1.0
P::J2065,DPP-2021,West,Phase 2,,,200.0,0.0,,2026-03-01,2026-03-01,2026-03-01,P::J2065,BUFFALO RIDGE TO PIPESTONE 115KV,Queue-derived study fields,,2026-09-05T04:35:51Z,snapshot_fields,1.0
P::J2066,DPP-2021,West,Phase 2,,,100.0,0.0,,2026-03-01,2026-03-01,2026-03-01,P::J2066,DENMARK,Queue-derived study fields,,2026-09-05T04:35:51Z,snapshot_fields,1.0
P::J2067,DPP-2021,West,Phase 2,,,39.4,0.0,,2026-03-01,2026-03-01,2026-03-01,P::J2067,TAMARAC,Queue-derived study fields,,2026-09-05T04:35:51Z,snapshot_fields,1.0
P::J2068,DPP-2021,West,Phase 2,,,75.0,0.0,,2026-03-01,2026-03-01,2026-03-01,P::J2068,HERBERT 69KV SUBSTATION,Queue-derived study fields,,2026-09-05T04:35:51Z,snapshot_fields,1.0
P::J2069,DPP-2021,East (ITC),Phase 3,,,100.0,0.0,,2026-03-01,2026-03-01,2026-03-01,P::J2069,EUREKA VESTABURG 138 0KV,Queue-derived study fields,,2026-09-05T04:35:51Z,snapshot_fields,1.0
P::J2070,DPP-2021,West,Phase 2,,,100.0,0.0,,2026-03-01,2026-03-01,2026-03-01,P::J2070,THREE LAKES PINE LAKE 115KV,Queue-derived study fields,,2026-09-05T04:35:51Z,snapshot_fields,1.0
P::J2071,DPP-2021,South,Phase 3,,,198.0,0.0,,2026-03-01,2026-03-01,2026-03-01,P::J2071,RYE CO CYPRESS 138 0KV,Queue-derived study fields,,2026-09-05T04:35:51Z,snapshot_fields,1.0
P::J2072,DPP-2021,South,Phase 3,,,100.0,0.0,,2026-03-01,2026-03-01,2026-03-01,P::J2072,WOODWARD 115KV H S EHV 115KV,Queue-derived study fields,,2026-09-05T04:35:51Z,snapshot_fields,1.0
P::J2073,DPP-2021,Central,Phase 2,,,91.53,0.0,,2026-03-01,2026-03-01,2026-03-01,P::J2073,345KV WILSON SUBSTATION,Queue-derived study fields,,2026-09-05T04:35:51Z,snapshot_fields,1.0
P::J2074,DPP-2021,East (ATC),Phase 3,,,100.0,0.0,,2026-03-01,2026-03-01,2026-03-01,P::J2074,WERNER WEST 138KV,Queue-derived study fields,,2026-09-05T04:35:51Z,snapshot_fields,1.0
P::J2075,DPP-2021,South,Phase 3,,,200.0,0.0,,2026-03-01,2026-03-01,2026-03-01,P::J2075,CHINA BUS 334204 TO SHECO BATISTE CREEK BUS 334240,Queue-derived study fields,,2026-09-05T04:35:51Z,snapshot_fields,1.0
P::J2076,DPP-2021,South,Phase 3,,,225.0,0.0,,2026-03-01,2026-03-01,2026-03-01,P::J2076,COLEY CREEK TO PELICAN ROAD 138KV,Queue-derived study fields,,2026-09-05T04:35:51Z,snapshot_fields,1.0
P::J2077,DPP-2021,South,Phase 3,,,150.0,0.0,,2026-03-01,2026-03-01,2026-03-01,P::J2077,INDEPENDENCE 6INDEPD,Queue-derived study fields,,2026-09-05T04:35:51Z,snapshot_fields,1.0
P::J2078,DPP-2021,West,Phase 2,,,200.0,0.0,,2026-03-01,2026-03-01,2026-03-01,P::J2078,FERNALD,Queue-derived study fields,,2026-09-05T04:35:51Z,snapshot_fields,1.0
P::J2079,DPP-2021,West,Phase 2,,,150.0,0.0,,2026-03-01,2026-03-01,2026-03-01,P::J2079,LIME CREEK 161KV,Queue-derived study fields,,2026-09-05T04:35:51Z,snapshot_fields,1.0
P::J2080,DPP-2021,West,Phase 2,,,200.0,0.0,,2026-03-01,2026-03-01,2026-03-01,P::J2080,SQUARE BUTTE 230KV SUBSTATION EAST,Queue-derived study fields,,2026-09-05T04:35:51Z,snapshot_fields,1.0
P::J2081,DPP-2021,South,Phase 3,,,20.0,0.0,,2026-03-01,2026-03-01,2026-03-01,P::J2081,SANS SOUCI 500KV,Queue-derived study fields,,2026-09-05T04:35:51Z,snapshot_fields,1.0
P::J2082,DPP-2021,South,Phase 3,,,50.0,0.0,,2026-03-01,2026-03-01,2026-03-01,P::J2082,SHADY OAKS BUS 500780 TO COUGHLIN BUS 500230,Queue-derived study fields,,2026-09-05T04:35:51Z,snapshot_fields,1.0
P::J2083,DPP-2021,South,Phase 3,,,200.0,0.0,,2026-03-01,2026-03-01,2026-03-01,P::J2083,CANEY,Queue-derived study fields,,2026-09-05T04:35:51Z,snapshot_fields,1.0
P::J2084,DPP-2021,West,Phase 2,,,45.0,0.0,,2026-03-01,2026-03-01,2026-03-01,P::J2084,LINTON NW NOT IN POWER FLOW CASE YET,Queue-derived study fields,,2026-09-05T04:35:51Z,snapshot_fields,1.0
P::J2085,DPP-2021,West,Phase 2,,,40.0,0.0,,2026-03-01,2026-03-01,2026-03-01,P::J2085,LINTON NW 115KV RADIAL TO WISHEK 115KV,Queue-derived study fields,,2026-09-05T04:35:51Z,snapshot_fields,1.0
P::J2086,DPP-2021,West,Phase 2,,,500.0,0.0,,2026-03-01,2026-03-01,2026-03-01,P::J2086,BUFFALO 345KV,Queue-derived study fields,,2026-09-05T04:35:51Z,snapshot_fields,1.0
P::J2087,DPP-2021,West,Phase 2,,,125.0,0.0,,2026-03-01,2026-03-01,2026-03-01,P::J2087,FRANKLIN,Queue-derived study fields,,2026-09-05T04:35:51Z,snapshot_fields,1.0
P::J2088,DPP-2021,South,Phase 3,,,400.0,0.0,,2026-03-01,2026-03-01,2026-03-01,P::J2088,WEST MEMPHIS EHV KEO EHV 500KV 854 0,Queue-derived study fields,,2026-09-05T04:35:51Z,snapshot_fields,1.0
P::J2089,DPP-2021,South,Phase 3,,,200.0,0.0,,2026-03-01,2026-03-01,2026-03-01,P::J2089,LINE TAP DELL TO MANILLA AECC 161KV,Queue-derived study fields,,2026-09-05T04:35:51Z,snapshot_fields,1.0
P::J2090,DPP-2021,South,Phase 3,,,300.0,0.0,,2026-03-01,2026-03-01,2026-03-01,P::J2090,161KV PARKIN TO KUHN ROADLINE TAP,Queue-derived study fields,,2026-09-05T04:35:51Z,snapshot_fields,1.0
P::J2091,DPP-2021,South,Phase 3,,,250.0,0.0,,2026-03-01,2026-03-01,2026-03-01,P::J2091,TWINKLETOWN 230KV,Queue-derived study fields,,2026-09-05T04:35:51Z,snapshot_fields,1.0
P::J2092,DPP-2021,West,Phase 2,,,100.0,0.0,,2026-03-01,2026-03-01,2026-03-01,P::J2092,DICKINSON SUB,Queue-derived study fields,,2026-09-05T04:35:51Z,snapshot_fields,1.0
P::J2093,DPP-2021,South,Phase 3,,,144.0,0.0,,2026-03-01,2026-03-01,2026-03-01,P::J2093,WEST MEMPHIS TO HUGHES 161KV LINE TAP,Queue-derived study fields,,2026-09-05T04:35:51Z,snapshot_fields,1.0
P::J2094,DPP-2021,West,Phase 2,,,100.0,0.0,,2026-03-01,2026-03-01,2026-03-01,P::J2094,FORMAN 230KV SUBSTATION,Queue-derived study fields,,2026-09-05T04:35:51Z,snapshot_fields,1.0
P::J2095,DPP-2021,West,Phase 2,,,212.0,0.0,,2026-03-01,2026-03-01,2026-03-01,P::J2095,BELLE PLAINE JUNCTION TO TOLEDO TRANSMISSION,Queue-derived study fields,,2026-09-05T04:35:51Z,snapshot_fields,1.0
P::J2096,DPP-2021,South,Phase 3,,,180.0,0.0,,2026-03-01,2026-03-01,2026-03-01,P::J2096,SCHRIEVER 230KV SUBSTATION,Queue-derived study fields,,2026-09-05T04:35:51Z,snapshot_fields,1.0
P::J2097,DPP-2021,West,Phase 2,,,100.0,0.0,,2026-03-01,2026-03-01,2026-03-01,P::J2097,TRI COUNTY 230KV SUBSTATION,Queue-derived study fields,,2026-09-05T04:35:51Z,snapshot_fields,1.0
P::J2098,DPP-2021,East (ITC),Phase 3,,,309.0,0.0,,2026-03-01,2026-03-01,2026-03-01,P::J2098,BATTLE CREEK ONEIDA 345 0KV,Queue-derived study fields,,2026-09-05T04:35:51Z,snapshot_fields,1.0
P::J2099,DPP-2021,East (ATC),Phase 3,,,399.04,-0.00250607723731242,,2026-03-01,2026-03-01,2026-03-01,P::J2099,ROCKY RUN TO WERNER WEST 345KV,Queue-derived study fields,,2026-09-05T04:35:51Z,snapshot_fields,1.0
P::J2100,DPP-2021,East (ITC),Phase 3,,,250.0,0.0,,2026-03-01,2026-03-01,2026-03-01,P::J2100,ARGENTA PALISADES 345 0KV,Queue-derived study fields,,2026-09-05T04:35:51Z,snapshot_fields,1.0
P::J2101,DPP-2021,West,Phase 2,,,100.0,0.0,,2026-03-01,2026-03-01,2026-03-01,P::J2101,MANDAN 230KV,Queue-derived study fields,,2026-09-05T04:35:51Z,snapshot_fields,1.0
P::J2102,DPP-2021,West,Phase 2,,,150.0,0.0,,2026-03-01,2026-03-01,2026-03-01,P::J2102,ALMA,Queue-derived study fields,,2026-09-05T04:35:51Z,snapshot_fields,1.0
P::J2103,DPP-2021,South,Phase 3,,,100.0,0.0,,2026-03-01,2026-03-01,2026-03-01,P::J2103,BUNA SW TO CALL TRANSMISSION LINE,Queue-derived study fields,,2026-09-05T04:35:51Z,snapshot_fields,1.0
P::J2104,DPP-2021,West,Phase 2,,,230.0,0.0,,2026-03-01,2026-03-01,2026-03-01,P::J2104,CEDAR MOUNTAIN LYON COUNTY 345 0KV,Queue-derived study fields,,2026-09-05T04:35:51Z,snapshot_fields,1.0
P::J2105,DPP-2021,West,Phase 2,,,200.0,0.0,,2026-03-01,2026-03-01,2026-03-01,P::J2105,KILLDEER 345KV SUBSTATION,Queue-derived study fields,,2026-09-05T04:35:51Z,snapshot_fields,1.0
P::J2106,DPP-2021,West,Phase 2,,,150.0,0.0,,2026-03-01,2026-03-01,2026-03-01,P::J2106,STORY COUNTY 161KV,Queue-derived study fields,,2026-09-05T04:35:51Z,snapshot_fields,1.0
P::J2107,DPP-2021,East (ATC),Phase 3,,,399.04,-0.00250607723731242,,2026-03-01,2026-03-01,2026-03-01,P::J2107,ROCKY RUN TO WERNER WEST 345KV LINE,Queue-derived study fields,,2026-09-05T04:35:51Z,snapshot_fields,1.0
P::J2108,DPP-2021,West,Phase 2,,,150.0,0.0,,2026-03-01,2026-03-01,2026-03-01,P::J2108,IC ENRON SUB JIC 161KV,Queue-derived study fields,,2026-09-05T04:35:51Z,snapshot_fields,1.0
P::J2109,DPP-2021,South,Phase 3,,,25.0,0.0,,2026-03-01,2026-03-01,2026-03-01,P::J2109,VACHERIE 230KV,Queue-derived study fields,,2026-09-05T04:35:51Z,snapshot_fields,1.0
P::J2110,DPP-2021,South,Phase 3,,,100.0,0.0,,2026-03-01,2026-03-01,2026-03-01,P::J2110,GILMORE 161KV,Queue-derived study fields,,2026-09-05T04:35:51Z,snapshot_fields,1.0
P::J2111,DPP-2021,South,Phase 3,,,100.0,0.0,,2026-03-01,2026-03-01,2026-03-01,P::J2111,MARION TO MARKED TREE 161KV,Queue-derived study fields,,2026-09-05T04:35:51Z,snapshot_fields,1.0
P::J2112,DPP-2021,South,Phase 3,,,115.0,0.0,,2026-03-01,2026-03-01,2026-03-01,P::J2112,WARREN TO KOUNTZE 138KV,Queue-derived study fields,,2026-09-05T04:35:51Z,snapshot_fields,1.0
P::J2113,DPP-2021,Central,Phase 2,,,200.0,0.0,,2026-03-01,2026-03-01,2026-03-01,P::J2113,REID DAVIESS CO 161KV,Queue-derived study fields,,2026-09-05T04:35:51Z,snapshot_fields,1.0
P::J2114,DPP-2021,South,Phase 3,,,140.0,0.0,,2026-03-01,2026-03-01,2026-03-01,P::J2114,DOUCETTE TO DEER 138KV,Queue-derived study fields,,2026-09-05T04:35:51Z,snapshot_fields,1.0
P::J2115,DPP-2021,Central,Phase 2,,,98.3,0.0,,2026-03-01,2026-03-01,2026-03-01,P::J2115,FARADAY 138KV,Queue-derived study fields,,2026-09-05T04:35:51Z,snapshot_fields,1.0
P::J2116,DPP-2021,West,Phase 2,,,18.0,0.0,,2026-03-01,2026-03-01,2026-03-01,P::J2116,COVIL,Queue-derived study fields,,2026-09-05T04:35:51Z,snapshot_fields,1.0
P::J2117,DPP-2021,East (ATC),Phase 3,,,0.0,,,2026-03-01,2026-03-01,2026-03-01,P::J2117,SARATOGA BADGER WEST 138 0KV,Queue-derived study fields,,2026-09-05T04:35:51Z,snapshot_fields,1.0
P::J2118,DPP-2021,East (ITC),Phase 3,,,125.0,0.0,,2026-03-01,2026-03-01,2026-03-01,P::J2118,WHITING MOROCCO 138KV,Queue-derived study fields,,2026-09-05T04:35:51Z,snapshot_fields,1.0
P::J2119,DPP-2021,East (ITC),Phase 3,,,50.0,0.0,,2026-03-01,2026-03-01,2026-03-01,P::J2119,OTHER_,Queue-derived study fields,,2026-09-05T04:35:51Z,snapshot_fields,1.0
P::J2120,DPP-2021,West,Phase 2,,,100.0,0.0,,2026-03-01,2026-03-01,2026-03-01,P::J2120,FAIRFAX,Queue-derived study fields,,2026-09-05T04:35:51Z,snapshot_fields,1.0
P::J2121,DPP-2021,Central,Phase 2,,,100.0,0.0,,2026-03-01,2026-03-01,2026-03-01,P::J2121,MCCREDIE OVERTON 345KV,Queue-derived study fields,,2026-09-05T04:35:51Z,snapshot_fields,1.0
P::J2122,DPP-2021,West,Phase 2,,,33.0,0.0,,2026-03-01,2026-03-01,2026-03-01,P::J2122,NUTHATCH SWITCHING SUBSTATION,Queue-derived study fields,,2026-09-05T04:35:51Z,snapshot_fields,1.0
P::J2123,DPP-2021,Central,Phase 2,,,50.0,0.0,,2026-03-01,2026-03-01,2026-03-01,P::J2123,DUFF 138KV,Queue-derived study fields,,2026-09-05T04:35:51Z,snapshot_fields,1.0
P::J2124,DPP-2021,Central,Phase 2,,,100.0,0.0,,2026-03-01,2026-03-01,2026-03-01,P::J2124,RISING,Queue-derived study fields,,2026-09-05T04:35:51Z,snapshot_fields,1.0
P::J2125,DPP-2021,Central,Phase 2,,,100.0,0.0,,2026-03-01,2026-03-01,2026-03-01,P::J2125,XENIA TO W MT VERNON 345KV,Queue-derived study fields,,2026-09-05T04:35:51Z,snapshot_fields,1.0
P::J2126,DPP-2021,South,Phase 3,,,100.0,0.0,,2026-03-01,2026-03-01,2026-03-01,P::J2126,GARNER SS TO SERACY PRICE 115KV LINE,Queue-derived study fields,,2026-09-05T04:35:51Z,snapshot_fields,1.0
P::J2127,DPP-2021,South,Phase 3,,,172.5,0.0,,2026-03-01,2026-03-01,2026-03-01,P::J2127,SILVER CREEK 115KV,Queue-derived study fields,,2026-09-05T04:35:51Z,snapshot_fields,1.0
P::J2128,DPP-2021,Central,Phase 2,,,300.0,0.0,,2026-03-01,2026-03-01,2026-03-01,P::J2128,7ARLAND 7FARADAY 345 0KV,Queue-derived study fields,,2026-09-05T04:35:51Z,snapshot_fields,1.0
P::J2129,DPP-2021,East (ITC),Phase 3,,,150.0,0.0,,2026-03-01,2026-03-01,2026-03-01,P::J2129,BRADLEY 138KV SUBSTATION,Queue-derived study fields,,2026-09-05T04:35:51Z,snapshot_fields,1.0
P::J2130,DPP-2021,Central,Phase 2,,,180.0,0.0,,2026-03-01,2026-03-01,2026-03-01,P::J2130,CLINTON 230KV,Queue-derived study fields,,2026-09-05T04:35:51Z,snapshot_fields,1.0
P::J2131,DPP-2021,Central,Phase 2,,,150.0,0.0,,2026-03-01,2026-03-01,2026-03-01,P::J2131,7CASEY 7NEWTON 345 0KV,Queue-derived study fields,,2026-09-05T04:35:51Z,snapshot_fields,1.0
P::J2132,DPP-2021,Central,Phase 2,,,300.0,0.0,,2026-03-01,2026-03-01,2026-03-01,P::J2132,CAYUGA 230KV,Queue-derived study fields,,2026-09-05T04:35:51Z,snapshot_fields,1.0
P::J2133,DPP-2021,South,Phase 3,,,100.0,0.0,,2026-03-01,2026-03-01,2026-03-01,P::J2133,GARNER 115KV SUBSTATION,Queue-derived study fields,,2026-09-05T04:35:51Z,snapshot_fields,1.0
P::J2134,DPP-2021,South,Phase 3,,,200.0,0.0,,2026-03-01,2026-03-01,2026-03-01,P::J2134,WHITE BLUFF EHV WRIGHTSVILLE 115 0KV,Queue-derived study fields,,2026-09-05T04:35:51Z,snapshot_fields,1.0
P::J2135,DPP-2021,South,Phase 3,,,200.0,0.0,,2026-03-01,2026-03-01,2026-03-01,P::J2135,VILLE PLATTE WEST FORK 230KV,Queue-derived study fields,,2026-09-05T04:35:51Z,snapshot_fields,1.0
P::J2136,DPP-2021,Central,Phase 2,,,190.9,0.0,,2026-03-01,2026-03-01,2026-03-01,P::J2136,GILMAN SOUTH,Queue-derived study fields,,2026-09-05T04:35:51Z,snapshot_fields,1.0
P::J2137,DPP-2021,Central,Phase 2,,,78.23,0.0,,2026-03-01,2026-03-01,2026-03-01,P::J2137,345KV WILSON SUBSTATION,Queue-derived study fields,,2026-09-05T04:35:51Z,snapshot_fields,1.0
P::J2138,DPP-2021,South,Phase 3,,,0.0,,,2026-03-01,2026-03-01,2026-03-01,P::J2138,RYE CO CYPRESS 138KV,Queue-derived study fields,,2026-09-05T04:35:51Z,snapshot_fields,1.0
P::J2139,DPP-2021,East (ITC),Phase 3,,,250.0,0.0,,2026-03-01,2026-03-01,2026-03-01,P::J2139,BLACKFOOT MADRID 345 0KV,Queue-derived study fields,,2026-09-05T04:35:51Z,snapshot_fields,1.0
P::J2140,DPP-2021,South,Phase 3,,,0.0,,,2026-03-01,2026-03-01,2026-03-01,P::J2140,BRINKLEY EAST TO CLARENDON 115KV,Queue-derived study fields,,2026-09-05T04:35:51Z,snapshot_fields,1.0
P::J2141,DPP-2021,South,Phase 3,,,100.0,0.0,,2026-03-01,2026-03-01,2026-03-01,P::J2141,BRINKLEY EAST TO CLARENDON 115KV,Queue-derived study fields,,2026-09-05T04:35:51Z,snapshot_fields,1.0
P::J2142,DPP-2021,Central,Phase 2,,,150.0,0.0,,2026-03-01,2026-03-01,2026-03-01,P::J2142,MAYWOOD ZACHARY 345KV LINE,Queue-derived study fields,,2026-09-05T04:35:51Z,snapshot_fields,1.0
P::J2143,DPP-2021,South,Phase 3,,,250.0,0.0,,2026-03-01,2026-03-01,2026-03-01,P::J2143,LAKE VILLAGE BAGBY 115KV,Queue-derived study fields,,2026-09-05T04:35:51Z,snapshot_fields,1.0
P::J2144,DPP-2021,Central,Phase 2,,,195.0,0.0,,2026-03-01,2026-03-01,2026-03-01,P::J2144,SCHAHFER 345KV SUB,Queue-derived study fields,,2026-09-05T04:35:51Z,snapshot_fields,1.0
P::J2145,DPP-2021,Central,Phase 2,,,50.0,0.0,,2026-03-01,2026-03-01,2026-03-01,P::J2145,WILSON EHV,Queue-derived study fields,,2026-09-05T04:35:51Z,snapshot_fields,1.0
P::J2146,DPP-2021,Central,Phase 2,,,45.0,0.0,,2026-03-01,2026-03-01,2026-03-01,P::J2146,HOPKINS COUNTY 161KV SUBSTATION,Queue-derived study fields,,2026-09-05T04:35:51Z,snapshot_fields,1.0
P::J2147,DPP-2021,Central,Phase 2,,,56.0,0.0,,2026-03-01,2026-03-01,2026-03-01,P::J2147,DAVIESS COUNTY UTICA 69KV,Queue-derived study fields,,2026-09-05T04:35:51Z,snapshot_fields,1.0
P::J2148,DPP-2021,East (ATC),Phase 3,,,200.0,0.0,,2026-03-01,2026-03-01,2026-03-01,P::J2148,WERNER WEST 138KV,Queue-derived study fields,,2026-09-05T04:35:51Z,snapshot_fields,1.0
P::J2149,DPP-2021,South,Phase 3,,,240.0,0.0,,2026-03-01,2026-03-01,2026-03-01,P::J2149,WHITE BLUFF EHV HENSLEY 115 0KV,Queue-derived study fields,,2026-09-05T04:35:51Z,snapshot_fields,1.0
P::J2150,DPP-2021,Central,Phase 2,,,100.0,0.0,,2026-03-01,2026-03-01,2026-03-01,P::J2150,MADISON 138KV,Queue-derived study fields,,2026-09-05T04:35:51Z,snapshot_fields,1.0
P::J2151,DPP-2021,Central,Phase 2,,,150.0,0.0,,2026-03-01,2026-03-01,2026-03-01,P::J2151,MUDDY TO WEST FRANKFORT 138KV LINE,Queue-derived study fields,,2026-09-05T04:35:51Z,snapshot_fields,1.0
P::J2152,DPP-2021,South,Phase 3,,,120.0,0.0,,2026-03-01,2026-03-01,2026-03-01,P::J2152,INDEPENDENCE LA HAMMOND 230 0KV,Queue-derived study fields,,2026-09-05T04:35:51Z,snapshot_fields,1.0
P::J2153,DPP-2021,South,Phase 3,,,200.0,0.0,,2026-03-01,2026-03-01,2026-03-01,P::J2153,ASHLEY SWITCHYARD,Queue-derived study fields,,2026-09-05T04:35:51Z,snapshot_fields,1.0
P::J2154,DPP-2021,South,Phase 3,,,150.0,0.0,,2026-03-01,2026-03-01,2026-03-01,P::J2154,CARLYSS NELSON 230KV,Queue-derived study fields,,2026-09-05T04:35:51Z,snapshot_fields,1.0
P::J2155,DPP-2021,Central,Phase 2,,,150.0,0.0,,2026-03-01,2026-03-01,2026-03-01,P::J2155,OTHER_,Queue-derived study fields,,2026-09-05T04:35:51Z,snapshot_fields,1.0
P::J2156,DPP-2021,Central,Phase 2,,,150.0,0.0,,2026-03-01,2026-03-01,2026-03-01,P::J2156,MASSAC JORDAN 345KV,Queue-derived study fields,,2026-09-05T04:35:51Z,snapshot_fields,1.0
P::J2157,DPP-2021,West,Phase 2,,,100.0,0.0,,2026-03-01,2026-03-01,2026-03-01,P::J2157,TRI COUNTY 230KV SUBSTATION,Queue-derived study fields,,2026-09-05T04:35:51Z,snapshot_fields,1.0
P::J2158,DPP-2021,Central,Phase 2,,,50.0,0.0,,2026-03-01,2026-03-01,2026-03-01,P::J2158,HUTSONVILLE NEOGA 138KV,Queue-derived study fields,,2026-09-05T04:35:51Z,snapshot_fields,1.0
P::J2159,DPP-2021,Central,Phase 2,,,50.0,0.0,,2026-03-01,2026-03-01,2026-03-01,P::J2159,HUTSONVILLE NEOGA 138KV,Queue-derived study fields,,2026-09-05T04:35:51Z,snapshot_fields,1.0
P::J2160,DPP-2021,Central,Phase 2,,,50.0,0.0,,2026-03-01,2026-03-01,2026-03-01,P::J2160,GALLAGHER TO COLUMBUS 230KV,Queue-derived study fields,,2026-09-05T04:35:51Z,snapshot_fields,1.0
P::J2161,DPP-2021,Central,Phase 2,,,50.0,0.0,,2026-03-01,2026-03-01,2026-03-01,P::J2161,IPAVA 138KV,Queue-derived study fields,,2026-09-05T04:35:51Z,snapshot_fields,1.0
P::J2162,DPP-2021,South,Phase 3,,,100.0,0.0,,2026-03-01,2026-03-01,2026-03-01,P::J2162,ITTA BENNA MOORHEAD 115KV,Queue-derived study fields,,2026-09-05T04:35:51Z,snapshot_fields,1.0
P::J2163,DPP-2021,South,Phase 3,,,200.0,0.0,,2026-03-01,2026-03-01,2026-03-01,P::J2163,230KV PENTON ROAD TO ROY S NELSON 230KV,Queue-derived study fields,,2026-09-05T04:35:51Z,snapshot_fields,1.0
P::J2164,DPP-2021,Central,Phase 2,,,250.0,0.0,,2026-03-01,2026-03-01,2026-03-01,P::J2164,PETERSBURG 345KV,Queue-derived study fields,,2026-09-05T04:35:51Z,snapshot_fields,1.0
P::J2165,DPP-2021,South,Phase 3,,,145.0,0.0,,2026-03-01,2026-03-01,2026-03-01,P::J2165,JACINTO SHECO BATISTE CREEK 230 0KV,Queue-derived study fields,,2026-09-05T04:35:51Z,snapshot_fields,1.0
P::J2166,DPP-2021,West,Phase 2,,,200.0,0.0,,2026-03-01,2026-03-01,2026-03-01,P::J2166,CLARINDA BRADDYVILLE 161KV LINE,Queue-derived study fields,,2026-09-05T04:35:51Z,snapshot_fields,1.0
P::J2167,DPP-2021,South,Phase 3,,,198.0,0.0,,2026-03-01,2026-03-01,2026-03-01,P::J2167,CHALKLEY SOLAC 230KV,Queue-derived study fields,,2026-09-05T04:35:51Z,snapshot_fields,1.0
P::J2168,DPP-2021,South,Phase 3,,,693.0,0.0,,2026-03-01,2026-03-01,2026-03-01,P::J2168,CHINA SUBSTATION,Queue-derived study fields,,2026-09-05T04:35:51Z,snapshot_fields,1.0
P::J2169,DPP-2021,South,Phase 3,,,98.9,0.0,,2026-03-01,2026-03-01,2026-03-01,P::J2169,DERIDDER CENTENNIAL 138 KV,Queue-derived study fields,,2026-09-05T04:35:51Z,snapshot_fields,1.0
P::J2170,DPP-2021,Central,Phase 2,,,150.0,0.0,,2026-03-01,2026-03-01,2026-03-01,P::J2170,SNYDER 345KV J1180 J1475 POI,Queue-derived study fields,,2026-09-05T04:35:51Z,snapshot_fields,1.0
P::J2171,DPP-2021,Central,Phase 2,,,500.0,0.0,,2026-03-01,2026-03-01,2026-03-01,P::J2171,ASTER TO COMMODORE,Queue-derived study fields,,2026-09-05T04:35:51Z,snapshot_fields,1.0
P::J2172,DPP-2021,Central,Phase 2,,,100.0,0.0,,2026-03-01,2026-03-01,2026-03-01,P::J2172,MACOMB NORTHEAST,Queue-derived study fields,,2026-09-05T04:35:51Z,snapshot_fields,1.0
P::J2173,DPP-2021,South,Phase 3,,,396.0,0.0,,2026-03-01,2026-03-01,2026-03-01,P::J2173,BOLTON,Queue-derived study fields,,2026-09-05T04:35:51Z,snapshot_fields,1.0
P::J2174,DPP-2021,South,Phase 3,,,390.0,0.0,,2026-03-01,2026-03-01,2026-03-01,P::J2174,ROBINSONVILLE TUNICA 230 115 SUB 230 0KV,Queue-derived study fields,,2026-09-05T04:35:51Z,snapshot_fields,1.0
P::J2175,DPP-2021,South,Phase 3,,,350.0,0.0,,2026-03-01,2026-03-01,2026-03-01,P::J2175,INDIANOLA TO GERALD ANDRUS 230KV,Queue-derived study fields,,2026-09-05T04:35:51Z,snapshot_fields,1.0
P::J2176,DPP-2021,South,Phase 3,,,680.0,0.0,,2026-03-01,2026-03-01,2026-03-01,P::J2176,HARTBURG RHODES 500KV,Queue-derived study fields,,2026-09-05T04:35:51Z,snapshot_fields,1.0
P::J2177,DPP-2021,Central,Phase 2,,,67.0,0.0,,2026-03-01,2026-03-01,2026-03-01,P::J2177,TIPTON WEST 230KV,Queue-derived study fields,,2026-09-05T04:35:51Z,snapshot_fields,1.0
P::J2178,DPP-2021,Central,Phase 2,,,100.0,0.0,,2026-03-01,2026-03-01,2026-03-01,P::J2178,MEROM 345KV,Queue-derived study fields,,2026-09-05T04:35:51Z,snapshot_fields,1.0
P::J2179,DPP-2021,Central,Phase 2,,,100.0,0.0,,2026-03-01,2026-03-01,2026-03-01,P::J2179,MONTGOMERY,Queue-derived study fields,,2026-09-05T04:35:51Z,snapshot_fields,1.0
P::J2180,DPP-2021,South,Phase 3,,,250.0,0.0,,2026-03-01,2026-03-01,2026-03-01,P::J2180,FISHER,Queue-derived study fields,,2026-09-05T04:35:51Z,snapshot_fields,1.0
P::J2181,DPP-2021,South,Phase 3,,,200.0,0.0,,2026-03-01,2026-03-01,2026-03-01,P::J2181,161KV LINE TAP OF DELL EAST TO BLYTHEVILLE,Queue-derived study fields,,2026-09-05T04:35:51Z,snapshot_fields,1.0
P::J2182,DPP-2021,South,Phase 3,,,100.0,0.0,,2026-03-01,2026-03-01,2026-03-01,P::J2182,WEBB 115KV,Queue-derived study fields,,2026-09-05T04:35:51Z,snapshot_fields,1.0
P::J2183,DPP-2021,South,Phase 3,,,200.0,0.0,,2026-03-01,2026-03-01,2026-03-01,P::J2183,FANCY POINT WATERLOO,Queue-derived study fields,,2026-09-05T04:35:51Z,snapshot_fields,1.0
P::J2184,DPP-2021,South,Phase 3,,,100.0,0.0,,2026-03-01,2026-03-01,2026-03-01,P::J2184,BRINKLEY WEST SUBSTATION 115KV,Queue-derived study fields,,2026-09-05T04:35:51Z,snapshot_fields,1.0
P::J2185,DPP-2021,East (ATC),Phase 3,,,399.04,-0.00250607723731242,,2026-03-01,2026-03-01,2026-03-01,P::J2185,ROCKY RUN TO WERNER WEST 345KV LINE,Queue-derived study fields,,2026-09-05T04:35:51Z,snapshot_fields,1.0
P::J2186,DPP-2021,Central,Phase 2,,,820.6,0.0,,2026-03-01,2026-03-01,2026-03-01,P::J2186,IPAVA MAPLE RIDGE 345KV 4573,Queue-derived study fields,,2026-09-05T04:35:51Z,snapshot_fields,1.0
P::J2187,DPP-2021,Central,Phase 2,,,124.0,0.0,,2026-03-01,2026-03-01,2026-03-01,P::J2187,STILLWELL 138KV,Queue-derived study fields,,2026-09-05T04:35:51Z,snapshot_fields,1.0
P::J2188,DPP-2021,East (ATC),Phase 3,,,99.0,0.0,,2026-03-01,2026-03-01,2026-03-01,P::J2188,COLUMBIA SOUTH FOND DU LAC 345 0KV,Queue-derived study fields,,2026-09-05T04:35:51Z,snapshot_fields,1.0
P::J2189,DPP-2021,Central,Phase 2,,,15.6,0.0,,2026-03-01,2026-03-01,2026-03-01,P::J2189,HORNSBY SWITCHING STATION,Queue-derived study fields,,2026-09-05T04:35:51Z,snapshot_fields,1.0
P::J2190,DPP-2021,South,Phase 3,,,500.0,0.0,,2026-03-01,2026-03-01,2026-03-01,P::J2190,DELL EHV SAN SOUCI 500 0KV,Queue-derived study fields,,2026-09-05T04:35:51Z,snapshot_fields,1.0
P::J2191,DPP-2021,South,Phase 3,,,100.0,0.0,,2026-03-01,2026-03-01,2026-03-01,P::J2191,CANELAND 230KV SUBSTATION,Queue-derived study fields,,2026-09-05T04:35:51Z,snapshot_fields,1.0
P::J2192,DPP-2021,Central,Phase 2,,,99.9,0.0,,2026-03-01,2026-03-01,2026-03-01,P::J2192,7BUNSONVILLE 7SIDNEY 345 0KV,Queue-derived study fields,,2026-09-05T04:35:51Z,snapshot_fields,1.0
P::J2193,DPP-2021,East (ATC),Phase 3,,,100.0,0.0,,2026-03-01,2026-03-01,2026-03-01,P::J2193,SAND LAKE,Queue-derived study fields,,2026-09-05T04:35:51Z,snapshot_fields,1.0
P::J2194,DPP-2021,Central,Phase 2,,,350.0,0.0,,2026-03-01,2026-03-01,2026-03-01,P::J2194,MEROM GIBSON 345KV LINE,Queue-derived study fields,,2026-09-05T04:35:51Z,snapshot_fields,1.0
P::J2195,DPP-2021,Central,Phase 2,,,100.0,0.0,,2026-03-01,2026-03-01,2026-03-01,P::J2195,RAMSEY EAST 138KV,Queue-derived study fields,,2026-09-05T04:35:51Z,snapshot_fields,1.0
P::J2196,DPP-2021,Central,Phase 2,,,100.0,0.0,,2026-03-01,2026-03-01,2026-03-01,P::J2196,AUSTIN 138KV,Queue-derived study fields,,2026-09-05T04:35:51Z,snapshot_fields,1.0
P::J2197,DPP-2021,Central,Phase 2,,,100.0,0.0,,2026-03-01,2026-03-01,2026-03-01,P::J2197,XENIA,Queue-derived study fields,,2026-09-05T04:35:51Z,snapshot_fields,1.0
P::J2198,DPP-2021,Central,Phase 2,,,250.0,0.0,,2026-03-01,2026-03-01,2026-03-01,P::J2198,JOACHIM 138KV,Queue-derived study fields,,2026-09-05T04:35:51Z,snapshot_fields,1.0
P::J2199,DPP-2021,West,Phase 2,,,200.0,0.0,,2026-03-01,2026-03-01,2026-03-01,P::J2199,COON CREEK,Queue-derived study fields,,2026-09-05T04:35:51Z,snapshot_fields,1.0
P::J2200,DPP-2021,West,Phase 2,,,200.0,0.0,,2026-03-01,2026-03-01,2026-03-01,P::J2200,BLUE LAKE,Queue-derived study fields,,2026-09-05T04:35:51Z,snapshot_fields,1.0
P::J2201,DPP-2021,Central,Phase 2,,,200.0,0.0,,2026-03-01,2026-03-01,2026-03-01,P::J2201,KENZIG ROAD HE RAMSEY 345 0KV,Queue-derived study fields,,2026-09-05T04:35:51Z,snapshot_fields,1.0
P::J2202,DPP-2021,South,Phase 3,,,100.0,0.0,,2026-03-01,2026-03-01,2026-03-01,P::J2202,LACASSINE 69KV,Queue-derived study fields,,2026-09-05T04:35:51Z,snapshot_fields,1.0
P::J2203,DPP-2021,Central,Phase 2,,,150.0,0.0,,2026-03-01,2026-03-01,2026-03-01,P::J2203,EAST QUINCY,Queue-derived study fields,,2026-09-05T04:35:51Z,snapshot_fields,1.0
P::J2204,DPP-2021,Central,Phase 2,,,200.0,0.0,,2026-03-01,2026-03-01,2026-03-01,P::J2204,DUPO FERRY,Queue-derived study fields,,2026-09-05T04:35:51Z,snapshot_fields,1.0
P::J2205,DPP-2021,Central,Phase 2,,,300.0,0.0,,2026-03-01,2026-03-01,2026-03-01,P::J2205,J1145 NEW 345KV POI SUBSTATION AMEREN OVERTON MONTGOMERY 345KV LINE,Queue-derived study fields,,2026-09-05T04:35:51Z,snapshot_fields,1.0
P::J2206,DPP-2021,Central,Phase 2,,,100.0,0.0,,2026-03-01,2026-03-01,2026-03-01,P::J2206,ATTICA SUBSTATION 230KV,Queue-derived study fields,,2026-09-05T04:35:51Z,snapshot_fields,1.0
P::J2207,DPP-2021,Central,Phase 2,,,300.0,0.0,,2026-03-01,2026-03-01,2026-03-01,P::J2207,HENDERSON TO AB BROWN 138KV,Queue-derived study fields,,2026-09-05T04:35:51Z,snapshot_fields,1.0
P::J2208,DPP-2021,South,Phase 3,,,99.0,0.0,,2026-03-01,2026-03-01,2026-03-01,P::J2208,MANSFIELD BUS 500530 TO RED RIVER TAP BUS 500762 138KV,Queue-derived study fields,,2026-09-05T04:35:51Z,snapshot_fields,1.0
P::J2209,DPP-2021,Central,Phase 2,,,100.0,0.0,,2026-03-01,2026-03-01,2026-03-01,P::J2209,ORAN 161KV SUBSTATION,Queue-derived study fields,,2026-09-05T04:35:51Z,snapshot_fields,1.0
P::J2210,DPP-2021,South,Phase 3,,,100.0,0.0,,2026-03-01,2026-03-01,2026-03-01,P::J2210,DERRICK 230KV,Queue-derived study fields,,2026-09-05T04:35:51Z,snapshot_fields,1.0
P::J2211,DPP-2021,East (ATC),Phase 3,,,200.0,0.0,,2026-03-01,2026-03-01,2026-03-01,P::J2211,TOWER DR,Queue-derived study fields,,2026-09-05T04:35:51Z,snapshot_fields,1.0
P::J2212,DPP-2021,Central,Phase 2,,,150.0,0.0,,2026-03-01,2026-03-01,2026-03-01,P::J2212,MADISON MICHIGAN AVE,Queue-derived study fields,,2026-09-05T04:35:51Z,snapshot_fields,1.0
P::J2213,DPP-2021,Central,Phase 2,,,200.0,0.0,,2026-03-01,2026-03-01,2026-03-01,P::J2213,HIPLE,Queue-derived study fields,,2026-09-05T04:35:51Z,snapshot_fields,1.0
P::J2214,DPP-2021,South,Phase 3,,,62.0,0.0,,2026-03-01,2026-03-01,2026-03-01,P::J2214,FISHER 230KV,Queue-derived study fields,,2026-09-05T04:35:51Z,snapshot_fields,1.0
P::J2215,DPP-2021,Central,Phase 2,,,300.0,0.0,,2026-03-01,2026-03-01,2026-03-01,P::J2215,SCHAHFER GEN STA ST JOHN 345 0KV,Queue-derived study fields,,2026-09-05T04:35:51Z,snapshot_fields,1.0
P::J2216,DPP-2021,Central,Phase 2,,,100.0,0.0,,2026-03-01,2026-03-01,2026-03-01,P::J2216,SANDCUT ROCKVILLE 138KV,Queue-derived study fields,,2026-09-05T04:35:51Z,snapshot_fields,1.0
P::J2217,DPP-2021,South,Phase 3,,,50.0,0.0,,2026-03-01,2026-03-01,2026-03-01,P::J2217,BRINKLEY EAST AUBREY 230KV LINE,Queue-derived study fields,,2026-09-05T04:35:51Z,snapshot_fields,1.0
P::J2218,DPP-2021,East (ATC),Phase 3,,,150.0,0.0,,2026-03-01,2026-03-01,2026-03-01,P::J2218,SHOTO,Queue-derived study fields,,2026-09-05T04:35:51Z,snapshot_fields,1.0
P::J2219,DPP-2021,West,Phase 2,,,180.0,0.0,,2026-03-01,2026-03-01,2026-03-01,P::J2219,ROCHESTER WABACO 161 0KV,Queue-derived study fields,,2026-09-05T04:35:51Z,snapshot_fields,1.0
P::J2220,DPP-2021,South,Phase 3,,,50.0,0.0,,2026-03-01,2026-03-01,2026-03-01,P::J2220,DONALDSONVILLE EVERGREEN 230KV,Queue-derived study fields,,2026-09-05T04:35:51Z,snapshot_fields,1.0
P::J2221,DPP-2021,Central,Phase 2,,,100.0,0.0,,2026-03-01,2026-03-01,2026-03-01,P::J2221,SPEED,Queue-derived study fields,,2026-09-05T04:35:51Z,snapshot_fields,1.0
P::J2222,DPP-2021,South,Phase 3,,,100.0,0.0,,2026-03-01,2026-03-01,2026-03-01,P::J2222,PENTON ROAD TO NELSON 230KV,Queue-derived study fields,,2026-09-05T04:35:51Z,snapshot_fields,1.0
P::J2223,DPP-2021,South,Phase 3,,,100.0,0.0,,2026-03-01,2026-03-01,2026-03-01,P::J2223,CASH NEWPORT AB 161KV,Queue-derived study fields,,2026-09-05T04:35:51Z,snapshot_fields,1.0
P::J2224,DPP-2021,South,Phase 3,,,200.0,0.0,,2026-03-01,2026-03-01,2026-03-01,P::J2224,DERRICK 230KV,Queue-derived study fields,,2026-09-05T04:35:51Z,snapshot_fields,1.0
P::J2225,DPP-2021,Central,Phase 2,,,300.0,0.0,,2026-03-01,2026-03-01,2026-03-01,P::J2225,REID EHV 345KV SUBSTATION,Queue-derived study fields,,2026-09-05T04:35:51Z,snapshot_fields,1.0
P::J2226,DPP-2021,Central,Phase 2,,,200.0,0.0,,2026-03-01,2026-03-01,2026-03-01,P::J2226,GOODLAND MORRISON DITCH 138 0KV,Queue-derived study fields,,2026-09-05T04:35:51Z,snapshot_fields,1.0
P::J2227,DPP-2021,West,Phase 2,,,89.0,0.0,,2026-03-01,2026-03-01,2026-03-01,P::J2227,INDEPENDENCE BRIDGE CREEK 69 0KV,Queue-derived study fields,,2026-09-05T04:35:51Z,snapshot_fields,1.0
P::J2228,DPP-2021,South,Phase 3,,,200.0,0.0,,2026-03-01,2026-03-01,2026-03-01,P::J2228,RED GUM,Queue-derived study fields,,2026-09-05T04:35:51Z,snapshot_fields,1.0
P::J2229,DPP-2021,Central,Phase 2,,,100.0,0.0,,2026-03-01,2026-03-01,2026-03-01,P::J2229,MIAMI WABASH MIER 138KV,Queue-derived study fields,,2026-09-05T04:35:51Z,snapshot_fields,1.0
P::J2230,DPP-2021,Central,Phase 2,,,200.0,0.0,,2026-03-01,2026-03-01,2026-03-01,P::J2230,GIBSON STA MEROM HED 345 0KV,Queue-derived study fields,,2026-09-05T04:35:51Z,snapshot_fields,1.0
P::J2231,DPP-2021,South,Phase 3,,,97.5,-0.010257462303831281,,2026-03-01,2026-03-01,2026-03-01,P::J2231,SHERRILL 115KV,Queue-derived study fields,,2026-09-05T04:35:51Z,snapshot_fields,1.0
P::J2232,DPP-2021,Central,Phase 2,,,100.0,0.0,,2026-03-01,2026-03-01,2026-03-01,P::J2232,TIPTON WEST 230KV,Queue-derived study fields,,2026-09-05T04:35:51Z,snapshot_fields,1.0
P::J2233,DPP-2021,Central,Phase 2,,,100.0,0.0,,2026-03-01,2026-03-01,2026-03-01,P::J2233,7BUNSONVILLE 7SIDNEY 345 0KV,Queue-derived study fields,,2026-09-05T04:35:51Z,snapshot_fields,1.0
P::J2234,DPP-2021,Central,Phase 2,,,300.0,0.0,,2026-03-01,2026-03-01,2026-03-01,P::J2234,HENDERSON TO AB BROWN 138KV,Queue-derived study fields,,2026-09-05T04:35:51Z,snapshot_fields,1.0
P::J2235,DPP-2021,South,Phase 3,,,100.0,0.0,,2026-03-01,2026-03-01,2026-03-01,P::J2235,SHEPHERD SUBSTATION,Queue-derived study fields,,2026-09-05T04:35:51Z,snapshot_fields,1.0
P::J2236,DPP-2021,Central,Phase 2,,,100.0,0.0,,2026-03-01,2026-03-01,2026-03-01,P::J2236,GREENTOWN 230KV,Queue-derived study fields,,2026-09-05T04:35:51Z,snapshot_fields,1.0
P::J2237,DPP-2021,South,Phase 3,,,185.0,0.0,,2026-03-01,2026-03-01,2026-03-01,P::J2237,BRINKLEY EAST AUBREY 230KV LINE,Queue-derived study fields,,2026-09-05T04:35:51Z,snapshot_fields,1.0
P::J2238,DPP-2021,Central,Phase 2,,,200.0,0.0,,2026-03-01,2026-03-01,2026-03-01,P::J2238,THE FRANKS BUS 300041 BLAND BUS 344154 345KV LINE,Queue-derived study fields,,2026-09-05T04:35:51Z,snapshot_fields,1.0
P::J2239,DPP-2021,Central,Phase 2,,,100.0,0.0,,2026-03-01,2026-03-01,2026-03-01,P::J2239,BELGRADE PILOT KNOB 161KV,Queue-derived study fields,,2026-09-05T04:35:51Z,snapshot_fields,1.0
P::J2240,DPP-2021,South,Phase 3,,,120.0,0.0,,2026-03-01,2026-03-01,2026-03-01,P::J2240,PRESCOTT 337507 TO EMMETT 337505,Queue-derived study fields,,2026-09-05T04:35:51Z,snapshot_fields,1.0
P::J2241,DPP-2021,Central,Phase 2,,,320.0,0.0,,2026-03-01,2026-03-01,2026-03-01,P::J2241,CAYUGA SUB JORDAN CREEK WIND J515 POI 345KV,Queue-derived study fields,,2026-09-05T04:35:51Z,snapshot_fields,1.0
P::J2242,DPP-2021,South,Phase 3,,,100.0,0.0,,2026-03-01,2026-03-01,2026-03-01,P::J2242,SHECO,Queue-derived study fields,,2026-09-05T04:35:51Z,snapshot_fields,1.0
P::J2243,DPP-2021,South,Phase 3,,,100.0,0.0,,2026-03-01,2026-03-01,2026-03-01,P::J2243,WARREN 138KV,Queue-derived study fields,,2026-09-05T04:35:51Z,snapshot_fields,1.0
P::J2244,DPP-2021,South,Phase 3,,,0.0,,,2026-03-01,2026-03-01,2026-03-01,P::J2244,MABELVALE EHV TO WHITE BLUFF EHV 115KV,Queue-derived study fields,,2026-09-05T04:35:51Z,snapshot_fields,1.0
P::J2245,DPP-2021,South,Phase 3,,,100.0,0.0,,2026-03-01,2026-03-01,2026-03-01,P::J2245,MANDEVILLE NORTH SLIDELL 230KV LINE NOT LISTED ON TTF BUT BOTH SUBSTATIONS SEEM TO HAVE BREAKERS,Queue-derived study fields,,2026-09-05T04:35:51Z,snapshot_fields,1.0
P::J2246,DPP-2021,Central,Phase 2,,,300.0,0.0,,2026-03-01,2026-03-01,2026-03-01,P::J2246,REID EHV 345KV SUBSTATION,Queue-derived study fields,,2026-09-05T04:35:51Z,snapshot_fields,1.0
P::J2247,DPP-2021,Central,Phase 2,,,178.0,0.0,,2026-03-01,2026-03-01,2026-03-01,P::J2247,WOODHALL,Queue-derived study fields,,2026-09-05T04:35:51Z,snapshot_fields,1.0
P::J2248,DPP-2021,South,Phase 3,,,0.0,,,2026-03-01,2026-03-01,2026-03-01,P::J2248,WHITE BLUFF EHV TO WRIGHTSVILLE 115KV,Queue-derived study fields,,2026-09-05T04:35:51Z,snapshot_fields,1.0
P::J2249,DPP-2021,South,Phase 3,,,144.0,0.0,,2026-03-01,2026-03-01,2026-03-01,P::J2249,BAYOU COVE,Queue-derived study fields,,2026-09-05T04:35:51Z,snapshot_fields,1.0
P::J2250,DPP-2021,West,Phase 2,,,200.0,0.0,,2026-03-01,2026-03-01,2026-03-01,P::J2250,ELLENDALE 345,Queue-derived study fields,,2026-09-05T04:35:51Z,snapshot_fields,1.0
P::J2251,DPP-2021,Central,Phase 2,,,200.0,0.0,,2026-03-01,2026-03-01,2026-03-01,P::J2251,GREENTOWN 230KV,Queue-derived study fields,,2026-09-05T04:35:51Z,snapshot_fields,1.0
P::J2252,DPP-2021,South,Phase 3,,,300.0,0.0,,2026-03-01,2026-03-01,2026-03-01,P::J2252,CASH NEWPORT AB,Queue-derived study fields,,2026-09-05T04:35:51Z,snapshot_fields,1.0
P::J2253,DPP-2021,South,Phase 3,,,100.0,0.0,,2026-03-01,2026-03-01,2026-03-01,P::J2253,FORK CREEK SUBSTATION,Queue-derived study fields,,2026-09-05T04:35:51Z,snapshot_fields,1.0
P::J2254,DPP-2021,Central,Phase 2,,,100.0,0.0,,2026-03-01,2026-03-01,2026-03-01,P::J2254,PETERSBURG 345KV,Queue-derived study fields,,2026-09-05T04:35:51Z,snapshot_fields,1.0
P::J2255,DPP-2021,Central,Phase 2,,,100.0,0.0,,2026-03-01,2026-03-01,2026-03-01,P::J2255,BATESVILLE 345KV,Queue-derived study fields,,2026-09-05T04:35:51Z,snapshot_fields,1.0
P::J2256,DPP-2021,West,Phase 2,,,150.0,0.0,,2026-03-01,2026-03-01,2026-03-01,P::J2256,IRVINGTON WEBSTER 345KV LINE,Queue-derived study fields,,2026-09-05T04:35:51Z,snapshot_fields,1.0
P::J2257,DPP-2021,South,Phase 3,,,80.0,0.0,,2026-03-01,2026-03-01,2026-03-01,P::J2257,VILLE PLATTE WESTFORK 230KV,Queue-derived study fields,,2026-09-05T04:35:51Z,snapshot_fields,1.0
P::J2258,DPP-2021,Central,Phase 2,,,175.0,0.0,,2026-03-01,2026-03-01,2026-03-01,P::J2258,EAST QUINCY FISHHOOK 138KV,Queue-derived study fields,,2026-09-05T04:35:51Z,snapshot_fields,1.0
P::J2259,DPP-2021,Central,Phase 2,,,199.99,0.0,,2026-03-01,2026-03-01,2026-03-01,P::J2259,AMO 345KV,Queue-derived study fields,,2026-09-05T04:35:51Z,snapshot_fields,1.0
P::J2260,DPP-2021,East (ITC),Phase 3,,,251.5,0.0,,2026-03-01,2026-03-01,2026-03-01,P::J2260,PORT CALCITE RIGGSVILLE 138 0KV,Queue-derived study fields,,2026-09-05T04:35:51Z,snapshot_fields,1.0
P::J2261,DPP-2021,South,Phase 3,,,625.0,0.0,,2026-03-01,2026-03-01,2026-03-01,P::J2261,INDEPENDENCE ISES POWERLINE ROAD 500 0KV,Queue-derived study fields,,2026-09-05T04:35:51Z,snapshot_fields,1.0
P::J2262,DPP-2021,South,Phase 3,,,625.0,0.0,,2026-03-01,2026-03-01,2026-03-01,P::J2262,INDEPENDENCE ISES POWERLINE ROAD 500 0KV,Queue-derived study fields,,2026-09-05T04:35:51Z,snapshot_fields,1.0
P::J2263,DPP-2021,Central,Phase 2,,,100.0,0.0,,2026-03-01,2026-03-01,2026-03-01,P::J2263,EDWARDSPORT 345KV,Queue-derived study fields,,2026-09-05T04:35:51Z,snapshot_fields,1.0
P::J2264,DPP-2021,South,Phase 3,,,88.0,0.0,,2026-03-01,2026-03-01,2026-03-01,P::J2264,DESARC A 500KV GRIFFITHVILLE B 500KV,Queue-derived study fields,,2026-09-05T04:35:51Z,snapshot_fields,1.0
P::J2265,DPP-2021,Central,Phase 2,,,200.0,0.0,,2026-03-01,2026-03-01,2026-03-01,P::J2265,ST FRANCOIS BUS 345773 LUTESVILLE BUS 344974 345KV LINE,Queue-derived study fields,,2026-09-05T04:35:51Z,snapshot_fields,1.0
P::J2266,DPP-2021,Central,Phase 2,,,175.0,0.0,,2026-03-01,2026-03-01,2026-03-01,P::J2266,7KANSAS 08SUGCRK 345 0KV,Queue-derived study fields,,2026-09-05T04:35:51Z,snapshot_fields,1.0
P::J2267,DPP-2021,Central,Phase 2,,,250.0,0.0,,2026-03-01,2026-03-01,2026-03-01,P::J2267,345KV CRAB ORCHARD SUBSTATION,Queue-derived study fields,,2026-09-05T04:35:51Z,snapshot_fields,1.0
P::J2268,DPP-2021,West,Phase 2,,,400.0,0.0,,2026-03-01,2026-03-01,2026-03-01,P::J2268,DUANE ARNOLD,Queue-derived study fields,,2026-09-05T04:35:51Z,snapshot_fields,1.0
P::J2269,DPP-2021,Central,Phase 2,,,300.0,0.0,,2026-03-01,2026-03-01,2026-03-01,P::J2269,VEEDERSBURG WEST LAFAYETTE 230KV,Queue-derived study fields,,2026-09-05T04:35:51Z,snapshot_fields,1.0
P::J2270,DPP-2021,Central,Phase 2,,,300.0,0.0,,2026-03-01,2026-03-01,2026-03-01,P::J2270,MEROM 345KV,Queue-derived study fields,,2026-09-05T04:35:51Z,snapshot_fields,1.0
P::J2271,DPP-2021,East (ATC),Phase 3,,,200.0,0.0,,2026-03-01,2026-03-01,2026-03-01,P::J2271,SOUTH FOND DU LAC TO COLUMBIA 345KV,Queue-derived study fields,,2026-09-05T04:35:51Z,snapshot_fields,1.0
P::J2272,DPP-2021,West,Phase 2,,,250.0,0.0,,2026-03-01,2026-03-01,2026-03-01,P::J2272,CALAMUS EAST,Queue-derived study fields,,2026-09-05T04:35:51Z,snapshot_fields,1.0
P::J2273,DPP-2021,Central,Phase 2,,,175.0,0.0,,2026-03-01,2026-03-01,2026-03-01,P::J2273,TABOR,Queue-derived study fields,,2026-09-05T04:35:51Z,snapshot_fields,1.0
P::J2274,DPP-2021,Central,Phase 2,,,170.0,0.0,,2026-03-01,2026-03-01,2026-03-01,P::J2274,PIKE TROY 161KV,Queue-derived study fields,,2026-09-05T04:35:51Z,snapshot_fields,1.0
P::J2275,DPP-2021,Central,Phase 2,,,250.0,0.0,,2026-03-01,2026-03-01,2026-03-01,P::J2275,FARGO TO SANDBURG 345KV,Queue-derived study fields,,2026-09-05T04:35:51Z,snapshot_fields,1.0
P::J2276,DPP-2021,West,Phase 2,,,39.5,0.0,,2026-03-01,2026-03-01,2026-03-01,P::J2276,ALEXANDRIA,Queue-derived study fields,,2026-09-05T04:35:51Z,snapshot_fields,1.0
P::J2277,DPP-2021,East (ATC),Phase 3,,,0.0,,,2026-03-01,2026-03-01,2026-03-01,P::J2277,ARNOTT GOLDEN SANDS 138 0KV,Queue-derived study fields,,2026-09-05T04:35:51Z,snapshot_fields,1.0
P::J2278,DPP-2021,Central,Phase 2,,,60.0,0.0,,2026-03-01,2026-03-01,2026-03-01,P::J2278,OTHER_,Queue-derived study fields,,2026-09-05T04:35:51Z,snapshot_fields,1.0
P::J2279,DPP-2021,East (ITC),Phase 3,,,150.0,0.0,,2026-03-01,2026-03-01,2026-03-01,P::J2279,BURNIPS TO TREMAINE 138KV LINE,Queue-derived study fields,,2026-09-05T04:35:51Z,snapshot_fields,1.0
P::J2280,DPP-2021,Central,Phase 2,,,198.0,0.0,,2026-03-01,2026-03-01,2026-03-01,P::J2280,GREENWOOD CLARK TOWNSHIP,Queue-derived study fields,,2026-09-05T04:35:51Z,snapshot_fields,1.0
P::J2281,DPP-2021,Central,Phase 2,,,100.0,0.0,,2026-03-01,2026-03-01,2026-03-01,P::J2281,REYNOLDS 138KV,Queue-derived study fields,,2026-09-05T04:35:51Z,snapshot_fields,1.0
P::J2282,DPP-2021,Central,Phase 2,,,100.0,0.0,,2026-03-01,2026-03-01,2026-03-01,P::J2282,BR TAP NEW HARDINSBURG 161KV,Queue-derived study fields,,2026-09-05T04:35:51Z,snapshot_fields,1.0
P::J2283,DPP-2021,East (ITC),Phase 3,,,16.1,0.0,,2026-03-01,2026-03-01,2026-03-01,P::J2283,18KNOWLES MISO NODE 256632,Queue-derived study fields,,2026-09-05T04:35:51Z,snapshot_fields,1.0
P::J2284,DPP-2021,South,Phase 3,,,65.97,-0.015160703456648146,,2026-03-01,2026-03-01,2026-03-01,P::J2284,CLARKSDALE DELTA 115KV LINE,Queue-derived study fields,,2026-09-05T04:35:51Z,snapshot_fields,1.0
P::J2285,DPP-2021,West,Phase 2,,,45.0,0.0,,2026-03-01,2026-03-01,2026-03-01,P::J2285,PRAIRE WINGER,Queue-derived study fields,,2026-09-05T04:35:51Z,snapshot_fields,1.0
P::J2286,DPP-2021,West,Phase 2,,,90.0,0.0,,2026-03-01,2026-03-01,2026-03-01,P::J2286,PRAIRE WINGER 230KV,Queue-derived study fields,,2026-09-05T04:35:51Z,snapshot_fields,1.0
P::J2287,DPP-2021,South,Phase 3,,,135.0,0.0,,2026-03-01,2026-03-01,2026-03-01,P::J2287,DELTA SES SWITCHYARD 115KV,Queue-derived study fields,,2026-09-05T04:35:51Z,snapshot_fields,1.0
P::J2288,DPP-2021,Central,Phase 2,,,175.0,0.0,,2026-03-01,2026-03-01,2026-03-01,P::J2288,SPENCER CREEK,Queue-derived study fields,,2026-09-05T04:35:51Z,snapshot_fields,1.0
P::J2289,DPP-2021,South,Phase 3,,,200.0,0.0,,2026-03-01,2026-03-01,2026-03-01,P::J2289,INDIANOLA 230 130 SUB,Queue-derived study fields,,2026-09-05T04:35:51Z,snapshot_fields,1.0
P::J2290,DPP-2021,South,Phase 3,,,130.0,0.0,,2026-03-01,2026-03-01,2026-03-01,P::J2290,CLECO YELLOW BAYOU 138KV SUBSTATION,Queue-derived study fields,,2026-09-05T04:35:51Z,snapshot_fields,1.0
P::J2291,DPP-2021,West,Phase 2,,,150.0,0.0,,2026-03-01,2026-03-01,2026-03-01,P::J2291,WINGER,Queue-derived study fields,,2026-09-05T04:35:51Z,snapshot_fields,1.0
P::J2292,DPP-2021,South,Phase 3,,,50.0,0.0,,2026-03-01,2026-03-01,2026-03-01,P::J2292,GOOS FERRY,Queue-derived study fields,,2026-09-05T04:35:51Z,snapshot_fields,1.0
P::J2293,DPP-2021,East (ATC),Phase 3,,,50.0,0.0,,2026-03-01,2026-03-01,2026-03-01,P::J2293,OTHER_,Queue-derived study fields,,2026-09-05T04:35:51Z,snapshot_fields,1.0
P::J2294,DPP-2021,South,Phase 3,,,250.0,0.0,,2026-03-01,2026-03-01,2026-03-01,P::J2294,DELL TO NUCOR 161KV,Queue-derived study fields,,2026-09-05T04:35:51Z,snapshot_fields,1.0
P::J2295,DPP-2021,Central,Phase 2,,,200.0,0.0,,2026-03-01,2026-03-01,2026-03-01,P::J2295,MEROM SUBSTATION 345KV,Queue-derived study fields,,2026-09-05T04:35:51Z,snapshot_fields,1.0
P::J2296,DPP-2021,Central,Phase 2,,,100.0,0.0,,2026-03-01,2026-03-01,2026-03-01,P::J2296,MEROM GIBSON 345KV LINE TAP,Queue-derived study fields,,2026-09-05T04:35:51Z,snapshot_fields,1.0
P::J2297,DPP-2021,South,Phase 3,,,100.0,0.0,,2026-03-01,2026-03-01,2026-03-01,P::J2297,INDIANOLA 230KV SUBSTATION,Queue-derived study fields,,2026-09-05T04:35:51Z,snapshot_fields,1.0
P::J2298,DPP-2021,South,Phase 3,,,200.0,0.0,,2026-03-01,2026-03-01,2026-03-01,P::J2298,GAINESVILLE SWITCHING STATION,Queue-derived study fields,,2026-09-05T04:35:51Z,snapshot_fields,1.0
P::J2299,DPP-2021,South,Phase 3,,,100.0,0.0,,2026-03-01,2026-03-01,2026-03-01,P::J2299,MARMADUKE,Queue-derived study fields,,2026-09-05T04:35:51Z,snapshot_fields,1.0
P::J2300,DPP-2021,South,Phase 3,,,50.0,0.0,,2026-03-01,2026-03-01,2026-03-01,P::J2300,GAINESVILLE SWITCHING STATION,Queue-derived study fields,,2026-09-05T04:35:51Z,snapshot_fields,1.0
P::J2301,DPP-2021,Central,Phase 2,,,100.0,0.0,,2026-03-01,2026-03-01,2026-03-01,P::J2301,OTHER_,Queue-derived study fields,,2026-09-05T04:35:51Z,snapshot_fields,1.0
P::J2302,DPP-2021,South,Phase 3,,,400.0,0.0,,2026-03-01,2026-03-01,2026-03-01,P::J2302,MCKNIGHT PLANT DANIEL 500 0KV,Queue-derived study fields,,2026-09-05T04:35:51Z,snapshot_fields,1.0
P::J2303,DPP-2021,East (ATC),Phase 3,,,100.0,0.0,,2026-03-01,2026-03-01,2026-03-01,P::J2303,SAND LAKE 138KV SUBSTATION,Queue-derived study fields,,2026-09-05T04:35:51Z,snapshot_fields,1.0
P::J2304,DPP-2021,East (ATC),Phase 3,,,400.0,0.0,,2026-03-01,2026-03-01,2026-03-01,P::J2304,COLUMBIA ROCKDALE 345 0KV,Queue-derived study fields,,2026-09-05T04:35:51Z,snapshot_fields,1.0
P::J2305,DPP-2021,Central,Phase 2,,,139.0,0.0,,2026-03-01,2026-03-01,2026-03-01,P::J2305,HENDERSON AB BROWN 138KV,Queue-derived study fields,,2026-09-05T04:35:51Z,snapshot_fields,1.0
P::J2306,DPP-2021,Central,Phase 2,,,150.0,0.0,,2026-03-01,2026-03-01,2026-03-01,P::J2306,COMMODORE JORDAN,Queue-derived study fields,,2026-09-05T04:35:51Z,snapshot_fields,1.0
P::J2307,DPP-2021,Central,Phase 2,,,130.0,0.0,,2026-03-01,2026-03-01,2026-03-01,P::J2307,GREENTOWN WALTON 230 0KV,Queue-derived study fields,,2026-09-05T04:35:51Z,snapshot_fields,1.0
P::J2308,DPP-2021,Central,Phase 2,,,35.0,0.0,,2026-03-01,2026-03-01,2026-03-01,P::J2308,GREENTOWN WALTON 230 0KV,Queue-derived study fields,,2026-09-05T04:35:51Z,snapshot_fields,1.0
P::J2309,DPP-2021,West,Phase 2,,,100.0,0.0,,2026-03-01,2026-03-01,2026-03-01,P::J2309,CHANARAMBIE ELLSBOROUGH GRE 115 0KV,Queue-derived study fields,,2026-09-05T04:35:51Z,snapshot_fields,1.0
P::J2310,DPP-2021,South,Phase 3,,,300.0,0.0,,2026-03-01,2026-03-01,2026-03-01,P::J2310,RHODES,Queue-derived study fields,,2026-09-05T04:35:51Z,snapshot_fields,1.0
P::J2311,DPP-2021,Central,Phase 2,,,145.0,0.0,,2026-03-01,2026-03-01,2026-03-01,P::J2311,PUTNAM,Queue-derived study fields,,2026-09-05T04:35:51Z,snapshot_fields,1.0
P::J2312,DPP-2021,Central,Phase 2,,,47.9,0.0,,2026-03-01,2026-03-01,2026-03-01,P::J2312,PUTNAM,Queue-derived study fields,,2026-09-05T04:35:51Z,snapshot_fields,1.0
P::J2313,DPP-2021,South,Phase 3,,,80.0,0.0,,2026-03-01,2026-03-01,2026-03-01,P::J2313,OTHER_,Queue-derived study fields,,2026-09-05T04:35:51Z,snapshot_fields,1.0
P::J2314,DPP-2021,South,Phase 3,,,150.0,0.0,,2026-03-01,2026-03-01,2026-03-01,P::J2314,PETRY WOODS SS,Queue-derived study fields,,2026-09-05T04:35:51Z,snapshot_fields,1.0
P::J2315,DPP-2021,South,Phase 3,,,75.3,0.0,,2026-03-01,2026-03-01,2026-03-01,P::J2315,PETRY WOODS,Queue-derived study fields,,2026-09-05T04:35:51Z,snapshot_fields,1.0
P::J2316,DPP-2021,East (ATC),Phase 3,,,77.5,0.0,,2026-03-01,2026-03-01,2026-03-01,P::J2316,NORDIC 138KV SUBSTATION,Queue-derived study fields,,2026-09-05T04:35:51Z,snapshot_fields,1.0
P::J2317,DPP-2021,South,Phase 3,,,225.0,0.0,,2026-03-01,2026-03-01,2026-03-01,P::J2317,BASTROP CAHOON STERLINGTON 115 SWYD 115 0KV,Queue-derived study fields,,2026-09-05T04:35:51Z,snapshot_fields,1.0
P::J2318,DPP-2021,Central,Phase 2,,,75.0,0.0,,2026-03-01,2026-03-01,2026-03-01,P::J2318,NORTH EAST CASTLE CULLEY 138KV J1642 POI,Queue-derived study fields,,2026-09-05T04:35:51Z,snapshot_fields,1.0
P::J2319,DPP-2021,East (ITC),Phase 3,,,200.0,0.0,,2026-03-01,2026-03-01,2026-03-01,P::J2319,STEIN 345KV SUBSTATION,Queue-derived study fields,,2026-09-05T04:35:51Z,snapshot_fields,1.0
P::J2320,DPP-2021,South,Phase 3,,,40.0,0.0,,2026-03-01,2026-03-01,2026-03-01,P::J2320,INVERNESS,Queue-derived study fields,,2026-09-05T04:35:51Z,snapshot_fields,1.0
P::J2321,DPP-2022,South,Phase 1,,,180.0,0.0,,2026-03-01,2026-03-01,2026-03-01,P::J2321,COLUMBIA TO PLANT MORROW 161KV,Queue-derived study fields,,2026-09-05T04:35:51Z,snapshot_fields,1.0
P::J2322,DPP-2022,South,Phase 1,,,200.0,0.0,,2026-03-01,2026-03-01,2026-03-01,P::J2322,COUGHLIN PINE PRAIRIE 138 0KV,Queue-derived study fields,,2026-09-05T04:35:51Z,snapshot_fields,1.0
P::J2323,DPP-2022,West,Phase 1,,,145.0,0.0,,2026-03-01,2026-03-01,2026-03-01,P::J2323,WEBSTER LEHIGH 345KV,Queue-derived study fields,,2026-09-05T04:35:51Z,snapshot_fields,1.0
P::J2324,DPP-2022,East (ATC),Phase 1,,,35.0,0.0,,2026-03-01,2026-03-01,2026-03-01,P::J2324,SHIRLAND AVE TAP Y 54 TO SHAW 69KV,Queue-derived study fields,,2026-09-05T04:35:51Z,snapshot_fields,1.0
P::J2325,DPP-2022,South,Phase 1,,,175.0,0.0,,2026-03-01,2026-03-01,2026-03-01,P::J2325,BASTROP TO STERLINGTON 115KV,Queue-derived study fields,,2026-09-05T04:35:51Z,snapshot_fields,1.0
P::J2326,DPP-2022,East (ATC),Phase 1,,,150.0,0.0,,2026-03-01,2026-03-01,2026-03-01,P::J2326,WERNER WEST,Queue-derived study fields,,2026-09-05T04:35:51Z,snapshot_fields,1.0
P::J2327,DPP-2022,West,Phase 1,,,300.0,0.0,,2026-03-01,2026-03-01,2026-03-01,P::J2327,ELLENDALE 345KV,Queue-derived study fields,,2026-09-05T04:35:51Z,snapshot_fields,1.0
P::J2328,DPP-2022,South,Phase 1,,,150.0,0.0,,2026-03-01,2026-03-01,2026-03-01,P::J2328,KEO 500KV,Queue-derived study fields,,2026-09-05T04:35:51Z,snapshot_fields,1.0
P::J2329,DPP-2022,Central,Phase 2,,,100.0,0.0,,2026-03-01,2026-03-01,2026-03-01,P::J2329,WABASH RIVER WHITESVILLE SOUTH 230KV,Queue-derived study fields,,2026-09-05T04:35:51Z,snapshot_fields,1.0
P::J2330,DPP-2022,South,Phase 1,,,200.0,0.0,,2026-03-01,2026-03-01,2026-03-01,P::J2330,GREENWOOD,Queue-derived study fields,,2026-09-05T04:35:51Z,snapshot_fields,1.0
P::J2331,DPP-2022,Central,Phase 2,,,127.0,0.0,,2026-03-01,2026-03-01,2026-03-01,P::J2331,WEST FRANKFORT EAST SUBSTATION 345KV,Queue-derived study fields,,2026-09-05T04:35:51Z,snapshot_fields,1.0
P::J2332,DPP-2022,West,Phase 1,,,200.0,0.0,,2026-03-01,2026-03-01,2026-03-01,P::J2332,LYON COUNTY CEDAR MOUNTAIN 345KV,Queue-derived study fields,,2026-09-05T04:35:51Z,snapshot_fields,1.0
P::J2333,DPP-2022,West,Phase 1,,,200.0,0.0,,2026-03-01,2026-03-01,2026-03-01,P::J2333,ELLENDALE TWIN BROOKS 345KV,Queue-derived study fields,,2026-09-05T04:35:51Z,snapshot_fields,1.0
P::J2334,DPP-2022,Central,Phase 2,,,195.0,0.0,,2026-03-01,2026-03-01,2026-03-01,P::J2334,REDHAWK,Queue-derived study fields,,2026-09-05T04:35:51Z,snapshot_fields,1.0
P::J2335,DPP-2022,East (ATC),Phase 1,,,200.0,0.0,,2026-03-01,2026-03-01,2026-03-01,P::J2335,PLOVER 115KV SUBSTATION J1573 SUBSTATION,Queue-derived study fields,,2026-09-05T04:35:51Z,snapshot_fields,1.0
P::J2336,DPP-2022,South,Phase 1,,,125.0,0.0,,2026-03-01,2026-03-01,2026-03-01,P::J2336,STERLINGTON DOWNSVILLE 115KV LINE,Queue-derived study fields,,2026-09-05T04:35:51Z,snapshot_fields,1.0
P::J2337,DPP-2022,Central,Phase 2,,,100.0,0.0,,2026-03-01,2026-03-01,2026-03-01,P::J2337,ST FRANCOIS 138KV 4ST FRANC 1 BUS 345774,Queue-derived study fields,,2026-09-05T04:35:51Z,snapshot_fields,1.0
P::J2338,DPP-2022,West,Phase 1,,,200.0,0.0,,2026-03-01,2026-03-01,2026-03-01,P::J2338,ELLENDALE TWIN BROOKS 345KV,Queue-derived study fields,,2026-09-05T04:35:51Z,snapshot_fields,1.0
P::J2339,DPP-2022,South,Phase 1,,,125.0,0.0,,2026-03-01,2026-03-01,2026-03-01,P::J2339,COCODRIE FOREST HILL 230KV,Queue-derived study fields,,2026-09-05T04:35:51Z,snapshot_fields,1.0
P::J2340,DPP-2022,Central,Phase 2,,,43.0,0.0,,2026-03-01,2026-03-01,2026-03-01,P::J2340,RUSHVILLE 69KV HEMILROY 69KV,Queue-derived study fields,,2026-09-05T04:35:51Z,snapshot_fields,1.0
P::J2341,DPP-2022,South,Phase 1,,,75.0,0.0,,2026-03-01,2026-03-01,2026-03-01,P::J2341,RICUSKEY WOODWARD 230KV,Queue-derived study fields,,2026-09-05T04:35:51Z,snapshot_fields,1.0
P::J2342,DPP-2022,West,Phase 1,,,230.0,0.0,,2026-03-01,2026-03-01,2026-03-01,P::J2342,WORTH COUNTY,Queue-derived study fields,,2026-09-05T04:35:51Z,snapshot_fields,1.0
P::J2343,DPP-2022,Central,Phase 2,,,130.0,0.0,,2026-03-01,2026-03-01,2026-03-01,P::J2343,GEORGETOWN NORTH 138 0KV,Queue-derived study fields,,2026-09-05T04:35:51Z,snapshot_fields,1.0
P::J2344,DPP-2022,West,Phase 1,,,200.0,0.0,,2026-03-01,2026-03-01,2026-03-01,P::J2344,JAMESTOWN 345KV,Queue-derived study fields,,2026-09-05T04:35:51Z,snapshot_fields,1.0
P::J2345,DPP-2022,East (ATC),Phase 1,,,150.0,0.0,,2026-03-01,2026-03-01,2026-03-01,P::J2345,GARDNER PARK STONE LAKE 345KV,Queue-derived study fields,,2026-09-05T04:35:51Z,snapshot_fields,1.0
P::J2346,DPP-2022,West,Phase 1,,,200.0,0.0,,2026-03-01,2026-03-01,2026-03-01,P::J2346,LYON COUNTY CEDAR MOUNTAIN 345KV,Queue-derived study fields,,2026-09-05T04:35:51Z,snapshot_fields,1.0
P::J2347,DPP-2022,East (ITC),Phase 1,,,40.0,0.0,,2026-03-01,2026-03-01,2026-03-01,P::J2347,HIGGINS MIO DAM 138KV LINE,Queue-derived study fields,,2026-09-05T04:35:51Z,snapshot_fields,1.0
P::J2348,DPP-2022,South,Phase 1,,,225.0,0.0,,2026-03-01,2026-03-01,2026-03-01,P::J2348,MINDEN TO SAREPTA 115KV,Queue-derived study fields,,2026-09-05T04:35:51Z,snapshot_fields,1.0
P::J2349,DPP-2022,Central,Phase 2,,,200.0,0.0,,2026-03-01,2026-03-01,2026-03-01,P::J2349,JACKSON TO CAMPBELL HILL 161KV,Queue-derived study fields,,2026-09-05T04:35:51Z,snapshot_fields,1.0
P::J2350,DPP-2022,South,Phase 1,,,115.5,0.0,,2026-03-01,2026-03-01,2026-03-01,P::J2350,WHITE BLUFF EHV WRIGHTSVILLE 115 0KV,Queue-derived study fields,,2026-09-05T04:35:51Z,snapshot_fields,1.0
P::J2351,DPP-2022,South,Phase 1,,,200.0,0.0,,2026-03-01,2026-03-01,2026-03-01,P::J2351,AECC RECTOR NORTH RECTOR 161KV LINE,Queue-derived study fields,,2026-09-05T04:35:51Z,snapshot_fields,1.0
P::J2352,DPP-2022,West,Phase 1,,,118.0,0.0,,2026-03-01,2026-03-01,2026-03-01,P::J2352,RAUN LEHIGH 345KV,Queue-derived study fields,,2026-09-05T04:35:51Z,snapshot_fields,1.0
P::J2353,DPP-2022,Central,Phase 2,,,190.0,0.0,,2026-03-01,2026-03-01,2026-03-01,P::J2353,REYNOLDS BURR OAK 345 0KV,Queue-derived study fields,,2026-09-05T04:35:51Z,snapshot_fields,1.0
P::J2354,DPP-2022,East (ATC),Phase 1,,,65.0,0.0,,2026-03-01,2026-03-01,2026-03-01,P::J2354,CRIVITZ,Queue-derived study fields,,2026-09-05T04:35:51Z,snapshot_fields,1.0
P::J2355,DPP-2022,Central,Phase 2,,,70.0,0.0,,2026-03-01,2026-03-01,2026-03-01,P::J2355,A TAP ON 4JERSEYVL 4ROODHSE,Queue-derived study fields,,2026-09-05T04:35:51Z,snapshot_fields,1.0
P::J2356,DPP-2022,South,Phase 1,,,200.0,0.0,,2026-03-01,2026-03-01,2026-03-01,P::J2356,CASH NEWPORT AB 161KV LINE,Queue-derived study fields,,2026-09-05T04:35:51Z,snapshot_fields,1.0
P::J2357,DPP-2022,South,Phase 1,,,200.0,0.0,,2026-03-01,2026-03-01,2026-03-01,P::J2357,THIBODAUX 230KV SUBSTATION,Queue-derived study fields,,2026-09-05T04:35:51Z,snapshot_fields,1.0
P::J2358,DPP-2022,South,Phase 1,,,113.98,0.0,,2026-03-01,2026-03-01,2026-03-01,P::J2358,OTHER_,Queue-derived study fields,,2026-09-05T04:35:51Z,snapshot_fields,1.0
P::J2359,DPP-2022,South,Phase 1,,,58.5,0.0,,2026-03-01,2026-03-01,2026-03-01,P::J2359,OTHER_,Queue-derived study fields,,2026-09-05T04:35:51Z,snapshot_fields,1.0
P::J2360,DPP-2022,Central,Phase 2,,,90.0,0.0,,2026-03-01,2026-03-01,2026-03-01,P::J2360,TH PFIZER JCT WORTHINGTON HED,Queue-derived study fields,,2026-09-05T04:35:51Z,snapshot_fields,1.0
P::J2361,DPP-2022,South,Phase 1,,,105.0,0.0,,2026-03-01,2026-03-01,2026-03-01,P::J2361,AECC OPPELO 161KV SUBSTATION,Queue-derived study fields,,2026-09-05T04:35:51Z,snapshot_fields,1.0
P::J2362,DPP-2022,Central,Phase 2,,,100.0,0.0,,2026-03-01,2026-03-01,2026-03-01,P::J2362,VEEDERSBURG WEST 230KV SUBSTATION,Queue-derived study fields,,2026-09-05T04:35:51Z,snapshot_fields,1.0
P::J2363,DPP-2022,West,Phase 1,,,226.0,0.0,,2026-03-01,2026-03-01,2026-03-01,P::J2363,MARSHALLTOWN LAUREL 161KV,Queue-derived study fields,,2026-09-05T04:35:51Z,snapshot_fields,1.0
P::J2364,DPP-2022,West,Phase 1,,,175.0,0.0,,2026-03-01,2026-03-01,2026-03-01,P::J2364,MADISON ORIENT 345KV,Queue-derived study fields,,2026-09-05T04:35:51Z,snapshot_fields,1.0
P::J2365,DPP-2022,East (ATC),Phase 1,,,115.0,0.0,,2026-03-01,2026-03-01,2026-03-01,P::J2365,WERNER WEST ROCKY RUN 345KV,Queue-derived study fields,,2026-09-05T04:35:51Z,snapshot_fields,1.0
P::J2366,DPP-2022,East (ATC),Phase 1,,,160.0,0.0,,2026-03-01,2026-03-01,2026-03-01,P::J2366,WERNER WEST ROCKY RUN 345KV,Queue-derived study fields,,2026-09-05T04:35:51Z,snapshot_fields,1.0
P::J2367,DPP-2022,West,Phase 1,,,250.0,0.0,,2026-03-01,2026-03-01,2026-03-01,P::J2367,ELLENDALE 345KV SS,Queue-derived study fields,,2026-09-05T04:35:51Z,snapshot_fields,1.0
P::J2368,DPP-2022,West,Phase 1,,,250.0,0.0,,2026-03-01,2026-03-01,2026-03-01,P::J2368,ELLENDALE 345KV SS,Queue-derived study fields,,2026-09-05T04:35:51Z,snapshot_fields,1.0
P::J2369,DPP-2022,West,Phase 1,,,300.0,0.0,,2026-03-01,2026-03-01,2026-03-01,P::J2369,MADISON ORIENT 345KV,Queue-derived study fields,,2026-09-05T04:35:51Z,snapshot_fields,1.0
P::J2370,DPP-2022,South,Phase 1,,,100.0,0.0,,2026-03-01,2026-03-01,2026-03-01,P::J2370,BOLTON RAYMOND CAPLINE 115 0KV,Queue-derived study fields,,2026-09-05T04:35:51Z,snapshot_fields,1.0
P::J2371,DPP-2022,South,Phase 1,,,250.0,0.0,,2026-03-01,2026-03-01,2026-03-01,P::J2371,DUNN OAK RIDGE LA 115 0KV,Queue-derived study fields,,2026-09-05T04:35:51Z,snapshot_fields,1.0
P::J2372,DPP-2022,Central,Phase 2,,,200.0,0.0,,2026-03-01,2026-03-01,2026-03-01,P::J2372,BLOOMINGTON BROKAW 138KV SUBSTATION,Queue-derived study fields,,2026-09-05T04:35:51Z,snapshot_fields,1.0
P::J2373,DPP-2022,South,Phase 1,,,40.0,0.0,,2026-03-01,2026-03-01,2026-03-01,P::J2373,230KV GRAYWOOD OR NEW BIG LAKE,Queue-derived study fields,,2026-09-05T04:35:51Z,snapshot_fields,1.0
P::J2374,DPP-2022,East (ITC),Phase 1,,,200.0,0.0,,2026-03-01,2026-03-01,2026-03-01,P::J2374,J1557 SUB,Queue-derived study fields,,2026-09-05T04:35:51Z,snapshot_fields,1.0
P::J2375,DPP-2022,Central,Phase 2,,,100.0,0.0,,2026-03-01,2026-03-01,2026-03-01,P::J2375,FARADAY,Queue-derived study fields,,2026-09-05T04:35:51Z,snapshot_fields,1.0
P::J2376,DPP-2022,Central,Phase 2,,,60.0,0.0,,2026-03-01,2026-03-01,2026-03-01,P::J2376,4PANA 1 4SHELBYVL E 138 0KV,Queue-derived study fields,,2026-09-05T04:35:51Z,snapshot_fields,1.0
P::J2377,DPP-2022,Central,Phase 2,,,300.0,0.0,,2026-03-01,2026-03-01,2026-03-01,P::J2377,7CLINTON 7BROKAW 345 0KV,Queue-derived study fields,,2026-09-05T04:35:51Z,snapshot_fields,1.0
P::J2378,DPP-2022,East (ITC),Phase 1,,,152.0,0.0,,2026-03-01,2026-03-01,2026-03-01,P::J2378,LENOX ST CLAIR 120 0KV,Queue-derived study fields,,2026-09-05T04:35:51Z,snapshot_fields,1.0
P::J2379,DPP-2022,Central,Phase 2,,,200.0,0.0,,2026-03-01,2026-03-01,2026-03-01,P::J2379,XENIA,Queue-derived study fields,,2026-09-05T04:35:51Z,snapshot_fields,1.0
P::J2380,DPP-2022,Central,Phase 2,,,100.0,0.0,,2026-03-01,2026-03-01,2026-03-01,P::J2380,MEADE COUNTY 161KV SUBSTATION,Queue-derived study fields,,2026-09-05T04:35:51Z,snapshot_fields,1.0
P::J2381,DPP-2022,South,Phase 1,,,200.0,0.0,,2026-03-01,2026-03-01,2026-03-01,P::J2381,DOWNSVILLE RUSTON EAST LAGEN 115KV,Queue-derived study fields,,2026-09-05T04:35:51Z,snapshot_fields,1.0
P::J2382,DPP-2022,Central,Phase 2,,,115.0,0.0,,2026-03-01,2026-03-01,2026-03-01,P::J2382,5ADAIR 5THMHIL AECI 161 0KV,Queue-derived study fields,,2026-09-05T04:35:51Z,snapshot_fields,1.0
P::J2383,DPP-2022,Central,Phase 2,,,100.0,0.0,,2026-03-01,2026-03-01,2026-03-01,P::J2383,FARADAY,Queue-derived study fields,,2026-09-05T04:35:51Z,snapshot_fields,1.0
P::J2384,DPP-2022,Central,Phase 2,,,125.0,0.0,,2026-03-01,2026-03-01,2026-03-01,P::J2384,4PANA 1 4SHELBYVL E 138 0KV,Queue-derived study fields,,2026-09-05T04:35:51Z,snapshot_fields,1.0
P::J2385,DPP-2022,South,Phase 1,,,179.0,0.0,,2026-03-01,2026-03-01,2026-03-01,P::J2385,SWARTZ 115KV,Queue-derived study fields,,2026-09-05T04:35:51Z,snapshot_fields,1.0
P::J2386,DPP-2022,South,Phase 1,,,300.0,0.0,,2026-03-01,2026-03-01,2026-03-01,P::J2386,MARKED TREE 161KV,Queue-derived study fields,,2026-09-05T04:35:51Z,snapshot_fields,1.0
P::J2387,DPP-2022,Central,Phase 2,,,50.0,0.0,,2026-03-01,2026-03-01,2026-03-01,P::J2387,STODDARD 161KV SUBSTATION,Queue-derived study fields,,2026-09-05T04:35:51Z,snapshot_fields,1.0
P::J2388,DPP-2022,Central,Phase 2,,,200.0,0.0,,2026-03-01,2026-03-01,2026-03-01,P::J2388,FARADAY,Queue-derived study fields,,2026-09-05T04:35:51Z,snapshot_fields,1.0
P::J2389,DPP-2022,Central,Phase 2,,,150.0,0.0,,2026-03-01,2026-03-01,2026-03-01,P::J2389,MONUMENT,Queue-derived study fields,,2026-09-05T04:35:51Z,snapshot_fields,1.0
P::J2390,DPP-2022,Central,Phase 2,,,350.0,0.0,,2026-03-01,2026-03-01,2026-03-01,P::J2390,IPAVA 138KV,Queue-derived study fields,,2026-09-05T04:35:51Z,snapshot_fields,1.0
P::J2391,DPP-2022,South,Phase 1,,,100.0,0.0,,2026-03-01,2026-03-01,2026-03-01,P::J2391,WEBB 115KV,Queue-derived study fields,,2026-09-05T04:35:51Z,snapshot_fields,1.0
P::J2392,DPP-2022,East (ITC),Phase 1,,,100.0,0.0,,2026-03-01,2026-03-01,2026-03-01,P::J2392,PERE MARQUETTE 138KV,Queue-derived study fields,,2026-09-05T04:35:51Z,snapshot_fields,1.0
P::J2393,DPP-2022,Central,Phase 2,,,164.0,0.0,,2026-03-01,2026-03-01,2026-03-01,P::J2393,KANSAS WEST SUBSTATION 138KV,Queue-derived study fields,,2026-09-05T04:35:51Z,snapshot_fields,1.0
P::J2394,DPP-2022,South,Phase 1,,,200.0,0.0,,2026-03-01,2026-03-01,2026-03-01,P::J2394,INDEPENDENCE ISES POWERLINE ROAD 500KV,Queue-derived study fields,,2026-09-05T04:35:51Z,snapshot_fields,1.0
P::J2395,DPP-2022,South,Phase 1,,,500.0,0.0,,2026-03-01,2026-03-01,2026-03-01,P::J2395,SHERIDAN EHV EL DORADO EHV 500 0KV,Queue-derived study fields,,2026-09-05T04:35:51Z,snapshot_fields,1.0
P::J2396,DPP-2022,South,Phase 1,,,400.0,0.0,,2026-03-01,2026-03-01,2026-03-01,P::J2396,SHERIDAN EHV EL DORADO EHV 500 0KV,Queue-derived study fields,,2026-09-05T04:35:51Z,snapshot_fields,1.0
P::J2397,DPP-2022,South,Phase 1,,,160.0,0.0,,2026-03-01,2026-03-01,2026-03-01,P::J2397,SHERIDAN EHV EL DORADO EHV 500 0KV,Queue-derived study fields,,2026-09-05T04:35:51Z,snapshot_fields,1.0
P::J2398,DPP-2022,South,Phase 1,,,160.0,0.0,,2026-03-01,2026-03-01,2026-03-01,P::J2398,INDEPENDENCE ISES POWERLINE ROAD 500KV,Queue-derived study fields,,2026-09-05T04:35:51Z,snapshot_fields,1.0
P::J2399,DPP-2022,South,Phase 1,,,500.0,0.0,,2026-03-01,2026-03-01,2026-03-01,P::J2399,INDEPENDENCE ISES POWERLINE ROAD 500KV,Queue-derived study fields,,2026-09-05T04:35:51Z,snapshot_fields,1.0
P::J2400,DPP-2022,South,Phase 1,,,120.0,0.0,,2026-03-01,2026-03-01,2026-03-01,P::J2400,SAILES SUBSTATION 115KV,Queue-derived study fields,,2026-09-05T04:35:51Z,snapshot_fields,1.0
P::J2401,DPP-2022,Central,Phase 2,,,150.0,0.0,,2026-03-01,2026-03-01,2026-03-01,P::J2401,7W_FRFT_E 7SHAWNEE FP 345 0KV,Queue-derived study fields,,2026-09-05T04:35:51Z,snapshot_fields,1.0
P::J2402,DPP-2022,Central,Phase 2,,,200.0,0.0,,2026-03-01,2026-03-01,2026-03-01,P::J2402,7W_FRFT_E 7SHAWNEE FP 345 0KV,Queue-derived study fields,,2026-09-05T04:35:51Z,snapshot_fields,1.0
P::J2403,DPP-2022,Central,Phase 2,,,200.0,0.0,,2026-03-01,2026-03-01,2026-03-01,P::J2403,7JORD 7MASS 345 0KV,Queue-derived study fields,,2026-09-05T04:35:51Z,snapshot_fields,1.0
P::J2404,DPP-2022,South,Phase 1,,,38.81,-0.02577319587630185,,2026-03-01,2026-03-01,2026-03-01,P::J2404,EAST,Queue-derived study fields,,2026-09-05T04:35:51Z,snapshot_fields,1.0
P::J2405,DPP-2022,South,Phase 1,,,200.0,0.0,,2026-03-01,2026-03-01,2026-03-01,P::J2405,PETERS ROAD 230KV SUBSTATION,Queue-derived study fields,,2026-09-05T04:35:51Z,snapshot_fields,1.0
P::J2406,DPP-2022,South,Phase 1,,,200.0,0.0,,2026-03-01,2026-03-01,2026-03-01,P::J2406,PICKENS CANTON 230KV,Queue-derived study fields,,2026-09-05T04:35:51Z,snapshot_fields,1.0
P::J2407,DPP-2022,Central,Phase 2,,,198.0,0.0,,2026-03-01,2026-03-01,2026-03-01,P::J2407,DRESSER MEROM HED 345KV LINE BREAK,Queue-derived study fields,,2026-09-05T04:35:51Z,snapshot_fields,1.0
P::J2408,DPP-2022,Central,Phase 2,,,100.0,0.0,,2026-03-01,2026-03-01,2026-03-01,P::J2408,FAIRVIEW 138KV SUBSTATION,Queue-derived study fields,,2026-09-05T04:35:51Z,snapshot_fields,1.0
P::J2409,DPP-2022,South,Phase 1,,,150.0,0.0,,2026-03-01,2026-03-01,2026-03-01,P::J2409,INDEPENDENCE ISES 500KV SUBSTATION,Queue-derived study fields,,2026-09-05T04:35:51Z,snapshot_fields,1.0
P::J2410,DPP-2022,West,Phase 1,,,300.0,0.0,,2026-03-01,2026-03-01,2026-03-01,P::J2410,PONY CREEK ROLLING HILLS WIND 345KV,Queue-derived study fields,,2026-09-05T04:35:51Z,snapshot_fields,1.0
P::J2411,DPP-2022,South,Phase 1,,,80.0,0.0,,2026-03-01,2026-03-01,2026-03-01,P::J2411,RED RIVER MANSFIELD 138KV,Queue-derived study fields,,2026-09-05T04:35:51Z,snapshot_fields,1.0
P::J2412,DPP-2022,South,Phase 1,,,100.0,0.0,,2026-03-01,2026-03-01,2026-03-01,P::J2412,LR ALEXANDER 115KV,Queue-derived study fields,,2026-09-05T04:35:51Z,snapshot_fields,1.0
P::J2413,DPP-2022,Central,Phase 2,,,150.0,0.0,,2026-03-01,2026-03-01,2026-03-01,P::J2413,HOOPESTON WEST 138KV,Queue-derived study fields,,2026-09-05T04:35:51Z,snapshot_fields,1.0
P::J2414,DPP-2022,Central,Phase 2,,,150.0,0.0,,2026-03-01,2026-03-01,2026-03-01,P::J2414,HOOPESTON 138KV,Queue-derived study fields,,2026-09-05T04:35:51Z,snapshot_fields,1.0
P::J2415,DPP-2022,South,Phase 1,,,75.0,0.0,,2026-03-01,2026-03-01,2026-03-01,P::J2415,RICHARD 138KV,Queue-derived study fields,,2026-09-05T04:35:51Z,snapshot_fields,1.0
P::J2416,DPP-2022,West,Phase 1,,,125.0,0.0,,2026-03-01,2026-03-01,2026-03-01,P::J2416,NORTH ROCHESTER BRIGGS ROAD 345KV,Queue-derived study fields,,2026-09-05T04:35:51Z,snapshot_fields,1.0
P::J2417,DPP-2022,West,Phase 1,,,300.0,0.0,,2026-03-01,2026-03-01,2026-03-01,P::J2417,NORTH ROCHESTER BRIGGS ROAD 345KV,Queue-derived study fields,,2026-09-05T04:35:51Z,snapshot_fields,1.0
P::J2418,DPP-2022,Central,Phase 2,,,140.0,0.0,,2026-03-01,2026-03-01,2026-03-01,P::J2418,BURR OAK 138KV,Queue-derived study fields,,2026-09-05T04:35:51Z,snapshot_fields,1.0
P::J2419,DPP-2022,West,Phase 1,,,300.0,0.0,,2026-03-01,2026-03-01,2026-03-01,P::J2419,HUNTLEY 345KV,Queue-derived study fields,,2026-09-05T04:35:51Z,snapshot_fields,1.0
P::J2420,DPP-2022,West,Phase 1,,,95.0,0.0,,2026-03-01,2026-03-01,2026-03-01,P::J2420,HUNTLEY 345KV,Queue-derived study fields,,2026-09-05T04:35:51Z,snapshot_fields,1.0
P::J2421,DPP-2022,Central,Phase 2,,,200.0,0.0,,2026-03-01,2026-03-01,2026-03-01,P::J2421,GREENSBORO GWYNNEVILLE 345KV,Queue-derived study fields,,2026-09-05T04:35:51Z,snapshot_fields,1.0
P::J2422,DPP-2022,Central,Phase 2,,,200.0,0.0,,2026-03-01,2026-03-01,2026-03-01,P::J2422,BALDWIN,Queue-derived study fields,,2026-09-05T04:35:51Z,snapshot_fields,1.0
P::J2423,DPP-2022,East (ATC),Phase 1,,,300.0,0.0,,2026-03-01,2026-03-01,2026-03-01,P::J2423,COLUMBIA NORTH MADISON 345KV,Queue-derived study fields,,2026-09-05T04:35:51Z,snapshot_fields,1.0
P::J2424,DPP-2022,South,Phase 1,,,100.0,0.0,,2026-03-01,2026-03-01,2026-03-01,P::J2424,MANUEL 138KV,Queue-derived study fields,,2026-09-05T04:35:51Z,snapshot_fields,1.0
P::J2425,DPP-2022,Central,Phase 2,,,150.0,0.0,,2026-03-01,2026-03-01,2026-03-01,P::J2425,7ENON 7MONTGMRY 345KV,Queue-derived study fields,,2026-09-05T04:35:51Z,snapshot_fields,1.0
P::J2426,DPP-2022,Central,Phase 2,,,200.0,0.0,,2026-03-01,2026-03-01,2026-03-01,P::J2426,KINMUNDY 138KV,Queue-derived study fields,,2026-09-05T04:35:51Z,snapshot_fields,1.0
P::J2427,DPP-2022,Central,Phase 2,,,200.0,0.0,,2026-03-01,2026-03-01,2026-03-01,P::J2427,KINMUNDY 138KV,Queue-derived study fields,,2026-09-05T04:35:51Z,snapshot_fields,1.0
P::J2428,DPP-2022,South,Phase 1,,,100.0,0.0,,2026-03-01,2026-03-01,2026-03-01,P::J2428,CLARKSDALE 115KV,Queue-derived study fields,,2026-09-05T04:35:51Z,snapshot_fields,1.0
P::J2429,DPP-2022,East (ATC),Phase 1,,,50.0,0.0,,2026-03-01,2026-03-01,2026-03-01,P::J2429,NORTH MADISON 69KV SUBSTATION,Queue-derived study fields,,2026-09-05T04:35:51Z,snapshot_fields,1.0
P::J2430,DPP-2022,South,Phase 1,,,80.0,0.0,,2026-03-01,2026-03-01,2026-03-01,P::J2430,RED GUM 115KV,Queue-derived study fields,,2026-09-05T04:35:51Z,snapshot_fields,1.0
P::J2431,DPP-2022,South,Phase 1,,,150.0,0.0,,2026-03-01,2026-03-01,2026-03-01,P::J2431,WEST MEMPHIS GENPOWER KEO 500KV LINE BREAK LOCATED AT CHALKBLUFFPV 500KV POI SS CO LOCATED WITH,Queue-derived study fields,,2026-09-05T04:35:51Z,snapshot_fields,1.0
P::J2432,DPP-2022,South,Phase 1,,,150.0,0.0,,2026-03-01,2026-03-01,2026-03-01,P::J2432,LULA TUNICA 115KV,Queue-derived study fields,,2026-09-05T04:35:51Z,snapshot_fields,1.0
P::J2433,DPP-2022,West,Phase 1,,,150.0,0.0,,2026-03-01,2026-03-01,2026-03-01,P::J2433,WING RIVER RIVERTON 230KV,Queue-derived study fields,,2026-09-05T04:35:51Z,snapshot_fields,1.0
P::J2434,DPP-2022,Central,Phase 2,,,150.0,0.0,,2026-03-01,2026-03-01,2026-03-01,P::J2434,HOOPESTON WEST 138KV,Queue-derived study fields,,2026-09-05T04:35:51Z,snapshot_fields,1.0
P::J2435,DPP-2022,West,Phase 1,,,150.0,0.0,,2026-03-01,2026-03-01,2026-03-01,P::J2435,WEBSTER WRIGHT 161KV,Queue-derived study fields,,2026-09-05T04:35:51Z,snapshot_fields,1.0
P::J2436,DPP-2022,West,Phase 1,,,300.0,0.0,,2026-03-01,2026-03-01,2026-03-01,P::J2436,WEBSTER LEHIGH 345KV,Queue-derived study fields,,2026-09-05T04:35:51Z,snapshot_fields,1.0
P::J2437,DPP-2022,South,Phase 1,,,175.0,0.0,,2026-03-01,2026-03-01,2026-03-01,P::J2437,BRINKLEY EAST AECC AUBREY 230 0KV,Queue-derived study fields,,2026-09-05T04:35:51Z,snapshot_fields,1.0
P::J2438,DPP-2022,Central,Phase 2,,,150.0,0.0,,2026-03-01,2026-03-01,2026-03-01,P::J2438,7MONTGMRY 7ENON 345KV,Queue-derived study fields,,2026-09-05T04:35:51Z,snapshot_fields,1.0
P::J2439,DPP-2022,East (ATC),Phase 1,,,50.0,0.0,,2026-03-01,2026-03-01,2026-03-01,P::J2439,GARDNER PARK STONE LAKE 345KV,Queue-derived study fields,,2026-09-05T04:35:51Z,snapshot_fields,1.0
P::J2440,DPP-2022,Central,Phase 2,,,100.0,0.0,,2026-03-01,2026-03-01,2026-03-01,P::J2440,GOODLAND MORRISON DITCH 138 0KV,Queue-derived study fields,,2026-09-05T04:35:51Z,snapshot_fields,1.0
P::J2441,DPP-2022,South,Phase 1,,,250.0,0.0,,2026-03-01,2026-03-01,2026-03-01,P::J2441,WEST BAY CENTENNIAL 138KV,Queue-derived study fields,,2026-09-05T04:35:51Z,snapshot_fields,1.0
P::J2442,DPP-2022,Central,Phase 2,,,84.0,0.0,,2026-03-01,2026-03-01,2026-03-01,P::J2442,BATESVILLE 138KV,Queue-derived study fields,,2026-09-05T04:35:51Z,snapshot_fields,1.0
P::J2443,DPP-2022,Central,Phase 2,,,500.0,0.0,,2026-03-01,2026-03-01,2026-03-01,P::J2443,LEESBURG 345KV,Queue-derived study fields,,2026-09-05T04:35:51Z,snapshot_fields,1.0
P::J2444,DPP-2022,East (ITC),Phase 1,,,220.0,0.0,,2026-03-01,2026-03-01,2026-03-01,P::J2444,ARGENTA TWIN BRANCH 345 0KV,Queue-derived study fields,,2026-09-05T04:35:51Z,snapshot_fields,1.0
P::J2445,DPP-2022,West,Phase 1,,,50.0,0.0,,2026-03-01,2026-03-01,2026-03-01,P::J2445,KARMA 161KV,Queue-derived study fields,,2026-09-05T04:35:51Z,snapshot_fields,1.0
P::J2446,DPP-2022,West,Phase 1,,,300.0,0.0,,2026-03-01,2026-03-01,2026-03-01,P::J2446,ALLEN S KING EAU CLAIRE 345 0KV,Queue-derived study fields,,2026-09-05T04:35:51Z,snapshot_fields,1.0
P::J2447,DPP-2022,West,Phase 1,,,200.0,0.0,,2026-03-01,2026-03-01,2026-03-01,P::J2447,CEDAR MOUNTAIN LYON COUNTY 345 0KV,Queue-derived study fields,,2026-09-05T04:35:51Z,snapshot_fields,1.0
P::J2448,DPP-2022,South,Phase 1,,,100.0,0.0,,2026-03-01,2026-03-01,2026-03-01,P::J2448,HAYNESVILLE SOUTH TO SAREPTA 115KV,Queue-derived study fields,,2026-09-05T04:35:51Z,snapshot_fields,1.0
P::J2449,DPP-2022,South,Phase 1,,,200.0,0.0,,2026-03-01,2026-03-01,2026-03-01,P::J2449,MAYFLOWER EHV 500KV,Queue-derived study fields,,2026-09-05T04:35:51Z,snapshot_fields,1.0
P::J2450,DPP-2022,Central,Phase 2,,,100.0,0.0,,2026-03-01,2026-03-01,2026-03-01,P::J2450,WESTWOOD 345KV,Queue-derived study fields,,2026-09-05T04:35:51Z,snapshot_fields,1.0
P::J2451,DPP-2022,South,Phase 1,,,200.0,0.0,,2026-03-01,2026-03-01,2026-03-01,P::J2451,GERALD ANDRUS SES SWITCHYARD LAKE VILLAGE BAGBY 230KV,Queue-derived study fields,,2026-09-05T04:35:51Z,snapshot_fields,1.0
P::J2452,DPP-2022,South,Phase 1,,,500.0,0.0,,2026-03-01,2026-03-01,2026-03-01,P::J2452,SHERIDAN EHV EL DORADO EHV 500KV,Queue-derived study fields,,2026-09-05T04:35:51Z,snapshot_fields,1.0
P::J2453,DPP-2022,Central,Phase 2,,,100.0,0.0,,2026-03-01,2026-03-01,2026-03-01,P::J2453,CASEY WEST 345KV,Queue-derived study fields,,2026-09-05T04:35:51Z,snapshot_fields,1.0
P::J2454,DPP-2022,East (ITC),Phase 1,,,150.0,0.0,,2026-03-01,2026-03-01,2026-03-01,P::J2454,EUREKA VESTABURG 138KV,Queue-derived study fields,,2026-09-05T04:35:51Z,snapshot_fields,1.0
P::J2455,DPP-2022,West,Phase 1,,,92.0,0.0,,2026-03-01,2026-03-01,2026-03-01,P::J2455,FRENCH ISLAND,Queue-derived study fields,,2026-09-05T04:35:51Z,snapshot_fields,1.0
P::J2456,DPP-2022,South,Phase 1,,,100.0,0.0,,2026-03-01,2026-03-01,2026-03-01,P::J2456,AECC AUBREY RITCHIE SES SWITCHYARD 230KV,Queue-derived study fields,,2026-09-05T04:35:51Z,snapshot_fields,1.0
P::J2457,DPP-2022,South,Phase 1,,,40.0,0.0,,2026-03-01,2026-03-01,2026-03-01,P::J2457,PATERSON,Queue-derived study fields,,2026-09-05T04:35:51Z,snapshot_fields,1.0
P::J2458,DPP-2022,South,Phase 1,,,100.0,0.0,,2026-03-01,2026-03-01,2026-03-01,P::J2458,PLEASANT HILL 500KV SUBSTATION,Queue-derived study fields,,2026-09-05T04:35:51Z,snapshot_fields,1.0
P::J2459,DPP-2022,South,Phase 1,,,100.0,0.0,,2026-03-01,2026-03-01,2026-03-01,P::J2459,WHITE BLUFF EHV 500KV,Queue-derived study fields,,2026-09-05T04:35:51Z,snapshot_fields,1.0
P::J2460,DPP-2022,South,Phase 1,,,100.0,0.0,,2026-03-01,2026-03-01,2026-03-01,P::J2460,WHITE BLUFF EHV 500KV,Queue-derived study fields,,2026-09-05T04:35:51Z,snapshot_fields,1.0
P::J2461,DPP-2022,Central,Phase 2,,,100.0,0.0,,2026-03-01,2026-03-01,2026-03-01,P::J2461,PANA 138KV,Queue-derived study fields,,2026-09-05T04:35:51Z,snapshot_fields,1.0
P::J2462,DPP-2022,West,Phase 1,,,200.0,0.0,,2026-03-01,2026-03-01,2026-03-01,P::J2462,LEDYARD COLBY 345KV,Queue-derived study fields,,2026-09-05T04:35:51Z,snapshot_fields,1.0
P::J2463,DPP-2022,Central,Phase 2,,,200.0,0.0,,2026-03-01,2026-03-01,2026-03-01,P::J2463,BALDWIN,Queue-derived study fields,,2026-09-05T04:35:51Z,snapshot_fields,1.0
P::J2464,DPP-2022,West,Phase 1,,,200.0,0.0,,2026-03-01,2026-03-01,2026-03-01,P::J2464,LEDYARD COLBY 345KV,Queue-derived study fields,,2026-09-05T04:35:51Z,snapshot_fields,1.0
P::J2465,DPP-2022,Central,Phase 2,,,200.0,0.0,,2026-03-01,2026-03-01,2026-03-01,P::J2465,GOOSE CREEK ENERGY CENTER TO MAROA EAST 345KV,Queue-derived study fields,,2026-09-05T04:35:51Z,snapshot_fields,1.0
P::J2466,DPP-2022,West,Phase 1,,,130.0,0.0,,2026-03-01,2026-03-01,2026-03-01,P::J2466,HAZLETON MITCHELL COUNTY 345KV LINE,Queue-derived study fields,,2026-09-05T04:35:51Z,snapshot_fields,1.0
P::J2467,DPP-2022,South,Phase 1,,,105.0,0.0,,2026-03-01,2026-03-01,2026-03-01,P::J2467,MANUEL 138KV,Queue-derived study fields,,2026-09-05T04:35:51Z,snapshot_fields,1.0
P::J2468,DPP-2022,South,Phase 1,,,130.0,0.0,,2026-03-01,2026-03-01,2026-03-01,P::J2468,EL DORADO EAST 115KV,Queue-derived study fields,,2026-09-05T04:35:51Z,snapshot_fields,1.0
P::J2469,DPP-2022,West,Phase 1,,,300.0,0.0,,2026-03-01,2026-03-01,2026-03-01,P::J2469,SUB K TIFFIN DUANE ARNOLD 345KV,Queue-derived study fields,,2026-09-05T04:35:51Z,snapshot_fields,1.0
P::J2470,DPP-2022,South,Phase 1,,,100.0,0.0,,2026-03-01,2026-03-01,2026-03-01,P::J2470,DONAHUE MARKSVILLE 138KV,Queue-derived study fields,,2026-09-05T04:35:51Z,snapshot_fields,1.0
P::J2471,DPP-2022,East (ITC),Phase 1,,,100.0,0.0,,2026-03-01,2026-03-01,2026-03-01,P::J2471,BEECHER CEMENT CITY 138KV,Queue-derived study fields,,2026-09-05T04:35:51Z,snapshot_fields,1.0
P::J2472,DPP-2022,Central,Phase 2,,,200.0,0.0,,2026-03-01,2026-03-01,2026-03-01,P::J2472,GIBSON STA MEROM HED 345 0KV,Queue-derived study fields,,2026-09-05T04:35:51Z,snapshot_fields,1.0
P::J2473,DPP-2022,Central,Phase 2,,,150.0,0.0,,2026-03-01,2026-03-01,2026-03-01,P::J2473,HANNA 138KV,Queue-derived study fields,,2026-09-05T04:35:51Z,snapshot_fields,1.0
P::J2474,DPP-2022,Central,Phase 2,,,100.0,0.0,,2026-03-01,2026-03-01,2026-03-01,P::J2474,4AUSTIN 4VIRDEN 138 0KV,Queue-derived study fields,,2026-09-05T04:35:51Z,snapshot_fields,1.0
P::J2475,DPP-2022,East (ITC),Phase 1,,,200.0,0.0,,2026-03-01,2026-03-01,2026-03-01,P::J2475,TOLL RD 120KV,Queue-derived study fields,,2026-09-05T04:35:51Z,snapshot_fields,1.0
P::J2476,DPP-2022,Central,Phase 2,,,150.0,0.0,,2026-03-01,2026-03-01,2026-03-01,P::J2476,OTEGO 138KV,Queue-derived study fields,,2026-09-05T04:35:51Z,snapshot_fields,1.0
P::J2477,DPP-2022,South,Phase 1,,,600.0,0.0,,2026-03-01,2026-03-01,2026-03-01,P::J2477,WEST MEMPHIS EHV KEO EHV 500 0KV,Queue-derived study fields,,2026-09-05T04:35:51Z,snapshot_fields,1.0
P::J2478,DPP-2022,South,Phase 1,,,550.0,0.0,,2026-03-01,2026-03-01,2026-03-01,P::J2478,INDEPENDENCE ISES POWERLINE ROAD 500 0KV,Queue-derived study fields,,2026-09-05T04:35:51Z,snapshot_fields,1.0
P::J2479,DPP-2022,South,Phase 1,,,140.0,0.0,,2026-03-01,2026-03-01,2026-03-01,P::J2479,RED GUM TO METROPOLIS 115KV,Queue-derived study fields,,2026-09-05T04:35:51Z,snapshot_fields,1.0
P::J2480,DPP-2022,Central,Phase 2,,,75.0,0.0,,2026-03-01,2026-03-01,2026-03-01,P::J2480,REID TO DAVIESS COUNTY 161KV,Queue-derived study fields,,2026-09-05T04:35:51Z,snapshot_fields,1.0
P::J2481,DPP-2022,West,Phase 1,,,300.0,0.0,,2026-03-01,2026-03-01,2026-03-01,P::J2481,WEBSTER IRVINGTON 345KV,Queue-derived study fields,,2026-09-05T04:35:51Z,snapshot_fields,1.0
P::J2482,DPP-2022,South,Phase 1,,,300.0,0.0,,2026-03-01,2026-03-01,2026-03-01,P::J2482,WEST MEMPHIS EHV KEO EHV 500 0KV,Queue-derived study fields,,2026-09-05T04:35:51Z,snapshot_fields,1.0
P::J2483,DPP-2022,South,Phase 1,,,105.0,0.0,,2026-03-01,2026-03-01,2026-03-01,P::J2483,GILLSBURG SS CE LIBERTY115KV,Queue-derived study fields,,2026-09-05T04:35:51Z,snapshot_fields,1.0
P::J2484,DPP-2022,East (ITC),Phase 1,,,100.0,0.0,,2026-03-01,2026-03-01,2026-03-01,P::J2484,OTHER_,Queue-derived study fields,,2026-09-05T04:35:51Z,snapshot_fields,1.0
P::J2485,DPP-2022,East (ITC),Phase 1,,,180.0,10.0,,2026-03-01,2026-03-01,2026-03-01,P::J2485,BLACKFOOT MADRID 345 0KV,Queue-derived study fields,,2026-09-05T04:35:51Z,snapshot_fields,1.0
P::J2486,DPP-2022,East (ITC),Phase 1,,,85.0,57.49999999999999,,2026-03-01,2026-03-01,2026-03-01,P::J2486,LALLENDORF MONROE 345 0KV,Queue-derived study fields,,2026-09-05T04:35:51Z,snapshot_fields,1.0
P::J2487,DPP-2022,East (ITC),Phase 1,,,200.0,0.0,,2026-03-01,2026-03-01,2026-03-01,P::J2487,GALLAGHER TITTABAWASSEE 345KV TRANSMISSION LINE,Queue-derived study fields,,2026-09-05T04:35:51Z,snapshot_fields,1.0
P::J2488,DPP-2022,East (ITC),Phase 1,,,150.0,0.0,,2026-03-01,2026-03-01,2026-03-01,P::J2488,ALMEDA JUNCTION SHALE 138KV,Queue-derived study fields,,2026-09-05T04:35:51Z,snapshot_fields,1.0
P::J2489,DPP-2022,South,Phase 1,,,140.0,0.0,,2026-03-01,2026-03-01,2026-03-01,P::J2489,WESTERN KRAFT LAYFIELD 230KV,Queue-derived study fields,,2026-09-05T04:35:51Z,snapshot_fields,1.0
P::J2490,DPP-2022,East (ITC),Phase 1,,,125.0,0.0,,2026-03-01,2026-03-01,2026-03-01,P::J2490,TUSCOLA ARROWHEAD 120KV TRANSMISSION LINE,Queue-derived study fields,,2026-09-05T04:35:51Z,snapshot_fields,1.0
P::J2491,DPP-2022,East (ITC),Phase 1,,,100.0,0.0,,2026-03-01,2026-03-01,2026-03-01,P::J2491,EDENVILLE PRICE RD JCT 138KV,Queue-derived study fields,,2026-09-05T04:35:51Z,snapshot_fields,1.0
P::J2492,DPP-2022,West,Phase 1,,,300.0,0.0,,2026-03-01,2026-03-01,2026-03-01,P::J2492,WAHPETON 230KV,Queue-derived study fields,,2026-09-05T04:35:51Z,snapshot_fields,1.0
P::J2493,DPP-2022,East (ITC),Phase 1,,,184.0,0.0,,2026-03-01,2026-03-01,2026-03-01,P::J2493,GALLAGHER TITTABAWASSEE 345KV,Queue-derived study fields,,2026-09-05T04:35:51Z,snapshot_fields,1.0
P::J2494,DPP-2022,East (ITC),Phase 1,,,178.0,0.0,,2026-03-01,2026-03-01,2026-03-01,P::J2494,CLARE JCT TO VERNON JCT 138KV,Queue-derived study fields,,2026-09-05T04:35:51Z,snapshot_fields,1.0
P::J2495,DPP-2022,West,Phase 1,,,100.0,0.0,,2026-03-01,2026-03-01,2026-03-01,P::J2495,BENTON COUNTY 115KV,Queue-derived study fields,,2026-09-05T04:35:51Z,snapshot_fields,1.0
P::J2496,DPP-2022,Central,Phase 2,,,400.0,0.0,,2026-03-01,2026-03-01,2026-03-01,P::J2496,REYNOLDS 345KV SUBSTATION,Queue-derived study fields,,2026-09-05T04:35:51Z,snapshot_fields,1.0
P::J2497,DPP-2022,Central,Phase 2,,,300.0,0.0,,2026-03-01,2026-03-01,2026-03-01,P::J2497,WEST MT VERNON,Queue-derived study fields,,2026-09-05T04:35:51Z,snapshot_fields,1.0
P::J2498,DPP-2022,Central,Phase 2,,,250.0,0.0,,2026-03-01,2026-03-01,2026-03-01,P::J2498,HORTONVILLE NOBLESVILLE LINE 345KV,Queue-derived study fields,,2026-09-05T04:35:51Z,snapshot_fields,1.0
P::J2499,DPP-2022,East (ITC),Phase 1,,,100.0,0.0,,2026-03-01,2026-03-01,2026-03-01,P::J2499,BLENDON 138KV,Queue-derived study fields,,2026-09-05T04:35:51Z,snapshot_fields,1.0
P::J2500,DPP-2022,South,Phase 1,,,175.0,0.0,,2026-03-01,2026-03-01,2026-03-01,P::J2500,BON WIER TO COOPER 138KV,Queue-derived study fields,,2026-09-05T04:35:51Z,snapshot_fields,1.0
P::J2501,DPP-2022,West,Phase 1,,,150.0,0.0,,2026-03-01,2026-03-01,2026-03-01,P::J2501,NORTH ROCHESTER,Queue-derived study fields,,2026-09-05T04:35:51Z,snapshot_fields,1.0
P::J2502,DPP-2022,West,Phase 1,,,150.0,0.0,,2026-03-01,2026-03-01,2026-03-01,P::J2502,SQUARE BUTTE 230KV SUBSTATION EAST,Queue-derived study fields,,2026-09-05T04:35:51Z,snapshot_fields,1.0
P::J2503,DPP-2022,South,Phase 1,,,100.0,0.0,,2026-03-01,2026-03-01,2026-03-01,P::J2503,DOWNSVILLE RUSTON EAST 115KV,Queue-derived study fields,,2026-09-05T04:35:51Z,snapshot_fields,1.0
P::J2504,DPP-2022,Central,Phase 2,,,300.0,0.0,,2026-03-01,2026-03-01,2026-03-01,P::J2504,MATTOON EAST 138KV,Queue-derived study fields,,2026-09-05T04:35:51Z,snapshot_fields,1.0
P::J2505,DPP-2022,South,Phase 1,,,250.0,0.0,,2026-03-01,2026-03-01,2026-03-01,P::J2505,BON WIER TO COOPER 138KV,Queue-derived study fields,,2026-09-05T04:35:51Z,snapshot_fields,1.0
P::J2506,DPP-2022,Central,Phase 2,,,100.0,0.0,,2026-03-01,2026-03-01,2026-03-01,P::J2506,5BOLSTAD 161KV SUBSTATION,Queue-derived study fields,,2026-09-05T04:35:51Z,snapshot_fields,1.0
P::J2507,DPP-2022,Central,Phase 2,,,250.0,0.0,,2026-03-01,2026-03-01,2026-03-01,P::J2507,GIBSON STA TO PETERSBURG IP L 345KV,Queue-derived study fields,,2026-09-05T04:35:51Z,snapshot_fields,1.0
P::J2508,DPP-2022,South,Phase 1,,,300.0,0.0,,2026-03-01,2026-03-01,2026-03-01,P::J2508,EL DORADO EHV SAREPTA 345KV,Queue-derived study fields,,2026-09-05T04:35:51Z,snapshot_fields,1.0
P::J2509,DPP-2022,Central,Phase 2,,,200.0,0.0,,2026-03-01,2026-03-01,2026-03-01,P::J2509,WESTWOOD 345KV,Queue-derived study fields,,2026-09-05T04:35:51Z,snapshot_fields,1.0
P::J2510,DPP-2022,South,Phase 1,,,350.0,0.0,,2026-03-01,2026-03-01,2026-03-01,P::J2510,STUTTGART RCUSKEY WOODWARD 230KV,Queue-derived study fields,,2026-09-05T04:35:51Z,snapshot_fields,1.0
P::J2511,DPP-2022,South,Phase 1,,,85.0,0.0,,2026-03-01,2026-03-01,2026-03-01,P::J2511,PLEASANT HILL 500KV SUBSTATION,Queue-derived study fields,,2026-09-05T04:35:51Z,snapshot_fields,1.0
P::J2512,DPP-2022,Central,Phase 2,,,173.0,0.0,,2026-03-01,2026-03-01,2026-03-01,P::J2512,LEESBURG 345KV,Queue-derived study fields,,2026-09-05T04:35:51Z,snapshot_fields,1.0
P::J2513,DPP-2022,Central,Phase 2,,,220.0,0.0,,2026-03-01,2026-03-01,2026-03-01,P::J2513,WABASH RIVER WHITESVILLE SOUTH 230KV,Queue-derived study fields,,2026-09-05T04:35:51Z,snapshot_fields,1.0
P::J2514,DPP-2022,Central,Phase 2,,,100.0,0.0,,2026-03-01,2026-03-01,2026-03-01,P::J2514,GIBSON STA TO PETERSBURG IP L 345KV,Queue-derived study fields,,2026-09-05T04:35:51Z,snapshot_fields,1.0
P::J2515,DPP-2022,South,Phase 1,,,300.0,0.0,,2026-03-01,2026-03-01,2026-03-01,P::J2515,WHITE BLUFF EHV 500KV,Queue-derived study fields,,2026-09-05T04:35:51Z,snapshot_fields,1.0
P::J2516,DPP-2022,South,Phase 1,,,300.0,0.0,,2026-03-01,2026-03-01,2026-03-01,P::J2516,WHITE BLUFF EHV 500KV,Queue-derived study fields,,2026-09-05T04:35:51Z,snapshot_fields,1.0
P::J2517,DPP-2022,South,Phase 1,,,100.0,0.0,,2026-03-01,2026-03-01,2026-03-01,P::J2517,AECC AUBREY TO BRINKLEY EAST 230KV,Queue-derived study fields,,2026-09-05T04:35:51Z,snapshot_fields,1.0
P::J2518,DPP-2022,West,Phase 1,,,200.0,0.0,,2026-03-01,2026-03-01,2026-03-01,P::J2518,JAMESTOWN 345KV,Queue-derived study fields,,2026-09-05T04:35:51Z,snapshot_fields,1.0
P::J2519,DPP-2022,South,Phase 1,,,600.0,0.0,,2026-03-01,2026-03-01,2026-03-01,P::J2519,SMALLING,Queue-derived study fields,,2026-09-05T04:35:51Z,snapshot_fields,1.0
P::J2520,DPP-2022,East (ATC),Phase 1,,,200.0,0.0,,2026-03-01,2026-03-01,2026-03-01,P::J2520,SARATOGA ACEC BADGER WEST 138KV,Queue-derived study fields,,2026-09-05T04:35:51Z,snapshot_fields,1.0
P::J2521,DPP-2022,South,Phase 1,,,50.0,0.0,,2026-03-01,2026-03-01,2026-03-01,P::J2521,MARKED TREE 161KV,Queue-derived study fields,,2026-09-05T04:35:51Z,snapshot_fields,1.0
P::J2522,DPP-2022,South,Phase 1,,,100.0,0.0,,2026-03-01,2026-03-01,2026-03-01,P::J2522,AECC MANILA DELL EHV 161KV J2089 POI,Queue-derived study fields,,2026-09-05T04:35:51Z,snapshot_fields,1.0
P::J2523,DPP-2022,South,Phase 1,,,250.0,0.0,,2026-03-01,2026-03-01,2026-03-01,P::J2523,INDEPENDENCE ISES,Queue-derived study fields,,2026-09-05T04:35:51Z,snapshot_fields,1.0
P::J2524,DPP-2022,Central,Phase 2,,,200.0,0.0,,2026-03-01,2026-03-01,2026-03-01,P::J2524,5STODDARD 5MORLEY AECI 161KV,Queue-derived study fields,,2026-09-05T04:35:51Z,snapshot_fields,1.0
P::J2525,DPP-2022,South,Phase 1,,,175.0,0.0,,2026-03-01,2026-03-01,2026-03-01,P::J2525,DUNN OAK RIDGE 115KV,Queue-derived study fields,,2026-09-05T04:35:51Z,snapshot_fields,1.0
P::J2526,DPP-2022,South,Phase 1,,,200.0,0.0,,2026-03-01,2026-03-01,2026-03-01,P::J2526,LAYFIELD WESTERN KRAFT 230 0KV,Queue-derived study fields,,2026-09-05T04:35:51Z,snapshot_fields,1.0
P::J2527,DPP-2022,South,Phase 1,,,140.0,0.0,,2026-03-01,2026-03-01,2026-03-01,P::J2527,CANEY 138KV,Queue-derived study fields,,2026-09-05T04:35:51Z,snapshot_fields,1.0
P::J2528,DPP-2022,South,Phase 1,,,100.0,0.0,,2026-03-01,2026-03-01,2026-03-01,P::J2528,PARKIN TO KUHN ROAD 161KV,Queue-derived study fields,,2026-09-05T04:35:51Z,snapshot_fields,1.0
P::J2529,DPP-2022,South,Phase 1,,,200.0,0.0,,2026-03-01,2026-03-01,2026-03-01,P::J2529,COCODRIE HINESTON 230KV LINE,Queue-derived study fields,,2026-09-05T04:35:51Z,snapshot_fields,1.0
P::J2530,DPP-2022,Central,Phase 2,,,170.0,0.0,,2026-03-01,2026-03-01,2026-03-01,P::J2530,THORNTOWN TO KOKOMO HP 230KV,Queue-derived study fields,,2026-09-05T04:35:51Z,snapshot_fields,1.0
P::J2531,DPP-2022,South,Phase 1,,,140.0,0.0,,2026-03-01,2026-03-01,2026-03-01,P::J2531,BERNICE VIENNA 115KV,Queue-derived study fields,,2026-09-05T04:35:51Z,snapshot_fields,1.0
P::J2532,DPP-2022,Central,Phase 2,,,200.0,0.0,,2026-03-01,2026-03-01,2026-03-01,P::J2532,LATHAM,Queue-derived study fields,,2026-09-05T04:35:51Z,snapshot_fields,1.0
P::J2533,DPP-2022,South,Phase 1,,,100.0,0.0,,2026-03-01,2026-03-01,2026-03-01,P::J2533,BERNICE VIENNA 115KV,Queue-derived study fields,,2026-09-05T04:35:51Z,snapshot_fields,1.0
P::J2534,DPP-2022,East (ITC),Phase 1,,,100.0,0.0,,2026-03-01,2026-03-01,2026-03-01,P::J2534,PERE MARQUETTE 138KV,Queue-derived study fields,,2026-09-05T04:35:51Z,snapshot_fields,1.0
P::J2535,DPP-2022,South,Phase 1,,,210.0,0.0,,2026-03-01,2026-03-01,2026-03-01,P::J2535,COOPER LEESVILLE 138KV,Queue-derived study fields,,2026-09-05T04:35:51Z,snapshot_fields,1.0
P::J2536,DPP-2022,Central,Phase 2,,,200.0,0.0,,2026-03-01,2026-03-01,2026-03-01,P::J2536,FOX RIVER OTTAWA 138KV,Queue-derived study fields,,2026-09-05T04:35:51Z,snapshot_fields,1.0
P::J2537,DPP-2022,East (ATC),Phase 1,,,100.0,0.0,,2026-03-01,2026-03-01,2026-03-01,P::J2537,HIGHWAY 22 345KV SUBSTATION,Queue-derived study fields,,2026-09-05T04:35:51Z,snapshot_fields,1.0
P::J2538,DPP-2022,Central,Phase 2,,,200.0,0.0,,2026-03-01,2026-03-01,2026-03-01,P::J2538,SPEED TRIMBLE LGEE 345 0KV,Queue-derived study fields,,2026-09-05T04:35:51Z,snapshot_fields,1.0
P::J2539,DPP-2022,Central,Phase 2,,,150.0,0.0,,2026-03-01,2026-03-01,2026-03-01,P::J2539,TRIMBLE LGEE SPEED 345KV,Queue-derived study fields,,2026-09-05T04:35:51Z,snapshot_fields,1.0
P::J2540,DPP-2022,Central,Phase 2,,,150.0,0.0,,2026-03-01,2026-03-01,2026-03-01,P::J2540,BRYAN ROAD,Queue-derived study fields,,2026-09-05T04:35:51Z,snapshot_fields,1.0
P::J2541,DPP-2022,Central,Phase 2,,,50.0,0.0,,2026-03-01,2026-03-01,2026-03-01,P::J2541,BRYAN ROAD,Queue-derived study fields,,2026-09-05T04:35:51Z,snapshot_fields,1.0
P::J2542,DPP-2022,Central,Phase 2,,,100.0,0.0,,2026-03-01,2026-03-01,2026-03-01,P::J2542,VESTA RD 138KV,Queue-derived study fields,,2026-09-05T04:35:51Z,snapshot_fields,1.0
P::J2543,DPP-2022,South,Phase 1,,,175.0,0.0,,2026-03-01,2026-03-01,2026-03-01,P::J2543,WEST BAY CENTENNIAL 138KV,Queue-derived study fields,,2026-09-05T04:35:51Z,snapshot_fields,1.0
P::J2544,DPP-2022,East (ATC),Phase 1,,,95.0,0.0,,2026-03-01,2026-03-01,2026-03-01,P::J2544,HIGHWAY 22 345KV SUBSTATION,Queue-derived study fields,,2026-09-05T04:35:51Z,snapshot_fields,1.0
P::J2545,DPP-2022,West,Phase 1,,,200.0,0.0,,2026-03-01,2026-03-01,2026-03-01,P::J2545,DUANE ARNOLD,Queue-derived study fields,,2026-09-05T04:35:51Z,snapshot_fields,1.0
P::J2546,DPP-2022,West,Phase 1,,,185.0,0.0,,2026-03-01,2026-03-01,2026-03-01,P::J2546,ASTORIA 345KV,Queue-derived study fields,,2026-09-05T04:35:51Z,snapshot_fields,1.0
P::J2547,DPP-2022,Central,Phase 2,,,150.0,0.0,,2026-03-01,2026-03-01,2026-03-01,P::J2547,BRYAN ROAD MCCRACKEN COUNTY 161 0KV,Queue-derived study fields,,2026-09-05T04:35:51Z,snapshot_fields,1.0
P::J2548,DPP-2022,Central,Phase 2,,,75.0,0.0,,2026-03-01,2026-03-01,2026-03-01,P::J2548,BRYAN ROAD MCCRACKEN COUNTY 161 0KV,Queue-derived study fields,,2026-09-05T04:35:51Z,snapshot_fields,1.0
P::J2549,DPP-2022,Central,Phase 2,,,75.0,0.0,,2026-03-01,2026-03-01,2026-03-01,P::J2549,SUB T TO MAYWOOD 345KV LINE,Queue-derived study fields,,2026-09-05T04:35:51Z,snapshot_fields,1.0
P::J2550,DPP-2022,West,Phase 1,,,75.0,0.0,,2026-03-01,2026-03-01,2026-03-01,P::J2550,HAZEL CREEK,Queue-derived study fields,,2026-09-05T04:35:51Z,snapshot_fields,1.0
P::J2551,DPP-2022,Central,Phase 2,,,110.0,0.0,,2026-03-01,2026-03-01,2026-03-01,P::J2551,PUTNAM,Queue-derived study fields,,2026-09-05T04:35:51Z,snapshot_fields,1.0
P::J2552,DPP-2022,West,Phase 1,,,80.0,0.0,,2026-03-01,2026-03-01,2026-03-01,P::J2552,SUB 39 CORDOVA 345 0KV,Queue-derived study fields,,2026-09-05T04:35:51Z,snapshot_fields,1.0
P::J2553,DPP-2022,West,Phase 1,,,210.0,0.0,,2026-03-01,2026-03-01,2026-03-01,P::J2553,KILLDEER,Queue-derived study fields,,2026-09-05T04:35:51Z,snapshot_fields,1.0
P::J2554,DPP-2022,Central,Phase 2,,,220.0,0.0,,2026-03-01,2026-03-01,2026-03-01,P::J2554,PUTNAM,Queue-derived study fields,,2026-09-05T04:35:51Z,snapshot_fields,1.0
P::J2555,DPP-2022,East (ITC),Phase 1,,,100.0,0.0,,2026-03-01,2026-03-01,2026-03-01,P::J2555,DELHI TO TOMPKINS 138KV,Queue-derived study fields,,2026-09-05T04:35:51Z,snapshot_fields,1.0
P::J2556,DPP-2022,West,Phase 1,,,300.0,0.0,,2026-03-01,2026-03-01,2026-03-01,P::J2556,SUB 39 CORDOVA 345 0KV,Queue-derived study fields,,2026-09-05T04:35:51Z,snapshot_fields,1.0
P::J2557,DPP-2022,East (ATC),Phase 1,,,100.0,0.0,,2026-03-01,2026-03-01,2026-03-01,P::J2557,ARPIN,Queue-derived study fields,,2026-09-05T04:35:51Z,snapshot_fields,1.0
P::J2558,DPP-2022,South,Phase 1,,,150.0,0.0,,2026-03-01,2026-03-01,2026-03-01,P::J2558,DELTA MS RULEVILLE 115KV LINE,Queue-derived study fields,,2026-09-05T04:35:51Z,snapshot_fields,1.0
P::J2559,DPP-2022,East (ATC),Phase 1,,,200.0,0.0,,2026-03-01,2026-03-01,2026-03-01,P::J2559,ARPIN,Queue-derived study fields,,2026-09-05T04:35:51Z,snapshot_fields,1.0
P::J2560,DPP-2022,South,Phase 1,,,130.0,0.0,,2026-03-01,2026-03-01,2026-03-01,P::J2560,CLEVELAND SOUTH STEINER CE 115 0KV,Queue-derived study fields,,2026-09-05T04:35:51Z,snapshot_fields,1.0
P::J2561,DPP-2022,West,Phase 1,,,153.0,0.0,,2026-03-01,2026-03-01,2026-03-01,P::J2561,HAZEL CREEK,Queue-derived study fields,,2026-09-05T04:35:51Z,snapshot_fields,1.0
P::J2562,DPP-2022,South,Phase 1,,,80.0,0.0,,2026-03-01,2026-03-01,2026-03-01,P::J2562,DEWITT DELUCE,Queue-derived study fields,,2026-09-05T04:35:51Z,snapshot_fields,1.0
P::J2563,DPP-2022,West,Phase 1,,,200.0,0.0,,2026-03-01,2026-03-01,2026-03-01,P::J2563,CRANDAL,Queue-derived study fields,,2026-09-05T04:35:51Z,snapshot_fields,1.0
P::J2564,DPP-2022,Central,Phase 2,,,18.9,0.0,,2026-03-01,2026-03-01,2026-03-01,P::J2564,138KV CRAWFORDSVILLE,Queue-derived study fields,,2026-09-05T04:35:51Z,snapshot_fields,1.0
P::J2565,DPP-2022,Central,Phase 2,,,265.0,0.0,,2026-03-01,2026-03-01,2026-03-01,P::J2565,4GILMAN 4PAXTON E 138KV,Queue-derived study fields,,2026-09-05T04:35:51Z,snapshot_fields,1.0
P::J2566,DPP-2022,Central,Phase 2,,,200.0,0.0,,2026-03-01,2026-03-01,2026-03-01,P::J2566,GIBSON STA BEDFORD 345 345 0KV,Queue-derived study fields,,2026-09-05T04:35:51Z,snapshot_fields,1.0
P::J2567,DPP-2022,East (ITC),Phase 1,,,240.0,0.0,,2026-03-01,2026-03-01,2026-03-01,P::J2567,KENOWA LUDINGTON 345 0KV,Queue-derived study fields,,2026-09-05T04:35:51Z,snapshot_fields,1.0
P::J2568,DPP-2022,South,Phase 1,,,120.0,0.0,,2026-03-01,2026-03-01,2026-03-01,P::J2568,HABETZ SELLERS ROAD 138KV LINE,Queue-derived study fields,,2026-09-05T04:35:51Z,snapshot_fields,1.0
P::J2569,DPP-2022,West,Phase 1,,,300.0,0.0,,2026-03-01,2026-03-01,2026-03-01,P::J2569,ARROWHEAD 115KV SUBSTATION,Queue-derived study fields,,2026-09-05T04:35:51Z,snapshot_fields,1.0
P::J2570,DPP-2022,South,Phase 1,,,200.0,0.0,,2026-03-01,2026-03-01,2026-03-01,P::J2570,THIBODAUX 230KV SUBSTATION,Queue-derived study fields,,2026-09-05T04:35:51Z,snapshot_fields,1.0
P::J2571,DPP-2022,South,Phase 1,,,176.6,0.0,,2026-03-01,2026-03-01,2026-03-01,P::J2571,J866 SIX MILE LAKE SUBSTATION,Queue-derived study fields,,2026-09-05T04:35:51Z,snapshot_fields,1.0
P::J2572,DPP-2022,Central,Phase 2,,,200.0,0.0,,2026-03-01,2026-03-01,2026-03-01,P::J2572,NOBLESVILLE DUKE HORTONVILLE DUKE 345 0KV,Queue-derived study fields,,2026-09-05T04:35:51Z,snapshot_fields,1.0
P::J2573,DPP-2022,Central,Phase 2,,,200.0,0.0,,2026-03-01,2026-03-01,2026-03-01,P::J2573,GALLAGHER TO BEDFORD 138KV LINE,Queue-derived study fields,,2026-09-05T04:35:51Z,snapshot_fields,1.0
P::J2574,DPP-2022,South,Phase 1,,,172.0,0.0,,2026-03-01,2026-03-01,2026-03-01,P::J2574,STUTTGART RICUSKEY WOODWARD 230 SUB 230 0KV,Queue-derived study fields,,2026-09-05T04:35:51Z,snapshot_fields,1.0
P::J2575,DPP-2022,Central,Phase 2,,,198.0,0.0,,2026-03-01,2026-03-01,2026-03-01,P::J2575,CINCINNATI 138KV SUBSTATION,Queue-derived study fields,,2026-09-05T04:35:51Z,snapshot_fields,1.0
P::J2576,DPP-2022,West,Phase 1,,,164.1,0.0,,2026-03-01,2026-03-01,2026-03-01,P::J2576,DENMARK NEWPORT 161KV,Queue-derived study fields,,2026-09-05T04:35:51Z,snapshot_fields,1.0
P::J2577,DPP-2022,South,Phase 1,,,200.0,0.0,,2026-03-01,2026-03-01,2026-03-01,P::J2577,PARKIN,Queue-derived study fields,,2026-09-05T04:35:51Z,snapshot_fields,1.0
P::J2578,DPP-2022,East (ITC),Phase 1,,,180.0,0.0,,2026-03-01,2026-03-01,2026-03-01,P::J2578,KARN THETFORD ATLANTA 138 0KV,Queue-derived study fields,,2026-09-05T04:35:51Z,snapshot_fields,1.0
P::J2579,DPP-2022,Central,Phase 2,,,362.0,0.0,,2026-03-01,2026-03-01,2026-03-01,P::J2579,CINCINNATI 138KV SUBSTATION,Queue-derived study fields,,2026-09-05T04:35:51Z,snapshot_fields,1.0
P::J2580,DPP-2022,South,Phase 1,,,100.0,0.0,,2026-03-01,2026-03-01,2026-03-01,P::J2580,MONTGOMERY TO WINNFIELD 230KV,Queue-derived study fields,,2026-09-05T04:35:51Z,snapshot_fields,1.0
P::J2581,DPP-2022,Central,Phase 2,,,250.0,0.0,,2026-03-01,2026-03-01,2026-03-01,P::J2581,BATESVILLE 138KV SUBSTATION,Queue-derived study fields,,2026-09-05T04:35:51Z,snapshot_fields,1.0
P::J2582,DPP-2022,Central,Phase 2,,,100.0,0.0,,2026-03-01,2026-03-01,2026-03-01,P::J2582,SPEED 138KV SUBSTATION,Queue-derived study fields,,2026-09-05T04:35:51Z,snapshot_fields,1.0
P::J2583,DPP-2022,East (ITC),Phase 1,,,50.0,0.0,,2026-03-01,2026-03-01,2026-03-01,P::J2583,BATTLE CREEK ISLAND ROAD 138KV LINE,Queue-derived study fields,,2026-09-05T04:35:51Z,snapshot_fields,1.0
P::J2584,DPP-2022,Central,Phase 2,,,100.0,0.0,,2026-03-01,2026-03-01,2026-03-01,P::J2584,WARRENTON 161KV SUBSTATION,Queue-derived study fields,,2026-09-05T04:35:51Z,snapshot_fields,1.0
P::J2585,DPP-2022,Central,Phase 2,,,240.0,0.0,,2026-03-01,2026-03-01,2026-03-01,P::J2585,WORTHINGTON PRIMARY MEROM PRIMARY 345KV LINE,Queue-derived study fields,,2026-09-05T04:35:51Z,snapshot_fields,1.0
P::J2586,DPP-2022,Central,Phase 2,,,200.0,0.0,,2026-03-01,2026-03-01,2026-03-01,P::J2586,SPEED 345,Queue-derived study fields,,2026-09-05T04:35:51Z,snapshot_fields,1.0
P::J2587,DPP-2022,Central,Phase 2,,,200.0,0.0,,2026-03-01,2026-03-01,2026-03-01,P::J2587,SUGAR CREEK CAYUGA CT 345 0KV,Queue-derived study fields,,2026-09-05T04:35:51Z,snapshot_fields,1.0
P::J2588,DPP-2022,East (ITC),Phase 1,,,120.0,0.0,,2026-03-01,2026-03-01,2026-03-01,P::J2588,TOMPKINS VROOMAN 138 0KV,Queue-derived study fields,,2026-09-05T04:35:51Z,snapshot_fields,1.0
P::J2589,DPP-2022,East (ITC),Phase 1,,,150.0,0.0,,2026-03-01,2026-03-01,2026-03-01,P::J2589,TOMPKINS VROOMAN 138 0KV,Queue-derived study fields,,2026-09-05T04:35:51Z,snapshot_fields,1.0
P::J2590,DPP-2022,East (ITC),Phase 1,,,500.0,0.0,,2026-03-01,2026-03-01,2026-03-01,P::J2590,STEIN RAPSON 345KV LINE,Queue-derived study fields,,2026-09-05T04:35:51Z,snapshot_fields,1.0
P::J2591,DPP-2022,South,Phase 1,,,500.0,0.0,,2026-03-01,2026-03-01,2026-03-01,P::J2591,WOLF CREEK 500KV,Queue-derived study fields,,2026-09-05T04:35:51Z,snapshot_fields,1.0
P::J2592,DPP-2022,East (ITC),Phase 1,,,50.0,0.0,,2026-03-01,2026-03-01,2026-03-01,P::J2592,THETFORD ATLANTA KARN 138KV LINE,Queue-derived study fields,,2026-09-05T04:35:51Z,snapshot_fields,1.0
P::J2593,DPP-2022,Central,Phase 2,,,140.0,0.0,,2026-03-01,2026-03-01,2026-03-01,P::J2593,BLAND 138KV SUBSTATION,Queue-derived study fields,,2026-09-05T04:35:51Z,snapshot_fields,1.0
P::J2594,DPP-2022,South,Phase 1,,,650.0,0.0,,2026-03-01,2026-03-01,2026-03-01,P::J2594,RAY BRASWELL 230KV,Queue-derived study fields,,2026-09-05T04:35:51Z,snapshot_fields,1.0
P::J2595,DPP-2022,South,Phase 1,,,650.0,0.0,,2026-03-01,2026-03-01,2026-03-01,P::J2595,LAKEOVER EHV RAY BRASWELL EHV 500KV,Queue-derived study fields,,2026-09-05T04:35:51Z,snapshot_fields,1.0
P::J2596,DPP-2022,South,Phase 1,,,200.0,0.0,,2026-03-01,2026-03-01,2026-03-01,P::J2596,WEST MEMPHIS 500KV,Queue-derived study fields,,2026-09-05T04:35:51Z,snapshot_fields,1.0
P::J2597,DPP-2022,South,Phase 1,,,100.0,0.0,,2026-03-01,2026-03-01,2026-03-01,P::J2597,WEST MEMPHIS 500KV,Queue-derived study fields,,2026-09-05T04:35:51Z,snapshot_fields,1.0
P::J2598,DPP-2022,West,Phase 1,,,198.0,0.0,,2026-03-01,2026-03-01,2026-03-01,P::J2598,ADAMS TO HAYWARD 161KV TAP,Queue-derived study fields,,2026-09-05T04:35:51Z,snapshot_fields,1.0
P::J2599,DPP-2022,West,Phase 1,,,216.0,0.0,,2026-03-01,2026-03-01,2026-03-01,P::J2599,LYON COUNTY 345KV SUBSTATION,Queue-derived study fields,,2026-09-05T04:35:51Z,snapshot_fields,1.0
P::J2600,DPP-2022,West,Phase 1,,,245.0,0.0,,2026-03-01,2026-03-01,2026-03-01,P::J2600,WABACO TO ALMA 161KV TAP,Queue-derived study fields,,2026-09-05T04:35:51Z,snapshot_fields,1.0
P::J2601,DPP-2022,West,Phase 1,,,200.0,0.0,,2026-03-01,2026-03-01,2026-03-01,P::J2601,NORTH ROCHESTER BRIGGS ROAD 345 0KV,Queue-derived study fields,,2026-09-05T04:35:51Z,snapshot_fields,1.0
P::J2602,DPP-2022,South,Phase 1,,,250.0,0.0,,2026-03-01,2026-03-01,2026-03-01,P::J2602,TWINKLETOWN 230KV,Queue-derived study fields,,2026-09-05T04:35:51Z,snapshot_fields,1.0
P::J2603,DPP-2022,Central,Phase 2,,,320.0,0.0,,2026-03-01,2026-03-01,2026-03-01,P::J2603,4PURO 4HAVANA3 138 0KV,Queue-derived study fields,,2026-09-05T04:35:51Z,snapshot_fields,1.0
P::J2604,DPP-2022,Central,Phase 2,,,100.0,0.0,,2026-03-01,2026-03-01,2026-03-01,P::J2604,SOUTH CENTRALIA 138KV,Queue-derived study fields,,2026-09-05T04:35:51Z,snapshot_fields,1.0
P::J2605,DPP-2022,West,Phase 1,,,339.0,0.0,,2026-03-01,2026-03-01,2026-03-01,P::J2605,ALEXANDRIA 345KV,Queue-derived study fields,,2026-09-05T04:35:51Z,snapshot_fields,1.0
P::J2606,DPP-2022,West,Phase 1,,,361.0,0.0,,2026-03-01,2026-03-01,2026-03-01,P::J2606,ALEXANDRIA 345KV,Queue-derived study fields,,2026-09-05T04:35:51Z,snapshot_fields,1.0
P::J2607,DPP-2022,Central,Phase 2,,,200.0,0.0,,2026-03-01,2026-03-01,2026-03-01,P::J2607,REDHAWK 138KV MTEP PROJECT 17976,Queue-derived study fields,,2026-09-05T04:35:51Z,snapshot_fields,1.0
P::J2608,DPP-2022,West,Phase 1,,,160.0,0.0,,2026-03-01,2026-03-01,2026-03-01,P::J2608,HANCOCK 115KV SUBSTATION,Queue-derived study fields,,2026-09-05T04:35:51Z,snapshot_fields,1.0
P::J2609,DPP-2022,East (ATC),Phase 1,,,80.0,0.0,,2026-03-01,2026-03-01,2026-03-01,P::J2609,SAND LAKE,Queue-derived study fields,,2026-09-05T04:35:51Z,snapshot_fields,1.0
P::J2610,DPP-2022,Central,Phase 2,,,150.0,0.0,,2026-03-01,2026-03-01,2026-03-01,P::J2610,4GREENVIL TO 4HOOKDALE 138KV,Queue-derived study fields,,2026-09-05T04:35:51Z,snapshot_fields,1.0
P::J2611,DPP-2022,East (ITC),Phase 1,,,215.0,0.0,,2026-03-01,2026-03-01,2026-03-01,P::J2611,IOSCO SPRUCE ROAD 138 0KV,Queue-derived study fields,,2026-09-05T04:35:51Z,snapshot_fields,1.0
P::J2612,DPP-2022,South,Phase 1,,,150.0,0.0,,2026-03-01,2026-03-01,2026-03-01,P::J2612,FLORA 115KV SUBSTATION,Queue-derived study fields,,2026-09-05T04:35:51Z,snapshot_fields,1.0
P::J2613,DPP-2022,South,Phase 1,,,300.0,0.0,,2026-03-01,2026-03-01,2026-03-01,P::J2613,HOLLAND BOTTOM INDEPENDENCE ISES 500 0KV,Queue-derived study fields,,2026-09-05T04:35:51Z,snapshot_fields,1.0
P::J2614,DPP-2022,Central,Phase 2,,,200.0,0.0,,2026-03-01,2026-03-01,2026-03-01,P::J2614,MERCER 161KV,Queue-derived study fields,,2026-09-05T04:35:51Z,snapshot_fields,1.0
P::J2615,DPP-2022,Central,Phase 2,,,145.0,0.0,,2026-03-01,2026-03-01,2026-03-01,P::J2615,FB CULLEY TO DUBOIS TRANSMISSION LINE,Queue-derived study fields,,2026-09-05T04:35:51Z,snapshot_fields,1.0
P::J2616,DPP-2022,South,Phase 1,,,100.0,0.0,,2026-03-01,2026-03-01,2026-03-01,P::J2616,SCANLAN CAJUN TO BOSCO SS 138KV LINE,Queue-derived study fields,,2026-09-05T04:35:51Z,snapshot_fields,1.0
P::J2617,DPP-2022,East (ITC),Phase 1,,,240.0,0.0,,2026-03-01,2026-03-01,2026-03-01,P::J2617,PALISADES TO ARGENTA 345KV,Queue-derived study fields,,2026-09-05T04:35:51Z,snapshot_fields,1.0
P::J2618,DPP-2022,East (ITC),Phase 1,,,100.0,0.0,,2026-03-01,2026-03-01,2026-03-01,P::J2618,LENOX 120KV,Queue-derived study fields,,2026-09-05T04:35:51Z,snapshot_fields,1.0
P::J2619,DPP-2022,East (ITC),Phase 1,,,140.0,0.0,,2026-03-01,2026-03-01,2026-03-01,P::J2619,KENOWA TO NELSON RD 345KV,Queue-derived study fields,,2026-09-05T04:35:51Z,snapshot_fields,1.0
P::J2620,DPP-2022,South,Phase 1,,,164.0,0.0,,2026-03-01,2026-03-01,2026-03-01,P::J2620,BEARDEN TO CAMDEN NORTH 115KV,Queue-derived study fields,,2026-09-05T04:35:51Z,snapshot_fields,1.0
P::J2621,DPP-2022,West,Phase 1,,,115.0,0.0,,2026-03-01,2026-03-01,2026-03-01,P::J2621,PINE LAKE 161KV SUBSTATION,Queue-derived study fields,,2026-09-05T04:35:51Z,snapshot_fields,1.0
P::J2622,DPP-2022,South,Phase 1,,,107.0,0.0,,2026-03-01,2026-03-01,2026-03-01,P::J2622,WILMAR TO MONTICELLO SOUTH 115KV,Queue-derived study fields,,2026-09-05T04:35:51Z,snapshot_fields,1.0
P::J2623,DPP-2022,South,Phase 1,,,125.0,0.0,,2026-03-01,2026-03-01,2026-03-01,P::J2623,H S EHV TO FRIENDSHIP 115KV,Queue-derived study fields,,2026-09-05T04:35:51Z,snapshot_fields,1.0
P::J2624,DPP-2022,West,Phase 1,,,450.0,0.0,,2026-03-01,2026-03-01,2026-03-01,P::J2624,BIG STONE SOUTH 345KV SUBSTATION,Queue-derived study fields,,2026-09-05T04:35:51Z,snapshot_fields,1.0
P::J2625,DPP-2022,Central,Phase 2,,,100.0,0.0,,2026-03-01,2026-03-01,2026-03-01,P::J2625,MAYWOOD 345KV,Queue-derived study fields,,2026-09-05T04:35:51Z,snapshot_fields,1.0
P::J2626,DPP-2022,Central,Phase 2,,,300.0,0.0,,2026-03-01,2026-03-01,2026-03-01,P::J2626,345KV COMMODORE TO JORDAN,Queue-derived study fields,,2026-09-05T04:35:51Z,snapshot_fields,1.0
P::J2627,DPP-2022,Central,Phase 2,,,150.0,0.0,,2026-03-01,2026-03-01,2026-03-01,P::J2627,EAST QUINCY,Queue-derived study fields,,2026-09-05T04:35:51Z,snapshot_fields,1.0
P::J2628,DPP-2022,East (ITC),Phase 1,,,250.0,0.0,,2026-03-01,2026-03-01,2026-03-01,P::J2628,RAPSON,Queue-derived study fields,,2026-09-05T04:35:51Z,snapshot_fields,1.0
P::J2629,DPP-2022,South,Phase 1,,,175.0,0.0,,2026-03-01,2026-03-01,2026-03-01,P::J2629,LEACH TO NEWTON BULK 138KV LINE,Queue-derived study fields,,2026-09-05T04:35:51Z,snapshot_fields,1.0
P::J2630,DPP-2022,South,Phase 1,,,100.0,0.0,,2026-03-01,2026-03-01,2026-03-01,P::J2630,DES ARC TO COTTON PLANT 115KV,Queue-derived study fields,,2026-09-05T04:35:51Z,snapshot_fields,1.0
P::J2631,DPP-2022,South,Phase 1,,,250.0,0.0,,2026-03-01,2026-03-01,2026-03-01,P::J2631,STUTTGART RICUSKEY TARLETON 230KV,Queue-derived study fields,,2026-09-05T04:35:51Z,snapshot_fields,1.0
P::J2632,DPP-2022,South,Phase 1,,,100.0,0.0,,2026-03-01,2026-03-01,2026-03-01,P::J2632,SARPETA TO MINDEN 115KV,Queue-derived study fields,,2026-09-05T04:35:51Z,snapshot_fields,1.0
P::J2633,DPP-2022,South,Phase 1,,,61.0,0.0,,2026-03-01,2026-03-01,2026-03-01,P::J2633,AECC CLINTON INDUSTRIAL AECC CLINTON WEST 161KV,Queue-derived study fields,,2026-09-05T04:35:51Z,snapshot_fields,1.0
P::J2634,DPP-2022,South,Phase 1,,,105.8,0.0,,2026-03-01,2026-03-01,2026-03-01,P::J2634,CAMDEN MAGUIRE SMACKOVER 115 0KV,Queue-derived study fields,,2026-09-05T04:35:51Z,snapshot_fields,1.0
P::J2635,DPP-2022,Central,Phase 2,,,52.0,0.0,,2026-03-01,2026-03-01,2026-03-01,P::J2635,CANE 138KV,Queue-derived study fields,,2026-09-05T04:35:51Z,snapshot_fields,1.0
P::J2636,DPP-2022,South,Phase 1,,,78.5,0.0,,2026-03-01,2026-03-01,2026-03-01,P::J2636,BISMARCK AECC ALPINE 115KV,Queue-derived study fields,,2026-09-05T04:35:51Z,snapshot_fields,1.0
P::J2637,DPP-2022,South,Phase 1,,,64.5,0.0,,2026-03-01,2026-03-01,2026-03-01,P::J2637,COTTON PLANT BRINKLEY WEST 115KV,Queue-derived study fields,,2026-09-05T04:35:51Z,snapshot_fields,1.0
P::J2638,DPP-2022,South,Phase 1,,,58.0,0.0,,2026-03-01,2026-03-01,2026-03-01,P::J2638,EMMET SS HOPE EAST SS 115KV,Queue-derived study fields,,2026-09-05T04:35:51Z,snapshot_fields,1.0
P::J2639,DPP-2022,South,Phase 1,,,105.8,0.0,,2026-03-01,2026-03-01,2026-03-01,P::J2639,AECC HERMITAGE SOUTH HILO 115 0KV,Queue-derived study fields,,2026-09-05T04:35:51Z,snapshot_fields,1.0
P::J2640,DPP-2022,South,Phase 1,,,394.5,0.0,,2026-03-01,2026-03-01,2026-03-01,P::J2640,SHERIDAN EHV EL DORADO EHV 500 0KV,Queue-derived study fields,,2026-09-05T04:35:51Z,snapshot_fields,1.0
P::J2641,DPP-2022,South,Phase 1,,,200.0,0.0,,2026-03-01,2026-03-01,2026-03-01,P::J2641,NEWPORT,Queue-derived study fields,,2026-09-05T04:35:51Z,snapshot_fields,1.0
P::J2642,DPP-2022,South,Phase 1,,,50.0,0.0,,2026-03-01,2026-03-01,2026-03-01,P::J2642,BOGALUSA DEXTER SS CE 115 0KV,Queue-derived study fields,,2026-09-05T04:35:51Z,snapshot_fields,1.0
P::J2643,DPP-2022,South,Phase 1,,,150.0,0.0,,2026-03-01,2026-03-01,2026-03-01,P::J2643,BOGALUSA DEXTER SS CE 115 0KV,Queue-derived study fields,,2026-09-05T04:35:51Z,snapshot_fields,1.0
P::J2644,DPP-2022,South,Phase 1,,,90.0,0.0,,2026-03-01,2026-03-01,2026-03-01,P::J2644,EUDORA CHICKASAW LAGEN 115 0KV,Queue-derived study fields,,2026-09-05T04:35:51Z,snapshot_fields,1.0
P::J2645,DPP-2022,Central,Phase 2,,,199.0,0.0,,2026-03-01,2026-03-01,2026-03-01,P::J2645,4PREST 4BALDWIN 138 0KV,Queue-derived study fields,,2026-09-05T04:35:51Z,snapshot_fields,1.0
P::J2646,DPP-2022,South,Phase 1,,,130.0,0.0,,2026-03-01,2026-03-01,2026-03-01,P::J2646,REESE 115 TRUSSELS CROSSING LAGEN,Queue-derived study fields,,2026-09-05T04:35:51Z,snapshot_fields,1.0
P::J2647,DPP-2022,Central,Phase 2,,,300.0,0.0,,2026-03-01,2026-03-01,2026-03-01,P::J2647,WEST FRANKFORT EAST 345KV 7E W FKFT,Queue-derived study fields,,2026-09-05T04:35:51Z,snapshot_fields,1.0
P::J2648,DPP-2022,Central,Phase 2,,,135.0,0.0,,2026-03-01,2026-03-01,2026-03-01,P::J2648,SIDNEY 138KV,Queue-derived study fields,,2026-09-05T04:35:51Z,snapshot_fields,1.0
P::J2649,DPP-2022,South,Phase 1,,,250.0,0.0,,2026-03-01,2026-03-01,2026-03-01,P::J2649,WEST MEMPHIS EHV KEO EHV 500KV,Queue-derived study fields,,2026-09-05T04:35:51Z,snapshot_fields,1.0
P::J2650,DPP-2022,Central,Phase 2,,,236.0,0.0,,2026-03-01,2026-03-01,2026-03-01,P::J2650,SUNNYSIDE TO HANNA 345KV,Queue-derived study fields,,2026-09-05T04:35:51Z,snapshot_fields,1.0
P::J2651,DPP-2022,South,Phase 1,,,160.0,0.0,,2026-03-01,2026-03-01,2026-03-01,P::J2651,MOLER COLFEL 230 0KV,Queue-derived study fields,,2026-09-05T04:35:51Z,snapshot_fields,1.0
P::J2652,DPP-2022,West,Phase 1,,,197.0,0.0,,2026-03-01,2026-03-01,2026-03-01,P::J2652,ROSEMOUNT NININGER GRE 115KV LINE,Queue-derived study fields,,2026-09-05T04:35:51Z,snapshot_fields,1.0
P::J2653,DPP-2022,West,Phase 1,,,170.0,0.0,,2026-03-01,2026-03-01,2026-03-01,P::J2653,ARMY POST 161KV SUBSTATION,Queue-derived study fields,,2026-09-05T04:35:51Z,snapshot_fields,1.0
P::J2654,DPP-2022,Central,Phase 2,,,180.0,0.0,,2026-03-01,2026-03-01,2026-03-01,P::J2654,FRANKFORT NEW LONDON 230 0KV,Queue-derived study fields,,2026-09-05T04:35:51Z,snapshot_fields,1.0
P::J2655,DPP-2022,West,Phase 1,,,170.0,0.0,,2026-03-01,2026-03-01,2026-03-01,P::J2655,ARMY POST 161KV SUBSTATION,Queue-derived study fields,,2026-09-05T04:35:51Z,snapshot_fields,1.0
P::J2656,,,,,,0.0,100.0,,2026-03-01,2026-03-01,2026-03-01,P::J2656,4LATHAM 4N DEC E 138KV,Queue-derived study fields,,2026-09-05T04:35:51Z,snapshot_fields,1.0
P::J2657,DPP-2022,Central,Phase 2,,,138.0,0.0,,2026-03-01,2026-03-01,2026-03-01,P::J2657,REYNOLDS BURR OAK 345 0KV,Queue-derived study fields,,2026-09-05T04:35:51Z,snapshot_fields,1.0
P::J2658,DPP-2022,Central,Phase 2,,,150.0,0.0,,2026-03-01,2026-03-01,2026-03-01,P::J2658,7CASEY 7NEWTON 345KV,Queue-derived study fields,,2026-09-05T04:35:51Z,snapshot_fields,1.0
P::J2659,DPP-2022,Central,Phase 2,,,150.0,0.0,,2026-03-01,2026-03-01,2026-03-01,P::J2659,TURNER,Queue-derived study fields,,2026-09-05T04:35:51Z,snapshot_fields,1.0
P::J2660,DPP-2022,Central,Phase 2,,,150.0,0.0,,2026-03-01,2026-03-01,2026-03-01,P::J2660,7CASEY 7NEWTON 345KV,Queue-derived study fields,,2026-09-05T04:35:51Z,snapshot_fields,1.0
P::J2661,DPP-2022,Central,Phase 2,,,200.0,0.0,,2026-03-01,2026-03-01,2026-03-01,P::J2661,7XENIA 7MT VRNON 345KV,Queue-derived study fields,,2026-09-05T04:35:51Z,snapshot_fields,1.0
P::J2662,DPP-2022,Central,Phase 2,,,250.0,0.0,,2026-03-01,2026-03-01,2026-03-01,P::J2662,7CASEY 7NEWTON 345 0KV,Queue-derived study fields,,2026-09-05T04:35:51Z,snapshot_fields,1.0
P::J2663,DPP-2022,Central,Phase 2,,,200.0,0.0,,2026-03-01,2026-03-01,2026-03-01,P::J2663,REYNOLDS BURR OAK 345KV LINE,Queue-derived study fields,,2026-09-05T04:35:51Z,snapshot_fields,1.0
P::J2664,DPP-2022,Central,Phase 2,,,200.0,0.0,,2026-03-01,2026-03-01,2026-03-01,P::J2664,CAYUGA STA NUCOR 345KV LINE,Queue-derived study fields,,2026-09-05T04:35:51Z,snapshot_fields,1.0
P::J2665,DPP-2022,West,Phase 1,,,347.0,0.0,,2026-03-01,2026-03-01,2026-03-01,P::J2665,COYOTE SWITCHYARD 345KV SUBSTATION,Queue-derived study fields,,2026-09-05T04:35:51Z,snapshot_fields,1.0
P::J2666,DPP-2022,East (ATC),Phase 1,,,100.0,0.0,,2026-03-01,2026-03-01,2026-03-01,P::J2666,BRICK CHURCH 138KV,Queue-derived study fields,,2026-09-05T04:35:51Z,snapshot_fields,1.0
P::J2667,DPP-2022,East (ITC),Phase 1,,,135.0,32.5,,2026-03-01,2026-03-01,2026-03-01,P::J2667,GREENWOOD RAPSON 345 0KV,Queue-derived study fields,,2026-09-05T04:35:51Z,snapshot_fields,1.0
P::J2668,DPP-2022,East (ITC),Phase 1,,,215.0,4.444444444444445,,2026-03-01,2026-03-01,2026-03-01,P::J2668,LAKE COUNTY PERE MARQUETTE METC 138 0KV,Queue-derived study fields,,2026-09-05T04:35:51Z,snapshot_fields,1.0
P::J2669,DPP-2022,East (ITC),Phase 1,,,120.0,14.285714285714285,,2026-03-01,2026-03-01,2026-03-01,P::J2669,LAKE COUNTY PERE MARQUETTE METC 138 0KV,Queue-derived study fields,,2026-09-05T04:35:51Z,snapshot_fields,1.0
P::J2670,DPP-2022,East (ITC),Phase 1,,,223.0,0.0,,2026-03-01,2026-03-01,2026-03-01,P::J2670,LUDINGTON TO KEYSTONE 345KV,Queue-derived study fields,,2026-09-05T04:35:51Z,snapshot_fields,1.0
P::J2671,DPP-2022,East (ITC),Phase 1,,,150.0,0.0,,2026-03-01,2026-03-01,2026-03-01,P::J2671,WHITTEMORE TO TWINING 138KV,Queue-derived study fields,,2026-09-05T04:35:51Z,snapshot_fields,1.0
P::J2672,DPP-2022,East (ITC),Phase 1,,,120.0,40.0,,2026-03-01,2026-03-01,2026-03-01,P::J2672,BINGHAM CORNELL 138 0KV,Queue-derived study fields,,2026-09-05T04:35:51Z,snapshot_fields,1.0
P::J2673,DPP-2022,East (ITC),Phase 1,,,145.0,35.55555555555556,,2026-03-01,2026-03-01,2026-03-01,P::J2673,BARD ROAD WARREN 138 0KV,Queue-derived study fields,,2026-09-05T04:35:51Z,snapshot_fields,1.0
P::J2674,DPP-2022,East (ITC),Phase 1,,,200.0,0.0,,2026-03-01,2026-03-01,2026-03-01,P::J2674,BINGHAM TO MARQUETTE 138KV,Queue-derived study fields,,2026-09-05T04:35:51Z,snapshot_fields,1.0
P::J2675,DPP-2022,East (ITC),Phase 1,,,90.0,47.05882352941176,,2026-03-01,2026-03-01,2026-03-01,P::J2675,BARD ROAD GALLAGHER 138 0KV,Queue-derived study fields,,2026-09-05T04:35:51Z,snapshot_fields,1.0
P::J2676,DPP-2022,East (ITC),Phase 1,,,200.0,0.0,,2026-03-01,2026-03-01,2026-03-01,P::J2676,RAPSON STEIN 345 0KV,Queue-derived study fields,,2026-09-05T04:35:51Z,snapshot_fields,1.0
P::J2677,DPP-2022,East (ITC),Phase 1,,,195.0,2.5,,2026-03-01,2026-03-01,2026-03-01,P::J2677,GREENWOOD 120KV,Queue-derived study fields,,2026-09-05T04:35:51Z,snapshot_fields,1.0
P::J2678,DPP-2022,East (ATC),Phase 1,,,150.0,0.0,,2026-03-01,2026-03-01,2026-03-01,P::J2678,CHANDLER 138KV,Queue-derived study fields,,2026-09-05T04:35:51Z,snapshot_fields,1.0
P::J2679,DPP-2022,East (ITC),Phase 1,,,100.0,0.0,,2026-03-01,2026-03-01,2026-03-01,P::J2679,COLFAX TO MADRID 120KV,Queue-derived study fields,,2026-09-05T04:35:51Z,snapshot_fields,1.0
P::J2680,DPP-2022,South,Phase 1,,,150.0,0.0,,2026-03-01,2026-03-01,2026-03-01,P::J2680,JIM HILL HAYTI SOUTH 161KV LINE,Queue-derived study fields,,2026-09-05T04:35:51Z,snapshot_fields,1.0
P::J2681,DPP-2022,South,Phase 1,,,170.0,0.0,,2026-03-01,2026-03-01,2026-03-01,P::J2681,SPRINGHILL 115KV A TO TAYLOR 115KV B,Queue-derived study fields,,2026-09-05T04:35:51Z,snapshot_fields,1.0
P::J2682,DPP-2022,South,Phase 1,,,500.0,0.0,,2026-03-01,2026-03-01,2026-03-01,P::J2682,INDEPENDENCE ISES NEWPORT 161KV,Queue-derived study fields,,2026-09-05T04:35:51Z,snapshot_fields,1.0
P::J2683,DPP-2022,South,Phase 1,,,120.0,0.0,,2026-03-01,2026-03-01,2026-03-01,P::J2683,NEW SUBSTATION ON RYE CO CYPRESS 138KV SAME POI AS J2071,Queue-derived study fields,,2026-09-05T04:35:51Z,snapshot_fields,1.0
P::J2684,DPP-2022,East (ITC),Phase 1,,,140.0,30.0,,2026-03-01,2026-03-01,2026-03-01,P::J2684,BUNCE,Queue-derived study fields,,2026-09-05T04:35:51Z,snapshot_fields,1.0
P::J2685,DPP-2022,South,Phase 1,,,120.0,0.0,,2026-03-01,2026-03-01,2026-03-01,P::J2685,ROLLING FORK,Queue-derived study fields,,2026-09-05T04:35:51Z,snapshot_fields,1.0
P::J2686,DPP-2022,West,Phase 1,,,150.0,0.0,,2026-03-01,2026-03-01,2026-03-01,P::J2686,WALCOTT 345KV,Queue-derived study fields,,2026-09-05T04:35:51Z,snapshot_fields,1.0
P::J2687,DPP-2022,Central,Phase 2,,,300.0,0.0,,2026-03-01,2026-03-01,2026-03-01,P::J2687,SUNNYSIDE TO GWYNNEVILLE 345KV LINE,Queue-derived study fields,,2026-09-05T04:35:51Z,snapshot_fields,1.0
P::J2688,DPP-2022,South,Phase 1,,,130.0,0.0,,2026-03-01,2026-03-01,2026-03-01,P::J2688,NEWTON 138KV,Queue-derived study fields,,2026-09-05T04:35:51Z,snapshot_fields,1.0
P::J2689,DPP-2022,South,Phase 1,,,180.0,0.0,,2026-03-01,2026-03-01,2026-03-01,P::J2689,JACINTO 230KV,Queue-derived study fields,,2026-09-05T04:35:51Z,snapshot_fields,1.0
P::J2690,DPP-2022,Central,Phase 2,,,500.0,0.0,,2026-03-01,2026-03-01,2026-03-01,P::J2690,OTHER_,Queue-derived study fields,,2026-09-05T04:35:51Z,snapshot_fields,1.0
P::J2691,DPP-2022,Central,Phase 2,,,250.0,0.0,,2026-03-01,2026-03-01,2026-03-01,P::J2691,7RUSH 7BALDWIN 345 0KV,Queue-derived study fields,,2026-09-05T04:35:51Z,snapshot_fields,1.0
P::J2692,DPP-2022,South,Phase 1,,,500.0,0.0,,2026-03-01,2026-03-01,2026-03-01,P::J2692,WOLF CREEK 500KV,Queue-derived study fields,,2026-09-05T04:35:51Z,snapshot_fields,1.0
P::J2693,DPP-2022,South,Phase 1,,,105.0,0.0,,2026-03-01,2026-03-01,2026-03-01,P::J2693,WISNER,Queue-derived study fields,,2026-09-05T04:35:51Z,snapshot_fields,1.0
P::J2694,DPP-2022,Central,Phase 2,,,500.0,0.0,,2026-03-01,2026-03-01,2026-03-01,P::J2694,7COFFEEN 7PANA 345 0KV,Queue-derived study fields,,2026-09-05T04:35:51Z,snapshot_fields,1.0
P::J2695,DPP-2022,Central,Phase 2,,,234.0,0.0,,2026-03-01,2026-03-01,2026-03-01,P::J2695,OTHER_,Queue-derived study fields,,2026-09-05T04:35:51Z,snapshot_fields,1.0
P::J2696,DPP-2022,South,Phase 1,,,500.0,0.0,,2026-03-01,2026-03-01,2026-03-01,P::J2696,SANDY BAYOU,Queue-derived study fields,,2026-09-05T04:35:51Z,snapshot_fields,1.0
P::J2697,DPP-2022,Central,Phase 2,,,500.0,0.0,,2026-03-01,2026-03-01,2026-03-01,P::J2697,7ASTER 7CMDR 345 0KV,Queue-derived study fields,,2026-09-05T04:35:51Z,snapshot_fields,1.0
P::J2698,DPP-2022,South,Phase 1,,,500.0,0.0,,2026-03-01,2026-03-01,2026-03-01,P::J2698,WOLF CREEK 500KV,Queue-derived study fields,,2026-09-05T04:35:51Z,snapshot_fields,1.0
P::J2699,DPP-2022,South,Phase 1,,,58.1,0.0,,2026-03-01,2026-03-01,2026-03-01,P::J2699,115KV DARNELL,Queue-derived study fields,,2026-09-05T04:35:51Z,snapshot_fields,1.0
P::J2700,DPP-2022,South,Phase 1,,,170.0,0.0,,2026-03-01,2026-03-01,2026-03-01,P::J2700,138KV LAKE CHARLES BULK,Queue-derived study fields,,2026-09-05T04:35:51Z,snapshot_fields,1.0
P::J2701,DPP-2022,South,Phase 1,,,100.0,0.0,,2026-03-01,2026-03-01,2026-03-01,P::J2701,COLONIAL WELSH 138,Queue-derived study fields,,2026-09-05T04:35:51Z,snapshot_fields,1.0
P::J2702,DPP-2022,Central,Phase 2,,,100.8,0.0,,2026-03-01,2026-03-01,2026-03-01,P::J2702,IPAVA MACOMB WEST 1429 138KV,Queue-derived study fields,,2026-09-05T04:35:51Z,snapshot_fields,1.0
P::J2703,DPP-2022,Central,Phase 2,,,398.0,0.0,,2026-03-01,2026-03-01,2026-03-01,P::J2703,MEREDOSIA 345KV,Queue-derived study fields,,2026-09-05T04:35:51Z,snapshot_fields,1.0
P::J2704,DPP-2022,South,Phase 1,,,500.0,0.0,,2026-03-01,2026-03-01,2026-03-01,P::J2704,CARGAS,Queue-derived study fields,,2026-09-05T04:35:51Z,snapshot_fields,1.0
P::J2705,DPP-2022,South,Phase 1,,,220.0,0.0,,2026-03-01,2026-03-01,2026-03-01,P::J2705,NAPOLEONVILLE 115KV,Queue-derived study fields,,2026-09-05T04:35:51Z,snapshot_fields,1.0
P::J2706,DPP-2022,South,Phase 1,,,500.0,0.0,,2026-03-01,2026-03-01,2026-03-01,P::J2706,BAXTER WILSON SES SWYD PERRYVILLE 500 500KV 181 1 503 0,Queue-derived study fields,,2026-09-05T04:35:51Z,snapshot_fields,1.0
P::J2707,DPP-2022,South,Phase 1,,,165.0,0.0,,2026-03-01,2026-03-01,2026-03-01,P::J2707,PAINCOURTVILLE 115KV,Queue-derived study fields,,2026-09-05T04:35:51Z,snapshot_fields,1.0
P::J2708,DPP-2022,South,Phase 1,,,500.0,0.0,,2026-03-01,2026-03-01,2026-03-01,P::J2708,CARGAS,Queue-derived study fields,,2026-09-05T04:35:51Z,snapshot_fields,1.0
P::J2709,DPP-2022,Central,Phase 2,,,228.0,0.0,,2026-03-01,2026-03-01,2026-03-01,P::J2709,DEEDSVILLE 345,Queue-derived study fields,,2026-09-05T04:35:51Z,snapshot_fields,1.0
P::J2710,DPP-2022,East (ITC),Phase 1,,,100.0,0.0,,2026-03-01,2026-03-01,2026-03-01,P::J2710,MULLIKEN JCT CHESTER 69KV,Queue-derived study fields,,2026-09-05T04:35:51Z,snapshot_fields,1.0
P::J2711,DPP-2022,Central,Phase 2,,,122.0,0.0,,2026-03-01,2026-03-01,2026-03-01,P::J2711,FLINT LAKE SOUTH VALPARAISO 138KV,Queue-derived study fields,,2026-09-05T04:35:51Z,snapshot_fields,1.0
P::J2712,DPP-2022,Central,Phase 2,,,75.0,0.0,,2026-03-01,2026-03-01,2026-03-01,P::J2712,CLINTON 230,Queue-derived study fields,,2026-09-05T04:35:51Z,snapshot_fields,1.0
P::J2713,DPP-2022,West,Phase 1,,,47.6,0.0,,2026-03-01,2026-03-01,2026-03-01,P::J2713,OAK GROVE MERCER CO AMRN,Queue-derived study fields,,2026-09-05T04:35:51Z,snapshot_fields,1.0
P::J2714,DPP-2022,South,Phase 1,,,162.0,0.0,,2026-03-01,2026-03-01,2026-03-01,P::J2714,EUNICE,Queue-derived study fields,,2026-09-05T04:35:51Z,snapshot_fields,1.0
P::J2715,DPP-2022,South,Phase 1,,,120.0,0.0,,2026-03-01,2026-03-01,2026-03-01,P::J2715,ACADIA COLONIAL ACADEMY CO 138 0KV,Queue-derived study fields,,2026-09-05T04:35:51Z,snapshot_fields,1.0
P::J2716,DPP-2022,West,Phase 1,,,300.0,0.0,,2026-03-01,2026-03-01,2026-03-01,P::J2716,HAMPTON 345KV,Queue-derived study fields,,2026-09-05T04:35:51Z,snapshot_fields,1.0
P::J2717,DPP-2022,South,Phase 1,,,600.0,0.0,,2026-03-01,2026-03-01,2026-03-01,P::J2717,ETTA 500KV SUBSTATION,Queue-derived study fields,,2026-09-05T04:35:51Z,snapshot_fields,1.0
P::J2718,DPP-2022,Central,Phase 2,,,50.0,0.0,,2026-03-01,2026-03-01,2026-03-01,P::J2718,OTHER_,Queue-derived study fields,,2026-09-05T04:35:51Z,snapshot_fields,1.0
P::J2719,DPP-2022,East (ITC),Phase 1,,,200.0,0.0,,2026-03-01,2026-03-01,2026-03-01,P::J2719,BARD ROAD 138KV SUBSTATION,Queue-derived study fields,,2026-09-05T04:35:51Z,snapshot_fields,1.0
P::J2720,DPP-2022,South,Phase 1,,,150.0,0.0,,2026-03-01,2026-03-01,2026-03-01,P::J2720,MIDWAY SS CE YAZOO CITY SS 115 0KV,Queue-derived study fields,,2026-09-05T04:35:51Z,snapshot_fields,1.0
P::J2721,DPP-2022,South,Phase 1,,,120.0,0.0,,2026-03-01,2026-03-01,2026-03-01,P::J2721,SENATOBIA SARDIS 115KV LINE,Queue-derived study fields,,2026-09-05T04:35:51Z,snapshot_fields,1.0
P::J2722,DPP-2022,Central,Phase 2,,,100.0,0.0,,2026-03-01,2026-03-01,2026-03-01,P::J2722,TAP ON FRANKFORT NEW LONDON 230KV LINE,Queue-derived study fields,,2026-09-05T04:35:51Z,snapshot_fields,1.0
P::J2723,DPP-2022,Central,Phase 2,,,249.0,0.0,,2026-03-01,2026-03-01,2026-03-01,P::J2723,EAST WINAMAC MONTICELLO 138KV,Queue-derived study fields,,2026-09-05T04:35:51Z,snapshot_fields,1.0
P::J2724,DPP-2022,Central,Phase 2,,,300.0,0.0,,2026-03-01,2026-03-01,2026-03-01,P::J2724,7NEOGA 7HOLLAND 345KV,Queue-derived study fields,,2026-09-05T04:35:51Z,snapshot_fields,1.0
P::J2725,DPP-2022,East (ITC),Phase 1,,,100.0,0.0,,2026-03-01,2026-03-01,2026-03-01,P::J2725,MARQUETTE NORTH BELDING 138KV,Queue-derived study fields,,2026-09-05T04:35:51Z,snapshot_fields,1.0
P::J2726,DPP-2022,Central,Phase 2,,,248.0,0.0,,2026-03-01,2026-03-01,2026-03-01,P::J2726,7ENON 7MONTGMRY 345KV,Queue-derived study fields,,2026-09-05T04:35:51Z,snapshot_fields,1.0
P::J2727,DPP-2022,South,Phase 1,,,140.0,0.0,,2026-03-01,2026-03-01,2026-03-01,P::J2727,PICKENS MIDWAY SS CE 115KV,Queue-derived study fields,,2026-09-05T04:35:51Z,snapshot_fields,1.0
P::J2728,DPP-2022,West,Phase 1,,,150.0,0.0,,2026-03-01,2026-03-01,2026-03-01,P::J2728,GLENWORTH,Queue-derived study fields,,2026-09-05T04:35:51Z,snapshot_fields,1.0
P::J2729,DPP-2022,South,Phase 1,,,200.0,0.0,,2026-03-01,2026-03-01,2026-03-01,P::J2729,ADDIS BIG CAJUN 1 230 0KV,Queue-derived study fields,,2026-09-05T04:35:51Z,snapshot_fields,1.0
P::J2730,DPP-2022,West,Phase 1,,,150.0,0.0,,2026-03-01,2026-03-01,2026-03-01,P::J2730,JACKSON NORTH 161KV SUBSTATION,Queue-derived study fields,,2026-09-05T04:35:51Z,snapshot_fields,1.0
P::J2731,DPP-2022,West,Phase 1,,,150.0,0.0,,2026-03-01,2026-03-01,2026-03-01,P::J2731,MAPLE LEAF,Queue-derived study fields,,2026-09-05T04:35:51Z,snapshot_fields,1.0
P::J2732,DPP-2022,East (ITC),Phase 1,,,250.0,0.0,,2026-03-01,2026-03-01,2026-03-01,P::J2732,GALLAGHER TO TWINNING 138KV,Queue-derived study fields,,2026-09-05T04:35:51Z,snapshot_fields,1.0
P::J2733,DPP-2022,South,Phase 1,,,126.0,0.0,,2026-03-01,2026-03-01,2026-03-01,P::J2733,SWIFTON AECC HOXIE SOUTH 161 0KV,Queue-derived study fields,,2026-09-05T04:35:51Z,snapshot_fields,1.0
P::J2734,DPP-2022,South,Phase 1,,,150.0,0.0,,2026-03-01,2026-03-01,2026-03-01,P::J2734,GILMORE WILSON 161 0KV,Queue-derived study fields,,2026-09-05T04:35:51Z,snapshot_fields,1.0
P::J2735,DPP-2022,South,Phase 1,,,80.0,0.0,,2026-03-01,2026-03-01,2026-03-01,P::J2735,SELMAN FIELD 69KV SUBSTATION,Queue-derived study fields,,2026-09-05T04:35:51Z,snapshot_fields,1.0
P::J2736,DPP-2022,South,Phase 1,,,100.0,0.0,,2026-03-01,2026-03-01,2026-03-01,P::J2736,ROSEDALE TO STRINGTOWN 115KV,Queue-derived study fields,,2026-09-05T04:35:51Z,snapshot_fields,1.0
P::J2737,DPP-2022,South,Phase 1,,,180.0,0.0,,2026-03-01,2026-03-01,2026-03-01,P::J2737,SHARING SUBSTATION FOR J1890 POI FOR J1890 IS NOT IN THE MTEP22 MODEL YET REFERENCE BUS A 48904,Queue-derived study fields,,2026-09-05T04:35:51Z,snapshot_fields,1.0
P::J2738,DPP-2022,West,Phase 1,,,128.0,0.0,,2026-03-01,2026-03-01,2026-03-01,P::J2738,SUB 17,Queue-derived study fields,,2026-09-05T04:35:51Z,snapshot_fields,1.0
P::J2739,DPP-2022,Central,Phase 2,,,100.0,0.0,,2026-03-01,2026-03-01,2026-03-01,P::J2739,WILSON,Queue-derived study fields,,2026-09-05T04:35:51Z,snapshot_fields,1.0
P::J2740,DPP-2022,South,Phase 1,,,150.0,0.0,,2026-03-01,2026-03-01,2026-03-01,P::J2740,DELTA SWYD SHELBY SS 115 0KV,Queue-derived study fields,,2026-09-05T04:35:51Z,snapshot_fields,1.0
P::J2741,DPP-2022,South,Phase 1,,,100.0,0.0,,2026-03-01,2026-03-01,2026-03-01,P::J2741,DELTA SWYD DREW MS 115 0KV,Queue-derived study fields,,2026-09-05T04:35:51Z,snapshot_fields,1.0
P::J2742,DPP-2022,South,Phase 1,,,100.0,0.0,,2026-03-01,2026-03-01,2026-03-01,P::J2742,BEEBE GARNER SS 115 0KV,Queue-derived study fields,,2026-09-05T04:35:51Z,snapshot_fields,1.0
P::J2743,DPP-2022,South,Phase 1,,,175.0,0.0,,2026-03-01,2026-03-01,2026-03-01,P::J2743,BOGALUSA,Queue-derived study fields,,2026-09-05T04:35:51Z,snapshot_fields,1.0
P::J2744,DPP-2022,South,Phase 1,,,50.0,0.0,,2026-03-01,2026-03-01,2026-03-01,P::J2744,CENTREVILLE,Queue-derived study fields,,2026-09-05T04:35:51Z,snapshot_fields,1.0
P::J2745,DPP-2022,South,Phase 1,,,90.0,0.0,,2026-03-01,2026-03-01,2026-03-01,P::J2745,BELZONI BELZONI TAP SS 115 0KV,Queue-derived study fields,,2026-09-05T04:35:51Z,snapshot_fields,1.0
P::J2746,DPP-2022,Central,Phase 2,,,70.0,0.0,,2026-03-01,2026-03-01,2026-03-01,P::J2746,BOYD SEXTON,Queue-derived study fields,,2026-09-05T04:35:51Z,snapshot_fields,1.0
P::J2747,DPP-2022,Central,Phase 2,,,160.0,0.0,,2026-03-01,2026-03-01,2026-03-01,P::J2747,EDWARDSPORT IGCC AMO 345 0KV,Queue-derived study fields,,2026-09-05T04:35:51Z,snapshot_fields,1.0
P::J2748,DPP-2022,West,Phase 1,,,150.0,0.0,,2026-03-01,2026-03-01,2026-03-01,P::J2748,WILTON WINGER 230 0KV,Queue-derived study fields,,2026-09-05T04:35:51Z,snapshot_fields,1.0
P::J2749,DPP-2022,West,Phase 1,,,150.0,0.0,,2026-03-01,2026-03-01,2026-03-01,P::J2749,WINGER 115KV,Queue-derived study fields,,2026-09-05T04:35:51Z,snapshot_fields,1.0
P::J2750,DPP-2022,South,Phase 1,,,197.5,0.0,,2026-03-01,2026-03-01,2026-03-01,P::J2750,RITCHIE SWYD TARLETON 230 0KV,Queue-derived study fields,,2026-09-05T04:35:51Z,snapshot_fields,1.0
P::J2751,DPP-2022,South,Phase 1,,,125.0,0.0,,2026-03-01,2026-03-01,2026-03-01,P::J2751,STRINGTOWN,Queue-derived study fields,,2026-09-05T04:35:51Z,snapshot_fields,1.0
P::J2752,DPP-2022,South,Phase 1,,,110.0,0.0,,2026-03-01,2026-03-01,2026-03-01,P::J2752,ELLIOTT SS SAWYER SS CE 115 0KV,Queue-derived study fields,,2026-09-05T04:35:51Z,snapshot_fields,1.0
P::J2753,DPP-2022,South,Phase 1,,,200.0,0.0,,2026-03-01,2026-03-01,2026-03-01,P::J2753,DARNELL TALLULAH 115 0KV,Queue-derived study fields,,2026-09-05T04:35:51Z,snapshot_fields,1.0
P::J2754,DPP-2022,South,Phase 1,,,170.0,0.0,,2026-03-01,2026-03-01,2026-03-01,P::J2754,138KV BRAGG SHECO MENARD LINE,Queue-derived study fields,,2026-09-05T04:35:51Z,snapshot_fields,1.0
P::J2755,DPP-2022,South,Phase 1,,,100.0,0.0,,2026-03-01,2026-03-01,2026-03-01,P::J2755,AMITY SS AECC MURFREESBORO EAST 115KV,Queue-derived study fields,,2026-09-05T04:35:51Z,snapshot_fields,1.0
P::J2756,DPP-2022,Central,Phase 2,,,42.0,0.0,,2026-03-01,2026-03-01,2026-03-01,P::J2756,BURNA TAP JOY 69 0KV,Queue-derived study fields,,2026-09-05T04:35:51Z,snapshot_fields,1.0
P::J2757,DPP-2022,West,Phase 1,,,160.3,0.0,,2026-03-01,2026-03-01,2026-03-01,P::J2757,LITTLE SIOUX CLIPPER 161 0KV,Queue-derived study fields,,2026-09-05T04:35:51Z,snapshot_fields,1.0
P::J2758,DPP-2022,South,Phase 1,,,500.0,0.0,,2026-03-01,2026-03-01,2026-03-01,P::J2758,STUTTGART RICUSKEY TO WOODWARD 230KV,Queue-derived study fields,,2026-09-05T04:35:51Z,snapshot_fields,1.0
P::J2759,DPP-2022,South,Phase 1,,,170.0,0.0,,2026-03-01,2026-03-01,2026-03-01,P::J2759,STUTTGART RICUSKEY WOODWARD 230 SUB 230 0KV,Queue-derived study fields,,2026-09-05T04:35:51Z,snapshot_fields,1.0
P::J2760,DPP-2022,West,Phase 1,,,68.0,0.0,,2026-03-01,2026-03-01,2026-03-01,P::J2760,BADOURA4 608610 230KV SUBSTATION,Queue-derived study fields,,2026-09-05T04:35:51Z,snapshot_fields,1.0
P::J2761,DPP-2022,South,Phase 1,,,100.0,0.0,,2026-03-01,2026-03-01,2026-03-01,P::J2761,COLUMBIA,Queue-derived study fields,,2026-09-05T04:35:51Z,snapshot_fields,1.0
P::J2762,DPP-2022,Central,Phase 2,,,200.0,0.0,,2026-03-01,2026-03-01,2026-03-01,P::J2762,4TAZEWELL 4FLINT 138KV,Queue-derived study fields,,2026-09-05T04:35:51Z,snapshot_fields,1.0
P::J2763,DPP-2022,South,Phase 1,,,100.0,0.0,,2026-03-01,2026-03-01,2026-03-01,P::J2763,CLEVELAND SOUTH STEINER CE 115 0KV,Queue-derived study fields,,2026-09-05T04:35:51Z,snapshot_fields,1.0
P::J2764,DPP-2022,South,Phase 1,,,150.0,0.0,,2026-03-01,2026-03-01,2026-03-01,P::J2764,JONESBORO APL CASH 161 0KV,Queue-derived study fields,,2026-09-05T04:35:51Z,snapshot_fields,1.0
P::J2765,DPP-2022,South,Phase 1,,,100.0,0.0,,2026-03-01,2026-03-01,2026-03-01,P::J2765,DARNELL 115KV,Queue-derived study fields,,2026-09-05T04:35:51Z,snapshot_fields,1.0
P::J2766,DPP-2022,Central,Phase 2,,,190.0,0.0,,2026-03-01,2026-03-01,2026-03-01,P::J2766,OTHER_,Queue-derived study fields,,2026-09-05T04:35:51Z,snapshot_fields,1.0
P::J2767,DPP-2022,South,Phase 1,,,200.0,0.0,,2026-03-01,2026-03-01,2026-03-01,P::J2767,HIGHTOWER RYE 138KV,Queue-derived study fields,,2026-09-05T04:35:51Z,snapshot_fields,1.0
P::J2768,DPP-2022,South,Phase 1,,,120.0,0.0,,2026-03-01,2026-03-01,2026-03-01,P::J2768,SHELBY SS ROUNDAWAY SS CE 115KV LINE,Queue-derived study fields,,2026-09-05T04:35:51Z,snapshot_fields,1.0
P::J2769,DPP-2022,South,Phase 1,,,200.0,0.0,,2026-03-01,2026-03-01,2026-03-01,P::J2769,AMITE GILLSBURG TAP 115KV,Queue-derived study fields,,2026-09-05T04:35:51Z,snapshot_fields,1.0
P::J2770,DPP-2022,South,Phase 1,,,125.0,0.0,,2026-03-01,2026-03-01,2026-03-01,P::J2770,COLFAX MONTGOMERY EES 230KV LINE,Queue-derived study fields,,2026-09-05T04:35:51Z,snapshot_fields,1.0
P::J2771,DPP-2022,South,Phase 1,,,100.0,0.0,,2026-03-01,2026-03-01,2026-03-01,P::J2771,6CROSSROADS 337100 6MOONLAKE 337107 230KV,Queue-derived study fields,,2026-09-05T04:35:51Z,snapshot_fields,1.0
P::J2772,DPP-2022,West,Phase 1,,,200.0,0.0,,2026-03-01,2026-03-01,2026-03-01,P::J2772,COYOTE SWITCHYARD 345KV SUBSTATION,Queue-derived study fields,,2026-09-05T04:35:51Z,snapshot_fields,1.0
P::J2773,DPP-2022,South,Phase 1,,,100.0,0.0,,2026-03-01,2026-03-01,2026-03-01,P::J2773,NEWPORT FISHER 161KV LINE,Queue-derived study fields,,2026-09-05T04:35:51Z,snapshot_fields,1.0
P::J2774,DPP-2022,East (ITC),Phase 1,,,200.0,0.0,,2026-03-01,2026-03-01,2026-03-01,P::J2774,OTHER_,Queue-derived study fields,,2026-09-05T04:35:51Z,snapshot_fields,1.0
P::J2775,DPP-2022,Central,Phase 2,,,125.0,0.0,,2026-03-01,2026-03-01,2026-03-01,P::J2775,OTHER_,Queue-derived study fields,,2026-09-05T04:35:51Z,snapshot_fields,1.0
P::J2776,DPP-2022,Central,Phase 2,,,10.0,0.0,,2026-03-01,2026-03-01,2026-03-01,P::J2776,WINAMAC TO BRUCE LAKE 69KV CIRCUIT ID 6913 NIPSCO AREA,Queue-derived study fields,,2026-09-05T04:35:51Z,snapshot_fields,1.0
P::J2777,DPP-2022,Central,Phase 2,,,35.0,0.0,,2026-03-01,2026-03-01,2026-03-01,P::J2777,CADIZ LAPEL BROCKWAY GLASS 69KV,Queue-derived study fields,,2026-09-05T04:35:51Z,snapshot_fields,1.0
P::J2778,DPP-2022,Central,Phase 2,,,15.0,0.0,,2026-03-01,2026-03-01,2026-03-01,P::J2778,DEEDSVILLE NORTH MANCHESTER SWITCHING STA 69KV CIRCUIT NUMBER 6974,Queue-derived study fields,,2026-09-05T04:35:51Z,snapshot_fields,1.0
P::J2779,DPP-2022,Central,Phase 2,,,40.0,0.0,,2026-03-01,2026-03-01,2026-03-01,P::J2779,LAFAYETTE TO MIDDLEFORK 69KV LINE CIRCUIT 6909,Queue-derived study fields,,2026-09-05T04:35:51Z,snapshot_fields,1.0
P::J2780,DPP-2022,Central,Phase 2,,,33.0,0.0,,2026-03-01,2026-03-01,2026-03-01,P::J2780,STARKE ACTUAL POI IS ON ASPHALTUM TO MEDARYVILLE 69KV CIRCUIT 6919 AN APPENDIX G FACILITY,Queue-derived study fields,,2026-09-05T04:35:51Z,snapshot_fields,1.0
P::J2781,DPP-2022,Central,Phase 2,,,35.0,0.0,,2026-03-01,2026-03-01,2026-03-01,P::J2781,OTHER_,Queue-derived study fields,,2026-09-05T04:35:51Z,snapshot_fields,1.0
P::J2782,DPP-2022,Central,Phase 2,,,38.0,0.0,,2026-03-01,2026-03-01,2026-03-01,P::J2782,KENTLAND MOROCCO 69KV,Queue-derived study fields,,2026-09-05T04:35:51Z,snapshot_fields,1.0
P::J2783,DPP-2022,Central,Phase 2,,,33.0,0.0,,2026-03-01,2026-03-01,2026-03-01,P::J2783,MONTICELLO 69KV ACUTAL POI IS A TAP ON GUERNSEY MONON CIRCUIT 6907 AN APPENDIX G FACILITY,Queue-derived study fields,,2026-09-05T04:35:51Z,snapshot_fields,1.0
P::J2784,DPP-2022,Central,Phase 2,,,200.0,0.0,,2026-03-01,2026-03-01,2026-03-01,P::J2784,TURNER 345KV SUBSTATION,Queue-derived study fields,,2026-09-05T04:35:51Z,snapshot_fields,1.0
P::J2785,DPP-2022,South,Phase 1,,,500.0,0.0,,2026-03-01,2026-03-01,2026-03-01,P::J2785,EL DORADO SHERIDAN 500KV,Queue-derived study fields,,2026-09-05T04:35:51Z,snapshot_fields,1.0
P::J2786,DPP-2022,East (ITC),Phase 1,,,170.0,0.0,,2026-03-01,2026-03-01,2026-03-01,P::J2786,ARGENTA TALLMADGE 345 0KV,Queue-derived study fields,,2026-09-05T04:35:51Z,snapshot_fields,1.0
P::J2787,DPP-2022,South,Phase 1,,,200.0,0.0,,2026-03-01,2026-03-01,2026-03-01,P::J2787,BRINKLEY EAST AECC AUBREY 230KV,Queue-derived study fields,,2026-09-05T04:35:51Z,snapshot_fields,1.0
P::J2788,DPP-2022,East (ITC),Phase 1,,,100.0,0.0,,2026-03-01,2026-03-01,2026-03-01,P::J2788,DAYTON 120KV SUBSTATION,Queue-derived study fields,,2026-09-05T04:35:51Z,snapshot_fields,1.0
P::J2789,DPP-2022,Central,Phase 2,,,250.0,0.0,,2026-03-01,2026-03-01,2026-03-01,P::J2789,4NEWTON 4ROBNSNAM 138KV,Queue-derived study fields,,2026-09-05T04:35:51Z,snapshot_fields,1.0
P::J2790,DPP-2022,Central,Phase 2,,,300.0,0.0,,2026-03-01,2026-03-01,2026-03-01,P::J2790,7PANA 7AUSTIN 345KV,Queue-derived study fields,,2026-09-05T04:35:51Z,snapshot_fields,1.0
P::J2791,DPP-2022,South,Phase 1,,,243.1,7.46450458680674,,2026-03-01,2026-03-01,2026-03-01,P::J2791,DOC BONIN 69KV,Queue-derived study fields,,2026-09-05T04:35:51Z,snapshot_fields,1.0
P::J2792,DPP-2022,South,Phase 1,,,150.0,0.0,,2026-03-01,2026-03-01,2026-03-01,P::J2792,PERSIMMON MILL RED GUM 115KV LINE,Queue-derived study fields,,2026-09-05T04:35:51Z,snapshot_fields,1.0
P::J2793,DPP-2022,Central,Phase 2,,,250.0,0.0,,2026-03-01,2026-03-01,2026-03-01,P::J2793,MUDDY,Queue-derived study fields,,2026-09-05T04:35:51Z,snapshot_fields,1.0
P::J2794,DPP-2022,Central,Phase 2,,,90.0,0.0,,2026-03-01,2026-03-01,2026-03-01,P::J2794,A TAP ON KINMUNDY OTEGO 138KV LINE,Queue-derived study fields,,2026-09-05T04:35:51Z,snapshot_fields,1.0
P::J2795,DPP-2022,South,Phase 1,,,100.0,0.0,,2026-03-01,2026-03-01,2026-03-01,P::J2795,DOWNSVILLE,Queue-derived study fields,,2026-09-05T04:35:51Z,snapshot_fields,1.0
P::J2796,DPP-2022,South,Phase 1,,,250.0,0.0,,2026-03-01,2026-03-01,2026-03-01,P::J2796,NEWPORT AB CASH 161KV,Queue-derived study fields,,2026-09-05T04:35:51Z,snapshot_fields,1.0
P::J2797,DPP-2022,Central,Phase 2,,,150.0,0.0,,2026-03-01,2026-03-01,2026-03-01,P::J2797,NORRIS CITY NORTH,Queue-derived study fields,,2026-09-05T04:35:51Z,snapshot_fields,1.0
P::J2798,DPP-2022,Central,Phase 2,,,250.0,0.0,,2026-03-01,2026-03-01,2026-03-01,P::J2798,E WINAMAC MONTICELLO 138KV LINE,Queue-derived study fields,,2026-09-05T04:35:51Z,snapshot_fields,1.0
P::J2799,DPP-2022,East (ITC),Phase 1,,,200.0,0.0,,2026-03-01,2026-03-01,2026-03-01,P::J2799,ARGENTA PALISADES 345 0KV,Queue-derived study fields,,2026-09-05T04:35:51Z,snapshot_fields,1.0
P::J2800,DPP-2022,South,Phase 1,,,200.0,0.0,,2026-03-01,2026-03-01,2026-03-01,P::J2800,EL DORADO EHV SAREPTA 345 115KV SW STA 345KV,Queue-derived study fields,,2026-09-05T04:35:51Z,snapshot_fields,1.0
P::J2801,DPP-2022,South,Phase 1,,,130.0,0.0,,2026-03-01,2026-03-01,2026-03-01,P::J2801,AECC HUNTER NORTH MCCRORY 161 0KV,Queue-derived study fields,,2026-09-05T04:35:51Z,snapshot_fields,1.0
P::J2802,DPP-2022,South,Phase 1,,,100.0,0.0,,2026-03-01,2026-03-01,2026-03-01,P::J2802,SINGER J1424 TO PENTON 230KV LINE,Queue-derived study fields,,2026-09-05T04:35:51Z,snapshot_fields,1.0
P::J2803,DPP-2022,South,Phase 1,,,150.0,0.0,,2026-03-01,2026-03-01,2026-03-01,P::J2803,WINONA 3WINONA 337060 CARROLLTON 3CARROLLTON 337056 115KV,Queue-derived study fields,,2026-09-05T04:35:51Z,snapshot_fields,1.0
P::J2804,DPP-2022,South,Phase 1,,,100.0,0.0,,2026-03-01,2026-03-01,2026-03-01,P::J2804,OAK GROVE GALION 115KV TAP,Queue-derived study fields,,2026-09-05T04:35:51Z,snapshot_fields,1.0
P::J2805,DPP-2022,Central,Phase 2,,,200.0,0.0,,2026-03-01,2026-03-01,2026-03-01,P::J2805,VEEDERSBURG WEST 230 SUBSTATION,Queue-derived study fields,,2026-09-05T04:35:51Z,snapshot_fields,1.0
P::J2806,DPP-2022,Central,Phase 2,,,200.0,0.0,,2026-03-01,2026-03-01,2026-03-01,P::J2806,WARRENTON 161KV SUBSTATION,Queue-derived study fields,,2026-09-05T04:35:51Z,snapshot_fields,1.0
P::J2807,DPP-2022,East (ITC),Phase 1,,,100.0,0.0,,2026-03-01,2026-03-01,2026-03-01,P::J2807,DELHI TO TOMPKINS 138KV,Queue-derived study fields,,2026-09-05T04:35:51Z,snapshot_fields,1.0
P::J2808,DPP-2022,Central,Phase 2,,,100.0,0.0,,2026-03-01,2026-03-01,2026-03-01,P::J2808,RAMSEY EAST 138 SUB CO LOCATED WITH DRESSOR AND SWITCHGRASS,Queue-derived study fields,,2026-09-05T04:35:51Z,snapshot_fields,1.0
P::J2809,DPP-2022,Central,Phase 2,,,133.0,0.0,,2026-03-01,2026-03-01,2026-03-01,P::J2809,4GILMAN 4PAXTON E 138KV,Queue-derived study fields,,2026-09-05T04:35:51Z,snapshot_fields,1.0
P::J2810,DPP-2022,West,Phase 1,,,100.0,0.0,,2026-03-01,2026-03-01,2026-03-01,P::J2810,KILLDEER 345 161 SUB EMERY STATION 161 OUTLET,Queue-derived study fields,,2026-09-05T04:35:51Z,snapshot_fields,1.0
P::J2811,DPP-2022,West,Phase 1,,,210.0,0.0,,2026-03-01,2026-03-01,2026-03-01,P::J2811,KILLDEER,Queue-derived study fields,,2026-09-05T04:35:51Z,snapshot_fields,1.0
P::J2812,DPP-2022,East (ITC),Phase 1,,,140.0,0.0,,2026-03-01,2026-03-01,2026-03-01,P::J2812,MOORE ROAD,Queue-derived study fields,,2026-09-05T04:35:51Z,snapshot_fields,1.0
P::J2813,DPP-2022,East (ITC),Phase 1,,,195.0,0.0,,2026-03-01,2026-03-01,2026-03-01,P::J2813,SLATE GOSS 345KV LINE,Queue-derived study fields,,2026-09-05T04:35:51Z,snapshot_fields,1.0
P::J2814,DPP-2022,East (ITC),Phase 1,,,220.0,0.0,,2026-03-01,2026-03-01,2026-03-01,P::J2814,ARGENTA MORROW 138 0KV,Queue-derived study fields,,2026-09-05T04:35:51Z,snapshot_fields,1.0
P::J2815,DPP-2022,East (ITC),Phase 1,,,140.0,0.0,,2026-03-01,2026-03-01,2026-03-01,P::J2815,ARGENTA VERONA 138 0KV,Queue-derived study fields,,2026-09-05T04:35:51Z,snapshot_fields,1.0
P::J2816,DPP-2022,South,Phase 1,,,100.0,0.0,,2026-03-01,2026-03-01,2026-03-01,P::J2816,RILLA RIVERTON 115 0KV,Queue-derived study fields,,2026-09-05T04:35:51Z,snapshot_fields,1.0
P::J2817,DPP-2022,South,Phase 1,,,120.0,0.0,,2026-03-01,2026-03-01,2026-03-01,P::J2817,BATISTE CREEK 230KV SUBSTATION,Queue-derived study fields,,2026-09-05T04:35:51Z,snapshot_fields,1.0
P::J2818,DPP-2022,South,Phase 1,,,130.0,0.0,,2026-03-01,2026-03-01,2026-03-01,P::J2818,AECC CAMDEN SOUTH STEPHENS 115 0KV,Queue-derived study fields,,2026-09-05T04:35:51Z,snapshot_fields,1.0
P::J2819,DPP-2022,South,Phase 1,,,80.0,0.0,,2026-03-01,2026-03-01,2026-03-01,P::J2819,RINGGOLD CARROLL CLECO 115 0KV,Queue-derived study fields,,2026-09-05T04:35:51Z,snapshot_fields,1.0
P::J2820,DPP-2022,Central,Phase 2,,,35.0,0.0,,2026-03-01,2026-03-01,2026-03-01,P::J2820,BON HARBOR TAP STANLEY TAP 69KV,Queue-derived study fields,,2026-09-05T04:35:51Z,snapshot_fields,1.0
P::J2821,DPP-2022,Central,Phase 2,,,30.0,0.0,,2026-03-01,2026-03-01,2026-03-01,P::J2821,SULLIVAN MARION JCT 69KV,Queue-derived study fields,,2026-09-05T04:35:51Z,snapshot_fields,1.0
P::J2822,DPP-2022,East (ITC),Phase 1,,,200.0,0.0,,2026-03-01,2026-03-01,2026-03-01,P::J2822,PALISADES VERGENNES 345 0KV,Queue-derived study fields,,2026-09-05T04:35:51Z,snapshot_fields,1.0
P::J2823,DPP-2022,Central,Phase 2,,,200.0,0.0,,2026-03-01,2026-03-01,2026-03-01,P::J2823,MADISON WEST 138KV SUBSTATION,Queue-derived study fields,,2026-09-05T04:35:51Z,snapshot_fields,1.0
P::J2824,DPP-2022,South,Phase 1,,,70.0,0.0,,2026-03-01,2026-03-01,2026-03-01,P::J2824,PICKEN MIDWAY SS CE 115KV,Queue-derived study fields,,2026-09-05T04:35:51Z,snapshot_fields,1.0
P::J2825,DPP-2022,South,Phase 1,,,100.0,0.0,,2026-03-01,2026-03-01,2026-03-01,P::J2825,COMO CRENSHAW 115KV,Queue-derived study fields,,2026-09-05T04:35:51Z,snapshot_fields,1.0
P::J2826,DPP-2022,Central,Phase 2,,,125.0,0.0,,2026-03-01,2026-03-01,2026-03-01,P::J2826,SANDBORN PRIMARY WORTHINGTON PRIMARY 161 0KV,Queue-derived study fields,,2026-09-05T04:35:51Z,snapshot_fields,1.0
P::J2827,DPP-2022,South,Phase 1,,,200.0,0.0,,2026-03-01,2026-03-01,2026-03-01,P::J2827,NORRELL 230KV SUBSTATION,Queue-derived study fields,,2026-09-05T04:35:51Z,snapshot_fields,1.0
P::J2828,DPP-2022,South,Phase 1,,,50.0,0.0,,2026-03-01,2026-03-01,2026-03-01,P::J2828,L R 145TH ST WRIGHTSVILLE 115KV,Queue-derived study fields,,2026-09-05T04:35:51Z,snapshot_fields,1.0
P::J2829,DPP-2022,Central,Phase 2,,,30.0,0.0,,2026-03-01,2026-03-01,2026-03-01,P::J2829,SCOTTSBURG SPEED 69KV,Queue-derived study fields,,2026-09-05T04:35:51Z,snapshot_fields,1.0
P::J2830,DPP-2022,Central,Phase 2,,,50.0,0.0,,2026-03-01,2026-03-01,2026-03-01,P::J2830,BREWERSVILLE DABNEY 69KV,Queue-derived study fields,,2026-09-05T04:35:51Z,snapshot_fields,1.0
P::J2831,DPP-2022,South,Phase 1,,,36.0,0.0,,2026-03-01,2026-03-01,2026-03-01,P::J2831,COLFAX RODEMACHER 230KV,Queue-derived study fields,,2026-09-05T04:35:51Z,snapshot_fields,1.0
P::J2832,DPP-2022,South,Phase 1,,,110.0,0.0,,2026-03-01,2026-03-01,2026-03-01,P::J2832,DARNELL TALLULAH 115KV,Queue-derived study fields,,2026-09-05T04:35:51Z,snapshot_fields,1.0
P::J2833,DPP-2022,East (ATC),Phase 1,,,40.0,0.0,,2026-03-01,2026-03-01,2026-03-01,P::J2833,SIGEL AUBURNDALE TAP Y 107 69KV,Queue-derived study fields,,2026-09-05T04:35:51Z,snapshot_fields,1.0
P::J2834,DPP-2022,East (ATC),Phase 1,,,50.0,0.0,,2026-03-01,2026-03-01,2026-03-01,P::J2834,SOUTH FOND DU LAC NORTH FOND DU LAC 69KV,Queue-derived study fields,,2026-09-05T04:35:51Z,snapshot_fields,1.0
P::J2835,DPP-2022,Central,Phase 2,,,50.0,0.0,,2026-03-01,2026-03-01,2026-03-01,P::J2835,MADISON SCOTTSBURG 138KV,Queue-derived study fields,,2026-09-05T04:35:51Z,snapshot_fields,1.0
P::J2836,DPP-2022,Central,Phase 2,,,45.0,0.0,,2026-03-01,2026-03-01,2026-03-01,P::J2836,TAP CUMBERLAND 69 0KV,Queue-derived study fields,,2026-09-05T04:35:51Z,snapshot_fields,1.0
P::J2837,DPP-2022,Central,Phase 2,,,50.0,0.0,,2026-03-01,2026-03-01,2026-03-01,P::J2837,NORTH VERNON MADISON 138KV,Queue-derived study fields,,2026-09-05T04:35:51Z,snapshot_fields,1.0
P::J2838,DPP-2022,South,Phase 1,,,150.0,0.0,,2026-03-01,2026-03-01,2026-03-01,P::J2838,DUNN OAK RIDGE LA 115 0KV,Queue-derived study fields,,2026-09-05T04:35:51Z,snapshot_fields,1.0
P::J2839,DPP-2022,South,Phase 1,,,200.0,0.0,,2026-03-01,2026-03-01,2026-03-01,P::J2839,DONALDSONVILLE TO EVERGREEN 230KV LINE,Queue-derived study fields,,2026-09-05T04:35:51Z,snapshot_fields,1.0
P::J2840,DPP-2022,West,Phase 1,,,200.0,0.0,,2026-03-01,2026-03-01,2026-03-01,P::J2840,BYRON 161KV,Queue-derived study fields,,2026-09-05T04:35:51Z,snapshot_fields,1.0
P::J2841,DPP-2022,South,Phase 1,,,500.0,0.0,,2026-03-01,2026-03-01,2026-03-01,P::J2841,INDEPENDENT HOLLAND BOTTOM 500KV,Queue-derived study fields,,2026-09-05T04:35:51Z,snapshot_fields,1.0
P::J2842,DPP-2022,Central,Phase 2,,,200.0,0.0,,2026-03-01,2026-03-01,2026-03-01,P::J2842,MASON 138KV,Queue-derived study fields,,2026-09-05T04:35:51Z,snapshot_fields,1.0
P::J2843,DPP-2022,Central,Phase 2,,,110.0,0.0,,2026-03-01,2026-03-01,2026-03-01,P::J2843,QUALITECH 345KV AMO 345KV,Queue-derived study fields,,2026-09-05T04:35:51Z,snapshot_fields,1.0
P::J2844,DPP-2022,Central,Phase 2,,,200.0,0.0,,2026-03-01,2026-03-01,2026-03-01,P::J2844,AB BROWN 345 REID EHV BREC TERMINAL 345 0KV,Queue-derived study fields,,2026-09-05T04:35:51Z,snapshot_fields,1.0
P::J2845,DPP-2022,West,Phase 1,,,200.0,0.0,,2026-03-01,2026-03-01,2026-03-01,P::J2845,ADAMS HAYWARD 161KV,Queue-derived study fields,,2026-09-05T04:35:51Z,snapshot_fields,1.0
P::J2846,DPP-2022,Central,Phase 2,,,700.0,0.0,,2026-03-01,2026-03-01,2026-03-01,P::J2846,REYNOLDS BURR OAK 345KV LINE,Queue-derived study fields,,2026-09-05T04:35:51Z,snapshot_fields,1.0
P::J2847,DPP-2022,Central,Phase 2,,,180.0,0.0,,2026-03-01,2026-03-01,2026-03-01,P::J2847,REYNOLDS BURR OAK 345KV LINE,Queue-derived study fields,,2026-09-05T04:35:51Z,snapshot_fields,1.0
P::J2848,DPP-2022,Central,Phase 2,,,200.0,0.0,,2026-03-01,2026-03-01,2026-03-01,P::J2848,NOBLESVILLE FALL CREEK AEP 345 0KV,Queue-derived study fields,,2026-09-05T04:35:51Z,snapshot_fields,1.0
P::J2849,DPP-2022,Central,Phase 2,,,245.0,0.0,,2026-03-01,2026-03-01,2026-03-01,P::J2849,REYNOLDS BURR OAK 345KV LINE,Queue-derived study fields,,2026-09-05T04:35:51Z,snapshot_fields,1.0
P::J2850,DPP-2022,South,Phase 1,,,250.0,0.0,,2026-03-01,2026-03-01,2026-03-01,P::J2850,BAGBY TO GERALD ANDRUS 230KV,Queue-derived study fields,,2026-09-05T04:35:51Z,snapshot_fields,1.0
P::J2851,DPP-2022,South,Phase 1,,,250.0,0.0,,2026-03-01,2026-03-01,2026-03-01,P::J2851,ROCKY CREEK,Queue-derived study fields,,2026-09-05T04:35:51Z,snapshot_fields,1.0
P::J2852,DPP-2022,West,Phase 1,,,200.0,0.0,,2026-03-01,2026-03-01,2026-03-01,P::J2852,BROWNS VALLEY 230KV SUBSTATION,Queue-derived study fields,,2026-09-05T04:35:51Z,snapshot_fields,1.0
P::J2853,DPP-2022,Central,Phase 2,,,100.0,0.0,,2026-03-01,2026-03-01,2026-03-01,P::J2853,WESTCHESTER 138KV STATION PSSE BUS 343513,Queue-derived study fields,,2026-09-05T04:35:51Z,snapshot_fields,1.0
P::J2854,DPP-2022,South,Phase 1,,,150.0,0.0,,2026-03-01,2026-03-01,2026-03-01,P::J2854,GRIFFITHVILLE SERCY PRICE 115KV,Queue-derived study fields,,2026-09-05T04:35:51Z,snapshot_fields,1.0
P::J2855,DPP-2022,Central,Phase 2,,,100.0,0.0,,2026-03-01,2026-03-01,2026-03-01,P::J2855,BEDFORD EDWARDSPORT 138KV LINE,Queue-derived study fields,,2026-09-05T04:35:51Z,snapshot_fields,1.0
P::J2856,DPP-2022,South,Phase 1,,,500.0,0.0,,2026-03-01,2026-03-01,2026-03-01,P::J2856,FRANKLIN EHV GRAND GULF TRANSMISSION 500KV,Queue-derived study fields,,2026-09-05T04:35:51Z,snapshot_fields,1.0
P::J2857,DPP-2022,South,Phase 1,,,150.0,0.0,,2026-03-01,2026-03-01,2026-03-01,P::J2857,BANKS SS CE HAMBRICK SS CE 115KV,Queue-derived study fields,,2026-09-05T04:35:51Z,snapshot_fields,1.0
P::J2858,DPP-2022,South,Phase 1,,,110.0,0.0,,2026-03-01,2026-03-01,2026-03-01,P::J2858,BAYOU COVE RICHARD 138KV CIRCUIT 2,Queue-derived study fields,,2026-09-05T04:35:51Z,snapshot_fields,1.0
P::J2859,DPP-2022,South,Phase 1,,,125.0,0.0,,2026-03-01,2026-03-01,2026-03-01,P::J2859,AECC KEO BAUCUM 115KV,Queue-derived study fields,,2026-09-05T04:35:51Z,snapshot_fields,1.0
P::J2860,DPP-2022,South,Phase 1,,,200.0,0.0,,2026-03-01,2026-03-01,2026-03-01,P::J2860,ROY S NELSON DERIDDER MILL 138KV,Queue-derived study fields,,2026-09-05T04:35:51Z,snapshot_fields,1.0
P::J2861,DPP-2022,West,Phase 1,,,147.0,0.0,,2026-03-01,2026-03-01,2026-03-01,P::J2861,ROCHESTER 161KV A TO ADAMS 161KV B,Queue-derived study fields,,2026-09-05T04:35:51Z,snapshot_fields,1.0
P::J2862,DPP-2022,South,Phase 1,,,150.0,0.0,,2026-03-01,2026-03-01,2026-03-01,P::J2862,AECC HERMITAGE SOUTH HILO 115KV,Queue-derived study fields,,2026-09-05T04:35:51Z,snapshot_fields,1.0
P::J2863,DPP-2022,West,Phase 1,,,125.0,0.0,,2026-03-01,2026-03-01,2026-03-01,P::J2863,OTHER_,Queue-derived study fields,,2026-09-05T04:35:51Z,snapshot_fields,1.0
P::J2864,DPP-2022,South,Phase 1,,,375.0,0.0,,2026-03-01,2026-03-01,2026-03-01,P::J2864,MCNEIL EHV TO ETTA EHV 500KV,Queue-derived study fields,,2026-09-05T04:35:51Z,snapshot_fields,1.0
P::J2865,DPP-2022,South,Phase 1,,,375.0,0.0,,2026-03-01,2026-03-01,2026-03-01,P::J2865,EL DORADO EHV MCNEIL EHV 500KV,Queue-derived study fields,,2026-09-05T04:35:51Z,snapshot_fields,1.0
P::J2866,DPP-2022,South,Phase 1,,,375.0,0.0,,2026-03-01,2026-03-01,2026-03-01,P::J2866,MCNEIL 500KV A TO ETTA 500KV B,Queue-derived study fields,,2026-09-05T04:35:51Z,snapshot_fields,1.0
P::J2867,DPP-2022,West,Phase 1,,,50.0,0.0,,2026-03-01,2026-03-01,2026-03-01,P::J2867,LAKE CITY A TO ZUMBRO FALLS B,Queue-derived study fields,,2026-09-05T04:35:51Z,snapshot_fields,1.0
P::J2868,DPP-2022,East (ITC),Phase 1,,,46.2,0.0,,2026-03-01,2026-03-01,2026-03-01,P::J2868,ALMA CENTER MERRILLAN DCP 69KV,Queue-derived study fields,,2026-09-05T04:35:51Z,snapshot_fields,1.0
P::J2869,DPP-2022,South,Phase 1,,,150.0,0.0,,2026-03-01,2026-03-01,2026-03-01,P::J2869,GERALDANDRUS SES SWITCHYARD INDIANOLA 230KV,Queue-derived study fields,,2026-09-05T04:35:51Z,snapshot_fields,1.0
P::J2870,DPP-2022,East (ATC),Phase 1,,,243.6,0.0,,2026-03-01,2026-03-01,2026-03-01,P::J2870,STONE LAKE,Queue-derived study fields,,2026-09-05T04:35:51Z,snapshot_fields,1.0
P::J2871,DPP-2022,South,Phase 1,,,70.0,0.0,,2026-03-01,2026-03-01,2026-03-01,P::J2871,AECC DELL 161KV NUCOR YAMATO 161KV SWITCHING STATION 161 0KV,Queue-derived study fields,,2026-09-05T04:35:51Z,snapshot_fields,1.0
P::J2872,DPP-2022,West,Phase 1,,,150.0,0.0,,2026-03-01,2026-03-01,2026-03-01,P::J2872,HAMPTON 345KV,Queue-derived study fields,,2026-09-05T04:35:51Z,snapshot_fields,1.0
P::J2873,DPP-2022,South,Phase 1,,,165.0,0.0,,2026-03-01,2026-03-01,2026-03-01,P::J2873,MAGEE 161 WHITE OAK 161 0KV,Queue-derived study fields,,2026-09-05T04:35:51Z,snapshot_fields,1.0
P::J2874,DPP-2022,East (ITC),Phase 1,,,85.0,0.0,,2026-03-01,2026-03-01,2026-03-01,P::J2874,HAMPTON,Queue-derived study fields,,2026-09-05T04:35:51Z,snapshot_fields,1.0
P::J2875,DPP-2022,East (ITC),Phase 1,,,150.0,0.0,,2026-03-01,2026-03-01,2026-03-01,P::J2875,HAGENSVILLE 138KV SUBSTATION,Queue-derived study fields,,2026-09-05T04:35:51Z,snapshot_fields,1.0
P::J2876,DPP-2022,East (ITC),Phase 1,,,175.0,0.0,,2026-03-01,2026-03-01,2026-03-01,P::J2876,WHITTEMORE TO TWINING 138KV,Queue-derived study fields,,2026-09-05T04:35:51Z,snapshot_fields,1.0
P::J2877,DPP-2022,East (ITC),Phase 1,,,129.0,35.5,,2026-03-01,2026-03-01,2026-03-01,P::J2877,MURPHY TITTABAWASSEE 345 0KV,Queue-derived study fields,,2026-09-05T04:35:51Z,snapshot_fields,1.0
P::J2878,DPP-2022,East (ITC),Phase 1,,,200.0,0.0,,2026-03-01,2026-03-01,2026-03-01,P::J2878,GREENWOOD RAPSON 345 0KV,Queue-derived study fields,,2026-09-05T04:35:51Z,snapshot_fields,1.0
P::J2879,DPP-2022,West,Phase 1,,,80.0,0.0,,2026-03-01,2026-03-01,2026-03-01,P::J2879,CHEMOLITE,Queue-derived study fields,,2026-09-05T04:35:51Z,snapshot_fields,1.0
P::J2880,DPP-2022,South,Phase 1,,,150.0,0.0,,2026-03-01,2026-03-01,2026-03-01,P::J2880,STUTTGART RICUSKEY WOODWARD 230 SUB 230 0KV,Queue-derived study fields,,2026-09-05T04:35:51Z,snapshot_fields,1.0
P::J2881,DPP-2022,South,Phase 1,,,125.0,0.0,,2026-03-01,2026-03-01,2026-03-01,P::J2881,AECC PINEBERGEN AECC GLENDALE 115 0KV,Queue-derived study fields,,2026-09-05T04:35:51Z,snapshot_fields,1.0
P::J2882,DPP-2022,South,Phase 1,,,410.0,0.0,,2026-03-01,2026-03-01,2026-03-01,P::J2882,COOPER PENTON ROAD 230KV,Queue-derived study fields,,2026-09-05T04:35:51Z,snapshot_fields,1.0
P::J2883,DPP-2022,West,Phase 1,,,347.0,0.0,,2026-03-01,2026-03-01,2026-03-01,P::J2883,COYOTE SWITCHYARD 345KV SUBSTATION,Queue-derived study fields,,2026-09-05T04:35:51Z,snapshot_fields,1.0
P::J2884,DPP-2022,South,Phase 1,,,276.0,0.0,,2026-03-01,2026-03-01,2026-03-01,P::J2884,COOPER TO PENTON ROAD 230KV,Queue-derived study fields,,2026-09-05T04:35:51Z,snapshot_fields,1.0
P::J2885,DPP-2022,West,Phase 1,,,130.0,0.0,,2026-03-01,2026-03-01,2026-03-01,P::J2885,PLUMMER PIPE,Queue-derived study fields,,2026-09-05T04:35:51Z,snapshot_fields,1.0
P::J2886,DPP-2022,Central,Phase 2,,,115.0,0.0,,2026-03-01,2026-03-01,2026-03-01,P::J2886,4AUBURN N 4JACKSNVL 138KV,Queue-derived study fields,,2026-09-05T04:35:51Z,snapshot_fields,1.0
P::J2887,DPP-2022,South,Phase 1,,,50.0,0.0,,2026-03-01,2026-03-01,2026-03-01,P::J2887,MAGEE 161 WHITE OAK 161 0KV,Queue-derived study fields,,2026-09-05T04:35:51Z,snapshot_fields,1.0
P::J2888,DPP-2022,South,Phase 1,,,500.0,0.0,,2026-03-01,2026-03-01,2026-03-01,P::J2888,BAXTER WILSON SES SWYD 500KV,Queue-derived study fields,,2026-09-05T04:35:51Z,snapshot_fields,1.0
P::J2889,DPP-2022,East (ITC),Phase 1,,,200.0,0.0,,2026-03-01,2026-03-01,2026-03-01,P::J2889,ARGENTA 138KV,Queue-derived study fields,,2026-09-05T04:35:51Z,snapshot_fields,1.0
P::J2890,DPP-2022,South,Phase 1,,,440.0,0.0,,2026-03-01,2026-03-01,2026-03-01,P::J2890,LAKE CHARLES BULK 138KV SUBSTATION,Queue-derived study fields,,2026-09-05T04:35:51Z,snapshot_fields,1.0
P::J2891,DPP-2022,East (ATC),Phase 1,,,50.0,0.0,,2026-03-01,2026-03-01,2026-03-01,P::J2891,OTHER_,Queue-derived study fields,,2026-09-05T04:35:51Z,snapshot_fields,1.0
P::J2892,DPP-2022,West,Phase 1,,,200.0,0.0,,2026-03-01,2026-03-01,2026-03-01,P::J2892,BLACKHAWK MEC QUINN 345KV,Queue-derived study fields,,2026-09-05T04:35:51Z,snapshot_fields,1.0
P::J2893,DPP-2022,South,Phase 1,,,200.0,0.0,,2026-03-01,2026-03-01,2026-03-01,P::J2893,DURANT BOWLING GREEN SS 115 0KV,Queue-derived study fields,,2026-09-05T04:35:51Z,snapshot_fields,1.0
P::J2894,DPP-2022,Central,Phase 2,,,22.77,0.0,,2026-03-01,2026-03-01,2026-03-01,P::J2894,WESTLAND JCT WESTLINE 69KV LINE,Queue-derived study fields,,2026-09-05T04:35:51Z,snapshot_fields,1.0
P::J2895,DPP-2022,Central,Phase 2,,,120.0,0.0,,2026-03-01,2026-03-01,2026-03-01,P::J2895,BETHLEHEM 138KV SUBSTATION,Queue-derived study fields,,2026-09-05T04:35:51Z,snapshot_fields,1.0
P::J2896,DPP-2022,West,Phase 1,,,80.0,0.0,,2026-03-01,2026-03-01,2026-03-01,P::J2896,GWINNER 115KV SUBSTATION,Queue-derived study fields,,2026-09-05T04:35:51Z,snapshot_fields,1.0
P::J2897,DPP-2022,South,Phase 1,,,150.0,0.0,,2026-03-01,2026-03-01,2026-03-01,P::J2897,RIVTRIN SHECO CALVIN 138 0KV,Queue-derived study fields,,2026-09-05T04:35:51Z,snapshot_fields,1.0
P::J2898,DPP-2022,South,Phase 1,,,200.0,0.0,,2026-03-01,2026-03-01,2026-03-01,P::J2898,FRANKLIN EHV MCKNIGHT 500 0KV,Queue-derived study fields,,2026-09-05T04:35:51Z,snapshot_fields,1.0
P::J2899,DPP-2022,South,Phase 1,,,250.0,0.0,,2026-03-01,2026-03-01,2026-03-01,P::J2899,GOOS FERRY CHALKLEY CO 230 0KV,Queue-derived study fields,,2026-09-05T04:35:51Z,snapshot_fields,1.0
P::J2900,DPP-2022,South,Phase 1,,,400.0,0.0,,2026-03-01,2026-03-01,2026-03-01,P::J2900,FRANKLIN EHV MCKNIGHT 500 0KV,Queue-derived study fields,,2026-09-05T04:35:51Z,snapshot_fields,1.0
P::J2901,DPP-2022,South,Phase 1,,,140.0,0.0,,2026-03-01,2026-03-01,2026-03-01,P::J2901,MACEDONIA TAYLOR 115 0KV,Queue-derived study fields,,2026-09-05T04:35:51Z,snapshot_fields,1.0
P::J2902,DPP-2022,South,Phase 1,,,70.0,0.0,,2026-03-01,2026-03-01,2026-03-01,P::J2902,BEECH GROVE SS 115KV SUBSTATION,Queue-derived study fields,,2026-09-05T04:35:51Z,snapshot_fields,1.0
P::J2903,DPP-2022,South,Phase 1,,,130.0,0.0,,2026-03-01,2026-03-01,2026-03-01,P::J2903,BROOKHAVEN BROOKHAVEN SOUTH 115 0KV,Queue-derived study fields,,2026-09-05T04:35:51Z,snapshot_fields,1.0
P::J2904,DPP-2022,South,Phase 1,,,150.0,0.0,,2026-03-01,2026-03-01,2026-03-01,P::J2904,PLANTATION,Queue-derived study fields,,2026-09-05T04:35:51Z,snapshot_fields,1.0
P::J2905,DPP-2022,South,Phase 1,,,100.0,0.0,,2026-03-01,2026-03-01,2026-03-01,P::J2905,HOLLANDALE NITTA YUMA SS CE 115 0KV,Queue-derived study fields,,2026-09-05T04:35:51Z,snapshot_fields,1.0
P::J2906,DPP-2022,East (ITC),Phase 1,,,200.0,0.0,,2026-03-01,2026-03-01,2026-03-01,P::J2906,JAGUAR 138KV SUBSTATION,Queue-derived study fields,,2026-09-05T04:35:51Z,snapshot_fields,1.0
P::J2907,DPP-2022,South,Phase 1,,,400.0,0.0,,2026-03-01,2026-03-01,2026-03-01,P::J2907,SHERIDAN 500KV,Queue-derived study fields,,2026-09-05T04:35:51Z,snapshot_fields,1.0
P::J2908,DPP-2022,Central,Phase 2,,,30.0,0.0,,2026-03-01,2026-03-01,2026-03-01,P::J2908,JACKSONVILLE NORTH,Queue-derived study fields,,2026-09-05T04:35:51Z,snapshot_fields,1.0
P::J2909,DPP-2022,South,Phase 1,,,200.0,0.0,,2026-03-01,2026-03-01,2026-03-01,P::J2909,REMINGTON AECC TO LONOKE E 115KV,Queue-derived study fields,,2026-09-05T04:35:51Z,snapshot_fields,1.0
P::J2910,DPP-2022,South,Phase 1,,,303.0,0.0,,2026-03-01,2026-03-01,2026-03-01,P::J2910,STOWELL 230KV,Queue-derived study fields,,2026-09-05T04:35:51Z,snapshot_fields,1.0
P::J2911,DPP-2022,South,Phase 1,,,810.0,0.0,,2026-03-01,2026-03-01,2026-03-01,P::J2911,PENTON 230KV SUBSTATION,Queue-derived study fields,,2026-09-05T04:35:51Z,snapshot_fields,1.0
P::J2912,DPP-2022,West,Phase 1,,,347.0,0.0,,2026-03-01,2026-03-01,2026-03-01,P::J2912,COYOTE SWITCHYARD 345KV SUBSTATION,Queue-derived study fields,,2026-09-05T04:35:51Z,snapshot_fields,1.0
P::J2913,DPP-2022,West,Phase 1,,,90.0,0.0,,2026-03-01,2026-03-01,2026-03-01,P::J2913,FORMAN 115KV SUBSTATION,Queue-derived study fields,,2026-09-05T04:35:51Z,snapshot_fields,1.0
P::J2914,DPP-2022,South,Phase 1,,,450.0,0.0,,2026-03-01,2026-03-01,2026-03-01,P::J2914,MCKNIGHT PLANT DANIEL 500 0KV,Queue-derived study fields,,2026-09-05T04:35:51Z,snapshot_fields,1.0
P::J2915,DPP-2022,Central,Phase 2,,,223.0,0.0,,2026-03-01,2026-03-01,2026-03-01,P::J2915,OTHER_,Queue-derived study fields,,2026-09-05T04:35:51Z,snapshot_fields,1.0
P::J2916,DPP-2022,South,Phase 1,,,400.0,0.0,,2026-03-01,2026-03-01,2026-03-01,P::J2916,EAST LEESVILLE RODEMACHER 230KV,Queue-derived study fields,,2026-09-05T04:35:51Z,snapshot_fields,1.0
P::J2917,DPP-2022,South,Phase 1,,,80.0,0.0,,2026-03-01,2026-03-01,2026-03-01,P::J2917,PRAIRIE ROAD,Queue-derived study fields,,2026-09-05T04:35:51Z,snapshot_fields,1.0
P::J2918,DPP-2022,Central,Phase 2,,,97.0,0.0,,2026-03-01,2026-03-01,2026-03-01,P::J2918,4EFFINGHM N 4NEWTON 138KV,Queue-derived study fields,,2026-09-05T04:35:51Z,snapshot_fields,1.0
P::J2919,DPP-2022,Central,Phase 2,,,142.59,0.0,,2026-03-01,2026-03-01,2026-03-01,P::J2919,KOKOMO WEBSTER ST TO WALTON 230KV,Queue-derived study fields,,2026-09-05T04:35:51Z,snapshot_fields,1.0
P::J2920,DPP-2022,South,Phase 1,,,92.0,0.0,,2026-03-01,2026-03-01,2026-03-01,P::J2920,1673 INTERCONNECTION SUBSTATION,Queue-derived study fields,,2026-09-05T04:35:51Z,snapshot_fields,1.0
P::J2921,DPP-2022,East (ITC),Phase 1,,,250.0,0.0,,2026-03-01,2026-03-01,2026-03-01,P::J2921,OTHER_,Queue-derived study fields,,2026-09-05T04:35:51Z,snapshot_fields,1.0
P::J2922,DPP-2022,Central,Phase 2,,,250.0,0.0,,2026-03-01,2026-03-01,2026-03-01,P::J2922,7CASEY 7NEWTON 345 0KV,Queue-derived study fields,,2026-09-05T04:35:51Z,snapshot_fields,1.0
P::J2923,DPP-2022,South,Phase 1,,,240.0,0.0,,2026-03-01,2026-03-01,2026-03-01,P::J2923,EL DORADO EHV SARPETA 345 115KV SW STA 345KV,Queue-derived study fields,,2026-09-05T04:35:51Z,snapshot_fields,1.0
P::J2924,DPP-2022,South,Phase 1,,,222.0,0.0,,2026-03-01,2026-03-01,2026-03-01,P::J2924,EL DORADO EHV SAREPTA 345 115 SS 345 0KV,Queue-derived study fields,,2026-09-05T04:35:51Z,snapshot_fields,1.0
P::J2925,DPP-2022,Central,Phase 2,,,150.0,0.0,,2026-03-01,2026-03-01,2026-03-01,P::J2925,GILLETT,Queue-derived study fields,,2026-09-05T04:35:51Z,snapshot_fields,1.0
P::J2926,DPP-2022,Central,Phase 2,,,100.0,0.0,,2026-03-01,2026-03-01,2026-03-01,P::J2926,ASHLEY TO WEST FRANKFORT 1536,Queue-derived study fields,,2026-09-05T04:35:51Z,snapshot_fields,1.0
P::J2927,DPP-2022,Central,Phase 2,,,100.0,0.0,,2026-03-01,2026-03-01,2026-03-01,P::J2927,TIBBS,Queue-derived study fields,,2026-09-05T04:35:51Z,snapshot_fields,1.0
P::J2928,DPP-2022,South,Phase 1,,,160.0,0.0,,2026-03-01,2026-03-01,2026-03-01,P::J2928,HARRISBURG 161KV SUBSTATION,Queue-derived study fields,,2026-09-05T04:35:51Z,snapshot_fields,1.0
P::J2929,DPP-2022,Central,Phase 2,,,200.0,0.0,,2026-03-01,2026-03-01,2026-03-01,P::J2929,HENDERSON 161KV,Queue-derived study fields,,2026-09-05T04:35:51Z,snapshot_fields,1.0
P::J2930,DPP-2022,Central,Phase 2,,,200.0,0.0,,2026-03-01,2026-03-01,2026-03-01,P::J2930,AB BROWN 345 REID EHV BREC TERMINAL 345 0KV,Queue-derived study fields,,2026-09-05T04:35:51Z,snapshot_fields,1.0
P::J2931,DPP-2022,Central,Phase 2,,,400.0,0.0,,2026-03-01,2026-03-01,2026-03-01,P::J2931,AB BROWN 345 REID EHV BREC TERMINAL 345 0KV,Queue-derived study fields,,2026-09-05T04:35:51Z,snapshot_fields,1.0
P::J2932,DPP-2022,Central,Phase 2,,,100.0,0.0,,2026-03-01,2026-03-01,2026-03-01,P::J2932,HENDERSON 161KV,Queue-derived study fields,,2026-09-05T04:35:51Z,snapshot_fields,1.0
P::J2933,DPP-2022,East (ITC),Phase 1,,,200.0,0.0,,2026-03-01,2026-03-01,2026-03-01,P::J2933,GALLAGHER TITTABAWASSEE 345KV TRANSMISSION LINE,Queue-derived study fields,,2026-09-05T04:35:51Z,snapshot_fields,1.0
P::J2934,DPP-2022,East (ITC),Phase 1,,,200.0,0.0,,2026-03-01,2026-03-01,2026-03-01,P::J2934,THETFORD TO MURPHY 345KV,Queue-derived study fields,,2026-09-05T04:35:51Z,snapshot_fields,1.0
P::J2935,DPP-2022,East (ITC),Phase 1,,,200.0,0.0,,2026-03-01,2026-03-01,2026-03-01,P::J2935,THETFORD TO MURPHY 345KV,Queue-derived study fields,,2026-09-05T04:35:51Z,snapshot_fields,1.0
P::J2936,DPP-2022,South,Phase 1,,,500.0,0.0,,2026-03-01,2026-03-01,2026-03-01,P::J2936,INDEPENDENCE A 500KV TO POWERLINE B 500KV,Queue-derived study fields,,2026-09-05T04:35:51Z,snapshot_fields,1.0
P::J2937,DPP-2022,Central,Phase 2,,,186.0,0.0,,2026-03-01,2026-03-01,2026-03-01,P::J2937,4PANA 4OAKLEY 138 0KV,Queue-derived study fields,,2026-09-05T04:35:51Z,snapshot_fields,1.0
P::J2938,DPP-2022,Central,Phase 2,,,200.0,0.0,,2026-03-01,2026-03-01,2026-03-01,P::J2938,4MONM BLVD W 4CASTRO_JCT 138 0KV,Queue-derived study fields,,2026-09-05T04:35:51Z,snapshot_fields,1.0
P::J2939,DPP-2022,South,Phase 1,,,150.0,0.0,,2026-03-01,2026-03-01,2026-03-01,P::J2939,HAMBRICK SWITCHING STATION 115KV,Queue-derived study fields,,2026-09-05T04:35:51Z,snapshot_fields,1.0
P::J2940,DPP-2022,South,Phase 1,,,100.0,0.0,,2026-03-01,2026-03-01,2026-03-01,P::J2940,NITTA YUMA SS CE ROLLING FORK 115KV,Queue-derived study fields,,2026-09-05T04:35:51Z,snapshot_fields,1.0
P::J2941,DPP-2022,South,Phase 1,,,100.0,0.0,,2026-03-01,2026-03-01,2026-03-01,P::J2941,MACON LAKE SS LAKE CHICOT PUMP STA 115KV,Queue-derived study fields,,2026-09-05T04:35:51Z,snapshot_fields,1.0
P::J2942,DPP-2022,South,Phase 1,,,200.0,0.0,,2026-03-01,2026-03-01,2026-03-01,P::J2942,COOPER TO PENTON ROAD 230KV,Queue-derived study fields,,2026-09-05T04:35:51Z,snapshot_fields,1.0
P::J2943,DPP-2022,South,Phase 1,,,140.0,0.0,,2026-03-01,2026-03-01,2026-03-01,P::J2943,MINDEN TO SAREPTA 115KV,Queue-derived study fields,,2026-09-05T04:35:51Z,snapshot_fields,1.0
P::J2944,DPP-2022,East (ATC),Phase 1,,,350.0,0.0,,2026-03-01,2026-03-01,2026-03-01,P::J2944,ROCKY RUN GARDNER PARK 345 0KV,Queue-derived study fields,,2026-09-05T04:35:51Z,snapshot_fields,1.0
P::J2945,DPP-2022,Central,Phase 2,,,350.0,0.0,,2026-03-01,2026-03-01,2026-03-01,P::J2945,SUB T 3 HILLS 3 345 0KV,Queue-derived study fields,,2026-09-05T04:35:51Z,snapshot_fields,1.0
P::J2946,DPP-2022,West,Phase 1,,,160.0,0.0,,2026-03-01,2026-03-01,2026-03-01,P::J2946,SALEM HICKORY CREEK 345KV LINE,Queue-derived study fields,,2026-09-05T04:35:51Z,snapshot_fields,1.0
P::J2947,DPP-2022,East (ATC),Phase 1,,,205.0,0.0,,2026-03-01,2026-03-01,2026-03-01,P::J2947,ROCK RIVER 138KV SUBSTATIONS 1 6 RICE AND 2 5 RICE,Queue-derived study fields,,2026-09-05T04:35:51Z,snapshot_fields,1.0
P::J2948,DPP-2022,West,Phase 1,,,75.0,0.0,,2026-03-01,2026-03-01,2026-03-01,P::J2948,MARSHALLTOWN,Queue-derived study fields,,2026-09-05T04:35:51Z,snapshot_fields,1.0
P::J2949,DPP-2022,West,Phase 1,,,100.0,0.0,,2026-03-01,2026-03-01,2026-03-01,P::J2949,MARSHALLTOWN 161KV SUBSTATION,Queue-derived study fields,,2026-09-05T04:35:51Z,snapshot_fields,1.0
P::J2950,DPP-2022,West,Phase 1,,,299.3,0.0,,2026-03-01,2026-03-01,2026-03-01,P::J2950,CLAY COUNTY,Queue-derived study fields,,2026-09-05T04:35:51Z,snapshot_fields,1.0
P::J2951,DPP-2022,West,Phase 1,,,50.0,0.0,,2026-03-01,2026-03-01,2026-03-01,P::J2951,CRESTON ROADHOUSE,Queue-derived study fields,,2026-09-05T04:35:51Z,snapshot_fields,1.0
P::J2952,DPP-2022,South,Phase 1,,,100.0,0.0,,2026-03-01,2026-03-01,2026-03-01,P::J2952,CROOKED BAYOU TO STOWELL 138KV LINE,Queue-derived study fields,,2026-09-05T04:35:51Z,snapshot_fields,1.0
P::J2953,DPP-2022,South,Phase 1,,,400.0,0.0,,2026-03-01,2026-03-01,2026-03-01,P::J2953,CHISHOLM RD SABINE 230KV,Queue-derived study fields,,2026-09-05T04:35:51Z,snapshot_fields,1.0
P::J2954,DPP-2022,South,Phase 1,,,100.0,0.0,,2026-03-01,2026-03-01,2026-03-01,P::J2954,AECC CORNING NORTH Ã DATTO 161KV,Queue-derived study fields,,2026-09-05T04:35:51Z,snapshot_fields,1.0
P::J2955,DPP-2022,South,Phase 1,,,150.0,0.0,,2026-03-01,2026-03-01,2026-03-01,P::J2955,WRIGHTSVILLE Ã WHITE BLUFF EHV 115KV,Queue-derived study fields,,2026-09-05T04:35:51Z,snapshot_fields,1.0
P::J2956,DPP-2022,South,Phase 1,,,100.0,0.0,,2026-03-01,2026-03-01,2026-03-01,P::J2956,GALION 115KV SUBSTATION,Queue-derived study fields,,2026-09-05T04:35:51Z,snapshot_fields,1.0
P::J2957,DPP-2022,South,Phase 1,,,100.0,0.0,,2026-03-01,2026-03-01,2026-03-01,P::J2957,COMO CRENSHAW 115KV LINE,Queue-derived study fields,,2026-09-05T04:35:51Z,snapshot_fields,1.0
P::J2958,DPP-2022,South,Phase 1,,,100.0,0.0,,2026-03-01,2026-03-01,2026-03-01,P::J2958,HAYNESVILLE SOUTH 115KV SUBSTATION,Queue-derived study fields,,2026-09-05T04:35:51Z,snapshot_fields,1.0
P::J2959,DPP-2022,Central,Phase 2,,,200.0,0.0,,2026-03-01,2026-03-01,2026-03-01,P::J2959,ROLLIN SCHAHFER 17SCHAHFER 255110 345KV,Queue-derived study fields,,2026-09-05T04:35:51Z,snapshot_fields,1.0
P::J2960,DPP-2022,Central,Phase 2,,,150.0,0.0,,2026-03-01,2026-03-01,2026-03-01,P::J2960,10CULY13 253500 F B CULLEY 10AEP_T 353586 TAP BETWEEN CULLEY 10CULY13 253500 GRANDVIEW,Queue-derived study fields,,2026-09-05T04:35:51Z,snapshot_fields,1.0
P::J2961,DPP-2022,Central,Phase 2,,,100.0,0.0,,2026-03-01,2026-03-01,2026-03-01,P::J2961,EDWARDSPORT STATION 08EDWRDS 249722 WHITEFIELD 08WHTFLD 249876 138KV,Queue-derived study fields,,2026-09-05T04:35:51Z,snapshot_fields,1.0
P::J2962,DPP-2022,Central,Phase 2,,,150.0,0.0,,2026-03-01,2026-03-01,2026-03-01,P::J2962,AKIN HAMILTON 138KV,Queue-derived study fields,,2026-09-05T04:35:51Z,snapshot_fields,1.0
P::J2963,DPP-2022,Central,Phase 2,,,200.0,0.0,,2026-03-01,2026-03-01,2026-03-01,P::J2963,PURO,Queue-derived study fields,,2026-09-05T04:35:51Z,snapshot_fields,1.0
P::J2964,DPP-2022,South,Phase 1,,,220.0,0.0,,2026-03-01,2026-03-01,2026-03-01,P::J2964,WEBB 115KV,Queue-derived study fields,,2026-09-05T04:35:51Z,snapshot_fields,1.0
P::J2965,DPP-2022,South,Phase 1,,,180.0,0.0,,2026-03-01,2026-03-01,2026-03-01,P::J2965,OAK GROVE 115 SUB,Queue-derived study fields,,2026-09-05T04:35:51Z,snapshot_fields,1.0
P::J2966,DPP-2022,South,Phase 1,,,450.0,0.0,,2026-03-01,2026-03-01,2026-03-01,P::J2966,BATESVILLE TO MOON LAKE SS 230KV LINE,Queue-derived study fields,,2026-09-05T04:35:51Z,snapshot_fields,1.0
P::J2967,DPP-2022,South,Phase 1,,,200.0,0.0,,2026-03-01,2026-03-01,2026-03-01,P::J2967,LOWE GROUT RD TO JENNINGS 138KV LINE,Queue-derived study fields,,2026-09-05T04:35:51Z,snapshot_fields,1.0
P::J2968,DPP-2022,South,Phase 1,,,165.0,0.0,,2026-03-01,2026-03-01,2026-03-01,P::J2968,LC BULK TO HENNING 138KV LINE CIRCUIT 28,Queue-derived study fields,,2026-09-05T04:35:51Z,snapshot_fields,1.0
P::J2969,DPP-2022,East (ITC),Phase 1,,,13.4,0.0,,2026-03-01,2026-03-01,2026-03-01,P::J2969,KALKASKA GEN,Queue-derived study fields,,2026-09-05T04:35:51Z,snapshot_fields,1.0
P::J2970,DPP-2022,Central,Phase 2,,,250.0,0.0,,2026-03-01,2026-03-01,2026-03-01,P::J2970,AB BROWN 345 GIBSON DUKE TERMINAL 345 0KV,Queue-derived study fields,,2026-09-05T04:35:51Z,snapshot_fields,1.0
P::J2971,DPP-2022,South,Phase 1,,,280.0,0.0,,2026-03-01,2026-03-01,2026-03-01,P::J2971,SOUTHWEST LONE STAR 161KV MISSISSIPPI HUB 161KV,Queue-derived study fields,,2026-09-05T04:35:51Z,snapshot_fields,1.0
P::J2972,DPP-2022,Central,Phase 2,,,140.0,0.0,,2026-03-01,2026-03-01,2026-03-01,P::J2972,4HULL 4HERLEMAN 138 0KV,Queue-derived study fields,,2026-09-05T04:35:51Z,snapshot_fields,1.0
P::J2973,DPP-2022,Central,Phase 2,,,250.0,0.0,,2026-03-01,2026-03-01,2026-03-01,P::J2973,7FARADAY 7PANA 345 0KV,Queue-derived study fields,,2026-09-05T04:35:51Z,snapshot_fields,1.0
P::J2974,DPP-2022,Central,Phase 2,,,50.0,0.0,,2026-03-01,2026-03-01,2026-03-01,P::J2974,4HULL 4HERLEMAN 138 0KV,Queue-derived study fields,,2026-09-05T04:35:51Z,snapshot_fields,1.0
P::J2975,DPP-2022,South,Phase 1,,,44.1,0.0,,2026-03-01,2026-03-01,2026-03-01,P::J2975,BEVIL SUBSTATION 230KV,Queue-derived study fields,,2026-09-05T04:35:51Z,snapshot_fields,1.0
P::J2976,DPP-2022,South,Phase 1,,,50.0,0.0,,2026-03-01,2026-03-01,2026-03-01,P::J2976,MILL CREEK SW STATION 138KV,Queue-derived study fields,,2026-09-05T04:35:51Z,snapshot_fields,1.0
P::J2977,DPP-2022,South,Phase 1,,,150.0,0.0,,2026-03-01,2026-03-01,2026-03-01,P::J2977,AECC HERMITAGE SOUTH HILO 115KV,Queue-derived study fields,,2026-09-05T04:35:51Z,snapshot_fields,1.0
P::J2978,DPP-2022,South,Phase 1,,,100.0,0.0,,2026-03-01,2026-03-01,2026-03-01,P::J2978,WEST MEMPHIS EHV TO KEO 500KV,Queue-derived study fields,,2026-09-05T04:35:51Z,snapshot_fields,1.0
P::J2979,DPP-2022,Central,Phase 2,,,50.0,0.0,,2026-03-01,2026-03-01,2026-03-01,P::J2979,MASON CITY WEST 69KV SUBSTATION,Queue-derived study fields,,2026-09-05T04:35:51Z,snapshot_fields,1.0
P::J2980,DPP-2022,South,Phase 1,,,100.0,0.0,,2026-03-01,2026-03-01,2026-03-01,P::J2980,HINTONVILLE 161 69KV SUBSTATION,Queue-derived study fields,,2026-09-05T04:35:51Z,snapshot_fields,1.0
P::J2981,DPP-2022,Central,Phase 2,,,30.0,0.0,,2026-03-01,2026-03-01,2026-03-01,P::J2981,AMEREN CENTRALIA 69KV SUBSTATION,Queue-derived study fields,,2026-09-05T04:35:51Z,snapshot_fields,1.0
P::J2982,DPP-2022,Central,Phase 2,,,35.0,0.0,,2026-03-01,2026-03-01,2026-03-01,P::J2982,LINE 6629 MONMOUTH 69KV SWITCHING STATION,Queue-derived study fields,,2026-09-05T04:35:51Z,snapshot_fields,1.0
P::J2983,DPP-2022,South,Phase 1,,,140.0,0.0,,2026-03-01,2026-03-01,2026-03-01,P::J2983,WOODWARD 115 SUB AECC GRAPEVINE 115 0KV,Queue-derived study fields,,2026-09-05T04:35:51Z,snapshot_fields,1.0
P::J2984,DPP-2022,South,Phase 1,,,150.0,0.0,,2026-03-01,2026-03-01,2026-03-01,P::J2984,CORNING NORTH TO DATTO 161KV LINE,Queue-derived study fields,,2026-09-05T04:35:51Z,snapshot_fields,1.0
P::J2985,DPP-2022,South,Phase 1,,,135.0,0.0,,2026-03-01,2026-03-01,2026-03-01,P::J2985,AECC CHICOT EUDORA 115 0KV,Queue-derived study fields,,2026-09-05T04:35:51Z,snapshot_fields,1.0
P::J2986,DPP-2022,South,Phase 1,,,80.0,0.0,,2026-03-01,2026-03-01,2026-03-01,P::J2986,AECC DELUCE GILLETT 115 0KV,Queue-derived study fields,,2026-09-05T04:35:51Z,snapshot_fields,1.0
P::J2987,DPP-2022,Central,Phase 2,,,200.0,0.0,,2026-03-01,2026-03-01,2026-03-01,P::J2987,MEROM PRIMARY WORTHINGTON PRIMARY 345 0KV,Queue-derived study fields,,2026-09-05T04:35:51Z,snapshot_fields,1.0
P::J2988,DPP-2022,West,Phase 1,,,175.0,0.0,,2026-03-01,2026-03-01,2026-03-01,P::J2988,J2256 POI IRVINGTON 345KV LINE,Queue-derived study fields,,2026-09-05T04:35:51Z,snapshot_fields,1.0
P::J2989,DPP-2022,West,Phase 1,,,200.0,0.0,,2026-03-01,2026-03-01,2026-03-01,P::J2989,BLACKHAWK MEC QUINN 345KV,Queue-derived study fields,,2026-09-05T04:35:51Z,snapshot_fields,1.0
P::J2990,DPP-2022,West,Phase 1,,,200.0,0.0,,2026-03-01,2026-03-01,2026-03-01,P::J2990,OVERLAND J1859 POI 345KV LINE TAP,Queue-derived study fields,,2026-09-05T04:35:51Z,snapshot_fields,1.0
P::J2991,DPP-2022,East (ITC),Phase 1,,,200.0,0.0,,2026-03-01,2026-03-01,2026-03-01,P::J2991,DAYTON 120KV SUBSTATION,Queue-derived study fields,,2026-09-05T04:35:51Z,snapshot_fields,1.0
P::J2992,DPP-2022,South,Phase 1,,,160.0,0.0,,2026-03-01,2026-03-01,2026-03-01,P::J2992,HINTONVILLE 161KV SUBSTATION,Queue-derived study fields,,2026-09-05T04:35:51Z,snapshot_fields,1.0
P::J2993,DPP-2022,South,Phase 1,,,80.0,0.0,,2026-03-01,2026-03-01,2026-03-01,P::J2993,WOODWARD GRAPEVINE 115KV LINE,Queue-derived study fields,,2026-09-05T04:35:51Z,snapshot_fields,1.0
P::J2994,DPP-2022,South,Phase 1,,,40.0,0.0,,2026-03-01,2026-03-01,2026-03-01,P::J2994,DELUCE 115KV,Queue-derived study fields,,2026-09-05T04:35:51Z,snapshot_fields,1.0
P::J2995,DPP-2022,South,Phase 1,,,80.0,0.0,,2026-03-01,2026-03-01,2026-03-01,P::J2995,CHICOT115KV SUBSTATION,Queue-derived study fields,,2026-09-05T04:35:51Z,snapshot_fields,1.0
P::J2996,DPP-2022,South,Phase 1,,,50.0,0.0,,2026-03-01,2026-03-01,2026-03-01,P::J2996,CORNING NORTH TO DATTO 161KV LINE,Queue-derived study fields,,2026-09-05T04:35:51Z,snapshot_fields,1.0
P::J2997,DPP-2022,East (ITC),Phase 1,,,160.0,0.0,,2026-03-01,2026-03-01,2026-03-01,P::J2997,COLFAX MADRID 120 0KV,Queue-derived study fields,,2026-09-05T04:35:51Z,snapshot_fields,1.0
P::J2998,DPP-2022,Central,Phase 2,,,200.0,0.0,,2026-03-01,2026-03-01,2026-03-01,P::J2998,FAYETTEVILLE BEE HOLLOW ROAD 138KV SUBSTATION,Queue-derived study fields,,2026-09-05T04:35:51Z,snapshot_fields,1.0
P::J2999,DPP-2022,South,Phase 1,,,250.0,0.0,,2026-03-01,2026-03-01,2026-03-01,P::J2999,HINTONVILLE,Queue-derived study fields,,2026-09-05T04:35:51Z,snapshot_fields,1.0
P::J3000,DPP-2022,Central,Phase 2,,,80.0,0.0,,2026-03-01,2026-03-01,2026-03-01,P::J3000,WORTHINGTON MEROM 345KV LINE,Queue-derived study fields,,2026-09-05T04:35:51Z,snapshot_fields,1.0
P::J3001,DPP-2022,South,Phase 1,,,50.0,0.0,,2026-03-01,2026-03-01,2026-03-01,P::J3001,J2134 POI TO WHITE BLUFF 115KV LINE,Queue-derived study fields,,2026-09-05T04:35:51Z,snapshot_fields,1.0
P::J3002,DPP-2022,West,Phase 1,,,288.0,0.0,,2026-03-01,2026-03-01,2026-03-01,P::J3002,ARROWHEAD BEAR CREEK GRE 230KV,Queue-derived study fields,,2026-09-05T04:35:51Z,snapshot_fields,1.0
P::J3003,DPP-2022,Central,Phase 2,,,180.0,0.0,,2026-03-01,2026-03-01,2026-03-01,P::J3003,4HAVANA2 4CINCINATTI 138 0KV,Queue-derived study fields,,2026-09-05T04:35:51Z,snapshot_fields,1.0
P::J3004,DPP-2022,Central,Phase 2,,,142.0,0.0,,2026-03-01,2026-03-01,2026-03-01,P::J3004,CANE,Queue-derived study fields,,2026-09-05T04:35:51Z,snapshot_fields,1.0
P::J3005,DPP-2022,Central,Phase 2,,,150.0,0.0,,2026-03-01,2026-03-01,2026-03-01,P::J3005,HAVANA SHOCKEY 138KV,Queue-derived study fields,,2026-09-05T04:35:51Z,snapshot_fields,1.0
P::J3006,DPP-2022,East (ATC),Phase 1,,,300.0,0.0,,2026-03-01,2026-03-01,2026-03-01,P::J3006,GRANVILLE345KV SUBSTATION,Queue-derived study fields,,2026-09-05T04:35:51Z,snapshot_fields,1.0
P::J3007,DPP-2022,East (ITC),Phase 1,,,100.0,0.0,,2026-03-01,2026-03-01,2026-03-01,P::J3007,PERE MARQUETTE LINDEMAN 138 0KV,Queue-derived study fields,,2026-09-05T04:35:51Z,snapshot_fields,1.0
P::J3008,DPP-2022,Central,Phase 2,,,270.0,0.0,,2026-03-01,2026-03-01,2026-03-01,P::J3008,SHEFFIELD BURNHAM 345 TIE LINE BETWEEN CE AND NIPS NIPS OWNS 1 87 MILES,Queue-derived study fields,,2026-09-05T04:35:51Z,snapshot_fields,1.0
P::J3009,DPP-2022,East (ITC),Phase 1,,,150.0,0.0,,2026-03-01,2026-03-01,2026-03-01,P::J3009,VOYAGER,Queue-derived study fields,,2026-09-05T04:35:51Z,snapshot_fields,1.0
P::J3010,DPP-2022,Central,Phase 2,,,60.0,0.0,,2026-03-01,2026-03-01,2026-03-01,P::J3010,TAP ON THE CARBON TO BRAZIL 69KV LINE,Queue-derived study fields,,2026-09-05T04:35:51Z,snapshot_fields,1.0
P::J3011,DPP-2022,Central,Phase 2,,,100.0,0.0,,2026-03-01,2026-03-01,2026-03-01,P::J3011,PRAIRIE STATE PLANT SWITCHYARD 345KV,Queue-derived study fields,,2026-09-05T04:35:51Z,snapshot_fields,1.0
P::J3012,DPP-2022,Central,Phase 2,,,287.0,0.0,,2026-03-01,2026-03-01,2026-03-01,P::J3012,MATTOON EAST,Queue-derived study fields,,2026-09-05T04:35:51Z,snapshot_fields,1.0
P::J3013,DPP-2022,Central,Phase 2,,,100.0,0.0,,2026-03-01,2026-03-01,2026-03-01,P::J3013,ASHLEY,Queue-derived study fields,,2026-09-05T04:35:51Z,snapshot_fields,1.0
P::J3014,DPP-2022,South,Phase 1,,,280.0,0.0,,2026-03-01,2026-03-01,2026-03-01,P::J3014,COOPER LEESVILLE 138 0KV,Queue-derived study fields,,2026-09-05T04:35:51Z,snapshot_fields,1.0
P::J3015,DPP-2022,Central,Phase 2,,,400.0,0.0,,2026-03-01,2026-03-01,2026-03-01,P::J3015,GILMAN WATSEKA 138KV,Queue-derived study fields,,2026-09-05T04:35:51Z,snapshot_fields,1.0
P::J3016,DPP-2022,Central,Phase 2,,,150.0,0.0,,2026-03-01,2026-03-01,2026-03-01,P::J3016,WALTON,Queue-derived study fields,,2026-09-05T04:35:51Z,snapshot_fields,1.0
P::J3017,DPP-2022,West,Phase 1,,,150.0,0.0,,2026-03-01,2026-03-01,2026-03-01,P::J3017,BIG STONE SOUTH 345KV SUBSTATION,Queue-derived study fields,,2026-09-05T04:35:51Z,snapshot_fields,1.0
P::J3018,DPP-2022,West,Phase 1,,,300.0,0.0,,2026-03-01,2026-03-01,2026-03-01,P::J3018,OVERLAND TRAIL FALLOW AVENUE 345KV,Queue-derived study fields,,2026-09-05T04:35:51Z,snapshot_fields,1.0
P::J3019,DPP-2022,South,Phase 1,,,180.0,0.0,,2026-03-01,2026-03-01,2026-03-01,P::J3019,FANCY POINT TO PORT HUDSON 230KV,Queue-derived study fields,,2026-09-05T04:35:51Z,snapshot_fields,1.0
P::J3020,DPP-2022,West,Phase 1,,,165.0,0.0,,2026-03-01,2026-03-01,2026-03-01,P::J3020,LAKE YANKTON TO BUFFALO RIDGE 115KV,Queue-derived study fields,,2026-09-05T04:35:51Z,snapshot_fields,1.0
P::J3021,DPP-2022,West,Phase 1,,,235.0,0.0,,2026-03-01,2026-03-01,2026-03-01,P::J3021,LAKE YANKTON TO LYON COUNTY 115KV,Queue-derived study fields,,2026-09-05T04:35:51Z,snapshot_fields,1.0
P::J3022,DPP-2022,West,Phase 1,,,400.0,0.0,,2026-03-01,2026-03-01,2026-03-01,P::J3022,ORIENT TO ATCHISON COUNTY 345KV,Queue-derived study fields,,2026-09-05T04:35:51Z,snapshot_fields,1.0
P::J3023,DPP-2022,South,Phase 1,,,400.0,0.0,,2026-03-01,2026-03-01,2026-03-01,P::J3023,H S EHV 500KV SUBSTATION,Queue-derived study fields,,2026-09-05T04:35:51Z,snapshot_fields,1.0
P::J3024,DPP-2022,West,Phase 1,,,100.0,0.0,,2026-03-01,2026-03-01,2026-03-01,P::J3024,NEWPORT 161KV BUS HIGH SIDE OF T91 XFRMR 161 69KV,Queue-derived study fields,,2026-09-05T04:35:51Z,snapshot_fields,1.0
P::J3025,DPP-2022,West,Phase 1,,,188.0,0.0,,2026-03-01,2026-03-01,2026-03-01,P::J3025,ALEXANDRIA TO HUDSON 115KV,Queue-derived study fields,,2026-09-05T04:35:51Z,snapshot_fields,1.0
P::J3026,DPP-2022,South,Phase 1,,,175.0,0.0,,2026-03-01,2026-03-01,2026-03-01,P::J3026,DERIDDER MILL ROY S NELSON 138KV,Queue-derived study fields,,2026-09-05T04:35:51Z,snapshot_fields,1.0
P::J3027,DPP-2022,Central,Phase 2,,,300.0,0.0,,2026-03-01,2026-03-01,2026-03-01,P::J3027,7FARGO 7SANDBURG 345 0KV,Queue-derived study fields,,2026-09-05T04:35:51Z,snapshot_fields,1.0
P::J3028,DPP-2022,South,Phase 1,,,100.0,0.0,,2026-03-01,2026-03-01,2026-03-01,P::J3028,WAYNESBORO 161 HINTONVILLE 161 161 0KV,Queue-derived study fields,,2026-09-05T04:35:51Z,snapshot_fields,1.0
P::J3029,DPP-2022,West,Phase 1,,,153.0,0.0,,2026-03-01,2026-03-01,2026-03-01,P::J3029,FREEBORN,Queue-derived study fields,,2026-09-05T04:35:51Z,snapshot_fields,1.0
P::J3030,DPP-2022,South,Phase 1,,,450.0,0.0,,2026-03-01,2026-03-01,2026-03-01,P::J3030,WHITE BLUFF TO SHERIDAN 500KV,Queue-derived study fields,,2026-09-05T04:35:51Z,snapshot_fields,1.0
P::J3031,DPP-2022,Central,Phase 2,,,200.0,0.0,,2026-03-01,2026-03-01,2026-03-01,P::J3031,4WLTNVL TP 138KV,Queue-derived study fields,,2026-09-05T04:35:51Z,snapshot_fields,1.0
P::J3032,DPP-2022,South,Phase 1,,,500.0,0.0,,2026-03-01,2026-03-01,2026-03-01,P::J3032,SAREPTA,Queue-derived study fields,,2026-09-05T04:35:51Z,snapshot_fields,1.0
P::J3033,DPP-2022,Central,Phase 2,,,75.0,0.0,,2026-03-01,2026-03-01,2026-03-01,P::J3033,REID EHV 345KV,Queue-derived study fields,,2026-09-05T04:35:51Z,snapshot_fields,1.0
P::J3034,DPP-2022,South,Phase 1,,,100.0,0.0,,2026-03-01,2026-03-01,2026-03-01,P::J3034,BRINKLEY WEST BRINKLEY EAST 115KV LINE,Queue-derived study fields,,2026-09-05T04:35:51Z,snapshot_fields,1.0
P::J3035,DPP-2022,South,Phase 1,,,100.0,0.0,,2026-03-01,2026-03-01,2026-03-01,P::J3035,REED SS ROHWER 115 0KV,Queue-derived study fields,,2026-09-05T04:35:51Z,snapshot_fields,1.0
P::J3036,DPP-2022,South,Phase 1,,,105.0,0.0,,2026-03-01,2026-03-01,2026-03-01,P::J3036,REMINGTON SS LONOKE EAST 115 0KV,Queue-derived study fields,,2026-09-05T04:35:51Z,snapshot_fields,1.0
P::J3037,DPP-2022,South,Phase 1,,,150.0,0.0,,2026-03-01,2026-03-01,2026-03-01,P::J3037,ELDORADO UPLAND SS 115KV,Queue-derived study fields,,2026-09-05T04:35:51Z,snapshot_fields,1.0
P::J3038,DPP-2022,South,Phase 1,,,150.0,0.0,,2026-03-01,2026-03-01,2026-03-01,P::J3038,EL DORADO UPLAND SS 115KV,Queue-derived study fields,,2026-09-05T04:35:51Z,snapshot_fields,1.0
P::J3039,DPP-2022,West,Phase 1,,,200.0,0.0,,2026-03-01,2026-03-01,2026-03-01,P::J3039,BYRON 161KV,Queue-derived study fields,,2026-09-05T04:35:51Z,snapshot_fields,1.0
P::J3040,DPP-2022,South,Phase 1,,,290.0,20.54794520547945,,2026-03-01,2026-03-01,2026-03-01,P::J3040,EL DORADO EHV MCNEIL EHV 500 0KV,Queue-derived study fields,,2026-09-05T04:35:51Z,snapshot_fields,1.0
P::J3041,DPP-2022,West,Phase 1,,,200.0,0.0,,2026-03-01,2026-03-01,2026-03-01,P::J3041,BYRON 161KV,Queue-derived study fields,,2026-09-05T04:35:51Z,snapshot_fields,1.0
P::J3042,DPP-2022,South,Phase 1,,,150.0,0.0,,2026-03-01,2026-03-01,2026-03-01,P::J3042,WATERFORD 230 SWYD VACHERIE 230 0KV,Queue-derived study fields,,2026-09-05T04:35:51Z,snapshot_fields,1.0
P::J3043,DPP-2022,Central,Phase 2,,,200.0,0.0,,2026-03-01,2026-03-01,2026-03-01,P::J3043,EDWARDS,Queue-derived study fields,,2026-09-05T04:35:51Z,snapshot_fields,1.0
P::J3044,DPP-2022,Central,Phase 2,,,200.0,0.0,,2026-03-01,2026-03-01,2026-03-01,P::J3044,EDWARDS,Queue-derived study fields,,2026-09-05T04:35:51Z,snapshot_fields,1.0
P::J3045,DPP-2022,South,Phase 1,,,300.0,0.0,,2026-03-01,2026-03-01,2026-03-01,P::J3045,CHISHOLM RD HARTBURG 230KV,Queue-derived study fields,,2026-09-05T04:35:51Z,snapshot_fields,1.0
P::J3046,DPP-2022,South,Phase 1,,,140.0,0.0,,2026-03-01,2026-03-01,2026-03-01,P::J3046,RED GUM TO METROPOLIS 115KV,Queue-derived study fields,,2026-09-05T04:35:51Z,snapshot_fields,1.0
P::J3047,DPP-2022,West,Phase 1,,,263.0,0.0,,2026-03-01,2026-03-01,2026-03-01,P::J3047,ORIENT NORTHBORO 345 0KV,Queue-derived study fields,,2026-09-05T04:35:51Z,snapshot_fields,1.0
P::J3048,DPP-2022,South,Phase 1,,,300.0,0.0,,2026-03-01,2026-03-01,2026-03-01,P::J3048,MOSES SES TO AECC HUNTER NORTH,Queue-derived study fields,,2026-09-05T04:35:51Z,snapshot_fields,1.0
P::J3049,DPP-2022,South,Phase 1,,,188.0,0.0,,2026-03-01,2026-03-01,2026-03-01,P::J3049,LAKEOVER EHV MCADAMS EHV 500 0KV,Queue-derived study fields,,2026-09-05T04:35:51Z,snapshot_fields,1.0
P::J3050,DPP-2022,East (ITC),Phase 1,,,255.0,0.0,,2026-03-01,2026-03-01,2026-03-01,P::J3050,MAJESTIC ONEIDA 345 0KV,Queue-derived study fields,,2026-09-05T04:35:51Z,snapshot_fields,1.0
P::J3051,DPP-2022,West,Phase 1,,,150.0,0.0,,2026-03-01,2026-03-01,2026-03-01,P::J3051,RUSH CITY 230KV,Queue-derived study fields,,2026-09-05T04:35:51Z,snapshot_fields,1.0
P::J3052,DPP-2022,East (ITC),Phase 1,,,300.0,0.0,,2026-03-01,2026-03-01,2026-03-01,P::J3052,MCV,Queue-derived study fields,,2026-09-05T04:35:51Z,snapshot_fields,1.0
P::J3053,DPP-2022,South,Phase 1,,,169.0,0.0,,2026-03-01,2026-03-01,2026-03-01,P::J3053,LAKEOVER EHV MCADAMS EHV 500 0KV,Queue-derived study fields,,2026-09-05T04:35:51Z,snapshot_fields,1.0
P::J3054,DPP-2022,South,Phase 1,,,200.0,0.0,,2026-03-01,2026-03-01,2026-03-01,P::J3054,BOGSLUSA 500KV FRANKLIN EHV 500KV,Queue-derived study fields,,2026-09-05T04:35:51Z,snapshot_fields,1.0
P::J3055,DPP-2022,South,Phase 1,,,250.0,0.0,,2026-03-01,2026-03-01,2026-03-01,P::J3055,BOGALUSA 500 SS FRANKLIN EHV 500 0KV,Queue-derived study fields,,2026-09-05T04:35:51Z,snapshot_fields,1.0
P::J3056,DPP-2022,South,Phase 1,,,200.0,0.0,,2026-03-01,2026-03-01,2026-03-01,P::J3056,BOGALUSA 500 SS FRANKLIN EHV 500 0KV,Queue-derived study fields,,2026-09-05T04:35:51Z,snapshot_fields,1.0
P::J3057,DPP-2022,South,Phase 1,,,75.0,0.0,,2026-03-01,2026-03-01,2026-03-01,P::J3057,RICHARD BUS 335366 TO COLONIAL ACADEMY BUS 335375 138KV,Queue-derived study fields,,2026-09-05T04:35:51Z,snapshot_fields,1.0
P::J3058,DPP-2022,South,Phase 1,,,200.0,0.0,,2026-03-01,2026-03-01,2026-03-01,P::J3058,TARLETON,Queue-derived study fields,,2026-09-05T04:35:51Z,snapshot_fields,1.0
P::J3059,DPP-2022,East (ITC),Phase 1,,,175.0,0.0,,2026-03-01,2026-03-01,2026-03-01,P::J3059,OTHER_,Queue-derived study fields,,2026-09-05T04:35:51Z,snapshot_fields,1.0
P::J3060,DPP-2022,Central,Phase 2,,,200.0,0.0,,2026-03-01,2026-03-01,2026-03-01,P::J3060,7CMDR 7ASTER 345KV,Queue-derived study fields,,2026-09-05T04:35:51Z,snapshot_fields,1.0
P::J3061,DPP-2022,South,Phase 1,,,100.0,0.0,,2026-03-01,2026-03-01,2026-03-01,P::J3061,WALNUT RIDGE BUS 338208 TO SEDGEWICK BUS 338206 115KV,Queue-derived study fields,,2026-09-05T04:35:51Z,snapshot_fields,1.0
P::J3062,DPP-2022,South,Phase 1,,,100.0,0.0,,2026-03-01,2026-03-01,2026-03-01,P::J3062,EDWARDS TO BOLTON 115KV,Queue-derived study fields,,2026-09-05T04:35:51Z,snapshot_fields,1.0
P::J3063,DPP-2022,Central,Phase 2,,,143.0,0.0,,2026-03-01,2026-03-01,2026-03-01,P::J3063,7JORD 7CMDR 345 0KV,Queue-derived study fields,,2026-09-05T04:35:51Z,snapshot_fields,1.0
P::J3064,DPP-2022,Central,Phase 2,,,157.0,0.0,,2026-03-01,2026-03-01,2026-03-01,P::J3064,7JORD 7CMDR 345 0KV,Queue-derived study fields,,2026-09-05T04:35:51Z,snapshot_fields,1.0
P::J3065,DPP-2022,East (ITC),Phase 1,,,20.0,0.0,,2026-03-01,2026-03-01,2026-03-01,P::J3065,DONALDSON CREEK,Queue-derived study fields,,2026-09-05T04:35:51Z,snapshot_fields,1.0
P::J3066,DPP-2022,East (ITC),Phase 1,,,50.0,0.0,,2026-03-01,2026-03-01,2026-03-01,P::J3066,HERSEY INTERCONNECTION,Queue-derived study fields,,2026-09-05T04:35:51Z,snapshot_fields,1.0
P::J3067,DPP-2022,South,Phase 1,,,200.0,0.0,,2026-03-01,2026-03-01,2026-03-01,P::J3067,BEEKMAN NORTH BASTROP 115 0KV,Queue-derived study fields,,2026-09-05T04:35:51Z,snapshot_fields,1.0
P::J3068,DPP-2022,South,Phase 1,,,110.0,0.0,,2026-03-01,2026-03-01,2026-03-01,P::J3068,AMITE A GILLSBURG B 115KV TL,Queue-derived study fields,,2026-09-05T04:35:51Z,snapshot_fields,1.0
P::J3069,DPP-2022,Central,Phase 2,,,70.0,0.0,,2026-03-01,2026-03-01,2026-03-01,P::J3069,TAP ON LINE FAYETTEVILLE 138KV ENDPOINT A TO HERZOG 138KV ENDPOINT B,Queue-derived study fields,,2026-09-05T04:35:51Z,snapshot_fields,1.0
P::J3070,DPP-2022,West,Phase 1,,,100.0,0.0,,2026-03-01,2026-03-01,2026-03-01,P::J3070,SQUARE BUTTE 230KV SUBSTATION EAST,Queue-derived study fields,,2026-09-05T04:35:51Z,snapshot_fields,1.0
P::J3071,DPP-2022,South,Phase 1,,,140.0,0.0,,2026-03-01,2026-03-01,2026-03-01,P::J3071,ENTERGY HUGHES FOREST CITY SOUTH 161KV,Queue-derived study fields,,2026-09-05T04:35:51Z,snapshot_fields,1.0
P::J3072,DPP-2022,South,Phase 1,,,120.0,0.0,,2026-03-01,2026-03-01,2026-03-01,P::J3072,WOODVIILLE CENTREVILLE 115KV,Queue-derived study fields,,2026-09-05T04:35:51Z,snapshot_fields,1.0
P::J3073,DPP-2022,South,Phase 1,,,200.0,0.0,,2026-03-01,2026-03-01,2026-03-01,P::J3073,INDEPENDENCE ISES POWERLINE ROAD 500KV,Queue-derived study fields,,2026-09-05T04:35:51Z,snapshot_fields,1.0
P::J3074,DPP-2022,Central,Phase 2,,,250.0,0.0,,2026-03-01,2026-03-01,2026-03-01,P::J3074,4TIBBS 4STEELEVLE N 138 0KV,Queue-derived study fields,,2026-09-05T04:35:51Z,snapshot_fields,1.0
P::J3075,DPP-2022,Central,Phase 2,,,560.0,0.0,,2026-03-01,2026-03-01,2026-03-01,P::J3075,MEROM PRIMARY WORTHINGTON PRIMARY 345 0KV,Queue-derived study fields,,2026-09-05T04:35:51Z,snapshot_fields,1.0
P::J3076,DPP-2022,Central,Phase 2,,,500.0,0.0,,2026-03-01,2026-03-01,2026-03-01,P::J3076,08GIBSON PSI 7ALBION 345 0KV,Queue-derived study fields,,2026-09-05T04:35:51Z,snapshot_fields,1.0
P::J3077,DPP-2022,Central,Phase 2,,,250.0,0.0,,2026-03-01,2026-03-01,2026-03-01,P::J3077,FRANCISCO 345 138KV,Queue-derived study fields,,2026-09-05T04:35:51Z,snapshot_fields,1.0
P::J3078,DPP-2022,Central,Phase 2,,,250.0,0.7936507936507936,,2026-03-01,2026-03-01,2026-03-01,P::J3078,FARGO TO SANDBURG 345KV,Queue-derived study fields,,2026-09-05T04:35:51Z,snapshot_fields,1.0
P::J3079,DPP-2022,South,Phase 1,,,200.0,0.0,,2026-03-01,2026-03-01,2026-03-01,P::J3079,JASPER HOLLY SPRINGS 138KV LINE TAP,Queue-derived study fields,,2026-09-05T04:35:51Z,snapshot_fields,1.0
P::J3080,DPP-2022,Central,Phase 2,,,200.0,0.0,,2026-03-01,2026-03-01,2026-03-01,P::J3080,AMEREN OWNED KELSO JOPPA MASSAC 345KV TIE LINE,Queue-derived study fields,,2026-09-05T04:35:51Z,snapshot_fields,1.0
P::J3081,DPP-2022,South,Phase 1,,,105.0,0.0,,2026-03-01,2026-03-01,2026-03-01,P::J3081,DEGRAY DAM H S EHV 115 0KV,Queue-derived study fields,,2026-09-05T04:35:51Z,snapshot_fields,1.0
P::J3082,DPP-2022,South,Phase 1,,,135.0,0.0,,2026-03-01,2026-03-01,2026-03-01,P::J3082,TAPING THE GILBERT 3GILBERT_LA 303322 TO WINNSBORO 3WINNSBORO 337330 115KV LINE,Queue-derived study fields,,2026-09-05T04:35:51Z,snapshot_fields,1.0
P::J3083,DPP-2022,South,Phase 1,,,100.0,0.0,,2026-03-01,2026-03-01,2026-03-01,P::J3083,WATERLOO FANCY POINT 230 0KV,Queue-derived study fields,,2026-09-05T04:35:51Z,snapshot_fields,1.0
P::J3084,DPP-2022,Central,Phase 2,,,641.8,0.0,,2026-03-01,2026-03-01,2026-03-01,P::J3084,MEROM HED DRESSER 345 0KV,Queue-derived study fields,,2026-09-05T04:35:51Z,snapshot_fields,1.0
P::J3085,DPP-2022,Central,Phase 2,,,75.0,0.0,,2026-03-01,2026-03-01,2026-03-01,P::J3085,FREDERICKTOWN 138KV SUBSTATION,Queue-derived study fields,,2026-09-05T04:35:51Z,snapshot_fields,1.0
P::J3086,DPP-2022,Central,Phase 2,,,252.96,0.0,,2026-03-01,2026-03-01,2026-03-01,P::J3086,NEW 345KV SWITCHYARD LOOPING IN THE FARGO SANDBURG 345KV,Queue-derived study fields,,2026-09-05T04:35:51Z,snapshot_fields,1.0
P::J3087,DPP-2022,Central,Phase 2,,,204.6,0.0,,2026-03-01,2026-03-01,2026-03-01,P::J3087,SHOCKEY,Queue-derived study fields,,2026-09-05T04:35:51Z,snapshot_fields,1.0
P::J3088,DPP-2022,West,Phase 1,,,300.0,0.0,,2026-03-01,2026-03-01,2026-03-01,P::J3088,RAUN TO SIOUX CITY,Queue-derived study fields,,2026-09-05T04:35:51Z,snapshot_fields,1.0
P::J3089,DPP-2022,Central,Phase 2,,,696.0,0.0,,2026-03-01,2026-03-01,2026-03-01,P::J3089,REID EHV,Queue-derived study fields,,2026-09-05T04:35:51Z,snapshot_fields,1.0
P::J3090,DPP-2022,South,Phase 1,,,200.0,0.0,,2026-03-01,2026-03-01,2026-03-01,P::J3090,WEST MEMPHIS EHV,Queue-derived study fields,,2026-09-05T04:35:51Z,snapshot_fields,1.0
P::J3091,DPP-2022,West,Phase 1,,,145.0,0.0,,2026-03-01,2026-03-01,2026-03-01,P::J3091,EAST BISMARCK JUNCTION TO WISHEK JUNCTION,Queue-derived study fields,,2026-09-05T04:35:51Z,snapshot_fields,1.0
P::J3092,DPP-2022,South,Phase 1,,,115.0,0.0,,2026-03-01,2026-03-01,2026-03-01,P::J3092,SHELBY SS,Queue-derived study fields,,2026-09-05T04:35:51Z,snapshot_fields,1.0
P::J3093,DPP-2022,South,Phase 1,,,100.0,0.0,,2026-03-01,2026-03-01,2026-03-01,P::J3093,LAKEOVER EHV MCADAMS EHV 500 0KV,Queue-derived study fields,,2026-09-05T04:35:51Z,snapshot_fields,1.0
P::J3094,DPP-2022,Central,Phase 2,,,115.0,0.0,,2026-03-01,2026-03-01,2026-03-01,P::J3094,PUMPKIN CENTER 230KV,Queue-derived study fields,,2026-09-05T04:35:51Z,snapshot_fields,1.0
P::J3095,DPP-2022,Central,Phase 2,,,200.0,0.0,,2026-03-01,2026-03-01,2026-03-01,P::J3095,4PAXTON 4J845POI 138 0KV,Queue-derived study fields,,2026-09-05T04:35:51Z,snapshot_fields,1.0
P::J3096,DPP-2022,Central,Phase 2,,,200.0,0.0,,2026-03-01,2026-03-01,2026-03-01,P::J3096,REID 161KV TO HENDERSON 161KV,Queue-derived study fields,,2026-09-05T04:35:51Z,snapshot_fields,1.0
P::J3097,DPP-2022,South,Phase 1,,,150.0,0.0,,2026-03-01,2026-03-01,2026-03-01,P::J3097,ENTERGY MISSISSIPPI GILLSBURG TAP GILLSBURG ON THE AMITE GILLSBURG115KV LINE,Queue-derived study fields,,2026-09-05T04:35:51Z,snapshot_fields,1.0
P::J3098,DPP-2022,South,Phase 1,,,75.0,0.0,,2026-03-01,2026-03-01,2026-03-01,P::J3098,RED GUM WINNSBORO 115KV 122 5 122 6 122 7,Queue-derived study fields,,2026-09-05T04:35:51Z,snapshot_fields,1.0
P::J3099,DPP-2022,South,Phase 1,,,100.0,0.0,,2026-03-01,2026-03-01,2026-03-01,P::J3099,HAMLET TO GRAVEL RIDGE 161KV,Queue-derived study fields,,2026-09-05T04:35:51Z,snapshot_fields,1.0
P::J310,DPP-2017-AUG,West,GIA,,,200.0,0.0,,2026-03-01,2026-03-01,2026-03-01,P::J310,WEST OWATONNA AL CORN DIST BYRON 161KV LINE,Queue-derived study fields,,2026-09-05T04:35:51Z,snapshot_fields,1.0
P::J3100,DPP-2022,East (ITC),Phase 1,,,75.0,0.0,,2026-03-01,2026-03-01,2026-03-01,P::J3100,HIGGINS MIO DAM 138KV LINE,Queue-derived study fields,,2026-09-05T04:35:51Z,snapshot_fields,1.0
P::J3101,DPP-2022,South,Phase 1,,,20.0,0.0,,2026-03-01,2026-03-01,2026-03-01,P::J3101,SHAW INDIANOLA 115KV,Queue-derived study fields,,2026-09-05T04:35:51Z,snapshot_fields,1.0
P::J3102,DPP-2022,Central,Phase 2,,,500.0,0.0,,2026-03-01,2026-03-01,2026-03-01,P::J3102,DELL TO NEW MADRID 500KV LINE,Queue-derived study fields,,2026-09-05T04:35:51Z,snapshot_fields,1.0
P::J3103,DPP-2022,Central,Phase 2,,,145.0,0.0,,2026-03-01,2026-03-01,2026-03-01,P::J3103,LAFAYETTE VEEDERSBURG WEST 230KV,Queue-derived study fields,,2026-09-05T04:35:51Z,snapshot_fields,1.0
P::J3104,DPP-2022,South,Phase 1,,,85.0,0.0,,2026-03-01,2026-03-01,2026-03-01,P::J3104,TINNIN ROAD 230KV SUBSTATION,Queue-derived study fields,,2026-09-05T04:35:51Z,snapshot_fields,1.0
P::J3105,DPP-2022,South,Phase 1,,,400.0,0.0,,2026-03-01,2026-03-01,2026-03-01,P::J3105,FRANKLIN EHV MCKNIGHT 500KV,Queue-derived study fields,,2026-09-05T04:35:51Z,snapshot_fields,1.0
P::J3106,DPP-2022,Central,Phase 2,,,500.0,0.0,,2026-03-01,2026-03-01,2026-03-01,P::J3106,DELL TO NEW MADRID 500KV LINE,Queue-derived study fields,,2026-09-05T04:35:51Z,snapshot_fields,1.0
P::J3107,DPP-2022,West,Phase 1,,,150.0,0.0,,2026-03-01,2026-03-01,2026-03-01,P::J3107,ENRON SUBSTATION,Queue-derived study fields,,2026-09-05T04:35:51Z,snapshot_fields,1.0
P::J3108,DPP-2022,South,Phase 1,,,180.0,0.0,,2026-03-01,2026-03-01,2026-03-01,P::J3108,MISSIONARY 161KV SUBSTATION,Queue-derived study fields,,2026-09-05T04:35:51Z,snapshot_fields,1.0
P::J3109,DPP-2022,South,Phase 1,,,120.0,0.0,,2026-03-01,2026-03-01,2026-03-01,P::J3109,TAPING THE CARLISLE 3CARISLE 338003 TO SCREETON 3SCREETON 338005 115KV LINE,Queue-derived study fields,,2026-09-05T04:35:51Z,snapshot_fields,1.0
P::J3110,DPP-2022,South,Phase 1,,,400.0,0.0,,2026-03-01,2026-03-01,2026-03-01,P::J3110,POWERLINE ROAD 8POWERLN_RD 338156 500KV SUBSTATION,Queue-derived study fields,,2026-09-05T04:35:51Z,snapshot_fields,1.0
P::J3111,DPP-2022,South,Phase 1,,,100.0,0.0,,2026-03-01,2026-03-01,2026-03-01,P::J3111,AECC TRUMANN WEST POWERLINE ROAD 161KV,Queue-derived study fields,,2026-09-05T04:35:51Z,snapshot_fields,1.0
P::J3112,DPP-2022,South,Phase 1,,,100.0,0.0,,2026-03-01,2026-03-01,2026-03-01,P::J3112,BARTON WEST HELENA 115KV,Queue-derived study fields,,2026-09-05T04:35:51Z,snapshot_fields,1.0
P::J3113,DPP-2022,Central,Phase 2,,,300.0,0.0,,2026-03-01,2026-03-01,2026-03-01,P::J3113,EDWARDSPORT IGCC AMO 345KV,Queue-derived study fields,,2026-09-05T04:35:51Z,snapshot_fields,1.0
P::J3114,DPP-2022,Central,Phase 2,,,300.0,0.0,,2026-03-01,2026-03-01,2026-03-01,P::J3114,SANDBORN PRIMARY WORTHINGTON PRIMARY 161 0KV,Queue-derived study fields,,2026-09-05T04:35:51Z,snapshot_fields,1.0
P::J3115,DPP-2022,South,Phase 1,,,216.0,0.0,,2026-03-01,2026-03-01,2026-03-01,P::J3115,TAPING THE ONWARD 3ONWARD 336967 TO ROLLING FORK 3ROLING FRK 336968 115KV LINE,Queue-derived study fields,,2026-09-05T04:35:51Z,snapshot_fields,1.0
P::J3116,DPP-2022,South,Phase 1,,,200.0,0.0,,2026-03-01,2026-03-01,2026-03-01,P::J3116,TAPING AECC AUBREY 6AUBREY 338885 TO RITCHIE SES SWITCHYARD 6RITCHIE 2 337991 230KV LI,Queue-derived study fields,,2026-09-05T04:35:51Z,snapshot_fields,1.0
P::J3117,DPP-2022,South,Phase 1,,,200.0,0.0,,2026-03-01,2026-03-01,2026-03-01,P::J3117,TAPING THE TEXAS EASTERN STATION 8 ST E P S 8 338229 TO MCDOUGAL 5MCDOUGAL 338695 161K,Queue-derived study fields,,2026-09-05T04:35:51Z,snapshot_fields,1.0
P::J3118,DPP-2022,South,Phase 1,,,160.0,0.0,,2026-03-01,2026-03-01,2026-03-01,P::J3118,TAPING THE GALION 3GALION 337444 TO OAK GROVE 3OAK_GROVE 337445 115KV LINE,Queue-derived study fields,,2026-09-05T04:35:51Z,snapshot_fields,1.0
P::J3119,DPP-2022,Central,Phase 2,,,350.0,0.0,,2026-03-01,2026-03-01,2026-03-01,P::J3119,TAPING REYNOLDS 17REYNOLDS 255205 TO BURR OAK 17BURR_OAK 255101 22 4MI FROM REYNOLDS 345,Queue-derived study fields,,2026-09-05T04:35:51Z,snapshot_fields,1.0
P::J3120,DPP-2022,South,Phase 1,,,200.0,0.0,,2026-03-01,2026-03-01,2026-03-01,P::J3120,TAPING NEWPORT AB NEWPORTSOLAR 338177 TO CASH 5CASH 338171 161KV LINE,Queue-derived study fields,,2026-09-05T04:35:51Z,snapshot_fields,1.0
P::J3121,DPP-2022,Central,Phase 2,,,50.0,0.0,,2026-03-01,2026-03-01,2026-03-01,P::J3121,CENTERVILLE 69KV SUBSTATION,Queue-derived study fields,,2026-09-05T04:35:51Z,snapshot_fields,1.0
P::J3122,DPP-2022,South,Phase 1,,,200.0,0.0,,2026-03-01,2026-03-01,2026-03-01,P::J3122,MARKED TREE Â MARION 161KV TAP AT 35 3902 90 3372,Queue-derived study fields,,2026-09-05T04:35:51Z,snapshot_fields,1.0
P::J3123,DPP-2022,South,Phase 1,,,150.0,0.0,,2026-03-01,2026-03-01,2026-03-01,P::J3123,CHISHOLM RD HARTBURG 230KV,Queue-derived study fields,,2026-09-05T04:35:51Z,snapshot_fields,1.0
P::J3124,DPP-2022,East (ITC),Phase 1,,,120.0,0.0,,2026-03-01,2026-03-01,2026-03-01,P::J3124,MURPHY 345KV SUBSTATION,Queue-derived study fields,,2026-09-05T04:35:51Z,snapshot_fields,1.0
P::J3125,DPP-2022,West,Phase 1,,,289.0,0.0,,2026-03-01,2026-03-01,2026-03-01,P::J3125,CRANDALL 345KV SUBSTATION,Queue-derived study fields,,2026-09-05T04:35:51Z,snapshot_fields,1.0
P::J3126,DPP-2022,South,Phase 1,,,200.0,0.0,,2026-03-01,2026-03-01,2026-03-01,P::J3126,STRINGTOWN GREENVILLE NORTH 115KV TRANSMISSION LINE,Queue-derived study fields,,2026-09-05T04:35:51Z,snapshot_fields,1.0
P::J3127,DPP-2022,South,Phase 1,,,160.0,0.0,,2026-03-01,2026-03-01,2026-03-01,P::J3127,BRINKLEY EAST CLARENDON 115KV,Queue-derived study fields,,2026-09-05T04:35:51Z,snapshot_fields,1.0
P::J3128,DPP-2022,South,Phase 1,,,100.0,0.0,,2026-03-01,2026-03-01,2026-03-01,P::J3128,STARHILL SUBSTATION 138KV,Queue-derived study fields,,2026-09-05T04:35:51Z,snapshot_fields,1.0
P::J3129,DPP-2022,South,Phase 1,,,50.0,0.0,,2026-03-01,2026-03-01,2026-03-01,P::J3129,STARHILL 138KV SUBSTATION,Queue-derived study fields,,2026-09-05T04:35:51Z,snapshot_fields,1.0
P::J3130,DPP-2022,Central,Phase 2,,,100.0,0.0,,2026-03-01,2026-03-01,2026-03-01,P::J3130,KINMUNDY TO SALEM 138KV,Queue-derived study fields,,2026-09-05T04:35:51Z,snapshot_fields,1.0
P::J3131,DPP-2022,South,Phase 1,,,300.0,0.0,,2026-03-01,2026-03-01,2026-03-01,P::J3131,EL DORADO EHV SAREPTA 345 115KV SW STA 345KV,Queue-derived study fields,,2026-09-05T04:35:51Z,snapshot_fields,1.0
P::J3132,DPP-2022,South,Phase 1,,,150.0,0.0,,2026-03-01,2026-03-01,2026-03-01,P::J3132,EL DORADO EHV SAREPTA 345 115KV SW STA 345KV,Queue-derived study fields,,2026-09-05T04:35:51Z,snapshot_fields,1.0
P::J3133,DPP-2022,East (ITC),Phase 1,,,120.0,0.0,,2026-03-01,2026-03-01,2026-03-01,P::J3133,MURPHY TO NELSON ROAD 345KV,Queue-derived study fields,,2026-09-05T04:35:51Z,snapshot_fields,1.0
P::J3134,DPP-2022,East (ITC),Phase 1,,,150.0,0.0,,2026-03-01,2026-03-01,2026-03-01,P::J3134,GAYLORD INTERCONNECTION,Queue-derived study fields,,2026-09-05T04:35:51Z,snapshot_fields,1.0
P::J3135,DPP-2022,Central,Phase 2,,,200.0,0.0,,2026-03-01,2026-03-01,2026-03-01,P::J3135,COMMODORE ASTER 4513,Queue-derived study fields,,2026-09-05T04:35:51Z,snapshot_fields,1.0
P::J3136,DPP-2022,Central,Phase 2,,,100.0,0.0,,2026-03-01,2026-03-01,2026-03-01,P::J3136,HOOSIER S SANDBORN GRAIN PROCESSING CENTER 161KV GPC PRIMARY SANDBORN PRIMARY,Queue-derived study fields,,2026-09-05T04:35:51Z,snapshot_fields,1.0
P::J3137,DPP-2022,West,Phase 1,,,156.3,0.0,,2026-03-01,2026-03-01,2026-03-01,P::J3137,SAC POCAHONTAS 161KV,Queue-derived study fields,,2026-09-05T04:35:51Z,snapshot_fields,1.0
P::J3138,DPP-2022,South,Phase 1,,,49.3,0.0,,2026-03-01,2026-03-01,2026-03-01,P::J3138,RAPIDES 230KV SUBSTATION,Queue-derived study fields,,2026-09-05T04:35:51Z,snapshot_fields,1.0
P::J3139,DPP-2022,South,Phase 1,,,225.0,0.0,,2026-03-01,2026-03-01,2026-03-01,P::J3139,PICKENS 230KV SUBSTATION,Queue-derived study fields,,2026-09-05T04:35:51Z,snapshot_fields,1.0
P::J3140,DPP-2022,Central,Phase 2,,,50.0,0.0,,2026-03-01,2026-03-01,2026-03-01,P::J3140,SOUTH VALPARAISO 138KV SUBSTATION,Queue-derived study fields,,2026-09-05T04:35:51Z,snapshot_fields,1.0
P::J3141,DPP-2022,South,Phase 1,,,100.0,0.0,,2026-03-01,2026-03-01,2026-03-01,P::J3141,RITCHIE PLANT SUBSTATION 230KV,Queue-derived study fields,,2026-09-05T04:35:51Z,snapshot_fields,1.0
P::J3142,DPP-2022,Central,Phase 2,,,50.0,0.0,,2026-03-01,2026-03-01,2026-03-01,P::J3142,CIRCUIT ID 6950 COLUMBUS NORTH 08COLNRT FRANKLIN FORSYTHE ST 08FRSYTH,Queue-derived study fields,,2026-09-05T04:35:51Z,snapshot_fields,1.0
P::J3143,DPP-2022,Central,Phase 2,,,50.0,0.0,,2026-03-01,2026-03-01,2026-03-01,P::J3143,JACKSON TOWNSHIP 08JCKSN_TWNS HERITAGE LAKE 08HERITL,Queue-derived study fields,,2026-09-05T04:35:51Z,snapshot_fields,1.0
P::J3144,DPP-2022,Central,Phase 2,,,150.0,0.0,,2026-03-01,2026-03-01,2026-03-01,P::J3144,EDWARDSPORT IGCC AMO 345 0KV,Queue-derived study fields,,2026-09-05T04:35:51Z,snapshot_fields,1.0
P::J3145,DPP-2022,Central,Phase 2,,,150.0,0.0,,2026-03-01,2026-03-01,2026-03-01,P::J3145,EDWARDSPORT IGCC AMO 345 0KV,Queue-derived study fields,,2026-09-05T04:35:51Z,snapshot_fields,1.0
P::J3146,DPP-2022,Central,Phase 2,,,200.0,0.0,,2026-03-01,2026-03-01,2026-03-01,P::J3146,AMO WHEATLAND LINE,Queue-derived study fields,,2026-09-05T04:35:51Z,snapshot_fields,1.0
P::J3147,DPP-2022,Central,Phase 2,,,50.0,0.0,,2026-03-01,2026-03-01,2026-03-01,P::J3147,TRAFALGAR SWITCHYARD 08TRFLGJ,Queue-derived study fields,,2026-09-05T04:35:51Z,snapshot_fields,1.0
P::J3148,DPP-2022,West,Phase 1,,,131.0,0.0,,2026-03-01,2026-03-01,2026-03-01,P::J3148,DRAGER TO GRAND JUNCTION,Queue-derived study fields,,2026-09-05T04:35:51Z,snapshot_fields,1.0
P::J3149,DPP-2022,West,Phase 1,,,80.0,0.0,,2026-03-01,2026-03-01,2026-03-01,P::J3149,HASTINGS TO BUNGE,Queue-derived study fields,,2026-09-05T04:35:51Z,snapshot_fields,1.0
P::J3150,DPP-2022,Central,Phase 2,,,100.0,0.0,,2026-03-01,2026-03-01,2026-03-01,P::J3150,CRENSHAW TO COMO,Queue-derived study fields,,2026-09-05T04:35:51Z,snapshot_fields,1.0
P::J3151,DPP-2022,East (ATC),Phase 1,,,150.0,0.0,,2026-03-01,2026-03-01,2026-03-01,P::J3151,SHEBOYGAN FALLS,Queue-derived study fields,,2026-09-05T04:35:51Z,snapshot_fields,1.0
P::J3152,DPP-2022,East (ATC),Phase 1,,,160.0,0.0,,2026-03-01,2026-03-01,2026-03-01,P::J3152,NORTH MONROE,Queue-derived study fields,,2026-09-05T04:35:51Z,snapshot_fields,1.0
P::J3153,DPP-2022,West,Phase 1,,,160.0,0.0,,2026-03-01,2026-03-01,2026-03-01,P::J3153,BEAVER CHANNEL 161KV SUBSTATION,Queue-derived study fields,,2026-09-05T04:35:51Z,snapshot_fields,1.0
P::J3154,DPP-2022,West,Phase 1,,,160.0,0.0,,2026-03-01,2026-03-01,2026-03-01,P::J3154,BLACKHAWK MEC QUINN 345 SHARED POI WITH J2892,Queue-derived study fields,,2026-09-05T04:35:51Z,snapshot_fields,1.0
P::J3155,DPP-2022,East (ATC),Phase 1,,,150.0,0.0,,2026-03-01,2026-03-01,2026-03-01,P::J3155,NEEVIN,Queue-derived study fields,,2026-09-05T04:35:51Z,snapshot_fields,1.0
P::J3156,DPP-2022,East (ATC),Phase 1,,,100.0,0.0,,2026-03-01,2026-03-01,2026-03-01,P::J3156,TOWNLINE ROAD,Queue-derived study fields,,2026-09-05T04:35:51Z,snapshot_fields,1.0
P::J3157,DPP-2022,West,Phase 1,,,100.0,49.94994994994995,,2026-03-01,2026-03-01,2026-03-01,P::J3157,BISON,Queue-derived study fields,,2026-09-05T04:35:51Z,snapshot_fields,1.0
P::J3158,DPP-2022,West,Phase 1,,,100.0,0.0,,2026-03-01,2026-03-01,2026-03-01,P::J3158,COLBY 345KV SUBSTATION,Queue-derived study fields,,2026-09-05T04:35:51Z,snapshot_fields,1.0
P::J3159,DPP-2022,West,Phase 1,,,100.0,0.0,,2026-03-01,2026-03-01,2026-03-01,P::J3159,GARDNER 69KV SUBSTATION,Queue-derived study fields,,2026-09-05T04:35:51Z,snapshot_fields,1.0
P::J3160,DPP-2022,East (ATC),Phase 1,,,100.0,0.0,,2026-03-01,2026-03-01,2026-03-01,P::J3160,SOUTH FOND DU LAC 345KV,Queue-derived study fields,,2026-09-05T04:35:51Z,snapshot_fields,1.0
P::J3161,DPP-2022,East (ATC),Phase 1,,,100.0,0.0,,2026-03-01,2026-03-01,2026-03-01,P::J3161,HUEBNER 138KV,Queue-derived study fields,,2026-09-05T04:35:51Z,snapshot_fields,1.0
P::J3162,DPP-2022,East (ATC),Phase 1,,,100.0,0.0,,2026-03-01,2026-03-01,2026-03-01,P::J3162,BELOIT GATEWAY,Queue-derived study fields,,2026-09-05T04:35:51Z,snapshot_fields,1.0
P::J3163,DPP-2022,West,Phase 1,,,481.0,-0.41753653444676403,,2026-03-01,2026-03-01,2026-03-01,P::J3163,BISON,Queue-derived study fields,,2026-09-05T04:35:51Z,snapshot_fields,1.0
P::J3164,DPP-2022,South,Phase 1,,,100.0,0.0,,2026-03-01,2026-03-01,2026-03-01,P::J3164,MCCLELLAN 138KV SUBSTATION,Queue-derived study fields,,2026-09-05T04:35:51Z,snapshot_fields,1.0
P::J3165,DPP-2022,Central,Phase 2,,,100.0,0.0,,2026-03-01,2026-03-01,2026-03-01,P::J3165,NEW HARDINSBURG,Queue-derived study fields,,2026-09-05T04:35:51Z,snapshot_fields,1.0
P::J3166,DPP-2022,Central,Phase 2,,,100.0,0.0,,2026-03-01,2026-03-01,2026-03-01,P::J3166,EDWARDSPORT STATION IGCC,Queue-derived study fields,,2026-09-05T04:35:51Z,snapshot_fields,1.0
P::J3167,DPP-2022,Central,Phase 2,,,180.0,0.0,,2026-03-01,2026-03-01,2026-03-01,P::J3167,IPAVA 138KV SUBSTATION,Queue-derived study fields,,2026-09-05T04:35:51Z,snapshot_fields,1.0
P::J3168,DPP-2022,Central,Phase 2,,,120.0,0.0,,2026-03-01,2026-03-01,2026-03-01,P::J3168,REYNOLDS,Queue-derived study fields,,2026-09-05T04:35:51Z,snapshot_fields,1.0
P::J3169,DPP-2022,South,Phase 1,,,200.0,0.0,,2026-03-01,2026-03-01,2026-03-01,P::J3169,CYPRESS 138KV SUBSTATION,Queue-derived study fields,,2026-09-05T04:35:51Z,snapshot_fields,1.0
P::J3170,DPP-2022,South,Phase 1,,,200.0,0.0,,2026-03-01,2026-03-01,2026-03-01,P::J3170,EOLA MARKSVILLE 138KV,Queue-derived study fields,,2026-09-05T04:35:51Z,snapshot_fields,1.0
P::J3171,DPP-2022,South,Phase 1,,,300.0,0.0,,2026-03-01,2026-03-01,2026-03-01,P::J3171,MONTICELLO EAST REED SS 115KV,Queue-derived study fields,,2026-09-05T04:35:51Z,snapshot_fields,1.0
P::J3172,DPP-2022,West,Phase 1,,,100.0,0.0,,2026-03-01,2026-03-01,2026-03-01,P::J3172,GRE NININGR7 115KV,Queue-derived study fields,,2026-09-05T04:35:51Z,snapshot_fields,1.0
P::J3173,DPP-2022,South,Phase 1,,,220.0,0.0,,2026-03-01,2026-03-01,2026-03-01,P::J3173,SWIFTON TO HOXIE 161KV,Queue-derived study fields,,2026-09-05T04:35:51Z,snapshot_fields,1.0
P::J3174,DPP-2022,Central,Phase 2,,,180.0,0.0,,2026-03-01,2026-03-01,2026-03-01,P::J3174,JACKSONVILLE INDUSTRIAL PK WINCHESTER SWITCHING STATION 138KV,Queue-derived study fields,,2026-09-05T04:35:51Z,snapshot_fields,1.0
P::J3175,DPP-2022,South,Phase 1,,,160.0,0.0,,2026-03-01,2026-03-01,2026-03-01,P::J3175,ROBINSONVILLE 230KV,Queue-derived study fields,,2026-09-05T04:35:51Z,snapshot_fields,1.0
P::J3176,DPP-2022,South,Phase 1,,,50.0,0.0,,2026-03-01,2026-03-01,2026-03-01,P::J3176,DERRICK,Queue-derived study fields,,2026-09-05T04:35:51Z,snapshot_fields,1.0
P::J3177,DPP-2022,South,Phase 1,,,80.0,0.0,,2026-03-01,2026-03-01,2026-03-01,P::J3177,ROBINSONVILLE 230KV SUBSTATION,Queue-derived study fields,,2026-09-05T04:35:51Z,snapshot_fields,1.0
P::J3178,DPP-2022,South,Phase 1,,,50.0,0.0,,2026-03-01,2026-03-01,2026-03-01,P::J3178,DOLET HILLS,Queue-derived study fields,,2026-09-05T04:35:51Z,snapshot_fields,1.0
P::J3179,DPP-2022,South,Phase 1,,,100.0,0.0,,2026-03-01,2026-03-01,2026-03-01,P::J3179,DERRICK,Queue-derived study fields,,2026-09-05T04:35:51Z,snapshot_fields,1.0
P::J3180,DPP-2022,South,Phase 1,,,110.0,0.0,,2026-03-01,2026-03-01,2026-03-01,P::J3180,DOLET HILLS,Queue-derived study fields,,2026-09-05T04:35:51Z,snapshot_fields,1.0
P::J3181,DPP-2022,Central,Phase 2,,,100.0,0.0,,2026-03-01,2026-03-01,2026-03-01,P::J3181,4FOGARTY 4LIMIT 138 0KV,Queue-derived study fields,,2026-09-05T04:35:51Z,snapshot_fields,1.0
P::J3182,DPP-2022,West,Phase 1,,,200.0,0.0,,2026-03-01,2026-03-01,2026-03-01,P::J3182,COYOTE,Queue-derived study fields,,2026-09-05T04:35:51Z,snapshot_fields,1.0
P::J3183,DPP-2022,West,Phase 1,,,125.0,0.0,,2026-03-01,2026-03-01,2026-03-01,P::J3183,BIG STONE SOUTH 230KV SUBSTATION,Queue-derived study fields,,2026-09-05T04:35:51Z,snapshot_fields,1.0
P::J3184,DPP-2022,Central,Phase 2,,,145.0,0.0,,2026-03-01,2026-03-01,2026-03-01,P::J3184,TURKEY HILL 138KV,Queue-derived study fields,,2026-09-05T04:35:51Z,snapshot_fields,1.0
P::J3185,DPP-2022,Central,Phase 2,,,150.0,0.0,,2026-03-01,2026-03-01,2026-03-01,P::J3185,EFFINGHAM NEWTON 138KV 4EFFINGHM 347025 4NEWTON 347831,Queue-derived study fields,,2026-09-05T04:35:51Z,snapshot_fields,1.0
P::J3186,DPP-2022,South,Phase 1,,,100.0,0.0,,2026-03-01,2026-03-01,2026-03-01,P::J3186,ROSEDALE DELTA 115KV,Queue-derived study fields,,2026-09-05T04:35:51Z,snapshot_fields,1.0
P::J3187,DPP-2022,Central,Phase 2,,,37.0,0.0,,2026-03-01,2026-03-01,2026-03-01,P::J3187,HAVANA 138KV SUB,Queue-derived study fields,,2026-09-05T04:35:51Z,snapshot_fields,1.0
P::J3188,DPP-2022,Central,Phase 2,,,35.0,0.0,,2026-03-01,2026-03-01,2026-03-01,P::J3188,HALLOCK 138KV,Queue-derived study fields,,2026-09-05T04:35:51Z,snapshot_fields,1.0
P::J3189,DPP-2022,Central,Phase 2,,,50.0,0.0,,2026-03-01,2026-03-01,2026-03-01,P::J3189,ST JOHNS 138KV SUBSTATION,Queue-derived study fields,,2026-09-05T04:35:51Z,snapshot_fields,1.0
P::J3190,DPP-2022,Central,Phase 2,,,50.0,0.0,,2026-03-01,2026-03-01,2026-03-01,P::J3190,PIKE 161KV SUBSTATION,Queue-derived study fields,,2026-09-05T04:35:51Z,snapshot_fields,1.0
P::J3191,DPP-2022,South,Phase 1,,,100.0,0.0,,2026-03-01,2026-03-01,2026-03-01,P::J3191,AECC BALCH FISHER 161KV,Queue-derived study fields,,2026-09-05T04:35:51Z,snapshot_fields,1.0
P::J3192,DPP-2022,South,Phase 1,,,500.0,0.0,,2026-03-01,2026-03-01,2026-03-01,P::J3192,MALLORY 161KV SUBSTATION,Queue-derived study fields,,2026-09-05T04:35:51Z,snapshot_fields,1.0
P::J3193,DPP-2022,South,Phase 1,,,100.0,0.0,,2026-03-01,2026-03-01,2026-03-01,P::J3193,POYEN GIFFORD 115KV,Queue-derived study fields,,2026-09-05T04:35:51Z,snapshot_fields,1.0
P::J3194,DPP-2022,South,Phase 1,,,198.0,0.0,,2026-03-01,2026-03-01,2026-03-01,P::J3194,RYE CO CYPRESS 138KV,Queue-derived study fields,,2026-09-05T04:35:51Z,snapshot_fields,1.0
P::J3195,DPP-2022,South,Phase 1,,,200.0,0.0,,2026-03-01,2026-03-01,2026-03-01,P::J3195,WHITE BLUFF EHV WRIGHTSVILLE 115KV,Queue-derived study fields,,2026-09-05T04:35:51Z,snapshot_fields,1.0
P::J3196,DPP-2022,Central,Phase 2,,,100.0,0.0,,2026-03-01,2026-03-01,2026-03-01,P::J3196,BURR OAK TO EAST WINAMAC 138KV,Queue-derived study fields,,2026-09-05T04:35:51Z,snapshot_fields,1.0
P::J3197,DPP-2022,South,Phase 1,,,250.0,0.0,,2026-03-01,2026-03-01,2026-03-01,P::J3197,EAST LEESVILLE RODEMACHER 230,Queue-derived study fields,,2026-09-05T04:35:51Z,snapshot_fields,1.0
P::J3198,DPP-2022,West,Phase 1,,,80.0,0.0,,2026-03-01,2026-03-01,2026-03-01,P::J3198,BARRON,Queue-derived study fields,,2026-09-05T04:35:51Z,snapshot_fields,1.0
P::J3199,DPP-2022,Central,Phase 2,,,300.0,0.0,,2026-03-01,2026-03-01,2026-03-01,P::J3199,ZACHARY 345KV,Queue-derived study fields,,2026-09-05T04:35:51Z,snapshot_fields,1.0
P::J3200,DPP-2022,Central,Phase 2,,,250.0,0.0,,2026-03-01,2026-03-01,2026-03-01,P::J3200,TURKEY HILL 345KV,Queue-derived study fields,,2026-09-05T04:35:51Z,snapshot_fields,1.0
P::J3201,DPP-2022,South,Phase 1,,,148.0,0.0,,2026-03-01,2026-03-01,2026-03-01,P::J3201,TYLERTOWN BOGALUSA 115KV,Queue-derived study fields,,2026-09-05T04:35:51Z,snapshot_fields,1.0
P::J3202,DPP-2022,Central,Phase 2,,,120.0,0.0,,2026-03-01,2026-03-01,2026-03-01,P::J3202,5CLARK 5PILTMA 161 0KV,Queue-derived study fields,,2026-09-05T04:35:51Z,snapshot_fields,1.0
P::J3203,DPP-2022,East (ITC),Phase 1,,,150.0,0.0,,2026-03-01,2026-03-01,2026-03-01,P::J3203,BINGHAM LOOKNG GL J 138KV,Queue-derived study fields,,2026-09-05T04:35:51Z,snapshot_fields,1.0
P::J3204,DPP-2022,East (ATC),Phase 1,,,190.0,0.0,,2026-03-01,2026-03-01,2026-03-01,P::J3204,STONE LAKE GARDNER PARK 345 0KV,Queue-derived study fields,,2026-09-05T04:35:51Z,snapshot_fields,1.0
P::J3205,DPP-2022,South,Phase 1,,,80.0,0.0,,2026-03-01,2026-03-01,2026-03-01,P::J3205,ARLINGTON TO SMITHDALE 115KV,Queue-derived study fields,,2026-09-05T04:35:51Z,snapshot_fields,1.0
P::J3206,DPP-2022,West,Phase 1,,,194.0,0.0,,2026-03-01,2026-03-01,2026-03-01,P::J3206,KILLDEER 345KV SUBSTATION,Queue-derived study fields,,2026-09-05T04:35:51Z,snapshot_fields,1.0
P::J3207,DPP-2022,Central,Phase 2,,,100.0,0.0,,2026-03-01,2026-03-01,2026-03-01,P::J3207,J3578,Queue-derived study fields,,2026-09-05T04:35:51Z,snapshot_fields,1.0
P::J3208,DPP-2022,Central,Phase 2,,,10.0,0.0,,2026-03-01,2026-03-01,2026-03-01,P::J3208,PATOKA VALLEY,Queue-derived study fields,,2026-09-05T04:35:51Z,snapshot_fields,1.0
P::J3209,DPP-2022,South,Phase 1,,,350.0,0.0,,2026-03-01,2026-03-01,2026-03-01,P::J3209,HINESTON,Queue-derived study fields,,2026-09-05T04:35:51Z,snapshot_fields,1.0
P::J3210,DPP-2022,South,Phase 1,,,100.0,0.0,,2026-03-01,2026-03-01,2026-03-01,P::J3210,J2245 SUBSTATION,Queue-derived study fields,,2026-09-05T04:35:51Z,snapshot_fields,1.0
P::J3211,DPP-2022,South,Phase 1,,,100.0,0.0,,2026-03-01,2026-03-01,2026-03-01,P::J3211,J1564 SUBSTATION,Queue-derived study fields,,2026-09-05T04:35:51Z,snapshot_fields,1.0
P::J3212,DPP-2022,West,Phase 1,,,50.0,0.0,,2026-03-01,2026-03-01,2026-03-01,P::J3212,GLENWOOD,Queue-derived study fields,,2026-09-05T04:35:51Z,snapshot_fields,1.0
P::J3213,DPP-2022,West,Phase 1,,,55.0,-7.8431372549019605,,2026-03-01,2026-03-01,2026-03-01,P::J3213,RIVERSIDE 115KV SUBSTATION,Queue-derived study fields,,2026-09-05T04:35:51Z,snapshot_fields,1.0
P::J3214,DPP-2022,West,Phase 1,,,185.0,0.0,,2026-03-01,2026-03-01,2026-03-01,P::J3214,WEVER,Queue-derived study fields,,2026-09-05T04:35:51Z,snapshot_fields,1.0
P::J3215,DPP-2022,Central,Phase 2,,,594.0,0.0,,2026-03-01,2026-03-01,2026-03-01,P::J3215,STILLWELL TO BABCOCK 345KV TRANSMISSION LINE,Queue-derived study fields,,2026-09-05T04:35:51Z,snapshot_fields,1.0
P::J3216,DPP-2022,Central,Phase 2,,,300.0,0.0,,2026-03-01,2026-03-01,2026-03-01,P::J3216,BLOOMINGTON BROKAW,Queue-derived study fields,,2026-09-05T04:35:51Z,snapshot_fields,1.0
P::J3217,DPP-2022,West,Phase 1,,,60.0,0.0,,2026-03-01,2026-03-01,2026-03-01,P::J3217,CRANDALL 345KV SUBSTATION,Queue-derived study fields,,2026-09-05T04:35:51Z,snapshot_fields,1.0
P::J3218,DPP-2022,South,Phase 1,,,50.0,0.0,,2026-03-01,2026-03-01,2026-03-01,P::J3218,PRESCOTT 337507 TO EMMETT 337505,Queue-derived study fields,,2026-09-05T04:35:51Z,snapshot_fields,1.0
P::J3219,DPP-2022,West,Phase 1,,,3.0,0.0,,2026-03-01,2026-03-01,2026-03-01,P::J3219,CANNON FALLS TRANSM,Queue-derived study fields,,2026-09-05T04:35:51Z,snapshot_fields,1.0
P::J3220,DPP-2022,East (ITC),Phase 1,,,200.0,0.0,,2026-03-01,2026-03-01,2026-03-01,P::J3220,PEDDLER,Queue-derived study fields,,2026-09-05T04:35:51Z,snapshot_fields,1.0
P::J3221,DPP-2022,South,Phase 1,,,49.0,0.0,,2026-03-01,2026-03-01,2026-03-01,P::J3221,LA_ORD_115,Queue-derived study fields,,2026-09-05T04:35:51Z,snapshot_fields,1.0
P::J3222,DPP-2022,Central,Phase 2,,,109.0,0.0,,2026-03-01,2026-03-01,2026-03-01,P::J3222,ARLAND TO FARADAY 345KV LINE TAP,Queue-derived study fields,,2026-09-05T04:35:51Z,snapshot_fields,1.0
P::J3223,DPP-2022,Central,Phase 2,,,88.0,0.0,,2026-03-01,2026-03-01,2026-03-01,P::J3223,OLNEY 4JASPER 347868 ALBION 4ALBION N 346510 138KV,Queue-derived study fields,,2026-09-05T04:35:51Z,snapshot_fields,1.0
P::J3224,DPP-2022,Central,Phase 2,,,150.0,0.0,,2026-03-01,2026-03-01,2026-03-01,P::J3224,4KINMUNDY 4TANNER 138KV,Queue-derived study fields,,2026-09-05T04:35:51Z,snapshot_fields,1.0
P::J3225,DPP-2022,Central,Phase 2,,,150.0,0.0,,2026-03-01,2026-03-01,2026-03-01,P::J3225,BABCOCK STILLWELL 345KV,Queue-derived study fields,,2026-09-05T04:35:51Z,snapshot_fields,1.0
P::J3226,DPP-2022,Central,Phase 2,,,130.0,0.0,,2026-03-01,2026-03-01,2026-03-01,P::J3226,BURR OAK PLYMOUTH 138 0KV,Queue-derived study fields,,2026-09-05T04:35:51Z,snapshot_fields,1.0
P::J3227,DPP-2022,Central,Phase 2,,,80.0,0.0,,2026-03-01,2026-03-01,2026-03-01,P::J3227,GALLAGHER TO LIVINGSTON 345KV SEGMENT ON THE LIVINGSTON Â TITTABAWASSEE 345KV LINE,Queue-derived study fields,,2026-09-05T04:35:51Z,snapshot_fields,1.0
P::J3228,DPP-2022,East (ITC),Phase 1,,,26.0,0.0,,2026-03-01,2026-03-01,2026-03-01,P::J3228,REDSTONE TITTABAWASSEE 138KV LINE,Queue-derived study fields,,2026-09-05T04:35:51Z,snapshot_fields,1.0
P::J3229,DPP-2022,Central,Phase 2,,,140.0,0.0,,2026-03-01,2026-03-01,2026-03-01,P::J3229,4DILLON 4LKSIDE TP2 138 0KV,Queue-derived study fields,,2026-09-05T04:35:51Z,snapshot_fields,1.0
P::J3230,DPP-2022,South,Phase 1,,,200.0,0.0,,2026-03-01,2026-03-01,2026-03-01,P::J3230,PARKIN GILMORE 161 0KV,Queue-derived study fields,,2026-09-05T04:35:51Z,snapshot_fields,1.0
P::J3231,DPP-2022,South,Phase 1,,,100.0,0.0,,2026-03-01,2026-03-01,2026-03-01,P::J3231,GLOSTER LIBERTY 115 0KV,Queue-derived study fields,,2026-09-05T04:35:51Z,snapshot_fields,1.0
P::J3232,DPP-2023,Central,Study Not Started,,,500.0,0.0,,2026-03-01,2026-03-01,2026-03-01,P::J3232,CAYUGA STATION,Queue-derived study fields,,2026-09-05T04:35:51Z,snapshot_fields,1.0
P::J3233,DPP-2023,West,Study Not Started,,,140.0,0.0,,2026-03-01,2026-03-01,2026-03-01,P::J3233,CANBY 115KV SUBSTATION,Queue-derived study fields,,2026-09-05T04:35:51Z,snapshot_fields,1.0
P::J3234,DPP-2023,West,Study Not Started,,,130.0,0.0,,2026-03-01,2026-03-01,2026-03-01,P::J3234,ST BONIFACIUS,Queue-derived study fields,,2026-09-05T04:35:51Z,snapshot_fields,1.0
P::J3235,DPP-2023,West,Study Not Started,,,250.0,0.0,,2026-03-01,2026-03-01,2026-03-01,P::J3235,CHERRY PARK SUBSTATION,Queue-derived study fields,,2026-09-05T04:35:51Z,snapshot_fields,1.0
P::J3236,DPP-2023,West,Study Not Started,,,200.0,0.0,,2026-03-01,2026-03-01,2026-03-01,P::J3236,CHISAGO COUNTY 115KV SUBSTATION,Queue-derived study fields,,2026-09-05T04:35:51Z,snapshot_fields,1.0
P::J3237,DPP-2023,West,Study Not Started,,,86.0,0.0,,2026-03-01,2026-03-01,2026-03-01,P::J3237,NATIONAL TAC PLANT 115KV CUSTOMER OWNED,Queue-derived study fields,,2026-09-05T04:35:51Z,snapshot_fields,1.0
P::J3238,DPP-2023,South,Study Not Started,,,155.0,0.0,,2026-03-01,2026-03-01,2026-03-01,P::J3238,COCODRIE VILLE PLATTE 230 0KV,Queue-derived study fields,,2026-09-05T04:35:51Z,snapshot_fields,1.0
P::J3239,DPP-2023,Central,Study Not Started,,,175.0,0.0,,2026-03-01,2026-03-01,2026-03-01,P::J3239,PANA 138KV,Queue-derived study fields,,2026-09-05T04:35:51Z,snapshot_fields,1.0
P::J3240,DPP-2023,Central,Study Not Started,,,150.0,0.0,,2026-03-01,2026-03-01,2026-03-01,P::J3240,OTHER_,Queue-derived study fields,,2026-09-05T04:35:51Z,snapshot_fields,1.0
P::J3241,DPP-2023,South,Study Not Started,,,200.0,0.0,,2026-03-01,2026-03-01,2026-03-01,P::J3241,ARLINGTON GOAB,Queue-derived study fields,,2026-09-05T04:35:51Z,snapshot_fields,1.0
P::J3242,DPP-2023,Central,Study Not Started,,,150.0,0.0,,2026-03-01,2026-03-01,2026-03-01,P::J3242,FLINT 138KV,Queue-derived study fields,,2026-09-05T04:35:51Z,snapshot_fields,1.0
P::J3243,DPP-2023,Central,Study Not Started,,,150.0,0.0,,2026-03-01,2026-03-01,2026-03-01,P::J3243,OTHER_,Queue-derived study fields,,2026-09-05T04:35:51Z,snapshot_fields,1.0
P::J3244,DPP-2023,Central,Study Not Started,,,100.0,0.0,,2026-03-01,2026-03-01,2026-03-01,P::J3244,PARKE COUNTY REMC,Queue-derived study fields,,2026-09-05T04:35:51Z,snapshot_fields,1.0
P::J3245,DPP-2023,Central,Study Not Started,,,150.0,0.0,,2026-03-01,2026-03-01,2026-03-01,P::J3245,MEADE COUNTY NEW HARDINSBURG 161 0KV,Queue-derived study fields,,2026-09-05T04:35:51Z,snapshot_fields,1.0
P::J3246,DPP-2023,Central,Study Not Started,,,120.0,0.0,,2026-03-01,2026-03-01,2026-03-01,P::J3246,FANCY CREEK 138KV SUBSTATION,Queue-derived study fields,,2026-09-05T04:35:51Z,snapshot_fields,1.0
P::J3247,DPP-2023,Central,Study Not Started,,,200.0,0.0,,2026-03-01,2026-03-01,2026-03-01,P::J3247,SPELTERVILLE,Queue-derived study fields,,2026-09-05T04:35:51Z,snapshot_fields,1.0
P::J3248,DPP-2023,Central,Study Not Started,,,250.0,0.0,,2026-03-01,2026-03-01,2026-03-01,P::J3248,AB BROWN FARM BUREAU 138 0KV,Queue-derived study fields,,2026-09-05T04:35:51Z,snapshot_fields,1.0
P::J3249,DPP-2023,Central,Study Not Started,,,200.0,0.0,,2026-03-01,2026-03-01,2026-03-01,P::J3249,ELLIOTT FRANCISCO 138 0KV,Queue-derived study fields,,2026-09-05T04:35:51Z,snapshot_fields,1.0
P::J3250,DPP-2023,West,Study Not Started,,,150.0,0.0,,2026-03-01,2026-03-01,2026-03-01,P::J3250,FLOYD EMERY ITCM 161 0KV,Queue-derived study fields,,2026-09-05T04:35:51Z,snapshot_fields,1.0
P::J3251,DPP-2023,East (ITC),Study Not Started,,,200.0,0.0,,2026-03-01,2026-03-01,2026-03-01,P::J3251,THETFORD,Queue-derived study fields,,2026-09-05T04:35:51Z,snapshot_fields,1.0
P::J3252,DPP-2023,East (ITC),Study Not Started,,,200.0,0.0,,2026-03-01,2026-03-01,2026-03-01,P::J3252,FITZ,Queue-derived study fields,,2026-09-05T04:35:51Z,snapshot_fields,1.0
P::J3253,DPP-2023,South,Study Not Started,,,150.0,0.0,,2026-03-01,2026-03-01,2026-03-01,P::J3253,BAILEY,Queue-derived study fields,,2026-09-05T04:35:51Z,snapshot_fields,1.0
P::J3254,DPP-2023,Central,Study Not Started,,,175.0,0.0,,2026-03-01,2026-03-01,2026-03-01,P::J3254,5CAPE GIR3 5JOPPA SR 161 0KV,Queue-derived study fields,,2026-09-05T04:35:51Z,snapshot_fields,1.0
P::J3255,DPP-2023,South,Study Not Started,,,350.0,0.0,,2026-03-01,2026-03-01,2026-03-01,P::J3255,INDIANOLA 230 115 SUB MCADAMS EHV 230 0KV,Queue-derived study fields,,2026-09-05T04:35:51Z,snapshot_fields,1.0
P::J3256,DPP-2023,Central,Study Not Started,,,200.0,0.0,,2026-03-01,2026-03-01,2026-03-01,P::J3256,4GALLATIN 4KANSAS 138 0KV,Queue-derived study fields,,2026-09-05T04:35:51Z,snapshot_fields,1.0
P::J3257,DPP-2023,Central,Study Not Started,,,190.0,0.0,,2026-03-01,2026-03-01,2026-03-01,P::J3257,EAST WINAMAC MONTICELLO 138 0KV,Queue-derived study fields,,2026-09-05T04:35:51Z,snapshot_fields,1.0
P::J3258,DPP-2023,East (ITC),Study Not Started,,,200.0,0.0,,2026-03-01,2026-03-01,2026-03-01,P::J3258,TYLER,Queue-derived study fields,,2026-09-05T04:35:51Z,snapshot_fields,1.0
P::J3259,DPP-2023,West,Study Not Started,,,250.0,0.0,,2026-03-01,2026-03-01,2026-03-01,P::J3259,CEDAR MOUNTAIN,Queue-derived study fields,,2026-09-05T04:35:51Z,snapshot_fields,1.0
P::J3260,DPP-2023,Central,Study Not Started,,,97.0,0.0,,2026-03-01,2026-03-01,2026-03-01,P::J3260,4NLASALLE RB 4WED_FOXR 138 0KV,Queue-derived study fields,,2026-09-05T04:35:51Z,snapshot_fields,1.0
P::J3261,DPP-2023,South,Study Not Started,,,200.0,0.0,,2026-03-01,2026-03-01,2026-03-01,P::J3261,TUNICA 230KV 337160,Queue-derived study fields,,2026-09-05T04:35:51Z,snapshot_fields,1.0
P::J3262,DPP-2023,South,Study Not Started,,,300.0,0.0,,2026-03-01,2026-03-01,2026-03-01,P::J3262,STOWELL,Queue-derived study fields,,2026-09-05T04:35:51Z,snapshot_fields,1.0
P::J3263,DPP-2023,South,Study Not Started,,,150.0,0.0,,2026-03-01,2026-03-01,2026-03-01,P::J3263,DUMAS REED SS 115 0KV,Queue-derived study fields,,2026-09-05T04:35:51Z,snapshot_fields,1.0
P::J3264,DPP-2023,East (ITC),Study Not Started,,,300.0,0.0,,2026-03-01,2026-03-01,2026-03-01,P::J3264,LIVINGSTON CO,Queue-derived study fields,,2026-09-05T04:35:51Z,snapshot_fields,1.0
P::J3265,DPP-2023,West,Study Not Started,,,175.0,0.0,,2026-03-01,2026-03-01,2026-03-01,P::J3265,BROOKINGS COUNTY,Queue-derived study fields,,2026-09-05T04:35:51Z,snapshot_fields,1.0
P::J3266,DPP-2023,West,Study Not Started,,,175.0,0.0,,2026-03-01,2026-03-01,2026-03-01,P::J3266,FORMAN 230KV SUBSTATION,Queue-derived study fields,,2026-09-05T04:35:51Z,snapshot_fields,1.0
P::J3267,DPP-2023,East (ITC),Study Not Started,,,50.0,0.0,,2026-03-01,2026-03-01,2026-03-01,P::J3267,THETFORD,Queue-derived study fields,,2026-09-05T04:35:51Z,snapshot_fields,1.0
P::J3268,DPP-2023,East (ITC),Study Not Started,,,100.0,0.0,,2026-03-01,2026-03-01,2026-03-01,P::J3268,REGAL,Queue-derived study fields,,2026-09-05T04:35:51Z,snapshot_fields,1.0
P::J3269,DPP-2023,Central,Study Not Started,,,300.0,0.0,,2026-03-01,2026-03-01,2026-03-01,P::J3269,7W_FRFT_E 7NORRIS 345 0KV,Queue-derived study fields,,2026-09-05T04:35:51Z,snapshot_fields,1.0
P::J3270,DPP-2023,South,Study Not Started,,,250.0,0.0,,2026-03-01,2026-03-01,2026-03-01,P::J3270,AECC AUBREY RITCHIE SWYD 230 0KV,Queue-derived study fields,,2026-09-05T04:35:51Z,snapshot_fields,1.0
P::J3271,DPP-2023,South,Study Not Started,,,230.0,0.0,,2026-03-01,2026-03-01,2026-03-01,P::J3271,AECC DELL 161KV NUCOR YAMATO 161KV SWITCHING STATION 161 0KV,Queue-derived study fields,,2026-09-05T04:35:51Z,snapshot_fields,1.0
P::J3272,DPP-2023,South,Study Not Started,,,85.0,0.0,,2026-03-01,2026-03-01,2026-03-01,P::J3272,VIDALIA,Queue-derived study fields,,2026-09-05T04:35:51Z,snapshot_fields,1.0
P::J3273,DPP-2023,South,Study Not Started,,,473.8,0.0,,2026-03-01,2026-03-01,2026-03-01,P::J3273,BAXTER WILSON SES SWYD PERRYVILLE 500 SWYD 500 0KV,Queue-derived study fields,,2026-09-05T04:35:51Z,snapshot_fields,1.0
P::J3274,DPP-2023,East (ITC),Study Not Started,,,290.0,0.0,,2026-03-01,2026-03-01,2026-03-01,P::J3274,GALLAGHER TWINING 138 0KV,Queue-derived study fields,,2026-09-05T04:35:51Z,snapshot_fields,1.0
P::J3275,DPP-2023,West,Study Not Started,,,249.0,0.0,,2026-03-01,2026-03-01,2026-03-01,P::J3275,MUD LAKE BENTON COUNTY GRE 230KV,Queue-derived study fields,,2026-09-05T04:35:51Z,snapshot_fields,1.0
P::J3276,DPP-2023,Central,Study Not Started,,,200.0,0.0,,2026-03-01,2026-03-01,2026-03-01,P::J3276,MOUND CITY,Queue-derived study fields,,2026-09-05T04:35:51Z,snapshot_fields,1.0
P::J3277,DPP-2023,East (ITC),Study Not Started,,,175.0,0.0,,2026-03-01,2026-03-01,2026-03-01,P::J3277,OTHER_,Queue-derived study fields,,2026-09-05T04:35:51Z,snapshot_fields,1.0
P::J3278,DPP-2023,West,Study Not Started,,,90.0,0.0,,2026-03-01,2026-03-01,2026-03-01,P::J3278,SWENODA TAP DUBLIN TAP SS360 360WSM1 115 0KV,Queue-derived study fields,,2026-09-05T04:35:51Z,snapshot_fields,1.0
P::J3279,DPP-2023,West,Study Not Started,,,300.0,0.0,,2026-03-01,2026-03-01,2026-03-01,P::J3279,ELLENDALE 345 TWIN BROOKS 345 0KV,Queue-derived study fields,,2026-09-05T04:35:51Z,snapshot_fields,1.0
P::J3280,DPP-2023,West,Study Not Started,,,300.0,0.0,,2026-03-01,2026-03-01,2026-03-01,P::J3280,ELLENDALE,Queue-derived study fields,,2026-09-05T04:35:51Z,snapshot_fields,1.0
P::J3281,DPP-2023,East (ATC),Study Not Started,,,170.0,0.0,,2026-03-01,2026-03-01,2026-03-01,P::J3281,PRESQUE ISLE NORTH LAKE 138 0KV,Queue-derived study fields,,2026-09-05T04:35:51Z,snapshot_fields,1.0
P::J3282,DPP-2023,East (ITC),Study Not Started,,,100.0,66.32996632996633,,2026-03-01,2026-03-01,2026-03-01,P::J3282,KEYSTONE LUDINGTON 345 0KV,Queue-derived study fields,,2026-09-05T04:35:51Z,snapshot_fields,1.0
P::J3283,DPP-2023,East (ITC),Study Not Started,,,100.0,25.925925925925924,,2026-03-01,2026-03-01,2026-03-01,P::J3283,KEYSTONE WEXFORD 138 0KV,Queue-derived study fields,,2026-09-05T04:35:51Z,snapshot_fields,1.0
P::J3284,DPP-2023,Central,Study Not Started,,,100.0,0.0,,2026-03-01,2026-03-01,2026-03-01,P::J3284,SPRING BAY,Queue-derived study fields,,2026-09-05T04:35:51Z,snapshot_fields,1.0
P::J3285,DPP-2023,Central,Study Not Started,,,150.0,0.0,,2026-03-01,2026-03-01,2026-03-01,P::J3285,TH PFIZER JCT WORTHINGTON HED,Queue-derived study fields,,2026-09-05T04:35:51Z,snapshot_fields,1.0
P::J3286,DPP-2023,East (ITC),Study Not Started,,,200.0,0.0,,2026-03-01,2026-03-01,2026-03-01,P::J3286,KILGORE MICAH 120 0KV,Queue-derived study fields,,2026-09-05T04:35:51Z,snapshot_fields,1.0
P::J3287,DPP-2023,East (ITC),Study Not Started,,,110.0,45.0,,2026-03-01,2026-03-01,2026-03-01,P::J3287,HERSEY INTERCONNECTION,Queue-derived study fields,,2026-09-05T04:35:51Z,snapshot_fields,1.0
P::J3288,DPP-2023,Central,Study Not Started,,,125.0,0.0,,2026-03-01,2026-03-01,2026-03-01,P::J3288,KOKOMO WEBSTER ST WALTON 230 0KV,Queue-derived study fields,,2026-09-05T04:35:51Z,snapshot_fields,1.0
P::J3289,DPP-2023,West,Study Not Started,,,60.0,74.46808510638297,,2026-03-01,2026-03-01,2026-03-01,P::J3289,ELK RIVER 14,Queue-derived study fields,,2026-09-05T04:35:51Z,snapshot_fields,1.0
P::J3290,DPP-2023,Central,Study Not Started,,,100.0,0.0,,2026-03-01,2026-03-01,2026-03-01,P::J3290,MAGNETATION,Queue-derived study fields,,2026-09-05T04:35:51Z,snapshot_fields,1.0
P::J3291,DPP-2023,Central,Study Not Started,,,200.0,0.0,,2026-03-01,2026-03-01,2026-03-01,P::J3291,HIPLE,Queue-derived study fields,,2026-09-05T04:35:51Z,snapshot_fields,1.0
P::J3292,DPP-2023,South,Study Not Started,,,193.0,0.0,,2026-03-01,2026-03-01,2026-03-01,P::J3292,RITCHIE SWYD TARLETON 230 0KV,Queue-derived study fields,,2026-09-05T04:35:51Z,snapshot_fields,1.0
P::J3293,DPP-2023,Central,Study Not Started,,,250.0,0.0,,2026-03-01,2026-03-01,2026-03-01,P::J3293,EDWARDSPORT IGCC AMO 345 0KV,Queue-derived study fields,,2026-09-05T04:35:51Z,snapshot_fields,1.0
P::J3294,DPP-2023,Central,Study Not Started,,,200.0,0.0,,2026-03-01,2026-03-01,2026-03-01,P::J3294,GPC PRIMARY SANDBORN PRIMARY 161 0KV,Queue-derived study fields,,2026-09-05T04:35:51Z,snapshot_fields,1.0
P::J3295,DPP-2023,South,Study Not Started,,,250.0,0.0,,2026-03-01,2026-03-01,2026-03-01,P::J3295,COLE PENTON ROAD 230 0KV,Queue-derived study fields,,2026-09-05T04:35:51Z,snapshot_fields,1.0
P::J3296,DPP-2023,Central,Study Not Started,,,200.0,0.0,,2026-03-01,2026-03-01,2026-03-01,P::J3296,HAMILTON,Queue-derived study fields,,2026-09-05T04:35:51Z,snapshot_fields,1.0
P::J3297,DPP-2023,Central,Study Not Started,,,150.0,0.0,,2026-03-01,2026-03-01,2026-03-01,P::J3297,HERZOG,Queue-derived study fields,,2026-09-05T04:35:51Z,snapshot_fields,1.0
P::J3298,DPP-2023,Central,Study Not Started,,,200.0,0.0,,2026-03-01,2026-03-01,2026-03-01,P::J3298,TOWERLINE,Queue-derived study fields,,2026-09-05T04:35:51Z,snapshot_fields,1.0
P::J3299,DPP-2023,South,Study Not Started,,,150.0,0.0,,2026-03-01,2026-03-01,2026-03-01,P::J3299,BEVIL,Queue-derived study fields,,2026-09-05T04:35:51Z,snapshot_fields,1.0
P::J3300,DPP-2023,South,Study Not Started,,,200.0,0.0,,2026-03-01,2026-03-01,2026-03-01,P::J3300,CASH NEWPORT AB 161 0KV,Queue-derived study fields,,2026-09-05T04:35:51Z,snapshot_fields,1.0
P::J3301,DPP-2023,South,Study Not Started,,,180.0,0.0,,2026-03-01,2026-03-01,2026-03-01,P::J3301,DES ARC COTTON PLANT 115 0KV,Queue-derived study fields,,2026-09-05T04:35:51Z,snapshot_fields,1.0
P::J3302,DPP-2023,South,Study Not Started,,,105.0,0.0,,2026-03-01,2026-03-01,2026-03-01,P::J3302,P B SOUTH VARNER 115 0KV,Queue-derived study fields,,2026-09-05T04:35:51Z,snapshot_fields,1.0
P::J3303,DPP-2023,South,Study Not Started,,,400.0,0.0,,2026-03-01,2026-03-01,2026-03-01,P::J3303,WEST MEMPHIS EHV KEO EHV 500 0KV,Queue-derived study fields,,2026-09-05T04:35:51Z,snapshot_fields,1.0
P::J3304,DPP-2023,South,Study Not Started,,,350.0,0.0,,2026-03-01,2026-03-01,2026-03-01,P::J3304,ETTA MCNEIL EHV 500 0KV,Queue-derived study fields,,2026-09-05T04:35:51Z,snapshot_fields,1.0
P::J3305,DPP-2023,West,Study Not Started,,,150.0,0.0,,2026-03-01,2026-03-01,2026-03-01,P::J3305,OTHER_,Queue-derived study fields,,2026-09-05T04:35:51Z,snapshot_fields,1.0
P::J3306,DPP-2023,Central,Study Not Started,,,150.0,0.0,,2026-03-01,2026-03-01,2026-03-01,P::J3306,J3064,Queue-derived study fields,,2026-09-05T04:35:51Z,snapshot_fields,1.0
P::J3307,DPP-2023,Central,Study Not Started,,,300.0,0.0,,2026-03-01,2026-03-01,2026-03-01,P::J3307,CALLAWAY,Queue-derived study fields,,2026-09-05T04:35:51Z,snapshot_fields,1.0
P::J3308,DPP-2023,South,Study Not Started,,,180.0,0.0,,2026-03-01,2026-03-01,2026-03-01,P::J3308,MOSES SWYD AECC HUNTER NORTH 161 0KV,Queue-derived study fields,,2026-09-05T04:35:51Z,snapshot_fields,1.0
P::J3309,DPP-2023,South,Study Not Started,,,200.0,0.0,,2026-03-01,2026-03-01,2026-03-01,P::J3309,FRANKLIN EHV RAY BRASWELL EHV 500 0KV,Queue-derived study fields,,2026-09-05T04:35:51Z,snapshot_fields,1.0
P::J3310,DPP-2023,South,Study Not Started,,,150.0,0.0,,2026-03-01,2026-03-01,2026-03-01,P::J3310,BROOKHAVEN,Queue-derived study fields,,2026-09-05T04:35:51Z,snapshot_fields,1.0
P::J3311,DPP-2023,South,Study Not Started,,,400.0,0.0,,2026-03-01,2026-03-01,2026-03-01,P::J3311,WELLS,Queue-derived study fields,,2026-09-05T04:35:51Z,snapshot_fields,1.0
P::J3312,DPP-2023,West,Study Not Started,,,100.0,0.0,,2026-03-01,2026-03-01,2026-03-01,P::J3312,RAPTOR,Queue-derived study fields,,2026-09-05T04:35:51Z,snapshot_fields,1.0
P::J3313,DPP-2023,East (ITC),Study Not Started,,,263.0,0.0,,2026-03-01,2026-03-01,2026-03-01,P::J3313,MOROCCO ALLEN JUNCTION 345 0KV,Queue-derived study fields,,2026-09-05T04:35:51Z,snapshot_fields,1.0
P::J3314,DPP-2023,West,Study Not Started,,,200.0,0.0,,2026-03-01,2026-03-01,2026-03-01,P::J3314,POSTVILLE,Queue-derived study fields,,2026-09-05T04:35:51Z,snapshot_fields,1.0
P::J3315,DPP-2023,South,Study Not Started,,,150.0,0.0,,2026-03-01,2026-03-01,2026-03-01,P::J3315,COLONIAL PIPELINE FERNWOOD 115 0KV,Queue-derived study fields,,2026-09-05T04:35:51Z,snapshot_fields,1.0
P::J3316,DPP-2023,Central,Study Not Started,,,150.0,0.0,,2026-03-01,2026-03-01,2026-03-01,P::J3316,OKAWVILLE 138KV,Queue-derived study fields,,2026-09-05T04:35:51Z,snapshot_fields,1.0
P::J3317,DPP-2023,Central,Study Not Started,,,150.0,0.0,,2026-03-01,2026-03-01,2026-03-01,P::J3317,OTHER_,Queue-derived study fields,,2026-09-05T04:35:51Z,snapshot_fields,1.0
P::J3318,DPP-2023,Central,Study Not Started,,,300.0,0.0,,2026-03-01,2026-03-01,2026-03-01,P::J3318,MEROM 345KV SUBSTATION,Queue-derived study fields,,2026-09-05T04:35:51Z,snapshot_fields,1.0
P::J3319,DPP-2023,South,Study Not Started,,,150.0,0.0,,2026-03-01,2026-03-01,2026-03-01,P::J3319,SAREPTA 345 115 SS,Queue-derived study fields,,2026-09-05T04:35:51Z,snapshot_fields,1.0
P::J3320,DPP-2023,East (ITC),Study Not Started,,,200.0,0.0,,2026-03-01,2026-03-01,2026-03-01,P::J3320,ROOSEVELT,Queue-derived study fields,,2026-09-05T04:35:51Z,snapshot_fields,1.0
P::J3321,DPP-2023,Central,Study Not Started,,,200.0,0.0,,2026-03-01,2026-03-01,2026-03-01,P::J3321,OTHER_,Queue-derived study fields,,2026-09-05T04:35:51Z,snapshot_fields,1.0
P::J3322,DPP-2023,South,Study Not Started,,,325.0,0.0,,2026-03-01,2026-03-01,2026-03-01,P::J3322,NELSON 500 SWYD RICHARD 500 0KV,Queue-derived study fields,,2026-09-05T04:35:51Z,snapshot_fields,1.0
P::J3323,DPP-2023,West,Study Not Started,,,200.0,0.0,,2026-03-01,2026-03-01,2026-03-01,P::J3323,OTHER_,Queue-derived study fields,,2026-09-05T04:35:51Z,snapshot_fields,1.0
P::J3324,DPP-2023,West,Study Not Started,,,200.0,0.0,,2026-03-01,2026-03-01,2026-03-01,P::J3324,PALO ALTO KOSSUTH COUNTY 345 0KV,Queue-derived study fields,,2026-09-05T04:35:51Z,snapshot_fields,1.0
P::J3325,DPP-2023,West,Study Not Started,,,140.0,0.0,,2026-03-01,2026-03-01,2026-03-01,P::J3325,LITTLE SIOUX LEMARS TAP 161 0KV,Queue-derived study fields,,2026-09-05T04:35:51Z,snapshot_fields,1.0
P::J3326,DPP-2023,West,Study Not Started,,,250.0,0.0,,2026-03-01,2026-03-01,2026-03-01,P::J3326,OTHER_,Queue-derived study fields,,2026-09-05T04:35:51Z,snapshot_fields,1.0
P::J3327,DPP-2023,Central,Study Not Started,,,130.0,0.0,,2026-03-01,2026-03-01,2026-03-01,P::J3327,CATO 138 69KV FACILITIES ABOVE 100KV,Queue-derived study fields,,2026-09-05T04:35:51Z,snapshot_fields,1.0
P::J3328,DPP-2023,Central,Study Not Started,,,150.0,0.0,,2026-03-01,2026-03-01,2026-03-01,P::J3328,HOOPESTON WEST,Queue-derived study fields,,2026-09-05T04:35:51Z,snapshot_fields,1.0
P::J3329,DPP-2023,Central,Study Not Started,,,145.0,0.0,,2026-03-01,2026-03-01,2026-03-01,P::J3329,MEROM HED DRESSER 345 0KV,Queue-derived study fields,,2026-09-05T04:35:51Z,snapshot_fields,1.0
P::J3330,DPP-2023,East (ATC),Study Not Started,,,705.0,0.0,,2026-03-01,2026-03-01,2026-03-01,P::J3330,PLEASANT PRAIRIE ARCADIAN 345 0KV,Queue-derived study fields,,2026-09-05T04:35:51Z,snapshot_fields,1.0
P::J3331,DPP-2023,Central,Study Not Started,,,470.0,0.0,,2026-03-01,2026-03-01,2026-03-01,P::J3331,PETERSBURG SULLIVAN AEP PJM 345 0KV,Queue-derived study fields,,2026-09-05T04:35:51Z,snapshot_fields,1.0
P::J3332,DPP-2023,East (ATC),Study Not Started,,,150.0,0.0,,2026-03-01,2026-03-01,2026-03-01,P::J3332,FOREST JUNCTION CYPRESS 345 0KV,Queue-derived study fields,,2026-09-05T04:35:51Z,snapshot_fields,1.0
P::J3333,DPP-2023,East (ITC),Study Not Started,,,150.0,0.0,,2026-03-01,2026-03-01,2026-03-01,P::J3333,MAJESTIC MILAN 345 0KV,Queue-derived study fields,,2026-09-05T04:35:51Z,snapshot_fields,1.0
P::J3334,DPP-2023,Central,Study Not Started,,,100.0,0.0,,2026-03-01,2026-03-01,2026-03-01,P::J3334,MAPLE,Queue-derived study fields,,2026-09-05T04:35:51Z,snapshot_fields,1.0
P::J3335,DPP-2023,Central,Study Not Started,,,222.0,0.0,,2026-03-01,2026-03-01,2026-03-01,P::J3335,OTHER_,Queue-derived study fields,,2026-09-05T04:35:51Z,snapshot_fields,1.0
P::J3336,DPP-2023,East (ITC),Study Not Started,,,41.8,0.0,,2026-03-01,2026-03-01,2026-03-01,P::J3336,RINGLE,Queue-derived study fields,,2026-09-05T04:35:51Z,snapshot_fields,1.0
P::J3337,DPP-2023,Central,Study Not Started,,,230.0,0.0,,2026-03-01,2026-03-01,2026-03-01,P::J3337,5VANDUSER,Queue-derived study fields,,2026-09-05T04:35:51Z,snapshot_fields,1.0
P::J3338,DPP-2023,Central,Study Not Started,,,199.99,0.0,,2026-03-01,2026-03-01,2026-03-01,P::J3338,7W_FRFT_E 7NORRIS 345 0KV,Queue-derived study fields,,2026-09-05T04:35:51Z,snapshot_fields,1.0
P::J3339,DPP-2023,Central,Study Not Started,,,100.0,0.0,,2026-03-01,2026-03-01,2026-03-01,P::J3339,AMO,Queue-derived study fields,,2026-09-05T04:35:51Z,snapshot_fields,1.0
P::J3340,DPP-2023,Central,Study Not Started,,,175.0,0.0,,2026-03-01,2026-03-01,2026-03-01,P::J3340,ROSSVILLE 138KV ON THE HOOPESTON TO VERMILION 138KV LINE,Queue-derived study fields,,2026-09-05T04:35:51Z,snapshot_fields,1.0
P::J3341,DPP-2023,Central,Study Not Started,,,100.0,0.0,,2026-03-01,2026-03-01,2026-03-01,P::J3341,J2192 POI,Queue-derived study fields,,2026-09-05T04:35:51Z,snapshot_fields,1.0
P::J3342,DPP-2023,Central,Study Not Started,,,180.0,0.0,,2026-03-01,2026-03-01,2026-03-01,P::J3342,J2192 POI,Queue-derived study fields,,2026-09-05T04:35:51Z,snapshot_fields,1.0
P::J3343,DPP-2023,Central,Study Not Started,,,100.0,0.0,,2026-03-01,2026-03-01,2026-03-01,P::J3343,4MONM BLVD W 4CASTRO_JCT 138 0KV,Queue-derived study fields,,2026-09-05T04:35:51Z,snapshot_fields,1.0
P::J3344,DPP-2023,Central,Study Not Started,,,100.0,0.0,,2026-03-01,2026-03-01,2026-03-01,P::J3344,7FARGO 7SANDBURG 345 0KV,Queue-derived study fields,,2026-09-05T04:35:51Z,snapshot_fields,1.0
P::J3345,DPP-2023,Central,Study Not Started,,,200.0,0.0,,2026-03-01,2026-03-01,2026-03-01,P::J3345,FARADAY,Queue-derived study fields,,2026-09-05T04:35:51Z,snapshot_fields,1.0
P::J3346,DPP-2023,West,Study Not Started,,,250.0,0.0,,2026-03-01,2026-03-01,2026-03-01,P::J3346,OTHER_,Queue-derived study fields,,2026-09-05T04:35:51Z,snapshot_fields,1.0
P::J3347,DPP-2023,Central,Study Not Started,,,140.0,0.0,,2026-03-01,2026-03-01,2026-03-01,P::J3347,GREENFIELD HASTINGS PARK GREENSBORO 138 0KV,Queue-derived study fields,,2026-09-05T04:35:51Z,snapshot_fields,1.0
P::J3348,DPP-2023,Central,Study Not Started,,,110.0,0.0,,2026-03-01,2026-03-01,2026-03-01,P::J3348,PLYMOUTH KOSCIUSKO LEESBURG KOSCIUSKO CO REMC NORTHWEST 138 0KV,Queue-derived study fields,,2026-09-05T04:35:51Z,snapshot_fields,1.0
P::J3349,DPP-2023,Central,Study Not Started,,,400.0,0.0,,2026-03-01,2026-03-01,2026-03-01,P::J3349,IPAVA,Queue-derived study fields,,2026-09-05T04:35:51Z,snapshot_fields,1.0
P::J3350,DPP-2023,Central,Study Not Started,,,200.0,0.0,,2026-03-01,2026-03-01,2026-03-01,P::J3350,5MOBERLY 5OVERTON 161 0KV,Queue-derived study fields,,2026-09-05T04:35:51Z,snapshot_fields,1.0
P::J3351,DPP-2023,Central,Study Not Started,,,100.0,0.0,,2026-03-01,2026-03-01,2026-03-01,P::J3351,HICKOK,Queue-derived study fields,,2026-09-05T04:35:51Z,snapshot_fields,1.0
P::J3352,DPP-2023,Central,Study Not Started,,,250.0,0.0,,2026-03-01,2026-03-01,2026-03-01,P::J3352,LUTESVILLE,Queue-derived study fields,,2026-09-05T04:35:51Z,snapshot_fields,1.0
P::J3353,DPP-2023,Central,Study Not Started,,,191.3,0.0,,2026-03-01,2026-03-01,2026-03-01,P::J3353,RISING,Queue-derived study fields,,2026-09-05T04:35:51Z,snapshot_fields,1.0
P::J3354,DPP-2023,Central,Study Not Started,,,250.0,0.0,,2026-03-01,2026-03-01,2026-03-01,P::J3354,HANOVER,Queue-derived study fields,,2026-09-05T04:35:51Z,snapshot_fields,1.0
P::J3355,DPP-2023,Central,Study Not Started,,,100.6,0.0,,2026-03-01,2026-03-01,2026-03-01,P::J3355,4IPAVA 3 4HAVANA2 138 0KV,Queue-derived study fields,,2026-09-05T04:35:51Z,snapshot_fields,1.0
P::J3356,DPP-2023,Central,Study Not Started,,,65.0,0.0,,2026-03-01,2026-03-01,2026-03-01,P::J3356,RATTS ALGIERS 69 0KV,Queue-derived study fields,,2026-09-05T04:35:51Z,snapshot_fields,1.0
P::J3357,DPP-2023,Central,Study Not Started,,,200.0,0.0,,2026-03-01,2026-03-01,2026-03-01,P::J3357,LEESBURG,Queue-derived study fields,,2026-09-05T04:35:51Z,snapshot_fields,1.0
P::J3358,DPP-2023,Central,Study Not Started,,,100.0,0.0,,2026-03-01,2026-03-01,2026-03-01,P::J3358,TABOR,Queue-derived study fields,,2026-09-05T04:35:51Z,snapshot_fields,1.0
P::J3359,DPP-2023,Central,Study Not Started,,,80.0,0.0,,2026-03-01,2026-03-01,2026-03-01,P::J3359,EASTERN SUBSTATION 138KV,Queue-derived study fields,,2026-09-05T04:35:51Z,snapshot_fields,1.0
P::J3360,DPP-2023,Central,Study Not Started,,,250.0,0.0,,2026-03-01,2026-03-01,2026-03-01,P::J3360,MEREDOSIA,Queue-derived study fields,,2026-09-05T04:35:51Z,snapshot_fields,1.0
P::J3361,DPP-2023,East (ITC),Study Not Started,,,254.0,0.0,,2026-03-01,2026-03-01,2026-03-01,P::J3361,OTHER_,Queue-derived study fields,,2026-09-05T04:35:51Z,snapshot_fields,1.0
P::J3362,DPP-2023,East (ITC),Study Not Started,,,300.0,0.0,,2026-03-01,2026-03-01,2026-03-01,P::J3362,BLACKFOOT MADRID 345 0KV,Queue-derived study fields,,2026-09-05T04:35:51Z,snapshot_fields,1.0
P::J3363,DPP-2023,South,Study Not Started,,,150.0,0.0,,2026-03-01,2026-03-01,2026-03-01,P::J3363,RED GUM,Queue-derived study fields,,2026-09-05T04:35:51Z,snapshot_fields,1.0
P::J3364,DPP-2023,South,Study Not Started,,,50.0,0.0,,2026-03-01,2026-03-01,2026-03-01,P::J3364,ST MARTINVILLE L 625A TAP CADE SS 69 0KV,Queue-derived study fields,,2026-09-05T04:35:51Z,snapshot_fields,1.0
P::J3365,DPP-2023,South,Study Not Started,,,100.0,0.0,,2026-03-01,2026-03-01,2026-03-01,P::J3365,AMITE KENTWOOD 115 0KV,Queue-derived study fields,,2026-09-05T04:35:51Z,snapshot_fields,1.0
P::J3366,DPP-2023,South,Study Not Started,,,150.0,0.0,,2026-03-01,2026-03-01,2026-03-01,P::J3366,INDIANOLA 230 115 SUB TILLATOBA 230 0KV,Queue-derived study fields,,2026-09-05T04:35:51Z,snapshot_fields,1.0
P::J3367,DPP-2023,South,Study Not Started,,,88.0,0.0,,2026-03-01,2026-03-01,2026-03-01,P::J3367,MARKSVILLE YELLOW BAYOU 138 0KV,Queue-derived study fields,,2026-09-05T04:35:51Z,snapshot_fields,1.0
P::J3368,DPP-2023,South,Study Not Started,,,199.9,0.0,,2026-03-01,2026-03-01,2026-03-01,P::J3368,VILLE PLATTE WEST FORK 230 0KV,Queue-derived study fields,,2026-09-05T04:35:51Z,snapshot_fields,1.0
P::J3369,DPP-2023,West,Study Not Started,,,200.0,0.0,,2026-03-01,2026-03-01,2026-03-01,P::J3369,BLUE LAKE,Queue-derived study fields,,2026-09-05T04:35:51Z,snapshot_fields,1.0
P::J3370,DPP-2023,West,Study Not Started,,,150.0,0.0,,2026-03-01,2026-03-01,2026-03-01,P::J3370,OTHER_,Queue-derived study fields,,2026-09-05T04:35:51Z,snapshot_fields,1.0
P::J3371,DPP-2023,Central,Study Not Started,,,200.0,0.0,,2026-03-01,2026-03-01,2026-03-01,P::J3371,OTHER_,Queue-derived study fields,,2026-09-05T04:35:51Z,snapshot_fields,1.0
P::J3372,DPP-2023,Central,Study Not Started,,,100.0,0.0,,2026-03-01,2026-03-01,2026-03-01,P::J3372,REZZY,Queue-derived study fields,,2026-09-05T04:35:51Z,snapshot_fields,1.0
P::J3373,DPP-2023,South,Study Not Started,,,200.0,0.0,,2026-03-01,2026-03-01,2026-03-01,P::J3373,HARRISBURG SS HARRISBURG 161 0KV,Queue-derived study fields,,2026-09-05T04:35:51Z,snapshot_fields,1.0
P::J3374,DPP-2023,South,Study Not Started,,,65.0,0.0,,2026-03-01,2026-03-01,2026-03-01,P::J3374,RITCHIE SWYD TARLETON 230 0KV,Queue-derived study fields,,2026-09-05T04:35:51Z,snapshot_fields,1.0
P::J3375,DPP-2023,South,Study Not Started,,,200.0,0.0,,2026-03-01,2026-03-01,2026-03-01,P::J3375,GERALD ANDRUS 230KV SUBSTATION,Queue-derived study fields,,2026-09-05T04:35:51Z,snapshot_fields,1.0
P::J3376,DPP-2023,South,Study Not Started,,,130.0,0.0,,2026-03-01,2026-03-01,2026-03-01,P::J3376,BLYTHEVILLE NORTH,Queue-derived study fields,,2026-09-05T04:35:51Z,snapshot_fields,1.0
P::J3377,DPP-2023,South,Study Not Started,,,150.0,0.0,,2026-03-01,2026-03-01,2026-03-01,P::J3377,DELHI TALLULAH 115 0KV,Queue-derived study fields,,2026-09-05T04:35:51Z,snapshot_fields,1.0
P::J3378,DPP-2023,South,Study Not Started,,,140.0,0.0,,2026-03-01,2026-03-01,2026-03-01,P::J3378,DANVILLE LA,Queue-derived study fields,,2026-09-05T04:35:51Z,snapshot_fields,1.0
P::J3379,DPP-2023,Central,Study Not Started,,,100.0,0.0,,2026-03-01,2026-03-01,2026-03-01,P::J3379,7JORD 7MASS 345 0KV,Queue-derived study fields,,2026-09-05T04:35:51Z,snapshot_fields,1.0
P::J3380,DPP-2023,South,Study Not Started,,,155.0,0.0,,2026-03-01,2026-03-01,2026-03-01,P::J3380,AECC PINEBERGEN AECC GLENDALE 115 0KV,Queue-derived study fields,,2026-09-05T04:35:51Z,snapshot_fields,1.0
P::J3381,DPP-2023,South,Study Not Started,,,150.92,0.0,,2026-03-01,2026-03-01,2026-03-01,P::J3381,FORREST CITY SOUTH HUGHES 161 0KV,Queue-derived study fields,,2026-09-05T04:35:51Z,snapshot_fields,1.0
P::J3382,DPP-2023,Central,Study Not Started,,,171.0,0.0,,2026-03-01,2026-03-01,2026-03-01,P::J3382,4WEEDMAN 4MAHOMET 1 138 0KV,Queue-derived study fields,,2026-09-05T04:35:51Z,snapshot_fields,1.0
P::J3383,DPP-2025,Central,Phase 1,,,300.0,0.0,,2026-03-01,2026-03-01,2026-03-01,P::J3383,NUCOR WHITESTOWN 345 0KV,Queue-derived study fields,,2026-09-05T04:35:51Z,snapshot_fields,1.0
P::J3384,DPP-2023,West,Study Not Started,,,300.0,0.0,,2026-03-01,2026-03-01,2026-03-01,P::J3384,BIG STONE SOUTH ALEXANDRIA 345KV,Queue-derived study fields,,2026-09-05T04:35:51Z,snapshot_fields,1.0
P::J3385,DPP-2023,Central,Study Not Started,,,50.0,0.0,,2026-03-01,2026-03-01,2026-03-01,P::J3385,PITTSFIELD TRANS LIBERTY 138 0KV,Queue-derived study fields,,2026-09-05T04:35:51Z,snapshot_fields,1.0
P::J3386,DPP-2023,South,Study Not Started,,,500.0,0.0,,2026-03-01,2026-03-01,2026-03-01,P::J3386,SHERIDAN EHV EL DORADO EHV 500 0KV,Queue-derived study fields,,2026-09-05T04:35:51Z,snapshot_fields,1.0
P::J3387,DPP-2023,Central,Study Not Started,,,150.0,0.0,,2026-03-01,2026-03-01,2026-03-01,P::J3387,CONNERSVILLE NEW CASTLE 138 0KV,Queue-derived study fields,,2026-09-05T04:35:51Z,snapshot_fields,1.0
P::J3388,DPP-2023,South,Study Not Started,,,400.0,0.0,,2026-03-01,2026-03-01,2026-03-01,P::J3388,SHERIDAN EHV EL DORADO EHV 500 0KV,Queue-derived study fields,,2026-09-05T04:35:51Z,snapshot_fields,1.0
P::J3389,DPP-2023,Central,Study Not Started,,,150.0,0.0,,2026-03-01,2026-03-01,2026-03-01,P::J3389,4KINMUNDY S 4TANNER 138 0KV,Queue-derived study fields,,2026-09-05T04:35:51Z,snapshot_fields,1.0
P::J3390,DPP-2023,Central,Study Not Started,,,37.0,0.0,,2026-03-01,2026-03-01,2026-03-01,P::J3390,KOKOMO EAST CONVERSE 69 0KV,Queue-derived study fields,,2026-09-05T04:35:51Z,snapshot_fields,1.0
P::J3391,DPP-2023,Central,Study Not Started,,,200.3,0.0,,2026-03-01,2026-03-01,2026-03-01,P::J3391,7CASEY 7KANSAS 345 0KV,Queue-derived study fields,,2026-09-05T04:35:51Z,snapshot_fields,1.0
P::J3392,DPP-2023,Central,Study Not Started,,,25.0,0.0,,2026-03-01,2026-03-01,2026-03-01,P::J3392,MURRAYVILLE JCT W ROODHOUSE 69 0KV,Queue-derived study fields,,2026-09-05T04:35:51Z,snapshot_fields,1.0
P::J3393,DPP-2023,Central,Study Not Started,,,150.0,0.0,,2026-03-01,2026-03-01,2026-03-01,P::J3393,HMPL SUB NO 4,Queue-derived study fields,,2026-09-05T04:35:51Z,snapshot_fields,1.0
P::J3394,DPP-2023,South,Study Not Started,,,155.6,0.0,,2026-03-01,2026-03-01,2026-03-01,P::J3394,VILLE PLATTE WEST FORK 230 0KV,Queue-derived study fields,,2026-09-05T04:35:51Z,snapshot_fields,1.0
P::J3395,DPP-2023,Central,Study Not Started,,,30.0,0.0,,2026-03-01,2026-03-01,2026-03-01,P::J3395,ANDREW BKR FANCY CREEK 69 0KV,Queue-derived study fields,,2026-09-05T04:35:51Z,snapshot_fields,1.0
P::J3396,DPP-2023,Central,Study Not Started,,,30.0,0.0,,2026-03-01,2026-03-01,2026-03-01,P::J3396,WINCHESTER HILLVIEW TAP 69 0KV,Queue-derived study fields,,2026-09-05T04:35:51Z,snapshot_fields,1.0
P::J3397,DPP-2023,West,Study Not Started,,,80.0,0.0,,2026-03-01,2026-03-01,2026-03-01,P::J3397,MAGNOLIA,Queue-derived study fields,,2026-09-05T04:35:51Z,snapshot_fields,1.0
P::J3398,DPP-2023,Central,Study Not Started,,,30.0,0.0,,2026-03-01,2026-03-01,2026-03-01,P::J3398,WALKERVILLE ELDRED 69 0KV,Queue-derived study fields,,2026-09-05T04:35:51Z,snapshot_fields,1.0
P::J3399,DPP-2023,West,Study Not Started,,,300.0,0.0,,2026-03-01,2026-03-01,2026-03-01,P::J3399,HAMPTON PRAIRIE ISLAND 345 0KV,Queue-derived study fields,,2026-09-05T04:35:51Z,snapshot_fields,1.0
P::J3400,DPP-2023,West,Study Not Started,,,142.2,0.0,,2026-03-01,2026-03-01,2026-03-01,P::J3400,ASTORIA 345KV SUBSTATION,Queue-derived study fields,,2026-09-05T04:35:51Z,snapshot_fields,1.0
P::J3401,DPP-2023,South,Study Not Started,,,500.0,0.0,,2026-03-01,2026-03-01,2026-03-01,P::J3401,DELL EHV SAN SOUCI 500 0KV,Queue-derived study fields,,2026-09-05T04:35:51Z,snapshot_fields,1.0
P::J3402,DPP-2023,East (ATC),Study Not Started,,,200.0,0.0,,2026-03-01,2026-03-01,2026-03-01,P::J3402,NEW J1502 TO SWITCHING STATION EMERSON,Queue-derived study fields,,2026-09-05T04:35:51Z,snapshot_fields,1.0
P::J3403,DPP-2023,Central,Study Not Started,,,200.0,0.0,,2026-03-01,2026-03-01,2026-03-01,P::J3403,OTHER_,Queue-derived study fields,,2026-09-05T04:35:51Z,snapshot_fields,1.0
P::J3404,DPP-2023,Central,Study Not Started,,,300.0,0.0,,2026-03-01,2026-03-01,2026-03-01,P::J3404,OTHER_,Queue-derived study fields,,2026-09-05T04:35:51Z,snapshot_fields,1.0
P::J3405,DPP-2023,West,Study Not Started,,,144.0,0.0,,2026-03-01,2026-03-01,2026-03-01,P::J3405,SHANNON MINNTAC 230KV,Queue-derived study fields,,2026-09-05T04:35:51Z,snapshot_fields,1.0
P::J3406,DPP-2023,South,Study Not Started,,,100.0,0.0,,2026-03-01,2026-03-01,2026-03-01,P::J3406,NELSON CARLYSS J2154 POI,Queue-derived study fields,,2026-09-05T04:35:51Z,snapshot_fields,1.0
P::J3407,DPP-2023,East (ITC),Study Not Started,,,300.0,0.0,,2026-03-01,2026-03-01,2026-03-01,P::J3407,LINDEMAN TIPPY 138 0KV,Queue-derived study fields,,2026-09-05T04:35:51Z,snapshot_fields,1.0
P::J3408,DPP-2023,South,Study Not Started,,,450.0,0.0,,2026-03-01,2026-03-01,2026-03-01,P::J3408,HARTBURG AEP LAYFIELD 500 0KV,Queue-derived study fields,,2026-09-05T04:35:51Z,snapshot_fields,1.0
P::J3409,DPP-2023,South,Study Not Started,,,400.0,0.0,,2026-03-01,2026-03-01,2026-03-01,P::J3409,HARTBURG CYPRESS 500 0KV,Queue-derived study fields,,2026-09-05T04:35:51Z,snapshot_fields,1.0
P::J3410,DPP-2023,Central,Study Not Started,,,120.0,0.0,,2026-03-01,2026-03-01,2026-03-01,P::J3410,7PR STATE 7MTVERNW 345 0KV,Queue-derived study fields,,2026-09-05T04:35:51Z,snapshot_fields,1.0
P::J3411,DPP-2023,Central,Study Not Started,,,120.0,0.0,,2026-03-01,2026-03-01,2026-03-01,P::J3411,5ADAIR 5THMHIL AECI 161 0KV,Queue-derived study fields,,2026-09-05T04:35:51Z,snapshot_fields,1.0
P::J3412,DPP-2023,Central,Study Not Started,,,300.0,0.0,,2026-03-01,2026-03-01,2026-03-01,P::J3412,OTHER_,Queue-derived study fields,,2026-09-05T04:35:51Z,snapshot_fields,1.0
P::J3413,DPP-2023,South,Study Not Started,,,150.0,0.0,,2026-03-01,2026-03-01,2026-03-01,P::J3413,L R 145TH ST L R PORT 115 0KV,Queue-derived study fields,,2026-09-05T04:35:51Z,snapshot_fields,1.0
P::J3414,DPP-2023,Central,Study Not Started,,,200.0,0.0,,2026-03-01,2026-03-01,2026-03-01,P::J3414,AB BROWN 345 GIBSON DUKE TERMINAL 345 0KV,Queue-derived study fields,,2026-09-05T04:35:51Z,snapshot_fields,1.0
P::J3415,DPP-2023,West,Study Not Started,,,250.0,0.0,,2026-03-01,2026-03-01,2026-03-01,P::J3415,COYOTE SWITCHYARD,Queue-derived study fields,,2026-09-05T04:35:51Z,snapshot_fields,1.0
P::J3416,DPP-2023,East (ITC),Study Not Started,,,200.0,0.0,,2026-03-01,2026-03-01,2026-03-01,P::J3416,VAN TYLE,Queue-derived study fields,,2026-09-05T04:35:51Z,snapshot_fields,1.0
P::J3417,DPP-2023,Central,Study Not Started,,,300.0,0.0,,2026-03-01,2026-03-01,2026-03-01,P::J3417,OREANA,Queue-derived study fields,,2026-09-05T04:35:51Z,snapshot_fields,1.0
P::J3418,DPP-2023,Central,Study Not Started,,,220.0,0.0,,2026-03-01,2026-03-01,2026-03-01,P::J3418,7AUSTIN 7TURNER 345 0KV,Queue-derived study fields,,2026-09-05T04:35:51Z,snapshot_fields,1.0
P::J3419,DPP-2023,East (ITC),Study Not Started,,,150.0,0.0,,2026-03-01,2026-03-01,2026-03-01,P::J3419,SEASIDE,Queue-derived study fields,,2026-09-05T04:35:51Z,snapshot_fields,1.0
P::J3420,DPP-2023,West,Study Not Started,,,200.0,0.0,,2026-03-01,2026-03-01,2026-03-01,P::J3420,ELLENDALE 345 TWIN BROOKS 345 0KV,Queue-derived study fields,,2026-09-05T04:35:51Z,snapshot_fields,1.0
P::J3421,DPP-2023,East (ITC),Study Not Started,,,100.0,0.0,,2026-03-01,2026-03-01,2026-03-01,P::J3421,SEASIDE,Queue-derived study fields,,2026-09-05T04:35:51Z,snapshot_fields,1.0
P::J3422,DPP-2023,South,Study Not Started,,,145.0,0.0,,2026-03-01,2026-03-01,2026-03-01,P::J3422,SWIFTON AECC HOXIE SOUTH 161 0KV,Queue-derived study fields,,2026-09-05T04:35:51Z,snapshot_fields,1.0
P::J3423,DPP-2023,South,Study Not Started,,,200.0,0.0,,2026-03-01,2026-03-01,2026-03-01,P::J3423,PECAN ST AECC BALCH 161 0KV,Queue-derived study fields,,2026-09-05T04:35:51Z,snapshot_fields,1.0
P::J3424,DPP-2023,Central,Study Not Started,,,300.0,0.0,,2026-03-01,2026-03-01,2026-03-01,P::J3424,AB BROWN 345 GIBSON DUKE TERMINAL 345 0KV,Queue-derived study fields,,2026-09-05T04:35:51Z,snapshot_fields,1.0
P::J3425,DPP-2023,South,Study Not Started,,,59.2,0.0,,2026-03-01,2026-03-01,2026-03-01,P::J3425,PEACHTREE SUBSTATION,Queue-derived study fields,,2026-09-05T04:35:51Z,snapshot_fields,1.0
P::J3426,DPP-2023,South,Study Not Started,,,500.0,0.0,,2026-03-01,2026-03-01,2026-03-01,P::J3426,MACON LAKE SS,Queue-derived study fields,,2026-09-05T04:35:51Z,snapshot_fields,1.0
P::J3427,DPP-2023,South,Study Not Started,,,500.0,0.0,,2026-03-01,2026-03-01,2026-03-01,P::J3427,DELL EHV NEW MADRID AECI 500 0KV,Queue-derived study fields,,2026-09-05T04:35:51Z,snapshot_fields,1.0
P::J3428,DPP-2023,West,Study Not Started,,,200.0,0.0,,2026-03-01,2026-03-01,2026-03-01,P::J3428,ELLENDALE 345 TWIN BROOKS 345 0KV,Queue-derived study fields,,2026-09-05T04:35:51Z,snapshot_fields,1.0
P::J3429,DPP-2023,South,Study Not Started,,,160.0,0.0,,2026-03-01,2026-03-01,2026-03-01,P::J3429,JIM HILL HAYTI SOUTH 161 0KV,Queue-derived study fields,,2026-09-05T04:35:51Z,snapshot_fields,1.0
P::J3430,DPP-2023,Central,Study Not Started,,,150.0,0.0,,2026-03-01,2026-03-01,2026-03-01,P::J3430,4LAWRNCVL 4JASPER 138 0KV,Queue-derived study fields,,2026-09-05T04:35:51Z,snapshot_fields,1.0
P::J3431,DPP-2023,South,Study Not Started,,,300.0,0.0,,2026-03-01,2026-03-01,2026-03-01,P::J3431,INDIANOLA 230 115 SUB MCADAMS EHV 230 0KV,Queue-derived study fields,,2026-09-05T04:35:51Z,snapshot_fields,1.0
P::J3432,DPP-2023,Central,Study Not Started,,,150.0,0.0,,2026-03-01,2026-03-01,2026-03-01,P::J3432,4LAWRNCVL 4JASPER 138 0KV,Queue-derived study fields,,2026-09-05T04:35:51Z,snapshot_fields,1.0
P::J3433,DPP-2023,West,Study Not Started,,,115.0,0.0,,2026-03-01,2026-03-01,2026-03-01,P::J3433,BARRON WASHCO 161 0KV,Queue-derived study fields,,2026-09-05T04:35:51Z,snapshot_fields,1.0
P::J3434,DPP-2023,West,Study Not Started,,,200.0,0.0,,2026-03-01,2026-03-01,2026-03-01,P::J3434,WILLMAR,Queue-derived study fields,,2026-09-05T04:35:51Z,snapshot_fields,1.0
P::J3435,DPP-2023,South,Study Not Started,,,210.0,0.0,,2026-03-01,2026-03-01,2026-03-01,P::J3435,STUTTGART RICUSKEY WOODWARD 230 SUB 230 0KV,Queue-derived study fields,,2026-09-05T04:35:51Z,snapshot_fields,1.0
P::J3436,DPP-2023,Central,Study Not Started,,,200.0,0.0,,2026-03-01,2026-03-01,2026-03-01,P::J3436,OTHER_,Queue-derived study fields,,2026-09-05T04:35:51Z,snapshot_fields,1.0
P::J3437,DPP-2023,East (ITC),Study Not Started,,,160.0,0.0,,2026-03-01,2026-03-01,2026-03-01,P::J3437,LIVINGSTON TITTABAWASSEE 345 0KV,Queue-derived study fields,,2026-09-05T04:35:51Z,snapshot_fields,1.0
P::J3438,DPP-2023,East (ITC),Study Not Started,,,250.0,0.0,,2026-03-01,2026-03-01,2026-03-01,P::J3438,MURPHY,Queue-derived study fields,,2026-09-05T04:35:51Z,snapshot_fields,1.0
P::J3439,DPP-2023,West,Study Not Started,,,72.0,28.000000000000004,,2026-03-01,2026-03-01,2026-03-01,P::J3439,RICE LAKE SWITCH ELSM11 ZIMMERMAN TAP SS2858 ELS1 69 0KV,Queue-derived study fields,,2026-09-05T04:35:51Z,snapshot_fields,1.0
P::J3440,DPP-2023,Central,Study Not Started,,,200.0,0.0,,2026-03-01,2026-03-01,2026-03-01,P::J3440,OTHER_,Queue-derived study fields,,2026-09-05T04:35:51Z,snapshot_fields,1.0
P::J3441,DPP-2023,South,Study Not Started,,,500.0,0.0,,2026-03-01,2026-03-01,2026-03-01,P::J3441,ROCKY CREEK CROCKETT SWEPCO 345 0KV,Queue-derived study fields,,2026-09-05T04:35:51Z,snapshot_fields,1.0
P::J3442,DPP-2023,Central,Study Not Started,,,156.0,0.0,,2026-03-01,2026-03-01,2026-03-01,P::J3442,5STODDARD 5MORLEY AECI 161 0KV,Queue-derived study fields,,2026-09-05T04:35:51Z,snapshot_fields,1.0
P::J3443,DPP-2023,West,Study Not Started,,,250.0,0.0,,2026-03-01,2026-03-01,2026-03-01,P::J3443,BIG STONE SOUTH ALEXANDIRA 345KV,Queue-derived study fields,,2026-09-05T04:35:51Z,snapshot_fields,1.0
P::J3444,DPP-2023,South,Study Not Started,,,125.0,0.0,,2026-03-01,2026-03-01,2026-03-01,P::J3444,AECC PINEBERGEN,Queue-derived study fields,,2026-09-05T04:35:51Z,snapshot_fields,1.0
P::J3445,DPP-2023,West,Study Not Started,,,49.0,0.0,,2026-03-01,2026-03-01,2026-03-01,P::J3445,WESTSIDE,Queue-derived study fields,,2026-09-05T04:35:51Z,snapshot_fields,1.0
P::J3446,DPP-2023,East (ITC),Study Not Started,,,200.0,0.0,,2026-03-01,2026-03-01,2026-03-01,P::J3446,GAINES SUBSTATION 138KV,Queue-derived study fields,,2026-09-05T04:35:51Z,snapshot_fields,1.0
P::J3447,DPP-2023,South,Study Not Started,,,125.0,0.0,,2026-03-01,2026-03-01,2026-03-01,P::J3447,PURVIS BULK 161 HINTONVILLE 161 161 0KV,Queue-derived study fields,,2026-09-05T04:35:51Z,snapshot_fields,1.0
P::J3448,DPP-2023,West,Study Not Started,,,180.0,0.0,,2026-03-01,2026-03-01,2026-03-01,P::J3448,NELSON DEWEY ATC GRAN GRAE ATC 161 0KV,Queue-derived study fields,,2026-09-05T04:35:51Z,snapshot_fields,1.0
P::J3449,DPP-2023,South,Study Not Started,,,200.0,0.0,,2026-03-01,2026-03-01,2026-03-01,P::J3449,MORRILTON EAST ATKINS 161 0KV,Queue-derived study fields,,2026-09-05T04:35:51Z,snapshot_fields,1.0
P::J3450,DPP-2023,South,Study Not Started,,,200.0,0.0,,2026-03-01,2026-03-01,2026-03-01,P::J3450,BATESVILLE MS MOON LAKE SS 230 0KV,Queue-derived study fields,,2026-09-05T04:35:51Z,snapshot_fields,1.0
P::J3451,DPP-2023,East (ITC),Study Not Started,,,120.0,0.0,,2026-03-01,2026-03-01,2026-03-01,P::J3451,IOSCO SPRUCE ROAD 138 0KV,Queue-derived study fields,,2026-09-05T04:35:51Z,snapshot_fields,1.0
P::J3452,DPP-2023,South,Study Not Started,,,50.0,0.0,,2026-03-01,2026-03-01,2026-03-01,P::J3452,BAXTER WILSON SES SWYD PERRYVILLE 500 SWYD 500 0KV,Queue-derived study fields,,2026-09-05T04:35:51Z,snapshot_fields,1.0
P::J3453,DPP-2023,South,Study Not Started,,,100.0,0.0,,2026-03-01,2026-03-01,2026-03-01,P::J3453,INDIANOLA 230 115 SUB MCADAMS EHV 230 0KV,Queue-derived study fields,,2026-09-05T04:35:51Z,snapshot_fields,1.0
P::J3454,DPP-2023,South,Study Not Started,,,300.0,0.0,,2026-03-01,2026-03-01,2026-03-01,P::J3454,BAXTER WILSON SES SWYD PERRYVILLE 500 SWYD 500 0KV,Queue-derived study fields,,2026-09-05T04:35:51Z,snapshot_fields,1.0
P::J3455,DPP-2023,South,Study Not Started,,,250.0,0.0,,2026-03-01,2026-03-01,2026-03-01,P::J3455,ONALASKA,Queue-derived study fields,,2026-09-05T04:35:51Z,snapshot_fields,1.0
P::J3456,DPP-2023,Central,Study Not Started,,,100.0,0.0,,2026-03-01,2026-03-01,2026-03-01,P::J3456,SAN JOSE RAIL SWITCHING STATION,Queue-derived study fields,,2026-09-05T04:35:51Z,snapshot_fields,1.0
P::J3457,DPP-2023,South,Study Not Started,,,215.0,0.0,,2026-03-01,2026-03-01,2026-03-01,P::J3457,STUTTGART RICUSKEY WOODWARD 230 SUB 230 0KV,Queue-derived study fields,,2026-09-05T04:35:51Z,snapshot_fields,1.0
P::J3458,DPP-2023,South,Study Not Started,,,170.0,0.0,,2026-03-01,2026-03-01,2026-03-01,P::J3458,TWIST PARKIN 161 0KV,Queue-derived study fields,,2026-09-05T04:35:51Z,snapshot_fields,1.0
P::J3459,DPP-2023,South,Study Not Started,,,200.0,0.0,,2026-03-01,2026-03-01,2026-03-01,P::J3459,CASH NEWPORT AB 161 0KV,Queue-derived study fields,,2026-09-05T04:35:51Z,snapshot_fields,1.0
P::J3460,DPP-2023,East (ITC),Study Not Started,,,290.0,0.0,,2026-03-01,2026-03-01,2026-03-01,P::J3460,FITZ,Queue-derived study fields,,2026-09-05T04:35:51Z,snapshot_fields,1.0
P::J3461,DPP-2023,West,Study Not Started,,,156.0,0.0,,2026-03-01,2026-03-01,2026-03-01,P::J3461,SUB 56 SUB 89 161 0KV,Queue-derived study fields,,2026-09-05T04:35:51Z,snapshot_fields,1.0
P::J3462,DPP-2023,West,Study Not Started,,,187.0,0.0,,2026-03-01,2026-03-01,2026-03-01,P::J3462,DYSART TRAER 161KV,Queue-derived study fields,,2026-09-05T04:35:51Z,snapshot_fields,1.0
P::J3463,DPP-2023,South,Study Not Started,,,100.0,0.0,,2026-03-01,2026-03-01,2026-03-01,P::J3463,LORMAN SS CE FAYETTE 115 0KV,Queue-derived study fields,,2026-09-05T04:35:51Z,snapshot_fields,1.0
P::J3464,DPP-2023,West,Study Not Started,,,200.0,0.0,,2026-03-01,2026-03-01,2026-03-01,P::J3464,FERNALD,Queue-derived study fields,,2026-09-05T04:35:51Z,snapshot_fields,1.0
P::J3465,DPP-2023,West,Study Not Started,,,40.0,81.04265402843602,,2026-03-01,2026-03-01,2026-03-01,P::J3465,CAMBRIDGE,Queue-derived study fields,,2026-09-05T04:35:51Z,snapshot_fields,1.0
P::J3466,DPP-2023,East (ATC),Study Not Started,,,100.0,0.0,,2026-03-01,2026-03-01,2026-03-01,P::J3466,FTZGERLD,Queue-derived study fields,,2026-09-05T04:35:51Z,snapshot_fields,1.0
P::J3467,DPP-2023,Central,Study Not Started,,,200.0,0.0,,2026-03-01,2026-03-01,2026-03-01,P::J3467,BLOOMINGTON BROKAW,Queue-derived study fields,,2026-09-05T04:35:51Z,snapshot_fields,1.0
P::J3468,DPP-2023,West,Study Not Started,,,300.0,0.0,,2026-03-01,2026-03-01,2026-03-01,P::J3468,ELLENDALE TWIN BROOKS 345 0KV,Queue-derived study fields,,2026-09-05T04:35:51Z,snapshot_fields,1.0
P::J3469,DPP-2023,East (ATC),Study Not Started,,,100.0,0.0,,2026-03-01,2026-03-01,2026-03-01,P::J3469,STRATFORD MCMILLAN 115 0KV,Queue-derived study fields,,2026-09-05T04:35:51Z,snapshot_fields,1.0
P::J3470,DPP-2023,East (ITC),Study Not Started,,,100.0,0.0,,2026-03-01,2026-03-01,2026-03-01,P::J3470,OTHER_,Queue-derived study fields,,2026-09-05T04:35:51Z,snapshot_fields,1.0
P::J3471,DPP-2023,East (ITC),Study Not Started,,,150.0,0.0,,2026-03-01,2026-03-01,2026-03-01,P::J3471,WAGNER BATAVIA 138 0KV,Queue-derived study fields,,2026-09-05T04:35:51Z,snapshot_fields,1.0
P::J3472,DPP-2023,East (ITC),Study Not Started,,,200.0,0.0,,2026-03-01,2026-03-01,2026-03-01,P::J3472,OTHER_,Queue-derived study fields,,2026-09-05T04:35:51Z,snapshot_fields,1.0
P::J3473,DPP-2023,East (ITC),Study Not Started,,,150.0,0.0,,2026-03-01,2026-03-01,2026-03-01,P::J3473,OTHER_,Queue-derived study fields,,2026-09-05T04:35:51Z,snapshot_fields,1.0
P::J3474,DPP-2023,East (ITC),Study Not Started,,,128.0,0.0,,2026-03-01,2026-03-01,2026-03-01,P::J3474,BUCK CREEK HAZELWOOD 138 0KV,Queue-derived study fields,,2026-09-05T04:35:51Z,snapshot_fields,1.0
P::J3475,DPP-2023,Central,Study Not Started,,,200.0,0.0,,2026-03-01,2026-03-01,2026-03-01,P::J3475,INDIAN CREEK,Queue-derived study fields,,2026-09-05T04:35:51Z,snapshot_fields,1.0
P::J3476,DPP-2023,West,Study Not Started,,,150.0,0.0,,2026-03-01,2026-03-01,2026-03-01,P::J3476,PINE LAKE TAP APPLE RIVER DPC 161 0KV,Queue-derived study fields,,2026-09-05T04:35:51Z,snapshot_fields,1.0
P::J3477,DPP-2023,West,Study Not Started,,,200.0,0.0,,2026-03-01,2026-03-01,2026-03-01,P::J3477,OTHER_,Queue-derived study fields,,2026-09-05T04:35:51Z,snapshot_fields,1.0
P::J3478,DPP-2023,Central,Study Not Started,,,35.0,0.0,,2026-03-01,2026-03-01,2026-03-01,P::J3478,OTHER_,Queue-derived study fields,,2026-09-05T04:35:51Z,snapshot_fields,1.0
P::J3479,DPP-2023,South,Study Not Started,,,200.0,11.11111111111111,,2026-03-01,2026-03-01,2026-03-01,P::J3479,HINESTON,Queue-derived study fields,,2026-09-05T04:35:51Z,snapshot_fields,1.0
P::J3480,DPP-2023,East (ITC),Study Not Started,,,199.9,0.0,,2026-03-01,2026-03-01,2026-03-01,P::J3480,SCOTT LAKE,Queue-derived study fields,,2026-09-05T04:35:51Z,snapshot_fields,1.0
P::J3481,DPP-2023,South,Study Not Started,,,100.0,0.0,,2026-03-01,2026-03-01,2026-03-01,P::J3481,J1577 SUB 337689,Queue-derived study fields,,2026-09-05T04:35:51Z,snapshot_fields,1.0
P::J3482,DPP-2023,Central,Study Not Started,,,350.0,0.0,,2026-03-01,2026-03-01,2026-03-01,P::J3482,OTHER_,Queue-derived study fields,,2026-09-05T04:35:51Z,snapshot_fields,1.0
P::J3483,DPP-2023,Central,Study Not Started,,,137.4,0.0,,2026-03-01,2026-03-01,2026-03-01,P::J3483,4RANTOUL 4RISING 138 0KV,Queue-derived study fields,,2026-09-05T04:35:51Z,snapshot_fields,1.0
P::J3484,DPP-2023,South,Study Not Started,,,200.0,0.0,,2026-03-01,2026-03-01,2026-03-01,P::J3484,EL DORADO EHV SAREPTA 345 115 SS 345 0KV,Queue-derived study fields,,2026-09-05T04:35:51Z,snapshot_fields,1.0
P::J3485,DPP-2023,East (ITC),Study Not Started,,,100.0,0.0,,2026-03-01,2026-03-01,2026-03-01,P::J3485,RAPSON,Queue-derived study fields,,2026-09-05T04:35:51Z,snapshot_fields,1.0
P::J3486,DPP-2023,East (ITC),Study Not Started,,,200.0,0.0,,2026-03-01,2026-03-01,2026-03-01,P::J3486,ROGERS 138KV SUBSTATION,Queue-derived study fields,,2026-09-05T04:35:51Z,snapshot_fields,1.0
P::J3487,DPP-2023,Central,Study Not Started,,,400.0,0.0,,2026-03-01,2026-03-01,2026-03-01,P::J3487,CAYUGA 345,Queue-derived study fields,,2026-09-05T04:35:51Z,snapshot_fields,1.0
P::J3488,DPP-2023,Central,Study Not Started,,,400.0,0.0,,2026-03-01,2026-03-01,2026-03-01,P::J3488,CAYUGA 345,Queue-derived study fields,,2026-09-05T04:35:51Z,snapshot_fields,1.0
P::J3489,DPP-2023,Central,Study Not Started,,,105.0,0.0,,2026-03-01,2026-03-01,2026-03-01,P::J3489,OTHER_,Queue-derived study fields,,2026-09-05T04:35:51Z,snapshot_fields,1.0
P::J3490,DPP-2023,Central,Study Not Started,,,200.0,0.0,,2026-03-01,2026-03-01,2026-03-01,P::J3490,CALDWELL COUNTY,Queue-derived study fields,,2026-09-05T04:35:51Z,snapshot_fields,1.0
P::J3491,DPP-2023,Central,Study Not Started,,,45.0,0.0,,2026-03-01,2026-03-01,2026-03-01,P::J3491,AB BROWN 345 GIBSON DUKE TERMINAL 345 0KV,Queue-derived study fields,,2026-09-05T04:35:51Z,snapshot_fields,1.0
P::J3492,DPP-2023,Central,Study Not Started,,,45.0,0.0,,2026-03-01,2026-03-01,2026-03-01,P::J3492,AB BROWN 345 GIBSON DUKE TERMINAL 345 0KV,Queue-derived study fields,,2026-09-05T04:35:51Z,snapshot_fields,1.0
P::J3493,DPP-2023,Central,Study Not Started,,,200.0,0.0,,2026-03-01,2026-03-01,2026-03-01,P::J3493,OTHER_,Queue-derived study fields,,2026-09-05T04:35:51Z,snapshot_fields,1.0
P::J3494,DPP-2023,Central,Study Not Started,,,175.0,0.0,,2026-03-01,2026-03-01,2026-03-01,P::J3494,TH PFIZER JCT WORTHINGTON HED,Queue-derived study fields,,2026-09-05T04:35:51Z,snapshot_fields,1.0
P::J3495,DPP-2023,Central,Study Not Started,,,220.0,0.0,,2026-03-01,2026-03-01,2026-03-01,P::J3495,MEROM PRIMARY WORTHINGTON PRIMARY 345 0KV,Queue-derived study fields,,2026-09-05T04:35:51Z,snapshot_fields,1.0
P::J3496,DPP-2023,East (ITC),Study Not Started,,,220.0,0.0,,2026-03-01,2026-03-01,2026-03-01,P::J3496,GREENWOOD RAPSON 345 0KV,Queue-derived study fields,,2026-09-05T04:35:51Z,snapshot_fields,1.0
P::J3497,DPP-2023,Central,Study Not Started,,,200.0,0.0,,2026-03-01,2026-03-01,2026-03-01,P::J3497,OTHER_,Queue-derived study fields,,2026-09-05T04:35:51Z,snapshot_fields,1.0
P::J3498,DPP-2023,Central,Study Not Started,,,250.0,16.666666666666664,,2026-03-01,2026-03-01,2026-03-01,P::J3498,7FARGO 7SANDBURG 345 0KV,Queue-derived study fields,,2026-09-05T04:35:51Z,snapshot_fields,1.0
P::J3499,DPP-2023,Central,Study Not Started,,,300.0,0.0,,2026-03-01,2026-03-01,2026-03-01,P::J3499,LEESBURG DEEDSVILLE DUKE 345 0KV,Queue-derived study fields,,2026-09-05T04:35:51Z,snapshot_fields,1.0
P::J3500,DPP-2023,West,Study Not Started,,,150.0,0.0,,2026-03-01,2026-03-01,2026-03-01,P::J3500,CHISAGO COUNTY,Queue-derived study fields,,2026-09-05T04:35:51Z,snapshot_fields,1.0
P::J3501,DPP-2023,East (ITC),Study Not Started,,,200.0,0.0,,2026-03-01,2026-03-01,2026-03-01,P::J3501,KEYSTONE TIPPY 138 0KV,Queue-derived study fields,,2026-09-05T04:35:51Z,snapshot_fields,1.0
P::J3502,DPP-2023,East (ITC),Study Not Started,,,200.0,0.0,,2026-03-01,2026-03-01,2026-03-01,P::J3502,ARGENTA PALISADES 345 0KV,Queue-derived study fields,,2026-09-05T04:35:51Z,snapshot_fields,1.0
P::J3503,DPP-2023,Central,Study Not Started,,,200.0,0.0,,2026-03-01,2026-03-01,2026-03-01,P::J3503,MORRISON DITCH 345KV SUBSTATION LRTP PROJECTS 15 16 BUS 255210,Queue-derived study fields,,2026-09-05T04:35:51Z,snapshot_fields,1.0
P::J3504,DPP-2023,Central,Study Not Started,,,150.0,0.0,,2026-03-01,2026-03-01,2026-03-01,P::J3504,5HERITAGE 5FREDTN 161 0KV,Queue-derived study fields,,2026-09-05T04:35:51Z,snapshot_fields,1.0
P::J3505,DPP-2023,Central,Study Not Started,,,150.0,0.0,,2026-03-01,2026-03-01,2026-03-01,P::J3505,5HERITAGE 5FREDTN 161 0KV,Queue-derived study fields,,2026-09-05T04:35:51Z,snapshot_fields,1.0
P::J3506,DPP-2023,Central,Study Not Started,,,100.0,0.0,,2026-03-01,2026-03-01,2026-03-01,P::J3506,HULL 138KV,Queue-derived study fields,,2026-09-05T04:35:51Z,snapshot_fields,1.0
P::J3507,DPP-2023,Central,Study Not Started,,,17.0,0.0,,2026-03-01,2026-03-01,2026-03-01,P::J3507,COFFEEN NORTH 138KV,Queue-derived study fields,,2026-09-05T04:35:51Z,snapshot_fields,1.0
P::J3508,DPP-2023,Central,Study Not Started,,,16.3,0.0,,2026-03-01,2026-03-01,2026-03-01,P::J3508,DUCK CREEK 345KV,Queue-derived study fields,,2026-09-05T04:35:51Z,snapshot_fields,1.0
P::J3509,DPP-2023,Central,Study Not Started,,,380.0,0.0,,2026-03-01,2026-03-01,2026-03-01,P::J3509,343505 INTERSTATE,Queue-derived study fields,,2026-09-05T04:35:51Z,snapshot_fields,1.0
P::J3510,DPP-2023,South,Study Not Started,,,175.0,0.0,,2026-03-01,2026-03-01,2026-03-01,P::J3510,FISHER CHERRY VALLEY 161 0KV,Queue-derived study fields,,2026-09-05T04:35:51Z,snapshot_fields,1.0
P::J3511,DPP-2023,South,Study Not Started,,,250.0,0.0,,2026-03-01,2026-03-01,2026-03-01,P::J3511,STUTTGART RICUSKEY WOODWARD 230 SUB 230 0KV,Queue-derived study fields,,2026-09-05T04:35:51Z,snapshot_fields,1.0
P::J3512,DPP-2023,East (ITC),Study Not Started,,,150.0,0.0,,2026-03-01,2026-03-01,2026-03-01,P::J3512,MONITOR,Queue-derived study fields,,2026-09-05T04:35:51Z,snapshot_fields,1.0
P::J3513,DPP-2023,South,Study Not Started,,,550.0,0.0,,2026-03-01,2026-03-01,2026-03-01,P::J3513,RICHARD WELLS 500 0KV,Queue-derived study fields,,2026-09-05T04:35:51Z,snapshot_fields,1.0
P::J3514,DPP-2023,East (ATC),Study Not Started,,,100.0,0.0,,2026-03-01,2026-03-01,2026-03-01,P::J3514,PINE RIVER 69KV,Queue-derived study fields,,2026-09-05T04:35:51Z,snapshot_fields,1.0
P::J3515,DPP-2023,Central,Study Not Started,,,199.9,0.0,,2026-03-01,2026-03-01,2026-03-01,P::J3515,343505 INTERSTATE,Queue-derived study fields,,2026-09-05T04:35:51Z,snapshot_fields,1.0
P::J3516,DPP-2023,Central,Study Not Started,,,83.4,0.0,,2026-03-01,2026-03-01,2026-03-01,P::J3516,MAKANDA NORTH,Queue-derived study fields,,2026-09-05T04:35:51Z,snapshot_fields,1.0
P::J3517,DPP-2025,Central,Phase 1,,,190.0,0.0,,2026-03-01,2026-03-01,2026-03-01,P::J3517,ORDILL,Queue-derived study fields,,2026-09-05T04:35:51Z,snapshot_fields,1.0
P::J3518,DPP-2025,Central,Phase 1,,,300.0,0.0,,2026-03-01,2026-03-01,2026-03-01,P::J3518,BLAND,Queue-derived study fields,,2026-09-05T04:35:51Z,snapshot_fields,1.0
P::J3519,DPP-2023,Central,Study Not Started,,,199.9,0.0,,2026-03-01,2026-03-01,2026-03-01,P::J3519,QUIVER,Queue-derived study fields,,2026-09-05T04:35:51Z,snapshot_fields,1.0
P::J3520,DPP-2023,Central,Study Not Started,,,215.0,0.0,,2026-03-01,2026-03-01,2026-03-01,P::J3520,4WEEDMAN 4MAHOMET 1 138 0KV,Queue-derived study fields,,2026-09-05T04:35:51Z,snapshot_fields,1.0
P::J3521,DPP-2023,Central,Study Not Started,,,350.0,0.0,,2026-03-01,2026-03-01,2026-03-01,P::J3521,NEOGA,Queue-derived study fields,,2026-09-05T04:35:51Z,snapshot_fields,1.0
P::J3522,DPP-2023,West,Study Not Started,,,200.0,0.0,,2026-03-01,2026-03-01,2026-03-01,P::J3522,BISON,Queue-derived study fields,,2026-09-05T04:35:51Z,snapshot_fields,1.0
P::J3523,DPP-2023,West,Study Not Started,,,115.0,0.0,,2026-03-01,2026-03-01,2026-03-01,P::J3523,BARRON WASHCO 161 0KV,Queue-derived study fields,,2026-09-05T04:35:51Z,snapshot_fields,1.0
P::J3524,DPP-2023,West,Study Not Started,,,300.0,0.0,,2026-03-01,2026-03-01,2026-03-01,P::J3524,CRANDALL FIELDON 345 0KV,Queue-derived study fields,,2026-09-05T04:35:51Z,snapshot_fields,1.0
P::J3525,DPP-2023,West,Study Not Started,,,300.0,0.0,,2026-03-01,2026-03-01,2026-03-01,P::J3525,SUB 47,Queue-derived study fields,,2026-09-05T04:35:51Z,snapshot_fields,1.0
P::J3526,DPP-2023,West,Study Not Started,,,200.0,0.0,,2026-03-01,2026-03-01,2026-03-01,P::J3526,NORTH ROCHESTER,Queue-derived study fields,,2026-09-05T04:35:51Z,snapshot_fields,1.0
P::J3527,DPP-2023,West,Study Not Started,,,136.0,0.0,,2026-03-01,2026-03-01,2026-03-01,P::J3527,LANSING POSTVILLE DPC 161KV,Queue-derived study fields,,2026-09-05T04:35:51Z,snapshot_fields,1.0
P::J3528,DPP-2023,Central,Study Not Started,,,225.0,0.0,,2026-03-01,2026-03-01,2026-03-01,P::J3528,7CASEY 7NEWTON 345 0KV,Queue-derived study fields,,2026-09-05T04:35:51Z,snapshot_fields,1.0
P::J3529,DPP-2023,West,Study Not Started,,,64.0,0.0,,2026-03-01,2026-03-01,2026-03-01,P::J3529,MAHNOMEN WINGER 115 0KV,Queue-derived study fields,,2026-09-05T04:35:51Z,snapshot_fields,1.0
P::J3530,DPP-2023,South,Study Not Started,,,500.0,0.0,,2026-03-01,2026-03-01,2026-03-01,P::J3530,SHERIDAN EHV MAGNET COVE 500 0KV,Queue-derived study fields,,2026-09-05T04:35:51Z,snapshot_fields,1.0
P::J3531,DPP-2023,South,Study Not Started,,,100.0,0.0,,2026-03-01,2026-03-01,2026-03-01,P::J3531,OTHER_,Queue-derived study fields,,2026-09-05T04:35:51Z,snapshot_fields,1.0
P::J3532,DPP-2023,West,Study Not Started,,,500.0,0.0,,2026-03-01,2026-03-01,2026-03-01,P::J3532,RIEL MH ROSEAU COUNTY NORTH 500 0KV,Queue-derived study fields,,2026-09-05T04:35:51Z,snapshot_fields,1.0
P::J3533,DPP-2023,Central,Study Not Started,,,200.0,0.0,,2026-03-01,2026-03-01,2026-03-01,P::J3533,5MOBERLY SALSBRY5 KCPL 161 0KV,Queue-derived study fields,,2026-09-05T04:35:51Z,snapshot_fields,1.0
P::J3534,DPP-2023,South,Study Not Started,,,125.0,0.0,,2026-03-01,2026-03-01,2026-03-01,P::J3534,DELHI TALLULAH 115 0KV,Queue-derived study fields,,2026-09-05T04:35:51Z,snapshot_fields,1.0
P::J3535,DPP-2023,South,Study Not Started,,,200.0,0.0,,2026-03-01,2026-03-01,2026-03-01,P::J3535,JIM HILL HAYTI SOUTH 161 0KV,Queue-derived study fields,,2026-09-05T04:35:51Z,snapshot_fields,1.0
P::J3536,DPP-2023,South,Study Not Started,,,190.0,0.0,,2026-03-01,2026-03-01,2026-03-01,P::J3536,AECC TRUMANN WEST TRUMANN 161 0KV,Queue-derived study fields,,2026-09-05T04:35:51Z,snapshot_fields,1.0
P::J3537,DPP-2023,East (ITC),Study Not Started,,,265.0,0.0,,2026-03-01,2026-03-01,2026-03-01,P::J3537,WEEDS LAKE 138KV SUBSTATION BUS NUMBER 256510,Queue-derived study fields,,2026-09-05T04:35:51Z,snapshot_fields,1.0
P::J3538,DPP-2023,South,Study Not Started,,,770.0,0.0,,2026-03-01,2026-03-01,2026-03-01,P::J3538,BAXTER 115 34KV,Queue-derived study fields,,2026-09-05T04:35:51Z,snapshot_fields,1.0
P::J3539,DPP-2023,East (ITC),Study Not Started,,,116.9,0.0,,2026-03-01,2026-03-01,2026-03-01,P::J3539,ALPENA SPRUCE ROAD 138 0KV,Queue-derived study fields,,2026-09-05T04:35:51Z,snapshot_fields,1.0
P::J3540,DPP-2023,South,Study Not Started,,,400.0,0.0,,2026-03-01,2026-03-01,2026-03-01,P::J3540,RITCHIE SWYD TARLETON 230 0KV,Queue-derived study fields,,2026-09-05T04:35:51Z,snapshot_fields,1.0
P::J3541,DPP-2023,South,Study Not Started,,,150.0,0.0,,2026-03-01,2026-03-01,2026-03-01,P::J3541,CLEVELAND SOUTH,Queue-derived study fields,,2026-09-05T04:35:51Z,snapshot_fields,1.0
P::J3542,DPP-2023,South,Study Not Started,,,80.0,0.0,,2026-03-01,2026-03-01,2026-03-01,P::J3542,BROOKHAVEN BROOKHAVEN SOUTH 115 0KV,Queue-derived study fields,,2026-09-05T04:35:51Z,snapshot_fields,1.0
P::J3543,DPP-2023,West,Study Not Started,,,135.0,10.0,,2026-03-01,2026-03-01,2026-03-01,P::J3543,CHUB LAKE 115KV,Queue-derived study fields,,2026-09-05T04:35:51Z,snapshot_fields,1.0
P::J3544,DPP-2023,West,Study Not Started,,,62.0,0.0,,2026-03-01,2026-03-01,2026-03-01,P::J3544,ABBOTT,Queue-derived study fields,,2026-09-05T04:35:51Z,snapshot_fields,1.0
P::J3545,DPP-2023,East (ITC),Study Not Started,,,200.0,0.0,,2026-03-01,2026-03-01,2026-03-01,P::J3545,BINGHAM MARQUETTE 138 0KV,Queue-derived study fields,,2026-09-05T04:35:51Z,snapshot_fields,1.0
P::J3546,DPP-2023,West,Study Not Started,,,120.0,0.0,,2026-03-01,2026-03-01,2026-03-01,P::J3546,YANKEE BROOKINGS CO 115 0KV,Queue-derived study fields,,2026-09-05T04:35:51Z,snapshot_fields,1.0
P::J3547,DPP-2023,West,Study Not Started,,,630.0,0.0,,2026-03-01,2026-03-01,2026-03-01,P::J3547,LAKEFIELD,Queue-derived study fields,,2026-09-05T04:35:51Z,snapshot_fields,1.0
P::J3548,DPP-2023,West,Study Not Started,,,62.0,0.0,,2026-03-01,2026-03-01,2026-03-01,P::J3548,LAUREL,Queue-derived study fields,,2026-09-05T04:35:51Z,snapshot_fields,1.0
P::J3549,DPP-2023,West,Study Not Started,,,515.0,0.0,,2026-03-01,2026-03-01,2026-03-01,P::J3549,NOT IN DROPDOWN MENU,Queue-derived study fields,,2026-09-05T04:35:51Z,snapshot_fields,1.0
P::J3550,DPP-2023,Central,Study Not Started,,,200.0,0.0,,2026-03-01,2026-03-01,2026-03-01,P::J3550,DUFF DUBOIS 138 0KV,Queue-derived study fields,,2026-09-05T04:35:51Z,snapshot_fields,1.0
P::J3551,DPP-2023,West,Study Not Started,,,200.0,0.0,,2026-03-01,2026-03-01,2026-03-01,P::J3551,BEACON,Queue-derived study fields,,2026-09-05T04:35:51Z,snapshot_fields,1.0
P::J3552,DPP-2023,West,Study Not Started,,,112.0,0.0,,2026-03-01,2026-03-01,2026-03-01,P::J3552,HUTCHINSON MUNICIPAL GRE BIG SWAN 115 0KV,Queue-derived study fields,,2026-09-05T04:35:51Z,snapshot_fields,1.0
P::J3553,DPP-2023,West,Study Not Started,,,263.0,0.0,,2026-03-01,2026-03-01,2026-03-01,P::J3553,ORIENT ENERGY CENTER SUBSTATION,Queue-derived study fields,,2026-09-05T04:35:51Z,snapshot_fields,1.0
P::J3554,DPP-2023,West,Study Not Started,,,96.0,0.0,,2026-03-01,2026-03-01,2026-03-01,P::J3554,SOUTHERN HILLS,Queue-derived study fields,,2026-09-05T04:35:51Z,snapshot_fields,1.0
P::J3555,DPP-2023,West,Study Not Started,,,84.0,0.0,,2026-03-01,2026-03-01,2026-03-01,P::J3555,BEAVER CREEK,Queue-derived study fields,,2026-09-05T04:35:51Z,snapshot_fields,1.0
P::J3556,DPP-2023,Central,Study Not Started,,,250.0,0.0,,2026-03-01,2026-03-01,2026-03-01,P::J3556,7COFFEEN 7PANA 345 0KV,Queue-derived study fields,,2026-09-05T04:35:51Z,snapshot_fields,1.0
P::J3557,DPP-2023,Central,Study Not Started,,,200.0,0.0,,2026-03-01,2026-03-01,2026-03-01,P::J3557,HEARTLAND CROSSING TAP EAGLE VALLEY 138 0KV,Queue-derived study fields,,2026-09-05T04:35:51Z,snapshot_fields,1.0
P::J3558,DPP-2023,Central,Study Not Started,,,300.0,0.0,,2026-03-01,2026-03-01,2026-03-01,P::J3558,RISING,Queue-derived study fields,,2026-09-05T04:35:51Z,snapshot_fields,1.0
P::J3559,DPP-2023,Central,Study Not Started,,,250.0,0.0,,2026-03-01,2026-03-01,2026-03-01,P::J3559,COLEMAN EHV,Queue-derived study fields,,2026-09-05T04:35:51Z,snapshot_fields,1.0
P::J3560,DPP-2023,Central,Study Not Started,,,20.0,0.0,,2026-03-01,2026-03-01,2026-03-01,P::J3560,PUTNAM 138KV,Queue-derived study fields,,2026-09-05T04:35:51Z,snapshot_fields,1.0
P::J3561,DPP-2023,West,Study Not Started,,,135.0,0.0,,2026-03-01,2026-03-01,2026-03-01,P::J3561,GALENA DPC SAVANNA 161KV,Queue-derived study fields,,2026-09-05T04:35:51Z,snapshot_fields,1.0
P::J3562,DPP-2023,Central,Study Not Started,,,300.0,0.0,,2026-03-01,2026-03-01,2026-03-01,P::J3562,4VERMILION 4NCHAMPGN W 138 0KV,Queue-derived study fields,,2026-09-05T04:35:51Z,snapshot_fields,1.0
P::J3563,DPP-2023,Central,Study Not Started,,,200.0,0.0,,2026-03-01,2026-03-01,2026-03-01,P::J3563,7W_FRFT_E 7MTVERNW 345 0KV,Queue-derived study fields,,2026-09-05T04:35:51Z,snapshot_fields,1.0
P::J3564,DPP-2023,Central,Study Not Started,,,275.0,0.0,,2026-03-01,2026-03-01,2026-03-01,P::J3564,OTHER_,Queue-derived study fields,,2026-09-05T04:35:51Z,snapshot_fields,1.0
P::J3565,DPP-2023,Central,Study Not Started,,,100.0,0.0,,2026-03-01,2026-03-01,2026-03-01,P::J3565,RISING,Queue-derived study fields,,2026-09-05T04:35:51Z,snapshot_fields,1.0
P::J3566,DPP-2023,Central,Study Not Started,,,198.0,0.0,,2026-03-01,2026-03-01,2026-03-01,P::J3566,OTHER_,Queue-derived study fields,,2026-09-05T04:35:51Z,snapshot_fields,1.0
P::J3567,DPP-2023,South,Study Not Started,,,200.0,0.0,,2026-03-01,2026-03-01,2026-03-01,P::J3567,SHERIDAN EHV EL DORADO EHV 500 0KV,Queue-derived study fields,,2026-09-05T04:35:51Z,snapshot_fields,1.0
P::J3568,DPP-2023,South,Study Not Started,,,250.0,0.0,,2026-03-01,2026-03-01,2026-03-01,P::J3568,SCHLATER,Queue-derived study fields,,2026-09-05T04:35:51Z,snapshot_fields,1.0
P::J3569,DPP-2023,South,Study Not Started,,,300.0,0.0,,2026-03-01,2026-03-01,2026-03-01,P::J3569,TRUMANN HARRISBURG SS 161 0KV,Queue-derived study fields,,2026-09-05T04:35:51Z,snapshot_fields,1.0
P::J3570,DPP-2023,South,Study Not Started,,,300.0,0.0,,2026-03-01,2026-03-01,2026-03-01,P::J3570,AECC WYNNE EAST PARKIN 161 0KV,Queue-derived study fields,,2026-09-05T04:35:51Z,snapshot_fields,1.0
P::J3571,DPP-2023,South,Study Not Started,,,250.0,0.0,,2026-03-01,2026-03-01,2026-03-01,P::J3571,MARKED TREE TWIST 161 0KV,Queue-derived study fields,,2026-09-05T04:35:51Z,snapshot_fields,1.0
P::J3572,DPP-2023,South,Study Not Started,,,200.0,0.0,,2026-03-01,2026-03-01,2026-03-01,P::J3572,METROPOLIS RED GUM 115 0KV,Queue-derived study fields,,2026-09-05T04:35:51Z,snapshot_fields,1.0
P::J3573,DPP-2023,South,Study Not Started,,,200.0,0.0,,2026-03-01,2026-03-01,2026-03-01,P::J3573,GALION OAK GROVE 115 SUB 115 0KV,Queue-derived study fields,,2026-09-05T04:35:51Z,snapshot_fields,1.0
P::J3574,DPP-2023,Central,Study Not Started,,,60.0,0.0,,2026-03-01,2026-03-01,2026-03-01,P::J3574,OTHER_,Queue-derived study fields,,2026-09-05T04:35:51Z,snapshot_fields,1.0
P::J3575,DPP-2023,South,Study Not Started,,,300.0,0.0,,2026-03-01,2026-03-01,2026-03-01,P::J3575,GILMORE WILSON 161 0KV,Queue-derived study fields,,2026-09-05T04:35:51Z,snapshot_fields,1.0
P::J3576,DPP-2023,South,Study Not Started,,,300.0,0.0,,2026-03-01,2026-03-01,2026-03-01,P::J3576,BOGALUSA 500 SS FRANKLIN EHV 500 0KV,Queue-derived study fields,,2026-09-05T04:35:51Z,snapshot_fields,1.0
P::J3577,DPP-2023,South,Study Not Started,,,120.0,0.0,,2026-03-01,2026-03-01,2026-03-01,P::J3577,MAGEE NEW HEBRON 115 0KV,Queue-derived study fields,,2026-09-05T04:35:51Z,snapshot_fields,1.0
P::J3578,DPP-2023,South,Study Not Started,,,100.0,0.0,,2026-03-01,2026-03-01,2026-03-01,P::J3578,GAINESVILLE SWITCHING STATION,Queue-derived study fields,,2026-09-05T04:35:51Z,snapshot_fields,1.0
P::J3579,DPP-2023,South,Study Not Started,,,135.0,0.0,,2026-03-01,2026-03-01,2026-03-01,P::J3579,MARIANNA WEST SS MARIANNA 115 0KV,Queue-derived study fields,,2026-09-05T04:35:51Z,snapshot_fields,1.0
P::J3580,DPP-2023,South,Study Not Started,,,250.0,0.0,,2026-03-01,2026-03-01,2026-03-01,P::J3580,AECC DELL 161KV NUCOR YAMATO 161KV SWITCHING STATION 161 0KV,Queue-derived study fields,,2026-09-05T04:35:51Z,snapshot_fields,1.0
P::J3581,DPP-2023,South,Study Not Started,,,200.0,0.0,,2026-03-01,2026-03-01,2026-03-01,P::J3581,EOLA MARKSVILLE 138 0KV,Queue-derived study fields,,2026-09-05T04:35:51Z,snapshot_fields,1.0
P::J3582,DPP-2023,South,Study Not Started,,,150.0,0.0,,2026-03-01,2026-03-01,2026-03-01,P::J3582,LONGVILLE NELSON EES 138 0KV,Queue-derived study fields,,2026-09-05T04:35:51Z,snapshot_fields,1.0
P::J3583,DPP-2023,South,Study Not Started,,,300.0,0.0,,2026-03-01,2026-03-01,2026-03-01,P::J3583,HOLLAND BOTTOM KEO EHV 500 0KV,Queue-derived study fields,,2026-09-05T04:35:51Z,snapshot_fields,1.0
P::J3584,DPP-2023,South,Study Not Started,,,215.0,0.0,,2026-03-01,2026-03-01,2026-03-01,P::J3584,BRINKLEY EAST AECC AUBREY 230 0KV,Queue-derived study fields,,2026-09-05T04:35:51Z,snapshot_fields,1.0
P::J3585,DPP-2023,South,Study Not Started,,,150.0,0.0,,2026-03-01,2026-03-01,2026-03-01,P::J3585,HARTBURG AEP LAYFIELD 500 0KV,Queue-derived study fields,,2026-09-05T04:35:51Z,snapshot_fields,1.0
P::J3586,DPP-2023,South,Study Not Started,,,205.8,0.0,,2026-03-01,2026-03-01,2026-03-01,P::J3586,JACINTO PEACH CREEK 230 0KV,Queue-derived study fields,,2026-09-05T04:35:51Z,snapshot_fields,1.0
P::J3587,DPP-2023,South,Study Not Started,,,110.0,0.0,,2026-03-01,2026-03-01,2026-03-01,P::J3587,PORT ACRES BULK,Queue-derived study fields,,2026-09-05T04:35:51Z,snapshot_fields,1.0
P::J3588,DPP-2023,South,Study Not Started,,,100.0,0.0,,2026-03-01,2026-03-01,2026-03-01,P::J3588,J2733 SUB,Queue-derived study fields,,2026-09-05T04:35:51Z,snapshot_fields,1.0
P::J3589,DPP-2023,South,Study Not Started,,,160.0,0.0,,2026-03-01,2026-03-01,2026-03-01,P::J3589,FRANKLIN EHV MCCOMB 115 0KV,Queue-derived study fields,,2026-09-05T04:35:51Z,snapshot_fields,1.0
P::J3590,DPP-2023,South,Study Not Started,,,75.0,0.0,,2026-03-01,2026-03-01,2026-03-01,P::J3590,BELZONI BELZONI TAP SS 115 0KV,Queue-derived study fields,,2026-09-05T04:35:51Z,snapshot_fields,1.0
P::J3591,DPP-2023,South,Study Not Started,,,400.0,0.0,,2026-03-01,2026-03-01,2026-03-01,P::J3591,MCKNIGHT PLANT DANIEL 500 0KV,Queue-derived study fields,,2026-09-05T04:35:51Z,snapshot_fields,1.0
P::J3592,DPP-2023,South,Study Not Started,,,57.0,0.0,,2026-03-01,2026-03-01,2026-03-01,P::J3592,INDIANOLA 230 115 SUB TILLATOBA 230 0KV,Queue-derived study fields,,2026-09-05T04:35:51Z,snapshot_fields,1.0
P::J3593,DPP-2023,Central,Study Not Started,,,250.0,0.0,,2026-03-01,2026-03-01,2026-03-01,P::J3593,WABASH RIVER STAUNTON 230 0KV,Queue-derived study fields,,2026-09-05T04:35:51Z,snapshot_fields,1.0
P::J3594,DPP-2023,South,Study Not Started,,,100.0,0.0,,2026-03-01,2026-03-01,2026-03-01,P::J3594,ELTON COMPTON TAP 69 0KV,Queue-derived study fields,,2026-09-05T04:35:51Z,snapshot_fields,1.0
P::J3595,DPP-2023,South,Study Not Started,,,230.0,0.0,,2026-03-01,2026-03-01,2026-03-01,P::J3595,INDIANOLA 230 115 SUB TILLATOBA 230 0KV,Queue-derived study fields,,2026-09-05T04:35:51Z,snapshot_fields,1.0
P::J3596,DPP-2025,South,Phase 1,,,460.0,0.0,,2026-03-01,2026-03-01,2026-03-01,P::J3596,BEVIL CYPRESS 230 0KV,Queue-derived study fields,,2026-09-05T04:35:51Z,snapshot_fields,1.0
P::J3597,DPP-2023,South,Study Not Started,,,348.0,0.0,,2026-03-01,2026-03-01,2026-03-01,P::J3597,WEST MEMPHIS EHV KEO EHV 500 0KV,Queue-derived study fields,,2026-09-05T04:35:51Z,snapshot_fields,1.0
P::J3598,DPP-2023,Central,Study Not Started,,,9.0,0.0,,2026-03-01,2026-03-01,2026-03-01,P::J3598,OTHER_,Queue-derived study fields,,2026-09-05T04:35:51Z,snapshot_fields,1.0
P::J3599,DPP-2023,South,Study Not Started,,,60.0,0.0,,2026-03-01,2026-03-01,2026-03-01,P::J3599,LUNSFORD,Queue-derived study fields,,2026-09-05T04:35:51Z,snapshot_fields,1.0
P::J3600,DPP-2023,South,Study Not Started,,,50.0,0.0,,2026-03-01,2026-03-01,2026-03-01,P::J3600,OAK RIDGE LA SWARTZ 115 0KV,Queue-derived study fields,,2026-09-05T04:35:51Z,snapshot_fields,1.0
P::J3601,DPP-2023,South,Study Not Started,,,200.0,0.0,,2026-03-01,2026-03-01,2026-03-01,P::J3601,OAK RIDGE LA SWARTZ 115 0KV,Queue-derived study fields,,2026-09-05T04:35:51Z,snapshot_fields,1.0
P::J3602,DPP-2023,Central,Study Not Started,,,110.0,0.0,,2026-03-01,2026-03-01,2026-03-01,P::J3602,OTHER_,Queue-derived study fields,,2026-09-05T04:35:51Z,snapshot_fields,1.0
P::J3603,DPP-2023,South,Study Not Started,,,175.0,0.0,,2026-03-01,2026-03-01,2026-03-01,P::J3603,OAK RIDGE LA STERLINGTON 115 SWYD 115 0KV,Queue-derived study fields,,2026-09-05T04:35:51Z,snapshot_fields,1.0
P::J3604,DPP-2023,Central,Study Not Started,,,650.0,0.0,,2026-03-01,2026-03-01,2026-03-01,P::J3604,MEROM HED DRESSER 345 0KV,Queue-derived study fields,,2026-09-05T04:35:51Z,snapshot_fields,1.0
P::J3605,DPP-2023,South,Study Not Started,,,465.0,0.0,,2026-03-01,2026-03-01,2026-03-01,P::J3605,JACINTO,Queue-derived study fields,,2026-09-05T04:35:51Z,snapshot_fields,1.0
P::J3606,DPP-2023,South,Study Not Started,,,197.7,0.0,,2026-03-01,2026-03-01,2026-03-01,P::J3606,PARKIN KUHN ROAD 161 0KV,Queue-derived study fields,,2026-09-05T04:35:51Z,snapshot_fields,1.0
P::J3607,DPP-2023,Central,Study Not Started,,,47.4,0.0,,2026-03-01,2026-03-01,2026-03-01,P::J3607,NEW CASTLE I AVENUE,Queue-derived study fields,,2026-09-05T04:35:51Z,snapshot_fields,1.0
P::J3608,DPP-2023,Central,Study Not Started,,,77.6,0.0,,2026-03-01,2026-03-01,2026-03-01,P::J3608,NEW CASTLE I AVENUE,Queue-derived study fields,,2026-09-05T04:35:51Z,snapshot_fields,1.0
P::J3609,DPP-2023,South,Study Not Started,,,93.1,0.0,,2026-03-01,2026-03-01,2026-03-01,P::J3609,NELSON 138 SWYD LONGVILLE CLECO 138 0KV,Queue-derived study fields,,2026-09-05T04:35:51Z,snapshot_fields,1.0
P::J3610,DPP-2023,South,Study Not Started,,,150.0,0.0,,2026-03-01,2026-03-01,2026-03-01,P::J3610,DOUCETTE,Queue-derived study fields,,2026-09-05T04:35:51Z,snapshot_fields,1.0
P::J3611,DPP-2023,Central,Study Not Started,,,140.0,0.0,,2026-03-01,2026-03-01,2026-03-01,P::J3611,7W_FRFT_E 7NORRIS 345 0KV,Queue-derived study fields,,2026-09-05T04:35:51Z,snapshot_fields,1.0
P::J3612,DPP-2023,South,Study Not Started,,,200.0,0.0,,2026-03-01,2026-03-01,2026-03-01,P::J3612,FISHER MANY 138 0KV,Queue-derived study fields,,2026-09-05T04:35:51Z,snapshot_fields,1.0
P::J3613,DPP-2023,South,Study Not Started,,,180.0,0.0,,2026-03-01,2026-03-01,2026-03-01,P::J3613,CROSSETT NORTH HAMBURG 115 0KV,Queue-derived study fields,,2026-09-05T04:35:51Z,snapshot_fields,1.0
P::J3614,DPP-2023,South,Study Not Started,,,180.0,0.0,,2026-03-01,2026-03-01,2026-03-01,P::J3614,CROSSETT NORTH HAMBURG 115 0KV,Queue-derived study fields,,2026-09-05T04:35:51Z,snapshot_fields,1.0
P::J3615,DPP-2023,South,Study Not Started,,,125.0,0.0,,2026-03-01,2026-03-01,2026-03-01,P::J3615,STUTTGART NORTH SS STUTTGART RICUSKEY 115 0KV,Queue-derived study fields,,2026-09-05T04:35:51Z,snapshot_fields,1.0
P::J3616,DPP-2023,South,Study Not Started,,,125.0,0.0,,2026-03-01,2026-03-01,2026-03-01,P::J3616,STUTTGART NORTH SS STUTTGART RICUSKEY 115 0KV,Queue-derived study fields,,2026-09-05T04:35:51Z,snapshot_fields,1.0
P::J3617,DPP-2023,South,Study Not Started,,,150.0,0.0,,2026-03-01,2026-03-01,2026-03-01,P::J3617,DATTO,Queue-derived study fields,,2026-09-05T04:35:51Z,snapshot_fields,1.0
P::J3618,DPP-2023,South,Study Not Started,,,150.0,0.0,,2026-03-01,2026-03-01,2026-03-01,P::J3618,DATTO,Queue-derived study fields,,2026-09-05T04:35:51Z,snapshot_fields,1.0
P::J3619,DPP-2023,South,Study Not Started,,,150.0,0.0,,2026-03-01,2026-03-01,2026-03-01,P::J3619,MONETTE JUNCTION PARAGOULD 161 0KV,Queue-derived study fields,,2026-09-05T04:35:51Z,snapshot_fields,1.0
P::J3620,DPP-2023,South,Study Not Started,,,150.0,0.0,,2026-03-01,2026-03-01,2026-03-01,P::J3620,MONETTE JUNCTION PARAGOULD 161 0KV,Queue-derived study fields,,2026-09-05T04:35:51Z,snapshot_fields,1.0
P::J3621,DPP-2023,South,Study Not Started,,,150.0,0.0,,2026-03-01,2026-03-01,2026-03-01,P::J3621,HERGETT POWERLINE ROAD 161 0KV,Queue-derived study fields,,2026-09-05T04:35:51Z,snapshot_fields,1.0
P::J3622,DPP-2023,South,Study Not Started,,,150.0,0.0,,2026-03-01,2026-03-01,2026-03-01,P::J3622,HERGETT POWERLINE ROAD 161 0KV,Queue-derived study fields,,2026-09-05T04:35:51Z,snapshot_fields,1.0
P::J3623,DPP-2023,South,Study Not Started,,,350.0,0.0,,2026-03-01,2026-03-01,2026-03-01,P::J3623,INDIANOLA 230 115 SUB TILLATOBA 230 0KV,Queue-derived study fields,,2026-09-05T04:35:51Z,snapshot_fields,1.0
P::J3624,DPP-2023,South,Study Not Started,,,155.0,0.0,,2026-03-01,2026-03-01,2026-03-01,P::J3624,MAGNOLIA SOUTH SHULER 115 0KV,Queue-derived study fields,,2026-09-05T04:35:51Z,snapshot_fields,1.0
P::J3625,DPP-2023,South,Study Not Started,,,82.0,0.0,,2026-03-01,2026-03-01,2026-03-01,P::J3625,JELD WEN WINNFIELD 115 SUB 115 0KV,Queue-derived study fields,,2026-09-05T04:35:51Z,snapshot_fields,1.0
P::J3626,DPP-2023,South,Study Not Started,,,500.0,0.0,,2026-03-01,2026-03-01,2026-03-01,P::J3626,INDEPENDENCE ISES POWERLINE ROAD 500 0KV,Queue-derived study fields,,2026-09-05T04:35:51Z,snapshot_fields,1.0
P::J3627,DPP-2023,South,Study Not Started,,,200.0,0.0,,2026-03-01,2026-03-01,2026-03-01,P::J3627,JONESBORO APL CASH 161 0KV,Queue-derived study fields,,2026-09-05T04:35:51Z,snapshot_fields,1.0
P::J3628,DPP-2023,South,Study Not Started,,,200.0,0.0,,2026-03-01,2026-03-01,2026-03-01,P::J3628,FRANKLIN EHV GRAND GULF TRANSMISSION 500 0KV,Queue-derived study fields,,2026-09-05T04:35:51Z,snapshot_fields,1.0
P::J3629,DPP-2023,South,Study Not Started,,,210.0,0.0,,2026-03-01,2026-03-01,2026-03-01,P::J3629,DELTA SWYD DREW MS 115 0KV,Queue-derived study fields,,2026-09-05T04:35:51Z,snapshot_fields,1.0
P::J3630,DPP-2023,South,Study Not Started,,,77.0,0.0,,2026-03-01,2026-03-01,2026-03-01,P::J3630,MOLER COLFEL 230 0KV,Queue-derived study fields,,2026-09-05T04:35:51Z,snapshot_fields,1.0
P::J3631,DPP-2023,South,Study Not Started,,,60.0,0.0,,2026-03-01,2026-03-01,2026-03-01,P::J3631,GUEYDAN TAP MORSE 69 0KV,Queue-derived study fields,,2026-09-05T04:35:51Z,snapshot_fields,1.0
P::J3632,DPP-2023,South,Study Not Started,,,85.0,0.0,,2026-03-01,2026-03-01,2026-03-01,P::J3632,TEXAS EASTERN P S G SS FORDYCE ORIENT SS 115 0KV,Queue-derived study fields,,2026-09-05T04:35:51Z,snapshot_fields,1.0
P::J3633,DPP-2023,East (ITC),Study Not Started,,,200.0,0.0,,2026-03-01,2026-03-01,2026-03-01,P::J3633,GREENWOOD RAPSON BANNER 345 0KV,Queue-derived study fields,,2026-09-05T04:35:51Z,snapshot_fields,1.0
P::J3634,DPP-2023,East (ITC),Study Not Started,,,200.0,0.0,,2026-03-01,2026-03-01,2026-03-01,P::J3634,NELSON ROAD,Queue-derived study fields,,2026-09-05T04:35:51Z,snapshot_fields,1.0
P::J3635,DPP-2023,East (ITC),Study Not Started,,,200.0,0.0,,2026-03-01,2026-03-01,2026-03-01,P::J3635,GAINES,Queue-derived study fields,,2026-09-05T04:35:51Z,snapshot_fields,1.0
P::J3636,DPP-2023,East (ITC),Study Not Started,,,150.0,0.0,,2026-03-01,2026-03-01,2026-03-01,P::J3636,BAUER,Queue-derived study fields,,2026-09-05T04:35:51Z,snapshot_fields,1.0
P::J3637,DPP-2023,East (ITC),Study Not Started,,,90.0,0.0,,2026-03-01,2026-03-01,2026-03-01,P::J3637,LIVINGSTON TITTABAWASSEE 345 0KV,Queue-derived study fields,,2026-09-05T04:35:51Z,snapshot_fields,1.0
P::J3638,DPP-2023,East (ATC),Study Not Started,,,50.0,0.0,,2026-03-01,2026-03-01,2026-03-01,P::J3638,AMBERG PLAINS 138 0KV,Queue-derived study fields,,2026-09-05T04:35:51Z,snapshot_fields,1.0
P::J3639,DPP-2023,East (ATC),Study Not Started,,,250.0,0.0,,2026-03-01,2026-03-01,2026-03-01,P::J3639,COLUMBIA ROCKDALE 345 0KV,Queue-derived study fields,,2026-09-05T04:35:51Z,snapshot_fields,1.0
P::J3640,DPP-2023,East (ITC),Study Not Started,,,300.0,0.0,,2026-03-01,2026-03-01,2026-03-01,P::J3640,NELSON ROAD STYX 345 0KV,Queue-derived study fields,,2026-09-05T04:35:51Z,snapshot_fields,1.0
P::J3641,DPP-2023,East (ATC),Study Not Started,,,100.0,0.0,,2026-03-01,2026-03-01,2026-03-01,P::J3641,AMBERG PLAINS 138 0KV,Queue-derived study fields,,2026-09-05T04:35:51Z,snapshot_fields,1.0
P::J3642,DPP-2023,East (ATC),Study Not Started,,,60.0,0.0,,2026-03-01,2026-03-01,2026-03-01,P::J3642,NORDIC,Queue-derived study fields,,2026-09-05T04:35:51Z,snapshot_fields,1.0
P::J3643,DPP-2023,East (ITC),Study Not Started,,,50.0,0.0,,2026-03-01,2026-03-01,2026-03-01,P::J3643,REDSTONE TITTABAWASSEE 138 0KV,Queue-derived study fields,,2026-09-05T04:35:51Z,snapshot_fields,1.0
P::J3644,DPP-2023,East (ITC),Study Not Started,,,150.0,0.0,,2026-03-01,2026-03-01,2026-03-01,P::J3644,OTHER_,Queue-derived study fields,,2026-09-05T04:35:51Z,snapshot_fields,1.0
P::J3645,DPP-2023,East (ITC),Study Not Started,,,150.0,0.0,,2026-03-01,2026-03-01,2026-03-01,P::J3645,RAPSON,Queue-derived study fields,,2026-09-05T04:35:51Z,snapshot_fields,1.0
P::J3646,DPP-2023,East (ITC),Study Not Started,,,220.0,0.0,,2026-03-01,2026-03-01,2026-03-01,P::J3646,ST CLAIR,Queue-derived study fields,,2026-09-05T04:35:51Z,snapshot_fields,1.0
P::J3647,DPP-2023,East (ITC),Study Not Started,,,220.0,0.0,,2026-03-01,2026-03-01,2026-03-01,P::J3647,NELSON ROAD,Queue-derived study fields,,2026-09-05T04:35:51Z,snapshot_fields,1.0
P::J3648,DPP-2023,East (ATC),Study Not Started,,,120.0,0.0,,2026-03-01,2026-03-01,2026-03-01,P::J3648,SILVER RIVER PERCH LAKE 138 0KV,Queue-derived study fields,,2026-09-05T04:35:51Z,snapshot_fields,1.0
P::J3649,DPP-2023,East (ATC),Study Not Started,,,200.0,0.0,,2026-03-01,2026-03-01,2026-03-01,P::J3649,WINONA,Queue-derived study fields,,2026-09-05T04:35:51Z,snapshot_fields,1.0
P::J3650,DPP-2023,East (ITC),Study Not Started,,,150.0,0.0,,2026-03-01,2026-03-01,2026-03-01,P::J3650,BEVERIDGE,Queue-derived study fields,,2026-09-05T04:35:51Z,snapshot_fields,1.0
P::J3651,DPP-2023,East (ITC),Study Not Started,,,150.0,0.0,,2026-03-01,2026-03-01,2026-03-01,P::J3651,BEECHER KNOWLES 138 0KV,Queue-derived study fields,,2026-09-05T04:35:51Z,snapshot_fields,1.0
P::J3652,DPP-2023,East (ITC),Study Not Started,,,150.0,0.0,,2026-03-01,2026-03-01,2026-03-01,P::J3652,BEECHER KNOWLES 138 0KV,Queue-derived study fields,,2026-09-05T04:35:51Z,snapshot_fields,1.0
P::J3653,DPP-2023,East (ITC),Study Not Started,,,80.0,0.0,,2026-03-01,2026-03-01,2026-03-01,P::J3653,LINE TAP ON SUPERIOR WAYNE 120KV LINE AT 42 275480 83 628250,Queue-derived study fields,,2026-09-05T04:35:51Z,snapshot_fields,1.0
P::J3654,DPP-2023,East (ITC),Study Not Started,,,150.0,0.0,,2026-03-01,2026-03-01,2026-03-01,P::J3654,LINE TAP ON SUPERIOR WAYNE 120KV LINE AT 42 275480 83 628250,Queue-derived study fields,,2026-09-05T04:35:51Z,snapshot_fields,1.0
P::J3655,DPP-2023,West,Study Not Started,,,200.0,0.0,,2026-03-01,2026-03-01,2026-03-01,P::J3655,OVERLAND TRAIL FALLOW AVENUE 345 0KV,Queue-derived study fields,,2026-09-05T04:35:51Z,snapshot_fields,1.0
P::J3656,DPP-2023,East (ITC),Study Not Started,,,250.0,0.0,,2026-03-01,2026-03-01,2026-03-01,P::J3656,BAUER,Queue-derived study fields,,2026-09-05T04:35:51Z,snapshot_fields,1.0
P::J3657,DPP-2023,South,Study Not Started,,,50.0,0.0,,2026-03-01,2026-03-01,2026-03-01,P::J3657,GREER SOLAR SUBSTATION J1458,Queue-derived study fields,,2026-09-05T04:35:51Z,snapshot_fields,1.0
P::J3658,DPP-2023,South,Study Not Started,,,150.0,0.0,,2026-03-01,2026-03-01,2026-03-01,P::J3658,GURDON BEIRNE 115 0KV,Queue-derived study fields,,2026-09-05T04:35:51Z,snapshot_fields,1.0
P::J3659,DPP-2023,South,Study Not Started,,,90.25,0.0,,2026-03-01,2026-03-01,2026-03-01,P::J3659,YELLOW BAYOU,Queue-derived study fields,,2026-09-05T04:35:51Z,snapshot_fields,1.0
P::J3660,DPP-2023,West,Study Not Started,,,200.0,0.0,,2026-03-01,2026-03-01,2026-03-01,P::J3660,OAK GROVE 161KV SUB,Queue-derived study fields,,2026-09-05T04:35:51Z,snapshot_fields,1.0
P::J3661,DPP-2023,West,Study Not Started,,,300.0,0.0,,2026-03-01,2026-03-01,2026-03-01,P::J3661,7MAYWOOD 7SUB T 3 345 0KV,Queue-derived study fields,,2026-09-05T04:35:51Z,snapshot_fields,1.0
P::J3662,DPP-2023,Central,Study Not Started,,,200.0,0.0,,2026-03-01,2026-03-01,2026-03-01,P::J3662,VALMEYER 138KV,Queue-derived study fields,,2026-09-05T04:35:51Z,snapshot_fields,1.0
P::J3663,DPP-2023,South,Study Not Started,,,150.0,0.0,,2026-03-01,2026-03-01,2026-03-01,P::J3663,OAK RIDGE LA STERLINGTON 115 SWYD 115 0KV,Queue-derived study fields,,2026-09-05T04:35:51Z,snapshot_fields,1.0
P::J3664,DPP-2023,Central,Study Not Started,,,80.0,0.0,,2026-03-01,2026-03-01,2026-03-01,P::J3664,OTHER_,Queue-derived study fields,,2026-09-05T04:35:51Z,snapshot_fields,1.0
P::J3665,DPP-2023,West,Study Not Started,,,100.0,0.0,,2026-03-01,2026-03-01,2026-03-01,P::J3665,REDWOOD FALLS TAP REDWOOD FALLS WEST 115 0KV,Queue-derived study fields,,2026-09-05T04:35:51Z,snapshot_fields,1.0
P::J3666,DPP-2023,Central,Study Not Started,,,263.7,30.389103004065255,,2026-03-01,2026-03-01,2026-03-01,P::J3666,PETERSBURG THOMPSON 345 0KV,Queue-derived study fields,,2026-09-05T04:35:51Z,snapshot_fields,1.0
P::J3667,DPP-2023,West,Study Not Started,,,200.0,0.0,,2026-03-01,2026-03-01,2026-03-01,P::J3667,OTHER_,Queue-derived study fields,,2026-09-05T04:35:51Z,snapshot_fields,1.0
P::J3668,DPP-2023,East (ITC),Study Not Started,,,100.0,0.0,,2026-03-01,2026-03-01,2026-03-01,P::J3668,PORT CALCITE RIGGSVILLE 138 0KV,Queue-derived study fields,,2026-09-05T04:35:51Z,snapshot_fields,1.0
P::J3669,DPP-2023,West,Study Not Started,,,135.0,55.00000000000001,,2026-03-01,2026-03-01,2026-03-01,P::J3669,BIG STONE SOUTH ALEXANDRIA 345 0KV,Queue-derived study fields,,2026-09-05T04:35:51Z,snapshot_fields,1.0
P::J3670,DPP-2023,Central,Study Not Started,,,100.0,0.0,,2026-03-01,2026-03-01,2026-03-01,P::J3670,CORBIN 138KV,Queue-derived study fields,,2026-09-05T04:35:51Z,snapshot_fields,1.0
P::J3671,DPP-2023,Central,Study Not Started,,,120.0,0.0,,2026-03-01,2026-03-01,2026-03-01,P::J3671,4NEOGA 2 4SHELBYVL E 138 0KV,Queue-derived study fields,,2026-09-05T04:35:51Z,snapshot_fields,1.0
P::J3672,DPP-2023,West,Study Not Started,,,300.0,0.0,,2026-03-01,2026-03-01,2026-03-01,P::J3672,BIG STONE SOUTH ALEXANDIRA 345KV,Queue-derived study fields,,2026-09-05T04:35:51Z,snapshot_fields,1.0
P::J3673,DPP-2023,Central,Study Not Started,,,150.0,0.0,,2026-03-01,2026-03-01,2026-03-01,P::J3673,GOODLAND MORRISON DITCH 138 0KV,Queue-derived study fields,,2026-09-05T04:35:51Z,snapshot_fields,1.0
P::J3674,DPP-2023,Central,Study Not Started,,,100.0,0.0,,2026-03-01,2026-03-01,2026-03-01,P::J3674,4NEWTON 4WISEMAN 138 0KV,Queue-derived study fields,,2026-09-05T04:35:51Z,snapshot_fields,1.0
P::J3675,DPP-2023,South,Study Not Started,,,100.0,0.0,,2026-03-01,2026-03-01,2026-03-01,P::J3675,SEDGEWICK SS AECC LIGHT 115 0KV,Queue-derived study fields,,2026-09-05T04:35:51Z,snapshot_fields,1.0
P::J3676,DPP-2023,East (ITC),Study Not Started,,,93.0,0.0,,2026-03-01,2026-03-01,2026-03-01,P::J3676,GAYLORD ATLANTA 138 0KV,Queue-derived study fields,,2026-09-05T04:35:51Z,snapshot_fields,1.0
P::J3677,DPP-2023,Central,Study Not Started,,,148.0,0.0,,2026-03-01,2026-03-01,2026-03-01,P::J3677,OTHER_,Queue-derived study fields,,2026-09-05T04:35:51Z,snapshot_fields,1.0
P::J3678,DPP-2023,Central,Study Not Started,,,300.0,0.0,,2026-03-01,2026-03-01,2026-03-01,P::J3678,CAYUGA 345,Queue-derived study fields,,2026-09-05T04:35:51Z,snapshot_fields,1.0
P::J3679,DPP-2023,Central,Study Not Started,,,149.0,0.0,,2026-03-01,2026-03-01,2026-03-01,P::J3679,BABCOCK STILLWELL 345 0KV,Queue-derived study fields,,2026-09-05T04:35:51Z,snapshot_fields,1.0
P::J3680,DPP-2023,South,Study Not Started,,,189.0,0.0,,2026-03-01,2026-03-01,2026-03-01,P::J3680,PELAHATCHIE,Queue-derived study fields,,2026-09-05T04:35:51Z,snapshot_fields,1.0
P::J3681,DPP-2023,Central,Study Not Started,,,300.0,0.0,,2026-03-01,2026-03-01,2026-03-01,P::J3681,7CLINTON 7BROKAW 345 0KV,Queue-derived study fields,,2026-09-05T04:35:51Z,snapshot_fields,1.0
P::J3682,DPP-2023,East (ITC),Study Not Started,,,150.0,0.0,,2026-03-01,2026-03-01,2026-03-01,P::J3682,FOUR MILE WHITE ROAD 138 0KV,Queue-derived study fields,,2026-09-05T04:35:51Z,snapshot_fields,1.0
P::J3683,DPP-2023,Central,Study Not Started,,,100.0,0.0,,2026-03-01,2026-03-01,2026-03-01,P::J3683,4BALLARD 4MEREDOSA 138 0KV,Queue-derived study fields,,2026-09-05T04:35:51Z,snapshot_fields,1.0
P::J3684,DPP-2023,Central,Study Not Started,,,100.0,0.0,,2026-03-01,2026-03-01,2026-03-01,P::J3684,4JACK_IND N 4YATES 138 0KV,Queue-derived study fields,,2026-09-05T04:35:51Z,snapshot_fields,1.0
P::J3685,DPP-2023,Central,Study Not Started,,,100.0,0.0,,2026-03-01,2026-03-01,2026-03-01,P::J3685,4HULL 4MEPPEN T 138 0KV,Queue-derived study fields,,2026-09-05T04:35:51Z,snapshot_fields,1.0
P::J3686,DPP-2023,Central,Study Not Started,,,190.0,0.0,,2026-03-01,2026-03-01,2026-03-01,P::J3686,4AUSTIN 4TAYLORVL 138 0KV,Queue-derived study fields,,2026-09-05T04:35:51Z,snapshot_fields,1.0
P::J3687,DPP-2023,Central,Study Not Started,,,113.0,0.0,,2026-03-01,2026-03-01,2026-03-01,P::J3687,4OTEGO 4KINMUNDY 138 0KV,Queue-derived study fields,,2026-09-05T04:35:51Z,snapshot_fields,1.0
P::J3688,DPP-2023,Central,Study Not Started,,,100.0,33.33333333333333,,2026-03-01,2026-03-01,2026-03-01,P::J3688,LUSE ROAD SUBSTATION,Queue-derived study fields,,2026-09-05T04:35:51Z,snapshot_fields,1.0
P::J3689,DPP-2023,Central,Study Not Started,,,200.0,0.0,,2026-03-01,2026-03-01,2026-03-01,P::J3689,OTHER_,Queue-derived study fields,,2026-09-05T04:35:51Z,snapshot_fields,1.0
P::J3690,DPP-2023,Central,Study Not Started,,,300.0,0.0,,2026-03-01,2026-03-01,2026-03-01,P::J3690,5STODDARD 5MORLEY AECI 161 0KV,Queue-derived study fields,,2026-09-05T04:35:51Z,snapshot_fields,1.0
P::J3691,DPP-2023,Central,Study Not Started,,,200.0,0.0,,2026-03-01,2026-03-01,2026-03-01,P::J3691,REYNOLDS,Queue-derived study fields,,2026-09-05T04:35:51Z,snapshot_fields,1.0
P::J3692,DPP-2023,East (ITC),Study Not Started,,,100.0,0.0,,2026-03-01,2026-03-01,2026-03-01,P::J3692,PORT CALCITE RIGGSVILLE 138 0KV,Queue-derived study fields,,2026-09-05T04:35:51Z,snapshot_fields,1.0
P::J3693,DPP-2023,Central,Study Not Started,,,300.0,0.0,,2026-03-01,2026-03-01,2026-03-01,P::J3693,BURR OAK LEESBURG 345 0KV,Queue-derived study fields,,2026-09-05T04:35:51Z,snapshot_fields,1.0
P::J3694,DPP-2023,Central,Study Not Started,,,300.0,0.0,,2026-03-01,2026-03-01,2026-03-01,P::J3694,SUGAR CREEK CAYUGA CT 345 0KV,Queue-derived study fields,,2026-09-05T04:35:51Z,snapshot_fields,1.0
P::J3695,DPP-2023,Central,Study Not Started,,,150.0,0.0,,2026-03-01,2026-03-01,2026-03-01,P::J3695,7CASEY 7SNYDER 345 0KV,Queue-derived study fields,,2026-09-05T04:35:51Z,snapshot_fields,1.0
P::J3696,DPP-2023,East (ITC),Study Not Started,,,225.0,0.0,,2026-03-01,2026-03-01,2026-03-01,P::J3696,NELSON ROAD VERGENNES 345 0KV,Queue-derived study fields,,2026-09-05T04:35:51Z,snapshot_fields,1.0
P::J3697,DPP-2023,Central,Study Not Started,,,44.0,0.0,,2026-03-01,2026-03-01,2026-03-01,P::J3697,OTHER_,Queue-derived study fields,,2026-09-05T04:35:51Z,snapshot_fields,1.0
P::J3698,DPP-2023,East (ITC),Study Not Started,,,100.0,0.0,,2026-03-01,2026-03-01,2026-03-01,P::J3698,HIGGINS MIO DAM 138 0KV,Queue-derived study fields,,2026-09-05T04:35:51Z,snapshot_fields,1.0
P::J3699,DPP-2023,West,Study Not Started,,,300.0,0.0,,2026-03-01,2026-03-01,2026-03-01,P::J3699,SUB 39 OAK GROVE 345 0KV,Queue-derived study fields,,2026-09-05T04:35:51Z,snapshot_fields,1.0
P::J3700,DPP-2023,Central,Study Not Started,,,300.0,0.0,,2026-03-01,2026-03-01,2026-03-01,P::J3700,7BUNSONVILLE 7SIDNEY 345 0KV,Queue-derived study fields,,2026-09-05T04:35:51Z,snapshot_fields,1.0
P::J3701,DPP-2023,West,Study Not Started,,,400.0,0.0,,2026-03-01,2026-03-01,2026-03-01,P::J3701,ORIENT NORTHBORO 345 0KV,Queue-derived study fields,,2026-09-05T04:35:51Z,snapshot_fields,1.0
P::J3702,DPP-2023,West,Study Not Started,,,180.0,0.0,,2026-03-01,2026-03-01,2026-03-01,P::J3702,ADAMS,Queue-derived study fields,,2026-09-05T04:35:51Z,snapshot_fields,1.0
P::J3703,DPP-2023,West,Study Not Started,,,200.0,0.0,,2026-03-01,2026-03-01,2026-03-01,P::J3703,BLACKBERRY 230 115KV,Queue-derived study fields,,2026-09-05T04:35:51Z,snapshot_fields,1.0
P::J3704,DPP-2023,West,Study Not Started,,,200.0,0.0,,2026-03-01,2026-03-01,2026-03-01,P::J3704,CEDAR MOUNTAIN LYON COUNTY 345 0KV,Queue-derived study fields,,2026-09-05T04:35:51Z,snapshot_fields,1.0
P::J3705,DPP-2023,West,Study Not Started,,,200.0,0.0,,2026-03-01,2026-03-01,2026-03-01,P::J3705,CEDAR MOUNTAIN LYON COUNTY 345 0KV,Queue-derived study fields,,2026-09-05T04:35:51Z,snapshot_fields,1.0
P::J3706,DPP-2023,South,Study Not Started,,,150.0,0.0,,2026-03-01,2026-03-01,2026-03-01,P::J3706,GILMORE WILSON 161 0KV,Queue-derived study fields,,2026-09-05T04:35:51Z,snapshot_fields,1.0
P::J3707,DPP-2023,Central,Study Not Started,,,40.0,0.0,,2026-03-01,2026-03-01,2026-03-01,P::J3707,OTHER_,Queue-derived study fields,,2026-09-05T04:35:51Z,snapshot_fields,1.0
P::J3708,DPP-2023,South,Study Not Started,,,770.0,0.0,,2026-03-01,2026-03-01,2026-03-01,P::J3708,LEGEND,Queue-derived study fields,,2026-09-05T04:35:51Z,snapshot_fields,1.0
P::J3709,DPP-2023,Central,Study Not Started,,,47.0,0.0,,2026-03-01,2026-03-01,2026-03-01,P::J3709,GEORGETOWN,Queue-derived study fields,,2026-09-05T04:35:51Z,snapshot_fields,1.0
P::J3710,DPP-2023,Central,Study Not Started,,,50.0,0.0,,2026-03-01,2026-03-01,2026-03-01,P::J3710,JERSEYVILLE NORTHWEST,Queue-derived study fields,,2026-09-05T04:35:51Z,snapshot_fields,1.0
P::J3711,DPP-2023,South,Study Not Started,,,400.0,0.0,,2026-03-01,2026-03-01,2026-03-01,P::J3711,SHERIDAN EHV EL DORADO EHV 500 0KV,Queue-derived study fields,,2026-09-05T04:35:51Z,snapshot_fields,1.0
P::J3712,DPP-2023,Central,Study Not Started,,,350.0,12.5,,2026-03-01,2026-03-01,2026-03-01,P::J3712,7FARGO 7SANDBURG 345 0KV,Queue-derived study fields,,2026-09-05T04:35:51Z,snapshot_fields,1.0
P::J3713,DPP-2023,West,Study Not Started,,,200.0,0.0,,2026-03-01,2026-03-01,2026-03-01,P::J3713,OTTUMWA GENERATION WOODY 161KV,Queue-derived study fields,,2026-09-05T04:35:51Z,snapshot_fields,1.0
P::J3714,DPP-2023,South,Study Not Started,,,95.0,0.0,,2026-03-01,2026-03-01,2026-03-01,P::J3714,HOMEWOOD 69 LAKE 69 0KV,Queue-derived study fields,,2026-09-05T04:35:51Z,snapshot_fields,1.0
P::J3715,DPP-2023,Central,Study Not Started,,,150.0,0.0,,2026-03-01,2026-03-01,2026-03-01,P::J3715,OTHER_,Queue-derived study fields,,2026-09-05T04:35:51Z,snapshot_fields,1.0
P::J3716,DPP-2023,South,Study Not Started,,,199.0,0.0,,2026-03-01,2026-03-01,2026-03-01,P::J3716,INDIANOLA 230 115 SUB MCADAMS EHV 230 0KV,Queue-derived study fields,,2026-09-05T04:35:51Z,snapshot_fields,1.0
P::J3717,DPP-2023,South,Study Not Started,,,199.0,0.0,,2026-03-01,2026-03-01,2026-03-01,P::J3717,ENID TILLATOBA 230 0KV,Queue-derived study fields,,2026-09-05T04:35:51Z,snapshot_fields,1.0
P::J3718,DPP-2023,Central,Study Not Started,,,200.0,0.0,,2026-03-01,2026-03-01,2026-03-01,P::J3718,ROODHOUSE WEST,Queue-derived study fields,,2026-09-05T04:35:51Z,snapshot_fields,1.0
P::J3719,DPP-2023,Central,Study Not Started,,,200.0,0.0,,2026-03-01,2026-03-01,2026-03-01,P::J3719,GREENTOWN WALTON 230 0KV,Queue-derived study fields,,2026-09-05T04:35:51Z,snapshot_fields,1.0
P::J3720,DPP-2023,Central,Study Not Started,,,200.0,0.0,,2026-03-01,2026-03-01,2026-03-01,P::J3720,5SPALDNG AECI 5PENOCRK 161 0KV,Queue-derived study fields,,2026-09-05T04:35:51Z,snapshot_fields,1.0
P::J3721,DPP-2023,Central,Study Not Started,,,200.0,0.0,,2026-03-01,2026-03-01,2026-03-01,P::J3721,CULLEY DUBOIS 138 0KV,Queue-derived study fields,,2026-09-05T04:35:51Z,snapshot_fields,1.0
P::J3722,DPP-2023,East (ITC),Study Not Started,,,150.0,0.0,,2026-03-01,2026-03-01,2026-03-01,P::J3722,COLDWATER MOORE ROAD 138 0KV,Queue-derived study fields,,2026-09-05T04:35:51Z,snapshot_fields,1.0
P::J3723,DPP-2023,East (ITC),Study Not Started,,,300.0,0.0,,2026-03-01,2026-03-01,2026-03-01,P::J3723,KEYSTONE LUDINGTON 345 0KV,Queue-derived study fields,,2026-09-05T04:35:51Z,snapshot_fields,1.0
P::J3724,DPP-2023,Central,Study Not Started,,,132.0,0.0,,2026-03-01,2026-03-01,2026-03-01,P::J3724,SANDFORD,Queue-derived study fields,,2026-09-05T04:35:51Z,snapshot_fields,1.0
P::J3725,DPP-2023,West,Study Not Started,,,200.0,0.0,,2026-03-01,2026-03-01,2026-03-01,P::J3725,SUB 93 LOUISA SUB T HASKINS 345 0KV,Queue-derived study fields,,2026-09-05T04:35:51Z,snapshot_fields,1.0
P::J3726,DPP-2023,Central,Study Not Started,,,200.0,0.0,,2026-03-01,2026-03-01,2026-03-01,P::J3726,SKILLMAN,Queue-derived study fields,,2026-09-05T04:35:51Z,snapshot_fields,1.0
P::J3727,DPP-2023,Central,Study Not Started,,,225.0,0.0,,2026-03-01,2026-03-01,2026-03-01,P::J3727,MISSISSIPPI,Queue-derived study fields,,2026-09-05T04:35:51Z,snapshot_fields,1.0
P::J3728,DPP-2023,Central,Study Not Started,,,400.0,0.0,,2026-03-01,2026-03-01,2026-03-01,P::J3728,AMEREN E WEST FRANKFORT FRANKLIN 138 0KV,Queue-derived study fields,,2026-09-05T04:35:51Z,snapshot_fields,1.0
P::J3729,DPP-2023,Central,Study Not Started,,,200.0,0.0,,2026-03-01,2026-03-01,2026-03-01,P::J3729,BENTON NORTHWEST,Queue-derived study fields,,2026-09-05T04:35:51Z,snapshot_fields,1.0
P::J3730,DPP-2023,Central,Study Not Started,,,305.0,31.306306306306308,,2026-03-01,2026-03-01,2026-03-01,P::J3730,MORO 345KV SUBSTATION,Queue-derived study fields,,2026-09-05T04:35:51Z,snapshot_fields,1.0
P::J3731,DPP-2023,Central,Study Not Started,,,160.0,0.0,,2026-03-01,2026-03-01,2026-03-01,P::J3731,EDWARDSPORT VINCENNES 138 0KV,Queue-derived study fields,,2026-09-05T04:35:51Z,snapshot_fields,1.0
P::J3732,DPP-2023,Central,Study Not Started,,,175.0,0.0,,2026-03-01,2026-03-01,2026-03-01,P::J3732,NILES 138KV J1208 J1209 TO BE BUILT NEAR EXISTING HARCO TAP,Queue-derived study fields,,2026-09-05T04:35:51Z,snapshot_fields,1.0
P::J3733,DPP-2023,Central,Study Not Started,,,150.0,0.0,,2026-03-01,2026-03-01,2026-03-01,P::J3733,OAKLAND CITY OLD BEN COAL 138 0KV,Queue-derived study fields,,2026-09-05T04:35:51Z,snapshot_fields,1.0
P::J3734,DPP-2023,East (ITC),Study Not Started,,,150.0,0.0,,2026-03-01,2026-03-01,2026-03-01,P::J3734,STRATFORD,Queue-derived study fields,,2026-09-05T04:35:51Z,snapshot_fields,1.0
P::J3735,DPP-2023,East (ITC),Study Not Started,,,100.0,0.0,,2026-03-01,2026-03-01,2026-03-01,P::J3735,BEVERIDGE 138KV,Queue-derived study fields,,2026-09-05T04:35:51Z,snapshot_fields,1.0
P::J3736,DPP-2023,Central,Study Not Started,,,100.0,0.0,,2026-03-01,2026-03-01,2026-03-01,P::J3736,LOOSE CREEK,Queue-derived study fields,,2026-09-05T04:35:51Z,snapshot_fields,1.0
P::J3737,DPP-2023,West,Study Not Started,,,100.0,0.0,,2026-03-01,2026-03-01,2026-03-01,P::J3737,HASTINGS,Queue-derived study fields,,2026-09-05T04:35:51Z,snapshot_fields,1.0
P::J3738,DPP-2023,South,Study Not Started,,,65.0,0.0,,2026-03-01,2026-03-01,2026-03-01,P::J3738,GUEYDAN ENTERGY POWER STATION 69KV,Queue-derived study fields,,2026-09-05T04:35:51Z,snapshot_fields,1.0
P::J3739,DPP-2023,Central,Study Not Started,,,200.0,0.0,,2026-03-01,2026-03-01,2026-03-01,P::J3739,138KV LINE TAP BETWEEN GALESBURG MONMOUTH BOULEVARD BUS 348956 AND CASTRO JCT BUS 348917 DISTAN,Queue-derived study fields,,2026-09-05T04:35:51Z,snapshot_fields,1.0
P::J3740,DPP-2023,Central,Study Not Started,,,40.0,0.0,,2026-03-01,2026-03-01,2026-03-01,P::J3740,OTHER_,Queue-derived study fields,,2026-09-05T04:35:51Z,snapshot_fields,1.0
P::J3741,DPP-2023,South,Study Not Started,,,155.0,0.0,,2026-03-01,2026-03-01,2026-03-01,P::J3741,WOODWARD 115 SUB RISON 115 0KV,Queue-derived study fields,,2026-09-05T04:35:51Z,snapshot_fields,1.0
P::J3742,DPP-2023,West,Study Not Started,,,160.0,0.0,,2026-03-01,2026-03-01,2026-03-01,P::J3742,WAHPETON FERGUS FALLS 230 0KV,Queue-derived study fields,,2026-09-05T04:35:51Z,snapshot_fields,1.0
P::J3743,DPP-2023,East (ITC),Study Not Started,,,175.5,0.0,,2026-03-01,2026-03-01,2026-03-01,P::J3743,ARROWHEAD,Queue-derived study fields,,2026-09-05T04:35:51Z,snapshot_fields,1.0
P::J3744,DPP-2023,East (ITC),Study Not Started,,,15.0,0.0,,2026-03-01,2026-03-01,2026-03-01,P::J3744,MICHIGAN POWER PEREMARQUETTE 138 0KV,Queue-derived study fields,,2026-09-05T04:35:51Z,snapshot_fields,1.0
P::J3745,DPP-2023,Central,Study Not Started,,,150.0,0.0,,2026-03-01,2026-03-01,2026-03-01,P::J3745,SUNMAN WEISBURG,Queue-derived study fields,,2026-09-05T04:35:51Z,snapshot_fields,1.0
P::J3746,DPP-2023,South,Study Not Started,,,250.0,0.0,,2026-03-01,2026-03-01,2026-03-01,P::J3746,RODEMACHER SHERWOOD 230 0KV,Queue-derived study fields,,2026-09-05T04:35:51Z,snapshot_fields,1.0
P::J3747,DPP-2023,South,Study Not Started,,,300.0,0.0,,2026-03-01,2026-03-01,2026-03-01,P::J3747,WHITE BLUFF EHV KEO EHV 500 0KV,Queue-derived study fields,,2026-09-05T04:35:51Z,snapshot_fields,1.0
P::J3748,DPP-2023,South,Study Not Started,,,200.0,0.0,,2026-03-01,2026-03-01,2026-03-01,P::J3748,GERALD ANDRUS 230KV,Queue-derived study fields,,2026-09-05T04:35:51Z,snapshot_fields,1.0
P::J3749,DPP-2023,West,Study Not Started,,,200.0,0.0,,2026-03-01,2026-03-01,2026-03-01,P::J3749,LYON COUNTY,Queue-derived study fields,,2026-09-05T04:35:51Z,snapshot_fields,1.0
P::J3750,DPP-2023,West,Study Not Started,,,250.0,0.0,,2026-03-01,2026-03-01,2026-03-01,P::J3750,OAK GROVE SANDBURG AMRN 345 0KV,Queue-derived study fields,,2026-09-05T04:35:51Z,snapshot_fields,1.0
P::J3751,DPP-2023,Central,Study Not Started,,,236.0,0.0,,2026-03-01,2026-03-01,2026-03-01,P::J3751,7COFFEEN 7ROXFORD 345 0KV,Queue-derived study fields,,2026-09-05T04:35:51Z,snapshot_fields,1.0
P::J3752,DPP-2023,West,Study Not Started,,,220.0,0.0,,2026-03-01,2026-03-01,2026-03-01,P::J3752,CROMWELL GRE RIVERTON 115KV,Queue-derived study fields,,2026-09-05T04:35:51Z,snapshot_fields,1.0
P::J3753,DPP-2023,Central,Study Not Started,,,195.55,0.0,,2026-03-01,2026-03-01,2026-03-01,P::J3753,OTHER_,Queue-derived study fields,,2026-09-05T04:35:51Z,snapshot_fields,1.0
P::J3754,DPP-2023,Central,Study Not Started,,,146.66,0.0,,2026-03-01,2026-03-01,2026-03-01,P::J3754,OTHER_,Queue-derived study fields,,2026-09-05T04:35:51Z,snapshot_fields,1.0
P::J3755,DPP-2023,Central,Study Not Started,,,146.66,0.0,,2026-03-01,2026-03-01,2026-03-01,P::J3755,OTHER_,Queue-derived study fields,,2026-09-05T04:35:51Z,snapshot_fields,1.0
P::J3756,DPP-2023,East (ATC),Study Not Started,,,4.2,0.0,,2026-03-01,2026-03-01,2026-03-01,P::J3756,HURON,Queue-derived study fields,,2026-09-05T04:35:51Z,snapshot_fields,1.0
P::J3757,DPP-2023,West,Study Not Started,,,100.0,0.0,,2026-03-01,2026-03-01,2026-03-01,P::J3757,SALEM 161KV,Queue-derived study fields,,2026-09-05T04:35:51Z,snapshot_fields,1.0
P::J3758,DPP-2023,Central,Study Not Started,,,300.0,0.0,,2026-03-01,2026-03-01,2026-03-01,P::J3758,OTHER_,Queue-derived study fields,,2026-09-05T04:35:51Z,snapshot_fields,1.0
P::J3759,DPP-2023,Central,Study Not Started,,,15.0,0.0,,2026-03-01,2026-03-01,2026-03-01,P::J3759,NEWTON SWITCHYARD,Queue-derived study fields,,2026-09-05T04:35:51Z,snapshot_fields,1.0
P::J3760,DPP-2023,South,Study Not Started,,,405.0,0.0,,2026-03-01,2026-03-01,2026-03-01,P::J3760,BAXTER WILSON SES SWYD PERRYVILLE 500 SWYD 500 0KV,Queue-derived study fields,,2026-09-05T04:35:51Z,snapshot_fields,1.0
P::J3761,DPP-2023,East (ITC),Study Not Started,,,145.8,0.0,,2026-03-01,2026-03-01,2026-03-01,P::J3761,GALLAGHER TWINING 138 0KV,Queue-derived study fields,,2026-09-05T04:35:51Z,snapshot_fields,1.0
P::J3762,DPP-2023,West,Study Not Started,,,430.0,0.0,,2026-03-01,2026-03-01,2026-03-01,P::J3762,ALEXANDRIA BISON 345 0KV,Queue-derived study fields,,2026-09-05T04:35:51Z,snapshot_fields,1.0
P::J3763,DPP-2023,East (ITC),Study Not Started,,,7.5,0.0,,2026-03-01,2026-03-01,2026-03-01,P::J3763,DBGEN GIS,Queue-derived study fields,,2026-09-05T04:35:51Z,snapshot_fields,1.0
P::J3764,DPP-2023,South,Study Not Started,,,170.0,0.0,,2026-03-01,2026-03-01,2026-03-01,P::J3764,ANDES SUBSTATION 230KV,Queue-derived study fields,,2026-09-05T04:35:51Z,snapshot_fields,1.0
P::J3765,DPP-2023,South,Study Not Started,,,8.0,0.0,,2026-03-01,2026-03-01,2026-03-01,P::J3765,ST JAMES,Queue-derived study fields,,2026-09-05T04:35:51Z,snapshot_fields,1.0
P::J3766,DPP-2023,West,Study Not Started,,,235.0,0.0,,2026-03-01,2026-03-01,2026-03-01,P::J3766,ROLLING HILLS PONY CREEK 345 0KV,Queue-derived study fields,,2026-09-05T04:35:51Z,snapshot_fields,1.0
P::J3767,DPP-2023,Central,Study Not Started,,,38.0,0.0,,2026-03-01,2026-03-01,2026-03-01,P::J3767,ECKERTY BUECHLER 69 0KV,Queue-derived study fields,,2026-09-05T04:35:51Z,snapshot_fields,1.0
P::J3768,DPP-2023,South,Study Not Started,,,250.0,0.0,,2026-03-01,2026-03-01,2026-03-01,P::J3768,ROCKY CREEK,Queue-derived study fields,,2026-09-05T04:35:51Z,snapshot_fields,1.0
P::J3769,DPP-2023,East (ITC),Study Not Started,,,250.0,0.0,,2026-03-01,2026-03-01,2026-03-01,P::J3769,MURPHY NELSON ROAD 345 0KV,Queue-derived study fields,,2026-09-05T04:35:51Z,snapshot_fields,1.0
P::J3770,DPP-2023,Central,Study Not Started,,,45.8,0.0,,2026-03-01,2026-03-01,2026-03-01,P::J3770,THE BALDWIN 345KV SUBSTATION FOUND IN THE DROP DOWN BUT PLEASE NOTE THE POI IS SAME AS J1202 THE P,Queue-derived study fields,,2026-09-05T04:35:51Z,snapshot_fields,1.0
P::J3771,DPP-2023,South,Study Not Started,,,200.0,0.0,,2026-03-01,2026-03-01,2026-03-01,P::J3771,FISHER MANY 138 0KV,Queue-derived study fields,,2026-09-05T04:35:51Z,snapshot_fields,1.0
P::J3772,DPP-2023,South,Study Not Started,,,100.0,0.0,,2026-03-01,2026-03-01,2026-03-01,P::J3772,BATESVILLE MS MARKS 115 0KV,Queue-derived study fields,,2026-09-05T04:35:51Z,snapshot_fields,1.0
P::J3773,DPP-2023,South,Study Not Started,,,265.0,0.0,,2026-03-01,2026-03-01,2026-03-01,P::J3773,MONTICELLO EAST REED SS 115 0KV,Queue-derived study fields,,2026-09-05T04:35:51Z,snapshot_fields,1.0
P::J3774,DPP-2023,South,Study Not Started,,,303.0,0.0,,2026-03-01,2026-03-01,2026-03-01,P::J3774,INDIANOLA 230 115 SUB TILLATOBA 230 0KV,Queue-derived study fields,,2026-09-05T04:35:51Z,snapshot_fields,1.0
P::J3775,DPP-2023,South,Study Not Started,,,160.0,0.0,,2026-03-01,2026-03-01,2026-03-01,P::J3775,DUMAS REED SS 115 0KV,Queue-derived study fields,,2026-09-05T04:35:51Z,snapshot_fields,1.0
P::J3776,DPP-2023,East (ITC),Study Not Started,,,150.0,0.0,,2026-03-01,2026-03-01,2026-03-01,P::J3776,TITTABAWASSEE,Queue-derived study fields,,2026-09-05T04:35:51Z,snapshot_fields,1.0
P::J3777,DPP-2023,East (ITC),Study Not Started,,,91.8,0.0,,2026-03-01,2026-03-01,2026-03-01,P::J3777,MC GULPIN RIGGSVILLE MILL CREEK 138 0KV,Queue-derived study fields,,2026-09-05T04:35:51Z,snapshot_fields,1.0
P::J3778,DPP-2023,West,Study Not Started,,,100.0,0.0,,2026-03-01,2026-03-01,2026-03-01,P::J3778,FERGUS FALLS MRES WMMPA,Queue-derived study fields,,2026-09-05T04:35:51Z,snapshot_fields,1.0
P::J3779,DPP-2023,Central,Study Not Started,,,100.0,0.0,,2026-03-01,2026-03-01,2026-03-01,P::J3779,AB BROWN 345 REID EHV BREC TERMINAL 345 0KV,Queue-derived study fields,,2026-09-05T04:35:51Z,snapshot_fields,1.0
P::J3780,DPP-2023,West,Study Not Started,,,205.0,-2.5,,2026-03-01,2026-03-01,2026-03-01,P::J3780,HAZLETON,Queue-derived study fields,,2026-09-05T04:35:51Z,snapshot_fields,1.0
P::J3781,DPP-2023,South,Study Not Started,,,150.0,0.0,,2026-03-01,2026-03-01,2026-03-01,P::J3781,HEBERT SLEMCO HENNING 138 0KV,Queue-derived study fields,,2026-09-05T04:35:51Z,snapshot_fields,1.0
P::J3782,DPP-2023,East (ITC),Study Not Started,,,180.0,0.0,,2026-03-01,2026-03-01,2026-03-01,P::J3782,18MURPHY,Queue-derived study fields,,2026-09-05T04:35:51Z,snapshot_fields,1.0
P::J3783,DPP-2023,South,Study Not Started,,,200.0,0.0,,2026-03-01,2026-03-01,2026-03-01,P::J3783,AECC WYNNE EAST PARKIN 161 0KV,Queue-derived study fields,,2026-09-05T04:35:51Z,snapshot_fields,1.0
P::J3784,DPP-2023,East (ATC),Study Not Started,,,200.0,0.0,,2026-03-01,2026-03-01,2026-03-01,P::J3784,SAUKVILLE CEDARSAUK,Queue-derived study fields,,2026-09-05T04:35:51Z,snapshot_fields,1.0
P::J3785,DPP-2023,East (ATC),Study Not Started,,,200.0,0.0,,2026-03-01,2026-03-01,2026-03-01,P::J3785,PLEASANT PRAIRIE,Queue-derived study fields,,2026-09-05T04:35:51Z,snapshot_fields,1.0
P::J3786,DPP-2023,East (ITC),Study Not Started,,,200.0,0.0,,2026-03-01,2026-03-01,2026-03-01,P::J3786,COVENTRY 230KV,Queue-derived study fields,,2026-09-05T04:35:51Z,snapshot_fields,1.0
P::J3787,DPP-2023,West,Study Not Started,,,247.0,0.0,,2026-03-01,2026-03-01,2026-03-01,P::J3787,JAMESTOWN 345KV SUBSTATION,Queue-derived study fields,,2026-09-05T04:35:51Z,snapshot_fields,1.0
P::J3788,DPP-2023,South,Study Not Started,,,100.0,0.0,,2026-03-01,2026-03-01,2026-03-01,P::J3788,AECC GRAPEVINE CARTHAGE AR 115 0KV,Queue-derived study fields,,2026-09-05T04:35:51Z,snapshot_fields,1.0
P::J3789,DPP-2023,Central,Study Not Started,,,77.0,0.0,,2026-03-01,2026-03-01,2026-03-01,P::J3789,FOUNTAINTOWN,Queue-derived study fields,,2026-09-05T04:35:51Z,snapshot_fields,1.0
P::J3790,DPP-2023,South,Study Not Started,,,120.0,0.0,,2026-03-01,2026-03-01,2026-03-01,P::J3790,MARIANNA WEST HELENA 115 0KV,Queue-derived study fields,,2026-09-05T04:35:51Z,snapshot_fields,1.0
P::J3791,DPP-2023,West,Study Not Started,,,50.0,0.0,,2026-03-01,2026-03-01,2026-03-01,P::J3791,CALEDONIA,Queue-derived study fields,,2026-09-05T04:35:51Z,snapshot_fields,1.0
P::J3792,DPP-2023,East (ITC),Study Not Started,,,125.0,0.0,,2026-03-01,2026-03-01,2026-03-01,P::J3792,ALMA VESTABURG 138 0KV,Queue-derived study fields,,2026-09-05T04:35:51Z,snapshot_fields,1.0
P::J3793,DPP-2023,South,Study Not Started,,,100.0,0.0,,2026-03-01,2026-03-01,2026-03-01,P::J3793,EAST LEESVILLE RODEMACHER 230 0KV,Queue-derived study fields,,2026-09-05T04:35:51Z,snapshot_fields,1.0
P::J3794,DPP-2023,Central,Study Not Started,,,50.0,0.0,,2026-03-01,2026-03-01,2026-03-01,P::J3794,DAVIESS COUNTY UTICA 69 0KV,Queue-derived study fields,,2026-09-05T04:35:51Z,snapshot_fields,1.0
P::J3795,DPP-2023,Central,Study Not Started,,,91.0,0.0,,2026-03-01,2026-03-01,2026-03-01,P::J3795,7FABIUS 7MAYWOOD 345 0KV,Queue-derived study fields,,2026-09-05T04:35:51Z,snapshot_fields,1.0
P::J3796,DPP-2023,South,Study Not Started,,,770.0,0.0,,2026-03-01,2026-03-01,2026-03-01,P::J3796,NELSON 230 SWYD,Queue-derived study fields,,2026-09-05T04:35:51Z,snapshot_fields,1.0
P::J3797,DPP-2023,Central,Study Not Started,,,141.23,0.0,,2026-03-01,2026-03-01,2026-03-01,P::J3797,7KANSAS 08SUGCRK 345 0KV,Queue-derived study fields,,2026-09-05T04:35:51Z,snapshot_fields,1.0
P::J3798,DPP-2023,West,Study Not Started,,,320.0,0.0,,2026-03-01,2026-03-01,2026-03-01,P::J3798,BISON COLBY 345KV,Queue-derived study fields,,2026-09-05T04:35:51Z,snapshot_fields,1.0
P::J3799,DPP-2025,East (ITC),Phase 1,,,1452.0,0.0,,2026-03-01,2026-03-01,2026-03-01,P::J3799,BLACKFOOT MADRID 345 0KV,Queue-derived study fields,,2026-09-05T04:35:51Z,snapshot_fields,1.0
P::J3800,DPP-2023,East (ATC),Study Not Started,,,1.8,0.0,,2026-03-01,2026-03-01,2026-03-01,P::J3800,SILVER RIVER,Queue-derived study fields,,2026-09-05T04:35:51Z,snapshot_fields,1.0
P::J3801,DPP-2023,West,Study Not Started,,,195.64,0.0,,2026-03-01,2026-03-01,2026-03-01,P::J3801,OAK GROVE SANDBURG AMRN 345 0KV,Queue-derived study fields,,2026-09-05T04:35:51Z,snapshot_fields,1.0
P::J3802,DPP-2023,South,Study Not Started,,,300.0,0.0,,2026-03-01,2026-03-01,2026-03-01,P::J3802,RITCHIE SWYD TARLETON 230 0KV,Queue-derived study fields,,2026-09-05T04:35:51Z,snapshot_fields,1.0
P::J3803,DPP-2023,East (ITC),Study Not Started,,,200.0,0.0,,2026-03-01,2026-03-01,2026-03-01,P::J3803,LEMOYNE MAJESTIC 345 0KV,Queue-derived study fields,,2026-09-05T04:35:51Z,snapshot_fields,1.0
P::J3804,DPP-2023,Central,Study Not Started,,,100.0,0.0,,2026-03-01,2026-03-01,2026-03-01,P::J3804,EDWARDSPORT IGCC AMO 345 0KV,Queue-derived study fields,,2026-09-05T04:35:51Z,snapshot_fields,1.0
P::J3805,DPP-2023,Central,Study Not Started,,,250.0,0.0,,2026-03-01,2026-03-01,2026-03-01,P::J3805,COFFEEN NORTH RAMSEY EAST 4557,Queue-derived study fields,,2026-09-05T04:35:51Z,snapshot_fields,1.0
P::J3806,DPP-2023,South,Study Not Started,,,100.0,0.0,,2026-03-01,2026-03-01,2026-03-01,P::J3806,STEINER CE SHAW SS CE 115 0KV,Queue-derived study fields,,2026-09-05T04:35:51Z,snapshot_fields,1.0
P::J3807,DPP-2023,West,Study Not Started,,,100.0,0.0,,2026-03-01,2026-03-01,2026-03-01,P::J3807,HAMPTON PRAIRIE ISLAND 345 0KV,Queue-derived study fields,,2026-09-05T04:35:51Z,snapshot_fields,1.0
P::J3808,DPP-2023,West,Study Not Started,,,300.0,0.0,,2026-03-01,2026-03-01,2026-03-01,P::J3808,IRVINGTON WEBSTER 345 0KV,Queue-derived study fields,,2026-09-05T04:35:51Z,snapshot_fields,1.0
P::J3809,DPP-2023,Central,Study Not Started,,,199.99,0.0,,2026-03-01,2026-03-01,2026-03-01,P::J3809,WINNEBAGO,Queue-derived study fields,,2026-09-05T04:35:51Z,snapshot_fields,1.0
P::J3810,DPP-2023,Central,Study Not Started,,,300.0,0.0,,2026-03-01,2026-03-01,2026-03-01,P::J3810,EDWARDSPORT IGCC AMO 345 0KV,Queue-derived study fields,,2026-09-05T04:35:51Z,snapshot_fields,1.0
P::J3811,DPP-2023,Central,Study Not Started,,,200.0,0.0,,2026-03-01,2026-03-01,2026-03-01,P::J3811,4KINMUNDY S 4TANNER 138 0KV,Queue-derived study fields,,2026-09-05T04:35:51Z,snapshot_fields,1.0
P::J3812,DPP-2023,South,Study Not Started,,,158.59,0.0,,2026-03-01,2026-03-01,2026-03-01,P::J3812,BALD KNOB T E T C P S 6 SS AECC COFFEEVILLE 161 0KV,Queue-derived study fields,,2026-09-05T04:35:51Z,snapshot_fields,1.0
P::J3813,DPP-2023,Central,Study Not Started,,,100.0,0.0,,2026-03-01,2026-03-01,2026-03-01,P::J3813,EDWARDSPORT IGCC AMO 345 0KV,Queue-derived study fields,,2026-09-05T04:35:51Z,snapshot_fields,1.0
P::J3814,DPP-2023,South,Study Not Started,,,135.0,0.0,,2026-03-01,2026-03-01,2026-03-01,P::J3814,FORREST CITY N SS WYNNE SOUTH 161 0KV,Queue-derived study fields,,2026-09-05T04:35:51Z,snapshot_fields,1.0
P::J3815,DPP-2023,South,Study Not Started,,,153.1,0.0,,2026-03-01,2026-03-01,2026-03-01,P::J3815,WATERFORD 3 SWYD,Queue-derived study fields,,2026-09-05T04:35:51Z,snapshot_fields,1.0
P::J3816,DPP-2023,East (ITC),Study Not Started,,,100.0,0.0,,2026-03-01,2026-03-01,2026-03-01,P::J3816,BULLOCK SAGINAW RIVER 138 0KV,Queue-derived study fields,,2026-09-05T04:35:51Z,snapshot_fields,1.0
P::J3817,DPP-2023,East (ITC),Study Not Started,,,175.0,0.0,,2026-03-01,2026-03-01,2026-03-01,P::J3817,OTHER_,Queue-derived study fields,,2026-09-05T04:35:51Z,snapshot_fields,1.0
P::J3818,DPP-2023,Central,Study Not Started,,,40.0,0.0,,2026-03-01,2026-03-01,2026-03-01,P::J3818,4PANA 1 4SHELBYVL E 138 0KV,Queue-derived study fields,,2026-09-05T04:35:51Z,snapshot_fields,1.0
P::J3819,DPP-2023,South,Study Not Started,,,36.1,0.0,,2026-03-01,2026-03-01,2026-03-01,P::J3819,CATLETT TINNIN ROAD 230 0KV,Queue-derived study fields,,2026-09-05T04:35:51Z,snapshot_fields,1.0
P::J3820,DPP-2023,Central,Study Not Started,,,127.0,0.0,,2026-03-01,2026-03-01,2026-03-01,P::J3820,LRTP LINE,Queue-derived study fields,,2026-09-05T04:35:51Z,snapshot_fields,1.0
P::J3821,DPP-2023,South,Study Not Started,,,175.0,0.0,,2026-03-01,2026-03-01,2026-03-01,P::J3821,RIVTRIN,Queue-derived study fields,,2026-09-05T04:35:51Z,snapshot_fields,1.0
P::J3822,DPP-2023,South,Study Not Started,,,139.58,0.0,,2026-03-01,2026-03-01,2026-03-01,P::J3822,DEVIN LIVONIA 138 0KV,Queue-derived study fields,,2026-09-05T04:35:51Z,snapshot_fields,1.0
P::J3823,DPP-2023,West,Study Not Started,,,300.0,0.0,,2026-03-01,2026-03-01,2026-03-01,P::J3823,CRANDALL FIELDON 345 0KV,Queue-derived study fields,,2026-09-05T04:35:51Z,snapshot_fields,1.0
P::J3824,DPP-2023,West,Study Not Started,,,250.0,0.0,,2026-03-01,2026-03-01,2026-03-01,P::J3824,TWIN BROOKS 345KV SUBSTATION,Queue-derived study fields,,2026-09-05T04:35:51Z,snapshot_fields,1.0
P::J3825,DPP-2023,South,Study Not Started,,,770.0,0.0,,2026-03-01,2026-03-01,2026-03-01,P::J3825,230KV GREENACRES SUBSTATION,Queue-derived study fields,,2026-09-05T04:35:51Z,snapshot_fields,1.0
P::J3826,DPP-2023,South,Study Not Started,,,198.0,0.0,,2026-03-01,2026-03-01,2026-03-01,P::J3826,3PICKENS,Queue-derived study fields,,2026-09-05T04:35:51Z,snapshot_fields,1.0
P::J3827,DPP-2025,East (ATC),Phase 1,,,160.0,0.0,,2026-03-01,2026-03-01,2026-03-01,P::J3827,INDIAN LAKE HIAWATHA 138 0KV,Queue-derived study fields,,2026-09-05T04:35:51Z,snapshot_fields,1.0
P::J3828,DPP-2025,East (ITC),Phase 1,,,100.0,0.0,,2026-03-01,2026-03-01,2026-03-01,P::J3828,OTHER_,Queue-derived study fields,,2026-09-05T04:35:51Z,snapshot_fields,1.0
P::J3829,DPP-2023,South,Study Not Started,,,770.0,0.0,,2026-03-01,2026-03-01,2026-03-01,P::J3829,ETTA,Queue-derived study fields,,2026-09-05T04:35:51Z,snapshot_fields,1.0
P::J3830,DPP-2023,Central,Study Not Started,,,225.0,0.0,,2026-03-01,2026-03-01,2026-03-01,P::J3830,OTHER_,Queue-derived study fields,,2026-09-05T04:35:51Z,snapshot_fields,1.0
P::J3831,DPP-2025,Central,Phase 1,,,240.0,0.0,,2026-03-01,2026-03-01,2026-03-01,P::J3831,NOBLESVILLE DUKE FALL CREEK AEP PJM 345 0KV,Queue-derived study fields,,2026-09-05T04:35:51Z,snapshot_fields,1.0
P::J3832,DPP-2025,East (ITC),Phase 1,,,200.0,0.0,,2026-03-01,2026-03-01,2026-03-01,P::J3832,LENOX 120KV SUBSTATION BUS 264749,Queue-derived study fields,,2026-09-05T04:35:51Z,snapshot_fields,1.0
P::J3833,DPP-2025,West,Phase 1,,,200.0,0.0,,2026-03-01,2026-03-01,2026-03-01,P::J3833,BUFFALO 115KV,Queue-derived study fields,,2026-09-05T04:35:51Z,snapshot_fields,1.0
P::J3834,DPP-2025,Central,Phase 1,,,300.0,0.0,,2026-03-01,2026-03-01,2026-03-01,P::J3834,GIBSON STA FRANCISCO 345 0KV,Queue-derived study fields,,2026-09-05T04:35:51Z,snapshot_fields,1.0
P::J3835,DPP-2025,East (ITC),Phase 1,,,130.0,0.0,,2026-03-01,2026-03-01,2026-03-01,P::J3835,OTHER_,Queue-derived study fields,,2026-09-05T04:35:51Z,snapshot_fields,1.0
P::J3836,DPP-2025,East (ITC),Phase 1,,,250.0,0.0,,2026-03-01,2026-03-01,2026-03-01,P::J3836,ONEIDA,Queue-derived study fields,,2026-09-05T04:35:51Z,snapshot_fields,1.0
P::J3837,DPP-2025,East (ITC),Phase 1,,,200.0,0.0,,2026-03-01,2026-03-01,2026-03-01,P::J3837,ARGENTA PALISADES 345 0KV,Queue-derived study fields,,2026-09-05T04:35:51Z,snapshot_fields,1.0
P::J3838,DPP-2025,East (ITC),Phase 1,,,225.0,0.0,,2026-03-01,2026-03-01,2026-03-01,P::J3838,DELHI TOMPKINS 138 0KV,Queue-derived study fields,,2026-09-05T04:35:51Z,snapshot_fields,1.0
P::J3839,DPP-2025,South,Phase 1,,,50.0,0.0,,2026-03-01,2026-03-01,2026-03-01,P::J3839,MARION SS LAGEN HUTTIG SS 115 0KV,Queue-derived study fields,,2026-09-05T04:35:51Z,snapshot_fields,1.0
P::J3840,DPP-2025,South,Phase 1,,,300.0,0.0,,2026-03-01,2026-03-01,2026-03-01,P::J3840,WELLS,Queue-derived study fields,,2026-09-05T04:35:51Z,snapshot_fields,1.0
P::J3841,DPP-2025,South,Phase 1,,,770.0,0.0,,2026-03-01,2026-03-01,2026-03-01,P::J3841,SMALLING 230KV SUBSTATION,Queue-derived study fields,,2026-09-05T04:35:51Z,snapshot_fields,1.0
P::J3842,DPP-2025,South,Phase 1,,,770.0,0.0,,2026-03-01,2026-03-01,2026-03-01,P::J3842,SMALLING 230KV SUBSTATION,Queue-derived study fields,,2026-09-05T04:35:51Z,snapshot_fields,1.0
P::J3843,DPP-2025,East (ITC),Phase 1,,,300.0,0.0,,2026-03-01,2026-03-01,2026-03-01,P::J3843,GOSS SLATE 345 0KV,Queue-derived study fields,,2026-09-05T04:35:51Z,snapshot_fields,1.0
P::J3844,DPP-2025,East (ITC),Phase 1,,,150.0,0.0,,2026-03-01,2026-03-01,2026-03-01,P::J3844,BATAVIA MORROW 138 0KV,Queue-derived study fields,,2026-09-05T04:35:51Z,snapshot_fields,1.0
P::J3845,DPP-2025,East (ITC),Phase 1,,,250.0,0.0,,2026-03-01,2026-03-01,2026-03-01,P::J3845,BROWNSTOWN ENRICO FERMI 3 345 0KV,Queue-derived study fields,,2026-09-05T04:35:51Z,snapshot_fields,1.0
P::J3846,DPP-2025,Central,Phase 1,,,220.0,20.0,,2026-03-01,2026-03-01,2026-03-01,P::J3846,OTHER_,Queue-derived study fields,,2026-09-05T04:35:51Z,snapshot_fields,1.0
P::J3847,DPP-2025,Central,Phase 1,,,200.0,0.0,,2026-03-01,2026-03-01,2026-03-01,P::J3847,WALTON SHELL SUBSTATION 138KV,Queue-derived study fields,,2026-09-05T04:35:51Z,snapshot_fields,1.0
P::J3848,DPP-2025,West,Phase 1,,,250.0,0.0,,2026-03-01,2026-03-01,2026-03-01,P::J3848,WABACO,Queue-derived study fields,,2026-09-05T04:35:51Z,snapshot_fields,1.0
P::J3849,DPP-2025,West,Phase 1,,,200.0,0.0,,2026-03-01,2026-03-01,2026-03-01,P::J3849,BISON COLBY 345KV,Queue-derived study fields,,2026-09-05T04:35:51Z,snapshot_fields,1.0
P::J3850,DPP-2025,West,Phase 1,,,150.0,0.0,,2026-03-01,2026-03-01,2026-03-01,P::J3850,ROCK CREEK,Queue-derived study fields,,2026-09-05T04:35:51Z,snapshot_fields,1.0
P::J3851,DPP-2025,Central,Phase 1,,,200.0,0.0,,2026-03-01,2026-03-01,2026-03-01,P::J3851,MACOMB WEST,Queue-derived study fields,,2026-09-05T04:35:51Z,snapshot_fields,1.0
P::J3852,DPP-2025,East (ITC),Phase 1,,,200.0,0.0,,2026-03-01,2026-03-01,2026-03-01,P::J3852,KIRK,Queue-derived study fields,,2026-09-05T04:35:51Z,snapshot_fields,1.0
P::J3853,DPP-2025,Central,Phase 1,,,300.0,0.0,,2026-03-01,2026-03-01,2026-03-01,P::J3853,OTHER_,Queue-derived study fields,,2026-09-05T04:35:51Z,snapshot_fields,1.0
P::J3854,DPP-2025,Central,Phase 1,,,44.33,0.0,,2026-03-01,2026-03-01,2026-03-01,P::J3854,4PURO 4HAVANA3 138 0KV,Queue-derived study fields,,2026-09-05T04:35:51Z,snapshot_fields,1.0
P::J3855,DPP-2025,South,Phase 1,,,197.5,0.0,,2026-03-01,2026-03-01,2026-03-01,P::J3855,CANTON PICKENS 230 0KV,Queue-derived study fields,,2026-09-05T04:35:51Z,snapshot_fields,1.0
P::J3856,DPP-2025,Central,Phase 1,,,235.0,0.0,,2026-03-01,2026-03-01,2026-03-01,P::J3856,08GIBSON PSI 7ALBION 345 0KV,Queue-derived study fields,,2026-09-05T04:35:51Z,snapshot_fields,1.0
P::J3857,DPP-2025,East (ITC),Phase 1,,,105.0,0.0,,2026-03-01,2026-03-01,2026-03-01,P::J3857,ALCONA WHITTEMORE 138 0KV,Queue-derived study fields,,2026-09-05T04:35:51Z,snapshot_fields,1.0
P::J3858,DPP-2025,East (ITC),Phase 1,,,110.0,0.0,,2026-03-01,2026-03-01,2026-03-01,P::J3858,MADRID SUBSTATION 120KV BUS NUMBER 265650,Queue-derived study fields,,2026-09-05T04:35:51Z,snapshot_fields,1.0
P::J3859,DPP-2025,East (ITC),Phase 1,,,200.0,0.0,,2026-03-01,2026-03-01,2026-03-01,P::J3859,OTHER_,Queue-derived study fields,,2026-09-05T04:35:51Z,snapshot_fields,1.0
P::J3860,DPP-2025,Central,Phase 1,,,500.0,0.0,,2026-03-01,2026-03-01,2026-03-01,P::J3860,7FARGO 7SANDBURG 345 0KV,Queue-derived study fields,,2026-09-05T04:35:51Z,snapshot_fields,1.0
P::J3861,DPP-2025,East (ITC),Phase 1,,,100.0,0.0,,2026-03-01,2026-03-01,2026-03-01,P::J3861,WAGNER,Queue-derived study fields,,2026-09-05T04:35:51Z,snapshot_fields,1.0
P::J3862,DPP-2025,West,Phase 1,,,250.0,0.0,,2026-03-01,2026-03-01,2026-03-01,P::J3862,ASTORIA DEUEL COUNTY 345 0KV,Queue-derived study fields,,2026-09-05T04:35:51Z,snapshot_fields,1.0
P::J3863,DPP-2025,West,Phase 1,,,200.0,0.0,,2026-03-01,2026-03-01,2026-03-01,P::J3863,BOSWELL 230 BLACKBERRY 230KV,Queue-derived study fields,,2026-09-05T04:35:51Z,snapshot_fields,1.0
P::J3864,DPP-2025,East (ITC),Phase 1,,,230.0,0.0,,2026-03-01,2026-03-01,2026-03-01,P::J3864,GOSS THETFORD 345 0KV,Queue-derived study fields,,2026-09-05T04:35:51Z,snapshot_fields,1.0
P::J3865,DPP-2025,East (ITC),Phase 1,,,250.0,0.0,,2026-03-01,2026-03-01,2026-03-01,P::J3865,CORNELL LAYTON 138 0KV,Queue-derived study fields,,2026-09-05T04:35:51Z,snapshot_fields,1.0
P::J3866,DPP-2025,East (ITC),Phase 1,,,300.0,0.0,,2026-03-01,2026-03-01,2026-03-01,P::J3866,BENNET GREENWOOD 120 0KV,Queue-derived study fields,,2026-09-05T04:35:51Z,snapshot_fields,1.0
P::J3867,DPP-2025,Central,Phase 1,,,200.0,0.0,,2026-03-01,2026-03-01,2026-03-01,P::J3867,WATSEKA,Queue-derived study fields,,2026-09-05T04:35:51Z,snapshot_fields,1.0
P::J3868,DPP-2025,South,Phase 1,,,100.0,0.0,,2026-03-01,2026-03-01,2026-03-01,P::J3868,CAVE CITY,Queue-derived study fields,,2026-09-05T04:35:51Z,snapshot_fields,1.0
P::J3869,DPP-2025,Central,Phase 1,,,150.0,0.0,,2026-03-01,2026-03-01,2026-03-01,P::J3869,5PIKE 1 5CALUMET 161 0KV,Queue-derived study fields,,2026-09-05T04:35:51Z,snapshot_fields,1.0
P::J3870,DPP-2025,Central,Phase 1,,,87.0,0.0,,2026-03-01,2026-03-01,2026-03-01,P::J3870,SUGAR CREEK,Queue-derived study fields,,2026-09-05T04:35:51Z,snapshot_fields,1.0
P::J3871,DPP-2025,South,Phase 1,,,770.0,0.0,,2026-03-01,2026-03-01,2026-03-01,P::J3871,WATERFORD 500 SS,Queue-derived study fields,,2026-09-05T04:35:51Z,snapshot_fields,1.0
P::J3872,DPP-2025,East (ITC),Phase 1,,,350.0,0.0,,2026-03-01,2026-03-01,2026-03-01,P::J3872,RIVER ROUGE,Queue-derived study fields,,2026-09-05T04:35:51Z,snapshot_fields,1.0
P::J3873,DPP-2025,Central,Phase 1,,,200.0,0.0,,2026-03-01,2026-03-01,2026-03-01,P::J3873,OWENSVILLE PRIMARY,Queue-derived study fields,,2026-09-05T04:35:51Z,snapshot_fields,1.0
P::J3874,DPP-2025,South,Phase 1,,,770.0,0.0,,2026-03-01,2026-03-01,2026-03-01,P::J3874,WHITE BLUFF EHV,Queue-derived study fields,,2026-09-05T04:35:51Z,snapshot_fields,1.0
P::J3875,DPP-2025,East (ITC),Phase 1,,,50.0,0.0,,2026-03-01,2026-03-01,2026-03-01,P::J3875,OTHER_,Queue-derived study fields,,2026-09-05T04:35:51Z,snapshot_fields,1.0
P::J3876,DPP-2025,East (ITC),Phase 1,,,150.0,0.0,,2026-03-01,2026-03-01,2026-03-01,P::J3876,OTHER_,Queue-derived study fields,,2026-09-05T04:35:51Z,snapshot_fields,1.0
P::J3877,DPP-2025,Central,Phase 1,,,160.0,0.0,,2026-03-01,2026-03-01,2026-03-01,P::J3877,OTHER_,Queue-derived study fields,,2026-09-05T04:35:51Z,snapshot_fields,1.0
P::J3878,DPP-2025,Central,Phase 1,,,300.0,0.0,,2026-03-01,2026-03-01,2026-03-01,P::J3878,7PR STATE 7MTVERNW 345 0KV,Queue-derived study fields,,2026-09-05T04:35:51Z,snapshot_fields,1.0
P::J3879,DPP-2025,Central,Phase 1,,,200.0,0.0,,2026-03-01,2026-03-01,2026-03-01,P::J3879,CAYUGA HILLSDALE NORTH 230 0KV,Queue-derived study fields,,2026-09-05T04:35:51Z,snapshot_fields,1.0
P::J3880,DPP-2025,Central,Phase 1,,,200.0,0.0,,2026-03-01,2026-03-01,2026-03-01,P::J3880,7NEWTON 7TANNER 345 0KV,Queue-derived study fields,,2026-09-05T04:35:51Z,snapshot_fields,1.0
P::J3881,DPP-2025,Central,Phase 1,,,200.0,0.0,,2026-03-01,2026-03-01,2026-03-01,P::J3881,7NEWTON 7TANNER 345 0KV,Queue-derived study fields,,2026-09-05T04:35:51Z,snapshot_fields,1.0
P::J3882,DPP-2025,Central,Phase 1,,,250.0,0.0,,2026-03-01,2026-03-01,2026-03-01,P::J3882,4HUTSONVL 4HEATH 138 0KV,Queue-derived study fields,,2026-09-05T04:35:51Z,snapshot_fields,1.0
P::J3883,DPP-2025,Central,Phase 1,,,250.0,0.0,,2026-03-01,2026-03-01,2026-03-01,P::J3883,4HUTSONVL 4HEATH 138 0KV,Queue-derived study fields,,2026-09-05T04:35:51Z,snapshot_fields,1.0
P::J3884,DPP-2025,West,Phase 1,,,300.0,0.0,,2026-03-01,2026-03-01,2026-03-01,P::J3884,BENTON COUNTY 345 START DBL CKT W EW LINE 345 0KV,Queue-derived study fields,,2026-09-05T04:35:51Z,snapshot_fields,1.0
P::J3885,DPP-2025,South,Phase 1,,,200.0,0.0,,2026-03-01,2026-03-01,2026-03-01,P::J3885,STERLINGTON 115 SWYD AECC MERIDIAN 115 0KV,Queue-derived study fields,,2026-09-05T04:35:51Z,snapshot_fields,1.0
P::J3886,DPP-2025,West,Phase 1,,,300.0,0.0,,2026-03-01,2026-03-01,2026-03-01,P::J3886,BIG STONE SOUTH ALEXANDRIA 345KV,Queue-derived study fields,,2026-09-05T04:35:51Z,snapshot_fields,1.0
P::J3887,DPP-2025,East (ITC),Phase 1,,,300.0,0.0,,2026-03-01,2026-03-01,2026-03-01,P::J3887,KENOWA NELSON ROAD 345 0KV,Queue-derived study fields,,2026-09-05T04:35:51Z,snapshot_fields,1.0
P::J3888,DPP-2025,South,Phase 1,,,150.0,0.0,,2026-03-01,2026-03-01,2026-03-01,P::J3888,EL DORADO EHV SAREPTA 345 115 SS 345 0KV,Queue-derived study fields,,2026-09-05T04:35:51Z,snapshot_fields,1.0
P::J3889,DPP-2025,South,Phase 1,,,350.0,0.0,,2026-03-01,2026-03-01,2026-03-01,P::J3889,EL DORADO EHV SAREPTA 345 115 SS 345 0KV,Queue-derived study fields,,2026-09-05T04:35:51Z,snapshot_fields,1.0
P::J3891,DPP-2025,South,Phase 1,,,200.0,0.0,,2026-03-01,2026-03-01,2026-03-01,P::J3891,ATKINS,Queue-derived study fields,,2026-09-05T04:35:51Z,snapshot_fields,1.0
P::J3892,DPP-2025,Central,Phase 1,,,50.0,0.0,,2026-03-01,2026-03-01,2026-03-01,P::J3892,343506 EASTDALE,Queue-derived study fields,,2026-09-05T04:35:51Z,snapshot_fields,1.0
P::J3893,DPP-2025,South,Phase 1,,,214.0,0.0,,2026-03-01,2026-03-01,2026-03-01,P::J3893,AECC AUBREY RITCHIE SWYD 230 0KV,Queue-derived study fields,,2026-09-05T04:35:51Z,snapshot_fields,1.0
P::J3894,DPP-2025,West,Phase 1,,,250.0,0.0,,2026-03-01,2026-03-01,2026-03-01,P::J3894,LYON COUNTY BROOKINGS COUNTY 345 0KV,Queue-derived study fields,,2026-09-05T04:35:51Z,snapshot_fields,1.0
P::J3895,DPP-2025,East (ITC),Phase 1,,,199.72,0.0,,2026-03-01,2026-03-01,2026-03-01,P::J3895,KENOWA LUDINGTON 345 0KV,Queue-derived study fields,,2026-09-05T04:35:51Z,snapshot_fields,1.0
P::J3896,DPP-2025,Central,Phase 1,,,70.0,0.0,,2026-03-01,2026-03-01,2026-03-01,P::J3896,GIBSON STA BEDFORD 345 345 0KV,Queue-derived study fields,,2026-09-05T04:35:51Z,snapshot_fields,1.0
P::J3897,DPP-2025,Central,Phase 1,,,60.0,0.0,,2026-03-01,2026-03-01,2026-03-01,P::J3897,GIBSON STA BEDFORD 345 345 0KV,Queue-derived study fields,,2026-09-05T04:35:51Z,snapshot_fields,1.0
P::J3898,DPP-2025,West,Phase 1,,,155.0,0.0,,2026-03-01,2026-03-01,2026-03-01,P::J3898,MITCHELL COUNTY ITCM HAZLETON ITCM 345 0KV,Queue-derived study fields,,2026-09-05T04:35:51Z,snapshot_fields,1.0
P::J3899,DPP-2025,Central,Phase 1,,,100.0,0.0,,2026-03-01,2026-03-01,2026-03-01,P::J3899,OTHER_,Queue-derived study fields,,2026-09-05T04:35:51Z,snapshot_fields,1.0
P::J3900,DPP-2025,South,Phase 1,,,163.0,0.0,,2026-03-01,2026-03-01,2026-03-01,P::J3900,INDIANOLA 230 115 SUB TILLATOBA 230 0KV,Queue-derived study fields,,2026-09-05T04:35:51Z,snapshot_fields,1.0
P::J3901,DPP-2025,Central,Phase 1,,,300.0,0.0,,2026-03-01,2026-03-01,2026-03-01,P::J3901,4MATOONW S 4NEOGA 3 138 0KV,Queue-derived study fields,,2026-09-05T04:35:51Z,snapshot_fields,1.0
P::J3902,DPP-2025,South,Phase 1,,,288.5,0.0,,2026-03-01,2026-03-01,2026-03-01,P::J3902,STOWELL,Queue-derived study fields,,2026-09-05T04:35:51Z,snapshot_fields,1.0
P::J3903,DPP-2025,West,Phase 1,,,185.0,0.0,,2026-03-01,2026-03-01,2026-03-01,P::J3903,NORTH AUSTIN ADAMS ITC 161 0KV,Queue-derived study fields,,2026-09-05T04:35:51Z,snapshot_fields,1.0
P::J3904,DPP-2025,Central,Phase 1,,,175.0,0.0,,2026-03-01,2026-03-01,2026-03-01,P::J3904,OTHER_,Queue-derived study fields,,2026-09-05T04:35:51Z,snapshot_fields,1.0
P::J3905,DPP-2025,Central,Phase 1,,,175.0,0.0,,2026-03-01,2026-03-01,2026-03-01,P::J3905,OTHER_,Queue-derived study fields,,2026-09-05T04:35:51Z,snapshot_fields,1.0
P::J3906,DPP-2025,Central,Phase 1,,,140.0,0.0,,2026-03-01,2026-03-01,2026-03-01,P::J3906,5STODDARD 5MORLEY AECI 161 0KV,Queue-derived study fields,,2026-09-05T04:35:51Z,snapshot_fields,1.0
P::J3907,DPP-2025,Central,Phase 1,,,200.0,0.0,,2026-03-01,2026-03-01,2026-03-01,P::J3907,4BUREAU 4EKEWANEE N 138 0KV,Queue-derived study fields,,2026-09-05T04:35:51Z,snapshot_fields,1.0
P::J3908,DPP-2026,East (ITC),,,,196.0,0.0,,2026-03-01,2026-03-01,2026-03-01,P::J3908,BATAVIA MORROW 138 0KV,Queue-derived study fields,,2026-09-05T04:35:51Z,snapshot_fields,1.0
P::J3909,DPP-2025,East (ITC),Phase 1,,,175.0,0.0,,2026-03-01,2026-03-01,2026-03-01,P::J3909,ALMA VESTABURG 138 0KV,Queue-derived study fields,,2026-09-05T04:35:51Z,snapshot_fields,1.0
P::J3910,DPP-2025,Central,Phase 1,,,300.0,0.0,,2026-03-01,2026-03-01,2026-03-01,P::J3910,OTHER_,Queue-derived study fields,,2026-09-05T04:35:51Z,snapshot_fields,1.0
P::J3911,DPP-2025,West,Phase 1,,,250.0,0.0,,2026-03-01,2026-03-01,2026-03-01,P::J3911,SUB 93 LOUISA SUB T HASKINS 345 0KV,Queue-derived study fields,,2026-09-05T04:35:51Z,snapshot_fields,1.0
P::J3912,DPP-2025,West,Phase 1,,,150.0,0.0,,2026-03-01,2026-03-01,2026-03-01,P::J3912,RED CEDAR WHEATON 56 161 0KV,Queue-derived study fields,,2026-09-05T04:35:51Z,snapshot_fields,1.0
P::J3913,DPP-2025,South,Phase 1,,,140.0,0.0,,2026-03-01,2026-03-01,2026-03-01,P::J3913,GLOSTER LIBERTY 115 0KV,Queue-derived study fields,,2026-09-05T04:35:51Z,snapshot_fields,1.0
P::J3914,DPP-2025,South,Phase 1,,,85.0,0.0,,2026-03-01,2026-03-01,2026-03-01,P::J3914,COMPTON CO,Queue-derived study fields,,2026-09-05T04:35:51Z,snapshot_fields,1.0
P::J3915,DPP-2025,South,Phase 1,,,125.0,0.0,,2026-03-01,2026-03-01,2026-03-01,P::J3915,PURVIS BULK 161 HINTONVILLE 161 161 0KV,Queue-derived study fields,,2026-09-05T04:35:51Z,snapshot_fields,1.0
P::J3916,DPP-2025,Central,Phase 1,,,100.0,0.0,,2026-03-01,2026-03-01,2026-03-01,P::J3916,4HARCO 4MUDDY 138 0KV,Queue-derived study fields,,2026-09-05T04:35:51Z,snapshot_fields,1.0
P::J3917,DPP-2025,South,Phase 1,,,100.0,0.0,,2026-03-01,2026-03-01,2026-03-01,P::J3917,SPRINGHILL TAYLOR 115 0KV,Queue-derived study fields,,2026-09-05T04:35:51Z,snapshot_fields,1.0
P::J3918,DPP-2025,Central,Phase 1,,,138.38,0.0,,2026-03-01,2026-03-01,2026-03-01,P::J3918,4RANTOUL 4RISING 138 0KV,Queue-derived study fields,,2026-09-05T04:35:51Z,snapshot_fields,1.0
P::J3919,DPP-2025,Central,Phase 1,,,200.0,0.0,,2026-03-01,2026-03-01,2026-03-01,P::J3919,OTHER_,Queue-derived study fields,,2026-09-05T04:35:51Z,snapshot_fields,1.0
P::J3920,DPP-2025,West,Phase 1,,,300.0,0.0,,2026-03-01,2026-03-01,2026-03-01,P::J3920,OTHER_,Queue-derived study fields,,2026-09-05T04:35:51Z,snapshot_fields,1.0
P::J3921,DPP-2025,West,Phase 1,,,150.0,0.0,,2026-03-01,2026-03-01,2026-03-01,P::J3921,BONDURANT MONTEZUMA 345 0KV,Queue-derived study fields,,2026-09-05T04:35:51Z,snapshot_fields,1.0
P::J3922,DPP-2025,East (ITC),Phase 1,,,1445.0,0.0,,2026-03-01,2026-03-01,2026-03-01,P::J3922,HIPLE,Queue-derived study fields,,2026-09-05T04:35:51Z,snapshot_fields,1.0
P::J3923,DPP-2025,East (ITC),Phase 1,,,1414.0,0.0,,2026-03-01,2026-03-01,2026-03-01,P::J3923,MAJESTIC MILAN 345KV LINE,Queue-derived study fields,,2026-09-05T04:35:51Z,snapshot_fields,1.0
P::J3924,DPP-2026,East (ITC),,,,80.0,0.0,,2026-03-01,2026-03-01,2026-03-01,P::J3924,COLDWATER MOORE ROAD 138 0KV,Queue-derived study fields,,2026-09-05T04:35:51Z,snapshot_fields,1.0
P::J3925,DPP-2025,Central,Phase 1,,,70.0,0.0,,2026-03-01,2026-03-01,2026-03-01,P::J3925,GIBSON STA BEDFORD 345 345 0KV,Queue-derived study fields,,2026-09-05T04:35:51Z,snapshot_fields,1.0
P::J3926,DPP-2025,West,Phase 1,,,170.0,0.0,,2026-03-01,2026-03-01,2026-03-01,P::J3926,GRIMES LEHIGH 345KV,Queue-derived study fields,,2026-09-05T04:35:51Z,snapshot_fields,1.0
P::J3927,DPP-2025,East (ATC),Phase 1,,,150.0,0.0,,2026-03-01,2026-03-01,2026-03-01,P::J3927,SHEBOYGAN FALLS STATION 138KV,Queue-derived study fields,,2026-09-05T04:35:51Z,snapshot_fields,1.0
P::J3928,DPP-2025,East (ITC),Phase 1,,,200.0,0.0,,2026-03-01,2026-03-01,2026-03-01,P::J3928,TITTABAWASSEE 345KV GALLEGHER 345KV,Queue-derived study fields,,2026-09-05T04:35:51Z,snapshot_fields,1.0
P::J3929,DPP-2025,Central,Phase 1,,,250.0,0.0,,2026-03-01,2026-03-01,2026-03-01,P::J3929,SPENCER CREEK,Queue-derived study fields,,2026-09-05T04:35:51Z,snapshot_fields,1.0
P::J3930,DPP-2025,South,Phase 1,,,120.0,0.0,,2026-03-01,2026-03-01,2026-03-01,P::J3930,MORBIHAN,Queue-derived study fields,,2026-09-05T04:35:51Z,snapshot_fields,1.0
P::J3931,DPP-2025,Central,Phase 1,,,500.0,0.0,,2026-03-01,2026-03-01,2026-03-01,P::J3931,OTHER_,Queue-derived study fields,,2026-09-05T04:35:51Z,snapshot_fields,1.0
P::J3932,DPP-2025,West,Phase 1,,,646.0,0.0,,2026-03-01,2026-03-01,2026-03-01,P::J3932,DUANE ARNOLD 161KV,Queue-derived study fields,,2026-09-05T04:35:51Z,snapshot_fields,1.0
P::J3933,DPP-2025,West,Phase 1,,,200.0,0.0,,2026-03-01,2026-03-01,2026-03-01,P::J3933,KILLDEER QUINN 345KV,Queue-derived study fields,,2026-09-05T04:35:51Z,snapshot_fields,1.0
P::J3934,DPP-2025,West,Phase 1,,,250.0,0.0,,2026-03-01,2026-03-01,2026-03-01,P::J3934,BLUE LAKE MCLEOD GRE 230 0KV,Queue-derived study fields,,2026-09-05T04:35:51Z,snapshot_fields,1.0
P::J3935,DPP-2025,East (ITC),Phase 1,,,975.4,23.069642716302553,,2026-03-01,2026-03-01,2026-03-01,P::J3935,THETFORD,Queue-derived study fields,,2026-09-05T04:35:51Z,snapshot_fields,1.0
P::J3936,DPP-2025,East (ATC),Phase 1,,,133.0,-0.5291005291005205,,2026-03-01,2026-03-01,2026-03-01,P::J3936,PARIS 345KV SUBSTATION,Queue-derived study fields,,2026-09-05T04:35:51Z,snapshot_fields,1.0
P::J3937,DPP-2025,South,Phase 1,,,500.0,0.0,,2026-03-01,2026-03-01,2026-03-01,P::J3937,SHERIDAN EHV EL DORADO EHV 500 0KV,Queue-derived study fields,,2026-09-05T04:35:51Z,snapshot_fields,1.0
P::J3938,DPP-2025,Central,Phase 1,,,123.0,0.0,,2026-03-01,2026-03-01,2026-03-01,P::J3938,BURR OAK EAST WINAMAC 138 0KV,Queue-derived study fields,,2026-09-05T04:35:51Z,snapshot_fields,1.0
P::J3939,DPP-2025,South,Phase 1,,,386.0,0.0,,2026-03-01,2026-03-01,2026-03-01,P::J3939,COLE TO PENTON 230 0KV,Queue-derived study fields,,2026-09-05T04:35:51Z,snapshot_fields,1.0
P::J3940,DPP-2025,East (ITC),Phase 1,,,214.0,0.0,,2026-03-01,2026-03-01,2026-03-01,P::J3940,SALT RIVER WARREN 138 0KV,Queue-derived study fields,,2026-09-05T04:35:51Z,snapshot_fields,1.0
P::J3941,DPP-2025,West,Phase 1,,,1144.0,0.0,,2026-03-01,2026-03-01,2026-03-01,P::J3941,ASTORIA 345KV SUBSTATION,Queue-derived study fields,,2026-09-05T04:35:51Z,snapshot_fields,1.0
P::J3942,DPP-2025,Central,Phase 1,,,365.0,0.0,,2026-03-01,2026-03-01,2026-03-01,P::J3942,SANDFORD,Queue-derived study fields,,2026-09-05T04:35:51Z,snapshot_fields,1.0
P::J3943,DPP-2025,Central,Phase 1,,,337.0,0.0,,2026-03-01,2026-03-01,2026-03-01,P::J3943,SANDFORD,Queue-derived study fields,,2026-09-05T04:35:51Z,snapshot_fields,1.0
P::J3944,DPP-2025,Central,Phase 1,,,200.0,0.0,,2026-03-01,2026-03-01,2026-03-01,P::J3944,4BUREAU 4PRN_MUNI TP 138 0KV,Queue-derived study fields,,2026-09-05T04:35:51Z,snapshot_fields,1.0
P::J3945,DPP-2026,East (ITC),,,,245.0,0.0,,2026-03-01,2026-03-01,2026-03-01,P::J3945,MAJESTIC MILAN 345 0KV,Queue-derived study fields,,2026-09-05T04:35:51Z,snapshot_fields,1.0
P::J3946,DPP-2025,Central,Phase 1,,,300.0,0.0,,2026-03-01,2026-03-01,2026-03-01,P::J3946,TAZEWELL,Queue-derived study fields,,2026-09-05T04:35:51Z,snapshot_fields,1.0
P::J3947,DPP-2025,Central,Phase 1,,,200.0,0.0,,2026-03-01,2026-03-01,2026-03-01,P::J3947,7FARADAY 7PANA 345 0KV,Queue-derived study fields,,2026-09-05T04:35:51Z,snapshot_fields,1.0
P::J3948,DPP-2025,Central,Phase 1,,,200.0,0.0,,2026-03-01,2026-03-01,2026-03-01,P::J3948,AB BROWN 345 GIBSON DUKE TERMINAL 345 0KV,Queue-derived study fields,,2026-09-05T04:35:51Z,snapshot_fields,1.0
P::J3949,DPP-2025,Central,Phase 1,,,245.0,0.0,,2026-03-01,2026-03-01,2026-03-01,P::J3949,7MEREDOSIA 7TURNER 345 0KV,Queue-derived study fields,,2026-09-05T04:35:51Z,snapshot_fields,1.0
P::J3950,DPP-2025,Central,Phase 1,,,340.0,0.0,,2026-03-01,2026-03-01,2026-03-01,P::J3950,7CASEY 7SNYDER 345 0KV,Queue-derived study fields,,2026-09-05T04:35:51Z,snapshot_fields,1.0
P::J3951,DPP-2025,West,Phase 1,,,218.0,0.0,,2026-03-01,2026-03-01,2026-03-01,P::J3951,OTHER_,Queue-derived study fields,,2026-09-05T04:35:51Z,snapshot_fields,1.0
P::J3952,DPP-2025,West,Phase 1,,,395.0,0.0,,2026-03-01,2026-03-01,2026-03-01,P::J3952,OTHER_,Queue-derived study fields,,2026-09-05T04:35:51Z,snapshot_fields,1.0
P::J3953,DPP-2025,South,Phase 1,,,90.0,0.0,,2026-03-01,2026-03-01,2026-03-01,P::J3953,BONO GREENBRIER 161 0KV,Queue-derived study fields,,2026-09-05T04:35:51Z,snapshot_fields,1.0
P::J3954,DPP-2025,Central,Phase 1,,,250.0,0.0,,2026-03-01,2026-03-01,2026-03-01,P::J3954,7AUSTIN 7PANA 345 0KV,Queue-derived study fields,,2026-09-05T04:35:51Z,snapshot_fields,1.0
P::J3955,DPP-2025,West,Phase 1,,,200.0,0.0,,2026-03-01,2026-03-01,2026-03-01,P::J3955,BIG STONE SOUTH DEUEL COUNTY 345 0KV,Queue-derived study fields,,2026-09-05T04:35:51Z,snapshot_fields,1.0
P::J3956,DPP-2025,West,Phase 1,,,240.0,0.0,,2026-03-01,2026-03-01,2026-03-01,P::J3956,HANKINSON 230KV SUBSTATION,Queue-derived study fields,,2026-09-05T04:35:51Z,snapshot_fields,1.0
P::J3957,DPP-2025,Central,Phase 1,,,300.0,0.0,,2026-03-01,2026-03-01,2026-03-01,P::J3957,OTHER_,Queue-derived study fields,,2026-09-05T04:35:51Z,snapshot_fields,1.0
P::J3958,DPP-2025,Central,Phase 1,,,300.0,0.0,,2026-03-01,2026-03-01,2026-03-01,P::J3958,OTHER_,Queue-derived study fields,,2026-09-05T04:35:51Z,snapshot_fields,1.0
P::J3959,DPP-2025,Central,Phase 1,,,200.0,0.0,,2026-03-01,2026-03-01,2026-03-01,P::J3959,OTHER_,Queue-derived study fields,,2026-09-05T04:35:51Z,snapshot_fields,1.0
P::J3960,DPP-2025,West,Phase 1,,,300.0,0.0,,2026-03-01,2026-03-01,2026-03-01,P::J3960,BIG STONE SOUTH DEUEL COUNTY 345 0KV,Queue-derived study fields,,2026-09-05T04:35:51Z,snapshot_fields,1.0
P::J3961,DPP-2025,West,Phase 1,,,245.0,0.0,,2026-03-01,2026-03-01,2026-03-01,P::J3961,YANKEE,Queue-derived study fields,,2026-09-05T04:35:51Z,snapshot_fields,1.0
P::J3962,DPP-2026,East (ITC),,,,165.0,0.0,,2026-03-01,2026-03-01,2026-03-01,P::J3962,BAUER HAMPTON 1 345 0KV,Queue-derived study fields,,2026-09-05T04:35:51Z,snapshot_fields,1.0
P::J3963,DPP-2025,West,Phase 1,,,490.0,0.0,,2026-03-01,2026-03-01,2026-03-01,P::J3963,BROOKINGS COUNTY,Queue-derived study fields,,2026-09-05T04:35:51Z,snapshot_fields,1.0
P::J3964,DPP-2025,West,Phase 1,,,490.0,0.0,,2026-03-01,2026-03-01,2026-03-01,P::J3964,SPLIT ROCK WHITE WAPA 345 0KV,Queue-derived study fields,,2026-09-05T04:35:51Z,snapshot_fields,1.0
P::J3965,DPP-2025,Central,Phase 1,,,401.8,0.0,,2026-03-01,2026-03-01,2026-03-01,P::J3965,7LATHAM KINCAID B 345 0KV,Queue-derived study fields,,2026-09-05T04:35:51Z,snapshot_fields,1.0
P::J3966,DPP-2026,East (ITC),,,,318.0,33.75,,2026-03-01,2026-03-01,2026-03-01,P::J3966,GRASSMERE,Queue-derived study fields,,2026-09-05T04:35:51Z,snapshot_fields,1.0
P::J3967,DPP-2026,East (ITC),,,,170.0,0.0,,2026-03-01,2026-03-01,2026-03-01,P::J3967,MINDEN,Queue-derived study fields,,2026-09-05T04:35:51Z,snapshot_fields,1.0
P::J3968,DPP-2025,Central,Phase 1,,,100.0,0.0,,2026-03-01,2026-03-01,2026-03-01,P::J3968,MATTOON WEST,Queue-derived study fields,,2026-09-05T04:35:51Z,snapshot_fields,1.0
P::J3969,DPP-2025,South,Phase 1,,,196.0,0.0,,2026-03-01,2026-03-01,2026-03-01,P::J3969,HARRISBURG,Queue-derived study fields,,2026-09-05T04:35:51Z,snapshot_fields,1.0
P::J3970,DPP-2026,East (ITC),,,,70.0,0.0,,2026-03-01,2026-03-01,2026-03-01,P::J3970,MINDEN,Queue-derived study fields,,2026-09-05T04:35:51Z,snapshot_fields,1.0
P::J3971,DPP-2026,East (ITC),,,,255.0,0.0,,2026-03-01,2026-03-01,2026-03-01,P::J3971,STEIN,Queue-derived study fields,,2026-09-05T04:35:51Z,snapshot_fields,1.0
P::J3972,DPP-2025,South,Phase 1,,,200.0,0.0,,2026-03-01,2026-03-01,2026-03-01,P::J3972,CHINA STOWELL 230 0KV,Queue-derived study fields,,2026-09-05T04:35:51Z,snapshot_fields,1.0
P::J3973,DPP-2026,East (ITC),,,,100.0,0.0,,2026-03-01,2026-03-01,2026-03-01,P::J3973,COLDWATER MOORE ROAD 138 0KV,Queue-derived study fields,,2026-09-05T04:35:51Z,snapshot_fields,1.0
P::J3974,DPP-2025,South,Phase 1,,,200.0,0.0,,2026-03-01,2026-03-01,2026-03-01,P::J3974,STUTTGART RICUSKEY WOODWARD 230 SUB 230 0KV,Queue-derived study fields,,2026-09-05T04:35:51Z,snapshot_fields,1.0
P::J3975,DPP-2025,East (ATC),Phase 1,,,416.5,0.0,,2026-03-01,2026-03-01,2026-03-01,P::J3975,STONE LAKE GARDNER PARK 345 0KV,Queue-derived study fields,,2026-09-05T04:35:51Z,snapshot_fields,1.0
P::J3976,DPP-2025,Central,Phase 1,,,66.8,0.0,,2026-03-01,2026-03-01,2026-03-01,P::J3976,7COFFEN N 7RAMSEY 345 0KV,Queue-derived study fields,,2026-09-05T04:35:51Z,snapshot_fields,1.0
P::J3977,DPP-2026,East (ITC),,,,250.0,0.0,,2026-03-01,2026-03-01,2026-03-01,P::J3977,GREENWOOD RAPSON 345 0KV,Queue-derived study fields,,2026-09-05T04:35:51Z,snapshot_fields,1.0
P::J3978,DPP-2025,Central,Phase 1,,,200.0,0.0,,2026-03-01,2026-03-01,2026-03-01,P::J3978,PETERSBURG SULLIVAN AEP PJM 345 0KV,Queue-derived study fields,,2026-09-05T04:35:51Z,snapshot_fields,1.0
P::J3979,DPP-2025,Central,Phase 1,,,200.0,0.0,,2026-03-01,2026-03-01,2026-03-01,P::J3979,PETERSBURG SULLIVAN AEP PJM 345 0KV,Queue-derived study fields,,2026-09-05T04:35:51Z,snapshot_fields,1.0
P::J3980,DPP-2025,Central,Phase 1,,,200.0,0.0,,2026-03-01,2026-03-01,2026-03-01,P::J3980,GIBSON STA MEROM HED 345 0KV,Queue-derived study fields,,2026-09-05T04:35:51Z,snapshot_fields,1.0
P::J3981,DPP-2025,Central,Phase 1,,,200.0,0.0,,2026-03-01,2026-03-01,2026-03-01,P::J3981,GIBSON STA MEROM HED 345 0KV,Queue-derived study fields,,2026-09-05T04:35:51Z,snapshot_fields,1.0
P::J3982,DPP-2025,South,Phase 1,,,319.5,0.0,,2026-03-01,2026-03-01,2026-03-01,P::J3982,WEST MEMPHIS EHV KEO EHV 500 0KV,Queue-derived study fields,,2026-09-05T04:35:51Z,snapshot_fields,1.0
P::J3983,DPP-2025,Central,Phase 1,,,100.0,0.0,,2026-03-01,2026-03-01,2026-03-01,P::J3983,MACKEY,Queue-derived study fields,,2026-09-05T04:35:51Z,snapshot_fields,1.0
P::J3984,DPP-2025,South,Phase 1,,,200.0,0.0,,2026-03-01,2026-03-01,2026-03-01,P::J3984,STUTTGART RICUSKEY WOODWARD 230 SUB 230 0KV,Queue-derived study fields,,2026-09-05T04:35:51Z,snapshot_fields,1.0
P::J3985,DPP-2025,South,Phase 1,,,240.0,0.0,,2026-03-01,2026-03-01,2026-03-01,P::J3985,SHECO ETEC BUS 334130,Queue-derived study fields,,2026-09-05T04:35:51Z,snapshot_fields,1.0
P::J3986,DPP-2025,South,Phase 1,,,270.0,0.0,,2026-03-01,2026-03-01,2026-03-01,P::J3986,JACINTO PEACH CREEK 230 0KV,Queue-derived study fields,,2026-09-05T04:35:51Z,snapshot_fields,1.0
P::J3987,DPP-2025,South,Phase 1,,,165.0,0.0,,2026-03-01,2026-03-01,2026-03-01,P::J3987,SMITHDALE SS CE LIBERTY 115 0KV,Queue-derived study fields,,2026-09-05T04:35:51Z,snapshot_fields,1.0
P::J3988,DPP-2025,South,Phase 1,,,85.0,0.0,,2026-03-01,2026-03-01,2026-03-01,P::J3988,NORTH BASTROP TAP LOG CABIN LAGEN 115 0KV,Queue-derived study fields,,2026-09-05T04:35:51Z,snapshot_fields,1.0
P::J3989,DPP-2025,Central,Phase 1,,,200.0,0.0,,2026-03-01,2026-03-01,2026-03-01,P::J3989,MARION NORTH,Queue-derived study fields,,2026-09-05T04:35:51Z,snapshot_fields,1.0
P::J3990,DPP-2025,Central,Phase 1,,,100.0,0.0,,2026-03-01,2026-03-01,2026-03-01,P::J3990,OTHER_,Queue-derived study fields,,2026-09-05T04:35:51Z,snapshot_fields,1.0
P::J3991,DPP-2025,Central,Phase 1,,,340.0,0.0,,2026-03-01,2026-03-01,2026-03-01,P::J3991,OTHER_,Queue-derived study fields,,2026-09-05T04:35:51Z,snapshot_fields,1.0
P::J3992,DPP-2026,East (ITC),,,,400.0,0.0,,2026-03-01,2026-03-01,2026-03-01,P::J3992,MAJESTIC ONEIDA 345 0KV,Queue-derived study fields,,2026-09-05T04:35:51Z,snapshot_fields,1.0
P::J3993,DPP-2025,Central,Phase 1,,,21.44,0.0,,2026-03-01,2026-03-01,2026-03-01,P::J3993,GEFF,Queue-derived study fields,,2026-09-05T04:35:51Z,snapshot_fields,1.0
P::J3994,DPP-2026,East (ITC),,,,360.0,0.0,,2026-03-01,2026-03-01,2026-03-01,P::J3994,18MOROCCO 256583,Queue-derived study fields,,2026-09-05T04:35:51Z,snapshot_fields,1.0
P::J3995,DPP-2025,Central,Phase 1,,,300.0,0.0,,2026-03-01,2026-03-01,2026-03-01,P::J3995,7CASEY 7NEWTON 345 0KV,Queue-derived study fields,,2026-09-05T04:35:51Z,snapshot_fields,1.0
P::J3996,DPP-2025,Central,Phase 1,,,2220.0,0.0,,2026-03-01,2026-03-01,2026-03-01,P::J3996,SIOUX,Queue-derived study fields,,2026-09-05T04:35:51Z,snapshot_fields,1.0
P::J3997,DPP-2025,Central,Phase 1,,,200.0,0.0,,2026-03-01,2026-03-01,2026-03-01,P::J3997,GIBSON STA PETERSBURG IP L 345 0KV,Queue-derived study fields,,2026-09-05T04:35:51Z,snapshot_fields,1.0
P::J3998,DPP-2025,West,Phase 1,,,450.0,0.0,,2026-03-01,2026-03-01,2026-03-01,P::J3998,KILLDEER QUINN 345KV,Queue-derived study fields,,2026-09-05T04:35:51Z,snapshot_fields,1.0
P::J3999,DPP-2025,Central,Phase 1,,,1540.0,0.0,,2026-03-01,2026-03-01,2026-03-01,P::J3999,SUGAR CREEK CAYUGA CT 345 0KV,Queue-derived study fields,,2026-09-05T04:35:51Z,snapshot_fields,1.0
P::J4000,DPP-2025,Central,Phase 1,,,343.0,0.0,,2026-03-01,2026-03-01,2026-03-01,P::J4000,7MEREDOSIA 7TURNER 345 0KV,Queue-derived study fields,,2026-09-05T04:35:51Z,snapshot_fields,1.0
P::J4001,DPP-2025,Central,Phase 1,,,245.0,0.0,,2026-03-01,2026-03-01,2026-03-01,P::J4001,7MAYWOOD 7PALMYRA 345 0KV,Queue-derived study fields,,2026-09-05T04:35:51Z,snapshot_fields,1.0
P::J4002,DPP-2025,Central,Phase 1,,,200.0,0.0,,2026-03-01,2026-03-01,2026-03-01,P::J4002,7KANSAS 08SUGCRK 345 0KV,Queue-derived study fields,,2026-09-05T04:35:51Z,snapshot_fields,1.0
P::J4003,DPP-2025,Central,Phase 1,,,200.0,0.0,,2026-03-01,2026-03-01,2026-03-01,P::J4003,7KANSAS 08SUGCRK 345 0KV,Queue-derived study fields,,2026-09-05T04:35:51Z,snapshot_fields,1.0
P::J4004,DPP-2025,Central,Phase 1,,,392.0,0.0,,2026-03-01,2026-03-01,2026-03-01,P::J4004,OTHER_,Queue-derived study fields,,2026-09-05T04:35:51Z,snapshot_fields,1.0
P::J4005,DPP-2025,Central,Phase 1,,,500.0,0.0,,2026-03-01,2026-03-01,2026-03-01,P::J4005,PETERSBURG SULLIVAN AEP PJM 345 0KV,Queue-derived study fields,,2026-09-05T04:35:51Z,snapshot_fields,1.0
P::J4006,DPP-2025,West,Phase 1,,,289.8,0.0,,2026-03-01,2026-03-01,2026-03-01,P::J4006,ORIENT DENNY 345KV,Queue-derived study fields,,2026-09-05T04:35:51Z,snapshot_fields,1.0
P::J4007,DPP-2025,Central,Phase 1,,,150.0,0.0,,2026-03-01,2026-03-01,2026-03-01,P::J4007,7FARGO 7SANDBURG 345 0KV,Queue-derived study fields,,2026-09-05T04:35:51Z,snapshot_fields,1.0
P::J4008,DPP-2025,Central,Phase 1,,,150.0,0.0,,2026-03-01,2026-03-01,2026-03-01,P::J4008,GREENSBORO NEW CASTLE 138 138 0KV,Queue-derived study fields,,2026-09-05T04:35:51Z,snapshot_fields,1.0
P::J4009,DPP-2025,West,Phase 1,,,80.0,0.0,,2026-03-01,2026-03-01,2026-03-01,P::J4009,VIKING KARLSTAD 115 0KV,Queue-derived study fields,,2026-09-05T04:35:51Z,snapshot_fields,1.0
P::J4010,DPP-2025,Central,Phase 1,,,21.0,0.0,,2026-03-01,2026-03-01,2026-03-01,P::J4010,CLINTON 345KV SUBSTATION,Queue-derived study fields,,2026-09-05T04:35:51Z,snapshot_fields,1.0
P::J4011,DPP-2025,South,Phase 1,,,200.0,0.0,,2026-03-01,2026-03-01,2026-03-01,P::J4011,AECC LEWISVILLE WEST,Queue-derived study fields,,2026-09-05T04:35:51Z,snapshot_fields,1.0
P::J4012,DPP-2025,South,Phase 1,,,300.0,0.0,,2026-03-01,2026-03-01,2026-03-01,P::J4012,TWIST PARKIN 161 0KV,Queue-derived study fields,,2026-09-05T04:35:51Z,snapshot_fields,1.0
P::J4014,DPP-2025,East (ATC),Phase 1,,,650.0,45.96841230257689,,2026-03-01,2026-03-01,2026-03-01,P::J4014,FOREST JUNCTION,Queue-derived study fields,,2026-09-05T04:35:51Z,snapshot_fields,1.0
P::J4015,DPP-2025,Central,Phase 1,,,136.0,0.0,,2026-03-01,2026-03-01,2026-03-01,P::J4015,QUIVER,Queue-derived study fields,,2026-09-05T04:35:51Z,snapshot_fields,1.0
P::J4016,DPP-2026,East (ITC),,,,300.0,0.0,,2026-03-01,2026-03-01,2026-03-01,P::J4016,ATLANTA THETFORD KARN 138 0KV,Queue-derived study fields,,2026-09-05T04:35:51Z,snapshot_fields,1.0
P::J4017,DPP-2025,West,Phase 1,,,299.0,0.0,,2026-03-01,2026-03-01,2026-03-01,P::J4017,WILMARTH FIELDON 345 0KV,Queue-derived study fields,,2026-09-05T04:35:51Z,snapshot_fields,1.0
P::J4018,DPP-2025,Central,Phase 1,,,250.0,0.0,,2026-03-01,2026-03-01,2026-03-01,P::J4018,OTHER_,Queue-derived study fields,,2026-09-05T04:35:51Z,snapshot_fields,1.0
P::J4019,DPP-2026,East (ITC),,,,200.0,0.0,,2026-03-01,2026-03-01,2026-03-01,P::J4019,BATTLE CREEK ONEIDA 345 0KV,Queue-derived study fields,,2026-09-05T04:35:51Z,snapshot_fields,1.0
P::J4020,DPP-2025,East (ATC),Phase 1,,,481.0,0.0,,2026-03-01,2026-03-01,2026-03-01,P::J4020,PLEASANT PRAIRIE ARCADIAN 345 0KV,Queue-derived study fields,,2026-09-05T04:35:51Z,snapshot_fields,1.0
P::J4021,DPP-2026,Central,,,,470.0,0.0,,2026-03-01,2026-03-01,2026-03-01,P::J4021,PETERSBURG SULLIVAN AEP PJM 345 0KV,Queue-derived study fields,,2026-09-05T04:35:51Z,snapshot_fields,1.0
P::J4022,DPP-2025,South,Phase 1,,,1509.0,0.0,,2026-03-01,2026-03-01,2026-03-01,P::J4022,STERLINGTON 500 SWYD,Queue-derived study fields,,2026-09-05T04:35:51Z,snapshot_fields,1.0
P::J4023,DPP-2025,Central,Phase 1,,,185.0,0.0,,2026-03-01,2026-03-01,2026-03-01,P::J4023,WABASH RIVER STAUNTON 230 0KV,Queue-derived study fields,,2026-09-05T04:35:51Z,snapshot_fields,1.0
P::J4024,DPP-2026,East (ITC),,,,1499.0,0.0,,2026-03-01,2026-03-01,2026-03-01,P::J4024,OTHER_,Queue-derived study fields,,2026-09-05T04:35:51Z,snapshot_fields,1.0
P::J4025,DPP-2026,East (ITC),,,,1499.0,0.0,,2026-03-01,2026-03-01,2026-03-01,P::J4025,OTHER_,Queue-derived study fields,,2026-09-05T04:35:51Z,snapshot_fields,1.0
P::J4026,DPP-2026,East (ITC),,,,250.0,0.0,,2026-03-01,2026-03-01,2026-03-01,P::J4026,BEECHER KNOWLES 138 0KV,Queue-derived study fields,,2026-09-05T04:35:51Z,snapshot_fields,1.0
P::J4027,DPP-2025,South,Phase 1,,,250.0,0.0,,2026-03-01,2026-03-01,2026-03-01,P::J4027,AECC MCDOUGAL TEXAS EASTERN STA 8 161 0KV,Queue-derived study fields,,2026-09-05T04:35:51Z,snapshot_fields,1.0
P::J4028,DPP-2025,East (ATC),Phase 1,,,324.0,0.0,,2026-03-01,2026-03-01,2026-03-01,P::J4028,NORTH CREEK 138KV,Queue-derived study fields,,2026-09-05T04:35:51Z,snapshot_fields,1.0
P::J4029,DPP-2025,South,Phase 1,,,85.0,0.0,,2026-03-01,2026-03-01,2026-03-01,P::J4029,HYBAR 230KV,Queue-derived study fields,,2026-09-05T04:35:51Z,snapshot_fields,1.0
P::J4030,DPP-2025,South,Phase 1,,,200.0,0.0,,2026-03-01,2026-03-01,2026-03-01,P::J4030,MAYFLOWER115KV,Queue-derived study fields,,2026-09-05T04:35:51Z,snapshot_fields,1.0
P::J4031,DPP-2025,Central,Phase 1,,,245.0,0.0,,2026-03-01,2026-03-01,2026-03-01,P::J4031,7MEREDOSIA 7TURNER 345 0KV,Queue-derived study fields,,2026-09-05T04:35:51Z,snapshot_fields,1.0
P::J4032,DPP-2025,West,Phase 1,,,442.0,0.0,,2026-03-01,2026-03-01,2026-03-01,P::J4032,ASTORIA BROOKINGS COUNTY 345 0KV,Queue-derived study fields,,2026-09-05T04:35:51Z,snapshot_fields,1.0
P::J4033,DPP-2026,Central,,,,156.8,0.0,,2026-03-01,2026-03-01,2026-03-01,P::J4033,7LATHAM KINCAID B 345 0KV,Queue-derived study fields,,2026-09-05T04:35:51Z,snapshot_fields,1.0
P::J4034,DPP-2026,Central,,,,70.0,0.0,,2026-03-01,2026-03-01,2026-03-01,P::J4034,SANDFORD 345KV,Queue-derived study fields,,2026-09-05T04:35:51Z,snapshot_fields,1.0
P::J4035,DPP-2025,South,Phase 1,,,113.0,0.0,,2026-03-01,2026-03-01,2026-03-01,P::J4035,SEDGEWICK SS AECC LIGHT 115 0KV,Queue-derived study fields,,2026-09-05T04:35:51Z,snapshot_fields,1.0
P::J4036,DPP-2025,South,Phase 1,,,160.0,0.0,,2026-03-01,2026-03-01,2026-03-01,P::J4036,WYNNE INDUSTRIAL,Queue-derived study fields,,2026-09-05T04:35:51Z,snapshot_fields,1.0
P::J4037,DPP-2025,West,Phase 1,,,100.0,0.0,,2026-03-01,2026-03-01,2026-03-01,P::J4037,FRANKLIN WALL LAKE 161 0KV,Queue-derived study fields,,2026-09-05T04:35:51Z,snapshot_fields,1.0
P::J4038,DPP-2025,South,Phase 1,,,80.0,0.0,,2026-03-01,2026-03-01,2026-03-01,P::J4038,BRINKLEY EAST AECC PALESTINE 161 0KV,Queue-derived study fields,,2026-09-05T04:35:51Z,snapshot_fields,1.0
P::J4039,DPP-2026,Central,,,,200.0,0.0,,2026-03-01,2026-03-01,2026-03-01,P::J4039,CAYUGA FRANKFORT 230 0KV,Queue-derived study fields,,2026-09-05T04:35:51Z,snapshot_fields,1.0
P::J4040,DPP-2026,East (ITC),,,,735.0,0.0,,2026-03-01,2026-03-01,2026-03-01,P::J4040,PALISADES SWITCHYARD,Queue-derived study fields,,2026-09-05T04:35:51Z,snapshot_fields,1.0
P::J4041,DPP-2026,Central,,,,220.0,0.0,,2026-03-01,2026-03-01,2026-03-01,P::J4041,SHOCKEY,Queue-derived study fields,,2026-09-05T04:35:51Z,snapshot_fields,1.0
P::J4043,DPP-2026,East (ITC),,,,178.0,0.0,,2026-03-01,2026-03-01,2026-03-01,P::J4043,ONEIDA,Queue-derived study fields,,2026-09-05T04:35:51Z,snapshot_fields,1.0
P::J4044,DPP-2026,East (ITC),,,,190.0,0.0,,2026-03-01,2026-03-01,2026-03-01,P::J4044,BEECHER SEEMLESS EAST 138 0KV,Queue-derived study fields,,2026-09-05T04:35:51Z,snapshot_fields,1.0
P::J4046,DPP-2025,South,Phase 1,,,100.0,0.0,,2026-03-01,2026-03-01,2026-03-01,P::J4046,CONEHOMA CREEK CARTHAGE MS 115 0KV,Queue-derived study fields,,2026-09-05T04:35:51Z,snapshot_fields,1.0
P::J4047,DPP-2026,East (ITC),,,,160.0,0.0,,2026-03-01,2026-03-01,2026-03-01,P::J4047,KARN THETFORD ATLANTA 138 0KV,Queue-derived study fields,,2026-09-05T04:35:51Z,snapshot_fields,1.0
P::J4048,DPP-2026,East (ITC),,,,110.0,0.0,,2026-03-01,2026-03-01,2026-03-01,P::J4048,MEYER LUDINGTON 345 0KV,Queue-derived study fields,,2026-09-05T04:35:51Z,snapshot_fields,1.0
P::J4049,DPP-2025,South,Phase 1,,,75.0,0.0,,2026-03-01,2026-03-01,2026-03-01,P::J4049,RILLA,Queue-derived study fields,,2026-09-05T04:35:51Z,snapshot_fields,1.0
P::J4050,DPP-2025,South,Phase 1,,,220.0,0.0,,2026-03-01,2026-03-01,2026-03-01,P::J4050,NELSON 500 SWYD RICHARD 500 0KV,Queue-derived study fields,,2026-09-05T04:35:51Z,snapshot_fields,1.0
P::J4051,DPP-2025,South,Phase 1,,,220.0,0.0,,2026-03-01,2026-03-01,2026-03-01,P::J4051,NELSON 500 SWYD RICHARD 500 0KV,Queue-derived study fields,,2026-09-05T04:35:51Z,snapshot_fields,1.0
P::J4052,DPP-2025,South,Phase 1,,,100.0,0.0,,2026-03-01,2026-03-01,2026-03-01,P::J4052,NELSON 500 SWYD RICHARD 500 0KV,Queue-derived study fields,,2026-09-05T04:35:51Z,snapshot_fields,1.0
P::J4053,DPP-2026,East (ITC),,,,200.0,0.0,,2026-03-01,2026-03-01,2026-03-01,P::J4053,KEYSTONE WEXFORD 138 0KV,Queue-derived study fields,,2026-09-05T04:35:51Z,snapshot_fields,1.0
P::J4054,DPP-2026,East (ITC),,,,146.0,0.0,,2026-03-01,2026-03-01,2026-03-01,P::J4054,CLAREMONT LAYTON 138 0KV,Queue-derived study fields,,2026-09-05T04:35:51Z,snapshot_fields,1.0
P::J4055,DPP-2026,East (ITC),,,,198.0,0.0,,2026-03-01,2026-03-01,2026-03-01,P::J4055,PEDDLER,Queue-derived study fields,,2026-09-05T04:35:51Z,snapshot_fields,1.0
P::J4056,DPP-2025,West,Phase 1,,,310.0,0.0,,2026-03-01,2026-03-01,2026-03-01,P::J4056,LEHIGH MARSHALLTOWN TWINKLE 345KV,Queue-derived study fields,,2026-09-05T04:35:51Z,snapshot_fields,1.0
P::J4057,DPP-2025,West,Phase 1,,,127.4,0.0,,2026-03-01,2026-03-01,2026-03-01,P::J4057,YANKEE,Queue-derived study fields,,2026-09-05T04:35:51Z,snapshot_fields,1.0
P::J4058,DPP-2026,East (ITC),,,,250.0,0.0,,2026-03-01,2026-03-01,2026-03-01,P::J4058,WYATT,Queue-derived study fields,,2026-09-05T04:35:51Z,snapshot_fields,1.0
P::J4059,DPP-2025,West,Phase 1,,,129.0,0.0,,2026-03-01,2026-03-01,2026-03-01,P::J4059,BLUE LAKE MCLEOD GRE 230 0KV,Queue-derived study fields,,2026-09-05T04:35:51Z,snapshot_fields,1.0
P::J4060,DPP-2025,West,Phase 1,,,129.0,0.0,,2026-03-01,2026-03-01,2026-03-01,P::J4060,BLUE LAKE MCLEOD GRE 230 0KV,Queue-derived study fields,,2026-09-05T04:35:51Z,snapshot_fields,1.0
P::J4061,DPP-2026,East (ITC),,,,150.0,0.0,,2026-03-01,2026-03-01,2026-03-01,P::J4061,KNOWLES MOORE ROAD 138 0KV,Queue-derived study fields,,2026-09-05T04:35:51Z,snapshot_fields,1.0
P::J4063,DPP-2026,Central,,,,300.0,0.0,,2026-03-01,2026-03-01,2026-03-01,P::J4063,GIBSON STA BEDFORD 345 345 0KV,Queue-derived study fields,,2026-09-05T04:35:51Z,snapshot_fields,1.0
P::J4064,DPP-2025,South,Phase 1,,,200.0,0.0,,2026-03-01,2026-03-01,2026-03-01,P::J4064,WEBB,Queue-derived study fields,,2026-09-05T04:35:51Z,snapshot_fields,1.0
P::J4065,DPP-2025,West,Phase 1,,,200.0,0.0,,2026-03-01,2026-03-01,2026-03-01,P::J4065,NININGER 115KV,Queue-derived study fields,,2026-09-05T04:35:51Z,snapshot_fields,1.0
P::J4066,DPP-2026,East (ITC),,,,250.0,0.0,,2026-03-01,2026-03-01,2026-03-01,P::J4066,WEIDMAN DEERFIELD 69 0KV,Queue-derived study fields,,2026-09-05T04:35:51Z,snapshot_fields,1.0
P::J4067,DPP-2025,South,Phase 1,,,180.0,0.0,,2026-03-01,2026-03-01,2026-03-01,P::J4067,BATESVILLE,Queue-derived study fields,,2026-09-05T04:35:51Z,snapshot_fields,1.0
P::J4068,DPP-2025,West,Phase 1,,,232.0,0.0,,2026-03-01,2026-03-01,2026-03-01,P::J4068,LEHIGH MARSHALLTOWN TWINKLE 345KV,Queue-derived study fields,,2026-09-05T04:35:51Z,snapshot_fields,1.0
P::J4069,DPP-2025,East (ATC),Phase 1,,,169.93,0.0,,2026-03-01,2026-03-01,2026-03-01,P::J4069,KELLY ACKLEY 115 0KV,Queue-derived study fields,,2026-09-05T04:35:51Z,snapshot_fields,1.0
P::J4070,DPP-2026,West,,,,40.0,0.0,,2026-03-01,2026-03-01,2026-03-01,P::J4070,LINTON NW,Queue-derived study fields,,2026-09-05T04:35:51Z,snapshot_fields,1.0
P::J4071,DPP-2026,South,,,,1500.0,0.0,,2026-03-01,2026-03-01,2026-03-01,P::J4071,COLY,Queue-derived study fields,,2026-09-05T04:35:51Z,snapshot_fields,1.0
P::J4072,DPP-2026,West,,,,500.0,0.0,,2026-03-01,2026-03-01,2026-03-01,P::J4072,CEDAR MOUNTAIN LYON COUNTY 345 0KV,Queue-derived study fields,,2026-09-05T04:35:51Z,snapshot_fields,1.0
P::J4073,DPP-2025,South,Phase 1,,,200.0,0.0,,2026-03-01,2026-03-01,2026-03-01,P::J4073,LULA JONESTOWN SS 115 0KV,Queue-derived study fields,,2026-09-05T04:35:51Z,snapshot_fields,1.0
P::J4074,DPP-2025,South,Phase 1,,,300.0,0.0,,2026-03-01,2026-03-01,2026-03-01,P::J4074,TWIST,Queue-derived study fields,,2026-09-05T04:35:51Z,snapshot_fields,1.0
P::J4075,DPP-2025,South,Phase 1,,,300.0,0.0,,2026-03-01,2026-03-01,2026-03-01,P::J4075,VILLE PLATTE WEST FORK 230 0KV,Queue-derived study fields,,2026-09-05T04:35:51Z,snapshot_fields,1.0
P::J4076,DPP-2025,South,Phase 1,,,400.0,0.0,,2026-03-01,2026-03-01,2026-03-01,P::J4076,NELSON 500 SWYD RICHARD 500 0KV,Queue-derived study fields,,2026-09-05T04:35:51Z,snapshot_fields,1.0
P::J4077,DPP-2026,West,,,,45.0,0.0,,2026-03-01,2026-03-01,2026-03-01,P::J4077,LINTON NW,Queue-derived study fields,,2026-09-05T04:35:51Z,snapshot_fields,1.0
P::J4078,DPP-2026,West,,,,500.0,0.0,,2026-03-01,2026-03-01,2026-03-01,P::J4078,ADAMS,Queue-derived study fields,,2026-09-05T04:35:51Z,snapshot_fields,1.0
P::J4079,DPP-2026,South,,,,150.0,0.0,,2026-03-01,2026-03-01,2026-03-01,P::J4079,NELSON 230 SWYD PENTON ROAD CLECO 230 0KV,Queue-derived study fields,,2026-09-05T04:35:51Z,snapshot_fields,1.0
P::J4080,DPP-2026,South,,,,250.0,0.0,,2026-03-01,2026-03-01,2026-03-01,P::J4080,STUTTGART RICUSKEY WOODWARD 230 SUB 230 0KV,Queue-derived study fields,,2026-09-05T04:35:51Z,snapshot_fields,1.0
P::J4081,DPP-2026,West,,,,250.0,0.0,,2026-03-01,2026-03-01,2026-03-01,P::J4081,BIG STONE SOUTH 345KV SUBSTATION,Queue-derived study fields,,2026-09-05T04:35:51Z,snapshot_fields,1.0
P::J4082,DPP-2026,South,,,,500.0,0.0,,2026-03-01,2026-03-01,2026-03-01,P::J4082,OTHER_,Queue-derived study fields,,2026-09-05T04:35:51Z,snapshot_fields,1.0
P::J4083,DPP-2026,South,,,,150.0,0.0,,2026-03-01,2026-03-01,2026-03-01,P::J4083,PURVIS BULK 161 HINTONVILLE 161 161 0KV,Queue-derived study fields,,2026-09-05T04:35:51Z,snapshot_fields,1.0
P::J4085,DPP-2025,East (ATC),Phase 1,,,42.0,0.0,,2026-03-01,2026-03-01,2026-03-01,P::J4085,NORDIC,Queue-derived study fields,,2026-09-05T04:35:51Z,snapshot_fields,1.0
P::J4086,DPP-2026,West,,,,120.0,0.0,,2026-03-01,2026-03-01,2026-03-01,P::J4086,OTTUMWA GENERATION TRI COUNTY 161KV,Queue-derived study fields,,2026-09-05T04:35:51Z,snapshot_fields,1.0
P::J4087,DPP-2026,West,,,,183.0,0.0,,2026-03-01,2026-03-01,2026-03-01,P::J4087,SOUTH BEND,Queue-derived study fields,,2026-09-05T04:35:51Z,snapshot_fields,1.0
P::J4088,DPP-2025,South,Phase 1,,,340.0,0.0,,2026-03-01,2026-03-01,2026-03-01,P::J4088,WHEATLEY 500KV SWITCHING STATION BEING BUILT BY J1710 J1820,Queue-derived study fields,,2026-09-05T04:35:51Z,snapshot_fields,1.0
P::J4089,DPP-2026,West,,,,250.0,0.0,,2026-03-01,2026-03-01,2026-03-01,P::J4089,HAYWARD,Queue-derived study fields,,2026-09-05T04:35:51Z,snapshot_fields,1.0
P::J4090,DPP-2026,Central,,,,200.0,0.0,,2026-03-01,2026-03-01,2026-03-01,P::J4090,OTHER_,Queue-derived study fields,,2026-09-05T04:35:51Z,snapshot_fields,1.0
P::J4091,DPP-2025,West,Phase 1,,,295.0,0.0,,2026-03-01,2026-03-01,2026-03-01,P::J4091,ALEXANDRIA BISON 345 0KV,Queue-derived study fields,,2026-09-05T04:35:51Z,snapshot_fields,1.0
P::J4092,DPP-2026,South,,,,200.0,0.0,,2026-03-01,2026-03-01,2026-03-01,P::J4092,DERIDDER LONGVILLE 138 0KV,Queue-derived study fields,,2026-09-05T04:35:51Z,snapshot_fields,1.0
P::J4093,DPP-2026,East (ITC),,,,400.0,0.0,,2026-03-01,2026-03-01,2026-03-01,P::J4093,PERE MARQUETTE,Queue-derived study fields,,2026-09-05T04:35:51Z,snapshot_fields,1.0
P::J4094,DPP-2026,East (ITC),,,,300.0,0.0,,2026-03-01,2026-03-01,2026-03-01,P::J4094,GRASSMERE,Queue-derived study fields,,2026-09-05T04:35:51Z,snapshot_fields,1.0
P::J4095,DPP-2026,East (ITC),,,,300.0,0.0,,2026-03-01,2026-03-01,2026-03-01,P::J4095,GRASSMERE,Queue-derived study fields,,2026-09-05T04:35:51Z,snapshot_fields,1.0
P::J4096,DPP-2026,West,,,,120.0,0.0,,2026-03-01,2026-03-01,2026-03-01,P::J4096,OTHER_,Queue-derived study fields,,2026-09-05T04:35:51Z,snapshot_fields,1.0
P::J4097,DPP-2025,East (ATC),Phase 1,,,71.5,0.0,,2026-03-01,2026-03-01,2026-03-01,P::J4097,NEW J1377 ATC SWITCHING STATION,Queue-derived study fields,,2026-09-05T04:35:51Z,snapshot_fields,1.0
P::J4098,DPP-2025,South,Phase 1,,,300.0,0.0,,2026-03-01,2026-03-01,2026-03-01,P::J4098,RORK SELLERS ROAD 230 0KV,Queue-derived study fields,,2026-09-05T04:35:51Z,snapshot_fields,1.0
P::J4099,DPP-2026,West,,,,200.0,0.0,,2026-03-01,2026-03-01,2026-03-01,P::J4099,FOX LAKE JACKSON NORTH 161KV,Queue-derived study fields,,2026-09-05T04:35:51Z,snapshot_fields,1.0
P::J4100,DPP-2025,South,Phase 1,,,500.0,0.0,,2026-03-01,2026-03-01,2026-03-01,P::J4100,COLY WILLOW GLEN 500 SWYD 500 0KV,Queue-derived study fields,,2026-09-05T04:35:51Z,snapshot_fields,1.0
P::J4101,DPP-2025,East (ATC),Phase 1,,,71.0,0.0,,2026-03-01,2026-03-01,2026-03-01,P::J4101,UNIVERSITY UWW,Queue-derived study fields,,2026-09-05T04:35:51Z,snapshot_fields,1.0
P::J4102,DPP-2026,East (ITC),,,,539.0,0.0,,2026-03-01,2026-03-01,2026-03-01,P::J4102,WEEDS LAKE HIPLE 345 0KV,Queue-derived study fields,,2026-09-05T04:35:51Z,snapshot_fields,1.0
P::J4103,DPP-2025,South,Phase 1,,,150.0,0.0,,2026-03-01,2026-03-01,2026-03-01,P::J4103,ONALASKA,Queue-derived study fields,,2026-09-05T04:35:51Z,snapshot_fields,1.0
P::J4104,DPP-2025,South,Phase 1,,,250.0,0.0,,2026-03-01,2026-03-01,2026-03-01,P::J4104,ROCKY CREEK CROCKETT SWEPCO 345 0KV,Queue-derived study fields,,2026-09-05T04:35:51Z,snapshot_fields,1.0
P::J4105,DPP-2025,West,Phase 1,,,250.0,50.0,,2026-03-01,2026-03-01,2026-03-01,P::J4105,BUFFALO 345KV SUBSTATION,Queue-derived study fields,,2026-09-05T04:35:51Z,snapshot_fields,1.0
P::J4106,DPP-2025,West,Phase 1,,,250.0,50.0,,2026-03-01,2026-03-01,2026-03-01,P::J4106,BUFFALO 345KV SUBSTATION,Queue-derived study fields,,2026-09-05T04:35:51Z,snapshot_fields,1.0
P::J4107,DPP-2025,South,Phase 1,,,150.0,0.0,,2026-03-01,2026-03-01,2026-03-01,P::J4107,SOUTHWEST LONE STAR 161 MISSISSIPPI HUB 161 0KV,Queue-derived study fields,,2026-09-05T04:35:51Z,snapshot_fields,1.0
P::J4108,DPP-2025,South,Phase 1,,,150.0,0.0,,2026-03-01,2026-03-01,2026-03-01,P::J4108,SAREPTA,Queue-derived study fields,,2026-09-05T04:35:51Z,snapshot_fields,1.0
P::J4109,DPP-2025,South,Phase 1,,,1300.0,0.0,,2026-03-01,2026-03-01,2026-03-01,P::J4109,DONALDSONVILLE EVERGREEN 230 0KV,Queue-derived study fields,,2026-09-05T04:35:51Z,snapshot_fields,1.0
P::J4110,DPP-2026,South,,,,400.0,0.0,,2026-03-01,2026-03-01,2026-03-01,P::J4110,RORK SELLERS ROAD 230 0KV,Queue-derived study fields,,2026-09-05T04:35:51Z,snapshot_fields,1.0
P::J4111,DPP-2025,South,Phase 1,,,650.0,0.0,,2026-03-01,2026-03-01,2026-03-01,P::J4111,SHERIDAN EHV MAGNET COVE 500 0KV,Queue-derived study fields,,2026-09-05T04:35:51Z,snapshot_fields,1.0
P::J4112,DPP-2026,West,,,,300.0,0.0,,2026-03-01,2026-03-01,2026-03-01,P::J4112,OAK GROVE SUB 93 LOUISA 345 0KV,Queue-derived study fields,,2026-09-05T04:35:51Z,snapshot_fields,1.0
P::J4113,DPP-2025,West,Phase 1,,,787.4,40.121673003802286,,2026-03-01,2026-03-01,2026-03-01,P::J4113,KILLDEER,Queue-derived study fields,,2026-09-05T04:35:51Z,snapshot_fields,1.0
P::J4114,DPP-2025,West,Phase 1,,,525.0,0.0,,2026-03-01,2026-03-01,2026-03-01,P::J4114,SUB T HASKINS,Queue-derived study fields,,2026-09-05T04:35:51Z,snapshot_fields,1.0
P::J4115,DPP-2025,East (ATC),Phase 1,,,525.0,0.0,,2026-03-01,2026-03-01,2026-03-01,P::J4115,SOUTH FOND DU LAC FITZGERALD 345 0KV,Queue-derived study fields,,2026-09-05T04:35:51Z,snapshot_fields,1.0
P::J4116,DPP-2025,East (ATC),Phase 1,,,950.0,0.0,,2026-03-01,2026-03-01,2026-03-01,P::J4116,SUGAR CREEK 345KV,Queue-derived study fields,,2026-09-05T04:35:51Z,snapshot_fields,1.0
P::J4117,DPP-2025,West,Phase 1,,,240.0,0.0,,2026-03-01,2026-03-01,2026-03-01,P::J4117,NORTH ROCHESTER PRAIRIE ISLAND 345 0KV,Queue-derived study fields,,2026-09-05T04:35:51Z,snapshot_fields,1.0
P::J4118,DPP-2026,Central,,,,250.0,0.0,,2026-03-01,2026-03-01,2026-03-01,P::J4118,RADBOURN 345KV LRTP 41,Queue-derived study fields,,2026-09-05T04:35:51Z,snapshot_fields,1.0
P::J4119,DPP-2025,South,Phase 1,,,200.0,0.0,,2026-03-01,2026-03-01,2026-03-01,P::J4119,RANKIN,Queue-derived study fields,,2026-09-05T04:35:51Z,snapshot_fields,1.0
P::J4120,DPP-2026,East (ITC),,,,200.0,0.0,,2026-03-01,2026-03-01,2026-03-01,P::J4120,OTHER_,Queue-derived study fields,,2026-09-05T04:35:51Z,snapshot_fields,1.0
P::J4121,DPP-2025,South,Phase 1,,,300.0,0.0,,2026-03-01,2026-03-01,2026-03-01,P::J4121,GERALD ANDRUS SES SWYD INDIANOLA 230 115 SUB 230 0KV,Queue-derived study fields,,2026-09-05T04:35:51Z,snapshot_fields,1.0
P::J4122,DPP-2026,East (ITC),,,,150.0,0.0,,2026-03-01,2026-03-01,2026-03-01,P::J4122,GOSS,Queue-derived study fields,,2026-09-05T04:35:51Z,snapshot_fields,1.0
P::J4123,DPP-2026,East (ITC),,,,200.0,0.0,,2026-03-01,2026-03-01,2026-03-01,P::J4123,WAGNER,Queue-derived study fields,,2026-09-05T04:35:51Z,snapshot_fields,1.0
P::J4124,DPP-2025,South,Phase 1,,,100.0,0.0,,2026-03-01,2026-03-01,2026-03-01,P::J4124,MAGNOLIA GROVETON KICKAPOO L 111 TAP 138 0KV,Queue-derived study fields,,2026-09-05T04:35:51Z,snapshot_fields,1.0
P::J4125,DPP-2026,East (ITC),,,,50.0,0.0,,2026-03-01,2026-03-01,2026-03-01,P::J4125,OTHER_,Queue-derived study fields,,2026-09-05T04:35:51Z,snapshot_fields,1.0
P::J4126,DPP-2026,East (ITC),,,,112.0,0.0,,2026-03-01,2026-03-01,2026-03-01,P::J4126,MOROCCO ALLEN JUNCTION 345 0KV,Queue-derived study fields,,2026-09-05T04:35:51Z,snapshot_fields,1.0
P::J4127,DPP-2025,West,Phase 1,,,100.0,0.0,,2026-03-01,2026-03-01,2026-03-01,P::J4127,RIDGELAND,Queue-derived study fields,,2026-09-05T04:35:51Z,snapshot_fields,1.0
P::J4128,DPP-2026,East (ITC),,,,100.0,0.0,,2026-03-01,2026-03-01,2026-03-01,P::J4128,CLINTON INTERCONNECTION,Queue-derived study fields,,2026-09-05T04:35:51Z,snapshot_fields,1.0
P::J4129,DPP-2025,West,Phase 1,,,200.0,0.0,,2026-03-01,2026-03-01,2026-03-01,P::J4129,ALEXANDRIA BISON 345 0KV,Queue-derived study fields,,2026-09-05T04:35:51Z,snapshot_fields,1.0
P::J4130,DPP-2025,West,Phase 1,,,110.0,0.0,,2026-03-01,2026-03-01,2026-03-01,P::J4130,ALMA ROCK ELM 161 0KV,Queue-derived study fields,,2026-09-05T04:35:51Z,snapshot_fields,1.0
P::J4131,DPP-2025,South,Phase 1,,,100.0,0.0,,2026-03-01,2026-03-01,2026-03-01,P::J4131,J1347 TO SWITCHYARD 115KV ENTERGY MS SWITCHYARD,Queue-derived study fields,,2026-09-05T04:35:51Z,snapshot_fields,1.0
P::J4132,DPP-2025,West,Phase 1,,,303.8,0.0,,2026-03-01,2026-03-01,2026-03-01,P::J4132,MUD LAKE BENTON COUNTY GRE 230KV,Queue-derived study fields,,2026-09-05T04:35:51Z,snapshot_fields,1.0
P::J4133,DPP-2025,South,Phase 1,,,756.0,0.0,,2026-03-01,2026-03-01,2026-03-01,P::J4133,DOLET HILLS SUBSTATION,Queue-derived study fields,,2026-09-05T04:35:51Z,snapshot_fields,1.0
P::J4134,DPP-2025,South,Phase 1,,,200.0,0.0,,2026-03-01,2026-03-01,2026-03-01,P::J4134,AECC CAMDEN SOUTH STEPHENS 115 0KV,Queue-derived study fields,,2026-09-05T04:35:51Z,snapshot_fields,1.0
P::J4135,DPP-2025,West,Phase 1,,,450.0,0.0,,2026-03-01,2026-03-01,2026-03-01,P::J4135,BIG STONE SOUTH 345KV SUBSTATION,Queue-derived study fields,,2026-09-05T04:35:51Z,snapshot_fields,1.0
P::J4136,DPP-2025,West,Phase 1,,,250.0,0.0,,2026-03-01,2026-03-01,2026-03-01,P::J4136,BIG STONE SOUTH 345KV,Queue-derived study fields,,2026-09-05T04:35:51Z,snapshot_fields,1.0
P::J4137,DPP-2026,Central,,,,200.0,0.0,,2026-03-01,2026-03-01,2026-03-01,P::J4137,OTHER_,Queue-derived study fields,,2026-09-05T04:35:51Z,snapshot_fields,1.0
P::J4138,DPP-2026,South,,,,805.0,0.0,,2026-03-01,2026-03-01,2026-03-01,P::J4138,WEBRE,Queue-derived study fields,,2026-09-05T04:35:51Z,snapshot_fields,1.0
P::J4139,DPP-2025,South,Phase 1,,,115.0,0.0,,2026-03-01,2026-03-01,2026-03-01,P::J4139,EMMET SS HOPE EAST SS 115 0KV,Queue-derived study fields,,2026-09-05T04:35:51Z,snapshot_fields,1.0
P::J4140,DPP-2025,South,Phase 1,,,100.0,0.0,,2026-03-01,2026-03-01,2026-03-01,P::J4140,COTTON,Queue-derived study fields,,2026-09-05T04:35:51Z,snapshot_fields,1.0
P::J4141,DPP-2025,South,Phase 1,,,650.0,0.0,,2026-03-01,2026-03-01,2026-03-01,P::J4141,BAXTER WILSON SES SWYD PERRYVILLE 500 SWYD 500 0KV,Queue-derived study fields,,2026-09-05T04:35:51Z,snapshot_fields,1.0
P::J4142,DPP-2025,South,Phase 1,,,115.0,0.0,,2026-03-01,2026-03-01,2026-03-01,P::J4142,GILBERT 115KV,Queue-derived study fields,,2026-09-05T04:35:51Z,snapshot_fields,1.0
P::J4143,DPP-2025,South,Phase 1,,,150.0,0.0,,2026-03-01,2026-03-01,2026-03-01,P::J4143,DARNELL,Queue-derived study fields,,2026-09-05T04:35:51Z,snapshot_fields,1.0
P::J4144,DPP-2025,East (ATC),Phase 1,,,525.0,0.0,,2026-03-01,2026-03-01,2026-03-01,P::J4144,COLUMBIA,Queue-derived study fields,,2026-09-05T04:35:51Z,snapshot_fields,1.0
P::J4145,DPP-2026,West,,,,98.0,0.0,,2026-03-01,2026-03-01,2026-03-01,P::J4145,EMERY,Queue-derived study fields,,2026-09-05T04:35:51Z,snapshot_fields,1.0
P::J4147,DPP-2025,West,Phase 1,,,245.0,0.0,,2026-03-01,2026-03-01,2026-03-01,P::J4147,ALEXANDRIA BISON 345 0KV,Queue-derived study fields,,2026-09-05T04:35:51Z,snapshot_fields,1.0
P::J4148,DPP-2025,West,Phase 1,,,245.0,0.0,,2026-03-01,2026-03-01,2026-03-01,P::J4148,ALEXANDRIA BISON 345 0KV,Queue-derived study fields,,2026-09-05T04:35:51Z,snapshot_fields,1.0
P::J4149,DPP-2025,West,Phase 1,,,150.0,0.0,,2026-03-01,2026-03-01,2026-03-01,P::J4149,BIG STONE SOUTH 345KV SUBSTATION,Queue-derived study fields,,2026-09-05T04:35:51Z,snapshot_fields,1.0
P::J4150,DPP-2025,West,Phase 1,,,42.24,0.0,,2026-03-01,2026-03-01,2026-03-01,P::J4150,ATLANTIC ADAIR 161 0KV,Queue-derived study fields,,2026-09-05T04:35:51Z,snapshot_fields,1.0
P::J4151,DPP-2025,West,Phase 1,,,225.0,0.0,,2026-03-01,2026-03-01,2026-03-01,P::J4151,CEDAR MOUNTAIN LYON COUNTY 345 0KV,Queue-derived study fields,,2026-09-05T04:35:51Z,snapshot_fields,1.0
P::J4152,DPP-2026,West,,,,250.0,0.0,,2026-03-01,2026-03-01,2026-03-01,P::J4152,CEDAR MOUNTAIN LYON COUNTY 345 0KV,Queue-derived study fields,,2026-09-05T04:35:51Z,snapshot_fields,1.0
P::J4153,DPP-2026,West,,,,250.0,0.0,,2026-03-01,2026-03-01,2026-03-01,P::J4153,BIG STONE SOUTH 345KV SUBSTATION,Queue-derived study fields,,2026-09-05T04:35:51Z,snapshot_fields,1.0
P::J4154,DPP-2026,South,,,,200.0,0.0,,2026-03-01,2026-03-01,2026-03-01,P::J4154,ANDES SUBSTATION,Queue-derived study fields,,2026-09-05T04:35:51Z,snapshot_fields,1.0
P::J4155,DPP-2026,West,,,,195.0,0.0,,2026-03-01,2026-03-01,2026-03-01,P::J4155,PRAIRIE CREEK STONY POINT 115KV,Queue-derived study fields,,2026-09-05T04:35:51Z,snapshot_fields,1.0
P::J4156,DPP-2025,South,Phase 1,,,93.0,0.0,,2026-03-01,2026-03-01,2026-03-01,P::J4156,RILLA RIVERTON 115 0KV,Queue-derived study fields,,2026-09-05T04:35:51Z,snapshot_fields,1.0
P::J4157,DPP-2025,West,Phase 1,,,150.0,0.0,,2026-03-01,2026-03-01,2026-03-01,P::J4157,IRON RIDGE BENTON 345KV,Queue-derived study fields,,2026-09-05T04:35:51Z,snapshot_fields,1.0
P::J4158,DPP-2026,Central,,,,100.0,0.0,,2026-03-01,2026-03-01,2026-03-01,P::J4158,4TABOR 4SCLINTON TP 138 0KV,Queue-derived study fields,,2026-09-05T04:35:51Z,snapshot_fields,1.0
P::J4159,DPP-2026,East (ITC),,,,664.0,0.0,,2026-03-01,2026-03-01,2026-03-01,P::J4159,ROOSEVELT,Queue-derived study fields,,2026-09-05T04:35:51Z,snapshot_fields,1.0
P::J4160,DPP-2025,East (ITC),Phase 1,,,55.0,87.05882352941177,,2026-03-01,2026-03-01,2026-03-01,P::J4160,ROOSEVELT,Queue-derived study fields,,2026-09-05T04:35:51Z,snapshot_fields,1.0
P::J4161,DPP-2025,West,Phase 1,,,1000.0,0.0,,2026-03-01,2026-03-01,2026-03-01,P::J4161,LAKEFIELD GENERATION SW LAKEFIELD JCT 345 0KV,Queue-derived study fields,,2026-09-05T04:35:51Z,snapshot_fields,1.0
P::J4162,DPP-2025,West,Phase 1,,,300.0,0.0,,2026-03-01,2026-03-01,2026-03-01,P::J4162,QUARRY ALEXANDRIA 345 0KV,Queue-derived study fields,,2026-09-05T04:35:51Z,snapshot_fields,1.0
P::J4164,DPP-2025,East (ATC),Phase 1,,,1203.0,0.0,,2026-03-01,2026-03-01,2026-03-01,P::J4164,NORTH MADISON 345 138KV,Queue-derived study fields,,2026-09-05T04:35:51Z,snapshot_fields,1.0
P::J4165,DPP-2025,East (ATC),Phase 1,,,1203.0,0.0,,2026-03-01,2026-03-01,2026-03-01,P::J4165,OTHER_,Queue-derived study fields,,2026-09-05T04:35:51Z,snapshot_fields,1.0
P::J4166,DPP-2025,South,Phase 1,,,710.0,0.0,,2026-03-01,2026-03-01,2026-03-01,P::J4166,COMMODORE 500KV SUBSTATION,Queue-derived study fields,,2026-09-05T04:35:51Z,snapshot_fields,1.0
P::J4167,DPP-2026,East (ITC),,,,250.0,0.0,,2026-03-01,2026-03-01,2026-03-01,P::J4167,ARGENTA,Queue-derived study fields,,2026-09-05T04:35:51Z,snapshot_fields,1.0
P::J4168,DPP-2025,West,Phase 1,,,330.0,0.0,,2026-03-01,2026-03-01,2026-03-01,P::J4168,NROC 3 601039 TO PR ISLD3 601003 345KV LINE,Queue-derived study fields,,2026-09-05T04:35:51Z,snapshot_fields,1.0
P::J4169,DPP-2025,East (ATC),Phase 1,,,5.99,0.0,,2026-03-01,2026-03-01,2026-03-01,P::J4169,NORDIC,Queue-derived study fields,,2026-09-05T04:35:51Z,snapshot_fields,1.0
P::J4170,DPP-2026,West,,,,172.0,0.0,,2026-03-01,2026-03-01,2026-03-01,P::J4170,HANKINSON WAHPETON 230 0KV,Queue-derived study fields,,2026-09-05T04:35:51Z,snapshot_fields,1.0
P::J4171,DPP-2025,East (ATC),Phase 1,,,300.0,0.0,,2026-03-01,2026-03-01,2026-03-01,P::J4171,138KV JUPITER SUBSTATION 50167,Queue-derived study fields,,2026-09-05T04:35:51Z,snapshot_fields,1.0
P::J4172,DPP-2026,West,,,,99.0,0.0,,2026-03-01,2026-03-01,2026-03-01,P::J4172,OTTUMWA GENERATING ST 161KV,Queue-derived study fields,,2026-09-05T04:35:51Z,snapshot_fields,1.0
P::J4173,DPP-2026,West,,,,199.0,0.0,,2026-03-01,2026-03-01,2026-03-01,P::J4173,OTTUMWA GENERATING ST 161KV,Queue-derived study fields,,2026-09-05T04:35:51Z,snapshot_fields,1.0
P::J4174,DPP-2026,South,,,,140.0,0.0,,2026-03-01,2026-03-01,2026-03-01,P::J4174,MARKED TREE,Queue-derived study fields,,2026-09-05T04:35:51Z,snapshot_fields,1.0
P::J4176,DPP-2025,South,Phase 1,,,1750.0,0.0,,2026-03-01,2026-03-01,2026-03-01,P::J4176,,Queue-derived study fields,,2026-09-05T04:35:51Z,snapshot_fields,1.0
P::J418,DPP-2017-AUG,South,GIA,,,100.0,0.0,,2026-03-01,2026-03-01,2026-03-01,P::J418,RICH LIVINGSTON 138KV LINE,Queue-derived study fields,,2026-09-05T04:35:51Z,snapshot_fields,1.0
P::J4183,DPP-2025,South,Phase 1,,,99.9,0.0,,2026-03-01,2026-03-01,2026-03-01,P::J4183,,Queue-derived study fields,,2026-09-05T04:35:51Z,snapshot_fields,1.0
P::J4188,DPP-2025,South,Phase 1,,,140.0,0.0,,2026-03-01,2026-03-01,2026-03-01,P::J4188,COLE COOPER 230 0KV,Queue-derived study fields,,2026-09-05T04:35:51Z,snapshot_fields,1.0
P::J4189,DPP-2025,South,Phase 1,,,200.0,0.0,,2026-03-01,2026-03-01,2026-03-01,P::J4189,ROUNDAWAY SS CE CLARKSDALE 115 0KV,Queue-derived study fields,,2026-09-05T04:35:51Z,snapshot_fields,1.0
P::J4190,DPP-2025,South,Phase 1,,,707.0,0.0,,2026-03-01,2026-03-01,2026-03-01,P::J4190,WILLOW GLEN 230 SWYD,Queue-derived study fields,,2026-09-05T04:35:51Z,snapshot_fields,1.0
P::J4191,DPP-2026,South,,,,805.0,0.0,,2026-03-01,2026-03-01,2026-03-01,P::J4191,WEBRE,Queue-derived study fields,,2026-09-05T04:35:51Z,snapshot_fields,1.0
P::J4192,DPP-2025,East (ATC),Phase 1,,,200.0,0.0,,2026-03-01,2026-03-01,2026-03-01,P::J4192,BAIN STATE LINE 138 0KV,Queue-derived study fields,,2026-09-05T04:35:51Z,snapshot_fields,1.0
P::J4193,DPP-2026,West,,,,200.0,0.0,,2026-03-01,2026-03-01,2026-03-01,P::J4193,SHERBURNE CO,Queue-derived study fields,,2026-09-05T04:35:51Z,snapshot_fields,1.0
P::J4194,DPP-2026,West,,,,500.0,0.0,,2026-03-01,2026-03-01,2026-03-01,P::J4194,SHERBURNE CO,Queue-derived study fields,,2026-09-05T04:35:51Z,snapshot_fields,1.0
P::J4195,DPP-2026,East (ITC),,,,300.0,0.0,,2026-03-01,2026-03-01,2026-03-01,P::J4195,GREENWOOD RAPSON 345 0KV,Queue-derived study fields,,2026-09-05T04:35:51Z,snapshot_fields,1.0
P::J4196,DPP-2025,South,Phase 1,,,300.0,0.0,,2026-03-01,2026-03-01,2026-03-01,P::J4196,GILLETT ELAINE 115 0KV,Queue-derived study fields,,2026-09-05T04:35:51Z,snapshot_fields,1.0
P::J4197,DPP-2025,South,Phase 1,,,200.0,0.0,,2026-03-01,2026-03-01,2026-03-01,P::J4197,MONTICELLO EAST REED SS 115 0KV,Queue-derived study fields,,2026-09-05T04:35:51Z,snapshot_fields,1.0
P::J4198,DPP-2026,Central,,,,250.0,0.0,,2026-03-01,2026-03-01,2026-03-01,P::J4198,PANA 138KV,Queue-derived study fields,,2026-09-05T04:35:51Z,snapshot_fields,1.0
P::J4199,DPP-2026,Central,,,,200.0,0.0,,2026-03-01,2026-03-01,2026-03-01,P::J4199,CANTON SOUTH,Queue-derived study fields,,2026-09-05T04:35:51Z,snapshot_fields,1.0
P::J4200,DPP-2025,West,Phase 1,,,16.0,0.0,,2026-03-01,2026-03-01,2026-03-01,P::J4200,MERRIAM PARK,Queue-derived study fields,,2026-09-05T04:35:51Z,snapshot_fields,1.0
P::J4201,DPP-2025,South,Phase 1,,,250.0,0.0,,2026-03-01,2026-03-01,2026-03-01,P::J4201,COLE,Queue-derived study fields,,2026-09-05T04:35:51Z,snapshot_fields,1.0
P::J4203,DPP-2026,East (ITC),,,,350.0,0.0,,2026-03-01,2026-03-01,2026-03-01,P::J4203,RAPSON STEIN 345 0KV,Queue-derived study fields,,2026-09-05T04:35:51Z,snapshot_fields,1.0
P::J4204,DPP-2026,Central,,,,200.0,0.0,,2026-03-01,2026-03-01,2026-03-01,P::J4204,SOUTH BELLEVILLE,Queue-derived study fields,,2026-09-05T04:35:51Z,snapshot_fields,1.0
P::J441,DPP-2017-FEB,West,GIA,,,170.0,0.0,,2026-03-01,2026-03-01,2026-03-01,P::J441,BYRON 345KV SUBSTATION,Queue-derived study fields,,2026-09-05T04:35:51Z,snapshot_fields,1.0
P::J444,DPP-2017-FEB,East (ITC),GIA,,,235.0,0.0,,2026-03-01,2026-03-01,2026-03-01,P::J444,WATERMAN NAVARRE 230KV,Queue-derived study fields,,2026-09-05T04:35:51Z,snapshot_fields,1.0
P::J446,,,,,,0.0,100.0,,2026-03-01,2026-03-01,2026-03-01,P::J446,,Queue-derived study fields,,2026-09-05T04:35:51Z,snapshot_fields,1.0
P::J447,DPP-2017-AUG,West,GIA,,,150.0,0.0,,2026-03-01,2026-03-01,2026-03-01,P::J447,EMERY 161KV SUBSTATION,Queue-derived study fields,,2026-09-05T04:35:51Z,snapshot_fields,1.0
P::J458,DPP-2017-FEB,West,GIA,,,200.0,0.0,,2026-03-01,2026-03-01,2026-03-01,P::J458,ON PROPOSED BIG STONE ELLENDALE 345KV LINE APPROX 76 MILES WEST OF BIG STONE,Queue-derived study fields,,2026-09-05T04:35:51Z,snapshot_fields,1.0
P::J467,DPP-2017-AUG,Central,GIA,,,102.0,0.0,,2026-03-01,2026-03-01,2026-03-01,P::J467,SIDNAY KANSAS 345KV LINE,Queue-derived study fields,,2026-09-05T04:35:51Z,snapshot_fields,1.0
P::J478,DPP-2017-AUG,Central,GIA,,,200.0,0.0,,2026-03-01,2026-03-01,2026-03-01,P::J478,THORNTOWN NEW LONDON KOKOMO 230KV LINE,Queue-derived study fields,,2026-09-05T04:35:51Z,snapshot_fields,1.0
P::J502,DPP-2017-AUG,South,GIA,,,100.0,0.0,,2026-03-01,2026-03-01,2026-03-01,P::J502,MCLEWIS 230KV SUBSTATION,Queue-derived study fields,,2026-09-05T04:35:51Z,snapshot_fields,1.0
P::J508,DPP-2017-FEB,South,GIA,,,42.7,0.0,,2026-03-01,2026-03-01,2026-03-01,P::J508,TAP 115KV LINE BETWWEN W ARKADELPHIA SUB AND DELARC SUB AT 3 85 MILES FROM WEST ARKADELPHIA SUBSTAT,Queue-derived study fields,,2026-09-05T04:35:51Z,snapshot_fields,1.0
P::J522,DPP-2017-FEB,West,GIA,,,20.0,0.0,,2026-03-01,2026-03-01,2026-03-01,P::J522,ADAMS SUBSTATION AT 69KV,Queue-derived study fields,,2026-09-05T04:35:51Z,snapshot_fields,1.0
P::J544,,,,,,0.0,100.0,,2026-03-01,2026-03-01,2026-03-01,P::J544,,Queue-derived study fields,,2026-09-05T04:35:51Z,snapshot_fields,1.0
P::J545,DPP-2017-AUG,West,GIA,,,110.0,0.0,,2026-03-01,2026-03-01,2026-03-01,P::J545,BUFFALO 115KV SUBSTATION,Queue-derived study fields,,2026-09-05T04:35:51Z,snapshot_fields,1.0
P::J556,DPP-2017-FEB,West,GIA,,,102.0,0.0,,2026-03-01,2026-03-01,2026-03-01,P::J556,PANTHER 230KV SUBSTATION,Queue-derived study fields,,2026-09-05T04:35:51Z,snapshot_fields,1.0
P::J570,DPP-2017-FEB,West,GIA,,,150.0,0.0,,2026-03-01,2026-03-01,2026-03-01,P::J570,COOPER ATCHISON 345KV LINE,Queue-derived study fields,,2026-09-05T04:35:51Z,snapshot_fields,1.0
P::J579,DPP-2017-AUG,East (ITC),GIA,,,200.0,0.0,,2026-03-01,2026-03-01,2026-03-01,P::J579,ARGENTA 345KV SUBSTATION,Queue-derived study fields,,2026-09-05T04:35:51Z,snapshot_fields,1.0
P::J580,DPP-2017-AUG,West,GIA,,,298.0,0.0,,2026-03-01,2026-03-01,2026-03-01,P::J580,NEPOLEON SUB 230KV,Queue-derived study fields,,2026-09-05T04:35:51Z,snapshot_fields,1.0
P::J584,DPP-2017-FEB,East (ATC),GIA,,,60.0,0.0,,2026-03-01,2026-03-01,2026-03-01,P::J584,BLACKSMITH TAP SPRING GROVE 69KV LINE,Queue-derived study fields,,2026-09-05T04:35:51Z,snapshot_fields,1.0
P::J625,DPP-2017-AUG,West,GIA,,,400.0,0.0,,2026-03-01,2026-03-01,2026-03-01,P::J625,BLUE LAKE 345KV SUBSTATION,Queue-derived study fields,,2026-09-05T04:35:51Z,snapshot_fields,1.0
P::J628,DPP-2017-AUG,West,GIA,,,400.0,0.0,,2026-03-01,2026-03-01,2026-03-01,P::J628,RAMSEY PRAIRIE 230KV LINE TAP,Queue-derived study fields,,2026-09-05T04:35:51Z,snapshot_fields,1.0
P::J632,DPP-2017-AUG,East (ITC),GIA,,,200.0,0.0,,2026-03-01,2026-03-01,2026-03-01,P::J632,ARGENTA PLAISADES 345KV LINE,Queue-derived study fields,,2026-09-05T04:35:51Z,snapshot_fields,1.0
P::J635,DPP-2017-FEB,South,GIA,,,35.0,0.0,,2026-03-01,2026-03-01,2026-03-01,P::J635,TAP ENTERGY 115KV T LINE NATCHEZ SOUTH PLANTATION ID 668 1MILE FROM PLANTATION SUB,Queue-derived study fields,,2026-09-05T04:35:51Z,snapshot_fields,1.0
P::J636,DPP-2017-FEB,South,GIA,,,52.0,0.0,,2026-03-01,2026-03-01,2026-03-01,P::J636,SHADY OAKS COUGHLIN 138KV LINE,Queue-derived study fields,,2026-09-05T04:35:51Z,snapshot_fields,1.0
P::J639,DPP-2017-AUG,South,GIA,,,50.0,0.0,,2026-03-01,2026-03-01,2026-03-01,P::J639,ADDIS BIG CAJUN 230KV LINE,Queue-derived study fields,,2026-09-05T04:35:51Z,snapshot_fields,1.0
P::J640,DPP-2017-AUG,South,GIA,,,50.0,0.0,,2026-03-01,2026-03-01,2026-03-01,P::J640,AMITE LIBERTY 115KV LINE,Queue-derived study fields,,2026-09-05T04:35:51Z,snapshot_fields,1.0
P::J646,DPP-2017-FEB,East (ITC),GIA,,,1.6,0.0,,2026-03-01,2026-03-01,2026-03-01,P::J646,CARBON CONNECTING TO ITC AT JEWEL ST CLAIR AND SPOKANE SUBSTATIONS,Queue-derived study fields,,2026-09-05T04:35:51Z,snapshot_fields,1.0
P::J647,DPP-2017-FEB,East (ITC),GIA,,,147.4,0.0,,2026-03-01,2026-03-01,2026-03-01,P::J647,BC COBB FOUR MILE 138KV LINE,Queue-derived study fields,,2026-09-05T04:35:51Z,snapshot_fields,1.0
P::J657,DPP-2017-FEB,East (ATC),GIA,,,100.8,0.0,,2026-03-01,2026-03-01,2026-03-01,P::J657,KEWAUNEE SHOTO 138KV LINE AT THE EXISTING MISHICOT TAP,Queue-derived study fields,,2026-09-05T04:35:51Z,snapshot_fields,1.0
P::J658,DPP-2017-FEB,Central,GIA,,,100.05,0.0,,2026-03-01,2026-03-01,2026-03-01,P::J658,SPENCER CREEK 345KV SUBSTATION,Queue-derived study fields,,2026-09-05T04:35:51Z,snapshot_fields,1.0
P::J659,DPP-2017-AUG,South,GIA,,,50.0,0.0,,2026-03-01,2026-03-01,2026-03-01,P::J659,WINNSBORO TO GILBERT 115KV LINE,Queue-derived study fields,,2026-09-05T04:35:51Z,snapshot_fields,1.0
P::J662,DPP-2017-FEB,South,GIA,,,100.05,0.0,,2026-03-01,2026-03-01,2026-03-01,P::J662,MARKED TREE MARION 161KV LINE,Queue-derived study fields,,2026-09-05T04:35:51Z,snapshot_fields,1.0
P::J663,DPP-2017-AUG,South,GIA,,,100.0,0.0,,2026-03-01,2026-03-01,2026-03-01,P::J663,ROBERT E RITCHIE 230KV SUBSTATION,Queue-derived study fields,,2026-09-05T04:35:51Z,snapshot_fields,1.0
P::J679,DPP-2017-FEB,South,GIA,,,100.0,0.0,,2026-03-01,2026-03-01,2026-03-01,P::J679,GREENWOOD WINONA 115KV,Queue-derived study fields,,2026-09-05T04:35:51Z,snapshot_fields,1.0
P::J680,DPP-2017-FEB,South,GIA,,,100.0,0.0,,2026-03-01,2026-03-01,2026-03-01,P::J680,CROSSET WEST 115KV SUBSTATION,Queue-derived study fields,,2026-09-05T04:35:51Z,snapshot_fields,1.0
P::J683,DPP-2017-FEB,South,GIA,,,50.0,0.0,,2026-03-01,2026-03-01,2026-03-01,P::J683,WILBERT LIVONIA 138KV SUBSTATION 1 5 MI FROM WILBERT,Queue-derived study fields,,2026-09-05T04:35:51Z,snapshot_fields,1.0
P::J687,DPP-2017-FEB,South,GIA,,,20.0,0.0,,2026-03-01,2026-03-01,2026-03-01,P::J687,NASA 115KV SUBSTATION,Queue-derived study fields,,2026-09-05T04:35:51Z,snapshot_fields,1.0
P::J697,DPP-2017-AUG,South,GIA,,,150.0,0.0,,2026-03-01,2026-03-01,2026-03-01,P::J697,OAK RIDGE 115KV SUBSTATION,Queue-derived study fields,,2026-09-05T04:35:51Z,snapshot_fields,1.0
P::J698,DPP-2017-AUG,South,GIA,,,150.0,0.0,,2026-03-01,2026-03-01,2026-03-01,P::J698,LAKE VILLAGE BAGBY 115KV SUBSTATION,Queue-derived study fields,,2026-09-05T04:35:51Z,snapshot_fields,1.0
P::J701,DPP-2017-AUG,East (ITC),GIA,,,49.0,0.0,,2026-03-01,2026-03-01,2026-03-01,P::J701,RAPSON GRASSSMERE BAUER 345KV LINE TAP KIRK 345KV SUB,Queue-derived study fields,,2026-09-05T04:35:51Z,snapshot_fields,1.0
P::J703,DPP-2016 AUG/2017-FEB,East (ITC),GIA,,,128.1,0.0,,2026-03-01,2026-03-01,2026-03-01,P::J703,HURON 138KV SUBSTATION LOOPING LINES FREG11 NATIONAL TO FREEMAN GOOSE LAKE PI TO EMPIRE,Queue-derived study fields,,2026-09-05T04:35:51Z,snapshot_fields,1.0
P::J704,DPP-2016 AUG/2017-FEB,East (ITC),GIA,,,54.9,0.0,,2026-03-01,2026-03-01,2026-03-01,P::J704,M38 SUBSTATION 138KV,Queue-derived study fields,,2026-09-05T04:35:51Z,snapshot_fields,1.0
P::J705,DPP-2017-AUG,West,GIA,,,100.0,0.0,,2026-03-01,2026-03-01,2026-03-01,P::J705,TRI COUNTY 230KV SUBSTATION,Queue-derived study fields,,2026-09-05T04:35:51Z,snapshot_fields,1.0
P::J706,DPP-2017-AUG,West,GIA,,,100.0,0.0,,2026-03-01,2026-03-01,2026-03-01,P::J706,TRI COUNTY 230KV SUB,Queue-derived study fields,,2026-09-05T04:35:51Z,snapshot_fields,1.0
P::J707,DPP-2017-FEB,West,GIA,,,300.0,0.0,,2026-03-01,2026-03-01,2026-03-01,P::J707,BUFFALO 345KV,Queue-derived study fields,,2026-09-05T04:35:51Z,snapshot_fields,1.0
P::J708,DPP-2017-FEB,Central,GIA,,,847.0,0.0,,2026-03-01,2026-03-01,2026-03-01,P::J708,AB BROWN 138KV SUB,Queue-derived study fields,,2026-09-05T04:35:51Z,snapshot_fields,1.0
P::J709,DPP-2017-FEB,South,GIA,,,100.0,0.0,,2026-03-01,2026-03-01,2026-03-01,P::J709,GREEN SUBSTATION 230KV,Queue-derived study fields,,2026-09-05T04:35:51Z,snapshot_fields,1.0
P::J710,DPP-2017-FEB,South,GIA,,,20.0,0.0,,2026-03-01,2026-03-01,2026-03-01,P::J710,DUSON SCOTT LINE 69KV,Queue-derived study fields,,2026-09-05T04:35:51Z,snapshot_fields,1.0
P::J711,DPP-2016 AUG/2017-FEB,East (ITC),GIA,,,130.0,0.0,,2026-03-01,2026-03-01,2026-03-01,P::J711,SILVER RIVER 138KV,Queue-derived study fields,,2026-09-05T04:35:51Z,snapshot_fields,1.0
P::J712,DPP-2017-FEB,East (ATC),GIA,,,200.0,0.0,,2026-03-01,2026-03-01,2026-03-01,P::J712,HILL VALLEY 138KV SUBSTATION,Queue-derived study fields,,2026-09-05T04:35:51Z,snapshot_fields,1.0
P::J713,DPP-2017-AUG,West,GIA,,,300.0,0.0,,2026-03-01,2026-03-01,2026-03-01,P::J713,SQUARE BUTTE EAST 230KV SUBSTATION,Queue-derived study fields,,2026-09-05T04:35:51Z,snapshot_fields,1.0
P::J714,DPP-2017-AUG,Central,GIA,,,200.0,0.0,,2026-03-01,2026-03-01,2026-03-01,P::J714,FRANKFURT CAYUGA 230KV LINE,Queue-derived study fields,,2026-09-05T04:35:51Z,snapshot_fields,1.0
P::J715,DPP-2017-AUG,Central,GIA,,,100.0,0.0,,2026-03-01,2026-03-01,2026-03-01,P::J715,MCLEAN COUNTY OGLESBY 138KV LINE 1382,Queue-derived study fields,,2026-09-05T04:35:51Z,snapshot_fields,1.0
P::J717,DPP-2017-FEB,East (ITC),GIA,,,200.1,0.0,,2026-03-01,2026-03-01,2026-03-01,P::J717,EDENVILLE JUNCTION TO WARREN 138KV LINE,Queue-derived study fields,,2026-09-05T04:35:51Z,snapshot_fields,1.0
P::J718,DPP-2017-FEB,West,GIA,,,49.98,0.0,,2026-03-01,2026-03-01,2026-03-01,P::J718,CHERRY GROVE 69KV SUBSTATION,Queue-derived study fields,,2026-09-05T04:35:51Z,snapshot_fields,1.0
P::J720,DPP-2017-AUG,West,GIA,,,200.0,0.0,,2026-03-01,2026-03-01,2026-03-01,P::J720,LAKEFIELD RAUN 345KV LINE,Queue-derived study fields,,2026-09-05T04:35:51Z,snapshot_fields,1.0
P::J721,DPP-2017-FEB,West,GIA,,,200.0,0.0,,2026-03-01,2026-03-01,2026-03-01,P::J721,BIG STONE SOUTH SUBSTATION BIG STONE CITY,Queue-derived study fields,,2026-09-05T04:35:51Z,snapshot_fields,1.0
P::J722,DPP-2017-AUG,West,GIA,,,200.0,0.0,,2026-03-01,2026-03-01,2026-03-01,P::J722,BIG STONE SOUTH 230KV SUBSTATION,Queue-derived study fields,,2026-09-05T04:35:51Z,snapshot_fields,1.0
P::J725,DPP-2017-AUG,West,GIA,,,200.0,0.0,,2026-03-01,2026-03-01,2026-03-01,P::J725,CEDAR MOUNTAIN 345KV SUBSTATION,Queue-derived study fields,,2026-09-05T04:35:51Z,snapshot_fields,1.0
P::J726,DPP-2017-AUG,West,GIA,,,200.0,0.0,,2026-03-01,2026-03-01,2026-03-01,P::J726,CEDAR MOUNTAIN 345KV SUBSTATION,Queue-derived study fields,,2026-09-05T04:35:51Z,snapshot_fields,1.0
P::J728,DPP-2017-FEB,East (ITC),GIA,,,200.1,0.0,,2026-03-01,2026-03-01,2026-03-01,P::J728,EDENVILLE JUNCTION TO WARREN 138KV LINE,Queue-derived study fields,,2026-09-05T04:35:51Z,snapshot_fields,1.0
P::J731,DPP-2017-FEB,West,GIA,,,200.0,0.0,,2026-03-01,2026-03-01,2026-03-01,P::J731,KOSSUTH O BRIEN 345KV,Queue-derived study fields,,2026-09-05T04:35:51Z,snapshot_fields,1.0
P::J732,DPP-2017-AUG,East (ATC),GIA,,,561.5,0.0,,2026-03-01,2026-03-01,2026-03-01,P::J732,ARROWHEAD STONE LAKE 345KV LINE,Queue-derived study fields,,2026-09-05T04:35:51Z,snapshot_fields,1.0
P::J733,DPP-2017-FEB,West,GIA,,,200.0,0.0,,2026-03-01,2026-03-01,2026-03-01,P::J733,J416 345KV INTERCONNECTION FACILITITIES TO BE OWNED BY ITCM,Queue-derived study fields,,2026-09-05T04:35:51Z,snapshot_fields,1.0
P::J734,DPP-2017-FEB,Central,GIA,,,57.1,0.0,,2026-03-01,2026-03-01,2026-03-01,P::J734,GIBSON CITY SOUTH SUBSTATION,Queue-derived study fields,,2026-09-05T04:35:51Z,snapshot_fields,1.0
P::J739,DPP-2017-FEB,West,GIA,,,200.0,0.0,,2026-03-01,2026-03-01,2026-03-01,P::J739,LYON COUNTY 345KV SUBSTATION,Queue-derived study fields,,2026-09-05T04:35:51Z,snapshot_fields,1.0
P::J740,DPP-2017-FEB,Central,GIA,,,200.0,0.0,,2026-03-01,2026-03-01,2026-03-01,P::J740,REYNOLD 345KV SUBSTATION,Queue-derived study fields,,2026-09-05T04:35:51Z,snapshot_fields,1.0
P::J741,DPP-2017-FEB,West,GIA,,,51.0,0.0,,2026-03-01,2026-03-01,2026-03-01,P::J741,WISHEK LINTON 115KV,Queue-derived study fields,,2026-09-05T04:35:51Z,snapshot_fields,1.0
P::J743,DPP-2017-AUG,West,GIA,,,200.0,0.0,,2026-03-01,2026-03-01,2026-03-01,P::J743,BISON 345KV SUBSTATION,Queue-derived study fields,,2026-09-05T04:35:51Z,snapshot_fields,1.0
P::J745,DPP-2017-FEB,West,GIA,,,100.0,0.0,,2026-03-01,2026-03-01,2026-03-01,P::J745,NOBLES FENTON 115KV,Queue-derived study fields,,2026-09-05T04:35:51Z,snapshot_fields,1.0
P::J746,DPP-2017-FEB,West,GIA,,,200.0,0.0,,2026-03-01,2026-03-01,2026-03-01,P::J746,STANTON MCHENRY 230KV,Queue-derived study fields,,2026-09-05T04:35:51Z,snapshot_fields,1.0
P::J747,DPP-2017-FEB,West,GIA,,,200.0,0.0,,2026-03-01,2026-03-01,2026-03-01,P::J747,BROOKING COUNTY BIG STONE SOUTH J510 TAP J630 TAP 345KV LINE,Queue-derived study fields,,2026-09-05T04:35:51Z,snapshot_fields,1.0
P::J748,DPP-2017-FEB,West,GIA,,,200.0,0.0,,2026-03-01,2026-03-01,2026-03-01,P::J748,HIGHLAND RAUN 345KV LINE TAP,Queue-derived study fields,,2026-09-05T04:35:51Z,snapshot_fields,1.0
P::J749,DPP-2017-FEB,East (ITC),GIA,,,20.0,0.0,,2026-03-01,2026-03-01,2026-03-01,P::J749,REDSTONE 138KV SUBSTATION,Queue-derived study fields,,2026-09-05T04:35:51Z,snapshot_fields,1.0
P::J750,DPP-2017-AUG,Central,GIA,,,150.0,0.0,,2026-03-01,2026-03-01,2026-03-01,P::J750,WESTCHESTER 138KV SUBSTATION,Queue-derived study fields,,2026-09-05T04:35:51Z,snapshot_fields,1.0
P::J752,DPP-2017-FEB,East (ITC),GIA,,,100.0,0.0,,2026-03-01,2026-03-01,2026-03-01,P::J752,RINGLE 345KV SWITCHYARD,Queue-derived study fields,,2026-09-05T04:35:51Z,snapshot_fields,1.0
P::J753,DPP-2017-FEB,Central,GIA,,,100.0,0.0,,2026-03-01,2026-03-01,2026-03-01,P::J753,HARDINSBURG SUB 161KV,Queue-derived study fields,,2026-09-05T04:35:51Z,snapshot_fields,1.0
P::J754,DPP-2017-FEB,Central,GIA,,,303.6,0.0,,2026-03-01,2026-03-01,2026-03-01,P::J754,CAYUGA NUCOR 345KV,Queue-derived study fields,,2026-09-05T04:35:51Z,snapshot_fields,1.0
P::J756,DPP-2017-FEB,Central,GIA,,,202.4,0.0,,2026-03-01,2026-03-01,2026-03-01,P::J756,MASON CITY TO FOGARTY 138KV,Queue-derived study fields,,2026-09-05T04:35:51Z,snapshot_fields,1.0
P::J757,DPP-2017-FEB,Central,GIA,,,303.6,0.0,,2026-03-01,2026-03-01,2026-03-01,P::J757,AUSTIN MEREDOSIA 345KV LINE,Queue-derived study fields,,2026-09-05T04:35:51Z,snapshot_fields,1.0
P::J758,DPP-2017-FEB,East (ITC),GIA,,,200.0,0.0,,2026-03-01,2026-03-01,2026-03-01,P::J758,VERONA FOUNDRY 138KV,Queue-derived study fields,,2026-09-05T04:35:51Z,snapshot_fields,1.0
P::J759,DPP-2017-FEB,Central,GIA,,,70.0,0.0,,2026-03-01,2026-03-01,2026-03-01,P::J759,TROY 161KV SUB,Queue-derived study fields,,2026-09-05T04:35:51Z,snapshot_fields,1.0
P::J760,DPP-2017-FEB,East (ATC),GIA,,,30.0,0.0,,2026-03-01,2026-03-01,2026-03-01,P::J760,NEW KITTY HAWK 345KV SUBSTATION,Queue-derived study fields,,2026-09-05T04:35:51Z,snapshot_fields,1.0
P::J761,DPP-2017-FEB,West,GIA,,,200.0,0.0,,2026-03-01,2026-03-01,2026-03-01,P::J761,HUNTLEY 345KV SUB,Queue-derived study fields,,2026-09-05T04:35:51Z,snapshot_fields,1.0
P::J762,DPP-2017-FEB,Central,GIA,,,200.0,0.0,,2026-03-01,2026-03-01,2026-03-01,P::J762,MEADE SUB 161KV,Queue-derived study fields,,2026-09-05T04:35:51Z,snapshot_fields,1.0
P::J766,DPP-2017-FEB,West,GIA,,,3.84,0.0,,2026-03-01,2026-03-01,2026-03-01,P::J766,SQUARE BUTTE 230KV SUBSTATION,Queue-derived study fields,,2026-09-05T04:35:51Z,snapshot_fields,1.0
P::J767,DPP-2017-FEB,West,GIA,,,12.0,0.0,,2026-03-01,2026-03-01,2026-03-01,P::J767,LIME CREEK 161KV SUBSTATION,Queue-derived study fields,,2026-09-05T04:35:51Z,snapshot_fields,1.0
P::J768,DPP-2017-FEB,West,GIA,,,12.0,0.0,,2026-03-01,2026-03-01,2026-03-01,P::J768,STORY COUNTY SUBSTATION,Queue-derived study fields,,2026-09-05T04:35:51Z,snapshot_fields,1.0
P::J769,DPP-2017-FEB,West,GIA,,,33.0,0.0,,2026-03-01,2026-03-01,2026-03-01,P::J769,KINGMAN RUN BIRD ISLAND 69KV,Queue-derived study fields,,2026-09-05T04:35:51Z,snapshot_fields,1.0
P::J770,DPP-2017-FEB,West,GIA,,,90.0,0.0,,2026-03-01,2026-03-01,2026-03-01,P::J770,BIRD ISLAND TO HENRYVILLE TAP 69KV LINE,Queue-derived study fields,,2026-09-05T04:35:51Z,snapshot_fields,1.0
P::J771,DPP-2017-FEB,West,GIA,,,50.0,0.0,,2026-03-01,2026-03-01,2026-03-01,P::J771,LAKE KORONIS PAYNESVILLE 69KV,Queue-derived study fields,,2026-09-05T04:35:51Z,snapshot_fields,1.0
P::J776,DPP-2017-FEB,West,GIA,,,99.0,0.0,,2026-03-01,2026-03-01,2026-03-01,P::J776,BLACK HAWK KILLDEER 345KV,Queue-derived study fields,,2026-09-05T04:35:51Z,snapshot_fields,1.0
P::J777,DPP-2017-FEB,West,GIA,,,99.0,0.0,,2026-03-01,2026-03-01,2026-03-01,P::J777,WHISPERING WILLOW 161KV SUBSTATION,Queue-derived study fields,,2026-09-05T04:35:51Z,snapshot_fields,1.0
P::J779,DPP-2017-FEB,West,GIA,,,51.0,0.0,,2026-03-01,2026-03-01,2026-03-01,P::J779,BISMARCK LINTON 115KV,Queue-derived study fields,,2026-09-05T04:35:51Z,snapshot_fields,1.0
P::J780,DPP-2017-FEB,West,GIA,,,200.0,0.0,,2026-03-01,2026-03-01,2026-03-01,P::J780,HARVEY UNDERWOOD 230KV LINE,Queue-derived study fields,,2026-09-05T04:35:51Z,snapshot_fields,1.0
P::J782,DPP-2017-FEB,Central,GIA,,,100.0,0.0,,2026-03-01,2026-03-01,2026-03-01,P::J782,STODDART SUB 161KV,Queue-derived study fields,,2026-09-05T04:35:51Z,snapshot_fields,1.0
P::J783,DPP-2017-FEB,Central,GIA,,,70.0,0.0,,2026-03-01,2026-03-01,2026-03-01,P::J783,GRANDVIEW SUB,Queue-derived study fields,,2026-09-05T04:35:51Z,snapshot_fields,1.0
P::J785,DPP-2017-AUG,West,GIA,,,105.0,0.0,,2026-03-01,2026-03-01,2026-03-01,P::J785,LAKEFIELD JUNCTION HUNTLEY 345KV LINE TAP,Queue-derived study fields,,2026-09-05T04:35:51Z,snapshot_fields,1.0
P::J793,DPP-2017-AUG,East (ITC),GIA,,,1175.0,0.0,,2026-03-01,2026-03-01,2026-03-01,P::J793,BELLE RIVER FITZ 2 345KV LINE TAP,Queue-derived study fields,,2026-09-05T04:35:51Z,snapshot_fields,1.0
P::J794,DPP-2017-AUG,East (ITC),GIA,,,12.5,0.0,,2026-03-01,2026-03-01,2026-03-01,P::J794,J589 138KV SUBSTATION REGAL SUMMERTON 138KV LINE,Queue-derived study fields,,2026-09-05T04:35:51Z,snapshot_fields,1.0
P::J795,DPP-2017-AUG,Central,GIA,,,69.0,0.0,,2026-03-01,2026-03-01,2026-03-01,P::J795,GALLATIN JUNCTION 161KV SUBSTATION,Queue-derived study fields,,2026-09-05T04:35:51Z,snapshot_fields,1.0
P::J796,DPP-2017-AUG,East (ITC),GIA,,,239.0,0.0,,2026-03-01,2026-03-01,2026-03-01,P::J796,GOSS 138KV SUBSTATION,Queue-derived study fields,,2026-09-05T04:35:51Z,snapshot_fields,1.0
P::J797,DPP-2017-AUG,Central,GIA,,,70.0,0.0,,2026-03-01,2026-03-01,2026-03-01,P::J797,ASHLEY 138KV SUBSTATION,Queue-derived study fields,,2026-09-05T04:35:51Z,snapshot_fields,1.0
P::J798,DPP-2017-AUG,East (ATC),GIA,,,124.0,0.0,,2026-03-01,2026-03-01,2026-03-01,P::J798,UNIVERSITY MUKWANAGO UNIG52 LINE TAP,Queue-derived study fields,,2026-09-05T04:35:51Z,snapshot_fields,1.0
P::J799,DPP-2017-AUG,East (ITC),GIA,,,189.0,0.0,,2026-03-01,2026-03-01,2026-03-01,P::J799,MILAN PIONEER 120KV LINE TAP,Queue-derived study fields,,2026-09-05T04:35:51Z,snapshot_fields,1.0
P::J800,DPP-2017-AUG,Central,GIA,,,250.0,0.0,,2026-03-01,2026-03-01,2026-03-01,P::J800,CROSSVILLE WEST SUBSTATION 138KV BUS ALBION SOUTH NORRIS CITY 138KV LINE,Queue-derived study fields,,2026-09-05T04:35:51Z,snapshot_fields,1.0
P::J801,DPP-2017-AUG,West,GIA,,,74.0,0.0,,2026-03-01,2026-03-01,2026-03-01,P::J801,CRYSTAL CAVE ROCK ELM 161KV LINE TAP,Queue-derived study fields,,2026-09-05T04:35:51Z,snapshot_fields,1.0
P::J802,DPP-2017-AUG,Central,GIA,,,1244.0,0.0,,2026-03-01,2026-03-01,2026-03-01,P::J802,CAYUGA 345KV SUBSTATION,Queue-derived study fields,,2026-09-05T04:35:51Z,snapshot_fields,1.0
P::J803,DPP-2017-AUG,West,GIA,,,32.5,0.0,,2026-03-01,2026-03-01,2026-03-01,P::J803,TRACY 69KV LINE,Queue-derived study fields,,2026-09-05T04:35:51Z,snapshot_fields,1.0
P::J804,DPP-2017-AUG,Central,GIA,,,119.0,0.0,,2026-03-01,2026-03-01,2026-03-01,P::J804,DECATUR 138KV SUBSTATION,Queue-derived study fields,,2026-09-05T04:35:51Z,snapshot_fields,1.0
P::J805,DPP-2017-AUG,Central,GIA,,,199.0,0.0,,2026-03-01,2026-03-01,2026-03-01,P::J805,GWYNNEVILLE 345KV SUBSTATION,Queue-derived study fields,,2026-09-05T04:35:51Z,snapshot_fields,1.0
P::J806,DPP-2017-AUG,East (ITC),GIA,,,149.0,0.0,,2026-03-01,2026-03-01,2026-03-01,P::J806,RICE CREEK VROOMAN 138KV LINE TAP,Queue-derived study fields,,2026-09-05T04:35:51Z,snapshot_fields,1.0
P::J807,DPP-2017-AUG,East (ATC),GIA,,,41.4,0.0,,2026-03-01,2026-03-01,2026-03-01,P::J807,DARLINGTON HILLMAN 138KV LINE FALCON SUBSTATION J395,Queue-derived study fields,,2026-09-05T04:35:51Z,snapshot_fields,1.0
P::J808,DPP-2017-AUG,Central,GIA,,,99.0,0.0,,2026-03-01,2026-03-01,2026-03-01,P::J808,ASTER SUBSTATION 138KV BUS,Queue-derived study fields,,2026-09-05T04:35:51Z,snapshot_fields,1.0
P::J809,DPP-2017-AUG,East (ITC),GIA,,,99.0,0.0,,2026-03-01,2026-03-01,2026-03-01,P::J809,BASS CREEK BLACK RIVER 138KV LINE TAP,Queue-derived study fields,,2026-09-05T04:35:51Z,snapshot_fields,1.0
P::J810,DPP-2017-AUG,West,GIA,,,145.5,0.0,,2026-03-01,2026-03-01,2026-03-01,P::J810,ATLANTIC TO ADAIR 161KV LINE,Queue-derived study fields,,2026-09-05T04:35:51Z,snapshot_fields,1.0
P::J811,DPP-2017-AUG,Central,GIA,,,99.0,0.0,,2026-03-01,2026-03-01,2026-03-01,P::J811,RAMSEY EAST 138KV SUBSTATION,Queue-derived study fields,,2026-09-05T04:35:51Z,snapshot_fields,1.0
P::J812,DPP-2017-AUG,East (ITC),GIA,,,1217.0,0.0,,2026-03-01,2026-03-01,2026-03-01,P::J812,COVERT PALISADES 345KV LINE,Queue-derived study fields,,2026-09-05T04:35:51Z,snapshot_fields,1.0
P::J813,DPP-2017-AUG,Central,GIA,,,275.0,0.0,,2026-03-01,2026-03-01,2026-03-01,P::J813,LOUISVILLE SOUTH SUBSTATION 138KV LINE,Queue-derived study fields,,2026-09-05T04:35:51Z,snapshot_fields,1.0
P::J814,DPP-2017-AUG,West,GIA,,,99.9,0.0,,2026-03-01,2026-03-01,2026-03-01,P::J814,EAU CLAIRE ARPIN 345KV LINE,Queue-derived study fields,,2026-09-05T04:35:51Z,snapshot_fields,1.0
P::J815,DPP-2017-AUG,Central,GIA,,,250.0,0.0,,2026-03-01,2026-03-01,2026-03-01,P::J815,TAYLORVILLE SOUTH AUSTIN FORMERLY PAWNEE 138KV LINE,Queue-derived study fields,,2026-09-05T04:35:51Z,snapshot_fields,1.0
P::J816,DPP-2017-AUG,West,GIA,,,60.0,0.0,,2026-03-01,2026-03-01,2026-03-01,P::J816,BUFFALO 115KV SUBSTATION,Queue-derived study fields,,2026-09-05T04:35:51Z,snapshot_fields,1.0
P::J817,DPP-2017-AUG,Central,GIA,,,139.0,0.0,,2026-03-01,2026-03-01,2026-03-01,P::J817,WARRENTON 161KV SUBSTATION,Queue-derived study fields,,2026-09-05T04:35:51Z,snapshot_fields,1.0
P::J818,DPP-2017-AUG,East (ATC),GIA,,,149.0,0.0,,2026-03-01,2026-03-01,2026-03-01,P::J818,JEFFERSON 138KV SUBSTATION,Queue-derived study fields,,2026-09-05T04:35:51Z,snapshot_fields,1.0
P::J819,DPP-2017-AUG,East (ATC),GIA,,,99.9,0.0,,2026-03-01,2026-03-01,2026-03-01,P::J819,DARLINGTON 138KV SUBSTATION,Queue-derived study fields,,2026-09-05T04:35:51Z,snapshot_fields,1.0
P::J820,DPP-2017-AUG,East (ITC),GIA,,,100.05,0.0,,2026-03-01,2026-03-01,2026-03-01,P::J820,ONEIDA 345KV SUBSTATION,Queue-derived study fields,,2026-09-05T04:35:51Z,snapshot_fields,1.0
P::J821,DPP-2017-AUG,East (ATC),GIA,,,99.9,0.0,,2026-03-01,2026-03-01,2026-03-01,P::J821,WEIN STRATFORD 115KV LINE TAP,Queue-derived study fields,,2026-09-05T04:35:51Z,snapshot_fields,1.0
P::J822,DPP-2017-AUG,South,GIA,,,100.0,0.0,,2026-03-01,2026-03-01,2026-03-01,P::J822,LYNCH SES SWITCHYARD CARLISLE 115KV LINE,Queue-derived study fields,,2026-09-05T04:35:51Z,snapshot_fields,1.0
P::J823,DPP-2017-AUG,West,GIA,,,50.0,0.0,,2026-03-01,2026-03-01,2026-03-01,P::J823,TWIN RIVERS TWIN RIVERS TAP PALMYRA 161KV LINE,Queue-derived study fields,,2026-09-05T04:35:51Z,snapshot_fields,1.0
P::J824,DPP-2017-AUG,Central,GIA,,,245.0,0.0,,2026-03-01,2026-03-01,2026-03-01,P::J824,VIGO FARMERSBURG JUNCTION 138KV LINE,Queue-derived study fields,,2026-09-05T04:35:51Z,snapshot_fields,1.0
P::J825,DPP-2017-AUG,East (ATC),GIA,,,99.9,0.0,,2026-03-01,2026-03-01,2026-03-01,P::J825,NORTH MONROE ALBANY 138KV LINE,Queue-derived study fields,,2026-09-05T04:35:51Z,snapshot_fields,1.0
P::J826,DPP-2017-AUG,Central,GIA,,,100.0,0.0,,2026-03-01,2026-03-01,2026-03-01,P::J826,WEEDMAN SUBSTATION 138KV BUS,Queue-derived study fields,,2026-09-05T04:35:51Z,snapshot_fields,1.0
P::J827,DPP-2017-AUG,Central,GIA,,,300.0,0.0,,2026-03-01,2026-03-01,2026-03-01,P::J827,LAFAYETTE VEEDSBURG WEST ATTICA 230KV LINE,Queue-derived study fields,,2026-09-05T04:35:51Z,snapshot_fields,1.0
P::J828,DPP-2017-AUG,Central,GIA,,,151.8,0.0,,2026-03-01,2026-03-01,2026-03-01,P::J828,CRAWFORDSVILLE LINDEN TAP 138KV LINE,Queue-derived study fields,,2026-09-05T04:35:51Z,snapshot_fields,1.0
P::J829,DPP-2017-AUG,Central,GIA,,,250.0,0.0,,2026-03-01,2026-03-01,2026-03-01,P::J829,DRESSER MEROM 345KV LINE,Queue-derived study fields,,2026-09-05T04:35:51Z,snapshot_fields,1.0
P::J830,DPP-2017-AUG,South,GIA,,,100.0,0.0,,2026-03-01,2026-03-01,2026-03-01,P::J830,CANTON SOUTH TO HOY ROAD 230KV LINE,Queue-derived study fields,,2026-09-05T04:35:51Z,snapshot_fields,1.0
P::J831,DPP-2017-AUG,East (ATC),GIA,,,48.0,0.0,,2026-03-01,2026-03-01,2026-03-01,P::J831,PORT WASHINGTON GENERATING SWITCHYARD 138KV,Queue-derived study fields,,2026-09-05T04:35:51Z,snapshot_fields,1.0
P::J832,DPP-2017-AUG,East (ITC),GIA,,,100.0,0.0,,2026-03-01,2026-03-01,2026-03-01,P::J832,PORT CALCITE RIGGSVILLE 138KV LINE,Queue-derived study fields,,2026-09-05T04:35:51Z,snapshot_fields,1.0
P::J833,DPP-2017-AUG,East (ITC),GIA,,,100.0,0.0,,2026-03-01,2026-03-01,2026-03-01,P::J833,MILAN PIONEER 120KV LINE TAP,Queue-derived study fields,,2026-09-05T04:35:51Z,snapshot_fields,1.0
P::J834,DPP-2017-AUG,South,GIA,,,100.0,0.0,,2026-03-01,2026-03-01,2026-03-01,P::J834,ROBERT E RITCHIE 230KV SUBSTATION,Queue-derived study fields,,2026-09-05T04:35:51Z,snapshot_fields,1.0
P::J835,DPP-2017-AUG,Central,GIA,,,200.0,0.0,,2026-03-01,2026-03-01,2026-03-01,P::J835,MEREDOSIA AUSTIN 345KV LINE,Queue-derived study fields,,2026-09-05T04:35:51Z,snapshot_fields,1.0
P::J836,DPP-2017-AUG,West,GIA,,,200.0,0.0,,2026-03-01,2026-03-01,2026-03-01,P::J836,LEDYARD 345KV SUBSTATION,Queue-derived study fields,,2026-09-05T04:35:51Z,snapshot_fields,1.0
P::J837,DPP-2017-AUG,Central,GIA,,,200.1,0.0,,2026-03-01,2026-03-01,2026-03-01,P::J837,REYNOLDS 345KV SUBSTATION,Queue-derived study fields,,2026-09-05T04:35:51Z,snapshot_fields,1.0
P::J838,DPP-2017-AUG,Central,GIA,,,200.1,0.0,,2026-03-01,2026-03-01,2026-03-01,P::J838,REYNOLDS 345KV SUBSTATION,Queue-derived study fields,,2026-09-05T04:35:51Z,snapshot_fields,1.0
P::J839,DPP-2017-AUG,East (ITC),GIA,,,100.0,0.0,,2026-03-01,2026-03-01,2026-03-01,P::J839,OTSEGO TAP OTSEGO 120KV LINE TAP,Queue-derived study fields,,2026-09-05T04:35:51Z,snapshot_fields,1.0
P::J840,DPP-2017-AUG,West,GIA,,,150.0,0.0,,2026-03-01,2026-03-01,2026-03-01,P::J840,KOSSUTH WEBSTER 345KV LINE,Queue-derived study fields,,2026-09-05T04:35:51Z,snapshot_fields,1.0
P::J841,DPP-2017-AUG,East (ITC),GIA,,,725.0,0.0,,2026-03-01,2026-03-01,2026-03-01,P::J841,ORR RD 138KV SUBSTATION,Queue-derived study fields,,2026-09-05T04:35:51Z,snapshot_fields,1.0
P::J842,DPP-2017-AUG,Central,GIA,,,200.0,0.0,,2026-03-01,2026-03-01,2026-03-01,P::J842,GIBSON BROWN 345KV LINE,Queue-derived study fields,,2026-09-05T04:35:51Z,snapshot_fields,1.0
P::J843,DPP-2017-AUG,Central,GIA,,,200.0,0.0,,2026-03-01,2026-03-01,2026-03-01,P::J843,GIBSON FRANCISCO 345KV LINE,Queue-derived study fields,,2026-09-05T04:35:51Z,snapshot_fields,1.0
P::J844,DPP-2017-AUG,Central,GIA,,,300.0,0.0,,2026-03-01,2026-03-01,2026-03-01,P::J844,SANDBURG SUBSTATION 138KV BUS,Queue-derived study fields,,2026-09-05T04:35:51Z,snapshot_fields,1.0
P::J845,DPP-2017-AUG,Central,GIA,,,120.0,0.0,,2026-03-01,2026-03-01,2026-03-01,P::J845,GIBSON CITY SOUTH PAXTON EAST 138KV LINE,Queue-derived study fields,,2026-09-05T04:35:51Z,snapshot_fields,1.0
P::J846,DPP-2017-AUG,East (ITC),GIA,,,140.0,0.0,,2026-03-01,2026-03-01,2026-03-01,P::J846,MOORE ROADTYD COLDWATER CREEK 138KV LINE TAP,Queue-derived study fields,,2026-09-05T04:35:51Z,snapshot_fields,1.0
P::J847,DPP-2017-AUG,Central,GIA,,,90.0,0.0,,2026-03-01,2026-03-01,2026-03-01,P::J847,SCHAHFER TAP 138KV SUBSTATION,Queue-derived study fields,,2026-09-05T04:35:51Z,snapshot_fields,1.0
P::J848,DPP-2017-AUG,Central,GIA,,,250.0,0.0,,2026-03-01,2026-03-01,2026-03-01,P::J848,PANA SUBSTATION 138KV BUS,Queue-derived study fields,,2026-09-05T04:35:51Z,snapshot_fields,1.0
P::J849,DPP-2017-AUG,East (ITC),GIA,,,125.0,0.0,,2026-03-01,2026-03-01,2026-03-01,P::J849,CHANDLER 138KV SUBSTATION,Queue-derived study fields,,2026-09-05T04:35:51Z,snapshot_fields,1.0
P::J850,DPP-2017-AUG,East (ATC),GIA,,,250.0,0.0,,2026-03-01,2026-03-01,2026-03-01,P::J850,RCEC BRADFORD W DARIEN 138KV LINE,Queue-derived study fields,,2026-09-05T04:35:51Z,snapshot_fields,1.0
P::J851,DPP-2017-AUG,Central,GIA,,,50.0,0.0,,2026-03-01,2026-03-01,2026-03-01,P::J851,FALL CREEK NEW CASTLE 138KV LINE,Queue-derived study fields,,2026-09-05T04:35:51Z,snapshot_fields,1.0
P::J852,DPP-2017-AUG,South,GIA,,,100.0,0.0,,2026-03-01,2026-03-01,2026-03-01,P::J852,RILLA RIVERTON 115KV LINE TAP,Queue-derived study fields,,2026-09-05T04:35:51Z,snapshot_fields,1.0
P::J853,DPP-2017-AUG,Central,GIA,,,149.0,0.0,,2026-03-01,2026-03-01,2026-03-01,P::J853,NORRIS CITY NORTH SUBSTATION 138KV BUS,Queue-derived study fields,,2026-09-05T04:35:51Z,snapshot_fields,1.0
P::J854,DPP-2017-AUG,Central,GIA,,,30.0,0.0,,2026-03-01,2026-03-01,2026-03-01,P::J854,BALDWIN 138KV SUBSTATION,Queue-derived study fields,,2026-09-05T04:35:51Z,snapshot_fields,1.0
P::J855,DPP-2017-AUG,East (ATC),GIA,,,100.0,0.0,,2026-03-01,2026-03-01,2026-03-01,P::J855,LANCASTER EDEN 138KV LINE TAP,Queue-derived study fields,,2026-09-05T04:35:51Z,snapshot_fields,1.0
P::J856,DPP-2017-AUG,Central,GIA,,,80.0,0.0,,2026-03-01,2026-03-01,2026-03-01,P::J856,SCOTT TWP 138 69 138KV SUBSTATION,Queue-derived study fields,,2026-09-05T04:35:51Z,snapshot_fields,1.0
P::J857,DPP-2017-AUG,East (ITC),GIA,,,124.95,0.0,,2026-03-01,2026-03-01,2026-03-01,P::J857,VERONA FOUNDRY 138KV LINE TAP,Queue-derived study fields,,2026-09-05T04:35:51Z,snapshot_fields,1.0
P::J858,DPP-2017-AUG,South,GIA,,,140.0,0.0,,2026-03-01,2026-03-01,2026-03-01,P::J858,HILO 115KV SWITCH,Queue-derived study fields,,2026-09-05T04:35:51Z,snapshot_fields,1.0
P::J859,DPP-2017-AUG,Central,GIA,,,149.94,0.0,,2026-03-01,2026-03-01,2026-03-01,P::J859,FREDERICK NORTH MEREDOSIA EAST 138KV LINE,Queue-derived study fields,,2026-09-05T04:35:51Z,snapshot_fields,1.0
P::J860,DPP-2017-AUG,South,GIA,,,200.0,0.0,,2026-03-01,2026-03-01,2026-03-01,P::J860,NEW JEFFERSON DAVIS 138KV SUBSTATION,Queue-derived study fields,,2026-09-05T04:35:51Z,snapshot_fields,1.0
P::J861,DPP-2017-AUG,East (ITC),GIA,,,99.96,0.0,,2026-03-01,2026-03-01,2026-03-01,P::J861,DEAD RIVER ARNOLD 345KV LINE,Queue-derived study fields,,2026-09-05T04:35:51Z,snapshot_fields,1.0
P::J862,DPP-2017-AUG,South,GIA,,,20.0,0.0,,2026-03-01,2026-03-01,2026-03-01,P::J862,NASA MICHOUD 115KV LINE,Queue-derived study fields,,2026-09-05T04:35:51Z,snapshot_fields,1.0
P::J863,DPP-2017-AUG,West,GIA,,,220.0,0.0,,2026-03-01,2026-03-01,2026-03-01,P::J863,ROSEMOUNT NININGER 115KV LINE,Queue-derived study fields,,2026-09-05T04:35:51Z,snapshot_fields,1.0
P::J864,DPP-2017-AUG,East (ATC),GIA,,,49.98,0.0,,2026-03-01,2026-03-01,2026-03-01,P::J864,LONE ROCK 69KV SUBSTATION,Queue-derived study fields,,2026-09-05T04:35:51Z,snapshot_fields,1.0
P::J865,DPP-2017-AUG,East (ITC),GIA,,,79.97,0.0,,2026-03-01,2026-03-01,2026-03-01,P::J865,LEE MENLO 120KV LINE,Queue-derived study fields,,2026-09-05T04:35:51Z,snapshot_fields,1.0
P::J866,DPP-2017-AUG,South,GIA,,,200.0,0.0,,2026-03-01,2026-03-01,2026-03-01,P::J866,BATESVILLE ROBERT E RITCHIE 230KV LINE,Queue-derived study fields,,2026-09-05T04:35:51Z,snapshot_fields,1.0
P::J867,DPP-2017-AUG,South,GIA,,,200.0,0.0,,2026-03-01,2026-03-01,2026-03-01,P::J867,GULF LIVINGSTON SHECO MENARD,Queue-derived study fields,,2026-09-05T04:35:51Z,snapshot_fields,1.0
P::J868,DPP-2017-AUG,South,GIA,,,37.2,0.0,,2026-03-01,2026-03-01,2026-03-01,P::J868,PLANTATION 115KV SUBSTATION,Queue-derived study fields,,2026-09-05T04:35:51Z,snapshot_fields,1.0
P::J869,DPP-2017-AUG,West,GIA,,,49.98,0.0,,2026-03-01,2026-03-01,2026-03-01,P::J869,CABLE CABLE TAP 69KV SUBSTATION,Queue-derived study fields,,2026-09-05T04:35:51Z,snapshot_fields,1.0
P::J870,DPP-2017-AUG,East (ATC),GIA,,,200.0,0.0,,2026-03-01,2026-03-01,2026-03-01,P::J870,EDEN WYOMING VALLEY 138KV LINE TAP,Queue-derived study fields,,2026-09-05T04:35:51Z,snapshot_fields,1.0
P::J871,DPP-2017-AUG,East (ATC),GIA,,,100.0,0.0,,2026-03-01,2026-03-01,2026-03-01,P::J871,EDEN WYOMING VALLEY 138KV LINE TAP,Queue-derived study fields,,2026-09-05T04:35:51Z,snapshot_fields,1.0
P::J872,DPP-2017-AUG,Central,GIA,,,200.0,0.0,,2026-03-01,2026-03-01,2026-03-01,P::J872,BLUE MOUNT TAP ON THE PANA ROUTE 51D 1462 138KV LINE,Queue-derived study fields,,2026-09-05T04:35:51Z,snapshot_fields,1.0
P::J873,DPP-2017-AUG,West,GIA,,,200.0,0.0,,2026-03-01,2026-03-01,2026-03-01,P::J873,KILLDEER BLACKHAWK 345KV LINE,Queue-derived study fields,,2026-09-05T04:35:51Z,snapshot_fields,1.0
P::J874,DPP-2017-AUG,West,GIA,,,150.0,0.0,,2026-03-01,2026-03-01,2026-03-01,P::J874,FENTON CHANARAMBIE 115KV LINE,Queue-derived study fields,,2026-09-05T04:35:51Z,snapshot_fields,1.0
P::J875,DPP-2017-AUG,East (ITC),GIA,,,150.0,0.0,,2026-03-01,2026-03-01,2026-03-01,P::J875,PAR RAISIN ROAD 138KV LINE,Queue-derived study fields,,2026-09-05T04:35:51Z,snapshot_fields,1.0
P::J876,DPP-2017-AUG,West,GIA,,,200.0,0.0,,2026-03-01,2026-03-01,2026-03-01,P::J876,HUNTLEY 345KV SUB,Queue-derived study fields,,2026-09-05T04:35:51Z,snapshot_fields,1.0
P::J877,DPP-2017-AUG,West,GIA,,,250.0,0.0,,2026-03-01,2026-03-01,2026-03-01,P::J877,OBRIEN KOSSUTH 345KV LINE J529 J590 NEW SUBSTATION,Queue-derived study fields,,2026-09-05T04:35:51Z,snapshot_fields,1.0
P::J878,DPP-2017-AUG,East (ATC),GIA,,,200.0,0.0,,2026-03-01,2026-03-01,2026-03-01,P::J878,PARIS 138KV SUBSTATION,Queue-derived study fields,,2026-09-05T04:35:51Z,snapshot_fields,1.0
P::J879,DPP-2017-AUG,East (ITC),GIA,,,70.0,0.0,,2026-03-01,2026-03-01,2026-03-01,P::J879,NORTH LAKE 138KV SUBSTATION,Queue-derived study fields,,2026-09-05T04:35:51Z,snapshot_fields,1.0
P::J880,DPP-2017-AUG,West,GIA,,,150.0,0.0,,2026-03-01,2026-03-01,2026-03-01,P::J880,MAGIC CITY 230KV SUB,Queue-derived study fields,,2026-09-05T04:35:51Z,snapshot_fields,1.0
P::J881,DPP-2017-AUG,Central,GIA,,,45.0,0.0,,2026-03-01,2026-03-01,2026-03-01,P::J881,NEWTON 138KV SUBSTATION,Queue-derived study fields,,2026-09-05T04:35:51Z,snapshot_fields,1.0
P::J882,DPP-2017-AUG,Central,GIA,,,15.0,0.0,,2026-03-01,2026-03-01,2026-03-01,P::J882,COFFEEN NORTH 138KV SUBSTATION,Queue-derived study fields,,2026-09-05T04:35:51Z,snapshot_fields,1.0
P::J883,DPP-2017-AUG,Central,GIA,,,80.0,0.0,,2026-03-01,2026-03-01,2026-03-01,P::J883,MONTICELLO EAST WINAMAC,Queue-derived study fields,,2026-09-05T04:35:51Z,snapshot_fields,1.0
P::J884,DPP-2017-AUG,Central,GIA,,,100.0,0.0,,2026-03-01,2026-03-01,2026-03-01,P::J884,BROKAW GIBSON CITY SOUTH 138KV LINE,Queue-derived study fields,,2026-09-05T04:35:51Z,snapshot_fields,1.0
P::J885,DPP-2017-AUG,West,GIA,,,64.0,0.0,,2026-03-01,2026-03-01,2026-03-01,P::J885,J407 GLENWORTH 161KV SUBSTATION,Queue-derived study fields,,2026-09-05T04:35:51Z,snapshot_fields,1.0
P::J886,DPP-2017-AUG,East (ATC),GIA,,,150.0,0.0,,2026-03-01,2026-03-01,2026-03-01,P::J886,KEWAUNEE 138KV SUBSTATION,Queue-derived study fields,,2026-09-05T04:35:51Z,snapshot_fields,1.0
P::J887,DPP-2017-AUG,Central,GIA,,,75.0,0.0,,2026-03-01,2026-03-01,2026-03-01,P::J887,G545 138KV SUBSTATION,Queue-derived study fields,,2026-09-05T04:35:51Z,snapshot_fields,1.0
P::J888,DPP-2017-AUG,South,GIA,,,25.0,0.0,,2026-03-01,2026-03-01,2026-03-01,P::J888,BENNDALE 69KV SUBSTATION,Queue-derived study fields,,2026-09-05T04:35:51Z,snapshot_fields,1.0
P::J889,DPP-2017-AUG,West,GIA,,,150.0,0.0,,2026-03-01,2026-03-01,2026-03-01,P::J889,RAMSEY PRAIRIE 230KV LINE TAP,Queue-derived study fields,,2026-09-05T04:35:51Z,snapshot_fields,1.0
P::J890,DPP-2017-AUG,East (ITC),GIA,,,100.0,0.0,,2026-03-01,2026-03-01,2026-03-01,P::J890,PORT CALCITE RIGGSVILLE 138KV LINE,Queue-derived study fields,,2026-09-05T04:35:51Z,snapshot_fields,1.0
P::J891,DPP-2017-AUG,West,GIA,,,300.0,0.0,,2026-03-01,2026-03-01,2026-03-01,P::J891,BUFFALO RIDGE PIPESTONE 115KV LINE TAP,Queue-derived study fields,,2026-09-05T04:35:51Z,snapshot_fields,1.0
P::J892,DPP-2017-AUG,East (ATC),GIA,,,74.97,0.0,,2026-03-01,2026-03-01,2026-03-01,P::J892,BLUFF CREEK TAP TO SUGAR CREEK 138KV LINE TAP,Queue-derived study fields,,2026-09-05T04:35:51Z,snapshot_fields,1.0
P::J893,DPP-2017-AUG,South,GIA,,,100.0,0.0,,2026-03-01,2026-03-01,2026-03-01,P::J893,SEARCY PRICE SUB 161KV,Queue-derived study fields,,2026-09-05T04:35:51Z,snapshot_fields,1.0
P::J894,DPP-2017-AUG,South,GIA,,,45.0,0.0,,2026-03-01,2026-03-01,2026-03-01,P::J894,MCCRORY MOSES 161KV SUBSTATION,Queue-derived study fields,,2026-09-05T04:35:51Z,snapshot_fields,1.0
P::J895,DPP-2017-AUG,South,GIA,,,33.0,0.0,,2026-03-01,2026-03-01,2026-03-01,P::J895,CARLISLE LONOKE EAST 115KV LINE TAP,Queue-derived study fields,,2026-09-05T04:35:51Z,snapshot_fields,1.0
P::J896,DPP-2017-AUG,West,GIA,,,150.0,0.0,,2026-03-01,2026-03-01,2026-03-01,P::J896,VICTORY 161KV SUBSTATION,Queue-derived study fields,,2026-09-05T04:35:51Z,snapshot_fields,1.0
P::J897,DPP-2017-AUG,West,GIA,,,190.0,0.0,,2026-03-01,2026-03-01,2026-03-01,P::J897,PRAIRIE RAMSEY 230KV LINE,Queue-derived study fields,,2026-09-05T04:35:51Z,snapshot_fields,1.0
P::J898,DPP-2017-AUG,West,GIA,,,100.0,0.0,,2026-03-01,2026-03-01,2026-03-01,P::J898,RICE BEAVER CREEK 161KV LINE TAP,Queue-derived study fields,,2026-09-05T04:35:51Z,snapshot_fields,1.0
P::J899,DPP-2017-AUG,South,GIA,,,180.0,0.0,,2026-03-01,2026-03-01,2026-03-01,P::J899,GREEN FOREST SOUTH HARRISON WEST 161KV,Queue-derived study fields,,2026-09-05T04:35:51Z,snapshot_fields,1.0
P::J900,DPP-2017-AUG,South,GIA,,,200.0,0.0,,2026-03-01,2026-03-01,2026-03-01,P::J900,COLY VIGNES 230KV LINE,Queue-derived study fields,,2026-09-05T04:35:51Z,snapshot_fields,1.0
P::J901,DPP-2017-AUG,West,GIA,,,200.0,0.0,,2026-03-01,2026-03-01,2026-03-01,P::J901,LYON COUNTY CEDAR MOUNTAIN LINE,Queue-derived study fields,,2026-09-05T04:35:51Z,snapshot_fields,1.0
P::J902,DPP-2017-AUG,South,GIA,,,99.96,0.0,,2026-03-01,2026-03-01,2026-03-01,P::J902,AECC MIST TO MONTROSE 115KV LINE,Queue-derived study fields,,2026-09-05T04:35:51Z,snapshot_fields,1.0
P::J903,DPP-2017-AUG,Central,GIA,,,100.0,0.0,,2026-03-01,2026-03-01,2026-03-01,P::J903,GREENSBORO 138KV SUBSTATION,Queue-derived study fields,,2026-09-05T04:35:51Z,snapshot_fields,1.0
P::J904,DPP-2017-AUG,South,GIA,,,100.0,0.0,,2026-03-01,2026-03-01,2026-03-01,P::J904,HAMBURG MIST 115KV LINE,Queue-derived study fields,,2026-09-05T04:35:51Z,snapshot_fields,1.0
P::J905,DPP-2017-AUG,West,GIA,,,40.0,0.0,,2026-03-01,2026-03-01,2026-03-01,P::J905,BUFFALO RIDGE 115KV SUBSTATION,Queue-derived study fields,,2026-09-05T04:35:51Z,snapshot_fields,1.0
P::J906,DPP-2017-AUG,East (ITC),GIA,,,100.0,0.0,,2026-03-01,2026-03-01,2026-03-01,P::J906,KENOWA LUDINGTON 345KV LINE TAP,Queue-derived study fields,,2026-09-05T04:35:51Z,snapshot_fields,1.0
P::J907,DPP-2017-AUG,South,GIA,,,200.0,0.0,,2026-03-01,2026-03-01,2026-03-01,P::J907,BRINKLEY EAST AUBREY 230KV LINE,Queue-derived study fields,,2026-09-05T04:35:51Z,snapshot_fields,1.0
P::J908,DPP-2017-AUG,South,GIA,,,100.0,0.0,,2026-03-01,2026-03-01,2026-03-01,P::J908,WEBB 115KV SUBSTATION,Queue-derived study fields,,2026-09-05T04:35:51Z,snapshot_fields,1.0
P::J909,DPP-2017-AUG,South,GIA,,,100.0,0.0,,2026-03-01,2026-03-01,2026-03-01,P::J909,AMITE 115KV SUBSTATION,Queue-derived study fields,,2026-09-05T04:35:51Z,snapshot_fields,1.0
P::J910,DPP-2017-AUG,South,GIA,,,150.0,0.0,,2026-03-01,2026-03-01,2026-03-01,P::J910,CLINTON INDUSTRIAL 230KV SUBSTATION,Queue-derived study fields,,2026-09-05T04:35:51Z,snapshot_fields,1.0
P::J911,DPP-2017-AUG,South,GIA,,,150.0,0.0,,2026-03-01,2026-03-01,2026-03-01,P::J911,PORTER 230KV SUBSTATION,Queue-derived study fields,,2026-09-05T04:35:51Z,snapshot_fields,1.0
P::J912,DPP-2017-AUG,Central,GIA,,,100.0,0.0,,2026-03-01,2026-03-01,2026-03-01,P::J912,PANA SUBSTATION 138KV BUS,Queue-derived study fields,,2026-09-05T04:35:51Z,snapshot_fields,1.0
P::J913,DPP-2017-AUG,Central,GIA,,,200.0,0.0,,2026-03-01,2026-03-01,2026-03-01,P::J913,REYNOLDS 345KV SUBSTATION,Queue-derived study fields,,2026-09-05T04:35:51Z,snapshot_fields,1.0
P::J914,DPP-2017-AUG,East (ITC),GIA,,,30.0,0.0,,2026-03-01,2026-03-01,2026-03-01,P::J914,FILER CITY 138KV SUBSTATION,Queue-derived study fields,,2026-09-05T04:35:51Z,snapshot_fields,1.0
P::J915,DPP-2017-AUG,South,GIA,,,100.0,0.0,,2026-03-01,2026-03-01,2026-03-01,P::J915,PARKWAY EAST GATE 138KV LINE,Queue-derived study fields,,2026-09-05T04:35:51Z,snapshot_fields,1.0
P::J916,DPP-2017-AUG,West,GIA,,,2.0,0.0,,2026-03-01,2026-03-01,2026-03-01,P::J916,MOUNTAIN LAKE 69KV SUBSTATION,Queue-derived study fields,,2026-09-05T04:35:51Z,snapshot_fields,1.0
P::J917,DPP-2017-AUG,South,GIA,,,78.0,0.0,,2026-03-01,2026-03-01,2026-03-01,P::J917,TARKINGTON NEW LONG JOHN 138KV LINE TAP,Queue-derived study fields,,2026-09-05T04:35:51Z,snapshot_fields,1.0
P::J919,DPP-2017-AUG,South,GIA,,,180.0,0.0,,2026-03-01,2026-03-01,2026-03-01,P::J919,CASH NEWPORT AB 161KV LINE TAP,Queue-derived study fields,,2026-09-05T04:35:51Z,snapshot_fields,1.0
P::J920,DPP-2017-AUG,Central,GIA,,,100.0,0.0,,2026-03-01,2026-03-01,2026-03-01,P::J920,JOPPA 161KV SUBSTATION,Queue-derived study fields,,2026-09-05T04:35:51Z,snapshot_fields,1.0
P::J921,DPP-2017-AUG,East (ITC),GIA,,,146.7,0.0,,2026-03-01,2026-03-01,2026-03-01,P::J921,THOMPSON ROAD 138KV SUBSTATION,Queue-derived study fields,,2026-09-05T04:35:51Z,snapshot_fields,1.0
P::J922,DPP-2017-AUG,South,GIA,,,100.0,0.0,,2026-03-01,2026-03-01,2026-03-01,P::J922,LAKE VILLAGE BAGBY CHICOT 115KV LINE,Queue-derived study fields,,2026-09-05T04:35:51Z,snapshot_fields,1.0
P::J923,DPP-2017-AUG,South,GIA,,,50.0,0.0,,2026-03-01,2026-03-01,2026-03-01,P::J923,PORTER 230KV SUBSTATION,Queue-derived study fields,,2026-09-05T04:35:51Z,snapshot_fields,1.0
P::J924,DPP-2017-AUG,South,GIA,,,50.0,0.0,,2026-03-01,2026-03-01,2026-03-01,P::J924,BRINKLEY EAST AUBREY 230KV LINE,Queue-derived study fields,,2026-09-05T04:35:51Z,snapshot_fields,1.0
P::J925,DPP-2017-AUG,East (ITC),GIA,,,50.0,0.0,,2026-03-01,2026-03-01,2026-03-01,P::J925,NORTH COURNNA BELL ROAD 138KV LINE,Queue-derived study fields,,2026-09-05T04:35:51Z,snapshot_fields,1.0
P::J926,DPP-2017-AUG,West,GIA,,,101.28,0.0,,2026-03-01,2026-03-01,2026-03-01,P::J926,PINE LAKE APPLE RIVER 161KV LINE,Queue-derived study fields,,2026-09-05T04:35:51Z,snapshot_fields,1.0
P::J927,DPP-2017-AUG,West,GIA,,,100.0,0.0,,2026-03-01,2026-03-01,2026-03-01,P::J927,WALTERS 69KV SUBSTATION,Queue-derived study fields,,2026-09-05T04:35:51Z,snapshot_fields,1.0
P::J928,DPP-2017-AUG,East (ITC),GIA,,,79.99,0.0,,2026-03-01,2026-03-01,2026-03-01,P::J928,GARDEN CORNERS 138KV SUBSTATION,Queue-derived study fields,,2026-09-05T04:35:51Z,snapshot_fields,1.0
P::J929,DPP-2017-AUG,West,GIA,,,25.0,0.0,,2026-03-01,2026-03-01,2026-03-01,P::J929,WISHEK 41 6KV SUBSTATION,Queue-derived study fields,,2026-09-05T04:35:51Z,snapshot_fields,1.0
P::J930,DPP-2017-AUG,West,GIA,,,38.0,0.0,,2026-03-01,2026-03-01,2026-03-01,P::J930,BOYDEN SHELDON 69KV LINE,Queue-derived study fields,,2026-09-05T04:35:51Z,snapshot_fields,1.0
P::J931,DPP-2017-AUG,East (ITC),GIA,,,150.0,0.0,,2026-03-01,2026-03-01,2026-03-01,P::J931,KENOWA 345KV SUBSTATION,Queue-derived study fields,,2026-09-05T04:35:51Z,snapshot_fields,1.0
P::J932,DPP-2017-AUG,South,GIA,,,100.0,0.0,,2026-03-01,2026-03-01,2026-03-01,P::J932,PORTER CHINA 230KV LINE,Queue-derived study fields,,2026-09-05T04:35:51Z,snapshot_fields,1.0
P::J933,DPP-2017-AUG,West,GIA,,,200.0,0.0,,2026-03-01,2026-03-01,2026-03-01,P::J933,ELLENDALE BIG STONE SOUTH 345KV LINE,Queue-derived study fields,,2026-09-05T04:35:51Z,snapshot_fields,1.0
P::J934,DPP-2017-AUG,South,GIA,,,200.0,0.0,,2026-03-01,2026-03-01,2026-03-01,P::J934,KUHN 161KV SUBSTATION,Queue-derived study fields,,2026-09-05T04:35:51Z,snapshot_fields,1.0
P::J935,DPP-2017-AUG,West,GIA,,,200.0,0.0,,2026-03-01,2026-03-01,2026-03-01,P::J935,HUBBARD BADOURA 230KV LINE,Queue-derived study fields,,2026-09-05T04:35:51Z,snapshot_fields,1.0
P::J936,DPP-2017-AUG,East (ITC),GIA,,,535.0,0.0,,2026-03-01,2026-03-01,2026-03-01,P::J936,ARGENTA TOMPKINS 345KV LINE TAP,Queue-derived study fields,,2026-09-05T04:35:51Z,snapshot_fields,1.0
P::J937,DPP-2017-AUG,East (ITC),GIA,,,535.0,0.0,,2026-03-01,2026-03-01,2026-03-01,P::J937,ARGENTA TOMPKINS 345KV LINE TAP,Queue-derived study fields,,2026-09-05T04:35:51Z,snapshot_fields,1.0
P::J938,DPP-2017-AUG,West,GIA,,,50.0,0.0,,2026-03-01,2026-03-01,2026-03-01,P::J938,EMMESTBURG FREEDOM 69KV LINE,Queue-derived study fields,,2026-09-05T04:35:51Z,snapshot_fields,1.0
P::J939,DPP-2017-AUG,West,GIA,,,38.0,0.0,,2026-03-01,2026-03-01,2026-03-01,P::J939,CLARION EAGLE GROVE 69KV LINE,Queue-derived study fields,,2026-09-05T04:35:51Z,snapshot_fields,1.0
P::J940,DPP-2017-AUG,West,GIA,,,100.0,0.0,,2026-03-01,2026-03-01,2026-03-01,P::J940,JAMESTOWN CENTER 345KV LINE,Queue-derived study fields,,2026-09-05T04:35:51Z,snapshot_fields,1.0
P::J941,DPP-2017-AUG,West,GIA,,,200.0,0.0,,2026-03-01,2026-03-01,2026-03-01,P::J941,BIG STONE BROOKINGS COUNTY 345KV LINE,Queue-derived study fields,,2026-09-05T04:35:51Z,snapshot_fields,1.0
P::J942,DPP-2017-AUG,South,GIA,,,107.0,0.0,,2026-03-01,2026-03-01,2026-03-01,P::J942,CASH NEWPORT AB 161KV LINE TAP,Queue-derived study fields,,2026-09-05T04:35:51Z,snapshot_fields,1.0
P::J943,DPP-2017-AUG,West,GIA,,,200.0,0.0,,2026-03-01,2026-03-01,2026-03-01,P::J943,J460 SUBSTATION ON THE BROOKINGS H081 345KV LINE,Queue-derived study fields,,2026-09-05T04:35:51Z,snapshot_fields,1.0
P::J944,DPP-2017-AUG,South,GIA,,,200.0,0.0,,2026-03-01,2026-03-01,2026-03-01,P::J944,PORTAGEVILLE NEW MADRID 161KV LINE,Queue-derived study fields,,2026-09-05T04:35:51Z,snapshot_fields,1.0
P::J945,DPP-2017-AUG,South,GIA,,,200.0,0.0,,2026-03-01,2026-03-01,2026-03-01,P::J945,GERALD ANDRUS CLINTON INDUSTRIAL 230KV LINE,Queue-derived study fields,,2026-09-05T04:35:51Z,snapshot_fields,1.0
P::J946,DPP-2017-AUG,West,GIA,,,200.0,0.0,,2026-03-01,2026-03-01,2026-03-01,P::J946,BISON 345KV SUBSTATION,Queue-derived study fields,,2026-09-05T04:35:51Z,snapshot_fields,1.0
P::J947,DPP-2017-AUG,East (ATC),GIA,,,200.0,0.0,,2026-03-01,2026-03-01,2026-03-01,P::J947,POTOSIS HILLMAN 138KV LINE,Queue-derived study fields,,2026-09-05T04:35:51Z,snapshot_fields,1.0
P::J948,DPP-2017-AUG,South,GIA,,,100.0,0.0,,2026-03-01,2026-03-01,2026-03-01,P::J948,HARRISBURG TAP HARRISBURG 161KV LINE,Queue-derived study fields,,2026-09-05T04:35:51Z,snapshot_fields,1.0
P::J949,DPP-2017-AUG,Central,GIA,,,200.0,0.0,,2026-03-01,2026-03-01,2026-03-01,P::J949,KANSAS SUBSTATION 138KV BUS 3,Queue-derived study fields,,2026-09-05T04:35:51Z,snapshot_fields,1.0
P::J951,DPP-2018-APR,West,GIA,,,80.0,0.0,,2026-03-01,2026-03-01,2026-03-01,P::J951,DONALDSON WARSAW 115KV LINE TAP,Queue-derived study fields,,2026-09-05T04:35:51Z,snapshot_fields,1.0
P::J952,DPP-2018-APR,West,GIA,,,54.0,0.0,,2026-03-01,2026-03-01,2026-03-01,P::J952,MCLAUGHLIN MCINTOSH JUNCTION 115KV LINE TAP,Queue-derived study fields,,2026-09-05T04:35:51Z,snapshot_fields,1.0
P::J953,DPP-2018-APR,West,GIA,,,2.0,0.0,,2026-03-01,2026-03-01,2026-03-01,P::J953,AMIL IOW_AFRYT,Queue-derived study fields,,2026-09-05T04:35:51Z,snapshot_fields,1.0
P::J954,DPP-2018-APR,West,GIA,,,1.4,0.0,,2026-03-01,2026-03-01,2026-03-01,P::J954,AMIL IOW_AFRYT,Queue-derived study fields,,2026-09-05T04:35:51Z,snapshot_fields,1.0
P::J955,DPP-2018-APR,Central,GIA,,,1165.0,0.0,,2026-03-01,2026-03-01,2026-03-01,P::J955,AUSTIN SUBSTATION 345KV BUS,Queue-derived study fields,,2026-09-05T04:35:51Z,snapshot_fields,1.0
P::J956,DPP-2018-APR,Central,GIA,,,200.0,0.0,,2026-03-01,2026-03-01,2026-03-01,P::J956,SPENCER CREEK 345KV SUBSTATION,Queue-derived study fields,,2026-09-05T04:35:51Z,snapshot_fields,1.0
P::J957,DPP-2018-APR,Central,GIA,,,800.0,0.0,,2026-03-01,2026-03-01,2026-03-01,P::J957,MAYWOOD 345KV SUBSTATION,Queue-derived study fields,,2026-09-05T04:35:51Z,snapshot_fields,1.0
P::J958,DPP-2018-APR,West,GIA,,,100.0,0.0,,2026-03-01,2026-03-01,2026-03-01,P::J958,BUFFALO RIDGE 115KV SUBSTATION,Queue-derived study fields,,2026-09-05T04:35:51Z,snapshot_fields,1.0
P::J959,DPP-2018-APR,West,GIA,,,150.0,0.0,,2026-03-01,2026-03-01,2026-03-01,P::J959,WINDSOR 161KV SUBSTATION,Queue-derived study fields,,2026-09-05T04:35:51Z,snapshot_fields,1.0
P::J960,DPP-2018-APR,East (ITC),GIA,,,400.0,0.0,,2026-03-01,2026-03-01,2026-03-01,P::J960,LIVINGSTON 345KV SUBSTATION,Queue-derived study fields,,2026-09-05T04:35:51Z,snapshot_fields,1.0
P::J961,DPP-2018-APR,South,GIA,,,150.0,0.0,,2026-03-01,2026-03-01,2026-03-01,P::J961,LIVONIA WILBERT 138KV LINE TAP,Queue-derived study fields,,2026-09-05T04:35:51Z,snapshot_fields,1.0
P::J962,DPP-2018-APR,South,GIA,,,100.0,0.0,,2026-03-01,2026-03-01,2026-03-01,P::J962,TWINKLETOWN 230KV SUBSTATION,Queue-derived study fields,,2026-09-05T04:35:51Z,snapshot_fields,1.0
P::J963,DPP-2018-APR,West,GIA,,,9.0,0.0,,2026-03-01,2026-03-01,2026-03-01,P::J963,BENNETT CIPCO GRAHAM 69KV LINE TAP,Queue-derived study fields,,2026-09-05T04:35:51Z,snapshot_fields,1.0
P::J964,DPP-2018-APR,South,GIA,,,70.0,0.0,,2026-03-01,2026-03-01,2026-03-01,P::J964,EDWARDS BOLTON 115KV LINE TAP,Queue-derived study fields,,2026-09-05T04:35:51Z,snapshot_fields,1.0
P::J965,DPP-2018-APR,West,GIA,,,150.0,0.0,,2026-03-01,2026-03-01,2026-03-01,P::J965,LAKEFIELD GENERATION SW 345KV SUBSTATION,Queue-derived study fields,,2026-09-05T04:35:51Z,snapshot_fields,1.0
P::J966,DPP-2018-APR,West,GIA,,,400.0,0.0,,2026-03-01,2026-03-01,2026-03-01,P::J966,ZACHARY 345KV SUBSTATION,Queue-derived study fields,,2026-09-05T04:35:51Z,snapshot_fields,1.0
P::J967,DPP-2018-APR,West,GIA,,,150.0,0.0,,2026-03-01,2026-03-01,2026-03-01,P::J967,ADAMS 345KV SUBSTATION,Queue-derived study fields,,2026-09-05T04:35:51Z,snapshot_fields,1.0
P::J968,DPP-2018-APR,Central,GIA,,,200.0,0.0,,2026-03-01,2026-03-01,2026-03-01,P::J968,REYNOLDS 345KV SUBSTATION,Queue-derived study fields,,2026-09-05T04:35:51Z,snapshot_fields,1.0
P::J969,DPP-2018-APR,East (ITC),GIA,,,100.0,0.0,,2026-03-01,2026-03-01,2026-03-01,P::J969,KIRK 345KV SUBSTATION,Queue-derived study fields,,2026-09-05T04:35:51Z,snapshot_fields,1.0
P::J970,DPP-2018-APR,East (ITC),GIA,,,50.0,0.0,,2026-03-01,2026-03-01,2026-03-01,P::J970,MIO DAM GAYLORD 138KV LINE TAP,Queue-derived study fields,,2026-09-05T04:35:51Z,snapshot_fields,1.0
P::J971,DPP-2018-APR,West,GIA,,,250.0,0.0,,2026-03-01,2026-03-01,2026-03-01,P::J971,NOBLES CO FENTON 115KV LINE TAP,Queue-derived study fields,,2026-09-05T04:35:51Z,snapshot_fields,1.0
P::J972,DPP-2018-APR,South,GIA,,,140.0,0.0,,2026-03-01,2026-03-01,2026-03-01,P::J972,HUGHES FOREST CITY SOUTH 161KV LINE,Queue-derived study fields,,2026-09-05T04:35:51Z,snapshot_fields,1.0
P::J973,DPP-2018-APR,Central,GIA,,,250.0,0.0,,2026-03-01,2026-03-01,2026-03-01,P::J973,KANSAS WEST 345KV SUBSTATION,Queue-derived study fields,,2026-09-05T04:35:51Z,snapshot_fields,1.0
P::J974,DPP-2018-APR,Central,GIA,,,250.0,0.0,,2026-03-01,2026-03-01,2026-03-01,P::J974,MAPLERIDGE 345KV SWITCHING STATION,Queue-derived study fields,,2026-09-05T04:35:51Z,snapshot_fields,1.0
P::J975,DPP-2018-APR,West,GIA,,,150.0,0.0,,2026-03-01,2026-03-01,2026-03-01,P::J975,BUFFALO 115KV SUBSTATION,Queue-derived study fields,,2026-09-05T04:35:51Z,snapshot_fields,1.0
P::J976,DPP-2018-APR,Central,GIA,,,300.0,0.0,,2026-03-01,2026-03-01,2026-03-01,P::J976,MONTGOMERY ENON 345KV LINE TAP,Queue-derived study fields,,2026-09-05T04:35:51Z,snapshot_fields,1.0
P::J977,DPP-2018-APR,West,GIA,,,300.0,0.0,,2026-03-01,2026-03-01,2026-03-01,P::J977,JACKSON NORTH 161KV SUBSTATION,Queue-derived study fields,,2026-09-05T04:35:51Z,snapshot_fields,1.0
P::J978,DPP-2018-APR,East (ITC),GIA,,,100.0,0.0,,2026-03-01,2026-03-01,2026-03-01,P::J978,EUREKA VESTABURG 138KV LINE TAP,Queue-derived study fields,,2026-09-05T04:35:51Z,snapshot_fields,1.0
P::J979,DPP-2018-APR,Central,GIA,,,200.0,0.0,,2026-03-01,2026-03-01,2026-03-01,P::J979,PANA SUBSTATION 345KV BUS,Queue-derived study fields,,2026-09-05T04:35:51Z,snapshot_fields,1.0
P::J980,DPP-2018-APR,Central,GIA,,,200.0,0.0,,2026-03-01,2026-03-01,2026-03-01,P::J980,PANA SUBSTATION 345KV BUS,Queue-derived study fields,,2026-09-05T04:35:51Z,snapshot_fields,1.0
P::J981,DPP-2018-APR,West,GIA,,,200.0,0.0,,2026-03-01,2026-03-01,2026-03-01,P::J981,SUB T 345KV SUBSTATION,Queue-derived study fields,,2026-09-05T04:35:51Z,snapshot_fields,1.0
P::J982,DPP-2018-APR,West,GIA,,,300.0,0.0,,2026-03-01,2026-03-01,2026-03-01,P::J982,OBRIEN COUNTY KOSSUTH 345KV LINE TAP,Queue-derived study fields,,2026-09-05T04:35:51Z,snapshot_fields,1.0
P::J983,DPP-2018-APR,Central,GIA,,,100.0,0.0,,2026-03-01,2026-03-01,2026-03-01,P::J983,OGLESBY MINONK TAP 138KV LINE TAP,Queue-derived study fields,,2026-09-05T04:35:51Z,snapshot_fields,1.0
P::J984,DPP-2018-APR,East (ITC),GIA,,,200.0,0.0,,2026-03-01,2026-03-01,2026-03-01,P::J984,NELSON ROAD MURPHY 345KV LINE,Queue-derived study fields,,2026-09-05T04:35:51Z,snapshot_fields,1.0
P::J985,DPP-2018-APR,Central,GIA,,,120.0,0.0,,2026-03-01,2026-03-01,2026-03-01,P::J985,MINER KELSO 161KV LINE TAP,Queue-derived study fields,,2026-09-05T04:35:51Z,snapshot_fields,1.0
P::J986,DPP-2018-APR,East (ATC),GIA,,,149.76,0.0,,2026-03-01,2026-03-01,2026-03-01,P::J986,PORT EDWARDS SAND LAKE 138KV,Queue-derived study fields,,2026-09-05T04:35:51Z,snapshot_fields,1.0
P::J987,DPP-2018-APR,Central,GIA,,,100.0,0.0,,2026-03-01,2026-03-01,2026-03-01,P::J987,MONTGOMERY 161KV SUBSTATION,Queue-derived study fields,,2026-09-05T04:35:51Z,snapshot_fields,1.0
P::J988,DPP-2018-APR,South,GIA,,,200.0,0.0,,2026-03-01,2026-03-01,2026-03-01,P::J988,W WAYNESBORO 230KV SUBSTATION,Queue-derived study fields,,2026-09-05T04:35:51Z,snapshot_fields,1.0
P::J989,DPP-2018-APR,East (ITC),GIA,,,80.0,0.0,,2026-03-01,2026-03-01,2026-03-01,P::J989,HALSEY 138KV SUBSTATION,Queue-derived study fields,,2026-09-05T04:35:51Z,snapshot_fields,1.0
P::J990,DPP-2018-APR,West,GIA,,,150.0,0.0,,2026-03-01,2026-03-01,2026-03-01,P::J990,SALEM 345KV SUBSTATION,Queue-derived study fields,,2026-09-05T04:35:51Z,snapshot_fields,1.0
P::J991,DPP-2018-APR,Central,GIA,,,200.0,0.0,,2026-03-01,2026-03-01,2026-03-01,P::J991,XENIA 345KV SWITCHING STATION,Queue-derived study fields,,2026-09-05T04:35:51Z,snapshot_fields,1.0
P::J992,DPP-2018-APR,Central,GIA,,,200.0,0.0,,2026-03-01,2026-03-01,2026-03-01,P::J992,WALTON 230KV SUBSTATION,Queue-derived study fields,,2026-09-05T04:35:51Z,snapshot_fields,1.0
P::J993,DPP-2018-APR,Central,GIA,,,200.0,0.0,,2026-03-01,2026-03-01,2026-03-01,P::J993,HORTONVILLE WHITESTOWN 345KV LINE TAP,Queue-derived study fields,,2026-09-05T04:35:51Z,snapshot_fields,1.0
P::J994,DPP-2018-APR,Central,GIA,,,100.0,0.0,,2026-03-01,2026-03-01,2026-03-01,P::J994,GUTHRIE 161KV SUBSTATION,Queue-derived study fields,,2026-09-05T04:35:51Z,snapshot_fields,1.0
P::J995,DPP-2018-APR,Central,GIA,,,100.0,0.0,,2026-03-01,2026-03-01,2026-03-01,P::J995,NW JERSEYVILLE NORTHWEST SUBSTATION 138KV BUS,Queue-derived study fields,,2026-09-05T04:35:51Z,snapshot_fields,1.0
P::J996,DPP-2018-APR,East (ITC),GIA,,,80.0,0.0,,2026-03-01,2026-03-01,2026-03-01,P::J996,BEECHER MORACO 138KV LINE,Queue-derived study fields,,2026-09-05T04:35:51Z,snapshot_fields,1.0
P::J997,DPP-2018-APR,West,GIA,,,200.0,0.0,,2026-03-01,2026-03-01,2026-03-01,P::J997,ELLENDALE 345KV SUB 230KV BUS 661098,Queue-derived study fields,,2026-09-05T04:35:51Z,snapshot_fields,1.0
P::J998,DPP-2018-APR,West,GIA,,,50.0,0.0,,2026-03-01,2026-03-01,2026-03-01,P::J998,ADEL WAUKEE 69KV LINE TAP,Queue-derived study fields,,2026-09-05T04:35:51Z,snapshot_fields,1.0
P::J999,DPP-2018-APR,West,GIA,,,100.0,0.0,,2026-03-01,2026-03-01,2026-03-01,P::J999,FAIRFAX 161KV SUBSTATION,Queue-derived study fields,,2026-09-05T04:35:51Z,snapshot_fields,1.0
P::M::J4062,0MW GIA,,,,,0.0,,,2026-03-01,2026-03-01,2026-03-01,P::M::J4062,RHODAIR,Queue-derived study fields,,2026-09-05T04:35:51Z,snapshot_fields,1.0
P::M::J4084,0MW GIA,,,,,0.0,,,2026-03-01,2026-03-01,2026-03-01,P::M::J4084,RHODAIR,Queue-derived study fields,,2026-09-05T04:35:51Z,snapshot_fields,1.0
P::M::J4146,0MW GIA,,,,,0.0,,,2026-03-01,2026-03-01,2026-03-01,P::M::J4146,,Queue-derived study fields,,2026-09-05T04:35:51Z,snapshot_fields,1.0
P::M::J4163,0MW GIA,,,,,0.0,,,2026-03-01,2026-03-01,2026-03-01,P::M::J4163,WILMAR EAST,Queue-derived study fields,,2026-09-05T04:35:51Z,snapshot_fields,1.0
P::M::J4175,DPP-2026,South,,,,770.0,,,2026-03-01,2026-03-01,2026-03-01,P::M::J4175,,Queue-derived study fields,,2026-09-05T04:35:51Z,snapshot_fields,1.0
P::M::J4177,DPP-2026,East (ATC),,,,735.0,,,2026-03-01,2026-03-01,2026-03-01,P::M::J4177,,Queue-derived study fields,,2026-09-05T04:35:51Z,snapshot_fields,1.0
P::M::J4178,DPP-2026,South,,,,755.0,,,2026-03-01,2026-03-01,2026-03-01,P::M::J4178,,Queue-derived study fields,,2026-09-05T04:35:51Z,snapshot_fields,1.0
P::M::J4179,DPP-2026,East (ATC),,,,735.0,,,2026-03-01,2026-03-01,2026-03-01,P::M::J4179,,Queue-derived study fields,,2026-09-05T04:35:51Z,snapshot_fields,1.0
P::M::J4180,DPP-2026,West,,,,755.0,,,2026-03-01,2026-03-01,2026-03-01,P::M::J4180,,Queue-derived study fields,,2026-09-05T04:35:51Z,snapshot_fields,1.0
P::M::J4181,DPP-2026,West,,,,755.0,,,2026-03-01,2026-03-01,2026-03-01,P::M::J4181,,Queue-derived study fields,,2026-09-05T04:35:51Z,snapshot_fields,1.0
P::M::J4182,ERAS Study Cycle 2,South,,,,0.0,,,2026-03-01,2026-03-01,2026-03-01,P::M::J4182,,Queue-derived study fields,,2026-09-05T04:35:51Z,snapshot_fields,1.0
P::M::J4184,DPP-2026,East (ATC),,,,755.0,,,2026-03-01,2026-03-01,2026-03-01,P::M::J4184,,Queue-derived study fields,,2026-09-05T04:35:51Z,snapshot_fields,1.0
P::M::J4185,DPP-2026,South,,,,755.0,,,2026-03-01,2026-03-01,2026-03-01,P::M::J4185,,Queue-derived study fields,,2026-09-05T04:35:51Z,snapshot_fields,1.0
P::M::J4186,DPP-2026,South,,,,1540.0,,,2026-03-01,2026-03-01,2026-03-01,P::M::J4186,,Queue-derived study fields,,2026-09-05T04:35:51Z,snapshot_fields,1.0
P::M::J4187,DPP-2026,West,,,,755.0,,,2026-03-01,2026-03-01,2026-03-01,P::M::J4187,,Queue-derived study fields,,2026-09-05T04:35:51Z,snapshot_fields,1.0
P::M::J4205,0MW GIA,,,,,0.0,,,2026-03-01,2026-03-01,2026-03-01,P::M::J4205,SUILLIVAN STATION ENTERGY0,Queue-derived study fields,,2026-09-05T04:35:51Z,snapshot_fields,1.0
P::M::J4206,DPP-2026,East (ITC),,,,100.0,,,2026-03-01,2026-03-01,2026-03-01,P::M::J4206,,Queue-derived study fields,,2026-09-05T04:35:51Z,snapshot_fields,1.0
P::M::J4207,DPP-2026,East (ITC),,,,100.0,,,2026-03-01,2026-03-01,2026-03-01,P::M::J4207,,Queue-derived study fields,,2026-09-05T04:35:51Z,snapshot_fields,1.0
P::M::J4208,DPP-2026,East (ITC),,,,100.0,,,2026-03-01,2026-03-01,2026-03-01,P::M::J4208,,Queue-derived study fields,,2026-09-05T04:35:51Z,snapshot_fields,1.0
P::M::J4209,DPP-2026,East (ITC),,,,100.0,,,2026-03-01,2026-03-01,2026-03-01,P::M::J4209,,Queue-derived study fields,,2026-09-05T04:35:51Z,snapshot_fields,1.0
P::M::J4210,DPP-2026,East (ITC),,,,250.0,,,2026-03-01,2026-03-01,2026-03-01,P::M::J4210,,Queue-derived study fields,,2026-09-05T04:35:51Z,snapshot_fields,1.0
P::M::J4211,0MW GIA,,,,,0.0,,,2026-03-01,2026-03-01,2026-03-01,P::M::J4211,,Queue-derived study fields,,2026-09-05T04:35:51Z,snapshot_fields,1.0
P::M::J4212,DPP-2026,East (ITC),,,,150.0,,,2026-03-01,2026-03-01,2026-03-01,P::M::J4212,,Queue-derived study fields,,2026-09-05T04:35:51Z,snapshot_fields,1.0
P::M::J4213,DPP-2026,South,,,,350.0,,,2026-03-01,2026-03-01,2026-03-01,P::M::J4213,,Queue-derived study fields,,2026-09-05T04:35:51Z,snapshot_fields,1.0
P::M::J4214,DPP-2026,South,,,,500.0,,,2026-03-01,2026-03-01,2026-03-01,P::M::J4214,,Queue-derived study fields,,2026-09-05T04:35:51Z,snapshot_fields,1.0
P::M::J4215,DPP-2026,South,,,,500.0,,,2026-03-01,2026-03-01,2026-03-01,P::M::J4215,,Queue-derived study fields,,2026-09-05T04:35:51Z,snapshot_fields,1.0
P::M::J4216,DPP-2026,South,,,,1500.0,,,2026-03-01,2026-03-01,2026-03-01,P::M::J4216,,Queue-derived study fields,,2026-09-05T04:35:51Z,snapshot_fields,1.0
P::M::J4217,DPP-2026,South,,,,800.0,,,2026-03-01,2026-03-01,2026-03-01,P::M::J4217,,Queue-derived study fields,,2026-09-05T04:35:51Z,snapshot_fields,1.0
P::M::J4218,DPP-2026,South,,,,800.0,,,2026-03-01,2026-03-01,2026-03-01,P::M::J4218,,Queue-derived study fields,,2026-09-05T04:35:51Z,snapshot_fields,1.0
P::M::J4219,DPP-2026,South,,,,1500.0,,,2026-03-01,2026-03-01,2026-03-01,P::M::J4219,,Queue-derived study fields,,2026-09-05T04:35:51Z,snapshot_fields,1.0
P::M::J4220,DPP-2026,South,,,,1500.0,,,2026-03-01,2026-03-01,2026-03-01,P::M::J4220,,Queue-derived study fields,,2026-09-05T04:35:51Z,snapshot_fields,1.0
P::M::J4221,DPP-2026,South,,,,1500.0,,,2026-03-01,2026-03-01,2026-03-01,P::M::J4221,,Queue-derived study fields,,2026-09-05T04:35:51Z,snapshot_fields,1.0
P::M::J4222,DPP-2026,Central,,,,300.0,,,2026-03-01,2026-03-01,2026-03-01,P::M::J4222,,Queue-derived study fields,,2026-09-05T04:35:51Z,snapshot_fields,1.0
P::M::J4223,DPP-2026,East (ITC),,,,250.0,,,2026-03-01,2026-03-01,2026-03-01,P::M::J4223,,Queue-derived study fields,,2026-09-05T04:35:51Z,snapshot_fields,1.0
P::M::J4224,DPP-2026,West,,,,250.0,,,2026-03-01,2026-03-01,2026-03-01,P::M::J4224,,Queue-derived study fields,,2026-09-05T04:35:51Z,snapshot_fields,1.0
P::M::J4225,DPP-2026,West,,,,250.0,,,2026-03-01,2026-03-01,2026-03-01,P::M::J4225,,Queue-derived study fields,,2026-09-05T04:35:51Z,snapshot_fields,1.0
P::M::J4226,DPP-2026,East (ATC),,,,150.0,,,2026-03-01,2026-03-01,2026-03-01,P::M::J4226,STORY COUNTY,Queue-derived study fields,,2026-09-05T04:35:51Z,snapshot_fields,1.0
P::M::J4227,DPP-2026,East (ATC),,,,150.0,,,2026-03-01,2026-03-01,2026-03-01,P::M::J4227,STORY COUNTY,Queue-derived study fields,,2026-09-05T04:35:51Z,snapshot_fields,1.0
P::M::J4228,DPP-2026,East (ITC),,,,100.0,,,2026-03-01,2026-03-01,2026-03-01,P::M::J4228,,Queue-derived study fields,,2026-09-05T04:35:51Z,snapshot_fields,1.0
P::M::J4229,DPP-2026,West,,,,350.0,,,2026-03-01,2026-03-01,2026-03-01,P::M::J4229,,Queue-derived study fields,,2026-09-05T04:35:51Z,snapshot_fields,1.0
P::M::J4230,DPP-2026,West,,,,250.0,,,2026-03-01,2026-03-01,2026-03-01,P::M::J4230,,Queue-derived study fields,,2026-09-05T04:35:51Z,snapshot_fields,1.0
P::M::J4231,DPP-2026,Central,,,,400.0,,,2026-03-01,2026-03-01,2026-03-01,P::M::J4231,,Queue-derived study fields,,2026-09-05T04:35:51Z,snapshot_fields,1.0
P::M::J4232,DPP-2026,Central,,,,200.0,,,2026-03-01,2026-03-01,2026-03-01,P::M::J4232,,Queue-derived study fields,,2026-09-05T04:35:51Z,snapshot_fields,1.0
P::M::J4233,DPP-2026,East (ITC),,,,300.0,,,2026-03-01,2026-03-01,2026-03-01,P::M::J4233,,Queue-derived study fields,,2026-09-05T04:35:51Z,snapshot_fields,1.0
P::M::J4234,DPP-2026,East (ITC),,,,300.0,,,2026-03-01,2026-03-01,2026-03-01,P::M::J4234,,Queue-derived study fields,,2026-09-05T04:35:51Z,snapshot_fields,1.0
P::M::J4235,DPP-2026,West,,,,500.0,,,2026-03-01,2026-03-01,2026-03-01,P::M::J4235,DUANE ARNOLD,Queue-derived study fields,,2026-09-05T04:35:51Z,snapshot_fields,1.0
P::M::J4236,DPP-2026,South,,,,400.0,,,2026-03-01,2026-03-01,2026-03-01,P::M::J4236,,Queue-derived study fields,,2026-09-05T04:35:51Z,snapshot_fields,1.0
P::M::J4237,DPP-2026,East (ITC),,,,200.0,,,2026-03-01,2026-03-01,2026-03-01,P::M::J4237,,Queue-derived study fields,,2026-09-05T04:35:51Z,snapshot_fields,1.0
P::M::J4238,DPP-2026,Central,,,,125.0,,,2026-03-01,2026-03-01,2026-03-01,P::M::J4238,,Queue-derived study fields,,2026-09-05T04:35:51Z,snapshot_fields,1.0
P::M::J4239,DPP-2026,South,,,,770.0,,,2026-03-01,2026-03-01,2026-03-01,P::M::J4239,,Queue-derived study fields,,2026-09-05T04:35:51Z,snapshot_fields,1.0
P::M::J4240,DPP-2026,West,,,,250.0,,,2026-03-01,2026-03-01,2026-03-01,P::M::J4240,BIG STONE SOUTH 345KV SUBSTATION,Queue-derived study fields,,2026-09-05T04:35:51Z,snapshot_fields,1.0
P::M::J4241,DPP-2026,Central,,,,2220.0,,,2026-03-01,2026-03-01,2026-03-01,P::M::J4241,SIOUX,Queue-derived study fields,,2026-09-05T04:35:51Z,snapshot_fields,1.0
P::M::J4242,DPP-2026,South,,,,115.0,,,2026-03-01,2026-03-01,2026-03-01,P::M::J4242,,Queue-derived study fields,,2026-09-05T04:35:51Z,snapshot_fields,1.0
P::M::J4243,DPP-2026,South,,,,100.0,,,2026-03-01,2026-03-01,2026-03-01,P::M::J4243,,Queue-derived study fields,,2026-09-05T04:35:51Z,snapshot_fields,1.0
P::M::J4244,DPP-2026,South,,,,100.0,,,2026-03-01,2026-03-01,2026-03-01,P::M::J4244,,Queue-derived study fields,,2026-09-05T04:35:51Z,snapshot_fields,1.0
P::M::J4245,DPP-2026,South,,,,770.0,,,2026-03-01,2026-03-01,2026-03-01,P::M::J4245,,Queue-derived study fields,,2026-09-05T04:35:51Z,snapshot_fields,1.0
P::M::J4246,DPP-2026,South,,,,560.0,,,2026-03-01,2026-03-01,2026-03-01,P::M::J4246,,Queue-derived study fields,,2026-09-05T04:35:51Z,snapshot_fields,1.0
P::M::J4247,DPP-2026,Central,,,,120.0,,,2026-03-01,2026-03-01,2026-03-01,P::M::J4247,,Queue-derived study fields,,2026-09-05T04:35:51Z,snapshot_fields,1.0
P::M::J4248,DPP-2026,South,,,,770.0,,,2026-03-01,2026-03-01,2026-03-01,P::M::J4248,,Queue-derived study fields,,2026-09-05T04:35:51Z,snapshot_fields,1.0
P::M::J4249,DPP-2026,East (ATC),,,,100.0,,,2026-03-01,2026-03-01,2026-03-01,P::M::J4249,,Queue-derived study fields,,2026-09-05T04:35:51Z,snapshot_fields,1.0
P::M::J4250,DPP-2026,West,,,,200.0,,,2026-03-01,2026-03-01,2026-03-01,P::M::J4250,,Queue-derived study fields,,2026-09-05T04:35:51Z,snapshot_fields,1.0
P::M::J4251,DPP-2026,West,,,,200.0,,,2026-03-01,2026-03-01,2026-03-01,P::M::J4251,,Queue-derived study fields,,2026-09-05T04:35:51Z,snapshot_fields,1.0
P::M::J4252,DPP-2026,West,,,,250.0,,,2026-03-01,2026-03-01,2026-03-01,P::M::J4252,,Queue-derived study fields,,2026-09-05T04:35:51Z,snapshot_fields,1.0
P::M::J4253,DPP-2026,Central,,,,86.0,,,2026-03-01,2026-03-01,2026-03-01,P::M::J4253,,Queue-derived study fields,,2026-09-05T04:35:51Z,snapshot_fields,1.0
P::M::J4254,DPP-2026,Central,,,,250.0,,,2026-03-01,2026-03-01,2026-03-01,P::M::J4254,,Queue-derived study fields,,2026-09-05T04:35:51Z,snapshot_fields,1.0
P::M::J4255,DPP-2026,Central,,,,300.0,,,2026-03-01,2026-03-01,2026-03-01,P::M::J4255,,Queue-derived study fields,,2026-09-05T04:35:51Z,snapshot_fields,1.0
P::M::J4256,DPP-2026,Central,,,,2015.0,,,2026-03-01,2026-03-01,2026-03-01,P::M::J4256,,Queue-derived study fields,,2026-09-05T04:35:51Z,snapshot_fields,1.0
P::M::J4257,DPP-2026,Central,,,,80.0,,,2026-03-01,2026-03-01,2026-03-01,P::M::J4257,,Queue-derived study fields,,2026-09-05T04:35:51Z,snapshot_fields,1.0
P::M::J4258,DPP-2026,South,,,,787.3,,,2026-03-01,2026-03-01,2026-03-01,P::M::J4258,,Queue-derived study fields,,2026-09-05T04:35:51Z,snapshot_fields,1.0
P::M::J4259,DPP-2026,Central,,,,200.0,,,2026-03-01,2026-03-01,2026-03-01,P::M::J4259,,Queue-derived study fields,,2026-09-05T04:35:51Z,snapshot_fields,1.0
P::M::J4260,DPP-2026,Central,,,,250.0,,,2026-03-01,2026-03-01,2026-03-01,P::M::J4260,PLOVER,Queue-derived study fields,,2026-09-05T04:35:51Z,snapshot_fields,1.0
P::M::J4261,DPP-2026,East (ATC),,,,200.0,,,2026-03-01,2026-03-01,2026-03-01,P::M::J4261,,Queue-derived study fields,,2026-09-05T04:35:51Z,snapshot_fields,1.0
P::M::J4262,DPP-2026,Central,,,,250.0,,,2026-03-01,2026-03-01,2026-03-01,P::M::J4262,TAZEWELL,Queue-derived study fields,,2026-09-05T04:35:51Z,snapshot_fields,1.0
P::M::R1008,,,,,,0.0,,,2026-03-01,2026-03-01,2026-03-01,P::M::R1008,J499 ARBOR HILLS,Queue-derived study fields,,2026-09-05T04:35:51Z,snapshot_fields,1.0
P::M::R1009,,,,,,0.0,,,2026-03-01,2026-03-01,2026-03-01,P::M::R1009,CONSUMERS ENERGY 138KV PROGRESS ST SUBSTATION,Queue-derived study fields,,2026-09-05T04:35:51Z,snapshot_fields,1.0
P::M::R1010,,,,,,0.0,,,2026-03-01,2026-03-01,2026-03-01,P::M::R1010,,Queue-derived study fields,,2026-09-05T04:35:51Z,snapshot_fields,1.0
P::M::R1013,,,,,,0.0,,,2026-03-01,2026-03-01,2026-03-01,P::M::R1013,AB BROWN 138KV SUBSTATION,Queue-derived study fields,,2026-09-05T04:35:51Z,snapshot_fields,1.0
P::M::R1014,,,,,,0.0,,,2026-03-01,2026-03-01,2026-03-01,P::M::R1014,EDGEWATER 345KV,Queue-derived study fields,,2026-09-05T04:35:51Z,snapshot_fields,1.0
P::M::R1017,,,,,,0.0,,,2026-03-01,2026-03-01,2026-03-01,P::M::R1017,BURLINGTON 161KV,Queue-derived study fields,,2026-09-05T04:35:51Z,snapshot_fields,1.0
P::M::R1020,,,,,,0.0,,,2026-03-01,2026-03-01,2026-03-01,P::M::R1020,ITC DAEC SUBSTATION 161KV,Queue-derived study fields,,2026-09-05T04:35:51Z,snapshot_fields,1.0
P::M::R1021,,,,,,0.0,,,2026-03-01,2026-03-01,2026-03-01,P::M::R1021,PETERSBURG 345KV SUBSTATION,Queue-derived study fields,,2026-09-05T04:35:51Z,snapshot_fields,1.0
P::M::R1022,,,,,,0.0,,,2026-03-01,2026-03-01,2026-03-01,P::M::R1022,PETERSBURG 345KV SUBSTATION,Queue-derived study fields,,2026-09-05T04:35:51Z,snapshot_fields,1.0
P::M::R1023,,,,,,0.0,,,2026-03-01,2026-03-01,2026-03-01,P::M::R1023,,Queue-derived study fields,,2026-09-05T04:35:51Z,snapshot_fields,1.0
P::M::R1024,,,,,,0.0,,,2026-03-01,2026-03-01,2026-03-01,P::M::R1024,A B BROWN 138KV SUBSTATION,Queue-derived study fields,,2026-09-05T04:35:51Z,snapshot_fields,1.0
P::M::R1025,,,,,,0.0,,,2026-03-01,2026-03-01,2026-03-01,P::M::R1025,MARION UNIT 4 MAIN BUS,Queue-derived study fields,,2026-09-05T04:35:51Z,snapshot_fields,1.0
P::M::R1026,,,,,,0.0,,,2026-03-01,2026-03-01,2026-03-01,P::M::R1026,ITC DAEC SUBSTATION 161KV,Queue-derived study fields,,2026-09-05T04:35:51Z,snapshot_fields,1.0
P::M::R1027,,,,,,0.0,,,2026-03-01,2026-03-01,2026-03-01,P::M::R1027,ITC DAEC SUBSTATION 161KV,Queue-derived study fields,,2026-09-05T04:35:51Z,snapshot_fields,1.0
P::M::R1028,,,,,,0.0,,,2026-03-01,2026-03-01,2026-03-01,P::M::R1028,,Queue-derived study fields,,2026-09-05T04:35:51Z,snapshot_fields,1.0
P::M::R1030,,,,,,0.0,,,2026-03-01,2026-03-01,2026-03-01,P::M::R1030,SLOCUM PSSE BUS 264511,Queue-derived study fields,,2026-09-05T04:35:51Z,snapshot_fields,1.0
P::M::R1031,,,,,,0.0,,,2026-03-01,2026-03-01,2026-03-01,P::M::R1031,EDWARDS 138KV,Queue-derived study fields,,2026-09-05T04:35:51Z,snapshot_fields,1.0
P::M::R1032,,,,,,0.0,,,2026-03-01,2026-03-01,2026-03-01,P::M::R1032,WHEATON SUBSTATION,Queue-derived study fields,,2026-09-05T04:35:51Z,snapshot_fields,1.0
P::M::R1034,,,,,,0.0,,,2026-03-01,2026-03-01,2026-03-01,P::M::R1034,ITCM LANSING,Queue-derived study fields,,2026-09-05T04:35:51Z,snapshot_fields,1.0
P::M::R1035,,,,,,0.0,,,2026-03-01,2026-03-01,2026-03-01,P::M::R1035,JOPPA 161KV,Queue-derived study fields,,2026-09-05T04:35:51Z,snapshot_fields,1.0
P::M::R1057,,,,,,0.0,,,2026-03-01,2026-03-01,2026-03-01,P::M::R1057,RUSH ISLAND PLANT 345KV SWITCHYARD EXISTING,Queue-derived study fields,,2026-09-05T04:35:51Z,snapshot_fields,1.0
P::M::R1058,,,,,,0.0,,,2026-03-01,2026-03-01,2026-03-01,P::M::R1058,RUSH ISLAND PLANT 345KV SWITCHYARD EXISTING BUS NUMBER IN POWER FLOW,Queue-derived study fields,,2026-09-05T04:35:51Z,snapshot_fields,1.0
P::M::R1060,,,,,,0.0,,,2026-03-01,2026-03-01,2026-03-01,P::M::R1060,NORTH MONROE 138KV,Queue-derived study fields,,2026-09-05T04:35:51Z,snapshot_fields,1.0
P::M::R5061,,,,,,0.0,,,2026-03-01,2026-03-01,2026-03-01,P::M::R5061,EDGEWATER 5 345KV,Queue-derived study fields,,2026-09-05T04:35:51Z,snapshot_fields,1.0
P::M::R5068,,,,,,40.0,,,2026-03-01,2026-03-01,2026-03-01,P::M::R5068,,Queue-derived study fields,,2026-09-05T04:35:51Z,snapshot_fields,1.0
P::M::R5073,,,,,,0.0,,,2026-03-01,2026-03-01,2026-03-01,P::M::R5073,,Queue-derived study fields,,2026-09-05T04:35:51Z,snapshot_fields,1.0
P::M::R5074,,,,,,0.0,,,2026-03-01,2026-03-01,2026-03-01,P::M::R5074,,Queue-derived study fields,,2026-09-05T04:35:51Z,snapshot_fields,1.0
P::M::R5075,,,,,,0.0,,,2026-03-01,2026-03-01,2026-03-01,P::M::R5075,,Queue-derived study fields,,2026-09-05T04:35:51Z,snapshot_fields,1.0
P::M::R5076,,,,,,200.0,,,2026-03-01,2026-03-01,2026-03-01,P::M::R5076,SCHAHFER GEN STA ST JOHN 345 0KV,Queue-derived study fields,,2026-09-05T04:35:51Z,snapshot_fields,1.0
P::M::R5077,,,,,,0.0,,,2026-03-01,2026-03-01,2026-03-01,P::M::R5077,,Queue-derived study fields,,2026-09-05T04:35:51Z,snapshot_fields,1.0
P::M::R5078,,,,,,0.0,,,2026-03-01,2026-03-01,2026-03-01,P::M::R5078,,Queue-derived study fields,,2026-09-05T04:35:51Z,snapshot_fields,1.0
P::M::R5079,,,,,,0.0,,,2026-03-01,2026-03-01,2026-03-01,P::M::R5079,,Queue-derived study fields,,2026-09-05T04:35:51Z,snapshot_fields,1.0
P::M::R5080,,,,,,0.0,,,2026-03-01,2026-03-01,2026-03-01,P::M::R5080,CROOKED LAKE,Queue-derived study fields,,2026-09-05T04:35:51Z,snapshot_fields,1.0
P::M::R5081,,,,,,100.0,,,2026-03-01,2026-03-01,2026-03-01,P::M::R5081,ADAMS,Queue-derived study fields,,2026-09-05T04:35:51Z,snapshot_fields,1.0
P::M::R5082,,,,,,0.0,,,2026-03-01,2026-03-01,2026-03-01,P::M::R5082,,Queue-derived study fields,,2026-09-05T04:35:51Z,snapshot_fields,1.0
P::M::R5083,,,,,,135.0,,,2026-03-01,2026-03-01,2026-03-01,P::M::R5083,CHACKBAY VACHERIE 230 0KV,Queue-derived study fields,,2026-09-05T04:35:51Z,snapshot_fields,1.0
P::M::R5084,,,,,,175.0,,,2026-03-01,2026-03-01,2026-03-01,P::M::R5084,DONALDSONVILLE EVERGREEN 230 0KV,Queue-derived study fields,,2026-09-05T04:35:51Z,snapshot_fields,1.0
P::M::R5085,,,,,,0.0,,,2026-03-01,2026-03-01,2026-03-01,P::M::R5085,,Queue-derived study fields,,2026-09-05T04:35:51Z,snapshot_fields,1.0
P::M::R5086,,,,,,593.0,,,2026-03-01,2026-03-01,2026-03-01,P::M::R5086,BIG CAJUN II 500KV SUBSTATION,Queue-derived study fields,,2026-09-05T04:35:51Z,snapshot_fields,1.0
P::M::R5087,,,,,,185.0,,,2026-03-01,2026-03-01,2026-03-01,P::M::R5087,4JORD 4ASHLEY 138 0KV,Queue-derived study fields,,2026-09-05T04:35:51Z,snapshot_fields,1.0
P::M::R5088,,,,,,325.0,,,2026-03-01,2026-03-01,2026-03-01,P::M::R5088,GOOS FERRY,Queue-derived study fields,,2026-09-05T04:35:51Z,snapshot_fields,1.0
P::M::R5089,,,,,,0.0,,,2026-03-01,2026-03-01,2026-03-01,P::M::R5089,,Queue-derived study fields,,2026-09-05T04:35:51Z,snapshot_fields,1.0
P::M::R5090,,,,,,0.0,,,2026-03-01,2026-03-01,2026-03-01,P::M::R5090,,Queue-derived study fields,,2026-09-05T04:35:51Z,snapshot_fields,1.0
P::M::R5091,,,,,,0.0,,,2026-03-01,2026-03-01,2026-03-01,P::M::R5091,,Queue-derived study fields,,2026-09-05T04:35:51Z,snapshot_fields,1.0
P::M::R5092,NO_CYCLE,NO_GROUP,,,,185.0,,,2026-03-01,2026-03-01,2026-03-01,P::M::R5092,4JORD 4ASHLEY 138 0KV,Queue-derived study fields,,2026-09-05T04:35:51Z,snapshot_fields,1.0
P::M::R5093,NO_CYCLE,NO_GROUP,,,,200.0,,,2026-03-01,2026-03-01,2026-03-01,P::M::R5093,VACHERIE,Queue-derived study fields,,2026-09-05T04:35:51Z,snapshot_fields,1.0
P::M::R5094,NO_CYCLE,NO_GROUP,,,,0.0,,,2026-03-01,2026-03-01,2026-03-01,P::M::R5094,,Queue-derived study fields,,2026-09-05T04:35:51Z,snapshot_fields,1.0
P::M::R5095,NO_CYCLE,NO_GROUP,,,,0.0,,,2026-03-01,2026-03-01,2026-03-01,P::M::R5095,,Queue-derived study fields,,2026-09-05T04:35:51Z,snapshot_fields,1.0
P::M::R5096,NO_CYCLE,NO_GROUP,,,,0.0,,,2026-03-01,2026-03-01,2026-03-01,P::M::R5096,AECC DELL EAST BLYTHEVILLE ELM ST 161KV,Queue-derived study fields,,2026-09-05T04:35:51Z,snapshot_fields,1.0
P::M::R5097,NO_CYCLE,NO_GROUP,,,,0.0,,,2026-03-01,2026-03-01,2026-03-01,P::M::R5097,STERLINGTON BASTROP 115KV,Queue-derived study fields,,2026-09-05T04:35:51Z,snapshot_fields,1.0
P::M::R5098,NO_CYCLE,NO_GROUP,,,,0.0,,,2026-03-01,2026-03-01,2026-03-01,P::M::R5098,,Queue-derived study fields,,2026-09-05T04:35:51Z,snapshot_fields,1.0
P::M::R5099,NO_CYCLE,NO_GROUP,,,,0.0,,,2026-03-01,2026-03-01,2026-03-01,P::M::R5099,COLONY PLUM GROVE 230KV,Queue-derived study fields,,2026-09-05T04:35:51Z,snapshot_fields,1.0
P::M::R5100,NO_CYCLE,NO_GROUP,,,,0.0,,,2026-03-01,2026-03-01,2026-03-01,P::M::R5100,ARKLAHOMA 115KV,Queue-derived study fields,,2026-09-05T04:35:51Z,snapshot_fields,1.0
P::M::S1034,,,,,,25.0,,,2026-03-01,2026-03-01,2026-03-01,P::M::S1034,NORTH BEAVER DAM 69KV BUS 698222,Queue-derived study fields,,2026-09-05T04:35:51Z,snapshot_fields,1.0
P::M::S1045,,,,,,170.0,,,2026-03-01,2026-03-01,2026-03-01,P::M::S1045,NAPOLEON SW 230KV 661091,Queue-derived study fields,,2026-09-05T04:35:51Z,snapshot_fields,1.0
P::M::S1055,,,,,,50.0,,,2026-03-01,2026-03-01,2026-03-01,P::M::S1055,WILTON ENDPOINT 1 TO BAGLEY ENDPOINT 2 115KV,Queue-derived study fields,,2026-09-05T04:35:51Z,snapshot_fields,1.0
P::M::S1056,,,,,,20.0,,,2026-03-01,2026-03-01,2026-03-01,P::M::S1056,COLUMBIA 345KV,Queue-derived study fields,,2026-09-05T04:35:51Z,snapshot_fields,1.0
P::M::S1060,,,,,,149.0,,,2026-03-01,2026-03-01,2026-03-01,P::M::S1060,GROSS 138KV BUS 256155,Queue-derived study fields,,2026-09-05T04:35:51Z,snapshot_fields,1.0
P::M::S1069,,,,,,200.0,,,2026-03-01,2026-03-01,2026-03-01,P::M::S1069,EUREKA TO VESTABURG 138KV,Queue-derived study fields,,2026-09-05T04:35:51Z,snapshot_fields,1.0
P::M::S1072,,,,,,10.0,,,2026-03-01,2026-03-01,2026-03-01,P::M::S1072,SHERBURNE 345KV,Queue-derived study fields,,2026-09-05T04:35:51Z,snapshot_fields,1.0
P::M::S1075,,,,,,100.0,,,2026-03-01,2026-03-01,2026-03-01,P::M::S1075,HINSHAW 345KV,Queue-derived study fields,,2026-09-05T04:35:51Z,snapshot_fields,1.0
P::M::S1086,,,,,,225.0,,,2026-03-01,2026-03-01,2026-03-01,P::M::S1086,STODDARD MORLEY 161KV,Queue-derived study fields,,2026-09-05T04:35:51Z,snapshot_fields,1.0
P::M::S1087,,,,,,150.0,,,2026-03-01,2026-03-01,2026-03-01,P::M::S1087,ROCK CREEK 345KV,Queue-derived study fields,,2026-09-05T04:35:51Z,snapshot_fields,1.0
P::M::S1091,,,,,,200.0,,,2026-03-01,2026-03-01,2026-03-01,P::M::S1091,ADNA 345KV,Queue-derived study fields,,2026-09-05T04:35:51Z,snapshot_fields,1.0
P::M::S1128,,,,,,100.0,,,2026-03-01,2026-03-01,2026-03-01,P::M::S1128,343515 CHATHAM MAIN 346555 NORTH AURBURN AMEREN 138 0KV,Queue-derived study fields,,2026-09-05T04:35:51Z,snapshot_fields,1.0
P::M::S1129,,,,,,50.31,,,2026-03-01,2026-03-01,2026-03-01,P::M::S1129,ARNOTT GOLDEN SANDS 138 0KV,Queue-derived study fields,,2026-09-05T04:35:51Z,snapshot_fields,1.0
P::M::S1130,,,,,,225.0,,,2026-03-01,2026-03-01,2026-03-01,P::M::S1130,,Queue-derived study fields,,2026-09-05T04:35:51Z,snapshot_fields,1.0
P::M::S1131,,,,,,200.0,,,2026-03-01,2026-03-01,2026-03-01,P::M::S1131,7JORD 7CMDR 345 0KV,Queue-derived study fields,,2026-09-05T04:35:51Z,snapshot_fields,1.0
P::M::S1132,,,,,,250.0,,,2026-03-01,2026-03-01,2026-03-01,P::M::S1132,NORTH CREEK 138KV STATION,Queue-derived study fields,,2026-09-05T04:35:51Z,snapshot_fields,1.0
P::M::S1133,,,,,,200.0,,,2026-03-01,2026-03-01,2026-03-01,P::M::S1133,343515 CHATHAM MAIN 346555 NORTH AURBURN AMEREN 138 0KV,Queue-derived study fields,,2026-09-05T04:35:51Z,snapshot_fields,1.0
P::M::S1134,DPP-2026,South,,,,100.0,,,2026-03-01,2026-03-01,2026-03-01,P::M::S1134,TWINKLETOWN,Queue-derived study fields,,2026-09-05T04:35:51Z,snapshot_fields,1.0
P::M::S1135,DPP-2026,West,,,,100.0,,,2026-03-01,2026-03-01,2026-03-01,P::M::S1135,ADAMS,Queue-derived study fields,,2026-09-05T04:35:51Z,snapshot_fields,1.0
P::M::S1136,,,,,,100.0,,,2026-03-01,2026-03-01,2026-03-01,P::M::S1136,,Queue-derived study fields,,2026-09-05T04:35:51Z,snapshot_fields,1.0
P::M::S1137,,,,,,150.0,,,2026-03-01,2026-03-01,2026-03-01,P::M::S1137,,Queue-derived study fields,,2026-09-05T04:35:51Z,snapshot_fields,1.0
P::M::S1138,,,,,,100.0,,,2026-03-01,2026-03-01,2026-03-01,P::M::S1138,,Queue-derived study fields,,2026-09-05T04:35:51Z,snapshot_fields,1.0
P::M::S1139,,,,,,96.0,,,2026-03-01,2026-03-01,2026-03-01,P::M::S1139,,Queue-derived study fields,,2026-09-05T04:35:51Z,snapshot_fields,1.0
P::M::S1140,,,,,,200.0,,,2026-03-01,2026-03-01,2026-03-01,P::M::S1140,CALAMUS EAST,Queue-derived study fields,,2026-09-05T04:35:51Z,snapshot_fields,1.0
P::M::S1141,,,,,,150.0,,,2026-03-01,2026-03-01,2026-03-01,P::M::S1141,TINNIN ROAD,Queue-derived study fields,,2026-09-05T04:35:51Z,snapshot_fields,1.0
P::M::S1142,DPP-2026,South,,,,300.0,,,2026-03-01,2026-03-01,2026-03-01,P::M::S1142,MOLER COLFEL 230 0KV,Queue-derived study fields,,2026-09-05T04:35:51Z,snapshot_fields,1.0
P::M::S1143,NO_CYCLE,NO_GROUP,,,,135.0,,,2026-03-01,2026-03-01,2026-03-01,P::M::S1143,,Queue-derived study fields,,2026-09-05T04:35:51Z,snapshot_fields,1.0
P::M::S1144,,,,,,200.0,,,2026-03-01,2026-03-01,2026-03-01,P::M::S1144,,Queue-derived study fields,,2026-09-05T04:35:51Z,snapshot_fields,1.0
P::M::S1145,NO_CYCLE,NO_GROUP,,,,100.0,,,2026-03-01,2026-03-01,2026-03-01,P::M::S1145,HARVEST WIND POINT TAP 120KV,Queue-derived study fields,,2026-09-05T04:35:51Z,snapshot_fields,1.0
P::M::S1146,,,,,,125.0,,,2026-03-01,2026-03-01,2026-03-01,P::M::S1146,DU PONT WHITE LAKE 138 0KV,Queue-derived study fields,,2026-09-05T04:35:51Z,snapshot_fields,1.0
P::M::S1147,NO_CYCLE,NO_GROUP,,,,132.0,,,2026-03-01,2026-03-01,2026-03-01,P::M::S1147,,Queue-derived study fields,,2026-09-05T04:35:51Z,snapshot_fields,1.0
P::M::S1148,NO_CYCLE,NO_GROUP,,,,230.0,,,2026-03-01,2026-03-01,2026-03-01,P::M::S1148,MAGNOLIA,Queue-derived study fields,,2026-09-05T04:35:51Z,snapshot_fields,1.0
P::M::S1149,NO_CYCLE,NO_GROUP,,,,80.0,,,2026-03-01,2026-03-01,2026-03-01,P::M::S1149,,Queue-derived study fields,,2026-09-05T04:35:51Z,snapshot_fields,1.0
P::M::S1150,NO_CYCLE,NO_GROUP,,,,80.0,,,2026-03-01,2026-03-01,2026-03-01,P::M::S1150,,Queue-derived study fields,,2026-09-05T04:35:51Z,snapshot_fields,1.0
P::M::S1151,,,,,,109.0,,,2026-03-01,2026-03-01,2026-03-01,P::M::S1151,UNIVERSITY UWW,Queue-derived study fields,,2026-09-05T04:35:51Z,snapshot_fields,1.0
P::M::S1152,,,,,,139.0,,,2026-03-01,2026-03-01,2026-03-01,P::M::S1152,,Queue-derived study fields,,2026-09-05T04:35:51Z,snapshot_fields,1.0
P::M::S1153,,,,,,100.0,,,2026-03-01,2026-03-01,2026-03-01,P::M::S1153,SAND LAKE 138KV,Queue-derived study fields,,2026-09-05T04:35:51Z,snapshot_fields,1.0
P::M::S1154,NO_CYCLE,NO_GROUP,,,,150.0,,,2026-03-01,2026-03-01,2026-03-01,P::M::S1154,,Queue-derived study fields,,2026-09-05T04:35:51Z,snapshot_fields,1.0
P::M::S1155,,,,,,200.0,,,2026-03-01,2026-03-01,2026-03-01,P::M::S1155,,Queue-derived study fields,,2026-09-05T04:35:51Z,snapshot_fields,1.0
P::M::S1156,,,,,,632.0,,,2026-03-01,2026-03-01,2026-03-01,P::M::S1156,,Queue-derived study fields,,2026-09-05T04:35:51Z,snapshot_fields,1.0
P::M::S1157,,,,,,534.0,,,2026-03-01,2026-03-01,2026-03-01,P::M::S1157,,Queue-derived study fields,,2026-09-05T04:35:51Z,snapshot_fields,1.0
P::M::S1158,,,,,,99.0,,,2026-03-01,2026-03-01,2026-03-01,P::M::S1158,STORY COUNTY,Queue-derived study fields,,2026-09-05T04:35:51Z,snapshot_fields,1.0
P::M::S1159,NO_CYCLE,NO_GROUP,,,,100.0,,,2026-03-01,2026-03-01,2026-03-01,P::M::S1159,,Queue-derived study fields,,2026-09-05T04:35:51Z,snapshot_fields,1.0
P::M::S1160,NO_CYCLE,NO_GROUP,,,,150.0,,,2026-03-01,2026-03-01,2026-03-01,P::M::S1160,,Queue-derived study fields,,2026-09-05T04:35:51Z,snapshot_fields,1.0
P::M::S1161,NO_CYCLE,NO_GROUP,,,,625.0,,,2026-03-01,2026-03-01,2026-03-01,P::M::S1161,,Queue-derived study fields,,2026-09-05T04:35:51Z,snapshot_fields,1.0
P::M::S1162,NO_CYCLE,NO_GROUP,,,,390.0,,,2026-03-01,2026-03-01,2026-03-01,P::M::S1162,,Queue-derived study fields,,2026-09-05T04:35:51Z,snapshot_fields,1.0
P::M::S1163,DPP-2026,Central,,,,150.0,,,2026-03-01,2026-03-01,2026-03-01,P::M::S1163,MORRISON DITCH,Queue-derived study fields,,2026-09-05T04:35:51Z,snapshot_fields,1.0
P::M::S1164,NO_CYCLE,NO_GROUP,,,,200.0,,,2026-03-01,2026-03-01,2026-03-01,P::M::S1164,DELL MANILA 161KV,Queue-derived study fields,,2026-09-05T04:35:51Z,snapshot_fields,1.0
P::M::S1165,NO_CYCLE,NO_GROUP,,,,75.0,,,2026-03-01,2026-03-01,2026-03-01,P::M::S1165,,Queue-derived study fields,,2026-09-05T04:35:51Z,snapshot_fields,1.0
P::M::S1166,NO_CYCLE,NO_GROUP,,,,108.93,,,2026-03-01,2026-03-01,2026-03-01,P::M::S1166,,Queue-derived study fields,,2026-09-05T04:35:51Z,snapshot_fields,1.0
P::M::S1167,NO_CYCLE,NO_GROUP,,,,99.0,,,2026-03-01,2026-03-01,2026-03-01,P::M::S1167,GREENWAY 138KV,Queue-derived study fields,,2026-09-05T04:35:51Z,snapshot_fields,1.0
P::M::S1168,NO_CYCLE,NO_GROUP,,,,99.0,,,2026-03-01,2026-03-01,2026-03-01,P::M::S1168,FINKS 138KV,Queue-derived study fields,,2026-09-05T04:35:51Z,snapshot_fields,1.0
P::M::S1169,NO_CYCLE,NO_GROUP,,,,100.0,,,2026-03-01,2026-03-01,2026-03-01,P::M::S1169,BOGALUSA TALISHEEK LAGEN 230 0KV,Queue-derived study fields,,2026-09-05T04:35:51Z,snapshot_fields,1.0
P::M::S1170,,,,,,100.0,,,2026-03-01,2026-03-01,2026-03-01,P::M::S1170,HUTTIG SS STRONG SS 115 0KV,Queue-derived study fields,,2026-09-05T04:35:51Z,snapshot_fields,1.0
P::M::S1171,NO_CYCLE,NO_GROUP,,,,0.0,,,2026-03-01,2026-03-01,2026-03-01,P::M::S1171,WHITE BLUFF EHV 500MW,Queue-derived study fields,,2026-09-05T04:35:51Z,snapshot_fields,1.0
P::M::S1172,NO_CYCLE,NO_GROUP,,,,200.0,,,2026-03-01,2026-03-01,2026-03-01,P::M::S1172,CALAMUS EAST,Queue-derived study fields,,2026-09-05T04:35:51Z,snapshot_fields,1.0
P::M::S1173,NO_CYCLE,NO_GROUP,,,,100.0,,,2026-03-01,2026-03-01,2026-03-01,P::M::S1173,HUTTIG SS STRONG SS 115 0KV,Queue-derived study fields,,2026-09-05T04:35:51Z,snapshot_fields,1.0
P::M::S1174,NO_CYCLE,NO_GROUP,,,,0.0,,,2026-03-01,2026-03-01,2026-03-01,P::M::S1174,,Queue-derived study fields,,2026-09-05T04:35:51Z,snapshot_fields,1.0
P::M::S1175,NO_CYCLE,NO_GROUP,,,,0.0,,,2026-03-01,2026-03-01,2026-03-01,P::M::S1175,,Queue-derived study fields,,2026-09-05T04:35:51Z,snapshot_fields,1.0
P::M::S1176,NO_CYCLE,NO_GROUP,,,,0.0,,,2026-03-01,2026-03-01,2026-03-01,P::M::S1176,,Queue-derived study fields,,2026-09-05T04:35:51Z,snapshot_fields,1.0
P::M::S1177,NO_CYCLE,NO_GROUP,,,,0.0,,,2026-03-01,2026-03-01,2026-03-01,P::M::S1177,,Queue-derived study fields,,2026-09-05T04:35:51Z,snapshot_fields,1.0
P::R1000,,,,,,103.1,0.0,,2026-03-01,2026-03-01,2026-03-01,P::R1000,R M HESKETT STATION,Queue-derived study fields,,2026-09-05T04:35:51Z,snapshot_fields,1.0
P::R1001,,,,,,49.9,0.0,,2026-03-01,2026-03-01,2026-03-01,P::R1001,HOOT LAKE 115KV,Queue-derived study fields,,2026-09-05T04:35:51Z,snapshot_fields,1.0
P::R1002,,,,,,11.4,0.0,,2026-03-01,2026-03-01,2026-03-01,P::R1002,LAKE FRONT 69KV,Queue-derived study fields,,2026-09-05T04:35:51Z,snapshot_fields,1.0
P::R1003,,,,,,1166.0,0.0,,2026-03-01,2026-03-01,2026-03-01,P::R1003,SABINE 138 230KV BUS 334440 334431 334433,Queue-derived study fields,,2026-09-05T04:35:51Z,snapshot_fields,1.0
P::R1004,,,,,,330.0,0.0,,2026-03-01,2026-03-01,2026-03-01,P::R1004,DOLET HILLS 345KV BUS 500260,Queue-derived study fields,,2026-09-05T04:35:51Z,snapshot_fields,1.0
P::R1005,,,,,,49.0,0.0,,2026-03-01,2026-03-01,2026-03-01,P::R1005,ELK RIVER STATION S6 69KV,Queue-derived study fields,,2026-09-05T04:35:51Z,snapshot_fields,1.0
P::R1006,,,,,,350.0,0.0,,2026-03-01,2026-03-01,2026-03-01,P::R1006,HOOT LAKE 115KV,Queue-derived study fields,,2026-09-05T04:35:51Z,snapshot_fields,1.0
P::R1007,,,,,,60.0,0.0,,2026-03-01,2026-03-01,2026-03-01,P::R1007,ITC DAEC SUBSTATION 161KV,Queue-derived study fields,,2026-09-05T04:35:51Z,snapshot_fields,1.0
P::R1011,,,,,,250.0,0.0,,2026-03-01,2026-03-01,2026-03-01,P::R1011,PETERSBURG 345KV SUBSTATION,Queue-derived study fields,,2026-09-05T04:35:51Z,snapshot_fields,1.0
P::R1012,,,,,,640.0,0.0,,2026-03-01,2026-03-01,2026-03-01,P::R1012,DUANE ARNOLD 161KV,Queue-derived study fields,,2026-09-05T04:35:51Z,snapshot_fields,1.0
P::R1015,,,,,,423.1,0.0,,2026-03-01,2026-03-01,2026-03-01,P::R1015,EDGEWATER 345KV,Queue-derived study fields,,2026-09-05T04:35:51Z,snapshot_fields,1.0
P::R1016,,,,,,124.4,0.0,,2026-03-01,2026-03-01,2026-03-01,P::R1016,BAILEY 161KV SUBSTATION 338879,Queue-derived study fields,,2026-09-05T04:35:51Z,snapshot_fields,1.0
P::R1018,,,,,,280.0,0.0,,2026-03-01,2026-03-01,2026-03-01,P::R1018,LANSING 161KV SUBSTATION,Queue-derived study fields,,2026-09-05T04:35:51Z,snapshot_fields,1.0
P::R1019,,,,,,212.0,0.0,,2026-03-01,2026-03-01,2026-03-01,P::R1019,BURLINGTON 161KV,Queue-derived study fields,,2026-09-05T04:35:51Z,snapshot_fields,1.0
P::R1029,,,,,,37.0,0.0,,2026-03-01,2026-03-01,2026-03-01,P::R1029,JOPPA 161KV SWITCHYARD,Queue-derived study fields,,2026-09-05T04:35:51Z,snapshot_fields,1.0
P::R1033,,,,,,100.0,0.0,,2026-03-01,2026-03-01,2026-03-01,P::R1033,WATERFORD 230KV,Queue-derived study fields,,2026-09-05T04:35:51Z,snapshot_fields,1.0
P::R1036,,,,,,710.0,0.0,,2026-03-01,2026-03-01,2026-03-01,P::R1036,SHERBURNE COUNTY 345KV SUBSTATION,Queue-derived study fields,,2026-09-05T04:35:51Z,snapshot_fields,1.0
P::R1037,,,,,,180.0,0.0,,2026-03-01,2026-03-01,2026-03-01,P::R1037,ITCM LANSING 161KV,Queue-derived study fields,,2026-09-05T04:35:51Z,snapshot_fields,1.0
P::R1038,,,,,,100.0,0.0,,2026-03-01,2026-03-01,2026-03-01,P::R1038,MAYHEW LAKE 115KV,Queue-derived study fields,,2026-09-05T04:35:51Z,snapshot_fields,1.0
P::R1039,,,,,,49.0,0.0,,2026-03-01,2026-03-01,2026-03-01,P::R1039,STERLINGTON 115KV,Queue-derived study fields,,2026-09-05T04:35:51Z,snapshot_fields,1.0
P::R1040,,,,,,749.0,0.0,,2026-03-01,2026-03-01,2026-03-01,P::R1040,CAMPBELL SUBSTATION 345KV,Queue-derived study fields,,2026-09-05T04:35:51Z,snapshot_fields,1.0
P::R1041,,,,,,220.0,0.0,,2026-03-01,2026-03-01,2026-03-01,P::R1041,TCHPP POSITION JC 120KV,Queue-derived study fields,,2026-09-05T04:35:51Z,snapshot_fields,1.0
P::R1042,,,,,,64.0,0.0,,2026-03-01,2026-03-01,2026-03-01,P::R1042,DUANE ARNOLD 161KV,Queue-derived study fields,,2026-09-05T04:35:51Z,snapshot_fields,1.0
P::R1043,,,,,,31.0,0.0,,2026-03-01,2026-03-01,2026-03-01,P::R1043,ITCM BURLINGTON 161KV,Queue-derived study fields,,2026-09-05T04:35:51Z,snapshot_fields,1.0
P::R1044,,,,,,1040.0,0.0,,2026-03-01,2026-03-01,2026-03-01,P::R1044,CAYUGA STEAM STATION SWITCHYARDS 230KV AND 345KV,Queue-derived study fields,,2026-09-05T04:35:51Z,snapshot_fields,1.0
P::R1045,,,,,,237.0,0.0,,2026-03-01,2026-03-01,2026-03-01,P::R1045,WHEATON 161KV,Queue-derived study fields,,2026-09-05T04:35:51Z,snapshot_fields,1.0
P::R1046,,,,,,150.0,0.0,,2026-03-01,2026-03-01,2026-03-01,P::R1046,MADISON SUBSTATION 138KV,Queue-derived study fields,,2026-09-05T04:35:51Z,snapshot_fields,1.0
P::R1047,,,,,,824.0,0.0,,2026-03-01,2026-03-01,2026-03-01,P::R1047,MERAMEC SUBSTATION 138KV,Queue-derived study fields,,2026-09-05T04:35:51Z,snapshot_fields,1.0
P::R1048,,,,,,1231.73,0.0,,2026-03-01,2026-03-01,2026-03-01,P::R1048,DOW METER POINT,Queue-derived study fields,,2026-09-05T04:35:51Z,snapshot_fields,1.0
P::R1049,,,,,,303.5,0.0,,2026-03-01,2026-03-01,2026-03-01,P::R1049,EDGEWATER 345KV,Queue-derived study fields,,2026-09-05T04:35:51Z,snapshot_fields,1.0
P::R1050,,,,,,135.5,0.0,,2026-03-01,2026-03-01,2026-03-01,P::R1050,BLUE LAKE 115KV,Queue-derived study fields,,2026-09-05T04:35:51Z,snapshot_fields,1.0
P::R1051,,,,,,55.0,0.0,,2026-03-01,2026-03-01,2026-03-01,P::R1051,BLUE LAKE 115KV,Queue-derived study fields,,2026-09-05T04:35:51Z,snapshot_fields,1.0
P::R1052,,,,,,615.0,0.0,,2026-03-01,2026-03-01,2026-03-01,P::R1052,18CAMPBELLW 18CAMPBELLB,Queue-derived study fields,,2026-09-05T04:35:51Z,snapshot_fields,1.0
P::R1053,,,,,,1138.0,0.0,,2026-03-01,2026-03-01,2026-03-01,P::R1053,ELM ROAD,Queue-derived study fields,,2026-09-05T04:35:51Z,snapshot_fields,1.0
P::R1054,,,,,,261.0,0.0,,2026-03-01,2026-03-01,2026-03-01,P::R1054,E D EDWARDS 69KV,Queue-derived study fields,,2026-09-05T04:35:51Z,snapshot_fields,1.0
P::R1055,,,,,,322.0,0.0,,2026-03-01,2026-03-01,2026-03-01,P::R1055,E D EDWARDS 138KV,Queue-derived study fields,,2026-09-05T04:35:51Z,snapshot_fields,1.0
P::R1056,,,,,,184.71,0.0,,2026-03-01,2026-03-01,2026-03-01,P::R1056,E D EDWARDS 138KV,Queue-derived study fields,,2026-09-05T04:35:51Z,snapshot_fields,1.0
P::R1059,,,,,,98.8,0.0,,2026-03-01,2026-03-01,2026-03-01,P::R1059,MERAMEC PLANT 138KV SWITCHYARD,Queue-derived study fields,,2026-09-05T04:35:51Z,snapshot_fields,1.0
P::R5062,,,,,,732.73,0.0,,2026-03-01,2026-03-01,2026-03-01,P::R5062,SCHAHFER GEN STA,Queue-derived study fields,,2026-09-05T04:35:51Z,snapshot_fields,1.0
P::R5063,,,,,,170.0,0.0,,2026-03-01,2026-03-01,2026-03-01,P::R5063,BELL ROAD CORNELL 138 0KV,Queue-derived study fields,,2026-09-05T04:35:51Z,snapshot_fields,1.0
P::R5064,,,,,,150.0,0.0,,2026-03-01,2026-03-01,2026-03-01,P::R5064,LANSING,Queue-derived study fields,,2026-09-05T04:35:51Z,snapshot_fields,1.0
P::R5065,,,,,,130.0,0.0,,2026-03-01,2026-03-01,2026-03-01,P::R5065,LANSING,Queue-derived study fields,,2026-09-05T04:35:51Z,snapshot_fields,1.0
P::R5066,,,,,,20.2,0.0,,2026-03-01,2026-03-01,2026-03-01,P::R5066,COLUMBIA,Queue-derived study fields,,2026-09-05T04:35:51Z,snapshot_fields,1.0
P::R5067,,,,,,100.0,0.0,,2026-03-01,2026-03-01,2026-03-01,P::R5067,NIPSCO GREEN ACRES 138KV SUB,Queue-derived study fields,,2026-09-05T04:35:51Z,snapshot_fields,1.0
P::R5069,,,,,,200.0,0.0,,2026-03-01,2026-03-01,2026-03-01,P::R5069,DUANE ARNOLD ARNOLD 5,Queue-derived study fields,,2026-09-05T04:35:51Z,snapshot_fields,1.0
P::R5070,,,,,,64.0,0.0,,2026-03-01,2026-03-01,2026-03-01,P::R5070,DUANE ARNOLD ARNOLD 5,Queue-derived study fields,,2026-09-05T04:35:51Z,snapshot_fields,1.0
P::R5071,,,,,,251.0,0.0,,2026-03-01,2026-03-01,2026-03-01,P::R5071,DUANE ARNOLD ARNOLD 5,Queue-derived study fields,,2026-09-05T04:35:51Z,snapshot_fields,1.0
P::R5072,,,,,,100.0,0.0,,2026-03-01,2026-03-01,2026-03-01,P::R5072,DUANE ARNOLD ARNOLD 5,Queue-derived study fields,,2026-09-05T04:35:51Z,snapshot_fields,1.0
P::S1000,,,,,,10.0,0.0,,2026-03-01,2026-03-01,2026-03-01,P::S1000,,Queue-derived study fields,,2026-09-05T04:35:51Z,snapshot_fields,1.0
P::S1001,,,,,,7.5,0.0,,2026-03-01,2026-03-01,2026-03-01,P::S1001,,Queue-derived study fields,,2026-09-05T04:35:51Z,snapshot_fields,1.0
P::S1002,,,,,,70.0,0.0,,2026-03-01,2026-03-01,2026-03-01,P::S1002,,Queue-derived study fields,,2026-09-05T04:35:51Z,snapshot_fields,1.0
P::S1003,,,,,,55.0,72.5,,2026-03-01,2026-03-01,2026-03-01,P::S1003,REYNOLDS 345KV SUBSTATION,Queue-derived study fields,,2026-09-05T04:35:51Z,snapshot_fields,1.0
P::S1004,,,,,,30.0,0.0,,2026-03-01,2026-03-01,2026-03-01,P::S1004,,Queue-derived study fields,,2026-09-05T04:35:51Z,snapshot_fields,1.0
P::S1005,,,,,,60.0,0.0,,2026-03-01,2026-03-01,2026-03-01,P::S1005,,Queue-derived study fields,,2026-09-05T04:35:51Z,snapshot_fields,1.0
P::S1006,,,,,,75.0,0.0,,2026-03-01,2026-03-01,2026-03-01,P::S1006,REC BRADFORD W DARIEN 138KV LINE,Queue-derived study fields,,2026-09-05T04:35:51Z,snapshot_fields,1.0
P::S1007,,,,,,70.0,0.0,,2026-03-01,2026-03-01,2026-03-01,P::S1007,ATLANTA TUSCOLA 120KV LINE 265183,Queue-derived study fields,,2026-09-05T04:35:51Z,snapshot_fields,1.0
P::S1008,,,,,,250.0,0.0,,2026-03-01,2026-03-01,2026-03-01,P::S1008,LINE TAP BETWEEN EDWARDSPORT AND AMO 345KV,Queue-derived study fields,,2026-09-05T04:35:51Z,snapshot_fields,1.0
P::S1009,,,,,,258.92,0.0,,2026-03-01,2026-03-01,2026-03-01,P::S1009,PLEASANT VALLEY 161KV SUBSTATION,Queue-derived study fields,,2026-09-05T04:35:51Z,snapshot_fields,1.0
P::S1010,,,,,,50.0,0.0,,2026-03-01,2026-03-01,2026-03-01,P::S1010,REDSTONE138KV SUB 256542,Queue-derived study fields,,2026-09-05T04:35:51Z,snapshot_fields,1.0
P::S1011,,,,,,100.0,0.0,,2026-03-01,2026-03-01,2026-03-01,P::S1011,SLATE 345KV SUB 256573,Queue-derived study fields,,2026-09-05T04:35:51Z,snapshot_fields,1.0
P::S1012,,,,,,80.0,0.0,,2026-03-01,2026-03-01,2026-03-01,P::S1012,LUCE 138KV SUB 256594,Queue-derived study fields,,2026-09-05T04:35:51Z,snapshot_fields,1.0
P::S1013,,,,,,200.0,0.0,,2026-03-01,2026-03-01,2026-03-01,P::S1013,LAKEFIELD JUNCTION 345KV,Queue-derived study fields,,2026-09-05T04:35:51Z,snapshot_fields,1.0
P::S1014,,,,,,9.0,81.96392785571143,,2026-03-01,2026-03-01,2026-03-01,P::S1014,MERRICOURT WIND 230KV,Queue-derived study fields,,2026-09-05T04:35:51Z,snapshot_fields,1.0
P::S1015,,,,,,55.0,0.0,,2026-03-01,2026-03-01,2026-03-01,P::S1015,GARDEN CORNERS 138KV,Queue-derived study fields,,2026-09-05T04:35:51Z,snapshot_fields,1.0
P::S1016,,,,,,25.0,0.0,,2026-03-01,2026-03-01,2026-03-01,P::S1016,LONE ROCK 69KV,Queue-derived study fields,,2026-09-05T04:35:51Z,snapshot_fields,1.0
P::S1017,,,,,,100.0,0.0,,2026-03-01,2026-03-01,2026-03-01,P::S1017,TENNYSON 138KV,Queue-derived study fields,,2026-09-05T04:35:51Z,snapshot_fields,1.0
P::S1018,,,,,,75.0,0.0,,2026-03-01,2026-03-01,2026-03-01,P::S1018,7 MILE CREEK 138KV,Queue-derived study fields,,2026-09-05T04:35:51Z,snapshot_fields,1.0
P::S1019,,,,,,50.0,0.0,,2026-03-01,2026-03-01,2026-03-01,P::S1019,REDSTONE 138KV,Queue-derived study fields,,2026-09-05T04:35:51Z,snapshot_fields,1.0
P::S1020,,,,,,100.0,0.0,,2026-03-01,2026-03-01,2026-03-01,P::S1020,SLATE SUBSTATION 345KV,Queue-derived study fields,,2026-09-05T04:35:51Z,snapshot_fields,1.0
P::S1021,,,,,,80.0,0.0,,2026-03-01,2026-03-01,2026-03-01,P::S1021,LUCE SUBSTATION,Queue-derived study fields,,2026-09-05T04:35:51Z,snapshot_fields,1.0
P::S1022,,,,,,3.0,0.0,,2026-03-01,2026-03-01,2026-03-01,P::S1022,PETEUA31 4 14KV,Queue-derived study fields,,2026-09-05T04:35:51Z,snapshot_fields,1.0
P::S1023,,,,,,25.0,0.0,,2026-03-01,2026-03-01,2026-03-01,P::S1023,NELSON DEWEY LANCASTER 138KV,Queue-derived study fields,,2026-09-05T04:35:51Z,snapshot_fields,1.0
P::S1024,,,,,,50.0,0.0,,2026-03-01,2026-03-01,2026-03-01,P::S1024,WAUTOMA 138KV,Queue-derived study fields,,2026-09-05T04:35:51Z,snapshot_fields,1.0
P::S1025,,,,,,25.0,0.0,,2026-03-01,2026-03-01,2026-03-01,P::S1025,SHEEPSKIN 69KV,Queue-derived study fields,,2026-09-05T04:35:51Z,snapshot_fields,1.0
P::S1026,,,,,,50.0,0.0,,2026-03-01,2026-03-01,2026-03-01,P::S1026,DUBOIS CULLEY 138KV LINE,Queue-derived study fields,,2026-09-05T04:35:51Z,snapshot_fields,1.0
P::S1027,,,,,,50.0,0.0,,2026-03-01,2026-03-01,2026-03-01,P::S1027,,Queue-derived study fields,,2026-09-05T04:35:51Z,snapshot_fields,1.0
P::S1028,,,,,,60.0,0.0,,2026-03-01,2026-03-01,2026-03-01,P::S1028,REYNOLDS BURR OAK 345KV LINE,Queue-derived study fields,,2026-09-05T04:35:51Z,snapshot_fields,1.0
P::S1029,,,,,,99.0,0.0,,2026-03-01,2026-03-01,2026-03-01,P::S1029,ASTER SUBSTATION,Queue-derived study fields,,2026-09-05T04:35:51Z,snapshot_fields,1.0
P::S1030,,,,,,99.0,0.0,,2026-03-01,2026-03-01,2026-03-01,P::S1030,,Queue-derived study fields,,2026-09-05T04:35:51Z,snapshot_fields,1.0
P::S1031,,,,,,90.0,0.0,,2026-03-01,2026-03-01,2026-03-01,P::S1031,SALT RIVER SUBSTATION 138KV,Queue-derived study fields,,2026-09-05T04:35:51Z,snapshot_fields,1.0
P::S1032,,,,,,90.0,0.0,,2026-03-01,2026-03-01,2026-03-01,P::S1032,SALT RIVER SUBSTATION 138KV,Queue-derived study fields,,2026-09-05T04:35:51Z,snapshot_fields,1.0
P::S1033,,,,,,25.0,0.0,,2026-03-01,2026-03-01,2026-03-01,P::S1033,BASS CREEK ALBANY NORTH MONROE 138KV,Queue-derived study fields,,2026-09-05T04:35:51Z,snapshot_fields,1.0
P::S1035,,,,,,33.0,0.0,,2026-03-01,2026-03-01,2026-03-01,P::S1035,TOWNLINE RD PADDOCK 138KV,Queue-derived study fields,,2026-09-05T04:35:51Z,snapshot_fields,1.0
P::S1036,,,,,,400.0,0.0,,2026-03-01,2026-03-01,2026-03-01,P::S1036,DICKINSON 345KV BUFFALO MN,Queue-derived study fields,,2026-09-05T04:35:51Z,snapshot_fields,1.0
P::S1037,,,,,,50.4,0.0,,2026-03-01,2026-03-01,2026-03-01,P::S1037,,Queue-derived study fields,,2026-09-05T04:35:51Z,snapshot_fields,1.0
P::S1038,,,,,,50.0,0.0,,2026-03-01,2026-03-01,2026-03-01,P::S1038,GROSS 138KV,Queue-derived study fields,,2026-09-05T04:35:51Z,snapshot_fields,1.0
P::S1039,,,,,,100.0,0.0,,2026-03-01,2026-03-01,2026-03-01,P::S1039,APPLE RIVER 161KV,Queue-derived study fields,,2026-09-05T04:35:51Z,snapshot_fields,1.0
P::S1040,,,,,,135.0,0.0,,2026-03-01,2026-03-01,2026-03-01,P::S1040,GIBSON CITY SOUTH 347114,Queue-derived study fields,,2026-09-05T04:35:51Z,snapshot_fields,1.0
P::S1041,,,,,,135.0,0.0,,2026-03-01,2026-03-01,2026-03-01,P::S1041,GIBSON CITY SOUTH 347114,Queue-derived study fields,,2026-09-05T04:35:51Z,snapshot_fields,1.0
P::S1042,,,,,,100.0,0.0,,2026-03-01,2026-03-01,2026-03-01,P::S1042,,Queue-derived study fields,,2026-09-05T04:35:51Z,snapshot_fields,1.0
P::S1043,,,,,,50.0,0.0,,2026-03-01,2026-03-01,2026-03-01,P::S1043,CULLEY TO DUBOIS 138KV TAP,Queue-derived study fields,,2026-09-05T04:35:51Z,snapshot_fields,1.0
P::S1044,,,,,,50.0,0.0,,2026-03-01,2026-03-01,2026-03-01,P::S1044,GREEN ACRES 138KV SUBSTATION 43684,Queue-derived study fields,,2026-09-05T04:35:51Z,snapshot_fields,1.0
P::S1046,,,,,,120.0,0.0,,2026-03-01,2026-03-01,2026-03-01,P::S1046,BIG STONE SOUTH 230KV,Queue-derived study fields,,2026-09-05T04:35:51Z,snapshot_fields,1.0
P::S1047,NO_CYCLE,NO_GROUP,,,,120.0,0.0,,2026-03-01,2026-03-01,2026-03-01,P::S1047,BIG STONE SOUTH 230KV,Queue-derived study fields,,2026-09-05T04:35:51Z,snapshot_fields,1.0
P::S1048,,,,,,40.0,0.0,,2026-03-01,2026-03-01,2026-03-01,P::S1048,FOGARTY SUBSTATION 138KV,Queue-derived study fields,,2026-09-05T04:35:51Z,snapshot_fields,1.0
P::S1049,,,,,,80.0,0.0,,2026-03-01,2026-03-01,2026-03-01,P::S1049,SHAW TO INDIANOLA 115KV LINE TAP,Queue-derived study fields,,2026-09-05T04:35:51Z,snapshot_fields,1.0
P::S1050,,,,,,165.0,0.0,,2026-03-01,2026-03-01,2026-03-01,P::S1050,LAKE CHARLES BULK 38KV TAP,Queue-derived study fields,,2026-09-05T04:35:51Z,snapshot_fields,1.0
P::S1051,,,,,,80.0,0.0,,2026-03-01,2026-03-01,2026-03-01,P::S1051,WORTH COUNTY SUBSTATION 161KV,Queue-derived study fields,,2026-09-05T04:35:51Z,snapshot_fields,1.0
P::S1052,,,,,,150.0,0.0,,2026-03-01,2026-03-01,2026-03-01,P::S1052,NEOGA SOUTH 138KV,Queue-derived study fields,,2026-09-05T04:35:51Z,snapshot_fields,1.0
P::S1053,,,,,,100.0,0.0,,2026-03-01,2026-03-01,2026-03-01,P::S1053,CHISAGO COUNTY SUBSTATION,Queue-derived study fields,,2026-09-05T04:35:51Z,snapshot_fields,1.0
P::S1054,,,,,,300.0,45.45454545454545,,2026-03-01,2026-03-01,2026-03-01,P::S1054,LAKEFIELD JUNCTION 345KV,Queue-derived study fields,,2026-09-05T04:35:51Z,snapshot_fields,1.0
P::S1057,,,,,,210.0,41.66666666666667,,2026-03-01,2026-03-01,2026-03-01,P::S1057,NEOGA SOUTH,Queue-derived study fields,,2026-09-05T04:35:51Z,snapshot_fields,1.0
P::S1058,,,,,,100.0,32.88590604026846,,2026-03-01,2026-03-01,2026-03-01,P::S1058,STONEHILL SUBSTATION 138KV,Queue-derived study fields,,2026-09-05T04:35:51Z,snapshot_fields,1.0
P::S1059,,,,,,100.3,0.0,,2026-03-01,2026-03-01,2026-03-01,P::S1059,DIXON 120KV BUS 265182,Queue-derived study fields,,2026-09-05T04:35:51Z,snapshot_fields,1.0
P::S1061,,,,,,50.0,0.0,,2026-03-01,2026-03-01,2026-03-01,P::S1061,REDSTONE 138KV BUS 256543,Queue-derived study fields,,2026-09-05T04:35:51Z,snapshot_fields,1.0
P::S1062,,,,,,75.0,50.0,,2026-03-01,2026-03-01,2026-03-01,P::S1062,NEW BYERS 138KV,Queue-derived study fields,,2026-09-05T04:35:51Z,snapshot_fields,1.0
P::S1063,,,,,,70.0,30.0,,2026-03-01,2026-03-01,2026-03-01,P::S1063,VERONA FOUNDRY 138KV,Queue-derived study fields,,2026-09-05T04:35:51Z,snapshot_fields,1.0
P::S1064,,,,,,20.0,4.761904761904762,,2026-03-01,2026-03-01,2026-03-01,P::S1064,EDGE SS9 41 6KV,Queue-derived study fields,,2026-09-05T04:35:51Z,snapshot_fields,1.0
P::S1065,,,,,,76.5,10.05291005291005,,2026-03-01,2026-03-01,2026-03-01,P::S1065,MAJESTIC 345KV TO MILAN 345KV,Queue-derived study fields,,2026-09-05T04:35:51Z,snapshot_fields,1.0
P::S1066,,,,,,75.0,50.0,,2026-03-01,2026-03-01,2026-03-01,P::S1066,,Queue-derived study fields,,2026-09-05T04:35:51Z,snapshot_fields,1.0
P::S1067,,,,,,75.0,50.0,,2026-03-01,2026-03-01,2026-03-01,P::S1067,MAJESTIC LEMOYNE 345KV,Queue-derived study fields,,2026-09-05T04:35:51Z,snapshot_fields,1.0
P::S1068,,,,,,150.0,0.0,,2026-03-01,2026-03-01,2026-03-01,P::S1068,CRONK ROAD,Queue-derived study fields,,2026-09-05T04:35:51Z,snapshot_fields,1.0
P::S1070,,,,,,40.0,0.0,,2026-03-01,2026-03-01,2026-03-01,P::S1070,ROUNDHOUSEJ1,Queue-derived study fields,,2026-09-05T04:35:51Z,snapshot_fields,1.0
P::S1071,,,,,,120.0,0.0,,2026-03-01,2026-03-01,2026-03-01,P::S1071,WEVER BURLINGTON 161KV,Queue-derived study fields,,2026-09-05T04:35:51Z,snapshot_fields,1.0
P::S1073,,,,,,75.0,50.0,,2026-03-01,2026-03-01,2026-03-01,P::S1073,HOPKINS TO REID EVH 161KV,Queue-derived study fields,,2026-09-05T04:35:51Z,snapshot_fields,1.0
P::S1074,,,,,,200.0,0.0,,2026-03-01,2026-03-01,2026-03-01,P::S1074,RITCHIE PLANT 230KV SUBSTATION,Queue-derived study fields,,2026-09-05T04:35:51Z,snapshot_fields,1.0
P::S1076,,,,,,80.0,20.0,,2026-03-01,2026-03-01,2026-03-01,P::S1076,AMITE 115KV,Queue-derived study fields,,2026-09-05T04:35:51Z,snapshot_fields,1.0
P::S1077,,,,,,150.0,0.0,,2026-03-01,2026-03-01,2026-03-01,P::S1077,FAYETTEVILLE BEE HOLLOW ROAD,Queue-derived study fields,,2026-09-05T04:35:51Z,snapshot_fields,1.0
P::S1078,,,,,,72.0,0.0,,2026-03-01,2026-03-01,2026-03-01,P::S1078,MAGNOLIA,Queue-derived study fields,,2026-09-05T04:35:51Z,snapshot_fields,1.0
P::S1079,,,,,,200.0,0.0,,2026-03-01,2026-03-01,2026-03-01,P::S1079,BISON,Queue-derived study fields,,2026-09-05T04:35:51Z,snapshot_fields,1.0
P::S1080,,,,,,150.0,0.0,,2026-03-01,2026-03-01,2026-03-01,P::S1080,RUTLAND,Queue-derived study fields,,2026-09-05T04:35:51Z,snapshot_fields,1.0
P::S1081,,,,,,100.0,0.0,,2026-03-01,2026-03-01,2026-03-01,P::S1081,DU PONT WHITE LAKE 138 0KV,Queue-derived study fields,,2026-09-05T04:35:51Z,snapshot_fields,1.0
P::S1082,,,,,,50.0,0.0,,2026-03-01,2026-03-01,2026-03-01,P::S1082,DU PONT WHITE LAKE 138 0KV,Queue-derived study fields,,2026-09-05T04:35:51Z,snapshot_fields,1.0
P::S1083,,,,,,100.0,0.0,,2026-03-01,2026-03-01,2026-03-01,P::S1083,SKILLMAN,Queue-derived study fields,,2026-09-05T04:35:51Z,snapshot_fields,1.0
P::S1084,,,,,,150.0,0.0,,2026-03-01,2026-03-01,2026-03-01,P::S1084,WORTHINGTON,Queue-derived study fields,,2026-09-05T04:35:51Z,snapshot_fields,1.0
P::S1085,,,,,,200.0,0.0,,2026-03-01,2026-03-01,2026-03-01,P::S1085,NOBLES COUNTY,Queue-derived study fields,,2026-09-05T04:35:51Z,snapshot_fields,1.0
P::S1088,,,,,,100.0,0.0,,2026-03-01,2026-03-01,2026-03-01,P::S1088,GRE BENTON 7 115KV,Queue-derived study fields,,2026-09-05T04:35:51Z,snapshot_fields,1.0
P::S1090,,,,,,133.0,-0.5291005291005205,,2026-03-01,2026-03-01,2026-03-01,P::S1090,EAST PARIS,Queue-derived study fields,,2026-09-05T04:35:51Z,snapshot_fields,1.0
P::S1092,,,,,,98.0,0.0,,2026-03-01,2026-03-01,2026-03-01,P::S1092,FALCON,Queue-derived study fields,,2026-09-05T04:35:51Z,snapshot_fields,1.0
P::S1093,,,,,,202.0,0.0,,2026-03-01,2026-03-01,2026-03-01,P::S1093,MITCHELL COUNTY,Queue-derived study fields,,2026-09-05T04:35:51Z,snapshot_fields,1.0
P::S1094,,,,,,180.0,0.0,,2026-03-01,2026-03-01,2026-03-01,P::S1094,BOB WHITE,Queue-derived study fields,,2026-09-05T04:35:51Z,snapshot_fields,1.0
P::S1095,,,,,,200.0,0.0,,2026-03-01,2026-03-01,2026-03-01,P::S1095,7ASTER 7CMDR 345 0KV,Queue-derived study fields,,2026-09-05T04:35:51Z,snapshot_fields,1.0
P::S1096,,,,,,50.3,0.0,,2026-03-01,2026-03-01,2026-03-01,P::S1096,SARATOGA BADGER WEST 138 0KV,Queue-derived study fields,,2026-09-05T04:35:51Z,snapshot_fields,1.0
P::S1097,,,,,,188.0,0.0,,2026-03-01,2026-03-01,2026-03-01,P::S1097,TILTON SWITCHYARD,Queue-derived study fields,,2026-09-05T04:35:51Z,snapshot_fields,1.0
P::S1098,,,,,,85.01,76.67764060356653,,2026-03-01,2026-03-01,2026-03-01,P::S1098,BOSWELL 230KV,Queue-derived study fields,,2026-09-05T04:35:51Z,snapshot_fields,1.0
P::S1100,,,,,,200.0,0.0,,2026-03-01,2026-03-01,2026-03-01,P::S1100,BLYTHEVILLE I 55 AECC BLYTHEVILLE NORTH 161 0KV,Queue-derived study fields,,2026-09-05T04:35:51Z,snapshot_fields,1.0
P::S1101,,,,,,200.0,0.0,,2026-03-01,2026-03-01,2026-03-01,P::S1101,BRINKLEY EAST AECC AUBREY 230 0KV,Queue-derived study fields,,2026-09-05T04:35:51Z,snapshot_fields,1.0
P::S1102,,,,,,200.0,0.0,,2026-03-01,2026-03-01,2026-03-01,P::S1102,WALTON 230,Queue-derived study fields,,2026-09-05T04:35:51Z,snapshot_fields,1.0
P::S1103,,,,,,100.0,0.0,,2026-03-01,2026-03-01,2026-03-01,P::S1103,ASTER 138KV STATION,Queue-derived study fields,,2026-09-05T04:35:51Z,snapshot_fields,1.0
P::S1104,,,,,,100.0,0.0,,2026-03-01,2026-03-01,2026-03-01,P::S1104,RAMSEY,Queue-derived study fields,,2026-09-05T04:35:51Z,snapshot_fields,1.0
P::S1105,,,,,,300.0,0.0,,2026-03-01,2026-03-01,2026-03-01,P::S1105,KEO EHV,Queue-derived study fields,,2026-09-05T04:35:51Z,snapshot_fields,1.0
P::S1107,,,,,,200.0,0.0,,2026-03-01,2026-03-01,2026-03-01,P::S1107,CALAMUS EAST,Queue-derived study fields,,2026-09-05T04:35:51Z,snapshot_fields,1.0
P::S1108,,,,,,100.0,0.0,,2026-03-01,2026-03-01,2026-03-01,P::S1108,LAGRANGE,Queue-derived study fields,,2026-09-05T04:35:51Z,snapshot_fields,1.0
P::S1109,,,,,,75.0,0.0,,2026-03-01,2026-03-01,2026-03-01,P::S1109,BISON,Queue-derived study fields,,2026-09-05T04:35:51Z,snapshot_fields,1.0
P::S1110,,,,,,100.0,0.0,,2026-03-01,2026-03-01,2026-03-01,P::S1110,CHISAGO COUNTY,Queue-derived study fields,,2026-09-05T04:35:51Z,snapshot_fields,1.0
P::S1111,,,,,,263.0,0.0,,2026-03-01,2026-03-01,2026-03-01,P::S1111,ORIENT,Queue-derived study fields,,2026-09-05T04:35:51Z,snapshot_fields,1.0
P::S1112,,,,,,130.0,0.0,,2026-03-01,2026-03-01,2026-03-01,P::S1112,CATO 138 69KV FACILITIES ABOVE 100KV,Queue-derived study fields,,2026-09-05T04:35:51Z,snapshot_fields,1.0
P::S1113,,,,,,200.0,0.0,,2026-03-01,2026-03-01,2026-03-01,P::S1113,QUINN,Queue-derived study fields,,2026-09-05T04:35:51Z,snapshot_fields,1.0
P::S1114,,,,,,168.8,0.0,,2026-03-01,2026-03-01,2026-03-01,P::S1114,ALSEY GENERATION STATION,Queue-derived study fields,,2026-09-05T04:35:51Z,snapshot_fields,1.0
P::S1116,,,,,,100.0,0.0,,2026-03-01,2026-03-01,2026-03-01,P::S1116,WEBB,Queue-derived study fields,,2026-09-05T04:35:51Z,snapshot_fields,1.0
P::S1117,,,,,,200.0,0.0,,2026-03-01,2026-03-01,2026-03-01,P::S1117,MARSTON 161KV,Queue-derived study fields,,2026-09-05T04:35:51Z,snapshot_fields,1.0
P::S1120,,,,,,150.0,0.0,,2026-03-01,2026-03-01,2026-03-01,P::S1120,EDWARDSPORT WASHINGTON MUN,Queue-derived study fields,,2026-09-05T04:35:51Z,snapshot_fields,1.0
P::S1123,,,,,,200.0,0.0,,2026-03-01,2026-03-01,2026-03-01,P::S1123,COLE PENTON ROAD 230 0KV,Queue-derived study fields,,2026-09-05T04:35:51Z,snapshot_fields,1.0
P::S1125,,,,,,400.0,0.0,,2026-03-01,2026-03-01,2026-03-01,P::S1125,WEST MEMPHIS EHV KEO EHV 500 0KV,Queue-derived study fields,,2026-09-05T04:35:51Z,snapshot_fields,1.0
P::S1126,,,,,,50.0,0.0,,2026-03-01,2026-03-01,2026-03-01,P::S1126,EDWARDSPORT STATION IGCC,Queue-derived study fields,,2026-09-05T04:35:51Z,snapshot_fields,1.0
P::S1127,,,,,,170.0,0.0,,2026-03-01,2026-03-01,2026-03-01,P::S1127,GERALD ANDRUS SES SWYD TINNIN ROAD 230 0KV,Queue-derived study fields,,2026-09-05T04:35:51Z,snapshot_fields,1.0
