trial,pr_auc,learning_rate,max_depth,min_child_weight,subsample,colsample_bytree,reg_alpha,reg_lambda,gamma,n,positive_rate,roc_auc,brier,ece,log_loss,precision_at_5pct,recall_at_5pct,lift_at_5pct,withdrawn_mw_capture_at_5pct,precision_at_10pct,recall_at_10pct,lift_at_10pct,withdrawn_mw_capture_at_10pct,precision_at_20pct,recall_at_20pct,lift_at_20pct,withdrawn_mw_capture_at_20pct,pr_lift,val_prevalence,status,model,split,best_iteration,n_features,goal
0,0.050485879023559596,0.030710573677773714,10,15,0.7993292420985183,0.5780093202212182,2.5348407664333426e-07,3.3323645788192616e-08,0.3426417745118369,1666.0,0.04141656662665066,0.5422486001833148,0.046702341431839815,0.08403864982767123,0.21416763517918005,0.05952380952380952,0.07246376811594203,1.4371980676328502,0.04789076829019768,0.029940119760479042,0.07246376811594203,0.7229020220428708,0.04789076829019768,0.05089820359281437,0.2463768115942029,1.2289334374728804,0.16405135520684735,1.2189778906268158,0.04141656662665066,ok,xgboost_hpo_trial_0,val,0,85,below_strong
1,0.05957255630088453,0.06054365855469246,8,1,0.9849549260809971,0.9162213204002109,8.148018307012941e-07,4.329370014459266e-07,3.939402261362697e-07,1666.0,0.04141656662665066,0.5825596907244561,0.04678845807178598,0.08523794633894263,0.21443356467225458,0.08333333333333333,0.10144927536231885,2.0120772946859904,0.08406358263704912,0.059880239520958084,0.14492753623188406,1.4458040440857416,0.12217240676584472,0.04790419161676647,0.2318840579710145,1.1566432352685934,0.1908498063990218,1.4383750550329513,0.04141656662665066,ok,xgboost_hpo_trial_1,val,0,85,below_strong
2,0.0522479196257432,0.024878734419814436,7,9,0.645614570099021,0.8059264473611898,1.8007140198129195e-07,4.258943089524393e-06,1.5380508198654967e-05,1666.0,0.04141656662665066,0.5742742279455137,0.046522652985410064,0.08276587425052476,0.21335104160645138,0.023809523809523808,0.028985507246376812,0.5748792270531401,0.024964336661911554,0.03592814371257485,0.08695652173913043,0.867482426451445,0.0708171999184838,0.05089820359281437,0.2463768115942029,1.2289334374728804,0.16405135520684735,1.2615222332824374,0.04141656662665066,ok,xgboost_hpo_trial_2,val,0,85,below_strong
3,0.09148080507413388,0.03920673972242137,9,4,0.7571172192068059,0.7962072844310213,2.6185068507773707e-08,0.0029369981104377003,3.043576603688654e-07,1666.0,0.04141656662665066,0.7218652727487227,0.044709583882972345,0.03343005330766644,0.17700200994902845,0.09523809523809523,0.11594202898550725,2.2995169082125604,0.10485021398002853,0.09580838323353294,0.2318840579710145,2.3132864705371867,0.21133075198695742,0.09880239520958084,0.4782608695652174,2.385576672741474,0.46464234766659873,2.2087974094711167,0.04141656662665066,ok,xgboost_hpo_trial_3,val,385,85,below_strong
4,0.0378990957604861,0.012151617026673379,10,20,0.9041986740582306,0.6523068845866853,7.569183361880229e-08,0.014391207615728067,6.743313339480333e-05,1666.0,0.04141656662665066,0.44833156371094357,0.04666965639614705,0.0833225512758595,0.21403935887632364,0.023809523809523808,0.028985507246376812,0.5748792270531401,0.04075810067250866,0.011976047904191617,0.028985507246376812,0.28916080881714834,0.04075810067250866,0.038922155688622756,0.18840579710144928,0.9397726286557321,0.1980843692683921,0.9150709208256499,0.04141656662665066,ok,xgboost_hpo_trial_4,val,0,85,below_strong
5,0.038890182999565426,0.014413697528610409,6,1,0.954660201039391,0.6293899908000085,0.009176996354542699,6.388511557344611e-06,0.0003342382251192237,1666.0,0.04141656662665066,0.45426206746345044,0.04682510875026991,0.08415164811914566,0.2147393239273972,0.011904761904761904,0.014492753623188406,0.28743961352657005,0.02037905033625433,0.005988023952095809,0.014492753623188406,0.14458040440857417,0.02037905033625433,0.03592814371257485,0.17391304347826086,0.867482426451445,0.17006317505604238,0.9390006503953044,0.04141656662665066,ok,xgboost_hpo_trial_5,val,0,85,below_strong
6,0.0378990957604861,0.05143828405076928,4,20,0.8875664116805573,0.9697494707820946,1.1309571585271483,0.002404915432737351,1.045577714840101,1666.0,0.04141656662665066,0.4483315637109436,0.04684483971902307,0.0840304529278719,0.2148104233864318,0.023809523809523808,0.028985507246376812,0.5748792270531401,0.04075810067250866,0.011976047904191617,0.028985507246376812,0.28916080881714834,0.04075810067250866,0.038922155688622756,0.18840579710144928,0.9397726286557321,0.1980843692683921,0.9150709208256499,0.04141656662665066,ok,xgboost_hpo_trial_6,val,0,85,below_strong
7,0.05160370897834889,0.01303561122512888,4,1,0.6626651653816322,0.6943386448447411,2.7678419414850017e-06,0.28749982347407854,1.26878047820638e-05,1666.0,0.04141656662665066,0.589198043432886,0.046448319767443576,0.08229660577311809,0.2130232480565667,0.0,0.0,0.0,0.0,0.0,0.0,0.0,0.0,0.038922155688622756,0.18840579710144928,0.9397726286557321,0.19298960668432852,1.2459678138830328,0.04141656662665066,ok,xgboost_hpo_trial_7,val,0,85,below_strong
8,0.034552228506333764,0.023200867504756827,7,3,0.9010984903770198,0.5372753218398854,7.620481786158549,0.08916674715636537,5.35330210833913e-07,1666.0,0.04141656662665066,0.31556450954234844,0.04673201952571028,0.08320266364806411,0.21431944334995767,0.0,0.0,0.0,0.0,0.0,0.0,0.0,0.0,0.014970059880239521,0.07246376811594203,0.3614510110214354,0.0729570002037905,0.8342610535007544,0.04141656662665066,ok,xgboost_hpo_trial_8,val,0,85,below_strong
9,0.03462666073597173,0.010166803740022877,9,15,0.8645035840204937,0.8856351733429728,4.638759594322625e-08,1.683416412018213e-05,1.0184541290289273e-07,1666.0,0.04141656662665066,0.3874973909413484,0.04663779232154823,0.08308158653462921,0.21389493434780846,0.0,0.0,0.0,0.0,0.0,0.0,0.0,0.0,0.0029940119760479044,0.014492753623188406,0.07229020220428709,0.015284287752190748,0.8360582142917233,0.04141656662665066,ok,xgboost_hpo_trial_9,val,0,85,below_strong
10,0.09155171889854202,0.17351647826835903,3,7,0.5089809378074098,0.7604884252536485,0.00011924569957107602,4.3444691085504115,0.010047780680509596,1666.0,0.04141656662665066,0.7437722904358717,0.047635227946174696,0.08836751643876856,0.20825120747745401,0.09523809523809523,0.11594202898550725,2.2995169082125604,0.0708171999184838,0.10778443113772455,0.2608695652173913,2.602447279354335,0.21550845730588955,0.09580838323353294,0.463768115942029,2.3132864705371867,0.4027919298960668,2.2105096186227686,0.04141656662665066,ok,xgboost_hpo_trial_10,val,16,85,below_strong
11,0.06680179392511044,0.17061837680423556,3,7,0.5087834179248012,0.7600851722370928,8.113466471626518e-05,7.587120682342036,0.00667639008391242,1666.0,0.04141656662665066,0.6746163549408765,0.044540637962936294,0.06990990246615919,0.1994513639240778,0.047619047619047616,0.057971014492753624,1.1497584541062802,0.02394538414509884,0.05389221556886228,0.13043478260869565,1.3012236396771675,0.08151620134501732,0.0748502994011976,0.36231884057971014,1.8072550551071769,0.29101283880171186,1.6129244736120871,0.04141656662665066,ok,xgboost_hpo_trial_11,val,16,85,below_strong
12,0.05082126706669605,0.19429097590463582,5,6,0.5033562537483753,0.8018689453969954,0.00012627073584330493,0.00028877806777259814,0.01141995526715151,1666.0,0.04141656662665066,0.5865436098481756,0.047816798227811264,0.09011195311579956,0.21824717411838374,0.047619047619047616,0.057971014492753624,1.1497584541062802,0.036682290605257795,0.029940119760479042,0.07246376811594203,0.7229020220428708,0.04177705318932138,0.05089820359281437,0.2463768115942029,1.2289334374728804,0.16405135520684735,1.227075810624864,0.04141656662665066,ok,xgboost_hpo_trial_12,val,0,85,below_strong
13,0.07086176630905411,0.1009941676982779,3,10,0.7320579645128432,0.7357961861920648,0.008865465164105284,9.868745464853815,1.3443083254590903e-08,1666.0,0.04141656662665066,0.6583902788743387,0.04871834029230229,0.08688323986956945,0.21343567720959178,0.047619047619047616,0.057971014492753624,1.1497584541062802,0.03260648053800693,0.10179640718562874,0.2463768115942029,2.457866874945761,0.18392092928469533,0.08083832335329341,0.391304347826087,1.9518354595157512,0.3235174240880375,1.7109522126215095,0.04141656662665066,ok,xgboost_hpo_trial_13,val,57,85,below_strong
14,0.07534036101023579,0.10521802898030812,6,5,0.5879160528324553,0.8524679408076283,2.289495137497283e-05,0.0002739505559168594,0.02634482623525199,1666.0,0.04141656662665066,0.6924577786247765,0.051112716172499774,0.08622600971793785,0.21302439535887396,0.07142857142857142,0.08695652173913043,1.7246376811594204,0.04789076829019768,0.08982035928143713,0.21739130434782608,2.1687060661286126,0.15325045852863256,0.08383233532934131,0.4057971014492754,2.024125661720038,0.3407377216221724,1.8190875571456933,0.04141656662665066,ok,xgboost_hpo_trial_14,val,36,85,below_strong
15,0.05711254798126006,0.05105127472542272,8,10,0.7627892685294101,0.7261631564388042,0.002680605121043069,0.4315150455053444,0.0006640663385597134,1666.0,0.04141656662665066,0.5862395977965933,0.046945736354450346,0.08584683845971239,0.21522627610545816,0.0,0.0,0.0,0.0,0.0,0.0,0.0,0.0,0.014970059880239521,0.07246376811594203,0.3614510110214354,0.10046871815773385,1.3789783324170908,0.04141656662665066,ok,xgboost_hpo_trial_15,val,0,85,below_strong
16,0.048611071019108845,0.10759527323148814,5,13,0.585324880380653,0.8186292214333911,0.00102772190605619,0.008985660895673523,3.0432531044732537e-06,1666.0,0.04141656662665066,0.573797791148258,0.04669214117605669,0.08408404395681898,0.21393262307154637,0.023809523809523808,0.028985507246376812,0.5748792270531401,0.04075810067250866,0.029940119760479042,0.07246376811594203,0.7229020220428708,0.05767271245159976,0.04790419161676647,0.2318840579710145,1.1566432352685934,0.163541878948441,1.173710787215005,0.04141656662665066,ok,xgboost_hpo_trial_16,val,0,85,below_strong
17,0.04649359852676711,0.03963201245202283,9,4,0.6930194853272265,0.9821265326466516,0.15747714798317716,1.264542793853806,2.7170335428217203,1666.0,0.04141656662665066,0.545774232483007,0.04662056087345456,0.08319293715659024,0.21377541167919417,0.03571428571428571,0.043478260869565216,0.8623188405797102,0.014672916242103118,0.029940119760479042,0.07246376811594203,0.7229020220428708,0.07071530466680252,0.04790419161676647,0.2318840579710145,1.1566432352685934,0.18381903403301406,1.1225845673274495,0.04141656662665066,ok,xgboost_hpo_trial_17,val,0,85,below_strong
18,0.06856372815354543,0.07672484492340582,6,8,0.8132394567758081,0.6675193426858527,7.639371274654788e-06,0.001456146958918749,0.084828975938728,1666.0,0.04141656662665066,0.6614530868566969,0.05146601981046447,0.07650966219571033,0.21018807299498987,0.05952380952380952,0.07246376811594203,1.4371980676328502,0.05298553087426126,0.08383233532934131,0.2028985507246377,2.024125661720038,0.19360097819441613,0.07784431137724551,0.37681159420289856,1.8795452573114642,0.35316894232728757,1.6554662478812565,0.04141656662665066,ok,xgboost_hpo_trial_18,val,129,85,below_strong
19,0.04661100817576859,0.13940127601485916,4,12,0.5813296176147104,0.9095336881172504,1.8801119380336576e-08,0.03387557668886888,0.0006129122939177705,1666.0,0.04141656662665066,0.5562286170627899,0.04692710086351915,0.08527479831482612,0.21481420574829432,0.09523809523809523,0.11594202898550725,2.2995169082125604,0.09374363154676991,0.04790419161676647,0.11594202898550725,1.1566432352685934,0.09374363154676991,0.05389221556886228,0.2608695652173913,1.3012236396771675,0.1844304055431017,1.1254194147946446,0.04141656662665066,ok,xgboost_hpo_trial_19,val,0,85,below_strong
20,0.04820794895860531,0.017888598528154557,8,3,0.6301352460527547,0.6091330191487015,0.07734642171864294,0.00010396761370918986,3.793731661141842e-08,1666.0,0.04141656662665066,0.5281778334376956,0.04648888012356886,0.082529489022522,0.21320008831775597,0.09523809523809523,0.11594202898550725,2.2995169082125604,0.06317505604238842,0.05389221556886228,0.13043478260869565,1.3012236396771675,0.08355410637864276,0.041916167664670656,0.2028985507246377,1.012062830860019,0.13704911351131038,1.1639774342758906,0.04141656662665066,ok,xgboost_hpo_trial_20,val,0,85,below_strong
21,0.07119103588709791,0.1185464139283584,6,5,0.5533425664672874,0.8720102589351933,5.424030215864488e-05,0.00041404546355720405,0.019049457359070356,1666.0,0.04141656662665066,0.6524416251486029,0.04890342522732793,0.05882755758733873,0.19990023516855102,0.08333333333333333,0.10144927536231885,2.0120772946859904,0.11819849195027511,0.0658682634730539,0.15942028985507245,1.590384448494316,0.16863664153250457,0.0748502994011976,0.36231884057971014,1.8072550551071769,0.37038923986142247,1.7189024027232627,0.04141656662665066,ok,xgboost_hpo_trial_21,val,86,85,below_strong
22,0.04472318726222036,0.08048910156373232,5,5,0.5565757572232559,0.8444844943773037,7.3347488667629025e-06,5.807843560212382e-05,0.0031415099021819097,1666.0,0.04141656662665066,0.5408011398183188,0.046859378259546024,0.08450073008688272,0.21473704329566926,0.023809523809523808,0.028985507246376812,0.5748792270531401,0.005094762584063582,0.041916167664670656,0.10144927536231885,1.012062830860019,0.05298553087426126,0.05089820359281437,0.2463768115942029,1.2289334374728804,0.16405135520684735,1.0798381156356396,0.04141656662665066,ok,xgboost_hpo_trial_22,val,0,85,below_strong
23,0.048664882840800366,0.13921195211887624,7,7,0.599385095743378,0.784451017489347,0.000586866467956925,0.002745389657111776,0.06885689583771851,1666.0,0.04141656662665066,0.574487490130952,0.046806695282121266,0.08438164364246903,0.21404398341178804,0.0,0.0,0.0,0.0,0.041916167664670656,0.10144927536231885,1.012062830860019,0.046362339514978604,0.03592814371257485,0.17391304347826086,0.867482426451445,0.07438353372732831,1.1750100697503394,0.04141656662665066,ok,xgboost_hpo_trial_23,val,0,85,below_strong
24,0.05468272331158988,0.08081206106716153,9,3,0.6962592784579139,0.8489045929536294,1.2450903254031364e-05,7.275370704610173e-07,0.0908579754755098,1666.0,0.04141656662665066,0.6010953508843574,0.04862283489656728,0.03469809940670945,0.1995035377680969,0.047619047619047616,0.057971014492753624,1.1497584541062802,0.043305481964540454,0.04790419161676647,0.11594202898550725,1.1566432352685934,0.10851844304055432,0.059880239520958084,0.2898550724637681,1.4458040440857416,0.2720603219889953,1.3203103918421557,0.04141656662665066,ok,xgboost_hpo_trial_24,val,151,85,below_strong
25,0.07348764357937762,0.15660664758949883,3,6,0.5286201259988734,0.756382487378302,1.2729280648347144e-06,1.0709238446371911,4.94160476379469,1666.0,0.04141656662665066,0.6831876797981724,0.0459245608069476,0.06994151475191974,0.1998542784133244,0.03571428571428571,0.043478260869565216,0.8623188405797102,0.022416955369879765,0.07784431137724551,0.18840579710144928,1.8795452573114642,0.15284287752190748,0.09580838323353294,0.463768115942029,2.3132864705371867,0.42683920929284697,1.7743538290325092,0.04141656662665066,ok,xgboost_hpo_trial_25,val,36,85,below_strong
26,0.05057101547237648,0.03986093991551754,6,8,0.611970699395286,0.9416860695555195,3.230953776777884e-05,0.0667416182936739,8.672333615715458e-05,1666.0,0.04141656662665066,0.5825188532846914,0.046555303690703126,0.08311906835737348,0.21347346344514626,0.047619047619047616,0.057971014492753624,1.1497584541062802,0.028021194212349703,0.023952095808383235,0.057971014492753624,0.5783216176342967,0.028021194212349703,0.05089820359281437,0.2463768115942029,1.2289334374728804,0.16405135520684735,1.2210335040141918,0.04141656662665066,ok,xgboost_hpo_trial_26,val,0,85,below_strong
27,0.07965370719077675,0.1920027728249581,4,4,0.674858686529353,0.7046495554682687,1.3337610288168306e-08,1.5450244271507006e-08,0.3066055790618525,1666.0,0.04141656662665066,0.7235396077790784,0.04619803565071498,0.07312768675825175,0.19875649172072685,0.08333333333333333,0.10144927536231885,2.0120772946859904,0.10189525168127166,0.08383233532934131,0.2028985507246377,2.024125661720038,0.18993274913389036,0.08982035928143713,0.43478260869565216,2.1687060661286126,0.40961891175871207,1.9232329881135373,0.04141656662665066,ok,xgboost_hpo_trial_27,val,16,85,below_strong
28,0.09697232953130146,0.18388814857710895,4,3,0.7562339043323472,0.703679744382874,3.5239269705214054e-08,3.993855684912665e-08,0.3560938650210205,1666.0,0.04141656662665066,0.7251050429700617,0.05186556866089801,0.06463226039329598,0.19899537313180768,0.14285714285714285,0.17391304347826086,3.449275362318841,0.16710821275728552,0.12574850299401197,0.30434782608695654,3.0361884925800573,0.2781740370898716,0.08682634730538923,0.42028985507246375,2.0964158639243253,0.37935602200937435,2.341389869552873,0.04141656662665066,ok,xgboost_hpo_trial_28,val,97,85,below_strong
29,0.045819752744119736,0.031679816791641814,10,2,0.8173985550179728,0.5597049780411141,2.5109161540670455e-07,1.2837405271062288e-07,0.5625164126114518,1666.0,0.04141656662665066,0.5167342753169439,0.047065375163671694,0.08539146969781344,0.21573550664206953,0.011904761904761904,0.014492753623188406,0.28743961352657005,0.004585286325657224,0.005988023952095809,0.014492753623188406,0.14458040440857417,0.004585286325657224,0.05389221556886228,0.2608695652173913,1.3012236396771675,0.3551049521092317,1.106314609734833,0.04141656662665066,ok,xgboost_hpo_trial_29,val,0,85,below_strong
30,0.03770150780948012,0.13615701765221158,3,15,0.7557274506542341,0.5990839157366781,6.252561943872485e-07,1.2921398868966695e-07,2.008015129647274e-06,1666.0,0.04141656662665066,0.44618532937663924,0.047008648950710386,0.08409679581781251,0.21538750983160962,0.023809523809523808,0.028985507246376812,0.5748792270531401,0.04075810067250866,0.011976047904191617,0.028985507246376812,0.28916080881714834,0.04075810067250866,0.04491017964071856,0.21739130434782608,1.0843530330643063,0.2515793764010597,0.9103001740665779,0.04141656662665066,ok,xgboost_hpo_trial_30,val,0,85,below_strong
31,0.08259371060465248,0.19843712158706744,4,4,0.7788861044576774,0.6922065468034988,1.1639691458321363e-08,2.2587111200508443e-08,0.39228244063862966,1666.0,0.04141656662665066,0.7212300236857151,0.05300969414756719,0.04897850547525,0.19801954721495194,0.08333333333333333,0.10144927536231885,2.0120772946859904,0.07387405746892195,0.08982035928143713,0.21739130434782608,2.1687060661286126,0.1596698593845527,0.08982035928143713,0.43478260869565216,2.1687060661286126,0.3726309353984104,1.9942191574978412,0.04141656662665066,ok,xgboost_hpo_trial_31,val,182,85,below_strong
32,0.0819753742351629,0.16537217825524897,4,4,0.8474962834566732,0.683523074741071,3.833535047797633e-08,1.0440390178051356e-07,0.21665963571503424,1666.0,0.04141656662665066,0.727641501728785,0.052596584085181246,0.07181398759918603,0.2032783678282467,0.07142857142857142,0.08695652173913043,1.7246376811594204,0.06674138985123293,0.07784431137724551,0.18840579710144928,1.8795452573114642,0.19400855920114124,0.10479041916167664,0.5072463768115942,2.5301570771500477,0.4795190544120644,1.9792894706634987,0.04141656662665066,ok,xgboost_hpo_trial_32,val,98,85,below_strong
33,0.07687379915593694,0.12499891835670483,5,2,0.7837896466807263,0.7638560974069402,1.320534656065647e-07,1.925687992012496e-08,1.4173868790086814,1666.0,0.04141656662665066,0.670745873149837,0.050568182885985476,0.053718995464314294,0.19971699070905313,0.08333333333333333,0.10144927536231885,2.0120772946859904,0.1232932545343387,0.08383233532934131,0.2028985507246377,2.024125661720038,0.20480945587935603,0.09281437125748503,0.4492753623188406,2.2409962683328994,0.4614835948644793,1.8561123100549413,0.04141656662665066,ok,xgboost_hpo_trial_33,val,150,85,below_strong
34,0.07348212468110234,0.0658477614133404,3,6,0.7310701112841049,0.5035347168559846,1.025573645113362e-08,1.039524466155205e-06,0.003924271943200371,1666.0,0.04141656662665066,0.7024266514206892,0.046418020265958745,0.075462456401281,0.202641083574987,0.03571428571428571,0.043478260869565216,0.8623188405797102,0.024964336661911554,0.05389221556886228,0.13043478260869565,1.3012236396771675,0.1074994905237416,0.08982035928143713,0.43478260869565216,2.1687060661286126,0.3691664968412472,1.7742205756335725,0.04141656662665066,ok,xgboost_hpo_trial_34,val,77,85,below_strong
35,0.03774575353675579,0.16308733916834117,4,2,0.9601023341084866,0.6367536125685664,7.136369501066427e-07,3.092641631005591e-06,0.22380608879965314,1666.0,0.04141656662665066,0.4374960296933562,0.04807295370747649,0.08866705711023147,0.21987412480225638,0.023809523809523808,0.028985507246376812,0.5748792270531401,0.01783166904422254,0.03592814371257485,0.08695652173913043,0.867482426451445,0.09934787038923987,0.0658682634730539,0.3188405797101449,1.590384448494316,0.2944772773588751,0.911368483945437,0.04141656662665066,ok,xgboost_hpo_trial_35,val,0,85,below_strong
36,0.08279165979625104,0.19809198782029508,3,9,0.7169083379675855,0.7317076778077795,7.835228514709194e-08,5.246909008992139e-08,0.0012175826906833322,1666.0,0.04141656662665066,0.7093145662610147,0.04659932526003378,0.0633831863088359,0.19254458074543163,0.10714285714285714,0.13043478260869565,2.5869565217391304,0.12431220705115141,0.08982035928143713,0.21739130434782608,2.1687060661286126,0.1980843692683921,0.09580838323353294,0.463768115942029,2.3132864705371867,0.43336050540044835,1.998998626384844,0.04141656662665066,ok,xgboost_hpo_trial_36,val,91,85,below_strong
37,0.076609582442589,0.09119934398491136,3,11,0.7149032071023578,0.7309912085331506,1.0979695560561741e-07,1.63113424856747e-05,5.81156746394997e-05,1666.0,0.04141656662665066,0.6847077400560835,0.04731598750492646,0.0750937833269613,0.20285285930952446,0.07142857142857142,0.08695652173913043,1.7246376811594204,0.06011819849195028,0.08383233532934131,0.2028985507246377,2.024125661720038,0.16405135520684735,0.09580838323353294,0.463768115942029,2.3132864705371867,0.3949459955166089,1.849732816657294,0.04141656662665066,ok,xgboost_hpo_trial_37,val,111,85,below_strong
38,0.07067644349453145,0.05109162880903998,3,9,0.8364009624612189,0.7833003135765791,2.0665499006400823e-06,8.438265473690165e-08,0.0017263047979813487,1666.0,0.04141656662665066,0.6826341056146942,0.04628204963808207,0.07704643282976723,0.20462217116458736,0.03571428571428571,0.043478260869565216,0.8623188405797102,0.019869574077847972,0.0658682634730539,0.15942028985507245,1.590384448494316,0.10902791929896066,0.08982035928143713,0.43478260869565216,2.1687060661286126,0.38516405135520687,1.7064776066940492,0.04141656662665066,ok,xgboost_hpo_trial_38,val,76,85,below_strong
39,0.09834719228531723,0.016966201182923486,10,18,0.6436146058602783,0.8214659180640996,5.002958722309305e-08,1.2659805937672658e-06,1.9776422926354397e-05,1666.0,0.04141656662665066,0.7515813164175582,0.0463428592366932,0.08192116198759405,0.212534356931108,0.07142857142857142,0.08695652173913043,1.7246376811594204,0.07387405746892195,0.0718562874251497,0.17391304347826086,1.73496485290289,0.14061544732015488,0.08682634730538923,0.42028985507246375,2.0964158639243253,0.42327287548400244,2.374585831120848,0.04141656662665066,ok,xgboost_hpo_trial_39,val,0,85,below_strong
40,0.09943120824420257,0.018166831111854038,10,18,0.6309138705347432,0.8216924623787213,0.000196964470975208,2.8098795074556227e-07,3.4882935537769826e-07,1666.0,0.04141656662665066,0.7574074578239997,0.04633140589742419,0.08186148341391838,0.2124809799088177,0.10714285714285714,0.13043478260869565,2.5869565217391304,0.15691868758915833,0.11377245508982035,0.2753623188405797,2.747027683762909,0.2893825147748115,0.08982035928143713,0.43478260869565216,2.1687060661286126,0.4331567148970858,2.4007593178962536,0.04141656662665066,ok,xgboost_hpo_trial_40,val,0,85,below_strong
41,0.09834719228531723,0.017246678320639135,10,18,0.640893527720452,0.8115336727616981,0.00043536304423516753,4.141667577822678e-07,2.2492683680475309e-07,1666.0,0.04141656662665066,0.7515813164175582,0.046340130802138974,0.08189129415734048,0.21252163783735778,0.07142857142857142,0.08695652173913043,1.7246376811594204,0.07387405746892195,0.0718562874251497,0.17391304347826086,1.73496485290289,0.14061544732015488,0.08682634730538923,0.42028985507246375,2.0964158639243253,0.42327287548400244,2.374585831120848,0.04141656662665066,ok,xgboost_hpo_trial_41,val,0,85,below_strong
42,0.09791133347474261,0.018698754209087617,10,18,0.6441406896090259,0.8152227266791603,0.00024821279649457184,3.897034859238332e-07,2.798272053650872e-07,1666.0,0.04141656662665066,0.7546849618396813,0.046332923045149764,0.0819182727052098,0.212487397823785,0.11904761904761904,0.14492753623188406,2.8743961352657004,0.14937843896474423,0.11377245508982035,0.2753623188405797,2.747027683762909,0.2569798247401671,0.11976047904191617,0.5797101449275363,2.891608088171483,0.6118809863460363,2.364062051723496,0.04141656662665066,ok,xgboost_hpo_trial_42,val,0,85,below_strong
43,0.09789064793306675,0.017782170485813008,10,18,0.648519939629378,0.8240501987422961,0.0003863806479028494,2.807720313597769e-07,2.3378684641088147e-07,1666.0,0.04141656662665066,0.7544399372010926,0.046337948392359045,0.08192335023116523,0.21251111234705028,0.11904761904761904,0.14492753623188406,2.8743961352657004,0.14937843896474423,0.11377245508982035,0.2753623188405797,2.747027683762909,0.2569798247401671,0.11976047904191617,0.5797101449275363,2.891608088171483,0.6118809863460363,2.363562600818684,0.04141656662665066,ok,xgboost_hpo_trial_43,val,0,85,below_strong
44,0.09834719228531723,0.01761105593741513,10,18,0.6389357165196756,0.8266995727165423,0.00038499919599516906,3.275034095341767e-07,2.480912556227232e-07,1666.0,0.04141656662665066,0.7515813164175582,0.046337987496510996,0.08188910295321447,0.2125115393719569,0.07142857142857142,0.08695652173913043,1.7246376811594204,0.07387405746892195,0.0718562874251497,0.17391304347826086,1.73496485290289,0.14061544732015488,0.08682634730538923,0.42028985507246375,2.0964158639243253,0.42327287548400244,2.374585831120848,0.04141656662665066,ok,xgboost_hpo_trial_44,val,0,85,below_strong
45,0.09834719228531723,0.021388255438194472,10,18,0.6259289071302957,0.8915569678368664,0.005693125199419322,1.4268602926971566e-06,1.9909505202335496e-06,1666.0,0.04141656662665066,0.7515813164175582,0.04631225882914479,0.08181348397415511,0.212390629862687,0.07142857142857142,0.08695652173913043,1.7246376811594204,0.07387405746892195,0.0718562874251497,0.17391304347826086,1.73496485290289,0.14061544732015488,0.08682634730538923,0.42028985507246375,2.0964158639243253,0.42327287548400244,2.374585831120848,0.04141656662665066,ok,xgboost_hpo_trial_45,val,0,85,below_strong
46,0.09943120824420257,0.02275804953971435,10,18,0.6166978237182488,0.8863644800113957,0.003077464144593452,1.6862842034477408e-06,1.3409687920889717e-06,1666.0,0.04141656662665066,0.7574074578239997,0.0463031371240346,0.08180113893453958,0.21234763465184622,0.10714285714285714,0.13043478260869565,2.5869565217391304,0.15691868758915833,0.11377245508982035,0.2753623188405797,2.747027683762909,0.2893825147748115,0.08982035928143713,0.43478260869565216,2.1687060661286126,0.4331567148970858,2.4007593178962536,0.04141656662665066,ok,xgboost_hpo_trial_46,val,0,85,below_strong
47,0.04205539130247508,0.027546075730875662,9,17,0.6744898304838959,0.923541106196662,0.044423804358030526,3.4172358425033136e-06,6.957141368687081e-06,1666.0,0.04141656662665066,0.4199994555008031,0.04646300209391121,0.08180554750032212,0.21308029694174277,0.023809523809523808,0.028985507246376812,0.5748792270531401,0.04075810067250866,0.023952095808383235,0.057971014492753624,0.5783216176342967,0.0585897697167312,0.03293413173652695,0.15942028985507245,0.795192224247158,0.11004687181577338,1.0154243755061374,0.04141656662665066,ok,xgboost_hpo_trial_47,val,0,85,below_strong
48,0.10302085928299314,0.014612275872044611,10,20,0.6580663927989009,0.8360453635296924,0.0016748409144378392,1.010351602342876e-05,6.309945124328813e-08,1666.0,0.04141656662665066,0.7495984318423129,0.04616734489720405,0.0824243949071056,0.21168566182283166,0.05952380952380952,0.07246376811594203,1.4371980676328502,0.08355410637864276,0.11976047904191617,0.2898550724637681,2.891608088171483,0.3086407173425718,0.11077844311377245,0.5362318840579711,2.6747374815586222,0.539025881393927,2.487431182108211,0.04141656662665066,ok,xgboost_hpo_trial_48,val,5,85,below_strong
49,0.09790964949438018,0.015079345822241087,10,20,0.6634423134600059,0.8700833106252502,0.0015852324540422207,1.017689486271833e-05,7.778254431582269e-07,1666.0,0.04141656662665066,0.7546350494133021,0.04635429063851918,0.08197031515378769,0.21258802506445712,0.11904761904761904,0.14492753623188406,2.8743961352657004,0.12645200733645812,0.12574850299401197,0.30434782608695654,3.0361884925800573,0.2747095985327084,0.11976047904191617,0.5797101449275363,2.891608088171483,0.5889545547177502,2.3640213921396724,0.04141656662665066,ok,xgboost_hpo_trial_49,val,0,85,below_strong
50,0.09314140446920768,0.011846041656382674,9,19,0.56642681258612,0.8920483091640541,0.022020348192682407,3.87024798070568e-05,6.163743351222493e-08,1666.0,0.04141656662665066,0.7518081910829182,0.0464046273834688,0.08214616646715145,0.21282320194716361,0.07142857142857142,0.08695652173913043,1.7246376811594204,0.12421031179947015,0.11976047904191617,0.2898550724637681,2.891608088171483,0.30853882209089056,0.10778443113772455,0.5217391304347826,2.602447279354335,0.5459547585082535,2.2488924615318844,0.04141656662665066,ok,xgboost_hpo_trial_50,val,0,85,below_strong
51,0.03789678717294438,0.015237085450986005,10,16,0.6192042330328692,0.8331273727647422,0.002867149835517735,2.9976046386487993e-06,1.3263855537524689e-08,1666.0,0.04141656662665066,0.33140943617108165,0.046461024964398585,0.08191692859095401,0.2130796393518494,0.023809523809523808,0.028985507246376812,0.5748792270531401,0.04075810067250866,0.011976047904191617,0.028985507246376812,0.28916080881714834,0.04075810067250866,0.02694610778443114,0.13043478260869565,0.6506118198385837,0.09781944161402079,0.9150151801467441,0.04141656662665066,ok,xgboost_hpo_trial_51,val,0,85,below_strong
52,0.09788104443605021,0.02015610861901509,9,19,0.647514010610359,0.7945271621841729,0.4670699068811112,3.518717869579873e-07,1.4545329294304183e-07,1666.0,0.04141656662665066,0.7543128873884911,0.04632776524292068,0.08190675629895419,0.21246297207357473,0.11904761904761904,0.14492753623188406,2.8743961352657004,0.14937843896474423,0.11377245508982035,0.2753623188405797,2.747027683762909,0.2569798247401671,0.11976047904191617,0.5797101449275363,2.891608088171483,0.6118809863460363,2.3633307250791256,0.04141656662665066,ok,xgboost_hpo_trial_52,val,0,85,below_strong
53,0.10950363757060222,0.02502407695381229,10,17,0.6831449694457549,0.8617010008595604,0.00019468500221922044,1.5747452208813643e-06,7.6397607489719e-07,1666.0,0.04141656662665066,0.7504287931175302,0.04651233173467074,0.08440328293255253,0.21327220972893723,0.11904761904761904,0.14492753623188406,2.8743961352657004,0.12125534950071326,0.12574850299401197,0.30434782608695654,3.0361884925800573,0.2950886488689627,0.11077844311377245,0.5362318840579711,2.6747374815586222,0.5508457305889546,2.64395739409599,0.04141656662665066,ok,xgboost_hpo_trial_53,val,3,85,below_strong
54,0.10633259364530456,0.02462538254046231,9,16,0.6858423103566389,0.9480450770644246,0.013841675960762795,1.6439306063452438e-06,1.0015203266203257e-06,1666.0,0.04141656662665066,0.7546123619467662,0.046537808117644006,0.08498315653111896,0.21337751163883872,0.13095238095238096,0.15942028985507245,3.161835748792271,0.13959649480334216,0.16167664670658682,0.391304347826087,3.9036709190315024,0.42041980843692683,0.11676646706586827,0.5652173913043478,2.8193178859671963,0.579172610556348,2.56739276830547,0.04141656662665066,ok,xgboost_hpo_trial_54,val,3,85,below_strong
55,0.04016363274189941,0.024350225890147306,8,16,0.6920807104470651,0.9448667541975576,0.014351629367465367,1.5279193496067272e-06,6.97474802465262e-07,1666.0,0.04141656662665066,0.4673572731480221,0.04657181898848708,0.08279571979164649,0.2135793067364029,0.023809523809523808,0.028985507246376812,0.5748792270531401,0.04075810067250866,0.017964071856287425,0.043478260869565216,0.4337412132257225,0.05094762584063583,0.04491017964071856,0.21739130434782608,1.0843530330643063,0.16863664153250457,0.9697480021449916,0.04141656662665066,ok,xgboost_hpo_trial_55,val,0,85,below_strong
56,0.039297586710910486,0.03175406759476481,9,14,0.607392979875996,0.9675303110659041,0.004081259809077048,7.578814667436723e-06,1.404431254248293e-05,1666.0,0.04141656662665066,0.41227210439864603,0.04647084584885895,0.08167348246203035,0.21310473926191073,0.03571428571428571,0.043478260869565216,0.8623188405797102,0.04840024454860403,0.023952095808383235,0.057971014492753624,0.5783216176342967,0.0585897697167312,0.011976047904191617,0.057971014492753624,0.28916080881714834,0.0585897697167312,0.9488373834837228,0.04141656662665066,ok,xgboost_hpo_trial_56,val,0,85,below_strong
57,0.10533372627711425,0.02735766295889677,9,16,0.6676899592125517,0.8681604233138639,4.096181112525035,3.098917553349178e-05,5.809457126105763e-06,1666.0,0.04141656662665066,0.7628705997658654,0.046411107215230764,0.08399709684400855,0.21280533881799124,0.08333333333333333,0.10144927536231885,2.0120772946859904,0.09323415528836357,0.10778443113772455,0.2608695652173913,2.602447279354335,0.2725697982474017,0.12574850299401197,0.6086956521739131,3.0361884925800573,0.6308335031587528,2.543275188082208,0.04141656662665066,ok,xgboost_hpo_trial_57,val,3,85,below_strong
58,0.07381553053947845,0.028051092996142786,8,16,0.6812633549790007,0.8711658564411002,2.4448002150232773,3.630310057705865e-05,3.337763401925522e-08,1666.0,0.04141656662665066,0.6618796112275734,0.04653781404199131,0.08367184603682942,0.2133719525624703,0.047619047619047616,0.057971014492753624,1.1497584541062802,0.059099245975137556,0.041916167664670656,0.10144927536231885,1.012062830860019,0.09985734664764621,0.041916167664670656,0.2028985507246377,1.012062830860019,0.16802527002241696,1.782270635924219,0.04141656662665066,ok,xgboost_hpo_trial_58,val,3,85,below_strong
59,0.06298201562041492,0.03559133288301167,9,14,0.7119350506167569,0.9116335829596938,0.0012952284514582777,2.219531402643532e-05,5.61344116902687e-06,1666.0,0.04141656662665066,0.6352808254607825,0.04667886609843341,0.0840753641556434,0.214055215935301,0.03571428571428571,0.043478260869565216,0.8623188405797102,0.04534338699816588,0.023952095808383235,0.057971014492753624,0.5783216176342967,0.06572243733442022,0.05389221556886228,0.2608695652173913,1.3012236396771675,0.1844304055431017,1.520696203240743,0.04141656662665066,ok,xgboost_hpo_trial_59,val,0,85,below_strong
60,0.09945165826832686,0.023159337560413388,9,17,0.6651146248990395,0.951386246217295,7.962540804067311,5.820840986474916e-06,9.948322713563314e-07,1666.0,0.04141656662665066,0.7448204513898342,0.04629597671188162,0.08278280087396736,0.2122970954059789,0.15476190476190477,0.18840579710144928,3.7367149758454112,0.19146117790910944,0.11976047904191617,0.2898550724637681,2.891608088171483,0.33411453026288973,0.10778443113772455,0.5217391304347826,2.602447279354335,0.5786631342979417,2.4012530822468485,0.04141656662665066,ok,xgboost_hpo_trial_60,val,3,85,below_strong
61,0.09621619619374414,0.02265468747235251,9,17,0.6582524648618578,0.9905172958017378,8.848734404073916,6.024749175329284e-06,1.4102721742513335e-06,1666.0,0.04141656662665066,0.7354686776837005,0.04633248635917426,0.081981352764089,0.21248580560219948,0.09523809523809523,0.11594202898550725,2.2995169082125604,0.1477481149378439,0.10778443113772455,0.2608695652173913,2.602447279354335,0.2990625636845323,0.10179640718562874,0.4927536231884058,2.457866874945761,0.5099857346647646,2.323133084909822,0.04141656662665066,ok,xgboost_hpo_trial_61,val,1,85,below_strong
62,0.07498333766421131,0.026565594409561005,8,19,0.5943965051289234,0.9320631621123687,2.134783355675427,0.00010353577095103338,1.0089560804260528e-06,1666.0,0.04141656662665066,0.6595291896944452,0.046370065644243154,0.08210388624689588,0.2126563165933784,0.023809523809523808,0.028985507246376812,0.5748792270531401,0.03770124312207051,0.011976047904191617,0.028985507246376812,0.28916080881714834,0.03770124312207051,0.04790419161676647,0.2318840579710145,1.1566432352685934,0.25789688200529853,1.8104672543271891,0.04141656662665066,ok,xgboost_hpo_trial_62,val,0,85,below_strong
63,0.09864159147359365,0.012905474300097176,9,17,0.6984047707510922,0.9620710923003647,0.37864648995945155,2.2471153541363342e-06,3.6418087075763982e-06,1666.0,0.04141656662665066,0.7404553828283102,0.04644446031477301,0.08251881742087447,0.21300619665717085,0.10714285714285714,0.13043478260869565,2.5869565217391304,0.08365600163032402,0.09580838323353294,0.2318840579710145,2.3132864705371867,0.16568167923374771,0.11676646706586827,0.5652173913043478,2.8193178859671963,0.537497452618708,2.3816940781885076,0.04141656662665066,ok,xgboost_hpo_trial_63,val,0,85,below_strong
64,0.09461771291999728,0.020627594793553285,9,20,0.6646975491713997,0.8541967340627297,3.1951263077977976,1.1256666074802122e-05,4.906539362952758e-07,1666.0,0.04141656662665066,0.7366711134101078,0.04618588737040423,0.08266941292070543,0.211749569798686,0.13095238095238096,0.15942028985507245,3.161835748792271,0.1902384348889342,0.11976047904191617,0.2898550724637681,2.891608088171483,0.2986549826778072,0.09281437125748503,0.4492753623188406,2.2409962683328994,0.4341756674138985,2.2845378220973256,0.04141656662665066,ok,xgboost_hpo_trial_64,val,5,85,below_strong
65,0.040146364902077986,0.04434542052456843,10,15,0.7355609336107974,0.9038892112639787,0.00021874872178258102,0.0001525383736087624,1.0325913372765406e-07,1666.0,0.04141656662665066,0.4729338524225677,0.04677830939175961,0.08382999026278057,0.21449683300475142,0.023809523809523808,0.028985507246376812,0.5748792270531401,0.04075810067250866,0.023952095808383235,0.057971014492753624,0.5783216176342967,0.07132667617689016,0.03293413173652695,0.15942028985507245,0.795192224247158,0.11055634807417974,0.969331071403796,0.04141656662665066,ok,xgboost_hpo_trial_65,val,0,85,below_strong
66,0.03554684707461897,0.010513712924384515,9,14,0.6820592691936148,0.8574441965840947,6.287298937840629e-05,7.902064432134126e-07,2.9099602961245147e-08,1666.0,0.04141656662665066,0.36623015981051427,0.04647353015107237,0.082106557870362,0.21313969359214352,0.023809523809523808,0.028985507246376812,0.5748792270531401,0.04075810067250866,0.011976047904191617,0.028985507246376812,0.28916080881714834,0.04075810067250866,0.014970059880239521,0.07246376811594203,0.3614510110214354,0.07387405746892195,0.8582760467581915,0.04141656662665066,ok,xgboost_hpo_trial_66,val,0,85,below_strong
67,0.07499226600779249,0.02443499149741949,10,17,0.5650291499843144,0.9573624023720411,0.5393212059774054,5.370901536517679e-06,3.186157999672695e-05,1666.0,0.04141656662665066,0.6591480402566406,0.04638876890954775,0.08221115278346197,0.21274360509720236,0.023809523809523808,0.028985507246376812,0.5748792270531401,0.03770124312207051,0.011976047904191617,0.028985507246376812,0.28916080881714834,0.03770124312207051,0.04790419161676647,0.2318840579710145,1.1566432352685934,0.25789688200529853,1.8106828285359753,0.04141656662665066,ok,xgboost_hpo_trial_67,val,0,85,below_strong
68,0.09328073262238222,0.034644304006405884,8,19,0.6215694349225179,0.8781741440165591,0.13331945105684098,0.0006392496578954001,6.415623897147553e-06,1666.0,0.04141656662665066,0.7427332044685234,0.046248075328141645,0.08171166756860063,0.212081653117199,0.08333333333333333,0.10144927536231885,2.0120772946859904,0.09843081312410841,0.09580838323353294,0.2318840579710145,2.3132864705371867,0.20898716119828817,0.09880239520958084,0.4782608695652174,2.385576672741474,0.44630120236396986,2.2522565296940407,0.04141656662665066,ok,xgboost_hpo_trial_68,val,0,85,below_strong
69,0.07502179811583866,0.029425370853760558,10,16,0.540445291162607,0.9989314918357147,0.0008191775689157658,2.0479046111420543e-07,2.6910211816194485e-06,1666.0,0.04141656662665066,0.6595110397212164,0.04639510262465146,0.08225143012128958,0.2127682057124752,0.023809523809523808,0.028985507246376812,0.5748792270531401,0.03770124312207051,0.011976047904191617,0.028985507246376812,0.28916080881714834,0.03770124312207051,0.04790419161676647,0.2318840579710145,1.1566432352685934,0.25789688200529853,1.8113958791447422,0.04141656662665066,ok,xgboost_hpo_trial_69,val,0,85,below_strong
70,0.0370310066228251,0.022502696896200883,10,15,0.6068440417284656,0.8976675317347964,0.00014710438346571587,2.1716121700940758e-05,5.178661248794612e-07,1666.0,0.04141656662665066,0.32608695652173914,0.046424933965534786,0.08159063617382445,0.21290656713584638,0.023809523809523808,0.028985507246376812,0.5748792270531401,0.04075810067250866,0.011976047904191617,0.028985507246376812,0.28916080881714834,0.04075810067250866,0.020958083832335328,0.10144927536231885,0.5060314154300095,0.12584063582637048,0.8941109715018352,0.04141656662665066,ok,xgboost_hpo_trial_70,val,0,85,below_strong
71,0.09887387668738484,0.012927626038125925,9,17,0.699084850058483,0.958837493999156,4.455616698686673,2.0834822069824118e-06,3.7741810048060792e-06,1666.0,0.04141656662665066,0.7482553338233827,0.04642027354510972,0.08233579754883072,0.21289481294948487,0.10714285714285714,0.13043478260869565,2.5869565217391304,0.08365600163032402,0.09580838323353294,0.2318840579710145,2.3132864705371867,0.16568167923374771,0.11676646706586827,0.5652173913043478,2.8193178859671963,0.537497452618708,2.387302587843234,0.04141656662665066,ok,xgboost_hpo_trial_71,val,0,85,below_strong
72,0.0993523453664399,0.013876192420192045,9,17,0.7057977948826812,0.9443017742032148,4.928365487440995,5.819066847698683e-07,1.3674399134211347e-06,1666.0,0.04141656662665066,0.7514497291116496,0.046407654113671766,0.08229091318965961,0.21283640983447322,0.10714285714285714,0.13043478260869565,2.5869565217391304,0.08365600163032402,0.09580838323353294,0.2318840579710145,2.3132864705371867,0.16568167923374771,0.11676646706586827,0.5652173913043478,2.8193178859671963,0.537497452618708,2.3988551794273754,0.04141656662665066,ok,xgboost_hpo_trial_72,val,0,85,below_strong
73,0.10359428907651086,0.01577114069847167,9,16,0.6634960698061589,0.9310735260911626,7.214686745351256,6.844656293270958e-07,1.2216840857161086e-06,1666.0,0.04141656662665066,0.749112920058443,0.04629190136582559,0.08230614146980203,0.21228758287519234,0.14285714285714285,0.17391304347826086,3.449275362318841,0.1829019767678826,0.12574850299401197,0.30434782608695654,3.0361884925800573,0.3214795190544121,0.12275449101796407,0.5942028985507246,2.9638982903757705,0.5813124108416547,2.501276602919813,0.04141656662665066,ok,xgboost_hpo_trial_73,val,4,85,below_strong
74,0.03708950740779112,0.01593860742886988,8,16,0.6584390750441255,0.9234198003452674,0.8119958750518188,5.478902579803365e-06,6.289890164560234e-08,1666.0,0.04141656662665066,0.3254789324185747,0.046464534680808016,0.0819158491288342,0.2130953410448247,0.023809523809523808,0.028985507246376812,0.5748792270531401,0.04075810067250866,0.023952095808383235,0.057971014492753624,0.5783216176342967,0.0585897697167312,0.011976047904191617,0.057971014492753624,0.28916080881714834,0.0585897697167312,0.8955234687156524,0.04141656662665066,ok,xgboost_hpo_trial_74,val,0,85,below_strong
75,0.07237136908134556,0.019203048190580066,10,19,0.737136731375086,0.8418772903830416,9.236244167737711,7.724456277596846e-07,1.0038739158150917e-05,1666.0,0.04141656662665066,0.6647609194776437,0.046417469795958725,0.08255551893617355,0.21286556238358115,0.03571428571428571,0.043478260869565216,0.8623188405797102,0.026085184430405542,0.023952095808383235,0.057971014492753624,0.5783216176342967,0.03627470959853271,0.05688622754491018,0.2753623188405797,1.3735138418814545,0.25799877725697984,1.7474014621669813,0.04141656662665066,ok,xgboost_hpo_trial_75,val,3,85,below_strong
76,0.08095623946083409,0.0258087307056194,9,20,0.674648010581335,0.8609317713412404,1.6939595802073302,4.486211287659876e-05,3.7604230000231696e-07,1666.0,0.04141656662665066,0.7109117639051483,0.046147689267323544,0.0824679576960646,0.21151582970291433,0.09523809523809523,0.11594202898550725,2.2995169082125604,0.12838801711840228,0.07784431137724551,0.18840579710144928,1.8795452573114642,0.2207051151416344,0.08083832335329341,0.391304347826087,1.9518354595157512,0.42398614224577136,1.9546825353876756,0.04141656662665066,ok,xgboost_hpo_trial_76,val,5,85,below_strong
77,0.0949806344248489,0.021279035947084645,10,15,0.5772350226557991,0.9795571787926768,3.368221485340759e-05,1.9128396569647884e-07,1.252575193592556e-07,1666.0,0.04141656662665066,0.7367936257294021,0.046591446066435685,0.0848114939824659,0.2136301388202949,0.09523809523809523,0.11594202898550725,2.2995169082125604,0.1254330548196454,0.0718562874251497,0.17391304347826086,1.73496485290289,0.191664968412472,0.10479041916167664,0.5072463768115942,2.5301570771500477,0.484613816996128,2.2933005355333083,0.04141656662665066,ok,xgboost_hpo_trial_77,val,3,85,below_strong
78,0.046537880288139974,0.019310920816658063,9,13,0.7262020527587842,0.9126464339266448,0.0063907528931688995,1.0642035663906716e-05,1.2861251426431962e-06,1666.0,0.04141656662665066,0.5291125570589783,0.046646545260440715,0.08347391455667932,0.2139262872438709,0.0,0.0,0.0,0.0,0.0,0.0,0.0,0.0,0.020958083832335328,0.10144927536231885,0.5060314154300095,0.0877318116975749,1.1236537472469739,0.04141656662665066,ok,xgboost_hpo_trial_78,val,0,85,below_strong
79,0.03789678717294438,0.030724848308799752,10,16,0.630816561085965,0.8821408653095164,0.002025433428345021,6.257549958172766e-08,7.154547557557856e-07,1666.0,0.04141656662665066,0.33140943617108165,0.04647173321373205,0.08164993457111563,0.21311463254969015,0.023809523809523808,0.028985507246376812,0.5748792270531401,0.04075810067250866,0.011976047904191617,0.028985507246376812,0.28916080881714834,0.04075810067250866,0.02694610778443114,0.13043478260869565,0.6506118198385837,0.09781944161402079,0.9150151801467441,0.04141656662665066,ok,xgboost_hpo_trial_79,val,0,85,below_strong
80,0.07833926644067575,0.016113932300886313,8,19,0.6546664012762924,0.9329836417905655,0.22017937443447644,4.2084358176837996e-06,6.102896984259042e-08,1666.0,0.04141656662665066,0.6715853094116686,0.04641559540717271,0.08224405033015261,0.21287241058676926,0.023809523809523808,0.028985507246376812,0.5748792270531401,0.03770124312207051,0.011976047904191617,0.028985507246376812,0.28916080881714834,0.03770124312207051,0.04491017964071856,0.21739130434782608,1.0843530330643063,0.18646831057672714,1.8914959114516785,0.04141656662665066,ok,xgboost_hpo_trial_80,val,0,85,below_strong
81,0.0993523453664399,0.022735031733754244,9,17,0.7041003430483652,0.9460789179985677,4.684191635943094,6.360305035589974e-07,1.726923585411577e-06,1666.0,0.04141656662665066,0.7514497291116496,0.04638048940463915,0.08238185926520525,0.21270803057906848,0.10714285714285714,0.13043478260869565,2.5869565217391304,0.08365600163032402,0.09580838323353294,0.2318840579710145,2.3132864705371867,0.16568167923374771,0.11676646706586827,0.5652173913043478,2.8193178859671963,0.537497452618708,2.3988551794273754,0.04141656662665066,ok,xgboost_hpo_trial_81,val,0,85,below_strong
82,0.09901946973687176,0.014040562864635212,9,17,0.6858687007867793,0.8413016634624707,0.9860550452293956,6.358239649876524e-07,1.1240462785103874e-06,1666.0,0.04141656662665066,0.7523163903333243,0.04636984854897638,0.08222118651970667,0.2126600983011293,0.08333333333333333,0.10144927536231885,2.0120772946859904,0.0837578968820053,0.07784431137724551,0.18840579710144928,1.8795452573114642,0.15049928673323823,0.08982035928143713,0.43478260869565216,2.1687060661286126,0.4331567148970858,2.3908179214728746,0.04141656662665066,ok,xgboost_hpo_trial_82,val,0,85,below_strong
83,0.1079618654566011,0.010962265421820504,10,16,0.6675644792379424,0.98121760805904,4.3711398157318015,1.8529822918041637e-06,2.627887892642042e-05,1666.0,0.04141656662665066,0.7587550933362373,0.046431696534174574,0.08311989312680687,0.2129415391940958,0.13095238095238096,0.15942028985507245,3.161835748792271,0.13959649480334216,0.10179640718562874,0.2463768115942029,2.457866874945761,0.2451599755451396,0.09580838323353294,0.463768115942029,2.3132864705371867,0.49724882820460564,2.6067314181260497,0.04141656662665066,ok,xgboost_hpo_trial_83,val,3,85,below_strong
84,0.1024800616748385,0.011390470485575623,10,18,0.6670073601158075,0.9762769063420407,1.3390513684770686,1.5895134938772567e-06,2.2677215863500973e-05,1666.0,0.04141656662665066,0.7500340311998039,0.0463983269090061,0.08318491271581827,0.2127836193663705,0.10714285714285714,0.13043478260869565,2.5869565217391304,0.09190951701650703,0.11377245508982035,0.2753623188405797,2.747027683762909,0.2615651110658243,0.09880239520958084,0.4782608695652174,2.385576672741474,0.5188506215610352,2.47437366304755,0.04141656662665066,ok,xgboost_hpo_trial_84,val,3,85,below_strong
85,0.03715620291729838,0.010654047249895137,10,16,0.6735860658799683,0.9804682873835743,1.3262831777295498,2.5695984817581536e-06,0.00011261501936621781,1666.0,0.04141656662665066,0.3296398137812747,0.04647282325719688,0.08209904943819807,0.21313639816873822,0.023809523809523808,0.028985507246376812,0.5748792270531401,0.04075810067250866,0.017964071856287425,0.043478260869565216,0.4337412132257225,0.05094762584063583,0.023952095808383235,0.11594202898550725,0.5783216176342967,0.09272467902995721,0.8971338269596972,0.04141656662665066,ok,xgboost_hpo_trial_85,val,0,85,below_strong
86,0.037306885872629425,0.011449384130122501,10,14,0.6343004522063062,0.9984325435524661,3.4738996087156226,7.251948027737547e-05,3.0232892758910243e-05,1666.0,0.04141656662665066,0.3325392720045738,0.046473996721852005,0.08207465929179347,0.21314154329694165,0.023809523809523808,0.028985507246376812,0.5748792270531401,0.04075810067250866,0.023952095808383235,0.057971014492753624,0.5783216176342967,0.0585897697167312,0.020958083832335328,0.10144927536231885,0.5060314154300095,0.08508253515386183,0.9007720559971105,0.04141656662665066,ok,xgboost_hpo_trial_86,val,0,85,below_strong
87,0.07167188071073448,0.01235140233051693,10,15,0.66627545772704,0.9774843970927574,5.333746394029628,1.1926311864704557e-06,0.00015544662920972667,1666.0,0.04141656662665066,0.6136823573185228,0.0464110351171042,0.08216693455360088,0.21284923631933733,0.10714285714285714,0.13043478260869565,2.5869565217391304,0.10291420419808436,0.0718562874251497,0.17391304347826086,1.73496485290289,0.17016507030772365,0.03592814371257485,0.17391304347826086,0.867482426451445,0.17016507030772365,1.73051236614614,0.04141656662665066,ok,xgboost_hpo_trial_87,val,2,85,below_strong
88,0.09901946973687176,0.011126814631036945,10,18,0.6902497943639716,0.7918231900587679,0.26621034332230786,1.4087005228353809e-05,4.5137433557937285e-05,1666.0,0.04141656662665066,0.7523163903333243,0.04639291746633736,0.08224946312329062,0.21276789467443682,0.08333333333333333,0.10144927536231885,2.0120772946859904,0.0837578968820053,0.07784431137724551,0.18840579710144928,1.8795452573114642,0.15049928673323823,0.08982035928143713,0.43478260869565216,2.1687060661286126,0.4331567148970858,2.3908179214728746,0.04141656662665066,ok,xgboost_hpo_trial_88,val,0,85,below_strong
89,0.04084745466802745,0.014951517545210138,9,16,0.7475497835193222,0.9256845537390174,0.035733591877995526,1.8544004879508679e-07,2.1152384244823785e-05,1666.0,0.04141656662665066,0.4046672656157832,0.046506054686179826,0.08225880929974377,0.21328568877237872,0.023809523809523808,0.028985507246376812,0.5748792270531401,0.04075810067250866,0.017964071856287425,0.043478260869565216,0.4337412132257225,0.04840024454860403,0.020958083832335328,0.10144927536231885,0.5060314154300095,0.08151620134501732,0.9862588329990397,0.04141656662665066,ok,xgboost_hpo_trial_89,val,0,85,below_strong
90,0.04678317039318473,0.016443315005693057,10,13,0.7218341711566043,0.9565743087700642,0.6212137866344026,2.568552515666104e-05,0.00016593910044370995,1666.0,0.04141656662665066,0.5289628197798408,0.04657567449213554,0.08307578097604046,0.21360471922120886,0.0,0.0,0.0,0.0,0.005988023952095809,0.014492753623188406,0.14458040440857417,0.02404727939678011,0.011976047904191617,0.057971014492753624,0.28916080881714834,0.05971061748522519,1.1295762590586342,0.04141656662665066,ok,xgboost_hpo_trial_90,val,0,85,below_strong
91,0.07826643042097507,0.010109214699487981,10,20,0.6193355909939441,0.9720206374276142,0.0008721626581643965,1.8210388392555835e-06,9.141100985306607e-06,1666.0,0.04141656662665066,0.6704781610447125,0.04641873792584455,0.08215365565570892,0.2128880941060535,0.023809523809523808,0.028985507246376812,0.5748792270531401,0.03770124312207051,0.011976047904191617,0.028985507246376812,0.28916080881714834,0.03770124312207051,0.04491017964071856,0.21739130434782608,1.0843530330643063,0.18646831057672714,1.889737291033978,0.04141656662665066,ok,xgboost_hpo_trial_91,val,0,85,below_strong
92,0.09838282287387566,0.013607409617916462,10,18,0.6553209829535818,0.8981784810284571,1.612285029697555,7.743276375101438e-06,2.6677177587247766e-06,1666.0,0.04141656662665066,0.7587823182960806,0.04641559153556267,0.08220905984113483,0.21287304658015593,0.09523809523809523,0.11594202898550725,2.2995169082125604,0.12135724475239454,0.10179640718562874,0.2463768115942029,2.457866874945761,0.23843488893417566,0.10778443113772455,0.5217391304347826,2.602447279354335,0.5420827389443652,2.375446129099665,0.04141656662665066,ok,xgboost_hpo_trial_92,val,0,85,below_strong
93,0.10286651158816323,0.02475761472580017,10,18,0.6325726899956438,0.8836056900470474,7.073272955190824,3.6195788466331874e-06,4.567987948134503e-06,1666.0,0.04141656662665066,0.7623079505957728,0.04637543066161657,0.08301571398830357,0.21268061649065562,0.09523809523809523,0.11594202898550725,2.2995169082125604,0.13755858976971674,0.11976047904191617,0.2898550724637681,2.891608088171483,0.3296311391889138,0.11676646706586827,0.5652173913043478,2.8193178859671963,0.5834522111269614,2.483704468201159,0.04141656662665066,ok,xgboost_hpo_trial_93,val,1,85,below_strong
94,0.09374156451259429,0.0242710862549832,9,17,0.6416522900169997,0.8647199315090495,8.267802527531309,4.425017633880773e-06,1.8303958327285777e-07,1666.0,0.04141656662665066,0.7433276160917663,0.04637381124947802,0.08213995109979702,0.21267847105582494,0.08333333333333333,0.10144927536231885,2.0120772946859904,0.09873649887915223,0.09580838323353294,0.2318840579710145,2.3132864705371867,0.2030772366007744,0.09580838323353294,0.463768115942029,2.3132864705371867,0.4303036478500102,2.2633832822895954,0.04141656662665066,ok,xgboost_hpo_trial_94,val,0,85,below_strong
95,0.09788859885407518,0.03460954911425931,10,19,0.6689379630262109,0.8048557288222896,2.4395428861413144,2.8659184636996866e-06,5.269409544417019e-06,1666.0,0.04141656662665066,0.7498525314675161,0.046361951973224395,0.08222235005800607,0.21261789819977323,0.07142857142857142,0.08695652173913043,1.7246376811594204,0.1268595883431832,0.08982035928143713,0.21739130434782608,2.1687060661286126,0.23374770735683717,0.11077844311377245,0.5362318840579711,2.6747374815586222,0.5562461789280619,2.363513125954917,0.04141656662665066,ok,xgboost_hpo_trial_95,val,0,85,below_strong
96,0.04401604375226445,0.01813617248708313,9,15,0.9954206302638228,0.9364509021890769,1.2509025515903328e-05,8.766303203578091e-07,4.611969535250203e-07,1666.0,0.04141656662665066,0.538577768097792,0.0465853731710152,0.08300066072525097,0.213646959537173,0.011904761904761904,0.014492753623188406,0.28743961352657005,0.010189525168127165,0.017964071856287425,0.043478260869565216,0.4337412132257225,0.026085184430405542,0.020958083832335328,0.10144927536231885,0.5060314154300095,0.06735276136132057,1.0627641868300375,0.04141656662665066,ok,xgboost_hpo_trial_96,val,0,85,below_strong
97,0.09839182424147634,0.02847164726500426,10,18,0.6866209849923384,0.9503256843352236,6.514498981885718,1.0211697496776342e-08,1.29036743371709e-05,1666.0,0.04141656662665066,0.7512863793525906,0.04636392567716541,0.08239230340500983,0.2126297007841228,0.047619047619047616,0.057971014492753624,1.1497584541062802,0.06826981862645201,0.07784431137724551,0.18840579710144928,1.8795452573114642,0.18697778683513347,0.08682634730538923,0.42028985507246375,2.0964158639243253,0.40207866313429796,2.37566346646811,0.04141656662665066,ok,xgboost_hpo_trial_97,val,0,85,below_strong
98,0.03710896270285134,0.02598516731375722,10,16,0.6298784317818747,0.9896489143499031,3.4031771368837576,4.86330367316984e-07,1.85118819353239e-08,1666.0,0.04141656662665066,0.3291906019438621,0.046466306704690416,0.08179375032882016,0.21309945433309016,0.023809523809523808,0.028985507246376812,0.5748792270531401,0.04075810067250866,0.017964071856287425,0.043478260869565216,0.4337412132257225,0.05094762584063583,0.023952095808383235,0.11594202898550725,0.5783216176342967,0.09272467902995721,0.8959932154050774,0.04141656662665066,ok,xgboost_hpo_trial_98,val,0,85,below_strong
99,0.12023839755847694,0.019937510860835197,9,17,0.5998259296631343,0.8307991475366335,0.00011481361762463362,1.1467323802338985e-06,3.911721904645387e-06,1666.0,0.04141656662665066,0.7642999101576324,0.04637301030352127,0.0836182263862042,0.21263871962622918,0.17857142857142858,0.21739130434782608,4.311594202898551,0.16985938455267985,0.1317365269461078,0.3188405797101449,3.180768896988632,0.2767475035663338,0.11976047904191617,0.5797101449275363,2.891608088171483,0.46056653759934785,2.903147396122067,0.04141656662665066,ok,xgboost_hpo_trial_99,val,4,85,below_strong
100,0.09388715756208121,0.01230660313457151,8,17,0.6489890564452571,0.8349492468707769,0.9251676425884963,8.165679518143669e-06,1.970104269216672e-05,1666.0,0.04141656662665066,0.7437677529425644,0.0463858552880489,0.08221557879505181,0.21273493436191054,0.08333333333333333,0.10144927536231885,2.0120772946859904,0.09843081312410841,0.09580838323353294,0.2318840579710145,2.3132864705371867,0.20898716119828817,0.09880239520958084,0.4782608695652174,2.385576672741474,0.44630120236396986,2.2668986159192364,0.04141656662665066,ok,xgboost_hpo_trial_100,val,0,85,below_strong
101,0.09328808022447993,0.02004389260469183,9,18,0.5965590795080595,0.8339121195498459,0.00013931374830143396,1.082930368054476e-06,2.3846361890870113e-06,1666.0,0.04141656662665066,0.7428058043614386,0.04632731853166624,0.08188205313872174,0.21245984780051155,0.08333333333333333,0.10144927536231885,2.0120772946859904,0.09843081312410841,0.09580838323353294,0.2318840579710145,2.3132864705371867,0.20898716119828817,0.09880239520958084,0.4782608695652174,2.385576672741474,0.44630120236396986,2.2524339370142545,0.04141656662665066,ok,xgboost_hpo_trial_101,val,0,85,below_strong
102,0.10856668991284579,0.021948174647635123,9,16,0.6779972380476951,0.8478335260703598,8.651074809019837e-05,3.885893023919613e-06,4.300361570711641e-06,1666.0,0.04141656662665066,0.7551931610900874,0.046526548135573685,0.08427886939903839,0.2133472346808821,0.11904761904761904,0.14492753623188406,2.8743961352657004,0.12125534950071326,0.12574850299401197,0.30434782608695654,3.0361884925800573,0.28622376197269206,0.12275449101796407,0.5942028985507246,2.9638982903757705,0.6002649276543713,2.621334860794219,0.04141656662665066,ok,xgboost_hpo_trial_102,val,3,85,below_strong
103,0.10909342840500344,0.02163035539029483,9,16,0.6798754285942769,0.776528558207472,0.00010606597328913477,3.484267748638165e-06,4.433842424865155e-06,1666.0,0.04141656662665066,0.7517855036163821,0.04649722076634245,0.08408006844597132,0.21321460158291144,0.11904761904761904,0.14492753623188406,2.8743961352657004,0.12125534950071326,0.1377245508982036,0.3333333333333333,3.325349301397206,0.31699612798043614,0.10778443113772455,0.5217391304347826,2.602447279354335,0.5182392500509476,2.6340529235179093,0.04141656662665066,ok,xgboost_hpo_trial_103,val,3,85,below_strong
104,0.05076493312146862,0.021914651714329755,9,16,0.7083821753926427,0.7511218895852252,6.729614419465607e-05,3.845664230602691e-06,3.923108070286099e-06,1666.0,0.04141656662665066,0.5320165527755846,0.04664747052891385,0.08331434465363388,0.2139322604528466,0.023809523809523808,0.028985507246376812,0.5748792270531401,0.04075810067250866,0.017964071856287425,0.043478260869565216,0.4337412132257225,0.05094762584063583,0.05089820359281437,0.2463768115942029,1.2289334374728804,0.17933564295903812,1.2257156315995177,0.04141656662665066,ok,xgboost_hpo_trial_104,val,0,85,below_strong
105,0.03341674333872201,0.02638088120436203,9,15,0.6847272220898847,0.7666404125467441,3.946100255277743e-05,1.6853918614560965e-06,8.863379048801407e-06,1666.0,0.04141656662665066,0.3182960805132813,0.046533081284610686,0.08203732878381179,0.21340282096470264,0.023809523809523808,0.028985507246376812,0.5748792270531401,0.04075810067250866,0.011976047904191617,0.028985507246376812,0.28916080881714834,0.04075810067250866,0.008982035928143712,0.043478260869565216,0.21687060661286126,0.05094762584063583,0.8068448464103024,0.04141656662665066,ok,xgboost_hpo_trial_105,val,0,85,below_strong
106,0.03540225973334696,0.024031223585866488,9,15,0.6768736040098731,0.8496387552393697,1.9703946642944003e-05,1.4697673227947397e-05,4.447951514969075e-06,1666.0,0.04141656662665066,0.3642155127821186,0.046501379561253796,0.08200514252160063,0.2132582362092759,0.023809523809523808,0.028985507246376812,0.5748792270531401,0.04075810067250866,0.011976047904191617,0.028985507246376812,0.28916080881714834,0.04075810067250866,0.014970059880239521,0.07246376811594203,0.3614510110214354,0.07387405746892195,0.8547849958805223,0.04141656662665066,ok,xgboost_hpo_trial_106,val,0,85,below_strong
107,0.037943783097809165,0.033070473978354775,9,16,0.6537700420241299,0.7755484887715153,0.0003265461606135394,2.8934029918436846e-05,3.3553654176986475e-05,1666.0,0.04141656662665066,0.3321944225132268,0.046486787591320786,0.08168935425588492,0.21318060094082386,0.023809523809523808,0.028985507246376812,0.5748792270531401,0.04075810067250866,0.011976047904191617,0.028985507246376812,0.28916080881714834,0.04075810067250866,0.029940119760479042,0.14492753623188406,0.7229020220428708,0.10546158549011617,0.9161498933471025,0.04141656662665066,ok,xgboost_hpo_trial_107,val,0,85,below_strong
108,0.09901854268715556,0.02974805354320495,8,17,0.6928638045619695,0.8756917593278822,8.100736105684374e-05,2.5470352565171923e-06,7.952857962639582e-06,1666.0,0.04141656662665066,0.7520033032951277,0.04631025493097818,0.08245710088085442,0.21237311458478692,0.10714285714285714,0.13043478260869565,2.5869565217391304,0.09578153658039536,0.08383233532934131,0.2028985507246377,2.024125661720038,0.14214387609537396,0.11077844311377245,0.5362318840579711,2.6747374815586222,0.5200733645812106,2.390795537924655,0.04141656662665066,ok,xgboost_hpo_trial_108,val,0,85,below_strong
109,0.04018812068130155,0.020990029545356174,9,14,0.6396073735401099,0.802977235470312,1.8005204802074125e-05,1.0314850390789899e-06,6.211002856192014e-05,1666.0,0.04141656662665066,0.41930975651810914,0.0464620384358488,0.08185293443170058,0.21307905152406412,0.023809523809523808,0.028985507246376812,0.5748792270531401,0.04075810067250866,0.011976047904191617,0.028985507246376812,0.28916080881714834,0.04075810067250866,0.03293413173652695,0.15942028985507245,0.795192224247158,0.11004687181577338,0.970339261667368,0.04141656662665066,ok,xgboost_hpo_trial_109,val,0,85,below_strong
110,0.037723425348936586,0.019420066245290905,9,16,0.6090072583930553,0.7443074468862783,0.0005426546703922781,3.670547832400193e-06,1.524923369061862e-05,1666.0,0.04141656662665066,0.3325755719510314,0.04645781147807345,0.08185216739308648,0.21306142069682008,0.023809523809523808,0.028985507246376812,0.5748792270531401,0.04075810067250866,0.011976047904191617,0.028985507246376812,0.28916080881714834,0.04075810067250866,0.023952095808383235,0.11594202898550725,0.5783216176342967,0.13042592215202772,0.9108293714685269,0.04141656662665066,ok,xgboost_hpo_trial_110,val,0,85,below_strong
111,0.10185857305496081,0.02517750282956738,9,17,0.6648106067120051,0.9072184648338397,7.1900682075516205,6.326819695845365e-06,9.740165804333735e-07,1666.0,0.04141656662665066,0.7444120769921865,0.046301123328115104,0.08259349680390535,0.21231738332538394,0.07142857142857142,0.08695652173913043,1.7246376811594204,0.10189525168127166,0.08982035928143713,0.21739130434782608,2.1687060661286126,0.25168127165274096,0.11377245508982035,0.5507246376811594,2.747027683762909,0.6047483187283472,2.4593678653560103,0.04141656662665066,ok,xgboost_hpo_trial_111,val,3,85,below_strong
112,0.03843970273869536,0.02522104076687087,9,17,0.9204085560314782,0.905372747026314,9.601226573848074e-05,8.543331704610064e-06,2.727428022750981e-06,1666.0,0.04141656662665066,0.4354133202653526,0.04666359839577513,0.08304474128036798,0.21400626329188846,0.0,0.0,0.0,0.0,0.017964071856287425,0.043478260869565216,0.4337412132257225,0.04075810067250866,0.03592814371257485,0.17391304347826086,0.867482426451445,0.11819849195027511,0.9281238371400938,0.04141656662665066,ok,xgboost_hpo_trial_112,val,0,85,below_strong
113,0.036213912065293605,0.02729272864529344,9,15,0.6644484627078225,0.9203499425233922,4.44656586143409e-06,1.7238538121942412e-05,1.8256023311659488e-06,1666.0,0.04141656662665066,0.37966567749312574,0.046473859721286634,0.08175784871339942,0.21312640788623113,0.023809523809523808,0.028985507246376812,0.5748792270531401,0.04075810067250866,0.023952095808383235,0.057971014492753624,0.5783216176342967,0.0585897697167312,0.011976047904191617,0.057971014492753624,0.28916080881714834,0.0585897697167312,0.8743822826199877,0.04141656662665066,ok,xgboost_hpo_trial_113,val,0,85,below_strong
114,0.03676811819997376,0.017013334618678152,10,16,0.6756132067857706,0.8866883877240637,2.6062333870609335,1.5187025687917433e-06,5.531307073122467e-06,1666.0,0.04141656662665066,0.3172479195593187,0.046491645451904526,0.08210094018178543,0.21322120577399348,0.023809523809523808,0.028985507246376812,0.5748792270531401,0.04075810067250866,0.011976047904191617,0.028985507246376812,0.28916080881714834,0.04075810067250866,0.008982035928143712,0.043478260869565216,0.21687060661286126,0.07132667617689016,0.8877635495819752,0.04141656662665066,ok,xgboost_hpo_trial_114,val,0,85,below_strong
115,0.09887387668738484,0.015009214353481957,9,18,0.7147603072110056,0.8664957106587701,1.7530934339099102,5.219206026390425e-06,7.994256623789459e-07,1666.0,0.04141656662665066,0.751939778388827,0.04637625405477516,0.08227467886200185,0.2126898016367,0.13095238095238096,0.15942028985507245,3.161835748792271,0.1049521092317098,0.10179640718562874,0.2463768115942029,2.457866874945761,0.17933564295903812,0.10778443113772455,0.5217391304347826,2.602447279354335,0.497758304463012,2.387302587843234,0.04141656662665066,ok,xgboost_hpo_trial_115,val,0,85,below_strong
116,0.09788801767727415,0.02046976911569707,8,19,0.6483264023294655,0.856418030483075,4.856008416685165e-05,2.303555298886459e-06,2.473233671841052e-05,1666.0,0.04141656662665066,0.7543764122947918,0.04632264221807895,0.08189568738369238,0.2124387348386025,0.11904761904761904,0.14492753623188406,2.8743961352657004,0.14937843896474423,0.11377245508982035,0.2753623188405797,2.747027683762909,0.2569798247401671,0.11976047904191617,0.5797101449275363,2.891608088171483,0.6118809863460363,2.36349909348317,0.04141656662665066,ok,xgboost_hpo_trial_116,val,0,85,below_strong
117,0.09864159147359365,0.02405671685421196,10,17,0.7012863711949988,0.9678703262195387,0.00026906926286908916,5.165961291382822e-05,1.2525529330880639e-05,1666.0,0.04141656662665066,0.7401831332298784,0.046436381077904494,0.08281480441359626,0.21296412446588825,0.10714285714285714,0.13043478260869565,2.5869565217391304,0.08365600163032402,0.09580838323353294,0.2318840579710145,2.3132864705371867,0.16568167923374771,0.11676646706586827,0.5652173913043478,2.8193178859671963,0.537497452618708,2.3816940781885076,0.04141656662665066,ok,xgboost_hpo_trial_117,val,0,85,below_strong
118,0.03701061107633784,0.013141646073248745,9,16,0.6598905346258257,0.8111970165140295,0.08245625277112403,0.006112701552660208,3.622389634244799e-06,1666.0,0.04141656662665066,0.3255515323114898,0.04643696063780403,0.0818396466968655,0.2129699019742932,0.023809523809523808,0.028985507246376812,0.5748792270531401,0.04075810067250866,0.011976047904191617,0.028985507246376812,0.28916080881714834,0.04075810067250866,0.020958083832335328,0.10144927536231885,0.5060314154300095,0.12584063582637048,0.8936185225098383,0.04141656662665066,ok,xgboost_hpo_trial_118,val,0,85,below_strong
119,0.09328770586360616,0.011103284054395942,7,18,0.5873692774179546,0.8927548984585589,0.011714149955821252,4.84526016365052e-07,4.5241319965166954e-05,1666.0,0.04141656662665066,0.7427967293748242,0.04638432530123246,0.08201503535869029,0.21272813104140076,0.08333333333333333,0.10144927536231885,2.0120772946859904,0.09843081312410841,0.09580838323353294,0.2318840579710145,2.3132864705371867,0.20898716119828817,0.09880239520958084,0.4782608695652174,2.385576672741474,0.44630120236396986,2.252424898098085,0.04141656662665066,ok,xgboost_hpo_trial_119,val,0,85,below_strong
120,0.05473610882098375,0.02918346989038653,10,15,0.6939994750242219,0.9129609248266664,9.863331198273725,1.1678063668970174e-05,1.955947968809856e-06,1666.0,0.04141656662665066,0.6152750174693493,0.046648802228039986,0.08375041333495639,0.21393738590833555,0.0,0.0,0.0,0.0,0.0,0.0,0.0,0.0,0.04491017964071856,0.21739130434782608,1.0843530330643063,0.2296718972895863,1.3215993810979556,0.04141656662665066,ok,xgboost_hpo_trial_120,val,0,85,below_strong
121,0.09374156451259429,0.023175181915963374,9,17,0.6685981678073836,0.9362456304302903,3.8281182485763576,5.32884908272702e-06,9.225472064333135e-07,1666.0,0.04141656662665066,0.7397066964326228,0.04637820241781697,0.08241434615789628,0.21269640039227775,0.05952380952380952,0.07246376811594203,1.4371980676328502,0.08864886896270634,0.10179640718562874,0.2463768115942029,2.457866874945761,0.2343590788669248,0.11377245508982035,0.5507246376811594,2.747027683762909,0.5460566537599348,2.2633832822895954,0.04141656662665066,ok,xgboost_hpo_trial_121,val,0,85,below_strong
122,0.09032092010714973,0.02213805167530473,9,17,0.6809687362352206,0.875552397890005,6.446942705893601,7.038923991024151e-06,3.1316466386784376e-07,1666.0,0.04141656662665066,0.7260306916047299,0.046487352110976335,0.08408231163869243,0.21316000179517985,0.03571428571428571,0.043478260869565216,0.8623188405797102,0.026085184430405542,0.04790419161676647,0.11594202898550725,1.1566432352685934,0.09231709802323211,0.08982035928143713,0.43478260869565216,2.1687060661286126,0.4723863867943754,2.18079207099292,0.04141656662665066,ok,xgboost_hpo_trial_122,val,3,85,below_strong
123,0.07290609095158615,0.027339008224736727,9,16,0.6257280453907401,0.9527464452382938,6.014365577997399,3.300193081353973e-06,5.334267268299486e-07,1666.0,0.04141656662665066,0.6659588177107439,0.04634677331328386,0.08191605585337688,0.2125511215712348,0.05952380952380952,0.07246376811594203,1.4371980676328502,0.07947829631139189,0.09580838323353294,0.2318840579710145,2.3132864705371867,0.2481149378438965,0.09880239520958084,0.4782608695652174,2.385576672741474,0.4886896270633789,1.7603122829759787,0.04141656662665066,ok,xgboost_hpo_trial_123,val,0,85,below_strong
124,0.03695178691097512,0.02532380897870653,9,17,0.6647153260916004,0.8447380092488344,0.0001836748476408489,1.4956996973632768e-06,6.045423540920124e-06,1666.0,0.04141656662665066,0.3244353089579193,0.0464271218439284,0.08156811577432296,0.2129152267618794,0.023809523809523808,0.028985507246376812,0.5748792270531401,0.04075810067250866,0.011976047904191617,0.028985507246376812,0.28916080881714834,0.04075810067250866,0.020958083832335328,0.10144927536231885,0.5060314154300095,0.11208477684939881,0.8921982172997762,0.04141656662665066,ok,xgboost_hpo_trial_124,val,0,85,below_strong
125,0.07824126030504226,0.019125247799108958,10,18,0.6363435807049401,0.9868750604549429,1.2396872116456208,1.0450107431308057e-06,1.4192449784703614e-06,1666.0,0.04141656662665066,0.6710544226947266,0.046379151879990727,0.0820622529347046,0.21270254766855257,0.0,0.0,0.0,0.0,0.023952095808383235,0.057971014492753624,0.5783216176342967,0.04544528224984716,0.05089820359281437,0.2463768115942029,1.2289334374728804,0.2303851640513552,1.8891295604087017,0.04141656662665066,ok,xgboost_hpo_trial_125,val,0,85,below_strong
126,0.09313513957289529,0.03774516093571575,9,19,0.6507203569178759,0.826803742546527,3.620029195289024,1.889481239392494e-05,2.878208647839603e-06,1666.0,0.04141656662665066,0.7423883549771765,0.04625474306015708,0.08175903182177127,0.21211500153461213,0.047619047619047616,0.057971014492753624,1.1497584541062802,0.07336458121051559,0.08982035928143713,0.21739130434782608,2.1687060661286126,0.22692072549419198,0.08383233532934131,0.4057971014492754,2.024125661720038,0.43122070511514166,2.2487411960643997,0.04141656662665066,ok,xgboost_hpo_trial_126,val,0,85,below_strong
127,0.05473610882098375,0.02122947560949154,10,16,0.6833034160446183,0.9657664247816504,9.749328165891193,2.7364480762907763e-07,6.912506278515289e-07,1666.0,0.04141656662665066,0.6152750174693493,0.04663254677835396,0.08359816443233214,0.21386585036303482,0.0,0.0,0.0,0.0,0.0,0.0,0.0,0.0,0.04491017964071856,0.21739130434782608,1.0843530330643063,0.2296718972895863,1.3215993810979556,0.04141656662665066,ok,xgboost_hpo_trial_127,val,0,85,below_strong
128,0.09988366561859457,0.011891233729575868,8,17,0.6729248583121868,0.8995768908207409,5.726567673649594,1.8777277827072738e-06,9.415956712551719e-06,1666.0,0.04141656662665066,0.7360903142667865,0.046372910140256005,0.0824289568001125,0.21267001470078734,0.07142857142857142,0.08695652173913043,1.7246376811594204,0.10189525168127166,0.08982035928143713,0.21739130434782608,2.1687060661286126,0.25168127165274096,0.11377245508982035,0.5507246376811594,2.747027683762909,0.6047483187283472,2.4116838684141824,0.04141656662665066,ok,xgboost_hpo_trial_128,val,3,85,below_strong
129,0.04893358886399173,0.01000772987624821,8,15,0.7057688940294322,0.9010181506746263,2.2913467899951425,2.6108434294275356e-06,8.834813884444988e-06,1666.0,0.04141656662665066,0.495058669788462,0.04648023085553126,0.08236867912999149,0.21317153516900816,0.023809523809523808,0.028985507246376812,0.5748792270531401,0.04075810067250866,0.023952095808383235,0.057971014492753624,0.5783216176342967,0.07132667617689016,0.05688622754491018,0.2753623188405797,1.3735138418814545,0.23843488893417566,1.181497957208844,0.04141656662665066,ok,xgboost_hpo_trial_129,val,0,85,below_strong
130,0.10355597159910734,0.012381450428779556,8,18,0.6723468362741352,0.711410354469226,0.00011105148123424042,7.704380914775715e-07,1.6998829645544673e-05,1666.0,0.04141656662665066,0.7508780049549426,0.046323884426619055,0.08257699817293832,0.21244059239211308,0.11904761904761904,0.14492753623188406,2.8743961352657004,0.11422457713470552,0.10778443113772455,0.2608695652173913,2.602447279354335,0.28744650499286734,0.10179640718562874,0.4927536231884058,2.457866874945761,0.531485632769513,2.500351430204534,0.04141656662665066,ok,xgboost_hpo_trial_130,val,3,85,below_strong
131,0.09199868872483329,0.011725274242390992,7,18,0.6723801589478833,0.6529156277714537,0.00018600737542847072,7.05716101163688e-07,1.7256377683667248e-05,1666.0,0.04141656662665066,0.7428284918279746,0.046410768314427545,0.08217823710672709,0.21285157130995933,0.05952380952380952,0.07246376811594203,1.4371980676328502,0.08661096392908091,0.07784431137724551,0.18840579710144928,1.8795452573114642,0.20226207458732423,0.09281437125748503,0.4492753623188406,2.2409962683328994,0.45496229875687794,2.221301672689453,0.04141656662665066,ok,xgboost_hpo_trial_131,val,0,85,below_strong
132,0.1018080581890039,0.012699077187613275,8,17,0.6551684478548448,0.7127891305700572,0.0005226086897638936,1.7252042648005097e-06,1.2666650727894726e-05,1666.0,0.04141656662665066,0.7501429310391766,0.046452387917729,0.08330177905268316,0.2130330735368795,0.08333333333333333,0.10144927536231885,2.0120772946859904,0.08406358263704912,0.11976047904191617,0.2898550724637681,2.891608088171483,0.26859588343183205,0.10479041916167664,0.5072463768115942,2.5301570771500477,0.5263908701854494,2.4581481875779785,0.04141656662665066,ok,xgboost_hpo_trial_132,val,3,85,below_strong
133,0.09942749714662816,0.012935625066924375,7,16,0.6560434152371026,0.7112418453978973,0.0006462303692393982,5.004185704578316e-07,4.104399000485994e-05,1666.0,0.04141656662665066,0.7452242882941748,0.04638647150370642,0.0826984015019501,0.21272945834017723,0.14285714285714285,0.17391304347826086,3.449275362318841,0.17016507030772365,0.08383233532934131,0.2028985507246377,2.024125661720038,0.20073364581210515,0.08982035928143713,0.43478260869565216,2.1687060661286126,0.47442429182800083,2.4006697137142394,0.04141656662665066,ok,xgboost_hpo_trial_133,val,3,85,below_strong
134,0.10392428315847344,0.014427468160107574,8,19,0.6964098735878781,0.7269613471943925,0.00011172041940730752,1.0103002661656784e-06,8.523930053338899e-05,1666.0,0.04141656662665066,0.7571261332389534,0.04638402357904424,0.08290627460573471,0.21271139596720107,0.14285714285714285,0.17391304347826086,3.449275362318841,0.18341145302628897,0.11377245508982035,0.2753623188405797,2.747027683762909,0.2772569798247402,0.12275449101796407,0.5942028985507246,2.9638982903757705,0.627165274098227,2.5092442861161848,0.04141656662665066,ok,xgboost_hpo_trial_134,val,3,85,below_strong
135,0.10239549662383914,0.014274018934874198,8,20,0.6958626268444574,0.68436081899167,0.0001094034497375846,9.850505466967912e-07,0.00031345286672042566,1666.0,0.04141656662665066,0.7505240804769813,0.04631295876501216,0.08323931241450477,0.21237787381517267,0.13095238095238096,0.15942028985507245,3.161835748792271,0.2088852659466069,0.10179640718562874,0.2463768115942029,2.457866874945761,0.2782759323415529,0.10179640718562874,0.4927536231884058,2.457866874945761,0.5233340126350112,2.4723318460190726,0.04141656662665066,ok,xgboost_hpo_trial_135,val,4,85,below_strong
136,0.1023945774633478,0.014158590599914672,8,20,0.6961265312694499,0.6885875006266395,0.00011311071386798153,3.359947718958113e-07,0.0009174598639634423,1666.0,0.04141656662665066,0.7505059305037525,0.046318328886668515,0.08325010866356067,0.21240317929000346,0.13095238095238096,0.15942028985507245,3.161835748792271,0.2088852659466069,0.10179640718562874,0.2463768115942029,2.457866874945761,0.2782759323415529,0.10179640718562874,0.4927536231884058,2.457866874945761,0.5233340126350112,2.4723096529556154,0.04141656662665066,ok,xgboost_hpo_trial_136,val,4,85,below_strong
137,0.10440288302574877,0.015957050239528783,8,20,0.7120404614095298,0.6764570521595464,4.7219218243947826e-05,9.82909434480756e-07,0.00046405354440390317,1666.0,0.04141656662665066,0.7526657773179785,0.04646676205975621,0.08389586074745098,0.2130897227736681,0.11904761904761904,0.14492753623188406,2.8743961352657004,0.1437742001222743,0.12574850299401197,0.30434782608695654,3.0361884925800573,0.327083757896882,0.11976047904191617,0.5797101449275363,2.891608088171483,0.5854901161605869,2.520800045230398,0.04141656662665066,ok,xgboost_hpo_trial_137,val,3,85,below_strong
138,0.09359942444170577,0.016085354663992038,8,19,0.7222957868711345,0.6669390941148676,5.840013842279388e-05,7.144912497070433e-07,0.00010554026176466537,1666.0,0.04141656662665066,0.7459139872768689,0.04641851502256402,0.08250003010213447,0.21288642361620674,0.07142857142857142,0.08695652173913043,1.7246376811594204,0.09985734664764621,0.10179640718562874,0.2463768115942029,2.457866874945761,0.26645608314652536,0.10479041916167664,0.5072463768115942,2.5301570771500477,0.5431016914611779,2.2599513205779975,0.04141656662665066,ok,xgboost_hpo_trial_138,val,0,85,below_strong
139,0.10439261014425147,0.010704604839617864,8,19,0.7119410876780596,0.6712783368621991,3.3812009157275796e-05,1.2385171971191354e-07,0.00023406592068854812,1666.0,0.04141656662665066,0.7526567023313641,0.04638303699823903,0.0830066092312336,0.2127151502505097,0.15476190476190477,0.18840579710144928,3.7367149758454112,0.15905848787446505,0.11976047904191617,0.2898550724637681,2.891608088171483,0.26146321581414306,0.10179640718562874,0.4927536231884058,2.457866874945761,0.5111065824332586,2.5205520072510574,0.04141656662665066,ok,xgboost_hpo_trial_139,val,3,85,below_strong
140,0.1033852957317867,0.015152208600949468,8,20,0.7476099914528455,0.6695050032654281,3.173919923119073e-05,6.989722167988251e-08,0.00035423837140777334,1666.0,0.04141656662665066,0.7464947864201898,0.04636431584473536,0.08328261518446195,0.2126147187948545,0.10714285714285714,0.13043478260869565,2.5869565217391304,0.12278377827593234,0.11976047904191617,0.2898550724637681,2.891608088171483,0.2767475035663338,0.10179640718562874,0.4927536231884058,2.457866874945761,0.5162013450173222,2.496230473755894,0.04141656662665066,ok,xgboost_hpo_trial_140,val,3,85,below_strong
141,0.05270360775709038,0.014851121432528733,8,20,0.7803606899376024,0.6692536452915193,2.2895048827448815e-05,3.592304301903304e-08,0.0003686814056695257,1666.0,0.04141656662665066,0.6006915139800169,0.04656210126108376,0.08305482287295296,0.21354530290080134,0.047619047619047616,0.057971014492753624,1.1497584541062802,0.03627470959853271,0.0658682634730539,0.15942028985507245,1.590384448494316,0.15539025881393928,0.06287425149700598,0.30434782608695654,1.5180942462900286,0.2868351334827797,1.272524790192936,0.04141656662665066,ok,xgboost_hpo_trial_141,val,0,85,below_strong
142,0.09819084494110869,0.015942353393560107,8,20,0.7129319336015735,0.618954155778784,8.004841651542053e-06,8.487982620176194e-08,0.0002969005448064254,1666.0,0.04141656662665066,0.7572304955850192,0.04650963762872596,0.08267866549532668,0.21330668863699992,0.13095238095238096,0.15942028985507245,3.161835748792271,0.12441410230283269,0.10179640718562874,0.2463768115942029,2.457866874945761,0.1962502547381292,0.11377245508982035,0.5507246376811594,2.747027683762909,0.5553291216629305,2.3708108358244506,0.04141656662665066,ok,xgboost_hpo_trial_142,val,0,85,below_strong
143,0.10024188665403479,0.017518692135316396,7,19,0.7471017809884352,0.6381339421752664,4.515602405581809e-05,1.259554534508971e-07,0.0004472723857655221,1666.0,0.04141656662665066,0.7671222309947093,0.04643184620800927,0.08262077000747925,0.2129477954807564,0.10714285714285714,0.13043478260869565,2.5869565217391304,0.15080497248828204,0.1497005988023952,0.36231884057971014,3.6145101102143538,0.35714285714285715,0.12874251497005987,0.6231884057971014,3.108478694784344,0.6246178928061953,2.42033308935684,0.04141656662665066,ok,xgboost_hpo_trial_143,val,0,85,below_strong
144,0.035138336266825186,0.010621681322258528,8,19,0.7928221370895135,0.6990222178762183,2.8059639473704194e-05,1.9469291615139766e-07,0.002659500298227401,1666.0,0.04141656662665066,0.41554363707313535,0.046612848072403845,0.08299219199553542,0.21377998956083488,0.023809523809523808,0.028985507246376812,0.5748792270531401,0.04075810067250866,0.029940119760479042,0.07246376811594203,0.7229020220428708,0.10393315671489708,0.017964071856287425,0.08695652173913043,0.4337412132257225,0.11921744446708783,0.848412582906243,0.04141656662665066,ok,xgboost_hpo_trial_144,val,0,85,below_strong
145,0.1036590918929143,0.015302713684995245,8,20,0.7432885771754184,0.7203227362691923,1.2691676270401301e-05,2.298502800085179e-07,0.00016803665780494868,1666.0,0.04141656662665066,0.7524978900656122,0.04641638322883804,0.08310935912834927,0.2128593680566283,0.11904761904761904,0.14492753623188406,2.8743961352657004,0.14387609537395557,0.12574850299401197,0.30434782608695654,3.0361884925800573,0.31251273690646014,0.10179640718562874,0.4927536231884058,2.457866874945761,0.49836967597309967,2.5028412622260183,0.04141656662665066,ok,xgboost_hpo_trial_145,val,3,85,below_strong
146,0.052720060323131764,0.013297377689696504,8,20,0.7652758557209458,0.658103917383481,1.056862125122218e-05,7.91733509271606e-08,0.00020815401132854173,1666.0,0.04141656662665066,0.6009819135516775,0.04654831480116097,0.08294516109547267,0.21348294971598383,0.047619047619047616,0.057971014492753624,1.1497584541062802,0.03627470959853271,0.059880239520958084,0.14492753623188406,1.4458040440857416,0.11259425310780517,0.059880239520958084,0.2898550724637681,1.4458040440857416,0.2868351334827797,1.2729220362077902,0.04141656662665066,ok,xgboost_hpo_trial_146,val,0,85,below_strong
147,0.1035436282899468,0.018381239408427744,8,20,0.7362314581349086,0.7232503283020554,1.7347964373260537e-05,2.2673910431602972e-07,0.0006775410447564882,1666.0,0.04141656662665066,0.7505059305037526,0.04635373077189198,0.08302666064875036,0.21256207382375572,0.08333333333333333,0.10144927536231885,2.0120772946859904,0.09680048909720806,0.10179640718562874,0.2463768115942029,2.457866874945761,0.264825759119625,0.10778443113772455,0.5217391304347826,2.602447279354335,0.5681679233747707,2.5000534018992955,0.04141656662665066,ok,xgboost_hpo_trial_147,val,3,85,below_strong
148,0.10366167233353565,0.018395682306450088,8,20,0.7420319519811722,0.7368983173256727,4.754473970865935e-06,2.615854682058162e-07,0.0009469528463233983,1666.0,0.04141656662665066,0.7525523399852985,0.046413377913224176,0.08330235887421708,0.2128370295422663,0.11904761904761904,0.14492753623188406,2.8743961352657004,0.14387609537395557,0.12574850299401197,0.30434782608695654,3.0361884925800573,0.31251273690646014,0.10179640718562874,0.4927536231884058,2.457866874945761,0.49836967597309967,2.502903566777832,0.04141656662665066,ok,xgboost_hpo_trial_148,val,3,85,below_strong
149,0.10024312572631996,0.017883793479233658,7,19,0.7329900115587432,0.738374200721392,1.3468877581562143e-06,3.2988724545524967e-07,0.0011508218723683356,1666.0,0.04141656662665066,0.7627480874465711,0.04649495809861608,0.08289506476448508,0.21323660206128192,0.10714285714285714,0.13043478260869565,2.5869565217391304,0.13317709394742205,0.08383233532934131,0.2028985507246377,2.024125661720038,0.18769105359690239,0.11377245508982035,0.5507246376811594,2.747027683762909,0.5726513144487467,2.420363006667378,0.04141656662665066,ok,xgboost_hpo_trial_149,val,0,85,below_strong
150,0.1035436282899468,0.018656776063955858,8,20,0.7366308129146155,0.7208014293381463,2.862819756500253e-06,1.1465429604219596e-07,0.0006500328732714496,1666.0,0.04141656662665066,0.7505059305037526,0.046352226643765836,0.08303799697098468,0.2125543006715153,0.08333333333333333,0.10144927536231885,2.0120772946859904,0.09680048909720806,0.10179640718562874,0.2463768115942029,2.457866874945761,0.264825759119625,0.10778443113772455,0.5217391304347826,2.602447279354335,0.5681679233747707,2.5000534018992955,0.04141656662665066,ok,xgboost_hpo_trial_150,val,3,85,below_strong
151,0.1035436282899468,0.018635377577889935,8,20,0.7354220676975685,0.7229612316542882,3.8095566224886363e-06,2.2709412317642342e-07,0.0006317088665399898,1666.0,0.04141656662665066,0.7505059305037526,0.04635359555943567,0.08304961418815734,0.21256067699467374,0.08333333333333333,0.10144927536231885,2.0120772946859904,0.09680048909720806,0.10179640718562874,0.2463768115942029,2.457866874945761,0.264825759119625,0.10778443113772455,0.5217391304347826,2.602447279354335,0.5681679233747707,2.5000534018992955,0.04141656662665066,ok,xgboost_hpo_trial_151,val,3,85,below_strong
152,0.04635417630820712,0.017091561499578654,8,20,0.7683749128056221,0.7160415381552827,2.9085533204498834e-06,1.5890372940101282e-07,0.0017530342799984794,1666.0,0.04141656662665066,0.4932164475057399,0.046598355064091004,0.08323850227343221,0.21370860269926742,0.011904761904761904,0.014492753623188406,0.28743961352657005,0.004585286325657224,0.023952095808383235,0.057971014492753624,0.5783216176342967,0.036784185856939065,0.023952095808383235,0.11594202898550725,0.5783216176342967,0.07754228652944772,1.1192182279633778,0.04141656662665066,ok,xgboost_hpo_trial_152,val,0,85,below_strong
153,0.09986572346964864,0.020109624513811226,8,19,0.7423055279823605,0.7219208040024163,5.869881259245462e-06,1.1595627356267977e-07,7.721855231809837e-05,1666.0,0.04141656662665066,0.7594402548256242,0.046508723665086946,0.08303059229687626,0.21329889057883955,0.14285714285714285,0.17391304347826086,3.449275362318841,0.1218667210108009,0.10778443113772455,0.2608695652173913,2.602447279354335,0.19879763603016098,0.11077844311377245,0.5362318840579711,2.6747374815586222,0.5324026900346444,2.4112506565280385,0.04141656662665066,ok,xgboost_hpo_trial_153,val,0,85,below_strong
154,0.09819084494110869,0.01668598753170949,8,20,0.7271797948577563,0.7492952962776919,1.5634204586480034e-05,3.2390933895894604e-07,0.0006719677642581764,1666.0,0.04141656662665066,0.7572304955850192,0.04651732861970676,0.08273451155921421,0.213341805766157,0.13095238095238096,0.15942028985507245,3.161835748792271,0.12441410230283269,0.10179640718562874,0.2463768115942029,2.457866874945761,0.1962502547381292,0.11377245508982035,0.5507246376811594,2.747027683762909,0.5553291216629305,2.3708108358244506,0.04141656662665066,ok,xgboost_hpo_trial_154,val,0,85,below_strong
155,0.10358061181108,0.01573832269850258,8,19,0.7182048944030267,0.7403767941492896,1.1481760461651657e-06,5.06625660495932e-07,0.005942426062080591,1666.0,0.04141656662665066,0.7514315791384208,0.046363397893320606,0.08287766558819173,0.2126106116889846,0.13095238095238096,0.15942028985507245,3.161835748792271,0.16456083146525372,0.1377245508982036,0.3333333333333333,3.325349301397206,0.35775422865294476,0.11976047904191617,0.5797101449275363,2.891608088171483,0.608416547788873,2.500946366337091,0.04141656662665066,ok,xgboost_hpo_trial_155,val,3,85,below_strong
156,0.10391400790632979,0.016625617059789218,8,19,0.7162285810575787,0.762856205528418,4.4602420323039976e-07,4.0935724316639683e-07,0.007739377611052011,1666.0,0.04141656662665066,0.7568674961204434,0.04627737055667788,0.08257074615641946,0.21220580308640397,0.13095238095238096,0.15942028985507245,3.161835748792271,0.15753005909924597,0.11377245508982035,0.2753623188405797,2.747027683762909,0.2721622172406766,0.12574850299401197,0.6086956521739131,3.0361884925800573,0.6424495618504178,2.50899619089776,0.04141656662665066,ok,xgboost_hpo_trial_156,val,3,85,below_strong
157,0.10347757928434123,0.01585957384148027,8,19,0.7173109217730165,0.700405748563119,2.1743232227642345e-07,4.188207107879164e-07,0.023132403125013197,1666.0,0.04141656662665066,0.7486364832611871,0.046359927169134806,0.08286575632704263,0.21259747480899913,0.16666666666666666,0.2028985507246377,4.024154589371981,0.1794375382107194,0.12574850299401197,0.30434782608695654,3.0361884925800573,0.2819441614020787,0.12275449101796407,0.5942028985507246,2.9638982903757705,0.608416547788873,2.498458653445109,0.04141656662665066,ok,xgboost_hpo_trial_157,val,3,85,below_strong
158,0.038229210653894556,0.015437236190854688,7,19,0.757339870708961,0.7583456944144872,4.488409661985731e-07,6.837062935384802e-07,0.006524417558822449,1666.0,0.04141656662665066,0.4407630248745383,0.046511998519624335,0.08244723790869707,0.21331567660797318,0.023809523809523808,0.028985507246376812,0.5748792270531401,0.04075810067250866,0.023952095808383235,0.057971014492753624,0.5783216176342967,0.07132667617689016,0.014970059880239521,0.07246376811594203,0.3614510110214354,0.07642143876095374,0.9230415210056281,0.04141656662665066,ok,xgboost_hpo_trial_158,val,0,85,below_strong
159,0.10443635572939487,0.011111864122292316,8,19,0.7082052775088995,0.736605243847083,4.064057882189515e-07,5.330644657960508e-07,0.006960358057302133,1666.0,0.04141656662665066,0.7558873975660887,0.04644437669319682,0.0833086457689341,0.2129958617231986,0.11904761904761904,0.14492753623188406,2.8743961352657004,0.1329733034440595,0.11976047904191617,0.2898550724637681,2.891608088171483,0.2767475035663338,0.09880239520958084,0.4782608695652174,2.385576672741474,0.5039739148155696,2.5216082412343748,0.04141656662665066,ok,xgboost_hpo_trial_159,val,3,85,below_strong
160,0.09831597619690863,0.016622467015562113,8,19,0.7098464447861077,0.776466408546216,3.8631332560393625e-07,4.743317157541309e-08,0.011845834371247399,1666.0,0.04141656662665066,0.7508961549281714,0.04635765730170714,0.08199985768972468,0.2126030189217817,0.10714285714285714,0.13043478260869565,2.5869565217391304,0.09578153658039536,0.08383233532934131,0.2028985507246377,2.024125661720038,0.14214387609537396,0.10778443113772455,0.5217391304347826,2.602447279354335,0.4996943142449562,2.373832120928258,0.04141656662665066,ok,xgboost_hpo_trial_160,val,0,85,below_strong
161,0.10198970729237512,0.010856184396617957,8,19,0.7231686724837786,0.7334909738563574,3.533387424589552e-07,4.823865464781614e-07,0.017510750810028747,1666.0,0.04141656662665066,0.7480965215576306,0.046440933303705335,0.0830588865654022,0.21298086852717277,0.09523809523809523,0.11594202898550725,2.2995169082125604,0.09323415528836357,0.10179640718562874,0.2463768115942029,2.457866874945761,0.25616466272671695,0.08682634730538923,0.42028985507246375,2.0964158639243253,0.4428367638068066,2.4625340920158982,0.04141656662665066,ok,xgboost_hpo_trial_161,val,3,85,below_strong
162,0.10025028353917756,0.013677384234312145,8,18,0.7061731670648378,0.7427054826621247,7.595923208843065e-05,9.427603090625488e-07,0.010567253840941615,1666.0,0.04141656662665066,0.7628569872859438,0.046487943838337174,0.08275796938128546,0.2132059376292112,0.10714285714285714,0.13043478260869565,2.5869565217391304,0.13317709394742205,0.08383233532934131,0.2028985507246377,2.024125661720038,0.18769105359690239,0.11377245508982035,0.5507246376811594,2.747027683762909,0.5726513144487467,2.4205358315401426,0.04141656662665066,ok,xgboost_hpo_trial_162,val,0,85,below_strong
163,0.09905257582800475,0.011741863731665426,8,18,0.6859974850765518,0.7316340883733903,8.203592617441272e-07,1.1778674699524261e-06,0.0065699353199340955,1666.0,0.04141656662665066,0.7459865871697839,0.046446470678985705,0.08250546834173322,0.21301605459717654,0.14285714285714285,0.17391304347826086,3.449275362318841,0.11830038720195639,0.10778443113772455,0.2608695652173913,2.602447279354335,0.17892806195231303,0.11377245508982035,0.5507246376811594,2.747027683762909,0.4773792541267577,2.391617265644289,0.04141656662665066,ok,xgboost_hpo_trial_163,val,0,85,below_strong
164,0.09831597619690863,0.014379738219577191,8,19,0.7010922864673349,0.770725936034046,1.4403291375544264e-07,5.682274100029169e-07,0.0031974182076235018,1666.0,0.04141656662665066,0.750887079941557,0.046371679696524615,0.08201178613634241,0.21266881753968847,0.10714285714285714,0.13043478260869565,2.5869565217391304,0.09578153658039536,0.08383233532934131,0.2028985507246377,2.024125661720038,0.14214387609537396,0.10778443113772455,0.5217391304347826,2.602447279354335,0.4996943142449562,2.373832120928258,0.04141656662665066,ok,xgboost_hpo_trial_164,val,0,85,below_strong
165,0.038332107305736676,0.012752779605538552,8,16,0.7209675188712383,0.7884152978827901,9.536869218349953e-08,3.898886098806499e-07,0.037309086386484,1666.0,0.04141656662665066,0.4487308631219769,0.046564229514931936,0.08280308283015747,0.21355554440454486,0.023809523809523808,0.028985507246376812,0.5748792270531401,0.04075810067250866,0.023952095808383235,0.057971014492753624,0.5783216176342967,0.07132667617689016,0.059880239520958084,0.2898550724637681,1.4458040440857416,0.34338699816588547,0.925525953208077,0.04141656662665066,ok,xgboost_hpo_trial_165,val,0,85,below_strong
166,0.037146126623603684,0.012046083321499737,8,19,0.515765396265752,0.7545178223440191,1.07683905662805e-06,8.319483691091755e-07,0.00017172367603822167,1666.0,0.04141656662665066,0.35040338315500985,0.046419435402007554,0.08191681996721323,0.21289210686768428,0.023809523809523808,0.028985507246376812,0.5748792270531401,0.03770124312207051,0.023952095808383235,0.057971014492753624,0.5783216176342967,0.06062767475035663,0.011976047904191617,0.057971014492753624,0.28916080881714834,0.06062767475035663,0.896890535578605,0.04141656662665066,ok,xgboost_hpo_trial_166,val,0,85,below_strong
167,0.10235853192040936,0.01358711068449024,8,20,0.6872209307683624,0.7096645794594453,1.6593377947740137e-06,1.2881969026955161e-06,0.005180904470719369,1666.0,0.04141656662665066,0.7478923343588069,0.04635734812596952,0.08333606871307828,0.21258060665896125,0.10714285714285714,0.13043478260869565,2.5869565217391304,0.12094966374566946,0.10778443113772455,0.2608695652173913,2.602447279354335,0.27430201752598327,0.09580838323353294,0.463768115942029,2.3132864705371867,0.4927654371306297,2.4714393359333626,0.04141656662665066,ok,xgboost_hpo_trial_167,val,4,85,below_strong
168,0.04092643963816145,0.0111629585721404,8,16,0.7098305056341206,0.7596621234550285,0.00014218340222174784,2.2041127869472332e-07,8.534054899921133e-05,1666.0,0.04141656662665066,0.4737551387111705,0.04663020870009761,0.08311063394683893,0.2138597655338288,0.047619047619047616,0.057971014492753624,1.1497584541062802,0.06572243733442022,0.03592814371257485,0.08695652173913043,0.867482426451445,0.07336458121051559,0.05089820359281437,0.2463768115942029,1.2289334374728804,0.17933564295903812,0.9881659193793765,0.04141656662665066,ok,xgboost_hpo_trial_168,val,0,85,below_strong
169,0.10444035859937034,0.021866115270468566,8,18,0.6940612009561586,0.6784606825986037,4.750900424505246e-05,5.07143626961874e-07,0.004340142417834412,1666.0,0.04141656662665066,0.7540270253101378,0.04644857634521658,0.08492955708113753,0.21297742793415098,0.17857142857142858,0.21739130434782608,4.311594202898551,0.19461993071122885,0.1377245508982036,0.3333333333333333,3.325349301397206,0.3124108416547789,0.09880239520958084,0.4782608695652174,2.385576672741474,0.49480334216425514,2.5217048902398695,0.04141656662665066,ok,xgboost_hpo_trial_169,val,3,85,below_strong
170,0.09837567634956547,0.021449713753889266,7,19,0.6943345917933551,0.742165648772144,6.140432677313742e-07,0.0009162325202540164,0.0023259087729937326,1666.0,0.04141656662665066,0.7454511629595346,0.046440397393907006,0.0824128962194576,0.21298582758404636,0.13095238095238096,0.15942028985507245,3.161835748792271,0.10301609944976564,0.10179640718562874,0.2463768115942029,2.457866874945761,0.16364377420012227,0.11077844311377245,0.5362318840579711,2.6747374815586222,0.46209496637456693,2.375273576788059,0.04141656662665066,ok,xgboost_hpo_trial_170,val,0,85,below_strong
171,0.10440139211102359,0.020086701579358237,8,18,0.6996960591513358,0.6937344057995525,4.37871060401851e-05,6.583958499347758e-07,0.0052038448427017495,1666.0,0.04141656662665066,0.7527610646774296,0.04634498579822243,0.08427827483286807,0.21250710062535313,0.10714285714285714,0.13043478260869565,2.5869565217391304,0.12268188302425106,0.10179640718562874,0.2463768115942029,2.457866874945761,0.21561035255757083,0.10778443113772455,0.5217391304347826,2.602447279354335,0.5375993478703892,2.520764047202396,0.04141656662665066,ok,xgboost_hpo_trial_171,val,3,85,below_strong
172,0.09904795380112,0.019943397687827616,8,18,0.7178149745904929,0.6779623751899688,5.820251916327973e-05,4.81575056751089e-07,0.0037582759716720347,1666.0,0.04141656662665066,0.7459139872768688,0.0464488843659625,0.08278461708938803,0.21302479204334,0.14285714285714285,0.17391304347826086,3.449275362318841,0.11830038720195639,0.10778443113772455,0.2608695652173913,2.602447279354335,0.17892806195231303,0.11377245508982035,0.5507246376811594,2.747027683762909,0.4773792541267577,2.391505667140086,0.04141656662665066,ok,xgboost_hpo_trial_172,val,0,85,below_strong
173,0.09888280503096601,0.022969215924794346,8,17,0.7034170139610573,0.6974727596509002,3.4984229820211e-05,2.7914584624489864e-07,0.008940371717964682,1666.0,0.04141656662665066,0.7513181418057409,0.04644916589310938,0.08284228553577347,0.21302119889840362,0.08333333333333333,0.10144927536231885,2.0120772946859904,0.12125534950071326,0.11377245508982035,0.2753623188405797,2.747027683762909,0.3377827593234155,0.11377245508982035,0.5507246376811594,2.747027683762909,0.5871204401874872,2.3875181620520203,0.04141656662665066,ok,xgboost_hpo_trial_173,val,0,85,below_strong
174,0.09359942444170577,0.021805559213651588,8,19,0.7256018495802771,0.6833546618855773,4.3176848118552027e-05,0.00019932475139906538,0.001687500757279955,1666.0,0.04141656662665066,0.7459139872768689,0.04641689618958942,0.08265417839745942,0.2128775119171755,0.07142857142857142,0.08695652173913043,1.7246376811594204,0.09985734664764621,0.10179640718562874,0.2463768115942029,2.457866874945761,0.26645608314652536,0.10479041916167664,0.5072463768115942,2.5301570771500477,0.5431016914611779,2.2599513205779975,0.04141656662665066,ok,xgboost_hpo_trial_174,val,0,85,below_strong
175,0.10376340547768413,0.01749862742088722,9,18,0.6910416466764066,0.6397264898645189,1.0788704792440168e-05,1.3364417628627303e-06,0.004197984365414313,1666.0,0.04141656662665066,0.7528245895837302,0.046396157861688464,0.0841678675456422,0.2127504016395709,0.16666666666666666,0.2028985507246377,4.024154589371981,0.17933564295903812,0.1317365269461078,0.3188405797101449,3.180768896988632,0.30222131648665174,0.11077844311377245,0.5362318840579711,2.6747374815586222,0.550234359078867,2.5053599061713303,0.04141656662665066,ok,xgboost_hpo_trial_175,val,3,85,below_strong
176,0.10391177084048545,0.019610826137058113,9,18,0.6873254115006773,0.6402960259907037,8.882489723975552e-06,2.091088873800768e-06,0.01459767782276445,1666.0,0.04141656662665066,0.7551250986904794,0.04641713461250538,0.08456255210673108,0.21284068924488317,0.15476190476190477,0.18840579710144928,3.7367149758454112,0.19472182596291013,0.11976047904191617,0.2898550724637681,2.891608088171483,0.2965151823925005,0.11377245508982035,0.5507246376811594,2.747027683762909,0.572753209700428,2.5089421771050544,0.04141656662665066,ok,xgboost_hpo_trial_176,val,3,85,below_strong
177,0.10376423473065188,0.020418712237825074,9,18,0.6821996523801503,0.644625820942962,1.022658390369424e-05,2.1358839119340753e-06,0.014028757584535612,1666.0,0.04141656662665066,0.7532420389679926,0.046319109847345837,0.0841471520157493,0.21238139008930748,0.13095238095238096,0.15942028985507245,3.161835748792271,0.13929080904829835,0.12574850299401197,0.30434782608695654,3.0361884925800573,0.302323211738333,0.11077844311377245,0.5362318840579711,2.6747374815586222,0.5477888730385164,2.5053799284241456,0.04141656662665066,ok,xgboost_hpo_trial_177,val,3,85,below_strong
178,0.10376512439605184,0.020613773888885106,9,18,0.6819561135957686,0.6377674187384431,7.308006062345248e-06,2.33206736209658e-06,0.0485170534808667,1666.0,0.04141656662665066,0.7532601889412214,0.04631701113212924,0.08415989157389334,0.2123707770491875,0.14285714285714285,0.17391304347826086,3.449275362318841,0.1941104544528225,0.10179640718562874,0.2463768115942029,2.457866874945761,0.2797024658650907,0.10179640718562874,0.4927536231884058,2.457866874945761,0.5014265335235378,2.505401409330759,0.04141656662665066,ok,xgboost_hpo_trial_178,val,3,85,below_strong
179,0.10376290634389518,0.01997714494227629,9,18,0.6826257346347129,0.6396535378459751,2.748966187784174e-05,2.278914893719449e-06,0.1425390302784184,1666.0,0.04141656662665066,0.7528155145971159,0.046395639199735016,0.08444297965280578,0.21273778121938153,0.16666666666666666,0.2028985507246377,4.024154589371981,0.17933564295903812,0.1317365269461078,0.3188405797101449,3.180768896988632,0.30222131648665174,0.11077844311377245,0.5362318840579711,2.6747374815586222,0.550234359078867,2.505347854622165,0.04141656662665066,ok,xgboost_hpo_trial_179,val,3,85,below_strong
180,0.10458574954391567,0.023440779657394478,9,18,0.6920543407806099,0.6183828201700097,8.086693913589963e-06,2.2165927936403117e-06,0.049644154200544535,1666.0,0.04141656662665066,0.7619948635575763,0.04630293366665902,0.0844856942472767,0.21227841871044048,0.10714285714285714,0.13043478260869565,2.5869565217391304,0.12278377827593234,0.11976047904191617,0.2898550724637681,2.891608088171483,0.2767475035663338,0.10179640718562874,0.4927536231884058,2.457866874945761,0.5039739148155696,2.525215344060341,0.04141656662665066,ok,xgboost_hpo_trial_180,val,3,85,below_strong
181,0.1045949653890432,0.021168512098202637,9,18,0.6899334810562544,0.6035649040721487,5.9013393678051225e-06,2.273055666152673e-06,0.0151887666046086,1666.0,0.04141656662665066,0.7620311635040338,0.04630660479568235,0.08422118839041953,0.21231008179391342,0.09523809523809523,0.11594202898550725,2.2995169082125604,0.10709190951701651,0.11976047904191617,0.2898550724637681,2.891608088171483,0.2767475035663338,0.10778443113772455,0.5217391304347826,2.602447279354335,0.5111065824332586,2.52543785997313,0.04141656662665066,ok,xgboost_hpo_trial_181,val,3,85,below_strong
182,0.10399659632144803,0.023544196083253553,9,18,0.6803816196475448,0.6113328107841245,5.6116417958003045e-06,3.1144955157899856e-06,0.04735198770764296,1666.0,0.04141656662665066,0.7554608731952119,0.04630702715254744,0.08447382545896939,0.21231240166119913,0.13095238095238096,0.15942028985507245,3.161835748792271,0.1549826778072142,0.12574850299401197,0.30434782608695654,3.0361884925800573,0.3068066028123089,0.11077844311377245,0.5362318840579711,2.6747374815586222,0.540146729162421,2.510990282196122,0.04141656662665066,ok,xgboost_hpo_trial_182,val,3,85,below_strong
183,0.10470751362394559,0.023333586593890857,9,17,0.6976544594427573,0.6136457708847942,1.962393668533628e-06,4.283098634019578e-06,0.02882686038913689,1666.0,0.04141656662665066,0.7628932872324012,0.04630639466360602,0.08453570370699892,0.21230789141234951,0.14285714285714285,0.17391304347826086,3.449275362318841,0.197676788261667,0.12574850299401197,0.30434782608695654,3.0361884925800573,0.31281842266150395,0.11077844311377245,0.5362318840579711,2.6747374815586222,0.5488078255553291,2.5281553289491794,0.04141656662665066,ok,xgboost_hpo_trial_183,val,3,85,below_strong
184,0.10457449401796466,0.024297581638551873,9,17,0.6946649241093485,0.5965514859524805,2.077224438279682e-06,3.91883984584372e-06,0.028722490857849472,1666.0,0.04141656662665066,0.76160010163985,0.04628307325785757,0.08451560635616084,0.21218938562571887,0.11904761904761904,0.14492753623188406,2.8743961352657004,0.1329733034440595,0.12574850299401197,0.30434782608695654,3.0361884925800573,0.29712655390258813,0.10179640718562874,0.4927536231884058,2.457866874945761,0.49327491338903606,2.524943580201872,0.04141656662665066,ok,xgboost_hpo_trial_184,val,3,85,below_strong
185,0.1046983174217973,0.02406680365093058,9,17,0.6982197271267772,0.5829100577135496,2.077815117985598e-06,3.1961116790020124e-06,0.03311388099399541,1666.0,0.04141656662665066,0.7627208624867278,0.04630264188740957,0.08460536600053667,0.21228624424441306,0.14285714285714285,0.17391304347826086,3.449275362318841,0.197676788261667,0.12574850299401197,0.30434782608695654,3.0361884925800573,0.31281842266150395,0.11077844311377245,0.5362318840579711,2.6747374815586222,0.5488078255553291,2.5279332873147005,0.04141656662665066,ok,xgboost_hpo_trial_185,val,3,85,below_strong
186,0.1046983174217973,0.02337460448414249,9,17,0.6987534832804507,0.5886540734819268,2.343050458852203e-06,4.121949503597548e-06,0.03453864793549679,1666.0,0.04141656662665066,0.7627208624867279,0.04630448777383253,0.0845298753047333,0.21229872727210575,0.14285714285714285,0.17391304347826086,3.449275362318841,0.197676788261667,0.12574850299401197,0.30434782608695654,3.0361884925800573,0.31281842266150395,0.11077844311377245,0.5362318840579711,2.6747374815586222,0.5488078255553291,2.5279332873147005,0.04141656662665066,ok,xgboost_hpo_trial_186,val,3,85,below_strong
187,0.09888280503096601,0.02404097358886494,9,17,0.7036699702937341,0.5867994299696607,2.075482487265557e-06,3.89016718300527e-06,0.03802563387981229,1666.0,0.04141656662665066,0.7513181418057409,0.04644870953508016,0.08287177520210431,0.21301824533567204,0.08333333333333333,0.10144927536231885,2.0120772946859904,0.12125534950071326,0.11377245508982035,0.2753623188405797,2.747027683762909,0.3377827593234155,0.11377245508982035,0.5507246376811594,2.747027683762909,0.5871204401874872,2.3875181620520203,0.04141656662665066,ok,xgboost_hpo_trial_187,val,0,85,below_strong
188,0.09888280503096601,0.026912506934442887,9,17,0.7016735851634156,0.6024108678415082,2.001015940211766e-06,4.141533476152565e-06,0.07995249229032156,1666.0,0.04141656662665066,0.7513181418057409,0.04645170815687778,0.0829686203441557,0.21302956348884663,0.08333333333333333,0.10144927536231885,2.0120772946859904,0.12125534950071326,0.11377245508982035,0.2753623188405797,2.747027683762909,0.3377827593234155,0.11377245508982035,0.5507246376811594,2.747027683762909,0.5871204401874872,2.3875181620520203,0.04141656662665066,ok,xgboost_hpo_trial_188,val,0,85,below_strong
189,0.10457449401796466,0.022574992229405875,9,17,0.6945397936064742,0.5762972308316417,4.198320705933605e-06,3.2186114434860733e-06,0.029415439701631244,1666.0,0.04141656662665066,0.76160010163985,0.04629078203890939,0.08434823443408773,0.21223546968315493,0.11904761904761904,0.14492753623188406,2.8743961352657004,0.1329733034440595,0.12574850299401197,0.30434782608695654,3.0361884925800573,0.29712655390258813,0.10179640718562874,0.4927536231884058,2.457866874945761,0.49327491338903606,2.524943580201872,0.04141656662665066,ok,xgboost_hpo_trial_189,val,3,85,below_strong
190,0.08421783460481407,0.022457402440700602,9,17,0.6959459420345548,0.5568791663473391,3.713485181955851e-06,5.677213352571867e-06,0.026705675251274055,1666.0,0.04141656662665066,0.7196963509478823,0.04615927130820363,0.08328275912467029,0.21146165402707956,0.07142857142857142,0.08695652173913043,1.7246376811594204,0.0708171999184838,0.07784431137724551,0.18840579710144928,1.8795452573114642,0.16507030772366008,0.09880239520958084,0.4782608695652174,2.385576672741474,0.4494599551660893,2.0334335137915978,0.04141656662665066,ok,xgboost_hpo_trial_190,val,10,85,below_strong
191,0.1040699885873862,0.02546688421143183,9,17,0.6900257485710188,0.5819623544374857,5.917376345941311e-06,3.3704475007448874e-06,0.0633742511052787,1666.0,0.04141656662665066,0.7617997513453668,0.04631398354830478,0.08515283643376498,0.21231330169870116,0.14285714285714285,0.17391304347826086,3.449275362318841,0.19258202567760344,0.16167664670658682,0.391304347826087,3.9036709190315024,0.3770124312207051,0.1317365269461078,0.6376811594202898,3.180768896988632,0.6597717546362339,2.512762333138919,0.04141656662665066,ok,xgboost_hpo_trial_191,val,3,85,below_strong
192,0.1040699885873862,0.025762897035555923,9,17,0.6910798537867026,0.5777881372245391,2.339933599875083e-06,9.244919168627984e-06,0.027660255061562746,1666.0,0.04141656662665066,0.7617997513453668,0.04631268178001674,0.08517649838653932,0.21230519967521125,0.14285714285714285,0.17391304347826086,3.449275362318841,0.19258202567760344,0.16167664670658682,0.391304347826087,3.9036709190315024,0.3770124312207051,0.1317365269461078,0.6376811594202898,3.180768896988632,0.6597717546362339,2.512762333138919,0.04141656662665066,ok,xgboost_hpo_trial_192,val,3,85,below_strong
193,0.05076493312146862,0.023712141620857677,9,16,0.7068254461217932,0.5858831431219262,3.6351652418749714e-06,3.524162124954428e-06,0.13130071641763744,1666.0,0.04141656662665066,0.5320165527755846,0.046665831099224474,0.08341714108333725,0.21401467134910843,0.023809523809523808,0.028985507246376812,0.5748792270531401,0.04075810067250866,0.017964071856287425,0.043478260869565216,0.4337412132257225,0.05094762584063583,0.05089820359281437,0.2463768115942029,1.2289334374728804,0.17933564295903812,1.2257156315995177,0.04141656662665066,ok,xgboost_hpo_trial_193,val,0,85,below_strong
194,0.10457449401796466,0.027759843943898493,9,17,0.6954775908969962,0.5672335194029615,6.1280145322118745e-06,5.106070815930815e-06,0.05983924538804868,1666.0,0.04141656662665066,0.76160010163985,0.04626937000754457,0.08485118673146128,0.2121023671681876,0.11904761904761904,0.14492753623188406,2.8743961352657004,0.1329733034440595,0.11976047904191617,0.2898550724637681,2.891608088171483,0.2767475035663338,0.10479041916167664,0.5072463768115942,2.5301570771500477,0.5223150601181985,2.524943580201872,0.04141656662665066,ok,xgboost_hpo_trial_194,val,3,85,below_strong
195,0.04155774858463507,0.02909946229792812,9,17,0.6753314028952803,0.5671231957469659,2.686524266729194e-06,5.479609132761886e-06,0.10930036409060151,1666.0,0.04141656662665066,0.41453177606563024,0.04652004889513422,0.08202008774676242,0.21334098086690897,0.023809523809523808,0.028985507246376812,0.5748792270531401,0.04075810067250866,0.011976047904191617,0.028985507246376812,0.28916080881714834,0.04075810067250866,0.020958083832335328,0.10144927536231885,0.5060314154300095,0.08151620134501732,1.003408828144957,0.04141656662665066,ok,xgboost_hpo_trial_195,val,0,85,below_strong
196,0.0731462459963904,0.02210140706643668,9,16,0.6989458992511136,0.5471891118292015,1.5009363016886456e-06,1.6555890639947016e-06,0.03182696415548393,1666.0,0.04141656662665066,0.6186690624631329,0.046490296120647465,0.0836283527314663,0.21305904304474566,0.05952380952380952,0.07246376811594203,1.4371980676328502,0.08864886896270634,0.0658682634730539,0.15942028985507245,1.590384448494316,0.14642347666598737,0.08083832335329341,0.391304347826087,1.9518354595157512,0.342469940900754,1.766110809130238,0.04141656662665066,ok,xgboost_hpo_trial_196,val,9,85,below_strong
197,0.03768893762772116,0.027676844979673043,9,17,0.6763460028887559,0.6212751582566971,7.673246186770441e-05,2.690768925079639e-06,0.018590054117250145,1666.0,0.04141656662665066,0.33081502454783884,0.04651930285418191,0.08203826990931118,0.2133393838246825,0.023809523809523808,0.028985507246376812,0.5748792270531401,0.04075810067250866,0.011976047904191617,0.028985507246376812,0.28916080881714834,0.04075810067250866,0.020958083832335328,0.10144927536231885,0.5060314154300095,0.08253515386183004,0.9099966679388907,0.04141656662665066,ok,xgboost_hpo_trial_197,val,0,85,below_strong
198,0.06932398712352586,0.03188056150318121,9,16,0.714297801948071,0.5944657568238438,2.2580076340349146e-05,8.996217178646977e-06,0.021483113989180062,1666.0,0.04141656662665066,0.5864573974753388,0.046914215103196086,0.08525495539729049,0.21403181136962293,0.08333333333333333,0.10144927536231885,2.0120772946859904,0.08813939270429998,0.08383233532934131,0.2028985507246377,2.024125661720038,0.17475035663338087,0.0658682634730539,0.3188405797101449,1.590384448494316,0.3193397187691054,1.6738226456202043,0.04141656662665066,ok,xgboost_hpo_trial_198,val,15,85,below_strong
199,0.09888280503096601,0.024528774963368544,9,17,0.7071796513247726,0.5987677605137055,7.632471357648325e-07,4.705564552411401e-06,0.06232708286486852,1666.0,0.04141656662665066,0.7513181418057409,0.046448685017708304,0.08288585027905646,0.21301774152177025,0.08333333333333333,0.10144927536231885,2.0120772946859904,0.12125534950071326,0.11377245508982035,0.2753623188405797,2.747027683762909,0.3377827593234155,0.11377245508982035,0.5507246376811594,2.747027683762909,0.5871204401874872,2.3875181620520203,0.04141656662665066,ok,xgboost_hpo_trial_199,val,0,85,below_strong
